dtxsid,aeid,hitc_clean,active
DTXSID0020020,803,0.0,0.0
DTXSID0020022,803,0.0,0.0
DTXSID0020024,803,0.0,0.0
DTXSID0020070,803,0.0,0.0
DTXSID0020072,803,0.0,0.0
DTXSID0020074,803,0.0,0.0
DTXSID0020076,803,0.0,0.0
DTXSID0020101,803,0.0,0.0
DTXSID0020103,803,0.0,0.0
DTXSID0020105,803,1.932886159793134e-05,0.0
DTXSID0020107,803,0.0,0.0
DTXSID0020151,803,0.0,0.0
DTXSID0020153,803,0.0,0.0
DTXSID0020155,803,0.0,0.0
DTXSID0020157,803,0.0,0.0
DTXSID0020232,803,0.0,0.0
DTXSID0020236,803,0.0,0.0
DTXSID0020238,803,0.0,0.0
DTXSID0020280,803,0.0,0.0
DTXSID0020282,803,0.0,0.0
DTXSID0020284,803,0.0,0.0
DTXSID0020286,803,0.0,0.0
DTXSID0020288,803,0.0,0.0
DTXSID0020311,803,0.0,0.0
DTXSID0020315,803,0.0,0.0
DTXSID0020319,803,0.0,0.0
DTXSID0020361,803,0.0,0.0
DTXSID0020363,803,0.0,0.0
DTXSID0020365,803,0.0,0.0
DTXSID0020367,803,0.0,0.0
DTXSID0020369,803,0.0,0.0
DTXSID0020440,803,0.0,0.0
DTXSID0020442,803,0.0,0.0
DTXSID0020444,803,0.0,0.0
DTXSID0020446,803,0.0,0.0
DTXSID0020448,803,0.0,0.0
DTXSID0020494,803,0.0,0.0
DTXSID0020498,803,0.0,0.0
DTXSID0020523,803,0.0,0.0
DTXSID0020527,803,0.0,0.0
DTXSID0020529,803,0.0,0.0
DTXSID0020573,803,0.0,0.0
DTXSID0020575,803,0.0,0.0
DTXSID0020577,803,0.0,0.0
DTXSID0020602,803,0.0,0.0
DTXSID0020604,803,0.0,0.0
DTXSID0020606,803,0.0,0.0
DTXSID0020650,803,0.0,0.0
DTXSID0020652,803,0.0,0.0
DTXSID0020654,803,0.0,0.0
DTXSID0020656,803,0.0,0.0
DTXSID0020733,803,0.0,0.0
DTXSID0020737,803,0.0,0.0
DTXSID0020789,803,0.0,0.0
DTXSID0020810,803,0.0,0.0
DTXSID0020814,803,0.0,0.0
DTXSID0020818,803,1.968107871348976e-14,0.0
DTXSID0020862,803,0.0,0.0
DTXSID0020868,803,0.0,0.0
DTXSID0020941,803,0.0,0.0
DTXSID0020943,803,0.0,0.0
DTXSID0021040,803,0.0,0.0
DTXSID0021094,803,0.0,0.0
DTXSID0021096,803,0.0,0.0
DTXSID0021121,803,0.0,0.0
DTXSID0021123,803,2.819646865114924e-17,0.0
DTXSID0021125,803,0.0,0.0
DTXSID0021127,803,0.0,0.0
DTXSID0021129,803,0.0,0.0
DTXSID0021175,803,0.0,0.0
DTXSID0021179,803,0.0,0.0
DTXSID0021206,803,0.0,0.0
DTXSID0021254,803,0.0,0.0
DTXSID0021256,803,0.0,0.0
DTXSID0021258,803,0.0,0.0
DTXSID0021331,803,0.0,0.0
DTXSID0021333,803,0.0,0.0
DTXSID0021337,803,0.0,0.0
DTXSID0021339,803,0.0,0.0
DTXSID0021381,803,0.0,0.0
DTXSID0021383,803,0.0,0.0
DTXSID0021385,803,0.0,0.0
DTXSID0021387,803,0.0,0.0
DTXSID0021389,803,0.0,0.0
DTXSID0021410,803,0.0,0.0
DTXSID0021414,803,0.0,0.0
DTXSID0021418,803,0.0,0.0
DTXSID0021460,803,0.0,0.0
DTXSID0021462,803,0.0,0.0
DTXSID0021464,803,0.0,0.0
DTXSID0021543,803,0.0,0.0
DTXSID0021545,803,0.0,0.0
DTXSID0021547,803,0.0,0.0
DTXSID0021597,803,0.0,0.0
DTXSID0021599,803,0.0,0.0
DTXSID0021620,803,0.0,0.0
DTXSID0021626,803,0.0,0.0
DTXSID0021672,803,0.0,0.0
DTXSID0021709,803,0.0,0.0
DTXSID0021751,803,0.0,0.0
DTXSID0021757,803,0.0,0.0
DTXSID0021759,803,0.0,0.0
DTXSID0021832,803,0.0,0.0
DTXSID0021834,803,0.0,0.0
DTXSID0021886,803,0.0,0.0
DTXSID0021888,803,0.0,0.0
DTXSID0021915,803,0.0,0.0
DTXSID0021917,803,0.0,0.0
DTXSID0021961,803,0.0,0.0
DTXSID0021965,803,1.6924789043634532e-07,0.0
DTXSID0021969,803,0.0,0.0
DTXSID0022010,803,0.0,0.0
DTXSID0022014,803,0.0,0.0
DTXSID0022016,803,0.0,0.0
DTXSID0022018,803,0.0,0.0
DTXSID0022060,803,0.0,0.0
DTXSID0022062,803,0.0,0.0
DTXSID0022191,803,0.0,0.0
DTXSID0022193,803,0.0,0.0
DTXSID0022220,803,0.0,0.0
DTXSID0022301,803,0.0,0.0
DTXSID0022305,803,0.0,0.0
DTXSID0022307,803,0.0,0.0
DTXSID0022353,803,0.0,0.0
DTXSID0022432,803,0.0,0.0
DTXSID0022436,803,0.0,0.0
DTXSID0022480,803,0.0,0.0
DTXSID0022519,803,0.0,0.0
DTXSID0022563,803,0.0,0.0
DTXSID0022565,803,0.0,0.0
DTXSID0022569,803,0.0,0.0
DTXSID0022640,803,0.0,0.0
DTXSID0022644,803,0.0,0.0
DTXSID0022690,803,0.0,0.0
DTXSID0022692,803,0.0,0.0
DTXSID0022721,803,0.0,0.0
DTXSID0022725,803,0.0,0.0
DTXSID0022727,803,0.0,0.0
DTXSID0022777,803,0.0,0.0
DTXSID0022800,803,0.0,0.0
DTXSID0022808,803,0.0,0.0
DTXSID0022858,803,0.0,0.0
DTXSID0022933,803,0.0,0.0
DTXSID0022935,803,0.0,0.0
DTXSID0023030,803,0.0,0.0
DTXSID0023032,803,0.0,0.0
DTXSID0023036,803,0.0,0.0
DTXSID0023038,803,0.0,0.0
DTXSID0023084,803,0.0,0.0
DTXSID0023088,803,0.0,0.0
DTXSID0023113,803,0.0,0.0
DTXSID0023163,803,0.0,0.0
DTXSID0023169,803,0.0,0.0
DTXSID0023240,803,0.0,0.0
DTXSID0023244,803,0.0,0.0
DTXSID0023292,803,0.0,0.0
DTXSID0023294,803,0.0,0.0
DTXSID0023296,803,0.0,0.0
DTXSID0023298,803,0.0,0.0
DTXSID0023323,803,0.0,0.0
DTXSID0023325,803,0.0,0.0
DTXSID0023329,803,0.0,0.0
DTXSID0023371,803,0.0,0.0
DTXSID0023373,803,0.0,0.0
DTXSID0023377,803,0.0,0.0
DTXSID0023458,803,0.0,0.0
DTXSID0023533,803,0.0,0.0
DTXSID0023581,803,0.0,0.0
DTXSID0023587,803,0.0,0.0
DTXSID0023589,803,0.0,0.0
DTXSID0023612,803,0.0,0.0
DTXSID0023616,803,0.0,0.0
DTXSID0023618,803,0.0,0.0
DTXSID0023660,803,0.0,0.0
DTXSID0023743,803,0.0,0.0
DTXSID0023745,803,0.0,0.0
DTXSID0023747,803,0.0,0.0
DTXSID0023749,803,0.0,0.0
DTXSID0023826,803,0.0,0.0
DTXSID0023870,803,0.0,0.0
DTXSID0023878,803,0.0,0.0
DTXSID0023901,803,0.0,0.0
DTXSID0023907,803,0.0,0.0
DTXSID0023909,803,0.0,0.0
DTXSID0023951,803,0.0,0.0
DTXSID0024000,803,0.0,0.0
DTXSID0024002,803,0.0,0.0
DTXSID0024052,803,0.0,0.0
DTXSID0024183,803,0.0,0.0
DTXSID0024185,803,0.0,0.0
DTXSID0024216,803,0.0,0.0
DTXSID0024266,803,0.0,0.0
DTXSID0024341,803,0.0,0.0
DTXSID0024345,803,0.0,0.0
DTXSID0024395,803,0.0,0.0
DTXSID0024397,803,0.0,0.0
DTXSID0024399,803,0.0,0.0
DTXSID0024470,803,0.0,0.0
DTXSID0024474,803,0.0,0.0
DTXSID0024478,803,0.0,0.0
DTXSID0024501,803,0.0,0.0
DTXSID0024503,803,0.0,0.0
DTXSID0024505,803,0.0,0.0
DTXSID0024507,803,0.0,0.0
DTXSID0024509,803,0.0,0.0
DTXSID0024553,803,0.0,0.0
DTXSID0024555,803,0.0,0.0
DTXSID0024559,803,0.0,0.0
DTXSID0024638,803,0.0,0.0
DTXSID0024715,803,0.0,0.0
DTXSID0024761,803,0.0,0.0
DTXSID0024840,803,0.0,0.0
DTXSID0024890,803,0.0,0.0
DTXSID0024896,803,0.0,0.0
DTXSID0024921,803,0.0,0.0
DTXSID0024923,803,0.0,0.0
DTXSID0024971,803,0.0,0.0
DTXSID0024977,803,0.0,0.0
DTXSID0024979,803,0.0,0.0
DTXSID0025070,803,0.0,0.0
DTXSID0025074,803,0.0,0.0
DTXSID0025076,803,0.0,0.0
DTXSID0025078,803,0.0,0.0
DTXSID0025101,803,0.0,0.0
DTXSID0025234,803,0.0,0.0
DTXSID0025286,803,0.0,0.0
DTXSID0025315,803,0.0,0.0
DTXSID0025361,803,0.0,0.0
DTXSID0025363,803,0.0,0.0
DTXSID0025367,803,0.0,0.0
DTXSID0025440,803,0.0,0.0
DTXSID0025492,803,0.0,0.0
DTXSID0025494,803,0.0,0.0
DTXSID0025523,803,0.9705164353482136,1.0
DTXSID0025527,803,0.0,0.0
DTXSID0025571,803,0.0,0.0
DTXSID0025577,803,0.0,0.0
DTXSID0025600,803,0.0,0.0
DTXSID0025604,803,0.0,0.0
DTXSID0025654,803,0.0,0.0
DTXSID0025733,803,0.0,0.0
DTXSID0025737,803,0.0,0.0
DTXSID0025789,803,0.0,0.0
DTXSID0025812,803,0.0,0.0
DTXSID0025814,803,0.0,0.0
DTXSID0025816,803,0.0,0.0
DTXSID0025818,803,0.0,0.0
DTXSID0025862,803,0.0,0.0
DTXSID0025864,803,0.0,0.0
DTXSID0025866,803,0.0,0.0
DTXSID0025991,803,0.0,0.0
DTXSID0025997,803,0.0,0.0
DTXSID0026040,803,0.0,0.0
DTXSID0026044,803,0.0,0.0
DTXSID0026098,803,0.0,0.0
DTXSID0026125,803,0.0,0.0
DTXSID0026171,803,0.0,0.0
DTXSID0026173,803,0.0,0.0
DTXSID0026175,803,0.0,0.0
DTXSID0026202,803,0.0,0.0
DTXSID0026204,803,0.0,0.0
DTXSID0026208,803,0.0,0.0
DTXSID0026252,803,0.0,0.0
DTXSID0026258,803,0.0,0.0
DTXSID0026339,803,0.0,0.0
DTXSID0026418,803,0.0,0.0
DTXSID0026547,803,0.0,0.0
DTXSID0026549,803,0.0,0.0
DTXSID0026676,803,0.0,0.0
DTXSID0026701,803,0.0,0.0
DTXSID0026830,803,0.0,0.0
DTXSID0026838,803,0.0,0.0
DTXSID0026880,803,0.0,0.0
DTXSID0026882,803,0.0,0.0
DTXSID0026888,803,0.0,0.0
DTXSID0026913,803,0.0,0.0
DTXSID0026915,803,0.0,0.0
DTXSID0026961,803,0.0,0.0
DTXSID0026967,803,0.0,0.0
DTXSID0027014,803,1.9033510385595917e-09,0.0
DTXSID0027066,803,0.0,0.0
DTXSID0027143,803,0.0,0.0
DTXSID0027149,803,0.0,0.0
DTXSID0027191,803,0.0,0.0
DTXSID0027195,803,0.0,0.0
DTXSID0027197,803,0.0,0.0
DTXSID0027222,803,0.0,0.0
DTXSID0027228,803,0.0,0.0
DTXSID0027270,803,0.0,0.0
DTXSID0027301,803,0.0,0.0
DTXSID0027309,803,0.0,0.0
DTXSID0027432,803,0.0,0.0
DTXSID0027436,803,0.0,0.0
DTXSID0027438,803,0.0,0.0
DTXSID0027486,803,0.0,0.0
DTXSID0027513,803,0.0,0.0
DTXSID0027515,803,0.0,0.0
DTXSID0027561,803,0.0,0.0
DTXSID0027565,803,0.0,0.0
DTXSID0027567,803,0.0,0.0
DTXSID0027640,803,0.0,0.0
DTXSID0027721,803,0.0,0.0
DTXSID0027729,803,0.0,0.0
DTXSID0027771,803,0.0,0.0
DTXSID0027773,803,0.0,0.0
DTXSID0027802,803,0.0,0.0
DTXSID0027804,803,0.0,0.0
DTXSID0027806,803,0.0,0.0
DTXSID0027852,803,0.0,0.0
DTXSID0027856,803,0.0,0.0
DTXSID0027858,803,0.0,0.0
DTXSID0027933,803,0.0,0.0
DTXSID0027981,803,0.0,0.0
DTXSID0027983,803,0.0,0.0
DTXSID0028030,803,0.0,0.0
DTXSID0028038,803,0.0,0.0
DTXSID0028666,803,4.392167592098341e-14,0.0
DTXSID0029133,803,0.0,0.0
DTXSID0029187,803,0.0,0.0
DTXSID0029189,803,0.0,0.0
DTXSID0029210,803,0.0,0.0
DTXSID0029214,803,0.0,0.0
DTXSID0029218,803,0.0,0.0
DTXSID0029260,803,0.0,0.0
DTXSID0029262,803,0.0,0.0
DTXSID0029474,803,0.0,0.0
DTXSID0029559,803,0.0,0.0
DTXSID0029688,803,0.0,0.0
DTXSID0029761,803,0.0,0.0
DTXSID0029848,803,0.0,0.0
DTXSID0030162,803,0.0,0.0
DTXSID0030588,803,0.0,0.0
DTXSID0032029,803,0.0,0.0
DTXSID0032077,803,0.0,0.0
DTXSID0032316,803,0.0,0.0
DTXSID0032493,803,0.0,0.0
DTXSID0032497,803,0.0,0.0
DTXSID0032520,803,0.0,0.0
DTXSID0032572,803,0.0,0.0
DTXSID0032578,803,0.0,0.0
DTXSID0032601,803,0.0,0.0
DTXSID0032605,803,0.0,0.0
DTXSID0032651,803,0.0,0.0
DTXSID0032655,803,0.0,0.0
DTXSID0032811,803,0.0,0.0
DTXSID0032813,803,0.0,0.0
DTXSID0032869,803,0.0,0.0
DTXSID0032998,803,0.0,0.0
DTXSID0033047,803,0.0,0.0
DTXSID0033332,803,0.0,0.0
DTXSID0033334,803,0.0,0.0
DTXSID0033382,803,0.0,0.0
DTXSID0033469,803,0.0,0.0
DTXSID0033673,803,0.0,0.0
DTXSID0033754,803,0.0,0.0
DTXSID0033960,803,0.0,0.0
DTXSID0034192,803,0.0,0.0
DTXSID0034223,803,0.0,0.0
DTXSID0034227,803,0.0,0.0
DTXSID0034229,803,0.0,0.0
DTXSID0034300,803,0.0,0.0
DTXSID0034518,803,0.0,0.0
DTXSID0034566,803,0.0,0.0
DTXSID0034695,803,0.0,0.0
DTXSID0034722,803,0.0,0.0
DTXSID0034776,803,0.0,0.0
DTXSID0034803,803,0.0,0.0
DTXSID0034855,803,0.0,0.0
DTXSID0034930,803,0.0,0.0
DTXSID0034936,803,0.0,0.0
DTXSID0035160,803,0.0,0.0
DTXSID0035748,803,0.0,0.0
DTXSID0036508,803,0.0,0.0
DTXSID0036760,803,0.0,0.0
DTXSID0037023,803,4.2818509527394393e-05,0.0
DTXSID0037231,803,0.0,0.0
DTXSID0037235,803,0.0,0.0
DTXSID0037237,803,0.0,0.0
DTXSID0037493,803,0.0,0.0
DTXSID0037495,803,9.048107184443181e-14,0.0
DTXSID0037522,803,0.0,0.0
DTXSID0037570,803,0.0,0.0
DTXSID0037576,803,0.0,0.0
DTXSID0037730,803,0.0,0.0
DTXSID0037734,803,0.0,0.0
DTXSID0038700,803,0.0,0.0
DTXSID0038756,803,0.0,0.0
DTXSID0038831,803,0.0,0.0
DTXSID0038881,803,0.0,0.0
DTXSID0038887,803,0.0,0.0
DTXSID0039223,803,0.0,0.0
DTXSID0039227,803,0.0,0.0
DTXSID0039229,803,0.0,0.0
DTXSID0040127,803,0.0,0.0
DTXSID0040129,803,0.0,0.0
DTXSID0040208,803,0.0,0.0
DTXSID0040464,803,0.0,0.0
DTXSID0040547,803,0.0,0.0
DTXSID0040599,803,0.0,0.0
DTXSID0040620,803,0.0,0.0
DTXSID0040622,803,0.0,0.0
DTXSID0040672,803,0.0,0.0
DTXSID0040674,803,0.0,0.0
DTXSID0040676,803,0.0,0.0
DTXSID0040678,803,0.0,0.0
DTXSID0040701,803,0.0,0.0
DTXSID0040703,803,0.0,0.0
DTXSID0040705,803,0.0,0.0
DTXSID0040707,803,0.0,0.0
DTXSID0040751,803,0.0,0.0
DTXSID0040757,803,0.0,0.0
DTXSID0040965,803,0.0,0.0
DTXSID0041141,803,0.0,0.0
DTXSID0041197,803,0.0,0.0
DTXSID0041220,803,0.0,0.0
DTXSID0041224,803,0.0,0.0
DTXSID0041270,803,0.0,0.0
DTXSID0041274,803,0.0,0.0
DTXSID0041357,803,0.0,0.0
DTXSID0041359,803,0.0,0.0
DTXSID0041436,803,0.0,0.0
DTXSID0041484,803,0.0,0.0
DTXSID0041513,803,0.0,0.0
DTXSID0041517,803,0.0,0.0
DTXSID0041519,803,0.0,0.0
DTXSID0041567,803,0.0,0.0
DTXSID0041646,803,0.0,0.0
DTXSID0041692,803,0.0,0.0
DTXSID0041698,803,0.0,0.0
DTXSID0041721,803,0.0,0.0
DTXSID0041850,803,0.0,0.0
DTXSID0041852,803,0.0,0.0
DTXSID0041981,803,0.0,0.0
DTXSID0041983,803,0.0,0.0
DTXSID0041985,803,0.0,0.0
DTXSID0041987,803,0.0,0.0
DTXSID0042038,803,0.0,0.0
DTXSID0042080,803,0.0,0.0
DTXSID0042084,803,0.0,0.0
DTXSID0042086,803,0.0,0.0
DTXSID0042117,803,0.0,0.0
DTXSID0042167,803,0.0,0.0
DTXSID0042169,803,0.0,0.0
DTXSID0042242,803,0.0,0.0
DTXSID0042244,803,0.0,0.0
DTXSID0042248,803,0.0,0.0
DTXSID0042325,803,0.0,0.0
DTXSID0042327,803,0.0,0.0
DTXSID0042379,803,0.0,0.0
DTXSID0042400,803,0.0,0.0
DTXSID0042406,803,0.0,0.0
DTXSID0042454,803,0.0,0.0
DTXSID0042583,803,0.0,0.0
DTXSID0042612,803,0.0,0.0
DTXSID0042614,803,0.0,0.0
DTXSID0042618,803,0.0,0.0
DTXSID0042668,803,0.0,0.0
DTXSID0043761,803,0.0,0.0
DTXSID0043763,803,0.0,0.0
DTXSID0043765,803,0.0,0.0
DTXSID0043892,803,0.0,0.0
DTXSID0043896,803,0.0,0.0
DTXSID0044024,803,0.0,0.0
DTXSID0044107,803,0.0,0.0
DTXSID0044236,803,0.0,0.0
DTXSID0044280,803,0.0,0.0
DTXSID0044288,803,0.0,0.0
DTXSID0044313,803,0.0,0.0
DTXSID0044315,803,0.0,0.0
DTXSID0044317,803,0.0,0.0
DTXSID0044361,803,0.0,0.0
DTXSID0044363,803,0.0,0.0
DTXSID0044365,803,0.0,0.0
DTXSID0044367,803,0.0,0.0
DTXSID0044369,803,0.0,0.0
DTXSID0044440,803,0.0,0.0
DTXSID0044446,803,0.0,0.0
DTXSID0044448,803,0.0,0.0
DTXSID0044490,803,0.0,0.0
DTXSID0044494,803,0.0,0.0
DTXSID0044496,803,0.0,0.0
DTXSID0044498,803,0.0,0.0
DTXSID0044521,803,0.0,0.0
DTXSID0044523,803,0.0,0.0
DTXSID0044525,803,,
DTXSID0044527,803,0.0,0.0
DTXSID0044571,803,0.0,0.0
DTXSID0044573,803,0.0,0.0
DTXSID0044575,803,0.0,0.0
DTXSID0044577,803,0.0,0.0
DTXSID0044600,803,0.0,0.0
DTXSID0044604,803,0.0,0.0
DTXSID0044606,803,0.0,0.0
DTXSID0044650,803,0.0,0.0
DTXSID0044654,803,0.0,0.0
DTXSID0044656,803,0.0,0.0
DTXSID0044658,803,0.0,0.0
DTXSID0044731,803,0.0,0.0
DTXSID0044733,803,0.0,0.0
DTXSID0044735,803,0.0,0.0
DTXSID0044737,803,0.0,0.0
DTXSID0044781,803,0.0,0.0
DTXSID0044783,803,0.0,0.0
DTXSID0044785,803,0.0,0.0
DTXSID0044787,803,0.0,0.0
DTXSID0044810,803,0.0,0.0
DTXSID0044812,803,0.0,0.0
DTXSID0044816,803,1.5775677363024675e-13,0.0
DTXSID0044818,803,0.0,0.0
DTXSID0044860,803,0.0,0.0
DTXSID0044862,803,0.0,0.0
DTXSID0044868,803,0.0,0.0
DTXSID0044941,803,0.0,0.0
DTXSID0044945,803,0.0,0.0
DTXSID0044947,803,0.0,0.0
DTXSID0044949,803,0.0,0.0
DTXSID0044993,803,0.0,0.0
DTXSID0044995,803,0.0,0.0
DTXSID0044997,803,0.0,0.0
DTXSID0044999,803,0.0,0.0
DTXSID0045090,803,0.0,0.0
DTXSID0045094,803,0.0,0.0
DTXSID0045096,803,0.0,0.0
DTXSID0045125,803,0.0,0.0
DTXSID0045127,803,0.0,0.0
DTXSID0045171,803,0.0,0.0
DTXSID0045173,803,0.0,0.0
DTXSID0045175,803,0.0,0.0
DTXSID0045179,803,0.0,0.0
DTXSID0045202,803,0.0,0.0
DTXSID0045204,803,0.0,0.0
DTXSID0045206,803,0.0,0.0
DTXSID0045208,803,0.0,0.0
DTXSID0045250,803,0.0,0.0
DTXSID0045252,803,0.0,0.0
DTXSID0045254,803,0.0,0.0
DTXSID0045383,803,0.0,0.0
DTXSID0045385,803,0.0,0.0
DTXSID0045389,803,0.0,0.0
DTXSID0045410,803,0.0,0.0
DTXSID0045412,803,0.0,0.0
DTXSID0045414,803,0.0,0.0
DTXSID0045416,803,0.0,0.0
DTXSID0045460,803,0.0,0.0
DTXSID0045462,803,0.0,0.0
DTXSID0045464,803,0.0,0.0
DTXSID0045466,803,0.0,0.0
DTXSID0045468,803,0.0,0.0
DTXSID0045543,803,0.0,0.0
DTXSID0045545,803,0.0,0.0
DTXSID0045547,803,0.0,0.0
DTXSID0045591,803,0.0,0.0
DTXSID0045595,803,0.0,0.0
DTXSID0045597,803,0.0,0.0
DTXSID0045599,803,0.0,0.0
DTXSID0045624,803,0.0,0.0
DTXSID0045626,803,0.9999999999999974,1.0
DTXSID0045670,803,0.0,0.0
DTXSID0045674,803,0.0,0.0
DTXSID0045676,803,0.0,0.0
DTXSID0045678,803,0.0,0.0
DTXSID0045701,803,0.0,0.0
DTXSID0045703,803,0.0,0.0
DTXSID0045705,803,0.0,0.0
DTXSID0045707,803,0.0,0.0
DTXSID0045709,803,0.0,0.0
DTXSID0045751,803,0.0,0.0
DTXSID0045753,803,0.0,0.0
DTXSID0045755,803,0.0,0.0
DTXSID0045757,803,0.0,0.0
DTXSID0045759,803,0.0,0.0
DTXSID0045830,803,0.0,0.0
DTXSID0045832,803,0.0,0.0
DTXSID0045836,803,0.0,0.0
DTXSID0045838,803,0.0,0.0
DTXSID0045880,803,0.0,0.0
DTXSID0045886,803,0.0,0.0
DTXSID0045888,803,0.0,0.0
DTXSID0045961,803,0.0,0.0
DTXSID0045963,803,0.0,0.0
DTXSID0045965,803,0.0,0.0
DTXSID0045967,803,0.0,0.0
DTXSID0045969,803,0.0,0.0
DTXSID0046010,803,0.0,0.0
DTXSID0046012,803,0.0,0.0
DTXSID0046016,803,0.0,0.0
DTXSID0046060,803,0.0,0.0
DTXSID0046062,803,0.0,0.0
DTXSID0046064,803,0.0,0.0
DTXSID0046066,803,0.0,0.0
DTXSID0046143,803,0.0,0.0
DTXSID0046145,803,0.0,0.0
DTXSID0046147,803,0.0,0.0
DTXSID0046191,803,0.0,0.0
DTXSID0046193,803,0.0,0.0
DTXSID0046195,803,0.0,0.0
DTXSID0046197,803,0.0,0.0
DTXSID0046199,803,0.0,0.0
DTXSID0046220,803,0.0,0.0
DTXSID0046222,803,0.0,0.0
DTXSID0046224,803,0.0,0.0
DTXSID0046226,803,0.0,0.0
DTXSID0046228,803,0.0,0.0
DTXSID0046270,803,0.0,0.0
DTXSID0046272,803,0.0,0.0
DTXSID0046274,803,0.0,0.0
DTXSID0046276,803,0.0,0.0
DTXSID0046305,803,0.0,0.0
DTXSID0046307,803,0.0,0.0
DTXSID0046309,803,0.0,0.0
DTXSID0046351,803,0.0,0.0
DTXSID0046353,803,0.0,0.0
DTXSID0046357,803,0.0,0.0
DTXSID0046430,803,0.0,0.0
DTXSID0046432,803,0.0,0.0
DTXSID0046434,803,0.0,0.0
DTXSID0046438,803,0.0,0.0
DTXSID0046480,803,0.0,0.0
DTXSID0046482,803,0.0,0.0
DTXSID0046484,803,0.0,0.0
DTXSID0046486,803,0.0,0.0
DTXSID0046488,803,0.0,0.0
DTXSID0046511,803,0.0,0.0
DTXSID0046513,803,0.0,0.0
DTXSID0046517,803,0.0,0.0
DTXSID0046561,803,0.0,0.0
DTXSID0046563,803,0.0,0.0
DTXSID0046565,803,0.0,0.0
DTXSID0046567,803,0.0,0.0
DTXSID0046569,803,0.0,0.0
DTXSID0046640,803,0.0,0.0
DTXSID0046642,803,0.0,0.0
DTXSID0046644,803,0.0,0.0
DTXSID0046646,803,0.0,0.0
DTXSID0046648,803,0.0,0.0
DTXSID0046690,803,0.0,0.0
DTXSID0046692,803,0.0,0.0
DTXSID0046694,803,0.0,0.0
DTXSID0046696,803,0.0,0.0
DTXSID0046698,803,0.0,0.0
DTXSID0046721,803,0.0,0.0
DTXSID0046723,803,0.0,0.0
DTXSID0046725,803,0.0,0.0
DTXSID0046727,803,0.0,0.0
DTXSID0046729,803,0.0,0.0
DTXSID0046773,803,0.0,0.0
DTXSID0046777,803,0.0,0.0
DTXSID0046779,803,0.0,0.0
DTXSID0046800,803,0.0,0.0
DTXSID0046804,803,0.0,0.0
DTXSID0046806,803,0.0,0.0
DTXSID0046808,803,0.0,0.0
DTXSID0046850,803,0.0,0.0
DTXSID0046852,803,0.0,0.0
DTXSID0046856,803,0.0,0.0
DTXSID0046858,803,0.0,0.0
DTXSID0046989,803,0.0,0.0
DTXSID0047030,803,0.0,0.0
DTXSID0047032,803,0.0,0.0
DTXSID0047034,803,0.0,0.0
DTXSID0047036,803,0.0,0.0
DTXSID0047038,803,0.0,0.0
DTXSID0047080,803,0.0,0.0
DTXSID0047082,803,0.0,0.0
DTXSID0047084,803,0.0,0.0
DTXSID0047086,803,0.0,0.0
DTXSID0047088,803,0.0,0.0
DTXSID0047111,803,0.0,0.0
DTXSID0047113,803,0.0,0.0
DTXSID0047115,803,0.0,0.0
DTXSID0047117,803,0.0,0.0
DTXSID0047161,803,0.0,0.0
DTXSID0047163,803,0.0,0.0
DTXSID0047165,803,0.0,0.0
DTXSID0047167,803,0.0,0.0
DTXSID0047169,803,0.0,0.0
DTXSID0047242,803,0.0,0.0
DTXSID0047244,803,0.0,0.0
DTXSID0047246,803,0.0,0.0
DTXSID0047248,803,0.0,0.0
DTXSID0047290,803,0.0,0.0
DTXSID0047292,803,0.0,0.0
DTXSID0047294,803,0.0,0.0
DTXSID0047296,803,0.0,0.0
DTXSID0047325,803,0.0,0.0
DTXSID0047327,803,0.0,0.0
DTXSID0047371,803,0.0,0.0
DTXSID0047375,803,0.0,0.0
DTXSID0047377,803,0.0,0.0
DTXSID0047379,803,0.0,0.0
DTXSID0047404,803,0.0,0.0
DTXSID0047406,803,0.0,0.0
DTXSID0047408,803,0.0,0.0
DTXSID0047450,803,0.0,0.0
DTXSID0047454,803,6.76881671735e-09,0.0
DTXSID0047456,803,0.0,0.0
DTXSID0047533,803,0.0,0.0
DTXSID0047535,803,0.0,0.0
DTXSID0047537,803,0.0,0.0
DTXSID0047539,803,0.0,0.0
DTXSID0047581,803,0.0,0.0
DTXSID0047585,803,0.0,0.0
DTXSID0047587,803,0.0,0.0
DTXSID0047589,803,0.0,0.0
DTXSID0047610,803,0.0,0.0
DTXSID0047614,803,0.0,0.0
DTXSID0047618,803,0.0,0.0
DTXSID0047660,803,0.0,0.0
DTXSID0047662,803,0.0,0.0
DTXSID0047741,803,0.0,0.0
DTXSID0047745,803,0.0,0.0
DTXSID0047797,803,0.0,0.0
DTXSID0047799,803,0.0,0.0
DTXSID0047820,803,0.0,0.0
DTXSID0047822,803,0.0,0.0
DTXSID0047828,803,0.0,0.0
DTXSID0047870,803,0.0,0.0
DTXSID0047872,803,0.0,0.0
DTXSID0047874,803,0.0,0.0
DTXSID0047876,803,0.0,0.0
DTXSID0047878,803,0.0,0.0
DTXSID0047901,803,0.0,0.0
DTXSID0047903,803,0.0,0.0
DTXSID0047905,803,0.0,0.0
DTXSID0047907,803,0.0,0.0
DTXSID0047909,803,0.0,0.0
DTXSID0047951,803,0.0,0.0
DTXSID0047953,803,0.0,0.0
DTXSID0047955,803,0.0,0.0
DTXSID0047957,803,0.0,0.0
DTXSID0047959,803,0.0,0.0
DTXSID0048181,803,0.0,0.0
DTXSID0048183,803,0.0,0.0
DTXSID0048185,803,0.0,0.0
DTXSID0048187,803,0.0,0.0
DTXSID0048189,803,0.0,0.0
DTXSID0048210,803,0.0,0.0
DTXSID0048349,803,0.0,0.0
DTXSID0048505,803,0.0,0.0
DTXSID0048507,803,0.0,0.0
DTXSID0048509,803,0.0,0.0
DTXSID0048630,803,0.0,0.0
DTXSID0048632,803,0.0,0.0
DTXSID0048634,803,0.0,0.0
DTXSID0048636,803,0.0,0.0
DTXSID0048638,803,0.0,0.0
DTXSID0048680,803,0.0,0.0
DTXSID0048682,803,0.0,0.0
DTXSID0048684,803,0.0,0.0
DTXSID0048686,803,0.0,0.0
DTXSID0048688,803,0.0,0.0
DTXSID0048711,803,0.0,0.0
DTXSID0048713,803,0.0,0.0
DTXSID0048715,803,0.0,0.0
DTXSID0048717,803,0.0,0.0
DTXSID0048719,803,0.0,0.0
DTXSID0048761,803,0.0,0.0
DTXSID0048763,803,0.0,0.0
DTXSID0048765,803,0.0,0.0
DTXSID0048767,803,0.0,0.0
DTXSID0048769,803,0.0,0.0
DTXSID0048840,803,0.0,0.0
DTXSID0048842,803,0.0,0.0
DTXSID0048844,803,0.0,0.0
DTXSID0048846,803,0.0,0.0
DTXSID0048848,803,0.0,0.0
DTXSID0048890,803,0.0,0.0
DTXSID0048892,803,0.0,0.0
DTXSID0048894,803,0.0,0.0
DTXSID0048896,803,0.0,0.0
DTXSID0048898,803,0.0,0.0
DTXSID0048921,803,0.0,0.0
DTXSID0048923,803,0.0,0.0
DTXSID0048925,803,0.0,0.0
DTXSID0048927,803,0.0,0.0
DTXSID0048929,803,0.0,0.0
DTXSID0048971,803,0.0,0.0
DTXSID0048973,803,0.0,0.0
DTXSID0048975,803,0.0,0.0
DTXSID0048977,803,0.0,0.0
DTXSID0048979,803,0.0,0.0
DTXSID0049020,803,0.0,0.0
DTXSID0049022,803,0.0,0.0
DTXSID0049024,803,0.0,0.0
DTXSID0049026,803,0.0,0.0
DTXSID0049028,803,0.0,0.0
DTXSID0049070,803,0.0,0.0
DTXSID0049072,803,0.0,0.0
DTXSID0049074,803,0.0,0.0
DTXSID0049076,803,0.0,0.0
DTXSID0049078,803,0.0,0.0
DTXSID0049230,803,0.0,0.0
DTXSID0049232,803,0.0,0.0
DTXSID0049234,803,1.1365580539196771e-13,0.0
DTXSID0049236,803,0.0,0.0
DTXSID0049238,803,0.0,0.0
DTXSID0049280,803,0.0,0.0
DTXSID0049282,803,0.0,0.0
DTXSID0049284,803,0.0,0.0
DTXSID0049286,803,0.0,0.0
DTXSID0049288,803,0.0,0.0
DTXSID0049311,803,0.0,0.0
DTXSID0049313,803,0.0,0.0
DTXSID0049315,803,0.0,0.0
DTXSID0049317,803,0.0,0.0
DTXSID0049319,803,0.0,0.0
DTXSID0049361,803,0.0,0.0
DTXSID0049363,803,0.0,0.0
DTXSID0049365,803,0.0,0.0
DTXSID0049367,803,0.0,0.0
DTXSID0049369,803,0.0,0.0
DTXSID0049446,803,0.0,0.0
DTXSID0049448,803,0.0,0.0
DTXSID0049490,803,0.0,0.0
DTXSID0049492,803,0.0,0.0
DTXSID0049494,803,0.0,0.0
DTXSID0049496,803,0.0,0.0
DTXSID0049498,803,0.0,0.0
DTXSID0049521,803,0.0,0.0
DTXSID0049523,803,0.0,0.0
DTXSID0049525,803,0.0,0.0
DTXSID0049527,803,0.0,0.0
DTXSID0049529,803,0.0,0.0
DTXSID0050423,803,0.0,0.0
DTXSID0050425,803,0.0,0.0
DTXSID1020015,803,0.0,0.0
DTXSID1020063,803,0.0,0.0
DTXSID1020069,803,0.0,0.0
DTXSID1020140,803,0.0,0.0
DTXSID1020142,803,0.0,0.0
DTXSID1020144,803,0.0,0.0
DTXSID1020146,803,0.0,0.0
DTXSID1020148,803,0.0,0.0
DTXSID1020190,803,0.0,0.0
DTXSID1020194,803,0.0,0.0
DTXSID1020198,803,0.0,0.0
DTXSID1020221,803,0.0,0.0
DTXSID1020223,803,0.0,0.0
DTXSID1020275,803,0.0,0.0
DTXSID1020279,803,0.0,0.0
DTXSID1020300,803,0.0,0.0
DTXSID1020306,803,0.0,0.0
DTXSID1020308,803,0.0,0.0
DTXSID1020350,803,0.0,0.0
DTXSID1020352,803,0.0,0.0
DTXSID1020354,803,0.0,0.0
DTXSID1020358,803,0.0,0.0
DTXSID1020431,803,0.0,0.0
DTXSID1020433,803,0.0,0.0
DTXSID1020437,803,0.0,0.0
DTXSID1020439,803,0.0,0.0
DTXSID1020483,803,0.0,0.0
DTXSID1020485,803,0.0,0.0
DTXSID1020510,803,0.0,0.0
DTXSID1020512,803,0.0,0.0
DTXSID1020516,803,0.0,0.0
DTXSID1020560,803,0.0,0.0
DTXSID1020562,803,2.4369959597725544e-20,0.0
DTXSID1020566,803,0.0,0.0
DTXSID1020647,803,0.0,0.0
DTXSID1020697,803,0.0,0.0
DTXSID1020699,803,0.0,0.0
DTXSID1020728,803,0.0,0.0
DTXSID1020770,803,0.0,0.0
DTXSID1020778,803,0.0,0.0
DTXSID1020803,803,0.0,0.0
DTXSID1020805,803,0.0,0.0
DTXSID1020807,803,0.0,0.0
DTXSID1020809,803,0.0,0.0
DTXSID1020855,803,0.0,0.0
DTXSID1020857,803,0.0,0.0
DTXSID1020859,803,0.0,0.0
DTXSID1020930,803,0.0,0.0
DTXSID1020932,803,0.0,0.0
DTXSID1020980,803,0.0,0.0
DTXSID1020982,803,0.0,0.0
DTXSID1020984,803,0.0,0.0
DTXSID1021031,803,0.0,0.0
DTXSID1021039,803,0.0,0.0
DTXSID1021081,803,0.0,0.0
DTXSID1021087,803,0.0,0.0
DTXSID1021089,803,0.0,0.0
DTXSID1021114,803,0.0,0.0
DTXSID1021116,803,0.0,0.0
DTXSID1021118,803,0.0,0.0
DTXSID1021160,803,0.0,0.0
DTXSID1021162,803,0.0,0.0
DTXSID1021164,803,0.0,0.0
DTXSID1021166,803,0.0,0.0
DTXSID1021168,803,0.0,0.0
DTXSID1021241,803,0.0,0.0
DTXSID1021243,803,0.0,0.0
DTXSID1021247,803,0.0,0.0
DTXSID1021291,803,0.0,0.0
DTXSID1021299,803,0.0,0.0
DTXSID1021320,803,0.0,0.0
DTXSID1021322,803,0.0,0.0
DTXSID1021328,803,0.0,0.0
DTXSID1021372,803,0.0,0.0
DTXSID1021374,803,0.0,0.0
DTXSID1021378,803,0.0,0.0
DTXSID1021403,803,0.0,0.0
DTXSID1021405,803,0.0,0.0
DTXSID1021409,803,0.0,0.0
DTXSID1021455,803,0.0,0.0
DTXSID1021530,803,0.0,0.0
DTXSID1021584,803,0.0,0.0
DTXSID1021586,803,0.0,0.0
DTXSID1021615,803,0.0,0.0
DTXSID1021617,803,0.0,0.0
DTXSID1021619,803,0.0,0.0
DTXSID1021665,803,0.0,0.0
DTXSID1021667,803,0.0,0.0
DTXSID1021740,803,0.0,0.0
DTXSID1021744,803,0.0,0.0
DTXSID1021790,803,0.0,0.0
DTXSID1021792,803,0.0,0.0
DTXSID1021798,803,0.0,0.0
DTXSID1021821,803,0.0,0.0
DTXSID1021823,803,0.0,0.0
DTXSID1021827,803,0.0,0.0
DTXSID1021871,803,0.0,0.0
DTXSID1021873,803,0.0,0.0
DTXSID1021877,803,0.0,0.0
DTXSID1021879,803,0.0,0.0
DTXSID1021902,803,0.0,0.0
DTXSID1021904,803,0.0,0.0
DTXSID1021952,803,0.0,0.0
DTXSID1021956,803,0.0,0.0
DTXSID1021958,803,0.0,0.0
DTXSID1022001,803,0.0,0.0
DTXSID1022007,803,0.0,0.0
DTXSID1022009,803,0.0,0.0
DTXSID1022051,803,0.0,0.0
DTXSID1022053,803,0.0,0.0
DTXSID1022055,803,0.0,0.0
DTXSID1022057,803,0.0,0.0
DTXSID1022130,803,0.0,0.0
DTXSID1022138,803,0.0,0.0
DTXSID1022180,803,0.0,0.0
DTXSID1022186,803,0.0,0.0
DTXSID1022188,803,0.0,0.0
DTXSID1022217,803,0.0,0.0
DTXSID1022265,803,0.0,0.0
DTXSID1022267,803,0.0,0.0
DTXSID1022394,803,0.0,0.0
DTXSID1022396,803,0.0,0.0
DTXSID1022421,803,0.0,0.0
DTXSID1022425,803,0.0,0.0
DTXSID1022479,803,0.0,0.0
DTXSID1022508,803,0.0,0.0
DTXSID1022556,803,0.0,0.0
DTXSID1022558,803,0.0,0.0
DTXSID1022635,803,0.0,0.0
DTXSID1022681,803,0.0,0.0
DTXSID1022685,803,0.0,0.0
DTXSID1022687,803,0.0,0.0
DTXSID1022718,803,0.0,0.0
DTXSID1022760,803,0.0,0.0
DTXSID1022762,803,0.0,0.0
DTXSID1022764,803,0.0,0.0
DTXSID1022766,803,0.0,0.0
DTXSID1022768,803,0.0,0.0
DTXSID1022843,803,0.0,0.0
DTXSID1022847,803,0.0,0.0
DTXSID1022897,803,0.0,0.0
DTXSID1022922,803,0.0,0.0
DTXSID1022926,803,0.0,0.0
DTXSID1022974,803,0.0,0.0
DTXSID1022978,803,0.0,0.0
DTXSID1023021,803,0.0,0.0
DTXSID1023027,803,0.0,0.0
DTXSID1023071,803,0.0,0.0
DTXSID1023102,803,0.0,0.0
DTXSID1023150,803,0.0,0.0
DTXSID1023158,803,0.0,0.0
DTXSID1023231,803,0.0,0.0
DTXSID1023235,803,0.0,0.0
DTXSID1023281,803,0.0,0.0
DTXSID1023283,803,0.0,0.0
DTXSID1023310,803,0.0,0.0
DTXSID1023314,803,0.0,0.0
DTXSID1023316,803,0.0,0.0
DTXSID1023362,803,0.0,0.0
DTXSID1023364,803,0.0,0.0
DTXSID1023368,803,0.0,0.0
DTXSID1023441,803,0.0,0.0
DTXSID1023495,803,0.0,0.0
DTXSID1023497,803,0.0,0.0
DTXSID1023526,803,0.0,0.0
DTXSID1023572,803,0.0,0.0
DTXSID1023576,803,0.0,0.0
DTXSID1023603,803,0.0,0.0
DTXSID1023605,803,0.0,0.0
DTXSID1023607,803,0.0,0.0
DTXSID1023609,803,0.0,0.0
DTXSID1023730,803,0.0,0.0
DTXSID1023734,803,0.0,0.0
DTXSID1023736,803,0.0,0.0
DTXSID1023786,803,0.0,0.0
DTXSID1023815,803,0.0,0.0
DTXSID1023817,803,0.0,0.0
DTXSID1023819,803,0.0,0.0
DTXSID1023869,803,0.0,0.0
DTXSID1023990,803,0.0,0.0
DTXSID1023996,803,0.0,0.0
DTXSID1023998,803,0.0,0.0
DTXSID1024045,803,0.0,0.0
DTXSID1024049,803,0.0,0.0
DTXSID1024091,803,2.7476524004712105e-05,0.0
DTXSID1024097,803,0.0,0.0
DTXSID1024124,803,0.0,0.0
DTXSID1024126,803,,
DTXSID1024128,803,0.0,0.0
DTXSID1024170,803,0.0031469371181828726,0.0
DTXSID1024174,803,0.0,0.0
DTXSID1024176,803,0.0,0.0
DTXSID1024209,803,0.0,0.0
DTXSID1024255,803,0.0,0.0
DTXSID1024259,803,0.0,0.0
DTXSID1024334,803,0.0,0.0
DTXSID1024338,803,0.0,0.0
DTXSID1024413,803,0.0,0.0
DTXSID1024463,803,0.0,0.0
DTXSID1024465,803,0.0,0.0
DTXSID1024467,803,0.0,0.0
DTXSID1024598,803,0.0,0.0
DTXSID1024621,803,0.0,0.0
DTXSID1024625,803,0.0,0.0
DTXSID1024629,803,0.0,0.0
DTXSID1024702,803,0.0,0.0
DTXSID1024704,803,0.0,0.0
DTXSID1024831,803,0.0,0.0
DTXSID1024835,803,0.0,0.0
DTXSID1024881,803,0.0,0.0
DTXSID1024885,803,0.0,0.0
DTXSID1024887,803,0.0,0.0
DTXSID1024912,803,0.0,0.0
DTXSID1024916,803,0.0,0.0
DTXSID1024918,803,0.0,0.0
DTXSID1024966,803,0.0,0.0
DTXSID1025013,803,0.0,0.0
DTXSID1025017,803,0.0,0.0
DTXSID1025063,803,0.0,0.0
DTXSID1025065,803,0.0,0.0
DTXSID1025148,803,0.0,0.0
DTXSID1025221,803,0.0,0.0
DTXSID1025271,803,0.0,0.0
DTXSID1025279,803,0.0,0.0
DTXSID1025300,803,0.0,0.0
DTXSID1025302,803,0.0,0.0
DTXSID1025304,803,0.0,0.0
DTXSID1025306,803,0.0,0.0
DTXSID1025308,803,0.0,0.0
DTXSID1025431,803,0.0,0.0
DTXSID1025437,803,0.0,0.0
DTXSID1025481,803,0.0,0.0
DTXSID1025483,803,0.0,0.0
DTXSID1025485,803,0.0,0.0
DTXSID1025560,803,0.0,0.0
DTXSID1025641,803,0.0,0.0
DTXSID1025649,803,0.0,0.0
DTXSID1025693,803,0.0,0.0
DTXSID1025722,803,0.0,0.0
DTXSID1025724,803,0.0,0.0
DTXSID1025726,803,0.0,0.0
DTXSID1025770,803,0.0,0.0
DTXSID1025774,803,0.0,0.0
DTXSID1025776,803,0.0,0.0
DTXSID1025805,803,0.0,0.0
DTXSID1025807,803,0.0,0.0
DTXSID1025809,803,0.0,0.0
DTXSID1025851,803,0.0,0.0
DTXSID1025853,803,0.0,0.0
DTXSID1025857,803,0.0,0.0
DTXSID1025930,803,0.0,0.0
DTXSID1025934,803,0.0,0.0
DTXSID1026031,803,0.0,0.0
DTXSID1026033,803,0.0,0.0
DTXSID1026035,803,0.0,0.0
DTXSID1026081,803,0.0,0.0
DTXSID1026083,803,0.0,0.0
DTXSID1026089,803,0.0,0.0
DTXSID1026112,803,0.0,0.0
DTXSID1026118,803,0.0,0.0
DTXSID1026164,803,0.0,0.0
DTXSID1026241,803,0.0,0.0
DTXSID1026293,803,0.0,0.0
DTXSID1026457,803,0.0,0.0
DTXSID1026536,803,0.0,0.0
DTXSID1026615,803,0.0,0.0
DTXSID1026619,803,0.0,0.0
DTXSID1026661,803,0.0,0.0
DTXSID1026665,803,0.0,0.0
DTXSID1026667,803,0.0,0.0
DTXSID1026740,803,0.0,0.0
DTXSID1026792,803,0.0,0.0
DTXSID1026796,803,0.0,0.0
DTXSID1026879,803,0.0,0.0
DTXSID1026900,803,0.0,0.0
DTXSID1026902,803,0.0,0.0
DTXSID1026904,803,1.5412991574805406e-12,0.0
DTXSID1026906,803,0.0,0.0
DTXSID1026908,803,0.0,0.0
DTXSID1026954,803,0.0,0.0
DTXSID1027007,803,0.0,0.0
DTXSID1027134,803,0.0,0.0
DTXSID1027184,803,0.0,0.0
DTXSID1027186,803,0.0,0.0
DTXSID1027188,803,0.0,0.0
DTXSID1027211,803,0.0,0.0
DTXSID1027219,803,0.0,0.0
DTXSID1027263,803,0.0,0.0
DTXSID1027265,803,0.0,0.0
DTXSID1027267,803,0.0,0.0
DTXSID1027269,803,0.0,0.0
DTXSID1027342,803,0.0,0.0
DTXSID1027344,803,0.0,0.0
DTXSID1027346,803,0.0,0.0
DTXSID1027390,803,0.0,0.0
DTXSID1027394,803,0.0,0.0
DTXSID1027396,803,0.0,0.0
DTXSID1027425,803,0.0,0.0
DTXSID1027427,803,0.0,0.0
DTXSID1027429,803,0.0,0.0
DTXSID1027471,803,0.0,0.0
DTXSID1027479,803,0.0,0.0
DTXSID1027500,803,3.925231681601405e-19,0.0
DTXSID1027502,803,0.0,0.0
DTXSID1027504,803,0.0,0.0
DTXSID1027506,803,0.0,0.0
DTXSID1027550,803,0.0,0.0
DTXSID1027556,803,0.0,0.0
DTXSID1027558,803,0.0,0.0
DTXSID1027633,803,0.0,0.0
DTXSID1027635,803,0.0,0.0
DTXSID1027639,803,0.0,0.0
DTXSID1027714,803,0.0,0.0
DTXSID1027716,803,0.0,0.0
DTXSID1027764,803,0.0,0.0
DTXSID1027768,803,0.0,0.0
DTXSID1027841,803,0.0,0.0
DTXSID1027891,803,0.0,0.0
DTXSID1027899,803,0.0,0.0
DTXSID1027920,803,0.0,0.0
DTXSID1027924,803,0.0,0.0
DTXSID1027926,803,0.0,0.0
DTXSID1027928,803,0.0,0.0
DTXSID1027970,803,0.0,0.0
DTXSID1027974,803,0.0,0.0
DTXSID1027978,803,0.0,0.0
DTXSID1029120,803,0.0,0.0
DTXSID1029122,803,0.0,0.0
DTXSID1029124,803,0.0,0.0
DTXSID1029128,803,0.0,0.0
DTXSID1029170,803,0.0,0.0
DTXSID1029201,803,0.0,0.0
DTXSID1029203,803,0.0,0.0
DTXSID1029207,803,0.0,0.0
DTXSID1029251,803,0.0,0.0
DTXSID1029255,803,0.0,0.0
DTXSID1029338,803,0.0,0.0
DTXSID1029629,803,0.0,0.0
DTXSID1029671,803,0.0,0.0
DTXSID1029677,803,0.0,0.0
DTXSID1029679,803,0.0,0.0
DTXSID1029889,803,0.0,0.0
DTXSID1029910,803,0.0,0.0
DTXSID1030317,803,0.0,0.0
DTXSID1030319,803,0.0,0.0
DTXSID1030604,803,0.0,0.0
DTXSID1030606,803,0.0,0.0
DTXSID1031096,803,0.0,0.0
DTXSID1031460,803,0.0,0.0
DTXSID1031462,803,0.0,0.0
DTXSID1031591,803,0.0,0.0
DTXSID1031626,803,0.0,0.0
DTXSID1032278,803,0.0,0.0
DTXSID1032303,803,0.0,0.0
DTXSID1032309,803,0.0,0.0
DTXSID1032355,803,0.0,0.0
DTXSID1032359,803,0.0,0.0
DTXSID1032482,803,0.0,0.0
DTXSID1032484,803,0.0,0.0
DTXSID1032488,803,0.0,0.0
DTXSID1032511,803,0.0,0.0
DTXSID1032513,803,0.0,0.0
DTXSID1032519,803,0.0,0.0
DTXSID1032569,803,0.0,0.0
DTXSID1032640,803,0.0,0.0
DTXSID1032646,803,0.0,0.0
DTXSID1032648,803,0.0,0.0
DTXSID1032690,803,0.0,0.0
DTXSID1033161,803,0.0,0.0
DTXSID1033163,803,0.0,0.0
DTXSID1033371,803,0.0,0.0
DTXSID1033402,803,1.0,1.0
DTXSID1033539,803,0.0,0.0
DTXSID1033664,803,0.0,0.0
DTXSID1033876,803,0.0,0.0
DTXSID1034181,803,0.0,0.0
DTXSID1034187,803,0.0,0.0
DTXSID1034210,803,0.0,0.0
DTXSID1034212,803,0.0,0.0
DTXSID1034214,803,0.0,0.0
DTXSID1034260,803,0.0,0.0
DTXSID1034266,803,0.0,0.0
DTXSID1034503,803,0.0,0.0
DTXSID1034634,803,0.0,0.0
DTXSID1034769,803,0.0,0.0
DTXSID1034844,803,0.0,0.0
DTXSID1034929,803,0.0,0.0
DTXSID1034973,803,0.0,0.0
DTXSID1035286,803,0.0,0.0
DTXSID1035288,803,0.0,0.0
DTXSID1035783,803,0.0,0.0
DTXSID1036541,803,0.0,0.0
DTXSID1037197,803,0.0,0.0
DTXSID1037224,803,0.0,0.0
DTXSID1037272,803,0.0,0.0
DTXSID1037303,803,0.0,0.0
DTXSID1037511,803,0.0,0.0
DTXSID1037515,803,0.0,0.0
DTXSID1037565,803,0.0,0.0
DTXSID1037696,803,0.0,0.0
DTXSID1037806,803,0.0,0.0
DTXSID1038298,803,0.0,0.0
DTXSID1038321,803,0.0,0.0
DTXSID1038666,803,0.0,0.0
DTXSID1038795,803,0.0,0.0
DTXSID1038822,803,0.0,0.0
DTXSID1038824,803,0.0,0.0
DTXSID1038876,803,0.0,0.0
DTXSID1039719,803,0.0,0.0
DTXSID1040110,803,0.0,0.0
DTXSID1040112,803,0.0,0.0
DTXSID1040114,803,0.0,0.0
DTXSID1040243,803,0.0,0.0
DTXSID1040245,803,0.0,0.0
DTXSID1040295,803,0.0,0.0
DTXSID1040320,803,0.0,0.0
DTXSID1040324,803,0.0,0.0
DTXSID1040326,803,0.0,0.0
DTXSID1040372,803,0.0,0.0
DTXSID1040459,803,0.0,0.0
DTXSID1040611,803,0.0,0.0
DTXSID1040617,803,0.0,0.0
DTXSID1040619,803,0.08586570277610404,0.0
DTXSID1040661,803,0.0,0.0
DTXSID1040667,803,0.0,0.0
DTXSID1040740,803,0.0,0.0
DTXSID1040742,803,0.0,0.0
DTXSID1040792,803,0.0,0.0
DTXSID1040794,803,0.0,0.0
DTXSID1041132,803,0.0,0.0
DTXSID1041180,803,0.0,0.0
DTXSID1041184,803,0.0,0.0
DTXSID1041188,803,0.0,0.0
DTXSID1041217,803,0.0,0.0
DTXSID1041261,803,0.0,0.0
DTXSID1041263,803,0.0,0.0
DTXSID1041265,803,0.0,0.0
DTXSID1041267,803,0.0,0.0
DTXSID1041269,803,0.0,0.0
DTXSID1041346,803,0.0,0.0
DTXSID1041396,803,0.0,0.0
DTXSID1041421,803,0.0,0.0
DTXSID1041423,803,0.0,0.0
DTXSID1041425,803,0.0,0.0
DTXSID1041502,803,0.0,0.0
DTXSID1041506,803,0.0,0.0
DTXSID1041508,803,0.0,0.0
DTXSID1041550,803,0.0,0.0
DTXSID1041639,803,0.0,0.0
DTXSID1041681,803,0.0,0.0
DTXSID1041683,803,0.0,0.0
DTXSID1041689,803,0.0,0.0
DTXSID1041847,803,0.0,0.0
DTXSID1041891,803,0.0,0.0
DTXSID1041897,803,0.0,0.0
DTXSID1041920,803,0.0,0.0
DTXSID1041970,803,0.0,0.0
DTXSID1041978,803,0.0,0.0
DTXSID1042077,803,0.0,0.0
DTXSID1042154,803,0.0,0.0
DTXSID1042281,803,0.0,0.0
DTXSID1042285,803,0.0,0.0
DTXSID1042360,803,0.0,0.0
DTXSID1042364,803,0.0,0.0
DTXSID1042441,803,0.0,0.0
DTXSID1042491,803,0.0,0.0
DTXSID1042499,803,0.0,0.0
DTXSID1042570,803,0.0,0.0
DTXSID1042574,803,0.0,0.0
DTXSID1043881,803,0.0,0.0
DTXSID1044196,803,0.0,0.0
DTXSID1044221,803,0.0,0.0
DTXSID1044223,803,0.0,0.0
DTXSID1044227,803,0.0,0.0
DTXSID1044352,803,0.0,0.0
DTXSID1044354,803,0.0,0.0
DTXSID1044356,803,0.0,0.0
DTXSID1044431,803,0.0,0.0
DTXSID1044433,803,0.0,0.0
DTXSID1044435,803,0.0,0.0
DTXSID1044437,803,0.0,0.0
DTXSID1044439,803,0.0,0.0
DTXSID1044481,803,0.0,0.0
DTXSID1044485,803,0.0,0.0
DTXSID1044487,803,0.0,0.0
DTXSID1044489,803,0.0,0.0
DTXSID1044514,803,0.0,0.0
DTXSID1044518,803,0.0,0.0
DTXSID1044560,803,0.0,0.0
DTXSID1044564,803,0.0,0.0
DTXSID1044568,803,0.0,0.0
DTXSID1044643,803,0.0,0.0
DTXSID1044645,803,0.0,0.0
DTXSID1044647,803,0.0,0.0
DTXSID1044691,803,0.0,0.0
DTXSID1044693,803,0.0,0.0
DTXSID1044697,803,0.0,0.0
DTXSID1044720,803,0.0,0.0
DTXSID1044722,803,0.0,0.0
DTXSID1044724,803,0.0,0.0
DTXSID1044728,803,0.0,0.0
DTXSID1044770,803,0.0,0.0
DTXSID1044772,803,1.0533380704868765e-14,0.0
DTXSID1044774,803,0.0,0.0
DTXSID1044776,803,0.0,0.0
DTXSID1044801,803,0.0,0.0
DTXSID1044805,803,0.0,0.0
DTXSID1044807,803,0.0,0.0
DTXSID1044809,803,0.0,0.0
DTXSID1044851,803,0.0,0.0
DTXSID1044853,803,0.0,0.0
DTXSID1044857,803,0.0,0.0
DTXSID1044859,803,0.0,0.0
DTXSID1044930,803,0.0,0.0
DTXSID1044932,803,0.0,0.0
DTXSID1044934,803,0.0,0.0
DTXSID1044936,803,0.0,0.0
DTXSID1044938,803,0.0,0.0
DTXSID1044980,803,0.0,0.0
DTXSID1044982,803,0.0,0.0
DTXSID1044986,803,0.0,0.0
DTXSID1045033,803,0.0,0.0
DTXSID1045081,803,0.0,0.0
DTXSID1045083,803,0.0,0.0
DTXSID1045085,803,0.0,0.0
DTXSID1045089,803,0.0,0.0
DTXSID1045110,803,0.0,0.0
DTXSID1045112,803,0.0,0.0
DTXSID1045114,803,0.0,0.0
DTXSID1045116,803,0.0,0.0
DTXSID1045118,803,0.0,0.0
DTXSID1045160,803,0.0,0.0
DTXSID1045162,803,0.0,0.0
DTXSID1045164,803,0.0,0.0
DTXSID1045166,803,0.0,0.0
DTXSID1045168,803,0.0,0.0
DTXSID1045245,803,0.0,0.0
DTXSID1045291,803,0.0,0.0
DTXSID1045293,803,0.0,0.0
DTXSID1045297,803,0.0,0.0
DTXSID1045320,803,0.0,0.0
DTXSID1045322,803,0.0,0.0
DTXSID1045324,803,0.0,0.0
DTXSID1045326,803,0.0,0.0
DTXSID1045328,803,0.0,0.0
DTXSID1045370,803,0.0,0.0
DTXSID1045372,803,0.0,0.0
DTXSID1045376,803,0.0,0.0
DTXSID1045405,803,0.0,0.0
DTXSID1045407,803,0.0,0.0
DTXSID1045409,803,0.0,0.0
DTXSID1045453,803,0.0,0.0
DTXSID1045459,803,0.0,0.0
DTXSID1045530,803,0.0,0.0
DTXSID1045534,803,0.0,0.0
DTXSID1045536,803,0.0,0.0
DTXSID1045538,803,0.0,0.0
DTXSID1045580,803,0.0,0.0
DTXSID1045582,803,0.0,0.0
DTXSID1045584,803,0.0,0.0
DTXSID1045586,803,0.0,0.0
DTXSID1045588,803,0.0,0.0
DTXSID1045611,803,0.0,0.0
DTXSID1045615,803,0.0,0.0
DTXSID1045619,803,0.0,0.0
DTXSID1045661,803,0.0,0.0
DTXSID1045663,803,0.0,0.0
DTXSID1045665,803,0.0,0.0
DTXSID1045669,803,0.0,0.0
DTXSID1045740,803,0.0,0.0
DTXSID1045742,803,0.0,0.0
DTXSID1045744,803,0.0,0.0
DTXSID1045746,803,0.0,0.0
DTXSID1045748,803,0.0,0.0
DTXSID1045790,803,0.0,0.0
DTXSID1045792,803,0.0,0.0
DTXSID1045794,803,0.0,0.0
DTXSID1045796,803,0.0,0.0
DTXSID1045798,803,0.0,0.0
DTXSID1045825,803,0.0,0.0
DTXSID1045871,803,0.0,0.0
DTXSID1045873,803,0.0,0.0
DTXSID1045877,803,0.0,0.0
DTXSID1045879,803,0.0,0.0
DTXSID1045900,803,0.0,0.0
DTXSID1045902,803,0.0,0.0
DTXSID1045904,803,0.0,0.0
DTXSID1045906,803,0.0,0.0
DTXSID1045950,803,0.0,0.0
DTXSID1045952,803,0.0,0.0
DTXSID1045954,803,0.0,0.0
DTXSID1045956,803,0.0,0.0
DTXSID1045958,803,0.0,0.0
DTXSID1046003,803,0.0,0.0
DTXSID1046007,803,0.0,0.0
DTXSID1046009,803,0.0,0.0
DTXSID1046051,803,0.0,0.0
DTXSID1046055,803,0.0,0.0
DTXSID1046059,803,0.0,0.0
DTXSID1046130,803,0.0,0.0
DTXSID1046132,803,0.0,0.0
DTXSID1046134,803,0.0,0.0
DTXSID1046136,803,0.0,0.0
DTXSID1046138,803,0.0,0.0
DTXSID1046180,803,0.0,0.0
DTXSID1046182,803,0.0,0.0
DTXSID1046184,803,0.0,0.0
DTXSID1046186,803,0.0,0.0
DTXSID1046188,803,0.0,0.0
DTXSID1046211,803,0.0,0.0
DTXSID1046213,803,0.0,0.0
DTXSID1046215,803,0.0,0.0
DTXSID1046217,803,0.0,0.0
DTXSID1046261,803,0.0,0.0
DTXSID1046263,803,0.0,0.0
DTXSID1046265,803,0.0,0.0
DTXSID1046267,803,0.0,0.0
DTXSID1046269,803,0.0,0.0
DTXSID1046342,803,0.0,0.0
DTXSID1046344,803,0.0,0.0
DTXSID1046346,803,0.0,0.0
DTXSID1046348,803,0.0,0.0
DTXSID1046390,803,0.0,0.0
DTXSID1046392,803,0.0,0.0
DTXSID1046394,803,0.0,0.0
DTXSID1046396,803,0.0,0.0
DTXSID1046398,803,0.0,0.0
DTXSID1046421,803,0.0,0.0
DTXSID1046423,803,0.0,0.0
DTXSID1046425,803,0.0,0.0
DTXSID1046427,803,0.0,0.0
DTXSID1046429,803,0.0,0.0
DTXSID1046471,803,0.0,0.0
DTXSID1046475,803,0.0,0.0
DTXSID1046477,803,0.0,0.0
DTXSID1046479,803,0.0,0.0
DTXSID1046500,803,0.0,0.0
DTXSID1046502,803,0.0,0.0
DTXSID1046504,803,0.0,0.0
DTXSID1046506,803,0.0,0.0
DTXSID1046508,803,0.0,0.0
DTXSID1046550,803,0.0,0.0
DTXSID1046552,803,0.0,0.0
DTXSID1046556,803,0.0,0.0
DTXSID1046558,803,0.0,0.0
DTXSID1046631,803,0.0,0.0
DTXSID1046633,803,0.0,0.0
DTXSID1046637,803,0.0,0.0
DTXSID1046639,803,0.0,0.0
DTXSID1046681,803,0.0,0.0
DTXSID1046683,803,0.0,0.0
DTXSID1046685,803,0.0,0.0
DTXSID1046687,803,0.0,0.0
DTXSID1046689,803,0.0,0.0
DTXSID1046710,803,0.0,0.0
DTXSID1046712,803,0.0,0.0
DTXSID1046714,803,0.0,0.0
DTXSID1046716,803,0.0,0.0
DTXSID1046760,803,0.0,0.0
DTXSID1046764,803,0.0,0.0
DTXSID1046766,803,0.0,0.0
DTXSID1046768,803,0.0,0.0
DTXSID1046841,803,0.0,0.0
DTXSID1046843,803,0.0,0.0
DTXSID1046845,803,0.0,0.0
DTXSID1046847,803,0.0,0.0
DTXSID1046849,803,0.0,0.0
DTXSID1046891,803,0.0,0.0
DTXSID1046895,803,0.0,0.0
DTXSID1046920,803,0.0,0.0
DTXSID1046922,803,0.0,0.0
DTXSID1046924,803,0.0,0.0
DTXSID1046926,803,0.0,0.0
DTXSID1046970,803,0.0,0.0
DTXSID1046974,803,0.0,0.0
DTXSID1046976,803,0.0,0.0
DTXSID1046978,803,0.0,0.0
DTXSID1047027,803,0.0,0.0
DTXSID1047029,803,0.0,0.0
DTXSID1047071,803,0.0,0.0
DTXSID1047075,803,0.0,0.0
DTXSID1047102,803,0.0,0.0
DTXSID1047104,803,0.0,0.0
DTXSID1047106,803,0.0,0.0
DTXSID1047108,803,0.0,0.0
DTXSID1047150,803,0.0,0.0
DTXSID1047152,803,0.0,0.0
DTXSID1047156,803,0.0,0.0
DTXSID1047158,803,0.0,0.0
DTXSID1047239,803,0.0,0.0
DTXSID1047281,803,0.0,0.0
DTXSID1047283,803,0.0,0.0
DTXSID1047285,803,0.0,0.0
DTXSID1047287,803,0.0,0.0
DTXSID1047289,803,0.0,0.0
DTXSID1047310,803,0.0,0.0
DTXSID1047312,803,0.0,0.0
DTXSID1047316,803,0.0,0.0
DTXSID1047318,803,0.0,0.0
DTXSID1047360,803,0.0,0.0
DTXSID1047362,803,0.0,0.0
DTXSID1047364,803,0.0,0.0
DTXSID1047366,803,0.0,0.0
DTXSID1047368,803,0.0,0.0
DTXSID1047443,803,0.0,0.0
DTXSID1047447,803,0.0,0.0
DTXSID1047491,803,0.0,0.0
DTXSID1047493,803,0.0,0.0
DTXSID1047497,803,0.0,0.0
DTXSID1047524,803,0.0,0.0
DTXSID1047526,803,0.0,0.0
DTXSID1047528,803,0.0,0.0
DTXSID1047570,803,0.0,0.0
DTXSID1047574,803,0.0,0.0
DTXSID1047576,803,0.0,0.0
DTXSID1047578,803,0.0,0.0
DTXSID1047601,803,0.0,0.0
DTXSID1047603,803,0.0,0.0
DTXSID1047605,803,0.0,0.0
DTXSID1047609,803,0.0,0.0
DTXSID1047651,803,0.0,0.0
DTXSID1047655,803,0.0,0.0
DTXSID1047657,803,0.0,0.0
DTXSID1047659,803,0.9999999993509886,1.0
DTXSID1047730,803,0.0,0.0
DTXSID1047780,803,0.0,0.0
DTXSID1047782,803,0.0,0.0
DTXSID1047784,803,0.0,0.0
DTXSID1047786,803,0.0,0.0
DTXSID1047788,803,0.0,0.0
DTXSID1047811,803,0.0,0.0
DTXSID1047813,803,0.0,0.0
DTXSID1047815,803,0.0,0.0
DTXSID1047817,803,0.0,0.0
DTXSID1047819,803,0.0,0.0
DTXSID1047869,803,0.0,0.0
DTXSID1047940,803,0.0,0.0
DTXSID1047942,803,0.0,0.0
DTXSID1047944,803,0.0,0.0
DTXSID1047946,803,0.0,0.0
DTXSID1047948,803,0.0,0.0
DTXSID1048122,803,0.0,0.0
DTXSID1048170,803,0.0,0.0
DTXSID1048172,803,0.0,0.0
DTXSID1048174,803,0.0,0.0
DTXSID1048176,803,0.0,0.0
DTXSID1048178,803,0.0,0.0
DTXSID1048201,803,0.0,0.0
DTXSID1048203,803,0.0,0.0
DTXSID1048207,803,0.0,0.0
DTXSID1048209,803,0.0,0.0
DTXSID1048259,803,0.0,0.0
DTXSID1048590,803,0.0,0.0
DTXSID1048592,803,0.0,0.0
DTXSID1048594,803,0.0,0.0
DTXSID1048596,803,0.0,0.0
DTXSID1048598,803,0.0,0.0
DTXSID1048621,803,0.0,0.0
DTXSID1048623,803,0.0,0.0
DTXSID1048625,803,0.0,0.0
DTXSID1048627,803,0.0,0.0
DTXSID1048629,803,0.0,0.0
DTXSID1048671,803,0.0,0.0
DTXSID1048675,803,0.0,0.0
DTXSID1048677,803,0.0,0.0
DTXSID1048679,803,0.0,0.0
DTXSID1048700,803,0.0,0.0
DTXSID1048702,803,0.0,0.0
DTXSID1048704,803,0.0,0.0
DTXSID1048706,803,0.0,0.0
DTXSID1048708,803,0.0,0.0
DTXSID1048750,803,0.0,0.0
DTXSID1048752,803,0.0,0.0
DTXSID1048754,803,0.0,0.0
DTXSID1048756,803,0.0,0.0
DTXSID1048758,803,0.0,0.0
DTXSID1048831,803,1.9084935378721473e-11,0.0
DTXSID1048833,803,0.0,0.0
DTXSID1048835,803,0.0,0.0
DTXSID1048837,803,0.0,0.0
DTXSID1048839,803,0.0,0.0
DTXSID1048881,803,0.0,0.0
DTXSID1048883,803,0.0,0.0
DTXSID1048885,803,0.0,0.0
DTXSID1048887,803,0.0,0.0
DTXSID1048889,803,0.0,0.0
DTXSID1048910,803,0.0,0.0
DTXSID1048912,803,0.0,0.0
DTXSID1048914,803,0.0,0.0
DTXSID1048916,803,0.0,0.0
DTXSID1048918,803,0.0,0.0
DTXSID1048960,803,0.0,0.0
DTXSID1048962,803,0.0,0.0
DTXSID1048964,803,0.0,0.0
DTXSID1048966,803,0.0,0.0
DTXSID1048968,803,0.0,0.0
DTXSID1049011,803,0.0,0.0
DTXSID1049013,803,0.0,0.0
DTXSID1049015,803,0.0,0.0
DTXSID1049017,803,0.0,0.0
DTXSID1049019,803,0.0,0.0
DTXSID1049061,803,0.0,0.0
DTXSID1049063,803,0.0,0.0
DTXSID1049065,803,0.0,0.0
DTXSID1049067,803,0.0,0.0
DTXSID1049069,803,0.0,0.0
DTXSID1049221,803,0.0,0.0
DTXSID1049223,803,0.0,0.0
DTXSID1049225,803,0.0,0.0
DTXSID1049227,803,0.0,0.0
DTXSID1049229,803,0.0,0.0
DTXSID1049271,803,0.0,0.0
DTXSID1049273,803,0.0,0.0
DTXSID1049275,803,0.0,0.0
DTXSID1049277,803,0.0,0.0
DTXSID1049279,803,0.0,0.0
DTXSID1049300,803,0.0,0.0
DTXSID1049302,803,0.0,0.0
DTXSID1049304,803,0.0,0.0
DTXSID1049306,803,0.0,0.0
DTXSID1049308,803,0.0,0.0
DTXSID1049350,803,0.0,0.0
DTXSID1049352,803,0.0,0.0
DTXSID1049354,803,0.0,0.0
DTXSID1049356,803,0.0,0.0
DTXSID1049358,803,0.0,0.0
DTXSID1049431,803,0.0,0.0
DTXSID1049433,803,0.0,0.0
DTXSID1049481,803,0.0,0.0
DTXSID1049483,803,0.0,0.0
DTXSID1049485,803,0.0,0.0
DTXSID1049487,803,0.0,0.0
DTXSID1049489,803,0.0,0.0
DTXSID1049510,803,0.0,0.0
DTXSID1049512,803,0.0,0.0
DTXSID1049514,803,0.0,0.0
DTXSID1049516,803,0.0,0.0
DTXSID1049518,803,0.0,0.0
DTXSID1049560,803,0.0,0.0
DTXSID1049562,803,0.0,0.0
DTXSID2020006,803,0.0,0.0
DTXSID2020054,803,0.0,0.0
DTXSID2020058,803,0.0,0.0
DTXSID2020131,803,0.0,0.0
DTXSID2020137,803,0.0,0.0
DTXSID2020139,803,0.0,0.0
DTXSID2020181,803,0.0,0.0
DTXSID2020189,803,0.0,0.0
DTXSID2020210,803,0.0,0.0
DTXSID2020212,803,0.0,0.0
DTXSID2020216,803,0.0,0.0
DTXSID2020260,803,0.4967687042123621,0.0
DTXSID2020262,803,0.0,0.0
DTXSID2020266,803,0.0,0.0
DTXSID2020268,803,0.0,0.0
DTXSID2020341,803,0.0,0.0
DTXSID2020345,803,0.0,0.0
DTXSID2020347,803,0.0,0.0
DTXSID2020349,803,0.0,0.0
DTXSID2020391,803,0.0,0.0
DTXSID2020399,803,0.0,0.0
DTXSID2020420,803,0.0,0.0
DTXSID2020424,803,0.0,0.0
DTXSID2020426,803,0.0,0.0
DTXSID2020428,803,3.3324737426204235e-10,0.0
DTXSID2020470,803,0.0,0.0
DTXSID2020474,803,0.0,0.0
DTXSID2020478,803,0.0,0.0
DTXSID2020501,803,0.0,0.0
DTXSID2020505,803,0.0,0.0
DTXSID2020507,803,0.0,0.0
DTXSID2020509,803,0.0,0.0
DTXSID2020557,803,0.0,0.0
DTXSID2020634,803,0.0,0.0
DTXSID2020636,803,0.0,0.0
DTXSID2020680,803,0.0,0.0
DTXSID2020682,803,0.0,0.0
DTXSID2020684,803,0.0,0.0
DTXSID2020686,803,0.0,0.0
DTXSID2020688,803,0.0,0.0
DTXSID2020713,803,0.0,0.0
DTXSID2020717,803,0.0,0.0
DTXSID2020761,803,0.0,0.0
DTXSID2020767,803,0.0,0.0
DTXSID2020844,803,0.0,0.0
DTXSID2020846,803,0.0,0.0
DTXSID2020890,803,0.0,0.0
DTXSID2020892,803,0.0,0.0
DTXSID2020894,803,0.0,0.0
DTXSID2020898,803,0.0,0.0
DTXSID2020921,803,0.0,0.0
DTXSID2020923,803,0.0,0.0
DTXSID2020927,803,0.0,0.0
DTXSID2020929,803,0.0,0.0
DTXSID2020971,803,0.0,0.0
DTXSID2020977,803,0.0,0.0
DTXSID2021022,803,0.0,0.0
DTXSID2021026,803,0.0,0.0
DTXSID2021028,803,0.0,0.0
DTXSID2021070,803,0.0,0.0
DTXSID2021103,803,0.0,0.0
DTXSID2021105,803,6.131169993575273e-16,0.0
DTXSID2021151,803,0.0,0.0
DTXSID2021159,803,0.0,0.0
DTXSID2021232,803,0.0,0.0
DTXSID2021234,803,0.0,0.0
DTXSID2021236,803,0.0,0.0
DTXSID2021238,803,1.2158255116613362e-20,0.0
DTXSID2021282,803,0.0,0.0
DTXSID2021284,803,0.0,0.0
DTXSID2021286,803,0.0,0.0
DTXSID2021288,803,0.0,0.0
DTXSID2021311,803,5.0634977313773195e-06,0.0
DTXSID2021315,803,0.0,0.0
DTXSID2021317,803,0.0,0.0
DTXSID2021319,803,0.0,0.0
DTXSID2021363,803,0.0,0.0
DTXSID2021365,803,0.0,0.0
DTXSID2021367,803,0.0,0.0
DTXSID2021440,803,0.0,0.0
DTXSID2021442,803,0.0,0.0
DTXSID2021446,803,0.0,0.0
DTXSID2021448,803,0.0,0.0
DTXSID2021492,803,0.0,0.0
DTXSID2021496,803,0.0,0.0
DTXSID2021498,803,0.0,0.0
DTXSID2021575,803,0.0,0.0
DTXSID2021577,803,0.0,0.0
DTXSID2021600,803,0.0,0.0
DTXSID2021602,803,0.0,0.0
DTXSID2021604,803,0.0,0.0
DTXSID2021608,803,0.0,0.0
DTXSID2021650,803,0.0,0.0
DTXSID2021652,803,0.0,0.0
DTXSID2021654,803,0.0,0.0
DTXSID2021656,803,0.0,0.0
DTXSID2021658,803,0.0,0.0
DTXSID2021731,803,0.0,0.0
DTXSID2021735,803,0.0,0.0
DTXSID2021739,803,0.0,0.0
DTXSID2021781,803,0.0,0.0
DTXSID2021789,803,0.0,0.0
DTXSID2021810,803,0.0,0.0
DTXSID2021816,803,0.0,0.0
DTXSID2021818,803,0.0,0.0
DTXSID2021860,803,0.0,0.0
DTXSID2021864,803,0.0,0.0
DTXSID2021866,803,0.0,0.0
DTXSID2021868,803,0.0,0.0
DTXSID2021941,803,0.0,0.0
DTXSID2021943,803,0.0,0.0
DTXSID2021947,803,0.0,0.0
DTXSID2021949,803,0.0,0.0
DTXSID2021993,803,0.0,0.0
DTXSID2021995,803,0.0,0.0
DTXSID2021997,803,0.0,0.0
DTXSID2022048,803,0.0,0.0
DTXSID2022090,803,0.0,0.0
DTXSID2022096,803,0.0,0.0
DTXSID2022121,803,0.0,0.0
DTXSID2022123,803,0.0,0.0
DTXSID2022127,803,0.0,0.0
DTXSID2022171,803,0.0,0.0
DTXSID2022179,803,0.0,0.0
DTXSID2022254,803,0.0,0.0
DTXSID2022256,803,0.0,0.0
DTXSID2022331,803,0.0,0.0
DTXSID2022381,803,0.0,0.0
DTXSID2022541,803,0.0,0.0
DTXSID2022543,803,0.0,0.0
DTXSID2022549,803,0.0,0.0
DTXSID2022593,803,0.0,0.0
DTXSID2022595,803,0.0,0.0
DTXSID2022624,803,0.0,0.0
DTXSID2022626,803,0.0,0.0
DTXSID2022628,803,0.0,0.0
DTXSID2022672,803,0.0,0.0
DTXSID2022674,803,0.0,0.0
DTXSID2022676,803,0.0,0.0
DTXSID2022678,803,0.0,0.0
DTXSID2022707,803,0.0,0.0
DTXSID2022751,803,0.0,0.0
DTXSID2022753,803,0.0,0.0
DTXSID2022880,803,0.0,0.0
DTXSID2022886,803,0.0,0.0
DTXSID2022888,803,0.0,0.0
DTXSID2022915,803,0.0,0.0
DTXSID2022967,803,0.0,0.0
DTXSID2023016,803,0.0,0.0
DTXSID2023064,803,0.0,0.0
DTXSID2023068,803,0.0,0.0
DTXSID2023143,803,0.0,0.0
DTXSID2023145,803,0.0,0.0
DTXSID2023149,803,0.0,0.0
DTXSID2023193,803,0.0,0.0
DTXSID2023195,803,0.0,0.0
DTXSID2023197,803,0.0,0.0
DTXSID2023222,803,0.0,0.0
DTXSID2023224,803,0.0,0.0
DTXSID2023270,803,0.0,0.0
DTXSID2023276,803,0.0,0.0
DTXSID2023303,803,0.0,0.0
DTXSID2023307,803,0.0,0.0
DTXSID2023353,803,0.0,0.0
DTXSID2023430,803,0.0,0.0
DTXSID2023434,803,0.0,0.0
DTXSID2023436,803,0.0,0.0
DTXSID2023480,803,0.0,0.0
DTXSID2023488,803,0.0,0.0
DTXSID2023519,803,0.0,0.0
DTXSID2023565,803,0.0,0.0
DTXSID2023567,803,0.0,0.0
DTXSID2023569,803,0.0,0.0
DTXSID2023640,803,0.0,0.0
DTXSID2023642,803,0.0,0.0
DTXSID2023644,803,0.0,0.0
DTXSID2023690,803,0.0,0.0
DTXSID2023692,803,0.0,0.0
DTXSID2023721,803,0.0,0.0
DTXSID2023723,803,0.0,0.0
DTXSID2023725,803,0.0,0.0
DTXSID2023727,803,0.0,0.0
DTXSID2023729,803,0.0,0.0
DTXSID2023771,803,0.0,0.0
DTXSID2023775,803,0.0,0.0
DTXSID2023937,803,0.0,0.0
DTXSID2024030,803,0.0,0.0
DTXSID2024038,803,0.0,0.0
DTXSID2024086,803,0.0,0.0
DTXSID2024113,803,0.0,0.0
DTXSID2024163,803,0.0,0.0
DTXSID2024242,803,0.0,0.0
DTXSID2024246,803,0.0,0.0
DTXSID2024452,803,0.0,0.0
DTXSID2024454,803,0.0,0.0
DTXSID2024458,803,0.0,0.0
DTXSID2024585,803,0.0,0.0
DTXSID2024589,803,0.0,0.0
DTXSID2024616,803,0.0,0.0
DTXSID2024660,803,0.0,0.0
DTXSID2024662,803,0.0,0.0
DTXSID2024664,803,0.0,0.0
DTXSID2024666,803,0.0,0.0
DTXSID2024747,803,0.0,0.0
DTXSID2024791,803,0.0,0.0
DTXSID2024793,803,0.0,0.0
DTXSID2024797,803,0.0,0.0
DTXSID2024799,803,0.0,0.0
DTXSID2024822,803,0.0,0.0
DTXSID2024824,803,0.0,0.0
DTXSID2024878,803,0.0,0.0
DTXSID2024953,803,0.0,0.0
DTXSID2024955,803,0.0,0.0
DTXSID2025004,803,0.0,0.0
DTXSID2025006,803,0.0,0.0
DTXSID2025050,803,0.0,0.0
DTXSID2025058,803,0.0,0.0
DTXSID2025133,803,2.325536204029474e-16,0.0
DTXSID2025135,803,0.0,0.0
DTXSID2025137,803,0.0,0.0
DTXSID2025139,803,0.0,0.0
DTXSID2025183,803,0.0,0.0
DTXSID2025185,803,0.0,0.0
DTXSID2025216,803,0.0,0.0
DTXSID2025345,803,0.0,0.0
DTXSID2025347,803,3.482997419106672e-19,0.0
DTXSID2025391,803,0.0,0.0
DTXSID2025395,803,0.0,0.0
DTXSID2025422,803,0.0,0.0
DTXSID2025424,803,0.0,0.0
DTXSID2025474,803,0.0,0.0
DTXSID2025478,803,0.0,0.0
DTXSID2025501,803,0.0,0.0
DTXSID2025503,803,0.0,0.0
DTXSID2025505,803,0.0,0.0
DTXSID2025551,803,0.0,0.0
DTXSID2025557,803,0.0,0.0
DTXSID2025632,803,0.0,0.0
DTXSID2025634,803,0.0,0.0
DTXSID2025680,803,0.0,0.0
DTXSID2025688,803,0.0,0.0
DTXSID2025715,803,0.0,0.0
DTXSID2025761,803,0.9999999999447148,1.0
DTXSID2025763,803,0.0,0.0
DTXSID2025765,803,0.0,0.0
DTXSID2025840,803,0.0,0.0
DTXSID2025842,803,0.0,0.0
DTXSID2025846,803,0.0,0.0
DTXSID2025892,803,0.0,0.0
DTXSID2025896,803,0.0,0.0
DTXSID2025925,803,0.0,0.0
DTXSID2025975,803,0.0,0.0
DTXSID2025977,803,0.0,0.0
DTXSID2026022,803,0.0,0.0
DTXSID2026074,803,0.0,0.0
DTXSID2026076,803,0.0,0.0
DTXSID2026101,803,0.0,0.0
DTXSID2026107,803,0.0,0.0
DTXSID2026151,803,0.0,0.0
DTXSID2026157,803,0.0,0.0
DTXSID2026232,803,0.0,0.0
DTXSID2026238,803,0.0,0.0
DTXSID2026444,803,0.0,0.0
DTXSID2026446,803,0.0,0.0
DTXSID2026448,803,0.0,0.0
DTXSID2026494,803,0.0,0.0
DTXSID2026496,803,0.0,0.0
DTXSID2026523,803,0.0,0.0
DTXSID2026525,803,0.0,0.0
DTXSID2026527,803,0.0,0.0
DTXSID2026529,803,0.0,0.0
DTXSID2026573,803,0.0,0.0
DTXSID2026600,803,0.0,0.0
DTXSID2026602,803,0.0,0.0
DTXSID2026606,803,0.0,0.0
DTXSID2026608,803,0.0,0.0
DTXSID2026652,803,0.0,0.0
DTXSID2026739,803,3.2974726036321337e-09,0.0
DTXSID2026781,803,0.0,0.0
DTXSID2026783,803,0.0,0.0
DTXSID2026789,803,0.0,0.0
DTXSID2026864,803,0.0,0.0
DTXSID2026941,803,0.0,0.0
DTXSID2026943,803,0.0,0.0
DTXSID2026991,803,2.333739709400913e-15,0.0
DTXSID2026997,803,0.0,0.0
DTXSID2027044,803,0.0,0.0
DTXSID2027048,803,0.0,0.0
DTXSID2027092,803,0.0,0.0
DTXSID2027094,803,0.0,0.0
DTXSID2027096,803,0.0,0.0
DTXSID2027098,803,0.0,0.0
DTXSID2027175,803,0.0,0.0
DTXSID2027200,803,0.0,0.0
DTXSID2027204,803,0.0,0.0
DTXSID2027206,803,0.0,0.0
DTXSID2027254,803,0.0,0.0
DTXSID2027258,803,0.0,0.0
DTXSID2027333,803,0.0,0.0
DTXSID2027381,803,0.0,0.0
DTXSID2027412,803,0.0,0.0
DTXSID2027414,803,0.0,0.0
DTXSID2027416,803,0.0,0.0
DTXSID2027418,803,0.0,0.0
DTXSID2027462,803,0.0,0.0
DTXSID2027466,803,0.0,0.0
DTXSID2027543,803,0.0,0.0
DTXSID2027591,803,0.0,0.0
DTXSID2027593,803,0.0,0.0
DTXSID2027595,803,0.0,0.0
DTXSID2027599,803,0.0,0.0
DTXSID2027620,803,0.0,0.0
DTXSID2027624,803,0.0,0.0
DTXSID2027759,803,0.0,0.0
DTXSID2027830,803,0.0,0.0
DTXSID2027832,803,0.0,0.0
DTXSID2027834,803,0.0,0.0
DTXSID2027884,803,0.0,0.0
DTXSID2027886,803,0.0,0.0
DTXSID2027963,803,0.0,0.0
DTXSID2028010,803,0.0,0.0
DTXSID2028016,803,0.0,0.0
DTXSID2028723,803,0.0,0.0
DTXSID2028985,803,0.0,0.0
DTXSID2029117,803,0.0,0.0
DTXSID2029167,803,0.0,0.0
DTXSID2029169,803,0.0,0.0
DTXSID2029240,803,0.0,0.0
DTXSID2029242,803,0.0,0.0
DTXSID2029244,803,0.0,0.0
DTXSID2029246,803,0.0,0.0
DTXSID2029290,803,0.0,0.0
DTXSID2029298,803,0.0,0.0
DTXSID2029325,803,0.0,0.0
DTXSID2029327,803,0.0,0.0
DTXSID2029329,803,0.0,0.0
DTXSID2029612,803,0.0,0.0
DTXSID2029616,803,0.0,0.0
DTXSID2029662,803,0.0,0.0
DTXSID2029668,803,0.0,0.0
DTXSID2029874,803,0.0,0.0
DTXSID2030695,803,0.0,0.0
DTXSID2030857,803,0.0,0.0
DTXSID2031089,803,0.0,0.0
DTXSID2031532,803,0.0,0.0
DTXSID2031956,803,0.0,0.0
DTXSID2032005,803,0.0,0.0
DTXSID2032180,803,0.0,0.0
DTXSID2032344,803,0.0,0.0
DTXSID2032348,803,0.0,0.0
DTXSID2032390,803,0.0,0.0
DTXSID2032392,803,0.0,0.0
DTXSID2032398,803,0.0,0.0
DTXSID2032421,803,0.0,0.0
DTXSID2032500,803,,
DTXSID2032550,803,0.0,0.0
DTXSID2032552,803,0.0,0.0
DTXSID2032554,803,0.0,0.0
DTXSID2032556,803,0.0,0.0
DTXSID2032558,803,0.0,0.0
DTXSID2032631,803,0.0,0.0
DTXSID2032637,803,0.0,0.0
DTXSID2032639,803,0.0,0.0
DTXSID2032683,803,0.0,0.0
DTXSID2032891,803,0.0,0.0
DTXSID2033281,803,0.0,0.0
DTXSID2033314,803,0.0,0.0
DTXSID2033445,803,0.0,0.0
DTXSID2033447,803,0.0,0.0
DTXSID2033493,803,0.0,0.0
DTXSID2033736,803,0.0,0.0
DTXSID2033863,803,0.0,0.0
DTXSID2034091,803,0.0,0.0
DTXSID2034095,803,0.0,0.0
DTXSID2034255,803,0.0,0.0
DTXSID2034338,803,0.0,0.0
DTXSID2034382,803,0.0,0.0
DTXSID2034465,803,0.0,0.0
DTXSID2034540,803,0.0,0.0
DTXSID2034590,803,0.0,0.0
DTXSID2034598,803,0.0,0.0
DTXSID2034625,803,0.0,0.0
DTXSID2034627,803,0.0,0.0
DTXSID2034673,803,0.0,0.0
DTXSID2034700,803,0.0,0.0
DTXSID2034833,803,0.0,0.0
DTXSID2034881,803,0.0,0.0
DTXSID2034885,803,0.0,0.0
DTXSID2034962,803,0.0,0.0
DTXSID2034968,803,0.0,0.0
DTXSID2035013,803,0.0,0.0
DTXSID2035481,803,0.0,0.0
DTXSID2036112,803,0.0,0.0
DTXSID2036299,803,0.0,0.0
DTXSID2036409,803,0.0,0.0
DTXSID2036588,803,0.0,0.0
DTXSID2036827,803,0.0,0.0
DTXSID2037186,803,0.0,0.0
DTXSID2037508,803,0.0,0.0
DTXSID2037712,803,0.0,0.0
DTXSID2037714,803,0.0,0.0
DTXSID2038732,803,0.0,0.0
DTXSID2038788,803,1.7319091376086811e-15,0.0
DTXSID2038813,803,0.0,0.0
DTXSID2039336,803,0.0,0.0
DTXSID2040151,803,0.0,0.0
DTXSID2040234,803,0.0,0.0
DTXSID2040236,803,0.0,0.0
DTXSID2040284,803,0.0,0.0
DTXSID2040361,803,0.0,0.0
DTXSID2040363,803,,
DTXSID2040525,803,0.0,0.0
DTXSID2040579,803,0.0,0.0
DTXSID2040608,803,0.0,0.0
DTXSID2040652,803,0.0,0.0
DTXSID2040656,803,0.0,0.0
DTXSID2040731,803,0.0,0.0
DTXSID2040735,803,0.0,0.0
DTXSID2040739,803,0.0,0.0
DTXSID2040783,803,0.0,0.0
DTXSID2040787,803,0.0,0.0
DTXSID2040945,803,0.0,0.0
DTXSID2041046,803,0.0,0.0
DTXSID2041125,803,0.0,0.0
DTXSID2041200,803,0.0,0.0
DTXSID2041206,803,0.40031768526003475,0.0
DTXSID2041208,803,0.0,0.0
DTXSID2041250,803,0.0,0.0
DTXSID2041252,803,0.0,0.0
DTXSID2041256,803,0.0,0.0
DTXSID2041389,803,0.0,0.0
DTXSID2041412,803,0.0,0.0
DTXSID2041416,803,0.0,0.0
DTXSID2041418,803,0.0,0.0
DTXSID2041460,803,0.0,0.0
DTXSID2041464,803,0.0,0.0
DTXSID2041468,803,0.0,0.0
DTXSID2041541,803,0.0,0.0
DTXSID2041545,803,0.0,0.0
DTXSID2041547,803,0.0,0.0
DTXSID2041622,803,0.0,0.0
DTXSID2041626,803,0.0,0.0
DTXSID2041672,803,0.0,0.0
DTXSID2041703,803,0.0,0.0
DTXSID2041709,803,0.0,0.0
DTXSID2041759,803,0.0,0.0
DTXSID2041880,803,0.0,0.0
DTXSID2041884,803,0.0,0.0
DTXSID2041886,803,0.0,0.0
DTXSID2041913,803,0.0,0.0
DTXSID2041917,803,0.0,0.0
DTXSID2042014,803,0.0,0.0
DTXSID2042060,803,0.0,0.0
DTXSID2042062,803,0.0,0.0
DTXSID2042143,803,1.3621795779286636e-14,0.0
DTXSID2042145,803,3.6686561373264627e-09,0.0
DTXSID2042149,803,0.0,0.0
DTXSID2042191,803,0.0,0.0
DTXSID2042195,803,0.0,0.0
DTXSID2042199,803,0.0,0.0
DTXSID2042220,803,0.0,0.0
DTXSID2042224,803,0.0,0.0
DTXSID2042276,803,0.0,0.0
DTXSID2042436,803,0.0,0.0
DTXSID2043874,803,0.0,0.0
DTXSID2043909,803,0.0,0.0
DTXSID2044000,803,0.0,0.0
DTXSID2044002,803,0.0,0.0
DTXSID2044131,803,0.0,0.0
DTXSID2044137,803,0.0,0.0
DTXSID2044210,803,0.0,0.0
DTXSID2044214,803,0.0,0.0
DTXSID2044218,803,0.0,0.0
DTXSID2044266,803,0.0,0.0
DTXSID2044268,803,0.0,0.0
DTXSID2044347,803,0.0,0.0
DTXSID2044391,803,0.0,0.0
DTXSID2044393,803,0.0,0.0
DTXSID2044395,803,0.0,0.0
DTXSID2044397,803,0.0,0.0
DTXSID2044399,803,0.0,0.0
DTXSID2044420,803,0.0,0.0
DTXSID2044424,803,0.0,0.0
DTXSID2044428,803,0.0,0.0
DTXSID2044470,803,0.0,0.0
DTXSID2044472,803,0.0,0.0
DTXSID2044474,803,0.0,0.0
DTXSID2044503,803,0.0,0.0
DTXSID2044507,803,0.0,0.0
DTXSID2044509,803,0.0,0.0
DTXSID2044553,803,0.0,0.0
DTXSID2044559,803,0.0,0.0
DTXSID2044632,803,0.0,0.0
DTXSID2044638,803,0.0,0.0
DTXSID2044680,803,0.0,0.0
DTXSID2044682,803,0.0,0.0
DTXSID2044684,803,0.0,0.0
DTXSID2044686,803,0.0,0.0
DTXSID2044713,803,0.0,0.0
DTXSID2044715,803,0.0,0.0
DTXSID2044719,803,0.0,0.0
DTXSID2044763,803,0.0,0.0
DTXSID2044765,803,0.0,0.0
DTXSID2044767,803,0.0,0.0
DTXSID2044769,803,0.0,0.0
DTXSID2044840,803,0.0,0.0
DTXSID2044842,803,0.0,0.0
DTXSID2044844,803,0.0,0.0
DTXSID2044846,803,0.0,0.0
DTXSID2044848,803,0.0,0.0
DTXSID2044890,803,0.0,0.0
DTXSID2044892,803,4.605867643603738e-09,0.0
DTXSID2044894,803,0.0,0.0
DTXSID2044896,803,0.0,0.0
DTXSID2044898,803,0.0,0.0
DTXSID2044921,803,0.0,0.0
DTXSID2044923,803,0.0,0.0
DTXSID2044925,803,0.0,0.0
DTXSID2044927,803,0.0,0.0
DTXSID2044929,803,0.0,0.0
DTXSID2044971,803,0.0,0.0
DTXSID2044973,803,0.0,0.0
DTXSID2044975,803,0.0,0.0
DTXSID2044979,803,0.0,0.0
DTXSID2045072,803,0.0,0.0
DTXSID2045076,803,0.0,0.0
DTXSID2045078,803,0.0,0.0
DTXSID2045101,803,0.0,0.0
DTXSID2045103,803,0.0,0.0
DTXSID2045105,803,0.0,0.0
DTXSID2045107,803,0.0,0.0
DTXSID2045109,803,0.0,0.0
DTXSID2045151,803,0.0,0.0
DTXSID2045153,803,0.0,0.0
DTXSID2045157,803,0.0,0.0
DTXSID2045232,803,1.0,1.0
DTXSID2045236,803,0.0,0.0
DTXSID2045238,803,0.0,0.0
DTXSID2045280,803,0.0,0.0
DTXSID2045315,803,0.0,0.0
DTXSID2045361,803,0.0,0.0
DTXSID2045365,803,0.0,0.0
DTXSID2045367,803,0.0,0.0
DTXSID2045440,803,0.0,0.0
DTXSID2045442,803,0.0,0.0
DTXSID2045444,803,0.0,0.0
DTXSID2045448,803,0.0,0.0
DTXSID2045490,803,0.0,0.0
DTXSID2045492,803,0.0,0.0
DTXSID2045494,803,0.0,0.0
DTXSID2045496,803,0.0,0.0
DTXSID2045498,803,0.0,0.0
DTXSID2045521,803,0.0,0.0
DTXSID2045523,803,0.0,0.0
DTXSID2045527,803,0.0,0.0
DTXSID2045529,803,0.0,0.0
DTXSID2045571,803,0.0,0.0
DTXSID2045573,803,0.0,0.0
DTXSID2045575,803,0.0,0.0
DTXSID2045579,803,0.0,0.0
DTXSID2045600,803,0.0,0.0
DTXSID2045602,803,0.0,0.0
DTXSID2045604,803,0.0,0.0
DTXSID2045606,803,0.0,0.0
DTXSID2045608,803,0.0,0.0
DTXSID2045650,803,0.0,0.0
DTXSID2045652,803,0.0,0.0
DTXSID2045654,803,0.0,0.0
DTXSID2045656,803,0.0,0.0
DTXSID2045658,803,0.0,0.0
DTXSID2045735,803,0.0,0.0
DTXSID2045781,803,0.0,0.0
DTXSID2045783,803,0.0,0.0
DTXSID2045785,803,0.0,0.0
DTXSID2045787,803,0.0,0.0
DTXSID2045789,803,1.0,1.0
DTXSID2045810,803,0.0,0.0
DTXSID2045812,803,0.0,0.0
DTXSID2045814,803,0.0,0.0
DTXSID2045860,803,0.0,0.0
DTXSID2045862,803,0.0,0.0
DTXSID2045864,803,0.0,0.0
DTXSID2045868,803,0.0,0.0
DTXSID2045941,803,0.0,0.0
DTXSID2045943,803,0.0,0.0
DTXSID2045945,803,0.0,0.0
DTXSID2045993,803,0.0,0.0
DTXSID2046042,803,0.0,0.0
DTXSID2046090,803,0.0,0.0
DTXSID2046092,803,0.0,0.0
DTXSID2046094,803,0.0,0.0
DTXSID2046096,803,0.0,0.0
DTXSID2046121,803,0.0,0.0
DTXSID2046123,803,0.0,0.0
DTXSID2046127,803,0.0,0.0
DTXSID2046171,803,0.0,0.0
DTXSID2046173,803,0.0,0.0
DTXSID2046175,803,0.0,0.0
DTXSID2046177,803,0.0,0.0
DTXSID2046179,803,0.0,0.0
DTXSID2046200,803,0.0,0.0
DTXSID2046202,803,0.0,0.0
DTXSID2046206,803,0.0,0.0
DTXSID2046208,803,0.0,0.0
DTXSID2046250,803,0.0,0.0
DTXSID2046252,803,0.0,0.0
DTXSID2046254,803,0.0,0.0
DTXSID2046256,803,0.0,0.0
DTXSID2046258,803,0.0,0.0
DTXSID2046383,803,0.0,0.0
DTXSID2046385,803,0.0,0.0
DTXSID2046389,803,0.0,0.0
DTXSID2046410,803,0.0,0.0
DTXSID2046412,803,0.0,0.0
DTXSID2046414,803,0.0,0.0
DTXSID2046418,803,0.0,0.0
DTXSID2046460,803,0.0,0.0
DTXSID2046462,803,0.0,0.0
DTXSID2046464,803,0.0,0.0
DTXSID2046468,803,0.0,0.0
DTXSID2046541,803,0.0,0.0
DTXSID2046543,803,0.0,0.0
DTXSID2046545,803,0.0,0.0
DTXSID2046549,803,0.0,0.0
DTXSID2046591,803,0.0,0.0
DTXSID2046593,803,0.0,0.0
DTXSID2046597,803,0.0,0.0
DTXSID2046599,803,0.0,0.0
DTXSID2046624,803,0.0,0.0
DTXSID2046626,803,0.0,0.0
DTXSID2046628,803,0.0,0.0
DTXSID2046670,803,0.0,0.0
DTXSID2046674,803,0.0,0.0
DTXSID2046678,803,0.0,0.0
DTXSID2046701,803,0.0,0.0
DTXSID2046703,803,0.0,0.0
DTXSID2046705,803,0.0,0.0
DTXSID2046707,803,0.0,0.0
DTXSID2046709,803,0.0,0.0
DTXSID2046751,803,0.0,0.0
DTXSID2046755,803,0.0,0.0
DTXSID2046757,803,0.0,0.0
DTXSID2046759,803,0.0,0.0
DTXSID2046830,803,0.0,0.0
DTXSID2046832,803,0.0,0.0
DTXSID2046834,803,0.0,0.0
DTXSID2046836,803,0.0,0.0
DTXSID2046880,803,0.0,0.0
DTXSID2046882,803,0.0,0.0
DTXSID2046886,803,0.0,0.0
DTXSID2046888,803,0.0,0.0
DTXSID2046911,803,0.0,0.0
DTXSID2046913,803,0.0,0.0
DTXSID2046915,803,0.0,0.0
DTXSID2046919,803,0.0,0.0
DTXSID2047060,803,0.0,0.0
DTXSID2047062,803,0.0,0.0
DTXSID2047064,803,0.0,0.0
DTXSID2047066,803,0.0,0.0
DTXSID2047068,803,0.0,0.0
DTXSID2047141,803,0.0,0.0
DTXSID2047145,803,0.0,0.0
DTXSID2047149,803,0.0,0.0
DTXSID2047191,803,0.0,0.0
DTXSID2047193,803,0.0,0.0
DTXSID2047195,803,0.0,0.0
DTXSID2047197,803,0.0,0.0
DTXSID2047199,803,0.0,0.0
DTXSID2047270,803,0.0,0.0
DTXSID2047272,803,0.0,0.0
DTXSID2047274,803,2.8758101454912067e-18,0.0
DTXSID2047276,803,0.0,0.0
DTXSID2047278,803,0.0,0.0
DTXSID2047301,803,0.0,0.0
DTXSID2047303,803,0.0,0.0
DTXSID2047305,803,0.0,0.0
DTXSID2047307,803,0.0,0.0
DTXSID2047309,803,0.0,0.0
DTXSID2047351,803,0.0,0.0
DTXSID2047353,803,0.0,0.0
DTXSID2047355,803,0.0,0.0
DTXSID2047357,803,0.0,0.0
DTXSID2047359,803,0.0,0.0
DTXSID2047434,803,0.0,0.0
DTXSID2047436,803,0.9998861517747365,1.0
DTXSID2047484,803,0.0,0.0
DTXSID2047486,803,0.0,0.0
DTXSID2047511,803,0.0,0.0
DTXSID2047517,803,0.0,0.0
DTXSID2047519,803,0.0,0.0
DTXSID2047565,803,0.0,0.0
DTXSID2047567,803,0.0,0.0
DTXSID2047569,803,0.0,0.0
DTXSID2047642,803,0.0,0.0
DTXSID2047644,803,0.0,0.0
DTXSID2047646,803,0.0,0.0
DTXSID2047648,803,0.0,0.0
DTXSID2047694,803,0.0,0.0
DTXSID2047696,803,0.0,0.0
DTXSID2047721,803,0.0,0.0
DTXSID2047723,803,0.0,0.0
DTXSID2047725,803,0.0,0.0
DTXSID2047773,803,0.0,0.0
DTXSID2047775,803,0.0,0.0
DTXSID2047777,803,0.0,0.0
DTXSID2047779,803,0.0,0.0
DTXSID2047800,803,0.0,0.0
DTXSID2047802,803,0.0,0.0
DTXSID2047804,803,0.0,0.0
DTXSID2047806,803,0.0,0.0
DTXSID2047850,803,0.0,0.0
DTXSID2047852,803,0.0,0.0
DTXSID2047856,803,0.0,0.0
DTXSID2047858,803,0.0,0.0
DTXSID2047931,803,0.0,0.0
DTXSID2047933,803,0.0,0.0
DTXSID2047935,803,0.0,0.0
DTXSID2047937,803,0.0,0.0
DTXSID2047939,803,0.0,0.0
DTXSID2048161,803,0.0,0.0
DTXSID2048167,803,0.0,0.0
DTXSID2048169,803,0.0,0.0
DTXSID2048379,803,0.0,0.0
DTXSID2048581,803,0.0,0.0
DTXSID2048583,803,0.0,0.0
DTXSID2048585,803,0.0,0.0
DTXSID2048587,803,0.0,0.0
DTXSID2048589,803,0.0,0.0
DTXSID2048610,803,0.0,0.0
DTXSID2048612,803,0.0,0.0
DTXSID2048614,803,0.0,0.0
DTXSID2048616,803,0.0,0.0
DTXSID2048618,803,0.0,0.0
DTXSID2048660,803,0.0,0.0
DTXSID2048662,803,0.0,0.0
DTXSID2048664,803,0.0,0.0
DTXSID2048666,803,0.0,0.0
DTXSID2048668,803,0.0,0.0
DTXSID2048741,803,0.0,0.0
DTXSID2048743,803,0.0,0.0
DTXSID2048745,803,0.0,0.0
DTXSID2048747,803,0.0,0.0
DTXSID2048749,803,0.0,0.0
DTXSID2048791,803,0.0,0.0
DTXSID2048793,803,0.0,0.0
DTXSID2048795,803,0.0,0.0
DTXSID2048797,803,0.0,0.0
DTXSID2048799,803,0.0,0.0
DTXSID2048820,803,0.0,0.0
DTXSID2048822,803,0.0,0.0
DTXSID2048824,803,0.0,0.0
DTXSID2048826,803,0.0,0.0
DTXSID2048828,803,0.0,0.0
DTXSID2048870,803,0.0,0.0
DTXSID2048872,803,0.0,0.0
DTXSID2048874,803,0.0,0.0
DTXSID2048876,803,0.0,0.0
DTXSID2048878,803,0.0,0.0
DTXSID2048901,803,0.0,0.0
DTXSID2048903,803,0.0,0.0
DTXSID2048905,803,0.0,0.0
DTXSID2048907,803,0.0,0.0
DTXSID2048909,803,0.0,0.0
DTXSID2048953,803,0.0,0.0
DTXSID2048955,803,0.0,0.0
DTXSID2048957,803,0.0,0.0
DTXSID2048959,803,0.0,0.0
DTXSID2049000,803,0.0,0.0
DTXSID2049002,803,0.0,0.0
DTXSID2049004,803,0.0,0.0
DTXSID2049006,803,0.0,0.0
DTXSID2049008,803,0.0,0.0
DTXSID2049050,803,0.0,0.0
DTXSID2049052,803,0.0,0.0
DTXSID2049054,803,0.0,0.0
DTXSID2049056,803,0.0,0.0
DTXSID2049058,803,0.0,0.0
DTXSID2049135,803,0.0,0.0
DTXSID2049210,803,0.0,0.0
DTXSID2049212,803,0.0,0.0
DTXSID2049214,803,0.0,0.0
DTXSID2049216,803,0.0,0.0
DTXSID2049218,803,0.0,0.0
DTXSID2049260,803,0.0,0.0
DTXSID2049262,803,0.0,0.0
DTXSID2049264,803,0.0,0.0
DTXSID2049266,803,0.0,0.0
DTXSID2049268,803,0.0,0.0
DTXSID2049341,803,0.0,0.0
DTXSID2049343,803,0.0,0.0
DTXSID2049345,803,0.0,0.0
DTXSID2049347,803,0.0,0.0
DTXSID2049349,803,0.0,0.0
DTXSID2049391,803,0.0,0.0
DTXSID2049393,803,0.0,0.0
DTXSID2049395,803,0.0,0.0
DTXSID2049397,803,0.0,0.0
DTXSID2049399,803,0.0,0.0
DTXSID2049420,803,0.0,0.0
DTXSID2049422,803,0.0,0.0
DTXSID2049424,803,0.0,0.0
DTXSID2049426,803,0.0,0.0
DTXSID2049428,803,0.0,0.0
DTXSID2049470,803,0.0,0.0
DTXSID2049472,803,0.0,0.0
DTXSID2049474,803,0.0,0.0
DTXSID2049476,803,0.0,0.0
DTXSID2049478,803,0.0,0.0
DTXSID2049501,803,0.0,0.0
DTXSID2049503,803,0.0,0.0
DTXSID2049505,803,0.0,0.0
DTXSID2049507,803,0.0,0.0
DTXSID2049509,803,0.0,0.0
DTXSID2049551,803,0.0,0.0
DTXSID2049553,803,0.0,0.0
DTXSID2049555,803,0.0,0.0
DTXSID2049557,803,0.0,0.0
DTXSID2049559,803,0.0,0.0
DTXSID3020043,803,0.0,0.0
DTXSID3020047,803,0.0,0.0
DTXSID3020091,803,0.0,0.0
DTXSID3020093,803,0.0,0.0
DTXSID3020095,803,0.0,0.0
DTXSID3020097,803,0.0,0.0
DTXSID3020099,803,0.0,0.0
DTXSID3020120,803,0.0,0.0
DTXSID3020122,803,0.0,0.0
DTXSID3020128,803,0.0,0.0
DTXSID3020205,803,0.0,0.0
DTXSID3020207,803,0.0,0.0
DTXSID3020209,803,0.0,0.0
DTXSID3020253,803,0.0,0.0
DTXSID3020257,803,0.0,0.0
DTXSID3020330,803,0.0,0.0
DTXSID3020332,803,0.0,0.0
DTXSID3020336,803,0.0,0.0
DTXSID3020380,803,0.0,0.0
DTXSID3020384,803,0.0,0.0
DTXSID3020413,803,0.0,0.0
DTXSID3020415,803,0.0,0.0
DTXSID3020419,803,0.0,0.0
DTXSID3020463,803,0.0,0.0
DTXSID3020465,803,0.0,0.0
DTXSID3020469,803,0.0,0.0
DTXSID3020540,803,0.0,0.0
DTXSID3020546,803,0.0,0.0
DTXSID3020548,803,0.0,0.0
DTXSID3020596,803,0.0,0.0
DTXSID3020598,803,0.0,0.0
DTXSID3020621,803,0.0,0.0
DTXSID3020625,803,0.0,0.0
DTXSID3020627,803,0.0,0.0
DTXSID3020629,803,0.0,0.0
DTXSID3020671,803,0.0,0.0
DTXSID3020673,803,0.0,0.0
DTXSID3020679,803,0.0,0.0
DTXSID3020700,803,0.0,0.0
DTXSID3020704,803,0.0,0.0
DTXSID3020706,803,0.0,0.0
DTXSID3020708,803,0.0,0.0
DTXSID3020750,803,0.5501841300249366,0.0
DTXSID3020752,803,0.0,0.0
DTXSID3020756,803,0.0,0.0
DTXSID3020833,803,0.0,0.0
DTXSID3020835,803,0.0,0.0
DTXSID3020887,803,0.0,0.0
DTXSID3020889,803,0.0,0.0
DTXSID3020910,803,0.0,0.0
DTXSID3020912,803,0.0,0.0
DTXSID3020914,803,0.0,0.0
DTXSID3020916,803,0.0,0.0
DTXSID3020918,803,2.0621218114064433e-19,0.0
DTXSID3020960,803,0.0,0.0
DTXSID3020962,803,0.0,0.0
DTXSID3020964,803,0.0,0.0
DTXSID3020966,803,0.0,0.0
DTXSID3021065,803,0.0,0.0
DTXSID3021069,803,0.0,0.0
DTXSID3021140,803,0.0,0.0
DTXSID3021142,803,0.0,0.0
DTXSID3021144,803,0.0,0.0
DTXSID3021148,803,0.0,0.0
DTXSID3021190,803,0.0,0.0
DTXSID3021192,803,0.0,0.0
DTXSID3021196,803,0.0,0.0
DTXSID3021198,803,0.0,0.0
DTXSID3021221,803,0.0,0.0
DTXSID3021223,803,0.0,0.0
DTXSID3021275,803,0.0,0.0
DTXSID3021277,803,0.0,0.0
DTXSID3021304,803,0.0,0.0
DTXSID3021354,803,0.0,0.0
DTXSID3021356,803,0.0,0.0
DTXSID3021358,803,0.0,0.0
DTXSID3021431,803,0.0,0.0
DTXSID3021437,803,0.0,0.0
DTXSID3021483,803,3.1127081512444526e-21,0.0
DTXSID3021485,803,0.0,0.0
DTXSID3021487,803,0.0,0.0
DTXSID3021516,803,0.0,0.0
DTXSID3021518,803,0.0,0.0
DTXSID3021562,803,0.0,0.0
DTXSID3021641,803,0.0,0.0
DTXSID3021643,803,0.0,0.0
DTXSID3021645,803,0.0,0.0
DTXSID3021647,803,0.0,0.0
DTXSID3021726,803,0.0,0.0
DTXSID3021770,803,0.0,0.0
DTXSID3021772,803,0.0,0.0
DTXSID3021774,803,0.0,0.0
DTXSID3021778,803,0.0,0.0
DTXSID3021801,803,0.0,0.0
DTXSID3021803,803,0.0,0.0
DTXSID3021805,803,0.0,0.0
DTXSID3021807,803,0.0,0.0
DTXSID3021851,803,0.0,0.0
DTXSID3021853,803,0.0,0.0
DTXSID3021930,803,0.0,0.0
DTXSID3021932,803,0.0,0.0
DTXSID3021936,803,0.0,0.0
DTXSID3021938,803,0.0,0.0
DTXSID3021980,803,0.0,0.0
DTXSID3021982,803,0.0,0.0
DTXSID3021984,803,0.0,0.0
DTXSID3021986,803,0.0,0.0
DTXSID3021988,803,0.0,0.0
DTXSID3022035,803,0.0,0.0
DTXSID3022089,803,0.0,0.0
DTXSID3022160,803,0.0,0.0
DTXSID3022162,803,0.0,0.0
DTXSID3022164,803,0.0,0.0
DTXSID3022247,803,0.0,0.0
DTXSID3022320,803,0.0,0.0
DTXSID3022326,803,0.0,0.0
DTXSID3022370,803,0.0,0.0
DTXSID3022401,803,0.0,0.0
DTXSID3022403,803,0.0,0.0
DTXSID3022405,803,0.0,0.0
DTXSID3022409,803,0.0,0.0
DTXSID3022455,803,0.0,0.0
DTXSID3022536,803,0.0,0.0
DTXSID3022582,803,0.0,0.0
DTXSID3022584,803,0.0,0.0
DTXSID3022586,803,0.0,0.0
DTXSID3022588,803,0.0,0.0
DTXSID3022611,803,0.0,0.0
DTXSID3022617,803,0.0,0.0
DTXSID3022663,803,0.0,0.0
DTXSID3022667,803,0.0,0.0
DTXSID3022742,803,0.0,0.0
DTXSID3022748,803,0.0,0.0
DTXSID3022796,803,0.0,0.0
DTXSID3022798,803,0.0,0.0
DTXSID3022821,803,0.0,0.0
DTXSID3022825,803,0.0,0.0
DTXSID3022829,803,0.0,0.0
DTXSID3022871,803,0.0,0.0
DTXSID3022873,803,0.0,0.0
DTXSID3022875,803,0.0,0.0
DTXSID3022877,803,0.0,0.0
DTXSID3022902,803,0.0,0.0
DTXSID3022904,803,0.0,0.0
DTXSID3022906,803,0.0,0.0
DTXSID3022950,803,0.0,0.0
DTXSID3022956,803,0.0,0.0
DTXSID3022958,803,0.0,0.0
DTXSID3023001,803,0.0,0.0
DTXSID3023005,803,0.0,0.0
DTXSID3023007,803,0.0,0.0
DTXSID3023051,803,0.0,0.0
DTXSID3023057,803,0.0,0.0
DTXSID3023059,803,0.0,0.0
DTXSID3023132,803,0.0,0.0
DTXSID3023180,803,0.0,0.0
DTXSID3023188,803,0.0,0.0
DTXSID3023219,803,0.0,0.0
DTXSID3023261,803,0.0,0.0
DTXSID3023265,803,0.0,0.0
DTXSID3023269,803,0.0,0.0
DTXSID3023340,803,0.0,0.0
DTXSID3023342,803,0.0,0.0
DTXSID3023398,803,0.0,0.0
DTXSID3023425,803,0.0,0.0
DTXSID3023427,803,0.0,0.0
DTXSID3023471,803,0.0,0.0
DTXSID3023479,803,0.0,0.0
DTXSID3023502,803,0.0,0.0
DTXSID3023508,803,0.0,0.0
DTXSID3023550,803,0.0,0.0
DTXSID3023552,803,0.0,0.0
DTXSID3023554,803,0.0,0.0
DTXSID3023556,803,0.0,0.0
DTXSID3023681,803,0.0,0.0
DTXSID3023685,803,0.0,0.0
DTXSID3023687,803,0.0,0.0
DTXSID3023712,803,0.0,0.0
DTXSID3023716,803,0.0,0.0
DTXSID3023718,803,0.0,0.0
DTXSID3023764,803,0.0,0.0
DTXSID3023845,803,0.0,0.0
DTXSID3023897,803,0.0,0.0
DTXSID3023899,803,0.0,0.0
DTXSID3023974,803,0.0,0.0
DTXSID3024077,803,0.0,0.0
DTXSID3024100,803,0.0,0.0
DTXSID3024102,803,0.0,0.0
DTXSID3024104,803,0.0,0.0
DTXSID3024108,803,0.0,0.0
DTXSID3024152,803,0.0,0.0
DTXSID3024154,803,0.0,0.0
DTXSID3024235,803,0.0,0.0
DTXSID3024239,803,0.0,0.0
DTXSID3024287,803,0.0,0.0
DTXSID3024289,803,0.0,0.0
DTXSID3024316,803,0.0,0.0
DTXSID3024318,803,0.0,0.0
DTXSID3024362,803,0.0,0.0
DTXSID3024364,803,0.9999628471787623,1.0
DTXSID3024366,803,0.0,0.0
DTXSID3024368,803,0.0,0.0
DTXSID3024441,803,0.0,0.0
DTXSID3024447,803,0.0,0.0
DTXSID3024449,803,0.0,0.0
DTXSID3024491,803,0.0,0.0
DTXSID3024497,803,0.0,0.0
DTXSID3024499,803,0.0,0.0
DTXSID3024522,803,0.0,0.0
DTXSID3024528,803,0.0,0.0
DTXSID3024574,803,0.0,0.0
DTXSID3024603,803,0.0,0.0
DTXSID3024657,803,0.0,0.0
DTXSID3024659,803,0.0,0.0
DTXSID3024736,803,0.0,0.0
DTXSID3024738,803,0.0,0.0
DTXSID3024786,803,0.0,0.0
DTXSID3024815,803,0.0,0.0
DTXSID3024861,803,0.0,0.0
DTXSID3024869,803,4.2807549184355024e-13,0.0
DTXSID3024940,803,0.0,0.0
DTXSID3024942,803,0.0,0.0
DTXSID3024944,803,0.0,0.0
DTXSID3024994,803,0.0,0.0
DTXSID3024998,803,0.0,0.0
DTXSID3025041,803,0.0,0.0
DTXSID3025045,803,0.0,0.0
DTXSID3025047,803,0.0,0.0
DTXSID3025049,803,0.0,0.0
DTXSID3025091,803,0.0,0.0
DTXSID3025093,803,0.0,0.0
DTXSID3025122,803,0.0,0.0
DTXSID3025178,803,0.0,0.0
DTXSID3025203,803,0.0,0.0
DTXSID3025209,803,0.0,0.0
DTXSID3025253,803,0.0,0.0
DTXSID3025257,803,0.0,0.0
DTXSID3025330,803,0.0,0.0
DTXSID3025332,803,0.0,0.0
DTXSID3025338,803,0.0,0.0
DTXSID3025461,803,0.0,0.0
DTXSID3025465,803,0.0,0.0
DTXSID3025469,803,0.0,0.0
DTXSID3025540,803,0.0,0.0
DTXSID3025542,803,0.0,0.0
DTXSID3025548,803,0.0,0.0
DTXSID3025590,803,0.0,0.0
DTXSID3025629,803,0.0,0.0
DTXSID3025671,803,0.0,0.0
DTXSID3025706,803,0.0,0.0
DTXSID3025758,803,0.0,0.0
DTXSID3025839,803,0.0,0.0
DTXSID3025881,803,0.0,0.0
DTXSID3025889,803,0.0,0.0
DTXSID3026065,803,0.0,0.0
DTXSID3026067,803,0.0,0.0
DTXSID3026148,803,0.0,0.0
DTXSID3026190,803,0.0,0.0
DTXSID3026223,803,0.0,0.0
DTXSID3026275,803,0.0,0.0
DTXSID3026279,803,0.0,0.0
DTXSID3026302,803,0.0,0.0
DTXSID3026304,803,0.0,0.0
DTXSID3026306,803,0.0,0.0
DTXSID3026308,803,0.0,0.0
DTXSID3026512,803,0.0,0.0
DTXSID3026514,803,0.0,0.0
DTXSID3026516,803,0.0,0.0
DTXSID3026560,803,0.0,0.0
DTXSID3026562,803,0.0,0.0
DTXSID3026564,803,0.0,0.0
DTXSID3026566,803,0.0,0.0
DTXSID3026641,803,0.0,0.0
DTXSID3026645,803,0.0,0.0
DTXSID3026647,803,0.0,0.0
DTXSID3026691,803,0.0,0.0
DTXSID3026697,803,0.0,0.0
DTXSID3026724,803,0.0,0.0
DTXSID3026726,803,0.0,0.0
DTXSID3026728,803,0.0,0.0
DTXSID3026851,803,0.0,0.0
DTXSID3026932,803,0.0,0.0
DTXSID3026984,803,0.0,0.0
DTXSID3027037,803,0.0,0.0
DTXSID3027039,803,0.0,0.0
DTXSID3027085,803,0.0,0.0
DTXSID3027116,803,0.0,0.0
DTXSID3027241,803,0.0,0.0
DTXSID3027247,803,0.0,0.0
DTXSID3027249,803,0.0,0.0
DTXSID3027291,803,0.0,0.0
DTXSID3027293,803,0.0,0.0
DTXSID3027295,803,0.0,0.0
DTXSID3027297,803,0.0,0.0
DTXSID3027320,803,0.0,0.0
DTXSID3027322,803,0.0,0.0
DTXSID3027328,803,0.0,0.0
DTXSID3027370,803,0.0,0.0
DTXSID3027401,803,0.0,0.0
DTXSID3027403,803,0.0,0.0
DTXSID3027405,803,0.0,0.0
DTXSID3027407,803,0.0,0.0
DTXSID3027530,803,0.0,0.0
DTXSID3027534,803,0.0,0.0
DTXSID3027536,803,4.427948936695282e-17,0.0
DTXSID3027580,803,0.0,0.0
DTXSID3027584,803,0.0,0.0
DTXSID3027586,803,0.0,0.0
DTXSID3027588,803,0.0,0.0
DTXSID3027615,803,0.0,0.0
DTXSID3027617,803,0.0,0.0
DTXSID3027740,803,0.0,0.0
DTXSID3027790,803,0.0,0.0
DTXSID3027792,803,0.0,0.0
DTXSID3027798,803,0.0,0.0
DTXSID3027823,803,0.0,0.0
DTXSID3027829,803,0.0,0.0
DTXSID3027875,803,0.0,0.0
DTXSID3027877,803,0.0,0.0
DTXSID3027902,803,0.0,0.0
DTXSID3027950,803,0.0,0.0
DTXSID3028001,803,0.0,0.0
DTXSID3028005,803,0.0,0.0
DTXSID3029108,803,0.0,0.0
DTXSID3029150,803,0.0,0.0
DTXSID3029152,803,0.0,0.0
DTXSID3029154,803,0.0,0.0
DTXSID3029158,803,0.0,0.0
DTXSID3029231,803,0.0,0.0
DTXSID3029233,803,0.0,0.0
DTXSID3029235,803,0.0,0.0
DTXSID3029237,803,0.0,0.0
DTXSID3029281,803,0.0,0.0
DTXSID3029283,803,0.0,0.0
DTXSID3029287,803,0.0,0.0
DTXSID3029289,803,0.0,0.0
DTXSID3029310,803,0.0,0.0
DTXSID3029312,803,0.0,0.0
DTXSID3029362,803,0.0,0.0
DTXSID3029364,803,0.0,0.0
DTXSID3029572,803,0.0,0.0
DTXSID3029607,803,0.0,0.0
DTXSID3029651,803,0.0,0.0
DTXSID3029653,803,0.0,0.0
DTXSID3029655,803,0.0,0.0
DTXSID3029815,803,0.0,0.0
DTXSID3029869,803,0.0,0.0
DTXSID3030056,803,0.0,0.0
DTXSID3030189,803,0.0,0.0
DTXSID3030428,803,0.0,0.0
DTXSID3030636,803,0.0,0.0
DTXSID3031444,803,0.0,0.0
DTXSID3031492,803,0.0,0.0
DTXSID3031521,803,0.0,0.0
DTXSID3031860,803,0.0,0.0
DTXSID3031862,803,0.0,0.0
DTXSID3031864,803,0.0,0.0
DTXSID3032129,803,0.0,0.0
DTXSID3032337,803,0.0,0.0
DTXSID3032389,803,0.0,0.0
DTXSID3032412,803,0.0,0.0
DTXSID3032416,803,0.0,0.0
DTXSID3032464,803,0.0,0.0
DTXSID3032547,803,0.0,0.0
DTXSID3032549,803,0.0,0.0
DTXSID3032591,803,0.0,0.0
DTXSID3032620,803,0.0,0.0
DTXSID3032622,803,0.0,0.0
DTXSID3032624,803,0.0,0.0
DTXSID3032628,803,0.0,0.0
DTXSID3032751,803,0.0,0.0
DTXSID3032759,803,0.0,0.0
DTXSID3032832,803,0.0,0.0
DTXSID3033276,803,0.0,0.0
DTXSID3033307,803,0.0,0.0
DTXSID3033511,803,0.0,0.0
DTXSID3033519,803,0.0,0.0
DTXSID3033983,803,0.0,0.0
DTXSID3033989,803,0.0,0.0
DTXSID3034113,803,0.0,0.0
DTXSID3034165,803,0.0,0.0
DTXSID3034402,803,0.0,0.0
DTXSID3034456,803,0.0,0.0
DTXSID3034531,803,0.0,0.0
DTXSID3034583,803,0.0,0.0
DTXSID3034612,803,0.0,0.0
DTXSID3034614,803,0.0,0.0
DTXSID3034618,803,0.0,0.0
DTXSID3034662,803,0.0,0.0
DTXSID3034664,803,0.0,0.0
DTXSID3034872,803,0.0,0.0
DTXSID3034903,803,0.0,0.0
DTXSID3034957,803,0.0,0.0
DTXSID3035214,803,0.0,0.0
DTXSID3035266,803,0.0,0.0
DTXSID3035341,803,0.0,0.0
DTXSID3036105,803,0.0,0.0
DTXSID3036286,803,0.0,0.0
DTXSID3036288,803,0.0,0.0
DTXSID3036496,803,0.0,0.0
DTXSID3036999,803,0.0,0.0
DTXSID3037044,803,0.0,0.0
DTXSID3037094,803,0.0,0.0
DTXSID3037208,803,0.0,0.0
DTXSID3037250,803,0.0,0.0
DTXSID3037541,803,0.0,0.0
DTXSID3037545,803,0.0,0.0
DTXSID3037626,803,0.0,0.0
DTXSID3037672,803,0.0,0.0
DTXSID3037707,803,0.0,0.0
DTXSID3037709,803,0.0,0.0
DTXSID3037757,803,0.0,0.0
DTXSID3038694,803,0.0,0.0
DTXSID3038696,803,0.0,0.0
DTXSID3038725,803,0.0,0.0
DTXSID3038800,803,0.0,0.0
DTXSID3038808,803,0.0,0.0
DTXSID3038852,803,0.0,0.0
DTXSID3038939,803,0.0,0.0
DTXSID3039240,803,0.0,0.0
DTXSID3039242,803,0.0,0.0
DTXSID3040271,803,0.0,0.0
DTXSID3040279,803,0.0,0.0
DTXSID3040352,803,0.0,0.0
DTXSID3040643,803,0.0,0.0
DTXSID3040647,803,0.0,0.0
DTXSID3040691,803,0.0,0.0
DTXSID3040693,803,0.0,0.0
DTXSID3040697,803,0.0,0.0
DTXSID3040699,803,0.0,0.0
DTXSID3040720,803,0.0,0.0
DTXSID3040722,803,0.0,0.0
DTXSID3040724,803,0.0,0.0
DTXSID3040726,803,0.0,0.0
DTXSID3040728,803,0.0,0.0
DTXSID3040770,803,0.0,0.0
DTXSID3040774,803,0.0,0.0
DTXSID3040776,803,0.0,0.0
DTXSID3040980,803,0.0,0.0
DTXSID3041085,803,0.0,0.0
DTXSID3041247,803,0.0,0.0
DTXSID3041293,803,0.0,0.0
DTXSID3041299,803,0.0,0.0
DTXSID3041328,803,0.0,0.0
DTXSID3041370,803,0.0,0.0
DTXSID3041372,803,0.0,0.0
DTXSID3041376,803,0.0,0.0
DTXSID3041403,803,0.0,0.0
DTXSID3041405,803,0.0,0.0
DTXSID3041409,803,0.0,0.0
DTXSID3041451,803,0.0,0.0
DTXSID3041530,803,0.0,0.0
DTXSID3041580,803,9.29296486117637e-21,0.0
DTXSID3041611,803,0.0,0.0
DTXSID3041613,803,0.0,0.0
DTXSID3041615,803,0.0,0.0
DTXSID3041617,803,0.0,0.0
DTXSID3041619,803,0.0,0.0
DTXSID3041661,803,0.0,0.0
DTXSID3041663,803,0.0,0.0
DTXSID3041665,803,0.0,0.0
DTXSID3041790,803,0.0,0.0
DTXSID3041794,803,0.0,0.0
DTXSID3041827,803,0.0,0.0
DTXSID3041873,803,0.0,0.0
DTXSID3041877,803,0.0,0.0
DTXSID3041954,803,0.0,0.0
DTXSID3042007,803,0.0,0.0
DTXSID3042051,803,0.0,0.0
DTXSID3042053,803,0.0,0.0
DTXSID3042059,803,0.0,0.0
DTXSID3042130,803,0.0,0.0
DTXSID3042180,803,0.0,0.0
DTXSID3042188,803,0.0,0.0
DTXSID3042215,803,0.0,0.0
DTXSID3042219,803,0.0,0.0
DTXSID3042261,803,0.0,0.0
DTXSID3042263,803,0.0,0.0
DTXSID3042269,803,0.0,0.0
DTXSID3042390,803,0.0,0.0
DTXSID3042394,803,0.0,0.0
DTXSID3042423,803,0.0,0.0
DTXSID3042477,803,0.0,0.0
DTXSID3042500,803,0.0,0.0
DTXSID3042508,803,0.0,0.0
DTXSID3042631,803,0.0,0.0
DTXSID3042633,803,0.0,0.0
DTXSID3042681,803,0.0,0.0
DTXSID3043734,803,0.0,0.0
DTXSID3043782,803,0.0,0.0
DTXSID3044124,803,0.0,0.0
DTXSID3044201,803,0.0,0.0
DTXSID3044203,803,0.0,0.0
DTXSID3044205,803,0.0,0.0
DTXSID3044251,803,0.0,0.0
DTXSID3044332,803,0.0,0.0
DTXSID3044334,803,0.0,0.0
DTXSID3044380,803,0.0,0.0
DTXSID3044382,803,0.0,0.0
DTXSID3044384,803,0.0,0.0
DTXSID3044388,803,0.0,0.0
DTXSID3044411,803,0.0,0.0
DTXSID3044413,803,0.0,0.0
DTXSID3044463,803,0.0,0.0
DTXSID3044465,803,0.0,0.0
DTXSID3044469,803,0.0,0.0
DTXSID3044542,803,0.0,0.0
DTXSID3044544,803,0.0,0.0
DTXSID3044590,803,0.0,0.0
DTXSID3044598,803,0.0,0.0
DTXSID3044621,803,0.0,0.0
DTXSID3044623,803,0.0,0.0
DTXSID3044625,803,0.0,0.0
DTXSID3044627,803,0.0,0.0
DTXSID3044629,803,1.084258484262338e-14,0.0
DTXSID3044679,803,0.0,0.0
DTXSID3044702,803,0.0,0.0
DTXSID3044704,803,0.0,0.0
DTXSID3044706,803,0.0,0.0
DTXSID3044750,803,0.0,0.0
DTXSID3044752,803,0.0,0.0
DTXSID3044754,803,0.0,0.0
DTXSID3044756,803,0.0,0.0
DTXSID3044758,803,0.0,0.0
DTXSID3044831,803,0.0,0.0
DTXSID3044833,803,0.0,0.0
DTXSID3044835,803,0.0,0.0
DTXSID3044837,803,1.1001046137155935e-15,0.0
DTXSID3044839,803,0.0,0.0
DTXSID3044881,803,0.0,0.0
DTXSID3044883,803,0.0,0.0
DTXSID3044887,803,0.0,0.0
DTXSID3044910,803,0.0,0.0
DTXSID3044914,803,0.0,0.0
DTXSID3044916,803,0.0,0.0
DTXSID3044918,803,0.0,0.0
DTXSID3044960,803,0.0,0.0
DTXSID3044962,803,0.0,0.0
DTXSID3044966,803,0.0,0.0
DTXSID3045140,803,0.0,0.0
DTXSID3045144,803,0.0,0.0
DTXSID3045190,803,0.0,0.0
DTXSID3045192,803,0.0,0.0
DTXSID3045194,803,0.0,0.0
DTXSID3045196,803,0.0,0.0
DTXSID3045198,803,0.0,0.0
DTXSID3045221,803,0.0,0.0
DTXSID3045223,803,0.0,0.0
DTXSID3045225,803,0.0,0.0
DTXSID3045227,803,0.0,0.0
DTXSID3045229,803,0.0,0.0
DTXSID3045271,803,0.0,0.0
DTXSID3045300,803,0.0,0.0
DTXSID3045304,803,0.0,0.0
DTXSID3045306,803,0.0,0.0
DTXSID3045350,803,0.0,0.0
DTXSID3045352,803,0.0,0.0
DTXSID3045354,803,0.0,0.0
DTXSID3045356,803,0.0,0.0
DTXSID3045433,803,0.0,0.0
DTXSID3045435,803,0.0,0.0
DTXSID3045437,803,0.0,0.0
DTXSID3045439,803,0.0,0.0
DTXSID3045485,803,0.0,0.0
DTXSID3045514,803,0.0,0.0
DTXSID3045560,803,0.0,0.0
DTXSID3045562,803,0.0,0.0
DTXSID3045566,803,0.0,0.0
DTXSID3045568,803,0.0,0.0
DTXSID3045645,803,0.0,0.0
DTXSID3045647,803,0.0,0.0
DTXSID3045649,803,0.0,0.0
DTXSID3045691,803,0.0,0.0
DTXSID3045693,803,0.0,0.0
DTXSID3045695,803,0.0,0.0
DTXSID3045697,803,0.0,0.0
DTXSID3045699,803,0.0,0.0
DTXSID3045770,803,0.0,0.0
DTXSID3045772,803,0.0,0.0
DTXSID3045774,803,0.0,0.0
DTXSID3045776,803,0.0,0.0
DTXSID3045778,803,0.0,0.0
DTXSID3045803,803,0.0,0.0
DTXSID3045805,803,0.0,0.0
DTXSID3045807,803,0.0,0.0
DTXSID3045809,803,0.0,0.0
DTXSID3045851,803,0.0,0.0
DTXSID3045855,803,0.0,0.0
DTXSID3045857,803,0.0,0.0
DTXSID3045859,803,0.0,0.0
DTXSID3045930,803,0.0,0.0
DTXSID3045934,803,0.0,0.0
DTXSID3045938,803,0.0,0.0
DTXSID3045980,803,0.0,0.0
DTXSID3045984,803,0.0,0.0
DTXSID3045988,803,0.0,0.0
DTXSID3046081,803,0.0,0.0
DTXSID3046083,803,0.0,0.0
DTXSID3046085,803,0.0,0.0
DTXSID3046110,803,0.0,0.0
DTXSID3046112,803,0.0,0.0
DTXSID3046114,803,0.0,0.0
DTXSID3046116,803,0.0,0.0
DTXSID3046118,803,0.0,0.0
DTXSID3046160,803,0.0,0.0
DTXSID3046162,803,0.0,0.0
DTXSID3046164,803,0.0,0.0
DTXSID3046166,803,0.0,0.0
DTXSID3046168,803,0.0,0.0
DTXSID3046241,803,0.0,0.0
DTXSID3046243,803,0.0,0.0
DTXSID3046245,803,0.0,0.0
DTXSID3046247,803,0.0,0.0
DTXSID3046249,803,0.0,0.0
DTXSID3046291,803,0.0,0.0
DTXSID3046295,803,0.0,0.0
DTXSID3046297,803,0.0,0.0
DTXSID3046299,803,0.0,0.0
DTXSID3046320,803,0.0,0.0
DTXSID3046322,803,0.0,0.0
DTXSID3046324,803,0.0,0.0
DTXSID3046326,803,0.0,0.0
DTXSID3046401,803,0.0,0.0
DTXSID3046403,803,0.0,0.0
DTXSID3046405,803,0.0,0.0
DTXSID3046407,803,0.0,0.0
DTXSID3046409,803,0.0,0.0
DTXSID3046451,803,0.0,0.0
DTXSID3046453,803,0.0,0.0
DTXSID3046455,803,0.0,0.0
DTXSID3046457,803,0.0,0.0
DTXSID3046459,803,0.0,0.0
DTXSID3046530,803,0.0,0.0
DTXSID3046532,803,0.0,0.0
DTXSID3046534,803,0.0,0.0
DTXSID3046536,803,0.0,0.0
DTXSID3046538,803,0.0,0.0
DTXSID3046580,803,0.0,0.0
DTXSID3046584,803,0.0,0.0
DTXSID3046586,803,0.0,0.0
DTXSID3046588,803,0.0,0.0
DTXSID3046613,803,0.0,0.0
DTXSID3046615,803,0.0,0.0
DTXSID3046617,803,0.0,0.0
DTXSID3046619,803,0.0,0.0
DTXSID3046663,803,0.0,0.0
DTXSID3046665,803,0.0,0.0
DTXSID3046740,803,0.0,0.0
DTXSID3046742,803,0.0,0.0
DTXSID3046744,803,0.0,0.0
DTXSID3046748,803,0.0,0.0
DTXSID3046790,803,0.0,0.0
DTXSID3046792,803,0.0,0.0
DTXSID3046796,803,0.0,0.0
DTXSID3046798,803,0.0,0.0
DTXSID3046821,803,0.0,0.0
DTXSID3046823,803,0.0,0.0
DTXSID3046825,803,0.0,0.0
DTXSID3046827,803,0.0,0.0
DTXSID3046829,803,0.0,0.0
DTXSID3046871,803,0.0,0.0
DTXSID3046875,803,0.0,0.0
DTXSID3046879,803,0.0,0.0
DTXSID3046902,803,0.0,0.0
DTXSID3046904,803,0.0,0.0
DTXSID3046906,803,0.0,0.0
DTXSID3046908,803,1.0,1.0
DTXSID3047001,803,0.0,0.0
DTXSID3047003,803,0.0,0.0
DTXSID3047051,803,0.0,0.0
DTXSID3047053,803,0.0,0.0
DTXSID3047055,803,0.0,0.0
DTXSID3047057,803,0.0,0.0
DTXSID3047059,803,0.0,0.0
DTXSID3047130,803,0.0,0.0
DTXSID3047132,803,0.0,0.0
DTXSID3047134,803,0.0,0.0
DTXSID3047136,803,0.0,0.0
DTXSID3047138,803,0.0,0.0
DTXSID3047180,803,0.0,0.0
DTXSID3047182,803,0.0,0.0
DTXSID3047184,803,0.0,0.0
DTXSID3047186,803,0.0,0.0
DTXSID3047188,803,0.0,0.0
DTXSID3047261,803,0.0,0.0
DTXSID3047263,803,0.0,0.0
DTXSID3047265,803,0.0,0.0
DTXSID3047267,803,0.0,0.0
DTXSID3047342,803,,
DTXSID3047344,803,0.0,0.0
DTXSID3047346,803,0.0,0.0
DTXSID3047348,803,0.0,0.0
DTXSID3047394,803,0.0,0.0
DTXSID3047423,803,0.0,0.0
DTXSID3047425,803,0.0,0.0
DTXSID3047427,803,0.0,0.0
DTXSID3047429,803,0.0,0.0
DTXSID3047473,803,0.0,0.0
DTXSID3047477,803,0.0,0.0
DTXSID3047504,803,0.0,0.0
DTXSID3047508,803,0.0,0.0
DTXSID3047552,803,0.0,0.0
DTXSID3047554,803,0.0,0.0
DTXSID3047556,803,0.0,0.0
DTXSID3047558,803,0.0,0.0
DTXSID3047631,803,0.0,0.0
DTXSID3047633,803,0.0,0.0
DTXSID3047637,803,0.0,0.0
DTXSID3047639,803,0.0,0.0
DTXSID3047681,803,0.0,0.0
DTXSID3047683,803,0.0,0.0
DTXSID3047687,803,0.0,0.0
DTXSID3047712,803,0.0,0.0
DTXSID3047716,803,0.0,0.0
DTXSID3047843,803,0.0,0.0
DTXSID3047845,803,0.0,0.0
DTXSID3047847,803,0.0,0.0
DTXSID3047849,803,0.0,0.0
DTXSID3047891,803,0.0,0.0
DTXSID3047893,803,0.0,0.0
DTXSID3047895,803,0.0,0.0
DTXSID3047897,803,0.0,0.0
DTXSID3047899,803,0.0,0.0
DTXSID3047920,803,0.0,0.0
DTXSID3047922,803,0.0,0.0
DTXSID3047924,803,0.0,0.0
DTXSID3047926,803,0.0,0.0
DTXSID3047928,803,0.0,0.0
DTXSID3047970,803,0.0,0.0
DTXSID3047972,803,0.0,0.0
DTXSID3047974,803,0.0,0.0
DTXSID3048310,803,0.0,0.0
DTXSID3048449,803,0.0,0.0
DTXSID3048520,803,0.0,0.0
DTXSID3048522,803,0.0,0.0
DTXSID3048574,803,0.0,0.0
DTXSID3048576,803,0.0,0.0
DTXSID3048578,803,0.0,0.0
DTXSID3048601,803,0.0,0.0
DTXSID3048603,803,0.0,0.0
DTXSID3048605,803,0.0,0.0
DTXSID3048607,803,0.0,0.0
DTXSID3048609,803,0.0,0.0
DTXSID3048653,803,0.0,0.0
DTXSID3048655,803,0.0,0.0
DTXSID3048657,803,0.0,0.0
DTXSID3048659,803,0.0,0.0
DTXSID3048730,803,0.0,0.0
DTXSID3048732,803,0.0,0.0
DTXSID3048734,803,0.0,0.0
DTXSID3048736,803,0.0,0.0
DTXSID3048738,803,0.0,0.0
DTXSID3048780,803,0.0,0.0
DTXSID3048782,803,0.0,0.0
DTXSID3048784,803,0.0,0.0
DTXSID3048786,803,0.0,0.0
DTXSID3048788,803,0.0,0.0
DTXSID3048811,803,0.0,0.0
DTXSID3048813,803,0.0,0.0
DTXSID3048815,803,0.0,0.0
DTXSID3048817,803,0.0,0.0
DTXSID3048819,803,0.0,0.0
DTXSID3048861,803,0.0,0.0
DTXSID3048863,803,0.0,0.0
DTXSID3048865,803,0.0,0.0
DTXSID3048867,803,0.0,0.0
DTXSID3048869,803,0.0,0.0
DTXSID3048940,803,0.0,0.0
DTXSID3048942,803,0.0,0.0
DTXSID3048944,803,0.0,0.0
DTXSID3048946,803,0.0,0.0
DTXSID3048948,803,0.0,0.0
DTXSID3048990,803,0.0,0.0
DTXSID3048992,803,0.0,0.0
DTXSID3048996,803,0.0,0.0
DTXSID3048998,803,0.0,0.0
DTXSID3049041,803,0.0,0.0
DTXSID3049043,803,0.0,0.0
DTXSID3049045,803,0.0,0.0
DTXSID3049047,803,0.0,0.0
DTXSID3049049,803,0.0,0.0
DTXSID3049201,803,0.0,0.0
DTXSID3049203,803,0.0,0.0
DTXSID3049205,803,0.0,0.0
DTXSID3049207,803,0.0,0.0
DTXSID3049209,803,0.0,0.0
DTXSID3049251,803,0.0,0.0
DTXSID3049253,803,0.0,0.0
DTXSID3049255,803,0.0,0.0
DTXSID3049257,803,0.0,0.0
DTXSID3049259,803,0.0,0.0
DTXSID3049330,803,0.0,0.0
DTXSID3049332,803,0.0,0.0
DTXSID3049334,803,0.0,0.0
DTXSID3049336,803,0.0,0.0
DTXSID3049338,803,0.0,0.0
DTXSID3049380,803,0.0,0.0
DTXSID3049382,803,0.0,0.0
DTXSID3049384,803,0.0,0.0
DTXSID3049386,803,0.0,0.0
DTXSID3049388,803,0.0,0.0
DTXSID3049411,803,0.0,0.0
DTXSID3049413,803,0.0,0.0
DTXSID3049415,803,0.0,0.0
DTXSID3049417,803,0.0,0.0
DTXSID3049419,803,0.0,0.0
DTXSID3049461,803,0.0,0.0
DTXSID3049463,803,0.0,0.0
DTXSID3049465,803,0.0,0.0
DTXSID3049467,803,0.0,0.0
DTXSID3049469,803,0.0,0.0
DTXSID3049540,803,0.0,0.0
DTXSID3049542,803,0.0,0.0
DTXSID3049544,803,0.0,0.0
DTXSID3049546,803,0.0,0.0
DTXSID3049548,803,0.0,0.0
DTXSID4020032,803,0.0,0.0
DTXSID4020038,803,0.0,0.0
DTXSID4020086,803,0.0,0.0
DTXSID4020088,803,0.0,0.0
DTXSID4020113,803,0.0,0.0
DTXSID4020115,803,0.0,0.0
DTXSID4020117,803,0.0,0.0
DTXSID4020119,803,0.0,0.0
DTXSID4020161,803,0.0,0.0
DTXSID4020167,803,0.0,0.0
DTXSID4020240,803,0.0,0.0
DTXSID4020242,803,0.0,0.0
DTXSID4020244,803,0.0,0.0
DTXSID4020246,803,0.0,0.0
DTXSID4020248,803,0.0,0.0
DTXSID4020290,803,0.0,0.0
DTXSID4020292,803,0.0,0.0
DTXSID4020294,803,0.0,0.0
DTXSID4020296,803,0.0,0.0
DTXSID4020298,803,0.0,0.0
DTXSID4020321,803,0.0,0.0
DTXSID4020325,803,0.0,0.0
DTXSID4020327,803,0.0,0.0
DTXSID4020329,803,0.0,0.0
DTXSID4020371,803,0.0,0.0
DTXSID4020373,803,0.0,0.0
DTXSID4020375,803,0.0,0.0
DTXSID4020379,803,0.0,0.0
DTXSID4020400,803,0.0,0.0
DTXSID4020402,803,0.0,0.0
DTXSID4020406,803,0.0,0.0
DTXSID4020450,803,0.0,0.0
DTXSID4020452,803,0.0,0.0
DTXSID4020458,803,0.0,0.0
DTXSID4020533,803,0.0,0.0
DTXSID4020535,803,0.0,0.0
DTXSID4020537,803,0.0,0.0
DTXSID4020539,803,0.0,0.0
DTXSID4020581,803,0.0,0.0
DTXSID4020583,803,0.0,0.0
DTXSID4020587,803,0.0,0.0
DTXSID4020589,803,0.0,0.0
DTXSID4020612,803,0.0,0.0
DTXSID4020614,803,0.0,0.0
DTXSID4020616,803,0.0,0.0
DTXSID4020618,803,0.0,0.0
DTXSID4020664,803,0.0,0.0
DTXSID4020666,803,4.0262932277577946e-18,0.0
DTXSID4020668,803,0.0,0.0
DTXSID4020743,803,0.0,0.0
DTXSID4020745,803,0.0,0.0
DTXSID4020749,803,0.0,0.0
DTXSID4020791,803,0.0,0.0
DTXSID4020820,803,0.0,0.0
DTXSID4020822,803,0.0,0.0
DTXSID4020826,803,0.0,0.0
DTXSID4020828,803,0.0,0.0
DTXSID4020870,803,0.0,0.0
DTXSID4020876,803,0.0,0.0
DTXSID4020878,803,0.0,0.0
DTXSID4020901,803,0.0,0.0
DTXSID4020957,803,0.0,0.0
DTXSID4020959,803,2.2588445858993787e-16,0.0
DTXSID4021002,803,0.0,0.0
DTXSID4021006,803,0.0,0.0
DTXSID4021056,803,0.0,0.0
DTXSID4021131,803,0.0,0.0
DTXSID4021133,803,0.0,0.0
DTXSID4021135,803,0.0,0.0
DTXSID4021137,803,0.0,0.0
DTXSID4021139,803,0.0,0.0
DTXSID4021181,803,0.0,0.0
DTXSID4021185,803,0.0,0.0
DTXSID4021189,803,0.0,0.0
DTXSID4021212,803,0.0,0.0
DTXSID4021214,803,0.0,0.0
DTXSID4021216,803,0.0,0.0
DTXSID4021218,803,0.0,0.0
DTXSID4021260,803,0.0,0.0
DTXSID4021264,803,0.0,0.0
DTXSID4021268,803,0.0,0.0
DTXSID4021341,803,0.0,0.0
DTXSID4021343,803,0.0,0.0
DTXSID4021347,803,0.0,0.0
DTXSID4021391,803,0.0,0.0
DTXSID4021393,803,0.0,0.0
DTXSID4021395,803,0.0,0.0
DTXSID4021397,803,0.0,0.0
DTXSID4021424,803,0.0,0.0
DTXSID4021426,803,0.0,0.0
DTXSID4021472,803,0.0,0.0
DTXSID4021478,803,0.0,0.0
DTXSID4021503,803,0.0,0.0
DTXSID4021553,803,0.0,0.0
DTXSID4021557,803,0.0,0.0
DTXSID4021559,803,0.0,0.0
DTXSID4021632,803,0.0,0.0
DTXSID4021634,803,0.0,0.0
DTXSID4021636,803,0.0,0.0
DTXSID4021638,803,0.0,0.0
DTXSID4021680,803,0.0,0.0
DTXSID4021684,803,0.0,0.0
DTXSID4021688,803,0.0,0.0
DTXSID4021715,803,0.0,0.0
DTXSID4021717,803,3.1978938718998025e-10,0.0
DTXSID4021761,803,0.0,0.0
DTXSID4021767,803,0.0,0.0
DTXSID4021769,803,0.0,0.0
DTXSID4021842,803,0.0,0.0
DTXSID4021848,803,2.47967439961253e-14,0.0
DTXSID4021890,803,0.0,0.0
DTXSID4021892,803,0.0,0.0
DTXSID4021894,803,0.0,0.0
DTXSID4021921,803,0.0,0.0
DTXSID4021923,803,0.0,0.0
DTXSID4021925,803,0.0,0.0
DTXSID4021929,803,0.0,0.0
DTXSID4021971,803,0.0,0.0
DTXSID4021975,803,0.0,0.0
DTXSID4021977,803,0.0,0.0
DTXSID4021979,803,0.0,0.0
DTXSID4022020,803,0.0,0.0
DTXSID4022070,803,0.0,0.0
DTXSID4022107,803,0.0,0.0
DTXSID4022109,803,0.0,0.0
DTXSID4022153,803,0.0,0.0
DTXSID4022159,803,0.0,0.0
DTXSID4022284,803,0.0,0.0
DTXSID4022288,803,0.0,0.0
DTXSID4022311,803,0.0,0.0
DTXSID4022315,803,0.0,0.0
DTXSID4022361,803,0.0,0.0
DTXSID4022367,803,0.0,0.0
DTXSID4022369,803,0.0,0.0
DTXSID4022442,803,0.0,0.0
DTXSID4022446,803,0.0,0.0
DTXSID4022448,803,0.0,0.0
DTXSID4022521,803,0.0,0.0
DTXSID4022523,803,0.0,0.0
DTXSID4022525,803,0.0,0.0
DTXSID4022527,803,0.0,0.0
DTXSID4022529,803,3.0976693954501393e-16,0.0
DTXSID4022571,803,0.0,0.0
DTXSID4022573,803,0.0,0.0
DTXSID4022577,803,0.0,0.0
DTXSID4022579,803,0.0,0.0
DTXSID4022602,803,0.0,0.0
DTXSID4022652,803,0.0,0.0
DTXSID4022658,803,0.0,0.0
DTXSID4022731,803,0.0,0.0
DTXSID4022735,803,0.0,0.0
DTXSID4022783,803,0.0,0.0
DTXSID4022785,803,0.0,0.0
DTXSID4022789,803,0.0,0.0
DTXSID4022810,803,0.0,0.0
DTXSID4022812,803,0.0,0.0
DTXSID4022814,803,0.0,0.0
DTXSID4022816,803,0.0,0.0
DTXSID4022862,803,0.0,0.0
DTXSID4022866,803,0.0,0.0
DTXSID4022868,803,0.0,0.0
DTXSID4022941,803,0.0,0.0
DTXSID4022947,803,0.0,0.0
DTXSID4022949,803,0.0,0.0
DTXSID4022991,803,0.0,0.0
DTXSID4022993,803,0.0,0.0
DTXSID4022999,803,0.0,0.0
DTXSID4023042,803,0.0,0.0
DTXSID4023044,803,0.0,0.0
DTXSID4023094,803,0.0,0.0
DTXSID4023096,803,0.0,0.0
DTXSID4023123,803,0.0,0.0
DTXSID4023125,803,0.0,0.0
DTXSID4023171,803,0.0,0.0
DTXSID4023175,803,0.0,0.0
DTXSID4023177,803,0.9999289304240653,1.0
DTXSID4023179,803,0.0,0.0
DTXSID4023200,803,0.0,0.0
DTXSID4023202,803,0.0,0.0
DTXSID4023252,803,0.0,0.0
DTXSID4023254,803,0.0,0.0
DTXSID4023258,803,0.0,0.0
DTXSID4023333,803,0.0,0.0
DTXSID4023381,803,0.0,0.0
DTXSID4023385,803,0.0,0.0
DTXSID4023387,803,0.0,0.0
DTXSID4023412,803,0.0,0.0
DTXSID4023414,803,0.0,0.0
DTXSID4023416,803,0.0,0.0
DTXSID4023460,803,0.0,0.0
DTXSID4023462,803,0.0,0.0
DTXSID4023541,803,0.0,0.0
DTXSID4023545,803,0.0,0.0
DTXSID4023549,803,0.0,0.0
DTXSID4023591,803,0.0,0.0
DTXSID4023593,803,0.0,0.0
DTXSID4023595,803,0.0,0.0
DTXSID4023622,803,0.0,0.0
DTXSID4023624,803,0.0,0.0
DTXSID4023628,803,0.0,0.0
DTXSID4023670,803,0.0,0.0
DTXSID4023672,803,0.0,0.0
DTXSID4023674,803,0.0,0.0
DTXSID4023676,803,0.0,0.0
DTXSID4023678,803,0.0,0.0
DTXSID4023701,803,0.0,0.0
DTXSID4023753,803,0.0,0.0
DTXSID4023917,803,0.0,0.0
DTXSID4024012,803,0.0,0.0
DTXSID4024014,803,0.0,0.0
DTXSID4024018,803,0.0,0.0
DTXSID4024062,803,0.0,0.0
DTXSID4024064,803,0.0,0.0
DTXSID4024066,803,0.0,0.0
DTXSID4024143,803,0.0,0.0
DTXSID4024145,803,0.0,0.0
DTXSID4024193,803,0.0,0.0
DTXSID4024195,803,0.0,0.0
DTXSID4024222,803,0.0,0.0
DTXSID4024270,803,0.0,0.0
DTXSID4024272,803,0.0,0.0
DTXSID4024274,803,0.0,0.0
DTXSID4024276,803,0.0,0.0
DTXSID4024303,803,0.0,0.0
DTXSID4024359,803,0.0,0.0
DTXSID4024436,803,0.0,0.0
DTXSID4024484,803,0.0,0.0
DTXSID4024488,803,0.0,0.0
DTXSID4024515,803,0.0,0.0
DTXSID4024640,803,0.0,0.0
DTXSID4024642,803,0.0,0.0
DTXSID4024644,803,0.0,0.0
DTXSID4024646,803,0.0,0.0
DTXSID4024690,803,0.0,0.0
DTXSID4024692,803,0.0,0.0
DTXSID4024696,803,0.0,0.0
DTXSID4024721,803,0.0,0.0
DTXSID4024729,803,0.0,0.0
DTXSID4024771,803,0.0,0.0
DTXSID4024773,803,0.0,0.0
DTXSID4024775,803,0.0,0.0
DTXSID4024800,803,0.0,0.0
DTXSID4024858,803,0.0,0.0
DTXSID4024931,803,0.0,0.0
DTXSID4024937,803,0.0,0.0
DTXSID4024981,803,0.0,0.0
DTXSID4024983,803,0.0,0.0
DTXSID4024985,803,0.0,0.0
DTXSID4025080,803,0.0,0.0
DTXSID4025082,803,0.0,0.0
DTXSID4025086,803,0.0,0.0
DTXSID4025111,803,0.0,0.0
DTXSID4025113,803,0.0,0.0
DTXSID4025117,803,0.0,0.0
DTXSID4025165,803,0.0,0.0
DTXSID4025167,803,0.0,0.0
DTXSID4025240,803,0.0,0.0
DTXSID4025242,803,0.0,0.0
DTXSID4025292,803,0.0,0.0
DTXSID4025296,803,0.0,0.0
DTXSID4025298,803,0.0,0.0
DTXSID4025329,803,0.0,0.0
DTXSID4025371,803,0.0,0.0
DTXSID4025402,803,0.0,0.0
DTXSID4025404,803,0.0,0.0
DTXSID4025406,803,0.0,0.0
DTXSID4025454,803,0.0,0.0
DTXSID4025581,803,0.0,0.0
DTXSID4025587,803,0.0,0.0
DTXSID4025610,803,0.0,0.0
DTXSID4025612,803,0.0,0.0
DTXSID4025662,803,0.0,0.0
DTXSID4025668,803,9.056350053515502e-10,0.0
DTXSID4025741,803,0.0,0.0
DTXSID4025743,803,0.0,0.0
DTXSID4025745,803,0.0,0.0
DTXSID4025749,803,0.0,0.0
DTXSID4025791,803,0.0,0.0
DTXSID4025793,803,0.0,0.0
DTXSID4025824,803,0.0,0.0
DTXSID4025903,803,0.0,0.0
DTXSID4026000,803,0.0,0.0
DTXSID4026050,803,0.0,0.0
DTXSID4026054,803,0.0,0.0
DTXSID4026137,803,0.0,0.0
DTXSID4026139,803,0.0,0.0
DTXSID4026181,803,0.0,0.0
DTXSID4026183,803,0.0,0.0
DTXSID4026212,803,0.0,0.0
DTXSID4026214,803,0.0,0.0
DTXSID4026262,803,0.0,0.0
DTXSID4026266,803,0.0,0.0
DTXSID4026268,803,0.0,0.0
DTXSID4026422,803,0.0,0.0
DTXSID4026472,803,0.0,0.0
DTXSID4026501,803,0.0,0.0
DTXSID4026505,803,0.0,0.0
DTXSID4026557,803,0.0,0.0
DTXSID4026684,803,0.0,0.0
DTXSID4026711,803,0.0,0.0
DTXSID4026713,803,0.0,0.0
DTXSID4026715,803,0.0,0.0
DTXSID4026765,803,0.0,0.0
DTXSID4026769,803,0.0,0.0
DTXSID4026842,803,0.0,0.0
DTXSID4026894,803,0.0,0.0
DTXSID4026921,803,0.0,0.0
DTXSID4026927,803,0.0,0.0
DTXSID4026975,803,0.0,0.0
DTXSID4026979,803,0.0,0.0
DTXSID4027072,803,0.0,0.0
DTXSID4027076,803,0.0,0.0
DTXSID4027103,803,0.0,0.0
DTXSID4027109,803,0.0,0.0
DTXSID4027153,803,0.0,0.0
DTXSID4027159,803,0.0,0.0
DTXSID4027234,803,0.0,0.0
DTXSID4027236,803,0.0,0.0
DTXSID4027280,803,0.0,0.0
DTXSID4027282,803,0.0,0.0
DTXSID4027284,803,0.0,0.0
DTXSID4027286,803,0.0,0.0
DTXSID4027288,803,0.0,0.0
DTXSID4027319,803,0.0,0.0
DTXSID4027361,803,0.0,0.0
DTXSID4027367,803,0.0,0.0
DTXSID4027490,803,0.0,0.0
DTXSID4027494,803,0.0,0.0
DTXSID4027496,803,0.0,0.0
DTXSID4027498,803,0.0,0.0
DTXSID4027521,803,0.0,0.0
DTXSID4027525,803,0.0,0.0
DTXSID4027527,803,0.0,0.0
DTXSID4027529,803,0.0,0.0
DTXSID4027577,803,0.0,0.0
DTXSID4027579,803,0.0,0.0
DTXSID4027600,803,0.0,0.0
DTXSID4027604,803,0.0,0.0
DTXSID4027608,803,0.0,0.0
DTXSID4027650,803,0.0,0.0
DTXSID4027652,803,0.0,0.0
DTXSID4027656,803,0.0,0.0
DTXSID4027658,803,0.0,0.0
DTXSID4027781,803,0.0,0.0
DTXSID4027866,803,0.0,0.0
DTXSID4027868,803,0.0,0.0
DTXSID4027991,803,0.0,0.0
DTXSID4027997,803,0.0,0.0
DTXSID4028040,803,0.0,0.0
DTXSID4028460,803,0.0,0.0
DTXSID4028880,803,0.0,0.0
DTXSID4028967,803,0.0,0.0
DTXSID4029062,803,0.0,0.0
DTXSID4029143,803,0.0,0.0
DTXSID4029145,803,0.0,0.0
DTXSID4029149,803,0.0,0.0
DTXSID4029195,803,0.0,0.0
DTXSID4029220,803,0.0,0.0
DTXSID4029224,803,0.0,0.0
DTXSID4029353,803,0.0,0.0
DTXSID4029359,803,0.0,0.0
DTXSID4029565,803,0.0,0.0
DTXSID4029690,803,0.0,0.0
DTXSID4029692,803,0.0,0.0
DTXSID4029698,803,0.0,0.0
DTXSID4029806,803,0.0,0.0
DTXSID4030047,803,0.0,0.0
DTXSID4030336,803,0.0,0.0
DTXSID4030384,803,0.0,0.0
DTXSID4031356,803,0.0,0.0
DTXSID4031566,803,0.0,0.0
DTXSID4031980,803,0.0,0.0
DTXSID4032372,803,0.0,0.0
DTXSID4032376,803,0.0,0.0
DTXSID4032378,803,0.0,0.0
DTXSID4032405,803,0.0,0.0
DTXSID4032459,803,0.0,0.0
DTXSID4032532,803,0.0,0.0
DTXSID4032536,803,0.0,0.0
DTXSID4032580,803,0.0,0.0
DTXSID4032611,803,0.0,0.0
DTXSID4032613,803,0.0,0.0
DTXSID4032615,803,0.0,0.0
DTXSID4032619,803,0.0,0.0
DTXSID4032667,803,0.0,0.0
DTXSID4032954,803,0.0,0.0
DTXSID4033390,803,0.0,0.0
DTXSID4034102,803,0.0,0.0
DTXSID4034150,803,0.0,0.0
DTXSID4034287,803,0.0,0.0
DTXSID4034497,803,0.0,0.0
DTXSID4034528,803,0.0,0.0
DTXSID4034576,803,0.0,0.0
DTXSID4034601,803,0.0,0.0
DTXSID4034609,803,0.0,0.0
DTXSID4034653,803,0.0,0.0
DTXSID4034948,803,0.0,0.0
DTXSID4035209,803,0.0,0.0
DTXSID4035542,803,0.0,0.0
DTXSID4035592,803,0.0,0.0
DTXSID4035708,803,0.0,0.0
DTXSID4036229,803,0.0,0.0
DTXSID4036435,803,0.0,0.0
DTXSID4036514,803,0.0,0.0
DTXSID4037580,803,0.0,0.0
DTXSID4037582,803,0.0,0.0
DTXSID4037584,803,0.0,0.0
DTXSID4037617,803,0.0,0.0
DTXSID4037748,803,0.0,0.0
DTXSID4038762,803,0.0,0.0
DTXSID4038847,803,0.0,0.0
DTXSID4038922,803,0.0,0.0
DTXSID4038924,803,0.0,0.0
DTXSID4038926,803,0.0,0.0
DTXSID4039231,803,0.0,0.0
DTXSID4039233,803,0.0,0.0
DTXSID4039235,803,0.0,0.0
DTXSID4039657,803,0.0,0.0
DTXSID4040002,803,0.0,0.0
DTXSID4040266,803,0.0,0.0
DTXSID4040268,803,0.0,0.0
DTXSID4040343,803,0.0002917273432729308,0.0
DTXSID4040395,803,0.0,0.0
DTXSID4040476,803,0.0,0.0
DTXSID4040682,803,0.0,0.0
DTXSID4040684,803,0.0,0.0
DTXSID4040686,803,0.0,0.0
DTXSID4040688,803,0.0,0.0
DTXSID4040711,803,0.0,0.0
DTXSID4040713,803,0.0,0.0
DTXSID4040715,803,0.0,0.0
DTXSID4040719,803,0.0,0.0
DTXSID4040765,803,0.0,0.0
DTXSID4040767,803,0.0,0.0
DTXSID4040979,803,0.0,0.0
DTXSID4041070,803,0.0,0.0
DTXSID4041074,803,0.0,0.0
DTXSID4041153,803,0.0,0.0
DTXSID4041230,803,0.0,0.0
DTXSID4041232,803,0.0,0.0
DTXSID4041234,803,0.0,0.0
DTXSID4041238,803,0.0,0.0
DTXSID4041280,803,0.0,0.0
DTXSID4041317,803,0.0,0.0
DTXSID4041361,803,0.0,0.0
DTXSID4041363,803,0.0,0.0
DTXSID4041367,803,0.0,0.0
DTXSID4041440,803,0.0,0.0
DTXSID4041442,803,2.768255965514275e-15,0.0
DTXSID4041446,803,0.0,0.0
DTXSID4041490,803,0.0,0.0
DTXSID4041492,803,0.0,0.0
DTXSID4041494,803,0.0,0.0
DTXSID4041521,803,0.0,0.0
DTXSID4041527,803,0.0,0.0
DTXSID4041529,803,0.0,0.0
DTXSID4041573,803,0.0,0.0
DTXSID4041575,803,0.0,0.0
DTXSID4041600,803,0.0,0.0
DTXSID4041604,803,0.0,0.0
DTXSID4041654,803,0.0,0.0
DTXSID4041656,803,0.0,0.0
DTXSID4041783,803,0.0,0.0
DTXSID4041818,803,0.0,0.0
DTXSID4041995,803,0.0,0.0
DTXSID4041997,803,0.0,0.0
DTXSID4042090,803,0.0,0.0
DTXSID4042094,803,0.0,0.0
DTXSID4042096,803,0.0,0.0
DTXSID4042121,803,0.0,0.0
DTXSID4042123,803,0.0,0.0
DTXSID4042129,803,0.0,0.0
DTXSID4042171,803,0.0,0.0
DTXSID4042206,803,0.0,0.0
DTXSID4042208,803,0.0,0.0
DTXSID4042252,803,0.0,0.0
DTXSID4042254,803,0.0,0.0
DTXSID4042256,803,0.0,0.0
DTXSID4042335,803,0.0,0.0
DTXSID4042337,803,1.7688444308279426e-20,0.0
DTXSID4042416,803,0.0,0.0
DTXSID4042418,803,0.0,0.0
DTXSID4042462,803,0.0,0.0
DTXSID4042468,803,0.15154198394630267,0.0
DTXSID4042622,803,0.0,0.0
DTXSID4043777,803,0.0,0.0
DTXSID4044161,803,0.0,0.0
DTXSID4044371,803,0.0,0.0
DTXSID4044373,803,0.9999999999999997,1.0
DTXSID4044375,803,0.0,0.0
DTXSID4044379,803,0.0,0.0
DTXSID4044400,803,0.0,0.0
DTXSID4044402,803,0.0,0.0
DTXSID4044404,803,0.0,0.0
DTXSID4044408,803,0.0,0.0
DTXSID4044450,803,0.0,0.0
DTXSID4044452,803,0.0,0.0
DTXSID4044454,803,0.0,0.0
DTXSID4044456,803,0.0,0.0
DTXSID4044458,803,0.0,0.0
DTXSID4044533,803,0.0,0.0
DTXSID4044535,803,0.0,0.0
DTXSID4044537,803,0.0,0.0
DTXSID4044581,803,0.0,0.0
DTXSID4044585,803,0.0,0.0
DTXSID4044587,803,0.0,0.0
DTXSID4044589,803,0.0,0.0
DTXSID4044616,803,0.0,0.0
DTXSID4044618,803,0.0,0.0
DTXSID4044660,803,0.0,0.0
DTXSID4044662,803,0.0,0.0
DTXSID4044664,803,0.0,0.0
DTXSID4044668,803,0.0,0.0
DTXSID4044743,803,0.0,0.0
DTXSID4044745,803,0.0,0.0
DTXSID4044747,803,0.0,0.0
DTXSID4044791,803,0.0,0.0
DTXSID4044793,803,0.0,0.0
DTXSID4044799,803,0.0,0.0
DTXSID4044820,803,0.0,0.0
DTXSID4044822,803,0.0,0.0
DTXSID4044824,803,0.0,0.0
DTXSID4044826,803,0.0,0.0
DTXSID4044828,803,0.0,0.0
DTXSID4044870,803,0.0,0.0
DTXSID4044872,803,0.0,0.0
DTXSID4044876,803,0.0,0.0
DTXSID4044878,803,0.0,0.0
DTXSID4044901,803,0.0,0.0
DTXSID4044903,803,0.0,0.0
DTXSID4044905,803,0.0,0.0
DTXSID4044909,803,0.0,0.0
DTXSID4044951,803,0.0,0.0
DTXSID4044953,803,0.0,0.0
DTXSID4044955,803,0.0,0.0
DTXSID4045002,803,0.0,0.0
DTXSID4045131,803,0.0,0.0
DTXSID4045133,803,0.0,0.0
DTXSID4045139,803,0.0,0.0
DTXSID4045181,803,0.0,0.0
DTXSID4045183,803,0.0,0.0
DTXSID4045187,803,0.0,0.0
DTXSID4045189,803,0.0,0.0
DTXSID4045210,803,0.0,0.0
DTXSID4045216,803,0.0,0.0
DTXSID4045262,803,0.0,0.0
DTXSID4045341,803,0.0,0.0
DTXSID4045343,803,0.0,0.0
DTXSID4045345,803,0.0,0.0
DTXSID4045347,803,0.0,0.0
DTXSID4045391,803,0.0,0.0
DTXSID4045393,803,0.0,0.0
DTXSID4045399,803,0.0,0.0
DTXSID4045420,803,0.0,0.0
DTXSID4045422,803,0.0,0.0
DTXSID4045424,803,0.0,0.0
DTXSID4045428,803,0.0,0.0
DTXSID4045472,803,0.0,0.0
DTXSID4045474,803,0.0,0.0
DTXSID4045476,803,0.0,0.0
DTXSID4045478,803,0.0,0.0
DTXSID4045551,803,0.0,0.0
DTXSID4045555,803,0.0,0.0
DTXSID4045557,803,0.0,0.0
DTXSID4045559,803,0.0,0.0
DTXSID4045630,803,0.0,0.0
DTXSID4045632,803,0.0,0.0
DTXSID4045636,803,0.0,0.0
DTXSID4045638,803,0.0,0.0
DTXSID4045680,803,0.0,0.0
DTXSID4045682,803,0.0,0.0
DTXSID4045686,803,0.0,0.0
DTXSID4045688,803,0.0,0.0
DTXSID4045711,803,0.0,0.0
DTXSID4045763,803,0.0,0.0
DTXSID4045765,803,0.0,0.0
DTXSID4045767,803,0.0,0.0
DTXSID4045769,803,0.0,0.0
DTXSID4045846,803,0.0,0.0
DTXSID4045848,803,0.0,0.0
DTXSID4045890,803,0.0,0.0
DTXSID4045892,803,0.0,0.0
DTXSID4045896,803,0.0,0.0
DTXSID4045898,803,0.0,0.0
DTXSID4045921,803,0.0,0.0
DTXSID4045925,803,0.0,0.0
DTXSID4045927,803,0.0,0.0
DTXSID4045929,803,0.0,0.0
DTXSID4045973,803,0.0,0.0
DTXSID4045975,803,0.0,0.0
DTXSID4045979,803,0.0,0.0
DTXSID4046020,803,0.0,0.0
DTXSID4046022,803,0.0,0.0
DTXSID4046024,803,0.0,0.0
DTXSID4046076,803,0.0,0.0
DTXSID4046078,803,0.0,0.0
DTXSID4046101,803,0.0,0.0
DTXSID4046103,803,0.0,0.0
DTXSID4046107,803,0.0,0.0
DTXSID4046109,803,0.0,0.0
DTXSID4046151,803,0.0,0.0
DTXSID4046153,803,0.0,0.0
DTXSID4046155,803,0.0,0.0
DTXSID4046157,803,0.0,0.0
DTXSID4046159,803,0.0,0.0
DTXSID4046230,803,0.0,0.0
DTXSID4046232,803,0.0,0.0
DTXSID4046234,803,0.0,0.0
DTXSID4046236,803,0.0,0.0
DTXSID4046238,803,0.0,0.0
DTXSID4046280,803,0.0,0.0
DTXSID4046282,803,0.0,0.0
DTXSID4046284,803,0.0,0.0
DTXSID4046286,803,0.0,0.0
DTXSID4046288,803,0.0,0.0
DTXSID4046313,803,0.0,0.0
DTXSID4046315,803,0.0,0.0
DTXSID4046319,803,0.0,0.0
DTXSID4046361,803,0.0,0.0
DTXSID4046363,803,0.0,0.0
DTXSID4046440,803,0.0,0.0
DTXSID4046442,803,0.0,0.0
DTXSID4046444,803,0.0,0.0
DTXSID4046446,803,0.0,0.0
DTXSID4046448,803,0.0,0.0
DTXSID4046490,803,0.0,0.0
DTXSID4046492,803,0.0,0.0
DTXSID4046494,803,0.0,0.0
DTXSID4046498,803,0.0,0.0
DTXSID4046521,803,0.0,0.0
DTXSID4046523,803,0.0,0.0
DTXSID4046525,803,0.0,0.0
DTXSID4046527,803,0.0,0.0
DTXSID4046529,803,0.0,0.0
DTXSID4046571,803,0.0,0.0
DTXSID4046573,803,0.0,0.0
DTXSID4046575,803,0.0,0.0
DTXSID4046577,803,0.0,0.0
DTXSID4046579,803,0.0,0.0
DTXSID4046600,803,0.0,0.0
DTXSID4046602,803,0.0,0.0
DTXSID4046604,803,0.0,0.0
DTXSID4046606,803,0.0,0.0
DTXSID4046608,803,0.0,0.0
DTXSID4046652,803,0.0,0.0
DTXSID4046654,803,0.0,0.0
DTXSID4046656,803,0.0,0.0
DTXSID4046658,803,0.0,0.0
DTXSID4046733,803,0.0,0.0
DTXSID4046735,803,0.0,0.0
DTXSID4046737,803,0.0,0.0
DTXSID4046739,803,0.0,0.0
DTXSID4046783,803,0.0,0.0
DTXSID4046785,803,0.0,0.0
DTXSID4046787,803,0.0,0.0
DTXSID4046810,803,0.0,0.0
DTXSID4046812,803,0.0,0.0
DTXSID4046814,803,0.0,0.0
DTXSID4046816,803,0.0,0.0
DTXSID4046818,803,0.0,0.0
DTXSID4046862,803,0.0,0.0
DTXSID4046864,803,0.0,0.0
DTXSID4046866,803,0.0,0.0
DTXSID4046868,803,0.0,0.0
DTXSID4046949,803,0.0,0.0
DTXSID4046991,803,0.0,0.0
DTXSID4046999,803,0.0,0.0
DTXSID4047040,803,0.0,0.0
DTXSID4047042,803,0.0,0.0
DTXSID4047044,803,0.0,0.0
DTXSID4047046,803,0.0,0.0
DTXSID4047090,803,0.0,0.0
DTXSID4047092,803,0.0,0.0
DTXSID4047094,803,0.0,0.0
DTXSID4047096,803,0.0,0.0
DTXSID4047098,803,0.0,0.0
DTXSID4047121,803,0.0,0.0
DTXSID4047123,803,0.0,0.0
DTXSID4047125,803,0.0,0.0
DTXSID4047127,803,0.0,0.0
DTXSID4047129,803,0.0,0.0
DTXSID4047173,803,0.0,0.0
DTXSID4047177,803,0.0,0.0
DTXSID4047179,803,0.0,0.0
DTXSID4047200,803,0.0,0.0
DTXSID4047202,803,0.0,0.0
DTXSID4047206,803,0.0,0.0
DTXSID4047252,803,0.0,0.0
DTXSID4047254,803,0.0,0.0
DTXSID4047258,803,0.0,0.0
DTXSID4047331,803,0.0,0.0
DTXSID4047333,803,0.0,0.0
DTXSID4047335,803,0.0,0.0
DTXSID4047337,803,0.0,0.0
DTXSID4047339,803,0.0,0.0
DTXSID4047381,803,0.0,0.0
DTXSID4047383,803,0.0,0.0
DTXSID4047385,803,0.0,0.0
DTXSID4047387,803,0.0,0.0
DTXSID4047389,803,0.0,0.0
DTXSID4047410,803,0.0,0.0
DTXSID4047412,803,0.0,0.0
DTXSID4047414,803,0.0,0.0
DTXSID4047416,803,0.0,0.0
DTXSID4047418,803,0.0,0.0
DTXSID4047462,803,0.0,0.0
DTXSID4047464,803,0.0,0.0
DTXSID4047466,803,0.0,0.0
DTXSID4047468,803,0.0,0.0
DTXSID4047543,803,0.0,0.0
DTXSID4047545,803,0.0,0.0
DTXSID4047547,803,0.0,0.0
DTXSID4047549,803,0.0,0.0
DTXSID4047591,803,0.0,0.0
DTXSID4047593,803,0.0,0.0
DTXSID4047597,803,0.0,0.0
DTXSID4047599,803,0.0,0.0
DTXSID4047622,803,0.0,0.0
DTXSID4047624,803,0.0,0.0
DTXSID4047628,803,0.0,0.0
DTXSID4047670,803,0.0,0.0
DTXSID4047672,803,0.0,0.0
DTXSID4047674,803,0.0,0.0
DTXSID4047678,803,0.0,0.0
DTXSID4047703,803,0.0,0.0
DTXSID4047705,803,0.0,0.0
DTXSID4047707,803,0.0,0.0
DTXSID4047709,803,0.0,0.0
DTXSID4047838,803,0.0,0.0
DTXSID4047880,803,0.0,0.0
DTXSID4047882,803,0.0,0.0
DTXSID4047884,803,0.0,0.0
DTXSID4047886,803,0.0,0.0
DTXSID4047888,803,0.0,0.0
DTXSID4047911,803,0.0,0.0
DTXSID4047913,803,0.0,0.0
DTXSID4047915,803,0.0,0.0
DTXSID4047917,803,0.0,0.0
DTXSID4047919,803,0.0,0.0
DTXSID4047961,803,0.0,0.0
DTXSID4047963,803,0.0,0.0
DTXSID4047965,803,0.0,0.0
DTXSID4047967,803,0.0,0.0
DTXSID4047969,803,0.0,0.0
DTXSID4048191,803,0.0,0.0
DTXSID4048193,803,0.0,0.0
DTXSID4048195,803,0.0,0.0
DTXSID4048199,803,0.0,0.0
DTXSID4048270,803,0.0,0.0
DTXSID4048511,803,0.0,0.0
DTXSID4048513,803,0.0,0.0
DTXSID4048519,803,0.0,0.0
DTXSID4048640,803,0.0,0.0
DTXSID4048642,803,0.0,0.0
DTXSID4048644,803,0.0,0.0
DTXSID4048646,803,0.0,0.0
DTXSID4048648,803,0.0,0.0
DTXSID4048690,803,0.0,0.0
DTXSID4048692,803,0.0,0.0
DTXSID4048694,803,0.0,0.0
DTXSID4048696,803,0.0,0.0
DTXSID4048698,803,0.0,0.0
DTXSID4048721,803,0.0,0.0
DTXSID4048723,803,0.0,0.0
DTXSID4048725,803,0.0,0.0
DTXSID4048727,803,0.0,0.0
DTXSID4048729,803,0.0,0.0
DTXSID4048771,803,0.0,0.0
DTXSID4048773,803,0.0,0.0
DTXSID4048775,803,0.0,0.0
DTXSID4048777,803,0.0,0.0
DTXSID4048779,803,0.0,0.0
DTXSID4048800,803,0.0,0.0
DTXSID4048802,803,0.0,0.0
DTXSID4048804,803,0.0,0.0
DTXSID4048806,803,0.0,0.0
DTXSID4048808,803,0.0,0.0
DTXSID4048850,803,0.0,0.0
DTXSID4048852,803,0.0,0.0
DTXSID4048854,803,0.0,0.0
DTXSID4048856,803,0.0,0.0
DTXSID4048858,803,0.0,0.0
DTXSID4048931,803,0.0,0.0
DTXSID4048933,803,0.0,0.0
DTXSID4048935,803,0.0,0.0
DTXSID4048937,803,0.0,0.0
DTXSID4048939,803,0.0,0.0
DTXSID4048981,803,0.0,0.0
DTXSID4048983,803,0.0,0.0
DTXSID4048985,803,,
DTXSID4048987,803,0.0,0.0
DTXSID4049030,803,0.0,0.0
DTXSID4049032,803,0.0,0.0
DTXSID4049034,803,0.0,0.0
DTXSID4049036,803,0.0,0.0
DTXSID4049038,803,0.0,0.0
DTXSID4049080,803,0.0,0.0
DTXSID4049082,803,0.0,0.0
DTXSID4049240,803,0.0,0.0
DTXSID4049242,803,0.0,0.0
DTXSID4049244,803,0.0,0.0
DTXSID4049246,803,0.0,0.0
DTXSID4049248,803,0.0,0.0
DTXSID4049290,803,0.0,0.0
DTXSID4049292,803,0.0,0.0
DTXSID4049294,803,0.0,0.0
DTXSID4049296,803,0.0,0.0
DTXSID4049298,803,0.0,0.0
DTXSID4049321,803,0.0,0.0
DTXSID4049323,803,0.0,0.0
DTXSID4049325,803,0.0,0.0
DTXSID4049327,803,0.0,0.0
DTXSID4049329,803,0.0,0.0
DTXSID4049371,803,0.0,0.0
DTXSID4049373,803,0.0,0.0
DTXSID4049375,803,0.0,0.0
DTXSID4049377,803,0.0,0.0
DTXSID4049379,803,0.0,0.0
DTXSID4049400,803,0.0,0.0
DTXSID4049402,803,0.0,0.0
DTXSID4049404,803,0.0,0.0
DTXSID4049406,803,0.0,0.0
DTXSID4049408,803,0.0,0.0
DTXSID4049450,803,0.0,0.0
DTXSID4049452,803,0.0,0.0
DTXSID4049454,803,0.0,0.0
DTXSID4049456,803,0.0,0.0
DTXSID4049458,803,0.0,0.0
DTXSID4049531,803,0.0,0.0
DTXSID4049533,803,0.0,0.0
DTXSID4049535,803,0.0,0.0
DTXSID4049537,803,0.0,0.0
DTXSID4049539,803,0.0,0.0
DTXSID5020021,803,0.0,0.0
DTXSID5020023,803,0.0,0.0
DTXSID5020027,803,0.0,0.0
DTXSID5020029,803,0.0,0.0
DTXSID5020071,803,0.0,0.0
DTXSID5020079,803,0.0,0.0
DTXSID5020106,803,0.0,0.0
DTXSID5020108,803,0.0,0.0
DTXSID5020152,803,0.0,0.0
DTXSID5020154,803,0.0,0.0
DTXSID5020156,803,0.0,0.0
DTXSID5020231,803,0.0,0.0
DTXSID5020233,803,0.0,0.0
DTXSID5020235,803,0.0,0.0
DTXSID5020239,803,0.0,0.0
DTXSID5020281,803,0.0,0.0
DTXSID5020283,803,0.0,0.0
DTXSID5020287,803,0.0,0.0
DTXSID5020310,803,0.0,0.0
DTXSID5020312,803,0.0,0.0
DTXSID5020314,803,0.0,0.0
DTXSID5020360,803,0.0,0.0
DTXSID5020366,803,0.0,0.0
DTXSID5020368,803,0.0,0.0
DTXSID5020441,803,0.0,0.0
DTXSID5020443,803,0.0,0.0
DTXSID5020445,803,0.0,0.0
DTXSID5020447,803,0.0,0.0
DTXSID5020449,803,0.0,0.0
DTXSID5020491,803,0.0,0.0
DTXSID5020493,803,0.0,0.0
DTXSID5020497,803,0.0,0.0
DTXSID5020499,803,3.749857605230838e-18,0.0
DTXSID5020520,803,0.0,0.0
DTXSID5020528,803,0.0,0.0
DTXSID5020570,803,0.0,0.0
DTXSID5020572,803,0.0,0.0
DTXSID5020576,803,0.0,0.0
DTXSID5020601,803,0.0,0.0
DTXSID5020603,803,0.0,0.0
DTXSID5020605,803,0.0,0.0
DTXSID5020607,803,0.0,0.0
DTXSID5020653,803,0.0,0.0
DTXSID5020659,803,0.0,0.0
DTXSID5020730,803,0.0,0.0
DTXSID5020732,803,0.0,0.0
DTXSID5020738,803,0.0,0.0
DTXSID5020782,803,0.0,0.0
DTXSID5020784,803,0.0,0.0
DTXSID5020811,803,0.0,0.0
DTXSID5020813,803,0.0,0.0
DTXSID5020815,803,0.0,0.0
DTXSID5020819,803,0.0,0.0
DTXSID5020861,803,0.0,0.0
DTXSID5020863,803,0.0,0.0
DTXSID5020865,803,0.0,0.0
DTXSID5020867,803,0.0,0.0
DTXSID5020869,803,0.0,0.0
DTXSID5020944,803,0.0,0.0
DTXSID5020946,803,0.0,0.0
DTXSID5020948,803,0.0,0.0
DTXSID5021093,803,0.0,0.0
DTXSID5021097,803,0.0,0.0
DTXSID5021120,803,0.0,0.0
DTXSID5021122,803,0.0,0.0
DTXSID5021124,803,2.42680521616487e-12,0.0
DTXSID5021126,803,0.0,0.0
DTXSID5021128,803,0.0,0.0
DTXSID5021170,803,0.0,0.0
DTXSID5021174,803,0.0,0.0
DTXSID5021201,803,0.0,0.0
DTXSID5021209,803,0.0,0.0
DTXSID5021251,803,0.0,0.0
DTXSID5021253,803,0.0,0.0
DTXSID5021255,803,0.0,0.0
DTXSID5021330,803,0.0,0.0
DTXSID5021332,803,0.0,0.0
DTXSID5021334,803,0.0,0.0
DTXSID5021336,803,1.4793800533170018e-08,0.0
DTXSID5021338,803,0.0,0.0
DTXSID5021380,803,0.0,0.0
DTXSID5021384,803,0.0,0.0
DTXSID5021386,803,0.0,0.0
DTXSID5021388,803,0.0,0.0
DTXSID5021411,803,0.0,0.0
DTXSID5021413,803,0.0,0.0
DTXSID5021415,803,0.0,0.0
DTXSID5021419,803,0.0,0.0
DTXSID5021461,803,0.0,0.0
DTXSID5021463,803,0.0,0.0
DTXSID5021544,803,0.0,0.0
DTXSID5021546,803,0.0,0.0
DTXSID5021590,803,0.0,0.0
DTXSID5021598,803,0.0,0.0
DTXSID5021621,803,0.0,0.0
DTXSID5021627,803,0.0,0.0
DTXSID5021629,803,0.0,0.0
DTXSID5021671,803,0.0,0.0
DTXSID5021679,803,0.0,0.0
DTXSID5021708,803,0.0,0.0
DTXSID5021752,803,0.0,0.0
DTXSID5021754,803,0.0,0.0
DTXSID5021756,803,0.0,0.0
DTXSID5021758,803,0.0,0.0
DTXSID5021831,803,0.0,0.0
DTXSID5021835,803,0.0,0.0
DTXSID5021837,803,0.0,0.0
DTXSID5021839,803,0.0,0.0
DTXSID5021881,803,0.0,0.0
DTXSID5021883,803,0.0,0.0
DTXSID5021885,803,0.0,0.0
DTXSID5021889,803,0.0,0.0
DTXSID5021914,803,0.0,0.0
DTXSID5021916,803,0.0,0.0
DTXSID5021962,803,0.0,0.0
DTXSID5021968,803,0.0,0.0
DTXSID5022061,803,0.0,0.0
DTXSID5022194,803,0.0,0.0
DTXSID5022227,803,0.0,0.0
DTXSID5022279,803,0.0,0.0
DTXSID5022306,803,0.0,0.0
DTXSID5022308,803,0.0,0.0
DTXSID5022437,803,0.0,0.0
DTXSID5022439,803,0.0,0.0
DTXSID5022481,803,0.0,0.0
DTXSID5022485,803,0.0,0.0
DTXSID5022489,803,0.0,0.0
DTXSID5022510,803,0.0,0.0
DTXSID5022560,803,0.0,0.0
DTXSID5022562,803,0.0,0.0
DTXSID5022641,803,0.0,0.0
DTXSID5022643,803,0.0,0.0
DTXSID5022647,803,0.0,0.0
DTXSID5022649,803,0.0,0.0
DTXSID5022699,803,0.0,0.0
DTXSID5022722,803,0.0,0.0
DTXSID5022724,803,0.0,0.0
DTXSID5022774,803,0.0,0.0
DTXSID5022801,803,0.0,0.0
DTXSID5022803,803,0.0,0.0
DTXSID5022851,803,0.0,0.0
DTXSID5022855,803,0.0,0.0
DTXSID5022857,803,0.0,0.0
DTXSID5022932,803,0.0,0.0
DTXSID5022934,803,0.0,0.0
DTXSID5022938,803,0.0,0.0
DTXSID5022980,803,0.0,0.0
DTXSID5022982,803,0.0,0.0
DTXSID5022984,803,0.0,0.0
DTXSID5022986,803,0.0,0.0
DTXSID5023031,803,0.0,0.0
DTXSID5023033,803,0.0,0.0
DTXSID5023035,803,0.0,0.0
DTXSID5023037,803,0.0,0.0
DTXSID5023039,803,0.0,0.0
DTXSID5023081,803,0.0,0.0
DTXSID5023085,803,0.0,0.0
DTXSID5023089,803,0.0,0.0
DTXSID5023110,803,0.0,0.0
DTXSID5023114,803,0.0,0.0
DTXSID5023166,803,0.0,0.0
DTXSID5023243,803,0.0,0.0
DTXSID5023247,803,0.0,0.0
DTXSID5023293,803,0.0,0.0
DTXSID5023295,803,0.0,0.0
DTXSID5023322,803,0.0,0.0
DTXSID5023324,803,0.0,0.0
DTXSID5023370,803,0.0,0.0
DTXSID5023372,803,0.0,0.0
DTXSID5023376,803,0.0,0.0
DTXSID5023378,803,0.0,0.0
DTXSID5023453,803,0.0,0.0
DTXSID5023532,803,0.0,0.0
DTXSID5023536,803,0.0,0.0
DTXSID5023582,803,0.0,0.0
DTXSID5023584,803,0.0,0.0
DTXSID5023586,803,0.0,0.0
DTXSID5023588,803,0.0,0.0
DTXSID5023611,803,0.0,0.0
DTXSID5023613,803,0.0,0.0
DTXSID5023615,803,0.0,0.0
DTXSID5023661,803,0.0,0.0
DTXSID5023665,803,0.0,0.0
DTXSID5023667,803,0.0,0.0
DTXSID5023669,803,0.0,0.0
DTXSID5023740,803,0.0,0.0
DTXSID5023742,803,0.0,0.0
DTXSID5023744,803,0.0,0.0
DTXSID5023746,803,0.0,0.0
DTXSID5023748,803,0.0,0.0
DTXSID5023792,803,0.0,0.0
DTXSID5023794,803,0.0,0.0
DTXSID5023796,803,0.0,0.0
DTXSID5023825,803,0.0,0.0
DTXSID5023871,803,0.0,0.0
DTXSID5023875,803,0.0,0.0
DTXSID5023877,803,0.0,0.0
DTXSID5023900,803,0.0,0.0
DTXSID5023902,803,0.0,0.0
DTXSID5023908,803,0.0,0.0
DTXSID5023950,803,0.0,0.0
DTXSID5023954,803,0.0,0.0
DTXSID5024001,803,0.0,0.0
DTXSID5024051,803,0.0,0.0
DTXSID5024055,803,0.0,0.0
DTXSID5024057,803,0.0,0.0
DTXSID5024059,803,0.0,0.0
DTXSID5024182,803,0.0,0.0
DTXSID5024211,803,0.0,0.0
DTXSID5024261,803,0.0,0.0
DTXSID5024263,803,0.0,0.0
DTXSID5024269,803,0.0,0.0
DTXSID5024344,803,0.0,0.0
DTXSID5024346,803,0.0,0.0
DTXSID5024392,803,0.0,0.0
DTXSID5024394,803,0.0,0.0
DTXSID5024471,803,0.0,0.0
DTXSID5024473,803,0.0,0.0
DTXSID5024479,803,0.0,0.0
DTXSID5024500,803,0.0,0.0
DTXSID5024504,803,0.0,0.0
DTXSID5024506,803,0.0,0.0
DTXSID5024508,803,0.0,0.0
DTXSID5024554,803,0.0,0.0
DTXSID5024637,803,0.0,0.0
DTXSID5024639,803,0.0,0.0
DTXSID5024681,803,0.0,0.0
DTXSID5024683,803,0.0,0.0
DTXSID5024687,803,0.0,0.0
DTXSID5024710,803,0.0,0.0
DTXSID5024764,803,0.0,0.0
DTXSID5024845,803,0.0,0.0
DTXSID5024891,803,0.0,0.0
DTXSID5024922,803,0.0,0.0
DTXSID5024926,803,0.0,0.0
DTXSID5024970,803,0.0,0.0
DTXSID5024976,803,0.0,0.0
DTXSID5024978,803,0.0,0.0
DTXSID5025021,803,0.0,0.0
DTXSID5025023,803,0.0,0.0
DTXSID5025071,803,0.0,0.0
DTXSID5025079,803,0.0,0.0
DTXSID5025100,803,0.0,0.0
DTXSID5025102,803,0.0,0.0
DTXSID5025150,803,0.0,0.0
DTXSID5025152,803,0.0,0.0
DTXSID5025156,803,0.0,0.0
DTXSID5025231,803,0.0,0.0
DTXSID5025237,803,0.0,0.0
DTXSID5025285,803,0.0,0.0
DTXSID5025310,803,0.0,0.0
DTXSID5025312,803,0.0,0.0
DTXSID5025318,803,0.0,0.0
DTXSID5025364,803,0.0,0.0
DTXSID5025447,803,0.0,0.0
DTXSID5025449,803,0.0,0.0
DTXSID5025491,803,0.0,0.0
DTXSID5025570,803,0.0,0.0
DTXSID5025572,803,0.0,0.0
DTXSID5025574,803,0.0,0.0
DTXSID5025603,803,0.0,0.0
DTXSID5025607,803,0.0,0.0
DTXSID5025609,803,0.0,0.0
DTXSID5025653,803,0.0,0.0
DTXSID5025657,803,0.0,0.0
DTXSID5025659,803,0.0,0.0
DTXSID5025730,803,0.0,0.0
DTXSID5025732,803,0.0,0.0
DTXSID5025738,803,0.0,0.0
DTXSID5025811,803,0.0,0.0
DTXSID5025815,803,0.0,0.0
DTXSID5025819,803,0.0,0.0
DTXSID5025861,803,0.0,0.0
DTXSID5025863,803,0.0,0.0
DTXSID5025948,803,0.0,0.0
DTXSID5025998,803,0.0,0.0
DTXSID5026049,803,0.0,0.0
DTXSID5026091,803,0.0,0.0
DTXSID5026097,803,0.0,0.0
DTXSID5026120,803,0.0,0.0
DTXSID5026122,803,0.0,0.0
DTXSID5026124,803,0.0,0.0
DTXSID5026174,803,0.0,0.0
DTXSID5026178,803,0.0,0.0
DTXSID5026203,803,0.0,0.0
DTXSID5026205,803,0.0,0.0
DTXSID5026207,803,0.0,0.0
DTXSID5026209,803,0.0,0.0
DTXSID5026251,803,0.0,0.0
DTXSID5026259,803,0.0,0.0
DTXSID5026461,803,0.0,0.0
DTXSID5026544,803,0.0,0.0
DTXSID5026548,803,0.0,0.0
DTXSID5026623,803,0.0,0.0
DTXSID5026625,803,0.0,0.0
DTXSID5026702,803,0.0,0.0
DTXSID5026706,803,0.0,0.0
DTXSID5026837,803,0.0,0.0
DTXSID5026881,803,0.0,0.0
DTXSID5026889,803,0.0,0.0
DTXSID5026912,803,0.0,0.0
DTXSID5026914,803,0.0,0.0
DTXSID5026918,803,0.0,0.0
DTXSID5027019,803,0.0,0.0
DTXSID5027061,803,0.0,0.0
DTXSID5027063,803,0.0,0.0
DTXSID5027069,803,0.0,0.0
DTXSID5027142,803,0.0,0.0
DTXSID5027146,803,0.0,0.0
DTXSID5027148,803,0.0,0.0
DTXSID5027198,803,0.0,0.0
DTXSID5027223,803,8.689978768819556e-20,0.0
DTXSID5027227,803,0.0,0.0
DTXSID5027229,803,0.0,0.0
DTXSID5027279,803,0.0,0.0
DTXSID5027300,803,0.0,0.0
DTXSID5027302,803,0.0,0.0
DTXSID5027304,803,0.0,0.0
DTXSID5027308,803,0.0,0.0
DTXSID5027352,803,0.0,0.0
DTXSID5027356,803,0.0,0.0
DTXSID5027358,803,0.0,0.0
DTXSID5027433,803,3.4376661808381343e-13,0.0
DTXSID5027487,803,0.0,0.0
DTXSID5027489,803,0.0,0.0
DTXSID5027512,803,0.0,0.0
DTXSID5027518,803,0.0,0.0
DTXSID5027641,803,0.0,0.0
DTXSID5027647,803,0.0,0.0
DTXSID5027728,803,0.0,0.0
DTXSID5027770,803,0.0,0.0
DTXSID5027772,803,0.0,0.0
DTXSID5027774,803,0.0,0.0
DTXSID5027803,803,0.0,0.0
DTXSID5027805,803,0.0,0.0
DTXSID5027851,803,0.0,0.0
DTXSID5027857,803,0.0,0.0
DTXSID5027932,803,0.0,0.0
DTXSID5027936,803,0.0,0.0
DTXSID5027982,803,0.0,0.0
DTXSID5028033,803,0.0,0.0
DTXSID5028114,803,0.0,0.0
DTXSID5028665,803,0.0,0.0
DTXSID5029055,803,0.0,0.0
DTXSID5029059,803,0.0,0.0
DTXSID5029136,803,0.0,0.0
DTXSID5029182,803,0.0,0.0
DTXSID5029184,803,0.0,0.0
DTXSID5029186,803,0.0,0.0
DTXSID5029211,803,0.0,0.0
DTXSID5029217,803,0.0,0.0
DTXSID5029263,803,0.0,0.0
DTXSID5029265,803,0.0,0.0
DTXSID5029267,803,0.0,0.0
DTXSID5029683,803,0.0,0.0
DTXSID5029710,803,0.0,0.0
DTXSID5029762,803,0.0,0.0
DTXSID5030955,803,0.0,0.0
DTXSID5031131,803,0.0,0.0
DTXSID5031133,803,0.0,0.0
DTXSID5031210,803,0.0,0.0
DTXSID5031428,803,0.0,0.0
DTXSID5032020,803,0.0,0.0
DTXSID5032315,803,0.0,0.0
DTXSID5032361,803,0.0,0.0
DTXSID5032365,803,0.0,0.0
DTXSID5032442,803,0.0,0.0
DTXSID5032498,803,0.0,0.0
DTXSID5032523,803,0.0,0.0
DTXSID5032525,803,0.0,0.0
DTXSID5032573,803,0.0,0.0
DTXSID5032577,803,0.0,0.0
DTXSID5032579,803,0.0,0.0
DTXSID5032600,803,0.0,0.0
DTXSID5032654,803,0.0,0.0
DTXSID5033096,803,0.0,0.0
DTXSID5033098,803,0.0,0.0
DTXSID5033179,803,0.0,0.0
DTXSID5033389,803,0.0,0.0
DTXSID5033468,803,0.0,0.0
DTXSID5033595,803,0.0,0.0
DTXSID5033674,803,0.0,0.0
DTXSID5033701,803,0.0,0.0
DTXSID5033757,803,0.0,0.0
DTXSID5033836,803,0.0,0.0
DTXSID5034270,803,0.0,0.0
DTXSID5034303,803,0.0,0.0
DTXSID5034355,803,0.0,0.0
DTXSID5034357,803,0.0,0.0
DTXSID5034698,803,0.0,0.0
DTXSID5034723,803,0.0,0.0
DTXSID5034729,803,0.0,0.0
DTXSID5034773,803,0.0,0.0
DTXSID5034981,803,0.0,0.0
DTXSID5035163,803,0.0,0.0
DTXSID5035589,803,0.0,0.0
DTXSID5035616,803,0.0,0.0
DTXSID5035957,803,0.0,0.0
DTXSID5036684,803,0.0,0.0
DTXSID5037028,803,0.0,0.0
DTXSID5037072,803,0.0,0.0
DTXSID5037236,803,0.0,0.0
DTXSID5037494,803,0.0,0.0
DTXSID5037498,803,0.0,0.0
DTXSID5037523,803,0.0,0.0
DTXSID5037527,803,0.0,0.0
DTXSID5037571,803,0.0,0.0
DTXSID5037577,803,0.0,0.0
DTXSID5037579,803,0.0,0.0
DTXSID5037731,803,0.0,0.0
DTXSID5037739,803,0.0,0.0
DTXSID5038830,803,0.0,0.0
DTXSID5038888,803,0.0,0.0
DTXSID5039224,803,0.0,0.0
DTXSID5039721,803,0.0,0.0
DTXSID5040413,803,0.0,0.0
DTXSID5040461,803,0.0,0.0
DTXSID5040465,803,0.0,0.0
DTXSID5040540,803,0.0,0.0
DTXSID5040625,803,0.0,0.0
DTXSID5040675,803,0.0,0.0
DTXSID5040679,803,0.0,0.0
DTXSID5040700,803,0.0,0.0
DTXSID5040702,803,0.0,0.0
DTXSID5040708,803,0.0,0.0
DTXSID5040750,803,0.0,0.0
DTXSID5040758,803,0.0,0.0
DTXSID5041148,803,0.0,0.0
DTXSID5041190,803,0.0,0.0
DTXSID5041273,803,0.0,0.0
DTXSID5041275,803,0.0,0.0
DTXSID5041279,803,0.0,0.0
DTXSID5041302,803,0.0,0.0
DTXSID5041306,803,0.0,0.0
DTXSID5041308,803,0.0,0.0
DTXSID5041356,803,0.0,0.0
DTXSID5041431,803,0.0,0.0
DTXSID5041437,803,0.0,0.0
DTXSID5041439,803,0.0,0.0
DTXSID5041487,803,0.0,0.0
DTXSID5041512,803,0.0,0.0
DTXSID5041514,803,0.0,0.0
DTXSID5041516,803,0.0,0.0
DTXSID5041518,803,0.0,0.0
DTXSID5041641,803,0.0,0.0
DTXSID5041643,803,1.3322667248894747e-16,0.0
DTXSID5041691,803,0.0,0.0
DTXSID5041697,803,0.0,0.0
DTXSID5041699,803,0.0,0.0
DTXSID5041726,803,0.0,0.0
DTXSID5041728,803,0.0,0.0
DTXSID5041772,803,0.0,0.0
DTXSID5041774,803,0.0,0.0
DTXSID5041778,803,0.0,0.0
DTXSID5041803,803,0.0,0.0
DTXSID5041809,803,0.0,0.0
DTXSID5041851,803,0.0,0.0
DTXSID5042083,803,0.0,0.0
DTXSID5042089,803,0.0,0.0
DTXSID5042243,803,0.0,0.0
DTXSID5042247,803,0.0,0.0
DTXSID5042249,803,,
DTXSID5042297,803,0.0,0.0
DTXSID5042299,803,0.0,0.0
DTXSID5042320,803,0.0,0.0
DTXSID5042322,803,0.0,0.0
DTXSID5042324,803,0.0,0.0
DTXSID5042451,803,0.0,0.0
DTXSID5042459,803,0.0,0.0
DTXSID5042584,803,0.0,0.0
DTXSID5042613,803,0.0,0.0
DTXSID5043714,803,0.0,0.0
DTXSID5043895,803,0.0,0.0
DTXSID5043897,803,0.0,0.0
DTXSID5044023,803,0.0,0.0
DTXSID5044029,803,0.0,0.0
DTXSID5044239,803,0.0,0.0
DTXSID5044289,803,0.0,0.0
DTXSID5044314,803,0.0,0.0
DTXSID5044316,803,0.0,0.0
DTXSID5044318,803,0.0,0.0
DTXSID5044360,803,0.0,0.0
DTXSID5044362,803,0.0,0.0
DTXSID5044364,803,0.0,0.0
DTXSID5044366,803,0.0,0.0
DTXSID5044441,803,0.0,0.0
DTXSID5044443,803,0.0,0.0
DTXSID5044445,803,0.0,0.0
DTXSID5044447,803,0.0,0.0
DTXSID5044491,803,0.0,0.0
DTXSID5044493,803,0.0,0.0
DTXSID5044495,803,0.0,0.0
DTXSID5044520,803,0.0,0.0
DTXSID5044522,803,0.0,0.0
DTXSID5044526,803,0.0,0.0
DTXSID5044528,803,0.0,0.0
DTXSID5044570,803,0.0,0.0
DTXSID5044572,803,0.0,0.0
DTXSID5044574,803,0.0,0.0
DTXSID5044576,803,0.0,0.0
DTXSID5044578,803,0.0,0.0
DTXSID5044603,803,0.0,0.0
DTXSID5044607,803,0.0,0.0
DTXSID5044609,803,0.0,0.0
DTXSID5044655,803,0.0,0.0
DTXSID5044732,803,0.0,0.0
DTXSID5044734,803,0.0,0.0
DTXSID5044738,803,0.0,0.0
DTXSID5044780,803,0.0,0.0
DTXSID5044782,803,0.0,0.0
DTXSID5044784,803,0.0,0.0
DTXSID5044786,803,0.0,0.0
DTXSID5044788,803,0.0,0.0
DTXSID5044811,803,0.0,0.0
DTXSID5044815,803,0.0,0.0
DTXSID5044817,803,0.0,0.0
DTXSID5044819,803,0.0,0.0
DTXSID5044863,803,0.0,0.0
DTXSID5044865,803,0.0,0.0
DTXSID5044867,803,0.0,0.0
DTXSID5044869,803,0.0,0.0
DTXSID5044940,803,0.0,0.0
DTXSID5044948,803,3.953404120968844e-13,0.0
DTXSID5044990,803,0.0,0.0
DTXSID5044992,803,0.0,0.0
DTXSID5044994,803,0.0,0.0
DTXSID5044996,803,0.0,0.0
DTXSID5044998,803,0.0,0.0
DTXSID5045091,803,0.0,0.0
DTXSID5045093,803,0.0,0.0
DTXSID5045099,803,0.0,0.0
DTXSID5045120,803,0.0,0.0
DTXSID5045122,803,0.0,0.0
DTXSID5045124,803,0.0,0.0
DTXSID5045128,803,0.0,0.0
DTXSID5045170,803,0.0,0.0
DTXSID5045174,803,0.0,0.0
DTXSID5045176,803,0.0,0.0
DTXSID5045178,803,0.0,0.0
DTXSID5045201,803,0.0,0.0
DTXSID5045203,803,0.0,0.0
DTXSID5045205,803,0.0,0.0
DTXSID5045209,803,0.0,0.0
DTXSID5045330,803,0.0,0.0
DTXSID5045332,803,0.0,0.0
DTXSID5045380,803,0.0,0.0
DTXSID5045382,803,0.0,0.0
DTXSID5045384,803,0.0,0.0
DTXSID5045386,803,0.0,0.0
DTXSID5045388,803,0.0,0.0
DTXSID5045413,803,0.0,0.0
DTXSID5045417,803,0.0,0.0
DTXSID5045419,803,0.0,0.0
DTXSID5045461,803,0.0,0.0
DTXSID5045463,803,0.0,0.0
DTXSID5045465,803,0.0,0.0
DTXSID5045467,803,0.0,0.0
DTXSID5045469,803,0.0,0.0
DTXSID5045540,803,0.0,0.0
DTXSID5045542,803,0.0,0.0
DTXSID5045544,803,0.0,0.0
DTXSID5045546,803,0.0,0.0
DTXSID5045590,803,0.0,0.0
DTXSID5045594,803,0.0,0.0
DTXSID5045596,803,0.0,0.0
DTXSID5045598,803,0.0,0.0
DTXSID5045623,803,0.0,0.0
DTXSID5045625,803,0.0,0.0
DTXSID5045671,803,1.1001995822128035e-20,0.0
DTXSID5045673,803,0.0,0.0
DTXSID5045675,803,0.0,0.0
DTXSID5045677,803,0.0,0.0
DTXSID5045679,803,0.0,0.0
DTXSID5045700,803,0.0,0.0
DTXSID5045702,803,0.0,0.0
DTXSID5045704,803,0.0,0.0
DTXSID5045706,803,0.0,0.0
DTXSID5045708,803,0.0,0.0
DTXSID5045750,803,0.0,0.0
DTXSID5045752,803,0.0,0.0
DTXSID5045756,803,0.0,0.0
DTXSID5045758,803,0.0,0.0
DTXSID5045831,803,0.0,0.0
DTXSID5045833,803,0.0,0.0
DTXSID5045835,803,0.0,0.0
DTXSID5045839,803,0.0,0.0
DTXSID5045881,803,0.0,0.0
DTXSID5045883,803,0.0,0.0
DTXSID5045885,803,0.0,0.0
DTXSID5045887,803,0.0,0.0
DTXSID5045889,803,0.0,0.0
DTXSID5045910,803,0.0,0.0
DTXSID5045914,803,0.9999694752405239,1.0
DTXSID5045916,803,0.0,0.0
DTXSID5045960,803,0.0,0.0
DTXSID5045962,803,0.0,0.0
DTXSID5045964,803,0.0,0.0
DTXSID5046011,803,0.0,0.0
DTXSID5046013,803,0.0,0.0
DTXSID5046015,803,0.0,0.0
DTXSID5046017,803,0.0,0.0
DTXSID5046019,803,0.0,0.0
DTXSID5046061,803,0.0,0.0
DTXSID5046063,803,0.0,0.0
DTXSID5046067,803,0.0,0.0
DTXSID5046069,803,0.0,0.0
DTXSID5046140,803,0.0,0.0
DTXSID5046142,803,0.0,0.0
DTXSID5046144,803,0.0,0.0
DTXSID5046146,803,0.0,0.0
DTXSID5046148,803,0.0,0.0
DTXSID5046190,803,0.0,0.0
DTXSID5046192,803,0.0,0.0
DTXSID5046194,803,0.0,0.0
DTXSID5046196,803,0.0,0.0
DTXSID5046198,803,0.0,0.0
DTXSID5046221,803,0.0,0.0
DTXSID5046223,803,0.0,0.0
DTXSID5046225,803,0.0,0.0
DTXSID5046227,803,0.0,0.0
DTXSID5046229,803,0.0,0.0
DTXSID5046271,803,0.0,0.0
DTXSID5046273,803,0.0,0.0
DTXSID5046275,803,0.0,0.0
DTXSID5046277,803,0.0,0.0
DTXSID5046279,803,0.0,0.0
DTXSID5046300,803,0.0,0.0
DTXSID5046306,803,0.0,0.0
DTXSID5046308,803,0.0,0.0
DTXSID5046352,803,0.0,0.0
DTXSID5046354,803,0.0,0.0
DTXSID5046356,803,0.0,0.0
DTXSID5046358,803,0.0,0.0
DTXSID5046433,803,0.0,0.0
DTXSID5046435,803,0.0,0.0
DTXSID5046437,803,0.0,0.0
DTXSID5046439,803,0.0,0.0
DTXSID5046481,803,0.0,0.0
DTXSID5046483,803,0.0,0.0
DTXSID5046485,803,0.0,0.0
DTXSID5046487,803,0.0,0.0
DTXSID5046489,803,0.0,0.0
DTXSID5046510,803,0.0,0.0
DTXSID5046512,803,0.0,0.0
DTXSID5046516,803,0.0,0.0
DTXSID5046518,803,0.0,0.0
DTXSID5046560,803,0.0,0.0
DTXSID5046562,803,0.0,0.0
DTXSID5046564,803,0.0,0.0
DTXSID5046566,803,0.0,0.0
DTXSID5046568,803,0.0,0.0
DTXSID5046641,803,0.0,0.0
DTXSID5046643,803,0.0,0.0
DTXSID5046647,803,0.0,0.0
DTXSID5046649,803,0.0,0.0
DTXSID5046691,803,0.0,0.0
DTXSID5046693,803,0.0,0.0
DTXSID5046695,803,0.0,0.0
DTXSID5046697,803,0.0,0.0
DTXSID5046699,803,0.0,0.0
DTXSID5046720,803,0.0,0.0
DTXSID5046722,803,0.0,0.0
DTXSID5046724,803,0.0,0.0
DTXSID5046726,803,0.0,0.0
DTXSID5046728,803,0.0,0.0
DTXSID5046770,803,0.0,0.0
DTXSID5046772,803,0.0,0.0
DTXSID5046776,803,0.0,0.0
DTXSID5046778,803,0.0,0.0
DTXSID5046801,803,0.0,0.0
DTXSID5046803,803,0.0,0.0
DTXSID5046805,803,0.0,0.0
DTXSID5046807,803,0.0,0.0
DTXSID5046851,803,0.0,0.0
DTXSID5046853,803,0.0,0.0
DTXSID5046855,803,0.0,0.0
DTXSID5046857,803,0.0,0.0
DTXSID5046859,803,0.0,0.0
DTXSID5046938,803,0.0,0.0
DTXSID5046980,803,0.0,0.0
DTXSID5046986,803,0.0,0.0
DTXSID5046988,803,0.0,0.0
DTXSID5047031,803,0.0,0.0
DTXSID5047033,803,0.0,0.0
DTXSID5047035,803,0.0,0.0
DTXSID5047037,803,0.0,0.0
DTXSID5047039,803,0.0,0.0
DTXSID5047081,803,0.0,0.0
DTXSID5047083,803,0.0,0.0
DTXSID5047085,803,0.0,0.0
DTXSID5047087,803,0.0,0.0
DTXSID5047089,803,0.0,0.0
DTXSID5047110,803,0.0,0.0
DTXSID5047112,803,0.0,0.0
DTXSID5047116,803,0.0,0.0
DTXSID5047118,803,0.0,0.0
DTXSID5047160,803,0.0,0.0
DTXSID5047162,803,0.0,0.0
DTXSID5047164,803,0.0,0.0
DTXSID5047166,803,0.0,0.0
DTXSID5047168,803,0.0,0.0
DTXSID5047241,803,0.0,0.0
DTXSID5047243,803,0.0,0.0
DTXSID5047249,803,0.0,0.0
DTXSID5047291,803,0.0,0.0
DTXSID5047295,803,0.0,0.0
DTXSID5047297,803,0.0,0.0
DTXSID5047299,803,0.0,0.0
DTXSID5047320,803,0.0,0.0
DTXSID5047322,803,0.0,0.0
DTXSID5047324,803,0.0,0.0
DTXSID5047328,803,0.0,0.0
DTXSID5047372,803,0.0,0.0
DTXSID5047374,803,0.0,0.0
DTXSID5047376,803,0.0,0.0
DTXSID5047405,803,0.0,0.0
DTXSID5047451,803,0.0,0.0
DTXSID5047453,803,0.0,0.0
DTXSID5047459,803,0.0,0.0
DTXSID5047530,803,0.0,0.0
DTXSID5047538,803,0.0,0.0
DTXSID5047582,803,0.0,0.0
DTXSID5047584,803,0.0,0.0
DTXSID5047611,803,0.0,0.0
DTXSID5047617,803,0.0,0.0
DTXSID5047661,803,0.0,0.0
DTXSID5047663,803,0.0,0.0
DTXSID5047665,803,0.0,0.0
DTXSID5047667,803,0.0,0.0
DTXSID5047744,803,0.0,0.0
DTXSID5047790,803,0.0,0.0
DTXSID5047796,803,0.0,0.0
DTXSID5047825,803,0.0,0.0
DTXSID5047829,803,0.0,0.0
DTXSID5047871,803,0.0,0.0
DTXSID5047873,803,0.0,0.0
DTXSID5047875,803,0.0,0.0
DTXSID5047877,803,0.0,0.0
DTXSID5047879,803,0.0,0.0
DTXSID5047900,803,0.0,0.0
DTXSID5047902,803,0.0,0.0
DTXSID5047904,803,0.0,0.0
DTXSID5047906,803,0.0,0.0
DTXSID5047908,803,0.0,0.0
DTXSID5047950,803,0.0,0.0
DTXSID5047952,803,0.0,0.0
DTXSID5047954,803,0.0,0.0
DTXSID5047956,803,0.0,0.0
DTXSID5048180,803,0.0,0.0
DTXSID5048182,803,0.0,0.0
DTXSID5048184,803,0.0,0.0
DTXSID5048186,803,1.0,1.0
DTXSID5048188,803,0.0,0.0
DTXSID5048211,803,0.0,0.0
DTXSID5048421,803,0.0,0.0
DTXSID5048506,803,0.0,0.0
DTXSID5048631,803,0.0,0.0
DTXSID5048633,803,0.0,0.0
DTXSID5048635,803,0.0,0.0
DTXSID5048637,803,0.0,0.0
DTXSID5048639,803,0.0,0.0
DTXSID5048681,803,0.0,0.0
DTXSID5048683,803,0.0,0.0
DTXSID5048685,803,0.0,0.0
DTXSID5048687,803,0.0,0.0
DTXSID5048689,803,0.0,0.0
DTXSID5048710,803,0.0,0.0
DTXSID5048712,803,0.0,0.0
DTXSID5048714,803,0.0,0.0
DTXSID5048716,803,0.0,0.0
DTXSID5048718,803,0.0,0.0
DTXSID5048760,803,0.0,0.0
DTXSID5048762,803,0.0,0.0
DTXSID5048764,803,0.0,0.0
DTXSID5048766,803,0.0,0.0
DTXSID5048768,803,0.0,0.0
DTXSID5048841,803,0.0,0.0
DTXSID5048843,803,0.0,0.0
DTXSID5048845,803,0.0,0.0
DTXSID5048847,803,0.0,0.0
DTXSID5048849,803,0.0,0.0
DTXSID5048891,803,0.0,0.0
DTXSID5048893,803,0.0,0.0
DTXSID5048895,803,0.0,0.0
DTXSID5048897,803,0.0,0.0
DTXSID5048899,803,0.0,0.0
DTXSID5048920,803,0.0,0.0
DTXSID5048922,803,0.0,0.0
DTXSID5048924,803,0.0,0.0
DTXSID5048926,803,0.0,0.0
DTXSID5048928,803,0.0,0.0
DTXSID5048970,803,0.0,0.0
DTXSID5048972,803,0.0,0.0
DTXSID5048974,803,0.0,0.0
DTXSID5048976,803,0.0,0.0
DTXSID5048978,803,0.0,0.0
DTXSID5049021,803,0.0,0.0
DTXSID5049023,803,0.0,0.0
DTXSID5049025,803,0.0,0.0
DTXSID5049027,803,0.0,0.0
DTXSID5049029,803,0.0,0.0
DTXSID5049071,803,0.0,0.0
DTXSID5049073,803,0.0,0.0
DTXSID5049075,803,0.0,0.0
DTXSID5049077,803,0.0,0.0
DTXSID5049079,803,0.0,0.0
DTXSID5049231,803,0.0,0.0
DTXSID5049233,803,0.0,0.0
DTXSID5049235,803,0.0,0.0
DTXSID5049237,803,0.0,0.0
DTXSID5049239,803,0.0,0.0
DTXSID5049281,803,0.0,0.0
DTXSID5049283,803,0.0,0.0
DTXSID5049285,803,0.0,0.0
DTXSID5049287,803,0.0,0.0
DTXSID5049289,803,0.0,0.0
DTXSID5049310,803,0.0,0.0
DTXSID5049312,803,0.0,0.0
DTXSID5049314,803,0.0,0.0
DTXSID5049316,803,0.0,0.0
DTXSID5049318,803,0.0,0.0
DTXSID5049360,803,0.0,0.0
DTXSID5049362,803,0.0,0.0
DTXSID5049364,803,0.0,0.0
DTXSID5049366,803,0.0,0.0
DTXSID5049368,803,0.0,0.0
DTXSID5049445,803,0.0,0.0
DTXSID5049447,803,0.0,0.0
DTXSID5049449,803,0.0,0.0
DTXSID5049491,803,0.0,0.0
DTXSID5049493,803,0.0,0.0
DTXSID5049495,803,0.0,0.0
DTXSID5049497,803,0.0,0.0
DTXSID5049499,803,0.0,0.0
DTXSID5049520,803,0.0,0.0
DTXSID5049522,803,0.0,0.0
DTXSID5049524,803,0.0,0.0
DTXSID5049526,803,0.0,0.0
DTXSID5049528,803,0.0,0.0
DTXSID5050426,803,0.0,0.0
DTXSID5051440,803,0.0,0.0
DTXSID6020014,803,0.0,0.0
DTXSID6020062,803,0.0,0.0
DTXSID6020064,803,0.0,0.0
DTXSID6020066,803,0.0,0.0
DTXSID6020068,803,0.0,0.0
DTXSID6020141,803,0.0,0.0
DTXSID6020143,803,0.0,0.0
DTXSID6020145,803,0.0,0.0
DTXSID6020147,803,0.0,0.0
DTXSID6020149,803,0.0,0.0
DTXSID6020193,803,0.0,0.0
DTXSID6020197,803,0.0,0.0
DTXSID6020199,803,0.0,0.0
DTXSID6020220,803,0.0,0.0
DTXSID6020222,803,0.0,0.0
DTXSID6020224,803,0.0,0.0
DTXSID6020226,803,0.0,0.0
DTXSID6020274,803,0.0,0.0
DTXSID6020276,803,0.0,0.0
DTXSID6020278,803,0.0,0.0
DTXSID6020303,803,0.0,0.0
DTXSID6020307,803,0.0,0.0
DTXSID6020309,803,0.0,0.0
DTXSID6020355,803,0.0,0.0
DTXSID6020357,803,0.0,0.0
DTXSID6020359,803,0.0,0.0
DTXSID6020430,803,0.0,0.0
DTXSID6020432,803,0.0,0.0
DTXSID6020434,803,0.0,0.0
DTXSID6020438,803,0.0,0.0
DTXSID6020480,803,0.0,0.0
DTXSID6020484,803,0.0,0.0
DTXSID6020511,803,0.0,0.0
DTXSID6020513,803,0.0,0.0
DTXSID6020515,803,0.0,0.0
DTXSID6020517,803,0.0,0.0
DTXSID6020561,803,0.0,0.0
DTXSID6020569,803,0.0,0.0
DTXSID6020646,803,0.0,0.0
DTXSID6020648,803,7.628853319557526e-20,0.0
DTXSID6020690,803,0.0,0.0
DTXSID6020692,803,0.0,0.0
DTXSID6020694,803,0.0,0.0
DTXSID6020696,803,0.0,0.0
DTXSID6020721,803,0.0,0.0
DTXSID6020771,803,0.0,0.0
DTXSID6020777,803,0.0,0.0
DTXSID6020779,803,0.0,0.0
DTXSID6020802,803,0.0,0.0
DTXSID6020804,803,0.0,0.0
DTXSID6020856,803,0.0,0.0
DTXSID6020933,803,0.0,0.0
DTXSID6020937,803,0.0,0.0
DTXSID6020939,803,0.0,0.0
DTXSID6020981,803,0.0,0.0
DTXSID6020983,803,0.0,0.0
DTXSID6020985,803,0.0,0.0
DTXSID6021030,803,0.0,0.0
DTXSID6021032,803,0.0,0.0
DTXSID6021036,803,0.0,0.0
DTXSID6021080,803,0.0,0.0
DTXSID6021082,803,0.0,0.0
DTXSID6021084,803,0.0,0.0
DTXSID6021086,803,0.0,0.0
DTXSID6021113,803,0.0,0.0
DTXSID6021117,803,0.0,0.0
DTXSID6021163,803,0.0,0.0
DTXSID6021165,803,0.0,0.0
DTXSID6021240,803,0.0,0.0
DTXSID6021244,803,0.0,0.0
DTXSID6021246,803,0.0,0.0
DTXSID6021248,803,0.0,0.0
DTXSID6021290,803,0.0,0.0
DTXSID6021292,803,1.7306480060629683e-06,0.0
DTXSID6021294,803,0.0,0.0
DTXSID6021296,803,0.0,0.0
DTXSID6021321,803,0.0,0.0
DTXSID6021327,803,0.0,0.0
DTXSID6021371,803,0.0,0.0
DTXSID6021373,803,0.0,0.0
DTXSID6021375,803,0.0,0.0
DTXSID6021377,803,0.0,0.0
DTXSID6021379,803,0.0,0.0
DTXSID6021402,803,0.0,0.0
DTXSID6021404,803,0.0,0.0
DTXSID6021408,803,0.0,0.0
DTXSID6021456,803,0.0,0.0
DTXSID6021458,803,0.0,0.0
DTXSID6021581,803,0.0,0.0
DTXSID6021583,803,0.0,0.0
DTXSID6021585,803,0.0,0.0
DTXSID6021610,803,0.0,0.0
DTXSID6021618,803,0.0,0.0
DTXSID6021660,803,0.0,0.0
DTXSID6021666,803,0.0,0.0
DTXSID6021668,803,0.0,0.0
DTXSID6021741,803,0.0,0.0
DTXSID6021749,803,0.0,0.0
DTXSID6021793,803,0.0,0.0
DTXSID6021795,803,0.0,0.0
DTXSID6021799,803,0.0,0.0
DTXSID6021820,803,0.0,0.0
DTXSID6021822,803,0.0,0.0
DTXSID6021824,803,0.0,0.0
DTXSID6021828,803,0.0,0.0
DTXSID6021872,803,9.230918388673905e-19,0.0
DTXSID6021874,803,0.0,0.0
DTXSID6021901,803,0.0,0.0
DTXSID6021907,803,0.0,0.0
DTXSID6021909,803,0.0,0.0
DTXSID6021953,803,0.0,0.0
DTXSID6021957,803,0.0,0.0
DTXSID6021959,803,0.0,0.0
DTXSID6022000,803,0.0,0.0
DTXSID6022004,803,0.0,0.0
DTXSID6022006,803,0.0,0.0
DTXSID6022008,803,0.0,0.0
DTXSID6022050,803,0.0,0.0
DTXSID6022056,803,0.0,0.0
DTXSID6022058,803,2.558713243874591e-17,0.0
DTXSID6022131,803,0.0,0.0
DTXSID6022133,803,0.0,0.0
DTXSID6022137,803,0.0,0.0
DTXSID6022187,803,0.0,0.0
DTXSID6022218,803,0.0,0.0
DTXSID6022341,803,0.0,0.0
DTXSID6022345,803,0.0,0.0
DTXSID6022391,803,0.0,0.0
DTXSID6022393,803,0.0,0.0
DTXSID6022399,803,0.0,0.0
DTXSID6022420,803,0.0,0.0
DTXSID6022422,803,3.511871332473086e-05,0.0
DTXSID6022472,803,0.0,0.0
DTXSID6022474,803,0.0,0.0
DTXSID6022553,803,0.9829062023251125,1.0
DTXSID6022555,803,0.0,0.0
DTXSID6022557,803,0.0,0.0
DTXSID6022559,803,0.0,0.0
DTXSID6022630,803,0.0,0.0
DTXSID6022632,803,0.0,0.0
DTXSID6022636,803,0.0,0.0
DTXSID6022684,803,0.0,0.0
DTXSID6022719,803,0.0,0.0
DTXSID6022842,803,0.0,0.0
DTXSID6022844,803,0.0,0.0
DTXSID6022846,803,0.0,0.0
DTXSID6022892,803,0.0,0.0
DTXSID6022894,803,0.0,0.0
DTXSID6022898,803,0.0,0.0
DTXSID6022927,803,1.0,1.0
DTXSID6022973,803,0.0,0.0
DTXSID6022975,803,0.0,0.0
DTXSID6022977,803,0.0,0.0
DTXSID6023020,803,0.0,0.0
DTXSID6023024,803,0.0,0.0
DTXSID6023028,803,0.0,0.0
DTXSID6023076,803,0.0,0.0
DTXSID6023078,803,0.0,0.0
DTXSID6023101,803,0.0,0.0
DTXSID6023103,803,0.0,0.0
DTXSID6023109,803,0.0,0.0
DTXSID6023153,803,0.0,0.0
DTXSID6023155,803,0.0,0.0
DTXSID6023157,803,0.0,0.0
DTXSID6023159,803,0.0,0.0
DTXSID6023232,803,0.0,0.0
DTXSID6023280,803,0.0,0.0
DTXSID6023286,803,0.0,0.0
DTXSID6023313,803,0.0,0.0
DTXSID6023315,803,0.0,0.0
DTXSID6023317,803,0.0,0.0
DTXSID6023319,803,0.0,0.0
DTXSID6023363,803,0.0,0.0
DTXSID6023365,803,0.0,0.0
DTXSID6023367,803,0.0,0.0
DTXSID6023369,803,0.0,0.0
DTXSID6023440,803,0.0,0.0
DTXSID6023442,803,0.0,0.0
DTXSID6023490,803,0.0,0.0
DTXSID6023492,803,0.0,0.0
DTXSID6023496,803,0.0,0.0
DTXSID6023523,803,0.0,0.0
DTXSID6023529,803,0.0,0.0
DTXSID6023571,803,0.0,0.0
DTXSID6023600,803,0.0,0.0
DTXSID6023602,803,0.0,0.0
DTXSID6023608,803,0.0,0.0
DTXSID6023650,803,0.0,0.0
DTXSID6023652,803,0.0,0.0
DTXSID6023656,803,0.0,0.0
DTXSID6023658,803,0.0,0.0
DTXSID6023733,803,0.0,0.0
DTXSID6023735,803,0.0,0.0
DTXSID6023737,803,0.0,0.0
DTXSID6023810,803,0.0,0.0
DTXSID6023862,803,0.0,0.0
DTXSID6023864,803,0.0,0.0
DTXSID6023868,803,0.0,0.0
DTXSID6023947,803,0.0,0.0
DTXSID6023997,803,0.0,0.0
DTXSID6023999,803,0.0,0.0
DTXSID6024046,803,0.0,0.0
DTXSID6024048,803,0.0,0.0
DTXSID6024123,803,0.0,0.0
DTXSID6024127,803,0.0,0.0
DTXSID6024175,803,0.0,0.0
DTXSID6024177,803,0.0,0.0
DTXSID6024200,803,0.0,0.0
DTXSID6024204,803,0.0,0.0
DTXSID6024206,803,0.0,0.0
DTXSID6024254,803,0.0,0.0
DTXSID6024331,803,0.0,0.0
DTXSID6024337,803,0.0,0.0
DTXSID6024412,803,0.0,0.0
DTXSID6024414,803,0.0,0.0
DTXSID6024460,803,0.0,0.0
DTXSID6024462,803,0.0,0.0
DTXSID6024466,803,0.0,0.0
DTXSID6024591,803,0.0,0.0
DTXSID6024597,803,0.0,0.0
DTXSID6024599,803,0.0,0.0
DTXSID6024622,803,0.0,0.0
DTXSID6024624,803,0.0,0.0
DTXSID6024628,803,0.0,0.0
DTXSID6024670,803,0.0,0.0
DTXSID6024674,803,0.0,0.0
DTXSID6024676,803,0.0,0.0
DTXSID6024701,803,0.0,0.0
DTXSID6024832,803,0.0,0.0
DTXSID6024834,803,0.0,0.0
DTXSID6024836,803,0.0,0.0
DTXSID6024880,803,0.0,0.0
DTXSID6024882,803,0.0,0.0
DTXSID6024886,803,0.0,0.0
DTXSID6024888,803,0.0,0.0
DTXSID6024911,803,0.0,0.0
DTXSID6024913,803,0.0,0.0
DTXSID6024915,803,0.0,0.0
DTXSID6024917,803,0.0,0.0
DTXSID6024961,803,0.0,0.0
DTXSID6024965,803,0.0,0.0
DTXSID6024967,803,0.0,0.0
DTXSID6025010,803,0.0,0.0
DTXSID6025012,803,0.0,0.0
DTXSID6025014,803,2.214631756008961e-17,0.0
DTXSID6025018,803,0.0,0.0
DTXSID6025064,803,0.0,0.0
DTXSID6025068,803,0.0,0.0
DTXSID6025141,803,0.0,0.0
DTXSID6025143,803,0.0,0.0
DTXSID6025145,803,0.0,0.0
DTXSID6025149,803,0.0,0.0
DTXSID6025220,803,0.0,0.0
DTXSID6025226,803,0.0,0.0
DTXSID6025272,803,0.0,0.0
DTXSID6025276,803,0.0,0.0
DTXSID6025278,803,0.0,0.0
DTXSID6025301,803,0.0,0.0
DTXSID6025303,803,0.0,0.0
DTXSID6025307,803,0.0,0.0
DTXSID6025309,803,0.0,0.0
DTXSID6025355,803,0.0,0.0
DTXSID6025436,803,0.0,0.0
DTXSID6025438,803,0.0,0.0
DTXSID6025480,803,0.0,0.0
DTXSID6025486,803,0.0,0.0
DTXSID6025513,803,0.0,0.0
DTXSID6025565,803,0.0,0.0
DTXSID6025567,803,0.0,0.0
DTXSID6025569,803,0.0,0.0
DTXSID6025640,803,0.0,0.0
DTXSID6025642,803,0.0,0.0
DTXSID6025690,803,0.0,0.0
DTXSID6025692,803,0.0,0.0
DTXSID6025696,803,0.0,0.0
DTXSID6025723,803,0.0,0.0
DTXSID6025725,803,0.0,0.0
DTXSID6025775,803,0.0,0.0
DTXSID6025804,803,0.0,0.0
DTXSID6025850,803,0.0,0.0
DTXSID6025854,803,0.0,0.0
DTXSID6025939,803,0.0,0.0
DTXSID6025983,803,0.0,0.0
DTXSID6026080,803,0.0,0.0
DTXSID6026082,803,0.0,0.0
DTXSID6026084,803,0.0,0.0
DTXSID6026088,803,0.0,0.0
DTXSID6026115,803,0.0,0.0
DTXSID6026119,803,0.0,0.0
DTXSID6026161,803,0.0,0.0
DTXSID6026167,803,0.0,0.0
DTXSID6026169,803,0.0,0.0
DTXSID6026240,803,0.0,0.0
DTXSID6026292,803,0.0,0.0
DTXSID6026294,803,0.0,0.0
DTXSID6026298,803,0.0,0.0
DTXSID6026325,803,0.0,0.0
DTXSID6026373,803,0.0,0.0
DTXSID6026450,803,0.0,0.0
DTXSID6026535,803,0.0,0.0
DTXSID6026537,803,0.0,0.0
DTXSID6026612,803,0.0,0.0
DTXSID6026664,803,0.0,0.0
DTXSID6026797,803,0.0,0.0
DTXSID6026799,803,0.0,0.0
DTXSID6026824,803,0.0,0.0
DTXSID6026872,803,0.0,0.0
DTXSID6026878,803,0.0,0.0
DTXSID6026901,803,0.0,0.0
DTXSID6026905,803,0.0,0.0
DTXSID6026955,803,0.0,0.0
DTXSID6027050,803,0.0,0.0
DTXSID6027052,803,0.0,0.0
DTXSID6027131,803,0.0,0.0
DTXSID6027133,803,0.0,0.0
DTXSID6027137,803,0.0,0.0
DTXSID6027181,803,0.0,0.0
DTXSID6027185,803,0.0,0.0
DTXSID6027214,803,0.0,0.0
DTXSID6027218,803,0.0,0.0
DTXSID6027262,803,0.0,0.0
DTXSID6027266,803,0.0,0.0
DTXSID6027268,803,0.0,0.0
DTXSID6027341,803,0.0,0.0
DTXSID6027343,803,0.0,0.0
DTXSID6027345,803,0.0,0.0
DTXSID6027395,803,0.0,0.0
DTXSID6027397,803,0.0,0.0
DTXSID6027503,803,0.0,0.0
DTXSID6027507,803,0.0,0.0
DTXSID6027509,803,0.0,0.0
DTXSID6027551,803,0.0,0.0
DTXSID6027636,803,0.0,0.0
DTXSID6027713,803,0.0,0.0
DTXSID6027844,803,0.0,0.0
DTXSID6027921,803,0.0,0.0
DTXSID6027923,803,0.0,0.0
DTXSID6027925,803,0.0,0.0
DTXSID6027975,803,0.0,0.0
DTXSID6028022,803,0.0,0.0
DTXSID6028028,803,0.0,0.0
DTXSID6029121,803,0.0,0.0
DTXSID6029127,803,0.0,0.0
DTXSID6029202,803,0.0,0.0
DTXSID6029250,803,0.0,0.0
DTXSID6029254,803,0.0,0.0
DTXSID6029331,803,0.0,0.0
DTXSID6029335,803,0.0,0.0
DTXSID6029626,803,0.0,0.0
DTXSID6029670,803,0.0,0.0
DTXSID6029703,803,0.0,0.0
DTXSID6029707,803,0.0,0.0
DTXSID6029755,803,0.0,0.0
DTXSID6030607,803,0.0,0.0
DTXSID6031209,803,0.0,0.0
DTXSID6031380,803,0.0,0.0
DTXSID6031461,803,0.0,0.0
DTXSID6032061,803,0.0,0.0
DTXSID6032192,803,0.0,0.0
DTXSID6032352,803,0.0,0.0
DTXSID6032354,803,0.0,0.0
DTXSID6032356,803,0.0,0.0
DTXSID6032358,803,0.0,0.0
DTXSID6032431,803,0.0,0.0
DTXSID6032437,803,0.0,0.0
DTXSID6032514,803,0.0,0.0
DTXSID6032516,803,0.0,0.0
DTXSID6032518,803,0.0,0.0
DTXSID6032562,803,0.0,0.0
DTXSID6032641,803,0.0,0.0
DTXSID6032645,803,0.0,0.0
DTXSID6032647,803,0.0,0.0
DTXSID6032649,803,0.0,0.0
DTXSID6032722,803,0.0,0.0
DTXSID6033241,803,0.0,0.0
DTXSID6033247,803,0.0,0.0
DTXSID6033326,803,0.0,0.0
DTXSID6033401,803,0.0,0.0
DTXSID6033538,803,0.0,0.0
DTXSID6033825,803,0.0,0.0
DTXSID6034005,803,0.0,0.0
DTXSID6034186,803,0.0,0.0
DTXSID6034265,803,0.0,0.0
DTXSID6034392,803,0.0,0.0
DTXSID6034764,803,0.0,0.0
DTXSID6034849,803,0.0,0.0
DTXSID6034924,803,0.0,0.0
DTXSID6034928,803,0.0,0.0
DTXSID6034972,803,0.0,0.0
DTXSID6035106,803,0.0,0.0
DTXSID6035152,803,0.0,0.0
DTXSID6035156,803,0.0,0.0
DTXSID6035285,803,0.0,0.0
DTXSID6035491,803,0.0,0.0
DTXSID6035784,803,0.9999999776800367,1.0
DTXSID6036467,803,0.0,0.0
DTXSID6037015,803,0.0,0.0
DTXSID6037069,803,0.0,0.0
DTXSID6037649,803,0.0,0.0
DTXSID6037697,803,0.0,0.0
DTXSID6037728,803,0.0,0.0
DTXSID6038798,803,0.0,0.0
DTXSID6038875,803,0.0,0.0
DTXSID6038877,803,0.0,0.0
DTXSID6040111,803,0.0,0.0
DTXSID6040115,803,0.0,0.0
DTXSID6040246,803,0.0,0.0
DTXSID6040290,803,0.0,0.0
DTXSID6040296,803,6.664619285140775e-14,0.0
DTXSID6040371,803,0.0,0.0
DTXSID6040404,803,0.9933209044915103,1.0
DTXSID6040583,803,0.0,0.0
DTXSID6040614,803,0.0,0.0
DTXSID6040662,803,0.0,0.0
DTXSID6040664,803,0.0,0.0
DTXSID6040666,803,0.0,0.0
DTXSID6040668,803,0.0,0.0
DTXSID6040745,803,0.0,0.0
DTXSID6040747,803,0.0,0.0
DTXSID6040795,803,0.0,0.0
DTXSID6041056,803,0.0,0.0
DTXSID6041133,803,0.0,0.0
DTXSID6041137,803,0.0,0.0
DTXSID6041185,803,0.0,0.0
DTXSID6041210,803,0.0,0.0
DTXSID6041268,803,0.0,0.0
DTXSID6041347,803,0.0,0.0
DTXSID6041349,803,0.0,0.0
DTXSID6041420,803,0.0,0.0
DTXSID6041422,803,0.0,0.0
DTXSID6041424,803,0.0,0.0
DTXSID6041426,803,0.0,0.0
DTXSID6041472,803,0.0,0.0
DTXSID6041507,803,0.0,0.0
DTXSID6041557,803,0.0,0.0
DTXSID6041636,803,0.0,0.0
DTXSID6041638,803,0.0,0.0
DTXSID6041680,803,0.0,0.0
DTXSID6041682,803,0.0,0.0
DTXSID6041684,803,0.0,0.0
DTXSID6041688,803,0.0,0.0
DTXSID6041715,803,0.0,0.0
DTXSID6041719,803,0.0,0.0
DTXSID6041761,803,0.0,0.0
DTXSID6041844,803,0.0,0.0
DTXSID6041892,803,0.0,0.0
DTXSID6041925,803,0.0,0.0
DTXSID6041927,803,0.0,0.0
DTXSID6041973,803,0.0,0.0
DTXSID6041977,803,0.0,0.0
DTXSID6042072,803,0.0,0.0
DTXSID6042074,803,0.0,0.0
DTXSID6042157,803,0.0,0.0
DTXSID6042232,803,0.0,0.0
DTXSID6042234,803,0.0,0.0
DTXSID6042280,803,0.0,0.0
DTXSID6042315,803,0.0,0.0
DTXSID6042365,803,0.0,0.0
DTXSID6042369,803,0.0,0.0
DTXSID6042440,803,0.0,0.0
DTXSID6042448,803,0.0,0.0
DTXSID6042490,803,0.0,0.0
DTXSID6042494,803,0.0,0.0
DTXSID6042498,803,0.0,0.0
DTXSID6042521,803,0.0,0.0
DTXSID6042579,803,0.0,0.0
DTXSID6042602,803,0.0,0.0
DTXSID6043709,803,0.0,0.0
DTXSID6043913,803,0.0,0.0
DTXSID6043915,803,0.0,0.0
DTXSID6043919,803,0.0,0.0
DTXSID6044014,803,0.0,0.0
DTXSID6044226,803,0.0,0.0
DTXSID6044272,803,0.0,0.0
DTXSID6044303,803,0.0,0.0
DTXSID6044307,803,0.0,0.0
DTXSID6044309,803,0.0,0.0
DTXSID6044353,803,0.0,0.0
DTXSID6044355,803,0.0,0.0
DTXSID6044357,803,0.0,0.0
DTXSID6044359,803,0.0,0.0
DTXSID6044430,803,0.0,0.0
DTXSID6044436,803,0.0,0.0
DTXSID6044438,803,0.0,0.0
DTXSID6044484,803,0.0,0.0
DTXSID6044486,803,0.0,0.0
DTXSID6044488,803,0.0,0.0
DTXSID6044511,803,0.0,0.0
DTXSID6044513,803,3.364044764404415e-14,0.0
DTXSID6044515,803,0.0,0.0
DTXSID6044517,803,0.0,0.0
DTXSID6044519,803,0.0,0.0
DTXSID6044561,803,0.0,0.0
DTXSID6044563,803,0.0,0.0
DTXSID6044565,803,0.0,0.0
DTXSID6044642,803,0.0,0.0
DTXSID6044644,803,0.0,0.0
DTXSID6044646,803,0.9998295602935288,1.0
DTXSID6044648,803,0.0,0.0
DTXSID6044690,803,0.0,0.0
DTXSID6044692,803,0.0,0.0
DTXSID6044696,803,0.0,0.0
DTXSID6044698,803,0.0,0.0
DTXSID6044721,803,0.0,0.0
DTXSID6044723,803,0.0,0.0
DTXSID6044725,803,0.0,0.0
DTXSID6044727,803,0.0,0.0
DTXSID6044771,803,0.0,0.0
DTXSID6044773,803,0.0,0.0
DTXSID6044777,803,0.0,0.0
DTXSID6044779,803,0.0,0.0
DTXSID6044800,803,0.0,0.0
DTXSID6044802,803,0.0,0.0
DTXSID6044804,803,0.0,0.0
DTXSID6044808,803,0.0,0.0
DTXSID6044852,803,0.0,0.0
DTXSID6044854,803,0.0,0.0
DTXSID6044856,803,0.0,0.0
DTXSID6044858,803,0.0,0.0
DTXSID6044931,803,0.0,0.0
DTXSID6044933,803,0.0,0.0
DTXSID6044935,803,0.0,0.0
DTXSID6044939,803,0.0,0.0
DTXSID6044981,803,0.0,0.0
DTXSID6044983,803,0.0,0.0
DTXSID6044985,803,0.0,0.0
DTXSID6044989,803,0.0,0.0
DTXSID6045082,803,0.0,0.0
DTXSID6045084,803,0.0,0.0
DTXSID6045086,803,0.0,0.0
DTXSID6045088,803,0.0,0.0
DTXSID6045111,803,0.0,0.0
DTXSID6045115,803,0.0,0.0
DTXSID6045117,803,0.0,0.0
DTXSID6045119,803,0.0,0.0
DTXSID6045161,803,0.0,0.0
DTXSID6045163,803,0.0,0.0
DTXSID6045165,803,0.0,0.0
DTXSID6045167,803,0.0,0.0
DTXSID6045169,803,0.0,0.0
DTXSID6045240,803,0.0,0.0
DTXSID6045244,803,0.0,0.0
DTXSID6045248,803,0.0,0.0
DTXSID6045292,803,0.0,0.0
DTXSID6045296,803,0.0,0.0
DTXSID6045321,803,0.0,0.0
DTXSID6045323,803,0.0,0.0
DTXSID6045325,803,0.0,0.0
DTXSID6045371,803,0.0,0.0
DTXSID6045373,803,0.0,0.0
DTXSID6045375,803,0.0,0.0
DTXSID6045377,803,0.0,0.0
DTXSID6045400,803,0.0,0.0
DTXSID6045402,803,0.0,0.0
DTXSID6045406,803,0.0,0.0
DTXSID6045408,803,0.0,0.0
DTXSID6045452,803,0.0,0.0
DTXSID6045531,803,0.0,0.0
DTXSID6045533,803,0.0,0.0
DTXSID6045535,803,0.0,0.0
DTXSID6045537,803,0.0,0.0
DTXSID6045539,803,0.0,0.0
DTXSID6045581,803,0.0,0.0
DTXSID6045583,803,0.0,0.0
DTXSID6045585,803,0.0,0.0
DTXSID6045587,803,0.0,0.0
DTXSID6045614,803,0.0,0.0
DTXSID6045616,803,0.0,0.0
DTXSID6045618,803,0.0,0.0
DTXSID6045660,803,0.0,0.0
DTXSID6045662,803,0.0,0.0
DTXSID6045666,803,0.0,0.0
DTXSID6045668,803,0.0,0.0
DTXSID6045741,803,0.0,0.0
DTXSID6045743,803,0.0,0.0
DTXSID6045745,803,0.0,0.0
DTXSID6045749,803,0.0,0.0
DTXSID6045791,803,0.0,0.0
DTXSID6045795,803,0.0,0.0
DTXSID6045820,803,0.0,0.0
DTXSID6045822,803,0.0,0.0
DTXSID6045824,803,0.0,0.0
DTXSID6045828,803,0.0,0.0
DTXSID6045870,803,0.0,0.0
DTXSID6045872,803,0.0,0.0
DTXSID6045874,803,0.0,0.0
DTXSID6045878,803,0.0,0.0
DTXSID6045901,803,0.0,0.0
DTXSID6045903,803,0.0,0.0
DTXSID6045905,803,0.0,0.0
DTXSID6045907,803,0.0,0.0
DTXSID6045909,803,0.0,0.0
DTXSID6045951,803,0.0,0.0
DTXSID6045953,803,0.0,0.0
DTXSID6045955,803,0.0,0.0
DTXSID6045957,803,0.0,0.0
DTXSID6045959,803,0.0,0.0
DTXSID6046000,803,0.0,0.0
DTXSID6046008,803,0.0,0.0
DTXSID6046054,803,0.0,0.0
DTXSID6046131,803,0.0,0.0
DTXSID6046133,803,0.0,0.0
DTXSID6046135,803,0.0,0.0
DTXSID6046137,803,0.0,0.0
DTXSID6046139,803,0.0,0.0
DTXSID6046181,803,0.0,0.0
DTXSID6046183,803,0.0,0.0
DTXSID6046185,803,0.0,0.0
DTXSID6046187,803,0.0,0.0
DTXSID6046189,803,0.0,0.0
DTXSID6046210,803,0.0,0.0
DTXSID6046212,803,0.0,0.0
DTXSID6046214,803,0.0,0.0
DTXSID6046216,803,0.0,0.0
DTXSID6046218,803,0.0,0.0
DTXSID6046260,803,0.0,0.0
DTXSID6046262,803,0.0,0.0
DTXSID6046264,803,0.0,0.0
DTXSID6046266,803,0.0,0.0
DTXSID6046268,803,0.0,0.0
DTXSID6046341,803,0.0,0.0
DTXSID6046343,803,0.0,0.0
DTXSID6046345,803,0.0,0.0
DTXSID6046347,803,0.0,0.0
DTXSID6046349,803,0.0,0.0
DTXSID6046391,803,0.0,0.0
DTXSID6046393,803,0.0,0.0
DTXSID6046395,803,0.0,0.0
DTXSID6046397,803,0.0,0.0
DTXSID6046399,803,0.0,0.0
DTXSID6046420,803,0.0,0.0
DTXSID6046422,803,0.0,0.0
DTXSID6046424,803,0.0,0.0
DTXSID6046426,803,0.0,0.0
DTXSID6046428,803,0.0,0.0
DTXSID6046470,803,0.0,0.0
DTXSID6046472,803,0.0,0.0
DTXSID6046474,803,0.0,0.0
DTXSID6046476,803,0.0,0.0
DTXSID6046478,803,0.0,0.0
DTXSID6046501,803,0.0,0.0
DTXSID6046503,803,0.0,0.0
DTXSID6046505,803,0.0,0.0
DTXSID6046507,803,0.0,0.0
DTXSID6046509,803,0.0,0.0
DTXSID6046551,803,0.0,0.0
DTXSID6046553,803,0.0,0.0
DTXSID6046555,803,0.0,0.0
DTXSID6046557,803,0.0,0.0
DTXSID6046630,803,0.0,0.0
DTXSID6046634,803,0.0,0.0
DTXSID6046636,803,0.0,0.0
DTXSID6046638,803,0.0,0.0
DTXSID6046682,803,0.0,0.0
DTXSID6046686,803,0.0,0.0
DTXSID6046688,803,0.0,0.0
DTXSID6046713,803,0.0,0.0
DTXSID6046715,803,0.0,0.0
DTXSID6046719,803,0.0,0.0
DTXSID6046761,803,0.0,0.0
DTXSID6046763,803,0.0,0.0
DTXSID6046765,803,0.0,0.0
DTXSID6046767,803,0.0,0.0
DTXSID6046842,803,0.0,0.0
DTXSID6046844,803,0.0,0.0
DTXSID6046846,803,0.0,0.0
DTXSID6046890,803,0.0,0.0
DTXSID6046892,803,0.0,0.0
DTXSID6046894,803,0.0,0.0
DTXSID6046896,803,0.0,0.0
DTXSID6046898,803,0.0,0.0
DTXSID6046921,803,0.0,0.0
DTXSID6046923,803,0.0,0.0
DTXSID6046925,803,0.0,0.0
DTXSID6046977,803,0.0,0.0
DTXSID6046979,803,0.0,0.0
DTXSID6047028,803,0.0,0.0
DTXSID6047070,803,0.0,0.0
DTXSID6047072,803,0.0,0.0
DTXSID6047074,803,0.0,0.0
DTXSID6047076,803,0.0,0.0
DTXSID6047078,803,0.0,0.0
DTXSID6047101,803,0.0,0.0
DTXSID6047103,803,0.0,0.0
DTXSID6047105,803,0.0,0.0
DTXSID6047107,803,0.0,0.0
DTXSID6047109,803,0.0,0.0
DTXSID6047155,803,0.0,0.0
DTXSID6047157,803,0.0,0.0
DTXSID6047159,803,0.0,0.0
DTXSID6047236,803,0.0,0.0
DTXSID6047280,803,0.0,0.0
DTXSID6047282,803,0.0,0.0
DTXSID6047284,803,0.0,0.0
DTXSID6047286,803,0.0,0.0
DTXSID6047288,803,0.0,0.0
DTXSID6047311,803,0.0,0.0
DTXSID6047313,803,0.0,0.0
DTXSID6047315,803,0.0,0.0
DTXSID6047319,803,0.0,0.0
DTXSID6047363,803,0.0,0.0
DTXSID6047369,803,0.0,0.0
DTXSID6047440,803,0.0,0.0
DTXSID6047444,803,0.0,0.0
DTXSID6047446,803,0.0,0.0
DTXSID6047448,803,0.0,0.0
DTXSID6047490,803,0.0,0.0
DTXSID6047498,803,0.0,0.0
DTXSID6047523,803,0.0,0.0
DTXSID6047525,803,0.0,0.0
DTXSID6047527,803,0.0,0.0
DTXSID6047529,803,0.0,0.0
DTXSID6047579,803,0.0,0.0
DTXSID6047604,803,0.0,0.0
DTXSID6047606,803,0.0,0.0
DTXSID6047608,803,0.0,0.0
DTXSID6047654,803,0.0,0.0
DTXSID6047656,803,0.0,0.0
DTXSID6047781,803,0.0,0.0
DTXSID6047783,803,0.0,0.0
DTXSID6047785,803,0.0,0.0
DTXSID6047787,803,0.0,0.0
DTXSID6047789,803,0.0,0.0
DTXSID6047810,803,0.0,0.0
DTXSID6047818,803,0.0,0.0
DTXSID6047941,803,0.0,0.0
DTXSID6047943,803,0.0,0.0
DTXSID6047945,803,0.0,0.0
DTXSID6047947,803,0.0,0.0
DTXSID6047949,803,0.0,0.0
DTXSID6048171,803,0.0,0.0
DTXSID6048175,803,0.0,0.0
DTXSID6048200,803,0.0,0.0
DTXSID6048202,803,0.0,0.0
DTXSID6048204,803,0.0,0.0
DTXSID6048206,803,0.0,0.0
DTXSID6048208,803,0.0,0.0
DTXSID6048333,803,0.0,0.0
DTXSID6048383,803,0.0,0.0
DTXSID6048591,803,0.0,0.0
DTXSID6048593,803,0.0,0.0
DTXSID6048595,803,0.0,0.0
DTXSID6048597,803,0.0,0.0
DTXSID6048599,803,0.0,0.0
DTXSID6048620,803,0.0,0.0
DTXSID6048622,803,0.0,0.0
DTXSID6048624,803,0.0,0.0
DTXSID6048626,803,0.0,0.0
DTXSID6048628,803,0.0,0.0
DTXSID6048670,803,0.0,0.0
DTXSID6048672,803,0.0,0.0
DTXSID6048674,803,0.0,0.0
DTXSID6048676,803,0.0,0.0
DTXSID6048678,803,0.0,0.0
DTXSID6048701,803,0.0,0.0
DTXSID6048703,803,0.0,0.0
DTXSID6048705,803,0.0,0.0
DTXSID6048707,803,0.0,0.0
DTXSID6048709,803,0.0,0.0
DTXSID6048751,803,0.0,0.0
DTXSID6048753,803,0.0,0.0
DTXSID6048755,803,0.0,0.0
DTXSID6048757,803,0.0,0.0
DTXSID6048759,803,0.0,0.0
DTXSID6048830,803,0.0,0.0
DTXSID6048832,803,0.0,0.0
DTXSID6048834,803,0.0,0.0
DTXSID6048836,803,0.0,0.0
DTXSID6048838,803,0.0,0.0
DTXSID6048880,803,0.0,0.0
DTXSID6048882,803,0.0,0.0
DTXSID6048884,803,0.0,0.0
DTXSID6048886,803,0.0,0.0
DTXSID6048888,803,0.0,0.0
DTXSID6048911,803,0.0,0.0
DTXSID6048913,803,0.0,0.0
DTXSID6048915,803,0.0,0.0
DTXSID6048917,803,0.0,0.0
DTXSID6048919,803,0.0,0.0
DTXSID6048961,803,0.0,0.0
DTXSID6048963,803,0.0,0.0
DTXSID6048965,803,0.0,0.0
DTXSID6048967,803,0.0,0.0
DTXSID6048969,803,0.0,0.0
DTXSID6049010,803,0.0,0.0
DTXSID6049012,803,0.0,0.0
DTXSID6049016,803,0.0,0.0
DTXSID6049018,803,0.0,0.0
DTXSID6049060,803,0.0,0.0
DTXSID6049062,803,0.0,0.0
DTXSID6049064,803,0.0,0.0
DTXSID6049066,803,0.0,0.0
DTXSID6049068,803,0.0,0.0
DTXSID6049220,803,0.0,0.0
DTXSID6049222,803,0.0,0.0
DTXSID6049224,803,0.0,0.0
DTXSID6049226,803,0.0,0.0
DTXSID6049228,803,0.0,0.0
DTXSID6049270,803,0.0,0.0
DTXSID6049272,803,0.0,0.0
DTXSID6049274,803,0.0,0.0
DTXSID6049276,803,0.0,0.0
DTXSID6049278,803,0.0,0.0
DTXSID6049301,803,0.0,0.0
DTXSID6049303,803,0.0,0.0
DTXSID6049305,803,0.0,0.0
DTXSID6049307,803,0.0,0.0
DTXSID6049309,803,0.0,0.0
DTXSID6049351,803,0.0,0.0
DTXSID6049353,803,0.0,0.0
DTXSID6049355,803,0.0,0.0
DTXSID6049357,803,0.0,0.0
DTXSID6049359,803,0.0,0.0
DTXSID6049430,803,0.0,0.0
DTXSID6049432,803,0.0,0.0
DTXSID6049480,803,0.0,0.0
DTXSID6049482,803,0.0,0.0
DTXSID6049484,803,0.0,0.0
DTXSID6049486,803,0.0,0.0
DTXSID6049488,803,0.0,0.0
DTXSID6049511,803,0.0,0.0
DTXSID6049513,803,0.0,0.0
DTXSID6049515,803,0.0,0.0
DTXSID6049517,803,0.0,0.0
DTXSID6049519,803,0.0,0.0
DTXSID6049561,803,0.0,0.0
DTXSID6050386,803,0.0,0.0
DTXSID7020005,803,0.0,0.0
DTXSID7020007,803,0.0,0.0
DTXSID7020009,803,0.0,0.0
DTXSID7020053,803,0.0,0.0
DTXSID7020057,803,0.0,0.0
DTXSID7020138,803,0.0,0.0
DTXSID7020182,803,0.0,0.0
DTXSID7020184,803,0.0,0.0
DTXSID7020211,803,0.0,0.0
DTXSID7020213,803,0.0,0.0
DTXSID7020215,803,0.0,0.0
DTXSID7020261,803,0.0,0.0
DTXSID7020263,803,0.0,0.0
DTXSID7020265,803,0.0,0.0
DTXSID7020267,803,0.0,0.0
DTXSID7020340,803,0.0,0.0
DTXSID7020342,803,0.0,0.0
DTXSID7020344,803,0.0,0.0
DTXSID7020348,803,0.0,0.0
DTXSID7020390,803,0.0,0.0
DTXSID7020392,803,0.0,0.0
DTXSID7020398,803,0.0,0.0
DTXSID7020421,803,0.0,0.0
DTXSID7020423,803,0.0,0.0
DTXSID7020425,803,0.0,0.0
DTXSID7020427,803,0.0,0.0
DTXSID7020479,803,0.0,0.0
DTXSID7020504,803,0.0,0.0
DTXSID7020508,803,0.0,0.0
DTXSID7020550,803,0.0,0.0
DTXSID7020552,803,0.0,0.0
DTXSID7020558,803,0.0,0.0
DTXSID7020631,803,0.0,0.0
DTXSID7020635,803,0.0,0.0
DTXSID7020681,803,0.0,0.0
DTXSID7020683,803,0.0,0.0
DTXSID7020685,803,0.0,0.0
DTXSID7020687,803,0.0,0.0
DTXSID7020689,803,0.0,0.0
DTXSID7020710,803,0.0,0.0
DTXSID7020714,803,0.0,0.0
DTXSID7020716,803,0.0,0.0
DTXSID7020760,803,0.0,0.0
DTXSID7020762,803,0.0,0.0
DTXSID7020764,803,0.0,0.0
DTXSID7020766,803,0.0,0.0
DTXSID7020768,803,0.0,0.0
DTXSID7020841,803,0.0,0.0
DTXSID7020843,803,0.0,0.0
DTXSID7020845,803,0.0,0.0
DTXSID7020847,803,0.0,0.0
DTXSID7020893,803,0.0,0.0
DTXSID7020895,803,0.0,0.0
DTXSID7020897,803,0.0,0.0
DTXSID7020899,803,0.0,0.0
DTXSID7020920,803,0.0,0.0
DTXSID7020922,803,0.0,0.0
DTXSID7020928,803,0.0,0.0
DTXSID7020970,803,0.0,0.0
DTXSID7020972,803,0.0,0.0
DTXSID7020978,803,0.0,0.0
DTXSID7021027,803,0.0,0.0
DTXSID7021029,803,0.0,0.0
DTXSID7021100,803,0.0,0.0
DTXSID7021102,803,0.0,0.0
DTXSID7021104,803,0.0,0.0
DTXSID7021106,803,0.0,0.0
DTXSID7021150,803,0.0,0.0
DTXSID7021152,803,0.0,0.0
DTXSID7021156,803,0.0,0.0
DTXSID7021158,803,0.0,0.0
DTXSID7021231,803,0.0,0.0
DTXSID7021233,803,0.0,0.0
DTXSID7021235,803,0.0,0.0
DTXSID7021237,803,0.0,0.0
DTXSID7021239,803,0.999999999949247,1.0
DTXSID7021283,803,0.0,0.0
DTXSID7021287,803,0.0,0.0
DTXSID7021289,803,0.0,0.0
DTXSID7021312,803,0.0,0.0
DTXSID7021314,803,0.0,0.0
DTXSID7021316,803,0.0,0.0
DTXSID7021318,803,0.0,0.0
DTXSID7021360,803,0.0,0.0
DTXSID7021362,803,0.0,0.0
DTXSID7021364,803,0.0,0.0
DTXSID7021366,803,0.0,0.0
DTXSID7021368,803,0.0,0.0
DTXSID7021491,803,0.0,0.0
DTXSID7021493,803,0.0,0.0
DTXSID7021495,803,0.0,0.0
DTXSID7021499,803,0.0,0.0
DTXSID7021520,803,0.0,0.0
DTXSID7021524,803,0.0,0.0
DTXSID7021526,803,0.0,0.0
DTXSID7021576,803,0.0,0.0
DTXSID7021601,803,0.0,0.0
DTXSID7021603,803,0.0,0.0
DTXSID7021605,803,0.0,0.0
DTXSID7021607,803,0.0,0.0
DTXSID7021653,803,0.0,0.0
DTXSID7021655,803,0.0,0.0
DTXSID7021657,803,0.0,0.0
DTXSID7021659,803,0.0,0.0
DTXSID7021780,803,0.0,0.0
DTXSID7021784,803,0.0,0.0
DTXSID7021788,803,0.0,0.0
DTXSID7021815,803,0.0,0.0
DTXSID7021817,803,0.0,0.0
DTXSID7021863,803,0.0,0.0
DTXSID7021867,803,0.0,0.0
DTXSID7021869,803,0.0,0.0
DTXSID7021940,803,0.0,0.0
DTXSID7021946,803,0.0,0.0
DTXSID7021948,803,0.0,0.0
DTXSID7021992,803,0.0,0.0
DTXSID7021994,803,0.0,0.0
DTXSID7021996,803,0.0,0.0
DTXSID7021998,803,0.0,0.0
DTXSID7022043,803,0.0,0.0
DTXSID7022049,803,0.0,0.0
DTXSID7022093,803,0.0,0.0
DTXSID7022120,803,0.0,0.0
DTXSID7022124,803,0.0,0.0
DTXSID7022128,803,0.0,0.0
DTXSID7022170,803,0.0,0.0
DTXSID7022172,803,0.0,0.0
DTXSID7022174,803,0.0,0.0
DTXSID7022253,803,0.0,0.0
DTXSID7022332,803,0.0,0.0
DTXSID7022382,803,0.0,0.0
DTXSID7022384,803,0.0,0.0
DTXSID7022411,803,0.0,0.0
DTXSID7022413,803,0.0,0.0
DTXSID7022415,803,0.0,0.0
DTXSID7022417,803,0.0,0.0
DTXSID7022540,803,0.0,0.0
DTXSID7022544,803,0.0,0.0
DTXSID7022546,803,0.0,0.0
DTXSID7022590,803,0.0,0.0
DTXSID7022592,803,0.0,0.0
DTXSID7022598,803,0.0,0.0
DTXSID7022629,803,0.0,0.0
DTXSID7022671,803,0.0,0.0
DTXSID7022673,803,0.0,0.0
DTXSID7022679,803,0.0,0.0
DTXSID7022752,803,0.0,0.0
DTXSID7022754,803,0.0,0.0
DTXSID7022833,803,0.0,0.0
DTXSID7022835,803,0.0,0.0
DTXSID7022837,803,0.0,0.0
DTXSID7022839,803,0.0,0.0
DTXSID7022883,803,0.0,0.0
DTXSID7022910,803,0.0,0.0
DTXSID7022912,803,0.0,0.0
DTXSID7022914,803,0.0,0.0
DTXSID7022918,803,0.0,0.0
DTXSID7022968,803,0.0,0.0
DTXSID7023011,803,0.0,0.0
DTXSID7023019,803,0.0,0.0
DTXSID7023061,803,0.0,0.0
DTXSID7023063,803,0.0,0.0
DTXSID7023067,803,0.0,0.0
DTXSID7023146,803,0.0,0.0
DTXSID7023190,803,0.0,0.0
DTXSID7023192,803,0.0,0.0
DTXSID7023194,803,0.0,0.0
DTXSID7023196,803,0.0,0.0
DTXSID7023198,803,0.0,0.0
DTXSID7023225,803,0.0,0.0
DTXSID7023227,803,0.0,0.0
DTXSID7023271,803,0.0,0.0
DTXSID7023277,803,0.0,0.0
DTXSID7023279,803,0.0,0.0
DTXSID7023300,803,0.0,0.0
DTXSID7023302,803,0.0,0.0
DTXSID7023350,803,0.0,0.0
DTXSID7023352,803,0.0,0.0
DTXSID7023356,803,0.0,0.0
DTXSID7023435,803,0.0,0.0
DTXSID7023437,803,0.0,0.0
DTXSID7023481,803,0.0,0.0
DTXSID7023485,803,0.0,0.0
DTXSID7023487,803,0.0,0.0
DTXSID7023510,803,0.0,0.0
DTXSID7023512,803,0.0,0.0
DTXSID7023516,803,0.0,0.0
DTXSID7023518,803,0.0,0.0
DTXSID7023566,803,0.0,0.0
DTXSID7023568,803,0.0,0.0
DTXSID7023643,803,0.0,0.0
DTXSID7023645,803,0.0,0.0
DTXSID7023691,803,0.0,0.0
DTXSID7023693,803,0.0,0.0
DTXSID7023697,803,0.0,0.0
DTXSID7023699,803,0.0,0.0
DTXSID7023722,803,0.0,0.0
DTXSID7023724,803,0.0,0.0
DTXSID7023853,803,0.0,0.0
DTXSID7023930,803,0.0,0.0
DTXSID7023932,803,0.0,0.0
DTXSID7023936,803,0.0,0.0
DTXSID7023938,803,0.0,0.0
DTXSID7023980,803,0.0,0.0
DTXSID7023986,803,0.0,0.0
DTXSID7024031,803,0.0,0.0
DTXSID7024035,803,0.0,0.0
DTXSID7024081,803,0.0,0.0
DTXSID7024085,803,0.0,0.0
DTXSID7024087,803,0.0,0.0
DTXSID7024110,803,0.0,0.0
DTXSID7024112,803,0.0,0.0
DTXSID7024160,803,0.0,0.0
DTXSID7024164,803,0.0,0.0
DTXSID7024166,803,0.0,0.0
DTXSID7024241,803,0.0,0.0
DTXSID7024245,803,0.0,0.0
DTXSID7024247,803,0.0,0.0
DTXSID7024291,803,0.0,0.0
DTXSID7024299,803,0.0,0.0
DTXSID7024320,803,0.0,0.0
DTXSID7024328,803,0.0,0.0
DTXSID7024370,803,0.0,0.0
DTXSID7024376,803,0.0,0.0
DTXSID7024409,803,0.0,0.0
DTXSID7024455,803,0.0,0.0
DTXSID7024457,803,0.0,0.0
DTXSID7024532,803,0.0,0.0
DTXSID7024534,803,0.0,0.0
DTXSID7024538,803,0.0,0.0
DTXSID7024580,803,0.0,0.0
DTXSID7024586,803,0.0,0.0
DTXSID7024615,803,0.0,0.0
DTXSID7024661,803,0.0,0.0
DTXSID7024667,803,0.0,0.0
DTXSID7024740,803,0.0,0.0
DTXSID7024742,803,0.0,0.0
DTXSID7024798,803,0.0,0.0
DTXSID7024821,803,0.0,0.0
DTXSID7024827,803,0.0,0.0
DTXSID7024873,803,0.0,0.0
DTXSID7024875,803,0.0,0.0
DTXSID7024902,803,0.0,0.0
DTXSID7024906,803,0.0,0.0
DTXSID7024952,803,0.0,0.0
DTXSID7024956,803,0.0,0.0
DTXSID7025001,803,0.0,0.0
DTXSID7025003,803,0.0,0.0
DTXSID7025005,803,0.0,0.0
DTXSID7025051,803,0.0,0.0
DTXSID7025053,803,0.0,0.0
DTXSID7025055,803,0.0,0.0
DTXSID7025130,803,0.0,0.0
DTXSID7025132,803,0.0,0.0
DTXSID7025134,803,0.9999588119515637,1.0
DTXSID7025136,803,0.0,0.0
DTXSID7025138,803,0.0,0.0
DTXSID7025180,803,0.0,0.0
DTXSID7025215,803,0.0,0.0
DTXSID7025217,803,0.0,0.0
DTXSID7025219,803,0.0,0.0
DTXSID7025269,803,0.0,0.0
DTXSID7025342,803,0.0,0.0
DTXSID7025346,803,0.0,0.0
DTXSID7025390,803,0.0,0.0
DTXSID7025421,803,0.0,0.0
DTXSID7025423,803,0.0,0.0
DTXSID7025425,803,2.806120494020018e-08,0.0
DTXSID7025427,803,0.0,0.0
DTXSID7025429,803,0.0,0.0
DTXSID7025479,803,0.0,0.0
DTXSID7025502,803,0.0,0.0
DTXSID7025506,803,0.0,0.0
DTXSID7025508,803,0.0,0.0
DTXSID7025556,803,0.0,0.0
DTXSID7025558,803,0.0,0.0
DTXSID7025633,803,0.0,0.0
DTXSID7025635,803,0.0,0.0
DTXSID7025637,803,0.0,0.0
DTXSID7025639,803,0.0,0.0
DTXSID7025689,803,0.0,0.0
DTXSID7025716,803,0.0,0.0
DTXSID7025764,803,0.0,0.0
DTXSID7025768,803,0.0,0.0
DTXSID7025849,803,0.0,0.0
DTXSID7025895,803,0.0,0.0
DTXSID7025922,803,0.0,0.0
DTXSID7025924,803,0.0,0.0
DTXSID7025926,803,0.0,0.0
DTXSID7025972,803,0.0,0.0
DTXSID7026025,803,0.0,0.0
DTXSID7026029,803,0.0,0.0
DTXSID7026102,803,0.0,0.0
DTXSID7026108,803,0.0,0.0
DTXSID7026156,803,0.0,0.0
DTXSID7026231,803,0.0,0.0
DTXSID7026235,803,0.0,0.0
DTXSID7026285,803,0.0,0.0
DTXSID7026314,803,0.0,0.0
DTXSID7026318,803,0.0,0.0
DTXSID7026366,803,0.0,0.0
DTXSID7026368,803,0.0,0.0
DTXSID7026441,803,0.0,0.0
DTXSID7026499,803,0.0,0.0
DTXSID7026520,803,0.0,0.0
DTXSID7026526,803,0.0,0.0
DTXSID7026528,803,0.0,0.0
DTXSID7026572,803,0.0,0.0
DTXSID7026605,803,0.0,0.0
DTXSID7026609,803,0.0,0.0
DTXSID7026653,803,0.0,0.0
DTXSID7026655,803,0.0,0.0
DTXSID7026811,803,0.0,0.0
DTXSID7026863,803,0.0,0.0
DTXSID7026867,803,0.0,0.0
DTXSID7026946,803,0.0,0.0
DTXSID7026994,803,0.0,0.0
DTXSID7026998,803,0.0,0.0
DTXSID7027041,803,0.0,0.0
DTXSID7027043,803,0.0,0.0
DTXSID7027047,803,0.0,0.0
DTXSID7027049,803,0.0,0.0
DTXSID7027097,803,0.0,0.0
DTXSID7027099,803,0.0,0.0
DTXSID7027120,803,0.0,0.0
DTXSID7027122,803,0.0,0.0
DTXSID7027170,803,0.0,0.0
DTXSID7027174,803,0.0,0.0
DTXSID7027178,803,0.0,0.0
DTXSID7027201,803,0.0,0.0
DTXSID7027205,803,0.0,0.0
DTXSID7027253,803,0.0,0.0
DTXSID7027259,803,0.0,0.0
DTXSID7027334,803,0.0,0.0
DTXSID7027338,803,0.0,0.0
DTXSID7027386,803,0.0,0.0
DTXSID7027388,803,0.0,0.0
DTXSID7027413,803,0.0,0.0
DTXSID7027461,803,3.546606061977525e-10,0.0
DTXSID7027467,803,0.0,0.0
DTXSID7027540,803,0.0,0.0
DTXSID7027542,803,0.0,0.0
DTXSID7027544,803,0.0,0.0
DTXSID7027546,803,0.0,0.0
DTXSID7027594,803,0.0,0.0
DTXSID7027596,803,0.0,0.0
DTXSID7027598,803,0.0,0.0
DTXSID7027625,803,0.0,0.0
DTXSID7027756,803,0.0,0.0
DTXSID7027833,803,0.0,0.0
DTXSID7027835,803,0.0,0.0
DTXSID7027837,803,0.0,0.0
DTXSID7027887,803,0.0,0.0
DTXSID7027916,803,0.0,0.0
DTXSID7027966,803,0.0,0.0
DTXSID7028013,803,0.0,0.0
DTXSID7028015,803,0.0,0.0
DTXSID7028300,803,0.0,0.0
DTXSID7028306,803,0.0,0.0
DTXSID7028774,803,0.0,0.0
DTXSID7028776,803,0.0,0.0
DTXSID7029110,803,0.0,0.0
DTXSID7029160,803,0.0,0.0
DTXSID7029162,803,0.0,0.0
DTXSID7029164,803,0.0,0.0
DTXSID7029166,803,0.0,0.0
DTXSID7029241,803,2.2662441285259147e-11,0.0
DTXSID7029247,803,0.0,0.0
DTXSID7029249,803,0.0,0.0
DTXSID7029299,803,0.0,0.0
DTXSID7029320,803,0.0,0.0
DTXSID7029534,803,0.0,0.0
DTXSID7029611,803,0.0,0.0
DTXSID7029617,803,0.0,0.0
DTXSID7029619,803,0.0,0.0
DTXSID7029661,803,0.0,0.0
DTXSID7029665,803,0.0,0.0
DTXSID7029871,803,0.0,0.0
DTXSID7029879,803,0.0,0.0
DTXSID7029904,803,0.0,0.0
DTXSID7030060,803,8.361059140010139e-08,0.0
DTXSID7030197,803,0.0,0.0
DTXSID7030307,803,0.0,0.0
DTXSID7030432,803,0.0,0.0
DTXSID7030698,803,0.0,0.0
DTXSID7031248,803,0.0,0.0
DTXSID7031290,803,0.0,0.0
DTXSID7031294,803,0.0,0.0
DTXSID7031458,803,0.0,0.0
DTXSID7031531,803,0.0,0.0
DTXSID7031797,803,0.0,0.0
DTXSID7031903,803,0.0,0.0
DTXSID7032004,803,0.0,0.0
DTXSID7032345,803,0.0,0.0
DTXSID7032393,803,0.0,0.0
DTXSID7032424,803,0.0,0.0
DTXSID7032470,803,0.0,0.0
DTXSID7032474,803,0.0,0.0
DTXSID7032551,803,0.0,0.0
DTXSID7032553,803,0.0,0.0
DTXSID7032555,803,0.0,0.0
DTXSID7032559,803,0.0,0.0
DTXSID7032630,803,0.0,0.0
DTXSID7032638,803,0.0,0.0
DTXSID7032688,803,0.0,0.0
DTXSID7033105,803,0.0,0.0
DTXSID7034042,803,0.0,0.0
DTXSID7034250,803,0.0,0.0
DTXSID7034252,803,0.0,0.0
DTXSID7034383,803,0.0,0.0
DTXSID7034545,803,0.0,0.0
DTXSID7034549,803,0.0,0.0
DTXSID7034672,803,0.0,0.0
DTXSID7034674,803,0.0,0.0
DTXSID7034676,803,0.0,0.0
DTXSID7034836,803,0.0,0.0
DTXSID7034961,803,0.0,0.0
DTXSID7035010,803,0.0,0.0
DTXSID7035272,803,0.0,0.0
DTXSID7035305,803,0.0,0.0
DTXSID7037131,803,0.0,0.0
DTXSID7037185,803,0.0,0.0
DTXSID7037262,803,0.0,0.0
DTXSID7037478,803,0.0,0.0
DTXSID7037551,803,0.0,0.0
DTXSID7037553,803,0.0,0.0
DTXSID7037555,803,0.0,0.0
DTXSID7037680,803,0.0,0.0
DTXSID7037684,803,0.0,0.0
DTXSID7037715,803,0.0,0.0
DTXSID7037717,803,0.0,0.0
DTXSID7038317,803,0.0,0.0
DTXSID7038810,803,0.0,0.0
DTXSID7038814,803,0.0,0.0
DTXSID7038818,803,0.0,0.0
DTXSID7038864,803,0.0,0.0
DTXSID7040152,803,0.0,0.0
DTXSID7040154,803,0.0,0.0
DTXSID7040283,803,0.0,0.0
DTXSID7040285,803,0.0,0.0
DTXSID7040287,803,0.0,0.0
DTXSID7040289,803,0.0,0.0
DTXSID7040316,803,0.0,0.0
DTXSID7040360,803,0.0,0.0
DTXSID7040362,803,0.0,0.0
DTXSID7040449,803,0.0,0.0
DTXSID7040526,803,0.0,0.0
DTXSID7040609,803,0.0,0.0
DTXSID7040651,803,0.0,0.0
DTXSID7040653,803,0.0,0.0
DTXSID7040657,803,0.0,0.0
DTXSID7040732,803,0.0,0.0
DTXSID7040734,803,0.0,0.0
DTXSID7040736,803,0.0,0.0
DTXSID7040738,803,0.0,0.0
DTXSID7040788,803,0.0,0.0
DTXSID7040948,803,0.0,0.0
DTXSID7040990,803,0.0,0.0
DTXSID7041045,803,0.0,0.0
DTXSID7041047,803,0.0,0.0
DTXSID7041091,803,0.0,0.0
DTXSID7041097,803,0.0,0.0
DTXSID7041126,803,0.0,0.0
DTXSID7041178,803,0.0,0.0
DTXSID7041201,803,0.0,0.0
DTXSID7041209,803,0.0,0.0
DTXSID7041253,803,0.0,0.0
DTXSID7041336,803,0.0,0.0
DTXSID7041388,803,0.0,0.0
DTXSID7041411,803,0.0,0.0
DTXSID7041413,803,0.0,0.0
DTXSID7041417,803,0.0,0.0
DTXSID7041461,803,,
DTXSID7041467,803,0.0,0.0
DTXSID7041540,803,0.0,0.0
DTXSID7041544,803,0.0,0.0
DTXSID7041621,803,0.0,0.0
DTXSID7041623,803,0.0,0.0
DTXSID7041625,803,0.0,0.0
DTXSID7041627,803,0.0,0.0
DTXSID7041629,803,0.0,0.0
DTXSID7041671,803,0.0,0.0
DTXSID7041675,803,0.0,0.0
DTXSID7041708,803,0.0,0.0
DTXSID7041752,803,0.0,0.0
DTXSID7041756,803,0.0,0.0
DTXSID7041883,803,0.0,0.0
DTXSID7041887,803,0.0,0.0
DTXSID7041889,803,0.0,0.0
DTXSID7041910,803,0.0,0.0
DTXSID7041914,803,0.0,0.0
DTXSID7041916,803,0.0,0.0
DTXSID7041918,803,0.0,0.0
DTXSID7041962,803,0.0,0.0
DTXSID7041964,803,0.0,0.0
DTXSID7041966,803,0.0,0.0
DTXSID7042011,803,0.0,0.0
DTXSID7042019,803,0.0,0.0
DTXSID7042061,803,0.0,0.0
DTXSID7042063,803,0.0,0.0
DTXSID7042065,803,0.0,0.0
DTXSID7042140,803,0.0,0.0
DTXSID7042146,803,0.0,0.0
DTXSID7042190,803,0.0,0.0
DTXSID7042196,803,0.0,0.0
DTXSID7042198,803,0.0,0.0
DTXSID7042273,803,0.0,0.0
DTXSID7042279,803,0.0,0.0
DTXSID7042352,803,0.0,0.0
DTXSID7042356,803,0.0,0.0
DTXSID7042437,803,0.0,0.0
DTXSID7042514,803,0.0,0.0
DTXSID7043829,803,0.0,0.0
DTXSID7043873,803,0.0,0.0
DTXSID7043902,803,0.0,0.0
DTXSID7043908,803,0.0,0.0
DTXSID7043950,803,0.0,0.0
DTXSID7043952,803,0.0,0.0
DTXSID7044130,803,0.0,0.0
DTXSID7044132,803,0.0,0.0
DTXSID7044215,803,0.0,0.0
DTXSID7044217,803,0.0,0.0
DTXSID7044267,803,0.0,0.0
DTXSID7044340,803,0.0,0.0
DTXSID7044342,803,0.0,0.0
DTXSID7044346,803,0.0,0.0
DTXSID7044390,803,0.0,0.0
DTXSID7044392,803,0.0,0.0
DTXSID7044394,803,0.0,0.0
DTXSID7044396,803,0.0,0.0
DTXSID7044398,803,0.0,0.0
DTXSID7044421,803,0.0,0.0
DTXSID7044423,803,0.0,0.0
DTXSID7044425,803,0.0,0.0
DTXSID7044427,803,0.0,0.0
DTXSID7044429,803,0.0,0.0
DTXSID7044471,803,0.0,0.0
DTXSID7044473,803,0.0,0.0
DTXSID7044475,803,0.0,0.0
DTXSID7044479,803,0.0,0.0
DTXSID7044502,803,0.0,0.0
DTXSID7044504,803,0.0,0.0
DTXSID7044506,803,0.0,0.0
DTXSID7044508,803,0.0,0.0
DTXSID7044552,803,0.0,0.0
DTXSID7044554,803,0.0,0.0
DTXSID7044631,803,0.0,0.0
DTXSID7044633,803,0.0,0.0
DTXSID7044635,803,0.0,0.0
DTXSID7044639,803,0.0,0.0
DTXSID7044681,803,0.0,0.0
DTXSID7044685,803,0.0,0.0
DTXSID7044689,803,0.0,0.0
DTXSID7044710,803,0.0,0.0
DTXSID7044712,803,0.0,0.0
DTXSID7044714,803,0.0,0.0
DTXSID7044716,803,0.0,0.0
DTXSID7044718,803,0.0,0.0
DTXSID7044760,803,0.0,0.0
DTXSID7044762,803,0.0,0.0
DTXSID7044764,803,0.0,0.0
DTXSID7044768,803,0.0,0.0
DTXSID7044841,803,0.0,0.0
DTXSID7044843,803,0.0,0.0
DTXSID7044845,803,0.0,0.0
DTXSID7044847,803,0.0,0.0
DTXSID7044849,803,0.0,0.0
DTXSID7044893,803,0.0,0.0
DTXSID7044895,803,0.0,0.0
DTXSID7044897,803,0.0,0.0
DTXSID7044899,803,0.0,0.0
DTXSID7044922,803,0.0,0.0
DTXSID7044926,803,0.0,0.0
DTXSID7044928,803,0.0,0.0
DTXSID7044972,803,0.0,0.0
DTXSID7044974,803,0.0,0.0
DTXSID7044976,803,0.0,0.0
DTXSID7044978,803,0.0,0.0
DTXSID7045029,803,0.0,0.0
DTXSID7045079,803,0.0,0.0
DTXSID7045106,803,0.0,0.0
DTXSID7045108,803,0.0,0.0
DTXSID7045150,803,0.0,0.0
DTXSID7045152,803,0.0,0.0
DTXSID7045158,803,0.0,0.0
DTXSID7045281,803,0.0,0.0
DTXSID7045287,803,0.0,0.0
DTXSID7045310,803,0.0,0.0
DTXSID7045312,803,0.0,0.0
DTXSID7045316,803,0.0,0.0
DTXSID7045318,803,0.0,0.0
DTXSID7045360,803,0.0,0.0
DTXSID7045364,803,0.0,0.0
DTXSID7045366,803,0.0,0.0
DTXSID7045368,803,0.0,0.0
DTXSID7045441,803,0.0,0.0
DTXSID7045443,803,0.0,0.0
DTXSID7045447,803,0.0,0.0
DTXSID7045493,803,0.0,0.0
DTXSID7045497,803,0.0,0.0
DTXSID7045522,803,0.0,0.0
DTXSID7045526,803,0.0,0.0
DTXSID7045570,803,0.0,0.0
DTXSID7045572,803,0.0,0.0
DTXSID7045574,803,0.0,0.0
DTXSID7045576,803,0.0,0.0
DTXSID7045578,803,0.0,0.0
DTXSID7045601,803,0.0,0.0
DTXSID7045603,803,0.0,0.0
DTXSID7045605,803,0.0,0.0
DTXSID7045607,803,0.0,0.0
DTXSID7045651,803,0.0,0.0
DTXSID7045653,803,0.0,0.0
DTXSID7045655,803,0.0,0.0
DTXSID7045659,803,0.0,0.0
DTXSID7045780,803,0.0,0.0
DTXSID7045782,803,0.9982262312655279,1.0
DTXSID7045786,803,0.0,0.0
DTXSID7045788,803,0.0,0.0
DTXSID7045811,803,0.0,0.0
DTXSID7045813,803,0.0,0.0
DTXSID7045815,803,0.0,0.0
DTXSID7045861,803,0.0,0.0
DTXSID7045863,803,0.0,0.0
DTXSID7045865,803,0.0,0.0
DTXSID7045867,803,0.0,0.0
DTXSID7045940,803,0.0,0.0
DTXSID7045942,803,0.0,0.0
DTXSID7045944,803,0.0,0.0
DTXSID7045946,803,0.0,0.0
DTXSID7045948,803,0.0,0.0
DTXSID7045992,803,0.0,0.0
DTXSID7045996,803,0.0,0.0
DTXSID7045998,803,0.0,0.0
DTXSID7046041,803,0.0,0.0
DTXSID7046045,803,0.0,0.0
DTXSID7046047,803,0.0,0.0
DTXSID7046091,803,0.0,0.0
DTXSID7046093,803,0.0,0.0
DTXSID7046095,803,0.0,0.0
DTXSID7046097,803,0.0,0.0
DTXSID7046099,803,0.0,0.0
DTXSID7046120,803,0.0,0.0
DTXSID7046122,803,0.0,0.0
DTXSID7046126,803,0.0,0.0
DTXSID7046128,803,0.0,0.0
DTXSID7046170,803,0.0,0.0
DTXSID7046172,803,0.0,0.0
DTXSID7046174,803,0.0,0.0
DTXSID7046176,803,0.0,0.0
DTXSID7046178,803,0.0,0.0
DTXSID7046201,803,0.0,0.0
DTXSID7046205,803,0.0,0.0
DTXSID7046207,803,0.0,0.0
DTXSID7046251,803,0.0,0.0
DTXSID7046253,803,0.0,0.0
DTXSID7046255,803,0.0,0.0
DTXSID7046257,803,0.0,0.0
DTXSID7046259,803,0.0,0.0
DTXSID7046332,803,0.0,0.0
DTXSID7046384,803,0.0,0.0
DTXSID7046386,803,0.0,0.0
DTXSID7046388,803,0.0,0.0
DTXSID7046411,803,0.0,0.0
DTXSID7046413,803,0.0,0.0
DTXSID7046415,803,0.0,0.0
DTXSID7046417,803,0.0,0.0
DTXSID7046419,803,0.0,0.0
DTXSID7046461,803,0.0,0.0
DTXSID7046463,803,0.0,0.0
DTXSID7046465,803,0.0,0.0
DTXSID7046467,803,0.0,0.0
DTXSID7046540,803,0.0,0.0
DTXSID7046542,803,0.0,0.0
DTXSID7046548,803,0.0,0.0
DTXSID7046592,803,0.0,0.0
DTXSID7046594,803,0.0,0.0
DTXSID7046596,803,0.0,0.0
DTXSID7046621,803,0.0,0.0
DTXSID7046623,803,0.0,0.0
DTXSID7046627,803,0.0,0.0
DTXSID7046673,803,0.0,0.0
DTXSID7046675,803,0.0,0.0
DTXSID7046677,803,0.0,0.0
DTXSID7046700,803,0.0,0.0
DTXSID7046702,803,0.0,0.0
DTXSID7046706,803,0.0,0.0
DTXSID7046708,803,0.0,0.0
DTXSID7046750,803,0.0,0.0
DTXSID7046752,803,0.0,0.0
DTXSID7046754,803,0.0,0.0
DTXSID7046756,803,0.0,0.0
DTXSID7046758,803,0.0,0.0
DTXSID7046831,803,0.0,0.0
DTXSID7046833,803,0.0,0.0
DTXSID7046835,803,0.0,0.0
DTXSID7046837,803,0.0,0.0
DTXSID7046839,803,0.0,0.0
DTXSID7046881,803,0.0,0.0
DTXSID7046883,803,0.0,0.0
DTXSID7046885,803,0.0,0.0
DTXSID7046887,803,0.0,0.0
DTXSID7046889,803,0.0,0.0
DTXSID7046910,803,0.0,0.0
DTXSID7046912,803,0.0,0.0
DTXSID7046914,803,0.0,0.0
DTXSID7046918,803,0.0,0.0
DTXSID7046966,803,0.0,0.0
DTXSID7047061,803,0.0,0.0
DTXSID7047065,803,0.0,0.0
DTXSID7047067,803,0.0,0.0
DTXSID7047140,803,5.502401387855551e-12,0.0
DTXSID7047142,803,0.0,0.0
DTXSID7047144,803,0.0,0.0
DTXSID7047146,803,0.0,0.0
DTXSID7047190,803,0.0,0.0
DTXSID7047192,803,0.0,0.0
DTXSID7047196,803,0.0,0.0
DTXSID7047198,803,0.0,0.0
DTXSID7047271,803,0.0,0.0
DTXSID7047277,803,0.0,0.0
DTXSID7047279,803,0.0,0.0
DTXSID7047304,803,0.0,0.0
DTXSID7047306,803,1.0,1.0
DTXSID7047308,803,0.0,0.0
DTXSID7047356,803,0.0,0.0
DTXSID7047358,803,0.0,0.0
DTXSID7047433,803,1.0,1.0
DTXSID7047435,803,0.0,0.0
DTXSID7047437,803,0.0,0.0
DTXSID7047439,803,0.0,0.0
DTXSID7047487,803,0.0,0.0
DTXSID7047510,803,0.0,0.0
DTXSID7047512,803,0.0,0.0
DTXSID7047518,803,0.0,0.0
DTXSID7047560,803,0.0,0.0
DTXSID7047562,803,0.0,0.0
DTXSID7047568,803,0.0,0.0
DTXSID7047641,803,0.0,0.0
DTXSID7047643,803,0.0,0.0
DTXSID7047645,803,0.0,0.0
DTXSID7047647,803,0.0,0.0
DTXSID7047649,803,0.0,0.0
DTXSID7047697,803,0.0,0.0
DTXSID7047726,803,0.0,0.0
DTXSID7047772,803,0.0,0.0
DTXSID7047774,803,0.0,0.0
DTXSID7047776,803,0.0,0.0
DTXSID7047778,803,0.0,0.0
DTXSID7047801,803,0.0,0.0
DTXSID7047803,803,0.0,0.0
DTXSID7047807,803,0.0,0.0
DTXSID7047851,803,0.0,0.0
DTXSID7047853,803,0.0,0.0
DTXSID7047857,803,0.0,0.0
DTXSID7047930,803,0.0,0.0
DTXSID7047932,803,0.0,0.0
DTXSID7047934,803,0.0,0.0
DTXSID7047936,803,0.0,0.0
DTXSID7047938,803,0.0,0.0
DTXSID7048166,803,0.0,0.0
DTXSID7048168,803,0.0,0.0
DTXSID7048291,803,0.0,0.0
DTXSID7048580,803,0.0,0.0
DTXSID7048582,803,0.0,0.0
DTXSID7048584,803,0.0,0.0
DTXSID7048586,803,0.0,0.0
DTXSID7048588,803,0.0,0.0
DTXSID7048611,803,0.0,0.0
DTXSID7048613,803,0.0,0.0
DTXSID7048615,803,0.0,0.0
DTXSID7048617,803,1.0,1.0
DTXSID7048619,803,0.0,0.0
DTXSID7048661,803,0.0,0.0
DTXSID7048663,803,0.0,0.0
DTXSID7048665,803,0.0,0.0
DTXSID7048667,803,0.0,0.0
DTXSID7048669,803,0.0,0.0
DTXSID7048740,803,0.0,0.0
DTXSID7048742,803,0.0,0.0
DTXSID7048744,803,0.0,0.0
DTXSID7048746,803,0.0,0.0
DTXSID7048748,803,0.0,0.0
DTXSID7048790,803,0.0,0.0
DTXSID7048792,803,0.0,0.0
DTXSID7048794,803,0.0,0.0
DTXSID7048796,803,0.0,0.0
DTXSID7048798,803,0.0,0.0
DTXSID7048821,803,0.0,0.0
DTXSID7048823,803,0.0,0.0
DTXSID7048825,803,0.0,0.0
DTXSID7048827,803,0.0,0.0
DTXSID7048829,803,0.0,0.0
DTXSID7048871,803,0.0,0.0
DTXSID7048873,803,0.0,0.0
DTXSID7048875,803,0.0,0.0
DTXSID7048877,803,0.0,0.0
DTXSID7048879,803,0.0,0.0
DTXSID7048900,803,0.0,0.0
DTXSID7048902,803,0.0,0.0
DTXSID7048904,803,0.0,0.0
DTXSID7048906,803,0.0,0.0
DTXSID7048908,803,0.0,0.0
DTXSID7048950,803,0.0,0.0
DTXSID7048952,803,0.0,0.0
DTXSID7048954,803,0.0,0.0
DTXSID7048956,803,0.0,0.0
DTXSID7048958,803,0.0,0.0
DTXSID7049001,803,0.0,0.0
DTXSID7049003,803,0.0,0.0
DTXSID7049005,803,0.0,0.0
DTXSID7049007,803,0.0,0.0
DTXSID7049009,803,0.0,0.0
DTXSID7049051,803,0.0,0.0
DTXSID7049053,803,0.0,0.0
DTXSID7049055,803,0.0,0.0
DTXSID7049057,803,0.0,0.0
DTXSID7049059,803,0.0,0.0
DTXSID7049211,803,0.0,0.0
DTXSID7049213,803,0.0,0.0
DTXSID7049215,803,0.0,0.0
DTXSID7049217,803,0.0,0.0
DTXSID7049219,803,7.801306231119602e-12,0.0
DTXSID7049261,803,0.0,0.0
DTXSID7049263,803,0.0,0.0
DTXSID7049265,803,0.0,0.0
DTXSID7049267,803,0.0,0.0
DTXSID7049269,803,0.0,0.0
DTXSID7049340,803,0.0,0.0
DTXSID7049342,803,0.0,0.0
DTXSID7049344,803,0.0,0.0
DTXSID7049346,803,0.0,0.0
DTXSID7049348,803,0.0,0.0
DTXSID7049390,803,0.0,0.0
DTXSID7049392,803,0.0,0.0
DTXSID7049394,803,0.0,0.0
DTXSID7049396,803,0.0,0.0
DTXSID7049398,803,0.0,0.0
DTXSID7049421,803,0.0,0.0
DTXSID7049423,803,0.0,0.0
DTXSID7049425,803,0.0,0.0
DTXSID7049427,803,3.363274926118716e-14,0.0
DTXSID7049429,803,0.0,0.0
DTXSID7049471,803,0.0,0.0
DTXSID7049473,803,0.0,0.0
DTXSID7049475,803,0.0,0.0
DTXSID7049477,803,0.0,0.0
DTXSID7049479,803,0.0,0.0
DTXSID7049500,803,0.0,0.0
DTXSID7049502,803,0.0,0.0
DTXSID7049504,803,0.0,0.0
DTXSID7049506,803,0.0,0.0
DTXSID7049508,803,0.0,0.0
DTXSID7049550,803,0.0,0.0
DTXSID7049552,803,0.0,0.0
DTXSID7049554,803,0.0,0.0
DTXSID7049556,803,0.0,0.0
DTXSID7049558,803,0.0,0.0
DTXSID8020040,803,0.0,0.0
DTXSID8020044,803,0.0,0.0
DTXSID8020090,803,0.0,0.0
DTXSID8020092,803,0.0,0.0
DTXSID8020094,803,0.0,0.0
DTXSID8020121,803,0.0,0.0
DTXSID8020123,803,0.0,0.0
DTXSID8020127,803,0.0,0.0
DTXSID8020129,803,0.0,0.0
DTXSID8020173,803,0.0,0.0
DTXSID8020175,803,0.0,0.0
DTXSID8020179,803,0.0,0.0
DTXSID8020200,803,0.0,0.0
DTXSID8020202,803,0.0,0.0
DTXSID8020206,803,0.0,0.0
DTXSID8020250,803,0.0,0.0
DTXSID8020252,803,0.0,0.0
DTXSID8020256,803,0.0,0.0
DTXSID8020331,803,0.0,0.0
DTXSID8020337,803,0.0,0.0
DTXSID8020381,803,0.0,0.0
DTXSID8020383,803,0.0,0.0
DTXSID8020410,803,0.0,0.0
DTXSID8020462,803,0.0,0.0
DTXSID8020464,803,0.0,0.0
DTXSID8020466,803,0.0,0.0
DTXSID8020468,803,0.0,0.0
DTXSID8020541,803,0.0,0.0
DTXSID8020543,803,0.0,0.0
DTXSID8020545,803,0.0,0.0
DTXSID8020591,803,0.0,0.0
DTXSID8020593,803,0.0,0.0
DTXSID8020597,803,0.0,0.0
DTXSID8020620,803,0.0,0.0
DTXSID8020622,803,0.0,0.0
DTXSID8020624,803,0.0,0.0
DTXSID8020626,803,0.0,0.0
DTXSID8020628,803,0.0,0.0
DTXSID8020674,803,0.0,0.0
DTXSID8020678,803,0.0,0.0
DTXSID8020703,803,0.0,0.0
DTXSID8020707,803,0.0,0.0
DTXSID8020709,803,0.0,0.0
DTXSID8020753,803,0.0,0.0
DTXSID8020755,803,0.0,0.0
DTXSID8020757,803,0.0,0.0
DTXSID8020759,803,0.0,0.0
DTXSID8020830,803,0.0,0.0
DTXSID8020834,803,0.0,0.0
DTXSID8020838,803,0.0,0.0
DTXSID8020886,803,0.0,0.0
DTXSID8020888,803,0.0,0.0
DTXSID8020911,803,0.0,0.0
DTXSID8020913,803,2.0691096068934665e-20,0.0
DTXSID8020915,803,0.0,0.0
DTXSID8020917,803,0.0,0.0
DTXSID8020919,803,0.0,0.0
DTXSID8020961,803,0.0,0.0
DTXSID8020963,803,0.0,0.0
DTXSID8020965,803,0.0,0.0
DTXSID8020967,803,0.0,0.0
DTXSID8020969,803,0.0,0.0
DTXSID8021060,803,0.0,0.0
DTXSID8021062,803,0.0,0.0
DTXSID8021145,803,0.0,0.0
DTXSID8021147,803,0.0,0.0
DTXSID8021191,803,0.0,0.0
DTXSID8021193,803,0.0,0.0
DTXSID8021195,803,0.0,0.0
DTXSID8021197,803,0.0,0.0
DTXSID8021199,803,0.0,0.0
DTXSID8021222,803,0.0,0.0
DTXSID8021224,803,0.0,0.0
DTXSID8021270,803,0.0,0.0
DTXSID8021272,803,0.0,0.0
DTXSID8021276,803,0.0,0.0
DTXSID8021278,803,0.0,0.0
DTXSID8021301,803,0.0,0.0
DTXSID8021305,803,9.38959833072163e-11,0.0
DTXSID8021309,803,0.0,0.0
DTXSID8021351,803,0.0,0.0
DTXSID8021359,803,0.0,0.0
DTXSID8021438,803,0.0,0.0
DTXSID8021482,803,0.0,0.0
DTXSID8021484,803,0.0,0.0
DTXSID8021486,803,0.0,0.0
DTXSID8021488,803,0.0,0.0
DTXSID8021513,803,0.0,0.0
DTXSID8021515,803,0.0,0.0
DTXSID8021517,803,0.0,0.0
DTXSID8021519,803,0.0,0.0
DTXSID8021561,803,0.0,0.0
DTXSID8021563,803,0.0,0.0
DTXSID8021565,803,0.0,0.0
DTXSID8021640,803,0.0,0.0
DTXSID8021642,803,0.0,0.0
DTXSID8021644,803,0.0,0.0
DTXSID8021646,803,0.0,0.0
DTXSID8021648,803,0.0,0.0
DTXSID8021690,803,0.0,0.0
DTXSID8021721,803,0.0,0.0
DTXSID8021725,803,0.0,0.0
DTXSID8021729,803,0.0,0.0
DTXSID8021771,803,0.0,0.0
DTXSID8021775,803,0.0,0.0
DTXSID8021777,803,0.0,0.0
DTXSID8021800,803,0.0,0.0
DTXSID8021802,803,0.0,0.0
DTXSID8021804,803,0.0,0.0
DTXSID8021808,803,0.0,0.0
DTXSID8021854,803,0.0,0.0
DTXSID8021856,803,0.0,0.0
DTXSID8021931,803,0.0,0.0
DTXSID8021937,803,0.0,0.0
DTXSID8021939,803,0.0,0.0
DTXSID8022082,803,0.0,0.0
DTXSID8022084,803,0.0,0.0
DTXSID8022086,803,0.0,0.0
DTXSID8022111,803,0.0,0.0
DTXSID8022113,803,0.0,0.0
DTXSID8022117,803,0.0,0.0
DTXSID8022161,803,0.0,0.0
DTXSID8022246,803,0.0,0.0
DTXSID8022292,803,0.0,0.0
DTXSID8022325,803,0.0,0.0
DTXSID8022329,803,0.0,0.0
DTXSID8022371,803,0.0,0.0
DTXSID8022377,803,0.0,0.0
DTXSID8022404,803,0.0,0.0
DTXSID8022406,803,0.0,0.0
DTXSID8022408,803,0.0,0.0
DTXSID8022585,803,0.0,0.0
DTXSID8022589,803,0.0,0.0
DTXSID8022612,803,0.0,0.0
DTXSID8022614,803,0.0,0.0
DTXSID8022666,803,0.0,0.0
DTXSID8022741,803,0.0,0.0
DTXSID8022743,803,0.0,0.0
DTXSID8022749,803,0.0,0.0
DTXSID8022822,803,0.0,0.0
DTXSID8022828,803,0.0,0.0
DTXSID8022870,803,0.0,0.0
DTXSID8022872,803,0.0,0.0
DTXSID8022901,803,0.0,0.0
DTXSID8022955,803,0.0,0.0
DTXSID8022959,803,0.0,0.0
DTXSID8023000,803,0.0,0.0
DTXSID8023004,803,0.0,0.0
DTXSID8023050,803,0.0,0.0
DTXSID8023054,803,0.0,0.0
DTXSID8023137,803,0.0,0.0
DTXSID8023181,803,0.0,0.0
DTXSID8023183,803,0.0,0.0
DTXSID8023185,803,0.0,0.0
DTXSID8023187,803,0.0,0.0
DTXSID8023214,803,1.0,1.0
DTXSID8023216,803,1.0,1.0
DTXSID8023260,803,0.0,0.0
DTXSID8023262,803,0.0,0.0
DTXSID8023345,803,0.0,0.0
DTXSID8023347,803,0.0,0.0
DTXSID8023349,803,0.0,0.0
DTXSID8023393,803,0.0,0.0
DTXSID8023395,803,0.0,0.0
DTXSID8023422,803,0.0,0.0
DTXSID8023426,803,0.0,0.0
DTXSID8023470,803,0.0,0.0
DTXSID8023472,803,0.0,0.0
DTXSID8023474,803,0.0,0.0
DTXSID8023476,803,0.0,0.0
DTXSID8023478,803,0.0,0.0
DTXSID8023551,803,0.0,0.0
DTXSID8023557,803,0.0,0.0
DTXSID8023632,803,0.0,0.0
DTXSID8023636,803,0.0,0.0
DTXSID8023638,803,0.0,0.0
DTXSID8023680,803,0.0,0.0
DTXSID8023688,803,9.083914569313079e-10,0.0
DTXSID8023713,803,0.0,0.0
DTXSID8023719,803,0.0,0.0
DTXSID8023846,803,0.0,0.0
DTXSID8023848,803,0.0,0.0
DTXSID8023890,803,0.0,0.0
DTXSID8023892,803,0.0,0.0
DTXSID8023927,803,0.0,0.0
DTXSID8023971,803,0.0,0.0
DTXSID8023973,803,0.0,0.0
DTXSID8023977,803,0.0,0.0
DTXSID8024072,803,0.0,0.0
DTXSID8024101,803,0.0,0.0
DTXSID8024105,803,0.0,0.0
DTXSID8024107,803,0.0,0.0
DTXSID8024109,803,0.0,0.0
DTXSID8024151,803,0.0,0.0
DTXSID8024157,803,0.0,0.0
DTXSID8024159,803,0.0,0.0
DTXSID8024234,803,0.0,0.0
DTXSID8024236,803,0.0,0.0
DTXSID8024238,803,0.0,0.0
DTXSID8024280,803,0.0,0.0
DTXSID8024284,803,0.0,0.0
DTXSID8024286,803,0.0,0.0
DTXSID8024311,803,0.0,0.0
DTXSID8024315,803,0.0,0.0
DTXSID8024317,803,0.0,0.0
DTXSID8024442,803,0.0,0.0
DTXSID8024448,803,0.0,0.0
DTXSID8024498,803,0.0,0.0
DTXSID8024521,803,0.0,0.0
DTXSID8024523,803,0.0,0.0
DTXSID8024529,803,0.0,0.0
DTXSID8024573,803,0.0,0.0
DTXSID8024600,803,0.0,0.0
DTXSID8024602,803,0.0,0.0
DTXSID8024608,803,0.0,0.0
DTXSID8024652,803,0.0,0.0
DTXSID8024658,803,0.0,0.0
DTXSID8024733,803,0.0,0.0
DTXSID8024739,803,0.0,0.0
DTXSID8024781,803,0.0,0.0
DTXSID8024783,803,0.0,0.0
DTXSID8024787,803,0.0,0.0
DTXSID8024810,803,0.0,0.0
DTXSID8024814,803,0.0,0.0
DTXSID8024862,803,0.0,0.0
DTXSID8024864,803,0.0,0.0
DTXSID8024866,803,0.0,0.0
DTXSID8024941,803,0.0,0.0
DTXSID8024947,803,0.0,0.0
DTXSID8024991,803,0.0,0.0
DTXSID8024993,803,0.0,0.0
DTXSID8024997,803,0.0,0.0
DTXSID8024999,803,0.0,0.0
DTXSID8025040,803,0.0,0.0
DTXSID8025046,803,0.0,0.0
DTXSID8025094,803,0.0,0.0
DTXSID8025096,803,0.0,0.0
DTXSID8025258,803,0.0,0.0
DTXSID8025331,803,0.0,0.0
DTXSID8025337,803,0.0,0.0
DTXSID8025464,803,0.0,0.0
DTXSID8025466,803,0.0,0.0
DTXSID8025591,803,0.0,0.0
DTXSID8025593,803,0.0,0.0
DTXSID8025595,803,0.0,0.0
DTXSID8025599,803,0.0,0.0
DTXSID8025628,803,0.0,0.0
DTXSID8025670,803,0.0,0.0
DTXSID8025703,803,0.0,0.0
DTXSID8025709,803,0.0,0.0
DTXSID8025751,803,0.0,0.0
DTXSID8025757,803,0.0,0.0
DTXSID8025759,803,0.0,0.0
DTXSID8025830,803,0.0,0.0
DTXSID8025886,803,0.0,0.0
DTXSID8025888,803,0.0,0.0
DTXSID8025963,803,0.0,0.0
DTXSID8025967,803,0.0,0.0
DTXSID8025969,803,0.0,0.0
DTXSID8026018,803,0.0,0.0
DTXSID8026060,803,0.0,0.0
DTXSID8026064,803,0.0,0.0
DTXSID8026068,803,9.053803067009942e-17,0.0
DTXSID8026141,803,0.0,0.0
DTXSID8026145,803,0.0,0.0
DTXSID8026147,803,0.0,0.0
DTXSID8026193,803,0.0,0.0
DTXSID8026195,803,0.0,0.0
DTXSID8026220,803,0.0,0.0
DTXSID8026224,803,0.0,0.0
DTXSID8026228,803,4.331676893864836e-16,0.0
DTXSID8026270,803,0.0,0.0
DTXSID8026303,803,0.0,0.0
DTXSID8026305,803,0.0,0.0
DTXSID8026307,803,0.0,0.0
DTXSID8026309,803,0.0,0.0
DTXSID8026432,803,0.0,0.0
DTXSID8026436,803,0.0,0.0
DTXSID8026488,803,0.0,0.0
DTXSID8026513,803,0.0,0.0
DTXSID8026515,803,0.0,0.0
DTXSID8026519,803,0.0,0.0
DTXSID8026563,803,0.0,0.0
DTXSID8026640,803,0.0,0.0
DTXSID8026694,803,0.0,0.0
DTXSID8026698,803,0.0,0.0
DTXSID8026725,803,0.0,0.0
DTXSID8026727,803,0.0,0.0
DTXSID8026729,803,0.0,0.0
DTXSID8026773,803,0.0,0.0
DTXSID8026775,803,0.0,0.0
DTXSID8026802,803,0.0,0.0
DTXSID8026931,803,0.0,0.0
DTXSID8026933,803,0.0,0.0
DTXSID8026935,803,0.0,0.0
DTXSID8026981,803,0.0,0.0
DTXSID8027032,803,0.0,0.0
DTXSID8027034,803,0.0,0.0
DTXSID8027036,803,0.0,0.0
DTXSID8027084,803,0.0,0.0
DTXSID8027086,803,0.0,0.0
DTXSID8027113,803,0.0,0.0
DTXSID8027163,803,0.0,0.0
DTXSID8027167,803,0.0,0.0
DTXSID8027169,803,0.0,0.0
DTXSID8027240,803,0.0,0.0
DTXSID8027244,803,0.0,0.0
DTXSID8027246,803,0.0,0.0
DTXSID8027292,803,0.0,0.0
DTXSID8027294,803,0.0,0.0
DTXSID8027321,803,0.0,0.0
DTXSID8027323,803,0.0,0.0
DTXSID8027329,803,0.0,0.0
DTXSID8027377,803,0.0,0.0
DTXSID8027400,803,0.0,0.0
DTXSID8027402,803,0.0,0.0
DTXSID8027452,803,0.0,0.0
DTXSID8027454,803,0.0,0.0
DTXSID8027537,803,0.0,0.0
DTXSID8027581,803,0.0,0.0
DTXSID8027585,803,0.0,0.0
DTXSID8027589,803,0.0,0.0
DTXSID8027747,803,0.0,0.0
DTXSID8027749,803,0.0,0.0
DTXSID8027793,803,0.0,0.0
DTXSID8027795,803,0.0,0.0
DTXSID8027797,803,0.0,0.0
DTXSID8027822,803,0.0,0.0
DTXSID8027826,803,0.0,0.0
DTXSID8027870,803,0.0,0.0
DTXSID8027878,803,0.0,0.0
DTXSID8027905,803,0.0,0.0
DTXSID8027955,803,0.0,0.0
DTXSID8027959,803,0.0,0.0
DTXSID8028008,803,0.0,0.0
DTXSID8028842,803,0.0,0.0
DTXSID8029072,803,0.0,0.0
DTXSID8029105,803,0.0,0.0
DTXSID8029153,803,0.0,0.0
DTXSID8029157,803,0.0,0.0
DTXSID8029159,803,0.0,0.0
DTXSID8029230,803,0.0,0.0
DTXSID8029234,803,0.0,0.0
DTXSID8029236,803,0.0,0.0
DTXSID8029280,803,0.0,0.0
DTXSID8029282,803,0.0,0.0
DTXSID8029286,803,0.0,0.0
DTXSID8029315,803,0.0,0.0
DTXSID8029317,803,0.0,0.0
DTXSID8029369,803,0.0,0.0
DTXSID8029575,803,0.0,0.0
DTXSID8029600,803,0.0,0.0
DTXSID8029602,803,0.0,0.0
DTXSID8029604,803,0.0,0.0
DTXSID8029606,803,0.0,0.0
DTXSID8029608,803,0.0,0.0
DTXSID8029650,803,0.0,0.0
DTXSID8029652,803,0.0,0.0
DTXSID8029733,803,0.0,0.0
DTXSID8029739,803,0.0,0.0
DTXSID8029868,803,0.0,0.0
DTXSID8030138,803,0.0,0.0
DTXSID8030423,803,0.0,0.0
DTXSID8030760,803,0.0,0.0
DTXSID8031077,803,0.0,0.0
DTXSID8031366,803,0.0,0.0
DTXSID8031497,803,0.0,0.0
DTXSID8031603,803,0.0,0.0
DTXSID8031863,803,0.0,0.0
DTXSID8031865,803,0.0,0.0
DTXSID8032386,803,0.0,0.0
DTXSID8032417,803,0.0,0.0
DTXSID8032544,803,0.0,0.0
DTXSID8032548,803,0.0,0.0
DTXSID8032623,803,0.0,0.0
DTXSID8032627,803,0.0,0.0
DTXSID8032673,803,0.0,0.0
DTXSID8032675,803,0.0,0.0
DTXSID8033433,803,0.0,0.0
DTXSID8033512,803,0.0,0.0
DTXSID8033562,803,0.0,0.0
DTXSID8033564,803,0.0,0.0
DTXSID8033566,803,0.0,0.0
DTXSID8033649,803,0.0,0.0
DTXSID8033803,803,0.0,0.0
DTXSID8034085,803,0.0,0.0
DTXSID8034087,803,0.0,0.0
DTXSID8034089,803,0.0,0.0
DTXSID8034324,803,0.0,0.0
DTXSID8034376,803,0.0,0.0
DTXSID8034401,803,0.0,0.0
DTXSID8034580,803,0.0,0.0
DTXSID8034586,803,0.0,0.0
DTXSID8034588,803,0.0,0.0
DTXSID8034665,803,0.0,0.0
DTXSID8034669,803,0.0,0.0
DTXSID8034742,803,0.0,0.0
DTXSID8034792,803,0.0,0.0
DTXSID8034871,803,0.0,0.0
DTXSID8034873,803,0.0,0.0
DTXSID8034877,803,0.0,0.0
DTXSID8034956,803,0.0,0.0
DTXSID8035001,803,0.0,0.0
DTXSID8035138,803,0.0,0.0
DTXSID8035180,803,0.0,0.0
DTXSID8035186,803,0.0,0.0
DTXSID8035423,803,0.0,0.0
DTXSID8037207,803,0.0,0.0
DTXSID8037594,803,0.0,0.0
DTXSID8037596,803,0.0,0.0
DTXSID8037706,803,0.0,0.0
DTXSID8037708,803,0.0,0.0
DTXSID8037750,803,0.0,0.0
DTXSID8037752,803,0.0,0.0
DTXSID8037754,803,0.0,0.0
DTXSID8037756,803,0.0,0.0
DTXSID8038770,803,0.0,0.0
DTXSID8038801,803,0.0,0.0
DTXSID8038855,803,0.0,0.0
DTXSID8038857,803,0.0,0.0
DTXSID8039241,803,0.0,0.0
DTXSID8040222,803,0.0,0.0
DTXSID8040270,803,0.0,0.0
DTXSID8040274,803,0.0,0.0
DTXSID8040278,803,0.0,0.0
DTXSID8040436,803,0.0,0.0
DTXSID8040438,803,0.0,0.0
DTXSID8040484,803,0.0,0.0
DTXSID8040694,803,0.0,0.0
DTXSID8040698,803,0.0,0.0
DTXSID8040721,803,0.0,0.0
DTXSID8040723,803,0.0,0.0
DTXSID8040725,803,0.0,0.0
DTXSID8040727,803,0.0,0.0
DTXSID8040775,803,0.0,0.0
DTXSID8040800,803,0.0,0.0
DTXSID8041032,803,0.0,0.0
DTXSID8041034,803,0.0,0.0
DTXSID8041080,803,0.0,0.0
DTXSID8041115,803,0.0,0.0
DTXSID8041117,803,0.0,0.0
DTXSID8041242,803,0.0,0.0
DTXSID8041246,803,0.0,0.0
DTXSID8041248,803,0.0,0.0
DTXSID8041298,803,0.0,0.0
DTXSID8041321,803,7.253008185561e-11,0.0
DTXSID8041327,803,0.0,0.0
DTXSID8041329,803,0.0,0.0
DTXSID8041371,803,0.0,0.0
DTXSID8041373,803,0.0,0.0
DTXSID8041379,803,0.0,0.0
DTXSID8041400,803,0.0,0.0
DTXSID8041404,803,0.0,0.0
DTXSID8041452,803,0.0,0.0
DTXSID8041610,803,0.0,0.0
DTXSID8041668,803,0.0,0.0
DTXSID8041743,803,0.0,0.0
DTXSID8041793,803,0.0,0.0
DTXSID8041797,803,0.0,0.0
DTXSID8041799,803,0.0,0.0
DTXSID8041828,803,0.0,0.0
DTXSID8041909,803,0.0,0.0
DTXSID8041951,803,0.0,0.0
DTXSID8041955,803,0.0,0.0
DTXSID8041957,803,0.0,0.0
DTXSID8041959,803,0.0,0.0
DTXSID8042006,803,0.0,0.0
DTXSID8042052,803,0.0,0.0
DTXSID8042137,803,0.0,0.0
DTXSID8042181,803,0.0,0.0
DTXSID8042187,803,0.0,0.0
DTXSID8042189,803,0.0,0.0
DTXSID8042210,803,0.0,0.0
DTXSID8042218,803,0.0,0.0
DTXSID8042260,803,0.0,0.0
DTXSID8042264,803,0.0,0.0
DTXSID8042266,803,0.0,0.0
DTXSID8042343,803,0.0,0.0
DTXSID8042349,803,0.0,0.0
DTXSID8042399,803,0.0,0.0
DTXSID8042422,803,0.0,0.0
DTXSID8042424,803,2.6836866228635115e-08,0.0
DTXSID8042426,803,0.0,0.0
DTXSID8042478,803,0.0,0.0
DTXSID8042503,803,0.0,0.0
DTXSID8042507,803,0.0,0.0
DTXSID8042509,803,0.0,0.0
DTXSID8042559,803,0.0,0.0
DTXSID8042632,803,0.0,0.0
DTXSID8043814,803,1.0,1.0
DTXSID8043941,803,0.0,0.0
DTXSID8044175,803,0.0,0.0
DTXSID8044177,803,0.0,0.0
DTXSID8044200,803,0.0,0.0
DTXSID8044202,803,0.0,0.0
DTXSID8044204,803,0.0,0.0
DTXSID8044206,803,0.0,0.0
DTXSID8044208,803,0.0,0.0
DTXSID8044252,803,0.0,0.0
DTXSID8044381,803,0.0,0.0
DTXSID8044383,803,0.0,0.0
DTXSID8044389,803,0.0,0.0
DTXSID8044410,803,0.0,0.0
DTXSID8044412,803,0.0,0.0
DTXSID8044414,803,0.0,0.0
DTXSID8044462,803,0.0,0.0
DTXSID8044464,803,0.0,0.0
DTXSID8044466,803,0.0,0.0
DTXSID8044541,803,0.0,0.0
DTXSID8044543,803,0.0,0.0
DTXSID8044545,803,0.0,0.0
DTXSID8044547,803,0.0,0.0
DTXSID8044549,803,,
DTXSID8044591,803,0.0,0.0
DTXSID8044593,803,0.0,0.0
DTXSID8044595,803,0.0,0.0
DTXSID8044597,803,0.0,0.0
DTXSID8044599,803,0.0,0.0
DTXSID8044620,803,0.0,0.0
DTXSID8044622,803,0.0,0.0
DTXSID8044624,803,0.0,0.0
DTXSID8044626,803,0.0,0.0
DTXSID8044670,803,0.0,0.0
DTXSID8044676,803,0.0,0.0
DTXSID8044678,803,0.0,0.0
DTXSID8044701,803,0.0,0.0
DTXSID8044703,803,0.0,0.0
DTXSID8044709,803,0.0,0.0
DTXSID8044751,803,0.0,0.0
DTXSID8044753,803,0.0,0.0
DTXSID8044755,803,0.0,0.0
DTXSID8044757,803,0.0,0.0
DTXSID8044759,803,0.0,0.0
DTXSID8044830,803,0.0,0.0
DTXSID8044832,803,0.0,0.0
DTXSID8044834,803,0.0,0.0
DTXSID8044836,803,0.0,0.0
DTXSID8044880,803,0.0,0.0
DTXSID8044882,803,0.0,0.0
DTXSID8044884,803,1.0472516339268049e-12,0.0
DTXSID8044886,803,0.0,0.0
DTXSID8044888,803,0.0,0.0
DTXSID8044911,803,0.0,0.0
DTXSID8044913,803,0.0,0.0
DTXSID8044915,803,0.0,0.0
DTXSID8044919,803,0.0,0.0
DTXSID8044961,803,0.0,0.0
DTXSID8044963,803,1.5462343599306583e-07,0.0
DTXSID8044967,803,0.0,0.0
DTXSID8045141,803,0.0,0.0
DTXSID8045145,803,0.0,0.0
DTXSID8045147,803,0.0,0.0
DTXSID8045149,803,0.0,0.0
DTXSID8045191,803,0.0,0.0
DTXSID8045193,803,0.0,0.0
DTXSID8045195,803,0.0,0.0
DTXSID8045220,803,0.0,0.0
DTXSID8045222,803,0.0,0.0
DTXSID8045224,803,0.0,0.0
DTXSID8045226,803,0.0,0.0
DTXSID8045228,803,0.0,0.0
DTXSID8045305,803,0.0,0.0
DTXSID8045307,803,0.0,0.0
DTXSID8045351,803,0.0,0.0
DTXSID8045355,803,0.0,0.0
DTXSID8045357,803,0.0,0.0
DTXSID8045359,803,0.0,0.0
DTXSID8045432,803,0.0,0.0
DTXSID8045434,803,0.0,0.0
DTXSID8045438,803,0.0,0.0
DTXSID8045480,803,0.0,0.0
DTXSID8045484,803,0.0,0.0
DTXSID8045486,803,0.0,0.0
DTXSID8045488,803,0.0,0.0
DTXSID8045511,803,0.0,0.0
DTXSID8045513,803,0.0,0.0
DTXSID8045515,803,0.0,0.0
DTXSID8045519,803,0.0,0.0
DTXSID8045561,803,0.0,0.0
DTXSID8045563,803,0.0,0.0
DTXSID8045565,803,0.0,0.0
DTXSID8045567,803,0.0,0.0
DTXSID8045569,803,0.0,0.0
DTXSID8045640,803,0.0,0.0
DTXSID8045642,803,0.0,0.0
DTXSID8045646,803,0.0,0.0
DTXSID8045648,803,0.0,0.0
DTXSID8045690,803,0.0,0.0
DTXSID8045692,803,0.0,0.0
DTXSID8045694,803,0.0,0.0
DTXSID8045696,803,0.0,0.0
DTXSID8045698,803,0.0,0.0
DTXSID8045771,803,0.0,0.0
DTXSID8045773,803,0.0,0.0
DTXSID8045775,803,0.0,0.0
DTXSID8045777,803,0.0,0.0
DTXSID8045779,803,0.0,0.0
DTXSID8045800,803,0.0,0.0
DTXSID8045802,803,0.0,0.0
DTXSID8045804,803,0.0,0.0
DTXSID8045806,803,0.0,0.0
DTXSID8045850,803,0.0,0.0
DTXSID8045852,803,0.0,0.0
DTXSID8045854,803,0.0,0.0
DTXSID8045856,803,0.0,0.0
DTXSID8045933,803,0.0,0.0
DTXSID8045935,803,0.0,0.0
DTXSID8045937,803,0.0,0.0
DTXSID8045939,803,0.0,0.0
DTXSID8045983,803,0.0,0.0
DTXSID8045985,803,0.0,0.0
DTXSID8045987,803,0.0,0.0
DTXSID8045989,803,0.0,0.0
DTXSID8046030,803,0.0,0.0
DTXSID8046034,803,0.0,0.0
DTXSID8046036,803,0.0,0.0
DTXSID8046038,803,0.0,0.0
DTXSID8046084,803,0.0,0.0
DTXSID8046086,803,0.0,0.0
DTXSID8046088,803,0.0,0.0
DTXSID8046113,803,0.0,0.0
DTXSID8046115,803,0.0,0.0
DTXSID8046117,803,0.0,0.0
DTXSID8046119,803,0.0,0.0
DTXSID8046161,803,0.0,0.0
DTXSID8046163,803,0.0,0.0
DTXSID8046165,803,0.0,0.0
DTXSID8046167,803,0.0,0.0
DTXSID8046169,803,0.0,0.0
DTXSID8046240,803,0.0,0.0
DTXSID8046242,803,0.0,0.0
DTXSID8046244,803,0.0,0.0
DTXSID8046246,803,0.0,0.0
DTXSID8046248,803,0.0,0.0
DTXSID8046290,803,0.0,0.0
DTXSID8046292,803,0.0,0.0
DTXSID8046294,803,0.0,0.0
DTXSID8046296,803,0.0,0.0
DTXSID8046298,803,0.0,0.0
DTXSID8046321,803,0.0,0.0
DTXSID8046323,803,0.0,0.0
DTXSID8046325,803,0.0,0.0
DTXSID8046327,803,0.0,0.0
DTXSID8046400,803,0.0,0.0
DTXSID8046402,803,0.0,0.0
DTXSID8046404,803,0.0,0.0
DTXSID8046406,803,0.0,0.0
DTXSID8046450,803,0.0,0.0
DTXSID8046452,803,0.0,0.0
DTXSID8046454,803,0.0,0.0
DTXSID8046456,803,0.0,0.0
DTXSID8046458,803,0.0,0.0
DTXSID8046531,803,0.0,0.0
DTXSID8046535,803,0.0,0.0
DTXSID8046537,803,0.0,0.0
DTXSID8046539,803,0.0,0.0
DTXSID8046581,803,0.0,0.0
DTXSID8046583,803,0.0,0.0
DTXSID8046585,803,0.0,0.0
DTXSID8046589,803,0.0,0.0
DTXSID8046610,803,0.0,0.0
DTXSID8046614,803,0.0,0.0
DTXSID8046618,803,0.0,0.0
DTXSID8046660,803,0.0,0.0
DTXSID8046662,803,0.0,0.0
DTXSID8046664,803,0.0,0.0
DTXSID8046666,803,0.0,0.0
DTXSID8046743,803,0.0,0.0
DTXSID8046749,803,0.0,0.0
DTXSID8046791,803,0.0,0.0
DTXSID8046793,803,0.0,0.0
DTXSID8046795,803,0.0,0.0
DTXSID8046799,803,0.0,0.0
DTXSID8046820,803,0.0,0.0
DTXSID8046822,803,0.0,0.0
DTXSID8046824,803,0.0,0.0
DTXSID8046826,803,0.0,0.0
DTXSID8046828,803,0.0,0.0
DTXSID8046870,803,0.0,0.0
DTXSID8046872,803,0.0,0.0
DTXSID8046876,803,0.0,0.0
DTXSID8046878,803,0.0,0.0
DTXSID8046901,803,0.0,0.0
DTXSID8046903,803,0.0,0.0
DTXSID8046905,803,0.0,0.0
DTXSID8046909,803,0.0,0.0
DTXSID8046951,803,0.0,0.0
DTXSID8047000,803,0.0,0.0
DTXSID8047006,803,0.0,0.0
DTXSID8047050,803,0.0,0.0
DTXSID8047052,803,0.0,0.0
DTXSID8047056,803,0.0,0.0
DTXSID8047058,803,0.0,0.0
DTXSID8047131,803,0.0,0.0
DTXSID8047133,803,0.0,0.0
DTXSID8047135,803,0.0,0.0
DTXSID8047137,803,0.0,0.0
DTXSID8047139,803,0.0,0.0
DTXSID8047183,803,0.0,0.0
DTXSID8047185,803,0.0,0.0
DTXSID8047187,803,0.0,0.0
DTXSID8047189,803,0.0,0.0
DTXSID8047262,803,0.0,0.0
DTXSID8047264,803,0.0,0.0
DTXSID8047266,803,0.0,0.0
DTXSID8047268,803,0.0,0.0
DTXSID8047341,803,0.0,0.0
DTXSID8047347,803,0.0,0.0
DTXSID8047349,803,0.0,0.0
DTXSID8047391,803,0.0,0.0
DTXSID8047395,803,0.0,0.0
DTXSID8047397,803,0.0,0.0
DTXSID8047399,803,0.0,0.0
DTXSID8047420,803,0.0,0.0
DTXSID8047422,803,0.0,0.0
DTXSID8047424,803,0.0,0.0
DTXSID8047426,803,0.0,0.0
DTXSID8047428,803,0.0,0.0
DTXSID8047470,803,0.0,0.0
DTXSID8047474,803,0.0,0.0
DTXSID8047476,803,0.0,0.0
DTXSID8047501,803,0.0,0.0
DTXSID8047505,803,1.0,1.0
DTXSID8047551,803,0.9999999974731795,1.0
DTXSID8047553,803,0.0,0.0
DTXSID8047559,803,0.0,0.0
DTXSID8047630,803,0.0,0.0
DTXSID8047636,803,0.0,0.0
DTXSID8047680,803,0.0,0.0
DTXSID8047682,803,0.0,0.0
DTXSID8047684,803,0.0,0.0
DTXSID8047686,803,0.0,0.0
DTXSID8047711,803,0.0,0.0
DTXSID8047713,803,0.0,0.0
DTXSID8047717,803,0.0,0.0
DTXSID8047840,803,0.0,0.0
DTXSID8047842,803,0.0,0.0
DTXSID8047844,803,0.0,0.0
DTXSID8047846,803,0.0,0.0
DTXSID8047848,803,0.0,0.0
DTXSID8047890,803,0.0,0.0
DTXSID8047892,803,0.0,0.0
DTXSID8047894,803,0.0,0.0
DTXSID8047896,803,0.0,0.0
DTXSID8047898,803,0.0,0.0
DTXSID8047921,803,0.0,0.0
DTXSID8047923,803,0.0,0.0
DTXSID8047925,803,0.0,0.0
DTXSID8047927,803,0.0,0.0
DTXSID8047929,803,0.0,0.0
DTXSID8047971,803,0.0,0.0
DTXSID8047973,803,0.0,0.0
DTXSID8048521,803,0.0,0.0
DTXSID8048575,803,0.0,0.0
DTXSID8048577,803,0.0,0.0
DTXSID8048579,803,0.0,0.0
DTXSID8048600,803,0.0,0.0
DTXSID8048602,803,0.0,0.0
DTXSID8048604,803,0.0,0.0
DTXSID8048606,803,0.0,0.0
DTXSID8048608,803,0.0,0.0
DTXSID8048650,803,0.0,0.0
DTXSID8048652,803,0.0,0.0
DTXSID8048654,803,0.0,0.0
DTXSID8048656,803,0.0,0.0
DTXSID8048658,803,0.0,0.0
DTXSID8048731,803,0.0,0.0
DTXSID8048733,803,0.0,0.0
DTXSID8048735,803,0.0,0.0
DTXSID8048737,803,0.0,0.0
DTXSID8048739,803,0.0,0.0
DTXSID8048781,803,0.0,0.0
DTXSID8048783,803,0.0,0.0
DTXSID8048785,803,0.0,0.0
DTXSID8048787,803,0.0,0.0
DTXSID8048789,803,0.0,0.0
DTXSID8048810,803,0.0,0.0
DTXSID8048812,803,0.0,0.0
DTXSID8048814,803,0.0,0.0
DTXSID8048816,803,0.0,0.0
DTXSID8048818,803,0.0,0.0
DTXSID8048860,803,0.0,0.0
DTXSID8048862,803,0.0,0.0
DTXSID8048864,803,0.0,0.0
DTXSID8048866,803,0.0,0.0
DTXSID8048868,803,0.0,0.0
DTXSID8048941,803,0.0,0.0
DTXSID8048943,803,0.0,0.0
DTXSID8048945,803,0.0,0.0
DTXSID8048947,803,0.0,0.0
DTXSID8048949,803,0.0,0.0
DTXSID8048991,803,0.0,0.0
DTXSID8048993,803,0.0,0.0
DTXSID8048995,803,0.0,0.0
DTXSID8048997,803,0.0,0.0
DTXSID8048999,803,0.0,0.0
DTXSID8049040,803,0.0,0.0
DTXSID8049042,803,0.0,0.0
DTXSID8049044,803,0.0,0.0
DTXSID8049046,803,0.0,0.0
DTXSID8049048,803,0.0,0.0
DTXSID8049200,803,0.0,0.0
DTXSID8049202,803,0.0,0.0
DTXSID8049204,803,0.0,0.0
DTXSID8049206,803,0.0,0.0
DTXSID8049208,803,0.0,0.0
DTXSID8049250,803,0.0,0.0
DTXSID8049252,803,0.0,0.0
DTXSID8049254,803,0.0,0.0
DTXSID8049256,803,0.0,0.0
DTXSID8049258,803,0.0,0.0
DTXSID8049331,803,0.0,0.0
DTXSID8049333,803,0.0,0.0
DTXSID8049335,803,0.0,0.0
DTXSID8049337,803,0.0,0.0
DTXSID8049339,803,0.0,0.0
DTXSID8049381,803,0.0,0.0
DTXSID8049383,803,0.0,0.0
DTXSID8049385,803,0.0,0.0
DTXSID8049387,803,0.0,0.0
DTXSID8049389,803,0.0,0.0
DTXSID8049410,803,0.0,0.0
DTXSID8049412,803,0.0,0.0
DTXSID8049414,803,0.0,0.0
DTXSID8049416,803,0.0,0.0
DTXSID8049418,803,0.0,0.0
DTXSID8049460,803,0.0,0.0
DTXSID8049462,803,0.0,0.0
DTXSID8049464,803,0.0,0.0
DTXSID8049466,803,0.0,0.0
DTXSID8049468,803,0.0,0.0
DTXSID8049541,803,0.0,0.0
DTXSID8049543,803,0.0,0.0
DTXSID8049545,803,0.0,0.0
DTXSID8049547,803,0.0,0.0
DTXSID8049549,803,0.0,0.0
DTXSID9020031,803,0.0,0.0
DTXSID9020081,803,0.0,0.0
DTXSID9020083,803,0.0,0.0
DTXSID9020087,803,2.0237451445515722e-10,0.0
DTXSID9020089,803,0.0,0.0
DTXSID9020110,803,0.0,0.0
DTXSID9020112,803,0.0,0.0
DTXSID9020114,803,0.0,0.0
DTXSID9020116,803,0.0,0.0
DTXSID9020118,803,0.0,0.0
DTXSID9020160,803,0.0,0.0
DTXSID9020164,803,0.0,0.0
DTXSID9020166,803,0.0,0.0
DTXSID9020168,803,0.0,0.0
DTXSID9020241,803,0.0,0.0
DTXSID9020243,803,0.0,0.0
DTXSID9020245,803,0.0,0.0
DTXSID9020247,803,0.0,0.0
DTXSID9020249,803,0.0,0.0
DTXSID9020293,803,0.0,0.0
DTXSID9020295,803,0.0,0.0
DTXSID9020299,803,0.0,0.0
DTXSID9020322,803,0.0,0.0
DTXSID9020326,803,0.0,0.0
DTXSID9020328,803,0.0,0.0
DTXSID9020370,803,0.0,0.0
DTXSID9020372,803,0.0,0.0
DTXSID9020374,803,0.0,0.0
DTXSID9020378,803,0.0,0.0
DTXSID9020401,803,0.0,0.0
DTXSID9020407,803,0.0,0.0
DTXSID9020409,803,0.0,0.0
DTXSID9020451,803,0.0,0.0
DTXSID9020453,803,0.0,0.0
DTXSID9020459,803,0.0,0.0
DTXSID9020538,803,0.0,0.0
DTXSID9020580,803,0.0,0.0
DTXSID9020582,803,0.0,0.0
DTXSID9020584,803,0.0,0.0
DTXSID9020615,803,0.0,0.0
DTXSID9020617,803,0.0,0.0
DTXSID9020663,803,0.0,0.0
DTXSID9020667,803,0.0,0.0
DTXSID9020669,803,0.0,0.0
DTXSID9020740,803,0.0,0.0
DTXSID9020742,803,0.0,0.0
DTXSID9020790,803,0.0,0.0
DTXSID9020792,803,0.0,0.0
DTXSID9020794,803,0.0,0.0
DTXSID9020796,803,0.0,0.0
DTXSID9020821,803,0.0,0.0
DTXSID9020825,803,0.0,0.0
DTXSID9020827,803,0.0,0.0
DTXSID9020829,803,0.0,0.0
DTXSID9020875,803,0.0,0.0
DTXSID9020877,803,0.0,0.0
DTXSID9020902,803,0.0,0.0
DTXSID9020956,803,0.0,0.0
DTXSID9020958,803,0.0,0.0
DTXSID9021053,803,0.0,0.0
DTXSID9021059,803,0.0,0.0
DTXSID9021130,803,0.0,0.0
DTXSID9021132,803,0.0,0.0
DTXSID9021134,803,0.0,0.0
DTXSID9021136,803,0.0,0.0
DTXSID9021138,803,0.0,0.0
DTXSID9021182,803,0.0,0.0
DTXSID9021184,803,0.0,0.0
DTXSID9021188,803,0.0,0.0
DTXSID9021215,803,0.0,0.0
DTXSID9021217,803,0.0,0.0
DTXSID9021219,803,0.0,0.0
DTXSID9021267,803,0.0,0.0
DTXSID9021340,803,0.0,0.0
DTXSID9021342,803,0.0,0.0
DTXSID9021344,803,0.0,0.0
DTXSID9021346,803,0.0,0.0
DTXSID9021348,803,0.0,0.0
DTXSID9021390,803,0.0,0.0
DTXSID9021392,803,0.0,0.0
DTXSID9021396,803,0.0,0.0
DTXSID9021398,803,0.0,0.0
DTXSID9021425,803,0.0,0.0
DTXSID9021427,803,0.0,0.0
DTXSID9021477,803,0.0,0.0
DTXSID9021479,803,0.0,0.0
DTXSID9021552,803,0.0,0.0
DTXSID9021554,803,0.0,0.0
DTXSID9021631,803,0.0,0.0
DTXSID9021633,803,0.0,0.0
DTXSID9021635,803,0.0,0.0
DTXSID9021637,803,0.0,0.0
DTXSID9021639,803,0.0,0.0
DTXSID9021683,803,0.0,0.0
DTXSID9021685,803,0.0,0.0
DTXSID9021689,803,7.177749328859931e-18,0.0
DTXSID9021716,803,0.0,0.0
DTXSID9021718,803,0.0,0.0
DTXSID9021762,803,0.0,0.0
DTXSID9021764,803,0.0,0.0
DTXSID9021841,803,0.0,0.0
DTXSID9021843,803,0.0,0.0
DTXSID9021847,803,0.0,0.0
DTXSID9021897,803,0.0,0.0
DTXSID9021899,803,0.0,0.0
DTXSID9021922,803,0.0,0.0
DTXSID9021924,803,0.0,0.0
DTXSID9021928,803,0.0,0.0
DTXSID9021974,803,0.0,0.0
DTXSID9021976,803,0.0,0.0
DTXSID9022027,803,0.0,0.0
DTXSID9022079,803,0.0,0.0
DTXSID9022100,803,0.0,0.0
DTXSID9022310,803,0.0,0.0
DTXSID9022312,803,0.0,0.0
DTXSID9022360,803,0.0,0.0
DTXSID9022364,803,0.0,0.0
DTXSID9022366,803,0.0,0.0
DTXSID9022445,803,0.0,0.0
DTXSID9022520,803,0.0,0.0
DTXSID9022522,803,0.0,0.0
DTXSID9022524,803,0.0,0.0
DTXSID9022526,803,0.0,0.0
DTXSID9022528,803,0.0,0.0
DTXSID9022574,803,0.0,0.0
DTXSID9022576,803,0.0,0.0
DTXSID9022578,803,0.0,0.0
DTXSID9022601,803,0.0,0.0
DTXSID9022603,803,0.0,0.0
DTXSID9022607,803,0.0,0.0
DTXSID9022609,803,0.0,0.0
DTXSID9022655,803,0.0,0.0
DTXSID9022659,803,0.0,0.0
DTXSID9022730,803,0.0,0.0
DTXSID9022732,803,0.0,0.0
DTXSID9022734,803,0.0,0.0
DTXSID9022736,803,0.0,0.0
DTXSID9022738,803,0.0,0.0
DTXSID9022780,803,0.0,0.0
DTXSID9022782,803,0.0,0.0
DTXSID9022813,803,0.0,0.0
DTXSID9022815,803,0.0,0.0
DTXSID9022817,803,0.0,0.0
DTXSID9022861,803,0.0,0.0
DTXSID9022940,803,0.0,0.0
DTXSID9022944,803,0.0,0.0
DTXSID9022946,803,0.0,0.0
DTXSID9022948,803,0.0,0.0
DTXSID9022994,803,0.0,0.0
DTXSID9022998,803,0.0,0.0
DTXSID9023041,803,0.0,0.0
DTXSID9023043,803,0.0,0.0
DTXSID9023049,803,0.0,0.0
DTXSID9023095,803,0.0,0.0
DTXSID9023097,803,0.0,0.0
DTXSID9023122,803,0.0,0.0
DTXSID9023128,803,0.0,0.0
DTXSID9023170,803,0.0,0.0
DTXSID9023174,803,0.0,0.0
DTXSID9023176,803,0.0,0.0
DTXSID9023201,803,0.0,0.0
DTXSID9023205,803,0.0,0.0
DTXSID9023209,803,0.0,0.0
DTXSID9023255,803,0.0,0.0
DTXSID9023380,803,0.0,0.0
DTXSID9023386,803,0.0,0.0
DTXSID9023388,803,0.0,0.0
DTXSID9023411,803,0.0,0.0
DTXSID9023413,803,0.0,0.0
DTXSID9023415,803,0.0,0.0
DTXSID9023419,803,0.0,0.0
DTXSID9023463,803,0.0,0.0
DTXSID9023540,803,0.0,0.0
DTXSID9023542,803,0.0,0.0
DTXSID9023546,803,0.0,0.0
DTXSID9023548,803,0.0,0.0
DTXSID9023590,803,0.0,0.0
DTXSID9023621,803,0.0,0.0
DTXSID9023623,803,0.0,0.0
DTXSID9023629,803,0.0,0.0
DTXSID9023673,803,0.0,0.0
DTXSID9023677,803,0.0,0.0
DTXSID9023679,803,0.0,0.0
DTXSID9023702,803,0.0,0.0
DTXSID9023706,803,0.0,0.0
DTXSID9023752,803,0.0,0.0
DTXSID9023756,803,0.0,0.0
DTXSID9023833,803,0.0,0.0
DTXSID9023835,803,0.0,0.0
DTXSID9023837,803,0.0,0.0
DTXSID9023881,803,0.0,0.0
DTXSID9023883,803,0.0,0.0
DTXSID9023889,803,0.0,0.0
DTXSID9023914,803,0.0,0.0
DTXSID9023966,803,0.0,0.0
DTXSID9024015,803,0.0,0.0
DTXSID9024063,803,0.0,0.0
DTXSID9024065,803,0.0,0.0
DTXSID9024194,803,0.0,0.0
DTXSID9024300,803,0.0,0.0
DTXSID9024304,803,0.0,0.0
DTXSID9024431,803,0.0,0.0
DTXSID9024437,803,0.0,0.0
DTXSID9024481,803,0.0,0.0
DTXSID9024483,803,0.0,0.0
DTXSID9024485,803,0.0,0.0
DTXSID9024487,803,0.0,0.0
DTXSID9024489,803,0.0,0.0
DTXSID9024512,803,0.0,0.0
DTXSID9024568,803,0.0,0.0
DTXSID9024641,803,0.0,0.0
DTXSID9024691,803,0.0,0.0
DTXSID9024699,803,0.0,0.0
DTXSID9024724,803,0.0,0.0
DTXSID9024726,803,0.0,0.0
DTXSID9024770,803,0.0,0.0
DTXSID9024772,803,0.0,0.0
DTXSID9024774,803,0.0,0.0
DTXSID9024853,803,0.0,0.0
DTXSID9024855,803,0.0,0.0
DTXSID9024930,803,0.0,0.0
DTXSID9024934,803,0.0,0.0
DTXSID9024980,803,0.0,0.0
DTXSID9024986,803,0.0,0.0
DTXSID9025035,803,0.0,0.0
DTXSID9025037,803,0.0,0.0
DTXSID9025085,803,0.0,0.0
DTXSID9025087,803,0.0,0.0
DTXSID9025110,803,0.0,0.0
DTXSID9025112,803,0.0,0.0
DTXSID9025114,803,0.0,0.0
DTXSID9025164,803,0.0,0.0
DTXSID9025166,803,0.0,0.0
DTXSID9025243,803,0.0,0.0
DTXSID9025245,803,0.0,0.0
DTXSID9025249,803,0.0,0.0
DTXSID9025291,803,0.0,0.0
DTXSID9025293,803,0.45038415195401427,0.0
DTXSID9025297,803,0.0,0.0
DTXSID9025299,803,0.10952922918020694,0.0
DTXSID9025324,803,0.0,0.0
DTXSID9025326,803,0.0,0.0
DTXSID9025328,803,0.0,0.0
DTXSID9025370,803,0.0,0.0
DTXSID9025401,803,0.0,0.0
DTXSID9025403,803,0.0,0.0
DTXSID9025409,803,0.0,0.0
DTXSID9025451,803,0.0,0.0
DTXSID9025453,803,0.0,0.0
DTXSID9025455,803,0.0,0.0
DTXSID9025534,803,0.0,0.0
DTXSID9025536,803,0.0,0.0
DTXSID9025538,803,0.0,0.0
DTXSID9025580,803,0.0,0.0
DTXSID9025588,803,0.0,0.0
DTXSID9025611,803,0.0,0.0
DTXSID9025617,803,0.0,0.0
DTXSID9025661,803,0.0,0.0
DTXSID9025665,803,0.0,0.0
DTXSID9025740,803,0.0,0.0
DTXSID9025742,803,0.0,0.0
DTXSID9025744,803,,
DTXSID9025746,803,0.0,0.0
DTXSID9025794,803,0.0,0.0
DTXSID9025796,803,0.0,0.0
DTXSID9025825,803,0.0,0.0
DTXSID9025873,803,0.0,0.0
DTXSID9025879,803,0.0,0.0
DTXSID9026051,803,0.0,0.0
DTXSID9026053,803,0.0,0.0
DTXSID9026059,803,0.0,0.0
DTXSID9026130,803,0.0,0.0
DTXSID9026132,803,0.0,0.0
DTXSID9026219,803,0.0,0.0
DTXSID9026261,803,0.0,0.0
DTXSID9026265,803,0.0,0.0
DTXSID9026267,803,0.0,0.0
DTXSID9026342,803,0.0,0.0
DTXSID9026423,803,0.0,0.0
DTXSID9026500,803,0.0,0.0
DTXSID9026558,803,0.0,0.0
DTXSID9026631,803,0.0,0.0
DTXSID9026633,803,0.0,0.0
DTXSID9026689,803,0.0,0.0
DTXSID9026710,803,0.0,0.0
DTXSID9026712,803,0.0,0.0
DTXSID9026714,803,0.0,0.0
DTXSID9026716,803,0.0,0.0
DTXSID9026718,803,0.0,0.0
DTXSID9026766,803,0.0,0.0
DTXSID9026841,803,0.0,0.0
DTXSID9026849,803,0.0,0.0
DTXSID9026899,803,0.0,0.0
DTXSID9026922,803,0.0,0.0
DTXSID9026924,803,0.0,0.0
DTXSID9026926,803,0.0,0.0
DTXSID9026974,803,0.0,0.0
DTXSID9027021,803,0.0,0.0
DTXSID9027104,803,0.0,0.0
DTXSID9027158,803,0.0,0.0
DTXSID9027233,803,0.0,0.0
DTXSID9027239,803,0.0,0.0
DTXSID9027281,803,0.0,0.0
DTXSID9027310,803,0.0,0.0
DTXSID9027312,803,0.0,0.0
DTXSID9027314,803,0.0,0.0
DTXSID9027360,803,0.0,0.0
DTXSID9027364,803,0.0,0.0
DTXSID9027368,803,0.0,0.0
DTXSID9027441,803,0.0,0.0
DTXSID9027443,803,0.0,0.0
DTXSID9027449,803,0.0,0.0
DTXSID9027520,803,0.0,0.0
DTXSID9027522,803,0.0,0.0
DTXSID9027528,803,0.0,0.0
DTXSID9027570,803,0.0,0.0
DTXSID9027603,803,0.0,0.0
DTXSID9027653,803,0.0,0.0
DTXSID9027738,803,0.0,0.0
DTXSID9027863,803,0.0,0.0
DTXSID9027948,803,0.0,0.0
DTXSID9028120,803,0.0,0.0
DTXSID9029017,803,0.0,0.0
DTXSID9029061,803,0.0,0.0
DTXSID9029146,803,0.0,0.0
DTXSID9029192,803,0.0,0.0
DTXSID9029194,803,0.0,0.0
DTXSID9029221,803,0.0,0.0
DTXSID9029223,803,0.0,0.0
DTXSID9029275,803,0.0,0.0
DTXSID9029277,803,0.0,0.0
DTXSID9029279,803,0.0,0.0
DTXSID9029300,803,0.0,0.0
DTXSID9029302,803,0.0,0.0
DTXSID9029304,803,0.0,0.0
DTXSID9029649,803,0.0,0.0
DTXSID9029691,803,0.0,0.0
DTXSID9029695,803,0.0,0.0
DTXSID9030048,803,0.0,0.0
DTXSID9030258,803,0.0,0.0
DTXSID9030707,803,2.529291601465783e-07,0.0
DTXSID9031800,803,0.0,0.0
DTXSID9032113,803,0.0,0.0
DTXSID9032327,803,0.0,0.0
DTXSID9032329,803,0.0,0.0
DTXSID9032375,803,0.0,0.0
DTXSID9032379,803,0.0,0.0
DTXSID9032406,803,0.0,0.0
DTXSID9032531,803,0.0,0.0
DTXSID9032533,803,0.0,0.0
DTXSID9032535,803,0.0,0.0
DTXSID9032537,803,0.0,0.0
DTXSID9032581,803,0.0,0.0
DTXSID9032589,803,0.0,0.0
DTXSID9032610,803,0.0,0.0
DTXSID9032614,803,0.0,0.0
DTXSID9032878,803,0.0,0.0
DTXSID9033008,803,0.0,0.0
DTXSID9033058,803,0.0,0.0
DTXSID9033187,803,0.0,0.0
DTXSID9033264,803,0.0,0.0
DTXSID9033896,803,0.0,0.0
DTXSID9033923,803,0.0,0.0
DTXSID9033979,803,0.0,0.0
DTXSID9034070,803,0.0,0.0
DTXSID9034232,803,0.0,0.0
DTXSID9034282,803,0.0,0.0
DTXSID9034286,803,0.0,0.0
DTXSID9034317,803,0.0,0.0
DTXSID9034361,803,1.2172186049680949e-15,0.0
DTXSID9034365,803,0.0,0.0
DTXSID9034490,803,0.0,0.0
DTXSID9034492,803,0.0,0.0
DTXSID9034816,803,0.0,0.0
DTXSID9034818,803,0.0,0.0
DTXSID9034864,803,0.0,0.0
DTXSID9034997,803,0.0,0.0
DTXSID9035175,803,0.0,0.0
DTXSID9035204,803,0.0,0.0
DTXSID9035206,803,0.0,0.0
DTXSID9035620,803,0.0,0.0
DTXSID9035753,803,0.0,0.0
DTXSID9036226,803,0.0,0.0
DTXSID9036438,803,0.0,0.0
DTXSID9036515,803,0.0,0.0
DTXSID9036646,803,0.0,0.0
DTXSID9036690,803,0.0,0.0
DTXSID9036933,803,0.0,0.0
DTXSID9037038,803,0.0,0.0
DTXSID9037246,803,0.0,0.0
DTXSID9037248,803,0.0,0.0
DTXSID9037539,803,0.0,0.0
DTXSID9037612,803,0.0,0.0
DTXSID9037741,803,0.0,0.0
DTXSID9037745,803,0.0,0.0
DTXSID9037749,803,0.0,0.0
DTXSID9038686,803,0.0,0.0
DTXSID9039232,803,0.0,0.0
DTXSID9039238,803,0.0,0.0
DTXSID9040001,803,0.0,0.0
DTXSID9040130,803,0.0,0.0
DTXSID9040134,803,0.0,0.0
DTXSID9040265,803,0.0,0.0
DTXSID9040269,803,0.0,0.0
DTXSID9040342,803,0.0,0.0
DTXSID9040502,803,0.0,0.0
DTXSID9040554,803,0.0,0.0
DTXSID9040635,803,0.0,0.0
DTXSID9040683,803,0.0,0.0
DTXSID9040685,803,0.0,0.0
DTXSID9040687,803,0.0,0.0
DTXSID9040710,803,0.0,0.0
DTXSID9040712,803,0.0,0.0
DTXSID9040714,803,0.0,0.0
DTXSID9040716,803,0.0,0.0
DTXSID9040718,803,0.0,0.0
DTXSID9040760,803,0.0,0.0
DTXSID9041021,803,0.0,0.0
DTXSID9041023,803,0.0,0.0
DTXSID9041075,803,0.0,0.0
DTXSID9041104,803,0.0,0.0
DTXSID9041152,803,0.0,0.0
DTXSID9041237,803,0.0,0.0
DTXSID9041289,803,0.0,0.0
DTXSID9041362,803,0.0,0.0
DTXSID9041366,803,0.0,0.0
DTXSID9041368,803,0.0,0.0
DTXSID9041441,803,0.0,0.0
DTXSID9041491,803,0.0,0.0
DTXSID9041524,803,0.0,0.0
DTXSID9041528,803,0.0,0.0
DTXSID9041607,803,0.0,0.0
DTXSID9041653,803,1.1187875024119405e-13,0.0
DTXSID9041659,803,0.0,0.0
DTXSID9041813,803,0.0,0.0
DTXSID9041815,803,0.0,0.0
DTXSID9041861,803,0.0,0.0
DTXSID9042097,803,0.0,0.0
DTXSID9042124,803,0.0,0.0
DTXSID9042170,803,0.0,0.0
DTXSID9042203,803,0.0,0.0
DTXSID9042209,803,0.0,0.0
DTXSID9042259,803,0.0,0.0
DTXSID9042338,803,5.741049429680606e-21,0.0
DTXSID9042382,803,0.0,0.0
DTXSID9042415,803,0.0,0.0
DTXSID9042465,803,0.0,0.0
DTXSID9042592,803,0.0,0.0
DTXSID9042594,803,0.0,0.0
DTXSID9043853,803,0.0,0.0
DTXSID9043938,803,0.0,0.0
DTXSID9043988,803,0.0,0.0
DTXSID9044112,803,0.0,0.0
DTXSID9044241,803,0.0,0.0
DTXSID9044247,803,0.0,0.0
DTXSID9044320,803,0.0,0.0
DTXSID9044322,803,0.0,0.0
DTXSID9044328,803,0.0,0.0
DTXSID9044370,803,0.0,0.0
DTXSID9044374,803,0.0,0.0
DTXSID9044378,803,0.0,0.0
DTXSID9044401,803,0.0,0.0
DTXSID9044405,803,0.0,0.0
DTXSID9044407,803,0.0,0.0
DTXSID9044409,803,0.0,0.0
DTXSID9044451,803,0.0,0.0
DTXSID9044455,803,0.0,0.0
DTXSID9044457,803,0.0,0.0
DTXSID9044459,803,0.0,0.0
DTXSID9044532,803,0.0,0.0
DTXSID9044534,803,0.0,0.0
DTXSID9044536,803,0.0,0.0
DTXSID9044538,803,0.0,0.0
DTXSID9044580,803,0.0,0.0
DTXSID9044582,803,0.0,0.0
DTXSID9044584,803,0.0,0.0
DTXSID9044588,803,0.0,0.0
DTXSID9044613,803,0.0,0.0
DTXSID9044615,803,0.0,0.0
DTXSID9044617,803,0.0,0.0
DTXSID9044619,803,0.0,0.0
DTXSID9044663,803,0.0,0.0
DTXSID9044667,803,0.0,0.0
DTXSID9044740,803,0.0,0.0
DTXSID9044742,803,0.0,0.0
DTXSID9044744,803,0.0,0.0
DTXSID9044746,803,0.0,0.0
DTXSID9044748,803,0.0,0.0
DTXSID9044790,803,0.0,0.0
DTXSID9044794,803,0.0,0.0
DTXSID9044796,803,0.0,0.0
DTXSID9044798,803,0.0,0.0
DTXSID9044821,803,0.0,0.0
DTXSID9044823,803,0.0,0.0
DTXSID9044825,803,0.0,0.0
DTXSID9044827,803,0.0,0.0
DTXSID9044829,803,0.0,0.0
DTXSID9044871,803,0.0,0.0
DTXSID9044873,803,0.0,0.0
DTXSID9044875,803,0.0,0.0
DTXSID9044877,803,0.0,0.0
DTXSID9044879,803,0.0,0.0
DTXSID9044900,803,0.0,0.0
DTXSID9044902,803,0.0,0.0
DTXSID9044904,803,0.0,0.0
DTXSID9044908,803,0.0,0.0
DTXSID9044950,803,0.0,0.0
DTXSID9044958,803,0.0,0.0
DTXSID9045003,803,0.0,0.0
DTXSID9045005,803,0.0,0.0
DTXSID9045007,803,0.0,0.0
DTXSID9045053,803,0.0,0.0
DTXSID9045132,803,0.0,0.0
DTXSID9045136,803,0.0,0.0
DTXSID9045138,803,0.0,0.0
DTXSID9045180,803,0.0,0.0
DTXSID9045182,803,0.0,0.0
DTXSID9045184,803,0.0,0.0
DTXSID9045186,803,0.0,0.0
DTXSID9045188,803,0.0,0.0
DTXSID9045215,803,0.0,0.0
DTXSID9045217,803,0.0,0.0
DTXSID9045265,803,0.0,0.0
DTXSID9045267,803,0.0,0.0
DTXSID9045342,803,0.0,0.0
DTXSID9045344,803,0.0,0.0
DTXSID9045346,803,0.0,0.0
DTXSID9045348,803,0.0,0.0
DTXSID9045390,803,0.0,0.0
DTXSID9045392,803,0.0,0.0
DTXSID9045394,803,0.0,0.0
DTXSID9045398,803,0.0,0.0
DTXSID9045425,803,0.0,0.0
DTXSID9045429,803,0.0,0.0
DTXSID9045479,803,0.0,0.0
DTXSID9045500,803,0.0,0.0
DTXSID9045502,803,0.0,0.0
DTXSID9045506,803,0.0,0.0
DTXSID9045508,803,0.0,0.0
DTXSID9045550,803,0.0,0.0
DTXSID9045552,803,0.0,0.0
DTXSID9045556,803,0.0,0.0
DTXSID9045558,803,0.0,0.0
DTXSID9045631,803,0.0,0.0
DTXSID9045633,803,0.0,0.0
DTXSID9045635,803,0.0,0.0
DTXSID9045637,803,0.0,0.0
DTXSID9045639,803,0.0,0.0
DTXSID9045683,803,0.0,0.0
DTXSID9045685,803,0.0,0.0
DTXSID9045687,803,0.0,0.0
DTXSID9045689,803,0.0,0.0
DTXSID9045710,803,0.0,0.0
DTXSID9045762,803,0.0,0.0
DTXSID9045764,803,0.0,0.0
DTXSID9045766,803,0.0,0.0
DTXSID9045768,803,0.0,0.0
DTXSID9045843,803,0.0,0.0
DTXSID9045845,803,0.0,0.0
DTXSID9045847,803,0.0,0.0
DTXSID9045849,803,0.0,0.0
DTXSID9045891,803,0.0,0.0
DTXSID9045895,803,0.0,0.0
DTXSID9045897,803,0.0,0.0
DTXSID9045899,803,0.0,0.0
DTXSID9045922,803,0.0,0.0
DTXSID9045924,803,0.0,0.0
DTXSID9045928,803,0.0,0.0
DTXSID9045972,803,0.0,0.0
DTXSID9045976,803,0.0,0.0
DTXSID9045978,803,0.0,0.0
DTXSID9046023,803,0.0,0.0
DTXSID9046029,803,0.0,0.0
DTXSID9046071,803,0.0,0.0
DTXSID9046073,803,0.0,0.0
DTXSID9046100,803,0.0,0.0
DTXSID9046102,803,0.0,0.0
DTXSID9046104,803,0.0,0.0
DTXSID9046106,803,0.0,0.0
DTXSID9046108,803,0.0,0.0
DTXSID9046150,803,0.0,0.0
DTXSID9046152,803,0.0,0.0
DTXSID9046154,803,0.0,0.0
DTXSID9046156,803,0.0,0.0
DTXSID9046158,803,0.0,0.0
DTXSID9046231,803,0.0,0.0
DTXSID9046233,803,0.0,0.0
DTXSID9046235,803,0.0,0.0
DTXSID9046237,803,0.0,0.0
DTXSID9046239,803,0.0,0.0
DTXSID9046281,803,0.0,0.0
DTXSID9046283,803,0.0,0.0
DTXSID9046285,803,0.0,0.0
DTXSID9046287,803,0.0,0.0
DTXSID9046289,803,0.0,0.0
DTXSID9046310,803,0.0,0.0
DTXSID9046318,803,0.0,0.0
DTXSID9046360,803,0.0,0.0
DTXSID9046443,803,0.0,0.0
DTXSID9046445,803,0.0,0.0
DTXSID9046449,803,0.0,0.0
DTXSID9046491,803,0.0,0.0
DTXSID9046495,803,0.0,0.0
DTXSID9046497,803,0.0,0.0
DTXSID9046499,803,0.0,0.0
DTXSID9046520,803,0.0,0.0
DTXSID9046524,803,0.0,0.0
DTXSID9046526,803,0.0,0.0
DTXSID9046528,803,0.0,0.0
DTXSID9046570,803,0.0,0.0
DTXSID9046572,803,0.0,0.0
DTXSID9046574,803,0.0,0.0
DTXSID9046576,803,0.0,0.0
DTXSID9046578,803,0.0,0.0
DTXSID9046601,803,0.0,0.0
DTXSID9046603,803,0.0,0.0
DTXSID9046605,803,0.0,0.0
DTXSID9046607,803,0.0,0.0
DTXSID9046609,803,0.0,0.0
DTXSID9046651,803,0.0,0.0
DTXSID9046653,803,0.0,0.0
DTXSID9046657,803,0.0,0.0
DTXSID9046659,803,0.0,0.0
DTXSID9046730,803,0.0,0.0
DTXSID9046732,803,0.0,0.0
DTXSID9046734,803,0.0,0.0
DTXSID9046736,803,0.0,0.0
DTXSID9046738,803,0.0,0.0
DTXSID9046780,803,0.0,0.0
DTXSID9046782,803,0.0,0.0
DTXSID9046784,803,0.0,0.0
DTXSID9046786,803,0.0,0.0
DTXSID9046788,803,0.0,0.0
DTXSID9046813,803,0.0,0.0
DTXSID9046815,803,0.0,0.0
DTXSID9046817,803,0.0,0.0
DTXSID9046819,803,0.0,0.0
DTXSID9046861,803,0.0,0.0
DTXSID9046863,803,0.0,0.0
DTXSID9046865,803,0.0,0.0
DTXSID9046867,803,0.0,0.0
DTXSID9046869,803,0.0,0.0
DTXSID9046942,803,0.0,0.0
DTXSID9046946,803,0.0,0.0
DTXSID9046992,803,0.0,0.0
DTXSID9046994,803,0.0,0.0
DTXSID9046998,803,0.0,0.0
DTXSID9047041,803,0.0,0.0
DTXSID9047043,803,0.0,0.0
DTXSID9047045,803,0.0,0.0
DTXSID9047091,803,0.0,0.0
DTXSID9047093,803,0.0,0.0
DTXSID9047095,803,0.0,0.0
DTXSID9047099,803,0.0,0.0
DTXSID9047120,803,0.0,0.0
DTXSID9047124,803,0.0,0.0
DTXSID9047126,803,0.0,0.0
DTXSID9047128,803,0.0,0.0
DTXSID9047174,803,0.0,0.0
DTXSID9047176,803,0.0,0.0
DTXSID9047178,803,0.0,0.0
DTXSID9047201,803,0.0,0.0
DTXSID9047203,803,0.0,0.0
DTXSID9047205,803,0.0,0.0
DTXSID9047251,803,0.0,0.0
DTXSID9047253,803,0.0,0.0
DTXSID9047255,803,0.0,0.0
DTXSID9047257,803,0.0,0.0
DTXSID9047259,803,0.0,0.0
DTXSID9047330,803,0.0,0.0
DTXSID9047334,803,0.0,0.0
DTXSID9047338,803,0.0,0.0
DTXSID9047411,803,0.0,0.0
DTXSID9047413,803,0.0,0.0
DTXSID9047415,803,0.0,0.0
DTXSID9047417,803,0.0,0.0
DTXSID9047419,803,0.0,0.0
DTXSID9047461,803,1.889753164130248e-20,0.0
DTXSID9047463,803,0.0,0.0
DTXSID9047465,803,0.0,0.0
DTXSID9047467,803,0.0,0.0
DTXSID9047469,803,0.0,0.0
DTXSID9047540,803,0.0,0.0
DTXSID9047542,803,0.0,0.0
DTXSID9047548,803,0.0,0.0
DTXSID9047590,803,0.0,0.0
DTXSID9047592,803,0.0,0.0
DTXSID9047594,803,0.0,0.0
DTXSID9047598,803,0.0,0.0
DTXSID9047623,803,0.0,0.0
DTXSID9047629,803,0.0,0.0
DTXSID9047673,803,0.0,0.0
DTXSID9047675,803,0.0,0.0
DTXSID9047677,803,0.0,0.0
DTXSID9047679,803,0.0,0.0
DTXSID9047700,803,0.0,0.0
DTXSID9047702,803,0.0,0.0
DTXSID9047704,803,0.0,0.0
DTXSID9047706,803,0.0,0.0
DTXSID9047708,803,0.0,0.0
DTXSID9047831,803,0.0,0.0
DTXSID9047833,803,0.0,0.0
DTXSID9047835,803,0.0,0.0
DTXSID9047837,803,0.0,0.0
DTXSID9047839,803,0.0,0.0
DTXSID9047881,803,0.0,0.0
DTXSID9047883,803,0.0,0.0
DTXSID9047885,803,0.0,0.0
DTXSID9047887,803,0.0,0.0
DTXSID9047889,803,0.0,0.0
DTXSID9047910,803,0.0,0.0
DTXSID9047912,803,0.0,0.0
DTXSID9047914,803,0.0,0.0
DTXSID9047916,803,0.0,0.0
DTXSID9047918,803,0.0,0.0
DTXSID9047960,803,0.0,0.0
DTXSID9047962,803,0.0,0.0
DTXSID9047964,803,0.0,0.0
DTXSID9047966,803,0.0,0.0
DTXSID9047968,803,0.0,0.0
DTXSID9048190,803,0.0,0.0
DTXSID9048192,803,0.0,0.0
DTXSID9048194,803,0.0,0.0
DTXSID9048196,803,0.0,0.0
DTXSID9048198,803,0.0,0.0
DTXSID9048271,803,0.0,0.0
DTXSID9048510,803,0.0,0.0
DTXSID9048512,803,0.0,0.0
DTXSID9048514,803,0.0,0.0
DTXSID9048516,803,0.0,0.0
DTXSID9048518,803,0.0,0.0
DTXSID9048641,803,0.0,0.0
DTXSID9048643,803,0.0,0.0
DTXSID9048645,803,0.0,0.0
DTXSID9048647,803,0.0,0.0
DTXSID9048649,803,0.0,0.0
DTXSID9048691,803,0.0,0.0
DTXSID9048693,803,0.0,0.0
DTXSID9048695,803,0.0,0.0
DTXSID9048697,803,0.0,0.0
DTXSID9048699,803,0.0,0.0
DTXSID9048720,803,0.0,0.0
DTXSID9048722,803,0.0,0.0
DTXSID9048724,803,0.0,0.0
DTXSID9048726,803,0.0,0.0
DTXSID9048728,803,0.0,0.0
DTXSID9048772,803,0.0,0.0
DTXSID9048774,803,0.0,0.0
DTXSID9048776,803,0.0,0.0
DTXSID9048778,803,0.0,0.0
DTXSID9048801,803,0.0,0.0
DTXSID9048803,803,0.0,0.0
DTXSID9048805,803,0.0,0.0
DTXSID9048807,803,0.0,0.0
DTXSID9048809,803,0.0,0.0
DTXSID9048851,803,0.0,0.0
DTXSID9048853,803,0.0,0.0
DTXSID9048855,803,0.0,0.0
DTXSID9048857,803,0.0,0.0
DTXSID9048859,803,0.0,0.0
DTXSID9048930,803,0.0,0.0
DTXSID9048932,803,0.0,0.0
DTXSID9048934,803,0.0,0.0
DTXSID9048936,803,0.0,0.0
DTXSID9048938,803,0.0,0.0
DTXSID9048980,803,0.0,0.0
DTXSID9048982,803,0.0,0.0
DTXSID9048984,803,0.0,0.0
DTXSID9048986,803,0.0,0.0
DTXSID9048988,803,0.0,0.0
DTXSID9049031,803,0.0,0.0
DTXSID9049033,803,0.0,0.0
DTXSID9049035,803,0.0,0.0
DTXSID9049037,803,0.0,0.0
DTXSID9049039,803,0.0,0.0
DTXSID9049083,803,0.0,0.0
DTXSID9049241,803,0.0,0.0
DTXSID9049243,803,0.0,0.0
DTXSID9049245,803,0.0,0.0
DTXSID9049247,803,0.0,0.0
DTXSID9049249,803,0.0,0.0
DTXSID9049291,803,0.0,0.0
DTXSID9049293,803,0.0,0.0
DTXSID9049295,803,0.0,0.0
DTXSID9049297,803,0.0,0.0
DTXSID9049299,803,0.0,0.0
DTXSID9049320,803,0.0,0.0
DTXSID9049322,803,0.0,0.0
DTXSID9049324,803,0.0,0.0
DTXSID9049326,803,0.0,0.0
DTXSID9049328,803,0.0,0.0
DTXSID9049370,803,0.0,0.0
DTXSID9049372,803,0.0,0.0
DTXSID9049374,803,0.0,0.0
DTXSID9049376,803,0.0,0.0
DTXSID9049378,803,0.0,0.0
DTXSID9049401,803,0.0,0.0
DTXSID9049403,803,0.0,0.0
DTXSID9049405,803,0.0,0.0
DTXSID9049407,803,0.0,0.0
DTXSID9049409,803,0.0,0.0
DTXSID9049451,803,0.0,0.0
DTXSID9049453,803,0.0,0.0
DTXSID9049455,803,0.0,0.0
DTXSID9049457,803,0.0,0.0
DTXSID9049459,803,0.0,0.0
DTXSID9049530,803,0.0,0.0
DTXSID9049532,803,0.0,0.0
DTXSID9049534,803,0.0,0.0
DTXSID9049536,803,0.0,0.0
DTXSID9049538,803,0.0,0.0
