dtxsid,aeid,hitc_clean,active
DTXSID001339559,75,4.548113775800614e-13,0
DTXSID001351795,75,0.9999999999991966,1
DTXSID001351802,75,1.0,1
DTXSID00190950,75,0.0022353364476703666,0
DTXSID00192353,75,5.8595991614266425e-06,0
DTXSID00194615,75,0.9999999999999871,1
DTXSID0020020,75,0.0013638746551768535,0
DTXSID0020022,75,0.04260517518976329,0
DTXSID0020072,75,0.9999962228543438,1
DTXSID0020076,75,5.217466002050051e-07,0
DTXSID0020105,75,6.742922440803791e-05,0
DTXSID0020107,75,0.9999762853348797,1
DTXSID0020151,75,1.9507499053990392e-06,0
DTXSID0020232,75,0.00469254858668532,0
DTXSID0020236,75,6.654676846671015e-09,0
DTXSID0020280,75,0.0,0
DTXSID0020282,75,7.45703739909648e-07,0
DTXSID0020284,75,0.9722145675697293,1
DTXSID0020286,75,3.267053120664881e-05,0
DTXSID0020288,75,3.6989811449037626e-07,0
DTXSID0020311,75,3.629657472820979e-07,0
DTXSID0020319,75,5.780502095222951e-06,0
DTXSID0020361,75,0.0,0
DTXSID0020365,75,1.3941671707189449e-05,0
DTXSID0020440,75,0.155682520941467,0
DTXSID0020442,75,2.618011442775481e-16,0
DTXSID0020446,75,6.709058779239599e-10,0
DTXSID0020494,75,5.8649265497867616e-08,0
DTXSID0020498,75,6.921887085104912e-10,0
DTXSID0020523,75,1.3498969277415088e-07,0
DTXSID0020529,75,1.4781054530367981e-06,0
DTXSID0020573,75,0.999999999999728,1
DTXSID0020575,75,6.576425670392971e-11,0
DTXSID0020577,75,0.0,0
DTXSID0020604,75,2.2941694330878824e-18,0
DTXSID0020606,75,8.542982565987853e-08,0
DTXSID0020652,75,0.9999995472997325,1
DTXSID0020654,75,0.00021475582330467214,0
DTXSID0020656,75,0.0,0
DTXSID0020737,75,2.224210915274077e-13,0
DTXSID0020814,75,1.0,1
DTXSID0020941,75,4.706072610559565e-14,0
DTXSID0020943,75,3.0147559840814894e-15,0
DTXSID0021040,75,0.0,0
DTXSID0021094,75,0.9999998592382325,1
DTXSID0021121,75,1.1343757711182571e-09,0
DTXSID0021123,75,4.033977170777203e-09,0
DTXSID0021125,75,0.9999999976726548,1
DTXSID0021175,75,0.0,0
DTXSID0021206,75,5.3599369166652174e-14,0
DTXSID0021254,75,2.673389279041503e-07,0
DTXSID0021256,75,0.0,0
DTXSID0021331,75,0.0,0
DTXSID0021333,75,0.0,0
DTXSID0021337,75,1.6081589526709607e-06,0
DTXSID0021339,75,0.00014731318326472367,0
DTXSID0021385,75,3.3691922820889684e-05,0
DTXSID0021389,75,0.1014042573436512,0
DTXSID0021414,75,0.00025505361096397926,0
DTXSID0021460,75,0.9999999999981308,1
DTXSID0021464,75,0.0,0
DTXSID0021543,75,3.2737963407626446e-09,0
DTXSID0021597,75,0.9956735142028714,1
DTXSID0021626,75,0.8166310185412561,0
DTXSID0021628,75,2.69475736534516e-20,0
DTXSID0021757,75,2.9778296955336835e-09,0
DTXSID0021759,75,2.4903000218681017e-17,0
DTXSID0021832,75,0.6043450515494039,0
DTXSID0021834,75,1.3632566428137695e-10,0
DTXSID0021836,75,0.0,0
DTXSID0021888,75,0.0,0
DTXSID0021915,75,3.637290045394209e-06,0
DTXSID0021961,75,0.9999831433905232,1
DTXSID0021963,75,1.1706261339281601e-19,0
DTXSID0021965,75,1.025799995545262e-07,0
DTXSID0021969,75,4.516558754923353e-09,0
DTXSID0022012,75,2.6181562991817396e-06,0
DTXSID0022014,75,2.477976337454826e-07,0
DTXSID0022016,75,0.0,0
DTXSID0022018,75,0.9999993858793135,1
DTXSID0022062,75,0.0,0
DTXSID0022191,75,0.0,0
DTXSID0022193,75,0.0,0
DTXSID0022301,75,4.812227141129504e-13,0
DTXSID0022305,75,0.9771299311589995,1
DTXSID0022307,75,2.4734612073306398e-11,0
DTXSID0022353,75,0.999999936654228,1
DTXSID00223797,75,0.0,0
DTXSID0022436,75,0.9999097036941255,1
DTXSID0022480,75,1.731859663904652e-06,0
DTXSID0022519,75,0.006879426759561177,0
DTXSID0022563,75,0.0006550487640907719,0
DTXSID0022777,75,0.0,0
DTXSID0022933,75,0.0,0
DTXSID0023113,75,2.7005129732713156e-08,0
DTXSID0023244,75,3.555343501897746e-11,0
DTXSID0023296,75,1.044688991645977e-06,0
DTXSID0023371,75,1.4406651774629262e-11,0
DTXSID0023377,75,0.9432781756020746,1
DTXSID0023581,75,0.9999999829690027,1
DTXSID0023745,75,0.9593991224111125,1
DTXSID0023747,75,3.3121961875994852e-12,0
DTXSID0023826,75,0.0,0
DTXSID0023878,75,5.933021632406296e-05,0
DTXSID0023901,75,6.0959324015049344e-15,0
DTXSID0023907,75,0.9999998415273439,1
DTXSID0023951,75,6.195498408793946e-05,0
DTXSID0023955,75,7.279028572452853e-20,0
DTXSID0024000,75,0.0,0
DTXSID0024002,75,0.2337378002775896,0
DTXSID0024052,75,1.3684834184596048e-18,0
DTXSID0024183,75,1.838658015389097e-08,0
DTXSID0024216,75,0.025812951381365985,0
DTXSID0024266,75,0.9999972600154664,1
DTXSID0024345,75,9.373926600441508e-10,0
DTXSID0024397,75,3.475438393942783e-17,0
DTXSID0024399,75,1.5102207709576955e-11,0
DTXSID0024553,75,6.502438494805192e-06,0
DTXSID0024761,75,2.808895453786697e-16,0
DTXSID0024890,75,9.181986475926202e-16,0
DTXSID0025101,75,0.49925547712644536,0
DTXSID0025234,75,1.9816954291140016e-13,0
DTXSID0025361,75,1.3403839122973684e-10,0
DTXSID0025363,75,3.0892381546152354e-09,0
DTXSID0025492,75,2.428315180595434e-13,0
DTXSID0025523,75,3.313028187612985e-16,0
DTXSID0025527,75,0.9999608072546268,1
DTXSID0025571,75,0.9999999208063227,1
DTXSID0025737,75,8.198829730312775e-19,0
DTXSID0025789,75,3.4081952647937974e-06,0
DTXSID0025812,75,0.9922109227397496,1
DTXSID0025816,75,1.0299783670259037e-10,0
DTXSID0025864,75,0.00017900587067171177,0
DTXSID0025991,75,0.9999872390025363,1
DTXSID0026098,75,2.3400272844299763e-06,0
DTXSID0026171,75,1.044288251275811e-05,0
DTXSID0026252,75,0.9999999994265654,1
DTXSID0026258,75,1.6286668602193356e-06,0
DTXSID0026838,75,5.871036702309588e-14,0
DTXSID0026880,75,1.787228108495261e-05,0
DTXSID0026913,75,0.0,0
DTXSID0026915,75,8.141526016864058e-09,0
DTXSID0026967,75,9.627773119142417e-07,0
DTXSID0027014,75,2.11210037940161e-10,0
DTXSID0027191,75,1.2130713645679038e-10,0
DTXSID0027195,75,0.6787737023726591,0
DTXSID0027222,75,0.9999999973649378,1
DTXSID0027270,75,0.0,0
DTXSID0027301,75,4.4939102513079034e-15,0
DTXSID0027432,75,4.280777028051166e-08,0
DTXSID0027438,75,0.0,0
DTXSID0027561,75,3.9150295443761166e-10,0
DTXSID0027640,75,0.0,0
DTXSID0027721,75,8.235551628698445e-09,0
DTXSID0027729,75,9.512574682180102e-08,0
DTXSID0027771,75,1.0734657705212277e-10,0
DTXSID0027773,75,0.00019921571686624462,0
DTXSID0027806,75,1.997992371656863e-15,0
DTXSID0027852,75,0.0,0
DTXSID0027856,75,1.0754450611501578e-06,0
DTXSID0027981,75,4.2102783100106103e-19,0
DTXSID0027983,75,0.0,0
DTXSID0028038,75,8.273519384162127e-08,0
DTXSID0028323,75,0.0,0
DTXSID0028618,75,1.2647285602001973e-08,0
DTXSID0028666,75,7.95838932748063e-07,0
DTXSID0029133,75,0.9096181119781546,1
DTXSID0029210,75,2.652604083409446e-06,0
DTXSID0029214,75,0.9999995256120793,1
DTXSID0029262,75,0.0,0
DTXSID0029559,75,0.0,0
DTXSID0029761,75,7.041475548015346e-10,0
DTXSID0029848,75,1.6444457386407305e-07,0
DTXSID0030162,75,0.9999997257684536,1
DTXSID0032029,75,8.66818098570889e-09,0
DTXSID0032314,75,0.9999997435148661,1
DTXSID0032316,75,0.9933784388119619,1
DTXSID0032493,75,0.9999999999864196,1
DTXSID0032497,75,1.0180895629061535e-05,0
DTXSID0032520,75,7.708100805648127e-06,0
DTXSID0032572,75,4.839703399186699e-05,0
DTXSID0032578,75,1.1630853267211687e-14,0
DTXSID0032601,75,0.9949808740509057,1
DTXSID0032605,75,0.3212265861353035,0
DTXSID0032651,75,1.2715013860489804e-05,0
DTXSID0032655,75,6.4803054918452e-05,0
DTXSID0034192,75,0.9999999999994912,1
DTXSID0034223,75,1.1680931183810425e-05,0
DTXSID0034227,75,1.0334579793466854e-12,0
DTXSID0034229,75,2.815087943627848e-06,0
DTXSID0034300,75,7.153238961905346e-07,0
DTXSID0034518,75,1.03382044122056e-16,0
DTXSID0034566,75,4.6934570400628444e-07,0
DTXSID0034695,75,0.9948247433972262,1
DTXSID0034722,75,4.013092914495149e-05,0
DTXSID0034776,75,0.9999999384370688,1
DTXSID0034803,75,1.5828266266827435e-08,0
DTXSID0034851,75,0.0,0
DTXSID0034855,75,0.9996041439582938,1
DTXSID0034930,75,0.9999467233788566,1
DTXSID0034936,75,9.799423027143272e-15,0
DTXSID0035160,75,0.9999946784624435,1
DTXSID0035748,75,8.680742320767389e-07,0
DTXSID0035790,75,1.7962219045093463e-08,0
DTXSID0036926,75,1.9220170673795588e-11,0
DTXSID0037495,75,0.5522032764480668,0
DTXSID0037570,75,0.16954952691988806,0
DTXSID0037730,75,0.9993010258899073,1
DTXSID0037734,75,4.709112643171739e-09,0
DTXSID00379268,75,0.0,0
DTXSID00379884,75,5.656451165876932e-10,0
DTXSID00379925,75,3.992237282455432e-14,0
DTXSID00380798,75,1.0,1
DTXSID0038700,75,1.1880166712349932e-16,0
DTXSID0038756,75,3.231142095251704e-12,0
DTXSID0038839,75,1.3422436463398688e-11,0
DTXSID0038881,75,0.9999916223958675,1
DTXSID0038887,75,0.8047950160922765,0
DTXSID0039223,75,3.357095109170587e-05,0
DTXSID0040127,75,3.25893513534482e-11,0
DTXSID0040674,75,1.0,1
DTXSID0040701,75,1.263280297025861e-10,0
DTXSID0040703,75,0.9488685234011303,1
DTXSID0040707,75,0.9999999999071417,1
DTXSID0040751,75,0.00043518466873324513,0
DTXSID0040755,75,0.009958813595812754,0
DTXSID0041141,75,0.0,0
DTXSID0041197,75,1.2388043593204e-10,0
DTXSID0041220,75,3.775965599358453e-09,0
DTXSID0041224,75,1.086927562706317e-08,0
DTXSID0041270,75,0.0001251810873981339,0
DTXSID0041274,75,1.4030403173763417e-05,0
DTXSID0041357,75,0.00018009247902700626,0
DTXSID0041359,75,0.9999473466649655,1
DTXSID0041436,75,1.8355212473517827e-16,0
DTXSID0041484,75,1.9183774170952807e-05,0
DTXSID0041513,75,1.7720790048448547e-15,0
DTXSID0041517,75,5.5368442842751446e-09,0
DTXSID0041519,75,1.9329803296938605e-13,0
DTXSID0041567,75,0.00013177335203320737,0
DTXSID0041646,75,1.1112400934910863e-08,0
DTXSID0041692,75,6.114163642305788e-09,0
DTXSID0041721,75,2.2364612820255832e-10,0
DTXSID0041981,75,1.2373703608979191e-15,0
DTXSID0041983,75,3.567887061997843e-13,0
DTXSID0041985,75,0.0,0
DTXSID0042038,75,1.7906890801831267e-06,0
DTXSID0042086,75,7.476954078303495e-06,0
DTXSID0042167,75,5.263804770461496e-10,0
DTXSID0042169,75,1.1385110724776423e-08,0
DTXSID0042242,75,2.6120103503430803e-09,0
DTXSID0042248,75,1.4381476282953074e-05,0
DTXSID0042325,75,5.143279932325376e-10,0
DTXSID0042327,75,2.5326265770919023e-14,0
DTXSID0042379,75,3.8132295782413757e-06,0
DTXSID0042400,75,1.4803536665679703e-20,0
DTXSID0042406,75,0.0,0
DTXSID0042454,75,1.4640263919109077e-07,0
DTXSID0043765,75,0.0,0
DTXSID0044236,75,0.0,0
DTXSID00442840,75,3.643511330566932e-10,0
DTXSID0044315,75,0.0,0
DTXSID0044317,75,0.0,0
DTXSID0044361,75,2.4034271599627925e-07,0
DTXSID0044363,75,2.0645595096701608e-18,0
DTXSID0044365,75,1.7370557796982825e-07,0
DTXSID0044367,75,1.5335349196972104e-05,0
DTXSID0044369,75,3.474243002226629e-08,0
DTXSID0044440,75,0.16739359730294673,0
DTXSID0044446,75,3.3127949768690354e-14,0
DTXSID0044490,75,0.0,0
DTXSID0044494,75,0.01808304216014112,0
DTXSID0044496,75,0.0,0
DTXSID0044498,75,0.0,0
DTXSID0044527,75,1.3388930819415573e-10,0
DTXSID0044571,75,0.995147641833631,1
DTXSID0044573,75,2.937874676478758e-13,0
DTXSID0044575,75,1.0343391636246335e-11,0
DTXSID0044577,75,3.1621305197765113e-11,0
DTXSID0044604,75,8.74001169307376e-06,0
DTXSID0044658,75,0.9999962313788865,1
DTXSID0044781,75,0.0,0
DTXSID0044810,75,0.0,0
DTXSID0044812,75,0.0,0
DTXSID0044816,75,5.666584815150277e-07,0
DTXSID0044818,75,0.00039026139823499596,0
DTXSID0044860,75,4.054025593270211e-14,0
DTXSID0044862,75,0.999999999973928,1
DTXSID0044868,75,0.0,0
DTXSID0044993,75,0.9999999933127179,1
DTXSID0044997,75,1.3879389913445889e-06,0
DTXSID0044999,75,0.0,0
DTXSID0045254,75,1.0,1
DTXSID0046488,75,0.0,0
DTXSID0046567,75,2.703551631835651e-07,0
DTXSID0047032,75,0.9875342037808148,1
DTXSID0047034,75,0.0,0
DTXSID0047038,75,4.3108873751802806e-10,0
DTXSID0047080,75,0.0,0
DTXSID0047082,75,2.1421255134210486e-09,0
DTXSID0047084,75,9.228086524904504e-07,0
DTXSID0047086,75,0.638097035301671,0
DTXSID0047088,75,2.6704805217808876e-19,0
DTXSID0047111,75,0.009147729370019245,0
DTXSID0047113,75,0.0,0
DTXSID0047115,75,2.1438758388114736e-17,0
DTXSID0047117,75,2.2113639504928483e-13,0
DTXSID0047161,75,1.6434021189229733e-09,0
DTXSID0047163,75,2.251149863486109e-05,0
DTXSID0047165,75,4.539979964428009e-08,0
DTXSID0047167,75,4.742788906250503e-07,0
DTXSID0047169,75,0.966998376647392,1
DTXSID0047246,75,9.279634137664711e-08,0
DTXSID0047248,75,0.7954541582922826,0
DTXSID0047290,75,4.1728447789003313e-07,0
DTXSID0047292,75,0.0,0
DTXSID0047294,75,1.3236779588066828e-06,0
DTXSID0047296,75,1.5986821264840347e-13,0
DTXSID0047325,75,5.883106998979516e-13,0
DTXSID0047327,75,0.9999984899389285,1
DTXSID0047371,75,0.9624739754858224,1
DTXSID0047375,75,0.00023949224536205446,0
DTXSID0047377,75,0.9969883228227507,1
DTXSID0047379,75,3.390831488909033e-05,0
DTXSID0047400,75,0.0,0
DTXSID0047406,75,0.0,0
DTXSID0047408,75,1.5658090838493413e-09,0
DTXSID0047454,75,1.081687358541899e-09,0
DTXSID0047456,75,0.0,0
DTXSID0047533,75,4.1506015642160495e-15,0
DTXSID0047535,75,5.656221888569277e-16,0
DTXSID0047537,75,1.3572415229606893e-06,0
DTXSID0047539,75,0.00012127550730890844,0
DTXSID0047581,75,1.5855297056859894e-19,0
DTXSID0047583,75,1.7840278067753802e-13,0
DTXSID0047585,75,5.499256965030818e-09,0
DTXSID0047587,75,3.329003434295337e-07,0
DTXSID0047589,75,1.0027174420411036e-08,0
DTXSID0047610,75,0.9999999987353796,1
DTXSID0047614,75,0.000659784241604115,0
DTXSID0047618,75,6.717315823317779e-21,0
DTXSID0047741,75,0.9977141071467165,1
DTXSID0047749,75,1.2735480715308493e-06,0
DTXSID0047957,75,0.9999999988160251,1
DTXSID0048181,75,0.9929462784369547,1
DTXSID0048183,75,2.9646721731511795e-09,0
DTXSID0048185,75,0.9485826786181608,1
DTXSID0048187,75,0.10091246376894289,0
DTXSID0048189,75,0.00026374916552207215,0
DTXSID0048210,75,1.7722461355488182e-09,0
DTXSID0048505,75,1.794741911599976e-05,0
DTXSID0048507,75,8.239746944136309e-11,0
DTXSID0048509,75,0.9995830992770771,1
DTXSID0051447,75,1.777183555375437e-21,0
DTXSID0051493,75,4.3950115899579627e-16,0
DTXSID0051497,75,4.4490852538279765e-06,0
DTXSID0051499,75,2.524494255466606e-05,0
DTXSID0051570,75,1.218238395216877e-07,0
DTXSID0051574,75,1.0269152466803395e-16,0
DTXSID0051732,75,0.9999653718523124,1
DTXSID0051736,75,2.524961269979349e-19,0
DTXSID0051738,75,1.4133672976881385e-13,0
DTXSID0051782,75,1.5264547714695186e-16,0
DTXSID0051863,75,5.232557566727933e-19,0
DTXSID0051944,75,4.31999718601363e-09,0
DTXSID0051996,75,0.9999824635365971,1
DTXSID0052043,75,0.0002519191860868343,0
DTXSID0052124,75,1.7696623707128233e-08,0
DTXSID0052463,75,2.831997882702389e-05,0
DTXSID0052542,75,8.523222095256142e-18,0
DTXSID0052590,75,2.6186816671302933e-05,0
DTXSID0052594,75,0.0,0
DTXSID0052596,75,0.0,0
DTXSID0052598,75,0.9999997711259917,1
DTXSID0052621,75,7.659374692972435e-10,0
DTXSID0052629,75,0.0,0
DTXSID0052833,75,2.488688722143278e-12,0
DTXSID0052837,75,4.32433893458001e-08,0
DTXSID0052839,75,7.41974014007488e-11,0
DTXSID0052910,75,0.9999999999999988,1
DTXSID0052912,75,0.9993572116427004,1
DTXSID0057910,75,0.9999988760926097,1
DTXSID0057912,75,0.9979433985019551,1
DTXSID0057914,75,0.9999991524656935,1
DTXSID0057916,75,0.9999999999999156,1
DTXSID0059794,75,0.0,0
DTXSID0059829,75,0.9993392859980391,1
DTXSID0059871,75,1.846302070068455e-11,0
DTXSID0059879,75,1.239094820981516e-08,0
DTXSID0060985,75,2.7118404642835975e-13,0
DTXSID0061826,75,2.6955471713742563e-10,0
DTXSID0073118,75,4.193569209953299e-16,0
DTXSID0074059,75,0.0,0
DTXSID00858881,75,0.8076997155609845,0
DTXSID00858886,75,0.2058273273051842,0
DTXSID00858902,75,0.9999427393384035,1
DTXSID00858907,75,0.9999979981076127,1
DTXSID00858922,75,0.9999999875675228,1
DTXSID00872663,75,5.288133816416267e-07,0
DTXSID00872709,75,1.2382673898544475e-09,0
DTXSID00872724,75,7.03582084582322e-14,0
DTXSID00872729,75,1.5836913902147757e-08,0
DTXSID00872744,75,4.277092180471347e-06,0
DTXSID00872749,75,0.9999999858032297,1
DTXSID00892442,75,0.46721975638198293,0
DTXSID00903825,75,0.9865388850062382,1
DTXSID00903840,75,0.478971102536197,0
DTXSID00903845,75,0.9999996784352551,1
DTXSID00903860,75,0.0,0
DTXSID00903865,75,0.0,0
DTXSID00903880,75,0.0,0
DTXSID00903885,75,0.0,0
DTXSID101351786,75,0.999986482264174,1
DTXSID101351798,75,0.9999999999999266,1
DTXSID101351805,75,0.0,0
DTXSID10190946,75,2.0605605513212979e-10,0
DTXSID1020063,75,0.0,0
DTXSID1020069,75,0.9999999857498383,1
DTXSID1020140,75,0.0,0
DTXSID1020142,75,6.70427372458705e-15,0
DTXSID1020144,75,3.806620294901467e-05,0
DTXSID1020148,75,0.9999999860853497,1
DTXSID1020190,75,0.02620309025707163,0
DTXSID1020194,75,1.1963004291001937e-09,0
DTXSID1020221,75,0.9999950839350019,1
DTXSID1020223,75,4.446891080339236e-21,0
DTXSID1020308,75,4.257239289266655e-06,0
DTXSID1020350,75,1.3238582098824147e-15,0
DTXSID1020352,75,0.9999998515716356,1
DTXSID1020354,75,0.0,0
DTXSID1020431,75,1.7550027505646218e-08,0
DTXSID1020433,75,0.9999999523292178,1
DTXSID1020439,75,0.9999977941826494,1
DTXSID1020485,75,4.083511691877671e-12,0
DTXSID1020510,75,0.9999995821226969,1
DTXSID1020512,75,0.0,0
DTXSID1020516,75,3.7792878114118255e-08,0
DTXSID1020560,75,0.9975377140472983,1
DTXSID1020647,75,1.5189414393495764e-08,0
DTXSID1020697,75,4.441020156812288e-20,0
DTXSID1020699,75,0.9999568816786087,1
DTXSID1020728,75,0.9891702620976528,1
DTXSID1020770,75,0.9999999999932714,1
DTXSID1020778,75,1.7219577795514962e-06,0
DTXSID1020803,75,2.5652377657578384e-11,0
DTXSID1020805,75,9.210144286943743e-12,0
DTXSID1020807,75,0.9999986688668372,1
DTXSID1020855,75,2.1467878607819816e-09,0
DTXSID1020930,75,0.9999997448280519,1
DTXSID1020932,75,3.1803020349048882e-09,0
DTXSID1020980,75,1.3758658008789854e-06,0
DTXSID1021031,75,2.2462936984705014e-08,0
DTXSID1021039,75,8.550689285189626e-06,0
DTXSID1021081,75,0.9999999936775298,1
DTXSID1021087,75,0.0006726493373621879,0
DTXSID1021116,75,8.494508814808932e-15,0
DTXSID1021118,75,0.7834481371864527,0
DTXSID1021160,75,0.0012639786869201738,0
DTXSID1021164,75,8.017210067583392e-08,0
DTXSID1021166,75,0.9999398180682652,1
DTXSID1021241,75,7.44900234182653e-05,0
DTXSID1021243,75,0.000486091237561319,0
DTXSID1021247,75,2.657448623582751e-09,0
DTXSID1021299,75,2.1503910059294926e-12,0
DTXSID1021322,75,0.0,0
DTXSID1021328,75,9.502632844199683e-07,0
DTXSID1021372,75,2.4254387726772223e-08,0
DTXSID1021378,75,7.746262631297704e-05,0
DTXSID1021403,75,2.155618846590967e-12,0
DTXSID1021405,75,0.9991014368058893,1
DTXSID1021409,75,0.0,0
DTXSID1021455,75,2.746278542078746e-09,0
DTXSID1021586,75,1.7892620759877167e-07,0
DTXSID1021617,75,2.544837335600629e-21,0
DTXSID1021740,75,5.89275487824482e-18,0
DTXSID1021790,75,0.0,0
DTXSID1021792,75,0.9168660870685374,1
DTXSID1021798,75,0.0,0
DTXSID1021821,75,2.1154577133293797e-07,0
DTXSID1021871,75,0.9999965985580397,1
DTXSID1021877,75,1.3961932755588528e-19,0
DTXSID1021904,75,0.17945543751923318,0
DTXSID1021952,75,0.9721054816191312,1
DTXSID1021956,75,4.0631997997483547e-08,0
DTXSID1022001,75,8.800072035814861e-06,0
DTXSID1022003,75,0.0,0
DTXSID1022009,75,3.834500128373687e-05,0
DTXSID1022051,75,7.485668823323399e-17,0
DTXSID1022053,75,0.00020379267658160655,0
DTXSID1022055,75,4.096874097519097e-17,0
DTXSID1022138,75,2.694389307820508e-08,0
DTXSID1022180,75,7.682148515971929e-07,0
DTXSID1022188,75,0.0,0
DTXSID1022217,75,0.9935851129151575,1
DTXSID1022265,75,2.0589826483548716e-05,0
DTXSID1022267,75,1.0282233173138005e-14,0
DTXSID1022394,75,0.9999999999826368,1
DTXSID1022396,75,0.99999574960975,1
DTXSID1022421,75,6.668575768191346e-05,0
DTXSID10224331,75,2.021888284648905e-15,0
DTXSID1022479,75,7.421518595625584e-12,0
DTXSID1022508,75,0.9999999999988687,1
DTXSID1023235,75,4.7100654303539183e-07,0
DTXSID1023815,75,2.024324941173953e-09,0
DTXSID1023817,75,1.5602884961851925e-05,0
DTXSID1023819,75,2.7464145946769696e-10,0
DTXSID1023869,75,4.296586249152233e-08,0
DTXSID1023990,75,0.6924078726319159,0
DTXSID1023996,75,1.3478617269858787e-07,0
DTXSID1023998,75,0.9998326765724994,1
DTXSID1024045,75,1.3236271433816244e-18,0
DTXSID1024049,75,0.8968528482934303,0
DTXSID1024091,75,9.013967189566704e-07,0
DTXSID1024097,75,0.9847391209821117,1
DTXSID1024124,75,0.9999999965661821,1
DTXSID1024126,75,0.0006998748086593857,0
DTXSID1024170,75,4.380583121530348e-09,0
DTXSID1024174,75,0.9997577677741419,1
DTXSID1024176,75,0.0,0
DTXSID1024209,75,1.1417898832755832e-12,0
DTXSID1024255,75,3.411079073939663e-07,0
DTXSID1024259,75,0.5695877953499456,0
DTXSID1024338,75,0.002561406980231177,0
DTXSID1024465,75,0.9111896397608749,1
DTXSID1024598,75,0.9999643052967551,1
DTXSID1024621,75,9.521388249419068e-15,0
DTXSID1024629,75,1.0256551176889172e-05,0
DTXSID1024704,75,1.103224515960319e-06,0
DTXSID1024837,75,2.509524025981266e-10,0
DTXSID1024916,75,4.2838503023408445e-08,0
DTXSID1024918,75,3.850811240014621e-06,0
DTXSID1024966,75,3.109285887350042e-12,0
DTXSID1025017,75,0.9999998514459989,1
DTXSID1025148,75,1.3042678233975705e-07,0
DTXSID1025221,75,8.309359494524381e-07,0
DTXSID1025271,75,5.635341237940654e-06,0
DTXSID1025279,75,4.5067856292425256e-13,0
DTXSID1025300,75,0.9999999328571657,1
DTXSID1025306,75,2.547176896412305e-11,0
DTXSID1025433,75,7.728017054247997e-20,0
DTXSID1025485,75,7.665964981090248e-07,0
DTXSID1025512,75,9.295568125732156e-10,0
DTXSID1025560,75,0.2111103744348189,0
DTXSID1025726,75,0.11439926147259528,0
DTXSID1025805,75,2.5652224503774507e-19,0
DTXSID1025809,75,4.0666834846485874e-05,0
DTXSID1025857,75,0.0,0
DTXSID1025930,75,0.0006927522618063138,0
DTXSID1026031,75,1.8336954416534035e-14,0
DTXSID1026033,75,7.853748382397219e-05,0
DTXSID1026035,75,0.9004393637607916,1
DTXSID1026081,75,0.8395638319502182,0
DTXSID1026118,75,9.835259234700095e-08,0
DTXSID1026164,75,5.0612770668270264e-21,0
DTXSID1026241,75,0.999999999172964,1
DTXSID1026293,75,1.7415897953584081e-06,0
DTXSID1026457,75,0.0,0
DTXSID1026536,75,1.84789989995699e-12,0
DTXSID1026615,75,8.367378927692342e-09,0
DTXSID1026665,75,3.6821776545457552e-09,0
DTXSID1026792,75,3.7090835695921654e-09,0
DTXSID1026879,75,2.164906542828289e-12,0
DTXSID1026900,75,4.169066787403622e-08,0
DTXSID1026902,75,1.1447006554704023e-18,0
DTXSID1026904,75,4.493687469866069e-08,0
DTXSID1026906,75,0.0,0
DTXSID1026908,75,0.002725868705758747,0
DTXSID1027134,75,6.19495399670269e-17,0
DTXSID1027184,75,1.8357745721791548e-12,0
DTXSID1027211,75,1.061579341045521e-08,0
DTXSID1027263,75,6.315395231444831e-08,0
DTXSID1027267,75,3.1761994738753384e-09,0
DTXSID1027342,75,0.9999901200762317,1
DTXSID1027344,75,0.0,0
DTXSID1027346,75,1.419272749363839e-11,0
DTXSID1027390,75,7.518003316411371e-15,0
DTXSID1027429,75,0.995734187563607,1
DTXSID1027479,75,0.999999253905994,1
DTXSID1027500,75,0.0,0
DTXSID1027502,75,0.0,0
DTXSID1027504,75,0.0004090201160568067,0
DTXSID1027550,75,2.160825474623236e-08,0
DTXSID1027556,75,0.0,0
DTXSID1027558,75,2.7666754741240552e-12,0
DTXSID1027633,75,0.9999999971467606,1
DTXSID1027635,75,0.9999653221081861,1
DTXSID1027841,75,1.34689250487881e-12,0
DTXSID1027891,75,0.010043054410114709,0
DTXSID1027899,75,1.6944029008081181e-13,0
DTXSID1027920,75,6.321863673727494e-08,0
DTXSID1027924,75,0.0,0
DTXSID1027926,75,0.9999999999936499,1
DTXSID1027928,75,0.0003456755112135509,0
DTXSID1027978,75,0.0,0
DTXSID1029124,75,2.1570034319507437e-08,0
DTXSID1029128,75,0.0,0
DTXSID1029170,75,9.886966807568763e-09,0
DTXSID1029201,75,1.1933857563069937e-09,0
DTXSID1029251,75,5.4042963313498304e-11,0
DTXSID1029677,75,0.0001689823907161347,0
DTXSID1029889,75,0.0,0
DTXSID1030319,75,0.6011453361911219,0
DTXSID1030606,75,4.591946806289508e-06,0
DTXSID1031460,75,4.135097005435602e-12,0
DTXSID1031462,75,1.2877997364411083e-14,0
DTXSID1031591,75,6.560274687273199e-07,0
DTXSID1031626,75,2.2404777041195827e-19,0
DTXSID1032303,75,0.999999999944817,1
DTXSID1032305,75,4.0563272445234095e-07,0
DTXSID1032309,75,5.2800965533110796e-05,0
DTXSID1032355,75,0.979255272644477,1
DTXSID1032359,75,0.9950581176235149,1
DTXSID1032482,75,1.2637735381475343e-06,0
DTXSID1032484,75,7.422672257873981e-07,0
DTXSID1032488,75,0.9954923338074406,1
DTXSID1032511,75,1.252430109656331e-08,0
DTXSID1032513,75,0.0,0
DTXSID1032519,75,1.1213531418823406e-18,0
DTXSID1032569,75,5.931297074239318e-07,0
DTXSID1032640,75,0.9759450259573045,1
DTXSID1032642,75,0.023019387213010715,0
DTXSID1032646,75,0.9999988017234588,1
DTXSID1032648,75,0.9998229639123793,1
DTXSID1032690,75,0.0,0
DTXSID1033161,75,0.9999869229229481,1
DTXSID1033371,75,5.720228739504153e-09,0
DTXSID1033664,75,0.9999999999999996,1
DTXSID1034181,75,0.0,0
DTXSID1034187,75,1.363612426406126e-15,0
DTXSID1034210,75,0.6824828374133297,0
DTXSID1034212,75,0.00034435587793565415,0
DTXSID1034260,75,3.17335117622342e-06,0
DTXSID1034501,75,0.0,0
DTXSID1034503,75,0.0019626703452273564,0
DTXSID1034634,75,0.0,0
DTXSID1034769,75,1.4175213769998985e-12,0
DTXSID1034929,75,0.7797442040090915,0
DTXSID1034973,75,7.962450115625866e-05,0
DTXSID1035288,75,3.3074875353091765e-12,0
DTXSID1035783,75,0.0,0
DTXSID1036541,75,0.9999999957743307,1
DTXSID1036545,75,0.9999999999921187,1
DTXSID10370988,75,0.0,0
DTXSID1037303,75,0.999999999996205,1
DTXSID1037565,75,8.440746977294615e-14,0
DTXSID1037567,75,0.995857819247354,1
DTXSID1037806,75,6.142205354411552e-16,0
DTXSID10379254,75,0.0,0
DTXSID10379835,75,0.0,0
DTXSID10379850,75,0.0,0
DTXSID10379991,75,0.0,0
DTXSID10382147,75,0.8745859888949593,0
DTXSID1038298,75,0.9996181806164756,1
DTXSID1038321,75,5.4439593242829405e-06,0
DTXSID1038666,75,0.999099409426445,1
DTXSID1038743,75,1.1230511855970124e-05,0
DTXSID1038795,75,2.5060862631838013e-06,0
DTXSID1038822,75,0.9999999856555316,1
DTXSID1038824,75,1.4838710025476537e-19,0
DTXSID1038876,75,0.9999719086670721,1
DTXSID1040110,75,0.0,0
DTXSID1040112,75,0.9999954239466218,1
DTXSID1040114,75,1.0066416268087436e-09,0
DTXSID1040164,75,0.0,0
DTXSID1040245,75,7.405173637586541e-15,0
DTXSID1040320,75,0.9344815905650727,1
DTXSID1040326,75,0.00032871412429740323,0
DTXSID1040372,75,4.5461803172599035e-10,0
DTXSID1040611,75,0.00024093718583978723,0
DTXSID1040619,75,0.9999999999999845,1
DTXSID1040661,75,1.1073430753124887e-08,0
DTXSID1040742,75,0.9999999995633917,1
DTXSID1040792,75,9.923160757360716e-06,0
DTXSID1040794,75,0.7363220642295225,0
DTXSID1041184,75,3.8005704390641633e-06,0
DTXSID1041188,75,5.180866021015277e-09,0
DTXSID1041261,75,3.494040625421456e-10,0
DTXSID1041263,75,5.1113158324666105e-12,0
DTXSID1041265,75,2.9845687431471076e-20,0
DTXSID1041267,75,0.7777976879853097,0
DTXSID1041346,75,0.0,0
DTXSID1041396,75,2.7976197211461314e-12,0
DTXSID1041421,75,0.0,0
DTXSID1041423,75,1.982103006580455e-08,0
DTXSID1041425,75,2.895058541224159e-07,0
DTXSID1041502,75,0.0,0
DTXSID1041506,75,0.9999660992174687,1
DTXSID1041508,75,0.9993788332062432,1
DTXSID1041550,75,7.72067922233074e-06,0
DTXSID1041639,75,3.436848380390461e-15,0
DTXSID1041847,75,2.098724995785186e-18,0
DTXSID1041891,75,0.9555899850230359,1
DTXSID1041920,75,0.036452404914020804,0
DTXSID1041970,75,1.0962457977515493e-11,0
DTXSID1041978,75,0.0,0
DTXSID1042154,75,9.37062420847136e-12,0
DTXSID1042443,75,4.955982223822948e-11,0
DTXSID1042445,75,8.522750649475862e-06,0
DTXSID1042491,75,7.31026150629547e-15,0
DTXSID1042499,75,0.0,0
DTXSID1043910,75,3.003114119059909e-06,0
DTXSID1044221,75,5.7948285593872636e-05,0
DTXSID1044227,75,1.9671040149089308e-14,0
DTXSID1044352,75,4.417762176794385e-09,0
DTXSID1044354,75,3.129570465989498e-14,0
DTXSID1044356,75,3.24848005800676e-12,0
DTXSID1044435,75,4.195314462951783e-17,0
DTXSID1044437,75,8.752837819705817e-11,0
DTXSID1044481,75,0.0,0
DTXSID1044487,75,2.7651517834203118e-08,0
DTXSID1044489,75,0.001919965846490826,0
DTXSID1044514,75,0.9993130552789175,1
DTXSID1044518,75,0.9999999347565438,1
DTXSID1044560,75,3.798834983287179e-19,0
DTXSID1044564,75,7.509863496796359e-19,0
DTXSID1044568,75,0.0,0
DTXSID1044643,75,3.3664423739606806e-10,0
DTXSID1044693,75,0.0035012700650310785,0
DTXSID1044697,75,0.9997041621466047,1
DTXSID1044720,75,8.50033402355993e-13,0
DTXSID1044770,75,7.404142636359062e-10,0
DTXSID1044772,75,3.396873766205443e-06,0
DTXSID1044774,75,1.0922093054845355e-06,0
DTXSID1044776,75,8.457389282362113e-12,0
DTXSID1044809,75,0.0,0
DTXSID1044851,75,4.3631155114282834e-13,0
DTXSID1044853,75,0.0,0
DTXSID1044859,75,4.947457236765995e-09,0
DTXSID1044934,75,5.23293436801154e-08,0
DTXSID1044936,75,0.0,0
DTXSID1044938,75,2.9026049938909475e-10,0
DTXSID1044986,75,7.363282800121819e-06,0
DTXSID10461880,75,0.0,0
DTXSID1046970,75,0.983335738436896,1
DTXSID1046976,75,0.9773323621274884,1
DTXSID1047029,75,0.9999889560318809,1
DTXSID1047071,75,4.477357199418601e-15,0
DTXSID1047102,75,0.0,0
DTXSID1047104,75,2.953455518261545e-09,0
DTXSID1047106,75,7.906243730091287e-08,0
DTXSID1047152,75,0.03063776980135584,0
DTXSID1047156,75,0.4640207557311154,0
DTXSID1047158,75,1.7935056744889596e-15,0
DTXSID1047281,75,0.0,0
DTXSID1047283,75,0.6654776645633529,0
DTXSID1047285,75,3.117260548525463e-05,0
DTXSID1047287,75,2.096875166927035e-05,0
DTXSID1047289,75,2.0396324427361704e-06,0
DTXSID1047310,75,0.9997504361751159,1
DTXSID1047312,75,0.00014042758380168312,0
DTXSID1047316,75,1.6668828882033362e-16,0
DTXSID1047318,75,6.776862901226652e-17,0
DTXSID1047360,75,0.0,0
DTXSID1047362,75,0.9998957124295126,1
DTXSID1047364,75,7.343301302709886e-06,0
DTXSID1047366,75,0.0,0
DTXSID1047368,75,8.985589762173947e-05,0
DTXSID1047443,75,0.12120369458159959,0
DTXSID1047447,75,2.1506613141455896e-11,0
DTXSID1047497,75,4.9266713429714894e-08,0
DTXSID1047520,75,1.3681208238747505e-18,0
DTXSID1047526,75,0.0,0
DTXSID1047528,75,1.0901535446126496e-07,0
DTXSID1047570,75,7.0607704862559345e-06,0
DTXSID1047574,75,4.4336872319739095e-06,0
DTXSID1047576,75,1.4254174330689038e-06,0
DTXSID1047578,75,1.0,1
DTXSID1047601,75,3.309358955225085e-17,0
DTXSID1047603,75,3.165704837457242e-09,0
DTXSID1047605,75,0.9965690580266022,1
DTXSID1047607,75,0.0,0
DTXSID1047609,75,7.050329822740354e-10,0
DTXSID1047651,75,8.998154830702558e-15,0
DTXSID1047655,75,0.0,0
DTXSID1047657,75,1.0128350977609557e-08,0
DTXSID1047659,75,1.4168959559504731e-08,0
DTXSID1048122,75,0.9999999813611069,1
DTXSID1048170,75,2.633610010979284e-08,0
DTXSID1048172,75,1.7833565748613585e-18,0
DTXSID1048174,75,7.027971399663801e-07,0
DTXSID1048176,75,0.3656917988830542,0
DTXSID1048178,75,0.17251742430928854,0
DTXSID1048201,75,7.472105917175244e-07,0
DTXSID1048203,75,0.9999904010473281,1
DTXSID1048207,75,0.0,0
DTXSID1048209,75,0.1280768094445552,0
DTXSID1049225,75,4.529220708997144e-19,0
DTXSID1049697,75,0.9999994547279891,1
DTXSID1051690,75,4.8107014269295e-11,0
DTXSID1051771,75,3.607876481010526e-08,0
DTXSID1051779,75,4.841725372325843e-11,0
DTXSID1051808,75,7.746053750990646e-15,0
DTXSID1051850,75,8.627628493733939e-08,0
DTXSID1051856,75,4.325669528260461e-09,0
DTXSID1051939,75,1.9087967659662125e-05,0
DTXSID1052294,75,0.9999988260965189,1
DTXSID1052298,75,4.423723145601203e-15,0
DTXSID1052539,75,2.1806959471310786e-18,0
DTXSID1052585,75,8.281780373868526e-11,0
DTXSID1052587,75,0.0,0
DTXSID1052610,75,6.165171821769795e-10,0
DTXSID1052901,75,0.0002529470173175016,0
DTXSID1052903,75,0.0,0
DTXSID1052905,75,0.9999999998716365,1
DTXSID1052907,75,0.9999999915268342,1
DTXSID1052909,75,6.660545487193869e-11,0
DTXSID1057907,75,0.9999999999999826,1
DTXSID1057909,75,0.9999999999975884,1
DTXSID1062122,75,1.555760649480596e-07,0
DTXSID1067629,75,0.024814044234153298,0
DTXSID1068772,75,1.0979274359828755e-05,0
DTXSID1074915,75,8.175481208376968e-11,0
DTXSID10858872,75,0.4863377416043698,0
DTXSID10858877,75,6.58782252853138e-06,0
DTXSID10858892,75,0.0,0
DTXSID10858897,75,0.000763631434750915,0
DTXSID10858913,75,0.990219781601077,1
DTXSID10858918,75,0.32381875503951535,0
DTXSID10872710,75,2.108845187705273e-13,0
DTXSID10872715,75,0.9999625109297943,1
DTXSID10872730,75,0.9999985183052323,1
DTXSID10872735,75,8.054185398727049e-22,0
DTXSID10872750,75,0.9999663390231227,1
DTXSID10872755,75,0.007325592472589216,0
DTXSID10903831,75,1.3273065437592463e-06,0
DTXSID10903836,75,0.9996298390861184,1
DTXSID10903851,75,0.018133521378275824,0
DTXSID10903856,75,0.0,0
DTXSID10903871,75,0.0,0
DTXSID10903876,75,0.0,0
DTXSID10903891,75,0.0,0
DTXSID10903896,75,0.0,0
DTXSID201339555,75,3.9717556923114e-09,0
DTXSID201339593,75,1.4998065844281262e-13,0
DTXSID201351484,75,0.9999999996993552,1
DTXSID201351789,75,0.00044847935134864576,0
DTXSID201351791,75,1.4003726867715566e-08,0
DTXSID20179883,75,0.0,0
DTXSID2020006,75,7.361842852141341e-12,0
DTXSID2020058,75,1.2084144865790952e-07,0
DTXSID2020137,75,0.999998296071907,1
DTXSID2020189,75,2.0156880336779475e-06,0
DTXSID2020210,75,0.9999999999862564,1
DTXSID2020212,75,9.926307731047083e-08,0
DTXSID2020216,75,5.7438491568038134e-05,0
DTXSID2020262,75,1.1295946101216948e-05,0
DTXSID2020266,75,1.0305719608644022e-05,0
DTXSID2020268,75,0.0,0
DTXSID2020347,75,0.9965134479103293,1
DTXSID2020349,75,0.9999970622395611,1
DTXSID2020420,75,0.00010463984419653963,0
DTXSID2020424,75,2.8214759811166893e-08,0
DTXSID2020426,75,0.970401105075175,1
DTXSID2020428,75,1.0832425685032328e-08,0
DTXSID2020474,75,2.3460802208054924e-06,0
DTXSID2020501,75,2.94657356380421e-17,0
DTXSID2020505,75,1.875919451065953e-11,0
DTXSID2020507,75,9.11190809911499e-12,0
DTXSID2020509,75,2.643899021721418e-08,0
DTXSID2020634,75,0.0,0
DTXSID2020636,75,0.9999541613886832,1
DTXSID2020686,75,0.9999645915747052,1
DTXSID2020688,75,3.3395826009583955e-14,0
DTXSID2020713,75,0.7552145846070379,0
DTXSID2020767,75,6.126371385361746e-16,0
DTXSID2020890,75,7.90550639107946e-09,0
DTXSID2020892,75,1.1548084900680605e-08,0
DTXSID2020894,75,1.425918422863623e-19,0
DTXSID2020921,75,0.0008414841033462442,0
DTXSID2020923,75,2.371699029069087e-17,0
DTXSID2020927,75,5.757190120342537e-12,0
DTXSID2020929,75,5.0830058857396056e-08,0
DTXSID2020977,75,6.441795357100954e-13,0
DTXSID2021022,75,5.288976561072804e-09,0
DTXSID2021026,75,0.0021623005521264785,0
DTXSID2021028,75,1.2214087940970028e-05,0
DTXSID2021103,75,3.5567575614918048e-06,0
DTXSID2021105,75,0.996589486380436,1
DTXSID2021151,75,0.9054600929206538,1
DTXSID2021234,75,0.0713051403084961,0
DTXSID2021236,75,3.495744466485266e-14,0
DTXSID2021238,75,0.024054374536207398,0
DTXSID2021282,75,4.900359289776236e-10,0
DTXSID2021286,75,5.338361403119615e-13,0
DTXSID2021288,75,7.687494689911592e-10,0
DTXSID2021311,75,0.003209661672253485,0
DTXSID2021367,75,0.0,0
DTXSID2021440,75,0.0,0
DTXSID2021498,75,7.454302784213845e-13,0
DTXSID2021575,75,1.552899535985582e-11,0
DTXSID2021577,75,0.0,0
DTXSID2021600,75,1.5244493264746735e-17,0
DTXSID2021602,75,0.9923277850761125,1
DTXSID2021604,75,5.655128065194033e-07,0
DTXSID2021650,75,2.0093465015984948e-10,0
DTXSID2021654,75,0.0,0
DTXSID2021656,75,1.252617913872472e-05,0
DTXSID2021735,75,0.0,0
DTXSID2021739,75,4.579660811041142e-13,0
DTXSID2021781,75,0.9999999954183812,1
DTXSID2021816,75,1.6895586560330567e-08,0
DTXSID2021818,75,2.454016971394675e-13,0
DTXSID2021864,75,2.5724950928087906e-06,0
DTXSID2021866,75,0.3925356028598228,0
DTXSID2021941,75,1.7810960109133442e-08,0
DTXSID2021943,75,0.8368932054178438,0
DTXSID2021947,75,9.293800731923173e-06,0
DTXSID2021993,75,6.528191915976217e-07,0
DTXSID2021995,75,1.0241434736570572e-07,0
DTXSID2021997,75,0.9999985843479878,1
DTXSID2022048,75,0.033382082584123215,0
DTXSID2022090,75,0.999999994639498,1
DTXSID2022096,75,2.8680994225269645e-06,0
DTXSID2022121,75,0.0,0
DTXSID2022123,75,6.466812071838332e-09,0
DTXSID2022125,75,2.586633980940083e-11,0
DTXSID2022127,75,1.0,1
DTXSID2022171,75,0.9998697353854765,1
DTXSID2022179,75,2.036266623785486e-18,0
DTXSID2022254,75,0.9999999891222037,1
DTXSID2022331,75,0.9424733355664177,1
DTXSID2022333,75,2.6590709040278933e-15,0
DTXSID2022381,75,0.9999999999999986,1
DTXSID2022462,75,0.9999976335548914,1
DTXSID2022628,75,0.40873846726382906,0
DTXSID2022678,75,2.840635442383503e-07,0
DTXSID2022880,75,1.0,1
DTXSID2023016,75,0.9999999996236169,1
DTXSID2023193,75,2.1464438138006557e-07,0
DTXSID2023224,75,0.0001307440763333323,0
DTXSID2023270,75,0.0,0
DTXSID2023309,75,4.017865503074789e-06,0
DTXSID2023430,75,0.9999972439177612,1
DTXSID2023434,75,1.5574526506723926e-09,0
DTXSID2023519,75,0.0012397478247649374,0
DTXSID2023567,75,9.048753983464125e-12,0
DTXSID2023569,75,0.9994730215420089,1
DTXSID2023723,75,3.6945056166586653e-05,0
DTXSID2024086,75,0.9999999854227799,1
DTXSID2024163,75,0.00035255046112846883,0
DTXSID2024242,75,2.9674338726850034e-13,0
DTXSID2024452,75,8.550745473927167e-08,0
DTXSID2024458,75,0.9999999178719448,1
DTXSID2024585,75,1.785247312258389e-16,0
DTXSID2024662,75,8.733606615282108e-09,0
DTXSID2024664,75,0.999999864251488,1
DTXSID2024666,75,0.00028904888549927685,0
DTXSID2024793,75,9.875349530209673e-09,0
DTXSID2024799,75,2.38835513635193e-12,0
DTXSID2024824,75,0.6947267829166561,0
DTXSID2024955,75,0.0,0
DTXSID2025050,75,0.0,0
DTXSID2025133,75,5.953780138828191e-05,0
DTXSID2025135,75,0.0,0
DTXSID2025139,75,1.81314822971099e-18,0
DTXSID2025210,75,1.441839482819223e-06,0
DTXSID2025216,75,0.9999358035915897,1
DTXSID2025347,75,4.114384132147857e-11,0
DTXSID2025395,75,1.0220195977497376e-06,0
DTXSID2025478,75,0.00020754179276606083,0
DTXSID2025501,75,0.0,0
DTXSID2025505,75,0.011850913604885658,0
DTXSID2025557,75,0.0,0
DTXSID2025632,75,5.82776214833548e-06,0
DTXSID2025680,75,0.9998093743827654,1
DTXSID2025688,75,2.9581928640062726e-17,0
DTXSID2025842,75,3.920338442461647e-12,0
DTXSID2025892,75,0.9999999731361746,1
DTXSID2025925,75,0.0,0
DTXSID2025977,75,0.0006585114408067905,0
DTXSID2026076,75,6.890464038843415e-16,0
DTXSID2026232,75,1.0829696444532215e-10,0
DTXSID2026238,75,0.0,0
DTXSID2026446,75,3.076009551207428e-07,0
DTXSID2026496,75,0.9999999504073882,1
DTXSID2026523,75,8.3139191642525635e-19,0
DTXSID2026525,75,2.1502522765686355e-13,0
DTXSID2026529,75,0.9991129541080741,1
DTXSID2026573,75,1.0303098495413732e-12,0
DTXSID2026602,75,9.022415899525354e-07,0
DTXSID2026608,75,0.0,0
DTXSID2026652,75,0.9918245145111598,1
DTXSID2026739,75,1.2651364459855468e-17,0
DTXSID2026781,75,8.808848374380638e-08,0
DTXSID2026783,75,4.095682592577545e-11,0
DTXSID2026789,75,0.0,0
DTXSID2026864,75,0.0,0
DTXSID2026943,75,0.9986446912251965,1
DTXSID2026991,75,0.0,0
DTXSID2026997,75,1.3168439521897364e-16,0
DTXSID2027094,75,0.9999995233173753,1
DTXSID2027200,75,0.0,0
DTXSID2027204,75,1.456211582005368e-14,0
DTXSID2027206,75,0.0,0
DTXSID2027258,75,0.0,0
DTXSID2027333,75,1.1399934659755393e-09,0
DTXSID2027412,75,1.1972876233533126e-05,0
DTXSID2027414,75,1.1856870816065062e-19,0
DTXSID2027466,75,1.9601198000344555e-06,0
DTXSID2027593,75,1.9426466797394166e-12,0
DTXSID2027620,75,2.5166490029640644e-16,0
DTXSID2027759,75,1.0290812271427838e-07,0
DTXSID2027830,75,5.982596701511781e-05,0
DTXSID2027832,75,1.5876964033804021e-10,0
DTXSID2027834,75,3.8123673092638775e-19,0
DTXSID2027884,75,3.1078445807588934e-10,0
DTXSID2027963,75,0.0,0
DTXSID2028985,75,0.0,0
DTXSID2029117,75,0.9999787242355386,1
DTXSID2029167,75,1.535663539176676e-10,0
DTXSID2029242,75,1.4425974427746289e-11,0
DTXSID2029246,75,0.9499777133517626,1
DTXSID2029290,75,1.5719400391046516e-06,0
DTXSID2029298,75,1.2121501973990261e-17,0
DTXSID2029325,75,1.4747800810150032e-05,0
DTXSID2029329,75,6.835658222239297e-10,0
DTXSID2029612,75,1.6731038326128228e-16,0
DTXSID2029616,75,5.246317280861787e-06,0
DTXSID2029874,75,0.999987032110069,1
DTXSID2030695,75,0.9999174616225894,1
DTXSID2031089,75,0.9969270377794495,1
DTXSID2031374,75,1.0954789383281656e-16,0
DTXSID2032342,75,1.0841127730714391e-08,0
DTXSID2032344,75,0.9993584212547117,1
DTXSID2032348,75,2.122773057947574e-18,0
DTXSID2032390,75,0.9999839810498828,1
DTXSID2032392,75,2.0627424687469376e-05,0
DTXSID2032398,75,0.9999999625735562,1
DTXSID2032500,75,0.9868624933710328,1
DTXSID2032502,75,0.004305645917806208,0
DTXSID2032550,75,0.038575421470141376,0
DTXSID2032552,75,9.678902241628253e-05,0
DTXSID2032554,75,1.5764798107754256e-16,0
DTXSID2032556,75,0.9710818325984047,1
DTXSID2032558,75,0.9999986785960377,1
DTXSID2032631,75,9.09328714899214e-08,0
DTXSID2032637,75,6.520126550946778e-12,0
DTXSID2032639,75,1.1840634356484943e-10,0
DTXSID2032683,75,1.584942958889164e-09,0
DTXSID2033314,75,0.0001379904785856511,0
DTXSID20335129,75,0.9999999999777271,1
DTXSID20335700,75,0.0008329041539241246,0
DTXSID20337446,75,1.308851340523366e-08,0
DTXSID20337466,75,0.045582727372029876,0
DTXSID2034259,75,0.0,0
DTXSID2034465,75,0.0,0
DTXSID2034542,75,0.0,0
DTXSID2034590,75,0.9918919795732432,1
DTXSID2034598,75,5.1548429200906215e-05,0
DTXSID2034625,75,9.452645813325672e-07,0
DTXSID2034627,75,3.368630149581419e-08,0
DTXSID2034673,75,5.176562998204992e-07,0
DTXSID2034700,75,3.3097392886166627e-15,0
DTXSID2034881,75,0.004781911438941882,0
DTXSID2034885,75,0.9999948380159752,1
DTXSID2034962,75,5.560088180376042e-10,0
DTXSID2035013,75,1.6854759876693163e-12,0
DTXSID2036112,75,3.544774616588393e-17,0
DTXSID2036299,75,0.004173619527010995,0
DTXSID2036588,75,8.433959610428936e-12,0
DTXSID2036827,75,0.0,0
DTXSID2037502,75,5.66678741727668e-12,0
DTXSID20375106,75,0.00017215503104859185,0
DTXSID2037712,75,0.9999956825639571,1
DTXSID2037714,75,0.9999999919361339,1
DTXSID20379947,75,0.9188652256316403,1
DTXSID2038732,75,5.208846969902711e-09,0
DTXSID2038788,75,1.1703095687675988e-07,0
DTXSID2038813,75,5.523151474239903e-10,0
DTXSID2039336,75,0.03120596828650832,0
DTXSID2040151,75,0.7796604272027903,0
DTXSID2040284,75,1.55280460128562e-10,0
DTXSID2040361,75,1.3014158440689725e-11,0
DTXSID2040363,75,1.3616638154699559e-14,0
DTXSID2040731,75,0.9999999969585966,1
DTXSID2040733,75,0.9799367126914301,1
DTXSID2040787,75,3.7352832909558455e-06,0
DTXSID2041125,75,7.529559089145821e-17,0
DTXSID2041200,75,5.5291798018351774e-08,0
DTXSID2041206,75,0.9999992939023018,1
DTXSID2041208,75,2.4111800571177037e-15,0
DTXSID2041250,75,1.2355630015733905e-17,0
DTXSID2041252,75,0.0005356484676963699,0
DTXSID2041256,75,9.966040568217883e-05,0
DTXSID2041389,75,0.00010008178544224344,0
DTXSID2041412,75,1.0847787069881841e-14,0
DTXSID2041416,75,1.854841397200825e-15,0
DTXSID2041418,75,1.1505181797273418e-12,0
DTXSID2041460,75,0.0,0
DTXSID2041464,75,5.298808666814794e-09,0
DTXSID2041622,75,5.531443364693725e-08,0
DTXSID2041672,75,9.555899078869931e-20,0
DTXSID2041674,75,3.0100268254533167e-08,0
DTXSID2041703,75,8.379116134036586e-07,0
DTXSID2041709,75,2.3341444695973942e-07,0
DTXSID2041759,75,0.0,0
DTXSID2042060,75,3.3226426461863887e-07,0
DTXSID2042062,75,0.0032178682683303974,0
DTXSID2042143,75,1.2376309572519235e-06,0
DTXSID2042191,75,0.4866636261587547,0
DTXSID2042199,75,6.2691136548028055e-12,0
DTXSID2042276,75,0.15429413468469674,0
DTXSID2042436,75,0.942299371362334,1
DTXSID2043903,75,0.9669240391621656,1
DTXSID20440585,75,3.38724128357095e-14,0
DTXSID2044268,75,0.9999999204860257,1
DTXSID2044347,75,1.50355237751869e-07,0
DTXSID2044391,75,7.590212608960143e-05,0
DTXSID2044395,75,0.0003184559671442239,0
DTXSID2044428,75,0.9999999441854364,1
DTXSID2044470,75,1.123658377539628e-07,0
DTXSID2044472,75,6.963667375419605e-08,0
DTXSID2044476,75,4.58303565965857e-07,0
DTXSID2044503,75,0.9999571839737555,1
DTXSID2044507,75,0.0,0
DTXSID2044509,75,0.0,0
DTXSID2044553,75,2.7145092908949848e-14,0
DTXSID2044713,75,0.9664059584394278,1
DTXSID2044717,75,0.9903639403676485,1
DTXSID2044719,75,5.388714449896616e-21,0
DTXSID2044763,75,0.0038935697170753565,0
DTXSID2044765,75,6.067839662608802e-09,0
DTXSID2044767,75,0.5470601882154742,0
DTXSID2044769,75,5.165863535287173e-12,0
DTXSID2044846,75,0.0,0
DTXSID2044848,75,0.0,0
DTXSID2044890,75,1.0,1
DTXSID2044892,75,0.31413220214867643,0
DTXSID2044896,75,1.3551814135593028e-17,0
DTXSID2044898,75,0.9999562100908304,1
DTXSID2044927,75,0.0,0
DTXSID2044929,75,0.0,0
DTXSID2044971,75,1.036255416811297e-15,0
DTXSID2044973,75,7.872173104113242e-20,0
DTXSID2045076,75,0.0,0
DTXSID2045232,75,0.9999999999152024,1
DTXSID2047060,75,2.1377804162633206e-09,0
DTXSID2047062,75,2.7068799659949865e-20,0
DTXSID2047066,75,4.481001139901564e-15,0
DTXSID2047068,75,1.1020787214006851e-11,0
DTXSID2047141,75,0.00322597883874309,0
DTXSID2047145,75,0.9999999659830121,1
DTXSID2047149,75,1.3104416743435248e-07,0
DTXSID2047191,75,0.9999998306800266,1
DTXSID2047193,75,1.753342046459696e-07,0
DTXSID2047195,75,2.2307936874990942e-06,0
DTXSID2047197,75,4.6386861217082805e-07,0
DTXSID2047199,75,0.0,0
DTXSID2047222,75,0.9999999998914855,1
DTXSID2047270,75,0.4919815069021807,0
DTXSID2047272,75,2.3396057613043786e-10,0
DTXSID2047274,75,0.0,0
DTXSID2047276,75,0.0,0
DTXSID2047278,75,0.0,0
DTXSID2047301,75,0.0036996253994244946,0
DTXSID2047303,75,4.162011252151564e-11,0
DTXSID2047305,75,0.0,0
DTXSID2047307,75,0.9999112688138514,1
DTXSID2047309,75,6.053072015247964e-10,0
DTXSID2047351,75,0.8939979853877067,0
DTXSID2047353,75,0.004048326589137054,0
DTXSID2047355,75,7.615826991237681e-06,0
DTXSID2047357,75,0.9999997747029227,1
DTXSID2047359,75,0.0,0
DTXSID2047434,75,2.039315892865299e-15,0
DTXSID2047436,75,0.9999999547826128,1
DTXSID2047486,75,0.9999999879376448,1
DTXSID2047511,75,0.004864753257894201,0
DTXSID2047517,75,0.0,0
DTXSID2047519,75,4.116711563344398e-06,0
DTXSID2047565,75,0.0,0
DTXSID2047567,75,0.039157948175842484,0
DTXSID2047642,75,0.0,0
DTXSID2047644,75,1.3348469203227158e-05,0
DTXSID2047646,75,1.003979195362008e-14,0
DTXSID2047648,75,2.7451052749718585e-09,0
DTXSID2047696,75,0.9998190744078873,1
DTXSID2047721,75,0.022909213792553538,0
DTXSID2047725,75,0.9999307305956754,1
DTXSID2047727,75,0.0,0
DTXSID2048167,75,8.362273347158039e-10,0
DTXSID2050403,75,0.0,0
DTXSID2051477,75,3.4120389744492295e-08,0
DTXSID2051631,75,4.651093122903283e-20,0
DTXSID2051687,75,0.9999996571734897,1
DTXSID2051716,75,1.0826158482320073e-18,0
DTXSID2051764,75,3.272078521782659e-05,0
DTXSID2051895,75,0.0,0
DTXSID2052281,75,0.0,0
DTXSID2052283,75,1.7953405362376044e-18,0
DTXSID2052289,75,0.0,0
DTXSID2052310,75,3.622937225070124e-07,0
DTXSID2052447,75,0.9998957629071139,1
DTXSID2052574,75,0.9999164171682831,1
DTXSID2052603,75,8.258344471609294e-12,0
DTXSID2052607,75,0.0,0
DTXSID2060965,75,5.384920205269526e-09,0
DTXSID20858868,75,3.938286272861001e-05,0
DTXSID20858883,75,0.0002921174711023956,0
DTXSID20858888,75,0.9980326812429354,1
DTXSID20858904,75,0.37021486128972875,0
DTXSID20858909,75,0.00041736787641788014,0
DTXSID20861913,75,2.925332328646581e-10,0
DTXSID20872706,75,0.0,0
DTXSID20872721,75,0.99952775466363,1
DTXSID20872726,75,0.999998642647508,1
DTXSID20872741,75,9.599617254223871e-06,0
DTXSID20872746,75,0.9999999669077354,1
DTXSID20874028,75,5.8427063789491946e-05,0
DTXSID20880144,75,0.0,0
DTXSID20881338,75,3.4473142959936737e-12,0
DTXSID20903827,75,1.3474480859015722e-06,0
DTXSID20903842,75,7.6996294295056e-05,0
DTXSID20903847,75,0.9999572337257108,1
DTXSID20903862,75,0.0,0
DTXSID20903867,75,0.0,0
DTXSID20903882,75,0.0,0
DTXSID20903887,75,0.0,0
DTXSID301339558,75,1.7596996125574483e-11,0
DTXSID301339560,75,2.2367155050093195e-08,0
DTXSID301351794,75,0.999999999979493,1
DTXSID301351801,75,0.999999989768365,1
DTXSID30170109,75,5.547006649915496e-05,0
DTXSID30190948,75,0.9999999999999986,1
DTXSID3020043,75,1.8332760114536747e-08,0
DTXSID3020047,75,1.353458622966079e-08,0
DTXSID3020091,75,2.6997117088114022e-11,0
DTXSID3020093,75,4.831471835148146e-05,0
DTXSID3020122,75,0.00010062491345610715,0
DTXSID3020205,75,0.9999995728671597,1
DTXSID3020207,75,9.385952200465926e-09,0
DTXSID3020209,75,0.999999994842721,1
DTXSID3020257,75,0.9999999994476664,1
DTXSID3020332,75,0.11827523504729016,0
DTXSID3020336,75,0.02754710919084762,0
DTXSID3020415,75,0.4994355251367641,0
DTXSID3020465,75,0.999999999999995,1
DTXSID3020621,75,0.12266944333201911,0
DTXSID3020625,75,1.8921290525707052e-05,0
DTXSID3020627,75,6.831750649332644e-18,0
DTXSID3020629,75,0.9999720797185733,1
DTXSID3020671,75,0.0,0
DTXSID3020673,75,0.9634237329664183,1
DTXSID3020679,75,0.9961620787806318,1
DTXSID3020704,75,2.3020004651287915e-18,0
DTXSID3020706,75,3.5318793996911348e-06,0
DTXSID3020881,75,9.7583604352626e-06,0
DTXSID3020887,75,7.680579100144254e-11,0
DTXSID3020889,75,3.142671453423041e-08,0
DTXSID3020910,75,0.0,0
DTXSID3020912,75,3.1025588323443127e-18,0
DTXSID3020916,75,0.0,0
DTXSID3020918,75,1.9281819449865623e-15,0
DTXSID3020960,75,0.0,0
DTXSID3020962,75,0.0,0
DTXSID3020964,75,0.9999999946289049,1
DTXSID3020966,75,7.729829933925833e-08,0
DTXSID3021142,75,0.0,0
DTXSID3021190,75,1.5066158184492157e-17,0
DTXSID3021192,75,0.0,0
DTXSID3021196,75,1.8655994113557626e-10,0
DTXSID3021275,75,0.0,0
DTXSID3021277,75,0.0,0
DTXSID3021356,75,3.203549301125646e-08,0
DTXSID3021358,75,1.010090066560599e-05,0
DTXSID3021483,75,0.998872518027575,1
DTXSID3021485,75,3.7530669416036503e-10,0
DTXSID3021487,75,5.3431470889848395e-09,0
DTXSID3021516,75,2.3529783727956346e-06,0
DTXSID3021518,75,3.414878450327097e-15,0
DTXSID3021641,75,0.6534079170468012,0
DTXSID3021643,75,0.3183858820557384,0
DTXSID3021645,75,2.355260300839528e-09,0
DTXSID3021726,75,3.4351292544463073e-07,0
DTXSID3021770,75,0.9996823280904854,1
DTXSID3021774,75,5.454761875838278e-10,0
DTXSID3021778,75,1.6784453309076026e-16,0
DTXSID3021801,75,4.21446525767853e-06,0
DTXSID3021805,75,3.7056438006818667e-16,0
DTXSID3021807,75,1.8489691776723827e-10,0
DTXSID3021851,75,0.0,0
DTXSID3021853,75,0.0,0
DTXSID3021932,75,2.4687638250213015e-14,0
DTXSID3021936,75,9.835063554733332e-14,0
DTXSID3021938,75,1.2032723603154664e-08,0
DTXSID3021980,75,6.181251264574234e-09,0
DTXSID3021982,75,1.1134806030004182e-05,0
DTXSID3021984,75,0.9999806195988746,1
DTXSID3021986,75,0.0,0
DTXSID3022035,75,2.1509369836700336e-08,0
DTXSID3022085,75,0.0,0
DTXSID3022162,75,0.9999059638207093,1
DTXSID3022164,75,0.9999998089446245,1
DTXSID3022247,75,0.9999998797463234,1
DTXSID3022320,75,0.99999999998217,1
DTXSID3022370,75,0.999999999937187,1
DTXSID3022405,75,0.9999988835066851,1
DTXSID3022409,75,0.9999999999594497,1
DTXSID3022455,75,5.8070347243614604e-05,0
DTXSID3022536,75,0.999999999991328,1
DTXSID3022588,75,9.721072739284243e-08,0
DTXSID3022667,75,0.9999804435689665,1
DTXSID3022798,75,0.0,0
DTXSID3022877,75,5.783147111718048e-09,0
DTXSID3023471,75,0.0,0
DTXSID3023556,75,0.9999871219409359,1
DTXSID3023685,75,1.6461781225510126e-06,0
DTXSID3023764,75,6.350061975376612e-16,0
DTXSID3023845,75,1.7245423664237497e-09,0
DTXSID3023897,75,0.9999602661798294,1
DTXSID3023899,75,0.91802129937602,1
DTXSID3023974,75,2.0363754945193455e-08,0
DTXSID3024100,75,3.6288236804002087e-09,0
DTXSID3024102,75,0.9997228690817707,1
DTXSID3024104,75,2.8060118136579454e-06,0
DTXSID3024152,75,1.4712194468345284e-05,0
DTXSID3024154,75,0.9977100103337674,1
DTXSID3024235,75,0.002851433678650291,0
DTXSID3024239,75,0.9848942037381082,1
DTXSID3024287,75,0.0,0
DTXSID3024289,75,1.6237329833955152e-07,0
DTXSID3024316,75,0.049590150469582636,0
DTXSID3024318,75,0.0,0
DTXSID3024364,75,6.7539359503587e-12,0
DTXSID3024366,75,1.0548091225773091e-10,0
DTXSID3024368,75,1.5358351096047108e-08,0
DTXSID3024491,75,0.0,0
DTXSID3024528,75,0.7839539707982404,0
DTXSID3024657,75,0.7865376595722126,0
DTXSID3024738,75,6.790658807603319e-15,0
DTXSID3024780,75,0.0,0
DTXSID3024861,75,0.9999958754856559,1
DTXSID3024869,75,1.0053747336405971e-06,0
DTXSID3024940,75,0.9993418337189136,1
DTXSID3024944,75,1.5379838436971329e-07,0
DTXSID3024994,75,7.30117961173357e-06,0
DTXSID3025047,75,0.001705114997799213,0
DTXSID3025049,75,4.951064000955287e-10,0
DTXSID3025091,75,0.8032571627258487,0
DTXSID3025122,75,1.337712756684071e-06,0
DTXSID3025170,75,0.0,0
DTXSID3025178,75,5.296062550861832e-12,0
DTXSID3025209,75,0.0,0
DTXSID3025253,75,5.676140039560196e-11,0
DTXSID3025461,75,0.0,0
DTXSID3025465,75,0.999640995606599,1
DTXSID3025469,75,3.196834004127035e-06,0
DTXSID3025540,75,0.0,0
DTXSID3025881,75,0.0026528797602872294,0
DTXSID3026065,75,9.924949605233848e-09,0
DTXSID3026223,75,1.2880957932255838e-08,0
DTXSID3026302,75,6.749841154265875e-07,0
DTXSID3026514,75,0.00031821009463459007,0
DTXSID3026560,75,0.004182284569673322,0
DTXSID3026562,75,1.2114229995060293e-08,0
DTXSID3026564,75,0.0,0
DTXSID3026566,75,0.9999999533173907,1
DTXSID3026641,75,1.0834391864531914e-14,0
DTXSID3026645,75,4.576198175421529e-12,0
DTXSID3026647,75,0.9409314028344405,1
DTXSID3026691,75,0.9993967098428945,1
DTXSID3026697,75,0.787209152198754,0
DTXSID3026726,75,0.9541239727405552,1
DTXSID3026728,75,0.0003065752990228923,0
DTXSID3027039,75,9.584371670414862e-07,0
DTXSID3027085,75,5.32895138964657e-10,0
DTXSID3027241,75,9.16755630939331e-06,0
DTXSID3027293,75,6.57832858951871e-11,0
DTXSID3027297,75,3.209787372107524e-10,0
DTXSID3027320,75,4.59352101126048e-09,0
DTXSID3027322,75,4.2781606273465545e-11,0
DTXSID3027401,75,0.0,0
DTXSID3027403,75,5.04591755055562e-11,0
DTXSID3027407,75,0.0,0
DTXSID3027530,75,2.4093519100951963e-09,0
DTXSID3027584,75,7.625555957993952e-05,0
DTXSID3027588,75,0.7487394583868879,0
DTXSID3027615,75,1.97750281570833e-12,0
DTXSID3027792,75,3.754069648799451e-16,0
DTXSID3027798,75,3.5408883754755652e-09,0
DTXSID3027875,75,2.838754511273889e-05,0
DTXSID3027877,75,0.9999444300537597,1
DTXSID3027902,75,0.00011684365859964722,0
DTXSID3028005,75,0.7871033176147332,0
DTXSID3029154,75,0.0,0
DTXSID3029237,75,6.5577932554564185e-09,0
DTXSID3029289,75,2.074857788710075e-15,0
DTXSID3029364,75,0.9999993607287367,1
DTXSID3029572,75,0.0,0
DTXSID3029607,75,5.206697600267054e-08,0
DTXSID3029653,75,0.0,0
DTXSID3029869,75,0.04591875443310795,0
DTXSID3030428,75,7.441953695848282e-13,0
DTXSID3030636,75,0.0,0
DTXSID3031492,75,0.0,0
DTXSID3031860,75,0.8120085632535745,0
DTXSID3031862,75,4.5036687683497624e-20,0
DTXSID3031864,75,0.9999974724312644,1
DTXSID3032331,75,2.22405706602426e-15,0
DTXSID3032337,75,0.999999196329908,1
DTXSID3032389,75,0.999898385223671,1
DTXSID3032412,75,1.3577174568289748e-09,0
DTXSID3032416,75,0.0,0
DTXSID3032464,75,0.5661679797364488,0
DTXSID3032541,75,1.037160418751163e-08,0
DTXSID3032547,75,1.0149934299337307e-15,0
DTXSID3032549,75,0.9999994796707156,1
DTXSID3032591,75,2.8120259433284814e-05,0
DTXSID3032620,75,0.0,0
DTXSID3032622,75,4.031862658813026e-14,0
DTXSID3032624,75,2.7393698410613407e-07,0
DTXSID3032626,75,0.9945014156322128,1
DTXSID3032628,75,1.8828204513648935e-15,0
DTXSID3032670,75,1.1948636751155214e-09,0
DTXSID3033307,75,0.0001489242256529042,0
DTXSID30340244,75,5.941903408503268e-17,0
DTXSID3034113,75,0.9999997944706983,1
DTXSID3034165,75,0.0005260479933221944,0
DTXSID3034402,75,2.25811487197729e-05,0
DTXSID3034456,75,0.9999999721088266,1
DTXSID3034458,75,6.615926961841769e-07,0
DTXSID3034531,75,2.3721840356137862e-11,0
DTXSID3034583,75,0.0,0
DTXSID3034612,75,0.0006029480167799031,0
DTXSID3034614,75,2.5269749775260224e-05,0
DTXSID3034618,75,1.9962056431984993e-05,0
DTXSID3034664,75,8.45476950225393e-21,0
DTXSID3034872,75,0.029624851136556114,0
DTXSID3035214,75,0.0013875237044329565,0
DTXSID3035341,75,0.0,0
DTXSID3036105,75,3.6108012036226336e-20,0
DTXSID3036286,75,0.9999662561389596,1
DTXSID3036288,75,0.0,0
DTXSID3036496,75,0.9999999999995662,1
DTXSID3036525,75,0.9999999997835484,1
DTXSID3037094,75,0.0,0
DTXSID3037208,75,0.00014109709281294192,0
DTXSID3037541,75,0.9992419004112203,1
DTXSID3037707,75,0.0,0
DTXSID3037709,75,0.9996263185252485,1
DTXSID3037757,75,0.9991022173309801,1
DTXSID30378880,75,2.0238037775845183e-09,0
DTXSID30382063,75,6.354234718104481e-06,0
DTXSID30382104,75,0.9993454062841152,1
DTXSID3038696,75,2.8198128068351173e-07,0
DTXSID3038771,75,0.007841131345664876,0
DTXSID3038800,75,0.0,0
DTXSID3038808,75,0.999999860342473,1
DTXSID3038939,75,0.9999999999999971,1
DTXSID30395037,75,7.856911825307814e-06,0
DTXSID30396867,75,1.0,1
DTXSID3040271,75,2.4014121953181974e-15,0
DTXSID3040300,75,0.9999982318699209,1
DTXSID3040352,75,0.7075471125126115,0
DTXSID3040693,75,6.626568670302643e-08,0
DTXSID3040697,75,0.0,0
DTXSID3040699,75,0.9999999999999125,1
DTXSID3040720,75,4.810745249844335e-16,0
DTXSID3040722,75,0.9999999995640344,1
DTXSID3040728,75,3.7603645940720895e-10,0
DTXSID3040776,75,0.9579047912263204,1
DTXSID3041035,75,0.0,0
DTXSID3041247,75,0.9999801969931468,1
DTXSID3041293,75,4.322728586578195e-09,0
DTXSID3041299,75,2.241805247439731e-06,0
DTXSID3041372,75,2.2900596157558983e-07,0
DTXSID3041376,75,4.2989656565653366e-08,0
DTXSID3041405,75,3.4566565024817814e-11,0
DTXSID3041409,75,8.217086601346131e-06,0
DTXSID3041530,75,1.1371438733625056e-08,0
DTXSID3041580,75,4.0426826186248096e-11,0
DTXSID3041611,75,2.813704306012259e-14,0
DTXSID3041615,75,2.5951172870479565e-06,0
DTXSID3041661,75,0.0003309069734996322,0
DTXSID3041663,75,0.005123915086791245,0
DTXSID3041665,75,4.088355695844134e-13,0
DTXSID3041744,75,2.1828853223670658e-06,0
DTXSID3041790,75,1.8364828489370057e-14,0
DTXSID3041794,75,7.749834221863866e-16,0
DTXSID3041877,75,5.6723227521742276e-05,0
DTXSID3041954,75,1.86064965072795e-13,0
DTXSID3042007,75,0.05907099354236547,0
DTXSID3042059,75,0.007741507217321255,0
DTXSID3042130,75,1.1594498933053618e-06,0
DTXSID3042219,75,0.0,0
DTXSID3042263,75,0.1341260971135046,0
DTXSID3042269,75,4.6906301764952456e-06,0
DTXSID3042390,75,0.0009966952949407545,0
DTXSID3042394,75,2.7575179851898605e-19,0
DTXSID3042423,75,3.0446242121436323e-13,0
DTXSID3042477,75,0.9935615913070005,1
DTXSID3042500,75,0.9804815995290019,1
DTXSID3042508,75,0.0,0
DTXSID3042633,75,8.103286596147023e-09,0
DTXSID3044201,75,7.1364304972236734e-09,0
DTXSID3044203,75,0.9996659618502185,1
DTXSID3044205,75,9.28158139459725e-12,0
DTXSID3044332,75,0.0,0
DTXSID3044338,75,0.11493409516018438,0
DTXSID3044380,75,0.9989346039964255,1
DTXSID3044384,75,3.221439113966863e-07,0
DTXSID3044413,75,2.203511391219927e-08,0
DTXSID3044415,75,2.2518569391953974e-11,0
DTXSID3044461,75,0.0,0
DTXSID3044463,75,1.0756048630543339e-08,0
DTXSID3044465,75,1.6657320639556013e-08,0
DTXSID3044544,75,0.9999999249918559,1
DTXSID3044590,75,0.006470571073461895,0
DTXSID3044598,75,1.8733895977159959e-06,0
DTXSID3044621,75,1.332073379895725e-06,0
DTXSID3044629,75,6.644430748499799e-14,0
DTXSID3044700,75,0.0,0
DTXSID3044702,75,1.8965154670488978e-07,0
DTXSID3044704,75,2.8228003534968025e-12,0
DTXSID3044750,75,2.669471445449356e-07,0
DTXSID3044752,75,3.235471196750047e-05,0
DTXSID3044754,75,0.9999985071465793,1
DTXSID3044831,75,2.381310296253836e-18,0
DTXSID3044833,75,0.9993352757086315,1
DTXSID3044835,75,0.0,0
DTXSID3044883,75,7.316376274199847e-08,0
DTXSID3044889,75,2.4881579481221604e-05,0
DTXSID3044910,75,1.0571935881580771e-15,0
DTXSID3044914,75,1.6757668306111358e-08,0
DTXSID3044918,75,0.9993685065815827,1
DTXSID3044960,75,1.2812372609059146e-09,0
DTXSID3044962,75,2.6005547838209613e-20,0
DTXSID3044966,75,0.0,0
DTXSID3047001,75,5.402367263844314e-07,0
DTXSID3047051,75,1.2142860889420248e-13,0
DTXSID3047053,75,3.9202915362175565e-08,0
DTXSID3047055,75,5.932824302684137e-10,0
DTXSID3047057,75,5.3269703980213544e-14,0
DTXSID3047059,75,2.4108128655660243e-05,0
DTXSID3047130,75,1.8099935009910285e-08,0
DTXSID3047136,75,1.1025373872597975e-18,0
DTXSID3047138,75,6.895600773522237e-05,0
DTXSID3047180,75,0.0,0
DTXSID3047184,75,5.576224556208137e-09,0
DTXSID3047186,75,3.107880714224325e-06,0
DTXSID3047188,75,2.1595059845743998e-07,0
DTXSID3047261,75,5.97277897623947e-08,0
DTXSID3047263,75,0.0009008356892657336,0
DTXSID3047265,75,0.0,0
DTXSID3047267,75,8.98698903066614e-09,0
DTXSID3047342,75,0.0016319026680354765,0
DTXSID3047344,75,0.9999999644821744,1
DTXSID3047346,75,0.0,0
DTXSID3047348,75,0.6969653415110689,0
DTXSID3047394,75,2.191723979240163e-07,0
DTXSID3047425,75,0.9999994710970903,1
DTXSID3047429,75,2.2425884724578056e-05,0
DTXSID3047471,75,3.905960696519471e-17,0
DTXSID3047473,75,3.615914070369967e-17,0
DTXSID3047477,75,0.999999999997701,1
DTXSID3047508,75,8.844649393980929e-09,0
DTXSID3047552,75,2.8750312611184997e-13,0
DTXSID3047554,75,0.174548618649156,0
DTXSID3047558,75,0.9999999995301546,1
DTXSID3047633,75,8.082758992579443e-16,0
DTXSID3047639,75,1.0755453443706311e-07,0
DTXSID3047712,75,0.00012167132103517694,0
DTXSID3047716,75,4.95039483513681e-06,0
DTXSID3047760,75,1.0423190068331059e-20,0
DTXSID3047891,75,1.0,1
DTXSID3048520,75,0.9291567703057443,1
DTXSID3051381,75,1.065924794061812e-08,0
DTXSID3051707,75,0.0,0
DTXSID3051834,75,0.0,0
DTXSID3051836,75,6.899670756618373e-08,0
DTXSID3052010,75,0.0,0
DTXSID3052060,75,0.0,0
DTXSID3052228,75,0.0,0
DTXSID3052278,75,0.00010781533819215546,0
DTXSID3052301,75,0.9999897399194593,1
DTXSID3052307,75,0.0,0
DTXSID3052309,75,0.0,0
DTXSID3052511,75,0.9999924405426415,1
DTXSID3052567,75,0.0,0
DTXSID3052648,75,0.0,0
DTXSID3059921,75,7.882872436980447e-11,0
DTXSID3059927,75,9.249874616391768e-08,0
DTXSID3059971,75,1.4183463014964523e-09,0
DTXSID30627108,75,2.631924295022284e-07,0
DTXSID3065586,75,0.9999999999987824,1
DTXSID3066215,75,9.415863831130081e-07,0
DTXSID30858874,75,0.9823027777235571,1
DTXSID30858879,75,0.9999998770137762,1
DTXSID30858894,75,0.00043767994926330355,0
DTXSID30858899,75,0.9779652556793463,1
DTXSID30858910,75,0.9429321477126065,1
DTXSID30858915,75,2.0038569836383947e-05,0
DTXSID30865801,75,2.2246444587825032e-11,0
DTXSID30872712,75,7.923063658232506e-07,0
DTXSID30872717,75,0.06333044064605048,0
DTXSID30872732,75,0.9999999268971397,1
DTXSID30872737,75,0.0,0
DTXSID30872752,75,0.9999999988385164,1
DTXSID30872757,75,7.92795453212337e-18,0
DTXSID30880413,75,0.0,0
DTXSID30891564,75,0.0,0
DTXSID30903833,75,0.9984688608271748,1
DTXSID30903838,75,0.17470612020020615,0
DTXSID30903853,75,1.5033332431877978e-07,0
DTXSID30903858,75,0.0,0
DTXSID30903873,75,0.0,0
DTXSID30903878,75,0.0,0
DTXSID30903893,75,0.0,0
DTXSID40108559,75,1.7043164220828816e-11,0
DTXSID401339551,75,2.290904977575386e-18,0
DTXSID401351804,75,0.9998947495692596,1
DTXSID40187142,75,0.9999661385790388,1
DTXSID4020088,75,8.359253185013381e-06,0
DTXSID4020119,75,0.9993000923436667,1
DTXSID4020161,75,0.9824679887640775,1
DTXSID4020240,75,0.0003020867217783813,0
DTXSID4020242,75,8.772270602959792e-06,0
DTXSID4020248,75,1.1202648075413496e-06,0
DTXSID4020290,75,1.2365732905973842e-13,0
DTXSID4020292,75,3.5659997505741976e-09,0
DTXSID4020294,75,2.6493931743238862e-11,0
DTXSID4020321,75,5.112027041387156e-07,0
DTXSID4020371,75,0.9973467052857988,1
DTXSID4020373,75,0.9999999871082652,1
DTXSID4020375,75,0.9999999964160079,1
DTXSID4020379,75,0.9999999999999856,1
DTXSID4020402,75,0.03406441164308155,0
DTXSID40204489,75,0.7337494393416425,0
DTXSID4020450,75,0.12708537160716304,0
DTXSID4020458,75,0.9999999238029696,1
DTXSID4020537,75,0.0,0
DTXSID4020539,75,0.999988659904629,1
DTXSID4020589,75,0.9999999975940157,1
DTXSID4020612,75,0.0,0
DTXSID4020616,75,1.4885255182701964e-06,0
DTXSID4020618,75,0.9999417714776504,1
DTXSID4020664,75,3.4048516640524167e-06,0
DTXSID4020666,75,1.5190344400197367e-07,0
DTXSID4020743,75,0.46113873669585387,0
DTXSID4020791,75,0.9999979565791002,1
DTXSID4020820,75,0.060647829868856216,0
DTXSID4020822,75,9.274687641422834e-09,0
DTXSID4020828,75,6.950256557309338e-05,0
DTXSID4020870,75,8.615847237808273e-07,0
DTXSID4020957,75,0.999999998300914,1
DTXSID4020959,75,1.963684776768825e-18,0
DTXSID4021002,75,0.4424316155067723,0
DTXSID4021006,75,5.0481199481208766e-05,0
DTXSID4021056,75,4.799876757550879e-05,0
DTXSID4021131,75,0.999999999999999,1
DTXSID4021135,75,0.9999999538128926,1
DTXSID4021137,75,4.446362724620028e-16,0
DTXSID4021185,75,0.9999999957442554,1
DTXSID4021189,75,1.0610043761950114e-06,0
DTXSID4021214,75,0.9883005654648678,1
DTXSID4021218,75,0.9999999999278051,1
DTXSID4021268,75,3.9811150850032774e-08,0
DTXSID4021343,75,0.0,0
DTXSID4021347,75,4.0546855665428773e-10,0
DTXSID4021391,75,0.9999979720798814,1
DTXSID4021393,75,7.629521997192243e-12,0
DTXSID4021395,75,1.7619229433876026e-11,0
DTXSID4021426,75,7.508311483709118e-07,0
DTXSID4021472,75,1.064807470509411e-21,0
DTXSID4021478,75,0.9999999999999888,1
DTXSID4021553,75,0.0,0
DTXSID4021557,75,2.215760209711199e-07,0
DTXSID4021559,75,2.9950475025481776e-06,0
DTXSID4021715,75,4.783458539487676e-05,0
DTXSID4021717,75,0.9999865333367605,1
DTXSID4021769,75,2.775742062215685e-05,0
DTXSID4021842,75,3.0686886741247835e-11,0
DTXSID4021848,75,0.0,0
DTXSID4021892,75,2.1342777576745928e-09,0
DTXSID4021894,75,0.9831008272470764,1
DTXSID4021921,75,2.1954429905411567e-16,0
DTXSID4021923,75,1.2503034509737821e-11,0
DTXSID4021971,75,3.3528996956786505e-13,0
DTXSID4021973,75,1.95788525617472e-15,0
DTXSID4021975,75,0.9999999962042097,1
DTXSID4021977,75,0.7106827506762128,0
DTXSID4022020,75,0.003503499266928342,0
DTXSID4022070,75,0.9999997878609266,1
DTXSID4022107,75,1.0165544655729607e-07,0
DTXSID4022109,75,2.8979345071339178e-06,0
DTXSID4022153,75,0.9428943820507963,1
DTXSID4022284,75,5.916777149172659e-12,0
DTXSID4022288,75,1.619295261283349e-17,0
DTXSID4022311,75,0.9999999974250285,1
DTXSID4022313,75,0.9999911312693288,1
DTXSID4022361,75,1.1129786229386354e-05,0
DTXSID4022367,75,0.9999999999998052,1
DTXSID4022369,75,0.0,0
DTXSID4022442,75,0.9999999999218865,1
DTXSID4022446,75,0.9999999883166407,1
DTXSID4022448,75,0.9999905845731611,1
DTXSID4022521,75,0.0,0
DTXSID4022523,75,0.9999999993530219,1
DTXSID4022525,75,0.9999932560012189,1
DTXSID4022527,75,0.9999999998313724,1
DTXSID4022529,75,0.9985821489442,1
DTXSID4022602,75,5.197703104025231e-08,0
DTXSID4022731,75,0.9999999999331678,1
DTXSID4022991,75,0.0,0
DTXSID4022999,75,0.9999999981585009,1
DTXSID4023200,75,1.0047940928959924e-13,0
DTXSID4023202,75,2.0372881771972865e-09,0
DTXSID4023412,75,3.362587137932468e-05,0
DTXSID40235137,75,3.1013005190792883e-09,0
DTXSID4023541,75,0.9996602613766766,1
DTXSID4023622,75,8.817737845599872e-11,0
DTXSID4023624,75,0.9432696630908133,1
DTXSID4024012,75,0.0,0
DTXSID4024018,75,3.351548312117189e-06,0
DTXSID4024062,75,0.9999309917176529,1
DTXSID4024066,75,0.000909566969799758,0
DTXSID4024143,75,1.136872325288588e-11,0
DTXSID4024145,75,1.0296163726199653e-09,0
DTXSID4024193,75,0.0,0
DTXSID4024195,75,6.206487628083837e-05,0
DTXSID4024270,75,0.0019471092740196672,0
DTXSID4024272,75,3.732686384618053e-06,0
DTXSID4024274,75,0.7912085004604501,0
DTXSID4024276,75,0.00030078811613335377,0
DTXSID4024359,75,0.9999700944418347,1
DTXSID4024436,75,0.0,0
DTXSID4024721,75,1.2845597843620206e-17,0
DTXSID4024729,75,1.7225087978899272e-07,0
DTXSID4024775,75,4.639056845229876e-09,0
DTXSID4024931,75,0.0,0
DTXSID4024937,75,0.9999998901663184,1
DTXSID4024985,75,5.426293235158412e-07,0
DTXSID4025080,75,0.00019952866204769027,0
DTXSID4025082,75,9.320103138504802e-22,0
DTXSID4025292,75,1.0837530894084868e-08,0
DTXSID4025296,75,3.0344298717524925e-05,0
DTXSID4025406,75,1.5560548811402428e-08,0
DTXSID4025610,75,1.5305904447638184e-12,0
DTXSID4025612,75,0.0,0
DTXSID4025662,75,0.9994181431323991,1
DTXSID4025668,75,3.532399886072631e-15,0
DTXSID4025791,75,5.348631165103976e-09,0
DTXSID4025793,75,5.143598473941539e-21,0
DTXSID4025824,75,6.009591799624615e-18,0
DTXSID4026181,75,2.2478878720205576e-19,0
DTXSID4026183,75,0.0,0
DTXSID4026214,75,0.0,0
DTXSID4026216,75,0.9999109070373382,1
DTXSID4026262,75,8.60059256811533e-08,0
DTXSID4026266,75,3.000173829339437e-10,0
DTXSID4026501,75,4.631201354563805e-11,0
DTXSID4026557,75,9.443323583636616e-11,0
DTXSID4026684,75,0.9998924768142733,1
DTXSID4026769,75,0.0,0
DTXSID4026842,75,0.02672332449580496,0
DTXSID4026921,75,0.0,0
DTXSID4026975,75,8.188198214823327e-13,0
DTXSID4027072,75,4.487757389497371e-09,0
DTXSID4027076,75,2.2930882700876746e-13,0
DTXSID4027103,75,0.0,0
DTXSID4027153,75,0.9999996978714621,1
DTXSID4027236,75,0.9999999837191247,1
DTXSID4027280,75,0.0,0
DTXSID4027282,75,0.0,0
DTXSID4027284,75,5.680707712364522e-09,0
DTXSID4027288,75,0.0,0
DTXSID4027361,75,7.651497728594107e-13,0
DTXSID4027367,75,1.3924784258344972e-08,0
DTXSID4027494,75,8.788914881912864e-05,0
DTXSID4027496,75,0.8956941725411833,0
DTXSID4027498,75,0.0,0
DTXSID4027525,75,0.999999983799042,1
DTXSID4027527,75,1.640709437852826e-14,0
DTXSID4027579,75,8.749589929479404e-08,0
DTXSID4027604,75,0.0009583337760681711,0
DTXSID4027608,75,0.9999999802530806,1
DTXSID4027650,75,0.0,0
DTXSID4027656,75,3.8153362052411816e-07,0
DTXSID4027781,75,4.897297862340814e-10,0
DTXSID4027789,75,4.1537806695302875e-06,0
DTXSID4027868,75,7.790715456960539e-06,0
DTXSID4027991,75,0.00010759219394279372,0
DTXSID4027997,75,1.1419327963820275e-07,0
DTXSID4028880,75,0.9999995589209876,1
DTXSID4028967,75,0.999078000163393,1
DTXSID4029145,75,1.0490066408771037e-19,0
DTXSID4029149,75,1.4671647317584235e-15,0
DTXSID4029353,75,0.9997535344118534,1
DTXSID4029359,75,3.1996396249118136e-06,0
DTXSID4029565,75,1.8011524562636173e-06,0
DTXSID4029692,75,9.988009751466388e-06,0
DTXSID4029698,75,1.899526990993791e-05,0
DTXSID4030336,75,2.0785269498407798e-10,0
DTXSID4031356,75,0.9999999972996988,1
DTXSID4031980,75,0.9986133562799595,1
DTXSID4032372,75,0.9888547815654736,1
DTXSID4032376,75,3.531094905994591e-07,0
DTXSID4032405,75,0.9810495604612517,1
DTXSID4032459,75,0.9999791002168797,1
DTXSID4032532,75,0.9429029963866253,1
DTXSID4032580,75,3.6887411950029024e-11,0
DTXSID4032611,75,0.12017527693600166,0
DTXSID4032613,75,0.9999342053970791,1
DTXSID4032615,75,5.065255922911439e-05,0
DTXSID4032619,75,4.283646226096138e-07,0
DTXSID4032667,75,0.10776203204125083,0
DTXSID4034150,75,0.9999998766414483,1
DTXSID4034287,75,7.830850895830418e-07,0
DTXSID4034364,75,0.9997742382201006,1
DTXSID4034497,75,0.9994861503766685,1
DTXSID4034528,75,0.000756506224090875,0
DTXSID4034576,75,0.9999886252762349,1
DTXSID4034601,75,0.00012985696310550163,0
DTXSID4034609,75,0.008714815377361159,0
DTXSID4034653,75,0.98499872520564,1
DTXSID4034788,75,7.2768237636481125e-09,0
DTXSID4034869,75,0.9999744607029043,1
DTXSID4034948,75,2.0270729007288325e-07,0
DTXSID4035209,75,5.995438931016859e-06,0
DTXSID4035708,75,0.001501317601798955,0
DTXSID4035839,75,3.6077228372131244e-05,0
DTXSID4036229,75,0.005559524200078547,0
DTXSID4036435,75,4.5734812555668763e-17,0
DTXSID4037580,75,3.96601944520693e-10,0
DTXSID4037584,75,0.9999807261724739,1
DTXSID4037611,75,1.76376302840136e-07,0
DTXSID40379666,75,1.2947568070590206e-09,0
DTXSID40380257,75,0.0,0
DTXSID40380797,75,0.9999252368418414,1
DTXSID4038346,75,4.044441165102547e-06,0
DTXSID4038762,75,6.076961461199994e-11,0
DTXSID4038847,75,7.36494728896724e-12,0
DTXSID4038899,75,0.0,0
DTXSID4038922,75,0.006687449955827411,0
DTXSID4038924,75,0.9999999976011295,1
DTXSID4038926,75,4.346775633266769e-08,0
DTXSID4039231,75,8.163726621978042e-11,0
DTXSID4039233,75,0.0,0
DTXSID4040002,75,4.575400984527228e-09,0
DTXSID4040264,75,0.5399865659640664,0
DTXSID4040268,75,5.839805786465109e-14,0
DTXSID4040343,75,0.9105243491704011,1
DTXSID4040476,75,9.246488832012487e-06,0
DTXSID4040711,75,0.0,0
DTXSID4040713,75,0.36854202964089594,0
DTXSID4040719,75,4.4310461913890074e-08,0
DTXSID4040765,75,0.6699511681955492,0
DTXSID4040767,75,0.0034767959152322285,0
DTXSID4041230,75,0.0,0
DTXSID4041232,75,0.9608731770690874,1
DTXSID4041234,75,4.1672947397026624e-15,0
DTXSID4041238,75,0.0,0
DTXSID4041280,75,1.1421092860153534e-08,0
DTXSID4041284,75,0.9999999922631687,1
DTXSID4041317,75,0.9999975121844683,1
DTXSID4041361,75,1.0037971791693467e-11,0
DTXSID4041367,75,3.390370623648398e-06,0
DTXSID4041440,75,0.0,0
DTXSID4041442,75,6.016236177792164e-08,0
DTXSID4041444,75,2.6206945355491006e-13,0
DTXSID4041490,75,2.1376850899674657e-19,0
DTXSID4041492,75,0.9999999869874088,1
DTXSID4041521,75,6.203028621265327e-06,0
DTXSID4041527,75,0.0,0
DTXSID4041529,75,4.850120559598646e-13,0
DTXSID4041573,75,1.0476159858993385e-14,0
DTXSID4041575,75,2.236916156633231e-09,0
DTXSID4041604,75,2.8404015394828006e-08,0
DTXSID4041654,75,0.9999992928578769,1
DTXSID4041812,75,9.27152950024711e-07,0
DTXSID4041818,75,4.269543197066961e-14,0
DTXSID4042094,75,3.8191420738098524e-08,0
DTXSID4042096,75,0.9999999997725699,1
DTXSID4042121,75,8.372285827620681e-09,0
DTXSID4042171,75,0.0,0
DTXSID4042206,75,0.0,0
DTXSID4042256,75,2.24610751362212e-14,0
DTXSID4042335,75,1.5245406520643772e-10,0
DTXSID4042337,75,7.215906496010007e-06,0
DTXSID4042416,75,6.01091629361861e-07,0
DTXSID4042418,75,0.0,0
DTXSID4043937,75,0.0,0
DTXSID4044161,75,0.0,0
DTXSID4044371,75,2.943445179277777e-11,0
DTXSID4044375,75,3.0332817662666925e-06,0
DTXSID4044379,75,1.450220727810903e-14,0
DTXSID4044454,75,6.813530010012113e-08,0
DTXSID4044456,75,0.0,0
DTXSID4044535,75,1.0974005831620692e-10,0
DTXSID4044537,75,0.9996360095057669,1
DTXSID4044581,75,3.6880570285832333e-06,0
DTXSID4044587,75,2.4633994536139443e-06,0
DTXSID4044616,75,1.1344001300747116e-16,0
DTXSID4044664,75,0.9997160566602628,1
DTXSID4044668,75,0.0018267713228271125,0
DTXSID4044747,75,6.708155113884756e-07,0
DTXSID4044791,75,0.0,0
DTXSID4044793,75,4.856046264623162e-17,0
DTXSID4044799,75,0.0,0
DTXSID4044822,75,0.9999994569944093,1
DTXSID4044824,75,6.588038890977501e-07,0
DTXSID4044826,75,2.1592436196019143e-06,0
DTXSID4044828,75,0.0012249527808619186,0
DTXSID4044870,75,0.0,0
DTXSID4044872,75,0.0,0
DTXSID4044901,75,0.9289479533384876,1
DTXSID4044905,75,4.584915482552137e-16,0
DTXSID4044909,75,0.0006243790642882438,0
DTXSID4044951,75,0.36672625971215017,0
DTXSID4044953,75,0.0,0
DTXSID4044955,75,1.9237138805363263e-06,0
DTXSID4046448,75,0.998922441203211,1
DTXSID4046999,75,2.2117693843695773e-07,0
DTXSID4047042,75,0.31826827991838047,0
DTXSID4047044,75,1.0114217267500347e-18,0
DTXSID4047046,75,1.0315983992403904e-08,0
DTXSID4047092,75,0.9999992398815605,1
DTXSID4047094,75,1.1600733054637682e-07,0
DTXSID4047098,75,0.9999998612484411,1
DTXSID4047123,75,2.7157994768096627e-12,0
DTXSID4047125,75,0.0016188651613899914,0
DTXSID4047127,75,0.9999998509338489,1
DTXSID4047129,75,2.422872123539479e-19,0
DTXSID4047173,75,2.634566656912943e-10,0
DTXSID4047177,75,0.9999418173091297,1
DTXSID4047179,75,0.9999998327191174,1
DTXSID4047200,75,0.9999982512456677,1
DTXSID4047202,75,0.9999974661640214,1
DTXSID4047252,75,7.7199155930761e-12,0
DTXSID4047254,75,1.206012078016776e-05,0
DTXSID4047258,75,1.744964243988275e-07,0
DTXSID4047331,75,1.9939876883294925e-05,0
DTXSID4047333,75,0.00011342469112025669,0
DTXSID4047335,75,3.722836025820215e-10,0
DTXSID4047337,75,0.0003762525908280683,0
DTXSID4047339,75,0.0012812467486152037,0
DTXSID4047381,75,0.9926513149906708,1
DTXSID4047383,75,0.8865289137534925,0
DTXSID4047385,75,0.0002015358030178066,0
DTXSID4047387,75,0.9239523702154151,1
DTXSID4047389,75,0.0,0
DTXSID4047410,75,0.9999999679648061,1
DTXSID4047412,75,0.0,0
DTXSID4047414,75,2.7367821306634116e-05,0
DTXSID4047416,75,1.2763494523828334e-07,0
DTXSID4047418,75,0.0,0
DTXSID4047462,75,0.9999839065324567,1
DTXSID4047464,75,7.227728759265125e-09,0
DTXSID4047466,75,4.837420444353948e-10,0
DTXSID4047468,75,1.0483748188103174e-12,0
DTXSID4047545,75,0.8503663020416995,0
DTXSID4047547,75,0.0,0
DTXSID4047549,75,3.9846751534022436e-10,0
DTXSID4047591,75,4.851897738375491e-07,0
DTXSID4047593,75,4.82188770403399e-05,0
DTXSID4047597,75,2.7032340452321707e-05,0
DTXSID4047599,75,3.748336069230484e-17,0
DTXSID4047620,75,0.0,0
DTXSID4047622,75,7.561018298016636e-14,0
DTXSID4047624,75,0.008977098437465506,0
DTXSID4047628,75,0.9954719096492775,1
DTXSID4047672,75,1.5707725956086587e-06,0
DTXSID4047703,75,1.839958579377109e-10,0
DTXSID4047705,75,3.2697139074895414e-06,0
DTXSID4047709,75,0.9999988008953729,1
DTXSID4047753,75,1.3435956713466232e-08,0
DTXSID4047882,75,0.9999839919783795,1
DTXSID4048191,75,0.0019029606953750618,0
DTXSID4048193,75,0.0,0
DTXSID4048195,75,0.9999923192265359,1
DTXSID4048199,75,0.0018259263199139008,0
DTXSID4048511,75,1.1296749185897944e-06,0
DTXSID4048513,75,0.0,0
DTXSID4048519,75,0.0,0
DTXSID4051536,75,0.0,0
DTXSID4051580,75,9.771319259123408e-19,0
DTXSID4051586,75,0.07484663011090172,0
DTXSID4051619,75,0.0,0
DTXSID4051900,75,5.63325571453973e-13,0
DTXSID4052132,75,0.003439060049714844,0
DTXSID4052186,75,0.9999999377505651,1
DTXSID4052213,75,4.735412924576726e-14,0
DTXSID4052267,75,0.0,0
DTXSID4052269,75,0.9999999503742123,1
DTXSID4052342,75,5.1098654161547387e-11,0
DTXSID4052502,75,0.9998608670514906,1
DTXSID4052506,75,7.039852938915701e-07,0
DTXSID4052550,75,0.0,0
DTXSID4052554,75,1.526276370557509e-07,0
DTXSID4052558,75,0.9999205399154869,1
DTXSID4052689,75,0.0,0
DTXSID4052710,75,4.352336196205759e-08,0
DTXSID4052891,75,0.9999999999999921,1
DTXSID4052893,75,0.0,0
DTXSID4052895,75,0.000378123201104627,0
DTXSID4052897,75,4.967862431668968e-08,0
DTXSID4052899,75,0.0,0
DTXSID4058655,75,2.2315139444681942e-05,0
DTXSID4059833,75,0.0,0
DTXSID4059881,75,0.0,0
DTXSID4059912,75,0.0,0
DTXSID4059914,75,1.971507893831301e-06,0
DTXSID4059916,75,0.9998036306395822,1
DTXSID4072990,75,0.9999998322357049,1
DTXSID40858880,75,0.16861830340042175,0
DTXSID40858885,75,0.00989544906978591,0
DTXSID40858901,75,1.1686109064032736e-05,0
DTXSID40858906,75,0.008910625852529776,0
DTXSID40858921,75,0.044849385867515676,0
DTXSID40872708,75,0.9999018619903559,1
DTXSID40872723,75,1.1455301751337551e-13,0
DTXSID40872728,75,0.9999998881403437,1
DTXSID40872743,75,3.583314838525119e-05,0
DTXSID40872748,75,0.9999999975986047,1
DTXSID40903829,75,0.9998718456772386,1
DTXSID40903844,75,0.9992311899913908,1
DTXSID40903849,75,6.156290427721644e-05,0
DTXSID40903864,75,0.0,0
DTXSID40903869,75,0.0,0
DTXSID40903884,75,0.0,0
DTXSID40903889,75,0.0,0
DTXSID501339554,75,6.024135831426995e-06,0
DTXSID501351788,75,5.437241435488144e-18,0
DTXSID501351790,75,4.773261742631523e-11,0
DTXSID501351807,75,0.0,0
DTXSID50184723,75,0.00015239413343175138,0
DTXSID5020027,75,2.004295575225507e-05,0
DTXSID5020029,75,0.9999999173072207,1
DTXSID5020106,75,1.1470600929150423e-08,0
DTXSID5020108,75,6.864432851832538e-08,0
DTXSID5020152,75,8.37603239924723e-09,0
DTXSID5020154,75,0.9999999891046754,1
DTXSID5020233,75,4.3699441634236635e-06,0
DTXSID5020281,75,3.9318615005223535e-16,0
DTXSID5020283,75,7.11565017643824e-06,0
DTXSID5020310,75,0.6795700755735348,0
DTXSID5020314,75,0.8660857166084076,0
DTXSID5020360,75,1.2910422524688293e-07,0
DTXSID5020366,75,8.488402816518755e-06,0
DTXSID5020368,75,0.0,0
DTXSID5020441,75,3.207874139185404e-05,0
DTXSID5020443,75,0.9999967399086153,1
DTXSID5020445,75,7.905753010896422e-11,0
DTXSID5020447,75,0.9999997895326218,1
DTXSID5020449,75,5.18736772776453e-07,0
DTXSID5020493,75,1.4002827033259777e-05,0
DTXSID5020497,75,0.0021033043384658914,0
DTXSID5020499,75,1.5700264703887543e-07,0
DTXSID5020520,75,6.951995759852099e-11,0
DTXSID5020528,75,0.0,0
DTXSID5020570,75,0.9999999999655795,1
DTXSID5020576,75,1.0,1
DTXSID5020601,75,0.0,0
DTXSID5020603,75,3.2300806752470858e-09,0
DTXSID5020605,75,5.1061837413661605e-05,0
DTXSID5020607,75,0.0009067951132722557,0
DTXSID5020653,75,0.9998979819220968,1
DTXSID5020730,75,0.8782988281177029,0
DTXSID5020732,75,0.999999992345616,1
DTXSID5020738,75,0.9709524438386945,1
DTXSID5020784,75,0.9897430524530064,1
DTXSID5020811,75,2.744934665624698e-07,0
DTXSID5020815,75,4.214657975515155e-05,0
DTXSID5020819,75,0.9951842444072023,1
DTXSID5020863,75,1.02284419246891e-11,0
DTXSID5020867,75,0.6206570365291485,0
DTXSID5020869,75,0.9999968522013704,1
DTXSID5020944,75,0.4353123698496967,0
DTXSID5020948,75,1.2010265785789755e-06,0
DTXSID5021097,75,0.9999999916700858,1
DTXSID5021124,75,7.37041732430088e-14,0
DTXSID5021126,75,0.9999999955751594,1
DTXSID5021128,75,0.9999977317082412,1
DTXSID5021201,75,0.9997492997376161,1
DTXSID5021209,75,0.9999999949911749,1
DTXSID5021251,75,8.082016427655861e-06,0
DTXSID5021330,75,2.637051677257205e-10,0
DTXSID5021332,75,1.8961965172543953e-14,0
DTXSID5021336,75,0.00024046708266167323,0
DTXSID5021380,75,3.024621841729817e-17,0
DTXSID5021386,75,0.020471582768482273,0
DTXSID5021388,75,1.8164243971633785e-08,0
DTXSID5021411,75,8.376449947655048e-09,0
DTXSID5021413,75,1.3319024179510257e-05,0
DTXSID5021415,75,1.4974635763522968e-07,0
DTXSID5021419,75,0.0,0
DTXSID5021544,75,3.377939519744061e-08,0
DTXSID5021590,75,8.937053285653244e-07,0
DTXSID5021621,75,2.998097089228556e-17,0
DTXSID5021627,75,0.0,0
DTXSID5021629,75,0.005488066909126744,0
DTXSID5021754,75,0.9444851352154805,1
DTXSID5021758,75,3.367582626090809e-10,0
DTXSID50218052,75,0.02177841384438553,0
DTXSID5021831,75,0.0,0
DTXSID5021835,75,5.82077574314414e-07,0
DTXSID5021837,75,3.820176719435647e-06,0
DTXSID5021839,75,0.9945504981799936,1
DTXSID5021881,75,9.680161336365518e-05,0
DTXSID5021883,75,4.246266954633254e-14,0
DTXSID5021885,75,2.3142000422525585e-19,0
DTXSID5021889,75,1.9234918060249156e-07,0
DTXSID5021910,75,9.18266468117606e-13,0
DTXSID5021914,75,1.491447296723453e-06,0
DTXSID5021916,75,5.1773640517202834e-17,0
DTXSID5021962,75,1.9914997399550476e-05,0
DTXSID5021968,75,4.117681487688805e-12,0
DTXSID5022194,75,0.0,0
DTXSID5022198,75,5.365209896877166e-07,0
DTXSID5022271,75,1.9692417607597445e-06,0
DTXSID5022279,75,1.1049013866408397e-08,0
DTXSID5022308,75,0.9999999999999959,1
DTXSID5022437,75,0.9999999459689686,1
DTXSID5022439,75,0.9999999947013867,1
DTXSID5022489,75,0.9999951015465556,1
DTXSID5022510,75,0.9999996251386736,1
DTXSID5022857,75,0.0,0
DTXSID50229163,75,8.527640601702511e-13,0
DTXSID5022934,75,4.739804971992386e-14,0
DTXSID5023035,75,0.0,0
DTXSID5023039,75,0.9999988179724559,1
DTXSID5023114,75,1.9620630865531856e-09,0
DTXSID5023243,75,0.7973617678231537,0
DTXSID5023322,75,0.006582771338085462,0
DTXSID5023324,75,0.46061186212331934,0
DTXSID5023376,75,2.6847700199001398e-17,0
DTXSID5023588,75,0.9999994372830958,1
DTXSID5023742,75,0.03251349667898686,0
DTXSID5023792,75,0.0010305800160466327,0
DTXSID5023796,75,0.9999926010464922,1
DTXSID5023825,75,5.354738214353136e-11,0
DTXSID5023871,75,0.00027626790685125936,0
DTXSID5023875,75,1.3174288234323742e-14,0
DTXSID5023877,75,1.2762651314153983e-08,0
DTXSID5023900,75,1.9909356163446194e-05,0
DTXSID5023902,75,0.9999999979700239,1
DTXSID5023950,75,0.9999999999581045,1
DTXSID5024051,75,1.713974675260363e-11,0
DTXSID5024055,75,8.740929904246535e-06,0
DTXSID5024057,75,0.0,0
DTXSID5024059,75,0.9999996503856144,1
DTXSID5024134,75,0.9998386452983408,1
DTXSID5024182,75,7.412974385320743e-08,0
DTXSID5024211,75,0.9999691287730259,1
DTXSID5024261,75,1.7127840106777016e-07,0
DTXSID5024263,75,8.220548188950622e-17,0
DTXSID5024344,75,0.15625644656091559,0
DTXSID5024346,75,2.226146431425974e-12,0
DTXSID5024394,75,6.536816389361869e-06,0
DTXSID5024506,75,1.0,1
DTXSID5024681,75,5.866005317168793e-09,0
DTXSID5024687,75,0.9999999300581844,1
DTXSID5024845,75,0.0,0
DTXSID5024891,75,0.999999992278567,1
DTXSID5024922,75,4.95392058058787e-07,0
DTXSID5025021,75,0.9999986641812868,1
DTXSID5025023,75,0.002426365396686041,0
DTXSID5025102,75,0.0,0
DTXSID5025150,75,1.1221668117610732e-05,0
DTXSID5025152,75,0.004240610495339198,0
DTXSID5025231,75,0.9999988504693086,1
DTXSID5025285,75,1.1215760834867173e-07,0
DTXSID5025364,75,0.0,0
DTXSID5025572,75,1.6053692018141232e-10,0
DTXSID5025578,75,6.914046389881204e-18,0
DTXSID5025603,75,7.093953891041098e-10,0
DTXSID5025607,75,0.0012797303289670073,0
DTXSID5025609,75,1.0708823375579884e-18,0
DTXSID5025659,75,0.0,0
DTXSID5025730,75,0.9999997557486314,1
DTXSID5025815,75,6.664977300302982e-06,0
DTXSID5025861,75,0.9999998887805037,1
DTXSID5026120,75,1.0825018487075765e-17,0
DTXSID5026122,75,0.0,0
DTXSID5026174,75,8.822620309335657e-09,0
DTXSID5026178,75,7.12578878254246e-08,0
DTXSID5026209,75,1.0298883233974148e-15,0
DTXSID5026251,75,0.9999966230688807,1
DTXSID5026259,75,0.01651693394314955,0
DTXSID5026461,75,1.7707854209210296e-12,0
DTXSID5026544,75,1.945002527589666e-15,0
DTXSID5026548,75,6.860864671666757e-05,0
DTXSID5026623,75,0.9292571465461268,1
DTXSID5026706,75,5.730020287290659e-10,0
DTXSID5026889,75,3.1912906823042565e-08,0
DTXSID5026912,75,0.0,0
DTXSID5026914,75,5.3702029038566076e-11,0
DTXSID5026918,75,3.768948855128613e-10,0
DTXSID5027061,75,0.9999999826313335,1
DTXSID5027069,75,1.968456078493505e-16,0
DTXSID5027140,75,1.608991537259161e-08,0
DTXSID5027142,75,0.0,0
DTXSID5027198,75,0.0,0
DTXSID5027279,75,7.319756981476114e-19,0
DTXSID5027302,75,2.4158281686284558e-11,0
DTXSID5027304,75,0.0,0
DTXSID5027308,75,1.3851173236564e-11,0
DTXSID5027356,75,0.0,0
DTXSID5027433,75,4.668651160766514e-06,0
DTXSID5027489,75,5.252898138163305e-10,0
DTXSID5027512,75,1.0132978523808349e-10,0
DTXSID5027518,75,0.0,0
DTXSID5027770,75,3.08922574477007e-06,0
DTXSID5027774,75,1.4696400314472043e-05,0
DTXSID5027803,75,1.3146058812107472e-13,0
DTXSID5027805,75,5.116954684406174e-10,0
DTXSID5027932,75,0.9996444833150959,1
DTXSID5027982,75,0.0,0
DTXSID5028033,75,1.5968471647952808e-11,0
DTXSID5028114,75,0.0,0
DTXSID5028665,75,6.445527581151938e-08,0
DTXSID5029055,75,0.9999999999230801,1
DTXSID5029182,75,4.550825540086694e-09,0
DTXSID5029217,75,0.0,0
DTXSID5029265,75,6.940880681630413e-08,0
DTXSID5030030,75,7.921620472367735e-09,0
DTXSID5031131,75,0.006396549740068769,0
DTXSID5031133,75,0.9999999942506091,1
DTXSID5032315,75,0.9997431240078272,1
DTXSID5032361,75,0.9999990792977566,1
DTXSID5032365,75,0.017716458276955928,0
DTXSID5032442,75,6.406976765653858e-06,0
DTXSID5032498,75,0.6730747246121638,0
DTXSID5032523,75,0.0,0
DTXSID5032525,75,8.393402454218182e-10,0
DTXSID5032573,75,0.9999999988942788,1
DTXSID5032577,75,1.978396257047631e-15,0
DTXSID5032579,75,0.9119987394329138,1
DTXSID5032600,75,0.006306770180123586,0
DTXSID5032654,75,2.6954056860713957e-12,0
DTXSID5033836,75,0.9999999781458286,1
DTXSID5034270,75,2.745796569998474e-06,0
DTXSID5034303,75,0.8932561205581697,0
DTXSID5034357,75,0.8026423762359504,0
DTXSID5034723,75,3.5657340795973724e-08,0
DTXSID5034773,75,4.1390344358404263e-07,0
DTXSID5034981,75,0.9762906818865068,1
DTXSID5035163,75,7.2198060288133e-17,0
DTXSID5035589,75,7.422722021205035e-08,0
DTXSID5035616,75,0.9999877924307708,1
DTXSID5035957,75,1.6530127992767084e-11,0
DTXSID50369896,75,0.9999999999999973,1
DTXSID5037028,75,1.2129268262394883e-07,0
DTXSID5037072,75,3.6664937372520452e-06,0
DTXSID5037494,75,0.0,0
DTXSID5037498,75,0.9999328326180456,1
DTXSID50375114,75,1.0778587972299174e-06,0
DTXSID5037523,75,6.7967331536792756e-12,0
DTXSID5037731,75,1.2443194910937322e-09,0
DTXSID5037739,75,0.9999999949468616,1
DTXSID50379359,75,0.0,0
DTXSID50379930,75,7.897800204036662e-05,0
DTXSID50381992,75,5.305683831041211e-06,0
DTXSID50382621,75,0.989855927333943,1
DTXSID5038830,75,0.7926120740326273,0
DTXSID5038888,75,1.5621227620346813e-07,0
DTXSID5038919,75,3.9818066228443647e-07,0
DTXSID5039224,75,0.0007086357597676357,0
DTXSID5040700,75,0.7721764296504555,0
DTXSID5040704,75,1.5613390124239695e-11,0
DTXSID5040706,75,0.9999999560946422,1
DTXSID5040708,75,0.9999978168079653,1
DTXSID5040758,75,0.41132327480381625,0
DTXSID5041190,75,2.1860002531776078e-12,0
DTXSID5041273,75,0.00033168709841445746,0
DTXSID5041275,75,3.9426865496418823e-07,0
DTXSID5041302,75,6.565909203069101e-06,0
DTXSID5041306,75,1.0,1
DTXSID5041308,75,3.4136678886801807e-07,0
DTXSID5041356,75,1.0689183252475995e-12,0
DTXSID5041431,75,3.902079849846238e-07,0
DTXSID5041437,75,8.654408858767315e-09,0
DTXSID5041439,75,0.999977476724624,1
DTXSID5041487,75,7.599319803362307e-06,0
DTXSID5041512,75,1.6419624176931174e-18,0
DTXSID5041514,75,0.001750357842033772,0
DTXSID5041516,75,0.32403329910639633,0
DTXSID5041518,75,8.832348831656762e-09,0
DTXSID5041560,75,0.9999692841360222,1
DTXSID5041641,75,0.0,0
DTXSID5041643,75,0.00021663158730635845,0
DTXSID5041691,75,0.9999999957071459,1
DTXSID5041699,75,0.0,0
DTXSID5041726,75,4.469031618682858e-06,0
DTXSID5041728,75,1.583518442735155e-05,0
DTXSID5041772,75,5.02662917639468e-07,0
DTXSID5041803,75,4.949261585721304e-10,0
DTXSID5041809,75,1.7448702179345548e-07,0
DTXSID5042083,75,4.701603185682301e-05,0
DTXSID5042243,75,5.679950752195812e-14,0
DTXSID5042249,75,7.211576540696331e-06,0
DTXSID5042299,75,0.999999818284018,1
DTXSID5042326,75,1.376532658383139e-06,0
DTXSID5042451,75,0.0,0
DTXSID5042459,75,4.809532921096429e-07,0
DTXSID5044154,75,1.8806196330459085e-13,0
DTXSID50441560,75,0.9999999998519566,1
DTXSID5044233,75,3.9538955042938515e-07,0
DTXSID5044316,75,3.869301658278424e-08,0
DTXSID5044318,75,0.0,0
DTXSID5044360,75,3.472491194119385e-18,0
DTXSID5044362,75,4.178514770329392e-16,0
DTXSID5044364,75,1.6360466046623855e-08,0
DTXSID5044366,75,0.0,0
DTXSID5044368,75,1.9683850010616385e-09,0
DTXSID5044441,75,9.986785098601075e-13,0
DTXSID5044443,75,9.253400682772553e-09,0
DTXSID5044445,75,1.533908631056493e-22,0
DTXSID5044447,75,9.381200847086084e-14,0
DTXSID5044493,75,8.382008811904663e-11,0
DTXSID5044495,75,0.014671305094438042,0
DTXSID5044520,75,5.692920427568215e-19,0
DTXSID5044522,75,3.4013017408636106e-11,0
DTXSID5044526,75,1.0893510986779763e-09,0
DTXSID5044528,75,4.729344409234863e-18,0
DTXSID5044570,75,0.0,0
DTXSID5044572,75,0.9999886345307185,1
DTXSID5044574,75,0.9999991586139478,1
DTXSID5044576,75,0.4523638681658493,0
DTXSID5044578,75,1.932792306140112e-06,0
DTXSID5044605,75,1.4238860151430557e-15,0
DTXSID5044607,75,1.0,1
DTXSID5044782,75,0.9852914082955618,1
DTXSID5044784,75,9.059338988319038e-07,0
DTXSID5044786,75,0.9999995311702241,1
DTXSID5044788,75,6.468887141058481e-18,0
DTXSID5044815,75,0.0,0
DTXSID5044817,75,0.9999991164947017,1
DTXSID5044863,75,0.0,0
DTXSID5044865,75,4.221838207810308e-16,0
DTXSID5044869,75,0.0,0
DTXSID5044948,75,0.0002068507878669628,0
DTXSID5044992,75,8.713851099734506e-09,0
DTXSID5044994,75,0.09873987680079047,0
DTXSID5044996,75,3.145252603082389e-14,0
DTXSID5044998,75,0.6893701878805302,0
DTXSID5046516,75,0.0,0
DTXSID5046801,75,2.0144673353397066e-15,0
DTXSID50469320,75,0.9999999925117453,1
DTXSID5047031,75,0.9999970778259806,1
DTXSID5047033,75,7.561653978609319e-05,0
DTXSID5047037,75,0.9999845097310176,1
DTXSID5047081,75,1.68467995965174e-08,0
DTXSID5047083,75,6.369234658158783e-20,0
DTXSID5047087,75,5.9574224099580806e-08,0
DTXSID5047112,75,0.3726381139354051,0
DTXSID5047116,75,0.999963005146506,1
DTXSID5047160,75,0.998945797577343,1
DTXSID5047164,75,0.9995743685472867,1
DTXSID5047166,75,1.5560378758251788e-08,0
DTXSID5047245,75,0.9967189961258406,1
DTXSID5047249,75,8.636429893456039e-09,0
DTXSID5047291,75,0.7185502092597238,0
DTXSID5047295,75,5.655729189994928e-09,0
DTXSID5047297,75,4.9858758193174703e-08,0
DTXSID5047299,75,1.6489610398130392e-08,0
DTXSID5047320,75,2.195944718857875e-14,0
DTXSID5047322,75,7.010940704602331e-07,0
DTXSID5047324,75,2.5692953180830893e-05,0
DTXSID5047328,75,4.30028753440877e-10,0
DTXSID5047372,75,0.003994145784748277,0
DTXSID5047374,75,0.9999999731564387,1
DTXSID5047376,75,0.00025216602413833365,0
DTXSID5047405,75,0.001593652751012969,0
DTXSID5047451,75,1.9492983777664244e-05,0
DTXSID5047538,75,0.0001582948453203405,0
DTXSID5047582,75,2.7390776979537375e-10,0
DTXSID5047584,75,1.9023510729218265e-06,0
DTXSID5047611,75,0.0,0
DTXSID5047617,75,5.724868014918008e-19,0
DTXSID5047667,75,3.3481386822943744e-11,0
DTXSID5047796,75,0.0,0
DTXSID5047879,75,0.9999999352372931,1
DTXSID5048180,75,0.00022849271372305747,0
DTXSID5048182,75,0.9999999793842272,1
DTXSID5048184,75,7.373399359378707e-10,0
DTXSID5048186,75,0.6868429557082721,0
DTXSID5048188,75,0.003212022765423298,0
DTXSID5048211,75,6.044946987926866e-18,0
DTXSID5048506,75,0.0005135655544801593,0
DTXSID5049073,75,0.0,0
DTXSID5049075,75,8.855747878497913e-10,0
DTXSID5051444,75,0.9998780861392029,1
DTXSID5051446,75,1.8684637405700874e-08,0
DTXSID5051525,75,3.3953108285050795e-11,0
DTXSID5051529,75,9.196652263684345e-13,0
DTXSID5051575,75,3.1503032600351577e-07,0
DTXSID5051650,75,1.7106297042351574e-05,0
DTXSID5051999,75,1.0136485683745664e-05,0
DTXSID5052042,75,1.3895007328260641e-08,0
DTXSID5052125,75,2.417300444376588e-08,0
DTXSID5052250,75,0.9068103956797712,1
DTXSID5052254,75,0.0,0
DTXSID5052460,75,6.627331484286007e-06,0
DTXSID5052591,75,0.0,0
DTXSID5052593,75,6.448488711471351e-07,0
DTXSID5052595,75,3.5638264762650427e-10,0
DTXSID5052597,75,0.0,0
DTXSID5052620,75,0.0,0
DTXSID5052672,75,7.1510892143552255e-12,0
DTXSID5052832,75,0.0,0
DTXSID5052838,75,4.366825148351635e-08,0
DTXSID5052884,75,1.8127867474240987e-07,0
DTXSID5052911,75,0.0,0
DTXSID5052913,75,1.9056804765134763e-05,0
DTXSID5057888,75,3.6230041907310966e-08,0
DTXSID5057911,75,0.999999999999997,1
DTXSID5057913,75,1.0,1
DTXSID5057915,75,0.0,0
DTXSID5057917,75,0.9999999999822705,1
DTXSID5059799,75,0.9999999999993596,1
DTXSID5059828,75,1.0,1
DTXSID5060986,75,0.0,0
DTXSID5061954,75,0.9999934550649819,1
DTXSID5063235,75,0.9999999999999989,1
DTXSID5067348,75,0.9999997081790598,1
DTXSID5073901,75,3.308381076229791e-11,0
DTXSID50858871,75,6.830615811855789e-05,0
DTXSID50858876,75,2.2519365459465228e-06,0
DTXSID50858891,75,0.9918991777690226,1
DTXSID50858896,75,0.9999984889313587,1
DTXSID50858912,75,0.9992970775038165,1
DTXSID50858917,75,0.9985396859459844,1
DTXSID50872714,75,2.9601974448068284e-05,0
DTXSID50872719,75,5.603871819377803e-08,0
DTXSID50872734,75,0.9999999884554964,1
DTXSID50872739,75,0.0,0
DTXSID50872754,75,9.731882271149033e-09,0
DTXSID50880218,75,9.382043318698732e-06,0
DTXSID50892417,75,6.516986134221749e-06,0
DTXSID50903830,75,0.9999999989685944,1
DTXSID50903835,75,0.9934920864724288,1
DTXSID50903850,75,1.3170325410716157e-07,0
DTXSID50903855,75,0.0,0
DTXSID50903870,75,0.0,0
DTXSID50903875,75,0.0,0
DTXSID50903890,75,0.0,0
DTXSID50903895,75,0.0,0
DTXSID601339557,75,6.370566193692929e-07,0
DTXSID601339595,75,2.447503102731836e-12,0
DTXSID601351793,75,0.9999999322574304,1
DTXSID60195123,75,0.9999999938289914,1
DTXSID6020014,75,4.490893810218572e-12,0
DTXSID6020062,75,5.46956511937374e-07,0
DTXSID6020064,75,3.4183503491103054e-18,0
DTXSID6020066,75,0.0,0
DTXSID6020068,75,0.999999998887311,1
DTXSID6020141,75,3.622963846794254e-06,0
DTXSID6020143,75,0.0,0
DTXSID6020145,75,0.9997226814568922,1
DTXSID6020147,75,0.1650656375660956,0
DTXSID6020193,75,6.189375476770173e-14,0
DTXSID6020197,75,1.1555632923112948e-10,0
DTXSID6020220,75,0.0006019106593077076,0
DTXSID6020222,75,1.6835189780860433e-10,0
DTXSID6020224,75,1.6253317220632069e-06,0
DTXSID6020278,75,0.0,0
DTXSID6020307,75,0.9999999999833628,1
DTXSID6020309,75,2.3181505929534555e-05,0
DTXSID6020357,75,1.675201058398631e-10,0
DTXSID6020359,75,4.849374128386354e-07,0
DTXSID6020430,75,1.199060650877181e-10,0
DTXSID6020438,75,4.716727326431002e-15,0
DTXSID6020480,75,0.9999453335205876,1
DTXSID6020511,75,0.9999999072294298,1
DTXSID6020515,75,0.00013232197823870252,0
DTXSID6020561,75,0.9999655626232161,1
DTXSID6020569,75,1.3293691158942668e-08,0
DTXSID6020648,75,0.0004322692188187632,0
DTXSID6020690,75,2.264637701820299e-06,0
DTXSID6020692,75,0.0,0
DTXSID6020694,75,0.0,0
DTXSID6020721,75,1.1213899899245396e-19,0
DTXSID6020779,75,4.67611907966258e-19,0
DTXSID6020856,75,3.2977480436726595e-05,0
DTXSID6020939,75,7.317919955170188e-11,0
DTXSID6020981,75,2.930037932929664e-08,0
DTXSID6021030,75,0.9999999071558945,1
DTXSID6021032,75,0.9999790388142379,1
DTXSID6021082,75,2.1629908825454046e-06,0
DTXSID6021086,75,0.9979549657668423,1
DTXSID6021113,75,0.0,0
DTXSID6021117,75,2.036014705881355e-11,0
DTXSID6021240,75,0.0,0
DTXSID6021244,75,1.9435705689049185e-13,0
DTXSID6021248,75,0.0,0
DTXSID6021290,75,0.0,0
DTXSID6021292,75,8.019778216176056e-11,0
DTXSID6021294,75,8.880326948085621e-11,0
DTXSID6021296,75,3.547494253633195e-14,0
DTXSID6021371,75,1.9621561868772916e-15,0
DTXSID6021375,75,0.0,0
DTXSID6021402,75,1.859585591065981e-15,0
DTXSID6021404,75,3.2030313006844917e-06,0
DTXSID6021450,75,1.0765477016269602e-13,0
DTXSID6021456,75,5.500156646069802e-10,0
DTXSID6021583,75,1.627949329479789e-05,0
DTXSID6021666,75,2.7666615030373033e-06,0
DTXSID6021793,75,0.9999977892924172,1
DTXSID6021795,75,0.9999614644935608,1
DTXSID6021799,75,2.0356450275633457e-19,0
DTXSID6021822,75,0.00021795048014505732,0
DTXSID6021824,75,0.9999981155306247,1
DTXSID6021828,75,6.803767221261352e-05,0
DTXSID6021872,75,1.6707173541385878e-07,0
DTXSID6021907,75,1.735628807660397e-18,0
DTXSID6021953,75,2.915208117466729e-08,0
DTXSID6021957,75,8.381162212262697e-08,0
DTXSID6021959,75,0.9746446976627932,1
DTXSID6022000,75,6.378081769171076e-06,0
DTXSID6022002,75,4.7228465447705413e-07,0
DTXSID6022004,75,0.0,0
DTXSID6022006,75,2.5498895886160567e-06,0
DTXSID6022008,75,0.0,0
DTXSID6022056,75,1.1996473450859488e-18,0
DTXSID6022058,75,2.0547471572462677e-09,0
DTXSID6022137,75,6.945994771594736e-13,0
DTXSID6022187,75,1.2220169973155196e-05,0
DTXSID6022341,75,0.0007935765338340423,0
DTXSID6022345,75,0.9999999999905299,1
DTXSID6022391,75,0.999999939087255,1
DTXSID6022422,75,0.9999984244096023,1
DTXSID6022472,75,6.462055511265955e-15,0
DTXSID6022474,75,0.9999999693148904,1
DTXSID6022557,75,6.090716393245431e-06,0
DTXSID6022927,75,1.1982156456152047e-12,0
DTXSID6023159,75,0.999989064502178,1
DTXSID6023367,75,6.418094661124852e-08,0
DTXSID6023523,75,7.83867680236103e-08,0
DTXSID6023600,75,5.571610323462298e-12,0
DTXSID6023602,75,1.9484222749630987e-11,0
DTXSID6023652,75,0.999900370928212,1
DTXSID6023733,75,4.399003460441019e-14,0
DTXSID6023810,75,2.5281993730294016e-07,0
DTXSID6023862,75,6.498879859729106e-07,0
DTXSID6023864,75,3.1440983173561712e-06,0
DTXSID6023868,75,0.9999979260589507,1
DTXSID6023999,75,0.9999904770918232,1
DTXSID6024046,75,0.0,0
DTXSID6024048,75,8.903701395897456e-15,0
DTXSID6024123,75,4.945778740412612e-09,0
DTXSID6024175,75,1.1792200152383342e-05,0
DTXSID6024177,75,0.0,0
DTXSID6024200,75,0.0,0
DTXSID6024204,75,2.0343527248518945e-16,0
DTXSID6024206,75,1.1150394840688763e-05,0
DTXSID6024254,75,0.19217626166550586,0
DTXSID6024337,75,0.0,0
DTXSID6024460,75,0.999999959947787,1
DTXSID6024466,75,2.6423103298661577e-19,0
DTXSID6024624,75,0.0,0
DTXSID6024628,75,6.308090599299447e-10,0
DTXSID6024670,75,2.558071365815126e-14,0
DTXSID6024674,75,3.204073393403906e-16,0
DTXSID6024676,75,0.45009869722325163,0
DTXSID6024701,75,0.9999987726251797,1
DTXSID6024834,75,0.9997922651898522,1
DTXSID6024836,75,0.9989563323027896,1
DTXSID6024838,75,1.122163035217645e-09,0
DTXSID6024882,75,1.4785568630385978e-07,0
DTXSID6024888,75,0.999999999999326,1
DTXSID6024911,75,1.0587517684108265e-05,0
DTXSID6024913,75,1.4598566756549975e-14,0
DTXSID6024917,75,1.5758029413269977e-07,0
DTXSID6025010,75,0.0,0
DTXSID6025012,75,1.6250353709570668e-09,0
DTXSID6025014,75,9.349045285562902e-11,0
DTXSID6025018,75,0.9999999755569742,1
DTXSID6025068,75,0.9999999808229627,1
DTXSID6025141,75,0.9999992026529847,1
DTXSID6025143,75,0.9999997103319818,1
DTXSID6025145,75,0.0,0
DTXSID6025220,75,0.0,0
DTXSID6025226,75,2.0008895319928997e-06,0
DTXSID6025272,75,5.466020090677969e-07,0
DTXSID6025301,75,1.4750367389301674e-13,0
DTXSID6025303,75,7.14907708164558e-10,0
DTXSID6025305,75,0.0,0
DTXSID6025355,75,1.3107934240056348e-06,0
DTXSID6025432,75,1.6583276560304165e-10,0
DTXSID6025436,75,0.0,0
DTXSID6025438,75,0.0,0
DTXSID6025486,75,4.6047131053568766e-08,0
DTXSID6025567,75,1.0687318345187963e-10,0
DTXSID6025648,75,0.9999652614430787,1
DTXSID6025690,75,0.0,0
DTXSID6025692,75,2.2606690497830498e-17,0
DTXSID6026080,75,3.3621892853067653e-20,0
DTXSID6026084,75,4.571052300188546e-14,0
DTXSID6026088,75,3.0678577808351677e-12,0
DTXSID6026119,75,0.0,0
DTXSID6026298,75,1.719684040927601e-10,0
DTXSID6026797,75,0.0,0
DTXSID6026799,75,2.5346911409872952e-11,0
DTXSID6026955,75,1.3554887990182485e-13,0
DTXSID6027050,75,4.152790035516325e-08,0
DTXSID6027052,75,3.6579465977971913e-10,0
DTXSID6027131,75,0.9999999946826811,1
DTXSID6027133,75,4.476565453514086e-16,0
DTXSID6027181,75,1.4763662075886983e-08,0
DTXSID6027185,75,4.3221564851907465e-09,0
DTXSID6027218,75,0.6672883794876294,0
DTXSID6027266,75,2.2896207422173918e-05,0
DTXSID6027268,75,0.9995565561855656,1
DTXSID6027341,75,2.0713117748682368e-18,0
DTXSID6027345,75,0.9999999999934507,1
DTXSID6027395,75,2.666947996847926e-09,0
DTXSID6027397,75,3.389932959003523e-05,0
DTXSID6027426,75,3.809401719682768e-10,0
DTXSID6027503,75,1.9330018201683272e-09,0
DTXSID6027634,75,5.097602943336463e-09,0
DTXSID6027713,75,2.409558905103333e-16,0
DTXSID6027921,75,0.11062088150015101,0
DTXSID6027923,75,0.8211654492186762,0
DTXSID6028022,75,0.9999986035393825,1
DTXSID6028492,75,6.530203028438219e-05,0
DTXSID6029171,75,0.0,0
DTXSID6029202,75,4.271552406340116e-05,0
DTXSID6029331,75,2.2398936707257855e-15,0
DTXSID6029755,75,1.5567683231197084e-05,0
DTXSID6031380,75,3.2286275075449835e-13,0
DTXSID6031461,75,2.3859049474458834e-06,0
DTXSID6032192,75,0.9999999747284494,1
DTXSID6032352,75,0.9999971617029051,1
DTXSID6032354,75,0.00028547110953381055,0
DTXSID6032356,75,0.759118311580148,0
DTXSID6032358,75,0.9993913978414408,1
DTXSID6032431,75,0.0,0
DTXSID6032514,75,0.0,0
DTXSID6032516,75,2.072712982794878e-13,0
DTXSID6032518,75,0.0,0
DTXSID6032562,75,2.5403570656956913e-13,0
DTXSID6032641,75,3.767283164751501e-09,0
DTXSID6032645,75,8.376628408545436e-12,0
DTXSID6032647,75,2.800322214240573e-09,0
DTXSID6032649,75,0.0,0
DTXSID6033241,75,1.7511661290059997e-08,0
DTXSID6034005,75,7.842340841470458e-07,0
DTXSID6034186,75,0.0012878942001601416,0
DTXSID6034265,75,0.0,0
DTXSID6034392,75,7.535088033439897e-08,0
DTXSID6034712,75,0.0,0
DTXSID6034762,75,0.0,0
DTXSID6034764,75,0.7397313243548308,0
DTXSID6034849,75,4.706471847150863e-05,0
DTXSID6034924,75,3.9627699339714717e-13,0
DTXSID6034928,75,2.3142426205499686e-06,0
DTXSID6034972,75,0.0,0
DTXSID6035152,75,0.985681809913037,1
DTXSID6035156,75,5.910421109559379e-07,0
DTXSID6035285,75,2.8245484368680627e-19,0
DTXSID6035784,75,0.04561549545253942,0
DTXSID6036467,75,1.2212600990049267e-11,0
DTXSID6037483,75,0.0,0
DTXSID6037564,75,0.0,0
DTXSID6037568,75,1.6281042870041637e-09,0
DTXSID6037728,75,0.9998394082073288,1
DTXSID60377821,75,0.01221548534579859,0
DTXSID60377826,75,1.4592634883146863e-10,0
DTXSID60379269,75,3.16811811654315e-08,0
DTXSID60379901,75,0.9999999999393981,1
DTXSID60380390,75,0.0,0
DTXSID6038326,75,7.367233493154386e-23,0
DTXSID6038798,75,0.0,0
DTXSID6038827,75,2.0394969857487353e-06,0
DTXSID6038877,75,0.4526119754190774,0
DTXSID60400587,75,3.250197245410726e-17,0
DTXSID6040111,75,0.00042654102681311543,0
DTXSID6040115,75,0.0,0
DTXSID6040117,75,0.9999999311800258,1
DTXSID6040371,75,8.324596222030725e-10,0
DTXSID6040373,75,1.3262313461847856e-05,0
DTXSID6040375,75,0.0,0
DTXSID6040664,75,8.198277158331234e-17,0
DTXSID6040745,75,1.0,1
DTXSID6040747,75,0.9999999999991985,1
DTXSID6040795,75,0.0002948825537254592,0
DTXSID6041137,75,1.9704265714310116e-07,0
DTXSID6041185,75,7.105184804127244e-19,0
DTXSID6041210,75,2.7446702285300844e-07,0
DTXSID6041268,75,5.524718930577459e-15,0
DTXSID6041349,75,5.564457257006849e-12,0
DTXSID6041397,75,6.20022758705025e-21,0
DTXSID6041420,75,2.601866343939035e-07,0
DTXSID6041422,75,0.0010983568138866447,0
DTXSID6041424,75,0.0,0
DTXSID6041426,75,0.0,0
DTXSID6041472,75,9.527969567812947e-13,0
DTXSID6041503,75,0.23084536471710693,0
DTXSID6041507,75,0.999958858648824,1
DTXSID6041551,75,6.191135533071578e-08,0
DTXSID6041557,75,4.056187730091732e-07,0
DTXSID6041636,75,8.365258328033462e-09,0
DTXSID6041638,75,0.0,0
DTXSID6041682,75,0.04405207718003157,0
DTXSID6041715,75,0.9152080837799202,1
DTXSID6041719,75,7.219083384516915e-07,0
DTXSID6041844,75,0.0,0
DTXSID6041892,75,7.349242023924645e-13,0
DTXSID6042074,75,4.654054649956664e-15,0
DTXSID6042151,75,4.006837177831858e-08,0
DTXSID6042232,75,0.0,0
DTXSID6042234,75,9.229075589287649e-09,0
DTXSID6042280,75,0.9999988998438608,1
DTXSID6042282,75,0.0033899064604376284,0
DTXSID6042365,75,1.0044053909703288e-15,0
DTXSID6042369,75,0.0,0
DTXSID6042440,75,3.013055880444681e-16,0
DTXSID6042490,75,5.1239813252045905e-17,0
DTXSID6042494,75,0.0,0
DTXSID6042498,75,0.9999928666562069,1
DTXSID6043709,75,1.9997463212032864e-12,0
DTXSID6043915,75,1.3827217888431543e-09,0
DTXSID6043917,75,5.98969556584475e-07,0
DTXSID6044199,75,0.8329958315806127,0
DTXSID6044303,75,1.2612342016613054e-20,0
DTXSID6044309,75,0.0,0
DTXSID6044353,75,8.372231557297564e-08,0
DTXSID6044355,75,2.380864012058137e-17,0
DTXSID6044357,75,0.0,0
DTXSID6044359,75,2.5630758910002355e-14,0
DTXSID6044430,75,0.9999999397014797,1
DTXSID6044480,75,7.711939125084173e-07,0
DTXSID6044488,75,0.0,0
DTXSID6044511,75,9.211444082968394e-07,0
DTXSID6044513,75,3.8230271925078415e-11,0
DTXSID6044515,75,3.0661632838114543e-15,0
DTXSID6044517,75,2.535305117649671e-16,0
DTXSID6044519,75,8.387272359285727e-09,0
DTXSID6044563,75,0.0,0
DTXSID6044644,75,0.9999838458692677,1
DTXSID6044646,75,3.6345681930561985e-05,0
DTXSID6044690,75,4.144421878904724e-20,0
DTXSID6044696,75,2.6828232921032395e-09,0
DTXSID6044721,75,0.010204117441859787,0
DTXSID6044727,75,7.24939734928677e-05,0
DTXSID6044771,75,0.0,0
DTXSID6044773,75,0.7780719850726973,0
DTXSID6044777,75,0.0,0
DTXSID6044779,75,5.0284959669077876e-08,0
DTXSID6044800,75,2.3339212965163697e-05,0
DTXSID6044804,75,0.0,0
DTXSID6044808,75,0.9998239051280025,1
DTXSID6044981,75,0.0,0
DTXSID6044983,75,0.0,0
DTXSID6044985,75,1.9619820824884072e-05,0
DTXSID6045400,75,0.0,0
DTXSID6046979,75,1.0,1
DTXSID6047072,75,1.2727515629866941e-05,0
DTXSID6047074,75,1.2218804131886895e-09,0
DTXSID6047078,75,1.9717062078514299e-07,0
DTXSID6047103,75,0.999999409926737,1
DTXSID6047105,75,0.0,0
DTXSID6047107,75,0.0,0
DTXSID6047109,75,1.9033015906792395e-07,0
DTXSID6047157,75,0.99987518299108,1
DTXSID6047159,75,0.0,0
DTXSID6047236,75,2.5460848718079497e-11,0
DTXSID6047280,75,4.682516482034544e-16,0
DTXSID6047282,75,1.886007339211587e-05,0
DTXSID6047284,75,0.0,0
DTXSID6047286,75,6.220773501525612e-10,0
DTXSID6047288,75,9.784604930429084e-09,0
DTXSID6047311,75,8.978277513446582e-07,0
DTXSID6047313,75,4.4199718072193295e-05,0
DTXSID6047315,75,0.9998637960910098,1
DTXSID6047319,75,1.075732088752212e-09,0
DTXSID6047363,75,3.389515538404133e-15,0
DTXSID6047367,75,0.339620780101557,0
DTXSID6047369,75,4.0906790148529757e-10,0
DTXSID6047440,75,4.776583311767433e-13,0
DTXSID6047444,75,1.3466189600200924e-06,0
DTXSID6047446,75,2.0775147655887622e-05,0
DTXSID6047448,75,1.0830888116588699e-05,0
DTXSID6047490,75,0.9805491788349062,1
DTXSID6047525,75,8.638925505778606e-16,0
DTXSID6047527,75,2.596950523740313e-06,0
DTXSID6047575,75,0.0,0
DTXSID6047579,75,3.953204156423201e-11,0
DTXSID6047602,75,0.0,0
DTXSID6047604,75,5.667326826374265e-16,0
DTXSID6047608,75,0.0002810953965141577,0
DTXSID6047654,75,2.3603338050892577e-05,0
DTXSID6047656,75,3.813055450766447e-05,0
DTXSID6048171,75,0.0,0
DTXSID6048175,75,0.0,0
DTXSID6048200,75,0.0,0
DTXSID6048202,75,0.9999999999999998,1
DTXSID6048204,75,0.652575964377972,0
DTXSID6048206,75,0.0,0
DTXSID6048208,75,1.5946384274152527e-05,0
DTXSID60500450,75,2.984375608721112e-19,0
DTXSID6051306,75,0.0,0
DTXSID6051560,75,0.0,0
DTXSID6051564,75,2.614456028996997e-07,0
DTXSID6051566,75,8.213829880960286e-10,0
DTXSID6051695,75,0.9999993944836523,1
DTXSID6051724,75,0.0,0
DTXSID6051778,75,6.1885580209075764e-06,0
DTXSID6052112,75,8.426008964246002e-06,0
DTXSID6052291,75,0.0,0
DTXSID6052295,75,1.850318276486085e-19,0
DTXSID6052299,75,3.0470766685314002e-05,0
DTXSID6052328,75,0.00015066122327428782,0
DTXSID6052536,75,0.738171529910909,0
DTXSID6052538,75,0.0,0
DTXSID6052619,75,0.9999995881616286,1
DTXSID6052740,75,2.02852445402143e-16,0
DTXSID6052900,75,0.998149913070322,1
DTXSID6052902,75,0.9998842016337756,1
DTXSID6052904,75,0.9999999999999993,1
DTXSID6052906,75,0.9999999999987268,1
DTXSID6052908,75,0.9999482504808771,1
DTXSID6057908,75,0.3832031429191542,0
DTXSID6061022,75,4.75157265823571e-15,0
DTXSID6062599,75,6.056667766921044e-15,0
DTXSID60663110,75,5.6185638188758614e-08,0
DTXSID6067331,75,2.4192192926235793e-08,0
DTXSID60858867,75,8.075877206752406e-17,0
DTXSID60858882,75,2.348083633290104e-08,0
DTXSID60858887,75,0.999975214347765,1
DTXSID60858903,75,0.9999763410966946,1
DTXSID60858908,75,0.9936971637179582,1
DTXSID60872720,75,1.0384264130361936e-07,0
DTXSID60872725,75,0.9999999984724078,1
DTXSID60872740,75,1.8419934727239702e-10,0
DTXSID60872745,75,1.8790459306856695e-11,0
DTXSID60892443,75,3.477394899678677e-11,0
DTXSID60903826,75,0.9999999753040156,1
DTXSID60903841,75,1.8467641091645277e-06,0
DTXSID60903846,75,0.9689441385969372,1
DTXSID60903861,75,0.0,0
DTXSID60903866,75,0.0,0
DTXSID60903881,75,0.0,0
DTXSID60903886,75,0.0,0
DTXSID701339598,75,3.5043140649001954e-14,0
DTXSID701351796,75,0.9999999983052396,1
DTXSID701351803,75,0.0,0
DTXSID70191136,75,2.1432016354987624e-09,0
DTXSID7020005,75,5.268319382553965e-07,0
DTXSID7020007,75,5.171937330612919e-07,0
DTXSID7020057,75,0.9999902736717589,1
DTXSID7020182,75,1.0,1
DTXSID7020184,75,0.9998599048642153,1
DTXSID7020263,75,7.950314296613264e-08,0
DTXSID7020265,75,0.00017872263807626755,0
DTXSID7020267,75,0.9999992814201122,1
DTXSID7020344,75,0.01011182555941415,0
DTXSID7020348,75,0.0,0
DTXSID7020392,75,0.8897836171593573,0
DTXSID7020421,75,3.172028668574418e-07,0
DTXSID7020423,75,0.0,0
DTXSID7020425,75,0.9998238022859506,1
DTXSID7020427,75,0.9928024537361817,1
DTXSID7020479,75,0.0,0
DTXSID7020504,75,0.0,0
DTXSID7020508,75,3.2613383779137323e-09,0
DTXSID7020552,75,5.108305140752388e-14,0
DTXSID7020631,75,0.9999971427934252,1
DTXSID7020683,75,0.6061759706813301,0
DTXSID7020685,75,0.9999713324765658,1
DTXSID7020687,75,0.998049779326025,1
DTXSID7020710,75,0.9994400899264063,1
DTXSID7020716,75,0.9999999998042567,1
DTXSID7020760,75,0.9933562264190865,1
DTXSID7020764,75,0.02914731543589441,0
DTXSID7020766,75,0.0,0
DTXSID7020768,75,0.9999999998792877,1
DTXSID7020841,75,5.34817658437052e-20,0
DTXSID7020843,75,0.0,0
DTXSID7020845,75,2.880319770588842e-07,0
DTXSID7020895,75,5.06192284063557e-19,0
DTXSID7020920,75,0.001523490387830513,0
DTXSID7020970,75,0.00033546880293179685,0
DTXSID7020972,75,0.9999998098863759,1
DTXSID7020978,75,6.202375066830866e-06,0
DTXSID7021029,75,0.0,0
DTXSID7021100,75,0.9993485206501574,1
DTXSID7021102,75,1.6116512028672394e-08,0
DTXSID7021106,75,0.9998274295213858,1
DTXSID7021150,75,0.0,0
DTXSID7021152,75,0.9999999997674045,1
DTXSID7021156,75,4.959049629978357e-13,0
DTXSID7021233,75,0.9020953958575343,1
DTXSID7021237,75,2.4376024941925665e-07,0
DTXSID7021239,75,0.9999996111849465,1
DTXSID7021314,75,1.260652100227858e-11,0
DTXSID7021316,75,0.06622964010182499,0
DTXSID7021362,75,8.260314598954105e-18,0
DTXSID7021364,75,1.4700687448444963e-10,0
DTXSID7021491,75,8.19096715934129e-08,0
DTXSID7021520,75,0.0,0
DTXSID7021603,75,3.069485517234704e-10,0
DTXSID7021605,75,2.182867616094321e-08,0
DTXSID7021607,75,2.998441518188584e-08,0
DTXSID7021653,75,0.017407537440933225,0
DTXSID7021655,75,4.682651511310501e-12,0
DTXSID7021780,75,0.0,0
DTXSID7021782,75,0.0,0
DTXSID7021784,75,0.9999178209252793,1
DTXSID7021788,75,0.9999999525004133,1
DTXSID7021815,75,0.010638888841497971,0
DTXSID7021861,75,3.6341501104890177e-07,0
DTXSID7021863,75,0.9999985093554599,1
DTXSID7021867,75,1.6324475086012827e-17,0
DTXSID7021869,75,2.05713445033119e-08,0
DTXSID7021940,75,0.0034231809019696817,0
DTXSID7021946,75,0.0,0
DTXSID7021948,75,7.388806666556972e-11,0
DTXSID7021992,75,0.013992093789988155,0
DTXSID7021996,75,2.4922082307904995e-09,0
DTXSID7021998,75,0.9999987461963842,1
DTXSID7022043,75,6.296358872664585e-10,0
DTXSID7022049,75,0.14668196464656627,0
DTXSID7022093,75,5.6319544374377397e-11,0
DTXSID7022120,75,0.9999999867718262,1
DTXSID7022170,75,8.191555709825035e-13,0
DTXSID7022172,75,7.80785356204085e-10,0
DTXSID7022174,75,0.9999995399457774,1
DTXSID7022253,75,0.9402241152540102,1
DTXSID7022332,75,0.9999999999999941,1
DTXSID7022411,75,1.3198416047859837e-10,0
DTXSID7022413,75,0.0,0
DTXSID7022544,75,6.652088044740539e-08,0
DTXSID7022598,75,0.0,0
DTXSID7022679,75,7.405064407073617e-16,0
DTXSID7022912,75,0.9999999978749425,1
DTXSID7023063,75,2.7389983247544534e-18,0
DTXSID7023146,75,5.752710314762442e-13,0
DTXSID7023192,75,3.257239014760218e-13,0
DTXSID7023194,75,1.5140829727536346e-08,0
DTXSID7023300,75,2.5762185888273566e-05,0
DTXSID7023510,75,0.9999999998527243,1
DTXSID7023645,75,0.9999997046124636,1
DTXSID7023936,75,0.7488725406768815,0
DTXSID7023938,75,1.2088506871835447e-05,0
DTXSID7023980,75,3.1797116699446165e-13,0
DTXSID7024031,75,1.7182727270607536e-11,0
DTXSID7024035,75,0.0,0
DTXSID7024081,75,0.6078143508649023,0
DTXSID7024085,75,1.669994191975651e-11,0
DTXSID7024087,75,0.0,0
DTXSID7024112,75,0.972766434605336,1
DTXSID7024160,75,0.999965433939365,1
DTXSID7024164,75,7.449352308639857e-19,0
DTXSID7024166,75,1.7847507968365058e-05,0
DTXSID7024241,75,0.9403862545837729,1
DTXSID7024245,75,0.9999999962542495,1
DTXSID7024247,75,9.606206122587234e-06,0
DTXSID7024299,75,3.6489432931334945e-12,0
DTXSID7024320,75,7.08973324061308e-20,0
DTXSID7024328,75,0.999999984739409,1
DTXSID7024376,75,0.00022118912891457509,0
DTXSID7024409,75,2.3826833245998034e-08,0
DTXSID7024532,75,0.0,0
DTXSID7024538,75,3.4431223654696068e-06,0
DTXSID7024586,75,4.2912931009188705e-07,0
DTXSID7024821,75,0.0,0
DTXSID7024827,75,1.3314766319115488e-06,0
DTXSID7024873,75,0.011031936379472723,0
DTXSID7024902,75,0.02482870059527538,0
DTXSID7024904,75,9.34496293546622e-08,0
DTXSID7024950,75,0.00039226139437667,0
DTXSID7025003,75,0.005334042385933158,0
DTXSID7025055,75,0.0,0
DTXSID7025130,75,0.8083916542249848,0
DTXSID7025132,75,0.10327349807079104,0
DTXSID7025134,75,3.3860353920626625e-09,0
DTXSID7025138,75,3.6726879753788446e-07,0
DTXSID7025217,75,0.9944746723103977,1
DTXSID7025219,75,0.00015782305503309486,0
DTXSID7025346,75,1.7494570382970107e-19,0
DTXSID7025394,75,9.86295935705053e-05,0
DTXSID7025421,75,7.809506840291648e-08,0
DTXSID7025427,75,0.9989561664589568,1
DTXSID7025429,75,0.9999999999624244,1
DTXSID7025502,75,2.0656372079288721e-10,0
DTXSID7025506,75,5.776071530609524e-10,0
DTXSID7025508,75,0.0,0
DTXSID7025895,75,0.9999944775709623,1
DTXSID7025922,75,7.443778955068219e-07,0
DTXSID7026029,75,6.545213303288912e-15,0
DTXSID7026102,75,5.4218534052227895e-09,0
DTXSID7026156,75,0.9874366864026902,1
DTXSID7026235,75,2.13093557680903e-06,0
DTXSID7026285,75,0.9999999956226778,1
DTXSID7026314,75,2.4064246006933645e-06,0
DTXSID7026368,75,6.2930383764664174e-09,0
DTXSID7026499,75,0.0,0
DTXSID7026520,75,3.362147020013949e-21,0
DTXSID7026526,75,1.789012546835402e-07,0
DTXSID7026653,75,1.2090011814635743e-18,0
DTXSID7026811,75,0.9981424112631002,1
DTXSID7026863,75,0.0,0
DTXSID7026867,75,3.403145277071051e-10,0
DTXSID7026946,75,2.394487352298651e-10,0
DTXSID7026994,75,0.9999999998152403,1
DTXSID7026998,75,9.052579517184364e-13,0
DTXSID7027041,75,2.989272778378652e-06,0
DTXSID7027047,75,0.9999915800954406,1
DTXSID7027205,75,0.9999973025737771,1
DTXSID7027259,75,0.0,0
DTXSID7027334,75,2.050483992466195e-11,0
DTXSID7027386,75,0.9807828120313488,1
DTXSID7027388,75,0.0,0
DTXSID7027461,75,0.4153904406187468,0
DTXSID7027540,75,3.0988471784442346e-06,0
DTXSID7027542,75,0.9999999857828034,1
DTXSID7027544,75,3.057256178610279e-19,0
DTXSID7027596,75,0.0,0
DTXSID7027598,75,3.4669347336294694e-15,0
DTXSID7027625,75,5.2436917420992016e-08,0
DTXSID70276659,75,3.0052202239030435e-12,0
DTXSID7027756,75,0.9999999964078384,1
DTXSID7027831,75,6.515668196752506e-10,0
DTXSID7027833,75,2.6737006869426793e-07,0
DTXSID7027835,75,2.625600258850339e-18,0
DTXSID7027837,75,0.0,0
DTXSID7027887,75,1.5443528907105006e-07,0
DTXSID7027916,75,0.9999263034761798,1
DTXSID7028011,75,1.2784389482950668e-14,0
DTXSID7028015,75,3.3847689448540123e-06,0
DTXSID7028300,75,0.9999999741743737,1
DTXSID7028774,75,2.5608373723589825e-06,0
DTXSID7029110,75,0.0,0
DTXSID7029162,75,1.3679724149058236e-14,0
DTXSID7029164,75,0.0,0
DTXSID7029166,75,4.5460983374388606e-13,0
DTXSID7029241,75,0.9999996791788858,1
DTXSID7029320,75,0.9999997820537039,1
DTXSID7029534,75,2.8263414320791746e-18,0
DTXSID7029611,75,0.9999999999999931,1
DTXSID7029661,75,0.0,0
DTXSID7029871,75,0.9999999984148612,1
DTXSID7029879,75,0.0,0
DTXSID7029904,75,0.9999993366862793,1
DTXSID7030060,75,0.6352221407667356,0
DTXSID7030307,75,5.189162124324941e-14,0
DTXSID7030698,75,0.0,0
DTXSID7031290,75,0.9999949987640394,1
DTXSID7031294,75,2.059840570101524e-14,0
DTXSID7031458,75,0.999999481869863,1
DTXSID7031531,75,1.5526761479746985e-05,0
DTXSID7032004,75,0.0,0
DTXSID7032345,75,0.9884072443654817,1
DTXSID7032393,75,0.9735868682524003,1
DTXSID7032424,75,1.02127222019339e-07,0
DTXSID7032470,75,0.9949233642199341,1
DTXSID7032551,75,4.303211921586494e-10,0
DTXSID7032553,75,0.9999990006379579,1
DTXSID7032555,75,5.008791399338751e-10,0
DTXSID7032559,75,4.204933693421078e-09,0
DTXSID7032630,75,3.3992145234154863e-07,0
DTXSID7032638,75,8.670189347970901e-06,0
DTXSID7032688,75,0.9635560221949684,1
DTXSID7034250,75,0.9949590763296711,1
DTXSID7034252,75,6.833128898287216e-05,0
DTXSID7034383,75,0.0,0
DTXSID7034460,75,0.9999999993737049,1
DTXSID7034545,75,0.0006066932727703047,0
DTXSID7034549,75,6.125298337486877e-09,0
DTXSID7034624,75,2.3020415238939016e-07,0
DTXSID7034674,75,0.04825528907909367,0
DTXSID7034676,75,0.9973387625698324,1
DTXSID7034753,75,2.6731138274354934e-14,0
DTXSID7034961,75,1.782067576147301e-09,0
DTXSID7035010,75,1.797375316001595e-06,0
DTXSID7035272,75,2.464048703160518e-17,0
DTXSID70366226,75,4.7434290124555426e-07,0
DTXSID7037185,75,5.171022377896689e-17,0
DTXSID7037262,75,5.0563532373941545e-05,0
DTXSID7037551,75,1.3246794333409906e-16,0
DTXSID7037555,75,0.0,0
DTXSID7037715,75,0.9999999999635668,1
DTXSID7037717,75,0.999999999997841,1
DTXSID70379270,75,2.1323201285941524e-08,0
DTXSID70379295,75,0.9825547796895362,1
DTXSID70379730,75,1.261579368813732e-11,0
DTXSID70379917,75,0.0004975477600171943,0
DTXSID70381090,75,1.0,1
DTXSID70381151,75,0.9999986562690405,1
DTXSID7038317,75,0.9999989315313729,1
DTXSID7038810,75,5.684779636898772e-11,0
DTXSID7038814,75,0.0,0
DTXSID7038818,75,1.790583751008579e-08,0
DTXSID7038864,75,0.028362786468928834,0
DTXSID70400078,75,3.2992375936365407e-10,0
DTXSID7040150,75,0.9999617798972505,1
DTXSID7040152,75,7.394556224069234e-06,0
DTXSID7040154,75,3.4109855797130004e-08,0
DTXSID7040285,75,3.728111283494564e-11,0
DTXSID7040287,75,5.116372050393998e-16,0
DTXSID7040289,75,3.4918178874675323e-09,0
DTXSID7040316,75,4.1734472702165185e-11,0
DTXSID7040360,75,0.0,0
DTXSID7040362,75,1.861223719749843e-06,0
DTXSID7040732,75,0.0,0
DTXSID7040734,75,0.9998549997238203,1
DTXSID7040784,75,7.612397291907091e-20,0
DTXSID7040788,75,0.0,0
DTXSID7041097,75,1.6704735312112934e-06,0
DTXSID7041178,75,9.920723505434368e-08,0
DTXSID7041253,75,7.76604664883392e-09,0
DTXSID7041388,75,3.026448342228439e-16,0
DTXSID7041413,75,0.9973220695729652,1
DTXSID7041461,75,3.315097531245673e-05,0
DTXSID7041467,75,0.0,0
DTXSID7041540,75,9.57166389741648e-10,0
DTXSID7041544,75,0.9999998604073196,1
DTXSID7041623,75,0.9999997476116712,1
DTXSID7041629,75,0.015680271381040084,0
DTXSID7041671,75,1.7481325867275517e-08,0
DTXSID7041675,75,2.9663916563367374e-13,0
DTXSID7041708,75,0.99789192042679,1
DTXSID7041887,75,0.0008271032861576821,0
DTXSID7041889,75,0.9999999808153366,1
DTXSID7041962,75,0.006029977611405595,0
DTXSID7041966,75,0.0,0
DTXSID7042011,75,0.9999982067041044,1
DTXSID7042061,75,2.9823632756580314e-13,0
DTXSID7042065,75,0.9999941647717989,1
DTXSID7042190,75,0.00010142947874437236,0
DTXSID7042196,75,0.0,0
DTXSID7042198,75,3.100410865879152e-11,0
DTXSID7042273,75,0.9999800721423573,1
DTXSID7042279,75,0.0,0
DTXSID7042356,75,0.8286735661198086,0
DTXSID7042437,75,1.575216016791212e-07,0
DTXSID7043902,75,0.9999995767997467,1
DTXSID7043908,75,4.37391371899044e-05,0
DTXSID7044215,75,0.0003469576515502675,0
DTXSID7044340,75,6.573061139641364e-20,0
DTXSID7044342,75,6.565744643835249e-14,0
DTXSID7044390,75,0.0,0
DTXSID7044392,75,1.6912555975765206e-13,0
DTXSID7044394,75,0.0,0
DTXSID7044396,75,1.2777389927226153e-06,0
DTXSID7044398,75,0.0,0
DTXSID7044421,75,5.534436701303036e-10,0
DTXSID7044423,75,2.4712663332924235e-08,0
DTXSID7044427,75,1.8303664598774474e-07,0
DTXSID7044429,75,9.768603360032315e-06,0
DTXSID7044471,75,1.2620792548513716e-17,0
DTXSID7044473,75,6.419371153596407e-09,0
DTXSID7044475,75,2.7594658257113484e-16,0
DTXSID7044479,75,9.164412108645281e-07,0
DTXSID7044500,75,0.26111071708646866,0
DTXSID7044502,75,2.708793861132546e-14,0
DTXSID7044504,75,0.0,0
DTXSID7044506,75,9.827828383664942e-17,0
DTXSID7044552,75,0.00018438486383099133,0
DTXSID7044639,75,1.2540062923243822e-09,0
DTXSID7044689,75,2.6822762985944916e-08,0
DTXSID7044716,75,4.443415290188337e-09,0
DTXSID7044718,75,0.9911425272942119,1
DTXSID7044760,75,6.720511429331967e-11,0
DTXSID7044762,75,0.0003310330786940817,0
DTXSID7044764,75,5.408182603998726e-08,0
DTXSID7044841,75,8.588429247470906e-16,0
DTXSID7044843,75,2.2777933889958193e-05,0
DTXSID7044847,75,4.3115925794517745e-08,0
DTXSID7044849,75,3.992145159634254e-09,0
DTXSID7044895,75,1.0,1
DTXSID7044897,75,2.049395169040094e-09,0
DTXSID7044922,75,0.0,0
DTXSID7044928,75,0.0,0
DTXSID7044970,75,0.0,0
DTXSID7044976,75,0.0,0
DTXSID7047061,75,0.9999960546662618,1
DTXSID7047065,75,2.9513204404767317e-10,0
DTXSID7047142,75,0.0003481393496222439,0
DTXSID7047144,75,0.0,0
DTXSID7047146,75,0.9999981448515314,1
DTXSID7047190,75,4.4701796762605904e-09,0
DTXSID7047192,75,4.761833028686688e-11,0
DTXSID7047198,75,4.071368961506014e-05,0
DTXSID7047271,75,1.2243720562654718e-10,0
DTXSID7047277,75,7.156601575601473e-07,0
DTXSID7047279,75,8.565352747816185e-06,0
DTXSID7047304,75,0.0031526172913028663,0
DTXSID7047306,75,4.630784846598702e-08,0
DTXSID7047308,75,3.9058871653730183e-13,0
DTXSID7047356,75,0.0,0
DTXSID7047358,75,0.7283235579687302,0
DTXSID7047433,75,0.9999999994706122,1
DTXSID7047435,75,1.4962466090940762e-09,0
DTXSID7047437,75,1.5494701756147928e-08,0
DTXSID7047439,75,2.8953999953491577e-09,0
DTXSID7047487,75,0.9999999980942263,1
DTXSID7047510,75,9.093839584845563e-06,0
DTXSID7047560,75,1.565400578778588e-06,0
DTXSID7047562,75,9.553699242173331e-09,0
DTXSID7047566,75,1.0,1
DTXSID7047641,75,2.1810383335625336e-06,0
DTXSID7047643,75,0.0,0
DTXSID7047645,75,7.710935034016799e-10,0
DTXSID7047647,75,2.6309545670114703e-08,0
DTXSID7047691,75,0.0,0
DTXSID7047693,75,1.9648724219173968e-08,0
DTXSID7047697,75,0.9999999253077796,1
DTXSID70481246,75,3.907085936336045e-11,0
DTXSID7048166,75,0.9993859552604543,1
DTXSID7048168,75,5.8044895789822696e-06,0
DTXSID7051474,75,0.00028625302280318023,0
DTXSID7051557,75,4.093313371706986e-06,0
DTXSID7051890,75,0.0,0
DTXSID7052101,75,3.118843392697985e-18,0
DTXSID7052109,75,2.275180522811757e-07,0
DTXSID7052284,75,8.609515586296603e-20,0
DTXSID7052288,75,0.9999999997196615,1
DTXSID7052311,75,7.822952857129406e-07,0
DTXSID7052319,75,5.094294672787214e-08,0
DTXSID7052446,75,0.2796059485057044,0
DTXSID7052529,75,3.91894310569029e-18,0
DTXSID7052571,75,1.2013117463007417e-06,0
DTXSID7052573,75,0.0,0
DTXSID7052577,75,5.454726204186043e-16,0
DTXSID7052602,75,2.4200056265950336e-08,0
DTXSID7052652,75,0.000568134975471858,0
DTXSID7052654,75,0.08552413023522683,0
DTXSID7052735,75,1.6847969055923842e-11,0
DTXSID7052866,75,3.6545316738977075e-08,0
DTXSID70537191,75,5.152313700477887e-10,0
DTXSID70565479,75,0.9988923968821448,1
DTXSID7059933,75,3.576833351371991e-17,0
DTXSID7060332,75,1.9567051374812625e-15,0
DTXSID7061982,75,1.7432214699552144e-10,0
DTXSID7074616,75,9.311107731347769e-07,0
DTXSID70858873,75,0.09276139904521591,0
DTXSID70858878,75,0.9978278749641929,1
DTXSID70858893,75,0.3558004419345924,0
DTXSID70858898,75,0.9987640375492929,1
DTXSID70858914,75,0.99999989624685,1
DTXSID70858919,75,0.9998598958179498,1
DTXSID70870515,75,8.571798781826067e-08,0
DTXSID70872711,75,1.9595283455825773e-12,0
DTXSID70872716,75,5.707429171984305e-06,0
DTXSID70872731,75,0.999999953863678,1
DTXSID70872736,75,0.036433325602171204,0
DTXSID70872751,75,0.9999817647410308,1
DTXSID70872756,75,0.8605987324992782,0
DTXSID70880134,75,4.760651020429967e-10,0
DTXSID70880215,75,3.181129118665407e-07,0
DTXSID70880230,75,0.9999409886159686,1
DTXSID70903832,75,0.9999704711090641,1
DTXSID70903837,75,0.9999947721117425,1
DTXSID70903852,75,0.0,0
DTXSID70903857,75,0.0,0
DTXSID70903872,75,0.0,0
DTXSID70903877,75,0.0,0
DTXSID70903892,75,0.0,0
DTXSID801339553,75,3.953023733084253e-08,0
DTXSID801351787,75,0.9999999858145281,1
DTXSID801351799,75,0.9999997383268727,1
DTXSID801351806,75,2.2330302764438023e-07,0
DTXSID80195822,75,0.9999999599155219,1
DTXSID8020040,75,0.9999999885644048,1
DTXSID8020044,75,1.94943609951663e-11,0
DTXSID8020092,75,1.0560116055756584e-11,0
DTXSID8020121,75,1.1620249144015648e-18,0
DTXSID8020123,75,0.983903058631372,1
DTXSID8020127,75,4.284291108220493e-09,0
DTXSID8020175,75,0.001061222323208647,0
DTXSID8020179,75,2.1301755198848906e-13,0
DTXSID8020202,75,5.0936870190305076e-05,0
DTXSID8020252,75,9.34945338155624e-08,0
DTXSID8020256,75,6.002134477674841e-17,0
DTXSID8020331,75,3.1829464808156087e-12,0
DTXSID8020337,75,0.0,0
DTXSID8020381,75,5.754743289957705e-14,0
DTXSID8020410,75,6.321241511308295e-05,0
DTXSID8020462,75,2.199759595917157e-08,0
DTXSID8020464,75,1.275477840743456e-15,0
DTXSID8020466,75,1.6521541654562994e-08,0
DTXSID8020541,75,9.152925293124518e-09,0
DTXSID8020545,75,0.0,0
DTXSID8020591,75,3.366730603194596e-08,0
DTXSID8020593,75,0.0,0
DTXSID8020597,75,4.401925882793266e-06,0
DTXSID8020620,75,0.9999980460807438,1
DTXSID8020628,75,3.2900830594571444e-14,0
DTXSID8020674,75,0.005059866839452581,0
DTXSID8020703,75,1.5609265355513908e-11,0
DTXSID8020755,75,0.9999999878808823,1
DTXSID8020759,75,2.78940513130994e-06,0
DTXSID8020830,75,0.0006405474161342304,0
DTXSID8020834,75,3.285902174776258e-10,0
DTXSID8020838,75,0.0,0
DTXSID8020880,75,1.6639309779474036e-05,0
DTXSID8020913,75,0.0003363255845191298,0
DTXSID8020915,75,5.095343856960806e-05,0
DTXSID8020917,75,0.0,0
DTXSID8020961,75,1.9637085463315683e-14,0
DTXSID8020963,75,2.5944036621894766e-15,0
DTXSID8020965,75,1.481434086243198e-07,0
DTXSID8020969,75,0.0002041711779196069,0
DTXSID8021062,75,0.8775776897232964,0
DTXSID8021141,75,2.954256311902443e-07,0
DTXSID8021147,75,0.9999975492842688,1
DTXSID8021195,75,5.4945277638058977e-05,0
DTXSID8021199,75,0.0,0
DTXSID8021224,75,3.421487341772955e-05,0
DTXSID8021272,75,0.0,0
DTXSID8021301,75,0.0,0
DTXSID8021305,75,1.5932596318154912e-09,0
DTXSID8021359,75,0.0004479977022043656,0
DTXSID8021438,75,1.70677098490168e-12,0
DTXSID8021513,75,1.1623743376647119e-10,0
DTXSID8021515,75,3.136934067252551e-11,0
DTXSID8021517,75,0.0,0
DTXSID8021519,75,6.686045920818408e-17,0
DTXSID8021640,75,8.694448632517738e-07,0
DTXSID8021642,75,0.9999999997496498,1
DTXSID8021648,75,1.4158677360199162e-07,0
DTXSID8021721,75,0.0,0
DTXSID8021725,75,0.0010722288556318795,0
DTXSID8021771,75,0.9999999863949638,1
DTXSID8021777,75,4.645897128897728e-08,0
DTXSID8021800,75,1.1072195104886683e-06,0
DTXSID8021802,75,1.454553142504639e-20,0
DTXSID8021804,75,1.6458468341755548e-06,0
DTXSID8021808,75,0.017437965337544888,0
DTXSID8021856,75,0.9999918808988459,1
DTXSID8021931,75,0.0,0
DTXSID8021937,75,0.9999998401178865,1
DTXSID8022036,75,4.1085723333614464e-07,0
DTXSID8022080,75,0.0016487086524301549,0
DTXSID8022082,75,0.0,0
DTXSID8022084,75,5.503027090937548e-05,0
DTXSID8022111,75,9.455366430328645e-10,0
DTXSID8022113,75,3.853842885512003e-07,0
DTXSID8022161,75,0.0012448563562121775,0
DTXSID8022246,75,1.111642943966994e-10,0
DTXSID8022292,75,0.9817132297468891,1
DTXSID8022325,75,0.9999999613733672,1
DTXSID8022377,75,0.9999999999997121,1
DTXSID8022406,75,0.9999999998033274,1
DTXSID8022408,75,0.9999885678557874,1
DTXSID8022589,75,0.0,0
DTXSID8022666,75,0.0,0
DTXSID8022741,75,0.0,0
DTXSID8022824,75,2.1574375532550896e-10,0
DTXSID8022828,75,0.9999917998448786,1
DTXSID8022959,75,0.00015870743131726593,0
DTXSID8023214,75,0.9999876442309233,1
DTXSID8023216,75,0.9999999994592541,1
DTXSID8023474,75,0.9999524324331086,1
DTXSID8023632,75,8.376486293953814e-10,0
DTXSID8023688,75,2.038009715083922e-14,0
DTXSID8023719,75,0.999976234349356,1
DTXSID8023846,75,0.0030744320811508757,0
DTXSID8023848,75,1.3900320633441747e-05,0
DTXSID8023890,75,7.539142194744682e-12,0
DTXSID8023892,75,1.9838844963975576e-15,0
DTXSID8023927,75,0.9999990877892265,1
DTXSID8023973,75,9.642077783774967e-11,0
DTXSID8023977,75,7.294470711543801e-07,0
DTXSID8024072,75,1.9782200988886657e-09,0
DTXSID8024101,75,4.862951150961043e-07,0
DTXSID8024105,75,0.9991613238967579,1
DTXSID8024107,75,0.0,0
DTXSID8024109,75,0.9999953876545509,1
DTXSID8024151,75,0.9812289914451385,1
DTXSID8024153,75,0.9999995543400514,1
DTXSID8024157,75,1.2827080034256732e-06,0
DTXSID8024159,75,0.2541643525522166,0
DTXSID8024234,75,0.0,0
DTXSID8024238,75,3.742538993376742e-08,0
DTXSID8024280,75,0.9999057592589037,1
DTXSID8024284,75,0.7919799504955036,0
DTXSID8024311,75,3.707177772858603e-07,0
DTXSID8024315,75,0.8332258117687606,0
DTXSID8024317,75,0.706295460974884,0
DTXSID8024523,75,1.0,1
DTXSID8024573,75,3.4154928067259995e-08,0
DTXSID8024600,75,3.59231800147726e-11,0
DTXSID8024652,75,0.0,0
DTXSID8024739,75,0.9999941493062552,1
DTXSID8024810,75,4.852636143341677e-08,0
DTXSID8024814,75,9.167288352038802e-05,0
DTXSID8024993,75,5.404756701819078e-07,0
DTXSID8024999,75,1.4675971071131952e-05,0
DTXSID8025094,75,1.5324077282744104e-12,0
DTXSID8025096,75,0.0,0
DTXSID8025337,75,0.0019233650371432193,0
DTXSID8025595,75,9.419588395972477e-13,0
DTXSID8025599,75,6.476055890824693e-14,0
DTXSID8025670,75,0.9999914472837191,1
DTXSID8025707,75,5.205525970516941e-05,0
DTXSID8025886,75,0.0,0
DTXSID8025961,75,1.8182561864018376e-06,0
DTXSID8026060,75,1.2653734982180953e-12,0
DTXSID8026068,75,1.6758412595018803e-11,0
DTXSID8026141,75,4.253886517735509e-05,0
DTXSID8026193,75,1.5001388272471006e-18,0
DTXSID8026224,75,6.071497141992113e-10,0
DTXSID8026228,75,5.497519365238408e-05,0
DTXSID8026303,75,1.0,1
DTXSID8026307,75,3.0447741914960256e-16,0
DTXSID8026436,75,0.0,0
DTXSID8026488,75,5.042569312919979e-08,0
DTXSID8026513,75,2.958420071618815e-07,0
DTXSID8026640,75,2.4070895784179387e-10,0
DTXSID8026694,75,0.0,0
DTXSID8026698,75,0.0,0
DTXSID8026725,75,0.9999801706059944,1
DTXSID8026727,75,0.3950626310701429,0
DTXSID8026773,75,0.9999978324445769,1
DTXSID8027032,75,2.6072687019305642e-06,0
DTXSID8027034,75,2.2904130493777337e-08,0
DTXSID8027036,75,3.2247954937398416e-08,0
DTXSID8027086,75,3.0800241614906024e-05,0
DTXSID8027240,75,6.147072684854718e-20,0
DTXSID8027246,75,0.0,0
DTXSID8027292,75,0.9998881573882759,1
DTXSID8027294,75,7.154227412244142e-11,0
DTXSID8027323,75,1.1247940234726573e-19,0
DTXSID8027373,75,3.389608741333593e-07,0
DTXSID8027377,75,0.9996617570745465,1
DTXSID8027402,75,0.8936278682656041,0
DTXSID8027454,75,7.886733989179651e-09,0
DTXSID8027581,75,1.125298420490253e-14,0
DTXSID8027585,75,2.0625983194576806e-11,0
DTXSID8027589,75,8.177486088772704e-05,0
DTXSID8027747,75,7.789855450346991e-10,0
DTXSID8027749,75,0.0,0
DTXSID8027793,75,0.9987958476645776,1
DTXSID8027795,75,0.0,0
DTXSID8027797,75,5.856080948559331e-07,0
DTXSID8027826,75,0.7608148015952991,0
DTXSID8027870,75,2.5132977605680817e-15,0
DTXSID8027955,75,3.801732229479563e-06,0
DTXSID8027959,75,4.6360132294319177e-10,0
DTXSID8029105,75,1.1643613055112983e-10,0
DTXSID8029153,75,0.0,0
DTXSID8029157,75,0.9999998335276608,1
DTXSID8029159,75,1.175444636410291e-08,0
DTXSID8029232,75,2.392088948870935e-08,0
DTXSID8029282,75,1.0,1
DTXSID8029286,75,2.0069094952977207e-06,0
DTXSID8029369,75,0.9958605135967521,1
DTXSID8029600,75,0.0,0
DTXSID8029650,75,1.3007305618308947e-12,0
DTXSID8029868,75,0.9743579968230737,1
DTXSID8030423,75,0.9999999990220264,1
DTXSID80310730,75,2.375434104173876e-15,0
DTXSID8031077,75,0.0,0
DTXSID8031863,75,0.999992020557105,1
DTXSID8031865,75,0.999999999963572,1
DTXSID8032386,75,0.999723574005194,1
DTXSID8032417,75,0.998198891463062,1
DTXSID8032463,75,0.000562003953874195,0
DTXSID8032544,75,0.03232970145923479,0
DTXSID8032548,75,0.00023997112241123548,0
DTXSID8032671,75,0.0,0
DTXSID8032673,75,1.5802450624147328e-16,0
DTXSID8032675,75,0.9999999976711424,1
DTXSID8033562,75,2.303752950553955e-07,0
DTXSID8033566,75,0.9941548069833938,1
DTXSID8034241,75,1.1434955533312783e-14,0
DTXSID8034324,75,0.9999999993874223,1
DTXSID8034372,75,0.0,0
DTXSID8034376,75,2.7927642303267e-05,0
DTXSID8034401,75,0.0009832042319644504,0
DTXSID8034538,75,1.3029490650677503e-17,0
DTXSID8034580,75,0.0024694214477721634,0
DTXSID8034586,75,2.4363754576091094e-07,0
DTXSID8034588,75,1.1540420472564783e-08,0
DTXSID8034665,75,1.7384815198628098e-07,0
DTXSID8034742,75,3.507092896363764e-07,0
DTXSID8034792,75,1.1428191935069416e-16,0
DTXSID8034823,75,4.994486420739346e-06,0
DTXSID8034871,75,2.0950871003649907e-08,0
DTXSID8034877,75,0.6204216205366069,0
DTXSID8034956,75,0.000594576311087698,0
DTXSID8035001,75,3.688731340958673e-06,0
DTXSID8035180,75,0.997074954577729,1
DTXSID8035217,75,0.0,0
DTXSID8035423,75,4.587247444759416e-06,0
DTXSID80375107,75,0.999982930510921,1
DTXSID8037596,75,3.6014068047658487e-13,0
DTXSID8037706,75,0.9999364035632131,1
DTXSID8037708,75,0.9999999774574446,1
DTXSID8037750,75,0.013480051224704881,0
DTXSID8037752,75,0.9999999995479029,1
DTXSID8037754,75,2.46197637804591e-05,0
DTXSID8037756,75,0.0,0
DTXSID80379721,75,0.0,0
DTXSID80379781,75,0.0,0
DTXSID80380837,75,1.9799044013931828e-07,0
DTXSID80382093,75,6.998393707143545e-10,0
DTXSID80382154,75,5.105786647129318e-05,0
DTXSID8038770,75,0.0,0
DTXSID8038801,75,1.3361254227424307e-15,0
DTXSID8038855,75,0.0,0
DTXSID8040145,75,8.971834242062672e-18,0
DTXSID8040222,75,0.8671282633012751,0
DTXSID8040274,75,0.9999998590959297,1
DTXSID8040278,75,0.9999489280565436,1
DTXSID8040484,75,0.9999956995551624,1
DTXSID8040694,75,2.580960484065729e-09,0
DTXSID8040698,75,0.8570879017738909,0
DTXSID8040721,75,0.9999999999605624,1
DTXSID8040723,75,0.8583580026186254,0
DTXSID8040725,75,9.810405738971378e-08,0
DTXSID8040775,75,2.4247573033031925e-11,0
DTXSID8040779,75,3.3774520699541494e-05,0
DTXSID8040800,75,1.4085638702650613e-06,0
DTXSID8041117,75,0.9999816035171591,1
DTXSID8041242,75,1.0,1
DTXSID8041246,75,8.896068762735462e-12,0
DTXSID8041248,75,0.9565049106218473,1
DTXSID8041298,75,6.761257861418865e-17,0
DTXSID8041321,75,0.0,0
DTXSID8041327,75,2.51067249166128e-18,0
DTXSID8041371,75,2.3545791362670125e-07,0
DTXSID8041379,75,6.8680744047700184e-06,0
DTXSID8041400,75,0.9995604619925663,1
DTXSID8041610,75,2.5599910548745384e-09,0
DTXSID8041668,75,0.999987799987436,1
DTXSID8041745,75,2.2008285314209406e-07,0
DTXSID8041901,75,1.3231312824844535e-10,0
DTXSID8041909,75,0.0,0
DTXSID8041955,75,0.0,0
DTXSID8041957,75,1.0640086964166757e-16,0
DTXSID8042006,75,1.431681164942509e-14,0
DTXSID8042052,75,0.9999877903460594,1
DTXSID8042187,75,0.00017702148971106968,0
DTXSID8042189,75,4.328700105158813e-14,0
DTXSID8042210,75,5.460173072499188e-10,0
DTXSID8042264,75,1.0158560893748232e-06,0
DTXSID8042343,75,0.5958779948046447,0
DTXSID8042349,75,0.9999999396696027,1
DTXSID8042399,75,1.7965212886442248e-11,0
DTXSID8042422,75,8.582635305375646e-06,0
DTXSID8042424,75,0.0007019673139969845,0
DTXSID8042426,75,6.541879871981815e-10,0
DTXSID8042478,75,2.761777080510263e-05,0
DTXSID8042503,75,4.045961934393265e-05,0
DTXSID8042507,75,8.727701116436226e-06,0
DTXSID8043941,75,3.667893626803494e-12,0
DTXSID8044175,75,0.903959949417888,1
DTXSID8044177,75,0.07310928148899042,0
DTXSID8044200,75,0.09541242445530064,0
DTXSID8044202,75,1.0409245262755382e-06,0
DTXSID8044337,75,1.9422500483747865e-12,0
DTXSID8044381,75,9.705836796724695e-18,0
DTXSID8044383,75,0.9999859721492319,1
DTXSID8044385,75,2.0845285072003755e-19,0
DTXSID8044389,75,2.232934262426244e-19,0
DTXSID8044416,75,3.3884387507405483e-09,0
DTXSID8044462,75,6.649644991778026e-11,0
DTXSID8044464,75,0.9997586192537089,1
DTXSID8044541,75,5.728796975305751e-11,0
DTXSID8044543,75,0.0,0
DTXSID8044545,75,6.111479225041702e-06,0
DTXSID8044547,75,1.5446176943016674e-08,0
DTXSID8044593,75,0.9999926773518907,1
DTXSID8044595,75,0.9986175787943183,1
DTXSID8044620,75,7.171236334388145e-07,0
DTXSID8044676,75,1.3533194608313133e-05,0
DTXSID8044678,75,1.6625667456224629e-12,0
DTXSID8044703,75,1.2600468364748498e-10,0
DTXSID8044753,75,1.1515172279472717e-05,0
DTXSID8044755,75,1.954863772116768e-08,0
DTXSID8044757,75,3.599715640951157e-07,0
DTXSID8044759,75,0.9999982877065036,1
DTXSID8044830,75,0.0,0
DTXSID8044832,75,1.3851057797827664e-07,0
DTXSID8044836,75,1.0,1
DTXSID8044880,75,1.4029140162639462e-08,0
DTXSID8044882,75,0.00015014747894602918,0
DTXSID8044886,75,3.770098096618838e-09,0
DTXSID8044888,75,6.807629927168402e-05,0
DTXSID8044911,75,0.010974073655694663,0
DTXSID8044913,75,2.960660067783331e-07,0
DTXSID8044969,75,0.9999999999999999,1
DTXSID8045191,75,1.802383201773803e-10,0
DTXSID8046614,75,4.899310718064053e-07,0
DTXSID8047000,75,0.00012175972726973376,0
DTXSID8047050,75,3.954445596366354e-15,0
DTXSID8047052,75,0.989567832504421,1
DTXSID8047056,75,0.0,0
DTXSID8047058,75,3.348128448355169e-08,0
DTXSID8047131,75,9.752726107674976e-09,0
DTXSID8047133,75,0.7765174932669087,0
DTXSID8047135,75,0.9991589903860827,1
DTXSID8047137,75,0.11264494529964729,0
DTXSID8047139,75,0.0,0
DTXSID8047185,75,0.011591554848099223,0
DTXSID8047187,75,3.5632943521380494e-08,0
DTXSID8047189,75,0.9999999998938806,1
DTXSID8047218,75,8.004439934866463e-18,0
DTXSID8047262,75,6.420092379170393e-17,0
DTXSID8047264,75,3.151471493399139e-05,0
DTXSID8047266,75,0.0003346768316159044,0
DTXSID8047268,75,0.998754705981824,1
DTXSID8047341,75,2.7025030010117048e-05,0
DTXSID8047347,75,0.9198148371479209,1
DTXSID8047349,75,0.0,0
DTXSID8047391,75,1.2798700004557029e-05,0
DTXSID8047395,75,9.885903505384107e-07,0
DTXSID8047399,75,0.9974673464341034,1
DTXSID8047420,75,4.229520173475126e-12,0
DTXSID8047422,75,0.0040794428665447795,0
DTXSID8047424,75,0.8426820853637425,0
DTXSID8047426,75,4.787102358433789e-17,0
DTXSID8047470,75,0.0,0
DTXSID8047472,75,1.2771883266139163e-17,0
DTXSID8047505,75,1.0,1
DTXSID8047551,75,0.7650767460709205,0
DTXSID8047553,75,0.0012086929263763835,0
DTXSID8047559,75,0.8841956877003041,0
DTXSID8047636,75,0.0,0
DTXSID8047682,75,3.595866730883296e-09,0
DTXSID8047684,75,4.5456313197460066e-05,0
DTXSID8047686,75,1.6584012721787182e-07,0
DTXSID8047713,75,1.3027530573725268e-08,0
DTXSID8047717,75,1.1620637730905018e-05,0
DTXSID8047769,75,2.0285949064378114e-15,0
DTXSID8047890,75,0.9999988897671075,1
DTXSID8048494,75,0.9987258825999743,1
DTXSID8048521,75,0.9979988674888617,1
DTXSID8051419,75,2.0938857362765933e-10,0
DTXSID8051540,75,0.00010267891647565954,0
DTXSID8051542,75,4.6666804265789496e-08,0
DTXSID8051544,75,1.6384370495523014e-07,0
DTXSID8051629,75,9.572701982170943e-10,0
DTXSID8051704,75,5.592922905087252e-06,0
DTXSID8051708,75,0.0002825003431548296,0
DTXSID8051754,75,2.589651712193921e-09,0
DTXSID8051914,75,0.74333723436351,0
DTXSID8052017,75,2.393384913148514e-07,0
DTXSID8052198,75,0.9921230923016751,1
DTXSID8052300,75,2.2751172135776208e-10,0
DTXSID8052308,75,0.0,0
DTXSID8052641,75,0.0,0
DTXSID8052693,75,2.871726092817996e-09,0
DTXSID8052724,75,0.9999999986025208,1
DTXSID8059920,75,0.9994699084795985,1
DTXSID8059926,75,3.724846829799903e-06,0
DTXSID8059928,75,9.002621150287197e-19,0
DTXSID8059970,75,2.7657989940591387e-07,0
DTXSID80858869,75,2.8076691521630545e-07,0
DTXSID80858884,75,0.9805824534831364,1
DTXSID80858889,75,0.9910086677937928,1
DTXSID80858900,75,2.512756501219732e-16,0
DTXSID80858905,75,0.9999850885680285,1
DTXSID80858920,75,1.0892221963024896e-08,0
DTXSID80872707,75,0.9999999905609762,1
DTXSID80872722,75,6.503629425850279e-09,0
DTXSID80872727,75,5.092436105104896e-19,0
DTXSID80872742,75,7.482819834991464e-14,0
DTXSID80872747,75,0.018205244743421774,0
DTXSID80881157,75,0.0,0
DTXSID80903828,75,0.8058344968895563,0
DTXSID80903843,75,3.402888094880609e-14,0
DTXSID80903848,75,0.00017077297498720664,0
DTXSID80903863,75,0.0,0
DTXSID80903868,75,0.0,0
DTXSID80903883,75,0.0,0
DTXSID80903888,75,0.0,0
DTXSID901339556,75,0.7098155247040621,0
DTXSID901351485,75,0.999999989013069,1
DTXSID90174941,75,8.874584287866554e-05,0
DTXSID90190949,75,1.0,1
DTXSID9020087,75,2.5857913870583956e-15,0
DTXSID9020089,75,5.005246456072307e-07,0
DTXSID9020110,75,0.6732650347490958,0
DTXSID9020112,75,1.9809434398518492e-05,0
DTXSID9020114,75,7.919204336444012e-12,0
DTXSID9020116,75,0.00046397938736928053,0
DTXSID9020118,75,1.1996909257317194e-18,0
DTXSID9020160,75,0.9920831511528387,1
DTXSID9020164,75,2.0975673291783757e-09,0
DTXSID9020168,75,4.034366438729741e-07,0
DTXSID9020243,75,0.0,0
DTXSID9020247,75,0.9963255879560042,1
DTXSID9020249,75,9.037773596882583e-09,0
DTXSID9020293,75,3.897049572409043e-06,0
DTXSID9020295,75,3.287069601422819e-15,0
DTXSID9020299,75,0.9303008569509487,1
DTXSID9020322,75,1.0435064487291528e-05,0
DTXSID9020370,75,3.65032913867296e-05,0
DTXSID9020372,75,0.9999999983080422,1
DTXSID9020374,75,0.9999999998311547,1
DTXSID9020376,75,0.0,0
DTXSID9020378,75,0.9999995712876059,1
DTXSID9020401,75,6.372604461003345e-18,0
DTXSID9020407,75,0.9999815915600946,1
DTXSID9020409,75,0.9999999931886769,1
DTXSID9020451,75,0.0,0
DTXSID9020453,75,0.9999968524495064,1
DTXSID9020580,75,2.3574060265629414e-20,0
DTXSID9020582,75,0.9288123761344081,1
DTXSID9020617,75,0.8296895428047206,0
DTXSID9020663,75,0.0,0
DTXSID9020740,75,0.61457767018412,0
DTXSID9020790,75,0.9999619011895354,1
DTXSID9020792,75,0.003360093937201482,0
DTXSID9020794,75,0.0,0
DTXSID9020827,75,0.9999999908747101,1
DTXSID9020829,75,0.00016961509756227282,0
DTXSID9020877,75,0.9951314537553143,1
DTXSID9020902,75,0.0,0
DTXSID9020956,75,4.5299817102563975e-09,0
DTXSID9020958,75,0.9999999939416561,1
DTXSID9021053,75,1.7542786620558688e-10,0
DTXSID9021130,75,2.4590968251301426e-07,0
DTXSID9021134,75,0.999999985740598,1
DTXSID9021136,75,0.5269632558506342,0
DTXSID9021138,75,2.0598907126110836e-06,0
DTXSID9021182,75,0.9999999310703603,1
DTXSID9021184,75,0.0,0
DTXSID9021188,75,4.5073984673097683e-07,0
DTXSID9021215,75,0.0,0
DTXSID9021217,75,0.003996655621079674,0
DTXSID9021342,75,0.0,0
DTXSID9021344,75,0.9999999911086754,1
DTXSID9021346,75,3.9094339063731833e-07,0
DTXSID9021348,75,4.3907218552180885e-06,0
DTXSID9021390,75,1.7708778834750322e-15,0
DTXSID9021392,75,1.4275828892706789e-06,0
DTXSID9021427,75,0.8489664179441396,0
DTXSID9021477,75,5.115237505357282e-08,0
DTXSID9021479,75,1.8167200006409093e-10,0
DTXSID9021550,75,1.5164570721604794e-06,0
DTXSID9021554,75,0.9999999929503415,1
DTXSID9021635,75,0.0,0
DTXSID9021639,75,1.1972212302049878e-06,0
DTXSID9021683,75,6.941146855457834e-09,0
DTXSID9021689,75,4.202425925852422e-08,0
DTXSID9021710,75,0.0,0
DTXSID9021716,75,3.941236281506976e-05,0
DTXSID9021764,75,1.366923151845147e-08,0
DTXSID9021843,75,3.8593234455446173e-07,0
DTXSID9021847,75,2.7516307347715934e-08,0
DTXSID9021897,75,2.8579293532748735e-14,0
DTXSID9021922,75,1.577767824118832e-10,0
DTXSID9021928,75,0.0,0
DTXSID9021974,75,3.7631002323018677e-10,0
DTXSID9021976,75,0.0,0
DTXSID9021978,75,6.492190071714284e-07,0
DTXSID9022100,75,0.9666557315632835,1
DTXSID9022104,75,0.0,0
DTXSID9022310,75,0.999999999999952,1
DTXSID9022312,75,0.9999947795146545,1
DTXSID9022360,75,0.999999999750086,1
DTXSID9022364,75,0.9999999999898199,1
DTXSID9022366,75,0.9999999999999972,1
DTXSID9022445,75,0.9999998110388552,1
DTXSID9022520,75,0.0,0
DTXSID9022522,75,0.9999994475286068,1
DTXSID9022524,75,7.644926201097445e-17,0
DTXSID9022526,75,0.9995144763588837,1
DTXSID9022528,75,0.9999999999800873,1
DTXSID9022607,75,7.029984246081533e-07,0
DTXSID9022817,75,1.8791258445617352e-09,0
DTXSID9023041,75,0.0,0
DTXSID9023201,75,0.9999836415951815,1
DTXSID9023380,75,1.0,1
DTXSID9023419,75,4.668480079191086e-05,0
DTXSID9023706,75,0.9999974066746816,1
DTXSID9023752,75,3.277028068462133e-07,0
DTXSID9023833,75,1.8645686430122025e-05,0
DTXSID9023881,75,1.3087052821179983e-14,0
DTXSID9023889,75,1.0225913589990467e-07,0
DTXSID9023914,75,0.9999989423967395,1
DTXSID9024015,75,0.8909120265446467,0
DTXSID9024063,75,0.02029290699959238,0
DTXSID9024065,75,3.338314409956786e-11,0
DTXSID9024194,75,0.0,0
DTXSID9024304,75,2.791638927673332e-15,0
DTXSID9024431,75,4.0172511872661245e-07,0
DTXSID9024485,75,0.0,0
DTXSID9024489,75,1.8073586603261e-05,0
DTXSID9024512,75,1.1025649796383532e-07,0
DTXSID9024568,75,3.65508639948918e-08,0
DTXSID9024691,75,3.9316349083046747e-10,0
DTXSID9024699,75,0.0,0
DTXSID9024809,75,3.0010483344876454e-11,0
DTXSID9024930,75,3.1018935737244187e-07,0
DTXSID9024934,75,0.9999895625242077,1
DTXSID9024986,75,0.00026335528303975375,0
DTXSID9025035,75,0.0,0
DTXSID9025110,75,0.9983932169611882,1
DTXSID9025164,75,0.9134788616900891,1
DTXSID9025243,75,0.9607254280742823,1
DTXSID9025291,75,0.0,0
DTXSID9025293,75,8.356785390103634e-09,0
DTXSID9025297,75,5.994677711371004e-07,0
DTXSID9025401,75,6.379125853144333e-07,0
DTXSID9025403,75,1.7846489079257108e-06,0
DTXSID9025451,75,4.135652500981155e-06,0
DTXSID9025453,75,4.670529216573601e-09,0
DTXSID9025536,75,8.740276817347147e-08,0
DTXSID9025588,75,1.4484907068453843e-18,0
DTXSID9025796,75,0.9882301925132325,1
DTXSID9025873,75,0.0,0
DTXSID9026130,75,0.0,0
DTXSID9026132,75,0.0,0
DTXSID9026261,75,6.745937780816771e-06,0
DTXSID9026265,75,0.9999999999594346,1
DTXSID9026267,75,0.9971982268881701,1
DTXSID9026342,75,1.959456811910519e-19,0
DTXSID9026500,75,0.9999995350787263,1
DTXSID9026558,75,1.6858960089885498e-11,0
DTXSID9026689,75,1.623030447178666e-07,0
DTXSID9026712,75,0.9999999618705167,1
DTXSID9026841,75,0.9882749927793056,1
DTXSID9026922,75,1.0565557654849635e-14,0
DTXSID9026926,75,1.6631048955072714e-10,0
DTXSID9026974,75,1.0277637706761516e-07,0
DTXSID9027021,75,7.550791155465874e-07,0
DTXSID9027233,75,1.735352682898773e-10,0
DTXSID9027281,75,6.149125630964784e-16,0
DTXSID9027312,75,0.9999993509945296,1
DTXSID9027360,75,8.830492974965537e-07,0
DTXSID9027364,75,0.0,0
DTXSID90274132,75,0.9999999978350234,1
DTXSID9027441,75,0.0011868198306199044,0
DTXSID9027443,75,2.181567987313868e-12,0
DTXSID9027520,75,0.99999998891419,1
DTXSID9027522,75,0.6530991367540646,0
DTXSID9027528,75,2.3085548063673747e-09,0
DTXSID90275806,75,4.5330439663194643e-07,0
DTXSID9027603,75,0.0,0
DTXSID9027653,75,0.9999998408555036,1
DTXSID9027738,75,7.08830075674085e-08,0
DTXSID9027863,75,0.0,0
DTXSID90285748,75,0.0,0
DTXSID9029146,75,4.030533435955668e-15,0
DTXSID9029192,75,7.772771392149389e-09,0
DTXSID9029221,75,0.20812663377310694,0
DTXSID9029223,75,0.8488017772421373,0
DTXSID9029225,75,8.953910143750327e-19,0
DTXSID9029302,75,8.487210535076047e-07,0
DTXSID9029304,75,8.357677505691103e-10,0
DTXSID9029649,75,8.139009642878411e-07,0
DTXSID90315130,75,0.9999976729507795,1
DTXSID9032113,75,3.90732007836141e-08,0
DTXSID9032327,75,0.9996922103497122,1
DTXSID9032329,75,7.75478987744841e-05,0
DTXSID9032375,75,0.0,0
DTXSID9032379,75,0.9999218657200053,1
DTXSID9032406,75,0.0,0
DTXSID9032531,75,0.9895509026517506,1
DTXSID9032533,75,9.230597293542558e-08,0
DTXSID9032535,75,3.777492521726454e-10,0
DTXSID9032537,75,1.3518304776257033e-06,0
DTXSID9032581,75,1.4752515181972155e-07,0
DTXSID9032589,75,8.733506993478625e-10,0
DTXSID9032610,75,0.0019167572465663752,0
DTXSID9033058,75,0.99999997273964,1
DTXSID9033187,75,1.7398450717268982e-06,0
DTXSID9033923,75,1.907024610994249e-14,0
DTXSID9034232,75,1.5556883116023072e-10,0
DTXSID9034282,75,9.518164917301542e-09,0
DTXSID9034286,75,3.37782695311705e-05,0
DTXSID9034317,75,4.32457048792543e-14,0
DTXSID9034361,75,0.0,0
DTXSID9034365,75,5.574287283919192e-06,0
DTXSID9034490,75,1.1427671438442042e-11,0
DTXSID9034492,75,0.08897969379642345,0
DTXSID9034496,75,1.0911335743384954e-06,0
DTXSID9034573,75,5.595439317291384e-11,0
DTXSID9034650,75,3.303012883679765e-19,0
DTXSID9034737,75,0.00027281303902643167,0
DTXSID9034816,75,0.0002501790338549779,0
DTXSID9034818,75,0.0009030421976224658,0
DTXSID9034864,75,5.198166578495998e-19,0
DTXSID9034868,75,0.0004087854418448974,0
DTXSID9034997,75,4.871138206229156e-09,0
DTXSID9035175,75,1.8487685473446367e-05,0
DTXSID9035204,75,7.87659007551668e-05,0
DTXSID9036226,75,0.9938133578818096,1
DTXSID9036438,75,0.0,0
DTXSID9036515,75,0.9999999999999998,1
DTXSID9036646,75,0.0,0
DTXSID9036690,75,0.17130379292308295,0
DTXSID9036933,75,0.0,0
DTXSID90371872,75,1.0,1
DTXSID9037535,75,6.985486514393341e-09,0
DTXSID9037539,75,0.9999999065851445,1
DTXSID9037616,75,0.0,0
DTXSID9037741,75,0.999996558590672,1
DTXSID9037745,75,0.9999662120499299,1
DTXSID9037749,75,0.0,0
DTXSID90382620,75,1.287834041725534e-08,0
DTXSID9038840,75,0.9943292352902251,1
DTXSID9040001,75,0.0,0
DTXSID9040134,75,0.992463615001124,1
DTXSID9040215,75,1.005586804998864e-06,0
DTXSID9040269,75,0.06671091595253772,0
DTXSID9040342,75,2.4122282371405776e-06,0
DTXSID9040635,75,1.328078130533518e-15,0
DTXSID9040710,75,1.3578652664813459e-15,0
DTXSID9040712,75,1.1780778926802207e-10,0
DTXSID9040716,75,0.9999999999988956,1
DTXSID9040718,75,3.9243963061556366e-12,0
DTXSID9040760,75,0.012863793431816007,0
DTXSID9041233,75,0.0,0
DTXSID9041237,75,0.007737017377118309,0
DTXSID9041289,75,1.913684352820438e-06,0
DTXSID9041362,75,5.4969119398909215e-16,0
DTXSID9041366,75,1.4349237512377625e-11,0
DTXSID9041368,75,3.730504894232066e-15,0
DTXSID9041441,75,6.405760955072334e-19,0
DTXSID9041491,75,0.9999999987970152,1
DTXSID9041520,75,0.0,0
DTXSID9041528,75,2.950281107940652e-10,0
DTXSID9041570,75,5.7637109090107934e-08,0
DTXSID9041653,75,0.692523002341618,0
DTXSID9041813,75,0.9999999999515816,1
DTXSID9041815,75,4.897878971849307e-12,0
DTXSID9041861,75,4.7621376440123184e-05,0
DTXSID9042097,75,1.1484528913675305e-09,0
DTXSID9042209,75,0.9999997081104893,1
DTXSID9042336,75,0.0,0
DTXSID9042382,75,0.0,0
DTXSID9042415,75,3.331664878230538e-11,0
DTXSID9043855,75,1.3712004830983265e-05,0
DTXSID9043938,75,4.61699296619033e-20,0
DTXSID9044164,75,0.9999999999379985,1
DTXSID9044320,75,2.8182086711266716e-11,0
DTXSID9044370,75,0.0,0
DTXSID9044372,75,2.084981354967351e-09,0
DTXSID9044374,75,3.236407996724518e-12,0
DTXSID9044403,75,1.475200303658597e-11,0
DTXSID9044409,75,9.026888331915962e-19,0
DTXSID9044457,75,5.495089739562443e-06,0
DTXSID9044459,75,0.9998090079631509,1
DTXSID9044532,75,1.6162968637192287e-07,0
DTXSID9044534,75,0.0,0
DTXSID9044536,75,8.40850928558406e-07,0
DTXSID9044538,75,4.524703353569683e-13,0
DTXSID9044580,75,2.4453564499935838e-05,0
DTXSID9044582,75,2.4593732594366636e-15,0
DTXSID9044615,75,0.000749180766710889,0
DTXSID9044661,75,8.666740027810721e-12,0
DTXSID9044663,75,2.1352185353879867e-06,0
DTXSID9044742,75,0.32604193519496794,0
DTXSID9044744,75,6.770369274815049e-11,0
DTXSID9044746,75,0.0,0
DTXSID9044790,75,0.9999990455896853,1
DTXSID9044794,75,2.071340286001522e-09,0
DTXSID9044796,75,0.9884863139101777,1
DTXSID9044798,75,3.9173834602212044e-14,0
DTXSID9044821,75,1.0,1
DTXSID9044823,75,2.1566844217967944e-07,0
DTXSID9044825,75,0.0014772864920775217,0
DTXSID9044827,75,9.631913899788408e-10,0
DTXSID9044871,75,0.0,0
DTXSID9044873,75,0.00012365429526477778,0
DTXSID9044902,75,0.9999892365591143,1
DTXSID9044904,75,0.0,0
DTXSID9044950,75,9.743866664843941e-10,0
DTXSID9044958,75,0.0,0
DTXSID9046992,75,0.00011193927975218573,0
DTXSID9046998,75,0.9999999938915555,1
DTXSID9047045,75,1.41264079482092e-14,0
DTXSID9047049,75,1.85696595445834e-13,0
DTXSID9047091,75,0.0,0
DTXSID9047093,75,5.896895970664981e-15,0
DTXSID9047095,75,1.009458007619306e-12,0
DTXSID9047099,75,0.9999278573557387,1
DTXSID9047120,75,4.346521480926267e-08,0
DTXSID9047124,75,0.9999999995810611,1
DTXSID9047126,75,4.5330539266263996e-05,0
DTXSID9047128,75,3.9806948941541065e-07,0
DTXSID9047174,75,7.798954263077752e-14,0
DTXSID9047178,75,0.99999999949859,1
DTXSID9047201,75,5.00328601019985e-06,0
DTXSID9047203,75,2.4672138536167553e-08,0
DTXSID9047205,75,1.0169374366716779e-06,0
DTXSID9047251,75,0.002397358558282945,0
DTXSID9047253,75,0.9999799762030327,1
DTXSID9047255,75,0.0,0
DTXSID9047257,75,0.9999999997774693,1
DTXSID9047259,75,0.00020604626585653786,0
DTXSID9047330,75,0.0005121627098647324,0
DTXSID9047334,75,1.0293152162765269e-05,0
DTXSID9047338,75,0.9999999391778464,1
DTXSID9047411,75,0.9999992883238231,1
DTXSID9047413,75,0.9999992647765462,1
DTXSID9047415,75,0.3538798872023956,0
DTXSID9047419,75,0.9999999181627849,1
DTXSID9047461,75,0.0,0
DTXSID9047463,75,0.9698830163398126,1
DTXSID9047465,75,2.813901800038057e-17,0
DTXSID9047467,75,5.1773516449792234e-18,0
DTXSID9047469,75,0.0,0
DTXSID9047540,75,0.9999999083500233,1
DTXSID9047542,75,3.7144901218398066e-08,0
DTXSID9047546,75,0.0,0
DTXSID9047590,75,1.1243545131102492e-10,0
DTXSID9047592,75,2.2407784017001088e-10,0
DTXSID9047594,75,0.9091800846766983,1
DTXSID9047598,75,0.9999876598751479,1
DTXSID9047623,75,0.0,0
DTXSID9047629,75,0.9999984949240619,1
DTXSID9047679,75,2.1347007292807055e-17,0
DTXSID9047700,75,1.4596617512695963e-09,0
DTXSID9047702,75,2.0902924539992073e-10,0
DTXSID9047706,75,0.0,0
DTXSID9047708,75,3.708159853832762e-14,0
DTXSID9048190,75,0.6843045995257365,0
DTXSID9048192,75,0.0012984589743943369,0
DTXSID9048194,75,0.5766228265998845,0
DTXSID9048196,75,9.394952012173426e-12,0
DTXSID9048198,75,0.00029029171754851223,0
DTXSID9048510,75,2.3232235184266836e-13,0
DTXSID9048512,75,0.0,0
DTXSID9048514,75,0.9999938212849028,1
DTXSID9048516,75,0.0,0
DTXSID9048518,75,1.2631706834184333e-06,0
DTXSID9051454,75,3.8477771546019976e-11,0
DTXSID9051581,75,0.319489647196167,0
DTXSID9051618,75,0.0,0
DTXSID9051662,75,0.0,0
DTXSID9051824,75,8.122377274331075e-11,0
DTXSID9051907,75,0.0,0
DTXSID9052505,75,1.8662940444680937e-17,0
DTXSID9052509,75,4.356201879659786e-09,0
DTXSID9052682,75,3.4069024211077473e-13,0
DTXSID9052846,75,0.0,0
DTXSID9052890,75,0.9999999999998755,1
DTXSID9052892,75,0.9999999999999996,1
DTXSID9052894,75,0.9999999783755763,1
DTXSID9052896,75,2.180634653036705e-17,0
DTXSID9052898,75,0.002467607161439553,0
DTXSID90558000,75,0.999998872187403,1
DTXSID9057890,75,4.482857334836681e-10,0
DTXSID9058654,75,0.0,0
DTXSID9059832,75,0.9999999999989898,1
DTXSID9059834,75,4.2120669127822997e-08,0
DTXSID9059919,75,2.9416745747504704e-10,0
DTXSID9059969,75,9.459442998570094e-08,0
DTXSID9061881,75,0.9643159156165405,1
DTXSID90858870,75,4.572415465939272e-05,0
DTXSID90858875,75,0.9999999308150966,1
DTXSID90858890,75,0.025396508228906385,0
DTXSID90858895,75,0.9999999461030673,1
DTXSID90858911,75,0.6297169870397226,0
DTXSID90858916,75,0.9999979350637341,1
DTXSID90868151,75,2.3065504539177096e-08,0
DTXSID90872713,75,0.0,0
DTXSID90872718,75,5.2330941530667195e-05,0
DTXSID90872733,75,0.0032198897986991763,0
DTXSID90872738,75,1.7191331730395759e-06,0
DTXSID90872753,75,7.631245654023298e-07,0
DTXSID90880131,75,0.789879544320127,0
DTXSID90880156,75,0.27261749564502036,0
DTXSID90903834,75,0.7189671877577832,0
DTXSID90903839,75,0.09061549974101443,0
DTXSID90903854,75,0.0918500216862581,0
DTXSID90903859,75,0.0,0
DTXSID90903874,75,0.0,0
DTXSID90903879,75,0.0,0
DTXSID90903894,75,0.0,0
