dtxsid,aeid,hitc_clean,active
DTXSID0020020,1840,0.0,0.0
DTXSID0020022,1840,0.0,0.0
DTXSID0020024,1840,0.0,0.0
DTXSID0020070,1840,0.0,0.0
DTXSID0020072,1840,0.0,0.0
DTXSID0020074,1840,0.0,0.0
DTXSID0020076,1840,0.0,0.0
DTXSID0020101,1840,0.0,0.0
DTXSID0020105,1840,0.0,0.0
DTXSID0020107,1840,0.0,0.0
DTXSID0020151,1840,0.0,0.0
DTXSID0020153,1840,0.0,0.0
DTXSID0020155,1840,0.0,0.0
DTXSID0020157,1840,0.0,0.0
DTXSID0020232,1840,0.0,0.0
DTXSID0020236,1840,0.0,0.0
DTXSID0020238,1840,0.0,0.0
DTXSID0020280,1840,0.0,0.0
DTXSID0020282,1840,0.0,0.0
DTXSID0020284,1840,3.646202444144453e-08,0.0
DTXSID0020286,1840,0.0,0.0
DTXSID0020288,1840,0.0,0.0
DTXSID0020311,1840,0.0,0.0
DTXSID0020315,1840,,
DTXSID0020319,1840,0.9999999999999518,1.0
DTXSID0020361,1840,0.0,0.0
DTXSID0020363,1840,0.0,0.0
DTXSID0020365,1840,0.0,0.0
DTXSID0020367,1840,0.0,0.0
DTXSID0020369,1840,0.0,0.0
DTXSID0020440,1840,0.0,0.0
DTXSID0020442,1840,0.0,0.0
DTXSID0020444,1840,0.0,0.0
DTXSID0020446,1840,0.0,0.0
DTXSID0020448,1840,0.0,0.0
DTXSID0020494,1840,0.0,0.0
DTXSID0020498,1840,0.0,0.0
DTXSID0020523,1840,0.0,0.0
DTXSID0020527,1840,0.0,0.0
DTXSID0020529,1840,0.0,0.0
DTXSID0020573,1840,0.0,0.0
DTXSID0020575,1840,0.0,0.0
DTXSID0020577,1840,0.0,0.0
DTXSID0020602,1840,0.0,0.0
DTXSID0020604,1840,0.0,0.0
DTXSID0020606,1840,0.0,0.0
DTXSID0020650,1840,8.237418411856422e-11,0.0
DTXSID0020652,1840,0.0,0.0
DTXSID0020654,1840,0.0,0.0
DTXSID0020656,1840,0.0,0.0
DTXSID0020733,1840,0.0,0.0
DTXSID0020737,1840,0.0,0.0
DTXSID0020789,1840,0.0,0.0
DTXSID0020810,1840,0.07071275020895325,0.0
DTXSID0020814,1840,4.838806994470336e-13,0.0
DTXSID0020818,1840,0.0,0.0
DTXSID0020862,1840,0.0,0.0
DTXSID0020868,1840,0.0,0.0
DTXSID0020941,1840,0.0,0.0
DTXSID0020943,1840,0.0,0.0
DTXSID0021040,1840,0.0,0.0
DTXSID0021094,1840,0.0,0.0
DTXSID0021096,1840,0.0,0.0
DTXSID0021121,1840,0.0,0.0
DTXSID0021123,1840,0.0,0.0
DTXSID0021125,1840,0.0,0.0
DTXSID0021127,1840,0.0,0.0
DTXSID0021129,1840,1.4021538435280636e-18,0.0
DTXSID0021175,1840,0.0,0.0
DTXSID0021179,1840,0.0,0.0
DTXSID0021206,1840,0.0,0.0
DTXSID0021254,1840,0.0,0.0
DTXSID0021256,1840,0.0,0.0
DTXSID0021258,1840,0.0,0.0
DTXSID0021331,1840,0.0,0.0
DTXSID0021333,1840,0.9999999860408384,1.0
DTXSID0021335,1840,0.0,0.0
DTXSID0021337,1840,3.0119069451331136e-19,0.0
DTXSID0021339,1840,0.0,0.0
DTXSID0021381,1840,0.0,0.0
DTXSID0021383,1840,0.0,0.0
DTXSID0021385,1840,0.9999999985420528,1.0
DTXSID0021387,1840,0.0,0.0
DTXSID0021389,1840,0.0,0.0
DTXSID0021410,1840,0.0,0.0
DTXSID0021414,1840,2.710058766926715e-18,0.0
DTXSID0021418,1840,4.7272224607706154e-18,0.0
DTXSID0021460,1840,5.212385407231166e-16,0.0
DTXSID0021462,1840,0.0,0.0
DTXSID0021464,1840,0.9999999999995369,1.0
DTXSID0021543,1840,0.0,0.0
DTXSID0021545,1840,0.0,0.0
DTXSID0021547,1840,0.0,0.0
DTXSID0021597,1840,0.0,0.0
DTXSID0021599,1840,0.0,0.0
DTXSID0021620,1840,0.0,0.0
DTXSID0021626,1840,0.0,0.0
DTXSID0021628,1840,0.0,0.0
DTXSID0021672,1840,0.0,0.0
DTXSID0021709,1840,0.0,0.0
DTXSID0021751,1840,0.0,0.0
DTXSID0021757,1840,0.0,0.0
DTXSID0021759,1840,0.0,0.0
DTXSID0021832,1840,0.0,0.0
DTXSID0021834,1840,0.0,0.0
DTXSID0021836,1840,0.9908361561275544,1.0
DTXSID0021886,1840,0.0,0.0
DTXSID0021888,1840,0.0,0.0
DTXSID0021915,1840,0.0,0.0
DTXSID0021917,1840,0.0,0.0
DTXSID0021961,1840,0.0,0.0
DTXSID0021963,1840,0.0,0.0
DTXSID0021965,1840,0.0,0.0
DTXSID0021969,1840,0.0,0.0
DTXSID0022010,1840,0.0,0.0
DTXSID0022012,1840,0.0,0.0
DTXSID0022014,1840,0.0,0.0
DTXSID0022016,1840,0.0,0.0
DTXSID0022018,1840,0.0,0.0
DTXSID0022060,1840,0.0,0.0
DTXSID0022062,1840,0.0,0.0
DTXSID0022191,1840,0.0,0.0
DTXSID0022193,1840,0.0,0.0
DTXSID0022220,1840,0.0,0.0
DTXSID0022301,1840,0.0,0.0
DTXSID0022305,1840,0.0,0.0
DTXSID0022307,1840,0.0,0.0
DTXSID0022353,1840,5.610771954033091e-16,0.0
DTXSID0022432,1840,0.0,0.0
DTXSID0022436,1840,0.0,0.0
DTXSID0022480,1840,0.0,0.0
DTXSID0022519,1840,1.5993445629740056e-19,0.0
DTXSID0022563,1840,0.0,0.0
DTXSID0022640,1840,0.0,0.0
DTXSID0022644,1840,0.0,0.0
DTXSID0022646,1840,0.0,0.0
DTXSID0022690,1840,4.593003114726601e-16,0.0
DTXSID0022725,1840,0.0,0.0
DTXSID0022777,1840,0.9978942090618473,1.0
DTXSID0022800,1840,0.0,0.0
DTXSID0022808,1840,5.5879201282876625e-16,0.0
DTXSID0022850,1840,0.0,0.0
DTXSID0022854,1840,0.0,0.0
DTXSID0022858,1840,0.0,0.0
DTXSID0022933,1840,0.0,0.0
DTXSID0022935,1840,0.0,0.0
DTXSID0022981,1840,0.0,0.0
DTXSID0023030,1840,0.0,0.0
DTXSID0023036,1840,9.700701866339193e-17,0.0
DTXSID0023038,1840,0.0,0.0
DTXSID0023113,1840,0.0,0.0
DTXSID0023163,1840,0.0,0.0
DTXSID0023169,1840,0.0,0.0
DTXSID0023240,1840,3.1830700683343077e-19,0.0
DTXSID0023244,1840,0.0,0.0
DTXSID0023292,1840,0.0,0.0
DTXSID0023296,1840,0.9999999999769603,1.0
DTXSID0023298,1840,0.0,0.0
DTXSID0023323,1840,0.0,0.0
DTXSID0023329,1840,0.0,0.0
DTXSID0023371,1840,9.70001801952683e-05,0.0
DTXSID0023373,1840,0.0,0.0
DTXSID0023377,1840,0.0,0.0
DTXSID0023458,1840,0.0,0.0
DTXSID0023581,1840,2.6562473752132997e-05,0.0
DTXSID0023587,1840,0.0,0.0
DTXSID0023612,1840,0.0,0.0
DTXSID0023616,1840,0.0,0.0
DTXSID0023618,1840,0.0,0.0
DTXSID0023660,1840,0.0,0.0
DTXSID0023745,1840,0.0,0.0
DTXSID0023747,1840,0.0,0.0
DTXSID0023749,1840,0.0,0.0
DTXSID0023826,1840,0.0,0.0
DTXSID0023870,1840,0.0,0.0
DTXSID0023878,1840,3.1640483838354905e-10,0.0
DTXSID0023901,1840,0.0,0.0
DTXSID0023907,1840,0.0,0.0
DTXSID0023909,1840,0.0,0.0
DTXSID0023951,1840,0.0,0.0
DTXSID0023955,1840,0.0,0.0
DTXSID0024000,1840,8.86705878865778e-09,0.0
DTXSID0024002,1840,0.0,0.0
DTXSID0024052,1840,0.0,0.0
DTXSID0024183,1840,0.0,0.0
DTXSID0024185,1840,0.0,0.0
DTXSID0024216,1840,0.0,0.0
DTXSID0024266,1840,0.0,0.0
DTXSID0024341,1840,0.0,0.0
DTXSID0024345,1840,0.0,0.0
DTXSID0024395,1840,0.0,0.0
DTXSID0024397,1840,0.0,0.0
DTXSID0024399,1840,0.0,0.0
DTXSID0024470,1840,0.0,0.0
DTXSID0024474,1840,0.0,0.0
DTXSID0024478,1840,2.8484813424406177e-18,0.0
DTXSID0024501,1840,0.0,0.0
DTXSID0024503,1840,0.0,0.0
DTXSID0024505,1840,0.0,0.0
DTXSID0024507,1840,7.669188647567084e-18,0.0
DTXSID0024509,1840,0.0,0.0
DTXSID0024553,1840,1.9332218797730194e-08,0.0
DTXSID0024555,1840,0.0,0.0
DTXSID0024559,1840,1.0787281829629697e-15,0.0
DTXSID0024638,1840,0.0,0.0
DTXSID0024715,1840,0.0,0.0
DTXSID0024761,1840,0.0,0.0
DTXSID0024840,1840,0.0,0.0
DTXSID0024890,1840,0.0,0.0
DTXSID0024896,1840,0.0,0.0
DTXSID0024921,1840,0.0,0.0
DTXSID0024923,1840,0.0,0.0
DTXSID0024971,1840,0.0,0.0
DTXSID0024977,1840,0.0,0.0
DTXSID0024979,1840,0.0,0.0
DTXSID0025070,1840,0.0,0.0
DTXSID0025074,1840,0.0,0.0
DTXSID0025076,1840,0.9999999998563328,1.0
DTXSID0025078,1840,,
DTXSID0025101,1840,0.0,0.0
DTXSID0025234,1840,1.3504673129357183e-07,0.0
DTXSID0025286,1840,0.0,0.0
DTXSID0025315,1840,0.0,0.0
DTXSID0025361,1840,0.0,0.0
DTXSID0025363,1840,0.0,0.0
DTXSID0025367,1840,0.0,0.0
DTXSID0025440,1840,0.0,0.0
DTXSID0025492,1840,0.0,0.0
DTXSID0025494,1840,0.0,0.0
DTXSID0025523,1840,0.0,0.0
DTXSID0025527,1840,0.0,0.0
DTXSID0025571,1840,0.0,0.0
DTXSID0025577,1840,0.0,0.0
DTXSID0025600,1840,0.9999999976662417,1.0
DTXSID0025604,1840,0.0,0.0
DTXSID0025654,1840,1.103076028897138e-19,0.0
DTXSID0025733,1840,0.0,0.0
DTXSID0025737,1840,0.0,0.0
DTXSID0025789,1840,0.0,0.0
DTXSID0025812,1840,0.0,0.0
DTXSID0025814,1840,6.9388755011251434e-18,0.0
DTXSID0025816,1840,0.0,0.0
DTXSID0025818,1840,1.3364083781093598e-10,0.0
DTXSID0025862,1840,0.0,0.0
DTXSID0025864,1840,0.0,0.0
DTXSID0025866,1840,0.0,0.0
DTXSID0025991,1840,0.0003571518126325781,0.0
DTXSID0025997,1840,0.0,0.0
DTXSID0026040,1840,0.9999804788132542,1.0
DTXSID0026098,1840,0.0,0.0
DTXSID0026125,1840,0.0,0.0
DTXSID0026171,1840,0.0,0.0
DTXSID0026175,1840,0.0,0.0
DTXSID0026202,1840,2.157767194687429e-14,0.0
DTXSID0026204,1840,0.0,0.0
DTXSID0026208,1840,3.258112888631367e-17,0.0
DTXSID0026252,1840,0.0,0.0
DTXSID0026258,1840,0.0,0.0
DTXSID0026339,1840,0.0,0.0
DTXSID0026418,1840,0.0,0.0
DTXSID0026547,1840,8.979424756434056e-18,0.0
DTXSID0026549,1840,0.0,0.0
DTXSID0026676,1840,0.0,0.0
DTXSID0026701,1840,0.0,0.0
DTXSID0026830,1840,0.0,0.0
DTXSID0026838,1840,0.0,0.0
DTXSID0026880,1840,0.0,0.0
DTXSID0026882,1840,0.0,0.0
DTXSID0026888,1840,2.6560295039666667e-15,0.0
DTXSID0026913,1840,0.0,0.0
DTXSID0026915,1840,0.0,0.0
DTXSID0026961,1840,0.0,0.0
DTXSID0026967,1840,0.0,0.0
DTXSID0027014,1840,0.0,0.0
DTXSID0027066,1840,0.0,0.0
DTXSID0027143,1840,0.0,0.0
DTXSID0027149,1840,0.0,0.0
DTXSID0027191,1840,0.0,0.0
DTXSID0027195,1840,0.0,0.0
DTXSID0027197,1840,0.0,0.0
DTXSID0027222,1840,0.0,0.0
DTXSID0027228,1840,1.3725631888547112e-17,0.0
DTXSID0027270,1840,0.0,0.0
DTXSID0027301,1840,0.0,0.0
DTXSID0027309,1840,0.0,0.0
DTXSID0027432,1840,0.0,0.0
DTXSID0027436,1840,0.0,0.0
DTXSID0027438,1840,0.0,0.0
DTXSID0027486,1840,0.0,0.0
DTXSID0027513,1840,0.0,0.0
DTXSID0027515,1840,0.0,0.0
DTXSID0027561,1840,0.0,0.0
DTXSID0027565,1840,0.0,0.0
DTXSID0027567,1840,0.0,0.0
DTXSID0027640,1840,0.0,0.0
DTXSID0027721,1840,0.0,0.0
DTXSID0027729,1840,0.0,0.0
DTXSID0027771,1840,4.5303833650775834e-13,0.0
DTXSID0027773,1840,3.279641348067373e-05,0.0
DTXSID0027802,1840,0.0,0.0
DTXSID0027804,1840,0.0,0.0
DTXSID0027806,1840,0.0,0.0
DTXSID0027852,1840,0.0,0.0
DTXSID0027856,1840,0.0,0.0
DTXSID0027858,1840,0.0,0.0
DTXSID0027933,1840,0.0,0.0
DTXSID0027981,1840,0.0,0.0
DTXSID0027983,1840,0.0,0.0
DTXSID0028030,1840,0.0,0.0
DTXSID0028038,1840,0.9999861118726326,1.0
DTXSID0028323,1840,0.0,0.0
DTXSID0028618,1840,0.0,0.0
DTXSID0028666,1840,0.0,0.0
DTXSID0029133,1840,0.0,0.0
DTXSID0029187,1840,0.0,0.0
DTXSID0029189,1840,0.0,0.0
DTXSID0029210,1840,0.0,0.0
DTXSID0029214,1840,0.0,0.0
DTXSID0029218,1840,0.0,0.0
DTXSID0029260,1840,0.0,0.0
DTXSID0029262,1840,2.9252143847155137e-13,0.0
DTXSID0029474,1840,0.0,0.0
DTXSID0029559,1840,0.0,0.0
DTXSID0029688,1840,0.0,0.0
DTXSID0029761,1840,0.0,0.0
DTXSID0029848,1840,0.0,0.0
DTXSID0030162,1840,0.0,0.0
DTXSID0030588,1840,0.0,0.0
DTXSID0032029,1840,0.0,0.0
DTXSID0032077,1840,0.0,0.0
DTXSID0032314,1840,0.0,0.0
DTXSID0032316,1840,0.0,0.0
DTXSID0032493,1840,0.0,0.0
DTXSID0032497,1840,0.0,0.0
DTXSID0032520,1840,0.9999998933762997,1.0
DTXSID0032572,1840,0.0,0.0
DTXSID0032578,1840,0.9413444258209152,1.0
DTXSID0032601,1840,0.0,0.0
DTXSID0032605,1840,0.0,0.0
DTXSID0032651,1840,0.0,0.0
DTXSID0032655,1840,0.0,0.0
DTXSID0032811,1840,0.0,0.0
DTXSID0032813,1840,0.0,0.0
DTXSID0032869,1840,0.0,0.0
DTXSID0032998,1840,0.0,0.0
DTXSID0033047,1840,0.0,0.0
DTXSID0033332,1840,1.3000770375437264e-17,0.0
DTXSID0033334,1840,0.0,0.0
DTXSID0033382,1840,0.0,0.0
DTXSID0033469,1840,0.0,0.0
DTXSID0033673,1840,3.263516911006139e-12,0.0
DTXSID0033754,1840,0.0,0.0
DTXSID0033960,1840,3.046602536373569e-12,0.0
DTXSID0034192,1840,0.0,0.0
DTXSID0034223,1840,0.8492793919515663,0.0
DTXSID0034227,1840,0.0,0.0
DTXSID0034229,1840,0.0,0.0
DTXSID0034300,1840,0.0,0.0
DTXSID0034518,1840,0.0,0.0
DTXSID0034566,1840,1.0,1.0
DTXSID0034695,1840,0.0,0.0
DTXSID0034722,1840,0.0,0.0
DTXSID0034776,1840,0.0,0.0
DTXSID0034803,1840,0.0,0.0
DTXSID0034851,1840,0.0,0.0
DTXSID0034855,1840,0.0,0.0
DTXSID0034930,1840,0.0,0.0
DTXSID0034936,1840,0.0,0.0
DTXSID0035160,1840,0.0,0.0
DTXSID0035748,1840,0.0,0.0
DTXSID0035790,1840,0.0,0.0
DTXSID0036508,1840,0.0,0.0
DTXSID0037023,1840,0.0,0.0
DTXSID0037231,1840,0.0,0.0
DTXSID0037237,1840,0.0,0.0
DTXSID0037493,1840,0.0,0.0
DTXSID0037495,1840,0.0,0.0
DTXSID0037522,1840,0.0,0.0
DTXSID0037570,1840,0.0,0.0
DTXSID0037576,1840,0.0,0.0
DTXSID0037730,1840,0.9999992098929625,1.0
DTXSID0037734,1840,0.0,0.0
DTXSID0038700,1840,0.0,0.0
DTXSID0038756,1840,0.0,0.0
DTXSID0038831,1840,0.0,0.0
DTXSID0038839,1840,0.0,0.0
DTXSID0038881,1840,0.9651300481094637,1.0
DTXSID0038887,1840,0.0,0.0
DTXSID0039223,1840,0.0,0.0
DTXSID0039227,1840,0.0,0.0
DTXSID0040127,1840,0.0,0.0
DTXSID0040208,1840,0.0,0.0
DTXSID0040464,1840,0.0,0.0
DTXSID0040672,1840,0.0,0.0
DTXSID0040674,1840,0.0,0.0
DTXSID0040676,1840,0.0,0.0
DTXSID0040678,1840,0.0,0.0
DTXSID0040701,1840,0.0,0.0
DTXSID0040703,1840,0.0,0.0
DTXSID0040705,1840,0.0,0.0
DTXSID0040707,1840,0.0,0.0
DTXSID0040751,1840,0.0,0.0
DTXSID0040757,1840,0.0,0.0
DTXSID0041141,1840,0.0,0.0
DTXSID0041197,1840,0.0,0.0
DTXSID0041220,1840,0.0,0.0
DTXSID0041224,1840,0.0,0.0
DTXSID0041270,1840,0.0,0.0
DTXSID0041274,1840,0.9999999999687302,1.0
DTXSID0041357,1840,0.0,0.0
DTXSID0041359,1840,0.777139120592341,0.0
DTXSID0041436,1840,0.0,0.0
DTXSID0041484,1840,0.0,0.0
DTXSID0041513,1840,0.0,0.0
DTXSID0041517,1840,0.0,0.0
DTXSID0041519,1840,0.0,0.0
DTXSID0041567,1840,0.0,0.0
DTXSID0041646,1840,0.0,0.0
DTXSID0041692,1840,0.0,0.0
DTXSID0041698,1840,0.0,0.0
DTXSID0041721,1840,0.0,0.0
DTXSID0041850,1840,0.0,0.0
DTXSID0041852,1840,0.0,0.0
DTXSID0041981,1840,0.0,0.0
DTXSID0041983,1840,0.0,0.0
DTXSID0041985,1840,0.030930008224598293,0.0
DTXSID0041987,1840,0.0,0.0
DTXSID0042038,1840,0.0,0.0
DTXSID0042080,1840,0.0,0.0
DTXSID0042084,1840,0.0,0.0
DTXSID0042086,1840,6.4890472607390615e-12,0.0
DTXSID0042117,1840,0.0,0.0
DTXSID0042167,1840,0.0,0.0
DTXSID0042169,1840,0.0,0.0
DTXSID0042242,1840,0.0,0.0
DTXSID0042248,1840,0.0,0.0
DTXSID0042325,1840,0.0,0.0
DTXSID0042327,1840,0.0,0.0
DTXSID0042379,1840,0.0,0.0
DTXSID0042400,1840,0.0,0.0
DTXSID0042406,1840,0.0,0.0
DTXSID0042454,1840,0.0,0.0
DTXSID0042583,1840,0.0,0.0
DTXSID0042614,1840,0.0,0.0
DTXSID0043761,1840,0.0,0.0
DTXSID0043765,1840,0.0,0.0
DTXSID0043848,1840,0.0,0.0
DTXSID0043892,1840,0.0,0.0
DTXSID0043896,1840,0.0,0.0
DTXSID0044107,1840,0.0,0.0
DTXSID0044236,1840,0.0,0.0
DTXSID0044280,1840,0.0,0.0
DTXSID0044313,1840,0.0,0.0
DTXSID0044315,1840,0.0,0.0
DTXSID0044317,1840,0.0,0.0
DTXSID0044361,1840,0.0,0.0
DTXSID0044363,1840,0.0,0.0
DTXSID0044365,1840,0.0,0.0
DTXSID0044367,1840,0.9999852848308314,1.0
DTXSID0044369,1840,0.0,0.0
DTXSID0044440,1840,3.35053409797516e-06,0.0
DTXSID0044446,1840,0.0,0.0
DTXSID0044448,1840,0.0,0.0
DTXSID0044490,1840,0.0,0.0
DTXSID0044494,1840,0.0,0.0
DTXSID0044496,1840,0.0,0.0
DTXSID0044498,1840,0.0,0.0
DTXSID0044521,1840,0.0,0.0
DTXSID0044523,1840,0.0,0.0
DTXSID0044525,1840,1.0,1.0
DTXSID0044527,1840,0.0,0.0
DTXSID0044571,1840,0.0,0.0
DTXSID0044573,1840,0.0,0.0
DTXSID0044575,1840,0.0,0.0
DTXSID0044577,1840,0.0,0.0
DTXSID0044600,1840,0.0,0.0
DTXSID0044604,1840,0.0,0.0
DTXSID0044606,1840,0.0,0.0
DTXSID0044650,1840,0.0,0.0
DTXSID0044654,1840,0.0,0.0
DTXSID0044656,1840,0.0,0.0
DTXSID0044658,1840,0.0,0.0
DTXSID0044731,1840,0.0,0.0
DTXSID0044733,1840,0.0,0.0
DTXSID0044735,1840,0.0,0.0
DTXSID0044737,1840,0.0,0.0
DTXSID0044781,1840,7.818185419046835e-12,0.0
DTXSID0044783,1840,0.0,0.0
DTXSID0044785,1840,0.0,0.0
DTXSID0044787,1840,0.0,0.0
DTXSID0044810,1840,0.0,0.0
DTXSID0044812,1840,0.0,0.0
DTXSID0044816,1840,0.0,0.0
DTXSID0044818,1840,0.0,0.0
DTXSID0044860,1840,0.0,0.0
DTXSID0044862,1840,0.0,0.0
DTXSID0044868,1840,0.0,0.0
DTXSID0044941,1840,0.0,0.0
DTXSID0044943,1840,0.0,0.0
DTXSID0044945,1840,0.0,0.0
DTXSID0044947,1840,0.0,0.0
DTXSID0044949,1840,0.0,0.0
DTXSID0044993,1840,0.0,0.0
DTXSID0044995,1840,0.0,0.0
DTXSID0044997,1840,0.0,0.0
DTXSID0044999,1840,0.0,0.0
DTXSID0045090,1840,0.0,0.0
DTXSID0045125,1840,5.240899726968347e-18,0.0
DTXSID0045127,1840,0.0,0.0
DTXSID0045171,1840,0.0,0.0
DTXSID0045173,1840,0.6182692188672436,0.0
DTXSID0045175,1840,0.0,0.0
DTXSID0045179,1840,0.0,0.0
DTXSID0045202,1840,0.0,0.0
DTXSID0045204,1840,0.9999999999910127,1.0
DTXSID0045206,1840,3.0042764896313316e-19,0.0
DTXSID0045208,1840,0.0,0.0
DTXSID0045252,1840,0.0,0.0
DTXSID0045254,1840,0.0,0.0
DTXSID0045383,1840,0.0,0.0
DTXSID0045389,1840,0.0,0.0
DTXSID0045410,1840,0.0,0.0
DTXSID0045412,1840,1.1582206263571745e-17,0.0
DTXSID0045416,1840,0.0,0.0
DTXSID0045462,1840,0.0,0.0
DTXSID0045464,1840,0.0,0.0
DTXSID0045466,1840,0.0,0.0
DTXSID0045543,1840,0.0,0.0
DTXSID0045547,1840,0.0,0.0
DTXSID0045591,1840,0.0,0.0
DTXSID0045595,1840,0.0,0.0
DTXSID0045597,1840,0.0,0.0
DTXSID0045624,1840,0.0,0.0
DTXSID0045626,1840,0.0,0.0
DTXSID0045670,1840,0.0,0.0
DTXSID0045674,1840,0.0,0.0
DTXSID0045676,1840,0.0,0.0
DTXSID0045701,1840,0.0,0.0
DTXSID0045703,1840,0.0,0.0
DTXSID0045705,1840,0.0,0.0
DTXSID0045707,1840,0.0,0.0
DTXSID0045709,1840,0.0,0.0
DTXSID0045753,1840,0.0,0.0
DTXSID0045832,1840,0.0,0.0
DTXSID0045836,1840,0.0,0.0
DTXSID0045838,1840,1.703361582614414e-18,0.0
DTXSID0045880,1840,0.0,0.0
DTXSID0045886,1840,5.511715446521863e-11,0.0
DTXSID0045888,1840,0.0,0.0
DTXSID0045963,1840,0.0,0.0
DTXSID0046016,1840,0.0,0.0
DTXSID0046060,1840,0.0,0.0
DTXSID0046066,1840,0.0,0.0
DTXSID0046145,1840,0.0,0.0
DTXSID0046147,1840,0.0,0.0
DTXSID0046193,1840,0.0,0.0
DTXSID0046195,1840,0.0,0.0
DTXSID0046222,1840,6.825047156795382e-19,0.0
DTXSID0046226,1840,0.0,0.0
DTXSID0046270,1840,0.0,0.0
DTXSID0046272,1840,0.0,0.0
DTXSID0046274,1840,0.0,0.0
DTXSID0046276,1840,0.0,0.0
DTXSID0046305,1840,0.0,0.0
DTXSID0046307,1840,7.598840014448066e-16,0.0
DTXSID0046309,1840,0.0,0.0
DTXSID0046351,1840,0.0,0.0
DTXSID0046357,1840,4.1713129533901446e-08,0.0
DTXSID0046430,1840,0.0,0.0
DTXSID0046432,1840,0.0,0.0
DTXSID0046434,1840,0.0,0.0
DTXSID0046480,1840,0.0,0.0
DTXSID0046482,1840,0.0,0.0
DTXSID0046484,1840,0.0,0.0
DTXSID0046486,1840,0.0,0.0
DTXSID0046488,1840,0.0,0.0
DTXSID0046511,1840,0.0,0.0
DTXSID0046513,1840,0.0,0.0
DTXSID0046561,1840,0.0,0.0
DTXSID0046563,1840,0.0,0.0
DTXSID0046565,1840,0.0,0.0
DTXSID0046567,1840,0.0,0.0
DTXSID0046569,1840,0.0,0.0
DTXSID0046640,1840,0.0,0.0
DTXSID0046644,1840,0.0,0.0
DTXSID0046648,1840,0.0,0.0
DTXSID0046690,1840,2.1978369518154272e-08,0.0
DTXSID0046692,1840,0.0,0.0
DTXSID0046696,1840,0.0,0.0
DTXSID0046698,1840,0.0,0.0
DTXSID0046721,1840,0.0,0.0
DTXSID0046725,1840,0.0,0.0
DTXSID0046727,1840,0.0,0.0
DTXSID0046804,1840,0.0,0.0
DTXSID0046850,1840,0.0,0.0
DTXSID0046989,1840,0.0,0.0
DTXSID0047030,1840,0.0,0.0
DTXSID0047032,1840,0.0,0.0
DTXSID0047034,1840,0.0,0.0
DTXSID0047036,1840,0.0,0.0
DTXSID0047038,1840,0.0,0.0
DTXSID0047080,1840,0.0,0.0
DTXSID0047082,1840,0.0,0.0
DTXSID0047084,1840,0.0,0.0
DTXSID0047086,1840,0.0,0.0
DTXSID0047088,1840,0.0,0.0
DTXSID0047111,1840,0.9976855478034616,1.0
DTXSID0047113,1840,0.0,0.0
DTXSID0047115,1840,0.0,0.0
DTXSID0047117,1840,7.539513509054273e-08,0.0
DTXSID0047161,1840,0.0,0.0
DTXSID0047163,1840,0.0,0.0
DTXSID0047165,1840,0.0,0.0
DTXSID0047167,1840,0.0,0.0
DTXSID0047169,1840,0.0,0.0
DTXSID0047242,1840,0.0001635259361300114,0.0
DTXSID0047244,1840,0.0,0.0
DTXSID0047246,1840,0.0,0.0
DTXSID0047248,1840,0.0,0.0
DTXSID0047290,1840,0.0,0.0
DTXSID0047292,1840,0.0,0.0
DTXSID0047294,1840,0.0,0.0
DTXSID0047296,1840,0.0,0.0
DTXSID0047325,1840,0.0,0.0
DTXSID0047327,1840,0.0,0.0
DTXSID0047371,1840,0.9999989439215319,1.0
DTXSID0047375,1840,0.0,0.0
DTXSID0047377,1840,0.999999999962558,1.0
DTXSID0047379,1840,0.0,0.0
DTXSID0047400,1840,0.0,0.0
DTXSID0047404,1840,0.0,0.0
DTXSID0047406,1840,0.0,0.0
DTXSID0047408,1840,0.0,0.0
DTXSID0047450,1840,0.0,0.0
DTXSID0047454,1840,0.0,0.0
DTXSID0047456,1840,0.0,0.0
DTXSID0047533,1840,0.0,0.0
DTXSID0047535,1840,0.0,0.0
DTXSID0047537,1840,0.0,0.0
DTXSID0047539,1840,0.0,0.0
DTXSID0047581,1840,0.0,0.0
DTXSID0047585,1840,0.0,0.0
DTXSID0047587,1840,0.0,0.0
DTXSID0047589,1840,0.0,0.0
DTXSID0047610,1840,0.0,0.0
DTXSID0047614,1840,0.0,0.0
DTXSID0047618,1840,0.0,0.0
DTXSID0047660,1840,0.0,0.0
DTXSID0047662,1840,0.0,0.0
DTXSID0047741,1840,0.0,0.0
DTXSID0047745,1840,0.0,0.0
DTXSID0047749,1840,0.0,0.0
DTXSID0047797,1840,0.0,0.0
DTXSID0047799,1840,0.0,0.0
DTXSID0047822,1840,0.0,0.0
DTXSID0047828,1840,0.0,0.0
DTXSID0047870,1840,0.0,0.0
DTXSID0047872,1840,0.0,0.0
DTXSID0047874,1840,0.0,0.0
DTXSID0047876,1840,0.0,0.0
DTXSID0047878,1840,0.0,0.0
DTXSID0047901,1840,0.0,0.0
DTXSID0047903,1840,0.0,0.0
DTXSID0047905,1840,0.0,0.0
DTXSID0047907,1840,0.0,0.0
DTXSID0047909,1840,0.0,0.0
DTXSID0047951,1840,0.0,0.0
DTXSID0047953,1840,0.9999999999997672,1.0
DTXSID0047955,1840,0.0,0.0
DTXSID0047957,1840,1.7567326573773267e-06,0.0
DTXSID0047959,1840,,
DTXSID0048181,1840,0.0,0.0
DTXSID0048183,1840,0.0,0.0
DTXSID0048185,1840,0.9999988980760578,1.0
DTXSID0048187,1840,0.0,0.0
DTXSID0048189,1840,1.3617982012278e-13,0.0
DTXSID0048210,1840,0.0,0.0
DTXSID0048505,1840,0.0,0.0
DTXSID0048507,1840,0.0,0.0
DTXSID0048509,1840,0.0,0.0
DTXSID0048632,1840,0.0,0.0
DTXSID0048636,1840,0.0,0.0
DTXSID0048638,1840,0.0,0.0
DTXSID0048680,1840,0.0,0.0
DTXSID0048684,1840,0.9996515874147717,1.0
DTXSID0048686,1840,0.0,0.0
DTXSID0048713,1840,0.0,0.0
DTXSID0048717,1840,0.0,0.0
DTXSID0048840,1840,0.0,0.0
DTXSID0048842,1840,0.0,0.0
DTXSID0048844,1840,0.0,0.0
DTXSID0048846,1840,8.89624959836513e-09,0.0
DTXSID0048848,1840,0.0,0.0
DTXSID0048890,1840,0.0,0.0
DTXSID0048892,1840,0.0,0.0
DTXSID0048894,1840,0.0,0.0
DTXSID0048896,1840,0.0,0.0
DTXSID0048898,1840,0.0,0.0
DTXSID0048921,1840,0.0,0.0
DTXSID0048927,1840,0.0,0.0
DTXSID0048929,1840,0.0,0.0
DTXSID0048975,1840,0.0,0.0
DTXSID0049022,1840,0.0,0.0
DTXSID0049076,1840,2.247757668716562e-17,0.0
DTXSID0049078,1840,0.0,0.0
DTXSID0049230,1840,0.0,0.0
DTXSID0049232,1840,0.0,0.0
DTXSID0049234,1840,0.0,0.0
DTXSID0049236,1840,0.0,0.0
DTXSID0049238,1840,0.9998828660230157,1.0
DTXSID0049280,1840,0.0,0.0
DTXSID0049282,1840,1.3043088269249041e-18,0.0
DTXSID0049284,1840,0.0,0.0
DTXSID0049286,1840,1.268197521117868e-17,0.0
DTXSID0049288,1840,0.0,0.0
DTXSID0049311,1840,0.0,0.0
DTXSID0049313,1840,0.0,0.0
DTXSID0049315,1840,0.0,0.0
DTXSID0049317,1840,0.0,0.0
DTXSID0049319,1840,0.0,0.0
DTXSID0049361,1840,0.0,0.0
DTXSID0049363,1840,0.0,0.0
DTXSID0049365,1840,0.0,0.0
DTXSID0049367,1840,0.0,0.0
DTXSID0049369,1840,0.0,0.0
DTXSID0049446,1840,0.0,0.0
DTXSID0049448,1840,0.0,0.0
DTXSID0049490,1840,0.0,0.0
DTXSID0049492,1840,0.0,0.0
DTXSID0049494,1840,0.0,0.0
DTXSID0049496,1840,0.0,0.0
DTXSID0049498,1840,0.0,0.0
DTXSID0049521,1840,0.0,0.0
DTXSID0049523,1840,0.0,0.0
DTXSID0049525,1840,0.0,0.0
DTXSID0049527,1840,0.0,0.0
DTXSID0049529,1840,0.0,0.0
DTXSID0050423,1840,0.0,0.0
DTXSID0051447,1840,0.0,0.0
DTXSID0051493,1840,0.0,0.0
DTXSID0051497,1840,0.0,0.0
DTXSID0051499,1840,0.0,0.0
DTXSID0051570,1840,0.0,0.0
DTXSID0051574,1840,0.0,0.0
DTXSID0051732,1840,0.0,0.0
DTXSID0051736,1840,0.0,0.0
DTXSID0051738,1840,0.0,0.0
DTXSID0051782,1840,0.0,0.0
DTXSID0051863,1840,0.0,0.0
DTXSID0051944,1840,0.0,0.0
DTXSID0051996,1840,,
DTXSID0052043,1840,0.0,0.0
DTXSID0052124,1840,0.0,0.0
DTXSID0052463,1840,3.861686227600736e-13,0.0
DTXSID0052542,1840,0.0,0.0
DTXSID0052590,1840,9.649798380805418e-19,0.0
DTXSID0052594,1840,0.0,0.0
DTXSID0052596,1840,0.0,0.0
DTXSID0052598,1840,0.0,0.0
DTXSID0052621,1840,0.0,0.0
DTXSID0052629,1840,0.0,0.0
DTXSID0052833,1840,0.0,0.0
DTXSID0052837,1840,0.0,0.0
DTXSID0052839,1840,0.0,0.0
DTXSID0057621,1840,0.0,0.0
DTXSID0057623,1840,0.0,0.0
DTXSID0057625,1840,5.508179026118733e-16,0.0
DTXSID0057627,1840,5.336896665122229e-07,0.0
DTXSID0057629,1840,0.0,0.0
DTXSID0057671,1840,0.0,0.0
DTXSID0057673,1840,0.0,0.0
DTXSID0057677,1840,0.0,0.0
DTXSID0057679,1840,0.0,0.0
DTXSID0057700,1840,0.0,0.0
DTXSID0057702,1840,0.8987089965672352,0.0
DTXSID0057704,1840,0.0,0.0
DTXSID0057706,1840,0.0,0.0
DTXSID0057708,1840,0.0,0.0
DTXSID0057750,1840,0.0,0.0
DTXSID0057752,1840,0.0,0.0
DTXSID0057754,1840,0.0,0.0
DTXSID0057756,1840,0.0,0.0
DTXSID0057758,1840,0.0,0.0
DTXSID0057831,1840,9.498068290017373e-12,0.0
DTXSID0057833,1840,0.0,0.0
DTXSID0057835,1840,0.0,0.0
DTXSID0057837,1840,0.0,0.0
DTXSID0057839,1840,0.0,0.0
DTXSID1020015,1840,0.0,0.0
DTXSID1020063,1840,0.0,0.0
DTXSID1020069,1840,0.00015437683221915935,0.0
DTXSID1020140,1840,0.0,0.0
DTXSID1020142,1840,0.0,0.0
DTXSID1020144,1840,3.2734998709154808e-12,0.0
DTXSID1020146,1840,0.0,0.0
DTXSID1020148,1840,0.0,0.0
DTXSID1020190,1840,0.45685982501540867,0.0
DTXSID1020194,1840,0.0,0.0
DTXSID1020198,1840,0.0,0.0
DTXSID1020221,1840,7.354188539849283e-13,0.0
DTXSID1020223,1840,0.0,0.0
DTXSID1020275,1840,0.0,0.0
DTXSID1020279,1840,0.0,0.0
DTXSID1020300,1840,0.0,0.0
DTXSID1020306,1840,1.8573215592425805e-16,0.0
DTXSID1020308,1840,0.0,0.0
DTXSID1020350,1840,0.0,0.0
DTXSID1020352,1840,0.0,0.0
DTXSID1020354,1840,0.0,0.0
DTXSID1020358,1840,0.0,0.0
DTXSID1020431,1840,0.0,0.0
DTXSID1020433,1840,1.4996255979456987e-14,0.0
DTXSID1020437,1840,0.0,0.0
DTXSID1020439,1840,0.0,0.0
DTXSID1020483,1840,0.0,0.0
DTXSID1020485,1840,9.087912667491146e-18,0.0
DTXSID1020510,1840,2.527851445256865e-15,0.0
DTXSID1020512,1840,0.0,0.0
DTXSID1020516,1840,0.0,0.0
DTXSID1020560,1840,0.9995195551461727,1.0
DTXSID1020562,1840,0.0,0.0
DTXSID1020566,1840,0.0,0.0
DTXSID1020647,1840,0.0,0.0
DTXSID1020697,1840,0.12027532804032658,0.0
DTXSID1020699,1840,2.6038125271278675e-05,0.0
DTXSID1020728,1840,0.0,0.0
DTXSID1020770,1840,0.9999692873201587,1.0
DTXSID1020778,1840,0.0,0.0
DTXSID1020803,1840,0.0,0.0
DTXSID1020805,1840,0.0,0.0
DTXSID1020807,1840,0.0,0.0
DTXSID1020809,1840,0.0,0.0
DTXSID1020855,1840,0.0,0.0
DTXSID1020857,1840,0.0,0.0
DTXSID1020859,1840,0.0,0.0
DTXSID1020930,1840,0.0,0.0
DTXSID1020932,1840,0.0,0.0
DTXSID1020980,1840,0.0,0.0
DTXSID1020982,1840,0.0,0.0
DTXSID1020984,1840,0.0,0.0
DTXSID1021031,1840,,
DTXSID1021039,1840,0.0,0.0
DTXSID1021081,1840,0.0,0.0
DTXSID1021087,1840,0.0,0.0
DTXSID1021089,1840,0.0,0.0
DTXSID1021114,1840,0.9999839978272289,1.0
DTXSID1021116,1840,0.0,0.0
DTXSID1021118,1840,0.0,0.0
DTXSID1021160,1840,2.4969976031513425e-19,0.0
DTXSID1021162,1840,0.0,0.0
DTXSID1021164,1840,0.0,0.0
DTXSID1021166,1840,4.936705253168501e-13,0.0
DTXSID1021168,1840,0.0,0.0
DTXSID1021241,1840,0.0,0.0
DTXSID1021243,1840,0.9999963217596352,1.0
DTXSID1021247,1840,0.9999999999988207,1.0
DTXSID1021291,1840,0.0,0.0
DTXSID1021299,1840,0.0,0.0
DTXSID1021320,1840,0.0,0.0
DTXSID1021322,1840,0.0,0.0
DTXSID1021328,1840,0.0,0.0
DTXSID1021372,1840,0.0,0.0
DTXSID1021374,1840,0.0,0.0
DTXSID1021378,1840,0.0,0.0
DTXSID1021403,1840,0.0,0.0
DTXSID1021405,1840,0.0,0.0
DTXSID1021409,1840,1.0,1.0
DTXSID1021455,1840,0.0,0.0
DTXSID1021530,1840,0.0,0.0
DTXSID1021584,1840,0.0,0.0
DTXSID1021586,1840,0.0,0.0
DTXSID1021615,1840,0.0,0.0
DTXSID1021617,1840,0.0,0.0
DTXSID1021619,1840,0.0,0.0
DTXSID1021665,1840,0.0,0.0
DTXSID1021667,1840,0.99999524026128,1.0
DTXSID1021740,1840,0.0,0.0
DTXSID1021744,1840,0.0,0.0
DTXSID1021790,1840,0.0,0.0
DTXSID1021792,1840,0.0,0.0
DTXSID1021798,1840,0.0,0.0
DTXSID1021821,1840,0.0,0.0
DTXSID1021823,1840,0.0,0.0
DTXSID1021827,1840,0.0,0.0
DTXSID1021871,1840,0.0,0.0
DTXSID1021873,1840,0.0,0.0
DTXSID1021877,1840,0.0,0.0
DTXSID1021879,1840,0.0,0.0
DTXSID1021902,1840,0.0,0.0
DTXSID1021904,1840,0.0,0.0
DTXSID1021952,1840,0.0,0.0
DTXSID1021956,1840,0.0,0.0
DTXSID1021958,1840,0.0,0.0
DTXSID1022001,1840,0.0,0.0
DTXSID1022003,1840,0.0,0.0
DTXSID1022007,1840,0.0,0.0
DTXSID1022009,1840,0.0,0.0
DTXSID1022051,1840,0.0,0.0
DTXSID1022053,1840,0.0,0.0
DTXSID1022055,1840,0.0,0.0
DTXSID1022057,1840,0.0,0.0
DTXSID1022130,1840,0.0,0.0
DTXSID1022138,1840,0.0,0.0
DTXSID1022180,1840,0.0,0.0
DTXSID1022186,1840,4.729268080045198e-15,0.0
DTXSID1022188,1840,0.0,0.0
DTXSID1022217,1840,0.0,0.0
DTXSID1022265,1840,,
DTXSID1022267,1840,0.0,0.0
DTXSID1022394,1840,2.0435636269238458e-16,0.0
DTXSID1022396,1840,0.0,0.0
DTXSID1022421,1840,0.0,0.0
DTXSID1022425,1840,0.0,0.0
DTXSID1022479,1840,3.274063405564222e-16,0.0
DTXSID1022508,1840,0.9999945624091846,1.0
DTXSID1022556,1840,0.0,0.0
DTXSID1022558,1840,0.0,0.0
DTXSID1022635,1840,0.0,0.0
DTXSID1022681,1840,0.0,0.0
DTXSID1022683,1840,8.217196776714276e-11,0.0
DTXSID1022718,1840,0.0,0.0
DTXSID1022764,1840,0.0,0.0
DTXSID1022843,1840,0.9314985791139341,1.0
DTXSID1022897,1840,0.0,0.0
DTXSID1022926,1840,0.002778892683307736,0.0
DTXSID1022974,1840,0.0,0.0
DTXSID1022978,1840,0.0,0.0
DTXSID1023021,1840,0.0,0.0
DTXSID1023071,1840,8.076595245026621e-13,0.0
DTXSID1023102,1840,0.0,0.0
DTXSID1023150,1840,0.0,0.0
DTXSID1023158,1840,0.0,0.0
DTXSID1023231,1840,0.0,0.0
DTXSID1023235,1840,0.0,0.0
DTXSID1023239,1840,0.0,0.0
DTXSID1023283,1840,0.0,0.0
DTXSID1023314,1840,0.0,0.0
DTXSID1023362,1840,0.0,0.0
DTXSID1023364,1840,0.0,0.0
DTXSID1023368,1840,0.0,0.0
DTXSID1023441,1840,0.07441605504646884,0.0
DTXSID1023495,1840,0.0,0.0
DTXSID1023497,1840,0.0,0.0
DTXSID1023572,1840,0.0,0.0
DTXSID1023603,1840,0.0,0.0
DTXSID1023605,1840,0.0,0.0
DTXSID1023607,1840,0.0,0.0
DTXSID1023609,1840,0.0,0.0
DTXSID1023730,1840,0.0,0.0
DTXSID1023736,1840,9.09222871189888e-19,0.0
DTXSID1023786,1840,0.0,0.0
DTXSID1023815,1840,0.0,0.0
DTXSID1023817,1840,0.0,0.0
DTXSID1023819,1840,0.0,0.0
DTXSID1023869,1840,0.0,0.0
DTXSID1023990,1840,0.0,0.0
DTXSID1023996,1840,0.0,0.0
DTXSID1023998,1840,0.0,0.0
DTXSID1024045,1840,0.0,0.0
DTXSID1024049,1840,0.0,0.0
DTXSID1024091,1840,0.0,0.0
DTXSID1024097,1840,0.0,0.0
DTXSID1024124,1840,0.0,0.0
DTXSID1024126,1840,4.5872975456826933e-10,0.0
DTXSID1024128,1840,0.0,0.0
DTXSID1024170,1840,0.0,0.0
DTXSID1024174,1840,0.0,0.0
DTXSID1024176,1840,0.0,0.0
DTXSID1024209,1840,0.0,0.0
DTXSID1024255,1840,0.0,0.0
DTXSID1024259,1840,3.923923287861835e-12,0.0
DTXSID1024334,1840,0.0,0.0
DTXSID1024338,1840,0.0,0.0
DTXSID1024413,1840,0.0,0.0
DTXSID1024463,1840,0.0,0.0
DTXSID1024465,1840,0.0,0.0
DTXSID1024467,1840,0.0,0.0
DTXSID1024598,1840,0.0,0.0
DTXSID1024621,1840,0.0,0.0
DTXSID1024625,1840,6.095699208245212e-17,0.0
DTXSID1024629,1840,0.0,0.0
DTXSID1024702,1840,0.0,0.0
DTXSID1024704,1840,0.0,0.0
DTXSID1024831,1840,0.0,0.0
DTXSID1024835,1840,0.0,0.0
DTXSID1024837,1840,0.0,0.0
DTXSID1024881,1840,0.0,0.0
DTXSID1024885,1840,0.0,0.0
DTXSID1024887,1840,1.1246270374145185e-17,0.0
DTXSID1024912,1840,0.0,0.0
DTXSID1024916,1840,0.0,0.0
DTXSID1024918,1840,0.0,0.0
DTXSID1024966,1840,0.0,0.0
DTXSID1025013,1840,0.0,0.0
DTXSID1025017,1840,0.0,0.0
DTXSID1025063,1840,0.0,0.0
DTXSID1025065,1840,0.9999999999999869,1.0
DTXSID1025148,1840,7.617777575846392e-12,0.0
DTXSID1025221,1840,0.0,0.0
DTXSID1025271,1840,0.0,0.0
DTXSID1025279,1840,0.0,0.0
DTXSID1025300,1840,0.0,0.0
DTXSID1025302,1840,0.0,0.0
DTXSID1025304,1840,0.0,0.0
DTXSID1025306,1840,0.0,0.0
DTXSID1025308,1840,0.0,0.0
DTXSID1025431,1840,0.0,0.0
DTXSID1025433,1840,0.0,0.0
DTXSID1025437,1840,0.0,0.0
DTXSID1025481,1840,0.0,0.0
DTXSID1025483,1840,0.0,0.0
DTXSID1025485,1840,0.9999975868355357,1.0
DTXSID1025512,1840,0.9999999999657279,1.0
DTXSID1025560,1840,0.0,0.0
DTXSID1025641,1840,0.0,0.0
DTXSID1025649,1840,0.0,0.0
DTXSID1025693,1840,0.0,0.0
DTXSID1025722,1840,0.0,0.0
DTXSID1025724,1840,0.0,0.0
DTXSID1025726,1840,0.0,0.0
DTXSID1025770,1840,0.0,0.0
DTXSID1025774,1840,0.0,0.0
DTXSID1025776,1840,0.0,0.0
DTXSID1025805,1840,0.9999999997436712,1.0
DTXSID1025807,1840,0.0,0.0
DTXSID1025809,1840,0.0,0.0
DTXSID1025851,1840,0.0,0.0
DTXSID1025857,1840,0.0,0.0
DTXSID1025930,1840,0.0,0.0
DTXSID1025934,1840,0.0,0.0
DTXSID1026031,1840,1.2234949210779268e-16,0.0
DTXSID1026033,1840,0.0,0.0
DTXSID1026035,1840,0.0,0.0
DTXSID1026081,1840,2.3014782243383186e-08,0.0
DTXSID1026083,1840,0.0,0.0
DTXSID1026089,1840,0.0,0.0
DTXSID1026112,1840,0.0,0.0
DTXSID1026118,1840,0.0,0.0
DTXSID1026164,1840,0.0,0.0
DTXSID1026241,1840,0.0,0.0
DTXSID1026293,1840,0.0,0.0
DTXSID1026457,1840,0.0,0.0
DTXSID1026536,1840,0.0,0.0
DTXSID1026615,1840,0.0,0.0
DTXSID1026619,1840,0.0,0.0
DTXSID1026661,1840,0.0,0.0
DTXSID1026665,1840,0.0,0.0
DTXSID1026667,1840,0.0,0.0
DTXSID1026740,1840,0.0,0.0
DTXSID1026792,1840,0.0,0.0
DTXSID1026796,1840,0.0,0.0
DTXSID1026879,1840,2.684266529896129e-14,0.0
DTXSID1026900,1840,0.0,0.0
DTXSID1026902,1840,0.9999120177969554,1.0
DTXSID1026904,1840,0.0,0.0
DTXSID1026906,1840,0.0,0.0
DTXSID1026908,1840,0.0,0.0
DTXSID1026954,1840,0.0,0.0
DTXSID1027007,1840,0.0,0.0
DTXSID1027134,1840,5.182989138973221e-16,0.0
DTXSID1027184,1840,0.0,0.0
DTXSID1027186,1840,0.0,0.0
DTXSID1027188,1840,0.0,0.0
DTXSID1027211,1840,0.0,0.0
DTXSID1027219,1840,0.0,0.0
DTXSID1027263,1840,0.0,0.0
DTXSID1027265,1840,0.0,0.0
DTXSID1027267,1840,0.0,0.0
DTXSID1027269,1840,0.0,0.0
DTXSID1027342,1840,0.0,0.0
DTXSID1027344,1840,0.0,0.0
DTXSID1027346,1840,0.0,0.0
DTXSID1027390,1840,0.0,0.0
DTXSID1027394,1840,0.0,0.0
DTXSID1027425,1840,0.0,0.0
DTXSID1027427,1840,0.0,0.0
DTXSID1027429,1840,0.0,0.0
DTXSID1027471,1840,0.0,0.0
DTXSID1027479,1840,8.475184126481703e-10,0.0
DTXSID1027500,1840,0.0,0.0
DTXSID1027502,1840,0.0,0.0
DTXSID1027504,1840,0.0,0.0
DTXSID1027506,1840,0.0,0.0
DTXSID1027550,1840,0.0,0.0
DTXSID1027556,1840,0.0,0.0
DTXSID1027558,1840,0.0,0.0
DTXSID1027633,1840,0.0,0.0
DTXSID1027635,1840,0.0,0.0
DTXSID1027639,1840,0.0,0.0
DTXSID1027714,1840,0.8244441687083884,0.0
DTXSID1027716,1840,3.6684286042205845e-17,0.0
DTXSID1027764,1840,0.0,0.0
DTXSID1027768,1840,0.0,0.0
DTXSID1027841,1840,0.0,0.0
DTXSID1027891,1840,2.8997928167075133e-13,0.0
DTXSID1027899,1840,0.0,0.0
DTXSID1027920,1840,0.0,0.0
DTXSID1027924,1840,0.0,0.0
DTXSID1027926,1840,0.9999997428450612,1.0
DTXSID1027928,1840,0.0,0.0
DTXSID1027970,1840,0.0,0.0
DTXSID1027974,1840,0.0,0.0
DTXSID1027978,1840,0.0,0.0
DTXSID1029120,1840,,
DTXSID1029122,1840,0.0,0.0
DTXSID1029124,1840,0.0,0.0
DTXSID1029128,1840,0.0,0.0
DTXSID1029170,1840,0.0,0.0
DTXSID1029201,1840,0.0,0.0
DTXSID1029203,1840,0.0,0.0
DTXSID1029207,1840,0.0,0.0
DTXSID1029251,1840,0.0,0.0
DTXSID1029255,1840,0.0,0.0
DTXSID1029338,1840,0.0,0.0
DTXSID1029629,1840,0.0,0.0
DTXSID1029671,1840,0.0,0.0
DTXSID1029677,1840,0.0,0.0
DTXSID1029679,1840,0.0,0.0
DTXSID1029889,1840,4.527841832511029e-14,0.0
DTXSID1029910,1840,0.0,0.0
DTXSID1030317,1840,0.0,0.0
DTXSID1030319,1840,0.0,0.0
DTXSID1030604,1840,0.0,0.0
DTXSID1030606,1840,0.0,0.0
DTXSID1031460,1840,0.0,0.0
DTXSID1031462,1840,0.0,0.0
DTXSID1031591,1840,0.0,0.0
DTXSID1031626,1840,0.0,0.0
DTXSID1032278,1840,0.0,0.0
DTXSID1032303,1840,0.0,0.0
DTXSID1032305,1840,0.0,0.0
DTXSID1032309,1840,0.0,0.0
DTXSID1032355,1840,0.0,0.0
DTXSID1032359,1840,1.257645256370783e-06,0.0
DTXSID1032482,1840,2.0391866436437597e-15,0.0
DTXSID1032484,1840,0.0,0.0
DTXSID1032488,1840,0.0,0.0
DTXSID1032511,1840,0.0,0.0
DTXSID1032513,1840,0.0,0.0
DTXSID1032519,1840,0.0,0.0
DTXSID1032569,1840,0.0,0.0
DTXSID1032640,1840,1.924122440539502e-14,0.0
DTXSID1032642,1840,0.0,0.0
DTXSID1032646,1840,0.0,0.0
DTXSID1032648,1840,0.0,0.0
DTXSID1032690,1840,0.0,0.0
DTXSID1033161,1840,0.0,0.0
DTXSID1033163,1840,0.0,0.0
DTXSID1033371,1840,0.0,0.0
DTXSID1033402,1840,1.5285141606769112e-17,0.0
DTXSID1033539,1840,0.0,0.0
DTXSID1033664,1840,0.0,0.0
DTXSID1033876,1840,0.0,0.0
DTXSID1034181,1840,0.000996291789685821,0.0
DTXSID1034187,1840,0.99999853875646,1.0
DTXSID1034210,1840,0.9999944546171958,1.0
DTXSID1034212,1840,0.0,0.0
DTXSID1034260,1840,0.0,0.0
DTXSID1034501,1840,0.0,0.0
DTXSID1034503,1840,0.0,0.0
DTXSID1034634,1840,1.4046142834088805e-15,0.0
DTXSID1034769,1840,0.0,0.0
DTXSID1034844,1840,0.0,0.0
DTXSID1034929,1840,0.0,0.0
DTXSID1034973,1840,0.0,0.0
DTXSID1035286,1840,0.0,0.0
DTXSID1035288,1840,0.0,0.0
DTXSID1035783,1840,0.0,0.0
DTXSID1036541,1840,0.0,0.0
DTXSID1036545,1840,3.780376751136871e-19,0.0
DTXSID1037197,1840,0.0,0.0
DTXSID1037224,1840,0.0,0.0
DTXSID1037272,1840,0.0,0.0
DTXSID1037303,1840,0.0,0.0
DTXSID1037511,1840,0.0,0.0
DTXSID1037515,1840,0.0,0.0
DTXSID1037565,1840,0.0,0.0
DTXSID1037567,1840,0.0,0.0
DTXSID1037696,1840,0.0,0.0
DTXSID1037806,1840,0.0,0.0
DTXSID1038298,1840,0.0,0.0
DTXSID1038321,1840,0.0,0.0
DTXSID1038666,1840,0.0,0.0
DTXSID1038743,1840,0.0,0.0
DTXSID1038795,1840,0.0,0.0
DTXSID1038822,1840,0.0,0.0
DTXSID1038824,1840,0.0,0.0
DTXSID1038876,1840,0.0,0.0
DTXSID1039719,1840,0.0,0.0
DTXSID1040110,1840,0.0,0.0
DTXSID1040112,1840,0.0,0.0
DTXSID1040114,1840,0.0,0.0
DTXSID1040164,1840,4.390371551156714e-16,0.0
DTXSID1040243,1840,0.0,0.0
DTXSID1040245,1840,0.0,0.0
DTXSID1040295,1840,0.0,0.0
DTXSID1040320,1840,0.0,0.0
DTXSID1040324,1840,0.0,0.0
DTXSID1040326,1840,0.9672812744890714,1.0
DTXSID1040372,1840,0.0,0.0
DTXSID1040611,1840,0.0,0.0
DTXSID1040619,1840,0.999846299090219,1.0
DTXSID1040661,1840,0.0,0.0
DTXSID1040740,1840,0.0,0.0
DTXSID1040742,1840,0.0,0.0
DTXSID1040792,1840,0.0,0.0
DTXSID1040794,1840,0.0,0.0
DTXSID1041132,1840,0.0,0.0
DTXSID1041180,1840,0.0,0.0
DTXSID1041184,1840,0.0,0.0
DTXSID1041188,1840,0.0,0.0
DTXSID1041217,1840,0.0,0.0
DTXSID1041261,1840,0.0,0.0
DTXSID1041263,1840,0.0,0.0
DTXSID1041265,1840,2.4749043660299056e-18,0.0
DTXSID1041267,1840,0.0,0.0
DTXSID1041269,1840,1.031640996942905e-13,0.0
DTXSID1041346,1840,0.0,0.0
DTXSID1041396,1840,0.0,0.0
DTXSID1041421,1840,0.0,0.0
DTXSID1041423,1840,0.0,0.0
DTXSID1041425,1840,0.0,0.0
DTXSID1041502,1840,0.9999996765374287,1.0
DTXSID1041506,1840,3.935271677083812e-17,0.0
DTXSID1041508,1840,0.0,0.0
DTXSID1041550,1840,0.0,0.0
DTXSID1041639,1840,0.0,0.0
DTXSID1041681,1840,0.0,0.0
DTXSID1041683,1840,0.0,0.0
DTXSID1041847,1840,0.0,0.0
DTXSID1041891,1840,0.0,0.0
DTXSID1041897,1840,,
DTXSID1041920,1840,0.0,0.0
DTXSID1041970,1840,0.0,0.0
DTXSID1041978,1840,0.0,0.0
DTXSID1042077,1840,0.0,0.0
DTXSID1042154,1840,0.0,0.0
DTXSID1042281,1840,0.0,0.0
DTXSID1042285,1840,0.0,0.0
DTXSID1042360,1840,0.0,0.0
DTXSID1042364,1840,0.0,0.0
DTXSID1042441,1840,7.14173520337838e-19,0.0
DTXSID1042443,1840,0.0,0.0
DTXSID1042445,1840,0.0,0.0
DTXSID1042491,1840,0.0,0.0
DTXSID1042499,1840,0.9999999811062755,1.0
DTXSID1042570,1840,0.9171235403096056,1.0
DTXSID1042574,1840,0.0,0.0
DTXSID1043839,1840,0.0,0.0
DTXSID1043881,1840,0.0,0.0
DTXSID1043910,1840,0.0,0.0
DTXSID1044196,1840,0.0,0.0
DTXSID1044198,1840,0.0,0.0
DTXSID1044221,1840,0.0,0.0
DTXSID1044223,1840,1.2812531028139758e-15,0.0
DTXSID1044227,1840,0.0,0.0
DTXSID1044352,1840,0.0,0.0
DTXSID1044354,1840,0.0,0.0
DTXSID1044356,1840,0.0,0.0
DTXSID1044431,1840,0.0,0.0
DTXSID1044433,1840,0.0,0.0
DTXSID1044435,1840,0.0,0.0
DTXSID1044437,1840,0.0,0.0
DTXSID1044439,1840,0.0,0.0
DTXSID1044481,1840,6.616964661608034e-05,0.0
DTXSID1044485,1840,0.0,0.0
DTXSID1044487,1840,0.9999999999895325,1.0
DTXSID1044489,1840,0.0,0.0
DTXSID1044514,1840,0.0,0.0
DTXSID1044518,1840,0.0,0.0
DTXSID1044560,1840,0.9995642778506781,1.0
DTXSID1044564,1840,0.0,0.0
DTXSID1044568,1840,1.3317158249550824e-12,0.0
DTXSID1044643,1840,0.0,0.0
DTXSID1044645,1840,1.2965658269775557e-13,0.0
DTXSID1044647,1840,0.0,0.0
DTXSID1044691,1840,9.926654838904668e-07,0.0
DTXSID1044693,1840,0.0,0.0
DTXSID1044697,1840,0.0,0.0
DTXSID1044720,1840,0.0,0.0
DTXSID1044722,1840,0.0,0.0
DTXSID1044724,1840,0.0,0.0
DTXSID1044728,1840,0.0,0.0
DTXSID1044770,1840,0.0,0.0
DTXSID1044772,1840,0.0,0.0
DTXSID1044774,1840,1.181708770668093e-08,0.0
DTXSID1044776,1840,0.0,0.0
DTXSID1044801,1840,0.16763070547956235,0.0
DTXSID1044805,1840,0.0,0.0
DTXSID1044807,1840,0.0,0.0
DTXSID1044809,1840,0.0,0.0
DTXSID1044851,1840,,
DTXSID1044853,1840,0.0,0.0
DTXSID1044857,1840,0.0,0.0
DTXSID1044859,1840,0.0,0.0
DTXSID1044930,1840,0.0,0.0
DTXSID1044932,1840,0.0,0.0
DTXSID1044934,1840,0.0,0.0
DTXSID1044936,1840,,
DTXSID1044938,1840,0.0,0.0
DTXSID1044980,1840,0.0,0.0
DTXSID1044982,1840,0.0,0.0
DTXSID1044986,1840,0.0,0.0
DTXSID1045081,1840,0.0,0.0
DTXSID1045083,1840,0.0,0.0
DTXSID1045085,1840,0.09084426757469644,0.0
DTXSID1045089,1840,0.0,0.0
DTXSID1045116,1840,0.0,0.0
DTXSID1045118,1840,0.0,0.0
DTXSID1045162,1840,0.0,0.0
DTXSID1045164,1840,0.0,0.0
DTXSID1045166,1840,0.0,0.0
DTXSID1045245,1840,0.0,0.0
DTXSID1045291,1840,,
DTXSID1045293,1840,0.0,0.0
DTXSID1045297,1840,4.9554535785066175e-15,0.0
DTXSID1045320,1840,0.0,0.0
DTXSID1045324,1840,0.0,0.0
DTXSID1045326,1840,0.999975936491582,1.0
DTXSID1045328,1840,0.0,0.0
DTXSID1045370,1840,0.0,0.0
DTXSID1045372,1840,0.0,0.0
DTXSID1045376,1840,0.0,0.0
DTXSID1045405,1840,0.0,0.0
DTXSID1045407,1840,0.0,0.0
DTXSID1045409,1840,0.0,0.0
DTXSID1045459,1840,0.0,0.0
DTXSID1045530,1840,0.0,0.0
DTXSID1045534,1840,0.0,0.0
DTXSID1045536,1840,0.0,0.0
DTXSID1045538,1840,0.0,0.0
DTXSID1045580,1840,0.0,0.0
DTXSID1045584,1840,0.0,0.0
DTXSID1045588,1840,0.0,0.0
DTXSID1045611,1840,0.0,0.0
DTXSID1045615,1840,0.0,0.0
DTXSID1045619,1840,0.0,0.0
DTXSID1045661,1840,0.0,0.0
DTXSID1045663,1840,1.6042534153580924e-16,0.0
DTXSID1045669,1840,0.0,0.0
DTXSID1045742,1840,0.0,0.0
DTXSID1045744,1840,1.0304961360008014e-08,0.0
DTXSID1045746,1840,0.0,0.0
DTXSID1045748,1840,0.0,0.0
DTXSID1045790,1840,0.0,0.0
DTXSID1045792,1840,5.638283396706384e-13,0.0
DTXSID1045794,1840,0.0,0.0
DTXSID1045798,1840,1.529895337420706e-13,0.0
DTXSID1045825,1840,0.0,0.0
DTXSID1045871,1840,0.0,0.0
DTXSID1045879,1840,1.0786168009206333e-14,0.0
DTXSID1045906,1840,0.0,0.0
DTXSID1045952,1840,0.0,0.0
DTXSID1045958,1840,0.0,0.0
DTXSID1046003,1840,0.0,0.0
DTXSID1046007,1840,0.0,0.0
DTXSID1046051,1840,0.0,0.0
DTXSID1046130,1840,0.0,0.0
DTXSID1046132,1840,0.0,0.0
DTXSID1046134,1840,0.0,0.0
DTXSID1046136,1840,0.0,0.0
DTXSID1046180,1840,5.197136628665564e-19,0.0
DTXSID1046188,1840,0.0,0.0
DTXSID1046215,1840,0.0,0.0
DTXSID1046263,1840,0.0,0.0
DTXSID1046267,1840,0.0,0.0
DTXSID1046344,1840,0.0,0.0
DTXSID1046348,1840,0.0,0.0
DTXSID1046390,1840,0.0,0.0
DTXSID1046392,1840,0.0,0.0
DTXSID1046394,1840,0.0,0.0
DTXSID1046396,1840,0.0,0.0
DTXSID1046398,1840,7.668678281318709e-15,0.0
DTXSID1046421,1840,0.0,0.0
DTXSID1046423,1840,0.0,0.0
DTXSID1046425,1840,0.0,0.0
DTXSID1046427,1840,4.382339529675811e-11,0.0
DTXSID1046429,1840,1.4412730766333597e-13,0.0
DTXSID1046475,1840,0.0,0.0
DTXSID1046502,1840,0.0,0.0
DTXSID1046504,1840,0.0,0.0
DTXSID1046506,1840,0.0,0.0
DTXSID1046550,1840,0.0,0.0
DTXSID1046558,1840,0.0,0.0
DTXSID1046631,1840,0.0,0.0
DTXSID1046633,1840,,
DTXSID1046639,1840,0.0,0.0
DTXSID1046681,1840,0.0,0.0
DTXSID1046685,1840,0.0,0.0
DTXSID1046687,1840,0.0,0.0
DTXSID1046689,1840,0.0,0.0
DTXSID1046714,1840,1.1514324786288669e-12,0.0
DTXSID1046768,1840,0.0,0.0
DTXSID1046847,1840,0.0,0.0
DTXSID1046891,1840,0.0,0.0
DTXSID1046922,1840,0.0,0.0
DTXSID1046970,1840,0.99995381150882,1.0
DTXSID1046974,1840,0.0,0.0
DTXSID1046976,1840,0.0,0.0
DTXSID1046978,1840,0.0,0.0
DTXSID1047027,1840,0.0,0.0
DTXSID1047029,1840,0.0,0.0
DTXSID1047071,1840,0.0,0.0
DTXSID1047075,1840,0.0,0.0
DTXSID1047102,1840,0.9999859337629907,1.0
DTXSID1047104,1840,0.0,0.0
DTXSID1047106,1840,0.0,0.0
DTXSID1047108,1840,0.0,0.0
DTXSID1047150,1840,0.0,0.0
DTXSID1047152,1840,0.0,0.0
DTXSID1047156,1840,0.0,0.0
DTXSID1047158,1840,0.0,0.0
DTXSID1047239,1840,0.0,0.0
DTXSID1047281,1840,0.0,0.0
DTXSID1047283,1840,0.0,0.0
DTXSID1047285,1840,0.0,0.0
DTXSID1047287,1840,0.0,0.0
DTXSID1047289,1840,0.0,0.0
DTXSID1047310,1840,0.0012413724051599491,0.0
DTXSID1047312,1840,0.0,0.0
DTXSID1047316,1840,0.0,0.0
DTXSID1047318,1840,0.0,0.0
DTXSID1047360,1840,8.142303101246117e-20,0.0
DTXSID1047362,1840,0.0,0.0
DTXSID1047364,1840,0.0,0.0
DTXSID1047366,1840,0.0,0.0
DTXSID1047368,1840,0.0,0.0
DTXSID1047443,1840,0.0,0.0
DTXSID1047447,1840,0.0,0.0
DTXSID1047491,1840,0.0,0.0
DTXSID1047493,1840,0.0,0.0
DTXSID1047497,1840,0.0,0.0
DTXSID1047520,1840,0.0,0.0
DTXSID1047524,1840,0.0,0.0
DTXSID1047526,1840,0.0,0.0
DTXSID1047528,1840,0.0,0.0
DTXSID1047570,1840,0.0,0.0
DTXSID1047574,1840,0.0,0.0
DTXSID1047576,1840,0.0,0.0
DTXSID1047578,1840,0.0,0.0
DTXSID1047601,1840,0.0,0.0
DTXSID1047603,1840,0.0,0.0
DTXSID1047605,1840,0.0,0.0
DTXSID1047607,1840,0.0,0.0
DTXSID1047609,1840,0.0,0.0
DTXSID1047651,1840,0.0,0.0
DTXSID1047655,1840,0.0,0.0
DTXSID1047657,1840,0.0,0.0
DTXSID1047659,1840,0.0,0.0
DTXSID1047730,1840,0.0,0.0
DTXSID1047780,1840,0.0,0.0
DTXSID1047782,1840,0.0,0.0
DTXSID1047784,1840,0.0,0.0
DTXSID1047786,1840,0.0,0.0
DTXSID1047788,1840,0.0,0.0
DTXSID1047811,1840,0.0,0.0
DTXSID1047813,1840,0.0,0.0
DTXSID1047815,1840,0.0,0.0
DTXSID1047817,1840,0.0,0.0
DTXSID1047819,1840,0.1467009183756449,0.0
DTXSID1047869,1840,0.0,0.0
DTXSID1047940,1840,0.0,0.0
DTXSID1047942,1840,0.0,0.0
DTXSID1047944,1840,0.9999999999378981,1.0
DTXSID1047946,1840,0.0,0.0
DTXSID1047948,1840,6.10231310361743e-18,0.0
DTXSID1048122,1840,0.999981403005848,1.0
DTXSID1048170,1840,0.000478356226490551,0.0
DTXSID1048172,1840,0.0,0.0
DTXSID1048174,1840,0.0,0.0
DTXSID1048176,1840,0.0,0.0
DTXSID1048178,1840,0.0,0.0
DTXSID1048201,1840,0.0,0.0
DTXSID1048203,1840,0.0,0.0
DTXSID1048207,1840,0.0,0.0
DTXSID1048209,1840,0.0,0.0
DTXSID1048590,1840,0.0,0.0
DTXSID1048592,1840,0.0,0.0
DTXSID1048596,1840,0.0,0.0
DTXSID1048598,1840,0.0,0.0
DTXSID1048623,1840,0.0,0.0
DTXSID1048627,1840,0.0,0.0
DTXSID1048671,1840,0.0,0.0
DTXSID1048679,1840,0.0,0.0
DTXSID1048704,1840,0.0,0.0
DTXSID1048706,1840,0.0,0.0
DTXSID1048831,1840,0.0,0.0
DTXSID1048833,1840,0.0,0.0
DTXSID1048835,1840,1.3608886153084953e-14,0.0
DTXSID1048837,1840,0.0,0.0
DTXSID1048839,1840,0.0,0.0
DTXSID1048883,1840,7.421556824373863e-15,0.0
DTXSID1048910,1840,0.0,0.0
DTXSID1048912,1840,0.0,0.0
DTXSID1048914,1840,0.0,0.0
DTXSID1048916,1840,0.0,0.0
DTXSID1048918,1840,0.0,0.0
DTXSID1048960,1840,0.0,0.0
DTXSID1049015,1840,0.0,0.0
DTXSID1049065,1840,0.5301055828797921,0.0
DTXSID1049067,1840,0.0,0.0
DTXSID1049069,1840,0.0,0.0
DTXSID1049221,1840,0.0,0.0
DTXSID1049223,1840,0.0,0.0
DTXSID1049225,1840,1.2570149042684256e-16,0.0
DTXSID1049227,1840,0.0,0.0
DTXSID1049229,1840,0.9999576759093841,1.0
DTXSID1049271,1840,0.0,0.0
DTXSID1049273,1840,0.0,0.0
DTXSID1049275,1840,0.0,0.0
DTXSID1049277,1840,0.0,0.0
DTXSID1049279,1840,0.0,0.0
DTXSID1049300,1840,0.0,0.0
DTXSID1049302,1840,0.0,0.0
DTXSID1049304,1840,0.0,0.0
DTXSID1049306,1840,0.0,0.0
DTXSID1049308,1840,0.0,0.0
DTXSID1049350,1840,0.0,0.0
DTXSID1049352,1840,0.9999999592476955,1.0
DTXSID1049354,1840,0.0,0.0
DTXSID1049356,1840,0.0,0.0
DTXSID1049358,1840,0.0,0.0
DTXSID1049431,1840,0.0,0.0
DTXSID1049433,1840,0.0,0.0
DTXSID1049481,1840,0.0,0.0
DTXSID1049483,1840,0.0,0.0
DTXSID1049485,1840,0.0,0.0
DTXSID1049487,1840,0.0,0.0
DTXSID1049489,1840,0.0,0.0
DTXSID1049510,1840,0.0,0.0
DTXSID1049512,1840,0.0,0.0
DTXSID1049514,1840,0.0,0.0
DTXSID1049516,1840,0.0,0.0
DTXSID1049518,1840,0.0,0.0
DTXSID1049560,1840,0.0,0.0
DTXSID1049562,1840,0.0,0.0
DTXSID1049697,1840,0.0,0.0
DTXSID1051690,1840,0.0,0.0
DTXSID1051771,1840,0.0,0.0
DTXSID1051779,1840,0.0,0.0
DTXSID1051808,1840,0.9999999999964451,1.0
DTXSID1051850,1840,0.0,0.0
DTXSID1051856,1840,0.0,0.0
DTXSID1051939,1840,,
DTXSID1052294,1840,0.0,0.0
DTXSID1052298,1840,0.0,0.0
DTXSID1052539,1840,0.0,0.0
DTXSID1052585,1840,0.0,0.0
DTXSID1052587,1840,0.0,0.0
DTXSID1052610,1840,0.0,0.0
DTXSID1057610,1840,0.0,0.0
DTXSID1057612,1840,0.0,0.0
DTXSID1057614,1840,0.0,0.0
DTXSID1057616,1840,0.0,0.0
DTXSID1057618,1840,0.0,0.0
DTXSID1057660,1840,0.0,0.0
DTXSID1057662,1840,0.0,0.0
DTXSID1057664,1840,0.0,0.0
DTXSID1057666,1840,0.0,0.0
DTXSID1057668,1840,0.0,0.0
DTXSID1057741,1840,0.0,0.0
DTXSID1057743,1840,0.0,0.0
DTXSID1057745,1840,0.0,0.0
DTXSID1057747,1840,0.0,0.0
DTXSID1057749,1840,0.999996831331084,1.0
DTXSID1057791,1840,0.0,0.0
DTXSID1057793,1840,0.0,0.0
DTXSID1057795,1840,0.0,0.0
DTXSID1057797,1840,0.0,0.0
DTXSID1057799,1840,0.0,0.0
DTXSID1057820,1840,0.0,0.0
DTXSID1057822,1840,0.0,0.0
DTXSID1057824,1840,0.0,0.0
DTXSID1057826,1840,0.0,0.0
DTXSID1057828,1840,0.9999999222676303,1.0
DTXSID2020006,1840,0.0,0.0
DTXSID2020054,1840,0.0,0.0
DTXSID2020058,1840,0.0,0.0
DTXSID2020131,1840,0.0,0.0
DTXSID2020137,1840,0.0,0.0
DTXSID2020139,1840,0.0,0.0
DTXSID2020181,1840,0.0,0.0
DTXSID2020189,1840,0.9999999998562838,1.0
DTXSID2020210,1840,0.0,0.0
DTXSID2020212,1840,2.902006029306479e-09,0.0
DTXSID2020216,1840,0.0,0.0
DTXSID2020260,1840,0.0,0.0
DTXSID2020262,1840,0.0,0.0
DTXSID2020266,1840,0.9998601443807142,1.0
DTXSID2020268,1840,0.0,0.0
DTXSID2020341,1840,0.0,0.0
DTXSID2020345,1840,0.9998658820770594,1.0
DTXSID2020347,1840,1.1912927451038938e-13,0.0
DTXSID2020349,1840,0.0,0.0
DTXSID2020391,1840,6.835433219431659e-16,0.0
DTXSID2020399,1840,0.0,0.0
DTXSID2020420,1840,0.0,0.0
DTXSID2020424,1840,0.0,0.0
DTXSID2020426,1840,0.0,0.0
DTXSID2020428,1840,0.0,0.0
DTXSID2020470,1840,,
DTXSID2020474,1840,0.0,0.0
DTXSID2020478,1840,0.0,0.0
DTXSID2020501,1840,0.0,0.0
DTXSID2020505,1840,0.0,0.0
DTXSID2020507,1840,0.0,0.0
DTXSID2020509,1840,0.0,0.0
DTXSID2020557,1840,0.0,0.0
DTXSID2020634,1840,0.0,0.0
DTXSID2020636,1840,0.0,0.0
DTXSID2020680,1840,0.0,0.0
DTXSID2020682,1840,0.0,0.0
DTXSID2020684,1840,7.572903146980513e-13,0.0
DTXSID2020686,1840,8.844944387865983e-10,0.0
DTXSID2020688,1840,0.0,0.0
DTXSID2020713,1840,0.0,0.0
DTXSID2020717,1840,0.0,0.0
DTXSID2020761,1840,0.0,0.0
DTXSID2020767,1840,0.0,0.0
DTXSID2020844,1840,0.0,0.0
DTXSID2020846,1840,0.0,0.0
DTXSID2020890,1840,0.0,0.0
DTXSID2020892,1840,0.0,0.0
DTXSID2020894,1840,5.606520031707968e-10,0.0
DTXSID2020898,1840,0.0,0.0
DTXSID2020921,1840,0.0,0.0
DTXSID2020923,1840,0.0,0.0
DTXSID2020927,1840,0.0,0.0
DTXSID2020929,1840,0.0,0.0
DTXSID2020971,1840,0.0,0.0
DTXSID2020977,1840,0.0,0.0
DTXSID2021022,1840,0.0,0.0
DTXSID2021026,1840,0.0,0.0
DTXSID2021028,1840,0.0,0.0
DTXSID2021070,1840,0.0,0.0
DTXSID2021103,1840,0.0,0.0
DTXSID2021105,1840,0.0,0.0
DTXSID2021151,1840,6.730086828063873e-17,0.0
DTXSID2021159,1840,0.0,0.0
DTXSID2021232,1840,5.861364489669961e-16,0.0
DTXSID2021234,1840,0.9627410260729691,1.0
DTXSID2021236,1840,0.9789975115823227,1.0
DTXSID2021238,1840,1.9056663134861125e-18,0.0
DTXSID2021282,1840,0.0,0.0
DTXSID2021284,1840,0.0,0.0
DTXSID2021286,1840,0.0,0.0
DTXSID2021288,1840,3.6595835323241313e-19,0.0
DTXSID2021311,1840,0.0,0.0
DTXSID2021315,1840,0.0,0.0
DTXSID2021317,1840,0.0,0.0
DTXSID2021319,1840,0.0,0.0
DTXSID2021363,1840,0.0,0.0
DTXSID2021365,1840,0.0,0.0
DTXSID2021367,1840,0.9993558053258137,1.0
DTXSID2021440,1840,0.0,0.0
DTXSID2021442,1840,0.0,0.0
DTXSID2021446,1840,0.0,0.0
DTXSID2021448,1840,0.0,0.0
DTXSID2021492,1840,0.0,0.0
DTXSID2021496,1840,0.0,0.0
DTXSID2021498,1840,0.0,0.0
DTXSID2021575,1840,0.0,0.0
DTXSID2021577,1840,0.0,0.0
DTXSID2021600,1840,0.0,0.0
DTXSID2021602,1840,0.0,0.0
DTXSID2021604,1840,0.0,0.0
DTXSID2021608,1840,0.0,0.0
DTXSID2021650,1840,0.0,0.0
DTXSID2021652,1840,0.0,0.0
DTXSID2021654,1840,0.0,0.0
DTXSID2021656,1840,0.0,0.0
DTXSID2021658,1840,0.0,0.0
DTXSID2021731,1840,0.0,0.0
DTXSID2021735,1840,0.0,0.0
DTXSID2021739,1840,0.0,0.0
DTXSID2021781,1840,0.0,0.0
DTXSID2021789,1840,0.0,0.0
DTXSID2021810,1840,0.0,0.0
DTXSID2021816,1840,0.0,0.0
DTXSID2021818,1840,0.0,0.0
DTXSID2021860,1840,0.0,0.0
DTXSID2021864,1840,0.0,0.0
DTXSID2021866,1840,0.0,0.0
DTXSID2021868,1840,0.0,0.0
DTXSID2021941,1840,0.0,0.0
DTXSID2021943,1840,0.0,0.0
DTXSID2021947,1840,0.0,0.0
DTXSID2021949,1840,0.0,0.0
DTXSID2021993,1840,0.0,0.0
DTXSID2021995,1840,0.0,0.0
DTXSID2021997,1840,0.0,0.0
DTXSID2022048,1840,1.4303586117302568e-17,0.0
DTXSID2022090,1840,0.0,0.0
DTXSID2022096,1840,0.0,0.0
DTXSID2022121,1840,0.0,0.0
DTXSID2022123,1840,0.0,0.0
DTXSID2022125,1840,0.0,0.0
DTXSID2022127,1840,0.0,0.0
DTXSID2022171,1840,0.0,0.0
DTXSID2022179,1840,0.0,0.0
DTXSID2022254,1840,0.0,0.0
DTXSID2022256,1840,0.0,0.0
DTXSID2022331,1840,6.897370496494072e-18,0.0
DTXSID2022333,1840,0.0,0.0
DTXSID2022381,1840,7.530018400463786e-08,0.0
DTXSID2022462,1840,0.0,0.0
DTXSID2022541,1840,0.0,0.0
DTXSID2022543,1840,0.0,0.0
DTXSID2022549,1840,0.0,0.0
DTXSID2022593,1840,0.0,0.0
DTXSID2022595,1840,1.839950219226425e-18,0.0
DTXSID2022628,1840,0.0,0.0
DTXSID2022674,1840,0.0,0.0
DTXSID2022676,1840,0.0,0.0
DTXSID2022678,1840,0.0,0.0
DTXSID2022707,1840,0.0,0.0
DTXSID2022753,1840,0.0,0.0
DTXSID2022880,1840,0.0,0.0
DTXSID2022886,1840,0.0,0.0
DTXSID2022888,1840,0.0,0.0
DTXSID2022967,1840,0.0,0.0
DTXSID2023010,1840,0.0,0.0
DTXSID2023016,1840,0.0,0.0
DTXSID2023064,1840,0.0,0.0
DTXSID2023068,1840,1.056382920464526e-17,0.0
DTXSID2023143,1840,0.0,0.0
DTXSID2023193,1840,0.0,0.0
DTXSID2023195,1840,0.0,0.0
DTXSID2023222,1840,0.0,0.0
DTXSID2023224,1840,3.164618933902167e-11,0.0
DTXSID2023270,1840,0.0,0.0
DTXSID2023276,1840,0.0,0.0
DTXSID2023307,1840,0.0,0.0
DTXSID2023309,1840,0.0,0.0
DTXSID2023353,1840,0.0,0.0
DTXSID2023430,1840,0.0,0.0
DTXSID2023434,1840,0.0,0.0
DTXSID2023480,1840,0.0,0.0
DTXSID2023488,1840,0.0,0.0
DTXSID2023519,1840,0.0,0.0
DTXSID2023569,1840,0.0,0.0
DTXSID2023640,1840,7.283500731366522e-15,0.0
DTXSID2023642,1840,0.9999657199041031,1.0
DTXSID2023690,1840,0.0,0.0
DTXSID2023723,1840,0.0,0.0
DTXSID2023725,1840,0.0,0.0
DTXSID2023727,1840,0.0,0.0
DTXSID2023771,1840,0.0,0.0
DTXSID2023775,1840,0.0,0.0
DTXSID2023937,1840,0.0,0.0
DTXSID2024030,1840,0.0,0.0
DTXSID2024038,1840,0.0,0.0
DTXSID2024086,1840,0.0,0.0
DTXSID2024113,1840,3.061829002969951e-16,0.0
DTXSID2024163,1840,0.0,0.0
DTXSID2024242,1840,0.0,0.0
DTXSID2024246,1840,0.0,0.0
DTXSID2024452,1840,3.913683080816221e-17,0.0
DTXSID2024454,1840,0.0,0.0
DTXSID2024458,1840,5.6197486249695075e-08,0.0
DTXSID2024585,1840,0.0,0.0
DTXSID2024589,1840,0.0,0.0
DTXSID2024616,1840,0.0,0.0
DTXSID2024660,1840,0.0,0.0
DTXSID2024662,1840,0.0,0.0
DTXSID2024664,1840,0.0,0.0
DTXSID2024666,1840,0.0,0.0
DTXSID2024747,1840,0.0,0.0
DTXSID2024791,1840,8.069786810451807e-18,0.0
DTXSID2024793,1840,0.0,0.0
DTXSID2024797,1840,0.0,0.0
DTXSID2024799,1840,0.0,0.0
DTXSID2024822,1840,0.0,0.0
DTXSID2024824,1840,0.0,0.0
DTXSID2024878,1840,0.0,0.0
DTXSID2024953,1840,0.0,0.0
DTXSID2024955,1840,0.0,0.0
DTXSID2025004,1840,0.0,0.0
DTXSID2025006,1840,2.296490849069946e-17,0.0
DTXSID2025050,1840,0.0,0.0
DTXSID2025058,1840,0.9720939547103092,1.0
DTXSID2025133,1840,0.0,0.0
DTXSID2025135,1840,0.0,0.0
DTXSID2025137,1840,0.0,0.0
DTXSID2025139,1840,0.9999999998462731,1.0
DTXSID2025183,1840,4.356531103201584e-15,0.0
DTXSID2025185,1840,0.0,0.0
DTXSID2025210,1840,1.2236567565550985e-10,0.0
DTXSID2025216,1840,0.0,0.0
DTXSID2025264,1840,0.0,0.0
DTXSID2025345,1840,0.0,0.0
DTXSID2025347,1840,0.0,0.0
DTXSID2025391,1840,0.0,0.0
DTXSID2025395,1840,0.0,0.0
DTXSID2025422,1840,0.0,0.0
DTXSID2025424,1840,0.0,0.0
DTXSID2025474,1840,0.0,0.0
DTXSID2025478,1840,0.0,0.0
DTXSID2025501,1840,0.0,0.0
DTXSID2025503,1840,0.0,0.0
DTXSID2025505,1840,2.1637353567026484e-17,0.0
DTXSID2025551,1840,0.0,0.0
DTXSID2025557,1840,0.0,0.0
DTXSID2025632,1840,0.0,0.0
DTXSID2025634,1840,0.0,0.0
DTXSID2025680,1840,0.0,0.0
DTXSID2025688,1840,0.0,0.0
DTXSID2025715,1840,6.283914814539451e-12,0.0
DTXSID2025761,1840,0.0,0.0
DTXSID2025763,1840,0.0,0.0
DTXSID2025765,1840,0.0,0.0
DTXSID2025840,1840,0.0,0.0
DTXSID2025842,1840,0.9768574668164888,1.0
DTXSID2025846,1840,0.0,0.0
DTXSID2025892,1840,0.01939650008807372,0.0
DTXSID2025896,1840,0.0,0.0
DTXSID2025925,1840,3.3362775344151625e-20,0.0
DTXSID2025975,1840,0.0,0.0
DTXSID2025977,1840,0.0,0.0
DTXSID2026022,1840,1.244006858915092e-12,0.0
DTXSID2026074,1840,0.0,0.0
DTXSID2026076,1840,3.7024977220636225e-14,0.0
DTXSID2026101,1840,0.0,0.0
DTXSID2026107,1840,,
DTXSID2026151,1840,2.885488460678233e-16,0.0
DTXSID2026157,1840,0.0,0.0
DTXSID2026232,1840,0.0,0.0
DTXSID2026238,1840,0.0,0.0
DTXSID2026444,1840,0.0,0.0
DTXSID2026446,1840,1.5687260806950396e-15,0.0
DTXSID2026448,1840,0.0,0.0
DTXSID2026494,1840,0.0,0.0
DTXSID2026496,1840,2.8213017498183006e-17,0.0
DTXSID2026523,1840,0.0,0.0
DTXSID2026525,1840,0.0,0.0
DTXSID2026527,1840,0.0,0.0
DTXSID2026529,1840,0.13961664854801573,0.0
DTXSID2026573,1840,0.9999952212083358,1.0
DTXSID2026600,1840,0.0,0.0
DTXSID2026602,1840,0.9999990318792252,1.0
DTXSID2026606,1840,1.4450705474449651e-18,0.0
DTXSID2026608,1840,0.0,0.0
DTXSID2026652,1840,0.0,0.0
DTXSID2026739,1840,0.0,0.0
DTXSID2026781,1840,0.0,0.0
DTXSID2026783,1840,0.0,0.0
DTXSID2026789,1840,0.0,0.0
DTXSID2026864,1840,0.0,0.0
DTXSID2026941,1840,0.0,0.0
DTXSID2026943,1840,0.0,0.0
DTXSID2026991,1840,0.0,0.0
DTXSID2026997,1840,0.0,0.0
DTXSID2027044,1840,0.0,0.0
DTXSID2027048,1840,0.0,0.0
DTXSID2027092,1840,0.0,0.0
DTXSID2027094,1840,0.0,0.0
DTXSID2027096,1840,0.0,0.0
DTXSID2027098,1840,0.0,0.0
DTXSID2027175,1840,0.0,0.0
DTXSID2027200,1840,0.0,0.0
DTXSID2027204,1840,0.0,0.0
DTXSID2027206,1840,0.0,0.0
DTXSID2027254,1840,0.0,0.0
DTXSID2027258,1840,0.0,0.0
DTXSID2027333,1840,0.0,0.0
DTXSID2027412,1840,0.0,0.0
DTXSID2027414,1840,0.0,0.0
DTXSID2027416,1840,0.0,0.0
DTXSID2027418,1840,0.0,0.0
DTXSID2027462,1840,0.0,0.0
DTXSID2027466,1840,0.0,0.0
DTXSID2027543,1840,0.0,0.0
DTXSID2027591,1840,0.0,0.0
DTXSID2027593,1840,0.0,0.0
DTXSID2027595,1840,0.0,0.0
DTXSID2027599,1840,0.0,0.0
DTXSID2027620,1840,0.0,0.0
DTXSID2027624,1840,0.0,0.0
DTXSID2027759,1840,0.0,0.0
DTXSID2027830,1840,0.0,0.0
DTXSID2027832,1840,7.196107113731212e-18,0.0
DTXSID2027834,1840,0.0,0.0
DTXSID2027884,1840,0.0,0.0
DTXSID2027886,1840,0.0,0.0
DTXSID2027963,1840,0.0,0.0
DTXSID2028010,1840,0.0,0.0
DTXSID2028016,1840,0.0,0.0
DTXSID2028723,1840,0.0,0.0
DTXSID2028985,1840,0.0,0.0
DTXSID2029117,1840,0.0,0.0
DTXSID2029167,1840,0.0,0.0
DTXSID2029169,1840,0.0,0.0
DTXSID2029240,1840,0.0,0.0
DTXSID2029242,1840,0.0,0.0
DTXSID2029244,1840,0.0,0.0
DTXSID2029246,1840,0.0,0.0
DTXSID2029290,1840,0.0,0.0
DTXSID2029298,1840,1.8937734524474463e-14,0.0
DTXSID2029325,1840,0.0,0.0
DTXSID2029327,1840,0.0,0.0
DTXSID2029329,1840,0.0,0.0
DTXSID2029612,1840,0.0,0.0
DTXSID2029616,1840,0.0,0.0
DTXSID2029662,1840,0.0,0.0
DTXSID2029668,1840,0.0,0.0
DTXSID2029874,1840,3.841414549957633e-15,0.0
DTXSID2030695,1840,0.0,0.0
DTXSID2030857,1840,0.0,0.0
DTXSID2031089,1840,0.9996835489757401,1.0
DTXSID2031374,1840,0.0,0.0
DTXSID2031532,1840,0.0,0.0
DTXSID2031956,1840,0.0,0.0
DTXSID2032005,1840,0.0,0.0
DTXSID2032180,1840,0.0,0.0
DTXSID2032342,1840,0.0,0.0
DTXSID2032344,1840,0.0,0.0
DTXSID2032348,1840,0.0,0.0
DTXSID2032390,1840,0.0,0.0
DTXSID2032392,1840,0.0,0.0
DTXSID2032398,1840,5.659931757568704e-12,0.0
DTXSID2032421,1840,0.0,0.0
DTXSID2032500,1840,0.013140627791922963,0.0
DTXSID2032550,1840,0.0,0.0
DTXSID2032552,1840,0.0,0.0
DTXSID2032554,1840,0.0,0.0
DTXSID2032556,1840,0.0,0.0
DTXSID2032558,1840,1.2701079432121168e-06,0.0
DTXSID2032631,1840,0.0,0.0
DTXSID2032637,1840,0.0,0.0
DTXSID2032639,1840,0.0,0.0
DTXSID2032683,1840,0.0,0.0
DTXSID2032891,1840,0.0,0.0
DTXSID2033281,1840,0.0,0.0
DTXSID2033314,1840,0.999993887245642,1.0
DTXSID2033445,1840,0.0,0.0
DTXSID2033447,1840,0.0,0.0
DTXSID2033493,1840,0.0,0.0
DTXSID2033736,1840,0.0,0.0
DTXSID2033863,1840,0.0,0.0
DTXSID2034091,1840,0.0,0.0
DTXSID2034095,1840,1.0286353678533234e-14,0.0
DTXSID2034255,1840,0.0,0.0
DTXSID2034259,1840,4.078221481938534e-06,0.0
DTXSID2034338,1840,0.0,0.0
DTXSID2034382,1840,0.0,0.0
DTXSID2034465,1840,0.0,0.0
DTXSID2034540,1840,0.0,0.0
DTXSID2034542,1840,0.0,0.0
DTXSID2034590,1840,2.362552184679843e-16,0.0
DTXSID2034598,1840,0.0,0.0
DTXSID2034625,1840,0.1481231519284184,0.0
DTXSID2034627,1840,0.0,0.0
DTXSID2034673,1840,0.0,0.0
DTXSID2034700,1840,0.0,0.0
DTXSID2034833,1840,0.0,0.0
DTXSID2034881,1840,0.0,0.0
DTXSID2034885,1840,0.0,0.0
DTXSID2034962,1840,0.0,0.0
DTXSID2034968,1840,3.0228633730739553e-14,0.0
DTXSID2035013,1840,0.0,0.0
DTXSID2035481,1840,0.0,0.0
DTXSID2036112,1840,0.9999969811275795,1.0
DTXSID2036299,1840,0.0,0.0
DTXSID2036588,1840,0.03198860699836534,0.0
DTXSID2036827,1840,2.9935798388518965e-06,0.0
DTXSID2037502,1840,1.0110410182363152e-18,0.0
DTXSID2037508,1840,0.0,0.0
DTXSID2037712,1840,0.0,0.0
DTXSID2037714,1840,0.0,0.0
DTXSID2038732,1840,0.0,0.0
DTXSID2038788,1840,0.0,0.0
DTXSID2038813,1840,0.0,0.0
DTXSID2039336,1840,2.658464157402158e-06,0.0
DTXSID2040151,1840,0.0,0.0
DTXSID2040234,1840,0.0,0.0
DTXSID2040236,1840,0.0,0.0
DTXSID2040284,1840,0.0,0.0
DTXSID2040361,1840,0.0,0.0
DTXSID2040363,1840,0.977094699220957,1.0
DTXSID2040608,1840,0.0,0.0
DTXSID2040652,1840,0.0,0.0
DTXSID2040656,1840,0.0,0.0
DTXSID2040731,1840,0.0,0.0
DTXSID2040733,1840,0.9999941940543244,1.0
DTXSID2040735,1840,0.0,0.0
DTXSID2040739,1840,0.0,0.0
DTXSID2040787,1840,0.9999255086712372,1.0
DTXSID2041125,1840,0.0,0.0
DTXSID2041200,1840,0.0,0.0
DTXSID2041206,1840,0.0,0.0
DTXSID2041208,1840,0.0,0.0
DTXSID2041250,1840,0.9999188157838877,1.0
DTXSID2041252,1840,0.9999984876258738,1.0
DTXSID2041256,1840,0.0,0.0
DTXSID2041389,1840,0.0,0.0
DTXSID2041412,1840,0.0,0.0
DTXSID2041416,1840,0.0,0.0
DTXSID2041418,1840,0.0,0.0
DTXSID2041460,1840,0.0,0.0
DTXSID2041464,1840,0.0,0.0
DTXSID2041468,1840,0.0,0.0
DTXSID2041541,1840,0.0,0.0
DTXSID2041545,1840,0.0,0.0
DTXSID2041547,1840,2.4344770224604273e-12,0.0
DTXSID2041622,1840,8.59201734603612e-10,0.0
DTXSID2041626,1840,0.0,0.0
DTXSID2041672,1840,0.0,0.0
DTXSID2041674,1840,0.0,0.0
DTXSID2041703,1840,0.0,0.0
DTXSID2041709,1840,0.0013984402431996329,0.0
DTXSID2041759,1840,0.9999699192530076,1.0
DTXSID2041880,1840,0.0,0.0
DTXSID2041884,1840,0.0,0.0
DTXSID2041886,1840,0.0,0.0
DTXSID2041913,1840,0.0,0.0
DTXSID2041917,1840,0.0,0.0
DTXSID2042014,1840,0.0,0.0
DTXSID2042060,1840,0.0,0.0
DTXSID2042062,1840,0.0,0.0
DTXSID2042143,1840,0.0,0.0
DTXSID2042145,1840,0.0,0.0
DTXSID2042149,1840,0.0,0.0
DTXSID2042191,1840,0.0,0.0
DTXSID2042195,1840,0.0,0.0
DTXSID2042199,1840,0.0,0.0
DTXSID2042220,1840,0.0,0.0
DTXSID2042276,1840,0.0,0.0
DTXSID2042436,1840,0.0,0.0
DTXSID2042517,1840,0.0,0.0
DTXSID2043747,1840,0.0,0.0
DTXSID2043874,1840,0.0,0.0
DTXSID2043903,1840,0.0,0.0
DTXSID2044000,1840,5.588562006135153e-11,0.0
DTXSID2044002,1840,3.2679771195772905e-16,0.0
DTXSID2044131,1840,0.0,0.0
DTXSID2044137,1840,0.0,0.0
DTXSID2044210,1840,0.0,0.0
DTXSID2044218,1840,0.0,0.0
DTXSID2044266,1840,0.0,0.0
DTXSID2044268,1840,0.0,0.0
DTXSID2044347,1840,0.0,0.0
DTXSID2044391,1840,0.0,0.0
DTXSID2044393,1840,5.0775110571829695e-18,0.0
DTXSID2044395,1840,0.0,0.0
DTXSID2044397,1840,0.0,0.0
DTXSID2044399,1840,0.0,0.0
DTXSID2044420,1840,3.715481875502234e-14,0.0
DTXSID2044422,1840,0.0,0.0
DTXSID2044424,1840,0.0,0.0
DTXSID2044428,1840,0.0,0.0
DTXSID2044470,1840,0.0,0.0
DTXSID2044472,1840,0.0,0.0
DTXSID2044476,1840,0.0,0.0
DTXSID2044503,1840,0.0,0.0
DTXSID2044507,1840,0.9998628610744628,1.0
DTXSID2044509,1840,0.0,0.0
DTXSID2044553,1840,0.0,0.0
DTXSID2044559,1840,0.0,0.0
DTXSID2044632,1840,0.0,0.0
DTXSID2044638,1840,0.0,0.0
DTXSID2044680,1840,0.0,0.0
DTXSID2044682,1840,0.0,0.0
DTXSID2044684,1840,0.0,0.0
DTXSID2044686,1840,0.0,0.0
DTXSID2044713,1840,1.235468667260625e-07,0.0
DTXSID2044715,1840,0.0,0.0
DTXSID2044717,1840,0.0,0.0
DTXSID2044719,1840,0.0,0.0
DTXSID2044763,1840,0.0,0.0
DTXSID2044765,1840,0.0,0.0
DTXSID2044767,1840,0.0,0.0
DTXSID2044769,1840,0.0,0.0
DTXSID2044840,1840,0.0,0.0
DTXSID2044842,1840,0.0,0.0
DTXSID2044844,1840,0.0,0.0
DTXSID2044846,1840,0.0,0.0
DTXSID2044848,1840,0.0,0.0
DTXSID2044890,1840,0.0,0.0
DTXSID2044892,1840,0.0,0.0
DTXSID2044894,1840,0.0,0.0
DTXSID2044896,1840,0.0,0.0
DTXSID2044898,1840,0.0,0.0
DTXSID2044921,1840,0.0,0.0
DTXSID2044923,1840,0.0,0.0
DTXSID2044925,1840,0.0,0.0
DTXSID2044927,1840,0.0,0.0
DTXSID2044929,1840,0.0,0.0
DTXSID2044971,1840,0.0,0.0
DTXSID2044973,1840,0.0,0.0
DTXSID2044975,1840,0.0,0.0
DTXSID2044979,1840,0.0,0.0
DTXSID2045072,1840,0.0,0.0
DTXSID2045076,1840,0.0,0.0
DTXSID2045105,1840,1.1180973869434115e-14,0.0
DTXSID2045107,1840,0.0,0.0
DTXSID2045151,1840,0.0,0.0
DTXSID2045153,1840,0.0,0.0
DTXSID2045157,1840,0.0,0.0
DTXSID2045232,1840,0.0,0.0
DTXSID2045238,1840,0.0,0.0
DTXSID2045280,1840,0.0,0.0
DTXSID2045315,1840,0.0,0.0
DTXSID2045361,1840,0.0,0.0
DTXSID2045365,1840,0.0,0.0
DTXSID2045440,1840,0.0,0.0
DTXSID2045444,1840,0.0,0.0
DTXSID2045448,1840,0.0,0.0
DTXSID2045490,1840,0.0,0.0
DTXSID2045492,1840,0.0,0.0
DTXSID2045496,1840,0.0,0.0
DTXSID2045521,1840,0.0,0.0
DTXSID2045523,1840,0.0,0.0
DTXSID2045527,1840,0.0,0.0
DTXSID2045575,1840,0.0,0.0
DTXSID2045600,1840,0.0,0.0
DTXSID2045652,1840,0.0,0.0
DTXSID2045654,1840,0.0,0.0
DTXSID2045656,1840,0.0,0.0
DTXSID2045735,1840,0.15082455774905235,0.0
DTXSID2045781,1840,0.0,0.0
DTXSID2045783,1840,0.0,0.0
DTXSID2045810,1840,0.0,0.0
DTXSID2045812,1840,0.0,0.0
DTXSID2045860,1840,0.9943998227097259,1.0
DTXSID2045862,1840,0.0,0.0
DTXSID2045864,1840,0.0,0.0
DTXSID2045868,1840,0.0,0.0
DTXSID2045941,1840,0.0,0.0
DTXSID2045943,1840,0.2417253161097472,0.0
DTXSID2045945,1840,6.495118371829249e-18,0.0
DTXSID2045993,1840,0.0,0.0
DTXSID2046042,1840,0.0,0.0
DTXSID2046090,1840,0.0,0.0
DTXSID2046092,1840,0.0,0.0
DTXSID2046094,1840,0.0,0.0
DTXSID2046096,1840,0.0,0.0
DTXSID2046123,1840,0.0,0.0
DTXSID2046127,1840,0.0,0.0
DTXSID2046179,1840,0.0,0.0
DTXSID2046200,1840,0.0,0.0
DTXSID2046383,1840,0.0,0.0
DTXSID2046385,1840,0.0,0.0
DTXSID2046389,1840,0.0,0.0
DTXSID2046410,1840,0.0,0.0
DTXSID2046412,1840,0.0,0.0
DTXSID2046414,1840,0.0,0.0
DTXSID2046418,1840,0.0,0.0
DTXSID2046460,1840,0.0,0.0
DTXSID2046464,1840,0.0,0.0
DTXSID2046468,1840,0.0,0.0
DTXSID2046541,1840,1.0789405159904832e-14,0.0
DTXSID2046543,1840,0.0,0.0
DTXSID2046545,1840,,
DTXSID2046591,1840,0.999945527500956,1.0
DTXSID2046599,1840,0.0,0.0
DTXSID2046628,1840,0.0,0.0
DTXSID2046670,1840,0.0,0.0
DTXSID2046678,1840,0.0,0.0
DTXSID2046705,1840,0.0,0.0
DTXSID2046755,1840,0.0,0.0
DTXSID2046882,1840,0.0,0.0
DTXSID2046888,1840,0.0,0.0
DTXSID2046911,1840,0.0,0.0
DTXSID2046919,1840,0.0,0.0
DTXSID2047060,1840,0.0,0.0
DTXSID2047062,1840,0.0,0.0
DTXSID2047064,1840,0.0,0.0
DTXSID2047066,1840,0.0,0.0
DTXSID2047068,1840,0.0,0.0
DTXSID2047141,1840,0.0,0.0
DTXSID2047145,1840,0.0,0.0
DTXSID2047149,1840,0.0,0.0
DTXSID2047191,1840,0.0,0.0
DTXSID2047193,1840,0.0,0.0
DTXSID2047195,1840,0.0,0.0
DTXSID2047197,1840,0.0,0.0
DTXSID2047199,1840,0.0,0.0
DTXSID2047222,1840,0.0,0.0
DTXSID2047270,1840,0.0,0.0
DTXSID2047272,1840,0.0,0.0
DTXSID2047274,1840,0.0,0.0
DTXSID2047276,1840,0.0,0.0
DTXSID2047278,1840,0.0,0.0
DTXSID2047301,1840,0.0,0.0
DTXSID2047303,1840,0.0,0.0
DTXSID2047305,1840,0.0,0.0
DTXSID2047307,1840,0.0,0.0
DTXSID2047309,1840,0.0,0.0
DTXSID2047351,1840,0.9994000035183852,1.0
DTXSID2047353,1840,0.9999951899119462,1.0
DTXSID2047355,1840,0.0,0.0
DTXSID2047357,1840,0.0,0.0
DTXSID2047359,1840,0.0,0.0
DTXSID2047434,1840,0.0,0.0
DTXSID2047436,1840,0.0,0.0
DTXSID2047484,1840,0.0,0.0
DTXSID2047486,1840,0.0,0.0
DTXSID2047511,1840,0.0,0.0
DTXSID2047517,1840,0.0,0.0
DTXSID2047519,1840,0.0,0.0
DTXSID2047565,1840,0.0,0.0
DTXSID2047567,1840,0.0,0.0
DTXSID2047569,1840,0.0,0.0
DTXSID2047642,1840,0.0,0.0
DTXSID2047644,1840,0.0,0.0
DTXSID2047646,1840,0.0,0.0
DTXSID2047648,1840,0.0,0.0
DTXSID2047694,1840,0.0,0.0
DTXSID2047696,1840,0.0,0.0
DTXSID2047721,1840,0.0,0.0
DTXSID2047723,1840,0.0,0.0
DTXSID2047725,1840,7.530497546770815e-08,0.0
DTXSID2047727,1840,0.0,0.0
DTXSID2047773,1840,0.0,0.0
DTXSID2047775,1840,0.0,0.0
DTXSID2047777,1840,3.024146578546826e-15,0.0
DTXSID2047779,1840,0.0,0.0
DTXSID2047804,1840,0.0,0.0
DTXSID2047806,1840,0.0,0.0
DTXSID2047856,1840,0.0,0.0
DTXSID2047858,1840,0.0,0.0
DTXSID2047931,1840,0.0,0.0
DTXSID2047933,1840,0.0,0.0
DTXSID2047935,1840,0.0,0.0
DTXSID2047937,1840,0.0,0.0
DTXSID2047939,1840,0.0,0.0
DTXSID2048161,1840,1.7534835461602293e-08,0.0
DTXSID2048167,1840,0.0,0.0
DTXSID2048379,1840,0.0,0.0
DTXSID2048581,1840,0.0,0.0
DTXSID2048616,1840,0.0,0.0
DTXSID2048618,1840,0.0,0.0
DTXSID2048660,1840,0.0,0.0
DTXSID2048662,1840,0.0,0.0
DTXSID2048666,1840,0.0,0.0
DTXSID2048745,1840,0.0,0.0
DTXSID2048791,1840,0.0,0.0
DTXSID2048793,1840,0.0,0.0
DTXSID2048795,1840,0.0,0.0
DTXSID2048797,1840,0.0,0.0
DTXSID2048799,1840,0.0,0.0
DTXSID2048820,1840,1.940765988998568e-12,0.0
DTXSID2048822,1840,0.0,0.0
DTXSID2048826,1840,0.0,0.0
DTXSID2048828,1840,0.0,0.0
DTXSID2048870,1840,0.0,0.0
DTXSID2048872,1840,0.0,0.0
DTXSID2048901,1840,0.0,0.0
DTXSID2048905,1840,0.9999987104009371,1.0
DTXSID2048907,1840,0.0,0.0
DTXSID2048957,1840,1.5292049119145407e-19,0.0
DTXSID2048959,1840,0.0,0.0
DTXSID2049002,1840,0.0,0.0
DTXSID2049006,1840,0.0,0.0
DTXSID2049050,1840,0.0,0.0
DTXSID2049052,1840,0.0,0.0
DTXSID2049135,1840,0.0,0.0
DTXSID2049210,1840,1.9852260454785853e-10,0.0
DTXSID2049212,1840,0.0,0.0
DTXSID2049214,1840,0.0,0.0
DTXSID2049216,1840,0.0,0.0
DTXSID2049218,1840,0.0,0.0
DTXSID2049260,1840,2.1383538563234474e-18,0.0
DTXSID2049262,1840,0.8412193784948865,0.0
DTXSID2049264,1840,0.0,0.0
DTXSID2049266,1840,0.0,0.0
DTXSID2049268,1840,0.0,0.0
DTXSID2049341,1840,0.0,0.0
DTXSID2049343,1840,0.0,0.0
DTXSID2049345,1840,0.0,0.0
DTXSID2049347,1840,0.0,0.0
DTXSID2049349,1840,0.0,0.0
DTXSID2049391,1840,0.9999999999537417,1.0
DTXSID2049393,1840,2.8093190475493175e-06,0.0
DTXSID2049395,1840,0.0,0.0
DTXSID2049397,1840,0.0,0.0
DTXSID2049399,1840,0.0,0.0
DTXSID2049420,1840,0.0,0.0
DTXSID2049422,1840,0.0,0.0
DTXSID2049424,1840,0.0,0.0
DTXSID2049426,1840,0.0,0.0
DTXSID2049428,1840,0.0,0.0
DTXSID2049470,1840,0.0,0.0
DTXSID2049472,1840,0.0,0.0
DTXSID2049474,1840,0.0,0.0
DTXSID2049476,1840,0.0,0.0
DTXSID2049478,1840,0.0,0.0
DTXSID2049501,1840,0.0,0.0
DTXSID2049503,1840,0.0,0.0
DTXSID2049505,1840,0.0,0.0
DTXSID2049507,1840,0.0,0.0
DTXSID2049509,1840,0.0,0.0
DTXSID2049551,1840,0.0,0.0
DTXSID2049553,1840,0.0,0.0
DTXSID2049555,1840,0.0,0.0
DTXSID2049557,1840,0.0,0.0
DTXSID2049559,1840,0.0,0.0
DTXSID2050403,1840,0.0,0.0
DTXSID2051477,1840,0.0,0.0
DTXSID2051631,1840,0.0,0.0
DTXSID2051687,1840,0.0,0.0
DTXSID2051716,1840,0.0,0.0
DTXSID2051764,1840,0.0,0.0
DTXSID2051895,1840,0.0,0.0
DTXSID2052281,1840,0.0,0.0
DTXSID2052283,1840,0.0,0.0
DTXSID2052289,1840,0.0,0.0
DTXSID2052310,1840,0.0,0.0
DTXSID2052447,1840,0.0,0.0
DTXSID2052574,1840,0.0,0.0
DTXSID2052603,1840,0.0,0.0
DTXSID2052607,1840,0.0,0.0
DTXSID2057601,1840,0.0,0.0
DTXSID2057603,1840,0.0,0.0
DTXSID2057607,1840,0.0,0.0
DTXSID2057609,1840,0.0,0.0
DTXSID2057651,1840,0.0,0.0
DTXSID2057653,1840,0.0,0.0
DTXSID2057655,1840,0.0,0.0
DTXSID2057657,1840,0.0,0.0
DTXSID2057659,1840,0.0,0.0
DTXSID2057730,1840,7.86056673845122e-19,0.0
DTXSID2057732,1840,0.0,0.0
DTXSID2057734,1840,0.0,0.0
DTXSID2057736,1840,0.0,0.0
DTXSID2057738,1840,0.0,0.0
DTXSID2057780,1840,0.0,0.0
DTXSID2057782,1840,0.0,0.0
DTXSID2057784,1840,0.0,0.0
DTXSID2057786,1840,0.0,0.0
DTXSID2057788,1840,0.0,0.0
DTXSID2057811,1840,0.0,0.0
DTXSID2057813,1840,0.0,0.0
DTXSID2057815,1840,0.0,0.0
DTXSID2057817,1840,0.0,0.0
DTXSID2057819,1840,0.0,0.0
DTXSID3020043,1840,0.0,0.0
DTXSID3020047,1840,0.0,0.0
DTXSID3020091,1840,0.0,0.0
DTXSID3020093,1840,0.0,0.0
DTXSID3020095,1840,0.0,0.0
DTXSID3020097,1840,0.0,0.0
DTXSID3020099,1840,0.0,0.0
DTXSID3020120,1840,0.9999821800023526,1.0
DTXSID3020122,1840,0.0,0.0
DTXSID3020128,1840,0.0,0.0
DTXSID3020205,1840,0.0,0.0
DTXSID3020207,1840,0.0,0.0
DTXSID3020209,1840,1.0099369556674016e-12,0.0
DTXSID3020257,1840,0.0,0.0
DTXSID3020330,1840,2.8832772877685173e-12,0.0
DTXSID3020332,1840,0.0,0.0
DTXSID3020336,1840,0.0,0.0
DTXSID3020380,1840,0.32675515494304885,0.0
DTXSID3020384,1840,0.0,0.0
DTXSID3020413,1840,0.0,0.0
DTXSID3020415,1840,0.0,0.0
DTXSID3020419,1840,0.0,0.0
DTXSID3020463,1840,0.0,0.0
DTXSID3020465,1840,0.0,0.0
DTXSID3020540,1840,0.0,0.0
DTXSID3020546,1840,0.0,0.0
DTXSID3020548,1840,0.0,0.0
DTXSID3020596,1840,0.0,0.0
DTXSID3020598,1840,0.0,0.0
DTXSID3020621,1840,0.0,0.0
DTXSID3020625,1840,0.0,0.0
DTXSID3020627,1840,0.0,0.0
DTXSID3020629,1840,0.0,0.0
DTXSID3020671,1840,0.0,0.0
DTXSID3020673,1840,0.9999999999999852,1.0
DTXSID3020679,1840,1.5246562337077634e-05,0.0
DTXSID3020704,1840,0.12517136075121973,0.0
DTXSID3020706,1840,0.9999995301551872,1.0
DTXSID3020708,1840,,
DTXSID3020750,1840,0.0,0.0
DTXSID3020752,1840,0.0,0.0
DTXSID3020756,1840,0.0,0.0
DTXSID3020833,1840,0.0,0.0
DTXSID3020835,1840,0.0,0.0
DTXSID3020881,1840,0.0,0.0
DTXSID3020887,1840,0.0,0.0
DTXSID3020889,1840,0.0,0.0
DTXSID3020910,1840,0.0,0.0
DTXSID3020912,1840,0.0,0.0
DTXSID3020914,1840,0.0,0.0
DTXSID3020916,1840,0.0,0.0
DTXSID3020918,1840,0.0,0.0
DTXSID3020960,1840,0.0,0.0
DTXSID3020962,1840,0.0,0.0
DTXSID3020964,1840,0.0,0.0
DTXSID3020966,1840,0.0,0.0
DTXSID3021065,1840,0.0,0.0
DTXSID3021140,1840,0.0,0.0
DTXSID3021142,1840,0.0,0.0
DTXSID3021144,1840,0.0,0.0
DTXSID3021148,1840,0.0,0.0
DTXSID3021190,1840,0.0,0.0
DTXSID3021192,1840,0.0,0.0
DTXSID3021196,1840,0.0,0.0
DTXSID3021198,1840,0.0,0.0
DTXSID3021221,1840,0.0,0.0
DTXSID3021223,1840,0.0,0.0
DTXSID3021275,1840,0.9998781526718393,1.0
DTXSID3021277,1840,0.0,0.0
DTXSID3021304,1840,0.0,0.0
DTXSID3021354,1840,0.0,0.0
DTXSID3021356,1840,0.0,0.0
DTXSID3021358,1840,0.0,0.0
DTXSID3021431,1840,0.0,0.0
DTXSID3021437,1840,0.0,0.0
DTXSID3021483,1840,0.0,0.0
DTXSID3021485,1840,0.0,0.0
DTXSID3021487,1840,0.0,0.0
DTXSID3021516,1840,0.0,0.0
DTXSID3021518,1840,0.0,0.0
DTXSID3021562,1840,0.0,0.0
DTXSID3021641,1840,0.0,0.0
DTXSID3021643,1840,0.0,0.0
DTXSID3021645,1840,0.0,0.0
DTXSID3021647,1840,0.0,0.0
DTXSID3021726,1840,0.0,0.0
DTXSID3021770,1840,0.0,0.0
DTXSID3021772,1840,0.0,0.0
DTXSID3021774,1840,0.0,0.0
DTXSID3021778,1840,1.6452849193453093e-13,0.0
DTXSID3021801,1840,0.0,0.0
DTXSID3021803,1840,0.0,0.0
DTXSID3021805,1840,0.0,0.0
DTXSID3021807,1840,0.0,0.0
DTXSID3021851,1840,0.0,0.0
DTXSID3021853,1840,0.0,0.0
DTXSID3021930,1840,0.0,0.0
DTXSID3021932,1840,0.0,0.0
DTXSID3021936,1840,0.0,0.0
DTXSID3021938,1840,0.0,0.0
DTXSID3021980,1840,0.0,0.0
DTXSID3021982,1840,0.0,0.0
DTXSID3021984,1840,0.0,0.0
DTXSID3021986,1840,6.823473054644039e-14,0.0
DTXSID3021988,1840,0.0,0.0
DTXSID3022035,1840,0.0,0.0
DTXSID3022085,1840,0.0,0.0
DTXSID3022089,1840,0.0,0.0
DTXSID3022160,1840,0.0,0.0
DTXSID3022162,1840,1.106573787296551e-06,0.0
DTXSID3022164,1840,0.0,0.0
DTXSID3022247,1840,2.8763525360770655e-13,0.0
DTXSID3022320,1840,0.0,0.0
DTXSID3022326,1840,0.0,0.0
DTXSID3022370,1840,1.3495707622341943e-13,0.0
DTXSID3022403,1840,7.125902975053586e-16,0.0
DTXSID3022405,1840,0.0,0.0
DTXSID3022409,1840,0.0,0.0
DTXSID3022455,1840,0.0,0.0
DTXSID3022536,1840,5.664820680208109e-05,0.0
DTXSID3022582,1840,9.884340116667235e-16,0.0
DTXSID3022584,1840,0.0,0.0
DTXSID3022586,1840,0.0,0.0
DTXSID3022588,1840,0.0,0.0
DTXSID3022611,1840,0.0,0.0
DTXSID3022617,1840,0.0,0.0
DTXSID3022663,1840,0.15480175827513248,0.0
DTXSID3022667,1840,0.0,0.0
DTXSID3022748,1840,0.0,0.0
DTXSID3022798,1840,0.0,0.0
DTXSID3022821,1840,8.265559423561416e-13,0.0
DTXSID3022825,1840,2.16171441124394e-14,0.0
DTXSID3022829,1840,0.0,0.0
DTXSID3022871,1840,0.0,0.0
DTXSID3022877,1840,0.0,0.0
DTXSID3022904,1840,0.0,0.0
DTXSID3022906,1840,0.0,0.0
DTXSID3022950,1840,0.0,0.0
DTXSID3022956,1840,1.0030555282378866e-14,0.0
DTXSID3022958,1840,0.0,0.0
DTXSID3023007,1840,0.0,0.0
DTXSID3023051,1840,0.0,0.0
DTXSID3023057,1840,0.0,0.0
DTXSID3023059,1840,0.0,0.0
DTXSID3023132,1840,0.0,0.0
DTXSID3023180,1840,0.0,0.0
DTXSID3023188,1840,0.0,0.0
DTXSID3023261,1840,0.0,0.0
DTXSID3023265,1840,0.0,0.0
DTXSID3023269,1840,0.0,0.0
DTXSID3023340,1840,0.0,0.0
DTXSID3023342,1840,0.0,0.0
DTXSID3023425,1840,0.0,0.0
DTXSID3023427,1840,0.0,0.0
DTXSID3023471,1840,0.0,0.0
DTXSID3023479,1840,0.0,0.0
DTXSID3023502,1840,0.0,0.0
DTXSID3023508,1840,0.0,0.0
DTXSID3023550,1840,8.230283158388992e-17,0.0
DTXSID3023556,1840,0.0,0.0
DTXSID3023685,1840,0.0,0.0
DTXSID3023687,1840,0.0,0.0
DTXSID3023712,1840,0.0,0.0
DTXSID3023716,1840,0.0,0.0
DTXSID3023718,1840,0.0,0.0
DTXSID3023764,1840,0.0,0.0
DTXSID3023845,1840,0.0,0.0
DTXSID3023897,1840,0.0,0.0
DTXSID3023899,1840,0.0,0.0
DTXSID3023974,1840,0.0,0.0
DTXSID3024077,1840,0.0,0.0
DTXSID3024100,1840,0.0,0.0
DTXSID3024102,1840,0.0,0.0
DTXSID3024104,1840,1.4197059853599817e-17,0.0
DTXSID3024108,1840,0.0,0.0
DTXSID3024152,1840,0.0,0.0
DTXSID3024154,1840,0.0,0.0
DTXSID3024235,1840,2.6043838262888496e-12,0.0
DTXSID3024239,1840,0.0,0.0
DTXSID3024287,1840,0.0,0.0
DTXSID3024289,1840,0.0,0.0
DTXSID3024316,1840,0.0,0.0
DTXSID3024318,1840,0.0,0.0
DTXSID3024362,1840,0.0,0.0
DTXSID3024366,1840,0.0,0.0
DTXSID3024368,1840,0.0,0.0
DTXSID3024441,1840,0.0,0.0
DTXSID3024447,1840,0.0,0.0
DTXSID3024449,1840,0.0,0.0
DTXSID3024491,1840,0.0,0.0
DTXSID3024497,1840,0.0,0.0
DTXSID3024499,1840,0.6742995068361217,0.0
DTXSID3024522,1840,0.0,0.0
DTXSID3024528,1840,0.0,0.0
DTXSID3024574,1840,0.0,0.0
DTXSID3024603,1840,0.0,0.0
DTXSID3024657,1840,0.0,0.0
DTXSID3024659,1840,0.0,0.0
DTXSID3024736,1840,0.0,0.0
DTXSID3024738,1840,0.0,0.0
DTXSID3024780,1840,0.0,0.0
DTXSID3024786,1840,0.0,0.0
DTXSID3024815,1840,0.0,0.0
DTXSID3024861,1840,9.656242696636828e-15,0.0
DTXSID3024869,1840,0.0,0.0
DTXSID3024940,1840,0.0,0.0
DTXSID3024942,1840,0.0,0.0
DTXSID3024944,1840,0.9999988853760468,1.0
DTXSID3024994,1840,0.0,0.0
DTXSID3024998,1840,0.0,0.0
DTXSID3025041,1840,0.0,0.0
DTXSID3025045,1840,,
DTXSID3025047,1840,0.0,0.0
DTXSID3025049,1840,0.0,0.0
DTXSID3025091,1840,0.0,0.0
DTXSID3025093,1840,0.0,0.0
DTXSID3025122,1840,0.0,0.0
DTXSID3025170,1840,0.0,0.0
DTXSID3025178,1840,0.0,0.0
DTXSID3025203,1840,0.0,0.0
DTXSID3025209,1840,0.9909977519553504,1.0
DTXSID3025253,1840,2.5169241520919997e-14,0.0
DTXSID3025257,1840,0.0,0.0
DTXSID3025330,1840,0.0,0.0
DTXSID3025332,1840,0.0,0.0
DTXSID3025338,1840,0.0,0.0
DTXSID3025461,1840,0.0,0.0
DTXSID3025465,1840,0.0,0.0
DTXSID3025469,1840,0.0,0.0
DTXSID3025540,1840,1.0,1.0
DTXSID3025542,1840,0.0,0.0
DTXSID3025590,1840,0.0,0.0
DTXSID3025629,1840,0.0,0.0
DTXSID3025671,1840,0.0,0.0
DTXSID3025706,1840,0.0,0.0
DTXSID3025758,1840,0.0,0.0
DTXSID3025839,1840,0.0,0.0
DTXSID3025881,1840,0.0,0.0
DTXSID3025889,1840,0.0,0.0
DTXSID3026065,1840,1.0,1.0
DTXSID3026067,1840,0.0,0.0
DTXSID3026148,1840,0.0,0.0
DTXSID3026190,1840,2.0490217018529636e-12,0.0
DTXSID3026223,1840,0.0,0.0
DTXSID3026275,1840,0.0,0.0
DTXSID3026279,1840,0.0,0.0
DTXSID3026302,1840,0.0,0.0
DTXSID3026304,1840,0.0,0.0
DTXSID3026306,1840,0.0,0.0
DTXSID3026308,1840,0.0,0.0
DTXSID3026512,1840,0.0,0.0
DTXSID3026514,1840,0.0,0.0
DTXSID3026516,1840,0.0,0.0
DTXSID3026560,1840,0.0,0.0
DTXSID3026562,1840,0.0,0.0
DTXSID3026564,1840,0.0,0.0
DTXSID3026566,1840,0.0,0.0
DTXSID3026641,1840,0.0,0.0
DTXSID3026645,1840,0.0,0.0
DTXSID3026647,1840,0.0,0.0
DTXSID3026691,1840,0.0,0.0
DTXSID3026697,1840,0.0,0.0
DTXSID3026724,1840,0.0,0.0
DTXSID3026726,1840,0.0,0.0
DTXSID3026728,1840,0.0,0.0
DTXSID3026851,1840,0.0,0.0
DTXSID3026932,1840,0.0,0.0
DTXSID3026984,1840,0.0,0.0
DTXSID3027037,1840,0.0,0.0
DTXSID3027039,1840,0.0,0.0
DTXSID3027085,1840,0.0,0.0
DTXSID3027116,1840,0.0,0.0
DTXSID3027241,1840,0.0,0.0
DTXSID3027247,1840,0.0,0.0
DTXSID3027249,1840,0.0,0.0
DTXSID3027291,1840,0.0,0.0
DTXSID3027293,1840,0.0,0.0
DTXSID3027295,1840,0.0,0.0
DTXSID3027297,1840,0.0,0.0
DTXSID3027320,1840,0.0,0.0
DTXSID3027322,1840,0.0,0.0
DTXSID3027328,1840,0.0,0.0
DTXSID3027370,1840,0.0,0.0
DTXSID3027401,1840,0.0,0.0
DTXSID3027403,1840,1.0,1.0
DTXSID3027405,1840,0.0,0.0
DTXSID3027407,1840,0.0,0.0
DTXSID3027530,1840,0.0,0.0
DTXSID3027534,1840,0.0,0.0
DTXSID3027536,1840,0.0,0.0
DTXSID3027580,1840,0.0,0.0
DTXSID3027584,1840,0.0,0.0
DTXSID3027586,1840,0.0,0.0
DTXSID3027588,1840,0.0,0.0
DTXSID3027615,1840,0.0,0.0
DTXSID3027617,1840,0.0,0.0
DTXSID3027740,1840,0.0,0.0
DTXSID3027790,1840,0.0,0.0
DTXSID3027792,1840,0.0,0.0
DTXSID3027798,1840,0.0,0.0
DTXSID3027823,1840,0.0,0.0
DTXSID3027829,1840,0.0,0.0
DTXSID3027875,1840,0.0,0.0
DTXSID3027877,1840,0.0,0.0
DTXSID3027902,1840,0.0,0.0
DTXSID3027950,1840,,
DTXSID3028001,1840,0.0,0.0
DTXSID3028005,1840,0.0,0.0
DTXSID3029108,1840,0.0,0.0
DTXSID3029150,1840,0.0,0.0
DTXSID3029152,1840,0.0,0.0
DTXSID3029154,1840,0.0,0.0
DTXSID3029158,1840,0.0,0.0
DTXSID3029231,1840,0.0,0.0
DTXSID3029233,1840,0.0,0.0
DTXSID3029235,1840,0.0,0.0
DTXSID3029237,1840,0.0,0.0
DTXSID3029281,1840,0.0,0.0
DTXSID3029283,1840,0.0,0.0
DTXSID3029287,1840,0.0,0.0
DTXSID3029289,1840,0.0,0.0
DTXSID3029310,1840,0.0,0.0
DTXSID3029312,1840,0.0,0.0
DTXSID3029362,1840,0.0,0.0
DTXSID3029364,1840,1.692353967508913e-17,0.0
DTXSID3029572,1840,0.0,0.0
DTXSID3029607,1840,0.0,0.0
DTXSID3029651,1840,0.0,0.0
DTXSID3029653,1840,0.0,0.0
DTXSID3029655,1840,0.0,0.0
DTXSID3029815,1840,0.0,0.0
DTXSID3029869,1840,0.0,0.0
DTXSID3030056,1840,0.0,0.0
DTXSID3030189,1840,0.0,0.0
DTXSID3030428,1840,0.0,0.0
DTXSID3030636,1840,0.0,0.0
DTXSID3031444,1840,0.0,0.0
DTXSID3031492,1840,0.0,0.0
DTXSID3031521,1840,0.0,0.0
DTXSID3031860,1840,0.0,0.0
DTXSID3031862,1840,0.0,0.0
DTXSID3031864,1840,0.0,0.0
DTXSID3032129,1840,0.0,0.0
DTXSID3032331,1840,0.9999989286787674,1.0
DTXSID3032337,1840,0.0,0.0
DTXSID3032389,1840,0.0,0.0
DTXSID3032412,1840,0.0,0.0
DTXSID3032416,1840,0.0,0.0
DTXSID3032464,1840,0.0,0.0
DTXSID3032541,1840,0.9999999999852583,1.0
DTXSID3032547,1840,0.0,0.0
DTXSID3032549,1840,1.6091766343473975e-09,0.0
DTXSID3032591,1840,0.0,0.0
DTXSID3032620,1840,0.0,0.0
DTXSID3032622,1840,0.0,0.0
DTXSID3032624,1840,0.0,0.0
DTXSID3032626,1840,0.0,0.0
DTXSID3032628,1840,0.0,0.0
DTXSID3032670,1840,0.0,0.0
DTXSID3032751,1840,0.0,0.0
DTXSID3032759,1840,0.0,0.0
DTXSID3032832,1840,0.0,0.0
DTXSID3033276,1840,0.0,0.0
DTXSID3033307,1840,0.9999942414188023,1.0
DTXSID3033511,1840,0.0,0.0
DTXSID3033519,1840,0.0,0.0
DTXSID3033983,1840,0.0,0.0
DTXSID3033989,1840,0.0,0.0
DTXSID3034113,1840,0.0,0.0
DTXSID3034165,1840,0.0,0.0
DTXSID3034402,1840,8.045843451633928e-15,0.0
DTXSID3034456,1840,3.95181283924683e-05,0.0
DTXSID3034458,1840,0.0,0.0
DTXSID3034531,1840,0.0,0.0
DTXSID3034583,1840,0.0,0.0
DTXSID3034612,1840,0.0,0.0
DTXSID3034614,1840,0.0,0.0
DTXSID3034618,1840,0.0,0.0
DTXSID3034662,1840,0.0,0.0
DTXSID3034664,1840,0.0,0.0
DTXSID3034872,1840,0.0,0.0
DTXSID3034903,1840,0.0,0.0
DTXSID3034957,1840,0.0,0.0
DTXSID3035214,1840,0.0,0.0
DTXSID3035266,1840,0.0,0.0
DTXSID3035341,1840,0.0,0.0
DTXSID3036105,1840,0.0,0.0
DTXSID3036286,1840,0.0,0.0
DTXSID3036288,1840,0.0,0.0
DTXSID3036496,1840,0.0,0.0
DTXSID3036525,1840,0.0,0.0
DTXSID3037094,1840,0.9997740830289228,1.0
DTXSID3037208,1840,0.0,0.0
DTXSID3037250,1840,0.0,0.0
DTXSID3037541,1840,0.8121481601263041,0.0
DTXSID3037545,1840,0.0,0.0
DTXSID3037626,1840,0.0,0.0
DTXSID3037707,1840,0.0,0.0
DTXSID3037709,1840,0.0,0.0
DTXSID3037757,1840,0.0,0.0
DTXSID3038694,1840,0.0,0.0
DTXSID3038696,1840,0.0,0.0
DTXSID3038725,1840,0.0,0.0
DTXSID3038771,1840,0.0,0.0
DTXSID3038800,1840,0.0,0.0
DTXSID3038808,1840,0.0,0.0
DTXSID3038852,1840,0.9991180498371316,1.0
DTXSID3038939,1840,0.0,0.0
DTXSID3039240,1840,0.0,0.0
DTXSID3039242,1840,0.0,0.0
DTXSID3040271,1840,0.0,0.0
DTXSID3040279,1840,0.0,0.0
DTXSID3040300,1840,0.0,0.0
DTXSID3040352,1840,0.0,0.0
DTXSID3040643,1840,5.992986222011815e-15,0.0
DTXSID3040647,1840,0.0,0.0
DTXSID3040691,1840,0.0,0.0
DTXSID3040693,1840,0.0,0.0
DTXSID3040697,1840,0.0,0.0
DTXSID3040699,1840,0.0,0.0
DTXSID3040720,1840,0.0,0.0
DTXSID3040722,1840,0.0,0.0
DTXSID3040724,1840,0.0,0.0
DTXSID3040726,1840,0.0,0.0
DTXSID3040728,1840,0.0,0.0
DTXSID3040770,1840,0.0,0.0
DTXSID3040774,1840,0.0,0.0
DTXSID3040776,1840,0.0,0.0
DTXSID3040801,1840,8.042525159278745e-19,0.0
DTXSID3040980,1840,0.0,0.0
DTXSID3041085,1840,0.0,0.0
DTXSID3041247,1840,0.0,0.0
DTXSID3041293,1840,0.0,0.0
DTXSID3041299,1840,0.0,0.0
DTXSID3041328,1840,0.0,0.0
DTXSID3041370,1840,0.0,0.0
DTXSID3041372,1840,0.0,0.0
DTXSID3041376,1840,0.0,0.0
DTXSID3041403,1840,0.0,0.0
DTXSID3041405,1840,0.0,0.0
DTXSID3041409,1840,,
DTXSID3041451,1840,0.0,0.0
DTXSID3041530,1840,0.0,0.0
DTXSID3041580,1840,0.0,0.0
DTXSID3041611,1840,0.0,0.0
DTXSID3041613,1840,0.0,0.0
DTXSID3041615,1840,0.0,0.0
DTXSID3041617,1840,0.0,0.0
DTXSID3041619,1840,7.678221362064802e-20,0.0
DTXSID3041661,1840,0.0,0.0
DTXSID3041663,1840,0.0,0.0
DTXSID3041665,1840,0.9999876358031407,1.0
DTXSID3041744,1840,0.9999987567664859,1.0
DTXSID3041790,1840,0.0,0.0
DTXSID3041794,1840,1.8858069688621346e-09,0.0
DTXSID3041827,1840,0.0,0.0
DTXSID3041873,1840,0.0,0.0
DTXSID3041877,1840,0.0,0.0
DTXSID3041954,1840,0.0,0.0
DTXSID3042007,1840,0.0,0.0
DTXSID3042051,1840,0.0,0.0
DTXSID3042053,1840,0.0,0.0
DTXSID3042059,1840,0.0,0.0
DTXSID3042130,1840,0.0,0.0
DTXSID3042180,1840,0.0,0.0
DTXSID3042188,1840,0.0,0.0
DTXSID3042215,1840,0.0,0.0
DTXSID3042219,1840,0.0,0.0
DTXSID3042261,1840,0.0,0.0
DTXSID3042263,1840,0.0,0.0
DTXSID3042269,1840,0.0,0.0
DTXSID3042390,1840,,
DTXSID3042394,1840,0.0,0.0
DTXSID3042423,1840,0.0,0.0
DTXSID3042477,1840,0.0,0.0
DTXSID3042500,1840,0.9999999999998734,1.0
DTXSID3042633,1840,0.02039455474299655,0.0
DTXSID3043782,1840,0.0,0.0
DTXSID3044124,1840,0.0,0.0
DTXSID3044128,1840,0.0,0.0
DTXSID3044201,1840,0.0,0.0
DTXSID3044203,1840,0.0,0.0
DTXSID3044205,1840,0.0,0.0
DTXSID3044251,1840,0.0,0.0
DTXSID3044332,1840,0.0,0.0
DTXSID3044334,1840,0.0,0.0
DTXSID3044338,1840,0.0,0.0
DTXSID3044380,1840,0.0,0.0
DTXSID3044382,1840,0.0,0.0
DTXSID3044384,1840,0.0,0.0
DTXSID3044388,1840,0.0,0.0
DTXSID3044411,1840,0.0,0.0
DTXSID3044413,1840,0.0,0.0
DTXSID3044415,1840,0.9999999999999605,1.0
DTXSID3044461,1840,0.0,0.0
DTXSID3044463,1840,0.0,0.0
DTXSID3044465,1840,0.0,0.0
DTXSID3044469,1840,0.0,0.0
DTXSID3044542,1840,0.0,0.0
DTXSID3044544,1840,6.092979941871327e-11,0.0
DTXSID3044590,1840,1.0598060640725354e-07,0.0
DTXSID3044598,1840,0.0,0.0
DTXSID3044621,1840,0.0,0.0
DTXSID3044623,1840,0.0,0.0
DTXSID3044625,1840,0.0,0.0
DTXSID3044627,1840,0.0,0.0
DTXSID3044629,1840,0.0,0.0
DTXSID3044679,1840,0.0,0.0
DTXSID3044700,1840,0.0,0.0
DTXSID3044702,1840,0.0,0.0
DTXSID3044704,1840,0.9999999999999137,1.0
DTXSID3044706,1840,0.0,0.0
DTXSID3044750,1840,0.0,0.0
DTXSID3044752,1840,0.0,0.0
DTXSID3044754,1840,0.0,0.0
DTXSID3044756,1840,0.0,0.0
DTXSID3044758,1840,0.0,0.0
DTXSID3044831,1840,0.0,0.0
DTXSID3044833,1840,0.0,0.0
DTXSID3044835,1840,0.0,0.0
DTXSID3044837,1840,0.0,0.0
DTXSID3044839,1840,0.0,0.0
DTXSID3044881,1840,0.0,0.0
DTXSID3044883,1840,0.0,0.0
DTXSID3044887,1840,0.0,0.0
DTXSID3044889,1840,,
DTXSID3044910,1840,,
DTXSID3044914,1840,0.0,0.0
DTXSID3044916,1840,0.0,0.0
DTXSID3044918,1840,0.0,0.0
DTXSID3044960,1840,0.0,0.0
DTXSID3044962,1840,0.0,0.0
DTXSID3044966,1840,3.7957921654686074e-06,0.0
DTXSID3045140,1840,0.0,0.0
DTXSID3045190,1840,0.0,0.0
DTXSID3045192,1840,0.0,0.0
DTXSID3045194,1840,0.0,0.0
DTXSID3045196,1840,0.0,0.0
DTXSID3045198,1840,0.0,0.0
DTXSID3045221,1840,0.0,0.0
DTXSID3045223,1840,3.5976112221098293e-17,0.0
DTXSID3045227,1840,0.0,0.0
DTXSID3045229,1840,0.0,0.0
DTXSID3045271,1840,1.486679808439065e-14,0.0
DTXSID3045300,1840,0.0,0.0
DTXSID3045304,1840,1.698364759452628e-17,0.0
DTXSID3045306,1840,0.0,0.0
DTXSID3045433,1840,0.0,0.0
DTXSID3045435,1840,0.0,0.0
DTXSID3045437,1840,0.0,0.0
DTXSID3045485,1840,0.0,0.0
DTXSID3045514,1840,0.0,0.0
DTXSID3045560,1840,9.38883462378038e-18,0.0
DTXSID3045562,1840,0.0,0.0
DTXSID3045645,1840,0.0,0.0
DTXSID3045647,1840,0.0,0.0
DTXSID3045649,1840,0.0,0.0
DTXSID3045695,1840,0.0,0.0
DTXSID3045697,1840,0.0,0.0
DTXSID3045770,1840,0.0,0.0
DTXSID3045776,1840,0.0,0.0
DTXSID3045778,1840,0.0,0.0
DTXSID3045805,1840,0.0,0.0
DTXSID3045807,1840,0.0,0.0
DTXSID3045851,1840,0.0,0.0
DTXSID3045857,1840,0.0,0.0
DTXSID3045859,1840,1.3978386014936033e-08,0.0
DTXSID3045930,1840,0.0,0.0
DTXSID3045934,1840,0.0,0.0
DTXSID3046081,1840,0.0,0.0
DTXSID3046083,1840,0.9872869345540874,1.0
DTXSID3046110,1840,0.0,0.0
DTXSID3046114,1840,0.0,0.0
DTXSID3046162,1840,0.0,0.0
DTXSID3046295,1840,0.0,0.0
DTXSID3046297,1840,0.0,0.0
DTXSID3046299,1840,0.0,0.0
DTXSID3046320,1840,0.0,0.0
DTXSID3046324,1840,0.0,0.0
DTXSID3046326,1840,0.0,0.0
DTXSID3046401,1840,,
DTXSID3046403,1840,0.0,0.0
DTXSID3046405,1840,0.0,0.0
DTXSID3046409,1840,0.0,0.0
DTXSID3046451,1840,0.0,0.0
DTXSID3046453,1840,0.0,0.0
DTXSID3046457,1840,0.0,0.0
DTXSID3046459,1840,0.0,0.0
DTXSID3046534,1840,0.0,0.0
DTXSID3046536,1840,0.0,0.0
DTXSID3046580,1840,0.0,0.0
DTXSID3046584,1840,0.0,0.0
DTXSID3046619,1840,2.6588347853045953e-06,0.0
DTXSID3046663,1840,1.3535253155209937e-13,0.0
DTXSID3046665,1840,0.0,0.0
DTXSID3046740,1840,0.0,0.0
DTXSID3046742,1840,0.0,0.0
DTXSID3046744,1840,0.0,0.0
DTXSID3046748,1840,0.0,0.0
DTXSID3046792,1840,0.9999770713368443,1.0
DTXSID3046798,1840,0.0,0.0
DTXSID3046821,1840,0.0,0.0
DTXSID3046823,1840,0.0,0.0
DTXSID3046908,1840,0.0,0.0
DTXSID3047001,1840,0.0,0.0
DTXSID3047003,1840,0.0,0.0
DTXSID3047051,1840,0.0,0.0
DTXSID3047053,1840,0.0,0.0
DTXSID3047055,1840,0.0,0.0
DTXSID3047057,1840,0.0,0.0
DTXSID3047059,1840,0.0,0.0
DTXSID3047130,1840,0.0,0.0
DTXSID3047132,1840,0.0,0.0
DTXSID3047134,1840,0.0,0.0
DTXSID3047136,1840,0.0,0.0
DTXSID3047138,1840,0.0,0.0
DTXSID3047180,1840,0.0,0.0
DTXSID3047182,1840,0.0,0.0
DTXSID3047184,1840,0.0,0.0
DTXSID3047186,1840,0.0,0.0
DTXSID3047188,1840,0.0,0.0
DTXSID3047261,1840,0.0,0.0
DTXSID3047263,1840,0.0,0.0
DTXSID3047265,1840,0.0,0.0
DTXSID3047267,1840,0.0,0.0
DTXSID3047342,1840,0.9975219077309864,1.0
DTXSID3047344,1840,0.0,0.0
DTXSID3047346,1840,0.0,0.0
DTXSID3047348,1840,0.0,0.0
DTXSID3047394,1840,0.0,0.0
DTXSID3047423,1840,0.0,0.0
DTXSID3047425,1840,0.0,0.0
DTXSID3047427,1840,0.0,0.0
DTXSID3047429,1840,0.0,0.0
DTXSID3047471,1840,0.0,0.0
DTXSID3047473,1840,0.0,0.0
DTXSID3047477,1840,0.0,0.0
DTXSID3047504,1840,0.0,0.0
DTXSID3047508,1840,0.0,0.0
DTXSID3047552,1840,0.0,0.0
DTXSID3047554,1840,0.0,0.0
DTXSID3047556,1840,0.0,0.0
DTXSID3047558,1840,0.0,0.0
DTXSID3047631,1840,0.0,0.0
DTXSID3047633,1840,0.0,0.0
DTXSID3047637,1840,0.0,0.0
DTXSID3047639,1840,0.0,0.0
DTXSID3047681,1840,0.0,0.0
DTXSID3047683,1840,0.0,0.0
DTXSID3047687,1840,0.0,0.0
DTXSID3047712,1840,0.0,0.0
DTXSID3047716,1840,0.0,0.0
DTXSID3047760,1840,0.0,0.0
DTXSID3047843,1840,0.0,0.0
DTXSID3047849,1840,0.0,0.0
DTXSID3047891,1840,0.0,0.0
DTXSID3047893,1840,0.6681487759429857,0.0
DTXSID3047895,1840,0.9984101460957442,1.0
DTXSID3047897,1840,0.0,0.0
DTXSID3047899,1840,0.0,0.0
DTXSID3047920,1840,0.0,0.0
DTXSID3047922,1840,0.0,0.0
DTXSID3047924,1840,0.0,0.0
DTXSID3047926,1840,0.9999969400574055,1.0
DTXSID3047928,1840,0.0,0.0
DTXSID3047970,1840,0.0,0.0
DTXSID3047972,1840,0.0,0.0
DTXSID3047974,1840,0.0,0.0
DTXSID3048520,1840,0.0,0.0
DTXSID3048522,1840,3.90906933499772e-12,0.0
DTXSID3048574,1840,0.0,0.0
DTXSID3048576,1840,0.0,0.0
DTXSID3048603,1840,1.7042074514766205e-19,0.0
DTXSID3048605,1840,0.0,0.0
DTXSID3048607,1840,0.0,0.0
DTXSID3048653,1840,0.9999999461981657,1.0
DTXSID3048655,1840,0.0,0.0
DTXSID3048657,1840,0.9999970043081603,1.0
DTXSID3048659,1840,0.0,0.0
DTXSID3048732,1840,0.0,0.0
DTXSID3048780,1840,0.0,0.0
DTXSID3048782,1840,0.0,0.0
DTXSID3048786,1840,0.0,0.0
DTXSID3048788,1840,0.0,0.0
DTXSID3048811,1840,0.0,0.0
DTXSID3048815,1840,0.0,0.0
DTXSID3048817,1840,0.0,0.0
DTXSID3048819,1840,0.0,0.0
DTXSID3048861,1840,0.0,0.0
DTXSID3048863,1840,0.0,0.0
DTXSID3048869,1840,0.0,0.0
DTXSID3048944,1840,0.0,0.0
DTXSID3048948,1840,0.9907839151816282,1.0
DTXSID3048992,1840,0.0,0.0
DTXSID3048998,1840,0.0,0.0
DTXSID3049041,1840,3.662838147327903e-14,0.0
DTXSID3049045,1840,0.0,0.0
DTXSID3049047,1840,0.061581984107127175,0.0
DTXSID3049049,1840,2.7336652288179205e-15,0.0
DTXSID3049201,1840,0.0,0.0
DTXSID3049203,1840,0.0,0.0
DTXSID3049205,1840,0.9866894018008031,1.0
DTXSID3049207,1840,0.0,0.0
DTXSID3049209,1840,0.0,0.0
DTXSID3049251,1840,0.0,0.0
DTXSID3049253,1840,0.9980066561670025,1.0
DTXSID3049255,1840,0.0,0.0
DTXSID3049257,1840,0.0,0.0
DTXSID3049259,1840,0.0,0.0
DTXSID3049330,1840,0.0,0.0
DTXSID3049332,1840,0.9999831245915698,1.0
DTXSID3049334,1840,0.0,0.0
DTXSID3049336,1840,0.0,0.0
DTXSID3049338,1840,0.0,0.0
DTXSID3049380,1840,0.0,0.0
DTXSID3049382,1840,0.0,0.0
DTXSID3049384,1840,0.0,0.0
DTXSID3049386,1840,0.0,0.0
DTXSID3049388,1840,0.0,0.0
DTXSID3049411,1840,0.0,0.0
DTXSID3049413,1840,0.0,0.0
DTXSID3049415,1840,0.0,0.0
DTXSID3049417,1840,0.9999999999971965,1.0
DTXSID3049419,1840,0.0,0.0
DTXSID3049461,1840,0.0,0.0
DTXSID3049463,1840,0.0,0.0
DTXSID3049465,1840,0.0,0.0
DTXSID3049467,1840,0.0,0.0
DTXSID3049469,1840,0.0,0.0
DTXSID3049540,1840,0.0,0.0
DTXSID3049542,1840,0.0,0.0
DTXSID3049544,1840,0.0,0.0
DTXSID3049546,1840,0.0,0.0
DTXSID3049548,1840,0.0,0.0
DTXSID3051381,1840,0.0,0.0
DTXSID3051707,1840,0.0,0.0
DTXSID3051834,1840,0.04460920208771407,0.0
DTXSID3051836,1840,0.0,0.0
DTXSID3052010,1840,0.0,0.0
DTXSID3052060,1840,0.0,0.0
DTXSID3052228,1840,0.0,0.0
DTXSID3052278,1840,0.0,0.0
DTXSID3052301,1840,0.0,0.0
DTXSID3052307,1840,0.0,0.0
DTXSID3052309,1840,0.0,0.0
DTXSID3052511,1840,0.0,0.0
DTXSID3052567,1840,0.0,0.0
DTXSID3052648,1840,0.0,0.0
DTXSID3057640,1840,0.0,0.0
DTXSID3057642,1840,0.0,0.0
DTXSID3057644,1840,0.0,0.0
DTXSID3057646,1840,0.0,0.0
DTXSID3057648,1840,0.0,0.0
DTXSID3057690,1840,0.0,0.0
DTXSID3057692,1840,0.0,0.0
DTXSID3057694,1840,0.0,0.0
DTXSID3057696,1840,0.0,0.0
DTXSID3057698,1840,0.0,0.0
DTXSID3057721,1840,0.0,0.0
DTXSID3057723,1840,0.0,0.0
DTXSID3057725,1840,0.0,0.0
DTXSID3057727,1840,0.0,0.0
DTXSID3057729,1840,0.0,0.0
DTXSID3057771,1840,0.0,0.0
DTXSID3057773,1840,0.0,0.0
DTXSID3057775,1840,0.0,0.0
DTXSID3057777,1840,0.0,0.0
DTXSID3057779,1840,0.0,0.0
DTXSID3057800,1840,0.0,0.0
DTXSID3057802,1840,0.9976511955327615,1.0
DTXSID3057804,1840,0.0,0.0
DTXSID3057806,1840,0.0,0.0
DTXSID3057808,1840,0.0,0.0
DTXSID3057850,1840,0.0,0.0
DTXSID3057852,1840,0.0,0.0
DTXSID3057854,1840,7.338080812304737e-18,0.0
DTXSID3057856,1840,0.0,0.0
DTXSID3057858,1840,0.0,0.0
DTXSID4020032,1840,0.0,0.0
DTXSID4020086,1840,0.0,0.0
DTXSID4020088,1840,0.0,0.0
DTXSID4020113,1840,0.0,0.0
DTXSID4020117,1840,0.0,0.0
DTXSID4020119,1840,0.0,0.0
DTXSID4020161,1840,0.0,0.0
DTXSID4020167,1840,0.0,0.0
DTXSID4020240,1840,0.0,0.0
DTXSID4020242,1840,1.0,1.0
DTXSID4020244,1840,0.0,0.0
DTXSID4020246,1840,0.0,0.0
DTXSID4020248,1840,0.0,0.0
DTXSID4020290,1840,0.0,0.0
DTXSID4020292,1840,0.0,0.0
DTXSID4020294,1840,0.0,0.0
DTXSID4020296,1840,0.0,0.0
DTXSID4020298,1840,0.0,0.0
DTXSID4020321,1840,0.0,0.0
DTXSID4020325,1840,0.0,0.0
DTXSID4020327,1840,0.0,0.0
DTXSID4020329,1840,0.0,0.0
DTXSID4020371,1840,0.0,0.0
DTXSID4020373,1840,6.4212784949049295e-12,0.0
DTXSID4020375,1840,0.0,0.0
DTXSID4020379,1840,0.0,0.0
DTXSID4020400,1840,0.0,0.0
DTXSID4020402,1840,0.0,0.0
DTXSID4020406,1840,0.0,0.0
DTXSID4020450,1840,4.093590922420064e-09,0.0
DTXSID4020452,1840,0.0,0.0
DTXSID4020458,1840,0.0,0.0
DTXSID4020533,1840,0.0,0.0
DTXSID4020535,1840,,
DTXSID4020537,1840,0.0,0.0
DTXSID4020539,1840,0.0,0.0
DTXSID4020581,1840,0.0,0.0
DTXSID4020583,1840,0.0,0.0
DTXSID4020587,1840,0.0,0.0
DTXSID4020589,1840,0.0,0.0
DTXSID4020612,1840,0.0,0.0
DTXSID4020614,1840,0.0,0.0
DTXSID4020616,1840,0.0,0.0
DTXSID4020618,1840,0.0,0.0
DTXSID4020664,1840,0.0,0.0
DTXSID4020666,1840,0.0,0.0
DTXSID4020668,1840,0.0,0.0
DTXSID4020743,1840,1.3141951223274064e-18,0.0
DTXSID4020745,1840,0.0,0.0
DTXSID4020749,1840,0.0,0.0
DTXSID4020791,1840,0.0,0.0
DTXSID4020820,1840,0.0,0.0
DTXSID4020822,1840,0.0,0.0
DTXSID4020826,1840,0.0,0.0
DTXSID4020828,1840,0.0,0.0
DTXSID4020870,1840,0.9999999911654331,1.0
DTXSID4020876,1840,0.9987847717977746,1.0
DTXSID4020878,1840,0.0,0.0
DTXSID4020901,1840,0.0,0.0
DTXSID4020957,1840,0.0,0.0
DTXSID4020959,1840,0.0,0.0
DTXSID4021002,1840,0.0,0.0
DTXSID4021006,1840,0.0,0.0
DTXSID4021056,1840,0.0,0.0
DTXSID4021131,1840,4.223843619272475e-07,0.0
DTXSID4021135,1840,4.679117223047931e-09,0.0
DTXSID4021137,1840,0.0,0.0
DTXSID4021139,1840,0.0,0.0
DTXSID4021181,1840,0.0,0.0
DTXSID4021185,1840,0.0,0.0
DTXSID4021189,1840,0.0,0.0
DTXSID4021212,1840,0.0,0.0
DTXSID4021214,1840,6.21684320085147e-05,0.0
DTXSID4021216,1840,0.0,0.0
DTXSID4021218,1840,,
DTXSID4021264,1840,0.0,0.0
DTXSID4021268,1840,0.0,0.0
DTXSID4021341,1840,0.9999996294300441,1.0
DTXSID4021343,1840,0.0,0.0
DTXSID4021347,1840,0.0,0.0
DTXSID4021391,1840,0.0,0.0
DTXSID4021393,1840,0.0,0.0
DTXSID4021395,1840,0.0,0.0
DTXSID4021397,1840,0.0,0.0
DTXSID4021424,1840,0.0,0.0
DTXSID4021426,1840,0.9999999999976252,1.0
DTXSID4021472,1840,0.0,0.0
DTXSID4021478,1840,0.9997708442104597,1.0
DTXSID4021503,1840,0.0,0.0
DTXSID4021553,1840,0.0,0.0
DTXSID4021557,1840,0.0,0.0
DTXSID4021559,1840,7.504521712100112e-10,0.0
DTXSID4021632,1840,0.0,0.0
DTXSID4021634,1840,0.0,0.0
DTXSID4021636,1840,0.0,0.0
DTXSID4021638,1840,0.0,0.0
DTXSID4021680,1840,0.0,0.0
DTXSID4021684,1840,0.0,0.0
DTXSID4021688,1840,0.0,0.0
DTXSID4021715,1840,0.9999999999997703,1.0
DTXSID4021717,1840,0.0,0.0
DTXSID4021761,1840,0.0,0.0
DTXSID4021767,1840,0.0,0.0
DTXSID4021769,1840,0.0,0.0
DTXSID4021842,1840,0.0,0.0
DTXSID4021848,1840,0.0,0.0
DTXSID4021890,1840,0.0,0.0
DTXSID4021892,1840,0.0,0.0
DTXSID4021894,1840,0.0,0.0
DTXSID4021921,1840,0.0,0.0
DTXSID4021923,1840,0.0,0.0
DTXSID4021925,1840,0.0,0.0
DTXSID4021929,1840,0.0,0.0
DTXSID4021971,1840,0.0,0.0
DTXSID4021973,1840,0.0,0.0
DTXSID4021975,1840,7.343745856440733e-11,0.0
DTXSID4021977,1840,0.0,0.0
DTXSID4021979,1840,0.0,0.0
DTXSID4022020,1840,0.0,0.0
DTXSID4022070,1840,0.0,0.0
DTXSID4022107,1840,0.0,0.0
DTXSID4022109,1840,0.0,0.0
DTXSID4022153,1840,0.9985538366397689,1.0
DTXSID4022159,1840,0.0,0.0
DTXSID4022284,1840,0.0,0.0
DTXSID4022288,1840,0.0,0.0
DTXSID4022311,1840,0.0,0.0
DTXSID4022313,1840,4.305620895852391e-18,0.0
DTXSID4022315,1840,0.0,0.0
DTXSID4022361,1840,0.0,0.0
DTXSID4022367,1840,0.0,0.0
DTXSID4022369,1840,7.010441529070595e-15,0.0
DTXSID4022442,1840,0.0,0.0
DTXSID4022446,1840,0.0,0.0
DTXSID4022448,1840,0.0,0.0
DTXSID4022521,1840,0.0,0.0
DTXSID4022523,1840,4.1946427252654074e-05,0.0
DTXSID4022525,1840,0.024963576871230443,0.0
DTXSID4022527,1840,0.0,0.0
DTXSID4022529,1840,0.0,0.0
DTXSID4022573,1840,8.478827766627873e-20,0.0
DTXSID4022579,1840,0.0,0.0
DTXSID4022602,1840,0.0,0.0
DTXSID4022652,1840,0.0,0.0
DTXSID4022658,1840,0.0,0.0
DTXSID4022731,1840,0.0,0.0
DTXSID4022783,1840,0.0,0.0
DTXSID4022785,1840,0.0,0.0
DTXSID4022810,1840,3.2239187340776044e-10,0.0
DTXSID4022812,1840,0.0,0.0
DTXSID4022816,1840,0.9997351665961546,1.0
DTXSID4022866,1840,0.0,0.0
DTXSID4022868,1840,0.0,0.0
DTXSID4022947,1840,0.0,0.0
DTXSID4022949,1840,0.0,0.0
DTXSID4022991,1840,0.0,0.0
DTXSID4022999,1840,0.9999324229024975,1.0
DTXSID4023042,1840,0.0,0.0
DTXSID4023094,1840,0.0,0.0
DTXSID4023096,1840,7.93664424918697e-15,0.0
DTXSID4023125,1840,0.0,0.0
DTXSID4023175,1840,0.0,0.0
DTXSID4023177,1840,0.0,0.0
DTXSID4023179,1840,0.0,0.0
DTXSID4023200,1840,0.0,0.0
DTXSID4023202,1840,0.0,0.0
DTXSID4023252,1840,0.0,0.0
DTXSID4023254,1840,0.0,0.0
DTXSID4023333,1840,0.0,0.0
DTXSID4023385,1840,0.0,0.0
DTXSID4023387,1840,0.0,0.0
DTXSID4023412,1840,4.8030774039685854e-14,0.0
DTXSID4023414,1840,0.0,0.0
DTXSID4023416,1840,0.0,0.0
DTXSID4023460,1840,0.0,0.0
DTXSID4023462,1840,0.0,0.0
DTXSID4023541,1840,0.0,0.0
DTXSID4023549,1840,0.0,0.0
DTXSID4023591,1840,0.0,0.0
DTXSID4023595,1840,0.0,0.0
DTXSID4023620,1840,0.0,0.0
DTXSID4023622,1840,0.0,0.0
DTXSID4023624,1840,0.0,0.0
DTXSID4023626,1840,0.0,0.0
DTXSID4023628,1840,0.0,0.0
DTXSID4023672,1840,0.0,0.0
DTXSID4023674,1840,0.0,0.0
DTXSID4023676,1840,0.0,0.0
DTXSID4023678,1840,0.0,0.0
DTXSID4023753,1840,0.0,0.0
DTXSID4023917,1840,0.0,0.0
DTXSID4024012,1840,0.0,0.0
DTXSID4024014,1840,0.0,0.0
DTXSID4024018,1840,0.0,0.0
DTXSID4024062,1840,0.0,0.0
DTXSID4024064,1840,0.0,0.0
DTXSID4024066,1840,0.0,0.0
DTXSID4024143,1840,0.0,0.0
DTXSID4024145,1840,0.0,0.0
DTXSID4024193,1840,0.0,0.0
DTXSID4024195,1840,0.0,0.0
DTXSID4024222,1840,0.0,0.0
DTXSID4024270,1840,0.0,0.0
DTXSID4024272,1840,0.0,0.0
DTXSID4024274,1840,,
DTXSID4024276,1840,0.7079881325717566,0.0
DTXSID4024303,1840,0.0,0.0
DTXSID4024359,1840,0.9409312640647643,1.0
DTXSID4024436,1840,0.9916102925346998,1.0
DTXSID4024484,1840,0.0,0.0
DTXSID4024488,1840,0.0,0.0
DTXSID4024515,1840,0.0,0.0
DTXSID4024640,1840,0.0,0.0
DTXSID4024642,1840,0.0,0.0
DTXSID4024644,1840,0.0,0.0
DTXSID4024646,1840,0.0,0.0
DTXSID4024690,1840,0.0,0.0
DTXSID4024692,1840,0.0,0.0
DTXSID4024696,1840,0.0,0.0
DTXSID4024721,1840,0.0,0.0
DTXSID4024729,1840,0.0,0.0
DTXSID4024771,1840,0.0,0.0
DTXSID4024773,1840,0.0,0.0
DTXSID4024775,1840,0.0,0.0
DTXSID4024800,1840,0.0,0.0
DTXSID4024858,1840,0.0,0.0
DTXSID4024931,1840,0.0,0.0
DTXSID4024937,1840,7.7562718142742305e-19,0.0
DTXSID4024981,1840,0.0,0.0
DTXSID4024983,1840,0.0,0.0
DTXSID4024985,1840,0.0,0.0
DTXSID4025080,1840,0.0,0.0
DTXSID4025082,1840,0.0,0.0
DTXSID4025086,1840,0.0,0.0
DTXSID4025111,1840,0.0,0.0
DTXSID4025113,1840,0.0,0.0
DTXSID4025117,1840,4.766568259471296e-19,0.0
DTXSID4025165,1840,0.0,0.0
DTXSID4025167,1840,0.0,0.0
DTXSID4025240,1840,0.0,0.0
DTXSID4025242,1840,0.0,0.0
DTXSID4025292,1840,0.0,0.0
DTXSID4025296,1840,0.0,0.0
DTXSID4025298,1840,0.0,0.0
DTXSID4025329,1840,0.0,0.0
DTXSID4025371,1840,0.0,0.0
DTXSID4025402,1840,0.0,0.0
DTXSID4025404,1840,0.0,0.0
DTXSID4025406,1840,0.0,0.0
DTXSID4025454,1840,0.0,0.0
DTXSID4025581,1840,9.690577730470135e-06,0.0
DTXSID4025587,1840,0.0,0.0
DTXSID4025610,1840,0.0,0.0
DTXSID4025612,1840,0.0,0.0
DTXSID4025662,1840,0.0,0.0
DTXSID4025668,1840,0.0,0.0
DTXSID4025741,1840,0.0,0.0
DTXSID4025743,1840,0.0,0.0
DTXSID4025745,1840,0.0,0.0
DTXSID4025749,1840,0.0,0.0
DTXSID4025791,1840,0.0,0.0
DTXSID4025793,1840,0.0,0.0
DTXSID4025824,1840,9.39292973452956e-20,0.0
DTXSID4025903,1840,0.0,0.0
DTXSID4026000,1840,0.0,0.0
DTXSID4026050,1840,0.0,0.0
DTXSID4026054,1840,0.0,0.0
DTXSID4026137,1840,3.965183976046673e-07,0.0
DTXSID4026139,1840,0.0,0.0
DTXSID4026181,1840,0.01437956205327135,0.0
DTXSID4026183,1840,0.0,0.0
DTXSID4026212,1840,3.4785943552231325e-19,0.0
DTXSID4026214,1840,0.9203186800173722,1.0
DTXSID4026216,1840,1.0430111402528497e-13,0.0
DTXSID4026262,1840,0.0,0.0
DTXSID4026266,1840,1.779443702112496e-18,0.0
DTXSID4026422,1840,0.0,0.0
DTXSID4026472,1840,0.0,0.0
DTXSID4026501,1840,0.0,0.0
DTXSID4026505,1840,0.0,0.0
DTXSID4026557,1840,0.0,0.0
DTXSID4026684,1840,0.0,0.0
DTXSID4026711,1840,0.0,0.0
DTXSID4026713,1840,0.0,0.0
DTXSID4026715,1840,0.0,0.0
DTXSID4026765,1840,0.0,0.0
DTXSID4026769,1840,0.0,0.0
DTXSID4026842,1840,0.0,0.0
DTXSID4026894,1840,0.0,0.0
DTXSID4026921,1840,0.0,0.0
DTXSID4026927,1840,0.0,0.0
DTXSID4026975,1840,0.0,0.0
DTXSID4026979,1840,0.0,0.0
DTXSID4027026,1840,0.0,0.0
DTXSID4027072,1840,0.0,0.0
DTXSID4027076,1840,0.0,0.0
DTXSID4027103,1840,0.0,0.0
DTXSID4027109,1840,0.0,0.0
DTXSID4027153,1840,0.0,0.0
DTXSID4027159,1840,0.0,0.0
DTXSID4027234,1840,0.0,0.0
DTXSID4027236,1840,0.0,0.0
DTXSID4027280,1840,0.0,0.0
DTXSID4027282,1840,0.0,0.0
DTXSID4027284,1840,0.0,0.0
DTXSID4027288,1840,0.0,0.0
DTXSID4027319,1840,0.0,0.0
DTXSID4027361,1840,0.0,0.0
DTXSID4027367,1840,0.0,0.0
DTXSID4027490,1840,0.0,0.0
DTXSID4027494,1840,0.0,0.0
DTXSID4027496,1840,0.0,0.0
DTXSID4027498,1840,0.0,0.0
DTXSID4027521,1840,0.0,0.0
DTXSID4027525,1840,0.0,0.0
DTXSID4027527,1840,1.5767660891832052e-12,0.0
DTXSID4027529,1840,0.0,0.0
DTXSID4027577,1840,0.0,0.0
DTXSID4027579,1840,0.0,0.0
DTXSID4027600,1840,5.249987442889834e-19,0.0
DTXSID4027604,1840,0.0,0.0
DTXSID4027608,1840,0.0,0.0
DTXSID4027650,1840,0.0,0.0
DTXSID4027652,1840,0.0,0.0
DTXSID4027656,1840,0.0,0.0
DTXSID4027658,1840,0.0,0.0
DTXSID4027781,1840,0.0,0.0
DTXSID4027789,1840,0.0,0.0
DTXSID4027866,1840,0.0,0.0
DTXSID4027868,1840,0.0,0.0
DTXSID4027991,1840,4.134589506031727e-18,0.0
DTXSID4027997,1840,0.0,0.0
DTXSID4028040,1840,1.0450995870829762e-15,0.0
DTXSID4028460,1840,0.9999516441695022,1.0
DTXSID4028880,1840,0.0,0.0
DTXSID4028967,1840,0.0,0.0
DTXSID4029062,1840,0.0,0.0
DTXSID4029143,1840,0.0,0.0
DTXSID4029145,1840,0.0,0.0
DTXSID4029149,1840,0.0,0.0
DTXSID4029195,1840,0.0,0.0
DTXSID4029220,1840,0.0,0.0
DTXSID4029224,1840,2.0502151128531137e-17,0.0
DTXSID4029353,1840,1.4922392741420433e-10,0.0
DTXSID4029359,1840,0.0,0.0
DTXSID4029565,1840,0.0,0.0
DTXSID4029690,1840,0.0,0.0
DTXSID4029692,1840,0.0,0.0
DTXSID4029698,1840,0.0,0.0
DTXSID4029806,1840,3.1708575344416526e-06,0.0
DTXSID4030047,1840,0.0,0.0
DTXSID4030336,1840,0.0,0.0
DTXSID4030384,1840,0.0,0.0
DTXSID4031356,1840,0.0,0.0
DTXSID4031980,1840,0.0,0.0
DTXSID4032372,1840,7.697537651374218e-11,0.0
DTXSID4032374,1840,0.0,0.0
DTXSID4032376,1840,0.0,0.0
DTXSID4032378,1840,0.0,0.0
DTXSID4032405,1840,0.0,0.0
DTXSID4032459,1840,0.0,0.0
DTXSID4032532,1840,0.0,0.0
DTXSID4032536,1840,7.078305197234324e-20,0.0
DTXSID4032580,1840,5.912163677496412e-12,0.0
DTXSID4032611,1840,0.0,0.0
DTXSID4032613,1840,0.0,0.0
DTXSID4032615,1840,0.0,0.0
DTXSID4032619,1840,0.0,0.0
DTXSID4032667,1840,0.0,0.0
DTXSID4032954,1840,0.0,0.0
DTXSID4033390,1840,0.0,0.0
DTXSID4034102,1840,0.0,0.0
DTXSID4034150,1840,1.3247948440349284e-15,0.0
DTXSID4034287,1840,0.0,0.0
DTXSID4034497,1840,1.8558729792674954e-12,0.0
DTXSID4034528,1840,0.0,0.0
DTXSID4034576,1840,,
DTXSID4034601,1840,0.0,0.0
DTXSID4034609,1840,0.0,0.0
DTXSID4034653,1840,0.01276057743366427,0.0
DTXSID4034788,1840,0.0,0.0
DTXSID4034869,1840,0.0,0.0
DTXSID4034948,1840,0.0,0.0
DTXSID4035209,1840,0.0,0.0
DTXSID4035592,1840,0.0,0.0
DTXSID4035708,1840,0.9999996673849189,1.0
DTXSID4035839,1840,0.0,0.0
DTXSID4036229,1840,0.0,0.0
DTXSID4036435,1840,0.0,0.0
DTXSID4036489,1840,0.0,0.0
DTXSID4036514,1840,0.0,0.0
DTXSID4037580,1840,0.0,0.0
DTXSID4037582,1840,0.0,0.0
DTXSID4037584,1840,0.0,0.0
DTXSID4037617,1840,0.0,0.0
DTXSID4037748,1840,0.0,0.0
DTXSID4038346,1840,0.0,0.0
DTXSID4038762,1840,0.0,0.0
DTXSID4038847,1840,0.0,0.0
DTXSID4038899,1840,0.0,0.0
DTXSID4038922,1840,0.0,0.0
DTXSID4038924,1840,0.0,0.0
DTXSID4038926,1840,0.0,0.0
DTXSID4039231,1840,1.776675242449188e-19,0.0
DTXSID4039233,1840,0.0,0.0
DTXSID4039235,1840,0.0,0.0
DTXSID4039657,1840,0.0,0.0
DTXSID4040002,1840,0.0,0.0
DTXSID4040264,1840,1.6531901656887884e-12,0.0
DTXSID4040268,1840,0.9998350824943735,1.0
DTXSID4040343,1840,0.0,0.0
DTXSID4040476,1840,0.0,0.0
DTXSID4040682,1840,2.852330929545725e-13,0.0
DTXSID4040686,1840,0.0,0.0
DTXSID4040711,1840,0.0,0.0
DTXSID4040713,1840,0.0,0.0
DTXSID4040715,1840,0.0,0.0
DTXSID4040719,1840,0.0,0.0
DTXSID4040765,1840,0.0,0.0
DTXSID4040767,1840,0.08550177425524827,0.0
DTXSID4040979,1840,0.0,0.0
DTXSID4041070,1840,0.0,0.0
DTXSID4041230,1840,0.0,0.0
DTXSID4041232,1840,0.0,0.0
DTXSID4041234,1840,0.0,0.0
DTXSID4041238,1840,0.0,0.0
DTXSID4041280,1840,0.0,0.0
DTXSID4041317,1840,0.0,0.0
DTXSID4041361,1840,0.0,0.0
DTXSID4041363,1840,0.0,0.0
DTXSID4041367,1840,0.999999999999096,1.0
DTXSID4041440,1840,0.0,0.0
DTXSID4041442,1840,0.0,0.0
DTXSID4041444,1840,0.0,0.0
DTXSID4041446,1840,0.0,0.0
DTXSID4041490,1840,0.0,0.0
DTXSID4041492,1840,0.0,0.0
DTXSID4041494,1840,0.0,0.0
DTXSID4041521,1840,0.0,0.0
DTXSID4041527,1840,0.0,0.0
DTXSID4041529,1840,0.0,0.0
DTXSID4041573,1840,0.0,0.0
DTXSID4041575,1840,0.0,0.0
DTXSID4041600,1840,0.0,0.0
DTXSID4041604,1840,0.0,0.0
DTXSID4041654,1840,0.0,0.0
DTXSID4041656,1840,0.0,0.0
DTXSID4041783,1840,0.0,0.0
DTXSID4041812,1840,0.0,0.0
DTXSID4041818,1840,0.0,0.0
DTXSID4041995,1840,2.4482082744126336e-10,0.0
DTXSID4041997,1840,7.766041377891062e-20,0.0
DTXSID4042090,1840,0.9999926322767266,1.0
DTXSID4042094,1840,1.300835651915826e-10,0.0
DTXSID4042096,1840,0.0,0.0
DTXSID4042121,1840,0.0,0.0
DTXSID4042123,1840,1.0,1.0
DTXSID4042129,1840,0.9999999999999993,1.0
DTXSID4042171,1840,0.0,0.0
DTXSID4042206,1840,2.372138786635818e-15,0.0
DTXSID4042208,1840,0.0,0.0
DTXSID4042252,1840,7.628071406509129e-10,0.0
DTXSID4042254,1840,0.0,0.0
DTXSID4042256,1840,0.0,0.0
DTXSID4042335,1840,0.0,0.0
DTXSID4042337,1840,0.0,0.0
DTXSID4042416,1840,0.0,0.0
DTXSID4042418,1840,6.055068611899077e-15,0.0
DTXSID4042462,1840,0.9999999997249658,1.0
DTXSID4042468,1840,0.0,0.0
DTXSID4042622,1840,0.0,0.0
DTXSID4043777,1840,,
DTXSID4043850,1840,0.0,0.0
DTXSID4043937,1840,0.0,0.0
DTXSID4044161,1840,0.0,0.0
DTXSID4044371,1840,0.0,0.0
DTXSID4044373,1840,0.0,0.0
DTXSID4044375,1840,0.0,0.0
DTXSID4044379,1840,,
DTXSID4044400,1840,0.0,0.0
DTXSID4044402,1840,0.0,0.0
DTXSID4044404,1840,0.0,0.0
DTXSID4044408,1840,0.0,0.0
DTXSID4044450,1840,0.0,0.0
DTXSID4044452,1840,0.0,0.0
DTXSID4044454,1840,0.0,0.0
DTXSID4044456,1840,0.0,0.0
DTXSID4044458,1840,0.0,0.0
DTXSID4044533,1840,0.9932212068964803,1.0
DTXSID4044535,1840,0.0,0.0
DTXSID4044537,1840,0.0,0.0
DTXSID4044581,1840,0.005976043037876572,0.0
DTXSID4044585,1840,0.0,0.0
DTXSID4044587,1840,0.0,0.0
DTXSID4044589,1840,0.0,0.0
DTXSID4044616,1840,0.0,0.0
DTXSID4044618,1840,0.0,0.0
DTXSID4044660,1840,0.0,0.0
DTXSID4044662,1840,0.0,0.0
DTXSID4044664,1840,0.0,0.0
DTXSID4044668,1840,0.0,0.0
DTXSID4044743,1840,0.0,0.0
DTXSID4044745,1840,0.0,0.0
DTXSID4044747,1840,0.0,0.0
DTXSID4044791,1840,0.0,0.0
DTXSID4044793,1840,0.0,0.0
DTXSID4044799,1840,0.0,0.0
DTXSID4044820,1840,0.0,0.0
DTXSID4044822,1840,0.0,0.0
DTXSID4044824,1840,0.0,0.0
DTXSID4044826,1840,0.0,0.0
DTXSID4044828,1840,0.0,0.0
DTXSID4044870,1840,0.0,0.0
DTXSID4044872,1840,0.0,0.0
DTXSID4044874,1840,0.0,0.0
DTXSID4044876,1840,0.0,0.0
DTXSID4044878,1840,0.0,0.0
DTXSID4044901,1840,0.0,0.0
DTXSID4044903,1840,0.0,0.0
DTXSID4044905,1840,0.0,0.0
DTXSID4044909,1840,0.0,0.0
DTXSID4044951,1840,0.0,0.0
DTXSID4044953,1840,0.0,0.0
DTXSID4044955,1840,0.0,0.0
DTXSID4045002,1840,0.0,0.0
DTXSID4045131,1840,0.0,0.0
DTXSID4045133,1840,0.0,0.0
DTXSID4045139,1840,0.0,0.0
DTXSID4045181,1840,2.1106314136642495e-13,0.0
DTXSID4045183,1840,0.0,0.0
DTXSID4045187,1840,0.0,0.0
DTXSID4045189,1840,0.0,0.0
DTXSID4045210,1840,0.0,0.0
DTXSID4045262,1840,0.0,0.0
DTXSID4045341,1840,0.0,0.0
DTXSID4045343,1840,7.802959187907751e-05,0.0
DTXSID4045345,1840,0.0,0.0
DTXSID4045347,1840,2.3169676736200674e-14,0.0
DTXSID4045391,1840,0.0,0.0
DTXSID4045393,1840,0.0,0.0
DTXSID4045420,1840,0.0,0.0
DTXSID4045422,1840,0.0,0.0
DTXSID4045424,1840,0.0,0.0
DTXSID4045472,1840,1.6200866675748337e-17,0.0
DTXSID4045474,1840,0.0,0.0
DTXSID4045478,1840,0.0,0.0
DTXSID4045551,1840,0.0,0.0
DTXSID4045555,1840,0.0,0.0
DTXSID4045632,1840,0.0,0.0
DTXSID4045636,1840,0.0,0.0
DTXSID4045638,1840,0.9999996524703019,1.0
DTXSID4045680,1840,0.0,0.0
DTXSID4045682,1840,0.0,0.0
DTXSID4045686,1840,0.0,0.0
DTXSID4045688,1840,0.0,0.0
DTXSID4045763,1840,0.0,0.0
DTXSID4045765,1840,0.0,0.0
DTXSID4045767,1840,0.0,0.0
DTXSID4045769,1840,0.0,0.0
DTXSID4045848,1840,,
DTXSID4045892,1840,0.0,0.0
DTXSID4045896,1840,0.0,0.0
DTXSID4045898,1840,0.0,0.0
DTXSID4045921,1840,0.0,0.0
DTXSID4045927,1840,1.1844597386946989e-17,0.0
DTXSID4045973,1840,4.19050815882304e-12,0.0
DTXSID4045975,1840,0.0,0.0
DTXSID4046020,1840,0.0,0.0
DTXSID4046024,1840,0.0,0.0
DTXSID4046076,1840,0.0,0.0
DTXSID4046101,1840,4.65953372737624e-06,0.0
DTXSID4046107,1840,0.0,0.0
DTXSID4046109,1840,0.0,0.0
DTXSID4046151,1840,0.0,0.0
DTXSID4046153,1840,0.0,0.0
DTXSID4046157,1840,0.0,0.0
DTXSID4046159,1840,0.0,0.0
DTXSID4046282,1840,0.0,0.0
DTXSID4046284,1840,0.0,0.0
DTXSID4046286,1840,0.0,0.0
DTXSID4046288,1840,0.0,0.0
DTXSID4046313,1840,0.0,0.0
DTXSID4046315,1840,0.0,0.0
DTXSID4046440,1840,0.0,0.0
DTXSID4046442,1840,0.0,0.0
DTXSID4046448,1840,0.0,0.0
DTXSID4046490,1840,0.0,0.0
DTXSID4046492,1840,0.9999964276839332,1.0
DTXSID4046523,1840,0.0,0.0
DTXSID4046525,1840,0.0,0.0
DTXSID4046529,1840,0.9433396747552923,1.0
DTXSID4046579,1840,0.0,0.0
DTXSID4046600,1840,0.0,0.0
DTXSID4046602,1840,0.0,0.0
DTXSID4046604,1840,0.0,0.0
DTXSID4046606,1840,0.9852975521999446,1.0
DTXSID4046652,1840,0.0,0.0
DTXSID4046739,1840,0.0,0.0
DTXSID4046810,1840,0.0,0.0
DTXSID4046864,1840,0.0,0.0
DTXSID4046949,1840,2.1039072629145713e-14,0.0
DTXSID4046999,1840,0.0,0.0
DTXSID4047040,1840,0.0,0.0
DTXSID4047042,1840,0.0,0.0
DTXSID4047044,1840,0.0,0.0
DTXSID4047046,1840,0.0,0.0
DTXSID4047090,1840,0.0,0.0
DTXSID4047092,1840,0.0,0.0
DTXSID4047094,1840,0.0,0.0
DTXSID4047096,1840,0.0,0.0
DTXSID4047098,1840,0.0,0.0
DTXSID4047121,1840,0.0,0.0
DTXSID4047123,1840,8.686855247858439e-18,0.0
DTXSID4047125,1840,0.0,0.0
DTXSID4047127,1840,0.0,0.0
DTXSID4047129,1840,0.0,0.0
DTXSID4047173,1840,0.0,0.0
DTXSID4047177,1840,0.0,0.0
DTXSID4047179,1840,0.0,0.0
DTXSID4047200,1840,0.0,0.0
DTXSID4047202,1840,0.0,0.0
DTXSID4047206,1840,0.0,0.0
DTXSID4047252,1840,0.0,0.0
DTXSID4047254,1840,0.0,0.0
DTXSID4047258,1840,0.0,0.0
DTXSID4047331,1840,0.0,0.0
DTXSID4047333,1840,0.0,0.0
DTXSID4047335,1840,0.0,0.0
DTXSID4047337,1840,0.0,0.0
DTXSID4047339,1840,0.0,0.0
DTXSID4047381,1840,0.9999991198817505,1.0
DTXSID4047383,1840,0.0,0.0
DTXSID4047385,1840,0.0,0.0
DTXSID4047387,1840,0.0,0.0
DTXSID4047389,1840,0.0,0.0
DTXSID4047410,1840,0.0,0.0
DTXSID4047412,1840,0.0,0.0
DTXSID4047414,1840,0.0,0.0
DTXSID4047416,1840,0.0,0.0
DTXSID4047418,1840,0.0,0.0
DTXSID4047462,1840,0.0,0.0
DTXSID4047464,1840,0.0,0.0
DTXSID4047466,1840,0.0,0.0
DTXSID4047468,1840,0.0,0.0
DTXSID4047543,1840,0.0,0.0
DTXSID4047545,1840,0.0,0.0
DTXSID4047547,1840,0.0,0.0
DTXSID4047549,1840,0.0,0.0
DTXSID4047591,1840,0.0,0.0
DTXSID4047593,1840,0.0,0.0
DTXSID4047597,1840,0.0,0.0
DTXSID4047599,1840,0.0,0.0
DTXSID4047620,1840,0.0,0.0
DTXSID4047622,1840,0.0,0.0
DTXSID4047624,1840,0.0,0.0
DTXSID4047628,1840,0.0,0.0
DTXSID4047670,1840,0.0,0.0
DTXSID4047672,1840,0.0,0.0
DTXSID4047674,1840,0.0,0.0
DTXSID4047678,1840,0.0,0.0
DTXSID4047703,1840,0.0,0.0
DTXSID4047705,1840,5.084418032219808e-11,0.0
DTXSID4047707,1840,0.0,0.0
DTXSID4047709,1840,0.0,0.0
DTXSID4047838,1840,0.0,0.0
DTXSID4047880,1840,0.0,0.0
DTXSID4047882,1840,1.1847240930328076e-14,0.0
DTXSID4047884,1840,2.2387474205881223e-18,0.0
DTXSID4047886,1840,0.0,0.0
DTXSID4047888,1840,0.0,0.0
DTXSID4047911,1840,0.0,0.0
DTXSID4047913,1840,0.0,0.0
DTXSID4047915,1840,0.0,0.0
DTXSID4047917,1840,0.9999989230100605,1.0
DTXSID4047919,1840,0.9976794663954872,1.0
DTXSID4047961,1840,0.0,0.0
DTXSID4047963,1840,0.0,0.0
DTXSID4047965,1840,0.0,0.0
DTXSID4047967,1840,0.0,0.0
DTXSID4047969,1840,0.0,0.0
DTXSID4048191,1840,0.0,0.0
DTXSID4048193,1840,0.0,0.0
DTXSID4048195,1840,6.403861415169867e-12,0.0
DTXSID4048199,1840,0.0,0.0
DTXSID4048511,1840,0.9983197527422991,1.0
DTXSID4048513,1840,0.0,0.0
DTXSID4048519,1840,0.0,0.0
DTXSID4048644,1840,0.0,0.0
DTXSID4048690,1840,0.0,0.0
DTXSID4048692,1840,0.0,0.0
DTXSID4048694,1840,0.0,0.0
DTXSID4048696,1840,0.0,0.0
DTXSID4048698,1840,0.3093116559344809,0.0
DTXSID4048721,1840,0.0,0.0
DTXSID4048725,1840,5.355658989182905e-13,0.0
DTXSID4048727,1840,0.0,0.0
DTXSID4048773,1840,0.0,0.0
DTXSID4048777,1840,0.0,0.0
DTXSID4048800,1840,0.0,0.0
DTXSID4048802,1840,0.0,0.0
DTXSID4048804,1840,0.0,0.0
DTXSID4048806,1840,0.0,0.0
DTXSID4048808,1840,0.0,0.0
DTXSID4048850,1840,0.0,0.0
DTXSID4048852,1840,0.0,0.0
DTXSID4048854,1840,0.0,0.0
DTXSID4048856,1840,0.0,0.0
DTXSID4048858,1840,0.0,0.0
DTXSID4048933,1840,0.0,0.0
DTXSID4048935,1840,0.0,0.0
DTXSID4048937,1840,0.0,0.0
DTXSID4048983,1840,0.05587098565494774,0.0
DTXSID4049032,1840,0.0,0.0
DTXSID4049034,1840,0.0,0.0
DTXSID4049036,1840,0.0,0.0
DTXSID4049038,1840,0.0,0.0
DTXSID4049080,1840,0.0,0.0
DTXSID4049082,1840,2.705877273796563e-17,0.0
DTXSID4049240,1840,0.0,0.0
DTXSID4049242,1840,0.0,0.0
DTXSID4049244,1840,0.0,0.0
DTXSID4049246,1840,0.0,0.0
DTXSID4049248,1840,0.820385533413028,0.0
DTXSID4049290,1840,0.0,0.0
DTXSID4049292,1840,0.0,0.0
DTXSID4049294,1840,0.0,0.0
DTXSID4049296,1840,0.0,0.0
DTXSID4049298,1840,0.9999999984049236,1.0
DTXSID4049321,1840,0.0,0.0
DTXSID4049323,1840,0.0,0.0
DTXSID4049325,1840,0.0,0.0
DTXSID4049327,1840,0.0,0.0
DTXSID4049329,1840,0.0,0.0
DTXSID4049371,1840,0.0,0.0
DTXSID4049373,1840,0.0,0.0
DTXSID4049375,1840,0.0,0.0
DTXSID4049377,1840,0.0,0.0
DTXSID4049379,1840,0.0,0.0
DTXSID4049400,1840,0.0,0.0
DTXSID4049402,1840,0.0,0.0
DTXSID4049404,1840,0.0,0.0
DTXSID4049406,1840,0.0,0.0
DTXSID4049408,1840,0.0,0.0
DTXSID4049450,1840,0.0,0.0
DTXSID4049452,1840,0.0,0.0
DTXSID4049454,1840,0.0,0.0
DTXSID4049456,1840,0.0,0.0
DTXSID4049458,1840,0.0,0.0
DTXSID4049531,1840,0.0,0.0
DTXSID4049533,1840,0.0,0.0
DTXSID4049535,1840,0.0,0.0
DTXSID4049537,1840,0.0,0.0
DTXSID4049539,1840,0.0,0.0
DTXSID4051536,1840,0.0,0.0
DTXSID4051580,1840,0.0,0.0
DTXSID4051586,1840,0.0,0.0
DTXSID4051619,1840,0.0,0.0
DTXSID4051900,1840,0.0,0.0
DTXSID4052132,1840,0.0,0.0
DTXSID4052186,1840,0.0,0.0
DTXSID4052213,1840,0.0,0.0
DTXSID4052267,1840,0.0,0.0
DTXSID4052269,1840,0.0,0.0
DTXSID4052342,1840,0.0,0.0
DTXSID4052502,1840,3.1023881403708877e-16,0.0
DTXSID4052506,1840,0.0,0.0
DTXSID4052550,1840,0.0,0.0
DTXSID4052554,1840,0.0,0.0
DTXSID4057631,1840,0.0,0.0
DTXSID4057633,1840,3.042450367092983e-16,0.0
DTXSID4057635,1840,0.0,0.0
DTXSID4057637,1840,0.0,0.0
DTXSID4057639,1840,0.0,0.0
DTXSID4057681,1840,0.0,0.0
DTXSID4057683,1840,0.0,0.0
DTXSID4057685,1840,0.0,0.0
DTXSID4057687,1840,0.0,0.0
DTXSID4057689,1840,0.0,0.0
DTXSID4057710,1840,0.0,0.0
DTXSID4057712,1840,0.0,0.0
DTXSID4057714,1840,0.0,0.0
DTXSID4057716,1840,0.0,0.0
DTXSID4057718,1840,0.0,0.0
DTXSID4057760,1840,1.0665095355349812e-12,0.0
DTXSID4057762,1840,0.0,0.0
DTXSID4057764,1840,0.0,0.0
DTXSID4057766,1840,0.0,0.0
DTXSID4057768,1840,1.0630459157441698e-10,0.0
DTXSID4057841,1840,0.0,0.0
DTXSID4057843,1840,0.0,0.0
DTXSID4057845,1840,0.0,0.0
DTXSID4057847,1840,0.0,0.0
DTXSID4057849,1840,3.749752590959866e-16,0.0
DTXSID4058655,1840,2.7171399535328344e-07,0.0
DTXSID5020021,1840,0.0,0.0
DTXSID5020023,1840,0.0,0.0
DTXSID5020027,1840,0.0,0.0
DTXSID5020029,1840,0.0,0.0
DTXSID5020071,1840,0.0,0.0
DTXSID5020079,1840,0.0,0.0
DTXSID5020106,1840,0.0,0.0
DTXSID5020108,1840,0.0,0.0
DTXSID5020152,1840,0.0,0.0
DTXSID5020154,1840,0.9935161252340025,1.0
DTXSID5020156,1840,0.0,0.0
DTXSID5020231,1840,0.0,0.0
DTXSID5020233,1840,1.612014912923314e-17,0.0
DTXSID5020235,1840,0.0,0.0
DTXSID5020239,1840,0.7949577640071778,0.0
DTXSID5020281,1840,0.0,0.0
DTXSID5020283,1840,0.0,0.0
DTXSID5020287,1840,0.0,0.0
DTXSID5020310,1840,0.0,0.0
DTXSID5020312,1840,0.0,0.0
DTXSID5020314,1840,0.0,0.0
DTXSID5020360,1840,0.0,0.0
DTXSID5020366,1840,0.0,0.0
DTXSID5020368,1840,,
DTXSID5020441,1840,0.0,0.0
DTXSID5020443,1840,0.0,0.0
DTXSID5020445,1840,0.0,0.0
DTXSID5020447,1840,0.0,0.0
DTXSID5020449,1840,0.0,0.0
DTXSID5020491,1840,2.797019374311542e-15,0.0
DTXSID5020493,1840,0.0,0.0
DTXSID5020497,1840,0.0,0.0
DTXSID5020499,1840,0.0,0.0
DTXSID5020520,1840,0.0,0.0
DTXSID5020528,1840,0.0,0.0
DTXSID5020570,1840,0.0,0.0
DTXSID5020576,1840,0.0,0.0
DTXSID5020601,1840,0.0,0.0
DTXSID5020603,1840,0.0,0.0
DTXSID5020605,1840,0.0,0.0
DTXSID5020607,1840,0.0,0.0
DTXSID5020653,1840,1.0,1.0
DTXSID5020730,1840,,
DTXSID5020732,1840,0.0,0.0
DTXSID5020738,1840,0.0,0.0
DTXSID5020782,1840,0.0,0.0
DTXSID5020784,1840,0.05152902543359158,0.0
DTXSID5020811,1840,1.0,1.0
DTXSID5020813,1840,0.999999421003976,1.0
DTXSID5020815,1840,0.0,0.0
DTXSID5020819,1840,0.0,0.0
DTXSID5020861,1840,0.9979281339637098,1.0
DTXSID5020863,1840,4.486677489154979e-16,0.0
DTXSID5020865,1840,0.0,0.0
DTXSID5020867,1840,0.0,0.0
DTXSID5020869,1840,9.953939121283999e-10,0.0
DTXSID5020944,1840,0.0,0.0
DTXSID5020946,1840,0.9999981168146018,1.0
DTXSID5020948,1840,0.0,0.0
DTXSID5021093,1840,0.0,0.0
DTXSID5021097,1840,0.0,0.0
DTXSID5021120,1840,0.0,0.0
DTXSID5021122,1840,0.0,0.0
DTXSID5021124,1840,0.0,0.0
DTXSID5021126,1840,0.0,0.0
DTXSID5021128,1840,0.0,0.0
DTXSID5021170,1840,0.0,0.0
DTXSID5021174,1840,0.0,0.0
DTXSID5021201,1840,0.0,0.0
DTXSID5021209,1840,0.0,0.0
DTXSID5021251,1840,0.0,0.0
DTXSID5021253,1840,0.0,0.0
DTXSID5021255,1840,7.594551963516712e-19,0.0
DTXSID5021330,1840,0.0,0.0
DTXSID5021332,1840,0.9999974304387037,1.0
DTXSID5021334,1840,0.0,0.0
DTXSID5021336,1840,0.0,0.0
DTXSID5021338,1840,0.0,0.0
DTXSID5021380,1840,0.0,0.0
DTXSID5021384,1840,0.0,0.0
DTXSID5021386,1840,0.0,0.0
DTXSID5021388,1840,0.0,0.0
DTXSID5021411,1840,0.0,0.0
DTXSID5021413,1840,0.0,0.0
DTXSID5021415,1840,0.0,0.0
DTXSID5021419,1840,0.0,0.0
DTXSID5021461,1840,0.0,0.0
DTXSID5021463,1840,0.9999940851324961,1.0
DTXSID5021544,1840,0.0,0.0
DTXSID5021546,1840,1.420753189065987e-19,0.0
DTXSID5021590,1840,0.0,0.0
DTXSID5021598,1840,0.0,0.0
DTXSID5021621,1840,0.0,0.0
DTXSID5021627,1840,0.0,0.0
DTXSID5021629,1840,0.0,0.0
DTXSID5021671,1840,0.0,0.0
DTXSID5021679,1840,0.0,0.0
DTXSID5021708,1840,0.0,0.0
DTXSID5021752,1840,0.0,0.0
DTXSID5021754,1840,0.0,0.0
DTXSID5021758,1840,0.0,0.0
DTXSID5021831,1840,0.0,0.0
DTXSID5021835,1840,0.0,0.0
DTXSID5021837,1840,0.0,0.0
DTXSID5021839,1840,0.0,0.0
DTXSID5021881,1840,0.0,0.0
DTXSID5021883,1840,0.0,0.0
DTXSID5021885,1840,0.0,0.0
DTXSID5021889,1840,0.0,0.0
DTXSID5021910,1840,0.0,0.0
DTXSID5021914,1840,0.0,0.0
DTXSID5021916,1840,0.0,0.0
DTXSID5021962,1840,0.0,0.0
DTXSID5021968,1840,0.0,0.0
DTXSID5022061,1840,0.0,0.0
DTXSID5022194,1840,0.0,0.0
DTXSID5022198,1840,0.0,0.0
DTXSID5022227,1840,0.0,0.0
DTXSID5022271,1840,0.0,0.0
DTXSID5022279,1840,0.0,0.0
DTXSID5022306,1840,0.0,0.0
DTXSID5022308,1840,0.0,0.0
DTXSID5022437,1840,0.0,0.0
DTXSID5022439,1840,0.0,0.0
DTXSID5022485,1840,0.0,0.0
DTXSID5022489,1840,0.0,0.0
DTXSID5022510,1840,0.0,0.0
DTXSID5022560,1840,,
DTXSID5022641,1840,0.0,0.0
DTXSID5022643,1840,0.0,0.0
DTXSID5022647,1840,0.0,0.0
DTXSID5022649,1840,0.0,0.0
DTXSID5022699,1840,0.0,0.0
DTXSID5022724,1840,3.256796959845518e-15,0.0
DTXSID5022774,1840,0.0,0.0
DTXSID5022801,1840,1.7355121020386652e-14,0.0
DTXSID5022851,1840,0.0,0.0
DTXSID5022855,1840,1.134559446970505e-16,0.0
DTXSID5022857,1840,0.0,0.0
DTXSID5022932,1840,0.0,0.0
DTXSID5022934,1840,0.0,0.0
DTXSID5022980,1840,,
DTXSID5022982,1840,0.0,0.0
DTXSID5022984,1840,0.0,0.0
DTXSID5022986,1840,0.0,0.0
DTXSID5023031,1840,0.0,0.0
DTXSID5023033,1840,0.0,0.0
DTXSID5023035,1840,0.0,0.0
DTXSID5023037,1840,0.0,0.0
DTXSID5023039,1840,0.0,0.0
DTXSID5023081,1840,0.0,0.0
DTXSID5023089,1840,0.0,0.0
DTXSID5023110,1840,0.0,0.0
DTXSID5023114,1840,0.0,0.0
DTXSID5023243,1840,1.6653389571881608e-16,0.0
DTXSID5023247,1840,0.9999999999997814,1.0
DTXSID5023293,1840,0.0,0.0
DTXSID5023295,1840,0.0,0.0
DTXSID5023322,1840,0.0,0.0
DTXSID5023324,1840,0.0,0.0
DTXSID5023370,1840,0.0,0.0
DTXSID5023372,1840,0.0,0.0
DTXSID5023376,1840,0.0,0.0
DTXSID5023378,1840,0.0,0.0
DTXSID5023453,1840,0.0,0.0
DTXSID5023532,1840,0.0,0.0
DTXSID5023536,1840,0.0,0.0
DTXSID5023586,1840,0.0,0.0
DTXSID5023588,1840,0.0,0.0
DTXSID5023611,1840,0.0,0.0
DTXSID5023613,1840,0.0,0.0
DTXSID5023615,1840,0.0,0.0
DTXSID5023665,1840,9.538687285836758e-17,0.0
DTXSID5023667,1840,0.0,0.0
DTXSID5023669,1840,0.0,0.0
DTXSID5023740,1840,3.830078491117251e-11,0.0
DTXSID5023742,1840,0.0,0.0
DTXSID5023744,1840,5.786740965837974e-18,0.0
DTXSID5023746,1840,0.0,0.0
DTXSID5023748,1840,0.0,0.0
DTXSID5023792,1840,0.0,0.0
DTXSID5023794,1840,0.0,0.0
DTXSID5023796,1840,0.0,0.0
DTXSID5023825,1840,0.0,0.0
DTXSID5023871,1840,0.0,0.0
DTXSID5023875,1840,0.0,0.0
DTXSID5023877,1840,0.0,0.0
DTXSID5023900,1840,0.0,0.0
DTXSID5023902,1840,0.0,0.0
DTXSID5023908,1840,0.0,0.0
DTXSID5023950,1840,0.0,0.0
DTXSID5023954,1840,0.007445352550287763,0.0
DTXSID5024001,1840,0.0,0.0
DTXSID5024051,1840,0.0,0.0
DTXSID5024055,1840,0.0,0.0
DTXSID5024057,1840,0.0,0.0
DTXSID5024059,1840,0.0,0.0
DTXSID5024134,1840,0.33370836555801625,0.0
DTXSID5024182,1840,0.0,0.0
DTXSID5024211,1840,0.0,0.0
DTXSID5024261,1840,1.0327660623984404e-13,0.0
DTXSID5024263,1840,0.0,0.0
DTXSID5024269,1840,0.9999999999997069,1.0
DTXSID5024344,1840,8.6574647768792e-09,0.0
DTXSID5024346,1840,0.0,0.0
DTXSID5024392,1840,0.0,0.0
DTXSID5024394,1840,0.0,0.0
DTXSID5024471,1840,0.0,0.0
DTXSID5024473,1840,0.0,0.0
DTXSID5024479,1840,2.3586843598021665e-19,0.0
DTXSID5024500,1840,3.540093550608854e-19,0.0
DTXSID5024504,1840,7.804834913706061e-19,0.0
DTXSID5024506,1840,8.373125508525963e-20,0.0
DTXSID5024508,1840,0.0,0.0
DTXSID5024554,1840,0.0,0.0
DTXSID5024637,1840,0.0,0.0
DTXSID5024639,1840,8.133241345758225e-06,0.0
DTXSID5024681,1840,0.0,0.0
DTXSID5024683,1840,1.036505471143153e-14,0.0
DTXSID5024687,1840,0.9999940150838434,1.0
DTXSID5024710,1840,0.0,0.0
DTXSID5024764,1840,0.0,0.0
DTXSID5024845,1840,0.0,0.0
DTXSID5024891,1840,0.0,0.0
DTXSID5024922,1840,0.0,0.0
DTXSID5024926,1840,0.0,0.0
DTXSID5024970,1840,0.0,0.0
DTXSID5024976,1840,0.0,0.0
DTXSID5024978,1840,0.0,0.0
DTXSID5025021,1840,0.0,0.0
DTXSID5025023,1840,0.0,0.0
DTXSID5025071,1840,0.0,0.0
DTXSID5025079,1840,0.0,0.0
DTXSID5025100,1840,0.0,0.0
DTXSID5025102,1840,0.0,0.0
DTXSID5025150,1840,0.0,0.0
DTXSID5025152,1840,0.0,0.0
DTXSID5025156,1840,0.0,0.0
DTXSID5025231,1840,7.934868598034523e-05,0.0
DTXSID5025237,1840,0.0,0.0
DTXSID5025285,1840,0.0,0.0
DTXSID5025310,1840,0.0,0.0
DTXSID5025312,1840,0.0,0.0
DTXSID5025318,1840,0.0,0.0
DTXSID5025364,1840,0.0,0.0
DTXSID5025447,1840,0.0,0.0
DTXSID5025449,1840,0.0,0.0
DTXSID5025570,1840,0.0,0.0
DTXSID5025572,1840,0.0,0.0
DTXSID5025574,1840,0.0,0.0
DTXSID5025578,1840,0.0,0.0
DTXSID5025603,1840,0.0,0.0
DTXSID5025607,1840,0.0,0.0
DTXSID5025609,1840,0.0,0.0
DTXSID5025653,1840,0.0,0.0
DTXSID5025657,1840,0.0,0.0
DTXSID5025659,1840,0.0,0.0
DTXSID5025730,1840,0.0,0.0
DTXSID5025732,1840,0.0,0.0
DTXSID5025738,1840,0.0,0.0
DTXSID5025811,1840,0.0,0.0
DTXSID5025815,1840,0.0,0.0
DTXSID5025819,1840,0.0,0.0
DTXSID5025861,1840,2.018586103629708e-05,0.0
DTXSID5025863,1840,0.0,0.0
DTXSID5025948,1840,0.9999995760999865,1.0
DTXSID5025998,1840,0.9999864280054928,1.0
DTXSID5026049,1840,0.0,0.0
DTXSID5026091,1840,1.424419944158583e-14,0.0
DTXSID5026097,1840,0.0,0.0
DTXSID5026120,1840,0.0,0.0
DTXSID5026122,1840,0.0,0.0
DTXSID5026124,1840,0.15066256789460142,0.0
DTXSID5026174,1840,0.0,0.0
DTXSID5026178,1840,0.0,0.0
DTXSID5026203,1840,0.0,0.0
DTXSID5026205,1840,0.0,0.0
DTXSID5026207,1840,2.1471256918863268e-13,0.0
DTXSID5026209,1840,0.0,0.0
DTXSID5026251,1840,0.0,0.0
DTXSID5026259,1840,0.0,0.0
DTXSID5026461,1840,0.0,0.0
DTXSID5026544,1840,0.0,0.0
DTXSID5026548,1840,0.0,0.0
DTXSID5026623,1840,0.0,0.0
DTXSID5026625,1840,0.0,0.0
DTXSID5026702,1840,0.0,0.0
DTXSID5026706,1840,0.0,0.0
DTXSID5026837,1840,7.960888085813854e-20,0.0
DTXSID5026889,1840,0.0,0.0
DTXSID5026912,1840,0.0,0.0
DTXSID5026914,1840,0.0,0.0
DTXSID5026918,1840,0.0,0.0
DTXSID5027019,1840,0.0,0.0
DTXSID5027061,1840,0.0,0.0
DTXSID5027063,1840,0.0,0.0
DTXSID5027069,1840,0.0,0.0
DTXSID5027142,1840,0.0,0.0
DTXSID5027146,1840,0.0,0.0
DTXSID5027148,1840,0.0,0.0
DTXSID5027198,1840,0.0,0.0
DTXSID5027223,1840,0.0,0.0
DTXSID5027227,1840,0.0,0.0
DTXSID5027229,1840,0.0,0.0
DTXSID5027279,1840,0.0,0.0
DTXSID5027300,1840,0.0,0.0
DTXSID5027302,1840,0.0,0.0
DTXSID5027304,1840,,
DTXSID5027308,1840,0.0,0.0
DTXSID5027352,1840,0.0,0.0
DTXSID5027356,1840,0.0,0.0
DTXSID5027358,1840,0.0,0.0
DTXSID5027433,1840,0.0,0.0
DTXSID5027487,1840,1.478243944843951e-18,0.0
DTXSID5027489,1840,0.0,0.0
DTXSID5027512,1840,0.0,0.0
DTXSID5027518,1840,0.0,0.0
DTXSID5027641,1840,0.0,0.0
DTXSID5027647,1840,0.0,0.0
DTXSID5027728,1840,0.0,0.0
DTXSID5027770,1840,0.0,0.0
DTXSID5027772,1840,0.0,0.0
DTXSID5027774,1840,0.0,0.0
DTXSID5027803,1840,0.0,0.0
DTXSID5027805,1840,0.0,0.0
DTXSID5027851,1840,0.0,0.0
DTXSID5027857,1840,0.0,0.0
DTXSID5027932,1840,0.0,0.0
DTXSID5027936,1840,0.0,0.0
DTXSID5027982,1840,0.0,0.0
DTXSID5028033,1840,0.0,0.0
DTXSID5028114,1840,0.0,0.0
DTXSID5028665,1840,0.0,0.0
DTXSID5029055,1840,0.9760555576715424,1.0
DTXSID5029059,1840,0.0,0.0
DTXSID5029136,1840,0.0,0.0
DTXSID5029182,1840,0.0,0.0
DTXSID5029184,1840,0.0,0.0
DTXSID5029186,1840,0.0,0.0
DTXSID5029211,1840,0.0,0.0
DTXSID5029217,1840,0.0,0.0
DTXSID5029263,1840,0.0,0.0
DTXSID5029265,1840,0.0,0.0
DTXSID5029267,1840,0.0,0.0
DTXSID5029683,1840,0.0,0.0
DTXSID5029710,1840,0.0,0.0
DTXSID5029762,1840,1.3870926707766086e-09,0.0
DTXSID5030955,1840,8.536102958530449e-19,0.0
DTXSID5031131,1840,0.0,0.0
DTXSID5031133,1840,0.0,0.0
DTXSID5032315,1840,0.9999999970661717,1.0
DTXSID5032361,1840,0.0,0.0
DTXSID5032365,1840,0.0,0.0
DTXSID5032442,1840,0.0,0.0
DTXSID5032498,1840,0.9966744639978129,1.0
DTXSID5032523,1840,0.1781272310745218,0.0
DTXSID5032525,1840,0.0,0.0
DTXSID5032573,1840,0.0,0.0
DTXSID5032577,1840,0.0,0.0
DTXSID5032579,1840,0.0,0.0
DTXSID5032600,1840,0.0,0.0
DTXSID5032654,1840,0.0,0.0
DTXSID5033096,1840,0.0,0.0
DTXSID5033098,1840,0.0,0.0
DTXSID5033179,1840,0.0,0.0
DTXSID5033389,1840,0.0,0.0
DTXSID5033468,1840,0.9999966874266445,1.0
DTXSID5033595,1840,0.0,0.0
DTXSID5033674,1840,0.0,0.0
DTXSID5033701,1840,0.0,0.0
DTXSID5033757,1840,0.7032892779171579,0.0
DTXSID5033836,1840,1.432168744010241e-19,0.0
DTXSID5034270,1840,0.0,0.0
DTXSID5034303,1840,1.6559801797533016e-05,0.0
DTXSID5034355,1840,0.0,0.0
DTXSID5034357,1840,0.0,0.0
DTXSID5034698,1840,0.0,0.0
DTXSID5034723,1840,0.0,0.0
DTXSID5034729,1840,0.0,0.0
DTXSID5034773,1840,0.0,0.0
DTXSID5034981,1840,1.0,1.0
DTXSID5035163,1840,0.0,0.0
DTXSID5035589,1840,0.9935503293820249,1.0
DTXSID5035616,1840,0.0,0.0
DTXSID5035957,1840,0.0,0.0
DTXSID5036684,1840,0.0,0.0
DTXSID5037028,1840,0.9995386482238563,1.0
DTXSID5037072,1840,0.0,0.0
DTXSID5037236,1840,0.0,0.0
DTXSID5037494,1840,0.0,0.0
DTXSID5037498,1840,6.220919494104738e-20,0.0
DTXSID5037523,1840,0.0,0.0
DTXSID5037527,1840,0.0,0.0
DTXSID5037571,1840,0.0,0.0
DTXSID5037579,1840,0.0,0.0
DTXSID5037731,1840,0.1574378194849629,0.0
DTXSID5037739,1840,0.0,0.0
DTXSID5038830,1840,0.0,0.0
DTXSID5038888,1840,0.9999999999999981,1.0
DTXSID5038919,1840,0.0,0.0
DTXSID5039224,1840,0.9858767368879988,1.0
DTXSID5039721,1840,7.814324974639656e-08,0.0
DTXSID5040540,1840,0.0,0.0
DTXSID5040675,1840,0.0,0.0
DTXSID5040679,1840,0.0,0.0
DTXSID5040700,1840,0.0,0.0
DTXSID5040702,1840,0.0,0.0
DTXSID5040704,1840,1.0,1.0
DTXSID5040706,1840,0.0,0.0
DTXSID5040708,1840,0.0,0.0
DTXSID5040750,1840,0.0,0.0
DTXSID5040758,1840,0.0,0.0
DTXSID5041148,1840,0.0,0.0
DTXSID5041190,1840,0.0,0.0
DTXSID5041273,1840,0.0,0.0
DTXSID5041275,1840,0.0,0.0
DTXSID5041302,1840,0.0,0.0
DTXSID5041306,1840,0.0,0.0
DTXSID5041308,1840,0.9878250682216613,1.0
DTXSID5041356,1840,0.0,0.0
DTXSID5041431,1840,0.0,0.0
DTXSID5041437,1840,0.0,0.0
DTXSID5041439,1840,6.708135422346468e-17,0.0
DTXSID5041487,1840,3.04946584948028e-17,0.0
DTXSID5041512,1840,0.0,0.0
DTXSID5041514,1840,0.0,0.0
DTXSID5041516,1840,0.0,0.0
DTXSID5041518,1840,0.0,0.0
DTXSID5041560,1840,0.0,0.0
DTXSID5041641,1840,0.0,0.0
DTXSID5041643,1840,0.0,0.0
DTXSID5041691,1840,0.0,0.0
DTXSID5041699,1840,0.0,0.0
DTXSID5041726,1840,0.999981115166336,1.0
DTXSID5041728,1840,0.0,0.0
DTXSID5041772,1840,0.0,0.0
DTXSID5041778,1840,0.9802902831787537,1.0
DTXSID5041803,1840,0.0,0.0
DTXSID5041809,1840,0.0,0.0
DTXSID5041851,1840,0.9999999423914415,1.0
DTXSID5042083,1840,1.5291085659310904e-18,0.0
DTXSID5042089,1840,0.0,0.0
DTXSID5042243,1840,1.528003139521457e-07,0.0
DTXSID5042247,1840,5.977503128539417e-09,0.0
DTXSID5042249,1840,1.0,1.0
DTXSID5042297,1840,0.0,0.0
DTXSID5042299,1840,0.0,0.0
DTXSID5042320,1840,0.0,0.0
DTXSID5042324,1840,0.0,0.0
DTXSID5042378,1840,0.0,0.0
DTXSID5042451,1840,0.0,0.0
DTXSID5042459,1840,0.9999993971868163,1.0
DTXSID5042584,1840,0.0,0.0
DTXSID5042613,1840,0.0,0.0
DTXSID5043714,1840,0.0,0.0
DTXSID5043895,1840,2.6752214992819663e-14,0.0
DTXSID5044029,1840,2.478622561029834e-18,0.0
DTXSID5044154,1840,0.0,0.0
DTXSID5044233,1840,0.0,0.0
DTXSID5044289,1840,0.0,0.0
DTXSID5044314,1840,0.0,0.0
DTXSID5044316,1840,0.0,0.0
DTXSID5044318,1840,0.0,0.0
DTXSID5044360,1840,0.0,0.0
DTXSID5044362,1840,0.0,0.0
DTXSID5044364,1840,0.0,0.0
DTXSID5044366,1840,0.0,0.0
DTXSID5044368,1840,0.0,0.0
DTXSID5044441,1840,0.0,0.0
DTXSID5044443,1840,0.0,0.0
DTXSID5044445,1840,0.0,0.0
DTXSID5044447,1840,0.0,0.0
DTXSID5044491,1840,0.0,0.0
DTXSID5044493,1840,0.0,0.0
DTXSID5044495,1840,0.0,0.0
DTXSID5044520,1840,0.0,0.0
DTXSID5044522,1840,0.0,0.0
DTXSID5044526,1840,0.0,0.0
DTXSID5044528,1840,0.0,0.0
DTXSID5044570,1840,0.0,0.0
DTXSID5044572,1840,0.0,0.0
DTXSID5044574,1840,0.0,0.0
DTXSID5044576,1840,0.0,0.0
DTXSID5044578,1840,0.0,0.0
DTXSID5044603,1840,0.0,0.0
DTXSID5044605,1840,0.0,0.0
DTXSID5044607,1840,0.0,0.0
DTXSID5044609,1840,0.0,0.0
DTXSID5044655,1840,0.0,0.0
DTXSID5044732,1840,0.0,0.0
DTXSID5044734,1840,0.0,0.0
DTXSID5044738,1840,0.0,0.0
DTXSID5044780,1840,0.0,0.0
DTXSID5044782,1840,0.0,0.0
DTXSID5044784,1840,0.0,0.0
DTXSID5044786,1840,0.0,0.0
DTXSID5044788,1840,0.0,0.0
DTXSID5044811,1840,0.0,0.0
DTXSID5044815,1840,0.0,0.0
DTXSID5044817,1840,0.6466483326698931,0.0
DTXSID5044819,1840,0.0,0.0
DTXSID5044863,1840,0.0,0.0
DTXSID5044865,1840,0.9999925904902275,1.0
DTXSID5044867,1840,0.0,0.0
DTXSID5044869,1840,0.0,0.0
DTXSID5044940,1840,0.0,0.0
DTXSID5044948,1840,0.0,0.0
DTXSID5044990,1840,0.0,0.0
DTXSID5044992,1840,0.0,0.0
DTXSID5044994,1840,0.0,0.0
DTXSID5044996,1840,0.0,0.0
DTXSID5044998,1840,0.0,0.0
DTXSID5045093,1840,0.0,0.0
DTXSID5045099,1840,0.0,0.0
DTXSID5045122,1840,0.0,0.0
DTXSID5045124,1840,0.0,0.0
DTXSID5045128,1840,0.0,0.0
DTXSID5045170,1840,0.0,0.0
DTXSID5045174,1840,0.0,0.0
DTXSID5045176,1840,1.6732975377279927e-08,0.0
DTXSID5045201,1840,0.0,0.0
DTXSID5045205,1840,0.0,0.0
DTXSID5045209,1840,0.0,0.0
DTXSID5045380,1840,0.0,0.0
DTXSID5045382,1840,0.0,0.0
DTXSID5045386,1840,0.0,0.0
DTXSID5045388,1840,0.0,0.0
DTXSID5045413,1840,0.0,0.0
DTXSID5045417,1840,0.0,0.0
DTXSID5045419,1840,0.0,0.0
DTXSID5045461,1840,0.0,0.0
DTXSID5045469,1840,0.0,0.0
DTXSID5045540,1840,0.0,0.0
DTXSID5045590,1840,0.0,0.0
DTXSID5045594,1840,0.0,0.0
DTXSID5045598,1840,0.0,0.0
DTXSID5045623,1840,8.19105678376134e-12,0.0
DTXSID5045625,1840,0.0,0.0
DTXSID5045673,1840,0.0,0.0
DTXSID5045677,1840,0.0,0.0
DTXSID5045700,1840,0.0,0.0
DTXSID5045702,1840,0.0,0.0
DTXSID5045704,1840,0.0,0.0
DTXSID5045750,1840,0.0,0.0
DTXSID5045752,1840,1.0232351750825835e-17,0.0
DTXSID5045756,1840,4.779270155499511e-19,0.0
DTXSID5045833,1840,0.0,0.0
DTXSID5045835,1840,0.0,0.0
DTXSID5045881,1840,0.9999999992793631,1.0
DTXSID5045883,1840,0.0,0.0
DTXSID5045887,1840,0.0,0.0
DTXSID5045889,1840,0.9999623264670101,1.0
DTXSID5045914,1840,1.5877330169830518e-14,0.0
DTXSID5045916,1840,4.225142661667521e-11,0.0
DTXSID5045960,1840,6.505291334201436e-09,0.0
DTXSID5045964,1840,0.0,0.0
DTXSID5046015,1840,,
DTXSID5046017,1840,0.0,0.0
DTXSID5046019,1840,0.013686032266898416,0.0
DTXSID5046067,1840,0.0,0.0
DTXSID5046069,1840,0.0,0.0
DTXSID5046140,1840,1.8551127223395055e-13,0.0
DTXSID5046142,1840,0.0,0.0
DTXSID5046148,1840,0.0,0.0
DTXSID5046190,1840,0.0,0.0
DTXSID5046196,1840,0.0,0.0
DTXSID5046221,1840,0.0,0.0
DTXSID5046225,1840,0.0,0.0
DTXSID5046227,1840,0.0,0.0
DTXSID5046229,1840,0.0,0.0
DTXSID5046271,1840,0.0,0.0
DTXSID5046273,1840,0.0,0.0
DTXSID5046275,1840,0.0,0.0
DTXSID5046277,1840,0.9976097345382368,1.0
DTXSID5046279,1840,2.700439506889236e-15,0.0
DTXSID5046300,1840,0.0,0.0
DTXSID5046433,1840,0.0,0.0
DTXSID5046437,1840,0.0,0.0
DTXSID5046439,1840,0.0,0.0
DTXSID5046481,1840,0.0,0.0
DTXSID5046483,1840,0.0,0.0
DTXSID5046485,1840,0.0,0.0
DTXSID5046487,1840,0.0,0.0
DTXSID5046510,1840,0.0,0.0
DTXSID5046512,1840,0.0,0.0
DTXSID5046560,1840,0.0,0.0
DTXSID5046641,1840,0.0,0.0
DTXSID5046691,1840,4.666887151061042e-18,0.0
DTXSID5046693,1840,0.0,0.0
DTXSID5046695,1840,0.0,0.0
DTXSID5046697,1840,0.0,0.0
DTXSID5046699,1840,0.0,0.0
DTXSID5046724,1840,0.0,0.0
DTXSID5046726,1840,0.0,0.0
DTXSID5046770,1840,0.0,0.0
DTXSID5046772,1840,4.7178227954253424e-14,0.0
DTXSID5046776,1840,4.918321001602293e-12,0.0
DTXSID5046801,1840,0.0,0.0
DTXSID5046803,1840,0.0,0.0
DTXSID5046851,1840,1.6038121836595798e-17,0.0
DTXSID5046853,1840,0.0,0.0
DTXSID5046938,1840,0.0,0.0
DTXSID5046980,1840,3.0459423411886397e-18,0.0
DTXSID5046986,1840,0.0,0.0
DTXSID5046988,1840,0.0,0.0
DTXSID5047031,1840,0.0,0.0
DTXSID5047033,1840,0.0,0.0
DTXSID5047035,1840,0.0,0.0
DTXSID5047037,1840,0.0,0.0
DTXSID5047039,1840,0.0,0.0
DTXSID5047081,1840,0.0,0.0
DTXSID5047083,1840,0.0,0.0
DTXSID5047085,1840,0.0,0.0
DTXSID5047087,1840,0.0,0.0
DTXSID5047089,1840,0.0,0.0
DTXSID5047110,1840,0.0,0.0
DTXSID5047112,1840,0.9999999997014947,1.0
DTXSID5047116,1840,0.0,0.0
DTXSID5047118,1840,0.0,0.0
DTXSID5047160,1840,0.0,0.0
DTXSID5047162,1840,0.0,0.0
DTXSID5047164,1840,0.0,0.0
DTXSID5047166,1840,0.0,0.0
DTXSID5047168,1840,0.0,0.0
DTXSID5047241,1840,0.0,0.0
DTXSID5047243,1840,0.0,0.0
DTXSID5047249,1840,0.0,0.0
DTXSID5047291,1840,0.0,0.0
DTXSID5047295,1840,0.008243591212065913,0.0
DTXSID5047297,1840,0.0,0.0
DTXSID5047299,1840,0.0,0.0
DTXSID5047320,1840,0.9998123432253221,1.0
DTXSID5047322,1840,5.814994809692777e-12,0.0
DTXSID5047324,1840,0.0,0.0
DTXSID5047328,1840,0.3709523579159486,0.0
DTXSID5047372,1840,0.0,0.0
DTXSID5047374,1840,0.0,0.0
DTXSID5047376,1840,0.0,0.0
DTXSID5047405,1840,0.0,0.0
DTXSID5047451,1840,0.0,0.0
DTXSID5047453,1840,0.0,0.0
DTXSID5047459,1840,0.0,0.0
DTXSID5047530,1840,0.0,0.0
DTXSID5047538,1840,0.0,0.0
DTXSID5047582,1840,0.0,0.0
DTXSID5047584,1840,0.0,0.0
DTXSID5047611,1840,0.0,0.0
DTXSID5047617,1840,0.0,0.0
DTXSID5047661,1840,0.0,0.0
DTXSID5047663,1840,0.0,0.0
DTXSID5047665,1840,0.0,0.0
DTXSID5047667,1840,0.0,0.0
DTXSID5047744,1840,0.0,0.0
DTXSID5047790,1840,0.0,0.0
DTXSID5047796,1840,0.0,0.0
DTXSID5047825,1840,0.0,0.0
DTXSID5047871,1840,0.0,0.0
DTXSID5047873,1840,0.0,0.0
DTXSID5047875,1840,0.0,0.0
DTXSID5047877,1840,0.0,0.0
DTXSID5047879,1840,1.3098302066478975e-14,0.0
DTXSID5047900,1840,0.9999999999999996,1.0
DTXSID5047902,1840,0.0,0.0
DTXSID5047904,1840,0.9999999999972894,1.0
DTXSID5047906,1840,0.0,0.0
DTXSID5047908,1840,0.0,0.0
DTXSID5047950,1840,0.9999999999989861,1.0
DTXSID5047952,1840,0.0,0.0
DTXSID5047954,1840,0.0,0.0
DTXSID5047956,1840,0.0,0.0
DTXSID5048180,1840,0.0,0.0
DTXSID5048182,1840,0.0,0.0
DTXSID5048184,1840,0.0,0.0
DTXSID5048186,1840,0.0,0.0
DTXSID5048188,1840,0.0,0.0
DTXSID5048211,1840,0.0,0.0
DTXSID5048421,1840,0.0,0.0
DTXSID5048506,1840,0.0,0.0
DTXSID5048635,1840,0.0,0.0
DTXSID5048637,1840,4.361975265060257e-19,0.0
DTXSID5048685,1840,1.2755913657083663e-06,0.0
DTXSID5048710,1840,0.0,0.0
DTXSID5048716,1840,0.0,0.0
DTXSID5048841,1840,0.0,0.0
DTXSID5048843,1840,0.0,0.0
DTXSID5048845,1840,0.0,0.0
DTXSID5048847,1840,0.0,0.0
DTXSID5048849,1840,2.5478510723738356e-06,0.0
DTXSID5048891,1840,0.0,0.0
DTXSID5048893,1840,0.0,0.0
DTXSID5048895,1840,0.0,0.0
DTXSID5048897,1840,0.0,0.0
DTXSID5048899,1840,0.004708876703658821,0.0
DTXSID5048920,1840,5.03330416379739e-13,0.0
DTXSID5048922,1840,0.0,0.0
DTXSID5048924,1840,0.0,0.0
DTXSID5048928,1840,0.0,0.0
DTXSID5048974,1840,0.0,0.0
DTXSID5048978,1840,0.0,0.0
DTXSID5049021,1840,0.9999988491713055,1.0
DTXSID5049231,1840,0.0,0.0
DTXSID5049233,1840,0.0,0.0
DTXSID5049235,1840,0.0,0.0
DTXSID5049237,1840,0.0,0.0
DTXSID5049239,1840,0.0,0.0
DTXSID5049281,1840,0.0,0.0
DTXSID5049283,1840,0.0,0.0
DTXSID5049285,1840,0.0,0.0
DTXSID5049287,1840,0.0,0.0
DTXSID5049289,1840,0.0,0.0
DTXSID5049310,1840,0.0,0.0
DTXSID5049312,1840,0.0,0.0
DTXSID5049314,1840,0.0,0.0
DTXSID5049316,1840,0.0,0.0
DTXSID5049318,1840,0.0,0.0
DTXSID5049360,1840,0.0,0.0
DTXSID5049362,1840,0.0,0.0
DTXSID5049364,1840,0.0,0.0
DTXSID5049366,1840,0.0,0.0
DTXSID5049368,1840,0.0,0.0
DTXSID5049445,1840,0.0,0.0
DTXSID5049447,1840,0.0,0.0
DTXSID5049449,1840,0.0,0.0
DTXSID5049491,1840,0.0,0.0
DTXSID5049493,1840,0.0,0.0
DTXSID5049495,1840,0.0,0.0
DTXSID5049497,1840,0.0,0.0
DTXSID5049499,1840,0.0,0.0
DTXSID5049520,1840,0.0,0.0
DTXSID5049522,1840,0.0,0.0
DTXSID5049524,1840,0.0,0.0
DTXSID5049526,1840,0.0,0.0
DTXSID5049528,1840,0.0,0.0
DTXSID5050426,1840,0.0,0.0
DTXSID5051440,1840,0.0,0.0
DTXSID5051444,1840,6.589732630124967e-12,0.0
DTXSID5051446,1840,0.049639464404359034,0.0
DTXSID5051525,1840,0.0,0.0
DTXSID5051529,1840,0.0,0.0
DTXSID5051575,1840,0.0,0.0
DTXSID5051650,1840,0.0,0.0
DTXSID5051999,1840,0.0,0.0
DTXSID5052042,1840,0.0,0.0
DTXSID5052125,1840,0.0,0.0
DTXSID5052250,1840,0.0,0.0
DTXSID5052254,1840,0.0,0.0
DTXSID5052460,1840,0.0719598495391131,0.0
DTXSID5052591,1840,0.0,0.0
DTXSID5052593,1840,0.0,0.0
DTXSID5052595,1840,0.0,0.0
DTXSID5052597,1840,0.0,0.0
DTXSID5052620,1840,0.0,0.0
DTXSID5052672,1840,0.0,0.0
DTXSID5052832,1840,0.0,0.0
DTXSID5052838,1840,0.0,0.0
DTXSID5052884,1840,0.0,0.0
DTXSID5057620,1840,0.0,0.0
DTXSID5057622,1840,0.0,0.0
DTXSID5057624,1840,0.0,0.0
DTXSID5057626,1840,0.0,0.0
DTXSID5057628,1840,0.0,0.0
DTXSID5057670,1840,0.0,0.0
DTXSID5057672,1840,,
DTXSID5057674,1840,0.0,0.0
DTXSID5057676,1840,0.0,0.0
DTXSID5057678,1840,0.0,0.0
DTXSID5057701,1840,0.0,0.0
DTXSID5057703,1840,0.0,0.0
DTXSID5057705,1840,0.0,0.0
DTXSID5057707,1840,0.0,0.0
DTXSID5057709,1840,0.0,0.0
DTXSID5057751,1840,0.0,0.0
DTXSID5057753,1840,0.0,0.0
DTXSID5057755,1840,0.0,0.0
DTXSID5057757,1840,0.0,0.0
DTXSID5057759,1840,0.0,0.0
DTXSID5057830,1840,0.0,0.0
DTXSID5057832,1840,0.0,0.0
DTXSID5057834,1840,0.0,0.0
DTXSID5057836,1840,0.0,0.0
DTXSID5057838,1840,2.5654456422510394e-16,0.0
DTXSID6020014,1840,0.0,0.0
DTXSID6020062,1840,0.0,0.0
DTXSID6020064,1840,0.0,0.0
DTXSID6020066,1840,0.0,0.0
DTXSID6020068,1840,5.7598038519931785e-11,0.0
DTXSID6020141,1840,0.0,0.0
DTXSID6020143,1840,4.958744194761269e-11,0.0
DTXSID6020145,1840,0.0,0.0
DTXSID6020147,1840,0.0,0.0
DTXSID6020149,1840,0.0,0.0
DTXSID6020193,1840,0.9998284462934848,1.0
DTXSID6020197,1840,0.0,0.0
DTXSID6020199,1840,0.0,0.0
DTXSID6020220,1840,,
DTXSID6020222,1840,0.0,0.0
DTXSID6020224,1840,0.0,0.0
DTXSID6020226,1840,0.0,0.0
DTXSID6020274,1840,0.0,0.0
DTXSID6020276,1840,0.0,0.0
DTXSID6020278,1840,0.9999999837489283,1.0
DTXSID6020303,1840,0.0,0.0
DTXSID6020307,1840,0.0,0.0
DTXSID6020309,1840,0.0,0.0
DTXSID6020355,1840,0.0,0.0
DTXSID6020357,1840,0.0,0.0
DTXSID6020359,1840,0.0,0.0
DTXSID6020430,1840,0.0,0.0
DTXSID6020432,1840,1.7346177969275956e-15,0.0
DTXSID6020434,1840,0.0,0.0
DTXSID6020438,1840,0.0,0.0
DTXSID6020480,1840,0.0,0.0
DTXSID6020484,1840,0.0,0.0
DTXSID6020511,1840,0.0,0.0
DTXSID6020513,1840,,
DTXSID6020515,1840,0.0,0.0
DTXSID6020517,1840,0.0,0.0
DTXSID6020561,1840,0.0,0.0
DTXSID6020569,1840,0.0,0.0
DTXSID6020646,1840,0.0,0.0
DTXSID6020648,1840,0.0,0.0
DTXSID6020690,1840,6.520663543874923e-06,0.0
DTXSID6020692,1840,0.0,0.0
DTXSID6020694,1840,0.0,0.0
DTXSID6020696,1840,3.505923125558886e-17,0.0
DTXSID6020721,1840,0.0,0.0
DTXSID6020771,1840,0.0,0.0
DTXSID6020777,1840,0.0,0.0
DTXSID6020779,1840,5.896075494642924e-05,0.0
DTXSID6020802,1840,0.0,0.0
DTXSID6020804,1840,0.0,0.0
DTXSID6020856,1840,0.0,0.0
DTXSID6020933,1840,0.0,0.0
DTXSID6020937,1840,0.0,0.0
DTXSID6020939,1840,0.0,0.0
DTXSID6020981,1840,0.0,0.0
DTXSID6020983,1840,0.0,0.0
DTXSID6020985,1840,0.0,0.0
DTXSID6021030,1840,0.0,0.0
DTXSID6021032,1840,0.0,0.0
DTXSID6021036,1840,0.0,0.0
DTXSID6021080,1840,0.0,0.0
DTXSID6021082,1840,0.0,0.0
DTXSID6021084,1840,0.0,0.0
DTXSID6021086,1840,0.0,0.0
DTXSID6021113,1840,0.0,0.0
DTXSID6021117,1840,0.0,0.0
DTXSID6021165,1840,0.0,0.0
DTXSID6021240,1840,0.0,0.0
DTXSID6021244,1840,1.0793738023019174e-07,0.0
DTXSID6021246,1840,4.9706996483135815e-12,0.0
DTXSID6021248,1840,0.9802233148204399,1.0
DTXSID6021290,1840,0.0,0.0
DTXSID6021292,1840,0.0,0.0
DTXSID6021294,1840,0.0,0.0
DTXSID6021296,1840,0.0,0.0
DTXSID6021321,1840,0.0,0.0
DTXSID6021371,1840,1.7174062887608606e-14,0.0
DTXSID6021373,1840,0.0,0.0
DTXSID6021375,1840,0.0,0.0
DTXSID6021377,1840,0.0,0.0
DTXSID6021379,1840,0.0,0.0
DTXSID6021402,1840,0.0,0.0
DTXSID6021404,1840,0.0,0.0
DTXSID6021408,1840,0.9999999999999999,1.0
DTXSID6021450,1840,0.0,0.0
DTXSID6021456,1840,0.0,0.0
DTXSID6021458,1840,0.0,0.0
DTXSID6021581,1840,0.0,0.0
DTXSID6021583,1840,0.0,0.0
DTXSID6021585,1840,0.0,0.0
DTXSID6021610,1840,0.0,0.0
DTXSID6021618,1840,0.0,0.0
DTXSID6021660,1840,0.0,0.0
DTXSID6021666,1840,0.0,0.0
DTXSID6021668,1840,0.0,0.0
DTXSID6021741,1840,0.0,0.0
DTXSID6021749,1840,0.0,0.0
DTXSID6021793,1840,0.0,0.0
DTXSID6021795,1840,0.0,0.0
DTXSID6021799,1840,0.0,0.0
DTXSID6021820,1840,0.0,0.0
DTXSID6021822,1840,0.0,0.0
DTXSID6021824,1840,0.9655796473547562,1.0
DTXSID6021828,1840,0.0,0.0
DTXSID6021872,1840,0.0,0.0
DTXSID6021874,1840,0.0,0.0
DTXSID6021901,1840,0.0,0.0
DTXSID6021907,1840,0.0,0.0
DTXSID6021909,1840,0.0,0.0
DTXSID6021953,1840,0.0,0.0
DTXSID6021957,1840,0.0,0.0
DTXSID6021959,1840,0.0,0.0
DTXSID6022000,1840,0.0,0.0
DTXSID6022002,1840,0.0,0.0
DTXSID6022004,1840,0.0,0.0
DTXSID6022006,1840,0.0,0.0
DTXSID6022008,1840,0.0,0.0
DTXSID6022050,1840,0.0,0.0
DTXSID6022056,1840,7.144332310444727e-06,0.0
DTXSID6022058,1840,0.0,0.0
DTXSID6022131,1840,4.1803886968159195e-15,0.0
DTXSID6022133,1840,0.0,0.0
DTXSID6022137,1840,0.0,0.0
DTXSID6022187,1840,0.0,0.0
DTXSID6022218,1840,0.0,0.0
DTXSID6022341,1840,0.0,0.0
DTXSID6022345,1840,1.5939106712799694e-17,0.0
DTXSID6022391,1840,,
DTXSID6022393,1840,0.0,0.0
DTXSID6022399,1840,0.0,0.0
DTXSID6022420,1840,0.0,0.0
DTXSID6022422,1840,0.0,0.0
DTXSID6022472,1840,0.0,0.0
DTXSID6022474,1840,0.0,0.0
DTXSID6022557,1840,,
DTXSID6022636,1840,0.0,0.0
DTXSID6022684,1840,0.0,0.0
DTXSID6022688,1840,3.499544083300785e-18,0.0
DTXSID6022715,1840,0.0,0.0
DTXSID6022719,1840,0.0,0.0
DTXSID6022842,1840,0.0,0.0
DTXSID6022844,1840,8.706747303487095e-17,0.0
DTXSID6022846,1840,0.0,0.0
DTXSID6022892,1840,0.0,0.0
DTXSID6022894,1840,0.0,0.0
DTXSID6022927,1840,0.0,0.0
DTXSID6022973,1840,0.0,0.0
DTXSID6022975,1840,0.0,0.0
DTXSID6022977,1840,0.0,0.0
DTXSID6023024,1840,0.0,0.0
DTXSID6023028,1840,0.0,0.0
DTXSID6023078,1840,0.0,0.0
DTXSID6023101,1840,0.0,0.0
DTXSID6023103,1840,0.0,0.0
DTXSID6023109,1840,0.0,0.0
DTXSID6023153,1840,0.0,0.0
DTXSID6023155,1840,0.0,0.0
DTXSID6023157,1840,0.0,0.0
DTXSID6023159,1840,0.0,0.0
DTXSID6023286,1840,0.0,0.0
DTXSID6023313,1840,2.8623552472266077e-19,0.0
DTXSID6023315,1840,1.1956031470283475e-16,0.0
DTXSID6023317,1840,0.0,0.0
DTXSID6023363,1840,0.0,0.0
DTXSID6023367,1840,0.0,0.0
DTXSID6023369,1840,0.0,0.0
DTXSID6023440,1840,0.0,0.0
DTXSID6023442,1840,0.0,0.0
DTXSID6023490,1840,0.0,0.0
DTXSID6023496,1840,0.0,0.0
DTXSID6023523,1840,1.0926577882622393e-11,0.0
DTXSID6023529,1840,0.0,0.0
DTXSID6023602,1840,0.0,0.0
DTXSID6023606,1840,0.0,0.0
DTXSID6023608,1840,0.0,0.0
DTXSID6023652,1840,0.0007706119529556637,0.0
DTXSID6023656,1840,0.00773076775700689,0.0
DTXSID6023733,1840,0.0,0.0
DTXSID6023737,1840,0.0,0.0
DTXSID6023810,1840,0.9999982851526273,1.0
DTXSID6023862,1840,0.0,0.0
DTXSID6023864,1840,0.0,0.0
DTXSID6023868,1840,0.9999999999790984,1.0
DTXSID6023947,1840,0.0,0.0
DTXSID6023997,1840,2.9804662338362533e-16,0.0
DTXSID6023999,1840,0.0,0.0
DTXSID6024046,1840,0.0,0.0
DTXSID6024048,1840,0.0,0.0
DTXSID6024123,1840,0.0,0.0
DTXSID6024127,1840,0.0,0.0
DTXSID6024175,1840,0.0,0.0
DTXSID6024177,1840,0.0,0.0
DTXSID6024200,1840,0.0,0.0
DTXSID6024204,1840,0.0,0.0
DTXSID6024206,1840,0.0,0.0
DTXSID6024254,1840,7.465913750511283e-11,0.0
DTXSID6024331,1840,0.0,0.0
DTXSID6024337,1840,0.0,0.0
DTXSID6024412,1840,0.0,0.0
DTXSID6024414,1840,0.0,0.0
DTXSID6024460,1840,0.0,0.0
DTXSID6024462,1840,0.0,0.0
DTXSID6024466,1840,0.0,0.0
DTXSID6024591,1840,0.0,0.0
DTXSID6024597,1840,1.1650904602890339e-18,0.0
DTXSID6024599,1840,0.0,0.0
DTXSID6024624,1840,0.0,0.0
DTXSID6024628,1840,0.0,0.0
DTXSID6024670,1840,0.0,0.0
DTXSID6024674,1840,0.0,0.0
DTXSID6024676,1840,0.0,0.0
DTXSID6024701,1840,0.0,0.0
DTXSID6024832,1840,0.0,0.0
DTXSID6024834,1840,0.0,0.0
DTXSID6024836,1840,0.0,0.0
DTXSID6024838,1840,0.8262991300562459,0.0
DTXSID6024880,1840,0.0,0.0
DTXSID6024882,1840,,
DTXSID6024886,1840,0.0,0.0
DTXSID6024888,1840,0.0,0.0
DTXSID6024911,1840,0.0,0.0
DTXSID6024913,1840,0.0,0.0
DTXSID6024915,1840,0.0,0.0
DTXSID6024917,1840,0.0,0.0
DTXSID6024961,1840,0.0,0.0
DTXSID6024965,1840,0.0,0.0
DTXSID6024967,1840,0.0,0.0
DTXSID6025010,1840,0.0,0.0
DTXSID6025012,1840,0.0,0.0
DTXSID6025014,1840,0.0,0.0
DTXSID6025018,1840,0.0,0.0
DTXSID6025064,1840,0.0,0.0
DTXSID6025068,1840,0.0,0.0
DTXSID6025141,1840,0.0,0.0
DTXSID6025143,1840,0.0,0.0
DTXSID6025145,1840,0.0,0.0
DTXSID6025149,1840,0.9987148369389355,1.0
DTXSID6025220,1840,0.0,0.0
DTXSID6025226,1840,0.6914767330989064,0.0
DTXSID6025272,1840,0.0,0.0
DTXSID6025276,1840,0.0,0.0
DTXSID6025278,1840,0.0,0.0
DTXSID6025301,1840,0.0,0.0
DTXSID6025303,1840,0.0,0.0
DTXSID6025305,1840,0.0,0.0
DTXSID6025307,1840,0.0,0.0
DTXSID6025309,1840,0.0,0.0
DTXSID6025355,1840,0.0,0.0
DTXSID6025432,1840,0.0,0.0
DTXSID6025436,1840,5.127954643035376e-15,0.0
DTXSID6025438,1840,0.0,0.0
DTXSID6025480,1840,0.0,0.0
DTXSID6025486,1840,0.0,0.0
DTXSID6025513,1840,1.0,1.0
DTXSID6025565,1840,0.9999999999998157,1.0
DTXSID6025567,1840,0.0,0.0
DTXSID6025569,1840,0.0,0.0
DTXSID6025640,1840,0.0,0.0
DTXSID6025642,1840,0.0,0.0
DTXSID6025648,1840,0.0,0.0
DTXSID6025690,1840,0.0,0.0
DTXSID6025692,1840,0.0,0.0
DTXSID6025696,1840,0.9999999999246302,1.0
DTXSID6025723,1840,0.0,0.0
DTXSID6025725,1840,0.0,0.0
DTXSID6025775,1840,0.0,0.0
DTXSID6025804,1840,0.0,0.0
DTXSID6025850,1840,0.0,0.0
DTXSID6025854,1840,0.0,0.0
DTXSID6025939,1840,0.0,0.0
DTXSID6025983,1840,2.0741170991155403e-13,0.0
DTXSID6026080,1840,0.0,0.0
DTXSID6026082,1840,0.0,0.0
DTXSID6026084,1840,0.0,0.0
DTXSID6026088,1840,0.0,0.0
DTXSID6026115,1840,0.0,0.0
DTXSID6026119,1840,0.0,0.0
DTXSID6026161,1840,0.0,0.0
DTXSID6026167,1840,0.0,0.0
DTXSID6026169,1840,0.0,0.0
DTXSID6026240,1840,0.0,0.0
DTXSID6026292,1840,0.0,0.0
DTXSID6026294,1840,0.0,0.0
DTXSID6026298,1840,0.0,0.0
DTXSID6026325,1840,0.0,0.0
DTXSID6026373,1840,0.0,0.0
DTXSID6026450,1840,0.0,0.0
DTXSID6026535,1840,0.0,0.0
DTXSID6026537,1840,0.0,0.0
DTXSID6026612,1840,0.0,0.0
DTXSID6026664,1840,0.0,0.0
DTXSID6026797,1840,0.0,0.0
DTXSID6026799,1840,0.0,0.0
DTXSID6026824,1840,0.0,0.0
DTXSID6026872,1840,0.0,0.0
DTXSID6026878,1840,0.0,0.0
DTXSID6026901,1840,0.19704290981954214,0.0
DTXSID6026905,1840,0.0,0.0
DTXSID6026955,1840,0.0,0.0
DTXSID6027050,1840,,
DTXSID6027052,1840,2.491043769463528e-07,0.0
DTXSID6027131,1840,0.0,0.0
DTXSID6027133,1840,0.0,0.0
DTXSID6027137,1840,0.0,0.0
DTXSID6027181,1840,0.0,0.0
DTXSID6027185,1840,0.0,0.0
DTXSID6027214,1840,0.0,0.0
DTXSID6027218,1840,0.0,0.0
DTXSID6027262,1840,0.0,0.0
DTXSID6027266,1840,0.0,0.0
DTXSID6027268,1840,0.0,0.0
DTXSID6027341,1840,0.0,0.0
DTXSID6027343,1840,0.0,0.0
DTXSID6027345,1840,0.0,0.0
DTXSID6027397,1840,0.0,0.0
DTXSID6027503,1840,0.0,0.0
DTXSID6027507,1840,0.0,0.0
DTXSID6027509,1840,0.0,0.0
DTXSID6027551,1840,0.0,0.0
DTXSID6027634,1840,0.0,0.0
DTXSID6027636,1840,0.0,0.0
DTXSID6027713,1840,0.0,0.0
DTXSID6027844,1840,0.0,0.0
DTXSID6027921,1840,0.0,0.0
DTXSID6027923,1840,0.0,0.0
DTXSID6027925,1840,0.9999876708670394,1.0
DTXSID6027975,1840,0.0,0.0
DTXSID6028022,1840,0.0,0.0
DTXSID6028028,1840,0.0,0.0
DTXSID6028492,1840,0.9993482106792684,1.0
DTXSID6029121,1840,0.0,0.0
DTXSID6029127,1840,0.0,0.0
DTXSID6029171,1840,0.0,0.0
DTXSID6029202,1840,0.0,0.0
DTXSID6029250,1840,0.0,0.0
DTXSID6029254,1840,0.0,0.0
DTXSID6029331,1840,0.0,0.0
DTXSID6029626,1840,0.0,0.0
DTXSID6029670,1840,0.0,0.0
DTXSID6029703,1840,0.0,0.0
DTXSID6029707,1840,0.0,0.0
DTXSID6029755,1840,0.0,0.0
DTXSID6030607,1840,0.0,0.0
DTXSID6031209,1840,0.0,0.0
DTXSID6031380,1840,0.0,0.0
DTXSID6031461,1840,0.0,0.0
DTXSID6032061,1840,0.9999999422383429,1.0
DTXSID6032192,1840,0.0,0.0
DTXSID6032352,1840,0.0,0.0
DTXSID6032354,1840,0.0,0.0
DTXSID6032356,1840,0.0,0.0
DTXSID6032358,1840,0.0,0.0
DTXSID6032431,1840,0.0,0.0
DTXSID6032437,1840,0.0,0.0
DTXSID6032514,1840,0.0,0.0
DTXSID6032516,1840,0.0,0.0
DTXSID6032518,1840,0.9999999998827023,1.0
DTXSID6032562,1840,1.6042793827065635e-08,0.0
DTXSID6032641,1840,0.0,0.0
DTXSID6032645,1840,0.0,0.0
DTXSID6032647,1840,0.9999899079248573,1.0
DTXSID6032649,1840,9.980797315556468e-18,0.0
DTXSID6032722,1840,0.0,0.0
DTXSID6033241,1840,0.0,0.0
DTXSID6033247,1840,0.0,0.0
DTXSID6033326,1840,0.0,0.0
DTXSID6033401,1840,0.0,0.0
DTXSID6033538,1840,0.0,0.0
DTXSID6033825,1840,0.0,0.0
DTXSID6034005,1840,0.0,0.0
DTXSID6034186,1840,0.0,0.0
DTXSID6034265,1840,0.0,0.0
DTXSID6034392,1840,0.0,0.0
DTXSID6034762,1840,0.0,0.0
DTXSID6034764,1840,0.0,0.0
DTXSID6034849,1840,0.0,0.0
DTXSID6034924,1840,0.0,0.0
DTXSID6034928,1840,0.0,0.0
DTXSID6034972,1840,0.0,0.0
DTXSID6035152,1840,0.0,0.0
DTXSID6035156,1840,0.0,0.0
DTXSID6035285,1840,0.0,0.0
DTXSID6035784,1840,0.0,0.0
DTXSID6036467,1840,0.0,0.0
DTXSID6037015,1840,0.0,0.0
DTXSID6037483,1840,0.0,0.0
DTXSID6037564,1840,0.0,0.0
DTXSID6037568,1840,0.0,0.0
DTXSID6037649,1840,0.0,0.0
DTXSID6037697,1840,0.0,0.0
DTXSID6037728,1840,0.0,0.0
DTXSID6038326,1840,0.0,0.0
DTXSID6038798,1840,0.0,0.0
DTXSID6038827,1840,0.0,0.0
DTXSID6038875,1840,1.146076516867631e-12,0.0
DTXSID6038877,1840,0.0,0.0
DTXSID6040111,1840,0.0,0.0
DTXSID6040115,1840,0.0,0.0
DTXSID6040246,1840,0.0,0.0
DTXSID6040290,1840,0.0,0.0
DTXSID6040296,1840,0.0,0.0
DTXSID6040371,1840,0.0,0.0
DTXSID6040373,1840,0.0,0.0
DTXSID6040375,1840,0.0,0.0
DTXSID6040404,1840,0.0,0.0
DTXSID6040583,1840,0.0,0.0
DTXSID6040614,1840,0.0,0.0
DTXSID6040662,1840,2.7902343689433463e-13,0.0
DTXSID6040664,1840,0.0,0.0
DTXSID6040668,1840,0.0,0.0
DTXSID6040743,1840,0.0,0.0
DTXSID6040745,1840,4.376285892004825e-13,0.0
DTXSID6040747,1840,0.0,0.0
DTXSID6040795,1840,0.0,0.0
DTXSID6041056,1840,0.0,0.0
DTXSID6041133,1840,0.0,0.0
DTXSID6041137,1840,0.0,0.0
DTXSID6041185,1840,0.0,0.0
DTXSID6041210,1840,0.0,0.0
DTXSID6041268,1840,0.0,0.0
DTXSID6041347,1840,0.0,0.0
DTXSID6041349,1840,0.0,0.0
DTXSID6041397,1840,0.0,0.0
DTXSID6041420,1840,0.0,0.0
DTXSID6041422,1840,0.0,0.0
DTXSID6041424,1840,0.0,0.0
DTXSID6041426,1840,0.0,0.0
DTXSID6041472,1840,0.0,0.0
DTXSID6041503,1840,8.921865907466279e-14,0.0
DTXSID6041507,1840,0.0,0.0
DTXSID6041551,1840,0.0,0.0
DTXSID6041557,1840,0.0,0.0
DTXSID6041636,1840,0.0,0.0
DTXSID6041638,1840,0.0,0.0
DTXSID6041680,1840,0.0,0.0
DTXSID6041682,1840,0.9999999999989717,1.0
DTXSID6041684,1840,0.0,0.0
DTXSID6041688,1840,0.0,0.0
DTXSID6041715,1840,0.9999998177950202,1.0
DTXSID6041719,1840,0.0,0.0
DTXSID6041761,1840,0.9999842879325649,1.0
DTXSID6041844,1840,0.0,0.0
DTXSID6041892,1840,0.0,0.0
DTXSID6041925,1840,0.0,0.0
DTXSID6041927,1840,0.0,0.0
DTXSID6041973,1840,0.0,0.0
DTXSID6041977,1840,0.0,0.0
DTXSID6042072,1840,0.0,0.0
DTXSID6042074,1840,0.0,0.0
DTXSID6042151,1840,0.0,0.0
DTXSID6042157,1840,0.0,0.0
DTXSID6042232,1840,0.0,0.0
DTXSID6042234,1840,0.0,0.0
DTXSID6042280,1840,0.0,0.0
DTXSID6042282,1840,0.0,0.0
DTXSID6042315,1840,2.3334932786609037e-11,0.0
DTXSID6042365,1840,3.6698154469752446e-14,0.0
DTXSID6042369,1840,0.9999999992098946,1.0
DTXSID6042440,1840,0.0,0.0
DTXSID6042448,1840,0.0,0.0
DTXSID6042490,1840,0.0,0.0
DTXSID6042494,1840,0.0,0.0
DTXSID6042498,1840,0.0,0.0
DTXSID6042521,1840,0.0,0.0
DTXSID6042579,1840,0.0,0.0
DTXSID6042602,1840,0.0,0.0
DTXSID6043709,1840,0.0,0.0
DTXSID6043913,1840,0.0,0.0
DTXSID6043915,1840,5.390532606837481e-06,0.0
DTXSID6043917,1840,0.0,0.0
DTXSID6043919,1840,0.0,0.0
DTXSID6044199,1840,0.0,0.0
DTXSID6044226,1840,0.0,0.0
DTXSID6044303,1840,0.0,0.0
DTXSID6044307,1840,0.0,0.0
DTXSID6044309,1840,0.0,0.0
DTXSID6044353,1840,0.0,0.0
DTXSID6044355,1840,0.0,0.0
DTXSID6044357,1840,0.0,0.0
DTXSID6044359,1840,0.0,0.0
DTXSID6044430,1840,0.0,0.0
DTXSID6044436,1840,0.0,0.0
DTXSID6044438,1840,0.0,0.0
DTXSID6044480,1840,1.4749706168291508e-14,0.0
DTXSID6044484,1840,0.0,0.0
DTXSID6044486,1840,0.0,0.0
DTXSID6044488,1840,0.0,0.0
DTXSID6044511,1840,0.0,0.0
DTXSID6044513,1840,0.0,0.0
DTXSID6044515,1840,0.0,0.0
DTXSID6044517,1840,0.0,0.0
DTXSID6044519,1840,0.0,0.0
DTXSID6044561,1840,0.0,0.0
DTXSID6044563,1840,0.0,0.0
DTXSID6044565,1840,0.0,0.0
DTXSID6044642,1840,0.999999292014029,1.0
DTXSID6044644,1840,0.0,0.0
DTXSID6044646,1840,0.0,0.0
DTXSID6044648,1840,0.0,0.0
DTXSID6044690,1840,0.0,0.0
DTXSID6044692,1840,0.0,0.0
DTXSID6044696,1840,0.0,0.0
DTXSID6044698,1840,0.0,0.0
DTXSID6044721,1840,0.0,0.0
DTXSID6044723,1840,0.0,0.0
DTXSID6044725,1840,0.0,0.0
DTXSID6044727,1840,0.0,0.0
DTXSID6044771,1840,0.0,0.0
DTXSID6044773,1840,0.0,0.0
DTXSID6044777,1840,0.0,0.0
DTXSID6044779,1840,,
DTXSID6044800,1840,0.0,0.0
DTXSID6044802,1840,0.0,0.0
DTXSID6044804,1840,0.0,0.0
DTXSID6044808,1840,0.0,0.0
DTXSID6044852,1840,0.0,0.0
DTXSID6044854,1840,0.0,0.0
DTXSID6044856,1840,0.0,0.0
DTXSID6044858,1840,0.0,0.0
DTXSID6044931,1840,0.0,0.0
DTXSID6044933,1840,0.0,0.0
DTXSID6044935,1840,0.0,0.0
DTXSID6044939,1840,0.0,0.0
DTXSID6044981,1840,0.0,0.0
DTXSID6044983,1840,0.0,0.0
DTXSID6044985,1840,0.0,0.0
DTXSID6044989,1840,0.0,0.0
DTXSID6045084,1840,0.0,0.0
DTXSID6045088,1840,0.0,0.0
DTXSID6045111,1840,0.0,0.0
DTXSID6045117,1840,0.0,0.0
DTXSID6045119,1840,1.2258858495986884e-18,0.0
DTXSID6045161,1840,,
DTXSID6045163,1840,0.0,0.0
DTXSID6045165,1840,0.0,0.0
DTXSID6045167,1840,0.0,0.0
DTXSID6045169,1840,0.0,0.0
DTXSID6045248,1840,0.0,0.0
DTXSID6045292,1840,0.0,0.0
DTXSID6045296,1840,0.0,0.0
DTXSID6045321,1840,0.0,0.0
DTXSID6045323,1840,0.0,0.0
DTXSID6045371,1840,0.0,0.0
DTXSID6045373,1840,2.6470015759232863e-19,0.0
DTXSID6045375,1840,0.0,0.0
DTXSID6045377,1840,0.018940023725961694,0.0
DTXSID6045400,1840,0.0,0.0
DTXSID6045452,1840,0.0,0.0
DTXSID6045531,1840,0.0,0.0
DTXSID6045533,1840,1.0818974161607632e-17,0.0
DTXSID6045583,1840,0.0,0.0
DTXSID6045587,1840,0.0,0.0
DTXSID6045614,1840,0.0,0.0
DTXSID6045616,1840,0.0,0.0
DTXSID6045618,1840,0.0,0.0
DTXSID6045660,1840,0.0,0.0
DTXSID6045662,1840,0.0,0.0
DTXSID6045666,1840,1.9196502091466732e-10,0.0
DTXSID6045668,1840,0.0,0.0
DTXSID6045741,1840,0.0,0.0
DTXSID6045743,1840,0.001707397512966016,0.0
DTXSID6045745,1840,0.0,0.0
DTXSID6045791,1840,3.648447931607724e-08,0.0
DTXSID6045820,1840,0.0,0.0
DTXSID6045828,1840,0.0,0.0
DTXSID6045870,1840,0.0,0.0
DTXSID6045874,1840,0.0,0.0
DTXSID6045878,1840,0.0,0.0
DTXSID6045901,1840,0.0,0.0
DTXSID6045907,1840,0.0,0.0
DTXSID6045909,1840,0.0,0.0
DTXSID6045953,1840,0.0,0.0
DTXSID6045955,1840,0.9999982242985105,1.0
DTXSID6045957,1840,2.8951429156490994e-07,0.0
DTXSID6046000,1840,0.0,0.0
DTXSID6046131,1840,0.0,0.0
DTXSID6046137,1840,2.515014705756613e-15,0.0
DTXSID6046181,1840,0.0,0.0
DTXSID6046216,1840,0.0,0.0
DTXSID6046260,1840,0.0,0.0
DTXSID6046264,1840,0.0,0.0
DTXSID6046266,1840,0.0,0.0
DTXSID6046341,1840,0.0,0.0
DTXSID6046343,1840,0.0,0.0
DTXSID6046345,1840,0.0,0.0
DTXSID6046347,1840,0.0,0.0
DTXSID6046349,1840,0.0,0.0
DTXSID6046391,1840,1.277383284521717e-16,0.0
DTXSID6046395,1840,0.0,0.0
DTXSID6046399,1840,,
DTXSID6046420,1840,0.0,0.0
DTXSID6046422,1840,0.0,0.0
DTXSID6046424,1840,0.0,0.0
DTXSID6046426,1840,0.0,0.0
DTXSID6046428,1840,0.0,0.0
DTXSID6046470,1840,0.0,0.0
DTXSID6046472,1840,0.999961927466782,1.0
DTXSID6046474,1840,0.0,0.0
DTXSID6046478,1840,0.0,0.0
DTXSID6046501,1840,0.0,0.0
DTXSID6046503,1840,0.0,0.0
DTXSID6046505,1840,0.0,0.0
DTXSID6046507,1840,0.9948749319604505,1.0
DTXSID6046553,1840,4.190476683451724e-10,0.0
DTXSID6046555,1840,0.0,0.0
DTXSID6046557,1840,0.0,0.0
DTXSID6046634,1840,0.0,0.0
DTXSID6046638,1840,0.0,0.0
DTXSID6046688,1840,0.0,0.0
DTXSID6046715,1840,0.0,0.0
DTXSID6046767,1840,0.0,0.0
DTXSID6046842,1840,0.0,0.0
DTXSID6046890,1840,0.0,0.0
DTXSID6046892,1840,0.0,0.0
DTXSID6046896,1840,0.0,0.0
DTXSID6046925,1840,0.0,0.0
DTXSID6046977,1840,0.0,0.0
DTXSID6046979,1840,0.0,0.0
DTXSID6047028,1840,0.0,0.0
DTXSID6047070,1840,0.0,0.0
DTXSID6047072,1840,0.0,0.0
DTXSID6047074,1840,0.0,0.0
DTXSID6047078,1840,0.0,0.0
DTXSID6047101,1840,0.0,0.0
DTXSID6047103,1840,0.0,0.0
DTXSID6047105,1840,0.0,0.0
DTXSID6047107,1840,0.0,0.0
DTXSID6047109,1840,0.0,0.0
DTXSID6047155,1840,0.0,0.0
DTXSID6047157,1840,0.0,0.0
DTXSID6047159,1840,0.0,0.0
DTXSID6047236,1840,0.0,0.0
DTXSID6047280,1840,1.3270407824791512e-14,0.0
DTXSID6047282,1840,0.0,0.0
DTXSID6047284,1840,0.0,0.0
DTXSID6047286,1840,0.0,0.0
DTXSID6047288,1840,0.9999739478980728,1.0
DTXSID6047311,1840,0.0,0.0
DTXSID6047313,1840,0.0,0.0
DTXSID6047315,1840,1.7700216072917596e-17,0.0
DTXSID6047319,1840,0.0,0.0
DTXSID6047363,1840,0.0,0.0
DTXSID6047369,1840,0.0,0.0
DTXSID6047440,1840,0.0,0.0
DTXSID6047444,1840,0.0,0.0
DTXSID6047446,1840,0.0,0.0
DTXSID6047448,1840,0.0,0.0
DTXSID6047490,1840,0.0,0.0
DTXSID6047498,1840,1.0,1.0
DTXSID6047523,1840,0.0,0.0
DTXSID6047525,1840,0.0,0.0
DTXSID6047527,1840,0.0,0.0
DTXSID6047529,1840,0.0,0.0
DTXSID6047579,1840,0.0,0.0
DTXSID6047602,1840,0.0,0.0
DTXSID6047604,1840,0.0,0.0
DTXSID6047606,1840,0.0,0.0
DTXSID6047608,1840,0.0,0.0
DTXSID6047654,1840,0.0,0.0
DTXSID6047656,1840,0.0,0.0
DTXSID6047781,1840,0.0,0.0
DTXSID6047783,1840,0.0,0.0
DTXSID6047785,1840,0.0,0.0
DTXSID6047787,1840,0.0,0.0
DTXSID6047789,1840,0.0,0.0
DTXSID6047818,1840,0.0,0.0
DTXSID6047941,1840,0.0,0.0
DTXSID6047943,1840,0.0,0.0
DTXSID6047945,1840,2.0227104842191176e-15,0.0
DTXSID6047947,1840,0.0,0.0
DTXSID6047949,1840,0.0,0.0
DTXSID6048171,1840,4.081426323533516e-19,0.0
DTXSID6048175,1840,0.0,0.0
DTXSID6048200,1840,0.0,0.0
DTXSID6048202,1840,0.0,0.0
DTXSID6048204,1840,0.0,0.0
DTXSID6048206,1840,0.0,0.0
DTXSID6048208,1840,0.0,0.0
DTXSID6048383,1840,0.0,0.0
DTXSID6048591,1840,0.0,0.0
DTXSID6048597,1840,0.0,0.0
DTXSID6048620,1840,0.0,0.0
DTXSID6048672,1840,0.0,0.0
DTXSID6048674,1840,0.0,0.0
DTXSID6048676,1840,0.0,0.0
DTXSID6048830,1840,0.0,0.0
DTXSID6048834,1840,0.0,0.0
DTXSID6048836,1840,0.0,0.0
DTXSID6048838,1840,0.0,0.0
DTXSID6048880,1840,0.0,0.0
DTXSID6048882,1840,0.0,0.0
DTXSID6048884,1840,0.0,0.0
DTXSID6048886,1840,0.0,0.0
DTXSID6048888,1840,0.0,0.0
DTXSID6048915,1840,0.0,0.0
DTXSID6048919,1840,0.0,0.0
DTXSID6048961,1840,,
DTXSID6048965,1840,0.0,0.0
DTXSID6048967,1840,0.9999156247677293,1.0
DTXSID6049018,1840,0.0,0.0
DTXSID6049060,1840,0.0,0.0
DTXSID6049064,1840,0.0,0.0
DTXSID6049066,1840,2.457547308413325e-06,0.0
DTXSID6049068,1840,0.0,0.0
DTXSID6049220,1840,0.0,0.0
DTXSID6049222,1840,0.0,0.0
DTXSID6049224,1840,0.0,0.0
DTXSID6049226,1840,0.0,0.0
DTXSID6049228,1840,0.0,0.0
DTXSID6049270,1840,0.0,0.0
DTXSID6049272,1840,0.0,0.0
DTXSID6049274,1840,0.0,0.0
DTXSID6049276,1840,0.0,0.0
DTXSID6049278,1840,0.0,0.0
DTXSID6049301,1840,0.0,0.0
DTXSID6049303,1840,0.0,0.0
DTXSID6049305,1840,0.0,0.0
DTXSID6049307,1840,0.0,0.0
DTXSID6049309,1840,0.0,0.0
DTXSID6049351,1840,0.9999999999987581,1.0
DTXSID6049353,1840,3.60874995637414e-17,0.0
DTXSID6049355,1840,0.0,0.0
DTXSID6049357,1840,6.964088701459507e-16,0.0
DTXSID6049359,1840,4.0217765281002494e-07,0.0
DTXSID6049430,1840,4.021252568331396e-11,0.0
DTXSID6049432,1840,0.0,0.0
DTXSID6049480,1840,0.0,0.0
DTXSID6049482,1840,0.0,0.0
DTXSID6049484,1840,0.0,0.0
DTXSID6049486,1840,0.0,0.0
DTXSID6049488,1840,0.0,0.0
DTXSID6049511,1840,0.0,0.0
DTXSID6049513,1840,0.0,0.0
DTXSID6049515,1840,0.0,0.0
DTXSID6049517,1840,0.0,0.0
DTXSID6049519,1840,0.0,0.0
DTXSID6049561,1840,0.0,0.0
DTXSID6050386,1840,0.0,0.0
DTXSID6051306,1840,0.9999986150137781,1.0
DTXSID6051560,1840,0.0,0.0
DTXSID6051564,1840,0.0,0.0
DTXSID6051566,1840,0.0,0.0
DTXSID6051695,1840,0.0,0.0
DTXSID6051724,1840,0.0,0.0
DTXSID6051778,1840,0.0,0.0
DTXSID6052112,1840,0.0,0.0
DTXSID6052291,1840,0.0,0.0
DTXSID6052295,1840,0.0,0.0
DTXSID6052299,1840,0.0,0.0
DTXSID6052328,1840,0.0,0.0
DTXSID6052536,1840,0.0,0.0
DTXSID6052538,1840,0.0,0.0
DTXSID6052619,1840,0.0,0.0
DTXSID6052740,1840,0.0,0.0
DTXSID6057611,1840,0.0,0.0
DTXSID6057613,1840,0.0,0.0
DTXSID6057615,1840,0.0,0.0
DTXSID6057617,1840,0.0,0.0
DTXSID6057619,1840,0.0,0.0
DTXSID6057661,1840,0.0,0.0
DTXSID6057663,1840,0.0,0.0
DTXSID6057665,1840,0.0,0.0
DTXSID6057667,1840,4.968552101703394e-19,0.0
DTXSID6057669,1840,0.0,0.0
DTXSID6057740,1840,0.0,0.0
DTXSID6057742,1840,0.0,0.0
DTXSID6057744,1840,0.0,0.0
DTXSID6057746,1840,0.0,0.0
DTXSID6057748,1840,0.0,0.0
DTXSID6057790,1840,0.0,0.0
DTXSID6057794,1840,0.0,0.0
DTXSID6057796,1840,0.0,0.0
DTXSID6057798,1840,0.0,0.0
DTXSID6057821,1840,1.2114748484775649e-12,0.0
DTXSID6057823,1840,0.0,0.0
DTXSID6057825,1840,0.0,0.0
DTXSID6057827,1840,0.0,0.0
DTXSID6057829,1840,0.0,0.0
DTXSID7020005,1840,0.0,0.0
DTXSID7020007,1840,0.0,0.0
DTXSID7020009,1840,0.0,0.0
DTXSID7020053,1840,0.0,0.0
DTXSID7020057,1840,0.0,0.0
DTXSID7020138,1840,0.0,0.0
DTXSID7020182,1840,0.0,0.0
DTXSID7020184,1840,0.9999999997735355,1.0
DTXSID7020211,1840,0.0,0.0
DTXSID7020213,1840,8.993025448499384e-13,0.0
DTXSID7020215,1840,0.0,0.0
DTXSID7020261,1840,0.0,0.0
DTXSID7020263,1840,0.0,0.0
DTXSID7020265,1840,0.0,0.0
DTXSID7020267,1840,0.999990567245522,1.0
DTXSID7020340,1840,0.0,0.0
DTXSID7020344,1840,7.782895994102745e-14,0.0
DTXSID7020348,1840,0.0,0.0
DTXSID7020390,1840,0.0,0.0
DTXSID7020392,1840,0.0,0.0
DTXSID7020398,1840,0.9999999999940611,1.0
DTXSID7020421,1840,0.0,0.0
DTXSID7020423,1840,0.0,0.0
DTXSID7020425,1840,0.9999999999999892,1.0
DTXSID7020427,1840,0.0,0.0
DTXSID7020479,1840,0.0,0.0
DTXSID7020504,1840,0.0,0.0
DTXSID7020508,1840,0.0,0.0
DTXSID7020550,1840,0.0,0.0
DTXSID7020552,1840,0.0,0.0
DTXSID7020558,1840,0.29679159316119713,0.0
DTXSID7020631,1840,0.0,0.0
DTXSID7020635,1840,0.14394347554081033,0.0
DTXSID7020681,1840,0.0,0.0
DTXSID7020683,1840,0.0,0.0
DTXSID7020685,1840,0.0,0.0
DTXSID7020687,1840,0.0015201636601091374,0.0
DTXSID7020689,1840,0.0,0.0
DTXSID7020710,1840,1.509146857518887e-06,0.0
DTXSID7020714,1840,0.0,0.0
DTXSID7020716,1840,0.999979232152412,1.0
DTXSID7020760,1840,0.0,0.0
DTXSID7020762,1840,1.2827701958331582e-12,0.0
DTXSID7020764,1840,1.384024344358532e-19,0.0
DTXSID7020766,1840,0.0,0.0
DTXSID7020768,1840,,
DTXSID7020841,1840,0.0,0.0
DTXSID7020843,1840,0.0,0.0
DTXSID7020845,1840,0.0,0.0
DTXSID7020847,1840,0.0,0.0
DTXSID7020893,1840,0.0,0.0
DTXSID7020895,1840,0.0,0.0
DTXSID7020899,1840,0.0,0.0
DTXSID7020920,1840,0.0,0.0
DTXSID7020922,1840,0.0,0.0
DTXSID7020928,1840,0.0,0.0
DTXSID7020970,1840,0.0,0.0
DTXSID7020972,1840,0.0,0.0
DTXSID7020976,1840,0.0,0.0
DTXSID7020978,1840,0.0,0.0
DTXSID7021027,1840,0.0,0.0
DTXSID7021029,1840,0.0,0.0
DTXSID7021100,1840,0.0,0.0
DTXSID7021102,1840,0.0,0.0
DTXSID7021104,1840,0.0,0.0
DTXSID7021106,1840,0.0,0.0
DTXSID7021150,1840,1.0,1.0
DTXSID7021152,1840,1.319995847004837e-19,0.0
DTXSID7021156,1840,0.0,0.0
DTXSID7021158,1840,0.0,0.0
DTXSID7021231,1840,0.0,0.0
DTXSID7021233,1840,0.9999991590336256,1.0
DTXSID7021235,1840,0.9999999999750616,1.0
DTXSID7021237,1840,0.0,0.0
DTXSID7021239,1840,0.0,0.0
DTXSID7021283,1840,5.607020565388939e-06,0.0
DTXSID7021287,1840,0.0,0.0
DTXSID7021289,1840,1.5730937061966925e-11,0.0
DTXSID7021312,1840,7.85832225436525e-09,0.0
DTXSID7021314,1840,0.9996817445623234,1.0
DTXSID7021316,1840,0.0,0.0
DTXSID7021318,1840,0.0,0.0
DTXSID7021360,1840,0.0,0.0
DTXSID7021362,1840,0.0,0.0
DTXSID7021364,1840,0.0,0.0
DTXSID7021366,1840,0.0,0.0
DTXSID7021368,1840,1.5971470425249685e-13,0.0
DTXSID7021491,1840,0.0,0.0
DTXSID7021493,1840,0.0,0.0
DTXSID7021495,1840,0.0,0.0
DTXSID7021499,1840,0.0,0.0
DTXSID7021520,1840,3.2506434255715857e-19,0.0
DTXSID7021524,1840,0.0,0.0
DTXSID7021526,1840,0.0,0.0
DTXSID7021576,1840,0.0,0.0
DTXSID7021601,1840,0.0,0.0
DTXSID7021603,1840,0.0,0.0
DTXSID7021605,1840,0.0,0.0
DTXSID7021607,1840,0.0,0.0
DTXSID7021653,1840,0.0,0.0
DTXSID7021655,1840,0.0,0.0
DTXSID7021657,1840,0.0,0.0
DTXSID7021659,1840,0.0,0.0
DTXSID7021780,1840,0.0,0.0
DTXSID7021782,1840,0.0,0.0
DTXSID7021784,1840,7.2889026652233326e-06,0.0
DTXSID7021788,1840,0.0,0.0
DTXSID7021815,1840,0.0,0.0
DTXSID7021817,1840,0.0,0.0
DTXSID7021861,1840,0.0,0.0
DTXSID7021863,1840,0.0,0.0
DTXSID7021867,1840,0.0,0.0
DTXSID7021869,1840,0.0,0.0
DTXSID7021940,1840,0.0,0.0
DTXSID7021946,1840,0.0,0.0
DTXSID7021948,1840,0.0,0.0
DTXSID7021992,1840,0.0,0.0
DTXSID7021994,1840,0.0,0.0
DTXSID7021996,1840,0.0,0.0
DTXSID7021998,1840,0.0,0.0
DTXSID7022043,1840,0.0,0.0
DTXSID7022049,1840,0.0,0.0
DTXSID7022093,1840,0.0,0.0
DTXSID7022120,1840,0.0,0.0
DTXSID7022124,1840,0.0,0.0
DTXSID7022128,1840,0.0,0.0
DTXSID7022170,1840,0.0,0.0
DTXSID7022172,1840,0.0,0.0
DTXSID7022174,1840,0.0,0.0
DTXSID7022253,1840,0.0,0.0
DTXSID7022332,1840,3.3591037334089565e-16,0.0
DTXSID7022382,1840,0.0,0.0
DTXSID7022384,1840,0.9999979313293654,1.0
DTXSID7022411,1840,0.0,0.0
DTXSID7022413,1840,0.0,0.0
DTXSID7022415,1840,0.0,0.0
DTXSID7022417,1840,0.0,0.0
DTXSID7022540,1840,0.0,0.0
DTXSID7022544,1840,0.0,0.0
DTXSID7022546,1840,0.0,0.0
DTXSID7022590,1840,0.0,0.0
DTXSID7022592,1840,0.0004573189044687935,0.0
DTXSID7022598,1840,0.0,0.0
DTXSID7022629,1840,3.2294294773580115e-15,0.0
DTXSID7022673,1840,0.0,0.0
DTXSID7022679,1840,0.0,0.0
DTXSID7022704,1840,0.0,0.0
DTXSID7022833,1840,0.0,0.0
DTXSID7022835,1840,0.0,0.0
DTXSID7022837,1840,0.0,0.0
DTXSID7022883,1840,0.0,0.0
DTXSID7022910,1840,0.0,0.0
DTXSID7022912,1840,0.0,0.0
DTXSID7022914,1840,0.0,0.0
DTXSID7022918,1840,0.0,0.0
DTXSID7022968,1840,0.0,0.0
DTXSID7023011,1840,0.0,0.0
DTXSID7023019,1840,0.0,0.0
DTXSID7023061,1840,0.0,0.0
DTXSID7023063,1840,0.0,0.0
DTXSID7023067,1840,4.786141744241248e-13,0.0
DTXSID7023140,1840,0.0,0.0
DTXSID7023146,1840,0.0,0.0
DTXSID7023148,1840,0.0,0.0
DTXSID7023190,1840,0.0,0.0
DTXSID7023192,1840,0.0,0.0
DTXSID7023194,1840,0.0,0.0
DTXSID7023221,1840,0.0,0.0
DTXSID7023227,1840,0.0,0.0
DTXSID7023271,1840,0.0,0.0
DTXSID7023277,1840,0.0,0.0
DTXSID7023300,1840,0.0,0.0
DTXSID7023350,1840,0.0,0.0
DTXSID7023352,1840,0.0,0.0
DTXSID7023356,1840,0.0,0.0
DTXSID7023437,1840,0.0,0.0
DTXSID7023481,1840,0.0,0.0
DTXSID7023485,1840,0.0,0.0
DTXSID7023487,1840,0.0,0.0
DTXSID7023510,1840,0.0,0.0
DTXSID7023512,1840,0.0,0.0
DTXSID7023516,1840,0.0,0.0
DTXSID7023518,1840,0.0,0.0
DTXSID7023568,1840,0.0,0.0
DTXSID7023645,1840,0.0,0.0
DTXSID7023691,1840,0.0,0.0
DTXSID7023697,1840,0.0,0.0
DTXSID7023699,1840,0.0,0.0
DTXSID7023722,1840,0.0,0.0
DTXSID7023724,1840,0.0,0.0
DTXSID7023853,1840,0.0,0.0
DTXSID7023930,1840,0.0,0.0
DTXSID7023932,1840,3.867942552303744e-08,0.0
DTXSID7023936,1840,0.0,0.0
DTXSID7023938,1840,0.0,0.0
DTXSID7023980,1840,0.0,0.0
DTXSID7023986,1840,0.0,0.0
DTXSID7024031,1840,0.0,0.0
DTXSID7024035,1840,0.0,0.0
DTXSID7024081,1840,0.0,0.0
DTXSID7024085,1840,0.0,0.0
DTXSID7024087,1840,0.0,0.0
DTXSID7024110,1840,0.0,0.0
DTXSID7024112,1840,0.0,0.0
DTXSID7024160,1840,0.0,0.0
DTXSID7024164,1840,0.0,0.0
DTXSID7024166,1840,0.0,0.0
DTXSID7024241,1840,8.174263841892817e-20,0.0
DTXSID7024245,1840,0.0,0.0
DTXSID7024247,1840,0.0,0.0
DTXSID7024291,1840,0.0,0.0
DTXSID7024299,1840,8.646013742000612e-18,0.0
DTXSID7024320,1840,0.0,0.0
DTXSID7024328,1840,0.0,0.0
DTXSID7024370,1840,0.0,0.0
DTXSID7024376,1840,0.0,0.0
DTXSID7024409,1840,0.0,0.0
DTXSID7024455,1840,0.0,0.0
DTXSID7024457,1840,,
DTXSID7024532,1840,0.0,0.0
DTXSID7024534,1840,0.0,0.0
DTXSID7024538,1840,0.0,0.0
DTXSID7024580,1840,0.0,0.0
DTXSID7024586,1840,0.0,0.0
DTXSID7024615,1840,0.0,0.0
DTXSID7024661,1840,0.0,0.0
DTXSID7024667,1840,0.0,0.0
DTXSID7024740,1840,0.0,0.0
DTXSID7024742,1840,0.0,0.0
DTXSID7024798,1840,0.0,0.0
DTXSID7024821,1840,0.0,0.0
DTXSID7024827,1840,0.014870312177698948,0.0
DTXSID7024873,1840,0.0,0.0
DTXSID7024875,1840,,
DTXSID7024902,1840,0.9999998436728326,1.0
DTXSID7024904,1840,4.5875049944549734e-12,0.0
DTXSID7024906,1840,5.925648772470874e-20,0.0
DTXSID7024950,1840,0.0,0.0
DTXSID7024952,1840,0.0,0.0
DTXSID7024956,1840,0.9999999999999505,1.0
DTXSID7025001,1840,0.0,0.0
DTXSID7025003,1840,0.0,0.0
DTXSID7025005,1840,0.0,0.0
DTXSID7025051,1840,0.0,0.0
DTXSID7025053,1840,0.0,0.0
DTXSID7025055,1840,0.0,0.0
DTXSID7025130,1840,0.0,0.0
DTXSID7025132,1840,0.0,0.0
DTXSID7025134,1840,3.414663860696066e-17,0.0
DTXSID7025136,1840,0.0,0.0
DTXSID7025138,1840,0.9999885873239379,1.0
DTXSID7025180,1840,0.0,0.0
DTXSID7025215,1840,0.0,0.0
DTXSID7025217,1840,0.0,0.0
DTXSID7025219,1840,5.41613701175067e-09,0.0
DTXSID7025269,1840,0.0,0.0
DTXSID7025342,1840,0.0,0.0
DTXSID7025346,1840,0.0,0.0
DTXSID7025390,1840,0.0,0.0
DTXSID7025394,1840,0.0,0.0
DTXSID7025421,1840,0.0,0.0
DTXSID7025423,1840,0.0,0.0
DTXSID7025425,1840,0.0,0.0
DTXSID7025427,1840,1.823422163339835e-19,0.0
DTXSID7025429,1840,0.6472023235405912,0.0
DTXSID7025479,1840,0.0,0.0
DTXSID7025502,1840,0.0,0.0
DTXSID7025506,1840,0.0,0.0
DTXSID7025508,1840,0.0,0.0
DTXSID7025558,1840,0.0,0.0
DTXSID7025633,1840,0.0,0.0
DTXSID7025635,1840,0.0,0.0
DTXSID7025637,1840,0.0,0.0
DTXSID7025639,1840,0.0,0.0
DTXSID7025689,1840,0.0,0.0
DTXSID7025716,1840,0.999987689832612,1.0
DTXSID7025764,1840,0.0,0.0
DTXSID7025768,1840,0.0,0.0
DTXSID7025849,1840,0.0,0.0
DTXSID7025895,1840,2.568262959730878e-11,0.0
DTXSID7025922,1840,0.0,0.0
DTXSID7025924,1840,0.0,0.0
DTXSID7025926,1840,0.0,0.0
DTXSID7025972,1840,0.0,0.0
DTXSID7026025,1840,0.0,0.0
DTXSID7026029,1840,0.0,0.0
DTXSID7026102,1840,0.0,0.0
DTXSID7026108,1840,0.0,0.0
DTXSID7026156,1840,0.0,0.0
DTXSID7026231,1840,0.0,0.0
DTXSID7026235,1840,0.0,0.0
DTXSID7026285,1840,0.0,0.0
DTXSID7026314,1840,1.0,1.0
DTXSID7026318,1840,0.0,0.0
DTXSID7026366,1840,0.0,0.0
DTXSID7026368,1840,0.0,0.0
DTXSID7026441,1840,0.0,0.0
DTXSID7026499,1840,0.0,0.0
DTXSID7026520,1840,0.0,0.0
DTXSID7026526,1840,0.0,0.0
DTXSID7026528,1840,0.0,0.0
DTXSID7026572,1840,0.0,0.0
DTXSID7026605,1840,0.0,0.0
DTXSID7026609,1840,0.0,0.0
DTXSID7026653,1840,0.0,0.0
DTXSID7026655,1840,2.2250754499725843e-06,0.0
DTXSID7026811,1840,1.2711616031822393e-16,0.0
DTXSID7026863,1840,0.0,0.0
DTXSID7026867,1840,0.0,0.0
DTXSID7026946,1840,0.0,0.0
DTXSID7026994,1840,0.0,0.0
DTXSID7026998,1840,0.0,0.0
DTXSID7027041,1840,8.108594715249295e-14,0.0
DTXSID7027043,1840,0.0,0.0
DTXSID7027047,1840,0.0,0.0
DTXSID7027049,1840,0.0,0.0
DTXSID7027097,1840,0.0,0.0
DTXSID7027099,1840,0.0,0.0
DTXSID7027120,1840,0.0,0.0
DTXSID7027122,1840,0.0,0.0
DTXSID7027174,1840,0.0,0.0
DTXSID7027178,1840,0.0,0.0
DTXSID7027201,1840,0.0,0.0
DTXSID7027205,1840,0.0,0.0
DTXSID7027253,1840,0.0,0.0
DTXSID7027259,1840,0.0,0.0
DTXSID7027334,1840,0.0,0.0
DTXSID7027338,1840,0.0,0.0
DTXSID7027386,1840,0.0,0.0
DTXSID7027388,1840,0.0,0.0
DTXSID7027413,1840,0.0,0.0
DTXSID7027461,1840,8.921027319799653e-17,0.0
DTXSID7027467,1840,0.0,0.0
DTXSID7027540,1840,0.0,0.0
DTXSID7027542,1840,0.0,0.0
DTXSID7027544,1840,0.0,0.0
DTXSID7027546,1840,0.0,0.0
DTXSID7027594,1840,1.575544595239534e-15,0.0
DTXSID7027596,1840,0.0,0.0
DTXSID7027598,1840,0.0,0.0
DTXSID7027625,1840,0.0,0.0
DTXSID7027756,1840,0.0,0.0
DTXSID7027833,1840,0.0,0.0
DTXSID7027835,1840,0.0,0.0
DTXSID7027837,1840,0.0,0.0
DTXSID7027887,1840,0.0,0.0
DTXSID7027916,1840,0.0,0.0
DTXSID7027966,1840,0.0,0.0
DTXSID7028011,1840,0.0,0.0
DTXSID7028013,1840,0.0,0.0
DTXSID7028015,1840,,
DTXSID7028300,1840,0.0,0.0
DTXSID7028306,1840,0.0,0.0
DTXSID7028774,1840,0.0,0.0
DTXSID7028776,1840,0.0,0.0
DTXSID7029110,1840,0.0,0.0
DTXSID7029160,1840,0.0,0.0
DTXSID7029162,1840,0.0,0.0
DTXSID7029164,1840,0.0,0.0
DTXSID7029166,1840,0.0,0.0
DTXSID7029241,1840,0.9999999844459971,1.0
DTXSID7029247,1840,0.0,0.0
DTXSID7029249,1840,0.0,0.0
DTXSID7029299,1840,0.0,0.0
DTXSID7029320,1840,0.0,0.0
DTXSID7029534,1840,0.0,0.0
DTXSID7029611,1840,0.0,0.0
DTXSID7029617,1840,0.0,0.0
DTXSID7029619,1840,0.0,0.0
DTXSID7029661,1840,0.0,0.0
DTXSID7029665,1840,0.0,0.0
DTXSID7029871,1840,0.0,0.0
DTXSID7029879,1840,0.9999296344326131,1.0
DTXSID7029904,1840,0.0,0.0
DTXSID7030060,1840,0.0,0.0
DTXSID7030197,1840,0.0,0.0
DTXSID7030307,1840,0.0,0.0
DTXSID7030432,1840,0.0,0.0
DTXSID7030698,1840,0.0,0.0
DTXSID7031248,1840,0.0,0.0
DTXSID7031290,1840,0.0,0.0
DTXSID7031294,1840,0.0,0.0
DTXSID7031458,1840,0.0,0.0
DTXSID7031531,1840,0.0,0.0
DTXSID7031797,1840,0.0,0.0
DTXSID7031903,1840,0.0,0.0
DTXSID7032004,1840,3.224540237363035e-10,0.0
DTXSID7032345,1840,0.9905245417230844,1.0
DTXSID7032393,1840,0.0,0.0
DTXSID7032424,1840,0.0,0.0
DTXSID7032470,1840,0.0,0.0
DTXSID7032474,1840,0.0,0.0
DTXSID7032551,1840,0.9998204342092744,1.0
DTXSID7032553,1840,0.0,0.0
DTXSID7032555,1840,0.0,0.0
DTXSID7032559,1840,0.0,0.0
DTXSID7032630,1840,0.0,0.0
DTXSID7032638,1840,0.0,0.0
DTXSID7032688,1840,0.0,0.0
DTXSID7033105,1840,0.0,0.0
DTXSID7034042,1840,0.9999999999994456,1.0
DTXSID7034250,1840,1.4005902819071752e-16,0.0
DTXSID7034252,1840,0.0,0.0
DTXSID7034383,1840,0.0,0.0
DTXSID7034460,1840,0.0,0.0
DTXSID7034545,1840,0.0,0.0
DTXSID7034549,1840,0.0,0.0
DTXSID7034624,1840,2.7280013308962747e-16,0.0
DTXSID7034672,1840,1.3707462594903867e-14,0.0
DTXSID7034674,1840,0.9989854133555032,1.0
DTXSID7034676,1840,0.0,0.0
DTXSID7034836,1840,0.0,0.0
DTXSID7034961,1840,0.0,0.0
DTXSID7035010,1840,0.0,0.0
DTXSID7035272,1840,0.0,0.0
DTXSID7035305,1840,0.0,0.0
DTXSID7037131,1840,0.0,0.0
DTXSID7037185,1840,0.00010603801210224263,0.0
DTXSID7037262,1840,0.0,0.0
DTXSID7037478,1840,0.0,0.0
DTXSID7037551,1840,0.0,0.0
DTXSID7037553,1840,0.0,0.0
DTXSID7037555,1840,0.0,0.0
DTXSID7037680,1840,0.0,0.0
DTXSID7037715,1840,0.0,0.0
DTXSID7037717,1840,0.0,0.0
DTXSID7038317,1840,0.0,0.0
DTXSID7038810,1840,0.0,0.0
DTXSID7038814,1840,0.0,0.0
DTXSID7038818,1840,0.0,0.0
DTXSID7038864,1840,0.9998708615985433,1.0
DTXSID7040152,1840,0.0,0.0
DTXSID7040154,1840,0.0,0.0
DTXSID7040283,1840,0.9876994731801757,1.0
DTXSID7040285,1840,0.0,0.0
DTXSID7040287,1840,0.0,0.0
DTXSID7040289,1840,0.0,0.0
DTXSID7040316,1840,0.0,0.0
DTXSID7040360,1840,0.0,0.0
DTXSID7040362,1840,1.9111918522423542e-17,0.0
DTXSID7040449,1840,0.0,0.0
DTXSID7040526,1840,0.0,0.0
DTXSID7040653,1840,0.0,0.0
DTXSID7040657,1840,1.95910293404412e-12,0.0
DTXSID7040732,1840,0.0,0.0
DTXSID7040734,1840,0.0,0.0
DTXSID7040736,1840,0.0,0.0
DTXSID7040738,1840,0.0,0.0
DTXSID7040784,1840,0.0,0.0
DTXSID7040788,1840,5.1616889485838514e-17,0.0
DTXSID7040948,1840,0.0,0.0
DTXSID7040990,1840,0.0,0.0
DTXSID7041047,1840,0.0,0.0
DTXSID7041097,1840,0.0,0.0
DTXSID7041126,1840,0.0,0.0
DTXSID7041178,1840,3.768299794416688e-12,0.0
DTXSID7041201,1840,0.0,0.0
DTXSID7041209,1840,0.0,0.0
DTXSID7041253,1840,0.0,0.0
DTXSID7041336,1840,0.0,0.0
DTXSID7041388,1840,0.0,0.0
DTXSID7041411,1840,0.0,0.0
DTXSID7041413,1840,0.0,0.0
DTXSID7041417,1840,0.0,0.0
DTXSID7041461,1840,1.0,1.0
DTXSID7041467,1840,0.0,0.0
DTXSID7041540,1840,0.0,0.0
DTXSID7041544,1840,0.001455229483791082,0.0
DTXSID7041621,1840,0.0,0.0
DTXSID7041623,1840,0.0,0.0
DTXSID7041625,1840,0.0,0.0
DTXSID7041627,1840,0.0,0.0
DTXSID7041629,1840,0.0,0.0
DTXSID7041671,1840,0.0,0.0
DTXSID7041675,1840,0.0,0.0
DTXSID7041708,1840,0.0,0.0
DTXSID7041752,1840,0.9948215720350831,1.0
DTXSID7041756,1840,0.0,0.0
DTXSID7041883,1840,0.0,0.0
DTXSID7041887,1840,0.9999618010105664,1.0
DTXSID7041889,1840,0.0,0.0
DTXSID7041910,1840,0.0,0.0
DTXSID7041914,1840,0.0,0.0
DTXSID7041916,1840,0.0,0.0
DTXSID7041918,1840,0.0,0.0
DTXSID7041962,1840,0.0,0.0
DTXSID7041964,1840,0.0,0.0
DTXSID7041966,1840,0.0,0.0
DTXSID7042011,1840,0.0,0.0
DTXSID7042019,1840,0.0,0.0
DTXSID7042061,1840,0.0,0.0
DTXSID7042063,1840,0.0,0.0
DTXSID7042065,1840,0.0,0.0
DTXSID7042140,1840,0.0,0.0
DTXSID7042146,1840,0.0,0.0
DTXSID7042190,1840,0.0,0.0
DTXSID7042196,1840,0.0,0.0
DTXSID7042198,1840,0.0,0.0
DTXSID7042273,1840,9.330265365830768e-05,0.0
DTXSID7042279,1840,0.0,0.0
DTXSID7042352,1840,0.0,0.0
DTXSID7042356,1840,0.0,0.0
DTXSID7042437,1840,0.0,0.0
DTXSID7042514,1840,0.0,0.0
DTXSID7043829,1840,0.9516870654626529,1.0
DTXSID7043873,1840,0.0,0.0
DTXSID7043902,1840,0.0,0.0
DTXSID7043908,1840,0.0,0.0
DTXSID7043950,1840,0.0,0.0
DTXSID7044132,1840,0.0,0.0
DTXSID7044215,1840,0.0,0.0
DTXSID7044217,1840,0.0,0.0
DTXSID7044267,1840,0.0,0.0
DTXSID7044340,1840,0.0,0.0
DTXSID7044342,1840,0.0,0.0
DTXSID7044346,1840,1.6796598748096022e-10,0.0
DTXSID7044390,1840,1.0360283788859448e-07,0.0
DTXSID7044392,1840,0.0,0.0
DTXSID7044394,1840,0.0,0.0
DTXSID7044396,1840,0.0,0.0
DTXSID7044398,1840,0.0,0.0
DTXSID7044421,1840,0.0,0.0
DTXSID7044423,1840,0.0,0.0
DTXSID7044425,1840,0.0,0.0
DTXSID7044427,1840,0.0,0.0
DTXSID7044429,1840,0.0,0.0
DTXSID7044471,1840,0.0,0.0
DTXSID7044473,1840,0.0,0.0
DTXSID7044475,1840,0.0,0.0
DTXSID7044479,1840,0.0,0.0
DTXSID7044500,1840,0.0,0.0
DTXSID7044502,1840,0.0,0.0
DTXSID7044504,1840,0.0,0.0
DTXSID7044506,1840,0.0,0.0
DTXSID7044508,1840,0.0,0.0
DTXSID7044552,1840,0.0,0.0
DTXSID7044554,1840,0.0,0.0
DTXSID7044558,1840,0.9999992034913311,1.0
DTXSID7044631,1840,0.0,0.0
DTXSID7044633,1840,0.0,0.0
DTXSID7044635,1840,0.0,0.0
DTXSID7044639,1840,0.9999999999124145,1.0
DTXSID7044681,1840,0.0,0.0
DTXSID7044685,1840,0.0,0.0
DTXSID7044689,1840,0.0,0.0
DTXSID7044710,1840,0.0,0.0
DTXSID7044712,1840,0.0,0.0
DTXSID7044714,1840,0.0,0.0
DTXSID7044716,1840,0.0,0.0
DTXSID7044718,1840,0.0,0.0
DTXSID7044760,1840,0.0,0.0
DTXSID7044762,1840,0.0,0.0
DTXSID7044764,1840,0.0,0.0
DTXSID7044768,1840,0.0,0.0
DTXSID7044841,1840,0.9999996601155867,1.0
DTXSID7044843,1840,0.9979146066823528,1.0
DTXSID7044845,1840,0.0,0.0
DTXSID7044847,1840,0.0,0.0
DTXSID7044849,1840,0.0,0.0
DTXSID7044893,1840,0.0,0.0
DTXSID7044895,1840,0.0,0.0
DTXSID7044897,1840,0.0,0.0
DTXSID7044899,1840,0.0,0.0
DTXSID7044922,1840,0.0,0.0
DTXSID7044926,1840,0.0,0.0
DTXSID7044928,1840,0.0,0.0
DTXSID7044970,1840,0.0,0.0
DTXSID7044972,1840,0.0,0.0
DTXSID7044974,1840,0.0,0.0
DTXSID7044976,1840,0.0,0.0
DTXSID7044978,1840,0.0,0.0
DTXSID7045029,1840,0.0,0.0
DTXSID7045152,1840,2.5467111442758354e-08,0.0
DTXSID7045158,1840,0.0,0.0
DTXSID7045281,1840,0.0,0.0
DTXSID7045287,1840,0.0,0.0
DTXSID7045310,1840,0.0,0.0
DTXSID7045312,1840,0.0,0.0
DTXSID7045316,1840,0.0,0.0
DTXSID7045364,1840,1.0377284410778252e-13,0.0
DTXSID7045366,1840,0.0,0.0
DTXSID7045368,1840,0.0,0.0
DTXSID7045441,1840,0.0,0.0
DTXSID7045447,1840,0.0,0.0
DTXSID7045493,1840,0.0,0.0
DTXSID7045497,1840,0.0,0.0
DTXSID7045522,1840,0.0,0.0
DTXSID7045526,1840,0.0,0.0
DTXSID7045570,1840,0.0,0.0
DTXSID7045572,1840,0.0,0.0
DTXSID7045574,1840,0.0,0.0
DTXSID7045576,1840,0.0,0.0
DTXSID7045578,1840,0.0,0.0
DTXSID7045601,1840,0.0,0.0
DTXSID7045607,1840,1.3446535930702999e-14,0.0
DTXSID7045651,1840,0.0,0.0
DTXSID7045653,1840,0.0,0.0
DTXSID7045655,1840,0.0,0.0
DTXSID7045659,1840,0.0,0.0
DTXSID7045788,1840,0.0,0.0
DTXSID7045811,1840,7.034470367795572e-13,0.0
DTXSID7045813,1840,0.0,0.0
DTXSID7045815,1840,0.0,0.0
DTXSID7045863,1840,9.293101828705248e-19,0.0
DTXSID7045867,1840,3.4330315760082137e-15,0.0
DTXSID7045940,1840,0.0,0.0
DTXSID7045942,1840,0.0,0.0
DTXSID7045946,1840,0.0,0.0
DTXSID7045948,1840,0.0,0.0
DTXSID7045996,1840,0.0,0.0
DTXSID7046041,1840,0.0,0.0
DTXSID7046045,1840,0.0,0.0
DTXSID7046047,1840,0.0,0.0
DTXSID7046091,1840,5.5626520080475414e-18,0.0
DTXSID7046093,1840,0.0,0.0
DTXSID7046095,1840,0.0,0.0
DTXSID7046126,1840,0.0,0.0
DTXSID7046128,1840,0.0,0.0
DTXSID7046174,1840,0.0,0.0
DTXSID7046176,1840,0.0,0.0
DTXSID7046201,1840,0.0,0.0
DTXSID7046207,1840,0.0,0.0
DTXSID7046332,1840,0.0,0.0
DTXSID7046384,1840,0.0,0.0
DTXSID7046386,1840,0.0,0.0
DTXSID7046388,1840,0.0,0.0
DTXSID7046415,1840,0.0,0.0
DTXSID7046417,1840,0.0,0.0
DTXSID7046419,1840,0.0,0.0
DTXSID7046461,1840,0.0,0.0
DTXSID7046463,1840,7.063523027898294e-08,0.0
DTXSID7046465,1840,0.0,0.0
DTXSID7046467,1840,0.0,0.0
DTXSID7046594,1840,0.0,0.0
DTXSID7046623,1840,0.0,0.0
DTXSID7046627,1840,0.0,0.0
DTXSID7046673,1840,0.0,0.0
DTXSID7046675,1840,1.5224524269623248e-16,0.0
DTXSID7046677,1840,0.0,0.0
DTXSID7046706,1840,0.0,0.0
DTXSID7046756,1840,0.0,0.0
DTXSID7046831,1840,0.0,0.0
DTXSID7046887,1840,0.0,0.0
DTXSID7046889,1840,6.253112134488696e-17,0.0
DTXSID7046910,1840,0.0,0.0
DTXSID7046912,1840,0.0,0.0
DTXSID7046914,1840,0.0,0.0
DTXSID7046966,1840,0.0,0.0
DTXSID7047061,1840,0.0,0.0
DTXSID7047065,1840,0.0,0.0
DTXSID7047067,1840,0.0,0.0
DTXSID7047140,1840,0.0,0.0
DTXSID7047142,1840,0.0,0.0
DTXSID7047144,1840,0.9998570633537535,1.0
DTXSID7047146,1840,0.0,0.0
DTXSID7047190,1840,0.0,0.0
DTXSID7047192,1840,3.9505689751712414e-19,0.0
DTXSID7047196,1840,0.0,0.0
DTXSID7047198,1840,0.0,0.0
DTXSID7047271,1840,0.9999969085834901,1.0
DTXSID7047277,1840,0.9983790078214337,1.0
DTXSID7047279,1840,0.0,0.0
DTXSID7047304,1840,4.840742614314448e-13,0.0
DTXSID7047306,1840,0.0,0.0
DTXSID7047308,1840,2.595233726554621e-08,0.0
DTXSID7047356,1840,0.0,0.0
DTXSID7047358,1840,0.0,0.0
DTXSID7047433,1840,0.0,0.0
DTXSID7047435,1840,0.0,0.0
DTXSID7047437,1840,0.0,0.0
DTXSID7047439,1840,0.0,0.0
DTXSID7047487,1840,0.0,0.0
DTXSID7047510,1840,0.0,0.0
DTXSID7047512,1840,0.0,0.0
DTXSID7047518,1840,0.0,0.0
DTXSID7047560,1840,0.0,0.0
DTXSID7047562,1840,0.0,0.0
DTXSID7047568,1840,0.0,0.0
DTXSID7047641,1840,0.0,0.0
DTXSID7047643,1840,0.0,0.0
DTXSID7047645,1840,0.0,0.0
DTXSID7047647,1840,0.0,0.0
DTXSID7047649,1840,0.0,0.0
DTXSID7047691,1840,0.0,0.0
DTXSID7047693,1840,0.0,0.0
DTXSID7047697,1840,1.1169600752764226e-13,0.0
DTXSID7047726,1840,0.0,0.0
DTXSID7047772,1840,0.0,0.0
DTXSID7047774,1840,6.074682176842995e-19,0.0
DTXSID7047776,1840,0.0,0.0
DTXSID7047801,1840,0.0,0.0
DTXSID7047803,1840,0.0,0.0
DTXSID7047807,1840,0.0,0.0
DTXSID7047853,1840,0.0,0.0
DTXSID7047930,1840,0.0,0.0
DTXSID7047932,1840,0.0,0.0
DTXSID7047934,1840,0.0,0.0
DTXSID7047936,1840,0.0,0.0
DTXSID7047938,1840,0.0,0.0
DTXSID7048166,1840,0.0,0.0
DTXSID7048168,1840,4.4210492916565066e-15,0.0
DTXSID7048580,1840,0.0,0.0
DTXSID7048582,1840,0.0,0.0
DTXSID7048619,1840,0.9255091737053474,1.0
DTXSID7048661,1840,0.0,0.0
DTXSID7048669,1840,0.0,0.0
DTXSID7048740,1840,0.0,0.0
DTXSID7048744,1840,0.0,0.0
DTXSID7048746,1840,6.016287980384846e-11,0.0
DTXSID7048790,1840,5.06471189963122e-16,0.0
DTXSID7048792,1840,0.0,0.0
DTXSID7048794,1840,0.0,0.0
DTXSID7048796,1840,0.0,0.0
DTXSID7048798,1840,0.7432453011537288,0.0
DTXSID7048821,1840,0.0,0.0
DTXSID7048823,1840,0.0,0.0
DTXSID7048825,1840,0.0,0.0
DTXSID7048827,1840,0.0,0.0
DTXSID7048829,1840,0.0,0.0
DTXSID7048871,1840,0.0,0.0
DTXSID7048873,1840,0.0,0.0
DTXSID7048875,1840,0.0,0.0
DTXSID7048877,1840,7.38050060726421e-17,0.0
DTXSID7048879,1840,0.0,0.0
DTXSID7048900,1840,0.0,0.0
DTXSID7048902,1840,0.0,0.0
DTXSID7048904,1840,,
DTXSID7048908,1840,0.0,0.0
DTXSID7048954,1840,0.0,0.0
DTXSID7049003,1840,0.0,0.0
DTXSID7049007,1840,0.0,0.0
DTXSID7049051,1840,5.406093405314945e-09,0.0
DTXSID7049055,1840,0.0,0.0
DTXSID7049059,1840,0.0,0.0
DTXSID7049211,1840,0.0,0.0
DTXSID7049213,1840,0.0,0.0
DTXSID7049215,1840,0.0,0.0
DTXSID7049217,1840,0.0,0.0
DTXSID7049219,1840,0.0,0.0
DTXSID7049261,1840,0.0,0.0
DTXSID7049263,1840,0.0,0.0
DTXSID7049265,1840,0.0,0.0
DTXSID7049267,1840,0.0,0.0
DTXSID7049269,1840,0.0,0.0
DTXSID7049340,1840,0.0,0.0
DTXSID7049342,1840,0.0,0.0
DTXSID7049344,1840,0.0,0.0
DTXSID7049346,1840,0.0,0.0
DTXSID7049348,1840,0.0,0.0
DTXSID7049390,1840,0.0,0.0
DTXSID7049392,1840,0.0,0.0
DTXSID7049394,1840,0.0,0.0
DTXSID7049396,1840,0.0,0.0
DTXSID7049398,1840,0.0,0.0
DTXSID7049421,1840,0.0,0.0
DTXSID7049423,1840,0.0,0.0
DTXSID7049425,1840,0.0,0.0
DTXSID7049427,1840,0.0,0.0
DTXSID7049429,1840,0.0,0.0
DTXSID7049471,1840,0.0,0.0
DTXSID7049473,1840,0.0,0.0
DTXSID7049475,1840,0.0,0.0
DTXSID7049477,1840,0.0,0.0
DTXSID7049479,1840,0.0,0.0
DTXSID7049500,1840,0.0,0.0
DTXSID7049502,1840,0.0,0.0
DTXSID7049504,1840,0.0,0.0
DTXSID7049506,1840,0.0,0.0
DTXSID7049508,1840,0.0,0.0
DTXSID7049550,1840,0.0,0.0
DTXSID7049552,1840,0.0,0.0
DTXSID7049554,1840,0.0,0.0
DTXSID7049556,1840,1.3975591889744742e-16,0.0
DTXSID7049558,1840,0.0,0.0
DTXSID7051474,1840,0.0,0.0
DTXSID7051557,1840,0.0,0.0
DTXSID7051715,1840,0.0,0.0
DTXSID7051890,1840,0.0,0.0
DTXSID7052101,1840,0.0,0.0
DTXSID7052109,1840,0.0,0.0
DTXSID7052284,1840,0.0,0.0
DTXSID7052288,1840,0.0,0.0
DTXSID7052311,1840,0.0,0.0
DTXSID7052319,1840,0.0,0.0
DTXSID7052446,1840,0.0,0.0
DTXSID7052529,1840,0.0,0.0
DTXSID7052571,1840,0.0,0.0
DTXSID7052573,1840,0.0,0.0
DTXSID7052577,1840,0.0,0.0
DTXSID7052602,1840,0.0,0.0
DTXSID7052652,1840,0.0,0.0
DTXSID7052654,1840,3.9292746476961676e-13,0.0
DTXSID7052735,1840,0.0,0.0
DTXSID7052860,1840,0.0,0.0
DTXSID7052866,1840,0.0,0.0
DTXSID7057602,1840,0.0,0.0
DTXSID7057604,1840,0.0,0.0
DTXSID7057606,1840,0.0,0.0
DTXSID7057608,1840,0.0,0.0
DTXSID7057650,1840,0.0,0.0
DTXSID7057652,1840,0.0,0.0
DTXSID7057654,1840,0.0,0.0
DTXSID7057656,1840,0.0,0.0
DTXSID7057658,1840,0.0,0.0
DTXSID7057731,1840,1.5855069537418452e-12,0.0
DTXSID7057733,1840,1.5307961132866494e-15,0.0
DTXSID7057735,1840,0.0,0.0
DTXSID7057737,1840,0.0,0.0
DTXSID7057739,1840,0.0,0.0
DTXSID7057781,1840,0.0,0.0
DTXSID7057783,1840,0.0,0.0
DTXSID7057785,1840,0.0,0.0
DTXSID7057787,1840,0.0,0.0
DTXSID7057789,1840,0.0,0.0
DTXSID7057810,1840,0.0,0.0
DTXSID7057812,1840,0.0,0.0
DTXSID7057814,1840,0.0,0.0
DTXSID7057816,1840,0.0,0.0
DTXSID7057818,1840,0.0,0.0
DTXSID8020040,1840,3.787380159519546e-13,0.0
DTXSID8020044,1840,0.0,0.0
DTXSID8020090,1840,0.0,0.0
DTXSID8020092,1840,0.0,0.0
DTXSID8020094,1840,0.0,0.0
DTXSID8020121,1840,0.0,0.0
DTXSID8020123,1840,0.0,0.0
DTXSID8020127,1840,0.0,0.0
DTXSID8020129,1840,0.0,0.0
DTXSID8020173,1840,0.0,0.0
DTXSID8020175,1840,0.0,0.0
DTXSID8020179,1840,0.0,0.0
DTXSID8020200,1840,0.0,0.0
DTXSID8020202,1840,0.0,0.0
DTXSID8020206,1840,0.0,0.0
DTXSID8020250,1840,0.0,0.0
DTXSID8020252,1840,0.0,0.0
DTXSID8020256,1840,0.0,0.0
DTXSID8020331,1840,0.0,0.0
DTXSID8020337,1840,0.9998614110707346,1.0
DTXSID8020381,1840,0.0,0.0
DTXSID8020410,1840,0.0,0.0
DTXSID8020462,1840,0.0,0.0
DTXSID8020464,1840,0.0,0.0
DTXSID8020466,1840,0.0,0.0
DTXSID8020468,1840,0.0,0.0
DTXSID8020541,1840,0.0,0.0
DTXSID8020543,1840,0.0,0.0
DTXSID8020545,1840,0.0,0.0
DTXSID8020591,1840,0.0,0.0
DTXSID8020593,1840,0.0,0.0
DTXSID8020597,1840,0.0,0.0
DTXSID8020620,1840,0.0,0.0
DTXSID8020622,1840,0.0,0.0
DTXSID8020624,1840,0.9848306749789874,1.0
DTXSID8020626,1840,0.0,0.0
DTXSID8020628,1840,0.0,0.0
DTXSID8020674,1840,0.0,0.0
DTXSID8020678,1840,0.0,0.0
DTXSID8020703,1840,0.0,0.0
DTXSID8020707,1840,2.0084072006824636e-11,0.0
DTXSID8020709,1840,0.0,0.0
DTXSID8020753,1840,0.0,0.0
DTXSID8020755,1840,0.0,0.0
DTXSID8020757,1840,0.0,0.0
DTXSID8020759,1840,0.0,0.0
DTXSID8020830,1840,0.0,0.0
DTXSID8020834,1840,0.0,0.0
DTXSID8020838,1840,1.4196018596805268e-15,0.0
DTXSID8020880,1840,0.0,0.0
DTXSID8020886,1840,0.0,0.0
DTXSID8020888,1840,0.0,0.0
DTXSID8020913,1840,0.0,0.0
DTXSID8020915,1840,0.0,0.0
DTXSID8020917,1840,0.0,0.0
DTXSID8020919,1840,0.0,0.0
DTXSID8020961,1840,0.0,0.0
DTXSID8020963,1840,0.0,0.0
DTXSID8020965,1840,0.0,0.0
DTXSID8020967,1840,0.0,0.0
DTXSID8020969,1840,0.0,0.0
DTXSID8021060,1840,0.0,0.0
DTXSID8021062,1840,3.099486795624657e-17,0.0
DTXSID8021141,1840,8.616495859531799e-13,0.0
DTXSID8021145,1840,0.0,0.0
DTXSID8021147,1840,0.0,0.0
DTXSID8021191,1840,,
DTXSID8021193,1840,0.0,0.0
DTXSID8021195,1840,0.0,0.0
DTXSID8021199,1840,0.0,0.0
DTXSID8021222,1840,0.0,0.0
DTXSID8021224,1840,0.9999999385735668,1.0
DTXSID8021270,1840,0.0,0.0
DTXSID8021272,1840,0.0,0.0
DTXSID8021278,1840,0.0,0.0
DTXSID8021301,1840,0.9999999997973524,1.0
DTXSID8021305,1840,0.0,0.0
DTXSID8021309,1840,0.0,0.0
DTXSID8021351,1840,0.0,0.0
DTXSID8021359,1840,0.0,0.0
DTXSID8021438,1840,0.0,0.0
DTXSID8021482,1840,0.0,0.0
DTXSID8021484,1840,0.0,0.0
DTXSID8021486,1840,0.0,0.0
DTXSID8021488,1840,0.0,0.0
DTXSID8021513,1840,0.0,0.0
DTXSID8021515,1840,0.0,0.0
DTXSID8021517,1840,0.0,0.0
DTXSID8021519,1840,0.0,0.0
DTXSID8021561,1840,0.0,0.0
DTXSID8021563,1840,0.0,0.0
DTXSID8021565,1840,0.0,0.0
DTXSID8021640,1840,0.0,0.0
DTXSID8021642,1840,0.0,0.0
DTXSID8021644,1840,4.075678176889871e-16,0.0
DTXSID8021646,1840,0.0,0.0
DTXSID8021648,1840,0.0,0.0
DTXSID8021690,1840,0.0,0.0
DTXSID8021721,1840,0.0,0.0
DTXSID8021725,1840,0.0,0.0
DTXSID8021729,1840,0.0,0.0
DTXSID8021771,1840,0.0025629611363538226,0.0
DTXSID8021775,1840,0.0,0.0
DTXSID8021777,1840,0.0,0.0
DTXSID8021800,1840,0.0,0.0
DTXSID8021802,1840,0.0,0.0
DTXSID8021804,1840,0.0,0.0
DTXSID8021808,1840,0.0,0.0
DTXSID8021854,1840,0.0,0.0
DTXSID8021856,1840,0.0,0.0
DTXSID8021931,1840,0.0,0.0
DTXSID8021937,1840,0.0,0.0
DTXSID8021939,1840,0.0,0.0
DTXSID8022036,1840,0.0,0.0
DTXSID8022080,1840,2.3862458376916193e-11,0.0
DTXSID8022082,1840,0.0,0.0
DTXSID8022084,1840,0.0,0.0
DTXSID8022086,1840,0.0,0.0
DTXSID8022111,1840,0.0,0.0
DTXSID8022113,1840,0.0,0.0
DTXSID8022117,1840,0.0,0.0
DTXSID8022161,1840,0.0,0.0
DTXSID8022246,1840,0.0,0.0
DTXSID8022292,1840,0.0,0.0
DTXSID8022325,1840,0.0,0.0
DTXSID8022371,1840,0.0,0.0
DTXSID8022377,1840,0.0,0.0
DTXSID8022404,1840,0.0,0.0
DTXSID8022406,1840,0.0,0.0
DTXSID8022408,1840,0.0,0.0
DTXSID8022585,1840,0.0,0.0
DTXSID8022589,1840,0.0,0.0
DTXSID8022610,1840,0.0,0.0
DTXSID8022614,1840,0.0,0.0
DTXSID8022666,1840,0.0,0.0
DTXSID8022741,1840,0.0,0.0
DTXSID8022743,1840,0.0,0.0
DTXSID8022749,1840,0.0,0.0
DTXSID8022822,1840,0.0,0.0
DTXSID8022828,1840,0.0,0.0
DTXSID8022870,1840,0.0,0.0
DTXSID8022872,1840,0.0,0.0
DTXSID8022901,1840,0.0,0.0
DTXSID8022959,1840,3.7092381598759066e-07,0.0
DTXSID8023050,1840,0.0,0.0
DTXSID8023054,1840,0.0,0.0
DTXSID8023137,1840,0.0,0.0
DTXSID8023214,1840,0.0,0.0
DTXSID8023216,1840,0.0,0.0
DTXSID8023260,1840,0.0,0.0
DTXSID8023262,1840,2.2598861674781364e-16,0.0
DTXSID8023347,1840,0.0,0.0
DTXSID8023349,1840,0.0,0.0
DTXSID8023393,1840,0.0,0.0
DTXSID8023395,1840,0.0,0.0
DTXSID8023426,1840,0.0,0.0
DTXSID8023470,1840,0.0,0.0
DTXSID8023472,1840,0.0,0.0
DTXSID8023474,1840,0.9999986796394827,1.0
DTXSID8023476,1840,0.0,0.0
DTXSID8023505,1840,9.836477422797402e-15,0.0
DTXSID8023551,1840,0.0,0.0
DTXSID8023557,1840,0.0,0.0
DTXSID8023630,1840,0.0,0.0
DTXSID8023632,1840,0.0,0.0
DTXSID8023636,1840,0.0,0.0
DTXSID8023688,1840,0.0,0.0
DTXSID8023713,1840,0.0,0.0
DTXSID8023719,1840,1.0728720232878709e-14,0.0
DTXSID8023846,1840,0.0,0.0
DTXSID8023848,1840,0.0,0.0
DTXSID8023890,1840,0.0,0.0
DTXSID8023892,1840,0.9999979522664606,1.0
DTXSID8023927,1840,0.00010427084253695903,0.0
DTXSID8023971,1840,0.0,0.0
DTXSID8023973,1840,0.0,0.0
DTXSID8023977,1840,0.0,0.0
DTXSID8024072,1840,0.0,0.0
DTXSID8024101,1840,0.0,0.0
DTXSID8024105,1840,0.0,0.0
DTXSID8024107,1840,0.0,0.0
DTXSID8024109,1840,0.0,0.0
DTXSID8024151,1840,1.657977365630437e-09,0.0
DTXSID8024153,1840,0.0,0.0
DTXSID8024157,1840,0.0,0.0
DTXSID8024159,1840,0.0,0.0
DTXSID8024234,1840,0.0,0.0
DTXSID8024236,1840,0.0,0.0
DTXSID8024238,1840,0.9998767287192383,1.0
DTXSID8024280,1840,0.0,0.0
DTXSID8024284,1840,0.0,0.0
DTXSID8024286,1840,0.0,0.0
DTXSID8024311,1840,0.0,0.0
DTXSID8024315,1840,0.0,0.0
DTXSID8024317,1840,0.0,0.0
DTXSID8024442,1840,0.0,0.0
DTXSID8024448,1840,0.0,0.0
DTXSID8024498,1840,0.0,0.0
DTXSID8024521,1840,0.0,0.0
DTXSID8024523,1840,0.0,0.0
DTXSID8024529,1840,0.0,0.0
DTXSID8024573,1840,0.0,0.0
DTXSID8024600,1840,0.0,0.0
DTXSID8024602,1840,0.0,0.0
DTXSID8024608,1840,0.0,0.0
DTXSID8024652,1840,0.9999980591441722,1.0
DTXSID8024658,1840,0.0,0.0
DTXSID8024733,1840,0.0,0.0
DTXSID8024739,1840,0.0,0.0
DTXSID8024781,1840,0.0,0.0
DTXSID8024783,1840,0.0,0.0
DTXSID8024787,1840,0.0,0.0
DTXSID8024810,1840,0.0,0.0
DTXSID8024814,1840,0.0,0.0
DTXSID8024862,1840,0.0,0.0
DTXSID8024864,1840,0.0,0.0
DTXSID8024866,1840,0.0,0.0
DTXSID8024941,1840,0.0,0.0
DTXSID8024947,1840,0.0,0.0
DTXSID8024991,1840,0.0,0.0
DTXSID8024993,1840,0.0,0.0
DTXSID8024997,1840,0.0,0.0
DTXSID8024999,1840,0.0,0.0
DTXSID8025040,1840,9.684276707467843e-14,0.0
DTXSID8025046,1840,0.0,0.0
DTXSID8025094,1840,0.0,0.0
DTXSID8025096,1840,0.0,0.0
DTXSID8025258,1840,0.0,0.0
DTXSID8025331,1840,0.0,0.0
DTXSID8025337,1840,0.0,0.0
DTXSID8025464,1840,0.0,0.0
DTXSID8025466,1840,0.0,0.0
DTXSID8025591,1840,0.0,0.0
DTXSID8025593,1840,0.0,0.0
DTXSID8025595,1840,0.0,0.0
DTXSID8025599,1840,0.9999999999991053,1.0
DTXSID8025628,1840,0.0,0.0
DTXSID8025670,1840,0.0,0.0
DTXSID8025703,1840,2.7390100004098827e-16,0.0
DTXSID8025707,1840,0.0,0.0
DTXSID8025709,1840,0.0,0.0
DTXSID8025751,1840,0.0,0.0
DTXSID8025757,1840,,
DTXSID8025759,1840,0.0,0.0
DTXSID8025830,1840,1.8186621890892866e-10,0.0
DTXSID8025886,1840,0.0,0.0
DTXSID8025888,1840,0.0,0.0
DTXSID8025961,1840,0.0,0.0
DTXSID8025963,1840,0.0,0.0
DTXSID8025967,1840,0.0,0.0
DTXSID8025969,1840,0.0,0.0
DTXSID8026018,1840,0.0,0.0
DTXSID8026060,1840,0.0,0.0
DTXSID8026064,1840,0.0,0.0
DTXSID8026068,1840,0.0,0.0
DTXSID8026141,1840,0.0,0.0
DTXSID8026145,1840,0.0,0.0
DTXSID8026147,1840,0.0,0.0
DTXSID8026193,1840,0.0,0.0
DTXSID8026195,1840,0.0,0.0
DTXSID8026220,1840,0.0,0.0
DTXSID8026224,1840,0.0,0.0
DTXSID8026228,1840,0.0,0.0
DTXSID8026303,1840,5.3808536910151816e-09,0.0
DTXSID8026305,1840,0.0,0.0
DTXSID8026307,1840,0.0,0.0
DTXSID8026309,1840,0.0,0.0
DTXSID8026432,1840,0.0,0.0
DTXSID8026436,1840,0.0,0.0
DTXSID8026488,1840,0.0,0.0
DTXSID8026513,1840,0.0,0.0
DTXSID8026515,1840,0.0,0.0
DTXSID8026519,1840,0.0,0.0
DTXSID8026563,1840,0.0,0.0
DTXSID8026640,1840,0.0,0.0
DTXSID8026694,1840,0.0,0.0
DTXSID8026698,1840,5.12895485389102e-05,0.0
DTXSID8026725,1840,1.7650423926084039e-13,0.0
DTXSID8026727,1840,0.0,0.0
DTXSID8026729,1840,0.0,0.0
DTXSID8026773,1840,0.0,0.0
DTXSID8026775,1840,0.0,0.0
DTXSID8026802,1840,0.0,0.0
DTXSID8026931,1840,0.0,0.0
DTXSID8026933,1840,0.0,0.0
DTXSID8026935,1840,0.0,0.0
DTXSID8026981,1840,0.0,0.0
DTXSID8027032,1840,0.0,0.0
DTXSID8027034,1840,0.0,0.0
DTXSID8027036,1840,0.0,0.0
DTXSID8027084,1840,9.837937747115986e-06,0.0
DTXSID8027086,1840,0.0,0.0
DTXSID8027113,1840,0.0,0.0
DTXSID8027163,1840,0.0,0.0
DTXSID8027167,1840,0.0,0.0
DTXSID8027169,1840,0.0,0.0
DTXSID8027240,1840,0.9997297948725838,1.0
DTXSID8027244,1840,0.0,0.0
DTXSID8027246,1840,0.0,0.0
DTXSID8027292,1840,0.9999999999999253,1.0
DTXSID8027294,1840,0.0,0.0
DTXSID8027321,1840,0.0,0.0
DTXSID8027323,1840,1.4476655773307355e-11,0.0
DTXSID8027329,1840,0.0,0.0
DTXSID8027377,1840,0.0,0.0
DTXSID8027400,1840,0.0,0.0
DTXSID8027402,1840,0.0,0.0
DTXSID8027452,1840,0.0,0.0
DTXSID8027454,1840,0.0,0.0
DTXSID8027537,1840,2.9226103388190044e-17,0.0
DTXSID8027581,1840,0.0,0.0
DTXSID8027585,1840,0.0,0.0
DTXSID8027589,1840,0.0,0.0
DTXSID8027747,1840,0.0,0.0
DTXSID8027749,1840,0.0,0.0
DTXSID8027793,1840,0.9975003149079023,1.0
DTXSID8027795,1840,2.3455398854588298e-08,0.0
DTXSID8027797,1840,0.0,0.0
DTXSID8027822,1840,0.0,0.0
DTXSID8027826,1840,0.0,0.0
DTXSID8027870,1840,0.0,0.0
DTXSID8027878,1840,0.0,0.0
DTXSID8027905,1840,0.0,0.0
DTXSID8027955,1840,0.0,0.0
DTXSID8027959,1840,0.0,0.0
DTXSID8028008,1840,0.0,0.0
DTXSID8028842,1840,0.0,0.0
DTXSID8029072,1840,0.0,0.0
DTXSID8029105,1840,0.0,0.0
DTXSID8029153,1840,1.4403795983190677e-16,0.0
DTXSID8029157,1840,0.0,0.0
DTXSID8029159,1840,0.0,0.0
DTXSID8029230,1840,6.472800001027275e-17,0.0
DTXSID8029232,1840,0.0,0.0
DTXSID8029234,1840,0.0,0.0
DTXSID8029236,1840,0.0,0.0
DTXSID8029280,1840,0.0,0.0
DTXSID8029282,1840,3.095925472467691e-09,0.0
DTXSID8029286,1840,0.0,0.0
DTXSID8029315,1840,0.0,0.0
DTXSID8029317,1840,0.0,0.0
DTXSID8029369,1840,0.0,0.0
DTXSID8029575,1840,0.0,0.0
DTXSID8029600,1840,0.0,0.0
DTXSID8029602,1840,0.9999999999946335,1.0
DTXSID8029604,1840,0.0,0.0
DTXSID8029606,1840,0.0,0.0
DTXSID8029608,1840,0.0,0.0
DTXSID8029650,1840,0.0,0.0
DTXSID8029652,1840,0.0,0.0
DTXSID8029733,1840,0.0,0.0
DTXSID8029739,1840,0.0,0.0
DTXSID8029868,1840,0.0,0.0
DTXSID8030138,1840,0.0,0.0
DTXSID8030423,1840,0.9999999999811962,1.0
DTXSID8030760,1840,0.0,0.0
DTXSID8031077,1840,,
DTXSID8031366,1840,0.0,0.0
DTXSID8031497,1840,0.0,0.0
DTXSID8031863,1840,0.0,0.0
DTXSID8031865,1840,0.0,0.0
DTXSID8032386,1840,0.0,0.0
DTXSID8032417,1840,0.0,0.0
DTXSID8032544,1840,0.0,0.0
DTXSID8032548,1840,0.7127876650543755,0.0
DTXSID8032623,1840,0.0,0.0
DTXSID8032627,1840,0.0,0.0
DTXSID8032671,1840,0.0,0.0
DTXSID8032673,1840,0.0,0.0
DTXSID8032675,1840,0.0,0.0
DTXSID8033433,1840,0.0,0.0
DTXSID8033512,1840,0.0,0.0
DTXSID8033562,1840,0.0,0.0
DTXSID8033564,1840,0.0,0.0
DTXSID8033566,1840,0.0,0.0
DTXSID8033649,1840,0.0,0.0
DTXSID8033803,1840,0.0,0.0
DTXSID8034085,1840,1.468550741043938e-09,0.0
DTXSID8034087,1840,0.0,0.0
DTXSID8034089,1840,0.0,0.0
DTXSID8034241,1840,0.0,0.0
DTXSID8034324,1840,0.0,0.0
DTXSID8034372,1840,0.0,0.0
DTXSID8034376,1840,0.0,0.0
DTXSID8034401,1840,6.344760475203296e-13,0.0
DTXSID8034538,1840,0.0,0.0
DTXSID8034580,1840,0.0,0.0
DTXSID8034586,1840,0.0,0.0
DTXSID8034588,1840,2.262181188445885e-14,0.0
DTXSID8034665,1840,0.0,0.0
DTXSID8034742,1840,0.999995633576455,1.0
DTXSID8034792,1840,0.0,0.0
DTXSID8034823,1840,0.0,0.0
DTXSID8034871,1840,0.0,0.0
DTXSID8034877,1840,0.0,0.0
DTXSID8034956,1840,0.0,0.0
DTXSID8035001,1840,0.0,0.0
DTXSID8035138,1840,0.0,0.0
DTXSID8035180,1840,0.0,0.0
DTXSID8035186,1840,0.0,0.0
DTXSID8035217,1840,0.0,0.0
DTXSID8035423,1840,0.0,0.0
DTXSID8037207,1840,0.0,0.0
DTXSID8037594,1840,0.0,0.0
DTXSID8037596,1840,0.0,0.0
DTXSID8037706,1840,7.789286624599529e-21,0.0
DTXSID8037708,1840,0.0,0.0
DTXSID8037750,1840,0.0,0.0
DTXSID8037752,1840,0.0,0.0
DTXSID8037754,1840,0.0,0.0
DTXSID8037756,1840,0.0,0.0
DTXSID8038770,1840,0.0,0.0
DTXSID8038801,1840,0.0,0.0
DTXSID8038855,1840,0.0,0.0
DTXSID8038857,1840,0.0,0.0
DTXSID8039241,1840,0.0,0.0
DTXSID8040222,1840,0.0,0.0
DTXSID8040270,1840,0.999999999999997,1.0
DTXSID8040274,1840,0.0,0.0
DTXSID8040278,1840,0.0,0.0
DTXSID8040436,1840,0.0,0.0
DTXSID8040484,1840,0.0,0.0
DTXSID8040694,1840,0.0,0.0
DTXSID8040698,1840,0.0,0.0
DTXSID8040721,1840,0.0,0.0
DTXSID8040723,1840,0.0,0.0
DTXSID8040725,1840,0.9999978225038728,1.0
DTXSID8040727,1840,0.0,0.0
DTXSID8040775,1840,0.0,0.0
DTXSID8040779,1840,0.0,0.0
DTXSID8040800,1840,0.0,0.0
DTXSID8041032,1840,0.0,0.0
DTXSID8041034,1840,3.6273874052680927e-13,0.0
DTXSID8041080,1840,0.0,0.0
DTXSID8041117,1840,0.0,0.0
DTXSID8041242,1840,0.0,0.0
DTXSID8041246,1840,0.0,0.0
DTXSID8041248,1840,0.0,0.0
DTXSID8041298,1840,0.0,0.0
DTXSID8041321,1840,0.0,0.0
DTXSID8041327,1840,0.0,0.0
DTXSID8041329,1840,0.0,0.0
DTXSID8041371,1840,0.0,0.0
DTXSID8041373,1840,0.0,0.0
DTXSID8041379,1840,0.36313976642506546,0.0
DTXSID8041400,1840,0.0,0.0
DTXSID8041404,1840,0.0,0.0
DTXSID8041452,1840,2.401676070289752e-13,0.0
DTXSID8041610,1840,0.0,0.0
DTXSID8041668,1840,0.0,0.0
DTXSID8041743,1840,3.1074764621082518e-18,0.0
DTXSID8041745,1840,9.855258415647722e-13,0.0
DTXSID8041793,1840,0.0,0.0
DTXSID8041797,1840,0.0,0.0
DTXSID8041799,1840,0.0,0.0
DTXSID8041828,1840,0.0,0.0
DTXSID8041901,1840,0.0,0.0
DTXSID8041909,1840,0.0,0.0
DTXSID8041951,1840,0.0,0.0
DTXSID8041955,1840,0.0,0.0
DTXSID8041957,1840,0.0,0.0
DTXSID8041959,1840,0.0,0.0
DTXSID8042002,1840,0.0,0.0
DTXSID8042006,1840,0.0,0.0
DTXSID8042052,1840,0.0,0.0
DTXSID8042137,1840,3.789536555492437e-05,0.0
DTXSID8042181,1840,0.0,0.0
DTXSID8042187,1840,0.0,0.0
DTXSID8042189,1840,0.0,0.0
DTXSID8042210,1840,0.0,0.0
DTXSID8042218,1840,0.0,0.0
DTXSID8042260,1840,4.786113559032968e-17,0.0
DTXSID8042264,1840,0.9875244486587286,1.0
DTXSID8042266,1840,0.0,0.0
DTXSID8042343,1840,0.0,0.0
DTXSID8042349,1840,0.0,0.0
DTXSID8042399,1840,0.0,0.0
DTXSID8042422,1840,0.0,0.0
DTXSID8042424,1840,0.0,0.0
DTXSID8042426,1840,0.0,0.0
DTXSID8042478,1840,0.9999999933592649,1.0
DTXSID8042503,1840,0.0,0.0
DTXSID8042507,1840,0.0,0.0
DTXSID8042509,1840,0.0,0.0
DTXSID8042559,1840,0.0,0.0
DTXSID8042632,1840,0.0,0.0
DTXSID8043814,1840,0.0,0.0
DTXSID8043941,1840,0.0,0.0
DTXSID8044175,1840,0.0,0.0
DTXSID8044177,1840,4.8424182169830026e-17,0.0
DTXSID8044200,1840,0.0,0.0
DTXSID8044202,1840,0.0,0.0
DTXSID8044204,1840,0.9998187271867325,1.0
DTXSID8044206,1840,0.0,0.0
DTXSID8044208,1840,0.0,0.0
DTXSID8044252,1840,0.0,0.0
DTXSID8044381,1840,0.9999999985101835,1.0
DTXSID8044383,1840,0.0,0.0
DTXSID8044385,1840,0.0,0.0
DTXSID8044389,1840,0.0,0.0
DTXSID8044410,1840,0.0,0.0
DTXSID8044412,1840,0.0,0.0
DTXSID8044414,1840,0.0,0.0
DTXSID8044416,1840,0.0,0.0
DTXSID8044462,1840,0.0,0.0
DTXSID8044464,1840,0.0,0.0
DTXSID8044466,1840,0.0,0.0
DTXSID8044541,1840,0.0,0.0
DTXSID8044543,1840,0.0,0.0
DTXSID8044545,1840,0.0,0.0
DTXSID8044547,1840,0.0,0.0
DTXSID8044549,1840,0.9999999817641965,1.0
DTXSID8044591,1840,0.0,0.0
DTXSID8044593,1840,0.0,0.0
DTXSID8044595,1840,4.349904071187766e-17,0.0
DTXSID8044597,1840,0.0,0.0
DTXSID8044599,1840,0.0,0.0
DTXSID8044620,1840,0.0,0.0
DTXSID8044622,1840,0.0,0.0
DTXSID8044624,1840,0.0,0.0
DTXSID8044626,1840,0.0,0.0
DTXSID8044670,1840,0.0,0.0
DTXSID8044676,1840,1.8386283382451018e-11,0.0
DTXSID8044678,1840,0.0,0.0
DTXSID8044701,1840,0.0,0.0
DTXSID8044703,1840,0.0,0.0
DTXSID8044709,1840,0.0,0.0
DTXSID8044751,1840,0.0,0.0
DTXSID8044753,1840,0.0,0.0
DTXSID8044755,1840,0.0,0.0
DTXSID8044757,1840,0.0,0.0
DTXSID8044759,1840,0.0,0.0
DTXSID8044830,1840,0.0,0.0
DTXSID8044832,1840,0.0,0.0
DTXSID8044834,1840,0.0,0.0
DTXSID8044836,1840,0.0,0.0
DTXSID8044880,1840,0.0,0.0
DTXSID8044882,1840,0.0,0.0
DTXSID8044884,1840,0.0,0.0
DTXSID8044886,1840,0.0,0.0
DTXSID8044888,1840,0.0,0.0
DTXSID8044911,1840,0.0,0.0
DTXSID8044913,1840,0.9999377552513425,1.0
DTXSID8044915,1840,0.0,0.0
DTXSID8044919,1840,0.0,0.0
DTXSID8044961,1840,0.0,0.0
DTXSID8044963,1840,0.0,0.0
DTXSID8044967,1840,0.0,0.0
DTXSID8045141,1840,0.0,0.0
DTXSID8045145,1840,0.0,0.0
DTXSID8045147,1840,0.0,0.0
DTXSID8045149,1840,0.0,0.0
DTXSID8045191,1840,0.0,0.0
DTXSID8045193,1840,0.0,0.0
DTXSID8045195,1840,0.0,0.0
DTXSID8045220,1840,0.0,0.0
DTXSID8045224,1840,0.0,0.0
DTXSID8045228,1840,0.0,0.0
DTXSID8045307,1840,0.0,0.0
DTXSID8045351,1840,0.0,0.0
DTXSID8045357,1840,0.0,0.0
DTXSID8045359,1840,0.0,0.0
DTXSID8045434,1840,0.0,0.0
DTXSID8045480,1840,0.0,0.0
DTXSID8045484,1840,0.0,0.0
DTXSID8045486,1840,0.0,0.0
DTXSID8045488,1840,0.0,0.0
DTXSID8045511,1840,0.0,0.0
DTXSID8045513,1840,0.0,0.0
DTXSID8045515,1840,0.0,0.0
DTXSID8045519,1840,0.0,0.0
DTXSID8045565,1840,0.0,0.0
DTXSID8045567,1840,0.0,0.0
DTXSID8045640,1840,0.0,0.0
DTXSID8045642,1840,0.0,0.0
DTXSID8045646,1840,0.0,0.0
DTXSID8045648,1840,0.0,0.0
DTXSID8045690,1840,0.0,0.0
DTXSID8045692,1840,0.0,0.0
DTXSID8045698,1840,0.0,0.0
DTXSID8045771,1840,0.0,0.0
DTXSID8045777,1840,0.0,0.0
DTXSID8045779,1840,0.0,0.0
DTXSID8045802,1840,0.0,0.0
DTXSID8045804,1840,7.086059647302563e-16,0.0
DTXSID8045806,1840,1.8842169947771682e-17,0.0
DTXSID8045850,1840,0.0,0.0
DTXSID8045852,1840,0.0,0.0
DTXSID8045854,1840,4.231037578874201e-08,0.0
DTXSID8045933,1840,0.0,0.0
DTXSID8045935,1840,0.0,0.0
DTXSID8045937,1840,0.0,0.0
DTXSID8045939,1840,0.0,0.0
DTXSID8045983,1840,0.0,0.0
DTXSID8045985,1840,0.0,0.0
DTXSID8045987,1840,0.0,0.0
DTXSID8045989,1840,0.0,0.0
DTXSID8046030,1840,0.0,0.0
DTXSID8046034,1840,0.0,0.0
DTXSID8046038,1840,0.0,0.0
DTXSID8046086,1840,0.0,0.0
DTXSID8046088,1840,0.0,0.0
DTXSID8046113,1840,0.0,0.0
DTXSID8046117,1840,0.0,0.0
DTXSID8046119,1840,0.0,0.0
DTXSID8046161,1840,0.0,0.0
DTXSID8046163,1840,0.0,0.0
DTXSID8046242,1840,0.0,0.0
DTXSID8046244,1840,0.0,0.0
DTXSID8046294,1840,0.0,0.0
DTXSID8046296,1840,0.0,0.0
DTXSID8046321,1840,0.0,0.0
DTXSID8046400,1840,5.332700071234698e-05,0.0
DTXSID8046402,1840,0.0,0.0
DTXSID8046404,1840,0.0,0.0
DTXSID8046406,1840,0.0,0.0
DTXSID8046450,1840,0.0,0.0
DTXSID8046454,1840,0.0,0.0
DTXSID8046456,1840,0.0,0.0
DTXSID8046458,1840,0.0,0.0
DTXSID8046531,1840,4.012278940141813e-17,0.0
DTXSID8046535,1840,0.0,0.0
DTXSID8046539,1840,0.0,0.0
DTXSID8046585,1840,0.0,0.0
DTXSID8046589,1840,0.0,0.0
DTXSID8046610,1840,0.0,0.0
DTXSID8046662,1840,0.0,0.0
DTXSID8046664,1840,0.0,0.0
DTXSID8046743,1840,4.632501618492557e-17,0.0
DTXSID8046799,1840,0.0,0.0
DTXSID8046820,1840,0.0,0.0
DTXSID8046828,1840,0.0,0.0
DTXSID8046903,1840,0.9999999999704955,1.0
DTXSID8046951,1840,0.0,0.0
DTXSID8047000,1840,0.0,0.0
DTXSID8047006,1840,0.0,0.0
DTXSID8047050,1840,0.0,0.0
DTXSID8047052,1840,0.0,0.0
DTXSID8047056,1840,0.0,0.0
DTXSID8047058,1840,0.0,0.0
DTXSID8047131,1840,0.0,0.0
DTXSID8047133,1840,0.0,0.0
DTXSID8047135,1840,0.0,0.0
DTXSID8047137,1840,0.0,0.0
DTXSID8047139,1840,1.279528370039856e-10,0.0
DTXSID8047183,1840,0.0,0.0
DTXSID8047185,1840,0.0,0.0
DTXSID8047187,1840,0.0,0.0
DTXSID8047189,1840,0.0,0.0
DTXSID8047218,1840,0.0,0.0
DTXSID8047262,1840,0.0,0.0
DTXSID8047264,1840,0.0,0.0
DTXSID8047266,1840,0.0,0.0
DTXSID8047268,1840,0.0,0.0
DTXSID8047341,1840,0.0,0.0
DTXSID8047347,1840,4.3946792476778794e-20,0.0
DTXSID8047349,1840,0.0,0.0
DTXSID8047391,1840,0.0,0.0
DTXSID8047395,1840,0.0,0.0
DTXSID8047397,1840,0.0,0.0
DTXSID8047399,1840,0.0,0.0
DTXSID8047420,1840,0.0,0.0
DTXSID8047422,1840,0.0,0.0
DTXSID8047424,1840,0.0,0.0
DTXSID8047426,1840,0.0,0.0
DTXSID8047428,1840,0.0,0.0
DTXSID8047470,1840,0.0,0.0
DTXSID8047472,1840,0.0,0.0
DTXSID8047474,1840,0.0,0.0
DTXSID8047476,1840,0.0,0.0
DTXSID8047501,1840,0.0,0.0
DTXSID8047505,1840,0.0,0.0
DTXSID8047551,1840,0.0,0.0
DTXSID8047553,1840,0.0,0.0
DTXSID8047559,1840,0.0,0.0
DTXSID8047630,1840,0.0,0.0
DTXSID8047636,1840,0.0,0.0
DTXSID8047680,1840,0.0,0.0
DTXSID8047682,1840,0.0,0.0
DTXSID8047684,1840,0.0,0.0
DTXSID8047686,1840,2.5294321436027707e-11,0.0
DTXSID8047711,1840,0.0,0.0
DTXSID8047713,1840,0.0,0.0
DTXSID8047717,1840,0.0,0.0
DTXSID8047769,1840,0.0,0.0
DTXSID8047840,1840,0.0,0.0
DTXSID8047842,1840,0.0,0.0
DTXSID8047844,1840,0.0,0.0
DTXSID8047846,1840,0.0,0.0
DTXSID8047848,1840,0.0,0.0
DTXSID8047890,1840,1.5046171808873616e-16,0.0
DTXSID8047892,1840,0.0,0.0
DTXSID8047894,1840,1.5325815113290127e-06,0.0
DTXSID8047896,1840,0.0,0.0
DTXSID8047898,1840,0.0,0.0
DTXSID8047921,1840,0.0,0.0
DTXSID8047923,1840,0.9999963659223368,1.0
DTXSID8047925,1840,0.0,0.0
DTXSID8047927,1840,0.0,0.0
DTXSID8047929,1840,0.0,0.0
DTXSID8047971,1840,0.0,0.0
DTXSID8047973,1840,1.8802972618081293e-05,0.0
DTXSID8048494,1840,0.0,0.0
DTXSID8048521,1840,0.0,0.0
DTXSID8048600,1840,0.0,0.0
DTXSID8048606,1840,0.0,0.0
DTXSID8048608,1840,0.0,0.0
DTXSID8048650,1840,0.0,0.0
DTXSID8048656,1840,0.0,0.0
DTXSID8048733,1840,0.0,0.0
DTXSID8048735,1840,0.0,0.0
DTXSID8048737,1840,0.0,0.0
DTXSID8048739,1840,0.0,0.0
DTXSID8048781,1840,0.0,0.0
DTXSID8048783,1840,0.0,0.0
DTXSID8048785,1840,0.0,0.0
DTXSID8048787,1840,0.0,0.0
DTXSID8048789,1840,0.0,0.0
DTXSID8048810,1840,0.0,0.0
DTXSID8048812,1840,3.4298863461767e-19,0.0
DTXSID8048814,1840,0.0,0.0
DTXSID8048818,1840,0.0,0.0
DTXSID8048860,1840,0.0,0.0
DTXSID8048866,1840,0.0,0.0
DTXSID8048868,1840,0.0,0.0
DTXSID8048941,1840,0.0,0.0
DTXSID8048943,1840,2.2895736473383505e-10,0.0
DTXSID8048945,1840,9.508667200517498e-05,0.0
DTXSID8048947,1840,0.0,0.0
DTXSID8048999,1840,0.0,0.0
DTXSID8049040,1840,0.0,0.0
DTXSID8049042,1840,0.0,0.0
DTXSID8049044,1840,0.0,0.0
DTXSID8049046,1840,0.0,0.0
DTXSID8049048,1840,0.0,0.0
DTXSID8049200,1840,0.0,0.0
DTXSID8049202,1840,0.0,0.0
DTXSID8049204,1840,0.0,0.0
DTXSID8049206,1840,0.0,0.0
DTXSID8049208,1840,0.0,0.0
DTXSID8049250,1840,0.9999998279332949,1.0
DTXSID8049252,1840,0.0,0.0
DTXSID8049254,1840,0.9997656399282757,1.0
DTXSID8049256,1840,8.602073702026437e-20,0.0
DTXSID8049258,1840,0.0,0.0
DTXSID8049331,1840,0.0,0.0
DTXSID8049333,1840,9.287985212771147e-19,0.0
DTXSID8049335,1840,0.0,0.0
DTXSID8049337,1840,0.0,0.0
DTXSID8049339,1840,0.0,0.0
DTXSID8049381,1840,0.0,0.0
DTXSID8049383,1840,0.0,0.0
DTXSID8049385,1840,0.0,0.0
DTXSID8049387,1840,0.0,0.0
DTXSID8049389,1840,0.0,0.0
DTXSID8049410,1840,0.0,0.0
DTXSID8049412,1840,,
DTXSID8049414,1840,0.12095569813091928,0.0
DTXSID8049416,1840,0.0,0.0
DTXSID8049418,1840,0.0,0.0
DTXSID8049460,1840,0.0,0.0
DTXSID8049462,1840,0.0,0.0
DTXSID8049464,1840,0.0,0.0
DTXSID8049466,1840,0.0,0.0
DTXSID8049468,1840,0.0,0.0
DTXSID8049541,1840,0.0,0.0
DTXSID8049543,1840,0.0,0.0
DTXSID8049545,1840,0.0,0.0
DTXSID8049547,1840,0.0,0.0
DTXSID8049549,1840,0.0,0.0
DTXSID8051540,1840,0.0,0.0
DTXSID8051542,1840,0.0,0.0
DTXSID8051544,1840,0.0,0.0
DTXSID8051629,1840,0.0,0.0
DTXSID8051704,1840,0.0,0.0
DTXSID8051708,1840,0.0,0.0
DTXSID8051754,1840,0.0,0.0
DTXSID8051914,1840,0.0,0.0
DTXSID8052198,1840,0.0,0.0
DTXSID8052300,1840,0.0,0.0
DTXSID8052308,1840,0.0,0.0
DTXSID8052641,1840,0.0,0.0
DTXSID8052724,1840,0.0,0.0
DTXSID8057641,1840,0.0,0.0
DTXSID8057643,1840,1.1744293567256524e-11,0.0
DTXSID8057645,1840,,
DTXSID8057647,1840,2.074955268130449e-15,0.0
DTXSID8057649,1840,5.731679175819712e-11,0.0
DTXSID8057691,1840,0.0,0.0
DTXSID8057693,1840,0.0,0.0
DTXSID8057695,1840,0.0,0.0
DTXSID8057697,1840,0.0,0.0
DTXSID8057699,1840,0.0,0.0
DTXSID8057720,1840,0.0,0.0
DTXSID8057722,1840,0.0,0.0
DTXSID8057724,1840,0.0,0.0
DTXSID8057726,1840,0.0,0.0
DTXSID8057728,1840,0.0,0.0
DTXSID8057770,1840,0.0,0.0
DTXSID8057772,1840,0.0,0.0
DTXSID8057774,1840,0.0,0.0
DTXSID8057776,1840,0.0,0.0
DTXSID8057778,1840,0.0,0.0
DTXSID8057801,1840,0.0,0.0
DTXSID8057803,1840,0.0,0.0
DTXSID8057805,1840,0.99999995388411,1.0
DTXSID8057807,1840,0.0,0.0
DTXSID8057809,1840,0.0,0.0
DTXSID8057851,1840,0.0,0.0
DTXSID8057853,1840,0.0,0.0
DTXSID8057855,1840,0.0,0.0
DTXSID8057857,1840,0.0,0.0
DTXSID9020031,1840,0.0,0.0
DTXSID9020081,1840,0.0,0.0
DTXSID9020083,1840,0.0,0.0
DTXSID9020087,1840,0.0,0.0
DTXSID9020089,1840,0.0,0.0
DTXSID9020110,1840,0.9999995137027976,1.0
DTXSID9020112,1840,0.0,0.0
DTXSID9020114,1840,0.25388985954946247,0.0
DTXSID9020116,1840,0.0,0.0
DTXSID9020118,1840,0.0,0.0
DTXSID9020160,1840,0.0,0.0
DTXSID9020164,1840,0.0,0.0
DTXSID9020166,1840,0.9999999270827685,1.0
DTXSID9020168,1840,0.0,0.0
DTXSID9020241,1840,0.0,0.0
DTXSID9020243,1840,0.9999999987930863,1.0
DTXSID9020245,1840,0.0,0.0
DTXSID9020247,1840,0.0,0.0
DTXSID9020249,1840,0.0,0.0
DTXSID9020293,1840,0.0,0.0
DTXSID9020295,1840,0.0,0.0
DTXSID9020299,1840,0.9973952919179774,1.0
DTXSID9020322,1840,0.0,0.0
DTXSID9020326,1840,0.0,0.0
DTXSID9020328,1840,0.0,0.0
DTXSID9020370,1840,0.0,0.0
DTXSID9020372,1840,1.8839081363875358e-10,0.0
DTXSID9020374,1840,0.0,0.0
DTXSID9020376,1840,0.0,0.0
DTXSID9020378,1840,0.0,0.0
DTXSID9020401,1840,0.9885370804121828,1.0
DTXSID9020407,1840,1.2453158817749935e-19,0.0
DTXSID9020409,1840,0.0,0.0
DTXSID9020451,1840,0.0,0.0
DTXSID9020453,1840,0.9681106222106586,1.0
DTXSID9020459,1840,0.0,0.0
DTXSID9020538,1840,0.0,0.0
DTXSID9020580,1840,0.0,0.0
DTXSID9020582,1840,0.0,0.0
DTXSID9020584,1840,0.0,0.0
DTXSID9020615,1840,0.0,0.0
DTXSID9020617,1840,0.0,0.0
DTXSID9020663,1840,0.0,0.0
DTXSID9020667,1840,0.0,0.0
DTXSID9020669,1840,0.0,0.0
DTXSID9020740,1840,0.0,0.0
DTXSID9020742,1840,3.849727975680708e-19,0.0
DTXSID9020790,1840,0.0,0.0
DTXSID9020792,1840,0.0,0.0
DTXSID9020794,1840,0.0,0.0
DTXSID9020796,1840,0.0,0.0
DTXSID9020825,1840,0.0,0.0
DTXSID9020827,1840,0.0,0.0
DTXSID9020829,1840,0.0,0.0
DTXSID9020875,1840,0.0,0.0
DTXSID9020877,1840,0.0,0.0
DTXSID9020902,1840,0.0,0.0
DTXSID9020956,1840,0.0,0.0
DTXSID9020958,1840,0.0,0.0
DTXSID9021053,1840,0.0,0.0
DTXSID9021059,1840,0.0,0.0
DTXSID9021130,1840,0.0,0.0
DTXSID9021132,1840,1.4612146523513936e-06,0.0
DTXSID9021134,1840,0.0,0.0
DTXSID9021136,1840,8.991766077651132e-17,0.0
DTXSID9021138,1840,0.0021947410924388704,0.0
DTXSID9021182,1840,2.3643790363793613e-15,0.0
DTXSID9021184,1840,0.0,0.0
DTXSID9021188,1840,0.0,0.0
DTXSID9021215,1840,0.0,0.0
DTXSID9021217,1840,2.729409420441182e-16,0.0
DTXSID9021219,1840,0.0,0.0
DTXSID9021267,1840,0.0,0.0
DTXSID9021340,1840,0.0,0.0
DTXSID9021342,1840,0.05907198244951695,0.0
DTXSID9021344,1840,0.0,0.0
DTXSID9021346,1840,0.0,0.0
DTXSID9021348,1840,0.0,0.0
DTXSID9021390,1840,0.0,0.0
DTXSID9021392,1840,0.0,0.0
DTXSID9021396,1840,0.0,0.0
DTXSID9021398,1840,0.0,0.0
DTXSID9021427,1840,0.0,0.0
DTXSID9021477,1840,0.0,0.0
DTXSID9021479,1840,0.0,0.0
DTXSID9021550,1840,0.0,0.0
DTXSID9021552,1840,0.0,0.0
DTXSID9021554,1840,0.0,0.0
DTXSID9021631,1840,0.0,0.0
DTXSID9021633,1840,0.0,0.0
DTXSID9021635,1840,0.0,0.0
DTXSID9021637,1840,0.0,0.0
DTXSID9021639,1840,0.0,0.0
DTXSID9021683,1840,0.0,0.0
DTXSID9021685,1840,0.0,0.0
DTXSID9021689,1840,0.0,0.0
DTXSID9021710,1840,0.0,0.0
DTXSID9021716,1840,0.0,0.0
DTXSID9021718,1840,0.0,0.0
DTXSID9021762,1840,0.0,0.0
DTXSID9021764,1840,0.0,0.0
DTXSID9021841,1840,0.0,0.0
DTXSID9021843,1840,0.0,0.0
DTXSID9021847,1840,0.0,0.0
DTXSID9021897,1840,0.0,0.0
DTXSID9021899,1840,0.0,0.0
DTXSID9021922,1840,0.0,0.0
DTXSID9021924,1840,0.0,0.0
DTXSID9021928,1840,0.0,0.0
DTXSID9021974,1840,0.0,0.0
DTXSID9021976,1840,0.0,0.0
DTXSID9021978,1840,0.0,0.0
DTXSID9022027,1840,0.0,0.0
DTXSID9022079,1840,1.5546687744513524e-12,0.0
DTXSID9022100,1840,0.0,0.0
DTXSID9022104,1840,0.0,0.0
DTXSID9022310,1840,0.0,0.0
DTXSID9022312,1840,0.0,0.0
DTXSID9022360,1840,0.9984190752230351,1.0
DTXSID9022364,1840,0.0,0.0
DTXSID9022366,1840,0.0,0.0
DTXSID9022445,1840,0.0,0.0
DTXSID9022520,1840,0.0,0.0
DTXSID9022522,1840,0.0,0.0
DTXSID9022524,1840,0.0,0.0
DTXSID9022526,1840,3.9147308014427083e-19,0.0
DTXSID9022528,1840,0.0,0.0
DTXSID9022576,1840,1.4748615210759517e-17,0.0
DTXSID9022601,1840,0.0,0.0
DTXSID9022603,1840,2.7290591852453818e-18,0.0
DTXSID9022607,1840,0.0,0.0
DTXSID9022609,1840,0.0,0.0
DTXSID9022655,1840,0.0,0.0
DTXSID9022657,1840,0.0,0.0
DTXSID9022730,1840,0.0,0.0
DTXSID9022734,1840,0.0,0.0
DTXSID9022736,1840,0.0,0.0
DTXSID9022738,1840,0.0,0.0
DTXSID9022780,1840,0.0,0.0
DTXSID9022813,1840,0.0,0.0
DTXSID9022817,1840,0.9999392580663181,1.0
DTXSID9022940,1840,0.0,0.0
DTXSID9022944,1840,0.0,0.0
DTXSID9022948,1840,0.0,0.0
DTXSID9022994,1840,0.0,0.0
DTXSID9023041,1840,0.0,0.0
DTXSID9023043,1840,0.0,0.0
DTXSID9023095,1840,0.0,0.0
DTXSID9023122,1840,0.0,0.0
DTXSID9023128,1840,2.11446057945798e-19,0.0
DTXSID9023170,1840,0.0,0.0
DTXSID9023174,1840,0.0,0.0
DTXSID9023201,1840,6.859732592617687e-11,0.0
DTXSID9023205,1840,0.0,0.0
DTXSID9023255,1840,0.0,0.0
DTXSID9023380,1840,0.0,0.0
DTXSID9023386,1840,0.0,0.0
DTXSID9023388,1840,0.0,0.0
DTXSID9023411,1840,0.0,0.0
DTXSID9023419,1840,0.0,0.0
DTXSID9023540,1840,0.0,0.0
DTXSID9023542,1840,0.0,0.0
DTXSID9023546,1840,0.0,0.0
DTXSID9023548,1840,0.0,0.0
DTXSID9023590,1840,0.0,0.0
DTXSID9023621,1840,0.0,0.0
DTXSID9023677,1840,0.0,0.0
DTXSID9023679,1840,0.0,0.0
DTXSID9023702,1840,0.0,0.0
DTXSID9023706,1840,0.0,0.0
DTXSID9023752,1840,0.0,0.0
DTXSID9023756,1840,4.469876119032887e-09,0.0
DTXSID9023833,1840,0.0,0.0
DTXSID9023835,1840,0.39017473277967396,0.0
DTXSID9023837,1840,0.0,0.0
DTXSID9023881,1840,0.0,0.0
DTXSID9023883,1840,0.0,0.0
DTXSID9023889,1840,0.0,0.0
DTXSID9023914,1840,0.0,0.0
DTXSID9023966,1840,0.0,0.0
DTXSID9024015,1840,0.0,0.0
DTXSID9024063,1840,0.0,0.0
DTXSID9024065,1840,0.0,0.0
DTXSID9024194,1840,0.0,0.0
DTXSID9024300,1840,0.0,0.0
DTXSID9024304,1840,0.0,0.0
DTXSID9024431,1840,0.0,0.0
DTXSID9024437,1840,0.0,0.0
DTXSID9024481,1840,0.0,0.0
DTXSID9024483,1840,0.9851391274861514,1.0
DTXSID9024485,1840,0.0,0.0
DTXSID9024487,1840,7.557223115360967e-16,0.0
DTXSID9024489,1840,0.0,0.0
DTXSID9024512,1840,0.0,0.0
DTXSID9024568,1840,0.0,0.0
DTXSID9024641,1840,0.0,0.0
DTXSID9024691,1840,0.0,0.0
DTXSID9024699,1840,0.0,0.0
DTXSID9024724,1840,0.0,0.0
DTXSID9024726,1840,0.0,0.0
DTXSID9024770,1840,0.0,0.0
DTXSID9024772,1840,0.0,0.0
DTXSID9024774,1840,0.0,0.0
DTXSID9024809,1840,0.0,0.0
DTXSID9024853,1840,0.0,0.0
DTXSID9024855,1840,0.0,0.0
DTXSID9024930,1840,0.0,0.0
DTXSID9024934,1840,5.3873932805660046e-14,0.0
DTXSID9024980,1840,0.0,0.0
DTXSID9024986,1840,0.0,0.0
DTXSID9025035,1840,0.0,0.0
DTXSID9025037,1840,0.0,0.0
DTXSID9025085,1840,0.0,0.0
DTXSID9025087,1840,0.0,0.0
DTXSID9025110,1840,0.0,0.0
DTXSID9025112,1840,0.0,0.0
DTXSID9025114,1840,8.230450808940146e-07,0.0
DTXSID9025164,1840,0.0,0.0
DTXSID9025166,1840,0.0,0.0
DTXSID9025243,1840,0.0,0.0
DTXSID9025245,1840,0.0,0.0
DTXSID9025249,1840,0.0,0.0
DTXSID9025291,1840,0.0,0.0
DTXSID9025293,1840,0.0,0.0
DTXSID9025297,1840,0.0,0.0
DTXSID9025299,1840,0.0,0.0
DTXSID9025326,1840,0.0,0.0
DTXSID9025328,1840,0.0,0.0
DTXSID9025370,1840,0.0,0.0
DTXSID9025401,1840,,
DTXSID9025403,1840,0.0,0.0
DTXSID9025409,1840,0.0,0.0
DTXSID9025451,1840,0.0,0.0
DTXSID9025453,1840,0.0,0.0
DTXSID9025455,1840,0.0,0.0
DTXSID9025534,1840,0.0,0.0
DTXSID9025536,1840,0.0,0.0
DTXSID9025538,1840,2.1048060440199072e-05,0.0
DTXSID9025580,1840,0.0,0.0
DTXSID9025588,1840,0.0,0.0
DTXSID9025611,1840,0.0,0.0
DTXSID9025617,1840,0.0,0.0
DTXSID9025661,1840,0.0,0.0
DTXSID9025665,1840,0.0,0.0
DTXSID9025740,1840,0.0,0.0
DTXSID9025742,1840,0.0,0.0
DTXSID9025744,1840,0.0,0.0
DTXSID9025746,1840,0.0,0.0
DTXSID9025794,1840,0.0,0.0
DTXSID9025796,1840,0.0,0.0
DTXSID9025825,1840,1.892845297455968e-18,0.0
DTXSID9025873,1840,0.0,0.0
DTXSID9025879,1840,0.0,0.0
DTXSID9026051,1840,0.0,0.0
DTXSID9026059,1840,0.0,0.0
DTXSID9026130,1840,0.0,0.0
DTXSID9026132,1840,0.0,0.0
DTXSID9026219,1840,0.0,0.0
DTXSID9026261,1840,0.0,0.0
DTXSID9026265,1840,0.0,0.0
DTXSID9026267,1840,0.0,0.0
DTXSID9026342,1840,0.0,0.0
DTXSID9026423,1840,0.0,0.0
DTXSID9026500,1840,5.083164178740154e-10,0.0
DTXSID9026558,1840,0.0,0.0
DTXSID9026631,1840,0.0,0.0
DTXSID9026633,1840,0.0,0.0
DTXSID9026689,1840,0.0,0.0
DTXSID9026710,1840,0.0,0.0
DTXSID9026712,1840,0.0,0.0
DTXSID9026714,1840,0.0,0.0
DTXSID9026716,1840,0.0,0.0
DTXSID9026718,1840,0.0,0.0
DTXSID9026766,1840,0.0,0.0
DTXSID9026841,1840,0.0,0.0
DTXSID9026849,1840,0.0,0.0
DTXSID9026899,1840,0.0,0.0
DTXSID9026922,1840,0.0,0.0
DTXSID9026924,1840,0.0,0.0
DTXSID9026926,1840,0.0,0.0
DTXSID9026974,1840,0.999999975867837,1.0
DTXSID9027021,1840,1.6087636817922526e-19,0.0
DTXSID9027104,1840,0.0,0.0
DTXSID9027158,1840,0.0,0.0
DTXSID9027233,1840,0.0,0.0
DTXSID9027239,1840,0.0,0.0
DTXSID9027281,1840,0.0,0.0
DTXSID9027310,1840,0.0,0.0
DTXSID9027312,1840,0.0,0.0
DTXSID9027314,1840,0.0,0.0
DTXSID9027360,1840,0.0,0.0
DTXSID9027364,1840,0.0,0.0
DTXSID9027368,1840,0.0,0.0
DTXSID9027441,1840,0.0,0.0
DTXSID9027443,1840,0.0,0.0
DTXSID9027449,1840,0.0,0.0
DTXSID9027520,1840,0.0,0.0
DTXSID9027522,1840,0.0,0.0
DTXSID9027528,1840,0.0,0.0
DTXSID9027570,1840,0.0,0.0
DTXSID9027603,1840,0.0,0.0
DTXSID9027653,1840,0.04123047661504211,0.0
DTXSID9027738,1840,0.0,0.0
DTXSID9027863,1840,0.0,0.0
DTXSID9027948,1840,0.0,0.0
DTXSID9028120,1840,0.0,0.0
DTXSID9029017,1840,0.0,0.0
DTXSID9029061,1840,0.0,0.0
DTXSID9029146,1840,0.0,0.0
DTXSID9029192,1840,0.0,0.0
DTXSID9029194,1840,0.0,0.0
DTXSID9029221,1840,0.0,0.0
DTXSID9029223,1840,0.0,0.0
DTXSID9029225,1840,0.0,0.0
DTXSID9029275,1840,0.0,0.0
DTXSID9029277,1840,0.0,0.0
DTXSID9029279,1840,0.0,0.0
DTXSID9029300,1840,0.0,0.0
DTXSID9029302,1840,0.0,0.0
DTXSID9029304,1840,0.0,0.0
DTXSID9029649,1840,0.0,0.0
DTXSID9029691,1840,0.0,0.0
DTXSID9029695,1840,0.0,0.0
DTXSID9030048,1840,0.0,0.0
DTXSID9030258,1840,0.0,0.0
DTXSID9030707,1840,0.9999592366326813,1.0
DTXSID9031800,1840,0.0,0.0
DTXSID9032113,1840,0.0,0.0
DTXSID9032327,1840,0.0,0.0
DTXSID9032329,1840,0.0,0.0
DTXSID9032375,1840,0.0,0.0
DTXSID9032379,1840,0.0,0.0
DTXSID9032406,1840,0.0,0.0
DTXSID9032531,1840,0.0,0.0
DTXSID9032533,1840,0.0,0.0
DTXSID9032535,1840,0.0,0.0
DTXSID9032537,1840,0.9999998877098427,1.0
DTXSID9032581,1840,1.4199840014964338e-06,0.0
DTXSID9032589,1840,2.0009900713734006e-13,0.0
DTXSID9032610,1840,0.0,0.0
DTXSID9032614,1840,1.8025871774208115e-15,0.0
DTXSID9032878,1840,0.0,0.0
DTXSID9033008,1840,0.0,0.0
DTXSID9033058,1840,0.0,0.0
DTXSID9033187,1840,2.0748625681690858e-13,0.0
DTXSID9033264,1840,0.0,0.0
DTXSID9033896,1840,0.0,0.0
DTXSID9033923,1840,0.0,0.0
DTXSID9033979,1840,0.0,0.0
DTXSID9034070,1840,0.0,0.0
DTXSID9034232,1840,0.0,0.0
DTXSID9034282,1840,0.0,0.0
DTXSID9034286,1840,0.0,0.0
DTXSID9034317,1840,0.9999949544645788,1.0
DTXSID9034361,1840,0.0,0.0
DTXSID9034365,1840,0.0,0.0
DTXSID9034490,1840,0.0,0.0
DTXSID9034492,1840,0.0,0.0
DTXSID9034816,1840,0.0,0.0
DTXSID9034818,1840,0.0,0.0
DTXSID9034864,1840,0.0,0.0
DTXSID9034997,1840,0.9999999999251159,1.0
DTXSID9035175,1840,0.0,0.0
DTXSID9035204,1840,1.0,1.0
DTXSID9035206,1840,0.0,0.0
DTXSID9035620,1840,0.0,0.0
DTXSID9035753,1840,0.0,0.0
DTXSID9036226,1840,0.0,0.0
DTXSID9036438,1840,0.0,0.0
DTXSID9036515,1840,0.7930284059425015,0.0
DTXSID9036646,1840,0.0,0.0
DTXSID9036690,1840,0.0,0.0
DTXSID9036933,1840,0.0,0.0
DTXSID9037038,1840,0.0,0.0
DTXSID9037246,1840,0.0,0.0
DTXSID9037248,1840,0.0,0.0
DTXSID9037535,1840,0.0,0.0
DTXSID9037539,1840,0.0,0.0
DTXSID9037612,1840,0.0,0.0
DTXSID9037616,1840,0.0,0.0
DTXSID9037741,1840,1.6563720044479843e-16,0.0
DTXSID9037745,1840,0.0,0.0
DTXSID9037749,1840,0.058176729834052164,0.0
DTXSID9038686,1840,0.0,0.0
DTXSID9039232,1840,0.0,0.0
DTXSID9039238,1840,3.853398356942288e-15,0.0
DTXSID9040001,1840,0.0,0.0
DTXSID9040130,1840,0.0,0.0
DTXSID9040134,1840,0.0,0.0
DTXSID9040215,1840,0.0,0.0
DTXSID9040265,1840,0.49095673220565494,0.0
DTXSID9040269,1840,0.9935826661220565,1.0
DTXSID9040342,1840,0.0,0.0
DTXSID9040502,1840,0.0,0.0
DTXSID9040554,1840,0.0,0.0
DTXSID9040635,1840,0.0,0.0
DTXSID9040683,1840,0.0,0.0
DTXSID9040685,1840,0.0,0.0
DTXSID9040687,1840,0.0,0.0
DTXSID9040710,1840,0.0,0.0
DTXSID9040712,1840,1.2027998147671879e-09,0.0
DTXSID9040714,1840,0.0,0.0
DTXSID9040716,1840,0.0,0.0
DTXSID9040718,1840,0.0,0.0
DTXSID9040760,1840,5.128353647831278e-13,0.0
DTXSID9041075,1840,0.0,0.0
DTXSID9041152,1840,0.0,0.0
DTXSID9041233,1840,0.0,0.0
DTXSID9041237,1840,0.0,0.0
DTXSID9041289,1840,0.05014065350599336,0.0
DTXSID9041362,1840,0.0,0.0
DTXSID9041366,1840,0.0,0.0
DTXSID9041368,1840,0.0,0.0
DTXSID9041441,1840,0.0,0.0
DTXSID9041491,1840,0.0,0.0
DTXSID9041520,1840,0.0,0.0
DTXSID9041524,1840,5.979960148554989e-19,0.0
DTXSID9041528,1840,0.0,0.0
DTXSID9041570,1840,0.0,0.0
DTXSID9041607,1840,0.0,0.0
DTXSID9041653,1840,0.0,0.0
DTXSID9041659,1840,0.0,0.0
DTXSID9041813,1840,0.0,0.0
DTXSID9041815,1840,0.0,0.0
DTXSID9041861,1840,0.0,0.0
DTXSID9042097,1840,0.0,0.0
DTXSID9042124,1840,1.0,1.0
DTXSID9042170,1840,0.0,0.0
DTXSID9042203,1840,0.0,0.0
DTXSID9042209,1840,0.0,0.0
DTXSID9042259,1840,0.0,0.0
DTXSID9042336,1840,0.0,0.0
DTXSID9042338,1840,0.0,0.0
DTXSID9042382,1840,0.0,0.0
DTXSID9042415,1840,0.0,0.0
DTXSID9042592,1840,1.7774649963562735e-12,0.0
DTXSID9042594,1840,0.0,0.0
DTXSID9043853,1840,0.0,0.0
DTXSID9043855,1840,0.0,0.0
DTXSID9043938,1840,0.0,0.0
DTXSID9044112,1840,0.0,0.0
DTXSID9044164,1840,9.467318963403794e-07,0.0
DTXSID9044241,1840,0.0,0.0
DTXSID9044247,1840,0.0,0.0
DTXSID9044299,1840,2.7394741961783965e-19,0.0
DTXSID9044320,1840,0.0,0.0
DTXSID9044322,1840,0.4998182349377541,0.0
DTXSID9044370,1840,0.0,0.0
DTXSID9044372,1840,0.0,0.0
DTXSID9044374,1840,0.0,0.0
DTXSID9044378,1840,0.0,0.0
DTXSID9044401,1840,0.0,0.0
DTXSID9044403,1840,0.0,0.0
DTXSID9044405,1840,0.0,0.0
DTXSID9044407,1840,0.0,0.0
DTXSID9044409,1840,0.0,0.0
DTXSID9044451,1840,0.0,0.0
DTXSID9044455,1840,0.0,0.0
DTXSID9044457,1840,0.0,0.0
DTXSID9044459,1840,1.0,1.0
DTXSID9044532,1840,0.0,0.0
DTXSID9044534,1840,0.0,0.0
DTXSID9044536,1840,8.119428867265578e-14,0.0
DTXSID9044538,1840,0.02508743600441566,0.0
DTXSID9044580,1840,0.0,0.0
DTXSID9044582,1840,0.0,0.0
DTXSID9044584,1840,0.0,0.0
DTXSID9044588,1840,0.0,0.0
DTXSID9044611,1840,0.0,0.0
DTXSID9044613,1840,0.0,0.0
DTXSID9044615,1840,0.0,0.0
DTXSID9044617,1840,0.0,0.0
DTXSID9044619,1840,0.0,0.0
DTXSID9044661,1840,0.0,0.0
DTXSID9044663,1840,0.9995506175315981,1.0
DTXSID9044667,1840,0.0,0.0
DTXSID9044740,1840,0.0,0.0
DTXSID9044742,1840,0.0,0.0
DTXSID9044744,1840,0.0,0.0
DTXSID9044746,1840,0.0,0.0
DTXSID9044748,1840,0.0,0.0
DTXSID9044790,1840,4.8085894574431486e-11,0.0
DTXSID9044794,1840,0.0,0.0
DTXSID9044796,1840,1.0,1.0
DTXSID9044798,1840,0.0,0.0
DTXSID9044821,1840,0.0,0.0
DTXSID9044823,1840,0.0,0.0
DTXSID9044825,1840,0.0,0.0
DTXSID9044827,1840,0.0,0.0
DTXSID9044829,1840,2.439663798364465e-18,0.0
DTXSID9044871,1840,0.0,0.0
DTXSID9044873,1840,0.0,0.0
DTXSID9044875,1840,0.0,0.0
DTXSID9044877,1840,0.0,0.0
DTXSID9044879,1840,0.0,0.0
DTXSID9044900,1840,0.0,0.0
DTXSID9044902,1840,0.0,0.0
DTXSID9044904,1840,0.0,0.0
DTXSID9044908,1840,0.0,0.0
DTXSID9044950,1840,2.1909592168869028e-10,0.0
DTXSID9044958,1840,0.0,0.0
DTXSID9045003,1840,0.0,0.0
DTXSID9045005,1840,0.0,0.0
DTXSID9045007,1840,0.0,0.0
DTXSID9045053,1840,0.0,0.0
DTXSID9045132,1840,0.0,0.0
DTXSID9045136,1840,0.0,0.0
DTXSID9045138,1840,0.0,0.0
DTXSID9045182,1840,0.0,0.0
DTXSID9045184,1840,1.2174513346066443e-14,0.0
DTXSID9045188,1840,0.0,0.0
DTXSID9045215,1840,0.0,0.0
DTXSID9045217,1840,0.0,0.0
DTXSID9045265,1840,0.0,0.0
DTXSID9045267,1840,0.0,0.0
DTXSID9045342,1840,0.0,0.0
DTXSID9045346,1840,0.0,0.0
DTXSID9045348,1840,0.0,0.0
DTXSID9045390,1840,6.898666793725118e-15,0.0
DTXSID9045392,1840,0.0,0.0
DTXSID9045394,1840,0.0,0.0
DTXSID9045425,1840,0.0,0.0
DTXSID9045429,1840,0.0,0.0
DTXSID9045500,1840,0.0,0.0
DTXSID9045506,1840,0.0,0.0
DTXSID9045508,1840,0.0,0.0
DTXSID9045556,1840,0.0,0.0
DTXSID9045558,1840,0.0,0.0
DTXSID9045631,1840,0.0,0.0
DTXSID9045633,1840,0.0,0.0
DTXSID9045635,1840,1.229585918710189e-12,0.0
DTXSID9045683,1840,0.0,0.0
DTXSID9045685,1840,0.0,0.0
DTXSID9045687,1840,0.0,0.0
DTXSID9045710,1840,0.0,0.0
DTXSID9045762,1840,1.6608908306415538e-17,0.0
DTXSID9045768,1840,0.0,0.0
DTXSID9045843,1840,0.0,0.0
DTXSID9045845,1840,0.0,0.0
DTXSID9045847,1840,0.0,0.0
DTXSID9045849,1840,0.0,0.0
DTXSID9045891,1840,0.0,0.0
DTXSID9045897,1840,0.0,0.0
DTXSID9045899,1840,0.0,0.0
DTXSID9045922,1840,0.0,0.0
DTXSID9046023,1840,0.0,0.0
DTXSID9046029,1840,0.0005626278201907722,0.0
DTXSID9046071,1840,0.0,0.0
DTXSID9046073,1840,0.0,0.0
DTXSID9046100,1840,0.0,0.0
DTXSID9046104,1840,0.0,0.0
DTXSID9046108,1840,0.0,0.0
DTXSID9046150,1840,0.0,0.0
DTXSID9046152,1840,0.0,0.0
DTXSID9046158,1840,0.0,0.0
DTXSID9046233,1840,0.0,0.0
DTXSID9046235,1840,0.0,0.0
DTXSID9046281,1840,0.0,0.0
DTXSID9046283,1840,0.0,0.0
DTXSID9046285,1840,,
DTXSID9046287,1840,0.0,0.0
DTXSID9046289,1840,0.0,0.0
DTXSID9046310,1840,0.9912601140029387,1.0
DTXSID9046318,1840,0.0,0.0
DTXSID9046360,1840,0.0,0.0
DTXSID9046443,1840,0.0,0.0
DTXSID9046445,1840,0.0,0.0
DTXSID9046449,1840,0.0,0.0
DTXSID9046491,1840,0.0,0.0
DTXSID9046495,1840,0.0,0.0
DTXSID9046499,1840,0.0,0.0
DTXSID9046526,1840,0.0,0.0
DTXSID9046570,1840,0.0,0.0
DTXSID9046572,1840,0.0,0.0
DTXSID9046576,1840,0.9999999999533766,1.0
DTXSID9046651,1840,0.0,0.0
DTXSID9046734,1840,0.0,0.0
DTXSID9046738,1840,0.0,0.0
DTXSID9046780,1840,0.0,0.0
DTXSID9046786,1840,0.0,0.0
DTXSID9046813,1840,0.9919035521004534,1.0
DTXSID9046817,1840,0.0,0.0
DTXSID9046861,1840,0.0,0.0
DTXSID9046942,1840,0.0,0.0
DTXSID9046946,1840,0.0,0.0
DTXSID9046992,1840,0.0,0.0
DTXSID9046994,1840,0.0,0.0
DTXSID9046998,1840,0.0,0.0
DTXSID9047041,1840,0.0,0.0
DTXSID9047043,1840,0.0,0.0
DTXSID9047045,1840,0.0,0.0
DTXSID9047047,1840,0.0,0.0
DTXSID9047049,1840,0.0,0.0
DTXSID9047091,1840,0.0,0.0
DTXSID9047093,1840,3.431455970388675e-18,0.0
DTXSID9047095,1840,0.0,0.0
DTXSID9047099,1840,0.0,0.0
DTXSID9047120,1840,1.2697937011517215e-15,0.0
DTXSID9047124,1840,0.0,0.0
DTXSID9047126,1840,0.0,0.0
DTXSID9047128,1840,0.0,0.0
DTXSID9047174,1840,0.0,0.0
DTXSID9047176,1840,0.0,0.0
DTXSID9047178,1840,0.0,0.0
DTXSID9047201,1840,0.0,0.0
DTXSID9047203,1840,0.0,0.0
DTXSID9047205,1840,0.0,0.0
DTXSID9047251,1840,0.0,0.0
DTXSID9047253,1840,0.0,0.0
DTXSID9047255,1840,0.0,0.0
DTXSID9047257,1840,1.626267038983677e-12,0.0
DTXSID9047259,1840,0.0,0.0
DTXSID9047330,1840,0.0,0.0
DTXSID9047334,1840,0.0,0.0
DTXSID9047338,1840,0.0,0.0
DTXSID9047411,1840,0.0,0.0
DTXSID9047413,1840,0.0,0.0
DTXSID9047415,1840,0.0,0.0
DTXSID9047417,1840,0.0,0.0
DTXSID9047419,1840,0.0,0.0
DTXSID9047461,1840,0.0,0.0
DTXSID9047463,1840,0.0,0.0
DTXSID9047465,1840,0.0,0.0
DTXSID9047467,1840,0.0,0.0
DTXSID9047469,1840,0.0,0.0
DTXSID9047540,1840,0.0,0.0
DTXSID9047542,1840,2.0046950906442403e-10,0.0
DTXSID9047546,1840,0.0,0.0
DTXSID9047548,1840,0.0,0.0
DTXSID9047590,1840,0.0,0.0
DTXSID9047592,1840,0.9999999999811086,1.0
DTXSID9047594,1840,0.0,0.0
DTXSID9047598,1840,0.0,0.0
DTXSID9047623,1840,0.0,0.0
DTXSID9047629,1840,0.0,0.0
DTXSID9047673,1840,0.0,0.0
DTXSID9047675,1840,0.0,0.0
DTXSID9047677,1840,0.0,0.0
DTXSID9047679,1840,0.0,0.0
DTXSID9047700,1840,0.0,0.0
DTXSID9047702,1840,0.0,0.0
DTXSID9047704,1840,0.0,0.0
DTXSID9047706,1840,0.0,0.0
DTXSID9047708,1840,0.0,0.0
DTXSID9047833,1840,0.0,0.0
DTXSID9047835,1840,0.0,0.0
DTXSID9047837,1840,0.0,0.0
DTXSID9047839,1840,8.586020990224658e-13,0.0
DTXSID9047881,1840,3.156798224043458e-12,0.0
DTXSID9047883,1840,3.7702163760039894e-15,0.0
DTXSID9047885,1840,0.3109328001061837,0.0
DTXSID9047887,1840,0.0,0.0
DTXSID9047889,1840,0.99998753860069,1.0
DTXSID9047910,1840,0.0,0.0
DTXSID9047912,1840,0.0,0.0
DTXSID9047914,1840,0.0,0.0
DTXSID9047916,1840,0.0,0.0
DTXSID9047918,1840,0.9611030562616457,1.0
DTXSID9047960,1840,0.0,0.0
DTXSID9047962,1840,0.0,0.0
DTXSID9047964,1840,0.0,0.0
DTXSID9047966,1840,0.0,0.0
DTXSID9047968,1840,0.0,0.0
DTXSID9048190,1840,0.0,0.0
DTXSID9048192,1840,0.0,0.0
DTXSID9048194,1840,0.0,0.0
DTXSID9048196,1840,0.0,0.0
DTXSID9048198,1840,0.0,0.0
DTXSID9048510,1840,0.0,0.0
DTXSID9048512,1840,0.0,0.0
DTXSID9048514,1840,0.0,0.0
DTXSID9048516,1840,0.0,0.0
DTXSID9048518,1840,0.0,0.0
DTXSID9048647,1840,0.0,0.0
DTXSID9048649,1840,0.0,0.0
DTXSID9048691,1840,0.0,0.0
DTXSID9048693,1840,0.0,0.0
DTXSID9048695,1840,0.0,0.0
DTXSID9048722,1840,0.0,0.0
DTXSID9048728,1840,0.9992856130360891,1.0
DTXSID9048774,1840,0.0,0.0
DTXSID9048776,1840,0.0,0.0
DTXSID9048778,1840,0.0,0.0
DTXSID9048801,1840,6.390011566265555e-13,0.0
DTXSID9048803,1840,0.0,0.0
DTXSID9048805,1840,0.0,0.0
DTXSID9048807,1840,0.0,0.0
DTXSID9048809,1840,0.0,0.0
DTXSID9048851,1840,0.0,0.0
DTXSID9048853,1840,0.0,0.0
DTXSID9048855,1840,0.0,0.0
DTXSID9048859,1840,0.0,0.0
DTXSID9048930,1840,0.0,0.0
DTXSID9048932,1840,0.0,0.0
DTXSID9048934,1840,0.0,0.0
DTXSID9048936,1840,0.0,0.0
DTXSID9048938,1840,0.0,0.0
DTXSID9048988,1840,0.0,0.0
DTXSID9049035,1840,0.0,0.0
DTXSID9049037,1840,1.518771965032167e-12,0.0
DTXSID9049039,1840,1.6097008537484276e-14,0.0
DTXSID9049083,1840,0.0,0.0
DTXSID9049241,1840,0.0,0.0
DTXSID9049243,1840,0.0,0.0
DTXSID9049245,1840,0.0,0.0
DTXSID9049247,1840,0.0,0.0
DTXSID9049249,1840,0.0,0.0
DTXSID9049291,1840,0.0,0.0
DTXSID9049293,1840,0.0,0.0
DTXSID9049295,1840,0.0,0.0
DTXSID9049297,1840,0.9999999987793686,1.0
DTXSID9049299,1840,0.9901779836970489,1.0
DTXSID9049320,1840,5.931001617957702e-16,0.0
DTXSID9049322,1840,0.0,0.0
DTXSID9049324,1840,0.0,0.0
DTXSID9049326,1840,0.0,0.0
DTXSID9049328,1840,0.0,0.0
DTXSID9049370,1840,0.0,0.0
DTXSID9049372,1840,0.0,0.0
DTXSID9049374,1840,0.0,0.0
DTXSID9049376,1840,0.0,0.0
DTXSID9049378,1840,0.0,0.0
DTXSID9049401,1840,0.999998160839494,1.0
DTXSID9049403,1840,1.1830146742459235e-14,0.0
DTXSID9049405,1840,0.0,0.0
DTXSID9049407,1840,0.0,0.0
DTXSID9049409,1840,0.0,0.0
DTXSID9049451,1840,0.0,0.0
DTXSID9049453,1840,0.0,0.0
DTXSID9049455,1840,0.0,0.0
DTXSID9049457,1840,0.0,0.0
DTXSID9049459,1840,0.0,0.0
DTXSID9049530,1840,0.0,0.0
DTXSID9049532,1840,0.0,0.0
DTXSID9049534,1840,0.0,0.0
DTXSID9049536,1840,0.0,0.0
DTXSID9049538,1840,0.0,0.0
DTXSID9051454,1840,0.0,0.0
DTXSID9051581,1840,0.0,0.0
DTXSID9051618,1840,0.0,0.0
DTXSID9051662,1840,0.0,0.0
DTXSID9051824,1840,0.0,0.0
DTXSID9051907,1840,0.0,0.0
DTXSID9052505,1840,0.0,0.0
DTXSID9052509,1840,0.0,0.0
DTXSID9057630,1840,0.9972677793733565,1.0
DTXSID9057632,1840,0.0,0.0
DTXSID9057634,1840,0.0,0.0
DTXSID9057636,1840,0.0,0.0
DTXSID9057638,1840,0.9999999999999991,1.0
DTXSID9057680,1840,0.0,0.0
DTXSID9057682,1840,5.959707447823816e-16,0.0
DTXSID9057684,1840,0.0,0.0
DTXSID9057686,1840,0.0,0.0
DTXSID9057688,1840,0.0,0.0
DTXSID9057711,1840,0.0,0.0
DTXSID9057713,1840,0.0,0.0
DTXSID9057715,1840,0.0,0.0
DTXSID9057717,1840,0.0,0.0
DTXSID9057719,1840,0.0,0.0
DTXSID9057761,1840,0.0,0.0
DTXSID9057763,1840,0.0,0.0
DTXSID9057765,1840,0.0,0.0
DTXSID9057767,1840,0.0,0.0
DTXSID9057769,1840,0.0,0.0
DTXSID9057840,1840,0.0,0.0
DTXSID9057842,1840,6.4576379402689945e-19,0.0
DTXSID9057844,1840,0.0,0.0
DTXSID9057846,1840,0.0,0.0
DTXSID9057848,1840,0.0,0.0
DTXSID9057890,1840,0.0,0.0
DTXSID9057898,1840,1.1242384475001654e-09,0.0
DTXSID9058654,1840,0.9918811924639038,1.0
