dtxsid,aeid,hitc_clean,active
DTXSID001339559,102,1.712539156491218e-07,0
DTXSID001351795,102,6.11775028973184e-08,0
DTXSID001351802,102,0.9994548796547966,1
DTXSID00190950,102,0.0,0
DTXSID00192353,102,3.996704139230159e-17,0
DTXSID00194615,102,8.439295523309817e-13,0
DTXSID0020020,102,0.0,0
DTXSID0020022,102,0.999999957873138,1
DTXSID0020072,102,1.1207202528940546e-08,0
DTXSID0020076,102,0.0,0
DTXSID0020105,102,6.474252966271806e-05,0
DTXSID0020107,102,0.0,0
DTXSID0020151,102,0.0,0
DTXSID0020232,102,3.956489834258137e-05,0
DTXSID0020236,102,0.0,0
DTXSID0020280,102,0.0,0
DTXSID0020282,102,3.2487532109882833e-06,0
DTXSID0020284,102,2.1602750431982973e-08,0
DTXSID0020286,102,0.0,0
DTXSID0020288,102,2.8228108989470595e-12,0
DTXSID0020311,102,0.0,0
DTXSID0020319,102,4.9816829630461194e-20,0
DTXSID0020361,102,0.0,0
DTXSID0020365,102,2.598406710228099e-12,0
DTXSID0020440,102,0.9985709269547569,1
DTXSID0020442,102,4.087503593701962e-05,0
DTXSID0020446,102,0.9999967044186151,1
DTXSID0020494,102,0.0002572880997561177,0
DTXSID0020498,102,0.0,0
DTXSID0020523,102,0.00017174828162891655,0
DTXSID0020529,102,9.012828233809638e-06,0
DTXSID0020573,102,0.9715395918850405,1
DTXSID0020575,102,2.5600283161477862e-11,0
DTXSID0020577,102,0.0,0
DTXSID0020604,102,1.7635021810317837e-10,0
DTXSID0020606,102,2.6091911584012796e-10,0
DTXSID0020652,102,0.9999996606634523,1
DTXSID0020654,102,1.3148248803234066e-15,0
DTXSID0020656,102,2.1190163505366803e-16,0
DTXSID0020737,102,4.477942760375063e-07,0
DTXSID0020814,102,6.997458468773071e-06,0
DTXSID0020941,102,0.0,0
DTXSID0020943,102,1.2420004444256317e-17,0
DTXSID0021040,102,8.482141425374386e-09,0
DTXSID0021094,102,0.0,0
DTXSID0021121,102,0.00045711626813798814,0
DTXSID0021123,102,2.8032761896729978e-18,0
DTXSID0021125,102,0.9911871201230739,1
DTXSID0021175,102,0.792715659137109,0
DTXSID0021206,102,0.0,0
DTXSID0021254,102,0.0,0
DTXSID0021256,102,1.245416928294258e-05,0
DTXSID0021331,102,1.453613872705594e-11,0
DTXSID0021333,102,0.9164868014013128,1
DTXSID0021337,102,4.158226932080849e-15,0
DTXSID0021339,102,4.633882119279458e-09,0
DTXSID0021385,102,1.2261123442528588e-12,0
DTXSID0021389,102,0.9998233176930106,1
DTXSID0021414,102,0.003463255302195086,0
DTXSID0021460,102,0.12951030714992537,0
DTXSID0021464,102,0.0,0
DTXSID0021543,102,0.0,0
DTXSID0021597,102,0.967689286325477,1
DTXSID0021626,102,0.0,0
DTXSID0021628,102,2.6720215288216023e-09,0
DTXSID0021757,102,1.6032341101506997e-09,0
DTXSID0021759,102,0.0,0
DTXSID0021832,102,1.644372120833391e-13,0
DTXSID0021834,102,2.6913488282843532e-08,0
DTXSID0021836,102,0.5719181348814023,0
DTXSID0021888,102,0.0,0
DTXSID0021915,102,9.765561338120589e-07,0
DTXSID0021961,102,6.4983253861292505e-15,0
DTXSID0021963,102,1.1266329960376605e-08,0
DTXSID0021965,102,0.0,0
DTXSID0021969,102,1.8889549964070564e-11,0
DTXSID0022012,102,0.0,0
DTXSID0022014,102,0.0,0
DTXSID0022016,102,0.0,0
DTXSID0022018,102,0.1540281302558039,0
DTXSID0022062,102,5.887785005712904e-17,0
DTXSID0022191,102,1.3733267911419982e-12,0
DTXSID0022193,102,0.0,0
DTXSID0022301,102,8.854941877265205e-08,0
DTXSID0022305,102,7.020614312422836e-06,0
DTXSID0022307,102,9.57969067854734e-13,0
DTXSID0022353,102,0.9998039169369997,1
DTXSID00223797,102,0.0,0
DTXSID0022436,102,2.1662264402483702e-09,0
DTXSID0022480,102,0.0,0
DTXSID0022519,102,0.00014961274228937537,0
DTXSID0022563,102,4.636194378905749e-13,0
DTXSID0022777,102,4.951866141856677e-07,0
DTXSID0022933,102,5.535826576223677e-11,0
DTXSID0023113,102,2.1501241244423744e-10,0
DTXSID0023244,102,0.0,0
DTXSID0023296,102,5.116416164490978e-05,0
DTXSID0023371,102,1.0546915415171939e-20,0
DTXSID0023377,102,2.1136759731463552e-16,0
DTXSID0023581,102,0.0,0
DTXSID0023745,102,7.279005051585816e-12,0
DTXSID0023747,102,6.743928519038523e-10,0
DTXSID0023826,102,1.823699886746909e-18,0
DTXSID0023878,102,0.0,0
DTXSID0023901,102,1.723194441213597e-10,0
DTXSID0023907,102,0.9299290190206161,1
DTXSID0023951,102,2.144670517716367e-06,0
DTXSID0023955,102,0.0,0
DTXSID0024000,102,0.007350264591130303,0
DTXSID0024002,102,0.9998011006162455,1
DTXSID0024052,102,0.9999563043457032,1
DTXSID0024183,102,1.7478013989032932e-08,0
DTXSID0024216,102,0.0015405632619192948,0
DTXSID0024266,102,0.9999091956562091,1
DTXSID0024345,102,1.7632963612167803e-14,0
DTXSID0024397,102,2.8865236936291243e-07,0
DTXSID0024399,102,2.4631185942287404e-12,0
DTXSID0024553,102,0.0,0
DTXSID0024761,102,0.0,0
DTXSID0024890,102,3.938740356806744e-12,0
DTXSID0025101,102,1.29527639359329e-13,0
DTXSID0025234,102,4.059329505182475e-05,0
DTXSID0025361,102,0.0,0
DTXSID0025363,102,0.48951322104888717,0
DTXSID0025492,102,0.0,0
DTXSID0025523,102,8.086519462833159e-18,0
DTXSID0025527,102,8.146585161503211e-09,0
DTXSID0025571,102,6.350342975075208e-10,0
DTXSID0025737,102,0.0,0
DTXSID0025789,102,0.9132607087545312,1
DTXSID0025812,102,0.9990438296899834,1
DTXSID0025816,102,3.180916376321725e-06,0
DTXSID0025864,102,1.4817786933514478e-05,0
DTXSID0025991,102,6.631413684125415e-16,0
DTXSID0026098,102,6.690106365279057e-11,0
DTXSID0026171,102,5.044090687185933e-19,0
DTXSID0026252,102,8.883141367438576e-19,0
DTXSID0026258,102,0.0,0
DTXSID0026838,102,2.3581349557461903e-17,0
DTXSID0026880,102,6.0284821691790644e-06,0
DTXSID0026913,102,0.0,0
DTXSID0026915,102,7.069558048712942e-20,0
DTXSID0026967,102,0.0,0
DTXSID0027014,102,0.0,0
DTXSID0027191,102,0.0,0
DTXSID0027195,102,6.849525664830563e-10,0
DTXSID0027222,102,5.833205491686668e-10,0
DTXSID0027270,102,0.0,0
DTXSID0027301,102,2.14308021525602e-18,0
DTXSID0027432,102,0.0,0
DTXSID0027438,102,2.945721674640554e-07,0
DTXSID0027561,102,7.42621766029059e-18,0
DTXSID0027640,102,0.0,0
DTXSID0027721,102,8.349882926346461e-15,0
DTXSID0027729,102,2.53501016897321e-08,0
DTXSID0027771,102,5.16327775235834e-05,0
DTXSID0027773,102,9.111829593337134e-10,0
DTXSID0027806,102,2.5991191975467778e-08,0
DTXSID0027852,102,0.0,0
DTXSID0027856,102,0.0015909869105877735,0
DTXSID0027981,102,3.617980731863074e-20,0
DTXSID0027983,102,0.0008366653119075395,0
DTXSID0028038,102,0.9999496786458735,1
DTXSID0028323,102,1.6007397208220295e-15,0
DTXSID0028618,102,0.0,0
DTXSID0028666,102,0.0,0
DTXSID0029133,102,0.0,0
DTXSID0029210,102,0.0,0
DTXSID0029214,102,0.9771070179591961,1
DTXSID0029262,102,1.3446342715394613e-13,0
DTXSID0029559,102,2.7855350458061836e-12,0
DTXSID0029761,102,4.485516536572815e-11,0
DTXSID0029848,102,1.4965023290618192e-13,0
DTXSID0030162,102,3.768141522285531e-14,0
DTXSID0032029,102,0.0,0
DTXSID0032314,102,1.2206967665249256e-13,0
DTXSID0032316,102,0.9955960705124088,1
DTXSID0032493,102,0.6599849577483246,0
DTXSID0032497,102,0.990938587417974,1
DTXSID0032520,102,0.8585182740041257,0
DTXSID0032572,102,0.9175816107429978,1
DTXSID0032578,102,5.637158483391545e-07,0
DTXSID0032601,102,6.28219445378186e-05,0
DTXSID0032605,102,0.9999999415592428,1
DTXSID0032651,102,0.0,0
DTXSID0032655,102,0.9908231495556477,1
DTXSID0034192,102,0.9969139951504428,1
DTXSID0034223,102,0.9999890327412905,1
DTXSID0034227,102,7.897793948366685e-05,0
DTXSID0034229,102,6.506849166008828e-12,0
DTXSID0034300,102,7.885146035018996e-06,0
DTXSID0034518,102,6.190199298921246e-13,0
DTXSID0034566,102,6.343055452225394e-07,0
DTXSID0034695,102,0.0029403028544148857,0
DTXSID0034722,102,0.0,0
DTXSID0034776,102,1.5250277123725686e-11,0
DTXSID0034803,102,8.011401551652049e-10,0
DTXSID0034851,102,0.9439176462610092,1
DTXSID0034855,102,0.0002380072556072223,0
DTXSID0034930,102,2.809806449391841e-09,0
DTXSID0034936,102,4.769661068854686e-12,0
DTXSID0035160,102,3.7773060286545126e-06,0
DTXSID0035748,102,3.302989526418904e-11,0
DTXSID0035790,102,0.0,0
DTXSID0036926,102,7.315370179828858e-21,0
DTXSID0037495,102,0.0004275109899100118,0
DTXSID0037570,102,3.199553882657906e-05,0
DTXSID0037730,102,6.743870846062487e-05,0
DTXSID0037734,102,0.9901447486649015,1
DTXSID00379268,102,5.043918698335552e-18,0
DTXSID00379884,102,0.0,0
DTXSID00379925,102,0.9999981801867595,1
DTXSID00380798,102,5.4869914047307735e-11,0
DTXSID0038700,102,3.8741220030921256e-10,0
DTXSID0038756,102,1.3376645406108707e-19,0
DTXSID0038839,102,3.6215087997853424e-14,0
DTXSID0038881,102,0.6765872217145985,0
DTXSID0038887,102,4.311693791545485e-11,0
DTXSID0039223,102,6.07598819263533e-11,0
DTXSID0040127,102,5.967942402296239e-10,0
DTXSID0040674,102,0.2983594688505247,0
DTXSID0040701,102,3.659473819776285e-18,0
DTXSID0040703,102,5.7738073689894e-15,0
DTXSID0040707,102,0.06597126976043194,0
DTXSID0040751,102,0.9999980369390281,1
DTXSID0040755,102,0.9481285355192081,1
DTXSID0041141,102,0.006221588733301642,0
DTXSID0041197,102,0.0,0
DTXSID0041220,102,0.0,0
DTXSID0041224,102,0.0,0
DTXSID0041270,102,0.0,0
DTXSID0041274,102,3.921498232274753e-07,0
DTXSID0041357,102,0.9992623062883635,1
DTXSID0041359,102,7.993109568278158e-05,0
DTXSID0041436,102,0.0,0
DTXSID0041484,102,1.9880472165603536e-15,0
DTXSID0041513,102,8.97361036171676e-07,0
DTXSID0041517,102,0.0,0
DTXSID0041519,102,0.0,0
DTXSID0041567,102,0.9999737437782464,1
DTXSID0041646,102,1.982664541027774e-06,0
DTXSID0041692,102,8.003439212668957e-12,0
DTXSID0041721,102,2.365866352375768e-05,0
DTXSID0041981,102,1.1182927463745974e-15,0
DTXSID0041983,102,0.9997120625990473,1
DTXSID0041985,102,0.23603616777443862,0
DTXSID0042038,102,3.6190638903865185e-08,0
DTXSID0042086,102,0.0020730990463416078,0
DTXSID0042167,102,0.0,0
DTXSID0042169,102,3.8599552008954863e-07,0
DTXSID0042242,102,5.02532822113005e-08,0
DTXSID0042248,102,0.46757944466420553,0
DTXSID0042325,102,9.801607635546805e-18,0
DTXSID0042327,102,0.0,0
DTXSID0042379,102,0.0,0
DTXSID0042400,102,0.9070054684200007,1
DTXSID0042406,102,0.0,0
DTXSID0042454,102,6.278991166868296e-08,0
DTXSID0043765,102,3.2006247767554932e-06,0
DTXSID0044236,102,2.0729118829152815e-11,0
DTXSID00442840,102,1.5898520482281015e-19,0
DTXSID0044315,102,0.0,0
DTXSID0044317,102,0.0,0
DTXSID0044361,102,1.6637554764819908e-15,0
DTXSID0044363,102,1.7405734545147917e-17,0
DTXSID0044365,102,3.920565511133467e-16,0
DTXSID0044367,102,1.1464373354799886e-09,0
DTXSID0044369,102,5.221630501941573e-07,0
DTXSID0044440,102,0.0,0
DTXSID0044446,102,7.899367948193055e-11,0
DTXSID0044490,102,0.0,0
DTXSID0044494,102,1.6599412405718913e-18,0
DTXSID0044496,102,9.006967558482403e-10,0
DTXSID0044498,102,2.682949165473602e-17,0
DTXSID0044527,102,0.9713503182854804,1
DTXSID0044571,102,9.558978934175297e-05,0
DTXSID0044573,102,1.886256408413209e-11,0
DTXSID0044575,102,8.269343958434183e-06,0
DTXSID0044577,102,1.5098029755502683e-13,0
DTXSID0044604,102,1.6737166961649937e-17,0
DTXSID0044658,102,2.55552087165536e-16,0
DTXSID0044781,102,2.0194805555097383e-05,0
DTXSID0044810,102,0.0,0
DTXSID0044812,102,0.43894767110782895,0
DTXSID0044816,102,2.7386945691517014e-05,0
DTXSID0044818,102,0.0,0
DTXSID0044860,102,0.0,0
DTXSID0044862,102,5.906178057158437e-15,0
DTXSID0044868,102,5.919458414287354e-12,0
DTXSID0044993,102,3.625373258336145e-19,0
DTXSID0044997,102,0.5221833391907923,0
DTXSID0044999,102,0.0,0
DTXSID0045254,102,5.19038982678758e-08,0
DTXSID0046488,102,0.9902864800140346,1
DTXSID0046567,102,1.5796804476375137e-09,0
DTXSID0047032,102,2.1282208342900284e-12,0
DTXSID0047034,102,0.6887576002843179,0
DTXSID0047038,102,0.002761006814015849,0
DTXSID0047080,102,1.4295401313103827e-19,0
DTXSID0047082,102,0.0,0
DTXSID0047084,102,1.1208959965500646e-12,0
DTXSID0047086,102,0.9888347185918656,1
DTXSID0047088,102,8.8827074466783e-08,0
DTXSID0047111,102,0.0,0
DTXSID0047113,102,0.08172881118723684,0
DTXSID0047115,102,0.033154762333700454,0
DTXSID0047117,102,1.1586833916017313e-10,0
DTXSID0047161,102,0.0,0
DTXSID0047163,102,0.0,0
DTXSID0047165,102,1.7513529349710624e-15,0
DTXSID0047167,102,0.0,0
DTXSID0047169,102,0.002434379040601414,0
DTXSID0047246,102,0.0,0
DTXSID0047248,102,0.4430311871527356,0
DTXSID0047290,102,3.78084564626757e-18,0
DTXSID0047292,102,3.607966493082229e-14,0
DTXSID0047294,102,0.08387541409461037,0
DTXSID0047296,102,0.9703850545777757,1
DTXSID0047325,102,0.0,0
DTXSID0047327,102,0.15668696546681884,0
DTXSID0047371,102,0.9999998858590836,1
DTXSID0047375,102,0.0,0
DTXSID0047377,102,0.568932683092599,0
DTXSID0047379,102,0.03699608518542329,0
DTXSID0047400,102,0.0,0
DTXSID0047406,102,0.06084503209432385,0
DTXSID0047408,102,1.4888855664604992e-12,0
DTXSID0047454,102,0.0,0
DTXSID0047456,102,3.297611088091754e-11,0
DTXSID0047533,102,9.544996536145077e-18,0
DTXSID0047535,102,7.796590295808575e-09,0
DTXSID0047537,102,1.8855989046459724e-07,0
DTXSID0047539,102,3.5198194902105416e-15,0
DTXSID0047581,102,1.9694413338125364e-15,0
DTXSID0047583,102,0.0,0
DTXSID0047585,102,1.4038520954092753e-05,0
DTXSID0047587,102,0.0,0
DTXSID0047589,102,8.910435803363685e-08,0
DTXSID0047610,102,5.726669055027181e-10,0
DTXSID0047614,102,4.783954530742059e-13,0
DTXSID0047618,102,1.4791636630797059e-19,0
DTXSID0047741,102,0.0005773168869125806,0
DTXSID0047749,102,8.400803696330556e-15,0
DTXSID0047957,102,1.3077752401893087e-05,0
DTXSID0048181,102,0.0,0
DTXSID0048183,102,5.43827951682361e-12,0
DTXSID0048185,102,0.9901716625001254,1
DTXSID0048187,102,5.054244383679559e-08,0
DTXSID0048189,102,9.592709084989109e-05,0
DTXSID0048210,102,2.1433175918265517e-08,0
DTXSID0048505,102,0.0025207062125428316,0
DTXSID0048507,102,0.033809786416431516,0
DTXSID0048509,102,0.00026739026501985887,0
DTXSID0051447,102,0.8098407244896502,0
DTXSID0051493,102,2.2086899276305838e-09,0
DTXSID0051497,102,4.089737344062605e-09,0
DTXSID0051499,102,0.999977642646371,1
DTXSID0051570,102,6.573613416710983e-08,0
DTXSID0051574,102,1.4392022605487342e-08,0
DTXSID0051732,102,9.86721337378376e-16,0
DTXSID0051736,102,1.5944731263005858e-18,0
DTXSID0051738,102,1.5142648186220668e-13,0
DTXSID0051782,102,3.924594670777277e-12,0
DTXSID0051863,102,0.5423319268422683,0
DTXSID0051944,102,0.0,0
DTXSID0051996,102,1.3927318742554148e-05,0
DTXSID0052043,102,0.0,0
DTXSID0052124,102,9.131712104561277e-07,0
DTXSID0052463,102,0.0,0
DTXSID0052542,102,8.78265890637709e-08,0
DTXSID0052590,102,0.955538480323827,1
DTXSID0052594,102,0.0,0
DTXSID0052596,102,5.311121725210352e-16,0
DTXSID0052598,102,2.1409840996833106e-16,0
DTXSID0052621,102,4.686945071366831e-11,0
DTXSID0052629,102,0.0,0
DTXSID0052833,102,0.0,0
DTXSID0052837,102,0.0,0
DTXSID0052839,102,3.000282561105608e-10,0
DTXSID0052910,102,1.4723976571359252e-06,0
DTXSID0052912,102,0.0,0
DTXSID0057910,102,0.0,0
DTXSID0057912,102,0.0,0
DTXSID0057914,102,0.0003341048249970686,0
DTXSID0057916,102,1.3915482758312393e-11,0
DTXSID0059794,102,1.1278009375447356e-15,0
DTXSID0059829,102,0.9999999544420572,1
DTXSID0059871,102,8.273062979599918e-17,0
DTXSID0059879,102,0.0,0
DTXSID0060985,102,4.7595831962097424e-08,0
DTXSID0061826,102,0.0,0
DTXSID0073118,102,0.0,0
DTXSID0074059,102,5.4450163799317677e-17,0
DTXSID00858881,102,1.0136000785648795e-16,0
DTXSID00858886,102,5.490793222011627e-19,0
DTXSID00858902,102,0.0006735175826202178,0
DTXSID00858907,102,8.808734128060187e-09,0
DTXSID00858922,102,0.4200941783308451,0
DTXSID00872663,102,0.0018176383047651449,0
DTXSID00872709,102,3.6745258277630745e-09,0
DTXSID00872724,102,1.6130908869443935e-09,0
DTXSID00872729,102,0.0,0
DTXSID00872744,102,1.6094663748949533e-09,0
DTXSID00872749,102,3.3705697177535335e-15,0
DTXSID00892442,102,0.012365180445808609,0
DTXSID00903825,102,0.0,0
DTXSID00903840,102,0.0,0
DTXSID00903845,102,6.82042301671961e-18,0
DTXSID00903860,102,0.0,0
DTXSID00903865,102,0.0,0
DTXSID00903880,102,0.0,0
DTXSID00903885,102,0.0,0
DTXSID101351786,102,0.436426745968816,0
DTXSID101351798,102,0.9860775250266226,1
DTXSID101351805,102,0.9999999677741478,1
DTXSID10190946,102,1.953097138294078e-16,0
DTXSID1020063,102,1.1315141408197478e-09,0
DTXSID1020069,102,0.999987737251372,1
DTXSID1020140,102,7.091876138765654e-07,0
DTXSID1020142,102,1.1175560593312166e-08,0
DTXSID1020144,102,0.0,0
DTXSID1020148,102,0.0,0
DTXSID1020190,102,0.0,0
DTXSID1020194,102,2.2395330623472626e-08,0
DTXSID1020221,102,3.89351949337842e-05,0
DTXSID1020223,102,3.336152749389856e-07,0
DTXSID1020308,102,0.0,0
DTXSID1020350,102,0.0,0
DTXSID1020352,102,0.00014326336957633883,0
DTXSID1020354,102,3.9826996648082614e-12,0
DTXSID1020431,102,4.065411771842798e-08,0
DTXSID1020433,102,0.9522925542499276,1
DTXSID1020439,102,0.4224413072019033,0
DTXSID1020485,102,0.9999950370003345,1
DTXSID1020510,102,0.006830058483059511,0
DTXSID1020512,102,0.0,0
DTXSID1020516,102,3.5414698760843163e-14,0
DTXSID1020560,102,5.208350420722263e-06,0
DTXSID1020647,102,2.237770631182917e-13,0
DTXSID1020697,102,0.8539972226765269,0
DTXSID1020699,102,0.9999999517771545,1
DTXSID1020728,102,0.851030250978583,0
DTXSID1020770,102,0.999927053133167,1
DTXSID1020778,102,1.368848165857606e-10,0
DTXSID1020803,102,0.5743117967193534,0
DTXSID1020805,102,9.455284074142742e-08,0
DTXSID1020807,102,0.9999969667424171,1
DTXSID1020855,102,3.359641183088101e-15,0
DTXSID1020930,102,0.0,0
DTXSID1020932,102,5.982577078965641e-09,0
DTXSID1020980,102,0.0,0
DTXSID1021031,102,2.4056443270848702e-11,0
DTXSID1021039,102,7.044547483939232e-11,0
DTXSID1021081,102,0.99999442938693,1
DTXSID1021087,102,6.0971509081930605e-05,0
DTXSID1021116,102,0.0,0
DTXSID1021118,102,0.9125274218274622,1
DTXSID1021160,102,0.049487237777407364,0
DTXSID1021164,102,1.6672999354097299e-12,0
DTXSID1021166,102,0.8692628878050221,0
DTXSID1021241,102,0.011680605642785953,0
DTXSID1021243,102,0.9987130501820746,1
DTXSID1021247,102,0.05760648592645347,0
DTXSID1021299,102,1.8980351313259285e-15,0
DTXSID1021322,102,7.646307348566874e-17,0
DTXSID1021328,102,0.0,0
DTXSID1021372,102,0.9971343128418672,1
DTXSID1021378,102,0.0,0
DTXSID1021403,102,0.0,0
DTXSID1021405,102,0.24374129468673886,0
DTXSID1021409,102,0.9999999738895421,1
DTXSID1021455,102,3.923338901113083e-08,0
DTXSID1021586,102,2.7722261406930097e-09,0
DTXSID1021617,102,6.25965021021325e-15,0
DTXSID1021740,102,0.0,0
DTXSID1021790,102,0.012724857451188523,0
DTXSID1021792,102,0.002706216880749033,0
DTXSID1021798,102,0.0,0
DTXSID1021821,102,3.818251458288137e-06,0
DTXSID1021871,102,6.629798116895298e-13,0
DTXSID1021877,102,4.895289987709406e-07,0
DTXSID1021904,102,0.0,0
DTXSID1021952,102,0.1584957303031875,0
DTXSID1021956,102,1.4647776847186953e-06,0
DTXSID1022001,102,8.803557269034418e-08,0
DTXSID1022003,102,2.8365382727262046e-20,0
DTXSID1022009,102,0.011473017636477038,0
DTXSID1022051,102,1.9573747910075183e-09,0
DTXSID1022053,102,0.9999693372290007,1
DTXSID1022055,102,0.0,0
DTXSID1022138,102,0.0,0
DTXSID1022180,102,0.0,0
DTXSID1022188,102,8.834408235712622e-15,0
DTXSID1022217,102,0.0,0
DTXSID1022265,102,2.4764242121619515e-08,0
DTXSID1022267,102,1.0546709187459062e-11,0
DTXSID1022394,102,0.9229377965543165,1
DTXSID1022396,102,0.9999943098368557,1
DTXSID1022421,102,6.495387833249232e-15,0
DTXSID10224331,102,0.0,0
DTXSID1022479,102,0.0,0
DTXSID1022508,102,2.1064111227119363e-07,0
DTXSID1023235,102,0.0,0
DTXSID1023815,102,2.2139317597799076e-15,0
DTXSID1023817,102,0.9451924243509346,1
DTXSID1023819,102,1.2212349919221908e-11,0
DTXSID1023869,102,1.0145200344437702e-09,0
DTXSID1023990,102,3.1251459140899465e-16,0
DTXSID1023996,102,2.169163284181079e-13,0
DTXSID1023998,102,0.9999923993660059,1
DTXSID1024045,102,0.0,0
DTXSID1024049,102,1.7796886265844535e-18,0
DTXSID1024091,102,1.0945298924164025e-05,0
DTXSID1024097,102,0.0,0
DTXSID1024124,102,3.823995425806789e-10,0
DTXSID1024126,102,9.013016044453724e-07,0
DTXSID1024170,102,5.376988126373727e-07,0
DTXSID1024174,102,0.9141067021328888,1
DTXSID1024176,102,6.775559993577807e-19,0
DTXSID1024209,102,1.7340860968865763e-12,0
DTXSID1024255,102,1.6483527499104304e-05,0
DTXSID1024259,102,0.999022194148561,1
DTXSID1024338,102,0.9538652852950473,1
DTXSID1024465,102,1.0570035190169829e-11,0
DTXSID1024598,102,0.20571232638048362,0
DTXSID1024621,102,0.0,0
DTXSID1024629,102,2.099462289173658e-06,0
DTXSID1024704,102,0.0,0
DTXSID1024837,102,1.8667773719859276e-09,0
DTXSID1024916,102,7.485780672706817e-12,0
DTXSID1024918,102,0.0,0
DTXSID1024966,102,0.0,0
DTXSID1025017,102,0.030110336797547665,0
DTXSID1025148,102,1.1183748896783324e-13,0
DTXSID1025221,102,0.00010610644812938017,0
DTXSID1025271,102,1.0008877120574825e-08,0
DTXSID1025279,102,1.0024759884242456e-08,0
DTXSID1025300,102,0.9999319742004933,1
DTXSID1025306,102,0.0,0
DTXSID1025433,102,0.0,0
DTXSID1025485,102,5.14648794403548e-14,0
DTXSID1025512,102,0.8142646300956056,0
DTXSID1025560,102,6.806017079126845e-11,0
DTXSID1025726,102,0.0,0
DTXSID1025805,102,5.013185756211811e-05,0
DTXSID1025809,102,0.006280944159504692,0
DTXSID1025857,102,9.832508541525013e-05,0
DTXSID1025930,102,0.9937663493437634,1
DTXSID1026031,102,0.844727863924866,0
DTXSID1026033,102,0.01089353630081419,0
DTXSID1026035,102,0.9999999915892117,1
DTXSID1026081,102,0.9999986533600923,1
DTXSID1026118,102,5.777641734085305e-20,0
DTXSID1026164,102,0.0,0
DTXSID1026241,102,4.31372336456673e-06,0
DTXSID1026293,102,2.482254540989004e-19,0
DTXSID1026457,102,5.0408731788871186e-18,0
DTXSID1026536,102,4.050780571996994e-12,0
DTXSID1026615,102,5.330727585552891e-15,0
DTXSID1026665,102,5.601018498711609e-10,0
DTXSID1026792,102,0.0,0
DTXSID1026879,102,5.163737048336688e-08,0
DTXSID1026900,102,1.766126045363015e-18,0
DTXSID1026902,102,0.998980606710442,1
DTXSID1026904,102,1.9132760541482504e-10,0
DTXSID1026906,102,0.00035369952754046017,0
DTXSID1026908,102,8.27808932731524e-08,0
DTXSID1027134,102,0.9999977663058502,1
DTXSID1027184,102,0.0,0
DTXSID1027211,102,0.0,0
DTXSID1027263,102,0.0,0
DTXSID1027267,102,8.923756070423798e-18,0
DTXSID1027342,102,3.654800325166614e-11,0
DTXSID1027344,102,0.0,0
DTXSID1027346,102,0.0,0
DTXSID1027390,102,0.9999943336236474,1
DTXSID1027429,102,0.0,0
DTXSID1027479,102,0.9999785959096243,1
DTXSID1027500,102,0.0,0
DTXSID1027502,102,1.0948888829393062e-11,0
DTXSID1027504,102,4.050769532137248e-08,0
DTXSID1027550,102,5.662208883932876e-17,0
DTXSID1027556,102,0.0,0
DTXSID1027558,102,3.1620698773140494e-14,0
DTXSID1027633,102,1.6318683052888634e-16,0
DTXSID1027635,102,2.202036945991297e-05,0
DTXSID1027841,102,0.0,0
DTXSID1027891,102,0.9944758550302393,1
DTXSID1027899,102,2.3972812205185293e-08,0
DTXSID1027920,102,1.1105286218583354e-05,0
DTXSID1027924,102,6.5863990507630794e-18,0
DTXSID1027926,102,3.586574920612663e-07,0
DTXSID1027928,102,0.5611642498953694,0
DTXSID1027978,102,0.0,0
DTXSID1029124,102,4.880105059729279e-15,0
DTXSID1029128,102,0.0,0
DTXSID1029170,102,7.615792627703454e-14,0
DTXSID1029201,102,4.537762407084118e-06,0
DTXSID1029251,102,0.02343198457448216,0
DTXSID1029677,102,0.0723844996748408,0
DTXSID1029889,102,1.3462435047828985e-05,0
DTXSID1030319,102,0.9892263905440588,1
DTXSID1030606,102,3.669254440895527e-06,0
DTXSID1031460,102,1.0844401252970041e-14,0
DTXSID1031462,102,2.346228090793989e-15,0
DTXSID1031591,102,0.0,0
DTXSID1031626,102,3.463790838324689e-07,0
DTXSID1032303,102,5.4165987692785433e-11,0
DTXSID1032305,102,0.0,0
DTXSID1032309,102,0.0008715905374876322,0
DTXSID1032355,102,0.9918124487269184,1
DTXSID1032359,102,0.9999987759936073,1
DTXSID1032482,102,0.003216331919416728,0
DTXSID1032484,102,0.8954479951187667,0
DTXSID1032488,102,0.9933549232792745,1
DTXSID1032511,102,1.5850389717675807e-10,0
DTXSID1032513,102,1.572560449546641e-08,0
DTXSID1032519,102,5.240209372021671e-21,0
DTXSID1032569,102,2.8493514626993746e-05,0
DTXSID1032640,102,0.9999910628024052,1
DTXSID1032642,102,3.377462998117922e-05,0
DTXSID1032646,102,0.9801925620237036,1
DTXSID1032648,102,0.9954448476459172,1
DTXSID1032690,102,0.10569070913999061,0
DTXSID1033161,102,0.018213866332907478,0
DTXSID1033371,102,8.236968442400654e-19,0
DTXSID1033664,102,3.444239457805304e-05,0
DTXSID1034181,102,0.36012078698474737,0
DTXSID1034187,102,6.175751860717715e-05,0
DTXSID1034210,102,7.938045835218234e-11,0
DTXSID1034212,102,0.999024388611848,1
DTXSID1034260,102,1.4886504246480247e-07,0
DTXSID1034501,102,0.00269840822204881,0
DTXSID1034503,102,2.3715728529531788e-12,0
DTXSID1034634,102,0.9999849996223358,1
DTXSID1034769,102,0.0,0
DTXSID1034929,102,2.5111761708208382e-18,0
DTXSID1034973,102,0.0008584282562093866,0
DTXSID1035288,102,0.20214218106705112,0
DTXSID1035783,102,4.727484532518787e-05,0
DTXSID1036541,102,2.7548311987802926e-17,0
DTXSID1036545,102,1.9070929124885147e-13,0
DTXSID10370988,102,3.3904893760952407e-18,0
DTXSID1037303,102,0.9955521647671289,1
DTXSID1037565,102,1.2592764749929411e-08,0
DTXSID1037567,102,0.0,0
DTXSID1037806,102,1.722576081612265e-08,0
DTXSID10379254,102,0.0,0
DTXSID10379835,102,6.6086350927274806e-12,0
DTXSID10379850,102,1.6862036999186068e-09,0
DTXSID10379991,102,0.9999943651809942,1
DTXSID10382147,102,0.0,0
DTXSID1038298,102,0.020516167498255505,0
DTXSID1038321,102,0.9888196449037434,1
DTXSID1038666,102,0.9795167798263095,1
DTXSID1038743,102,1.6848333115228865e-06,0
DTXSID1038795,102,5.666478212590209e-09,0
DTXSID1038822,102,0.00392679073686095,0
DTXSID1038824,102,0.0,0
DTXSID1038876,102,0.9999964558306609,1
DTXSID1040110,102,0.0,0
DTXSID1040112,102,0.0,0
DTXSID1040114,102,0.0017853074958916718,0
DTXSID1040164,102,8.196760765543525e-08,0
DTXSID1040245,102,0.0,0
DTXSID1040320,102,0.911422990564817,1
DTXSID1040326,102,0.0002828175235115256,0
DTXSID1040372,102,2.286597102524392e-11,0
DTXSID1040611,102,2.450395443519288e-13,0
DTXSID1040619,102,0.9999999999781815,1
DTXSID1040661,102,0.0003279688318699243,0
DTXSID1040742,102,4.632604883152722e-08,0
DTXSID1040792,102,3.8041649783516767e-07,0
DTXSID1040794,102,0.9999846547248044,1
DTXSID1041184,102,0.0,0
DTXSID1041188,102,0.8761838296272971,0
DTXSID1041261,102,1.9317448855853173e-10,0
DTXSID1041263,102,0.0,0
DTXSID1041265,102,0.0,0
DTXSID1041267,102,1.5172235834936751e-18,0
DTXSID1041346,102,0.00010083218108654344,0
DTXSID1041396,102,0.0,0
DTXSID1041421,102,1.2911987142000353e-07,0
DTXSID1041423,102,0.0,0
DTXSID1041425,102,3.259918891211385e-07,0
DTXSID1041502,102,0.0001450573211808498,0
DTXSID1041506,102,0.0,0
DTXSID1041508,102,2.434206391951991e-09,0
DTXSID1041550,102,0.0,0
DTXSID1041639,102,0.0,0
DTXSID1041847,102,8.23221050185168e-18,0
DTXSID1041891,102,7.29439916902784e-11,0
DTXSID1041920,102,1.947798462869702e-14,0
DTXSID1041970,102,2.011378450987933e-08,0
DTXSID1041978,102,6.88071445361341e-05,0
DTXSID1042154,102,0.9999952325061897,1
DTXSID1042443,102,2.4475264924976825e-10,0
DTXSID1042445,102,0.0,0
DTXSID1042491,102,0.0,0
DTXSID1042499,102,0.009266339931426403,0
DTXSID1043910,102,1.9389835233909953e-09,0
DTXSID1044221,102,1.5566689515600164e-11,0
DTXSID1044227,102,2.9714275861499918e-12,0
DTXSID1044352,102,4.821266901189893e-10,0
DTXSID1044354,102,1.2944113606815415e-14,0
DTXSID1044356,102,0.0,0
DTXSID1044435,102,0.0,0
DTXSID1044437,102,0.0,0
DTXSID1044481,102,3.517371088166761e-13,0
DTXSID1044487,102,7.01900718918277e-09,0
DTXSID1044489,102,0.0,0
DTXSID1044514,102,0.9995088883259347,1
DTXSID1044518,102,0.0,0
DTXSID1044560,102,9.955489097996019e-14,0
DTXSID1044564,102,0.00012720743274006533,0
DTXSID1044568,102,0.0044409829531130976,0
DTXSID1044643,102,0.0,0
DTXSID1044693,102,0.0,0
DTXSID1044697,102,2.6096797239845976e-17,0
DTXSID1044720,102,0.0,0
DTXSID1044770,102,1.2484747387804733e-10,0
DTXSID1044772,102,0.0,0
DTXSID1044774,102,9.309052894464164e-14,0
DTXSID1044776,102,0.0,0
DTXSID1044809,102,2.323430782158036e-18,0
DTXSID1044851,102,5.2293274262887973e-14,0
DTXSID1044853,102,9.397601081046246e-12,0
DTXSID1044859,102,1.324021024821129e-20,0
DTXSID1044934,102,1.0960913912374062e-17,0
DTXSID1044936,102,1.7469230729338947e-11,0
DTXSID1044938,102,1.742731698446376e-10,0
DTXSID1044986,102,4.6188940252376436e-11,0
DTXSID10461880,102,3.0845739872805693e-15,0
DTXSID1046970,102,0.9876259246218552,1
DTXSID1046976,102,1.1900710514032595e-05,0
DTXSID1047029,102,4.771581097007917e-12,0
DTXSID1047071,102,4.817400162777741e-12,0
DTXSID1047102,102,0.0,0
DTXSID1047104,102,1.809876083613207e-09,0
DTXSID1047106,102,3.233897768551549e-15,0
DTXSID1047152,102,4.829507414829794e-07,0
DTXSID1047156,102,0.005029845946948491,0
DTXSID1047158,102,2.9238513565470823e-10,0
DTXSID1047281,102,0.0,0
DTXSID1047283,102,0.9987613514497753,1
DTXSID1047285,102,0.9994397602785087,1
DTXSID1047287,102,0.25038394012121756,0
DTXSID1047289,102,0.0012129651048263337,0
DTXSID1047310,102,0.9999999979367985,1
DTXSID1047312,102,0.001319738829174615,0
DTXSID1047316,102,0.9521699330089917,1
DTXSID1047318,102,1.7098244799809319e-13,0
DTXSID1047360,102,9.465526706916942e-20,0
DTXSID1047362,102,0.9999999996477295,1
DTXSID1047364,102,0.0027986012645569796,0
DTXSID1047366,102,0.004495624848411947,0
DTXSID1047368,102,0.9999999999993142,1
DTXSID1047443,102,3.783323938768811e-09,0
DTXSID1047447,102,0.0,0
DTXSID1047497,102,0.0,0
DTXSID1047520,102,0.0,0
DTXSID1047526,102,1.6833742563685017e-12,0
DTXSID1047528,102,0.05066487455584519,0
DTXSID1047570,102,3.5886880179089202e-06,0
DTXSID1047574,102,0.00021633356822623834,0
DTXSID1047576,102,0.0,0
DTXSID1047578,102,0.4404271732427892,0
DTXSID1047601,102,0.0,0
DTXSID1047603,102,6.361408916706965e-11,0
DTXSID1047605,102,6.862247730080548e-10,0
DTXSID1047607,102,7.419630285164026e-10,0
DTXSID1047609,102,2.45388809313274e-16,0
DTXSID1047651,102,2.1126819430364497e-08,0
DTXSID1047655,102,0.0,0
DTXSID1047657,102,2.4523421544952915e-05,0
DTXSID1047659,102,0.0,0
DTXSID1048122,102,0.0,0
DTXSID1048170,102,0.9987782045982784,1
DTXSID1048172,102,0.010124693448662934,0
DTXSID1048174,102,0.9998601942370942,1
DTXSID1048176,102,0.9946242015974156,1
DTXSID1048178,102,0.9999999961822064,1
DTXSID1048201,102,3.681178768944252e-07,0
DTXSID1048203,102,0.0,0
DTXSID1048207,102,2.526900968348197e-07,0
DTXSID1048209,102,0.0,0
DTXSID1049225,102,0.0,0
DTXSID1049697,102,0.0,0
DTXSID1051690,102,4.982050973243716e-12,0
DTXSID1051771,102,0.0,0
DTXSID1051779,102,1.8307343996348207e-17,0
DTXSID1051808,102,8.728173743849346e-12,0
DTXSID1051850,102,0.0,0
DTXSID1051856,102,0.0,0
DTXSID1051939,102,2.086733023675949e-10,0
DTXSID1052294,102,1.6921328355831062e-08,0
DTXSID1052298,102,0.0,0
DTXSID1052539,102,2.662956607301643e-09,0
DTXSID1052585,102,0.0005465908501576391,0
DTXSID1052587,102,0.0,0
DTXSID1052610,102,1.7825801894955102e-13,0
DTXSID1052901,102,9.906575521186023e-07,0
DTXSID1052903,102,0.0,0
DTXSID1052905,102,1.5068877669681946e-09,0
DTXSID1052907,102,0.0021506497007735188,0
DTXSID1052909,102,0.0,0
DTXSID1057907,102,0.0,0
DTXSID1057909,102,4.219073721167359e-15,0
DTXSID1062122,102,2.987738343831957e-12,0
DTXSID1067629,102,0.7988363187619918,0
DTXSID1068772,102,0.027027456858116205,0
DTXSID1074915,102,4.419530996397249e-12,0
DTXSID10858872,102,9.4192984446575e-15,0
DTXSID10858877,102,0.0,0
DTXSID10858892,102,3.348055593165946e-14,0
DTXSID10858897,102,1.0301522030508867e-14,0
DTXSID10858913,102,7.172026081950969e-17,0
DTXSID10858918,102,2.642631710644124e-08,0
DTXSID10872710,102,2.1912997300255212e-15,0
DTXSID10872715,102,4.220720737428208e-07,0
DTXSID10872730,102,3.8456571054229394e-10,0
DTXSID10872735,102,0.0,0
DTXSID10872750,102,2.5222613825903336e-07,0
DTXSID10872755,102,1.8779199563460356e-14,0
DTXSID10903831,102,2.0300567830053267e-19,0
DTXSID10903836,102,1.3163130860277198e-15,0
DTXSID10903851,102,1.6441481727180534e-18,0
DTXSID10903856,102,0.0,0
DTXSID10903871,102,0.0,0
DTXSID10903876,102,0.0,0
DTXSID10903891,102,0.0,0
DTXSID10903896,102,0.0,0
DTXSID201339555,102,8.11900886981947e-07,0
DTXSID201339593,102,8.328232284857602e-08,0
DTXSID201351484,102,0.9999233870153859,1
DTXSID201351789,102,0.9999827730361768,1
DTXSID201351791,102,0.03667750015397447,0
DTXSID20179883,102,0.0,0
DTXSID2020006,102,8.664546003940069e-10,0
DTXSID2020058,102,2.8060251687970364e-16,0
DTXSID2020137,102,5.799408493589238e-08,0
DTXSID2020189,102,9.426353702091386e-07,0
DTXSID2020210,102,5.1032812012773644e-17,0
DTXSID2020212,102,0.5630557999427928,0
DTXSID2020216,102,0.9827267539741616,1
DTXSID2020262,102,6.937634605770908e-13,0
DTXSID2020266,102,8.416529662522418e-09,0
DTXSID2020268,102,1.827829182335152e-05,0
DTXSID2020347,102,0.999902559493076,1
DTXSID2020349,102,0.9906412908034741,1
DTXSID2020420,102,0.995801948930127,1
DTXSID2020424,102,0.01709465886461279,0
DTXSID2020426,102,0.9999745351687376,1
DTXSID2020428,102,0.0,0
DTXSID2020474,102,1.6789608899704082e-20,0
DTXSID2020501,102,4.034504807809839e-09,0
DTXSID2020505,102,1.1378204422039765e-06,0
DTXSID2020507,102,0.0,0
DTXSID2020509,102,2.8327581705548156e-15,0
DTXSID2020634,102,2.0740652734185376e-09,0
DTXSID2020636,102,0.9973526806685549,1
DTXSID2020686,102,0.7982822093582949,0
DTXSID2020688,102,4.932971408976522e-12,0
DTXSID2020713,102,0.9987977060069184,1
DTXSID2020767,102,4.6243432991730615e-18,0
DTXSID2020890,102,0.0,0
DTXSID2020892,102,0.0,0
DTXSID2020894,102,6.883166932145667e-06,0
DTXSID2020921,102,0.009329425982053108,0
DTXSID2020923,102,0.0,0
DTXSID2020927,102,1.9749482197333856e-09,0
DTXSID2020929,102,0.0,0
DTXSID2020977,102,0.0,0
DTXSID2021022,102,7.951344717019168e-13,0
DTXSID2021026,102,0.0,0
DTXSID2021028,102,0.0,0
DTXSID2021103,102,4.4161732077333687e-10,0
DTXSID2021105,102,0.9999921334767573,1
DTXSID2021151,102,2.9570576005929748e-05,0
DTXSID2021234,102,4.261577919372621e-06,0
DTXSID2021236,102,0.0,0
DTXSID2021238,102,6.850690829282355e-08,0
DTXSID2021282,102,0.0,0
DTXSID2021286,102,0.0,0
DTXSID2021288,102,1.6175566454574968e-12,0
DTXSID2021311,102,0.9999999694561158,1
DTXSID2021367,102,4.425576913666417e-05,0
DTXSID2021440,102,1.6140410498239647e-16,0
DTXSID2021498,102,0.9986079261199565,1
DTXSID2021575,102,8.86401998700411e-13,0
DTXSID2021577,102,3.2274269338523897e-07,0
DTXSID2021600,102,1.1419035240786515e-20,0
DTXSID2021602,102,1.3537649072965908e-20,0
DTXSID2021604,102,7.526778935711156e-09,0
DTXSID2021650,102,0.0,0
DTXSID2021654,102,1.2901314169943032e-22,0
DTXSID2021656,102,1.7297658919238228e-09,0
DTXSID2021735,102,0.0,0
DTXSID2021739,102,0.0010518635856353717,0
DTXSID2021781,102,0.9974519336977388,1
DTXSID2021816,102,0.0,0
DTXSID2021818,102,1.2398388155869623e-11,0
DTXSID2021864,102,7.651628015954922e-12,0
DTXSID2021866,102,9.050109697809084e-10,0
DTXSID2021941,102,0.0,0
DTXSID2021943,102,2.045845291695032e-05,0
DTXSID2021947,102,0.150364055554566,0
DTXSID2021993,102,0.0,0
DTXSID2021995,102,6.134028695217217e-05,0
DTXSID2021997,102,1.6088027998203047e-17,0
DTXSID2022048,102,0.9536449917195027,1
DTXSID2022090,102,7.61615181841236e-12,0
DTXSID2022096,102,5.76788553909858e-15,0
DTXSID2022121,102,8.266652324431996e-21,0
DTXSID2022123,102,0.9991478692786401,1
DTXSID2022125,102,0.0,0
DTXSID2022127,102,0.9986394557273647,1
DTXSID2022171,102,3.787623862044644e-09,0
DTXSID2022179,102,3.401364701532158e-09,0
DTXSID2022254,102,1.9136525512720213e-09,0
DTXSID2022331,102,1.3290008477819115e-17,0
DTXSID2022333,102,0.0,0
DTXSID2022381,102,7.613278181990701e-06,0
DTXSID2022462,102,6.0030472581946e-14,0
DTXSID2022628,102,7.645492854419672e-10,0
DTXSID2022678,102,1.9279957006382716e-10,0
DTXSID2022880,102,0.0,0
DTXSID2023016,102,0.00035883784778587295,0
DTXSID2023193,102,7.350940612857908e-10,0
DTXSID2023224,102,1.7615814205991396e-20,0
DTXSID2023270,102,1.8940517422569181e-13,0
DTXSID2023309,102,2.8015198193187344e-08,0
DTXSID2023430,102,7.162184331362281e-09,0
DTXSID2023434,102,0.0,0
DTXSID2023519,102,0.955336159448821,1
DTXSID2023567,102,1.5326998088169643e-15,0
DTXSID2023569,102,0.9999999665255398,1
DTXSID2023723,102,2.4747510063505186e-21,0
DTXSID2024086,102,3.3775116157988984e-18,0
DTXSID2024163,102,0.9088254115989632,1
DTXSID2024242,102,0.667592814488031,0
DTXSID2024452,102,2.9159224757146983e-21,0
DTXSID2024458,102,0.0,0
DTXSID2024585,102,2.8290199687394336e-17,0
DTXSID2024662,102,3.319016818660248e-13,0
DTXSID2024664,102,0.0,0
DTXSID2024666,102,1.491089438482407e-18,0
DTXSID2024793,102,0.9297440950574571,1
DTXSID2024799,102,8.268451888087669e-10,0
DTXSID2024824,102,0.8496790781608177,0
DTXSID2024955,102,1.0700140304899639e-06,0
DTXSID2025050,102,0.0,0
DTXSID2025133,102,1.3447338513297224e-20,0
DTXSID2025135,102,1.2114048210487687e-10,0
DTXSID2025139,102,0.9692902199612674,1
DTXSID2025210,102,0.0,0
DTXSID2025216,102,1.2120465847385148e-15,0
DTXSID2025347,102,0.0036093298918245505,0
DTXSID2025395,102,1.0663242785172971e-10,0
DTXSID2025478,102,1.603490511756678e-06,0
DTXSID2025501,102,0.0,0
DTXSID2025505,102,0.9994527400430168,1
DTXSID2025557,102,0.0,0
DTXSID2025632,102,1.680639905041475e-21,0
DTXSID2025680,102,0.11268023907781667,0
DTXSID2025688,102,0.0,0
DTXSID2025842,102,0.9998392675515152,1
DTXSID2025892,102,0.8293416669306747,0
DTXSID2025925,102,8.129756644357134e-10,0
DTXSID2025977,102,0.00702352483318429,0
DTXSID2026076,102,1.7021451872472167e-07,0
DTXSID2026232,102,0.0,0
DTXSID2026238,102,0.0,0
DTXSID2026446,102,0.8765846214424573,0
DTXSID2026496,102,6.720563784171565e-13,0
DTXSID2026523,102,6.308264595164241e-12,0
DTXSID2026525,102,0.7530880122725507,0
DTXSID2026529,102,7.408240033972756e-10,0
DTXSID2026573,102,2.605000654332496e-05,0
DTXSID2026602,102,0.7612388983397653,0
DTXSID2026608,102,2.7851651012899625e-17,0
DTXSID2026652,102,0.0002610983791159625,0
DTXSID2026739,102,1.0468906892842283e-09,0
DTXSID2026781,102,8.39204729392387e-16,0
DTXSID2026783,102,0.0,0
DTXSID2026789,102,0.0,0
DTXSID2026864,102,7.625187335531112e-15,0
DTXSID2026943,102,1.878232973543064e-10,0
DTXSID2026991,102,6.093963091949488e-14,0
DTXSID2026997,102,1.7615681955119815e-15,0
DTXSID2027094,102,0.9490195754928746,1
DTXSID2027200,102,1.6670599208014506e-13,0
DTXSID2027204,102,0.999778161081119,1
DTXSID2027206,102,0.0,0
DTXSID2027258,102,0.0,0
DTXSID2027333,102,1.9976565715424905e-11,0
DTXSID2027412,102,2.111782860768029e-11,0
DTXSID2027414,102,0.0,0
DTXSID2027466,102,6.8095083743181875e-12,0
DTXSID2027593,102,5.724370771117703e-17,0
DTXSID2027620,102,9.884837076612316e-07,0
DTXSID2027759,102,4.1393702562016347e-10,0
DTXSID2027830,102,0.0,0
DTXSID2027832,102,2.349798056166631e-21,0
DTXSID2027834,102,0.8988040362576243,0
DTXSID2027884,102,3.243360131108929e-11,0
DTXSID2027963,102,0.032572545500366035,0
DTXSID2028985,102,0.0,0
DTXSID2029117,102,2.975587409889029e-12,0
DTXSID2029167,102,0.00012248222816752658,0
DTXSID2029242,102,5.532548975708106e-13,0
DTXSID2029246,102,0.9999999873852035,1
DTXSID2029290,102,0.0,0
DTXSID2029298,102,0.7213502757420582,0
DTXSID2029325,102,0.002178887240484266,0
DTXSID2029329,102,3.8968445959253655e-06,0
DTXSID2029612,102,0.0,0
DTXSID2029616,102,0.0,0
DTXSID2029874,102,0.999726117537002,1
DTXSID2030695,102,1.8536904008101065e-09,0
DTXSID2031089,102,0.08950398998744846,0
DTXSID2031374,102,3.7096930525997345e-11,0
DTXSID2032342,102,0.776783141586809,0
DTXSID2032344,102,0.8139731874346174,0
DTXSID2032348,102,0.999998881522833,1
DTXSID2032390,102,0.01399937529411345,0
DTXSID2032392,102,4.512778606941057e-06,0
DTXSID2032398,102,0.9999999544204937,1
DTXSID2032500,102,0.999999626066185,1
DTXSID2032502,102,0.00012165726302141546,0
DTXSID2032550,102,0.9999855836604513,1
DTXSID2032552,102,6.205677533238081e-09,0
DTXSID2032554,102,0.0,0
DTXSID2032556,102,0.9912463313913664,1
DTXSID2032558,102,0.9998397169739321,1
DTXSID2032631,102,8.990296371815511e-11,0
DTXSID2032637,102,5.811893492977595e-11,0
DTXSID2032639,102,2.186192123253139e-16,0
DTXSID2032683,102,1.742458233474147e-05,0
DTXSID2033314,102,0.7606401044104839,0
DTXSID20335129,102,0.0,0
DTXSID20335700,102,5.314861656848492e-11,0
DTXSID20337446,102,1.3590930949072812e-11,0
DTXSID20337466,102,1.7458167228483335e-14,0
DTXSID2034259,102,2.5763558304533825e-19,0
DTXSID2034465,102,1.6089119608488253e-19,0
DTXSID2034542,102,1.6856694815106888e-08,0
DTXSID2034590,102,0.9987950478881031,1
DTXSID2034598,102,0.9994837575803798,1
DTXSID2034625,102,0.0004781061660498508,0
DTXSID2034627,102,5.3176129722626264e-09,0
DTXSID2034673,102,0.5707525191472449,0
DTXSID2034700,102,9.759773250945446e-06,0
DTXSID2034881,102,0.9910110867511789,1
DTXSID2034885,102,0.9999484398144465,1
DTXSID2034962,102,1.7728536358520112e-05,0
DTXSID2035013,102,0.9999788885577434,1
DTXSID2036112,102,0.990870644135066,1
DTXSID2036299,102,0.00019668301903828922,0
DTXSID2036588,102,6.485831036933016e-07,0
DTXSID2036827,102,5.036944083390051e-15,0
DTXSID2037502,102,9.749073571664854e-15,0
DTXSID20375106,102,3.9441904459513865e-12,0
DTXSID2037712,102,1.3349164034631511e-09,0
DTXSID2037714,102,0.8950469341051153,0
DTXSID20379947,102,0.0,0
DTXSID2038732,102,0.0,0
DTXSID2038788,102,6.270898584755246e-10,0
DTXSID2038813,102,0.0,0
DTXSID2039336,102,0.9954501038460607,1
DTXSID2040151,102,2.3464718981877518e-09,0
DTXSID2040284,102,0.5584183044556505,0
DTXSID2040361,102,0.9959626450610789,1
DTXSID2040363,102,3.8210149645678655e-10,0
DTXSID2040731,102,7.080589066811521e-06,0
DTXSID2040733,102,0.9983115944562423,1
DTXSID2040787,102,0.36779226548413874,0
DTXSID2041125,102,0.06840377590386627,0
DTXSID2041200,102,0.7701463247486504,0
DTXSID2041206,102,0.9999998369861999,1
DTXSID2041208,102,0.0,0
DTXSID2041250,102,2.50562442987968e-05,0
DTXSID2041252,102,0.9999998712635402,1
DTXSID2041256,102,3.9171072154612323e-19,0
DTXSID2041389,102,0.0,0
DTXSID2041412,102,0.0,0
DTXSID2041416,102,7.984478371882032e-21,0
DTXSID2041418,102,0.0,0
DTXSID2041460,102,0.0,0
DTXSID2041464,102,0.0,0
DTXSID2041622,102,0.0017420701962228536,0
DTXSID2041672,102,0.0,0
DTXSID2041674,102,6.07509794459605e-14,0
DTXSID2041703,102,0.00013304420989388005,0
DTXSID2041709,102,0.5415153267316826,0
DTXSID2041759,102,7.07155717238737e-06,0
DTXSID2042060,102,0.0,0
DTXSID2042062,102,1.0075372770457484e-10,0
DTXSID2042143,102,0.0003958992531887067,0
DTXSID2042191,102,8.79870585557736e-10,0
DTXSID2042199,102,1.4355268631853851e-10,0
DTXSID2042276,102,0.0,0
DTXSID2042436,102,7.610197419270882e-08,0
DTXSID2043903,102,0.9708795336336018,1
DTXSID20440585,102,0.0,0
DTXSID2044268,102,6.644291268344393e-20,0
DTXSID2044347,102,3.0232383390902724e-14,0
DTXSID2044391,102,2.6132075404989444e-10,0
DTXSID2044395,102,1.3438816743271653e-17,0
DTXSID2044428,102,7.083151415888949e-07,0
DTXSID2044470,102,0.0,0
DTXSID2044472,102,0.0,0
DTXSID2044476,102,7.435915655241386e-10,0
DTXSID2044503,102,0.8444289279560627,0
DTXSID2044507,102,0.00021178206280823722,0
DTXSID2044509,102,0.8742139967201814,0
DTXSID2044553,102,0.0,0
DTXSID2044713,102,0.00040263003266594424,0
DTXSID2044717,102,0.0,0
DTXSID2044719,102,2.6758449475850088e-06,0
DTXSID2044763,102,1.763020357480981e-17,0
DTXSID2044765,102,1.0224623201826005e-05,0
DTXSID2044767,102,3.127653053205899e-21,0
DTXSID2044769,102,3.750492868078183e-14,0
DTXSID2044846,102,2.043761947650047e-17,0
DTXSID2044848,102,4.9232908140762257e-08,0
DTXSID2044890,102,1.8422541039432264e-09,0
DTXSID2044892,102,0.0,0
DTXSID2044896,102,0.0,0
DTXSID2044898,102,2.1911870987970388e-07,0
DTXSID2044927,102,6.894878979571921e-09,0
DTXSID2044929,102,0.0,0
DTXSID2044971,102,0.9998789973727277,1
DTXSID2044973,102,0.0,0
DTXSID2045076,102,1.889843886281684e-12,0
DTXSID2045232,102,0.9999998685851772,1
DTXSID2047060,102,1.234553398609585e-13,0
DTXSID2047062,102,3.555562969363398e-17,0
DTXSID2047066,102,0.0,0
DTXSID2047068,102,7.471428969319796e-06,0
DTXSID2047141,102,0.0,0
DTXSID2047145,102,1.7785026607720916e-08,0
DTXSID2047149,102,2.3473410740232267e-14,0
DTXSID2047191,102,0.016827393364243083,0
DTXSID2047193,102,0.0032347913728974997,0
DTXSID2047195,102,0.0,0
DTXSID2047197,102,0.0,0
DTXSID2047199,102,0.9988472997284582,1
DTXSID2047222,102,3.360119835722193e-05,0
DTXSID2047270,102,0.08882708762049445,0
DTXSID2047272,102,0.020004837107744436,0
DTXSID2047274,102,2.1028592179377866e-11,0
DTXSID2047276,102,0.0,0
DTXSID2047278,102,9.432305569783528e-09,0
DTXSID2047301,102,0.0004955053655413525,0
DTXSID2047303,102,0.4404113658536249,0
DTXSID2047305,102,2.5182635785190388e-05,0
DTXSID2047307,102,0.9999999930257619,1
DTXSID2047309,102,0.9998612897697193,1
DTXSID2047351,102,1.1614989808210157e-18,0
DTXSID2047353,102,5.562479769727253e-05,0
DTXSID2047355,102,0.0,0
DTXSID2047357,102,0.017024992895116702,0
DTXSID2047359,102,0.000397663315668864,0
DTXSID2047434,102,1.7383878554628813e-13,0
DTXSID2047436,102,1.9332602888583174e-12,0
DTXSID2047486,102,2.0769060549110368e-12,0
DTXSID2047511,102,1.516322512849483e-10,0
DTXSID2047517,102,9.726239601601332e-07,0
DTXSID2047519,102,0.0,0
DTXSID2047565,102,0.0,0
DTXSID2047567,102,6.063646025705482e-08,0
DTXSID2047642,102,2.1892078167913155e-16,0
DTXSID2047644,102,2.8460801505282607e-12,0
DTXSID2047646,102,0.0,0
DTXSID2047648,102,0.0,0
DTXSID2047696,102,0.9995856698552464,1
DTXSID2047721,102,0.0014554401373983678,0
DTXSID2047725,102,2.034944126039451e-17,0
DTXSID2047727,102,5.561671735945993e-06,0
DTXSID2048167,102,4.400164920184956e-06,0
DTXSID2050403,102,0.0,0
DTXSID2051477,102,0.0,0
DTXSID2051631,102,0.0,0
DTXSID2051687,102,3.962684792456727e-15,0
DTXSID2051716,102,1.8947742081828184e-10,0
DTXSID2051764,102,0.0,0
DTXSID2051895,102,0.0,0
DTXSID2052281,102,6.910766978360436e-08,0
DTXSID2052283,102,3.0644061234536856e-07,0
DTXSID2052289,102,9.3141582163378e-19,0
DTXSID2052310,102,0.0,0
DTXSID2052447,102,0.0,0
DTXSID2052574,102,0.3594905370352174,0
DTXSID2052603,102,0.0,0
DTXSID2052607,102,6.518005304226484e-10,0
DTXSID2060965,102,0.0,0
DTXSID20858868,102,3.7116949689050583e-13,0
DTXSID20858883,102,2.1589028000961003e-08,0
DTXSID20858888,102,4.828220822016793e-15,0
DTXSID20858904,102,1.949076405009881e-19,0
DTXSID20858909,102,0.0,0
DTXSID20861913,102,0.0,0
DTXSID20872706,102,0.0,0
DTXSID20872721,102,0.0,0
DTXSID20872726,102,4.275261402678648e-07,0
DTXSID20872741,102,5.926885715866838e-20,0
DTXSID20872746,102,1.9146033845470076e-07,0
DTXSID20874028,102,2.1497463965166927e-06,0
DTXSID20880144,102,0.0,0
DTXSID20881338,102,0.0,0
DTXSID20903827,102,4.9645594490849905e-12,0
DTXSID20903842,102,0.0,0
DTXSID20903847,102,9.111740663100144e-10,0
DTXSID20903862,102,0.0,0
DTXSID20903867,102,0.0,0
DTXSID20903882,102,0.0,0
DTXSID20903887,102,0.0,0
DTXSID301339558,102,0.9999997843632129,1
DTXSID301339560,102,0.0,0
DTXSID301351794,102,0.2930677663679223,0
DTXSID301351801,102,0.0,0
DTXSID30170109,102,5.9697515030926505e-09,0
DTXSID30190948,102,1.1452429031747241e-14,0
DTXSID3020043,102,1.59974772519429e-13,0
DTXSID3020047,102,8.616070110621279e-07,0
DTXSID3020091,102,2.927597172972621e-07,0
DTXSID3020093,102,0.0,0
DTXSID3020122,102,1.8384023679079308e-07,0
DTXSID3020205,102,0.5373720941093681,0
DTXSID3020207,102,0.9999999916121376,1
DTXSID3020209,102,0.9999016280943469,1
DTXSID3020257,102,0.8957912287607401,0
DTXSID3020332,102,0.8588121731988285,0
DTXSID3020336,102,7.897608944483553e-05,0
DTXSID3020415,102,2.394647252600852e-07,0
DTXSID3020465,102,0.05720141180130556,0
DTXSID3020621,102,0.0,0
DTXSID3020625,102,1.1826239587677098e-19,0
DTXSID3020627,102,0.0,0
DTXSID3020629,102,3.1707261143857446e-07,0
DTXSID3020671,102,6.251976804332097e-20,0
DTXSID3020673,102,0.9838273002629578,1
DTXSID3020679,102,0.0,0
DTXSID3020704,102,0.0,0
DTXSID3020706,102,5.531702793430332e-05,0
DTXSID3020881,102,0.0,0
DTXSID3020887,102,3.133628915513246e-08,0
DTXSID3020889,102,5.559271993724085e-15,0
DTXSID3020910,102,0.0,0
DTXSID3020912,102,5.0305780847132027e-14,0
DTXSID3020916,102,1.107793093907266e-09,0
DTXSID3020918,102,2.4575631656474507e-09,0
DTXSID3020960,102,0.002055622197258244,0
DTXSID3020962,102,0.0,0
DTXSID3020964,102,0.0,0
DTXSID3020966,102,7.223031643155434e-07,0
DTXSID3021142,102,3.235164728038242e-15,0
DTXSID3021190,102,8.644375477272998e-06,0
DTXSID3021192,102,0.0,0
DTXSID3021196,102,1.043118982429268e-06,0
DTXSID3021275,102,3.842139129171587e-11,0
DTXSID3021277,102,1.116454898830088e-07,0
DTXSID3021356,102,1.4833647995946646e-07,0
DTXSID3021358,102,0.00010504908106891814,0
DTXSID3021483,102,0.0,0
DTXSID3021485,102,6.072629884097053e-09,0
DTXSID3021487,102,0.0,0
DTXSID3021516,102,0.0,0
DTXSID3021518,102,2.1174296479130456e-10,0
DTXSID3021641,102,0.9999947935107981,1
DTXSID3021643,102,0.9061848199253999,1
DTXSID3021645,102,3.489358360813241e-16,0
DTXSID3021726,102,1.4130402348076705e-20,0
DTXSID3021770,102,0.02471197149376391,0
DTXSID3021774,102,1.0192206735906395e-12,0
DTXSID3021778,102,0.002645683562410861,0
DTXSID3021801,102,2.493673888114763e-18,0
DTXSID3021805,102,3.1029572923405853e-07,0
DTXSID3021807,102,3.8183755221787046e-13,0
DTXSID3021851,102,8.276547142466687e-07,0
DTXSID3021853,102,0.0,0
DTXSID3021932,102,0.0,0
DTXSID3021936,102,1.9942019835226202e-10,0
DTXSID3021938,102,0.0,0
DTXSID3021980,102,5.955440281968448e-22,0
DTXSID3021982,102,2.8355639027253222e-08,0
DTXSID3021984,102,0.07161651190448172,0
DTXSID3021986,102,0.0527514071653358,0
DTXSID3022035,102,1.4979681076965263e-12,0
DTXSID3022085,102,7.1257720590474415e-09,0
DTXSID3022162,102,0.9999999807566894,1
DTXSID3022164,102,1.5619122103084874e-11,0
DTXSID3022247,102,4.2715995602679976e-19,0
DTXSID3022320,102,1.0483839826837465e-05,0
DTXSID3022370,102,0.7101532987556759,0
DTXSID3022405,102,0.9982248927201144,1
DTXSID3022409,102,0.8797985160326687,0
DTXSID3022455,102,5.467421966311824e-06,0
DTXSID3022536,102,0.9962958618194935,1
DTXSID3022588,102,0.0,0
DTXSID3022667,102,0.9929550158672699,1
DTXSID3022798,102,0.0,0
DTXSID3022877,102,0.0,0
DTXSID3023471,102,9.246455381460658e-17,0
DTXSID3023556,102,0.9998667667865829,1
DTXSID3023685,102,0.9999812527640464,1
DTXSID3023764,102,0.0,0
DTXSID3023845,102,0.0,0
DTXSID3023897,102,0.9888055357490628,1
DTXSID3023899,102,3.477729734831676e-06,0
DTXSID3023974,102,1.556073629255585e-15,0
DTXSID3024100,102,6.768076206226296e-07,0
DTXSID3024102,102,0.9984339351742735,1
DTXSID3024104,102,0.05797120897128803,0
DTXSID3024152,102,1.544580018872447e-11,0
DTXSID3024154,102,0.9999965512961034,1
DTXSID3024235,102,0.9999046407271889,1
DTXSID3024239,102,0.8116632847679393,0
DTXSID3024287,102,9.800483173895811e-07,0
DTXSID3024289,102,1.2182297935883776e-13,0
DTXSID3024316,102,0.00037843792034500455,0
DTXSID3024318,102,0.9978767595399828,1
DTXSID3024364,102,9.058158550391232e-09,0
DTXSID3024366,102,4.430821420804795e-05,0
DTXSID3024368,102,2.6675362093872786e-12,0
DTXSID3024491,102,0.9999567361673583,1
DTXSID3024528,102,0.18799290725918463,0
DTXSID3024657,102,0.0,0
DTXSID3024738,102,0.0,0
DTXSID3024780,102,0.0,0
DTXSID3024861,102,0.7143887988339621,0
DTXSID3024869,102,1.2415097037068867e-10,0
DTXSID3024940,102,4.79538420742106e-09,0
DTXSID3024944,102,0.6948755510774225,0
DTXSID3024994,102,6.367730750625543e-12,0
DTXSID3025047,102,2.6948629729131757e-08,0
DTXSID3025049,102,7.835398242813738e-06,0
DTXSID3025091,102,0.9830276729178604,1
DTXSID3025122,102,8.30508880506599e-08,0
DTXSID3025170,102,0.0,0
DTXSID3025178,102,0.0007622639806155086,0
DTXSID3025209,102,0.9997899419621925,1
DTXSID3025253,102,0.9999981850001587,1
DTXSID3025461,102,0.0,0
DTXSID3025465,102,0.0003531830471278897,0
DTXSID3025469,102,0.0,0
DTXSID3025540,102,0.9997491476221441,1
DTXSID3025881,102,0.9999941335032078,1
DTXSID3026065,102,2.1912977646276313e-19,0
DTXSID3026223,102,0.0,0
DTXSID3026302,102,0.0006777926001426723,0
DTXSID3026514,102,1.3416184563471182e-06,0
DTXSID3026560,102,0.9999323205114095,1
DTXSID3026562,102,0.0,0
DTXSID3026564,102,2.2145032500834226e-12,0
DTXSID3026566,102,5.3691963643711885e-12,0
DTXSID3026641,102,3.996210295344622e-18,0
DTXSID3026645,102,7.952561222984721e-08,0
DTXSID3026647,102,0.0,0
DTXSID3026691,102,3.955513087012704e-18,0
DTXSID3026697,102,0.0,0
DTXSID3026726,102,1.1221190360410068e-09,0
DTXSID3026728,102,0.02222240105190458,0
DTXSID3027039,102,1.5203098819883408e-13,0
DTXSID3027085,102,3.425687529032695e-16,0
DTXSID3027241,102,0.0,0
DTXSID3027293,102,4.123752305123729e-11,0
DTXSID3027297,102,6.565967532089619e-16,0
DTXSID3027320,102,1.6195367075149765e-06,0
DTXSID3027322,102,5.362150969790932e-07,0
DTXSID3027401,102,3.2118406446174645e-08,0
DTXSID3027403,102,0.9999822304431335,1
DTXSID3027407,102,4.687815060324923e-16,0
DTXSID3027530,102,0.0021183636055577674,0
DTXSID3027584,102,5.824939096865718e-05,0
DTXSID3027588,102,0.9999999977320412,1
DTXSID3027615,102,9.378152581592386e-16,0
DTXSID3027792,102,5.459963374854347e-08,0
DTXSID3027798,102,8.904620188187811e-10,0
DTXSID3027875,102,0.0005516572129823811,0
DTXSID3027877,102,4.141134322921718e-14,0
DTXSID3027902,102,1.4266605314187103e-16,0
DTXSID3028005,102,0.0019791769012272036,0
DTXSID3029154,102,6.316633266649851e-07,0
DTXSID3029237,102,5.644220658114365e-08,0
DTXSID3029289,102,4.567421360993903e-19,0
DTXSID3029364,102,0.999900802362054,1
DTXSID3029572,102,3.3219101821834005e-12,0
DTXSID3029607,102,3.4140712487229845e-17,0
DTXSID3029653,102,1.0978453637933328e-08,0
DTXSID3029869,102,0.9999957049292424,1
DTXSID3030428,102,0.0,0
DTXSID3030636,102,0.004513194991632092,0
DTXSID3031492,102,9.435601266506403e-09,0
DTXSID3031860,102,0.9999749735067403,1
DTXSID3031862,102,0.0005899861492194413,0
DTXSID3031864,102,0.9998001971466326,1
DTXSID3032331,102,3.985250044993439e-17,0
DTXSID3032337,102,0.8296497615938577,0
DTXSID3032389,102,0.0,0
DTXSID3032412,102,0.0,0
DTXSID3032416,102,0.9333481018556434,1
DTXSID3032464,102,0.022191869810966037,0
DTXSID3032541,102,0.9042185643285319,1
DTXSID3032547,102,1.2709469979891996e-05,0
DTXSID3032549,102,0.9902912313969682,1
DTXSID3032591,102,3.0919244624166296e-10,0
DTXSID3032620,102,0.0,0
DTXSID3032622,102,0.0,0
DTXSID3032624,102,0.4301520242746406,0
DTXSID3032626,102,0.9997896309405391,1
DTXSID3032628,102,7.031968022726643e-10,0
DTXSID3032670,102,0.9069589393612467,1
DTXSID3033307,102,0.9597997091853248,1
DTXSID30340244,102,0.0,0
DTXSID3034113,102,5.028010251135433e-19,0
DTXSID3034165,102,5.96852023041536e-06,0
DTXSID3034402,102,0.013901138177504355,0
DTXSID3034456,102,0.9370147700312483,1
DTXSID3034458,102,2.9179043709868716e-23,0
DTXSID3034531,102,0.0,0
DTXSID3034583,102,0.9964551636066218,1
DTXSID3034612,102,0.9759026708655484,1
DTXSID3034614,102,9.952208752633604e-08,0
DTXSID3034618,102,5.024977098621077e-07,0
DTXSID3034664,102,0.4212710949172467,0
DTXSID3034872,102,0.6463654259048881,0
DTXSID3035214,102,0.00022620781980546955,0
DTXSID3035341,102,0.0,0
DTXSID3036105,102,0.0,0
DTXSID3036286,102,2.587008025114261e-07,0
DTXSID3036288,102,0.0,0
DTXSID3036496,102,4.409209667439548e-09,0
DTXSID3036525,102,8.586532973491812e-20,0
DTXSID3037094,102,0.002538960431352504,0
DTXSID3037208,102,0.00495765543631436,0
DTXSID3037541,102,3.3329644367640066e-06,0
DTXSID3037707,102,3.1143106796267424e-06,0
DTXSID3037709,102,0.9976076441104142,1
DTXSID3037757,102,0.9586253582467414,1
DTXSID30378880,102,9.096615983081963e-14,0
DTXSID30382063,102,0.9993916522974575,1
DTXSID30382104,102,0.9999999442193485,1
DTXSID3038696,102,8.036873503412788e-15,0
DTXSID3038771,102,1.1712083354989236e-09,0
DTXSID3038800,102,2.367442465170235e-11,0
DTXSID3038808,102,6.488175359358363e-12,0
DTXSID3038939,102,0.9940194925346593,1
DTXSID30395037,102,6.309893106612381e-12,0
DTXSID30396867,102,4.9248242026231806e-08,0
DTXSID3040271,102,0.0,0
DTXSID3040300,102,2.1448226974654902e-08,0
DTXSID3040352,102,0.9745393768937534,1
DTXSID3040693,102,1.3122682609843e-10,0
DTXSID3040697,102,0.0,0
DTXSID3040699,102,0.9999813965555455,1
DTXSID3040720,102,0.9943837731055757,1
DTXSID3040722,102,2.108327822404305e-10,0
DTXSID3040728,102,2.2434385981450377e-11,0
DTXSID3040776,102,0.21400431366696873,0
DTXSID3041035,102,1.6836640276968197e-05,0
DTXSID3041247,102,0.9999868497465757,1
DTXSID3041293,102,0.0,0
DTXSID3041299,102,0.0,0
DTXSID3041372,102,7.728499985910466e-06,0
DTXSID3041376,102,0.4703950806622077,0
DTXSID3041405,102,9.193534054559817e-15,0
DTXSID3041409,102,0.9223523894316461,1
DTXSID3041530,102,1.5337418740805694e-06,0
DTXSID3041580,102,1.7680146114352633e-16,0
DTXSID3041611,102,5.6854758713373554e-08,0
DTXSID3041615,102,1.2586191452729725e-07,0
DTXSID3041661,102,3.582841119635339e-07,0
DTXSID3041663,102,7.230430132490047e-08,0
DTXSID3041665,102,0.14749070672602024,0
DTXSID3041744,102,0.0,0
DTXSID3041790,102,0.0033343937273978587,0
DTXSID3041794,102,4.479236481411831e-18,0
DTXSID3041877,102,2.3919036892905797e-10,0
DTXSID3041954,102,8.463784902037856e-12,0
DTXSID3042007,102,0.9833891558533597,1
DTXSID3042059,102,0.0002615918684634826,0
DTXSID3042130,102,0.05311619887476545,0
DTXSID3042219,102,1.106771247468316e-18,0
DTXSID3042263,102,3.2050197738213026e-20,0
DTXSID3042269,102,1.5085206594190027e-10,0
DTXSID3042390,102,7.140382217686972e-09,0
DTXSID3042394,102,8.218442875061355e-07,0
DTXSID3042423,102,4.387076158348218e-07,0
DTXSID3042477,102,0.9926449299042152,1
DTXSID3042500,102,0.9992023740001487,1
DTXSID3042508,102,0.0,0
DTXSID3042633,102,1.5352828183400054e-08,0
DTXSID3044201,102,0.0,0
DTXSID3044203,102,0.9999999999991345,1
DTXSID3044205,102,0.13604642069151102,0
DTXSID3044332,102,0.0,0
DTXSID3044338,102,0.0,0
DTXSID3044380,102,2.0514616321498106e-05,0
DTXSID3044384,102,2.5394254658058592e-14,0
DTXSID3044413,102,6.511685433375679e-11,0
DTXSID3044415,102,5.676209216922101e-13,0
DTXSID3044461,102,4.911814346170835e-19,0
DTXSID3044463,102,4.677651565335417e-07,0
DTXSID3044465,102,2.676950159079487e-19,0
DTXSID3044544,102,0.9999956653636312,1
DTXSID3044590,102,0.01419456207032027,0
DTXSID3044598,102,0.0,0
DTXSID3044621,102,9.7802563565761e-10,0
DTXSID3044629,102,3.0396712063237683e-13,0
DTXSID3044700,102,1.5969987325609091e-13,0
DTXSID3044702,102,3.345831301666622e-08,0
DTXSID3044704,102,3.70894523309008e-11,0
DTXSID3044750,102,1.667922172323969e-08,0
DTXSID3044752,102,1.1430242477013793e-17,0
DTXSID3044754,102,0.0,0
DTXSID3044831,102,1.9665922043980315e-10,0
DTXSID3044833,102,0.8473814119649146,0
DTXSID3044835,102,2.733023882667999e-10,0
DTXSID3044883,102,8.525402379546995e-12,0
DTXSID3044889,102,0.9350473968816739,1
DTXSID3044910,102,0.420629820535658,0
DTXSID3044914,102,0.462080024715411,0
DTXSID3044918,102,1.5135452721180333e-18,0
DTXSID3044960,102,0.0574440531075658,0
DTXSID3044962,102,8.116010578544939e-06,0
DTXSID3044966,102,9.272254637125759e-10,0
DTXSID3047001,102,4.098530039656188e-13,0
DTXSID3047051,102,1.3445384024646292e-16,0
DTXSID3047053,102,0.20841921518535758,0
DTXSID3047055,102,3.624871683757234e-07,0
DTXSID3047057,102,0.0,0
DTXSID3047059,102,1.701329506029204e-07,0
DTXSID3047130,102,1.708283435339183e-08,0
DTXSID3047136,102,1.6317175556728476e-10,0
DTXSID3047138,102,6.981316045046576e-17,0
DTXSID3047180,102,2.103229741374117e-15,0
DTXSID3047184,102,1.2656740073716962e-08,0
DTXSID3047186,102,1.4203959526015922e-19,0
DTXSID3047188,102,0.0,0
DTXSID3047261,102,1.142422085348918e-08,0
DTXSID3047263,102,2.5149592057943395e-05,0
DTXSID3047265,102,2.391781152080244e-16,0
DTXSID3047267,102,0.6458644413996169,0
DTXSID3047342,102,8.988846723348491e-07,0
DTXSID3047344,102,2.2993182124513942e-07,0
DTXSID3047346,102,1.971054118101219e-06,0
DTXSID3047348,102,0.5843314377298572,0
DTXSID3047394,102,0.9967866684498606,1
DTXSID3047425,102,0.8878358019147276,0
DTXSID3047429,102,1.558362379675996e-10,0
DTXSID3047471,102,0.0,0
DTXSID3047473,102,0.0,0
DTXSID3047477,102,1.669886599536393e-18,0
DTXSID3047508,102,1.1554220289084885e-12,0
DTXSID3047552,102,4.605939127058616e-13,0
DTXSID3047554,102,9.218350919403022e-20,0
DTXSID3047558,102,0.0,0
DTXSID3047633,102,0.0,0
DTXSID3047639,102,1.8527113605027084e-09,0
DTXSID3047712,102,0.0,0
DTXSID3047716,102,8.429247740903345e-19,0
DTXSID3047760,102,0.0,0
DTXSID3047891,102,0.9928137547353449,1
DTXSID3048520,102,0.0,0
DTXSID3051381,102,3.590156591172535e-11,0
DTXSID3051707,102,5.291180866726708e-08,0
DTXSID3051834,102,0.0026754360893788817,0
DTXSID3051836,102,2.6549583406143188e-08,0
DTXSID3052010,102,0.0,0
DTXSID3052060,102,0.0,0
DTXSID3052228,102,3.8321290229713864e-11,0
DTXSID3052278,102,8.617273424751723e-06,0
DTXSID3052301,102,0.0,0
DTXSID3052307,102,7.763036567569609e-11,0
DTXSID3052309,102,3.481341031006117e-18,0
DTXSID3052511,102,0.0,0
DTXSID3052567,102,4.372696146600326e-15,0
DTXSID3052648,102,0.0,0
DTXSID3059921,102,9.230452022314721e-07,0
DTXSID3059927,102,0.0,0
DTXSID3059971,102,1.870392839142575e-12,0
DTXSID30627108,102,1.414979305389538e-09,0
DTXSID3065586,102,0.0,0
DTXSID3066215,102,0.0,0
DTXSID30858874,102,1.4516455531611858e-13,0
DTXSID30858879,102,0.0,0
DTXSID30858894,102,0.006594637273085401,0
DTXSID30858899,102,3.196694903430585e-19,0
DTXSID30858910,102,2.663523483685544e-19,0
DTXSID30858915,102,3.449991926628556e-16,0
DTXSID30865801,102,3.8498211365488866e-11,0
DTXSID30872712,102,0.0,0
DTXSID30872717,102,0.0,0
DTXSID30872732,102,2.0634204702318547e-10,0
DTXSID30872737,102,0.0,0
DTXSID30872752,102,7.900259066502624e-08,0
DTXSID30872757,102,0.0,0
DTXSID30880413,102,0.0,0
DTXSID30891564,102,0.0006635360150539852,0
DTXSID30903833,102,2.7048882656466584e-07,0
DTXSID30903838,102,0.0,0
DTXSID30903853,102,5.99428807287448e-14,0
DTXSID30903858,102,0.0,0
DTXSID30903873,102,0.0,0
DTXSID30903878,102,0.0,0
DTXSID30903893,102,0.0,0
DTXSID40108559,102,0.9156308937084523,1
DTXSID401339551,102,0.97066061024403,1
DTXSID401351804,102,1.0,1
DTXSID40187142,102,0.9999914140510249,1
DTXSID4020088,102,0.0,0
DTXSID4020119,102,0.018874517017236397,0
DTXSID4020161,102,6.314110501119253e-06,0
DTXSID4020240,102,0.0,0
DTXSID4020242,102,1.0016846528069178e-19,0
DTXSID4020248,102,5.524755551502584e-07,0
DTXSID4020290,102,0.9993180051094844,1
DTXSID4020292,102,0.3404281933079777,0
DTXSID4020294,102,0.005393998436283472,0
DTXSID4020321,102,0.0,0
DTXSID4020371,102,0.0,0
DTXSID4020373,102,0.0,0
DTXSID4020375,102,0.0011579099720408189,0
DTXSID4020379,102,1.2622813019817536e-19,0
DTXSID4020402,102,7.405626369703444e-18,0
DTXSID40204489,102,0.0,0
DTXSID4020450,102,9.421305419366175e-07,0
DTXSID4020458,102,6.670522069626106e-09,0
DTXSID4020537,102,2.6602561842062196e-10,0
DTXSID4020539,102,7.759981251970459e-10,0
DTXSID4020589,102,2.1033526667458304e-06,0
DTXSID4020612,102,0.0,0
DTXSID4020616,102,1.7774461995866775e-15,0
DTXSID4020618,102,9.649951763238137e-12,0
DTXSID4020664,102,2.806390131835735e-11,0
DTXSID4020666,102,0.0,0
DTXSID4020743,102,0.004311059159684371,0
DTXSID4020791,102,0.9999310190015208,1
DTXSID4020820,102,3.0811777649744796e-08,0
DTXSID4020822,102,0.0,0
DTXSID4020828,102,5.85647757958831e-10,0
DTXSID4020870,102,0.8973553824552627,0
DTXSID4020957,102,0.5869483979331472,0
DTXSID4020959,102,0.000168573661608662,0
DTXSID4021002,102,1.8715018935805582e-10,0
DTXSID4021006,102,0.009067993448697366,0
DTXSID4021056,102,0.0,0
DTXSID4021131,102,0.9991993188823146,1
DTXSID4021135,102,0.9999999901175652,1
DTXSID4021137,102,0.0,0
DTXSID4021185,102,0.0,0
DTXSID4021189,102,1.5005707858543974e-07,0
DTXSID4021214,102,0.014397993326461215,0
DTXSID4021218,102,0.9179692221229677,1
DTXSID4021268,102,1.7097471706684103e-08,0
DTXSID4021343,102,6.212979680475839e-18,0
DTXSID4021347,102,0.0,0
DTXSID4021391,102,0.0007475957774302803,0
DTXSID4021393,102,4.478513122730326e-09,0
DTXSID4021395,102,0.005350725309765755,0
DTXSID4021426,102,0.0,0
DTXSID4021472,102,0.0,0
DTXSID4021478,102,0.981264327120059,1
DTXSID4021553,102,0.9999164742741751,1
DTXSID4021557,102,0.0,0
DTXSID4021559,102,0.9996591130678146,1
DTXSID4021715,102,3.227262005916563e-14,0
DTXSID4021717,102,0.0,0
DTXSID4021769,102,2.0380814586574292e-07,0
DTXSID4021842,102,0.0,0
DTXSID4021848,102,2.1282929907788695e-06,0
DTXSID4021892,102,4.156247497794871e-21,0
DTXSID4021894,102,2.848008008328795e-08,0
DTXSID4021921,102,1.4997008860571941e-09,0
DTXSID4021923,102,8.726940040447468e-14,0
DTXSID4021971,102,1.9052003920939734e-16,0
DTXSID4021973,102,2.093848466860847e-15,0
DTXSID4021975,102,0.9967392972286787,1
DTXSID4021977,102,1.8025322249689797e-15,0
DTXSID4022020,102,4.2760121429469626e-05,0
DTXSID4022070,102,0.9999993992926582,1
DTXSID4022107,102,1.0127252008260602e-09,0
DTXSID4022109,102,2.5701989445235002e-11,0
DTXSID4022153,102,0.9999999935780107,1
DTXSID4022284,102,3.4686221688543327e-12,0
DTXSID4022288,102,0.00015154461940713096,0
DTXSID4022311,102,0.0,0
DTXSID4022313,102,0.99999995551193,1
DTXSID4022361,102,0.5801596356087411,0
DTXSID4022367,102,1.8754961934400748e-07,0
DTXSID4022369,102,9.385278790626863e-06,0
DTXSID4022442,102,0.900845919487618,1
DTXSID4022446,102,0.34940445512632634,0
DTXSID4022448,102,0.0,0
DTXSID4022521,102,0.0,0
DTXSID4022523,102,0.9462415566158047,1
DTXSID4022525,102,0.0,0
DTXSID4022527,102,0.9999997447318986,1
DTXSID4022529,102,4.832020059116403e-06,0
DTXSID4022602,102,9.193377539964045e-10,0
DTXSID4022731,102,0.0,0
DTXSID4022991,102,2.24935579078998e-16,0
DTXSID4022999,102,0.9999942979497864,1
DTXSID4023200,102,0.0004198856784180184,0
DTXSID4023202,102,1.6238311462875518e-12,0
DTXSID4023412,102,1.8212308856698495e-06,0
DTXSID40235137,102,0.0,0
DTXSID4023541,102,2.0004745115255013e-13,0
DTXSID4023622,102,4.5716465213698886e-11,0
DTXSID4023624,102,3.576204887117765e-18,0
DTXSID4024012,102,5.0377780799024326e-12,0
DTXSID4024018,102,0.024776783278901822,0
DTXSID4024062,102,3.3422599423803233e-10,0
DTXSID4024066,102,0.0016044465677094474,0
DTXSID4024143,102,1.33654800082017e-15,0
DTXSID4024145,102,2.0986897049469153e-06,0
DTXSID4024193,102,0.82034096791966,0
DTXSID4024195,102,0.9257543876581985,1
DTXSID4024270,102,0.006007412596243572,0
DTXSID4024272,102,0.9933455067318627,1
DTXSID4024274,102,0.6744396537846882,0
DTXSID4024276,102,0.2985467362695791,0
DTXSID4024359,102,0.9999712796855483,1
DTXSID4024436,102,2.7751162326620687e-05,0
DTXSID4024721,102,0.0,0
DTXSID4024729,102,5.569741442673552e-12,0
DTXSID4024775,102,0.0,0
DTXSID4024931,102,0.0,0
DTXSID4024937,102,4.564977427863461e-05,0
DTXSID4024985,102,1.2418124864860485e-09,0
DTXSID4025080,102,0.0,0
DTXSID4025082,102,0.0,0
DTXSID4025292,102,9.560556512844564e-05,0
DTXSID4025296,102,0.0,0
DTXSID4025406,102,3.4877154474228966e-16,0
DTXSID4025610,102,1.3331651548352553e-18,0
DTXSID4025612,102,0.0,0
DTXSID4025662,102,0.035071171670338276,0
DTXSID4025668,102,6.163853165369998e-16,0
DTXSID4025791,102,0.0,0
DTXSID4025793,102,1.0264460643374081e-12,0
DTXSID4025824,102,0.0,0
DTXSID4026181,102,0.9999121669670085,1
DTXSID4026183,102,1.7625319227446818e-12,0
DTXSID4026214,102,0.3366193356104107,0
DTXSID4026216,102,0.0007391961127132633,0
DTXSID4026262,102,0.000779092190178121,0
DTXSID4026266,102,7.880762718120071e-13,0
DTXSID4026501,102,0.0,0
DTXSID4026557,102,7.893281594945645e-18,0
DTXSID4026684,102,0.9999999764549999,1
DTXSID4026769,102,0.0,0
DTXSID4026842,102,0.003493779674278343,0
DTXSID4026921,102,5.0390077169071346e-20,0
DTXSID4026975,102,0.0,0
DTXSID4027072,102,0.0,0
DTXSID4027076,102,0.008811168557483802,0
DTXSID4027103,102,1.8246431028971002e-06,0
DTXSID4027153,102,0.0,0
DTXSID4027236,102,0.9489849493424429,1
DTXSID4027280,102,0.0,0
DTXSID4027282,102,0.0,0
DTXSID4027284,102,3.1655945786008526e-08,0
DTXSID4027288,102,0.046161028337837674,0
DTXSID4027361,102,3.933339418252646e-17,0
DTXSID4027367,102,3.0356754675582174e-10,0
DTXSID4027494,102,0.9999974103228294,1
DTXSID4027496,102,0.00037042428005218766,0
DTXSID4027498,102,0.5869119441603264,0
DTXSID4027525,102,1.1291911393306644e-12,0
DTXSID4027527,102,2.997943510063145e-15,0
DTXSID4027579,102,4.586691277762572e-12,0
DTXSID4027604,102,0.9977061384816118,1
DTXSID4027608,102,0.0,0
DTXSID4027650,102,6.158332769460884e-09,0
DTXSID4027656,102,0.012372447211528163,0
DTXSID4027781,102,6.714724247507671e-12,0
DTXSID4027789,102,1.2858003893943438e-08,0
DTXSID4027868,102,0.0,0
DTXSID4027991,102,0.0,0
DTXSID4027997,102,0.0,0
DTXSID4028880,102,0.6624572395207028,0
DTXSID4028967,102,2.3651900999031693e-10,0
DTXSID4029145,102,0.0,0
DTXSID4029149,102,0.0,0
DTXSID4029353,102,0.005133182172025338,0
DTXSID4029359,102,4.37416157579814e-08,0
DTXSID4029565,102,9.733065309003149e-17,0
DTXSID4029692,102,3.2227504387678853e-13,0
DTXSID4029698,102,0.0,0
DTXSID4030336,102,8.866611535788483e-10,0
DTXSID4031356,102,4.889468265768326e-09,0
DTXSID4031980,102,0.9955642743420428,1
DTXSID4032372,102,0.9963199600260313,1
DTXSID4032376,102,1.1261232317650557e-07,0
DTXSID4032405,102,0.9999776171999101,1
DTXSID4032459,102,0.9896649367847484,1
DTXSID4032532,102,0.6852922865677493,0
DTXSID4032580,102,0.00039938036384259745,0
DTXSID4032611,102,0.9479704748916967,1
DTXSID4032613,102,0.9819225762188131,1
DTXSID4032615,102,2.8441779956117536e-08,0
DTXSID4032619,102,9.582112128459644e-12,0
DTXSID4032667,102,0.0004787591910032044,0
DTXSID4034150,102,0.9986228945768592,1
DTXSID4034287,102,0.0,0
DTXSID4034364,102,0.8410195371771313,0
DTXSID4034497,102,5.214413247026718e-09,0
DTXSID4034528,102,0.03645529724670511,0
DTXSID4034576,102,0.0,0
DTXSID4034601,102,0.3904271908761005,0
DTXSID4034609,102,0.9998856252252447,1
DTXSID4034653,102,0.00010810584208482722,0
DTXSID4034788,102,0.0,0
DTXSID4034869,102,0.2945843040038867,0
DTXSID4034948,102,0.7521542149363553,0
DTXSID4035209,102,0.0,0
DTXSID4035708,102,3.401740191768863e-15,0
DTXSID4035839,102,2.3206278816783913e-06,0
DTXSID4036229,102,0.9999776538066241,1
DTXSID4036435,102,0.00012082161451378721,0
DTXSID4037580,102,2.4124683263563975e-09,0
DTXSID4037584,102,7.574269813229735e-07,0
DTXSID4037611,102,0.0,0
DTXSID40379666,102,0.0,0
DTXSID40380257,102,0.0,0
DTXSID40380797,102,0.0,0
DTXSID4038346,102,1.4087307141585092e-14,0
DTXSID4038762,102,2.565544610392731e-14,0
DTXSID4038847,102,0.0,0
DTXSID4038899,102,2.205218587553034e-15,0
DTXSID4038922,102,1.072078381489779e-16,0
DTXSID4038924,102,1.4503404589708122e-05,0
DTXSID4038926,102,0.0,0
DTXSID4039231,102,1.698722005850752e-08,0
DTXSID4039233,102,0.0,0
DTXSID4040002,102,0.8980285877559239,0
DTXSID4040264,102,0.99996718109384,1
DTXSID4040268,102,4.5200245728686394e-08,0
DTXSID4040343,102,0.7976722003364055,0
DTXSID4040476,102,5.219618885552488e-19,0
DTXSID4040711,102,3.453575375903085e-14,0
DTXSID4040713,102,0.0009356211465755049,0
DTXSID4040719,102,6.130950506689476e-14,0
DTXSID4040765,102,0.999894083376746,1
DTXSID4040767,102,0.9964371109564252,1
DTXSID4041230,102,6.412762756392133e-10,0
DTXSID4041232,102,2.9082630640827856e-06,0
DTXSID4041234,102,0.00965540945247618,0
DTXSID4041238,102,1.2239863955125096e-14,0
DTXSID4041280,102,0.002838412417921823,0
DTXSID4041284,102,1.260682719708103e-10,0
DTXSID4041317,102,0.9998296731494061,1
DTXSID4041361,102,2.6498000427163378e-12,0
DTXSID4041367,102,0.9734689568657308,1
DTXSID4041440,102,0.0,0
DTXSID4041442,102,4.545351019130455e-06,0
DTXSID4041444,102,2.14786395036146e-12,0
DTXSID4041490,102,0.06348591630437528,0
DTXSID4041492,102,2.4493813965304217e-07,0
DTXSID4041521,102,4.475204819053097e-05,0
DTXSID4041527,102,4.456345547823933e-10,0
DTXSID4041529,102,5.561680086118038e-08,0
DTXSID4041573,102,0.0,0
DTXSID4041575,102,2.2696540441479122e-07,0
DTXSID4041604,102,3.204238700556981e-11,0
DTXSID4041654,102,5.96330806981614e-11,0
DTXSID4041812,102,0.0,0
DTXSID4041818,102,0.0,0
DTXSID4042094,102,2.5322442854437877e-07,0
DTXSID4042096,102,7.659098624312761e-19,0
DTXSID4042121,102,0.0004621382879994222,0
DTXSID4042171,102,1.3547760380369389e-08,0
DTXSID4042206,102,5.4152024137601015e-06,0
DTXSID4042256,102,0.054532450074204514,0
DTXSID4042335,102,0.0,0
DTXSID4042337,102,2.7535261341844754e-17,0
DTXSID4042416,102,0.08089920334111099,0
DTXSID4042418,102,0.9897910722185224,1
DTXSID4043937,102,0.0010884618661302088,0
DTXSID4044161,102,0.0010949093153693717,0
DTXSID4044371,102,0.0,0
DTXSID4044375,102,0.0,0
DTXSID4044379,102,7.190663281451953e-09,0
DTXSID4044454,102,0.33979173881799996,0
DTXSID4044456,102,4.821296703451764e-13,0
DTXSID4044535,102,0.0,0
DTXSID4044537,102,7.384400598096014e-11,0
DTXSID4044581,102,0.9869396281069329,1
DTXSID4044587,102,2.6709292268500364e-11,0
DTXSID4044616,102,2.1894186851305046e-12,0
DTXSID4044664,102,1.1606316534196082e-10,0
DTXSID4044668,102,0.6412652304810793,0
DTXSID4044747,102,5.422310856196891e-07,0
DTXSID4044791,102,6.465704528795066e-11,0
DTXSID4044793,102,6.327149653022807e-07,0
DTXSID4044799,102,1.8523380427529684e-08,0
DTXSID4044822,102,1.6182693585288098e-08,0
DTXSID4044824,102,0.0,0
DTXSID4044826,102,2.39257273826995e-06,0
DTXSID4044828,102,0.060208085332921234,0
DTXSID4044870,102,0.0,0
DTXSID4044872,102,0.976845283088615,1
DTXSID4044901,102,0.999999838752324,1
DTXSID4044905,102,1.1692572439360181e-10,0
DTXSID4044909,102,0.0,0
DTXSID4044951,102,0.0,0
DTXSID4044953,102,9.219654450102752e-17,0
DTXSID4044955,102,0.0,0
DTXSID4046448,102,0.5239635898960018,0
DTXSID4046999,102,1.4727136058513323e-11,0
DTXSID4047042,102,0.006415537052956388,0
DTXSID4047044,102,2.075640398191564e-12,0
DTXSID4047046,102,1.0282440516959804e-08,0
DTXSID4047092,102,0.09933955775957469,0
DTXSID4047094,102,4.8509175126257215e-11,0
DTXSID4047098,102,0.8804222122733797,0
DTXSID4047123,102,0.0,0
DTXSID4047125,102,2.056981658036543e-08,0
DTXSID4047127,102,3.9159320263221174e-11,0
DTXSID4047129,102,0.0001165496950691196,0
DTXSID4047173,102,0.0,0
DTXSID4047177,102,5.379958394009056e-06,0
DTXSID4047179,102,0.0,0
DTXSID4047200,102,3.6504027742405524e-08,0
DTXSID4047202,102,3.4762467799731445e-06,0
DTXSID4047252,102,0.00035809487069399216,0
DTXSID4047254,102,2.6778334524135694e-09,0
DTXSID4047258,102,0.8674123873845443,0
DTXSID4047331,102,0.0,0
DTXSID4047333,102,0.8466677893012851,0
DTXSID4047335,102,0.0,0
DTXSID4047337,102,0.9999729738192968,1
DTXSID4047339,102,2.2647169772554852e-06,0
DTXSID4047381,102,0.019684282452680765,0
DTXSID4047383,102,0.9999999997482643,1
DTXSID4047385,102,0.9998640111504085,1
DTXSID4047387,102,0.9999895280668288,1
DTXSID4047389,102,0.9815255548989539,1
DTXSID4047410,102,1.2850621608183478e-10,0
DTXSID4047412,102,0.050635670898653846,0
DTXSID4047414,102,0.0039193974708068065,0
DTXSID4047416,102,0.0,0
DTXSID4047418,102,0.0,0
DTXSID4047462,102,5.200860316569314e-07,0
DTXSID4047464,102,2.1178687815142375e-11,0
DTXSID4047466,102,0.0,0
DTXSID4047468,102,4.3719266951328306e-15,0
DTXSID4047545,102,0.9999526857428822,1
DTXSID4047547,102,8.764674553711745e-14,0
DTXSID4047549,102,1.7039874764907671e-07,0
DTXSID4047591,102,0.0,0
DTXSID4047593,102,4.628055210873453e-05,0
DTXSID4047597,102,2.6209144645759408e-11,0
DTXSID4047599,102,0.0,0
DTXSID4047620,102,0.0,0
DTXSID4047622,102,2.136031301250183e-06,0
DTXSID4047624,102,0.7144768199713053,0
DTXSID4047628,102,0.0037876766632200043,0
DTXSID4047672,102,0.0,0
DTXSID4047703,102,3.4392733791281517e-08,0
DTXSID4047705,102,0.0,0
DTXSID4047709,102,1.5787438707647396e-09,0
DTXSID4047753,102,1.1306738359516694e-11,0
DTXSID4047882,102,0.7798127543873437,0
DTXSID4048191,102,3.528309517188338e-06,0
DTXSID4048193,102,0.0,0
DTXSID4048195,102,1.5785047152373168e-07,0
DTXSID4048199,102,5.289670464005192e-12,0
DTXSID4048511,102,1.8767265142795517e-12,0
DTXSID4048513,102,0.007845079118841506,0
DTXSID4048519,102,0.9997799587874622,1
DTXSID4051536,102,0.0,0
DTXSID4051580,102,8.38747051226081e-10,0
DTXSID4051586,102,3.3529942948399945e-08,0
DTXSID4051619,102,0.0,0
DTXSID4051900,102,3.571668001588199e-05,0
DTXSID4052132,102,7.401180344982334e-11,0
DTXSID4052186,102,8.315698708963879e-05,0
DTXSID4052213,102,7.346620215588679e-06,0
DTXSID4052267,102,0.016495518414274032,0
DTXSID4052269,102,0.002397968916466528,0
DTXSID4052342,102,3.312828898576773e-12,0
DTXSID4052502,102,0.0,0
DTXSID4052506,102,5.043195691821765e-19,0
DTXSID4052550,102,2.311574889423975e-16,0
DTXSID4052554,102,2.801414562895864e-17,0
DTXSID4052558,102,0.04956713490686965,0
DTXSID4052689,102,0.0,0
DTXSID4052710,102,0.0,0
DTXSID4052891,102,2.89182653168606e-06,0
DTXSID4052893,102,0.0,0
DTXSID4052895,102,0.0,0
DTXSID4052897,102,0.0,0
DTXSID4052899,102,1.8429252174456563e-09,0
DTXSID4058655,102,0.9999981362206203,1
DTXSID4059833,102,9.623669543349708e-13,0
DTXSID4059881,102,0.0,0
DTXSID4059912,102,9.26656691875391e-16,0
DTXSID4059914,102,0.0,0
DTXSID4059916,102,0.0,0
DTXSID4072990,102,2.9580057640523813e-10,0
DTXSID40858880,102,2.5832746195682426e-05,0
DTXSID40858885,102,8.887642374436433e-11,0
DTXSID40858901,102,7.908293534875269e-05,0
DTXSID40858906,102,4.9217292864372856e-11,0
DTXSID40858921,102,0.0,0
DTXSID40872708,102,0.00011241295299532143,0
DTXSID40872723,102,2.411961431709262e-09,0
DTXSID40872728,102,1.156094898550267e-08,0
DTXSID40872743,102,9.344403881247432e-12,0
DTXSID40872748,102,1.7343185010651827e-06,0
DTXSID40903829,102,2.5485292807459036e-14,0
DTXSID40903844,102,0.0,0
DTXSID40903849,102,0.0,0
DTXSID40903864,102,0.0,0
DTXSID40903869,102,0.0,0
DTXSID40903884,102,0.0,0
DTXSID40903889,102,0.0,0
DTXSID501339554,102,0.0013945799040477186,0
DTXSID501351788,102,0.9996023582308612,1
DTXSID501351790,102,0.009404162244907055,0
DTXSID501351807,102,0.9999999831115717,1
DTXSID50184723,102,1.0611409891328485e-11,0
DTXSID5020027,102,0.9991730321962508,1
DTXSID5020029,102,2.4082502872041656e-09,0
DTXSID5020106,102,0.0,0
DTXSID5020108,102,0.9997282794777698,1
DTXSID5020152,102,0.9223832199807037,1
DTXSID5020154,102,0.9999990561420922,1
DTXSID5020233,102,4.839687393428329e-08,0
DTXSID5020281,102,4.083448385247514e-12,0
DTXSID5020283,102,0.9998347682920647,1
DTXSID5020310,102,1.614430314647165e-10,0
DTXSID5020314,102,9.254958212167666e-20,0
DTXSID5020360,102,0.8913479536134564,0
DTXSID5020366,102,0.08784464254772695,0
DTXSID5020368,102,0.9988117549515296,1
DTXSID5020441,102,0.9034853813454512,1
DTXSID5020443,102,0.0,0
DTXSID5020445,102,4.2777118731441725e-05,0
DTXSID5020447,102,0.011070282690144229,0
DTXSID5020449,102,0.991730956642385,1
DTXSID5020493,102,2.777126646950841e-10,0
DTXSID5020497,102,1.6910404236109139e-10,0
DTXSID5020499,102,0.0,0
DTXSID5020520,102,4.456500502669977e-08,0
DTXSID5020528,102,0.0,0
DTXSID5020570,102,1.1107873364669358e-05,0
DTXSID5020576,102,0.00108874458892546,0
DTXSID5020601,102,2.8855060044864463e-06,0
DTXSID5020603,102,3.894104145986868e-14,0
DTXSID5020605,102,3.2358653135970992e-16,0
DTXSID5020607,102,0.9888906900565203,1
DTXSID5020653,102,0.4426118553299808,0
DTXSID5020730,102,1.1860793729031355e-12,0
DTXSID5020732,102,0.9999997199548327,1
DTXSID5020738,102,0.32357849879858386,0
DTXSID5020784,102,6.623940207542488e-07,0
DTXSID5020811,102,1.0743655888971986e-10,0
DTXSID5020815,102,6.966693629785832e-16,0
DTXSID5020819,102,0.13940984057573874,0
DTXSID5020863,102,0.0,0
DTXSID5020867,102,5.864892961370675e-15,0
DTXSID5020869,102,0.9999999958705671,1
DTXSID5020944,102,0.0,0
DTXSID5020948,102,0.0,0
DTXSID5021097,102,0.0,0
DTXSID5021124,102,1.0721639031810167e-20,0
DTXSID5021126,102,0.21081439839558233,0
DTXSID5021128,102,0.03051601382037209,0
DTXSID5021201,102,0.999853327643371,1
DTXSID5021209,102,1.8022949984835787e-08,0
DTXSID5021251,102,1.0398791303336532e-07,0
DTXSID5021330,102,1.3905304282090098e-11,0
DTXSID5021332,102,0.0,0
DTXSID5021336,102,0.0,0
DTXSID5021380,102,2.544502400586873e-18,0
DTXSID5021386,102,0.9998562622135149,1
DTXSID5021388,102,0.9934430615256474,1
DTXSID5021411,102,0.0,0
DTXSID5021413,102,0.5649874188719438,0
DTXSID5021415,102,0.0,0
DTXSID5021419,102,0.0,0
DTXSID5021544,102,5.472085577120847e-10,0
DTXSID5021590,102,9.321073510571083e-06,0
DTXSID5021621,102,0.0,0
DTXSID5021627,102,0.0,0
DTXSID5021629,102,1.2162921718438658e-10,0
DTXSID5021754,102,0.0,0
DTXSID5021758,102,1.6497452241963181e-10,0
DTXSID50218052,102,0.0,0
DTXSID5021831,102,5.811778422072985e-05,0
DTXSID5021835,102,0.0,0
DTXSID5021837,102,0.0,0
DTXSID5021839,102,1.0976797481748001e-11,0
DTXSID5021881,102,1.0161226328438891e-07,0
DTXSID5021883,102,0.0,0
DTXSID5021885,102,0.015340431666777968,0
DTXSID5021889,102,0.0,0
DTXSID5021910,102,2.2125926093702178e-08,0
DTXSID5021914,102,0.0,0
DTXSID5021916,102,5.731580539410813e-06,0
DTXSID5021962,102,0.0,0
DTXSID5021968,102,0.0002677227485487007,0
DTXSID5022194,102,2.3266635075202665e-13,0
DTXSID5022198,102,0.0,0
DTXSID5022271,102,0.00017190504979903534,0
DTXSID5022279,102,6.698369054328105e-11,0
DTXSID5022308,102,0.9998273350936233,1
DTXSID5022437,102,0.8294060404794295,0
DTXSID5022439,102,1.3694021855074835e-09,0
DTXSID5022489,102,0.0,0
DTXSID5022510,102,0.6484704069102522,0
DTXSID5022857,102,5.4786088023962486e-14,0
DTXSID50229163,102,8.034387055041596e-12,0
DTXSID5022934,102,0.004356287107850351,0
DTXSID5023035,102,2.4308497277942744e-13,0
DTXSID5023039,102,0.0,0
DTXSID5023114,102,4.1634878255172605e-10,0
DTXSID5023243,102,0.9999828390104104,1
DTXSID5023322,102,0.9999999398709289,1
DTXSID5023324,102,2.74879272182604e-19,0
DTXSID5023376,102,0.0,0
DTXSID5023588,102,0.000875741905877131,0
DTXSID5023742,102,0.9754966417385416,1
DTXSID5023792,102,6.531386829867025e-12,0
DTXSID5023796,102,0.0,0
DTXSID5023825,102,0.0,0
DTXSID5023871,102,3.680509192094455e-06,0
DTXSID5023875,102,1.2708682633446362e-14,0
DTXSID5023877,102,0.0,0
DTXSID5023900,102,0.00015024118475212664,0
DTXSID5023902,102,0.9266742192298381,1
DTXSID5023950,102,0.0,0
DTXSID5024051,102,1.0995608220011596e-11,0
DTXSID5024055,102,1.2413887783424846e-11,0
DTXSID5024057,102,0.0,0
DTXSID5024059,102,4.031215367626733e-06,0
DTXSID5024134,102,2.4037410780826665e-09,0
DTXSID5024182,102,4.1746585929141483e-16,0
DTXSID5024211,102,0.9999495776736975,1
DTXSID5024261,102,3.804652400872531e-06,0
DTXSID5024263,102,2.1878754300403337e-12,0
DTXSID5024344,102,0.9990777648555922,1
DTXSID5024346,102,0.0,0
DTXSID5024394,102,2.399029705215293e-12,0
DTXSID5024506,102,0.0,0
DTXSID5024681,102,6.2610950222793924e-18,0
DTXSID5024687,102,0.18595579226942116,0
DTXSID5024845,102,0.0,0
DTXSID5024891,102,0.0,0
DTXSID5024922,102,2.5148609307395763e-20,0
DTXSID5025021,102,0.9748497846148495,1
DTXSID5025023,102,6.231187189276393e-16,0
DTXSID5025102,102,0.0,0
DTXSID5025150,102,3.21845536713374e-09,0
DTXSID5025152,102,5.859667522391298e-12,0
DTXSID5025231,102,0.9999996484567143,1
DTXSID5025285,102,3.1979924438618935e-15,0
DTXSID5025364,102,1.2939840825418998e-16,0
DTXSID5025572,102,0.0,0
DTXSID5025578,102,0.0,0
DTXSID5025603,102,9.167252082323015e-13,0
DTXSID5025607,102,0.03036958833914099,0
DTXSID5025609,102,6.857830263593283e-13,0
DTXSID5025659,102,0.9998494450673647,1
DTXSID5025730,102,0.9985047362974783,1
DTXSID5025815,102,0.0,0
DTXSID5025861,102,0.015817516652082732,0
DTXSID5026120,102,3.3364343623765936e-19,0
DTXSID5026122,102,0.0005216117948825944,0
DTXSID5026174,102,1.6890227959977508e-13,0
DTXSID5026178,102,0.0,0
DTXSID5026209,102,0.9999961643708499,1
DTXSID5026251,102,3.2345598017060966e-08,0
DTXSID5026259,102,1.1495931799802115e-16,0
DTXSID5026461,102,1.188177544796804e-19,0
DTXSID5026544,102,0.0,0
DTXSID5026548,102,0.0,0
DTXSID5026623,102,1.1436138610749817e-07,0
DTXSID5026706,102,0.999817946237792,1
DTXSID5026889,102,1.3839220688157784e-15,0
DTXSID5026912,102,1.5962128447745306e-09,0
DTXSID5026914,102,1.729419588281835e-19,0
DTXSID5026918,102,0.0,0
DTXSID5027061,102,0.0004949396763433532,0
DTXSID5027069,102,2.774169197280832e-08,0
DTXSID5027140,102,3.536535625960078e-12,0
DTXSID5027142,102,0.0,0
DTXSID5027198,102,6.813330052655238e-09,0
DTXSID5027279,102,0.0,0
DTXSID5027302,102,0.000298977270104662,0
DTXSID5027304,102,1.8164621870581652e-07,0
DTXSID5027308,102,6.636850312277964e-13,0
DTXSID5027356,102,0.0,0
DTXSID5027433,102,0.0,0
DTXSID5027489,102,3.94778414401665e-18,0
DTXSID5027512,102,0.0,0
DTXSID5027518,102,3.645631814597424e-11,0
DTXSID5027770,102,0.0,0
DTXSID5027774,102,4.7439435052298026e-08,0
DTXSID5027803,102,2.8416416985628202e-08,0
DTXSID5027805,102,2.5155755827773396e-11,0
DTXSID5027932,102,0.014363554370525633,0
DTXSID5027982,102,0.0,0
DTXSID5028033,102,6.312178943337167e-11,0
DTXSID5028114,102,0.0,0
DTXSID5028665,102,6.224159658497197e-11,0
DTXSID5029055,102,0.9994340907858443,1
DTXSID5029182,102,1.7292288209126e-12,0
DTXSID5029217,102,0.0,0
DTXSID5029265,102,0.0,0
DTXSID5030030,102,9.306695161698489e-05,0
DTXSID5031131,102,2.871542888337226e-14,0
DTXSID5031133,102,0.29966618598659395,0
DTXSID5032315,102,0.5989748355840032,0
DTXSID5032361,102,6.119931807702093e-09,0
DTXSID5032365,102,3.4330663769639195e-07,0
DTXSID5032442,102,3.832809295523602e-06,0
DTXSID5032498,102,0.9999923990654612,1
DTXSID5032523,102,0.0,0
DTXSID5032525,102,0.9984464491994473,1
DTXSID5032573,102,0.999995382734105,1
DTXSID5032577,102,8.81830227287376e-15,0
DTXSID5032579,102,0.1343626566098081,0
DTXSID5032600,102,0.998842295728362,1
DTXSID5032654,102,0.0,0
DTXSID5033836,102,0.5367598801419378,0
DTXSID5034270,102,4.194842991089649e-09,0
DTXSID5034303,102,1.6412918138724378e-12,0
DTXSID5034357,102,4.077396950445589e-18,0
DTXSID5034723,102,0.0133895493583172,0
DTXSID5034773,102,0.9920438860254838,1
DTXSID5034981,102,0.9999982437600456,1
DTXSID5035163,102,1.8553425236847922e-14,0
DTXSID5035589,102,0.9998386257447512,1
DTXSID5035616,102,5.787814368476415e-10,0
DTXSID5035957,102,0.9999713756742409,1
DTXSID50369896,102,0.0,0
DTXSID5037028,102,0.0008045953103296329,0
DTXSID5037072,102,3.985131029847853e-11,0
DTXSID5037494,102,0.0,0
DTXSID5037498,102,2.9436889968465465e-06,0
DTXSID50375114,102,0.9997677016765115,1
DTXSID5037523,102,9.151686326123108e-13,0
DTXSID5037731,102,0.4309508603635286,0
DTXSID5037739,102,0.8790902694263496,0
DTXSID50379359,102,0.0,0
DTXSID50379930,102,0.0,0
DTXSID50381992,102,1.8139685508956554e-15,0
DTXSID50382621,102,0.009358861821242254,0
DTXSID5038830,102,0.9558257266533591,1
DTXSID5038888,102,0.009587042786646459,0
DTXSID5038919,102,0.0,0
DTXSID5039224,102,1.1308392864052494e-06,0
DTXSID5040700,102,0.0,0
DTXSID5040704,102,4.1661408157491815e-12,0
DTXSID5040706,102,1.140719535208578e-07,0
DTXSID5040708,102,2.2894132373306772e-05,0
DTXSID5040758,102,0.9962589561545555,1
DTXSID5041190,102,1.2953606810373412e-14,0
DTXSID5041273,102,5.623998688403021e-08,0
DTXSID5041275,102,0.17560464228113434,0
DTXSID5041302,102,3.695582753273506e-19,0
DTXSID5041306,102,0.999999940331073,1
DTXSID5041308,102,0.0,0
DTXSID5041356,102,0.45949537273621405,0
DTXSID5041431,102,2.631968043217592e-12,0
DTXSID5041437,102,7.05479693895328e-16,0
DTXSID5041439,102,5.991247967123406e-13,0
DTXSID5041487,102,1.2663740032359644e-07,0
DTXSID5041512,102,6.988966208386533e-09,0
DTXSID5041514,102,0.7161025500403083,0
DTXSID5041516,102,0.0,0
DTXSID5041518,102,0.0,0
DTXSID5041560,102,0.7093297106206501,0
DTXSID5041641,102,0.0,0
DTXSID5041643,102,3.202436298775031e-12,0
DTXSID5041691,102,2.8294389658109484e-13,0
DTXSID5041699,102,0.0,0
DTXSID5041726,102,4.2756875598198354e-06,0
DTXSID5041728,102,2.028096246279153e-08,0
DTXSID5041772,102,6.014815642633436e-07,0
DTXSID5041803,102,6.981205296260991e-08,0
DTXSID5041809,102,4.264787540916834e-17,0
DTXSID5042083,102,0.029045969097518932,0
DTXSID5042243,102,0.9999985603133303,1
DTXSID5042249,102,1.4185034167657419e-08,0
DTXSID5042299,102,1.442697511780433e-07,0
DTXSID5042326,102,0.0,0
DTXSID5042451,102,0.0,0
DTXSID5042459,102,1.1089651058952165e-11,0
DTXSID5044154,102,0.0,0
DTXSID50441560,102,0.0,0
DTXSID5044233,102,2.695936262272001e-16,0
DTXSID5044316,102,1.868411880145557e-12,0
DTXSID5044318,102,1.83890472342396e-10,0
DTXSID5044360,102,0.0,0
DTXSID5044362,102,1.6254318726352255e-12,0
DTXSID5044364,102,2.17797341426998e-17,0
DTXSID5044366,102,0.0,0
DTXSID5044368,102,0.9964576358831224,1
DTXSID5044441,102,0.0,0
DTXSID5044443,102,0.0,0
DTXSID5044445,102,2.637977429555428e-20,0
DTXSID5044447,102,0.0,0
DTXSID5044493,102,0.0,0
DTXSID5044495,102,3.758174585919308e-14,0
DTXSID5044520,102,0.9981044950861105,1
DTXSID5044522,102,0.0,0
DTXSID5044526,102,2.328058487757713e-13,0
DTXSID5044528,102,0.0,0
DTXSID5044570,102,3.8446853241009384e-08,0
DTXSID5044572,102,1.7952718099088204e-09,0
DTXSID5044574,102,9.809716557609266e-12,0
DTXSID5044576,102,1.1321165612798162e-08,0
DTXSID5044578,102,5.10774785513949e-18,0
DTXSID5044605,102,1.1217801642225223e-14,0
DTXSID5044607,102,0.9995443323323798,1
DTXSID5044782,102,0.9999809719599158,1
DTXSID5044784,102,0.0003605121501796198,0
DTXSID5044786,102,0.003729812709212644,0
DTXSID5044788,102,2.4931071662144716e-10,0
DTXSID5044815,102,5.2454063121955366e-18,0
DTXSID5044817,102,1.2466674146783289e-17,0
DTXSID5044863,102,1.3643066532374087e-09,0
DTXSID5044865,102,0.3413424700387661,0
DTXSID5044869,102,0.5939658539259136,0
DTXSID5044948,102,0.00620916756172206,0
DTXSID5044992,102,8.831662133188265e-11,0
DTXSID5044994,102,2.1670737982867204e-09,0
DTXSID5044996,102,0.0,0
DTXSID5044998,102,0.9949259735608172,1
DTXSID5046516,102,0.0,0
DTXSID5046801,102,4.4953005814152195e-11,0
DTXSID50469320,102,0.9999968990276356,1
DTXSID5047031,102,6.9396650237439985e-12,0
DTXSID5047033,102,2.238556929730027e-09,0
DTXSID5047037,102,0.0,0
DTXSID5047081,102,1.620277018964035e-05,0
DTXSID5047083,102,7.654065920593357e-10,0
DTXSID5047087,102,8.781181988785321e-09,0
DTXSID5047112,102,0.3858219690445004,0
DTXSID5047116,102,0.0,0
DTXSID5047160,102,2.224836022265638e-19,0
DTXSID5047164,102,0.9999999013295437,1
DTXSID5047166,102,2.05086279114594e-20,0
DTXSID5047245,102,0.9999682425688539,1
DTXSID5047249,102,1.1508146941189321e-13,0
DTXSID5047291,102,1.200812493059486e-18,0
DTXSID5047295,102,5.6568880302840135e-06,0
DTXSID5047297,102,1.8771022382751194e-12,0
DTXSID5047299,102,9.684048572661228e-05,0
DTXSID5047320,102,1.734613370953339e-14,0
DTXSID5047322,102,8.910868646671138e-05,0
DTXSID5047324,102,0.9988188456517196,1
DTXSID5047328,102,0.9447205803296753,1
DTXSID5047372,102,6.386670180972021e-06,0
DTXSID5047374,102,0.9999999977848186,1
DTXSID5047376,102,9.519107339947495e-08,0
DTXSID5047405,102,1.562978289777274e-09,0
DTXSID5047451,102,1.596781837251511e-13,0
DTXSID5047538,102,1.6261144657327073e-06,0
DTXSID5047582,102,5.566809318501972e-19,0
DTXSID5047584,102,0.0,0
DTXSID5047611,102,7.29013897612175e-09,0
DTXSID5047617,102,0.0,0
DTXSID5047667,102,0.0,0
DTXSID5047796,102,1.4458325016735005e-09,0
DTXSID5047879,102,1.6490556348674008e-15,0
DTXSID5048180,102,9.205635556616668e-14,0
DTXSID5048182,102,0.9954747015517778,1
DTXSID5048184,102,7.246316910415766e-17,0
DTXSID5048186,102,0.9999979799770857,1
DTXSID5048188,102,7.449327910864434e-16,0
DTXSID5048211,102,1.9806786064654218e-06,0
DTXSID5048506,102,0.999064283561222,1
DTXSID5049073,102,0.0008733587938591014,0
DTXSID5049075,102,1.2586354704819995e-10,0
DTXSID5051444,102,3.037721937212989e-20,0
DTXSID5051446,102,8.840258683054795e-07,0
DTXSID5051525,102,0.0,0
DTXSID5051529,102,0.0005728193576542419,0
DTXSID5051575,102,0.0,0
DTXSID5051650,102,4.051362661566372e-08,0
DTXSID5051999,102,0.0,0
DTXSID5052042,102,6.561299279927359e-22,0
DTXSID5052125,102,2.5628939496558366e-17,0
DTXSID5052250,102,0.9999926000808108,1
DTXSID5052254,102,1.702506378562116e-06,0
DTXSID5052460,102,1.3145666274270444e-11,0
DTXSID5052591,102,1.5727118203894555e-12,0
DTXSID5052593,102,2.5955682147963827e-14,0
DTXSID5052595,102,0.0,0
DTXSID5052597,102,0.0,0
DTXSID5052620,102,1.094292319994907e-06,0
DTXSID5052672,102,4.201064921063486e-06,0
DTXSID5052832,102,9.427925205591034e-10,0
DTXSID5052838,102,0.0,0
DTXSID5052884,102,2.0431297650754882e-11,0
DTXSID5052911,102,0.0,0
DTXSID5052913,102,0.0,0
DTXSID5057888,102,0.0,0
DTXSID5057911,102,4.280758637773929e-12,0
DTXSID5057913,102,0.0,0
DTXSID5057915,102,4.791549020684228e-11,0
DTXSID5057917,102,1.4669997537430279e-15,0
DTXSID5059799,102,1.809483533027586e-08,0
DTXSID5059828,102,0.0,0
DTXSID5060986,102,8.040184913839611e-08,0
DTXSID5061954,102,0.9915820321776511,1
DTXSID5063235,102,0.0,0
DTXSID5067348,102,0.0,0
DTXSID5073901,102,1.90054104917046e-17,0
DTXSID50858871,102,8.179950100683935e-15,0
DTXSID50858876,102,9.993775331966791e-20,0
DTXSID50858891,102,6.620857239833767e-16,0
DTXSID50858896,102,4.4313927917062295e-15,0
DTXSID50858912,102,2.0117792896397355e-17,0
DTXSID50858917,102,1.8571993639575885e-10,0
DTXSID50872714,102,2.3272046064894975e-07,0
DTXSID50872719,102,2.9057934736887324e-12,0
DTXSID50872734,102,2.5999615657745744e-17,0
DTXSID50872739,102,4.4861632710913276e-14,0
DTXSID50872754,102,0.0,0
DTXSID50880218,102,0.0,0
DTXSID50892417,102,0.0,0
DTXSID50903830,102,0.9976852501789912,1
DTXSID50903835,102,4.512481383140613e-15,0
DTXSID50903850,102,6.5033959869587996e-18,0
DTXSID50903855,102,0.0,0
DTXSID50903870,102,0.0,0
DTXSID50903875,102,0.0,0
DTXSID50903890,102,0.0,0
DTXSID50903895,102,0.0,0
DTXSID601339557,102,0.9999997030583706,1
DTXSID601339595,102,1.0663080265281895e-12,0
DTXSID601351793,102,0.009653959519904713,0
DTXSID60195123,102,0.0,0
DTXSID6020014,102,0.004360836243355902,0
DTXSID6020062,102,8.408509120302135e-14,0
DTXSID6020064,102,0.8843345637852467,0
DTXSID6020066,102,1.2403600034734359e-09,0
DTXSID6020068,102,0.019743234933611454,0
DTXSID6020141,102,1.8492320511672853e-06,0
DTXSID6020143,102,0.0,0
DTXSID6020145,102,2.86063196050481e-10,0
DTXSID6020147,102,5.2472959790143883e-14,0
DTXSID6020193,102,0.0,0
DTXSID6020197,102,0.0,0
DTXSID6020220,102,0.9999999732815389,1
DTXSID6020222,102,3.030879990179142e-17,0
DTXSID6020224,102,0.0,0
DTXSID6020278,102,0.0011802064746697539,0
DTXSID6020307,102,4.50467927291835e-10,0
DTXSID6020309,102,3.302460229196739e-11,0
DTXSID6020357,102,0.0,0
DTXSID6020359,102,6.491452577188488e-07,0
DTXSID6020430,102,1.958228410985455e-18,0
DTXSID6020438,102,0.0,0
DTXSID6020480,102,8.260082253723939e-06,0
DTXSID6020511,102,0.0,0
DTXSID6020515,102,0.49981989939831784,0
DTXSID6020561,102,0.0,0
DTXSID6020569,102,0.0,0
DTXSID6020648,102,0.07761911998764495,0
DTXSID6020690,102,0.999999975921996,1
DTXSID6020692,102,0.0,0
DTXSID6020694,102,0.0,0
DTXSID6020721,102,0.0,0
DTXSID6020779,102,0.00016126176979437326,0
DTXSID6020856,102,5.6483547073270146e-12,0
DTXSID6020939,102,0.014645149499264635,0
DTXSID6020981,102,0.0,0
DTXSID6021030,102,7.051383983798907e-12,0
DTXSID6021032,102,0.0,0
DTXSID6021082,102,8.069396169681529e-07,0
DTXSID6021086,102,0.035106448555715423,0
DTXSID6021113,102,3.4678501493843856e-07,0
DTXSID6021117,102,0.0,0
DTXSID6021240,102,0.0,0
DTXSID6021244,102,1.1841373149415436e-10,0
DTXSID6021248,102,0.9982872198559137,1
DTXSID6021290,102,4.1436571912898326e-10,0
DTXSID6021292,102,0.0,0
DTXSID6021294,102,0.0,0
DTXSID6021296,102,6.998499195904578e-09,0
DTXSID6021371,102,2.5754672463833934e-08,0
DTXSID6021375,102,3.753964335450881e-06,0
DTXSID6021402,102,0.0,0
DTXSID6021404,102,7.065661023150282e-17,0
DTXSID6021450,102,0.9999959695526373,1
DTXSID6021456,102,9.322733829968035e-08,0
DTXSID6021583,102,0.00699753167192572,0
DTXSID6021666,102,0.9946104297746785,1
DTXSID6021793,102,0.003284311329834013,0
DTXSID6021795,102,3.5364761921084365e-10,0
DTXSID6021799,102,1.910197028725946e-12,0
DTXSID6021822,102,2.908990086250578e-10,0
DTXSID6021824,102,0.9999999912074934,1
DTXSID6021828,102,3.650721353640727e-21,0
DTXSID6021872,102,1.1044732999646135e-18,0
DTXSID6021907,102,0.8704822240849459,0
DTXSID6021953,102,0.0,0
DTXSID6021957,102,1.3612980929926116e-14,0
DTXSID6021959,102,0.9999975825039904,1
DTXSID6022000,102,8.253775253404013e-06,0
DTXSID6022002,102,3.7641162566576884e-07,0
DTXSID6022004,102,0.0,0
DTXSID6022006,102,9.234200369363033e-11,0
DTXSID6022008,102,0.0,0
DTXSID6022056,102,6.490131132965933e-07,0
DTXSID6022058,102,9.840859710671394e-14,0
DTXSID6022137,102,0.0,0
DTXSID6022187,102,0.0,0
DTXSID6022341,102,1.704829187139403e-06,0
DTXSID6022345,102,0.06519215523757224,0
DTXSID6022391,102,0.9888093335275512,1
DTXSID6022422,102,4.518389024639798e-16,0
DTXSID6022472,102,5.305146249712264e-14,0
DTXSID6022474,102,1.7783199989306104e-06,0
DTXSID6022557,102,0.0,0
DTXSID6022927,102,3.2383297835343585e-18,0
DTXSID6023159,102,0.999770611158604,1
DTXSID6023367,102,4.024862224539254e-09,0
DTXSID6023523,102,1.9864209980103817e-13,0
DTXSID6023600,102,4.840391823046774e-09,0
DTXSID6023602,102,0.0,0
DTXSID6023652,102,0.004910209372646385,0
DTXSID6023733,102,7.009935908297565e-12,0
DTXSID6023810,102,0.00022351617875128902,0
DTXSID6023862,102,0.0,0
DTXSID6023864,102,0.9553967988477546,1
DTXSID6023868,102,0.9999469130236206,1
DTXSID6023999,102,3.627695425219011e-05,0
DTXSID6024046,102,3.944968250760488e-08,0
DTXSID6024048,102,0.0,0
DTXSID6024123,102,0.9999998899013732,1
DTXSID6024175,102,4.4283188916342863e-07,0
DTXSID6024177,102,4.995332171557149e-05,0
DTXSID6024200,102,0.0,0
DTXSID6024204,102,3.08182696073084e-14,0
DTXSID6024206,102,0.0054014342075955875,0
DTXSID6024254,102,0.011847799234344663,0
DTXSID6024337,102,0.9996264928850809,1
DTXSID6024460,102,0.9999227372745918,1
DTXSID6024466,102,0.0,0
DTXSID6024624,102,0.3128919456713971,0
DTXSID6024628,102,0.0,0
DTXSID6024670,102,0.0,0
DTXSID6024674,102,0.0,0
DTXSID6024676,102,0.0,0
DTXSID6024701,102,0.0021271278984856755,0
DTXSID6024834,102,8.056776358057106e-05,0
DTXSID6024836,102,2.329577350769711e-05,0
DTXSID6024838,102,0.0,0
DTXSID6024882,102,0.994447883836113,1
DTXSID6024888,102,1.1140912017928165e-18,0
DTXSID6024911,102,5.427581441863224e-15,0
DTXSID6024913,102,0.0,0
DTXSID6024917,102,1.014247226584247e-11,0
DTXSID6025010,102,0.0,0
DTXSID6025012,102,0.0,0
DTXSID6025014,102,3.826348965841688e-10,0
DTXSID6025018,102,3.902208761755179e-07,0
DTXSID6025068,102,0.9954490562780863,1
DTXSID6025141,102,5.381858964457542e-12,0
DTXSID6025143,102,1.1131245884511251e-06,0
DTXSID6025145,102,1.3004605897669416e-12,0
DTXSID6025220,102,0.0003259201841841643,0
DTXSID6025226,102,0.0,0
DTXSID6025272,102,3.447894614949112e-11,0
DTXSID6025301,102,2.6425368061353122e-17,0
DTXSID6025303,102,3.475500889280178e-14,0
DTXSID6025305,102,0.0,0
DTXSID6025355,102,2.0098338779910913e-05,0
DTXSID6025432,102,6.120216105704128e-15,0
DTXSID6025436,102,4.162282928902111e-15,0
DTXSID6025438,102,0.0,0
DTXSID6025486,102,0.0,0
DTXSID6025567,102,0.0,0
DTXSID6025648,102,0.0,0
DTXSID6025690,102,6.711298030054569e-05,0
DTXSID6025692,102,6.190396023584162e-17,0
DTXSID6026080,102,2.20045157007994e-07,0
DTXSID6026084,102,2.916727214035756e-19,0
DTXSID6026088,102,0.05949991172181417,0
DTXSID6026119,102,1.987664067743253e-09,0
DTXSID6026298,102,0.0,0
DTXSID6026797,102,0.0,0
DTXSID6026799,102,2.41578659268124e-07,0
DTXSID6026955,102,2.681574804497232e-08,0
DTXSID6027050,102,0.5719982908217653,0
DTXSID6027052,102,0.0005687117742342747,0
DTXSID6027131,102,2.1147942907481963e-11,0
DTXSID6027133,102,5.41011296697895e-19,0
DTXSID6027181,102,0.0,0
DTXSID6027185,102,2.6787889345917996e-13,0
DTXSID6027218,102,8.394471078726587e-13,0
DTXSID6027266,102,1.686818647718698e-10,0
DTXSID6027268,102,4.704730224710092e-11,0
DTXSID6027341,102,0.0,0
DTXSID6027345,102,0.43760569526936166,0
DTXSID6027395,102,4.451503403517389e-16,0
DTXSID6027397,102,3.132970758412417e-07,0
DTXSID6027426,102,3.8337543823039084e-16,0
DTXSID6027503,102,2.2594409450606796e-14,0
DTXSID6027634,102,0.0,0
DTXSID6027713,102,0.3197189638011893,0
DTXSID6027921,102,2.602924524895631e-08,0
DTXSID6027923,102,0.01437063826634445,0
DTXSID6028022,102,5.667803346488044e-10,0
DTXSID6028492,102,2.8151140009944992e-11,0
DTXSID6029171,102,0.0,0
DTXSID6029202,102,0.0,0
DTXSID6029331,102,2.390849738023107e-10,0
DTXSID6029755,102,4.388396433274417e-12,0
DTXSID6031380,102,2.3102823675601185e-11,0
DTXSID6031461,102,0.0,0
DTXSID6032192,102,0.0,0
DTXSID6032352,102,0.9999511242492736,1
DTXSID6032354,102,0.9950844285843745,1
DTXSID6032356,102,1.3832594527354707e-11,0
DTXSID6032358,102,0.0008010886090644119,0
DTXSID6032431,102,0.0008983795113029526,0
DTXSID6032514,102,0.0,0
DTXSID6032516,102,0.0,0
DTXSID6032518,102,0.0,0
DTXSID6032562,102,0.9876051316569208,1
DTXSID6032641,102,1.0696530344126289e-07,0
DTXSID6032645,102,0.011462334655785384,0
DTXSID6032647,102,0.9495205662963221,1
DTXSID6032649,102,5.638384919109248e-16,0
DTXSID6033241,102,6.2650566184283854e-18,0
DTXSID6034005,102,2.881735958922041e-08,0
DTXSID6034186,102,0.9804478446123055,1
DTXSID6034265,102,0.0,0
DTXSID6034392,102,0.3782488717516121,0
DTXSID6034712,102,0.0,0
DTXSID6034762,102,0.0,0
DTXSID6034764,102,1.1175697449921394e-10,0
DTXSID6034849,102,1.242682891593639e-07,0
DTXSID6034924,102,1.0279158678162222e-07,0
DTXSID6034928,102,0.42999880926023887,0
DTXSID6034972,102,0.0056071513789629655,0
DTXSID6035152,102,0.0,0
DTXSID6035156,102,1.2037869144228577e-11,0
DTXSID6035285,102,0.004897409144740134,0
DTXSID6035784,102,0.030062719460907054,0
DTXSID6036467,102,4.586148021352561e-06,0
DTXSID6037483,102,3.37859025078028e-17,0
DTXSID6037564,102,0.03882127453984331,0
DTXSID6037568,102,5.0984113595631774e-15,0
DTXSID6037728,102,0.0017314160956606731,0
DTXSID60377821,102,0.0028621810001762857,0
DTXSID60377826,102,1.6051939331105978e-12,0
DTXSID60379269,102,0.0,0
DTXSID60379901,102,0.0,0
DTXSID60380390,102,0.009448566227605502,0
DTXSID6038326,102,8.430354242564754e-13,0
DTXSID6038798,102,1.5648237330799084e-12,0
DTXSID6038827,102,0.8885165225556095,0
DTXSID6038877,102,0.4443534139013889,0
DTXSID60400587,102,0.0,0
DTXSID6040111,102,2.5223811505839066e-11,0
DTXSID6040115,102,1.910000089924953e-12,0
DTXSID6040117,102,4.4936068012310745e-10,0
DTXSID6040371,102,0.04167431960570094,0
DTXSID6040373,102,1.869381452653525e-16,0
DTXSID6040375,102,1.2640786910519565e-16,0
DTXSID6040664,102,2.826773839456533e-08,0
DTXSID6040745,102,0.9999991350856317,1
DTXSID6040747,102,0.9986263771771176,1
DTXSID6040795,102,7.740027584034465e-06,0
DTXSID6041137,102,0.0,0
DTXSID6041185,102,0.0,0
DTXSID6041210,102,1.3257786419642701e-07,0
DTXSID6041268,102,0.807836602335516,0
DTXSID6041349,102,0.004600913466545688,0
DTXSID6041397,102,5.25211264263574e-10,0
DTXSID6041420,102,1.09960082561752e-13,0
DTXSID6041422,102,0.04023560046349895,0
DTXSID6041424,102,1.6002222499520155e-18,0
DTXSID6041426,102,0.0,0
DTXSID6041472,102,5.796807761156422e-13,0
DTXSID6041503,102,0.7190947274828366,0
DTXSID6041507,102,3.685891327123042e-09,0
DTXSID6041551,102,1.0856240872319587e-08,0
DTXSID6041557,102,0.0,0
DTXSID6041636,102,0.0,0
DTXSID6041638,102,0.0,0
DTXSID6041682,102,0.9994420867430746,1
DTXSID6041715,102,0.1018451534448839,0
DTXSID6041719,102,0.0,0
DTXSID6041844,102,4.507587691756037e-13,0
DTXSID6041892,102,1.4948200371595665e-17,0
DTXSID6042074,102,0.0,0
DTXSID6042151,102,1.5986881342832983e-05,0
DTXSID6042232,102,5.597428096462506e-06,0
DTXSID6042234,102,8.532170325682904e-08,0
DTXSID6042280,102,0.0068830699261595,0
DTXSID6042282,102,2.19423817532731e-19,0
DTXSID6042365,102,1.8442977574248595e-16,0
DTXSID6042369,102,8.177803596566879e-14,0
DTXSID6042440,102,0.0,0
DTXSID6042490,102,0.0,0
DTXSID6042494,102,2.1334466317023363e-18,0
DTXSID6042498,102,7.658036946412873e-13,0
DTXSID6043709,102,2.391369718126489e-06,0
DTXSID6043915,102,4.46337114257925e-05,0
DTXSID6043917,102,0.0,0
DTXSID6044199,102,2.1475106722655632e-05,0
DTXSID6044303,102,1.6666664524718583e-09,0
DTXSID6044309,102,0.003596463058223426,0
DTXSID6044353,102,3.0428576335688137e-12,0
DTXSID6044355,102,0.0,0
DTXSID6044357,102,0.0,0
DTXSID6044359,102,2.0363350969557887e-14,0
DTXSID6044430,102,8.721085162909394e-07,0
DTXSID6044480,102,8.728792763815982e-19,0
DTXSID6044488,102,1.739357982407801e-07,0
DTXSID6044511,102,2.307605269156129e-10,0
DTXSID6044513,102,1.4199464360445646e-13,0
DTXSID6044515,102,6.135122548797064e-07,0
DTXSID6044517,102,0.0,0
DTXSID6044519,102,0.006692850499272201,0
DTXSID6044563,102,0.0,0
DTXSID6044644,102,0.0,0
DTXSID6044646,102,3.308269261613267e-19,0
DTXSID6044690,102,0.0,0
DTXSID6044696,102,1.6862659117507792e-17,0
DTXSID6044721,102,0.0,0
DTXSID6044727,102,0.003563237394937025,0
DTXSID6044771,102,5.875935542208474e-15,0
DTXSID6044773,102,3.51515787330972e-05,0
DTXSID6044777,102,0.0,0
DTXSID6044779,102,0.0,0
DTXSID6044800,102,0.9967296139799053,1
DTXSID6044804,102,4.498601616156469e-14,0
DTXSID6044808,102,4.250036371730342e-10,0
DTXSID6044981,102,5.490203837576234e-13,0
DTXSID6044983,102,0.04602111550359594,0
DTXSID6044985,102,2.137238343997995e-06,0
DTXSID6045400,102,5.491176560414551e-10,0
DTXSID6046979,102,0.0,0
DTXSID6047072,102,5.055882472311046e-11,0
DTXSID6047074,102,0.0,0
DTXSID6047078,102,4.860923150372685e-12,0
DTXSID6047103,102,1.0764562206556893e-06,0
DTXSID6047105,102,4.403307170938062e-19,0
DTXSID6047107,102,0.0,0
DTXSID6047109,102,1.893580718006711e-16,0
DTXSID6047157,102,6.505020496447108e-05,0
DTXSID6047159,102,1.8877449748899504e-11,0
DTXSID6047236,102,0.0,0
DTXSID6047280,102,1.5787512626684543e-12,0
DTXSID6047282,102,9.542622592145745e-05,0
DTXSID6047284,102,0.7058532135342422,0
DTXSID6047286,102,0.0001499075673084442,0
DTXSID6047288,102,4.1163801014730025e-09,0
DTXSID6047311,102,0.9998985730833757,1
DTXSID6047313,102,0.8777091703599843,0
DTXSID6047315,102,0.9999882537724903,1
DTXSID6047319,102,0.9607443977394632,1
DTXSID6047363,102,1.432948309893131e-14,0
DTXSID6047367,102,1.107044477100585e-17,0
DTXSID6047369,102,0.4995763327515033,0
DTXSID6047440,102,7.85740356997141e-16,0
DTXSID6047444,102,4.048643114592983e-11,0
DTXSID6047446,102,3.1392610221830515e-18,0
DTXSID6047448,102,0.0,0
DTXSID6047490,102,0.0,0
DTXSID6047525,102,2.837560617882156e-09,0
DTXSID6047527,102,1.917071209404785e-08,0
DTXSID6047575,102,1.7242473480202489e-18,0
DTXSID6047579,102,1.2612593808060893e-08,0
DTXSID6047602,102,2.2598155318806178e-10,0
DTXSID6047604,102,8.01335044401394e-07,0
DTXSID6047608,102,1.6503274516584724e-05,0
DTXSID6047654,102,0.0,0
DTXSID6047656,102,1.5903553566592487e-13,0
DTXSID6048171,102,0.3741784676635494,0
DTXSID6048175,102,0.24293637603658014,0
DTXSID6048200,102,3.6513548254221445e-07,0
DTXSID6048202,102,4.1410488643113956e-08,0
DTXSID6048204,102,1.76906643603957e-20,0
DTXSID6048206,102,0.9545361994910511,1
DTXSID6048208,102,4.8097275147527783e-08,0
DTXSID60500450,102,3.169562507197529e-12,0
DTXSID6051306,102,0.04222153739699432,0
DTXSID6051560,102,7.556342293951074e-16,0
DTXSID6051564,102,0.0,0
DTXSID6051566,102,5.762538034518843e-08,0
DTXSID6051695,102,0.0,0
DTXSID6051724,102,8.540131718527945e-07,0
DTXSID6051778,102,0.0,0
DTXSID6052112,102,3.3422221182348155e-11,0
DTXSID6052291,102,0.0,0
DTXSID6052295,102,1.1175137856903958e-05,0
DTXSID6052299,102,1.4473493907054524e-08,0
DTXSID6052328,102,1.3535950615560198e-10,0
DTXSID6052536,102,4.367680920342144e-15,0
DTXSID6052538,102,1.4531456128758744e-12,0
DTXSID6052619,102,1.7039115461620954e-10,0
DTXSID6052740,102,0.0,0
DTXSID6052900,102,7.396236571461043e-05,0
DTXSID6052902,102,0.0034136785568642893,0
DTXSID6052904,102,0.7695319054421815,0
DTXSID6052906,102,5.390457516991134e-07,0
DTXSID6052908,102,0.002012745990648876,0
DTXSID6057908,102,0.0,0
DTXSID6061022,102,0.0,0
DTXSID6062599,102,0.0,0
DTXSID60663110,102,0.9863056279236547,1
DTXSID6067331,102,1.0429867529071559e-13,0
DTXSID60858867,102,2.6563252073897072e-08,0
DTXSID60858882,102,1.3096537942836101e-19,0
DTXSID60858887,102,3.840039631295295e-19,0
DTXSID60858903,102,6.250036670236107e-08,0
DTXSID60858908,102,2.6673056164048457e-19,0
DTXSID60872720,102,0.0,0
DTXSID60872725,102,0.00012078953655390306,0
DTXSID60872740,102,8.158067513670363e-11,0
DTXSID60872745,102,0.0,0
DTXSID60892443,102,2.6031175128958013e-08,0
DTXSID60903826,102,0.0,0
DTXSID60903841,102,4.71958466120899e-08,0
DTXSID60903846,102,0.0,0
DTXSID60903861,102,0.0,0
DTXSID60903866,102,0.0,0
DTXSID60903881,102,0.0,0
DTXSID60903886,102,0.0,0
DTXSID701339598,102,4.565583343804741e-17,0
DTXSID701351796,102,1.3427030407761714e-14,0
DTXSID701351803,102,0.9999654313958389,1
DTXSID70191136,102,0.0,0
DTXSID7020005,102,4.413901123292947e-11,0
DTXSID7020007,102,0.004850294613486579,0
DTXSID7020057,102,1.326888197207836e-15,0
DTXSID7020182,102,0.9998536203948137,1
DTXSID7020184,102,8.136782149646517e-15,0
DTXSID7020263,102,2.3570961784921374e-16,0
DTXSID7020265,102,7.375446131798043e-10,0
DTXSID7020267,102,0.8575466898165769,0
DTXSID7020344,102,0.9999818303221375,1
DTXSID7020348,102,0.0,0
DTXSID7020392,102,0.9979728875309296,1
DTXSID7020421,102,0.0,0
DTXSID7020423,102,1.6819870816451602e-14,0
DTXSID7020425,102,1.991285623463249e-06,0
DTXSID7020427,102,0.00145266403802009,0
DTXSID7020479,102,2.1374298226458766e-05,0
DTXSID7020504,102,1.0655335330969521e-08,0
DTXSID7020508,102,0.8304483265417089,0
DTXSID7020552,102,1.4266527065632861e-12,0
DTXSID7020631,102,9.164488615914735e-07,0
DTXSID7020683,102,3.2083897843383945e-11,0
DTXSID7020685,102,0.0,0
DTXSID7020687,102,0.10099419216235599,0
DTXSID7020710,102,0.442018846213797,0
DTXSID7020716,102,0.9956470095590275,1
DTXSID7020760,102,0.0,0
DTXSID7020764,102,0.9994078889172822,1
DTXSID7020766,102,0.0,0
DTXSID7020768,102,0.012013547496682481,0
DTXSID7020841,102,0.0,0
DTXSID7020843,102,0.00020318627251409544,0
DTXSID7020845,102,0.0,0
DTXSID7020895,102,0.0,0
DTXSID7020920,102,8.242730331713357e-15,0
DTXSID7020970,102,6.26943450464288e-05,0
DTXSID7020972,102,2.26823446351881e-15,0
DTXSID7020978,102,1.7394573179265597e-06,0
DTXSID7021029,102,4.5621306325087975e-11,0
DTXSID7021100,102,0.9940361439872614,1
DTXSID7021102,102,3.3197555951307486e-17,0
DTXSID7021106,102,0.9999999968950789,1
DTXSID7021150,102,0.0,0
DTXSID7021152,102,0.8423636123569842,0
DTXSID7021156,102,5.618466990288583e-15,0
DTXSID7021233,102,0.0036042858947852997,0
DTXSID7021237,102,1.9186518852631732e-11,0
DTXSID7021239,102,0.99999999999489,1
DTXSID7021314,102,0.7360839781501836,0
DTXSID7021316,102,0.0060552117740217725,0
DTXSID7021362,102,7.967881154616978e-11,0
DTXSID7021364,102,1.7196438880429403e-18,0
DTXSID7021491,102,8.072114757796753e-08,0
DTXSID7021520,102,1.573363260239226e-16,0
DTXSID7021603,102,1.1036145496735537e-08,0
DTXSID7021605,102,2.6522314744339153e-09,0
DTXSID7021607,102,1.3946266070073087e-10,0
DTXSID7021653,102,0.0,0
DTXSID7021655,102,1.3750356837932855e-11,0
DTXSID7021780,102,5.483667171474063e-17,0
DTXSID7021782,102,0.0,0
DTXSID7021784,102,0.987419974777536,1
DTXSID7021788,102,0.8883137692926458,0
DTXSID7021815,102,1.1648652829733236e-13,0
DTXSID7021861,102,0.0,0
DTXSID7021863,102,1.4254097585157009e-18,0
DTXSID7021867,102,3.3613364694468245e-15,0
DTXSID7021869,102,2.2764830754474e-19,0
DTXSID7021940,102,7.661772036306702e-05,0
DTXSID7021946,102,0.0,0
DTXSID7021948,102,1.5768781286121185e-08,0
DTXSID7021992,102,0.0,0
DTXSID7021996,102,1.3422846671526119e-17,0
DTXSID7021998,102,7.003933663122883e-10,0
DTXSID7022043,102,5.3775860767169074e-15,0
DTXSID7022049,102,0.8841835111152643,0
DTXSID7022093,102,1.9233647021885364e-09,0
DTXSID7022120,102,1.5665167771274723e-13,0
DTXSID7022170,102,7.852572901846125e-10,0
DTXSID7022172,102,2.433034662833598e-13,0
DTXSID7022174,102,0.03716259338285383,0
DTXSID7022253,102,0.9999834403375065,1
DTXSID7022332,102,0.00025158714935790197,0
DTXSID7022411,102,4.26936933390331e-11,0
DTXSID7022413,102,0.10728051676535517,0
DTXSID7022544,102,0.0,0
DTXSID7022598,102,9.812770521247685e-15,0
DTXSID7022679,102,0.0002181151039576142,0
DTXSID7022912,102,5.141733411992768e-08,0
DTXSID7023063,102,0.9990618019825741,1
DTXSID7023146,102,0.0,0
DTXSID7023192,102,9.00440511630337e-16,0
DTXSID7023194,102,7.498172104033891e-19,0
DTXSID7023300,102,0.005915959951539985,0
DTXSID7023510,102,0.0,0
DTXSID7023645,102,0.0,0
DTXSID7023936,102,2.6943854543891007e-12,0
DTXSID7023938,102,0.9980607681851832,1
DTXSID7023980,102,6.454831358420332e-12,0
DTXSID7024031,102,3.1925481989552776e-19,0
DTXSID7024035,102,0.9969287923521216,1
DTXSID7024081,102,0.0,0
DTXSID7024085,102,0.0,0
DTXSID7024087,102,1.1478686185923417e-07,0
DTXSID7024112,102,0.038749407973388744,0
DTXSID7024160,102,0.9999997429516451,1
DTXSID7024164,102,6.111709742147489e-16,0
DTXSID7024166,102,0.0,0
DTXSID7024241,102,0.9999967759256688,1
DTXSID7024245,102,1.5679814464330156e-08,0
DTXSID7024247,102,2.80870346925677e-10,0
DTXSID7024299,102,0.9994861338203149,1
DTXSID7024320,102,4.0427940389497695e-14,0
DTXSID7024328,102,0.0,0
DTXSID7024376,102,0.0,0
DTXSID7024409,102,0.0,0
DTXSID7024532,102,7.1978151400026165e-09,0
DTXSID7024538,102,4.136336338112009e-11,0
DTXSID7024586,102,5.977271238139714e-17,0
DTXSID7024821,102,1.811133775447303e-08,0
DTXSID7024827,102,0.0,0
DTXSID7024873,102,0.0,0
DTXSID7024902,102,0.9930423854718858,1
DTXSID7024904,102,2.1521791811438477e-10,0
DTXSID7024950,102,0.00018391317251724044,0
DTXSID7025003,102,7.694180963083059e-07,0
DTXSID7025055,102,1.1856136315437908e-07,0
DTXSID7025130,102,4.5785325321790735e-09,0
DTXSID7025132,102,1.6761070930007142e-10,0
DTXSID7025134,102,0.0,0
DTXSID7025138,102,0.0,0
DTXSID7025217,102,6.331090311244735e-07,0
DTXSID7025219,102,2.0363087635861758e-10,0
DTXSID7025346,102,6.1207620707918185e-15,0
DTXSID7025394,102,5.892634087423675e-07,0
DTXSID7025421,102,0.9999977180264433,1
DTXSID7025427,102,1.5757142244353733e-18,0
DTXSID7025429,102,0.9974149298688095,1
DTXSID7025502,102,0.0,0
DTXSID7025506,102,0.9998056539201078,1
DTXSID7025508,102,0.0,0
DTXSID7025895,102,0.8742836870780232,0
DTXSID7025922,102,5.880952369697107e-08,0
DTXSID7026029,102,1.643315733626449e-05,0
DTXSID7026102,102,0.9989810069279019,1
DTXSID7026156,102,1.0245717864678617e-11,0
DTXSID7026235,102,0.0,0
DTXSID7026285,102,0.0,0
DTXSID7026314,102,2.7967225685971574e-09,0
DTXSID7026368,102,3.018685163337211e-08,0
DTXSID7026499,102,4.2017220043750935e-14,0
DTXSID7026520,102,8.424794915042988e-18,0
DTXSID7026526,102,0.0,0
DTXSID7026653,102,0.0,0
DTXSID7026811,102,2.8705356373602945e-09,0
DTXSID7026863,102,2.640681034953534e-09,0
DTXSID7026867,102,1.9222199109228538e-07,0
DTXSID7026946,102,7.85139215852195e-17,0
DTXSID7026994,102,1.9796518325935665e-09,0
DTXSID7026998,102,0.5692538646481361,0
DTXSID7027041,102,0.0,0
DTXSID7027047,102,0.0,0
DTXSID7027205,102,1.4426901632549101e-08,0
DTXSID7027259,102,2.4851280879207244e-09,0
DTXSID7027334,102,0.0,0
DTXSID7027386,102,0.9988577697574715,1
DTXSID7027388,102,1.1750278237213906e-06,0
DTXSID7027461,102,0.0,0
DTXSID7027540,102,0.0,0
DTXSID7027542,102,0.0,0
DTXSID7027544,102,4.367162892957252e-19,0
DTXSID7027596,102,1.6846166056557144e-10,0
DTXSID7027598,102,0.0,0
DTXSID7027625,102,9.137716220199198e-10,0
DTXSID70276659,102,1.498204330426414e-16,0
DTXSID7027756,102,9.689495630189153e-05,0
DTXSID7027831,102,0.0,0
DTXSID7027833,102,9.719117985487912e-12,0
DTXSID7027835,102,0.0,0
DTXSID7027837,102,2.729617271654967e-09,0
DTXSID7027887,102,9.002895281258777e-14,0
DTXSID7027916,102,5.961009740806992e-16,0
DTXSID7028011,102,1.9405307799209433e-08,0
DTXSID7028015,102,1.9837084484770756e-15,0
DTXSID7028300,102,5.042002835966126e-11,0
DTXSID7028774,102,0.0,0
DTXSID7029110,102,0.0,0
DTXSID7029162,102,3.28069783411999e-07,0
DTXSID7029164,102,0.007577801045392195,0
DTXSID7029166,102,0.0,0
DTXSID7029241,102,0.9032851141121443,1
DTXSID7029320,102,0.9908217655741872,1
DTXSID7029534,102,0.0,0
DTXSID7029611,102,3.0666060502300064e-06,0
DTXSID7029661,102,1.664185114252513e-15,0
DTXSID7029871,102,0.0,0
DTXSID7029879,102,0.6537162603646243,0
DTXSID7029904,102,0.017473224316811614,0
DTXSID7030060,102,0.6689472679984532,0
DTXSID7030307,102,8.27563476676197e-20,0
DTXSID7030698,102,4.40585348884198e-12,0
DTXSID7031290,102,0.9995541354451604,1
DTXSID7031294,102,0.0,0
DTXSID7031458,102,0.9999994436985586,1
DTXSID7031531,102,0.30698652945369265,0
DTXSID7032004,102,0.9999955245384218,1
DTXSID7032345,102,0.9999999759925357,1
DTXSID7032393,102,0.9999777274548802,1
DTXSID7032424,102,3.1552316622527853e-11,0
DTXSID7032470,102,0.9901303215629885,1
DTXSID7032551,102,0.9858092397032288,1
DTXSID7032553,102,8.738185800269837e-12,0
DTXSID7032555,102,0.9948232373447888,1
DTXSID7032559,102,1.570332663063498e-05,0
DTXSID7032630,102,7.39636846737219e-08,0
DTXSID7032638,102,0.999993880129594,1
DTXSID7032688,102,4.917648208845402e-08,0
DTXSID7034250,102,0.0,0
DTXSID7034252,102,5.485373092109236e-07,0
DTXSID7034383,102,0.0,0
DTXSID7034460,102,1.7355043634089235e-10,0
DTXSID7034545,102,0.9907998107533832,1
DTXSID7034549,102,0.9999981090711284,1
DTXSID7034624,102,1.769426877967129e-05,0
DTXSID7034674,102,0.0,0
DTXSID7034676,102,0.0016948314077031928,0
DTXSID7034753,102,2.990279379667466e-11,0
DTXSID7034961,102,0.23454466241001914,0
DTXSID7035010,102,0.0028012433749569476,0
DTXSID7035272,102,0.9981737010315006,1
DTXSID70366226,102,0.0,0
DTXSID7037185,102,6.395175349304853e-18,0
DTXSID7037262,102,0.0,0
DTXSID7037551,102,0.0,0
DTXSID7037555,102,1.371441161374784e-07,0
DTXSID7037715,102,8.211599819068161e-16,0
DTXSID7037717,102,0.9967904364967289,1
DTXSID70379270,102,1.880320900823249e-14,0
DTXSID70379295,102,0.9602301446624233,1
DTXSID70379730,102,0.0,0
DTXSID70379917,102,0.5861716193367348,0
DTXSID70381090,102,1.4293907384277734e-13,0
DTXSID70381151,102,8.302317760086501e-07,0
DTXSID7038317,102,0.9999978456103208,1
DTXSID7038810,102,0.0,0
DTXSID7038814,102,0.0,0
DTXSID7038818,102,0.0,0
DTXSID7038864,102,0.9829253661684528,1
DTXSID70400078,102,8.067453297835297e-05,0
DTXSID7040150,102,0.9989642419720434,1
DTXSID7040152,102,0.0,0
DTXSID7040154,102,0.0,0
DTXSID7040285,102,0.0,0
DTXSID7040287,102,0.0,0
DTXSID7040289,102,0.0,0
DTXSID7040316,102,1.0078446648023782e-12,0
DTXSID7040360,102,0.0012337539314316796,0
DTXSID7040362,102,0.5309028914493352,0
DTXSID7040732,102,1.07472406977417e-07,0
DTXSID7040734,102,0.0,0
DTXSID7040784,102,7.889819594426028e-18,0
DTXSID7040788,102,0.9999511012072524,1
DTXSID7041097,102,0.9434593034116862,1
DTXSID7041178,102,1.2928003576002898e-17,0
DTXSID7041253,102,4.014431513974264e-19,0
DTXSID7041388,102,0.0,0
DTXSID7041413,102,5.3111078886188834e-05,0
DTXSID7041461,102,0.0,0
DTXSID7041467,102,0.09918272494356195,0
DTXSID7041540,102,8.95358435640294e-07,0
DTXSID7041544,102,5.2205459529490586e-08,0
DTXSID7041623,102,1.4612963307920111e-16,0
DTXSID7041629,102,0.9999876465577978,1
DTXSID7041671,102,5.72007764848017e-20,0
DTXSID7041675,102,2.554929951010271e-13,0
DTXSID7041708,102,6.764363670123681e-06,0
DTXSID7041887,102,0.011779299785380861,0
DTXSID7041889,102,0.006068078212578565,0
DTXSID7041962,102,0.0,0
DTXSID7041966,102,3.78834776501599e-11,0
DTXSID7042011,102,0.9999999999986984,1
DTXSID7042061,102,0.0,0
DTXSID7042065,102,2.6907196238696047e-05,0
DTXSID7042190,102,3.130497419818293e-07,0
DTXSID7042196,102,2.608771740370592e-10,0
DTXSID7042198,102,0.2750481223839087,0
DTXSID7042273,102,0.0,0
DTXSID7042279,102,2.556350594096777e-08,0
DTXSID7042356,102,0.8010297776285411,0
DTXSID7042437,102,0.12015667013354726,0
DTXSID7043902,102,0.9355856262015021,1
DTXSID7043908,102,1.32676067053004e-13,0
DTXSID7044215,102,0.0,0
DTXSID7044340,102,0.0,0
DTXSID7044342,102,4.1384508333963953e-07,0
DTXSID7044390,102,0.0,0
DTXSID7044392,102,0.0,0
DTXSID7044394,102,0.0,0
DTXSID7044396,102,2.75327348531095e-17,0
DTXSID7044398,102,8.780219098366433e-07,0
DTXSID7044421,102,2.009219794350036e-11,0
DTXSID7044423,102,0.0,0
DTXSID7044427,102,3.647797843000801e-19,0
DTXSID7044429,102,0.9953756132516715,1
DTXSID7044471,102,0.0,0
DTXSID7044473,102,1.6999437434961048e-11,0
DTXSID7044475,102,1.7206928614355415e-17,0
DTXSID7044479,102,0.0,0
DTXSID7044500,102,0.4291599771234455,0
DTXSID7044502,102,5.357212691171677e-10,0
DTXSID7044504,102,2.3887279138738596e-16,0
DTXSID7044506,102,0.0,0
DTXSID7044552,102,0.0,0
DTXSID7044639,102,0.0,0
DTXSID7044689,102,0.0,0
DTXSID7044716,102,9.023009193771784e-19,0
DTXSID7044718,102,0.4839857524953154,0
DTXSID7044760,102,0.0,0
DTXSID7044762,102,9.195447419348397e-10,0
DTXSID7044764,102,0.0,0
DTXSID7044841,102,0.9996883426982485,1
DTXSID7044843,102,0.9998367893199255,1
DTXSID7044847,102,0.0,0
DTXSID7044849,102,9.278690868853732e-12,0
DTXSID7044895,102,0.998420661340501,1
DTXSID7044897,102,0.0,0
DTXSID7044922,102,0.0,0
DTXSID7044928,102,0.0,0
DTXSID7044970,102,0.0,0
DTXSID7044976,102,3.5852927045760674e-17,0
DTXSID7047061,102,0.0,0
DTXSID7047065,102,9.019624761637113e-06,0
DTXSID7047142,102,2.4696629067217755e-13,0
DTXSID7047144,102,0.9417621998852096,1
DTXSID7047146,102,3.58439050319098e-05,0
DTXSID7047190,102,0.14065926808450963,0
DTXSID7047192,102,0.6145901840743807,0
DTXSID7047198,102,0.0,0
DTXSID7047271,102,2.8575254052879394e-08,0
DTXSID7047277,102,2.1860033529899674e-06,0
DTXSID7047279,102,0.10393447379514438,0
DTXSID7047304,102,0.5987872103102859,0
DTXSID7047306,102,0.0,0
DTXSID7047308,102,2.940572401935321e-13,0
DTXSID7047356,102,4.2313660010086186e-09,0
DTXSID7047358,102,0.9999938740861245,1
DTXSID7047433,102,2.3708394048659043e-05,0
DTXSID7047435,102,3.811023274160444e-17,0
DTXSID7047437,102,4.2769864133533584e-09,0
DTXSID7047439,102,1.7502144903590973e-07,0
DTXSID7047487,102,0.9632672475938437,1
DTXSID7047510,102,4.3905111313876163e-17,0
DTXSID7047560,102,0.0,0
DTXSID7047562,102,1.5775287642195494e-10,0
DTXSID7047566,102,1.4347969176188547e-07,0
DTXSID7047641,102,6.451330359422964e-20,0
DTXSID7047643,102,0.0,0
DTXSID7047645,102,3.9335121772111564e-16,0
DTXSID7047647,102,0.00018632062294208362,0
DTXSID7047691,102,1.555167295208426e-14,0
DTXSID7047693,102,2.2535628634186482e-18,0
DTXSID7047697,102,0.09983040839475395,0
DTXSID70481246,102,0.0,0
DTXSID7048166,102,4.169422892845076e-05,0
DTXSID7048168,102,0.059841660926277115,0
DTXSID7051474,102,1.4855740570783433e-21,0
DTXSID7051557,102,1.4882904884349516e-07,0
DTXSID7051890,102,0.00039503130047006057,0
DTXSID7052101,102,4.379245471303514e-17,0
DTXSID7052109,102,0.0,0
DTXSID7052284,102,0.0008609009140497344,0
DTXSID7052288,102,7.86449441907833e-10,0
DTXSID7052311,102,1.4182238021466445e-15,0
DTXSID7052319,102,1.270701537086524e-13,0
DTXSID7052446,102,0.00018415520275360254,0
DTXSID7052529,102,0.9961960120093867,1
DTXSID7052571,102,1.8716777599870012e-20,0
DTXSID7052573,102,6.583977630272496e-08,0
DTXSID7052577,102,1.8840061234135814e-10,0
DTXSID7052602,102,1.5849468166830061e-06,0
DTXSID7052652,102,8.218004307589787e-11,0
DTXSID7052654,102,0.0,0
DTXSID7052735,102,1.879104951912279e-17,0
DTXSID7052866,102,3.960532201509601e-05,0
DTXSID70537191,102,4.4741934588900946e-11,0
DTXSID70565479,102,0.9998695120480082,1
DTXSID7059933,102,0.0,0
DTXSID7060332,102,0.9999999999773166,1
DTXSID7061982,102,0.0,0
DTXSID7074616,102,0.0,0
DTXSID70858873,102,3.186671978071637e-07,0
DTXSID70858878,102,0.0,0
DTXSID70858893,102,2.9706312199784597e-06,0
DTXSID70858898,102,7.435301230381717e-15,0
DTXSID70858914,102,2.9644124919755885e-05,0
DTXSID70858919,102,0.8316276004206576,0
DTXSID70870515,102,0.0,0
DTXSID70872711,102,0.0,0
DTXSID70872716,102,1.2704783442898942e-20,0
DTXSID70872731,102,0.00020415430228197022,0
DTXSID70872736,102,1.8041278444835268e-10,0
DTXSID70872751,102,0.0,0
DTXSID70872756,102,2.477776123101574e-14,0
DTXSID70880134,102,2.0580243158304463e-14,0
DTXSID70880215,102,0.0,0
DTXSID70880230,102,0.0,0
DTXSID70903832,102,2.543157507049207e-07,0
DTXSID70903837,102,1.2727458558981534e-15,0
DTXSID70903852,102,0.0,0
DTXSID70903857,102,0.0,0
DTXSID70903872,102,0.0,0
DTXSID70903877,102,0.0,0
DTXSID70903892,102,0.0,0
DTXSID801339553,102,0.9991810142359401,1
DTXSID801351787,102,0.7051802121866376,0
DTXSID801351799,102,0.9992371418449454,1
DTXSID801351806,102,0.9999999997773632,1
DTXSID80195822,102,0.0,0
DTXSID8020040,102,1.2093970013231855e-09,0
DTXSID8020044,102,2.2493367959508973e-08,0
DTXSID8020092,102,0.0,0
DTXSID8020121,102,0.0,0
DTXSID8020123,102,0.9915073149127046,1
DTXSID8020127,102,4.2115380679169546e-15,0
DTXSID8020175,102,5.1410165779030475e-14,0
DTXSID8020179,102,0.0,0
DTXSID8020202,102,0.3674665584893831,0
DTXSID8020252,102,0.0,0
DTXSID8020256,102,8.451990351359976e-10,0
DTXSID8020331,102,0.9999678678956482,1
DTXSID8020337,102,0.006747239335555746,0
DTXSID8020381,102,0.8054725432420173,0
DTXSID8020410,102,5.6792660974273905e-19,0
DTXSID8020462,102,4.889060587375951e-09,0
DTXSID8020464,102,0.9999951961006093,1
DTXSID8020466,102,3.681425556374805e-10,0
DTXSID8020541,102,0.0,0
DTXSID8020545,102,3.175279760542717e-18,0
DTXSID8020591,102,3.848421121504756e-09,0
DTXSID8020593,102,0.0,0
DTXSID8020597,102,0.0,0
DTXSID8020620,102,0.8821928251203198,0
DTXSID8020628,102,1.0625224544108748e-15,0
DTXSID8020674,102,0.0,0
DTXSID8020703,102,8.084264029011787e-18,0
DTXSID8020755,102,1.7404043986849124e-19,0
DTXSID8020759,102,3.1191566827757042e-06,0
DTXSID8020830,102,1.931115939681157e-07,0
DTXSID8020834,102,1.8785026597125245e-09,0
DTXSID8020838,102,4.742516459892174e-14,0
DTXSID8020880,102,2.7118728354972044e-18,0
DTXSID8020913,102,7.19627656312441e-05,0
DTXSID8020915,102,0.9964879294674552,1
DTXSID8020917,102,0.9998843209036583,1
DTXSID8020961,102,0.0,0
DTXSID8020963,102,2.065104084498878e-14,0
DTXSID8020965,102,1.8789854160563785e-08,0
DTXSID8020969,102,0.0,0
DTXSID8021062,102,0.0,0
DTXSID8021141,102,0.004271717134941564,0
DTXSID8021147,102,0.7412384633591517,0
DTXSID8021195,102,3.8497148651189975e-10,0
DTXSID8021199,102,5.01229414709578e-16,0
DTXSID8021224,102,1.562053826400127e-05,0
DTXSID8021272,102,0.0,0
DTXSID8021301,102,9.390306927537077e-11,0
DTXSID8021305,102,1.127716113813096e-12,0
DTXSID8021359,102,0.21913410129154404,0
DTXSID8021438,102,1.5059778438110936e-15,0
DTXSID8021513,102,5.923198221814271e-07,0
DTXSID8021515,102,1.657508368527596e-16,0
DTXSID8021517,102,0.0,0
DTXSID8021519,102,0.0,0
DTXSID8021640,102,6.049771116442083e-13,0
DTXSID8021642,102,0.0,0
DTXSID8021648,102,0.0,0
DTXSID8021721,102,1.55235611242281e-11,0
DTXSID8021725,102,3.711279797444132e-05,0
DTXSID8021771,102,3.0215108012151606e-05,0
DTXSID8021777,102,0.0,0
DTXSID8021800,102,0.0,0
DTXSID8021802,102,3.2074669166573882e-06,0
DTXSID8021804,102,0.0,0
DTXSID8021808,102,0.0005520117360246125,0
DTXSID8021856,102,1.683580904405053e-08,0
DTXSID8021931,102,2.711585570475247e-12,0
DTXSID8021937,102,6.721031598230191e-09,0
DTXSID8022036,102,0.0,0
DTXSID8022080,102,0.9997383971662002,1
DTXSID8022082,102,5.857813094317387e-06,0
DTXSID8022084,102,2.714167627159525e-11,0
DTXSID8022111,102,2.2631523273506573e-12,0
DTXSID8022113,102,2.2605114975754163e-09,0
DTXSID8022161,102,0.9895524382686606,1
DTXSID8022246,102,0.05378058102830173,0
DTXSID8022292,102,0.9891581118568941,1
DTXSID8022325,102,4.357110306899923e-20,0
DTXSID8022377,102,6.166600657955763e-10,0
DTXSID8022406,102,0.7158157174669592,0
DTXSID8022408,102,1.8077345806279859e-12,0
DTXSID8022589,102,5.049188619801322e-10,0
DTXSID8022666,102,1.262593289418578e-10,0
DTXSID8022741,102,5.613767129165734e-17,0
DTXSID8022824,102,0.0,0
DTXSID8022828,102,0.0,0
DTXSID8022959,102,0.0003248613051514164,0
DTXSID8023214,102,0.9999836206081936,1
DTXSID8023216,102,0.9999996684541174,1
DTXSID8023474,102,0.008565077431152788,0
DTXSID8023632,102,5.2468727985563304e-05,0
DTXSID8023688,102,4.2554679655158885e-13,0
DTXSID8023719,102,0.9999999499117707,1
DTXSID8023846,102,7.962772696697994e-17,0
DTXSID8023848,102,9.152848372801883e-07,0
DTXSID8023890,102,4.669149262541192e-13,0
DTXSID8023892,102,5.732392165503928e-12,0
DTXSID8023927,102,1.3657821533878732e-10,0
DTXSID8023973,102,3.902940644351521e-09,0
DTXSID8023977,102,4.01072711401083e-10,0
DTXSID8024072,102,2.211677517541385e-13,0
DTXSID8024101,102,0.0008617056226430252,0
DTXSID8024105,102,0.0,0
DTXSID8024107,102,1.7412362791713705e-05,0
DTXSID8024109,102,0.9999996835982582,1
DTXSID8024151,102,0.038263597386669526,0
DTXSID8024153,102,0.0,0
DTXSID8024157,102,0.2760160531835875,0
DTXSID8024159,102,1.1275455750940911e-05,0
DTXSID8024234,102,2.5915061420570554e-06,0
DTXSID8024238,102,2.03061162981729e-10,0
DTXSID8024280,102,0.1965082340498623,0
DTXSID8024284,102,8.742607564310543e-12,0
DTXSID8024311,102,0.0,0
DTXSID8024315,102,4.077352195827859e-11,0
DTXSID8024317,102,0.9955149194511905,1
DTXSID8024523,102,3.514299523460926e-07,0
DTXSID8024573,102,0.0,0
DTXSID8024600,102,1.5167042256270448e-10,0
DTXSID8024652,102,0.6928901657427782,0
DTXSID8024739,102,0.9980761936686102,1
DTXSID8024810,102,0.0,0
DTXSID8024814,102,2.7750944352324493e-12,0
DTXSID8024993,102,2.871510480721978e-08,0
DTXSID8024999,102,2.1315983346095475e-17,0
DTXSID8025094,102,0.0,0
DTXSID8025096,102,3.062552894998206e-07,0
DTXSID8025337,102,8.462164892977165e-13,0
DTXSID8025595,102,2.6905895457270744e-20,0
DTXSID8025599,102,1.0253402188679177e-15,0
DTXSID8025670,102,0.0,0
DTXSID8025707,102,8.87114098221474e-10,0
DTXSID8025886,102,0.9999923037074508,1
DTXSID8025961,102,0.0,0
DTXSID8026060,102,4.266165237405214e-15,0
DTXSID8026068,102,1.2862968438687175e-10,0
DTXSID8026141,102,3.3106842950505654e-10,0
DTXSID8026193,102,0.0,0
DTXSID8026224,102,0.0,0
DTXSID8026228,102,0.0,0
DTXSID8026303,102,6.69228020365748e-06,0
DTXSID8026307,102,5.915616238262641e-08,0
DTXSID8026436,102,4.9204170749279114e-18,0
DTXSID8026488,102,0.0,0
DTXSID8026513,102,5.6947413884462356e-05,0
DTXSID8026640,102,4.562018659557076e-11,0
DTXSID8026694,102,5.9879891185725e-18,0
DTXSID8026698,102,0.0,0
DTXSID8026725,102,0.9998272717731992,1
DTXSID8026727,102,4.027908017564478e-07,0
DTXSID8026773,102,7.037177212676661e-09,0
DTXSID8027032,102,1.3500984797617874e-12,0
DTXSID8027034,102,7.204510754743978e-17,0
DTXSID8027036,102,0.0,0
DTXSID8027086,102,0.9999999991890991,1
DTXSID8027240,102,1.5813673163672247e-09,0
DTXSID8027246,102,6.012081893945898e-14,0
DTXSID8027292,102,0.9999996385129996,1
DTXSID8027294,102,0.0,0
DTXSID8027323,102,0.9668633550624145,1
DTXSID8027373,102,0.0,0
DTXSID8027377,102,1.8819835666336258e-06,0
DTXSID8027402,102,0.0,0
DTXSID8027454,102,2.7550508812000282e-12,0
DTXSID8027581,102,1.6443615443950773e-14,0
DTXSID8027585,102,0.0,0
DTXSID8027589,102,0.0,0
DTXSID8027747,102,2.951561266144799e-15,0
DTXSID8027749,102,1.0464365723383605e-18,0
DTXSID8027793,102,2.584490995357236e-09,0
DTXSID8027795,102,1.162938677103943e-16,0
DTXSID8027797,102,3.602928776633615e-05,0
DTXSID8027826,102,0.09214969434441428,0
DTXSID8027870,102,2.7466357317589352e-12,0
DTXSID8027955,102,5.479836372334377e-14,0
DTXSID8027959,102,7.51487091671722e-16,0
DTXSID8029105,102,0.0,0
DTXSID8029153,102,6.118686607170221e-07,0
DTXSID8029157,102,0.9635875918153527,1
DTXSID8029159,102,0.0,0
DTXSID8029232,102,1.3870503779370807e-17,0
DTXSID8029282,102,0.9954266015070927,1
DTXSID8029286,102,2.1243672154821064e-09,0
DTXSID8029369,102,0.0019311337049499687,0
DTXSID8029600,102,0.0,0
DTXSID8029650,102,0.0,0
DTXSID8029868,102,1.0225132952770456e-05,0
DTXSID8030423,102,0.09057848844356382,0
DTXSID80310730,102,0.0,0
DTXSID8031077,102,0.00012026140192754492,0
DTXSID8031863,102,0.9999999622893893,1
DTXSID8031865,102,0.9999834421898759,1
DTXSID8032386,102,0.0007127634765132432,0
DTXSID8032417,102,0.32675395578304883,0
DTXSID8032463,102,2.0348218542215957e-12,0
DTXSID8032544,102,0.9329406149343674,1
DTXSID8032548,102,6.818085310162361e-10,0
DTXSID8032671,102,1.9788569103586974e-09,0
DTXSID8032673,102,0.9137194603848966,1
DTXSID8032675,102,4.063735531694159e-07,0
DTXSID8033562,102,0.8351992540881562,0
DTXSID8033566,102,1.3794174501861842e-08,0
DTXSID8034241,102,0.0001575405854207791,0
DTXSID8034324,102,0.9999861032985058,1
DTXSID8034372,102,5.925908724667501e-05,0
DTXSID8034376,102,1.4175695481247833e-08,0
DTXSID8034401,102,2.908926949926792e-05,0
DTXSID8034538,102,2.456121887572305e-09,0
DTXSID8034580,102,0.9829835808155988,1
DTXSID8034586,102,2.095222351329496e-06,0
DTXSID8034588,102,0.9788124595153779,1
DTXSID8034665,102,0.002328979529676431,0
DTXSID8034742,102,0.0001906523061443972,0
DTXSID8034792,102,0.0030403957718658802,0
DTXSID8034823,102,8.485039089479149e-05,0
DTXSID8034871,102,5.404159228414848e-08,0
DTXSID8034877,102,0.9997676751337692,1
DTXSID8034956,102,0.9999866081737672,1
DTXSID8035001,102,0.9999991672139127,1
DTXSID8035180,102,0.9999944210153185,1
DTXSID8035217,102,2.887324291363329e-09,0
DTXSID8035423,102,0.0,0
DTXSID80375107,102,0.0,0
DTXSID8037596,102,0.0,0
DTXSID8037706,102,0.9999325565577102,1
DTXSID8037708,102,0.999998760740389,1
DTXSID8037750,102,6.637296596886437e-13,0
DTXSID8037752,102,0.9221539340223813,1
DTXSID8037754,102,0.0,0
DTXSID8037756,102,7.02759080217529e-18,0
DTXSID80379721,102,0.0,0
DTXSID80379781,102,2.189455867398524e-12,0
DTXSID80380837,102,0.9999999380841793,1
DTXSID80382093,102,4.651062740488446e-17,0
DTXSID80382154,102,0.9994283823365538,1
DTXSID8038770,102,2.5800469487681497e-09,0
DTXSID8038801,102,1.0931471003955772e-17,0
DTXSID8038855,102,0.0,0
DTXSID8040145,102,1.275884943485044e-10,0
DTXSID8040222,102,0.5568131377365051,0
DTXSID8040274,102,0.0,0
DTXSID8040278,102,0.8689267490752464,0
DTXSID8040484,102,9.261343625921742e-11,0
DTXSID8040694,102,4.1858776854172906e-10,0
DTXSID8040698,102,0.958260741111652,1
DTXSID8040721,102,1.6158026691896197e-09,0
DTXSID8040723,102,3.87737619672743e-12,0
DTXSID8040725,102,1.8801494836185216e-18,0
DTXSID8040775,102,0.0,0
DTXSID8040779,102,3.911317220206727e-05,0
DTXSID8040800,102,0.0,0
DTXSID8041117,102,0.0,0
DTXSID8041242,102,1.1269737258332754e-05,0
DTXSID8041246,102,4.851050073368653e-12,0
DTXSID8041248,102,0.9999959479894853,1
DTXSID8041298,102,0.0,0
DTXSID8041321,102,2.4234683164955307e-10,0
DTXSID8041327,102,8.403902910632866e-12,0
DTXSID8041371,102,2.1592426154906073e-09,0
DTXSID8041379,102,0.5826329152226025,0
DTXSID8041400,102,0.0,0
DTXSID8041610,102,2.5864028129047076e-08,0
DTXSID8041668,102,1.03256414615502e-16,0
DTXSID8041745,102,0.9999921181789706,1
DTXSID8041901,102,1.9530257571973044e-17,0
DTXSID8041909,102,2.2028461860599282e-11,0
DTXSID8041955,102,4.614244421895909e-09,0
DTXSID8041957,102,0.0,0
DTXSID8042006,102,1.2038136790028893e-09,0
DTXSID8042052,102,0.0036486754829299886,0
DTXSID8042187,102,1.2459266814336681e-11,0
DTXSID8042189,102,1.2762822712150447e-15,0
DTXSID8042210,102,4.230184054796813e-07,0
DTXSID8042264,102,0.0,0
DTXSID8042343,102,0.0,0
DTXSID8042349,102,0.7529154730029592,0
DTXSID8042399,102,0.41169305222143004,0
DTXSID8042422,102,0.0,0
DTXSID8042424,102,7.243727934560676e-07,0
DTXSID8042426,102,6.056512756567255e-13,0
DTXSID8042478,102,0.9278775515165154,1
DTXSID8042503,102,0.0,0
DTXSID8042507,102,0.9999940558764242,1
DTXSID8043941,102,1.5331234909823068e-14,0
DTXSID8044175,102,0.9999999934817747,1
DTXSID8044177,102,0.9922036931451714,1
DTXSID8044200,102,0.0,0
DTXSID8044202,102,1.633046470624407e-18,0
DTXSID8044337,102,2.85973563586442e-05,0
DTXSID8044381,102,0.9997176209170754,1
DTXSID8044383,102,0.0,0
DTXSID8044385,102,2.361475756620823e-09,0
DTXSID8044389,102,1.573601569206882e-08,0
DTXSID8044416,102,2.100766313463897e-09,0
DTXSID8044462,102,1.3493759600364448e-14,0
DTXSID8044464,102,0.0,0
DTXSID8044541,102,3.569068191316607e-18,0
DTXSID8044543,102,1.4928425546214349e-05,0
DTXSID8044545,102,2.1785777168839293e-12,0
DTXSID8044547,102,3.53311036386397e-05,0
DTXSID8044593,102,0.17956881347039233,0
DTXSID8044595,102,0.9993489484380331,1
DTXSID8044620,102,3.2088698201944215e-10,0
DTXSID8044676,102,0.8732861940393822,0
DTXSID8044678,102,7.308007114652837e-18,0
DTXSID8044703,102,1.6665329332500475e-09,0
DTXSID8044753,102,1.9902398622083213e-07,0
DTXSID8044755,102,1.0746114787794466e-07,0
DTXSID8044757,102,0.0,0
DTXSID8044759,102,0.0,0
DTXSID8044830,102,2.287712591494587e-14,0
DTXSID8044832,102,1.1649211503184366e-05,0
DTXSID8044836,102,0.9853901704001783,1
DTXSID8044880,102,0.0,0
DTXSID8044882,102,1.7862690502717806e-15,0
DTXSID8044886,102,0.0,0
DTXSID8044888,102,0.0,0
DTXSID8044911,102,2.502900402404869e-16,0
DTXSID8044913,102,4.943219194050399e-16,0
DTXSID8044969,102,1.0,1
DTXSID8045191,102,0.0,0
DTXSID8046614,102,0.0,0
DTXSID8047000,102,0.0008416789807036738,0
DTXSID8047050,102,0.0,0
DTXSID8047052,102,8.836082998108775e-08,0
DTXSID8047056,102,0.0,0
DTXSID8047058,102,7.50750947092102e-15,0
DTXSID8047131,102,9.28774831677751e-09,0
DTXSID8047133,102,2.969081075641959e-06,0
DTXSID8047135,102,4.334097733134778e-07,0
DTXSID8047137,102,2.801034675029106e-10,0
DTXSID8047139,102,6.427959096783094e-07,0
DTXSID8047185,102,3.446176206800486e-10,0
DTXSID8047187,102,9.665938587498856e-07,0
DTXSID8047189,102,2.51213266151082e-09,0
DTXSID8047218,102,0.0,0
DTXSID8047262,102,0.950591802324336,1
DTXSID8047264,102,0.3816205071659499,0
DTXSID8047266,102,0.5748764222844295,0
DTXSID8047268,102,0.9999998236412178,1
DTXSID8047341,102,0.9964797091809134,1
DTXSID8047347,102,0.16820650742826054,0
DTXSID8047349,102,4.1200175463960537e-14,0
DTXSID8047391,102,1.9786531684128666e-13,0
DTXSID8047395,102,5.768316629134396e-10,0
DTXSID8047399,102,3.7894301069453204e-15,0
DTXSID8047420,102,9.083339709473691e-07,0
DTXSID8047422,102,0.010444835830583038,0
DTXSID8047424,102,6.097368071216973e-05,0
DTXSID8047426,102,8.912903606395842e-07,0
DTXSID8047470,102,0.0,0
DTXSID8047472,102,0.0,0
DTXSID8047505,102,0.9999992341831464,1
DTXSID8047551,102,0.9998572780678322,1
DTXSID8047553,102,0.9999999986748642,1
DTXSID8047559,102,0.0,0
DTXSID8047636,102,0.0,0
DTXSID8047682,102,5.878928564847154e-11,0
DTXSID8047684,102,1.1013161387317322e-08,0
DTXSID8047686,102,7.752777898815396e-08,0
DTXSID8047713,102,0.0,0
DTXSID8047717,102,8.840858541025334e-09,0
DTXSID8047769,102,0.0,0
DTXSID8047890,102,0.7686505123630522,0
DTXSID8048494,102,2.5910904528217993e-12,0
DTXSID8048521,102,0.0,0
DTXSID8051419,102,0.0,0
DTXSID8051540,102,0.0,0
DTXSID8051542,102,0.0,0
DTXSID8051544,102,1.6571148818608989e-10,0
DTXSID8051629,102,0.0,0
DTXSID8051704,102,0.006483828029642493,0
DTXSID8051708,102,0.0,0
DTXSID8051754,102,9.843507386074909e-11,0
DTXSID8051914,102,0.999995888446449,1
DTXSID8052017,102,0.0,0
DTXSID8052198,102,0.0,0
DTXSID8052300,102,0.0,0
DTXSID8052308,102,0.0,0
DTXSID8052641,102,1.912837830501513e-11,0
DTXSID8052693,102,0.0,0
DTXSID8052724,102,6.06939747579991e-08,0
DTXSID8059920,102,0.9999372904806071,1
DTXSID8059926,102,0.0,0
DTXSID8059928,102,2.2250740436527722e-13,0
DTXSID8059970,102,0.0,0
DTXSID80858869,102,3.7887206883658095e-19,0
DTXSID80858884,102,4.46517026216109e-09,0
DTXSID80858889,102,0.0002418875112816914,0
DTXSID80858900,102,0.0,0
DTXSID80858905,102,1.254742019740731e-10,0
DTXSID80858920,102,6.89356769313027e-17,0
DTXSID80872707,102,4.536075646101136e-08,0
DTXSID80872722,102,0.0,0
DTXSID80872727,102,3.926965663019093e-12,0
DTXSID80872742,102,1.4553340958377217e-08,0
DTXSID80872747,102,1.1153474738159956e-06,0
DTXSID80881157,102,1.171339410565955e-11,0
DTXSID80903828,102,0.0,0
DTXSID80903843,102,0.0,0
DTXSID80903848,102,0.0,0
DTXSID80903863,102,0.0,0
DTXSID80903868,102,0.0,0
DTXSID80903883,102,0.0,0
DTXSID80903888,102,0.0,0
DTXSID901339556,102,0.9999526867962609,1
DTXSID901351485,102,0.9999295112498572,1
DTXSID90174941,102,0.9998681150009787,1
DTXSID90190949,102,4.3732914867846655e-07,0
DTXSID9020087,102,3.55207089597473e-15,0
DTXSID9020089,102,0.9974764780712605,1
DTXSID9020110,102,0.0,0
DTXSID9020112,102,7.11506219283826e-06,0
DTXSID9020114,102,2.302827096513889e-13,0
DTXSID9020116,102,4.5361640613190395e-13,0
DTXSID9020118,102,1.2761372433285121e-08,0
DTXSID9020160,102,0.0001458943394812314,0
DTXSID9020164,102,0.0,0
DTXSID9020168,102,0.0,0
DTXSID9020243,102,0.0006683951881213212,0
DTXSID9020247,102,0.9987645620194658,1
DTXSID9020249,102,0.0,0
DTXSID9020293,102,0.40697843709590387,0
DTXSID9020295,102,0.0,0
DTXSID9020299,102,0.06938053534965018,0
DTXSID9020322,102,4.01959701402866e-20,0
DTXSID9020370,102,3.514719456134666e-06,0
DTXSID9020372,102,0.999999161424218,1
DTXSID9020374,102,0.9999921128615903,1
DTXSID9020376,102,0.0,0
DTXSID9020378,102,5.640911766225933e-06,0
DTXSID9020401,102,3.350580845016468e-12,0
DTXSID9020407,102,0.9951819297422565,1
DTXSID9020409,102,1.934334185638322e-05,0
DTXSID9020451,102,5.145595385859891e-09,0
DTXSID9020453,102,1.2544771344113746e-05,0
DTXSID9020580,102,5.089775386341874e-13,0
DTXSID9020582,102,0.9993665977082105,1
DTXSID9020617,102,0.7897696154837457,0
DTXSID9020663,102,1.0902121852429185e-08,0
DTXSID9020740,102,0.9996967658393413,1
DTXSID9020790,102,0.9991166815222021,1
DTXSID9020792,102,0.0,0
DTXSID9020794,102,1.2247558236070023e-05,0
DTXSID9020827,102,3.896504733188646e-10,0
DTXSID9020829,102,2.861094768897814e-19,0
DTXSID9020877,102,6.797063312108789e-10,0
DTXSID9020902,102,0.0,0
DTXSID9020956,102,0.0,0
DTXSID9020958,102,6.8542710831117025e-06,0
DTXSID9021053,102,0.0,0
DTXSID9021130,102,0.05240407910943312,0
DTXSID9021134,102,3.6504312097233197e-09,0
DTXSID9021136,102,0.0006867805483037832,0
DTXSID9021138,102,1.8099384202857545e-05,0
DTXSID9021182,102,1.935439255111726e-13,0
DTXSID9021184,102,5.052505457414385e-13,0
DTXSID9021188,102,0.0,0
DTXSID9021215,102,8.001800280385269e-19,0
DTXSID9021217,102,0.9810787071324628,1
DTXSID9021342,102,0.9999910354968061,1
DTXSID9021344,102,0.9972935318490799,1
DTXSID9021346,102,2.0781740944817007e-07,0
DTXSID9021348,102,0.0,0
DTXSID9021390,102,1.551317433966307e-18,0
DTXSID9021392,102,2.608039127605518e-07,0
DTXSID9021427,102,0.0,0
DTXSID9021477,102,9.823583699643358e-10,0
DTXSID9021479,102,0.0,0
DTXSID9021550,102,0.0,0
DTXSID9021554,102,0.9999998216489836,1
DTXSID9021635,102,0.11020893163566248,0
DTXSID9021639,102,0.9971061152716222,1
DTXSID9021683,102,5.6796131607762384e-05,0
DTXSID9021689,102,0.0,0
DTXSID9021710,102,2.5097095225486026e-09,0
DTXSID9021716,102,0.9999510105806462,1
DTXSID9021764,102,0.0,0
DTXSID9021843,102,1.4174576342147174e-11,0
DTXSID9021847,102,0.0,0
DTXSID9021897,102,0.019645122456167362,0
DTXSID9021922,102,0.0,0
DTXSID9021928,102,0.0,0
DTXSID9021974,102,2.579064586474893e-10,0
DTXSID9021976,102,1.3826626277106009e-05,0
DTXSID9021978,102,0.0,0
DTXSID9022100,102,3.980182026708632e-08,0
DTXSID9022104,102,6.643459490886038e-11,0
DTXSID9022310,102,0.9363727519143751,1
DTXSID9022312,102,0.8717663433051445,0
DTXSID9022360,102,4.1344375310942314e-05,0
DTXSID9022364,102,0.9522431454679222,1
DTXSID9022366,102,3.988638822812659e-06,0
DTXSID9022445,102,0.9999336270299707,1
DTXSID9022520,102,3.7973435017157725e-19,0
DTXSID9022522,102,0.9999998033767363,1
DTXSID9022524,102,4.5853987993254046e-10,0
DTXSID9022526,102,0.9998306540486062,1
DTXSID9022528,102,0.9974019144431909,1
DTXSID9022607,102,0.0,0
DTXSID9022817,102,0.0,0
DTXSID9023041,102,9.329284522001934e-11,0
DTXSID9023201,102,0.9901226738576088,1
DTXSID9023380,102,8.817581871289412e-09,0
DTXSID9023419,102,1.528173513907249e-11,0
DTXSID9023706,102,0.0,0
DTXSID9023752,102,0.999999311060779,1
DTXSID9023833,102,3.213619367058456e-09,0
DTXSID9023881,102,0.9924051838079799,1
DTXSID9023889,102,0.7670586060313125,0
DTXSID9023914,102,9.759805571728046e-08,0
DTXSID9024015,102,1.2347793378312964e-05,0
DTXSID9024063,102,0.0,0
DTXSID9024065,102,2.6792721228546096e-20,0
DTXSID9024194,102,0.9993127089260622,1
DTXSID9024304,102,6.318935824383464e-09,0
DTXSID9024431,102,1.0415242328926574e-05,0
DTXSID9024485,102,1.5421580273041725e-08,0
DTXSID9024489,102,0.0030720415325640096,0
DTXSID9024512,102,7.442792175227167e-08,0
DTXSID9024568,102,6.750354236017482e-19,0
DTXSID9024691,102,7.255447827434092e-10,0
DTXSID9024699,102,0.7830123733580489,0
DTXSID9024809,102,0.0,0
DTXSID9024930,102,0.5815738197645945,0
DTXSID9024934,102,0.988720875427513,1
DTXSID9024986,102,0.8362481672630766,0
DTXSID9025035,102,0.9527658413729138,1
DTXSID9025110,102,0.9982606327649444,1
DTXSID9025164,102,0.00011076051675644706,0
DTXSID9025243,102,0.059055392798452504,0
DTXSID9025291,102,6.648280131631407e-10,0
DTXSID9025293,102,0.0,0
DTXSID9025297,102,1.735381018268324e-11,0
DTXSID9025401,102,0.7203546787898931,0
DTXSID9025403,102,1.2688211563146492e-10,0
DTXSID9025451,102,1.8031240130359785e-12,0
DTXSID9025453,102,0.00011644454793254302,0
DTXSID9025536,102,1.1257891587294994e-06,0
DTXSID9025588,102,0.0,0
DTXSID9025796,102,0.0,0
DTXSID9025873,102,0.0,0
DTXSID9026130,102,0.0,0
DTXSID9026132,102,4.092893505101994e-10,0
DTXSID9026261,102,0.0,0
DTXSID9026265,102,0.0,0
DTXSID9026267,102,5.242844662977562e-11,0
DTXSID9026342,102,0.0,0
DTXSID9026500,102,1.396960618779727e-12,0
DTXSID9026558,102,6.682126133860831e-13,0
DTXSID9026689,102,0.0,0
DTXSID9026712,102,1.6650267608909296e-13,0
DTXSID9026841,102,3.3174759796866627e-06,0
DTXSID9026922,102,2.9660897083868726e-17,0
DTXSID9026926,102,0.9824725087167439,1
DTXSID9026974,102,0.9391347482722707,1
DTXSID9027021,102,0.0,0
DTXSID9027233,102,0.0,0
DTXSID9027281,102,5.531565374593517e-10,0
DTXSID9027312,102,8.934698471636267e-07,0
DTXSID9027360,102,6.382283421226294e-10,0
DTXSID9027364,102,6.280496513598575e-09,0
DTXSID90274132,102,1.3555147972137858e-22,0
DTXSID9027441,102,2.525722281865761e-14,0
DTXSID9027443,102,1.5729859529593032e-06,0
DTXSID9027520,102,1.3734970187467505e-08,0
DTXSID9027522,102,4.048979120151587e-09,0
DTXSID9027528,102,0.6876976065660643,0
DTXSID90275806,102,7.30402188364545e-10,0
DTXSID9027603,102,8.071887668032351e-14,0
DTXSID9027653,102,0.9999763077970053,1
DTXSID9027738,102,0.0,0
DTXSID9027863,102,1.3731102219100872e-17,0
DTXSID90285748,102,0.0,0
DTXSID9029146,102,1.3618123153891705e-07,0
DTXSID9029192,102,3.0065633732373144e-11,0
DTXSID9029221,102,1.2430087589140506e-06,0
DTXSID9029223,102,1.0342462557574443e-05,0
DTXSID9029225,102,0.0,0
DTXSID9029302,102,0.0,0
DTXSID9029304,102,0.9999966067236585,1
DTXSID9029649,102,2.28296715307159e-13,0
DTXSID90315130,102,0.9922930362610177,1
DTXSID9032113,102,7.269235059207038e-18,0
DTXSID9032327,102,0.9830723513789746,1
DTXSID9032329,102,1.4322140777670536e-11,0
DTXSID9032375,102,0.0,0
DTXSID9032379,102,0.0022278982852649287,0
DTXSID9032406,102,0.0,0
DTXSID9032531,102,0.9407418223805732,1
DTXSID9032533,102,0.999203725206535,1
DTXSID9032535,102,2.6773341065318163e-10,0
DTXSID9032537,102,0.9991636440604629,1
DTXSID9032581,102,1.7644593038825627e-08,0
DTXSID9032589,102,0.9999984675660505,1
DTXSID9032610,102,0.24525247921699916,0
DTXSID9033058,102,0.0,0
DTXSID9033187,102,0.0,0
DTXSID9033923,102,1.4496117581916598e-06,0
DTXSID9034232,102,3.034101075275419e-19,0
DTXSID9034282,102,4.3496807074195393e-07,0
DTXSID9034286,102,0.9483108280584941,1
DTXSID9034317,102,1.3637665116117313e-15,0
DTXSID9034361,102,5.234277122578011e-10,0
DTXSID9034365,102,0.0,0
DTXSID9034490,102,0.0,0
DTXSID9034492,102,0.9988337730256182,1
DTXSID9034496,102,0.8023837783697602,0
DTXSID9034573,102,2.100512368421494e-09,0
DTXSID9034650,102,0.3771984452682635,0
DTXSID9034737,102,0.03836093618288616,0
DTXSID9034816,102,7.782639126704062e-10,0
DTXSID9034818,102,6.623204551850392e-09,0
DTXSID9034864,102,1.6570988600736367e-15,0
DTXSID9034868,102,0.05586783978357533,0
DTXSID9034997,102,1.5620362828984529e-06,0
DTXSID9035175,102,0.0,0
DTXSID9035204,102,0.9999988852832905,1
DTXSID9036226,102,0.9978948591119584,1
DTXSID9036438,102,4.984674940567004e-15,0
DTXSID9036515,102,1.6511261578040903e-05,0
DTXSID9036646,102,1.1058569423266208e-09,0
DTXSID9036690,102,0.5917334190104343,0
DTXSID9036933,102,1.0732564882132344e-08,0
DTXSID90371872,102,0.0,0
DTXSID9037535,102,2.978497289878248e-07,0
DTXSID9037539,102,0.0,0
DTXSID9037616,102,0.0,0
DTXSID9037741,102,0.011379806555376579,0
DTXSID9037745,102,0.0010990473000282036,0
DTXSID9037749,102,0.9999999976565099,1
DTXSID90382620,102,0.9764618866334165,1
DTXSID9038840,102,0.0,0
DTXSID9040001,102,6.244734991340756e-06,0
DTXSID9040134,102,0.0,0
DTXSID9040215,102,0.0,0
DTXSID9040269,102,2.0694149443131282e-06,0
DTXSID9040342,102,2.5047507429186764e-14,0
DTXSID9040635,102,4.4830216920186335e-06,0
DTXSID9040710,102,1.0583070945457422e-13,0
DTXSID9040712,102,0.9999857950992024,1
DTXSID9040716,102,3.727679797928464e-06,0
DTXSID9040718,102,0.0,0
DTXSID9040760,102,0.9999990049265569,1
DTXSID9041233,102,0.0,0
DTXSID9041237,102,4.140453274003733e-09,0
DTXSID9041289,102,0.0,0
DTXSID9041362,102,1.1890180589065674e-19,0
DTXSID9041366,102,2.416146587550931e-14,0
DTXSID9041368,102,5.319036765109597e-16,0
DTXSID9041441,102,0.0,0
DTXSID9041491,102,0.0050167042329524415,0
DTXSID9041520,102,1.5124007396170103e-15,0
DTXSID9041528,102,0.0,0
DTXSID9041570,102,8.772217185834205e-07,0
DTXSID9041653,102,0.0,0
DTXSID9041813,102,1.0770976884643282e-17,0
DTXSID9041815,102,0.0,0
DTXSID9041861,102,1.2527846754773177e-12,0
DTXSID9042097,102,0.0,0
DTXSID9042209,102,0.0,0
DTXSID9042336,102,0.0,0
DTXSID9042382,102,0.9636328409609132,1
DTXSID9042415,102,0.0,0
DTXSID9043855,102,0.0070031597178835635,0
DTXSID9043938,102,0.0027248697548491792,0
DTXSID9044164,102,0.023519858460542935,0
DTXSID9044320,102,0.0,0
DTXSID9044370,102,4.4116406097181714e-17,0
DTXSID9044372,102,4.4190624048856425e-08,0
DTXSID9044374,102,2.4160812360724454e-11,0
DTXSID9044403,102,0.00026217969717280654,0
DTXSID9044409,102,1.0195345723228093e-18,0
DTXSID9044457,102,0.0,0
DTXSID9044459,102,3.6099433666798963e-10,0
DTXSID9044532,102,0.008975933684460658,0
DTXSID9044534,102,0.0,0
DTXSID9044536,102,0.9191622527637685,1
DTXSID9044538,102,3.616480238145656e-08,0
DTXSID9044580,102,0.0,0
DTXSID9044582,102,6.609836262406419e-05,0
DTXSID9044615,102,0.00044887732723496474,0
DTXSID9044661,102,3.0895276835811163e-12,0
DTXSID9044663,102,0.0,0
DTXSID9044742,102,1.275335872018305e-10,0
DTXSID9044744,102,2.9500505976465094e-13,0
DTXSID9044746,102,0.0,0
DTXSID9044790,102,0.018013780838778293,0
DTXSID9044794,102,5.659725641469963e-09,0
DTXSID9044796,102,0.999997137645852,1
DTXSID9044798,102,0.0,0
DTXSID9044821,102,0.9830781946715585,1
DTXSID9044823,102,1.1997690058322692e-07,0
DTXSID9044825,102,0.0,0
DTXSID9044827,102,0.0,0
DTXSID9044871,102,1.0417433569921429e-08,0
DTXSID9044873,102,0.6426057956609652,0
DTXSID9044902,102,0.9947377066002113,1
DTXSID9044904,102,1.8297089648343872e-10,0
DTXSID9044950,102,0.0,0
DTXSID9044958,102,0.0,0
DTXSID9046992,102,0.0,0
DTXSID9046998,102,7.483548484864178e-10,0
DTXSID9047045,102,1.5174355637047352e-18,0
DTXSID9047049,102,0.0,0
DTXSID9047091,102,1.0879079663404388e-08,0
DTXSID9047093,102,4.7947319373420986e-05,0
DTXSID9047095,102,0.0,0
DTXSID9047099,102,0.9999996604732843,1
DTXSID9047120,102,1.6601072482903987e-07,0
DTXSID9047124,102,8.48804526071403e-17,0
DTXSID9047126,102,2.6504505363884687e-13,0
DTXSID9047128,102,0.0,0
DTXSID9047174,102,0.6837672520347852,0
DTXSID9047178,102,1.081132394275193e-05,0
DTXSID9047201,102,4.139492361066031e-10,0
DTXSID9047203,102,7.628916761391954e-14,0
DTXSID9047205,102,0.0003265497359448216,0
DTXSID9047251,102,7.351666816120152e-14,0
DTXSID9047253,102,0.9999999226730627,1
DTXSID9047255,102,5.077269577847623e-16,0
DTXSID9047257,102,1.1626072071835008e-17,0
DTXSID9047259,102,0.29555141480417363,0
DTXSID9047330,102,0.877178807146662,0
DTXSID9047334,102,0.9959632631551012,1
DTXSID9047338,102,0.9999999999058115,1
DTXSID9047411,102,0.010660194191075814,0
DTXSID9047413,102,0.9998402596939768,1
DTXSID9047415,102,0.12372613986777428,0
DTXSID9047419,102,0.001477791033781149,0
DTXSID9047461,102,2.6395466140275173e-11,0
DTXSID9047463,102,0.0,0
DTXSID9047465,102,2.8526220767056674e-06,0
DTXSID9047467,102,2.850207781602836e-11,0
DTXSID9047469,102,0.0,0
DTXSID9047540,102,0.9999999982619947,1
DTXSID9047542,102,0.990377703626252,1
DTXSID9047546,102,1.689650452718444e-11,0
DTXSID9047590,102,4.988614356090002e-06,0
DTXSID9047592,102,1.5563493498185755e-19,0
DTXSID9047594,102,0.4379917224121682,0
DTXSID9047598,102,0.9026291847831076,1
DTXSID9047623,102,1.2357772888820852e-09,0
DTXSID9047629,102,0.9999990405787081,1
DTXSID9047679,102,3.2426353777244225e-05,0
DTXSID9047700,102,6.245535671217637e-07,0
DTXSID9047702,102,7.693557207581519e-11,0
DTXSID9047706,102,1.0419457732450345e-14,0
DTXSID9047708,102,1.7809769853867892e-07,0
DTXSID9048190,102,2.0620801291614355e-15,0
DTXSID9048192,102,0.0,0
DTXSID9048194,102,4.3886924129001215e-09,0
DTXSID9048196,102,9.536664950650183e-16,0
DTXSID9048198,102,0.0,0
DTXSID9048510,102,0.9729600053221403,1
DTXSID9048512,102,0.9956135966862077,1
DTXSID9048514,102,0.5902945446217938,0
DTXSID9048516,102,0.7595417174114865,0
DTXSID9048518,102,0.5755780496060137,0
DTXSID9051454,102,0.0,0
DTXSID9051581,102,3.0881763539451006e-21,0
DTXSID9051618,102,0.0,0
DTXSID9051662,102,0.0,0
DTXSID9051824,102,8.59014372950257e-17,0
DTXSID9051907,102,0.0,0
DTXSID9052505,102,1.1220390407283984e-15,0
DTXSID9052509,102,0.0,0
DTXSID9052682,102,0.0,0
DTXSID9052846,102,3.7828640932265857e-16,0
DTXSID9052890,102,1.2659576144011059e-08,0
DTXSID9052892,102,0.28330284542806333,0
DTXSID9052894,102,0.0,0
DTXSID9052896,102,0.0,0
DTXSID9052898,102,6.431617619798276e-08,0
DTXSID90558000,102,1.1300658866488315e-17,0
DTXSID9057890,102,1.6669886577987982e-07,0
DTXSID9058654,102,0.4956840352046678,0
DTXSID9059832,102,0.0,0
DTXSID9059834,102,0.0,0
DTXSID9059919,102,0.0,0
DTXSID9059969,102,4.9198910229184666e-06,0
DTXSID9061881,102,0.0,0
DTXSID90858870,102,1.4503261745487097e-17,0
DTXSID90858875,102,2.6529090131477944e-11,0
DTXSID90858890,102,3.5779027262038165e-06,0
DTXSID90858895,102,1.1024506338564738e-05,0
DTXSID90858911,102,0.0010109685703469861,0
DTXSID90858916,102,3.7663786528933195e-11,0
DTXSID90868151,102,3.2267625174943096e-07,0
DTXSID90872713,102,1.684958357659038e-14,0
DTXSID90872718,102,6.734104241930673e-16,0
DTXSID90872733,102,4.6341044183537426e-11,0
DTXSID90872738,102,3.628678942730454e-06,0
DTXSID90872753,102,2.273691501360075e-20,0
DTXSID90880131,102,0.0,0
DTXSID90880156,102,1.3467721507836668e-05,0
DTXSID90903834,102,0.0,0
DTXSID90903839,102,0.0,0
DTXSID90903854,102,0.0,0
DTXSID90903859,102,0.0,0
DTXSID90903874,102,0.0,0
DTXSID90903879,102,0.0,0
DTXSID90903894,102,0.0,0
