dtxsid,aeid,hitc_clean,active
DTXSID001339559,110,4.919570138666751e-16,0
DTXSID001351795,110,7.070774899054227e-10,0
DTXSID001351802,110,0.0,0
DTXSID00190950,110,0.9999973388434276,1
DTXSID00192353,110,3.782511177889552e-06,0
DTXSID00194615,110,9.953267151797276e-08,0
DTXSID0020020,110,2.1652908448671027e-17,0
DTXSID0020022,110,2.479370600382643e-07,0
DTXSID0020072,110,1.0661732145287737e-08,0
DTXSID0020076,110,3.557979328477333e-20,0
DTXSID0020105,110,3.4129040861904186e-08,0
DTXSID0020107,110,1.7338300225984155e-15,0
DTXSID0020151,110,0.0,0
DTXSID0020232,110,5.809016675125309e-08,0
DTXSID0020236,110,2.610797572517585e-06,0
DTXSID0020280,110,1.409578086773301e-09,0
DTXSID0020282,110,7.365821202784395e-09,0
DTXSID0020284,110,0.041310003021263406,0
DTXSID0020286,110,0.0,0
DTXSID0020288,110,7.98577816338335e-05,0
DTXSID0020311,110,1.1981951169196142e-09,0
DTXSID0020319,110,8.200365927142578e-09,0
DTXSID0020361,110,0.0,0
DTXSID0020365,110,1.7834051679900872e-11,0
DTXSID0020440,110,0.0024062087778355806,0
DTXSID0020442,110,5.233524369430288e-08,0
DTXSID0020446,110,0.0006937121503936291,0
DTXSID0020494,110,2.8177903068682257e-17,0
DTXSID0020498,110,0.0,0
DTXSID0020523,110,2.5716237036612607e-13,0
DTXSID0020529,110,0.0003965902289790397,0
DTXSID0020573,110,1.9913694303354302e-05,0
DTXSID0020575,110,1.828844655354619e-07,0
DTXSID0020577,110,0.0,0
DTXSID0020604,110,1.6407412095802049e-16,0
DTXSID0020606,110,5.776971998814391e-08,0
DTXSID0020652,110,0.0,0
DTXSID0020654,110,2.573943198449301e-10,0
DTXSID0020656,110,0.0,0
DTXSID0020737,110,5.7309573186820466e-11,0
DTXSID0020814,110,0.7284985105320566,0
DTXSID0020941,110,4.120031293771007e-16,0
DTXSID0020943,110,6.5880288332089556e-06,0
DTXSID0021040,110,4.6998789475839524e-08,0
DTXSID0021094,110,0.0,0
DTXSID0021121,110,4.895606160085222e-07,0
DTXSID0021123,110,0.0,0
DTXSID0021125,110,0.9999642660627299,1
DTXSID0021175,110,3.181800900480183e-11,0
DTXSID0021206,110,0.012720991376817871,0
DTXSID0021254,110,0.0,0
DTXSID0021256,110,4.381134080934139e-09,0
DTXSID0021331,110,2.0521457144795557e-08,0
DTXSID0021333,110,3.862960127340362e-13,0
DTXSID0021337,110,4.281799884938391e-08,0
DTXSID0021339,110,1.244137779697607e-06,0
DTXSID0021385,110,4.5518325936773824e-07,0
DTXSID0021389,110,6.101766532964334e-07,0
DTXSID0021414,110,0.0,0
DTXSID0021460,110,1.5250451668300723e-06,0
DTXSID0021464,110,6.510711849328871e-08,0
DTXSID0021543,110,1.7386614090411098e-17,0
DTXSID0021597,110,6.912197537600573e-06,0
DTXSID0021626,110,0.0,0
DTXSID0021628,110,1.941750574314736e-09,0
DTXSID0021757,110,1.6157542247355678e-08,0
DTXSID0021759,110,0.0009603459267731399,0
DTXSID0021832,110,1.1437474356998808e-06,0
DTXSID0021834,110,6.349308720314636e-08,0
DTXSID0021836,110,4.98917884700375e-07,0
DTXSID0021888,110,1.3812196309832214e-08,0
DTXSID0021915,110,6.472320897893737e-07,0
DTXSID0021961,110,0.0001635831865865409,0
DTXSID0021963,110,3.6440336162937373e-10,0
DTXSID0021965,110,0.0,0
DTXSID0021969,110,1.2885737928396545e-06,0
DTXSID0022012,110,6.107526647598645e-06,0
DTXSID0022014,110,2.2585754911389845e-09,0
DTXSID0022016,110,5.081444329957359e-06,0
DTXSID0022018,110,4.901536726788868e-08,0
DTXSID0022062,110,3.5728227738002395e-19,0
DTXSID0022191,110,2.5198366453350637e-05,0
DTXSID0022193,110,1.2054523676901856e-06,0
DTXSID0022301,110,0.0,0
DTXSID0022305,110,0.0,0
DTXSID0022307,110,0.0014314501898397259,0
DTXSID0022353,110,0.007105026489157219,0
DTXSID00223797,110,2.030840293184197e-07,0
DTXSID0022436,110,1.7398026929865762e-05,0
DTXSID0022480,110,4.044228415961579e-11,0
DTXSID0022519,110,0.10673099410795454,0
DTXSID0022563,110,5.915926542717881e-13,0
DTXSID0022777,110,0.00033381869825676425,0
DTXSID0022933,110,0.9996118394095362,1
DTXSID0023113,110,0.0,0
DTXSID0023244,110,4.5652997251808524e-07,0
DTXSID0023296,110,0.12882901940300337,0
DTXSID0023371,110,2.532169189121797e-07,0
DTXSID0023377,110,6.142332253898905e-12,0
DTXSID0023581,110,0.0,0
DTXSID0023745,110,1.5976061296452764e-13,0
DTXSID0023747,110,0.0,0
DTXSID0023826,110,8.315195980413653e-12,0
DTXSID0023878,110,4.144430967924376e-09,0
DTXSID0023901,110,3.3384804746881073e-12,0
DTXSID0023907,110,0.3363171069386288,0
DTXSID0023951,110,1.9266587171537156e-05,0
DTXSID0023955,110,1.4706690810181993e-05,0
DTXSID0024000,110,3.134281152299443e-08,0
DTXSID0024002,110,1.423214778427327e-05,0
DTXSID0024052,110,2.6261090259715182e-12,0
DTXSID0024183,110,9.153762821143285e-09,0
DTXSID0024216,110,0.002507609905011918,0
DTXSID0024266,110,7.262163757113181e-13,0
DTXSID0024345,110,0.00034503898837341695,0
DTXSID0024397,110,0.0,0
DTXSID0024399,110,3.744954024374403e-11,0
DTXSID0024553,110,2.7010540997288035e-17,0
DTXSID0024761,110,8.974941641345017e-09,0
DTXSID0024890,110,4.610540080850306e-09,0
DTXSID0025101,110,1.6282831103726603e-12,0
DTXSID0025234,110,4.6725964517062245e-07,0
DTXSID0025361,110,9.740819429461739e-08,0
DTXSID0025363,110,1.6160103291304087e-06,0
DTXSID0025492,110,5.450635121497016e-08,0
DTXSID0025523,110,0.0,0
DTXSID0025527,110,0.0005949779217269507,0
DTXSID0025571,110,2.421701082959373e-06,0
DTXSID0025737,110,1.7130158884644497e-06,0
DTXSID0025789,110,8.936592822782026e-07,0
DTXSID0025812,110,0.996981937094245,1
DTXSID0025816,110,2.280290114004223e-05,0
DTXSID0025864,110,3.709184518720533e-06,0
DTXSID0025991,110,0.0,0
DTXSID0026098,110,0.0006970356522976733,0
DTXSID0026171,110,6.858064110858e-07,0
DTXSID0026252,110,1.21344370719909e-13,0
DTXSID0026258,110,1.9284500417136707e-07,0
DTXSID0026838,110,3.2330413130305123e-07,0
DTXSID0026880,110,1.317263708627001e-06,0
DTXSID0026913,110,2.081966757787901e-11,0
DTXSID0026915,110,9.69944041786585e-05,0
DTXSID0026967,110,7.393323750463749e-17,0
DTXSID0027014,110,5.052366840400568e-05,0
DTXSID0027191,110,2.397498621328366e-11,0
DTXSID0027195,110,0.00011798027645360642,0
DTXSID0027222,110,1.1688580201400334e-17,0
DTXSID0027270,110,0.00011957044068498344,0
DTXSID0027301,110,1.6245667379416588e-10,0
DTXSID0027432,110,1.9171995344997225e-11,0
DTXSID0027438,110,5.414405134907417e-16,0
DTXSID0027561,110,0.0,0
DTXSID0027640,110,0.032365805542281606,0
DTXSID0027721,110,7.79105958990708e-06,0
DTXSID0027729,110,1.1006333274448466e-06,0
DTXSID0027771,110,8.174301500817508e-05,0
DTXSID0027773,110,0.010338751181586971,0
DTXSID0027806,110,1.9475096288164468e-08,0
DTXSID0027852,110,0.0,0
DTXSID0027856,110,2.1195394311928902e-13,0
DTXSID0027981,110,5.422684753910676e-08,0
DTXSID0027983,110,6.432651914421613e-05,0
DTXSID0028038,110,0.012616607975024606,0
DTXSID0028323,110,2.3471210899006215e-05,0
DTXSID0028618,110,3.7251310704558033e-09,0
DTXSID0028666,110,1.26344819019745e-15,0
DTXSID0029133,110,0.0,0
DTXSID0029210,110,7.190402917868729e-06,0
DTXSID0029214,110,1.739606038151422e-07,0
DTXSID0029262,110,0.0008975556791384633,0
DTXSID0029559,110,1.950959675183358e-18,0
DTXSID0029761,110,3.428795079672777e-08,0
DTXSID0029848,110,0.0002305927852074678,0
DTXSID0030162,110,1.7295994414935707e-05,0
DTXSID0032029,110,2.183153655932889e-06,0
DTXSID0032314,110,3.95134646877126e-09,0
DTXSID0032316,110,0.0,0
DTXSID0032493,110,0.07803435997883615,0
DTXSID0032497,110,3.982701174124024e-15,0
DTXSID0032520,110,0.0006152205545767936,0
DTXSID0032572,110,0.9922877268849135,1
DTXSID0032578,110,3.141194108817771e-06,0
DTXSID0032601,110,2.1463740590253952e-05,0
DTXSID0032605,110,0.5582301236547743,0
DTXSID0032651,110,0.04900204469630863,0
DTXSID0032655,110,1.9075938707030187e-16,0
DTXSID0034192,110,0.0010995615960176,0
DTXSID0034223,110,1.1909067494557836e-12,0
DTXSID0034227,110,4.71451828228762e-05,0
DTXSID0034229,110,3.115009716963089e-09,0
DTXSID0034300,110,0.7961617686792254,0
DTXSID0034518,110,0.005669051978799666,0
DTXSID0034566,110,5.984277026917013e-10,0
DTXSID0034695,110,0.011665315970485474,0
DTXSID0034722,110,2.14679207419036e-05,0
DTXSID0034776,110,2.64615161187006e-05,0
DTXSID0034803,110,4.2830648611806667e-07,0
DTXSID0034851,110,0.0,0
DTXSID0034855,110,0.0,0
DTXSID0034930,110,0.007427974453962782,0
DTXSID0034936,110,1.2595771753842166e-16,0
DTXSID0035160,110,9.97503118749622e-10,0
DTXSID0035748,110,3.629367728721001e-05,0
DTXSID0035790,110,0.0002290678640797367,0
DTXSID0036926,110,1.3429955457268508e-13,0
DTXSID0037495,110,4.313624451405445e-05,0
DTXSID0037570,110,0.0,0
DTXSID0037730,110,0.9999234642781497,1
DTXSID0037734,110,0.9995449949532664,1
DTXSID00379268,110,4.572503950807997e-10,0
DTXSID00379884,110,9.038488994783955e-11,0
DTXSID00379925,110,0.00011255398300798784,0
DTXSID00380798,110,2.3571880802504982e-07,0
DTXSID0038700,110,0.0,0
DTXSID0038756,110,4.649866770872461e-11,0
DTXSID0038839,110,3.5870311008074128e-09,0
DTXSID0038881,110,1.4342054704844455e-10,0
DTXSID0038887,110,9.337311666328044e-12,0
DTXSID0039223,110,2.713547190625457e-05,0
DTXSID0040127,110,1.3743589429242172e-10,0
DTXSID0040674,110,5.815004329011817e-09,0
DTXSID0040701,110,7.943546071109467e-09,0
DTXSID0040703,110,4.14454465322085e-06,0
DTXSID0040707,110,0.00012687550754240915,0
DTXSID0040751,110,2.0398473844203116e-06,0
DTXSID0040755,110,0.001907701980923792,0
DTXSID0041141,110,1.6539184466384444e-05,0
DTXSID0041197,110,0.008276459062946809,0
DTXSID0041220,110,5.9167742200321634e-06,0
DTXSID0041224,110,8.790178114494198e-06,0
DTXSID0041270,110,2.378852890308555e-05,0
DTXSID0041274,110,1.516046451356615e-09,0
DTXSID0041357,110,6.334756457864818e-05,0
DTXSID0041359,110,1.218756337586191e-08,0
DTXSID0041436,110,9.60144398227172e-08,0
DTXSID0041484,110,4.196834459470463e-05,0
DTXSID0041513,110,3.483397281193212e-06,0
DTXSID0041517,110,1.297823166415375e-07,0
DTXSID0041519,110,2.24046195548885e-09,0
DTXSID0041567,110,0.37326019286739104,0
DTXSID0041646,110,3.293528474783668e-07,0
DTXSID0041692,110,2.6903158581269227e-08,0
DTXSID0041721,110,0.0,0
DTXSID0041981,110,1.8219281342134118e-09,0
DTXSID0041983,110,2.0475148002781197e-06,0
DTXSID0041985,110,0.9930542454282192,1
DTXSID0042038,110,4.704941338646273e-05,0
DTXSID0042086,110,0.0003853143026983877,0
DTXSID0042167,110,0.0,0
DTXSID0042169,110,1.598085519823342e-09,0
DTXSID0042242,110,4.777293776463953e-05,0
DTXSID0042248,110,0.048459439442188335,0
DTXSID0042325,110,1.6263140899842025e-07,0
DTXSID0042327,110,1.0857838159722498e-05,0
DTXSID0042379,110,1.597287865798768e-06,0
DTXSID0042400,110,0.001380777559117499,0
DTXSID0042406,110,2.2674180177250094e-08,0
DTXSID0042454,110,2.7765057949934456e-06,0
DTXSID0043765,110,0.9998934879499315,1
DTXSID0044236,110,1.8210505007295624e-07,0
DTXSID00442840,110,4.062270148597617e-11,0
DTXSID0044315,110,0.00026076435169703074,0
DTXSID0044317,110,6.131467883259326e-07,0
DTXSID0044361,110,2.200592865811584e-07,0
DTXSID0044363,110,8.678766370792821e-12,0
DTXSID0044365,110,3.9761947032249935e-10,0
DTXSID0044367,110,0.002497453243340914,0
DTXSID0044369,110,8.675441660282634e-06,0
DTXSID0044440,110,1.3428053264476816e-05,0
DTXSID0044446,110,0.0,0
DTXSID0044490,110,0.0,0
DTXSID0044494,110,3.246199459042629e-08,0
DTXSID0044496,110,3.031996566059622e-11,0
DTXSID0044498,110,1.655119709799668e-12,0
DTXSID0044527,110,0.9549757749831265,1
DTXSID0044571,110,2.008444858567971e-06,0
DTXSID0044573,110,1.588177722200727e-08,0
DTXSID0044575,110,1.1106948617065103e-17,0
DTXSID0044577,110,2.4686802222369015e-15,0
DTXSID0044604,110,0.0,0
DTXSID0044658,110,1.232521820629565e-08,0
DTXSID0044781,110,0.9981737540271208,1
DTXSID0044810,110,1.9635980264404473e-08,0
DTXSID0044812,110,1.3602672742138767e-06,0
DTXSID0044816,110,1.4597201625005843e-18,0
DTXSID0044818,110,1.013502726472272e-06,0
DTXSID0044860,110,1.4324066283543154e-12,0
DTXSID0044862,110,1.2677074634784841e-08,0
DTXSID0044868,110,2.5990566685805625e-06,0
DTXSID0044993,110,1.0456502705034723e-19,0
DTXSID0044997,110,5.120720360016169e-06,0
DTXSID0044999,110,1.1038202406535761e-05,0
DTXSID0045254,110,0.7693362960512417,0
DTXSID0046488,110,2.0249965432501937e-05,0
DTXSID0046567,110,0.0001006408301453413,0
DTXSID0047032,110,0.01525534270121246,0
DTXSID0047034,110,0.000658102708223734,0
DTXSID0047038,110,5.734553435314504e-09,0
DTXSID0047080,110,4.578517292994364e-19,0
DTXSID0047082,110,2.6071691944763314e-09,0
DTXSID0047084,110,7.614562505777181e-07,0
DTXSID0047086,110,1.4033004010897997e-13,0
DTXSID0047088,110,3.479418143560277e-15,0
DTXSID0047111,110,0.0,0
DTXSID0047113,110,1.7777231799387812e-07,0
DTXSID0047115,110,1.2123937383694944e-07,0
DTXSID0047117,110,4.0516257635008374e-08,0
DTXSID0047161,110,1.4438239590769631e-05,0
DTXSID0047163,110,1.4294467191302615e-05,0
DTXSID0047165,110,1.2155696515564703e-17,0
DTXSID0047167,110,0.0,0
DTXSID0047169,110,3.641677166486446e-09,0
DTXSID0047246,110,0.0,0
DTXSID0047248,110,0.2168940247507545,0
DTXSID0047290,110,5.750222153571252e-10,0
DTXSID0047292,110,0.0,0
DTXSID0047294,110,0.0,0
DTXSID0047296,110,7.92905388162655e-06,0
DTXSID0047325,110,7.453721597834391e-06,0
DTXSID0047327,110,2.3477969390716237e-05,0
DTXSID0047371,110,0.16209730718654292,0
DTXSID0047375,110,7.273487641531961e-16,0
DTXSID0047377,110,4.4930818356738145e-11,0
DTXSID0047379,110,6.551877225977123e-09,0
DTXSID0047400,110,6.79299061010556e-20,0
DTXSID0047406,110,0.7926109555074023,0
DTXSID0047408,110,1.0774898845864976e-19,0
DTXSID0047454,110,0.0,0
DTXSID0047456,110,0.0,0
DTXSID0047533,110,3.187450245088564e-07,0
DTXSID0047535,110,4.504128055842821e-09,0
DTXSID0047537,110,2.4626839347828142e-08,0
DTXSID0047539,110,0.0,0
DTXSID0047581,110,2.9538730542388213e-15,0
DTXSID0047583,110,1.0197977044123543e-13,0
DTXSID0047585,110,4.328816793426741e-15,0
DTXSID0047587,110,1.0474648900442429e-10,0
DTXSID0047589,110,2.3914130447950336e-05,0
DTXSID0047610,110,6.08682377982336e-10,0
DTXSID0047614,110,1.5524371214402527e-20,0
DTXSID0047618,110,4.896914275581256e-15,0
DTXSID0047741,110,0.00012820350038014513,0
DTXSID0047749,110,2.88518304602919e-07,0
DTXSID0047957,110,0.0,0
DTXSID0048181,110,0.0,0
DTXSID0048183,110,0.0013631494591729045,0
DTXSID0048185,110,0.9213630856219025,1
DTXSID0048187,110,0.0,0
DTXSID0048189,110,6.881425125823405e-07,0
DTXSID0048210,110,1.3822446450601437e-06,0
DTXSID0048505,110,3.6189252765271357e-12,0
DTXSID0048507,110,3.1945467546768697e-13,0
DTXSID0048509,110,0.05155855415229436,0
DTXSID0051447,110,0.9952896354285421,1
DTXSID0051493,110,3.506306406879186e-14,0
DTXSID0051497,110,1.1443675673162643e-13,0
DTXSID0051499,110,1.0003291678549819e-12,0
DTXSID0051570,110,3.183737309367447e-09,0
DTXSID0051574,110,0.0016037212609556135,0
DTXSID0051732,110,4.051262129729157e-06,0
DTXSID0051736,110,5.579489537475392e-14,0
DTXSID0051738,110,8.70218134470875e-08,0
DTXSID0051782,110,5.087359733162624e-09,0
DTXSID0051863,110,1.4338159468349428e-06,0
DTXSID0051944,110,1.4024471445363141e-16,0
DTXSID0051996,110,0.0002520847906326619,0
DTXSID0052043,110,5.0541567223881773e-14,0
DTXSID0052124,110,2.544957889162968e-09,0
DTXSID0052463,110,0.5163441123950617,0
DTXSID0052542,110,0.0,0
DTXSID0052590,110,0.0,0
DTXSID0052594,110,1.3253680242530254e-05,0
DTXSID0052596,110,3.0381071955562814e-10,0
DTXSID0052598,110,1.654474833396625e-05,0
DTXSID0052621,110,6.444153090797575e-10,0
DTXSID0052629,110,0.0071255614874579775,0
DTXSID0052833,110,0.0018130689106358323,0
DTXSID0052837,110,0.00012871336882179635,0
DTXSID0052839,110,1.5232989894106428e-11,0
DTXSID0052910,110,0.0,0
DTXSID0052912,110,0.0,0
DTXSID0057910,110,6.182297799135947e-10,0
DTXSID0057912,110,6.124512358819839e-08,0
DTXSID0057914,110,1.3142214609837581e-08,0
DTXSID0057916,110,0.0004795583876320585,0
DTXSID0059794,110,1.7320552812151618e-09,0
DTXSID0059829,110,0.0,0
DTXSID0059871,110,5.489432423752576e-11,0
DTXSID0059879,110,9.600902863621442e-11,0
DTXSID0060985,110,8.135289235419851e-12,0
DTXSID0061826,110,2.1445363972864913e-16,0
DTXSID0073118,110,0.0,0
DTXSID0074059,110,5.337122295573235e-09,0
DTXSID00858881,110,2.526856306181551e-08,0
DTXSID00858886,110,3.0825316676214807e-20,0
DTXSID00858902,110,2.4683718008551728e-08,0
DTXSID00858907,110,0.0,0
DTXSID00858922,110,4.712322532385978e-12,0
DTXSID00872663,110,7.380789150355841e-06,0
DTXSID00872709,110,8.736263719619113e-08,0
DTXSID00872724,110,0.0,0
DTXSID00872729,110,2.671277671195709e-13,0
DTXSID00872744,110,0.0,0
DTXSID00872749,110,9.935335477235546e-12,0
DTXSID00892442,110,1.1012592836755325e-09,0
DTXSID00903825,110,1.8023683183035718e-18,0
DTXSID00903840,110,4.38734179141984e-06,0
DTXSID00903845,110,0.0,0
DTXSID00903860,110,0.0,0
DTXSID00903865,110,0.0,0
DTXSID00903880,110,0.0,0
DTXSID00903885,110,0.0,0
DTXSID101351786,110,1.1998060024905313e-08,0
DTXSID101351798,110,3.917613803628821e-05,0
DTXSID101351805,110,0.0,0
DTXSID10190946,110,0.0,0
DTXSID1020063,110,0.0,0
DTXSID1020069,110,0.8164831569306679,0
DTXSID1020140,110,3.157025276219835e-08,0
DTXSID1020142,110,5.445956814672338e-15,0
DTXSID1020144,110,3.9966225385999233e-07,0
DTXSID1020148,110,0.0,0
DTXSID1020190,110,4.5624445359791914e-08,0
DTXSID1020194,110,0.001909113706749991,0
DTXSID1020221,110,7.948029969875059e-15,0
DTXSID1020223,110,2.843039701987499e-15,0
DTXSID1020308,110,3.3428399771278703e-12,0
DTXSID1020350,110,7.706874770080405e-09,0
DTXSID1020352,110,2.18860897250642e-15,0
DTXSID1020354,110,5.61625728647515e-19,0
DTXSID1020431,110,0.030675134976266737,0
DTXSID1020433,110,2.02380204365973e-08,0
DTXSID1020439,110,1.1681548618816933e-06,0
DTXSID1020485,110,0.01916747216314957,0
DTXSID1020510,110,2.4381004467478917e-05,0
DTXSID1020512,110,5.478266548769889e-18,0
DTXSID1020516,110,3.934089651117075e-10,0
DTXSID1020560,110,1.920692121357869e-05,0
DTXSID1020647,110,0.038150077675260755,0
DTXSID1020697,110,1.275733463790658e-07,0
DTXSID1020699,110,1.1289155437033453e-05,0
DTXSID1020728,110,0.0,0
DTXSID1020770,110,0.9629557371693493,1
DTXSID1020778,110,1.169542225666373e-06,0
DTXSID1020803,110,1.8600061932369933e-05,0
DTXSID1020805,110,0.0,0
DTXSID1020807,110,0.4240626372397986,0
DTXSID1020855,110,0.04137317576861221,0
DTXSID1020930,110,0.0,0
DTXSID1020932,110,0.00037618022580488894,0
DTXSID1020980,110,7.677762963023477e-14,0
DTXSID1021031,110,0.025279551467412443,0
DTXSID1021039,110,6.904372180881944e-09,0
DTXSID1021081,110,0.40762832908508295,0
DTXSID1021087,110,0.0,0
DTXSID1021116,110,1.4536088494456032e-08,0
DTXSID1021118,110,0.7234867044856597,0
DTXSID1021160,110,0.8134442443485866,0
DTXSID1021164,110,4.329924589404318e-08,0
DTXSID1021166,110,0.0018265864843018604,0
DTXSID1021241,110,1.5330048629404718e-10,0
DTXSID1021243,110,0.7683753183158247,0
DTXSID1021247,110,0.0828298993191818,0
DTXSID1021299,110,6.482779931446261e-18,0
DTXSID1021322,110,0.0,0
DTXSID1021328,110,7.006514800621105e-08,0
DTXSID1021372,110,2.642574714872438e-13,0
DTXSID1021378,110,0.0,0
DTXSID1021403,110,2.1997128355395738e-08,0
DTXSID1021405,110,0.0,0
DTXSID1021409,110,1.2692499104349326e-05,0
DTXSID1021455,110,0.0,0
DTXSID1021586,110,1.4455956756967273e-07,0
DTXSID1021617,110,1.3289491253559886e-07,0
DTXSID1021740,110,2.8785420127965138e-06,0
DTXSID1021790,110,8.847578852241686e-10,0
DTXSID1021792,110,0.6876983895159103,0
DTXSID1021798,110,3.208534526575363e-05,0
DTXSID1021821,110,1.4019457616947024e-14,0
DTXSID1021871,110,9.146528224670071e-07,0
DTXSID1021877,110,4.4837293528657546e-08,0
DTXSID1021904,110,0.0,0
DTXSID1021952,110,0.6583263614679775,0
DTXSID1021956,110,2.463702704292191e-09,0
DTXSID1022001,110,0.6994321839425006,0
DTXSID1022003,110,0.0007018982328190103,0
DTXSID1022009,110,8.623395690684473e-17,0
DTXSID1022051,110,8.666351650987283e-06,0
DTXSID1022053,110,0.00026162660648890293,0
DTXSID1022055,110,8.049711768693064e-08,0
DTXSID1022138,110,1.8542383639491367e-06,0
DTXSID1022180,110,5.235133362428093e-20,0
DTXSID1022188,110,1.222695684230476e-06,0
DTXSID1022217,110,4.938170076541215e-19,0
DTXSID1022265,110,0.12464060973511328,0
DTXSID1022267,110,0.009240106838427402,0
DTXSID1022394,110,0.003705578571402319,0
DTXSID1022396,110,0.0,0
DTXSID1022421,110,2.5443536305615242e-14,0
DTXSID10224331,110,5.841181047818798e-09,0
DTXSID1022479,110,0.0,0
DTXSID1022508,110,1.2992123536124364e-05,0
DTXSID1023235,110,3.0495834251527566e-11,0
DTXSID1023815,110,6.407568951742931e-09,0
DTXSID1023817,110,4.6313917448044135e-07,0
DTXSID1023819,110,3.9427615736106724e-14,0
DTXSID1023869,110,0.00012101084215826513,0
DTXSID1023990,110,2.2100089189288666e-07,0
DTXSID1023996,110,1.9624991943021033e-05,0
DTXSID1023998,110,0.0022669925457638623,0
DTXSID1024045,110,0.0,0
DTXSID1024049,110,0.0,0
DTXSID1024091,110,0.010629199156261508,0
DTXSID1024097,110,5.560353343593549e-09,0
DTXSID1024124,110,4.504486766295354e-06,0
DTXSID1024126,110,9.522120682482077e-05,0
DTXSID1024170,110,0.00027236486955422163,0
DTXSID1024174,110,0.9985020461609079,1
DTXSID1024176,110,8.90889791470636e-12,0
DTXSID1024209,110,0.0,0
DTXSID1024255,110,0.0011069043109382419,0
DTXSID1024259,110,2.230562295192391e-07,0
DTXSID1024338,110,2.2196740023546857e-14,0
DTXSID1024465,110,4.598104914192562e-11,0
DTXSID1024598,110,2.007323938659067e-14,0
DTXSID1024621,110,4.8239931299380735e-11,0
DTXSID1024629,110,1.7367186296039317e-09,0
DTXSID1024704,110,2.7878972603289594e-08,0
DTXSID1024837,110,9.331184693898062e-18,0
DTXSID1024916,110,8.453097211626694e-07,0
DTXSID1024918,110,5.790908368869228e-14,0
DTXSID1024966,110,1.5646921408152363e-06,0
DTXSID1025017,110,0.9828446746358195,1
DTXSID1025148,110,5.906533754104393e-09,0
DTXSID1025221,110,4.927307258369002e-20,0
DTXSID1025271,110,8.35544992528229e-09,0
DTXSID1025279,110,0.2812509960308564,0
DTXSID1025300,110,0.30550681848323663,0
DTXSID1025306,110,0.0004303392697518705,0
DTXSID1025433,110,3.6959554396655495e-06,0
DTXSID1025485,110,0.04266906773636444,0
DTXSID1025512,110,4.35768027794991e-11,0
DTXSID1025560,110,7.361536650697636e-07,0
DTXSID1025726,110,1.4560253433142966e-16,0
DTXSID1025805,110,5.052656121896252e-08,0
DTXSID1025809,110,2.000135082739545e-06,0
DTXSID1025857,110,0.7495893896129925,0
DTXSID1025930,110,0.0003968736883401632,0
DTXSID1026031,110,0.0032014135288066484,0
DTXSID1026033,110,5.064443825640023e-07,0
DTXSID1026035,110,1.4686518172421346e-10,0
DTXSID1026081,110,0.9992381444936284,1
DTXSID1026118,110,4.0839828779287537e-07,0
DTXSID1026164,110,6.314304201714576e-11,0
DTXSID1026241,110,0.9839676478675158,1
DTXSID1026293,110,0.0,0
DTXSID1026457,110,0.0009005380629461411,0
DTXSID1026536,110,0.0,0
DTXSID1026615,110,2.2794302278634418e-17,0
DTXSID1026665,110,8.245694905080866e-13,0
DTXSID1026792,110,6.771065291761117e-07,0
DTXSID1026879,110,5.603998970096064e-08,0
DTXSID1026900,110,0.0,0
DTXSID1026902,110,0.9999844794297288,1
DTXSID1026904,110,2.95384829905806e-10,0
DTXSID1026906,110,0.9916111932681003,1
DTXSID1026908,110,8.323233956708422e-10,0
DTXSID1027134,110,2.362912460947249e-07,0
DTXSID1027184,110,5.11295823979761e-06,0
DTXSID1027211,110,1.0117921911950168e-06,0
DTXSID1027263,110,1.4571331392830626e-11,0
DTXSID1027267,110,0.0,0
DTXSID1027342,110,0.0,0
DTXSID1027344,110,0.00021347452420647948,0
DTXSID1027346,110,0.0,0
DTXSID1027390,110,2.029962959886936e-05,0
DTXSID1027429,110,0.004269431208911816,0
DTXSID1027479,110,0.0002447525138621867,0
DTXSID1027500,110,0.0,0
DTXSID1027502,110,2.2720831788699553e-10,0
DTXSID1027504,110,3.441297690952078e-07,0
DTXSID1027550,110,0.00027667262253217213,0
DTXSID1027556,110,1.84470177495379e-10,0
DTXSID1027558,110,1.0381453871809478e-16,0
DTXSID1027633,110,6.386075705615213e-06,0
DTXSID1027635,110,0.0,0
DTXSID1027841,110,0.0,0
DTXSID1027891,110,1.5070955879343592e-05,0
DTXSID1027899,110,1.2484332245153698e-05,0
DTXSID1027920,110,1.6030442877613337e-07,0
DTXSID1027924,110,8.988835806255872e-10,0
DTXSID1027926,110,2.276221319471198e-07,0
DTXSID1027928,110,9.825841238342976e-07,0
DTXSID1027978,110,8.603426323906192e-18,0
DTXSID1029124,110,5.560819335359994e-07,0
DTXSID1029128,110,0.0,0
DTXSID1029170,110,3.526599399024269e-18,0
DTXSID1029201,110,9.015525272848575e-10,0
DTXSID1029251,110,7.023171156604175e-17,0
DTXSID1029677,110,1.1242922707296283e-05,0
DTXSID1029889,110,0.0,0
DTXSID1030319,110,5.1400894713163344e-14,0
DTXSID1030606,110,5.3135963281723124e-17,0
DTXSID1031460,110,3.8408146164237975e-19,0
DTXSID1031462,110,9.500702106512414e-13,0
DTXSID1031591,110,1.0270368805792533e-12,0
DTXSID1031626,110,5.633341114909778e-06,0
DTXSID1032303,110,1.8110977128051479e-06,0
DTXSID1032305,110,0.0,0
DTXSID1032309,110,0.00011876067084569188,0
DTXSID1032355,110,0.01653478276452107,0
DTXSID1032359,110,0.0009443190501666562,0
DTXSID1032482,110,0.006873146669445275,0
DTXSID1032484,110,0.9941067348788246,1
DTXSID1032488,110,0.2929775725954353,0
DTXSID1032511,110,0.03183043812063861,0
DTXSID1032513,110,1.5224259815699177e-10,0
DTXSID1032519,110,6.075339982073172e-09,0
DTXSID1032569,110,0.0006002951962101705,0
DTXSID1032640,110,0.00010060931365383274,0
DTXSID1032642,110,1.1147493772926106e-07,0
DTXSID1032646,110,8.869355891832049e-09,0
DTXSID1032648,110,0.9985156532078127,1
DTXSID1032690,110,0.012220218398719649,0
DTXSID1033161,110,2.86165184719024e-06,0
DTXSID1033371,110,6.102863598117984e-07,0
DTXSID1033664,110,0.004152178154678232,0
DTXSID1034181,110,0.9889862157174677,1
DTXSID1034187,110,0.000174316821195385,0
DTXSID1034210,110,2.9281061987638285e-05,0
DTXSID1034212,110,0.0,0
DTXSID1034260,110,2.808308765065526e-15,0
DTXSID1034501,110,1.9743735355147077e-08,0
DTXSID1034503,110,4.462845615825259e-05,0
DTXSID1034634,110,0.004019435222161729,0
DTXSID1034769,110,1.2457984055914847e-07,0
DTXSID1034929,110,4.023897846788258e-05,0
DTXSID1034973,110,0.0,0
DTXSID1035288,110,3.6860826738517267e-10,0
DTXSID1035783,110,0.01351233184999719,0
DTXSID1036541,110,8.7237585614361e-05,0
DTXSID1036545,110,9.581273781786454e-07,0
DTXSID10370988,110,1.1153290595870967e-12,0
DTXSID1037303,110,1.0522119751549289e-06,0
DTXSID1037565,110,0.024083622656429625,0
DTXSID1037567,110,1.4466849126176174e-06,0
DTXSID1037806,110,0.0,0
DTXSID10379254,110,1.78588388616771e-09,0
DTXSID10379835,110,0.0,0
DTXSID10379850,110,1.0097305294748469e-10,0
DTXSID10379991,110,8.157411303337168e-17,0
DTXSID10382147,110,4.98387750538142e-16,0
DTXSID1038298,110,3.715953025273937e-05,0
DTXSID1038321,110,0.0,0
DTXSID1038666,110,5.463779117042467e-09,0
DTXSID1038743,110,0.0005881106760860812,0
DTXSID1038795,110,7.911400289912567e-08,0
DTXSID1038822,110,1.985619530863866e-08,0
DTXSID1038824,110,0.0,0
DTXSID1038876,110,0.0025312697189292,0
DTXSID1040110,110,1.3880734417716402e-08,0
DTXSID1040112,110,1.6385430344776724e-05,0
DTXSID1040114,110,3.702124888711423e-05,0
DTXSID1040164,110,0.0,0
DTXSID1040245,110,3.2799538181110266e-07,0
DTXSID1040320,110,5.07234615117679e-07,0
DTXSID1040326,110,0.032953064097949986,0
DTXSID1040372,110,0.0020260094296369485,0
DTXSID1040611,110,2.5968099795014984e-05,0
DTXSID1040619,110,0.948344543407438,1
DTXSID1040661,110,4.049611763105313e-10,0
DTXSID1040742,110,1.8337247956117024e-11,0
DTXSID1040792,110,3.007675880648996e-12,0
DTXSID1040794,110,0.003290957980143702,0
DTXSID1041184,110,7.162278379327398e-05,0
DTXSID1041188,110,0.4276340081534495,0
DTXSID1041261,110,6.309576871495504e-09,0
DTXSID1041263,110,0.0,0
DTXSID1041265,110,8.354641493665554e-06,0
DTXSID1041267,110,0.00021378798964745863,0
DTXSID1041346,110,0.0,0
DTXSID1041396,110,0.0,0
DTXSID1041421,110,8.5190843581504e-05,0
DTXSID1041423,110,1.1142405255989114e-06,0
DTXSID1041425,110,1.8142393695607365e-05,0
DTXSID1041502,110,5.137289852857546e-05,0
DTXSID1041506,110,0.9936220118288546,1
DTXSID1041508,110,8.756061611539762e-06,0
DTXSID1041550,110,3.99913925773185e-06,0
DTXSID1041639,110,3.0680877470576262e-06,0
DTXSID1041847,110,0.0003572954044356032,0
DTXSID1041891,110,0.0,0
DTXSID1041920,110,5.982194183313315e-10,0
DTXSID1041970,110,0.0,0
DTXSID1041978,110,1.285370055758983e-11,0
DTXSID1042154,110,3.0486063850594716e-06,0
DTXSID1042443,110,0.0,0
DTXSID1042445,110,4.8072143832114496e-12,0
DTXSID1042491,110,0.0008441330739089291,0
DTXSID1042499,110,1.1582064335498553e-08,0
DTXSID1043910,110,4.812613186886692e-18,0
DTXSID1044221,110,9.959692018570922e-18,0
DTXSID1044227,110,1.2818797552775158e-11,0
DTXSID1044352,110,7.453864473210741e-08,0
DTXSID1044354,110,9.715569637980929e-06,0
DTXSID1044356,110,1.1736291422088054e-08,0
DTXSID1044435,110,0.0011608746710822433,0
DTXSID1044437,110,3.674010594006068e-08,0
DTXSID1044481,110,0.0,0
DTXSID1044487,110,2.5808648803732616e-05,0
DTXSID1044489,110,0.18214776508146371,0
DTXSID1044514,110,0.000123525574069759,0
DTXSID1044518,110,5.819340791099158e-08,0
DTXSID1044560,110,2.3303179435027388e-08,0
DTXSID1044564,110,1.0279749016811118e-07,0
DTXSID1044568,110,2.7054904441832944e-19,0
DTXSID1044643,110,6.54164501595328e-07,0
DTXSID1044693,110,3.7213042836379614e-15,0
DTXSID1044697,110,0.7644177058848696,0
DTXSID1044720,110,3.5785977529598116e-09,0
DTXSID1044770,110,0.0,0
DTXSID1044772,110,7.396917229479386e-07,0
DTXSID1044774,110,1.1066784786562081e-05,0
DTXSID1044776,110,0.010632378692119875,0
DTXSID1044809,110,1.8451557578300586e-20,0
DTXSID1044851,110,0.00047436105418177064,0
DTXSID1044853,110,2.1060315580072464e-11,0
DTXSID1044859,110,3.077870488280141e-17,0
DTXSID1044934,110,0.0,0
DTXSID1044936,110,4.9433378024424026e-05,0
DTXSID1044938,110,0.0,0
DTXSID1044986,110,3.7188735207635484e-08,0
DTXSID10461880,110,2.491257118330067e-12,0
DTXSID1046970,110,1.1169088680773481e-06,0
DTXSID1046976,110,1.7745208331596913e-12,0
DTXSID1047029,110,0.0,0
DTXSID1047071,110,4.978359128897258e-07,0
DTXSID1047102,110,9.534055428064479e-09,0
DTXSID1047104,110,2.205557150336967e-07,0
DTXSID1047106,110,4.788505264476521e-06,0
DTXSID1047152,110,2.5449146990470552e-11,0
DTXSID1047156,110,0.0006641429028604169,0
DTXSID1047158,110,2.9155392347760185e-13,0
DTXSID1047281,110,3.861259030546993e-09,0
DTXSID1047283,110,4.623352894338806e-18,0
DTXSID1047285,110,1.0516178208331802e-06,0
DTXSID1047287,110,0.0,0
DTXSID1047289,110,0.0002745320652616115,0
DTXSID1047310,110,6.336337359073204e-05,0
DTXSID1047312,110,0.00013998871967890034,0
DTXSID1047316,110,0.9755173876505403,1
DTXSID1047318,110,4.3810622131779625e-21,0
DTXSID1047360,110,2.808017088728336e-05,0
DTXSID1047362,110,0.9998530467471051,1
DTXSID1047364,110,3.01266849538612e-09,0
DTXSID1047366,110,0.21885549135488847,0
DTXSID1047368,110,6.956143196940498e-09,0
DTXSID1047443,110,9.299286635879276e-19,0
DTXSID1047447,110,8.144183221303087e-11,0
DTXSID1047497,110,1.0767196741318924e-06,0
DTXSID1047520,110,0.0,0
DTXSID1047526,110,7.248805246987971e-09,0
DTXSID1047528,110,3.325973833079749e-07,0
DTXSID1047570,110,9.06369695760721e-08,0
DTXSID1047574,110,5.2833110925736585e-08,0
DTXSID1047576,110,2.0326462449282743e-06,0
DTXSID1047578,110,1.5039260408983076e-08,0
DTXSID1047601,110,9.6318590107527e-14,0
DTXSID1047603,110,1.0620233221756015e-11,0
DTXSID1047605,110,6.875574769081091e-09,0
DTXSID1047607,110,1.503923669257582e-07,0
DTXSID1047609,110,4.033359708498343e-07,0
DTXSID1047651,110,9.931918994525895e-06,0
DTXSID1047655,110,2.2575698173201343e-18,0
DTXSID1047657,110,8.3663559138947e-10,0
DTXSID1047659,110,0.0,0
DTXSID1048122,110,1.9788945012394227e-10,0
DTXSID1048170,110,0.7868214870871298,0
DTXSID1048172,110,0.007866177550520189,0
DTXSID1048174,110,0.9079648076104774,1
DTXSID1048176,110,5.1985028563076725e-06,0
DTXSID1048178,110,0.0005643564899012263,0
DTXSID1048201,110,0.0004316399687086516,0
DTXSID1048203,110,8.937348763966457e-09,0
DTXSID1048207,110,7.452642658429306e-05,0
DTXSID1048209,110,0.0,0
DTXSID1049225,110,3.0485844527684744e-05,0
DTXSID1049697,110,8.75622963161205e-05,0
DTXSID1051690,110,1.085064464866214e-11,0
DTXSID1051771,110,1.2306183372377419e-08,0
DTXSID1051779,110,2.873780471194049e-16,0
DTXSID1051808,110,4.125142551566932e-05,0
DTXSID1051850,110,6.559702733840221e-07,0
DTXSID1051856,110,3.2681846091692545e-05,0
DTXSID1051939,110,0.002507831960580515,0
DTXSID1052294,110,0.0,0
DTXSID1052298,110,5.761671558951764e-06,0
DTXSID1052539,110,4.602422443320377e-18,0
DTXSID1052585,110,1.4835590477503277e-07,0
DTXSID1052587,110,2.6945061659131104e-06,0
DTXSID1052610,110,8.234691088612836e-10,0
DTXSID1052901,110,4.4556264336530036e-07,0
DTXSID1052903,110,4.022407316450383e-11,0
DTXSID1052905,110,3.820453123640669e-12,0
DTXSID1052907,110,0.0,0
DTXSID1052909,110,0.0,0
DTXSID1057907,110,0.0,0
DTXSID1057909,110,4.877635804392462e-08,0
DTXSID1062122,110,1.3735210461668865e-08,0
DTXSID1067629,110,1.2306159816159342e-06,0
DTXSID1068772,110,0.028642342974162252,0
DTXSID1074915,110,9.318255211887861e-12,0
DTXSID10858872,110,1.1040562687289936e-12,0
DTXSID10858877,110,0.0,0
DTXSID10858892,110,3.56217567553892e-09,0
DTXSID10858897,110,5.178519318691883e-10,0
DTXSID10858913,110,0.00035369910409894546,0
DTXSID10858918,110,3.9668338987806695e-07,0
DTXSID10872710,110,4.9133024575202745e-08,0
DTXSID10872715,110,0.0,0
DTXSID10872730,110,3.5075049894523016e-17,0
DTXSID10872735,110,5.270433772731947e-12,0
DTXSID10872750,110,6.629853724090287e-12,0
DTXSID10872755,110,4.717450695659119e-12,0
DTXSID10903831,110,1.1457765659666505e-18,0
DTXSID10903836,110,2.730444289158317e-19,0
DTXSID10903851,110,0.0,0
DTXSID10903856,110,0.0,0
DTXSID10903871,110,0.0,0
DTXSID10903876,110,0.0,0
DTXSID10903891,110,0.0,0
DTXSID10903896,110,0.0,0
DTXSID201339555,110,1.102116826944757e-08,0
DTXSID201339593,110,4.9006864400162547e-17,0
DTXSID201351484,110,2.3846735874488064e-08,0
DTXSID201351789,110,0.0,0
DTXSID201351791,110,0.0,0
DTXSID20179883,110,5.807175226707381e-12,0
DTXSID2020006,110,0.0021947077954721397,0
DTXSID2020058,110,2.5003411384502128e-05,0
DTXSID2020137,110,3.8682367078878455e-06,0
DTXSID2020189,110,3.897764084547237e-05,0
DTXSID2020210,110,2.8848063399252776e-17,0
DTXSID2020212,110,0.9176840796162321,1
DTXSID2020216,110,1.078068829198012e-07,0
DTXSID2020262,110,2.1529886717768558e-10,0
DTXSID2020266,110,5.6998043826953235e-06,0
DTXSID2020268,110,0.0,0
DTXSID2020347,110,0.00011264431338136445,0
DTXSID2020349,110,1.2281395505321933e-19,0
DTXSID2020420,110,2.2080603467080674e-05,0
DTXSID2020424,110,1.3732370183658961e-05,0
DTXSID2020426,110,0.4039874767127052,0
DTXSID2020428,110,0.0,0
DTXSID2020474,110,7.244995481789796e-16,0
DTXSID2020501,110,0.0003403528399001783,0
DTXSID2020505,110,1.2837264435102471e-15,0
DTXSID2020507,110,2.0318178512566762e-06,0
DTXSID2020509,110,1.811783949611227e-15,0
DTXSID2020634,110,4.503601337020189e-10,0
DTXSID2020636,110,2.5459479673764258e-06,0
DTXSID2020686,110,0.0037028292507273798,0
DTXSID2020688,110,0.9751788809360556,1
DTXSID2020713,110,3.443371700258191e-13,0
DTXSID2020767,110,1.5816841561091103e-11,0
DTXSID2020890,110,0.0,0
DTXSID2020892,110,1.10088177913687e-12,0
DTXSID2020894,110,1.695412703457851e-08,0
DTXSID2020921,110,9.501530491976071e-12,0
DTXSID2020923,110,6.296710440795283e-14,0
DTXSID2020927,110,2.621616530976058e-07,0
DTXSID2020929,110,6.683586888233445e-16,0
DTXSID2020977,110,9.944694448884184e-21,0
DTXSID2021022,110,1.0096874127693728e-08,0
DTXSID2021026,110,0.0,0
DTXSID2021028,110,3.3649868488710965e-13,0
DTXSID2021103,110,2.3353046623338203e-11,0
DTXSID2021105,110,0.10687369452186869,0
DTXSID2021151,110,0.013198135576129918,0
DTXSID2021234,110,2.658426864748249e-06,0
DTXSID2021236,110,1.4922595991400318e-05,0
DTXSID2021238,110,0.010106118190043973,0
DTXSID2021282,110,0.0,0
DTXSID2021286,110,2.6119200412372128e-05,0
DTXSID2021288,110,1.620823731492343e-13,0
DTXSID2021311,110,7.454294147726238e-13,0
DTXSID2021367,110,5.8553948736533733e-08,0
DTXSID2021440,110,2.7767374288265366e-05,0
DTXSID2021498,110,4.669452508839566e-17,0
DTXSID2021575,110,4.910614049654096e-17,0
DTXSID2021577,110,0.0,0
DTXSID2021600,110,2.348356649877017e-09,0
DTXSID2021602,110,0.0007476013890273164,0
DTXSID2021604,110,1.3417532939468893e-06,0
DTXSID2021650,110,3.104632219456599e-11,0
DTXSID2021654,110,1.5808205838277514e-10,0
DTXSID2021656,110,1.1388505460893937e-09,0
DTXSID2021735,110,1.3034344261033743e-06,0
DTXSID2021739,110,2.205205520684244e-05,0
DTXSID2021781,110,0.7213168087554346,0
DTXSID2021816,110,6.434951473685915e-10,0
DTXSID2021818,110,4.15687636523321e-06,0
DTXSID2021864,110,1.0651121276604472e-10,0
DTXSID2021866,110,3.2951417813266643e-10,0
DTXSID2021941,110,0.0,0
DTXSID2021943,110,1.5581225402550265e-16,0
DTXSID2021947,110,0.018518395027946888,0
DTXSID2021993,110,2.0244563698367882e-13,0
DTXSID2021995,110,0.0004201170131167152,0
DTXSID2021997,110,1.2183205343499068e-06,0
DTXSID2022048,110,0.04675215887640286,0
DTXSID2022090,110,3.3636058548554933e-14,0
DTXSID2022096,110,1.8157987651289763e-07,0
DTXSID2022121,110,1.4678311460903203e-05,0
DTXSID2022123,110,1.5686235637937865e-05,0
DTXSID2022125,110,3.08557418694074e-19,0
DTXSID2022127,110,0.0,0
DTXSID2022171,110,1.0799445258422721e-12,0
DTXSID2022179,110,1.7857932247886376e-19,0
DTXSID2022254,110,2.076860932382776e-06,0
DTXSID2022331,110,0.00019768143851257917,0
DTXSID2022333,110,1.8368071602430483e-12,0
DTXSID2022381,110,9.264272582759244e-06,0
DTXSID2022462,110,3.025754673328881e-08,0
DTXSID2022628,110,2.2315920464948617e-06,0
DTXSID2022678,110,7.361097793573271e-08,0
DTXSID2022880,110,0.002696380994700796,0
DTXSID2023016,110,7.122935077098384e-05,0
DTXSID2023193,110,9.690234195895912e-08,0
DTXSID2023224,110,0.9609190512741366,1
DTXSID2023270,110,7.043416313312749e-07,0
DTXSID2023309,110,1.4317360534753193e-06,0
DTXSID2023430,110,0.001376230662395955,0
DTXSID2023434,110,3.808641652212343e-08,0
DTXSID2023519,110,7.67094957646706e-05,0
DTXSID2023567,110,3.461234508138426e-06,0
DTXSID2023569,110,3.691272296449299e-05,0
DTXSID2023723,110,5.054986719519847e-07,0
DTXSID2024086,110,0.0,0
DTXSID2024163,110,0.11448262982866887,0
DTXSID2024242,110,0.12757542196571578,0
DTXSID2024452,110,2.083218430633351e-06,0
DTXSID2024458,110,0.0,0
DTXSID2024585,110,2.1000836581373596e-14,0
DTXSID2024662,110,0.0,0
DTXSID2024664,110,1.7338932805713377e-14,0
DTXSID2024666,110,0.0006194365905354442,0
DTXSID2024793,110,0.00466351218144333,0
DTXSID2024799,110,9.437786189169519e-07,0
DTXSID2024824,110,6.766383498751065e-07,0
DTXSID2024955,110,7.477669627291304e-05,0
DTXSID2025050,110,1.9971981976812015e-06,0
DTXSID2025133,110,1.3131264358172453e-16,0
DTXSID2025135,110,4.435234378947958e-15,0
DTXSID2025139,110,3.294100997151338e-08,0
DTXSID2025210,110,1.9023861497160437e-08,0
DTXSID2025216,110,0.0005391685906262504,0
DTXSID2025347,110,2.5010707498389063e-05,0
DTXSID2025395,110,0.0,0
DTXSID2025478,110,0.0,0
DTXSID2025501,110,1.2655624931770064e-09,0
DTXSID2025505,110,0.92112197375779,1
DTXSID2025557,110,5.585386855694619e-07,0
DTXSID2025632,110,8.46794794059567e-17,0
DTXSID2025680,110,0.00032333861286062683,0
DTXSID2025688,110,2.2399802725204333e-08,0
DTXSID2025842,110,0.000202528975704698,0
DTXSID2025892,110,2.0479461023606926e-07,0
DTXSID2025925,110,0.0,0
DTXSID2025977,110,0.949431793219464,1
DTXSID2026076,110,7.359118482244423e-11,0
DTXSID2026232,110,4.077264414734875e-16,0
DTXSID2026238,110,9.871748220759944e-14,0
DTXSID2026446,110,5.961156921398099e-09,0
DTXSID2026496,110,0.0001066572614728768,0
DTXSID2026523,110,1.9645077710554513e-18,0
DTXSID2026525,110,0.730035518247156,0
DTXSID2026529,110,0.00011397040124313928,0
DTXSID2026573,110,0.0025140576799323874,0
DTXSID2026602,110,0.0,0
DTXSID2026608,110,1.26704694099172e-09,0
DTXSID2026652,110,0.0,0
DTXSID2026739,110,2.667189979277648e-06,0
DTXSID2026781,110,1.1770484877071133e-18,0
DTXSID2026783,110,1.5297998341812448e-07,0
DTXSID2026789,110,7.978786219059937e-09,0
DTXSID2026864,110,0.0,0
DTXSID2026943,110,4.061876248358554e-06,0
DTXSID2026991,110,4.9651073738071196e-09,0
DTXSID2026997,110,1.661358638220208e-05,0
DTXSID2027094,110,0.33812687373282674,0
DTXSID2027200,110,0.00020923082468499957,0
DTXSID2027204,110,2.4256140697915064e-06,0
DTXSID2027206,110,8.538083778778279e-15,0
DTXSID2027258,110,2.856209928702302e-07,0
DTXSID2027333,110,5.401222922784407e-07,0
DTXSID2027412,110,0.003575286657379116,0
DTXSID2027414,110,1.764595689768269e-06,0
DTXSID2027466,110,6.375304925800294e-07,0
DTXSID2027593,110,9.801281545218246e-06,0
DTXSID2027620,110,6.083572985368263e-11,0
DTXSID2027759,110,0.0,0
DTXSID2027830,110,4.0866381267579536e-19,0
DTXSID2027832,110,7.773881814272442e-20,0
DTXSID2027834,110,1.4801934205752985e-16,0
DTXSID2027884,110,0.0,0
DTXSID2027963,110,3.654864341768633e-06,0
DTXSID2028985,110,6.758193684662401e-07,0
DTXSID2029117,110,6.862643538124653e-11,0
DTXSID2029167,110,3.216027280656432e-06,0
DTXSID2029242,110,1.0950510474886582e-07,0
DTXSID2029246,110,0.9929142894281614,1
DTXSID2029290,110,7.228727074153001e-06,0
DTXSID2029298,110,3.797938455890015e-05,0
DTXSID2029325,110,0.0,0
DTXSID2029329,110,2.978946363305584e-05,0
DTXSID2029612,110,0.0,0
DTXSID2029616,110,6.9557217280295905e-06,0
DTXSID2029874,110,0.0019963456355151826,0
DTXSID2030695,110,2.824429852569941e-14,0
DTXSID2031089,110,0.9642419186890616,1
DTXSID2031374,110,1.511454231967146e-13,0
DTXSID2032342,110,0.016384035591384998,0
DTXSID2032344,110,0.006339279866744625,0
DTXSID2032348,110,0.9999996880744568,1
DTXSID2032390,110,0.0016794440965993307,0
DTXSID2032392,110,0.0,0
DTXSID2032398,110,4.170708306572266e-10,0
DTXSID2032500,110,7.858644278867986e-07,0
DTXSID2032502,110,0.0,0
DTXSID2032550,110,4.190705312226767e-18,0
DTXSID2032552,110,0.10477815993868211,0
DTXSID2032554,110,2.1231992912059874e-19,0
DTXSID2032556,110,4.9865057406753534e-06,0
DTXSID2032558,110,0.0006076280229092713,0
DTXSID2032631,110,0.0003280478604189458,0
DTXSID2032637,110,3.15870237440582e-05,0
DTXSID2032639,110,0.9999651018831601,1
DTXSID2032683,110,2.5235597336593097e-11,0
DTXSID2033314,110,0.8293563421574776,0
DTXSID20335129,110,3.6666696071543674e-08,0
DTXSID20335700,110,0.0,0
DTXSID20337446,110,1.0654643510569666e-13,0
DTXSID20337466,110,4.506898415314206e-11,0
DTXSID2034259,110,0.0,0
DTXSID2034465,110,9.792695866091402e-05,0
DTXSID2034542,110,4.287700310681958e-09,0
DTXSID2034590,110,0.0,0
DTXSID2034598,110,1.0796530181896744e-05,0
DTXSID2034625,110,0.13319388281566752,0
DTXSID2034627,110,0.0,0
DTXSID2034673,110,6.197867903033921e-12,0
DTXSID2034700,110,4.21496857765073e-12,0
DTXSID2034881,110,1.3298720784431927e-14,0
DTXSID2034885,110,0.0,0
DTXSID2034962,110,0.00013280317970881312,0
DTXSID2035013,110,0.0,0
DTXSID2036112,110,0.1576120439672509,0
DTXSID2036299,110,0.0038262284386811358,0
DTXSID2036588,110,3.1166733659404177e-05,0
DTXSID2036827,110,1.1764132663502893e-13,0
DTXSID2037502,110,0.08231840730274584,0
DTXSID20375106,110,0.0,0
DTXSID2037712,110,4.590577731029037e-05,0
DTXSID2037714,110,1.9428782184802247e-05,0
DTXSID20379947,110,8.790654793771518e-07,0
DTXSID2038732,110,1.9610093175197648e-11,0
DTXSID2038788,110,1.1247778863642157e-07,0
DTXSID2038813,110,1.7626269143237666e-12,0
DTXSID2039336,110,0.06102273574995832,0
DTXSID2040151,110,9.591665593614068e-06,0
DTXSID2040284,110,1.0005309378230843e-09,0
DTXSID2040361,110,0.00871200650958058,0
DTXSID2040363,110,0.0031025385848904075,0
DTXSID2040731,110,6.63363886273886e-05,0
DTXSID2040733,110,0.9997117220533245,1
DTXSID2040787,110,9.245804163550338e-20,0
DTXSID2041125,110,6.396866380320025e-06,0
DTXSID2041200,110,0.978581296412175,1
DTXSID2041206,110,0.0,0
DTXSID2041208,110,0.0005001814808556345,0
DTXSID2041250,110,2.2238161064345115e-08,0
DTXSID2041252,110,9.805696236824259e-15,0
DTXSID2041256,110,4.5992293121778155e-08,0
DTXSID2041389,110,2.7186205546858605e-15,0
DTXSID2041412,110,1.5937545108951037e-05,0
DTXSID2041416,110,1.6124675169455727e-06,0
DTXSID2041418,110,2.711840013273168e-09,0
DTXSID2041460,110,5.086486468853021e-08,0
DTXSID2041464,110,1.7457292611997606e-05,0
DTXSID2041622,110,1.4607713219517306e-05,0
DTXSID2041672,110,7.733295103668196e-09,0
DTXSID2041674,110,1.1003353512497375e-08,0
DTXSID2041703,110,0.005081029197379994,0
DTXSID2041709,110,0.00013842671424907737,0
DTXSID2041759,110,4.483859995106817e-13,0
DTXSID2042060,110,0.0,0
DTXSID2042062,110,1.4531970494073048e-05,0
DTXSID2042143,110,0.0,0
DTXSID2042191,110,0.0,0
DTXSID2042199,110,0.0,0
DTXSID2042276,110,1.674457023834164e-08,0
DTXSID2042436,110,7.184371184128475e-08,0
DTXSID2043903,110,7.276488460766351e-05,0
DTXSID20440585,110,2.3967879680938117e-09,0
DTXSID2044268,110,5.419360633501753e-18,0
DTXSID2044347,110,1.0873727872203257e-07,0
DTXSID2044391,110,6.846477403797166e-05,0
DTXSID2044395,110,7.228676499484916e-08,0
DTXSID2044428,110,1.6881131529895146e-08,0
DTXSID2044470,110,8.931794648756635e-09,0
DTXSID2044472,110,1.3628212864374572e-05,0
DTXSID2044476,110,3.1358483993062045e-10,0
DTXSID2044503,110,0.002922142072229325,0
DTXSID2044507,110,1.3012951046319682e-11,0
DTXSID2044509,110,0.0,0
DTXSID2044553,110,0.0003007670358999117,0
DTXSID2044713,110,0.00012816996481369405,0
DTXSID2044717,110,2.3885299721791886e-17,0
DTXSID2044719,110,0.004184482302343833,0
DTXSID2044763,110,9.84007726834466e-07,0
DTXSID2044765,110,6.638089320996523e-13,0
DTXSID2044767,110,2.4098343729194425e-11,0
DTXSID2044769,110,2.214991175585873e-06,0
DTXSID2044846,110,7.737381925482218e-12,0
DTXSID2044848,110,6.971458685581708e-09,0
DTXSID2044890,110,4.619755511284903e-05,0
DTXSID2044892,110,2.0293028801101917e-07,0
DTXSID2044896,110,2.3276832847724206e-08,0
DTXSID2044898,110,0.0,0
DTXSID2044927,110,8.964144877764078e-10,0
DTXSID2044929,110,0.0,0
DTXSID2044971,110,0.9216376328470751,1
DTXSID2044973,110,1.7336558640695754e-08,0
DTXSID2045076,110,1.677701090309856e-07,0
DTXSID2045232,110,0.0001328515889123961,0
DTXSID2047060,110,0.0,0
DTXSID2047062,110,2.724670641387756e-06,0
DTXSID2047066,110,0.0,0
DTXSID2047068,110,0.0,0
DTXSID2047141,110,8.513279789293453e-05,0
DTXSID2047145,110,7.0775332856451434e-06,0
DTXSID2047149,110,2.8885140853379595e-07,0
DTXSID2047191,110,5.0730527555319846e-06,0
DTXSID2047193,110,3.2797556477510036e-06,0
DTXSID2047195,110,2.171101282786915e-07,0
DTXSID2047197,110,2.755571026354582e-12,0
DTXSID2047199,110,0.00013774504698143227,0
DTXSID2047222,110,0.9473405370183741,1
DTXSID2047270,110,1.3778154834981535e-14,0
DTXSID2047272,110,0.9854573915399418,1
DTXSID2047274,110,1.6063061163444164e-14,0
DTXSID2047276,110,5.085228128534524e-20,0
DTXSID2047278,110,6.31161234510286e-10,0
DTXSID2047301,110,0.0,0
DTXSID2047303,110,5.184452693822126e-06,0
DTXSID2047305,110,2.2247374478140312e-11,0
DTXSID2047307,110,0.23512948447506238,0
DTXSID2047309,110,3.594861014114155e-14,0
DTXSID2047351,110,7.357988104865492e-13,0
DTXSID2047353,110,5.9356828606849385e-09,0
DTXSID2047355,110,0.0,0
DTXSID2047357,110,7.844598414371681e-15,0
DTXSID2047359,110,8.612544115931238e-05,0
DTXSID2047434,110,1.0384135424715427e-05,0
DTXSID2047436,110,1.2146556912420788e-11,0
DTXSID2047486,110,2.60762600538182e-07,0
DTXSID2047511,110,4.2915153981255975e-16,0
DTXSID2047517,110,1.3126953401434558e-05,0
DTXSID2047519,110,2.0367909399338036e-09,0
DTXSID2047565,110,0.0,0
DTXSID2047567,110,2.9264430065180876e-19,0
DTXSID2047642,110,2.294522218171843e-07,0
DTXSID2047644,110,2.9119863379297e-16,0
DTXSID2047646,110,2.9614933666496567e-06,0
DTXSID2047648,110,5.96489330639803e-20,0
DTXSID2047696,110,3.3450883357117945e-09,0
DTXSID2047721,110,4.592316626396315e-05,0
DTXSID2047725,110,5.802174623242214e-05,0
DTXSID2047727,110,2.9976775094217013e-09,0
DTXSID2048167,110,1.2124425982580511e-05,0
DTXSID2050403,110,1.562964692976026e-07,0
DTXSID2051477,110,3.524982519939163e-05,0
DTXSID2051631,110,5.401673699855354e-05,0
DTXSID2051687,110,0.014648014216627231,0
DTXSID2051716,110,0.0,0
DTXSID2051764,110,3.1583922267519377e-07,0
DTXSID2051895,110,8.95445642755709e-12,0
DTXSID2052281,110,4.0515181732666645e-10,0
DTXSID2052283,110,0.0,0
DTXSID2052289,110,6.672474035799298e-18,0
DTXSID2052310,110,1.556338639520481e-09,0
DTXSID2052447,110,5.9305637051500836e-08,0
DTXSID2052574,110,6.023221431889321e-06,0
DTXSID2052603,110,0.19394056821402564,0
DTXSID2052607,110,1.2997226096176373e-07,0
DTXSID2060965,110,0.0,0
DTXSID20858868,110,7.4219479410516455e-06,0
DTXSID20858883,110,7.447188028431583e-10,0
DTXSID20858888,110,5.476352282458971e-06,0
DTXSID20858904,110,9.299365637893627e-17,0
DTXSID20858909,110,1.449965431623195e-08,0
DTXSID20861913,110,0.0,0
DTXSID20872706,110,1.529237844245568e-10,0
DTXSID20872721,110,0.0,0
DTXSID20872726,110,3.2135487817914614e-10,0
DTXSID20872741,110,0.0,0
DTXSID20872746,110,3.910467899856289e-08,0
DTXSID20874028,110,1.7171684324328032e-06,0
DTXSID20880144,110,5.37289228654672e-09,0
DTXSID20881338,110,8.387279930683247e-11,0
DTXSID20903827,110,1.5792871199689406e-15,0
DTXSID20903842,110,7.152692980444926e-16,0
DTXSID20903847,110,1.1436282567187706e-07,0
DTXSID20903862,110,0.0,0
DTXSID20903867,110,0.0,0
DTXSID20903882,110,0.0,0
DTXSID20903887,110,0.0,0
DTXSID301339558,110,4.59311469702458e-20,0
DTXSID301339560,110,2.7012766810080447e-14,0
DTXSID301351794,110,0.0,0
DTXSID301351801,110,4.7859879666732065e-17,0
DTXSID30170109,110,1.0998055395827698e-06,0
DTXSID30190948,110,7.909466890972978e-05,0
DTXSID3020043,110,1.6431740626541472e-05,0
DTXSID3020047,110,1.012094286588524e-06,0
DTXSID3020091,110,1.8130959843593778e-05,0
DTXSID3020093,110,4.4286931096542744e-05,0
DTXSID3020122,110,0.001882535910591859,0
DTXSID3020205,110,0.0010311224343121834,0
DTXSID3020207,110,0.0,0
DTXSID3020209,110,0.013622474608742214,0
DTXSID3020257,110,2.6223248387939947e-08,0
DTXSID3020332,110,3.5385894232278342e-06,0
DTXSID3020336,110,4.1878312265830856e-11,0
DTXSID3020415,110,1.5009135859322833e-07,0
DTXSID3020465,110,0.002071465410698957,0
DTXSID3020621,110,2.1493079787248444e-09,0
DTXSID3020625,110,3.626142221525432e-05,0
DTXSID3020627,110,0.0,0
DTXSID3020629,110,2.206668594608526e-08,0
DTXSID3020671,110,4.401449359328347e-18,0
DTXSID3020673,110,0.0,0
DTXSID3020679,110,3.6092369762480654e-07,0
DTXSID3020704,110,6.690165074157768e-15,0
DTXSID3020706,110,0.0002929971928053629,0
DTXSID3020881,110,3.635219088375675e-09,0
DTXSID3020887,110,1.1068802684720243e-12,0
DTXSID3020889,110,0.0,0
DTXSID3020910,110,3.1967003722707223e-15,0
DTXSID3020912,110,1.6301381633978745e-07,0
DTXSID3020916,110,1.7041658817786085e-07,0
DTXSID3020918,110,3.0219746010271654e-19,0
DTXSID3020960,110,8.218885071086211e-10,0
DTXSID3020962,110,7.382160749638438e-06,0
DTXSID3020964,110,1.209181741402505e-07,0
DTXSID3020966,110,7.68389531160313e-06,0
DTXSID3021142,110,0.0,0
DTXSID3021190,110,1.2744330246007851e-09,0
DTXSID3021192,110,0.9042321824783769,1
DTXSID3021196,110,5.5269525193901984e-06,0
DTXSID3021275,110,2.8297642548066387e-08,0
DTXSID3021277,110,8.374855767140562e-05,0
DTXSID3021356,110,0.0,0
DTXSID3021358,110,0.0005571413195915509,0
DTXSID3021483,110,0.000220052877085002,0
DTXSID3021485,110,6.555559967413429e-06,0
DTXSID3021487,110,2.005251575647067e-07,0
DTXSID3021516,110,3.830594264672297e-09,0
DTXSID3021518,110,1.8679591037628415e-15,0
DTXSID3021641,110,0.3904959802247166,0
DTXSID3021643,110,0.6481416001273168,0
DTXSID3021645,110,4.6010092210655485e-06,0
DTXSID3021726,110,1.1360304004722442e-09,0
DTXSID3021770,110,0.0016050408484243567,0
DTXSID3021774,110,4.975296742219318e-10,0
DTXSID3021778,110,0.007822139395868576,0
DTXSID3021801,110,2.9575219425738274e-09,0
DTXSID3021805,110,0.9982676554902843,1
DTXSID3021807,110,1.8542094112048977e-14,0
DTXSID3021851,110,5.1721455144750243e-20,0
DTXSID3021853,110,6.477977785934435e-07,0
DTXSID3021932,110,2.0850741281105986e-17,0
DTXSID3021936,110,1.0891226005884423e-08,0
DTXSID3021938,110,0.0,0
DTXSID3021980,110,1.082435409167614e-05,0
DTXSID3021982,110,6.936591057515158e-08,0
DTXSID3021984,110,7.211455760220573e-07,0
DTXSID3021986,110,6.087028001780918e-08,0
DTXSID3022035,110,0.0,0
DTXSID3022085,110,8.568932993161313e-09,0
DTXSID3022162,110,0.1471396466443134,0
DTXSID3022164,110,2.5912544925892656e-11,0
DTXSID3022247,110,0.9472954169821814,1
DTXSID3022320,110,2.275294168360375e-05,0
DTXSID3022370,110,0.9378585161299392,1
DTXSID3022405,110,0.006202039660128555,0
DTXSID3022409,110,8.490859449070837e-06,0
DTXSID3022455,110,7.85275696423247e-06,0
DTXSID3022536,110,0.4842362023728446,0
DTXSID3022588,110,0.0009566358430274229,0
DTXSID3022667,110,0.0,0
DTXSID3022798,110,6.077941412328767e-16,0
DTXSID3022877,110,0.0,0
DTXSID3023471,110,5.086890257260175e-07,0
DTXSID3023556,110,5.93829714799087e-07,0
DTXSID3023685,110,1.0488056301803053e-08,0
DTXSID3023764,110,2.2557524459862016e-06,0
DTXSID3023845,110,6.379961410210769e-07,0
DTXSID3023897,110,0.18744088161937209,0
DTXSID3023899,110,5.605339945349982e-05,0
DTXSID3023974,110,7.724512827291593e-10,0
DTXSID3024100,110,0.00010260445008645104,0
DTXSID3024102,110,4.076009731092059e-05,0
DTXSID3024104,110,1.545198514879126e-05,0
DTXSID3024152,110,0.016446128978917493,0
DTXSID3024154,110,0.003275224332057195,0
DTXSID3024235,110,0.00048603464019994865,0
DTXSID3024239,110,5.5739541521885515e-12,0
DTXSID3024287,110,0.15299786288208006,0
DTXSID3024289,110,1.5224476232020183e-10,0
DTXSID3024316,110,1.5216936831847686e-06,0
DTXSID3024318,110,9.7887212307586e-08,0
DTXSID3024364,110,0.0,0
DTXSID3024366,110,0.7557814996378394,0
DTXSID3024368,110,2.347563092297189e-10,0
DTXSID3024491,110,1.325483852413467e-07,0
DTXSID3024528,110,7.633338336587348e-10,0
DTXSID3024657,110,1.0989385508536925e-05,0
DTXSID3024738,110,2.8469635039330845e-18,0
DTXSID3024780,110,1.019514284944984e-05,0
DTXSID3024861,110,4.101933604606495e-20,0
DTXSID3024869,110,5.757804745102183e-08,0
DTXSID3024940,110,3.789464635081684e-09,0
DTXSID3024944,110,7.207027366536108e-10,0
DTXSID3024994,110,3.48212555653909e-18,0
DTXSID3025047,110,1.5607532809430453e-17,0
DTXSID3025049,110,4.285035182592017e-19,0
DTXSID3025091,110,1.428385719846941e-06,0
DTXSID3025122,110,4.419622711731569e-09,0
DTXSID3025170,110,0.0,0
DTXSID3025178,110,2.5127499503845756e-11,0
DTXSID3025209,110,5.073294592056149e-09,0
DTXSID3025253,110,7.23707766623621e-05,0
DTXSID3025461,110,1.3327909987026144e-05,0
DTXSID3025465,110,0.005556975148321502,0
DTXSID3025469,110,0.0,0
DTXSID3025540,110,0.9761278808546635,1
DTXSID3025881,110,1.7952292174364296e-15,0
DTXSID3026065,110,1.8249675648378012e-09,0
DTXSID3026223,110,1.8810503890023668e-06,0
DTXSID3026302,110,0.0008177534417049761,0
DTXSID3026514,110,1.3052095474183785e-05,0
DTXSID3026560,110,3.5085269564405494e-13,0
DTXSID3026562,110,5.30544620721975e-07,0
DTXSID3026564,110,6.81089912123721e-10,0
DTXSID3026566,110,0.012947709556428346,0
DTXSID3026641,110,3.829081885008853e-19,0
DTXSID3026645,110,1.662371545088533e-08,0
DTXSID3026647,110,2.1221297242836607e-08,0
DTXSID3026691,110,1.3157159570832253e-10,0
DTXSID3026697,110,6.635846157908092e-09,0
DTXSID3026726,110,0.0,0
DTXSID3026728,110,9.53032840138396e-13,0
DTXSID3027039,110,6.134158912784985e-10,0
DTXSID3027085,110,0.0,0
DTXSID3027241,110,2.4652339664007377e-05,0
DTXSID3027293,110,1.674061770786488e-11,0
DTXSID3027297,110,5.568912118031348e-17,0
DTXSID3027320,110,0.0,0
DTXSID3027322,110,1.3813852834779748e-08,0
DTXSID3027401,110,2.8161795066898303e-08,0
DTXSID3027403,110,2.3645384016435107e-15,0
DTXSID3027407,110,0.0,0
DTXSID3027530,110,2.6149242575542738e-21,0
DTXSID3027584,110,4.4701789183773386e-13,0
DTXSID3027588,110,0.9714321738346604,1
DTXSID3027615,110,1.3162428179527879e-17,0
DTXSID3027792,110,8.543649224180572e-05,0
DTXSID3027798,110,1.9721200884138507e-06,0
DTXSID3027875,110,1.8276406010092135e-06,0
DTXSID3027877,110,0.001099115450699686,0
DTXSID3027902,110,2.617432495854673e-09,0
DTXSID3028005,110,3.15364614059429e-16,0
DTXSID3029154,110,1.2731056733012213e-09,0
DTXSID3029237,110,1.3059670199515922e-13,0
DTXSID3029289,110,6.713185441837669e-16,0
DTXSID3029364,110,3.6205090302741833e-07,0
DTXSID3029572,110,0.0,0
DTXSID3029607,110,2.7928168784351494e-19,0
DTXSID3029653,110,1.7506325413866788e-12,0
DTXSID3029869,110,1.1072237661067706e-06,0
DTXSID3030428,110,0.0,0
DTXSID3030636,110,0.0034614097436813083,0
DTXSID3031492,110,0.0,0
DTXSID3031860,110,0.9998999889589776,1
DTXSID3031862,110,5.037714349816089e-14,0
DTXSID3031864,110,0.8362834838773415,0
DTXSID3032331,110,0.0050748096404935935,0
DTXSID3032337,110,1.853401335749727e-09,0
DTXSID3032389,110,5.002128803262603e-07,0
DTXSID3032412,110,4.2119599416523566e-11,0
DTXSID3032416,110,1.2935666678857782e-05,0
DTXSID3032464,110,3.1778276931785968e-06,0
DTXSID3032541,110,0.0001390737566297162,0
DTXSID3032547,110,0.0,0
DTXSID3032549,110,4.593759228114009e-05,0
DTXSID3032591,110,1.1900107767621914e-07,0
DTXSID3032620,110,1.1427897652749783e-07,0
DTXSID3032622,110,8.481470392082257e-11,0
DTXSID3032624,110,2.455033335793396e-07,0
DTXSID3032626,110,0.04517183666812576,0
DTXSID3032628,110,6.17553252576125e-18,0
DTXSID3032670,110,6.403496239092084e-14,0
DTXSID3033307,110,0.002285178911962529,0
DTXSID30340244,110,5.397260594658931e-07,0
DTXSID3034113,110,4.599877104422999e-13,0
DTXSID3034165,110,0.0005111841252750408,0
DTXSID3034402,110,0.0022799022684849937,0
DTXSID3034456,110,2.139549155322126e-08,0
DTXSID3034458,110,5.318717159595234e-07,0
DTXSID3034531,110,9.203438312063869e-09,0
DTXSID3034583,110,1.420846975047044e-06,0
DTXSID3034612,110,0.0006335259535145427,0
DTXSID3034614,110,0.006107520617045116,0
DTXSID3034618,110,9.290264579535556e-06,0
DTXSID3034664,110,0.0007285644397969338,0
DTXSID3034872,110,3.9737282078195095e-16,0
DTXSID3035214,110,6.850158855413199e-05,0
DTXSID3035341,110,7.670727862461155e-07,0
DTXSID3036105,110,0.0,0
DTXSID3036286,110,8.88442886293306e-18,0
DTXSID3036288,110,9.627211764139809e-11,0
DTXSID3036496,110,7.919009390233477e-05,0
DTXSID3036525,110,0.0,0
DTXSID3037094,110,0.9995371170710838,1
DTXSID3037208,110,0.009511957197205606,0
DTXSID3037541,110,0.09725305969818235,0
DTXSID3037707,110,1.2054812766586953e-11,0
DTXSID3037709,110,7.855208241293258e-06,0
DTXSID3037757,110,1.747003816452624e-08,0
DTXSID30378880,110,3.8963080351033636e-11,0
DTXSID30382063,110,0.0,0
DTXSID30382104,110,0.94543242016159,1
DTXSID3038696,110,0.3531768407790696,0
DTXSID3038771,110,0.2965789642407891,0
DTXSID3038800,110,6.363690730734017e-18,0
DTXSID3038808,110,1.6155539769909e-07,0
DTXSID3038939,110,0.046360564607995786,0
DTXSID30395037,110,1.3355880523062062e-08,0
DTXSID30396867,110,2.4640017446855986e-06,0
DTXSID3040271,110,6.093643475169757e-09,0
DTXSID3040300,110,4.360284452736974e-13,0
DTXSID3040352,110,0.9982406531953288,1
DTXSID3040693,110,2.250729307130109e-13,0
DTXSID3040697,110,0.0,0
DTXSID3040699,110,2.2888492368254836e-05,0
DTXSID3040720,110,0.004733810968562762,0
DTXSID3040722,110,0.008067194399860542,0
DTXSID3040728,110,3.0257893949100816e-14,0
DTXSID3040776,110,1.1928472524318017e-05,0
DTXSID3041035,110,0.0,0
DTXSID3041247,110,2.0679178790010492e-09,0
DTXSID3041293,110,0.000692152892844058,0
DTXSID3041299,110,3.3683664126339215e-17,0
DTXSID3041372,110,0.00015680149207050688,0
DTXSID3041376,110,2.3811013936294812e-06,0
DTXSID3041405,110,6.292608577707676e-07,0
DTXSID3041409,110,6.111259767551664e-07,0
DTXSID3041530,110,0.5901885416156896,0
DTXSID3041580,110,1.268275973707155e-10,0
DTXSID3041611,110,0.9982486874751274,1
DTXSID3041615,110,6.299739988302523e-06,0
DTXSID3041661,110,3.973827550388348e-06,0
DTXSID3041663,110,4.5318840740974445e-07,0
DTXSID3041665,110,3.085836073744961e-09,0
DTXSID3041744,110,0.0,0
DTXSID3041790,110,1.5547913199004183e-05,0
DTXSID3041794,110,2.2490072796801443e-09,0
DTXSID3041877,110,0.0,0
DTXSID3041954,110,2.457490889731435e-06,0
DTXSID3042007,110,0.9969332222165578,1
DTXSID3042059,110,0.01463998625045136,0
DTXSID3042130,110,2.7692623064810602e-06,0
DTXSID3042219,110,1.5956826923107193e-12,0
DTXSID3042263,110,6.982398386131449e-05,0
DTXSID3042269,110,3.7532609560259475e-08,0
DTXSID3042390,110,1.5353907131052878e-05,0
DTXSID3042394,110,5.648580277589791e-10,0
DTXSID3042423,110,0.0,0
DTXSID3042477,110,6.487237653295455e-07,0
DTXSID3042500,110,0.8667170173072927,0
DTXSID3042508,110,8.614451511569337e-05,0
DTXSID3042633,110,0.0,0
DTXSID3044201,110,0.00015712151452002273,0
DTXSID3044203,110,3.002919701100573e-06,0
DTXSID3044205,110,1.0053511542489877e-07,0
DTXSID3044332,110,0.0,0
DTXSID3044338,110,1.3364633810838277e-11,0
DTXSID3044380,110,0.0,0
DTXSID3044384,110,2.1709143125139976e-05,0
DTXSID3044413,110,1.390605736296636e-07,0
DTXSID3044415,110,4.878157092765809e-09,0
DTXSID3044461,110,6.153751578243646e-08,0
DTXSID3044463,110,6.107295424331653e-08,0
DTXSID3044465,110,1.272282912504989e-09,0
DTXSID3044544,110,0.0,0
DTXSID3044590,110,7.246110915142693e-18,0
DTXSID3044598,110,6.093055946076781e-08,0
DTXSID3044621,110,1.7569442592321414e-08,0
DTXSID3044629,110,9.27757812271956e-09,0
DTXSID3044700,110,1.2959075727929692e-19,0
DTXSID3044702,110,3.4037417955814955e-09,0
DTXSID3044704,110,2.27892484602215e-09,0
DTXSID3044750,110,0.0,0
DTXSID3044752,110,0.04493398535337059,0
DTXSID3044754,110,7.223244470474043e-12,0
DTXSID3044831,110,2.294579956816123e-08,0
DTXSID3044833,110,0.00019719691782492708,0
DTXSID3044835,110,5.126877035755774e-19,0
DTXSID3044883,110,1.7719900549527894e-17,0
DTXSID3044889,110,5.081747400596824e-07,0
DTXSID3044910,110,9.645328103452283e-15,0
DTXSID3044914,110,1.6243453039151956e-06,0
DTXSID3044918,110,1.5954228482288183e-07,0
DTXSID3044960,110,4.848551402949354e-07,0
DTXSID3044962,110,5.038204336322534e-05,0
DTXSID3044966,110,0.0,0
DTXSID3047001,110,0.0003329534030257205,0
DTXSID3047051,110,1.7642714995332634e-16,0
DTXSID3047053,110,8.783456513963333e-19,0
DTXSID3047055,110,4.142945218233145e-06,0
DTXSID3047057,110,0.0,0
DTXSID3047059,110,4.6052358074757226e-14,0
DTXSID3047130,110,0.0,0
DTXSID3047136,110,4.6430502596415903e-07,0
DTXSID3047138,110,2.8359616562677067e-15,0
DTXSID3047180,110,5.818190510614863e-16,0
DTXSID3047184,110,0.0,0
DTXSID3047186,110,0.00011052844962535501,0
DTXSID3047188,110,1.2139317829810616e-08,0
DTXSID3047261,110,2.2020467380345025e-09,0
DTXSID3047263,110,0.0,0
DTXSID3047265,110,0.0,0
DTXSID3047267,110,0.0,0
DTXSID3047342,110,8.917401017490518e-19,0
DTXSID3047344,110,4.1154752943901726e-18,0
DTXSID3047346,110,7.957266901482258e-17,0
DTXSID3047348,110,2.9132452274445173e-07,0
DTXSID3047394,110,2.0471419633173775e-17,0
DTXSID3047425,110,6.539338133635336e-11,0
DTXSID3047429,110,7.743589793499077e-06,0
DTXSID3047471,110,3.1014072069660563e-07,0
DTXSID3047473,110,4.7736426205272765e-08,0
DTXSID3047477,110,2.6558170868157734e-14,0
DTXSID3047508,110,3.307954615224773e-10,0
DTXSID3047552,110,4.5815756374045023e-07,0
DTXSID3047554,110,4.359984576106677e-21,0
DTXSID3047558,110,6.661770263702254e-09,0
DTXSID3047633,110,7.2929582363519295e-06,0
DTXSID3047639,110,9.143953620949746e-06,0
DTXSID3047712,110,0.0004428995692027644,0
DTXSID3047716,110,8.534075655495747e-12,0
DTXSID3047760,110,0.0,0
DTXSID3047891,110,3.771553864897455e-17,0
DTXSID3048520,110,1.186839507235059e-06,0
DTXSID3051381,110,3.4754796402433785e-14,0
DTXSID3051707,110,0.00019479705599319478,0
DTXSID3051834,110,1.508871469786083e-07,0
DTXSID3051836,110,0.0,0
DTXSID3052010,110,4.15879013289932e-13,0
DTXSID3052060,110,2.2198410957089473e-08,0
DTXSID3052228,110,2.8579512214421886e-12,0
DTXSID3052278,110,2.9247953785109486e-11,0
DTXSID3052301,110,0.0,0
DTXSID3052307,110,0.0,0
DTXSID3052309,110,1.3906269251821148e-19,0
DTXSID3052511,110,0.0,0
DTXSID3052567,110,2.0107706073585883e-05,0
DTXSID3052648,110,0.0018510478479501823,0
DTXSID3059921,110,5.031321839387204e-12,0
DTXSID3059927,110,3.8847976301065686e-10,0
DTXSID3059971,110,0.0,0
DTXSID30627108,110,5.8657371844058844e-05,0
DTXSID3065586,110,0.0,0
DTXSID3066215,110,2.3153765701698685e-12,0
DTXSID30858874,110,5.149490792693217e-08,0
DTXSID30858879,110,4.310502448961096e-11,0
DTXSID30858894,110,5.335434894123439e-10,0
DTXSID30858899,110,5.634081553491516e-08,0
DTXSID30858910,110,0.0,0
DTXSID30858915,110,0.00022622158846459864,0
DTXSID30865801,110,1.4649155334211609e-08,0
DTXSID30872712,110,0.0,0
DTXSID30872717,110,0.0,0
DTXSID30872732,110,3.074030938395843e-15,0
DTXSID30872737,110,8.188345875520818e-08,0
DTXSID30872752,110,5.919278548128779e-11,0
DTXSID30872757,110,2.1270857933493105e-07,0
DTXSID30880413,110,3.72050483326278e-14,0
DTXSID30891564,110,1.4766918674674235e-06,0
DTXSID30903833,110,2.2831068298347497e-19,0
DTXSID30903838,110,1.313030441610194e-10,0
DTXSID30903853,110,2.1383344101602192e-08,0
DTXSID30903858,110,0.0,0
DTXSID30903873,110,0.0,0
DTXSID30903878,110,0.0,0
DTXSID30903893,110,0.0,0
DTXSID40108559,110,2.3148193510545087e-08,0
DTXSID401339551,110,0.0037018964319694442,0
DTXSID401351804,110,0.0016152806840902506,0
DTXSID40187142,110,1.2628880778355867e-10,0
DTXSID4020088,110,5.739767640335498e-18,0
DTXSID4020119,110,0.0010295367709406728,0
DTXSID4020161,110,6.97839797250514e-07,0
DTXSID4020240,110,1.4193585558300384e-07,0
DTXSID4020242,110,8.997310530362569e-07,0
DTXSID4020248,110,1.2858180638483305e-09,0
DTXSID4020290,110,1.3942070870588948e-15,0
DTXSID4020292,110,0.05259420833600959,0
DTXSID4020294,110,0.0,0
DTXSID4020321,110,7.390023480059027e-21,0
DTXSID4020371,110,1.993526666804478e-17,0
DTXSID4020373,110,0.00022001993902117013,0
DTXSID4020375,110,5.309457682277359e-13,0
DTXSID4020379,110,2.684266300563464e-05,0
DTXSID4020402,110,2.6279975799338853e-15,0
DTXSID40204489,110,7.286141435326869e-11,0
DTXSID4020450,110,7.270066591779112e-05,0
DTXSID4020458,110,4.0159510702183295e-10,0
DTXSID4020537,110,1.064446370864231e-08,0
DTXSID4020539,110,1.4848415808812459e-06,0
DTXSID4020589,110,1.0754496033109143e-07,0
DTXSID4020612,110,3.761578266745219e-10,0
DTXSID4020616,110,0.0,0
DTXSID4020618,110,1.624620713435471e-05,0
DTXSID4020664,110,3.1592055526154493e-09,0
DTXSID4020666,110,0.0,0
DTXSID4020743,110,0.0,0
DTXSID4020791,110,0.9668385189669856,1
DTXSID4020820,110,7.030936039637913e-05,0
DTXSID4020822,110,0.0,0
DTXSID4020828,110,2.5119241161085725e-17,0
DTXSID4020870,110,0.002075303190999176,0
DTXSID4020957,110,2.73276395289393e-06,0
DTXSID4020959,110,4.968770742045911e-08,0
DTXSID4021002,110,8.540776277073828e-07,0
DTXSID4021006,110,1.1263168122609109e-10,0
DTXSID4021056,110,1.9290407850130025e-06,0
DTXSID4021131,110,2.665800647753075e-19,0
DTXSID4021135,110,1.8335413711662895e-11,0
DTXSID4021137,110,3.3522004631206056e-06,0
DTXSID4021185,110,3.7643467288748756e-08,0
DTXSID4021189,110,1.4743322648949119e-05,0
DTXSID4021214,110,0.14798445593428208,0
DTXSID4021218,110,2.9167649062393e-14,0
DTXSID4021268,110,3.1330475019860026e-15,0
DTXSID4021343,110,1.9379792270898562e-12,0
DTXSID4021347,110,5.5714565751859e-15,0
DTXSID4021391,110,9.076784221062877e-20,0
DTXSID4021393,110,2.6335027055003248e-09,0
DTXSID4021395,110,0.0,0
DTXSID4021426,110,6.677941772726887e-18,0
DTXSID4021472,110,5.0089280168716816e-08,0
DTXSID4021478,110,0.9851718398103562,1
DTXSID4021553,110,2.3593041901944555e-07,0
DTXSID4021557,110,1.3064660954602762e-07,0
DTXSID4021559,110,5.292142973364834e-08,0
DTXSID4021715,110,3.509624702206312e-14,0
DTXSID4021717,110,0.0,0
DTXSID4021769,110,2.9278740614195816e-08,0
DTXSID4021842,110,2.816980705783342e-07,0
DTXSID4021848,110,1.5150624021594399e-07,0
DTXSID4021892,110,1.3180753742178772e-13,0
DTXSID4021894,110,4.376449322390551e-10,0
DTXSID4021921,110,3.153752281930527e-17,0
DTXSID4021923,110,0.0,0
DTXSID4021971,110,2.1582663993654993e-06,0
DTXSID4021973,110,7.624764877136647e-18,0
DTXSID4021975,110,0.07251129613688052,0
DTXSID4021977,110,4.515362458007192e-08,0
DTXSID4022020,110,0.0007736290839135212,0
DTXSID4022070,110,0.9909748538211081,1
DTXSID4022107,110,9.160900127814145e-08,0
DTXSID4022109,110,4.464460627989795e-06,0
DTXSID4022153,110,3.3317718221063705e-07,0
DTXSID4022284,110,1.7631757230920542e-11,0
DTXSID4022288,110,0.0022938610935867125,0
DTXSID4022311,110,1.7807476788139052e-08,0
DTXSID4022313,110,0.9960075141827477,1
DTXSID4022361,110,0.00015446307435396366,0
DTXSID4022367,110,0.00016123723071046723,0
DTXSID4022369,110,5.595676008361902e-07,0
DTXSID4022442,110,5.9567833131774304e-05,0
DTXSID4022446,110,0.0110517731909583,0
DTXSID4022448,110,3.543541847741219e-08,0
DTXSID4022521,110,2.04522079311891e-12,0
DTXSID4022523,110,1.1403162436695006e-06,0
DTXSID4022525,110,9.641310831370008e-16,0
DTXSID4022527,110,1.5803306123587203e-08,0
DTXSID4022529,110,4.882377960131261e-13,0
DTXSID4022602,110,5.110502718433244e-16,0
DTXSID4022731,110,0.0,0
DTXSID4022991,110,3.251446256292691e-10,0
DTXSID4022999,110,1.1641526945515306e-06,0
DTXSID4023200,110,0.6252948429212829,0
DTXSID4023202,110,1.6743665363105625e-07,0
DTXSID4023412,110,2.2075979512705583e-17,0
DTXSID40235137,110,1.891738696388189e-12,0
DTXSID4023541,110,4.337628771500142e-07,0
DTXSID4023622,110,2.80340738263044e-07,0
DTXSID4023624,110,9.815305870317484e-07,0
DTXSID4024012,110,0.0,0
DTXSID4024018,110,1.252581327514708e-14,0
DTXSID4024062,110,7.545044093688036e-05,0
DTXSID4024066,110,9.383560573820425e-06,0
DTXSID4024143,110,3.300768607268489e-06,0
DTXSID4024145,110,3.1804505359729213e-18,0
DTXSID4024193,110,2.8025439466198526e-06,0
DTXSID4024195,110,0.0,0
DTXSID4024270,110,0.5764421368231694,0
DTXSID4024272,110,2.08530910082513e-05,0
DTXSID4024274,110,9.30117548550678e-05,0
DTXSID4024276,110,0.0015471528370854532,0
DTXSID4024359,110,7.102954154077143e-08,0
DTXSID4024436,110,2.1825641506352077e-17,0
DTXSID4024721,110,0.00010270755322371421,0
DTXSID4024729,110,3.7449685428092414e-10,0
DTXSID4024775,110,6.783934227146413e-17,0
DTXSID4024931,110,2.0636574859578792e-20,0
DTXSID4024937,110,0.012299318964152824,0
DTXSID4024985,110,4.609851531919061e-11,0
DTXSID4025080,110,9.558591888674173e-11,0
DTXSID4025082,110,4.329530193307209e-09,0
DTXSID4025292,110,1.1450613386519454e-10,0
DTXSID4025296,110,2.7313504829726224e-08,0
DTXSID4025406,110,0.0,0
DTXSID4025610,110,0.0002369331517265946,0
DTXSID4025612,110,4.8153846649940424e-08,0
DTXSID4025662,110,0.8052268923904831,0
DTXSID4025668,110,1.8366504731545465e-05,0
DTXSID4025791,110,1.4336834642581624e-11,0
DTXSID4025793,110,9.661180708829266e-10,0
DTXSID4025824,110,0.0,0
DTXSID4026181,110,2.6204591543259196e-06,0
DTXSID4026183,110,4.75639540191246e-05,0
DTXSID4026214,110,2.519048135669232e-08,0
DTXSID4026216,110,0.00034350146358897273,0
DTXSID4026262,110,0.00017878770180026785,0
DTXSID4026266,110,4.298676022829486e-16,0
DTXSID4026501,110,7.090640888010242e-07,0
DTXSID4026557,110,2.2373209745607883e-12,0
DTXSID4026684,110,0.651741628455504,0
DTXSID4026769,110,5.719406650303671e-17,0
DTXSID4026842,110,7.525846049308546e-06,0
DTXSID4026921,110,0.0,0
DTXSID4026975,110,0.0,0
DTXSID4027072,110,3.0401701668757113e-05,0
DTXSID4027076,110,2.4360560787312674e-09,0
DTXSID4027103,110,1.688508749350694e-06,0
DTXSID4027153,110,6.779334975460292e-07,0
DTXSID4027236,110,8.739395374195158e-07,0
DTXSID4027280,110,0.005423153365338098,0
DTXSID4027282,110,0.0012530550438370285,0
DTXSID4027284,110,1.9640507261053154e-09,0
DTXSID4027288,110,4.348682259027341e-06,0
DTXSID4027361,110,2.0715595766928164e-15,0
DTXSID4027367,110,7.304538976020059e-06,0
DTXSID4027494,110,2.8881584299870478e-18,0
DTXSID4027496,110,1.2632010251197198e-05,0
DTXSID4027498,110,1.2806232538681253e-09,0
DTXSID4027525,110,7.192832839336067e-09,0
DTXSID4027527,110,0.025215815528152375,0
DTXSID4027579,110,4.780480496091267e-07,0
DTXSID4027604,110,4.672414572485753e-16,0
DTXSID4027608,110,5.503264385345459e-07,0
DTXSID4027650,110,6.9311706359358e-15,0
DTXSID4027656,110,2.461999689539165e-07,0
DTXSID4027781,110,7.310968166014747e-15,0
DTXSID4027789,110,2.847559282083185e-07,0
DTXSID4027868,110,0.0,0
DTXSID4027991,110,3.3000282438320512e-12,0
DTXSID4027997,110,9.677265866392554e-10,0
DTXSID4028880,110,0.024734866988674303,0
DTXSID4028967,110,8.512599035289176e-13,0
DTXSID4029145,110,8.593880477141146e-09,0
DTXSID4029149,110,4.469258090535601e-07,0
DTXSID4029353,110,0.7433680699091569,0
DTXSID4029359,110,2.145316437642524e-09,0
DTXSID4029565,110,3.7059710363334567e-07,0
DTXSID4029692,110,3.093852167658445e-07,0
DTXSID4029698,110,1.3329434565447514e-05,0
DTXSID4030336,110,3.686660879890032e-20,0
DTXSID4031356,110,5.650210510070388e-06,0
DTXSID4031980,110,0.0012592622734271077,0
DTXSID4032372,110,7.603647765592537e-11,0
DTXSID4032376,110,0.003300497417692461,0
DTXSID4032405,110,0.005909757605058051,0
DTXSID4032459,110,5.615582427984474e-07,0
DTXSID4032532,110,0.0019060337323069543,0
DTXSID4032580,110,0.9233627734058052,1
DTXSID4032611,110,0.00032239102569933393,0
DTXSID4032613,110,2.7699686990378596e-15,0
DTXSID4032615,110,0.00012769794999925607,0
DTXSID4032619,110,2.3208095457237675e-08,0
DTXSID4032667,110,5.130191315769929e-05,0
DTXSID4034150,110,0.9995692470630887,1
DTXSID4034287,110,1.7443283458714816e-10,0
DTXSID4034364,110,0.033217715907353965,0
DTXSID4034497,110,3.195233708299856e-09,0
DTXSID4034528,110,0.8925817118478583,0
DTXSID4034576,110,0.000379816215300905,0
DTXSID4034601,110,3.4359281856161246e-07,0
DTXSID4034609,110,3.396955808993183e-07,0
DTXSID4034653,110,1.0442110334237951e-05,0
DTXSID4034788,110,4.4790207040828743e-07,0
DTXSID4034869,110,0.0,0
DTXSID4034948,110,0.007487353055077044,0
DTXSID4035209,110,1.835499333185976e-09,0
DTXSID4035708,110,1.3278318232408452e-08,0
DTXSID4035839,110,0.8963389456494473,0
DTXSID4036229,110,0.0,0
DTXSID4036435,110,0.0,0
DTXSID4037580,110,5.734206603922903e-09,0
DTXSID4037584,110,0.0,0
DTXSID4037611,110,2.470230790001574e-09,0
DTXSID40379666,110,4.471933320755459e-17,0
DTXSID40380257,110,0.0,0
DTXSID40380797,110,0.0012617124220133974,0
DTXSID4038346,110,2.8244715599357113e-10,0
DTXSID4038762,110,3.232645664289836e-10,0
DTXSID4038847,110,2.4308513344076454e-17,0
DTXSID4038899,110,3.968627923887567e-14,0
DTXSID4038922,110,0.9999049626367985,1
DTXSID4038924,110,0.0,0
DTXSID4038926,110,1.3588029937619904e-07,0
DTXSID4039231,110,3.546421630470167e-16,0
DTXSID4039233,110,2.603317805334352e-14,0
DTXSID4040002,110,0.000317469788853874,0
DTXSID4040264,110,6.19778152388403e-06,0
DTXSID4040268,110,0.00023476065748782176,0
DTXSID4040343,110,4.446733929478943e-06,0
DTXSID4040476,110,2.3147040478787283e-07,0
DTXSID4040711,110,3.900835915262499e-08,0
DTXSID4040713,110,0.0,0
DTXSID4040719,110,2.7468257257000957e-08,0
DTXSID4040765,110,0.962141556627918,1
DTXSID4040767,110,1.6840358580109607e-14,0
DTXSID4041230,110,1.613906908091593e-08,0
DTXSID4041232,110,0.09450613114161012,0
DTXSID4041234,110,3.9620509514387186e-11,0
DTXSID4041238,110,3.6894114903543547e-10,0
DTXSID4041280,110,1.8610336953684876e-09,0
DTXSID4041284,110,4.419122798801933e-09,0
DTXSID4041317,110,1.3488036164223362e-10,0
DTXSID4041361,110,3.6574553455544405e-10,0
DTXSID4041367,110,3.3004543437213797e-07,0
DTXSID4041440,110,5.458162620712814e-10,0
DTXSID4041442,110,6.68191936704423e-05,0
DTXSID4041444,110,5.032266747795253e-08,0
DTXSID4041490,110,0.3748785098879708,0
DTXSID4041492,110,8.989774550246589e-07,0
DTXSID4041521,110,4.639271777415239e-07,0
DTXSID4041527,110,3.035100272288467e-06,0
DTXSID4041529,110,5.294217843008622e-18,0
DTXSID4041573,110,5.78852282553866e-12,0
DTXSID4041575,110,5.647958231371942e-09,0
DTXSID4041604,110,6.205347947996354e-09,0
DTXSID4041654,110,4.940267074092703e-07,0
DTXSID4041812,110,1.6972040882779245e-07,0
DTXSID4041818,110,4.631029700834391e-06,0
DTXSID4042094,110,1.1669771968457821e-08,0
DTXSID4042096,110,6.612189579704778e-06,0
DTXSID4042121,110,0.8660826677742353,0
DTXSID4042171,110,4.2023314232171676e-05,0
DTXSID4042206,110,2.8038482011583344e-13,0
DTXSID4042256,110,2.3351560856333805e-07,0
DTXSID4042335,110,4.924660481842351e-13,0
DTXSID4042337,110,8.336673435717211e-08,0
DTXSID4042416,110,7.894842191687751e-09,0
DTXSID4042418,110,8.712668421758311e-12,0
DTXSID4043937,110,1.3969624990682873e-11,0
DTXSID4044161,110,0.0,0
DTXSID4044371,110,3.374569464828935e-10,0
DTXSID4044375,110,9.519359086303675e-08,0
DTXSID4044379,110,5.34301130775423e-09,0
DTXSID4044454,110,0.7938898775613619,0
DTXSID4044456,110,4.679014477668034e-11,0
DTXSID4044535,110,1.9053615205922343e-07,0
DTXSID4044537,110,0.0004736133033554554,0
DTXSID4044581,110,1.007625538035543e-17,0
DTXSID4044587,110,1.3568928264823106e-10,0
DTXSID4044616,110,7.170612606925384e-06,0
DTXSID4044664,110,1.3485283073119637e-06,0
DTXSID4044668,110,1.4473667653116314e-05,0
DTXSID4044747,110,4.822204581805135e-09,0
DTXSID4044791,110,1.3783002048135595e-12,0
DTXSID4044793,110,3.840050130928871e-07,0
DTXSID4044799,110,9.04282750321711e-08,0
DTXSID4044822,110,3.111165664004936e-06,0
DTXSID4044824,110,9.276159117085271e-11,0
DTXSID4044826,110,1.0797689304800812e-09,0
DTXSID4044828,110,2.2284173757897797e-07,0
DTXSID4044870,110,0.0,0
DTXSID4044872,110,2.561596576139122e-05,0
DTXSID4044901,110,1.442019207357393e-18,0
DTXSID4044905,110,1.8152586683739575e-07,0
DTXSID4044909,110,5.299436385093335e-08,0
DTXSID4044951,110,3.7689305834468753e-10,0
DTXSID4044953,110,1.9476370267163423e-12,0
DTXSID4044955,110,5.981950217830683e-07,0
DTXSID4046448,110,0.0,0
DTXSID4046999,110,1.9126202009293566e-07,0
DTXSID4047042,110,5.258242987596492e-15,0
DTXSID4047044,110,0.0,0
DTXSID4047046,110,2.766549161386688e-13,0
DTXSID4047092,110,5.7575399831393305e-05,0
DTXSID4047094,110,0.0,0
DTXSID4047098,110,3.828022729336593e-12,0
DTXSID4047123,110,6.5742103739345e-11,0
DTXSID4047125,110,1.5422376740929548e-12,0
DTXSID4047127,110,2.1443282664722067e-12,0
DTXSID4047129,110,1.4168859344125726e-09,0
DTXSID4047173,110,2.0597414798329127e-06,0
DTXSID4047177,110,0.0,0
DTXSID4047179,110,2.3625511124031433e-16,0
DTXSID4047200,110,4.0301012846030147e-07,0
DTXSID4047202,110,2.396932084519818e-05,0
DTXSID4047252,110,2.5054529554991906e-05,0
DTXSID4047254,110,3.045162656175953e-07,0
DTXSID4047258,110,0.0,0
DTXSID4047331,110,7.341590119040954e-11,0
DTXSID4047333,110,7.818077259184288e-05,0
DTXSID4047335,110,2.808935678859384e-10,0
DTXSID4047337,110,0.008731911511819035,0
DTXSID4047339,110,2.8250798415446895e-17,0
DTXSID4047381,110,6.125924472374844e-08,0
DTXSID4047383,110,0.0001652058360777191,0
DTXSID4047385,110,0.0,0
DTXSID4047387,110,5.2280710957818645e-09,0
DTXSID4047389,110,0.8559975092461002,0
DTXSID4047410,110,0.0,0
DTXSID4047412,110,2.421481376139715e-06,0
DTXSID4047414,110,0.004083664075928827,0
DTXSID4047416,110,1.1459666900520961e-08,0
DTXSID4047418,110,2.757681088024321e-07,0
DTXSID4047462,110,2.5018402312227357e-14,0
DTXSID4047464,110,0.0,0
DTXSID4047466,110,0.0,0
DTXSID4047468,110,4.326928121352709e-07,0
DTXSID4047545,110,0.9981424475544852,1
DTXSID4047547,110,0.0,0
DTXSID4047549,110,1.994925823345873e-07,0
DTXSID4047591,110,1.4365945987729235e-06,0
DTXSID4047593,110,4.851715635875544e-09,0
DTXSID4047597,110,2.3541475919479374e-20,0
DTXSID4047599,110,4.839666429925469e-11,0
DTXSID4047620,110,4.7806675981166595e-06,0
DTXSID4047622,110,1.4788614807791038e-06,0
DTXSID4047624,110,4.307633188383213e-15,0
DTXSID4047628,110,8.87523650559104e-08,0
DTXSID4047672,110,3.7710234696261224e-06,0
DTXSID4047703,110,2.633952663937836e-08,0
DTXSID4047705,110,3.40059301113177e-05,0
DTXSID4047709,110,5.618830173385099e-07,0
DTXSID4047753,110,4.240709088227501e-23,0
DTXSID4047882,110,2.5681762002455878e-08,0
DTXSID4048191,110,0.9966000429792546,1
DTXSID4048193,110,3.029748253840499e-06,0
DTXSID4048195,110,6.869586646300295e-08,0
DTXSID4048199,110,0.12950095048138624,0
DTXSID4048511,110,1.3115104926930119e-06,0
DTXSID4048513,110,0.00010940293997749048,0
DTXSID4048519,110,0.9994472116118922,1
DTXSID4051536,110,1.0685958528022033e-11,0
DTXSID4051580,110,2.579161027136126e-05,0
DTXSID4051586,110,0.0,0
DTXSID4051619,110,4.6451832774468765e-07,0
DTXSID4051900,110,0.00010795551051403016,0
DTXSID4052132,110,1.9144148112210426e-09,0
DTXSID4052186,110,7.397574923188278e-09,0
DTXSID4052213,110,2.562376784132686e-09,0
DTXSID4052267,110,2.3999917937822696e-07,0
DTXSID4052269,110,3.663670298697128e-07,0
DTXSID4052342,110,2.9277119533269275e-14,0
DTXSID4052502,110,4.660313550323372e-10,0
DTXSID4052506,110,1.3773693730448896e-07,0
DTXSID4052550,110,0.0,0
DTXSID4052554,110,4.099726386082004e-17,0
DTXSID4052558,110,8.386607889332707e-06,0
DTXSID4052689,110,0.0,0
DTXSID4052710,110,0.0,0
DTXSID4052891,110,0.0,0
DTXSID4052893,110,1.3543233985008765e-10,0
DTXSID4052895,110,1.7445534136674726e-06,0
DTXSID4052897,110,1.559905900302456e-13,0
DTXSID4052899,110,7.2790980179075446e-09,0
DTXSID4058655,110,4.963620923677873e-08,0
DTXSID4059833,110,0.0,0
DTXSID4059881,110,2.2002183646970154e-10,0
DTXSID4059912,110,0.0,0
DTXSID4059914,110,4.500977029921273e-08,0
DTXSID4059916,110,1.1745418343596898e-09,0
DTXSID4072990,110,2.6594608934530433e-08,0
DTXSID40858880,110,1.4380212484439202e-09,0
DTXSID40858885,110,4.200379540433762e-15,0
DTXSID40858901,110,1.359406551491778e-06,0
DTXSID40858906,110,0.0,0
DTXSID40858921,110,1.3162522279357326e-05,0
DTXSID40872708,110,4.103578209958289e-11,0
DTXSID40872723,110,1.5018557677503484e-10,0
DTXSID40872728,110,8.088078779512246e-10,0
DTXSID40872743,110,5.854467391686422e-15,0
DTXSID40872748,110,4.987580531611346e-13,0
DTXSID40903829,110,0.0,0
DTXSID40903844,110,0.0,0
DTXSID40903849,110,5.98279293021442e-06,0
DTXSID40903864,110,0.0,0
DTXSID40903869,110,0.0,0
DTXSID40903884,110,0.0,0
DTXSID40903889,110,0.0,0
DTXSID501339554,110,0.0,0
DTXSID501351788,110,0.00012505040860928687,0
DTXSID501351790,110,0.0013624812375724227,0
DTXSID501351807,110,5.5097655928085205e-17,0
DTXSID50184723,110,1.8075100025123487e-11,0
DTXSID5020027,110,2.34608664027102e-06,0
DTXSID5020029,110,2.8634020991742345e-05,0
DTXSID5020106,110,0.00021884992832952956,0
DTXSID5020108,110,6.0776387029697535e-09,0
DTXSID5020152,110,1.080800627243516e-16,0
DTXSID5020154,110,0.0015733850051222124,0
DTXSID5020233,110,3.2979998261400086e-16,0
DTXSID5020281,110,0.0,0
DTXSID5020283,110,6.905787301113814e-06,0
DTXSID5020310,110,2.4179300299083533e-05,0
DTXSID5020314,110,6.938698988233561e-20,0
DTXSID5020360,110,6.707664219429264e-08,0
DTXSID5020366,110,0.9261159157049214,1
DTXSID5020368,110,2.003929074387485e-15,0
DTXSID5020441,110,0.0,0
DTXSID5020443,110,9.280379158726732e-08,0
DTXSID5020445,110,6.479462503930769e-11,0
DTXSID5020447,110,0.00012252894666370522,0
DTXSID5020449,110,1.1155417196801901e-05,0
DTXSID5020493,110,4.908052380463502e-08,0
DTXSID5020497,110,5.229524703436698e-08,0
DTXSID5020499,110,8.517669576138917e-07,0
DTXSID5020520,110,0.0,0
DTXSID5020528,110,6.395259423510653e-08,0
DTXSID5020570,110,1.5117330348999307e-18,0
DTXSID5020576,110,0.9998861884983461,1
DTXSID5020601,110,0.0013395006079565809,0
DTXSID5020603,110,0.0,0
DTXSID5020605,110,1.1064863560992838e-10,0
DTXSID5020607,110,0.35233573521601214,0
DTXSID5020653,110,0.009482792453440282,0
DTXSID5020730,110,0.0,0
DTXSID5020732,110,1.7610160496907863e-10,0
DTXSID5020738,110,9.109544602045171e-19,0
DTXSID5020784,110,0.0,0
DTXSID5020811,110,8.904087520554376e-08,0
DTXSID5020815,110,9.41100627725664e-05,0
DTXSID5020819,110,3.2671351674349737e-18,0
DTXSID5020863,110,1.3039433076759794e-13,0
DTXSID5020867,110,6.69172397072697e-08,0
DTXSID5020869,110,5.060137964131886e-10,0
DTXSID5020944,110,1.297457493695354e-13,0
DTXSID5020948,110,0.0,0
DTXSID5021097,110,3.717355284417417e-06,0
DTXSID5021124,110,1.5937827925870136e-08,0
DTXSID5021126,110,0.0,0
DTXSID5021128,110,0.0,0
DTXSID5021201,110,0.041403013596856844,0
DTXSID5021209,110,5.447751070473264e-10,0
DTXSID5021251,110,0.0009883610423581327,0
DTXSID5021330,110,1.1829975396560298e-12,0
DTXSID5021332,110,4.680993273616508e-06,0
DTXSID5021336,110,1.811699434652387e-06,0
DTXSID5021380,110,5.331794904051456e-18,0
DTXSID5021386,110,0.00022606067371354747,0
DTXSID5021388,110,3.419166773133215e-06,0
DTXSID5021411,110,5.928783297362621e-08,0
DTXSID5021413,110,0.7617032047910454,0
DTXSID5021415,110,0.0,0
DTXSID5021419,110,0.0,0
DTXSID5021544,110,1.0570514403324816e-08,0
DTXSID5021590,110,3.4763727268900583e-07,0
DTXSID5021621,110,4.035875819545841e-08,0
DTXSID5021627,110,3.1262121983233216e-06,0
DTXSID5021629,110,0.0,0
DTXSID5021754,110,5.9291372607913836e-08,0
DTXSID5021758,110,0.0001314821499668122,0
DTXSID50218052,110,3.2901921850951345e-10,0
DTXSID5021831,110,0.0006938724483461026,0
DTXSID5021835,110,5.3650598664788335e-14,0
DTXSID5021837,110,8.286101250952012e-07,0
DTXSID5021839,110,1.548287762190504e-05,0
DTXSID5021881,110,0.7529435621194874,0
DTXSID5021883,110,1.3742487314349304e-11,0
DTXSID5021885,110,3.331697156534705e-10,0
DTXSID5021889,110,6.698506373217811e-06,0
DTXSID5021910,110,2.2913811717458525e-15,0
DTXSID5021914,110,0.0002440198211276302,0
DTXSID5021916,110,0.0001788219564741689,0
DTXSID5021962,110,5.0781420865253446e-12,0
DTXSID5021968,110,0.006434173685915784,0
DTXSID5022194,110,1.6006338050389811e-12,0
DTXSID5022198,110,2.898986865018283e-07,0
DTXSID5022271,110,0.002406342666058584,0
DTXSID5022279,110,3.9882484898943735e-17,0
DTXSID5022308,110,0.9718663167243036,1
DTXSID5022437,110,0.9665677096822571,1
DTXSID5022439,110,1.5187540323274027e-06,0
DTXSID5022489,110,7.612666210778863e-13,0
DTXSID5022510,110,2.9538888569542074e-05,0
DTXSID5022857,110,6.63982137677254e-07,0
DTXSID50229163,110,1.310218043271594e-11,0
DTXSID5022934,110,0.0018465713702489138,0
DTXSID5023035,110,3.208235950972935e-05,0
DTXSID5023039,110,4.868053652127253e-05,0
DTXSID5023114,110,1.2016706557326728e-10,0
DTXSID5023243,110,3.793550449005684e-06,0
DTXSID5023322,110,0.9999998817572364,1
DTXSID5023324,110,3.3763352491411385e-11,0
DTXSID5023376,110,1.1062410000071284e-14,0
DTXSID5023588,110,4.122777012259721e-06,0
DTXSID5023742,110,5.5098249130781115e-18,0
DTXSID5023792,110,2.3688716851463268e-17,0
DTXSID5023796,110,1.6413931047794398e-08,0
DTXSID5023825,110,2.754574109695242e-06,0
DTXSID5023871,110,0.00040218868487807964,0
DTXSID5023875,110,1.3574574509969822e-07,0
DTXSID5023877,110,2.5000460835867356e-09,0
DTXSID5023900,110,0.013935779712295055,0
DTXSID5023902,110,0.00513672258213185,0
DTXSID5023950,110,9.407565519720043e-11,0
DTXSID5024051,110,0.0,0
DTXSID5024055,110,4.640219484593656e-11,0
DTXSID5024057,110,5.216316697452595e-12,0
DTXSID5024059,110,6.9362065206340996e-06,0
DTXSID5024134,110,0.9695360310584422,1
DTXSID5024182,110,0.00033714204375175853,0
DTXSID5024211,110,6.675415056443021e-11,0
DTXSID5024261,110,2.0570864472080679e-07,0
DTXSID5024263,110,1.778329546550734e-11,0
DTXSID5024344,110,0.08925473867768845,0
DTXSID5024346,110,9.36497060146616e-16,0
DTXSID5024394,110,3.889263493012235e-05,0
DTXSID5024506,110,2.5418730483377318e-06,0
DTXSID5024681,110,3.3190553767827495e-06,0
DTXSID5024687,110,0.0001889304409183939,0
DTXSID5024845,110,1.0428101681199759e-15,0
DTXSID5024891,110,3.373833963752292e-11,0
DTXSID5024922,110,0.0,0
DTXSID5025021,110,0.12422264466709602,0
DTXSID5025023,110,0.002915754590583182,0
DTXSID5025102,110,4.938772607593262e-13,0
DTXSID5025150,110,1.925663848637016e-08,0
DTXSID5025152,110,2.062909257331252e-05,0
DTXSID5025231,110,0.047945251533632854,0
DTXSID5025285,110,0.0,0
DTXSID5025364,110,7.176021410617003e-07,0
DTXSID5025572,110,1.3554130860171728e-09,0
DTXSID5025578,110,1.089590367147486e-06,0
DTXSID5025603,110,8.824613607910161e-08,0
DTXSID5025607,110,0.0249604652339409,0
DTXSID5025609,110,0.0,0
DTXSID5025659,110,1.2997627604892358e-07,0
DTXSID5025730,110,2.953732649266371e-15,0
DTXSID5025815,110,1.2907855154556108e-07,0
DTXSID5025861,110,0.9267693471481214,1
DTXSID5026120,110,0.0,0
DTXSID5026122,110,2.9010343781274738e-11,0
DTXSID5026174,110,5.2205854388757734e-11,0
DTXSID5026178,110,0.0,0
DTXSID5026209,110,6.603878572613613e-07,0
DTXSID5026251,110,7.156242231629255e-14,0
DTXSID5026259,110,1.8794222422342793e-06,0
DTXSID5026461,110,4.892692668521822e-13,0
DTXSID5026544,110,3.132803789007341e-08,0
DTXSID5026548,110,2.5609096501316627e-17,0
DTXSID5026623,110,0.0,0
DTXSID5026706,110,0.0,0
DTXSID5026889,110,0.0,0
DTXSID5026912,110,0.00015546393664724197,0
DTXSID5026914,110,8.912714916378737e-06,0
DTXSID5026918,110,4.873155055656587e-08,0
DTXSID5027061,110,4.488142978918283e-05,0
DTXSID5027069,110,3.7368701804478535e-13,0
DTXSID5027140,110,0.0,0
DTXSID5027142,110,3.119700284930986e-06,0
DTXSID5027198,110,6.261452087015683e-09,0
DTXSID5027279,110,2.598971558383502e-06,0
DTXSID5027302,110,0.00023100760567506894,0
DTXSID5027304,110,3.458256452434906e-05,0
DTXSID5027308,110,4.608420077414047e-10,0
DTXSID5027356,110,1.823520110047462e-07,0
DTXSID5027433,110,3.171688993738798e-05,0
DTXSID5027489,110,4.826207174188821e-10,0
DTXSID5027512,110,9.10187417065574e-19,0
DTXSID5027518,110,7.3402833271847664e-09,0
DTXSID5027770,110,9.96898829456882e-07,0
DTXSID5027774,110,1.0664426665823538e-08,0
DTXSID5027803,110,2.620018048651859e-06,0
DTXSID5027805,110,4.856484151070865e-07,0
DTXSID5027932,110,1.0921832227395414e-07,0
DTXSID5027982,110,0.0,0
DTXSID5028033,110,1.572799790320992e-11,0
DTXSID5028114,110,7.418864070212254e-12,0
DTXSID5028665,110,4.170810976486084e-07,0
DTXSID5029055,110,0.036877212077144866,0
DTXSID5029182,110,7.220994430992803e-14,0
DTXSID5029217,110,1.2231236456524745e-05,0
DTXSID5029265,110,4.650750744415036e-09,0
DTXSID5030030,110,1.3416674121008136e-13,0
DTXSID5031131,110,6.648811409800435e-11,0
DTXSID5031133,110,0.012479808069731336,0
DTXSID5032315,110,3.5862574125232506e-09,0
DTXSID5032361,110,1.897424970136685e-07,0
DTXSID5032365,110,0.06231546410517224,0
DTXSID5032442,110,0.005440838292486298,0
DTXSID5032498,110,0.9993471831796823,1
DTXSID5032523,110,0.4359157055644015,0
DTXSID5032525,110,0.5622036107292977,0
DTXSID5032573,110,9.089579599643575e-09,0
DTXSID5032577,110,2.0158059947131956e-06,0
DTXSID5032579,110,0.0007999779058195762,0
DTXSID5032600,110,7.523718242120489e-19,0
DTXSID5032654,110,5.510288889834979e-07,0
DTXSID5033836,110,0.000163321697216472,0
DTXSID5034270,110,0.24750363726026323,0
DTXSID5034303,110,6.8877419369306336e-15,0
DTXSID5034357,110,0.0,0
DTXSID5034723,110,1.5558569715052882e-16,0
DTXSID5034773,110,6.3517459830926105e-06,0
DTXSID5034981,110,1.5084264472206056e-13,0
DTXSID5035163,110,5.452501220637697e-09,0
DTXSID5035589,110,0.04372013726161006,0
DTXSID5035616,110,0.0,0
DTXSID5035957,110,0.004115802156597166,0
DTXSID50369896,110,1.6126667123667617e-06,0
DTXSID5037028,110,0.9989007871229423,1
DTXSID5037072,110,1.4794346305472735e-06,0
DTXSID5037494,110,1.642583016667445e-18,0
DTXSID5037498,110,9.650487405792387e-07,0
DTXSID50375114,110,0.060773440354958096,0
DTXSID5037523,110,4.96483536617224e-18,0
DTXSID5037731,110,0.0,0
DTXSID5037739,110,0.005847876401903071,0
DTXSID50379359,110,2.967841464326204e-12,0
DTXSID50379930,110,1.6254870543536862e-06,0
DTXSID50381992,110,1.6154663717577227e-07,0
DTXSID50382621,110,0.9998791592614857,1
DTXSID5038830,110,0.07412296725644338,0
DTXSID5038888,110,1.2584948689541408e-11,0
DTXSID5038919,110,8.119163286037691e-09,0
DTXSID5039224,110,3.6818873943889986e-05,0
DTXSID5040700,110,8.410011817129805e-09,0
DTXSID5040704,110,0.0,0
DTXSID5040706,110,6.025909623300192e-13,0
DTXSID5040708,110,5.184695202004305e-13,0
DTXSID5040758,110,1.2875804074213858e-16,0
DTXSID5041190,110,3.6753663245681707e-13,0
DTXSID5041273,110,2.0666953123748924e-17,0
DTXSID5041275,110,0.0026744618283883422,0
DTXSID5041302,110,0.00015547717714662455,0
DTXSID5041306,110,1.7818843837342054e-05,0
DTXSID5041308,110,0.7988606215939132,0
DTXSID5041356,110,1.211844897824472e-17,0
DTXSID5041431,110,1.197089130753682e-05,0
DTXSID5041437,110,4.413881342167402e-14,0
DTXSID5041439,110,1.3262784453502992e-16,0
DTXSID5041487,110,3.663574831122833e-07,0
DTXSID5041512,110,3.507079772160291e-07,0
DTXSID5041514,110,0.003196581428761585,0
DTXSID5041516,110,0.0,0
DTXSID5041518,110,0.8227187950732038,0
DTXSID5041560,110,0.0,0
DTXSID5041641,110,2.4523036563173014e-09,0
DTXSID5041643,110,3.029122266922704e-05,0
DTXSID5041691,110,1.508762449732164e-05,0
DTXSID5041699,110,5.0092973654907894e-08,0
DTXSID5041726,110,1.795149068322769e-14,0
DTXSID5041728,110,1.5924655030971052e-05,0
DTXSID5041772,110,5.6447015233018724e-06,0
DTXSID5041803,110,0.0,0
DTXSID5041809,110,1.1082454992650822e-06,0
DTXSID5042083,110,0.2691991297186463,0
DTXSID5042243,110,0.0,0
DTXSID5042249,110,3.3134426510113766e-06,0
DTXSID5042299,110,5.805117715683359e-08,0
DTXSID5042326,110,2.286124257750588e-07,0
DTXSID5042451,110,2.6552476117182137e-11,0
DTXSID5042459,110,1.676160606468042e-19,0
DTXSID5044154,110,2.5693454979855866e-11,0
DTXSID50441560,110,7.332894976086623e-08,0
DTXSID5044233,110,5.392229029677258e-10,0
DTXSID5044316,110,1.1646692923389074e-10,0
DTXSID5044318,110,1.0432427320484065e-06,0
DTXSID5044360,110,0.0,0
DTXSID5044362,110,5.54890548257075e-10,0
DTXSID5044364,110,7.182672790866728e-19,0
DTXSID5044366,110,1.0364753719881722e-10,0
DTXSID5044368,110,1.0428826349669455e-05,0
DTXSID5044441,110,2.5798572714162467e-05,0
DTXSID5044443,110,9.023814303184551e-07,0
DTXSID5044445,110,5.735640935334714e-07,0
DTXSID5044447,110,3.8163338269175475e-14,0
DTXSID5044493,110,0.0,0
DTXSID5044495,110,4.078857980635688e-11,0
DTXSID5044520,110,0.7981301048721964,0
DTXSID5044522,110,2.720105823882467e-15,0
DTXSID5044526,110,2.191796000617682e-20,0
DTXSID5044528,110,0.009137264902766623,0
DTXSID5044570,110,1.6014479825298258e-05,0
DTXSID5044572,110,3.502199149207834e-08,0
DTXSID5044574,110,3.8616576580219216e-11,0
DTXSID5044576,110,1.397957122506529e-07,0
DTXSID5044578,110,9.427445624066218e-12,0
DTXSID5044605,110,2.903718787680932e-07,0
DTXSID5044607,110,2.0128383116673654e-19,0
DTXSID5044782,110,0.648862541726299,0
DTXSID5044784,110,4.790752860137165e-07,0
DTXSID5044786,110,0.9999987705965853,1
DTXSID5044788,110,1.3196537716233548e-06,0
DTXSID5044815,110,0.007997723034789595,0
DTXSID5044817,110,5.053643839870092e-06,0
DTXSID5044863,110,1.4949904881377452e-10,0
DTXSID5044865,110,6.20145112417099e-05,0
DTXSID5044869,110,1.823658893055522e-07,0
DTXSID5044948,110,3.578962424301243e-14,0
DTXSID5044992,110,0.0,0
DTXSID5044994,110,6.664103283263676e-09,0
DTXSID5044996,110,2.020160413921588e-17,0
DTXSID5044998,110,0.00016974930572687734,0
DTXSID5046516,110,0.0,0
DTXSID5046801,110,0.002195032529873761,0
DTXSID50469320,110,0.0,0
DTXSID5047031,110,3.0900476991501095e-06,0
DTXSID5047033,110,5.15393266568991e-10,0
DTXSID5047037,110,0.0,0
DTXSID5047081,110,5.726539637218846e-05,0
DTXSID5047083,110,0.0,0
DTXSID5047087,110,2.3030264893586685e-12,0
DTXSID5047112,110,6.234244665338452e-13,0
DTXSID5047116,110,6.879128701572861e-07,0
DTXSID5047160,110,5.910951335678881e-12,0
DTXSID5047164,110,1.2822091411349601e-08,0
DTXSID5047166,110,7.454736110934072e-08,0
DTXSID5047245,110,0.005157265911151299,0
DTXSID5047249,110,1.7309038598714245e-16,0
DTXSID5047291,110,0.0,0
DTXSID5047295,110,4.794826800709092e-07,0
DTXSID5047297,110,0.00046196751193181663,0
DTXSID5047299,110,4.035576990364983e-08,0
DTXSID5047320,110,6.206825646209387e-08,0
DTXSID5047322,110,0.0,0
DTXSID5047324,110,8.501698282320531e-15,0
DTXSID5047328,110,7.387540636800105e-05,0
DTXSID5047372,110,0.00010045042375199288,0
DTXSID5047374,110,3.807803922492409e-06,0
DTXSID5047376,110,1.4480084991334375e-07,0
DTXSID5047405,110,2.0361323084581102e-10,0
DTXSID5047451,110,0.00018724798876134532,0
DTXSID5047538,110,2.9199930025732665e-05,0
DTXSID5047582,110,1.0215431401675419e-08,0
DTXSID5047584,110,0.0,0
DTXSID5047611,110,5.402571575197476e-05,0
DTXSID5047617,110,0.0,0
DTXSID5047667,110,6.670915180019026e-14,0
DTXSID5047796,110,8.458657096751832e-06,0
DTXSID5047879,110,0.000813575805483294,0
DTXSID5048180,110,2.005441302682523e-18,0
DTXSID5048182,110,0.00026040253368786595,0
DTXSID5048184,110,0.9889480007466104,1
DTXSID5048186,110,0.9811608066271343,1
DTXSID5048188,110,0.0002955927771952231,0
DTXSID5048211,110,2.085236918904661e-12,0
DTXSID5048506,110,0.9997014117480832,1
DTXSID5049073,110,0.9999639551238688,1
DTXSID5049075,110,7.527267537956512e-09,0
DTXSID5051444,110,6.092898160930075e-13,0
DTXSID5051446,110,3.964555001907461e-13,0
DTXSID5051525,110,3.409521880096975e-06,0
DTXSID5051529,110,0.0,0
DTXSID5051575,110,4.2258296383407365e-16,0
DTXSID5051650,110,0.00045977923733145516,0
DTXSID5051999,110,5.620452869423923e-07,0
DTXSID5052042,110,0.0,0
DTXSID5052125,110,2.4717591956443634e-13,0
DTXSID5052250,110,0.0,0
DTXSID5052254,110,1.2948022760610978e-06,0
DTXSID5052460,110,1.3249967280389394e-09,0
DTXSID5052591,110,8.004660234466547e-09,0
DTXSID5052593,110,1.2867312864676313e-06,0
DTXSID5052595,110,0.0,0
DTXSID5052597,110,3.9374855066489637e-10,0
DTXSID5052620,110,0.0,0
DTXSID5052672,110,0.0008590851670031776,0
DTXSID5052832,110,2.9245581113822236e-05,0
DTXSID5052838,110,4.76948373680542e-12,0
DTXSID5052884,110,3.0023887786333504e-17,0
DTXSID5052911,110,7.408716487232442e-11,0
DTXSID5052913,110,7.0979002373470855e-12,0
DTXSID5057888,110,1.8568743776694732e-19,0
DTXSID5057911,110,1.2081316351801503e-11,0
DTXSID5057913,110,3.6754299388564746e-07,0
DTXSID5057915,110,2.5708889693447448e-20,0
DTXSID5057917,110,5.428559507935118e-07,0
DTXSID5059799,110,0.0,0
DTXSID5059828,110,0.0,0
DTXSID5060986,110,6.865102511989764e-13,0
DTXSID5061954,110,1.3025221107550907e-06,0
DTXSID5063235,110,1.2129156972922373e-06,0
DTXSID5067348,110,0.0,0
DTXSID5073901,110,0.0,0
DTXSID50858871,110,2.9136257870769727e-19,0
DTXSID50858876,110,1.16128137109536e-08,0
DTXSID50858891,110,6.424923811683521e-13,0
DTXSID50858896,110,6.003796870680041e-08,0
DTXSID50858912,110,1.55513630756635e-07,0
DTXSID50858917,110,0.0748576615572252,0
DTXSID50872714,110,4.898985504859088e-09,0
DTXSID50872719,110,1.4884795258707412e-11,0
DTXSID50872734,110,7.048205204791564e-09,0
DTXSID50872739,110,2.3992080475062594e-08,0
DTXSID50872754,110,2.605905024155321e-16,0
DTXSID50880218,110,0.0,0
DTXSID50892417,110,5.5627581938648744e-11,0
DTXSID50903830,110,0.0,0
DTXSID50903835,110,3.009203021834569e-10,0
DTXSID50903850,110,8.863434111598011e-08,0
DTXSID50903855,110,0.0,0
DTXSID50903870,110,0.0,0
DTXSID50903875,110,0.0,0
DTXSID50903890,110,0.0,0
DTXSID50903895,110,0.0,0
DTXSID601339557,110,7.79939514971501e-09,0
DTXSID601339595,110,7.451009507793244e-13,0
DTXSID601351793,110,0.0,0
DTXSID60195123,110,4.576623714564596e-10,0
DTXSID6020014,110,4.312746775846088e-18,0
DTXSID6020062,110,9.983060301874643e-18,0
DTXSID6020064,110,1.3704453944488303e-05,0
DTXSID6020066,110,4.72399692985727e-07,0
DTXSID6020068,110,1.532921848362655e-13,0
DTXSID6020141,110,3.231442731711928e-08,0
DTXSID6020143,110,6.823345023164984e-09,0
DTXSID6020145,110,0.0,0
DTXSID6020147,110,2.730046346203077e-05,0
DTXSID6020193,110,0.0,0
DTXSID6020197,110,0.9450853202577555,1
DTXSID6020220,110,0.0004481435982979328,0
DTXSID6020222,110,0.0,0
DTXSID6020224,110,0.0,0
DTXSID6020278,110,1.4215109011741467e-07,0
DTXSID6020307,110,1.3148537314746668e-18,0
DTXSID6020309,110,6.6474655079687394e-18,0
DTXSID6020357,110,8.254344627268603e-07,0
DTXSID6020359,110,3.308993352104258e-06,0
DTXSID6020430,110,5.901779022306349e-14,0
DTXSID6020438,110,3.160925402107924e-12,0
DTXSID6020480,110,6.205328674731224e-15,0
DTXSID6020511,110,0.010139858370181769,0
DTXSID6020515,110,1.318465619260034e-07,0
DTXSID6020561,110,2.476235616498583e-07,0
DTXSID6020569,110,2.0376368020832332e-11,0
DTXSID6020648,110,0.0011627443668922525,0
DTXSID6020690,110,4.940788558341985e-08,0
DTXSID6020692,110,4.2472617006905623e-10,0
DTXSID6020694,110,5.29138509816371e-12,0
DTXSID6020721,110,1.2764594434999503e-07,0
DTXSID6020779,110,0.001744220321179074,0
DTXSID6020856,110,0.0,0
DTXSID6020939,110,0.008537701424950982,0
DTXSID6020981,110,2.7078733889006457e-11,0
DTXSID6021030,110,1.7092788657559447e-05,0
DTXSID6021032,110,7.3111295926233e-05,0
DTXSID6021082,110,1.1555697643838385e-06,0
DTXSID6021086,110,4.237566949936899e-05,0
DTXSID6021113,110,3.2715042545228466e-10,0
DTXSID6021117,110,1.1747554451504905e-06,0
DTXSID6021240,110,0.0009157259982550472,0
DTXSID6021244,110,3.8925216736984263e-10,0
DTXSID6021248,110,0.003250658294643776,0
DTXSID6021290,110,0.0,0
DTXSID6021292,110,5.719961986012171e-10,0
DTXSID6021294,110,0.0,0
DTXSID6021296,110,7.287490951007299e-07,0
DTXSID6021371,110,3.914529524677131e-05,0
DTXSID6021375,110,0.0,0
DTXSID6021402,110,4.773417808896781e-05,0
DTXSID6021404,110,2.2963478928621502e-10,0
DTXSID6021450,110,2.176150968389703e-07,0
DTXSID6021456,110,1.7790785487999823e-06,0
DTXSID6021583,110,4.0694622397396977e-07,0
DTXSID6021666,110,0.09909171116982268,0
DTXSID6021793,110,0.0003634388630076193,0
DTXSID6021795,110,3.403882028188012e-20,0
DTXSID6021799,110,3.8086244228441757e-11,0
DTXSID6021822,110,2.8179987262671396e-15,0
DTXSID6021824,110,2.263264022511144e-09,0
DTXSID6021828,110,9.58160880779206e-05,0
DTXSID6021872,110,2.1267049170353927e-06,0
DTXSID6021907,110,5.2528895340623854e-08,0
DTXSID6021953,110,2.7041373294327006e-17,0
DTXSID6021957,110,2.4053824588662038e-14,0
DTXSID6021959,110,1.41058432430109e-07,0
DTXSID6022000,110,2.1953217820178084e-07,0
DTXSID6022002,110,1.4140529626264546e-16,0
DTXSID6022004,110,9.191573530038412e-21,0
DTXSID6022006,110,0.0,0
DTXSID6022008,110,6.944309753086595e-12,0
DTXSID6022056,110,5.472820253427043e-07,0
DTXSID6022058,110,8.594320016843687e-08,0
DTXSID6022137,110,4.4824710754885275e-05,0
DTXSID6022187,110,7.303635412995175e-18,0
DTXSID6022341,110,6.805231733281891e-05,0
DTXSID6022345,110,0.03431786150653907,0
DTXSID6022391,110,3.186833002208731e-11,0
DTXSID6022422,110,0.0,0
DTXSID6022472,110,1.3517137410198842e-06,0
DTXSID6022474,110,0.0014131562881092516,0
DTXSID6022557,110,0.0,0
DTXSID6022927,110,1.129527942161819e-06,0
DTXSID6023159,110,0.00010054461308493326,0
DTXSID6023367,110,4.7047642501291096e-09,0
DTXSID6023523,110,0.00047590609007305324,0
DTXSID6023600,110,2.139054558727545e-17,0
DTXSID6023602,110,4.583331197825511e-08,0
DTXSID6023652,110,8.61655119445441e-09,0
DTXSID6023733,110,8.775122948087524e-06,0
DTXSID6023810,110,0.09834319807384694,0
DTXSID6023862,110,1.0122289621749877e-06,0
DTXSID6023864,110,8.998683476464093e-05,0
DTXSID6023868,110,0.9992884383663607,1
DTXSID6023999,110,0.00038364154442558057,0
DTXSID6024046,110,7.231260803112646e-18,0
DTXSID6024048,110,1.9222083159324702e-08,0
DTXSID6024123,110,0.4660229418064705,0
DTXSID6024175,110,4.51456649958352e-09,0
DTXSID6024177,110,3.873416845861823e-18,0
DTXSID6024200,110,0.0,0
DTXSID6024204,110,5.9369943508333284e-05,0
DTXSID6024206,110,0.0004083072217981759,0
DTXSID6024254,110,8.39542290545143e-08,0
DTXSID6024337,110,1.6290357430638148e-06,0
DTXSID6024460,110,0.9981271546279438,1
DTXSID6024466,110,1.1697273685096525e-08,0
DTXSID6024624,110,0.9990750380259795,1
DTXSID6024628,110,6.966534583346597e-08,0
DTXSID6024670,110,0.0,0
DTXSID6024674,110,1.392415052959119e-16,0
DTXSID6024676,110,3.757459020915151e-07,0
DTXSID6024701,110,0.0015050880549168568,0
DTXSID6024834,110,0.0017520501316218825,0
DTXSID6024836,110,8.522250252892359e-16,0
DTXSID6024838,110,2.229876090394326e-19,0
DTXSID6024882,110,0.9999475587965178,1
DTXSID6024888,110,6.182261414817782e-11,0
DTXSID6024911,110,0.0,0
DTXSID6024913,110,0.08694621154526816,0
DTXSID6024917,110,1.756255200614124e-05,0
DTXSID6025010,110,1.941914279725639e-08,0
DTXSID6025012,110,1.6959793023291333e-07,0
DTXSID6025014,110,1.080724809639649e-06,0
DTXSID6025018,110,0.0,0
DTXSID6025068,110,6.140492647106275e-05,0
DTXSID6025141,110,2.0766223000981053e-07,0
DTXSID6025143,110,3.0456040843192e-06,0
DTXSID6025145,110,0.005172469333339055,0
DTXSID6025220,110,0.45755998876398785,0
DTXSID6025226,110,1.9480923581814848e-19,0
DTXSID6025272,110,1.6254362649052375e-12,0
DTXSID6025301,110,3.2321993196621384e-07,0
DTXSID6025303,110,3.5872731412843498e-09,0
DTXSID6025305,110,1.3899710911785563e-06,0
DTXSID6025355,110,1.967437885192536e-05,0
DTXSID6025432,110,1.1394466290498785e-18,0
DTXSID6025436,110,0.08802671355606041,0
DTXSID6025438,110,1.1473627164854986e-08,0
DTXSID6025486,110,0.0,0
DTXSID6025567,110,6.712799730536546e-09,0
DTXSID6025648,110,2.1694883219009166e-18,0
DTXSID6025690,110,0.0,0
DTXSID6025692,110,0.0,0
DTXSID6026080,110,0.0,0
DTXSID6026084,110,5.2083175416738764e-08,0
DTXSID6026088,110,1.25250749933358e-05,0
DTXSID6026119,110,2.798148576725064e-18,0
DTXSID6026298,110,2.54942099189899e-07,0
DTXSID6026797,110,1.6713683091028198e-06,0
DTXSID6026799,110,3.664730854028385e-08,0
DTXSID6026955,110,3.940035022645105e-06,0
DTXSID6027050,110,1.9864666170075393e-05,0
DTXSID6027052,110,3.024577215485203e-07,0
DTXSID6027131,110,1.9170757314751155e-07,0
DTXSID6027133,110,2.2438667895731828e-11,0
DTXSID6027181,110,9.149647405741292e-06,0
DTXSID6027185,110,0.0,0
DTXSID6027218,110,0.0,0
DTXSID6027266,110,3.37210323530501e-06,0
DTXSID6027268,110,5.868650307862274e-09,0
DTXSID6027341,110,0.0,0
DTXSID6027345,110,5.486168225198501e-07,0
DTXSID6027395,110,2.1456882101087923e-06,0
DTXSID6027397,110,1.1706773010441772e-06,0
DTXSID6027426,110,2.5583002496895886e-07,0
DTXSID6027503,110,3.405412509456709e-17,0
DTXSID6027634,110,0.0,0
DTXSID6027713,110,0.22041790888763288,0
DTXSID6027921,110,1.0806155475235502e-08,0
DTXSID6027923,110,6.031299260019249e-06,0
DTXSID6028022,110,8.99405346418557e-07,0
DTXSID6028492,110,0.0008638264996669293,0
DTXSID6029171,110,8.297478467411196e-06,0
DTXSID6029202,110,0.0,0
DTXSID6029331,110,2.473108947923236e-11,0
DTXSID6029755,110,3.6038552369767455e-05,0
DTXSID6031380,110,5.282497373277001e-07,0
DTXSID6031461,110,7.030911426073914e-13,0
DTXSID6032192,110,1.0613229884454223e-06,0
DTXSID6032352,110,0.0004343172837214137,0
DTXSID6032354,110,0.012442569529134728,0
DTXSID6032356,110,1.4727766487963065e-17,0
DTXSID6032358,110,0.6405080267219225,0
DTXSID6032431,110,1.1976680108819314e-05,0
DTXSID6032514,110,1.0695607299751463e-08,0
DTXSID6032516,110,0.08973666812980387,0
DTXSID6032518,110,5.100240509520414e-06,0
DTXSID6032562,110,0.0,0
DTXSID6032641,110,1.9331229932657556e-16,0
DTXSID6032645,110,1.8640273068951275e-05,0
DTXSID6032647,110,0.819299772938296,0
DTXSID6032649,110,0.0013869309210475828,0
DTXSID6033241,110,3.824876812918843e-13,0
DTXSID6034005,110,0.0,0
DTXSID6034186,110,0.0012298777295716764,0
DTXSID6034265,110,0.00014375187683745154,0
DTXSID6034392,110,0.01400589366723744,0
DTXSID6034712,110,0.00012192712498907413,0
DTXSID6034762,110,4.4268909714472913e-13,0
DTXSID6034764,110,3.2737710117633126e-09,0
DTXSID6034849,110,7.855769006452945e-06,0
DTXSID6034924,110,2.405242577198119e-19,0
DTXSID6034928,110,1.1823615039393492e-07,0
DTXSID6034972,110,3.7449507754021035e-09,0
DTXSID6035152,110,0.0,0
DTXSID6035156,110,0.0,0
DTXSID6035285,110,0.012694173914335706,0
DTXSID6035784,110,0.11977021545711662,0
DTXSID6036467,110,0.9377802041786603,1
DTXSID6037483,110,1.4327906294574505e-08,0
DTXSID6037564,110,1.6944948856726848e-06,0
DTXSID6037568,110,1.4386694988838964e-06,0
DTXSID6037728,110,3.8200847584841e-07,0
DTXSID60377821,110,0.0,0
DTXSID60377826,110,6.25535175932208e-05,0
DTXSID60379269,110,1.1954563141806763e-07,0
DTXSID60379901,110,7.288699747201154e-10,0
DTXSID60380390,110,0.9904394434131366,1
DTXSID6038326,110,4.558910172068208e-14,0
DTXSID6038798,110,6.528063285579573e-09,0
DTXSID6038827,110,1.219480631400776e-08,0
DTXSID6038877,110,1.8792073556289296e-06,0
DTXSID60400587,110,4.114136028042952e-11,0
DTXSID6040111,110,0.00839214795936543,0
DTXSID6040115,110,8.074022882988919e-05,0
DTXSID6040117,110,6.461886071581472e-09,0
DTXSID6040371,110,0.0002952427305900646,0
DTXSID6040373,110,1.5059795239255548e-06,0
DTXSID6040375,110,4.367481363016963e-15,0
DTXSID6040664,110,2.2716185454362705e-07,0
DTXSID6040745,110,0.8145411753960221,0
DTXSID6040747,110,3.0042165251442668e-05,0
DTXSID6040795,110,3.26148285122411e-07,0
DTXSID6041137,110,1.439722468360304e-05,0
DTXSID6041185,110,0.0,0
DTXSID6041210,110,1.3102882216783977e-10,0
DTXSID6041268,110,0.9995242983600696,1
DTXSID6041349,110,1.1125877180390275e-06,0
DTXSID6041397,110,3.5716084179462595e-17,0
DTXSID6041420,110,9.788838846787593e-20,0
DTXSID6041422,110,0.0,0
DTXSID6041424,110,5.5732365064394165e-18,0
DTXSID6041426,110,8.048077234653299e-05,0
DTXSID6041472,110,9.804433051530644e-07,0
DTXSID6041503,110,1.0275395012314203e-09,0
DTXSID6041507,110,5.2706446405044446e-11,0
DTXSID6041551,110,0.0059383915394911994,0
DTXSID6041557,110,1.6254136822651647e-07,0
DTXSID6041636,110,6.747152303973683e-06,0
DTXSID6041638,110,4.508760914044567e-12,0
DTXSID6041682,110,2.0925794612597973e-06,0
DTXSID6041715,110,7.153319843107333e-17,0
DTXSID6041719,110,0.0,0
DTXSID6041844,110,1.3916463572330546e-09,0
DTXSID6041892,110,1.4123013521139621e-14,0
DTXSID6042074,110,0.0040172925935284135,0
DTXSID6042151,110,3.403497200702286e-08,0
DTXSID6042232,110,1.8064058515961178e-07,0
DTXSID6042234,110,0.0,0
DTXSID6042280,110,0.0016720091531964147,0
DTXSID6042282,110,1.4692109655643688e-09,0
DTXSID6042365,110,9.37081925140529e-06,0
DTXSID6042369,110,0.24065372867389212,0
DTXSID6042440,110,0.0,0
DTXSID6042490,110,2.6441347248972683e-05,0
DTXSID6042494,110,0.0001029663119432139,0
DTXSID6042498,110,3.598644817165346e-08,0
DTXSID6043709,110,0.014292604249350773,0
DTXSID6043915,110,0.9999472289645416,1
DTXSID6043917,110,2.634354924030533e-06,0
DTXSID6044199,110,3.10023059110984e-05,0
DTXSID6044303,110,0.9275805475671913,1
DTXSID6044309,110,0.1842907624494444,0
DTXSID6044353,110,2.630845451636439e-15,0
DTXSID6044355,110,1.1116619703654849e-08,0
DTXSID6044357,110,7.0560290163263785e-19,0
DTXSID6044359,110,0.009709858006807359,0
DTXSID6044430,110,3.61025776597931e-05,0
DTXSID6044480,110,0.0003415388131629894,0
DTXSID6044488,110,5.709660582455359e-06,0
DTXSID6044511,110,9.530400835882192e-06,0
DTXSID6044513,110,1.389885618655753e-05,0
DTXSID6044515,110,2.2521737373600975e-09,0
DTXSID6044517,110,0.0011701027863371097,0
DTXSID6044519,110,2.251397324709959e-08,0
DTXSID6044563,110,7.683854281866037e-08,0
DTXSID6044644,110,5.677522416175056e-10,0
DTXSID6044646,110,8.681610488764573e-18,0
DTXSID6044690,110,2.3071685486948145e-12,0
DTXSID6044696,110,1.4589011692965908e-11,0
DTXSID6044721,110,2.9230083401817844e-07,0
DTXSID6044727,110,7.153816703717314e-06,0
DTXSID6044771,110,4.761921938520694e-14,0
DTXSID6044773,110,2.7122182829973808e-08,0
DTXSID6044777,110,2.9451197541179425e-07,0
DTXSID6044779,110,5.896518279447141e-06,0
DTXSID6044800,110,1.8841487948099016e-06,0
DTXSID6044804,110,0.0,0
DTXSID6044808,110,1.26218332078628e-15,0
DTXSID6044981,110,1.2311691396585973e-12,0
DTXSID6044983,110,0.0,0
DTXSID6044985,110,0.0,0
DTXSID6045400,110,1.4673652328344819e-08,0
DTXSID6046979,110,2.2510800347277044e-06,0
DTXSID6047072,110,8.908314362906441e-07,0
DTXSID6047074,110,5.3246560441220646e-17,0
DTXSID6047078,110,8.845874621895324e-09,0
DTXSID6047103,110,0.00044067542307876995,0
DTXSID6047105,110,4.841961783482718e-14,0
DTXSID6047107,110,0.0,0
DTXSID6047109,110,1.9140346509464774e-17,0
DTXSID6047157,110,5.450065480599047e-12,0
DTXSID6047159,110,0.0,0
DTXSID6047236,110,1.257329927188281e-10,0
DTXSID6047280,110,4.159151466921297e-06,0
DTXSID6047282,110,0.0,0
DTXSID6047284,110,7.57812997437433e-11,0
DTXSID6047286,110,0.0,0
DTXSID6047288,110,6.382895719042927e-16,0
DTXSID6047311,110,0.0,0
DTXSID6047313,110,1.0253800858926788e-15,0
DTXSID6047315,110,0.8730030566788233,0
DTXSID6047319,110,9.230450284002515e-17,0
DTXSID6047363,110,6.38417912772017e-14,0
DTXSID6047367,110,9.745113778945849e-11,0
DTXSID6047369,110,0.9398478527164168,1
DTXSID6047440,110,6.464547813965589e-08,0
DTXSID6047444,110,0.0,0
DTXSID6047446,110,0.0,0
DTXSID6047448,110,1.0011321986402103e-08,0
DTXSID6047490,110,8.797654374187543e-05,0
DTXSID6047525,110,1.0444607146069155e-08,0
DTXSID6047527,110,6.053418051616333e-08,0
DTXSID6047575,110,0.0,0
DTXSID6047579,110,1.4045305456075245e-15,0
DTXSID6047602,110,1.411563271236743e-14,0
DTXSID6047604,110,4.980965830374636e-05,0
DTXSID6047608,110,3.7262683452668963e-06,0
DTXSID6047654,110,0.0,0
DTXSID6047656,110,3.517992904557222e-08,0
DTXSID6048171,110,1.7767066476887733e-12,0
DTXSID6048175,110,5.213152224331526e-07,0
DTXSID6048200,110,3.828290406686393e-08,0
DTXSID6048202,110,3.86672865244363e-08,0
DTXSID6048204,110,4.5253621063956456e-11,0
DTXSID6048206,110,3.216706660942701e-05,0
DTXSID6048208,110,5.2408910884988825e-05,0
DTXSID60500450,110,7.730520138123265e-11,0
DTXSID6051306,110,0.9678432598469369,1
DTXSID6051560,110,4.528286067433537e-05,0
DTXSID6051564,110,3.361069289642927e-07,0
DTXSID6051566,110,4.943400401538667e-17,0
DTXSID6051695,110,4.125215875599897e-05,0
DTXSID6051724,110,3.5060921958249644e-10,0
DTXSID6051778,110,0.9963861933656976,1
DTXSID6052112,110,1.746718670763533e-07,0
DTXSID6052291,110,2.80756762816514e-06,0
DTXSID6052295,110,1.9988258650282315e-18,0
DTXSID6052299,110,1.589230666766315e-18,0
DTXSID6052328,110,0.0013424474211613379,0
DTXSID6052536,110,4.980470859136997e-08,0
DTXSID6052538,110,2.5216661133528092e-05,0
DTXSID6052619,110,3.5878217935214295e-12,0
DTXSID6052740,110,1.1024424902551024e-09,0
DTXSID6052900,110,1.4378218528913493e-12,0
DTXSID6052902,110,1.6014500379149423e-07,0
DTXSID6052904,110,5.574878422059855e-06,0
DTXSID6052906,110,0.0005282381474925497,0
DTXSID6052908,110,2.941171380752353e-13,0
DTXSID6057908,110,0.0004306229180977576,0
DTXSID6061022,110,7.613656084815166e-16,0
DTXSID6062599,110,2.8330376695216947e-10,0
DTXSID60663110,110,5.1666523966158415e-12,0
DTXSID6067331,110,8.401546404504371e-10,0
DTXSID60858867,110,6.962184087418741e-08,0
DTXSID60858882,110,0.0,0
DTXSID60858887,110,1.334436671958165e-14,0
DTXSID60858903,110,1.0017719507346634e-05,0
DTXSID60858908,110,0.0,0
DTXSID60872720,110,1.416582491522321e-08,0
DTXSID60872725,110,1.0208333426097117e-11,0
DTXSID60872740,110,0.0,0
DTXSID60872745,110,1.4364884822651788e-08,0
DTXSID60892443,110,6.37313312635005e-11,0
DTXSID60903826,110,2.430374913680952e-17,0
DTXSID60903841,110,3.4467320803104816e-17,0
DTXSID60903846,110,2.2807983918222014e-14,0
DTXSID60903861,110,0.0,0
DTXSID60903866,110,0.0,0
DTXSID60903881,110,0.0,0
DTXSID60903886,110,0.0,0
DTXSID701339598,110,0.0,0
DTXSID701351796,110,9.128820632742409e-17,0
DTXSID701351803,110,1.3597311209833532e-05,0
DTXSID70191136,110,2.861994541292497e-10,0
DTXSID7020005,110,5.6643086343539226e-08,0
DTXSID7020007,110,0.0,0
DTXSID7020057,110,1.400582758465951e-05,0
DTXSID7020182,110,0.9377033570809821,1
DTXSID7020184,110,3.929630350216004e-13,0
DTXSID7020263,110,8.268500589501042e-12,0
DTXSID7020265,110,2.741139046747509e-10,0
DTXSID7020267,110,3.072324353236019e-05,0
DTXSID7020344,110,0.0024665600700461074,0
DTXSID7020348,110,1.349038699494087e-07,0
DTXSID7020392,110,0.0,0
DTXSID7020421,110,9.817662861329935e-06,0
DTXSID7020423,110,5.686388654379883e-07,0
DTXSID7020425,110,0.0,0
DTXSID7020427,110,8.635848485627284e-08,0
DTXSID7020479,110,4.1484943423129145e-06,0
DTXSID7020504,110,0.0,0
DTXSID7020508,110,0.9945245250359976,1
DTXSID7020552,110,0.0,0
DTXSID7020631,110,0.0,0
DTXSID7020683,110,1.2168770514059176e-10,0
DTXSID7020685,110,2.2623482356048657e-10,0
DTXSID7020687,110,7.134906753702256e-11,0
DTXSID7020710,110,9.640516069264128e-13,0
DTXSID7020716,110,0.5061260328953363,0
DTXSID7020760,110,3.3560807994386457e-12,0
DTXSID7020764,110,0.0022364754801458137,0
DTXSID7020766,110,1.3280062218901535e-05,0
DTXSID7020768,110,3.144455809173159e-07,0
DTXSID7020841,110,3.0357088217060064e-16,0
DTXSID7020843,110,8.071458708950045e-07,0
DTXSID7020845,110,1.9763931661192792e-10,0
DTXSID7020895,110,4.8858587904692e-15,0
DTXSID7020920,110,0.00033941867376070654,0
DTXSID7020970,110,0.00021786097035168917,0
DTXSID7020972,110,0.0,0
DTXSID7020978,110,5.866196527323422e-06,0
DTXSID7021029,110,1.8013798866644286e-05,0
DTXSID7021100,110,1.4521087533014333e-08,0
DTXSID7021102,110,9.98378890042522e-09,0
DTXSID7021106,110,0.9969259411434318,1
DTXSID7021150,110,0.0003554400150896362,0
DTXSID7021152,110,0.004292148537743117,0
DTXSID7021156,110,1.3452209874192388e-06,0
DTXSID7021233,110,3.901862920604024e-08,0
DTXSID7021237,110,0.6702760296556232,0
DTXSID7021239,110,5.266671166985317e-08,0
DTXSID7021314,110,4.509018046888191e-05,0
DTXSID7021316,110,0.23263976025512026,0
DTXSID7021362,110,2.756928358367899e-10,0
DTXSID7021364,110,0.0,0
DTXSID7021491,110,2.344708841112157e-14,0
DTXSID7021520,110,2.9598416982749355e-07,0
DTXSID7021603,110,0.0049300136457600405,0
DTXSID7021605,110,1.1658274740017333e-07,0
DTXSID7021607,110,0.0,0
DTXSID7021653,110,7.907214861738177e-07,0
DTXSID7021655,110,4.3693556236062887e-13,0
DTXSID7021780,110,1.027996805239738e-09,0
DTXSID7021782,110,1.8853980912823774e-20,0
DTXSID7021784,110,5.452018935896203e-05,0
DTXSID7021788,110,0.9306105669033816,1
DTXSID7021815,110,4.145407330383954e-09,0
DTXSID7021861,110,7.01245141486321e-10,0
DTXSID7021863,110,1.5469989925073882e-18,0
DTXSID7021867,110,4.150313555172689e-19,0
DTXSID7021869,110,0.0,0
DTXSID7021940,110,0.04177062963022182,0
DTXSID7021946,110,8.899734511090158e-07,0
DTXSID7021948,110,0.0,0
DTXSID7021992,110,0.00038909189202843657,0
DTXSID7021996,110,6.837561359398188e-19,0
DTXSID7021998,110,0.0003244421961511436,0
DTXSID7022043,110,0.0,0
DTXSID7022049,110,0.15148413185784543,0
DTXSID7022093,110,1.1245414181372972e-08,0
DTXSID7022120,110,1.6965923077277872e-07,0
DTXSID7022170,110,5.8412025571890506e-08,0
DTXSID7022172,110,0.00011369103522247318,0
DTXSID7022174,110,0.00025600467175484256,0
DTXSID7022253,110,0.30777032212229793,0
DTXSID7022332,110,9.746018389034346e-10,0
DTXSID7022411,110,7.112887954834696e-07,0
DTXSID7022413,110,0.003639943634574228,0
DTXSID7022544,110,1.9905114607771463e-08,0
DTXSID7022598,110,4.27869240325251e-06,0
DTXSID7022679,110,1.8679996042710446e-09,0
DTXSID7022912,110,0.0,0
DTXSID7023063,110,1.585124735557761e-05,0
DTXSID7023146,110,3.886910610702224e-08,0
DTXSID7023192,110,3.0310110451203565e-08,0
DTXSID7023194,110,2.9041736804931543e-07,0
DTXSID7023300,110,8.130552790020755e-08,0
DTXSID7023510,110,0.0,0
DTXSID7023645,110,1.2202493586844403e-08,0
DTXSID7023936,110,0.00915049595416864,0
DTXSID7023938,110,0.0015270148140011381,0
DTXSID7023980,110,6.351777968213029e-06,0
DTXSID7024031,110,7.840199059928442e-08,0
DTXSID7024035,110,0.0028817056795213663,0
DTXSID7024081,110,0.0,0
DTXSID7024085,110,8.921790697421345e-05,0
DTXSID7024087,110,0.0,0
DTXSID7024112,110,6.3927381850338136e-09,0
DTXSID7024160,110,9.310807710985133e-05,0
DTXSID7024164,110,0.11352852034643568,0
DTXSID7024166,110,1.1772889018645943e-05,0
DTXSID7024241,110,0.0,0
DTXSID7024245,110,0.001040008384253523,0
DTXSID7024247,110,4.4195367078961636e-08,0
DTXSID7024299,110,4.492723485300912e-08,0
DTXSID7024320,110,1.745830075115696e-07,0
DTXSID7024328,110,1.5850262980581792e-11,0
DTXSID7024376,110,2.3187176553395537e-08,0
DTXSID7024409,110,0.0,0
DTXSID7024532,110,2.0987391793337744e-06,0
DTXSID7024538,110,0.0,0
DTXSID7024586,110,1.7128475305524865e-12,0
DTXSID7024821,110,3.489198720154402e-05,0
DTXSID7024827,110,7.196574001306761e-17,0
DTXSID7024873,110,2.8848698330122694e-05,0
DTXSID7024902,110,0.0005913984171301586,0
DTXSID7024904,110,5.889869444147297e-19,0
DTXSID7024950,110,1.0911025682209164e-12,0
DTXSID7025003,110,2.1764363166721927e-08,0
DTXSID7025055,110,6.785760855246575e-07,0
DTXSID7025130,110,4.139181771703589e-06,0
DTXSID7025132,110,0.00013892508610805515,0
DTXSID7025134,110,8.320566311321511e-09,0
DTXSID7025138,110,0.00019283356731383995,0
DTXSID7025217,110,3.0006954440235112e-05,0
DTXSID7025219,110,0.0002850898045683006,0
DTXSID7025346,110,0.0,0
DTXSID7025394,110,0.8632949560731986,0
DTXSID7025421,110,0.9995548054961677,1
DTXSID7025427,110,3.481371577422524e-09,0
DTXSID7025429,110,0.0025503874038409788,0
DTXSID7025502,110,0.0,0
DTXSID7025506,110,3.107233343061923e-05,0
DTXSID7025508,110,0.0,0
DTXSID7025895,110,3.002817245557328e-11,0
DTXSID7025922,110,1.8146046492943912e-06,0
DTXSID7026029,110,1.7638404282591217e-10,0
DTXSID7026102,110,0.0,0
DTXSID7026156,110,0.09186166956435428,0
DTXSID7026235,110,0.0,0
DTXSID7026285,110,5.332350818675429e-07,0
DTXSID7026314,110,0.0,0
DTXSID7026368,110,1.2721534795477717e-06,0
DTXSID7026499,110,1.0430797609832025e-08,0
DTXSID7026520,110,1.6587954643483167e-16,0
DTXSID7026526,110,0.0,0
DTXSID7026653,110,4.732574320400301e-20,0
DTXSID7026811,110,0.0,0
DTXSID7026863,110,6.03207682933844e-12,0
DTXSID7026867,110,0.0,0
DTXSID7026946,110,2.9787632133061055e-06,0
DTXSID7026994,110,8.837309884226874e-05,0
DTXSID7026998,110,8.138844322790862e-06,0
DTXSID7027041,110,2.1651545030418185e-09,0
DTXSID7027047,110,7.4350685350055405e-06,0
DTXSID7027205,110,3.775811684622467e-08,0
DTXSID7027259,110,1.1152956238180923e-08,0
DTXSID7027334,110,0.0,0
DTXSID7027386,110,0.3987374509198083,0
DTXSID7027388,110,0.0,0
DTXSID7027461,110,2.2777727842936663e-06,0
DTXSID7027540,110,2.033718762265686e-06,0
DTXSID7027542,110,0.0,0
DTXSID7027544,110,2.225083016947435e-09,0
DTXSID7027596,110,8.006436236519631e-12,0
DTXSID7027598,110,7.147037160416948e-06,0
DTXSID7027625,110,2.660483477159696e-08,0
DTXSID70276659,110,2.7288397359193208e-15,0
DTXSID7027756,110,9.95751989566845e-08,0
DTXSID7027831,110,0.0,0
DTXSID7027833,110,4.646368486122595e-08,0
DTXSID7027835,110,0.0,0
DTXSID7027837,110,4.037065351686205e-05,0
DTXSID7027887,110,1.674548987470064e-08,0
DTXSID7027916,110,9.64684206264857e-07,0
DTXSID7028011,110,2.7303152101617188e-06,0
DTXSID7028015,110,0.00013915349885836164,0
DTXSID7028300,110,0.0,0
DTXSID7028774,110,6.105340212940915e-12,0
DTXSID7029110,110,9.105140753149344e-10,0
DTXSID7029162,110,7.349151458575628e-19,0
DTXSID7029164,110,0.0006403109174815007,0
DTXSID7029166,110,0.0,0
DTXSID7029241,110,3.0648337354168255e-10,0
DTXSID7029320,110,3.4774783019433266e-11,0
DTXSID7029534,110,4.505449328816602e-06,0
DTXSID7029611,110,1.055500637159938e-05,0
DTXSID7029661,110,2.4123817627527275e-07,0
DTXSID7029871,110,0.10186921722915869,0
DTXSID7029879,110,0.060573368912258035,0
DTXSID7029904,110,4.20067039081099e-07,0
DTXSID7030060,110,7.014670546304969e-08,0
DTXSID7030307,110,4.799945803456068e-05,0
DTXSID7030698,110,6.382673674030069e-10,0
DTXSID7031290,110,0.9995996362809544,1
DTXSID7031294,110,1.2678902807962902e-06,0
DTXSID7031458,110,0.016592541572078717,0
DTXSID7031531,110,1.446348001976943e-14,0
DTXSID7032004,110,0.0,0
DTXSID7032345,110,0.0024741376148072476,0
DTXSID7032393,110,1.4112247581400261e-05,0
DTXSID7032424,110,0.0013991827228216922,0
DTXSID7032470,110,0.00012931858788324784,0
DTXSID7032551,110,0.004026816648186831,0
DTXSID7032553,110,0.19854549319043147,0
DTXSID7032555,110,0.7386130628923389,0
DTXSID7032559,110,0.005191685190007282,0
DTXSID7032630,110,1.3681582422105825e-14,0
DTXSID7032638,110,0.00039550510092489695,0
DTXSID7032688,110,3.7780468973437245e-06,0
DTXSID7034250,110,4.0059697199817496e-07,0
DTXSID7034252,110,2.982580850470754e-10,0
DTXSID7034383,110,2.0753808657289718e-07,0
DTXSID7034460,110,4.369632882354326e-16,0
DTXSID7034545,110,3.94491142141828e-06,0
DTXSID7034549,110,1.2114458506768917e-05,0
DTXSID7034624,110,5.427406929977718e-12,0
DTXSID7034674,110,0.0,0
DTXSID7034676,110,7.929865799798292e-14,0
DTXSID7034753,110,0.0,0
DTXSID7034961,110,1.6412509905051873e-06,0
DTXSID7035010,110,4.2920165899608615e-05,0
DTXSID7035272,110,1.2790394252418179e-17,0
DTXSID70366226,110,5.960440022758649e-12,0
DTXSID7037185,110,0.999973827820098,1
DTXSID7037262,110,8.708652269869067e-07,0
DTXSID7037551,110,5.3080842287571915e-15,0
DTXSID7037555,110,1.6069264960512043e-17,0
DTXSID7037715,110,0.001705474403178872,0
DTXSID7037717,110,0.0006374478612432936,0
DTXSID70379270,110,2.572788631702528e-10,0
DTXSID70379295,110,0.9999999273585041,1
DTXSID70379730,110,1.2965259543861286e-18,0
DTXSID70379917,110,1.3232074277479776e-06,0
DTXSID70381090,110,4.05840647093223e-09,0
DTXSID70381151,110,2.6928461904315795e-09,0
DTXSID7038317,110,2.1745417955618553e-05,0
DTXSID7038810,110,9.356657484741489e-12,0
DTXSID7038814,110,9.523822344980023e-12,0
DTXSID7038818,110,6.931178901303277e-11,0
DTXSID7038864,110,2.1309776341667675e-08,0
DTXSID70400078,110,5.5064791434101204e-14,0
DTXSID7040150,110,2.085753036816325e-06,0
DTXSID7040152,110,2.9785666681461034e-06,0
DTXSID7040154,110,1.1906743327137016e-10,0
DTXSID7040285,110,1.5400522025573175e-08,0
DTXSID7040287,110,3.4425849272123686e-11,0
DTXSID7040289,110,5.347168027401079e-11,0
DTXSID7040316,110,1.8543903329433066e-06,0
DTXSID7040360,110,2.9969044520327505e-08,0
DTXSID7040362,110,0.00045001187274674846,0
DTXSID7040732,110,1.4822791927230416e-08,0
DTXSID7040734,110,1.8216473623103285e-08,0
DTXSID7040784,110,0.00028323316079510323,0
DTXSID7040788,110,2.9857959476137553e-10,0
DTXSID7041097,110,3.3489285474999863e-06,0
DTXSID7041178,110,2.0168179673812314e-07,0
DTXSID7041253,110,4.547076612797676e-18,0
DTXSID7041388,110,8.41178157417713e-08,0
DTXSID7041413,110,9.310138679766325e-14,0
DTXSID7041461,110,0.6432152013161782,0
DTXSID7041467,110,7.445375631647808e-07,0
DTXSID7041540,110,1.9174321888494208e-14,0
DTXSID7041544,110,9.551941227227244e-08,0
DTXSID7041623,110,1.6912371079818755e-07,0
DTXSID7041629,110,1.8905933941040903e-15,0
DTXSID7041671,110,0.0,0
DTXSID7041675,110,4.5079049031946955e-07,0
DTXSID7041708,110,0.00534253437565517,0
DTXSID7041887,110,0.04999579241809782,0
DTXSID7041889,110,3.3527723198705304e-15,0
DTXSID7041962,110,0.0003365937153613621,0
DTXSID7041966,110,1.421071061112026e-05,0
DTXSID7042011,110,1.9542577746739006e-11,0
DTXSID7042061,110,4.5926331249570006e-08,0
DTXSID7042065,110,1.827750316385383e-07,0
DTXSID7042190,110,8.657525047269871e-07,0
DTXSID7042196,110,0.0,0
DTXSID7042198,110,1.1887632597814628e-05,0
DTXSID7042273,110,0.0024366364163480414,0
DTXSID7042279,110,7.730674308862468e-11,0
DTXSID7042356,110,0.0001230263348895433,0
DTXSID7042437,110,1.129424372004296e-17,0
DTXSID7043902,110,0.9999214926760782,1
DTXSID7043908,110,3.5275144005506157e-19,0
DTXSID7044215,110,0.0,0
DTXSID7044340,110,4.502707707624415e-09,0
DTXSID7044342,110,0.0,0
DTXSID7044390,110,4.769729430698797e-16,0
DTXSID7044392,110,4.8141130364836146e-11,0
DTXSID7044394,110,1.6265647412083102e-07,0
DTXSID7044396,110,9.507885661105394e-07,0
DTXSID7044398,110,0.0,0
DTXSID7044421,110,1.7494776075960411e-06,0
DTXSID7044423,110,0.0,0
DTXSID7044427,110,0.0,0
DTXSID7044429,110,5.947268557831871e-14,0
DTXSID7044471,110,3.347849915331786e-12,0
DTXSID7044473,110,4.305279433987094e-17,0
DTXSID7044475,110,1.352042016438614e-05,0
DTXSID7044479,110,0.0021087944866735766,0
DTXSID7044500,110,7.628242178970818e-05,0
DTXSID7044502,110,2.0519656690383925e-08,0
DTXSID7044504,110,0.00018727400612340262,0
DTXSID7044506,110,2.969413946348083e-06,0
DTXSID7044552,110,2.1489062422979374e-19,0
DTXSID7044639,110,0.0,0
DTXSID7044689,110,1.4677257579993053e-09,0
DTXSID7044716,110,1.2170724636179497e-08,0
DTXSID7044718,110,0.5573474598898944,0
DTXSID7044760,110,5.523464091579195e-11,0
DTXSID7044762,110,6.499416545134782e-12,0
DTXSID7044764,110,1.2171018078418637e-08,0
DTXSID7044841,110,0.07463795303584575,0
DTXSID7044843,110,0.027350969313317264,0
DTXSID7044847,110,0.0,0
DTXSID7044849,110,3.387086194149202e-17,0
DTXSID7044895,110,2.9941248090546797e-10,0
DTXSID7044897,110,4.990262279734274e-08,0
DTXSID7044922,110,8.123419784942458e-08,0
DTXSID7044928,110,8.591233817647984e-18,0
DTXSID7044970,110,9.252302773186252e-05,0
DTXSID7044976,110,1.539274459205293e-08,0
DTXSID7047061,110,1.009604899661319e-05,0
DTXSID7047065,110,8.133764213852787e-07,0
DTXSID7047142,110,7.419341532181471e-06,0
DTXSID7047144,110,0.9829981387906964,1
DTXSID7047146,110,9.198532616229876e-09,0
DTXSID7047190,110,0.0,0
DTXSID7047192,110,4.146480088075878e-06,0
DTXSID7047198,110,2.707800916857236e-07,0
DTXSID7047271,110,1.3779560203794634e-08,0
DTXSID7047277,110,3.373513366459875e-07,0
DTXSID7047279,110,4.261975544099506e-15,0
DTXSID7047304,110,5.778329636074757e-06,0
DTXSID7047306,110,0.0,0
DTXSID7047308,110,8.160624411717003e-16,0
DTXSID7047356,110,4.750574555257885e-16,0
DTXSID7047358,110,0.9991490258650184,1
DTXSID7047433,110,0.0016612296996768834,0
DTXSID7047435,110,4.4004658781957365e-07,0
DTXSID7047437,110,0.0,0
DTXSID7047439,110,5.1627479205461456e-06,0
DTXSID7047487,110,0.04964677429431535,0
DTXSID7047510,110,1.6041140535368967e-05,0
DTXSID7047560,110,1.408041359236538e-08,0
DTXSID7047562,110,2.6878160284810768e-08,0
DTXSID7047566,110,1.6030352232192458e-08,0
DTXSID7047641,110,2.3001185316906035e-13,0
DTXSID7047643,110,8.005049856527524e-13,0
DTXSID7047645,110,5.537823216567043e-21,0
DTXSID7047647,110,0.009261127588868125,0
DTXSID7047691,110,1.7957590775310794e-06,0
DTXSID7047693,110,0.0,0
DTXSID7047697,110,0.999987049175444,1
DTXSID70481246,110,7.434574617944098e-10,0
DTXSID7048166,110,0.999346697152186,1
DTXSID7048168,110,0.9862952145294426,1
DTXSID7051474,110,1.7602678140884482e-07,0
DTXSID7051557,110,2.1091039804624168e-06,0
DTXSID7051890,110,2.2062963998614162e-13,0
DTXSID7052101,110,2.334824706308823e-05,0
DTXSID7052109,110,0.0006659344868531959,0
DTXSID7052284,110,0.9971428789941497,1
DTXSID7052288,110,4.380261640749166e-17,0
DTXSID7052311,110,0.0,0
DTXSID7052319,110,2.8857134242806496e-09,0
DTXSID7052446,110,7.595370852270982e-07,0
DTXSID7052529,110,5.382598473857657e-13,0
DTXSID7052571,110,0.0,0
DTXSID7052573,110,1.047577025078805e-10,0
DTXSID7052577,110,4.316473398440131e-12,0
DTXSID7052602,110,0.0,0
DTXSID7052652,110,0.0,0
DTXSID7052654,110,5.192510441845816e-06,0
DTXSID7052735,110,1.9798824981963788e-07,0
DTXSID7052866,110,7.975270185319104e-07,0
DTXSID70537191,110,9.302810460595481e-11,0
DTXSID70565479,110,4.679532540054795e-10,0
DTXSID7059933,110,1.5168572107277707e-11,0
DTXSID7060332,110,0.9996288114934129,1
DTXSID7061982,110,2.7924287472096517e-12,0
DTXSID7074616,110,1.136015685587005e-15,0
DTXSID70858873,110,9.526260620056357e-08,0
DTXSID70858878,110,1.5091084164280002e-09,0
DTXSID70858893,110,6.877124494621578e-10,0
DTXSID70858898,110,3.125726015517695e-09,0
DTXSID70858914,110,7.519442371506374e-14,0
DTXSID70858919,110,1.031826186674996e-06,0
DTXSID70870515,110,5.083589349625772e-07,0
DTXSID70872711,110,2.2530747976447413e-08,0
DTXSID70872716,110,7.553611899500844e-08,0
DTXSID70872731,110,0.0,0
DTXSID70872736,110,1.4862022375940161e-08,0
DTXSID70872751,110,1.0673132521337797e-11,0
DTXSID70872756,110,4.078992154677253e-08,0
DTXSID70880134,110,2.0371015971945224e-11,0
DTXSID70880215,110,3.177295513600291e-09,0
DTXSID70880230,110,5.329083089562383e-14,0
DTXSID70903832,110,3.966786394064582e-17,0
DTXSID70903837,110,0.0,0
DTXSID70903852,110,2.574759821430016e-17,0
DTXSID70903857,110,0.0,0
DTXSID70903872,110,0.0,0
DTXSID70903877,110,0.0,0
DTXSID70903892,110,0.0,0
DTXSID801339553,110,9.729994445209123e-16,0
DTXSID801351787,110,1.3742657366182528e-13,0
DTXSID801351799,110,0.8018899683507932,0
DTXSID801351806,110,0.0,0
DTXSID80195822,110,0.0,0
DTXSID8020040,110,0.0003027657403922722,0
DTXSID8020044,110,0.0,0
DTXSID8020092,110,0.0,0
DTXSID8020121,110,2.1913328236041457e-09,0
DTXSID8020123,110,1.955897471381147e-09,0
DTXSID8020127,110,7.954289760836629e-09,0
DTXSID8020175,110,8.270363434727833e-07,0
DTXSID8020179,110,0.0,0
DTXSID8020202,110,6.169432269974798e-07,0
DTXSID8020252,110,8.921349226057634e-19,0
DTXSID8020256,110,1.2472091399007433e-08,0
DTXSID8020331,110,6.106266663108015e-11,0
DTXSID8020337,110,0.9998198409633176,1
DTXSID8020381,110,5.0054799833980934e-14,0
DTXSID8020410,110,2.890297429171637e-10,0
DTXSID8020462,110,0.6334694430266105,0
DTXSID8020464,110,5.1007673675755556e-05,0
DTXSID8020466,110,0.0,0
DTXSID8020541,110,2.4127779180372897e-09,0
DTXSID8020545,110,3.156813560923038e-17,0
DTXSID8020591,110,1.9837274667601634e-18,0
DTXSID8020593,110,1.290575398914288e-12,0
DTXSID8020597,110,7.64470778193877e-08,0
DTXSID8020620,110,3.0405768604360263e-05,0
DTXSID8020628,110,0.0001034941891202386,0
DTXSID8020674,110,0.0,0
DTXSID8020703,110,6.733811922938724e-11,0
DTXSID8020755,110,1.236382842221425e-08,0
DTXSID8020759,110,6.661597415237691e-10,0
DTXSID8020830,110,7.794291272569247e-11,0
DTXSID8020834,110,1.4239984209995308e-07,0
DTXSID8020838,110,1.2429666029105041e-20,0
DTXSID8020880,110,0.0003899889318816625,0
DTXSID8020913,110,0.037016625188298354,0
DTXSID8020915,110,5.9347236825756814e-08,0
DTXSID8020917,110,8.221058266752327e-07,0
DTXSID8020961,110,0.0,0
DTXSID8020963,110,0.0002607667276908935,0
DTXSID8020965,110,0.0003023778551563826,0
DTXSID8020969,110,1.33006707776462e-06,0
DTXSID8021062,110,8.241472240584903e-06,0
DTXSID8021141,110,7.68824913142083e-05,0
DTXSID8021147,110,3.622598586343154e-08,0
DTXSID8021195,110,8.079957019822914e-05,0
DTXSID8021199,110,5.3578106444035465e-05,0
DTXSID8021224,110,3.509044402675317e-05,0
DTXSID8021272,110,0.0180734366948363,0
DTXSID8021301,110,6.614777903287454e-09,0
DTXSID8021305,110,6.713524864553118e-08,0
DTXSID8021359,110,0.0,0
DTXSID8021438,110,2.314878629652786e-19,0
DTXSID8021513,110,0.10026835219651326,0
DTXSID8021515,110,0.04749609266557034,0
DTXSID8021517,110,2.2135223422476568e-06,0
DTXSID8021519,110,6.321087701245299e-07,0
DTXSID8021640,110,5.64763152699013e-06,0
DTXSID8021642,110,0.0,0
DTXSID8021648,110,2.110385457050864e-09,0
DTXSID8021721,110,0.0,0
DTXSID8021725,110,1.4682726886401346e-17,0
DTXSID8021771,110,0.0,0
DTXSID8021777,110,1.2546398031592528e-11,0
DTXSID8021800,110,9.152793534911702e-14,0
DTXSID8021802,110,3.090717916263655e-08,0
DTXSID8021804,110,2.0012359419691703e-05,0
DTXSID8021808,110,0.0001259288291453045,0
DTXSID8021856,110,7.858620947462052e-05,0
DTXSID8021931,110,5.868460466504193e-08,0
DTXSID8021937,110,0.00010348963267263551,0
DTXSID8022036,110,3.453144673221113e-07,0
DTXSID8022080,110,0.9996125429432766,1
DTXSID8022082,110,2.0693504870319928e-11,0
DTXSID8022084,110,1.6451126787670853e-06,0
DTXSID8022111,110,0.0034281107026442083,0
DTXSID8022113,110,7.020845655443032e-07,0
DTXSID8022161,110,3.5207072834015285e-05,0
DTXSID8022246,110,4.0801902215794015e-05,0
DTXSID8022292,110,3.5264471338397693e-07,0
DTXSID8022325,110,0.00427751689653526,0
DTXSID8022377,110,8.120676259410872e-05,0
DTXSID8022406,110,3.778333901687855e-16,0
DTXSID8022408,110,2.169392989438412e-06,0
DTXSID8022589,110,1.3277499212523614e-10,0
DTXSID8022666,110,0.0,0
DTXSID8022741,110,2.8810008084234057e-10,0
DTXSID8022824,110,0.0,0
DTXSID8022828,110,2.5388320505196655e-14,0
DTXSID8022959,110,3.187828023646831e-11,0
DTXSID8023214,110,4.9694297585367066e-17,0
DTXSID8023216,110,1.0210093252477365e-06,0
DTXSID8023474,110,6.305441256677506e-07,0
DTXSID8023632,110,0.0,0
DTXSID8023688,110,2.1322210072039894e-17,0
DTXSID8023719,110,2.623227417360854e-07,0
DTXSID8023846,110,0.0,0
DTXSID8023848,110,3.1020395543227235e-18,0
DTXSID8023890,110,0.00136623409209031,0
DTXSID8023892,110,4.441481450740546e-05,0
DTXSID8023927,110,9.008202007518236e-06,0
DTXSID8023973,110,4.9314506796686775e-08,0
DTXSID8023977,110,9.845300044426096e-20,0
DTXSID8024072,110,1.6621914057660476e-05,0
DTXSID8024101,110,0.00024671167666054074,0
DTXSID8024105,110,7.609278749193825e-07,0
DTXSID8024107,110,1.2503073259903077e-13,0
DTXSID8024109,110,1.254047880163725e-07,0
DTXSID8024151,110,0.5190897218251178,0
DTXSID8024153,110,2.292079942945946e-10,0
DTXSID8024157,110,9.939324853741367e-06,0
DTXSID8024159,110,1.2637871584843599e-05,0
DTXSID8024234,110,0.0,0
DTXSID8024238,110,0.018583522186301247,0
DTXSID8024280,110,1.689239867075434e-05,0
DTXSID8024284,110,1.0963874881092859e-10,0
DTXSID8024311,110,0.0,0
DTXSID8024315,110,9.804973116600873e-07,0
DTXSID8024317,110,4.058032996114464e-17,0
DTXSID8024523,110,1.07512808136011e-05,0
DTXSID8024573,110,9.617210010520409e-06,0
DTXSID8024600,110,2.092726188958934e-09,0
DTXSID8024652,110,0.15546354732500603,0
DTXSID8024739,110,5.27583475476062e-10,0
DTXSID8024810,110,0.0,0
DTXSID8024814,110,2.3083839873782208e-05,0
DTXSID8024993,110,0.0,0
DTXSID8024999,110,3.9259771393909313e-11,0
DTXSID8025094,110,1.336690126476137e-09,0
DTXSID8025096,110,8.606022840123017e-12,0
DTXSID8025337,110,5.8225782374580156e-08,0
DTXSID8025595,110,1.316001875971363e-15,0
DTXSID8025599,110,0.003818321396920027,0
DTXSID8025670,110,2.5188109521377305e-08,0
DTXSID8025707,110,2.3449824335424053e-13,0
DTXSID8025886,110,4.589691422541771e-08,0
DTXSID8025961,110,0.0006316832293315059,0
DTXSID8026060,110,0.0,0
DTXSID8026068,110,9.282981796028973e-09,0
DTXSID8026141,110,1.1613623193623272e-06,0
DTXSID8026193,110,5.438621606211464e-19,0
DTXSID8026224,110,9.708856449782778e-08,0
DTXSID8026228,110,1.64925706861629e-08,0
DTXSID8026303,110,3.227252288015278e-08,0
DTXSID8026307,110,7.191857223423021e-16,0
DTXSID8026436,110,1.121652692045654e-05,0
DTXSID8026488,110,3.5413828686176346e-06,0
DTXSID8026513,110,4.38833323840067e-06,0
DTXSID8026640,110,0.00014048762744118498,0
DTXSID8026694,110,9.988234963374305e-10,0
DTXSID8026698,110,0.0004513124775737816,0
DTXSID8026725,110,0.0,0
DTXSID8026727,110,2.692679552459101e-12,0
DTXSID8026773,110,2.1819431192093087e-07,0
DTXSID8027032,110,1.971733718759939e-15,0
DTXSID8027034,110,4.2412815197365366e-10,0
DTXSID8027036,110,2.6264768517925657e-05,0
DTXSID8027086,110,0.010178858671240023,0
DTXSID8027240,110,3.2538801673861947e-18,0
DTXSID8027246,110,1.8965398230903092e-07,0
DTXSID8027292,110,0.0006585605562691723,0
DTXSID8027294,110,8.43978296495472e-10,0
DTXSID8027323,110,7.77318990116956e-07,0
DTXSID8027373,110,0.980653984296145,1
DTXSID8027377,110,7.696224654718151e-18,0
DTXSID8027402,110,1.0983505284719374e-08,0
DTXSID8027454,110,3.291008733584306e-11,0
DTXSID8027581,110,0.0,0
DTXSID8027585,110,1.3562004010139649e-14,0
DTXSID8027589,110,0.0,0
DTXSID8027747,110,1.982623808565614e-10,0
DTXSID8027749,110,1.20096594415092e-07,0
DTXSID8027793,110,0.9924999158439166,1
DTXSID8027795,110,1.2468506419935894e-06,0
DTXSID8027797,110,0.0001624257994837311,0
DTXSID8027826,110,8.523906935298641e-05,0
DTXSID8027870,110,1.7001642242880773e-06,0
DTXSID8027955,110,0.0,0
DTXSID8027959,110,0.0,0
DTXSID8029105,110,1.723913890768935e-06,0
DTXSID8029153,110,2.7926511953513122e-14,0
DTXSID8029157,110,2.9657607881438625e-08,0
DTXSID8029159,110,2.68167621012411e-06,0
DTXSID8029232,110,3.1506399255582275e-18,0
DTXSID8029282,110,9.23600619460025e-17,0
DTXSID8029286,110,0.9101710789871121,1
DTXSID8029369,110,2.088401306795259e-06,0
DTXSID8029600,110,7.746984128010611e-07,0
DTXSID8029650,110,2.2591899655028646e-06,0
DTXSID8029868,110,0.9999936150094646,1
DTXSID8030423,110,2.5163914111527297e-13,0
DTXSID80310730,110,0.0,0
DTXSID8031077,110,7.112373624904147e-14,0
DTXSID8031863,110,0.05977733550368278,0
DTXSID8031865,110,1.3420269387795777e-07,0
DTXSID8032386,110,0.0018211208852406263,0
DTXSID8032417,110,9.614336762532969e-14,0
DTXSID8032463,110,3.7987510569913486e-06,0
DTXSID8032544,110,1.0129130606818916e-11,0
DTXSID8032548,110,0.17523304560888725,0
DTXSID8032671,110,0.0,0
DTXSID8032673,110,0.00031342956870090966,0
DTXSID8032675,110,0.0,0
DTXSID8033562,110,0.5265926939780798,0
DTXSID8033566,110,1.6850723621775462e-05,0
DTXSID8034241,110,4.5622627535761215e-06,0
DTXSID8034324,110,4.83663984134066e-05,0
DTXSID8034372,110,0.0,0
DTXSID8034376,110,0.0,0
DTXSID8034401,110,1.9833200817151935e-17,0
DTXSID8034538,110,1.9175327727397255e-12,0
DTXSID8034580,110,9.382254556210189e-08,0
DTXSID8034586,110,0.001777383703129552,0
DTXSID8034588,110,0.030977290652900124,0
DTXSID8034665,110,0.0007206320751392763,0
DTXSID8034742,110,4.1329824432814497e-07,0
DTXSID8034792,110,1.8193922469761627e-14,0
DTXSID8034823,110,0.0007773700985262166,0
DTXSID8034871,110,1.5481381943039506e-05,0
DTXSID8034877,110,0.007589103674308686,0
DTXSID8034956,110,0.00018337702532382786,0
DTXSID8035001,110,0.0,0
DTXSID8035180,110,0.9998816278844531,1
DTXSID8035217,110,0.0006357182617385528,0
DTXSID8035423,110,4.335951499545989e-08,0
DTXSID80375107,110,6.152981112400032e-09,0
DTXSID8037596,110,4.974149228775262e-11,0
DTXSID8037706,110,0.8612600210926175,0
DTXSID8037708,110,3.0043959192072578e-05,0
DTXSID8037750,110,6.691758116001323e-12,0
DTXSID8037752,110,6.768541213948892e-19,0
DTXSID8037754,110,2.3864298525569997e-05,0
DTXSID8037756,110,2.851471960499845e-17,0
DTXSID80379721,110,0.0,0
DTXSID80379781,110,0.0,0
DTXSID80380837,110,3.46561761351688e-08,0
DTXSID80382093,110,5.217092392125374e-12,0
DTXSID80382154,110,0.0,0
DTXSID8038770,110,3.19271924998292e-08,0
DTXSID8038801,110,0.0001027542701688205,0
DTXSID8038855,110,0.00024255693394694474,0
DTXSID8040145,110,2.960973622636143e-08,0
DTXSID8040222,110,0.00022572053348464565,0
DTXSID8040274,110,8.686996170350379e-19,0
DTXSID8040278,110,0.8654179135576656,0
DTXSID8040484,110,3.448697802834336e-10,0
DTXSID8040694,110,1.3405486753018387e-09,0
DTXSID8040698,110,6.260013065950109e-20,0
DTXSID8040721,110,0.0015165972410558501,0
DTXSID8040723,110,2.255512559427323e-06,0
DTXSID8040725,110,2.694796473886649e-07,0
DTXSID8040775,110,6.836123338868163e-06,0
DTXSID8040779,110,9.073094208572688e-07,0
DTXSID8040800,110,8.791640653801147e-08,0
DTXSID8041117,110,0.0,0
DTXSID8041242,110,0.0,0
DTXSID8041246,110,4.0813486254678346e-21,0
DTXSID8041248,110,0.1404622080736251,0
DTXSID8041298,110,6.62440366735265e-19,0
DTXSID8041321,110,0.0,0
DTXSID8041327,110,2.7396693802165805e-20,0
DTXSID8041371,110,3.315776080254734e-07,0
DTXSID8041379,110,4.0641262544284855e-05,0
DTXSID8041400,110,0.0,0
DTXSID8041610,110,7.363635293549744e-09,0
DTXSID8041668,110,3.816498914510672e-11,0
DTXSID8041745,110,5.649552971060193e-05,0
DTXSID8041901,110,0.016754081855782393,0
DTXSID8041909,110,8.82980605136635e-18,0
DTXSID8041955,110,0.00019181445023206458,0
DTXSID8041957,110,0.00031345616410560615,0
DTXSID8042006,110,6.327152451274503e-13,0
DTXSID8042052,110,2.113302628083438e-14,0
DTXSID8042187,110,0.0004974142362930938,0
DTXSID8042189,110,2.695668205954804e-07,0
DTXSID8042210,110,0.0,0
DTXSID8042264,110,0.285737495406711,0
DTXSID8042343,110,2.6682874082492195e-06,0
DTXSID8042349,110,0.0,0
DTXSID8042399,110,0.9999200257271542,1
DTXSID8042422,110,1.2802642261794364e-06,0
DTXSID8042424,110,6.085595702748297e-05,0
DTXSID8042426,110,1.9641484822750406e-07,0
DTXSID8042478,110,0.44095672390448853,0
DTXSID8042503,110,5.578545127650051e-06,0
DTXSID8042507,110,6.126967449923199e-07,0
DTXSID8043941,110,0.0,0
DTXSID8044175,110,0.00016771967433686815,0
DTXSID8044177,110,5.1237768659166276e-05,0
DTXSID8044200,110,2.3063140771631106e-10,0
DTXSID8044202,110,1.5000749693200464e-05,0
DTXSID8044337,110,0.7797281187176971,0
DTXSID8044381,110,0.9285068098778207,1
DTXSID8044383,110,0.00024224773482117343,0
DTXSID8044385,110,8.278320227699811e-10,0
DTXSID8044389,110,1.7071965999901765e-07,0
DTXSID8044416,110,2.9454008711965172e-06,0
DTXSID8044462,110,9.443381222670091e-13,0
DTXSID8044464,110,0.7014683143759674,0
DTXSID8044541,110,5.146202586240128e-11,0
DTXSID8044543,110,3.2006334094779954e-06,0
DTXSID8044545,110,0.0,0
DTXSID8044547,110,2.742806257252696e-05,0
DTXSID8044593,110,5.958444956169238e-10,0
DTXSID8044595,110,0.9979459225898659,1
DTXSID8044620,110,3.721732303649019e-12,0
DTXSID8044676,110,0.23121800161229877,0
DTXSID8044678,110,7.052466220755176e-08,0
DTXSID8044703,110,2.4674168278185705e-11,0
DTXSID8044753,110,1.2465735749090086e-05,0
DTXSID8044755,110,2.5080745107824177e-08,0
DTXSID8044757,110,4.488752862190716e-09,0
DTXSID8044759,110,5.062332055686452e-10,0
DTXSID8044830,110,0.0,0
DTXSID8044832,110,3.5325495375292254e-07,0
DTXSID8044836,110,1.23626729209594e-05,0
DTXSID8044880,110,1.0256714479520483e-11,0
DTXSID8044882,110,1.1682349046771855e-07,0
DTXSID8044886,110,1.0252038784431905e-12,0
DTXSID8044888,110,1.2380160019247819e-05,0
DTXSID8044911,110,3.84401303915493e-16,0
DTXSID8044913,110,6.273581728511487e-07,0
DTXSID8044969,110,5.450634750131343e-16,0
DTXSID8045191,110,4.0754377385882145e-08,0
DTXSID8046614,110,1.5008621267973948e-14,0
DTXSID8047000,110,2.19137955343348e-10,0
DTXSID8047050,110,9.436936934475385e-08,0
DTXSID8047052,110,5.739446371437908e-06,0
DTXSID8047056,110,1.96942974497847e-07,0
DTXSID8047058,110,1.9226130404783642e-17,0
DTXSID8047131,110,1.4037212129517232e-19,0
DTXSID8047133,110,7.095299287070679e-05,0
DTXSID8047135,110,5.65597309817022e-10,0
DTXSID8047137,110,7.751829221869415e-12,0
DTXSID8047139,110,1.375813638849865e-07,0
DTXSID8047185,110,2.4009352994710446e-11,0
DTXSID8047187,110,1.7470482243582396e-07,0
DTXSID8047189,110,1.559739271771453e-06,0
DTXSID8047218,110,0.0,0
DTXSID8047262,110,0.0,0
DTXSID8047264,110,1.5458415772016953e-09,0
DTXSID8047266,110,8.280706419727979e-17,0
DTXSID8047268,110,0.9998791318500436,1
DTXSID8047341,110,0.0,0
DTXSID8047347,110,9.744315303953193e-19,0
DTXSID8047349,110,0.01678939125872225,0
DTXSID8047391,110,2.3420065858775406e-05,0
DTXSID8047395,110,0.0,0
DTXSID8047399,110,4.0306735564309823e-08,0
DTXSID8047420,110,1.279765622183022e-08,0
DTXSID8047422,110,1.6002496855726665e-09,0
DTXSID8047424,110,0.0,0
DTXSID8047426,110,1.0089651978266516e-07,0
DTXSID8047470,110,2.714397145663598e-07,0
DTXSID8047472,110,0.0,0
DTXSID8047505,110,2.4373068102997288e-11,0
DTXSID8047551,110,1.595712279136437e-20,0
DTXSID8047553,110,0.9964887995229986,1
DTXSID8047559,110,0.0,0
DTXSID8047636,110,1.7314729534774976e-09,0
DTXSID8047682,110,0.0,0
DTXSID8047684,110,4.670878859070764e-05,0
DTXSID8047686,110,0.0,0
DTXSID8047713,110,2.805783976621525e-09,0
DTXSID8047717,110,1.5451743885801772e-18,0
DTXSID8047769,110,6.800683237224019e-07,0
DTXSID8047890,110,0.039350429304892236,0
DTXSID8048494,110,0.0,0
DTXSID8048521,110,0.00012238549420596112,0
DTXSID8051419,110,7.371920305990469e-12,0
DTXSID8051540,110,0.0,0
DTXSID8051542,110,6.954105618800766e-08,0
DTXSID8051544,110,0.0862067301170573,0
DTXSID8051629,110,0.0,0
DTXSID8051704,110,2.815484416598988e-06,0
DTXSID8051708,110,1.378997763081139e-07,0
DTXSID8051754,110,6.732751519998633e-07,0
DTXSID8051914,110,5.0780345513251615e-06,0
DTXSID8052017,110,4.1398122902051543e-10,0
DTXSID8052198,110,0.0015790671592640743,0
DTXSID8052300,110,0.0,0
DTXSID8052308,110,4.345230978247542e-15,0
DTXSID8052641,110,4.982173816051224e-09,0
DTXSID8052693,110,1.0758666694429668e-12,0
DTXSID8052724,110,1.9421599166484357e-05,0
DTXSID8059920,110,3.3761285791754288e-06,0
DTXSID8059926,110,0.0,0
DTXSID8059928,110,1.7572308994738347e-12,0
DTXSID8059970,110,0.0,0
DTXSID80858869,110,3.2214259397062625e-21,0
DTXSID80858884,110,6.214420105047812e-12,0
DTXSID80858889,110,5.807485290935072e-07,0
DTXSID80858900,110,0.0,0
DTXSID80858905,110,1.4753155366366238e-07,0
DTXSID80858920,110,4.605718323775911e-10,0
DTXSID80872707,110,3.0945063230944e-08,0
DTXSID80872722,110,0.0,0
DTXSID80872727,110,2.9315751631853905e-09,0
DTXSID80872742,110,1.1078655805954993e-08,0
DTXSID80872747,110,3.7358251395776204e-08,0
DTXSID80881157,110,2.3380063777563797e-16,0
DTXSID80903828,110,0.0,0
DTXSID80903843,110,1.9444735440469042e-16,0
DTXSID80903848,110,2.6175111511248155e-13,0
DTXSID80903863,110,0.0,0
DTXSID80903868,110,0.0,0
DTXSID80903883,110,0.0,0
DTXSID80903888,110,0.0,0
DTXSID901339556,110,0.0,0
DTXSID901351485,110,2.8341049092285547e-07,0
DTXSID90174941,110,3.196844903186633e-06,0
DTXSID90190949,110,0.000180092341076917,0
DTXSID9020087,110,3.648440317531537e-09,0
DTXSID9020089,110,1.115277958852475e-17,0
DTXSID9020110,110,4.749689553176527e-12,0
DTXSID9020112,110,0.0004667527148386263,0
DTXSID9020114,110,0.0,0
DTXSID9020116,110,5.619633340667597e-08,0
DTXSID9020118,110,3.5374818562852985e-11,0
DTXSID9020160,110,0.00012149182615165726,0
DTXSID9020164,110,0.0,0
DTXSID9020168,110,1.5277629366037803e-12,0
DTXSID9020243,110,0.0016296494278297028,0
DTXSID9020247,110,0.0009924042280994958,0
DTXSID9020249,110,0.0,0
DTXSID9020293,110,2.6972835895290385e-10,0
DTXSID9020295,110,1.6719853055121501e-09,0
DTXSID9020299,110,6.645473795270216e-05,0
DTXSID9020322,110,8.846471657820848e-10,0
DTXSID9020370,110,2.17577031589013e-07,0
DTXSID9020372,110,0.9599987497822735,1
DTXSID9020374,110,0.00017049216671215648,0
DTXSID9020376,110,9.712824022007837e-06,0
DTXSID9020378,110,8.971364258418974e-07,0
DTXSID9020401,110,0.0,0
DTXSID9020407,110,0.008449169695946224,0
DTXSID9020409,110,2.3712340945832065e-16,0
DTXSID9020451,110,3.2043177419989144e-09,0
DTXSID9020453,110,0.00017017298347375332,0
DTXSID9020580,110,5.6446996083882835e-09,0
DTXSID9020582,110,1.5592142518692813e-06,0
DTXSID9020617,110,1.0492396916809291e-13,0
DTXSID9020663,110,0.12219428344883856,0
DTXSID9020740,110,0.0,0
DTXSID9020790,110,1.636013139648473e-14,0
DTXSID9020792,110,2.6834025132730645e-11,0
DTXSID9020794,110,0.0003206787808251106,0
DTXSID9020827,110,0.7205739845312564,0
DTXSID9020829,110,4.135593301113671e-11,0
DTXSID9020877,110,2.508073029159549e-07,0
DTXSID9020902,110,0.0,0
DTXSID9020956,110,8.208963700037954e-07,0
DTXSID9020958,110,8.28498654657667e-06,0
DTXSID9021053,110,1.756914616391289e-12,0
DTXSID9021130,110,4.217504863386256e-08,0
DTXSID9021134,110,2.3718360529919838e-05,0
DTXSID9021136,110,7.452015628159866e-05,0
DTXSID9021138,110,0.1828771840881559,0
DTXSID9021182,110,0.0,0
DTXSID9021184,110,7.9915989272494485e-19,0
DTXSID9021188,110,1.3054557754102171e-08,0
DTXSID9021215,110,9.960354195318893e-16,0
DTXSID9021217,110,0.7392683495388467,0
DTXSID9021342,110,8.03890319096361e-08,0
DTXSID9021344,110,8.929017966122544e-12,0
DTXSID9021346,110,1.5594704971507437e-09,0
DTXSID9021348,110,1.2209530760021161e-12,0
DTXSID9021390,110,0.018153175947401807,0
DTXSID9021392,110,2.497659081906367e-13,0
DTXSID9021427,110,4.417269859111144e-14,0
DTXSID9021477,110,0.1326689041756801,0
DTXSID9021479,110,5.593659450561063e-17,0
DTXSID9021550,110,1.1575523745402997e-07,0
DTXSID9021554,110,8.45343140859186e-09,0
DTXSID9021635,110,1.4467468429155053e-08,0
DTXSID9021639,110,1.2426349214420055e-10,0
DTXSID9021683,110,3.737612106502503e-13,0
DTXSID9021689,110,8.501266716965177e-08,0
DTXSID9021710,110,0.0,0
DTXSID9021716,110,0.7323374657691051,0
DTXSID9021764,110,3.278135438384729e-08,0
DTXSID9021843,110,5.320061209447508e-08,0
DTXSID9021847,110,8.165219643354947e-12,0
DTXSID9021897,110,1.3827344017178076e-09,0
DTXSID9021922,110,2.6312541488570118e-18,0
DTXSID9021928,110,1.6792000798415309e-10,0
DTXSID9021974,110,1.0659465059152874e-12,0
DTXSID9021976,110,1.2068544020754023e-06,0
DTXSID9021978,110,9.51129027709876e-06,0
DTXSID9022100,110,1.434996875453564e-06,0
DTXSID9022104,110,2.8207107408022206e-08,0
DTXSID9022310,110,6.146144968686207e-05,0
DTXSID9022312,110,0.029817633879401347,0
DTXSID9022360,110,2.2978803436633585e-06,0
DTXSID9022364,110,7.147074681937214e-06,0
DTXSID9022366,110,0.005584079974599988,0
DTXSID9022445,110,7.162318618625678e-07,0
DTXSID9022520,110,0.002412682367193792,0
DTXSID9022522,110,1.3956761690365634e-07,0
DTXSID9022524,110,5.226198360380024e-06,0
DTXSID9022526,110,0.21206698724295808,0
DTXSID9022528,110,0.2864272107563621,0
DTXSID9022607,110,5.428760955002776e-16,0
DTXSID9022817,110,0.0,0
DTXSID9023041,110,3.0327490362833226e-18,0
DTXSID9023201,110,1.8260496081322942e-06,0
DTXSID9023380,110,2.6768283225523873e-05,0
DTXSID9023419,110,1.0320532424473145e-19,0
DTXSID9023706,110,1.1370569237167174e-14,0
DTXSID9023752,110,0.0,0
DTXSID9023833,110,6.14463735145351e-06,0
DTXSID9023881,110,8.770150713856184e-08,0
DTXSID9023889,110,2.566867932501011e-12,0
DTXSID9023914,110,0.0005814657204851576,0
DTXSID9024015,110,1.9134431311090364e-12,0
DTXSID9024063,110,1.2201210091211362e-08,0
DTXSID9024065,110,2.446204653633136e-10,0
DTXSID9024194,110,1.216274604647804e-05,0
DTXSID9024304,110,0.0006148306215128428,0
DTXSID9024431,110,3.2035229051968495e-16,0
DTXSID9024485,110,1.8041968675588248e-08,0
DTXSID9024489,110,2.4478355384431783e-06,0
DTXSID9024512,110,0.0,0
DTXSID9024568,110,2.7015952324833777e-07,0
DTXSID9024691,110,5.274699530158511e-08,0
DTXSID9024699,110,8.870203819197486e-18,0
DTXSID9024809,110,3.476791304437348e-08,0
DTXSID9024930,110,2.61659036809709e-12,0
DTXSID9024934,110,0.0,0
DTXSID9024986,110,0.03492418461920327,0
DTXSID9025035,110,9.015449843929381e-12,0
DTXSID9025110,110,6.794007591133187e-08,0
DTXSID9025164,110,1.0501854690569803e-13,0
DTXSID9025243,110,0.8168211442900041,0
DTXSID9025291,110,3.3684657335541104e-08,0
DTXSID9025293,110,3.717080631064564e-09,0
DTXSID9025297,110,0.3618153617932737,0
DTXSID9025401,110,4.980239946391522e-12,0
DTXSID9025403,110,0.0,0
DTXSID9025451,110,0.00014822024148578313,0
DTXSID9025453,110,0.0,0
DTXSID9025536,110,1.513382893007732e-10,0
DTXSID9025588,110,9.404315607379021e-09,0
DTXSID9025796,110,8.684282161818528e-08,0
DTXSID9025873,110,1.7476461069518616e-08,0
DTXSID9026130,110,0.0,0
DTXSID9026132,110,4.609011122910849e-11,0
DTXSID9026261,110,7.663393728259787e-05,0
DTXSID9026265,110,9.6545075750525e-10,0
DTXSID9026267,110,0.7264531266840171,0
DTXSID9026342,110,3.817268977783373e-06,0
DTXSID9026500,110,5.637963660388564e-07,0
DTXSID9026558,110,1.3080366978169824e-12,0
DTXSID9026689,110,1.8407885403778673e-06,0
DTXSID9026712,110,1.6819755442649675e-05,0
DTXSID9026841,110,3.173600704855343e-07,0
DTXSID9026922,110,3.853006012311716e-20,0
DTXSID9026926,110,0.9417848639065534,1
DTXSID9026974,110,1.8933434785157473e-11,0
DTXSID9027021,110,7.537393425331993e-08,0
DTXSID9027233,110,3.0618731995271245e-09,0
DTXSID9027281,110,9.887586808091341e-24,0
DTXSID9027312,110,9.906592923552797e-07,0
DTXSID9027360,110,6.911744383436438e-10,0
DTXSID9027364,110,0.0,0
DTXSID90274132,110,0.00045909945941275597,0
DTXSID9027441,110,1.2939125549613074e-19,0
DTXSID9027443,110,0.0,0
DTXSID9027520,110,1.3155187439342046e-09,0
DTXSID9027522,110,5.520535734883435e-13,0
DTXSID9027528,110,4.551799738143488e-08,0
DTXSID90275806,110,2.784375520648786e-12,0
DTXSID9027603,110,1.141511632076952e-09,0
DTXSID9027653,110,5.0052228882250736e-06,0
DTXSID9027738,110,0.0,0
DTXSID9027863,110,5.452083679559329e-17,0
DTXSID90285748,110,1.9399042154680648e-10,0
DTXSID9029146,110,2.5954282825250537e-16,0
DTXSID9029192,110,0.0,0
DTXSID9029221,110,0.00023804836075947192,0
DTXSID9029223,110,0.9536773837800795,1
DTXSID9029225,110,1.3349262146381373e-09,0
DTXSID9029302,110,4.391348217097355e-18,0
DTXSID9029304,110,2.582776477045388e-05,0
DTXSID9029649,110,1.1540219651848134e-18,0
DTXSID90315130,110,0.0,0
DTXSID9032113,110,1.7089664599885726e-05,0
DTXSID9032327,110,0.000804360205873366,0
DTXSID9032329,110,0.021871845161921373,0
DTXSID9032375,110,2.8320810632949458e-08,0
DTXSID9032379,110,0.576682372062187,0
DTXSID9032406,110,0.0,0
DTXSID9032531,110,5.935705978180796e-05,0
DTXSID9032533,110,0.31803950176229795,0
DTXSID9032535,110,3.494481602859155e-14,0
DTXSID9032537,110,0.036506094877166634,0
DTXSID9032581,110,0.0009200584630486072,0
DTXSID9032589,110,0.9914821037640863,1
DTXSID9032610,110,1.341791872106968e-09,0
DTXSID9033058,110,1.7526185506350491e-09,0
DTXSID9033187,110,0.0588696940609668,0
DTXSID9033923,110,6.703024088864727e-07,0
DTXSID9034232,110,0.0,0
DTXSID9034282,110,6.0510448822074e-07,0
DTXSID9034286,110,1.6022741332878622e-08,0
DTXSID9034317,110,1.182551621846643e-09,0
DTXSID9034361,110,6.918051997877708e-06,0
DTXSID9034365,110,0.006677150755375773,0
DTXSID9034490,110,0.001542030442319145,0
DTXSID9034492,110,6.118609903057487e-12,0
DTXSID9034496,110,0.8966248647155655,0
DTXSID9034573,110,0.015560964563053233,0
DTXSID9034650,110,0.012262055872187014,0
DTXSID9034737,110,0.003612314679064092,0
DTXSID9034816,110,2.9945910501848336e-06,0
DTXSID9034818,110,0.0,0
DTXSID9034864,110,0.00016197754768519008,0
DTXSID9034868,110,0.004390948526627163,0
DTXSID9034997,110,0.0,0
DTXSID9035175,110,3.2821247124800967e-06,0
DTXSID9035204,110,0.002157439222040398,0
DTXSID9036226,110,0.05032906553230855,0
DTXSID9036438,110,3.0313400825022164e-06,0
DTXSID9036515,110,0.971965681908541,1
DTXSID9036646,110,1.0815691159990399e-07,0
DTXSID9036690,110,0.0073593986707219915,0
DTXSID9036933,110,0.0,0
DTXSID90371872,110,1.3820632856982887e-13,0
DTXSID9037535,110,0.0,0
DTXSID9037539,110,6.497830904144745e-05,0
DTXSID9037616,110,0.0,0
DTXSID9037741,110,0.015965217264658403,0
DTXSID9037745,110,0.00027100673806638835,0
DTXSID9037749,110,0.0005003238741049183,0
DTXSID90382620,110,1.3151738823482945e-16,0
DTXSID9038840,110,0.0,0
DTXSID9040001,110,1.334800578360344e-05,0
DTXSID9040134,110,0.6379519957857839,0
DTXSID9040215,110,0.0006834078577671935,0
DTXSID9040269,110,0.019430810450547103,0
DTXSID9040342,110,0.0009144369591425715,0
DTXSID9040635,110,0.25308598001327137,0
DTXSID9040710,110,0.0,0
DTXSID9040712,110,1.2431694781681486e-05,0
DTXSID9040716,110,4.508848835500116e-07,0
DTXSID9040718,110,5.7022171160021614e-09,0
DTXSID9040760,110,0.9733134615286616,1
DTXSID9041233,110,1.6399594159790185e-06,0
DTXSID9041237,110,1.0037640357460863e-10,0
DTXSID9041289,110,0.00010126861334016519,0
DTXSID9041362,110,1.5405886444518435e-15,0
DTXSID9041366,110,1.533110799303728e-12,0
DTXSID9041368,110,1.5202042221756208e-07,0
DTXSID9041441,110,0.00010443196940372471,0
DTXSID9041491,110,0.0012872281267196101,0
DTXSID9041520,110,3.794051751861909e-08,0
DTXSID9041528,110,0.0,0
DTXSID9041570,110,8.509980279421139e-15,0
DTXSID9041653,110,6.169531052044119e-14,0
DTXSID9041813,110,4.4567470636239004e-11,0
DTXSID9041815,110,0.00031763954091616265,0
DTXSID9041861,110,1.5026289427152964e-06,0
DTXSID9042097,110,1.9935929613099617e-11,0
DTXSID9042209,110,7.355582122139624e-08,0
DTXSID9042336,110,0.0,0
DTXSID9042382,110,1.6762982524266348e-09,0
DTXSID9042415,110,0.0,0
DTXSID9043855,110,7.190080686202963e-08,0
DTXSID9043938,110,1.5528284285336547e-16,0
DTXSID9044164,110,0.0006947731200019854,0
DTXSID9044320,110,5.857973151667646e-18,0
DTXSID9044370,110,3.431488958553987e-08,0
DTXSID9044372,110,0.000786476417593304,0
DTXSID9044374,110,3.4977854701400275e-12,0
DTXSID9044403,110,0.00068758928794055,0
DTXSID9044409,110,7.446515436071812e-06,0
DTXSID9044457,110,2.075096212297837e-15,0
DTXSID9044459,110,0.0,0
DTXSID9044532,110,2.1613949293758474e-05,0
DTXSID9044534,110,1.9579516655939957e-07,0
DTXSID9044536,110,0.029439022207447464,0
DTXSID9044538,110,1.6977460668969472e-09,0
DTXSID9044580,110,6.62343691984565e-08,0
DTXSID9044582,110,3.064723515268474e-18,0
DTXSID9044615,110,1.8263887907024075e-13,0
DTXSID9044661,110,7.072064646118825e-09,0
DTXSID9044663,110,0.0,0
DTXSID9044742,110,4.1200918372291886e-17,0
DTXSID9044744,110,8.35526666434622e-08,0
DTXSID9044746,110,0.0,0
DTXSID9044790,110,1.2523295513489123e-07,0
DTXSID9044794,110,0.0,0
DTXSID9044796,110,0.0,0
DTXSID9044798,110,1.7749016217552476e-09,0
DTXSID9044821,110,0.6190118106656075,0
DTXSID9044823,110,8.245417050409985e-15,0
DTXSID9044825,110,9.957905243700058e-14,0
DTXSID9044827,110,0.0,0
DTXSID9044871,110,0.0,0
DTXSID9044873,110,0.0,0
DTXSID9044902,110,0.002032789712502899,0
DTXSID9044904,110,2.4817721469056062e-14,0
DTXSID9044950,110,1.1520545588268978e-07,0
DTXSID9044958,110,2.1732357512329665e-10,0
DTXSID9046992,110,2.660636888456015e-09,0
DTXSID9046998,110,0.0,0
DTXSID9047045,110,1.924663216587061e-15,0
DTXSID9047049,110,9.241351159917764e-08,0
DTXSID9047091,110,3.859062120625309e-11,0
DTXSID9047093,110,0.00034191384017554383,0
DTXSID9047095,110,5.5988590619603424e-08,0
DTXSID9047099,110,0.0034831584201467196,0
DTXSID9047120,110,8.988465910100333e-06,0
DTXSID9047124,110,2.1356620348195e-19,0
DTXSID9047126,110,2.938959693265857e-07,0
DTXSID9047128,110,3.0706530310533807e-15,0
DTXSID9047174,110,5.655004412582273e-06,0
DTXSID9047178,110,0.000193389093601039,0
DTXSID9047201,110,0.0,0
DTXSID9047203,110,5.085762016078859e-09,0
DTXSID9047205,110,2.5007018487121693e-16,0
DTXSID9047251,110,1.7146469583897521e-07,0
DTXSID9047253,110,0.022355780337940872,0
DTXSID9047255,110,6.743127742052748e-19,0
DTXSID9047257,110,0.3743504771552399,0
DTXSID9047259,110,4.96467102072284e-09,0
DTXSID9047330,110,0.1375305848523567,0
DTXSID9047334,110,1.4004362746297116e-09,0
DTXSID9047338,110,1.4348610972817151e-08,0
DTXSID9047411,110,0.0,0
DTXSID9047413,110,2.223287651293895e-16,0
DTXSID9047415,110,2.628387478744234e-12,0
DTXSID9047419,110,9.892131427241627e-08,0
DTXSID9047461,110,9.284516446662245e-05,0
DTXSID9047463,110,2.904969417138513e-09,0
DTXSID9047465,110,1.7045255268641525e-06,0
DTXSID9047467,110,0.0,0
DTXSID9047469,110,1.133241375136205e-09,0
DTXSID9047540,110,0.6703755208542714,0
DTXSID9047542,110,1.9293015701032833e-06,0
DTXSID9047546,110,1.6957283487859347e-05,0
DTXSID9047590,110,6.152043466387354e-09,0
DTXSID9047592,110,3.17311044050566e-06,0
DTXSID9047594,110,0.003140374825799755,0
DTXSID9047598,110,1.3537039288433482e-07,0
DTXSID9047623,110,4.17137569706093e-14,0
DTXSID9047629,110,3.025044567647885e-05,0
DTXSID9047679,110,1.7133580738248641e-12,0
DTXSID9047700,110,0.0,0
DTXSID9047702,110,2.0049831109240896e-08,0
DTXSID9047706,110,1.0107213531682084e-07,0
DTXSID9047708,110,1.2409958251455025e-07,0
DTXSID9048190,110,0.9080896665327199,1
DTXSID9048192,110,1.1759653614606509e-05,0
DTXSID9048194,110,2.064368509818304e-09,0
DTXSID9048196,110,1.3693888839233487e-08,0
DTXSID9048198,110,2.9600510135121426e-08,0
DTXSID9048510,110,2.866362317424373e-07,0
DTXSID9048512,110,0.594442491288443,0
DTXSID9048514,110,6.46786595077557e-19,0
DTXSID9048516,110,3.020297529691042e-07,0
DTXSID9048518,110,0.00023621043138701006,0
DTXSID9051454,110,0.0,0
DTXSID9051581,110,2.966604637225552e-08,0
DTXSID9051618,110,4.0685299543531094e-05,0
DTXSID9051662,110,1.9755751127989453e-19,0
DTXSID9051824,110,9.023292665471664e-05,0
DTXSID9051907,110,7.177658463724287e-08,0
DTXSID9052505,110,6.55354540910089e-19,0
DTXSID9052509,110,8.18350673859396e-05,0
DTXSID9052682,110,0.0,0
DTXSID9052846,110,4.965895095684888e-19,0
DTXSID9052890,110,6.587742849293814e-07,0
DTXSID9052892,110,0.0,0
DTXSID9052894,110,0.0,0
DTXSID9052896,110,0.0,0
DTXSID9052898,110,9.657581459346474e-10,0
DTXSID90558000,110,4.684672680125153e-19,0
DTXSID9057890,110,3.0462262864758586e-09,0
DTXSID9058654,110,4.967234412962571e-06,0
DTXSID9059832,110,0.0,0
DTXSID9059834,110,0.0,0
DTXSID9059919,110,2.588251658312996e-10,0
DTXSID9059969,110,0.007416862811435288,0
DTXSID9061881,110,5.233082263809426e-10,0
DTXSID90858870,110,2.8090692675180673e-13,0
DTXSID90858875,110,2.2766183902618864e-11,0
DTXSID90858890,110,3.3078019403484524e-08,0
DTXSID90858895,110,5.341872737334479e-06,0
DTXSID90858911,110,7.135311362487702e-06,0
DTXSID90858916,110,1.6272040525430372e-06,0
DTXSID90868151,110,5.0266636614584845e-08,0
DTXSID90872713,110,2.6454221315246534e-09,0
DTXSID90872718,110,1.9456966972601292e-07,0
DTXSID90872733,110,0.0,0
DTXSID90872738,110,1.4656782713055909e-05,0
DTXSID90872753,110,0.0,0
DTXSID90880131,110,0.0,0
DTXSID90880156,110,0.0,0
DTXSID90903834,110,0.0,0
DTXSID90903839,110,7.03754187656431e-12,0
DTXSID90903854,110,1.3541720878234107e-18,0
DTXSID90903859,110,0.0,0
DTXSID90903874,110,0.0,0
DTXSID90903879,110,0.0,0
DTXSID90903894,110,0.0,0
