dtxsid,aeid,hitc_clean,active
DTXSID0020020,796,0.0,0.0
DTXSID0020022,796,0.0,0.0
DTXSID0020024,796,0.0,0.0
DTXSID0020070,796,0.0,0.0
DTXSID0020072,796,0.0,0.0
DTXSID0020074,796,0.0,0.0
DTXSID0020076,796,0.0,0.0
DTXSID0020101,796,0.9999999450843354,1.0
DTXSID0020103,796,0.0,0.0
DTXSID0020105,796,0.0,0.0
DTXSID0020107,796,0.0,0.0
DTXSID0020151,796,0.0,0.0
DTXSID0020153,796,0.0,0.0
DTXSID0020155,796,0.0,0.0
DTXSID0020157,796,0.9999999999991342,1.0
DTXSID0020232,796,1.4126875056727793e-13,0.0
DTXSID0020236,796,0.0,0.0
DTXSID0020238,796,0.0,0.0
DTXSID0020280,796,0.0,0.0
DTXSID0020282,796,0.0,0.0
DTXSID0020284,796,0.0,0.0
DTXSID0020286,796,0.0,0.0
DTXSID0020288,796,0.0,0.0
DTXSID0020311,796,0.0,0.0
DTXSID0020315,796,0.0,0.0
DTXSID0020319,796,0.995754776902298,1.0
DTXSID0020361,796,0.0,0.0
DTXSID0020363,796,0.0,0.0
DTXSID0020365,796,2.0366545101857626e-16,0.0
DTXSID0020367,796,0.0,0.0
DTXSID0020369,796,0.0,0.0
DTXSID0020440,796,0.9999149793625176,1.0
DTXSID0020442,796,2.5260096524536486e-12,0.0
DTXSID0020444,796,0.0,0.0
DTXSID0020446,796,2.314309330104825e-09,0.0
DTXSID0020448,796,0.0,0.0
DTXSID0020494,796,0.0,0.0
DTXSID0020498,796,0.0,0.0
DTXSID0020523,796,0.0,0.0
DTXSID0020527,796,0.0,0.0
DTXSID0020529,796,0.0,0.0
DTXSID0020573,796,0.8276699292665852,0.0
DTXSID0020575,796,0.0,0.0
DTXSID0020577,796,0.0,0.0
DTXSID0020602,796,0.0,0.0
DTXSID0020604,796,0.0,0.0
DTXSID0020606,796,0.0,0.0
DTXSID0020650,796,0.0,0.0
DTXSID0020652,796,0.0,0.0
DTXSID0020654,796,0.0,0.0
DTXSID0020656,796,0.0,0.0
DTXSID0020733,796,0.0,0.0
DTXSID0020737,796,0.0,0.0
DTXSID0020789,796,0.0,0.0
DTXSID0020810,796,0.0,0.0
DTXSID0020814,796,2.103142614350968e-08,0.0
DTXSID0020818,796,0.0,0.0
DTXSID0020862,796,0.9741226987041526,1.0
DTXSID0020868,796,0.0,0.0
DTXSID0020941,796,0.0,0.0
DTXSID0020943,796,0.0,0.0
DTXSID0021040,796,0.0,0.0
DTXSID0021094,796,0.0,0.0
DTXSID0021096,796,1.860365994206322e-12,0.0
DTXSID0021121,796,0.0,0.0
DTXSID0021123,796,0.0,0.0
DTXSID0021125,796,0.9999999989443134,1.0
DTXSID0021127,796,0.0,0.0
DTXSID0021129,796,0.9997630463674624,1.0
DTXSID0021175,796,0.0,0.0
DTXSID0021179,796,0.0,0.0
DTXSID0021206,796,0.0,0.0
DTXSID0021254,796,0.0,0.0
DTXSID0021256,796,0.0,0.0
DTXSID0021258,796,0.0,0.0
DTXSID0021331,796,0.0,0.0
DTXSID0021333,796,2.328480282667213e-12,0.0
DTXSID0021337,796,0.9997367700977562,1.0
DTXSID0021339,796,0.0,0.0
DTXSID0021381,796,0.0,0.0
DTXSID0021383,796,0.0,0.0
DTXSID0021385,796,0.29782884383416586,0.0
DTXSID0021387,796,1.0,1.0
DTXSID0021389,796,0.0,0.0
DTXSID0021410,796,0.0,0.0
DTXSID0021414,796,0.0,0.0
DTXSID0021418,796,0.0,0.0
DTXSID0021460,796,0.25730102229968754,0.0
DTXSID0021462,796,0.9955416293368508,1.0
DTXSID0021464,796,0.9706798439853765,1.0
DTXSID0021543,796,7.01579615124547e-20,0.0
DTXSID0021545,796,0.0,0.0
DTXSID0021547,796,0.0,0.0
DTXSID0021597,796,0.0,0.0
DTXSID0021599,796,0.0,0.0
DTXSID0021620,796,0.0,0.0
DTXSID0021626,796,0.0,0.0
DTXSID0021672,796,0.0,0.0
DTXSID0021709,796,0.0,0.0
DTXSID0021751,796,0.0,0.0
DTXSID0021757,796,0.0,0.0
DTXSID0021759,796,0.0,0.0
DTXSID0021832,796,0.0,0.0
DTXSID0021834,796,0.0004765344426242659,0.0
DTXSID0021886,796,0.0,0.0
DTXSID0021888,796,0.0,0.0
DTXSID0021915,796,0.0,0.0
DTXSID0021917,796,0.0,0.0
DTXSID0021961,796,0.0,0.0
DTXSID0021965,796,0.0,0.0
DTXSID0021969,796,0.0,0.0
DTXSID0022010,796,0.0,0.0
DTXSID0022014,796,0.0,0.0
DTXSID0022016,796,0.0,0.0
DTXSID0022018,796,0.9299941956699057,1.0
DTXSID0022060,796,0.0,0.0
DTXSID0022062,796,0.0,0.0
DTXSID0022191,796,0.0,0.0
DTXSID0022193,796,0.0,0.0
DTXSID0022220,796,0.1643658837966163,0.0
DTXSID0022301,796,0.0,0.0
DTXSID0022305,796,0.0,0.0
DTXSID0022307,796,0.0,0.0
DTXSID0022353,796,0.7311523622694519,0.0
DTXSID0022432,796,1.2858627481806172e-14,0.0
DTXSID0022436,796,1.2054050767552514e-16,0.0
DTXSID0022480,796,0.0,0.0
DTXSID0022519,796,0.0,0.0
DTXSID0022563,796,8.590951438909475e-05,0.0
DTXSID0022565,796,4.919749289624542e-10,0.0
DTXSID0022569,796,0.0,0.0
DTXSID0022640,796,0.0,0.0
DTXSID0022644,796,0.0,0.0
DTXSID0022690,796,0.0,0.0
DTXSID0022692,796,0.0,0.0
DTXSID0022721,796,0.0,0.0
DTXSID0022725,796,0.999170792185134,1.0
DTXSID0022727,796,0.0,0.0
DTXSID0022777,796,9.374613875549277e-11,0.0
DTXSID0022800,796,0.0,0.0
DTXSID0022808,796,,
DTXSID0022858,796,0.0,0.0
DTXSID0022933,796,0.0,0.0
DTXSID0022935,796,1.7366300967431032e-08,0.0
DTXSID0023030,796,0.0,0.0
DTXSID0023032,796,0.0,0.0
DTXSID0023036,796,0.0,0.0
DTXSID0023038,796,0.0,0.0
DTXSID0023084,796,0.0,0.0
DTXSID0023088,796,0.0,0.0
DTXSID0023113,796,0.0,0.0
DTXSID0023163,796,0.0,0.0
DTXSID0023169,796,0.0,0.0
DTXSID0023240,796,0.0,0.0
DTXSID0023244,796,0.0,0.0
DTXSID0023292,796,0.0,0.0
DTXSID0023294,796,0.0,0.0
DTXSID0023296,796,0.0,0.0
DTXSID0023298,796,0.0,0.0
DTXSID0023323,796,0.0,0.0
DTXSID0023325,796,0.0,0.0
DTXSID0023329,796,7.248395095023158e-19,0.0
DTXSID0023371,796,0.0,0.0
DTXSID0023373,796,0.9999999962855503,1.0
DTXSID0023377,796,0.0,0.0
DTXSID0023458,796,0.0,0.0
DTXSID0023533,796,0.0,0.0
DTXSID0023581,796,0.0,0.0
DTXSID0023587,796,0.0,0.0
DTXSID0023589,796,0.0,0.0
DTXSID0023612,796,0.0,0.0
DTXSID0023616,796,0.0,0.0
DTXSID0023618,796,1.5439714579681945e-18,0.0
DTXSID0023660,796,0.0,0.0
DTXSID0023743,796,0.0,0.0
DTXSID0023745,796,0.0,0.0
DTXSID0023747,796,0.0,0.0
DTXSID0023749,796,0.0,0.0
DTXSID0023826,796,0.0,0.0
DTXSID0023870,796,0.0,0.0
DTXSID0023878,796,0.0,0.0
DTXSID0023901,796,0.0,0.0
DTXSID0023907,796,0.9999999998745523,1.0
DTXSID0023909,796,1.8207296670099325e-11,0.0
DTXSID0023951,796,0.0,0.0
DTXSID0024000,796,0.0,0.0
DTXSID0024002,796,0.893706706669006,0.0
DTXSID0024052,796,0.0,0.0
DTXSID0024183,796,0.0,0.0
DTXSID0024185,796,0.0,0.0
DTXSID0024216,796,0.0,0.0
DTXSID0024266,796,0.0,0.0
DTXSID0024341,796,0.9994860835337226,1.0
DTXSID0024345,796,0.0,0.0
DTXSID0024395,796,0.0,0.0
DTXSID0024397,796,0.0,0.0
DTXSID0024399,796,0.0,0.0
DTXSID0024470,796,0.11180510063738026,0.0
DTXSID0024474,796,0.0,0.0
DTXSID0024478,796,0.0,0.0
DTXSID0024501,796,0.9999999999999536,1.0
DTXSID0024503,796,0.0,0.0
DTXSID0024505,796,0.0,0.0
DTXSID0024507,796,0.0,0.0
DTXSID0024509,796,0.0,0.0
DTXSID0024553,796,,
DTXSID0024555,796,0.0,0.0
DTXSID0024559,796,,
DTXSID0024638,796,0.0,0.0
DTXSID0024715,796,0.0,0.0
DTXSID0024761,796,0.0,0.0
DTXSID0024840,796,0.0,0.0
DTXSID0024890,796,0.0,0.0
DTXSID0024896,796,0.0,0.0
DTXSID0024921,796,0.0,0.0
DTXSID0024923,796,0.0,0.0
DTXSID0024971,796,0.0,0.0
DTXSID0024977,796,0.0,0.0
DTXSID0024979,796,0.0,0.0
DTXSID0025070,796,0.0,0.0
DTXSID0025074,796,0.0,0.0
DTXSID0025076,796,,
DTXSID0025078,796,9.04713378014124e-05,0.0
DTXSID0025101,796,3.7101286894275254e-19,0.0
DTXSID0025234,796,1.0,1.0
DTXSID0025286,796,0.0,0.0
DTXSID0025315,796,0.0,0.0
DTXSID0025361,796,0.0,0.0
DTXSID0025363,796,0.0,0.0
DTXSID0025367,796,0.0,0.0
DTXSID0025440,796,0.0,0.0
DTXSID0025492,796,0.0,0.0
DTXSID0025494,796,0.0,0.0
DTXSID0025523,796,0.0,0.0
DTXSID0025527,796,0.0,0.0
DTXSID0025571,796,0.0,0.0
DTXSID0025577,796,0.0,0.0
DTXSID0025600,796,,
DTXSID0025604,796,0.0,0.0
DTXSID0025654,796,0.9971364231524266,1.0
DTXSID0025733,796,0.0,0.0
DTXSID0025737,796,0.0,0.0
DTXSID0025789,796,0.0,0.0
DTXSID0025812,796,0.9999999999832514,1.0
DTXSID0025814,796,0.0,0.0
DTXSID0025816,796,0.0,0.0
DTXSID0025818,796,,
DTXSID0025862,796,0.0,0.0
DTXSID0025864,796,0.0,0.0
DTXSID0025866,796,0.0,0.0
DTXSID0025991,796,0.0,0.0
DTXSID0025997,796,,
DTXSID0026040,796,,
DTXSID0026044,796,0.0,0.0
DTXSID0026098,796,0.0,0.0
DTXSID0026125,796,0.0,0.0
DTXSID0026171,796,0.0,0.0
DTXSID0026173,796,0.0,0.0
DTXSID0026175,796,0.0,0.0
DTXSID0026202,796,0.0,0.0
DTXSID0026204,796,0.0,0.0
DTXSID0026208,796,0.0,0.0
DTXSID0026252,796,2.4023111401065967e-18,0.0
DTXSID0026258,796,0.0,0.0
DTXSID0026339,796,0.0,0.0
DTXSID0026418,796,0.0,0.0
DTXSID0026547,796,0.0,0.0
DTXSID0026549,796,0.0,0.0
DTXSID0026676,796,0.0,0.0
DTXSID0026701,796,0.0,0.0
DTXSID0026830,796,0.0,0.0
DTXSID0026838,796,0.0,0.0
DTXSID0026880,796,0.0,0.0
DTXSID0026882,796,0.0,0.0
DTXSID0026888,796,0.0,0.0
DTXSID0026913,796,0.0,0.0
DTXSID0026915,796,2.099204905098507e-19,0.0
DTXSID0026961,796,0.0,0.0
DTXSID0026967,796,0.0,0.0
DTXSID0027014,796,0.0,0.0
DTXSID0027066,796,0.0,0.0
DTXSID0027143,796,0.9999885313145327,1.0
DTXSID0027149,796,0.0,0.0
DTXSID0027191,796,0.0,0.0
DTXSID0027195,796,0.0,0.0
DTXSID0027197,796,0.0,0.0
DTXSID0027222,796,0.0,0.0
DTXSID0027228,796,0.0,0.0
DTXSID0027270,796,0.0,0.0
DTXSID0027301,796,0.0,0.0
DTXSID0027309,796,0.0,0.0
DTXSID0027432,796,0.0,0.0
DTXSID0027436,796,0.0,0.0
DTXSID0027438,796,0.0,0.0
DTXSID0027486,796,0.0,0.0
DTXSID0027513,796,0.0,0.0
DTXSID0027515,796,0.0,0.0
DTXSID0027561,796,0.0,0.0
DTXSID0027565,796,0.0,0.0
DTXSID0027567,796,0.0,0.0
DTXSID0027640,796,0.0,0.0
DTXSID0027721,796,6.631686821616022e-08,0.0
DTXSID0027729,796,8.227865840789574e-19,0.0
DTXSID0027771,796,0.0,0.0
DTXSID0027773,796,0.0006350880819381611,0.0
DTXSID0027802,796,0.0,0.0
DTXSID0027804,796,0.0,0.0
DTXSID0027806,796,0.0,0.0
DTXSID0027852,796,0.0,0.0
DTXSID0027856,796,0.0,0.0
DTXSID0027858,796,0.0,0.0
DTXSID0027933,796,0.0,0.0
DTXSID0027981,796,0.0,0.0
DTXSID0027983,796,0.0,0.0
DTXSID0028030,796,0.0,0.0
DTXSID0028038,796,0.9150757256327935,1.0
DTXSID0028666,796,0.0,0.0
DTXSID0029133,796,0.0,0.0
DTXSID0029187,796,0.0,0.0
DTXSID0029189,796,0.0,0.0
DTXSID0029210,796,0.0,0.0
DTXSID0029214,796,0.0,0.0
DTXSID0029218,796,0.0,0.0
DTXSID0029260,796,0.0,0.0
DTXSID0029262,796,0.0,0.0
DTXSID0029474,796,0.0,0.0
DTXSID0029559,796,0.0,0.0
DTXSID0029688,796,0.0,0.0
DTXSID0029761,796,0.0,0.0
DTXSID0029848,796,0.0,0.0
DTXSID0030162,796,0.0,0.0
DTXSID0030588,796,0.0,0.0
DTXSID0032029,796,0.0,0.0
DTXSID0032077,796,0.0,0.0
DTXSID0032316,796,0.9103562510195219,1.0
DTXSID0032493,796,0.0,0.0
DTXSID0032497,796,0.999999998639515,1.0
DTXSID0032520,796,0.0,0.0
DTXSID0032572,796,0.0,0.0
DTXSID0032578,796,0.0,0.0
DTXSID0032601,796,0.0,0.0
DTXSID0032605,796,0.0,0.0
DTXSID0032651,796,0.9999999925420051,1.0
DTXSID0032655,796,0.0,0.0
DTXSID0032811,796,0.0,0.0
DTXSID0032813,796,0.0,0.0
DTXSID0032869,796,0.0,0.0
DTXSID0032998,796,0.0,0.0
DTXSID0033047,796,0.0,0.0
DTXSID0033332,796,0.0,0.0
DTXSID0033334,796,0.0,0.0
DTXSID0033382,796,0.9995682641772264,1.0
DTXSID0033469,796,0.0,0.0
DTXSID0033673,796,0.0,0.0
DTXSID0033754,796,0.0,0.0
DTXSID0033960,796,,
DTXSID0034192,796,0.0,0.0
DTXSID0034223,796,0.0,0.0
DTXSID0034227,796,0.0,0.0
DTXSID0034229,796,0.0,0.0
DTXSID0034300,796,0.0,0.0
DTXSID0034518,796,1.0,1.0
DTXSID0034566,796,,
DTXSID0034695,796,0.0,0.0
DTXSID0034722,796,4.003001721823633e-09,0.0
DTXSID0034776,796,0.7390359565934903,0.0
DTXSID0034803,796,0.0,0.0
DTXSID0034855,796,0.0,0.0
DTXSID0034930,796,0.0,0.0
DTXSID0034936,796,0.0,0.0
DTXSID0035160,796,0.0,0.0
DTXSID0035748,796,0.0,0.0
DTXSID0036508,796,0.9967514650829228,1.0
DTXSID0036760,796,0.0,0.0
DTXSID0037023,796,0.9999999999615119,1.0
DTXSID0037231,796,0.0,0.0
DTXSID0037235,796,0.0,0.0
DTXSID0037237,796,0.0,0.0
DTXSID0037493,796,0.0,0.0
DTXSID0037495,796,0.0,0.0
DTXSID0037522,796,0.0,0.0
DTXSID0037570,796,2.7852755177046554e-14,0.0
DTXSID0037576,796,0.0,0.0
DTXSID0037730,796,0.0,0.0
DTXSID0037734,796,0.00019959044062505438,0.0
DTXSID0038700,796,0.0,0.0
DTXSID0038756,796,0.0,0.0
DTXSID0038831,796,0.0,0.0
DTXSID0038881,796,,
DTXSID0038887,796,1.0,1.0
DTXSID0039223,796,0.0,0.0
DTXSID0039227,796,0.08847702551984231,0.0
DTXSID0039229,796,0.0,0.0
DTXSID0040127,796,0.0,0.0
DTXSID0040129,796,0.0,0.0
DTXSID0040208,796,0.0,0.0
DTXSID0040464,796,0.0,0.0
DTXSID0040547,796,0.0,0.0
DTXSID0040599,796,1.0710396913658668e-13,0.0
DTXSID0040620,796,0.0,0.0
DTXSID0040622,796,0.0,0.0
DTXSID0040672,796,0.0,0.0
DTXSID0040674,796,0.0,0.0
DTXSID0040676,796,0.0,0.0
DTXSID0040678,796,0.0,0.0
DTXSID0040701,796,0.0,0.0
DTXSID0040703,796,0.0,0.0
DTXSID0040705,796,0.0,0.0
DTXSID0040707,796,0.0,0.0
DTXSID0040751,796,0.0,0.0
DTXSID0040757,796,0.9999997786458917,1.0
DTXSID0040965,796,0.0,0.0
DTXSID0041141,796,0.0,0.0
DTXSID0041197,796,0.0,0.0
DTXSID0041220,796,0.0,0.0
DTXSID0041224,796,0.0,0.0
DTXSID0041270,796,0.0,0.0
DTXSID0041274,796,0.9974676817774881,1.0
DTXSID0041357,796,0.0,0.0
DTXSID0041359,796,0.000516115588304202,0.0
DTXSID0041436,796,0.0,0.0
DTXSID0041484,796,0.0,0.0
DTXSID0041513,796,0.0,0.0
DTXSID0041517,796,0.0,0.0
DTXSID0041519,796,0.0,0.0
DTXSID0041567,796,0.0,0.0
DTXSID0041646,796,0.0,0.0
DTXSID0041692,796,0.0,0.0
DTXSID0041698,796,0.0,0.0
DTXSID0041721,796,0.0,0.0
DTXSID0041850,796,0.0,0.0
DTXSID0041852,796,0.0,0.0
DTXSID0041981,796,0.0,0.0
DTXSID0041983,796,,
DTXSID0041985,796,1.0,1.0
DTXSID0041987,796,0.0,0.0
DTXSID0042038,796,0.0,0.0
DTXSID0042080,796,1.0,1.0
DTXSID0042084,796,0.0,0.0
DTXSID0042086,796,0.0,0.0
DTXSID0042117,796,0.0,0.0
DTXSID0042167,796,0.0,0.0
DTXSID0042169,796,2.2156529610286328e-11,0.0
DTXSID0042242,796,0.0,0.0
DTXSID0042244,796,0.9975131695718784,1.0
DTXSID0042248,796,1.3980646830798303e-13,0.0
DTXSID0042325,796,0.0,0.0
DTXSID0042327,796,0.0,0.0
DTXSID0042379,796,0.0,0.0
DTXSID0042400,796,0.0,0.0
DTXSID0042406,796,0.0,0.0
DTXSID0042454,796,0.0,0.0
DTXSID0042583,796,0.0,0.0
DTXSID0042612,796,0.0,0.0
DTXSID0042614,796,0.9999999999888892,1.0
DTXSID0042618,796,0.0,0.0
DTXSID0042668,796,0.0,0.0
DTXSID0043761,796,0.0,0.0
DTXSID0043763,796,0.0,0.0
DTXSID0043765,796,0.0,0.0
DTXSID0043892,796,0.0,0.0
DTXSID0043896,796,0.0,0.0
DTXSID0044024,796,3.1560965757415134e-11,0.0
DTXSID0044107,796,0.0,0.0
DTXSID0044236,796,1.3949386954857718e-17,0.0
DTXSID0044280,796,0.0,0.0
DTXSID0044288,796,0.0,0.0
DTXSID0044313,796,0.0,0.0
DTXSID0044315,796,0.0,0.0
DTXSID0044317,796,0.0,0.0
DTXSID0044361,796,0.0,0.0
DTXSID0044363,796,0.0,0.0
DTXSID0044365,796,2.6662713247645582e-17,0.0
DTXSID0044367,796,,
DTXSID0044369,796,0.0,0.0
DTXSID0044440,796,0.0,0.0
DTXSID0044446,796,0.0,0.0
DTXSID0044448,796,3.8273277819293293e-17,0.0
DTXSID0044490,796,3.0129976003505804e-16,0.0
DTXSID0044494,796,5.319933141270869e-15,0.0
DTXSID0044496,796,0.0,0.0
DTXSID0044498,796,0.0,0.0
DTXSID0044521,796,0.0,0.0
DTXSID0044523,796,0.0,0.0
DTXSID0044525,796,0.9999004688448153,1.0
DTXSID0044527,796,0.0,0.0
DTXSID0044571,796,0.0,0.0
DTXSID0044573,796,0.0,0.0
DTXSID0044575,796,0.5315484414190239,0.0
DTXSID0044577,796,3.523652729333582e-16,0.0
DTXSID0044600,796,0.0,0.0
DTXSID0044604,796,0.0,0.0
DTXSID0044606,796,0.0,0.0
DTXSID0044650,796,0.0,0.0
DTXSID0044654,796,0.0,0.0
DTXSID0044656,796,0.0,0.0
DTXSID0044658,796,0.0,0.0
DTXSID0044731,796,0.0,0.0
DTXSID0044733,796,1.8231288159882037e-18,0.0
DTXSID0044735,796,0.0,0.0
DTXSID0044737,796,0.0,0.0
DTXSID0044781,796,2.3017686489790997e-14,0.0
DTXSID0044783,796,0.0,0.0
DTXSID0044785,796,0.0,0.0
DTXSID0044787,796,0.9999968470338564,1.0
DTXSID0044810,796,0.0,0.0
DTXSID0044812,796,0.0,0.0
DTXSID0044816,796,0.0,0.0
DTXSID0044818,796,0.0,0.0
DTXSID0044860,796,0.0,0.0
DTXSID0044862,796,0.0,0.0
DTXSID0044868,796,0.0,0.0
DTXSID0044941,796,0.9999961206141493,1.0
DTXSID0044945,796,0.0,0.0
DTXSID0044947,796,0.0,0.0
DTXSID0044949,796,0.0,0.0
DTXSID0044993,796,3.4200234105074487e-13,0.0
DTXSID0044995,796,,
DTXSID0044997,796,0.0,0.0
DTXSID0044999,796,0.0,0.0
DTXSID0045090,796,0.0,0.0
DTXSID0045094,796,0.0,0.0
DTXSID0045096,796,,
DTXSID0045125,796,0.0,0.0
DTXSID0045127,796,0.0,0.0
DTXSID0045171,796,0.0,0.0
DTXSID0045173,796,,
DTXSID0045175,796,0.0,0.0
DTXSID0045179,796,0.0,0.0
DTXSID0045202,796,0.0,0.0
DTXSID0045204,796,0.9998723013273197,1.0
DTXSID0045206,796,0.0,0.0
DTXSID0045208,796,0.0,0.0
DTXSID0045250,796,0.0,0.0
DTXSID0045252,796,0.0,0.0
DTXSID0045254,796,0.9654454370777769,1.0
DTXSID0045383,796,0.0,0.0
DTXSID0045385,796,0.0,0.0
DTXSID0045389,796,0.0,0.0
DTXSID0045410,796,0.0,0.0
DTXSID0045412,796,0.0,0.0
DTXSID0045414,796,0.0,0.0
DTXSID0045416,796,0.0,0.0
DTXSID0045460,796,0.0,0.0
DTXSID0045462,796,1.4043507995285081e-16,0.0
DTXSID0045464,796,,
DTXSID0045466,796,0.0,0.0
DTXSID0045468,796,0.0,0.0
DTXSID0045543,796,0.0,0.0
DTXSID0045545,796,1.0,1.0
DTXSID0045547,796,0.0,0.0
DTXSID0045591,796,1.3735887129294817e-19,0.0
DTXSID0045595,796,5.679071530610936e-13,0.0
DTXSID0045597,796,0.0,0.0
DTXSID0045599,796,0.0,0.0
DTXSID0045624,796,0.0,0.0
DTXSID0045626,796,0.0,0.0
DTXSID0045670,796,0.0,0.0
DTXSID0045674,796,0.0,0.0
DTXSID0045676,796,0.0,0.0
DTXSID0045678,796,0.0,0.0
DTXSID0045701,796,0.0,0.0
DTXSID0045703,796,0.0,0.0
DTXSID0045705,796,0.0,0.0
DTXSID0045707,796,0.0,0.0
DTXSID0045709,796,0.0,0.0
DTXSID0045751,796,0.0,0.0
DTXSID0045753,796,0.0,0.0
DTXSID0045755,796,0.0,0.0
DTXSID0045757,796,0.0,0.0
DTXSID0045759,796,0.0,0.0
DTXSID0045830,796,0.0,0.0
DTXSID0045832,796,0.0,0.0
DTXSID0045836,796,0.0,0.0
DTXSID0045838,796,0.0,0.0
DTXSID0045880,796,0.0,0.0
DTXSID0045886,796,0.0,0.0
DTXSID0045888,796,0.0,0.0
DTXSID0045961,796,0.0,0.0
DTXSID0045963,796,0.0,0.0
DTXSID0045965,796,0.0,0.0
DTXSID0045967,796,0.0,0.0
DTXSID0045969,796,0.0,0.0
DTXSID0046010,796,0.0,0.0
DTXSID0046012,796,0.0,0.0
DTXSID0046016,796,0.0,0.0
DTXSID0046060,796,0.0,0.0
DTXSID0046062,796,0.0,0.0
DTXSID0046064,796,0.0,0.0
DTXSID0046066,796,0.0,0.0
DTXSID0046143,796,0.0,0.0
DTXSID0046145,796,0.0,0.0
DTXSID0046147,796,0.0,0.0
DTXSID0046191,796,0.0,0.0
DTXSID0046193,796,0.0,0.0
DTXSID0046195,796,1.6320119865822837e-19,0.0
DTXSID0046197,796,0.00015657132491317112,0.0
DTXSID0046199,796,7.827307386937413e-19,0.0
DTXSID0046220,796,7.747822643660082e-06,0.0
DTXSID0046222,796,0.0,0.0
DTXSID0046224,796,0.0,0.0
DTXSID0046226,796,0.0,0.0
DTXSID0046228,796,8.487613995813047e-18,0.0
DTXSID0046270,796,0.0,0.0
DTXSID0046272,796,0.0,0.0
DTXSID0046274,796,0.0,0.0
DTXSID0046276,796,1.6955200791007806e-06,0.0
DTXSID0046305,796,0.0,0.0
DTXSID0046307,796,0.0,0.0
DTXSID0046309,796,0.0,0.0
DTXSID0046351,796,0.0,0.0
DTXSID0046353,796,0.0,0.0
DTXSID0046357,796,,
DTXSID0046430,796,0.0,0.0
DTXSID0046432,796,0.0,0.0
DTXSID0046434,796,0.0,0.0
DTXSID0046438,796,0.0,0.0
DTXSID0046480,796,0.0,0.0
DTXSID0046482,796,0.0,0.0
DTXSID0046484,796,0.0,0.0
DTXSID0046486,796,0.0,0.0
DTXSID0046488,796,0.0,0.0
DTXSID0046511,796,0.0,0.0
DTXSID0046513,796,0.0,0.0
DTXSID0046517,796,0.0,0.0
DTXSID0046561,796,0.0,0.0
DTXSID0046563,796,0.0,0.0
DTXSID0046565,796,0.0,0.0
DTXSID0046567,796,0.0,0.0
DTXSID0046569,796,0.0,0.0
DTXSID0046640,796,0.0,0.0
DTXSID0046642,796,0.0,0.0
DTXSID0046644,796,0.0,0.0
DTXSID0046646,796,0.0,0.0
DTXSID0046648,796,0.0,0.0
DTXSID0046690,796,,
DTXSID0046692,796,0.0,0.0
DTXSID0046694,796,0.0,0.0
DTXSID0046696,796,0.0,0.0
DTXSID0046698,796,0.0,0.0
DTXSID0046721,796,0.0,0.0
DTXSID0046723,796,1.0,1.0
DTXSID0046725,796,0.0,0.0
DTXSID0046727,796,0.0,0.0
DTXSID0046729,796,0.0,0.0
DTXSID0046773,796,0.0,0.0
DTXSID0046777,796,0.0,0.0
DTXSID0046779,796,0.0,0.0
DTXSID0046800,796,0.0,0.0
DTXSID0046804,796,1.0,1.0
DTXSID0046806,796,0.0,0.0
DTXSID0046808,796,0.0,0.0
DTXSID0046850,796,0.0,0.0
DTXSID0046852,796,0.9999912229035105,1.0
DTXSID0046856,796,0.0,0.0
DTXSID0046858,796,,
DTXSID0046989,796,0.0,0.0
DTXSID0047030,796,5.114251481107467e-18,0.0
DTXSID0047032,796,0.0,0.0
DTXSID0047034,796,0.0,0.0
DTXSID0047036,796,0.0,0.0
DTXSID0047038,796,0.0,0.0
DTXSID0047080,796,0.0,0.0
DTXSID0047082,796,0.0,0.0
DTXSID0047084,796,0.0,0.0
DTXSID0047086,796,0.0,0.0
DTXSID0047088,796,0.0,0.0
DTXSID0047111,796,,
DTXSID0047113,796,0.0,0.0
DTXSID0047115,796,0.0,0.0
DTXSID0047117,796,0.0,0.0
DTXSID0047161,796,0.0,0.0
DTXSID0047163,796,0.0,0.0
DTXSID0047165,796,0.0,0.0
DTXSID0047167,796,0.0,0.0
DTXSID0047169,796,0.0,0.0
DTXSID0047242,796,0.0,0.0
DTXSID0047244,796,0.0,0.0
DTXSID0047246,796,,
DTXSID0047248,796,0.0,0.0
DTXSID0047290,796,,
DTXSID0047292,796,0.0,0.0
DTXSID0047294,796,0.0,0.0
DTXSID0047296,796,1.3699270964121917e-06,0.0
DTXSID0047325,796,0.0,0.0
DTXSID0047327,796,0.0,0.0
DTXSID0047371,796,0.0,0.0
DTXSID0047375,796,0.0,0.0
DTXSID0047377,796,0.9994978931603905,1.0
DTXSID0047379,796,0.9465041422243657,1.0
DTXSID0047404,796,0.0,0.0
DTXSID0047406,796,0.0,0.0
DTXSID0047408,796,0.0,0.0
DTXSID0047450,796,0.0,0.0
DTXSID0047454,796,0.0,0.0
DTXSID0047456,796,0.0,0.0
DTXSID0047533,796,0.0,0.0
DTXSID0047535,796,0.0,0.0
DTXSID0047537,796,0.0,0.0
DTXSID0047539,796,0.0,0.0
DTXSID0047581,796,0.0,0.0
DTXSID0047585,796,0.0,0.0
DTXSID0047587,796,0.0,0.0
DTXSID0047589,796,0.0,0.0
DTXSID0047610,796,0.0,0.0
DTXSID0047614,796,0.0,0.0
DTXSID0047618,796,0.0,0.0
DTXSID0047660,796,0.0,0.0
DTXSID0047662,796,0.0,0.0
DTXSID0047741,796,1.419487608482323e-14,0.0
DTXSID0047745,796,0.0,0.0
DTXSID0047797,796,0.9999994333256197,1.0
DTXSID0047799,796,0.0,0.0
DTXSID0047820,796,0.0,0.0
DTXSID0047822,796,0.0,0.0
DTXSID0047828,796,0.0,0.0
DTXSID0047870,796,0.0,0.0
DTXSID0047872,796,0.0,0.0
DTXSID0047874,796,0.0,0.0
DTXSID0047876,796,0.0,0.0
DTXSID0047878,796,0.0,0.0
DTXSID0047901,796,0.0,0.0
DTXSID0047903,796,0.0,0.0
DTXSID0047905,796,0.0,0.0
DTXSID0047907,796,0.0,0.0
DTXSID0047909,796,0.0,0.0
DTXSID0047951,796,0.0,0.0
DTXSID0047953,796,,
DTXSID0047955,796,0.0,0.0
DTXSID0047957,796,0.9999999719366439,1.0
DTXSID0047959,796,0.0,0.0
DTXSID0048181,796,0.0,0.0
DTXSID0048183,796,0.9999999997189393,1.0
DTXSID0048185,796,0.0,0.0
DTXSID0048187,796,0.0,0.0
DTXSID0048189,796,0.9985702951745836,1.0
DTXSID0048210,796,0.0,0.0
DTXSID0048349,796,0.0,0.0
DTXSID0048505,796,,
DTXSID0048507,796,1.9967917482549014e-09,0.0
DTXSID0048509,796,0.0,0.0
DTXSID0048630,796,0.0,0.0
DTXSID0048632,796,0.0,0.0
DTXSID0048634,796,0.0,0.0
DTXSID0048636,796,0.0,0.0
DTXSID0048638,796,0.0,0.0
DTXSID0048680,796,0.0,0.0
DTXSID0048682,796,0.0,0.0
DTXSID0048684,796,1.0,1.0
DTXSID0048686,796,0.0,0.0
DTXSID0048688,796,0.9994639319174972,1.0
DTXSID0048711,796,0.0,0.0
DTXSID0048713,796,0.0,0.0
DTXSID0048715,796,0.0,0.0
DTXSID0048717,796,0.0,0.0
DTXSID0048719,796,0.0,0.0
DTXSID0048761,796,0.0,0.0
DTXSID0048763,796,0.999999999970937,1.0
DTXSID0048765,796,0.0,0.0
DTXSID0048767,796,0.0,0.0
DTXSID0048769,796,0.0,0.0
DTXSID0048840,796,0.0,0.0
DTXSID0048842,796,0.0,0.0
DTXSID0048844,796,0.0,0.0
DTXSID0048846,796,,
DTXSID0048848,796,0.0,0.0
DTXSID0048890,796,0.0,0.0
DTXSID0048892,796,0.0,0.0
DTXSID0048894,796,0.0,0.0
DTXSID0048896,796,0.0,0.0
DTXSID0048898,796,0.0,0.0
DTXSID0048921,796,0.0,0.0
DTXSID0048923,796,0.0,0.0
DTXSID0048925,796,0.0,0.0
DTXSID0048927,796,0.0,0.0
DTXSID0048929,796,0.0,0.0
DTXSID0048971,796,4.424468721433704e-09,0.0
DTXSID0048973,796,0.9999964227910436,1.0
DTXSID0048975,796,0.0,0.0
DTXSID0048977,796,0.0,0.0
DTXSID0048979,796,0.0,0.0
DTXSID0049020,796,0.0,0.0
DTXSID0049022,796,0.0,0.0
DTXSID0049024,796,0.0,0.0
DTXSID0049026,796,3.2206270647346975e-07,0.0
DTXSID0049028,796,0.0,0.0
DTXSID0049070,796,0.0,0.0
DTXSID0049072,796,0.0,0.0
DTXSID0049074,796,0.0,0.0
DTXSID0049076,796,0.0,0.0
DTXSID0049078,796,0.0,0.0
DTXSID0049230,796,0.0,0.0
DTXSID0049232,796,0.0,0.0
DTXSID0049234,796,0.0,0.0
DTXSID0049236,796,0.0,0.0
DTXSID0049238,796,0.0,0.0
DTXSID0049280,796,0.0,0.0
DTXSID0049282,796,0.0,0.0
DTXSID0049284,796,0.0,0.0
DTXSID0049286,796,0.0,0.0
DTXSID0049288,796,0.0,0.0
DTXSID0049311,796,0.0,0.0
DTXSID0049313,796,0.0,0.0
DTXSID0049315,796,0.0,0.0
DTXSID0049317,796,0.0,0.0
DTXSID0049319,796,0.0,0.0
DTXSID0049361,796,0.0,0.0
DTXSID0049363,796,0.0,0.0
DTXSID0049365,796,2.818868713740072e-18,0.0
DTXSID0049367,796,0.0,0.0
DTXSID0049369,796,0.0,0.0
DTXSID0049446,796,0.0,0.0
DTXSID0049448,796,0.0,0.0
DTXSID0049490,796,0.0,0.0
DTXSID0049492,796,0.0,0.0
DTXSID0049494,796,0.0,0.0
DTXSID0049496,796,0.0,0.0
DTXSID0049498,796,0.0,0.0
DTXSID0049521,796,0.0,0.0
DTXSID0049523,796,0.0,0.0
DTXSID0049525,796,0.0,0.0
DTXSID0049527,796,0.0,0.0
DTXSID0049529,796,0.002325648176628858,0.0
DTXSID0050423,796,0.0,0.0
DTXSID0050425,796,0.0,0.0
DTXSID1020015,796,0.0,0.0
DTXSID1020063,796,0.0,0.0
DTXSID1020069,796,,
DTXSID1020140,796,0.0,0.0
DTXSID1020142,796,0.0,0.0
DTXSID1020144,796,0.0,0.0
DTXSID1020146,796,0.0,0.0
DTXSID1020148,796,0.0,0.0
DTXSID1020190,796,0.0,0.0
DTXSID1020194,796,0.0,0.0
DTXSID1020198,796,0.0,0.0
DTXSID1020221,796,0.5376081910282029,0.0
DTXSID1020223,796,0.0,0.0
DTXSID1020275,796,2.777185294142034e-09,0.0
DTXSID1020279,796,0.0,0.0
DTXSID1020300,796,0.0,0.0
DTXSID1020306,796,0.0,0.0
DTXSID1020308,796,0.0,0.0
DTXSID1020350,796,0.0,0.0
DTXSID1020352,796,0.0,0.0
DTXSID1020354,796,0.0,0.0
DTXSID1020358,796,0.0,0.0
DTXSID1020431,796,0.0,0.0
DTXSID1020433,796,0.9911182995182033,1.0
DTXSID1020437,796,0.0,0.0
DTXSID1020439,796,2.0747341710748317e-06,0.0
DTXSID1020483,796,0.0,0.0
DTXSID1020485,796,0.0,0.0
DTXSID1020510,796,0.999999984329791,1.0
DTXSID1020512,796,0.0,0.0
DTXSID1020516,796,0.0,0.0
DTXSID1020560,796,0.0,0.0
DTXSID1020562,796,0.0,0.0
DTXSID1020566,796,0.0,0.0
DTXSID1020647,796,2.5503887012048487e-19,0.0
DTXSID1020697,796,0.9840068525898743,1.0
DTXSID1020699,796,0.9999999999516407,1.0
DTXSID1020728,796,0.0,0.0
DTXSID1020770,796,0.9994571167902438,1.0
DTXSID1020778,796,0.0,0.0
DTXSID1020803,796,1.0,1.0
DTXSID1020805,796,0.0,0.0
DTXSID1020807,796,5.0290790689921714e-05,0.0
DTXSID1020809,796,0.0,0.0
DTXSID1020855,796,0.0,0.0
DTXSID1020857,796,,
DTXSID1020859,796,0.0,0.0
DTXSID1020930,796,0.0,0.0
DTXSID1020932,796,0.0,0.0
DTXSID1020980,796,0.0,0.0
DTXSID1020982,796,0.0,0.0
DTXSID1020984,796,0.0,0.0
DTXSID1021031,796,0.0,0.0
DTXSID1021039,796,0.0,0.0
DTXSID1021081,796,0.0,0.0
DTXSID1021087,796,0.0,0.0
DTXSID1021089,796,0.0,0.0
DTXSID1021114,796,,
DTXSID1021116,796,0.0,0.0
DTXSID1021118,796,,
DTXSID1021160,796,0.0,0.0
DTXSID1021162,796,0.0,0.0
DTXSID1021164,796,0.0,0.0
DTXSID1021166,796,0.0,0.0
DTXSID1021168,796,0.0,0.0
DTXSID1021241,796,0.0,0.0
DTXSID1021243,796,1.0,1.0
DTXSID1021247,796,,
DTXSID1021291,796,0.0,0.0
DTXSID1021299,796,0.9999999570576726,1.0
DTXSID1021320,796,1.0,1.0
DTXSID1021322,796,0.0,0.0
DTXSID1021328,796,0.0,0.0
DTXSID1021372,796,0.0,0.0
DTXSID1021374,796,0.0,0.0
DTXSID1021378,796,0.0,0.0
DTXSID1021403,796,0.0,0.0
DTXSID1021405,796,,
DTXSID1021409,796,0.9984539612903529,1.0
DTXSID1021455,796,0.0,0.0
DTXSID1021530,796,0.0,0.0
DTXSID1021584,796,0.0,0.0
DTXSID1021586,796,0.0,0.0
DTXSID1021615,796,0.0,0.0
DTXSID1021617,796,0.0,0.0
DTXSID1021619,796,0.0,0.0
DTXSID1021665,796,0.0,0.0
DTXSID1021667,796,0.9999338434597344,1.0
DTXSID1021740,796,0.0,0.0
DTXSID1021744,796,0.0,0.0
DTXSID1021790,796,0.0,0.0
DTXSID1021792,796,0.0,0.0
DTXSID1021798,796,0.0,0.0
DTXSID1021821,796,1.7920418689300534e-13,0.0
DTXSID1021823,796,0.0,0.0
DTXSID1021827,796,0.0,0.0
DTXSID1021871,796,2.3676208257384187e-12,0.0
DTXSID1021873,796,0.0,0.0
DTXSID1021877,796,0.0,0.0
DTXSID1021879,796,0.0,0.0
DTXSID1021902,796,0.0,0.0
DTXSID1021904,796,0.0,0.0
DTXSID1021952,796,1.0,1.0
DTXSID1021956,796,0.0,0.0
DTXSID1021958,796,0.0,0.0
DTXSID1022001,796,0.0,0.0
DTXSID1022007,796,0.0,0.0
DTXSID1022009,796,0.0,0.0
DTXSID1022051,796,0.0,0.0
DTXSID1022053,796,0.0,0.0
DTXSID1022055,796,0.0,0.0
DTXSID1022057,796,0.0,0.0
DTXSID1022130,796,0.0,0.0
DTXSID1022138,796,0.0,0.0
DTXSID1022180,796,0.0,0.0
DTXSID1022186,796,0.0,0.0
DTXSID1022188,796,0.0,0.0
DTXSID1022217,796,0.0,0.0
DTXSID1022265,796,0.0,0.0
DTXSID1022267,796,0.0,0.0
DTXSID1022394,796,0.9999999999996949,1.0
DTXSID1022396,796,0.0,0.0
DTXSID1022421,796,0.0,0.0
DTXSID1022425,796,6.768987796018853e-16,0.0
DTXSID1022479,796,0.0,0.0
DTXSID1022508,796,0.0007259801595718937,0.0
DTXSID1022556,796,0.0,0.0
DTXSID1022558,796,0.0,0.0
DTXSID1022635,796,0.0,0.0
DTXSID1022681,796,0.0,0.0
DTXSID1022685,796,0.0,0.0
DTXSID1022687,796,0.0004230616963975646,0.0
DTXSID1022718,796,0.0,0.0
DTXSID1022760,796,0.0,0.0
DTXSID1022762,796,0.0,0.0
DTXSID1022764,796,1.1992761446460914e-19,0.0
DTXSID1022766,796,0.0,0.0
DTXSID1022768,796,0.0,0.0
DTXSID1022843,796,0.0,0.0
DTXSID1022847,796,0.0,0.0
DTXSID1022897,796,0.0,0.0
DTXSID1022922,796,0.0,0.0
DTXSID1022926,796,0.0,0.0
DTXSID1022974,796,0.0,0.0
DTXSID1022978,796,0.0,0.0
DTXSID1023021,796,0.0,0.0
DTXSID1023027,796,0.0,0.0
DTXSID1023071,796,0.0,0.0
DTXSID1023102,796,0.0,0.0
DTXSID1023150,796,0.0,0.0
DTXSID1023158,796,0.0,0.0
DTXSID1023231,796,1.372599789537695e-08,0.0
DTXSID1023235,796,0.0,0.0
DTXSID1023281,796,0.0,0.0
DTXSID1023283,796,0.0,0.0
DTXSID1023310,796,0.0,0.0
DTXSID1023314,796,0.0,0.0
DTXSID1023316,796,0.0,0.0
DTXSID1023362,796,0.0,0.0
DTXSID1023364,796,0.0,0.0
DTXSID1023368,796,0.9999640635843351,1.0
DTXSID1023441,796,0.0,0.0
DTXSID1023495,796,0.0,0.0
DTXSID1023497,796,0.0,0.0
DTXSID1023526,796,0.0,0.0
DTXSID1023572,796,0.0,0.0
DTXSID1023576,796,0.0,0.0
DTXSID1023603,796,0.0,0.0
DTXSID1023605,796,0.0,0.0
DTXSID1023607,796,0.0,0.0
DTXSID1023609,796,0.0,0.0
DTXSID1023730,796,0.0,0.0
DTXSID1023734,796,0.0,0.0
DTXSID1023736,796,0.0,0.0
DTXSID1023786,796,0.0,0.0
DTXSID1023815,796,0.0,0.0
DTXSID1023817,796,0.0,0.0
DTXSID1023819,796,0.0,0.0
DTXSID1023869,796,8.912348361416058e-05,0.0
DTXSID1023990,796,1.1098725081567334e-15,0.0
DTXSID1023996,796,0.0,0.0
DTXSID1023998,796,1.603243725934232e-12,0.0
DTXSID1024045,796,0.0,0.0
DTXSID1024049,796,0.0,0.0
DTXSID1024091,796,0.0,0.0
DTXSID1024097,796,0.0,0.0
DTXSID1024124,796,0.0,0.0
DTXSID1024126,796,0.0,0.0
DTXSID1024128,796,0.0,0.0
DTXSID1024170,796,0.0,0.0
DTXSID1024174,796,6.798386135833042e-15,0.0
DTXSID1024176,796,0.0,0.0
DTXSID1024209,796,2.0725004787259566e-10,0.0
DTXSID1024255,796,0.9999999999999999,1.0
DTXSID1024259,796,0.9919305981840421,1.0
DTXSID1024334,796,0.0,0.0
DTXSID1024338,796,0.0,0.0
DTXSID1024413,796,0.0,0.0
DTXSID1024463,796,0.0,0.0
DTXSID1024465,796,0.0,0.0
DTXSID1024467,796,0.0,0.0
DTXSID1024598,796,0.8942332462641269,0.0
DTXSID1024621,796,0.0,0.0
DTXSID1024625,796,2.7394617044760633e-16,0.0
DTXSID1024629,796,0.0,0.0
DTXSID1024702,796,0.0,0.0
DTXSID1024704,796,4.050035146400223e-19,0.0
DTXSID1024831,796,0.0,0.0
DTXSID1024835,796,0.0,0.0
DTXSID1024881,796,0.0,0.0
DTXSID1024885,796,0.0,0.0
DTXSID1024887,796,0.009582035079887878,0.0
DTXSID1024912,796,0.0,0.0
DTXSID1024916,796,2.5165634511112726e-19,0.0
DTXSID1024918,796,0.0,0.0
DTXSID1024966,796,0.0,0.0
DTXSID1025013,796,0.0,0.0
DTXSID1025017,796,2.1862567908381287e-14,0.0
DTXSID1025063,796,0.0,0.0
DTXSID1025065,796,0.9999979465628264,1.0
DTXSID1025148,796,0.0,0.0
DTXSID1025221,796,0.0,0.0
DTXSID1025271,796,0.0,0.0
DTXSID1025279,796,0.0,0.0
DTXSID1025300,796,0.0,0.0
DTXSID1025302,796,0.051092342451428636,0.0
DTXSID1025304,796,0.0,0.0
DTXSID1025306,796,0.0,0.0
DTXSID1025308,796,0.0,0.0
DTXSID1025431,796,0.0,0.0
DTXSID1025437,796,0.0,0.0
DTXSID1025481,796,0.0,0.0
DTXSID1025483,796,0.0,0.0
DTXSID1025485,796,0.0,0.0
DTXSID1025560,796,0.0,0.0
DTXSID1025641,796,0.0,0.0
DTXSID1025649,796,2.490847101663961e-14,0.0
DTXSID1025693,796,0.0,0.0
DTXSID1025722,796,0.0,0.0
DTXSID1025724,796,0.0,0.0
DTXSID1025726,796,0.0,0.0
DTXSID1025770,796,0.0,0.0
DTXSID1025774,796,0.0,0.0
DTXSID1025776,796,0.0,0.0
DTXSID1025805,796,0.99897161343212,1.0
DTXSID1025807,796,0.9967636549769961,1.0
DTXSID1025809,796,6.339263874955114e-11,0.0
DTXSID1025851,796,0.0,0.0
DTXSID1025853,796,0.0,0.0
DTXSID1025857,796,0.0,0.0
DTXSID1025930,796,1.0916791421829958e-07,0.0
DTXSID1025934,796,9.59279083704498e-07,0.0
DTXSID1026031,796,0.0002961197736514808,0.0
DTXSID1026033,796,0.0,0.0
DTXSID1026035,796,8.332616472647494e-06,0.0
DTXSID1026081,796,1.0,1.0
DTXSID1026083,796,0.0,0.0
DTXSID1026089,796,0.0,0.0
DTXSID1026112,796,0.0,0.0
DTXSID1026118,796,0.0,0.0
DTXSID1026164,796,0.0,0.0
DTXSID1026241,796,0.993358646761613,1.0
DTXSID1026293,796,,
DTXSID1026457,796,0.0,0.0
DTXSID1026536,796,0.0,0.0
DTXSID1026615,796,2.4679105028124237e-11,0.0
DTXSID1026619,796,0.0,0.0
DTXSID1026661,796,0.0,0.0
DTXSID1026665,796,2.0099578924608785e-17,0.0
DTXSID1026667,796,0.0,0.0
DTXSID1026740,796,0.0,0.0
DTXSID1026792,796,0.0,0.0
DTXSID1026796,796,0.0,0.0
DTXSID1026879,796,0.0,0.0
DTXSID1026900,796,,
DTXSID1026902,796,,
DTXSID1026904,796,0.0,0.0
DTXSID1026906,796,0.0,0.0
DTXSID1026908,796,0.0,0.0
DTXSID1026954,796,0.0,0.0
DTXSID1027007,796,0.0,0.0
DTXSID1027134,796,5.35540854708162e-11,0.0
DTXSID1027184,796,0.0,0.0
DTXSID1027186,796,0.0,0.0
DTXSID1027188,796,0.0,0.0
DTXSID1027211,796,0.0,0.0
DTXSID1027219,796,0.0,0.0
DTXSID1027263,796,0.0,0.0
DTXSID1027265,796,0.0,0.0
DTXSID1027267,796,0.0,0.0
DTXSID1027269,796,0.0,0.0
DTXSID1027342,796,0.0,0.0
DTXSID1027344,796,1.7508802681707394e-12,0.0
DTXSID1027346,796,0.0,0.0
DTXSID1027390,796,0.0,0.0
DTXSID1027394,796,2.5411157914587165e-18,0.0
DTXSID1027396,796,0.0,0.0
DTXSID1027425,796,0.0,0.0
DTXSID1027427,796,0.0,0.0
DTXSID1027429,796,0.9991205065545707,1.0
DTXSID1027471,796,0.0,0.0
DTXSID1027479,796,0.0005114501682616656,0.0
DTXSID1027500,796,0.0,0.0
DTXSID1027502,796,0.0,0.0
DTXSID1027504,796,0.0,0.0
DTXSID1027506,796,0.0,0.0
DTXSID1027550,796,0.0,0.0
DTXSID1027556,796,0.0,0.0
DTXSID1027558,796,0.0,0.0
DTXSID1027633,796,6.262927647613461e-11,0.0
DTXSID1027635,796,0.0,0.0
DTXSID1027639,796,0.0,0.0
DTXSID1027714,796,0.0,0.0
DTXSID1027716,796,0.0,0.0
DTXSID1027764,796,0.0,0.0
DTXSID1027768,796,0.0,0.0
DTXSID1027841,796,0.0,0.0
DTXSID1027891,796,0.886378900408152,0.0
DTXSID1027899,796,0.0,0.0
DTXSID1027920,796,0.0,0.0
DTXSID1027924,796,0.0,0.0
DTXSID1027926,796,0.9999999667682584,1.0
DTXSID1027928,796,0.0,0.0
DTXSID1027970,796,0.0,0.0
DTXSID1027974,796,0.0,0.0
DTXSID1027978,796,0.0,0.0
DTXSID1029120,796,8.090144896546924e-12,0.0
DTXSID1029122,796,0.0,0.0
DTXSID1029124,796,0.0,0.0
DTXSID1029128,796,0.0,0.0
DTXSID1029170,796,0.0,0.0
DTXSID1029201,796,0.0,0.0
DTXSID1029203,796,0.0,0.0
DTXSID1029207,796,0.0,0.0
DTXSID1029251,796,0.0,0.0
DTXSID1029255,796,0.0,0.0
DTXSID1029338,796,0.0,0.0
DTXSID1029629,796,0.0,0.0
DTXSID1029671,796,0.0,0.0
DTXSID1029677,796,0.0,0.0
DTXSID1029679,796,0.0,0.0
DTXSID1029889,796,0.0,0.0
DTXSID1029910,796,0.0,0.0
DTXSID1030317,796,0.0,0.0
DTXSID1030319,796,0.9282736433171986,1.0
DTXSID1030604,796,0.0,0.0
DTXSID1030606,796,0.0,0.0
DTXSID1031096,796,0.0,0.0
DTXSID1031460,796,0.0,0.0
DTXSID1031462,796,0.0,0.0
DTXSID1031591,796,0.0,0.0
DTXSID1031626,796,0.0,0.0
DTXSID1032278,796,0.0,0.0
DTXSID1032303,796,0.0,0.0
DTXSID1032309,796,0.0,0.0
DTXSID1032355,796,0.0004129711461969508,0.0
DTXSID1032359,796,0.0,0.0
DTXSID1032482,796,0.0,0.0
DTXSID1032484,796,0.002448442106434515,0.0
DTXSID1032488,796,0.0,0.0
DTXSID1032511,796,0.0,0.0
DTXSID1032513,796,0.0,0.0
DTXSID1032519,796,0.0,0.0
DTXSID1032569,796,0.0,0.0
DTXSID1032640,796,1.2389899514231149e-14,0.0
DTXSID1032646,796,0.9999999912324127,1.0
DTXSID1032648,796,1.0,1.0
DTXSID1032690,796,3.0590929047594896e-07,0.0
DTXSID1033161,796,0.0,0.0
DTXSID1033163,796,,
DTXSID1033371,796,0.0,0.0
DTXSID1033402,796,0.0,0.0
DTXSID1033539,796,2.8283039808707442e-12,0.0
DTXSID1033664,796,0.9998030042886522,1.0
DTXSID1033876,796,0.0,0.0
DTXSID1034181,796,0.20842019173236523,0.0
DTXSID1034187,796,,
DTXSID1034210,796,,
DTXSID1034212,796,0.0,0.0
DTXSID1034214,796,0.0,0.0
DTXSID1034260,796,0.0,0.0
DTXSID1034266,796,0.0,0.0
DTXSID1034503,796,0.0,0.0
DTXSID1034634,796,1.0,1.0
DTXSID1034769,796,0.0,0.0
DTXSID1034844,796,5.606485226928754e-10,0.0
DTXSID1034929,796,0.9999999999999998,1.0
DTXSID1034973,796,0.0,0.0
DTXSID1035286,796,0.0,0.0
DTXSID1035288,796,0.0,0.0
DTXSID1035783,796,0.0,0.0
DTXSID1036541,796,8.53119079877274e-06,0.0
DTXSID1037197,796,0.0,0.0
DTXSID1037224,796,4.370647845693765e-08,0.0
DTXSID1037272,796,0.0,0.0
DTXSID1037303,796,0.898461747865232,0.0
DTXSID1037511,796,0.0,0.0
DTXSID1037515,796,0.0,0.0
DTXSID1037565,796,2.3009418291768287e-15,0.0
DTXSID1037696,796,0.0,0.0
DTXSID1037806,796,0.0,0.0
DTXSID1038298,796,0.9999998133494656,1.0
DTXSID1038321,796,0.0,0.0
DTXSID1038666,796,0.0,0.0
DTXSID1038795,796,0.0,0.0
DTXSID1038822,796,8.787461573773805e-10,0.0
DTXSID1038824,796,0.0,0.0
DTXSID1038876,796,0.9964180164392942,1.0
DTXSID1039719,796,0.0,0.0
DTXSID1040110,796,0.0,0.0
DTXSID1040112,796,0.0,0.0
DTXSID1040114,796,0.0,0.0
DTXSID1040243,796,,
DTXSID1040245,796,0.0,0.0
DTXSID1040295,796,0.0,0.0
DTXSID1040320,796,,
DTXSID1040324,796,1.3233471531001573e-08,0.0
DTXSID1040326,796,0.0,0.0
DTXSID1040372,796,0.0,0.0
DTXSID1040459,796,0.0,0.0
DTXSID1040611,796,0.0,0.0
DTXSID1040617,796,0.0,0.0
DTXSID1040619,796,0.99999994326651,1.0
DTXSID1040661,796,0.0,0.0
DTXSID1040667,796,0.0,0.0
DTXSID1040740,796,0.0,0.0
DTXSID1040742,796,0.0,0.0
DTXSID1040792,796,0.0,0.0
DTXSID1040794,796,1.429322610276726e-17,0.0
DTXSID1041132,796,0.9999999999766972,1.0
DTXSID1041180,796,0.0,0.0
DTXSID1041184,796,0.0,0.0
DTXSID1041188,796,0.00030174510015111664,0.0
DTXSID1041217,796,0.0,0.0
DTXSID1041261,796,0.0,0.0
DTXSID1041263,796,0.0,0.0
DTXSID1041265,796,0.0,0.0
DTXSID1041267,796,1.9491400277208816e-14,0.0
DTXSID1041269,796,0.0,0.0
DTXSID1041346,796,0.0,0.0
DTXSID1041396,796,0.0,0.0
DTXSID1041421,796,0.0,0.0
DTXSID1041423,796,0.0,0.0
DTXSID1041425,796,0.0,0.0
DTXSID1041502,796,,
DTXSID1041506,796,0.0,0.0
DTXSID1041508,796,0.0,0.0
DTXSID1041550,796,0.0,0.0
DTXSID1041639,796,0.0,0.0
DTXSID1041681,796,0.0,0.0
DTXSID1041683,796,0.7821725676574536,0.0
DTXSID1041689,796,0.0,0.0
DTXSID1041847,796,0.0,0.0
DTXSID1041891,796,0.0,0.0
DTXSID1041897,796,0.0,0.0
DTXSID1041920,796,6.771971289581357e-18,0.0
DTXSID1041970,796,0.0,0.0
DTXSID1041978,796,0.9999999889323702,1.0
DTXSID1042077,796,0.0,0.0
DTXSID1042154,796,0.0,0.0
DTXSID1042281,796,0.0,0.0
DTXSID1042285,796,2.273127907358448e-12,0.0
DTXSID1042360,796,3.868520862067643e-08,0.0
DTXSID1042364,796,0.0,0.0
DTXSID1042441,796,0.0,0.0
DTXSID1042491,796,0.0,0.0
DTXSID1042499,796,0.9994791455570625,1.0
DTXSID1042570,796,,
DTXSID1042574,796,0.0,0.0
DTXSID1043881,796,0.0,0.0
DTXSID1044196,796,0.0,0.0
DTXSID1044221,796,0.0,0.0
DTXSID1044223,796,2.1313405484811296e-17,0.0
DTXSID1044227,796,0.0,0.0
DTXSID1044352,796,0.0,0.0
DTXSID1044354,796,0.0,0.0
DTXSID1044356,796,0.0,0.0
DTXSID1044431,796,0.0,0.0
DTXSID1044433,796,0.0,0.0
DTXSID1044435,796,0.0,0.0
DTXSID1044437,796,0.0,0.0
DTXSID1044439,796,0.0,0.0
DTXSID1044481,796,0.0,0.0
DTXSID1044485,796,0.0,0.0
DTXSID1044487,796,,
DTXSID1044489,796,1.2046285673693233e-14,0.0
DTXSID1044514,796,0.999999999999974,1.0
DTXSID1044518,796,0.0,0.0
DTXSID1044560,796,0.0,0.0
DTXSID1044564,796,0.0,0.0
DTXSID1044568,796,0.0,0.0
DTXSID1044643,796,0.0,0.0
DTXSID1044645,796,0.9999999999975853,1.0
DTXSID1044647,796,0.0,0.0
DTXSID1044691,796,0.0,0.0
DTXSID1044693,796,0.0,0.0
DTXSID1044697,796,0.0,0.0
DTXSID1044720,796,0.0,0.0
DTXSID1044722,796,0.0,0.0
DTXSID1044724,796,0.0,0.0
DTXSID1044728,796,0.0,0.0
DTXSID1044770,796,0.0,0.0
DTXSID1044772,796,3.7581612569567597e-19,0.0
DTXSID1044774,796,0.0,0.0
DTXSID1044776,796,0.0,0.0
DTXSID1044801,796,0.0,0.0
DTXSID1044805,796,0.0,0.0
DTXSID1044807,796,0.0,0.0
DTXSID1044809,796,0.0,0.0
DTXSID1044851,796,0.0,0.0
DTXSID1044853,796,0.0,0.0
DTXSID1044857,796,0.0,0.0
DTXSID1044859,796,4.131782376404447e-19,0.0
DTXSID1044930,796,3.943930542368294e-15,0.0
DTXSID1044932,796,0.0,0.0
DTXSID1044934,796,0.0,0.0
DTXSID1044936,796,0.0,0.0
DTXSID1044938,796,0.0,0.0
DTXSID1044980,796,0.0,0.0
DTXSID1044982,796,0.0,0.0
DTXSID1044986,796,9.339612118954746e-10,0.0
DTXSID1045033,796,0.0,0.0
DTXSID1045081,796,0.0,0.0
DTXSID1045083,796,0.9999980963451999,1.0
DTXSID1045085,796,,
DTXSID1045089,796,0.0,0.0
DTXSID1045110,796,,
DTXSID1045112,796,0.0,0.0
DTXSID1045114,796,0.0,0.0
DTXSID1045116,796,0.0,0.0
DTXSID1045118,796,0.0,0.0
DTXSID1045160,796,0.0,0.0
DTXSID1045162,796,0.0,0.0
DTXSID1045164,796,0.0,0.0
DTXSID1045166,796,0.0,0.0
DTXSID1045168,796,0.0,0.0
DTXSID1045245,796,0.0,0.0
DTXSID1045291,796,0.0,0.0
DTXSID1045293,796,0.0,0.0
DTXSID1045297,796,0.0,0.0
DTXSID1045320,796,0.0,0.0
DTXSID1045322,796,0.0,0.0
DTXSID1045324,796,0.0,0.0
DTXSID1045326,796,,
DTXSID1045328,796,0.0,0.0
DTXSID1045370,796,0.0,0.0
DTXSID1045372,796,0.0,0.0
DTXSID1045376,796,0.0,0.0
DTXSID1045405,796,0.0,0.0
DTXSID1045407,796,0.0,0.0
DTXSID1045409,796,0.9999999999362952,1.0
DTXSID1045453,796,0.0,0.0
DTXSID1045459,796,0.0,0.0
DTXSID1045530,796,0.0,0.0
DTXSID1045534,796,0.0,0.0
DTXSID1045536,796,0.0,0.0
DTXSID1045538,796,0.0,0.0
DTXSID1045580,796,0.0,0.0
DTXSID1045582,796,0.0,0.0
DTXSID1045584,796,0.9925759969994158,1.0
DTXSID1045586,796,0.0,0.0
DTXSID1045588,796,0.0,0.0
DTXSID1045611,796,0.0,0.0
DTXSID1045615,796,0.0,0.0
DTXSID1045619,796,0.0,0.0
DTXSID1045661,796,0.0,0.0
DTXSID1045663,796,0.0,0.0
DTXSID1045665,796,6.477260096923004e-20,0.0
DTXSID1045669,796,5.3797054566058486e-08,0.0
DTXSID1045740,796,0.0,0.0
DTXSID1045742,796,0.07114240423833798,0.0
DTXSID1045744,796,0.0,0.0
DTXSID1045746,796,0.0,0.0
DTXSID1045748,796,0.0,0.0
DTXSID1045790,796,0.0,0.0
DTXSID1045792,796,0.0,0.0
DTXSID1045794,796,0.0,0.0
DTXSID1045796,796,0.0,0.0
DTXSID1045798,796,0.0,0.0
DTXSID1045825,796,0.0,0.0
DTXSID1045871,796,0.0,0.0
DTXSID1045873,796,0.0,0.0
DTXSID1045877,796,0.0,0.0
DTXSID1045879,796,0.0,0.0
DTXSID1045900,796,0.0,0.0
DTXSID1045902,796,7.158793933104339e-19,0.0
DTXSID1045904,796,0.0,0.0
DTXSID1045906,796,0.0,0.0
DTXSID1045950,796,0.0,0.0
DTXSID1045952,796,0.0,0.0
DTXSID1045954,796,0.0,0.0
DTXSID1045956,796,,
DTXSID1045958,796,0.0,0.0
DTXSID1046003,796,0.0,0.0
DTXSID1046007,796,0.0,0.0
DTXSID1046009,796,0.0,0.0
DTXSID1046051,796,1.0935768239642875e-18,0.0
DTXSID1046055,796,0.0,0.0
DTXSID1046059,796,0.0,0.0
DTXSID1046130,796,0.0,0.0
DTXSID1046132,796,0.0,0.0
DTXSID1046134,796,0.8777502341143167,0.0
DTXSID1046136,796,0.0,0.0
DTXSID1046138,796,1.045435886427784e-05,0.0
DTXSID1046180,796,0.0,0.0
DTXSID1046182,796,0.0,0.0
DTXSID1046184,796,0.0,0.0
DTXSID1046186,796,0.0,0.0
DTXSID1046188,796,0.9999999948045236,1.0
DTXSID1046211,796,0.0,0.0
DTXSID1046213,796,0.0,0.0
DTXSID1046215,796,0.0,0.0
DTXSID1046217,796,2.4823441144978115e-19,0.0
DTXSID1046261,796,0.0,0.0
DTXSID1046263,796,0.0,0.0
DTXSID1046265,796,0.0,0.0
DTXSID1046267,796,0.0,0.0
DTXSID1046269,796,0.0,0.0
DTXSID1046342,796,0.0,0.0
DTXSID1046344,796,0.9999999999885082,1.0
DTXSID1046346,796,0.0,0.0
DTXSID1046348,796,0.0,0.0
DTXSID1046390,796,0.0,0.0
DTXSID1046392,796,0.0,0.0
DTXSID1046394,796,0.0,0.0
DTXSID1046396,796,0.0,0.0
DTXSID1046398,796,0.0,0.0
DTXSID1046421,796,1.8869267647706077e-18,0.0
DTXSID1046423,796,0.0,0.0
DTXSID1046425,796,0.0,0.0
DTXSID1046427,796,0.0,0.0
DTXSID1046429,796,1.0,1.0
DTXSID1046471,796,0.0,0.0
DTXSID1046475,796,0.0,0.0
DTXSID1046477,796,0.0,0.0
DTXSID1046479,796,0.0,0.0
DTXSID1046500,796,0.0,0.0
DTXSID1046502,796,0.0,0.0
DTXSID1046504,796,0.0,0.0
DTXSID1046506,796,0.0,0.0
DTXSID1046508,796,0.0,0.0
DTXSID1046550,796,0.0,0.0
DTXSID1046552,796,0.0,0.0
DTXSID1046556,796,0.0,0.0
DTXSID1046558,796,0.0,0.0
DTXSID1046631,796,0.0,0.0
DTXSID1046633,796,0.0,0.0
DTXSID1046637,796,0.0,0.0
DTXSID1046639,796,0.0,0.0
DTXSID1046681,796,0.9998763129465974,1.0
DTXSID1046683,796,,
DTXSID1046685,796,0.0,0.0
DTXSID1046687,796,0.0,0.0
DTXSID1046689,796,0.0,0.0
DTXSID1046710,796,0.0,0.0
DTXSID1046712,796,0.0,0.0
DTXSID1046714,796,0.0,0.0
DTXSID1046716,796,0.0,0.0
DTXSID1046760,796,0.0,0.0
DTXSID1046764,796,0.0,0.0
DTXSID1046766,796,0.0,0.0
DTXSID1046768,796,0.999999998692395,1.0
DTXSID1046841,796,0.0,0.0
DTXSID1046843,796,0.0,0.0
DTXSID1046845,796,0.0,0.0
DTXSID1046847,796,0.0,0.0
DTXSID1046849,796,0.0,0.0
DTXSID1046891,796,0.0,0.0
DTXSID1046895,796,0.0,0.0
DTXSID1046920,796,0.0,0.0
DTXSID1046922,796,1.7946537261502335e-09,0.0
DTXSID1046924,796,0.0,0.0
DTXSID1046926,796,0.0,0.0
DTXSID1046970,796,0.0,0.0
DTXSID1046974,796,0.0,0.0
DTXSID1046976,796,9.003054437471378e-08,0.0
DTXSID1046978,796,0.0,0.0
DTXSID1047027,796,7.766122083798849e-18,0.0
DTXSID1047029,796,0.0,0.0
DTXSID1047071,796,0.0,0.0
DTXSID1047075,796,0.0,0.0
DTXSID1047102,796,,
DTXSID1047104,796,0.0,0.0
DTXSID1047106,796,0.0,0.0
DTXSID1047108,796,0.0,0.0
DTXSID1047150,796,0.0,0.0
DTXSID1047152,796,0.0,0.0
DTXSID1047156,796,0.0,0.0
DTXSID1047158,796,0.0,0.0
DTXSID1047239,796,0.0,0.0
DTXSID1047281,796,0.0,0.0
DTXSID1047283,796,0.0,0.0
DTXSID1047285,796,0.0,0.0
DTXSID1047287,796,0.0,0.0
DTXSID1047289,796,0.0,0.0
DTXSID1047310,796,0.00011569838018105904,0.0
DTXSID1047312,796,0.0,0.0
DTXSID1047316,796,0.0,0.0
DTXSID1047318,796,0.0,0.0
DTXSID1047360,796,0.0,0.0
DTXSID1047362,796,0.0,0.0
DTXSID1047364,796,0.0,0.0
DTXSID1047366,796,1.0,1.0
DTXSID1047368,796,0.0,0.0
DTXSID1047443,796,0.0,0.0
DTXSID1047447,796,0.0,0.0
DTXSID1047491,796,0.0,0.0
DTXSID1047493,796,0.0,0.0
DTXSID1047497,796,0.0,0.0
DTXSID1047524,796,0.0,0.0
DTXSID1047526,796,0.0,0.0
DTXSID1047528,796,0.0,0.0
DTXSID1047570,796,0.0,0.0
DTXSID1047574,796,0.0,0.0
DTXSID1047576,796,0.0,0.0
DTXSID1047578,796,0.0,0.0
DTXSID1047601,796,0.0,0.0
DTXSID1047603,796,0.0,0.0
DTXSID1047605,796,0.0,0.0
DTXSID1047609,796,0.0,0.0
DTXSID1047651,796,0.0,0.0
DTXSID1047655,796,0.0,0.0
DTXSID1047657,796,0.0,0.0
DTXSID1047659,796,0.0,0.0
DTXSID1047730,796,0.0,0.0
DTXSID1047780,796,0.0,0.0
DTXSID1047782,796,0.0,0.0
DTXSID1047784,796,0.0,0.0
DTXSID1047786,796,0.0,0.0
DTXSID1047788,796,0.0,0.0
DTXSID1047811,796,0.0,0.0
DTXSID1047813,796,0.0,0.0
DTXSID1047815,796,0.0,0.0
DTXSID1047817,796,0.0,0.0
DTXSID1047819,796,,
DTXSID1047869,796,0.0,0.0
DTXSID1047940,796,0.0,0.0
DTXSID1047942,796,,
DTXSID1047944,796,,
DTXSID1047946,796,0.0,0.0
DTXSID1047948,796,0.0,0.0
DTXSID1048122,796,,
DTXSID1048170,796,0.9999999999999442,1.0
DTXSID1048172,796,,
DTXSID1048174,796,5.651171201826931e-17,0.0
DTXSID1048176,796,0.0,0.0
DTXSID1048178,796,0.9990412377349801,1.0
DTXSID1048201,796,0.0,0.0
DTXSID1048203,796,0.0,0.0
DTXSID1048207,796,0.0,0.0
DTXSID1048209,796,0.0,0.0
DTXSID1048259,796,0.0,0.0
DTXSID1048590,796,0.0,0.0
DTXSID1048592,796,0.0,0.0
DTXSID1048594,796,0.0,0.0
DTXSID1048596,796,0.9999572587186041,1.0
DTXSID1048598,796,0.0,0.0
DTXSID1048621,796,0.0,0.0
DTXSID1048623,796,0.0,0.0
DTXSID1048625,796,0.0,0.0
DTXSID1048627,796,0.0,0.0
DTXSID1048629,796,0.0,0.0
DTXSID1048671,796,0.8831847074419569,0.0
DTXSID1048675,796,0.0,0.0
DTXSID1048677,796,0.0,0.0
DTXSID1048679,796,0.0,0.0
DTXSID1048700,796,,
DTXSID1048702,796,0.0,0.0
DTXSID1048704,796,0.0,0.0
DTXSID1048706,796,0.0,0.0
DTXSID1048708,796,0.0,0.0
DTXSID1048750,796,0.0,0.0
DTXSID1048752,796,0.0,0.0
DTXSID1048754,796,0.0,0.0
DTXSID1048756,796,0.0,0.0
DTXSID1048758,796,0.0,0.0
DTXSID1048831,796,0.0,0.0
DTXSID1048833,796,0.0,0.0
DTXSID1048835,796,0.0,0.0
DTXSID1048837,796,0.0,0.0
DTXSID1048839,796,0.0,0.0
DTXSID1048881,796,0.0,0.0
DTXSID1048883,796,0.0,0.0
DTXSID1048885,796,0.0,0.0
DTXSID1048887,796,0.0,0.0
DTXSID1048889,796,0.0,0.0
DTXSID1048910,796,0.0,0.0
DTXSID1048912,796,0.0,0.0
DTXSID1048914,796,0.0,0.0
DTXSID1048916,796,0.0,0.0
DTXSID1048918,796,0.0,0.0
DTXSID1048960,796,4.1532435493735005e-17,0.0
DTXSID1048962,796,0.0,0.0
DTXSID1048964,796,0.0,0.0
DTXSID1048966,796,0.0,0.0
DTXSID1048968,796,0.0,0.0
DTXSID1049011,796,0.0,0.0
DTXSID1049013,796,,
DTXSID1049015,796,,
DTXSID1049017,796,0.0,0.0
DTXSID1049019,796,0.0,0.0
DTXSID1049061,796,0.0,0.0
DTXSID1049063,796,0.0,0.0
DTXSID1049065,796,0.0,0.0
DTXSID1049067,796,0.0,0.0
DTXSID1049069,796,0.0,0.0
DTXSID1049221,796,1.6815408995298356e-11,0.0
DTXSID1049223,796,8.641421639056542e-05,0.0
DTXSID1049225,796,0.0,0.0
DTXSID1049227,796,1.4228963932606923e-06,0.0
DTXSID1049229,796,,
DTXSID1049271,796,0.7969236976209351,0.0
DTXSID1049273,796,0.0,0.0
DTXSID1049275,796,0.0,0.0
DTXSID1049277,796,0.0,0.0
DTXSID1049279,796,0.0,0.0
DTXSID1049300,796,0.0,0.0
DTXSID1049302,796,0.0,0.0
DTXSID1049304,796,0.0,0.0
DTXSID1049306,796,0.0,0.0
DTXSID1049308,796,0.0,0.0
DTXSID1049350,796,0.0,0.0
DTXSID1049352,796,,
DTXSID1049354,796,0.0,0.0
DTXSID1049356,796,0.0,0.0
DTXSID1049358,796,0.0,0.0
DTXSID1049431,796,0.0,0.0
DTXSID1049433,796,0.0,0.0
DTXSID1049481,796,0.0,0.0
DTXSID1049483,796,0.0,0.0
DTXSID1049485,796,0.0,0.0
DTXSID1049487,796,0.0,0.0
DTXSID1049489,796,0.0,0.0
DTXSID1049510,796,0.0,0.0
DTXSID1049512,796,8.398240116712256e-14,0.0
DTXSID1049514,796,0.9632058298307916,1.0
DTXSID1049516,796,1.4089266859040284e-05,0.0
DTXSID1049518,796,0.0,0.0
DTXSID1049560,796,4.3805586120330396e-13,0.0
DTXSID1049562,796,2.538996349028351e-10,0.0
DTXSID2020006,796,0.0,0.0
DTXSID2020054,796,0.0,0.0
DTXSID2020058,796,0.0,0.0
DTXSID2020131,796,0.0,0.0
DTXSID2020137,796,0.0,0.0
DTXSID2020139,796,0.9999833964781955,1.0
DTXSID2020181,796,0.0,0.0
DTXSID2020189,796,0.0,0.0
DTXSID2020210,796,0.0,0.0
DTXSID2020212,796,0.0,0.0
DTXSID2020216,796,1.425853056666247e-09,0.0
DTXSID2020260,796,0.0,0.0
DTXSID2020262,796,0.0,0.0
DTXSID2020266,796,0.0,0.0
DTXSID2020268,796,0.0,0.0
DTXSID2020341,796,0.0,0.0
DTXSID2020345,796,0.0,0.0
DTXSID2020347,796,0.0,0.0
DTXSID2020349,796,0.0,0.0
DTXSID2020391,796,0.0,0.0
DTXSID2020399,796,0.0,0.0
DTXSID2020420,796,1.8581793544395385e-19,0.0
DTXSID2020424,796,0.9997416330668559,1.0
DTXSID2020426,796,0.0,0.0
DTXSID2020428,796,0.0,0.0
DTXSID2020470,796,0.0,0.0
DTXSID2020474,796,0.0,0.0
DTXSID2020478,796,0.0,0.0
DTXSID2020501,796,0.0,0.0
DTXSID2020505,796,0.0,0.0
DTXSID2020507,796,0.0,0.0
DTXSID2020509,796,0.0,0.0
DTXSID2020557,796,0.0,0.0
DTXSID2020634,796,0.0,0.0
DTXSID2020636,796,3.332704059930134e-05,0.0
DTXSID2020680,796,0.0,0.0
DTXSID2020682,796,0.0,0.0
DTXSID2020684,796,0.0,0.0
DTXSID2020686,796,6.270073738771249e-13,0.0
DTXSID2020688,796,0.0,0.0
DTXSID2020713,796,0.0,0.0
DTXSID2020717,796,0.9989547309600928,1.0
DTXSID2020761,796,5.800035961299406e-10,0.0
DTXSID2020767,796,0.0,0.0
DTXSID2020844,796,0.0,0.0
DTXSID2020846,796,0.0,0.0
DTXSID2020890,796,0.0,0.0
DTXSID2020892,796,0.0,0.0
DTXSID2020894,796,0.9999827747091246,1.0
DTXSID2020898,796,0.0,0.0
DTXSID2020921,796,0.0,0.0
DTXSID2020923,796,0.0,0.0
DTXSID2020927,796,0.0,0.0
DTXSID2020929,796,0.0,0.0
DTXSID2020971,796,0.0,0.0
DTXSID2020977,796,0.0,0.0
DTXSID2021022,796,0.0,0.0
DTXSID2021026,796,0.0,0.0
DTXSID2021028,796,0.0,0.0
DTXSID2021070,796,1.178696362779248e-13,0.0
DTXSID2021103,796,0.9662969207427501,1.0
DTXSID2021105,796,0.0,0.0
DTXSID2021151,796,0.40155749526830786,0.0
DTXSID2021159,796,0.0,0.0
DTXSID2021232,796,0.0,0.0
DTXSID2021234,796,,
DTXSID2021236,796,0.0,0.0
DTXSID2021238,796,1.0993855748841334e-17,0.0
DTXSID2021282,796,0.0,0.0
DTXSID2021284,796,0.0,0.0
DTXSID2021286,796,0.0,0.0
DTXSID2021288,796,0.0,0.0
DTXSID2021311,796,1.7032278802326963e-15,0.0
DTXSID2021315,796,0.0,0.0
DTXSID2021317,796,0.0,0.0
DTXSID2021319,796,0.0,0.0
DTXSID2021363,796,0.0,0.0
DTXSID2021365,796,0.0,0.0
DTXSID2021367,796,,
DTXSID2021440,796,0.0,0.0
DTXSID2021442,796,0.0,0.0
DTXSID2021446,796,0.0,0.0
DTXSID2021448,796,0.0,0.0
DTXSID2021492,796,0.0,0.0
DTXSID2021496,796,0.0,0.0
DTXSID2021498,796,0.0,0.0
DTXSID2021575,796,0.0,0.0
DTXSID2021577,796,0.9781770353537108,1.0
DTXSID2021600,796,0.0,0.0
DTXSID2021602,796,2.074530698317536e-13,0.0
DTXSID2021604,796,0.0,0.0
DTXSID2021608,796,0.0,0.0
DTXSID2021650,796,0.0,0.0
DTXSID2021652,796,0.0,0.0
DTXSID2021654,796,0.0,0.0
DTXSID2021656,796,0.0,0.0
DTXSID2021658,796,0.0,0.0
DTXSID2021731,796,0.0,0.0
DTXSID2021735,796,0.0,0.0
DTXSID2021739,796,0.0,0.0
DTXSID2021781,796,1.0696390568855195e-15,0.0
DTXSID2021789,796,0.0,0.0
DTXSID2021810,796,0.0,0.0
DTXSID2021816,796,0.0,0.0
DTXSID2021818,796,0.0,0.0
DTXSID2021860,796,0.0,0.0
DTXSID2021864,796,0.0,0.0
DTXSID2021866,796,0.0,0.0
DTXSID2021868,796,0.0,0.0
DTXSID2021941,796,0.0,0.0
DTXSID2021943,796,0.0,0.0
DTXSID2021947,796,0.0,0.0
DTXSID2021949,796,0.0,0.0
DTXSID2021993,796,0.0,0.0
DTXSID2021995,796,0.8634848121831769,0.0
DTXSID2021997,796,0.0,0.0
DTXSID2022048,796,0.0,0.0
DTXSID2022090,796,0.0,0.0
DTXSID2022096,796,0.0,0.0
DTXSID2022121,796,0.0,0.0
DTXSID2022123,796,0.0,0.0
DTXSID2022127,796,0.8840407788043623,0.0
DTXSID2022171,796,0.0,0.0
DTXSID2022179,796,0.0,0.0
DTXSID2022254,796,0.9999999999988644,1.0
DTXSID2022256,796,3.3136487269381187e-12,0.0
DTXSID2022331,796,7.66253702079269e-17,0.0
DTXSID2022381,796,1.3280628478254681e-19,0.0
DTXSID2022541,796,0.0,0.0
DTXSID2022543,796,0.0,0.0
DTXSID2022549,796,0.0,0.0
DTXSID2022593,796,0.0,0.0
DTXSID2022595,796,0.0,0.0
DTXSID2022624,796,0.0,0.0
DTXSID2022626,796,0.0,0.0
DTXSID2022628,796,0.0,0.0
DTXSID2022672,796,1.150750116808328e-11,0.0
DTXSID2022674,796,0.0,0.0
DTXSID2022676,796,0.0,0.0
DTXSID2022678,796,0.9186934617655467,1.0
DTXSID2022707,796,0.0,0.0
DTXSID2022751,796,0.0,0.0
DTXSID2022753,796,0.0,0.0
DTXSID2022880,796,0.8326933536789226,0.0
DTXSID2022886,796,0.0,0.0
DTXSID2022888,796,0.0,0.0
DTXSID2022915,796,0.0,0.0
DTXSID2022967,796,0.0,0.0
DTXSID2023016,796,0.9999904671493862,1.0
DTXSID2023064,796,0.0,0.0
DTXSID2023068,796,,
DTXSID2023143,796,0.0,0.0
DTXSID2023145,796,,
DTXSID2023149,796,0.9394621499759558,1.0
DTXSID2023193,796,0.0,0.0
DTXSID2023195,796,4.9813727943839924e-20,0.0
DTXSID2023197,796,0.0,0.0
DTXSID2023222,796,0.0,0.0
DTXSID2023224,796,0.8363538945968783,0.0
DTXSID2023270,796,0.0,0.0
DTXSID2023276,796,1.0335396350576085e-14,0.0
DTXSID2023303,796,0.0,0.0
DTXSID2023307,796,0.0,0.0
DTXSID2023353,796,0.0,0.0
DTXSID2023430,796,0.0,0.0
DTXSID2023434,796,0.0,0.0
DTXSID2023436,796,0.0,0.0
DTXSID2023480,796,0.0,0.0
DTXSID2023488,796,0.0,0.0
DTXSID2023519,796,0.0,0.0
DTXSID2023565,796,0.0,0.0
DTXSID2023567,796,0.0,0.0
DTXSID2023569,796,0.9998790630805612,1.0
DTXSID2023640,796,0.0,0.0
DTXSID2023642,796,0.0,0.0
DTXSID2023644,796,0.0,0.0
DTXSID2023690,796,0.0,0.0
DTXSID2023692,796,0.0,0.0
DTXSID2023721,796,0.0,0.0
DTXSID2023723,796,0.0,0.0
DTXSID2023725,796,0.0,0.0
DTXSID2023729,796,0.0,0.0
DTXSID2023771,796,0.0,0.0
DTXSID2023775,796,0.0,0.0
DTXSID2023937,796,0.0,0.0
DTXSID2024030,796,0.0,0.0
DTXSID2024038,796,0.0,0.0
DTXSID2024086,796,8.876902054238787e-11,0.0
DTXSID2024113,796,0.0,0.0
DTXSID2024163,796,0.08603539497095639,0.0
DTXSID2024242,796,0.0,0.0
DTXSID2024246,796,0.9999999999999999,1.0
DTXSID2024452,796,0.0,0.0
DTXSID2024454,796,0.0,0.0
DTXSID2024458,796,1.0486358944917842e-11,0.0
DTXSID2024585,796,0.9999999583539111,1.0
DTXSID2024589,796,0.0,0.0
DTXSID2024616,796,0.0,0.0
DTXSID2024660,796,0.0,0.0
DTXSID2024662,796,0.0,0.0
DTXSID2024664,796,0.0,0.0
DTXSID2024666,796,0.0,0.0
DTXSID2024747,796,0.0,0.0
DTXSID2024791,796,0.0,0.0
DTXSID2024793,796,0.9999999999999954,1.0
DTXSID2024797,796,0.0,0.0
DTXSID2024799,796,0.0,0.0
DTXSID2024822,796,0.0,0.0
DTXSID2024824,796,0.0,0.0
DTXSID2024878,796,0.0,0.0
DTXSID2024953,796,0.0,0.0
DTXSID2024955,796,0.0,0.0
DTXSID2025004,796,0.0,0.0
DTXSID2025006,796,5.721675413071874e-12,0.0
DTXSID2025050,796,0.0,0.0
DTXSID2025058,796,,
DTXSID2025133,796,0.000155423757053043,0.0
DTXSID2025135,796,0.0,0.0
DTXSID2025137,796,0.0,0.0
DTXSID2025139,796,,
DTXSID2025183,796,1.0,1.0
DTXSID2025185,796,0.0,0.0
DTXSID2025216,796,5.239250965243456e-15,0.0
DTXSID2025345,796,0.0,0.0
DTXSID2025347,796,0.0,0.0
DTXSID2025391,796,0.0,0.0
DTXSID2025395,796,0.0,0.0
DTXSID2025422,796,0.0,0.0
DTXSID2025424,796,0.0,0.0
DTXSID2025474,796,0.0,0.0
DTXSID2025478,796,0.0,0.0
DTXSID2025501,796,0.0,0.0
DTXSID2025503,796,0.0,0.0
DTXSID2025505,796,1.6250491543600912e-07,0.0
DTXSID2025551,796,0.0,0.0
DTXSID2025557,796,0.0,0.0
DTXSID2025632,796,0.0,0.0
DTXSID2025634,796,0.0,0.0
DTXSID2025680,796,0.0,0.0
DTXSID2025688,796,0.0,0.0
DTXSID2025715,796,0.0,0.0
DTXSID2025761,796,0.0,0.0
DTXSID2025763,796,0.0,0.0
DTXSID2025765,796,0.0,0.0
DTXSID2025840,796,3.311248735415714e-20,0.0
DTXSID2025842,796,1.9101054559333096e-08,0.0
DTXSID2025846,796,0.0,0.0
DTXSID2025892,796,0.9228700210385188,1.0
DTXSID2025896,796,0.0,0.0
DTXSID2025925,796,3.6390481318071767e-17,0.0
DTXSID2025975,796,0.0,0.0
DTXSID2025977,796,0.0,0.0
DTXSID2026022,796,0.0,0.0
DTXSID2026074,796,0.996053609264048,1.0
DTXSID2026076,796,1.0,1.0
DTXSID2026101,796,0.4948916209796314,0.0
DTXSID2026107,796,0.0,0.0
DTXSID2026151,796,0.9999998885561114,1.0
DTXSID2026157,796,0.0,0.0
DTXSID2026232,796,0.0,0.0
DTXSID2026238,796,0.0,0.0
DTXSID2026444,796,0.0,0.0
DTXSID2026446,796,0.0,0.0
DTXSID2026448,796,0.0,0.0
DTXSID2026494,796,0.0,0.0
DTXSID2026496,796,0.0,0.0
DTXSID2026523,796,0.0,0.0
DTXSID2026525,796,0.0,0.0
DTXSID2026527,796,0.0,0.0
DTXSID2026529,796,0.0,0.0
DTXSID2026573,796,5.798327289019427e-07,0.0
DTXSID2026600,796,0.0,0.0
DTXSID2026602,796,0.0,0.0
DTXSID2026606,796,0.0,0.0
DTXSID2026608,796,0.0,0.0
DTXSID2026652,796,0.0,0.0
DTXSID2026739,796,0.0,0.0
DTXSID2026781,796,0.0,0.0
DTXSID2026783,796,0.0,0.0
DTXSID2026789,796,3.7286353459228346e-15,0.0
DTXSID2026864,796,0.0,0.0
DTXSID2026941,796,0.0,0.0
DTXSID2026943,796,0.0,0.0
DTXSID2026991,796,0.0,0.0
DTXSID2026997,796,0.0,0.0
DTXSID2027044,796,0.0,0.0
DTXSID2027048,796,0.0,0.0
DTXSID2027092,796,0.0,0.0
DTXSID2027094,796,0.0,0.0
DTXSID2027096,796,0.0,0.0
DTXSID2027098,796,0.0,0.0
DTXSID2027175,796,0.0,0.0
DTXSID2027200,796,0.0,0.0
DTXSID2027204,796,0.0,0.0
DTXSID2027206,796,0.0,0.0
DTXSID2027254,796,0.0,0.0
DTXSID2027258,796,0.0,0.0
DTXSID2027333,796,0.0,0.0
DTXSID2027381,796,0.0,0.0
DTXSID2027412,796,0.0,0.0
DTXSID2027414,796,0.0,0.0
DTXSID2027416,796,0.0,0.0
DTXSID2027418,796,0.0,0.0
DTXSID2027462,796,0.001622966385393394,0.0
DTXSID2027466,796,0.0,0.0
DTXSID2027543,796,0.0,0.0
DTXSID2027591,796,0.9999999999996552,1.0
DTXSID2027593,796,0.0,0.0
DTXSID2027595,796,0.0,0.0
DTXSID2027599,796,0.0,0.0
DTXSID2027620,796,0.0,0.0
DTXSID2027624,796,0.0,0.0
DTXSID2027759,796,0.0,0.0
DTXSID2027830,796,0.0,0.0
DTXSID2027832,796,0.0,0.0
DTXSID2027834,796,0.0,0.0
DTXSID2027884,796,0.0,0.0
DTXSID2027886,796,0.0,0.0
DTXSID2027963,796,0.0,0.0
DTXSID2028010,796,0.0,0.0
DTXSID2028016,796,0.0,0.0
DTXSID2028723,796,0.9684453274193555,1.0
DTXSID2028985,796,0.0,0.0
DTXSID2029117,796,0.8250237353777472,0.0
DTXSID2029167,796,0.0,0.0
DTXSID2029169,796,0.0,0.0
DTXSID2029240,796,0.0,0.0
DTXSID2029242,796,0.0,0.0
DTXSID2029244,796,0.0,0.0
DTXSID2029246,796,0.0,0.0
DTXSID2029290,796,0.0,0.0
DTXSID2029298,796,0.0,0.0
DTXSID2029325,796,0.0,0.0
DTXSID2029327,796,0.0,0.0
DTXSID2029329,796,0.0,0.0
DTXSID2029612,796,7.238138031595039e-19,0.0
DTXSID2029616,796,0.0,0.0
DTXSID2029662,796,0.0,0.0
DTXSID2029668,796,0.0,0.0
DTXSID2029874,796,0.0,0.0
DTXSID2030695,796,0.0,0.0
DTXSID2030857,796,0.0,0.0
DTXSID2031089,796,0.9999999999999934,1.0
DTXSID2031532,796,0.0,0.0
DTXSID2031956,796,0.0,0.0
DTXSID2032005,796,0.0,0.0
DTXSID2032180,796,0.0,0.0
DTXSID2032344,796,9.410976583824092e-11,0.0
DTXSID2032348,796,0.7314365508115452,0.0
DTXSID2032390,796,0.0,0.0
DTXSID2032392,796,0.0,0.0
DTXSID2032398,796,0.999999997681257,1.0
DTXSID2032421,796,0.9862377698175224,1.0
DTXSID2032500,796,,
DTXSID2032550,796,1.3086390663014705e-14,0.0
DTXSID2032552,796,0.0,0.0
DTXSID2032554,796,0.0,0.0
DTXSID2032556,796,0.0,0.0
DTXSID2032558,796,1.8932912097345707e-16,0.0
DTXSID2032631,796,0.0,0.0
DTXSID2032637,796,0.0,0.0
DTXSID2032639,796,1.403533948724102e-17,0.0
DTXSID2032683,796,0.0,0.0
DTXSID2032891,796,0.0,0.0
DTXSID2033281,796,0.0,0.0
DTXSID2033314,796,,
DTXSID2033445,796,0.0,0.0
DTXSID2033447,796,0.0,0.0
DTXSID2033493,796,0.0,0.0
DTXSID2033736,796,0.0,0.0
DTXSID2033863,796,0.0,0.0
DTXSID2034091,796,0.0,0.0
DTXSID2034095,796,0.0,0.0
DTXSID2034255,796,0.0,0.0
DTXSID2034338,796,0.0,0.0
DTXSID2034382,796,0.0,0.0
DTXSID2034465,796,0.0,0.0
DTXSID2034540,796,0.0,0.0
DTXSID2034590,796,0.0,0.0
DTXSID2034598,796,0.0,0.0
DTXSID2034625,796,0.0178345799401673,0.0
DTXSID2034627,796,0.0,0.0
DTXSID2034673,796,0.0,0.0
DTXSID2034700,796,0.0,0.0
DTXSID2034833,796,0.0005491054760108309,0.0
DTXSID2034881,796,0.0,0.0
DTXSID2034885,796,0.09846909098360208,0.0
DTXSID2034962,796,0.0,0.0
DTXSID2034968,796,0.0,0.0
DTXSID2035013,796,0.0,0.0
DTXSID2035481,796,0.0,0.0
DTXSID2036112,796,,
DTXSID2036299,796,0.0,0.0
DTXSID2036409,796,0.0,0.0
DTXSID2036588,796,0.0,0.0
DTXSID2036827,796,0.0,0.0
DTXSID2037186,796,0.0,0.0
DTXSID2037508,796,0.0,0.0
DTXSID2037712,796,0.9997511128192623,1.0
DTXSID2037714,796,0.8950332759748065,0.0
DTXSID2038732,796,0.0,0.0
DTXSID2038788,796,0.0,0.0
DTXSID2038813,796,0.0,0.0
DTXSID2039336,796,0.0,0.0
DTXSID2040151,796,0.0,0.0
DTXSID2040234,796,0.0,0.0
DTXSID2040236,796,0.0,0.0
DTXSID2040284,796,0.0,0.0
DTXSID2040361,796,0.0,0.0
DTXSID2040363,796,0.0,0.0
DTXSID2040525,796,,
DTXSID2040579,796,0.0,0.0
DTXSID2040608,796,0.0,0.0
DTXSID2040652,796,0.0,0.0
DTXSID2040656,796,0.0,0.0
DTXSID2040731,796,0.0,0.0
DTXSID2040735,796,0.0,0.0
DTXSID2040739,796,0.0,0.0
DTXSID2040783,796,0.0,0.0
DTXSID2040787,796,,
DTXSID2040945,796,0.0,0.0
DTXSID2041046,796,0.0,0.0
DTXSID2041125,796,0.0,0.0
DTXSID2041200,796,0.0,0.0
DTXSID2041206,796,0.014045523347098897,0.0
DTXSID2041208,796,0.0,0.0
DTXSID2041250,796,,
DTXSID2041252,796,,
DTXSID2041256,796,0.0,0.0
DTXSID2041389,796,0.0,0.0
DTXSID2041412,796,0.0,0.0
DTXSID2041416,796,0.0,0.0
DTXSID2041418,796,0.0,0.0
DTXSID2041460,796,0.0,0.0
DTXSID2041464,796,0.0,0.0
DTXSID2041468,796,0.8538307248158888,0.0
DTXSID2041541,796,0.0,0.0
DTXSID2041545,796,2.9869348511574673e-15,0.0
DTXSID2041547,796,0.0,0.0
DTXSID2041622,796,0.0,0.0
DTXSID2041626,796,0.0,0.0
DTXSID2041672,796,0.0,0.0
DTXSID2041703,796,6.631783217628996e-15,0.0
DTXSID2041709,796,,
DTXSID2041759,796,,
DTXSID2041880,796,0.0,0.0
DTXSID2041884,796,0.0,0.0
DTXSID2041886,796,0.0,0.0
DTXSID2041913,796,0.0,0.0
DTXSID2041917,796,0.0,0.0
DTXSID2042014,796,0.0,0.0
DTXSID2042060,796,0.0,0.0
DTXSID2042062,796,0.0,0.0
DTXSID2042143,796,0.4825523882277634,0.0
DTXSID2042145,796,0.0,0.0
DTXSID2042149,796,0.0,0.0
DTXSID2042191,796,0.0,0.0
DTXSID2042195,796,2.6835068700063065e-14,0.0
DTXSID2042199,796,0.0,0.0
DTXSID2042220,796,0.0,0.0
DTXSID2042224,796,0.9985159379423094,1.0
DTXSID2042276,796,0.0,0.0
DTXSID2042436,796,0.0,0.0
DTXSID2043874,796,0.0,0.0
DTXSID2043909,796,0.0,0.0
DTXSID2044000,796,,
DTXSID2044002,796,0.0,0.0
DTXSID2044131,796,0.0,0.0
DTXSID2044137,796,0.0,0.0
DTXSID2044210,796,0.0,0.0
DTXSID2044214,796,0.0,0.0
DTXSID2044218,796,0.0,0.0
DTXSID2044266,796,0.0,0.0
DTXSID2044268,796,0.0,0.0
DTXSID2044347,796,0.0,0.0
DTXSID2044391,796,0.0,0.0
DTXSID2044393,796,0.0,0.0
DTXSID2044395,796,0.0,0.0
DTXSID2044397,796,0.0,0.0
DTXSID2044399,796,0.0,0.0
DTXSID2044420,796,0.0,0.0
DTXSID2044424,796,0.0,0.0
DTXSID2044428,796,0.0,0.0
DTXSID2044470,796,0.0,0.0
DTXSID2044472,796,0.0,0.0
DTXSID2044474,796,0.0,0.0
DTXSID2044503,796,0.9877426577882445,1.0
DTXSID2044507,796,,
DTXSID2044509,796,0.0,0.0
DTXSID2044553,796,0.0,0.0
DTXSID2044559,796,,
DTXSID2044632,796,0.0,0.0
DTXSID2044638,796,0.0,0.0
DTXSID2044680,796,0.0,0.0
DTXSID2044682,796,0.0,0.0
DTXSID2044684,796,0.0,0.0
DTXSID2044686,796,0.9999999774957737,1.0
DTXSID2044713,796,,
DTXSID2044715,796,0.0,0.0
DTXSID2044719,796,0.0,0.0
DTXSID2044763,796,5.965471790519666e-16,0.0
DTXSID2044765,796,0.0,0.0
DTXSID2044767,796,0.0,0.0
DTXSID2044769,796,0.0,0.0
DTXSID2044840,796,0.0,0.0
DTXSID2044842,796,0.0,0.0
DTXSID2044844,796,0.0,0.0
DTXSID2044846,796,,
DTXSID2044848,796,0.0,0.0
DTXSID2044890,796,0.999999969241914,1.0
DTXSID2044892,796,0.2155248254473275,0.0
DTXSID2044894,796,0.0,0.0
DTXSID2044896,796,0.0,0.0
DTXSID2044898,796,0.0,0.0
DTXSID2044921,796,0.0,0.0
DTXSID2044923,796,0.0,0.0
DTXSID2044925,796,0.0,0.0
DTXSID2044927,796,0.0,0.0
DTXSID2044929,796,0.0,0.0
DTXSID2044971,796,7.419502934831398e-07,0.0
DTXSID2044973,796,0.0,0.0
DTXSID2044975,796,0.0,0.0
DTXSID2044979,796,0.0,0.0
DTXSID2045072,796,1.2759112540439138e-10,0.0
DTXSID2045076,796,0.0,0.0
DTXSID2045078,796,0.0,0.0
DTXSID2045101,796,0.0,0.0
DTXSID2045103,796,0.0,0.0
DTXSID2045105,796,0.0,0.0
DTXSID2045107,796,0.0,0.0
DTXSID2045109,796,0.0,0.0
DTXSID2045151,796,0.0,0.0
DTXSID2045153,796,0.0,0.0
DTXSID2045157,796,0.0,0.0
DTXSID2045232,796,5.5277737789540465e-06,0.0
DTXSID2045236,796,0.0,0.0
DTXSID2045238,796,0.0,0.0
DTXSID2045280,796,0.0,0.0
DTXSID2045315,796,0.0,0.0
DTXSID2045361,796,0.0,0.0
DTXSID2045365,796,0.0,0.0
DTXSID2045367,796,0.0,0.0
DTXSID2045440,796,0.0,0.0
DTXSID2045442,796,0.0,0.0
DTXSID2045444,796,0.0,0.0
DTXSID2045448,796,0.0,0.0
DTXSID2045490,796,,
DTXSID2045492,796,0.0,0.0
DTXSID2045494,796,0.0,0.0
DTXSID2045496,796,0.0,0.0
DTXSID2045498,796,0.0,0.0
DTXSID2045521,796,0.0,0.0
DTXSID2045523,796,0.0,0.0
DTXSID2045527,796,0.0,0.0
DTXSID2045529,796,0.0,0.0
DTXSID2045571,796,0.0,0.0
DTXSID2045573,796,0.0,0.0
DTXSID2045575,796,0.0,0.0
DTXSID2045579,796,0.0,0.0
DTXSID2045600,796,0.0,0.0
DTXSID2045602,796,0.0,0.0
DTXSID2045604,796,,
DTXSID2045606,796,0.0,0.0
DTXSID2045608,796,0.0,0.0
DTXSID2045650,796,0.0,0.0
DTXSID2045652,796,0.0,0.0
DTXSID2045654,796,0.0,0.0
DTXSID2045656,796,0.0,0.0
DTXSID2045658,796,0.0,0.0
DTXSID2045735,796,0.0,0.0
DTXSID2045781,796,0.0,0.0
DTXSID2045783,796,0.0,0.0
DTXSID2045785,796,0.0,0.0
DTXSID2045787,796,0.0,0.0
DTXSID2045789,796,0.0,0.0
DTXSID2045810,796,0.0,0.0
DTXSID2045812,796,0.0,0.0
DTXSID2045814,796,0.0,0.0
DTXSID2045860,796,,
DTXSID2045862,796,0.0,0.0
DTXSID2045864,796,0.0,0.0
DTXSID2045868,796,0.0,0.0
DTXSID2045941,796,0.0,0.0
DTXSID2045943,796,,
DTXSID2045945,796,0.0,0.0
DTXSID2045993,796,0.0,0.0
DTXSID2046042,796,0.0,0.0
DTXSID2046090,796,0.0,0.0
DTXSID2046092,796,0.9129014843768877,1.0
DTXSID2046094,796,0.0,0.0
DTXSID2046096,796,0.0,0.0
DTXSID2046121,796,0.7827510566990068,0.0
DTXSID2046123,796,0.0,0.0
DTXSID2046127,796,0.0,0.0
DTXSID2046171,796,0.0,0.0
DTXSID2046173,796,0.0,0.0
DTXSID2046175,796,0.0,0.0
DTXSID2046177,796,0.0,0.0
DTXSID2046179,796,0.0,0.0
DTXSID2046200,796,0.0,0.0
DTXSID2046202,796,0.0,0.0
DTXSID2046206,796,0.0,0.0
DTXSID2046208,796,0.9706216643160869,1.0
DTXSID2046250,796,0.0,0.0
DTXSID2046252,796,0.0,0.0
DTXSID2046254,796,0.0,0.0
DTXSID2046256,796,0.0,0.0
DTXSID2046258,796,0.0,0.0
DTXSID2046383,796,0.0,0.0
DTXSID2046385,796,0.0,0.0
DTXSID2046389,796,0.0,0.0
DTXSID2046410,796,0.0,0.0
DTXSID2046412,796,0.0,0.0
DTXSID2046414,796,0.0,0.0
DTXSID2046418,796,0.0,0.0
DTXSID2046460,796,0.0,0.0
DTXSID2046462,796,0.0,0.0
DTXSID2046464,796,0.0,0.0
DTXSID2046468,796,0.0,0.0
DTXSID2046541,796,0.0,0.0
DTXSID2046543,796,0.0,0.0
DTXSID2046545,796,0.0,0.0
DTXSID2046549,796,4.223750064232431e-19,0.0
DTXSID2046591,796,,
DTXSID2046593,796,0.0,0.0
DTXSID2046597,796,0.0,0.0
DTXSID2046599,796,1.63767087771651e-15,0.0
DTXSID2046624,796,,
DTXSID2046626,796,0.0,0.0
DTXSID2046628,796,0.0,0.0
DTXSID2046670,796,0.0,0.0
DTXSID2046674,796,0.0,0.0
DTXSID2046678,796,0.0,0.0
DTXSID2046701,796,0.0,0.0
DTXSID2046703,796,0.0,0.0
DTXSID2046705,796,0.0,0.0
DTXSID2046707,796,1.4646745588087102e-17,0.0
DTXSID2046709,796,0.0,0.0
DTXSID2046751,796,0.0,0.0
DTXSID2046755,796,1.1703747516631764e-06,0.0
DTXSID2046757,796,0.0,0.0
DTXSID2046759,796,0.0,0.0
DTXSID2046830,796,0.0,0.0
DTXSID2046832,796,0.0,0.0
DTXSID2046834,796,,
DTXSID2046836,796,0.0,0.0
DTXSID2046880,796,,
DTXSID2046882,796,0.0,0.0
DTXSID2046886,796,0.0,0.0
DTXSID2046888,796,0.0,0.0
DTXSID2046911,796,0.0,0.0
DTXSID2046913,796,0.0,0.0
DTXSID2046915,796,0.0,0.0
DTXSID2046919,796,0.723559703935498,0.0
DTXSID2047060,796,0.0,0.0
DTXSID2047062,796,0.0,0.0
DTXSID2047064,796,0.0,0.0
DTXSID2047066,796,0.0,0.0
DTXSID2047068,796,0.0,0.0
DTXSID2047141,796,0.0,0.0
DTXSID2047145,796,0.0,0.0
DTXSID2047149,796,0.0,0.0
DTXSID2047191,796,0.0,0.0
DTXSID2047193,796,0.0,0.0
DTXSID2047195,796,0.0,0.0
DTXSID2047197,796,0.0,0.0
DTXSID2047199,796,0.0,0.0
DTXSID2047270,796,0.0,0.0
DTXSID2047272,796,0.0,0.0
DTXSID2047274,796,0.0,0.0
DTXSID2047276,796,4.701145399729767e-14,0.0
DTXSID2047278,796,0.0,0.0
DTXSID2047301,796,0.0,0.0
DTXSID2047303,796,0.0,0.0
DTXSID2047305,796,0.0,0.0
DTXSID2047307,796,1.4862763963147515e-06,0.0
DTXSID2047309,796,0.0,0.0
DTXSID2047351,796,0.0,0.0
DTXSID2047353,796,,
DTXSID2047355,796,5.0161940634507586e-14,0.0
DTXSID2047357,796,0.0,0.0
DTXSID2047359,796,0.0,0.0
DTXSID2047434,796,0.0,0.0
DTXSID2047436,796,0.0,0.0
DTXSID2047484,796,0.0,0.0
DTXSID2047486,796,0.0,0.0
DTXSID2047511,796,0.0,0.0
DTXSID2047517,796,0.0,0.0
DTXSID2047519,796,0.0,0.0
DTXSID2047565,796,0.0,0.0
DTXSID2047567,796,0.0,0.0
DTXSID2047569,796,0.8734746679200037,0.0
DTXSID2047642,796,0.0,0.0
DTXSID2047644,796,0.0,0.0
DTXSID2047646,796,0.0,0.0
DTXSID2047648,796,0.0,0.0
DTXSID2047694,796,,
DTXSID2047696,796,0.0,0.0
DTXSID2047721,796,0.0,0.0
DTXSID2047723,796,0.0,0.0
DTXSID2047725,796,0.0,0.0
DTXSID2047773,796,0.0,0.0
DTXSID2047775,796,0.0,0.0
DTXSID2047777,796,0.0,0.0
DTXSID2047779,796,0.0,0.0
DTXSID2047800,796,0.0,0.0
DTXSID2047802,796,0.0,0.0
DTXSID2047804,796,0.0,0.0
DTXSID2047806,796,0.0,0.0
DTXSID2047850,796,0.0,0.0
DTXSID2047852,796,0.0,0.0
DTXSID2047856,796,0.0,0.0
DTXSID2047858,796,0.0,0.0
DTXSID2047931,796,0.0,0.0
DTXSID2047933,796,0.0,0.0
DTXSID2047935,796,0.0,0.0
DTXSID2047937,796,0.0,0.0
DTXSID2047939,796,0.0,0.0
DTXSID2048161,796,0.0,0.0
DTXSID2048167,796,0.0,0.0
DTXSID2048169,796,0.0,0.0
DTXSID2048379,796,0.0,0.0
DTXSID2048581,796,0.0,0.0
DTXSID2048583,796,0.9999999999996596,1.0
DTXSID2048585,796,0.0,0.0
DTXSID2048587,796,0.0,0.0
DTXSID2048589,796,0.0,0.0
DTXSID2048610,796,0.0,0.0
DTXSID2048612,796,0.0,0.0
DTXSID2048614,796,,
DTXSID2048616,796,0.0,0.0
DTXSID2048618,796,0.0,0.0
DTXSID2048660,796,0.0,0.0
DTXSID2048662,796,0.0,0.0
DTXSID2048664,796,6.947634425062966e-15,0.0
DTXSID2048666,796,0.0,0.0
DTXSID2048668,796,0.0,0.0
DTXSID2048741,796,0.0,0.0
DTXSID2048743,796,0.0,0.0
DTXSID2048745,796,0.0,0.0
DTXSID2048747,796,0.0,0.0
DTXSID2048749,796,0.0,0.0
DTXSID2048791,796,0.0,0.0
DTXSID2048793,796,0.0,0.0
DTXSID2048795,796,3.417766654767956e-12,0.0
DTXSID2048797,796,0.0,0.0
DTXSID2048799,796,0.0,0.0
DTXSID2048820,796,0.0,0.0
DTXSID2048822,796,0.0,0.0
DTXSID2048824,796,0.0,0.0
DTXSID2048826,796,0.0,0.0
DTXSID2048828,796,0.0,0.0
DTXSID2048870,796,0.0,0.0
DTXSID2048872,796,0.0,0.0
DTXSID2048874,796,0.0,0.0
DTXSID2048876,796,0.0,0.0
DTXSID2048878,796,0.0,0.0
DTXSID2048901,796,0.0,0.0
DTXSID2048903,796,1.2549999735911701e-13,0.0
DTXSID2048905,796,0.0,0.0
DTXSID2048907,796,0.0,0.0
DTXSID2048909,796,0.0,0.0
DTXSID2048953,796,3.985479391870073e-18,0.0
DTXSID2048955,796,0.0,0.0
DTXSID2048957,796,1.0519496298182173e-06,0.0
DTXSID2048959,796,0.0,0.0
DTXSID2049000,796,0.0,0.0
DTXSID2049002,796,0.0,0.0
DTXSID2049004,796,0.0,0.0
DTXSID2049006,796,0.0,0.0
DTXSID2049008,796,0.0,0.0
DTXSID2049050,796,0.0,0.0
DTXSID2049052,796,0.0,0.0
DTXSID2049054,796,0.0,0.0
DTXSID2049056,796,0.0,0.0
DTXSID2049058,796,0.0,0.0
DTXSID2049135,796,1.0,1.0
DTXSID2049210,796,0.0,0.0
DTXSID2049212,796,0.0,0.0
DTXSID2049214,796,0.0,0.0
DTXSID2049216,796,0.0,0.0
DTXSID2049218,796,0.0,0.0
DTXSID2049260,796,1.0,1.0
DTXSID2049262,796,0.0,0.0
DTXSID2049264,796,0.0,0.0
DTXSID2049266,796,0.0,0.0
DTXSID2049268,796,3.18241127237253e-14,0.0
DTXSID2049341,796,0.0,0.0
DTXSID2049343,796,0.0,0.0
DTXSID2049345,796,0.0,0.0
DTXSID2049347,796,0.0,0.0
DTXSID2049349,796,0.0,0.0
DTXSID2049391,796,,
DTXSID2049393,796,0.0,0.0
DTXSID2049395,796,0.0,0.0
DTXSID2049397,796,0.0,0.0
DTXSID2049399,796,0.0,0.0
DTXSID2049420,796,0.0,0.0
DTXSID2049422,796,0.0,0.0
DTXSID2049424,796,0.0,0.0
DTXSID2049426,796,0.0,0.0
DTXSID2049428,796,0.0,0.0
DTXSID2049470,796,0.0,0.0
DTXSID2049472,796,0.0,0.0
DTXSID2049474,796,0.0,0.0
DTXSID2049476,796,0.0,0.0
DTXSID2049478,796,0.0,0.0
DTXSID2049501,796,0.0,0.0
DTXSID2049503,796,0.0,0.0
DTXSID2049505,796,0.0,0.0
DTXSID2049507,796,0.0,0.0
DTXSID2049509,796,0.0,0.0
DTXSID2049551,796,2.045139946481361e-12,0.0
DTXSID2049553,796,7.179744699435104e-15,0.0
DTXSID2049555,796,0.0,0.0
DTXSID2049557,796,0.0,0.0
DTXSID2049559,796,1.0675253844036954e-13,0.0
DTXSID20930274,796,0.0,0.0
DTXSID3020043,796,0.0,0.0
DTXSID3020047,796,0.0,0.0
DTXSID3020091,796,0.0,0.0
DTXSID3020093,796,0.0,0.0
DTXSID3020095,796,0.0,0.0
DTXSID3020097,796,0.0,0.0
DTXSID3020099,796,,
DTXSID3020120,796,0.0,0.0
DTXSID3020122,796,0.0,0.0
DTXSID3020128,796,0.0,0.0
DTXSID3020205,796,3.246220602798913e-05,0.0
DTXSID3020207,796,0.0,0.0
DTXSID3020209,796,0.9999999999630371,1.0
DTXSID3020253,796,0.0,0.0
DTXSID3020257,796,0.0,0.0
DTXSID3020330,796,0.9269960324043861,1.0
DTXSID3020332,796,0.0,0.0
DTXSID3020336,796,0.0,0.0
DTXSID3020380,796,0.0,0.0
DTXSID3020384,796,0.0,0.0
DTXSID3020413,796,0.0,0.0
DTXSID3020415,796,0.0,0.0
DTXSID3020419,796,0.0,0.0
DTXSID3020463,796,0.0,0.0
DTXSID3020465,796,0.989397530492958,1.0
DTXSID3020469,796,0.0,0.0
DTXSID3020540,796,0.0,0.0
DTXSID3020546,796,0.0,0.0
DTXSID3020548,796,0.0,0.0
DTXSID3020596,796,0.0,0.0
DTXSID3020598,796,0.0,0.0
DTXSID3020621,796,5.919070269512417e-06,0.0
DTXSID3020625,796,0.0,0.0
DTXSID3020627,796,0.0,0.0
DTXSID3020629,796,3.0568050593049453e-05,0.0
DTXSID3020671,796,2.7299667355112867e-19,0.0
DTXSID3020673,796,0.0,0.0
DTXSID3020679,796,0.0,0.0
DTXSID3020700,796,0.0,0.0
DTXSID3020704,796,,
DTXSID3020706,796,,
DTXSID3020708,796,0.0,0.0
DTXSID3020750,796,0.0,0.0
DTXSID3020752,796,0.0,0.0
DTXSID3020756,796,0.0,0.0
DTXSID3020833,796,0.0,0.0
DTXSID3020835,796,0.0,0.0
DTXSID3020887,796,3.16450669383173e-08,0.0
DTXSID3020889,796,4.959797239753791e-19,0.0
DTXSID3020910,796,0.0,0.0
DTXSID3020912,796,0.0,0.0
DTXSID3020914,796,0.0,0.0
DTXSID3020916,796,0.0,0.0
DTXSID3020918,796,4.8273439850569274e-17,0.0
DTXSID3020960,796,,
DTXSID3020962,796,0.0,0.0
DTXSID3020964,796,0.0,0.0
DTXSID3020966,796,0.0,0.0
DTXSID3021065,796,0.0,0.0
DTXSID3021069,796,0.0,0.0
DTXSID3021140,796,0.9999999989858276,1.0
DTXSID3021142,796,0.0,0.0
DTXSID3021144,796,0.0,0.0
DTXSID3021148,796,0.0,0.0
DTXSID3021190,796,0.0,0.0
DTXSID3021192,796,0.0,0.0
DTXSID3021196,796,0.0,0.0
DTXSID3021198,796,0.0,0.0
DTXSID3021221,796,0.0,0.0
DTXSID3021223,796,0.0,0.0
DTXSID3021275,796,0.0,0.0
DTXSID3021277,796,0.0,0.0
DTXSID3021304,796,2.070193689716888e-18,0.0
DTXSID3021354,796,0.0,0.0
DTXSID3021356,796,0.0,0.0
DTXSID3021358,796,0.0,0.0
DTXSID3021431,796,0.0,0.0
DTXSID3021437,796,0.0,0.0
DTXSID3021483,796,3.3067201969045013e-16,0.0
DTXSID3021485,796,0.0,0.0
DTXSID3021487,796,0.0,0.0
DTXSID3021516,796,0.0,0.0
DTXSID3021518,796,0.0,0.0
DTXSID3021562,796,0.0,0.0
DTXSID3021641,796,0.0,0.0
DTXSID3021643,796,0.0,0.0
DTXSID3021645,796,0.0,0.0
DTXSID3021647,796,0.0,0.0
DTXSID3021726,796,0.0,0.0
DTXSID3021770,796,1.0,1.0
DTXSID3021772,796,0.0,0.0
DTXSID3021774,796,0.0,0.0
DTXSID3021778,796,0.0,0.0
DTXSID3021801,796,0.0,0.0
DTXSID3021803,796,0.0,0.0
DTXSID3021805,796,0.00014611708624321293,0.0
DTXSID3021807,796,0.0,0.0
DTXSID3021851,796,0.0,0.0
DTXSID3021853,796,0.0,0.0
DTXSID3021930,796,0.0,0.0
DTXSID3021932,796,0.0,0.0
DTXSID3021936,796,0.0,0.0
DTXSID3021938,796,0.0,0.0
DTXSID3021980,796,0.0,0.0
DTXSID3021982,796,0.0,0.0
DTXSID3021984,796,,
DTXSID3021986,796,0.0,0.0
DTXSID3021988,796,0.0,0.0
DTXSID3022035,796,0.0,0.0
DTXSID3022089,796,0.0,0.0
DTXSID3022160,796,,
DTXSID3022162,796,0.9990827817070017,1.0
DTXSID3022164,796,0.0,0.0
DTXSID3022247,796,0.0,0.0
DTXSID3022320,796,1.6643573008379702e-07,0.0
DTXSID3022326,796,0.0,0.0
DTXSID3022370,796,0.9999317221870305,1.0
DTXSID3022401,796,0.0,0.0
DTXSID3022403,796,0.0,0.0
DTXSID3022405,796,0.0,0.0
DTXSID3022409,796,0.9997099120217822,1.0
DTXSID3022455,796,0.0,0.0
DTXSID3022536,796,1.0,1.0
DTXSID3022582,796,0.0,0.0
DTXSID3022584,796,0.0,0.0
DTXSID3022586,796,0.0,0.0
DTXSID3022588,796,0.0,0.0
DTXSID3022611,796,3.4362034756169044e-16,0.0
DTXSID3022617,796,0.0,0.0
DTXSID3022663,796,,
DTXSID3022667,796,9.062318516734257e-09,0.0
DTXSID3022742,796,0.9999999999945003,1.0
DTXSID3022748,796,0.0,0.0
DTXSID3022796,796,0.0,0.0
DTXSID3022798,796,0.0,0.0
DTXSID3022821,796,0.0,0.0
DTXSID3022825,796,0.0,0.0
DTXSID3022829,796,0.0,0.0
DTXSID3022871,796,3.0095930110083565e-17,0.0
DTXSID3022873,796,0.0,0.0
DTXSID3022875,796,0.0,0.0
DTXSID3022877,796,0.0,0.0
DTXSID3022902,796,0.0,0.0
DTXSID3022904,796,0.0,0.0
DTXSID3022906,796,0.0,0.0
DTXSID3022950,796,0.0,0.0
DTXSID3022956,796,0.0,0.0
DTXSID3022958,796,0.0,0.0
DTXSID3023001,796,0.0,0.0
DTXSID3023005,796,0.0,0.0
DTXSID3023007,796,6.720186222616988e-20,0.0
DTXSID3023051,796,0.9999999971435223,1.0
DTXSID3023057,796,0.0,0.0
DTXSID3023059,796,0.0,0.0
DTXSID3023132,796,0.0,0.0
DTXSID3023180,796,0.0,0.0
DTXSID3023188,796,0.0,0.0
DTXSID3023219,796,0.0,0.0
DTXSID3023261,796,0.0,0.0
DTXSID3023265,796,0.0,0.0
DTXSID3023269,796,0.0,0.0
DTXSID3023340,796,0.0,0.0
DTXSID3023342,796,0.0,0.0
DTXSID3023398,796,0.0,0.0
DTXSID3023425,796,,
DTXSID3023427,796,0.0,0.0
DTXSID3023471,796,0.0,0.0
DTXSID3023479,796,0.0,0.0
DTXSID3023502,796,0.0,0.0
DTXSID3023508,796,0.0,0.0
DTXSID3023550,796,0.9923273241342824,1.0
DTXSID3023552,796,0.0,0.0
DTXSID3023554,796,0.0,0.0
DTXSID3023556,796,2.1451817659374646e-17,0.0
DTXSID3023681,796,0.0,0.0
DTXSID3023685,796,0.0,0.0
DTXSID3023687,796,0.0,0.0
DTXSID3023712,796,0.0,0.0
DTXSID3023716,796,0.0,0.0
DTXSID3023718,796,0.0,0.0
DTXSID3023764,796,0.929454710803043,1.0
DTXSID3023845,796,0.0,0.0
DTXSID3023897,796,0.0,0.0
DTXSID3023899,796,,
DTXSID3023974,796,0.0,0.0
DTXSID3024077,796,0.0,0.0
DTXSID3024100,796,0.0,0.0
DTXSID3024102,796,0.0,0.0
DTXSID3024104,796,0.9998638176922687,1.0
DTXSID3024108,796,0.0,0.0
DTXSID3024152,796,0.0,0.0
DTXSID3024154,796,0.0,0.0
DTXSID3024235,796,0.0,0.0
DTXSID3024239,796,0.007453880766456976,0.0
DTXSID3024287,796,0.0,0.0
DTXSID3024289,796,0.999990739339618,1.0
DTXSID3024316,796,0.9891601213266173,1.0
DTXSID3024318,796,0.9906877817100047,1.0
DTXSID3024362,796,0.0,0.0
DTXSID3024364,796,2.3309268868818816e-11,0.0
DTXSID3024366,796,0.0,0.0
DTXSID3024368,796,0.0,0.0
DTXSID3024441,796,0.0,0.0
DTXSID3024447,796,0.0,0.0
DTXSID3024449,796,0.0,0.0
DTXSID3024491,796,0.0,0.0
DTXSID3024497,796,0.0,0.0
DTXSID3024499,796,0.0,0.0
DTXSID3024522,796,0.0,0.0
DTXSID3024528,796,0.0,0.0
DTXSID3024574,796,0.0,0.0
DTXSID3024603,796,0.0,0.0
DTXSID3024657,796,0.0,0.0
DTXSID3024659,796,0.0,0.0
DTXSID3024736,796,0.0,0.0
DTXSID3024738,796,0.0,0.0
DTXSID3024786,796,0.0,0.0
DTXSID3024815,796,0.0,0.0
DTXSID3024861,796,1.0,1.0
DTXSID3024869,796,0.0,0.0
DTXSID3024940,796,3.957690517594127e-11,0.0
DTXSID3024942,796,0.0,0.0
DTXSID3024944,796,0.0,0.0
DTXSID3024994,796,0.0,0.0
DTXSID3024998,796,0.0,0.0
DTXSID3025041,796,0.0,0.0
DTXSID3025045,796,0.0,0.0
DTXSID3025047,796,0.0,0.0
DTXSID3025049,796,0.0,0.0
DTXSID3025091,796,0.0,0.0
DTXSID3025093,796,0.6921217829464729,0.0
DTXSID3025122,796,0.0,0.0
DTXSID3025178,796,0.0,0.0
DTXSID3025203,796,0.0,0.0
DTXSID3025209,796,,
DTXSID3025253,796,0.00634811688145861,0.0
DTXSID3025257,796,5.766689035155256e-06,0.0
DTXSID3025330,796,0.0,0.0
DTXSID3025332,796,0.0,0.0
DTXSID3025338,796,0.0,0.0
DTXSID3025461,796,0.0,0.0
DTXSID3025465,796,0.9991522775291866,1.0
DTXSID3025469,796,0.0,0.0
DTXSID3025540,796,0.45780290505631904,0.0
DTXSID3025542,796,0.0,0.0
DTXSID3025548,796,0.0,0.0
DTXSID3025590,796,1.0417801959488559e-11,0.0
DTXSID3025629,796,0.0,0.0
DTXSID3025671,796,0.0,0.0
DTXSID3025706,796,0.0,0.0
DTXSID3025758,796,0.0,0.0
DTXSID3025839,796,0.0,0.0
DTXSID3025881,796,0.0,0.0
DTXSID3025889,796,0.0,0.0
DTXSID3026065,796,0.0,0.0
DTXSID3026067,796,0.0,0.0
DTXSID3026148,796,0.0,0.0
DTXSID3026190,796,0.0,0.0
DTXSID3026223,796,0.0,0.0
DTXSID3026275,796,0.0,0.0
DTXSID3026279,796,0.0,0.0
DTXSID3026302,796,0.0,0.0
DTXSID3026304,796,0.0,0.0
DTXSID3026306,796,0.0,0.0
DTXSID3026308,796,0.0,0.0
DTXSID3026512,796,0.0,0.0
DTXSID3026514,796,0.0,0.0
DTXSID3026516,796,0.0,0.0
DTXSID3026560,796,0.00012278689408484547,0.0
DTXSID3026562,796,0.0,0.0
DTXSID3026564,796,0.0,0.0
DTXSID3026566,796,0.0,0.0
DTXSID3026641,796,0.0,0.0
DTXSID3026645,796,0.0,0.0
DTXSID3026647,796,0.0,0.0
DTXSID3026691,796,0.0,0.0
DTXSID3026697,796,0.0,0.0
DTXSID3026724,796,0.0,0.0
DTXSID3026726,796,0.0,0.0
DTXSID3026728,796,0.0,0.0
DTXSID3026851,796,0.0,0.0
DTXSID3026932,796,0.0,0.0
DTXSID3026984,796,0.0,0.0
DTXSID3027037,796,0.0,0.0
DTXSID3027039,796,0.0,0.0
DTXSID3027085,796,0.0,0.0
DTXSID3027116,796,0.0,0.0
DTXSID3027241,796,0.0,0.0
DTXSID3027247,796,0.0,0.0
DTXSID3027249,796,0.0,0.0
DTXSID3027291,796,0.0,0.0
DTXSID3027293,796,0.0,0.0
DTXSID3027295,796,0.0,0.0
DTXSID3027297,796,0.0,0.0
DTXSID3027320,796,0.0,0.0
DTXSID3027322,796,0.0,0.0
DTXSID3027328,796,0.0,0.0
DTXSID3027370,796,0.0,0.0
DTXSID3027401,796,0.0,0.0
DTXSID3027403,796,0.0,0.0
DTXSID3027405,796,0.0,0.0
DTXSID3027407,796,0.0,0.0
DTXSID3027530,796,0.0,0.0
DTXSID3027534,796,0.0,0.0
DTXSID3027536,796,0.0,0.0
DTXSID3027580,796,0.0,0.0
DTXSID3027584,796,1.641469001039637e-12,0.0
DTXSID3027586,796,0.0,0.0
DTXSID3027588,796,0.0,0.0
DTXSID3027615,796,0.0,0.0
DTXSID3027617,796,0.0,0.0
DTXSID3027740,796,0.0,0.0
DTXSID3027790,796,0.0,0.0
DTXSID3027792,796,0.0,0.0
DTXSID3027798,796,0.0,0.0
DTXSID3027823,796,0.0,0.0
DTXSID3027829,796,0.0,0.0
DTXSID3027875,796,2.596093202382237e-10,0.0
DTXSID3027877,796,0.0,0.0
DTXSID3027902,796,0.0,0.0
DTXSID3027950,796,0.0,0.0
DTXSID3028001,796,2.192958960667509e-19,0.0
DTXSID3028005,796,3.2462832269593823e-09,0.0
DTXSID3029108,796,0.0,0.0
DTXSID3029150,796,0.0,0.0
DTXSID3029152,796,0.0,0.0
DTXSID3029154,796,0.0,0.0
DTXSID3029158,796,0.0,0.0
DTXSID3029231,796,0.0,0.0
DTXSID3029233,796,0.0,0.0
DTXSID3029235,796,0.0,0.0
DTXSID3029237,796,1.1596189432195462e-10,0.0
DTXSID3029281,796,0.0,0.0
DTXSID3029283,796,0.0,0.0
DTXSID3029287,796,0.0,0.0
DTXSID3029289,796,0.0,0.0
DTXSID3029310,796,0.0,0.0
DTXSID3029312,796,0.0,0.0
DTXSID3029362,796,1.475598159745616e-06,0.0
DTXSID3029364,796,0.0009227608207675513,0.0
DTXSID3029572,796,0.9931843771613826,1.0
DTXSID3029607,796,0.0,0.0
DTXSID3029651,796,0.0,0.0
DTXSID3029653,796,0.0,0.0
DTXSID3029655,796,0.0,0.0
DTXSID3029815,796,,
DTXSID3029869,796,0.0,0.0
DTXSID3030056,796,0.0,0.0
DTXSID3030189,796,0.0,0.0
DTXSID3030428,796,0.0,0.0
DTXSID3030636,796,0.999696334831871,1.0
DTXSID3031444,796,0.0,0.0
DTXSID3031492,796,0.0,0.0
DTXSID3031521,796,0.0,0.0
DTXSID3031860,796,0.0,0.0
DTXSID3031862,796,0.0,0.0
DTXSID3031864,796,0.9999999742354249,1.0
DTXSID3032129,796,0.0,0.0
DTXSID3032337,796,,
DTXSID3032389,796,0.0,0.0
DTXSID3032412,796,0.0,0.0
DTXSID3032416,796,0.9999994208087061,1.0
DTXSID3032464,796,0.9999999999999997,1.0
DTXSID3032547,796,0.0,0.0
DTXSID3032549,796,0.0,0.0
DTXSID3032591,796,0.0,0.0
DTXSID3032620,796,0.9998983747119556,1.0
DTXSID3032622,796,0.0,0.0
DTXSID3032624,796,0.0,0.0
DTXSID3032628,796,0.0,0.0
DTXSID3032751,796,,
DTXSID3032759,796,0.0,0.0
DTXSID3032832,796,0.0,0.0
DTXSID3033276,796,0.0,0.0
DTXSID3033307,796,,
DTXSID3033511,796,0.0,0.0
DTXSID3033519,796,0.0,0.0
DTXSID3033983,796,0.0,0.0
DTXSID3033989,796,0.0,0.0
DTXSID3034113,796,3.2368511187418536e-08,0.0
DTXSID3034165,796,0.0,0.0
DTXSID3034402,796,0.0,0.0
DTXSID3034456,796,0.0,0.0
DTXSID3034531,796,0.0,0.0
DTXSID3034583,796,0.9999997893199812,1.0
DTXSID3034612,796,0.0,0.0
DTXSID3034614,796,0.0,0.0
DTXSID3034618,796,0.0,0.0
DTXSID3034662,796,0.0,0.0
DTXSID3034664,796,0.0,0.0
DTXSID3034872,796,0.0,0.0
DTXSID3034903,796,0.0,0.0
DTXSID3034957,796,0.0,0.0
DTXSID3035214,796,0.0,0.0
DTXSID3035266,796,0.0,0.0
DTXSID3035341,796,0.0,0.0
DTXSID3036105,796,0.0,0.0
DTXSID3036286,796,0.0,0.0
DTXSID3036288,796,0.0,0.0
DTXSID3036496,796,3.117707143037871e-08,0.0
DTXSID3036999,796,0.0,0.0
DTXSID3037044,796,0.0,0.0
DTXSID3037094,796,0.0,0.0
DTXSID3037208,796,0.9994622024934292,1.0
DTXSID3037250,796,0.0,0.0
DTXSID3037541,796,0.9403866670190887,1.0
DTXSID3037545,796,0.0,0.0
DTXSID3037626,796,0.0,0.0
DTXSID3037672,796,0.0,0.0
DTXSID3037707,796,0.0,0.0
DTXSID3037709,796,0.9985773373305483,1.0
DTXSID3037757,796,0.0,0.0
DTXSID3038694,796,6.526728493402964e-19,0.0
DTXSID3038696,796,0.0,0.0
DTXSID3038725,796,0.0,0.0
DTXSID3038800,796,0.0,0.0
DTXSID3038808,796,0.0,0.0
DTXSID3038852,796,0.0,0.0
DTXSID3038939,796,0.9998607939819922,1.0
DTXSID3039240,796,0.0,0.0
DTXSID3039242,796,0.0,0.0
DTXSID3040271,796,0.0,0.0
DTXSID3040279,796,0.9989829438486687,1.0
DTXSID3040352,796,,
DTXSID3040643,796,0.0,0.0
DTXSID3040647,796,0.0,0.0
DTXSID3040691,796,0.0,0.0
DTXSID3040693,796,0.0,0.0
DTXSID3040697,796,0.0,0.0
DTXSID3040699,796,0.0,0.0
DTXSID3040720,796,0.0,0.0
DTXSID3040722,796,1.0109141088692523e-17,0.0
DTXSID3040724,796,0.0,0.0
DTXSID3040726,796,0.0,0.0
DTXSID3040728,796,0.0,0.0
DTXSID3040770,796,1.1110126855441344e-14,0.0
DTXSID3040774,796,0.0,0.0
DTXSID3040776,796,0.0,0.0
DTXSID3040980,796,0.0,0.0
DTXSID3041085,796,0.0,0.0
DTXSID3041247,796,0.0,0.0
DTXSID3041293,796,0.0,0.0
DTXSID3041299,796,0.0,0.0
DTXSID3041328,796,0.00020838913736659074,0.0
DTXSID3041370,796,0.0,0.0
DTXSID3041372,796,0.0,0.0
DTXSID3041376,796,0.0,0.0
DTXSID3041403,796,0.0,0.0
DTXSID3041405,796,0.0,0.0
DTXSID3041409,796,2.026510614917027e-12,0.0
DTXSID3041451,796,0.0,0.0
DTXSID3041530,796,0.9989159349711307,1.0
DTXSID3041580,796,0.0,0.0
DTXSID3041611,796,2.1839424509855275e-14,0.0
DTXSID3041613,796,0.0,0.0
DTXSID3041615,796,0.0,0.0
DTXSID3041617,796,0.9815382330350602,1.0
DTXSID3041619,796,0.0,0.0
DTXSID3041661,796,0.0,0.0
DTXSID3041663,796,0.0,0.0
DTXSID3041665,796,,
DTXSID3041790,796,0.0,0.0
DTXSID3041794,796,0.0,0.0
DTXSID3041827,796,0.9841990043667386,1.0
DTXSID3041873,796,0.0,0.0
DTXSID3041877,796,0.0,0.0
DTXSID3041954,796,0.0,0.0
DTXSID3042007,796,0.0,0.0
DTXSID3042051,796,0.0,0.0
DTXSID3042053,796,4.166890612536291e-10,0.0
DTXSID3042059,796,0.0,0.0
DTXSID3042130,796,0.0,0.0
DTXSID3042180,796,0.9637432513852755,1.0
DTXSID3042188,796,1.4982705651652082e-16,0.0
DTXSID3042215,796,0.0,0.0
DTXSID3042219,796,0.0,0.0
DTXSID3042261,796,7.920300329879806e-06,0.0
DTXSID3042263,796,0.0,0.0
DTXSID3042269,796,0.0,0.0
DTXSID3042390,796,0.0,0.0
DTXSID3042394,796,0.0,0.0
DTXSID3042423,796,0.0,0.0
DTXSID3042477,796,0.9957727406125964,1.0
DTXSID3042500,796,0.9999004514454447,1.0
DTXSID3042508,796,0.0,0.0
DTXSID3042631,796,0.0,0.0
DTXSID3042633,796,,
DTXSID3042681,796,0.0,0.0
DTXSID3043734,796,0.0,0.0
DTXSID3043782,796,0.0,0.0
DTXSID3044124,796,0.0,0.0
DTXSID3044201,796,0.0,0.0
DTXSID3044203,796,0.0,0.0
DTXSID3044205,796,0.0,0.0
DTXSID3044251,796,0.0,0.0
DTXSID3044332,796,0.0,0.0
DTXSID3044334,796,0.0,0.0
DTXSID3044380,796,0.0,0.0
DTXSID3044382,796,0.0,0.0
DTXSID3044384,796,0.0,0.0
DTXSID3044388,796,0.0,0.0
DTXSID3044411,796,6.609419979153132e-16,0.0
DTXSID3044413,796,0.0,0.0
DTXSID3044463,796,0.0,0.0
DTXSID3044465,796,2.698627019870758e-11,0.0
DTXSID3044469,796,0.0,0.0
DTXSID3044542,796,0.0,0.0
DTXSID3044544,796,0.0,0.0
DTXSID3044590,796,1.0,1.0
DTXSID3044598,796,0.0,0.0
DTXSID3044621,796,0.0,0.0
DTXSID3044623,796,0.0,0.0
DTXSID3044625,796,0.0,0.0
DTXSID3044627,796,0.0,0.0
DTXSID3044629,796,0.0,0.0
DTXSID3044679,796,0.0,0.0
DTXSID3044702,796,0.0,0.0
DTXSID3044704,796,0.0,0.0
DTXSID3044706,796,0.0,0.0
DTXSID3044750,796,0.0,0.0
DTXSID3044752,796,0.0,0.0
DTXSID3044754,796,0.0,0.0
DTXSID3044756,796,0.0,0.0
DTXSID3044758,796,0.0,0.0
DTXSID3044831,796,0.0,0.0
DTXSID3044833,796,0.0,0.0
DTXSID3044835,796,3.79624479615939e-05,0.0
DTXSID3044837,796,0.0,0.0
DTXSID3044839,796,0.0,0.0
DTXSID3044881,796,0.0,0.0
DTXSID3044883,796,0.0,0.0
DTXSID3044887,796,0.0,0.0
DTXSID3044910,796,0.0,0.0
DTXSID3044914,796,0.0,0.0
DTXSID3044916,796,0.0,0.0
DTXSID3044918,796,0.9999999934434562,1.0
DTXSID3044960,796,0.5188245332071079,0.0
DTXSID3044962,796,0.0,0.0
DTXSID3044966,796,0.0,0.0
DTXSID3045140,796,0.0,0.0
DTXSID3045144,796,0.0,0.0
DTXSID3045190,796,0.0,0.0
DTXSID3045192,796,8.186506197567107e-11,0.0
DTXSID3045194,796,0.0,0.0
DTXSID3045196,796,0.0,0.0
DTXSID3045198,796,0.0,0.0
DTXSID3045221,796,0.0,0.0
DTXSID3045223,796,0.0,0.0
DTXSID3045225,796,1.6934806563485663e-18,0.0
DTXSID3045227,796,0.0,0.0
DTXSID3045229,796,0.0,0.0
DTXSID3045271,796,0.0,0.0
DTXSID3045300,796,0.0,0.0
DTXSID3045304,796,0.0,0.0
DTXSID3045306,796,0.0,0.0
DTXSID3045350,796,0.0,0.0
DTXSID3045352,796,0.0,0.0
DTXSID3045354,796,0.0,0.0
DTXSID3045356,796,0.0,0.0
DTXSID3045433,796,0.0,0.0
DTXSID3045435,796,0.0,0.0
DTXSID3045437,796,0.0,0.0
DTXSID3045439,796,0.0,0.0
DTXSID3045485,796,0.0,0.0
DTXSID3045514,796,0.0,0.0
DTXSID3045560,796,0.0,0.0
DTXSID3045562,796,0.0,0.0
DTXSID3045566,796,0.0,0.0
DTXSID3045568,796,0.0,0.0
DTXSID3045645,796,0.0,0.0
DTXSID3045647,796,0.0,0.0
DTXSID3045649,796,0.0,0.0
DTXSID3045691,796,1.9043642259142674e-15,0.0
DTXSID3045693,796,0.9996827325369513,1.0
DTXSID3045695,796,7.397957850492372e-18,0.0
DTXSID3045697,796,0.0,0.0
DTXSID3045699,796,0.0,0.0
DTXSID3045770,796,0.0,0.0
DTXSID3045772,796,0.0,0.0
DTXSID3045774,796,0.0,0.0
DTXSID3045776,796,0.0,0.0
DTXSID3045778,796,0.0,0.0
DTXSID3045803,796,0.0,0.0
DTXSID3045805,796,0.0,0.0
DTXSID3045807,796,0.0,0.0
DTXSID3045809,796,0.0,0.0
DTXSID3045851,796,0.9999869354688228,1.0
DTXSID3045855,796,0.0,0.0
DTXSID3045857,796,0.0,0.0
DTXSID3045859,796,0.0,0.0
DTXSID3045930,796,0.0,0.0
DTXSID3045934,796,0.0,0.0
DTXSID3045938,796,0.0,0.0
DTXSID3045980,796,0.0,0.0
DTXSID3045984,796,0.0,0.0
DTXSID3045988,796,0.0,0.0
DTXSID3046081,796,0.0,0.0
DTXSID3046083,796,0.0,0.0
DTXSID3046085,796,0.0,0.0
DTXSID3046110,796,0.0,0.0
DTXSID3046112,796,0.0,0.0
DTXSID3046114,796,0.0,0.0
DTXSID3046116,796,0.0,0.0
DTXSID3046118,796,0.0,0.0
DTXSID3046160,796,0.0,0.0
DTXSID3046162,796,0.0,0.0
DTXSID3046164,796,0.0,0.0
DTXSID3046166,796,0.0,0.0
DTXSID3046168,796,0.0,0.0
DTXSID3046241,796,0.0,0.0
DTXSID3046243,796,0.0,0.0
DTXSID3046245,796,0.0,0.0
DTXSID3046247,796,0.0,0.0
DTXSID3046249,796,0.0,0.0
DTXSID3046291,796,0.0,0.0
DTXSID3046295,796,0.0,0.0
DTXSID3046297,796,0.0,0.0
DTXSID3046299,796,0.0,0.0
DTXSID3046320,796,0.0,0.0
DTXSID3046322,796,0.9999999999999084,1.0
DTXSID3046324,796,0.0,0.0
DTXSID3046326,796,0.0,0.0
DTXSID3046401,796,0.0,0.0
DTXSID3046403,796,0.0,0.0
DTXSID3046405,796,0.0,0.0
DTXSID3046407,796,,
DTXSID3046409,796,0.0,0.0
DTXSID3046451,796,0.0,0.0
DTXSID3046453,796,0.0,0.0
DTXSID3046455,796,9.211944687195342e-18,0.0
DTXSID3046457,796,0.0,0.0
DTXSID3046459,796,0.0,0.0
DTXSID3046530,796,0.0,0.0
DTXSID3046532,796,0.0,0.0
DTXSID3046534,796,0.0,0.0
DTXSID3046536,796,0.0,0.0
DTXSID3046538,796,0.0,0.0
DTXSID3046580,796,0.9920354937661278,1.0
DTXSID3046584,796,0.0,0.0
DTXSID3046586,796,0.0,0.0
DTXSID3046588,796,0.0,0.0
DTXSID3046613,796,0.0,0.0
DTXSID3046615,796,0.0,0.0
DTXSID3046617,796,0.0,0.0
DTXSID3046619,796,,
DTXSID3046663,796,,
DTXSID3046665,796,,
DTXSID3046740,796,0.13671338218593262,0.0
DTXSID3046742,796,0.0,0.0
DTXSID3046744,796,0.0,0.0
DTXSID3046748,796,0.0,0.0
DTXSID3046790,796,0.0,0.0
DTXSID3046792,796,,
DTXSID3046796,796,0.0,0.0
DTXSID3046798,796,0.0,0.0
DTXSID3046821,796,0.0,0.0
DTXSID3046823,796,0.0,0.0
DTXSID3046825,796,0.0,0.0
DTXSID3046827,796,0.0,0.0
DTXSID3046829,796,0.0,0.0
DTXSID3046871,796,0.0,0.0
DTXSID3046875,796,0.0,0.0
DTXSID3046879,796,0.0,0.0
DTXSID3046902,796,0.0,0.0
DTXSID3046904,796,0.0,0.0
DTXSID3046906,796,0.0,0.0
DTXSID3046908,796,3.1983490643437245e-11,0.0
DTXSID3047001,796,0.0,0.0
DTXSID3047003,796,0.0,0.0
DTXSID3047051,796,0.0,0.0
DTXSID3047053,796,0.0,0.0
DTXSID3047055,796,0.0,0.0
DTXSID3047057,796,0.0,0.0
DTXSID3047059,796,2.6720863209746487e-17,0.0
DTXSID3047130,796,0.0,0.0
DTXSID3047132,796,0.0,0.0
DTXSID3047134,796,0.0,0.0
DTXSID3047136,796,0.0,0.0
DTXSID3047138,796,0.0,0.0
DTXSID3047180,796,0.0,0.0
DTXSID3047182,796,0.0,0.0
DTXSID3047184,796,0.0,0.0
DTXSID3047186,796,0.0,0.0
DTXSID3047188,796,0.0,0.0
DTXSID3047261,796,0.20654210464579428,0.0
DTXSID3047263,796,0.0,0.0
DTXSID3047265,796,0.0,0.0
DTXSID3047267,796,0.0,0.0
DTXSID3047342,796,,
DTXSID3047344,796,0.0,0.0
DTXSID3047346,796,0.0,0.0
DTXSID3047348,796,0.0,0.0
DTXSID3047394,796,0.0,0.0
DTXSID3047423,796,0.0,0.0
DTXSID3047425,796,0.0,0.0
DTXSID3047427,796,0.0,0.0
DTXSID3047429,796,0.0,0.0
DTXSID3047473,796,0.0,0.0
DTXSID3047477,796,0.0,0.0
DTXSID3047504,796,0.0,0.0
DTXSID3047508,796,0.0,0.0
DTXSID3047552,796,0.0,0.0
DTXSID3047554,796,0.0,0.0
DTXSID3047556,796,0.0,0.0
DTXSID3047558,796,0.0,0.0
DTXSID3047631,796,0.0,0.0
DTXSID3047633,796,0.0,0.0
DTXSID3047637,796,0.0,0.0
DTXSID3047639,796,0.0,0.0
DTXSID3047681,796,0.0,0.0
DTXSID3047683,796,0.0,0.0
DTXSID3047687,796,0.0,0.0
DTXSID3047712,796,0.0,0.0
DTXSID3047716,796,0.0,0.0
DTXSID3047843,796,0.01325458623459609,0.0
DTXSID3047845,796,0.0,0.0
DTXSID3047847,796,0.0,0.0
DTXSID3047849,796,0.0,0.0
DTXSID3047891,796,0.9999999999999983,1.0
DTXSID3047893,796,0.0,0.0
DTXSID3047895,796,0.0,0.0
DTXSID3047897,796,0.0,0.0
DTXSID3047899,796,0.0,0.0
DTXSID3047920,796,0.0,0.0
DTXSID3047922,796,0.0,0.0
DTXSID3047924,796,0.0,0.0
DTXSID3047926,796,,
DTXSID3047928,796,0.0,0.0
DTXSID3047970,796,0.0,0.0
DTXSID3047972,796,0.0,0.0
DTXSID3047974,796,0.9986045961270777,1.0
DTXSID3048310,796,0.0,0.0
DTXSID3048449,796,0.0,0.0
DTXSID3048520,796,0.0,0.0
DTXSID3048522,796,0.0,0.0
DTXSID3048574,796,0.0,0.0
DTXSID3048576,796,0.0,0.0
DTXSID3048578,796,0.0,0.0
DTXSID3048601,796,0.0,0.0
DTXSID3048603,796,0.0,0.0
DTXSID3048605,796,0.0,0.0
DTXSID3048607,796,0.0,0.0
DTXSID3048609,796,0.0,0.0
DTXSID3048653,796,0.0,0.0
DTXSID3048655,796,0.0,0.0
DTXSID3048657,796,0.0,0.0
DTXSID3048659,796,0.0,0.0
DTXSID3048730,796,0.0,0.0
DTXSID3048732,796,0.0,0.0
DTXSID3048734,796,0.0,0.0
DTXSID3048736,796,0.0,0.0
DTXSID3048738,796,0.0,0.0
DTXSID3048780,796,0.0,0.0
DTXSID3048782,796,0.0,0.0
DTXSID3048784,796,0.0,0.0
DTXSID3048786,796,0.994103169026494,1.0
DTXSID3048788,796,0.0,0.0
DTXSID3048811,796,0.0,0.0
DTXSID3048813,796,0.0,0.0
DTXSID3048815,796,0.0,0.0
DTXSID3048817,796,0.0,0.0
DTXSID3048819,796,0.0,0.0
DTXSID3048861,796,0.0,0.0
DTXSID3048863,796,0.0,0.0
DTXSID3048865,796,0.0,0.0
DTXSID3048867,796,0.0,0.0
DTXSID3048869,796,0.0,0.0
DTXSID3048940,796,0.0,0.0
DTXSID3048942,796,0.0,0.0
DTXSID3048944,796,0.999999999958336,1.0
DTXSID3048946,796,0.0,0.0
DTXSID3048948,796,0.0,0.0
DTXSID3048990,796,0.0,0.0
DTXSID3048992,796,0.0,0.0
DTXSID3048996,796,1.0,1.0
DTXSID3048998,796,0.9999909816694496,1.0
DTXSID3049041,796,0.0,0.0
DTXSID3049043,796,0.0,0.0
DTXSID3049045,796,0.0,0.0
DTXSID3049047,796,0.0,0.0
DTXSID3049049,796,1.0,1.0
DTXSID3049201,796,0.0,0.0
DTXSID3049203,796,0.0,0.0
DTXSID3049205,796,9.137061147585544e-09,0.0
DTXSID3049207,796,0.0,0.0
DTXSID3049209,796,0.0,0.0
DTXSID3049251,796,0.0,0.0
DTXSID3049253,796,,
DTXSID3049255,796,0.0,0.0
DTXSID3049257,796,0.0,0.0
DTXSID3049259,796,0.0,0.0
DTXSID3049330,796,0.0,0.0
DTXSID3049332,796,,
DTXSID3049334,796,0.0,0.0
DTXSID3049336,796,0.0,0.0
DTXSID3049338,796,0.0,0.0
DTXSID3049380,796,0.0,0.0
DTXSID3049382,796,0.0,0.0
DTXSID3049384,796,0.0,0.0
DTXSID3049386,796,0.0,0.0
DTXSID3049388,796,0.0,0.0
DTXSID3049411,796,0.0,0.0
DTXSID3049413,796,0.0,0.0
DTXSID3049415,796,0.0,0.0
DTXSID3049417,796,0.997868811482668,1.0
DTXSID3049419,796,0.0,0.0
DTXSID3049461,796,0.0,0.0
DTXSID3049463,796,0.0,0.0
DTXSID3049465,796,0.0,0.0
DTXSID3049467,796,0.0,0.0
DTXSID3049469,796,0.0,0.0
DTXSID3049540,796,1.9100574378268953e-09,0.0
DTXSID3049542,796,1.8375035561005262e-14,0.0
DTXSID3049544,796,0.0002579839157886195,0.0
DTXSID3049546,796,0.0,0.0
DTXSID3049548,796,7.05245232571085e-10,0.0
DTXSID4020032,796,0.0,0.0
DTXSID4020038,796,0.0,0.0
DTXSID4020086,796,0.0,0.0
DTXSID4020088,796,0.0,0.0
DTXSID4020113,796,0.0,0.0
DTXSID4020115,796,0.6527481890079375,0.0
DTXSID4020117,796,0.0,0.0
DTXSID4020119,796,0.0,0.0
DTXSID4020161,796,0.0,0.0
DTXSID4020167,796,0.0,0.0
DTXSID4020240,796,0.0,0.0
DTXSID4020242,796,0.7215778930472203,0.0
DTXSID4020244,796,0.0,0.0
DTXSID4020246,796,0.0,0.0
DTXSID4020248,796,0.993714337555001,1.0
DTXSID4020290,796,0.0,0.0
DTXSID4020292,796,0.0,0.0
DTXSID4020294,796,0.9956125779370817,1.0
DTXSID4020296,796,0.0,0.0
DTXSID4020298,796,0.0,0.0
DTXSID4020321,796,0.0,0.0
DTXSID4020325,796,0.0,0.0
DTXSID4020327,796,0.0,0.0
DTXSID4020329,796,0.0,0.0
DTXSID4020371,796,0.0,0.0
DTXSID4020373,796,0.0,0.0
DTXSID4020375,796,0.0,0.0
DTXSID4020379,796,0.0001989265974891964,0.0
DTXSID4020400,796,0.0,0.0
DTXSID4020402,796,0.0,0.0
DTXSID4020406,796,0.0,0.0
DTXSID4020450,796,0.0,0.0
DTXSID4020452,796,0.0,0.0
DTXSID4020458,796,0.09352013718633143,0.0
DTXSID4020533,796,0.0,0.0
DTXSID4020535,796,0.0,0.0
DTXSID4020537,796,0.0,0.0
DTXSID4020539,796,1.0,1.0
DTXSID4020581,796,0.0,0.0
DTXSID4020583,796,0.0,0.0
DTXSID4020587,796,0.0,0.0
DTXSID4020589,796,2.9300011837134904e-14,0.0
DTXSID4020612,796,0.0,0.0
DTXSID4020614,796,0.0,0.0
DTXSID4020616,796,0.0,0.0
DTXSID4020618,796,0.9999999520765286,1.0
DTXSID4020664,796,1.0193673279461624e-19,0.0
DTXSID4020666,796,0.0,0.0
DTXSID4020668,796,0.0,0.0
DTXSID4020743,796,0.0,0.0
DTXSID4020745,796,5.8795371532076245e-18,0.0
DTXSID4020749,796,0.999999860795251,1.0
DTXSID4020791,796,0.0,0.0
DTXSID4020820,796,0.0,0.0
DTXSID4020822,796,0.0,0.0
DTXSID4020826,796,0.0,0.0
DTXSID4020828,796,0.0,0.0
DTXSID4020870,796,0.9999810293502689,1.0
DTXSID4020876,796,0.0,0.0
DTXSID4020878,796,0.0,0.0
DTXSID4020901,796,0.0,0.0
DTXSID4020957,796,0.0,0.0
DTXSID4020959,796,0.0,0.0
DTXSID4021002,796,0.0,0.0
DTXSID4021006,796,0.0,0.0
DTXSID4021056,796,0.0,0.0
DTXSID4021131,796,0.9995959417244377,1.0
DTXSID4021133,796,0.0,0.0
DTXSID4021135,796,,
DTXSID4021137,796,0.0,0.0
DTXSID4021139,796,0.0,0.0
DTXSID4021181,796,0.9983528327030149,1.0
DTXSID4021185,796,0.0,0.0
DTXSID4021189,796,0.0,0.0
DTXSID4021212,796,0.0,0.0
DTXSID4021214,796,0.0,0.0
DTXSID4021216,796,0.0,0.0
DTXSID4021218,796,0.9999470566467815,1.0
DTXSID4021260,796,0.0,0.0
DTXSID4021264,796,6.924695190472042e-20,0.0
DTXSID4021268,796,0.0,0.0
DTXSID4021341,796,0.9999938437162262,1.0
DTXSID4021343,796,9.432181575966185e-20,0.0
DTXSID4021347,796,0.0,0.0
DTXSID4021391,796,1.0,1.0
DTXSID4021393,796,0.0,0.0
DTXSID4021395,796,,
DTXSID4021397,796,0.0,0.0
DTXSID4021424,796,0.0,0.0
DTXSID4021426,796,0.0,0.0
DTXSID4021472,796,0.0,0.0
DTXSID4021478,796,0.9999999999999486,1.0
DTXSID4021503,796,0.0,0.0
DTXSID4021553,796,0.0,0.0
DTXSID4021557,796,0.0,0.0
DTXSID4021559,796,,
DTXSID4021632,796,0.0,0.0
DTXSID4021634,796,0.0,0.0
DTXSID4021636,796,0.0,0.0
DTXSID4021638,796,0.0,0.0
DTXSID4021680,796,1.992723970219686e-06,0.0
DTXSID4021684,796,0.0,0.0
DTXSID4021688,796,0.0,0.0
DTXSID4021715,796,0.0,0.0
DTXSID4021717,796,0.8398167630076835,0.0
DTXSID4021761,796,0.0,0.0
DTXSID4021767,796,0.0,0.0
DTXSID4021769,796,0.0,0.0
DTXSID4021842,796,0.0,0.0
DTXSID4021848,796,0.0,0.0
DTXSID4021890,796,0.0,0.0
DTXSID4021892,796,0.0,0.0
DTXSID4021894,796,0.0,0.0
DTXSID4021921,796,0.0,0.0
DTXSID4021923,796,0.0,0.0
DTXSID4021925,796,0.0,0.0
DTXSID4021929,796,0.0,0.0
DTXSID4021971,796,0.0,0.0
DTXSID4021975,796,2.298214684362448e-11,0.0
DTXSID4021977,796,1.56519684703106e-07,0.0
DTXSID4021979,796,0.0,0.0
DTXSID4022020,796,8.928068189721605e-06,0.0
DTXSID4022070,796,2.876056531032673e-19,0.0
DTXSID4022107,796,0.0,0.0
DTXSID4022109,796,0.0,0.0
DTXSID4022153,796,0.0,0.0
DTXSID4022159,796,0.0,0.0
DTXSID4022284,796,0.0,0.0
DTXSID4022288,796,2.0039679334370298e-10,0.0
DTXSID4022311,796,0.999999999797889,1.0
DTXSID4022315,796,5.469482729761001e-07,0.0
DTXSID4022361,796,0.0,0.0
DTXSID4022367,796,1.3591999728607654e-09,0.0
DTXSID4022369,796,0.9999999997503952,1.0
DTXSID4022442,796,1.0,1.0
DTXSID4022446,796,0.9999999999999991,1.0
DTXSID4022448,796,0.0,0.0
DTXSID4022521,796,0.0,0.0
DTXSID4022523,796,0.9999999999999971,1.0
DTXSID4022525,796,1.0,1.0
DTXSID4022527,796,0.9521597123413182,1.0
DTXSID4022529,796,0.0,0.0
DTXSID4022571,796,0.0,0.0
DTXSID4022573,796,0.0,0.0
DTXSID4022577,796,0.0,0.0
DTXSID4022579,796,0.0,0.0
DTXSID4022602,796,0.0,0.0
DTXSID4022652,796,0.028047561131291924,0.0
DTXSID4022658,796,5.851012486022023e-11,0.0
DTXSID4022731,796,0.0,0.0
DTXSID4022735,796,0.0,0.0
DTXSID4022783,796,0.0,0.0
DTXSID4022785,796,0.0,0.0
DTXSID4022789,796,0.0,0.0
DTXSID4022810,796,,
DTXSID4022812,796,0.0,0.0
DTXSID4022814,796,,
DTXSID4022816,796,,
DTXSID4022862,796,0.0,0.0
DTXSID4022866,796,1.341581874015526e-12,0.0
DTXSID4022868,796,0.0,0.0
DTXSID4022941,796,0.0,0.0
DTXSID4022947,796,0.0,0.0
DTXSID4022949,796,0.0,0.0
DTXSID4022991,796,0.0,0.0
DTXSID4022993,796,0.0,0.0
DTXSID4022999,796,0.9999926589851651,1.0
DTXSID4023042,796,0.9999999999999989,1.0
DTXSID4023044,796,0.0,0.0
DTXSID4023094,796,0.0,0.0
DTXSID4023096,796,0.0,0.0
DTXSID4023123,796,0.0,0.0
DTXSID4023125,796,0.0,0.0
DTXSID4023171,796,0.0,0.0
DTXSID4023175,796,0.0,0.0
DTXSID4023177,796,5.670148668898971e-13,0.0
DTXSID4023179,796,2.947729360195487e-13,0.0
DTXSID4023200,796,3.800173055258804e-05,0.0
DTXSID4023202,796,0.0,0.0
DTXSID4023252,796,0.0,0.0
DTXSID4023254,796,0.0,0.0
DTXSID4023258,796,0.0,0.0
DTXSID4023333,796,1.4966179649965354e-13,0.0
DTXSID4023381,796,0.0,0.0
DTXSID4023385,796,0.0,0.0
DTXSID4023387,796,0.0,0.0
DTXSID4023412,796,0.0,0.0
DTXSID4023414,796,0.0,0.0
DTXSID4023416,796,7.561234459995315e-14,0.0
DTXSID4023460,796,0.0,0.0
DTXSID4023462,796,0.0,0.0
DTXSID4023541,796,0.0,0.0
DTXSID4023545,796,0.0,0.0
DTXSID4023549,796,0.0,0.0
DTXSID4023591,796,0.0,0.0
DTXSID4023593,796,0.0,0.0
DTXSID4023595,796,0.0,0.0
DTXSID4023622,796,0.0,0.0
DTXSID4023624,796,0.0,0.0
DTXSID4023628,796,0.0,0.0
DTXSID4023670,796,0.0,0.0
DTXSID4023672,796,0.0,0.0
DTXSID4023674,796,0.0,0.0
DTXSID4023676,796,0.0,0.0
DTXSID4023678,796,0.0,0.0
DTXSID4023701,796,0.0,0.0
DTXSID4023753,796,0.7709923415005464,0.0
DTXSID4023917,796,0.0,0.0
DTXSID4024012,796,0.0,0.0
DTXSID4024014,796,0.0,0.0
DTXSID4024018,796,0.0,0.0
DTXSID4024062,796,0.0,0.0
DTXSID4024064,796,,
DTXSID4024066,796,0.0,0.0
DTXSID4024143,796,0.0,0.0
DTXSID4024145,796,0.0,0.0
DTXSID4024193,796,0.0005438838604394766,0.0
DTXSID4024195,796,0.0,0.0
DTXSID4024222,796,0.0,0.0
DTXSID4024270,796,0.0,0.0
DTXSID4024272,796,0.0,0.0
DTXSID4024274,796,2.029434238815057e-14,0.0
DTXSID4024276,796,0.9999782799597552,1.0
DTXSID4024303,796,0.0,0.0
DTXSID4024359,796,8.231377468773607e-09,0.0
DTXSID4024436,796,,
DTXSID4024484,796,0.17960317873368065,0.0
DTXSID4024488,796,0.0,0.0
DTXSID4024515,796,0.0,0.0
DTXSID4024640,796,0.0,0.0
DTXSID4024642,796,0.0,0.0
DTXSID4024644,796,0.0,0.0
DTXSID4024646,796,0.0,0.0
DTXSID4024690,796,0.0,0.0
DTXSID4024692,796,0.0,0.0
DTXSID4024696,796,0.0,0.0
DTXSID4024721,796,0.0,0.0
DTXSID4024729,796,0.0,0.0
DTXSID4024771,796,0.0,0.0
DTXSID4024773,796,0.0,0.0
DTXSID4024775,796,0.0,0.0
DTXSID4024800,796,0.0,0.0
DTXSID4024858,796,0.0,0.0
DTXSID4024931,796,0.0,0.0
DTXSID4024937,796,3.1958320288610753e-18,0.0
DTXSID4024981,796,0.0,0.0
DTXSID4024983,796,0.0,0.0
DTXSID4024985,796,0.0,0.0
DTXSID4025080,796,0.0,0.0
DTXSID4025082,796,0.0,0.0
DTXSID4025086,796,0.0,0.0
DTXSID4025111,796,0.0,0.0
DTXSID4025113,796,0.0,0.0
DTXSID4025117,796,0.0,0.0
DTXSID4025165,796,0.0,0.0
DTXSID4025167,796,0.0,0.0
DTXSID4025240,796,0.0,0.0
DTXSID4025242,796,0.0,0.0
DTXSID4025292,796,0.0,0.0
DTXSID4025296,796,0.0,0.0
DTXSID4025298,796,0.0,0.0
DTXSID4025329,796,0.0,0.0
DTXSID4025371,796,0.0,0.0
DTXSID4025402,796,0.0,0.0
DTXSID4025404,796,0.0,0.0
DTXSID4025406,796,0.0,0.0
DTXSID4025454,796,0.0,0.0
DTXSID4025581,796,0.9999737688893429,1.0
DTXSID4025587,796,0.0,0.0
DTXSID4025610,796,0.0,0.0
DTXSID4025612,796,0.0,0.0
DTXSID4025662,796,0.0,0.0
DTXSID4025668,796,0.0,0.0
DTXSID4025741,796,0.0,0.0
DTXSID4025743,796,0.0,0.0
DTXSID4025745,796,0.0,0.0
DTXSID4025749,796,0.0,0.0
DTXSID4025791,796,0.0,0.0
DTXSID4025793,796,0.0,0.0
DTXSID4025824,796,0.0,0.0
DTXSID4025903,796,0.0,0.0
DTXSID4026000,796,0.0,0.0
DTXSID4026050,796,0.0,0.0
DTXSID4026054,796,2.124273654714445e-06,0.0
DTXSID4026137,796,0.9981377871529754,1.0
DTXSID4026139,796,0.999034988842313,1.0
DTXSID4026181,796,1.0,1.0
DTXSID4026183,796,2.218189629481951e-15,0.0
DTXSID4026212,796,0.0,0.0
DTXSID4026214,796,1.0,1.0
DTXSID4026262,796,0.0,0.0
DTXSID4026266,796,0.0,0.0
DTXSID4026268,796,,
DTXSID4026422,796,0.0,0.0
DTXSID4026472,796,0.0,0.0
DTXSID4026501,796,0.0,0.0
DTXSID4026505,796,0.0,0.0
DTXSID4026557,796,0.0,0.0
DTXSID4026684,796,0.0,0.0
DTXSID4026711,796,0.0,0.0
DTXSID4026713,796,0.0,0.0
DTXSID4026715,796,0.0,0.0
DTXSID4026765,796,0.0,0.0
DTXSID4026769,796,3.332779135587703e-11,0.0
DTXSID4026842,796,0.0,0.0
DTXSID4026894,796,0.0,0.0
DTXSID4026921,796,0.0,0.0
DTXSID4026927,796,0.0,0.0
DTXSID4026975,796,0.0,0.0
DTXSID4026979,796,0.0,0.0
DTXSID4027072,796,0.0,0.0
DTXSID4027076,796,0.0,0.0
DTXSID4027103,796,0.0,0.0
DTXSID4027109,796,0.0,0.0
DTXSID4027153,796,2.0902522004675826e-18,0.0
DTXSID4027159,796,0.0,0.0
DTXSID4027234,796,0.0,0.0
DTXSID4027236,796,0.0,0.0
DTXSID4027280,796,0.0,0.0
DTXSID4027282,796,0.0,0.0
DTXSID4027284,796,0.0,0.0
DTXSID4027286,796,0.0,0.0
DTXSID4027288,796,0.0,0.0
DTXSID4027319,796,0.0,0.0
DTXSID4027361,796,0.0,0.0
DTXSID4027367,796,0.0,0.0
DTXSID4027490,796,0.0,0.0
DTXSID4027494,796,0.0,0.0
DTXSID4027496,796,2.8062696614012663e-10,0.0
DTXSID4027498,796,0.0,0.0
DTXSID4027521,796,0.0,0.0
DTXSID4027525,796,0.0,0.0
DTXSID4027527,796,6.517551701982629e-18,0.0
DTXSID4027529,796,0.0,0.0
DTXSID4027577,796,0.0,0.0
DTXSID4027579,796,0.0,0.0
DTXSID4027600,796,0.0,0.0
DTXSID4027604,796,8.029140504378708e-16,0.0
DTXSID4027608,796,0.5922948003934723,0.0
DTXSID4027650,796,0.0,0.0
DTXSID4027652,796,0.0,0.0
DTXSID4027656,796,0.0,0.0
DTXSID4027658,796,0.0,0.0
DTXSID4027781,796,0.999998828079044,1.0
DTXSID4027866,796,0.0,0.0
DTXSID4027868,796,0.0,0.0
DTXSID4027991,796,0.0,0.0
DTXSID4027997,796,0.0,0.0
DTXSID4028040,796,0.0,0.0
DTXSID4028460,796,,
DTXSID4028880,796,1.0,1.0
DTXSID4028967,796,3.006541747705552e-10,0.0
DTXSID4029062,796,0.0,0.0
DTXSID4029143,796,0.0,0.0
DTXSID4029145,796,0.0,0.0
DTXSID4029149,796,0.0,0.0
DTXSID4029195,796,0.0,0.0
DTXSID4029220,796,0.0,0.0
DTXSID4029224,796,0.0,0.0
DTXSID4029353,796,1.1485876356959736e-07,0.0
DTXSID4029359,796,0.0,0.0
DTXSID4029565,796,0.0,0.0
DTXSID4029690,796,0.0,0.0
DTXSID4029692,796,0.0,0.0
DTXSID4029698,796,0.0,0.0
DTXSID4029806,796,0.999146104658477,1.0
DTXSID4030047,796,0.8536822261319411,0.0
DTXSID4030336,796,0.0,0.0
DTXSID4030384,796,0.0,0.0
DTXSID4031356,796,0.0,0.0
DTXSID4031566,796,0.0,0.0
DTXSID4031980,796,0.9999968079821799,1.0
DTXSID4032372,796,0.0,0.0
DTXSID4032376,796,0.0,0.0
DTXSID4032378,796,0.0,0.0
DTXSID4032405,796,0.0,0.0
DTXSID4032459,796,8.167507129941836e-14,0.0
DTXSID4032532,796,0.0,0.0
DTXSID4032536,796,0.0,0.0
DTXSID4032580,796,7.678812520975294e-08,0.0
DTXSID4032611,796,1.2064991842613928e-09,0.0
DTXSID4032613,796,0.0,0.0
DTXSID4032615,796,0.0,0.0
DTXSID4032619,796,0.0,0.0
DTXSID4032667,796,5.158723579585164e-08,0.0
DTXSID4032954,796,0.0,0.0
DTXSID4033390,796,0.0,0.0
DTXSID4034102,796,0.0,0.0
DTXSID4034150,796,0.0,0.0
DTXSID4034287,796,0.0,0.0
DTXSID4034497,796,0.0,0.0
DTXSID4034528,796,0.0,0.0
DTXSID4034576,796,1.9915573828278735e-13,0.0
DTXSID4034601,796,0.0,0.0
DTXSID4034609,796,0.003126262410593639,0.0
DTXSID4034653,796,0.0,0.0
DTXSID4034948,796,1.6866298160493736e-13,0.0
DTXSID4035209,796,0.0,0.0
DTXSID4035542,796,0.0,0.0
DTXSID4035592,796,0.0,0.0
DTXSID4035708,796,,
DTXSID4036229,796,3.988205572692862e-08,0.0
DTXSID4036435,796,8.10518549661531e-18,0.0
DTXSID4036514,796,0.0,0.0
DTXSID4037580,796,0.0,0.0
DTXSID4037582,796,0.0,0.0
DTXSID4037584,796,0.0,0.0
DTXSID4037617,796,2.6439191983945134e-09,0.0
DTXSID4037748,796,0.0,0.0
DTXSID4038762,796,0.0,0.0
DTXSID4038847,796,0.0,0.0
DTXSID4038922,796,2.163791393990542e-06,0.0
DTXSID4038924,796,0.0,0.0
DTXSID4038926,796,0.0,0.0
DTXSID4039231,796,0.0,0.0
DTXSID4039233,796,0.0,0.0
DTXSID4039235,796,0.0,0.0
DTXSID4039657,796,0.0,0.0
DTXSID4040002,796,0.0,0.0
DTXSID4040266,796,0.0,0.0
DTXSID4040268,796,0.0,0.0
DTXSID4040343,796,0.0,0.0
DTXSID4040395,796,0.0,0.0
DTXSID4040476,796,0.0,0.0
DTXSID4040682,796,0.0,0.0
DTXSID4040684,796,0.0,0.0
DTXSID4040686,796,0.0,0.0
DTXSID4040688,796,0.0,0.0
DTXSID4040711,796,0.0,0.0
DTXSID4040713,796,0.9999725428648851,1.0
DTXSID4040715,796,3.21851520581336e-08,0.0
DTXSID4040719,796,0.0,0.0
DTXSID4040765,796,0.0,0.0
DTXSID4040767,796,1.0,1.0
DTXSID4040979,796,1.0,1.0
DTXSID4041070,796,0.0,0.0
DTXSID4041074,796,0.0,0.0
DTXSID4041153,796,0.0,0.0
DTXSID4041230,796,0.0,0.0
DTXSID4041232,796,0.0,0.0
DTXSID4041234,796,0.0,0.0
DTXSID4041238,796,0.0,0.0
DTXSID4041280,796,0.0,0.0
DTXSID4041317,796,0.0,0.0
DTXSID4041361,796,0.0,0.0
DTXSID4041363,796,0.0,0.0
DTXSID4041367,796,,
DTXSID4041440,796,6.526727310398628e-17,0.0
DTXSID4041442,796,0.0,0.0
DTXSID4041446,796,0.0,0.0
DTXSID4041490,796,0.0,0.0
DTXSID4041492,796,0.0,0.0
DTXSID4041494,796,0.0,0.0
DTXSID4041521,796,0.0,0.0
DTXSID4041527,796,0.0,0.0
DTXSID4041529,796,0.0,0.0
DTXSID4041573,796,0.0,0.0
DTXSID4041575,796,0.0,0.0
DTXSID4041600,796,0.0,0.0
DTXSID4041604,796,0.0,0.0
DTXSID4041654,796,0.9999971889221722,1.0
DTXSID4041656,796,0.0,0.0
DTXSID4041783,796,0.0,0.0
DTXSID4041818,796,0.0,0.0
DTXSID4041995,796,0.9999999801714397,1.0
DTXSID4041997,796,0.0,0.0
DTXSID4042090,796,,
DTXSID4042094,796,0.0,0.0
DTXSID4042096,796,0.0,0.0
DTXSID4042121,796,0.0,0.0
DTXSID4042123,796,0.9996348825531951,1.0
DTXSID4042129,796,0.7988642760855774,0.0
DTXSID4042171,796,0.0,0.0
DTXSID4042206,796,,
DTXSID4042208,796,0.0,0.0
DTXSID4042252,796,0.0,0.0
DTXSID4042254,796,0.0,0.0
DTXSID4042256,796,0.0,0.0
DTXSID4042335,796,1.8468501149216e-16,0.0
DTXSID4042337,796,0.0,0.0
DTXSID4042416,796,7.219489875699991e-19,0.0
DTXSID4042418,796,0.0,0.0
DTXSID4042462,796,4.4588065795163685e-15,0.0
DTXSID4042468,796,0.0,0.0
DTXSID4042622,796,0.9999999987290843,1.0
DTXSID4043777,796,1.0,1.0
DTXSID4044161,796,0.0,0.0
DTXSID4044371,796,0.0,0.0
DTXSID4044373,796,0.0,0.0
DTXSID4044375,796,0.0,0.0
DTXSID4044379,796,0.0,0.0
DTXSID4044400,796,0.0,0.0
DTXSID4044402,796,0.0,0.0
DTXSID4044404,796,0.0,0.0
DTXSID4044408,796,0.0,0.0
DTXSID4044450,796,0.0,0.0
DTXSID4044452,796,0.0,0.0
DTXSID4044454,796,0.0,0.0
DTXSID4044456,796,0.0,0.0
DTXSID4044458,796,0.0,0.0
DTXSID4044533,796,0.9999093174249488,1.0
DTXSID4044535,796,0.0,0.0
DTXSID4044537,796,8.573184573634888e-05,0.0
DTXSID4044581,796,0.0,0.0
DTXSID4044585,796,0.0,0.0
DTXSID4044587,796,0.0,0.0
DTXSID4044589,796,0.0,0.0
DTXSID4044616,796,0.0,0.0
DTXSID4044618,796,0.0,0.0
DTXSID4044660,796,0.0,0.0
DTXSID4044662,796,0.0,0.0
DTXSID4044664,796,0.0001748181556569338,0.0
DTXSID4044668,796,0.9676545292583841,1.0
DTXSID4044743,796,4.1425619160561e-17,0.0
DTXSID4044745,796,0.0,0.0
DTXSID4044747,796,0.0,0.0
DTXSID4044791,796,0.0,0.0
DTXSID4044793,796,0.0,0.0
DTXSID4044799,796,0.0,0.0
DTXSID4044820,796,0.0,0.0
DTXSID4044822,796,0.0,0.0
DTXSID4044824,796,0.0,0.0
DTXSID4044826,796,0.0,0.0
DTXSID4044828,796,5.034837674492048e-17,0.0
DTXSID4044870,796,1.613219314567264e-07,0.0
DTXSID4044872,796,0.028202524499926284,0.0
DTXSID4044876,796,0.0,0.0
DTXSID4044878,796,0.0,0.0
DTXSID4044901,796,0.0,0.0
DTXSID4044903,796,0.0,0.0
DTXSID4044905,796,0.0,0.0
DTXSID4044909,796,0.0,0.0
DTXSID4044951,796,0.0,0.0
DTXSID4044953,796,0.0,0.0
DTXSID4044955,796,0.0,0.0
DTXSID4045002,796,0.0,0.0
DTXSID4045131,796,0.0,0.0
DTXSID4045133,796,0.0,0.0
DTXSID4045139,796,0.0,0.0
DTXSID4045181,796,0.0,0.0
DTXSID4045183,796,1.3745291940967337e-19,0.0
DTXSID4045187,796,0.0,0.0
DTXSID4045189,796,0.0,0.0
DTXSID4045210,796,0.0,0.0
DTXSID4045216,796,0.0,0.0
DTXSID4045262,796,0.0,0.0
DTXSID4045341,796,0.0,0.0
DTXSID4045343,796,0.0,0.0
DTXSID4045345,796,0.0,0.0
DTXSID4045347,796,0.0,0.0
DTXSID4045391,796,0.0,0.0
DTXSID4045393,796,0.0,0.0
DTXSID4045399,796,0.0,0.0
DTXSID4045420,796,0.0,0.0
DTXSID4045422,796,0.0,0.0
DTXSID4045424,796,0.0,0.0
DTXSID4045428,796,0.0,0.0
DTXSID4045472,796,0.0,0.0
DTXSID4045474,796,0.0,0.0
DTXSID4045476,796,0.0,0.0
DTXSID4045478,796,0.0,0.0
DTXSID4045551,796,0.0,0.0
DTXSID4045555,796,0.0,0.0
DTXSID4045557,796,0.0,0.0
DTXSID4045559,796,0.0,0.0
DTXSID4045630,796,0.0,0.0
DTXSID4045632,796,0.0,0.0
DTXSID4045636,796,0.0,0.0
DTXSID4045638,796,,
DTXSID4045680,796,0.0,0.0
DTXSID4045682,796,0.0,0.0
DTXSID4045686,796,0.0,0.0
DTXSID4045688,796,0.0,0.0
DTXSID4045711,796,0.0,0.0
DTXSID4045763,796,0.0,0.0
DTXSID4045765,796,0.0,0.0
DTXSID4045767,796,0.588487080130215,0.0
DTXSID4045769,796,0.0,0.0
DTXSID4045846,796,,
DTXSID4045848,796,1.0,1.0
DTXSID4045890,796,0.0,0.0
DTXSID4045892,796,0.0,0.0
DTXSID4045896,796,0.0,0.0
DTXSID4045898,796,0.0,0.0
DTXSID4045921,796,0.0,0.0
DTXSID4045925,796,0.0,0.0
DTXSID4045927,796,0.0,0.0
DTXSID4045929,796,0.0,0.0
DTXSID4045973,796,0.0,0.0
DTXSID4045975,796,2.599098391098908e-18,0.0
DTXSID4045979,796,0.0,0.0
DTXSID4046020,796,0.0,0.0
DTXSID4046022,796,0.0,0.0
DTXSID4046024,796,0.0,0.0
DTXSID4046076,796,0.0,0.0
DTXSID4046078,796,0.0,0.0
DTXSID4046101,796,0.9999999999999992,1.0
DTXSID4046103,796,0.0,0.0
DTXSID4046107,796,0.0,0.0
DTXSID4046109,796,0.0,0.0
DTXSID4046151,796,5.250582640875406e-10,0.0
DTXSID4046153,796,0.0,0.0
DTXSID4046155,796,0.0,0.0
DTXSID4046157,796,0.0,0.0
DTXSID4046159,796,0.0,0.0
DTXSID4046230,796,0.0,0.0
DTXSID4046232,796,0.0,0.0
DTXSID4046234,796,0.9999995153858026,1.0
DTXSID4046236,796,0.0,0.0
DTXSID4046238,796,0.0,0.0
DTXSID4046280,796,0.0,0.0
DTXSID4046282,796,0.0,0.0
DTXSID4046284,796,0.0,0.0
DTXSID4046286,796,0.9947350772487691,1.0
DTXSID4046288,796,0.0,0.0
DTXSID4046313,796,0.0,0.0
DTXSID4046315,796,0.0,0.0
DTXSID4046319,796,0.0,0.0
DTXSID4046361,796,0.0,0.0
DTXSID4046363,796,0.0,0.0
DTXSID4046440,796,0.0,0.0
DTXSID4046442,796,0.0,0.0
DTXSID4046444,796,0.0,0.0
DTXSID4046446,796,0.0,0.0
DTXSID4046448,796,0.0,0.0
DTXSID4046490,796,0.0,0.0
DTXSID4046492,796,0.0,0.0
DTXSID4046494,796,0.0,0.0
DTXSID4046498,796,0.0,0.0
DTXSID4046521,796,0.0,0.0
DTXSID4046523,796,0.0,0.0
DTXSID4046525,796,0.0,0.0
DTXSID4046527,796,0.0,0.0
DTXSID4046529,796,,
DTXSID4046571,796,0.0,0.0
DTXSID4046573,796,0.0,0.0
DTXSID4046575,796,0.0,0.0
DTXSID4046577,796,0.0,0.0
DTXSID4046579,796,0.0,0.0
DTXSID4046600,796,0.0,0.0
DTXSID4046602,796,0.0,0.0
DTXSID4046604,796,0.0,0.0
DTXSID4046606,796,,
DTXSID4046608,796,0.0,0.0
DTXSID4046652,796,0.0,0.0
DTXSID4046654,796,0.0,0.0
DTXSID4046656,796,0.0,0.0
DTXSID4046658,796,0.0,0.0
DTXSID4046733,796,0.0,0.0
DTXSID4046735,796,0.0,0.0
DTXSID4046737,796,0.0,0.0
DTXSID4046739,796,0.0,0.0
DTXSID4046783,796,0.0,0.0
DTXSID4046785,796,0.0,0.0
DTXSID4046787,796,0.9965248369598195,1.0
DTXSID4046810,796,0.0,0.0
DTXSID4046812,796,0.9995821998234758,1.0
DTXSID4046814,796,0.0,0.0
DTXSID4046816,796,0.0,0.0
DTXSID4046818,796,0.0,0.0
DTXSID4046862,796,0.0,0.0
DTXSID4046864,796,0.0,0.0
DTXSID4046866,796,1.220916335243184e-16,0.0
DTXSID4046868,796,0.0,0.0
DTXSID4046949,796,0.0,0.0
DTXSID4046991,796,0.0,0.0
DTXSID4046999,796,0.0,0.0
DTXSID4047040,796,0.0,0.0
DTXSID4047042,796,0.0,0.0
DTXSID4047044,796,0.0,0.0
DTXSID4047046,796,0.0,0.0
DTXSID4047090,796,0.0,0.0
DTXSID4047092,796,6.243260057865918e-13,0.0
DTXSID4047094,796,0.0,0.0
DTXSID4047096,796,0.0,0.0
DTXSID4047098,796,0.0,0.0
DTXSID4047121,796,0.0,0.0
DTXSID4047123,796,0.0,0.0
DTXSID4047125,796,0.0,0.0
DTXSID4047127,796,0.0,0.0
DTXSID4047129,796,0.0,0.0
DTXSID4047173,796,0.0,0.0
DTXSID4047177,796,0.0,0.0
DTXSID4047179,796,0.0,0.0
DTXSID4047200,796,0.0,0.0
DTXSID4047202,796,0.0,0.0
DTXSID4047206,796,0.0,0.0
DTXSID4047252,796,0.0,0.0
DTXSID4047254,796,0.9999956690554569,1.0
DTXSID4047258,796,0.0,0.0
DTXSID4047331,796,0.0,0.0
DTXSID4047333,796,0.0,0.0
DTXSID4047335,796,0.0,0.0
DTXSID4047337,796,0.998076315185216,1.0
DTXSID4047339,796,0.0,0.0
DTXSID4047381,796,,
DTXSID4047383,796,0.0,0.0
DTXSID4047385,796,4.1814933028451893e-13,0.0
DTXSID4047387,796,0.0,0.0
DTXSID4047389,796,0.0,0.0
DTXSID4047410,796,0.0,0.0
DTXSID4047412,796,0.0,0.0
DTXSID4047414,796,0.0,0.0
DTXSID4047416,796,0.0,0.0
DTXSID4047418,796,0.0,0.0
DTXSID4047462,796,0.0,0.0
DTXSID4047464,796,0.0,0.0
DTXSID4047466,796,0.0,0.0
DTXSID4047468,796,0.0,0.0
DTXSID4047543,796,0.0,0.0
DTXSID4047545,796,0.0,0.0
DTXSID4047547,796,0.0,0.0
DTXSID4047549,796,0.0,0.0
DTXSID4047591,796,0.0,0.0
DTXSID4047593,796,0.0,0.0
DTXSID4047597,796,0.0,0.0
DTXSID4047599,796,0.0,0.0
DTXSID4047622,796,0.0,0.0
DTXSID4047624,796,0.0,0.0
DTXSID4047628,796,0.0,0.0
DTXSID4047670,796,0.0,0.0
DTXSID4047672,796,5.6798777273007893e-05,0.0
DTXSID4047674,796,0.0,0.0
DTXSID4047678,796,0.0,0.0
DTXSID4047703,796,0.0,0.0
DTXSID4047705,796,0.0,0.0
DTXSID4047707,796,0.0,0.0
DTXSID4047709,796,0.0,0.0
DTXSID4047838,796,0.0,0.0
DTXSID4047880,796,0.0,0.0
DTXSID4047882,796,0.9763379010036431,1.0
DTXSID4047884,796,0.0,0.0
DTXSID4047886,796,0.9999986185201478,1.0
DTXSID4047888,796,,
DTXSID4047911,796,0.0,0.0
DTXSID4047913,796,0.0,0.0
DTXSID4047915,796,0.0,0.0
DTXSID4047917,796,,
DTXSID4047919,796,,
DTXSID4047961,796,6.203910779849201e-08,0.0
DTXSID4047963,796,0.0,0.0
DTXSID4047965,796,0.0,0.0
DTXSID4047967,796,0.0,0.0
DTXSID4047969,796,0.0,0.0
DTXSID4048191,796,0.0,0.0
DTXSID4048193,796,0.0,0.0
DTXSID4048195,796,0.9999944193399676,1.0
DTXSID4048199,796,0.0,0.0
DTXSID4048270,796,0.0,0.0
DTXSID4048511,796,0.9999429702219592,1.0
DTXSID4048513,796,0.6348953983383259,0.0
DTXSID4048519,796,0.999999999999808,1.0
DTXSID4048640,796,0.0,0.0
DTXSID4048642,796,0.9999999387059558,1.0
DTXSID4048644,796,0.0,0.0
DTXSID4048646,796,0.0,0.0
DTXSID4048648,796,0.0,0.0
DTXSID4048690,796,0.0,0.0
DTXSID4048692,796,0.0,0.0
DTXSID4048694,796,0.0,0.0
DTXSID4048696,796,0.0,0.0
DTXSID4048698,796,,
DTXSID4048721,796,0.0,0.0
DTXSID4048723,796,0.0,0.0
DTXSID4048725,796,0.0,0.0
DTXSID4048727,796,0.0,0.0
DTXSID4048729,796,0.0,0.0
DTXSID4048771,796,0.0,0.0
DTXSID4048773,796,0.0,0.0
DTXSID4048775,796,0.0,0.0
DTXSID4048777,796,0.0,0.0
DTXSID4048779,796,0.0,0.0
DTXSID4048800,796,0.0,0.0
DTXSID4048802,796,0.0,0.0
DTXSID4048804,796,0.0,0.0
DTXSID4048806,796,0.0,0.0
DTXSID4048808,796,0.0,0.0
DTXSID4048850,796,0.0,0.0
DTXSID4048852,796,0.0,0.0
DTXSID4048854,796,0.0,0.0
DTXSID4048856,796,0.0,0.0
DTXSID4048858,796,0.0,0.0
DTXSID4048931,796,0.0,0.0
DTXSID4048933,796,0.0,0.0
DTXSID4048935,796,2.3666939456225636e-11,0.0
DTXSID4048937,796,0.0,0.0
DTXSID4048939,796,0.0,0.0
DTXSID4048981,796,0.0,0.0
DTXSID4048983,796,0.0,0.0
DTXSID4048985,796,0.8727825872344551,0.0
DTXSID4048987,796,0.0,0.0
DTXSID4049030,796,0.0,0.0
DTXSID4049032,796,0.0,0.0
DTXSID4049034,796,0.0,0.0
DTXSID4049036,796,0.0,0.0
DTXSID4049038,796,0.0,0.0
DTXSID4049080,796,0.0,0.0
DTXSID4049082,796,0.0,0.0
DTXSID4049240,796,0.0,0.0
DTXSID4049242,796,0.0,0.0
DTXSID4049244,796,0.0,0.0
DTXSID4049246,796,0.0,0.0
DTXSID4049248,796,0.0,0.0
DTXSID4049290,796,0.0,0.0
DTXSID4049292,796,0.0,0.0
DTXSID4049294,796,0.0,0.0
DTXSID4049296,796,0.0,0.0
DTXSID4049298,796,,
DTXSID4049321,796,0.8661254738223548,0.0
DTXSID4049323,796,0.0,0.0
DTXSID4049325,796,0.0,0.0
DTXSID4049327,796,0.0,0.0
DTXSID4049329,796,0.0,0.0
DTXSID4049371,796,0.0,0.0
DTXSID4049373,796,0.9872709615870163,1.0
DTXSID4049375,796,0.0,0.0
DTXSID4049377,796,0.0,0.0
DTXSID4049379,796,0.0,0.0
DTXSID4049400,796,6.885889953634561e-10,0.0
DTXSID4049402,796,0.0,0.0
DTXSID4049404,796,0.0,0.0
DTXSID4049406,796,0.0,0.0
DTXSID4049408,796,1.0,1.0
DTXSID4049450,796,0.0,0.0
DTXSID4049452,796,0.0,0.0
DTXSID4049454,796,0.0,0.0
DTXSID4049456,796,0.0,0.0
DTXSID4049458,796,0.0,0.0
DTXSID4049531,796,2.070733192720381e-07,0.0
DTXSID4049533,796,6.879097952655683e-11,0.0
DTXSID4049535,796,0.0015165845288762038,0.0
DTXSID4049537,796,1.1387067937996078e-10,0.0
DTXSID4049539,796,3.7311229332842426e-07,0.0
DTXSID5020021,796,0.0,0.0
DTXSID5020023,796,0.0,0.0
DTXSID5020027,796,0.0,0.0
DTXSID5020029,796,0.0,0.0
DTXSID5020071,796,0.0,0.0
DTXSID5020079,796,0.0,0.0
DTXSID5020106,796,0.0,0.0
DTXSID5020108,796,0.0,0.0
DTXSID5020152,796,0.0,0.0
DTXSID5020154,796,0.9999999599710006,1.0
DTXSID5020156,796,0.0,0.0
DTXSID5020231,796,0.0,0.0
DTXSID5020233,796,0.7846289139161381,0.0
DTXSID5020235,796,0.0,0.0
DTXSID5020239,796,0.9999999988383615,1.0
DTXSID5020281,796,0.0,0.0
DTXSID5020283,796,0.9999994620877515,1.0
DTXSID5020287,796,0.0,0.0
DTXSID5020310,796,0.0,0.0
DTXSID5020312,796,0.0,0.0
DTXSID5020314,796,1.0,1.0
DTXSID5020360,796,0.9999999915350346,1.0
DTXSID5020366,796,0.0,0.0
DTXSID5020368,796,1.6040903946315545e-05,0.0
DTXSID5020441,796,0.474602335913348,0.0
DTXSID5020443,796,0.0,0.0
DTXSID5020445,796,0.0,0.0
DTXSID5020447,796,0.0044019541070061015,0.0
DTXSID5020449,796,0.0,0.0
DTXSID5020491,796,,
DTXSID5020493,796,0.0,0.0
DTXSID5020497,796,0.0,0.0
DTXSID5020499,796,0.0,0.0
DTXSID5020520,796,0.0,0.0
DTXSID5020528,796,0.0,0.0
DTXSID5020570,796,0.0,0.0
DTXSID5020572,796,0.0,0.0
DTXSID5020576,796,1.9795352289782215e-05,0.0
DTXSID5020601,796,0.0,0.0
DTXSID5020603,796,0.0,0.0
DTXSID5020605,796,0.0,0.0
DTXSID5020607,796,0.0,0.0
DTXSID5020653,796,,
DTXSID5020659,796,0.0,0.0
DTXSID5020730,796,0.0,0.0
DTXSID5020732,796,0.0008075642039564972,0.0
DTXSID5020738,796,0.0,0.0
DTXSID5020782,796,0.2074584960102271,0.0
DTXSID5020784,796,0.0,0.0
DTXSID5020811,796,0.9999752547005661,1.0
DTXSID5020813,796,0.9999465367269392,1.0
DTXSID5020815,796,0.0,0.0
DTXSID5020819,796,0.0,0.0
DTXSID5020861,796,0.0,0.0
DTXSID5020863,796,0.0,0.0
DTXSID5020865,796,0.24586386483577957,0.0
DTXSID5020867,796,0.0,0.0
DTXSID5020869,796,7.933351570844521e-07,0.0
DTXSID5020944,796,0.0,0.0
DTXSID5020946,796,2.077278637396588e-06,0.0
DTXSID5020948,796,0.0,0.0
DTXSID5021093,796,0.0,0.0
DTXSID5021097,796,0.0,0.0
DTXSID5021120,796,0.0,0.0
DTXSID5021122,796,0.0,0.0
DTXSID5021124,796,0.0,0.0
DTXSID5021126,796,0.0,0.0
DTXSID5021128,796,0.0,0.0
DTXSID5021170,796,0.999997642356892,1.0
DTXSID5021174,796,5.818191939202184e-13,0.0
DTXSID5021201,796,0.93950315661539,1.0
DTXSID5021209,796,0.0,0.0
DTXSID5021251,796,0.0,0.0
DTXSID5021253,796,0.0,0.0
DTXSID5021255,796,0.0,0.0
DTXSID5021330,796,0.0,0.0
DTXSID5021332,796,4.861752403078314e-07,0.0
DTXSID5021334,796,0.0,0.0
DTXSID5021336,796,0.0,0.0
DTXSID5021338,796,0.0,0.0
DTXSID5021380,796,0.0,0.0
DTXSID5021384,796,0.0,0.0
DTXSID5021386,796,1.7517181273770241e-12,0.0
DTXSID5021388,796,0.999999999999969,1.0
DTXSID5021411,796,0.0,0.0
DTXSID5021413,796,0.0,0.0
DTXSID5021415,796,0.0,0.0
DTXSID5021419,796,0.0,0.0
DTXSID5021461,796,0.0,0.0
DTXSID5021463,796,0.0,0.0
DTXSID5021544,796,0.0,0.0
DTXSID5021546,796,0.0,0.0
DTXSID5021590,796,6.077892821719007e-08,0.0
DTXSID5021598,796,0.0,0.0
DTXSID5021621,796,0.0,0.0
DTXSID5021627,796,0.0,0.0
DTXSID5021629,796,0.0,0.0
DTXSID5021671,796,0.0,0.0
DTXSID5021679,796,,
DTXSID5021708,796,0.0,0.0
DTXSID5021752,796,0.0,0.0
DTXSID5021754,796,0.0,0.0
DTXSID5021756,796,0.0,0.0
DTXSID5021758,796,0.0,0.0
DTXSID5021831,796,0.0,0.0
DTXSID5021835,796,0.0,0.0
DTXSID5021837,796,0.0,0.0
DTXSID5021839,796,0.0,0.0
DTXSID5021881,796,0.0,0.0
DTXSID5021883,796,0.0,0.0
DTXSID5021885,796,0.0,0.0
DTXSID5021889,796,0.0,0.0
DTXSID5021914,796,0.0,0.0
DTXSID5021916,796,0.0,0.0
DTXSID5021962,796,0.0,0.0
DTXSID5021968,796,0.0,0.0
DTXSID5022061,796,0.0,0.0
DTXSID5022194,796,0.0,0.0
DTXSID5022227,796,0.0,0.0
DTXSID5022279,796,0.0,0.0
DTXSID5022306,796,0.0,0.0
DTXSID5022308,796,0.9999999864427895,1.0
DTXSID5022437,796,0.9994643070598365,1.0
DTXSID5022439,796,1.633640334452278e-07,0.0
DTXSID5022481,796,0.0,0.0
DTXSID5022485,796,0.005294228104177176,0.0
DTXSID5022489,796,0.0,0.0
DTXSID5022510,796,0.1608866906363417,0.0
DTXSID5022560,796,0.0,0.0
DTXSID5022562,796,3.990984273881506e-17,0.0
DTXSID5022641,796,0.0,0.0
DTXSID5022643,796,0.0,0.0
DTXSID5022647,796,0.0,0.0
DTXSID5022649,796,7.97755009960411e-10,0.0
DTXSID5022699,796,0.0,0.0
DTXSID5022722,796,0.0,0.0
DTXSID5022724,796,0.0,0.0
DTXSID5022774,796,1.0533868931719544e-18,0.0
DTXSID5022801,796,0.0,0.0
DTXSID5022803,796,0.0,0.0
DTXSID5022851,796,0.0,0.0
DTXSID5022855,796,0.0,0.0
DTXSID5022857,796,0.0,0.0
DTXSID5022932,796,0.9999999468503626,1.0
DTXSID5022934,796,0.0,0.0
DTXSID5022938,796,0.0,0.0
DTXSID5022980,796,0.0,0.0
DTXSID5022982,796,0.0,0.0
DTXSID5022984,796,0.0,0.0
DTXSID5022986,796,0.0,0.0
DTXSID5023031,796,0.0,0.0
DTXSID5023033,796,0.00999345717593918,0.0
DTXSID5023035,796,0.0,0.0
DTXSID5023037,796,0.0,0.0
DTXSID5023039,796,0.0,0.0
DTXSID5023081,796,0.0,0.0
DTXSID5023085,796,0.0,0.0
DTXSID5023089,796,0.0,0.0
DTXSID5023110,796,3.4161757678960754e-19,0.0
DTXSID5023114,796,1.8386079038403996e-14,0.0
DTXSID5023166,796,0.0,0.0
DTXSID5023243,796,0.9947658682287969,1.0
DTXSID5023247,796,0.0,0.0
DTXSID5023293,796,0.0,0.0
DTXSID5023295,796,0.0,0.0
DTXSID5023322,796,0.7507162528571298,0.0
DTXSID5023324,796,0.0,0.0
DTXSID5023370,796,0.0,0.0
DTXSID5023372,796,0.0,0.0
DTXSID5023376,796,0.0,0.0
DTXSID5023378,796,0.0,0.0
DTXSID5023453,796,0.0,0.0
DTXSID5023532,796,0.0,0.0
DTXSID5023536,796,0.0,0.0
DTXSID5023582,796,5.088263263082956e-10,0.0
DTXSID5023584,796,0.0,0.0
DTXSID5023586,796,0.9971662723762285,1.0
DTXSID5023588,796,0.0,0.0
DTXSID5023611,796,0.0,0.0
DTXSID5023613,796,0.0,0.0
DTXSID5023615,796,0.0,0.0
DTXSID5023661,796,0.0,0.0
DTXSID5023665,796,0.0,0.0
DTXSID5023667,796,0.0,0.0
DTXSID5023669,796,0.0,0.0
DTXSID5023740,796,0.0,0.0
DTXSID5023742,796,0.9992704961590448,1.0
DTXSID5023744,796,0.0,0.0
DTXSID5023746,796,0.9999999999345254,1.0
DTXSID5023748,796,0.0,0.0
DTXSID5023792,796,0.0,0.0
DTXSID5023794,796,0.9984583534856517,1.0
DTXSID5023796,796,0.0,0.0
DTXSID5023825,796,0.0,0.0
DTXSID5023871,796,0.0,0.0
DTXSID5023875,796,0.0,0.0
DTXSID5023877,796,0.0,0.0
DTXSID5023900,796,0.0,0.0
DTXSID5023902,796,0.9999999560577542,1.0
DTXSID5023908,796,0.0,0.0
DTXSID5023950,796,0.36073886883720063,0.0
DTXSID5023954,796,0.0,0.0
DTXSID5024001,796,0.0,0.0
DTXSID5024051,796,0.0,0.0
DTXSID5024055,796,0.0,0.0
DTXSID5024057,796,0.0,0.0
DTXSID5024059,796,0.0,0.0
DTXSID5024182,796,0.0,0.0
DTXSID5024211,796,0.0,0.0
DTXSID5024261,796,0.0,0.0
DTXSID5024263,796,2.147840093765755e-18,0.0
DTXSID5024269,796,0.2873774115550876,0.0
DTXSID5024344,796,0.0,0.0
DTXSID5024346,796,0.02245335436381862,0.0
DTXSID5024392,796,0.0,0.0
DTXSID5024394,796,0.0,0.0
DTXSID5024471,796,0.0,0.0
DTXSID5024473,796,0.0,0.0
DTXSID5024479,796,0.0003766732559680401,0.0
DTXSID5024500,796,0.0,0.0
DTXSID5024504,796,0.0,0.0
DTXSID5024506,796,0.0,0.0
DTXSID5024508,796,0.0,0.0
DTXSID5024554,796,0.0,0.0
DTXSID5024637,796,0.0,0.0
DTXSID5024639,796,0.0,0.0
DTXSID5024681,796,0.0,0.0
DTXSID5024683,796,1.1079882233132554e-10,0.0
DTXSID5024687,796,2.2645631375579026e-08,0.0
DTXSID5024710,796,0.0,0.0
DTXSID5024764,796,0.0,0.0
DTXSID5024845,796,0.0,0.0
DTXSID5024891,796,0.0,0.0
DTXSID5024922,796,0.0,0.0
DTXSID5024926,796,0.0,0.0
DTXSID5024970,796,0.0,0.0
DTXSID5024976,796,0.0,0.0
DTXSID5024978,796,0.0,0.0
DTXSID5025021,796,0.37691654923622103,0.0
DTXSID5025023,796,0.0,0.0
DTXSID5025071,796,0.0,0.0
DTXSID5025079,796,0.0,0.0
DTXSID5025100,796,0.0,0.0
DTXSID5025102,796,0.0,0.0
DTXSID5025150,796,0.0,0.0
DTXSID5025152,796,0.0,0.0
DTXSID5025156,796,0.0,0.0
DTXSID5025231,796,,
DTXSID5025237,796,0.0,0.0
DTXSID5025285,796,0.0,0.0
DTXSID5025310,796,1.8394665313899525e-12,0.0
DTXSID5025312,796,0.0,0.0
DTXSID5025318,796,0.0,0.0
DTXSID5025364,796,0.0,0.0
DTXSID5025447,796,0.0,0.0
DTXSID5025449,796,0.0,0.0
DTXSID5025491,796,0.0,0.0
DTXSID5025570,796,0.0,0.0
DTXSID5025572,796,0.0,0.0
DTXSID5025574,796,0.0,0.0
DTXSID5025603,796,0.0,0.0
DTXSID5025607,796,0.0,0.0
DTXSID5025609,796,0.0,0.0
DTXSID5025653,796,0.0,0.0
DTXSID5025657,796,0.0,0.0
DTXSID5025659,796,0.0,0.0
DTXSID5025730,796,0.0,0.0
DTXSID5025732,796,0.0,0.0
DTXSID5025738,796,0.0,0.0
DTXSID5025811,796,0.0,0.0
DTXSID5025815,796,0.0,0.0
DTXSID5025819,796,0.0,0.0
DTXSID5025861,796,0.028464487960506463,0.0
DTXSID5025863,796,0.0,0.0
DTXSID5025948,796,2.060796660245805e-13,0.0
DTXSID5025998,796,,
DTXSID5026049,796,0.0,0.0
DTXSID5026091,796,0.0,0.0
DTXSID5026097,796,0.0,0.0
DTXSID5026120,796,0.0,0.0
DTXSID5026122,796,0.0,0.0
DTXSID5026124,796,0.0,0.0
DTXSID5026174,796,0.0,0.0
DTXSID5026178,796,0.0,0.0
DTXSID5026203,796,0.0,0.0
DTXSID5026205,796,0.0,0.0
DTXSID5026207,796,1.3189553699254413e-14,0.0
DTXSID5026209,796,0.0029088468613374654,0.0
DTXSID5026251,796,0.0003426004014285074,0.0
DTXSID5026259,796,0.0,0.0
DTXSID5026461,796,0.0,0.0
DTXSID5026544,796,0.0,0.0
DTXSID5026548,796,0.0,0.0
DTXSID5026623,796,0.0,0.0
DTXSID5026625,796,0.0,0.0
DTXSID5026702,796,0.0,0.0
DTXSID5026706,796,0.999993104656637,1.0
DTXSID5026837,796,0.0,0.0
DTXSID5026881,796,0.0,0.0
DTXSID5026889,796,0.0,0.0
DTXSID5026912,796,0.0,0.0
DTXSID5026914,796,0.0,0.0
DTXSID5026918,796,0.0,0.0
DTXSID5027019,796,0.0,0.0
DTXSID5027061,796,0.9993637561005957,1.0
DTXSID5027063,796,0.0,0.0
DTXSID5027069,796,0.0,0.0
DTXSID5027142,796,0.0,0.0
DTXSID5027146,796,0.0,0.0
DTXSID5027148,796,0.0,0.0
DTXSID5027198,796,0.0,0.0
DTXSID5027223,796,0.0,0.0
DTXSID5027227,796,0.0,0.0
DTXSID5027229,796,0.0,0.0
DTXSID5027279,796,0.0,0.0
DTXSID5027300,796,0.0,0.0
DTXSID5027302,796,0.0,0.0
DTXSID5027304,796,0.0,0.0
DTXSID5027308,796,0.0,0.0
DTXSID5027352,796,0.0,0.0
DTXSID5027356,796,0.0,0.0
DTXSID5027358,796,0.0,0.0
DTXSID5027433,796,0.0,0.0
DTXSID5027487,796,0.0,0.0
DTXSID5027489,796,0.0,0.0
DTXSID5027512,796,0.0,0.0
DTXSID5027518,796,0.0,0.0
DTXSID5027641,796,0.0,0.0
DTXSID5027647,796,0.25311545195004354,0.0
DTXSID5027728,796,0.0,0.0
DTXSID5027770,796,0.0,0.0
DTXSID5027772,796,0.0,0.0
DTXSID5027774,796,0.0,0.0
DTXSID5027803,796,0.0,0.0
DTXSID5027805,796,0.0,0.0
DTXSID5027851,796,0.0,0.0
DTXSID5027857,796,0.0,0.0
DTXSID5027932,796,0.0,0.0
DTXSID5027936,796,0.0,0.0
DTXSID5027982,796,0.0,0.0
DTXSID5028033,796,0.0,0.0
DTXSID5028114,796,0.0,0.0
DTXSID5028665,796,0.0,0.0
DTXSID5029055,796,0.9999808157711407,1.0
DTXSID5029059,796,0.0,0.0
DTXSID5029136,796,9.334789121528054e-10,0.0
DTXSID5029182,796,0.0,0.0
DTXSID5029184,796,0.0,0.0
DTXSID5029186,796,0.0,0.0
DTXSID5029211,796,0.0,0.0
DTXSID5029217,796,0.0,0.0
DTXSID5029263,796,0.0,0.0
DTXSID5029265,796,0.0,0.0
DTXSID5029267,796,0.0,0.0
DTXSID5029683,796,0.0,0.0
DTXSID5029710,796,0.0,0.0
DTXSID5029762,796,0.00011055242278578877,0.0
DTXSID5030955,796,0.0,0.0
DTXSID5031131,796,0.0,0.0
DTXSID5031133,796,0.00024865679068952393,0.0
DTXSID5031210,796,0.0,0.0
DTXSID5031428,796,0.997932366266534,1.0
DTXSID5032020,796,0.0,0.0
DTXSID5032315,796,0.9991189420884975,1.0
DTXSID5032361,796,0.0,0.0
DTXSID5032365,796,0.0,0.0
DTXSID5032442,796,0.0,0.0
DTXSID5032498,796,0.0,0.0
DTXSID5032523,796,0.0,0.0
DTXSID5032525,796,0.0,0.0
DTXSID5032573,796,7.509976518946094e-09,0.0
DTXSID5032577,796,0.0,0.0
DTXSID5032579,796,0.9710946388529645,1.0
DTXSID5032600,796,0.9999973682024504,1.0
DTXSID5032654,796,0.0,0.0
DTXSID5033096,796,0.0,0.0
DTXSID5033098,796,0.0,0.0
DTXSID5033179,796,0.0,0.0
DTXSID5033389,796,0.0,0.0
DTXSID5033468,796,,
DTXSID5033595,796,1.4039584080900377e-12,0.0
DTXSID5033674,796,0.0,0.0
DTXSID5033701,796,0.0,0.0
DTXSID5033757,796,,
DTXSID5033836,796,0.8636835209879358,0.0
DTXSID5034270,796,0.0,0.0
DTXSID5034303,796,0.9949717273217826,1.0
DTXSID5034355,796,0.0,0.0
DTXSID5034357,796,0.9999999999930903,1.0
DTXSID5034698,796,0.0,0.0
DTXSID5034723,796,0.0,0.0
DTXSID5034729,796,0.0,0.0
DTXSID5034773,796,3.0104066750071364e-19,0.0
DTXSID5034981,796,0.0,0.0
DTXSID5035163,796,0.0,0.0
DTXSID5035589,796,,
DTXSID5035616,796,0.0,0.0
DTXSID5035957,796,3.2836604440283984e-19,0.0
DTXSID5036684,796,0.999252470627506,1.0
DTXSID5037028,796,,
DTXSID5037072,796,0.0,0.0
DTXSID5037236,796,9.758750642681896e-14,0.0
DTXSID5037494,796,0.0,0.0
DTXSID5037498,796,0.0,0.0
DTXSID5037523,796,0.0,0.0
DTXSID5037527,796,0.06407925770474909,0.0
DTXSID5037571,796,6.800599794265636e-20,0.0
DTXSID5037577,796,1.4901019657608359e-16,0.0
DTXSID5037579,796,0.0,0.0
DTXSID5037731,796,0.9999361116979486,1.0
DTXSID5037739,796,0.0298361952681608,0.0
DTXSID5038830,796,0.0,0.0
DTXSID5038888,796,,
DTXSID5039224,796,,
DTXSID5039721,796,0.0,0.0
DTXSID5040413,796,5.0689177898838056e-08,0.0
DTXSID5040461,796,0.0,0.0
DTXSID5040465,796,0.0,0.0
DTXSID5040540,796,0.0,0.0
DTXSID5040625,796,0.0,0.0
DTXSID5040675,796,0.0,0.0
DTXSID5040679,796,0.9999999999722785,1.0
DTXSID5040700,796,0.0,0.0
DTXSID5040702,796,0.0,0.0
DTXSID5040708,796,0.0,0.0
DTXSID5040750,796,4.764304517060243e-13,0.0
DTXSID5040758,796,0.9998451181408526,1.0
DTXSID5041148,796,0.0,0.0
DTXSID5041190,796,0.0,0.0
DTXSID5041273,796,0.0,0.0
DTXSID5041275,796,0.0,0.0
DTXSID5041279,796,0.0,0.0
DTXSID5041302,796,0.0,0.0
DTXSID5041306,796,0.9195948988594427,1.0
DTXSID5041308,796,0.0,0.0
DTXSID5041356,796,0.027026269539955138,0.0
DTXSID5041431,796,0.0,0.0
DTXSID5041437,796,0.0,0.0
DTXSID5041439,796,,
DTXSID5041487,796,0.0,0.0
DTXSID5041512,796,0.0,0.0
DTXSID5041514,796,0.0,0.0
DTXSID5041516,796,0.0,0.0
DTXSID5041518,796,0.0,0.0
DTXSID5041641,796,0.0,0.0
DTXSID5041643,796,0.0,0.0
DTXSID5041691,796,0.0,0.0
DTXSID5041697,796,0.0,0.0
DTXSID5041699,796,0.0,0.0
DTXSID5041726,796,,
DTXSID5041728,796,,
DTXSID5041772,796,0.9999999999735992,1.0
DTXSID5041774,796,0.0406335366578369,0.0
DTXSID5041778,796,0.0,0.0
DTXSID5041803,796,0.0,0.0
DTXSID5041809,796,0.0,0.0
DTXSID5041851,796,0.9626227642881748,1.0
DTXSID5042083,796,0.9587269284682415,1.0
DTXSID5042089,796,0.0,0.0
DTXSID5042243,796,0.0,0.0
DTXSID5042247,796,1.3442857281338688e-16,0.0
DTXSID5042249,796,0.7185927230652922,0.0
DTXSID5042297,796,3.7012765518141155e-12,0.0
DTXSID5042299,796,1.654875690404675e-05,0.0
DTXSID5042320,796,0.0,0.0
DTXSID5042322,796,0.0,0.0
DTXSID5042324,796,0.004282541855486531,0.0
DTXSID5042451,796,0.0,0.0
DTXSID5042459,796,,
DTXSID5042584,796,0.0,0.0
DTXSID5042613,796,0.0,0.0
DTXSID5043714,796,0.0,0.0
DTXSID5043895,796,0.0,0.0
DTXSID5043897,796,,
DTXSID5044023,796,0.0,0.0
DTXSID5044029,796,0.0,0.0
DTXSID5044239,796,0.0,0.0
DTXSID5044289,796,0.0,0.0
DTXSID5044314,796,0.0,0.0
DTXSID5044316,796,0.0,0.0
DTXSID5044318,796,0.0,0.0
DTXSID5044360,796,0.0,0.0
DTXSID5044362,796,0.0,0.0
DTXSID5044364,796,0.0,0.0
DTXSID5044366,796,,
DTXSID5044441,796,0.0,0.0
DTXSID5044443,796,0.0,0.0
DTXSID5044445,796,0.0,0.0
DTXSID5044447,796,0.0,0.0
DTXSID5044491,796,0.0,0.0
DTXSID5044493,796,0.0,0.0
DTXSID5044495,796,0.0,0.0
DTXSID5044520,796,0.9998844487169121,1.0
DTXSID5044522,796,0.0,0.0
DTXSID5044526,796,4.080770867207141e-18,0.0
DTXSID5044528,796,2.386255970030658e-10,0.0
DTXSID5044570,796,0.0,0.0
DTXSID5044572,796,0.0,0.0
DTXSID5044574,796,0.0,0.0
DTXSID5044576,796,0.0,0.0
DTXSID5044578,796,0.0,0.0
DTXSID5044603,796,0.0,0.0
DTXSID5044607,796,0.9999999990586022,1.0
DTXSID5044609,796,0.0,0.0
DTXSID5044655,796,0.0,0.0
DTXSID5044732,796,0.0,0.0
DTXSID5044734,796,0.0,0.0
DTXSID5044738,796,0.0003302874719046759,0.0
DTXSID5044780,796,0.0,0.0
DTXSID5044782,796,,
DTXSID5044784,796,0.0,0.0
DTXSID5044786,796,2.50240918886126e-13,0.0
DTXSID5044788,796,1.1939489673403314e-08,0.0
DTXSID5044811,796,0.0,0.0
DTXSID5044815,796,0.0,0.0
DTXSID5044817,796,0.8088395137373142,0.0
DTXSID5044819,796,0.0,0.0
DTXSID5044863,796,0.0,0.0
DTXSID5044865,796,,
DTXSID5044867,796,1.116291219516381e-14,0.0
DTXSID5044869,796,9.889162988436105e-07,0.0
DTXSID5044940,796,0.016332114326997334,0.0
DTXSID5044948,796,0.0,0.0
DTXSID5044990,796,0.0,0.0
DTXSID5044992,796,0.0,0.0
DTXSID5044994,796,,
DTXSID5044996,796,0.0,0.0
DTXSID5044998,796,0.0,0.0
DTXSID5045091,796,0.0,0.0
DTXSID5045093,796,0.0,0.0
DTXSID5045099,796,0.0,0.0
DTXSID5045120,796,0.0,0.0
DTXSID5045122,796,0.0,0.0
DTXSID5045124,796,0.0,0.0
DTXSID5045128,796,0.0,0.0
DTXSID5045170,796,0.0,0.0
DTXSID5045174,796,0.0,0.0
DTXSID5045176,796,0.0,0.0
DTXSID5045178,796,0.08448916387347272,0.0
DTXSID5045201,796,0.0,0.0
DTXSID5045203,796,0.0,0.0
DTXSID5045205,796,0.0,0.0
DTXSID5045209,796,0.0,0.0
DTXSID5045330,796,0.0,0.0
DTXSID5045332,796,0.0,0.0
DTXSID5045380,796,0.0,0.0
DTXSID5045382,796,0.0,0.0
DTXSID5045384,796,0.0,0.0
DTXSID5045386,796,0.0,0.0
DTXSID5045388,796,0.0,0.0
DTXSID5045413,796,0.0,0.0
DTXSID5045417,796,0.0,0.0
DTXSID5045419,796,0.0,0.0
DTXSID5045461,796,0.0,0.0
DTXSID5045463,796,0.0,0.0
DTXSID5045465,796,0.0,0.0
DTXSID5045467,796,0.0,0.0
DTXSID5045469,796,0.0,0.0
DTXSID5045540,796,0.0,0.0
DTXSID5045542,796,0.0,0.0
DTXSID5045544,796,,
DTXSID5045546,796,0.0,0.0
DTXSID5045590,796,0.0,0.0
DTXSID5045594,796,0.0,0.0
DTXSID5045596,796,0.0,0.0
DTXSID5045598,796,0.0,0.0
DTXSID5045623,796,0.0,0.0
DTXSID5045625,796,0.0,0.0
DTXSID5045671,796,0.0,0.0
DTXSID5045673,796,0.0,0.0
DTXSID5045675,796,0.0,0.0
DTXSID5045677,796,0.0,0.0
DTXSID5045679,796,0.0,0.0
DTXSID5045700,796,1.913799780331589e-10,0.0
DTXSID5045702,796,0.0,0.0
DTXSID5045704,796,0.0,0.0
DTXSID5045706,796,0.0,0.0
DTXSID5045708,796,0.0,0.0
DTXSID5045750,796,0.0,0.0
DTXSID5045752,796,0.0,0.0
DTXSID5045756,796,0.0,0.0
DTXSID5045758,796,0.0,0.0
DTXSID5045831,796,0.0,0.0
DTXSID5045833,796,0.0,0.0
DTXSID5045835,796,0.0,0.0
DTXSID5045839,796,0.0,0.0
DTXSID5045881,796,,
DTXSID5045883,796,0.0,0.0
DTXSID5045885,796,0.0,0.0
DTXSID5045887,796,0.0,0.0
DTXSID5045889,796,0.0,0.0
DTXSID5045910,796,0.0,0.0
DTXSID5045914,796,0.0,0.0
DTXSID5045916,796,0.0,0.0
DTXSID5045960,796,0.0,0.0
DTXSID5045962,796,0.0,0.0
DTXSID5045964,796,0.0,0.0
DTXSID5046011,796,0.0,0.0
DTXSID5046013,796,0.0,0.0
DTXSID5046015,796,0.0,0.0
DTXSID5046017,796,0.0,0.0
DTXSID5046019,796,0.0,0.0
DTXSID5046061,796,0.0,0.0
DTXSID5046063,796,0.0,0.0
DTXSID5046067,796,0.0,0.0
DTXSID5046069,796,0.0,0.0
DTXSID5046140,796,1.0,1.0
DTXSID5046142,796,0.0,0.0
DTXSID5046144,796,0.0,0.0
DTXSID5046146,796,0.0,0.0
DTXSID5046148,796,0.9999999903063824,1.0
DTXSID5046190,796,0.0,0.0
DTXSID5046192,796,4.60774893671208e-13,0.0
DTXSID5046194,796,0.0,0.0
DTXSID5046196,796,0.0,0.0
DTXSID5046198,796,0.0,0.0
DTXSID5046221,796,0.0,0.0
DTXSID5046223,796,,
DTXSID5046225,796,0.9999992548721893,1.0
DTXSID5046227,796,0.9999998172237169,1.0
DTXSID5046229,796,0.0,0.0
DTXSID5046271,796,0.0,0.0
DTXSID5046273,796,0.0,0.0
DTXSID5046275,796,0.0,0.0
DTXSID5046277,796,0.0,0.0
DTXSID5046279,796,1.0,1.0
DTXSID5046300,796,0.0,0.0
DTXSID5046306,796,0.0,0.0
DTXSID5046308,796,0.9530537615614262,1.0
DTXSID5046352,796,,
DTXSID5046354,796,0.0,0.0
DTXSID5046356,796,0.0,0.0
DTXSID5046358,796,0.0015491709323123448,0.0
DTXSID5046433,796,0.0,0.0
DTXSID5046435,796,0.0,0.0
DTXSID5046437,796,0.0,0.0
DTXSID5046439,796,0.0,0.0
DTXSID5046481,796,0.0,0.0
DTXSID5046483,796,0.0,0.0
DTXSID5046485,796,0.0,0.0
DTXSID5046487,796,0.0,0.0
DTXSID5046489,796,0.0,0.0
DTXSID5046510,796,0.0,0.0
DTXSID5046512,796,0.0,0.0
DTXSID5046516,796,0.0,0.0
DTXSID5046518,796,0.0,0.0
DTXSID5046560,796,0.0,0.0
DTXSID5046562,796,0.0,0.0
DTXSID5046564,796,0.0,0.0
DTXSID5046566,796,0.0,0.0
DTXSID5046568,796,0.0,0.0
DTXSID5046641,796,0.0,0.0
DTXSID5046643,796,0.0,0.0
DTXSID5046647,796,0.0,0.0
DTXSID5046649,796,0.0,0.0
DTXSID5046691,796,0.0,0.0
DTXSID5046693,796,0.0,0.0
DTXSID5046695,796,0.0,0.0
DTXSID5046697,796,0.0,0.0
DTXSID5046699,796,0.0,0.0
DTXSID5046720,796,7.72859647465524e-14,0.0
DTXSID5046722,796,4.597155332108667e-15,0.0
DTXSID5046724,796,0.0,0.0
DTXSID5046726,796,,
DTXSID5046728,796,0.0,0.0
DTXSID5046770,796,7.260280929700598e-08,0.0
DTXSID5046772,796,0.0,0.0
DTXSID5046776,796,0.0,0.0
DTXSID5046778,796,0.9999999999999946,1.0
DTXSID5046801,796,0.0,0.0
DTXSID5046803,796,0.0,0.0
DTXSID5046805,796,0.0,0.0
DTXSID5046807,796,0.0,0.0
DTXSID5046851,796,0.0,0.0
DTXSID5046853,796,0.9999991298029879,1.0
DTXSID5046855,796,0.0,0.0
DTXSID5046857,796,0.0,0.0
DTXSID5046859,796,0.0,0.0
DTXSID5046938,796,0.0,0.0
DTXSID5046980,796,0.0,0.0
DTXSID5046986,796,0.0,0.0
DTXSID5046988,796,0.0,0.0
DTXSID5047031,796,1.2499890016990049e-11,0.0
DTXSID5047033,796,0.0,0.0
DTXSID5047035,796,0.0,0.0
DTXSID5047037,796,0.0,0.0
DTXSID5047039,796,0.0,0.0
DTXSID5047081,796,0.0,0.0
DTXSID5047083,796,0.0,0.0
DTXSID5047085,796,0.0,0.0
DTXSID5047087,796,0.0,0.0
DTXSID5047089,796,0.0,0.0
DTXSID5047110,796,0.0,0.0
DTXSID5047112,796,,
DTXSID5047116,796,0.0,0.0
DTXSID5047118,796,0.0,0.0
DTXSID5047160,796,0.0,0.0
DTXSID5047162,796,0.0,0.0
DTXSID5047164,796,0.0,0.0
DTXSID5047166,796,0.0,0.0
DTXSID5047168,796,0.0,0.0
DTXSID5047241,796,0.0,0.0
DTXSID5047243,796,0.0,0.0
DTXSID5047249,796,0.005088775320896059,0.0
DTXSID5047291,796,0.0,0.0
DTXSID5047295,796,,
DTXSID5047297,796,0.0,0.0
DTXSID5047299,796,0.0,0.0
DTXSID5047320,796,0.0,0.0
DTXSID5047322,796,0.999999999994939,1.0
DTXSID5047324,796,0.0,0.0
DTXSID5047328,796,0.9434737979483815,1.0
DTXSID5047372,796,0.09385960200063899,0.0
DTXSID5047374,796,0.9999999999999513,1.0
DTXSID5047376,796,0.0,0.0
DTXSID5047405,796,0.0,0.0
DTXSID5047451,796,0.0,0.0
DTXSID5047453,796,0.0,0.0
DTXSID5047459,796,0.0,0.0
DTXSID5047530,796,0.0,0.0
DTXSID5047538,796,0.0,0.0
DTXSID5047582,796,0.0,0.0
DTXSID5047584,796,0.0,0.0
DTXSID5047611,796,0.0,0.0
DTXSID5047617,796,0.0,0.0
DTXSID5047661,796,0.0,0.0
DTXSID5047663,796,0.0,0.0
DTXSID5047665,796,7.57995972743746e-16,0.0
DTXSID5047667,796,0.0,0.0
DTXSID5047744,796,0.0,0.0
DTXSID5047790,796,0.0,0.0
DTXSID5047796,796,0.0,0.0
DTXSID5047825,796,0.0,0.0
DTXSID5047829,796,0.0,0.0
DTXSID5047871,796,0.0,0.0
DTXSID5047873,796,0.0,0.0
DTXSID5047875,796,0.0,0.0
DTXSID5047877,796,0.0,0.0
DTXSID5047879,796,0.0,0.0
DTXSID5047900,796,,
DTXSID5047902,796,0.0,0.0
DTXSID5047904,796,,
DTXSID5047906,796,0.0,0.0
DTXSID5047908,796,0.0,0.0
DTXSID5047950,796,,
DTXSID5047952,796,0.0,0.0
DTXSID5047954,796,0.0,0.0
DTXSID5047956,796,0.0,0.0
DTXSID5048180,796,0.0,0.0
DTXSID5048182,796,0.0,0.0
DTXSID5048184,796,0.0,0.0
DTXSID5048186,796,0.995456167610482,1.0
DTXSID5048188,796,0.0,0.0
DTXSID5048211,796,0.0,0.0
DTXSID5048421,796,0.0,0.0
DTXSID5048506,796,0.006370985190070387,0.0
DTXSID5048631,796,0.0,0.0
DTXSID5048633,796,0.0,0.0
DTXSID5048635,796,0.0,0.0
DTXSID5048637,796,0.0,0.0
DTXSID5048639,796,0.0,0.0
DTXSID5048681,796,0.0,0.0
DTXSID5048683,796,0.0,0.0
DTXSID5048685,796,0.0,0.0
DTXSID5048687,796,0.0,0.0
DTXSID5048689,796,1.3559271772169396e-09,0.0
DTXSID5048710,796,0.0,0.0
DTXSID5048712,796,0.0,0.0
DTXSID5048714,796,0.0,0.0
DTXSID5048716,796,0.0,0.0
DTXSID5048718,796,0.0,0.0
DTXSID5048760,796,0.0,0.0
DTXSID5048762,796,0.0,0.0
DTXSID5048764,796,0.0,0.0
DTXSID5048766,796,0.0,0.0
DTXSID5048768,796,0.0,0.0
DTXSID5048841,796,0.0,0.0
DTXSID5048843,796,0.0,0.0
DTXSID5048845,796,0.0,0.0
DTXSID5048847,796,0.0,0.0
DTXSID5048849,796,,
DTXSID5048891,796,0.0,0.0
DTXSID5048893,796,0.0,0.0
DTXSID5048895,796,0.0,0.0
DTXSID5048897,796,0.0,0.0
DTXSID5048899,796,0.0,0.0
DTXSID5048920,796,,
DTXSID5048922,796,0.0,0.0
DTXSID5048924,796,0.0,0.0
DTXSID5048926,796,0.0,0.0
DTXSID5048928,796,0.0,0.0
DTXSID5048970,796,,
DTXSID5048972,796,9.597907153188497e-14,0.0
DTXSID5048974,796,0.0,0.0
DTXSID5048976,796,0.0,0.0
DTXSID5048978,796,0.0,0.0
DTXSID5049021,796,,
DTXSID5049023,796,0.0,0.0
DTXSID5049025,796,0.0,0.0
DTXSID5049027,796,0.0,0.0
DTXSID5049029,796,0.0,0.0
DTXSID5049071,796,0.0,0.0
DTXSID5049073,796,0.011424931676851999,0.0
DTXSID5049075,796,0.0,0.0
DTXSID5049077,796,0.009055032702440792,0.0
DTXSID5049079,796,0.0,0.0
DTXSID5049231,796,0.0,0.0
DTXSID5049233,796,0.0,0.0
DTXSID5049235,796,,
DTXSID5049237,796,0.0,0.0
DTXSID5049239,796,0.0,0.0
DTXSID5049281,796,0.0,0.0
DTXSID5049283,796,,
DTXSID5049285,796,0.0,0.0
DTXSID5049287,796,0.0,0.0
DTXSID5049289,796,0.0,0.0
DTXSID5049310,796,0.0,0.0
DTXSID5049312,796,0.0,0.0
DTXSID5049314,796,0.0,0.0
DTXSID5049316,796,0.0,0.0
DTXSID5049318,796,0.0,0.0
DTXSID5049360,796,0.0,0.0
DTXSID5049362,796,0.0,0.0
DTXSID5049364,796,0.0,0.0
DTXSID5049366,796,0.0,0.0
DTXSID5049368,796,0.0,0.0
DTXSID5049445,796,0.0,0.0
DTXSID5049447,796,0.0,0.0
DTXSID5049449,796,0.0,0.0
DTXSID5049491,796,0.0,0.0
DTXSID5049493,796,0.0,0.0
DTXSID5049495,796,0.0,0.0
DTXSID5049497,796,0.0,0.0
DTXSID5049499,796,0.0,0.0
DTXSID5049520,796,0.0,0.0
DTXSID5049522,796,0.0,0.0
DTXSID5049524,796,0.0,0.0
DTXSID5049526,796,0.0,0.0
DTXSID5049528,796,0.3640238527972541,0.0
DTXSID5050426,796,0.0,0.0
DTXSID5051440,796,0.0,0.0
DTXSID6020014,796,0.0,0.0
DTXSID6020062,796,0.0,0.0
DTXSID6020064,796,0.0,0.0
DTXSID6020066,796,0.0,0.0
DTXSID6020068,796,,
DTXSID6020141,796,0.0,0.0
DTXSID6020143,796,0.0,0.0
DTXSID6020145,796,0.0,0.0
DTXSID6020147,796,0.0,0.0
DTXSID6020149,796,0.0,0.0
DTXSID6020193,796,0.0,0.0
DTXSID6020197,796,2.2276623989236092e-10,0.0
DTXSID6020199,796,0.0,0.0
DTXSID6020220,796,0.9880325066135995,1.0
DTXSID6020222,796,0.0,0.0
DTXSID6020224,796,0.0,0.0
DTXSID6020226,796,0.0,0.0
DTXSID6020274,796,0.0,0.0
DTXSID6020276,796,6.434357928024124e-05,0.0
DTXSID6020278,796,6.025767355483887e-18,0.0
DTXSID6020303,796,0.0,0.0
DTXSID6020307,796,0.0,0.0
DTXSID6020309,796,1.0925461681637564e-17,0.0
DTXSID6020355,796,0.0,0.0
DTXSID6020357,796,0.0,0.0
DTXSID6020359,796,0.0,0.0
DTXSID6020430,796,0.0,0.0
DTXSID6020432,796,0.9996151202654153,1.0
DTXSID6020434,796,0.0,0.0
DTXSID6020438,796,0.0,0.0
DTXSID6020480,796,0.0,0.0
DTXSID6020484,796,0.0,0.0
DTXSID6020511,796,0.0,0.0
DTXSID6020513,796,0.0,0.0
DTXSID6020515,796,0.0,0.0
DTXSID6020517,796,0.0,0.0
DTXSID6020561,796,0.0,0.0
DTXSID6020569,796,0.0,0.0
DTXSID6020646,796,0.0,0.0
DTXSID6020648,796,0.0,0.0
DTXSID6020690,796,1.0,1.0
DTXSID6020692,796,0.0,0.0
DTXSID6020694,796,0.0,0.0
DTXSID6020696,796,0.0,0.0
DTXSID6020721,796,0.0,0.0
DTXSID6020771,796,0.0,0.0
DTXSID6020777,796,0.0,0.0
DTXSID6020779,796,5.458042512650026e-15,0.0
DTXSID6020802,796,0.0,0.0
DTXSID6020804,796,0.0,0.0
DTXSID6020856,796,0.0,0.0
DTXSID6020933,796,0.0,0.0
DTXSID6020937,796,0.0,0.0
DTXSID6020939,796,0.0,0.0
DTXSID6020981,796,0.0,0.0
DTXSID6020983,796,0.0,0.0
DTXSID6020985,796,0.0,0.0
DTXSID6021030,796,0.0,0.0
DTXSID6021032,796,0.0,0.0
DTXSID6021036,796,0.0,0.0
DTXSID6021080,796,0.0,0.0
DTXSID6021082,796,0.0,0.0
DTXSID6021084,796,0.9974120710176281,1.0
DTXSID6021086,796,0.0,0.0
DTXSID6021113,796,0.0,0.0
DTXSID6021117,796,0.0,0.0
DTXSID6021163,796,0.0,0.0
DTXSID6021165,796,0.0,0.0
DTXSID6021240,796,0.0,0.0
DTXSID6021244,796,,
DTXSID6021246,796,0.0,0.0
DTXSID6021248,796,1.4973854036812908e-07,0.0
DTXSID6021290,796,0.0,0.0
DTXSID6021292,796,0.0,0.0
DTXSID6021294,796,0.0,0.0
DTXSID6021296,796,0.0,0.0
DTXSID6021321,796,0.0,0.0
DTXSID6021327,796,0.9758530403005481,1.0
DTXSID6021371,796,0.0,0.0
DTXSID6021373,796,0.0,0.0
DTXSID6021375,796,0.0,0.0
DTXSID6021377,796,0.0,0.0
DTXSID6021379,796,0.0,0.0
DTXSID6021402,796,0.0,0.0
DTXSID6021404,796,0.0,0.0
DTXSID6021408,796,0.9996947416544072,1.0
DTXSID6021456,796,,
DTXSID6021458,796,0.0,0.0
DTXSID6021581,796,0.0,0.0
DTXSID6021583,796,0.0,0.0
DTXSID6021585,796,0.0,0.0
DTXSID6021610,796,0.0,0.0
DTXSID6021618,796,0.0,0.0
DTXSID6021660,796,0.0,0.0
DTXSID6021666,796,2.2991719230558723e-09,0.0
DTXSID6021668,796,0.0,0.0
DTXSID6021741,796,0.0,0.0
DTXSID6021749,796,0.0,0.0
DTXSID6021793,796,0.9999788924741624,1.0
DTXSID6021795,796,0.0,0.0
DTXSID6021799,796,0.0,0.0
DTXSID6021820,796,0.0,0.0
DTXSID6021822,796,0.0,0.0
DTXSID6021824,796,0.9999999998994842,1.0
DTXSID6021828,796,0.0,0.0
DTXSID6021872,796,0.0,0.0
DTXSID6021874,796,0.0,0.0
DTXSID6021901,796,0.0,0.0
DTXSID6021907,796,0.0,0.0
DTXSID6021909,796,0.0,0.0
DTXSID6021953,796,0.0,0.0
DTXSID6021957,796,0.0,0.0
DTXSID6021959,796,0.9996279717192822,1.0
DTXSID6022000,796,0.0,0.0
DTXSID6022004,796,0.0,0.0
DTXSID6022006,796,0.0,0.0
DTXSID6022008,796,0.0,0.0
DTXSID6022050,796,0.0,0.0
DTXSID6022056,796,0.0,0.0
DTXSID6022058,796,0.0,0.0
DTXSID6022131,796,0.0,0.0
DTXSID6022133,796,0.0,0.0
DTXSID6022137,796,0.0,0.0
DTXSID6022187,796,0.0,0.0
DTXSID6022218,796,0.0,0.0
DTXSID6022341,796,7.335017157332554e-18,0.0
DTXSID6022345,796,0.03657159370633654,0.0
DTXSID6022391,796,0.9958175360622846,1.0
DTXSID6022393,796,0.999999999999743,1.0
DTXSID6022399,796,0.9994826385035335,1.0
DTXSID6022420,796,0.0,0.0
DTXSID6022422,796,0.0,0.0
DTXSID6022472,796,0.0,0.0
DTXSID6022474,796,0.0,0.0
DTXSID6022553,796,0.0,0.0
DTXSID6022555,796,1.677740961495346e-13,0.0
DTXSID6022557,796,0.0,0.0
DTXSID6022559,796,0.0,0.0
DTXSID6022630,796,0.0,0.0
DTXSID6022632,796,0.0,0.0
DTXSID6022636,796,0.0,0.0
DTXSID6022684,796,0.0,0.0
DTXSID6022719,796,0.0,0.0
DTXSID6022842,796,0.0,0.0
DTXSID6022844,796,,
DTXSID6022846,796,0.0,0.0
DTXSID6022892,796,0.9996368780813126,1.0
DTXSID6022894,796,0.0,0.0
DTXSID6022898,796,0.0,0.0
DTXSID6022927,796,0.0,0.0
DTXSID6022973,796,0.0,0.0
DTXSID6022975,796,0.0,0.0
DTXSID6022977,796,0.0,0.0
DTXSID6023020,796,0.0,0.0
DTXSID6023024,796,7.306341205531455e-09,0.0
DTXSID6023028,796,0.0,0.0
DTXSID6023076,796,0.0,0.0
DTXSID6023078,796,0.0,0.0
DTXSID6023101,796,0.0,0.0
DTXSID6023103,796,0.10780754895685468,0.0
DTXSID6023109,796,0.0,0.0
DTXSID6023153,796,0.0,0.0
DTXSID6023155,796,0.0,0.0
DTXSID6023157,796,0.0,0.0
DTXSID6023159,796,0.0,0.0
DTXSID6023232,796,0.0,0.0
DTXSID6023280,796,0.0,0.0
DTXSID6023286,796,0.0,0.0
DTXSID6023313,796,0.0,0.0
DTXSID6023315,796,0.0,0.0
DTXSID6023317,796,0.0,0.0
DTXSID6023319,796,,
DTXSID6023363,796,,
DTXSID6023365,796,0.0,0.0
DTXSID6023367,796,0.0,0.0
DTXSID6023369,796,0.0,0.0
DTXSID6023440,796,0.0,0.0
DTXSID6023442,796,0.0,0.0
DTXSID6023490,796,0.0,0.0
DTXSID6023492,796,0.0007371731163769949,0.0
DTXSID6023496,796,0.0,0.0
DTXSID6023523,796,0.0,0.0
DTXSID6023529,796,0.0,0.0
DTXSID6023571,796,0.0,0.0
DTXSID6023600,796,0.0,0.0
DTXSID6023602,796,0.0,0.0
DTXSID6023608,796,0.0,0.0
DTXSID6023650,796,0.0,0.0
DTXSID6023652,796,0.0,0.0
DTXSID6023656,796,,
DTXSID6023658,796,0.0,0.0
DTXSID6023733,796,0.0,0.0
DTXSID6023735,796,0.0,0.0
DTXSID6023737,796,2.764067742149032e-17,0.0
DTXSID6023810,796,,
DTXSID6023862,796,0.0,0.0
DTXSID6023864,796,0.0,0.0
DTXSID6023868,796,,
DTXSID6023947,796,0.0,0.0
DTXSID6023997,796,1.8336910149054882e-19,0.0
DTXSID6023999,796,0.0,0.0
DTXSID6024046,796,0.0,0.0
DTXSID6024048,796,0.0,0.0
DTXSID6024123,796,0.0,0.0
DTXSID6024127,796,0.0,0.0
DTXSID6024175,796,0.0,0.0
DTXSID6024177,796,0.0,0.0
DTXSID6024200,796,0.0,0.0
DTXSID6024204,796,0.0,0.0
DTXSID6024206,796,0.0,0.0
DTXSID6024254,796,0.0753030001278409,0.0
DTXSID6024331,796,0.0,0.0
DTXSID6024337,796,0.9947017595186539,1.0
DTXSID6024412,796,0.0,0.0
DTXSID6024414,796,0.0,0.0
DTXSID6024460,796,,
DTXSID6024462,796,0.0,0.0
DTXSID6024466,796,0.0,0.0
DTXSID6024591,796,0.0,0.0
DTXSID6024597,796,0.0,0.0
DTXSID6024599,796,0.0,0.0
DTXSID6024622,796,0.0,0.0
DTXSID6024624,796,3.208906873203568e-11,0.0
DTXSID6024628,796,0.0,0.0
DTXSID6024670,796,0.0,0.0
DTXSID6024674,796,0.0,0.0
DTXSID6024676,796,0.0,0.0
DTXSID6024701,796,1.0,1.0
DTXSID6024832,796,0.0,0.0
DTXSID6024834,796,0.0,0.0
DTXSID6024836,796,0.0,0.0
DTXSID6024880,796,0.0,0.0
DTXSID6024882,796,0.0,0.0
DTXSID6024886,796,0.0,0.0
DTXSID6024888,796,0.0,0.0
DTXSID6024911,796,1.4837817051961612e-09,0.0
DTXSID6024913,796,0.0,0.0
DTXSID6024915,796,0.0,0.0
DTXSID6024917,796,0.0,0.0
DTXSID6024961,796,0.0,0.0
DTXSID6024965,796,0.0,0.0
DTXSID6024967,796,0.0,0.0
DTXSID6025010,796,0.0,0.0
DTXSID6025012,796,0.0,0.0
DTXSID6025014,796,0.0,0.0
DTXSID6025018,796,0.0,0.0
DTXSID6025064,796,0.0,0.0
DTXSID6025068,796,0.0,0.0
DTXSID6025141,796,0.0,0.0
DTXSID6025143,796,0.0,0.0
DTXSID6025145,796,0.0,0.0
DTXSID6025149,796,,
DTXSID6025220,796,0.0,0.0
DTXSID6025226,796,,
DTXSID6025272,796,0.0,0.0
DTXSID6025276,796,0.0,0.0
DTXSID6025278,796,0.0,0.0
DTXSID6025301,796,0.0,0.0
DTXSID6025303,796,0.0,0.0
DTXSID6025307,796,0.0,0.0
DTXSID6025309,796,0.0,0.0
DTXSID6025355,796,0.0,0.0
DTXSID6025436,796,0.0,0.0
DTXSID6025438,796,0.0,0.0
DTXSID6025480,796,0.0,0.0
DTXSID6025486,796,0.0,0.0
DTXSID6025513,796,0.0,0.0
DTXSID6025565,796,,
DTXSID6025567,796,0.0,0.0
DTXSID6025569,796,0.0,0.0
DTXSID6025640,796,0.0,0.0
DTXSID6025642,796,0.0,0.0
DTXSID6025690,796,,
DTXSID6025692,796,0.0,0.0
DTXSID6025696,796,0.40079598850243997,0.0
DTXSID6025723,796,0.0,0.0
DTXSID6025725,796,0.0,0.0
DTXSID6025775,796,0.0,0.0
DTXSID6025804,796,0.0,0.0
DTXSID6025850,796,0.0,0.0
DTXSID6025854,796,0.0,0.0
DTXSID6025939,796,2.420312918761933e-14,0.0
DTXSID6025983,796,0.0,0.0
DTXSID6026080,796,0.0,0.0
DTXSID6026082,796,0.0,0.0
DTXSID6026084,796,0.0,0.0
DTXSID6026088,796,0.0,0.0
DTXSID6026115,796,0.0,0.0
DTXSID6026119,796,0.0,0.0
DTXSID6026161,796,0.0,0.0
DTXSID6026167,796,0.0,0.0
DTXSID6026169,796,0.0,0.0
DTXSID6026240,796,0.0,0.0
DTXSID6026292,796,0.0,0.0
DTXSID6026294,796,9.138429070500312e-13,0.0
DTXSID6026298,796,0.0,0.0
DTXSID6026325,796,0.0,0.0
DTXSID6026373,796,0.0,0.0
DTXSID6026450,796,0.0,0.0
DTXSID6026535,796,0.0,0.0
DTXSID6026537,796,0.0,0.0
DTXSID6026612,796,0.0,0.0
DTXSID6026664,796,0.0,0.0
DTXSID6026797,796,0.0,0.0
DTXSID6026799,796,0.0,0.0
DTXSID6026824,796,0.0,0.0
DTXSID6026872,796,0.0,0.0
DTXSID6026878,796,0.0,0.0
DTXSID6026901,796,,
DTXSID6026905,796,0.0,0.0
DTXSID6026955,796,0.0,0.0
DTXSID6027050,796,0.0,0.0
DTXSID6027052,796,0.0,0.0
DTXSID6027131,796,0.0,0.0
DTXSID6027133,796,0.0,0.0
DTXSID6027137,796,0.0,0.0
DTXSID6027181,796,0.0,0.0
DTXSID6027185,796,0.0,0.0
DTXSID6027214,796,0.0,0.0
DTXSID6027218,796,0.0,0.0
DTXSID6027262,796,0.0,0.0
DTXSID6027266,796,0.0,0.0
DTXSID6027268,796,0.0,0.0
DTXSID6027341,796,0.0,0.0
DTXSID6027343,796,0.0,0.0
DTXSID6027345,796,2.8593693238112806e-16,0.0
DTXSID6027395,796,0.0,0.0
DTXSID6027397,796,0.0,0.0
DTXSID6027503,796,0.0,0.0
DTXSID6027507,796,0.0,0.0
DTXSID6027509,796,0.0,0.0
DTXSID6027551,796,0.0,0.0
DTXSID6027636,796,0.0,0.0
DTXSID6027713,796,0.0,0.0
DTXSID6027844,796,0.0,0.0
DTXSID6027921,796,0.0,0.0
DTXSID6027923,796,0.9966005804395368,1.0
DTXSID6027925,796,0.9999999770793244,1.0
DTXSID6027975,796,0.0,0.0
DTXSID6028022,796,0.9999912607403075,1.0
DTXSID6028028,796,0.0,0.0
DTXSID6029121,796,0.0,0.0
DTXSID6029127,796,0.0,0.0
DTXSID6029202,796,0.0,0.0
DTXSID6029250,796,0.0,0.0
DTXSID6029254,796,0.0,0.0
DTXSID6029331,796,0.0,0.0
DTXSID6029335,796,0.0,0.0
DTXSID6029626,796,0.0,0.0
DTXSID6029670,796,0.0,0.0
DTXSID6029703,796,0.0,0.0
DTXSID6029707,796,0.0,0.0
DTXSID6029755,796,0.0,0.0
DTXSID6030607,796,0.0,0.0
DTXSID6031209,796,0.0,0.0
DTXSID6031380,796,3.987993623156027e-15,0.0
DTXSID6031461,796,1.1894225801126261e-18,0.0
DTXSID6032061,796,0.0,0.0
DTXSID6032192,796,0.9999999853342459,1.0
DTXSID6032352,796,1.541933893901749e-16,0.0
DTXSID6032354,796,0.0,0.0
DTXSID6032356,796,0.0,0.0
DTXSID6032358,796,0.0,0.0
DTXSID6032431,796,0.0,0.0
DTXSID6032437,796,0.0,0.0
DTXSID6032514,796,0.9993020454643715,1.0
DTXSID6032516,796,4.854960050601839e-06,0.0
DTXSID6032518,796,0.0,0.0
DTXSID6032562,796,2.1706084977869603e-14,0.0
DTXSID6032641,796,0.0,0.0
DTXSID6032645,796,0.0,0.0
DTXSID6032647,796,0.0,0.0
DTXSID6032649,796,0.0,0.0
DTXSID6032722,796,0.0,0.0
DTXSID6033241,796,0.0,0.0
DTXSID6033247,796,8.067437699520329e-09,0.0
DTXSID6033326,796,0.0,0.0
DTXSID6033401,796,0.0,0.0
DTXSID6033538,796,2.6163230478131667e-16,0.0
DTXSID6033825,796,0.0,0.0
DTXSID6034005,796,0.0,0.0
DTXSID6034186,796,0.0,0.0
DTXSID6034265,796,0.0,0.0
DTXSID6034392,796,0.0,0.0
DTXSID6034764,796,0.0,0.0
DTXSID6034849,796,0.0,0.0
DTXSID6034924,796,0.0,0.0
DTXSID6034928,796,0.9999999965207316,1.0
DTXSID6034972,796,0.0,0.0
DTXSID6035106,796,0.0,0.0
DTXSID6035152,796,0.0,0.0
DTXSID6035156,796,0.0,0.0
DTXSID6035285,796,0.0,0.0
DTXSID6035491,796,,
DTXSID6035784,796,0.0,0.0
DTXSID6036467,796,0.9999999964143649,1.0
DTXSID6037015,796,0.0,0.0
DTXSID6037069,796,0.0,0.0
DTXSID6037649,796,0.0,0.0
DTXSID6037697,796,0.0,0.0
DTXSID6037728,796,0.0,0.0
DTXSID6038798,796,0.0,0.0
DTXSID6038875,796,0.0,0.0
DTXSID6038877,796,1.0,1.0
DTXSID6040111,796,0.0,0.0
DTXSID6040115,796,0.0,0.0
DTXSID6040246,796,0.016184291241246488,0.0
DTXSID6040290,796,1.446001779245506e-09,0.0
DTXSID6040296,796,0.0,0.0
DTXSID6040371,796,,
DTXSID6040404,796,0.0,0.0
DTXSID6040583,796,0.0,0.0
DTXSID6040614,796,0.0,0.0
DTXSID6040662,796,0.9999999999991976,1.0
DTXSID6040664,796,0.0,0.0
DTXSID6040666,796,0.0,0.0
DTXSID6040668,796,0.0337811387868158,0.0
DTXSID6040745,796,2.6041398265005017e-05,0.0
DTXSID6040747,796,7.497842137471838e-07,0.0
DTXSID6040795,796,0.0,0.0
DTXSID6041056,796,0.0,0.0
DTXSID6041133,796,0.0,0.0
DTXSID6041137,796,0.0,0.0
DTXSID6041185,796,0.0,0.0
DTXSID6041210,796,0.0,0.0
DTXSID6041268,796,0.0,0.0
DTXSID6041347,796,0.0,0.0
DTXSID6041349,796,0.0,0.0
DTXSID6041420,796,0.0,0.0
DTXSID6041422,796,0.9999999999999987,1.0
DTXSID6041424,796,0.0,0.0
DTXSID6041426,796,0.0,0.0
DTXSID6041472,796,0.0,0.0
DTXSID6041507,796,0.0,0.0
DTXSID6041557,796,3.535414848115214e-16,0.0
DTXSID6041636,796,0.0,0.0
DTXSID6041638,796,2.91612221252861e-15,0.0
DTXSID6041680,796,0.0,0.0
DTXSID6041682,796,,
DTXSID6041684,796,2.0297392338405014e-12,0.0
DTXSID6041688,796,0.18961437823984012,0.0
DTXSID6041715,796,,
DTXSID6041719,796,0.0,0.0
DTXSID6041761,796,,
DTXSID6041844,796,0.0,0.0
DTXSID6041892,796,0.9624727286566322,1.0
DTXSID6041925,796,0.0,0.0
DTXSID6041927,796,0.0,0.0
DTXSID6041973,796,0.0,0.0
DTXSID6041977,796,0.0,0.0
DTXSID6042072,796,0.9680878308367407,1.0
DTXSID6042074,796,0.0,0.0
DTXSID6042157,796,0.0,0.0
DTXSID6042232,796,0.0,0.0
DTXSID6042234,796,0.0,0.0
DTXSID6042280,796,0.0,0.0
DTXSID6042315,796,0.0,0.0
DTXSID6042365,796,0.0,0.0
DTXSID6042369,796,0.9999999999999993,1.0
DTXSID6042440,796,0.910869520527271,1.0
DTXSID6042448,796,0.0,0.0
DTXSID6042490,796,0.0,0.0
DTXSID6042494,796,0.0,0.0
DTXSID6042498,796,0.9993818754869301,1.0
DTXSID6042521,796,0.0,0.0
DTXSID6042579,796,0.0,0.0
DTXSID6042602,796,0.0,0.0
DTXSID6043709,796,0.0,0.0
DTXSID6043913,796,0.0,0.0
DTXSID6043915,796,5.197106456774789e-11,0.0
DTXSID6043919,796,0.0,0.0
DTXSID6044014,796,0.0,0.0
DTXSID6044226,796,0.0,0.0
DTXSID6044272,796,0.0,0.0
DTXSID6044303,796,1.2210506770550772e-13,0.0
DTXSID6044307,796,7.224090335494152e-19,0.0
DTXSID6044309,796,0.0,0.0
DTXSID6044353,796,0.0,0.0
DTXSID6044355,796,0.0,0.0
DTXSID6044357,796,0.0,0.0
DTXSID6044359,796,0.0,0.0
DTXSID6044430,796,0.7627849675618439,0.0
DTXSID6044436,796,3.6971295939859356e-18,0.0
DTXSID6044438,796,0.0,0.0
DTXSID6044484,796,0.0,0.0
DTXSID6044486,796,0.0,0.0
DTXSID6044488,796,0.0,0.0
DTXSID6044511,796,0.0,0.0
DTXSID6044513,796,0.0,0.0
DTXSID6044515,796,0.0,0.0
DTXSID6044517,796,0.0,0.0
DTXSID6044519,796,,
DTXSID6044561,796,0.0,0.0
DTXSID6044563,796,0.0,0.0
DTXSID6044565,796,0.0,0.0
DTXSID6044642,796,,
DTXSID6044644,796,0.0,0.0
DTXSID6044646,796,0.0,0.0
DTXSID6044648,796,0.0,0.0
DTXSID6044690,796,8.736732970554984e-12,0.0
DTXSID6044692,796,0.0,0.0
DTXSID6044696,796,0.0,0.0
DTXSID6044698,796,0.0,0.0
DTXSID6044721,796,0.0,0.0
DTXSID6044723,796,0.0,0.0
DTXSID6044725,796,0.0,0.0
DTXSID6044727,796,0.0,0.0
DTXSID6044771,796,0.0,0.0
DTXSID6044773,796,0.0011873716489453092,0.0
DTXSID6044777,796,0.0,0.0
DTXSID6044779,796,0.0,0.0
DTXSID6044800,796,0.0,0.0
DTXSID6044802,796,0.0,0.0
DTXSID6044804,796,0.0,0.0
DTXSID6044808,796,0.0,0.0
DTXSID6044852,796,8.597825212010769e-20,0.0
DTXSID6044854,796,0.0,0.0
DTXSID6044856,796,0.0,0.0
DTXSID6044858,796,0.0,0.0
DTXSID6044931,796,3.141175385722011e-10,0.0
DTXSID6044933,796,0.0,0.0
DTXSID6044935,796,0.0,0.0
DTXSID6044939,796,0.9999999999886106,1.0
DTXSID6044981,796,0.0,0.0
DTXSID6044983,796,0.0,0.0
DTXSID6044985,796,0.0,0.0
DTXSID6044989,796,0.0,0.0
DTXSID6045082,796,0.0,0.0
DTXSID6045084,796,0.0,0.0
DTXSID6045086,796,0.0,0.0
DTXSID6045088,796,0.0,0.0
DTXSID6045111,796,0.0,0.0
DTXSID6045115,796,0.0,0.0
DTXSID6045117,796,0.0,0.0
DTXSID6045119,796,0.0,0.0
DTXSID6045161,796,0.0,0.0
DTXSID6045163,796,0.0,0.0
DTXSID6045165,796,0.0,0.0
DTXSID6045167,796,0.0,0.0
DTXSID6045169,796,0.0,0.0
DTXSID6045240,796,0.0,0.0
DTXSID6045244,796,0.0,0.0
DTXSID6045248,796,0.0,0.0
DTXSID6045292,796,0.0,0.0
DTXSID6045296,796,0.0,0.0
DTXSID6045321,796,0.0,0.0
DTXSID6045323,796,0.0,0.0
DTXSID6045325,796,1.7386034201452034e-11,0.0
DTXSID6045371,796,0.0,0.0
DTXSID6045373,796,0.0,0.0
DTXSID6045375,796,2.90176370334863e-17,0.0
DTXSID6045377,796,0.0,0.0
DTXSID6045400,796,0.0,0.0
DTXSID6045402,796,0.0,0.0
DTXSID6045406,796,0.0,0.0
DTXSID6045408,796,0.0,0.0
DTXSID6045452,796,0.9999999911600707,1.0
DTXSID6045531,796,0.0,0.0
DTXSID6045533,796,0.0,0.0
DTXSID6045535,796,0.0,0.0
DTXSID6045537,796,0.0,0.0
DTXSID6045539,796,0.0,0.0
DTXSID6045581,796,0.0,0.0
DTXSID6045583,796,0.0,0.0
DTXSID6045585,796,0.0,0.0
DTXSID6045587,796,0.0,0.0
DTXSID6045614,796,6.0743221486511434e-12,0.0
DTXSID6045616,796,0.0,0.0
DTXSID6045618,796,0.0,0.0
DTXSID6045660,796,0.0,0.0
DTXSID6045662,796,0.0,0.0
DTXSID6045666,796,0.0,0.0
DTXSID6045668,796,0.0,0.0
DTXSID6045741,796,0.0,0.0
DTXSID6045743,796,0.0,0.0
DTXSID6045745,796,0.0,0.0
DTXSID6045749,796,0.0,0.0
DTXSID6045791,796,,
DTXSID6045795,796,0.0,0.0
DTXSID6045820,796,0.0,0.0
DTXSID6045822,796,0.0,0.0
DTXSID6045824,796,0.0,0.0
DTXSID6045828,796,0.0,0.0
DTXSID6045870,796,0.0,0.0
DTXSID6045872,796,0.0,0.0
DTXSID6045874,796,0.0,0.0
DTXSID6045878,796,0.0,0.0
DTXSID6045901,796,0.0,0.0
DTXSID6045903,796,0.0,0.0
DTXSID6045905,796,0.0,0.0
DTXSID6045907,796,0.0,0.0
DTXSID6045909,796,0.0,0.0
DTXSID6045951,796,0.999999999999999,1.0
DTXSID6045953,796,0.0,0.0
DTXSID6045955,796,0.0,0.0
DTXSID6045957,796,0.0,0.0
DTXSID6045959,796,0.0,0.0
DTXSID6046000,796,0.0,0.0
DTXSID6046008,796,9.727822834375888e-16,0.0
DTXSID6046054,796,0.0,0.0
DTXSID6046131,796,9.000779177755138e-17,0.0
DTXSID6046133,796,0.9999999987581086,1.0
DTXSID6046135,796,0.0,0.0
DTXSID6046137,796,0.0,0.0
DTXSID6046139,796,0.0,0.0
DTXSID6046181,796,0.0,0.0
DTXSID6046183,796,0.0,0.0
DTXSID6046185,796,0.0,0.0
DTXSID6046187,796,0.0,0.0
DTXSID6046189,796,0.0,0.0
DTXSID6046210,796,0.0,0.0
DTXSID6046212,796,0.9060139697147536,1.0
DTXSID6046214,796,0.0,0.0
DTXSID6046216,796,0.0,0.0
DTXSID6046218,796,0.0,0.0
DTXSID6046260,796,0.0,0.0
DTXSID6046262,796,0.0,0.0
DTXSID6046264,796,0.0,0.0
DTXSID6046266,796,2.4973869608473154e-15,0.0
DTXSID6046268,796,0.0,0.0
DTXSID6046341,796,0.0,0.0
DTXSID6046343,796,0.0,0.0
DTXSID6046345,796,0.0,0.0
DTXSID6046347,796,0.0,0.0
DTXSID6046349,796,0.0,0.0
DTXSID6046391,796,0.0,0.0
DTXSID6046393,796,9.636251574571183e-17,0.0
DTXSID6046395,796,0.0,0.0
DTXSID6046397,796,0.0,0.0
DTXSID6046399,796,1.0815629563554552e-12,0.0
DTXSID6046420,796,0.0,0.0
DTXSID6046422,796,0.0,0.0
DTXSID6046424,796,0.0,0.0
DTXSID6046426,796,0.0,0.0
DTXSID6046428,796,0.0,0.0
DTXSID6046470,796,1.623892649593779e-05,0.0
DTXSID6046472,796,0.0,0.0
DTXSID6046474,796,0.0,0.0
DTXSID6046476,796,0.0,0.0
DTXSID6046478,796,0.0,0.0
DTXSID6046501,796,0.0,0.0
DTXSID6046503,796,0.0,0.0
DTXSID6046505,796,0.0,0.0
DTXSID6046507,796,,
DTXSID6046509,796,0.0015924036618912003,0.0
DTXSID6046551,796,0.0,0.0
DTXSID6046553,796,0.0,0.0
DTXSID6046555,796,0.0,0.0
DTXSID6046557,796,0.0,0.0
DTXSID6046630,796,0.0,0.0
DTXSID6046634,796,0.0,0.0
DTXSID6046636,796,3.4200991112191387e-19,0.0
DTXSID6046638,796,0.0,0.0
DTXSID6046682,796,0.0,0.0
DTXSID6046686,796,0.0,0.0
DTXSID6046688,796,0.0,0.0
DTXSID6046713,796,1.3337245018062185e-13,0.0
DTXSID6046715,796,0.0,0.0
DTXSID6046719,796,,
DTXSID6046761,796,0.0,0.0
DTXSID6046763,796,0.0,0.0
DTXSID6046765,796,0.0,0.0
DTXSID6046767,796,0.0,0.0
DTXSID6046842,796,0.0,0.0
DTXSID6046844,796,,
DTXSID6046846,796,0.0,0.0
DTXSID6046890,796,0.0,0.0
DTXSID6046892,796,1.0,1.0
DTXSID6046894,796,0.0,0.0
DTXSID6046896,796,0.0,0.0
DTXSID6046898,796,0.0,0.0
DTXSID6046921,796,0.0,0.0
DTXSID6046923,796,0.0,0.0
DTXSID6046925,796,0.0,0.0
DTXSID6046977,796,0.0,0.0
DTXSID6046979,796,0.9999999949118495,1.0
DTXSID6047028,796,0.0,0.0
DTXSID6047070,796,0.0,0.0
DTXSID6047072,796,0.0,0.0
DTXSID6047074,796,0.0,0.0
DTXSID6047076,796,0.0,0.0
DTXSID6047078,796,0.0,0.0
DTXSID6047101,796,0.0,0.0
DTXSID6047103,796,0.9999946354636413,1.0
DTXSID6047105,796,0.0,0.0
DTXSID6047107,796,0.0,0.0
DTXSID6047109,796,0.0,0.0
DTXSID6047155,796,0.0,0.0
DTXSID6047157,796,0.0,0.0
DTXSID6047159,796,0.0,0.0
DTXSID6047236,796,0.0,0.0
DTXSID6047280,796,,
DTXSID6047282,796,0.0,0.0
DTXSID6047284,796,0.0,0.0
DTXSID6047286,796,0.0,0.0
DTXSID6047288,796,,
DTXSID6047311,796,0.0,0.0
DTXSID6047313,796,0.0,0.0
DTXSID6047315,796,0.9999995800633051,1.0
DTXSID6047319,796,0.0,0.0
DTXSID6047363,796,0.0,0.0
DTXSID6047369,796,0.999999999999976,1.0
DTXSID6047440,796,0.0,0.0
DTXSID6047444,796,0.0,0.0
DTXSID6047446,796,0.0,0.0
DTXSID6047448,796,0.0,0.0
DTXSID6047490,796,0.0,0.0
DTXSID6047498,796,0.9999499233470698,1.0
DTXSID6047523,796,0.0,0.0
DTXSID6047525,796,0.0,0.0
DTXSID6047527,796,0.0,0.0
DTXSID6047529,796,0.0,0.0
DTXSID6047579,796,0.0,0.0
DTXSID6047604,796,0.0,0.0
DTXSID6047606,796,0.0,0.0
DTXSID6047608,796,0.0,0.0
DTXSID6047654,796,0.0,0.0
DTXSID6047656,796,0.0,0.0
DTXSID6047781,796,0.0,0.0
DTXSID6047783,796,0.0,0.0
DTXSID6047785,796,0.0,0.0
DTXSID6047787,796,0.0,0.0
DTXSID6047789,796,0.0,0.0
DTXSID6047810,796,0.0,0.0
DTXSID6047818,796,0.0,0.0
DTXSID6047941,796,0.0,0.0
DTXSID6047943,796,0.0,0.0
DTXSID6047945,796,0.0,0.0
DTXSID6047947,796,,
DTXSID6047949,796,0.0,0.0
DTXSID6048171,796,0.001967557749738205,0.0
DTXSID6048175,796,0.0,0.0
DTXSID6048200,796,0.0,0.0
DTXSID6048202,796,0.0,0.0
DTXSID6048204,796,0.0,0.0
DTXSID6048206,796,0.0,0.0
DTXSID6048208,796,0.0,0.0
DTXSID6048333,796,0.0,0.0
DTXSID6048383,796,0.0,0.0
DTXSID6048591,796,0.0,0.0
DTXSID6048593,796,0.0,0.0
DTXSID6048595,796,0.0,0.0
DTXSID6048597,796,0.0,0.0
DTXSID6048599,796,0.0,0.0
DTXSID6048620,796,0.0,0.0
DTXSID6048622,796,0.0,0.0
DTXSID6048624,796,0.0,0.0
DTXSID6048626,796,0.0,0.0
DTXSID6048628,796,0.0,0.0
DTXSID6048670,796,0.0,0.0
DTXSID6048672,796,0.0,0.0
DTXSID6048674,796,0.0,0.0
DTXSID6048676,796,0.0,0.0
DTXSID6048678,796,0.0,0.0
DTXSID6048701,796,0.0,0.0
DTXSID6048703,796,0.0,0.0
DTXSID6048705,796,7.420489871641281e-08,0.0
DTXSID6048707,796,0.0,0.0
DTXSID6048709,796,0.0,0.0
DTXSID6048751,796,0.0,0.0
DTXSID6048753,796,0.0,0.0
DTXSID6048755,796,0.0,0.0
DTXSID6048757,796,0.0,0.0
DTXSID6048759,796,0.0,0.0
DTXSID6048830,796,0.0,0.0
DTXSID6048832,796,0.0,0.0
DTXSID6048834,796,0.0,0.0
DTXSID6048836,796,0.0,0.0
DTXSID6048838,796,0.0,0.0
DTXSID6048880,796,0.0,0.0
DTXSID6048882,796,0.0,0.0
DTXSID6048884,796,0.0,0.0
DTXSID6048886,796,0.0,0.0
DTXSID6048888,796,0.0,0.0
DTXSID6048911,796,0.0,0.0
DTXSID6048913,796,0.0,0.0
DTXSID6048915,796,0.0,0.0
DTXSID6048917,796,0.0,0.0
DTXSID6048919,796,,
DTXSID6048961,796,0.0,0.0
DTXSID6048963,796,0.0,0.0
DTXSID6048965,796,0.0,0.0
DTXSID6048967,796,0.0,0.0
DTXSID6048969,796,0.0,0.0
DTXSID6049010,796,0.0,0.0
DTXSID6049012,796,0.0,0.0
DTXSID6049016,796,0.0,0.0
DTXSID6049018,796,0.0,0.0
DTXSID6049060,796,0.0,0.0
DTXSID6049062,796,0.0,0.0
DTXSID6049064,796,0.0,0.0
DTXSID6049066,796,0.0,0.0
DTXSID6049068,796,3.85406655420588e-05,0.0
DTXSID6049220,796,0.0,0.0
DTXSID6049222,796,0.0,0.0
DTXSID6049224,796,0.9995518760188767,1.0
DTXSID6049226,796,0.0,0.0
DTXSID6049228,796,0.0,0.0
DTXSID6049270,796,0.0,0.0
DTXSID6049272,796,0.0,0.0
DTXSID6049274,796,0.0,0.0
DTXSID6049276,796,0.0,0.0
DTXSID6049278,796,0.0,0.0
DTXSID6049301,796,0.0,0.0
DTXSID6049303,796,0.0,0.0
DTXSID6049305,796,0.0,0.0
DTXSID6049307,796,0.0,0.0
DTXSID6049309,796,0.0,0.0
DTXSID6049351,796,,
DTXSID6049353,796,0.0,0.0
DTXSID6049355,796,0.0,0.0
DTXSID6049357,796,8.203118612562426e-13,0.0
DTXSID6049359,796,,
DTXSID6049430,796,0.0,0.0
DTXSID6049432,796,0.0,0.0
DTXSID6049480,796,0.0,0.0
DTXSID6049482,796,0.0,0.0
DTXSID6049484,796,0.0,0.0
DTXSID6049486,796,0.0,0.0
DTXSID6049488,796,0.0,0.0
DTXSID6049511,796,0.0,0.0
DTXSID6049513,796,0.0,0.0
DTXSID6049515,796,3.237359857079022e-14,0.0
DTXSID6049517,796,2.1577420301225812e-10,0.0
DTXSID6049519,796,2.6274963824957916e-08,0.0
DTXSID6049561,796,1.5481293474043299e-13,0.0
DTXSID6050386,796,0.0,0.0
DTXSID7020005,796,0.0,0.0
DTXSID7020007,796,0.0,0.0
DTXSID7020009,796,0.0,0.0
DTXSID7020053,796,0.0,0.0
DTXSID7020057,796,,
DTXSID7020138,796,0.0,0.0
DTXSID7020182,796,1.0,1.0
DTXSID7020184,796,,
DTXSID7020211,796,0.0,0.0
DTXSID7020213,796,0.0,0.0
DTXSID7020215,796,0.7744343940281192,0.0
DTXSID7020261,796,0.0,0.0
DTXSID7020263,796,6.514695735526457e-13,0.0
DTXSID7020265,796,0.0,0.0
DTXSID7020267,796,0.0,0.0
DTXSID7020340,796,0.0,0.0
DTXSID7020342,796,0.0,0.0
DTXSID7020344,796,0.9988529031935947,1.0
DTXSID7020348,796,0.0,0.0
DTXSID7020390,796,0.0,0.0
DTXSID7020392,796,0.94019117409399,1.0
DTXSID7020398,796,0.0,0.0
DTXSID7020421,796,0.0,0.0
DTXSID7020423,796,2.836197941722338e-07,0.0
DTXSID7020425,796,,
DTXSID7020427,796,0.0,0.0
DTXSID7020479,796,0.0,0.0
DTXSID7020504,796,0.0,0.0
DTXSID7020508,796,0.0,0.0
DTXSID7020550,796,0.0,0.0
DTXSID7020552,796,0.0,0.0
DTXSID7020558,796,0.0,0.0
DTXSID7020631,796,0.0,0.0
DTXSID7020635,796,,
DTXSID7020681,796,0.0,0.0
DTXSID7020683,796,0.0,0.0
DTXSID7020685,796,0.0,0.0
DTXSID7020687,796,1.3999093552250983e-09,0.0
DTXSID7020689,796,0.0,0.0
DTXSID7020710,796,0.0,0.0
DTXSID7020714,796,0.0,0.0
DTXSID7020716,796,0.0,0.0
DTXSID7020760,796,0.0,0.0
DTXSID7020762,796,0.0,0.0
DTXSID7020764,796,0.7255918593899269,0.0
DTXSID7020766,796,4.0018089513256736e-08,0.0
DTXSID7020768,796,0.9999961258748451,1.0
DTXSID7020841,796,2.7776510728602924e-18,0.0
DTXSID7020843,796,0.0,0.0
DTXSID7020845,796,0.0,0.0
DTXSID7020847,796,0.0,0.0
DTXSID7020893,796,0.0,0.0
DTXSID7020895,796,0.0,0.0
DTXSID7020897,796,0.0,0.0
DTXSID7020899,796,0.0,0.0
DTXSID7020920,796,0.0,0.0
DTXSID7020922,796,0.0,0.0
DTXSID7020928,796,0.0,0.0
DTXSID7020970,796,0.0,0.0
DTXSID7020972,796,0.0,0.0
DTXSID7020978,796,0.0,0.0
DTXSID7021027,796,0.0,0.0
DTXSID7021029,796,1.403576508672765e-16,0.0
DTXSID7021100,796,0.0,0.0
DTXSID7021102,796,0.0,0.0
DTXSID7021104,796,0.0,0.0
DTXSID7021106,796,0.9999999172379306,1.0
DTXSID7021150,796,0.9999999998950897,1.0
DTXSID7021152,796,0.9999353206638805,1.0
DTXSID7021156,796,4.932888580661172e-19,0.0
DTXSID7021158,796,0.0,0.0
DTXSID7021231,796,0.0,0.0
DTXSID7021233,796,1.0,1.0
DTXSID7021235,796,0.0,0.0
DTXSID7021237,796,0.9469112034393458,1.0
DTXSID7021239,796,0.9956334690669522,1.0
DTXSID7021283,796,0.0,0.0
DTXSID7021287,796,0.0,0.0
DTXSID7021289,796,0.0,0.0
DTXSID7021312,796,0.0,0.0
DTXSID7021314,796,0.9999999999999999,1.0
DTXSID7021316,796,1.77944087798633e-09,0.0
DTXSID7021318,796,0.0,0.0
DTXSID7021360,796,0.0,0.0
DTXSID7021362,796,0.0,0.0
DTXSID7021364,796,0.0,0.0
DTXSID7021366,796,0.0,0.0
DTXSID7021368,796,0.0,0.0
DTXSID7021491,796,0.0,0.0
DTXSID7021493,796,0.9896100617028105,1.0
DTXSID7021495,796,0.0,0.0
DTXSID7021499,796,0.0,0.0
DTXSID7021520,796,0.0,0.0
DTXSID7021524,796,0.0,0.0
DTXSID7021526,796,0.0,0.0
DTXSID7021576,796,0.0,0.0
DTXSID7021601,796,0.0,0.0
DTXSID7021603,796,0.0,0.0
DTXSID7021605,796,0.0,0.0
DTXSID7021607,796,0.0,0.0
DTXSID7021653,796,0.0,0.0
DTXSID7021655,796,0.0,0.0
DTXSID7021657,796,0.0,0.0
DTXSID7021659,796,0.0,0.0
DTXSID7021780,796,1.1798432977447466e-18,0.0
DTXSID7021784,796,0.9999999999999873,1.0
DTXSID7021788,796,,
DTXSID7021815,796,0.0,0.0
DTXSID7021817,796,0.0,0.0
DTXSID7021863,796,0.0,0.0
DTXSID7021867,796,1.882283936756689e-17,0.0
DTXSID7021869,796,0.0,0.0
DTXSID7021940,796,0.0,0.0
DTXSID7021946,796,0.0,0.0
DTXSID7021948,796,0.0,0.0
DTXSID7021992,796,0.0,0.0
DTXSID7021994,796,0.9999940566846288,1.0
DTXSID7021996,796,0.0,0.0
DTXSID7021998,796,0.0,0.0
DTXSID7022043,796,0.0,0.0
DTXSID7022049,796,0.0,0.0
DTXSID7022093,796,0.0,0.0
DTXSID7022120,796,0.0,0.0
DTXSID7022124,796,0.0,0.0
DTXSID7022128,796,0.0,0.0
DTXSID7022170,796,0.0,0.0
DTXSID7022172,796,6.255099076052113e-14,0.0
DTXSID7022174,796,0.0,0.0
DTXSID7022253,796,9.05596638139706e-06,0.0
DTXSID7022332,796,3.368893429144073e-06,0.0
DTXSID7022382,796,0.0,0.0
DTXSID7022384,796,,
DTXSID7022411,796,0.0,0.0
DTXSID7022413,796,1.0915245478741144e-09,0.0
DTXSID7022415,796,0.0,0.0
DTXSID7022417,796,1.6960095572523742e-15,0.0
DTXSID7022540,796,5.293438715301057e-15,0.0
DTXSID7022544,796,0.0,0.0
DTXSID7022546,796,0.0,0.0
DTXSID7022590,796,0.0,0.0
DTXSID7022592,796,,
DTXSID7022598,796,0.0,0.0
DTXSID7022629,796,0.0,0.0
DTXSID7022671,796,0.0,0.0
DTXSID7022673,796,0.0,0.0
DTXSID7022679,796,0.0,0.0
DTXSID7022752,796,0.0,0.0
DTXSID7022754,796,0.0,0.0
DTXSID7022833,796,0.0,0.0
DTXSID7022835,796,0.0,0.0
DTXSID7022837,796,0.0,0.0
DTXSID7022839,796,0.0,0.0
DTXSID7022883,796,0.9999038653935328,1.0
DTXSID7022910,796,0.0,0.0
DTXSID7022912,796,0.0,0.0
DTXSID7022914,796,0.0,0.0
DTXSID7022918,796,0.0,0.0
DTXSID7022968,796,0.0,0.0
DTXSID7023011,796,0.0,0.0
DTXSID7023019,796,0.0,0.0
DTXSID7023061,796,0.0,0.0
DTXSID7023063,796,0.9995709615191507,1.0
DTXSID7023067,796,,
DTXSID7023146,796,0.0,0.0
DTXSID7023190,796,0.0,0.0
DTXSID7023192,796,0.0,0.0
DTXSID7023194,796,0.0,0.0
DTXSID7023196,796,0.0,0.0
DTXSID7023198,796,0.0,0.0
DTXSID7023225,796,0.0,0.0
DTXSID7023227,796,0.9996234752429888,1.0
DTXSID7023271,796,0.0,0.0
DTXSID7023277,796,0.0,0.0
DTXSID7023279,796,0.9999999999999977,1.0
DTXSID7023300,796,0.0,0.0
DTXSID7023302,796,0.0,0.0
DTXSID7023350,796,1.1978427851402083e-12,0.0
DTXSID7023352,796,0.0,0.0
DTXSID7023356,796,0.0,0.0
DTXSID7023435,796,0.0,0.0
DTXSID7023437,796,0.0,0.0
DTXSID7023481,796,0.0,0.0
DTXSID7023485,796,0.0,0.0
DTXSID7023487,796,0.0,0.0
DTXSID7023510,796,0.0,0.0
DTXSID7023512,796,0.0,0.0
DTXSID7023516,796,0.0,0.0
DTXSID7023518,796,0.0,0.0
DTXSID7023566,796,0.0,0.0
DTXSID7023568,796,0.0,0.0
DTXSID7023643,796,5.397570659444055e-19,0.0
DTXSID7023645,796,0.0,0.0
DTXSID7023691,796,0.0,0.0
DTXSID7023693,796,0.9999999999998657,1.0
DTXSID7023697,796,0.0,0.0
DTXSID7023699,796,0.0,0.0
DTXSID7023722,796,0.0,0.0
DTXSID7023724,796,0.0,0.0
DTXSID7023853,796,0.0,0.0
DTXSID7023930,796,0.0,0.0
DTXSID7023932,796,0.9999999999999996,1.0
DTXSID7023936,796,0.0,0.0
DTXSID7023938,796,0.0,0.0
DTXSID7023980,796,0.0,0.0
DTXSID7023986,796,0.0,0.0
DTXSID7024031,796,0.0,0.0
DTXSID7024035,796,0.3493433731047141,0.0
DTXSID7024081,796,0.0,0.0
DTXSID7024085,796,0.0,0.0
DTXSID7024087,796,0.0,0.0
DTXSID7024110,796,0.0,0.0
DTXSID7024112,796,0.0,0.0
DTXSID7024160,796,,
DTXSID7024164,796,0.0,0.0
DTXSID7024166,796,0.0,0.0
DTXSID7024241,796,0.0,0.0
DTXSID7024245,796,,
DTXSID7024247,796,3.7233339219596914e-07,0.0
DTXSID7024291,796,9.462532068465999e-10,0.0
DTXSID7024299,796,0.0,0.0
DTXSID7024320,796,0.0,0.0
DTXSID7024328,796,1.9298264086111645e-18,0.0
DTXSID7024370,796,0.0,0.0
DTXSID7024376,796,0.0,0.0
DTXSID7024409,796,0.0,0.0
DTXSID7024455,796,0.0,0.0
DTXSID7024457,796,0.0,0.0
DTXSID7024532,796,0.0,0.0
DTXSID7024534,796,2.226318900596895e-16,0.0
DTXSID7024538,796,0.0,0.0
DTXSID7024580,796,0.0,0.0
DTXSID7024586,796,0.0,0.0
DTXSID7024615,796,0.0,0.0
DTXSID7024661,796,0.0,0.0
DTXSID7024667,796,0.0,0.0
DTXSID7024740,796,0.0,0.0
DTXSID7024742,796,0.0,0.0
DTXSID7024798,796,0.0,0.0
DTXSID7024821,796,0.0,0.0
DTXSID7024827,796,,
DTXSID7024873,796,0.0,0.0
DTXSID7024875,796,0.0,0.0
DTXSID7024902,796,0.0,0.0
DTXSID7024906,796,,
DTXSID7024952,796,0.0,0.0
DTXSID7024956,796,,
DTXSID7025001,796,8.752487361534027e-13,0.0
DTXSID7025003,796,4.7931334283327065e-05,0.0
DTXSID7025005,796,0.013075644530252842,0.0
DTXSID7025051,796,0.0,0.0
DTXSID7025053,796,0.0,0.0
DTXSID7025055,796,0.0,0.0
DTXSID7025130,796,0.0,0.0
DTXSID7025132,796,0.0,0.0
DTXSID7025134,796,0.0,0.0
DTXSID7025136,796,0.0,0.0
DTXSID7025138,796,0.0,0.0
DTXSID7025180,796,0.08405387885553034,0.0
DTXSID7025215,796,0.0,0.0
DTXSID7025217,796,2.3089291229035716e-08,0.0
DTXSID7025219,796,0.99977791786817,1.0
DTXSID7025269,796,0.0,0.0
DTXSID7025342,796,0.04380036022601397,0.0
DTXSID7025346,796,0.0,0.0
DTXSID7025390,796,0.0,0.0
DTXSID7025421,796,0.0,0.0
DTXSID7025423,796,0.0,0.0
DTXSID7025425,796,0.0,0.0
DTXSID7025427,796,0.0,0.0
DTXSID7025429,796,0.999153441635525,1.0
DTXSID7025479,796,0.0,0.0
DTXSID7025502,796,0.0,0.0
DTXSID7025506,796,9.948871161194119e-05,0.0
DTXSID7025508,796,0.0,0.0
DTXSID7025556,796,0.0,0.0
DTXSID7025558,796,0.0,0.0
DTXSID7025633,796,0.0,0.0
DTXSID7025635,796,0.0,0.0
DTXSID7025637,796,0.0,0.0
DTXSID7025639,796,0.0,0.0
DTXSID7025689,796,0.0,0.0
DTXSID7025716,796,0.0,0.0
DTXSID7025764,796,0.0,0.0
DTXSID7025768,796,0.0,0.0
DTXSID7025849,796,0.0,0.0
DTXSID7025895,796,0.0,0.0
DTXSID7025922,796,0.0,0.0
DTXSID7025924,796,0.0,0.0
DTXSID7025926,796,0.0,0.0
DTXSID7025972,796,0.0,0.0
DTXSID7026025,796,0.0,0.0
DTXSID7026029,796,0.0,0.0
DTXSID7026102,796,0.0,0.0
DTXSID7026108,796,1.1699469031227165e-16,0.0
DTXSID7026156,796,0.9999691537104753,1.0
DTXSID7026231,796,0.0,0.0
DTXSID7026235,796,0.0,0.0
DTXSID7026285,796,0.0,0.0
DTXSID7026314,796,0.0005054301659897646,0.0
DTXSID7026318,796,0.0,0.0
DTXSID7026366,796,0.0,0.0
DTXSID7026368,796,0.0,0.0
DTXSID7026441,796,0.0,0.0
DTXSID7026499,796,0.0,0.0
DTXSID7026520,796,0.05643466946105111,0.0
DTXSID7026526,796,0.0,0.0
DTXSID7026528,796,0.0,0.0
DTXSID7026572,796,0.0,0.0
DTXSID7026605,796,0.0,0.0
DTXSID7026609,796,0.0,0.0
DTXSID7026653,796,0.0,0.0
DTXSID7026655,796,0.9989744424705213,1.0
DTXSID7026811,796,0.0,0.0
DTXSID7026863,796,0.0,0.0
DTXSID7026867,796,0.0,0.0
DTXSID7026946,796,0.0,0.0
DTXSID7026994,796,0.0,0.0
DTXSID7026998,796,0.0,0.0
DTXSID7027041,796,0.0,0.0
DTXSID7027043,796,0.0,0.0
DTXSID7027047,796,0.0,0.0
DTXSID7027049,796,0.0,0.0
DTXSID7027097,796,0.0,0.0
DTXSID7027099,796,0.0,0.0
DTXSID7027120,796,0.0,0.0
DTXSID7027122,796,0.0,0.0
DTXSID7027170,796,0.0,0.0
DTXSID7027174,796,0.0,0.0
DTXSID7027178,796,0.0,0.0
DTXSID7027201,796,0.0,0.0
DTXSID7027205,796,0.0,0.0
DTXSID7027253,796,0.0,0.0
DTXSID7027259,796,0.0,0.0
DTXSID7027334,796,0.0,0.0
DTXSID7027338,796,0.0,0.0
DTXSID7027386,796,0.0,0.0
DTXSID7027388,796,0.0,0.0
DTXSID7027413,796,0.0,0.0
DTXSID7027461,796,0.0,0.0
DTXSID7027467,796,0.0,0.0
DTXSID7027540,796,3.484555239535979e-17,0.0
DTXSID7027542,796,0.0,0.0
DTXSID7027544,796,1.1020159428264071e-10,0.0
DTXSID7027546,796,0.0,0.0
DTXSID7027594,796,,
DTXSID7027596,796,0.0,0.0
DTXSID7027598,796,0.0,0.0
DTXSID7027625,796,0.0,0.0
DTXSID7027756,796,0.9999999072084671,1.0
DTXSID7027833,796,0.0,0.0
DTXSID7027835,796,0.0,0.0
DTXSID7027837,796,0.0,0.0
DTXSID7027887,796,0.0,0.0
DTXSID7027916,796,0.0,0.0
DTXSID7027966,796,0.0,0.0
DTXSID7028013,796,0.0,0.0
DTXSID7028015,796,0.0,0.0
DTXSID7028300,796,9.038337003516426e-13,0.0
DTXSID7028306,796,0.0,0.0
DTXSID7028774,796,0.0,0.0
DTXSID7028776,796,0.0,0.0
DTXSID7029110,796,0.0,0.0
DTXSID7029160,796,0.0,0.0
DTXSID7029162,796,0.0,0.0
DTXSID7029164,796,0.0,0.0
DTXSID7029166,796,0.0,0.0
DTXSID7029241,796,0.00036754892801224164,0.0
DTXSID7029247,796,0.0,0.0
DTXSID7029249,796,0.0,0.0
DTXSID7029299,796,0.0,0.0
DTXSID7029320,796,0.9999999997716803,1.0
DTXSID7029534,796,0.0,0.0
DTXSID7029611,796,0.0,0.0
DTXSID7029617,796,0.0,0.0
DTXSID7029619,796,0.0,0.0
DTXSID7029661,796,0.0,0.0
DTXSID7029665,796,0.0,0.0
DTXSID7029871,796,1.3589945145370715e-09,0.0
DTXSID7029879,796,0.9997041165267198,1.0
DTXSID7029904,796,0.0,0.0
DTXSID7030060,796,0.0,0.0
DTXSID7030197,796,0.0,0.0
DTXSID7030307,796,0.0,0.0
DTXSID7030432,796,0.0,0.0
DTXSID7030698,796,0.0,0.0
DTXSID7031248,796,0.0,0.0
DTXSID7031290,796,0.8980835832431596,0.0
DTXSID7031294,796,0.0,0.0
DTXSID7031458,796,0.4292350941916466,0.0
DTXSID7031531,796,0.9999504909542649,1.0
DTXSID7031797,796,0.0,0.0
DTXSID7031903,796,0.0,0.0
DTXSID7032004,796,0.0,0.0
DTXSID7032345,796,,
DTXSID7032393,796,0.0,0.0
DTXSID7032424,796,0.0,0.0
DTXSID7032470,796,0.0,0.0
DTXSID7032474,796,0.0,0.0
DTXSID7032551,796,,
DTXSID7032553,796,,
DTXSID7032555,796,0.0,0.0
DTXSID7032559,796,1.5439123420758753e-13,0.0
DTXSID7032630,796,0.0,0.0
DTXSID7032638,796,0.9654754708952638,1.0
DTXSID7032688,796,0.0,0.0
DTXSID7033105,796,0.0,0.0
DTXSID7034042,796,,
DTXSID7034250,796,0.6007813746239214,0.0
DTXSID7034252,796,0.0,0.0
DTXSID7034383,796,0.0,0.0
DTXSID7034545,796,0.0,0.0
DTXSID7034549,796,0.0,0.0
DTXSID7034672,796,0.0,0.0
DTXSID7034674,796,0.0,0.0
DTXSID7034676,796,0.0,0.0
DTXSID7034836,796,1.4275140425728777e-19,0.0
DTXSID7034961,796,0.0,0.0
DTXSID7035010,796,0.7224903771633979,0.0
DTXSID7035272,796,0.0,0.0
DTXSID7035305,796,0.0,0.0
DTXSID7037131,796,0.3667019562055928,0.0
DTXSID7037185,796,,
DTXSID7037262,796,0.0,0.0
DTXSID7037478,796,0.9997268782067973,1.0
DTXSID7037551,796,0.0,0.0
DTXSID7037553,796,,
DTXSID7037555,796,5.904223804955892e-12,0.0
DTXSID7037680,796,2.566612760259971e-15,0.0
DTXSID7037684,796,0.0,0.0
DTXSID7037715,796,0.0,0.0
DTXSID7037717,796,1.0,1.0
DTXSID7038317,796,0.0,0.0
DTXSID7038810,796,0.0,0.0
DTXSID7038814,796,0.0,0.0
DTXSID7038818,796,0.0,0.0
DTXSID7038864,796,0.9999625710310736,1.0
DTXSID7040152,796,0.0,0.0
DTXSID7040154,796,0.0,0.0
DTXSID7040283,796,0.0,0.0
DTXSID7040285,796,0.0,0.0
DTXSID7040287,796,4.81132945613175e-10,0.0
DTXSID7040289,796,0.0,0.0
DTXSID7040316,796,0.0,0.0
DTXSID7040360,796,5.163695152491839e-13,0.0
DTXSID7040362,796,,
DTXSID7040449,796,0.0,0.0
DTXSID7040526,796,0.0,0.0
DTXSID7040609,796,0.0,0.0
DTXSID7040651,796,0.0,0.0
DTXSID7040653,796,0.0,0.0
DTXSID7040657,796,0.0,0.0
DTXSID7040732,796,1.0,1.0
DTXSID7040734,796,0.0,0.0
DTXSID7040736,796,0.0,0.0
DTXSID7040738,796,,
DTXSID7040788,796,6.427835394961569e-16,0.0
DTXSID7040948,796,0.0,0.0
DTXSID7040990,796,0.9999950825468825,1.0
DTXSID7041045,796,0.0,0.0
DTXSID7041047,796,0.0,0.0
DTXSID7041091,796,0.0,0.0
DTXSID7041097,796,0.0,0.0
DTXSID7041126,796,0.0,0.0
DTXSID7041178,796,0.0,0.0
DTXSID7041201,796,0.31408201007057446,0.0
DTXSID7041209,796,0.0,0.0
DTXSID7041253,796,0.0,0.0
DTXSID7041336,796,1.039830527134716e-09,0.0
DTXSID7041388,796,0.0,0.0
DTXSID7041411,796,0.0,0.0
DTXSID7041413,796,0.0,0.0
DTXSID7041417,796,0.0,0.0
DTXSID7041461,796,9.000119702263278e-12,0.0
DTXSID7041467,796,0.0,0.0
DTXSID7041540,796,0.0,0.0
DTXSID7041544,796,0.0,0.0
DTXSID7041621,796,0.9985653282016349,1.0
DTXSID7041623,796,0.0,0.0
DTXSID7041625,796,0.0,0.0
DTXSID7041627,796,0.0,0.0
DTXSID7041629,796,0.9999999052533272,1.0
DTXSID7041671,796,0.0,0.0
DTXSID7041675,796,0.0,0.0
DTXSID7041708,796,,
DTXSID7041752,796,0.0,0.0
DTXSID7041756,796,0.0,0.0
DTXSID7041883,796,,
DTXSID7041887,796,0.033320931410854085,0.0
DTXSID7041889,796,7.497053674825202e-13,0.0
DTXSID7041910,796,0.999997080146444,1.0
DTXSID7041914,796,0.0,0.0
DTXSID7041916,796,0.0,0.0
DTXSID7041918,796,0.0,0.0
DTXSID7041962,796,0.0,0.0
DTXSID7041964,796,0.0,0.0
DTXSID7041966,796,0.0,0.0
DTXSID7042011,796,0.0,0.0
DTXSID7042019,796,9.93108496398331e-16,0.0
DTXSID7042061,796,0.0,0.0
DTXSID7042063,796,0.0,0.0
DTXSID7042065,796,0.0,0.0
DTXSID7042140,796,0.0,0.0
DTXSID7042146,796,0.0,0.0
DTXSID7042190,796,0.0,0.0
DTXSID7042196,796,0.0,0.0
DTXSID7042198,796,0.0,0.0
DTXSID7042273,796,0.0,0.0
DTXSID7042279,796,0.0,0.0
DTXSID7042352,796,0.0001472322360777483,0.0
DTXSID7042356,796,0.00783687113607217,0.0
DTXSID7042437,796,0.9988816590630706,1.0
DTXSID7042514,796,0.0,0.0
DTXSID7043829,796,0.0,0.0
DTXSID7043873,796,0.0,0.0
DTXSID7043902,796,0.0,0.0
DTXSID7043908,796,0.0,0.0
DTXSID7043950,796,0.0,0.0
DTXSID7043952,796,1.0,1.0
DTXSID7044130,796,0.0,0.0
DTXSID7044132,796,0.0,0.0
DTXSID7044215,796,0.0,0.0
DTXSID7044217,796,0.0,0.0
DTXSID7044267,796,0.0,0.0
DTXSID7044340,796,0.0,0.0
DTXSID7044342,796,0.9999983519040415,1.0
DTXSID7044346,796,0.0,0.0
DTXSID7044390,796,0.0,0.0
DTXSID7044392,796,0.0,0.0
DTXSID7044394,796,0.0,0.0
DTXSID7044396,796,0.0,0.0
DTXSID7044398,796,0.0,0.0
DTXSID7044421,796,0.0,0.0
DTXSID7044423,796,0.0,0.0
DTXSID7044425,796,0.0,0.0
DTXSID7044427,796,0.0,0.0
DTXSID7044429,796,0.0,0.0
DTXSID7044471,796,0.0,0.0
DTXSID7044473,796,0.0,0.0
DTXSID7044475,796,0.0,0.0
DTXSID7044479,796,0.0,0.0
DTXSID7044502,796,0.0,0.0
DTXSID7044504,796,0.0,0.0
DTXSID7044506,796,0.0,0.0
DTXSID7044508,796,0.0,0.0
DTXSID7044552,796,0.0,0.0
DTXSID7044554,796,0.0,0.0
DTXSID7044631,796,0.0,0.0
DTXSID7044633,796,0.0,0.0
DTXSID7044635,796,0.9999999996997446,1.0
DTXSID7044639,796,,
DTXSID7044681,796,0.0,0.0
DTXSID7044685,796,0.0,0.0
DTXSID7044689,796,0.0,0.0
DTXSID7044710,796,0.0,0.0
DTXSID7044712,796,0.0,0.0
DTXSID7044714,796,0.0,0.0
DTXSID7044716,796,7.689875159295423e-17,0.0
DTXSID7044718,796,,
DTXSID7044760,796,0.0,0.0
DTXSID7044762,796,0.0,0.0
DTXSID7044764,796,0.0,0.0
DTXSID7044768,796,0.0,0.0
DTXSID7044841,796,0.0,0.0
DTXSID7044843,796,1.0,1.0
DTXSID7044845,796,0.0,0.0
DTXSID7044847,796,0.0,0.0
DTXSID7044849,796,0.0,0.0
DTXSID7044893,796,0.0,0.0
DTXSID7044895,796,0.9999978505725229,1.0
DTXSID7044897,796,0.0,0.0
DTXSID7044899,796,0.0,0.0
DTXSID7044922,796,0.0,0.0
DTXSID7044926,796,0.0,0.0
DTXSID7044928,796,0.0,0.0
DTXSID7044972,796,0.0,0.0
DTXSID7044974,796,0.0,0.0
DTXSID7044976,796,1.0979276135779563e-15,0.0
DTXSID7044978,796,0.0,0.0
DTXSID7045029,796,0.0,0.0
DTXSID7045079,796,0.0,0.0
DTXSID7045106,796,0.0,0.0
DTXSID7045108,796,0.0,0.0
DTXSID7045150,796,0.9999977771112979,1.0
DTXSID7045152,796,,
DTXSID7045158,796,0.0,0.0
DTXSID7045281,796,0.0,0.0
DTXSID7045287,796,0.0,0.0
DTXSID7045310,796,0.0,0.0
DTXSID7045312,796,0.0,0.0
DTXSID7045316,796,0.0,0.0
DTXSID7045318,796,0.0,0.0
DTXSID7045360,796,0.0,0.0
DTXSID7045364,796,0.0,0.0
DTXSID7045366,796,0.0,0.0
DTXSID7045368,796,0.0,0.0
DTXSID7045441,796,0.0,0.0
DTXSID7045443,796,0.0,0.0
DTXSID7045447,796,0.0,0.0
DTXSID7045493,796,0.0,0.0
DTXSID7045497,796,0.0,0.0
DTXSID7045522,796,0.0,0.0
DTXSID7045526,796,0.0,0.0
DTXSID7045570,796,0.0,0.0
DTXSID7045572,796,0.0,0.0
DTXSID7045574,796,0.0,0.0
DTXSID7045576,796,0.0,0.0
DTXSID7045578,796,0.0,0.0
DTXSID7045601,796,0.0,0.0
DTXSID7045603,796,0.0,0.0
DTXSID7045605,796,0.0,0.0
DTXSID7045607,796,0.0,0.0
DTXSID7045651,796,0.0,0.0
DTXSID7045653,796,0.0,0.0
DTXSID7045655,796,0.0,0.0
DTXSID7045659,796,0.0,0.0
DTXSID7045780,796,0.0,0.0
DTXSID7045782,796,0.0,0.0
DTXSID7045786,796,0.0,0.0
DTXSID7045788,796,0.0,0.0
DTXSID7045811,796,0.0,0.0
DTXSID7045813,796,0.0,0.0
DTXSID7045815,796,0.0,0.0
DTXSID7045861,796,0.0,0.0
DTXSID7045863,796,,
DTXSID7045865,796,0.0,0.0
DTXSID7045867,796,0.0,0.0
DTXSID7045940,796,0.0,0.0
DTXSID7045942,796,9.070733430015305e-17,0.0
DTXSID7045944,796,0.0,0.0
DTXSID7045946,796,0.0,0.0
DTXSID7045948,796,0.0,0.0
DTXSID7045992,796,0.0,0.0
DTXSID7045996,796,0.0,0.0
DTXSID7045998,796,0.0,0.0
DTXSID7046041,796,0.0,0.0
DTXSID7046045,796,0.0,0.0
DTXSID7046047,796,0.0,0.0
DTXSID7046091,796,0.0,0.0
DTXSID7046093,796,0.0,0.0
DTXSID7046095,796,0.0,0.0
DTXSID7046097,796,0.0,0.0
DTXSID7046099,796,0.0,0.0
DTXSID7046120,796,0.0,0.0
DTXSID7046122,796,0.0,0.0
DTXSID7046126,796,0.0,0.0
DTXSID7046128,796,0.0,0.0
DTXSID7046170,796,0.0,0.0
DTXSID7046172,796,0.0,0.0
DTXSID7046174,796,0.0,0.0
DTXSID7046176,796,0.0,0.0
DTXSID7046178,796,0.9684670561781945,1.0
DTXSID7046201,796,0.0,0.0
DTXSID7046205,796,0.0,0.0
DTXSID7046207,796,0.9999999999972493,1.0
DTXSID7046251,796,0.0,0.0
DTXSID7046253,796,0.9999999999999972,1.0
DTXSID7046255,796,0.0,0.0
DTXSID7046257,796,0.0,0.0
DTXSID7046259,796,0.0,0.0
DTXSID7046332,796,0.0,0.0
DTXSID7046384,796,0.0,0.0
DTXSID7046386,796,,
DTXSID7046388,796,0.0,0.0
DTXSID7046411,796,0.0,0.0
DTXSID7046413,796,0.0,0.0
DTXSID7046415,796,0.0,0.0
DTXSID7046417,796,0.9875212012230222,1.0
DTXSID7046419,796,0.0,0.0
DTXSID7046461,796,0.0,0.0
DTXSID7046463,796,0.0,0.0
DTXSID7046465,796,0.0,0.0
DTXSID7046467,796,0.0,0.0
DTXSID7046540,796,0.0,0.0
DTXSID7046542,796,0.0,0.0
DTXSID7046548,796,0.0,0.0
DTXSID7046592,796,0.0,0.0
DTXSID7046594,796,0.0,0.0
DTXSID7046596,796,0.0,0.0
DTXSID7046621,796,5.216510270937264e-19,0.0
DTXSID7046623,796,0.0,0.0
DTXSID7046627,796,0.0,0.0
DTXSID7046673,796,0.0,0.0
DTXSID7046675,796,0.0,0.0
DTXSID7046677,796,0.0,0.0
DTXSID7046700,796,0.0,0.0
DTXSID7046702,796,0.0,0.0
DTXSID7046706,796,0.0,0.0
DTXSID7046708,796,0.0,0.0
DTXSID7046750,796,0.0,0.0
DTXSID7046752,796,0.0,0.0
DTXSID7046754,796,0.0,0.0
DTXSID7046756,796,0.0,0.0
DTXSID7046758,796,0.0,0.0
DTXSID7046831,796,0.0,0.0
DTXSID7046833,796,0.0,0.0
DTXSID7046835,796,0.0,0.0
DTXSID7046837,796,,
DTXSID7046839,796,2.0004912901751433e-12,0.0
DTXSID7046881,796,0.0,0.0
DTXSID7046883,796,0.0,0.0
DTXSID7046885,796,0.0,0.0
DTXSID7046887,796,0.0,0.0
DTXSID7046889,796,0.043586193460856126,0.0
DTXSID7046910,796,0.8562113304050901,0.0
DTXSID7046912,796,0.0,0.0
DTXSID7046914,796,3.240614018842412e-16,0.0
DTXSID7046918,796,0.0,0.0
DTXSID7046966,796,0.0,0.0
DTXSID7047061,796,0.0,0.0
DTXSID7047065,796,0.0,0.0
DTXSID7047067,796,1.535378269954961e-13,0.0
DTXSID7047140,796,0.0,0.0
DTXSID7047142,796,0.0,0.0
DTXSID7047144,796,,
DTXSID7047146,796,0.9998927578684987,1.0
DTXSID7047190,796,0.0,0.0
DTXSID7047192,796,0.0,0.0
DTXSID7047196,796,0.0,0.0
DTXSID7047198,796,0.0,0.0
DTXSID7047271,796,0.0,0.0
DTXSID7047277,796,,
DTXSID7047279,796,0.0,0.0
DTXSID7047304,796,1.0,1.0
DTXSID7047306,796,3.093791381893334e-08,0.0
DTXSID7047308,796,3.892065157417113e-18,0.0
DTXSID7047356,796,0.0,0.0
DTXSID7047358,796,0.0,0.0
DTXSID7047433,796,1.2915191549732676e-08,0.0
DTXSID7047435,796,0.0,0.0
DTXSID7047437,796,0.0,0.0
DTXSID7047439,796,0.0,0.0
DTXSID7047487,796,2.533110889161541e-15,0.0
DTXSID7047510,796,0.0,0.0
DTXSID7047512,796,0.0,0.0
DTXSID7047518,796,0.0,0.0
DTXSID7047560,796,0.0,0.0
DTXSID7047562,796,0.0,0.0
DTXSID7047568,796,0.0,0.0
DTXSID7047641,796,0.0,0.0
DTXSID7047643,796,0.0,0.0
DTXSID7047645,796,0.0,0.0
DTXSID7047647,796,0.0,0.0
DTXSID7047649,796,0.0,0.0
DTXSID7047697,796,0.0013443928840315615,0.0
DTXSID7047726,796,0.0,0.0
DTXSID7047772,796,0.0,0.0
DTXSID7047774,796,0.0,0.0
DTXSID7047776,796,0.0,0.0
DTXSID7047778,796,0.0,0.0
DTXSID7047801,796,0.0,0.0
DTXSID7047803,796,0.0,0.0
DTXSID7047807,796,0.0,0.0
DTXSID7047851,796,0.0,0.0
DTXSID7047853,796,0.0,0.0
DTXSID7047857,796,0.0,0.0
DTXSID7047930,796,5.458304625671886e-12,0.0
DTXSID7047932,796,0.0,0.0
DTXSID7047934,796,0.0,0.0
DTXSID7047936,796,0.0,0.0
DTXSID7047938,796,0.0,0.0
DTXSID7048166,796,0.0,0.0
DTXSID7048168,796,0.0,0.0
DTXSID7048291,796,0.9999999999815329,1.0
DTXSID7048580,796,0.0,0.0
DTXSID7048582,796,0.0,0.0
DTXSID7048584,796,0.0,0.0
DTXSID7048586,796,0.0,0.0
DTXSID7048588,796,0.9999999689360882,1.0
DTXSID7048611,796,0.0,0.0
DTXSID7048613,796,0.0,0.0
DTXSID7048615,796,0.0,0.0
DTXSID7048617,796,0.0,0.0
DTXSID7048619,796,,
DTXSID7048661,796,2.625285324237989e-14,0.0
DTXSID7048663,796,0.006183429805993604,0.0
DTXSID7048665,796,0.0,0.0
DTXSID7048667,796,0.0,0.0
DTXSID7048669,796,0.0,0.0
DTXSID7048740,796,0.0,0.0
DTXSID7048742,796,0.0,0.0
DTXSID7048744,796,0.0,0.0
DTXSID7048746,796,1.0,1.0
DTXSID7048748,796,0.0,0.0
DTXSID7048790,796,0.0,0.0
DTXSID7048792,796,0.0,0.0
DTXSID7048794,796,0.0,0.0
DTXSID7048796,796,0.8623451560736642,0.0
DTXSID7048798,796,,
DTXSID7048821,796,0.0,0.0
DTXSID7048823,796,0.0,0.0
DTXSID7048825,796,0.0,0.0
DTXSID7048827,796,0.0,0.0
DTXSID7048829,796,0.0,0.0
DTXSID7048871,796,0.0,0.0
DTXSID7048873,796,0.0,0.0
DTXSID7048875,796,1.0,1.0
DTXSID7048877,796,0.0,0.0
DTXSID7048879,796,0.0,0.0
DTXSID7048900,796,0.0,0.0
DTXSID7048902,796,0.0,0.0
DTXSID7048904,796,0.0,0.0
DTXSID7048906,796,0.0,0.0
DTXSID7048908,796,0.0,0.0
DTXSID7048950,796,0.0,0.0
DTXSID7048952,796,0.0,0.0
DTXSID7048954,796,0.0,0.0
DTXSID7048956,796,0.0,0.0
DTXSID7048958,796,0.0,0.0
DTXSID7049001,796,0.0,0.0
DTXSID7049003,796,0.0,0.0
DTXSID7049005,796,0.0,0.0
DTXSID7049007,796,0.0,0.0
DTXSID7049009,796,0.0,0.0
DTXSID7049051,796,1.0,1.0
DTXSID7049053,796,0.0,0.0
DTXSID7049055,796,0.0,0.0
DTXSID7049057,796,0.0,0.0
DTXSID7049059,796,0.0,0.0
DTXSID7049211,796,0.0,0.0
DTXSID7049213,796,0.0,0.0
DTXSID7049215,796,0.0,0.0
DTXSID7049217,796,0.0,0.0
DTXSID7049219,796,0.0,0.0
DTXSID7049261,796,0.0,0.0
DTXSID7049263,796,0.0,0.0
DTXSID7049265,796,1.9703953586731545e-05,0.0
DTXSID7049267,796,0.0,0.0
DTXSID7049269,796,0.0,0.0
DTXSID7049340,796,0.08205052853187703,0.0
DTXSID7049342,796,0.0,0.0
DTXSID7049344,796,0.0,0.0
DTXSID7049346,796,0.0,0.0
DTXSID7049348,796,0.0,0.0
DTXSID7049390,796,0.0,0.0
DTXSID7049392,796,0.0,0.0
DTXSID7049394,796,0.0,0.0
DTXSID7049396,796,0.0,0.0
DTXSID7049398,796,0.0,0.0
DTXSID7049421,796,0.0,0.0
DTXSID7049423,796,0.0,0.0
DTXSID7049425,796,5.956515473197812e-14,0.0
DTXSID7049427,796,0.0,0.0
DTXSID7049429,796,0.0,0.0
DTXSID7049471,796,0.0,0.0
DTXSID7049473,796,0.0,0.0
DTXSID7049475,796,0.0,0.0
DTXSID7049477,796,0.0,0.0
DTXSID7049479,796,0.0,0.0
DTXSID7049500,796,0.0,0.0
DTXSID7049502,796,0.0,0.0
DTXSID7049504,796,0.0,0.0
DTXSID7049506,796,0.0,0.0
DTXSID7049508,796,0.0,0.0
DTXSID7049550,796,1.6136294725565102e-12,0.0
DTXSID7049552,796,2.9584729544657865e-08,0.0
DTXSID7049554,796,0.0,0.0
DTXSID7049556,796,0.0,0.0
DTXSID7049558,796,4.2171614648276744e-13,0.0
DTXSID8020040,796,8.831106564499749e-14,0.0
DTXSID8020044,796,0.0,0.0
DTXSID8020090,796,0.0,0.0
DTXSID8020092,796,0.0,0.0
DTXSID8020094,796,0.0,0.0
DTXSID8020121,796,0.0,0.0
DTXSID8020123,796,0.0,0.0
DTXSID8020127,796,3.4968943278359e-16,0.0
DTXSID8020129,796,0.0,0.0
DTXSID8020173,796,0.0,0.0
DTXSID8020175,796,5.030936477722888e-20,0.0
DTXSID8020179,796,0.0,0.0
DTXSID8020200,796,0.0,0.0
DTXSID8020202,796,0.0,0.0
DTXSID8020206,796,0.0,0.0
DTXSID8020250,796,0.0,0.0
DTXSID8020252,796,0.0,0.0
DTXSID8020256,796,0.0,0.0
DTXSID8020331,796,0.0,0.0
DTXSID8020337,796,,
DTXSID8020381,796,0.8801992179395405,0.0
DTXSID8020383,796,0.9834876819016172,1.0
DTXSID8020410,796,4.00359135894879e-10,0.0
DTXSID8020462,796,0.0,0.0
DTXSID8020464,796,0.0,0.0
DTXSID8020466,796,0.0,0.0
DTXSID8020468,796,0.0,0.0
DTXSID8020541,796,0.0,0.0
DTXSID8020543,796,0.0,0.0
DTXSID8020545,796,0.0,0.0
DTXSID8020591,796,4.818611252312512e-17,0.0
DTXSID8020593,796,0.0,0.0
DTXSID8020597,796,0.0,0.0
DTXSID8020620,796,0.0045618930729503775,0.0
DTXSID8020622,796,0.0,0.0
DTXSID8020624,796,7.05138962085865e-19,0.0
DTXSID8020626,796,0.0,0.0
DTXSID8020628,796,0.0,0.0
DTXSID8020674,796,0.0,0.0
DTXSID8020678,796,0.0,0.0
DTXSID8020703,796,0.0,0.0
DTXSID8020707,796,,
DTXSID8020709,796,0.0,0.0
DTXSID8020753,796,0.0,0.0
DTXSID8020755,796,0.0,0.0
DTXSID8020757,796,0.0,0.0
DTXSID8020759,796,0.0,0.0
DTXSID8020830,796,0.0,0.0
DTXSID8020834,796,0.0,0.0
DTXSID8020838,796,,
DTXSID8020886,796,0.0,0.0
DTXSID8020888,796,0.0,0.0
DTXSID8020911,796,0.0,0.0
DTXSID8020913,796,0.0,0.0
DTXSID8020915,796,0.0,0.0
DTXSID8020917,796,0.0,0.0
DTXSID8020919,796,0.0,0.0
DTXSID8020961,796,0.0,0.0
DTXSID8020963,796,0.0,0.0
DTXSID8020965,796,0.0,0.0
DTXSID8020967,796,0.0,0.0
DTXSID8020969,796,0.0,0.0
DTXSID8021060,796,0.0,0.0
DTXSID8021062,796,0.0,0.0
DTXSID8021145,796,0.0,0.0
DTXSID8021147,796,0.0,0.0
DTXSID8021191,796,1.0,1.0
DTXSID8021193,796,0.0,0.0
DTXSID8021195,796,0.0,0.0
DTXSID8021197,796,0.0,0.0
DTXSID8021199,796,0.0,0.0
DTXSID8021222,796,0.0,0.0
DTXSID8021224,796,,
DTXSID8021270,796,0.9999736862490696,1.0
DTXSID8021272,796,0.0,0.0
DTXSID8021276,796,0.0,0.0
DTXSID8021278,796,0.0,0.0
DTXSID8021301,796,,
DTXSID8021305,796,0.0,0.0
DTXSID8021309,796,0.0,0.0
DTXSID8021351,796,0.0,0.0
DTXSID8021359,796,0.0,0.0
DTXSID8021438,796,0.0,0.0
DTXSID8021482,796,0.0,0.0
DTXSID8021484,796,0.0,0.0
DTXSID8021486,796,0.0,0.0
DTXSID8021488,796,0.0,0.0
DTXSID8021513,796,0.0,0.0
DTXSID8021515,796,0.0,0.0
DTXSID8021517,796,0.0,0.0
DTXSID8021519,796,0.0,0.0
DTXSID8021561,796,0.0,0.0
DTXSID8021563,796,0.21278346520393754,0.0
DTXSID8021565,796,0.0,0.0
DTXSID8021640,796,0.0,0.0
DTXSID8021642,796,0.0,0.0
DTXSID8021644,796,0.0,0.0
DTXSID8021646,796,0.0,0.0
DTXSID8021648,796,0.0,0.0
DTXSID8021690,796,0.0,0.0
DTXSID8021721,796,0.0,0.0
DTXSID8021725,796,0.0,0.0
DTXSID8021729,796,4.034021807140175e-09,0.0
DTXSID8021771,796,0.9863684664966118,1.0
DTXSID8021775,796,0.0,0.0
DTXSID8021777,796,1.0,1.0
DTXSID8021800,796,0.0,0.0
DTXSID8021802,796,0.0,0.0
DTXSID8021804,796,0.0,0.0
DTXSID8021808,796,1.8365001640498423e-18,0.0
DTXSID8021854,796,0.0,0.0
DTXSID8021856,796,0.0,0.0
DTXSID8021931,796,0.0,0.0
DTXSID8021937,796,0.0,0.0
DTXSID8021939,796,0.0,0.0
DTXSID8022082,796,1.9931300022707557e-13,0.0
DTXSID8022084,796,0.0,0.0
DTXSID8022086,796,0.0,0.0
DTXSID8022111,796,0.9995807074397801,1.0
DTXSID8022113,796,0.0,0.0
DTXSID8022117,796,0.0,0.0
DTXSID8022161,796,0.9999690806060519,1.0
DTXSID8022246,796,0.0,0.0
DTXSID8022292,796,3.577400920293233e-13,0.0
DTXSID8022325,796,0.9999999956897078,1.0
DTXSID8022329,796,0.0,0.0
DTXSID8022371,796,3.3270914899320564e-09,0.0
DTXSID8022377,796,0.9536594905509475,1.0
DTXSID8022404,796,0.0,0.0
DTXSID8022406,796,0.0016708909211661151,0.0
DTXSID8022408,796,3.2486500398219474e-19,0.0
DTXSID8022585,796,0.0,0.0
DTXSID8022589,796,0.0,0.0
DTXSID8022612,796,0.0,0.0
DTXSID8022614,796,0.0,0.0
DTXSID8022666,796,0.0,0.0
DTXSID8022741,796,0.0,0.0
DTXSID8022743,796,0.0,0.0
DTXSID8022749,796,0.0,0.0
DTXSID8022822,796,0.0,0.0
DTXSID8022828,796,1.9869699001444e-18,0.0
DTXSID8022870,796,0.0,0.0
DTXSID8022872,796,0.0,0.0
DTXSID8022901,796,0.0,0.0
DTXSID8022955,796,,
DTXSID8022959,796,0.9989563663987916,1.0
DTXSID8023000,796,0.0,0.0
DTXSID8023004,796,0.8000415798354701,0.0
DTXSID8023050,796,0.9998228493702918,1.0
DTXSID8023054,796,0.0,0.0
DTXSID8023137,796,0.0,0.0
DTXSID8023181,796,0.0,0.0
DTXSID8023183,796,0.0,0.0
DTXSID8023185,796,0.0,0.0
DTXSID8023187,796,0.0,0.0
DTXSID8023214,796,8.036415849730187e-11,0.0
DTXSID8023216,796,0.9553114111755341,1.0
DTXSID8023260,796,0.0,0.0
DTXSID8023262,796,,
DTXSID8023345,796,0.0,0.0
DTXSID8023347,796,0.0,0.0
DTXSID8023349,796,0.0,0.0
DTXSID8023393,796,0.0,0.0
DTXSID8023395,796,0.0,0.0
DTXSID8023422,796,0.0,0.0
DTXSID8023426,796,0.0,0.0
DTXSID8023470,796,0.0,0.0
DTXSID8023472,796,0.0,0.0
DTXSID8023474,796,,
DTXSID8023476,796,0.0,0.0
DTXSID8023478,796,0.0,0.0
DTXSID8023551,796,0.0,0.0
DTXSID8023557,796,0.0,0.0
DTXSID8023632,796,0.0,0.0
DTXSID8023636,796,0.0,0.0
DTXSID8023638,796,0.0013522655818503197,0.0
DTXSID8023680,796,0.0,0.0
DTXSID8023688,796,0.0,0.0
DTXSID8023713,796,0.0,0.0
DTXSID8023719,796,0.9999999412042424,1.0
DTXSID8023846,796,0.0,0.0
DTXSID8023848,796,0.0,0.0
DTXSID8023890,796,0.0,0.0
DTXSID8023892,796,0.0,0.0
DTXSID8023927,796,1.1984633441648226e-08,0.0
DTXSID8023971,796,0.0,0.0
DTXSID8023973,796,0.0,0.0
DTXSID8023977,796,0.0,0.0
DTXSID8024072,796,0.0,0.0
DTXSID8024101,796,0.0,0.0
DTXSID8024105,796,7.658172741290237e-16,0.0
DTXSID8024107,796,1.8758163759071782e-14,0.0
DTXSID8024109,796,0.0,0.0
DTXSID8024151,796,0.0,0.0
DTXSID8024157,796,,
DTXSID8024159,796,0.9999992841686779,1.0
DTXSID8024234,796,0.0,0.0
DTXSID8024236,796,1.9588261695292895e-11,0.0
DTXSID8024238,796,,
DTXSID8024280,796,0.0,0.0
DTXSID8024284,796,0.0,0.0
DTXSID8024286,796,0.0,0.0
DTXSID8024311,796,0.0,0.0
DTXSID8024315,796,0.0,0.0
DTXSID8024317,796,0.0,0.0
DTXSID8024442,796,0.0,0.0
DTXSID8024448,796,0.0,0.0
DTXSID8024498,796,0.0,0.0
DTXSID8024521,796,0.0,0.0
DTXSID8024523,796,1.4345884811800035e-09,0.0
DTXSID8024529,796,0.0,0.0
DTXSID8024573,796,0.0,0.0
DTXSID8024600,796,0.0,0.0
DTXSID8024602,796,0.0,0.0
DTXSID8024608,796,6.511685902978644e-05,0.0
DTXSID8024652,796,0.0,0.0
DTXSID8024658,796,0.0,0.0
DTXSID8024733,796,1.2709453326780216e-18,0.0
DTXSID8024739,796,0.0,0.0
DTXSID8024781,796,0.0,0.0
DTXSID8024783,796,0.0,0.0
DTXSID8024787,796,0.0,0.0
DTXSID8024810,796,0.0,0.0
DTXSID8024814,796,0.0,0.0
DTXSID8024862,796,0.0,0.0
DTXSID8024864,796,0.0,0.0
DTXSID8024866,796,0.9952573813332455,1.0
DTXSID8024941,796,0.0,0.0
DTXSID8024947,796,0.0,0.0
DTXSID8024991,796,0.0,0.0
DTXSID8024993,796,0.0,0.0
DTXSID8024997,796,0.0,0.0
DTXSID8024999,796,0.0,0.0
DTXSID8025040,796,0.0,0.0
DTXSID8025046,796,0.0,0.0
DTXSID8025094,796,0.0,0.0
DTXSID8025096,796,0.0,0.0
DTXSID8025258,796,0.0,0.0
DTXSID8025331,796,0.0,0.0
DTXSID8025337,796,0.0,0.0
DTXSID8025464,796,0.0,0.0
DTXSID8025466,796,0.0,0.0
DTXSID8025591,796,0.0,0.0
DTXSID8025593,796,0.0,0.0
DTXSID8025595,796,0.0,0.0
DTXSID8025599,796,0.9968676570232998,1.0
DTXSID8025628,796,0.0,0.0
DTXSID8025670,796,1.60855684394218e-15,0.0
DTXSID8025703,796,4.771744850470174e-11,0.0
DTXSID8025709,796,0.0,0.0
DTXSID8025751,796,0.0,0.0
DTXSID8025757,796,0.0,0.0
DTXSID8025759,796,0.0,0.0
DTXSID8025830,796,0.0,0.0
DTXSID8025886,796,0.0,0.0
DTXSID8025888,796,0.0,0.0
DTXSID8025963,796,0.0,0.0
DTXSID8025967,796,0.0,0.0
DTXSID8025969,796,0.0,0.0
DTXSID8026018,796,0.19867664578559466,0.0
DTXSID8026060,796,0.0,0.0
DTXSID8026064,796,0.0,0.0
DTXSID8026068,796,0.0,0.0
DTXSID8026141,796,0.0,0.0
DTXSID8026145,796,0.0,0.0
DTXSID8026147,796,0.0,0.0
DTXSID8026193,796,0.0,0.0
DTXSID8026195,796,0.0,0.0
DTXSID8026220,796,3.501197545630914e-18,0.0
DTXSID8026224,796,0.0,0.0
DTXSID8026228,796,0.0,0.0
DTXSID8026270,796,0.0,0.0
DTXSID8026303,796,0.0,0.0
DTXSID8026305,796,0.0,0.0
DTXSID8026307,796,0.0,0.0
DTXSID8026309,796,0.0,0.0
DTXSID8026432,796,0.0,0.0
DTXSID8026436,796,0.0,0.0
DTXSID8026488,796,0.0,0.0
DTXSID8026513,796,0.0,0.0
DTXSID8026515,796,0.0,0.0
DTXSID8026519,796,0.0,0.0
DTXSID8026563,796,0.0,0.0
DTXSID8026640,796,0.0,0.0
DTXSID8026694,796,0.0,0.0
DTXSID8026698,796,0.0,0.0
DTXSID8026725,796,3.901045420548468e-07,0.0
DTXSID8026727,796,0.0,0.0
DTXSID8026729,796,0.0,0.0
DTXSID8026773,796,0.0,0.0
DTXSID8026775,796,0.0,0.0
DTXSID8026802,796,0.0,0.0
DTXSID8026931,796,1.8064710088947425e-18,0.0
DTXSID8026933,796,0.0,0.0
DTXSID8026935,796,0.0,0.0
DTXSID8026981,796,0.0,0.0
DTXSID8027032,796,0.0,0.0
DTXSID8027034,796,0.0,0.0
DTXSID8027036,796,0.0,0.0
DTXSID8027084,796,0.0,0.0
DTXSID8027086,796,0.0,0.0
DTXSID8027113,796,0.0,0.0
DTXSID8027163,796,0.0,0.0
DTXSID8027167,796,4.166464578044511e-17,0.0
DTXSID8027169,796,0.0,0.0
DTXSID8027240,796,0.0,0.0
DTXSID8027244,796,0.0,0.0
DTXSID8027246,796,0.0,0.0
DTXSID8027292,796,7.401025613100216e-14,0.0
DTXSID8027294,796,0.0,0.0
DTXSID8027321,796,0.0,0.0
DTXSID8027323,796,0.0,0.0
DTXSID8027329,796,0.0,0.0
DTXSID8027377,796,0.0,0.0
DTXSID8027400,796,0.0,0.0
DTXSID8027402,796,0.0,0.0
DTXSID8027452,796,0.0,0.0
DTXSID8027454,796,0.0,0.0
DTXSID8027537,796,0.0,0.0
DTXSID8027581,796,0.0,0.0
DTXSID8027585,796,0.0,0.0
DTXSID8027589,796,0.0,0.0
DTXSID8027747,796,0.0004256906364223474,0.0
DTXSID8027749,796,0.0,0.0
DTXSID8027793,796,0.0,0.0
DTXSID8027795,796,0.033221910589048685,0.0
DTXSID8027797,796,0.0,0.0
DTXSID8027822,796,0.0,0.0
DTXSID8027826,796,0.0,0.0
DTXSID8027870,796,0.0,0.0
DTXSID8027878,796,0.0,0.0
DTXSID8027905,796,0.0,0.0
DTXSID8027955,796,0.0,0.0
DTXSID8027959,796,0.0,0.0
DTXSID8028008,796,0.00011063018135650025,0.0
DTXSID8028842,796,0.0,0.0
DTXSID8029072,796,0.0,0.0
DTXSID8029105,796,0.0,0.0
DTXSID8029153,796,3.735265130701454e-16,0.0
DTXSID8029157,796,4.2508586952683415e-20,0.0
DTXSID8029159,796,0.0,0.0
DTXSID8029230,796,0.0,0.0
DTXSID8029234,796,0.0,0.0
DTXSID8029236,796,0.0,0.0
DTXSID8029280,796,0.0,0.0
DTXSID8029282,796,0.9999995672707398,1.0
DTXSID8029286,796,0.6710800733105134,0.0
DTXSID8029315,796,0.0,0.0
DTXSID8029317,796,0.0,0.0
DTXSID8029369,796,7.437024490357869e-19,0.0
DTXSID8029575,796,0.0,0.0
DTXSID8029600,796,0.0,0.0
DTXSID8029602,796,0.9999999338145151,1.0
DTXSID8029604,796,0.0,0.0
DTXSID8029606,796,0.0,0.0
DTXSID8029608,796,0.0,0.0
DTXSID8029650,796,0.0,0.0
DTXSID8029652,796,0.0,0.0
DTXSID8029733,796,0.0,0.0
DTXSID8029739,796,0.0,0.0
DTXSID8029868,796,1.2811556669584752e-10,0.0
DTXSID8030138,796,0.0,0.0
DTXSID8030423,796,1.2963403836461208e-15,0.0
DTXSID8030760,796,0.0,0.0
DTXSID8031077,796,0.0,0.0
DTXSID8031366,796,0.0,0.0
DTXSID8031497,796,0.0,0.0
DTXSID8031603,796,0.0,0.0
DTXSID8031863,796,0.9999958620221742,1.0
DTXSID8031865,796,0.8989060038997098,0.0
DTXSID8032386,796,,
DTXSID8032417,796,0.0,0.0
DTXSID8032544,796,0.0,0.0
DTXSID8032548,796,0.0,0.0
DTXSID8032623,796,0.0,0.0
DTXSID8032627,796,0.0,0.0
DTXSID8032673,796,0.0,0.0
DTXSID8032675,796,2.8706258835841573e-08,0.0
DTXSID8033433,796,5.500278324700468e-12,0.0
DTXSID8033512,796,0.0,0.0
DTXSID8033562,796,0.0,0.0
DTXSID8033564,796,0.0,0.0
DTXSID8033566,796,0.0,0.0
DTXSID8033649,796,0.0,0.0
DTXSID8033803,796,0.0,0.0
DTXSID8034085,796,0.0,0.0
DTXSID8034087,796,0.0,0.0
DTXSID8034089,796,1.0,1.0
DTXSID8034324,796,0.0,0.0
DTXSID8034376,796,0.0,0.0
DTXSID8034401,796,6.221481895635138e-09,0.0
DTXSID8034580,796,0.0,0.0
DTXSID8034586,796,0.9992307333068057,1.0
DTXSID8034588,796,5.885515628233062e-07,0.0
DTXSID8034665,796,0.0,0.0
DTXSID8034669,796,0.0,0.0
DTXSID8034742,796,0.0,0.0
DTXSID8034792,796,0.0,0.0
DTXSID8034871,796,0.0,0.0
DTXSID8034873,796,0.0,0.0
DTXSID8034877,796,0.0,0.0
DTXSID8034956,796,0.0,0.0
DTXSID8035001,796,0.0,0.0
DTXSID8035138,796,9.530445079234212e-20,0.0
DTXSID8035180,796,0.0,0.0
DTXSID8035186,796,0.0,0.0
DTXSID8035423,796,0.0,0.0
DTXSID8037207,796,0.0,0.0
DTXSID8037594,796,2.7355516051050437e-16,0.0
DTXSID8037596,796,0.0,0.0
DTXSID8037706,796,0.9995289398652908,1.0
DTXSID8037708,796,0.0,0.0
DTXSID8037750,796,0.0,0.0
DTXSID8037752,796,0.0,0.0
DTXSID8037754,796,2.3419223253045087e-14,0.0
DTXSID8037756,796,0.0,0.0
DTXSID8038770,796,0.0,0.0
DTXSID8038801,796,0.0,0.0
DTXSID8038855,796,0.0,0.0
DTXSID8038857,796,0.0,0.0
DTXSID8039241,796,0.0001259722802211004,0.0
DTXSID8040222,796,0.0,0.0
DTXSID8040270,796,,
DTXSID8040274,796,1.5168250751382867e-12,0.0
DTXSID8040278,796,0.9480295455949965,1.0
DTXSID8040436,796,0.0,0.0
DTXSID8040438,796,0.0,0.0
DTXSID8040484,796,0.0,0.0
DTXSID8040694,796,0.0,0.0
DTXSID8040698,796,0.0,0.0
DTXSID8040721,796,0.0,0.0
DTXSID8040723,796,,
DTXSID8040725,796,0.0,0.0
DTXSID8040727,796,0.0,0.0
DTXSID8040775,796,0.0,0.0
DTXSID8040800,796,0.0,0.0
DTXSID8041032,796,0.0,0.0
DTXSID8041034,796,0.9999999858453583,1.0
DTXSID8041080,796,0.0,0.0
DTXSID8041115,796,,
DTXSID8041117,796,0.0,0.0
DTXSID8041242,796,6.683656349032036e-06,0.0
DTXSID8041246,796,0.0,0.0
DTXSID8041248,796,0.0,0.0
DTXSID8041298,796,0.0,0.0
DTXSID8041321,796,0.0,0.0
DTXSID8041327,796,0.0,0.0
DTXSID8041329,796,0.0,0.0
DTXSID8041371,796,0.0,0.0
DTXSID8041373,796,0.0,0.0
DTXSID8041379,796,0.0,0.0
DTXSID8041400,796,0.0,0.0
DTXSID8041404,796,0.0,0.0
DTXSID8041452,796,0.0,0.0
DTXSID8041610,796,0.0,0.0
DTXSID8041668,796,0.0,0.0
DTXSID8041743,796,0.0,0.0
DTXSID8041793,796,0.0,0.0
DTXSID8041797,796,0.9881736294788319,1.0
DTXSID8041799,796,1.0,1.0
DTXSID8041828,796,0.0,0.0
DTXSID8041909,796,0.0,0.0
DTXSID8041951,796,0.0,0.0
DTXSID8041955,796,0.0,0.0
DTXSID8041957,796,0.0,0.0
DTXSID8041959,796,5.6365824094081995e-18,0.0
DTXSID8042006,796,0.0,0.0
DTXSID8042052,796,0.0,0.0
DTXSID8042137,796,7.267551757462035e-12,0.0
DTXSID8042181,796,3.960047591276503e-11,0.0
DTXSID8042187,796,0.0,0.0
DTXSID8042189,796,0.0,0.0
DTXSID8042210,796,0.0,0.0
DTXSID8042218,796,0.0,0.0
DTXSID8042260,796,0.0,0.0
DTXSID8042264,796,0.0,0.0
DTXSID8042266,796,0.0,0.0
DTXSID8042343,796,0.0,0.0
DTXSID8042349,796,1.5828264553486912e-11,0.0
DTXSID8042399,796,0.0005914128003070265,0.0
DTXSID8042422,796,0.0,0.0
DTXSID8042424,796,0.0,0.0
DTXSID8042426,796,0.0,0.0
DTXSID8042478,796,1.3739079085691724e-09,0.0
DTXSID8042503,796,0.0,0.0
DTXSID8042507,796,0.0,0.0
DTXSID8042509,796,0.5667728893674658,0.0
DTXSID8042559,796,0.0,0.0
DTXSID8042632,796,0.0,0.0
DTXSID8043814,796,0.0,0.0
DTXSID8043941,796,0.0,0.0
DTXSID8044175,796,0.0,0.0
DTXSID8044177,796,0.0,0.0
DTXSID8044200,796,0.0,0.0
DTXSID8044202,796,0.0,0.0
DTXSID8044204,796,,
DTXSID8044206,796,0.0,0.0
DTXSID8044208,796,0.0,0.0
DTXSID8044252,796,0.0,0.0
DTXSID8044381,796,0.9261035955628034,1.0
DTXSID8044383,796,0.0,0.0
DTXSID8044389,796,0.0,0.0
DTXSID8044410,796,0.0,0.0
DTXSID8044412,796,0.0,0.0
DTXSID8044414,796,0.0,0.0
DTXSID8044462,796,0.0,0.0
DTXSID8044464,796,0.999603907319074,1.0
DTXSID8044466,796,0.0,0.0
DTXSID8044541,796,0.0,0.0
DTXSID8044543,796,0.0,0.0
DTXSID8044545,796,0.0,0.0
DTXSID8044547,796,3.731897723663993e-13,0.0
DTXSID8044549,796,0.2938406965883733,0.0
DTXSID8044591,796,0.0,0.0
DTXSID8044593,796,0.0,0.0
DTXSID8044595,796,0.0,0.0
DTXSID8044597,796,0.0,0.0
DTXSID8044599,796,0.0,0.0
DTXSID8044620,796,0.0,0.0
DTXSID8044622,796,0.0,0.0
DTXSID8044624,796,0.0,0.0
DTXSID8044626,796,0.0,0.0
DTXSID8044670,796,3.932430356622297e-15,0.0
DTXSID8044676,796,0.0,0.0
DTXSID8044678,796,0.029700261688796227,0.0
DTXSID8044701,796,9.507687505727608e-16,0.0
DTXSID8044703,796,0.0,0.0
DTXSID8044709,796,0.0,0.0
DTXSID8044751,796,0.0,0.0
DTXSID8044753,796,0.0,0.0
DTXSID8044755,796,0.0,0.0
DTXSID8044757,796,0.0,0.0
DTXSID8044759,796,0.0,0.0
DTXSID8044830,796,0.0,0.0
DTXSID8044832,796,0.0,0.0
DTXSID8044834,796,0.0,0.0
DTXSID8044836,796,0.9890740860291237,1.0
DTXSID8044880,796,0.0,0.0
DTXSID8044882,796,1.8357869599551875e-11,0.0
DTXSID8044884,796,0.0,0.0
DTXSID8044886,796,0.0,0.0
DTXSID8044888,796,0.0,0.0
DTXSID8044911,796,0.0,0.0
DTXSID8044913,796,,
DTXSID8044915,796,0.0,0.0
DTXSID8044919,796,0.0,0.0
DTXSID8044961,796,0.0,0.0
DTXSID8044963,796,0.0,0.0
DTXSID8044967,796,0.0,0.0
DTXSID8045141,796,0.0,0.0
DTXSID8045145,796,0.0,0.0
DTXSID8045147,796,0.0,0.0
DTXSID8045149,796,0.0,0.0
DTXSID8045191,796,0.0,0.0
DTXSID8045193,796,0.0,0.0
DTXSID8045195,796,0.0,0.0
DTXSID8045220,796,0.0,0.0
DTXSID8045222,796,0.0,0.0
DTXSID8045224,796,0.0,0.0
DTXSID8045226,796,0.0,0.0
DTXSID8045228,796,0.0,0.0
DTXSID8045305,796,0.0,0.0
DTXSID8045307,796,0.0,0.0
DTXSID8045351,796,0.0,0.0
DTXSID8045355,796,0.0,0.0
DTXSID8045357,796,0.0,0.0
DTXSID8045359,796,,
DTXSID8045432,796,0.0,0.0
DTXSID8045434,796,0.0,0.0
DTXSID8045438,796,0.0,0.0
DTXSID8045480,796,0.0,0.0
DTXSID8045484,796,0.0,0.0
DTXSID8045486,796,0.9999911594681676,1.0
DTXSID8045488,796,0.0,0.0
DTXSID8045511,796,0.0,0.0
DTXSID8045513,796,0.0,0.0
DTXSID8045515,796,0.0,0.0
DTXSID8045519,796,0.0,0.0
DTXSID8045561,796,0.0,0.0
DTXSID8045563,796,0.0,0.0
DTXSID8045565,796,0.0,0.0
DTXSID8045567,796,0.0,0.0
DTXSID8045569,796,0.0,0.0
DTXSID8045640,796,0.0,0.0
DTXSID8045642,796,0.0,0.0
DTXSID8045646,796,0.0,0.0
DTXSID8045648,796,0.0,0.0
DTXSID8045690,796,0.0,0.0
DTXSID8045692,796,0.0,0.0
DTXSID8045694,796,1.7153705631527598e-10,0.0
DTXSID8045696,796,0.0,0.0
DTXSID8045698,796,0.0,0.0
DTXSID8045771,796,1.5297193270832797e-15,0.0
DTXSID8045773,796,0.0,0.0
DTXSID8045775,796,0.0,0.0
DTXSID8045777,796,0.0,0.0
DTXSID8045779,796,0.0,0.0
DTXSID8045800,796,0.0,0.0
DTXSID8045802,796,0.0,0.0
DTXSID8045804,796,,
DTXSID8045806,796,4.903374377056359e-08,0.0
DTXSID8045850,796,0.0,0.0
DTXSID8045852,796,0.0,0.0
DTXSID8045854,796,,
DTXSID8045856,796,1.0,1.0
DTXSID8045933,796,0.0,0.0
DTXSID8045935,796,0.0,0.0
DTXSID8045937,796,8.970881481162352e-11,0.0
DTXSID8045939,796,0.0,0.0
DTXSID8045983,796,0.0,0.0
DTXSID8045985,796,0.0,0.0
DTXSID8045987,796,0.0,0.0
DTXSID8045989,796,0.0,0.0
DTXSID8046030,796,0.0,0.0
DTXSID8046034,796,0.0,0.0
DTXSID8046036,796,0.0,0.0
DTXSID8046038,796,0.0,0.0
DTXSID8046084,796,0.0,0.0
DTXSID8046086,796,0.0,0.0
DTXSID8046088,796,0.0,0.0
DTXSID8046113,796,0.0,0.0
DTXSID8046115,796,0.0,0.0
DTXSID8046117,796,0.0,0.0
DTXSID8046119,796,0.0,0.0
DTXSID8046161,796,0.0,0.0
DTXSID8046163,796,2.3557393958800974e-15,0.0
DTXSID8046165,796,0.0,0.0
DTXSID8046167,796,0.0,0.0
DTXSID8046169,796,0.0,0.0
DTXSID8046240,796,0.0,0.0
DTXSID8046242,796,0.0,0.0
DTXSID8046244,796,0.0,0.0
DTXSID8046246,796,0.0,0.0
DTXSID8046248,796,0.0,0.0
DTXSID8046290,796,0.0,0.0
DTXSID8046292,796,0.0,0.0
DTXSID8046294,796,0.0,0.0
DTXSID8046296,796,0.0,0.0
DTXSID8046298,796,0.0,0.0
DTXSID8046321,796,0.0,0.0
DTXSID8046323,796,0.0,0.0
DTXSID8046325,796,1.0510305716721995e-17,0.0
DTXSID8046327,796,0.0,0.0
DTXSID8046400,796,0.0,0.0
DTXSID8046402,796,0.0,0.0
DTXSID8046404,796,2.0918656970653056e-10,0.0
DTXSID8046406,796,0.0,0.0
DTXSID8046450,796,1.7778838011691924e-11,0.0
DTXSID8046452,796,0.0,0.0
DTXSID8046454,796,1.0,1.0
DTXSID8046456,796,0.0,0.0
DTXSID8046458,796,0.0,0.0
DTXSID8046531,796,0.0,0.0
DTXSID8046535,796,0.0,0.0
DTXSID8046537,796,0.0,0.0
DTXSID8046539,796,0.0,0.0
DTXSID8046581,796,0.0,0.0
DTXSID8046583,796,0.0,0.0
DTXSID8046585,796,0.0,0.0
DTXSID8046589,796,0.0,0.0
DTXSID8046610,796,0.0,0.0
DTXSID8046614,796,0.0,0.0
DTXSID8046618,796,0.0,0.0
DTXSID8046660,796,0.0,0.0
DTXSID8046662,796,0.0,0.0
DTXSID8046664,796,0.0,0.0
DTXSID8046666,796,,
DTXSID8046743,796,3.4805616033839e-14,0.0
DTXSID8046749,796,0.0,0.0
DTXSID8046791,796,2.8016558856437306e-08,0.0
DTXSID8046793,796,0.0,0.0
DTXSID8046795,796,0.0,0.0
DTXSID8046799,796,0.0,0.0
DTXSID8046820,796,0.0,0.0
DTXSID8046822,796,0.0,0.0
DTXSID8046824,796,0.0,0.0
DTXSID8046826,796,0.0,0.0
DTXSID8046828,796,0.0,0.0
DTXSID8046870,796,0.0,0.0
DTXSID8046872,796,0.786956587554325,0.0
DTXSID8046876,796,0.0,0.0
DTXSID8046878,796,0.0,0.0
DTXSID8046901,796,0.0,0.0
DTXSID8046903,796,,
DTXSID8046905,796,0.9999999998394404,1.0
DTXSID8046909,796,0.0,0.0
DTXSID8046951,796,0.0,0.0
DTXSID8047000,796,0.0,0.0
DTXSID8047006,796,0.0,0.0
DTXSID8047050,796,0.0,0.0
DTXSID8047052,796,0.0,0.0
DTXSID8047056,796,0.0,0.0
DTXSID8047058,796,0.0,0.0
DTXSID8047131,796,0.0,0.0
DTXSID8047133,796,0.0,0.0
DTXSID8047135,796,1.4531946654082034e-20,0.0
DTXSID8047137,796,0.0,0.0
DTXSID8047139,796,0.0,0.0
DTXSID8047183,796,0.0,0.0
DTXSID8047185,796,0.0,0.0
DTXSID8047187,796,0.0,0.0
DTXSID8047189,796,0.0,0.0
DTXSID8047262,796,3.925636712665279e-06,0.0
DTXSID8047264,796,0.0,0.0
DTXSID8047266,796,0.0,0.0
DTXSID8047268,796,2.1250946013103928e-05,0.0
DTXSID8047341,796,0.0,0.0
DTXSID8047347,796,0.0,0.0
DTXSID8047349,796,9.25858102677941e-18,0.0
DTXSID8047391,796,0.0,0.0
DTXSID8047395,796,0.0,0.0
DTXSID8047397,796,0.0,0.0
DTXSID8047399,796,0.0,0.0
DTXSID8047420,796,0.0,0.0
DTXSID8047422,796,0.0,0.0
DTXSID8047424,796,0.0,0.0
DTXSID8047426,796,0.0,0.0
DTXSID8047428,796,0.0,0.0
DTXSID8047470,796,0.0,0.0
DTXSID8047474,796,0.0,0.0
DTXSID8047476,796,6.364455208700449e-14,0.0
DTXSID8047501,796,0.0,0.0
DTXSID8047505,796,0.922084595706648,1.0
DTXSID8047551,796,0.0,0.0
DTXSID8047553,796,3.3492668189664505e-15,0.0
DTXSID8047559,796,0.0,0.0
DTXSID8047630,796,0.0,0.0
DTXSID8047636,796,0.0,0.0
DTXSID8047680,796,0.0,0.0
DTXSID8047682,796,0.0,0.0
DTXSID8047684,796,0.0,0.0
DTXSID8047686,796,0.0,0.0
DTXSID8047711,796,5.915763351875219e-10,0.0
DTXSID8047713,796,0.0,0.0
DTXSID8047717,796,0.0,0.0
DTXSID8047840,796,0.0,0.0
DTXSID8047842,796,0.0,0.0
DTXSID8047844,796,0.0,0.0
DTXSID8047846,796,0.0,0.0
DTXSID8047848,796,0.0,0.0
DTXSID8047890,796,0.9999988831580622,1.0
DTXSID8047892,796,0.0,0.0
DTXSID8047894,796,0.0,0.0
DTXSID8047896,796,1.0899428310935837e-14,0.0
DTXSID8047898,796,0.0,0.0
DTXSID8047921,796,0.0,0.0
DTXSID8047923,796,,
DTXSID8047925,796,0.0,0.0
DTXSID8047927,796,0.0,0.0
DTXSID8047929,796,0.0,0.0
DTXSID8047971,796,0.0,0.0
DTXSID8047973,796,0.9999478226528357,1.0
DTXSID8048521,796,0.0,0.0
DTXSID8048575,796,0.0,0.0
DTXSID8048577,796,0.8736771856853596,0.0
DTXSID8048579,796,0.0,0.0
DTXSID8048600,796,0.0,0.0
DTXSID8048602,796,0.0,0.0
DTXSID8048604,796,0.0,0.0
DTXSID8048606,796,0.0,0.0
DTXSID8048608,796,0.0,0.0
DTXSID8048650,796,0.9999999979994704,1.0
DTXSID8048652,796,0.0,0.0
DTXSID8048654,796,0.0,0.0
DTXSID8048656,796,0.0,0.0
DTXSID8048658,796,0.0,0.0
DTXSID8048731,796,,
DTXSID8048733,796,0.9943591893346481,1.0
DTXSID8048735,796,0.0,0.0
DTXSID8048737,796,0.0,0.0
DTXSID8048739,796,0.0,0.0
DTXSID8048781,796,0.0,0.0
DTXSID8048783,796,0.0,0.0
DTXSID8048785,796,1.3050472411001933e-05,0.0
DTXSID8048787,796,0.0,0.0
DTXSID8048789,796,0.0,0.0
DTXSID8048810,796,0.0,0.0
DTXSID8048812,796,0.9998968180078124,1.0
DTXSID8048814,796,0.0,0.0
DTXSID8048816,796,0.0,0.0
DTXSID8048818,796,6.705504559290422e-06,0.0
DTXSID8048860,796,0.0,0.0
DTXSID8048862,796,0.0,0.0
DTXSID8048864,796,0.0,0.0
DTXSID8048866,796,0.0,0.0
DTXSID8048868,796,0.0,0.0
DTXSID8048941,796,0.0,0.0
DTXSID8048943,796,0.9999999999999992,1.0
DTXSID8048945,796,0.9999983552395629,1.0
DTXSID8048947,796,0.94643390376856,1.0
DTXSID8048949,796,0.0,0.0
DTXSID8048991,796,0.0,0.0
DTXSID8048993,796,0.0,0.0
DTXSID8048995,796,0.0,0.0
DTXSID8048997,796,0.0,0.0
DTXSID8048999,796,0.0,0.0
DTXSID8049040,796,0.0,0.0
DTXSID8049042,796,0.0,0.0
DTXSID8049044,796,0.0,0.0
DTXSID8049046,796,0.0,0.0
DTXSID8049048,796,0.0,0.0
DTXSID8049200,796,0.0,0.0
DTXSID8049202,796,0.0,0.0
DTXSID8049204,796,0.0,0.0
DTXSID8049206,796,0.0,0.0
DTXSID8049208,796,0.0,0.0
DTXSID8049250,796,,
DTXSID8049252,796,0.0,0.0
DTXSID8049254,796,,
DTXSID8049256,796,0.9858128792123425,1.0
DTXSID8049258,796,0.0,0.0
DTXSID8049331,796,0.0,0.0
DTXSID8049333,796,0.0,0.0
DTXSID8049335,796,0.0,0.0
DTXSID8049337,796,0.0,0.0
DTXSID8049339,796,0.0,0.0
DTXSID8049381,796,0.0,0.0
DTXSID8049383,796,0.0,0.0
DTXSID8049385,796,0.0,0.0
DTXSID8049387,796,0.0,0.0
DTXSID8049389,796,0.0,0.0
DTXSID8049410,796,0.0,0.0
DTXSID8049412,796,0.0,0.0
DTXSID8049414,796,3.318930083647596e-10,0.0
DTXSID8049416,796,0.0,0.0
DTXSID8049418,796,0.0,0.0
DTXSID8049460,796,0.0,0.0
DTXSID8049462,796,0.0,0.0
DTXSID8049464,796,0.0,0.0
DTXSID8049466,796,0.0,0.0
DTXSID8049468,796,0.0,0.0
DTXSID8049541,796,4.207974321379264e-16,0.0
DTXSID8049543,796,0.0,0.0
DTXSID8049545,796,2.8563660043801317e-06,0.0
DTXSID8049547,796,0.0,0.0
DTXSID8049549,796,5.615699076369912e-12,0.0
DTXSID9020031,796,0.0,0.0
DTXSID9020081,796,0.0,0.0
DTXSID9020083,796,2.2169456367100088e-14,0.0
DTXSID9020087,796,0.0,0.0
DTXSID9020089,796,0.0,0.0
DTXSID9020110,796,,
DTXSID9020112,796,2.943275030090917e-16,0.0
DTXSID9020114,796,0.0,0.0
DTXSID9020116,796,5.517060132442584e-16,0.0
DTXSID9020118,796,0.0,0.0
DTXSID9020160,796,0.0,0.0
DTXSID9020164,796,0.0,0.0
DTXSID9020166,796,0.0,0.0
DTXSID9020168,796,0.0,0.0
DTXSID9020241,796,0.0,0.0
DTXSID9020243,796,0.9869376510407178,1.0
DTXSID9020245,796,0.0,0.0
DTXSID9020247,796,0.9989225404164613,1.0
DTXSID9020249,796,0.0,0.0
DTXSID9020293,796,2.4394654964654563e-08,0.0
DTXSID9020295,796,0.0,0.0
DTXSID9020299,796,9.62964530496342e-12,0.0
DTXSID9020322,796,0.0,0.0
DTXSID9020326,796,0.0,0.0
DTXSID9020328,796,0.0,0.0
DTXSID9020370,796,0.0,0.0
DTXSID9020372,796,0.9999999535669654,1.0
DTXSID9020374,796,0.9809998802847422,1.0
DTXSID9020378,796,1.0586621735502299e-17,0.0
DTXSID9020401,796,0.0,0.0
DTXSID9020407,796,0.0,0.0
DTXSID9020409,796,0.0,0.0
DTXSID9020451,796,9.553063812018606e-07,0.0
DTXSID9020453,796,0.0,0.0
DTXSID9020459,796,0.0,0.0
DTXSID9020538,796,0.0,0.0
DTXSID9020580,796,0.0,0.0
DTXSID9020582,796,0.0,0.0
DTXSID9020584,796,0.0,0.0
DTXSID9020615,796,5.497357356663654e-07,0.0
DTXSID9020617,796,5.1336931073396776e-11,0.0
DTXSID9020663,796,0.0,0.0
DTXSID9020667,796,0.0,0.0
DTXSID9020669,796,0.0,0.0
DTXSID9020740,796,1.3468830777904773e-11,0.0
DTXSID9020742,796,0.0,0.0
DTXSID9020790,796,0.0,0.0
DTXSID9020792,796,0.0,0.0
DTXSID9020794,796,0.0,0.0
DTXSID9020796,796,0.0,0.0
DTXSID9020821,796,0.0,0.0
DTXSID9020825,796,1.0185965137262373e-05,0.0
DTXSID9020827,796,5.9854916225502247e-05,0.0
DTXSID9020829,796,0.0,0.0
DTXSID9020875,796,0.0,0.0
DTXSID9020877,796,0.0,0.0
DTXSID9020902,796,9.321152896003533e-14,0.0
DTXSID9020956,796,0.0,0.0
DTXSID9020958,796,0.0,0.0
DTXSID9021053,796,0.0,0.0
DTXSID9021059,796,0.0,0.0
DTXSID9021130,796,2.421772156543834e-07,0.0
DTXSID9021132,796,,
DTXSID9021134,796,0.0,0.0
DTXSID9021136,796,0.9999999999872284,1.0
DTXSID9021138,796,0.0,0.0
DTXSID9021182,796,0.0,0.0
DTXSID9021184,796,0.0,0.0
DTXSID9021188,796,6.97942531549064e-09,0.0
DTXSID9021215,796,0.0,0.0
DTXSID9021217,796,3.392006757791531e-07,0.0
DTXSID9021219,796,0.925492026736649,1.0
DTXSID9021267,796,0.0,0.0
DTXSID9021340,796,0.0,0.0
DTXSID9021342,796,0.9999999999764289,1.0
DTXSID9021344,796,0.0,0.0
DTXSID9021346,796,1.2275020032768972e-14,0.0
DTXSID9021348,796,0.0,0.0
DTXSID9021390,796,0.0,0.0
DTXSID9021392,796,8.115905221874748e-18,0.0
DTXSID9021396,796,0.0,0.0
DTXSID9021398,796,0.0,0.0
DTXSID9021425,796,0.0,0.0
DTXSID9021427,796,0.0,0.0
DTXSID9021477,796,0.0,0.0
DTXSID9021479,796,0.0,0.0
DTXSID9021552,796,0.0,0.0
DTXSID9021554,796,2.5651040257213247e-14,0.0
DTXSID9021631,796,0.0,0.0
DTXSID9021633,796,0.0,0.0
DTXSID9021635,796,0.0,0.0
DTXSID9021637,796,0.0,0.0
DTXSID9021639,796,0.0,0.0
DTXSID9021683,796,0.0,0.0
DTXSID9021685,796,0.0,0.0
DTXSID9021689,796,0.0,0.0
DTXSID9021716,796,0.9999941530212544,1.0
DTXSID9021718,796,0.0,0.0
DTXSID9021762,796,0.0,0.0
DTXSID9021764,796,0.0,0.0
DTXSID9021841,796,0.0,0.0
DTXSID9021843,796,0.0,0.0
DTXSID9021847,796,1.5512499817784287e-17,0.0
DTXSID9021897,796,0.0,0.0
DTXSID9021899,796,0.0,0.0
DTXSID9021922,796,0.0,0.0
DTXSID9021924,796,0.0,0.0
DTXSID9021928,796,0.0,0.0
DTXSID9021974,796,0.0,0.0
DTXSID9021976,796,0.0,0.0
DTXSID9022027,796,0.0,0.0
DTXSID9022079,796,0.9999812755311672,1.0
DTXSID9022100,796,0.0,0.0
DTXSID9022310,796,0.9999990580878727,1.0
DTXSID9022312,796,0.020484400831779003,0.0
DTXSID9022360,796,0.47492198792563983,0.0
DTXSID9022364,796,0.9999952874371066,1.0
DTXSID9022366,796,0.0,0.0
DTXSID9022445,796,0.99999849954698,1.0
DTXSID9022520,796,0.0,0.0
DTXSID9022522,796,3.1120655972775375e-10,0.0
DTXSID9022524,796,0.0,0.0
DTXSID9022526,796,0.9999998855651514,1.0
DTXSID9022528,796,9.512150710290985e-14,0.0
DTXSID9022574,796,0.0,0.0
DTXSID9022576,796,0.0,0.0
DTXSID9022578,796,0.0,0.0
DTXSID9022601,796,0.0,0.0
DTXSID9022603,796,0.0,0.0
DTXSID9022607,796,0.0,0.0
DTXSID9022609,796,0.0,0.0
DTXSID9022655,796,0.0,0.0
DTXSID9022659,796,0.0,0.0
DTXSID9022730,796,0.0,0.0
DTXSID9022732,796,0.0,0.0
DTXSID9022734,796,0.0,0.0
DTXSID9022736,796,0.0,0.0
DTXSID9022738,796,0.0,0.0
DTXSID9022780,796,0.0,0.0
DTXSID9022782,796,0.0,0.0
DTXSID9022813,796,0.0,0.0
DTXSID9022815,796,,
DTXSID9022817,796,0.0,0.0
DTXSID9022861,796,0.0,0.0
DTXSID9022940,796,0.0,0.0
DTXSID9022944,796,0.0,0.0
DTXSID9022946,796,0.0,0.0
DTXSID9022948,796,0.0,0.0
DTXSID9022994,796,4.008396593913874e-14,0.0
DTXSID9022998,796,0.0,0.0
DTXSID9023041,796,0.0,0.0
DTXSID9023043,796,0.0,0.0
DTXSID9023049,796,0.0,0.0
DTXSID9023095,796,0.0,0.0
DTXSID9023097,796,0.0,0.0
DTXSID9023122,796,0.0,0.0
DTXSID9023128,796,0.0,0.0
DTXSID9023170,796,5.825680882809301e-13,0.0
DTXSID9023174,796,0.0,0.0
DTXSID9023176,796,0.0,0.0
DTXSID9023201,796,0.13151017928410172,0.0
DTXSID9023205,796,0.0,0.0
DTXSID9023209,796,0.0,0.0
DTXSID9023255,796,0.0,0.0
DTXSID9023380,796,4.455011227052844e-10,0.0
DTXSID9023386,796,7.337166712502323e-05,0.0
DTXSID9023388,796,0.0,0.0
DTXSID9023411,796,0.0,0.0
DTXSID9023413,796,0.0,0.0
DTXSID9023415,796,0.0,0.0
DTXSID9023419,796,0.0,0.0
DTXSID9023463,796,0.0,0.0
DTXSID9023540,796,0.0,0.0
DTXSID9023542,796,0.0,0.0
DTXSID9023546,796,0.0,0.0
DTXSID9023548,796,0.0,0.0
DTXSID9023590,796,0.0,0.0
DTXSID9023621,796,0.0,0.0
DTXSID9023623,796,0.0,0.0
DTXSID9023629,796,0.0,0.0
DTXSID9023673,796,0.0,0.0
DTXSID9023677,796,0.0,0.0
DTXSID9023679,796,0.0,0.0
DTXSID9023702,796,0.0,0.0
DTXSID9023706,796,0.0,0.0
DTXSID9023752,796,0.0,0.0
DTXSID9023756,796,,
DTXSID9023833,796,0.0,0.0
DTXSID9023835,796,0.0,0.0
DTXSID9023837,796,0.0,0.0
DTXSID9023881,796,0.0,0.0
DTXSID9023883,796,0.9891348097250636,1.0
DTXSID9023889,796,0.0,0.0
DTXSID9023914,796,0.0,0.0
DTXSID9023966,796,0.0,0.0
DTXSID9024015,796,0.9757388889716092,1.0
DTXSID9024063,796,0.0,0.0
DTXSID9024065,796,0.0,0.0
DTXSID9024194,796,3.259199624959952e-09,0.0
DTXSID9024300,796,1.752502002429584e-19,0.0
DTXSID9024304,796,0.0,0.0
DTXSID9024431,796,0.0,0.0
DTXSID9024437,796,0.0,0.0
DTXSID9024481,796,0.0,0.0
DTXSID9024483,796,0.0,0.0
DTXSID9024485,796,2.7832808032498744e-17,0.0
DTXSID9024487,796,0.003204180580753767,0.0
DTXSID9024489,796,0.0,0.0
DTXSID9024512,796,0.0,0.0
DTXSID9024568,796,0.0,0.0
DTXSID9024641,796,0.0,0.0
DTXSID9024691,796,0.0,0.0
DTXSID9024699,796,0.0,0.0
DTXSID9024724,796,0.0,0.0
DTXSID9024726,796,0.0,0.0
DTXSID9024770,796,0.0,0.0
DTXSID9024772,796,0.0,0.0
DTXSID9024774,796,0.0,0.0
DTXSID9024853,796,0.0,0.0
DTXSID9024855,796,0.0,0.0
DTXSID9024930,796,6.945690853274593e-08,0.0
DTXSID9024934,796,,
DTXSID9024980,796,0.0,0.0
DTXSID9024986,796,0.0,0.0
DTXSID9025035,796,1.0,1.0
DTXSID9025037,796,8.502150248399705e-15,0.0
DTXSID9025085,796,0.0,0.0
DTXSID9025087,796,0.0,0.0
DTXSID9025110,796,0.0,0.0
DTXSID9025112,796,0.0,0.0
DTXSID9025114,796,,
DTXSID9025164,796,0.0,0.0
DTXSID9025166,796,0.0,0.0
DTXSID9025243,796,0.0,0.0
DTXSID9025245,796,0.0,0.0
DTXSID9025249,796,0.0,0.0
DTXSID9025291,796,0.0,0.0
DTXSID9025293,796,0.0,0.0
DTXSID9025297,796,0.0,0.0
DTXSID9025299,796,0.0,0.0
DTXSID9025324,796,0.0,0.0
DTXSID9025326,796,0.0,0.0
DTXSID9025328,796,1.0,1.0
DTXSID9025370,796,0.0,0.0
DTXSID9025401,796,0.00010582091666964175,0.0
DTXSID9025403,796,0.0,0.0
DTXSID9025409,796,0.0,0.0
DTXSID9025451,796,0.0,0.0
DTXSID9025453,796,0.0,0.0
DTXSID9025455,796,0.0,0.0
DTXSID9025534,796,0.0,0.0
DTXSID9025536,796,0.9923392421326691,1.0
DTXSID9025538,796,0.0,0.0
DTXSID9025580,796,0.0,0.0
DTXSID9025588,796,0.0,0.0
DTXSID9025611,796,0.0,0.0
DTXSID9025617,796,0.0,0.0
DTXSID9025661,796,0.0,0.0
DTXSID9025665,796,0.0,0.0
DTXSID9025740,796,0.0,0.0
DTXSID9025742,796,0.0,0.0
DTXSID9025744,796,0.0,0.0
DTXSID9025746,796,0.0,0.0
DTXSID9025794,796,0.0,0.0
DTXSID9025796,796,0.0,0.0
DTXSID9025825,796,0.0,0.0
DTXSID9025873,796,0.0,0.0
DTXSID9025879,796,0.0,0.0
DTXSID9026051,796,0.0,0.0
DTXSID9026053,796,0.0,0.0
DTXSID9026059,796,0.0,0.0
DTXSID9026130,796,2.5988612558788743e-18,0.0
DTXSID9026132,796,0.0,0.0
DTXSID9026219,796,0.0,0.0
DTXSID9026261,796,0.0,0.0
DTXSID9026265,796,1.212430651009222e-05,0.0
DTXSID9026267,796,0.9999464686708394,1.0
DTXSID9026342,796,0.0,0.0
DTXSID9026423,796,0.0,0.0
DTXSID9026500,796,1.2678080069389073e-08,0.0
DTXSID9026558,796,0.0,0.0
DTXSID9026631,796,0.0,0.0
DTXSID9026633,796,5.621165038766786e-17,0.0
DTXSID9026689,796,1.6098903538772655e-16,0.0
DTXSID9026710,796,0.0,0.0
DTXSID9026712,796,0.0,0.0
DTXSID9026714,796,0.0,0.0
DTXSID9026716,796,0.0,0.0
DTXSID9026718,796,0.0,0.0
DTXSID9026766,796,0.0,0.0
DTXSID9026841,796,0.0,0.0
DTXSID9026849,796,0.0,0.0
DTXSID9026899,796,0.0,0.0
DTXSID9026922,796,0.0,0.0
DTXSID9026924,796,0.0,0.0
DTXSID9026926,796,0.0,0.0
DTXSID9026974,796,0.0,0.0
DTXSID9027021,796,0.0,0.0
DTXSID9027104,796,0.0,0.0
DTXSID9027158,796,0.0,0.0
DTXSID9027233,796,0.0,0.0
DTXSID9027239,796,0.0,0.0
DTXSID9027281,796,0.0,0.0
DTXSID9027310,796,0.0,0.0
DTXSID9027312,796,0.0,0.0
DTXSID9027314,796,0.0,0.0
DTXSID9027360,796,0.0,0.0
DTXSID9027364,796,0.0,0.0
DTXSID9027368,796,0.0,0.0
DTXSID9027441,796,4.441356152134286e-09,0.0
DTXSID9027443,796,1.9359418884354473e-19,0.0
DTXSID9027449,796,0.0,0.0
DTXSID9027520,796,0.0,0.0
DTXSID9027522,796,0.991265339257792,1.0
DTXSID9027528,796,0.0,0.0
DTXSID9027570,796,0.0,0.0
DTXSID9027603,796,0.0,0.0
DTXSID9027653,796,0.006802259334051542,0.0
DTXSID9027738,796,0.0,0.0
DTXSID9027863,796,0.0,0.0
DTXSID9027948,796,4.4030677965806114e-09,0.0
DTXSID9028120,796,0.0,0.0
DTXSID9029017,796,0.0,0.0
DTXSID9029061,796,0.0,0.0
DTXSID9029146,796,0.0,0.0
DTXSID9029192,796,0.0,0.0
DTXSID9029194,796,0.0,0.0
DTXSID9029221,796,0.0,0.0
DTXSID9029223,796,0.0,0.0
DTXSID9029275,796,0.0,0.0
DTXSID9029277,796,,
DTXSID9029279,796,0.0,0.0
DTXSID9029300,796,0.0,0.0
DTXSID9029302,796,0.0,0.0
DTXSID9029304,796,0.0,0.0
DTXSID9029649,796,0.0,0.0
DTXSID9029691,796,0.0,0.0
DTXSID9029695,796,0.0,0.0
DTXSID9030048,796,1.0,1.0
DTXSID9030258,796,0.0,0.0
DTXSID9030707,796,0.0,0.0
DTXSID9031800,796,0.0,0.0
DTXSID9032113,796,0.0,0.0
DTXSID9032327,796,0.0,0.0
DTXSID9032329,796,6.458188388714981e-12,0.0
DTXSID9032375,796,3.2451889142512713e-13,0.0
DTXSID9032379,796,0.0,0.0
DTXSID9032406,796,0.0,0.0
DTXSID9032531,796,0.0,0.0
DTXSID9032533,796,0.9999417497696457,1.0
DTXSID9032535,796,0.0,0.0
DTXSID9032537,796,,
DTXSID9032581,796,0.0,0.0
DTXSID9032589,796,0.9999999977483658,1.0
DTXSID9032610,796,0.0,0.0
DTXSID9032614,796,,
DTXSID9032878,796,0.0,0.0
DTXSID9033008,796,0.9996607547740463,1.0
DTXSID9033058,796,0.0,0.0
DTXSID9033187,796,0.0,0.0
DTXSID9033264,796,0.0,0.0
DTXSID9033896,796,0.0,0.0
DTXSID9033923,796,0.0,0.0
DTXSID9033979,796,0.0,0.0
DTXSID9034070,796,0.0,0.0
DTXSID9034232,796,0.0,0.0
DTXSID9034282,796,9.283716139240098e-20,0.0
DTXSID9034286,796,0.0,0.0
DTXSID9034317,796,,
DTXSID9034361,796,0.0,0.0
DTXSID9034365,796,0.0,0.0
DTXSID9034490,796,2.1013187481604034e-13,0.0
DTXSID9034492,796,0.9994193067693751,1.0
DTXSID9034816,796,0.0,0.0
DTXSID9034818,796,1.9886083955440294e-17,0.0
DTXSID9034864,796,0.0,0.0
DTXSID9034997,796,,
DTXSID9035175,796,0.0,0.0
DTXSID9035204,796,0.0,0.0
DTXSID9035206,796,6.835863908574779e-08,0.0
DTXSID9035620,796,0.0,0.0
DTXSID9035753,796,3.2319648604599744e-19,0.0
DTXSID9036226,796,0.0,0.0
DTXSID9036438,796,0.0,0.0
DTXSID9036515,796,2.9611263892973363e-06,0.0
DTXSID9036646,796,0.0,0.0
DTXSID9036690,796,0.0,0.0
DTXSID9036933,796,0.0,0.0
DTXSID9037038,796,,
DTXSID9037246,796,0.0,0.0
DTXSID9037248,796,0.0,0.0
DTXSID9037539,796,0.0,0.0
DTXSID9037612,796,0.9999999999999927,1.0
DTXSID9037741,796,0.0,0.0
DTXSID9037745,796,0.9999999875333786,1.0
DTXSID9037749,796,1.0,1.0
DTXSID9038686,796,0.0,0.0
DTXSID9039232,796,0.0,0.0
DTXSID9039238,796,0.0,0.0
DTXSID9040001,796,0.0,0.0
DTXSID9040130,796,0.0,0.0
DTXSID9040134,796,0.0,0.0
DTXSID9040265,796,,
DTXSID9040269,796,,
DTXSID9040342,796,0.0,0.0
DTXSID9040502,796,2.455919570953674e-19,0.0
DTXSID9040554,796,0.0,0.0
DTXSID9040635,796,0.0,0.0
DTXSID9040683,796,0.0,0.0
DTXSID9040685,796,0.0,0.0
DTXSID9040687,796,0.0,0.0
DTXSID9040710,796,0.0,0.0
DTXSID9040712,796,0.0,0.0
DTXSID9040714,796,0.0,0.0
DTXSID9040716,796,0.0,0.0
DTXSID9040718,796,0.9941712171494271,1.0
DTXSID9040760,796,0.0001460586481641546,0.0
DTXSID9041021,796,0.0,0.0
DTXSID9041023,796,0.0,0.0
DTXSID9041075,796,0.0,0.0
DTXSID9041104,796,0.0,0.0
DTXSID9041152,796,0.0,0.0
DTXSID9041237,796,0.0,0.0
DTXSID9041289,796,,
DTXSID9041362,796,0.0,0.0
DTXSID9041366,796,0.0,0.0
DTXSID9041368,796,0.0,0.0
DTXSID9041441,796,0.0,0.0
DTXSID9041491,796,0.0,0.0
DTXSID9041524,796,0.0,0.0
DTXSID9041528,796,0.0,0.0
DTXSID9041607,796,0.0,0.0
DTXSID9041653,796,6.466545124548013e-05,0.0
DTXSID9041659,796,0.0,0.0
DTXSID9041813,796,0.0,0.0
DTXSID9041815,796,0.0,0.0
DTXSID9041861,796,0.0,0.0
DTXSID9042097,796,0.0,0.0
DTXSID9042124,796,0.9999996244186935,1.0
DTXSID9042170,796,0.0,0.0
DTXSID9042203,796,,
DTXSID9042209,796,0.0,0.0
DTXSID9042259,796,0.9836467830671561,1.0
DTXSID9042338,796,0.0,0.0
DTXSID9042382,796,0.0,0.0
DTXSID9042415,796,0.0,0.0
DTXSID9042465,796,0.0,0.0
DTXSID9042592,796,0.00037878279584523746,0.0
DTXSID9042594,796,0.0,0.0
DTXSID9043853,796,0.0,0.0
DTXSID9043938,796,0.0,0.0
DTXSID9043988,796,0.0,0.0
DTXSID9044112,796,0.0,0.0
DTXSID9044241,796,0.0,0.0
DTXSID9044247,796,0.0,0.0
DTXSID9044320,796,0.0,0.0
DTXSID9044322,796,,
DTXSID9044328,796,0.0,0.0
DTXSID9044370,796,0.0,0.0
DTXSID9044374,796,0.0,0.0
DTXSID9044378,796,0.0,0.0
DTXSID9044401,796,0.0,0.0
DTXSID9044405,796,0.0,0.0
DTXSID9044407,796,0.0,0.0
DTXSID9044409,796,0.0,0.0
DTXSID9044451,796,0.0,0.0
DTXSID9044455,796,0.0,0.0
DTXSID9044457,796,0.0,0.0
DTXSID9044459,796,,
DTXSID9044532,796,0.0,0.0
DTXSID9044534,796,0.0,0.0
DTXSID9044536,796,0.0,0.0
DTXSID9044538,796,,
DTXSID9044580,796,0.0,0.0
DTXSID9044582,796,0.0,0.0
DTXSID9044584,796,0.0,0.0
DTXSID9044588,796,0.0,0.0
DTXSID9044613,796,0.0,0.0
DTXSID9044615,796,0.0,0.0
DTXSID9044617,796,0.0,0.0
DTXSID9044619,796,0.0,0.0
DTXSID9044663,796,,
DTXSID9044667,796,0.0,0.0
DTXSID9044740,796,0.0,0.0
DTXSID9044742,796,0.0,0.0
DTXSID9044744,796,0.0,0.0
DTXSID9044746,796,0.0,0.0
DTXSID9044748,796,0.0,0.0
DTXSID9044790,796,4.815314109229537e-12,0.0
DTXSID9044794,796,0.0,0.0
DTXSID9044796,796,0.0,0.0
DTXSID9044798,796,0.0,0.0
DTXSID9044821,796,0.0,0.0
DTXSID9044823,796,0.0,0.0
DTXSID9044825,796,3.261633805592986e-14,0.0
DTXSID9044827,796,0.0,0.0
DTXSID9044829,796,0.059790155912134095,0.0
DTXSID9044871,796,0.0,0.0
DTXSID9044873,796,0.0,0.0
DTXSID9044875,796,0.0,0.0
DTXSID9044877,796,0.0,0.0
DTXSID9044879,796,0.0,0.0
DTXSID9044900,796,0.0,0.0
DTXSID9044902,796,0.0,0.0
DTXSID9044904,796,8.123610898083453e-09,0.0
DTXSID9044908,796,0.0,0.0
DTXSID9044950,796,,
DTXSID9044958,796,0.0,0.0
DTXSID9045003,796,0.0,0.0
DTXSID9045005,796,0.0,0.0
DTXSID9045007,796,0.0,0.0
DTXSID9045053,796,2.5012237784585007e-19,0.0
DTXSID9045132,796,0.0,0.0
DTXSID9045136,796,0.0,0.0
DTXSID9045138,796,0.0,0.0
DTXSID9045180,796,0.0,0.0
DTXSID9045182,796,0.0,0.0
DTXSID9045184,796,0.0,0.0
DTXSID9045186,796,0.0,0.0
DTXSID9045188,796,0.0,0.0
DTXSID9045215,796,1.8022927543190942e-12,0.0
DTXSID9045217,796,7.656217041640412e-20,0.0
DTXSID9045265,796,0.0,0.0
DTXSID9045267,796,0.0,0.0
DTXSID9045342,796,0.0,0.0
DTXSID9045344,796,0.0,0.0
DTXSID9045346,796,0.0,0.0
DTXSID9045348,796,0.0,0.0
DTXSID9045390,796,0.0,0.0
DTXSID9045392,796,0.0,0.0
DTXSID9045394,796,0.0,0.0
DTXSID9045398,796,0.0,0.0
DTXSID9045425,796,0.0,0.0
DTXSID9045429,796,0.0,0.0
DTXSID9045479,796,0.0,0.0
DTXSID9045500,796,0.0,0.0
DTXSID9045502,796,0.0,0.0
DTXSID9045506,796,0.0,0.0
DTXSID9045508,796,0.0,0.0
DTXSID9045550,796,0.0,0.0
DTXSID9045552,796,0.0,0.0
DTXSID9045556,796,0.0,0.0
DTXSID9045558,796,0.0,0.0
DTXSID9045631,796,0.0,0.0
DTXSID9045633,796,0.0,0.0
DTXSID9045635,796,,
DTXSID9045637,796,0.0,0.0
DTXSID9045639,796,0.0,0.0
DTXSID9045683,796,0.0,0.0
DTXSID9045685,796,9.448246759815626e-09,0.0
DTXSID9045687,796,0.0,0.0
DTXSID9045689,796,0.0,0.0
DTXSID9045710,796,0.0,0.0
DTXSID9045762,796,0.0,0.0
DTXSID9045764,796,8.079635391952018e-12,0.0
DTXSID9045766,796,0.0,0.0
DTXSID9045768,796,0.0,0.0
DTXSID9045843,796,0.0,0.0
DTXSID9045845,796,0.0,0.0
DTXSID9045847,796,0.0,0.0
DTXSID9045849,796,0.0,0.0
DTXSID9045891,796,0.0,0.0
DTXSID9045895,796,0.9999980969167752,1.0
DTXSID9045897,796,0.0,0.0
DTXSID9045899,796,0.999999864788176,1.0
DTXSID9045922,796,0.0,0.0
DTXSID9045924,796,0.0,0.0
DTXSID9045928,796,0.0,0.0
DTXSID9045972,796,1.44772940690576e-17,0.0
DTXSID9045976,796,0.0,0.0
DTXSID9045978,796,0.0,0.0
DTXSID9046023,796,0.0,0.0
DTXSID9046029,796,0.9999994739764236,1.0
DTXSID9046071,796,0.0,0.0
DTXSID9046073,796,0.0,0.0
DTXSID9046100,796,0.0,0.0
DTXSID9046102,796,0.0,0.0
DTXSID9046104,796,2.644088134692514e-06,0.0
DTXSID9046106,796,0.0,0.0
DTXSID9046108,796,0.0,0.0
DTXSID9046150,796,0.0,0.0
DTXSID9046152,796,0.0,0.0
DTXSID9046154,796,0.0,0.0
DTXSID9046156,796,0.9999999999999998,1.0
DTXSID9046158,796,0.0,0.0
DTXSID9046231,796,0.0,0.0
DTXSID9046233,796,0.0,0.0
DTXSID9046235,796,1.7589813609909422e-05,0.0
DTXSID9046237,796,0.0,0.0
DTXSID9046239,796,0.0,0.0
DTXSID9046281,796,0.0,0.0
DTXSID9046283,796,0.0,0.0
DTXSID9046285,796,0.0,0.0
DTXSID9046287,796,0.0,0.0
DTXSID9046289,796,0.9999999979057076,1.0
DTXSID9046310,796,,
DTXSID9046318,796,,
DTXSID9046360,796,0.0,0.0
DTXSID9046443,796,,
DTXSID9046445,796,1.7073472766004095e-09,0.0
DTXSID9046449,796,0.0,0.0
DTXSID9046491,796,0.0,0.0
DTXSID9046495,796,,
DTXSID9046497,796,,
DTXSID9046499,796,0.0,0.0
DTXSID9046520,796,0.0,0.0
DTXSID9046524,796,0.0,0.0
DTXSID9046526,796,0.0,0.0
DTXSID9046528,796,,
DTXSID9046570,796,0.0,0.0
DTXSID9046572,796,0.0,0.0
DTXSID9046574,796,0.0,0.0
DTXSID9046576,796,,
DTXSID9046578,796,,
DTXSID9046601,796,0.0,0.0
DTXSID9046603,796,0.0,0.0
DTXSID9046605,796,0.0,0.0
DTXSID9046607,796,0.0,0.0
DTXSID9046609,796,0.0,0.0
DTXSID9046651,796,,
DTXSID9046653,796,0.0,0.0
DTXSID9046657,796,0.0,0.0
DTXSID9046659,796,0.0,0.0
DTXSID9046730,796,0.0,0.0
DTXSID9046732,796,0.0,0.0
DTXSID9046734,796,0.0,0.0
DTXSID9046736,796,0.0,0.0
DTXSID9046738,796,0.9999988396510855,1.0
DTXSID9046780,796,0.0,0.0
DTXSID9046782,796,0.0,0.0
DTXSID9046784,796,0.0,0.0
DTXSID9046786,796,0.0,0.0
DTXSID9046788,796,0.0,0.0
DTXSID9046813,796,2.8568034786263285e-15,0.0
DTXSID9046815,796,0.0,0.0
DTXSID9046817,796,0.0,0.0
DTXSID9046819,796,0.0,0.0
DTXSID9046861,796,0.0,0.0
DTXSID9046863,796,0.0,0.0
DTXSID9046865,796,1.0,1.0
DTXSID9046867,796,,
DTXSID9046869,796,0.0,0.0
DTXSID9046942,796,0.0,0.0
DTXSID9046946,796,0.0,0.0
DTXSID9046992,796,,
DTXSID9046994,796,0.0,0.0
DTXSID9046998,796,0.0,0.0
DTXSID9047041,796,0.0,0.0
DTXSID9047043,796,0.0,0.0
DTXSID9047045,796,0.0,0.0
DTXSID9047091,796,0.0,0.0
DTXSID9047093,796,0.0,0.0
DTXSID9047095,796,0.0,0.0
DTXSID9047099,796,0.0,0.0
DTXSID9047120,796,0.0,0.0
DTXSID9047124,796,0.0,0.0
DTXSID9047126,796,0.0,0.0
DTXSID9047128,796,0.0,0.0
DTXSID9047174,796,0.0,0.0
DTXSID9047176,796,0.0,0.0
DTXSID9047178,796,0.0,0.0
DTXSID9047201,796,0.0,0.0
DTXSID9047203,796,0.0,0.0
DTXSID9047205,796,0.0,0.0
DTXSID9047251,796,,
DTXSID9047253,796,0.0,0.0
DTXSID9047255,796,0.0,0.0
DTXSID9047257,796,0.0,0.0
DTXSID9047259,796,,
DTXSID9047330,796,0.0,0.0
DTXSID9047334,796,2.549171267234546e-12,0.0
DTXSID9047338,796,0.0,0.0
DTXSID9047411,796,0.0,0.0
DTXSID9047413,796,0.0,0.0
DTXSID9047415,796,0.0,0.0
DTXSID9047417,796,0.0,0.0
DTXSID9047419,796,9.409370185553718e-19,0.0
DTXSID9047461,796,0.0,0.0
DTXSID9047463,796,0.0,0.0
DTXSID9047465,796,0.0,0.0
DTXSID9047467,796,0.0,0.0
DTXSID9047469,796,0.0,0.0
DTXSID9047540,796,0.9999864255961347,1.0
DTXSID9047542,796,0.999999999958832,1.0
DTXSID9047548,796,0.0,0.0
DTXSID9047590,796,0.0,0.0
DTXSID9047592,796,0.9934522466380092,1.0
DTXSID9047594,796,0.0,0.0
DTXSID9047598,796,0.6446783450731076,0.0
DTXSID9047623,796,0.0,0.0
DTXSID9047629,796,0.0,0.0
DTXSID9047673,796,0.0,0.0
DTXSID9047675,796,0.0,0.0
DTXSID9047677,796,0.0,0.0
DTXSID9047679,796,1.5633191697276672e-11,0.0
DTXSID9047700,796,0.0,0.0
DTXSID9047702,796,0.0,0.0
DTXSID9047704,796,0.0,0.0
DTXSID9047706,796,0.0,0.0
DTXSID9047708,796,0.0,0.0
DTXSID9047831,796,0.0,0.0
DTXSID9047833,796,0.0,0.0
DTXSID9047835,796,0.0,0.0
DTXSID9047837,796,0.0,0.0
DTXSID9047839,796,1.0,1.0
DTXSID9047881,796,0.0,0.0
DTXSID9047883,796,0.9954613697221878,1.0
DTXSID9047885,796,0.9999958804143266,1.0
DTXSID9047887,796,0.9999999997271384,1.0
DTXSID9047889,796,0.0,0.0
DTXSID9047910,796,0.0,0.0
DTXSID9047912,796,0.0,0.0
DTXSID9047914,796,0.0,0.0
DTXSID9047916,796,0.0,0.0
DTXSID9047918,796,,
DTXSID9047960,796,0.999999370805115,1.0
DTXSID9047962,796,0.9996415183721122,1.0
DTXSID9047964,796,0.0,0.0
DTXSID9047966,796,0.0,0.0
DTXSID9047968,796,0.0,0.0
DTXSID9048190,796,0.0,0.0
DTXSID9048192,796,0.0,0.0
DTXSID9048194,796,1.5674127277888774e-12,0.0
DTXSID9048196,796,0.0,0.0
DTXSID9048198,796,0.0,0.0
DTXSID9048271,796,0.0,0.0
DTXSID9048510,796,0.9999345156348391,1.0
DTXSID9048512,796,0.0,0.0
DTXSID9048514,796,5.513746676131367e-07,0.0
DTXSID9048516,796,0.0,0.0
DTXSID9048518,796,0.0,0.0
DTXSID9048641,796,0.0,0.0
DTXSID9048643,796,0.0,0.0
DTXSID9048645,796,0.0,0.0
DTXSID9048647,796,0.0,0.0
DTXSID9048649,796,0.0,0.0
DTXSID9048691,796,0.0,0.0
DTXSID9048693,796,0.0,0.0
DTXSID9048695,796,0.7317123981504124,0.0
DTXSID9048697,796,0.0,0.0
DTXSID9048699,796,0.0,0.0
DTXSID9048720,796,0.0,0.0
DTXSID9048722,796,0.0,0.0
DTXSID9048724,796,0.0,0.0
DTXSID9048726,796,7.117932038653474e-18,0.0
DTXSID9048728,796,0.0,0.0
DTXSID9048772,796,0.0,0.0
DTXSID9048774,796,0.0,0.0
DTXSID9048776,796,0.0,0.0
DTXSID9048778,796,0.0,0.0
DTXSID9048801,796,0.9999225549548667,1.0
DTXSID9048803,796,0.0,0.0
DTXSID9048805,796,0.0,0.0
DTXSID9048807,796,5.61134725145207e-17,0.0
DTXSID9048809,796,0.0,0.0
DTXSID9048851,796,0.0,0.0
DTXSID9048853,796,0.0,0.0
DTXSID9048855,796,0.0,0.0
DTXSID9048857,796,0.0,0.0
DTXSID9048859,796,0.0,0.0
DTXSID9048930,796,0.0,0.0
DTXSID9048932,796,0.0,0.0
DTXSID9048934,796,0.0,0.0
DTXSID9048936,796,0.0,0.0
DTXSID9048938,796,0.0,0.0
DTXSID9048980,796,0.0,0.0
DTXSID9048982,796,4.9552300301217845e-09,0.0
DTXSID9048984,796,0.9999999999996471,1.0
DTXSID9048986,796,0.0,0.0
DTXSID9048988,796,0.0,0.0
DTXSID9049031,796,0.0,0.0
DTXSID9049033,796,0.0,0.0
DTXSID9049035,796,0.9883881389810931,1.0
DTXSID9049037,796,0.0,0.0
DTXSID9049039,796,0.0,0.0
DTXSID9049083,796,0.0,0.0
DTXSID9049241,796,0.0,0.0
DTXSID9049243,796,0.05485943145794859,0.0
DTXSID9049245,796,0.9999999999888747,1.0
DTXSID9049247,796,0.0,0.0
DTXSID9049249,796,0.0,0.0
DTXSID9049291,796,0.0,0.0
DTXSID9049293,796,0.0,0.0
DTXSID9049295,796,0.0,0.0
DTXSID9049297,796,,
DTXSID9049299,796,,
DTXSID9049320,796,0.0,0.0
DTXSID9049322,796,0.0,0.0
DTXSID9049324,796,0.0,0.0
DTXSID9049326,796,0.0,0.0
DTXSID9049328,796,0.0,0.0
DTXSID9049370,796,0.0,0.0
DTXSID9049372,796,0.0,0.0
DTXSID9049374,796,0.0,0.0
DTXSID9049376,796,0.0,0.0
DTXSID9049378,796,0.0,0.0
DTXSID9049401,796,,
DTXSID9049403,796,0.0,0.0
DTXSID9049405,796,0.0,0.0
DTXSID9049407,796,0.0,0.0
DTXSID9049409,796,0.0,0.0
DTXSID9049451,796,0.0,0.0
DTXSID9049453,796,0.0,0.0
DTXSID9049455,796,0.0,0.0
DTXSID9049457,796,0.0,0.0
DTXSID9049459,796,0.0,0.0
DTXSID9049530,796,1.2619989751326118e-06,0.0
DTXSID9049532,796,7.373230553599833e-15,0.0
DTXSID9049534,796,3.25667616560181e-14,0.0
DTXSID9049536,796,6.228966043392983e-11,0.0
DTXSID9049538,796,0.0,0.0
