dtxsid,aeid,hitc_clean,active
DTXSID0020020,1193,0.0,0.0
DTXSID0020022,1193,0.00011251680606506088,0.0
DTXSID0020024,1193,0.0,0.0
DTXSID0020070,1193,0.0,0.0
DTXSID0020072,1193,1.2713401065115585e-08,0.0
DTXSID0020074,1193,0.0,0.0
DTXSID0020076,1193,6.230782810272161e-10,0.0
DTXSID0020101,1193,0.0,0.0
DTXSID0020103,1193,0.0,0.0
DTXSID0020105,1193,0.0,0.0
DTXSID0020107,1193,1.1700287032191266e-10,0.0
DTXSID0020151,1193,0.0,0.0
DTXSID0020153,1193,0.0,0.0
DTXSID0020155,1193,0.0,0.0
DTXSID0020157,1193,0.0,0.0
DTXSID0020232,1193,1.6123177335078465e-15,0.0
DTXSID0020236,1193,1.8067145000742497e-11,0.0
DTXSID0020238,1193,0.0,0.0
DTXSID0020280,1193,0.0,0.0
DTXSID0020282,1193,0.0,0.0
DTXSID0020284,1193,2.086612674840013e-19,0.0
DTXSID0020286,1193,4.048853231679506e-18,0.0
DTXSID0020288,1193,0.0,0.0
DTXSID0020311,1193,0.0,0.0
DTXSID0020315,1193,0.0,0.0
DTXSID0020319,1193,,
DTXSID0020361,1193,7.626482960228156e-15,0.0
DTXSID0020363,1193,0.0,0.0
DTXSID0020365,1193,1.5717903543375803e-12,0.0
DTXSID0020367,1193,0.0,0.0
DTXSID0020369,1193,3.004419801811706e-09,0.0
DTXSID0020440,1193,0.0,0.0
DTXSID0020442,1193,3.3798963916919363e-19,0.0
DTXSID0020444,1193,0.0,0.0
DTXSID0020446,1193,4.1515228649913763e-10,0.0
DTXSID0020448,1193,0.0,0.0
DTXSID0020494,1193,0.0,0.0
DTXSID0020498,1193,0.0,0.0
DTXSID0020523,1193,0.0,0.0
DTXSID0020527,1193,9.613680047844561e-11,0.0
DTXSID0020529,1193,8.953617346167828e-09,0.0
DTXSID0020573,1193,4.2657864720156045e-07,0.0
DTXSID0020575,1193,0.0,0.0
DTXSID0020577,1193,7.612572184385854e-08,0.0
DTXSID0020602,1193,2.25839566998296e-16,0.0
DTXSID0020604,1193,9.367809345833152e-11,0.0
DTXSID0020606,1193,0.0,0.0
DTXSID0020650,1193,6.588160431125383e-11,0.0
DTXSID0020652,1193,4.073688583202958e-06,0.0
DTXSID0020654,1193,5.619265038524413e-13,0.0
DTXSID0020656,1193,2.9916885957927375e-15,0.0
DTXSID0020733,1193,0.0,0.0
DTXSID0020737,1193,5.107038729628151e-09,0.0
DTXSID0020789,1193,0.0,0.0
DTXSID0020810,1193,0.0,0.0
DTXSID0020814,1193,2.197767653625039e-09,0.0
DTXSID0020818,1193,2.1449564304587943e-08,0.0
DTXSID0020862,1193,0.0,0.0
DTXSID0020868,1193,0.0,0.0
DTXSID0020941,1193,0.0,0.0
DTXSID0020943,1193,0.0,0.0
DTXSID0021040,1193,2.686548756084935e-09,0.0
DTXSID0021094,1193,4.8547643676473965e-11,0.0
DTXSID0021096,1193,0.0,0.0
DTXSID0021121,1193,2.438393270045756e-07,0.0
DTXSID0021123,1193,0.0,0.0
DTXSID0021125,1193,4.80105596448517e-10,0.0
DTXSID0021127,1193,3.494620762624774e-11,0.0
DTXSID0021129,1193,5.116483038562537e-11,0.0
DTXSID0021175,1193,0.0,0.0
DTXSID0021179,1193,0.0,0.0
DTXSID0021206,1193,0.0,0.0
DTXSID0021254,1193,0.0,0.0
DTXSID0021256,1193,0.0,0.0
DTXSID0021258,1193,3.1305700143168332e-12,0.0
DTXSID0021331,1193,0.0,0.0
DTXSID0021333,1193,5.396323656705317e-15,0.0
DTXSID0021337,1193,1.4997610717771857e-19,0.0
DTXSID0021339,1193,0.0,0.0
DTXSID0021381,1193,0.0,0.0
DTXSID0021383,1193,0.0,0.0
DTXSID0021385,1193,,
DTXSID0021387,1193,0.0,0.0
DTXSID0021389,1193,0.0,0.0
DTXSID0021410,1193,0.0002492380959624928,0.0
DTXSID0021414,1193,0.0,0.0
DTXSID0021418,1193,0.0,0.0
DTXSID0021460,1193,0.00016254112458406912,0.0
DTXSID0021462,1193,7.803957503757282e-09,0.0
DTXSID0021464,1193,0.0,0.0
DTXSID0021543,1193,0.0,0.0
DTXSID0021545,1193,0.0,0.0
DTXSID0021547,1193,0.0,0.0
DTXSID0021597,1193,5.722585031808717e-13,0.0
DTXSID0021599,1193,0.0,0.0
DTXSID0021620,1193,0.0,0.0
DTXSID0021626,1193,3.08078540817572e-09,0.0
DTXSID0021672,1193,0.0,0.0
DTXSID0021709,1193,0.0,0.0
DTXSID0021751,1193,0.0,0.0
DTXSID0021757,1193,0.0,0.0
DTXSID0021759,1193,0.0,0.0
DTXSID0021832,1193,0.0,0.0
DTXSID0021834,1193,0.0,0.0
DTXSID0021886,1193,8.957799755714702e-12,0.0
DTXSID0021888,1193,0.0,0.0
DTXSID0021915,1193,0.0,0.0
DTXSID0021917,1193,0.0,0.0
DTXSID0021961,1193,0.0,0.0
DTXSID0021965,1193,0.0,0.0
DTXSID0021969,1193,4.7892898261474894e-18,0.0
DTXSID0022010,1193,0.0,0.0
DTXSID0022014,1193,1.5074766683813182e-10,0.0
DTXSID0022016,1193,1.276805529248471e-11,0.0
DTXSID0022018,1193,2.1107863465104186e-13,0.0
DTXSID0022060,1193,3.1631366507846016e-10,0.0
DTXSID0022062,1193,3.1475943835471036e-13,0.0
DTXSID0022191,1193,3.5089768378073815e-08,0.0
DTXSID0022193,1193,0.0,0.0
DTXSID0022220,1193,,
DTXSID0022301,1193,,
DTXSID0022305,1193,0.0,0.0
DTXSID0022307,1193,4.633888242152957e-11,0.0
DTXSID0022353,1193,0.0,0.0
DTXSID0022432,1193,0.0,0.0
DTXSID0022436,1193,6.974443076899521e-18,0.0
DTXSID0022480,1193,1.8878205761437095e-12,0.0
DTXSID0022519,1193,0.0,0.0
DTXSID0022563,1193,0.0,0.0
DTXSID0022565,1193,0.0,0.0
DTXSID0022569,1193,,
DTXSID0022640,1193,0.0,0.0
DTXSID0022644,1193,2.5612217972109163e-16,0.0
DTXSID0022690,1193,1.11889645334682e-05,0.0
DTXSID0022692,1193,0.0,0.0
DTXSID0022721,1193,,
DTXSID0022725,1193,,
DTXSID0022727,1193,,
DTXSID0022777,1193,0.0,0.0
DTXSID0022800,1193,1.6224057033267515e-15,0.0
DTXSID0022808,1193,1.0817872685095696e-11,0.0
DTXSID0022858,1193,0.0,0.0
DTXSID0022933,1193,0.0,0.0
DTXSID0022935,1193,0.0,0.0
DTXSID0023030,1193,0.0,0.0
DTXSID0023032,1193,0.0,0.0
DTXSID0023036,1193,0.00014737268546121876,0.0
DTXSID0023038,1193,1.0663977915962807e-12,0.0
DTXSID0023084,1193,0.0,0.0
DTXSID0023088,1193,2.458464341361676e-11,0.0
DTXSID0023113,1193,0.0,0.0
DTXSID0023163,1193,0.0,0.0
DTXSID0023169,1193,0.0,0.0
DTXSID0023240,1193,0.0,0.0
DTXSID0023244,1193,0.0,0.0
DTXSID0023292,1193,1.755369238728623e-10,0.0
DTXSID0023294,1193,2.7862989300028425e-13,0.0
DTXSID0023296,1193,0.0,0.0
DTXSID0023298,1193,1.7107938032090905e-15,0.0
DTXSID0023323,1193,0.0,0.0
DTXSID0023325,1193,0.0,0.0
DTXSID0023329,1193,0.0,0.0
DTXSID0023371,1193,0.8951781621453474,0.0
DTXSID0023373,1193,2.656835713737701e-08,0.0
DTXSID0023377,1193,1.5278223279928202e-15,0.0
DTXSID0023458,1193,0.0,0.0
DTXSID0023533,1193,0.0,0.0
DTXSID0023581,1193,0.035437290950748865,0.0
DTXSID0023587,1193,3.3857967926152505e-16,0.0
DTXSID0023589,1193,0.0,0.0
DTXSID0023612,1193,2.222605736439058e-12,0.0
DTXSID0023616,1193,0.0,0.0
DTXSID0023618,1193,9.316826134834089e-19,0.0
DTXSID0023660,1193,3.47905347162197e-18,0.0
DTXSID0023743,1193,0.0,0.0
DTXSID0023745,1193,0.0,0.0
DTXSID0023747,1193,1.495434143167273e-16,0.0
DTXSID0023749,1193,0.0,0.0
DTXSID0023826,1193,0.0,0.0
DTXSID0023870,1193,0.0,0.0
DTXSID0023878,1193,0.0,0.0
DTXSID0023901,1193,0.0,0.0
DTXSID0023907,1193,0.9999771882980153,1.0
DTXSID0023909,1193,0.16363859892222576,0.0
DTXSID0023951,1193,0.0,0.0
DTXSID0024000,1193,0.0,0.0
DTXSID0024002,1193,6.924077544473738e-08,0.0
DTXSID0024052,1193,6.51847234320607e-10,0.0
DTXSID0024183,1193,0.0,0.0
DTXSID0024185,1193,0.0,0.0
DTXSID0024216,1193,0.0,0.0
DTXSID0024266,1193,1.5031233999784133e-15,0.0
DTXSID0024341,1193,0.0,0.0
DTXSID0024345,1193,8.635635990495973e-14,0.0
DTXSID0024395,1193,1.3446058095079778e-17,0.0
DTXSID0024397,1193,2.226868650750084e-19,0.0
DTXSID0024399,1193,1.1156461641926909e-14,0.0
DTXSID0024470,1193,2.3072469382885654e-13,0.0
DTXSID0024474,1193,0.0,0.0
DTXSID0024478,1193,3.0489434658496844e-15,0.0
DTXSID0024501,1193,6.213942424826317e-09,0.0
DTXSID0024503,1193,0.0,0.0
DTXSID0024505,1193,0.0,0.0
DTXSID0024507,1193,0.0,0.0
DTXSID0024509,1193,2.175307265419362e-12,0.0
DTXSID0024553,1193,0.0,0.0
DTXSID0024555,1193,0.0,0.0
DTXSID0024559,1193,0.0,0.0
DTXSID0024638,1193,0.0,0.0
DTXSID0024715,1193,0.0,0.0
DTXSID0024761,1193,6.225894319159009e-14,0.0
DTXSID0024840,1193,0.008689338887515465,0.0
DTXSID0024890,1193,0.0,0.0
DTXSID0024896,1193,0.0,0.0
DTXSID0024921,1193,0.0,0.0
DTXSID0024923,1193,0.0,0.0
DTXSID0024971,1193,3.8282794934057614e-12,0.0
DTXSID0024977,1193,6.695956520581832e-17,0.0
DTXSID0024979,1193,5.815989338445596e-10,0.0
DTXSID0025070,1193,0.0,0.0
DTXSID0025074,1193,0.0,0.0
DTXSID0025076,1193,,
DTXSID0025078,1193,0.0,0.0
DTXSID0025101,1193,0.0,0.0
DTXSID0025234,1193,0.9999861431844301,1.0
DTXSID0025286,1193,0.0,0.0
DTXSID0025315,1193,,
DTXSID0025361,1193,0.0,0.0
DTXSID0025363,1193,0.0,0.0
DTXSID0025367,1193,0.0,0.0
DTXSID0025440,1193,0.0,0.0
DTXSID0025492,1193,0.0,0.0
DTXSID0025494,1193,0.0,0.0
DTXSID0025523,1193,1.6159271216836157e-18,0.0
DTXSID0025527,1193,9.121647674628339e-18,0.0
DTXSID0025571,1193,0.0,0.0
DTXSID0025577,1193,0.0,0.0
DTXSID0025600,1193,,
DTXSID0025604,1193,0.0,0.0
DTXSID0025654,1193,0.0,0.0
DTXSID0025733,1193,2.292895597981511e-13,0.0
DTXSID0025737,1193,0.0,0.0
DTXSID0025789,1193,0.00014679518213132846,0.0
DTXSID0025812,1193,9.81185049382758e-15,0.0
DTXSID0025814,1193,1.0689930205660642e-11,0.0
DTXSID0025816,1193,0.0,0.0
DTXSID0025818,1193,0.0,0.0
DTXSID0025862,1193,6.644853074111587e-17,0.0
DTXSID0025864,1193,3.684405973222765e-10,0.0
DTXSID0025866,1193,0.0,0.0
DTXSID0025991,1193,0.0,0.0
DTXSID0025997,1193,,
DTXSID0026040,1193,,
DTXSID0026044,1193,2.868115872182191e-15,0.0
DTXSID0026098,1193,0.0,0.0
DTXSID0026125,1193,0.0,0.0
DTXSID0026171,1193,0.0,0.0
DTXSID0026173,1193,0.0,0.0
DTXSID0026175,1193,0.0,0.0
DTXSID0026202,1193,2.9931641592448524e-14,0.0
DTXSID0026204,1193,0.0,0.0
DTXSID0026208,1193,,
DTXSID0026252,1193,0.0,0.0
DTXSID0026258,1193,7.173502375305614e-12,0.0
DTXSID0026339,1193,0.0,0.0
DTXSID0026418,1193,0.0,0.0
DTXSID0026547,1193,0.0,0.0
DTXSID0026549,1193,2.0731691406604004e-09,0.0
DTXSID0026676,1193,1.395685849395176e-14,0.0
DTXSID0026701,1193,0.0,0.0
DTXSID0026830,1193,0.0,0.0
DTXSID0026838,1193,0.0,0.0
DTXSID0026880,1193,6.671211309245045e-16,0.0
DTXSID0026882,1193,0.0,0.0
DTXSID0026888,1193,0.0,0.0
DTXSID0026913,1193,1.3537055799738959e-09,0.0
DTXSID0026915,1193,0.0,0.0
DTXSID0026961,1193,1.1175788746841636e-17,0.0
DTXSID0026967,1193,0.0,0.0
DTXSID0027014,1193,0.0,0.0
DTXSID0027066,1193,0.0,0.0
DTXSID0027143,1193,,
DTXSID0027149,1193,0.0,0.0
DTXSID0027191,1193,0.0,0.0
DTXSID0027195,1193,2.3384886729892923e-15,0.0
DTXSID0027197,1193,0.0,0.0
DTXSID0027222,1193,2.1325665130354673e-11,0.0
DTXSID0027228,1193,0.0,0.0
DTXSID0027270,1193,2.7511808559602566e-14,0.0
DTXSID0027301,1193,0.0,0.0
DTXSID0027309,1193,0.0,0.0
DTXSID0027432,1193,0.0,0.0
DTXSID0027436,1193,0.0,0.0
DTXSID0027438,1193,2.592188988763773e-15,0.0
DTXSID0027486,1193,,
DTXSID0027513,1193,0.0,0.0
DTXSID0027515,1193,6.553492872808596e-14,0.0
DTXSID0027561,1193,0.0,0.0
DTXSID0027565,1193,0.0,0.0
DTXSID0027567,1193,7.978951215823453e-16,0.0
DTXSID0027640,1193,4.156521779727341e-11,0.0
DTXSID0027721,1193,,
DTXSID0027729,1193,0.0,0.0
DTXSID0027771,1193,0.0,0.0
DTXSID0027773,1193,,
DTXSID0027802,1193,0.0,0.0
DTXSID0027804,1193,0.0,0.0
DTXSID0027806,1193,4.1382573520658953e-13,0.0
DTXSID0027852,1193,3.946790268804733e-11,0.0
DTXSID0027856,1193,0.0,0.0
DTXSID0027858,1193,6.885632702988676e-08,0.0
DTXSID0027933,1193,0.0,0.0
DTXSID0027981,1193,0.0,0.0
DTXSID0027983,1193,0.0,0.0
DTXSID0028030,1193,0.0,0.0
DTXSID0028038,1193,1.6951956085520576e-05,0.0
DTXSID0028666,1193,0.0,0.0
DTXSID0029133,1193,6.575543356254164e-14,0.0
DTXSID0029187,1193,0.0,0.0
DTXSID0029189,1193,0.0,0.0
DTXSID0029210,1193,2.4809363417355395e-06,0.0
DTXSID0029214,1193,0.0,0.0
DTXSID0029218,1193,0.0,0.0
DTXSID0029260,1193,0.0,0.0
DTXSID0029262,1193,0.0,0.0
DTXSID0029474,1193,0.0,0.0
DTXSID0029559,1193,0.0,0.0
DTXSID0029688,1193,0.0,0.0
DTXSID0029761,1193,0.0,0.0
DTXSID0029848,1193,0.0,0.0
DTXSID0030162,1193,2.174123979957205e-18,0.0
DTXSID0030588,1193,0.0,0.0
DTXSID0032029,1193,3.764704453177358e-14,0.0
DTXSID0032077,1193,0.0,0.0
DTXSID0032316,1193,0.0,0.0
DTXSID0032493,1193,0.0,0.0
DTXSID0032497,1193,0.0,0.0
DTXSID0032520,1193,0.0,0.0
DTXSID0032572,1193,1.5294480194498817e-11,0.0
DTXSID0032578,1193,2.1194007358269353e-14,0.0
DTXSID0032601,1193,5.0234001777598115e-09,0.0
DTXSID0032605,1193,8.838429656170052e-12,0.0
DTXSID0032651,1193,0.0,0.0
DTXSID0032655,1193,0.0,0.0
DTXSID0032811,1193,3.803855067465499e-16,0.0
DTXSID0032813,1193,0.0,0.0
DTXSID0032869,1193,0.0,0.0
DTXSID0032998,1193,1.601484998741925e-14,0.0
DTXSID0033047,1193,0.0,0.0
DTXSID0033332,1193,0.0,0.0
DTXSID0033334,1193,0.0,0.0
DTXSID0033382,1193,,
DTXSID0033469,1193,0.0,0.0
DTXSID0033673,1193,4.7136944099506934e-17,0.0
DTXSID0033754,1193,4.453738755363951e-15,0.0
DTXSID0033960,1193,0.0,0.0
DTXSID0034192,1193,8.010666447413784e-12,0.0
DTXSID0034223,1193,0.0,0.0
DTXSID0034227,1193,0.0,0.0
DTXSID0034229,1193,8.573459875949744e-18,0.0
DTXSID0034300,1193,0.0,0.0
DTXSID0034518,1193,0.0,0.0
DTXSID0034566,1193,,
DTXSID0034695,1193,0.9659456353095695,1.0
DTXSID0034722,1193,0.0,0.0
DTXSID0034776,1193,1.1024443658475891e-10,0.0
DTXSID0034803,1193,0.0,0.0
DTXSID0034855,1193,0.0,0.0
DTXSID0034930,1193,1.0666892059032095e-09,0.0
DTXSID0034936,1193,2.2715970291945167e-13,0.0
DTXSID0035160,1193,0.0,0.0
DTXSID0035748,1193,0.0,0.0
DTXSID0036508,1193,1.12787987184228e-05,0.0
DTXSID0036760,1193,0.0,0.0
DTXSID0037023,1193,1.2309120808841965e-10,0.0
DTXSID0037231,1193,7.713359584412278e-12,0.0
DTXSID0037235,1193,0.0,0.0
DTXSID0037237,1193,1.9095876340157842e-09,0.0
DTXSID0037493,1193,0.0,0.0
DTXSID0037495,1193,1.8067685920229223e-10,0.0
DTXSID0037522,1193,0.0,0.0
DTXSID0037570,1193,4.751566070336704e-11,0.0
DTXSID0037576,1193,0.0,0.0
DTXSID0037730,1193,,
DTXSID0037734,1193,,
DTXSID0038700,1193,0.0,0.0
DTXSID0038756,1193,0.0,0.0
DTXSID0038831,1193,5.0726217181766554e-08,0.0
DTXSID0038881,1193,0.0,0.0
DTXSID0038887,1193,0.9999999658598784,1.0
DTXSID0039223,1193,1.1541023293221752e-19,0.0
DTXSID0039227,1193,1.2372332404326387e-10,0.0
DTXSID0039229,1193,0.0,0.0
DTXSID0040127,1193,7.328168242431526e-06,0.0
DTXSID0040129,1193,9.014854692605872e-12,0.0
DTXSID0040208,1193,0.0,0.0
DTXSID0040464,1193,6.482355836595342e-10,0.0
DTXSID0040547,1193,0.0,0.0
DTXSID0040599,1193,0.0,0.0
DTXSID0040620,1193,0.0,0.0
DTXSID0040622,1193,0.0,0.0
DTXSID0040672,1193,0.0,0.0
DTXSID0040674,1193,0.0,0.0
DTXSID0040676,1193,2.658446161599523e-08,0.0
DTXSID0040678,1193,0.0,0.0
DTXSID0040701,1193,0.0,0.0
DTXSID0040703,1193,0.0,0.0
DTXSID0040705,1193,0.0,0.0
DTXSID0040707,1193,0.0,0.0
DTXSID0040751,1193,4.555417658240363e-06,0.0
DTXSID0040757,1193,,
DTXSID0040965,1193,0.0,0.0
DTXSID0041141,1193,0.0,0.0
DTXSID0041197,1193,,
DTXSID0041220,1193,0.0,0.0
DTXSID0041224,1193,0.0,0.0
DTXSID0041270,1193,0.0,0.0
DTXSID0041274,1193,,
DTXSID0041357,1193,,
DTXSID0041359,1193,0.0,0.0
DTXSID0041436,1193,0.0,0.0
DTXSID0041484,1193,0.0,0.0
DTXSID0041513,1193,0.0,0.0
DTXSID0041517,1193,1.3867852910298944e-13,0.0
DTXSID0041519,1193,0.0,0.0
DTXSID0041567,1193,1.2690941092083625e-11,0.0
DTXSID0041646,1193,9.43831361468146e-16,0.0
DTXSID0041692,1193,1.2227151811527975e-12,0.0
DTXSID0041698,1193,0.0,0.0
DTXSID0041721,1193,9.314950399308681e-14,0.0
DTXSID0041850,1193,0.0,0.0
DTXSID0041852,1193,0.0,0.0
DTXSID0041981,1193,3.800500113881171e-17,0.0
DTXSID0041983,1193,2.1200390315991146e-10,0.0
DTXSID0041985,1193,0.0,0.0
DTXSID0041987,1193,0.0,0.0
DTXSID0042038,1193,0.0,0.0
DTXSID0042080,1193,0.0,0.0
DTXSID0042084,1193,0.0,0.0
DTXSID0042086,1193,0.0,0.0
DTXSID0042117,1193,5.082078216960085e-13,0.0
DTXSID0042167,1193,0.0,0.0
DTXSID0042169,1193,0.0,0.0
DTXSID0042242,1193,0.0,0.0
DTXSID0042244,1193,4.794653192947169e-08,0.0
DTXSID0042248,1193,,
DTXSID0042325,1193,2.1319956475232417e-11,0.0
DTXSID0042327,1193,0.0,0.0
DTXSID0042379,1193,0.0,0.0
DTXSID0042400,1193,7.215909773680165e-14,0.0
DTXSID0042406,1193,0.0,0.0
DTXSID0042454,1193,0.0,0.0
DTXSID0042583,1193,1.116639012136934e-11,0.0
DTXSID0042612,1193,0.0,0.0
DTXSID0042614,1193,0.0,0.0
DTXSID0042618,1193,0.0,0.0
DTXSID0042668,1193,0.0,0.0
DTXSID0043761,1193,0.0,0.0
DTXSID0043763,1193,1.620138063901847e-05,0.0
DTXSID0043765,1193,0.0,0.0
DTXSID0043892,1193,2.700421886493974e-13,0.0
DTXSID0043896,1193,0.0,0.0
DTXSID0044024,1193,0.0,0.0
DTXSID0044107,1193,0.0,0.0
DTXSID0044236,1193,0.0,0.0
DTXSID0044280,1193,0.0,0.0
DTXSID0044288,1193,0.0,0.0
DTXSID0044313,1193,0.0,0.0
DTXSID0044315,1193,8.633240479610731e-14,0.0
DTXSID0044317,1193,9.504585736667817e-13,0.0
DTXSID0044361,1193,0.0,0.0
DTXSID0044363,1193,0.0,0.0
DTXSID0044365,1193,0.0,0.0
DTXSID0044367,1193,,
DTXSID0044369,1193,6.19592850293058e-14,0.0
DTXSID0044440,1193,0.0,0.0
DTXSID0044446,1193,4.938088488595586e-14,0.0
DTXSID0044448,1193,0.0,0.0
DTXSID0044490,1193,4.7657511190574575e-09,0.0
DTXSID0044494,1193,0.0,0.0
DTXSID0044496,1193,0.0,0.0
DTXSID0044498,1193,0.0,0.0
DTXSID0044521,1193,0.0,0.0
DTXSID0044523,1193,8.981991900792553e-11,0.0
DTXSID0044525,1193,,
DTXSID0044527,1193,3.013460306870072e-14,0.0
DTXSID0044571,1193,5.069444156561254e-17,0.0
DTXSID0044573,1193,1.6544415109564802e-17,0.0
DTXSID0044575,1193,3.1274650908054056e-10,0.0
DTXSID0044577,1193,5.780055871058479e-10,0.0
DTXSID0044600,1193,0.0,0.0
DTXSID0044604,1193,4.666767100480366e-16,0.0
DTXSID0044606,1193,0.0,0.0
DTXSID0044650,1193,0.0,0.0
DTXSID0044654,1193,2.193880856624078e-06,0.0
DTXSID0044656,1193,4.798443175895196e-09,0.0
DTXSID0044658,1193,,
DTXSID0044731,1193,1.7118021360913839e-15,0.0
DTXSID0044733,1193,0.0,0.0
DTXSID0044735,1193,0.0,0.0
DTXSID0044737,1193,0.0,0.0
DTXSID0044781,1193,0.0,0.0
DTXSID0044783,1193,0.0,0.0
DTXSID0044785,1193,0.0,0.0
DTXSID0044787,1193,0.0,0.0
DTXSID0044810,1193,0.0,0.0
DTXSID0044812,1193,0.0,0.0
DTXSID0044816,1193,1.5307247469184527e-10,0.0
DTXSID0044818,1193,0.0,0.0
DTXSID0044860,1193,0.0,0.0
DTXSID0044862,1193,6.774978059321574e-09,0.0
DTXSID0044868,1193,0.0,0.0
DTXSID0044941,1193,0.0,0.0
DTXSID0044945,1193,0.0,0.0
DTXSID0044947,1193,1.1772784481896796e-12,0.0
DTXSID0044949,1193,0.0,0.0
DTXSID0044993,1193,5.538411820598194e-12,0.0
DTXSID0044995,1193,8.743028554476842e-17,0.0
DTXSID0044997,1193,0.0,0.0
DTXSID0044999,1193,0.0,0.0
DTXSID0045090,1193,0.0,0.0
DTXSID0045094,1193,0.0,0.0
DTXSID0045096,1193,0.0,0.0
DTXSID0045125,1193,5.1632083788348824e-09,0.0
DTXSID0045127,1193,0.0,0.0
DTXSID0045171,1193,0.0,0.0
DTXSID0045173,1193,,
DTXSID0045175,1193,0.0,0.0
DTXSID0045179,1193,3.963311203709922e-15,0.0
DTXSID0045202,1193,2.6960957860941383e-16,0.0
DTXSID0045204,1193,,
DTXSID0045206,1193,0.0,0.0
DTXSID0045208,1193,0.0,0.0
DTXSID0045250,1193,1.4261427038812476e-10,0.0
DTXSID0045252,1193,7.785681918340989e-06,0.0
DTXSID0045254,1193,0.0,0.0
DTXSID0045383,1193,0.0,0.0
DTXSID0045385,1193,0.0,0.0
DTXSID0045389,1193,3.956975848573037e-10,0.0
DTXSID0045410,1193,0.0,0.0
DTXSID0045412,1193,2.725723441686968e-12,0.0
DTXSID0045414,1193,0.0,0.0
DTXSID0045416,1193,4.244380039258471e-06,0.0
DTXSID0045460,1193,0.0,0.0
DTXSID0045462,1193,0.0,0.0
DTXSID0045464,1193,0.0,0.0
DTXSID0045466,1193,0.0,0.0
DTXSID0045468,1193,0.0,0.0
DTXSID0045543,1193,0.0,0.0
DTXSID0045545,1193,5.462938010017638e-08,0.0
DTXSID0045547,1193,0.0,0.0
DTXSID0045591,1193,0.0,0.0
DTXSID0045595,1193,1.894274939305885e-11,0.0
DTXSID0045597,1193,4.427960746979264e-09,0.0
DTXSID0045599,1193,0.0,0.0
DTXSID0045624,1193,0.0,0.0
DTXSID0045626,1193,0.0,0.0
DTXSID0045670,1193,2.8184609069326307e-13,0.0
DTXSID0045674,1193,0.0,0.0
DTXSID0045676,1193,0.0,0.0
DTXSID0045678,1193,0.0,0.0
DTXSID0045701,1193,0.0,0.0
DTXSID0045703,1193,0.0,0.0
DTXSID0045705,1193,0.0,0.0
DTXSID0045707,1193,0.0,0.0
DTXSID0045709,1193,0.0,0.0
DTXSID0045751,1193,1.3799031458774324e-08,0.0
DTXSID0045753,1193,1.1678453146052643e-15,0.0
DTXSID0045755,1193,0.0,0.0
DTXSID0045757,1193,1.6611527977821583e-13,0.0
DTXSID0045759,1193,,
DTXSID0045830,1193,0.0,0.0
DTXSID0045832,1193,1.6140793887531016e-13,0.0
DTXSID0045836,1193,0.0,0.0
DTXSID0045838,1193,0.0,0.0
DTXSID0045880,1193,8.890383870639803e-10,0.0
DTXSID0045886,1193,0.0,0.0
DTXSID0045888,1193,0.0,0.0
DTXSID0045961,1193,0.0,0.0
DTXSID0045963,1193,0.0,0.0
DTXSID0045965,1193,0.0,0.0
DTXSID0045967,1193,0.0,0.0
DTXSID0045969,1193,0.0,0.0
DTXSID0046010,1193,0.0,0.0
DTXSID0046012,1193,0.6530507228040521,0.0
DTXSID0046016,1193,0.0,0.0
DTXSID0046060,1193,1.8587423360285597e-19,0.0
DTXSID0046062,1193,5.778617884764255e-15,0.0
DTXSID0046064,1193,0.0,0.0
DTXSID0046066,1193,1.3263480456830588e-09,0.0
DTXSID0046143,1193,1.7488732494383067e-05,0.0
DTXSID0046145,1193,2.484947410285814e-12,0.0
DTXSID0046147,1193,3.5783933663964597e-13,0.0
DTXSID0046191,1193,0.0,0.0
DTXSID0046193,1193,0.0,0.0
DTXSID0046195,1193,0.0,0.0
DTXSID0046197,1193,4.152918770606131e-15,0.0
DTXSID0046199,1193,3.64135999452072e-14,0.0
DTXSID0046220,1193,0.0,0.0
DTXSID0046222,1193,7.787176340416085e-06,0.0
DTXSID0046224,1193,0.0,0.0
DTXSID0046226,1193,3.8030618308609664e-12,0.0
DTXSID0046228,1193,0.0,0.0
DTXSID0046270,1193,0.0,0.0
DTXSID0046272,1193,0.9087948207096249,1.0
DTXSID0046274,1193,0.0,0.0
DTXSID0046276,1193,1.8283080454198832e-09,0.0
DTXSID0046305,1193,0.0,0.0
DTXSID0046307,1193,0.15471314157763777,0.0
DTXSID0046309,1193,0.0,0.0
DTXSID0046351,1193,4.8072106671389074e-09,0.0
DTXSID0046353,1193,0.0,0.0
DTXSID0046357,1193,,
DTXSID0046430,1193,0.09249256434505405,0.0
DTXSID0046432,1193,0.0,0.0
DTXSID0046434,1193,0.0,0.0
DTXSID0046438,1193,0.0,0.0
DTXSID0046480,1193,0.0,0.0
DTXSID0046482,1193,0.0,0.0
DTXSID0046484,1193,0.0,0.0
DTXSID0046486,1193,0.0,0.0
DTXSID0046488,1193,1.3121734971702386e-10,0.0
DTXSID0046511,1193,5.917182591479094e-14,0.0
DTXSID0046513,1193,8.72902058289165e-09,0.0
DTXSID0046517,1193,7.469484031975003e-11,0.0
DTXSID0046561,1193,0.0,0.0
DTXSID0046563,1193,0.0,0.0
DTXSID0046565,1193,8.152387437909924e-14,0.0
DTXSID0046567,1193,0.0,0.0
DTXSID0046569,1193,0.0,0.0
DTXSID0046640,1193,5.773790446249522e-10,0.0
DTXSID0046642,1193,0.0,0.0
DTXSID0046644,1193,5.0917672676082655e-11,0.0
DTXSID0046646,1193,0.0,0.0
DTXSID0046648,1193,1.956004626592122e-07,0.0
DTXSID0046690,1193,,
DTXSID0046692,1193,0.0,0.0
DTXSID0046694,1193,0.0,0.0
DTXSID0046696,1193,0.0,0.0
DTXSID0046698,1193,1.5013671995989108e-10,0.0
DTXSID0046721,1193,0.0,0.0
DTXSID0046723,1193,0.0004276925172817392,0.0
DTXSID0046725,1193,3.7165224304016484e-06,0.0
DTXSID0046727,1193,0.0,0.0
DTXSID0046729,1193,0.0,0.0
DTXSID0046773,1193,0.0,0.0
DTXSID0046777,1193,1.4644326528630163e-12,0.0
DTXSID0046779,1193,0.0,0.0
DTXSID0046800,1193,0.0,0.0
DTXSID0046804,1193,0.0,0.0
DTXSID0046806,1193,1.5394869952890426e-06,0.0
DTXSID0046808,1193,0.0,0.0
DTXSID0046850,1193,0.0,0.0
DTXSID0046852,1193,0.0,0.0
DTXSID0046856,1193,0.0,0.0
DTXSID0046858,1193,,
DTXSID0046989,1193,0.0,0.0
DTXSID0047030,1193,3.849692083317563e-14,0.0
DTXSID0047032,1193,9.28046885399583e-16,0.0
DTXSID0047034,1193,0.0,0.0
DTXSID0047036,1193,2.4230408530190586e-10,0.0
DTXSID0047038,1193,1.342810068352625e-07,0.0
DTXSID0047080,1193,0.0,0.0
DTXSID0047082,1193,0.0,0.0
DTXSID0047084,1193,0.0,0.0
DTXSID0047086,1193,3.92975331636228e-06,0.0
DTXSID0047088,1193,2.3565979034020983e-16,0.0
DTXSID0047111,1193,,
DTXSID0047113,1193,0.0,0.0
DTXSID0047115,1193,0.0,0.0
DTXSID0047117,1193,5.846768827376978e-05,0.0
DTXSID0047161,1193,0.0,0.0
DTXSID0047163,1193,0.0,0.0
DTXSID0047165,1193,0.0,0.0
DTXSID0047167,1193,2.440538226897961e-16,0.0
DTXSID0047169,1193,0.0,0.0
DTXSID0047242,1193,0.0,0.0
DTXSID0047244,1193,0.0,0.0
DTXSID0047246,1193,,
DTXSID0047248,1193,0.0,0.0
DTXSID0047290,1193,8.445534551828987e-13,0.0
DTXSID0047292,1193,0.0,0.0
DTXSID0047294,1193,0.0,0.0
DTXSID0047296,1193,0.0,0.0
DTXSID0047325,1193,,
DTXSID0047327,1193,8.891352388771951e-11,0.0
DTXSID0047371,1193,,
DTXSID0047375,1193,0.0,0.0
DTXSID0047377,1193,,
DTXSID0047379,1193,,
DTXSID0047404,1193,1.9362745544783207e-12,0.0
DTXSID0047406,1193,0.0,0.0
DTXSID0047408,1193,0.0,0.0
DTXSID0047450,1193,,
DTXSID0047454,1193,0.0,0.0
DTXSID0047456,1193,0.0,0.0
DTXSID0047533,1193,0.0,0.0
DTXSID0047535,1193,2.513708253886058e-13,0.0
DTXSID0047537,1193,0.0,0.0
DTXSID0047539,1193,2.3330220675588303e-15,0.0
DTXSID0047581,1193,0.0,0.0
DTXSID0047585,1193,0.0,0.0
DTXSID0047587,1193,0.0,0.0
DTXSID0047589,1193,2.968106559548232e-16,0.0
DTXSID0047610,1193,0.0,0.0
DTXSID0047614,1193,0.0,0.0
DTXSID0047618,1193,0.0,0.0
DTXSID0047660,1193,0.0,0.0
DTXSID0047662,1193,1.0341849653418275e-13,0.0
DTXSID0047741,1193,0.0,0.0
DTXSID0047745,1193,0.0,0.0
DTXSID0047797,1193,,
DTXSID0047799,1193,,
DTXSID0047820,1193,0.0,0.0
DTXSID0047822,1193,0.0,0.0
DTXSID0047828,1193,7.668832857022062e-16,0.0
DTXSID0047870,1193,0.0,0.0
DTXSID0047872,1193,0.0,0.0
DTXSID0047874,1193,0.0,0.0
DTXSID0047876,1193,0.0,0.0
DTXSID0047878,1193,2.1939401031759094e-06,0.0
DTXSID0047901,1193,2.9935946314689593e-12,0.0
DTXSID0047903,1193,0.0,0.0
DTXSID0047905,1193,2.0948253688733475e-12,0.0
DTXSID0047907,1193,0.0,0.0
DTXSID0047909,1193,1.4059814019975562e-13,0.0
DTXSID0047951,1193,0.0,0.0
DTXSID0047953,1193,,
DTXSID0047955,1193,0.0,0.0
DTXSID0047957,1193,,
DTXSID0047959,1193,0.0,0.0
DTXSID0048181,1193,0.0,0.0
DTXSID0048183,1193,0.0,0.0
DTXSID0048185,1193,0.0,0.0
DTXSID0048187,1193,1.9022360341672023e-16,0.0
DTXSID0048189,1193,,
DTXSID0048210,1193,4.190352670921214e-10,0.0
DTXSID0048349,1193,4.818514951261854e-09,0.0
DTXSID0048505,1193,,
DTXSID0048507,1193,0.0,0.0
DTXSID0048509,1193,8.94286592861367e-12,0.0
DTXSID0048630,1193,0.0,0.0
DTXSID0048632,1193,5.821511659078155e-17,0.0
DTXSID0048634,1193,0.0,0.0
DTXSID0048636,1193,7.134558612078582e-13,0.0
DTXSID0048638,1193,0.0,0.0
DTXSID0048680,1193,1.2906152188311674e-12,0.0
DTXSID0048682,1193,0.0,0.0
DTXSID0048684,1193,,
DTXSID0048686,1193,0.0,0.0
DTXSID0048688,1193,0.0,0.0
DTXSID0048711,1193,7.711578236722836e-15,0.0
DTXSID0048713,1193,0.0,0.0
DTXSID0048715,1193,0.0,0.0
DTXSID0048717,1193,0.0,0.0
DTXSID0048719,1193,0.0,0.0
DTXSID0048761,1193,0.0,0.0
DTXSID0048763,1193,2.782481737255069e-09,0.0
DTXSID0048765,1193,0.0,0.0
DTXSID0048767,1193,0.0,0.0
DTXSID0048769,1193,0.0,0.0
DTXSID0048840,1193,3.9098047487962674e-11,0.0
DTXSID0048842,1193,,
DTXSID0048844,1193,0.0,0.0
DTXSID0048846,1193,0.0,0.0
DTXSID0048848,1193,0.0,0.0
DTXSID0048890,1193,0.0,0.0
DTXSID0048892,1193,0.0,0.0
DTXSID0048894,1193,0.0,0.0
DTXSID0048896,1193,5.704462272475183e-19,0.0
DTXSID0048898,1193,1.1491537286457652e-10,0.0
DTXSID0048921,1193,0.0,0.0
DTXSID0048923,1193,0.0,0.0
DTXSID0048925,1193,2.7318279671754327e-05,0.0
DTXSID0048927,1193,4.907815062735682e-14,0.0
DTXSID0048929,1193,2.558069397715801e-14,0.0
DTXSID0048971,1193,0.0,0.0
DTXSID0048973,1193,1.000521206607563e-13,0.0
DTXSID0048975,1193,0.0,0.0
DTXSID0048977,1193,,
DTXSID0048979,1193,0.0,0.0
DTXSID0049020,1193,0.0,0.0
DTXSID0049022,1193,2.2778054523447848e-14,0.0
DTXSID0049024,1193,0.0,0.0
DTXSID0049026,1193,0.0,0.0
DTXSID0049028,1193,1.2471580423605671e-13,0.0
DTXSID0049070,1193,0.0,0.0
DTXSID0049072,1193,0.0,0.0
DTXSID0049074,1193,0.0,0.0
DTXSID0049076,1193,5.046025247336275e-14,0.0
DTXSID0049078,1193,0.0,0.0
DTXSID0049230,1193,0.0,0.0
DTXSID0049232,1193,0.0,0.0
DTXSID0049234,1193,0.0,0.0
DTXSID0049236,1193,0.0,0.0
DTXSID0049238,1193,,
DTXSID0049280,1193,0.0,0.0
DTXSID0049282,1193,9.679237997756894e-11,0.0
DTXSID0049284,1193,0.0,0.0
DTXSID0049286,1193,0.0,0.0
DTXSID0049288,1193,0.0,0.0
DTXSID0049311,1193,0.0,0.0
DTXSID0049313,1193,3.767489584751737e-16,0.0
DTXSID0049315,1193,1.126417286182686e-09,0.0
DTXSID0049317,1193,0.0,0.0
DTXSID0049319,1193,5.098452419450908e-08,0.0
DTXSID0049361,1193,1.5597143525522273e-12,0.0
DTXSID0049363,1193,4.2916625181191374e-12,0.0
DTXSID0049365,1193,1.1999149562174474e-09,0.0
DTXSID0049367,1193,1.2182739580446276e-15,0.0
DTXSID0049369,1193,0.0,0.0
DTXSID0049446,1193,1.7498777814165824e-17,0.0
DTXSID0049448,1193,1.2003816722424888e-19,0.0
DTXSID0049490,1193,0.0,0.0
DTXSID0049492,1193,6.410737296972167e-15,0.0
DTXSID0049494,1193,0.0,0.0
DTXSID0049496,1193,0.0,0.0
DTXSID0049498,1193,0.0,0.0
DTXSID0049521,1193,0.0,0.0
DTXSID0049523,1193,1.2253771974466625e-12,0.0
DTXSID0049525,1193,0.0,0.0
DTXSID0049527,1193,1.501941333850031e-15,0.0
DTXSID0049529,1193,2.168491908529057e-15,0.0
DTXSID0050423,1193,3.74076861301765e-11,0.0
DTXSID0050425,1193,0.0,0.0
DTXSID1020015,1193,0.0,0.0
DTXSID1020063,1193,0.0,0.0
DTXSID1020069,1193,,
DTXSID1020140,1193,1.4114142043448665e-12,0.0
DTXSID1020142,1193,6.263676573681217e-13,0.0
DTXSID1020144,1193,3.721089083108818e-14,0.0
DTXSID1020146,1193,7.541401617306346e-13,0.0
DTXSID1020148,1193,0.0,0.0
DTXSID1020190,1193,0.0,0.0
DTXSID1020194,1193,0.0,0.0
DTXSID1020198,1193,2.5022690825145034e-11,0.0
DTXSID1020221,1193,0.0,0.0
DTXSID1020223,1193,0.0,0.0
DTXSID1020275,1193,0.0,0.0
DTXSID1020279,1193,0.0,0.0
DTXSID1020300,1193,0.0,0.0
DTXSID1020306,1193,0.0,0.0
DTXSID1020308,1193,2.1474402944648079e-16,0.0
DTXSID1020350,1193,0.0,0.0
DTXSID1020352,1193,0.0,0.0
DTXSID1020354,1193,7.814485658569097e-15,0.0
DTXSID1020358,1193,0.0,0.0
DTXSID1020431,1193,0.0,0.0
DTXSID1020433,1193,6.123239009990465e-13,0.0
DTXSID1020437,1193,0.0,0.0
DTXSID1020439,1193,0.0,0.0
DTXSID1020483,1193,0.0,0.0
DTXSID1020485,1193,,
DTXSID1020510,1193,0.0,0.0
DTXSID1020512,1193,4.691355716587383e-13,0.0
DTXSID1020516,1193,0.0,0.0
DTXSID1020560,1193,,
DTXSID1020562,1193,0.0,0.0
DTXSID1020566,1193,4.4662367482016897e-13,0.0
DTXSID1020647,1193,4.2247830979095586e-14,0.0
DTXSID1020697,1193,,
DTXSID1020699,1193,8.070959859306631e-12,0.0
DTXSID1020728,1193,9.944762184489127e-12,0.0
DTXSID1020770,1193,,
DTXSID1020778,1193,1.7370598733849585e-11,0.0
DTXSID1020803,1193,0.0,0.0
DTXSID1020805,1193,1.192439391521799e-10,0.0
DTXSID1020807,1193,0.0,0.0
DTXSID1020809,1193,0.0,0.0
DTXSID1020855,1193,0.0,0.0
DTXSID1020857,1193,0.0,0.0
DTXSID1020859,1193,1.642293960925728e-17,0.0
DTXSID1020930,1193,9.745377198541736e-14,0.0
DTXSID1020932,1193,5.1257357918872154e-11,0.0
DTXSID1020980,1193,0.0,0.0
DTXSID1020982,1193,0.0,0.0
DTXSID1020984,1193,5.53036070312655e-13,0.0
DTXSID1021031,1193,0.0,0.0
DTXSID1021039,1193,0.0,0.0
DTXSID1021081,1193,0.0,0.0
DTXSID1021087,1193,3.267586613528759e-08,0.0
DTXSID1021089,1193,0.0,0.0
DTXSID1021114,1193,,
DTXSID1021116,1193,1.0308688598246252e-10,0.0
DTXSID1021118,1193,0.0,0.0
DTXSID1021160,1193,0.0,0.0
DTXSID1021162,1193,0.0,0.0
DTXSID1021164,1193,0.0,0.0
DTXSID1021166,1193,0.0,0.0
DTXSID1021168,1193,,
DTXSID1021241,1193,5.461506533914333e-15,0.0
DTXSID1021243,1193,,
DTXSID1021247,1193,,
DTXSID1021291,1193,0.0,0.0
DTXSID1021299,1193,0.0,0.0
DTXSID1021320,1193,7.1762675579532e-14,0.0
DTXSID1021322,1193,0.0,0.0
DTXSID1021328,1193,1.383669558081078e-08,0.0
DTXSID1021372,1193,,
DTXSID1021374,1193,4.487310159305028e-17,0.0
DTXSID1021378,1193,0.0,0.0
DTXSID1021403,1193,0.0,0.0
DTXSID1021405,1193,0.0,0.0
DTXSID1021409,1193,,
DTXSID1021455,1193,0.0,0.0
DTXSID1021530,1193,0.0,0.0
DTXSID1021584,1193,1.4031810371816007e-16,0.0
DTXSID1021586,1193,2.95530757560295e-06,0.0
DTXSID1021615,1193,0.0,0.0
DTXSID1021617,1193,1.3768747779297611e-15,0.0
DTXSID1021619,1193,0.0,0.0
DTXSID1021665,1193,1.2087897015468701e-07,0.0
DTXSID1021667,1193,0.0,0.0
DTXSID1021740,1193,5.207215960105523e-19,0.0
DTXSID1021744,1193,6.137311479943574e-08,0.0
DTXSID1021790,1193,1.278737413238335e-12,0.0
DTXSID1021792,1193,5.684201748818696e-07,0.0
DTXSID1021798,1193,1.79672039875513e-18,0.0
DTXSID1021821,1193,0.0,0.0
DTXSID1021823,1193,0.0,0.0
DTXSID1021827,1193,0.0,0.0
DTXSID1021871,1193,0.0,0.0
DTXSID1021873,1193,0.0,0.0
DTXSID1021877,1193,0.0,0.0
DTXSID1021879,1193,5.4572941427380985e-18,0.0
DTXSID1021902,1193,0.0,0.0
DTXSID1021904,1193,7.643877436289189e-18,0.0
DTXSID1021952,1193,0.0,0.0
DTXSID1021956,1193,3.001871356357448e-11,0.0
DTXSID1021958,1193,2.57736790308342e-14,0.0
DTXSID1022001,1193,0.0,0.0
DTXSID1022007,1193,0.0,0.0
DTXSID1022009,1193,0.0,0.0
DTXSID1022051,1193,0.0,0.0
DTXSID1022053,1193,0.0,0.0
DTXSID1022055,1193,4.941138987509466e-13,0.0
DTXSID1022057,1193,4.1041852025752715e-17,0.0
DTXSID1022130,1193,3.0547154823043567e-15,0.0
DTXSID1022138,1193,0.0,0.0
DTXSID1022180,1193,1.511827202227911e-13,0.0
DTXSID1022186,1193,0.0,0.0
DTXSID1022188,1193,1.0444138350139581e-15,0.0
DTXSID1022217,1193,0.0,0.0
DTXSID1022265,1193,0.0,0.0
DTXSID1022267,1193,0.0,0.0
DTXSID1022394,1193,0.0,0.0
DTXSID1022396,1193,0.0,0.0
DTXSID1022421,1193,0.0,0.0
DTXSID1022425,1193,0.0,0.0
DTXSID1022479,1193,2.1978881549956646e-13,0.0
DTXSID1022508,1193,,
DTXSID1022556,1193,0.0,0.0
DTXSID1022558,1193,1.0708769478759751e-12,0.0
DTXSID1022635,1193,0.0,0.0
DTXSID1022681,1193,0.0,0.0
DTXSID1022685,1193,4.82290284664782e-11,0.0
DTXSID1022687,1193,0.0,0.0
DTXSID1022718,1193,0.0,0.0
DTXSID1022760,1193,0.0,0.0
DTXSID1022762,1193,0.0,0.0
DTXSID1022764,1193,0.0,0.0
DTXSID1022766,1193,2.1684512782292208e-13,0.0
DTXSID1022768,1193,0.0,0.0
DTXSID1022843,1193,,
DTXSID1022847,1193,0.0,0.0
DTXSID1022897,1193,0.0,0.0
DTXSID1022922,1193,0.0,0.0
DTXSID1022926,1193,0.0,0.0
DTXSID1022974,1193,1.4595428448812722e-08,0.0
DTXSID1022978,1193,2.493897743571658e-11,0.0
DTXSID1023021,1193,0.0,0.0
DTXSID1023027,1193,0.0,0.0
DTXSID1023071,1193,1.8863795342406128e-13,0.0
DTXSID1023102,1193,7.782699594661833e-14,0.0
DTXSID1023150,1193,0.0,0.0
DTXSID1023158,1193,0.0,0.0
DTXSID1023231,1193,0.0,0.0
DTXSID1023235,1193,0.0,0.0
DTXSID1023281,1193,0.0,0.0
DTXSID1023283,1193,0.0,0.0
DTXSID1023310,1193,7.99485019382153e-18,0.0
DTXSID1023314,1193,0.0,0.0
DTXSID1023316,1193,0.0,0.0
DTXSID1023362,1193,0.0,0.0
DTXSID1023364,1193,0.0,0.0
DTXSID1023368,1193,0.0,0.0
DTXSID1023441,1193,9.298031516333204e-13,0.0
DTXSID1023495,1193,0.0,0.0
DTXSID1023497,1193,0.0,0.0
DTXSID1023526,1193,0.0,0.0
DTXSID1023572,1193,0.0,0.0
DTXSID1023576,1193,0.0,0.0
DTXSID1023603,1193,0.0,0.0
DTXSID1023605,1193,0.8896993910326599,0.0
DTXSID1023607,1193,1.0555121550597419e-10,0.0
DTXSID1023609,1193,0.0,0.0
DTXSID1023730,1193,0.0,0.0
DTXSID1023734,1193,0.0,0.0
DTXSID1023736,1193,0.0,0.0
DTXSID1023786,1193,0.0,0.0
DTXSID1023815,1193,0.0,0.0
DTXSID1023817,1193,1.9741120418494077e-07,0.0
DTXSID1023819,1193,1.7657958328336188e-16,0.0
DTXSID1023869,1193,0.0,0.0
DTXSID1023990,1193,4.02420977767542e-08,0.0
DTXSID1023996,1193,1.4641330226150733e-18,0.0
DTXSID1023998,1193,2.4569588531162065e-08,0.0
DTXSID1024045,1193,4.1381596203082657e-13,0.0
DTXSID1024049,1193,0.0,0.0
DTXSID1024091,1193,5.826812842495378e-12,0.0
DTXSID1024097,1193,1.2093276169518325e-14,0.0
DTXSID1024124,1193,0.0,0.0
DTXSID1024126,1193,0.0,0.0
DTXSID1024128,1193,0.0,0.0
DTXSID1024170,1193,9.708150818374656e-18,0.0
DTXSID1024174,1193,4.4791559744625386e-10,0.0
DTXSID1024176,1193,0.0,0.0
DTXSID1024209,1193,0.0,0.0
DTXSID1024255,1193,0.0,0.0
DTXSID1024259,1193,0.0,0.0
DTXSID1024334,1193,0.0,0.0
DTXSID1024338,1193,2.1213473564632542e-13,0.0
DTXSID1024413,1193,0.0,0.0
DTXSID1024463,1193,0.0,0.0
DTXSID1024465,1193,0.0,0.0
DTXSID1024467,1193,0.0,0.0
DTXSID1024598,1193,2.3830342634050444e-15,0.0
DTXSID1024621,1193,7.055582501185386e-09,0.0
DTXSID1024625,1193,0.0,0.0
DTXSID1024629,1193,9.307517303323914e-14,0.0
DTXSID1024702,1193,0.0,0.0
DTXSID1024704,1193,0.0,0.0
DTXSID1024831,1193,1.2161527864145685e-13,0.0
DTXSID1024835,1193,0.0,0.0
DTXSID1024881,1193,0.0,0.0
DTXSID1024885,1193,6.0187723832610895e-12,0.0
DTXSID1024887,1193,,
DTXSID1024912,1193,2.4683796211077422e-12,0.0
DTXSID1024916,1193,0.0,0.0
DTXSID1024918,1193,1.3297643499792849e-15,0.0
DTXSID1024966,1193,0.0,0.0
DTXSID1025013,1193,0.0,0.0
DTXSID1025017,1193,7.65203950840561e-10,0.0
DTXSID1025063,1193,0.0,0.0
DTXSID1025065,1193,,
DTXSID1025148,1193,0.0,0.0
DTXSID1025221,1193,0.0,0.0
DTXSID1025271,1193,5.251756921403122e-12,0.0
DTXSID1025279,1193,0.0,0.0
DTXSID1025300,1193,9.2624236397821e-06,0.0
DTXSID1025302,1193,1.0352449007489828e-11,0.0
DTXSID1025304,1193,0.0,0.0
DTXSID1025306,1193,9.347516038363835e-12,0.0
DTXSID1025308,1193,6.138620378904318e-13,0.0
DTXSID1025431,1193,0.0,0.0
DTXSID1025437,1193,0.0,0.0
DTXSID1025481,1193,0.0,0.0
DTXSID1025483,1193,0.0,0.0
DTXSID1025485,1193,0.0,0.0
DTXSID1025560,1193,0.0,0.0
DTXSID1025641,1193,0.0,0.0
DTXSID1025649,1193,0.0,0.0
DTXSID1025693,1193,1.9069676215209652e-13,0.0
DTXSID1025722,1193,0.0,0.0
DTXSID1025724,1193,0.0,0.0
DTXSID1025726,1193,1.1881084656433436e-11,0.0
DTXSID1025770,1193,0.0,0.0
DTXSID1025774,1193,0.0,0.0
DTXSID1025776,1193,0.0,0.0
DTXSID1025805,1193,,
DTXSID1025807,1193,,
DTXSID1025809,1193,1.1655270889834969e-15,0.0
DTXSID1025851,1193,2.707361767562809e-11,0.0
DTXSID1025853,1193,3.2059026357555143e-12,0.0
DTXSID1025857,1193,0.999999994023806,1.0
DTXSID1025930,1193,1.6336683830647456e-06,0.0
DTXSID1025934,1193,0.0,0.0
DTXSID1026031,1193,1.4722956229498342e-18,0.0
DTXSID1026033,1193,6.024976987413734e-11,0.0
DTXSID1026035,1193,0.0,0.0
DTXSID1026081,1193,,
DTXSID1026083,1193,0.0,0.0
DTXSID1026089,1193,2.580955683200899e-16,0.0
DTXSID1026112,1193,9.805195985250881e-18,0.0
DTXSID1026118,1193,5.758831238465146e-11,0.0
DTXSID1026164,1193,1.0005168961127455e-13,0.0
DTXSID1026241,1193,0.0,0.0
DTXSID1026293,1193,0.0,0.0
DTXSID1026457,1193,0.0,0.0
DTXSID1026536,1193,0.0,0.0
DTXSID1026615,1193,0.0,0.0
DTXSID1026619,1193,0.0,0.0
DTXSID1026661,1193,3.628810823855413e-15,0.0
DTXSID1026665,1193,0.0,0.0
DTXSID1026667,1193,0.0,0.0
DTXSID1026740,1193,0.0,0.0
DTXSID1026792,1193,7.069178777916367e-18,0.0
DTXSID1026796,1193,0.0,0.0
DTXSID1026879,1193,6.0263808257264064e-12,0.0
DTXSID1026900,1193,2.5393084421160413e-06,0.0
DTXSID1026902,1193,,
DTXSID1026904,1193,0.0,0.0
DTXSID1026906,1193,0.0,0.0
DTXSID1026908,1193,2.536976189514033e-19,0.0
DTXSID1026954,1193,0.0,0.0
DTXSID1027007,1193,1.4614582153278807e-11,0.0
DTXSID1027134,1193,0.11650545455419037,0.0
DTXSID1027184,1193,1.0404500296111968e-10,0.0
DTXSID1027186,1193,4.0778046456750046e-16,0.0
DTXSID1027188,1193,1.009169608360464e-18,0.0
DTXSID1027211,1193,2.7337307830912558e-15,0.0
DTXSID1027219,1193,0.0,0.0
DTXSID1027263,1193,9.611039743388024e-12,0.0
DTXSID1027265,1193,0.0,0.0
DTXSID1027267,1193,0.0,0.0
DTXSID1027269,1193,0.0,0.0
DTXSID1027342,1193,2.054628722149087e-10,0.0
DTXSID1027344,1193,6.469460847141625e-09,0.0
DTXSID1027346,1193,0.0,0.0
DTXSID1027390,1193,6.085017110558449e-13,0.0
DTXSID1027394,1193,4.2444589703515015e-09,0.0
DTXSID1027396,1193,0.0,0.0
DTXSID1027425,1193,0.0,0.0
DTXSID1027427,1193,0.0,0.0
DTXSID1027429,1193,0.0,0.0
DTXSID1027471,1193,0.0,0.0
DTXSID1027479,1193,1.1582859296343899e-09,0.0
DTXSID1027500,1193,0.0,0.0
DTXSID1027502,1193,2.3078098503502853e-17,0.0
DTXSID1027504,1193,0.0,0.0
DTXSID1027506,1193,0.0,0.0
DTXSID1027550,1193,0.0,0.0
DTXSID1027556,1193,0.0,0.0
DTXSID1027558,1193,0.0,0.0
DTXSID1027633,1193,0.0,0.0
DTXSID1027635,1193,0.0,0.0
DTXSID1027639,1193,1.2552829652224079e-14,0.0
DTXSID1027714,1193,,
DTXSID1027716,1193,0.0,0.0
DTXSID1027764,1193,0.0,0.0
DTXSID1027768,1193,0.0,0.0
DTXSID1027841,1193,5.1484474858645364e-08,0.0
DTXSID1027891,1193,0.0,0.0
DTXSID1027899,1193,0.0,0.0
DTXSID1027920,1193,0.0,0.0
DTXSID1027924,1193,0.0,0.0
DTXSID1027926,1193,,
DTXSID1027928,1193,0.0,0.0
DTXSID1027970,1193,2.338368101085316e-12,0.0
DTXSID1027974,1193,1.1537561500852914e-12,0.0
DTXSID1027978,1193,0.0,0.0
DTXSID1029120,1193,0.0,0.0
DTXSID1029122,1193,0.0,0.0
DTXSID1029124,1193,0.0,0.0
DTXSID1029128,1193,1.4116306403780996e-14,0.0
DTXSID1029170,1193,0.0,0.0
DTXSID1029201,1193,2.9007617949746896e-12,0.0
DTXSID1029203,1193,2.0288865484654848e-19,0.0
DTXSID1029207,1193,0.0,0.0
DTXSID1029251,1193,0.0,0.0
DTXSID1029255,1193,0.0,0.0
DTXSID1029338,1193,4.793375931826946e-19,0.0
DTXSID1029629,1193,0.0,0.0
DTXSID1029671,1193,0.0,0.0
DTXSID1029677,1193,4.695333497805391e-11,0.0
DTXSID1029679,1193,0.0,0.0
DTXSID1029889,1193,8.312599899367273e-08,0.0
DTXSID1029910,1193,0.0,0.0
DTXSID1030317,1193,0.0,0.0
DTXSID1030319,1193,0.0,0.0
DTXSID1030604,1193,0.0,0.0
DTXSID1030606,1193,2.0279042715152433e-15,0.0
DTXSID1031096,1193,0.0,0.0
DTXSID1031460,1193,4.7407984916701836e-14,0.0
DTXSID1031462,1193,0.0,0.0
DTXSID1031591,1193,1.3413786541833074e-10,0.0
DTXSID1031626,1193,0.0,0.0
DTXSID1032278,1193,0.0,0.0
DTXSID1032303,1193,1.2759269259666608e-10,0.0
DTXSID1032309,1193,1.896638358771748e-12,0.0
DTXSID1032355,1193,7.76263416336927e-08,0.0
DTXSID1032359,1193,0.0,0.0
DTXSID1032482,1193,2.4694710430429837e-16,0.0
DTXSID1032484,1193,0.0,0.0
DTXSID1032488,1193,2.1621015816283841e-13,0.0
DTXSID1032511,1193,1.7725503266250258e-14,0.0
DTXSID1032513,1193,0.0,0.0
DTXSID1032519,1193,0.0,0.0
DTXSID1032569,1193,4.606294463892358e-15,0.0
DTXSID1032640,1193,8.87276322675875e-12,0.0
DTXSID1032646,1193,0.0,0.0
DTXSID1032648,1193,0.0,0.0
DTXSID1032690,1193,,
DTXSID1033161,1193,0.0,0.0
DTXSID1033163,1193,0.0,0.0
DTXSID1033371,1193,6.4102297582691256e-12,0.0
DTXSID1033402,1193,0.0,0.0
DTXSID1033539,1193,0.03787913983101941,0.0
DTXSID1033664,1193,7.557402992100705e-14,0.0
DTXSID1033876,1193,9.19000742613548e-11,0.0
DTXSID1034181,1193,,
DTXSID1034187,1193,1.3463848214791392e-12,0.0
DTXSID1034210,1193,,
DTXSID1034212,1193,0.0,0.0
DTXSID1034214,1193,,
DTXSID1034260,1193,0.0,0.0
DTXSID1034266,1193,0.0,0.0
DTXSID1034503,1193,2.2953883698273492e-07,0.0
DTXSID1034634,1193,0.0,0.0
DTXSID1034769,1193,1.42127816661943e-06,0.0
DTXSID1034844,1193,4.997348174164159e-10,0.0
DTXSID1034929,1193,0.0,0.0
DTXSID1034973,1193,0.0,0.0
DTXSID1035286,1193,2.337633453557054e-14,0.0
DTXSID1035288,1193,4.366564630393891e-10,0.0
DTXSID1035783,1193,4.643212176498071e-08,0.0
DTXSID1036541,1193,1.964142416171919e-06,0.0
DTXSID1037197,1193,0.0,0.0
DTXSID1037224,1193,,
DTXSID1037272,1193,1.3134243824035887e-08,0.0
DTXSID1037303,1193,0.0,0.0
DTXSID1037511,1193,0.0,0.0
DTXSID1037515,1193,0.0,0.0
DTXSID1037565,1193,0.0,0.0
DTXSID1037696,1193,8.007868458372178e-19,0.0
DTXSID1037806,1193,7.204942505341381e-13,0.0
DTXSID1038298,1193,5.379286888040695e-14,0.0
DTXSID1038321,1193,7.685590918244213e-11,0.0
DTXSID1038666,1193,0.0,0.0
DTXSID1038795,1193,0.0,0.0
DTXSID1038822,1193,0.0,0.0
DTXSID1038824,1193,0.0,0.0
DTXSID1038876,1193,0.0,0.0
DTXSID1039719,1193,6.156634600047127e-11,0.0
DTXSID1040110,1193,0.0,0.0
DTXSID1040112,1193,0.0,0.0
DTXSID1040114,1193,1.2091818343245893e-11,0.0
DTXSID1040243,1193,0.0003882930902997556,0.0
DTXSID1040245,1193,1.0430392774168234e-12,0.0
DTXSID1040295,1193,0.0,0.0
DTXSID1040320,1193,0.0,0.0
DTXSID1040324,1193,1.0466950712136902e-16,0.0
DTXSID1040326,1193,0.0,0.0
DTXSID1040372,1193,1.5603860467723095e-11,0.0
DTXSID1040459,1193,3.0455576589372584e-14,0.0
DTXSID1040611,1193,0.0,0.0
DTXSID1040617,1193,0.0,0.0
DTXSID1040619,1193,,
DTXSID1040661,1193,0.0,0.0
DTXSID1040667,1193,0.0,0.0
DTXSID1040740,1193,0.0,0.0
DTXSID1040742,1193,0.0,0.0
DTXSID1040792,1193,0.0,0.0
DTXSID1040794,1193,4.647274573547271e-16,0.0
DTXSID1041132,1193,0.9840722997392658,1.0
DTXSID1041180,1193,1.0264080114856941e-11,0.0
DTXSID1041184,1193,0.0,0.0
DTXSID1041188,1193,0.0,0.0
DTXSID1041217,1193,0.0,0.0
DTXSID1041261,1193,1.3515917682388405e-12,0.0
DTXSID1041263,1193,0.0,0.0
DTXSID1041265,1193,1.322418851794482e-11,0.0
DTXSID1041267,1193,0.0,0.0
DTXSID1041269,1193,,
DTXSID1041346,1193,0.0,0.0
DTXSID1041396,1193,0.0,0.0
DTXSID1041421,1193,0.0,0.0
DTXSID1041423,1193,0.0,0.0
DTXSID1041425,1193,0.0,0.0
DTXSID1041502,1193,,
DTXSID1041506,1193,0.0,0.0
DTXSID1041508,1193,7.01610602109753e-13,0.0
DTXSID1041550,1193,0.0,0.0
DTXSID1041639,1193,0.0,0.0
DTXSID1041681,1193,,
DTXSID1041683,1193,0.0,0.0
DTXSID1041689,1193,0.0,0.0
DTXSID1041847,1193,0.0,0.0
DTXSID1041891,1193,0.0,0.0
DTXSID1041897,1193,0.0,0.0
DTXSID1041920,1193,0.0,0.0
DTXSID1041970,1193,0.0,0.0
DTXSID1041978,1193,,
DTXSID1042077,1193,0.0,0.0
DTXSID1042154,1193,,
DTXSID1042281,1193,0.0,0.0
DTXSID1042285,1193,0.0,0.0
DTXSID1042360,1193,0.0,0.0
DTXSID1042364,1193,2.9215535497152487e-17,0.0
DTXSID1042441,1193,2.9786423378462486e-10,0.0
DTXSID1042491,1193,,
DTXSID1042499,1193,,
DTXSID1042570,1193,,
DTXSID1042574,1193,,
DTXSID1043881,1193,1.2063132277324379e-10,0.0
DTXSID1044196,1193,0.0,0.0
DTXSID1044221,1193,0.0,0.0
DTXSID1044223,1193,8.81933576110442e-13,0.0
DTXSID1044227,1193,0.0,0.0
DTXSID1044352,1193,0.0,0.0
DTXSID1044354,1193,0.0,0.0
DTXSID1044356,1193,0.0,0.0
DTXSID1044431,1193,0.0,0.0
DTXSID1044433,1193,0.0,0.0
DTXSID1044435,1193,0.0,0.0
DTXSID1044437,1193,0.0,0.0
DTXSID1044439,1193,0.0,0.0
DTXSID1044481,1193,0.0,0.0
DTXSID1044485,1193,0.0,0.0
DTXSID1044487,1193,,
DTXSID1044489,1193,0.0,0.0
DTXSID1044514,1193,0.0,0.0
DTXSID1044518,1193,9.267421747210283e-11,0.0
DTXSID1044560,1193,,
DTXSID1044564,1193,0.0,0.0
DTXSID1044568,1193,0.0,0.0
DTXSID1044643,1193,5.432824927037364e-19,0.0
DTXSID1044645,1193,1.7218626963105978e-14,0.0
DTXSID1044647,1193,3.3885210475686256e-09,0.0
DTXSID1044691,1193,0.0,0.0
DTXSID1044693,1193,0.0,0.0
DTXSID1044697,1193,0.0,0.0
DTXSID1044720,1193,0.0,0.0
DTXSID1044722,1193,3.536927824115764e-13,0.0
DTXSID1044724,1193,8.350496100761138e-17,0.0
DTXSID1044728,1193,0.0,0.0
DTXSID1044770,1193,3.487590046534308e-18,0.0
DTXSID1044772,1193,1.2383987507667025e-13,0.0
DTXSID1044774,1193,2.851812430702982e-13,0.0
DTXSID1044776,1193,3.703056046759215e-15,0.0
DTXSID1044801,1193,0.0,0.0
DTXSID1044805,1193,2.418883835953731e-12,0.0
DTXSID1044807,1193,0.0,0.0
DTXSID1044809,1193,0.0,0.0
DTXSID1044851,1193,,
DTXSID1044853,1193,6.371887885167793e-16,0.0
DTXSID1044857,1193,0.0,0.0
DTXSID1044859,1193,1.1343693302385441e-14,0.0
DTXSID1044930,1193,1.7412603676628737e-14,0.0
DTXSID1044932,1193,0.0,0.0
DTXSID1044934,1193,0.0,0.0
DTXSID1044936,1193,,
DTXSID1044938,1193,0.0,0.0
DTXSID1044980,1193,0.0,0.0
DTXSID1044982,1193,0.0,0.0
DTXSID1044986,1193,1.2489686152355124e-17,0.0
DTXSID1045033,1193,0.0,0.0
DTXSID1045081,1193,5.428249362372835e-07,0.0
DTXSID1045083,1193,3.131351757923617e-07,0.0
DTXSID1045085,1193,,
DTXSID1045089,1193,0.0,0.0
DTXSID1045110,1193,0.0,0.0
DTXSID1045112,1193,0.0,0.0
DTXSID1045114,1193,6.477721420439717e-11,0.0
DTXSID1045116,1193,9.313960548474644e-10,0.0
DTXSID1045118,1193,0.0,0.0
DTXSID1045160,1193,0.0,0.0
DTXSID1045162,1193,2.05218782399415e-12,0.0
DTXSID1045164,1193,5.582496101404278e-15,0.0
DTXSID1045166,1193,0.0,0.0
DTXSID1045168,1193,0.0,0.0
DTXSID1045245,1193,0.0,0.0
DTXSID1045291,1193,0.0,0.0
DTXSID1045293,1193,6.436268186687106e-10,0.0
DTXSID1045297,1193,0.0,0.0
DTXSID1045320,1193,0.0,0.0
DTXSID1045322,1193,1.5749935372630147e-11,0.0
DTXSID1045324,1193,2.4682785006470257e-06,0.0
DTXSID1045326,1193,0.0,0.0
DTXSID1045328,1193,0.0,0.0
DTXSID1045370,1193,0.0,0.0
DTXSID1045372,1193,0.0,0.0
DTXSID1045376,1193,4.9818263855856794e-12,0.0
DTXSID1045405,1193,6.777695669458775e-08,0.0
DTXSID1045407,1193,0.0,0.0
DTXSID1045409,1193,0.0,0.0
DTXSID1045453,1193,0.0,0.0
DTXSID1045459,1193,0.0,0.0
DTXSID1045530,1193,2.662404741691987e-08,0.0
DTXSID1045534,1193,0.0,0.0
DTXSID1045536,1193,7.288696187199957e-11,0.0
DTXSID1045538,1193,0.0,0.0
DTXSID1045580,1193,2.162198216614817e-12,0.0
DTXSID1045582,1193,0.0,0.0
DTXSID1045584,1193,0.0,0.0
DTXSID1045586,1193,3.3595740800383036e-10,0.0
DTXSID1045588,1193,0.0,0.0
DTXSID1045611,1193,0.0,0.0
DTXSID1045615,1193,1.5152524656941953e-07,0.0
DTXSID1045619,1193,0.0,0.0
DTXSID1045661,1193,,
DTXSID1045663,1193,0.0,0.0
DTXSID1045665,1193,2.372543210357315e-14,0.0
DTXSID1045669,1193,,
DTXSID1045740,1193,0.0,0.0
DTXSID1045742,1193,3.962943758398778e-10,0.0
DTXSID1045744,1193,1.1126553528142749e-10,0.0
DTXSID1045746,1193,0.0,0.0
DTXSID1045748,1193,5.1876324286441816e-17,0.0
DTXSID1045790,1193,3.430258760657972e-11,0.0
DTXSID1045792,1193,0.0,0.0
DTXSID1045794,1193,0.0,0.0
DTXSID1045796,1193,0.0,0.0
DTXSID1045798,1193,0.0,0.0
DTXSID1045825,1193,0.0,0.0
DTXSID1045871,1193,0.0,0.0
DTXSID1045873,1193,0.0,0.0
DTXSID1045877,1193,0.0,0.0
DTXSID1045879,1193,0.0,0.0
DTXSID1045900,1193,7.846868880006341e-10,0.0
DTXSID1045902,1193,0.0,0.0
DTXSID1045904,1193,0.0,0.0
DTXSID1045906,1193,0.0,0.0
DTXSID1045950,1193,,
DTXSID1045952,1193,0.9989239241740256,1.0
DTXSID1045954,1193,0.0,0.0
DTXSID1045956,1193,0.0,0.0
DTXSID1045958,1193,,
DTXSID1046003,1193,0.0,0.0
DTXSID1046007,1193,0.0,0.0
DTXSID1046009,1193,0.0,0.0
DTXSID1046051,1193,1.468499704388659e-07,0.0
DTXSID1046055,1193,0.0,0.0
DTXSID1046059,1193,0.0,0.0
DTXSID1046130,1193,0.0,0.0
DTXSID1046132,1193,0.0,0.0
DTXSID1046134,1193,,
DTXSID1046136,1193,0.0,0.0
DTXSID1046138,1193,2.239299021049575e-14,0.0
DTXSID1046180,1193,4.0641436334819545e-14,0.0
DTXSID1046182,1193,0.0,0.0
DTXSID1046184,1193,0.0,0.0
DTXSID1046186,1193,0.0,0.0
DTXSID1046188,1193,0.0,0.0
DTXSID1046211,1193,1.1339853568521544e-13,0.0
DTXSID1046213,1193,2.2522871065982148e-07,0.0
DTXSID1046215,1193,0.0,0.0
DTXSID1046217,1193,1.725338871619921e-10,0.0
DTXSID1046261,1193,0.0,0.0
DTXSID1046263,1193,0.0,0.0
DTXSID1046265,1193,,
DTXSID1046267,1193,0.0,0.0
DTXSID1046269,1193,0.0,0.0
DTXSID1046342,1193,9.34333795753634e-12,0.0
DTXSID1046344,1193,2.3189697293467786e-13,0.0
DTXSID1046346,1193,0.0,0.0
DTXSID1046348,1193,0.0,0.0
DTXSID1046390,1193,0.0,0.0
DTXSID1046392,1193,0.0,0.0
DTXSID1046394,1193,1.5091156937827288e-11,0.0
DTXSID1046396,1193,0.0,0.0
DTXSID1046398,1193,0.0,0.0
DTXSID1046421,1193,0.0,0.0
DTXSID1046423,1193,8.764981470403121e-08,0.0
DTXSID1046425,1193,0.0,0.0
DTXSID1046427,1193,0.0,0.0
DTXSID1046429,1193,,
DTXSID1046471,1193,1.8949898831568195e-10,0.0
DTXSID1046475,1193,0.0,0.0
DTXSID1046477,1193,7.85326697247929e-10,0.0
DTXSID1046479,1193,7.206102105471666e-06,0.0
DTXSID1046500,1193,0.0,0.0
DTXSID1046502,1193,0.0,0.0
DTXSID1046504,1193,0.0,0.0
DTXSID1046506,1193,0.0,0.0
DTXSID1046508,1193,0.0,0.0
DTXSID1046550,1193,3.947474098683031e-15,0.0
DTXSID1046552,1193,0.0,0.0
DTXSID1046556,1193,0.0,0.0
DTXSID1046558,1193,0.0,0.0
DTXSID1046631,1193,0.0,0.0
DTXSID1046633,1193,,
DTXSID1046637,1193,6.029141636598186e-06,0.0
DTXSID1046639,1193,0.0,0.0
DTXSID1046681,1193,,
DTXSID1046683,1193,,
DTXSID1046685,1193,0.0,0.0
DTXSID1046687,1193,2.608357368203593e-09,0.0
DTXSID1046689,1193,1.0890222371340886e-13,0.0
DTXSID1046710,1193,1.0008586257559316e-09,0.0
DTXSID1046712,1193,0.0,0.0
DTXSID1046714,1193,0.0,0.0
DTXSID1046716,1193,0.0,0.0
DTXSID1046760,1193,0.0,0.0
DTXSID1046764,1193,0.0,0.0
DTXSID1046766,1193,0.0,0.0
DTXSID1046768,1193,0.0,0.0
DTXSID1046841,1193,0.0,0.0
DTXSID1046843,1193,,
DTXSID1046845,1193,6.4092701668372895e-12,0.0
DTXSID1046847,1193,0.0,0.0
DTXSID1046849,1193,0.0,0.0
DTXSID1046891,1193,0.0,0.0
DTXSID1046895,1193,0.0,0.0
DTXSID1046920,1193,0.0,0.0
DTXSID1046922,1193,,
DTXSID1046924,1193,0.0,0.0
DTXSID1046926,1193,0.0,0.0
DTXSID1046970,1193,1.9572619784839254e-17,0.0
DTXSID1046974,1193,0.0,0.0
DTXSID1046976,1193,6.429802290095281e-18,0.0
DTXSID1046978,1193,0.0,0.0
DTXSID1047027,1193,0.0,0.0
DTXSID1047029,1193,0.0,0.0
DTXSID1047071,1193,2.6522578383987074e-11,0.0
DTXSID1047075,1193,0.0,0.0
DTXSID1047102,1193,,
DTXSID1047104,1193,0.0,0.0
DTXSID1047106,1193,0.0,0.0
DTXSID1047108,1193,4.705247269663755e-12,0.0
DTXSID1047150,1193,2.0963114321776423e-07,0.0
DTXSID1047152,1193,8.900945528873006e-11,0.0
DTXSID1047156,1193,1.4597556531377513e-15,0.0
DTXSID1047158,1193,4.719931273283127e-16,0.0
DTXSID1047239,1193,0.0,0.0
DTXSID1047281,1193,0.0,0.0
DTXSID1047283,1193,0.0,0.0
DTXSID1047285,1193,6.502825599197399e-17,0.0
DTXSID1047287,1193,0.0,0.0
DTXSID1047289,1193,0.0,0.0
DTXSID1047310,1193,,
DTXSID1047312,1193,0.0,0.0
DTXSID1047316,1193,0.0,0.0
DTXSID1047318,1193,4.381941983517403e-10,0.0
DTXSID1047360,1193,0.0,0.0
DTXSID1047362,1193,0.00014323109418717055,0.0
DTXSID1047364,1193,0.0,0.0
DTXSID1047366,1193,,
DTXSID1047368,1193,0.0,0.0
DTXSID1047443,1193,0.0,0.0
DTXSID1047447,1193,4.130748321803521e-19,0.0
DTXSID1047491,1193,0.0,0.0
DTXSID1047493,1193,0.0,0.0
DTXSID1047497,1193,1.0090768654551294e-12,0.0
DTXSID1047524,1193,4.4858998777165095e-08,0.0
DTXSID1047526,1193,0.0,0.0
DTXSID1047528,1193,0.0,0.0
DTXSID1047570,1193,3.22629052103602e-18,0.0
DTXSID1047574,1193,0.0,0.0
DTXSID1047576,1193,5.603831050832295e-13,0.0
DTXSID1047578,1193,0.0,0.0
DTXSID1047601,1193,1.2436192090527441e-15,0.0
DTXSID1047603,1193,1.57903269272026e-14,0.0
DTXSID1047605,1193,1.1809449251230458e-10,0.0
DTXSID1047609,1193,6.770051399307295e-19,0.0
DTXSID1047651,1193,5.283712467407826e-17,0.0
DTXSID1047655,1193,2.6003420712881435e-14,0.0
DTXSID1047657,1193,0.0,0.0
DTXSID1047659,1193,0.0,0.0
DTXSID1047730,1193,2.9206198392878264e-14,0.0
DTXSID1047780,1193,0.0,0.0
DTXSID1047782,1193,0.0,0.0
DTXSID1047784,1193,0.0,0.0
DTXSID1047786,1193,4.612868464018067e-16,0.0
DTXSID1047788,1193,7.356904363467987e-12,0.0
DTXSID1047811,1193,4.32602170124738e-09,0.0
DTXSID1047813,1193,0.0,0.0
DTXSID1047815,1193,2.870061083134185e-13,0.0
DTXSID1047817,1193,0.0,0.0
DTXSID1047819,1193,0.0,0.0
DTXSID1047869,1193,0.0,0.0
DTXSID1047940,1193,0.0,0.0
DTXSID1047942,1193,0.0,0.0
DTXSID1047944,1193,,
DTXSID1047946,1193,0.0,0.0
DTXSID1047948,1193,2.430363697972565e-13,0.0
DTXSID1048122,1193,,
DTXSID1048170,1193,,
DTXSID1048172,1193,0.0,0.0
DTXSID1048174,1193,0.005644396895886299,0.0
DTXSID1048176,1193,0.0,0.0
DTXSID1048178,1193,0.00028377543134259586,0.0
DTXSID1048201,1193,0.0,0.0
DTXSID1048203,1193,0.0,0.0
DTXSID1048207,1193,0.0,0.0
DTXSID1048209,1193,0.0,0.0
DTXSID1048259,1193,0.0,0.0
DTXSID1048590,1193,1.0749474315505733e-13,0.0
DTXSID1048592,1193,0.0,0.0
DTXSID1048594,1193,0.0,0.0
DTXSID1048596,1193,0.9999660109965157,1.0
DTXSID1048598,1193,0.0,0.0
DTXSID1048621,1193,0.0,0.0
DTXSID1048623,1193,0.0,0.0
DTXSID1048625,1193,0.0,0.0
DTXSID1048627,1193,0.6627238700942536,0.0
DTXSID1048629,1193,0.0,0.0
DTXSID1048671,1193,0.0,0.0
DTXSID1048675,1193,0.0,0.0
DTXSID1048677,1193,0.0,0.0
DTXSID1048679,1193,0.0,0.0
DTXSID1048700,1193,,
DTXSID1048702,1193,1.907700969951727e-14,0.0
DTXSID1048704,1193,2.809909514292466e-12,0.0
DTXSID1048706,1193,0.0,0.0
DTXSID1048708,1193,7.331290467522951e-07,0.0
DTXSID1048750,1193,0.0,0.0
DTXSID1048752,1193,0.0,0.0
DTXSID1048754,1193,0.0,0.0
DTXSID1048756,1193,0.0,0.0
DTXSID1048758,1193,2.2675575229265754e-14,0.0
DTXSID1048831,1193,0.0,0.0
DTXSID1048833,1193,0.0,0.0
DTXSID1048835,1193,3.790378624180042e-08,0.0
DTXSID1048837,1193,9.310596410840425e-12,0.0
DTXSID1048839,1193,9.8713134285015e-17,0.0
DTXSID1048881,1193,0.0,0.0
DTXSID1048883,1193,0.0,0.0
DTXSID1048885,1193,0.0,0.0
DTXSID1048887,1193,0.0,0.0
DTXSID1048889,1193,0.0,0.0
DTXSID1048910,1193,0.0,0.0
DTXSID1048912,1193,7.558693644422667e-12,0.0
DTXSID1048914,1193,0.0,0.0
DTXSID1048916,1193,0.0,0.0
DTXSID1048918,1193,0.0,0.0
DTXSID1048960,1193,0.0,0.0
DTXSID1048962,1193,4.637647259950547e-13,0.0
DTXSID1048964,1193,0.0,0.0
DTXSID1048966,1193,1.49983870045996e-13,0.0
DTXSID1048968,1193,0.0,0.0
DTXSID1049011,1193,0.0,0.0
DTXSID1049013,1193,0.0,0.0
DTXSID1049015,1193,,
DTXSID1049017,1193,8.557776873363873e-12,0.0
DTXSID1049019,1193,0.0,0.0
DTXSID1049061,1193,0.0,0.0
DTXSID1049063,1193,0.0,0.0
DTXSID1049065,1193,0.0,0.0
DTXSID1049067,1193,0.0,0.0
DTXSID1049069,1193,0.0,0.0
DTXSID1049221,1193,0.0,0.0
DTXSID1049223,1193,0.0,0.0
DTXSID1049225,1193,2.6521087362328342e-09,0.0
DTXSID1049227,1193,7.567901710058655e-12,0.0
DTXSID1049229,1193,,
DTXSID1049271,1193,8.723331878151898e-07,0.0
DTXSID1049273,1193,0.0,0.0
DTXSID1049275,1193,1.550033783160815e-11,0.0
DTXSID1049277,1193,0.0,0.0
DTXSID1049279,1193,5.013120332890728e-18,0.0
DTXSID1049300,1193,0.0,0.0
DTXSID1049302,1193,0.0,0.0
DTXSID1049304,1193,,
DTXSID1049306,1193,0.0,0.0
DTXSID1049308,1193,1.9062672697560195e-16,0.0
DTXSID1049350,1193,0.0,0.0
DTXSID1049352,1193,,
DTXSID1049354,1193,7.495332392051301e-05,0.0
DTXSID1049356,1193,0.0,0.0
DTXSID1049358,1193,0.0,0.0
DTXSID1049431,1193,0.0,0.0
DTXSID1049433,1193,1.3422296466664684e-10,0.0
DTXSID1049481,1193,0.0,0.0
DTXSID1049483,1193,0.0,0.0
DTXSID1049485,1193,9.417486480684039e-18,0.0
DTXSID1049487,1193,0.0,0.0
DTXSID1049489,1193,3.29478310015198e-14,0.0
DTXSID1049510,1193,3.5068713549015824e-15,0.0
DTXSID1049512,1193,0.0,0.0
DTXSID1049514,1193,0.0,0.0
DTXSID1049516,1193,0.0,0.0
DTXSID1049518,1193,0.0,0.0
DTXSID1049560,1193,0.0,0.0
DTXSID1049562,1193,0.0,0.0
DTXSID2020006,1193,0.0,0.0
DTXSID2020054,1193,,
DTXSID2020058,1193,1.9252618191329805e-08,0.0
DTXSID2020131,1193,0.0,0.0
DTXSID2020137,1193,2.083148384518702e-17,0.0
DTXSID2020139,1193,0.9931001055712628,1.0
DTXSID2020181,1193,0.0,0.0
DTXSID2020189,1193,0.0,0.0
DTXSID2020210,1193,0.0,0.0
DTXSID2020212,1193,0.0,0.0
DTXSID2020216,1193,2.599265931624556e-18,0.0
DTXSID2020260,1193,1.6180751949137489e-13,0.0
DTXSID2020262,1193,1.8664502131569575e-17,0.0
DTXSID2020266,1193,0.0,0.0
DTXSID2020268,1193,3.5706567728466605e-11,0.0
DTXSID2020341,1193,0.0,0.0
DTXSID2020345,1193,,
DTXSID2020347,1193,1.3163348782202426e-14,0.0
DTXSID2020349,1193,0.0,0.0
DTXSID2020391,1193,2.2496280517991595e-08,0.0
DTXSID2020399,1193,0.0,0.0
DTXSID2020420,1193,1.6107113767256827e-16,0.0
DTXSID2020424,1193,0.0,0.0
DTXSID2020426,1193,0.0,0.0
DTXSID2020428,1193,0.0,0.0
DTXSID2020470,1193,,
DTXSID2020474,1193,0.0,0.0
DTXSID2020478,1193,9.402709512719937e-13,0.0
DTXSID2020501,1193,4.3625593148942964e-12,0.0
DTXSID2020505,1193,8.78461361273258e-12,0.0
DTXSID2020507,1193,3.233009801375745e-13,0.0
DTXSID2020509,1193,7.749846619973554e-15,0.0
DTXSID2020557,1193,0.0,0.0
DTXSID2020634,1193,0.0,0.0
DTXSID2020636,1193,,
DTXSID2020680,1193,0.0,0.0
DTXSID2020682,1193,1.3177897720787989e-14,0.0
DTXSID2020684,1193,5.845505435356015e-13,0.0
DTXSID2020686,1193,0.0,0.0
DTXSID2020688,1193,0.0,0.0
DTXSID2020713,1193,1.0165797067388061e-14,0.0
DTXSID2020717,1193,7.64902390845469e-11,0.0
DTXSID2020761,1193,2.4059542177008773e-11,0.0
DTXSID2020767,1193,0.0,0.0
DTXSID2020844,1193,0.0,0.0
DTXSID2020846,1193,0.0,0.0
DTXSID2020890,1193,1.4627608649687752e-11,0.0
DTXSID2020892,1193,2.2756032513889367e-14,0.0
DTXSID2020894,1193,0.0,0.0
DTXSID2020898,1193,1.5379758483915193e-13,0.0
DTXSID2020921,1193,5.632737039071014e-10,0.0
DTXSID2020923,1193,5.6306665409973634e-14,0.0
DTXSID2020927,1193,0.0,0.0
DTXSID2020929,1193,0.0,0.0
DTXSID2020971,1193,0.0,0.0
DTXSID2020977,1193,1.7447617098431762e-13,0.0
DTXSID2021022,1193,8.365749492678868e-08,0.0
DTXSID2021026,1193,0.0,0.0
DTXSID2021028,1193,2.9918794732346173e-13,0.0
DTXSID2021070,1193,,
DTXSID2021103,1193,3.865267624285276e-11,0.0
DTXSID2021105,1193,0.0014620411113574568,0.0
DTXSID2021151,1193,0.0,0.0
DTXSID2021159,1193,0.0,0.0
DTXSID2021232,1193,1.8779145647464845e-10,0.0
DTXSID2021234,1193,0.0,0.0
DTXSID2021236,1193,0.0,0.0
DTXSID2021238,1193,2.5995403396413864e-16,0.0
DTXSID2021282,1193,4.68341090205226e-10,0.0
DTXSID2021284,1193,0.0,0.0
DTXSID2021286,1193,1.5027721430094364e-17,0.0
DTXSID2021288,1193,0.0,0.0
DTXSID2021311,1193,0.0,0.0
DTXSID2021315,1193,2.048894778129677e-12,0.0
DTXSID2021317,1193,2.211239776930462e-16,0.0
DTXSID2021319,1193,0.0,0.0
DTXSID2021363,1193,6.8741269928323476e-15,0.0
DTXSID2021365,1193,0.0,0.0
DTXSID2021367,1193,4.510366784748472e-06,0.0
DTXSID2021440,1193,0.0,0.0
DTXSID2021442,1193,0.0,0.0
DTXSID2021446,1193,0.0,0.0
DTXSID2021448,1193,0.0,0.0
DTXSID2021492,1193,1.387353039446924e-19,0.0
DTXSID2021496,1193,0.0,0.0
DTXSID2021498,1193,0.0,0.0
DTXSID2021575,1193,1.2098082491632054e-13,0.0
DTXSID2021577,1193,0.00015213934453739048,0.0
DTXSID2021600,1193,1.3094823378869326e-14,0.0
DTXSID2021602,1193,6.12542011843574e-11,0.0
DTXSID2021604,1193,0.0,0.0
DTXSID2021608,1193,0.0,0.0
DTXSID2021650,1193,0.0,0.0
DTXSID2021652,1193,3.735687734412006e-17,0.0
DTXSID2021654,1193,0.0,0.0
DTXSID2021656,1193,1.470940522064075e-10,0.0
DTXSID2021658,1193,0.0,0.0
DTXSID2021731,1193,5.717212974292521e-19,0.0
DTXSID2021735,1193,4.46446792208268e-10,0.0
DTXSID2021739,1193,0.0,0.0
DTXSID2021781,1193,6.130538453894608e-15,0.0
DTXSID2021789,1193,3.6020450538447423e-13,0.0
DTXSID2021810,1193,0.0,0.0
DTXSID2021816,1193,0.0,0.0
DTXSID2021818,1193,1.0039332850613751e-13,0.0
DTXSID2021860,1193,0.0,0.0
DTXSID2021864,1193,0.0,0.0
DTXSID2021866,1193,0.0,0.0
DTXSID2021868,1193,1.4895558157973692e-13,0.0
DTXSID2021941,1193,2.074019271402199e-11,0.0
DTXSID2021943,1193,0.0,0.0
DTXSID2021947,1193,0.0,0.0
DTXSID2021949,1193,8.36809053799231e-15,0.0
DTXSID2021993,1193,0.0,0.0
DTXSID2021995,1193,6.082463582347119e-10,0.0
DTXSID2021997,1193,7.565120017990214e-12,0.0
DTXSID2022048,1193,0.0,0.0
DTXSID2022090,1193,0.0,0.0
DTXSID2022096,1193,1.0763575750958203e-11,0.0
DTXSID2022121,1193,6.885398578806848e-10,0.0
DTXSID2022123,1193,0.0,0.0
DTXSID2022127,1193,7.961852936646871e-12,0.0
DTXSID2022171,1193,2.518919819391353e-13,0.0
DTXSID2022179,1193,0.03592267135867503,0.0
DTXSID2022254,1193,2.7339356546978285e-11,0.0
DTXSID2022256,1193,0.0,0.0
DTXSID2022331,1193,2.9400114544427013e-15,0.0
DTXSID2022381,1193,0.7797048564698651,0.0
DTXSID2022541,1193,0.0,0.0
DTXSID2022543,1193,0.0,0.0
DTXSID2022549,1193,0.0,0.0
DTXSID2022593,1193,1.1699171379621154e-10,0.0
DTXSID2022595,1193,0.0,0.0
DTXSID2022624,1193,0.0,0.0
DTXSID2022626,1193,0.0,0.0
DTXSID2022628,1193,3.802274096427989e-14,0.0
DTXSID2022672,1193,0.0,0.0
DTXSID2022674,1193,0.0,0.0
DTXSID2022676,1193,0.0,0.0
DTXSID2022678,1193,1.1863177120312736e-10,0.0
DTXSID2022707,1193,0.0,0.0
DTXSID2022751,1193,1.7951129394884244e-10,0.0
DTXSID2022753,1193,1.5733902244467856e-14,0.0
DTXSID2022880,1193,9.453168295007441e-07,0.0
DTXSID2022886,1193,4.099564494879778e-18,0.0
DTXSID2022888,1193,0.0,0.0
DTXSID2022915,1193,0.0,0.0
DTXSID2022967,1193,5.108364085109312e-13,0.0
DTXSID2023016,1193,6.6525900642671335e-09,0.0
DTXSID2023064,1193,7.758794374169714e-17,0.0
DTXSID2023068,1193,5.832503368243456e-05,0.0
DTXSID2023143,1193,1.581314169163156e-10,0.0
DTXSID2023145,1193,2.7366389819672207e-05,0.0
DTXSID2023149,1193,0.0,0.0
DTXSID2023193,1193,0.0,0.0
DTXSID2023195,1193,0.0,0.0
DTXSID2023197,1193,1.0443273546035349e-14,0.0
DTXSID2023222,1193,1.6831502473324256e-08,0.0
DTXSID2023224,1193,0.0,0.0
DTXSID2023270,1193,6.557122177459838e-11,0.0
DTXSID2023276,1193,0.02848393507963195,0.0
DTXSID2023303,1193,0.0,0.0
DTXSID2023307,1193,0.0,0.0
DTXSID2023353,1193,2.5607679303654836e-13,0.0
DTXSID2023430,1193,4.259520196779107e-09,0.0
DTXSID2023434,1193,0.0,0.0
DTXSID2023436,1193,4.72321344851152e-10,0.0
DTXSID2023480,1193,0.0,0.0
DTXSID2023488,1193,0.0,0.0
DTXSID2023519,1193,0.0,0.0
DTXSID2023565,1193,2.5267054204588047e-11,0.0
DTXSID2023567,1193,6.095673782863314e-14,0.0
DTXSID2023569,1193,4.147208758613407e-12,0.0
DTXSID2023640,1193,0.0,0.0
DTXSID2023642,1193,9.719361636221728e-09,0.0
DTXSID2023644,1193,5.19668833563904e-13,0.0
DTXSID2023690,1193,0.0,0.0
DTXSID2023692,1193,0.0,0.0
DTXSID2023721,1193,0.0,0.0
DTXSID2023723,1193,8.557048350331379e-17,0.0
DTXSID2023725,1193,1.498742028565043e-07,0.0
DTXSID2023727,1193,2.638309211792375e-11,0.0
DTXSID2023729,1193,5.810885699279363e-10,0.0
DTXSID2023771,1193,0.0,0.0
DTXSID2023775,1193,1.6710130710093662e-10,0.0
DTXSID2023937,1193,0.0,0.0
DTXSID2024030,1193,0.0,0.0
DTXSID2024038,1193,1.131825734871936e-12,0.0
DTXSID2024086,1193,4.734389823354519e-13,0.0
DTXSID2024113,1193,0.0,0.0
DTXSID2024163,1193,8.395908522610131e-11,0.0
DTXSID2024242,1193,0.0,0.0
DTXSID2024246,1193,9.360668714931442e-12,0.0
DTXSID2024452,1193,0.0,0.0
DTXSID2024454,1193,0.0,0.0
DTXSID2024458,1193,0.9999999284759326,1.0
DTXSID2024585,1193,1.090714686471693e-12,0.0
DTXSID2024589,1193,1.0037292567887893e-17,0.0
DTXSID2024616,1193,0.0,0.0
DTXSID2024660,1193,0.0,0.0
DTXSID2024662,1193,0.0,0.0
DTXSID2024664,1193,4.4279462631089146e-13,0.0
DTXSID2024666,1193,4.2366074240584465e-12,0.0
DTXSID2024747,1193,5.317856449018845e-14,0.0
DTXSID2024791,1193,0.0,0.0
DTXSID2024793,1193,1.1961241406983917e-13,0.0
DTXSID2024797,1193,3.52934038894532e-17,0.0
DTXSID2024799,1193,4.2267975800567954e-17,0.0
DTXSID2024822,1193,2.379532655162561e-12,0.0
DTXSID2024824,1193,0.0,0.0
DTXSID2024878,1193,2.1357970908098497e-16,0.0
DTXSID2024953,1193,0.0,0.0
DTXSID2024955,1193,0.0,0.0
DTXSID2025004,1193,0.0,0.0
DTXSID2025006,1193,,
DTXSID2025050,1193,0.0,0.0
DTXSID2025058,1193,,
DTXSID2025133,1193,7.67677279916688e-12,0.0
DTXSID2025135,1193,0.0,0.0
DTXSID2025137,1193,0.0,0.0
DTXSID2025139,1193,,
DTXSID2025183,1193,0.0,0.0
DTXSID2025185,1193,0.0,0.0
DTXSID2025216,1193,0.0,0.0
DTXSID2025345,1193,3.662433333717808e-15,0.0
DTXSID2025347,1193,0.0,0.0
DTXSID2025391,1193,0.0,0.0
DTXSID2025395,1193,0.0,0.0
DTXSID2025422,1193,0.0,0.0
DTXSID2025424,1193,0.0,0.0
DTXSID2025474,1193,0.0,0.0
DTXSID2025478,1193,1.9043609288533484e-14,0.0
DTXSID2025501,1193,,
DTXSID2025503,1193,0.0,0.0
DTXSID2025505,1193,1.6078038412680283e-06,0.0
DTXSID2025551,1193,0.0,0.0
DTXSID2025557,1193,0.0,0.0
DTXSID2025632,1193,6.396439122805868e-19,0.0
DTXSID2025634,1193,0.0,0.0
DTXSID2025680,1193,0.0,0.0
DTXSID2025688,1193,0.0,0.0
DTXSID2025715,1193,2.3180513897234467e-12,0.0
DTXSID2025761,1193,1.8284843696385017e-14,0.0
DTXSID2025763,1193,0.0,0.0
DTXSID2025765,1193,0.0,0.0
DTXSID2025840,1193,2.900289706334729e-14,0.0
DTXSID2025842,1193,,
DTXSID2025846,1193,0.0,0.0
DTXSID2025892,1193,,
DTXSID2025896,1193,1.7977426719924098e-12,0.0
DTXSID2025925,1193,0.0,0.0
DTXSID2025975,1193,0.0,0.0
DTXSID2025977,1193,0.0,0.0
DTXSID2026022,1193,3.970538433920595e-09,0.0
DTXSID2026074,1193,0.0,0.0
DTXSID2026076,1193,0.0,0.0
DTXSID2026101,1193,,
DTXSID2026107,1193,,
DTXSID2026151,1193,0.0,0.0
DTXSID2026157,1193,2.3656591106214264e-11,0.0
DTXSID2026232,1193,0.0,0.0
DTXSID2026238,1193,0.0,0.0
DTXSID2026444,1193,0.0,0.0
DTXSID2026446,1193,1.4168587330422471e-12,0.0
DTXSID2026448,1193,0.0,0.0
DTXSID2026494,1193,0.0,0.0
DTXSID2026496,1193,2.1612308685502357e-10,0.0
DTXSID2026523,1193,0.0,0.0
DTXSID2026525,1193,2.219410562466042e-13,0.0
DTXSID2026527,1193,0.0,0.0
DTXSID2026529,1193,0.0,0.0
DTXSID2026573,1193,0.0,0.0
DTXSID2026600,1193,0.0,0.0
DTXSID2026602,1193,,
DTXSID2026606,1193,0.0,0.0
DTXSID2026608,1193,0.0,0.0
DTXSID2026652,1193,0.0,0.0
DTXSID2026739,1193,0.0,0.0
DTXSID2026781,1193,9.028041636905664e-09,0.0
DTXSID2026783,1193,0.0,0.0
DTXSID2026789,1193,0.0,0.0
DTXSID2026864,1193,0.0,0.0
DTXSID2026941,1193,0.0,0.0
DTXSID2026943,1193,1.472890151089368e-12,0.0
DTXSID2026991,1193,0.0,0.0
DTXSID2026997,1193,2.508992190385679e-13,0.0
DTXSID2027044,1193,0.0,0.0
DTXSID2027048,1193,0.0,0.0
DTXSID2027092,1193,2.7556504496748856e-09,0.0
DTXSID2027094,1193,1.4101914150035756e-10,0.0
DTXSID2027096,1193,0.0,0.0
DTXSID2027098,1193,0.0,0.0
DTXSID2027175,1193,0.0,0.0
DTXSID2027200,1193,0.0,0.0
DTXSID2027204,1193,3.620521280522385e-13,0.0
DTXSID2027206,1193,0.0,0.0
DTXSID2027254,1193,4.3282097650676904e-11,0.0
DTXSID2027258,1193,0.0,0.0
DTXSID2027333,1193,0.0,0.0
DTXSID2027381,1193,2.3605332493424005e-11,0.0
DTXSID2027412,1193,0.0,0.0
DTXSID2027414,1193,0.0,0.0
DTXSID2027416,1193,0.0,0.0
DTXSID2027418,1193,0.0,0.0
DTXSID2027462,1193,0.0,0.0
DTXSID2027466,1193,9.991651715199356e-07,0.0
DTXSID2027543,1193,0.0,0.0
DTXSID2027591,1193,0.0,0.0
DTXSID2027593,1193,1.028919167892208e-15,0.0
DTXSID2027595,1193,0.0,0.0
DTXSID2027599,1193,2.5142478859247256e-07,0.0
DTXSID2027620,1193,0.0,0.0
DTXSID2027624,1193,0.0,0.0
DTXSID2027759,1193,0.0,0.0
DTXSID2027830,1193,0.0,0.0
DTXSID2027832,1193,0.0,0.0
DTXSID2027834,1193,0.0,0.0
DTXSID2027884,1193,7.871699479705262e-12,0.0
DTXSID2027886,1193,0.0,0.0
DTXSID2027963,1193,8.710658548550476e-10,0.0
DTXSID2028010,1193,0.0,0.0
DTXSID2028016,1193,0.0,0.0
DTXSID2028723,1193,1.2326754175109138e-13,0.0
DTXSID2028985,1193,0.0,0.0
DTXSID2029117,1193,0.0,0.0
DTXSID2029167,1193,0.0,0.0
DTXSID2029169,1193,0.0,0.0
DTXSID2029240,1193,0.0,0.0
DTXSID2029242,1193,4.2524541757489977e-16,0.0
DTXSID2029244,1193,4.522665775373569e-09,0.0
DTXSID2029246,1193,0.0,0.0
DTXSID2029290,1193,0.0,0.0
DTXSID2029298,1193,0.0,0.0
DTXSID2029325,1193,0.0,0.0
DTXSID2029327,1193,3.0312887089742427e-09,0.0
DTXSID2029329,1193,9.957976855582985e-12,0.0
DTXSID2029612,1193,2.094126068908064e-10,0.0
DTXSID2029616,1193,9.584373541012304e-15,0.0
DTXSID2029662,1193,,
DTXSID2029668,1193,0.0,0.0
DTXSID2029874,1193,9.785715021261076e-14,0.0
DTXSID2030695,1193,0.0,0.0
DTXSID2030857,1193,0.0,0.0
DTXSID2031089,1193,0.0,0.0
DTXSID2031532,1193,0.0,0.0
DTXSID2031956,1193,1.1277469272074994e-17,0.0
DTXSID2032005,1193,,
DTXSID2032180,1193,8.500550435068418e-09,0.0
DTXSID2032344,1193,0.0,0.0
DTXSID2032348,1193,0.0,0.0
DTXSID2032390,1193,3.9665683090379065e-11,0.0
DTXSID2032392,1193,1.1526770420985091e-10,0.0
DTXSID2032398,1193,0.0,0.0
DTXSID2032421,1193,0.0,0.0
DTXSID2032500,1193,,
DTXSID2032550,1193,0.0,0.0
DTXSID2032552,1193,0.0,0.0
DTXSID2032554,1193,0.0,0.0
DTXSID2032556,1193,5.215796604622879e-13,0.0
DTXSID2032558,1193,0.0,0.0
DTXSID2032631,1193,1.667841694015618e-08,0.0
DTXSID2032637,1193,0.0,0.0
DTXSID2032639,1193,0.0,0.0
DTXSID2032683,1193,0.0,0.0
DTXSID2032891,1193,4.378679368671505e-12,0.0
DTXSID2033281,1193,,
DTXSID2033314,1193,,
DTXSID2033445,1193,0.0,0.0
DTXSID2033447,1193,1.0214593425090552e-16,0.0
DTXSID2033493,1193,0.0,0.0
DTXSID2033736,1193,0.0,0.0
DTXSID2033863,1193,0.0,0.0
DTXSID2034091,1193,0.0,0.0
DTXSID2034095,1193,0.0,0.0
DTXSID2034255,1193,0.0,0.0
DTXSID2034338,1193,3.019051092798618e-10,0.0
DTXSID2034382,1193,9.607076819835294e-12,0.0
DTXSID2034465,1193,0.0,0.0
DTXSID2034540,1193,5.776215060405201e-14,0.0
DTXSID2034590,1193,0.0,0.0
DTXSID2034598,1193,6.816030525397751e-12,0.0
DTXSID2034625,1193,0.0,0.0
DTXSID2034627,1193,0.0,0.0
DTXSID2034673,1193,0.0,0.0
DTXSID2034700,1193,0.0,0.0
DTXSID2034833,1193,0.0,0.0
DTXSID2034881,1193,0.0,0.0
DTXSID2034885,1193,5.221389787956772e-12,0.0
DTXSID2034962,1193,1.1102225057705222e-13,0.0
DTXSID2034968,1193,1.283716763340365e-12,0.0
DTXSID2035013,1193,1.8119927085540218e-11,0.0
DTXSID2035481,1193,0.0,0.0
DTXSID2036112,1193,,
DTXSID2036299,1193,0.0,0.0
DTXSID2036409,1193,0.0,0.0
DTXSID2036588,1193,1.5883250254225773e-11,0.0
DTXSID2036827,1193,,
DTXSID2037186,1193,,
DTXSID2037508,1193,4.204166697335347e-12,0.0
DTXSID2037712,1193,2.7441215537586745e-05,0.0
DTXSID2037714,1193,,
DTXSID2038732,1193,0.0,0.0
DTXSID2038788,1193,0.0,0.0
DTXSID2038813,1193,0.0,0.0
DTXSID2039336,1193,0.0,0.0
DTXSID2040151,1193,0.0,0.0
DTXSID2040234,1193,0.008999669702177391,0.0
DTXSID2040236,1193,0.0,0.0
DTXSID2040284,1193,0.0,0.0
DTXSID2040361,1193,2.1563604831213764e-15,0.0
DTXSID2040363,1193,0.0,0.0
DTXSID2040525,1193,0.0,0.0
DTXSID2040579,1193,,
DTXSID2040608,1193,0.0,0.0
DTXSID2040652,1193,0.0,0.0
DTXSID2040656,1193,4.583003643402268e-13,0.0
DTXSID2040731,1193,0.0,0.0
DTXSID2040735,1193,0.0,0.0
DTXSID2040739,1193,1.5275872192054243e-14,0.0
DTXSID2040783,1193,0.0,0.0
DTXSID2040787,1193,,
DTXSID2040945,1193,2.2134124282853464e-09,0.0
DTXSID2041046,1193,0.0,0.0
DTXSID2041125,1193,0.0,0.0
DTXSID2041200,1193,8.548607336036738e-15,0.0
DTXSID2041206,1193,0.0,0.0
DTXSID2041208,1193,2.3146054695849666e-16,0.0
DTXSID2041250,1193,,
DTXSID2041252,1193,0.0,0.0
DTXSID2041256,1193,0.0,0.0
DTXSID2041389,1193,0.0,0.0
DTXSID2041412,1193,0.0,0.0
DTXSID2041416,1193,0.0,0.0
DTXSID2041418,1193,1.9568097371117463e-09,0.0
DTXSID2041460,1193,0.0,0.0
DTXSID2041464,1193,3.65259369179702e-11,0.0
DTXSID2041468,1193,0.0,0.0
DTXSID2041541,1193,7.446855721629424e-15,0.0
DTXSID2041545,1193,1.0489737817410439e-12,0.0
DTXSID2041547,1193,0.0,0.0
DTXSID2041622,1193,0.0,0.0
DTXSID2041626,1193,0.0,0.0
DTXSID2041672,1193,6.511734900375097e-15,0.0
DTXSID2041703,1193,1.6382975495654475e-16,0.0
DTXSID2041709,1193,0.0,0.0
DTXSID2041759,1193,,
DTXSID2041880,1193,0.0,0.0
DTXSID2041884,1193,0.0,0.0
DTXSID2041886,1193,0.0,0.0
DTXSID2041913,1193,0.0,0.0
DTXSID2041917,1193,0.0,0.0
DTXSID2042014,1193,0.0,0.0
DTXSID2042060,1193,0.0,0.0
DTXSID2042062,1193,0.0,0.0
DTXSID2042143,1193,0.0,0.0
DTXSID2042145,1193,0.0,0.0
DTXSID2042149,1193,0.0,0.0
DTXSID2042191,1193,0.0,0.0
DTXSID2042195,1193,6.428310164891646e-12,0.0
DTXSID2042199,1193,0.0,0.0
DTXSID2042220,1193,0.0,0.0
DTXSID2042224,1193,,
DTXSID2042276,1193,0.0,0.0
DTXSID2042436,1193,3.7713640094581684e-15,0.0
DTXSID2043874,1193,,
DTXSID2043909,1193,2.1750041434214902e-05,0.0
DTXSID2044000,1193,,
DTXSID2044002,1193,0.0,0.0
DTXSID2044131,1193,2.5700281816866525e-16,0.0
DTXSID2044137,1193,0.058267695821312276,0.0
DTXSID2044210,1193,3.147442133351989e-17,0.0
DTXSID2044214,1193,0.0,0.0
DTXSID2044218,1193,0.0,0.0
DTXSID2044266,1193,0.0,0.0
DTXSID2044268,1193,3.4480274775553876e-10,0.0
DTXSID2044347,1193,7.836145761446044e-11,0.0
DTXSID2044391,1193,0.0,0.0
DTXSID2044393,1193,0.0,0.0
DTXSID2044395,1193,0.0,0.0
DTXSID2044397,1193,0.0,0.0
DTXSID2044399,1193,0.0,0.0
DTXSID2044420,1193,0.0,0.0
DTXSID2044424,1193,0.0,0.0
DTXSID2044428,1193,0.0,0.0
DTXSID2044470,1193,0.0,0.0
DTXSID2044472,1193,5.500090004571771e-11,0.0
DTXSID2044474,1193,0.0,0.0
DTXSID2044503,1193,0.0,0.0
DTXSID2044507,1193,,
DTXSID2044509,1193,2.0766564971316493e-08,0.0
DTXSID2044553,1193,0.0,0.0
DTXSID2044559,1193,0.0,0.0
DTXSID2044632,1193,2.5669721038435022e-17,0.0
DTXSID2044638,1193,0.0,0.0
DTXSID2044680,1193,0.0,0.0
DTXSID2044682,1193,0.0,0.0
DTXSID2044684,1193,0.0,0.0
DTXSID2044686,1193,0.0,0.0
DTXSID2044713,1193,0.0,0.0
DTXSID2044715,1193,0.0,0.0
DTXSID2044719,1193,0.0,0.0
DTXSID2044763,1193,5.672685519202727e-13,0.0
DTXSID2044765,1193,2.796829919643152e-08,0.0
DTXSID2044767,1193,0.0,0.0
DTXSID2044769,1193,1.26673547529728e-13,0.0
DTXSID2044840,1193,0.0,0.0
DTXSID2044842,1193,0.0,0.0
DTXSID2044844,1193,6.356312083290304e-09,0.0
DTXSID2044846,1193,,
DTXSID2044848,1193,0.0,0.0
DTXSID2044890,1193,9.220393361381006e-12,0.0
DTXSID2044892,1193,0.0,0.0
DTXSID2044894,1193,1.4863447754462196e-13,0.0
DTXSID2044896,1193,0.0,0.0
DTXSID2044898,1193,0.0,0.0
DTXSID2044921,1193,4.7451246598465275e-12,0.0
DTXSID2044923,1193,5.57563238610925e-13,0.0
DTXSID2044925,1193,0.0,0.0
DTXSID2044927,1193,0.0,0.0
DTXSID2044929,1193,2.408026539653077e-10,0.0
DTXSID2044971,1193,,
DTXSID2044973,1193,6.921965618411215e-14,0.0
DTXSID2044975,1193,0.0,0.0
DTXSID2044979,1193,0.0,0.0
DTXSID2045072,1193,0.0,0.0
DTXSID2045076,1193,0.9998900559235196,1.0
DTXSID2045078,1193,1.3648244355692629e-17,0.0
DTXSID2045101,1193,1.129149414282781e-13,0.0
DTXSID2045103,1193,0.0,0.0
DTXSID2045105,1193,3.502242343274993e-09,0.0
DTXSID2045107,1193,0.0,0.0
DTXSID2045109,1193,0.0,0.0
DTXSID2045151,1193,0.0,0.0
DTXSID2045153,1193,0.0,0.0
DTXSID2045157,1193,1.1007183685590852e-09,0.0
DTXSID2045232,1193,1.6535374662685714e-12,0.0
DTXSID2045236,1193,0.0,0.0
DTXSID2045238,1193,0.0,0.0
DTXSID2045280,1193,5.403806701796948e-12,0.0
DTXSID2045315,1193,7.715081453270806e-10,0.0
DTXSID2045361,1193,9.290191331954907e-11,0.0
DTXSID2045365,1193,0.0,0.0
DTXSID2045367,1193,1.581678164794585e-07,0.0
DTXSID2045440,1193,0.0,0.0
DTXSID2045442,1193,2.3789375539578367e-15,0.0
DTXSID2045444,1193,0.0,0.0
DTXSID2045448,1193,0.0,0.0
DTXSID2045490,1193,0.0,0.0
DTXSID2045492,1193,0.0,0.0
DTXSID2045494,1193,0.0,0.0
DTXSID2045496,1193,0.0,0.0
DTXSID2045498,1193,2.071653906635137e-05,0.0
DTXSID2045521,1193,0.0,0.0
DTXSID2045523,1193,0.0,0.0
DTXSID2045527,1193,1.5732391372091165e-18,0.0
DTXSID2045529,1193,,
DTXSID2045571,1193,0.0,0.0
DTXSID2045573,1193,0.999717916021167,1.0
DTXSID2045575,1193,2.1219332272904193e-10,0.0
DTXSID2045579,1193,2.1778333463547563e-10,0.0
DTXSID2045600,1193,0.0,0.0
DTXSID2045602,1193,1.901061368333601e-06,0.0
DTXSID2045604,1193,0.0,0.0
DTXSID2045606,1193,0.0,0.0
DTXSID2045608,1193,0.0,0.0
DTXSID2045650,1193,1.8583282607525616e-12,0.0
DTXSID2045652,1193,0.0,0.0
DTXSID2045654,1193,0.0,0.0
DTXSID2045656,1193,8.695245160086432e-07,0.0
DTXSID2045658,1193,0.0,0.0
DTXSID2045735,1193,7.078709102883749e-17,0.0
DTXSID2045781,1193,2.1205442811362473e-12,0.0
DTXSID2045783,1193,0.0,0.0
DTXSID2045785,1193,2.0860661180005588e-13,0.0
DTXSID2045787,1193,0.0,0.0
DTXSID2045789,1193,0.0,0.0
DTXSID2045810,1193,4.841642703952408e-09,0.0
DTXSID2045812,1193,0.0,0.0
DTXSID2045814,1193,3.1814291849797725e-06,0.0
DTXSID2045860,1193,,
DTXSID2045862,1193,0.0,0.0
DTXSID2045864,1193,6.121538837114069e-14,0.0
DTXSID2045868,1193,0.0,0.0
DTXSID2045941,1193,0.0,0.0
DTXSID2045943,1193,,
DTXSID2045945,1193,1.239369888302239e-14,0.0
DTXSID2045993,1193,0.0,0.0
DTXSID2046042,1193,4.599230318597493e-13,0.0
DTXSID2046090,1193,0.0,0.0
DTXSID2046092,1193,,
DTXSID2046094,1193,0.0,0.0
DTXSID2046096,1193,5.203331700764471e-13,0.0
DTXSID2046121,1193,1.786063514087973e-13,0.0
DTXSID2046123,1193,0.0,0.0
DTXSID2046127,1193,,
DTXSID2046171,1193,1.236402360746278e-17,0.0
DTXSID2046173,1193,3.104974323875808e-14,0.0
DTXSID2046175,1193,3.6403885136511016e-06,0.0
DTXSID2046177,1193,1.9402072077038884e-08,0.0
DTXSID2046179,1193,0.0,0.0
DTXSID2046200,1193,0.0,0.0
DTXSID2046202,1193,0.0,0.0
DTXSID2046206,1193,5.339851371683566e-13,0.0
DTXSID2046208,1193,0.0,0.0
DTXSID2046250,1193,2.9680613652540435e-13,0.0
DTXSID2046252,1193,7.271129341448317e-10,0.0
DTXSID2046254,1193,0.0,0.0
DTXSID2046256,1193,0.0,0.0
DTXSID2046258,1193,0.0,0.0
DTXSID2046383,1193,0.0,0.0
DTXSID2046385,1193,0.0,0.0
DTXSID2046389,1193,4.699195897475354e-10,0.0
DTXSID2046410,1193,0.0,0.0
DTXSID2046412,1193,0.0,0.0
DTXSID2046414,1193,0.0,0.0
DTXSID2046418,1193,0.0,0.0
DTXSID2046460,1193,0.0,0.0
DTXSID2046462,1193,0.0,0.0
DTXSID2046464,1193,0.0,0.0
DTXSID2046468,1193,0.0,0.0
DTXSID2046541,1193,0.0,0.0
DTXSID2046543,1193,0.0,0.0
DTXSID2046545,1193,1.5101995334566052e-05,0.0
DTXSID2046549,1193,6.006745496455202e-08,0.0
DTXSID2046591,1193,,
DTXSID2046593,1193,0.0,0.0
DTXSID2046597,1193,0.0,0.0
DTXSID2046599,1193,0.0,0.0
DTXSID2046624,1193,1.9844044351455867e-08,0.0
DTXSID2046626,1193,0.0018670832300059063,0.0
DTXSID2046628,1193,0.0,0.0
DTXSID2046670,1193,1.773114117830768e-12,0.0
DTXSID2046674,1193,0.0,0.0
DTXSID2046678,1193,0.0,0.0
DTXSID2046701,1193,0.0,0.0
DTXSID2046703,1193,0.0,0.0
DTXSID2046705,1193,,
DTXSID2046707,1193,,
DTXSID2046709,1193,0.0,0.0
DTXSID2046751,1193,1.3141642999746786e-09,0.0
DTXSID2046755,1193,,
DTXSID2046757,1193,0.0,0.0
DTXSID2046759,1193,3.9341265683843534e-16,0.0
DTXSID2046830,1193,0.0,0.0
DTXSID2046832,1193,0.0,0.0
DTXSID2046834,1193,,
DTXSID2046836,1193,5.564618777941607e-10,0.0
DTXSID2046880,1193,,
DTXSID2046882,1193,0.0,0.0
DTXSID2046886,1193,0.0,0.0
DTXSID2046888,1193,8.439870158093041e-08,0.0
DTXSID2046911,1193,0.0,0.0
DTXSID2046913,1193,2.787104589062996e-11,0.0
DTXSID2046915,1193,2.8058613187735876e-14,0.0
DTXSID2046919,1193,0.0,0.0
DTXSID2047060,1193,0.0,0.0
DTXSID2047062,1193,0.0,0.0
DTXSID2047064,1193,3.378490579608746e-11,0.0
DTXSID2047066,1193,3.3591524653929207e-16,0.0
DTXSID2047068,1193,0.0,0.0
DTXSID2047141,1193,,
DTXSID2047145,1193,0.0,0.0
DTXSID2047149,1193,0.0,0.0
DTXSID2047191,1193,3.5793524726503154e-16,0.0
DTXSID2047193,1193,0.0,0.0
DTXSID2047195,1193,2.4701469397556036e-13,0.0
DTXSID2047197,1193,0.0,0.0
DTXSID2047199,1193,3.8282376207356195e-18,0.0
DTXSID2047270,1193,1.1301521351174921e-11,0.0
DTXSID2047272,1193,0.0,0.0
DTXSID2047274,1193,0.0,0.0
DTXSID2047276,1193,0.0,0.0
DTXSID2047278,1193,0.0,0.0
DTXSID2047301,1193,0.0,0.0
DTXSID2047303,1193,0.00014287803272697134,0.0
DTXSID2047305,1193,0.0,0.0
DTXSID2047307,1193,2.095007154282765e-06,0.0
DTXSID2047309,1193,3.4243444929425727e-12,0.0
DTXSID2047351,1193,0.0,0.0
DTXSID2047353,1193,,
DTXSID2047355,1193,2.445101384270278e-13,0.0
DTXSID2047357,1193,0.0,0.0
DTXSID2047359,1193,0.0,0.0
DTXSID2047434,1193,0.0,0.0
DTXSID2047436,1193,5.693372326244865e-16,0.0
DTXSID2047484,1193,0.0,0.0
DTXSID2047486,1193,1.9989663100853246e-17,0.0
DTXSID2047511,1193,0.0,0.0
DTXSID2047517,1193,1.0122447832667858e-13,0.0
DTXSID2047519,1193,0.0,0.0
DTXSID2047565,1193,0.0,0.0
DTXSID2047567,1193,0.0,0.0
DTXSID2047569,1193,0.0,0.0
DTXSID2047642,1193,5.778862980295192e-16,0.0
DTXSID2047644,1193,7.702052135938857e-15,0.0
DTXSID2047646,1193,0.0,0.0
DTXSID2047648,1193,0.0,0.0
DTXSID2047694,1193,2.2237731244401144e-11,0.0
DTXSID2047696,1193,0.0,0.0
DTXSID2047721,1193,0.0,0.0
DTXSID2047723,1193,0.0,0.0
DTXSID2047725,1193,0.0,0.0
DTXSID2047773,1193,0.0,0.0
DTXSID2047775,1193,0.0,0.0
DTXSID2047777,1193,4.145443225055133e-11,0.0
DTXSID2047779,1193,0.0,0.0
DTXSID2047800,1193,0.0,0.0
DTXSID2047802,1193,0.0,0.0
DTXSID2047804,1193,0.0,0.0
DTXSID2047806,1193,1.8461572159578252e-09,0.0
DTXSID2047850,1193,0.0,0.0
DTXSID2047852,1193,0.00027033381221219354,0.0
DTXSID2047856,1193,0.0,0.0
DTXSID2047858,1193,2.2896216098230754e-14,0.0
DTXSID2047931,1193,0.0,0.0
DTXSID2047933,1193,0.0,0.0
DTXSID2047935,1193,0.0,0.0
DTXSID2047937,1193,5.99019544139196e-13,0.0
DTXSID2047939,1193,0.0,0.0
DTXSID2048161,1193,1.1426302651931181e-17,0.0
DTXSID2048167,1193,0.0,0.0
DTXSID2048169,1193,4.12381952813685e-13,0.0
DTXSID2048379,1193,0.0,0.0
DTXSID2048581,1193,0.0,0.0
DTXSID2048583,1193,,
DTXSID2048585,1193,1.6765929816452347e-18,0.0
DTXSID2048587,1193,1.2964374351852237e-13,0.0
DTXSID2048589,1193,0.0,0.0
DTXSID2048610,1193,0.0,0.0
DTXSID2048612,1193,0.0,0.0
DTXSID2048614,1193,0.0,0.0
DTXSID2048616,1193,8.89525111165151e-12,0.0
DTXSID2048618,1193,0.0,0.0
DTXSID2048660,1193,0.0,0.0
DTXSID2048662,1193,0.0,0.0
DTXSID2048664,1193,,
DTXSID2048666,1193,0.0,0.0
DTXSID2048668,1193,0.0,0.0
DTXSID2048741,1193,1.6378529803369823e-14,0.0
DTXSID2048743,1193,0.0,0.0
DTXSID2048745,1193,0.0,0.0
DTXSID2048747,1193,0.0,0.0
DTXSID2048749,1193,4.724426870243986e-17,0.0
DTXSID2048791,1193,0.0,0.0
DTXSID2048793,1193,8.982358654958462e-15,0.0
DTXSID2048795,1193,0.0,0.0
DTXSID2048797,1193,0.0,0.0
DTXSID2048799,1193,0.0,0.0
DTXSID2048820,1193,0.0,0.0
DTXSID2048822,1193,0.0,0.0
DTXSID2048824,1193,0.0,0.0
DTXSID2048826,1193,0.0,0.0
DTXSID2048828,1193,0.0,0.0
DTXSID2048870,1193,0.0,0.0
DTXSID2048872,1193,0.0,0.0
DTXSID2048874,1193,1.5783841213500328e-09,0.0
DTXSID2048876,1193,0.0,0.0
DTXSID2048878,1193,0.0,0.0
DTXSID2048901,1193,0.0,0.0
DTXSID2048903,1193,0.0,0.0
DTXSID2048905,1193,,
DTXSID2048907,1193,0.0,0.0
DTXSID2048909,1193,0.0,0.0
DTXSID2048953,1193,9.561163966619754e-10,0.0
DTXSID2048955,1193,0.0,0.0
DTXSID2048957,1193,0.0,0.0
DTXSID2048959,1193,0.0,0.0
DTXSID2049000,1193,2.5913522074150964e-07,0.0
DTXSID2049002,1193,0.0,0.0
DTXSID2049004,1193,2.0806029131342338e-13,0.0
DTXSID2049006,1193,,
DTXSID2049008,1193,1.0465175275316308e-08,0.0
DTXSID2049050,1193,0.0,0.0
DTXSID2049052,1193,6.6246455253901965e-09,0.0
DTXSID2049054,1193,0.0,0.0
DTXSID2049056,1193,0.0,0.0
DTXSID2049058,1193,0.0,0.0
DTXSID2049135,1193,0.0,0.0
DTXSID2049210,1193,,
DTXSID2049212,1193,0.0,0.0
DTXSID2049214,1193,0.0,0.0
DTXSID2049216,1193,0.3135613666953542,0.0
DTXSID2049218,1193,2.135900223065953e-14,0.0
DTXSID2049260,1193,1.0,1.0
DTXSID2049262,1193,0.0,0.0
DTXSID2049264,1193,0.0,0.0
DTXSID2049266,1193,0.0,0.0
DTXSID2049268,1193,0.0,0.0
DTXSID2049341,1193,0.0,0.0
DTXSID2049343,1193,0.0,0.0
DTXSID2049345,1193,0.0,0.0
DTXSID2049347,1193,0.0,0.0
DTXSID2049349,1193,0.0,0.0
DTXSID2049391,1193,,
DTXSID2049393,1193,0.0,0.0
DTXSID2049395,1193,0.0,0.0
DTXSID2049397,1193,7.087938391116477e-12,0.0
DTXSID2049399,1193,1.3905694722280024e-18,0.0
DTXSID2049420,1193,3.4151994170905746e-13,0.0
DTXSID2049422,1193,0.0,0.0
DTXSID2049424,1193,4.030174404480189e-08,0.0
DTXSID2049426,1193,,
DTXSID2049428,1193,0.0006158227193090064,0.0
DTXSID2049470,1193,1.5565727252961577e-14,0.0
DTXSID2049472,1193,0.0,0.0
DTXSID2049474,1193,0.0,0.0
DTXSID2049476,1193,0.0,0.0
DTXSID2049478,1193,0.0,0.0
DTXSID2049501,1193,0.0,0.0
DTXSID2049503,1193,0.0,0.0
DTXSID2049505,1193,0.0,0.0
DTXSID2049507,1193,0.0,0.0
DTXSID2049509,1193,0.0,0.0
DTXSID2049551,1193,1.3747417644027925e-13,0.0
DTXSID2049553,1193,0.0,0.0
DTXSID2049555,1193,0.0,0.0
DTXSID2049557,1193,9.617565257184225e-08,0.0
DTXSID2049559,1193,0.0,0.0
DTXSID3020043,1193,4.586362243443741e-12,0.0
DTXSID3020047,1193,4.174317878105469e-17,0.0
DTXSID3020091,1193,6.036368165103957e-13,0.0
DTXSID3020093,1193,4.0300965619573817e-07,0.0
DTXSID3020095,1193,0.0,0.0
DTXSID3020097,1193,2.6214197257880363e-14,0.0
DTXSID3020099,1193,0.0,0.0
DTXSID3020120,1193,,
DTXSID3020122,1193,0.0,0.0
DTXSID3020128,1193,0.0,0.0
DTXSID3020205,1193,0.0,0.0
DTXSID3020207,1193,5.783301954030352e-12,0.0
DTXSID3020209,1193,0.0,0.0
DTXSID3020253,1193,0.0,0.0
DTXSID3020257,1193,0.0,0.0
DTXSID3020330,1193,0.0,0.0
DTXSID3020332,1193,0.0,0.0
DTXSID3020336,1193,0.0,0.0
DTXSID3020380,1193,4.163426429433217e-12,0.0
DTXSID3020384,1193,0.0,0.0
DTXSID3020413,1193,0.0,0.0
DTXSID3020415,1193,9.034399840657891e-07,0.0
DTXSID3020419,1193,0.0,0.0
DTXSID3020463,1193,4.539873610002772e-08,0.0
DTXSID3020465,1193,0.0,0.0
DTXSID3020469,1193,0.0,0.0
DTXSID3020540,1193,0.0,0.0
DTXSID3020546,1193,0.0,0.0
DTXSID3020548,1193,8.450747514203161e-19,0.0
DTXSID3020596,1193,2.3701254753424912e-15,0.0
DTXSID3020598,1193,5.905338307878545e-15,0.0
DTXSID3020621,1193,0.0,0.0
DTXSID3020625,1193,1.2268972718630292e-06,0.0
DTXSID3020627,1193,0.0,0.0
DTXSID3020629,1193,1.97413676555657e-13,0.0
DTXSID3020671,1193,0.0,0.0
DTXSID3020673,1193,0.0,0.0
DTXSID3020679,1193,0.0,0.0
DTXSID3020700,1193,0.0,0.0
DTXSID3020704,1193,,
DTXSID3020706,1193,,
DTXSID3020708,1193,0.0,0.0
DTXSID3020750,1193,1.599240420607542e-13,0.0
DTXSID3020752,1193,1.3634790449781822e-11,0.0
DTXSID3020756,1193,0.0,0.0
DTXSID3020833,1193,0.0,0.0
DTXSID3020835,1193,0.0,0.0
DTXSID3020887,1193,6.164983115763292e-16,0.0
DTXSID3020889,1193,0.0,0.0
DTXSID3020910,1193,0.0,0.0
DTXSID3020912,1193,6.53466346960926e-14,0.0
DTXSID3020914,1193,0.0,0.0
DTXSID3020916,1193,0.0,0.0
DTXSID3020918,1193,1.8367619813065866e-14,0.0
DTXSID3020960,1193,9.982737197867519e-14,0.0
DTXSID3020962,1193,0.0,0.0
DTXSID3020964,1193,1.107467661999781e-18,0.0
DTXSID3020966,1193,0.0,0.0
DTXSID3021065,1193,1.0717795444905213e-16,0.0
DTXSID3021069,1193,8.540258118576931e-07,0.0
DTXSID3021140,1193,0.0,0.0
DTXSID3021142,1193,1.610216928248146e-07,0.0
DTXSID3021144,1193,2.6261531867015594e-12,0.0
DTXSID3021148,1193,3.717176906097327e-07,0.0
DTXSID3021190,1193,0.0,0.0
DTXSID3021192,1193,3.695509817821088e-12,0.0
DTXSID3021196,1193,1.7523635187673381e-12,0.0
DTXSID3021198,1193,2.0281711705936092e-17,0.0
DTXSID3021221,1193,0.0,0.0
DTXSID3021223,1193,0.0,0.0
DTXSID3021275,1193,0.0,0.0
DTXSID3021277,1193,2.9203477100147507e-18,0.0
DTXSID3021304,1193,0.0,0.0
DTXSID3021354,1193,0.0,0.0
DTXSID3021356,1193,0.0,0.0
DTXSID3021358,1193,0.0,0.0
DTXSID3021431,1193,3.081523277056147e-14,0.0
DTXSID3021437,1193,4.730124469358304e-15,0.0
DTXSID3021483,1193,1.8391040430902398e-08,0.0
DTXSID3021485,1193,0.0,0.0
DTXSID3021487,1193,7.179465927230015e-15,0.0
DTXSID3021516,1193,5.096194980588113e-13,0.0
DTXSID3021518,1193,5.232137006174551e-07,0.0
DTXSID3021562,1193,0.0,0.0
DTXSID3021641,1193,3.620422690762141e-15,0.0
DTXSID3021643,1193,5.947774789972697e-11,0.0
DTXSID3021645,1193,0.0,0.0
DTXSID3021647,1193,0.0,0.0
DTXSID3021726,1193,4.83079177504409e-12,0.0
DTXSID3021770,1193,0.0,0.0
DTXSID3021772,1193,0.0,0.0
DTXSID3021774,1193,0.0,0.0
DTXSID3021778,1193,0.0,0.0
DTXSID3021801,1193,0.0,0.0
DTXSID3021803,1193,0.0,0.0
DTXSID3021805,1193,0.0,0.0
DTXSID3021807,1193,3.4475325195106997e-15,0.0
DTXSID3021851,1193,7.350418439330794e-14,0.0
DTXSID3021853,1193,2.7343550066817283e-12,0.0
DTXSID3021930,1193,6.956970428392762e-12,0.0
DTXSID3021932,1193,0.0,0.0
DTXSID3021936,1193,0.0,0.0
DTXSID3021938,1193,0.0,0.0
DTXSID3021980,1193,0.0,0.0
DTXSID3021982,1193,0.0,0.0
DTXSID3021984,1193,4.727278843688574e-15,0.0
DTXSID3021986,1193,0.0,0.0
DTXSID3021988,1193,0.0,0.0
DTXSID3022035,1193,3.2738911180972013e-13,0.0
DTXSID3022089,1193,0.0,0.0
DTXSID3022160,1193,,
DTXSID3022162,1193,0.0,0.0
DTXSID3022164,1193,0.0,0.0
DTXSID3022247,1193,0.0,0.0
DTXSID3022320,1193,0.0,0.0
DTXSID3022326,1193,2.365553496981539e-10,0.0
DTXSID3022370,1193,0.0011339738253280508,0.0
DTXSID3022401,1193,0.0,0.0
DTXSID3022403,1193,0.0,0.0
DTXSID3022405,1193,8.230028374006684e-17,0.0
DTXSID3022409,1193,0.0,0.0
DTXSID3022455,1193,5.425346848526841e-11,0.0
DTXSID3022536,1193,0.0,0.0
DTXSID3022582,1193,0.0,0.0
DTXSID3022584,1193,0.0,0.0
DTXSID3022586,1193,0.0,0.0
DTXSID3022588,1193,1.2758343364859351e-11,0.0
DTXSID3022611,1193,0.0,0.0
DTXSID3022617,1193,0.0,0.0
DTXSID3022663,1193,1.284904780124504e-05,0.0
DTXSID3022667,1193,0.0,0.0
DTXSID3022742,1193,,
DTXSID3022748,1193,6.6532628168607184e-15,0.0
DTXSID3022796,1193,0.01808658500469115,0.0
DTXSID3022798,1193,0.0,0.0
DTXSID3022821,1193,0.0,0.0
DTXSID3022825,1193,0.0,0.0
DTXSID3022829,1193,3.1967540985247743e-15,0.0
DTXSID3022871,1193,0.0,0.0
DTXSID3022873,1193,0.00019075307091385527,0.0
DTXSID3022875,1193,0.0,0.0
DTXSID3022877,1193,1.0708546145366342e-12,0.0
DTXSID3022902,1193,0.0,0.0
DTXSID3022904,1193,0.0,0.0
DTXSID3022906,1193,0.0,0.0
DTXSID3022950,1193,1.5121395652332057e-10,0.0
DTXSID3022956,1193,0.0,0.0
DTXSID3022958,1193,1.953936792718476e-14,0.0
DTXSID3023001,1193,1.229620299063089e-05,0.0
DTXSID3023005,1193,0.0,0.0
DTXSID3023007,1193,0.0,0.0
DTXSID3023051,1193,0.0,0.0
DTXSID3023057,1193,0.0,0.0
DTXSID3023059,1193,1.2931348993350354e-12,0.0
DTXSID3023132,1193,0.0,0.0
DTXSID3023180,1193,,
DTXSID3023188,1193,0.3490722435364889,0.0
DTXSID3023219,1193,0.0,0.0
DTXSID3023261,1193,0.0,0.0
DTXSID3023265,1193,4.219490924599429e-13,0.0
DTXSID3023269,1193,0.0,0.0
DTXSID3023340,1193,0.0,0.0
DTXSID3023342,1193,0.0,0.0
DTXSID3023398,1193,0.0,0.0
DTXSID3023425,1193,9.226216251693957e-06,0.0
DTXSID3023427,1193,5.0909393928583e-10,0.0
DTXSID3023471,1193,0.0,0.0
DTXSID3023479,1193,4.3911113365463304e-14,0.0
DTXSID3023502,1193,0.0,0.0
DTXSID3023508,1193,6.349350221422536e-12,0.0
DTXSID3023550,1193,,
DTXSID3023552,1193,0.0,0.0
DTXSID3023554,1193,4.175192667947397e-06,0.0
DTXSID3023556,1193,0.0,0.0
DTXSID3023681,1193,,
DTXSID3023685,1193,0.007503130202433953,0.0
DTXSID3023687,1193,4.197296500015278e-11,0.0
DTXSID3023712,1193,6.011328874261156e-16,0.0
DTXSID3023716,1193,0.0,0.0
DTXSID3023718,1193,1.1228247542618417e-08,0.0
DTXSID3023764,1193,0.0,0.0
DTXSID3023845,1193,0.0,0.0
DTXSID3023897,1193,1.2863423375965799e-12,0.0
DTXSID3023899,1193,3.275650579921896e-18,0.0
DTXSID3023974,1193,1.6412487578747313e-12,0.0
DTXSID3024077,1193,0.0,0.0
DTXSID3024100,1193,0.0,0.0
DTXSID3024102,1193,0.0,0.0
DTXSID3024104,1193,0.0,0.0
DTXSID3024108,1193,2.649292791011223e-11,0.0
DTXSID3024152,1193,3.172606718034999e-14,0.0
DTXSID3024154,1193,6.601071967039953e-16,0.0
DTXSID3024235,1193,9.754297440408414e-08,0.0
DTXSID3024239,1193,0.0,0.0
DTXSID3024287,1193,1.5711225110273946e-13,0.0
DTXSID3024289,1193,0.0,0.0
DTXSID3024316,1193,0.0,0.0
DTXSID3024318,1193,0.0,0.0
DTXSID3024362,1193,8.408585891075716e-15,0.0
DTXSID3024364,1193,9.10142573736747e-12,0.0
DTXSID3024366,1193,0.0,0.0
DTXSID3024368,1193,0.0,0.0
DTXSID3024441,1193,0.0,0.0
DTXSID3024447,1193,0.0,0.0
DTXSID3024449,1193,2.3042826273614073e-08,0.0
DTXSID3024491,1193,0.0,0.0
DTXSID3024497,1193,0.0,0.0
DTXSID3024499,1193,,
DTXSID3024522,1193,0.0,0.0
DTXSID3024528,1193,0.0,0.0
DTXSID3024574,1193,0.0,0.0
DTXSID3024603,1193,0.0,0.0
DTXSID3024657,1193,0.0,0.0
DTXSID3024659,1193,0.0,0.0
DTXSID3024736,1193,3.62856092131055e-14,0.0
DTXSID3024738,1193,0.0,0.0
DTXSID3024786,1193,0.0,0.0
DTXSID3024815,1193,3.968770666844768e-15,0.0
DTXSID3024861,1193,1.0221564666750066e-09,0.0
DTXSID3024869,1193,2.8639034677699908e-11,0.0
DTXSID3024940,1193,0.0,0.0
DTXSID3024942,1193,0.0,0.0
DTXSID3024944,1193,0.0,0.0
DTXSID3024994,1193,0.0,0.0
DTXSID3024998,1193,0.0,0.0
DTXSID3025041,1193,0.0,0.0
DTXSID3025045,1193,0.0,0.0
DTXSID3025047,1193,0.0,0.0
DTXSID3025049,1193,0.0,0.0
DTXSID3025091,1193,0.0,0.0
DTXSID3025093,1193,0.0,0.0
DTXSID3025122,1193,1.2916979253782343e-09,0.0
DTXSID3025178,1193,1.2365429995374274e-11,0.0
DTXSID3025203,1193,2.7807507479940197e-15,0.0
DTXSID3025209,1193,0.0,0.0
DTXSID3025253,1193,,
DTXSID3025257,1193,0.0,0.0
DTXSID3025330,1193,0.0,0.0
DTXSID3025332,1193,0.0,0.0
DTXSID3025338,1193,0.0,0.0
DTXSID3025461,1193,0.0,0.0
DTXSID3025465,1193,0.0,0.0
DTXSID3025469,1193,0.0,0.0
DTXSID3025540,1193,,
DTXSID3025542,1193,0.0,0.0
DTXSID3025548,1193,4.9623049056696395e-08,0.0
DTXSID3025590,1193,0.0,0.0
DTXSID3025629,1193,5.068259750065701e-16,0.0
DTXSID3025671,1193,1.6765806569729796e-13,0.0
DTXSID3025706,1193,0.0,0.0
DTXSID3025758,1193,0.0,0.0
DTXSID3025839,1193,3.511758998147705e-08,0.0
DTXSID3025881,1193,0.0,0.0
DTXSID3025889,1193,0.0,0.0
DTXSID3026065,1193,0.0,0.0
DTXSID3026067,1193,0.0,0.0
DTXSID3026148,1193,0.0,0.0
DTXSID3026190,1193,6.0132857791967916e-15,0.0
DTXSID3026223,1193,0.0,0.0
DTXSID3026275,1193,0.0,0.0
DTXSID3026279,1193,0.0,0.0
DTXSID3026302,1193,9.450329649455655e-12,0.0
DTXSID3026304,1193,0.0,0.0
DTXSID3026306,1193,0.0,0.0
DTXSID3026308,1193,0.0,0.0
DTXSID3026512,1193,0.0,0.0
DTXSID3026514,1193,0.0,0.0
DTXSID3026516,1193,0.0,0.0
DTXSID3026560,1193,0.0,0.0
DTXSID3026562,1193,1.442890173810686e-17,0.0
DTXSID3026564,1193,4.384849057301274e-12,0.0
DTXSID3026566,1193,4.08291669115771e-15,0.0
DTXSID3026641,1193,0.0,0.0
DTXSID3026645,1193,9.108974627007383e-20,0.0
DTXSID3026647,1193,1.8559711326848425e-13,0.0
DTXSID3026691,1193,7.453557024231651e-15,0.0
DTXSID3026697,1193,0.0,0.0
DTXSID3026724,1193,0.0,0.0
DTXSID3026726,1193,2.2425921668336814e-11,0.0
DTXSID3026728,1193,4.1402334514491203e-11,0.0
DTXSID3026851,1193,2.6320324355482686e-13,0.0
DTXSID3026932,1193,0.0,0.0
DTXSID3026984,1193,0.0,0.0
DTXSID3027037,1193,0.0,0.0
DTXSID3027039,1193,6.533026376133085e-14,0.0
DTXSID3027085,1193,0.0,0.0
DTXSID3027116,1193,1.6811654313612116e-08,0.0
DTXSID3027241,1193,0.0,0.0
DTXSID3027247,1193,0.0,0.0
DTXSID3027249,1193,2.7793085005940736e-09,0.0
DTXSID3027291,1193,1.1365886794937663e-11,0.0
DTXSID3027293,1193,0.0,0.0
DTXSID3027295,1193,3.7302947411373155e-14,0.0
DTXSID3027297,1193,1.23211947496957e-13,0.0
DTXSID3027320,1193,1.3483122833262606e-11,0.0
DTXSID3027322,1193,0.0,0.0
DTXSID3027328,1193,2.6177007639116674e-12,0.0
DTXSID3027370,1193,0.0,0.0
DTXSID3027401,1193,1.7650282206994627e-14,0.0
DTXSID3027403,1193,,
DTXSID3027405,1193,0.0,0.0
DTXSID3027407,1193,1.8487600250703456e-16,0.0
DTXSID3027530,1193,3.092948964669611e-12,0.0
DTXSID3027534,1193,0.0,0.0
DTXSID3027536,1193,1.2711762074687371e-18,0.0
DTXSID3027580,1193,0.0,0.0
DTXSID3027584,1193,0.0,0.0
DTXSID3027586,1193,1.2179041439446245e-10,0.0
DTXSID3027588,1193,0.0,0.0
DTXSID3027615,1193,8.816968012097495e-14,0.0
DTXSID3027617,1193,0.0,0.0
DTXSID3027740,1193,0.0,0.0
DTXSID3027790,1193,0.0,0.0
DTXSID3027792,1193,0.0,0.0
DTXSID3027798,1193,0.0,0.0
DTXSID3027823,1193,0.0,0.0
DTXSID3027829,1193,4.5877099820197076e-17,0.0
DTXSID3027875,1193,5.668762156661188e-05,0.0
DTXSID3027877,1193,2.6603913673705913e-05,0.0
DTXSID3027902,1193,5.544935004043246e-13,0.0
DTXSID3027950,1193,0.0,0.0
DTXSID3028001,1193,0.0,0.0
DTXSID3028005,1193,0.0,0.0
DTXSID3029108,1193,0.0,0.0
DTXSID3029150,1193,7.1162325258846e-10,0.0
DTXSID3029152,1193,0.0,0.0
DTXSID3029154,1193,0.0,0.0
DTXSID3029158,1193,2.5828267599838203e-19,0.0
DTXSID3029231,1193,2.646061958450783e-17,0.0
DTXSID3029233,1193,0.0,0.0
DTXSID3029235,1193,1.762981409664912e-14,0.0
DTXSID3029237,1193,0.0,0.0
DTXSID3029281,1193,0.0,0.0
DTXSID3029283,1193,0.0,0.0
DTXSID3029287,1193,3.331870169924063e-14,0.0
DTXSID3029289,1193,8.597346071827001e-12,0.0
DTXSID3029310,1193,0.0,0.0
DTXSID3029312,1193,8.214499607257328e-18,0.0
DTXSID3029362,1193,0.0,0.0
DTXSID3029364,1193,2.462535216243756e-13,0.0
DTXSID3029572,1193,4.646122895336003e-17,0.0
DTXSID3029607,1193,1.11528226242158e-13,0.0
DTXSID3029651,1193,0.0,0.0
DTXSID3029653,1193,0.0,0.0
DTXSID3029655,1193,0.0,0.0
DTXSID3029815,1193,4.39699991877484e-06,0.0
DTXSID3029869,1193,1.3961976169220858e-12,0.0
DTXSID3030056,1193,0.0,0.0
DTXSID3030189,1193,0.0,0.0
DTXSID3030428,1193,2.6832516310181462e-17,0.0
DTXSID3030636,1193,,
DTXSID3031444,1193,7.943188202034024e-18,0.0
DTXSID3031492,1193,1.7177411728203387e-18,0.0
DTXSID3031521,1193,1.1676485260484677e-10,0.0
DTXSID3031860,1193,0.0,0.0
DTXSID3031862,1193,0.0,0.0
DTXSID3031864,1193,0.0,0.0
DTXSID3032129,1193,0.0,0.0
DTXSID3032337,1193,6.873864836138194e-16,0.0
DTXSID3032389,1193,0.0,0.0
DTXSID3032412,1193,0.0,0.0
DTXSID3032416,1193,0.0,0.0
DTXSID3032464,1193,0.0,0.0
DTXSID3032547,1193,0.0,0.0
DTXSID3032549,1193,0.0,0.0
DTXSID3032591,1193,1.5379871826391588e-11,0.0
DTXSID3032620,1193,0.0,0.0
DTXSID3032622,1193,0.0,0.0
DTXSID3032624,1193,9.392302779127909e-12,0.0
DTXSID3032628,1193,2.5936034228474946e-09,0.0
DTXSID3032751,1193,,
DTXSID3032759,1193,,
DTXSID3032832,1193,0.0,0.0
DTXSID3033276,1193,5.420963769663438e-18,0.0
DTXSID3033307,1193,,
DTXSID3033511,1193,0.0,0.0
DTXSID3033519,1193,1.7465945026835521e-12,0.0
DTXSID3033983,1193,0.0,0.0
DTXSID3033989,1193,8.234302405931734e-09,0.0
DTXSID3034113,1193,8.123012152101198e-09,0.0
DTXSID3034165,1193,1.3259273720218116e-12,0.0
DTXSID3034402,1193,0.0,0.0
DTXSID3034456,1193,6.810382031349213e-16,0.0
DTXSID3034531,1193,0.0,0.0
DTXSID3034583,1193,0.0,0.0
DTXSID3034612,1193,0.0,0.0
DTXSID3034614,1193,4.279984363469683e-10,0.0
DTXSID3034618,1193,2.717148115640645e-09,0.0
DTXSID3034662,1193,,
DTXSID3034664,1193,8.255081781660393e-09,0.0
DTXSID3034872,1193,1.2278095735011517e-10,0.0
DTXSID3034903,1193,4.297303835264108e-17,0.0
DTXSID3034957,1193,0.0,0.0
DTXSID3035214,1193,0.0,0.0
DTXSID3035266,1193,0.0,0.0
DTXSID3035341,1193,0.0,0.0
DTXSID3036105,1193,0.0,0.0
DTXSID3036286,1193,0.0,0.0
DTXSID3036288,1193,0.0,0.0
DTXSID3036496,1193,5.545642438529931e-09,0.0
DTXSID3036999,1193,0.0,0.0
DTXSID3037044,1193,1.5169537648296362e-06,0.0
DTXSID3037094,1193,,
DTXSID3037208,1193,0.0,0.0
DTXSID3037250,1193,1.0216394565508728e-11,0.0
DTXSID3037541,1193,0.0,0.0
DTXSID3037545,1193,0.0,0.0
DTXSID3037626,1193,2.64830425307645e-10,0.0
DTXSID3037672,1193,2.565496127445945e-16,0.0
DTXSID3037707,1193,0.0,0.0
DTXSID3037709,1193,0.0,0.0
DTXSID3037757,1193,0.0,0.0
DTXSID3038694,1193,9.615689248416792e-13,0.0
DTXSID3038696,1193,0.0,0.0
DTXSID3038725,1193,0.0,0.0
DTXSID3038800,1193,0.0,0.0
DTXSID3038808,1193,0.0,0.0
DTXSID3038852,1193,0.0,0.0
DTXSID3038939,1193,,
DTXSID3039240,1193,,
DTXSID3039242,1193,0.0,0.0
DTXSID3040271,1193,0.0,0.0
DTXSID3040279,1193,1.567394060034172e-13,0.0
DTXSID3040352,1193,,
DTXSID3040643,1193,0.0,0.0
DTXSID3040647,1193,0.0,0.0
DTXSID3040691,1193,0.0,0.0
DTXSID3040693,1193,3.01409776161921e-13,0.0
DTXSID3040697,1193,0.0,0.0
DTXSID3040699,1193,0.0,0.0
DTXSID3040720,1193,0.0,0.0
DTXSID3040722,1193,0.0,0.0
DTXSID3040724,1193,2.1793226939978393e-12,0.0
DTXSID3040726,1193,0.0,0.0
DTXSID3040728,1193,0.0,0.0
DTXSID3040770,1193,1.4876217904421774e-05,0.0
DTXSID3040774,1193,2.3544787722860054e-07,0.0
DTXSID3040776,1193,0.0,0.0
DTXSID3040980,1193,2.6670593478247096e-14,0.0
DTXSID3041085,1193,2.367400122716167e-12,0.0
DTXSID3041247,1193,0.0,0.0
DTXSID3041293,1193,0.0,0.0
DTXSID3041299,1193,1.664251379458133e-10,0.0
DTXSID3041328,1193,0.0,0.0
DTXSID3041370,1193,0.0,0.0
DTXSID3041372,1193,1.748557519211602e-14,0.0
DTXSID3041376,1193,0.0,0.0
DTXSID3041403,1193,0.0,0.0
DTXSID3041405,1193,0.0,0.0
DTXSID3041409,1193,0.0002365969185599516,0.0
DTXSID3041451,1193,2.1483132886259096e-12,0.0
DTXSID3041530,1193,4.446650663956362e-12,0.0
DTXSID3041580,1193,0.0,0.0
DTXSID3041611,1193,4.520855550415339e-06,0.0
DTXSID3041613,1193,2.505106822835116e-13,0.0
DTXSID3041615,1193,6.09048240123007e-13,0.0
DTXSID3041617,1193,,
DTXSID3041619,1193,5.4656894481410714e-09,0.0
DTXSID3041661,1193,0.0,0.0
DTXSID3041663,1193,3.958390788522625e-13,0.0
DTXSID3041665,1193,,
DTXSID3041790,1193,0.0,0.0
DTXSID3041794,1193,0.0,0.0
DTXSID3041827,1193,0.0,0.0
DTXSID3041873,1193,6.31465130140644e-11,0.0
DTXSID3041877,1193,0.0,0.0
DTXSID3041954,1193,0.0,0.0
DTXSID3042007,1193,0.0,0.0
DTXSID3042051,1193,0.0,0.0
DTXSID3042053,1193,0.0,0.0
DTXSID3042059,1193,0.0,0.0
DTXSID3042130,1193,0.0,0.0
DTXSID3042180,1193,0.00011728633953463308,0.0
DTXSID3042188,1193,0.05593858120182579,0.0
DTXSID3042215,1193,1.3258253917323498e-11,0.0
DTXSID3042219,1193,0.0,0.0
DTXSID3042261,1193,0.0,0.0
DTXSID3042263,1193,0.0,0.0
DTXSID3042269,1193,0.0,0.0
DTXSID3042390,1193,0.0,0.0
DTXSID3042394,1193,1.9047549167787953e-15,0.0
DTXSID3042423,1193,0.0,0.0
DTXSID3042477,1193,0.0,0.0
DTXSID3042500,1193,,
DTXSID3042508,1193,0.0,0.0
DTXSID3042631,1193,1.751823355256469e-14,0.0
DTXSID3042633,1193,0.0,0.0
DTXSID3042681,1193,6.467466312229159e-06,0.0
DTXSID3043734,1193,8.388421430285258e-12,0.0
DTXSID3043782,1193,0.0002080740284542732,0.0
DTXSID3044124,1193,9.07084343894202e-11,0.0
DTXSID3044201,1193,0.0,0.0
DTXSID3044203,1193,7.152188886916111e-11,0.0
DTXSID3044205,1193,1.3010056004796795e-12,0.0
DTXSID3044251,1193,0.0,0.0
DTXSID3044332,1193,1.7672782277071248e-15,0.0
DTXSID3044334,1193,7.579630924543363e-12,0.0
DTXSID3044380,1193,1.2526495833472633e-07,0.0
DTXSID3044382,1193,0.0,0.0
DTXSID3044384,1193,0.0,0.0
DTXSID3044388,1193,1.1784378278546529e-09,0.0
DTXSID3044411,1193,0.0,0.0
DTXSID3044413,1193,0.0,0.0
DTXSID3044463,1193,3.6846547078316974e-11,0.0
DTXSID3044465,1193,0.0,0.0
DTXSID3044469,1193,8.453167654542746e-13,0.0
DTXSID3044542,1193,8.634627917820407e-09,0.0
DTXSID3044544,1193,,
DTXSID3044590,1193,0.9997380760978589,1.0
DTXSID3044598,1193,3.8119097638161187e-13,0.0
DTXSID3044621,1193,0.0,0.0
DTXSID3044623,1193,0.0,0.0
DTXSID3044625,1193,0.0,0.0
DTXSID3044627,1193,0.0,0.0
DTXSID3044629,1193,0.0,0.0
DTXSID3044679,1193,0.0,0.0
DTXSID3044702,1193,5.909258444624528e-16,0.0
DTXSID3044704,1193,0.0,0.0
DTXSID3044706,1193,0.0,0.0
DTXSID3044750,1193,0.0,0.0
DTXSID3044752,1193,0.0,0.0
DTXSID3044754,1193,1.792639314927226e-12,0.0
DTXSID3044756,1193,8.69766299622617e-13,0.0
DTXSID3044758,1193,5.644239392680382e-07,0.0
DTXSID3044831,1193,0.0,0.0
DTXSID3044833,1193,0.0,0.0
DTXSID3044835,1193,4.798842241490612e-15,0.0
DTXSID3044837,1193,0.0,0.0
DTXSID3044839,1193,0.0,0.0
DTXSID3044881,1193,0.0,0.0
DTXSID3044883,1193,2.3006162494728483e-11,0.0
DTXSID3044887,1193,0.0,0.0
DTXSID3044910,1193,,
DTXSID3044914,1193,0.0,0.0
DTXSID3044916,1193,0.0,0.0
DTXSID3044918,1193,1.3718559002172759e-15,0.0
DTXSID3044960,1193,8.48270586534205e-07,0.0
DTXSID3044962,1193,6.988977135678057e-06,0.0
DTXSID3044966,1193,,
DTXSID3045140,1193,0.0,0.0
DTXSID3045144,1193,,
DTXSID3045190,1193,2.816953869710493e-15,0.0
DTXSID3045192,1193,0.0,0.0
DTXSID3045194,1193,0.0,0.0
DTXSID3045196,1193,0.0,0.0
DTXSID3045198,1193,0.0,0.0
DTXSID3045221,1193,0.0,0.0
DTXSID3045223,1193,0.0,0.0
DTXSID3045225,1193,0.0,0.0
DTXSID3045227,1193,1.6582454226426276e-14,0.0
DTXSID3045229,1193,0.0,0.0
DTXSID3045271,1193,8.622064558435349e-13,0.0
DTXSID3045300,1193,1.1630904959307593e-09,0.0
DTXSID3045304,1193,0.0,0.0
DTXSID3045306,1193,0.0,0.0
DTXSID3045350,1193,0.0,0.0
DTXSID3045352,1193,0.0,0.0
DTXSID3045354,1193,0.0,0.0
DTXSID3045356,1193,1.8476529617926658e-13,0.0
DTXSID3045433,1193,0.0,0.0
DTXSID3045435,1193,0.0,0.0
DTXSID3045437,1193,1.629398381804429e-14,0.0
DTXSID3045439,1193,0.0,0.0
DTXSID3045485,1193,0.0,0.0
DTXSID3045514,1193,1.019571921177474e-06,0.0
DTXSID3045560,1193,6.80429302220103e-11,0.0
DTXSID3045562,1193,0.0,0.0
DTXSID3045566,1193,4.8924521875669407e-11,0.0
DTXSID3045568,1193,0.0,0.0
DTXSID3045645,1193,0.0,0.0
DTXSID3045647,1193,0.0,0.0
DTXSID3045649,1193,0.0,0.0
DTXSID3045691,1193,8.674814430297517e-10,0.0
DTXSID3045693,1193,2.8832463348421543e-11,0.0
DTXSID3045695,1193,0.0,0.0
DTXSID3045697,1193,1.4149498743744383e-11,0.0
DTXSID3045699,1193,0.0,0.0
DTXSID3045770,1193,1.986869938779343e-16,0.0
DTXSID3045772,1193,0.0,0.0
DTXSID3045774,1193,0.0,0.0
DTXSID3045776,1193,0.0,0.0
DTXSID3045778,1193,0.0,0.0
DTXSID3045803,1193,0.0,0.0
DTXSID3045805,1193,0.0,0.0
DTXSID3045807,1193,,
DTXSID3045809,1193,0.0,0.0
DTXSID3045851,1193,9.67782359995808e-15,0.0
DTXSID3045855,1193,0.0,0.0
DTXSID3045857,1193,0.0,0.0
DTXSID3045859,1193,1.6318518032935313e-09,0.0
DTXSID3045930,1193,0.22115347860758786,0.0
DTXSID3045934,1193,,
DTXSID3045938,1193,1.4778527153957867e-09,0.0
DTXSID3045980,1193,0.0,0.0
DTXSID3045984,1193,0.0,0.0
DTXSID3045988,1193,0.0,0.0
DTXSID3046081,1193,0.0,0.0
DTXSID3046083,1193,0.0,0.0
DTXSID3046085,1193,2.3291634317550534e-12,0.0
DTXSID3046110,1193,0.0,0.0
DTXSID3046112,1193,3.595820040727816e-06,0.0
DTXSID3046114,1193,0.0,0.0
DTXSID3046116,1193,0.0,0.0
DTXSID3046118,1193,1.7653061771552254e-12,0.0
DTXSID3046160,1193,0.0,0.0
DTXSID3046162,1193,0.0,0.0
DTXSID3046164,1193,6.052350237522587e-12,0.0
DTXSID3046166,1193,0.0,0.0
DTXSID3046168,1193,0.0,0.0
DTXSID3046241,1193,0.0,0.0
DTXSID3046243,1193,1.9242526743931998e-08,0.0
DTXSID3046245,1193,0.0,0.0
DTXSID3046247,1193,8.727731603318078e-16,0.0
DTXSID3046249,1193,0.0,0.0
DTXSID3046291,1193,0.0,0.0
DTXSID3046295,1193,0.0,0.0
DTXSID3046297,1193,0.0,0.0
DTXSID3046299,1193,3.4480714738184843e-09,0.0
DTXSID3046320,1193,,
DTXSID3046322,1193,6.621964593841328e-05,0.0
DTXSID3046324,1193,0.0,0.0
DTXSID3046326,1193,0.0,0.0
DTXSID3046401,1193,0.0,0.0
DTXSID3046403,1193,0.0,0.0
DTXSID3046405,1193,3.3218534498623405e-19,0.0
DTXSID3046407,1193,0.0,0.0
DTXSID3046409,1193,0.0,0.0
DTXSID3046451,1193,0.0,0.0
DTXSID3046453,1193,2.8848699092096406e-17,0.0
DTXSID3046455,1193,6.2665831278985474e-12,0.0
DTXSID3046457,1193,0.0,0.0
DTXSID3046459,1193,0.0,0.0
DTXSID3046530,1193,0.0,0.0
DTXSID3046532,1193,0.0,0.0
DTXSID3046534,1193,0.0,0.0
DTXSID3046536,1193,0.0,0.0
DTXSID3046538,1193,0.0,0.0
DTXSID3046580,1193,3.099539684822787e-14,0.0
DTXSID3046584,1193,0.0,0.0
DTXSID3046586,1193,0.0,0.0
DTXSID3046588,1193,1.405295599401049e-10,0.0
DTXSID3046613,1193,0.0,0.0
DTXSID3046615,1193,0.0,0.0
DTXSID3046617,1193,0.0,0.0
DTXSID3046619,1193,,
DTXSID3046663,1193,0.0,0.0
DTXSID3046665,1193,,
DTXSID3046740,1193,0.0,0.0
DTXSID3046742,1193,0.0,0.0
DTXSID3046744,1193,4.1025105701777623e-13,0.0
DTXSID3046748,1193,0.0,0.0
DTXSID3046790,1193,0.0,0.0
DTXSID3046792,1193,,
DTXSID3046796,1193,9.993830042268327e-12,0.0
DTXSID3046798,1193,0.0,0.0
DTXSID3046821,1193,0.0,0.0
DTXSID3046823,1193,,
DTXSID3046825,1193,0.0,0.0
DTXSID3046827,1193,2.187090487445626e-09,0.0
DTXSID3046829,1193,0.0,0.0
DTXSID3046871,1193,0.0,0.0
DTXSID3046875,1193,0.0,0.0
DTXSID3046879,1193,0.0,0.0
DTXSID3046902,1193,0.0,0.0
DTXSID3046904,1193,9.698348443607893e-12,0.0
DTXSID3046906,1193,1.1369204323636358e-10,0.0
DTXSID3046908,1193,0.0,0.0
DTXSID3047001,1193,0.0,0.0
DTXSID3047003,1193,0.0,0.0
DTXSID3047051,1193,0.0,0.0
DTXSID3047053,1193,9.182768037071294e-15,0.0
DTXSID3047055,1193,0.0,0.0
DTXSID3047057,1193,0.0,0.0
DTXSID3047059,1193,0.0,0.0
DTXSID3047130,1193,9.684439745448249e-17,0.0
DTXSID3047132,1193,,
DTXSID3047134,1193,2.8349040501894313e-14,0.0
DTXSID3047136,1193,0.0,0.0
DTXSID3047138,1193,0.0,0.0
DTXSID3047180,1193,0.0,0.0
DTXSID3047182,1193,0.0,0.0
DTXSID3047184,1193,0.0,0.0
DTXSID3047186,1193,5.201409978706915e-15,0.0
DTXSID3047188,1193,0.0,0.0
DTXSID3047261,1193,0.0,0.0
DTXSID3047263,1193,0.0,0.0
DTXSID3047265,1193,0.0,0.0
DTXSID3047267,1193,0.0,0.0
DTXSID3047342,1193,,
DTXSID3047344,1193,0.0,0.0
DTXSID3047346,1193,0.0,0.0
DTXSID3047348,1193,0.0009404348795939492,0.0
DTXSID3047394,1193,2.2372491487461767e-06,0.0
DTXSID3047423,1193,0.0,0.0
DTXSID3047425,1193,0.0,0.0
DTXSID3047427,1193,0.0,0.0
DTXSID3047429,1193,0.0,0.0
DTXSID3047473,1193,0.0,0.0
DTXSID3047477,1193,0.0,0.0
DTXSID3047504,1193,0.0,0.0
DTXSID3047508,1193,0.0,0.0
DTXSID3047552,1193,0.0,0.0
DTXSID3047554,1193,0.0,0.0
DTXSID3047556,1193,0.0,0.0
DTXSID3047558,1193,,
DTXSID3047631,1193,0.0,0.0
DTXSID3047633,1193,4.159288534551465e-13,0.0
DTXSID3047637,1193,0.0,0.0
DTXSID3047639,1193,0.0,0.0
DTXSID3047681,1193,0.0,0.0
DTXSID3047683,1193,5.327834435539987e-12,0.0
DTXSID3047687,1193,1.0621689950136016e-09,0.0
DTXSID3047712,1193,0.0,0.0
DTXSID3047716,1193,6.816581234702441e-16,0.0
DTXSID3047843,1193,,
DTXSID3047845,1193,0.0,0.0
DTXSID3047847,1193,0.0,0.0
DTXSID3047849,1193,2.3966914139720903e-13,0.0
DTXSID3047891,1193,2.796694698903112e-11,0.0
DTXSID3047893,1193,0.0,0.0
DTXSID3047895,1193,,
DTXSID3047897,1193,1.2049993784598423e-16,0.0
DTXSID3047899,1193,2.209381515494528e-12,0.0
DTXSID3047920,1193,0.0,0.0
DTXSID3047922,1193,0.0,0.0
DTXSID3047924,1193,6.812247561255214e-13,0.0
DTXSID3047926,1193,,
DTXSID3047928,1193,0.0,0.0
DTXSID3047970,1193,0.0,0.0
DTXSID3047972,1193,0.0,0.0
DTXSID3047974,1193,,
DTXSID3048310,1193,0.0,0.0
DTXSID3048449,1193,0.0,0.0
DTXSID3048520,1193,0.0,0.0
DTXSID3048522,1193,0.0,0.0
DTXSID3048574,1193,0.0,0.0
DTXSID3048576,1193,0.0,0.0
DTXSID3048578,1193,0.0,0.0
DTXSID3048601,1193,1.1017771907556055e-09,0.0
DTXSID3048603,1193,0.0,0.0
DTXSID3048605,1193,2.0366037355058693e-12,0.0
DTXSID3048607,1193,5.2261712544949156e-17,0.0
DTXSID3048609,1193,0.0,0.0
DTXSID3048653,1193,,
DTXSID3048655,1193,0.0,0.0
DTXSID3048657,1193,0.04513474339510295,0.0
DTXSID3048659,1193,7.187559566969235e-17,0.0
DTXSID3048730,1193,0.0,0.0
DTXSID3048732,1193,0.0,0.0
DTXSID3048734,1193,0.0,0.0
DTXSID3048736,1193,2.018089186480812e-14,0.0
DTXSID3048738,1193,0.0,0.0
DTXSID3048780,1193,6.804234498358042e-14,0.0
DTXSID3048782,1193,0.0,0.0
DTXSID3048784,1193,0.0,0.0
DTXSID3048786,1193,,
DTXSID3048788,1193,0.0,0.0
DTXSID3048811,1193,3.0587660540117827e-09,0.0
DTXSID3048813,1193,0.0,0.0
DTXSID3048815,1193,1.0193264571170282e-13,0.0
DTXSID3048817,1193,0.0,0.0
DTXSID3048819,1193,0.0,0.0
DTXSID3048861,1193,0.0,0.0
DTXSID3048863,1193,0.0019569800941818703,0.0
DTXSID3048865,1193,0.0,0.0
DTXSID3048867,1193,0.0,0.0
DTXSID3048869,1193,0.0,0.0
DTXSID3048940,1193,0.0,0.0
DTXSID3048942,1193,0.0,0.0
DTXSID3048944,1193,0.0,0.0
DTXSID3048946,1193,2.1957679080013457e-11,0.0
DTXSID3048948,1193,1.2914681517273353e-10,0.0
DTXSID3048990,1193,0.0,0.0
DTXSID3048992,1193,0.0,0.0
DTXSID3048996,1193,,
DTXSID3048998,1193,0.0,0.0
DTXSID3049041,1193,0.0,0.0
DTXSID3049043,1193,0.16285969901823372,0.0
DTXSID3049045,1193,0.0,0.0
DTXSID3049047,1193,,
DTXSID3049049,1193,0.0,0.0
DTXSID3049201,1193,2.1543487599692281e-13,0.0
DTXSID3049203,1193,0.0,0.0
DTXSID3049205,1193,,
DTXSID3049207,1193,0.0,0.0
DTXSID3049209,1193,5.0686355555339445e-05,0.0
DTXSID3049251,1193,0.0,0.0
DTXSID3049253,1193,,
DTXSID3049255,1193,0.0,0.0
DTXSID3049257,1193,2.5035650702241994e-13,0.0
DTXSID3049259,1193,0.0,0.0
DTXSID3049330,1193,0.0,0.0
DTXSID3049332,1193,0.0,0.0
DTXSID3049334,1193,0.0,0.0
DTXSID3049336,1193,0.0,0.0
DTXSID3049338,1193,1.6224917165316166e-15,0.0
DTXSID3049380,1193,2.118521731482723e-12,0.0
DTXSID3049382,1193,0.0,0.0
DTXSID3049384,1193,0.0,0.0
DTXSID3049386,1193,3.524169413025072e-13,0.0
DTXSID3049388,1193,0.0,0.0
DTXSID3049411,1193,0.0,0.0
DTXSID3049413,1193,0.0,0.0
DTXSID3049415,1193,0.0,0.0
DTXSID3049417,1193,,
DTXSID3049419,1193,2.5582685155808848e-12,0.0
DTXSID3049461,1193,0.0,0.0
DTXSID3049463,1193,0.0,0.0
DTXSID3049465,1193,1.2552717888817052e-14,0.0
DTXSID3049467,1193,0.0,0.0
DTXSID3049469,1193,0.0,0.0
DTXSID3049540,1193,0.0,0.0
DTXSID3049542,1193,0.0,0.0
DTXSID3049544,1193,0.0,0.0
DTXSID3049546,1193,0.0,0.0
DTXSID3049548,1193,0.0,0.0
DTXSID4020032,1193,0.0,0.0
DTXSID4020038,1193,0.0,0.0
DTXSID4020086,1193,0.0,0.0
DTXSID4020088,1193,6.706336677545529e-08,0.0
DTXSID4020113,1193,2.547341272242885e-15,0.0
DTXSID4020115,1193,,
DTXSID4020117,1193,0.0,0.0
DTXSID4020119,1193,0.0,0.0
DTXSID4020161,1193,0.0,0.0
DTXSID4020167,1193,0.0,0.0
DTXSID4020240,1193,0.0,0.0
DTXSID4020242,1193,,
DTXSID4020244,1193,5.43938916791106e-13,0.0
DTXSID4020246,1193,0.0,0.0
DTXSID4020248,1193,5.628390855334891e-16,0.0
DTXSID4020290,1193,3.689316351505999e-11,0.0
DTXSID4020292,1193,0.0,0.0
DTXSID4020294,1193,0.0,0.0
DTXSID4020296,1193,0.0,0.0
DTXSID4020298,1193,0.0,0.0
DTXSID4020321,1193,4.2217137164737917e-11,0.0
DTXSID4020325,1193,0.0,0.0
DTXSID4020327,1193,0.0,0.0
DTXSID4020329,1193,0.0,0.0
DTXSID4020371,1193,0.0,0.0
DTXSID4020373,1193,0.0,0.0
DTXSID4020375,1193,0.0,0.0
DTXSID4020379,1193,5.6804750088764056e-11,0.0
DTXSID4020400,1193,0.0,0.0
DTXSID4020402,1193,2.926186920322589e-13,0.0
DTXSID4020406,1193,0.0,0.0
DTXSID4020450,1193,,
DTXSID4020452,1193,0.0,0.0
DTXSID4020458,1193,1.1122003290976237e-10,0.0
DTXSID4020533,1193,2.889350999910302e-14,0.0
DTXSID4020535,1193,,
DTXSID4020537,1193,1.557925827559805e-09,0.0
DTXSID4020539,1193,1.2403984651845737e-16,0.0
DTXSID4020581,1193,1.854534474902623e-11,0.0
DTXSID4020583,1193,0.0,0.0
DTXSID4020587,1193,0.0,0.0
DTXSID4020589,1193,1.5155614488715184e-06,0.0
DTXSID4020612,1193,4.352894219925643e-12,0.0
DTXSID4020614,1193,0.003817276246184855,0.0
DTXSID4020616,1193,9.671820302864517e-10,0.0
DTXSID4020618,1193,0.0,0.0
DTXSID4020664,1193,4.032094242120619e-12,0.0
DTXSID4020666,1193,5.644104003835574e-18,0.0
DTXSID4020668,1193,0.0,0.0
DTXSID4020743,1193,0.0,0.0
DTXSID4020745,1193,0.0,0.0
DTXSID4020749,1193,0.0,0.0
DTXSID4020791,1193,9.955880797729736e-07,0.0
DTXSID4020820,1193,2.402035324212338e-10,0.0
DTXSID4020822,1193,0.0,0.0
DTXSID4020826,1193,0.0,0.0
DTXSID4020828,1193,8.453081097002507e-08,0.0
DTXSID4020870,1193,,
DTXSID4020876,1193,,
DTXSID4020878,1193,0.0,0.0
DTXSID4020901,1193,0.0,0.0
DTXSID4020957,1193,0.0,0.0
DTXSID4020959,1193,0.0,0.0
DTXSID4021002,1193,1.0433836244691484e-13,0.0
DTXSID4021006,1193,0.0,0.0
DTXSID4021056,1193,0.0,0.0
DTXSID4021131,1193,0.0,0.0
DTXSID4021133,1193,0.0,0.0
DTXSID4021135,1193,0.0,0.0
DTXSID4021137,1193,0.0,0.0
DTXSID4021139,1193,1.5699983774664e-14,0.0
DTXSID4021181,1193,1.0476057600284969e-07,0.0
DTXSID4021185,1193,0.00012144511205862178,0.0
DTXSID4021189,1193,1.2599403280118133e-13,0.0
DTXSID4021212,1193,0.0,0.0
DTXSID4021214,1193,0.0,0.0
DTXSID4021216,1193,0.0,0.0
DTXSID4021218,1193,1.1290405561823779e-10,0.0
DTXSID4021260,1193,0.0,0.0
DTXSID4021264,1193,0.0,0.0
DTXSID4021268,1193,6.930993839975332e-19,0.0
DTXSID4021341,1193,,
DTXSID4021343,1193,0.0,0.0
DTXSID4021347,1193,8.578543454401937e-10,0.0
DTXSID4021391,1193,0.0,0.0
DTXSID4021393,1193,1.1038065540448139e-10,0.0
DTXSID4021395,1193,7.051118333313006e-12,0.0
DTXSID4021397,1193,0.0,0.0
DTXSID4021424,1193,5.4686422789333296e-11,0.0
DTXSID4021426,1193,0.0,0.0
DTXSID4021472,1193,0.0,0.0
DTXSID4021478,1193,0.0006903556367487348,0.0
DTXSID4021503,1193,3.3844522357042817e-18,0.0
DTXSID4021553,1193,1.0705054343943976e-14,0.0
DTXSID4021557,1193,0.0,0.0
DTXSID4021559,1193,,
DTXSID4021632,1193,1.1106306652049346e-17,0.0
DTXSID4021634,1193,5.29870066334556e-16,0.0
DTXSID4021636,1193,0.0,0.0
DTXSID4021638,1193,0.0,0.0
DTXSID4021680,1193,0.0,0.0
DTXSID4021684,1193,3.1267462978501784e-11,0.0
DTXSID4021688,1193,0.0,0.0
DTXSID4021715,1193,2.2406302785381276e-17,0.0
DTXSID4021717,1193,1.7818328542417453e-08,0.0
DTXSID4021761,1193,0.0,0.0
DTXSID4021767,1193,0.0,0.0
DTXSID4021769,1193,8.843580231113967e-17,0.0
DTXSID4021842,1193,0.0,0.0
DTXSID4021848,1193,2.3786166990464444e-13,0.0
DTXSID4021890,1193,0.0,0.0
DTXSID4021892,1193,7.673737735785109e-10,0.0
DTXSID4021894,1193,0.0,0.0
DTXSID4021921,1193,2.230809020616706e-19,0.0
DTXSID4021923,1193,0.0,0.0
DTXSID4021925,1193,1.343608638047442e-13,0.0
DTXSID4021929,1193,0.0,0.0
DTXSID4021971,1193,2.5090442179516242e-08,0.0
DTXSID4021975,1193,0.0,0.0
DTXSID4021977,1193,6.731470261155282e-12,0.0
DTXSID4021979,1193,0.0,0.0
DTXSID4022020,1193,3.471977320083499e-12,0.0
DTXSID4022070,1193,0.0,0.0
DTXSID4022107,1193,4.876866766877883e-12,0.0
DTXSID4022109,1193,0.0,0.0
DTXSID4022153,1193,0.0,0.0
DTXSID4022159,1193,0.0,0.0
DTXSID4022284,1193,0.0,0.0
DTXSID4022288,1193,0.0,0.0
DTXSID4022311,1193,4.741565380954398e-13,0.0
DTXSID4022315,1193,0.0,0.0
DTXSID4022361,1193,8.662857357996517e-08,0.0
DTXSID4022367,1193,9.887585167233025e-10,0.0
DTXSID4022369,1193,0.0,0.0
DTXSID4022442,1193,0.0025774185811253203,0.0
DTXSID4022446,1193,1.9216719479524426e-11,0.0
DTXSID4022448,1193,0.0,0.0
DTXSID4022521,1193,0.0,0.0
DTXSID4022523,1193,,
DTXSID4022525,1193,,
DTXSID4022527,1193,1.6361946062155913e-07,0.0
DTXSID4022529,1193,4.8419432068121e-14,0.0
DTXSID4022571,1193,0.0,0.0
DTXSID4022573,1193,0.0,0.0
DTXSID4022577,1193,,
DTXSID4022579,1193,7.658024666986671e-11,0.0
DTXSID4022602,1193,2.3734607200588805e-10,0.0
DTXSID4022652,1193,0.0,0.0
DTXSID4022658,1193,0.0,0.0
DTXSID4022731,1193,1.4612059372593497e-13,0.0
DTXSID4022735,1193,0.0,0.0
DTXSID4022783,1193,4.1876908080164187e-13,0.0
DTXSID4022785,1193,3.2523575603226704e-15,0.0
DTXSID4022789,1193,0.0,0.0
DTXSID4022810,1193,0.0,0.0
DTXSID4022812,1193,1.2135930121217712e-11,0.0
DTXSID4022814,1193,0.0,0.0
DTXSID4022816,1193,8.507640627749417e-07,0.0
DTXSID4022862,1193,0.0,0.0
DTXSID4022866,1193,3.571190240062613e-15,0.0
DTXSID4022868,1193,1.252993893351228e-16,0.0
DTXSID4022941,1193,2.843564370881967e-06,0.0
DTXSID4022947,1193,0.0,0.0
DTXSID4022949,1193,1.756086770948267e-10,0.0
DTXSID4022991,1193,0.0,0.0
DTXSID4022993,1193,0.0,0.0
DTXSID4022999,1193,3.915357916450222e-05,0.0
DTXSID4023042,1193,1.8424246319453006e-07,0.0
DTXSID4023044,1193,0.0,0.0
DTXSID4023094,1193,1.7311323702195606e-08,0.0
DTXSID4023096,1193,8.633865129108396e-10,0.0
DTXSID4023123,1193,4.318064891482314e-11,0.0
DTXSID4023125,1193,,
DTXSID4023171,1193,1.74646480384774e-11,0.0
DTXSID4023175,1193,0.0,0.0
DTXSID4023177,1193,0.0,0.0
DTXSID4023179,1193,5.007188823950726e-13,0.0
DTXSID4023200,1193,3.519016235994593e-07,0.0
DTXSID4023202,1193,1.1895064920241189e-09,0.0
DTXSID4023252,1193,0.0,0.0
DTXSID4023254,1193,0.0,0.0
DTXSID4023258,1193,2.829619247566805e-10,0.0
DTXSID4023333,1193,0.0,0.0
DTXSID4023381,1193,5.600997820425305e-10,0.0
DTXSID4023385,1193,0.0,0.0
DTXSID4023387,1193,0.0,0.0
DTXSID4023412,1193,8.547049480872073e-10,0.0
DTXSID4023414,1193,0.0,0.0
DTXSID4023416,1193,0.0,0.0
DTXSID4023460,1193,5.453163157756078e-09,0.0
DTXSID4023462,1193,0.0,0.0
DTXSID4023541,1193,0.0,0.0
DTXSID4023545,1193,0.0,0.0
DTXSID4023549,1193,0.0,0.0
DTXSID4023591,1193,5.950900338417341e-11,0.0
DTXSID4023593,1193,,
DTXSID4023595,1193,2.8349839323383774e-11,0.0
DTXSID4023622,1193,7.45499143399959e-09,0.0
DTXSID4023624,1193,6.702727306629858e-17,0.0
DTXSID4023628,1193,0.0,0.0
DTXSID4023670,1193,3.530036537612511e-14,0.0
DTXSID4023672,1193,7.948520248618687e-09,0.0
DTXSID4023674,1193,0.0,0.0
DTXSID4023676,1193,1.7933188731108203e-13,0.0
DTXSID4023678,1193,0.0,0.0
DTXSID4023701,1193,0.0,0.0
DTXSID4023753,1193,0.0,0.0
DTXSID4023917,1193,0.0,0.0
DTXSID4024012,1193,0.0,0.0
DTXSID4024014,1193,1.278161665533755e-13,0.0
DTXSID4024018,1193,3.150512786274757e-16,0.0
DTXSID4024062,1193,0.0,0.0
DTXSID4024064,1193,0.0,0.0
DTXSID4024066,1193,0.0,0.0
DTXSID4024143,1193,8.41734416958168e-15,0.0
DTXSID4024145,1193,0.0,0.0
DTXSID4024193,1193,0.0,0.0
DTXSID4024195,1193,0.0,0.0
DTXSID4024222,1193,0.0,0.0
DTXSID4024270,1193,5.039482983729799e-11,0.0
DTXSID4024272,1193,0.0,0.0
DTXSID4024274,1193,0.0,0.0
DTXSID4024276,1193,0.0,0.0
DTXSID4024303,1193,0.0,0.0
DTXSID4024359,1193,0.0,0.0
DTXSID4024436,1193,0.0,0.0
DTXSID4024484,1193,0.0,0.0
DTXSID4024488,1193,0.0,0.0
DTXSID4024515,1193,3.433514069552739e-13,0.0
DTXSID4024640,1193,3.619247347705884e-14,0.0
DTXSID4024642,1193,0.0,0.0
DTXSID4024644,1193,0.0,0.0
DTXSID4024646,1193,0.0,0.0
DTXSID4024690,1193,5.038055150398177e-14,0.0
DTXSID4024692,1193,0.0,0.0
DTXSID4024696,1193,0.0,0.0
DTXSID4024721,1193,6.590816626951474e-10,0.0
DTXSID4024729,1193,0.0,0.0
DTXSID4024771,1193,0.0,0.0
DTXSID4024773,1193,0.0,0.0
DTXSID4024775,1193,1.821083608387544e-13,0.0
DTXSID4024800,1193,4.7015497470685144e-11,0.0
DTXSID4024858,1193,0.0,0.0
DTXSID4024931,1193,0.0,0.0
DTXSID4024937,1193,0.0,0.0
DTXSID4024981,1193,1.4844124699686896e-11,0.0
DTXSID4024983,1193,0.00012677503863718718,0.0
DTXSID4024985,1193,0.0,0.0
DTXSID4025080,1193,0.0,0.0
DTXSID4025082,1193,0.0,0.0
DTXSID4025086,1193,0.0,0.0
DTXSID4025111,1193,0.0,0.0
DTXSID4025113,1193,0.0,0.0
DTXSID4025117,1193,0.0,0.0
DTXSID4025165,1193,2.7002824395733892e-14,0.0
DTXSID4025167,1193,0.0,0.0
DTXSID4025240,1193,0.0,0.0
DTXSID4025242,1193,7.30305890814831e-15,0.0
DTXSID4025292,1193,0.0,0.0
DTXSID4025296,1193,6.098094263114163e-11,0.0
DTXSID4025298,1193,3.0875090502047925e-12,0.0
DTXSID4025329,1193,0.0,0.0
DTXSID4025371,1193,0.0,0.0
DTXSID4025402,1193,0.0,0.0
DTXSID4025404,1193,0.0,0.0
DTXSID4025406,1193,0.0,0.0
DTXSID4025454,1193,1.3897153177181914e-14,0.0
DTXSID4025581,1193,0.0,0.0
DTXSID4025587,1193,0.0,0.0
DTXSID4025610,1193,4.683130625470215e-15,0.0
DTXSID4025612,1193,0.0,0.0
DTXSID4025662,1193,3.881708983131978e-13,0.0
DTXSID4025668,1193,0.0,0.0
DTXSID4025741,1193,0.0,0.0
DTXSID4025743,1193,0.0,0.0
DTXSID4025745,1193,5.216130137837468e-10,0.0
DTXSID4025749,1193,0.0,0.0
DTXSID4025791,1193,4.06360798289483e-13,0.0
DTXSID4025793,1193,0.0,0.0
DTXSID4025824,1193,,
DTXSID4025903,1193,0.0,0.0
DTXSID4026000,1193,0.0,0.0
DTXSID4026050,1193,0.0,0.0
DTXSID4026054,1193,0.0,0.0
DTXSID4026137,1193,0.0,0.0
DTXSID4026139,1193,0.0,0.0
DTXSID4026181,1193,0.0,0.0
DTXSID4026183,1193,7.57228347002545e-09,0.0
DTXSID4026212,1193,0.0,0.0
DTXSID4026214,1193,,
DTXSID4026262,1193,0.00011929602414556714,0.0
DTXSID4026266,1193,2.6077418440647134e-10,0.0
DTXSID4026268,1193,4.680041550627221e-12,0.0
DTXSID4026422,1193,0.0,0.0
DTXSID4026472,1193,4.4046667091470054e-10,0.0
DTXSID4026501,1193,0.0,0.0
DTXSID4026505,1193,0.0,0.0
DTXSID4026557,1193,0.0,0.0
DTXSID4026684,1193,4.4528168312820754e-09,0.0
DTXSID4026711,1193,0.0,0.0
DTXSID4026713,1193,1.0778246142361785e-15,0.0
DTXSID4026715,1193,0.0,0.0
DTXSID4026765,1193,0.0,0.0
DTXSID4026769,1193,0.0,0.0
DTXSID4026842,1193,3.653227603552103e-14,0.0
DTXSID4026894,1193,0.0,0.0
DTXSID4026921,1193,0.0,0.0
DTXSID4026927,1193,3.0691281491046553e-15,0.0
DTXSID4026975,1193,1.8091371064309598e-11,0.0
DTXSID4026979,1193,0.0,0.0
DTXSID4027072,1193,4.166927480432639e-10,0.0
DTXSID4027076,1193,0.0,0.0
DTXSID4027103,1193,3.271216842716429e-11,0.0
DTXSID4027109,1193,0.0,0.0
DTXSID4027153,1193,0.0,0.0
DTXSID4027159,1193,0.0,0.0
DTXSID4027234,1193,1.4296196569336935e-14,0.0
DTXSID4027236,1193,0.0,0.0
DTXSID4027280,1193,0.0,0.0
DTXSID4027282,1193,2.5778451459839844e-15,0.0
DTXSID4027284,1193,8.574041245202188e-12,0.0
DTXSID4027286,1193,1.2721850856218693e-05,0.0
DTXSID4027288,1193,6.371626080432108e-15,0.0
DTXSID4027319,1193,0.0,0.0
DTXSID4027361,1193,0.0,0.0
DTXSID4027367,1193,0.0,0.0
DTXSID4027490,1193,0.0,0.0
DTXSID4027494,1193,0.0,0.0
DTXSID4027496,1193,2.1628261307936377e-13,0.0
DTXSID4027498,1193,2.877954268831454e-14,0.0
DTXSID4027521,1193,0.0,0.0
DTXSID4027525,1193,1.1113531049057576e-15,0.0
DTXSID4027527,1193,,
DTXSID4027529,1193,2.002459150652478e-11,0.0
DTXSID4027577,1193,0.0,0.0
DTXSID4027579,1193,4.991270620724001e-10,0.0
DTXSID4027600,1193,1.4844746563658308e-15,0.0
DTXSID4027604,1193,5.997563887387311e-11,0.0
DTXSID4027608,1193,0.0,0.0
DTXSID4027650,1193,0.0,0.0
DTXSID4027652,1193,4.4951565778082575e-14,0.0
DTXSID4027656,1193,1.7644999202179392e-12,0.0
DTXSID4027658,1193,0.0,0.0
DTXSID4027781,1193,0.0,0.0
DTXSID4027866,1193,1.2255799724799424e-14,0.0
DTXSID4027868,1193,1.703196920111365e-12,0.0
DTXSID4027991,1193,0.0,0.0
DTXSID4027997,1193,8.275535642387961e-14,0.0
DTXSID4028040,1193,0.0,0.0
DTXSID4028460,1193,,
DTXSID4028880,1193,1.2978635531238395e-09,0.0
DTXSID4028967,1193,1.3227576393952732e-17,0.0
DTXSID4029062,1193,8.131102735708231e-13,0.0
DTXSID4029143,1193,0.0,0.0
DTXSID4029145,1193,0.0,0.0
DTXSID4029149,1193,0.0,0.0
DTXSID4029195,1193,0.0,0.0
DTXSID4029220,1193,0.0,0.0
DTXSID4029224,1193,0.0,0.0
DTXSID4029353,1193,1.4600621143337723e-10,0.0
DTXSID4029359,1193,7.539216354360482e-16,0.0
DTXSID4029565,1193,0.0,0.0
DTXSID4029690,1193,0.0,0.0
DTXSID4029692,1193,0.0,0.0
DTXSID4029698,1193,0.0,0.0
DTXSID4029806,1193,,
DTXSID4030047,1193,2.1775778497075897e-13,0.0
DTXSID4030336,1193,0.0,0.0
DTXSID4030384,1193,2.2239621951217535e-19,0.0
DTXSID4031356,1193,8.522878984930072e-11,0.0
DTXSID4031566,1193,0.0,0.0
DTXSID4031980,1193,0.0,0.0
DTXSID4032372,1193,2.4898582724816616e-09,0.0
DTXSID4032376,1193,1.1263503994858464e-14,0.0
DTXSID4032378,1193,0.0,0.0
DTXSID4032405,1193,0.0,0.0
DTXSID4032459,1193,0.0,0.0
DTXSID4032532,1193,1.3663003510125381e-13,0.0
DTXSID4032536,1193,1.931948184235958e-13,0.0
DTXSID4032580,1193,0.0,0.0
DTXSID4032611,1193,0.0,0.0
DTXSID4032613,1193,0.0,0.0
DTXSID4032615,1193,0.0,0.0
DTXSID4032619,1193,8.302608231843136e-15,0.0
DTXSID4032667,1193,0.0,0.0
DTXSID4032954,1193,0.0,0.0
DTXSID4033390,1193,0.0,0.0
DTXSID4034102,1193,0.0,0.0
DTXSID4034150,1193,0.5103534176568679,0.0
DTXSID4034287,1193,0.0,0.0
DTXSID4034497,1193,0.0,0.0
DTXSID4034528,1193,0.0,0.0
DTXSID4034576,1193,1.9863902259733758e-13,0.0
DTXSID4034601,1193,0.0,0.0
DTXSID4034609,1193,1.0202207175840257e-13,0.0
DTXSID4034653,1193,0.0,0.0
DTXSID4034948,1193,2.7710313407053414e-08,0.0
DTXSID4035209,1193,0.0,0.0
DTXSID4035542,1193,0.0,0.0
DTXSID4035592,1193,0.0,0.0
DTXSID4035708,1193,,
DTXSID4036229,1193,5.972943335220307e-12,0.0
DTXSID4036435,1193,0.0,0.0
DTXSID4036514,1193,3.619796109188641e-06,0.0
DTXSID4037580,1193,0.0,0.0
DTXSID4037582,1193,0.0,0.0
DTXSID4037584,1193,0.0,0.0
DTXSID4037617,1193,0.0,0.0
DTXSID4037748,1193,1.496184530813378e-13,0.0
DTXSID4038762,1193,0.0,0.0
DTXSID4038847,1193,0.0,0.0
DTXSID4038922,1193,,
DTXSID4038924,1193,0.0,0.0
DTXSID4038926,1193,0.0,0.0
DTXSID4039231,1193,0.0,0.0
DTXSID4039233,1193,0.0,0.0
DTXSID4039235,1193,0.0,0.0
DTXSID4039657,1193,0.0,0.0
DTXSID4040002,1193,0.0,0.0
DTXSID4040266,1193,8.624340849400629e-13,0.0
DTXSID4040268,1193,,
DTXSID4040343,1193,0.0,0.0
DTXSID4040395,1193,0.0,0.0
DTXSID4040476,1193,0.0,0.0
DTXSID4040682,1193,0.0,0.0
DTXSID4040684,1193,0.02287104392124463,0.0
DTXSID4040686,1193,0.0,0.0
DTXSID4040688,1193,2.167841376512441e-15,0.0
DTXSID4040711,1193,0.0,0.0
DTXSID4040713,1193,,
DTXSID4040715,1193,0.0,0.0
DTXSID4040719,1193,0.0,0.0
DTXSID4040765,1193,0.0,0.0
DTXSID4040767,1193,0.0,0.0
DTXSID4040979,1193,,
DTXSID4041070,1193,0.0,0.0
DTXSID4041074,1193,1.3997137131499075e-12,0.0
DTXSID4041153,1193,0.0,0.0
DTXSID4041230,1193,0.0,0.0
DTXSID4041232,1193,2.043023541125326e-14,0.0
DTXSID4041234,1193,0.0,0.0
DTXSID4041238,1193,0.0,0.0
DTXSID4041280,1193,0.0,0.0
DTXSID4041317,1193,0.0,0.0
DTXSID4041361,1193,4.713261769509667e-13,0.0
DTXSID4041363,1193,6.975692360150908e-15,0.0
DTXSID4041367,1193,,
DTXSID4041440,1193,0.0,0.0
DTXSID4041442,1193,3.4469527516691006e-11,0.0
DTXSID4041446,1193,0.0,0.0
DTXSID4041490,1193,0.0,0.0
DTXSID4041492,1193,0.0,0.0
DTXSID4041494,1193,0.0,0.0
DTXSID4041521,1193,1.7032875752485315e-12,0.0
DTXSID4041527,1193,0.0,0.0
DTXSID4041529,1193,2.859522583170198e-10,0.0
DTXSID4041573,1193,0.0,0.0
DTXSID4041575,1193,0.0,0.0
DTXSID4041600,1193,0.0,0.0
DTXSID4041604,1193,0.0,0.0
DTXSID4041654,1193,2.0399218481765257e-16,0.0
DTXSID4041656,1193,0.0,0.0
DTXSID4041783,1193,0.0,0.0
DTXSID4041818,1193,3.614251818920366e-06,0.0
DTXSID4041995,1193,0.0,0.0
DTXSID4041997,1193,0.0,0.0
DTXSID4042090,1193,,
DTXSID4042094,1193,0.0,0.0
DTXSID4042096,1193,0.0,0.0
DTXSID4042121,1193,0.0,0.0
DTXSID4042123,1193,,
DTXSID4042129,1193,,
DTXSID4042171,1193,0.0,0.0
DTXSID4042206,1193,,
DTXSID4042208,1193,4.4797826339349093e-10,0.0
DTXSID4042252,1193,,
DTXSID4042254,1193,0.0,0.0
DTXSID4042256,1193,0.0,0.0
DTXSID4042335,1193,0.0,0.0
DTXSID4042337,1193,0.0,0.0
DTXSID4042416,1193,0.0,0.0
DTXSID4042418,1193,0.0,0.0
DTXSID4042462,1193,0.0,0.0
DTXSID4042468,1193,7.393433912699785e-14,0.0
DTXSID4042622,1193,,
DTXSID4043777,1193,,
DTXSID4044161,1193,,
DTXSID4044371,1193,2.6565671399813527e-15,0.0
DTXSID4044373,1193,0.0,0.0
DTXSID4044375,1193,0.0,0.0
DTXSID4044379,1193,,
DTXSID4044400,1193,0.0,0.0
DTXSID4044402,1193,0.0,0.0
DTXSID4044404,1193,2.0025478174698617e-13,0.0
DTXSID4044408,1193,0.0,0.0
DTXSID4044450,1193,0.0,0.0
DTXSID4044452,1193,0.0,0.0
DTXSID4044454,1193,0.0,0.0
DTXSID4044456,1193,3.2840609996784317e-12,0.0
DTXSID4044458,1193,0.0,0.0
DTXSID4044533,1193,0.0,0.0
DTXSID4044535,1193,0.0,0.0
DTXSID4044537,1193,5.38421193562408e-10,0.0
DTXSID4044581,1193,0.0,0.0
DTXSID4044585,1193,5.3807107805817255e-08,0.0
DTXSID4044587,1193,1.1793311863209193e-11,0.0
DTXSID4044589,1193,4.700286560365911e-10,0.0
DTXSID4044616,1193,2.788481468455199e-10,0.0
DTXSID4044618,1193,0.0,0.0
DTXSID4044660,1193,0.0,0.0
DTXSID4044662,1193,6.35358100208211e-14,0.0
DTXSID4044664,1193,0.0,0.0
DTXSID4044668,1193,1.850849340807801e-08,0.0
DTXSID4044743,1193,6.688212589358458e-12,0.0
DTXSID4044745,1193,0.0,0.0
DTXSID4044747,1193,0.0,0.0
DTXSID4044791,1193,0.0,0.0
DTXSID4044793,1193,0.0,0.0
DTXSID4044799,1193,0.0,0.0
DTXSID4044820,1193,0.0,0.0
DTXSID4044822,1193,0.0,0.0
DTXSID4044824,1193,0.0,0.0
DTXSID4044826,1193,0.0,0.0
DTXSID4044828,1193,3.314201752565427e-09,0.0
DTXSID4044870,1193,0.0,0.0
DTXSID4044872,1193,,
DTXSID4044876,1193,6.234842450345121e-14,0.0
DTXSID4044878,1193,0.0,0.0
DTXSID4044901,1193,0.0,0.0
DTXSID4044903,1193,0.0,0.0
DTXSID4044905,1193,0.0,0.0
DTXSID4044909,1193,3.77011833328477e-14,0.0
DTXSID4044951,1193,0.0,0.0
DTXSID4044953,1193,0.0,0.0
DTXSID4044955,1193,8.473206437291019e-08,0.0
DTXSID4045002,1193,0.0,0.0
DTXSID4045131,1193,0.0,0.0
DTXSID4045133,1193,0.0,0.0
DTXSID4045139,1193,0.0,0.0
DTXSID4045181,1193,7.408908942114597e-06,0.0
DTXSID4045183,1193,3.996983254937834e-18,0.0
DTXSID4045187,1193,0.0,0.0
DTXSID4045189,1193,0.0,0.0
DTXSID4045210,1193,0.0,0.0
DTXSID4045216,1193,0.0,0.0
DTXSID4045262,1193,0.0,0.0
DTXSID4045341,1193,0.0,0.0
DTXSID4045343,1193,0.0,0.0
DTXSID4045345,1193,0.0,0.0
DTXSID4045347,1193,0.0,0.0
DTXSID4045391,1193,0.0,0.0
DTXSID4045393,1193,0.0,0.0
DTXSID4045399,1193,0.0,0.0
DTXSID4045420,1193,0.0,0.0
DTXSID4045422,1193,0.0,0.0
DTXSID4045424,1193,0.0,0.0
DTXSID4045428,1193,0.0,0.0
DTXSID4045472,1193,0.0,0.0
DTXSID4045474,1193,0.0,0.0
DTXSID4045476,1193,0.0,0.0
DTXSID4045478,1193,1.4449808515711547e-09,0.0
DTXSID4045551,1193,0.0,0.0
DTXSID4045555,1193,0.0,0.0
DTXSID4045557,1193,0.0,0.0
DTXSID4045559,1193,0.0,0.0
DTXSID4045630,1193,0.0,0.0
DTXSID4045632,1193,0.0,0.0
DTXSID4045636,1193,0.0,0.0
DTXSID4045638,1193,,
DTXSID4045680,1193,0.0,0.0
DTXSID4045682,1193,0.0,0.0
DTXSID4045686,1193,0.0,0.0
DTXSID4045688,1193,0.0,0.0
DTXSID4045711,1193,0.0,0.0
DTXSID4045763,1193,0.0,0.0
DTXSID4045765,1193,9.118566124132388e-12,0.0
DTXSID4045767,1193,0.0,0.0
DTXSID4045769,1193,3.926862168574248e-10,0.0
DTXSID4045846,1193,,
DTXSID4045848,1193,0.0,0.0
DTXSID4045890,1193,0.0,0.0
DTXSID4045892,1193,0.0,0.0
DTXSID4045896,1193,0.0,0.0
DTXSID4045898,1193,0.0,0.0
DTXSID4045921,1193,0.0,0.0
DTXSID4045925,1193,9.917807368275551e-19,0.0
DTXSID4045927,1193,0.0,0.0
DTXSID4045929,1193,1.2355027052643272e-14,0.0
DTXSID4045973,1193,0.0,0.0
DTXSID4045975,1193,0.0,0.0
DTXSID4045979,1193,0.0,0.0
DTXSID4046020,1193,0.0,0.0
DTXSID4046022,1193,0.0,0.0
DTXSID4046024,1193,7.891179837778487e-10,0.0
DTXSID4046076,1193,0.0,0.0
DTXSID4046078,1193,0.0,0.0
DTXSID4046101,1193,,
DTXSID4046103,1193,0.0,0.0
DTXSID4046107,1193,0.0,0.0
DTXSID4046109,1193,0.0,0.0
DTXSID4046151,1193,0.0,0.0
DTXSID4046153,1193,0.0,0.0
DTXSID4046155,1193,0.0,0.0
DTXSID4046157,1193,0.0,0.0
DTXSID4046159,1193,1.177223054820494e-14,0.0
DTXSID4046230,1193,0.0,0.0
DTXSID4046232,1193,0.0,0.0
DTXSID4046234,1193,0.0,0.0
DTXSID4046236,1193,0.0,0.0
DTXSID4046238,1193,0.0,0.0
DTXSID4046280,1193,2.3245543494020564e-16,0.0
DTXSID4046282,1193,0.0,0.0
DTXSID4046284,1193,0.9911234039174489,1.0
DTXSID4046286,1193,0.0,0.0
DTXSID4046288,1193,4.025514209909682e-09,0.0
DTXSID4046313,1193,0.0,0.0
DTXSID4046315,1193,0.0,0.0
DTXSID4046319,1193,2.8719873166440546e-08,0.0
DTXSID4046361,1193,3.9312229584818604e-08,0.0
DTXSID4046363,1193,0.09626625495751388,0.0
DTXSID4046440,1193,0.0,0.0
DTXSID4046442,1193,0.0,0.0
DTXSID4046444,1193,0.0,0.0
DTXSID4046446,1193,5.807788467964508e-13,0.0
DTXSID4046448,1193,0.08930439279626129,0.0
DTXSID4046490,1193,0.0,0.0
DTXSID4046492,1193,,
DTXSID4046494,1193,0.0,0.0
DTXSID4046498,1193,2.4132459680983335e-15,0.0
DTXSID4046521,1193,1.178789385934215e-15,0.0
DTXSID4046523,1193,0.0,0.0
DTXSID4046525,1193,3.5686215509711725e-11,0.0
DTXSID4046527,1193,0.0,0.0
DTXSID4046529,1193,0.0073665318297451024,0.0
DTXSID4046571,1193,0.0,0.0
DTXSID4046573,1193,0.0,0.0
DTXSID4046575,1193,3.093994484176272e-10,0.0
DTXSID4046577,1193,3.8904769664753015e-15,0.0
DTXSID4046579,1193,3.3453565949016047e-09,0.0
DTXSID4046600,1193,0.0,0.0
DTXSID4046602,1193,0.0,0.0
DTXSID4046604,1193,0.0,0.0
DTXSID4046606,1193,,
DTXSID4046608,1193,0.0,0.0
DTXSID4046652,1193,0.0,0.0
DTXSID4046654,1193,0.0,0.0
DTXSID4046656,1193,2.389504265024532e-17,0.0
DTXSID4046658,1193,,
DTXSID4046733,1193,3.083617240649467e-14,0.0
DTXSID4046735,1193,,
DTXSID4046737,1193,0.0,0.0
DTXSID4046739,1193,6.246380179622919e-12,0.0
DTXSID4046783,1193,0.0,0.0
DTXSID4046785,1193,0.0,0.0
DTXSID4046787,1193,8.25069366831855e-06,0.0
DTXSID4046810,1193,0.0,0.0
DTXSID4046812,1193,2.4437055132689974e-12,0.0
DTXSID4046814,1193,0.0,0.0
DTXSID4046816,1193,0.0,0.0
DTXSID4046818,1193,1.7663161318630766e-16,0.0
DTXSID4046862,1193,0.0,0.0
DTXSID4046864,1193,1.9852692679419094e-06,0.0
DTXSID4046866,1193,7.276976396733446e-14,0.0
DTXSID4046868,1193,0.0,0.0
DTXSID4046949,1193,0.0,0.0
DTXSID4046991,1193,0.0,0.0
DTXSID4046999,1193,1.6248694049495331e-12,0.0
DTXSID4047040,1193,1.8133647923702243e-09,0.0
DTXSID4047042,1193,4.586088954574946e-18,0.0
DTXSID4047044,1193,0.0,0.0
DTXSID4047046,1193,0.0,0.0
DTXSID4047090,1193,0.0,0.0
DTXSID4047092,1193,0.0,0.0
DTXSID4047094,1193,0.0,0.0
DTXSID4047096,1193,0.0,0.0
DTXSID4047098,1193,0.0,0.0
DTXSID4047121,1193,0.0,0.0
DTXSID4047123,1193,6.051160840724715e-17,0.0
DTXSID4047125,1193,3.398159887075995e-13,0.0
DTXSID4047127,1193,0.0,0.0
DTXSID4047129,1193,0.0,0.0
DTXSID4047173,1193,0.0,0.0
DTXSID4047177,1193,5.214830786732227e-19,0.0
DTXSID4047179,1193,0.0,0.0
DTXSID4047200,1193,6.264842555402806e-18,0.0
DTXSID4047202,1193,3.743232115364878e-06,0.0
DTXSID4047206,1193,0.0,0.0
DTXSID4047252,1193,3.0677171649387936e-07,0.0
DTXSID4047254,1193,5.972529229906319e-12,0.0
DTXSID4047258,1193,0.0,0.0
DTXSID4047331,1193,0.0,0.0
DTXSID4047333,1193,6.042766668217356e-17,0.0
DTXSID4047335,1193,7.22299228925367e-12,0.0
DTXSID4047337,1193,0.0,0.0
DTXSID4047339,1193,0.0,0.0
DTXSID4047381,1193,,
DTXSID4047383,1193,9.398237755489558e-08,0.0
DTXSID4047385,1193,0.0,0.0
DTXSID4047387,1193,0.0,0.0
DTXSID4047389,1193,2.6886182887516575e-13,0.0
DTXSID4047410,1193,5.595263589466489e-12,0.0
DTXSID4047412,1193,0.0,0.0
DTXSID4047414,1193,0.0,0.0
DTXSID4047416,1193,0.0,0.0
DTXSID4047418,1193,0.0,0.0
DTXSID4047462,1193,2.4302433575755706e-10,0.0
DTXSID4047464,1193,0.0,0.0
DTXSID4047466,1193,6.499965302365561e-13,0.0
DTXSID4047468,1193,0.0,0.0
DTXSID4047543,1193,0.0,0.0
DTXSID4047545,1193,0.0,0.0
DTXSID4047547,1193,0.0,0.0
DTXSID4047549,1193,2.761728797465522e-19,0.0
DTXSID4047591,1193,0.0,0.0
DTXSID4047593,1193,0.0,0.0
DTXSID4047597,1193,0.0,0.0
DTXSID4047599,1193,1.5656837160427995e-17,0.0
DTXSID4047622,1193,1.4399538298745953e-14,0.0
DTXSID4047624,1193,5.6431425471846045e-14,0.0
DTXSID4047628,1193,1.8643092416847344e-11,0.0
DTXSID4047670,1193,0.0,0.0
DTXSID4047672,1193,,
DTXSID4047674,1193,0.0,0.0
DTXSID4047678,1193,3.548387013885079e-13,0.0
DTXSID4047703,1193,0.0,0.0
DTXSID4047705,1193,0.0,0.0
DTXSID4047707,1193,1.1445953386875885e-12,0.0
DTXSID4047709,1193,,
DTXSID4047838,1193,0.0,0.0
DTXSID4047880,1193,2.3422832457589253e-12,0.0
DTXSID4047882,1193,4.264614032413808e-11,0.0
DTXSID4047884,1193,0.0,0.0
DTXSID4047886,1193,0.0,0.0
DTXSID4047888,1193,0.0,0.0
DTXSID4047911,1193,0.0,0.0
DTXSID4047913,1193,0.0,0.0
DTXSID4047915,1193,0.0,0.0
DTXSID4047917,1193,0.0,0.0
DTXSID4047919,1193,0.0,0.0
DTXSID4047961,1193,0.0,0.0
DTXSID4047963,1193,,
DTXSID4047965,1193,0.0,0.0
DTXSID4047967,1193,6.477259670565608e-14,0.0
DTXSID4047969,1193,0.0,0.0
DTXSID4048191,1193,0.0,0.0
DTXSID4048193,1193,0.0,0.0
DTXSID4048195,1193,1.1561217068139192e-13,0.0
DTXSID4048199,1193,0.0,0.0
DTXSID4048270,1193,0.0,0.0
DTXSID4048511,1193,,
DTXSID4048513,1193,,
DTXSID4048519,1193,,
DTXSID4048640,1193,0.0,0.0
DTXSID4048642,1193,4.368679804390119e-17,0.0
DTXSID4048644,1193,5.7919487371753554e-09,0.0
DTXSID4048646,1193,7.987184087270681e-15,0.0
DTXSID4048648,1193,7.145172963406067e-15,0.0
DTXSID4048690,1193,0.0,0.0
DTXSID4048692,1193,2.022721936779486e-07,0.0
DTXSID4048694,1193,0.0,0.0
DTXSID4048696,1193,1.8814723901544144e-14,0.0
DTXSID4048698,1193,,
DTXSID4048721,1193,0.0,0.0
DTXSID4048723,1193,0.0,0.0
DTXSID4048725,1193,4.3218431620430326e-14,0.0
DTXSID4048727,1193,0.0,0.0
DTXSID4048729,1193,0.0,0.0
DTXSID4048771,1193,0.0,0.0
DTXSID4048773,1193,0.0,0.0
DTXSID4048775,1193,0.0,0.0
DTXSID4048777,1193,7.704861757891969e-14,0.0
DTXSID4048779,1193,0.0,0.0
DTXSID4048800,1193,0.0,0.0
DTXSID4048802,1193,0.0,0.0
DTXSID4048804,1193,,
DTXSID4048806,1193,0.0,0.0
DTXSID4048808,1193,0.0,0.0
DTXSID4048850,1193,4.192819505997122e-15,0.0
DTXSID4048852,1193,0.0,0.0
DTXSID4048854,1193,0.0,0.0
DTXSID4048856,1193,2.891420306280362e-10,0.0
DTXSID4048858,1193,0.0,0.0
DTXSID4048931,1193,2.741615805268199e-12,0.0
DTXSID4048933,1193,0.0,0.0
DTXSID4048935,1193,0.0,0.0
DTXSID4048937,1193,0.0,0.0
DTXSID4048939,1193,0.0,0.0
DTXSID4048981,1193,0.0,0.0
DTXSID4048983,1193,0.0,0.0
DTXSID4048985,1193,,
DTXSID4048987,1193,0.0,0.0
DTXSID4049030,1193,0.0,0.0
DTXSID4049032,1193,0.0,0.0
DTXSID4049034,1193,9.45729366055893e-13,0.0
DTXSID4049036,1193,0.0,0.0
DTXSID4049038,1193,0.0,0.0
DTXSID4049080,1193,0.0,0.0
DTXSID4049082,1193,0.0,0.0
DTXSID4049240,1193,0.0,0.0
DTXSID4049242,1193,3.52185922376039e-11,0.0
DTXSID4049244,1193,2.511775166641855e-12,0.0
DTXSID4049246,1193,0.0,0.0
DTXSID4049248,1193,,
DTXSID4049290,1193,7.134230867140547e-15,0.0
DTXSID4049292,1193,1.9041794285361195e-14,0.0
DTXSID4049294,1193,0.0,0.0
DTXSID4049296,1193,0.0,0.0
DTXSID4049298,1193,,
DTXSID4049321,1193,1.246927740509656e-08,0.0
DTXSID4049323,1193,0.0,0.0
DTXSID4049325,1193,0.0,0.0
DTXSID4049327,1193,,
DTXSID4049329,1193,0.0,0.0
DTXSID4049371,1193,9.393548667590084e-16,0.0
DTXSID4049373,1193,0.0,0.0
DTXSID4049375,1193,0.0,0.0
DTXSID4049377,1193,0.0,0.0
DTXSID4049379,1193,0.0,0.0
DTXSID4049400,1193,0.0,0.0
DTXSID4049402,1193,3.4551582463311925e-12,0.0
DTXSID4049404,1193,0.0,0.0
DTXSID4049406,1193,8.860934660804324e-19,0.0
DTXSID4049408,1193,0.00016258455167134003,0.0
DTXSID4049450,1193,0.0,0.0
DTXSID4049452,1193,0.0,0.0
DTXSID4049454,1193,0.0,0.0
DTXSID4049456,1193,0.0,0.0
DTXSID4049458,1193,0.0,0.0
DTXSID4049531,1193,0.0,0.0
DTXSID4049533,1193,5.986077770387704e-18,0.0
DTXSID4049535,1193,0.0,0.0
DTXSID4049537,1193,0.0,0.0
DTXSID4049539,1193,0.0,0.0
DTXSID5020021,1193,0.0,0.0
DTXSID5020023,1193,0.0,0.0
DTXSID5020027,1193,0.0,0.0
DTXSID5020029,1193,1.222108698110541e-10,0.0
DTXSID5020071,1193,4.410760670326928e-18,0.0
DTXSID5020079,1193,0.0,0.0
DTXSID5020106,1193,2.419600389761755e-08,0.0
DTXSID5020108,1193,0.0,0.0
DTXSID5020152,1193,5.733637472765064e-17,0.0
DTXSID5020154,1193,7.510985361157016e-13,0.0
DTXSID5020156,1193,0.0,0.0
DTXSID5020231,1193,0.0,0.0
DTXSID5020233,1193,0.00030735137390984957,0.0
DTXSID5020235,1193,0.0,0.0
DTXSID5020239,1193,,
DTXSID5020281,1193,8.367755272689133e-13,0.0
DTXSID5020283,1193,0.0,0.0
DTXSID5020287,1193,9.894000583016611e-14,0.0
DTXSID5020310,1193,1.1736574852923196e-14,0.0
DTXSID5020312,1193,,
DTXSID5020314,1193,0.0,0.0
DTXSID5020360,1193,9.224153639860388e-16,0.0
DTXSID5020366,1193,0.0020825795465178533,0.0
DTXSID5020368,1193,1.3544244040844839e-05,0.0
DTXSID5020441,1193,0.0,0.0
DTXSID5020443,1193,0.0,0.0
DTXSID5020445,1193,9.997958982610643e-12,0.0
DTXSID5020447,1193,0.0,0.0
DTXSID5020449,1193,0.0,0.0
DTXSID5020491,1193,0.0,0.0
DTXSID5020493,1193,0.0,0.0
DTXSID5020497,1193,0.0,0.0
DTXSID5020499,1193,3.891257433404603e-15,0.0
DTXSID5020520,1193,1.5065602262870647e-10,0.0
DTXSID5020528,1193,2.911797396589497e-16,0.0
DTXSID5020570,1193,0.0,0.0
DTXSID5020572,1193,0.0,0.0
DTXSID5020576,1193,0.08169774570739469,0.0
DTXSID5020601,1193,0.0,0.0
DTXSID5020603,1193,1.6521248069516843e-10,0.0
DTXSID5020605,1193,0.0,0.0
DTXSID5020607,1193,0.0,0.0
DTXSID5020653,1193,,
DTXSID5020659,1193,0.0,0.0
DTXSID5020730,1193,1.0464151580616558e-15,0.0
DTXSID5020732,1193,4.364822972516754e-15,0.0
DTXSID5020738,1193,0.0,0.0
DTXSID5020782,1193,4.562395978460319e-13,0.0
DTXSID5020784,1193,1.663822393435606e-05,0.0
DTXSID5020811,1193,,
DTXSID5020813,1193,,
DTXSID5020815,1193,9.331973735144646e-17,0.0
DTXSID5020819,1193,0.0,0.0
DTXSID5020861,1193,,
DTXSID5020863,1193,0.0,0.0
DTXSID5020865,1193,0.0,0.0
DTXSID5020867,1193,5.040015352395033e-17,0.0
DTXSID5020869,1193,5.894585729202403e-16,0.0
DTXSID5020944,1193,0.0,0.0
DTXSID5020946,1193,,
DTXSID5020948,1193,8.883217826201357e-14,0.0
DTXSID5021093,1193,0.0,0.0
DTXSID5021097,1193,5.841106903035888e-12,0.0
DTXSID5021120,1193,,
DTXSID5021122,1193,6.285304993261502e-16,0.0
DTXSID5021124,1193,8.168767377067563e-12,0.0
DTXSID5021126,1193,2.5442335122778575e-11,0.0
DTXSID5021128,1193,0.0,0.0
DTXSID5021170,1193,4.038946432367805e-11,0.0
DTXSID5021174,1193,2.1288755440327952e-10,0.0
DTXSID5021201,1193,9.066355295483769e-10,0.0
DTXSID5021209,1193,3.537480850856728e-13,0.0
DTXSID5021251,1193,0.0,0.0
DTXSID5021253,1193,0.0,0.0
DTXSID5021255,1193,5.665000556695999e-15,0.0
DTXSID5021330,1193,0.0,0.0
DTXSID5021332,1193,1.9454587971192853e-06,0.0
DTXSID5021334,1193,1.3519579778683473e-15,0.0
DTXSID5021336,1193,1.3477121268313223e-14,0.0
DTXSID5021338,1193,2.7879921794724004e-09,0.0
DTXSID5021380,1193,0.0,0.0
DTXSID5021384,1193,0.0,0.0
DTXSID5021386,1193,0.0,0.0
DTXSID5021388,1193,4.670575902279759e-18,0.0
DTXSID5021411,1193,0.0,0.0
DTXSID5021413,1193,0.0,0.0
DTXSID5021415,1193,0.0,0.0
DTXSID5021419,1193,0.0,0.0
DTXSID5021461,1193,0.0,0.0
DTXSID5021463,1193,,
DTXSID5021544,1193,0.0,0.0
DTXSID5021546,1193,0.0,0.0
DTXSID5021590,1193,2.1669691622960956e-17,0.0
DTXSID5021598,1193,0.0,0.0
DTXSID5021621,1193,0.0,0.0
DTXSID5021627,1193,1.692678563195199e-09,0.0
DTXSID5021629,1193,0.0,0.0
DTXSID5021671,1193,0.0,0.0
DTXSID5021679,1193,0.0,0.0
DTXSID5021708,1193,0.0,0.0
DTXSID5021752,1193,5.816921907053407e-11,0.0
DTXSID5021754,1193,0.0,0.0
DTXSID5021756,1193,0.0,0.0
DTXSID5021758,1193,0.0,0.0
DTXSID5021831,1193,0.0,0.0
DTXSID5021835,1193,0.0,0.0
DTXSID5021837,1193,9.538027405313851e-13,0.0
DTXSID5021839,1193,0.0,0.0
DTXSID5021881,1193,0.0,0.0
DTXSID5021883,1193,0.0,0.0
DTXSID5021885,1193,1.1733184163866257e-09,0.0
DTXSID5021889,1193,1.851257315206277e-14,0.0
DTXSID5021914,1193,1.930199654912535e-09,0.0
DTXSID5021916,1193,4.383347591328792e-09,0.0
DTXSID5021962,1193,0.0,0.0
DTXSID5021968,1193,0.0,0.0
DTXSID5022061,1193,7.240687793175175e-14,0.0
DTXSID5022194,1193,0.0,0.0
DTXSID5022227,1193,0.0,0.0
DTXSID5022279,1193,2.0661793338750676e-11,0.0
DTXSID5022306,1193,4.849462580903621e-14,0.0
DTXSID5022308,1193,,
DTXSID5022437,1193,,
DTXSID5022439,1193,0.0,0.0
DTXSID5022481,1193,0.0,0.0
DTXSID5022485,1193,0.0,0.0
DTXSID5022489,1193,1.060615934415732e-11,0.0
DTXSID5022510,1193,7.062836803533704e-16,0.0
DTXSID5022560,1193,0.0,0.0
DTXSID5022562,1193,0.0,0.0
DTXSID5022641,1193,0.0,0.0
DTXSID5022643,1193,0.0,0.0
DTXSID5022647,1193,0.0,0.0
DTXSID5022649,1193,0.0,0.0
DTXSID5022699,1193,0.0,0.0
DTXSID5022722,1193,,
DTXSID5022724,1193,1.7408572754854451e-12,0.0
DTXSID5022774,1193,3.8266607816181755e-14,0.0
DTXSID5022801,1193,0.9999579364300041,1.0
DTXSID5022803,1193,1.1967388239782985e-15,0.0
DTXSID5022851,1193,0.0,0.0
DTXSID5022855,1193,1.8505293615957814e-09,0.0
DTXSID5022857,1193,3.4383150144786065e-16,0.0
DTXSID5022932,1193,2.8173446252916306e-05,0.0
DTXSID5022934,1193,8.21157074461274e-13,0.0
DTXSID5022938,1193,1.4713000572629866e-07,0.0
DTXSID5022980,1193,4.671615350506259e-06,0.0
DTXSID5022982,1193,0.0,0.0
DTXSID5022984,1193,0.0,0.0
DTXSID5022986,1193,0.0,0.0
DTXSID5023031,1193,0.0,0.0
DTXSID5023033,1193,0.0,0.0
DTXSID5023035,1193,1.1570778833155234e-13,0.0
DTXSID5023037,1193,0.0,0.0
DTXSID5023039,1193,0.0,0.0
DTXSID5023081,1193,0.0,0.0
DTXSID5023085,1193,0.0,0.0
DTXSID5023089,1193,0.0,0.0
DTXSID5023110,1193,,
DTXSID5023114,1193,0.0,0.0
DTXSID5023166,1193,0.0,0.0
DTXSID5023243,1193,6.646869837944108e-12,0.0
DTXSID5023247,1193,0.0,0.0
DTXSID5023293,1193,1.4449873046850124e-13,0.0
DTXSID5023295,1193,0.0,0.0
DTXSID5023322,1193,0.015313866538204194,0.0
DTXSID5023324,1193,0.0,0.0
DTXSID5023370,1193,0.024130427041349385,0.0
DTXSID5023372,1193,0.0,0.0
DTXSID5023376,1193,0.0,0.0
DTXSID5023378,1193,0.0,0.0
DTXSID5023453,1193,0.0,0.0
DTXSID5023532,1193,0.0,0.0
DTXSID5023536,1193,0.0,0.0
DTXSID5023582,1193,7.952062037251588e-08,0.0
DTXSID5023584,1193,3.4106031634096147e-06,0.0
DTXSID5023586,1193,0.0,0.0
DTXSID5023588,1193,0.0,0.0
DTXSID5023611,1193,7.393460215611402e-14,0.0
DTXSID5023613,1193,0.0,0.0
DTXSID5023615,1193,0.0,0.0
DTXSID5023661,1193,0.0,0.0
DTXSID5023665,1193,2.2150898859593805e-13,0.0
DTXSID5023667,1193,0.0,0.0
DTXSID5023669,1193,0.0,0.0
DTXSID5023740,1193,6.854806707882637e-07,0.0
DTXSID5023742,1193,1.0809273786641977e-11,0.0
DTXSID5023744,1193,0.0,0.0
DTXSID5023746,1193,,
DTXSID5023748,1193,0.0,0.0
DTXSID5023792,1193,3.30371704414556e-13,0.0
DTXSID5023794,1193,5.227300865342333e-10,0.0
DTXSID5023796,1193,8.83980551596372e-16,0.0
DTXSID5023825,1193,0.0,0.0
DTXSID5023871,1193,0.0,0.0
DTXSID5023875,1193,2.2525839861147874e-11,0.0
DTXSID5023877,1193,0.0,0.0
DTXSID5023900,1193,0.0,0.0
DTXSID5023902,1193,9.886201138245604e-11,0.0
DTXSID5023908,1193,1.457329288775032e-15,0.0
DTXSID5023950,1193,3.3452732960130513e-09,0.0
DTXSID5023954,1193,,
DTXSID5024001,1193,0.0,0.0
DTXSID5024051,1193,0.0,0.0
DTXSID5024055,1193,0.0,0.0
DTXSID5024057,1193,0.0,0.0
DTXSID5024059,1193,0.0,0.0
DTXSID5024182,1193,0.0,0.0
DTXSID5024211,1193,1.6830599951385999e-12,0.0
DTXSID5024261,1193,0.0,0.0
DTXSID5024263,1193,5.516929316202638e-11,0.0
DTXSID5024269,1193,,
DTXSID5024344,1193,3.8777006180557016e-10,0.0
DTXSID5024346,1193,0.0,0.0
DTXSID5024392,1193,3.6978594189925743e-10,0.0
DTXSID5024394,1193,4.752905498557536e-18,0.0
DTXSID5024471,1193,0.0,0.0
DTXSID5024473,1193,1.071092287899513e-11,0.0
DTXSID5024479,1193,0.0,0.0
DTXSID5024500,1193,0.0,0.0
DTXSID5024504,1193,9.385350117709945e-16,0.0
DTXSID5024506,1193,1.3278084543907208e-12,0.0
DTXSID5024508,1193,3.670988129062104e-15,0.0
DTXSID5024554,1193,1.2315794751090201e-11,0.0
DTXSID5024637,1193,0.0,0.0
DTXSID5024639,1193,0.0,0.0
DTXSID5024681,1193,3.5986036537500917e-12,0.0
DTXSID5024683,1193,1.1240738068345611e-14,0.0
DTXSID5024687,1193,0.0,0.0
DTXSID5024710,1193,0.0,0.0
DTXSID5024764,1193,1.718722041172767e-14,0.0
DTXSID5024845,1193,0.0,0.0
DTXSID5024891,1193,0.0,0.0
DTXSID5024922,1193,0.0,0.0
DTXSID5024926,1193,0.0,0.0
DTXSID5024970,1193,0.0,0.0
DTXSID5024976,1193,0.0,0.0
DTXSID5024978,1193,0.0,0.0
DTXSID5025021,1193,0.0,0.0
DTXSID5025023,1193,0.0,0.0
DTXSID5025071,1193,0.0,0.0
DTXSID5025079,1193,0.0,0.0
DTXSID5025100,1193,0.0,0.0
DTXSID5025102,1193,0.0,0.0
DTXSID5025150,1193,4.107549205604261e-09,0.0
DTXSID5025152,1193,0.0,0.0
DTXSID5025156,1193,0.0,0.0
DTXSID5025231,1193,0.0,0.0
DTXSID5025237,1193,1.3319457527557026e-14,0.0
DTXSID5025285,1193,0.0,0.0
DTXSID5025310,1193,0.0,0.0
DTXSID5025312,1193,0.0,0.0
DTXSID5025318,1193,1.854124729131706e-15,0.0
DTXSID5025364,1193,1.2278171156127023e-13,0.0
DTXSID5025447,1193,0.0,0.0
DTXSID5025449,1193,2.4587147434445856e-15,0.0
DTXSID5025491,1193,5.5525618416140416e-09,0.0
DTXSID5025570,1193,3.0497634969818763e-16,0.0
DTXSID5025572,1193,7.296286945033882e-07,0.0
DTXSID5025574,1193,8.385818832908295e-13,0.0
DTXSID5025603,1193,0.0,0.0
DTXSID5025607,1193,4.66194158336488e-12,0.0
DTXSID5025609,1193,0.0,0.0
DTXSID5025653,1193,0.0,0.0
DTXSID5025657,1193,0.0,0.0
DTXSID5025659,1193,0.0,0.0
DTXSID5025730,1193,0.0,0.0
DTXSID5025732,1193,0.0,0.0
DTXSID5025738,1193,5.708002756971364e-16,0.0
DTXSID5025811,1193,4.1181920213041775e-13,0.0
DTXSID5025815,1193,7.82218446830597e-07,0.0
DTXSID5025819,1193,0.0,0.0
DTXSID5025861,1193,0.0,0.0
DTXSID5025863,1193,0.0,0.0
DTXSID5025948,1193,0.0,0.0
DTXSID5025998,1193,,
DTXSID5026049,1193,0.0,0.0
DTXSID5026091,1193,1.0278711244364977e-12,0.0
DTXSID5026097,1193,0.0,0.0
DTXSID5026120,1193,1.6886082075169889e-12,0.0
DTXSID5026122,1193,0.0,0.0
DTXSID5026124,1193,0.0,0.0
DTXSID5026174,1193,0.0,0.0
DTXSID5026178,1193,1.5318393665461107e-15,0.0
DTXSID5026203,1193,1.2638967139627354e-15,0.0
DTXSID5026205,1193,9.859852942796823e-19,0.0
DTXSID5026207,1193,,
DTXSID5026209,1193,1.5490618760119453e-09,0.0
DTXSID5026251,1193,1.3508689703451427e-08,0.0
DTXSID5026259,1193,2.1725834997723024e-07,0.0
DTXSID5026461,1193,0.0,0.0
DTXSID5026544,1193,2.061008409323467e-14,0.0
DTXSID5026548,1193,0.0,0.0
DTXSID5026623,1193,5.674810133597494e-17,0.0
DTXSID5026625,1193,0.0,0.0
DTXSID5026702,1193,0.0,0.0
DTXSID5026706,1193,2.4242986897175062e-11,0.0
DTXSID5026837,1193,0.0,0.0
DTXSID5026881,1193,0.0,0.0
DTXSID5026889,1193,4.8315729366875063e-14,0.0
DTXSID5026912,1193,3.1229982947485052e-15,0.0
DTXSID5026914,1193,2.256500299551064e-08,0.0
DTXSID5026918,1193,1.3026305200878525e-14,0.0
DTXSID5027019,1193,0.0,0.0
DTXSID5027061,1193,5.289658421309757e-10,0.0
DTXSID5027063,1193,0.0,0.0
DTXSID5027069,1193,8.109651243019252e-10,0.0
DTXSID5027142,1193,2.41130931760546e-16,0.0
DTXSID5027146,1193,1.039194028560909e-11,0.0
DTXSID5027148,1193,1.2372405212729217e-13,0.0
DTXSID5027198,1193,0.0,0.0
DTXSID5027223,1193,0.0,0.0
DTXSID5027227,1193,0.0,0.0
DTXSID5027229,1193,3.132619011917583e-15,0.0
DTXSID5027279,1193,2.814229359909672e-08,0.0
DTXSID5027300,1193,4.7443426866044744e-11,0.0
DTXSID5027302,1193,0.0,0.0
DTXSID5027304,1193,6.514086042613582e-06,0.0
DTXSID5027308,1193,4.662610921305995e-10,0.0
DTXSID5027352,1193,6.240047472445075e-15,0.0
DTXSID5027356,1193,1.74039914793498e-13,0.0
DTXSID5027358,1193,3.3952543031005978e-15,0.0
DTXSID5027433,1193,1.2822895201403272e-08,0.0
DTXSID5027487,1193,0.0,0.0
DTXSID5027489,1193,0.00020978893313966705,0.0
DTXSID5027512,1193,2.2561958370619647e-12,0.0
DTXSID5027518,1193,9.889383690617939e-16,0.0
DTXSID5027641,1193,0.0,0.0
DTXSID5027647,1193,0.0,0.0
DTXSID5027728,1193,8.600204406263192e-10,0.0
DTXSID5027770,1193,4.048004178533478e-15,0.0
DTXSID5027772,1193,0.0,0.0
DTXSID5027774,1193,0.0,0.0
DTXSID5027803,1193,0.0,0.0
DTXSID5027805,1193,0.0,0.0
DTXSID5027851,1193,0.0,0.0
DTXSID5027857,1193,0.0,0.0
DTXSID5027932,1193,8.960657065571408e-07,0.0
DTXSID5027936,1193,0.0,0.0
DTXSID5027982,1193,0.0,0.0
DTXSID5028033,1193,0.0,0.0
DTXSID5028114,1193,0.0,0.0
DTXSID5028665,1193,5.597722329197366e-17,0.0
DTXSID5029055,1193,,
DTXSID5029059,1193,3.5645306529504033e-12,0.0
DTXSID5029136,1193,0.0,0.0
DTXSID5029182,1193,5.3402553467469745e-14,0.0
DTXSID5029184,1193,0.0,0.0
DTXSID5029186,1193,0.0,0.0
DTXSID5029211,1193,0.0,0.0
DTXSID5029217,1193,0.0,0.0
DTXSID5029263,1193,0.0,0.0
DTXSID5029265,1193,0.0,0.0
DTXSID5029267,1193,1.6433635866327243e-07,0.0
DTXSID5029683,1193,9.038685153021084e-11,0.0
DTXSID5029710,1193,0.0,0.0
DTXSID5029762,1193,,
DTXSID5030955,1193,7.768236912265324e-16,0.0
DTXSID5031131,1193,1.3952155782484696e-12,0.0
DTXSID5031133,1193,0.0,0.0
DTXSID5031210,1193,0.0,0.0
DTXSID5031428,1193,4.5631262152954974e-10,0.0
DTXSID5032020,1193,0.0,0.0
DTXSID5032315,1193,,
DTXSID5032361,1193,0.0,0.0
DTXSID5032365,1193,0.0,0.0
DTXSID5032442,1193,0.0,0.0
DTXSID5032498,1193,,
DTXSID5032523,1193,0.0,0.0
DTXSID5032525,1193,0.0,0.0
DTXSID5032573,1193,1.303906975800293e-12,0.0
DTXSID5032577,1193,2.9367469571005033e-05,0.0
DTXSID5032579,1193,0.0,0.0
DTXSID5032600,1193,5.51498605264313e-18,0.0
DTXSID5032654,1193,0.0,0.0
DTXSID5033096,1193,0.0,0.0
DTXSID5033098,1193,6.561498268903887e-14,0.0
DTXSID5033179,1193,0.0,0.0
DTXSID5033389,1193,7.319849969719134e-10,0.0
DTXSID5033468,1193,,
DTXSID5033595,1193,0.0,0.0
DTXSID5033674,1193,0.0,0.0
DTXSID5033701,1193,0.0,0.0
DTXSID5033757,1193,0.0,0.0
DTXSID5033836,1193,8.698464513989604e-10,0.0
DTXSID5034270,1193,0.0,0.0
DTXSID5034303,1193,3.5623294329377756e-16,0.0
DTXSID5034355,1193,0.0,0.0
DTXSID5034357,1193,0.0,0.0
DTXSID5034698,1193,0.005283750420587289,0.0
DTXSID5034723,1193,0.0,0.0
DTXSID5034729,1193,0.0,0.0
DTXSID5034773,1193,0.0,0.0
DTXSID5034981,1193,,
DTXSID5035163,1193,4.928664700015452e-11,0.0
DTXSID5035589,1193,,
DTXSID5035616,1193,0.0,0.0
DTXSID5035957,1193,,
DTXSID5036684,1193,0.0,0.0
DTXSID5037028,1193,,
DTXSID5037072,1193,0.0,0.0
DTXSID5037236,1193,2.3536499225258393e-10,0.0
DTXSID5037494,1193,0.0,0.0
DTXSID5037498,1193,0.0,0.0
DTXSID5037523,1193,0.0,0.0
DTXSID5037527,1193,0.0,0.0
DTXSID5037571,1193,0.0,0.0
DTXSID5037577,1193,,
DTXSID5037579,1193,0.0,0.0
DTXSID5037731,1193,,
DTXSID5037739,1193,1.0352683261914137e-16,0.0
DTXSID5038830,1193,0.0,0.0
DTXSID5038888,1193,,
DTXSID5039224,1193,,
DTXSID5039721,1193,,
DTXSID5040413,1193,,
DTXSID5040461,1193,,
DTXSID5040465,1193,1.5900892259963227e-06,0.0
DTXSID5040540,1193,0.0,0.0
DTXSID5040625,1193,0.10558388055979487,0.0
DTXSID5040675,1193,2.0088012795222345e-13,0.0
DTXSID5040679,1193,2.445638679804935e-12,0.0
DTXSID5040700,1193,0.0,0.0
DTXSID5040702,1193,0.0,0.0
DTXSID5040708,1193,0.0,0.0
DTXSID5040750,1193,,
DTXSID5040758,1193,,
DTXSID5041148,1193,0.0,0.0
DTXSID5041190,1193,6.310422030961818e-14,0.0
DTXSID5041273,1193,2.3675558868126993e-13,0.0
DTXSID5041275,1193,2.3385887821684355e-05,0.0
DTXSID5041279,1193,0.0,0.0
DTXSID5041302,1193,0.0,0.0
DTXSID5041306,1193,0.0,0.0
DTXSID5041308,1193,0.0,0.0
DTXSID5041356,1193,0.0,0.0
DTXSID5041431,1193,0.0,0.0
DTXSID5041437,1193,2.3110026330569915e-13,0.0
DTXSID5041439,1193,0.0,0.0
DTXSID5041487,1193,0.0,0.0
DTXSID5041512,1193,0.0,0.0
DTXSID5041514,1193,0.0,0.0
DTXSID5041516,1193,1.0623071191458438e-08,0.0
DTXSID5041518,1193,2.0101970650839963e-15,0.0
DTXSID5041641,1193,0.0,0.0
DTXSID5041643,1193,0.0,0.0
DTXSID5041691,1193,2.51026997069006e-12,0.0
DTXSID5041697,1193,0.0,0.0
DTXSID5041699,1193,1.907327923021742e-15,0.0
DTXSID5041726,1193,0.0,0.0
DTXSID5041728,1193,0.0,0.0
DTXSID5041772,1193,,
DTXSID5041774,1193,6.074925494227242e-10,0.0
DTXSID5041778,1193,0.0,0.0
DTXSID5041803,1193,0.0,0.0
DTXSID5041809,1193,3.533033424707776e-12,0.0
DTXSID5041851,1193,,
DTXSID5042083,1193,0.0,0.0
DTXSID5042089,1193,0.0,0.0
DTXSID5042243,1193,,
DTXSID5042247,1193,0.0,0.0
DTXSID5042249,1193,,
DTXSID5042297,1193,0.0,0.0
DTXSID5042299,1193,0.0,0.0
DTXSID5042320,1193,0.0,0.0
DTXSID5042322,1193,0.0,0.0
DTXSID5042324,1193,4.49163109831378e-16,0.0
DTXSID5042451,1193,0.0,0.0
DTXSID5042459,1193,,
DTXSID5042584,1193,1.1348522453966256e-05,0.0
DTXSID5042613,1193,1.1191169101289017e-12,0.0
DTXSID5043714,1193,0.0,0.0
DTXSID5043895,1193,0.0,0.0
DTXSID5043897,1193,0.0,0.0
DTXSID5044023,1193,1.9751662617489136e-06,0.0
DTXSID5044029,1193,0.0,0.0
DTXSID5044239,1193,4.0394071517173486e-13,0.0
DTXSID5044289,1193,0.0,0.0
DTXSID5044314,1193,0.0,0.0
DTXSID5044316,1193,0.0,0.0
DTXSID5044318,1193,0.0,0.0
DTXSID5044360,1193,0.0,0.0
DTXSID5044362,1193,0.0,0.0
DTXSID5044364,1193,1.1915979483963682e-10,0.0
DTXSID5044366,1193,,
DTXSID5044441,1193,1.3104809201230451e-11,0.0
DTXSID5044443,1193,0.0,0.0
DTXSID5044445,1193,5.853124308106735e-16,0.0
DTXSID5044447,1193,1.2638288909280638e-13,0.0
DTXSID5044491,1193,4.1719013581762594e-16,0.0
DTXSID5044493,1193,0.0,0.0
DTXSID5044495,1193,2.1048394659087819e-13,0.0
DTXSID5044520,1193,,
DTXSID5044522,1193,0.0,0.0
DTXSID5044526,1193,0.0,0.0
DTXSID5044528,1193,0.4888810647123641,0.0
DTXSID5044570,1193,0.0,0.0
DTXSID5044572,1193,2.3755181635873014e-18,0.0
DTXSID5044574,1193,0.0,0.0
DTXSID5044576,1193,3.080343497829002e-05,0.0
DTXSID5044578,1193,0.0,0.0
DTXSID5044603,1193,3.937667246622534e-11,0.0
DTXSID5044607,1193,1.3133367840029872e-15,0.0
DTXSID5044609,1193,3.5562601078697094e-16,0.0
DTXSID5044655,1193,0.0,0.0
DTXSID5044732,1193,0.0,0.0
DTXSID5044734,1193,3.4720800199517125e-13,0.0
DTXSID5044738,1193,0.0,0.0
DTXSID5044780,1193,0.0,0.0
DTXSID5044782,1193,0.0,0.0
DTXSID5044784,1193,3.7980386622329995e-14,0.0
DTXSID5044786,1193,0.0,0.0
DTXSID5044788,1193,0.0,0.0
DTXSID5044811,1193,0.0,0.0
DTXSID5044815,1193,2.2662902446409337e-12,0.0
DTXSID5044817,1193,,
DTXSID5044819,1193,0.0,0.0
DTXSID5044863,1193,1.5244708535325366e-15,0.0
DTXSID5044865,1193,,
DTXSID5044867,1193,0.0,0.0
DTXSID5044869,1193,4.1091395226347216e-12,0.0
DTXSID5044940,1193,0.0,0.0
DTXSID5044948,1193,0.0,0.0
DTXSID5044990,1193,0.0,0.0
DTXSID5044992,1193,1.823059259302641e-10,0.0
DTXSID5044994,1193,1.500843245004352e-12,0.0
DTXSID5044996,1193,0.0,0.0
DTXSID5044998,1193,0.0,0.0
DTXSID5045091,1193,0.0,0.0
DTXSID5045093,1193,1.2508645062617995e-10,0.0
DTXSID5045099,1193,0.0,0.0
DTXSID5045120,1193,2.176790398662379e-11,0.0
DTXSID5045122,1193,0.0,0.0
DTXSID5045124,1193,0.0,0.0
DTXSID5045128,1193,0.0,0.0
DTXSID5045170,1193,1.4475134624342199e-11,0.0
DTXSID5045174,1193,1.990463883403995e-13,0.0
DTXSID5045176,1193,0.0,0.0
DTXSID5045178,1193,,
DTXSID5045201,1193,0.0,0.0
DTXSID5045203,1193,3.172613350161818e-13,0.0
DTXSID5045205,1193,0.0,0.0
DTXSID5045209,1193,1.995969646774558e-11,0.0
DTXSID5045330,1193,2.2712557837518268e-11,0.0
DTXSID5045332,1193,0.0,0.0
DTXSID5045380,1193,0.0,0.0
DTXSID5045382,1193,0.0,0.0
DTXSID5045384,1193,0.0,0.0
DTXSID5045386,1193,0.0,0.0
DTXSID5045388,1193,1.6346586680314216e-12,0.0
DTXSID5045413,1193,0.0,0.0
DTXSID5045417,1193,0.0,0.0
DTXSID5045419,1193,0.0,0.0
DTXSID5045461,1193,4.4970566075909574e-13,0.0
DTXSID5045463,1193,0.0,0.0
DTXSID5045465,1193,0.0,0.0
DTXSID5045467,1193,0.0,0.0
DTXSID5045469,1193,0.0,0.0
DTXSID5045540,1193,0.0,0.0
DTXSID5045542,1193,0.0,0.0
DTXSID5045544,1193,0.0,0.0
DTXSID5045546,1193,,
DTXSID5045590,1193,0.0,0.0
DTXSID5045594,1193,4.776545941879045e-10,0.0
DTXSID5045596,1193,0.0006182158645690541,0.0
DTXSID5045598,1193,0.0,0.0
DTXSID5045623,1193,0.0,0.0
DTXSID5045625,1193,0.0,0.0
DTXSID5045671,1193,0.0,0.0
DTXSID5045673,1193,1.1035057058819549e-12,0.0
DTXSID5045675,1193,0.0,0.0
DTXSID5045677,1193,0.0,0.0
DTXSID5045679,1193,9.47417726151293e-09,0.0
DTXSID5045700,1193,6.168201819782582e-11,0.0
DTXSID5045702,1193,0.0,0.0
DTXSID5045704,1193,0.0,0.0
DTXSID5045706,1193,0.0,0.0
DTXSID5045708,1193,0.0,0.0
DTXSID5045750,1193,0.016578542609808983,0.0
DTXSID5045752,1193,1.4294553559186554e-09,0.0
DTXSID5045756,1193,0.0,0.0
DTXSID5045758,1193,0.0,0.0
DTXSID5045831,1193,0.0,0.0
DTXSID5045833,1193,0.0,0.0
DTXSID5045835,1193,0.0,0.0
DTXSID5045839,1193,0.0,0.0
DTXSID5045881,1193,,
DTXSID5045883,1193,1.0281725710236844e-12,0.0
DTXSID5045885,1193,0.0,0.0
DTXSID5045887,1193,0.0,0.0
DTXSID5045889,1193,,
DTXSID5045910,1193,0.0,0.0
DTXSID5045914,1193,0.0,0.0
DTXSID5045916,1193,0.0,0.0
DTXSID5045960,1193,,
DTXSID5045962,1193,0.0,0.0
DTXSID5045964,1193,0.0,0.0
DTXSID5046011,1193,0.0,0.0
DTXSID5046013,1193,0.0,0.0
DTXSID5046015,1193,0.0,0.0
DTXSID5046017,1193,0.0,0.0
DTXSID5046019,1193,0.0,0.0
DTXSID5046061,1193,0.0,0.0
DTXSID5046063,1193,3.995487015151714e-14,0.0
DTXSID5046067,1193,0.0,0.0
DTXSID5046069,1193,0.0,0.0
DTXSID5046140,1193,7.286669202114912e-08,0.0
DTXSID5046142,1193,0.0,0.0
DTXSID5046144,1193,0.0,0.0
DTXSID5046146,1193,0.0,0.0
DTXSID5046148,1193,0.0,0.0
DTXSID5046190,1193,3.010890842772857e-10,0.0
DTXSID5046192,1193,8.65689126435109e-12,0.0
DTXSID5046194,1193,0.0,0.0
DTXSID5046196,1193,0.0,0.0
DTXSID5046198,1193,0.0,0.0
DTXSID5046221,1193,3.7027524301167763e-10,0.0
DTXSID5046223,1193,0.0,0.0
DTXSID5046225,1193,,
DTXSID5046227,1193,,
DTXSID5046229,1193,3.909239504820956e-08,0.0
DTXSID5046271,1193,0.0,0.0
DTXSID5046273,1193,5.02033445671158e-16,0.0
DTXSID5046275,1193,3.565833686558198e-16,0.0
DTXSID5046277,1193,0.0,0.0
DTXSID5046279,1193,,
DTXSID5046300,1193,0.0,0.0
DTXSID5046306,1193,4.408266900726141e-15,0.0
DTXSID5046308,1193,,
DTXSID5046352,1193,4.6889855964531116e-08,0.0
DTXSID5046354,1193,0.0,0.0
DTXSID5046356,1193,0.0,0.0
DTXSID5046358,1193,2.2601604233733047e-10,0.0
DTXSID5046433,1193,0.0,0.0
DTXSID5046435,1193,0.0,0.0
DTXSID5046437,1193,4.5672753507814775e-10,0.0
DTXSID5046439,1193,1.7199566175953098e-15,0.0
DTXSID5046481,1193,,
DTXSID5046483,1193,4.1005839043829934e-17,0.0
DTXSID5046485,1193,0.0,0.0
DTXSID5046487,1193,1.0878446420075653e-15,0.0
DTXSID5046489,1193,0.0,0.0
DTXSID5046510,1193,0.0,0.0
DTXSID5046512,1193,0.0,0.0
DTXSID5046516,1193,1.0085156511446701e-09,0.0
DTXSID5046518,1193,0.0,0.0
DTXSID5046560,1193,5.194653322217804e-11,0.0
DTXSID5046562,1193,0.0,0.0
DTXSID5046564,1193,0.0,0.0
DTXSID5046566,1193,0.0,0.0
DTXSID5046568,1193,0.0,0.0
DTXSID5046641,1193,0.0,0.0
DTXSID5046643,1193,0.0,0.0
DTXSID5046647,1193,0.0,0.0
DTXSID5046649,1193,0.0,0.0
DTXSID5046691,1193,0.0,0.0
DTXSID5046693,1193,3.377091514200317e-11,0.0
DTXSID5046695,1193,0.0,0.0
DTXSID5046697,1193,0.0,0.0
DTXSID5046699,1193,3.950854571730809e-12,0.0
DTXSID5046720,1193,3.524774269676155e-14,0.0
DTXSID5046722,1193,0.0,0.0
DTXSID5046724,1193,0.0,0.0
DTXSID5046726,1193,,
DTXSID5046728,1193,0.0,0.0
DTXSID5046770,1193,0.0,0.0
DTXSID5046772,1193,0.0,0.0
DTXSID5046776,1193,2.9632177801100036e-10,0.0
DTXSID5046778,1193,,
DTXSID5046801,1193,0.0,0.0
DTXSID5046803,1193,5.028772025148188e-05,0.0
DTXSID5046805,1193,0.0,0.0
DTXSID5046807,1193,3.8496224260671573e-07,0.0
DTXSID5046851,1193,1.715369132434382e-12,0.0
DTXSID5046853,1193,,
DTXSID5046855,1193,8.682962726151822e-06,0.0
DTXSID5046857,1193,0.0,0.0
DTXSID5046859,1193,0.0,0.0
DTXSID5046938,1193,0.0,0.0
DTXSID5046980,1193,0.0,0.0
DTXSID5046986,1193,0.0,0.0
DTXSID5046988,1193,8.721236567828607e-14,0.0
DTXSID5047031,1193,1.5216803310793835e-12,0.0
DTXSID5047033,1193,0.0,0.0
DTXSID5047035,1193,1.260337251683413e-08,0.0
DTXSID5047037,1193,2.1343875443796165e-15,0.0
DTXSID5047039,1193,0.0,0.0
DTXSID5047081,1193,0.0,0.0
DTXSID5047083,1193,0.0,0.0
DTXSID5047085,1193,0.0,0.0
DTXSID5047087,1193,0.0,0.0
DTXSID5047089,1193,0.0,0.0
DTXSID5047110,1193,6.19665875467853e-07,0.0
DTXSID5047112,1193,,
DTXSID5047116,1193,0.0,0.0
DTXSID5047118,1193,4.355390989929588e-17,0.0
DTXSID5047160,1193,0.0,0.0
DTXSID5047162,1193,5.986230248956584e-15,0.0
DTXSID5047164,1193,0.0,0.0
DTXSID5047166,1193,0.0,0.0
DTXSID5047168,1193,0.0,0.0
DTXSID5047241,1193,0.0,0.0
DTXSID5047243,1193,0.0,0.0
DTXSID5047249,1193,0.00022258172442869297,0.0
DTXSID5047291,1193,0.0,0.0
DTXSID5047295,1193,4.045547099995596e-14,0.0
DTXSID5047297,1193,2.7702750395083655e-08,0.0
DTXSID5047299,1193,3.3760738854098294e-05,0.0
DTXSID5047320,1193,,
DTXSID5047322,1193,0.0,0.0
DTXSID5047324,1193,0.0,0.0
DTXSID5047328,1193,,
DTXSID5047372,1193,,
DTXSID5047374,1193,,
DTXSID5047376,1193,1.438779124614959e-07,0.0
DTXSID5047405,1193,1.0542378068831984e-08,0.0
DTXSID5047451,1193,0.0,0.0
DTXSID5047453,1193,0.0,0.0
DTXSID5047459,1193,0.0,0.0
DTXSID5047530,1193,1.7148436813115433e-07,0.0
DTXSID5047538,1193,0.0,0.0
DTXSID5047582,1193,0.0,0.0
DTXSID5047584,1193,0.0,0.0
DTXSID5047611,1193,0.0,0.0
DTXSID5047617,1193,0.0,0.0
DTXSID5047661,1193,9.081398051267049e-13,0.0
DTXSID5047663,1193,2.47868564154678e-11,0.0
DTXSID5047665,1193,0.0,0.0
DTXSID5047667,1193,0.0,0.0
DTXSID5047744,1193,0.0,0.0
DTXSID5047790,1193,0.0,0.0
DTXSID5047796,1193,0.0,0.0
DTXSID5047825,1193,,
DTXSID5047829,1193,0.0,0.0
DTXSID5047871,1193,0.0,0.0
DTXSID5047873,1193,0.0,0.0
DTXSID5047875,1193,5.222202570183007e-16,0.0
DTXSID5047877,1193,0.0,0.0
DTXSID5047879,1193,0.0,0.0
DTXSID5047900,1193,,
DTXSID5047902,1193,2.0908554831861844e-09,0.0
DTXSID5047904,1193,,
DTXSID5047906,1193,6.414415181144097e-13,0.0
DTXSID5047908,1193,1.2620063259907308e-15,0.0
DTXSID5047950,1193,,
DTXSID5047952,1193,2.5833737792055364e-08,0.0
DTXSID5047954,1193,0.0,0.0
DTXSID5047956,1193,2.3730491446971336e-11,0.0
DTXSID5048180,1193,0.0,0.0
DTXSID5048182,1193,0.0,0.0
DTXSID5048184,1193,5.8223386731412505e-06,0.0
DTXSID5048186,1193,0.0,0.0
DTXSID5048188,1193,6.644690890173104e-08,0.0
DTXSID5048211,1193,1.451022764572761e-15,0.0
DTXSID5048421,1193,1.229932304450659e-07,0.0
DTXSID5048506,1193,0.0,0.0
DTXSID5048631,1193,0.0,0.0
DTXSID5048633,1193,1.7430345203986015e-13,0.0
DTXSID5048635,1193,0.0,0.0
DTXSID5048637,1193,0.0,0.0
DTXSID5048639,1193,1.5590298986639652e-07,0.0
DTXSID5048681,1193,0.0,0.0
DTXSID5048683,1193,,
DTXSID5048685,1193,,
DTXSID5048687,1193,0.0,0.0
DTXSID5048689,1193,3.798343922996612e-16,0.0
DTXSID5048710,1193,0.0,0.0
DTXSID5048712,1193,0.0,0.0
DTXSID5048714,1193,5.091420179079511e-12,0.0
DTXSID5048716,1193,9.063972967847998e-19,0.0
DTXSID5048718,1193,0.0,0.0
DTXSID5048760,1193,0.0,0.0
DTXSID5048762,1193,0.0,0.0
DTXSID5048764,1193,,
DTXSID5048766,1193,1.4155519793821994e-12,0.0
DTXSID5048768,1193,0.0,0.0
DTXSID5048841,1193,0.0,0.0
DTXSID5048843,1193,0.0,0.0
DTXSID5048845,1193,0.0,0.0
DTXSID5048847,1193,1.583695652887604e-14,0.0
DTXSID5048849,1193,0.0,0.0
DTXSID5048891,1193,1.746466073281248e-11,0.0
DTXSID5048893,1193,0.0,0.0
DTXSID5048895,1193,0.0,0.0
DTXSID5048897,1193,0.0,0.0
DTXSID5048899,1193,0.0,0.0
DTXSID5048920,1193,9.027419531308923e-07,0.0
DTXSID5048922,1193,0.0,0.0
DTXSID5048924,1193,4.6397537353764116e-11,0.0
DTXSID5048926,1193,1.5961574326999327e-09,0.0
DTXSID5048928,1193,0.0,0.0
DTXSID5048970,1193,0.0,0.0
DTXSID5048972,1193,0.0,0.0
DTXSID5048974,1193,0.0,0.0
DTXSID5048976,1193,0.0,0.0
DTXSID5048978,1193,0.0,0.0
DTXSID5049021,1193,,
DTXSID5049023,1193,0.0,0.0
DTXSID5049025,1193,6.9689300386087576e-12,0.0
DTXSID5049027,1193,0.0,0.0
DTXSID5049029,1193,6.019752334880814e-07,0.0
DTXSID5049071,1193,,
DTXSID5049073,1193,1.1652297303067198e-17,0.0
DTXSID5049075,1193,3.4298853600027985e-10,0.0
DTXSID5049077,1193,0.0,0.0
DTXSID5049079,1193,0.0,0.0
DTXSID5049231,1193,0.0,0.0
DTXSID5049233,1193,7.365185656896975e-12,0.0
DTXSID5049235,1193,0.0,0.0
DTXSID5049237,1193,2.4259731263524373e-12,0.0
DTXSID5049239,1193,0.0,0.0
DTXSID5049281,1193,9.60840771468472e-10,0.0
DTXSID5049283,1193,,
DTXSID5049285,1193,0.0,0.0
DTXSID5049287,1193,0.0,0.0
DTXSID5049289,1193,0.0,0.0
DTXSID5049310,1193,7.557301403960597e-16,0.0
DTXSID5049312,1193,0.0,0.0
DTXSID5049314,1193,0.0,0.0
DTXSID5049316,1193,0.0,0.0
DTXSID5049318,1193,0.0,0.0
DTXSID5049360,1193,1.8358573627941827e-11,0.0
DTXSID5049362,1193,0.0,0.0
DTXSID5049364,1193,0.0,0.0
DTXSID5049366,1193,0.0,0.0
DTXSID5049368,1193,2.1007261987497576e-15,0.0
DTXSID5049445,1193,0.0,0.0
DTXSID5049447,1193,0.0,0.0
DTXSID5049449,1193,0.0,0.0
DTXSID5049491,1193,0.0,0.0
DTXSID5049493,1193,6.389492202411626e-17,0.0
DTXSID5049495,1193,4.1189076268971847e-07,0.0
DTXSID5049497,1193,0.0,0.0
DTXSID5049499,1193,0.0,0.0
DTXSID5049520,1193,3.817749484988288e-14,0.0
DTXSID5049522,1193,0.0,0.0
DTXSID5049524,1193,0.0,0.0
DTXSID5049526,1193,1.4919242500446736e-12,0.0
DTXSID5049528,1193,1.5893052707094682e-09,0.0
DTXSID5050426,1193,0.0,0.0
DTXSID5051440,1193,0.0,0.0
DTXSID6020014,1193,0.0,0.0
DTXSID6020062,1193,4.4338929236257596e-13,0.0
DTXSID6020064,1193,0.0,0.0
DTXSID6020066,1193,6.753312363776584e-14,0.0
DTXSID6020068,1193,0.0,0.0
DTXSID6020141,1193,0.0,0.0
DTXSID6020143,1193,0.0,0.0
DTXSID6020145,1193,3.428833225534886e-15,0.0
DTXSID6020147,1193,0.0,0.0
DTXSID6020149,1193,0.0,0.0
DTXSID6020193,1193,0.0,0.0
DTXSID6020197,1193,0.0,0.0
DTXSID6020199,1193,0.0,0.0
DTXSID6020220,1193,0.0,0.0
DTXSID6020222,1193,5.736689356419621e-14,0.0
DTXSID6020224,1193,7.333760586926976e-12,0.0
DTXSID6020226,1193,0.0,0.0
DTXSID6020274,1193,0.047959740665508496,0.0
DTXSID6020276,1193,0.0,0.0
DTXSID6020278,1193,,
DTXSID6020303,1193,0.0,0.0
DTXSID6020307,1193,6.1541193153397064e-15,0.0
DTXSID6020309,1193,4.369041467236847e-14,0.0
DTXSID6020355,1193,4.310592372072423e-15,0.0
DTXSID6020357,1193,0.0,0.0
DTXSID6020359,1193,0.0,0.0
DTXSID6020430,1193,1.3482619437334656e-16,0.0
DTXSID6020432,1193,,
DTXSID6020434,1193,0.0,0.0
DTXSID6020438,1193,1.595604275267929e-08,0.0
DTXSID6020480,1193,0.0,0.0
DTXSID6020484,1193,,
DTXSID6020511,1193,0.0,0.0
DTXSID6020513,1193,1.6435468412846498e-12,0.0
DTXSID6020515,1193,0.0,0.0
DTXSID6020517,1193,0.0,0.0
DTXSID6020561,1193,5.672412365195085e-16,0.0
DTXSID6020569,1193,0.0,0.0
DTXSID6020646,1193,0.0,0.0
DTXSID6020648,1193,2.8993219811636703e-10,0.0
DTXSID6020690,1193,,
DTXSID6020692,1193,1.9149380549451855e-17,0.0
DTXSID6020694,1193,0.0,0.0
DTXSID6020696,1193,1.6720251318241933e-17,0.0
DTXSID6020721,1193,6.101352995970444e-13,0.0
DTXSID6020771,1193,2.430929820466624e-19,0.0
DTXSID6020777,1193,0.0,0.0
DTXSID6020779,1193,3.615821393103108e-09,0.0
DTXSID6020802,1193,7.282669449116215e-16,0.0
DTXSID6020804,1193,0.0,0.0
DTXSID6020856,1193,0.0,0.0
DTXSID6020933,1193,0.0,0.0
DTXSID6020937,1193,0.0,0.0
DTXSID6020939,1193,3.496802461815566e-13,0.0
DTXSID6020981,1193,0.0,0.0
DTXSID6020983,1193,0.0,0.0
DTXSID6020985,1193,0.0,0.0
DTXSID6021030,1193,1.7118341573310585e-17,0.0
DTXSID6021032,1193,1.849775494452696e-11,0.0
DTXSID6021036,1193,0.0,0.0
DTXSID6021080,1193,0.0,0.0
DTXSID6021082,1193,0.0,0.0
DTXSID6021084,1193,0.0,0.0
DTXSID6021086,1193,0.0,0.0
DTXSID6021113,1193,0.0,0.0
DTXSID6021117,1193,2.125809666694982e-10,0.0
DTXSID6021163,1193,0.0,0.0
DTXSID6021165,1193,0.0,0.0
DTXSID6021240,1193,3.774263154110813e-08,0.0
DTXSID6021244,1193,3.519346122167877e-07,0.0
DTXSID6021246,1193,0.0,0.0
DTXSID6021248,1193,0.0,0.0
DTXSID6021290,1193,1.5844900479436782e-09,0.0
DTXSID6021292,1193,0.0,0.0
DTXSID6021294,1193,0.0,0.0
DTXSID6021296,1193,0.0,0.0
DTXSID6021321,1193,2.9053119395218637e-09,0.0
DTXSID6021327,1193,,
DTXSID6021371,1193,0.0,0.0
DTXSID6021373,1193,0.0,0.0
DTXSID6021375,1193,2.8587532410986516e-10,0.0
DTXSID6021377,1193,4.353575308420149e-09,0.0
DTXSID6021379,1193,0.0,0.0
DTXSID6021402,1193,0.0,0.0
DTXSID6021404,1193,2.8043024249957033e-13,0.0
DTXSID6021408,1193,,
DTXSID6021456,1193,5.036163707848193e-10,0.0
DTXSID6021458,1193,0.0,0.0
DTXSID6021581,1193,4.501602340324351e-15,0.0
DTXSID6021583,1193,0.0,0.0
DTXSID6021585,1193,2.4011622547547456e-14,0.0
DTXSID6021610,1193,0.0,0.0
DTXSID6021618,1193,0.0,0.0
DTXSID6021660,1193,1.180944769491371e-15,0.0
DTXSID6021666,1193,9.217479366069435e-05,0.0
DTXSID6021668,1193,0.0,0.0
DTXSID6021741,1193,8.985790961374168e-17,0.0
DTXSID6021749,1193,2.643484621806158e-15,0.0
DTXSID6021793,1193,3.8703298972202065e-08,0.0
DTXSID6021795,1193,0.0,0.0
DTXSID6021799,1193,0.0,0.0
DTXSID6021820,1193,1.1415603690247384e-13,0.0
DTXSID6021822,1193,0.0,0.0
DTXSID6021824,1193,0.0,0.0
DTXSID6021828,1193,0.0,0.0
DTXSID6021872,1193,0.0,0.0
DTXSID6021874,1193,0.0,0.0
DTXSID6021901,1193,0.0,0.0
DTXSID6021907,1193,3.1399846869408866e-11,0.0
DTXSID6021909,1193,0.0,0.0
DTXSID6021953,1193,0.0,0.0
DTXSID6021957,1193,6.117089090627066e-13,0.0
DTXSID6021959,1193,0.0,0.0
DTXSID6022000,1193,0.0,0.0
DTXSID6022004,1193,0.0,0.0
DTXSID6022006,1193,0.0,0.0
DTXSID6022008,1193,1.995431084526778e-09,0.0
DTXSID6022050,1193,0.0,0.0
DTXSID6022056,1193,2.6000544571988856e-15,0.0
DTXSID6022058,1193,1.9933550669617004e-18,0.0
DTXSID6022131,1193,0.0,0.0
DTXSID6022133,1193,0.0,0.0
DTXSID6022137,1193,0.0,0.0
DTXSID6022187,1193,0.0,0.0
DTXSID6022218,1193,0.0,0.0
DTXSID6022341,1193,1.3223627645736436e-11,0.0
DTXSID6022345,1193,8.885097889120613e-08,0.0
DTXSID6022391,1193,0.0,0.0
DTXSID6022393,1193,0.0,0.0
DTXSID6022399,1193,,
DTXSID6022420,1193,0.0,0.0
DTXSID6022422,1193,0.0,0.0
DTXSID6022472,1193,0.0,0.0
DTXSID6022474,1193,0.0,0.0
DTXSID6022553,1193,0.0,0.0
DTXSID6022555,1193,1.2265230692947286e-08,0.0
DTXSID6022557,1193,0.0,0.0
DTXSID6022559,1193,0.0,0.0
DTXSID6022630,1193,,
DTXSID6022632,1193,1.5680267175496342e-13,0.0
DTXSID6022636,1193,0.0,0.0
DTXSID6022684,1193,0.0,0.0
DTXSID6022719,1193,0.0,0.0
DTXSID6022842,1193,0.0,0.0
DTXSID6022844,1193,9.727378371439223e-07,0.0
DTXSID6022846,1193,0.0,0.0
DTXSID6022892,1193,1.3298155835517126e-16,0.0
DTXSID6022894,1193,0.0,0.0
DTXSID6022898,1193,,
DTXSID6022927,1193,0.0,0.0
DTXSID6022973,1193,0.0,0.0
DTXSID6022975,1193,0.0,0.0
DTXSID6022977,1193,2.2846913818126113e-14,0.0
DTXSID6023020,1193,0.0,0.0
DTXSID6023024,1193,8.863233169401625e-15,0.0
DTXSID6023028,1193,5.581823674667312e-14,0.0
DTXSID6023076,1193,0.0,0.0
DTXSID6023078,1193,0.0,0.0
DTXSID6023101,1193,0.0,0.0
DTXSID6023103,1193,0.0,0.0
DTXSID6023109,1193,0.0,0.0
DTXSID6023153,1193,0.0,0.0
DTXSID6023155,1193,0.9997939093056855,1.0
DTXSID6023157,1193,0.0,0.0
DTXSID6023159,1193,0.0,0.0
DTXSID6023232,1193,0.0,0.0
DTXSID6023280,1193,0.0,0.0
DTXSID6023286,1193,0.0,0.0
DTXSID6023313,1193,0.0,0.0
DTXSID6023315,1193,0.0,0.0
DTXSID6023317,1193,,
DTXSID6023319,1193,,
DTXSID6023363,1193,0.0,0.0
DTXSID6023365,1193,2.9567623192008926e-16,0.0
DTXSID6023367,1193,4.763901209186775e-10,0.0
DTXSID6023369,1193,0.0,0.0
DTXSID6023440,1193,0.0,0.0
DTXSID6023442,1193,0.0,0.0
DTXSID6023490,1193,5.140680414825425e-11,0.0
DTXSID6023492,1193,0.9166513965073823,1.0
DTXSID6023496,1193,0.0,0.0
DTXSID6023523,1193,0.0,0.0
DTXSID6023529,1193,1.2687391018039697e-10,0.0
DTXSID6023571,1193,5.711798137923357e-09,0.0
DTXSID6023600,1193,2.7951263523200126e-09,0.0
DTXSID6023602,1193,0.0,0.0
DTXSID6023608,1193,0.0,0.0
DTXSID6023650,1193,0.0,0.0
DTXSID6023652,1193,2.2681035079825187e-09,0.0
DTXSID6023656,1193,,
DTXSID6023658,1193,6.849692405602318e-15,0.0
DTXSID6023733,1193,2.2172236703488547e-13,0.0
DTXSID6023735,1193,0.0,0.0
DTXSID6023737,1193,0.0,0.0
DTXSID6023810,1193,,
DTXSID6023862,1193,0.0,0.0
DTXSID6023864,1193,0.0,0.0
DTXSID6023868,1193,,
DTXSID6023947,1193,1.1422800962011344e-12,0.0
DTXSID6023997,1193,0.0,0.0
DTXSID6023999,1193,1.1146787767171835e-14,0.0
DTXSID6024046,1193,0.0,0.0
DTXSID6024048,1193,0.0,0.0
DTXSID6024123,1193,2.4202639141948887e-07,0.0
DTXSID6024127,1193,0.0,0.0
DTXSID6024175,1193,1.5870906222603666e-11,0.0
DTXSID6024177,1193,0.0,0.0
DTXSID6024200,1193,0.0,0.0
DTXSID6024204,1193,2.5075447232482027e-12,0.0
DTXSID6024206,1193,0.0,0.0
DTXSID6024254,1193,1.2929092034744522e-13,0.0
DTXSID6024331,1193,9.15313921403005e-13,0.0
DTXSID6024337,1193,3.424216230499358e-17,0.0
DTXSID6024412,1193,0.0,0.0
DTXSID6024414,1193,2.2686115999795242e-10,0.0
DTXSID6024460,1193,0.0,0.0
DTXSID6024462,1193,0.0,0.0
DTXSID6024466,1193,0.0,0.0
DTXSID6024591,1193,0.0,0.0
DTXSID6024597,1193,6.883113337345756e-15,0.0
DTXSID6024599,1193,0.0,0.0
DTXSID6024622,1193,0.0,0.0
DTXSID6024624,1193,0.09410288115630076,0.0
DTXSID6024628,1193,2.347194561145567e-10,0.0
DTXSID6024670,1193,4.323258823962085e-09,0.0
DTXSID6024674,1193,0.0,0.0
DTXSID6024676,1193,0.0,0.0
DTXSID6024701,1193,5.082032021711739e-10,0.0
DTXSID6024832,1193,0.0,0.0
DTXSID6024834,1193,0.0,0.0
DTXSID6024836,1193,1.5328730299169586e-11,0.0
DTXSID6024880,1193,2.4785955126710128e-11,0.0
DTXSID6024882,1193,0.0,0.0
DTXSID6024886,1193,0.0,0.0
DTXSID6024888,1193,2.1478430233795002e-13,0.0
DTXSID6024911,1193,3.2610107209542804e-10,0.0
DTXSID6024913,1193,2.450639914149375e-12,0.0
DTXSID6024915,1193,0.0,0.0
DTXSID6024917,1193,0.0,0.0
DTXSID6024961,1193,1.6866457294552356e-09,0.0
DTXSID6024965,1193,0.0,0.0
DTXSID6024967,1193,,
DTXSID6025010,1193,3.4005754616827175e-17,0.0
DTXSID6025012,1193,0.0,0.0
DTXSID6025014,1193,2.5416511633454907e-10,0.0
DTXSID6025018,1193,1.4321221099202754e-09,0.0
DTXSID6025064,1193,0.0,0.0
DTXSID6025068,1193,0.0,0.0
DTXSID6025141,1193,2.625490074778721e-19,0.0
DTXSID6025143,1193,0.0,0.0
DTXSID6025145,1193,0.0,0.0
DTXSID6025149,1193,,
DTXSID6025220,1193,0.0,0.0
DTXSID6025226,1193,,
DTXSID6025272,1193,0.0,0.0
DTXSID6025276,1193,4.822476740268136e-13,0.0
DTXSID6025278,1193,0.0,0.0
DTXSID6025301,1193,0.0,0.0
DTXSID6025303,1193,0.0,0.0
DTXSID6025307,1193,0.0,0.0
DTXSID6025309,1193,0.0,0.0
DTXSID6025355,1193,0.0,0.0
DTXSID6025436,1193,,
DTXSID6025438,1193,2.9598198082618213e-10,0.0
DTXSID6025480,1193,0.0,0.0
DTXSID6025486,1193,4.626198746807981e-15,0.0
DTXSID6025513,1193,0.0,0.0
DTXSID6025565,1193,,
DTXSID6025567,1193,0.0,0.0
DTXSID6025569,1193,1.8626793498382899e-16,0.0
DTXSID6025640,1193,2.672463023188193e-10,0.0
DTXSID6025642,1193,0.0,0.0
DTXSID6025690,1193,0.0,0.0
DTXSID6025692,1193,0.0,0.0
DTXSID6025696,1193,,
DTXSID6025723,1193,0.0,0.0
DTXSID6025725,1193,1.0636315322976377e-14,0.0
DTXSID6025775,1193,0.0,0.0
DTXSID6025804,1193,0.0,0.0
DTXSID6025850,1193,0.0,0.0
DTXSID6025854,1193,0.0,0.0
DTXSID6025939,1193,3.49136611286416e-15,0.0
DTXSID6025983,1193,0.0,0.0
DTXSID6026080,1193,0.0,0.0
DTXSID6026082,1193,0.0,0.0
DTXSID6026084,1193,0.0,0.0
DTXSID6026088,1193,0.0,0.0
DTXSID6026115,1193,0.0,0.0
DTXSID6026119,1193,0.0,0.0
DTXSID6026161,1193,0.0,0.0
DTXSID6026167,1193,0.0,0.0
DTXSID6026169,1193,0.0,0.0
DTXSID6026240,1193,0.0,0.0
DTXSID6026292,1193,0.0,0.0
DTXSID6026294,1193,0.32447326977269264,0.0
DTXSID6026298,1193,0.0,0.0
DTXSID6026325,1193,1.5789096327611467e-08,0.0
DTXSID6026373,1193,0.23117506577647753,0.0
DTXSID6026450,1193,3.53163034105464e-08,0.0
DTXSID6026535,1193,0.0,0.0
DTXSID6026537,1193,2.8732285035510937e-16,0.0
DTXSID6026612,1193,0.0,0.0
DTXSID6026664,1193,0.0,0.0
DTXSID6026797,1193,0.0,0.0
DTXSID6026799,1193,0.0,0.0
DTXSID6026824,1193,0.0,0.0
DTXSID6026872,1193,3.370972634605081e-14,0.0
DTXSID6026878,1193,1.5368960237323608e-16,0.0
DTXSID6026901,1193,,
DTXSID6026905,1193,0.0,0.0
DTXSID6026955,1193,0.0,0.0
DTXSID6027050,1193,1.480889771107359e-12,0.0
DTXSID6027052,1193,0.0,0.0
DTXSID6027131,1193,0.0,0.0
DTXSID6027133,1193,0.0,0.0
DTXSID6027137,1193,3.4046441273403336e-13,0.0
DTXSID6027181,1193,0.0,0.0
DTXSID6027185,1193,4.0810136960337625e-15,0.0
DTXSID6027214,1193,0.0,0.0
DTXSID6027218,1193,0.0,0.0
DTXSID6027262,1193,1.4383590966005854e-18,0.0
DTXSID6027266,1193,0.0,0.0
DTXSID6027268,1193,0.0,0.0
DTXSID6027341,1193,0.0,0.0
DTXSID6027343,1193,0.0,0.0
DTXSID6027345,1193,0.0,0.0
DTXSID6027395,1193,1.6213813623618795e-13,0.0
DTXSID6027397,1193,0.0,0.0
DTXSID6027503,1193,5.0998374217886596e-18,0.0
DTXSID6027507,1193,0.0,0.0
DTXSID6027509,1193,0.0,0.0
DTXSID6027551,1193,0.0,0.0
DTXSID6027636,1193,0.0,0.0
DTXSID6027713,1193,0.0,0.0
DTXSID6027844,1193,4.1266867620537233e-13,0.0
DTXSID6027921,1193,0.0,0.0
DTXSID6027923,1193,0.0,0.0
DTXSID6027925,1193,,
DTXSID6027975,1193,0.0,0.0
DTXSID6028022,1193,8.113259621437438e-13,0.0
DTXSID6028028,1193,0.0,0.0
DTXSID6029121,1193,0.0,0.0
DTXSID6029127,1193,0.0,0.0
DTXSID6029202,1193,7.49531705349497e-15,0.0
DTXSID6029250,1193,0.0,0.0
DTXSID6029254,1193,0.0,0.0
DTXSID6029331,1193,0.0,0.0
DTXSID6029335,1193,2.4791735540652456e-12,0.0
DTXSID6029626,1193,0.0,0.0
DTXSID6029670,1193,1.2471822608995172e-12,0.0
DTXSID6029703,1193,0.0,0.0
DTXSID6029707,1193,3.404550482329839e-06,0.0
DTXSID6029755,1193,0.0,0.0
DTXSID6030607,1193,1.1462986578734276e-17,0.0
DTXSID6031209,1193,1.0109755362409011e-16,0.0
DTXSID6031380,1193,9.533745656996906e-11,0.0
DTXSID6031461,1193,9.894774747696216e-12,0.0
DTXSID6032061,1193,0.0,0.0
DTXSID6032192,1193,0.0,0.0
DTXSID6032352,1193,0.0,0.0
DTXSID6032354,1193,3.9132501572115456e-14,0.0
DTXSID6032356,1193,0.0,0.0
DTXSID6032358,1193,0.0,0.0
DTXSID6032431,1193,0.0,0.0
DTXSID6032437,1193,0.0,0.0
DTXSID6032514,1193,,
DTXSID6032516,1193,0.0,0.0
DTXSID6032518,1193,,
DTXSID6032562,1193,0.0,0.0
DTXSID6032641,1193,3.7474422115519816e-13,0.0
DTXSID6032645,1193,2.097982502802315e-09,0.0
DTXSID6032647,1193,,
DTXSID6032649,1193,1.1741310423660801e-16,0.0
DTXSID6032722,1193,5.434371408473391e-13,0.0
DTXSID6033241,1193,5.774183250449185e-16,0.0
DTXSID6033247,1193,3.6001225975745077e-09,0.0
DTXSID6033326,1193,0.0,0.0
DTXSID6033401,1193,0.0,0.0
DTXSID6033538,1193,1.8050653591424223e-05,0.0
DTXSID6033825,1193,0.0,0.0
DTXSID6034005,1193,0.0,0.0
DTXSID6034186,1193,1.4204902035373404e-05,0.0
DTXSID6034265,1193,0.0,0.0
DTXSID6034392,1193,0.0,0.0
DTXSID6034764,1193,0.0,0.0
DTXSID6034849,1193,0.0,0.0
DTXSID6034924,1193,2.7387874810544194e-11,0.0
DTXSID6034928,1193,0.0,0.0
DTXSID6034972,1193,7.116659704055907e-12,0.0
DTXSID6035106,1193,0.0,0.0
DTXSID6035152,1193,0.0,0.0
DTXSID6035156,1193,0.0,0.0
DTXSID6035285,1193,6.406543330202249e-06,0.0
DTXSID6035491,1193,0.0,0.0
DTXSID6035784,1193,9.148367239364209e-08,0.0
DTXSID6036467,1193,3.746566801904853e-06,0.0
DTXSID6037015,1193,3.41240426771436e-08,0.0
DTXSID6037069,1193,3.132158340314455e-14,0.0
DTXSID6037649,1193,0.0,0.0
DTXSID6037697,1193,0.0,0.0
DTXSID6037728,1193,0.0,0.0
DTXSID6038798,1193,1.3491302789219324e-11,0.0
DTXSID6038875,1193,0.0,0.0
DTXSID6038877,1193,0.0,0.0
DTXSID6040111,1193,6.188310856575411e-13,0.0
DTXSID6040115,1193,3.8047740772071355e-15,0.0
DTXSID6040246,1193,0.0,0.0
DTXSID6040290,1193,0.0,0.0
DTXSID6040296,1193,5.496219039730745e-12,0.0
DTXSID6040371,1193,0.0,0.0
DTXSID6040404,1193,0.0,0.0
DTXSID6040583,1193,0.0,0.0
DTXSID6040614,1193,0.0,0.0
DTXSID6040662,1193,0.0,0.0
DTXSID6040664,1193,0.0,0.0
DTXSID6040666,1193,1.2708255823198628e-13,0.0
DTXSID6040668,1193,0.9999894486635307,1.0
DTXSID6040745,1193,0.0,0.0
DTXSID6040747,1193,1.8282930382185964e-12,0.0
DTXSID6040795,1193,1.7491373168965292e-11,0.0
DTXSID6041056,1193,0.0,0.0
DTXSID6041133,1193,0.0,0.0
DTXSID6041137,1193,3.94961384088776e-14,0.0
DTXSID6041185,1193,2.3031418193181115e-07,0.0
DTXSID6041210,1193,0.0,0.0
DTXSID6041268,1193,0.0,0.0
DTXSID6041347,1193,0.0,0.0
DTXSID6041349,1193,1.087667211687871e-08,0.0
DTXSID6041420,1193,7.028946534165578e-07,0.0
DTXSID6041422,1193,0.020076966799361783,0.0
DTXSID6041424,1193,0.0,0.0
DTXSID6041426,1193,0.0,0.0
DTXSID6041472,1193,7.080017687572919e-15,0.0
DTXSID6041507,1193,2.884936043415291e-13,0.0
DTXSID6041557,1193,1.449560043011013e-16,0.0
DTXSID6041636,1193,0.0,0.0
DTXSID6041638,1193,4.193474592842148e-13,0.0
DTXSID6041680,1193,0.0,0.0
DTXSID6041682,1193,0.0,0.0
DTXSID6041684,1193,0.0,0.0
DTXSID6041688,1193,6.816261474360898e-14,0.0
DTXSID6041715,1193,0.0,0.0
DTXSID6041719,1193,0.0,0.0
DTXSID6041761,1193,,
DTXSID6041844,1193,1.506677153268903e-14,0.0
DTXSID6041892,1193,0.0,0.0
DTXSID6041925,1193,3.1580697298156974e-10,0.0
DTXSID6041927,1193,3.7091836946103105e-14,0.0
DTXSID6041973,1193,7.789512528852553e-13,0.0
DTXSID6041977,1193,2.977011838600094e-10,0.0
DTXSID6042072,1193,0.0,0.0
DTXSID6042074,1193,0.0,0.0
DTXSID6042157,1193,0.0,0.0
DTXSID6042232,1193,0.0,0.0
DTXSID6042234,1193,0.0,0.0
DTXSID6042280,1193,0.0,0.0
DTXSID6042315,1193,0.0,0.0
DTXSID6042365,1193,0.0,0.0
DTXSID6042369,1193,2.0296711500650495e-09,0.0
DTXSID6042440,1193,0.0,0.0
DTXSID6042448,1193,0.0,0.0
DTXSID6042490,1193,0.0,0.0
DTXSID6042494,1193,2.7592961546029043e-16,0.0
DTXSID6042498,1193,2.8825098101932137e-09,0.0
DTXSID6042521,1193,0.0,0.0
DTXSID6042579,1193,0.0,0.0
DTXSID6042602,1193,0.0,0.0
DTXSID6043709,1193,8.850839143448465e-07,0.0
DTXSID6043913,1193,0.0,0.0
DTXSID6043915,1193,1.6528164653558378e-05,0.0
DTXSID6043919,1193,5.566707438565931e-11,0.0
DTXSID6044014,1193,0.0,0.0
DTXSID6044226,1193,1.4298228451690444e-12,0.0
DTXSID6044272,1193,0.0,0.0
DTXSID6044303,1193,0.00018886003333818646,0.0
DTXSID6044307,1193,0.0,0.0
DTXSID6044309,1193,0.9999999989425391,1.0
DTXSID6044353,1193,1.641245926626864e-11,0.0
DTXSID6044355,1193,0.0,0.0
DTXSID6044357,1193,0.0,0.0
DTXSID6044359,1193,3.674004639423709e-13,0.0
DTXSID6044430,1193,7.16739341049584e-06,0.0
DTXSID6044436,1193,3.5452348769563513e-09,0.0
DTXSID6044438,1193,2.406547553985758e-11,0.0
DTXSID6044484,1193,2.0964153953737034e-13,0.0
DTXSID6044486,1193,0.0,0.0
DTXSID6044488,1193,0.0,0.0
DTXSID6044511,1193,0.0,0.0
DTXSID6044513,1193,0.0,0.0
DTXSID6044515,1193,0.0,0.0
DTXSID6044517,1193,0.0,0.0
DTXSID6044519,1193,0.0,0.0
DTXSID6044561,1193,1.3413883791878501e-14,0.0
DTXSID6044563,1193,0.0,0.0
DTXSID6044565,1193,0.0,0.0
DTXSID6044642,1193,0.0,0.0
DTXSID6044644,1193,1.4277624862663534e-15,0.0
DTXSID6044646,1193,0.0,0.0
DTXSID6044648,1193,0.0,0.0
DTXSID6044690,1193,2.567874254927919e-13,0.0
DTXSID6044692,1193,0.0,0.0
DTXSID6044696,1193,0.0,0.0
DTXSID6044698,1193,0.0,0.0
DTXSID6044721,1193,2.402734823168773e-12,0.0
DTXSID6044723,1193,0.0,0.0
DTXSID6044725,1193,0.0,0.0
DTXSID6044727,1193,2.9417049495500615e-16,0.0
DTXSID6044771,1193,0.0,0.0
DTXSID6044773,1193,1.0447384057591027e-11,0.0
DTXSID6044777,1193,2.948884505298289e-11,0.0
DTXSID6044779,1193,0.0,0.0
DTXSID6044800,1193,0.0,0.0
DTXSID6044802,1193,0.0,0.0
DTXSID6044804,1193,8.133696580101443e-13,0.0
DTXSID6044808,1193,1.6026187531275214e-16,0.0
DTXSID6044852,1193,6.064544901777885e-09,0.0
DTXSID6044854,1193,0.0,0.0
DTXSID6044856,1193,0.0,0.0
DTXSID6044858,1193,0.0,0.0
DTXSID6044931,1193,0.0,0.0
DTXSID6044933,1193,0.0,0.0
DTXSID6044935,1193,1.1792860109599728e-13,0.0
DTXSID6044939,1193,0.0,0.0
DTXSID6044981,1193,0.0,0.0
DTXSID6044983,1193,0.0,0.0
DTXSID6044985,1193,0.0,0.0
DTXSID6044989,1193,1.753137865183249e-12,0.0
DTXSID6045082,1193,0.0,0.0
DTXSID6045084,1193,0.0,0.0
DTXSID6045086,1193,0.0,0.0
DTXSID6045088,1193,0.0,0.0
DTXSID6045111,1193,3.0434750175088587e-13,0.0
DTXSID6045115,1193,3.250469325950183e-09,0.0
DTXSID6045117,1193,0.0,0.0
DTXSID6045119,1193,0.0,0.0
DTXSID6045161,1193,0.0,0.0
DTXSID6045163,1193,0.0,0.0
DTXSID6045165,1193,2.096149958600113e-07,0.0
DTXSID6045167,1193,4.0549045222185726e-07,0.0
DTXSID6045169,1193,1.2836524764390785e-12,0.0
DTXSID6045240,1193,0.0,0.0
DTXSID6045244,1193,1.1058459769293417e-15,0.0
DTXSID6045248,1193,6.939519791065355e-12,0.0
DTXSID6045292,1193,1.642463465904071e-12,0.0
DTXSID6045296,1193,0.0,0.0
DTXSID6045321,1193,0.0,0.0
DTXSID6045323,1193,0.0,0.0
DTXSID6045325,1193,0.0,0.0
DTXSID6045371,1193,1.4047899889267627e-09,0.0
DTXSID6045373,1193,0.0,0.0
DTXSID6045375,1193,0.0,0.0
DTXSID6045377,1193,1.7168914945592529e-07,0.0
DTXSID6045400,1193,6.009320208665973e-16,0.0
DTXSID6045402,1193,5.778687624845384e-14,0.0
DTXSID6045406,1193,2.0197788326497186e-13,0.0
DTXSID6045408,1193,0.0,0.0
DTXSID6045452,1193,,
DTXSID6045531,1193,0.0,0.0
DTXSID6045533,1193,0.0,0.0
DTXSID6045535,1193,0.0,0.0
DTXSID6045537,1193,0.0,0.0
DTXSID6045539,1193,0.0,0.0
DTXSID6045581,1193,0.0,0.0
DTXSID6045583,1193,0.9999932490576111,1.0
DTXSID6045585,1193,0.0,0.0
DTXSID6045587,1193,0.0,0.0
DTXSID6045614,1193,,
DTXSID6045616,1193,0.0,0.0
DTXSID6045618,1193,,
DTXSID6045660,1193,1.93417031756351e-10,0.0
DTXSID6045662,1193,1.3491754121253263e-11,0.0
DTXSID6045666,1193,0.0,0.0
DTXSID6045668,1193,0.0,0.0
DTXSID6045741,1193,2.8731943121899235e-14,0.0
DTXSID6045743,1193,,
DTXSID6045745,1193,0.0,0.0
DTXSID6045749,1193,0.0,0.0
DTXSID6045791,1193,,
DTXSID6045795,1193,0.0,0.0
DTXSID6045820,1193,0.0,0.0
DTXSID6045822,1193,5.5868414207007104e-18,0.0
DTXSID6045824,1193,0.0,0.0
DTXSID6045828,1193,7.848190971223094e-14,0.0
DTXSID6045870,1193,0.0,0.0
DTXSID6045872,1193,0.0,0.0
DTXSID6045874,1193,0.0,0.0
DTXSID6045878,1193,0.0,0.0
DTXSID6045901,1193,1.6392049853825166e-12,0.0
DTXSID6045903,1193,0.0,0.0
DTXSID6045905,1193,0.0,0.0
DTXSID6045907,1193,0.0,0.0
DTXSID6045909,1193,0.0,0.0
DTXSID6045951,1193,1.6548186526329391e-18,0.0
DTXSID6045953,1193,2.7621387543973643e-12,0.0
DTXSID6045955,1193,0.0,0.0
DTXSID6045957,1193,7.739151867747682e-11,0.0
DTXSID6045959,1193,0.0,0.0
DTXSID6046000,1193,0.0,0.0
DTXSID6046008,1193,,
DTXSID6046054,1193,0.0,0.0
DTXSID6046131,1193,2.7799279567176622e-08,0.0
DTXSID6046133,1193,4.307669416874363e-16,0.0
DTXSID6046135,1193,0.0,0.0
DTXSID6046137,1193,0.0,0.0
DTXSID6046139,1193,0.0,0.0
DTXSID6046181,1193,3.1592646975031554e-11,0.0
DTXSID6046183,1193,6.306020907117808e-13,0.0
DTXSID6046185,1193,0.0,0.0
DTXSID6046187,1193,0.0,0.0
DTXSID6046189,1193,3.7805958572127954e-14,0.0
DTXSID6046210,1193,0.0,0.0
DTXSID6046212,1193,6.9878244185585305e-09,0.0
DTXSID6046214,1193,0.0,0.0
DTXSID6046216,1193,9.878902190972711e-13,0.0
DTXSID6046218,1193,1.1809891141562899e-14,0.0
DTXSID6046260,1193,4.095697626266053e-09,0.0
DTXSID6046262,1193,0.0,0.0
DTXSID6046264,1193,0.0,0.0
DTXSID6046266,1193,0.0,0.0
DTXSID6046268,1193,4.307242454823394e-16,0.0
DTXSID6046341,1193,0.0,0.0
DTXSID6046343,1193,0.0,0.0
DTXSID6046345,1193,1.2277414606731302e-12,0.0
DTXSID6046347,1193,0.0,0.0
DTXSID6046349,1193,0.0,0.0
DTXSID6046391,1193,0.0,0.0
DTXSID6046393,1193,1.193597143399817e-08,0.0
DTXSID6046395,1193,0.0,0.0
DTXSID6046397,1193,0.0,0.0
DTXSID6046399,1193,1.6614352674798445e-13,0.0
DTXSID6046420,1193,0.0,0.0
DTXSID6046422,1193,0.0,0.0
DTXSID6046424,1193,0.0,0.0
DTXSID6046426,1193,2.7404638624681757e-11,0.0
DTXSID6046428,1193,2.6840621642611325e-09,0.0
DTXSID6046470,1193,0.0,0.0
DTXSID6046472,1193,,
DTXSID6046474,1193,0.0,0.0
DTXSID6046476,1193,0.0,0.0
DTXSID6046478,1193,0.0,0.0
DTXSID6046501,1193,0.0,0.0
DTXSID6046503,1193,9.854279870993323e-19,0.0
DTXSID6046505,1193,8.817793624419576e-12,0.0
DTXSID6046507,1193,,
DTXSID6046509,1193,0.0,0.0
DTXSID6046551,1193,0.0,0.0
DTXSID6046553,1193,0.7751434701591875,0.0
DTXSID6046555,1193,0.0,0.0
DTXSID6046557,1193,1.5561554867887338e-09,0.0
DTXSID6046630,1193,3.636560002352809e-12,0.0
DTXSID6046634,1193,0.0,0.0
DTXSID6046636,1193,0.0,0.0
DTXSID6046638,1193,0.0,0.0
DTXSID6046682,1193,0.0,0.0
DTXSID6046686,1193,9.730055678571138e-13,0.0
DTXSID6046688,1193,0.0,0.0
DTXSID6046713,1193,1.0248735416207339e-13,0.0
DTXSID6046715,1193,0.0,0.0
DTXSID6046719,1193,,
DTXSID6046761,1193,0.0,0.0
DTXSID6046763,1193,0.0,0.0
DTXSID6046765,1193,0.0,0.0
DTXSID6046767,1193,0.0,0.0
DTXSID6046842,1193,0.0,0.0
DTXSID6046844,1193,,
DTXSID6046846,1193,6.033566610922053e-10,0.0
DTXSID6046890,1193,3.4797087025732215e-12,0.0
DTXSID6046892,1193,0.9883322077485079,1.0
DTXSID6046894,1193,0.0,0.0
DTXSID6046896,1193,,
DTXSID6046898,1193,0.0,0.0
DTXSID6046921,1193,0.0,0.0
DTXSID6046923,1193,0.0,0.0
DTXSID6046925,1193,5.567939279989241e-09,0.0
DTXSID6046977,1193,4.955345100030946e-14,0.0
DTXSID6046979,1193,5.084651239090073e-07,0.0
DTXSID6047028,1193,1.8407596177522495e-14,0.0
DTXSID6047070,1193,0.0,0.0
DTXSID6047072,1193,0.0,0.0
DTXSID6047074,1193,0.0,0.0
DTXSID6047076,1193,0.0,0.0
DTXSID6047078,1193,0.0,0.0
DTXSID6047101,1193,0.0,0.0
DTXSID6047103,1193,,
DTXSID6047105,1193,0.0,0.0
DTXSID6047107,1193,0.0,0.0
DTXSID6047109,1193,0.0,0.0
DTXSID6047155,1193,0.0,0.0
DTXSID6047157,1193,6.141954395843339e-15,0.0
DTXSID6047159,1193,0.0,0.0
DTXSID6047236,1193,0.0,0.0
DTXSID6047280,1193,2.4492092871862153e-11,0.0
DTXSID6047282,1193,1.919500727924036e-16,0.0
DTXSID6047284,1193,1.1538007535161649e-13,0.0
DTXSID6047286,1193,0.0,0.0
DTXSID6047288,1193,,
DTXSID6047311,1193,0.0,0.0
DTXSID6047313,1193,0.0,0.0
DTXSID6047315,1193,,
DTXSID6047319,1193,0.0,0.0
DTXSID6047363,1193,0.0,0.0
DTXSID6047369,1193,,
DTXSID6047440,1193,0.0,0.0
DTXSID6047444,1193,0.0,0.0
DTXSID6047446,1193,0.0,0.0
DTXSID6047448,1193,0.0,0.0
DTXSID6047490,1193,0.0,0.0
DTXSID6047498,1193,,
DTXSID6047523,1193,0.0,0.0
DTXSID6047525,1193,0.0,0.0
DTXSID6047527,1193,,
DTXSID6047529,1193,1.2032767365615003e-11,0.0
DTXSID6047579,1193,0.0,0.0
DTXSID6047604,1193,0.0,0.0
DTXSID6047606,1193,0.0,0.0
DTXSID6047608,1193,0.0,0.0
DTXSID6047654,1193,7.936944688737006e-13,0.0
DTXSID6047656,1193,0.0,0.0
DTXSID6047781,1193,2.989743496759122e-10,0.0
DTXSID6047783,1193,0.0,0.0
DTXSID6047785,1193,0.0,0.0
DTXSID6047787,1193,1.997887787729812e-11,0.0
DTXSID6047789,1193,1.7031722834739442e-09,0.0
DTXSID6047810,1193,0.0,0.0
DTXSID6047818,1193,5.4549264360238065e-11,0.0
DTXSID6047941,1193,5.643122297322389e-13,0.0
DTXSID6047943,1193,0.0,0.0
DTXSID6047945,1193,4.7888738946976473e-11,0.0
DTXSID6047947,1193,0.0,0.0
DTXSID6047949,1193,0.0,0.0
DTXSID6048171,1193,,
DTXSID6048175,1193,3.9472200697414247e-10,0.0
DTXSID6048200,1193,3.281870819098167e-16,0.0
DTXSID6048202,1193,0.0,0.0
DTXSID6048204,1193,3.9432577938761133e-16,0.0
DTXSID6048206,1193,1.0110048958159148e-18,0.0
DTXSID6048208,1193,0.0,0.0
DTXSID6048333,1193,1.2525600586967984e-14,0.0
DTXSID6048383,1193,0.0,0.0
DTXSID6048591,1193,0.0,0.0
DTXSID6048593,1193,0.0,0.0
DTXSID6048595,1193,0.0,0.0
DTXSID6048597,1193,0.0,0.0
DTXSID6048599,1193,2.351398023798995e-09,0.0
DTXSID6048620,1193,1.9267011321336746e-09,0.0
DTXSID6048622,1193,0.0,0.0
DTXSID6048624,1193,0.0,0.0
DTXSID6048626,1193,2.76002802941176e-10,0.0
DTXSID6048628,1193,2.1978767018730922e-08,0.0
DTXSID6048670,1193,0.0,0.0
DTXSID6048672,1193,,
DTXSID6048674,1193,0.0,0.0
DTXSID6048676,1193,1.566490902007028e-08,0.0
DTXSID6048678,1193,0.0,0.0
DTXSID6048701,1193,0.0,0.0
DTXSID6048703,1193,0.0,0.0
DTXSID6048705,1193,1.455753970008583e-13,0.0
DTXSID6048707,1193,0.0,0.0
DTXSID6048709,1193,0.0,0.0
DTXSID6048751,1193,1.0742422100150451e-14,0.0
DTXSID6048753,1193,0.0,0.0
DTXSID6048755,1193,2.0794696666835815e-12,0.0
DTXSID6048757,1193,0.0,0.0
DTXSID6048759,1193,0.0,0.0
DTXSID6048830,1193,2.2814680358622794e-12,0.0
DTXSID6048832,1193,0.0,0.0
DTXSID6048834,1193,0.0,0.0
DTXSID6048836,1193,2.398259150814327e-14,0.0
DTXSID6048838,1193,0.0,0.0
DTXSID6048880,1193,0.0,0.0
DTXSID6048882,1193,6.593564256134842e-12,0.0
DTXSID6048884,1193,0.0,0.0
DTXSID6048886,1193,0.0,0.0
DTXSID6048888,1193,0.0,0.0
DTXSID6048911,1193,0.0,0.0
DTXSID6048913,1193,4.343596697182427e-07,0.0
DTXSID6048915,1193,3.63215930742121e-16,0.0
DTXSID6048917,1193,0.0,0.0
DTXSID6048919,1193,0.0,0.0
DTXSID6048961,1193,0.8492413255843233,0.0
DTXSID6048963,1193,0.0,0.0
DTXSID6048965,1193,0.0,0.0
DTXSID6048967,1193,4.2949444247495615e-10,0.0
DTXSID6048969,1193,5.354596975174464e-12,0.0
DTXSID6049010,1193,0.0,0.0
DTXSID6049012,1193,0.0,0.0
DTXSID6049016,1193,6.424979330725817e-12,0.0
DTXSID6049018,1193,0.0,0.0
DTXSID6049060,1193,7.914846033781044e-11,0.0
DTXSID6049062,1193,0.0,0.0
DTXSID6049064,1193,0.0,0.0
DTXSID6049066,1193,0.0,0.0
DTXSID6049068,1193,0.0,0.0
DTXSID6049220,1193,0.0,0.0
DTXSID6049222,1193,0.009496270626768204,0.0
DTXSID6049224,1193,2.59768183041069e-15,0.0
DTXSID6049226,1193,5.202940663062082e-05,0.0
DTXSID6049228,1193,0.0,0.0
DTXSID6049270,1193,0.0,0.0
DTXSID6049272,1193,1.574164936905047e-10,0.0
DTXSID6049274,1193,0.0,0.0
DTXSID6049276,1193,0.0,0.0
DTXSID6049278,1193,0.0,0.0
DTXSID6049301,1193,,
DTXSID6049303,1193,0.0,0.0
DTXSID6049305,1193,0.0,0.0
DTXSID6049307,1193,0.0,0.0
DTXSID6049309,1193,0.0,0.0
DTXSID6049351,1193,,
DTXSID6049353,1193,1.1750724237646661e-16,0.0
DTXSID6049355,1193,1.5335527884576554e-11,0.0
DTXSID6049357,1193,0.0,0.0
DTXSID6049359,1193,,
DTXSID6049430,1193,0.0,0.0
DTXSID6049432,1193,0.0,0.0
DTXSID6049480,1193,0.0,0.0
DTXSID6049482,1193,4.0857049795621496e-13,0.0
DTXSID6049484,1193,2.743188180232815e-12,0.0
DTXSID6049486,1193,1.2277449498068262e-16,0.0
DTXSID6049488,1193,0.0,0.0
DTXSID6049511,1193,0.0,0.0
DTXSID6049513,1193,0.0,0.0
DTXSID6049515,1193,0.0,0.0
DTXSID6049517,1193,0.0,0.0
DTXSID6049519,1193,4.1024567450808825e-15,0.0
DTXSID6049561,1193,0.0,0.0
DTXSID6050386,1193,0.0,0.0
DTXSID7020005,1193,0.0,0.0
DTXSID7020007,1193,1.1501998722547507e-09,0.0
DTXSID7020009,1193,0.0,0.0
DTXSID7020053,1193,0.0,0.0
DTXSID7020057,1193,0.0,0.0
DTXSID7020138,1193,0.0,0.0
DTXSID7020182,1193,8.335711218751336e-13,0.0
DTXSID7020184,1193,0.0,0.0
DTXSID7020211,1193,3.7361508188065023e-11,0.0
DTXSID7020213,1193,0.0,0.0
DTXSID7020215,1193,0.0,0.0
DTXSID7020261,1193,0.0,0.0
DTXSID7020263,1193,1.179363753073281e-16,0.0
DTXSID7020265,1193,0.0,0.0
DTXSID7020267,1193,,
DTXSID7020340,1193,0.9458782751072584,1.0
DTXSID7020342,1193,0.0,0.0
DTXSID7020344,1193,3.0605661395732986e-06,0.0
DTXSID7020348,1193,0.0,0.0
DTXSID7020390,1193,0.0,0.0
DTXSID7020392,1193,1.1282162645125597e-16,0.0
DTXSID7020398,1193,9.876165900509744e-13,0.0
DTXSID7020421,1193,9.69872509565013e-16,0.0
DTXSID7020423,1193,0.00028541038182137426,0.0
DTXSID7020425,1193,0.0,0.0
DTXSID7020427,1193,0.0,0.0
DTXSID7020479,1193,0.0,0.0
DTXSID7020504,1193,6.626917307373631e-15,0.0
DTXSID7020508,1193,3.067087251008701e-12,0.0
DTXSID7020550,1193,0.0,0.0
DTXSID7020552,1193,0.0,0.0
DTXSID7020558,1193,,
DTXSID7020631,1193,0.0,0.0
DTXSID7020635,1193,,
DTXSID7020681,1193,0.0,0.0
DTXSID7020683,1193,4.633928372122175e-06,0.0
DTXSID7020685,1193,3.1853066547798018e-09,0.0
DTXSID7020687,1193,0.0,0.0
DTXSID7020689,1193,0.0,0.0
DTXSID7020710,1193,0.0,0.0
DTXSID7020714,1193,0.0,0.0
DTXSID7020716,1193,0.0,0.0
DTXSID7020760,1193,3.294981451382103e-08,0.0
DTXSID7020762,1193,0.0,0.0
DTXSID7020764,1193,4.943696818785497e-09,0.0
DTXSID7020766,1193,8.613432305017874e-12,0.0
DTXSID7020768,1193,,
DTXSID7020841,1193,0.0,0.0
DTXSID7020843,1193,3.8256716275697675e-15,0.0
DTXSID7020845,1193,0.0,0.0
DTXSID7020847,1193,0.0,0.0
DTXSID7020893,1193,0.0,0.0
DTXSID7020895,1193,0.0,0.0
DTXSID7020897,1193,3.3411210612744556e-07,0.0
DTXSID7020899,1193,1.678341678561547e-11,0.0
DTXSID7020920,1193,0.0,0.0
DTXSID7020922,1193,0.0,0.0
DTXSID7020928,1193,0.0,0.0
DTXSID7020970,1193,0.0,0.0
DTXSID7020972,1193,0.0,0.0
DTXSID7020978,1193,1.1207773681586327e-14,0.0
DTXSID7021027,1193,0.0,0.0
DTXSID7021029,1193,0.0,0.0
DTXSID7021100,1193,0.0,0.0
DTXSID7021102,1193,0.0,0.0
DTXSID7021104,1193,0.0,0.0
DTXSID7021106,1193,0.0,0.0
DTXSID7021150,1193,,
DTXSID7021152,1193,2.0580302774432185e-08,0.0
DTXSID7021156,1193,0.0,0.0
DTXSID7021158,1193,0.0,0.0
DTXSID7021231,1193,0.0,0.0
DTXSID7021233,1193,0.0,0.0
DTXSID7021235,1193,0.0,0.0
DTXSID7021237,1193,2.0429588806888472e-10,0.0
DTXSID7021239,1193,0.0,0.0
DTXSID7021283,1193,,
DTXSID7021287,1193,0.0,0.0
DTXSID7021289,1193,4.8410511095845485e-14,0.0
DTXSID7021312,1193,,
DTXSID7021314,1193,,
DTXSID7021316,1193,1.5904693837350066e-06,0.0
DTXSID7021318,1193,0.0,0.0
DTXSID7021360,1193,0.0,0.0
DTXSID7021362,1193,1.2202937991755186e-18,0.0
DTXSID7021364,1193,0.0,0.0
DTXSID7021366,1193,0.0,0.0
DTXSID7021368,1193,,
DTXSID7021491,1193,0.0,0.0
DTXSID7021493,1193,8.074941163629133e-08,0.0
DTXSID7021495,1193,0.0,0.0
DTXSID7021499,1193,0.0,0.0
DTXSID7021520,1193,5.407133778107456e-11,0.0
DTXSID7021524,1193,0.0,0.0
DTXSID7021526,1193,0.0,0.0
DTXSID7021576,1193,4.632583100445539e-16,0.0
DTXSID7021601,1193,1.1825224153690518e-12,0.0
DTXSID7021603,1193,4.236762098829128e-07,0.0
DTXSID7021605,1193,3.4534071388300606e-09,0.0
DTXSID7021607,1193,0.0,0.0
DTXSID7021653,1193,1.47499470318152e-17,0.0
DTXSID7021655,1193,0.0,0.0
DTXSID7021657,1193,0.0,0.0
DTXSID7021659,1193,1.1484189332170852e-12,0.0
DTXSID7021780,1193,1.3368953930392146e-16,0.0
DTXSID7021784,1193,0.0,0.0
DTXSID7021788,1193,,
DTXSID7021815,1193,7.766362628711386e-17,0.0
DTXSID7021817,1193,4.1600238209416655e-13,0.0
DTXSID7021863,1193,0.0,0.0
DTXSID7021867,1193,5.6091689850006645e-09,0.0
DTXSID7021869,1193,3.64173974933837e-13,0.0
DTXSID7021940,1193,3.1004427894464485e-12,0.0
DTXSID7021946,1193,0.0,0.0
DTXSID7021948,1193,2.30488275468356e-14,0.0
DTXSID7021992,1193,0.0,0.0
DTXSID7021994,1193,0.0,0.0
DTXSID7021996,1193,0.0,0.0
DTXSID7021998,1193,0.0,0.0
DTXSID7022043,1193,0.0,0.0
DTXSID7022049,1193,0.0,0.0
DTXSID7022093,1193,0.0,0.0
DTXSID7022120,1193,2.3445582565655414e-10,0.0
DTXSID7022124,1193,2.1436559813650103e-15,0.0
DTXSID7022128,1193,0.0,0.0
DTXSID7022170,1193,0.0,0.0
DTXSID7022172,1193,0.0,0.0
DTXSID7022174,1193,9.746820234285827e-12,0.0
DTXSID7022253,1193,1.7040479091771385e-07,0.0
DTXSID7022332,1193,0.0,0.0
DTXSID7022382,1193,0.0,0.0
DTXSID7022384,1193,,
DTXSID7022411,1193,4.1864865273273155e-14,0.0
DTXSID7022413,1193,0.0,0.0
DTXSID7022415,1193,0.0,0.0
DTXSID7022417,1193,8.604333772481492e-10,0.0
DTXSID7022540,1193,0.0,0.0
DTXSID7022544,1193,1.667134378301618e-09,0.0
DTXSID7022546,1193,0.0,0.0
DTXSID7022590,1193,0.0,0.0
DTXSID7022592,1193,0.0,0.0
DTXSID7022598,1193,1.0782954132590808e-11,0.0
DTXSID7022629,1193,0.0,0.0
DTXSID7022671,1193,0.0,0.0
DTXSID7022673,1193,0.0,0.0
DTXSID7022679,1193,1.599292559587126e-11,0.0
DTXSID7022752,1193,4.311553076948598e-13,0.0
DTXSID7022754,1193,0.0,0.0
DTXSID7022833,1193,0.0,0.0
DTXSID7022835,1193,0.0,0.0
DTXSID7022837,1193,0.9960605424021554,1.0
DTXSID7022839,1193,,
DTXSID7022883,1193,,
DTXSID7022910,1193,3.789982570939199e-17,0.0
DTXSID7022912,1193,0.0,0.0
DTXSID7022914,1193,0.0,0.0
DTXSID7022918,1193,0.0,0.0
DTXSID7022968,1193,0.0,0.0
DTXSID7023011,1193,0.0,0.0
DTXSID7023019,1193,0.0,0.0
DTXSID7023061,1193,0.0,0.0
DTXSID7023063,1193,2.5437425327584804e-11,0.0
DTXSID7023067,1193,5.671122688668928e-14,0.0
DTXSID7023146,1193,0.0,0.0
DTXSID7023190,1193,0.0,0.0
DTXSID7023192,1193,0.0,0.0
DTXSID7023194,1193,1.0316449576397764e-16,0.0
DTXSID7023196,1193,1.1351620364465212e-10,0.0
DTXSID7023198,1193,0.0,0.0
DTXSID7023225,1193,0.0,0.0
DTXSID7023227,1193,0.0,0.0
DTXSID7023271,1193,0.0,0.0
DTXSID7023277,1193,0.0,0.0
DTXSID7023279,1193,7.835307387158787e-11,0.0
DTXSID7023300,1193,0.0,0.0
DTXSID7023302,1193,0.0,0.0
DTXSID7023350,1193,1.4297794359557567e-06,0.0
DTXSID7023352,1193,4.791238771838313e-11,0.0
DTXSID7023356,1193,0.0,0.0
DTXSID7023435,1193,2.505469032144657e-13,0.0
DTXSID7023437,1193,0.0,0.0
DTXSID7023481,1193,0.0,0.0
DTXSID7023485,1193,0.0,0.0
DTXSID7023487,1193,0.0,0.0
DTXSID7023510,1193,1.3037719705418372e-09,0.0
DTXSID7023512,1193,0.0,0.0
DTXSID7023516,1193,0.0,0.0
DTXSID7023518,1193,,
DTXSID7023566,1193,5.256947537050051e-08,0.0
DTXSID7023568,1193,0.0,0.0
DTXSID7023643,1193,0.0,0.0
DTXSID7023645,1193,0.0,0.0
DTXSID7023691,1193,0.0,0.0
DTXSID7023693,1193,0.0,0.0
DTXSID7023697,1193,3.111862610306868e-17,0.0
DTXSID7023699,1193,0.0,0.0
DTXSID7023722,1193,0.0,0.0
DTXSID7023724,1193,0.0,0.0
DTXSID7023853,1193,4.33110686406541e-11,0.0
DTXSID7023930,1193,0.0,0.0
DTXSID7023932,1193,0.0,0.0
DTXSID7023936,1193,4.965342903797669e-18,0.0
DTXSID7023938,1193,3.406541049840824e-10,0.0
DTXSID7023980,1193,0.0,0.0
DTXSID7023986,1193,0.0,0.0
DTXSID7024031,1193,0.0,0.0
DTXSID7024035,1193,0.0,0.0
DTXSID7024081,1193,0.0,0.0
DTXSID7024085,1193,3.3611839823960884e-16,0.0
DTXSID7024087,1193,1.1803299138942574e-16,0.0
DTXSID7024110,1193,,
DTXSID7024112,1193,2.7895906157348268e-09,0.0
DTXSID7024160,1193,0.0,0.0
DTXSID7024164,1193,0.0,0.0
DTXSID7024166,1193,0.0,0.0
DTXSID7024241,1193,0.0,0.0
DTXSID7024245,1193,4.7947776127223475e-09,0.0
DTXSID7024247,1193,2.766417042557089e-16,0.0
DTXSID7024291,1193,5.274886331251694e-12,0.0
DTXSID7024299,1193,0.0,0.0
DTXSID7024320,1193,3.3843128029772414e-11,0.0
DTXSID7024328,1193,0.0,0.0
DTXSID7024370,1193,0.0,0.0
DTXSID7024376,1193,0.0,0.0
DTXSID7024409,1193,0.0,0.0
DTXSID7024455,1193,0.0,0.0
DTXSID7024457,1193,,
DTXSID7024532,1193,0.0,0.0
DTXSID7024534,1193,0.0,0.0
DTXSID7024538,1193,0.0,0.0
DTXSID7024580,1193,0.0,0.0
DTXSID7024586,1193,1.1343655849559177e-16,0.0
DTXSID7024615,1193,0.0,0.0
DTXSID7024661,1193,0.0,0.0
DTXSID7024667,1193,0.0,0.0
DTXSID7024740,1193,0.0,0.0
DTXSID7024742,1193,0.0,0.0
DTXSID7024798,1193,0.0,0.0
DTXSID7024821,1193,8.06957372929933e-10,0.0
DTXSID7024827,1193,0.0,0.0
DTXSID7024873,1193,6.0944838592620425e-05,0.0
DTXSID7024875,1193,0.0,0.0
DTXSID7024902,1193,0.0,0.0
DTXSID7024906,1193,0.0,0.0
DTXSID7024952,1193,4.915180919229422e-16,0.0
DTXSID7024956,1193,,
DTXSID7025001,1193,0.0,0.0
DTXSID7025003,1193,2.1374312206738213e-18,0.0
DTXSID7025005,1193,9.8974578747957e-13,0.0
DTXSID7025051,1193,0.0,0.0
DTXSID7025053,1193,7.621568645535728e-17,0.0
DTXSID7025055,1193,0.0,0.0
DTXSID7025130,1193,1.8812553404326935e-14,0.0
DTXSID7025132,1193,0.0,0.0
DTXSID7025134,1193,0.0,0.0
DTXSID7025136,1193,0.0,0.0
DTXSID7025138,1193,,
DTXSID7025180,1193,,
DTXSID7025215,1193,0.0,0.0
DTXSID7025217,1193,1.661247744182602e-05,0.0
DTXSID7025219,1193,9.864144069035539e-12,0.0
DTXSID7025269,1193,2.3637765033085766e-14,0.0
DTXSID7025342,1193,0.0,0.0
DTXSID7025346,1193,9.748734161589527e-15,0.0
DTXSID7025390,1193,0.0,0.0
DTXSID7025421,1193,0.0,0.0
DTXSID7025423,1193,0.0,0.0
DTXSID7025425,1193,0.0,0.0
DTXSID7025427,1193,0.0,0.0
DTXSID7025429,1193,1.4476188570636248e-11,0.0
DTXSID7025479,1193,0.0,0.0
DTXSID7025502,1193,0.0,0.0
DTXSID7025506,1193,0.42725815943863377,0.0
DTXSID7025508,1193,2.2258767943685143e-09,0.0
DTXSID7025556,1193,0.0,0.0
DTXSID7025558,1193,0.0,0.0
DTXSID7025633,1193,0.0,0.0
DTXSID7025635,1193,,
DTXSID7025637,1193,0.0,0.0
DTXSID7025639,1193,0.0,0.0
DTXSID7025689,1193,4.013302379370211e-14,0.0
DTXSID7025716,1193,0.0,0.0
DTXSID7025764,1193,0.0,0.0
DTXSID7025768,1193,0.0,0.0
DTXSID7025849,1193,1.1768790288145594e-16,0.0
DTXSID7025895,1193,,
DTXSID7025922,1193,1.2023821905979554e-12,0.0
DTXSID7025924,1193,0.0,0.0
DTXSID7025926,1193,0.0,0.0
DTXSID7025972,1193,0.0,0.0
DTXSID7026025,1193,0.0,0.0
DTXSID7026029,1193,0.0,0.0
DTXSID7026102,1193,8.406051131921164e-11,0.0
DTXSID7026108,1193,0.0,0.0
DTXSID7026156,1193,0.0,0.0
DTXSID7026231,1193,0.0,0.0
DTXSID7026235,1193,0.0,0.0
DTXSID7026285,1193,0.0,0.0
DTXSID7026314,1193,,
DTXSID7026318,1193,1.3355943735625426e-11,0.0
DTXSID7026366,1193,0.0,0.0
DTXSID7026368,1193,0.0,0.0
DTXSID7026441,1193,0.0,0.0
DTXSID7026499,1193,0.0,0.0
DTXSID7026520,1193,0.0,0.0
DTXSID7026526,1193,0.0,0.0
DTXSID7026528,1193,0.0,0.0
DTXSID7026572,1193,0.0,0.0
DTXSID7026605,1193,1.0518280192482077e-09,0.0
DTXSID7026609,1193,0.0,0.0
DTXSID7026653,1193,2.1964014226034606e-11,0.0
DTXSID7026655,1193,,
DTXSID7026811,1193,2.4190557513391324e-08,0.0
DTXSID7026863,1193,0.0,0.0
DTXSID7026867,1193,1.6687981062079644e-11,0.0
DTXSID7026946,1193,1.561787939235229e-15,0.0
DTXSID7026994,1193,0.0,0.0
DTXSID7026998,1193,0.0,0.0
DTXSID7027041,1193,3.1287414970488357e-16,0.0
DTXSID7027043,1193,0.0,0.0
DTXSID7027047,1193,9.19537104470372e-14,0.0
DTXSID7027049,1193,0.0,0.0
DTXSID7027097,1193,1.0733619006416137e-08,0.0
DTXSID7027099,1193,0.0,0.0
DTXSID7027120,1193,0.0,0.0
DTXSID7027122,1193,4.846782022931287e-16,0.0
DTXSID7027170,1193,2.796148336569898e-10,0.0
DTXSID7027174,1193,0.0,0.0
DTXSID7027178,1193,0.0,0.0
DTXSID7027201,1193,0.0,0.0
DTXSID7027205,1193,3.3187915147754396e-13,0.0
DTXSID7027253,1193,0.0,0.0
DTXSID7027259,1193,0.0,0.0
DTXSID7027334,1193,7.488107068721426e-14,0.0
DTXSID7027338,1193,0.0,0.0
DTXSID7027386,1193,0.0,0.0
DTXSID7027388,1193,5.126549291525939e-10,0.0
DTXSID7027413,1193,0.0,0.0
DTXSID7027461,1193,0.0,0.0
DTXSID7027467,1193,0.0,0.0
DTXSID7027540,1193,1.8976030101050707e-10,0.0
DTXSID7027542,1193,3.775031726869129e-15,0.0
DTXSID7027544,1193,5.632278875022061e-09,0.0
DTXSID7027546,1193,0.0,0.0
DTXSID7027594,1193,0.0,0.0
DTXSID7027596,1193,0.0,0.0
DTXSID7027598,1193,1.1913582259694815e-13,0.0
DTXSID7027625,1193,0.0,0.0
DTXSID7027756,1193,4.099132585823214e-11,0.0
DTXSID7027833,1193,1.0999396097235047e-11,0.0
DTXSID7027835,1193,0.0,0.0
DTXSID7027837,1193,0.0,0.0
DTXSID7027887,1193,0.0,0.0
DTXSID7027916,1193,0.0,0.0
DTXSID7027966,1193,2.9776626997053e-11,0.0
DTXSID7028013,1193,0.0,0.0
DTXSID7028015,1193,,
DTXSID7028300,1193,6.897978612764386e-13,0.0
DTXSID7028306,1193,0.0,0.0
DTXSID7028774,1193,2.5304983393369003e-13,0.0
DTXSID7028776,1193,0.0,0.0
DTXSID7029110,1193,1.2592290693849717e-12,0.0
DTXSID7029160,1193,0.0,0.0
DTXSID7029162,1193,2.7470895788890516e-13,0.0
DTXSID7029164,1193,0.0,0.0
DTXSID7029166,1193,0.0,0.0
DTXSID7029241,1193,,
DTXSID7029247,1193,0.0,0.0
DTXSID7029249,1193,0.0,0.0
DTXSID7029299,1193,0.0,0.0
DTXSID7029320,1193,2.0541871839782459e-13,0.0
DTXSID7029534,1193,1.921500640610248e-09,0.0
DTXSID7029611,1193,2.1895508634543087e-11,0.0
DTXSID7029617,1193,0.0,0.0
DTXSID7029619,1193,1.3658235936718242e-17,0.0
DTXSID7029661,1193,0.0,0.0
DTXSID7029665,1193,5.4386883431525465e-17,0.0
DTXSID7029871,1193,0.0,0.0
DTXSID7029879,1193,4.574739214423351e-10,0.0
DTXSID7029904,1193,0.0,0.0
DTXSID7030060,1193,5.516193178689752e-13,0.0
DTXSID7030197,1193,4.2358867742409116e-15,0.0
DTXSID7030307,1193,0.0,0.0
DTXSID7030432,1193,0.0,0.0
DTXSID7030698,1193,7.539005174858624e-12,0.0
DTXSID7031248,1193,0.0,0.0
DTXSID7031290,1193,0.0,0.0
DTXSID7031294,1193,0.0,0.0
DTXSID7031458,1193,0.0,0.0
DTXSID7031531,1193,0.0,0.0
DTXSID7031797,1193,6.6146305835560315e-18,0.0
DTXSID7031903,1193,0.0,0.0
DTXSID7032004,1193,0.0,0.0
DTXSID7032345,1193,,
DTXSID7032393,1193,5.771807397248305e-08,0.0
DTXSID7032424,1193,0.0,0.0
DTXSID7032470,1193,0.0,0.0
DTXSID7032474,1193,0.0,0.0
DTXSID7032551,1193,,
DTXSID7032553,1193,,
DTXSID7032555,1193,1.1606661529175999e-11,0.0
DTXSID7032559,1193,,
DTXSID7032630,1193,0.0,0.0
DTXSID7032638,1193,0.0,0.0
DTXSID7032688,1193,2.8023169371693824e-05,0.0
DTXSID7033105,1193,0.0,0.0
DTXSID7034042,1193,,
DTXSID7034250,1193,0.0,0.0
DTXSID7034252,1193,1.0798392600843021e-16,0.0
DTXSID7034383,1193,0.0,0.0
DTXSID7034545,1193,2.1452768300976062e-19,0.0
DTXSID7034549,1193,0.0,0.0
DTXSID7034672,1193,0.0,0.0
DTXSID7034674,1193,,
DTXSID7034676,1193,0.0,0.0
DTXSID7034836,1193,0.0,0.0
DTXSID7034961,1193,8.574288640382205e-16,0.0
DTXSID7035010,1193,0.0,0.0
DTXSID7035272,1193,1.6102446527788966e-12,0.0
DTXSID7035305,1193,0.0,0.0
DTXSID7037131,1193,0.0,0.0
DTXSID7037185,1193,1.7496208729255024e-13,0.0
DTXSID7037262,1193,8.553488548518109e-07,0.0
DTXSID7037478,1193,5.474551847727121e-10,0.0
DTXSID7037551,1193,0.0,0.0
DTXSID7037553,1193,0.0,0.0
DTXSID7037555,1193,,
DTXSID7037680,1193,3.1191449835134766e-13,0.0
DTXSID7037684,1193,0.0,0.0
DTXSID7037715,1193,0.0,0.0
DTXSID7037717,1193,0.0,0.0
DTXSID7038317,1193,0.0,0.0
DTXSID7038810,1193,0.0,0.0
DTXSID7038814,1193,0.0,0.0
DTXSID7038818,1193,1.4851420034571207e-11,0.0
DTXSID7038864,1193,,
DTXSID7040152,1193,0.0,0.0
DTXSID7040154,1193,1.1200207926637904e-11,0.0
DTXSID7040283,1193,0.0,0.0
DTXSID7040285,1193,0.0,0.0
DTXSID7040287,1193,0.00016388255333594855,0.0
DTXSID7040289,1193,0.0,0.0
DTXSID7040316,1193,3.202086186917349e-11,0.0
DTXSID7040360,1193,0.0,0.0
DTXSID7040362,1193,,
DTXSID7040449,1193,0.0,0.0
DTXSID7040526,1193,0.0,0.0
DTXSID7040609,1193,0.0,0.0
DTXSID7040651,1193,0.0,0.0
DTXSID7040653,1193,0.0,0.0
DTXSID7040657,1193,0.0,0.0
DTXSID7040732,1193,7.00761713600456e-17,0.0
DTXSID7040734,1193,5.444337917580174e-10,0.0
DTXSID7040736,1193,0.0,0.0
DTXSID7040738,1193,8.74342217609373e-09,0.0
DTXSID7040788,1193,0.0,0.0
DTXSID7040948,1193,0.0,0.0
DTXSID7040990,1193,,
DTXSID7041045,1193,0.0,0.0
DTXSID7041047,1193,0.0,0.0
DTXSID7041091,1193,0.0,0.0
DTXSID7041097,1193,8.944595206000681e-13,0.0
DTXSID7041126,1193,3.403189202463411e-17,0.0
DTXSID7041178,1193,0.0,0.0
DTXSID7041201,1193,1.110482869108124e-09,0.0
DTXSID7041209,1193,1.4634220741271604e-13,0.0
DTXSID7041253,1193,0.0,0.0
DTXSID7041336,1193,,
DTXSID7041388,1193,0.0,0.0
DTXSID7041411,1193,,
DTXSID7041413,1193,0.0,0.0
DTXSID7041417,1193,0.0,0.0
DTXSID7041461,1193,,
DTXSID7041467,1193,1.0224120475562184e-10,0.0
DTXSID7041540,1193,6.518985739049419e-15,0.0
DTXSID7041544,1193,,
DTXSID7041621,1193,0.0,0.0
DTXSID7041623,1193,0.0,0.0
DTXSID7041625,1193,0.0,0.0
DTXSID7041627,1193,3.516487284583817e-15,0.0
DTXSID7041629,1193,,
DTXSID7041671,1193,0.0,0.0
DTXSID7041675,1193,4.6976133402654665e-18,0.0
DTXSID7041708,1193,0.0,0.0
DTXSID7041752,1193,,
DTXSID7041756,1193,1.163811686532096e-09,0.0
DTXSID7041883,1193,0.0,0.0
DTXSID7041887,1193,,
DTXSID7041889,1193,3.153439304717243e-13,0.0
DTXSID7041910,1193,2.302434683581954e-18,0.0
DTXSID7041914,1193,0.0,0.0
DTXSID7041916,1193,0.0,0.0
DTXSID7041918,1193,0.0,0.0
DTXSID7041962,1193,7.860417258347972e-18,0.0
DTXSID7041964,1193,0.0,0.0
DTXSID7041966,1193,0.0,0.0
DTXSID7042011,1193,1.0320623161019415e-16,0.0
DTXSID7042019,1193,2.43080675701853e-07,0.0
DTXSID7042061,1193,0.0,0.0
DTXSID7042063,1193,3.2421242732539478e-18,0.0
DTXSID7042065,1193,1.413941949365656e-08,0.0
DTXSID7042140,1193,0.0,0.0
DTXSID7042146,1193,0.0,0.0
DTXSID7042190,1193,0.0,0.0
DTXSID7042196,1193,5.2729937335624925e-12,0.0
DTXSID7042198,1193,9.115436996923267e-14,0.0
DTXSID7042273,1193,,
DTXSID7042279,1193,1.868655039348678e-17,0.0
DTXSID7042352,1193,0.0,0.0
DTXSID7042356,1193,9.455248926588427e-14,0.0
DTXSID7042437,1193,0.0,0.0
DTXSID7042514,1193,4.0393299928880165e-16,0.0
DTXSID7043829,1193,0.0,0.0
DTXSID7043873,1193,0.0,0.0
DTXSID7043902,1193,0.0,0.0
DTXSID7043908,1193,1.80073879273587e-10,0.0
DTXSID7043950,1193,4.740251159223763e-13,0.0
DTXSID7043952,1193,,
DTXSID7044130,1193,5.894556679532589e-07,0.0
DTXSID7044132,1193,0.0,0.0
DTXSID7044215,1193,0.0,0.0
DTXSID7044217,1193,1.3778524609528154e-15,0.0
DTXSID7044267,1193,0.0,0.0
DTXSID7044340,1193,0.0,0.0
DTXSID7044342,1193,5.098578349084168e-14,0.0
DTXSID7044346,1193,0.0,0.0
DTXSID7044390,1193,0.0,0.0
DTXSID7044392,1193,2.1898499431211314e-16,0.0
DTXSID7044394,1193,0.0,0.0
DTXSID7044396,1193,0.0,0.0
DTXSID7044398,1193,0.0,0.0
DTXSID7044421,1193,1.4472702576994314e-15,0.0
DTXSID7044423,1193,7.625092749371894e-17,0.0
DTXSID7044425,1193,0.0,0.0
DTXSID7044427,1193,3.1766182968754374e-11,0.0
DTXSID7044429,1193,0.0,0.0
DTXSID7044471,1193,0.0,0.0
DTXSID7044473,1193,1.5445458884749783e-10,0.0
DTXSID7044475,1193,0.0,0.0
DTXSID7044479,1193,0.0,0.0
DTXSID7044502,1193,0.0,0.0
DTXSID7044504,1193,,
DTXSID7044506,1193,0.0,0.0
DTXSID7044508,1193,0.0,0.0
DTXSID7044552,1193,0.0,0.0
DTXSID7044554,1193,0.0,0.0
DTXSID7044631,1193,0.0,0.0
DTXSID7044633,1193,7.690186768578827e-15,0.0
DTXSID7044635,1193,2.4767757491173605e-11,0.0
DTXSID7044639,1193,,
DTXSID7044681,1193,5.271212499172871e-16,0.0
DTXSID7044685,1193,0.0,0.0
DTXSID7044689,1193,0.0,0.0
DTXSID7044710,1193,0.0,0.0
DTXSID7044712,1193,0.0,0.0
DTXSID7044714,1193,0.0,0.0
DTXSID7044716,1193,0.0,0.0
DTXSID7044718,1193,0.0,0.0
DTXSID7044760,1193,0.0,0.0
DTXSID7044762,1193,0.0,0.0
DTXSID7044764,1193,0.0,0.0
DTXSID7044768,1193,0.0,0.0
DTXSID7044841,1193,0.0,0.0
DTXSID7044843,1193,0.0,0.0
DTXSID7044845,1193,0.0,0.0
DTXSID7044847,1193,0.0,0.0
DTXSID7044849,1193,0.0,0.0
DTXSID7044893,1193,0.0,0.0
DTXSID7044895,1193,1.834555253504297e-13,0.0
DTXSID7044897,1193,0.0,0.0
DTXSID7044899,1193,0.0,0.0
DTXSID7044922,1193,0.0,0.0
DTXSID7044926,1193,1.37585209948536e-16,0.0
DTXSID7044928,1193,0.0,0.0
DTXSID7044972,1193,7.442840877674432e-10,0.0
DTXSID7044974,1193,1.6578820800634016e-13,0.0
DTXSID7044976,1193,0.0,0.0
DTXSID7044978,1193,,
DTXSID7045029,1193,8.840608700373096e-11,0.0
DTXSID7045079,1193,1.6933007528827273e-15,0.0
DTXSID7045106,1193,0.0,0.0
DTXSID7045108,1193,0.0,0.0
DTXSID7045150,1193,,
DTXSID7045152,1193,,
DTXSID7045158,1193,0.0,0.0
DTXSID7045281,1193,3.231060894599891e-11,0.0
DTXSID7045287,1193,0.0,0.0
DTXSID7045310,1193,0.0,0.0
DTXSID7045312,1193,0.0,0.0
DTXSID7045316,1193,6.784521092397511e-17,0.0
DTXSID7045318,1193,1.5839578153702772e-06,0.0
DTXSID7045360,1193,1.4242609678191152e-11,0.0
DTXSID7045364,1193,0.0,0.0
DTXSID7045366,1193,0.0,0.0
DTXSID7045368,1193,0.0,0.0
DTXSID7045441,1193,0.0,0.0
DTXSID7045443,1193,0.0,0.0
DTXSID7045447,1193,,
DTXSID7045493,1193,0.0,0.0
DTXSID7045497,1193,0.0,0.0
DTXSID7045522,1193,0.0,0.0
DTXSID7045526,1193,0.0,0.0
DTXSID7045570,1193,0.0,0.0
DTXSID7045572,1193,0.0,0.0
DTXSID7045574,1193,0.0,0.0
DTXSID7045576,1193,0.0,0.0
DTXSID7045578,1193,0.0,0.0
DTXSID7045601,1193,0.0,0.0
DTXSID7045603,1193,1.2483083516283512e-15,0.0
DTXSID7045605,1193,0.0,0.0
DTXSID7045607,1193,0.0,0.0
DTXSID7045651,1193,,
DTXSID7045653,1193,1.1626277154968243e-17,0.0
DTXSID7045655,1193,0.0,0.0
DTXSID7045659,1193,1.0004232030611395e-17,0.0
DTXSID7045780,1193,0.0,0.0
DTXSID7045782,1193,0.0,0.0
DTXSID7045786,1193,1.9697755152087146e-17,0.0
DTXSID7045788,1193,0.0,0.0
DTXSID7045811,1193,5.119673605364566e-13,0.0
DTXSID7045813,1193,8.708478428850059e-14,0.0
DTXSID7045815,1193,0.0,0.0
DTXSID7045861,1193,,
DTXSID7045863,1193,,
DTXSID7045865,1193,0.0,0.0
DTXSID7045867,1193,2.6648157367198336e-05,0.0
DTXSID7045940,1193,1.970169931597079e-10,0.0
DTXSID7045942,1193,0.0,0.0
DTXSID7045944,1193,0.0,0.0
DTXSID7045946,1193,0.0,0.0
DTXSID7045948,1193,0.0,0.0
DTXSID7045992,1193,0.0,0.0
DTXSID7045996,1193,1.920843654049778e-10,0.0
DTXSID7045998,1193,3.40585039274649e-13,0.0
DTXSID7046041,1193,0.0,0.0
DTXSID7046045,1193,0.0,0.0
DTXSID7046047,1193,0.0,0.0
DTXSID7046091,1193,2.0695736422690827e-14,0.0
DTXSID7046093,1193,0.0,0.0
DTXSID7046095,1193,0.0,0.0
DTXSID7046097,1193,0.0,0.0
DTXSID7046099,1193,0.0,0.0
DTXSID7046120,1193,0.0,0.0
DTXSID7046122,1193,1.2169943141108603e-13,0.0
DTXSID7046126,1193,0.0,0.0
DTXSID7046128,1193,0.0,0.0
DTXSID7046170,1193,0.0,0.0
DTXSID7046172,1193,0.0,0.0
DTXSID7046174,1193,0.0,0.0
DTXSID7046176,1193,1.1458360103962666e-08,0.0
DTXSID7046178,1193,0.0,0.0
DTXSID7046201,1193,0.0,0.0
DTXSID7046205,1193,2.29105962832002e-09,0.0
DTXSID7046207,1193,0.0,0.0
DTXSID7046251,1193,0.0,0.0
DTXSID7046253,1193,1.3199961257074895e-10,0.0
DTXSID7046255,1193,0.0,0.0
DTXSID7046257,1193,0.0,0.0
DTXSID7046259,1193,0.0,0.0
DTXSID7046332,1193,4.7121420253318275e-18,0.0
DTXSID7046384,1193,0.0,0.0
DTXSID7046386,1193,,
DTXSID7046388,1193,0.0,0.0
DTXSID7046411,1193,0.0,0.0
DTXSID7046413,1193,0.0,0.0
DTXSID7046415,1193,0.0,0.0
DTXSID7046417,1193,0.0,0.0
DTXSID7046419,1193,0.0,0.0
DTXSID7046461,1193,0.0,0.0
DTXSID7046463,1193,0.0,0.0
DTXSID7046465,1193,0.07317138786378903,0.0
DTXSID7046467,1193,0.0,0.0
DTXSID7046540,1193,0.0,0.0
DTXSID7046542,1193,0.0,0.0
DTXSID7046548,1193,6.728452470146297e-09,0.0
DTXSID7046592,1193,0.0,0.0
DTXSID7046594,1193,0.0,0.0
DTXSID7046596,1193,0.0,0.0
DTXSID7046621,1193,0.00027963319339142635,0.0
DTXSID7046623,1193,0.0,0.0
DTXSID7046627,1193,1.62764249080002e-10,0.0
DTXSID7046673,1193,1.0224587567283349e-11,0.0
DTXSID7046675,1193,2.5445888339220705e-11,0.0
DTXSID7046677,1193,0.0,0.0
DTXSID7046700,1193,0.0,0.0
DTXSID7046702,1193,0.0,0.0
DTXSID7046706,1193,,
DTXSID7046708,1193,,
DTXSID7046750,1193,0.0,0.0
DTXSID7046752,1193,0.0,0.0
DTXSID7046754,1193,0.0,0.0
DTXSID7046756,1193,0.0,0.0
DTXSID7046758,1193,0.0,0.0
DTXSID7046831,1193,0.0,0.0
DTXSID7046833,1193,0.0,0.0
DTXSID7046835,1193,1.4128152832127374e-08,0.0
DTXSID7046837,1193,,
DTXSID7046839,1193,2.513039715116591e-08,0.0
DTXSID7046881,1193,0.0,0.0
DTXSID7046883,1193,2.768696945690202e-10,0.0
DTXSID7046885,1193,0.0,0.0
DTXSID7046887,1193,0.0,0.0
DTXSID7046889,1193,0.0011873847789657208,0.0
DTXSID7046910,1193,0.0,0.0
DTXSID7046912,1193,1.8016546053718672e-13,0.0
DTXSID7046914,1193,0.0,0.0
DTXSID7046918,1193,0.0,0.0
DTXSID7046966,1193,0.0,0.0
DTXSID7047061,1193,0.0,0.0
DTXSID7047065,1193,0.0,0.0
DTXSID7047067,1193,0.0,0.0
DTXSID7047140,1193,0.0,0.0
DTXSID7047142,1193,8.623713132760812e-17,0.0
DTXSID7047144,1193,,
DTXSID7047146,1193,2.892127581816781e-05,0.0
DTXSID7047190,1193,0.0,0.0
DTXSID7047192,1193,0.0,0.0
DTXSID7047196,1193,0.0,0.0
DTXSID7047198,1193,0.0,0.0
DTXSID7047271,1193,,
DTXSID7047277,1193,,
DTXSID7047279,1193,0.0,0.0
DTXSID7047304,1193,,
DTXSID7047306,1193,0.0,0.0
DTXSID7047308,1193,0.0,0.0
DTXSID7047356,1193,0.0,0.0
DTXSID7047358,1193,0.04945468761659395,0.0
DTXSID7047433,1193,2.7400637284363415e-17,0.0
DTXSID7047435,1193,0.0,0.0
DTXSID7047437,1193,0.0,0.0
DTXSID7047439,1193,0.0,0.0
DTXSID7047487,1193,0.0,0.0
DTXSID7047510,1193,0.0,0.0
DTXSID7047512,1193,5.080391639559271e-12,0.0
DTXSID7047518,1193,0.0,0.0
DTXSID7047560,1193,0.0,0.0
DTXSID7047562,1193,0.0,0.0
DTXSID7047568,1193,0.0,0.0
DTXSID7047641,1193,0.0,0.0
DTXSID7047643,1193,0.0,0.0
DTXSID7047645,1193,0.0,0.0
DTXSID7047647,1193,1.5968362653378637e-08,0.0
DTXSID7047649,1193,0.0,0.0
DTXSID7047697,1193,9.70761349772148e-10,0.0
DTXSID7047726,1193,0.0,0.0
DTXSID7047772,1193,0.0,0.0
DTXSID7047774,1193,0.0,0.0
DTXSID7047776,1193,6.564992546177246e-07,0.0
DTXSID7047778,1193,0.0,0.0
DTXSID7047801,1193,4.3301506841186423e-10,0.0
DTXSID7047803,1193,0.0,0.0
DTXSID7047807,1193,4.5223090846161095e-13,0.0
DTXSID7047851,1193,6.0410539996137e-11,0.0
DTXSID7047853,1193,0.0,0.0
DTXSID7047857,1193,0.0,0.0
DTXSID7047930,1193,0.0,0.0
DTXSID7047932,1193,1.695034484990208e-12,0.0
DTXSID7047934,1193,0.0,0.0
DTXSID7047936,1193,0.0,0.0
DTXSID7047938,1193,0.0,0.0
DTXSID7048166,1193,0.0,0.0
DTXSID7048168,1193,0.0,0.0
DTXSID7048291,1193,0.0,0.0
DTXSID7048580,1193,0.0,0.0
DTXSID7048582,1193,0.0,0.0
DTXSID7048584,1193,0.0,0.0
DTXSID7048586,1193,0.0,0.0
DTXSID7048588,1193,0.0,0.0
DTXSID7048611,1193,0.0,0.0
DTXSID7048613,1193,1.6106591754758444e-13,0.0
DTXSID7048615,1193,1.1446386673245353e-12,0.0
DTXSID7048617,1193,0.0,0.0
DTXSID7048619,1193,,
DTXSID7048661,1193,0.0,0.0
DTXSID7048663,1193,0.0,0.0
DTXSID7048665,1193,0.0,0.0
DTXSID7048667,1193,8.028022481655514e-13,0.0
DTXSID7048669,1193,0.0,0.0
DTXSID7048740,1193,0.0,0.0
DTXSID7048742,1193,7.75228651961781e-06,0.0
DTXSID7048744,1193,0.0,0.0
DTXSID7048746,1193,0.0,0.0
DTXSID7048748,1193,0.0,0.0
DTXSID7048790,1193,,
DTXSID7048792,1193,3.1909808382554876e-15,0.0
DTXSID7048794,1193,0.0,0.0
DTXSID7048796,1193,2.8569882304488514e-06,0.0
DTXSID7048798,1193,,
DTXSID7048821,1193,0.0,0.0
DTXSID7048823,1193,0.0,0.0
DTXSID7048825,1193,0.0,0.0
DTXSID7048827,1193,0.0,0.0
DTXSID7048829,1193,5.989692791056007e-19,0.0
DTXSID7048871,1193,0.0,0.0
DTXSID7048873,1193,0.0,0.0
DTXSID7048875,1193,6.109975934111768e-11,0.0
DTXSID7048877,1193,6.891800883089278e-13,0.0
DTXSID7048879,1193,0.0,0.0
DTXSID7048900,1193,0.0,0.0
DTXSID7048902,1193,0.0,0.0
DTXSID7048904,1193,0.0,0.0
DTXSID7048906,1193,0.0,0.0
DTXSID7048908,1193,0.0,0.0
DTXSID7048950,1193,6.208924495236607e-14,0.0
DTXSID7048952,1193,0.0,0.0
DTXSID7048954,1193,4.269130633228964e-15,0.0
DTXSID7048956,1193,3.137201959161625e-12,0.0
DTXSID7048958,1193,4.5593417354294084e-06,0.0
DTXSID7049001,1193,0.0,0.0
DTXSID7049003,1193,0.0,0.0
DTXSID7049005,1193,0.0,0.0
DTXSID7049007,1193,0.0,0.0
DTXSID7049009,1193,7.97889633108871e-13,0.0
DTXSID7049051,1193,,
DTXSID7049053,1193,0.0,0.0
DTXSID7049055,1193,7.782481063373414e-12,0.0
DTXSID7049057,1193,1.9438316259409182e-14,0.0
DTXSID7049059,1193,0.0,0.0
DTXSID7049211,1193,,
DTXSID7049213,1193,3.3558660247984944e-17,0.0
DTXSID7049215,1193,1.3753064863328428e-08,0.0
DTXSID7049217,1193,0.0,0.0
DTXSID7049219,1193,0.0,0.0
DTXSID7049261,1193,0.0,0.0
DTXSID7049263,1193,2.4996390103285905e-18,0.0
DTXSID7049265,1193,3.567801665370378e-13,0.0
DTXSID7049267,1193,0.0,0.0
DTXSID7049269,1193,6.5021852260268e-11,0.0
DTXSID7049340,1193,0.14468119787786482,0.0
DTXSID7049342,1193,1.0065670626112983e-12,0.0
DTXSID7049344,1193,0.0,0.0
DTXSID7049346,1193,0.0,0.0
DTXSID7049348,1193,0.0,0.0
DTXSID7049390,1193,0.0,0.0
DTXSID7049392,1193,0.0,0.0
DTXSID7049394,1193,0.0,0.0
DTXSID7049396,1193,0.0,0.0
DTXSID7049398,1193,0.0,0.0
DTXSID7049421,1193,2.272668131521638e-18,0.0
DTXSID7049423,1193,0.0,0.0
DTXSID7049425,1193,0.0,0.0
DTXSID7049427,1193,0.0,0.0
DTXSID7049429,1193,0.0,0.0
DTXSID7049471,1193,0.0,0.0
DTXSID7049473,1193,0.0,0.0
DTXSID7049475,1193,0.0,0.0
DTXSID7049477,1193,0.0,0.0
DTXSID7049479,1193,0.0,0.0
DTXSID7049500,1193,1.4075447126586052e-16,0.0
DTXSID7049502,1193,0.0,0.0
DTXSID7049504,1193,0.0,0.0
DTXSID7049506,1193,0.0,0.0
DTXSID7049508,1193,0.0,0.0
DTXSID7049550,1193,0.0,0.0
DTXSID7049552,1193,0.0,0.0
DTXSID7049554,1193,0.0,0.0
DTXSID7049556,1193,0.0,0.0
DTXSID7049558,1193,0.0,0.0
DTXSID8020040,1193,0.0,0.0
DTXSID8020044,1193,0.0,0.0
DTXSID8020090,1193,1.8551409045338653e-14,0.0
DTXSID8020092,1193,9.106064591708312e-14,0.0
DTXSID8020094,1193,0.0,0.0
DTXSID8020121,1193,0.0,0.0
DTXSID8020123,1193,0.0,0.0
DTXSID8020127,1193,7.05785600308888e-14,0.0
DTXSID8020129,1193,0.0,0.0
DTXSID8020173,1193,1.1001798873825034e-12,0.0
DTXSID8020175,1193,0.0,0.0
DTXSID8020179,1193,0.0,0.0
DTXSID8020200,1193,0.0,0.0
DTXSID8020202,1193,0.0,0.0
DTXSID8020206,1193,0.0,0.0
DTXSID8020250,1193,0.0,0.0
DTXSID8020252,1193,6.071090610429563e-14,0.0
DTXSID8020256,1193,5.782968983444854e-10,0.0
DTXSID8020331,1193,0.0,0.0
DTXSID8020337,1193,,
DTXSID8020381,1193,0.0,0.0
DTXSID8020383,1193,0.0,0.0
DTXSID8020410,1193,7.77081046211002e-12,0.0
DTXSID8020462,1193,0.0,0.0
DTXSID8020464,1193,6.169253279810654e-12,0.0
DTXSID8020466,1193,5.803143981893214e-08,0.0
DTXSID8020468,1193,0.0,0.0
DTXSID8020541,1193,5.057142153820336e-18,0.0
DTXSID8020543,1193,0.0,0.0
DTXSID8020545,1193,1.3069836830272669e-15,0.0
DTXSID8020591,1193,5.0131496658611645e-14,0.0
DTXSID8020593,1193,0.0,0.0
DTXSID8020597,1193,0.0,0.0
DTXSID8020620,1193,2.59362807407826e-14,0.0
DTXSID8020622,1193,0.0,0.0
DTXSID8020624,1193,0.0,0.0
DTXSID8020626,1193,1.882147906613522e-08,0.0
DTXSID8020628,1193,1.2670746733417875e-12,0.0
DTXSID8020674,1193,0.0,0.0
DTXSID8020678,1193,0.0,0.0
DTXSID8020703,1193,0.0,0.0
DTXSID8020707,1193,,
DTXSID8020709,1193,0.0,0.0
DTXSID8020753,1193,0.0,0.0
DTXSID8020755,1193,2.7690464624211166e-11,0.0
DTXSID8020757,1193,0.0,0.0
DTXSID8020759,1193,0.0,0.0
DTXSID8020830,1193,2.1729915051078322e-18,0.0
DTXSID8020834,1193,1.9918701307496936e-17,0.0
DTXSID8020838,1193,0.0,0.0
DTXSID8020886,1193,0.0,0.0
DTXSID8020888,1193,2.5710745994103375e-18,0.0
DTXSID8020911,1193,4.763139598197855e-05,0.0
DTXSID8020913,1193,0.0,0.0
DTXSID8020915,1193,0.0,0.0
DTXSID8020917,1193,1.579643996756914e-13,0.0
DTXSID8020919,1193,1.3441032983572582e-11,0.0
DTXSID8020961,1193,0.0,0.0
DTXSID8020963,1193,1.0465690716539227e-11,0.0
DTXSID8020965,1193,5.065585423893109e-13,0.0
DTXSID8020967,1193,1.0073063444964669e-12,0.0
DTXSID8020969,1193,0.0,0.0
DTXSID8021060,1193,0.0,0.0
DTXSID8021062,1193,1.439585689793699e-13,0.0
DTXSID8021145,1193,0.0,0.0
DTXSID8021147,1193,5.093329462994658e-16,0.0
DTXSID8021191,1193,,
DTXSID8021193,1193,1.2904732661813378e-15,0.0
DTXSID8021195,1193,0.0,0.0
DTXSID8021197,1193,3.406341267892682e-14,0.0
DTXSID8021199,1193,7.838762413523129e-12,0.0
DTXSID8021222,1193,0.0,0.0
DTXSID8021224,1193,0.0,0.0
DTXSID8021270,1193,,
DTXSID8021272,1193,0.0,0.0
DTXSID8021276,1193,2.2215276961825112e-07,0.0
DTXSID8021278,1193,9.761370888330956e-14,0.0
DTXSID8021301,1193,,
DTXSID8021305,1193,1.867415541663996e-09,0.0
DTXSID8021309,1193,1.0080392774777671e-14,0.0
DTXSID8021351,1193,2.53115839470054e-07,0.0
DTXSID8021359,1193,0.0,0.0
DTXSID8021438,1193,0.0,0.0
DTXSID8021482,1193,0.0,0.0
DTXSID8021484,1193,0.0,0.0
DTXSID8021486,1193,0.0,0.0
DTXSID8021488,1193,0.0,0.0
DTXSID8021513,1193,0.0,0.0
DTXSID8021515,1193,0.0,0.0
DTXSID8021517,1193,0.0,0.0
DTXSID8021519,1193,8.616335198343206e-16,0.0
DTXSID8021561,1193,0.0,0.0
DTXSID8021563,1193,7.646834818947921e-13,0.0
DTXSID8021565,1193,3.242162462225454e-14,0.0
DTXSID8021640,1193,0.0,0.0
DTXSID8021642,1193,0.0,0.0
DTXSID8021644,1193,2.9932888395326314e-11,0.0
DTXSID8021646,1193,0.0,0.0
DTXSID8021648,1193,8.554093974206722e-09,0.0
DTXSID8021690,1193,2.0830819370105752e-14,0.0
DTXSID8021721,1193,1.9477541510479276e-12,0.0
DTXSID8021725,1193,5.989237758487788e-13,0.0
DTXSID8021729,1193,,
DTXSID8021771,1193,2.512757836966304e-10,0.0
DTXSID8021775,1193,0.0,0.0
DTXSID8021777,1193,0.9533087087018188,1.0
DTXSID8021800,1193,0.0,0.0
DTXSID8021802,1193,0.0,0.0
DTXSID8021804,1193,3.7934776886037785e-09,0.0
DTXSID8021808,1193,0.0,0.0
DTXSID8021854,1193,0.0,0.0
DTXSID8021856,1193,0.0,0.0
DTXSID8021931,1193,3.344252080672867e-09,0.0
DTXSID8021937,1193,1.3461570123357971e-11,0.0
DTXSID8021939,1193,0.0,0.0
DTXSID8022082,1193,1.1332358975310361e-13,0.0
DTXSID8022084,1193,3.078082808059836e-16,0.0
DTXSID8022086,1193,0.0,0.0
DTXSID8022111,1193,4.351479619834858e-05,0.0
DTXSID8022113,1193,2.5212056809456026e-16,0.0
DTXSID8022117,1193,7.370267118341305e-09,0.0
DTXSID8022161,1193,,
DTXSID8022246,1193,0.0,0.0
DTXSID8022292,1193,0.0,0.0
DTXSID8022325,1193,0.0,0.0
DTXSID8022329,1193,0.00029937924004112983,0.0
DTXSID8022371,1193,0.0006474375906049813,0.0
DTXSID8022377,1193,0.0012967792836149424,0.0
DTXSID8022404,1193,0.0,0.0
DTXSID8022406,1193,0.0,0.0
DTXSID8022408,1193,1.4075609057423655e-13,0.0
DTXSID8022585,1193,0.0,0.0
DTXSID8022589,1193,0.0,0.0
DTXSID8022612,1193,0.0,0.0
DTXSID8022614,1193,,
DTXSID8022666,1193,0.0,0.0
DTXSID8022741,1193,0.0,0.0
DTXSID8022743,1193,0.0,0.0
DTXSID8022749,1193,0.0,0.0
DTXSID8022822,1193,0.0,0.0
DTXSID8022828,1193,3.160487806902945e-17,0.0
DTXSID8022870,1193,,
DTXSID8022872,1193,,
DTXSID8022901,1193,0.0,0.0
DTXSID8022955,1193,,
DTXSID8022959,1193,,
DTXSID8023000,1193,3.819242371827241e-17,0.0
DTXSID8023004,1193,0.0,0.0
DTXSID8023050,1193,2.3903710677142203e-09,0.0
DTXSID8023054,1193,1.3715491178322675e-05,0.0
DTXSID8023137,1193,1.2626197035058576e-12,0.0
DTXSID8023181,1193,,
DTXSID8023183,1193,0.0,0.0
DTXSID8023185,1193,0.0,0.0
DTXSID8023187,1193,7.884689840750191e-12,0.0
DTXSID8023214,1193,9.310104074764513e-06,0.0
DTXSID8023216,1193,0.0006766937078430485,0.0
DTXSID8023260,1193,2.349982829624093e-18,0.0
DTXSID8023262,1193,3.363565101280857e-09,0.0
DTXSID8023345,1193,3.2326064858391356e-07,0.0
DTXSID8023347,1193,0.0,0.0
DTXSID8023349,1193,0.0,0.0
DTXSID8023393,1193,0.0,0.0
DTXSID8023395,1193,0.0,0.0
DTXSID8023422,1193,0.0,0.0
DTXSID8023426,1193,0.0,0.0
DTXSID8023470,1193,2.831110520271529e-17,0.0
DTXSID8023472,1193,0.0,0.0
DTXSID8023474,1193,0.0,0.0
DTXSID8023476,1193,0.0,0.0
DTXSID8023478,1193,3.3612310374236136e-15,0.0
DTXSID8023551,1193,0.0,0.0
DTXSID8023557,1193,0.0,0.0
DTXSID8023632,1193,0.0,0.0
DTXSID8023636,1193,1.78281363751664e-05,0.0
DTXSID8023638,1193,0.0,0.0
DTXSID8023680,1193,0.0,0.0
DTXSID8023688,1193,4.342279992744344e-14,0.0
DTXSID8023713,1193,5.254913647800745e-13,0.0
DTXSID8023719,1193,0.0,0.0
DTXSID8023846,1193,0.0,0.0
DTXSID8023848,1193,0.0,0.0
DTXSID8023890,1193,0.0,0.0
DTXSID8023892,1193,6.439543543615506e-05,0.0
DTXSID8023927,1193,4.0804400607199526e-11,0.0
DTXSID8023971,1193,0.0,0.0
DTXSID8023973,1193,3.537258667565597e-06,0.0
DTXSID8023977,1193,4.2305547062751694e-11,0.0
DTXSID8024072,1193,0.0,0.0
DTXSID8024101,1193,0.0,0.0
DTXSID8024105,1193,1.7548617463442894e-13,0.0
DTXSID8024107,1193,0.0,0.0
DTXSID8024109,1193,0.0,0.0
DTXSID8024151,1193,,
DTXSID8024157,1193,6.2349349069536e-11,0.0
DTXSID8024159,1193,4.353380272469333e-10,0.0
DTXSID8024234,1193,7.638249933645825e-15,0.0
DTXSID8024236,1193,3.7469172954323105e-17,0.0
DTXSID8024238,1193,,
DTXSID8024280,1193,3.1742175522187914e-10,0.0
DTXSID8024284,1193,0.0,0.0
DTXSID8024286,1193,0.0,0.0
DTXSID8024311,1193,8.694299746313795e-13,0.0
DTXSID8024315,1193,1.0556840750417901e-14,0.0
DTXSID8024317,1193,1.7757517956238547e-11,0.0
DTXSID8024442,1193,3.148063038137823e-14,0.0
DTXSID8024448,1193,6.12214048230613e-14,0.0
DTXSID8024498,1193,0.0,0.0
DTXSID8024521,1193,0.0,0.0
DTXSID8024523,1193,1.6680881155096884e-09,0.0
DTXSID8024529,1193,0.0,0.0
DTXSID8024573,1193,2.1500940192588978e-10,0.0
DTXSID8024600,1193,3.7533293104851966e-11,0.0
DTXSID8024602,1193,0.0,0.0
DTXSID8024608,1193,,
DTXSID8024652,1193,0.0,0.0
DTXSID8024658,1193,0.0,0.0
DTXSID8024733,1193,3.47918446745827e-13,0.0
DTXSID8024739,1193,0.0,0.0
DTXSID8024781,1193,0.0,0.0
DTXSID8024783,1193,0.0,0.0
DTXSID8024787,1193,3.389047031332841e-10,0.0
DTXSID8024810,1193,0.0,0.0
DTXSID8024814,1193,3.5906033517628704e-15,0.0
DTXSID8024862,1193,0.0,0.0
DTXSID8024864,1193,0.0,0.0
DTXSID8024866,1193,,
DTXSID8024941,1193,0.0,0.0
DTXSID8024947,1193,0.0,0.0
DTXSID8024991,1193,0.0,0.0
DTXSID8024993,1193,0.0,0.0
DTXSID8024997,1193,0.0,0.0
DTXSID8024999,1193,1.971469062672991e-12,0.0
DTXSID8025040,1193,7.351266718501092e-12,0.0
DTXSID8025046,1193,0.0,0.0
DTXSID8025094,1193,0.0,0.0
DTXSID8025096,1193,2.220783666669042e-13,0.0
DTXSID8025258,1193,,
DTXSID8025331,1193,0.0,0.0
DTXSID8025337,1193,0.0,0.0
DTXSID8025464,1193,0.0,0.0
DTXSID8025466,1193,2.961416223941098e-16,0.0
DTXSID8025591,1193,0.0,0.0
DTXSID8025593,1193,0.0,0.0
DTXSID8025595,1193,0.0,0.0
DTXSID8025599,1193,,
DTXSID8025628,1193,0.0,0.0
DTXSID8025670,1193,3.9411646660028365e-16,0.0
DTXSID8025703,1193,0.0,0.0
DTXSID8025709,1193,0.0,0.0
DTXSID8025751,1193,0.0,0.0
DTXSID8025757,1193,0.0,0.0
DTXSID8025759,1193,2.154539728178097e-15,0.0
DTXSID8025830,1193,0.0,0.0
DTXSID8025886,1193,0.0,0.0
DTXSID8025888,1193,0.0,0.0
DTXSID8025963,1193,0.0,0.0
DTXSID8025967,1193,7.737396431117627e-12,0.0
DTXSID8025969,1193,0.0,0.0
DTXSID8026018,1193,2.8448952608061672e-11,0.0
DTXSID8026060,1193,3.8920538048282245e-12,0.0
DTXSID8026064,1193,4.356548524843763e-18,0.0
DTXSID8026068,1193,4.242388381429178e-12,0.0
DTXSID8026141,1193,1.844498828196721e-09,0.0
DTXSID8026145,1193,0.0,0.0
DTXSID8026147,1193,0.0,0.0
DTXSID8026193,1193,0.0,0.0
DTXSID8026195,1193,0.0,0.0
DTXSID8026220,1193,2.3174980254750912e-11,0.0
DTXSID8026224,1193,0.0,0.0
DTXSID8026228,1193,0.0,0.0
DTXSID8026270,1193,1.0680450306190912e-18,0.0
DTXSID8026303,1193,0.0,0.0
DTXSID8026305,1193,2.8472223505904396e-15,0.0
DTXSID8026307,1193,2.759204301109601e-17,0.0
DTXSID8026309,1193,1.77103907050316e-14,0.0
DTXSID8026432,1193,0.0,0.0
DTXSID8026436,1193,0.0,0.0
DTXSID8026488,1193,2.0755222951972095e-16,0.0
DTXSID8026513,1193,0.0,0.0
DTXSID8026515,1193,7.622217488601356e-14,0.0
DTXSID8026519,1193,0.0,0.0
DTXSID8026563,1193,,
DTXSID8026640,1193,0.0,0.0
DTXSID8026694,1193,0.0,0.0
DTXSID8026698,1193,6.728313692199628e-12,0.0
DTXSID8026725,1193,6.72847275026254e-13,0.0
DTXSID8026727,1193,1.5041449201425783e-14,0.0
DTXSID8026729,1193,5.545267642994803e-16,0.0
DTXSID8026773,1193,7.256794691974515e-13,0.0
DTXSID8026775,1193,3.7523059536093047e-16,0.0
DTXSID8026802,1193,0.0,0.0
DTXSID8026931,1193,1.183785171597226e-13,0.0
DTXSID8026933,1193,0.0,0.0
DTXSID8026935,1193,0.0,0.0
DTXSID8026981,1193,0.0,0.0
DTXSID8027032,1193,0.0,0.0
DTXSID8027034,1193,0.0,0.0
DTXSID8027036,1193,3.0314169827855544e-13,0.0
DTXSID8027084,1193,0.0,0.0
DTXSID8027086,1193,0.06688835218650158,0.0
DTXSID8027113,1193,0.0,0.0
DTXSID8027163,1193,0.0,0.0
DTXSID8027167,1193,0.0,0.0
DTXSID8027169,1193,0.0,0.0
DTXSID8027240,1193,9.190100840590662e-06,0.0
DTXSID8027244,1193,0.0,0.0
DTXSID8027246,1193,5.388640320026235e-10,0.0
DTXSID8027292,1193,,
DTXSID8027294,1193,4.3288082846009745e-12,0.0
DTXSID8027321,1193,0.0,0.0
DTXSID8027323,1193,0.0,0.0
DTXSID8027329,1193,4.621815513659895e-18,0.0
DTXSID8027377,1193,0.0,0.0
DTXSID8027400,1193,0.0,0.0
DTXSID8027402,1193,0.0,0.0
DTXSID8027452,1193,1.4203457284698826e-16,0.0
DTXSID8027454,1193,0.0,0.0
DTXSID8027537,1193,0.0,0.0
DTXSID8027581,1193,0.0,0.0
DTXSID8027585,1193,,
DTXSID8027589,1193,0.0,0.0
DTXSID8027747,1193,0.0,0.0
DTXSID8027749,1193,0.0,0.0
DTXSID8027793,1193,,
DTXSID8027795,1193,,
DTXSID8027797,1193,0.0,0.0
DTXSID8027822,1193,5.186478968775131e-10,0.0
DTXSID8027826,1193,0.0,0.0
DTXSID8027870,1193,1.84989528032286e-11,0.0
DTXSID8027878,1193,0.0,0.0
DTXSID8027905,1193,0.0,0.0
DTXSID8027955,1193,1.1314625284479917e-11,0.0
DTXSID8027959,1193,8.879088499692403e-13,0.0
DTXSID8028008,1193,0.0,0.0
DTXSID8028842,1193,2.7916229615409357e-13,0.0
DTXSID8029072,1193,0.0,0.0
DTXSID8029105,1193,0.0,0.0
DTXSID8029153,1193,2.626936678466722e-13,0.0
DTXSID8029157,1193,6.034567593417697e-14,0.0
DTXSID8029159,1193,0.0,0.0
DTXSID8029230,1193,0.0,0.0
DTXSID8029234,1193,2.8858998322719082e-11,0.0
DTXSID8029236,1193,0.0,0.0
DTXSID8029280,1193,0.0,0.0
DTXSID8029282,1193,,
DTXSID8029286,1193,4.937565304211799e-06,0.0
DTXSID8029315,1193,0.0,0.0
DTXSID8029317,1193,1.558335908375164e-12,0.0
DTXSID8029369,1193,1.187391401581735e-15,0.0
DTXSID8029575,1193,0.0,0.0
DTXSID8029600,1193,4.857110412562301e-18,0.0
DTXSID8029602,1193,,
DTXSID8029604,1193,0.0,0.0
DTXSID8029606,1193,0.0,0.0
DTXSID8029608,1193,2.4823157361390148e-14,0.0
DTXSID8029650,1193,2.57034327424775e-14,0.0
DTXSID8029652,1193,0.0,0.0
DTXSID8029733,1193,1.496612598257211e-14,0.0
DTXSID8029739,1193,0.0,0.0
DTXSID8029868,1193,0.000767785791019741,0.0
DTXSID8030138,1193,0.0,0.0
DTXSID8030423,1193,3.709649493271853e-14,0.0
DTXSID8030760,1193,0.0,0.0
DTXSID8031077,1193,0.9436061461398075,1.0
DTXSID8031366,1193,2.5267479595334447e-12,0.0
DTXSID8031497,1193,0.0,0.0
DTXSID8031603,1193,0.0,0.0
DTXSID8031863,1193,0.0,0.0
DTXSID8031865,1193,0.0,0.0
DTXSID8032386,1193,0.0,0.0
DTXSID8032417,1193,9.285954195367725e-19,0.0
DTXSID8032544,1193,5.516327613880814e-13,0.0
DTXSID8032548,1193,0.0,0.0
DTXSID8032623,1193,0.0,0.0
DTXSID8032627,1193,1.686996677546774e-11,0.0
DTXSID8032673,1193,0.0,0.0
DTXSID8032675,1193,5.24027344486674e-19,0.0
DTXSID8033433,1193,0.0,0.0
DTXSID8033512,1193,0.0,0.0
DTXSID8033562,1193,0.0,0.0
DTXSID8033564,1193,2.3518378602358386e-18,0.0
DTXSID8033566,1193,4.2040037324129275e-07,0.0
DTXSID8033649,1193,9.650508605163865e-15,0.0
DTXSID8033803,1193,6.653397039646665e-14,0.0
DTXSID8034085,1193,0.0,0.0
DTXSID8034087,1193,2.1820269580598845e-13,0.0
DTXSID8034089,1193,5.885010574649217e-11,0.0
DTXSID8034324,1193,0.0,0.0
DTXSID8034376,1193,3.5180445345038044e-14,0.0
DTXSID8034401,1193,5.057315409695926e-16,0.0
DTXSID8034580,1193,0.0,0.0
DTXSID8034586,1193,0.0,0.0
DTXSID8034588,1193,,
DTXSID8034665,1193,0.0,0.0
DTXSID8034669,1193,1.0509798053838518e-09,0.0
DTXSID8034742,1193,,
DTXSID8034792,1193,0.0,0.0
DTXSID8034871,1193,0.0,0.0
DTXSID8034873,1193,5.798604565624184e-17,0.0
DTXSID8034877,1193,0.0,0.0
DTXSID8034956,1193,7.270158702209263e-08,0.0
DTXSID8035001,1193,1.721016986851112e-13,0.0
DTXSID8035138,1193,0.0,0.0
DTXSID8035180,1193,0.0,0.0
DTXSID8035186,1193,1.6478310540298117e-19,0.0
DTXSID8035423,1193,0.0,0.0
DTXSID8037207,1193,0.0,0.0
DTXSID8037594,1193,0.0,0.0
DTXSID8037596,1193,1.5841241638896852e-08,0.0
DTXSID8037706,1193,0.0,0.0
DTXSID8037708,1193,0.0,0.0
DTXSID8037750,1193,0.0,0.0
DTXSID8037752,1193,0.0,0.0
DTXSID8037754,1193,0.0,0.0
DTXSID8037756,1193,1.7163642486718197e-16,0.0
DTXSID8038770,1193,0.0,0.0
DTXSID8038801,1193,0.0,0.0
DTXSID8038855,1193,5.602730787880476e-15,0.0
DTXSID8038857,1193,3.991659506983161e-10,0.0
DTXSID8039241,1193,1.827091948567441e-12,0.0
DTXSID8040222,1193,0.0,0.0
DTXSID8040270,1193,,
DTXSID8040274,1193,0.0,0.0
DTXSID8040278,1193,0.0,0.0
DTXSID8040436,1193,0.0,0.0
DTXSID8040438,1193,0.0,0.0
DTXSID8040484,1193,3.26219291117135e-12,0.0
DTXSID8040694,1193,0.0,0.0
DTXSID8040698,1193,0.0,0.0
DTXSID8040721,1193,5.1801127312890623e-17,0.0
DTXSID8040723,1193,0.013688875852173729,0.0
DTXSID8040725,1193,1.5815049249684043e-13,0.0
DTXSID8040727,1193,0.0,0.0
DTXSID8040775,1193,1.855643594414655e-15,0.0
DTXSID8040800,1193,0.0,0.0
DTXSID8041032,1193,0.0,0.0
DTXSID8041034,1193,0.0,0.0
DTXSID8041080,1193,0.0,0.0
DTXSID8041115,1193,0.0,0.0
DTXSID8041117,1193,0.0,0.0
DTXSID8041242,1193,0.0,0.0
DTXSID8041246,1193,1.0403773068305739e-14,0.0
DTXSID8041248,1193,0.0008463130110345824,0.0
DTXSID8041298,1193,1.8507053136334285e-12,0.0
DTXSID8041321,1193,0.0,0.0
DTXSID8041327,1193,0.0,0.0
DTXSID8041329,1193,0.0,0.0
DTXSID8041371,1193,0.0,0.0
DTXSID8041373,1193,4.4704398300678446e-13,0.0
DTXSID8041379,1193,4.240537874173083e-14,0.0
DTXSID8041400,1193,0.0,0.0
DTXSID8041404,1193,0.0,0.0
DTXSID8041452,1193,0.0,0.0
DTXSID8041610,1193,0.0,0.0
DTXSID8041668,1193,0.0,0.0
DTXSID8041743,1193,0.0,0.0
DTXSID8041793,1193,0.0,0.0
DTXSID8041797,1193,2.7408660250505966e-11,0.0
DTXSID8041799,1193,0.0,0.0
DTXSID8041828,1193,0.0,0.0
DTXSID8041909,1193,0.0036617910875594386,0.0
DTXSID8041951,1193,0.0,0.0
DTXSID8041955,1193,0.0,0.0
DTXSID8041957,1193,2.9711544677271152e-08,0.0
DTXSID8041959,1193,0.0,0.0
DTXSID8042006,1193,0.0,0.0
DTXSID8042052,1193,1.6982777064198859e-12,0.0
DTXSID8042137,1193,0.0,0.0
DTXSID8042181,1193,1.2271536599852404e-06,0.0
DTXSID8042187,1193,5.581570428793372e-12,0.0
DTXSID8042189,1193,0.0,0.0
DTXSID8042210,1193,0.0,0.0
DTXSID8042218,1193,0.0,0.0
DTXSID8042260,1193,0.0,0.0
DTXSID8042264,1193,,
DTXSID8042266,1193,0.0,0.0
DTXSID8042343,1193,8.639712466660387e-19,0.0
DTXSID8042349,1193,4.5294267027443585e-11,0.0
DTXSID8042399,1193,1.5022638015195644e-05,0.0
DTXSID8042422,1193,0.0,0.0
DTXSID8042424,1193,2.368054392158341e-11,0.0
DTXSID8042426,1193,0.0,0.0
DTXSID8042478,1193,,
DTXSID8042503,1193,0.0,0.0
DTXSID8042507,1193,1.0682129370644328e-11,0.0
DTXSID8042509,1193,0.0,0.0
DTXSID8042559,1193,0.0,0.0
DTXSID8042632,1193,0.0,0.0
DTXSID8043814,1193,,
DTXSID8043941,1193,0.0,0.0
DTXSID8044175,1193,0.0,0.0
DTXSID8044177,1193,0.0,0.0
DTXSID8044200,1193,0.0,0.0
DTXSID8044202,1193,1.354876582180972e-09,0.0
DTXSID8044204,1193,,
DTXSID8044206,1193,2.73213688390087e-12,0.0
DTXSID8044208,1193,0.0,0.0
DTXSID8044252,1193,0.0,0.0
DTXSID8044381,1193,,
DTXSID8044383,1193,0.0,0.0
DTXSID8044389,1193,0.0,0.0
DTXSID8044410,1193,0.0,0.0
DTXSID8044412,1193,2.7019023011203865e-13,0.0
DTXSID8044414,1193,0.0,0.0
DTXSID8044462,1193,0.0,0.0
DTXSID8044464,1193,0.0,0.0
DTXSID8044466,1193,0.0,0.0
DTXSID8044541,1193,0.0,0.0
DTXSID8044543,1193,1.1740818262436181e-14,0.0
DTXSID8044545,1193,1.6828023566790403e-14,0.0
DTXSID8044547,1193,0.0,0.0
DTXSID8044549,1193,,
DTXSID8044591,1193,0.0,0.0
DTXSID8044593,1193,0.0,0.0
DTXSID8044595,1193,0.0,0.0
DTXSID8044597,1193,0.0,0.0
DTXSID8044599,1193,3.6794363594893944e-13,0.0
DTXSID8044620,1193,0.0,0.0
DTXSID8044622,1193,0.0,0.0
DTXSID8044624,1193,0.0,0.0
DTXSID8044626,1193,3.2369441743193154e-10,0.0
DTXSID8044670,1193,0.0,0.0
DTXSID8044676,1193,0.0,0.0
DTXSID8044678,1193,3.0015669411843085e-06,0.0
DTXSID8044701,1193,0.0,0.0
DTXSID8044703,1193,0.0,0.0
DTXSID8044709,1193,8.81536541532402e-11,0.0
DTXSID8044751,1193,0.0,0.0
DTXSID8044753,1193,0.0,0.0
DTXSID8044755,1193,6.109964930481526e-15,0.0
DTXSID8044757,1193,1.6057870214093857e-14,0.0
DTXSID8044759,1193,0.0,0.0
DTXSID8044830,1193,0.0,0.0
DTXSID8044832,1193,0.0,0.0
DTXSID8044834,1193,0.0,0.0
DTXSID8044836,1193,1.0497099352965755e-10,0.0
DTXSID8044880,1193,0.0,0.0
DTXSID8044882,1193,0.0,0.0
DTXSID8044884,1193,0.0,0.0
DTXSID8044886,1193,1.2187808375983745e-18,0.0
DTXSID8044888,1193,0.0,0.0
DTXSID8044911,1193,5.0221113276722593e-14,0.0
DTXSID8044913,1193,,
DTXSID8044915,1193,0.0,0.0
DTXSID8044919,1193,0.0,0.0
DTXSID8044961,1193,0.0,0.0
DTXSID8044963,1193,0.0,0.0
DTXSID8044967,1193,0.0,0.0
DTXSID8045141,1193,3.2619274648675344e-09,0.0
DTXSID8045145,1193,0.0,0.0
DTXSID8045147,1193,0.0,0.0
DTXSID8045149,1193,2.0587743906047783e-10,0.0
DTXSID8045191,1193,0.0,0.0
DTXSID8045193,1193,6.357798642055093e-12,0.0
DTXSID8045195,1193,0.0,0.0
DTXSID8045220,1193,0.0,0.0
DTXSID8045222,1193,0.0,0.0
DTXSID8045224,1193,5.150315834512492e-12,0.0
DTXSID8045226,1193,0.0,0.0
DTXSID8045228,1193,2.7380518014279225e-10,0.0
DTXSID8045305,1193,0.0,0.0
DTXSID8045307,1193,0.0,0.0
DTXSID8045351,1193,0.0,0.0
DTXSID8045355,1193,7.952311503704491e-09,0.0
DTXSID8045357,1193,0.0,0.0
DTXSID8045359,1193,1.6384747391282323e-09,0.0
DTXSID8045432,1193,0.0,0.0
DTXSID8045434,1193,0.0,0.0
DTXSID8045438,1193,0.0,0.0
DTXSID8045480,1193,0.0,0.0
DTXSID8045484,1193,0.0,0.0
DTXSID8045486,1193,0.0,0.0
DTXSID8045488,1193,0.0,0.0
DTXSID8045511,1193,0.0,0.0
DTXSID8045513,1193,1.0482954144221852e-13,0.0
DTXSID8045515,1193,3.619802099957625e-11,0.0
DTXSID8045519,1193,0.0,0.0
DTXSID8045561,1193,0.0,0.0
DTXSID8045563,1193,0.0,0.0
DTXSID8045565,1193,0.0,0.0
DTXSID8045567,1193,0.0,0.0
DTXSID8045569,1193,0.0,0.0
DTXSID8045640,1193,0.0,0.0
DTXSID8045642,1193,8.166589126338906e-07,0.0
DTXSID8045646,1193,0.0,0.0
DTXSID8045648,1193,1.6455784347311131e-12,0.0
DTXSID8045690,1193,0.0,0.0
DTXSID8045692,1193,0.0,0.0
DTXSID8045694,1193,0.0,0.0
DTXSID8045696,1193,0.0,0.0
DTXSID8045698,1193,0.0,0.0
DTXSID8045771,1193,7.9132349016677e-10,0.0
DTXSID8045773,1193,7.934778700674929e-10,0.0
DTXSID8045775,1193,1.8220139985906095e-05,0.0
DTXSID8045777,1193,5.345743027899354e-12,0.0
DTXSID8045779,1193,0.0,0.0
DTXSID8045800,1193,0.0,0.0
DTXSID8045802,1193,0.0,0.0
DTXSID8045804,1193,0.0,0.0
DTXSID8045806,1193,,
DTXSID8045850,1193,0.0,0.0
DTXSID8045852,1193,0.0,0.0
DTXSID8045854,1193,,
DTXSID8045856,1193,0.9734435939536799,1.0
DTXSID8045933,1193,0.0,0.0
DTXSID8045935,1193,0.0,0.0
DTXSID8045937,1193,0.0,0.0
DTXSID8045939,1193,0.0,0.0
DTXSID8045983,1193,4.9925658011479e-12,0.0
DTXSID8045985,1193,0.0,0.0
DTXSID8045987,1193,2.664394831553626e-12,0.0
DTXSID8045989,1193,0.0,0.0
DTXSID8046030,1193,0.9797149259087464,1.0
DTXSID8046034,1193,0.0,0.0
DTXSID8046036,1193,0.0,0.0
DTXSID8046038,1193,0.0,0.0
DTXSID8046084,1193,0.0,0.0
DTXSID8046086,1193,0.0,0.0
DTXSID8046088,1193,0.0,0.0
DTXSID8046113,1193,5.898484029654338e-09,0.0
DTXSID8046115,1193,0.0,0.0
DTXSID8046117,1193,0.0,0.0
DTXSID8046119,1193,0.0,0.0
DTXSID8046161,1193,0.0,0.0
DTXSID8046163,1193,2.049248103213973e-10,0.0
DTXSID8046165,1193,0.0,0.0
DTXSID8046167,1193,,
DTXSID8046169,1193,0.0,0.0
DTXSID8046240,1193,,
DTXSID8046242,1193,9.046165819977398e-14,0.0
DTXSID8046244,1193,7.861957388059207e-14,0.0
DTXSID8046246,1193,0.0,0.0
DTXSID8046248,1193,0.0,0.0
DTXSID8046290,1193,0.0,0.0
DTXSID8046292,1193,0.0,0.0
DTXSID8046294,1193,0.0,0.0
DTXSID8046296,1193,0.04937379954224635,0.0
DTXSID8046298,1193,0.0,0.0
DTXSID8046321,1193,2.0729797214333706e-12,0.0
DTXSID8046323,1193,0.0,0.0
DTXSID8046325,1193,8.304502853118587e-12,0.0
DTXSID8046327,1193,0.0,0.0
DTXSID8046400,1193,1.6242589028915984e-08,0.0
DTXSID8046402,1193,2.8523603552311955e-07,0.0
DTXSID8046404,1193,0.0,0.0
DTXSID8046406,1193,0.0,0.0
DTXSID8046450,1193,2.1624564773920686e-08,0.0
DTXSID8046452,1193,0.0,0.0
DTXSID8046454,1193,,
DTXSID8046456,1193,0.0,0.0
DTXSID8046458,1193,4.211539878036529e-08,0.0
DTXSID8046531,1193,4.359366161906419e-17,0.0
DTXSID8046535,1193,1.5335515065329237e-16,0.0
DTXSID8046537,1193,0.0,0.0
DTXSID8046539,1193,0.0,0.0
DTXSID8046581,1193,5.1390754485858913e-14,0.0
DTXSID8046583,1193,0.0,0.0
DTXSID8046585,1193,5.337136427978049e-13,0.0
DTXSID8046589,1193,0.0,0.0
DTXSID8046610,1193,0.0,0.0
DTXSID8046614,1193,0.0,0.0
DTXSID8046618,1193,0.0,0.0
DTXSID8046660,1193,0.0,0.0
DTXSID8046662,1193,0.0,0.0
DTXSID8046664,1193,4.0630980340370867e-13,0.0
DTXSID8046666,1193,,
DTXSID8046743,1193,0.0,0.0
DTXSID8046749,1193,0.0,0.0
DTXSID8046791,1193,,
DTXSID8046793,1193,0.0,0.0
DTXSID8046795,1193,1.7094963112866683e-14,0.0
DTXSID8046799,1193,3.491747040469962e-09,0.0
DTXSID8046820,1193,0.0,0.0
DTXSID8046822,1193,1.396476684993784e-12,0.0
DTXSID8046824,1193,3.4781950518589903e-15,0.0
DTXSID8046826,1193,3.56998678625526e-10,0.0
DTXSID8046828,1193,0.0,0.0
DTXSID8046870,1193,,
DTXSID8046872,1193,,
DTXSID8046876,1193,,
DTXSID8046878,1193,0.0,0.0
DTXSID8046901,1193,0.0,0.0
DTXSID8046903,1193,,
DTXSID8046905,1193,1.175451472211579e-13,0.0
DTXSID8046909,1193,0.0,0.0
DTXSID8046951,1193,9.143566644101133e-09,0.0
DTXSID8047000,1193,1.0334584497488196e-09,0.0
DTXSID8047006,1193,4.250018993408574e-08,0.0
DTXSID8047050,1193,0.0,0.0
DTXSID8047052,1193,0.0,0.0
DTXSID8047056,1193,2.037349026589559e-09,0.0
DTXSID8047058,1193,0.0,0.0
DTXSID8047131,1193,0.0,0.0
DTXSID8047133,1193,0.0,0.0
DTXSID8047135,1193,1.5002795915744924e-16,0.0
DTXSID8047137,1193,0.0,0.0
DTXSID8047139,1193,3.314901264466775e-10,0.0
DTXSID8047183,1193,0.0,0.0
DTXSID8047185,1193,0.0,0.0
DTXSID8047187,1193,0.0,0.0
DTXSID8047189,1193,0.0,0.0
DTXSID8047262,1193,1.1127911207647874e-13,0.0
DTXSID8047264,1193,0.0,0.0
DTXSID8047266,1193,0.0,0.0
DTXSID8047268,1193,0.0,0.0
DTXSID8047341,1193,3.8098013209320667e-10,0.0
DTXSID8047347,1193,,
DTXSID8047349,1193,9.319947682602204e-06,0.0
DTXSID8047391,1193,0.0,0.0
DTXSID8047395,1193,0.0,0.0
DTXSID8047397,1193,0.0,0.0
DTXSID8047399,1193,0.0,0.0
DTXSID8047420,1193,1.1412512432813887e-17,0.0
DTXSID8047422,1193,0.0,0.0
DTXSID8047424,1193,0.0,0.0
DTXSID8047426,1193,0.0,0.0
DTXSID8047428,1193,0.0,0.0
DTXSID8047470,1193,3.665380747383597e-17,0.0
DTXSID8047474,1193,0.0,0.0
DTXSID8047476,1193,0.0,0.0
DTXSID8047501,1193,0.0,0.0
DTXSID8047505,1193,0.8496897241750712,0.0
DTXSID8047551,1193,0.0,0.0
DTXSID8047553,1193,2.0822313470337473e-14,0.0
DTXSID8047559,1193,0.0,0.0
DTXSID8047630,1193,0.0,0.0
DTXSID8047636,1193,0.0,0.0
DTXSID8047680,1193,7.459899418852092e-18,0.0
DTXSID8047682,1193,0.0,0.0
DTXSID8047684,1193,0.0,0.0
DTXSID8047686,1193,0.0,0.0
DTXSID8047711,1193,5.327818508776738e-18,0.0
DTXSID8047713,1193,4.3964600795188594e-16,0.0
DTXSID8047717,1193,1.0174829810886889e-19,0.0
DTXSID8047840,1193,1.1879294886035517e-13,0.0
DTXSID8047842,1193,0.0,0.0
DTXSID8047844,1193,0.0,0.0
DTXSID8047846,1193,0.0,0.0
DTXSID8047848,1193,8.915186949807681e-12,0.0
DTXSID8047890,1193,0.0,0.0
DTXSID8047892,1193,1.006280104672574e-08,0.0
DTXSID8047894,1193,0.0,0.0
DTXSID8047896,1193,7.66079227440764e-14,0.0
DTXSID8047898,1193,1.6767329826265775e-15,0.0
DTXSID8047921,1193,0.0,0.0
DTXSID8047923,1193,2.390114190898524e-06,0.0
DTXSID8047925,1193,0.0,0.0
DTXSID8047927,1193,1.4472071901348916e-13,0.0
DTXSID8047929,1193,3.5216565080607453e-09,0.0
DTXSID8047971,1193,0.0,0.0
DTXSID8047973,1193,,
DTXSID8048521,1193,0.0,0.0
DTXSID8048575,1193,3.7140968384310236e-10,0.0
DTXSID8048577,1193,0.0,0.0
DTXSID8048579,1193,,
DTXSID8048600,1193,0.0,0.0
DTXSID8048602,1193,3.4676994937960387e-12,0.0
DTXSID8048604,1193,2.13564914465778e-07,0.0
DTXSID8048606,1193,0.0,0.0
DTXSID8048608,1193,0.0,0.0
DTXSID8048650,1193,0.0,0.0
DTXSID8048652,1193,3.437683734192074e-11,0.0
DTXSID8048654,1193,3.117591581643558e-09,0.0
DTXSID8048656,1193,2.2100156479320725e-15,0.0
DTXSID8048658,1193,0.0,0.0
DTXSID8048731,1193,,
DTXSID8048733,1193,,
DTXSID8048735,1193,4.366650909802739e-15,0.0
DTXSID8048737,1193,0.0,0.0
DTXSID8048739,1193,1.1422189568084058e-12,0.0
DTXSID8048781,1193,0.0,0.0
DTXSID8048783,1193,0.0,0.0
DTXSID8048785,1193,,
DTXSID8048787,1193,0.0,0.0
DTXSID8048789,1193,0.0,0.0
DTXSID8048810,1193,0.0,0.0
DTXSID8048812,1193,0.0,0.0
DTXSID8048814,1193,8.957183460173747e-06,0.0
DTXSID8048816,1193,1.0079723628327763e-16,0.0
DTXSID8048818,1193,2.696624266131111e-16,0.0
DTXSID8048860,1193,1.2527668024551105e-12,0.0
DTXSID8048862,1193,5.518986306493081e-13,0.0
DTXSID8048864,1193,0.0,0.0
DTXSID8048866,1193,1.3453888067837651e-10,0.0
DTXSID8048868,1193,0.0,0.0
DTXSID8048941,1193,1.8507509033361212e-16,0.0
DTXSID8048943,1193,,
DTXSID8048945,1193,0.0,0.0
DTXSID8048947,1193,,
DTXSID8048949,1193,0.0,0.0
DTXSID8048991,1193,0.0,0.0
DTXSID8048993,1193,,
DTXSID8048995,1193,0.0,0.0
DTXSID8048997,1193,0.0,0.0
DTXSID8048999,1193,0.0,0.0
DTXSID8049040,1193,0.0,0.0
DTXSID8049042,1193,2.7547942700505674e-14,0.0
DTXSID8049044,1193,0.0,0.0
DTXSID8049046,1193,5.255944758527025e-18,0.0
DTXSID8049048,1193,5.780454107020973e-14,0.0
DTXSID8049200,1193,0.0,0.0
DTXSID8049202,1193,0.0,0.0
DTXSID8049204,1193,5.504255393817138e-16,0.0
DTXSID8049206,1193,0.0,0.0
DTXSID8049208,1193,0.0,0.0
DTXSID8049250,1193,,
DTXSID8049252,1193,0.0,0.0
DTXSID8049254,1193,,
DTXSID8049256,1193,0.0,0.0
DTXSID8049258,1193,0.0,0.0
DTXSID8049331,1193,1.3092833383781077e-14,0.0
DTXSID8049333,1193,7.237401758016053e-10,0.0
DTXSID8049335,1193,6.307938992495336e-15,0.0
DTXSID8049337,1193,0.0,0.0
DTXSID8049339,1193,0.0,0.0
DTXSID8049381,1193,0.0,0.0
DTXSID8049383,1193,4.3803285277443276e-11,0.0
DTXSID8049385,1193,0.0,0.0
DTXSID8049387,1193,0.0,0.0
DTXSID8049389,1193,4.2146212027119324e-14,0.0
DTXSID8049410,1193,1.760929017626157e-18,0.0
DTXSID8049412,1193,1.878319094382356e-05,0.0
DTXSID8049414,1193,9.627743830252006e-07,0.0
DTXSID8049416,1193,0.0,0.0
DTXSID8049418,1193,0.0,0.0
DTXSID8049460,1193,1.209474035622906e-17,0.0
DTXSID8049462,1193,2.1125132956481657e-13,0.0
DTXSID8049464,1193,1.072581711223644e-12,0.0
DTXSID8049466,1193,3.274476580334656e-18,0.0
DTXSID8049468,1193,2.7444249737601534e-17,0.0
DTXSID8049541,1193,0.0,0.0
DTXSID8049543,1193,0.0,0.0
DTXSID8049545,1193,0.0,0.0
DTXSID8049547,1193,0.0,0.0
DTXSID8049549,1193,0.0,0.0
DTXSID9020031,1193,,
DTXSID9020081,1193,0.0,0.0
DTXSID9020083,1193,0.0,0.0
DTXSID9020087,1193,0.0,0.0
DTXSID9020089,1193,0.0,0.0
DTXSID9020110,1193,0.0,0.0
DTXSID9020112,1193,3.351911382649833e-17,0.0
DTXSID9020114,1193,0.0,0.0
DTXSID9020116,1193,3.950003796284659e-10,0.0
DTXSID9020118,1193,3.584706086881373e-11,0.0
DTXSID9020160,1193,1.4658606054246882e-15,0.0
DTXSID9020164,1193,0.0,0.0
DTXSID9020166,1193,,
DTXSID9020168,1193,1.9915701872292327e-14,0.0
DTXSID9020241,1193,6.080012152031996e-15,0.0
DTXSID9020243,1193,0.0,0.0
DTXSID9020245,1193,7.842035697235293e-13,0.0
DTXSID9020247,1193,4.172775378695451e-12,0.0
DTXSID9020249,1193,8.164457504316872e-18,0.0
DTXSID9020293,1193,2.814383996401522e-09,0.0
DTXSID9020295,1193,0.0,0.0
DTXSID9020299,1193,0.0,0.0
DTXSID9020322,1193,5.851878254554558e-13,0.0
DTXSID9020326,1193,0.0,0.0
DTXSID9020328,1193,0.0,0.0
DTXSID9020370,1193,3.5242874130537373e-09,0.0
DTXSID9020372,1193,0.0,0.0
DTXSID9020374,1193,1.4643916823884875e-16,0.0
DTXSID9020378,1193,0.0,0.0
DTXSID9020401,1193,0.0,0.0
DTXSID9020407,1193,3.231136698907199e-11,0.0
DTXSID9020409,1193,0.0,0.0
DTXSID9020451,1193,1.302732839914164e-09,0.0
DTXSID9020453,1193,0.0,0.0
DTXSID9020459,1193,0.0,0.0
DTXSID9020538,1193,0.0,0.0
DTXSID9020580,1193,0.0,0.0
DTXSID9020582,1193,0.0,0.0
DTXSID9020584,1193,0.0,0.0
DTXSID9020615,1193,0.0,0.0
DTXSID9020617,1193,0.0,0.0
DTXSID9020663,1193,1.0648918475469419e-16,0.0
DTXSID9020667,1193,0.0,0.0
DTXSID9020669,1193,0.0,0.0
DTXSID9020740,1193,0.01772864514049098,0.0
DTXSID9020742,1193,0.0,0.0
DTXSID9020790,1193,0.0,0.0
DTXSID9020792,1193,0.0,0.0
DTXSID9020794,1193,0.6185421054732902,0.0
DTXSID9020796,1193,,
DTXSID9020821,1193,0.0,0.0
DTXSID9020825,1193,,
DTXSID9020827,1193,0.0,0.0
DTXSID9020829,1193,0.0,0.0
DTXSID9020875,1193,0.0,0.0
DTXSID9020877,1193,0.0,0.0
DTXSID9020902,1193,5.762697699011343e-10,0.0
DTXSID9020956,1193,3.3976985754680317e-07,0.0
DTXSID9020958,1193,0.0,0.0
DTXSID9021053,1193,4.289533232015604e-05,0.0
DTXSID9021059,1193,4.5060348520879264e-14,0.0
DTXSID9021130,1193,1.8768073876230602e-18,0.0
DTXSID9021132,1193,,
DTXSID9021134,1193,1.554412971288563e-15,0.0
DTXSID9021136,1193,2.488682351611032e-08,0.0
DTXSID9021138,1193,0.0,0.0
DTXSID9021182,1193,3.171813765181408e-14,0.0
DTXSID9021184,1193,0.0,0.0
DTXSID9021188,1193,0.0,0.0
DTXSID9021215,1193,0.0,0.0
DTXSID9021217,1193,2.5552523103299773e-17,0.0
DTXSID9021219,1193,0.0,0.0
DTXSID9021267,1193,0.0,0.0
DTXSID9021340,1193,0.0,0.0
DTXSID9021342,1193,0.0,0.0
DTXSID9021344,1193,0.0,0.0
DTXSID9021346,1193,3.0935872109252215e-10,0.0
DTXSID9021348,1193,1.7131406609602398e-11,0.0
DTXSID9021390,1193,0.0,0.0
DTXSID9021392,1193,6.720528063072983e-11,0.0
DTXSID9021396,1193,0.0,0.0
DTXSID9021398,1193,1.2793388483175383e-13,0.0
DTXSID9021425,1193,1.4480504390758586e-08,0.0
DTXSID9021427,1193,0.0,0.0
DTXSID9021477,1193,0.0,0.0
DTXSID9021479,1193,4.0029033306764737e-10,0.0
DTXSID9021552,1193,0.0,0.0
DTXSID9021554,1193,7.650880629930949e-08,0.0
DTXSID9021631,1193,1.2733983543695878e-18,0.0
DTXSID9021633,1193,0.0,0.0
DTXSID9021635,1193,0.0,0.0
DTXSID9021637,1193,0.0,0.0
DTXSID9021639,1193,1.4284226133841949e-08,0.0
DTXSID9021683,1193,1.156339219015687e-13,0.0
DTXSID9021685,1193,3.220988219698791e-16,0.0
DTXSID9021689,1193,0.0,0.0
DTXSID9021716,1193,,
DTXSID9021718,1193,1.568069049746467e-12,0.0
DTXSID9021762,1193,0.0,0.0
DTXSID9021764,1193,0.0,0.0
DTXSID9021841,1193,1.5120958651305264e-14,0.0
DTXSID9021843,1193,0.0,0.0
DTXSID9021847,1193,5.058266073417413e-12,0.0
DTXSID9021897,1193,1.4214827641565386e-16,0.0
DTXSID9021899,1193,9.321551663872779e-11,0.0
DTXSID9021922,1193,0.0,0.0
DTXSID9021924,1193,0.0,0.0
DTXSID9021928,1193,0.0,0.0
DTXSID9021974,1193,0.0,0.0
DTXSID9021976,1193,5.5595610688009644e-06,0.0
DTXSID9022027,1193,2.2163081225903304e-15,0.0
DTXSID9022079,1193,0.0,0.0
DTXSID9022100,1193,0.0,0.0
DTXSID9022310,1193,0.0,0.0
DTXSID9022312,1193,0.0,0.0
DTXSID9022360,1193,,
DTXSID9022364,1193,5.297562489138762e-12,0.0
DTXSID9022366,1193,1.9480464530689007e-09,0.0
DTXSID9022445,1193,0.0,0.0
DTXSID9022520,1193,0.0,0.0
DTXSID9022522,1193,0.0,0.0
DTXSID9022524,1193,0.0,0.0
DTXSID9022526,1193,0.0,0.0
DTXSID9022528,1193,0.0,0.0
DTXSID9022574,1193,0.20081868531314512,0.0
DTXSID9022576,1193,0.0,0.0
DTXSID9022578,1193,4.0670008932305953e-05,0.0
DTXSID9022601,1193,0.0,0.0
DTXSID9022603,1193,0.0009116597842023661,0.0
DTXSID9022607,1193,4.095784257834705e-12,0.0
DTXSID9022609,1193,5.0461241749003287e-11,0.0
DTXSID9022655,1193,0.0,0.0
DTXSID9022659,1193,2.1999196671771677e-06,0.0
DTXSID9022730,1193,0.0,0.0
DTXSID9022732,1193,0.0,0.0
DTXSID9022734,1193,0.06350486074086152,0.0
DTXSID9022736,1193,2.551617916928411e-10,0.0
DTXSID9022738,1193,0.0,0.0
DTXSID9022780,1193,0.0,0.0
DTXSID9022782,1193,0.0,0.0
DTXSID9022813,1193,0.0,0.0
DTXSID9022815,1193,1.0647530086103369e-12,0.0
DTXSID9022817,1193,8.624484315541042e-12,0.0
DTXSID9022861,1193,0.0,0.0
DTXSID9022940,1193,8.279944395087946e-09,0.0
DTXSID9022944,1193,0.0,0.0
DTXSID9022946,1193,0.0,0.0
DTXSID9022948,1193,1.9304183511791095e-09,0.0
DTXSID9022994,1193,,
DTXSID9022998,1193,5.37952990584821e-16,0.0
DTXSID9023041,1193,0.0,0.0
DTXSID9023043,1193,1.2755868417634482e-13,0.0
DTXSID9023049,1193,0.0,0.0
DTXSID9023095,1193,0.0,0.0
DTXSID9023097,1193,9.575552038973226e-14,0.0
DTXSID9023122,1193,0.0,0.0
DTXSID9023128,1193,,
DTXSID9023170,1193,3.5608403325092103e-11,0.0
DTXSID9023174,1193,0.0,0.0
DTXSID9023176,1193,0.0,0.0
DTXSID9023201,1193,0.0,0.0
DTXSID9023205,1193,3.3340818687304836e-08,0.0
DTXSID9023209,1193,0.0,0.0
DTXSID9023255,1193,0.0,0.0
DTXSID9023380,1193,1.7846755719063004e-12,0.0
DTXSID9023386,1193,1.1662280608241587e-10,0.0
DTXSID9023388,1193,5.1202396320675236e-14,0.0
DTXSID9023411,1193,5.619053991011941e-10,0.0
DTXSID9023413,1193,0.0,0.0
DTXSID9023415,1193,0.0,0.0
DTXSID9023419,1193,7.72979183967255e-11,0.0
DTXSID9023463,1193,0.0,0.0
DTXSID9023540,1193,0.0,0.0
DTXSID9023542,1193,3.3447855710835095e-11,0.0
DTXSID9023546,1193,0.0,0.0
DTXSID9023548,1193,0.0,0.0
DTXSID9023590,1193,6.279316283191453e-16,0.0
DTXSID9023621,1193,0.0,0.0
DTXSID9023623,1193,2.4890611418510214e-13,0.0
DTXSID9023629,1193,,
DTXSID9023673,1193,2.2058077571224352e-10,0.0
DTXSID9023677,1193,9.429628725552122e-07,0.0
DTXSID9023679,1193,0.0,0.0
DTXSID9023702,1193,0.0,0.0
DTXSID9023706,1193,5.769316077472735e-06,0.0
DTXSID9023752,1193,3.1030643589593008e-15,0.0
DTXSID9023756,1193,0.0,0.0
DTXSID9023833,1193,8.50064030924222e-11,0.0
DTXSID9023835,1193,0.0,0.0
DTXSID9023837,1193,0.0,0.0
DTXSID9023881,1193,0.0,0.0
DTXSID9023883,1193,7.325891375247558e-12,0.0
DTXSID9023889,1193,0.00011748650270080848,0.0
DTXSID9023914,1193,0.0,0.0
DTXSID9023966,1193,0.0,0.0
DTXSID9024015,1193,2.2860451117557233e-10,0.0
DTXSID9024063,1193,4.432852068466613e-13,0.0
DTXSID9024065,1193,0.0,0.0
DTXSID9024194,1193,0.0,0.0
DTXSID9024300,1193,0.0,0.0
DTXSID9024304,1193,0.0,0.0
DTXSID9024431,1193,0.0,0.0
DTXSID9024437,1193,5.12329586764675e-15,0.0
DTXSID9024481,1193,0.0,0.0
DTXSID9024483,1193,,
DTXSID9024485,1193,0.0,0.0
DTXSID9024487,1193,0.0,0.0
DTXSID9024489,1193,0.0,0.0
DTXSID9024512,1193,6.786000203073968e-18,0.0
DTXSID9024568,1193,2.6036610776615717e-17,0.0
DTXSID9024641,1193,0.0,0.0
DTXSID9024691,1193,3.1870371413389763e-11,0.0
DTXSID9024699,1193,1.7661569757092324e-16,0.0
DTXSID9024724,1193,0.0,0.0
DTXSID9024726,1193,0.0,0.0
DTXSID9024770,1193,0.0,0.0
DTXSID9024772,1193,0.0,0.0
DTXSID9024774,1193,0.0,0.0
DTXSID9024853,1193,0.0,0.0
DTXSID9024855,1193,1.0009836554362731e-08,0.0
DTXSID9024930,1193,0.0,0.0
DTXSID9024934,1193,0.0,0.0
DTXSID9024980,1193,0.0,0.0
DTXSID9024986,1193,0.0,0.0
DTXSID9025035,1193,0.021503472773248666,0.0
DTXSID9025037,1193,0.0,0.0
DTXSID9025085,1193,1.1634918516097932e-13,0.0
DTXSID9025087,1193,1.504637255118806e-14,0.0
DTXSID9025110,1193,0.0,0.0
DTXSID9025112,1193,0.0,0.0
DTXSID9025114,1193,,
DTXSID9025164,1193,0.0,0.0
DTXSID9025166,1193,0.0,0.0
DTXSID9025243,1193,5.020517677299496e-13,0.0
DTXSID9025245,1193,1.948843344211766e-14,0.0
DTXSID9025249,1193,0.0,0.0
DTXSID9025291,1193,0.0,0.0
DTXSID9025293,1193,1.2042013393093312e-08,0.0
DTXSID9025297,1193,3.829568643821807e-17,0.0
DTXSID9025299,1193,9.743531373639644e-12,0.0
DTXSID9025324,1193,0.0,0.0
DTXSID9025326,1193,1.5753535102362873e-13,0.0
DTXSID9025328,1193,0.999995036951133,1.0
DTXSID9025370,1193,4.709984037828979e-14,0.0
DTXSID9025401,1193,0.0,0.0
DTXSID9025403,1193,0.0,0.0
DTXSID9025409,1193,0.0,0.0
DTXSID9025451,1193,0.0,0.0
DTXSID9025453,1193,0.0,0.0
DTXSID9025455,1193,0.0,0.0
DTXSID9025534,1193,0.0,0.0
DTXSID9025536,1193,0.0,0.0
DTXSID9025538,1193,0.0,0.0
DTXSID9025580,1193,7.1488938781727874e-12,0.0
DTXSID9025588,1193,0.0,0.0
DTXSID9025611,1193,9.226599339502864e-15,0.0
DTXSID9025617,1193,0.0,0.0
DTXSID9025661,1193,1.585370705301062e-15,0.0
DTXSID9025665,1193,4.715068917856133e-10,0.0
DTXSID9025740,1193,0.0,0.0
DTXSID9025742,1193,0.0,0.0
DTXSID9025744,1193,0.0,0.0
DTXSID9025746,1193,0.0,0.0
DTXSID9025794,1193,0.0,0.0
DTXSID9025796,1193,0.0,0.0
DTXSID9025825,1193,0.0,0.0
DTXSID9025873,1193,0.0,0.0
DTXSID9025879,1193,0.0,0.0
DTXSID9026051,1193,1.631001699852081e-12,0.0
DTXSID9026053,1193,0.0,0.0
DTXSID9026059,1193,0.0,0.0
DTXSID9026130,1193,1.0205990831012803e-15,0.0
DTXSID9026132,1193,1.6316921991592963e-14,0.0
DTXSID9026219,1193,0.0,0.0
DTXSID9026261,1193,6.320488777007893e-09,0.0
DTXSID9026265,1193,0.0,0.0
DTXSID9026267,1193,2.4990554482608473e-14,0.0
DTXSID9026342,1193,0.0,0.0
DTXSID9026423,1193,6.737758774354135e-12,0.0
DTXSID9026500,1193,1.664854821330562e-13,0.0
DTXSID9026558,1193,3.394438481922149e-11,0.0
DTXSID9026631,1193,0.0,0.0
DTXSID9026633,1193,3.0982698540670726e-13,0.0
DTXSID9026689,1193,3.5370475177663596e-07,0.0
DTXSID9026710,1193,0.0,0.0
DTXSID9026712,1193,2.0382583492999492e-10,0.0
DTXSID9026714,1193,0.0,0.0
DTXSID9026716,1193,2.3311941715187315e-15,0.0
DTXSID9026718,1193,0.0,0.0
DTXSID9026766,1193,0.0,0.0
DTXSID9026841,1193,0.0,0.0
DTXSID9026849,1193,0.0,0.0
DTXSID9026899,1193,0.0,0.0
DTXSID9026922,1193,8.942114712218483e-12,0.0
DTXSID9026924,1193,3.6955550387757014e-09,0.0
DTXSID9026926,1193,5.8006751236504e-10,0.0
DTXSID9026974,1193,,
DTXSID9027021,1193,5.447132090634185e-19,0.0
DTXSID9027104,1193,0.0,0.0
DTXSID9027158,1193,0.0,0.0
DTXSID9027233,1193,2.7042675382466257e-10,0.0
DTXSID9027239,1193,0.0,0.0
DTXSID9027281,1193,0.0,0.0
DTXSID9027310,1193,3.930645401946649e-14,0.0
DTXSID9027312,1193,2.1470129259729966e-16,0.0
DTXSID9027314,1193,0.0,0.0
DTXSID9027360,1193,0.0,0.0
DTXSID9027364,1193,0.0,0.0
DTXSID9027368,1193,0.0,0.0
DTXSID9027441,1193,1.4536545595582992e-10,0.0
DTXSID9027443,1193,0.0,0.0
DTXSID9027449,1193,0.0,0.0
DTXSID9027520,1193,0.0,0.0
DTXSID9027522,1193,0.0,0.0
DTXSID9027528,1193,7.013777024143106e-11,0.0
DTXSID9027570,1193,4.669481408557767e-13,0.0
DTXSID9027603,1193,0.0,0.0
DTXSID9027653,1193,0.0,0.0
DTXSID9027738,1193,0.0,0.0
DTXSID9027863,1193,0.0,0.0
DTXSID9027948,1193,1.22333181643458e-05,0.0
DTXSID9028120,1193,0.0,0.0
DTXSID9029017,1193,0.0,0.0
DTXSID9029061,1193,0.0,0.0
DTXSID9029146,1193,0.0,0.0
DTXSID9029192,1193,0.0,0.0
DTXSID9029194,1193,0.0,0.0
DTXSID9029221,1193,0.0,0.0
DTXSID9029223,1193,7.314490685902748e-13,0.0
DTXSID9029275,1193,0.0,0.0
DTXSID9029277,1193,0.0,0.0
DTXSID9029279,1193,0.0,0.0
DTXSID9029300,1193,5.986568351819785e-15,0.0
DTXSID9029302,1193,0.0,0.0
DTXSID9029304,1193,0.0,0.0
DTXSID9029649,1193,0.0,0.0
DTXSID9029691,1193,0.0,0.0
DTXSID9029695,1193,0.0,0.0
DTXSID9030048,1193,0.0,0.0
DTXSID9030258,1193,0.0,0.0
DTXSID9030707,1193,3.37689794374588e-08,0.0
DTXSID9031800,1193,0.0,0.0
DTXSID9032113,1193,1.1303317149741552e-11,0.0
DTXSID9032327,1193,0.0,0.0
DTXSID9032329,1193,0.0,0.0
DTXSID9032375,1193,0.0,0.0
DTXSID9032379,1193,8.656440470293669e-07,0.0
DTXSID9032406,1193,9.000038055789953e-10,0.0
DTXSID9032531,1193,0.0,0.0
DTXSID9032533,1193,,
DTXSID9032535,1193,1.2581285243125263e-15,0.0
DTXSID9032537,1193,,
DTXSID9032581,1193,,
DTXSID9032589,1193,,
DTXSID9032610,1193,0.0,0.0
DTXSID9032614,1193,3.5743640581057085e-12,0.0
DTXSID9032878,1193,0.0,0.0
DTXSID9033008,1193,4.098633258328437e-14,0.0
DTXSID9033058,1193,8.653114770586133e-13,0.0
DTXSID9033187,1193,0.00033716238915079455,0.0
DTXSID9033264,1193,0.0,0.0
DTXSID9033896,1193,0.0,0.0
DTXSID9033923,1193,0.0,0.0
DTXSID9033979,1193,0.0,0.0
DTXSID9034070,1193,0.0,0.0
DTXSID9034232,1193,0.0,0.0
DTXSID9034282,1193,0.0,0.0
DTXSID9034286,1193,0.0,0.0
DTXSID9034317,1193,,
DTXSID9034361,1193,2.3207104918659e-11,0.0
DTXSID9034365,1193,0.0,0.0
DTXSID9034490,1193,0.0,0.0
DTXSID9034492,1193,0.0,0.0
DTXSID9034816,1193,0.0,0.0
DTXSID9034818,1193,,
DTXSID9034864,1193,0.0,0.0
DTXSID9034997,1193,,
DTXSID9035175,1193,0.0,0.0
DTXSID9035204,1193,,
DTXSID9035206,1193,0.0,0.0
DTXSID9035620,1193,0.0,0.0
DTXSID9035753,1193,0.0,0.0
DTXSID9036226,1193,4.680797775826424e-16,0.0
DTXSID9036438,1193,5.1247666367999e-13,0.0
DTXSID9036515,1193,2.3260521539892784e-07,0.0
DTXSID9036646,1193,1.4107991808544617e-17,0.0
DTXSID9036690,1193,2.010876347669491e-10,0.0
DTXSID9036933,1193,0.0,0.0
DTXSID9037038,1193,,
DTXSID9037246,1193,0.0,0.0
DTXSID9037248,1193,1.6899057669231822e-15,0.0
DTXSID9037539,1193,0.0,0.0
DTXSID9037612,1193,0.0,0.0
DTXSID9037741,1193,0.0,0.0
DTXSID9037745,1193,0.0,0.0
DTXSID9037749,1193,,
DTXSID9038686,1193,0.0,0.0
DTXSID9039232,1193,5.412736893279814e-11,0.0
DTXSID9039238,1193,0.0,0.0
DTXSID9040001,1193,0.0,0.0
DTXSID9040130,1193,0.0,0.0
DTXSID9040134,1193,1.0232531199574975e-07,0.0
DTXSID9040265,1193,0.0,0.0
DTXSID9040269,1193,0.0,0.0
DTXSID9040342,1193,0.0,0.0
DTXSID9040502,1193,0.0,0.0
DTXSID9040554,1193,7.971821636166662e-14,0.0
DTXSID9040635,1193,6.931884315744884e-14,0.0
DTXSID9040683,1193,4.811855444964946e-15,0.0
DTXSID9040685,1193,0.0,0.0
DTXSID9040687,1193,9.030441338633323e-07,0.0
DTXSID9040710,1193,0.0,0.0
DTXSID9040712,1193,0.0,0.0
DTXSID9040714,1193,0.0,0.0
DTXSID9040716,1193,0.0,0.0
DTXSID9040718,1193,0.0,0.0
DTXSID9040760,1193,,
DTXSID9041021,1193,0.0,0.0
DTXSID9041023,1193,1.010577824387989e-12,0.0
DTXSID9041075,1193,0.0,0.0
DTXSID9041104,1193,0.0,0.0
DTXSID9041152,1193,,
DTXSID9041237,1193,7.142627550721295e-12,0.0
DTXSID9041289,1193,,
DTXSID9041362,1193,2.269062745000261e-14,0.0
DTXSID9041366,1193,0.0,0.0
DTXSID9041368,1193,0.0,0.0
DTXSID9041441,1193,0.0,0.0
DTXSID9041491,1193,2.74653521678736e-17,0.0
DTXSID9041524,1193,0.0002913330387641685,0.0
DTXSID9041528,1193,1.3641377508079953e-11,0.0
DTXSID9041607,1193,7.927763345440047e-15,0.0
DTXSID9041653,1193,0.0,0.0
DTXSID9041659,1193,2.034717068590959e-17,0.0
DTXSID9041813,1193,0.0,0.0
DTXSID9041815,1193,1.6558767742925825e-07,0.0
DTXSID9041861,1193,0.0,0.0
DTXSID9042097,1193,0.0,0.0
DTXSID9042124,1193,,
DTXSID9042170,1193,5.982139901511455e-07,0.0
DTXSID9042203,1193,0.0,0.0
DTXSID9042209,1193,0.0,0.0
DTXSID9042259,1193,7.845411879809767e-13,0.0
DTXSID9042338,1193,0.0,0.0
DTXSID9042382,1193,0.0,0.0
DTXSID9042415,1193,1.2459530822028252e-16,0.0
DTXSID9042465,1193,0.0,0.0
DTXSID9042592,1193,0.0,0.0
DTXSID9042594,1193,0.0,0.0
DTXSID9043853,1193,0.0,0.0
DTXSID9043938,1193,2.3022681412354573e-15,0.0
DTXSID9043988,1193,0.0,0.0
DTXSID9044112,1193,0.0,0.0
DTXSID9044241,1193,0.0,0.0
DTXSID9044247,1193,0.0,0.0
DTXSID9044320,1193,1.9308859321736504e-08,0.0
DTXSID9044322,1193,,
DTXSID9044328,1193,0.0,0.0
DTXSID9044370,1193,0.0,0.0
DTXSID9044374,1193,0.0,0.0
DTXSID9044378,1193,0.0,0.0
DTXSID9044401,1193,2.678528852480026e-13,0.0
DTXSID9044405,1193,7.861355577783861e-11,0.0
DTXSID9044407,1193,0.0,0.0
DTXSID9044409,1193,0.0,0.0
DTXSID9044451,1193,0.0,0.0
DTXSID9044455,1193,0.0,0.0
DTXSID9044457,1193,0.0,0.0
DTXSID9044459,1193,0.0,0.0
DTXSID9044532,1193,0.0,0.0
DTXSID9044534,1193,0.0,0.0
DTXSID9044536,1193,,
DTXSID9044538,1193,0.0,0.0
DTXSID9044580,1193,0.0,0.0
DTXSID9044582,1193,0.0,0.0
DTXSID9044584,1193,0.0,0.0
DTXSID9044588,1193,0.007693420041981685,0.0
DTXSID9044613,1193,0.0,0.0
DTXSID9044615,1193,,
DTXSID9044617,1193,0.0,0.0
DTXSID9044619,1193,0.0,0.0
DTXSID9044663,1193,0.0,0.0
DTXSID9044667,1193,0.0,0.0
DTXSID9044740,1193,6.276212632375199e-10,0.0
DTXSID9044742,1193,0.0,0.0
DTXSID9044744,1193,0.0,0.0
DTXSID9044746,1193,0.0,0.0
DTXSID9044748,1193,4.18997995971996e-13,0.0
DTXSID9044790,1193,0.0,0.0
DTXSID9044794,1193,2.4549012197453415e-11,0.0
DTXSID9044796,1193,,
DTXSID9044798,1193,0.0,0.0
DTXSID9044821,1193,0.0,0.0
DTXSID9044823,1193,5.699593512486797e-09,0.0
DTXSID9044825,1193,0.0,0.0
DTXSID9044827,1193,0.0,0.0
DTXSID9044829,1193,0.05578340294987909,0.0
DTXSID9044871,1193,1.7484275388860167e-15,0.0
DTXSID9044873,1193,0.0,0.0
DTXSID9044875,1193,1.704755940634224e-12,0.0
DTXSID9044877,1193,0.0,0.0
DTXSID9044879,1193,2.1163013768920025e-11,0.0
DTXSID9044900,1193,0.0,0.0
DTXSID9044902,1193,0.0,0.0
DTXSID9044904,1193,0.0,0.0
DTXSID9044908,1193,0.0,0.0
DTXSID9044950,1193,1.3773143950611107e-08,0.0
DTXSID9044958,1193,0.0,0.0
DTXSID9045003,1193,0.0,0.0
DTXSID9045005,1193,0.0,0.0
DTXSID9045007,1193,2.0252525626283127e-12,0.0
DTXSID9045053,1193,0.0,0.0
DTXSID9045132,1193,0.0,0.0
DTXSID9045136,1193,2.498325108906038e-12,0.0
DTXSID9045138,1193,0.0,0.0
DTXSID9045180,1193,0.0,0.0
DTXSID9045182,1193,0.0,0.0
DTXSID9045184,1193,2.3725896784622404e-09,0.0
DTXSID9045186,1193,2.4833868077606934e-10,0.0
DTXSID9045188,1193,1.0728999579964353e-10,0.0
DTXSID9045215,1193,1.2174258587992358e-11,0.0
DTXSID9045217,1193,0.0,0.0
DTXSID9045265,1193,1.4314913103084715e-08,0.0
DTXSID9045267,1193,4.5734369002624995e-11,0.0
DTXSID9045342,1193,0.0,0.0
DTXSID9045344,1193,6.888690594333314e-10,0.0
DTXSID9045346,1193,0.0,0.0
DTXSID9045348,1193,1.179139778281574e-07,0.0
DTXSID9045390,1193,5.041651273208737e-13,0.0
DTXSID9045392,1193,0.0,0.0
DTXSID9045394,1193,0.0,0.0
DTXSID9045398,1193,3.70949374105018e-12,0.0
DTXSID9045425,1193,0.0,0.0
DTXSID9045429,1193,0.0,0.0
DTXSID9045479,1193,0.0,0.0
DTXSID9045500,1193,8.080366425605886e-12,0.0
DTXSID9045502,1193,0.0,0.0
DTXSID9045506,1193,8.189430530542776e-13,0.0
DTXSID9045508,1193,0.0,0.0
DTXSID9045550,1193,0.0,0.0
DTXSID9045552,1193,0.0,0.0
DTXSID9045556,1193,0.0,0.0
DTXSID9045558,1193,0.0,0.0
DTXSID9045631,1193,,
DTXSID9045633,1193,0.0,0.0
DTXSID9045635,1193,3.1554882139034915e-06,0.0
DTXSID9045637,1193,0.0,0.0
DTXSID9045639,1193,0.0,0.0
DTXSID9045683,1193,0.0,0.0
DTXSID9045685,1193,0.0,0.0
DTXSID9045687,1193,0.0,0.0
DTXSID9045689,1193,7.17281116615603e-08,0.0
DTXSID9045710,1193,0.0,0.0
DTXSID9045762,1193,0.0,0.0
DTXSID9045764,1193,2.4955144625532975e-13,0.0
DTXSID9045766,1193,0.0,0.0
DTXSID9045768,1193,0.0,0.0
DTXSID9045843,1193,1.623330047866248e-16,0.0
DTXSID9045845,1193,1.5000925918557565e-18,0.0
DTXSID9045847,1193,0.0,0.0
DTXSID9045849,1193,0.9999772066570579,1.0
DTXSID9045891,1193,0.0,0.0
DTXSID9045895,1193,,
DTXSID9045897,1193,0.0,0.0
DTXSID9045899,1193,0.0,0.0
DTXSID9045922,1193,1.1659816390033883e-06,0.0
DTXSID9045924,1193,0.0,0.0
DTXSID9045928,1193,0.0,0.0
DTXSID9045972,1193,0.0,0.0
DTXSID9045976,1193,4.476263079159462e-19,0.0
DTXSID9045978,1193,0.0,0.0
DTXSID9046023,1193,9.138540319092037e-14,0.0
DTXSID9046029,1193,,
DTXSID9046071,1193,0.0,0.0
DTXSID9046073,1193,0.0,0.0
DTXSID9046100,1193,,
DTXSID9046102,1193,0.0,0.0
DTXSID9046104,1193,0.0,0.0
DTXSID9046106,1193,0.0,0.0
DTXSID9046108,1193,0.0,0.0
DTXSID9046150,1193,0.0,0.0
DTXSID9046152,1193,0.0,0.0
DTXSID9046154,1193,3.0189103957426326e-12,0.0
DTXSID9046156,1193,,
DTXSID9046158,1193,0.0,0.0
DTXSID9046231,1193,0.0,0.0
DTXSID9046233,1193,0.0,0.0
DTXSID9046235,1193,0.026299351983249685,0.0
DTXSID9046237,1193,,
DTXSID9046239,1193,0.0,0.0
DTXSID9046281,1193,0.0,0.0
DTXSID9046283,1193,5.8273142256904645e-09,0.0
DTXSID9046285,1193,0.0,0.0
DTXSID9046287,1193,0.0,0.0
DTXSID9046289,1193,0.0,0.0
DTXSID9046310,1193,0.0038045414295732596,0.0
DTXSID9046318,1193,,
DTXSID9046360,1193,0.0,0.0
DTXSID9046443,1193,0.0,0.0
DTXSID9046445,1193,0.0,0.0
DTXSID9046449,1193,0.0,0.0
DTXSID9046491,1193,0.0,0.0
DTXSID9046495,1193,0.0,0.0
DTXSID9046497,1193,,
DTXSID9046499,1193,,
DTXSID9046520,1193,0.0,0.0
DTXSID9046524,1193,0.0,0.0
DTXSID9046526,1193,0.0,0.0
DTXSID9046528,1193,,
DTXSID9046570,1193,3.4136833102178014e-12,0.0
DTXSID9046572,1193,0.0,0.0
DTXSID9046574,1193,0.0,0.0
DTXSID9046576,1193,,
DTXSID9046578,1193,0.0,0.0
DTXSID9046601,1193,0.0,0.0
DTXSID9046603,1193,0.0,0.0
DTXSID9046605,1193,2.349659416514402e-17,0.0
DTXSID9046607,1193,0.0,0.0
DTXSID9046609,1193,0.0,0.0
DTXSID9046651,1193,0.0,0.0
DTXSID9046653,1193,0.0,0.0
DTXSID9046657,1193,0.0,0.0
DTXSID9046659,1193,0.0,0.0
DTXSID9046730,1193,5.330041934518328e-15,0.0
DTXSID9046732,1193,0.0,0.0
DTXSID9046734,1193,2.013414454819442e-14,0.0
DTXSID9046736,1193,7.833115495826925e-12,0.0
DTXSID9046738,1193,0.0,0.0
DTXSID9046780,1193,8.11919185557705e-07,0.0
DTXSID9046782,1193,0.0,0.0
DTXSID9046784,1193,0.0,0.0
DTXSID9046786,1193,2.1168265920147857e-12,0.0
DTXSID9046788,1193,0.08590884544704043,0.0
DTXSID9046813,1193,,
DTXSID9046815,1193,0.0,0.0
DTXSID9046817,1193,2.8532494045318236e-09,0.0
DTXSID9046819,1193,0.0,0.0
DTXSID9046861,1193,0.0,0.0
DTXSID9046863,1193,0.0,0.0
DTXSID9046865,1193,0.0,0.0
DTXSID9046867,1193,,
DTXSID9046869,1193,0.0,0.0
DTXSID9046942,1193,0.0,0.0
DTXSID9046946,1193,9.00547662240608e-13,0.0
DTXSID9046992,1193,0.0,0.0
DTXSID9046994,1193,0.0,0.0
DTXSID9046998,1193,8.36971015589715e-09,0.0
DTXSID9047041,1193,1.2179677520760495e-10,0.0
DTXSID9047043,1193,0.0,0.0
DTXSID9047045,1193,0.0,0.0
DTXSID9047091,1193,1.4847452213863942e-10,0.0
DTXSID9047093,1193,3.464944095830208e-11,0.0
DTXSID9047095,1193,0.0,0.0
DTXSID9047099,1193,0.0,0.0
DTXSID9047120,1193,0.0,0.0
DTXSID9047124,1193,0.0,0.0
DTXSID9047126,1193,0.0,0.0
DTXSID9047128,1193,4.747983739732214e-15,0.0
DTXSID9047174,1193,0.0,0.0
DTXSID9047176,1193,0.0,0.0
DTXSID9047178,1193,2.5174995250017342e-14,0.0
DTXSID9047201,1193,0.0,0.0
DTXSID9047203,1193,0.0,0.0
DTXSID9047205,1193,0.0,0.0
DTXSID9047251,1193,0.0,0.0
DTXSID9047253,1193,3.776687997606474e-12,0.0
DTXSID9047255,1193,0.0,0.0
DTXSID9047257,1193,0.0,0.0
DTXSID9047259,1193,0.0,0.0
DTXSID9047330,1193,0.9988742450625907,1.0
DTXSID9047334,1193,4.457427308931213e-07,0.0
DTXSID9047338,1193,4.207187486363979e-15,0.0
DTXSID9047411,1193,3.1633927945067485e-13,0.0
DTXSID9047413,1193,0.0,0.0
DTXSID9047415,1193,2.1375896025105206e-09,0.0
DTXSID9047417,1193,0.0,0.0
DTXSID9047419,1193,9.958051163081706e-10,0.0
DTXSID9047461,1193,6.529527500048496e-11,0.0
DTXSID9047463,1193,0.0,0.0
DTXSID9047465,1193,0.0,0.0
DTXSID9047467,1193,0.0,0.0
DTXSID9047469,1193,0.0,0.0
DTXSID9047540,1193,1.312727228254703e-17,0.0
DTXSID9047542,1193,0.0,0.0
DTXSID9047548,1193,0.0,0.0
DTXSID9047590,1193,0.0,0.0
DTXSID9047592,1193,,
DTXSID9047594,1193,0.0,0.0
DTXSID9047598,1193,0.8037383266471229,0.0
DTXSID9047623,1193,2.0291906085145822e-10,0.0
DTXSID9047629,1193,1.0211459179374756e-15,0.0
DTXSID9047673,1193,0.0,0.0
DTXSID9047675,1193,0.0,0.0
DTXSID9047677,1193,0.0,0.0
DTXSID9047679,1193,8.768486401863552e-08,0.0
DTXSID9047700,1193,0.0,0.0
DTXSID9047702,1193,2.097328373387312e-13,0.0
DTXSID9047704,1193,3.25917585298643e-15,0.0
DTXSID9047706,1193,0.0,0.0
DTXSID9047708,1193,0.0,0.0
DTXSID9047831,1193,0.0,0.0
DTXSID9047833,1193,1.358042622777422e-10,0.0
DTXSID9047835,1193,0.0,0.0
DTXSID9047837,1193,1.903001612581226e-12,0.0
DTXSID9047839,1193,,
DTXSID9047881,1193,0.0,0.0
DTXSID9047883,1193,0.0,0.0
DTXSID9047885,1193,,
DTXSID9047887,1193,0.0,0.0
DTXSID9047889,1193,0.0,0.0
DTXSID9047910,1193,2.0661237272089667e-12,0.0
DTXSID9047912,1193,0.0,0.0
DTXSID9047914,1193,0.0,0.0
DTXSID9047916,1193,0.0,0.0
DTXSID9047918,1193,0.0,0.0
DTXSID9047960,1193,4.3035862420094786e-11,0.0
DTXSID9047962,1193,0.0,0.0
DTXSID9047964,1193,5.49459544270525e-19,0.0
DTXSID9047966,1193,3.5107801073934205e-13,0.0
DTXSID9047968,1193,6.898963762554472e-14,0.0
DTXSID9048190,1193,0.0,0.0
DTXSID9048192,1193,0.0,0.0
DTXSID9048194,1193,0.0,0.0
DTXSID9048196,1193,2.0002591843875646e-11,0.0
DTXSID9048198,1193,0.0,0.0
DTXSID9048271,1193,2.2924075581285515e-15,0.0
DTXSID9048510,1193,5.90369507081729e-09,0.0
DTXSID9048512,1193,,
DTXSID9048514,1193,0.0,0.0
DTXSID9048516,1193,0.0,0.0
DTXSID9048518,1193,0.0,0.0
DTXSID9048641,1193,0.0002994735133051438,0.0
DTXSID9048643,1193,8.106798250283191e-12,0.0
DTXSID9048645,1193,1.7526225258062043e-06,0.0
DTXSID9048647,1193,1.0726243823448288e-10,0.0
DTXSID9048649,1193,0.0,0.0
DTXSID9048691,1193,0.0,0.0
DTXSID9048693,1193,0.0,0.0
DTXSID9048695,1193,0.0,0.0
DTXSID9048697,1193,0.0,0.0
DTXSID9048699,1193,3.1453000639626913e-11,0.0
DTXSID9048720,1193,0.0,0.0
DTXSID9048722,1193,1.669843558727559e-13,0.0
DTXSID9048724,1193,0.0,0.0
DTXSID9048726,1193,0.0,0.0
DTXSID9048728,1193,,
DTXSID9048772,1193,,
DTXSID9048774,1193,0.0,0.0
DTXSID9048776,1193,3.420494741039982e-14,0.0
DTXSID9048778,1193,0.0,0.0
DTXSID9048801,1193,,
DTXSID9048803,1193,0.0,0.0
DTXSID9048805,1193,4.6447244963475147e-11,0.0
DTXSID9048807,1193,0.0,0.0
DTXSID9048809,1193,0.0,0.0
DTXSID9048851,1193,9.753505451567036e-14,0.0
DTXSID9048853,1193,0.0,0.0
DTXSID9048855,1193,0.0,0.0
DTXSID9048857,1193,0.0,0.0
DTXSID9048859,1193,2.628399638105853e-09,0.0
DTXSID9048930,1193,0.0,0.0
DTXSID9048932,1193,0.0,0.0
DTXSID9048934,1193,0.0,0.0
DTXSID9048936,1193,2.8917667253411654e-05,0.0
DTXSID9048938,1193,0.0,0.0
DTXSID9048980,1193,1.0372223118716018e-16,0.0
DTXSID9048982,1193,,
DTXSID9048984,1193,7.589311106104853e-11,0.0
DTXSID9048986,1193,0.0,0.0
DTXSID9048988,1193,0.0,0.0
DTXSID9049031,1193,0.0,0.0
DTXSID9049033,1193,3.055726744289614e-13,0.0
DTXSID9049035,1193,7.88798237047101e-18,0.0
DTXSID9049037,1193,,
DTXSID9049039,1193,0.0,0.0
DTXSID9049083,1193,6.414543041979637e-16,0.0
DTXSID9049241,1193,6.5177727867162524e-12,0.0
DTXSID9049243,1193,0.0,0.0
DTXSID9049245,1193,0.0,0.0
DTXSID9049247,1193,0.0,0.0
DTXSID9049249,1193,3.866210134717307e-19,0.0
DTXSID9049291,1193,0.0,0.0
DTXSID9049293,1193,0.0,0.0
DTXSID9049295,1193,0.0,0.0
DTXSID9049297,1193,,
DTXSID9049299,1193,,
DTXSID9049320,1193,0.0,0.0
DTXSID9049322,1193,0.0,0.0
DTXSID9049324,1193,0.0,0.0
DTXSID9049326,1193,0.0,0.0
DTXSID9049328,1193,1.4950498855738672e-11,0.0
DTXSID9049370,1193,2.1944314315677016e-14,0.0
DTXSID9049372,1193,3.1348170431468755e-14,0.0
DTXSID9049374,1193,8.01013638958489e-12,0.0
DTXSID9049376,1193,0.0,0.0
DTXSID9049378,1193,0.0,0.0
DTXSID9049401,1193,,
DTXSID9049403,1193,2.7618105975889726e-14,0.0
DTXSID9049405,1193,0.0,0.0
DTXSID9049407,1193,0.0,0.0
DTXSID9049409,1193,1.206023015993688e-12,0.0
DTXSID9049451,1193,0.0,0.0
DTXSID9049453,1193,0.0,0.0
DTXSID9049455,1193,0.0,0.0
DTXSID9049457,1193,0.0,0.0
DTXSID9049459,1193,0.0,0.0
DTXSID9049530,1193,3.3917930285539226e-14,0.0
DTXSID9049532,1193,2.236509529260138e-14,0.0
DTXSID9049534,1193,0.0,0.0
DTXSID9049536,1193,3.3452106025317766e-07,0.0
DTXSID9049538,1193,1.8139486858979982e-13,0.0
