dtxsid,aeid,hitc_clean,active
DTXSID0020020,775,2.956519351493634e-16,0.0
DTXSID0020022,775,0.0,0.0
DTXSID0020024,775,1.8850147312429233e-12,0.0
DTXSID0020070,775,0.0,0.0
DTXSID0020072,775,3.3787746393213886e-06,0.0
DTXSID0020074,775,0.0,0.0
DTXSID0020076,775,0.0,0.0
DTXSID0020101,775,1.365440752469656e-15,0.0
DTXSID0020103,775,2.401547376909011e-20,0.0
DTXSID0020105,775,0.0,0.0
DTXSID0020107,775,5.728644214627098e-13,0.0
DTXSID0020151,775,3.2078664715040802e-21,0.0
DTXSID0020153,775,0.0,0.0
DTXSID0020155,775,0.0,0.0
DTXSID0020157,775,0.0,0.0
DTXSID0020232,775,0.0,0.0
DTXSID0020236,775,0.0,0.0
DTXSID0020238,775,0.0,0.0
DTXSID0020280,775,0.0,0.0
DTXSID0020282,775,1.3346613464467736e-16,0.0
DTXSID0020284,775,5.597134455553567e-17,0.0
DTXSID0020286,775,0.0,0.0
DTXSID0020288,775,0.0,0.0
DTXSID0020311,775,1.319019733601491e-22,0.0
DTXSID0020315,775,0.0,0.0
DTXSID0020319,775,6.49099010364264e-09,0.0
DTXSID0020361,775,0.0,0.0
DTXSID0020363,775,0.0,0.0
DTXSID0020365,775,0.0,0.0
DTXSID0020367,775,0.0,0.0
DTXSID0020369,775,0.0,0.0
DTXSID0020440,775,0.0,0.0
DTXSID0020442,775,2.3778868197802877e-14,0.0
DTXSID0020444,775,0.0,0.0
DTXSID0020446,775,0.0,0.0
DTXSID0020448,775,1.78540039256426e-19,0.0
DTXSID0020494,775,0.0,0.0
DTXSID0020498,775,0.0,0.0
DTXSID0020523,775,0.0,0.0
DTXSID0020527,775,0.0,0.0
DTXSID0020529,775,0.0,0.0
DTXSID0020573,775,2.0527003480092866e-17,0.0
DTXSID0020575,775,0.0,0.0
DTXSID0020577,775,1.1491232869206509e-18,0.0
DTXSID0020602,775,0.0,0.0
DTXSID0020604,775,0.0,0.0
DTXSID0020606,775,0.0,0.0
DTXSID0020650,775,4.315862219950585e-10,0.0
DTXSID0020652,775,0.0,0.0
DTXSID0020654,775,0.0,0.0
DTXSID0020656,775,8.532543357620378e-14,0.0
DTXSID0020733,775,0.0,0.0
DTXSID0020737,775,2.2745391577954496e-16,0.0
DTXSID0020789,775,0.0,0.0
DTXSID0020810,775,0.0,0.0
DTXSID0020814,775,9.182348463768915e-12,0.0
DTXSID0020818,775,1.0826738642932365e-20,0.0
DTXSID0020862,775,0.005559590029888777,0.0
DTXSID0020868,775,0.0,0.0
DTXSID0020941,775,1.0697095093333219e-20,0.0
DTXSID0020943,775,0.0,0.0
DTXSID0021040,775,2.398525575794382e-21,0.0
DTXSID0021094,775,0.0,0.0
DTXSID0021096,775,0.036002631690313334,0.0
DTXSID0021121,775,0.0,0.0
DTXSID0021123,775,0.0,0.0
DTXSID0021125,775,1.791234142377634e-15,0.0
DTXSID0021127,775,0.0,0.0
DTXSID0021129,775,0.0,0.0
DTXSID0021175,775,0.0,0.0
DTXSID0021179,775,0.0,0.0
DTXSID0021206,775,0.0,0.0
DTXSID0021254,775,0.0,0.0
DTXSID0021256,775,0.0,0.0
DTXSID0021258,775,1.3011650988886958e-10,0.0
DTXSID0021331,775,0.0,0.0
DTXSID0021333,775,0.0,0.0
DTXSID0021337,775,0.0,0.0
DTXSID0021339,775,3.2950506914744905e-22,0.0
DTXSID0021381,775,0.0,0.0
DTXSID0021383,775,0.0,0.0
DTXSID0021385,775,0.0,0.0
DTXSID0021387,775,3.7733911219889086e-21,0.0
DTXSID0021389,775,0.0,0.0
DTXSID0021410,775,0.0,0.0
DTXSID0021414,775,4.648011952529689e-16,0.0
DTXSID0021418,775,2.3670991601242448e-07,0.0
DTXSID0021460,775,0.0,0.0
DTXSID0021462,775,0.0,0.0
DTXSID0021464,775,0.0,0.0
DTXSID0021543,775,0.0,0.0
DTXSID0021545,775,0.0,0.0
DTXSID0021547,775,1.4658197741004971e-18,0.0
DTXSID0021597,775,0.0,0.0
DTXSID0021599,775,0.0,0.0
DTXSID0021620,775,7.207952763940764e-18,0.0
DTXSID0021626,775,1.584819107903215e-19,0.0
DTXSID0021672,775,0.0,0.0
DTXSID0021709,775,0.0,0.0
DTXSID0021751,775,0.0,0.0
DTXSID0021757,775,0.0,0.0
DTXSID0021759,775,0.0,0.0
DTXSID0021832,775,4.2448975441851514e-13,0.0
DTXSID0021834,775,0.0,0.0
DTXSID0021886,775,0.0,0.0
DTXSID0021888,775,0.0,0.0
DTXSID0021915,775,9.766258146558813e-08,0.0
DTXSID0021917,775,5.731816206936784e-18,0.0
DTXSID0021961,775,1.051663346229884e-20,0.0
DTXSID0021965,775,0.0,0.0
DTXSID0021969,775,0.0,0.0
DTXSID0022010,775,0.0,0.0
DTXSID0022014,775,0.0,0.0
DTXSID0022016,775,7.644928679939809e-13,0.0
DTXSID0022018,775,9.689198251772751e-20,0.0
DTXSID0022060,775,0.0,0.0
DTXSID0022062,775,3.0990488912351995e-21,0.0
DTXSID0022191,775,0.0,0.0
DTXSID0022193,775,5.886965118330584e-19,0.0
DTXSID0022220,775,0.0,0.0
DTXSID0022301,775,0.0,0.0
DTXSID0022305,775,0.0,0.0
DTXSID0022307,775,0.0,0.0
DTXSID0022353,775,0.0,0.0
DTXSID0022432,775,0.0,0.0
DTXSID0022436,775,1.4506326718790665e-16,0.0
DTXSID0022480,775,0.0,0.0
DTXSID0022519,775,0.44555453601613604,0.0
DTXSID0022563,775,0.0,0.0
DTXSID0022565,775,3.524042272628521e-14,0.0
DTXSID0022569,775,0.04962619377964641,0.0
DTXSID0022640,775,0.0,0.0
DTXSID0022644,775,2.222429380941123e-18,0.0
DTXSID0022690,775,7.511340730988249e-17,0.0
DTXSID0022692,775,0.0,0.0
DTXSID0022721,775,2.6106378487397677e-08,0.0
DTXSID0022725,775,0.0,0.0
DTXSID0022727,775,1.2409520521774642e-18,0.0
DTXSID0022777,775,0.0,0.0
DTXSID0022800,775,3.757894876177166e-15,0.0
DTXSID0022808,775,0.0,0.0
DTXSID0022858,775,0.0,0.0
DTXSID0022933,775,3.527164279780972e-10,0.0
DTXSID0022935,775,0.0,0.0
DTXSID0023030,775,0.0,0.0
DTXSID0023032,775,0.0,0.0
DTXSID0023036,775,0.012287175830391961,0.0
DTXSID0023038,775,2.4198955758318057e-19,0.0
DTXSID0023084,775,0.0,0.0
DTXSID0023088,775,0.0,0.0
DTXSID0023113,775,0.0,0.0
DTXSID0023163,775,0.0,0.0
DTXSID0023169,775,0.0,0.0
DTXSID0023240,775,5.293500037190384e-15,0.0
DTXSID0023244,775,0.0,0.0
DTXSID0023292,775,0.0,0.0
DTXSID0023294,775,0.0,0.0
DTXSID0023296,775,0.0,0.0
DTXSID0023298,775,0.0,0.0
DTXSID0023323,775,0.0,0.0
DTXSID0023325,775,0.0,0.0
DTXSID0023329,775,0.0,0.0
DTXSID0023371,775,5.159326378603563e-12,0.0
DTXSID0023373,775,0.0,0.0
DTXSID0023377,775,1.9476025390407238e-18,0.0
DTXSID0023458,775,0.0,0.0
DTXSID0023533,775,0.0,0.0
DTXSID0023581,775,0.0,0.0
DTXSID0023587,775,3.663449110091259e-17,0.0
DTXSID0023589,775,6.182636940202549e-17,0.0
DTXSID0023612,775,1.9524987819795338e-13,0.0
DTXSID0023616,775,0.0,0.0
DTXSID0023618,775,0.0,0.0
DTXSID0023660,775,0.0,0.0
DTXSID0023743,775,0.0,0.0
DTXSID0023745,775,7.758332211090838e-20,0.0
DTXSID0023747,775,0.0,0.0
DTXSID0023749,775,0.0,0.0
DTXSID0023826,775,2.442943891494995e-20,0.0
DTXSID0023870,775,0.0,0.0
DTXSID0023878,775,2.679873814966257e-13,0.0
DTXSID0023901,775,5.540605112629708e-14,0.0
DTXSID0023907,775,1.417126999381723e-07,0.0
DTXSID0023909,775,0.36247477572791426,0.0
DTXSID0023951,775,0.0,0.0
DTXSID0024000,775,4.625863091702307e-18,0.0
DTXSID0024002,775,4.33711033170421e-22,0.0
DTXSID0024052,775,0.0,0.0
DTXSID0024183,775,0.0,0.0
DTXSID0024185,775,0.0,0.0
DTXSID0024216,775,9.399486061219506e-22,0.0
DTXSID0024266,775,0.0,0.0
DTXSID0024341,775,0.11647613645570902,0.0
DTXSID0024345,775,0.0,0.0
DTXSID0024395,775,0.0,0.0
DTXSID0024397,775,2.791709921999999e-17,0.0
DTXSID0024399,775,0.0,0.0
DTXSID0024470,775,0.0,0.0
DTXSID0024474,775,2.3167884775602967e-12,0.0
DTXSID0024478,775,0.0,0.0
DTXSID0024501,775,0.854274987743314,0.0
DTXSID0024503,775,0.0,0.0
DTXSID0024505,775,0.0,0.0
DTXSID0024507,775,0.4025475629610512,0.0
DTXSID0024509,775,0.0,0.0
DTXSID0024553,775,0.0,0.0
DTXSID0024555,775,0.0,0.0
DTXSID0024559,775,,
DTXSID0024638,775,0.0,0.0
DTXSID0024715,775,1.1504728062284245e-15,0.0
DTXSID0024761,775,0.0,0.0
DTXSID0024840,775,2.320117603360385e-16,0.0
DTXSID0024890,775,0.0,0.0
DTXSID0024896,775,1.8473200639188364e-19,0.0
DTXSID0024921,775,1.9711783225682092e-17,0.0
DTXSID0024923,775,8.57077033327959e-14,0.0
DTXSID0024971,775,0.0,0.0
DTXSID0024977,775,0.0,0.0
DTXSID0024979,775,0.0,0.0
DTXSID0025070,775,0.0,0.0
DTXSID0025074,775,0.0,0.0
DTXSID0025076,775,0.0,0.0
DTXSID0025078,775,0.46983704813766936,0.0
DTXSID0025101,775,0.3589857534799369,0.0
DTXSID0025234,775,0.41596721563702777,0.0
DTXSID0025286,775,0.0,0.0
DTXSID0025315,775,0.0,0.0
DTXSID0025361,775,0.0,0.0
DTXSID0025363,775,0.0,0.0
DTXSID0025367,775,0.0,0.0
DTXSID0025440,775,1.8471028292133023e-20,0.0
DTXSID0025492,775,0.0,0.0
DTXSID0025494,775,0.0,0.0
DTXSID0025523,775,4.213609839228109e-20,0.0
DTXSID0025527,775,0.0,0.0
DTXSID0025571,775,0.0,0.0
DTXSID0025577,775,0.0,0.0
DTXSID0025600,775,0.0,0.0
DTXSID0025604,775,0.0,0.0
DTXSID0025654,775,0.0,0.0
DTXSID0025733,775,0.0,0.0
DTXSID0025737,775,0.0,0.0
DTXSID0025789,775,0.0,0.0
DTXSID0025812,775,0.0,0.0
DTXSID0025814,775,0.0,0.0
DTXSID0025816,775,0.0,0.0
DTXSID0025818,775,0.0,0.0
DTXSID0025862,775,0.0,0.0
DTXSID0025864,775,0.0,0.0
DTXSID0025866,775,0.0,0.0
DTXSID0025991,775,0.0,0.0
DTXSID0025997,775,6.347085692072803e-19,0.0
DTXSID0026040,775,0.0,0.0
DTXSID0026044,775,0.0,0.0
DTXSID0026098,775,0.0,0.0
DTXSID0026125,775,0.0,0.0
DTXSID0026171,775,0.0,0.0
DTXSID0026173,775,0.0,0.0
DTXSID0026175,775,0.0,0.0
DTXSID0026202,775,0.0,0.0
DTXSID0026204,775,0.0,0.0
DTXSID0026208,775,0.0,0.0
DTXSID0026252,775,0.0,0.0
DTXSID0026258,775,0.0,0.0
DTXSID0026339,775,0.0,0.0
DTXSID0026418,775,0.0,0.0
DTXSID0026547,775,0.14881908925653609,0.0
DTXSID0026549,775,0.0,0.0
DTXSID0026676,775,0.0,0.0
DTXSID0026701,775,0.0,0.0
DTXSID0026830,775,0.0,0.0
DTXSID0026838,775,0.0,0.0
DTXSID0026880,775,0.0,0.0
DTXSID0026882,775,0.0,0.0
DTXSID0026888,775,0.0,0.0
DTXSID0026913,775,0.0,0.0
DTXSID0026915,775,0.0,0.0
DTXSID0026961,775,0.0,0.0
DTXSID0026967,775,0.0,0.0
DTXSID0027014,775,0.0,0.0
DTXSID0027066,775,0.0,0.0
DTXSID0027143,775,0.0,0.0
DTXSID0027149,775,3.032162887901844e-16,0.0
DTXSID0027191,775,0.0,0.0
DTXSID0027195,775,0.0,0.0
DTXSID0027197,775,0.0,0.0
DTXSID0027222,775,0.0,0.0
DTXSID0027228,775,0.0,0.0
DTXSID0027270,775,0.0,0.0
DTXSID0027301,775,0.0,0.0
DTXSID0027309,775,0.0,0.0
DTXSID0027432,775,4.390495031744715e-18,0.0
DTXSID0027436,775,0.0,0.0
DTXSID0027438,775,0.0,0.0
DTXSID0027486,775,0.0,0.0
DTXSID0027513,775,0.0,0.0
DTXSID0027515,775,0.0,0.0
DTXSID0027561,775,0.0,0.0
DTXSID0027565,775,0.0,0.0
DTXSID0027567,775,0.0,0.0
DTXSID0027640,775,0.0,0.0
DTXSID0027721,775,0.0,0.0
DTXSID0027729,775,0.0,0.0
DTXSID0027771,775,1.537439459604754e-17,0.0
DTXSID0027773,775,0.0,0.0
DTXSID0027802,775,0.0,0.0
DTXSID0027804,775,5.761006337340441e-19,0.0
DTXSID0027806,775,5.454168306473514e-19,0.0
DTXSID0027852,775,0.0,0.0
DTXSID0027856,775,0.0,0.0
DTXSID0027858,775,0.0,0.0
DTXSID0027933,775,0.0,0.0
DTXSID0027981,775,0.0,0.0
DTXSID0027983,775,0.0,0.0
DTXSID0028030,775,0.0,0.0
DTXSID0028038,775,0.0,0.0
DTXSID0028666,775,0.0,0.0
DTXSID0029133,775,0.0,0.0
DTXSID0029187,775,0.0,0.0
DTXSID0029189,775,0.0,0.0
DTXSID0029210,775,0.0,0.0
DTXSID0029214,775,0.0,0.0
DTXSID0029218,775,2.3567062241871527e-12,0.0
DTXSID0029260,775,1.7701904593714696e-17,0.0
DTXSID0029262,775,0.0,0.0
DTXSID0029474,775,0.0,0.0
DTXSID0029559,775,0.0,0.0
DTXSID0029688,775,1.2817920617089437e-21,0.0
DTXSID0029761,775,0.0,0.0
DTXSID0029848,775,0.0,0.0
DTXSID0030162,775,3.9328247541710695e-19,0.0
DTXSID0030588,775,0.0,0.0
DTXSID0032029,775,3.810801097764999e-08,0.0
DTXSID0032077,775,0.0,0.0
DTXSID0032316,775,0.0,0.0
DTXSID0032493,775,0.0,0.0
DTXSID0032497,775,0.0,0.0
DTXSID0032520,775,0.0,0.0
DTXSID0032572,775,0.0,0.0
DTXSID0032578,775,0.0,0.0
DTXSID0032601,775,0.0,0.0
DTXSID0032605,775,0.0,0.0
DTXSID0032651,775,0.0,0.0
DTXSID0032655,775,0.0,0.0
DTXSID0032811,775,0.0,0.0
DTXSID0032813,775,0.0,0.0
DTXSID0032869,775,0.0,0.0
DTXSID0032998,775,0.0,0.0
DTXSID0033047,775,0.0,0.0
DTXSID0033332,775,0.035968651092866864,0.0
DTXSID0033334,775,0.0,0.0
DTXSID0033382,775,0.0,0.0
DTXSID0033469,775,6.543889420185458e-05,0.0
DTXSID0033673,775,0.0,0.0
DTXSID0033754,775,0.0,0.0
DTXSID0033960,775,1.3181776930183572e-07,0.0
DTXSID0034192,775,0.5096295578544731,0.0
DTXSID0034223,775,0.0,0.0
DTXSID0034227,775,0.0,0.0
DTXSID0034229,775,0.0,0.0
DTXSID0034300,775,0.0,0.0
DTXSID0034518,775,0.0,0.0
DTXSID0034566,775,0.0,0.0
DTXSID0034695,775,0.0,0.0
DTXSID0034722,775,6.259133165615347e-18,0.0
DTXSID0034776,775,1.9274822942098166e-13,0.0
DTXSID0034803,775,0.0,0.0
DTXSID0034855,775,0.0,0.0
DTXSID0034930,775,3.8446612601064814e-19,0.0
DTXSID0034936,775,0.0,0.0
DTXSID0035160,775,0.0,0.0
DTXSID0035748,775,0.20832801743759008,0.0
DTXSID0036508,775,5.1889045067645014e-14,0.0
DTXSID0036760,775,1.8148026762111318e-17,0.0
DTXSID0037023,775,0.5362274686232338,0.0
DTXSID0037231,775,4.815046450796389e-15,0.0
DTXSID0037235,775,0.0,0.0
DTXSID0037237,775,0.0,0.0
DTXSID0037493,775,0.0,0.0
DTXSID0037495,775,0.0,0.0
DTXSID0037522,775,0.0,0.0
DTXSID0037570,775,0.0,0.0
DTXSID0037576,775,4.503215619922009e-21,0.0
DTXSID0037730,775,0.0,0.0
DTXSID0037734,775,0.0,0.0
DTXSID0038700,775,0.0,0.0
DTXSID0038756,775,0.0,0.0
DTXSID0038831,775,2.0864262351101314e-15,0.0
DTXSID0038881,775,,
DTXSID0038887,775,0.02008988603854724,0.0
DTXSID0039223,775,0.0,0.0
DTXSID0039227,775,2.052372377440774e-21,0.0
DTXSID0039229,775,1.2929627953442391e-18,0.0
DTXSID0040127,775,0.5096721331429565,0.0
DTXSID0040129,775,3.24445310859899e-11,0.0
DTXSID0040208,775,0.0003026746637622146,0.0
DTXSID0040464,775,0.0,0.0
DTXSID0040547,775,0.0,0.0
DTXSID0040599,775,1.2304178356385644e-11,0.0
DTXSID0040620,775,0.3018504932304325,0.0
DTXSID0040622,775,1.2286184815405393e-19,0.0
DTXSID0040672,775,0.0,0.0
DTXSID0040674,775,1.2126206634656687e-16,0.0
DTXSID0040676,775,0.0,0.0
DTXSID0040678,775,0.0,0.0
DTXSID0040701,775,0.0,0.0
DTXSID0040703,775,2.694053737528363e-17,0.0
DTXSID0040705,775,0.0,0.0
DTXSID0040707,775,0.0,0.0
DTXSID0040751,775,0.0,0.0
DTXSID0040757,775,0.0,0.0
DTXSID0040965,775,4.3437152177247e-09,0.0
DTXSID0041141,775,3.7204170070206414e-22,0.0
DTXSID0041197,775,0.0,0.0
DTXSID0041220,775,0.0,0.0
DTXSID0041224,775,0.0,0.0
DTXSID0041270,775,0.0,0.0
DTXSID0041274,775,0.0,0.0
DTXSID0041357,775,0.0,0.0
DTXSID0041359,775,0.0,0.0
DTXSID0041436,775,0.0,0.0
DTXSID0041484,775,0.0,0.0
DTXSID0041513,775,0.0,0.0
DTXSID0041517,775,0.0,0.0
DTXSID0041519,775,0.0,0.0
DTXSID0041567,775,7.85831133239998e-23,0.0
DTXSID0041646,775,,
DTXSID0041692,775,0.0,0.0
DTXSID0041698,775,0.0,0.0
DTXSID0041721,775,0.00019166431582525126,0.0
DTXSID0041850,775,0.0,0.0
DTXSID0041852,775,0.0,0.0
DTXSID0041981,775,0.0,0.0
DTXSID0041983,775,0.0,0.0
DTXSID0041985,775,0.19645161395559482,0.0
DTXSID0041987,775,0.0,0.0
DTXSID0042038,775,0.0,0.0
DTXSID0042080,775,2.791644049915114e-19,0.0
DTXSID0042084,775,0.0,0.0
DTXSID0042086,775,0.0,0.0
DTXSID0042117,775,0.0,0.0
DTXSID0042167,775,0.0,0.0
DTXSID0042169,775,0.0,0.0
DTXSID0042242,775,0.0,0.0
DTXSID0042244,775,0.0,0.0
DTXSID0042248,775,0.0,0.0
DTXSID0042325,775,0.0,0.0
DTXSID0042327,775,3.373010370918118e-18,0.0
DTXSID0042379,775,0.0,0.0
DTXSID0042400,775,2.0687355703792032e-10,0.0
DTXSID0042406,775,0.0,0.0
DTXSID0042454,775,1.5709875553049132e-17,0.0
DTXSID0042583,775,0.0,0.0
DTXSID0042612,775,0.0,0.0
DTXSID0042614,775,0.36642588677842736,0.0
DTXSID0042618,775,0.0,0.0
DTXSID0042668,775,0.0,0.0
DTXSID0043761,775,0.0,0.0
DTXSID0043763,775,2.6414331480751915e-15,0.0
DTXSID0043765,775,0.0,0.0
DTXSID0043892,775,3.388030258482643e-21,0.0
DTXSID0043896,775,0.0,0.0
DTXSID0044024,775,0.0,0.0
DTXSID0044107,775,0.0,0.0
DTXSID0044236,775,0.0,0.0
DTXSID0044280,775,3.336470414860701e-14,0.0
DTXSID0044288,775,1.481061258709153e-12,0.0
DTXSID0044313,775,0.0,0.0
DTXSID0044315,775,0.0,0.0
DTXSID0044317,775,0.41239758265151855,0.0
DTXSID0044361,775,1.4968422825720002e-19,0.0
DTXSID0044363,775,0.0,0.0
DTXSID0044365,775,8.0257255516628e-22,0.0
DTXSID0044367,775,0.0,0.0
DTXSID0044369,775,0.0,0.0
DTXSID0044440,775,0.0,0.0
DTXSID0044446,775,0.0,0.0
DTXSID0044448,775,0.0,0.0
DTXSID0044490,775,4.9039230595138907e-20,0.0
DTXSID0044494,775,0.0,0.0
DTXSID0044496,775,1.0861906940869874e-21,0.0
DTXSID0044498,775,0.0,0.0
DTXSID0044521,775,0.0,0.0
DTXSID0044523,775,0.0005080735293541488,0.0
DTXSID0044525,775,0.0,0.0
DTXSID0044527,775,0.0,0.0
DTXSID0044571,775,0.0,0.0
DTXSID0044573,775,0.0,0.0
DTXSID0044575,775,3.409908419480772e-20,0.0
DTXSID0044577,775,0.0,0.0
DTXSID0044600,775,0.0,0.0
DTXSID0044604,775,5.218396271354477e-14,0.0
DTXSID0044606,775,0.0,0.0
DTXSID0044650,775,4.007214196256231e-11,0.0
DTXSID0044654,775,0.0,0.0
DTXSID0044656,775,0.0,0.0
DTXSID0044658,775,0.0,0.0
DTXSID0044731,775,0.0,0.0
DTXSID0044733,775,0.0,0.0
DTXSID0044735,775,0.0,0.0
DTXSID0044737,775,0.0,0.0
DTXSID0044781,775,0.0,0.0
DTXSID0044783,775,0.0,0.0
DTXSID0044785,775,0.0,0.0
DTXSID0044787,775,1.4054366427394628e-12,0.0
DTXSID0044810,775,0.0,0.0
DTXSID0044812,775,0.0,0.0
DTXSID0044816,775,7.259847951255981e-22,0.0
DTXSID0044818,775,0.0,0.0
DTXSID0044860,775,0.0,0.0
DTXSID0044862,775,0.0,0.0
DTXSID0044868,775,0.0,0.0
DTXSID0044941,775,0.0,0.0
DTXSID0044945,775,0.0,0.0
DTXSID0044947,775,0.0,0.0
DTXSID0044949,775,0.0,0.0
DTXSID0044993,775,4.55897371760047e-13,0.0
DTXSID0044995,775,9.726940781384522e-10,0.0
DTXSID0044997,775,0.0,0.0
DTXSID0044999,775,0.0,0.0
DTXSID0045090,775,3.459377218086454e-16,0.0
DTXSID0045094,775,0.0,0.0
DTXSID0045096,775,0.0,0.0
DTXSID0045125,775,0.0,0.0
DTXSID0045127,775,0.0,0.0
DTXSID0045171,775,0.0,0.0
DTXSID0045173,775,0.0,0.0
DTXSID0045175,775,0.0,0.0
DTXSID0045179,775,0.0,0.0
DTXSID0045202,775,4.771673412530339e-16,0.0
DTXSID0045204,775,0.0,0.0
DTXSID0045206,775,0.0,0.0
DTXSID0045208,775,0.0,0.0
DTXSID0045250,775,0.0,0.0
DTXSID0045252,775,4.601273619797957e-05,0.0
DTXSID0045254,775,0.0,0.0
DTXSID0045383,775,0.0,0.0
DTXSID0045385,775,1.6519999372845306e-12,0.0
DTXSID0045389,775,0.0,0.0
DTXSID0045410,775,0.0,0.0
DTXSID0045412,775,5.951981183795571e-17,0.0
DTXSID0045414,775,0.0,0.0
DTXSID0045416,775,0.0,0.0
DTXSID0045460,775,0.0,0.0
DTXSID0045462,775,0.0,0.0
DTXSID0045464,775,1.0421035860484776e-16,0.0
DTXSID0045466,775,1.61933247237547e-18,0.0
DTXSID0045468,775,2.3268095254748192e-07,0.0
DTXSID0045543,775,0.0,0.0
DTXSID0045545,775,3.206741025864232e-05,0.0
DTXSID0045547,775,0.0,0.0
DTXSID0045591,775,5.083571077114018e-19,0.0
DTXSID0045595,775,4.4898546813238855e-13,0.0
DTXSID0045597,775,0.0,0.0
DTXSID0045599,775,0.00018469949974205574,0.0
DTXSID0045624,775,2.9752406899175332e-21,0.0
DTXSID0045626,775,0.0,0.0
DTXSID0045670,775,0.0,0.0
DTXSID0045674,775,0.0,0.0
DTXSID0045676,775,0.0,0.0
DTXSID0045678,775,0.0,0.0
DTXSID0045701,775,0.0,0.0
DTXSID0045703,775,0.012515312984749605,0.0
DTXSID0045705,775,7.692806749998164e-17,0.0
DTXSID0045707,775,0.0,0.0
DTXSID0045709,775,1.2564350714686272e-13,0.0
DTXSID0045751,775,0.0,0.0
DTXSID0045753,775,0.0,0.0
DTXSID0045755,775,0.0,0.0
DTXSID0045757,775,1.3468526517217733e-17,0.0
DTXSID0045759,775,0.0,0.0
DTXSID0045830,775,0.11762059624224717,0.0
DTXSID0045832,775,0.0,0.0
DTXSID0045836,775,0.0,0.0
DTXSID0045838,775,0.0,0.0
DTXSID0045880,775,0.0,0.0
DTXSID0045886,775,1.607778304315044e-14,0.0
DTXSID0045888,775,6.434275055258082e-17,0.0
DTXSID0045961,775,5.244574718640509e-08,0.0
DTXSID0045963,775,0.0,0.0
DTXSID0045965,775,6.827915760814164e-14,0.0
DTXSID0045967,775,8.33314445689615e-12,0.0
DTXSID0045969,775,0.0,0.0
DTXSID0046010,775,0.0,0.0
DTXSID0046012,775,1.5972748931146824e-13,0.0
DTXSID0046016,775,0.0,0.0
DTXSID0046060,775,0.0,0.0
DTXSID0046062,775,0.0,0.0
DTXSID0046064,775,0.0,0.0
DTXSID0046066,775,0.0,0.0
DTXSID0046143,775,0.0,0.0
DTXSID0046145,775,7.289414141346037e-08,0.0
DTXSID0046147,775,0.0,0.0
DTXSID0046191,775,0.0,0.0
DTXSID0046193,775,0.0,0.0
DTXSID0046195,775,2.4740639558210677e-21,0.0
DTXSID0046197,775,8.549799860667466e-13,0.0
DTXSID0046199,775,0.0,0.0
DTXSID0046220,775,0.0,0.0
DTXSID0046222,775,0.0,0.0
DTXSID0046224,775,0.0,0.0
DTXSID0046226,775,,
DTXSID0046228,775,0.0,0.0
DTXSID0046270,775,0.0,0.0
DTXSID0046272,775,0.07928724702921269,0.0
DTXSID0046274,775,0.2745505921204169,0.0
DTXSID0046276,775,0.0,0.0
DTXSID0046305,775,0.002767450471385799,0.0
DTXSID0046307,775,0.5179447604279706,0.0
DTXSID0046309,775,0.0,0.0
DTXSID0046351,775,0.0,0.0
DTXSID0046353,775,0.0,0.0
DTXSID0046357,775,0.0,0.0
DTXSID0046430,775,0.021880484730642767,0.0
DTXSID0046432,775,3.88823069945543e-11,0.0
DTXSID0046434,775,0.0,0.0
DTXSID0046438,775,0.0,0.0
DTXSID0046480,775,0.0,0.0
DTXSID0046482,775,1.4534889138561627e-11,0.0
DTXSID0046484,775,0.0,0.0
DTXSID0046486,775,0.0,0.0
DTXSID0046488,775,4.125583033112297e-21,0.0
DTXSID0046511,775,0.0,0.0
DTXSID0046513,775,0.0,0.0
DTXSID0046517,775,0.0,0.0
DTXSID0046561,775,0.0,0.0
DTXSID0046563,775,0.0,0.0
DTXSID0046565,775,0.0,0.0
DTXSID0046567,775,4.480150392445844e-16,0.0
DTXSID0046569,775,0.0,0.0
DTXSID0046640,775,3.579349255219684e-20,0.0
DTXSID0046642,775,8.476496299576484e-05,0.0
DTXSID0046644,775,0.0,0.0
DTXSID0046646,775,0.0,0.0
DTXSID0046648,775,8.963736900292252e-10,0.0
DTXSID0046690,775,1.296283783759682e-17,0.0
DTXSID0046692,775,0.0,0.0
DTXSID0046694,775,1.4396621267443868e-16,0.0
DTXSID0046696,775,0.0,0.0
DTXSID0046698,775,0.0,0.0
DTXSID0046721,775,0.48741602720397037,0.0
DTXSID0046723,775,0.28445785146368247,0.0
DTXSID0046725,775,1.9861318855317413e-16,0.0
DTXSID0046727,775,0.0,0.0
DTXSID0046729,775,0.0,0.0
DTXSID0046773,775,1.1955744249671622e-16,0.0
DTXSID0046777,775,0.0,0.0
DTXSID0046779,775,0.0,0.0
DTXSID0046800,775,0.0,0.0
DTXSID0046804,775,2.9180022568765612e-18,0.0
DTXSID0046806,775,0.0,0.0
DTXSID0046808,775,0.0,0.0
DTXSID0046850,775,0.0,0.0
DTXSID0046852,775,0.0,0.0
DTXSID0046856,775,0.0,0.0
DTXSID0046858,775,0.0,0.0
DTXSID0046989,775,0.0,0.0
DTXSID0047030,775,0.0,0.0
DTXSID0047032,775,0.0,0.0
DTXSID0047034,775,0.0,0.0
DTXSID0047036,775,0.0,0.0
DTXSID0047038,775,4.889198362728156e-20,0.0
DTXSID0047080,775,0.0,0.0
DTXSID0047082,775,0.0,0.0
DTXSID0047084,775,0.0,0.0
DTXSID0047086,775,0.0,0.0
DTXSID0047088,775,0.0,0.0
DTXSID0047111,775,0.0,0.0
DTXSID0047113,775,0.0,0.0
DTXSID0047115,775,0.0,0.0
DTXSID0047117,775,0.0,0.0
DTXSID0047161,775,0.0,0.0
DTXSID0047163,775,0.0,0.0
DTXSID0047165,775,0.0,0.0
DTXSID0047167,775,0.0,0.0
DTXSID0047169,775,0.0,0.0
DTXSID0047242,775,1.6994185475530663e-11,0.0
DTXSID0047244,775,0.0,0.0
DTXSID0047246,775,6.838937939927268e-09,0.0
DTXSID0047248,775,0.0,0.0
DTXSID0047290,775,0.0,0.0
DTXSID0047292,775,0.0,0.0
DTXSID0047294,775,0.0,0.0
DTXSID0047296,775,0.0,0.0
DTXSID0047325,775,0.0,0.0
DTXSID0047327,775,0.0,0.0
DTXSID0047371,775,0.0,0.0
DTXSID0047375,775,0.0021294501467236807,0.0
DTXSID0047377,775,0.0,0.0
DTXSID0047379,775,1.56967606054071e-20,0.0
DTXSID0047404,775,0.0,0.0
DTXSID0047406,775,0.0,0.0
DTXSID0047408,775,0.0,0.0
DTXSID0047450,775,0.0,0.0
DTXSID0047454,775,0.0,0.0
DTXSID0047456,775,0.0,0.0
DTXSID0047533,775,0.0,0.0
DTXSID0047535,775,0.0,0.0
DTXSID0047537,775,0.0,0.0
DTXSID0047539,775,0.0,0.0
DTXSID0047581,775,4.650027838889491e-15,0.0
DTXSID0047585,775,0.0,0.0
DTXSID0047587,775,0.0,0.0
DTXSID0047589,775,3.011620369127702e-10,0.0
DTXSID0047610,775,9.998148256535017e-17,0.0
DTXSID0047614,775,0.0,0.0
DTXSID0047618,775,2.1768710110895203e-20,0.0
DTXSID0047660,775,1.2236798242482428e-15,0.0
DTXSID0047662,775,0.0,0.0
DTXSID0047741,775,5.927348787926558e-22,0.0
DTXSID0047745,775,0.0,0.0
DTXSID0047797,775,0.0,0.0
DTXSID0047799,775,0.0,0.0
DTXSID0047820,775,0.0,0.0
DTXSID0047822,775,0.0,0.0
DTXSID0047828,775,0.0,0.0
DTXSID0047870,775,1.7698737403431698e-16,0.0
DTXSID0047872,775,1.1678501458699092e-17,0.0
DTXSID0047874,775,0.0,0.0
DTXSID0047876,775,0.0,0.0
DTXSID0047878,775,0.5839965907524212,0.0
DTXSID0047901,775,0.0,0.0
DTXSID0047903,775,0.0,0.0
DTXSID0047905,775,0.0,0.0
DTXSID0047907,775,0.0,0.0
DTXSID0047909,775,1.4916184639820133e-19,0.0
DTXSID0047951,775,0.0,0.0
DTXSID0047953,775,0.0,0.0
DTXSID0047955,775,0.0,0.0
DTXSID0047957,775,0.0,0.0
DTXSID0047959,775,0.0,0.0
DTXSID0048181,775,0.0,0.0
DTXSID0048183,775,0.0,0.0
DTXSID0048185,775,0.0013096100199295774,0.0
DTXSID0048187,775,0.0,0.0
DTXSID0048189,775,0.0,0.0
DTXSID0048210,775,0.0,0.0
DTXSID0048349,775,0.0,0.0
DTXSID0048505,775,0.0,0.0
DTXSID0048507,775,5.756127400685673e-08,0.0
DTXSID0048509,775,0.0,0.0
DTXSID0048630,775,0.0,0.0
DTXSID0048632,775,9.664299024642336e-19,0.0
DTXSID0048634,775,0.0,0.0
DTXSID0048636,775,1.58699658886857e-20,0.0
DTXSID0048638,775,0.0,0.0
DTXSID0048680,775,1.6140132240478073e-19,0.0
DTXSID0048682,775,4.034963570193779e-13,0.0
DTXSID0048684,775,0.0,0.0
DTXSID0048686,775,0.0,0.0
DTXSID0048688,775,4.040345187226447e-19,0.0
DTXSID0048711,775,1.71663156829894e-21,0.0
DTXSID0048713,775,0.0,0.0
DTXSID0048715,775,0.0,0.0
DTXSID0048717,775,0.0,0.0
DTXSID0048719,775,0.0,0.0
DTXSID0048761,775,0.0,0.0
DTXSID0048763,775,1.5610381251189847e-07,0.0
DTXSID0048765,775,0.0,0.0
DTXSID0048767,775,1.2326911336505715e-21,0.0
DTXSID0048769,775,0.0,0.0
DTXSID0048840,775,0.0,0.0
DTXSID0048842,775,0.0,0.0
DTXSID0048844,775,0.0,0.0
DTXSID0048846,775,0.0,0.0
DTXSID0048848,775,2.4339329189616447e-13,0.0
DTXSID0048890,775,0.0,0.0
DTXSID0048892,775,0.0,0.0
DTXSID0048894,775,0.0,0.0
DTXSID0048896,775,0.0,0.0
DTXSID0048898,775,0.0,0.0
DTXSID0048921,775,0.0,0.0
DTXSID0048923,775,0.0,0.0
DTXSID0048925,775,0.0,0.0
DTXSID0048927,775,0.0,0.0
DTXSID0048929,775,0.0,0.0
DTXSID0048971,775,0.010656327279081803,0.0
DTXSID0048973,775,0.0,0.0
DTXSID0048975,775,0.0,0.0
DTXSID0048977,775,1.4667168752496371e-06,0.0
DTXSID0048979,775,0.0,0.0
DTXSID0049020,775,0.0,0.0
DTXSID0049022,775,0.0,0.0
DTXSID0049024,775,0.0,0.0
DTXSID0049026,775,0.0,0.0
DTXSID0049028,775,0.0,0.0
DTXSID0049070,775,0.0,0.0
DTXSID0049072,775,0.0,0.0
DTXSID0049074,775,0.0,0.0
DTXSID0049076,775,1.3247949578231593e-08,0.0
DTXSID0049078,775,0.0,0.0
DTXSID0049230,775,8.77591309377125e-10,0.0
DTXSID0049232,775,0.0,0.0
DTXSID0049234,775,0.0,0.0
DTXSID0049236,775,0.0,0.0
DTXSID0049238,775,1.0711252009084048e-20,0.0
DTXSID0049280,775,0.0,0.0
DTXSID0049282,775,0.0,0.0
DTXSID0049284,775,0.0,0.0
DTXSID0049286,775,0.0,0.0
DTXSID0049288,775,0.0,0.0
DTXSID0049311,775,0.0,0.0
DTXSID0049313,775,4.965260569191454e-18,0.0
DTXSID0049315,775,2.3324139670814193e-13,0.0
DTXSID0049317,775,3.4799537533876507e-17,0.0
DTXSID0049319,775,0.0,0.0
DTXSID0049361,775,0.0,0.0
DTXSID0049363,775,0.0,0.0
DTXSID0049365,775,0.0,0.0
DTXSID0049367,775,0.0,0.0
DTXSID0049369,775,1.1191822201740589e-16,0.0
DTXSID0049446,775,0.0,0.0
DTXSID0049448,775,4.899818695006346e-22,0.0
DTXSID0049490,775,2.555624591827428e-19,0.0
DTXSID0049492,775,0.0,0.0
DTXSID0049494,775,6.314989571003033e-19,0.0
DTXSID0049496,775,0.0,0.0
DTXSID0049498,775,4.699851230657436e-22,0.0
DTXSID0049521,775,0.0,0.0
DTXSID0049523,775,0.0,0.0
DTXSID0049525,775,0.0,0.0
DTXSID0049527,775,0.0,0.0
DTXSID0049529,775,0.0,0.0
DTXSID0050423,775,1.696402757024522e-21,0.0
DTXSID0050425,775,2.0824479448337776e-11,0.0
DTXSID1020015,775,0.0,0.0
DTXSID1020063,775,0.0,0.0
DTXSID1020069,775,0.0,0.0
DTXSID1020140,775,0.0,0.0
DTXSID1020142,775,4.8088109296878225e-15,0.0
DTXSID1020144,775,9.858399466118613e-12,0.0
DTXSID1020146,775,0.0,0.0
DTXSID1020148,775,2.229905722004658e-12,0.0
DTXSID1020190,775,0.2947526532123093,0.0
DTXSID1020194,775,1.9138101337966956e-17,0.0
DTXSID1020198,775,0.0,0.0
DTXSID1020221,775,1.0469660826081962e-13,0.0
DTXSID1020223,775,0.0,0.0
DTXSID1020275,775,2.4613393211515226e-18,0.0
DTXSID1020279,775,0.0,0.0
DTXSID1020300,775,0.0,0.0
DTXSID1020306,775,0.0,0.0
DTXSID1020308,775,3.769938815638812e-16,0.0
DTXSID1020350,775,0.0,0.0
DTXSID1020352,775,0.0,0.0
DTXSID1020354,775,0.0,0.0
DTXSID1020358,775,8.882543892866043e-20,0.0
DTXSID1020431,775,0.0,0.0
DTXSID1020433,775,2.8404574871458086e-16,0.0
DTXSID1020437,775,0.0,0.0
DTXSID1020439,775,0.0,0.0
DTXSID1020483,775,0.0,0.0
DTXSID1020485,775,0.008347003491959189,0.0
DTXSID1020510,775,0.18036711022319132,0.0
DTXSID1020512,775,0.0,0.0
DTXSID1020516,775,0.0,0.0
DTXSID1020560,775,0.0,0.0
DTXSID1020562,775,0.0,0.0
DTXSID1020566,775,0.0,0.0
DTXSID1020647,775,3.70933992384641e-14,0.0
DTXSID1020697,775,0.0,0.0
DTXSID1020699,775,0.0,0.0
DTXSID1020728,775,0.0,0.0
DTXSID1020770,775,0.0,0.0
DTXSID1020778,775,0.0,0.0
DTXSID1020803,775,3.739270193570531e-09,0.0
DTXSID1020805,775,2.7635861081965824e-17,0.0
DTXSID1020807,775,4.977066311534996e-17,0.0
DTXSID1020809,775,0.0,0.0
DTXSID1020855,775,0.0,0.0
DTXSID1020857,775,0.0,0.0
DTXSID1020859,775,4.1826497794442186e-15,0.0
DTXSID1020930,775,7.533003378568359e-15,0.0
DTXSID1020932,775,4.339993317681485e-13,0.0
DTXSID1020980,775,0.0,0.0
DTXSID1020982,775,0.0,0.0
DTXSID1020984,775,0.0,0.0
DTXSID1021031,775,0.0,0.0
DTXSID1021039,775,0.0,0.0
DTXSID1021081,775,,
DTXSID1021087,775,0.0,0.0
DTXSID1021089,775,7.339949440541895e-14,0.0
DTXSID1021114,775,0.0,0.0
DTXSID1021116,775,0.0,0.0
DTXSID1021118,775,0.0,0.0
DTXSID1021160,775,4.3180740984901985e-20,0.0
DTXSID1021162,775,1.4443316245215357e-16,0.0
DTXSID1021164,775,0.0,0.0
DTXSID1021166,775,1.6188706937022262e-19,0.0
DTXSID1021168,775,0.0,0.0
DTXSID1021241,775,0.0,0.0
DTXSID1021243,775,5.160465747052939e-22,0.0
DTXSID1021247,775,0.0,0.0
DTXSID1021291,775,0.0,0.0
DTXSID1021299,775,2.741772767965119e-20,0.0
DTXSID1021320,775,0.0,0.0
DTXSID1021322,775,0.0,0.0
DTXSID1021328,775,4.0847044875622215e-11,0.0
DTXSID1021372,775,0.0,0.0
DTXSID1021374,775,0.0,0.0
DTXSID1021378,775,1.0582611221624657e-14,0.0
DTXSID1021403,775,0.0,0.0
DTXSID1021405,775,0.0,0.0
DTXSID1021409,775,0.0,0.0
DTXSID1021455,775,0.0,0.0
DTXSID1021530,775,4.663938764136574e-12,0.0
DTXSID1021584,775,0.0,0.0
DTXSID1021586,775,0.0,0.0
DTXSID1021615,775,0.0,0.0
DTXSID1021617,775,1.1286533256762028e-17,0.0
DTXSID1021619,775,0.0,0.0
DTXSID1021665,775,0.0,0.0
DTXSID1021667,775,0.0,0.0
DTXSID1021740,775,5.980726326590979e-16,0.0
DTXSID1021744,775,0.0,0.0
DTXSID1021790,775,7.807245849296331e-13,0.0
DTXSID1021792,775,2.268887577707659e-14,0.0
DTXSID1021798,775,1.2930280717439199e-17,0.0
DTXSID1021821,775,0.0,0.0
DTXSID1021823,775,0.0,0.0
DTXSID1021827,775,0.0,0.0
DTXSID1021871,775,0.0,0.0
DTXSID1021873,775,0.0,0.0
DTXSID1021877,775,0.0,0.0
DTXSID1021879,775,9.32015327298101e-21,0.0
DTXSID1021902,775,0.0,0.0
DTXSID1021904,775,0.0,0.0
DTXSID1021952,775,0.0,0.0
DTXSID1021956,775,0.0,0.0
DTXSID1021958,775,0.0,0.0
DTXSID1022001,775,0.0,0.0
DTXSID1022007,775,0.0,0.0
DTXSID1022009,775,0.0,0.0
DTXSID1022051,775,8.423056649481367e-22,0.0
DTXSID1022053,775,0.0,0.0
DTXSID1022055,775,0.0,0.0
DTXSID1022057,775,0.0,0.0
DTXSID1022130,775,1.3006441290097785e-13,0.0
DTXSID1022138,775,0.0,0.0
DTXSID1022180,775,0.0,0.0
DTXSID1022186,775,3.499864364420017e-14,0.0
DTXSID1022188,775,6.584300278492892e-21,0.0
DTXSID1022217,775,0.0,0.0
DTXSID1022265,775,0.0,0.0
DTXSID1022267,775,0.0,0.0
DTXSID1022394,775,1.8462760207009115e-21,0.0
DTXSID1022396,775,0.0,0.0
DTXSID1022421,775,1.7545063295957977e-20,0.0
DTXSID1022425,775,0.0,0.0
DTXSID1022479,775,0.0,0.0
DTXSID1022508,775,0.0,0.0
DTXSID1022556,775,1.9943720643460957e-14,0.0
DTXSID1022558,775,0.0,0.0
DTXSID1022635,775,1.8905164987843467e-21,0.0
DTXSID1022681,775,8.181323936190182e-20,0.0
DTXSID1022685,775,6.120382474789784e-12,0.0
DTXSID1022687,775,0.5336179088349375,0.0
DTXSID1022718,775,6.123909261003511e-07,0.0
DTXSID1022760,775,2.0783757883486086e-18,0.0
DTXSID1022762,775,0.0,0.0
DTXSID1022764,775,3.807763296535027e-10,0.0
DTXSID1022766,775,0.0,0.0
DTXSID1022768,775,2.377373285607966e-10,0.0
DTXSID1022843,775,0.0,0.0
DTXSID1022847,775,1.5779763972584667e-15,0.0
DTXSID1022897,775,0.0,0.0
DTXSID1022922,775,0.0,0.0
DTXSID1022926,775,0.0,0.0
DTXSID1022974,775,1.144934850723829e-19,0.0
DTXSID1022978,775,2.398800210020327e-15,0.0
DTXSID1023021,775,0.0,0.0
DTXSID1023027,775,2.9903381258832547e-17,0.0
DTXSID1023071,775,0.0,0.0
DTXSID1023102,775,0.0,0.0
DTXSID1023150,775,2.9098724272736782e-15,0.0
DTXSID1023158,775,0.0,0.0
DTXSID1023231,775,0.5013964313306016,0.0
DTXSID1023235,775,0.0,0.0
DTXSID1023281,775,0.0,0.0
DTXSID1023283,775,0.37281548752894145,0.0
DTXSID1023310,775,6.607450500398454e-12,0.0
DTXSID1023314,775,0.0,0.0
DTXSID1023316,775,0.0,0.0
DTXSID1023362,775,1.9582323186493874e-21,0.0
DTXSID1023364,775,0.0,0.0
DTXSID1023368,775,0.0,0.0
DTXSID1023441,775,6.286445878188908e-20,0.0
DTXSID1023495,775,4.48541904540886e-16,0.0
DTXSID1023497,775,0.0,0.0
DTXSID1023526,775,0.0,0.0
DTXSID1023572,775,0.0,0.0
DTXSID1023576,775,0.0,0.0
DTXSID1023603,775,0.0,0.0
DTXSID1023605,775,0.0,0.0
DTXSID1023607,775,6.552322264760583e-22,0.0
DTXSID1023609,775,0.0,0.0
DTXSID1023730,775,9.563325252261955e-15,0.0
DTXSID1023734,775,0.0,0.0
DTXSID1023736,775,0.0,0.0
DTXSID1023786,775,0.0,0.0
DTXSID1023815,775,0.0,0.0
DTXSID1023817,775,0.0,0.0
DTXSID1023819,775,1.0097534739426308e-11,0.0
DTXSID1023869,775,4.8343089974191524e-21,0.0
DTXSID1023990,775,9.983177424882851e-20,0.0
DTXSID1023996,775,0.0,0.0
DTXSID1023998,775,0.0,0.0
DTXSID1024045,775,0.0,0.0
DTXSID1024049,775,0.0,0.0
DTXSID1024091,775,0.0,0.0
DTXSID1024097,775,0.0,0.0
DTXSID1024124,775,0.0,0.0
DTXSID1024126,775,0.0,0.0
DTXSID1024128,775,1.1488290981870293e-10,0.0
DTXSID1024170,775,0.0,0.0
DTXSID1024174,775,0.0,0.0
DTXSID1024176,775,6.1316948053247914e-18,0.0
DTXSID1024209,775,4.9600862071658644e-21,0.0
DTXSID1024255,775,2.4372188089727056e-16,0.0
DTXSID1024259,775,0.0,0.0
DTXSID1024334,775,0.0,0.0
DTXSID1024338,775,1.2488600436590105e-17,0.0
DTXSID1024413,775,0.0,0.0
DTXSID1024463,775,4.661637992155391e-08,0.0
DTXSID1024465,775,0.0,0.0
DTXSID1024467,775,0.0,0.0
DTXSID1024598,775,0.0,0.0
DTXSID1024621,775,0.0,0.0
DTXSID1024625,775,0.0,0.0
DTXSID1024629,775,4.3671400801846625e-07,0.0
DTXSID1024702,775,0.0,0.0
DTXSID1024704,775,0.0,0.0
DTXSID1024831,775,0.0,0.0
DTXSID1024835,775,2.8681233879402802e-11,0.0
DTXSID1024881,775,0.0,0.0
DTXSID1024885,775,0.0,0.0
DTXSID1024887,775,0.0,0.0
DTXSID1024912,775,1.3766691480461616e-19,0.0
DTXSID1024916,775,2.8174733724252687e-16,0.0
DTXSID1024918,775,2.6827081378947167e-21,0.0
DTXSID1024966,775,0.0,0.0
DTXSID1025013,775,0.0,0.0
DTXSID1025017,775,0.0,0.0
DTXSID1025063,775,0.0,0.0
DTXSID1025065,775,0.0,0.0
DTXSID1025148,775,0.0,0.0
DTXSID1025221,775,0.0,0.0
DTXSID1025271,775,0.0,0.0
DTXSID1025279,775,1.5065349777492041e-10,0.0
DTXSID1025300,775,0.0,0.0
DTXSID1025302,775,1.5323053674406645e-15,0.0
DTXSID1025304,775,0.0,0.0
DTXSID1025306,775,0.0,0.0
DTXSID1025308,775,5.1822358687984145e-15,0.0
DTXSID1025431,775,5.183580861091735e-20,0.0
DTXSID1025437,775,0.0025824288980173062,0.0
DTXSID1025481,775,0.0,0.0
DTXSID1025483,775,0.0,0.0
DTXSID1025485,775,2.3475401139506103e-09,0.0
DTXSID1025560,775,6.246146510372117e-11,0.0
DTXSID1025641,775,0.0,0.0
DTXSID1025649,775,0.0,0.0
DTXSID1025693,775,0.0,0.0
DTXSID1025722,775,0.0,0.0
DTXSID1025724,775,0.0,0.0
DTXSID1025726,775,1.0550161631913196e-21,0.0
DTXSID1025770,775,0.0,0.0
DTXSID1025774,775,0.0,0.0
DTXSID1025776,775,0.0,0.0
DTXSID1025805,775,6.174111025364071e-12,0.0
DTXSID1025807,775,0.0,0.0
DTXSID1025809,775,1.3148547159346902e-20,0.0
DTXSID1025851,775,0.0,0.0
DTXSID1025853,775,0.0,0.0
DTXSID1025857,775,0.0,0.0
DTXSID1025930,775,0.0,0.0
DTXSID1025934,775,0.0,0.0
DTXSID1026031,775,1.637245254622476e-17,0.0
DTXSID1026033,775,0.0,0.0
DTXSID1026035,775,0.18400367706904433,0.0
DTXSID1026081,775,1.4186563305358173e-16,0.0
DTXSID1026083,775,0.0,0.0
DTXSID1026089,775,0.0,0.0
DTXSID1026112,775,0.0,0.0
DTXSID1026118,775,0.9999611732629895,1.0
DTXSID1026164,775,0.0,0.0
DTXSID1026241,775,0.0,0.0
DTXSID1026293,775,0.0,0.0
DTXSID1026457,775,0.0,0.0
DTXSID1026536,775,0.0,0.0
DTXSID1026615,775,0.0,0.0
DTXSID1026619,775,0.0,0.0
DTXSID1026661,775,0.0,0.0
DTXSID1026665,775,0.0,0.0
DTXSID1026667,775,0.0,0.0
DTXSID1026740,775,2.248491251530951e-21,0.0
DTXSID1026792,775,0.0,0.0
DTXSID1026796,775,0.0,0.0
DTXSID1026879,775,0.0,0.0
DTXSID1026900,775,0.0,0.0
DTXSID1026902,775,2.9833704215103814e-20,0.0
DTXSID1026904,775,0.0,0.0
DTXSID1026906,775,0.0,0.0
DTXSID1026908,775,1.3631970828874905e-18,0.0
DTXSID1026954,775,0.0,0.0
DTXSID1027007,775,0.0,0.0
DTXSID1027134,775,0.0,0.0
DTXSID1027184,775,0.0,0.0
DTXSID1027186,775,0.0,0.0
DTXSID1027188,775,7.706034334193491e-20,0.0
DTXSID1027211,775,0.0,0.0
DTXSID1027219,775,0.0,0.0
DTXSID1027263,775,0.0,0.0
DTXSID1027265,775,0.0,0.0
DTXSID1027267,775,0.0,0.0
DTXSID1027269,775,0.0,0.0
DTXSID1027342,775,0.0,0.0
DTXSID1027344,775,0.0,0.0
DTXSID1027346,775,0.0,0.0
DTXSID1027390,775,0.0,0.0
DTXSID1027394,775,1.166855315114224e-21,0.0
DTXSID1027396,775,0.0,0.0
DTXSID1027425,775,0.0,0.0
DTXSID1027427,775,1.9623061647933795e-18,0.0
DTXSID1027429,775,0.0,0.0
DTXSID1027471,775,0.0,0.0
DTXSID1027479,775,2.9750756430866033e-19,0.0
DTXSID1027500,775,1.2101290931616485e-21,0.0
DTXSID1027502,775,0.0,0.0
DTXSID1027504,775,0.0,0.0
DTXSID1027506,775,0.0,0.0
DTXSID1027550,775,0.0,0.0
DTXSID1027556,775,0.0,0.0
DTXSID1027558,775,3.648534198354737e-20,0.0
DTXSID1027633,775,0.0,0.0
DTXSID1027635,775,2.5795709632144777e-20,0.0
DTXSID1027639,775,0.0,0.0
DTXSID1027714,775,0.0,0.0
DTXSID1027716,775,0.0,0.0
DTXSID1027764,775,0.0,0.0
DTXSID1027768,775,0.0,0.0
DTXSID1027841,775,0.0,0.0
DTXSID1027891,775,0.0,0.0
DTXSID1027899,775,0.0,0.0
DTXSID1027920,775,0.0,0.0
DTXSID1027924,775,0.0,0.0
DTXSID1027926,775,6.795210592598618e-20,0.0
DTXSID1027928,775,0.0,0.0
DTXSID1027970,775,1.8394529889797604e-17,0.0
DTXSID1027974,775,0.0,0.0
DTXSID1027978,775,0.0,0.0
DTXSID1029120,775,0.0,0.0
DTXSID1029122,775,2.5809276312442466e-15,0.0
DTXSID1029124,775,0.0,0.0
DTXSID1029128,775,0.0,0.0
DTXSID1029170,775,0.0,0.0
DTXSID1029201,775,0.0,0.0
DTXSID1029203,775,0.0,0.0
DTXSID1029207,775,0.0,0.0
DTXSID1029251,775,0.0,0.0
DTXSID1029255,775,0.0,0.0
DTXSID1029338,775,0.0,0.0
DTXSID1029629,775,0.0,0.0
DTXSID1029671,775,0.0,0.0
DTXSID1029677,775,0.0,0.0
DTXSID1029679,775,0.0,0.0
DTXSID1029889,775,1.4490849301998516e-17,0.0
DTXSID1029910,775,0.0,0.0
DTXSID1030317,775,0.0,0.0
DTXSID1030319,775,0.04340917641195464,0.0
DTXSID1030604,775,0.0,0.0
DTXSID1030606,775,0.0,0.0
DTXSID1031096,775,0.0,0.0
DTXSID1031460,775,3.238856821438656e-20,0.0
DTXSID1031462,775,8.067322529365249e-14,0.0
DTXSID1031591,775,0.0,0.0
DTXSID1031626,775,1.2739774583417818e-18,0.0
DTXSID1032278,775,0.0,0.0
DTXSID1032303,775,0.0,0.0
DTXSID1032309,775,0.0,0.0
DTXSID1032355,775,0.0,0.0
DTXSID1032359,775,0.0,0.0
DTXSID1032482,775,0.0,0.0
DTXSID1032484,775,2.834499068663482e-19,0.0
DTXSID1032488,775,0.0,0.0
DTXSID1032511,775,0.0,0.0
DTXSID1032513,775,0.0,0.0
DTXSID1032519,775,0.0,0.0
DTXSID1032569,775,0.0,0.0
DTXSID1032640,775,0.0,0.0
DTXSID1032646,775,1.784905149935071e-21,0.0
DTXSID1032648,775,0.0,0.0
DTXSID1032690,775,0.0,0.0
DTXSID1033161,775,0.0,0.0
DTXSID1033163,775,,
DTXSID1033371,775,0.0,0.0
DTXSID1033402,775,0.0,0.0
DTXSID1033539,775,0.0,0.0
DTXSID1033664,775,2.0282456521888725e-21,0.0
DTXSID1033876,775,0.0,0.0
DTXSID1034181,775,8.680358767056462e-14,0.0
DTXSID1034187,775,0.0,0.0
DTXSID1034210,775,0.0,0.0
DTXSID1034212,775,0.0,0.0
DTXSID1034214,775,1.1526506028513205e-09,0.0
DTXSID1034260,775,0.4809616700567655,0.0
DTXSID1034266,775,0.0,0.0
DTXSID1034503,775,0.0,0.0
DTXSID1034634,775,0.0,0.0
DTXSID1034769,775,0.0,0.0
DTXSID1034844,775,0.0,0.0
DTXSID1034929,775,0.0,0.0
DTXSID1034973,775,0.0,0.0
DTXSID1035286,775,0.0,0.0
DTXSID1035288,775,0.0,0.0
DTXSID1035783,775,4.2596213776819615e-15,0.0
DTXSID1036541,775,0.0,0.0
DTXSID1037197,775,1.4788110677995763e-18,0.0
DTXSID1037224,775,0.0,0.0
DTXSID1037272,775,7.170426521361298e-21,0.0
DTXSID1037303,775,0.0,0.0
DTXSID1037511,775,0.0,0.0
DTXSID1037515,775,0.0,0.0
DTXSID1037565,775,0.0,0.0
DTXSID1037696,775,0.0,0.0
DTXSID1037806,775,0.0,0.0
DTXSID1038298,775,0.6196071346556523,0.0
DTXSID1038321,775,0.0,0.0
DTXSID1038666,775,0.0,0.0
DTXSID1038795,775,1.4306207006076035e-07,0.0
DTXSID1038822,775,0.0,0.0
DTXSID1038824,775,3.915482937319168e-21,0.0
DTXSID1038876,775,0.0,0.0
DTXSID1039719,775,0.0,0.0
DTXSID1040110,775,0.0,0.0
DTXSID1040112,775,0.0,0.0
DTXSID1040114,775,1.08900003502693e-19,0.0
DTXSID1040243,775,4.6332541971800696e-18,0.0
DTXSID1040245,775,1.3151596325274016e-17,0.0
DTXSID1040295,775,0.0,0.0
DTXSID1040320,775,0.0,0.0
DTXSID1040324,775,0.0,0.0
DTXSID1040326,775,1.6334092540435689e-15,0.0
DTXSID1040372,775,0.0,0.0
DTXSID1040459,775,0.0,0.0
DTXSID1040611,775,0.0,0.0
DTXSID1040617,775,0.0,0.0
DTXSID1040619,775,0.0,0.0
DTXSID1040661,775,0.0,0.0
DTXSID1040667,775,0.0,0.0
DTXSID1040740,775,0.0,0.0
DTXSID1040742,775,0.0,0.0
DTXSID1040792,775,0.0,0.0
DTXSID1040794,775,0.0,0.0
DTXSID1041132,775,0.3984749456082266,0.0
DTXSID1041180,775,0.0,0.0
DTXSID1041184,775,3.575695500613832e-18,0.0
DTXSID1041188,775,2.3451076843606664e-12,0.0
DTXSID1041217,775,0.0,0.0
DTXSID1041261,775,2.308863011015559e-16,0.0
DTXSID1041263,775,0.0,0.0
DTXSID1041265,775,0.0,0.0
DTXSID1041267,775,7.074055678604522e-22,0.0
DTXSID1041269,775,0.0,0.0
DTXSID1041346,775,0.0,0.0
DTXSID1041396,775,0.0,0.0
DTXSID1041421,775,0.37573771719965643,0.0
DTXSID1041423,775,0.0,0.0
DTXSID1041425,775,1.1957232554170563e-20,0.0
DTXSID1041502,775,0.0,0.0
DTXSID1041506,775,0.0,0.0
DTXSID1041508,775,0.0,0.0
DTXSID1041550,775,0.0,0.0
DTXSID1041639,775,0.0,0.0
DTXSID1041681,775,0.0,0.0
DTXSID1041683,775,0.0,0.0
DTXSID1041689,775,0.0,0.0
DTXSID1041847,775,2.3490639605915312e-20,0.0
DTXSID1041891,775,1.0756107808134806e-20,0.0
DTXSID1041897,775,0.0,0.0
DTXSID1041920,775,0.0,0.0
DTXSID1041970,775,0.0,0.0
DTXSID1041978,775,0.0,0.0
DTXSID1042077,775,0.0,0.0
DTXSID1042154,775,0.0,0.0
DTXSID1042281,775,0.0,0.0
DTXSID1042285,775,0.0,0.0
DTXSID1042360,775,0.0,0.0
DTXSID1042364,775,0.0,0.0
DTXSID1042441,775,0.0,0.0
DTXSID1042491,775,0.0,0.0
DTXSID1042499,775,0.0,0.0
DTXSID1042570,775,0.0,0.0
DTXSID1042574,775,0.0,0.0
DTXSID1043881,775,2.3119392934988867e-07,0.0
DTXSID1044196,775,2.9545894226337307e-20,0.0
DTXSID1044221,775,1.7678506718471082e-10,0.0
DTXSID1044223,775,0.0,0.0
DTXSID1044227,775,0.0,0.0
DTXSID1044352,775,0.0,0.0
DTXSID1044354,775,0.0,0.0
DTXSID1044356,775,0.0,0.0
DTXSID1044431,775,0.0,0.0
DTXSID1044433,775,1.4876752417734204e-07,0.0
DTXSID1044435,775,0.0,0.0
DTXSID1044437,775,0.000623285557567937,0.0
DTXSID1044439,775,0.0,0.0
DTXSID1044481,775,0.0,0.0
DTXSID1044485,775,0.0,0.0
DTXSID1044487,775,0.0,0.0
DTXSID1044489,775,0.0,0.0
DTXSID1044514,775,0.0,0.0
DTXSID1044518,775,0.0,0.0
DTXSID1044560,775,0.0,0.0
DTXSID1044564,775,0.0,0.0
DTXSID1044568,775,0.0,0.0
DTXSID1044643,775,0.0,0.0
DTXSID1044645,775,7.040714778567971e-07,0.0
DTXSID1044647,775,6.412229716532395e-17,0.0
DTXSID1044691,775,0.20220135401907158,0.0
DTXSID1044693,775,0.0,0.0
DTXSID1044697,775,6.619670134451468e-10,0.0
DTXSID1044720,775,0.0,0.0
DTXSID1044722,775,0.0,0.0
DTXSID1044724,775,0.0,0.0
DTXSID1044728,775,0.0,0.0
DTXSID1044770,775,0.0,0.0
DTXSID1044772,775,0.0,0.0
DTXSID1044774,775,0.0,0.0
DTXSID1044776,775,0.0,0.0
DTXSID1044801,775,0.0,0.0
DTXSID1044805,775,0.0,0.0
DTXSID1044807,775,0.0,0.0
DTXSID1044809,775,3.754025392434718e-21,0.0
DTXSID1044851,775,0.0,0.0
DTXSID1044853,775,0.0,0.0
DTXSID1044857,775,0.0,0.0
DTXSID1044859,775,3.3177085722227635e-17,0.0
DTXSID1044930,775,0.0,0.0
DTXSID1044932,775,0.0,0.0
DTXSID1044934,775,0.0,0.0
DTXSID1044936,775,0.0,0.0
DTXSID1044938,775,0.0,0.0
DTXSID1044980,775,0.0,0.0
DTXSID1044982,775,0.0,0.0
DTXSID1044986,775,0.0,0.0
DTXSID1045033,775,0.0,0.0
DTXSID1045081,775,8.535303302821676e-18,0.0
DTXSID1045083,775,0.47559708558136593,0.0
DTXSID1045085,775,3.8923589470332145e-12,0.0
DTXSID1045089,775,0.0,0.0
DTXSID1045110,775,0.0,0.0
DTXSID1045112,775,2.7387830529662563e-21,0.0
DTXSID1045114,775,0.0,0.0
DTXSID1045116,775,0.0,0.0
DTXSID1045118,775,0.0,0.0
DTXSID1045160,775,0.0,0.0
DTXSID1045162,775,0.0,0.0
DTXSID1045164,775,0.0,0.0
DTXSID1045166,775,0.0,0.0
DTXSID1045168,775,0.0,0.0
DTXSID1045245,775,0.0,0.0
DTXSID1045291,775,0.0,0.0
DTXSID1045293,775,0.0,0.0
DTXSID1045297,775,4.1106561704894864e-19,0.0
DTXSID1045320,775,0.0,0.0
DTXSID1045322,775,0.0,0.0
DTXSID1045324,775,0.0,0.0
DTXSID1045326,775,1.7975796977805357e-16,0.0
DTXSID1045328,775,0.0,0.0
DTXSID1045370,775,3.495954854835242e-19,0.0
DTXSID1045372,775,0.0,0.0
DTXSID1045376,775,1.265967144515752e-14,0.0
DTXSID1045405,775,3.9149932618601734e-10,0.0
DTXSID1045407,775,0.0,0.0
DTXSID1045409,775,0.0,0.0
DTXSID1045453,775,0.0,0.0
DTXSID1045459,775,1.010011583890528e-14,0.0
DTXSID1045530,775,0.0,0.0
DTXSID1045534,775,0.0,0.0
DTXSID1045536,775,0.0,0.0
DTXSID1045538,775,1.653911569410644e-10,0.0
DTXSID1045580,775,0.00757284651780097,0.0
DTXSID1045582,775,1.3074817182861939e-11,0.0
DTXSID1045584,775,5.976136743318307e-17,0.0
DTXSID1045586,775,0.0,0.0
DTXSID1045588,775,5.004473544369289e-18,0.0
DTXSID1045611,775,7.797586537043623e-15,0.0
DTXSID1045615,775,0.0,0.0
DTXSID1045619,775,6.233470866470309e-14,0.0
DTXSID1045661,775,0.0,0.0
DTXSID1045663,775,0.0,0.0
DTXSID1045665,775,1.7482076729673595e-15,0.0
DTXSID1045669,775,0.0,0.0
DTXSID1045740,775,0.0,0.0
DTXSID1045742,775,1.7686205626347052e-14,0.0
DTXSID1045744,775,0.0,0.0
DTXSID1045746,775,0.0,0.0
DTXSID1045748,775,0.0,0.0
DTXSID1045790,775,0.0,0.0
DTXSID1045792,775,0.0,0.0
DTXSID1045794,775,0.0,0.0
DTXSID1045796,775,0.0,0.0
DTXSID1045798,775,0.0,0.0
DTXSID1045825,775,0.0,0.0
DTXSID1045871,775,4.590804119464331e-12,0.0
DTXSID1045873,775,0.0,0.0
DTXSID1045877,775,1.865635581653089e-16,0.0
DTXSID1045879,775,0.0,0.0
DTXSID1045900,775,0.0,0.0
DTXSID1045902,775,0.0,0.0
DTXSID1045904,775,0.0,0.0
DTXSID1045906,775,0.0,0.0
DTXSID1045950,775,2.7879983997776895e-14,0.0
DTXSID1045952,775,0.4879057167539579,0.0
DTXSID1045954,775,0.0,0.0
DTXSID1045956,775,4.332968746596359e-17,0.0
DTXSID1045958,775,0.0,0.0
DTXSID1046003,775,0.0,0.0
DTXSID1046007,775,0.0,0.0
DTXSID1046009,775,3.4893677624040467e-19,0.0
DTXSID1046051,775,0.0,0.0
DTXSID1046055,775,0.0,0.0
DTXSID1046059,775,4.868944500968084e-20,0.0
DTXSID1046130,775,0.0,0.0
DTXSID1046132,775,0.0,0.0
DTXSID1046134,775,0.0008388204574836162,0.0
DTXSID1046136,775,0.0001432659741929435,0.0
DTXSID1046138,775,0.0,0.0
DTXSID1046180,775,0.0,0.0
DTXSID1046182,775,0.0,0.0
DTXSID1046184,775,0.0,0.0
DTXSID1046186,775,0.0,0.0
DTXSID1046188,775,0.0,0.0
DTXSID1046211,775,0.0,0.0
DTXSID1046213,775,0.0,0.0
DTXSID1046215,775,0.0,0.0
DTXSID1046217,775,0.0,0.0
DTXSID1046261,775,1.6825947406265108e-14,0.0
DTXSID1046263,775,1.9786011549342977e-14,0.0
DTXSID1046265,775,0.0,0.0
DTXSID1046267,775,0.0,0.0
DTXSID1046269,775,0.0,0.0
DTXSID1046342,775,0.0,0.0
DTXSID1046344,775,0.0,0.0
DTXSID1046346,775,0.0,0.0
DTXSID1046348,775,0.0,0.0
DTXSID1046390,775,0.0,0.0
DTXSID1046392,775,0.0,0.0
DTXSID1046394,775,0.0,0.0
DTXSID1046396,775,4.449841369536355e-16,0.0
DTXSID1046398,775,0.004775733517165076,0.0
DTXSID1046421,775,1.6158349722473797e-15,0.0
DTXSID1046423,775,0.0,0.0
DTXSID1046425,775,0.0,0.0
DTXSID1046427,775,0.0,0.0
DTXSID1046429,775,0.40487250639820865,0.0
DTXSID1046471,775,0.0,0.0
DTXSID1046475,775,0.0,0.0
DTXSID1046477,775,0.0,0.0
DTXSID1046479,775,0.0,0.0
DTXSID1046500,775,0.0,0.0
DTXSID1046502,775,0.0,0.0
DTXSID1046504,775,0.0,0.0
DTXSID1046506,775,0.0,0.0
DTXSID1046508,775,0.0,0.0
DTXSID1046550,775,1.0783321206477887e-13,0.0
DTXSID1046552,775,0.0,0.0
DTXSID1046556,775,0.0,0.0
DTXSID1046558,775,6.322945296756471e-16,0.0
DTXSID1046631,775,0.0,0.0
DTXSID1046633,775,0.0,0.0
DTXSID1046637,775,0.0008668721221553502,0.0
DTXSID1046639,775,0.0,0.0
DTXSID1046681,775,2.9040915544987277e-12,0.0
DTXSID1046683,775,0.0,0.0
DTXSID1046685,775,1.037528524526643e-20,0.0
DTXSID1046687,775,0.0,0.0
DTXSID1046689,775,4.711155024754888e-20,0.0
DTXSID1046710,775,7.143007207438092e-23,0.0
DTXSID1046712,775,0.0,0.0
DTXSID1046714,775,0.0,0.0
DTXSID1046716,775,0.0,0.0
DTXSID1046760,775,0.0,0.0
DTXSID1046764,775,0.0,0.0
DTXSID1046766,775,0.0,0.0
DTXSID1046768,775,0.0,0.0
DTXSID1046841,775,0.0,0.0
DTXSID1046843,775,0.0,0.0
DTXSID1046845,775,0.0,0.0
DTXSID1046847,775,0.0,0.0
DTXSID1046849,775,0.0,0.0
DTXSID1046891,775,0.0,0.0
DTXSID1046895,775,1.1864140209902467e-17,0.0
DTXSID1046920,775,0.0,0.0
DTXSID1046922,775,0.0,0.0
DTXSID1046924,775,0.0,0.0
DTXSID1046926,775,0.0,0.0
DTXSID1046970,775,0.3938635199391359,0.0
DTXSID1046974,775,0.0,0.0
DTXSID1046976,775,0.6005431797620272,0.0
DTXSID1046978,775,0.0,0.0
DTXSID1047027,775,1.683417156778328e-21,0.0
DTXSID1047029,775,0.0,0.0
DTXSID1047071,775,0.0,0.0
DTXSID1047075,775,0.0,0.0
DTXSID1047102,775,0.0,0.0
DTXSID1047104,775,0.0,0.0
DTXSID1047106,775,0.0,0.0
DTXSID1047108,775,0.0,0.0
DTXSID1047150,775,4.939958066311802e-22,0.0
DTXSID1047152,775,0.0,0.0
DTXSID1047156,775,1.1254251642235935e-21,0.0
DTXSID1047158,775,6.217699941466057e-18,0.0
DTXSID1047239,775,0.0,0.0
DTXSID1047281,775,0.0,0.0
DTXSID1047283,775,0.0,0.0
DTXSID1047285,775,7.636345238473482e-19,0.0
DTXSID1047287,775,0.0,0.0
DTXSID1047289,775,0.0,0.0
DTXSID1047310,775,0.0,0.0
DTXSID1047312,775,0.0,0.0
DTXSID1047316,775,0.0,0.0
DTXSID1047318,775,3.2643403623262653e-13,0.0
DTXSID1047360,775,3.08671659574494e-21,0.0
DTXSID1047362,775,0.0,0.0
DTXSID1047364,775,0.0,0.0
DTXSID1047366,775,0.0,0.0
DTXSID1047368,775,8.368822091319194e-21,0.0
DTXSID1047443,775,0.0,0.0
DTXSID1047447,775,2.1311893185221467e-15,0.0
DTXSID1047491,775,7.959970896757967e-18,0.0
DTXSID1047493,775,2.824224102674123e-16,0.0
DTXSID1047497,775,1.0801355804991226e-19,0.0
DTXSID1047524,775,0.0,0.0
DTXSID1047526,775,0.0,0.0
DTXSID1047528,775,0.0,0.0
DTXSID1047570,775,0.0,0.0
DTXSID1047574,775,0.0,0.0
DTXSID1047576,775,6.55788105501824e-16,0.0
DTXSID1047578,775,0.0,0.0
DTXSID1047601,775,0.0,0.0
DTXSID1047603,775,0.0,0.0
DTXSID1047605,775,0.0,0.0
DTXSID1047609,775,0.0,0.0
DTXSID1047651,775,0.0,0.0
DTXSID1047655,775,0.0,0.0
DTXSID1047657,775,0.0,0.0
DTXSID1047659,775,1.3764368339857002e-18,0.0
DTXSID1047730,775,5.805426719195943e-11,0.0
DTXSID1047780,775,0.0,0.0
DTXSID1047782,775,0.0,0.0
DTXSID1047784,775,0.0,0.0
DTXSID1047786,775,0.0,0.0
DTXSID1047788,775,0.0,0.0
DTXSID1047811,775,1.2965087817057774e-21,0.0
DTXSID1047813,775,0.0,0.0
DTXSID1047815,775,0.0,0.0
DTXSID1047817,775,2.4684165822786606e-09,0.0
DTXSID1047819,775,0.0,0.0
DTXSID1047869,775,3.788743743350393e-09,0.0
DTXSID1047940,775,0.0,0.0
DTXSID1047942,775,0.0,0.0
DTXSID1047944,775,0.0,0.0
DTXSID1047946,775,3.082526922389146e-20,0.0
DTXSID1047948,775,0.0,0.0
DTXSID1048122,775,0.0,0.0
DTXSID1048170,775,0.0,0.0
DTXSID1048172,775,0.0,0.0
DTXSID1048174,775,0.0,0.0
DTXSID1048176,775,0.0,0.0
DTXSID1048178,775,0.0,0.0
DTXSID1048201,775,0.0,0.0
DTXSID1048203,775,0.0,0.0
DTXSID1048207,775,0.0,0.0
DTXSID1048209,775,0.0,0.0
DTXSID1048259,775,0.0,0.0
DTXSID1048590,775,0.0,0.0
DTXSID1048592,775,2.0243682803955237e-17,0.0
DTXSID1048594,775,8.37713769657851e-09,0.0
DTXSID1048596,775,0.0,0.0
DTXSID1048598,775,0.0,0.0
DTXSID1048621,775,0.0,0.0
DTXSID1048623,775,4.78246647466077e-19,0.0
DTXSID1048625,775,0.0,0.0
DTXSID1048627,775,4.532930100693661e-21,0.0
DTXSID1048629,775,0.0,0.0
DTXSID1048671,775,0.0,0.0
DTXSID1048675,775,0.0,0.0
DTXSID1048677,775,0.0,0.0
DTXSID1048679,775,0.0,0.0
DTXSID1048700,775,0.0,0.0
DTXSID1048702,775,0.0,0.0
DTXSID1048704,775,0.0,0.0
DTXSID1048706,775,4.516463975227069e-22,0.0
DTXSID1048708,775,7.322942346796623e-05,0.0
DTXSID1048750,775,0.0,0.0
DTXSID1048752,775,0.0,0.0
DTXSID1048754,775,1.9647930684682214e-17,0.0
DTXSID1048756,775,0.0,0.0
DTXSID1048758,775,0.0,0.0
DTXSID1048831,775,0.0,0.0
DTXSID1048833,775,0.0,0.0
DTXSID1048835,775,0.0,0.0
DTXSID1048837,775,0.0,0.0
DTXSID1048839,775,2.418837299228285e-18,0.0
DTXSID1048881,775,0.0,0.0
DTXSID1048883,775,0.0,0.0
DTXSID1048885,775,4.710596571102089e-20,0.0
DTXSID1048887,775,2.2814798016669624e-05,0.0
DTXSID1048889,775,0.0,0.0
DTXSID1048910,775,0.0,0.0
DTXSID1048912,775,0.0,0.0
DTXSID1048914,775,0.0,0.0
DTXSID1048916,775,0.0,0.0
DTXSID1048918,775,0.0,0.0
DTXSID1048960,775,0.0,0.0
DTXSID1048962,775,0.0,0.0
DTXSID1048964,775,2.411476962884053e-19,0.0
DTXSID1048966,775,0.0,0.0
DTXSID1048968,775,0.0,0.0
DTXSID1049011,775,0.0,0.0
DTXSID1049013,775,0.0,0.0
DTXSID1049015,775,0.0,0.0
DTXSID1049017,775,0.0,0.0
DTXSID1049019,775,1.1187030105068966e-15,0.0
DTXSID1049061,775,0.0,0.0
DTXSID1049063,775,0.40981812710903476,0.0
DTXSID1049065,775,0.0,0.0
DTXSID1049067,775,0.00014671843643811397,0.0
DTXSID1049069,775,0.0,0.0
DTXSID1049221,775,0.07148780543091016,0.0
DTXSID1049223,775,4.442763069623668e-21,0.0
DTXSID1049225,775,0.0,0.0
DTXSID1049227,775,0.0,0.0
DTXSID1049229,775,0.0,0.0
DTXSID1049271,775,0.5385005281556748,0.0
DTXSID1049273,775,1.6246841159899242e-20,0.0
DTXSID1049275,775,0.0,0.0
DTXSID1049277,775,0.0,0.0
DTXSID1049279,775,0.0,0.0
DTXSID1049300,775,0.0,0.0
DTXSID1049302,775,0.0,0.0
DTXSID1049304,775,0.0,0.0
DTXSID1049306,775,0.0,0.0
DTXSID1049308,775,2.2352559588240074e-19,0.0
DTXSID1049350,775,0.0,0.0
DTXSID1049352,775,0.0,0.0
DTXSID1049354,775,0.0,0.0
DTXSID1049356,775,0.0,0.0
DTXSID1049358,775,0.0,0.0
DTXSID1049431,775,0.0,0.0
DTXSID1049433,775,0.0,0.0
DTXSID1049481,775,0.0,0.0
DTXSID1049483,775,0.0,0.0
DTXSID1049485,775,0.0,0.0
DTXSID1049487,775,3.3353603663054896e-22,0.0
DTXSID1049489,775,0.0,0.0
DTXSID1049510,775,0.0,0.0
DTXSID1049512,775,0.0,0.0
DTXSID1049514,775,0.0,0.0
DTXSID1049516,775,0.0,0.0
DTXSID1049518,775,0.0,0.0
DTXSID1049560,775,8.657259291121531e-17,0.0
DTXSID1049562,775,0.0,0.0
DTXSID2020006,775,1.545625672173206e-15,0.0
DTXSID2020054,775,0.0,0.0
DTXSID2020058,775,0.0,0.0
DTXSID2020131,775,0.0,0.0
DTXSID2020137,775,1.6965628410791738e-13,0.0
DTXSID2020139,775,0.11504893916622068,0.0
DTXSID2020181,775,0.0,0.0
DTXSID2020189,775,0.00022094385177389897,0.0
DTXSID2020210,775,0.0,0.0
DTXSID2020212,775,0.0,0.0
DTXSID2020216,775,0.0,0.0
DTXSID2020260,775,0.0,0.0
DTXSID2020262,775,1.3658723802009483e-16,0.0
DTXSID2020266,775,0.014494641841853277,0.0
DTXSID2020268,775,0.0,0.0
DTXSID2020341,775,0.0,0.0
DTXSID2020345,775,1.9656653593468964e-15,0.0
DTXSID2020347,775,0.034856307553204326,0.0
DTXSID2020349,775,3.904612448526629e-14,0.0
DTXSID2020391,775,0.0,0.0
DTXSID2020399,775,0.0,0.0
DTXSID2020420,775,2.72011573921615e-20,0.0
DTXSID2020424,775,0.0,0.0
DTXSID2020426,775,2.9943286063766935e-16,0.0
DTXSID2020428,775,1.1361239398124155e-21,0.0
DTXSID2020470,775,0.0,0.0
DTXSID2020474,775,0.0,0.0
DTXSID2020478,775,1.642651182428081e-08,0.0
DTXSID2020501,775,0.0,0.0
DTXSID2020505,775,4.895303080506658e-17,0.0
DTXSID2020507,775,0.0,0.0
DTXSID2020509,775,0.0,0.0
DTXSID2020557,775,1.182290193622263e-15,0.0
DTXSID2020634,775,0.0,0.0
DTXSID2020636,775,1.0357862124963901e-11,0.0
DTXSID2020680,775,0.0,0.0
DTXSID2020682,775,0.0,0.0
DTXSID2020684,775,0.0,0.0
DTXSID2020686,775,1.8163931783573723e-20,0.0
DTXSID2020688,775,0.0,0.0
DTXSID2020713,775,0.0,0.0
DTXSID2020717,775,0.0,0.0
DTXSID2020761,775,0.0,0.0
DTXSID2020767,775,0.0,0.0
DTXSID2020844,775,1.5165919100277098e-14,0.0
DTXSID2020846,775,0.0,0.0
DTXSID2020890,775,3.150939314089763e-21,0.0
DTXSID2020892,775,3.5361317802340054e-20,0.0
DTXSID2020894,775,0.556638573118458,0.0
DTXSID2020898,775,0.0,0.0
DTXSID2020921,775,0.0012874301937166807,0.0
DTXSID2020923,775,0.0,0.0
DTXSID2020927,775,0.0,0.0
DTXSID2020929,775,3.446825526444418e-18,0.0
DTXSID2020971,775,0.0,0.0
DTXSID2020977,775,0.0,0.0
DTXSID2021022,775,0.0,0.0
DTXSID2021026,775,0.0,0.0
DTXSID2021028,775,0.0,0.0
DTXSID2021070,775,0.1608659377389101,0.0
DTXSID2021103,775,0.0,0.0
DTXSID2021105,775,0.0,0.0
DTXSID2021151,775,0.0,0.0
DTXSID2021159,775,0.0,0.0
DTXSID2021232,775,0.0,0.0
DTXSID2021234,775,,
DTXSID2021236,775,0.0,0.0
DTXSID2021238,775,5.425452839080938e-19,0.0
DTXSID2021282,775,0.0,0.0
DTXSID2021284,775,1.007831248972271e-20,0.0
DTXSID2021286,775,0.0,0.0
DTXSID2021288,775,0.0,0.0
DTXSID2021311,775,0.0,0.0
DTXSID2021315,775,0.0,0.0
DTXSID2021317,775,2.064272621671194e-20,0.0
DTXSID2021319,775,0.0,0.0
DTXSID2021363,775,3.518811072081592e-17,0.0
DTXSID2021365,775,0.0,0.0
DTXSID2021367,775,0.0,0.0
DTXSID2021440,775,8.208703765280278e-11,0.0
DTXSID2021442,775,0.0,0.0
DTXSID2021446,775,0.0,0.0
DTXSID2021448,775,0.0,0.0
DTXSID2021492,775,0.0,0.0
DTXSID2021496,775,0.0,0.0
DTXSID2021498,775,9.653156973000251e-20,0.0
DTXSID2021575,775,0.0,0.0
DTXSID2021577,775,0.0,0.0
DTXSID2021600,775,0.0,0.0
DTXSID2021602,775,0.0,0.0
DTXSID2021604,775,0.0,0.0
DTXSID2021608,775,0.0,0.0
DTXSID2021650,775,1.041080021808501e-20,0.0
DTXSID2021652,775,0.0,0.0
DTXSID2021654,775,0.0,0.0
DTXSID2021656,775,0.0,0.0
DTXSID2021658,775,0.0,0.0
DTXSID2021731,775,0.0,0.0
DTXSID2021735,775,0.0,0.0
DTXSID2021739,775,0.0,0.0
DTXSID2021781,775,0.0,0.0
DTXSID2021789,775,0.0,0.0
DTXSID2021810,775,0.0,0.0
DTXSID2021816,775,0.0,0.0
DTXSID2021818,775,0.0,0.0
DTXSID2021860,775,0.0,0.0
DTXSID2021864,775,0.0,0.0
DTXSID2021866,775,0.0,0.0
DTXSID2021868,775,0.0,0.0
DTXSID2021941,775,0.0,0.0
DTXSID2021943,775,0.0,0.0
DTXSID2021947,775,5.206320154706154e-18,0.0
DTXSID2021949,775,2.1283494930944796e-20,0.0
DTXSID2021993,775,0.0,0.0
DTXSID2021995,775,4.14350367408825e-20,0.0
DTXSID2021997,775,0.0,0.0
DTXSID2022048,775,0.0,0.0
DTXSID2022090,775,0.0,0.0
DTXSID2022096,775,0.0,0.0
DTXSID2022121,775,1.069367789558226e-20,0.0
DTXSID2022123,775,0.0,0.0
DTXSID2022127,775,0.0,0.0
DTXSID2022171,775,4.28423829829276e-10,0.0
DTXSID2022179,775,1.5375517526943836e-18,0.0
DTXSID2022254,775,0.0,0.0
DTXSID2022256,775,0.0,0.0
DTXSID2022331,775,1.1127438522078473e-17,0.0
DTXSID2022381,775,1.3577682116026963e-19,0.0
DTXSID2022541,775,0.0,0.0
DTXSID2022543,775,1.5813523981073887e-17,0.0
DTXSID2022549,775,0.0,0.0
DTXSID2022593,775,0.0,0.0
DTXSID2022595,775,1.2780590958492427e-19,0.0
DTXSID2022624,775,0.0,0.0
DTXSID2022626,775,0.14400018589462604,0.0
DTXSID2022628,775,0.0,0.0
DTXSID2022672,775,0.0,0.0
DTXSID2022674,775,6.669955740013543e-12,0.0
DTXSID2022676,775,0.0,0.0
DTXSID2022678,775,7.227027920680764e-16,0.0
DTXSID2022707,775,6.395649643002967e-12,0.0
DTXSID2022751,775,2.9737707155801514e-08,0.0
DTXSID2022753,775,0.0,0.0
DTXSID2022880,775,0.0,0.0
DTXSID2022886,775,0.0,0.0
DTXSID2022888,775,0.0,0.0
DTXSID2022915,775,0.0,0.0
DTXSID2022967,775,0.0,0.0
DTXSID2023016,775,0.0,0.0
DTXSID2023064,775,0.0,0.0
DTXSID2023068,775,0.0,0.0
DTXSID2023143,775,3.8521181488139915e-07,0.0
DTXSID2023145,775,0.006489897293218803,0.0
DTXSID2023149,775,0.0,0.0
DTXSID2023193,775,0.0,0.0
DTXSID2023195,775,0.0,0.0
DTXSID2023197,775,0.0,0.0
DTXSID2023222,775,0.0,0.0
DTXSID2023224,775,0.0,0.0
DTXSID2023270,775,0.0,0.0
DTXSID2023276,775,1.9229971837062825e-13,0.0
DTXSID2023303,775,0.0,0.0
DTXSID2023307,775,0.028757120564077684,0.0
DTXSID2023353,775,0.0,0.0
DTXSID2023430,775,4.8421213873925185e-11,0.0
DTXSID2023434,775,0.0,0.0
DTXSID2023436,775,0.41497918866699735,0.0
DTXSID2023480,775,0.0,0.0
DTXSID2023488,775,5.386245188674832e-10,0.0
DTXSID2023519,775,0.0,0.0
DTXSID2023565,775,0.0,0.0
DTXSID2023567,775,0.0,0.0
DTXSID2023569,775,0.0,0.0
DTXSID2023640,775,0.0,0.0
DTXSID2023642,775,1.2318786294236649e-20,0.0
DTXSID2023644,775,7.748928041235182e-12,0.0
DTXSID2023690,775,0.0,0.0
DTXSID2023692,775,0.0,0.0
DTXSID2023721,775,0.0,0.0
DTXSID2023723,775,3.3745032492909202e-22,0.0
DTXSID2023725,775,0.0,0.0
DTXSID2023727,775,6.05069205333128e-16,0.0
DTXSID2023729,775,0.0,0.0
DTXSID2023771,775,0.0,0.0
DTXSID2023775,775,0.0,0.0
DTXSID2023937,775,0.0,0.0
DTXSID2024030,775,0.0,0.0
DTXSID2024038,775,0.0,0.0
DTXSID2024086,775,0.0,0.0
DTXSID2024113,775,0.0,0.0
DTXSID2024163,775,0.0,0.0
DTXSID2024242,775,0.0,0.0
DTXSID2024246,775,0.0,0.0
DTXSID2024452,775,0.4103725085501682,0.0
DTXSID2024454,775,0.02750551190326298,0.0
DTXSID2024458,775,0.7120454833023774,0.0
DTXSID2024585,775,0.0,0.0
DTXSID2024589,775,0.0,0.0
DTXSID2024616,775,0.000690517673589171,0.0
DTXSID2024660,775,0.0,0.0
DTXSID2024662,775,0.0,0.0
DTXSID2024664,775,0.0,0.0
DTXSID2024666,775,0.0,0.0
DTXSID2024747,775,0.0,0.0
DTXSID2024791,775,1.7613916472662082e-12,0.0
DTXSID2024793,775,0.0,0.0
DTXSID2024797,775,1.4159752575483518e-17,0.0
DTXSID2024799,775,0.0,0.0
DTXSID2024822,775,0.0,0.0
DTXSID2024824,775,0.0,0.0
DTXSID2024878,775,8.808954562237639e-21,0.0
DTXSID2024953,775,0.0,0.0
DTXSID2024955,775,1.8021775953614722e-18,0.0
DTXSID2025004,775,0.0,0.0
DTXSID2025006,775,0.0,0.0
DTXSID2025050,775,2.6430281555657523e-11,0.0
DTXSID2025058,775,0.0,0.0
DTXSID2025133,775,0.0,0.0
DTXSID2025135,775,0.0,0.0
DTXSID2025137,775,0.0,0.0
DTXSID2025139,775,0.0,0.0
DTXSID2025183,775,0.0,0.0
DTXSID2025185,775,1.572987078904024e-17,0.0
DTXSID2025216,775,0.0,0.0
DTXSID2025345,775,0.0,0.0
DTXSID2025347,775,2.085081017451858e-11,0.0
DTXSID2025391,775,4.785523787194746e-19,0.0
DTXSID2025395,775,5.4266894911151986e-18,0.0
DTXSID2025422,775,0.0,0.0
DTXSID2025424,775,7.651949592561117e-18,0.0
DTXSID2025474,775,0.0,0.0
DTXSID2025478,775,0.0,0.0
DTXSID2025501,775,0.0,0.0
DTXSID2025503,775,0.0,0.0
DTXSID2025505,775,0.0,0.0
DTXSID2025551,775,1.1214816637385775e-07,0.0
DTXSID2025557,775,1.3113528563210898e-18,0.0
DTXSID2025632,775,0.0,0.0
DTXSID2025634,775,0.0,0.0
DTXSID2025680,775,0.0,0.0
DTXSID2025688,775,5.6348766180036065e-19,0.0
DTXSID2025715,775,0.0,0.0
DTXSID2025761,775,0.0,0.0
DTXSID2025763,775,0.0,0.0
DTXSID2025765,775,0.0,0.0
DTXSID2025840,775,0.0,0.0
DTXSID2025842,775,0.0,0.0
DTXSID2025846,775,0.0,0.0
DTXSID2025892,775,9.686222975931984e-06,0.0
DTXSID2025896,775,0.0,0.0
DTXSID2025925,775,7.086347097934438e-21,0.0
DTXSID2025975,775,4.244007843808012e-17,0.0
DTXSID2025977,775,0.0,0.0
DTXSID2026022,775,0.0,0.0
DTXSID2026074,775,1.1023616510473327e-09,0.0
DTXSID2026076,775,9.885434559444465e-15,0.0
DTXSID2026101,775,0.0,0.0
DTXSID2026107,775,0.0,0.0
DTXSID2026151,775,0.0,0.0
DTXSID2026157,775,0.0,0.0
DTXSID2026232,775,0.0,0.0
DTXSID2026238,775,0.0,0.0
DTXSID2026444,775,0.0,0.0
DTXSID2026446,775,3.569028245712928e-18,0.0
DTXSID2026448,775,4.632741792690415e-14,0.0
DTXSID2026494,775,0.0,0.0
DTXSID2026496,775,2.308860739313674e-09,0.0
DTXSID2026523,775,0.0,0.0
DTXSID2026525,775,0.0,0.0
DTXSID2026527,775,0.0,0.0
DTXSID2026529,775,0.0,0.0
DTXSID2026573,775,1.5833478755988833e-19,0.0
DTXSID2026600,775,4.75373508002909e-20,0.0
DTXSID2026602,775,0.0,0.0
DTXSID2026606,775,0.0,0.0
DTXSID2026608,775,5.395655072930657e-22,0.0
DTXSID2026652,775,6.041432260977115e-21,0.0
DTXSID2026739,775,0.0,0.0
DTXSID2026781,775,0.0,0.0
DTXSID2026783,775,4.648613809519453e-20,0.0
DTXSID2026789,775,0.0,0.0
DTXSID2026864,775,1.8877210418944638e-16,0.0
DTXSID2026941,775,4.828209848445529e-17,0.0
DTXSID2026943,775,0.0,0.0
DTXSID2026991,775,0.0,0.0
DTXSID2026997,775,0.0,0.0
DTXSID2027044,775,8.157846828794669e-18,0.0
DTXSID2027048,775,0.0,0.0
DTXSID2027092,775,0.0,0.0
DTXSID2027094,775,0.0,0.0
DTXSID2027096,775,0.0,0.0
DTXSID2027098,775,0.0,0.0
DTXSID2027175,775,0.0,0.0
DTXSID2027200,775,0.0,0.0
DTXSID2027204,775,7.455881117550568e-22,0.0
DTXSID2027206,775,0.0,0.0
DTXSID2027254,775,0.04200827976820234,0.0
DTXSID2027258,775,0.0,0.0
DTXSID2027333,775,5.60891722147906e-20,0.0
DTXSID2027381,775,0.0,0.0
DTXSID2027412,775,0.0,0.0
DTXSID2027414,775,0.0,0.0
DTXSID2027416,775,0.0,0.0
DTXSID2027418,775,0.0,0.0
DTXSID2027462,775,0.0,0.0
DTXSID2027466,775,0.0,0.0
DTXSID2027543,775,0.0,0.0
DTXSID2027591,775,0.0,0.0
DTXSID2027593,775,4.101907631217879e-12,0.0
DTXSID2027595,775,0.0,0.0
DTXSID2027599,775,0.0,0.0
DTXSID2027620,775,3.0700133560306957e-21,0.0
DTXSID2027624,775,0.0,0.0
DTXSID2027759,775,0.0,0.0
DTXSID2027830,775,2.411198767855956e-22,0.0
DTXSID2027832,775,0.0,0.0
DTXSID2027834,775,0.0,0.0
DTXSID2027884,775,0.0,0.0
DTXSID2027886,775,0.0,0.0
DTXSID2027963,775,0.0,0.0
DTXSID2028010,775,3.289191763264837e-21,0.0
DTXSID2028016,775,9.86825015180567e-21,0.0
DTXSID2028723,775,0.0,0.0
DTXSID2028985,775,0.0,0.0
DTXSID2029117,775,0.0,0.0
DTXSID2029167,775,0.0,0.0
DTXSID2029169,775,0.0,0.0
DTXSID2029240,775,0.0,0.0
DTXSID2029242,775,0.0,0.0
DTXSID2029244,775,0.0,0.0
DTXSID2029246,775,0.0,0.0
DTXSID2029290,775,5.9324393358173335e-18,0.0
DTXSID2029298,775,0.0,0.0
DTXSID2029325,775,9.208271366347896e-23,0.0
DTXSID2029327,775,0.0,0.0
DTXSID2029329,775,0.0,0.0
DTXSID2029612,775,2.5482027067896165e-18,0.0
DTXSID2029616,775,0.0,0.0
DTXSID2029662,775,0.0,0.0
DTXSID2029668,775,1.097849041352394e-21,0.0
DTXSID2029874,775,0.0,0.0
DTXSID2030695,775,0.0,0.0
DTXSID2030857,775,1.520191934887082e-19,0.0
DTXSID2031089,775,0.5752586571220953,0.0
DTXSID2031532,775,0.0,0.0
DTXSID2031956,775,0.0,0.0
DTXSID2032005,775,0.0,0.0
DTXSID2032180,775,0.0,0.0
DTXSID2032344,775,0.0,0.0
DTXSID2032348,775,2.7556802793237896e-14,0.0
DTXSID2032390,775,0.0,0.0
DTXSID2032392,775,2.960354133076854e-19,0.0
DTXSID2032398,775,1.3451583458636133e-14,0.0
DTXSID2032421,775,0.0,0.0
DTXSID2032500,775,0.0,0.0
DTXSID2032550,775,0.0,0.0
DTXSID2032552,775,0.0,0.0
DTXSID2032554,775,1.8998163189641647e-22,0.0
DTXSID2032556,775,9.436475842423196e-20,0.0
DTXSID2032558,775,0.0,0.0
DTXSID2032631,775,0.0,0.0
DTXSID2032637,775,0.0,0.0
DTXSID2032639,775,0.0,0.0
DTXSID2032683,775,0.0,0.0
DTXSID2032891,775,0.0,0.0
DTXSID2033281,775,0.0,0.0
DTXSID2033314,775,1.0144303292491064e-18,0.0
DTXSID2033445,775,2.151557882325108e-18,0.0
DTXSID2033447,775,0.0,0.0
DTXSID2033493,775,6.234655466296045e-20,0.0
DTXSID2033736,775,0.0,0.0
DTXSID2033863,775,0.0,0.0
DTXSID2034091,775,0.0,0.0
DTXSID2034095,775,5.880746801526437e-12,0.0
DTXSID2034255,775,1.6087037989386766e-09,0.0
DTXSID2034338,775,0.0,0.0
DTXSID2034382,775,2.2030225414321445e-11,0.0
DTXSID2034465,775,0.0,0.0
DTXSID2034540,775,8.654325700091278e-09,0.0
DTXSID2034590,775,0.0,0.0
DTXSID2034598,775,0.0,0.0
DTXSID2034625,775,0.0,0.0
DTXSID2034627,775,0.0,0.0
DTXSID2034673,775,0.0,0.0
DTXSID2034700,775,0.0,0.0
DTXSID2034833,775,0.0,0.0
DTXSID2034881,775,8.305488620295714e-19,0.0
DTXSID2034885,775,6.3693914366378e-11,0.0
DTXSID2034962,775,0.0,0.0
DTXSID2034968,775,0.0,0.0
DTXSID2035013,775,7.827196119419642e-21,0.0
DTXSID2035481,775,0.0,0.0
DTXSID2036112,775,0.0,0.0
DTXSID2036299,775,0.0,0.0
DTXSID2036409,775,1.6806792301594785e-09,0.0
DTXSID2036588,775,7.590138875413396e-16,0.0
DTXSID2036827,775,0.0,0.0
DTXSID2037186,775,0.459577677270175,0.0
DTXSID2037508,775,0.0,0.0
DTXSID2037712,775,0.0,0.0
DTXSID2037714,775,0.0,0.0
DTXSID2038732,775,0.0,0.0
DTXSID2038788,775,0.0,0.0
DTXSID2038813,775,0.0,0.0
DTXSID2039336,775,0.0,0.0
DTXSID2040151,775,0.0,0.0
DTXSID2040234,775,0.0,0.0
DTXSID2040236,775,2.80350319421802e-22,0.0
DTXSID2040284,775,0.0,0.0
DTXSID2040361,775,3.0717985655228752e-19,0.0
DTXSID2040363,775,0.0,0.0
DTXSID2040525,775,0.336601545381475,0.0
DTXSID2040579,775,0.0,0.0
DTXSID2040608,775,3.418447452033722e-06,0.0
DTXSID2040652,775,0.0,0.0
DTXSID2040656,775,6.184733226757257e-08,0.0
DTXSID2040731,775,0.0,0.0
DTXSID2040735,775,0.0,0.0
DTXSID2040739,775,1.53436207287055e-19,0.0
DTXSID2040783,775,0.0,0.0
DTXSID2040787,775,0.0,0.0
DTXSID2040945,775,0.0,0.0
DTXSID2041046,775,0.0,0.0
DTXSID2041125,775,0.0,0.0
DTXSID2041200,775,0.0,0.0
DTXSID2041206,775,0.5017274568435134,0.0
DTXSID2041208,775,0.0,0.0
DTXSID2041250,775,0.0,0.0
DTXSID2041252,775,0.0,0.0
DTXSID2041256,775,2.588834240274965e-19,0.0
DTXSID2041389,775,0.0,0.0
DTXSID2041412,775,0.0,0.0
DTXSID2041416,775,0.0,0.0
DTXSID2041418,775,0.0,0.0
DTXSID2041460,775,0.0,0.0
DTXSID2041464,775,0.0,0.0
DTXSID2041468,775,0.0,0.0
DTXSID2041541,775,2.649564211380112e-21,0.0
DTXSID2041545,775,0.0,0.0
DTXSID2041547,775,7.605566556457206e-12,0.0
DTXSID2041622,775,0.0,0.0
DTXSID2041626,775,8.103625593761466e-15,0.0
DTXSID2041672,775,0.0,0.0
DTXSID2041703,775,0.0,0.0
DTXSID2041709,775,,
DTXSID2041759,775,1.4704748244166914e-19,0.0
DTXSID2041880,775,0.0,0.0
DTXSID2041884,775,0.0,0.0
DTXSID2041886,775,0.0,0.0
DTXSID2041913,775,0.0,0.0
DTXSID2041917,775,0.0,0.0
DTXSID2042014,775,5.8156787866906425e-21,0.0
DTXSID2042060,775,0.0,0.0
DTXSID2042062,775,0.0,0.0
DTXSID2042143,775,0.0,0.0
DTXSID2042145,775,2.746316143733289e-13,0.0
DTXSID2042149,775,0.0,0.0
DTXSID2042191,775,0.0,0.0
DTXSID2042195,775,0.0,0.0
DTXSID2042199,775,0.0,0.0
DTXSID2042220,775,0.0,0.0
DTXSID2042224,775,0.0,0.0
DTXSID2042276,775,6.084326017639165e-15,0.0
DTXSID2042436,775,0.0,0.0
DTXSID2043874,775,2.3326747908201345e-08,0.0
DTXSID2043909,775,0.2434240844750196,0.0
DTXSID2044000,775,0.0,0.0
DTXSID2044002,775,4.225784170421694e-18,0.0
DTXSID2044131,775,0.0,0.0
DTXSID2044137,775,0.029610035926719968,0.0
DTXSID2044210,775,0.0,0.0
DTXSID2044214,775,0.0,0.0
DTXSID2044218,775,0.0,0.0
DTXSID2044266,775,0.0,0.0
DTXSID2044268,775,1.319157831723428e-13,0.0
DTXSID2044347,775,0.0,0.0
DTXSID2044391,775,0.0,0.0
DTXSID2044393,775,0.0,0.0
DTXSID2044395,775,0.0,0.0
DTXSID2044397,775,0.0,0.0
DTXSID2044399,775,0.0,0.0
DTXSID2044420,775,0.0,0.0
DTXSID2044424,775,0.0,0.0
DTXSID2044428,775,0.0,0.0
DTXSID2044470,775,0.0,0.0
DTXSID2044472,775,0.0,0.0
DTXSID2044474,775,0.0,0.0
DTXSID2044503,775,1.4758124240038379e-15,0.0
DTXSID2044507,775,0.0,0.0
DTXSID2044509,775,0.0,0.0
DTXSID2044553,775,0.0,0.0
DTXSID2044559,775,0.0,0.0
DTXSID2044632,775,0.0,0.0
DTXSID2044638,775,1.2633483561557488e-21,0.0
DTXSID2044680,775,0.0,0.0
DTXSID2044682,775,0.0,0.0
DTXSID2044684,775,0.0,0.0
DTXSID2044686,775,0.0,0.0
DTXSID2044713,775,0.0,0.0
DTXSID2044715,775,0.0,0.0
DTXSID2044719,775,1.3653182273543614e-22,0.0
DTXSID2044763,775,0.0,0.0
DTXSID2044765,775,0.0,0.0
DTXSID2044767,775,0.0,0.0
DTXSID2044769,775,4.8463933998027885e-21,0.0
DTXSID2044840,775,0.0,0.0
DTXSID2044842,775,0.0,0.0
DTXSID2044844,775,0.0,0.0
DTXSID2044846,775,0.0,0.0
DTXSID2044848,775,0.0,0.0
DTXSID2044890,775,0.0,0.0
DTXSID2044892,775,0.0,0.0
DTXSID2044894,775,0.0,0.0
DTXSID2044896,775,0.0,0.0
DTXSID2044898,775,0.0,0.0
DTXSID2044921,775,0.0,0.0
DTXSID2044923,775,1.4471109830584806e-15,0.0
DTXSID2044925,775,0.0,0.0
DTXSID2044927,775,0.0,0.0
DTXSID2044929,775,0.0,0.0
DTXSID2044971,775,0.0,0.0
DTXSID2044973,775,0.0,0.0
DTXSID2044975,775,0.0,0.0
DTXSID2044979,775,0.0,0.0
DTXSID2045072,775,0.0,0.0
DTXSID2045076,775,0.029443041818847618,0.0
DTXSID2045078,775,0.0,0.0
DTXSID2045101,775,4.127277244437764e-12,0.0
DTXSID2045103,775,0.0,0.0
DTXSID2045105,775,0.0,0.0
DTXSID2045107,775,0.0,0.0
DTXSID2045109,775,2.5635965018243777e-19,0.0
DTXSID2045151,775,0.0,0.0
DTXSID2045153,775,0.0,0.0
DTXSID2045157,775,0.0,0.0
DTXSID2045232,775,0.0,0.0
DTXSID2045236,775,4.528279137271444e-15,0.0
DTXSID2045238,775,0.0,0.0
DTXSID2045280,775,0.0,0.0
DTXSID2045315,775,0.0,0.0
DTXSID2045361,775,0.0,0.0
DTXSID2045365,775,0.0,0.0
DTXSID2045367,775,0.0,0.0
DTXSID2045440,775,1.3929687930015308e-11,0.0
DTXSID2045442,775,0.0,0.0
DTXSID2045444,775,4.253328566745465e-16,0.0
DTXSID2045448,775,0.0,0.0
DTXSID2045490,775,0.0,0.0
DTXSID2045492,775,4.683627324715084e-13,0.0
DTXSID2045494,775,0.0,0.0
DTXSID2045496,775,0.0,0.0
DTXSID2045498,775,7.375049782088144e-20,0.0
DTXSID2045521,775,0.0,0.0
DTXSID2045523,775,0.0,0.0
DTXSID2045527,775,0.0,0.0
DTXSID2045529,775,0.0,0.0
DTXSID2045571,775,0.0,0.0
DTXSID2045573,775,1.3555337087675054e-18,0.0
DTXSID2045575,775,3.214755078078436e-10,0.0
DTXSID2045579,775,2.7972386362245545e-21,0.0
DTXSID2045600,775,7.980700802318071e-16,0.0
DTXSID2045602,775,0.0,0.0
DTXSID2045604,775,0.0,0.0
DTXSID2045606,775,1.5314676090210416e-08,0.0
DTXSID2045608,775,0.0016257221977878634,0.0
DTXSID2045650,775,0.0,0.0
DTXSID2045652,775,0.0,0.0
DTXSID2045654,775,0.0,0.0
DTXSID2045656,775,0.0,0.0
DTXSID2045658,775,0.0,0.0
DTXSID2045735,775,0.0,0.0
DTXSID2045781,775,2.4527252972340583e-17,0.0
DTXSID2045783,775,1.3460685007919634e-17,0.0
DTXSID2045785,775,0.0,0.0
DTXSID2045787,775,0.0,0.0
DTXSID2045789,775,0.0,0.0
DTXSID2045810,775,0.0,0.0
DTXSID2045812,775,2.2128093942220837e-18,0.0
DTXSID2045814,775,0.0,0.0
DTXSID2045860,775,0.0,0.0
DTXSID2045862,775,0.0,0.0
DTXSID2045864,775,4.123961149352314e-15,0.0
DTXSID2045868,775,0.0,0.0
DTXSID2045941,775,2.962463189180381e-16,0.0
DTXSID2045943,775,1.5245415133857289e-18,0.0
DTXSID2045945,775,9.944093051719953e-12,0.0
DTXSID2045993,775,0.0,0.0
DTXSID2046042,775,0.0,0.0
DTXSID2046090,775,0.0,0.0
DTXSID2046092,775,0.0,0.0
DTXSID2046094,775,0.0,0.0
DTXSID2046096,775,0.0,0.0
DTXSID2046121,775,0.0,0.0
DTXSID2046123,775,0.0,0.0
DTXSID2046127,775,0.0,0.0
DTXSID2046171,775,0.0,0.0
DTXSID2046173,775,0.0,0.0
DTXSID2046175,775,0.0,0.0
DTXSID2046177,775,1.1872554004977432e-20,0.0
DTXSID2046179,775,0.0,0.0
DTXSID2046200,775,0.0,0.0
DTXSID2046202,775,0.0,0.0
DTXSID2046206,775,0.0,0.0
DTXSID2046208,775,2.2528749376278722e-11,0.0
DTXSID2046250,775,0.0,0.0
DTXSID2046252,775,0.0,0.0
DTXSID2046254,775,1.4768830430682827e-06,0.0
DTXSID2046256,775,0.0,0.0
DTXSID2046258,775,0.0,0.0
DTXSID2046383,775,0.0,0.0
DTXSID2046385,775,0.0,0.0
DTXSID2046389,775,0.0,0.0
DTXSID2046410,775,0.0,0.0
DTXSID2046412,775,0.0,0.0
DTXSID2046414,775,0.0,0.0
DTXSID2046418,775,0.0,0.0
DTXSID2046460,775,0.0,0.0
DTXSID2046462,775,0.0,0.0
DTXSID2046464,775,3.1181492180173423e-10,0.0
DTXSID2046468,775,0.0,0.0
DTXSID2046541,775,0.0,0.0
DTXSID2046543,775,0.0,0.0
DTXSID2046545,775,0.0,0.0
DTXSID2046549,775,1.1532348656450215e-10,0.0
DTXSID2046591,775,0.0,0.0
DTXSID2046593,775,1.7792087994573948e-07,0.0
DTXSID2046597,775,7.697029804105045e-22,0.0
DTXSID2046599,775,0.0,0.0
DTXSID2046624,775,0.0,0.0
DTXSID2046626,775,1.3388362253382716e-05,0.0
DTXSID2046628,775,0.0,0.0
DTXSID2046670,775,0.0,0.0
DTXSID2046674,775,0.0,0.0
DTXSID2046678,775,0.17971364786813465,0.0
DTXSID2046701,775,0.0,0.0
DTXSID2046703,775,0.0,0.0
DTXSID2046705,775,0.0,0.0
DTXSID2046707,775,0.0,0.0
DTXSID2046709,775,0.0,0.0
DTXSID2046751,775,0.0,0.0
DTXSID2046755,775,0.0,0.0
DTXSID2046757,775,0.0,0.0
DTXSID2046759,775,0.0,0.0
DTXSID2046830,775,0.0,0.0
DTXSID2046832,775,0.0,0.0
DTXSID2046834,775,0.0,0.0
DTXSID2046836,775,0.0,0.0
DTXSID2046880,775,0.3939228279375052,0.0
DTXSID2046882,775,0.0,0.0
DTXSID2046886,775,0.0,0.0
DTXSID2046888,775,0.0,0.0
DTXSID2046911,775,0.0,0.0
DTXSID2046913,775,2.503365866875421e-16,0.0
DTXSID2046915,775,2.874038934796248e-08,0.0
DTXSID2046919,775,2.841939902075555e-22,0.0
DTXSID2047060,775,0.0,0.0
DTXSID2047062,775,8.044761707048964e-20,0.0
DTXSID2047064,775,0.0,0.0
DTXSID2047066,775,0.0,0.0
DTXSID2047068,775,0.0,0.0
DTXSID2047141,775,4.78458852168858e-20,0.0
DTXSID2047145,775,0.0,0.0
DTXSID2047149,775,1.880704974136012e-10,0.0
DTXSID2047191,775,4.135045529608864e-21,0.0
DTXSID2047193,775,1.542487729981202e-19,0.0
DTXSID2047195,775,0.0,0.0
DTXSID2047197,775,0.0,0.0
DTXSID2047199,775,3.0157463505458085e-19,0.0
DTXSID2047270,775,0.0,0.0
DTXSID2047272,775,0.0,0.0
DTXSID2047274,775,0.0,0.0
DTXSID2047276,775,0.0,0.0
DTXSID2047278,775,0.0,0.0
DTXSID2047301,775,0.0,0.0
DTXSID2047303,775,2.255826475358423e-14,0.0
DTXSID2047305,775,0.0,0.0
DTXSID2047307,775,4.013868094687482e-08,0.0
DTXSID2047309,775,3.4884218629788566e-20,0.0
DTXSID2047351,775,0.0,0.0
DTXSID2047353,775,0.0,0.0
DTXSID2047355,775,0.0,0.0
DTXSID2047357,775,4.564445034580621e-14,0.0
DTXSID2047359,775,0.0,0.0
DTXSID2047434,775,0.0,0.0
DTXSID2047436,775,0.0,0.0
DTXSID2047484,775,0.0,0.0
DTXSID2047486,775,2.1541762361480826e-21,0.0
DTXSID2047511,775,0.0,0.0
DTXSID2047517,775,0.0,0.0
DTXSID2047519,775,0.0,0.0
DTXSID2047565,775,0.0,0.0
DTXSID2047567,775,1.4014087457076915e-14,0.0
DTXSID2047569,775,0.0,0.0
DTXSID2047642,775,0.0,0.0
DTXSID2047644,775,3.954650437511586e-20,0.0
DTXSID2047646,775,0.0,0.0
DTXSID2047648,775,0.0,0.0
DTXSID2047694,775,0.0,0.0
DTXSID2047696,775,0.0,0.0
DTXSID2047721,775,0.0,0.0
DTXSID2047723,775,1.692600117848223e-20,0.0
DTXSID2047725,775,0.0,0.0
DTXSID2047773,775,0.0,0.0
DTXSID2047775,775,6.74855571074504e-20,0.0
DTXSID2047777,775,0.0,0.0
DTXSID2047779,775,0.0,0.0
DTXSID2047800,775,2.7494195351859775e-12,0.0
DTXSID2047802,775,0.0,0.0
DTXSID2047804,775,0.0,0.0
DTXSID2047806,775,1.8767868199756896e-18,0.0
DTXSID2047850,775,0.0,0.0
DTXSID2047852,775,0.0,0.0
DTXSID2047856,775,7.450496590067428e-10,0.0
DTXSID2047858,775,0.0,0.0
DTXSID2047931,775,0.0,0.0
DTXSID2047933,775,0.0,0.0
DTXSID2047935,775,0.0,0.0
DTXSID2047937,775,0.0,0.0
DTXSID2047939,775,0.0,0.0
DTXSID2048161,775,0.0,0.0
DTXSID2048167,775,0.0,0.0
DTXSID2048169,775,2.517795784884159e-11,0.0
DTXSID2048379,775,0.0,0.0
DTXSID2048581,775,2.7153350236731297e-14,0.0
DTXSID2048583,775,0.0,0.0
DTXSID2048585,775,0.0,0.0
DTXSID2048587,775,3.361418928713203e-17,0.0
DTXSID2048589,775,0.0,0.0
DTXSID2048610,775,0.0,0.0
DTXSID2048612,775,0.0,0.0
DTXSID2048614,775,3.83008217331254e-20,0.0
DTXSID2048616,775,0.0,0.0
DTXSID2048618,775,0.0,0.0
DTXSID2048660,775,0.0,0.0
DTXSID2048662,775,1.552958362223547e-17,0.0
DTXSID2048664,775,0.0,0.0
DTXSID2048666,775,0.0,0.0
DTXSID2048668,775,0.0,0.0
DTXSID2048741,775,0.0,0.0
DTXSID2048743,775,3.156699980778045e-15,0.0
DTXSID2048745,775,0.0,0.0
DTXSID2048747,775,0.0,0.0
DTXSID2048749,775,0.21834594035889182,0.0
DTXSID2048791,775,0.0,0.0
DTXSID2048793,775,0.0,0.0
DTXSID2048795,775,7.124118847280296e-19,0.0
DTXSID2048797,775,0.0,0.0
DTXSID2048799,775,0.0,0.0
DTXSID2048820,775,0.0,0.0
DTXSID2048822,775,0.0,0.0
DTXSID2048824,775,0.0,0.0
DTXSID2048826,775,0.0,0.0
DTXSID2048828,775,0.0,0.0
DTXSID2048870,775,5.113440491281616e-22,0.0
DTXSID2048872,775,0.0,0.0
DTXSID2048874,775,0.0,0.0
DTXSID2048876,775,0.0,0.0
DTXSID2048878,775,0.0,0.0
DTXSID2048901,775,0.0,0.0
DTXSID2048903,775,0.0,0.0
DTXSID2048905,775,0.0,0.0
DTXSID2048907,775,0.0,0.0
DTXSID2048909,775,0.0,0.0
DTXSID2048953,775,0.0,0.0
DTXSID2048955,775,0.0,0.0
DTXSID2048957,775,7.587374067813152e-10,0.0
DTXSID2048959,775,0.0,0.0
DTXSID2049000,775,0.0,0.0
DTXSID2049002,775,0.0,0.0
DTXSID2049004,775,0.0,0.0
DTXSID2049006,775,0.0,0.0
DTXSID2049008,775,0.0,0.0
DTXSID2049050,775,0.0,0.0
DTXSID2049052,775,0.0,0.0
DTXSID2049054,775,0.0,0.0
DTXSID2049056,775,3.7297815778331693e-19,0.0
DTXSID2049058,775,0.0,0.0
DTXSID2049135,775,0.0,0.0
DTXSID2049210,775,0.0,0.0
DTXSID2049212,775,0.0,0.0
DTXSID2049214,775,0.0,0.0
DTXSID2049216,775,0.0,0.0
DTXSID2049218,775,0.0,0.0
DTXSID2049260,775,0.3060402892969821,0.0
DTXSID2049262,775,0.009102929260478027,0.0
DTXSID2049264,775,0.0,0.0
DTXSID2049266,775,7.304909743608146e-22,0.0
DTXSID2049268,775,0.0,0.0
DTXSID2049341,775,0.0,0.0
DTXSID2049343,775,2.478417873777014e-17,0.0
DTXSID2049345,775,0.0,0.0
DTXSID2049347,775,0.0,0.0
DTXSID2049349,775,0.0,0.0
DTXSID2049391,775,0.0,0.0
DTXSID2049393,775,0.0,0.0
DTXSID2049395,775,0.0,0.0
DTXSID2049397,775,0.0,0.0
DTXSID2049399,775,0.0,0.0
DTXSID2049420,775,1.1106314097361312e-15,0.0
DTXSID2049422,775,0.0,0.0
DTXSID2049424,775,0.0,0.0
DTXSID2049426,775,0.0,0.0
DTXSID2049428,775,0.0,0.0
DTXSID2049470,775,8.646014420644276e-20,0.0
DTXSID2049472,775,0.0,0.0
DTXSID2049474,775,0.0,0.0
DTXSID2049476,775,0.0,0.0
DTXSID2049478,775,0.0,0.0
DTXSID2049501,775,0.0,0.0
DTXSID2049503,775,0.0,0.0
DTXSID2049505,775,0.0,0.0
DTXSID2049507,775,0.0,0.0
DTXSID2049509,775,4.27466787910368e-14,0.0
DTXSID2049551,775,0.0,0.0
DTXSID2049553,775,0.0,0.0
DTXSID2049555,775,0.0,0.0
DTXSID2049557,775,1.228576749498678e-13,0.0
DTXSID2049559,775,0.0,0.0
DTXSID3020043,775,1.741923190124321e-17,0.0
DTXSID3020047,775,1.1665790518619445e-18,0.0
DTXSID3020091,775,0.0,0.0
DTXSID3020093,775,3.632707979036961e-19,0.0
DTXSID3020095,775,0.0,0.0
DTXSID3020097,775,0.0,0.0
DTXSID3020099,775,0.0,0.0
DTXSID3020120,775,1.915336331596754e-13,0.0
DTXSID3020122,775,0.0,0.0
DTXSID3020128,775,0.0,0.0
DTXSID3020205,775,0.0,0.0
DTXSID3020207,775,0.0,0.0
DTXSID3020209,775,4.41248915833921e-19,0.0
DTXSID3020253,775,0.0,0.0
DTXSID3020257,775,0.0,0.0
DTXSID3020330,775,0.0,0.0
DTXSID3020332,775,0.02337687156889636,0.0
DTXSID3020336,775,0.0,0.0
DTXSID3020380,775,1.093504232566844e-21,0.0
DTXSID3020384,775,0.0,0.0
DTXSID3020413,775,0.0,0.0
DTXSID3020415,775,0.0,0.0
DTXSID3020419,775,8.302929626765396e-20,0.0
DTXSID3020463,775,0.0,0.0
DTXSID3020465,775,0.0,0.0
DTXSID3020469,775,0.0,0.0
DTXSID3020540,775,0.0,0.0
DTXSID3020546,775,0.0,0.0
DTXSID3020548,775,0.0,0.0
DTXSID3020596,775,2.3631951529098273e-20,0.0
DTXSID3020598,775,0.0,0.0
DTXSID3020621,775,6.07079927591355e-19,0.0
DTXSID3020625,775,0.0,0.0
DTXSID3020627,775,2.297658616509005e-18,0.0
DTXSID3020629,775,0.0,0.0
DTXSID3020671,775,1.3314380834352919e-09,0.0
DTXSID3020673,775,0.0,0.0
DTXSID3020679,775,0.0,0.0
DTXSID3020700,775,0.0,0.0
DTXSID3020704,775,5.161752440595151e-12,0.0
DTXSID3020706,775,0.0,0.0
DTXSID3020708,775,2.310384458098781e-07,0.0
DTXSID3020750,775,0.0,0.0
DTXSID3020752,775,0.0,0.0
DTXSID3020756,775,6.928785617279384e-17,0.0
DTXSID3020833,775,0.0,0.0
DTXSID3020835,775,0.0,0.0
DTXSID3020887,775,0.0,0.0
DTXSID3020889,775,0.0,0.0
DTXSID3020910,775,0.0,0.0
DTXSID3020912,775,8.476122858738288e-17,0.0
DTXSID3020914,775,0.0,0.0
DTXSID3020916,775,0.0,0.0
DTXSID3020918,775,0.49802520093260244,0.0
DTXSID3020960,775,0.0,0.0
DTXSID3020962,775,0.0,0.0
DTXSID3020964,775,0.0,0.0
DTXSID3020966,775,0.0,0.0
DTXSID3021065,775,0.0,0.0
DTXSID3021069,775,1.7882537963238156e-16,0.0
DTXSID3021140,775,9.998848099392982e-13,0.0
DTXSID3021142,775,1.5050880332944478e-20,0.0
DTXSID3021144,775,2.0471759242630747e-07,0.0
DTXSID3021148,775,0.0,0.0
DTXSID3021190,775,0.0,0.0
DTXSID3021192,775,1.7610439311734379e-09,0.0
DTXSID3021196,775,0.0,0.0
DTXSID3021198,775,9.992511511642066e-17,0.0
DTXSID3021221,775,4.839045687618355e-21,0.0
DTXSID3021223,775,0.0,0.0
DTXSID3021275,775,8.357289255131284e-06,0.0
DTXSID3021277,775,0.0,0.0
DTXSID3021304,775,0.0,0.0
DTXSID3021354,775,5.369057682678131e-18,0.0
DTXSID3021356,775,0.0,0.0
DTXSID3021358,775,8.671746081037512e-17,0.0
DTXSID3021431,775,0.0,0.0
DTXSID3021437,775,1.3021128181386172e-20,0.0
DTXSID3021483,775,0.20110068119108532,0.0
DTXSID3021485,775,0.0,0.0
DTXSID3021487,775,0.0,0.0
DTXSID3021516,775,0.0,0.0
DTXSID3021518,775,6.354648737745291e-19,0.0
DTXSID3021562,775,0.0,0.0
DTXSID3021641,775,0.0,0.0
DTXSID3021643,775,0.0,0.0
DTXSID3021645,775,0.0,0.0
DTXSID3021647,775,0.0,0.0
DTXSID3021726,775,0.0,0.0
DTXSID3021770,775,0.0,0.0
DTXSID3021772,775,0.0,0.0
DTXSID3021774,775,0.0,0.0
DTXSID3021778,775,0.0,0.0
DTXSID3021801,775,0.0,0.0
DTXSID3021803,775,0.0,0.0
DTXSID3021805,775,1.0864278906221123e-06,0.0
DTXSID3021807,775,0.0,0.0
DTXSID3021851,775,0.0,0.0
DTXSID3021853,775,9.17051966707079e-16,0.0
DTXSID3021930,775,0.0,0.0
DTXSID3021932,775,2.9236440420455905e-15,0.0
DTXSID3021936,775,0.0,0.0
DTXSID3021938,775,1.882895595850474e-21,0.0
DTXSID3021980,775,0.0,0.0
DTXSID3021982,775,0.0,0.0
DTXSID3021984,775,0.0,0.0
DTXSID3021986,775,7.079337804742629e-13,0.0
DTXSID3021988,775,0.0,0.0
DTXSID3022035,775,0.0,0.0
DTXSID3022089,775,0.0,0.0
DTXSID3022160,775,,
DTXSID3022162,775,8.400957537579976e-21,0.0
DTXSID3022164,775,0.0,0.0
DTXSID3022247,775,0.0,0.0
DTXSID3022320,775,0.0,0.0
DTXSID3022326,775,0.0,0.0
DTXSID3022370,775,0.0,0.0
DTXSID3022401,775,0.0,0.0
DTXSID3022403,775,0.0,0.0
DTXSID3022405,775,0.0,0.0
DTXSID3022409,775,3.5614242143310044e-13,0.0
DTXSID3022455,775,0.0,0.0
DTXSID3022536,775,0.0008434941626559942,0.0
DTXSID3022582,775,0.0,0.0
DTXSID3022584,775,1.823347230310495e-18,0.0
DTXSID3022586,775,0.0,0.0
DTXSID3022588,775,0.6047971812133851,0.0
DTXSID3022611,775,0.0,0.0
DTXSID3022617,775,0.0,0.0
DTXSID3022663,775,0.0,0.0
DTXSID3022667,775,0.0,0.0
DTXSID3022742,775,0.0,0.0
DTXSID3022748,775,0.3643626982953415,0.0
DTXSID3022796,775,7.601157101593869e-21,0.0
DTXSID3022798,775,0.0,0.0
DTXSID3022821,775,4.401439676098562e-19,0.0
DTXSID3022825,775,4.0053193697824035e-11,0.0
DTXSID3022829,775,0.0,0.0
DTXSID3022871,775,0.0,0.0
DTXSID3022873,775,0.0,0.0
DTXSID3022875,775,0.0,0.0
DTXSID3022877,775,0.0,0.0
DTXSID3022902,775,5.207615352608225e-10,0.0
DTXSID3022904,775,7.099075728621202e-17,0.0
DTXSID3022906,775,0.0,0.0
DTXSID3022950,775,0.0,0.0
DTXSID3022956,775,0.0,0.0
DTXSID3022958,775,2.3455829221905165e-13,0.0
DTXSID3023001,775,0.0,0.0
DTXSID3023005,775,0.0,0.0
DTXSID3023007,775,0.0,0.0
DTXSID3023051,775,0.0,0.0
DTXSID3023057,775,0.0,0.0
DTXSID3023059,775,0.0,0.0
DTXSID3023132,775,0.0,0.0
DTXSID3023180,775,0.0,0.0
DTXSID3023188,775,0.0,0.0
DTXSID3023219,775,1.730911679247903e-18,0.0
DTXSID3023261,775,0.0,0.0
DTXSID3023265,775,1.8428709862261542e-06,0.0
DTXSID3023269,775,0.0,0.0
DTXSID3023340,775,0.0,0.0
DTXSID3023342,775,0.0,0.0
DTXSID3023398,775,0.0,0.0
DTXSID3023425,775,0.0,0.0
DTXSID3023427,775,0.0,0.0
DTXSID3023471,775,0.0,0.0
DTXSID3023479,775,0.0,0.0
DTXSID3023502,775,0.0,0.0
DTXSID3023508,775,0.0,0.0
DTXSID3023550,775,9.495347539681582e-17,0.0
DTXSID3023552,775,0.0,0.0
DTXSID3023554,775,0.3572954595206276,0.0
DTXSID3023556,775,1.6389300518851844e-16,0.0
DTXSID3023681,775,0.0,0.0
DTXSID3023685,775,0.0,0.0
DTXSID3023687,775,0.0,0.0
DTXSID3023712,775,0.0,0.0
DTXSID3023716,775,0.3764953041976324,0.0
DTXSID3023718,775,0.0,0.0
DTXSID3023764,775,1.1324055743149646e-06,0.0
DTXSID3023845,775,5.351768478732523e-20,0.0
DTXSID3023897,775,0.0,0.0
DTXSID3023899,775,0.0,0.0
DTXSID3023974,775,0.0,0.0
DTXSID3024077,775,0.0,0.0
DTXSID3024100,775,0.0,0.0
DTXSID3024102,775,0.0,0.0
DTXSID3024104,775,0.33419189207340216,0.0
DTXSID3024108,775,5.923188781416862e-14,0.0
DTXSID3024152,775,0.0,0.0
DTXSID3024154,775,0.0,0.0
DTXSID3024235,775,0.0,0.0
DTXSID3024239,775,0.0,0.0
DTXSID3024287,775,0.0,0.0
DTXSID3024289,775,0.0,0.0
DTXSID3024316,775,1.962238268695377e-17,0.0
DTXSID3024318,775,0.0,0.0
DTXSID3024362,775,0.0,0.0
DTXSID3024364,775,6.470553338152212e-21,0.0
DTXSID3024366,775,0.0,0.0
DTXSID3024368,775,1.3522825828476954e-22,0.0
DTXSID3024441,775,0.0,0.0
DTXSID3024447,775,0.0,0.0
DTXSID3024449,775,0.0,0.0
DTXSID3024491,775,0.0,0.0
DTXSID3024497,775,1.2349754284039534e-10,0.0
DTXSID3024499,775,0.0,0.0
DTXSID3024522,775,0.0,0.0
DTXSID3024528,775,4.888283924028862e-11,0.0
DTXSID3024574,775,0.0,0.0
DTXSID3024603,775,0.0,0.0
DTXSID3024657,775,0.0,0.0
DTXSID3024659,775,0.0,0.0
DTXSID3024736,775,2.5759284363902062e-21,0.0
DTXSID3024738,775,0.0,0.0
DTXSID3024786,775,0.0010025720917514888,0.0
DTXSID3024815,775,0.0,0.0
DTXSID3024861,775,0.0,0.0
DTXSID3024869,775,0.0,0.0
DTXSID3024940,775,0.0,0.0
DTXSID3024942,775,0.0,0.0
DTXSID3024944,775,0.0,0.0
DTXSID3024994,775,0.0,0.0
DTXSID3024998,775,0.0,0.0
DTXSID3025041,775,0.0,0.0
DTXSID3025045,775,0.0,0.0
DTXSID3025047,775,0.0,0.0
DTXSID3025049,775,0.0,0.0
DTXSID3025091,775,0.0,0.0
DTXSID3025093,775,0.0,0.0
DTXSID3025122,775,0.0,0.0
DTXSID3025178,775,0.0,0.0
DTXSID3025203,775,0.0,0.0
DTXSID3025209,775,1.901995292137403e-21,0.0
DTXSID3025253,775,0.5491767228391441,0.0
DTXSID3025257,775,0.0,0.0
DTXSID3025330,775,0.0,0.0
DTXSID3025332,775,0.0,0.0
DTXSID3025338,775,0.0,0.0
DTXSID3025461,775,0.0,0.0
DTXSID3025465,775,0.0,0.0
DTXSID3025469,775,1.3102361174621625e-18,0.0
DTXSID3025540,775,1.1146249596682395e-11,0.0
DTXSID3025542,775,8.788458210210675e-22,0.0
DTXSID3025548,775,0.0,0.0
DTXSID3025590,775,0.0,0.0
DTXSID3025629,775,0.0,0.0
DTXSID3025671,775,0.0,0.0
DTXSID3025706,775,0.0,0.0
DTXSID3025758,775,0.0,0.0
DTXSID3025839,775,0.0,0.0
DTXSID3025881,775,0.0,0.0
DTXSID3025889,775,0.0,0.0
DTXSID3026065,775,0.002078864025029852,0.0
DTXSID3026067,775,1.3745174439183263e-11,0.0
DTXSID3026148,775,0.0,0.0
DTXSID3026190,775,0.0,0.0
DTXSID3026223,775,0.0,0.0
DTXSID3026275,775,2.365956591072764e-19,0.0
DTXSID3026279,775,2.6991826158955712e-21,0.0
DTXSID3026302,775,4.43691839199106e-22,0.0
DTXSID3026304,775,0.0,0.0
DTXSID3026306,775,0.0,0.0
DTXSID3026308,775,3.5159979879335723e-17,0.0
DTXSID3026512,775,0.0,0.0
DTXSID3026514,775,0.0,0.0
DTXSID3026516,775,0.0,0.0
DTXSID3026560,775,2.589056781842698e-13,0.0
DTXSID3026562,775,6.301506163943201e-20,0.0
DTXSID3026564,775,0.0,0.0
DTXSID3026566,775,0.0,0.0
DTXSID3026641,775,2.0214677316720315e-17,0.0
DTXSID3026645,775,0.0,0.0
DTXSID3026647,775,0.0,0.0
DTXSID3026691,775,8.089148883615205e-16,0.0
DTXSID3026697,775,0.0,0.0
DTXSID3026724,775,0.0,0.0
DTXSID3026726,775,0.0,0.0
DTXSID3026728,775,0.0,0.0
DTXSID3026851,775,2.319558710863509e-13,0.0
DTXSID3026932,775,0.0,0.0
DTXSID3026984,775,0.0,0.0
DTXSID3027037,775,0.0,0.0
DTXSID3027039,775,0.0,0.0
DTXSID3027085,775,0.0,0.0
DTXSID3027116,775,0.0,0.0
DTXSID3027241,775,0.0,0.0
DTXSID3027247,775,0.0,0.0
DTXSID3027249,775,0.0,0.0
DTXSID3027291,775,1.0279715111787535e-21,0.0
DTXSID3027293,775,0.0,0.0
DTXSID3027295,775,0.0,0.0
DTXSID3027297,775,0.0,0.0
DTXSID3027320,775,0.0,0.0
DTXSID3027322,775,0.0,0.0
DTXSID3027328,775,0.0,0.0
DTXSID3027370,775,0.0,0.0
DTXSID3027401,775,0.0,0.0
DTXSID3027403,775,0.0,0.0
DTXSID3027405,775,0.0,0.0
DTXSID3027407,775,0.0,0.0
DTXSID3027530,775,0.0,0.0
DTXSID3027534,775,0.0,0.0
DTXSID3027536,775,0.0,0.0
DTXSID3027580,775,0.0,0.0
DTXSID3027584,775,0.0,0.0
DTXSID3027586,775,0.0,0.0
DTXSID3027588,775,4.909897100397626e-20,0.0
DTXSID3027615,775,0.0,0.0
DTXSID3027617,775,0.2537025310878651,0.0
DTXSID3027740,775,0.0,0.0
DTXSID3027790,775,0.0,0.0
DTXSID3027792,775,0.0,0.0
DTXSID3027798,775,0.0,0.0
DTXSID3027823,775,1.6477779097911556e-20,0.0
DTXSID3027829,775,0.0,0.0
DTXSID3027875,775,2.3503739489762198e-20,0.0
DTXSID3027877,775,0.0,0.0
DTXSID3027902,775,1.5183784368849825e-12,0.0
DTXSID3027950,775,7.481612420017815e-21,0.0
DTXSID3028001,775,0.0,0.0
DTXSID3028005,775,0.0,0.0
DTXSID3029108,775,6.562052192821304e-22,0.0
DTXSID3029150,775,0.0,0.0
DTXSID3029152,775,5.8332821385041896e-21,0.0
DTXSID3029154,775,0.0,0.0
DTXSID3029158,775,0.0,0.0
DTXSID3029231,775,0.0,0.0
DTXSID3029233,775,0.0,0.0
DTXSID3029235,775,0.0,0.0
DTXSID3029237,775,0.0,0.0
DTXSID3029281,775,0.0,0.0
DTXSID3029283,775,0.0,0.0
DTXSID3029287,775,0.0,0.0
DTXSID3029289,775,1.1148729902065739e-09,0.0
DTXSID3029310,775,0.0,0.0
DTXSID3029312,775,0.0,0.0
DTXSID3029362,775,0.0,0.0
DTXSID3029364,775,1.618234171398773e-13,0.0
DTXSID3029572,775,0.0,0.0
DTXSID3029607,775,0.0,0.0
DTXSID3029651,775,0.0,0.0
DTXSID3029653,775,0.0,0.0
DTXSID3029655,775,0.0,0.0
DTXSID3029815,775,0.0,0.0
DTXSID3029869,775,8.174831290734092e-19,0.0
DTXSID3030056,775,0.0,0.0
DTXSID3030189,775,0.0,0.0
DTXSID3030428,775,4.178384473375929e-10,0.0
DTXSID3030636,775,6.460200997769867e-13,0.0
DTXSID3031444,775,0.0,0.0
DTXSID3031492,775,5.4044516670336915e-12,0.0
DTXSID3031521,775,0.0,0.0
DTXSID3031860,775,0.0,0.0
DTXSID3031862,775,2.2273799102947506e-21,0.0
DTXSID3031864,775,0.0,0.0
DTXSID3032129,775,0.0,0.0
DTXSID3032337,775,0.0,0.0
DTXSID3032389,775,2.257944309913796e-17,0.0
DTXSID3032412,775,0.0,0.0
DTXSID3032416,775,0.0,0.0
DTXSID3032464,775,0.0,0.0
DTXSID3032547,775,0.0,0.0
DTXSID3032549,775,0.0,0.0
DTXSID3032591,775,0.0,0.0
DTXSID3032620,775,0.0,0.0
DTXSID3032622,775,7.749192997854628e-16,0.0
DTXSID3032624,775,0.0,0.0
DTXSID3032628,775,0.0,0.0
DTXSID3032751,775,0.9622694489760584,1.0
DTXSID3032759,775,3.128299785369322e-20,0.0
DTXSID3032832,775,1.0127233281607124e-14,0.0
DTXSID3033276,775,0.0,0.0
DTXSID3033307,775,2.1541558699428626e-15,0.0
DTXSID3033511,775,0.0,0.0
DTXSID3033519,775,1.1300957025204719e-15,0.0
DTXSID3033983,775,0.0,0.0
DTXSID3033989,775,0.0,0.0
DTXSID3034113,775,0.0,0.0
DTXSID3034165,775,0.0,0.0
DTXSID3034402,775,0.0,0.0
DTXSID3034456,775,2.449242616399778e-18,0.0
DTXSID3034531,775,0.0,0.0
DTXSID3034583,775,0.0,0.0
DTXSID3034612,775,0.0,0.0
DTXSID3034614,775,0.0,0.0
DTXSID3034618,775,0.0,0.0
DTXSID3034662,775,0.0,0.0
DTXSID3034664,775,0.0,0.0
DTXSID3034872,775,0.0,0.0
DTXSID3034903,775,0.0,0.0
DTXSID3034957,775,0.0,0.0
DTXSID3035214,775,0.0,0.0
DTXSID3035266,775,0.0,0.0
DTXSID3035341,775,0.0,0.0
DTXSID3036105,775,0.0,0.0
DTXSID3036286,775,0.0,0.0
DTXSID3036288,775,0.0,0.0
DTXSID3036496,775,0.0,0.0
DTXSID3036999,775,0.0,0.0
DTXSID3037044,775,0.3523034431065716,0.0
DTXSID3037094,775,0.0,0.0
DTXSID3037208,775,0.0,0.0
DTXSID3037250,775,0.0,0.0
DTXSID3037541,775,0.0,0.0
DTXSID3037545,775,0.0,0.0
DTXSID3037626,775,0.0,0.0
DTXSID3037672,775,0.0,0.0
DTXSID3037707,775,0.0,0.0
DTXSID3037709,775,0.0,0.0
DTXSID3037757,775,0.0,0.0
DTXSID3038694,775,0.0,0.0
DTXSID3038696,775,0.0,0.0
DTXSID3038725,775,0.0,0.0
DTXSID3038800,775,0.0,0.0
DTXSID3038808,775,6.629361437671732e-15,0.0
DTXSID3038852,775,0.0,0.0
DTXSID3038939,775,0.0,0.0
DTXSID3039240,775,0.0,0.0
DTXSID3039242,775,0.0,0.0
DTXSID3040271,775,0.0,0.0
DTXSID3040279,775,0.0,0.0
DTXSID3040352,775,0.0,0.0
DTXSID3040643,775,0.23987537131654008,0.0
DTXSID3040647,775,0.0,0.0
DTXSID3040691,775,5.515672531384599e-13,0.0
DTXSID3040693,775,0.0,0.0
DTXSID3040697,775,0.0,0.0
DTXSID3040699,775,0.0,0.0
DTXSID3040720,775,5.0884605717062075e-05,0.0
DTXSID3040722,775,0.0,0.0
DTXSID3040724,775,0.0,0.0
DTXSID3040726,775,0.0,0.0
DTXSID3040728,775,0.0,0.0
DTXSID3040770,775,0.0,0.0
DTXSID3040774,775,0.0,0.0
DTXSID3040776,775,0.43651774988000325,0.0
DTXSID3040980,775,0.0,0.0
DTXSID3041085,775,0.0,0.0
DTXSID3041247,775,0.0,0.0
DTXSID3041293,775,0.0,0.0
DTXSID3041299,775,0.0,0.0
DTXSID3041328,775,0.0,0.0
DTXSID3041370,775,0.0,0.0
DTXSID3041372,775,0.0,0.0
DTXSID3041376,775,0.0,0.0
DTXSID3041403,775,2.1617093238291143e-17,0.0
DTXSID3041405,775,2.1481044116728015e-14,0.0
DTXSID3041409,775,0.0,0.0
DTXSID3041451,775,0.0,0.0
DTXSID3041530,775,0.0,0.0
DTXSID3041580,775,0.0,0.0
DTXSID3041611,775,2.228086204499898e-12,0.0
DTXSID3041613,775,0.0,0.0
DTXSID3041615,775,0.0,0.0
DTXSID3041617,775,0.0,0.0
DTXSID3041619,775,0.0,0.0
DTXSID3041661,775,0.0,0.0
DTXSID3041663,775,0.0,0.0
DTXSID3041665,775,0.0,0.0
DTXSID3041790,775,2.655921259213535e-12,0.0
DTXSID3041794,775,0.0,0.0
DTXSID3041827,775,3.8159823270402646e-17,0.0
DTXSID3041873,775,0.0,0.0
DTXSID3041877,775,0.0,0.0
DTXSID3041954,775,0.0,0.0
DTXSID3042007,775,0.0,0.0
DTXSID3042051,775,0.0,0.0
DTXSID3042053,775,5.2930122509059286e-14,0.0
DTXSID3042059,775,0.0,0.0
DTXSID3042130,775,0.0,0.0
DTXSID3042180,775,0.0,0.0
DTXSID3042188,775,0.0,0.0
DTXSID3042215,775,0.0,0.0
DTXSID3042219,775,0.0,0.0
DTXSID3042261,775,0.0,0.0
DTXSID3042263,775,0.0,0.0
DTXSID3042269,775,0.0,0.0
DTXSID3042390,775,0.0,0.0
DTXSID3042394,775,0.0,0.0
DTXSID3042423,775,2.3841720536348043e-16,0.0
DTXSID3042477,775,0.0,0.0
DTXSID3042500,775,0.0,0.0
DTXSID3042508,775,0.0,0.0
DTXSID3042631,775,0.0,0.0
DTXSID3042633,775,7.988846348127128e-12,0.0
DTXSID3042681,775,2.5706500827832512e-18,0.0
DTXSID3043734,775,0.0,0.0
DTXSID3043782,775,0.0,0.0
DTXSID3044124,775,0.0,0.0
DTXSID3044201,775,0.0,0.0
DTXSID3044203,775,0.0,0.0
DTXSID3044205,775,1.1668140069562788e-06,0.0
DTXSID3044251,775,1.2468776509209091e-18,0.0
DTXSID3044332,775,0.0,0.0
DTXSID3044334,775,0.0,0.0
DTXSID3044380,775,0.0,0.0
DTXSID3044382,775,0.0,0.0
DTXSID3044384,775,0.0,0.0
DTXSID3044388,775,0.0,0.0
DTXSID3044411,775,0.0,0.0
DTXSID3044413,775,0.0,0.0
DTXSID3044463,775,0.0,0.0
DTXSID3044465,775,0.4656028095073728,0.0
DTXSID3044469,775,0.0,0.0
DTXSID3044542,775,0.0,0.0
DTXSID3044544,775,1.3579040005415443e-14,0.0
DTXSID3044590,775,0.0,0.0
DTXSID3044598,775,0.0,0.0
DTXSID3044621,775,0.0,0.0
DTXSID3044623,775,0.0,0.0
DTXSID3044625,775,1.6666713235825044e-14,0.0
DTXSID3044627,775,0.0,0.0
DTXSID3044629,775,1.8595339809402243e-19,0.0
DTXSID3044679,775,4.697730410446725e-16,0.0
DTXSID3044702,775,0.0,0.0
DTXSID3044704,775,0.0,0.0
DTXSID3044706,775,0.0,0.0
DTXSID3044750,775,0.0,0.0
DTXSID3044752,775,0.0,0.0
DTXSID3044754,775,0.0,0.0
DTXSID3044756,775,0.0,0.0
DTXSID3044758,775,6.777260302213544e-13,0.0
DTXSID3044831,775,1.3490668768731513e-16,0.0
DTXSID3044833,775,8.952615203370493e-19,0.0
DTXSID3044835,775,0.0,0.0
DTXSID3044837,775,3.1762366746871724e-21,0.0
DTXSID3044839,775,0.0,0.0
DTXSID3044881,775,0.0,0.0
DTXSID3044883,775,0.0,0.0
DTXSID3044887,775,0.0,0.0
DTXSID3044910,775,9.442568274987947e-16,0.0
DTXSID3044914,775,0.0,0.0
DTXSID3044916,775,0.0,0.0
DTXSID3044918,775,1.8043875464186643e-21,0.0
DTXSID3044960,775,0.0,0.0
DTXSID3044962,775,0.0,0.0
DTXSID3044966,775,3.3288244299908474e-11,0.0
DTXSID3045140,775,0.0,0.0
DTXSID3045144,775,0.0,0.0
DTXSID3045190,775,0.0,0.0
DTXSID3045192,775,0.0,0.0
DTXSID3045194,775,0.0,0.0
DTXSID3045196,775,9.117514556757839e-18,0.0
DTXSID3045198,775,0.0,0.0
DTXSID3045221,775,0.0,0.0
DTXSID3045223,775,0.0,0.0
DTXSID3045225,775,0.0,0.0
DTXSID3045227,775,0.0,0.0
DTXSID3045229,775,4.753650595547935e-19,0.0
DTXSID3045271,775,0.0,0.0
DTXSID3045300,775,0.0,0.0
DTXSID3045304,775,0.0,0.0
DTXSID3045306,775,0.0,0.0
DTXSID3045350,775,1.8368143968897634e-09,0.0
DTXSID3045352,775,9.997106437295207e-11,0.0
DTXSID3045354,775,3.8944216245440474e-13,0.0
DTXSID3045356,775,0.0,0.0
DTXSID3045433,775,0.0,0.0
DTXSID3045435,775,0.0,0.0
DTXSID3045437,775,3.6303035100852337e-17,0.0
DTXSID3045439,775,0.0,0.0
DTXSID3045485,775,0.0,0.0
DTXSID3045514,775,4.3910315580461347e-16,0.0
DTXSID3045560,775,0.0,0.0
DTXSID3045562,775,0.0,0.0
DTXSID3045566,775,6.982328502396047e-18,0.0
DTXSID3045568,775,0.0,0.0
DTXSID3045645,775,1.9916076579111335e-07,0.0
DTXSID3045647,775,0.0,0.0
DTXSID3045649,775,0.0,0.0
DTXSID3045691,775,0.0,0.0
DTXSID3045693,775,0.0,0.0
DTXSID3045695,775,0.0,0.0
DTXSID3045697,775,0.0,0.0
DTXSID3045699,775,1.8156353940076046e-05,0.0
DTXSID3045770,775,0.0,0.0
DTXSID3045772,775,0.0,0.0
DTXSID3045774,775,0.0,0.0
DTXSID3045776,775,0.0,0.0
DTXSID3045778,775,0.0,0.0
DTXSID3045803,775,0.0,0.0
DTXSID3045805,775,1.1205872928978518e-05,0.0
DTXSID3045807,775,0.004615012680610918,0.0
DTXSID3045809,775,0.03968778443671975,0.0
DTXSID3045851,775,2.406193561707378e-15,0.0
DTXSID3045855,775,0.0,0.0
DTXSID3045857,775,0.0,0.0
DTXSID3045859,775,0.0,0.0
DTXSID3045930,775,0.0,0.0
DTXSID3045934,775,0.0,0.0
DTXSID3045938,775,1.349371851492759e-19,0.0
DTXSID3045980,775,1.6152428799029047e-10,0.0
DTXSID3045984,775,0.0,0.0
DTXSID3045988,775,0.0,0.0
DTXSID3046081,775,0.0,0.0
DTXSID3046083,775,0.0,0.0
DTXSID3046085,775,0.010078016348805473,0.0
DTXSID3046110,775,0.0,0.0
DTXSID3046112,775,0.9608042813679706,1.0
DTXSID3046114,775,6.508732604289457e-10,0.0
DTXSID3046116,775,4.550330039315418e-22,0.0
DTXSID3046118,775,2.1113931836345802e-16,0.0
DTXSID3046160,775,3.5629827236667563e-12,0.0
DTXSID3046162,775,1.8320615458854908e-16,0.0
DTXSID3046164,775,0.0,0.0
DTXSID3046166,775,0.0,0.0
DTXSID3046168,775,0.0,0.0
DTXSID3046241,775,1.0405250944131845e-20,0.0
DTXSID3046243,775,0.0,0.0
DTXSID3046245,775,0.0,0.0
DTXSID3046247,775,0.0,0.0
DTXSID3046249,775,0.07362199123099464,0.0
DTXSID3046291,775,0.0,0.0
DTXSID3046295,775,0.0,0.0
DTXSID3046297,775,0.0,0.0
DTXSID3046299,775,0.0,0.0
DTXSID3046320,775,0.5295778178810318,0.0
DTXSID3046322,775,0.11886529383620387,0.0
DTXSID3046324,775,0.0,0.0
DTXSID3046326,775,0.0,0.0
DTXSID3046401,775,0.0,0.0
DTXSID3046403,775,0.0,0.0
DTXSID3046405,775,0.0,0.0
DTXSID3046407,775,0.0,0.0
DTXSID3046409,775,0.0,0.0
DTXSID3046451,775,0.0,0.0
DTXSID3046453,775,0.0,0.0
DTXSID3046455,775,2.8675256318501264e-05,0.0
DTXSID3046457,775,0.0,0.0
DTXSID3046459,775,0.0,0.0
DTXSID3046530,775,0.0,0.0
DTXSID3046532,775,1.3314842358735557e-20,0.0
DTXSID3046534,775,0.0,0.0
DTXSID3046536,775,0.0,0.0
DTXSID3046538,775,0.0,0.0
DTXSID3046580,775,0.0,0.0
DTXSID3046584,775,0.0,0.0
DTXSID3046586,775,1.2598282436199034e-06,0.0
DTXSID3046588,775,0.0,0.0
DTXSID3046613,775,0.0,0.0
DTXSID3046615,775,3.341896813348543e-20,0.0
DTXSID3046617,775,0.0,0.0
DTXSID3046619,775,0.0,0.0
DTXSID3046663,775,0.0,0.0
DTXSID3046665,775,0.0,0.0
DTXSID3046740,775,2.0334605404235686e-18,0.0
DTXSID3046742,775,0.0,0.0
DTXSID3046744,775,0.0,0.0
DTXSID3046748,775,0.0,0.0
DTXSID3046790,775,0.0,0.0
DTXSID3046792,775,0.0,0.0
DTXSID3046796,775,0.0,0.0
DTXSID3046798,775,0.0,0.0
DTXSID3046821,775,0.0,0.0
DTXSID3046823,775,0.0,0.0
DTXSID3046825,775,0.0,0.0
DTXSID3046827,775,0.0,0.0
DTXSID3046829,775,0.0,0.0
DTXSID3046871,775,1.6870694728467337e-20,0.0
DTXSID3046875,775,0.0,0.0
DTXSID3046879,775,1.2769234387648416e-19,0.0
DTXSID3046902,775,0.0,0.0
DTXSID3046904,775,0.0,0.0
DTXSID3046906,775,0.0,0.0
DTXSID3046908,775,1.393675696022238e-10,0.0
DTXSID3047001,775,0.0,0.0
DTXSID3047003,775,2.6217188412033697e-19,0.0
DTXSID3047051,775,0.0,0.0
DTXSID3047053,775,0.0,0.0
DTXSID3047055,775,0.0,0.0
DTXSID3047057,775,0.0,0.0
DTXSID3047059,775,0.0,0.0
DTXSID3047130,775,0.0,0.0
DTXSID3047132,775,0.0,0.0
DTXSID3047134,775,0.0,0.0
DTXSID3047136,775,0.0,0.0
DTXSID3047138,775,0.0,0.0
DTXSID3047180,775,0.0,0.0
DTXSID3047182,775,0.0,0.0
DTXSID3047184,775,0.0,0.0
DTXSID3047186,775,0.0,0.0
DTXSID3047188,775,0.0,0.0
DTXSID3047261,775,0.0,0.0
DTXSID3047263,775,1.1035120832256943e-15,0.0
DTXSID3047265,775,0.0,0.0
DTXSID3047267,775,0.0,0.0
DTXSID3047342,775,0.0,0.0
DTXSID3047344,775,0.0,0.0
DTXSID3047346,775,5.090137134673735e-10,0.0
DTXSID3047348,775,0.0,0.0
DTXSID3047394,775,0.0,0.0
DTXSID3047423,775,0.0,0.0
DTXSID3047425,775,6.9260950976561835e-18,0.0
DTXSID3047427,775,0.0,0.0
DTXSID3047429,775,0.0,0.0
DTXSID3047473,775,0.0,0.0
DTXSID3047477,775,0.0,0.0
DTXSID3047504,775,0.0,0.0
DTXSID3047508,775,0.0,0.0
DTXSID3047552,775,0.0,0.0
DTXSID3047554,775,2.3400439322903475e-21,0.0
DTXSID3047556,775,0.0,0.0
DTXSID3047558,775,6.568711695826695e-05,0.0
DTXSID3047631,775,0.0,0.0
DTXSID3047633,775,0.0,0.0
DTXSID3047637,775,0.0,0.0
DTXSID3047639,775,0.0,0.0
DTXSID3047681,775,8.747500397364377e-20,0.0
DTXSID3047683,775,6.577335092332497e-20,0.0
DTXSID3047687,775,2.0568278502391695e-10,0.0
DTXSID3047712,775,1.9014264486844876e-13,0.0
DTXSID3047716,775,0.0,0.0
DTXSID3047843,775,2.4931586595726963e-17,0.0
DTXSID3047845,775,2.154985061073195e-21,0.0
DTXSID3047847,775,0.0,0.0
DTXSID3047849,775,0.0,0.0
DTXSID3047891,775,0.0,0.0
DTXSID3047893,775,0.0,0.0
DTXSID3047895,775,0.0,0.0
DTXSID3047897,775,0.0,0.0
DTXSID3047899,775,0.0,0.0
DTXSID3047920,775,0.0,0.0
DTXSID3047922,775,0.0,0.0
DTXSID3047924,775,5.281736512273723e-15,0.0
DTXSID3047926,775,0.0,0.0
DTXSID3047928,775,0.0,0.0
DTXSID3047970,775,0.0,0.0
DTXSID3047972,775,8.250444231304011e-21,0.0
DTXSID3047974,775,0.49161392774640555,0.0
DTXSID3048310,775,0.0,0.0
DTXSID3048449,775,0.0,0.0
DTXSID3048520,775,0.0,0.0
DTXSID3048522,775,4.804109938614419e-09,0.0
DTXSID3048574,775,0.0,0.0
DTXSID3048576,775,9.839539762312539e-21,0.0
DTXSID3048578,775,0.3388831485741618,0.0
DTXSID3048601,775,0.0,0.0
DTXSID3048603,775,0.0,0.0
DTXSID3048605,775,0.0,0.0
DTXSID3048607,775,9.695791405655692e-21,0.0
DTXSID3048609,775,0.0,0.0
DTXSID3048653,775,7.640412538748269e-16,0.0
DTXSID3048655,775,0.0,0.0
DTXSID3048657,775,0.0,0.0
DTXSID3048659,775,2.938135502423254e-17,0.0
DTXSID3048730,775,0.0,0.0
DTXSID3048732,775,0.0,0.0
DTXSID3048734,775,0.0,0.0
DTXSID3048736,775,0.0,0.0
DTXSID3048738,775,2.511080515068824e-19,0.0
DTXSID3048780,775,2.872084910770879e-11,0.0
DTXSID3048782,775,0.0,0.0
DTXSID3048784,775,3.294579012666491e-14,0.0
DTXSID3048786,775,1.8181345169110863e-15,0.0
DTXSID3048788,775,0.0,0.0
DTXSID3048811,775,0.0,0.0
DTXSID3048813,775,0.0,0.0
DTXSID3048815,775,0.0,0.0
DTXSID3048817,775,0.004024390661427798,0.0
DTXSID3048819,775,0.0,0.0
DTXSID3048861,775,0.0,0.0
DTXSID3048863,775,0.03287453032337658,0.0
DTXSID3048865,775,0.0,0.0
DTXSID3048867,775,0.0,0.0
DTXSID3048869,775,0.0,0.0
DTXSID3048940,775,0.0,0.0
DTXSID3048942,775,0.0,0.0
DTXSID3048944,775,0.0,0.0
DTXSID3048946,775,0.0,0.0
DTXSID3048948,775,0.017449749896474607,0.0
DTXSID3048990,775,6.013226863651563e-10,0.0
DTXSID3048992,775,0.0,0.0
DTXSID3048996,775,1.4655337935828544e-11,0.0
DTXSID3048998,775,0.010397818170522797,0.0
DTXSID3049041,775,0.0,0.0
DTXSID3049043,775,0.0,0.0
DTXSID3049045,775,0.0,0.0
DTXSID3049047,775,0.0,0.0
DTXSID3049049,775,0.0,0.0
DTXSID3049201,775,1.0852438270982259e-20,0.0
DTXSID3049203,775,0.0,0.0
DTXSID3049205,775,0.0,0.0
DTXSID3049207,775,4.349734822354085e-22,0.0
DTXSID3049209,775,0.6239151970287814,0.0
DTXSID3049251,775,0.0,0.0
DTXSID3049253,775,2.925494118396025e-19,0.0
DTXSID3049255,775,0.0,0.0
DTXSID3049257,775,0.0,0.0
DTXSID3049259,775,0.0,0.0
DTXSID3049330,775,0.0,0.0
DTXSID3049332,775,0.0,0.0
DTXSID3049334,775,0.0,0.0
DTXSID3049336,775,0.0,0.0
DTXSID3049338,775,5.707747151509766e-13,0.0
DTXSID3049380,775,0.0,0.0
DTXSID3049382,775,0.0,0.0
DTXSID3049384,775,0.0,0.0
DTXSID3049386,775,0.0,0.0
DTXSID3049388,775,0.0,0.0
DTXSID3049411,775,1.0421012684421309e-17,0.0
DTXSID3049413,775,1.9085504771337227e-11,0.0
DTXSID3049415,775,0.0,0.0
DTXSID3049417,775,0.0,0.0
DTXSID3049419,775,0.0,0.0
DTXSID3049461,775,0.0,0.0
DTXSID3049463,775,0.0,0.0
DTXSID3049465,775,1.9614435332050014e-22,0.0
DTXSID3049467,775,0.0,0.0
DTXSID3049469,775,0.0,0.0
DTXSID3049540,775,8.189480479902107e-22,0.0
DTXSID3049542,775,0.0,0.0
DTXSID3049544,775,0.0,0.0
DTXSID3049546,775,0.0,0.0
DTXSID3049548,775,0.0,0.0
DTXSID4020032,775,0.0,0.0
DTXSID4020038,775,0.0,0.0
DTXSID4020086,775,0.0,0.0
DTXSID4020088,775,0.0,0.0
DTXSID4020113,775,0.0,0.0
DTXSID4020115,775,0.0,0.0
DTXSID4020117,775,0.0,0.0
DTXSID4020119,775,0.0,0.0
DTXSID4020161,775,0.0,0.0
DTXSID4020167,775,5.183340007258949e-06,0.0
DTXSID4020240,775,2.1872475583015938e-17,0.0
DTXSID4020242,775,8.035437965388298e-23,0.0
DTXSID4020244,775,0.0,0.0
DTXSID4020246,775,0.0,0.0
DTXSID4020248,775,9.476266310371854e-17,0.0
DTXSID4020290,775,4.946681908369249e-21,0.0
DTXSID4020292,775,1.2594419390129144e-17,0.0
DTXSID4020294,775,0.0012172149025731136,0.0
DTXSID4020296,775,8.669381235788348e-05,0.0
DTXSID4020298,775,0.0,0.0
DTXSID4020321,775,0.0,0.0
DTXSID4020325,775,0.0,0.0
DTXSID4020327,775,0.0,0.0
DTXSID4020329,775,0.0,0.0
DTXSID4020371,775,4.3298471259488686e-20,0.0
DTXSID4020373,775,6.4536875502536714e-15,0.0
DTXSID4020375,775,6.419420917965141e-20,0.0
DTXSID4020379,775,1.9734227642764784e-10,0.0
DTXSID4020400,775,0.0,0.0
DTXSID4020402,775,0.14965921940155802,0.0
DTXSID4020406,775,0.0,0.0
DTXSID4020450,775,0.0,0.0
DTXSID4020452,775,0.0,0.0
DTXSID4020458,775,0.0,0.0
DTXSID4020533,775,0.0,0.0
DTXSID4020535,775,2.170163559133294e-19,0.0
DTXSID4020537,775,7.863225677680173e-22,0.0
DTXSID4020539,775,5.220082522073443e-22,0.0
DTXSID4020581,775,0.0,0.0
DTXSID4020583,775,0.0,0.0
DTXSID4020587,775,8.796111264249108e-14,0.0
DTXSID4020589,775,2.5541343206656004e-20,0.0
DTXSID4020612,775,0.0,0.0
DTXSID4020614,775,1.0818390630249163e-08,0.0
DTXSID4020616,775,5.813627438433839e-17,0.0
DTXSID4020618,775,6.356654931528194e-22,0.0
DTXSID4020664,775,0.0,0.0
DTXSID4020666,775,0.0,0.0
DTXSID4020668,775,0.0,0.0
DTXSID4020743,775,0.0,0.0
DTXSID4020745,775,1.0040736665169249e-16,0.0
DTXSID4020749,775,0.0,0.0
DTXSID4020791,775,0.0,0.0
DTXSID4020820,775,6.689737860015758e-07,0.0
DTXSID4020822,775,0.4237010188936727,0.0
DTXSID4020826,775,0.0,0.0
DTXSID4020828,775,0.0,0.0
DTXSID4020870,775,0.0,0.0
DTXSID4020876,775,0.0,0.0
DTXSID4020878,775,2.1414116466551648e-20,0.0
DTXSID4020901,775,0.0,0.0
DTXSID4020957,775,0.0,0.0
DTXSID4020959,775,0.0,0.0
DTXSID4021002,775,0.0,0.0
DTXSID4021006,775,1.3323028628173035e-12,0.0
DTXSID4021056,775,1.69543382178546e-21,0.0
DTXSID4021131,775,7.632377822675153e-07,0.0
DTXSID4021133,775,0.0,0.0
DTXSID4021135,775,0.0,0.0
DTXSID4021137,775,4.303052867769107e-11,0.0
DTXSID4021139,775,0.0002699760584551614,0.0
DTXSID4021181,775,1.4181197029433845e-17,0.0
DTXSID4021185,775,0.0,0.0
DTXSID4021189,775,0.0,0.0
DTXSID4021212,775,0.0,0.0
DTXSID4021214,775,0.0,0.0
DTXSID4021216,775,2.2719191290222556e-21,0.0
DTXSID4021218,775,0.11051409908966607,0.0
DTXSID4021260,775,1.3556956206936097e-18,0.0
DTXSID4021264,775,3.1414662413913665e-19,0.0
DTXSID4021268,775,0.0,0.0
DTXSID4021341,775,0.0,0.0
DTXSID4021343,775,0.0,0.0
DTXSID4021347,775,2.027325539096051e-17,0.0
DTXSID4021391,775,1.910650047046938e-20,0.0
DTXSID4021393,775,5.643300889075558e-13,0.0
DTXSID4021395,775,0.0,0.0
DTXSID4021397,775,0.0,0.0
DTXSID4021424,775,0.0,0.0
DTXSID4021426,775,0.0,0.0
DTXSID4021472,775,0.0,0.0
DTXSID4021478,775,0.0,0.0
DTXSID4021503,775,0.0,0.0
DTXSID4021553,775,0.0,0.0
DTXSID4021557,775,0.0,0.0
DTXSID4021559,775,0.0,0.0
DTXSID4021632,775,0.0,0.0
DTXSID4021634,775,0.0,0.0
DTXSID4021636,775,1.7319287054896984e-13,0.0
DTXSID4021638,775,2.9548274741052324e-21,0.0
DTXSID4021680,775,0.0,0.0
DTXSID4021684,775,0.0,0.0
DTXSID4021688,775,0.0,0.0
DTXSID4021715,775,1.6121309931368374e-20,0.0
DTXSID4021717,775,1.5345869249970643e-18,0.0
DTXSID4021761,775,0.0,0.0
DTXSID4021767,775,0.0,0.0
DTXSID4021769,775,1.160340550398202e-14,0.0
DTXSID4021842,775,0.0,0.0
DTXSID4021848,775,0.0,0.0
DTXSID4021890,775,0.0,0.0
DTXSID4021892,775,0.00015233179081457308,0.0
DTXSID4021894,775,0.0,0.0
DTXSID4021921,775,0.0,0.0
DTXSID4021923,775,0.0,0.0
DTXSID4021925,775,0.0,0.0
DTXSID4021929,775,2.372771340061464e-20,0.0
DTXSID4021971,775,0.0,0.0
DTXSID4021975,775,0.0,0.0
DTXSID4021977,775,0.0,0.0
DTXSID4021979,775,0.0,0.0
DTXSID4022020,775,0.0,0.0
DTXSID4022070,775,0.0,0.0
DTXSID4022107,775,0.0,0.0
DTXSID4022109,775,0.0,0.0
DTXSID4022153,775,0.0,0.0
DTXSID4022159,775,0.0,0.0
DTXSID4022284,775,0.0,0.0
DTXSID4022288,775,4.656094864707788e-15,0.0
DTXSID4022311,775,0.00010906230611361458,0.0
DTXSID4022315,775,0.0,0.0
DTXSID4022361,775,0.0,0.0
DTXSID4022367,775,1.6909246104513501e-15,0.0
DTXSID4022369,775,2.008485131402215e-08,0.0
DTXSID4022442,775,0.0,0.0
DTXSID4022446,775,0.0,0.0
DTXSID4022448,775,0.0,0.0
DTXSID4022521,775,0.0,0.0
DTXSID4022523,775,3.077846654980909e-12,0.0
DTXSID4022525,775,1.3414133167746307e-19,0.0
DTXSID4022527,775,0.0,0.0
DTXSID4022529,775,0.0,0.0
DTXSID4022571,775,1.576629230352539e-13,0.0
DTXSID4022573,775,0.0,0.0
DTXSID4022577,775,4.823386699141105e-20,0.0
DTXSID4022579,775,1.319114996265976e-18,0.0
DTXSID4022602,775,0.007049948693450354,0.0
DTXSID4022652,775,0.0,0.0
DTXSID4022658,775,2.2939527026210008e-11,0.0
DTXSID4022731,775,0.0,0.0
DTXSID4022735,775,0.0,0.0
DTXSID4022783,775,0.026965061736987293,0.0
DTXSID4022785,775,0.0,0.0
DTXSID4022789,775,9.493753412605125e-15,0.0
DTXSID4022810,775,2.130568823863927e-14,0.0
DTXSID4022812,775,0.0,0.0
DTXSID4022814,775,0.01303204068340568,0.0
DTXSID4022816,775,0.0,0.0
DTXSID4022862,775,3.189600931511077e-13,0.0
DTXSID4022866,775,0.0,0.0
DTXSID4022868,775,6.0995895065027376e-18,0.0
DTXSID4022941,775,0.0,0.0
DTXSID4022947,775,0.0,0.0
DTXSID4022949,775,0.0,0.0
DTXSID4022991,775,0.0,0.0
DTXSID4022993,775,4.739740124612364e-17,0.0
DTXSID4022999,775,2.410067200547055e-11,0.0
DTXSID4023042,775,0.34386756614965974,0.0
DTXSID4023044,775,0.0,0.0
DTXSID4023094,775,0.0109446556917462,0.0
DTXSID4023096,775,0.0,0.0
DTXSID4023123,775,0.0,0.0
DTXSID4023125,775,0.0,0.0
DTXSID4023171,775,1.2800603884059962e-17,0.0
DTXSID4023175,775,0.0,0.0
DTXSID4023177,775,1.329879556941669e-06,0.0
DTXSID4023179,775,2.6024289004243834e-20,0.0
DTXSID4023200,775,1.2250937461423509e-14,0.0
DTXSID4023202,775,0.0,0.0
DTXSID4023252,775,0.0,0.0
DTXSID4023254,775,0.0,0.0
DTXSID4023258,775,0.00031642964848994617,0.0
DTXSID4023333,775,0.0,0.0
DTXSID4023381,775,0.0,0.0
DTXSID4023385,775,6.34477114633921e-14,0.0
DTXSID4023387,775,0.0,0.0
DTXSID4023412,775,0.0940726623773377,0.0
DTXSID4023414,775,4.1854777400357516e-22,0.0
DTXSID4023416,775,1.6987682160533274e-12,0.0
DTXSID4023460,775,0.0,0.0
DTXSID4023462,775,0.0,0.0
DTXSID4023541,775,3.1696595246735425e-21,0.0
DTXSID4023545,775,0.0,0.0
DTXSID4023549,775,0.0,0.0
DTXSID4023591,775,0.0,0.0
DTXSID4023593,775,0.0,0.0
DTXSID4023595,775,0.0,0.0
DTXSID4023622,775,6.999133357974185e-16,0.0
DTXSID4023624,775,0.0,0.0
DTXSID4023628,775,0.0,0.0
DTXSID4023670,775,0.0,0.0
DTXSID4023672,775,0.0,0.0
DTXSID4023674,775,0.0,0.0
DTXSID4023676,775,0.0,0.0
DTXSID4023678,775,7.77780592817424e-17,0.0
DTXSID4023701,775,0.0,0.0
DTXSID4023753,775,0.0,0.0
DTXSID4023917,775,3.0974567588878775e-17,0.0
DTXSID4024012,775,0.0,0.0
DTXSID4024014,775,1.1057249880654813e-21,0.0
DTXSID4024018,775,0.0,0.0
DTXSID4024062,775,0.0,0.0
DTXSID4024064,775,,
DTXSID4024066,775,0.0,0.0
DTXSID4024143,775,0.0,0.0
DTXSID4024145,775,9.11522739594675e-18,0.0
DTXSID4024193,775,0.0,0.0
DTXSID4024195,775,0.0,0.0
DTXSID4024222,775,0.0,0.0
DTXSID4024270,775,0.0,0.0
DTXSID4024272,775,0.0,0.0
DTXSID4024274,775,0.0,0.0
DTXSID4024276,775,0.0,0.0
DTXSID4024303,775,0.0,0.0
DTXSID4024359,775,4.650272424539951e-16,0.0
DTXSID4024436,775,,
DTXSID4024484,775,0.0,0.0
DTXSID4024488,775,2.180356807912932e-12,0.0
DTXSID4024515,775,0.0,0.0
DTXSID4024640,775,0.0,0.0
DTXSID4024642,775,1.705410158438987e-20,0.0
DTXSID4024644,775,0.0,0.0
DTXSID4024646,775,0.0,0.0
DTXSID4024690,775,2.4536956387147274e-17,0.0
DTXSID4024692,775,1.174225338932334e-15,0.0
DTXSID4024696,775,5.4107824214463396e-21,0.0
DTXSID4024721,775,1.6477158477526283e-17,0.0
DTXSID4024729,775,0.0,0.0
DTXSID4024771,775,0.0,0.0
DTXSID4024773,775,0.0,0.0
DTXSID4024775,775,0.0,0.0
DTXSID4024800,775,0.0,0.0
DTXSID4024858,775,0.0,0.0
DTXSID4024931,775,0.0,0.0
DTXSID4024937,775,0.0,0.0
DTXSID4024981,775,0.0,0.0
DTXSID4024983,775,0.0,0.0
DTXSID4024985,775,0.0,0.0
DTXSID4025080,775,0.0,0.0
DTXSID4025082,775,0.0,0.0
DTXSID4025086,775,0.0,0.0
DTXSID4025111,775,0.0,0.0
DTXSID4025113,775,0.0,0.0
DTXSID4025117,775,0.0,0.0
DTXSID4025165,775,0.0,0.0
DTXSID4025167,775,,
DTXSID4025240,775,0.0,0.0
DTXSID4025242,775,1.7222059232746015e-06,0.0
DTXSID4025292,775,0.0,0.0
DTXSID4025296,775,0.0,0.0
DTXSID4025298,775,4.753559079765177e-13,0.0
DTXSID4025329,775,2.1226132924477844e-16,0.0
DTXSID4025371,775,0.0,0.0
DTXSID4025402,775,0.0,0.0
DTXSID4025404,775,0.0,0.0
DTXSID4025406,775,0.0,0.0
DTXSID4025454,775,4.0986163686222194e-17,0.0
DTXSID4025581,775,0.39689332243376996,0.0
DTXSID4025587,775,0.0,0.0
DTXSID4025610,775,1.9470804067584682e-19,0.0
DTXSID4025612,775,0.0,0.0
DTXSID4025662,775,0.0,0.0
DTXSID4025668,775,0.0,0.0
DTXSID4025741,775,0.0,0.0
DTXSID4025743,775,0.0,0.0
DTXSID4025745,775,0.0,0.0
DTXSID4025749,775,5.00000824977975e-21,0.0
DTXSID4025791,775,0.0,0.0
DTXSID4025793,775,0.0,0.0
DTXSID4025824,775,0.0,0.0
DTXSID4025903,775,0.0,0.0
DTXSID4026000,775,0.0,0.0
DTXSID4026050,775,1.4822982477946308e-14,0.0
DTXSID4026054,775,0.0,0.0
DTXSID4026137,775,0.0,0.0
DTXSID4026139,775,0.0,0.0
DTXSID4026181,775,1.9355916388791957e-10,0.0
DTXSID4026183,775,0.0,0.0
DTXSID4026212,775,0.0,0.0
DTXSID4026214,775,0.0,0.0
DTXSID4026262,775,1.1204952930728048e-21,0.0
DTXSID4026266,775,1.5235651499046075e-19,0.0
DTXSID4026268,775,0.0,0.0
DTXSID4026422,775,0.0,0.0
DTXSID4026472,775,0.0,0.0
DTXSID4026501,775,1.5246758823969e-20,0.0
DTXSID4026505,775,0.0,0.0
DTXSID4026557,775,0.0,0.0
DTXSID4026684,775,0.0,0.0
DTXSID4026711,775,0.0,0.0
DTXSID4026713,775,0.0,0.0
DTXSID4026715,775,0.0,0.0
DTXSID4026765,775,0.0,0.0
DTXSID4026769,775,0.0,0.0
DTXSID4026842,775,0.0,0.0
DTXSID4026894,775,0.0,0.0
DTXSID4026921,775,0.0,0.0
DTXSID4026927,775,0.0,0.0
DTXSID4026975,775,0.0,0.0
DTXSID4026979,775,3.0213388804300134e-08,0.0
DTXSID4027072,775,0.0,0.0
DTXSID4027076,775,0.0,0.0
DTXSID4027103,775,0.0,0.0
DTXSID4027109,775,0.0,0.0
DTXSID4027153,775,7.620756697991584e-22,0.0
DTXSID4027159,775,0.0,0.0
DTXSID4027234,775,0.0,0.0
DTXSID4027236,775,0.0,0.0
DTXSID4027280,775,1.644929979878761e-17,0.0
DTXSID4027282,775,0.0,0.0
DTXSID4027284,775,0.0,0.0
DTXSID4027286,775,1.6836087450194959e-18,0.0
DTXSID4027288,775,0.0,0.0
DTXSID4027319,775,3.060874792978262e-07,0.0
DTXSID4027361,775,0.0,0.0
DTXSID4027367,775,0.0,0.0
DTXSID4027490,775,0.0,0.0
DTXSID4027494,775,0.002298242537238075,0.0
DTXSID4027496,775,0.0,0.0
DTXSID4027498,775,5.95805363941452e-14,0.0
DTXSID4027521,775,0.0,0.0
DTXSID4027525,775,0.0,0.0
DTXSID4027527,775,1.0421946063026798e-16,0.0
DTXSID4027529,775,0.0,0.0
DTXSID4027577,775,0.0,0.0
DTXSID4027579,775,0.0,0.0
DTXSID4027600,775,0.09657772228522862,0.0
DTXSID4027604,775,7.3185033548298485e-22,0.0
DTXSID4027608,775,2.8770654991242675e-18,0.0
DTXSID4027650,775,0.0,0.0
DTXSID4027652,775,0.0,0.0
DTXSID4027656,775,0.0,0.0
DTXSID4027658,775,0.0,0.0
DTXSID4027781,775,0.5153342902666941,0.0
DTXSID4027866,775,0.0,0.0
DTXSID4027868,775,0.0,0.0
DTXSID4027991,775,0.0,0.0
DTXSID4027997,775,0.0,0.0
DTXSID4028040,775,0.0,0.0
DTXSID4028460,775,0.0,0.0
DTXSID4028880,775,1.5465757499987147e-14,0.0
DTXSID4028967,775,0.0,0.0
DTXSID4029062,775,6.915603248948679e-14,0.0
DTXSID4029143,775,0.0,0.0
DTXSID4029145,775,0.0,0.0
DTXSID4029149,775,1.956214475934227e-17,0.0
DTXSID4029195,775,0.0,0.0
DTXSID4029220,775,0.0,0.0
DTXSID4029224,775,2.767783173530477e-08,0.0
DTXSID4029353,775,0.0,0.0
DTXSID4029359,775,3.946737872934602e-19,0.0
DTXSID4029565,775,0.0,0.0
DTXSID4029690,775,0.0,0.0
DTXSID4029692,775,0.0,0.0
DTXSID4029698,775,2.3042609953208024e-19,0.0
DTXSID4029806,775,1.9991004036092764e-17,0.0
DTXSID4030047,775,0.0,0.0
DTXSID4030336,775,0.0,0.0
DTXSID4030384,775,0.0,0.0
DTXSID4031356,775,0.0,0.0
DTXSID4031566,775,0.0,0.0
DTXSID4031980,775,8.293858818364333e-22,0.0
DTXSID4032372,775,0.0,0.0
DTXSID4032376,775,1.7604493324251202e-20,0.0
DTXSID4032378,775,0.0,0.0
DTXSID4032405,775,8.894953486879336e-19,0.0
DTXSID4032459,775,0.0,0.0
DTXSID4032532,775,0.0,0.0
DTXSID4032536,775,0.0,0.0
DTXSID4032580,775,0.0,0.0
DTXSID4032611,775,0.0,0.0
DTXSID4032613,775,0.0,0.0
DTXSID4032615,775,0.0,0.0
DTXSID4032619,775,2.81073960300873e-21,0.0
DTXSID4032667,775,0.0,0.0
DTXSID4032954,775,0.0,0.0
DTXSID4033390,775,0.0,0.0
DTXSID4034102,775,0.00812047960728192,0.0
DTXSID4034150,775,0.0,0.0
DTXSID4034287,775,3.5917310916502246e-14,0.0
DTXSID4034497,775,0.0,0.0
DTXSID4034528,775,1.9162264542760239e-16,0.0
DTXSID4034576,775,0.0,0.0
DTXSID4034601,775,0.0,0.0
DTXSID4034609,775,2.8212907979312824e-19,0.0
DTXSID4034653,775,0.0,0.0
DTXSID4034948,775,,
DTXSID4035209,775,0.0,0.0
DTXSID4035542,775,0.0,0.0
DTXSID4035592,775,0.0,0.0
DTXSID4035708,775,0.0,0.0
DTXSID4036229,775,0.0,0.0
DTXSID4036435,775,0.0,0.0
DTXSID4036514,775,1.4680632163543468e-21,0.0
DTXSID4037580,775,0.0,0.0
DTXSID4037582,775,0.0,0.0
DTXSID4037584,775,0.0,0.0
DTXSID4037617,775,1.427128546756782e-20,0.0
DTXSID4037748,775,0.0,0.0
DTXSID4038762,775,1.2591551085155557e-12,0.0
DTXSID4038847,775,0.0,0.0
DTXSID4038922,775,4.460634213481018e-22,0.0
DTXSID4038924,775,0.0,0.0
DTXSID4038926,775,0.0,0.0
DTXSID4039231,775,1.0507597710459292e-15,0.0
DTXSID4039233,775,4.116212053706781e-10,0.0
DTXSID4039235,775,0.0,0.0
DTXSID4039657,775,0.0,0.0
DTXSID4040002,775,0.0,0.0
DTXSID4040266,775,6.506949336306777e-11,0.0
DTXSID4040268,775,0.0,0.0
DTXSID4040343,775,6.271811584367146e-18,0.0
DTXSID4040395,775,0.0,0.0
DTXSID4040476,775,0.0,0.0
DTXSID4040682,775,3.905249540592841e-15,0.0
DTXSID4040684,775,0.0,0.0
DTXSID4040686,775,0.0,0.0
DTXSID4040688,775,0.0,0.0
DTXSID4040711,775,0.0,0.0
DTXSID4040713,775,0.0,0.0
DTXSID4040715,775,0.0,0.0
DTXSID4040719,775,0.0,0.0
DTXSID4040765,775,0.0,0.0
DTXSID4040767,775,0.4150562553049792,0.0
DTXSID4040979,775,0.14082205192485145,0.0
DTXSID4041070,775,0.0,0.0
DTXSID4041074,775,0.0,0.0
DTXSID4041153,775,6.011602193730099e-20,0.0
DTXSID4041230,775,0.0,0.0
DTXSID4041232,775,0.0,0.0
DTXSID4041234,775,0.0,0.0
DTXSID4041238,775,0.0,0.0
DTXSID4041280,775,0.0,0.0
DTXSID4041317,775,0.0,0.0
DTXSID4041361,775,,
DTXSID4041363,775,2.937728340765856e-17,0.0
DTXSID4041367,775,0.0,0.0
DTXSID4041440,775,0.0,0.0
DTXSID4041442,775,0.0,0.0
DTXSID4041446,775,0.0,0.0
DTXSID4041490,775,0.0,0.0
DTXSID4041492,775,0.0,0.0
DTXSID4041494,775,0.0,0.0
DTXSID4041521,775,0.0,0.0
DTXSID4041527,775,1.6270486436467634e-22,0.0
DTXSID4041529,775,0.0,0.0
DTXSID4041573,775,0.0,0.0
DTXSID4041575,775,0.0,0.0
DTXSID4041600,775,0.0,0.0
DTXSID4041604,775,0.0,0.0
DTXSID4041654,775,0.0,0.0
DTXSID4041656,775,0.0,0.0
DTXSID4041783,775,0.0,0.0
DTXSID4041818,775,0.0,0.0
DTXSID4041995,775,2.1651239014331326e-11,0.0
DTXSID4041997,775,2.6295648664776862e-05,0.0
DTXSID4042090,775,0.0,0.0
DTXSID4042094,775,0.0,0.0
DTXSID4042096,775,0.0,0.0
DTXSID4042121,775,0.0,0.0
DTXSID4042123,775,0.0,0.0
DTXSID4042129,775,0.0,0.0
DTXSID4042171,775,0.0,0.0
DTXSID4042206,775,0.0,0.0
DTXSID4042208,775,0.0,0.0
DTXSID4042252,775,0.0,0.0
DTXSID4042254,775,0.0,0.0
DTXSID4042256,775,0.0,0.0
DTXSID4042335,775,0.0,0.0
DTXSID4042337,775,1.305478644196654e-20,0.0
DTXSID4042416,775,0.0,0.0
DTXSID4042418,775,7.536779899101252e-15,0.0
DTXSID4042462,775,0.0,0.0
DTXSID4042468,775,0.0,0.0
DTXSID4042622,775,0.0,0.0
DTXSID4043777,775,0.32276865592228915,0.0
DTXSID4044161,775,0.0,0.0
DTXSID4044371,775,0.0,0.0
DTXSID4044373,775,0.0,0.0
DTXSID4044375,775,0.0,0.0
DTXSID4044379,775,0.0,0.0
DTXSID4044400,775,0.0,0.0
DTXSID4044402,775,0.0,0.0
DTXSID4044404,775,2.0583734911724623e-18,0.0
DTXSID4044408,775,0.0,0.0
DTXSID4044450,775,2.0181022449252816e-21,0.0
DTXSID4044452,775,0.0,0.0
DTXSID4044454,775,1.1616498516668496e-21,0.0
DTXSID4044456,775,1.408205774903281e-15,0.0
DTXSID4044458,775,0.0,0.0
DTXSID4044533,775,0.0,0.0
DTXSID4044535,775,0.0,0.0
DTXSID4044537,775,0.0,0.0
DTXSID4044581,775,0.0,0.0
DTXSID4044585,775,0.02729031917459337,0.0
DTXSID4044587,775,0.0,0.0
DTXSID4044589,775,0.0,0.0
DTXSID4044616,775,1.0231192760816617e-15,0.0
DTXSID4044618,775,0.0,0.0
DTXSID4044660,775,0.0,0.0
DTXSID4044662,775,0.0,0.0
DTXSID4044664,775,0.0,0.0
DTXSID4044668,775,7.895780024885528e-18,0.0
DTXSID4044743,775,0.6191329020487693,0.0
DTXSID4044745,775,0.0,0.0
DTXSID4044747,775,0.0,0.0
DTXSID4044791,775,0.0,0.0
DTXSID4044793,775,0.0,0.0
DTXSID4044799,775,0.0,0.0
DTXSID4044820,775,0.0,0.0
DTXSID4044822,775,0.0,0.0
DTXSID4044824,775,0.0,0.0
DTXSID4044826,775,0.0,0.0
DTXSID4044828,775,7.446287526432033e-17,0.0
DTXSID4044870,775,0.0,0.0
DTXSID4044872,775,2.355130237405192e-10,0.0
DTXSID4044876,775,0.0,0.0
DTXSID4044878,775,0.0,0.0
DTXSID4044901,775,0.0,0.0
DTXSID4044903,775,0.0,0.0
DTXSID4044905,775,1.4308913124005936e-19,0.0
DTXSID4044909,775,0.0,0.0
DTXSID4044951,775,2.848751494900828e-15,0.0
DTXSID4044953,775,0.0,0.0
DTXSID4044955,775,0.0,0.0
DTXSID4045002,775,0.0,0.0
DTXSID4045131,775,0.0,0.0
DTXSID4045133,775,7.969483283597515e-15,0.0
DTXSID4045139,775,1.944414696231494e-08,0.0
DTXSID4045181,775,0.0,0.0
DTXSID4045183,775,1.154370716016006e-16,0.0
DTXSID4045187,775,7.781876652469013e-16,0.0
DTXSID4045189,775,2.6131245180102828e-14,0.0
DTXSID4045210,775,0.0,0.0
DTXSID4045216,775,0.0,0.0
DTXSID4045262,775,0.0,0.0
DTXSID4045341,775,0.0,0.0
DTXSID4045343,775,0.0,0.0
DTXSID4045345,775,0.0,0.0
DTXSID4045347,775,0.0,0.0
DTXSID4045391,775,0.015034086221600114,0.0
DTXSID4045393,775,0.0,0.0
DTXSID4045399,775,0.0,0.0
DTXSID4045420,775,0.0,0.0
DTXSID4045422,775,0.0,0.0
DTXSID4045424,775,4.954517375861653e-09,0.0
DTXSID4045428,775,0.0,0.0
DTXSID4045472,775,8.492691516594233e-17,0.0
DTXSID4045474,775,1.1077495305576487e-06,0.0
DTXSID4045476,775,0.0,0.0
DTXSID4045478,775,4.721452984227824e-17,0.0
DTXSID4045551,775,6.050660782754847e-22,0.0
DTXSID4045555,775,6.534456209196294e-23,0.0
DTXSID4045557,775,0.0,0.0
DTXSID4045559,775,0.0,0.0
DTXSID4045630,775,3.0473224733548016e-16,0.0
DTXSID4045632,775,0.0,0.0
DTXSID4045636,775,2.3490991695675877e-20,0.0
DTXSID4045638,775,0.0,0.0
DTXSID4045680,775,0.0,0.0
DTXSID4045682,775,0.0,0.0
DTXSID4045686,775,0.0,0.0
DTXSID4045688,775,0.0,0.0
DTXSID4045711,775,0.0,0.0
DTXSID4045763,775,0.0,0.0
DTXSID4045765,775,0.0,0.0
DTXSID4045767,775,0.0011984668785208646,0.0
DTXSID4045769,775,1.1501453794628786e-18,0.0
DTXSID4045846,775,6.145673949536451e-16,0.0
DTXSID4045848,775,0.2932256984005638,0.0
DTXSID4045890,775,0.0,0.0
DTXSID4045892,775,0.0,0.0
DTXSID4045896,775,2.6607124120901934e-19,0.0
DTXSID4045898,775,0.0,0.0
DTXSID4045921,775,0.002140558120130136,0.0
DTXSID4045925,775,4.329378579872219e-07,0.0
DTXSID4045927,775,0.0,0.0
DTXSID4045929,775,0.0,0.0
DTXSID4045973,775,0.0003379374768668859,0.0
DTXSID4045975,775,0.0,0.0
DTXSID4045979,775,0.0,0.0
DTXSID4046020,775,2.9981217463092132e-06,0.0
DTXSID4046022,775,0.0,0.0
DTXSID4046024,775,0.0,0.0
DTXSID4046076,775,1.7885031955822587e-20,0.0
DTXSID4046078,775,0.0,0.0
DTXSID4046101,775,0.0,0.0
DTXSID4046103,775,2.6686334591660893e-20,0.0
DTXSID4046107,775,0.0,0.0
DTXSID4046109,775,0.0,0.0
DTXSID4046151,775,0.0,0.0
DTXSID4046153,775,8.520834754562621e-16,0.0
DTXSID4046155,775,0.0,0.0
DTXSID4046157,775,0.0,0.0
DTXSID4046159,775,0.0,0.0
DTXSID4046230,775,0.0,0.0
DTXSID4046232,775,0.0,0.0
DTXSID4046234,775,4.049695173591325e-15,0.0
DTXSID4046236,775,0.0,0.0
DTXSID4046238,775,0.0,0.0
DTXSID4046280,775,0.0,0.0
DTXSID4046282,775,0.0,0.0
DTXSID4046284,775,0.0,0.0
DTXSID4046286,775,0.0,0.0
DTXSID4046288,775,0.0,0.0
DTXSID4046313,775,4.892304052514394e-21,0.0
DTXSID4046315,775,0.0,0.0
DTXSID4046319,775,3.306452339308561e-22,0.0
DTXSID4046361,775,1.9743817815810745e-14,0.0
DTXSID4046363,775,1.0780765506249768e-19,0.0
DTXSID4046440,775,6.944230788304589e-14,0.0
DTXSID4046442,775,0.0,0.0
DTXSID4046444,775,0.0,0.0
DTXSID4046446,775,0.0,0.0
DTXSID4046448,775,0.0,0.0
DTXSID4046490,775,0.0,0.0
DTXSID4046492,775,0.0,0.0
DTXSID4046494,775,0.0,0.0
DTXSID4046498,775,1.0930550243394558e-11,0.0
DTXSID4046521,775,5.972725587350909e-23,0.0
DTXSID4046523,775,0.0,0.0
DTXSID4046525,775,4.794871859367831e-13,0.0
DTXSID4046527,775,0.0,0.0
DTXSID4046529,775,0.0,0.0
DTXSID4046571,775,0.0,0.0
DTXSID4046573,775,0.0,0.0
DTXSID4046575,775,0.0,0.0
DTXSID4046577,775,0.0,0.0
DTXSID4046579,775,3.2301393976781654e-20,0.0
DTXSID4046600,775,0.0,0.0
DTXSID4046602,775,0.0,0.0
DTXSID4046604,775,0.0,0.0
DTXSID4046606,775,0.0,0.0
DTXSID4046608,775,1.0931461861435188e-13,0.0
DTXSID4046652,775,0.0,0.0
DTXSID4046654,775,0.0,0.0
DTXSID4046656,775,0.0,0.0
DTXSID4046658,775,0.0,0.0
DTXSID4046733,775,0.0,0.0
DTXSID4046735,775,0.0,0.0
DTXSID4046737,775,7.74899284085544e-18,0.0
DTXSID4046739,775,4.5627887338525546e-10,0.0
DTXSID4046783,775,0.0,0.0
DTXSID4046785,775,8.050423704928905e-18,0.0
DTXSID4046787,775,0.0,0.0
DTXSID4046810,775,2.6262137908441315e-11,0.0
DTXSID4046812,775,0.0,0.0
DTXSID4046814,775,3.089094585947238e-09,0.0
DTXSID4046816,775,0.0,0.0
DTXSID4046818,775,0.0,0.0
DTXSID4046862,775,0.0,0.0
DTXSID4046864,775,0.0,0.0
DTXSID4046866,775,8.718758045163928e-14,0.0
DTXSID4046868,775,0.0,0.0
DTXSID4046949,775,0.0,0.0
DTXSID4046991,775,6.53943717404106e-13,0.0
DTXSID4046999,775,0.0,0.0
DTXSID4047040,775,0.0,0.0
DTXSID4047042,775,0.0,0.0
DTXSID4047044,775,0.0,0.0
DTXSID4047046,775,0.0,0.0
DTXSID4047090,775,0.0,0.0
DTXSID4047092,775,0.0,0.0
DTXSID4047094,775,0.0,0.0
DTXSID4047096,775,0.0,0.0
DTXSID4047098,775,0.0,0.0
DTXSID4047121,775,0.0,0.0
DTXSID4047123,775,0.0,0.0
DTXSID4047125,775,0.0,0.0
DTXSID4047127,775,0.0,0.0
DTXSID4047129,775,4.806644275324185e-18,0.0
DTXSID4047173,775,0.0,0.0
DTXSID4047177,775,1.3918678217669617e-17,0.0
DTXSID4047179,775,4.430608529945773e-19,0.0
DTXSID4047200,775,0.0,0.0
DTXSID4047202,775,0.0,0.0
DTXSID4047206,775,6.388760573700025e-13,0.0
DTXSID4047252,775,0.0,0.0
DTXSID4047254,775,0.0,0.0
DTXSID4047258,775,0.0,0.0
DTXSID4047331,775,4.715640829493713e-15,0.0
DTXSID4047333,775,1.7465264474152359e-12,0.0
DTXSID4047335,775,1.1687261257213022e-20,0.0
DTXSID4047337,775,2.575402383157392e-08,0.0
DTXSID4047339,775,0.0,0.0
DTXSID4047381,775,0.0,0.0
DTXSID4047383,775,0.0,0.0
DTXSID4047385,775,0.0,0.0
DTXSID4047387,775,0.0,0.0
DTXSID4047389,775,1.705506314381646e-13,0.0
DTXSID4047410,775,1.2848589748833385e-20,0.0
DTXSID4047412,775,0.0,0.0
DTXSID4047414,775,1.570034836956596e-14,0.0
DTXSID4047416,775,0.0,0.0
DTXSID4047418,775,1.1888975395720361e-22,0.0
DTXSID4047462,775,6.887383732103336e-16,0.0
DTXSID4047464,775,3.7887709808498807e-16,0.0
DTXSID4047466,775,0.0,0.0
DTXSID4047468,775,0.0,0.0
DTXSID4047543,775,0.0,0.0
DTXSID4047545,775,0.0,0.0
DTXSID4047547,775,5.233215549263919e-19,0.0
DTXSID4047549,775,0.0,0.0
DTXSID4047591,775,0.0,0.0
DTXSID4047593,775,0.0,0.0
DTXSID4047597,775,1.7342309154502032e-16,0.0
DTXSID4047599,775,6.095042092022861e-20,0.0
DTXSID4047622,775,0.0,0.0
DTXSID4047624,775,3.625697720105035e-19,0.0
DTXSID4047628,775,1.9227322421353748e-18,0.0
DTXSID4047670,775,0.0,0.0
DTXSID4047672,775,0.0,0.0
DTXSID4047674,775,0.0,0.0
DTXSID4047678,775,0.0,0.0
DTXSID4047703,775,0.0,0.0
DTXSID4047705,775,0.0,0.0
DTXSID4047707,775,0.0,0.0
DTXSID4047709,775,0.0,0.0
DTXSID4047838,775,0.0,0.0
DTXSID4047880,775,9.402091127868046e-18,0.0
DTXSID4047882,775,1.9552541445038776e-21,0.0
DTXSID4047884,775,0.0,0.0
DTXSID4047886,775,0.0,0.0
DTXSID4047888,775,0.0,0.0
DTXSID4047911,775,0.0,0.0
DTXSID4047913,775,0.0,0.0
DTXSID4047915,775,0.0,0.0
DTXSID4047917,775,0.0,0.0
DTXSID4047919,775,0.0,0.0
DTXSID4047961,775,0.0,0.0
DTXSID4047963,775,0.0,0.0
DTXSID4047965,775,0.0,0.0
DTXSID4047967,775,0.0,0.0
DTXSID4047969,775,0.0,0.0
DTXSID4048191,775,0.0,0.0
DTXSID4048193,775,0.0,0.0
DTXSID4048195,775,0.0,0.0
DTXSID4048199,775,0.0,0.0
DTXSID4048270,775,0.0,0.0
DTXSID4048511,775,0.0,0.0
DTXSID4048513,775,1.7606109936206465e-16,0.0
DTXSID4048519,775,0.0,0.0
DTXSID4048640,775,0.0,0.0
DTXSID4048642,775,3.436783531585534e-09,0.0
DTXSID4048644,775,6.692130775688641e-10,0.0
DTXSID4048646,775,0.0,0.0
DTXSID4048648,775,2.4357243575877525e-20,0.0
DTXSID4048690,775,6.533851806173222e-22,0.0
DTXSID4048692,775,1.697417175474188e-21,0.0
DTXSID4048694,775,0.0,0.0
DTXSID4048696,775,0.0,0.0
DTXSID4048698,775,0.0,0.0
DTXSID4048721,775,3.352835137173474e-17,0.0
DTXSID4048723,775,0.0,0.0
DTXSID4048725,775,0.0,0.0
DTXSID4048727,775,0.0,0.0
DTXSID4048729,775,0.0,0.0
DTXSID4048771,775,0.0,0.0
DTXSID4048773,775,0.0,0.0
DTXSID4048775,775,0.0,0.0
DTXSID4048777,775,0.0,0.0
DTXSID4048779,775,0.0,0.0
DTXSID4048800,775,0.0,0.0
DTXSID4048802,775,0.0,0.0
DTXSID4048804,775,1.814751749423637e-13,0.0
DTXSID4048806,775,9.566198107610608e-15,0.0
DTXSID4048808,775,0.0,0.0
DTXSID4048850,775,1.2034785300083254e-07,0.0
DTXSID4048852,775,4.3803705667416534e-20,0.0
DTXSID4048854,775,0.0,0.0
DTXSID4048856,775,6.420198037342562e-18,0.0
DTXSID4048858,775,0.0,0.0
DTXSID4048931,775,0.0,0.0
DTXSID4048933,775,0.0,0.0
DTXSID4048935,775,1.6328591588425286e-19,0.0
DTXSID4048937,775,0.0,0.0
DTXSID4048939,775,0.0,0.0
DTXSID4048981,775,0.0,0.0
DTXSID4048983,775,0.0,0.0
DTXSID4048985,775,0.0,0.0
DTXSID4048987,775,0.0,0.0
DTXSID4049030,775,0.0,0.0
DTXSID4049032,775,0.0,0.0
DTXSID4049034,775,0.0,0.0
DTXSID4049036,775,2.3524493910794687e-09,0.0
DTXSID4049038,775,1.9967168197711746e-14,0.0
DTXSID4049080,775,0.0,0.0
DTXSID4049082,775,0.0,0.0
DTXSID4049240,775,0.0,0.0
DTXSID4049242,775,0.0,0.0
DTXSID4049244,775,0.0,0.0
DTXSID4049246,775,0.0,0.0
DTXSID4049248,775,4.1024735112332915e-11,0.0
DTXSID4049290,775,0.0,0.0
DTXSID4049292,775,0.0,0.0
DTXSID4049294,775,0.0,0.0
DTXSID4049296,775,1.518984728751077e-19,0.0
DTXSID4049298,775,4.2612292266054504e-21,0.0
DTXSID4049321,775,0.0,0.0
DTXSID4049323,775,0.0,0.0
DTXSID4049325,775,0.0,0.0
DTXSID4049327,775,0.0,0.0
DTXSID4049329,775,1.297031556333814e-20,0.0
DTXSID4049371,775,0.0,0.0
DTXSID4049373,775,0.0,0.0
DTXSID4049375,775,0.0,0.0
DTXSID4049377,775,2.1975031014890524e-19,0.0
DTXSID4049379,775,0.0,0.0
DTXSID4049400,775,0.0,0.0
DTXSID4049402,775,0.0,0.0
DTXSID4049404,775,0.0,0.0
DTXSID4049406,775,1.7283680269209877e-12,0.0
DTXSID4049408,775,,
DTXSID4049450,775,0.0,0.0
DTXSID4049452,775,0.0,0.0
DTXSID4049454,775,0.0,0.0
DTXSID4049456,775,0.0,0.0
DTXSID4049458,775,0.0,0.0
DTXSID4049531,775,0.0,0.0
DTXSID4049533,775,0.0,0.0
DTXSID4049535,775,0.0,0.0
DTXSID4049537,775,0.0,0.0
DTXSID4049539,775,0.0,0.0
DTXSID5020021,775,0.0,0.0
DTXSID5020023,775,6.350235175427763e-22,0.0
DTXSID5020027,775,0.0,0.0
DTXSID5020029,775,0.0,0.0
DTXSID5020071,775,0.0,0.0
DTXSID5020079,775,0.0,0.0
DTXSID5020106,775,0.0,0.0
DTXSID5020108,775,0.0,0.0
DTXSID5020152,775,0.0,0.0
DTXSID5020154,775,2.1636166263026839e-19,0.0
DTXSID5020156,775,0.0,0.0
DTXSID5020231,775,4.3298748896394264e-13,0.0
DTXSID5020233,775,0.007325663992743971,0.0
DTXSID5020235,775,0.0,0.0
DTXSID5020239,775,0.0,0.0
DTXSID5020281,775,0.0,0.0
DTXSID5020283,775,0.0053120901197259976,0.0
DTXSID5020287,775,2.632321146031889e-07,0.0
DTXSID5020310,775,0.0,0.0
DTXSID5020312,775,4.525089715111193e-19,0.0
DTXSID5020314,775,3.79183893369706e-22,0.0
DTXSID5020360,775,5.797143476277799e-06,0.0
DTXSID5020366,775,1.027829009689781e-16,0.0
DTXSID5020368,775,1.5180252401249234e-14,0.0
DTXSID5020441,775,0.0,0.0
DTXSID5020443,775,0.0,0.0
DTXSID5020445,775,0.0,0.0
DTXSID5020447,775,0.0,0.0
DTXSID5020449,775,5.222215407347497e-22,0.0
DTXSID5020491,775,0.0,0.0
DTXSID5020493,775,0.0,0.0
DTXSID5020497,775,1.6612649652585743e-19,0.0
DTXSID5020499,775,5.193316941701381e-18,0.0
DTXSID5020520,775,0.0,0.0
DTXSID5020528,775,0.0,0.0
DTXSID5020570,775,2.0886311007758782e-19,0.0
DTXSID5020572,775,1.6336724595773655e-14,0.0
DTXSID5020576,775,0.0,0.0
DTXSID5020601,775,0.0,0.0
DTXSID5020603,775,0.0,0.0
DTXSID5020605,775,6.800409880355885e-18,0.0
DTXSID5020607,775,0.0,0.0
DTXSID5020653,775,1.1659006646482622e-07,0.0
DTXSID5020659,775,0.0,0.0
DTXSID5020730,775,1.5885773552076933e-18,0.0
DTXSID5020732,775,0.0,0.0
DTXSID5020738,775,0.0,0.0
DTXSID5020782,775,0.0,0.0
DTXSID5020784,775,1.5192328657104797e-19,0.0
DTXSID5020811,775,1.2960229873614811e-15,0.0
DTXSID5020813,775,0.0,0.0
DTXSID5020815,775,0.0012745731785952742,0.0
DTXSID5020819,775,0.0,0.0
DTXSID5020861,775,0.0,0.0
DTXSID5020863,775,1.4014281915159318e-15,0.0
DTXSID5020865,775,0.0,0.0
DTXSID5020867,775,0.0,0.0
DTXSID5020869,775,0.0,0.0
DTXSID5020944,775,1.1163956836692323e-09,0.0
DTXSID5020946,775,3.7902060074944655e-09,0.0
DTXSID5020948,775,0.0,0.0
DTXSID5021093,775,0.0,0.0
DTXSID5021097,775,0.37581206698656977,0.0
DTXSID5021120,775,0.00043762956839267877,0.0
DTXSID5021122,775,0.0,0.0
DTXSID5021124,775,0.0,0.0
DTXSID5021126,775,0.0,0.0
DTXSID5021128,775,0.0,0.0
DTXSID5021170,775,0.48837251209674337,0.0
DTXSID5021174,775,0.0,0.0
DTXSID5021201,775,0.0,0.0
DTXSID5021209,775,0.0,0.0
DTXSID5021251,775,2.1612350408702993e-11,0.0
DTXSID5021253,775,0.0,0.0
DTXSID5021255,775,0.0,0.0
DTXSID5021330,775,1.3797472110335902e-20,0.0
DTXSID5021332,775,0.0,0.0
DTXSID5021334,775,0.0,0.0
DTXSID5021336,775,0.0,0.0
DTXSID5021338,775,0.0,0.0
DTXSID5021380,775,0.0,0.0
DTXSID5021384,775,0.0,0.0
DTXSID5021386,775,0.0,0.0
DTXSID5021388,775,0.0,0.0
DTXSID5021411,775,0.0,0.0
DTXSID5021413,775,4.7535781770885594e-11,0.0
DTXSID5021415,775,0.0,0.0
DTXSID5021419,775,2.0775971675326455e-06,0.0
DTXSID5021461,775,0.0,0.0
DTXSID5021463,775,0.0,0.0
DTXSID5021544,775,0.0,0.0
DTXSID5021546,775,0.0,0.0
DTXSID5021590,775,0.0,0.0
DTXSID5021598,775,0.0,0.0
DTXSID5021621,775,0.0,0.0
DTXSID5021627,775,0.0,0.0
DTXSID5021629,775,0.0,0.0
DTXSID5021671,775,0.0,0.0
DTXSID5021679,775,,
DTXSID5021708,775,0.0,0.0
DTXSID5021752,775,0.0,0.0
DTXSID5021754,775,1.8378517272656863e-18,0.0
DTXSID5021756,775,2.6086861949387396e-17,0.0
DTXSID5021758,775,1.1247704815366905e-16,0.0
DTXSID5021831,775,1.786012587416327e-18,0.0
DTXSID5021835,775,0.0,0.0
DTXSID5021837,775,0.0,0.0
DTXSID5021839,775,,
DTXSID5021881,775,8.935476569114721e-20,0.0
DTXSID5021883,775,0.0,0.0
DTXSID5021885,775,0.0,0.0
DTXSID5021889,775,0.0001247840930111019,0.0
DTXSID5021914,775,2.4024163995729205e-15,0.0
DTXSID5021916,775,0.0,0.0
DTXSID5021962,775,5.802275403782278e-19,0.0
DTXSID5021968,775,0.0,0.0
DTXSID5022061,775,1.1120125579872655e-13,0.0
DTXSID5022194,775,0.0,0.0
DTXSID5022227,775,0.0,0.0
DTXSID5022279,775,0.0,0.0
DTXSID5022306,775,0.0,0.0
DTXSID5022308,775,0.0,0.0
DTXSID5022437,775,0.0,0.0
DTXSID5022439,775,7.381298028273138e-22,0.0
DTXSID5022481,775,0.0,0.0
DTXSID5022485,775,0.0,0.0
DTXSID5022489,775,0.0,0.0
DTXSID5022510,775,0.0,0.0
DTXSID5022560,775,0.0,0.0
DTXSID5022562,775,0.22928362730146462,0.0
DTXSID5022641,775,0.0,0.0
DTXSID5022643,775,0.0,0.0
DTXSID5022647,775,0.0,0.0
DTXSID5022649,775,0.0,0.0
DTXSID5022699,775,0.0,0.0
DTXSID5022722,775,1.0735547821891966e-09,0.0
DTXSID5022724,775,9.742305394111949e-12,0.0
DTXSID5022774,775,2.322400041182965e-06,0.0
DTXSID5022801,775,1.591406042574641e-13,0.0
DTXSID5022803,775,0.0,0.0
DTXSID5022851,775,3.47333602368652e-19,0.0
DTXSID5022855,775,0.0,0.0
DTXSID5022857,775,0.0,0.0
DTXSID5022932,775,0.0,0.0
DTXSID5022934,775,7.854463469994672e-22,0.0
DTXSID5022938,775,0.0,0.0
DTXSID5022980,775,0.0,0.0
DTXSID5022982,775,0.0,0.0
DTXSID5022984,775,3.384173521715219e-12,0.0
DTXSID5022986,775,8.029682988709316e-07,0.0
DTXSID5023031,775,0.0,0.0
DTXSID5023033,775,6.866696174581899e-08,0.0
DTXSID5023035,775,0.0,0.0
DTXSID5023037,775,0.0,0.0
DTXSID5023039,775,3.991580636189688e-08,0.0
DTXSID5023081,775,6.290357624754276e-10,0.0
DTXSID5023085,775,3.991247310835535e-18,0.0
DTXSID5023089,775,0.0,0.0
DTXSID5023110,775,6.522926750329707e-17,0.0
DTXSID5023114,775,0.0,0.0
DTXSID5023166,775,2.9349125435849032e-21,0.0
DTXSID5023243,775,0.0,0.0
DTXSID5023247,775,4.599934066128386e-12,0.0
DTXSID5023293,775,0.0,0.0
DTXSID5023295,775,0.0,0.0
DTXSID5023322,775,0.0,0.0
DTXSID5023324,775,0.0,0.0
DTXSID5023370,775,0.0,0.0
DTXSID5023372,775,0.0,0.0
DTXSID5023376,775,0.0,0.0
DTXSID5023378,775,2.185525282010418e-08,0.0
DTXSID5023453,775,0.0,0.0
DTXSID5023532,775,1.7306198556160544e-09,0.0
DTXSID5023536,775,0.0,0.0
DTXSID5023582,775,0.0,0.0
DTXSID5023584,775,0.0,0.0
DTXSID5023586,775,2.1959914923987537e-12,0.0
DTXSID5023588,775,0.0,0.0
DTXSID5023611,775,1.5105735698100826e-18,0.0
DTXSID5023613,775,0.0,0.0
DTXSID5023615,775,0.0,0.0
DTXSID5023661,775,0.0,0.0
DTXSID5023665,775,0.0,0.0
DTXSID5023667,775,0.0,0.0
DTXSID5023669,775,5.72358825191415e-14,0.0
DTXSID5023740,775,0.3859791916825096,0.0
DTXSID5023742,775,0.0,0.0
DTXSID5023744,775,0.0,0.0
DTXSID5023746,775,0.0,0.0
DTXSID5023748,775,0.37847822803081066,0.0
DTXSID5023792,775,0.0,0.0
DTXSID5023794,775,1.6165553649410645e-20,0.0
DTXSID5023796,775,3.5098729417746797e-15,0.0
DTXSID5023825,775,0.0,0.0
DTXSID5023871,775,0.0,0.0
DTXSID5023875,775,0.0,0.0
DTXSID5023877,775,0.0,0.0
DTXSID5023900,775,0.0,0.0
DTXSID5023902,775,1.2002117810819085e-17,0.0
DTXSID5023908,775,0.4913569649529944,0.0
DTXSID5023950,775,4.5744269820644646e-17,0.0
DTXSID5023954,775,0.0,0.0
DTXSID5024001,775,0.0,0.0
DTXSID5024051,775,0.0,0.0
DTXSID5024055,775,0.0,0.0
DTXSID5024057,775,0.0,0.0
DTXSID5024059,775,0.0,0.0
DTXSID5024182,775,0.0,0.0
DTXSID5024211,775,0.0,0.0
DTXSID5024261,775,8.998557922138455e-22,0.0
DTXSID5024263,775,0.00011683052242899777,0.0
DTXSID5024269,775,0.0,0.0
DTXSID5024344,775,0.0,0.0
DTXSID5024346,775,2.0256128475191832e-22,0.0
DTXSID5024392,775,6.234722286302804e-15,0.0
DTXSID5024394,775,2.214608648949587e-14,0.0
DTXSID5024471,775,0.0,0.0
DTXSID5024473,775,2.708502074113738e-12,0.0
DTXSID5024479,775,,
DTXSID5024500,775,2.292986222487836e-16,0.0
DTXSID5024504,775,2.022811773291844e-09,0.0
DTXSID5024506,775,5.958545680522973e-14,0.0
DTXSID5024508,775,1.7328331423578028e-14,0.0
DTXSID5024554,775,0.0,0.0
DTXSID5024637,775,0.0,0.0
DTXSID5024639,775,0.0,0.0
DTXSID5024681,775,5.919558308548835e-12,0.0
DTXSID5024683,775,0.0,0.0
DTXSID5024687,775,5.2107028523595424e-21,0.0
DTXSID5024710,775,2.0985824440815572e-19,0.0
DTXSID5024764,775,0.0,0.0
DTXSID5024845,775,0.05743949061256459,0.0
DTXSID5024891,775,0.0,0.0
DTXSID5024922,775,2.959285574328598e-09,0.0
DTXSID5024926,775,0.36399584269535945,0.0
DTXSID5024970,775,0.06861866143932607,0.0
DTXSID5024976,775,0.0,0.0
DTXSID5024978,775,0.0,0.0
DTXSID5025021,775,0.0,0.0
DTXSID5025023,775,0.0,0.0
DTXSID5025071,775,0.0,0.0
DTXSID5025079,775,0.0,0.0
DTXSID5025100,775,0.0,0.0
DTXSID5025102,775,0.0,0.0
DTXSID5025150,775,0.0,0.0
DTXSID5025152,775,0.0,0.0
DTXSID5025156,775,0.0,0.0
DTXSID5025231,775,8.965311223602112e-19,0.0
DTXSID5025237,775,0.0,0.0
DTXSID5025285,775,0.0,0.0
DTXSID5025310,775,0.0,0.0
DTXSID5025312,775,0.0,0.0
DTXSID5025318,775,0.0,0.0
DTXSID5025364,775,2.421995886151547e-18,0.0
DTXSID5025447,775,0.0,0.0
DTXSID5025449,775,3.0261572907769704e-20,0.0
DTXSID5025491,775,0.0,0.0
DTXSID5025570,775,0.0,0.0
DTXSID5025572,775,0.0,0.0
DTXSID5025574,775,5.696947740793156e-20,0.0
DTXSID5025603,775,0.0,0.0
DTXSID5025607,775,0.0,0.0
DTXSID5025609,775,0.0,0.0
DTXSID5025653,775,0.0,0.0
DTXSID5025657,775,0.0,0.0
DTXSID5025659,775,0.0,0.0
DTXSID5025730,775,0.0,0.0
DTXSID5025732,775,0.0,0.0
DTXSID5025738,775,0.0,0.0
DTXSID5025811,775,4.835622623787969e-18,0.0
DTXSID5025815,775,0.0,0.0
DTXSID5025819,775,0.0,0.0
DTXSID5025861,775,0.0,0.0
DTXSID5025863,775,6.839377440162222e-17,0.0
DTXSID5025948,775,0.0,0.0
DTXSID5025998,775,0.0,0.0
DTXSID5026049,775,0.00022108535644579824,0.0
DTXSID5026091,775,0.0,0.0
DTXSID5026097,775,0.0,0.0
DTXSID5026120,775,0.0,0.0
DTXSID5026122,775,0.0,0.0
DTXSID5026124,775,0.0,0.0
DTXSID5026174,775,0.0,0.0
DTXSID5026178,775,0.0,0.0
DTXSID5026203,775,0.0,0.0
DTXSID5026205,775,0.0,0.0
DTXSID5026207,775,0.0,0.0
DTXSID5026209,775,0.0,0.0
DTXSID5026251,775,0.0,0.0
DTXSID5026259,775,0.0,0.0
DTXSID5026461,775,0.0,0.0
DTXSID5026544,775,0.0,0.0
DTXSID5026548,775,0.0022948346740035578,0.0
DTXSID5026623,775,4.118559392114594e-22,0.0
DTXSID5026625,775,0.0,0.0
DTXSID5026702,775,2.6918292806770186e-16,0.0
DTXSID5026706,775,1.2215225188531794e-21,0.0
DTXSID5026837,775,0.0,0.0
DTXSID5026881,775,0.0,0.0
DTXSID5026889,775,0.0,0.0
DTXSID5026912,775,0.07659016766055719,0.0
DTXSID5026914,775,0.0,0.0
DTXSID5026918,775,0.0,0.0
DTXSID5027019,775,0.0,0.0
DTXSID5027061,775,0.0,0.0
DTXSID5027063,775,0.0,0.0
DTXSID5027069,775,0.0,0.0
DTXSID5027142,775,4.012986903606958e-20,0.0
DTXSID5027146,775,0.0,0.0
DTXSID5027148,775,4.9090401252395697e-20,0.0
DTXSID5027198,775,0.0,0.0
DTXSID5027223,775,0.0,0.0
DTXSID5027227,775,2.68112360701606e-15,0.0
DTXSID5027229,775,0.0,0.0
DTXSID5027279,775,0.0,0.0
DTXSID5027300,775,1.0061741764725363e-12,0.0
DTXSID5027302,775,0.0,0.0
DTXSID5027304,775,6.637651667730683e-14,0.0
DTXSID5027308,775,1.4702827693052439e-15,0.0
DTXSID5027352,775,0.0,0.0
DTXSID5027356,775,0.0,0.0
DTXSID5027358,775,0.0,0.0
DTXSID5027433,775,2.3140644226010406e-12,0.0
DTXSID5027487,775,0.0,0.0
DTXSID5027489,775,0.0,0.0
DTXSID5027512,775,0.0,0.0
DTXSID5027518,775,1.8936375731063586e-20,0.0
DTXSID5027641,775,6.627497204014437e-06,0.0
DTXSID5027647,775,3.040904463159537e-19,0.0
DTXSID5027728,775,0.0,0.0
DTXSID5027770,775,0.0,0.0
DTXSID5027772,775,0.0,0.0
DTXSID5027774,775,0.0,0.0
DTXSID5027803,775,7.211394516364827e-18,0.0
DTXSID5027805,775,0.0,0.0
DTXSID5027851,775,0.0,0.0
DTXSID5027857,775,0.0,0.0
DTXSID5027932,775,9.27612650175417e-20,0.0
DTXSID5027936,775,0.0,0.0
DTXSID5027982,775,0.0,0.0
DTXSID5028033,775,5.353804064000022e-21,0.0
DTXSID5028114,775,0.0,0.0
DTXSID5028665,775,4.0945407184716825e-20,0.0
DTXSID5029055,775,4.536496601234171e-19,0.0
DTXSID5029059,775,1.0114492772001574e-17,0.0
DTXSID5029136,775,2.100050866519268e-09,0.0
DTXSID5029182,775,5.4414444281502824e-15,0.0
DTXSID5029184,775,0.0,0.0
DTXSID5029186,775,0.0,0.0
DTXSID5029211,775,0.0,0.0
DTXSID5029217,775,2.452274410409934e-09,0.0
DTXSID5029263,775,0.0,0.0
DTXSID5029265,775,1.0129686521000901e-16,0.0
DTXSID5029267,775,0.0,0.0
DTXSID5029683,775,3.37520495244748e-18,0.0
DTXSID5029710,775,0.0,0.0
DTXSID5029762,775,0.0,0.0
DTXSID5030955,775,0.0,0.0
DTXSID5031131,775,0.0,0.0
DTXSID5031133,775,0.0,0.0
DTXSID5031210,775,0.0,0.0
DTXSID5031428,775,0.2077572415190878,0.0
DTXSID5032020,775,1.4214730600977604e-12,0.0
DTXSID5032315,775,0.0,0.0
DTXSID5032361,775,0.0,0.0
DTXSID5032365,775,0.0,0.0
DTXSID5032442,775,0.0,0.0
DTXSID5032498,775,0.0,0.0
DTXSID5032523,775,2.1834575368060368e-17,0.0
DTXSID5032525,775,0.0,0.0
DTXSID5032573,775,0.0,0.0
DTXSID5032577,775,0.0,0.0
DTXSID5032579,775,0.0,0.0
DTXSID5032600,775,0.0,0.0
DTXSID5032654,775,2.263612072262994e-17,0.0
DTXSID5033096,775,0.0,0.0
DTXSID5033098,775,0.0,0.0
DTXSID5033179,775,4.6303603585383896e-17,0.0
DTXSID5033389,775,0.0,0.0
DTXSID5033468,775,0.0,0.0
DTXSID5033595,775,0.0,0.0
DTXSID5033674,775,0.0,0.0
DTXSID5033701,775,0.0,0.0
DTXSID5033757,775,0.0,0.0
DTXSID5033836,775,0.0,0.0
DTXSID5034270,775,0.0,0.0
DTXSID5034303,775,0.0,0.0
DTXSID5034355,775,0.0,0.0
DTXSID5034357,775,0.0,0.0
DTXSID5034698,775,1.5494799524932757e-21,0.0
DTXSID5034723,775,0.0,0.0
DTXSID5034729,775,3.324759738087452e-12,0.0
DTXSID5034773,775,0.0,0.0
DTXSID5034981,775,0.0,0.0
DTXSID5035163,775,0.0,0.0
DTXSID5035589,775,0.0,0.0
DTXSID5035616,775,0.0,0.0
DTXSID5035957,775,,
DTXSID5036684,775,0.0,0.0
DTXSID5037028,775,0.0,0.0
DTXSID5037072,775,2.916234519046717e-17,0.0
DTXSID5037236,775,1.6880859258218753e-09,0.0
DTXSID5037494,775,0.0,0.0
DTXSID5037498,775,0.0,0.0
DTXSID5037523,775,0.0,0.0
DTXSID5037527,775,0.0,0.0
DTXSID5037571,775,0.0,0.0
DTXSID5037577,775,8.168572847028734e-12,0.0
DTXSID5037579,775,0.0,0.0
DTXSID5037731,775,0.0,0.0
DTXSID5037739,775,7.826313337554476e-19,0.0
DTXSID5038830,775,0.0,0.0
DTXSID5038888,775,0.0,0.0
DTXSID5039224,775,0.0,0.0
DTXSID5039721,775,0.0,0.0
DTXSID5040413,775,0.0,0.0
DTXSID5040461,775,0.0,0.0
DTXSID5040465,775,0.000657179442909408,0.0
DTXSID5040540,775,1.5703864950204374e-20,0.0
DTXSID5040625,775,2.8926123599838804e-18,0.0
DTXSID5040675,775,0.0,0.0
DTXSID5040679,775,0.0,0.0
DTXSID5040700,775,0.0,0.0
DTXSID5040702,775,0.0,0.0
DTXSID5040708,775,0.0,0.0
DTXSID5040750,775,0.0,0.0
DTXSID5040758,775,6.289725649671784e-17,0.0
DTXSID5041148,775,0.0,0.0
DTXSID5041190,775,0.0,0.0
DTXSID5041273,775,0.0,0.0
DTXSID5041275,775,0.0,0.0
DTXSID5041279,775,0.0,0.0
DTXSID5041302,775,0.0,0.0
DTXSID5041306,775,0.0004036190341014164,0.0
DTXSID5041308,775,0.0,0.0
DTXSID5041356,775,1.4307950985269447e-20,0.0
DTXSID5041431,775,0.0,0.0
DTXSID5041437,775,0.0,0.0
DTXSID5041439,775,0.0,0.0
DTXSID5041487,775,0.0,0.0
DTXSID5041512,775,0.0,0.0
DTXSID5041514,775,0.0,0.0
DTXSID5041516,775,0.0,0.0
DTXSID5041518,775,0.0,0.0
DTXSID5041641,775,0.0,0.0
DTXSID5041643,775,0.0,0.0
DTXSID5041691,775,9.54559229910145e-16,0.0
DTXSID5041697,775,4.55657669800075e-06,0.0
DTXSID5041699,775,0.0,0.0
DTXSID5041726,775,0.0,0.0
DTXSID5041728,775,,
DTXSID5041772,775,0.0,0.0
DTXSID5041774,775,0.0,0.0
DTXSID5041778,775,1.298909142858949e-20,0.0
DTXSID5041803,775,0.0,0.0
DTXSID5041809,775,0.0,0.0
DTXSID5041851,775,,
DTXSID5042083,775,3.5284361208609932e-09,0.0
DTXSID5042089,775,0.0,0.0
DTXSID5042243,775,,
DTXSID5042247,775,0.0,0.0
DTXSID5042249,775,0.0,0.0
DTXSID5042297,775,3.4297519566150477e-17,0.0
DTXSID5042299,775,0.0,0.0
DTXSID5042320,775,0.0,0.0
DTXSID5042322,775,0.0,0.0
DTXSID5042324,775,0.0,0.0
DTXSID5042451,775,0.0,0.0
DTXSID5042459,775,0.0,0.0
DTXSID5042584,775,0.2979823406387877,0.0
DTXSID5042613,775,6.447320969502674e-18,0.0
DTXSID5043714,775,0.0,0.0
DTXSID5043895,775,0.0,0.0
DTXSID5043897,775,0.0,0.0
DTXSID5044023,775,0.0,0.0
DTXSID5044029,775,0.0,0.0
DTXSID5044239,775,0.0,0.0
DTXSID5044289,775,0.0,0.0
DTXSID5044314,775,0.0,0.0
DTXSID5044316,775,0.0,0.0
DTXSID5044318,775,0.0,0.0
DTXSID5044360,775,0.0,0.0
DTXSID5044362,775,0.0,0.0
DTXSID5044364,775,0.0,0.0
DTXSID5044366,775,5.342650553711641e-15,0.0
DTXSID5044441,775,0.0,0.0
DTXSID5044443,775,0.0,0.0
DTXSID5044445,775,0.0,0.0
DTXSID5044447,775,0.0,0.0
DTXSID5044491,775,9.645613459584045e-09,0.0
DTXSID5044493,775,0.0,0.0
DTXSID5044495,775,0.0,0.0
DTXSID5044520,775,0.0,0.0
DTXSID5044522,775,0.0,0.0
DTXSID5044526,775,0.0,0.0
DTXSID5044528,775,4.177813685648375e-17,0.0
DTXSID5044570,775,0.0,0.0
DTXSID5044572,775,0.0,0.0
DTXSID5044574,775,0.0,0.0
DTXSID5044576,775,0.0,0.0
DTXSID5044578,775,0.0,0.0
DTXSID5044603,775,1.7629038181783293e-05,0.0
DTXSID5044607,775,0.0,0.0
DTXSID5044609,775,0.0,0.0
DTXSID5044655,775,0.0,0.0
DTXSID5044732,775,0.0,0.0
DTXSID5044734,775,0.0,0.0
DTXSID5044738,775,1.8370799976042073e-17,0.0
DTXSID5044780,775,0.0,0.0
DTXSID5044782,775,,
DTXSID5044784,775,0.0,0.0
DTXSID5044786,775,1.510006454824633e-11,0.0
DTXSID5044788,775,0.0,0.0
DTXSID5044811,775,0.0,0.0
DTXSID5044815,775,0.0,0.0
DTXSID5044817,775,0.0,0.0
DTXSID5044819,775,0.0,0.0
DTXSID5044863,775,0.0,0.0
DTXSID5044865,775,8.429750276105837e-18,0.0
DTXSID5044867,775,0.0,0.0
DTXSID5044869,775,5.332452274585537e-17,0.0
DTXSID5044940,775,0.0,0.0
DTXSID5044948,775,0.0,0.0
DTXSID5044990,775,0.0,0.0
DTXSID5044992,775,0.0,0.0
DTXSID5044994,775,0.0,0.0
DTXSID5044996,775,0.0,0.0
DTXSID5044998,775,0.0,0.0
DTXSID5045091,775,2.773046676642933e-18,0.0
DTXSID5045093,775,4.922952628891295e-16,0.0
DTXSID5045099,775,0.0,0.0
DTXSID5045120,775,0.0,0.0
DTXSID5045122,775,0.0,0.0
DTXSID5045124,775,0.0,0.0
DTXSID5045128,775,0.0,0.0
DTXSID5045170,775,0.0,0.0
DTXSID5045174,775,1.3934370033240924e-18,0.0
DTXSID5045176,775,0.0,0.0
DTXSID5045178,775,2.636402889325159e-17,0.0
DTXSID5045201,775,0.0,0.0
DTXSID5045203,775,0.0,0.0
DTXSID5045205,775,9.128144100596219e-21,0.0
DTXSID5045209,775,0.0,0.0
DTXSID5045330,775,4.435015896147402e-22,0.0
DTXSID5045332,775,2.2802296848486266e-17,0.0
DTXSID5045380,775,0.0,0.0
DTXSID5045382,775,0.02595035943757903,0.0
DTXSID5045384,775,9.014873060928506e-19,0.0
DTXSID5045386,775,5.303498432579974e-18,0.0
DTXSID5045388,775,4.826323375254195e-08,0.0
DTXSID5045413,775,3.980830073777319e-13,0.0
DTXSID5045417,775,3.061558994310563e-21,0.0
DTXSID5045419,775,9.152609328611786e-05,0.0
DTXSID5045461,775,0.0,0.0
DTXSID5045463,775,1.5440646157107107e-11,0.0
DTXSID5045465,775,0.0,0.0
DTXSID5045467,775,0.0,0.0
DTXSID5045469,775,8.600452171551206e-22,0.0
DTXSID5045540,775,0.0,0.0
DTXSID5045542,775,0.0,0.0
DTXSID5045544,775,0.0,0.0
DTXSID5045546,775,1.1317491658221831e-10,0.0
DTXSID5045590,775,9.324258950338158e-09,0.0
DTXSID5045594,775,0.0,0.0
DTXSID5045596,775,8.252877912091185e-05,0.0
DTXSID5045598,775,0.0,0.0
DTXSID5045623,775,0.0,0.0
DTXSID5045625,775,0.0,0.0
DTXSID5045671,775,0.0,0.0
DTXSID5045673,775,0.060425877333675625,0.0
DTXSID5045675,775,0.0,0.0
DTXSID5045677,775,0.0,0.0
DTXSID5045679,775,2.0574433087648373e-19,0.0
DTXSID5045700,775,0.0,0.0
DTXSID5045702,775,0.0,0.0
DTXSID5045704,775,0.0,0.0
DTXSID5045706,775,2.4508668053680594e-14,0.0
DTXSID5045708,775,0.0,0.0
DTXSID5045750,775,0.0,0.0
DTXSID5045752,775,0.002538513576177039,0.0
DTXSID5045756,775,3.31498912572524e-07,0.0
DTXSID5045758,775,0.0,0.0
DTXSID5045831,775,0.0,0.0
DTXSID5045833,775,0.0,0.0
DTXSID5045835,775,0.0,0.0
DTXSID5045839,775,1.152231993716533e-19,0.0
DTXSID5045881,775,0.0,0.0
DTXSID5045883,775,0.0,0.0
DTXSID5045885,775,0.0,0.0
DTXSID5045887,775,8.724382562659949e-18,0.0
DTXSID5045889,775,0.0,0.0
DTXSID5045910,775,0.44853255641456796,0.0
DTXSID5045914,775,0.0,0.0
DTXSID5045916,775,0.0,0.0
DTXSID5045960,775,0.0,0.0
DTXSID5045962,775,0.0,0.0
DTXSID5045964,775,3.4564087328792126e-19,0.0
DTXSID5046011,775,0.0,0.0
DTXSID5046013,775,3.127205971569651e-19,0.0
DTXSID5046015,775,0.0,0.0
DTXSID5046017,775,2.5553437007475145e-17,0.0
DTXSID5046019,775,1.7433585443529888e-17,0.0
DTXSID5046061,775,6.380208816025882e-22,0.0
DTXSID5046063,775,0.0,0.0
DTXSID5046067,775,0.0,0.0
DTXSID5046069,775,1.713909294082417e-20,0.0
DTXSID5046140,775,0.0,0.0
DTXSID5046142,775,0.0,0.0
DTXSID5046144,775,9.030479823452525e-19,0.0
DTXSID5046146,775,0.0,0.0
DTXSID5046148,775,0.19671205120551907,0.0
DTXSID5046190,775,0.0,0.0
DTXSID5046192,775,0.0,0.0
DTXSID5046194,775,0.0,0.0
DTXSID5046196,775,0.0,0.0
DTXSID5046198,775,1.425298725736017e-11,0.0
DTXSID5046221,775,0.30281368855848667,0.0
DTXSID5046223,775,0.0,0.0
DTXSID5046225,775,0.0,0.0
DTXSID5046227,775,0.0,0.0
DTXSID5046229,775,0.0,0.0
DTXSID5046271,775,1.7788851115710212e-07,0.0
DTXSID5046273,775,0.0,0.0
DTXSID5046275,775,0.0,0.0
DTXSID5046277,775,0.0,0.0
DTXSID5046279,775,0.0,0.0
DTXSID5046300,775,0.0,0.0
DTXSID5046306,775,0.0,0.0
DTXSID5046308,775,0.0,0.0
DTXSID5046352,775,0.0,0.0
DTXSID5046354,775,0.0,0.0
DTXSID5046356,775,0.0,0.0
DTXSID5046358,775,6.039629788747936e-11,0.0
DTXSID5046433,775,8.629182212918971e-12,0.0
DTXSID5046435,775,0.0,0.0
DTXSID5046437,775,0.0,0.0
DTXSID5046439,775,0.0,0.0
DTXSID5046481,775,0.0,0.0
DTXSID5046483,775,0.0,0.0
DTXSID5046485,775,0.0,0.0
DTXSID5046487,775,0.0,0.0
DTXSID5046489,775,1.6864632574787057e-16,0.0
DTXSID5046510,775,0.0,0.0
DTXSID5046512,775,0.0,0.0
DTXSID5046516,775,0.0,0.0
DTXSID5046518,775,0.0,0.0
DTXSID5046560,775,0.0,0.0
DTXSID5046562,775,0.0,0.0
DTXSID5046564,775,7.183918725510456e-10,0.0
DTXSID5046566,775,0.0,0.0
DTXSID5046568,775,0.0,0.0
DTXSID5046641,775,0.0044370342662738765,0.0
DTXSID5046643,775,2.5557833533694193e-17,0.0
DTXSID5046647,775,0.0,0.0
DTXSID5046649,775,0.0,0.0
DTXSID5046691,775,0.3149444433426152,0.0
DTXSID5046693,775,0.0,0.0
DTXSID5046695,775,0.0,0.0
DTXSID5046697,775,0.0,0.0
DTXSID5046699,775,0.0,0.0
DTXSID5046720,775,0.0,0.0
DTXSID5046722,775,0.0,0.0
DTXSID5046724,775,0.0,0.0
DTXSID5046726,775,0.0,0.0
DTXSID5046728,775,0.0,0.0
DTXSID5046770,775,2.5455589727130884e-17,0.0
DTXSID5046772,775,0.0,0.0
DTXSID5046776,775,0.0,0.0
DTXSID5046778,775,1.5254149433752826e-07,0.0
DTXSID5046801,775,0.0,0.0
DTXSID5046803,775,1.0959280787716204e-17,0.0
DTXSID5046805,775,0.0,0.0
DTXSID5046807,775,4.1747949819165237e-10,0.0
DTXSID5046851,775,0.0,0.0
DTXSID5046853,775,1.6319346265771403e-15,0.0
DTXSID5046855,775,6.338912738203109e-20,0.0
DTXSID5046857,775,9.333020289811808e-15,0.0
DTXSID5046859,775,0.0,0.0
DTXSID5046938,775,9.05748850244013e-20,0.0
DTXSID5046980,775,0.00011776436977969991,0.0
DTXSID5046986,775,0.0,0.0
DTXSID5046988,775,0.0,0.0
DTXSID5047031,775,0.0,0.0
DTXSID5047033,775,4.931090634961907e-18,0.0
DTXSID5047035,775,4.400765605150745e-17,0.0
DTXSID5047037,775,0.0,0.0
DTXSID5047039,775,3.556306845682577e-17,0.0
DTXSID5047081,775,0.0,0.0
DTXSID5047083,775,0.0,0.0
DTXSID5047085,775,0.0,0.0
DTXSID5047087,775,0.0,0.0
DTXSID5047089,775,3.980205470427195e-18,0.0
DTXSID5047110,775,0.0,0.0
DTXSID5047112,775,0.0,0.0
DTXSID5047116,775,0.0,0.0
DTXSID5047118,775,8.325115083258246e-13,0.0
DTXSID5047160,775,0.0,0.0
DTXSID5047162,775,0.0,0.0
DTXSID5047164,775,3.557238428204134e-14,0.0
DTXSID5047166,775,0.0,0.0
DTXSID5047168,775,2.1558438524096986e-19,0.0
DTXSID5047241,775,0.0,0.0
DTXSID5047243,775,0.0,0.0
DTXSID5047249,775,9.499149967125095e-19,0.0
DTXSID5047291,775,0.03906400514425893,0.0
DTXSID5047295,775,1.820573323345722e-14,0.0
DTXSID5047297,775,0.0,0.0
DTXSID5047299,775,3.8991717947930155e-19,0.0
DTXSID5047320,775,0.0,0.0
DTXSID5047322,775,0.0,0.0
DTXSID5047324,775,0.0,0.0
DTXSID5047328,775,0.0,0.0
DTXSID5047372,775,4.4655895501520614e-08,0.0
DTXSID5047374,775,2.2713161744306947e-08,0.0
DTXSID5047376,775,4.566857041836276e-19,0.0
DTXSID5047405,775,0.0,0.0
DTXSID5047451,775,0.0,0.0
DTXSID5047453,775,0.0,0.0
DTXSID5047459,775,0.0,0.0
DTXSID5047530,775,0.0,0.0
DTXSID5047538,775,0.0,0.0
DTXSID5047582,775,0.0,0.0
DTXSID5047584,775,0.0,0.0
DTXSID5047611,775,0.0,0.0
DTXSID5047617,775,0.0,0.0
DTXSID5047661,775,2.3858687859096964e-10,0.0
DTXSID5047663,775,0.0,0.0
DTXSID5047665,775,8.503282652247962e-18,0.0
DTXSID5047667,775,0.0,0.0
DTXSID5047744,775,0.0,0.0
DTXSID5047790,775,4.990953944698813e-22,0.0
DTXSID5047796,775,0.0,0.0
DTXSID5047825,775,0.0,0.0
DTXSID5047829,775,0.0,0.0
DTXSID5047871,775,0.0,0.0
DTXSID5047873,775,0.0,0.0
DTXSID5047875,775,0.0,0.0
DTXSID5047877,775,0.0,0.0
DTXSID5047879,775,0.0,0.0
DTXSID5047900,775,0.0,0.0
DTXSID5047902,775,0.0,0.0
DTXSID5047904,775,0.0,0.0
DTXSID5047906,775,9.354852923681312e-18,0.0
DTXSID5047908,775,7.374650374356025e-22,0.0
DTXSID5047950,775,0.0,0.0
DTXSID5047952,775,0.0,0.0
DTXSID5047954,775,0.0,0.0
DTXSID5047956,775,6.0698130466282824e-06,0.0
DTXSID5048180,775,0.0,0.0
DTXSID5048182,775,3.7957225336959256e-10,0.0
DTXSID5048184,775,7.414575198835445e-10,0.0
DTXSID5048186,775,0.0,0.0
DTXSID5048188,775,0.0,0.0
DTXSID5048211,775,0.0,0.0
DTXSID5048421,775,0.0,0.0
DTXSID5048506,775,0.0,0.0
DTXSID5048631,775,0.0,0.0
DTXSID5048633,775,0.0,0.0
DTXSID5048635,775,0.0,0.0
DTXSID5048637,775,0.0,0.0
DTXSID5048639,775,0.0,0.0
DTXSID5048681,775,1.34632774632124e-19,0.0
DTXSID5048683,775,0.0,0.0
DTXSID5048685,775,0.0,0.0
DTXSID5048687,775,0.0,0.0
DTXSID5048689,775,9.314786702711208e-07,0.0
DTXSID5048710,775,0.0,0.0
DTXSID5048712,775,0.0,0.0
DTXSID5048714,775,0.0,0.0
DTXSID5048716,775,0.0,0.0
DTXSID5048718,775,8.098323143368793e-08,0.0
DTXSID5048760,775,0.0,0.0
DTXSID5048762,775,0.0,0.0
DTXSID5048764,775,0.0,0.0
DTXSID5048766,775,0.0,0.0
DTXSID5048768,775,7.13943044776559e-10,0.0
DTXSID5048841,775,0.0,0.0
DTXSID5048843,775,0.0,0.0
DTXSID5048845,775,0.0,0.0
DTXSID5048847,775,0.0,0.0
DTXSID5048849,775,0.0,0.0
DTXSID5048891,775,0.0,0.0
DTXSID5048893,775,0.0,0.0
DTXSID5048895,775,0.0,0.0
DTXSID5048897,775,0.0,0.0
DTXSID5048899,775,0.1643525352358689,0.0
DTXSID5048920,775,0.0,0.0
DTXSID5048922,775,0.0,0.0
DTXSID5048924,775,8.573158548285582e-16,0.0
DTXSID5048926,775,0.0,0.0
DTXSID5048928,775,0.0,0.0
DTXSID5048970,775,0.0,0.0
DTXSID5048972,775,0.0,0.0
DTXSID5048974,775,0.0,0.0
DTXSID5048976,775,0.0,0.0
DTXSID5048978,775,0.0,0.0
DTXSID5049021,775,0.0,0.0
DTXSID5049023,775,0.0,0.0
DTXSID5049025,775,0.004119906600787289,0.0
DTXSID5049027,775,0.0,0.0
DTXSID5049029,775,5.140167852121268e-21,0.0
DTXSID5049071,775,0.0,0.0
DTXSID5049073,775,0.0,0.0
DTXSID5049075,775,0.0,0.0
DTXSID5049077,775,1.999385063533533e-20,0.0
DTXSID5049079,775,0.0,0.0
DTXSID5049231,775,6.924373817611924e-22,0.0
DTXSID5049233,775,0.0,0.0
DTXSID5049235,775,0.0,0.0
DTXSID5049237,775,0.0,0.0
DTXSID5049239,775,0.0,0.0
DTXSID5049281,775,0.0,0.0
DTXSID5049283,775,0.0,0.0
DTXSID5049285,775,0.0,0.0
DTXSID5049287,775,0.0,0.0
DTXSID5049289,775,0.0,0.0
DTXSID5049310,775,0.0,0.0
DTXSID5049312,775,0.2227574197950734,0.0
DTXSID5049314,775,0.0,0.0
DTXSID5049316,775,0.0,0.0
DTXSID5049318,775,1.4574924581347964e-10,0.0
DTXSID5049360,775,0.0,0.0
DTXSID5049362,775,0.0,0.0
DTXSID5049364,775,0.0,0.0
DTXSID5049366,775,0.0,0.0
DTXSID5049368,775,0.0,0.0
DTXSID5049445,775,0.0,0.0
DTXSID5049447,775,0.0,0.0
DTXSID5049449,775,0.0,0.0
DTXSID5049491,775,0.0,0.0
DTXSID5049493,775,0.0,0.0
DTXSID5049495,775,1.0238409001587249e-22,0.0
DTXSID5049497,775,0.0,0.0
DTXSID5049499,775,7.313742929222843e-20,0.0
DTXSID5049520,775,0.0,0.0
DTXSID5049522,775,0.0,0.0
DTXSID5049524,775,0.0,0.0
DTXSID5049526,775,0.0,0.0
DTXSID5049528,775,0.0,0.0
DTXSID5050426,775,0.0,0.0
DTXSID5051440,775,0.0,0.0
DTXSID6020014,775,2.003754550864434e-13,0.0
DTXSID6020062,775,0.0,0.0
DTXSID6020064,775,0.0,0.0
DTXSID6020066,775,1.560772034899952e-09,0.0
DTXSID6020068,775,0.0,0.0
DTXSID6020141,775,0.0,0.0
DTXSID6020143,775,0.0,0.0
DTXSID6020145,775,5.828897052283285e-19,0.0
DTXSID6020147,775,0.0,0.0
DTXSID6020149,775,0.0,0.0
DTXSID6020193,775,0.0,0.0
DTXSID6020197,775,0.18625819839256674,0.0
DTXSID6020199,775,0.0,0.0
DTXSID6020220,775,0.0,0.0
DTXSID6020222,775,0.0,0.0
DTXSID6020224,775,6.151522195995986e-17,0.0
DTXSID6020226,775,0.0,0.0
DTXSID6020274,775,5.294681356193736e-09,0.0
DTXSID6020276,775,2.401857186397646e-22,0.0
DTXSID6020278,775,2.1906881882079033e-17,0.0
DTXSID6020303,775,0.0,0.0
DTXSID6020307,775,0.0,0.0
DTXSID6020309,775,0.0,0.0
DTXSID6020355,775,0.0,0.0
DTXSID6020357,775,0.0,0.0
DTXSID6020359,775,0.0,0.0
DTXSID6020430,775,0.0,0.0
DTXSID6020432,775,0.0,0.0
DTXSID6020434,775,0.0,0.0
DTXSID6020438,775,2.042890601406062e-19,0.0
DTXSID6020480,775,0.0,0.0
DTXSID6020484,775,2.498053299491104e-21,0.0
DTXSID6020511,775,1.848723070855627e-08,0.0
DTXSID6020513,775,0.0,0.0
DTXSID6020515,775,0.0,0.0
DTXSID6020517,775,0.0,0.0
DTXSID6020561,775,3.1040396148722054e-22,0.0
DTXSID6020569,775,4.39656207894001e-22,0.0
DTXSID6020646,775,0.0,0.0
DTXSID6020648,775,0.0,0.0
DTXSID6020690,775,0.0001099042039169837,0.0
DTXSID6020692,775,0.0,0.0
DTXSID6020694,775,0.0,0.0
DTXSID6020696,775,0.0,0.0
DTXSID6020721,775,0.0,0.0
DTXSID6020771,775,0.0,0.0
DTXSID6020777,775,0.0,0.0
DTXSID6020779,775,0.0,0.0
DTXSID6020802,775,0.0,0.0
DTXSID6020804,775,0.008373187330964682,0.0
DTXSID6020856,775,0.0,0.0
DTXSID6020933,775,0.0,0.0
DTXSID6020937,775,0.0,0.0
DTXSID6020939,775,0.0,0.0
DTXSID6020981,775,1.3823242847937976e-20,0.0
DTXSID6020983,775,0.22542880122343192,0.0
DTXSID6020985,775,0.0,0.0
DTXSID6021030,775,0.0,0.0
DTXSID6021032,775,0.0,0.0
DTXSID6021036,775,5.723987283663592e-11,0.0
DTXSID6021080,775,0.0,0.0
DTXSID6021082,775,0.0,0.0
DTXSID6021084,775,3.9566788835688264e-13,0.0
DTXSID6021086,775,1.2736049406588964e-15,0.0
DTXSID6021113,775,0.0,0.0
DTXSID6021117,775,3.8010012689366815e-07,0.0
DTXSID6021163,775,9.885093304038884e-10,0.0
DTXSID6021165,775,0.0,0.0
DTXSID6021240,775,1.0491987002360517e-12,0.0
DTXSID6021244,775,0.0,0.0
DTXSID6021246,775,1.0844643964914914e-21,0.0
DTXSID6021248,775,1.0474246468160328e-12,0.0
DTXSID6021290,775,0.0,0.0
DTXSID6021292,775,2.655611256668192e-19,0.0
DTXSID6021294,775,3.0747393403508185e-09,0.0
DTXSID6021296,775,0.0,0.0
DTXSID6021321,775,0.3434525630376658,0.0
DTXSID6021327,775,0.0,0.0
DTXSID6021371,775,0.0,0.0
DTXSID6021373,775,0.7131198063242317,0.0
DTXSID6021375,775,0.0,0.0
DTXSID6021377,775,0.0,0.0
DTXSID6021379,775,0.0,0.0
DTXSID6021402,775,2.4180621406234175e-16,0.0
DTXSID6021404,775,0.0,0.0
DTXSID6021408,775,0.0,0.0
DTXSID6021456,775,,
DTXSID6021458,775,0.0,0.0
DTXSID6021581,775,0.0,0.0
DTXSID6021583,775,0.0,0.0
DTXSID6021585,775,0.0,0.0
DTXSID6021610,775,0.0,0.0
DTXSID6021618,775,0.0,0.0
DTXSID6021660,775,0.0,0.0
DTXSID6021666,775,0.0,0.0
DTXSID6021668,775,0.0,0.0
DTXSID6021741,775,1.6915973699754507e-20,0.0
DTXSID6021749,775,0.0,0.0
DTXSID6021793,775,0.0,0.0
DTXSID6021795,775,0.0,0.0
DTXSID6021799,775,2.7113262396301355e-20,0.0
DTXSID6021820,775,0.0,0.0
DTXSID6021822,775,5.5179576422427915e-11,0.0
DTXSID6021824,775,0.0,0.0
DTXSID6021828,775,0.0,0.0
DTXSID6021872,775,2.76524775785654e-17,0.0
DTXSID6021874,775,0.0,0.0
DTXSID6021901,775,0.0,0.0
DTXSID6021907,775,0.00778341581982904,0.0
DTXSID6021909,775,0.012699433261437675,0.0
DTXSID6021953,775,0.0,0.0
DTXSID6021957,775,1.1011353752103268e-21,0.0
DTXSID6021959,775,0.0,0.0
DTXSID6022000,775,0.0,0.0
DTXSID6022004,775,0.0,0.0
DTXSID6022006,775,0.0,0.0
DTXSID6022008,775,0.0,0.0
DTXSID6022050,775,0.0,0.0
DTXSID6022056,775,0.0,0.0
DTXSID6022058,775,0.0,0.0
DTXSID6022131,775,0.0,0.0
DTXSID6022133,775,0.0,0.0
DTXSID6022137,775,0.0,0.0
DTXSID6022187,775,0.0,0.0
DTXSID6022218,775,1.232804352533683e-19,0.0
DTXSID6022341,775,0.0,0.0
DTXSID6022345,775,0.0,0.0
DTXSID6022391,775,6.021143221439478e-18,0.0
DTXSID6022393,775,0.0,0.0
DTXSID6022399,775,0.5766095965734345,0.0
DTXSID6022420,775,0.0,0.0
DTXSID6022422,775,0.0,0.0
DTXSID6022472,775,0.0,0.0
DTXSID6022474,775,3.2083156402208502e-19,0.0
DTXSID6022553,775,5.597379618002479e-05,0.0
DTXSID6022555,775,7.13628151004363e-15,0.0
DTXSID6022557,775,1.7406498085757076e-14,0.0
DTXSID6022559,775,9.872592216387107e-13,0.0
DTXSID6022630,775,0.0,0.0
DTXSID6022632,775,0.0,0.0
DTXSID6022636,775,0.0,0.0
DTXSID6022684,775,0.007173831466458535,0.0
DTXSID6022719,775,0.0,0.0
DTXSID6022842,775,0.0,0.0
DTXSID6022844,775,3.967515904913994e-17,0.0
DTXSID6022846,775,0.0,0.0
DTXSID6022892,775,0.0,0.0
DTXSID6022894,775,6.594335115691658e-19,0.0
DTXSID6022898,775,1.4674087621768727e-13,0.0
DTXSID6022927,775,0.0,0.0
DTXSID6022973,775,1.4641834627478039e-16,0.0
DTXSID6022975,775,0.0,0.0
DTXSID6022977,775,0.05210468633911774,0.0
DTXSID6023020,775,0.0,0.0
DTXSID6023024,775,0.0,0.0
DTXSID6023028,775,0.0,0.0
DTXSID6023076,775,0.0,0.0
DTXSID6023078,775,0.0,0.0
DTXSID6023101,775,0.0,0.0
DTXSID6023103,775,5.845232373784551e-19,0.0
DTXSID6023109,775,0.0,0.0
DTXSID6023153,775,0.0,0.0
DTXSID6023155,775,0.0,0.0
DTXSID6023157,775,0.0,0.0
DTXSID6023159,775,0.0,0.0
DTXSID6023232,775,1.59959701441708e-16,0.0
DTXSID6023280,775,0.0,0.0
DTXSID6023286,775,0.0,0.0
DTXSID6023313,775,1.1005142163672386e-16,0.0
DTXSID6023315,775,0.0,0.0
DTXSID6023317,775,1.8157129725333322e-20,0.0
DTXSID6023319,775,0.0,0.0
DTXSID6023363,775,0.0,0.0
DTXSID6023365,775,0.0,0.0
DTXSID6023367,775,2.4277996995214937e-19,0.0
DTXSID6023369,775,0.0,0.0
DTXSID6023440,775,2.3640541466970764e-20,0.0
DTXSID6023442,775,1.9943173283365933e-12,0.0
DTXSID6023490,775,0.0,0.0
DTXSID6023492,775,0.00011354734655423567,0.0
DTXSID6023496,775,0.0,0.0
DTXSID6023523,775,0.0,0.0
DTXSID6023529,775,0.0,0.0
DTXSID6023571,775,0.0,0.0
DTXSID6023600,775,0.0,0.0
DTXSID6023602,775,0.0,0.0
DTXSID6023608,775,0.0,0.0
DTXSID6023650,775,0.0,0.0
DTXSID6023652,775,4.136996245446338e-18,0.0
DTXSID6023656,775,0.0,0.0
DTXSID6023658,775,2.962172380040792e-05,0.0
DTXSID6023733,775,3.4961131905146206e-22,0.0
DTXSID6023735,775,0.0,0.0
DTXSID6023737,775,0.0,0.0
DTXSID6023810,775,1.05530544715203e-19,0.0
DTXSID6023862,775,0.0,0.0
DTXSID6023864,775,0.0,0.0
DTXSID6023868,775,0.0,0.0
DTXSID6023947,775,0.0,0.0
DTXSID6023997,775,8.436135403366394e-18,0.0
DTXSID6023999,775,0.0,0.0
DTXSID6024046,775,0.0,0.0
DTXSID6024048,775,1.275308176834514e-18,0.0
DTXSID6024123,775,0.0,0.0
DTXSID6024127,775,0.0,0.0
DTXSID6024175,775,0.0,0.0
DTXSID6024177,775,1.3530373100305066e-20,0.0
DTXSID6024200,775,2.8360052852733032e-18,0.0
DTXSID6024204,775,0.0,0.0
DTXSID6024206,775,8.93739682778983e-13,0.0
DTXSID6024254,775,0.0,0.0
DTXSID6024331,775,0.0,0.0
DTXSID6024337,775,1.2780681406487764e-20,0.0
DTXSID6024412,775,0.0,0.0
DTXSID6024414,775,0.0,0.0
DTXSID6024460,775,0.0,0.0
DTXSID6024462,775,0.0001945107467091157,0.0
DTXSID6024466,775,6.372205878903953e-12,0.0
DTXSID6024591,775,0.0,0.0
DTXSID6024597,775,2.3258663235190442e-19,0.0
DTXSID6024599,775,0.0,0.0
DTXSID6024622,775,0.0,0.0
DTXSID6024624,775,5.095167212164723e-19,0.0
DTXSID6024628,775,0.0,0.0
DTXSID6024670,775,1.1029516074830537e-15,0.0
DTXSID6024674,775,0.0,0.0
DTXSID6024676,775,0.0,0.0
DTXSID6024701,775,0.0,0.0
DTXSID6024832,775,0.0,0.0
DTXSID6024834,775,0.0,0.0
DTXSID6024836,775,0.0,0.0
DTXSID6024880,775,0.0,0.0
DTXSID6024882,775,8.334260362895144e-13,0.0
DTXSID6024886,775,0.0,0.0
DTXSID6024888,775,6.512150468753025e-17,0.0
DTXSID6024911,775,1.5933225198162483e-12,0.0
DTXSID6024913,775,0.0,0.0
DTXSID6024915,775,0.0,0.0
DTXSID6024917,775,0.0,0.0
DTXSID6024961,775,2.608470222766587e-12,0.0
DTXSID6024965,775,0.0,0.0
DTXSID6024967,775,0.0,0.0
DTXSID6025010,775,0.0,0.0
DTXSID6025012,775,0.0,0.0
DTXSID6025014,775,0.0,0.0
DTXSID6025018,775,0.0,0.0
DTXSID6025064,775,0.0,0.0
DTXSID6025068,775,6.407966756555152e-19,0.0
DTXSID6025141,775,0.0,0.0
DTXSID6025143,775,2.1693443317555612e-14,0.0
DTXSID6025145,775,2.1029653451138118e-17,0.0
DTXSID6025149,775,8.3316052928795635e-19,0.0
DTXSID6025220,775,8.776668915596216e-20,0.0
DTXSID6025226,775,1.4970618469225806e-19,0.0
DTXSID6025272,775,4.2870049151802005e-18,0.0
DTXSID6025276,775,0.0,0.0
DTXSID6025278,775,0.0,0.0
DTXSID6025301,775,5.979004254550805e-22,0.0
DTXSID6025303,775,1.5336304859578714e-18,0.0
DTXSID6025307,775,5.464543426065288e-21,0.0
DTXSID6025309,775,0.0,0.0
DTXSID6025355,775,0.0,0.0
DTXSID6025436,775,3.119174985448372e-12,0.0
DTXSID6025438,775,0.0,0.0
DTXSID6025480,775,0.0,0.0
DTXSID6025486,775,0.0,0.0
DTXSID6025513,775,1.3920751161776178e-05,0.0
DTXSID6025565,775,0.0010698950940607533,0.0
DTXSID6025567,775,2.83552088509859e-17,0.0
DTXSID6025569,775,0.0,0.0
DTXSID6025640,775,0.0,0.0
DTXSID6025642,775,0.0,0.0
DTXSID6025690,775,0.0,0.0
DTXSID6025692,775,0.0,0.0
DTXSID6025696,775,8.281903241885247e-11,0.0
DTXSID6025723,775,0.0,0.0
DTXSID6025725,775,0.0,0.0
DTXSID6025775,775,0.0,0.0
DTXSID6025804,775,0.0,0.0
DTXSID6025850,775,0.0,0.0
DTXSID6025854,775,0.0,0.0
DTXSID6025939,775,0.0,0.0
DTXSID6025983,775,2.2917922599655296e-15,0.0
DTXSID6026080,775,0.0,0.0
DTXSID6026082,775,0.0,0.0
DTXSID6026084,775,0.0,0.0
DTXSID6026088,775,0.0,0.0
DTXSID6026115,775,2.7322770373222506e-21,0.0
DTXSID6026119,775,0.0,0.0
DTXSID6026161,775,0.0,0.0
DTXSID6026167,775,0.0,0.0
DTXSID6026169,775,0.0,0.0
DTXSID6026240,775,0.0,0.0
DTXSID6026292,775,0.0,0.0
DTXSID6026294,775,5.270800053888678e-14,0.0
DTXSID6026298,775,1.2550451779584256e-18,0.0
DTXSID6026325,775,0.0,0.0
DTXSID6026373,775,0.0,0.0
DTXSID6026450,775,0.0,0.0
DTXSID6026535,775,0.0,0.0
DTXSID6026537,775,6.240246807721584e-20,0.0
DTXSID6026612,775,1.4347736866380902e-20,0.0
DTXSID6026664,775,0.0,0.0
DTXSID6026797,775,8.226048601668637e-20,0.0
DTXSID6026799,775,3.31463182730441e-20,0.0
DTXSID6026824,775,3.0503082503673244e-21,0.0
DTXSID6026872,775,0.0,0.0
DTXSID6026878,775,1.52055654885206e-13,0.0
DTXSID6026901,775,0.0,0.0
DTXSID6026905,775,0.0,0.0
DTXSID6026955,775,0.0,0.0
DTXSID6027050,775,0.0,0.0
DTXSID6027052,775,0.0,0.0
DTXSID6027131,775,0.0,0.0
DTXSID6027133,775,0.0,0.0
DTXSID6027137,775,0.0,0.0
DTXSID6027181,775,1.6645966174184346e-05,0.0
DTXSID6027185,775,0.0,0.0
DTXSID6027214,775,0.0,0.0
DTXSID6027218,775,3.3117513575745797e-20,0.0
DTXSID6027262,775,0.0,0.0
DTXSID6027266,775,0.0,0.0
DTXSID6027268,775,3.139372591151977e-12,0.0
DTXSID6027341,775,0.0,0.0
DTXSID6027343,775,7.814706301998829e-20,0.0
DTXSID6027345,775,0.0,0.0
DTXSID6027395,775,0.0,0.0
DTXSID6027397,775,6.555727325611858e-20,0.0
DTXSID6027503,775,0.0,0.0
DTXSID6027507,775,7.156422740986715e-18,0.0
DTXSID6027509,775,0.0,0.0
DTXSID6027551,775,0.0,0.0
DTXSID6027636,775,0.0,0.0
DTXSID6027713,775,0.0,0.0
DTXSID6027844,775,0.0,0.0
DTXSID6027921,775,9.783934718128623e-09,0.0
DTXSID6027923,775,0.0,0.0
DTXSID6027925,775,0.0,0.0
DTXSID6027975,775,1.4192235319353586e-16,0.0
DTXSID6028022,775,0.0,0.0
DTXSID6028028,775,0.0,0.0
DTXSID6029121,775,0.0,0.0
DTXSID6029127,775,0.0,0.0
DTXSID6029202,775,0.0,0.0
DTXSID6029250,775,2.004777605440822e-20,0.0
DTXSID6029254,775,0.0,0.0
DTXSID6029331,775,6.458579367220362e-13,0.0
DTXSID6029335,775,2.3044147350114875e-18,0.0
DTXSID6029626,775,1.0461737130099624e-16,0.0
DTXSID6029670,775,5.189095429057451e-16,0.0
DTXSID6029703,775,0.0,0.0
DTXSID6029707,775,0.0,0.0
DTXSID6029755,775,0.0,0.0
DTXSID6030607,775,2.0367719842409073e-10,0.0
DTXSID6031209,775,0.0,0.0
DTXSID6031380,775,0.0,0.0
DTXSID6031461,775,0.0,0.0
DTXSID6032061,775,1.1817418831092858e-15,0.0
DTXSID6032192,775,0.0,0.0
DTXSID6032352,775,0.0,0.0
DTXSID6032354,775,0.0,0.0
DTXSID6032356,775,7.787294501850132e-22,0.0
DTXSID6032358,775,0.0,0.0
DTXSID6032431,775,0.0,0.0
DTXSID6032437,775,1.1045663440414704e-12,0.0
DTXSID6032514,775,6.160668203966101e-05,0.0
DTXSID6032516,775,0.0,0.0
DTXSID6032518,775,0.0,0.0
DTXSID6032562,775,0.0,0.0
DTXSID6032641,775,6.313353838670548e-22,0.0
DTXSID6032645,775,0.0,0.0
DTXSID6032647,775,0.0,0.0
DTXSID6032649,775,4.260953729090672e-22,0.0
DTXSID6032722,775,2.0527328211104416e-18,0.0
DTXSID6033241,775,0.0,0.0
DTXSID6033247,775,0.0,0.0
DTXSID6033326,775,0.0,0.0
DTXSID6033401,775,0.0,0.0
DTXSID6033538,775,6.34943074519505e-17,0.0
DTXSID6033825,775,3.803684762278688e-20,0.0
DTXSID6034005,775,7.056547975963886e-11,0.0
DTXSID6034186,775,0.0,0.0
DTXSID6034265,775,0.0,0.0
DTXSID6034392,775,0.0,0.0
DTXSID6034764,775,0.0,0.0
DTXSID6034849,775,0.0,0.0
DTXSID6034924,775,0.0,0.0
DTXSID6034928,775,0.0,0.0
DTXSID6034972,775,4.747494771059231e-15,0.0
DTXSID6035106,775,0.0,0.0
DTXSID6035152,775,0.0,0.0
DTXSID6035156,775,0.0,0.0
DTXSID6035285,775,0.0,0.0
DTXSID6035491,775,1.3958855236328407e-17,0.0
DTXSID6035784,775,0.0,0.0
DTXSID6036467,775,0.09327036117347204,0.0
DTXSID6037015,775,0.0,0.0
DTXSID6037069,775,0.0,0.0
DTXSID6037649,775,9.711160397521528e-18,0.0
DTXSID6037697,775,0.0,0.0
DTXSID6037728,775,0.0,0.0
DTXSID6038798,775,0.0,0.0
DTXSID6038875,775,0.0,0.0
DTXSID6038877,775,0.40557372702442107,0.0
DTXSID6040111,775,0.0,0.0
DTXSID6040115,775,2.1287753305137142e-22,0.0
DTXSID6040246,775,0.0,0.0
DTXSID6040290,775,0.0,0.0
DTXSID6040296,775,0.0,0.0
DTXSID6040371,775,0.0,0.0
DTXSID6040404,775,2.5548664240660973e-05,0.0
DTXSID6040583,775,4.834931104942554e-07,0.0
DTXSID6040614,775,0.0,0.0
DTXSID6040662,775,3.1591149877228696e-14,0.0
DTXSID6040664,775,0.0,0.0
DTXSID6040666,775,0.0,0.0
DTXSID6040668,775,0.468571485811945,0.0
DTXSID6040745,775,3.1869892542838606e-16,0.0
DTXSID6040747,775,0.0,0.0
DTXSID6040795,775,0.0,0.0
DTXSID6041056,775,0.0,0.0
DTXSID6041133,775,0.0,0.0
DTXSID6041137,775,0.0,0.0
DTXSID6041185,775,0.0,0.0
DTXSID6041210,775,0.0,0.0
DTXSID6041268,775,0.0,0.0
DTXSID6041347,775,0.0,0.0
DTXSID6041349,775,0.0,0.0
DTXSID6041420,775,6.542986442691187e-20,0.0
DTXSID6041422,775,0.6203541290843834,0.0
DTXSID6041424,775,0.0,0.0
DTXSID6041426,775,0.0,0.0
DTXSID6041472,775,1.993405997027486e-15,0.0
DTXSID6041507,775,0.0,0.0
DTXSID6041557,775,0.0,0.0
DTXSID6041636,775,0.0,0.0
DTXSID6041638,775,0.0,0.0
DTXSID6041680,775,3.0409399512481076e-22,0.0
DTXSID6041682,775,0.0,0.0
DTXSID6041684,775,6.320180536506681e-17,0.0
DTXSID6041688,775,0.0,0.0
DTXSID6041715,775,0.0,0.0
DTXSID6041719,775,0.0,0.0
DTXSID6041761,775,4.361307114075278e-20,0.0
DTXSID6041844,775,0.0,0.0
DTXSID6041892,775,0.0,0.0
DTXSID6041925,775,0.0,0.0
DTXSID6041927,775,0.0,0.0
DTXSID6041973,775,0.0,0.0
DTXSID6041977,775,0.0,0.0
DTXSID6042072,775,0.0,0.0
DTXSID6042074,775,0.0,0.0
DTXSID6042157,775,0.0,0.0
DTXSID6042232,775,1.6045167279008136e-15,0.0
DTXSID6042234,775,0.0,0.0
DTXSID6042280,775,0.0,0.0
DTXSID6042315,775,0.0,0.0
DTXSID6042365,775,0.12878248095664,0.0
DTXSID6042369,775,0.004980328289492442,0.0
DTXSID6042440,775,0.0,0.0
DTXSID6042448,775,3.505116384315565e-21,0.0
DTXSID6042490,775,0.0,0.0
DTXSID6042494,775,0.0,0.0
DTXSID6042498,775,1.0843153792836146e-17,0.0
DTXSID6042521,775,1.2839895275734364e-14,0.0
DTXSID6042579,775,0.0,0.0
DTXSID6042602,775,0.0,0.0
DTXSID6043709,775,0.0,0.0
DTXSID6043913,775,7.307763960952527e-05,0.0
DTXSID6043915,775,0.0,0.0
DTXSID6043919,775,5.816446871004394e-21,0.0
DTXSID6044014,775,2.7282706319593298e-11,0.0
DTXSID6044226,775,0.0,0.0
DTXSID6044272,775,0.0,0.0
DTXSID6044303,775,0.0,0.0
DTXSID6044307,775,0.0,0.0
DTXSID6044309,775,0.0,0.0
DTXSID6044353,775,0.0,0.0
DTXSID6044355,775,0.0,0.0
DTXSID6044357,775,0.0,0.0
DTXSID6044359,775,2.149559867419705e-16,0.0
DTXSID6044430,775,0.0,0.0
DTXSID6044436,775,0.0,0.0
DTXSID6044438,775,0.0,0.0
DTXSID6044484,775,0.0,0.0
DTXSID6044486,775,0.0,0.0
DTXSID6044488,775,0.0,0.0
DTXSID6044511,775,0.0,0.0
DTXSID6044513,775,0.0,0.0
DTXSID6044515,775,0.0,0.0
DTXSID6044517,775,0.0,0.0
DTXSID6044519,775,0.0,0.0
DTXSID6044561,775,7.93458515848242e-20,0.0
DTXSID6044563,775,0.0,0.0
DTXSID6044565,775,2.9093693064777284e-20,0.0
DTXSID6044642,775,2.3346929279683447e-15,0.0
DTXSID6044644,775,0.0,0.0
DTXSID6044646,775,0.0,0.0
DTXSID6044648,775,5.041834633635175e-20,0.0
DTXSID6044690,775,0.0,0.0
DTXSID6044692,775,0.0,0.0
DTXSID6044696,775,0.0,0.0
DTXSID6044698,775,0.0,0.0
DTXSID6044721,775,0.0,0.0
DTXSID6044723,775,0.0,0.0
DTXSID6044725,775,0.0,0.0
DTXSID6044727,775,0.0,0.0
DTXSID6044771,775,0.0,0.0
DTXSID6044773,775,0.0,0.0
DTXSID6044777,775,0.0,0.0
DTXSID6044779,775,0.0,0.0
DTXSID6044800,775,0.0,0.0
DTXSID6044802,775,0.0,0.0
DTXSID6044804,775,0.0,0.0
DTXSID6044808,775,0.0,0.0
DTXSID6044852,775,2.8635476503317455e-13,0.0
DTXSID6044854,775,0.0,0.0
DTXSID6044856,775,0.0,0.0
DTXSID6044858,775,0.0,0.0
DTXSID6044931,775,0.0,0.0
DTXSID6044933,775,0.0,0.0
DTXSID6044935,775,0.0,0.0
DTXSID6044939,775,0.0,0.0
DTXSID6044981,775,0.0,0.0
DTXSID6044983,775,0.0,0.0
DTXSID6044985,775,0.0,0.0
DTXSID6044989,775,0.0,0.0
DTXSID6045082,775,0.0,0.0
DTXSID6045084,775,7.66667979361539e-14,0.0
DTXSID6045086,775,0.0146535932543468,0.0
DTXSID6045088,775,7.116240485842137e-14,0.0
DTXSID6045111,775,0.0,0.0
DTXSID6045115,775,0.0,0.0
DTXSID6045117,775,1.8227313514094026e-16,0.0
DTXSID6045119,775,0.0,0.0
DTXSID6045161,775,4.2192669551885843e-20,0.0
DTXSID6045163,775,0.0,0.0
DTXSID6045165,775,0.0,0.0
DTXSID6045167,775,2.8294853868611918e-14,0.0
DTXSID6045169,775,0.0,0.0
DTXSID6045240,775,0.0,0.0
DTXSID6045244,775,0.0,0.0
DTXSID6045248,775,6.0757530836605414e-05,0.0
DTXSID6045292,775,0.0,0.0
DTXSID6045296,775,9.799225004577815e-22,0.0
DTXSID6045321,775,0.0,0.0
DTXSID6045323,775,0.0,0.0
DTXSID6045325,775,0.0,0.0
DTXSID6045371,775,2.0332185930024147e-15,0.0
DTXSID6045373,775,0.0,0.0
DTXSID6045375,775,0.0,0.0
DTXSID6045377,775,0.0,0.0
DTXSID6045400,775,1.596359269759697e-19,0.0
DTXSID6045402,775,0.0,0.0
DTXSID6045406,775,1.0241152377852287e-11,0.0
DTXSID6045408,775,0.0,0.0
DTXSID6045452,775,0.0,0.0
DTXSID6045531,775,0.0,0.0
DTXSID6045533,775,0.0,0.0
DTXSID6045535,775,0.0,0.0
DTXSID6045537,775,0.0,0.0
DTXSID6045539,775,3.2405285729705675e-21,0.0
DTXSID6045581,775,0.0,0.0
DTXSID6045583,775,7.777145735986306e-21,0.0
DTXSID6045585,775,5.247883925092329e-17,0.0
DTXSID6045587,775,0.0,0.0
DTXSID6045614,775,4.355183379350685e-14,0.0
DTXSID6045616,775,0.0,0.0
DTXSID6045618,775,2.457978688901617e-15,0.0
DTXSID6045660,775,2.212592386099449e-17,0.0
DTXSID6045662,775,0.0,0.0
DTXSID6045666,775,0.0,0.0
DTXSID6045668,775,0.0,0.0
DTXSID6045741,775,8.567474680541701e-08,0.0
DTXSID6045743,775,3.0293354849806333e-06,0.0
DTXSID6045745,775,1.8865956823219628e-13,0.0
DTXSID6045749,775,0.0,0.0
DTXSID6045791,775,0.0,0.0
DTXSID6045795,775,0.0,0.0
DTXSID6045820,775,0.0,0.0
DTXSID6045822,775,0.0,0.0
DTXSID6045824,775,0.0,0.0
DTXSID6045828,775,0.0,0.0
DTXSID6045870,775,0.0,0.0
DTXSID6045872,775,0.16427587715277647,0.0
DTXSID6045874,775,4.955585843536648e-22,0.0
DTXSID6045878,775,0.0,0.0
DTXSID6045901,775,5.690991595487383e-21,0.0
DTXSID6045903,775,0.0,0.0
DTXSID6045905,775,0.0,0.0
DTXSID6045907,775,0.0,0.0
DTXSID6045909,775,0.0,0.0
DTXSID6045951,775,1.0940609214564008e-14,0.0
DTXSID6045953,775,0.28855218661412907,0.0
DTXSID6045955,775,0.0,0.0
DTXSID6045957,775,4.248952672002136e-06,0.0
DTXSID6045959,775,0.0,0.0
DTXSID6046000,775,0.0,0.0
DTXSID6046008,775,0.0,0.0
DTXSID6046054,775,0.0,0.0
DTXSID6046131,775,0.0,0.0
DTXSID6046133,775,0.0,0.0
DTXSID6046135,775,0.0,0.0
DTXSID6046137,775,0.0,0.0
DTXSID6046139,775,6.049403589632409e-10,0.0
DTXSID6046181,775,0.0,0.0
DTXSID6046183,775,0.0,0.0
DTXSID6046185,775,0.0,0.0
DTXSID6046187,775,0.0,0.0
DTXSID6046189,775,0.0,0.0
DTXSID6046210,775,1.1223079874992638e-17,0.0
DTXSID6046212,775,0.0,0.0
DTXSID6046214,775,0.0,0.0
DTXSID6046216,775,0.0,0.0
DTXSID6046218,775,5.281987612343642e-10,0.0
DTXSID6046260,775,0.0,0.0
DTXSID6046262,775,0.0,0.0
DTXSID6046264,775,0.0,0.0
DTXSID6046266,775,0.0,0.0
DTXSID6046268,775,0.0,0.0
DTXSID6046341,775,0.0,0.0
DTXSID6046343,775,0.0,0.0
DTXSID6046345,775,0.0,0.0
DTXSID6046347,775,0.0,0.0
DTXSID6046349,775,6.940602154889569e-10,0.0
DTXSID6046391,775,0.0,0.0
DTXSID6046393,775,2.097460222347541e-15,0.0
DTXSID6046395,775,0.0,0.0
DTXSID6046397,775,0.0,0.0
DTXSID6046399,775,0.0,0.0
DTXSID6046420,775,1.1201659276805725e-20,0.0
DTXSID6046422,775,0.34104299231916885,0.0
DTXSID6046424,775,1.8705471289895494e-20,0.0
DTXSID6046426,775,0.0,0.0
DTXSID6046428,775,0.0,0.0
DTXSID6046470,775,0.0,0.0
DTXSID6046472,775,1.442527600801234e-20,0.0
DTXSID6046474,775,0.0,0.0
DTXSID6046476,775,3.2137106558052847e-10,0.0
DTXSID6046478,775,0.0,0.0
DTXSID6046501,775,0.0,0.0
DTXSID6046503,775,0.0,0.0
DTXSID6046505,775,0.0,0.0
DTXSID6046507,775,0.0,0.0
DTXSID6046509,775,9.473115526765842e-10,0.0
DTXSID6046551,775,0.0,0.0
DTXSID6046553,775,4.905708018442603e-19,0.0
DTXSID6046555,775,0.0,0.0
DTXSID6046557,775,0.5281121560852317,0.0
DTXSID6046630,775,0.0,0.0
DTXSID6046634,775,0.0,0.0
DTXSID6046636,775,0.0,0.0
DTXSID6046638,775,0.0,0.0
DTXSID6046682,775,0.0,0.0
DTXSID6046686,775,2.4421292804327906e-21,0.0
DTXSID6046688,775,3.943994094174573e-14,0.0
DTXSID6046713,775,1.99537214100443e-11,0.0
DTXSID6046715,775,0.0,0.0
DTXSID6046719,775,0.0,0.0
DTXSID6046761,775,0.0,0.0
DTXSID6046763,775,0.0,0.0
DTXSID6046765,775,0.0,0.0
DTXSID6046767,775,4.674061809705774e-16,0.0
DTXSID6046842,775,0.0,0.0
DTXSID6046844,775,3.6346781000952455e-12,0.0
DTXSID6046846,775,0.08662174855524467,0.0
DTXSID6046890,775,0.0,0.0
DTXSID6046892,775,3.6042360211186717e-06,0.0
DTXSID6046894,775,0.0,0.0
DTXSID6046896,775,0.0,0.0
DTXSID6046898,775,0.0,0.0
DTXSID6046921,775,0.0,0.0
DTXSID6046923,775,2.6803145065395182e-17,0.0
DTXSID6046925,775,0.0,0.0
DTXSID6046977,775,1.3255418812947751e-09,0.0
DTXSID6046979,775,0.0,0.0
DTXSID6047028,775,0.0,0.0
DTXSID6047070,775,0.0,0.0
DTXSID6047072,775,0.0,0.0
DTXSID6047074,775,0.0,0.0
DTXSID6047076,775,5.525785755966655e-22,0.0
DTXSID6047078,775,0.0,0.0
DTXSID6047101,775,0.0,0.0
DTXSID6047103,775,0.0,0.0
DTXSID6047105,775,0.0,0.0
DTXSID6047107,775,0.0,0.0
DTXSID6047109,775,0.0,0.0
DTXSID6047155,775,0.0,0.0
DTXSID6047157,775,0.0,0.0
DTXSID6047159,775,0.0,0.0
DTXSID6047236,775,0.0,0.0
DTXSID6047280,775,0.0,0.0
DTXSID6047282,775,9.940579720619278e-09,0.0
DTXSID6047284,775,0.0,0.0
DTXSID6047286,775,0.0,0.0
DTXSID6047288,775,0.0,0.0
DTXSID6047311,775,1.7676644825750414e-17,0.0
DTXSID6047313,775,0.0,0.0
DTXSID6047315,775,0.0,0.0
DTXSID6047319,775,0.0,0.0
DTXSID6047363,775,6.426285984777743e-16,0.0
DTXSID6047369,775,0.0,0.0
DTXSID6047440,775,0.0,0.0
DTXSID6047444,775,5.138301447855858e-08,0.0
DTXSID6047446,775,0.0,0.0
DTXSID6047448,775,0.0,0.0
DTXSID6047490,775,0.0,0.0
DTXSID6047498,775,0.0,0.0
DTXSID6047523,775,0.0,0.0
DTXSID6047525,775,0.0,0.0
DTXSID6047527,775,0.0,0.0
DTXSID6047529,775,0.0,0.0
DTXSID6047579,775,0.0,0.0
DTXSID6047604,775,0.0,0.0
DTXSID6047606,775,0.0,0.0
DTXSID6047608,775,0.0,0.0
DTXSID6047654,775,0.0,0.0
DTXSID6047656,775,0.0,0.0
DTXSID6047781,775,2.6686806553666164e-09,0.0
DTXSID6047783,775,0.0,0.0
DTXSID6047785,775,0.0,0.0
DTXSID6047787,775,0.0,0.0
DTXSID6047789,775,0.0,0.0
DTXSID6047810,775,0.0,0.0
DTXSID6047818,775,0.0,0.0
DTXSID6047941,775,0.0,0.0
DTXSID6047943,775,0.0,0.0
DTXSID6047945,775,0.0,0.0
DTXSID6047947,775,0.0,0.0
DTXSID6047949,775,0.0,0.0
DTXSID6048171,775,0.0,0.0
DTXSID6048175,775,0.0,0.0
DTXSID6048200,775,0.0,0.0
DTXSID6048202,775,0.0,0.0
DTXSID6048204,775,0.0,0.0
DTXSID6048206,775,0.0,0.0
DTXSID6048208,775,0.0,0.0
DTXSID6048333,775,0.0,0.0
DTXSID6048383,775,0.0,0.0
DTXSID6048591,775,3.654221938110562e-07,0.0
DTXSID6048593,775,3.009254542693904e-08,0.0
DTXSID6048595,775,0.0,0.0
DTXSID6048597,775,0.0,0.0
DTXSID6048599,775,0.0007085151822018218,0.0
DTXSID6048620,775,0.0,0.0
DTXSID6048622,775,0.0,0.0
DTXSID6048624,775,0.0,0.0
DTXSID6048626,775,3.1417280727982925e-22,0.0
DTXSID6048628,775,0.0,0.0
DTXSID6048670,775,2.353090155576485e-18,0.0
DTXSID6048672,775,0.0,0.0
DTXSID6048674,775,0.0,0.0
DTXSID6048676,775,0.0,0.0
DTXSID6048678,775,1.2891242285956316e-12,0.0
DTXSID6048701,775,0.0,0.0
DTXSID6048703,775,0.0,0.0
DTXSID6048705,775,0.0,0.0
DTXSID6048707,775,2.149231355797907e-14,0.0
DTXSID6048709,775,0.0,0.0
DTXSID6048751,775,1.298221611284661e-08,0.0
DTXSID6048753,775,0.0,0.0
DTXSID6048755,775,0.0,0.0
DTXSID6048757,775,0.0,0.0
DTXSID6048759,775,0.0,0.0
DTXSID6048830,775,0.0,0.0
DTXSID6048832,775,0.0,0.0
DTXSID6048834,775,0.0,0.0
DTXSID6048836,775,0.0,0.0
DTXSID6048838,775,0.0,0.0
DTXSID6048880,775,0.0,0.0
DTXSID6048882,775,0.0,0.0
DTXSID6048884,775,0.0,0.0
DTXSID6048886,775,0.0,0.0
DTXSID6048888,775,1.678306264821878e-15,0.0
DTXSID6048911,775,0.0,0.0
DTXSID6048913,775,0.0,0.0
DTXSID6048915,775,0.0,0.0
DTXSID6048917,775,0.0,0.0
DTXSID6048919,775,0.0,0.0
DTXSID6048961,775,0.0,0.0
DTXSID6048963,775,1.429800796567959e-13,0.0
DTXSID6048965,775,0.0,0.0
DTXSID6048967,775,0.000328796154522366,0.0
DTXSID6048969,775,7.046271378109589e-12,0.0
DTXSID6049010,775,0.0,0.0
DTXSID6049012,775,0.0,0.0
DTXSID6049016,775,0.0,0.0
DTXSID6049018,775,9.25874053757027e-15,0.0
DTXSID6049060,775,0.0,0.0
DTXSID6049062,775,5.293406908551797e-20,0.0
DTXSID6049064,775,9.673624230301321e-20,0.0
DTXSID6049066,775,0.0,0.0
DTXSID6049068,775,0.0,0.0
DTXSID6049220,775,0.0,0.0
DTXSID6049222,775,2.5368142571146027e-15,0.0
DTXSID6049224,775,0.3518058964832608,0.0
DTXSID6049226,775,0.0,0.0
DTXSID6049228,775,0.0,0.0
DTXSID6049270,775,0.0,0.0
DTXSID6049272,775,0.0,0.0
DTXSID6049274,775,0.0,0.0
DTXSID6049276,775,0.0,0.0
DTXSID6049278,775,0.0,0.0
DTXSID6049301,775,0.0,0.0
DTXSID6049303,775,0.0,0.0
DTXSID6049305,775,2.3757139301175164e-21,0.0
DTXSID6049307,775,0.0,0.0
DTXSID6049309,775,0.0,0.0
DTXSID6049351,775,0.0,0.0
DTXSID6049353,775,0.0,0.0
DTXSID6049355,775,0.0,0.0
DTXSID6049357,775,1.1226275510760453e-21,0.0
DTXSID6049359,775,0.0,0.0
DTXSID6049430,775,0.0,0.0
DTXSID6049432,775,0.0,0.0
DTXSID6049480,775,5.207321168476351e-20,0.0
DTXSID6049482,775,0.0,0.0
DTXSID6049484,775,0.0,0.0
DTXSID6049486,775,0.0,0.0
DTXSID6049488,775,1.3363878996870988e-21,0.0
DTXSID6049511,775,0.0,0.0
DTXSID6049513,775,0.0,0.0
DTXSID6049515,775,0.0,0.0
DTXSID6049517,775,0.0,0.0
DTXSID6049519,775,0.0,0.0
DTXSID6049561,775,0.0,0.0
DTXSID6050386,775,0.0,0.0
DTXSID7020005,775,0.0,0.0
DTXSID7020007,775,0.0,0.0
DTXSID7020009,775,0.0,0.0
DTXSID7020053,775,0.0,0.0
DTXSID7020057,775,0.0,0.0
DTXSID7020138,775,0.050903398273620094,0.0
DTXSID7020182,775,0.0,0.0
DTXSID7020184,775,0.0,0.0
DTXSID7020211,775,0.0,0.0
DTXSID7020213,775,0.0,0.0
DTXSID7020215,775,0.0,0.0
DTXSID7020261,775,9.151117318959027e-18,0.0
DTXSID7020263,775,4.3058522514299845e-21,0.0
DTXSID7020265,775,0.0,0.0
DTXSID7020267,775,0.0,0.0
DTXSID7020340,775,0.0,0.0
DTXSID7020342,775,0.0,0.0
DTXSID7020344,775,0.0,0.0
DTXSID7020348,775,0.0,0.0
DTXSID7020390,775,0.0,0.0
DTXSID7020392,775,0.0,0.0
DTXSID7020398,775,0.0,0.0
DTXSID7020421,775,0.0,0.0
DTXSID7020423,775,1.8450986475651455e-18,0.0
DTXSID7020425,775,0.018294696330216065,0.0
DTXSID7020427,775,3.274384009861566e-19,0.0
DTXSID7020479,775,0.0,0.0
DTXSID7020504,775,0.0,0.0
DTXSID7020508,775,0.0,0.0
DTXSID7020550,775,0.0,0.0
DTXSID7020552,775,0.0,0.0
DTXSID7020558,775,0.0,0.0
DTXSID7020631,775,5.2747169176745e-17,0.0
DTXSID7020635,775,0.0,0.0
DTXSID7020681,775,1.081361929404553e-19,0.0
DTXSID7020683,775,8.3444606104646125e-22,0.0
DTXSID7020685,775,0.0,0.0
DTXSID7020687,775,1.2891045420703867e-15,0.0
DTXSID7020689,775,0.0,0.0
DTXSID7020710,775,0.0,0.0
DTXSID7020714,775,0.0,0.0
DTXSID7020716,775,7.594542138678466e-12,0.0
DTXSID7020760,775,9.241677238349446e-20,0.0
DTXSID7020762,775,0.0,0.0
DTXSID7020764,775,4.191588587186525e-14,0.0
DTXSID7020766,775,2.0543871290725514e-16,0.0
DTXSID7020768,775,0.00014646916157208024,0.0
DTXSID7020841,775,3.615169736084646e-17,0.0
DTXSID7020843,775,1.5653095602623177e-10,0.0
DTXSID7020845,775,0.0,0.0
DTXSID7020847,775,0.0,0.0
DTXSID7020893,775,0.0,0.0
DTXSID7020895,775,0.0,0.0
DTXSID7020897,775,0.0,0.0
DTXSID7020899,775,1.9369169126237557e-19,0.0
DTXSID7020920,775,3.4229158965557465e-16,0.0
DTXSID7020922,775,0.0,0.0
DTXSID7020928,775,2.5014186835782162e-11,0.0
DTXSID7020970,775,0.0,0.0
DTXSID7020972,775,0.2001886715259331,0.0
DTXSID7020978,775,0.0,0.0
DTXSID7021027,775,0.0,0.0
DTXSID7021029,775,0.0,0.0
DTXSID7021100,775,0.0,0.0
DTXSID7021102,775,0.0,0.0
DTXSID7021104,775,0.0,0.0
DTXSID7021106,775,0.0,0.0
DTXSID7021150,775,0.0,0.0
DTXSID7021152,775,1.07603571710879e-09,0.0
DTXSID7021156,775,8.410541821426058e-17,0.0
DTXSID7021158,775,0.0,0.0
DTXSID7021231,775,0.0,0.0
DTXSID7021233,775,6.912830700982035e-15,0.0
DTXSID7021235,775,0.0,0.0
DTXSID7021237,775,0.5640767004427464,0.0
DTXSID7021239,775,3.191239537584153e-10,0.0
DTXSID7021283,775,0.0,0.0
DTXSID7021287,775,4.762749629425431e-16,0.0
DTXSID7021289,775,0.0,0.0
DTXSID7021312,775,0.002341258369658749,0.0
DTXSID7021314,775,3.907973561849456e-22,0.0
DTXSID7021316,775,0.0,0.0
DTXSID7021318,775,0.0,0.0
DTXSID7021360,775,5.476612770749309e-12,0.0
DTXSID7021362,775,0.0,0.0
DTXSID7021364,775,0.0,0.0
DTXSID7021366,775,0.0,0.0
DTXSID7021368,775,2.1889135398646853e-13,0.0
DTXSID7021491,775,0.0,0.0
DTXSID7021493,775,0.0,0.0
DTXSID7021495,775,0.0,0.0
DTXSID7021499,775,0.0,0.0
DTXSID7021520,775,0.0,0.0
DTXSID7021524,775,1.4203948545474769e-12,0.0
DTXSID7021526,775,0.0,0.0
DTXSID7021576,775,0.0,0.0
DTXSID7021601,775,1.0890040835454458e-21,0.0
DTXSID7021603,775,0.0,0.0
DTXSID7021605,775,7.651957033905844e-19,0.0
DTXSID7021607,775,0.0,0.0
DTXSID7021653,775,0.0,0.0
DTXSID7021655,775,0.0,0.0
DTXSID7021657,775,0.0,0.0
DTXSID7021659,775,2.1130157546859852e-07,0.0
DTXSID7021780,775,3.560618785484715e-17,0.0
DTXSID7021784,775,0.0,0.0
DTXSID7021788,775,0.0,0.0
DTXSID7021815,775,0.0,0.0
DTXSID7021817,775,0.0,0.0
DTXSID7021863,775,1.3187376439890837e-20,0.0
DTXSID7021867,775,0.0,0.0
DTXSID7021869,775,0.0,0.0
DTXSID7021940,775,0.0,0.0
DTXSID7021946,775,0.0,0.0
DTXSID7021948,775,0.0,0.0
DTXSID7021992,775,0.0,0.0
DTXSID7021994,775,8.658288479643805e-19,0.0
DTXSID7021996,775,0.0,0.0
DTXSID7021998,775,0.0,0.0
DTXSID7022043,775,0.0,0.0
DTXSID7022049,775,0.0,0.0
DTXSID7022093,775,0.0,0.0
DTXSID7022120,775,0.0,0.0
DTXSID7022124,775,0.0,0.0
DTXSID7022128,775,0.0,0.0
DTXSID7022170,775,0.0,0.0
DTXSID7022172,775,0.0,0.0
DTXSID7022174,775,0.0,0.0
DTXSID7022253,775,6.887407293894253e-17,0.0
DTXSID7022332,775,0.0,0.0
DTXSID7022382,775,0.0,0.0
DTXSID7022384,775,0.0,0.0
DTXSID7022411,775,0.0,0.0
DTXSID7022413,775,7.596902579105243e-19,0.0
DTXSID7022415,775,0.0,0.0
DTXSID7022417,775,5.6217265641171025e-22,0.0
DTXSID7022540,775,0.0,0.0
DTXSID7022544,775,0.0,0.0
DTXSID7022546,775,0.0,0.0
DTXSID7022590,775,0.0,0.0
DTXSID7022592,775,0.0,0.0
DTXSID7022598,775,0.0,0.0
DTXSID7022629,775,0.0,0.0
DTXSID7022671,775,8.951578795289119e-14,0.0
DTXSID7022673,775,0.0,0.0
DTXSID7022679,775,0.0,0.0
DTXSID7022752,775,0.0,0.0
DTXSID7022754,775,3.2484970362683597e-15,0.0
DTXSID7022833,775,1.5676119925271894e-08,0.0
DTXSID7022835,775,2.1919079192433952e-21,0.0
DTXSID7022837,775,0.0,0.0
DTXSID7022839,775,2.3000040921807784e-17,0.0
DTXSID7022883,775,0.0,0.0
DTXSID7022910,775,0.0,0.0
DTXSID7022912,775,0.0,0.0
DTXSID7022914,775,0.0,0.0
DTXSID7022918,775,1.0824409903927996e-15,0.0
DTXSID7022968,775,0.0,0.0
DTXSID7023011,775,0.0,0.0
DTXSID7023019,775,5.044097508862678e-20,0.0
DTXSID7023061,775,0.0,0.0
DTXSID7023063,775,0.0,0.0
DTXSID7023067,775,0.0,0.0
DTXSID7023146,775,2.139175483586381e-19,0.0
DTXSID7023190,775,2.417169337075487e-20,0.0
DTXSID7023192,775,0.0,0.0
DTXSID7023194,775,1.3347435868352892e-18,0.0
DTXSID7023196,775,1.0967717234634401e-17,0.0
DTXSID7023198,775,3.903831137493171e-13,0.0
DTXSID7023225,775,0.0,0.0
DTXSID7023227,775,1.3724512504310293e-21,0.0
DTXSID7023271,775,0.0,0.0
DTXSID7023277,775,0.0,0.0
DTXSID7023279,775,6.36509422764096e-17,0.0
DTXSID7023300,775,0.0,0.0
DTXSID7023302,775,0.0,0.0
DTXSID7023350,775,0.0,0.0
DTXSID7023352,775,2.8943711557133725e-16,0.0
DTXSID7023356,775,1.4212072452472574e-15,0.0
DTXSID7023435,775,4.977066846143031e-22,0.0
DTXSID7023437,775,0.0,0.0
DTXSID7023481,775,0.0,0.0
DTXSID7023485,775,0.0,0.0
DTXSID7023487,775,3.483871700319508e-15,0.0
DTXSID7023510,775,0.0,0.0
DTXSID7023512,775,0.0,0.0
DTXSID7023516,775,0.0,0.0
DTXSID7023518,775,3.807054761314084e-20,0.0
DTXSID7023566,775,0.0,0.0
DTXSID7023568,775,0.3118543608269178,0.0
DTXSID7023643,775,2.570208066939729e-12,0.0
DTXSID7023645,775,0.43033881263461865,0.0
DTXSID7023691,775,0.0,0.0
DTXSID7023693,775,0.0,0.0
DTXSID7023697,775,0.0,0.0
DTXSID7023699,775,0.0,0.0
DTXSID7023722,775,0.0,0.0
DTXSID7023724,775,0.0,0.0
DTXSID7023853,775,1.7223004614257055e-11,0.0
DTXSID7023930,775,0.0,0.0
DTXSID7023932,775,7.179199854111211e-18,0.0
DTXSID7023936,775,0.0,0.0
DTXSID7023938,775,3.1635012927566955e-18,0.0
DTXSID7023980,775,0.0,0.0
DTXSID7023986,775,0.0,0.0
DTXSID7024031,775,0.0,0.0
DTXSID7024035,775,0.0,0.0
DTXSID7024081,775,0.0,0.0
DTXSID7024085,775,0.0,0.0
DTXSID7024087,775,0.0,0.0
DTXSID7024110,775,0.0,0.0
DTXSID7024112,775,0.0,0.0
DTXSID7024160,775,0.0,0.0
DTXSID7024164,775,0.0,0.0
DTXSID7024166,775,0.0,0.0
DTXSID7024241,775,0.0,0.0
DTXSID7024245,775,0.0,0.0
DTXSID7024247,775,0.0,0.0
DTXSID7024291,775,1.4088903397896856e-16,0.0
DTXSID7024299,775,0.0,0.0
DTXSID7024320,775,0.0,0.0
DTXSID7024328,775,0.0,0.0
DTXSID7024370,775,0.0,0.0
DTXSID7024376,775,8.084197382967012e-16,0.0
DTXSID7024409,775,0.0,0.0
DTXSID7024455,775,0.0,0.0
DTXSID7024457,775,0.8752243916229234,0.0
DTXSID7024532,775,4.03974692482236e-20,0.0
DTXSID7024534,775,0.0,0.0
DTXSID7024538,775,1.304156382745666e-19,0.0
DTXSID7024580,775,0.0,0.0
DTXSID7024586,775,8.314359642521225e-13,0.0
DTXSID7024615,775,0.0,0.0
DTXSID7024661,775,1.2425620849258683e-20,0.0
DTXSID7024667,775,0.0,0.0
DTXSID7024740,775,3.5992034425298477e-09,0.0
DTXSID7024742,775,0.0,0.0
DTXSID7024798,775,0.0,0.0
DTXSID7024821,775,0.0007767913710662713,0.0
DTXSID7024827,775,0.0,0.0
DTXSID7024873,775,0.0,0.0
DTXSID7024875,775,0.0,0.0
DTXSID7024902,775,0.0,0.0
DTXSID7024906,775,0.0,0.0
DTXSID7024952,775,4.736946135770968e-09,0.0
DTXSID7024956,775,0.0002947596775923672,0.0
DTXSID7025001,775,0.0,0.0
DTXSID7025003,775,0.0,0.0
DTXSID7025005,775,0.0,0.0
DTXSID7025051,775,7.696347315300768e-20,0.0
DTXSID7025053,775,0.0,0.0
DTXSID7025055,775,0.0,0.0
DTXSID7025130,775,4.639721568874206e-19,0.0
DTXSID7025132,775,0.0,0.0
DTXSID7025134,775,5.532914203444448e-19,0.0
DTXSID7025136,775,0.0,0.0
DTXSID7025138,775,0.0,0.0
DTXSID7025180,775,0.0,0.0
DTXSID7025215,775,0.0,0.0
DTXSID7025217,775,0.0,0.0
DTXSID7025219,775,0.0,0.0
DTXSID7025269,775,3.3880153783634584e-05,0.0
DTXSID7025342,775,2.665925474347263e-15,0.0
DTXSID7025346,775,1.1492843980470136e-17,0.0
DTXSID7025390,775,0.0,0.0
DTXSID7025421,775,0.0,0.0
DTXSID7025423,775,2.176826886650789e-12,0.0
DTXSID7025425,775,0.0,0.0
DTXSID7025427,775,0.0,0.0
DTXSID7025429,775,0.0,0.0
DTXSID7025479,775,0.0,0.0
DTXSID7025502,775,0.0,0.0
DTXSID7025506,775,2.5337386418581386e-16,0.0
DTXSID7025508,775,4.31262964781554e-08,0.0
DTXSID7025556,775,0.0,0.0
DTXSID7025558,775,0.01923708669790506,0.0
DTXSID7025633,775,0.0,0.0
DTXSID7025635,775,0.0,0.0
DTXSID7025637,775,0.0,0.0
DTXSID7025639,775,0.0,0.0
DTXSID7025689,775,0.0,0.0
DTXSID7025716,775,4.594238288728392e-16,0.0
DTXSID7025764,775,0.0,0.0
DTXSID7025768,775,0.0,0.0
DTXSID7025849,775,0.0,0.0
DTXSID7025895,775,0.0,0.0
DTXSID7025922,775,0.0,0.0
DTXSID7025924,775,0.0,0.0
DTXSID7025926,775,3.007852732090846e-05,0.0
DTXSID7025972,775,0.0,0.0
DTXSID7026025,775,0.0,0.0
DTXSID7026029,775,0.0,0.0
DTXSID7026102,775,0.0,0.0
DTXSID7026108,775,1.1562663232415134e-12,0.0
DTXSID7026156,775,1.8897959174073607e-21,0.0
DTXSID7026231,775,0.0,0.0
DTXSID7026235,775,1.96967212242967e-19,0.0
DTXSID7026285,775,5.226887683620118e-19,0.0
DTXSID7026314,775,0.0,0.0
DTXSID7026318,775,0.0,0.0
DTXSID7026366,775,0.0,0.0
DTXSID7026368,775,0.0,0.0
DTXSID7026441,775,0.0,0.0
DTXSID7026499,775,0.0,0.0
DTXSID7026520,775,0.2803774608227133,0.0
DTXSID7026526,775,0.00010874195082971441,0.0
DTXSID7026528,775,1.4594396280350366e-14,0.0
DTXSID7026572,775,8.860163541043927e-09,0.0
DTXSID7026605,775,0.0,0.0
DTXSID7026609,775,0.0,0.0
DTXSID7026653,775,0.0,0.0
DTXSID7026655,775,0.0,0.0
DTXSID7026811,775,0.0,0.0
DTXSID7026863,775,0.0,0.0
DTXSID7026867,775,0.0,0.0
DTXSID7026946,775,7.786409864753738e-19,0.0
DTXSID7026994,775,0.0,0.0
DTXSID7026998,775,0.0,0.0
DTXSID7027041,775,5.580710713144143e-19,0.0
DTXSID7027043,775,0.0,0.0
DTXSID7027047,775,0.0,0.0
DTXSID7027049,775,0.0,0.0
DTXSID7027097,775,0.0,0.0
DTXSID7027099,775,0.0,0.0
DTXSID7027120,775,0.0,0.0
DTXSID7027122,775,0.0,0.0
DTXSID7027170,775,0.0,0.0
DTXSID7027174,775,0.0,0.0
DTXSID7027178,775,0.0,0.0
DTXSID7027201,775,0.0,0.0
DTXSID7027205,775,0.0,0.0
DTXSID7027253,775,0.0,0.0
DTXSID7027259,775,2.0625043354745436e-11,0.0
DTXSID7027334,775,0.0,0.0
DTXSID7027338,775,0.0,0.0
DTXSID7027386,775,0.0,0.0
DTXSID7027388,775,0.0,0.0
DTXSID7027413,775,0.0,0.0
DTXSID7027461,775,3.451507377538385e-16,0.0
DTXSID7027467,775,0.0,0.0
DTXSID7027540,775,0.0,0.0
DTXSID7027542,775,0.0,0.0
DTXSID7027544,775,0.0,0.0
DTXSID7027546,775,0.0,0.0
DTXSID7027594,775,0.0,0.0
DTXSID7027596,775,0.0,0.0
DTXSID7027598,775,0.0,0.0
DTXSID7027625,775,7.352995193226807e-22,0.0
DTXSID7027756,775,0.0,0.0
DTXSID7027833,775,0.0,0.0
DTXSID7027835,775,0.0,0.0
DTXSID7027837,775,1.2030411836144172e-12,0.0
DTXSID7027887,775,5.79447671032269e-09,0.0
DTXSID7027916,775,0.0,0.0
DTXSID7027966,775,0.0,0.0
DTXSID7028013,775,0.0,0.0
DTXSID7028015,775,2.8335858971099015e-16,0.0
DTXSID7028300,775,0.0,0.0
DTXSID7028306,775,2.9640216254198703e-17,0.0
DTXSID7028774,775,0.0,0.0
DTXSID7028776,775,0.0,0.0
DTXSID7029110,775,0.0,0.0
DTXSID7029160,775,0.0,0.0
DTXSID7029162,775,0.0,0.0
DTXSID7029164,775,0.0,0.0
DTXSID7029166,775,0.0,0.0
DTXSID7029241,775,0.0,0.0
DTXSID7029247,775,0.0,0.0
DTXSID7029249,775,0.0,0.0
DTXSID7029299,775,0.0,0.0
DTXSID7029320,775,7.487379988113048e-15,0.0
DTXSID7029534,775,0.0,0.0
DTXSID7029611,775,0.0,0.0
DTXSID7029617,775,1.5476859402420335e-20,0.0
DTXSID7029619,775,0.0,0.0
DTXSID7029661,775,0.0,0.0
DTXSID7029665,775,0.0,0.0
DTXSID7029871,775,0.0,0.0
DTXSID7029879,775,0.0,0.0
DTXSID7029904,775,1.4699948077668053e-17,0.0
DTXSID7030060,775,0.0,0.0
DTXSID7030197,775,5.12115512955624e-15,0.0
DTXSID7030307,775,0.0,0.0
DTXSID7030432,775,1.1003498346597247e-12,0.0
DTXSID7030698,775,3.598947969439208e-15,0.0
DTXSID7031248,775,0.0,0.0
DTXSID7031290,775,3.6492267614643864e-14,0.0
DTXSID7031294,775,0.0,0.0
DTXSID7031458,775,0.0,0.0
DTXSID7031531,775,0.0,0.0
DTXSID7031797,775,0.0,0.0
DTXSID7031903,775,1.474657481512732e-17,0.0
DTXSID7032004,775,0.0,0.0
DTXSID7032345,775,0.0,0.0
DTXSID7032393,775,1.783843271204304e-13,0.0
DTXSID7032424,775,0.0,0.0
DTXSID7032470,775,0.0,0.0
DTXSID7032474,775,0.0,0.0
DTXSID7032551,775,0.0,0.0
DTXSID7032553,775,,
DTXSID7032555,775,0.0,0.0
DTXSID7032559,775,0.0,0.0
DTXSID7032630,775,0.0,0.0
DTXSID7032638,775,0.0,0.0
DTXSID7032688,775,0.0,0.0
DTXSID7033105,775,1.870188985793615e-20,0.0
DTXSID7034042,775,0.0,0.0
DTXSID7034250,775,0.0,0.0
DTXSID7034252,775,1.0184425574474308e-22,0.0
DTXSID7034383,775,0.00020764085151725787,0.0
DTXSID7034545,775,0.0,0.0
DTXSID7034549,775,0.0,0.0
DTXSID7034672,775,0.0,0.0
DTXSID7034674,775,3.184916222798513e-21,0.0
DTXSID7034676,775,0.0,0.0
DTXSID7034836,775,0.0,0.0
DTXSID7034961,775,0.0,0.0
DTXSID7035010,775,9.171958187396645e-18,0.0
DTXSID7035272,775,0.0,0.0
DTXSID7035305,775,0.0,0.0
DTXSID7037131,775,0.0,0.0
DTXSID7037185,775,0.0,0.0
DTXSID7037262,775,0.0,0.0
DTXSID7037478,775,0.0,0.0
DTXSID7037551,775,0.0,0.0
DTXSID7037553,775,2.4676727221488327e-11,0.0
DTXSID7037555,775,0.0,0.0
DTXSID7037680,775,3.8825359873806564e-19,0.0
DTXSID7037684,775,0.0,0.0
DTXSID7037715,775,0.0,0.0
DTXSID7037717,775,0.0,0.0
DTXSID7038317,775,0.0,0.0
DTXSID7038810,775,0.0,0.0
DTXSID7038814,775,0.0,0.0
DTXSID7038818,775,0.0,0.0
DTXSID7038864,775,0.0,0.0
DTXSID7040152,775,3.904661940834478e-13,0.0
DTXSID7040154,775,0.0,0.0
DTXSID7040283,775,0.0,0.0
DTXSID7040285,775,0.0,0.0
DTXSID7040287,775,0.0,0.0
DTXSID7040289,775,0.0,0.0
DTXSID7040316,775,0.0,0.0
DTXSID7040360,775,0.0,0.0
DTXSID7040362,775,0.0,0.0
DTXSID7040449,775,0.0,0.0
DTXSID7040526,775,5.3867168688860584e-18,0.0
DTXSID7040609,775,5.4090403371555776e-21,0.0
DTXSID7040651,775,0.0,0.0
DTXSID7040653,775,0.0,0.0
DTXSID7040657,775,1.003962166812506e-12,0.0
DTXSID7040732,775,0.0,0.0
DTXSID7040734,775,0.0,0.0
DTXSID7040736,775,0.005921573876987087,0.0
DTXSID7040738,775,0.0,0.0
DTXSID7040788,775,0.0,0.0
DTXSID7040948,775,0.0,0.0
DTXSID7040990,775,0.0,0.0
DTXSID7041045,775,0.0,0.0
DTXSID7041047,775,0.0,0.0
DTXSID7041091,775,0.0,0.0
DTXSID7041097,775,0.0,0.0
DTXSID7041126,775,5.612471300738849e-12,0.0
DTXSID7041178,775,0.0,0.0
DTXSID7041201,775,3.195836026468664e-12,0.0
DTXSID7041209,775,0.0,0.0
DTXSID7041253,775,0.0,0.0
DTXSID7041336,775,0.0,0.0
DTXSID7041388,775,2.4399214365428817e-11,0.0
DTXSID7041411,775,0.0,0.0
DTXSID7041413,775,0.0,0.0
DTXSID7041417,775,0.0,0.0
DTXSID7041461,775,0.0,0.0
DTXSID7041467,775,0.0,0.0
DTXSID7041540,775,0.0,0.0
DTXSID7041544,775,0.0,0.0
DTXSID7041621,775,0.0,0.0
DTXSID7041623,775,0.0,0.0
DTXSID7041625,775,0.0,0.0
DTXSID7041627,775,0.0,0.0
DTXSID7041629,775,0.0,0.0
DTXSID7041671,775,0.0,0.0
DTXSID7041675,775,0.0,0.0
DTXSID7041708,775,0.0,0.0
DTXSID7041752,775,0.0,0.0
DTXSID7041756,775,0.0,0.0
DTXSID7041883,775,,
DTXSID7041887,775,0.0,0.0
DTXSID7041889,775,0.0,0.0
DTXSID7041910,775,0.0,0.0
DTXSID7041914,775,0.0,0.0
DTXSID7041916,775,0.0,0.0
DTXSID7041918,775,0.0,0.0
DTXSID7041962,775,0.0,0.0
DTXSID7041964,775,2.6923526148759714e-21,0.0
DTXSID7041966,775,0.0,0.0
DTXSID7042011,775,0.0,0.0
DTXSID7042019,775,0.0,0.0
DTXSID7042061,775,0.0,0.0
DTXSID7042063,775,0.0,0.0
DTXSID7042065,775,0.0,0.0
DTXSID7042140,775,0.0,0.0
DTXSID7042146,775,0.0,0.0
DTXSID7042190,775,0.0,0.0
DTXSID7042196,775,0.0,0.0
DTXSID7042198,775,0.0,0.0
DTXSID7042273,775,0.0,0.0
DTXSID7042279,775,0.0,0.0
DTXSID7042352,775,0.0,0.0
DTXSID7042356,775,0.0,0.0
DTXSID7042437,775,0.0,0.0
DTXSID7042514,775,0.0,0.0
DTXSID7043829,775,0.0,0.0
DTXSID7043873,775,0.0,0.0
DTXSID7043902,775,0.0,0.0
DTXSID7043908,775,0.0,0.0
DTXSID7043950,775,8.037980802465084e-06,0.0
DTXSID7043952,775,0.0,0.0
DTXSID7044130,775,0.0,0.0
DTXSID7044132,775,1.4238271291237443e-14,0.0
DTXSID7044215,775,0.0,0.0
DTXSID7044217,775,0.0,0.0
DTXSID7044267,775,0.0,0.0
DTXSID7044340,775,0.0,0.0
DTXSID7044342,775,0.0,0.0
DTXSID7044346,775,5.761182718047662e-13,0.0
DTXSID7044390,775,0.0,0.0
DTXSID7044392,775,0.0,0.0
DTXSID7044394,775,0.0,0.0
DTXSID7044396,775,0.0,0.0
DTXSID7044398,775,0.0,0.0
DTXSID7044421,775,0.0,0.0
DTXSID7044423,775,0.0,0.0
DTXSID7044425,775,0.0,0.0
DTXSID7044427,775,0.0,0.0
DTXSID7044429,775,0.0,0.0
DTXSID7044471,775,0.0,0.0
DTXSID7044473,775,0.0,0.0
DTXSID7044475,775,0.0,0.0
DTXSID7044479,775,0.0,0.0
DTXSID7044502,775,2.4567893759515948e-21,0.0
DTXSID7044504,775,0.0,0.0
DTXSID7044506,775,0.0,0.0
DTXSID7044508,775,0.0,0.0
DTXSID7044552,775,0.0,0.0
DTXSID7044554,775,1.376786429948054e-17,0.0
DTXSID7044631,775,3.787825108176559e-18,0.0
DTXSID7044633,775,0.0,0.0
DTXSID7044635,775,7.058678173021438e-19,0.0
DTXSID7044639,775,0.0,0.0
DTXSID7044681,775,1.61945029750088e-16,0.0
DTXSID7044685,775,0.0,0.0
DTXSID7044689,775,0.0,0.0
DTXSID7044710,775,0.0,0.0
DTXSID7044712,775,0.0,0.0
DTXSID7044714,775,0.0,0.0
DTXSID7044716,775,0.0,0.0
DTXSID7044718,775,0.0,0.0
DTXSID7044760,775,0.0,0.0
DTXSID7044762,775,0.0,0.0
DTXSID7044764,775,0.0,0.0
DTXSID7044768,775,0.0,0.0
DTXSID7044841,775,0.0,0.0
DTXSID7044843,775,0.4937881332606648,0.0
DTXSID7044845,775,0.0,0.0
DTXSID7044847,775,8.954472472265986e-20,0.0
DTXSID7044849,775,0.0,0.0
DTXSID7044893,775,0.0,0.0
DTXSID7044895,775,0.0,0.0
DTXSID7044897,775,0.0,0.0
DTXSID7044899,775,0.0,0.0
DTXSID7044922,775,0.0,0.0
DTXSID7044926,775,0.0,0.0
DTXSID7044928,775,0.0,0.0
DTXSID7044972,775,0.0,0.0
DTXSID7044974,775,0.0,0.0
DTXSID7044976,775,0.0,0.0
DTXSID7044978,775,0.0,0.0
DTXSID7045029,775,1.2868220245356396e-12,0.0
DTXSID7045079,775,0.0,0.0
DTXSID7045106,775,0.0,0.0
DTXSID7045108,775,2.936998612713991e-05,0.0
DTXSID7045150,775,0.0,0.0
DTXSID7045152,775,0.0,0.0
DTXSID7045158,775,7.847709504677109e-10,0.0
DTXSID7045281,775,0.0,0.0
DTXSID7045287,775,0.0,0.0
DTXSID7045310,775,0.0,0.0
DTXSID7045312,775,0.0,0.0
DTXSID7045316,775,0.0,0.0
DTXSID7045318,775,0.48391129498267443,0.0
DTXSID7045360,775,0.0,0.0
DTXSID7045364,775,0.0,0.0
DTXSID7045366,775,0.0,0.0
DTXSID7045368,775,0.0,0.0
DTXSID7045441,775,0.0,0.0
DTXSID7045443,775,0.0,0.0
DTXSID7045447,775,1.4756125090976462e-14,0.0
DTXSID7045493,775,0.0,0.0
DTXSID7045497,775,3.1883720978401004e-17,0.0
DTXSID7045522,775,0.0,0.0
DTXSID7045526,775,4.462446536705318e-12,0.0
DTXSID7045570,775,4.369444419165354e-15,0.0
DTXSID7045572,775,0.0,0.0
DTXSID7045574,775,0.0,0.0
DTXSID7045576,775,0.0,0.0
DTXSID7045578,775,0.42983568461463245,0.0
DTXSID7045601,775,0.0,0.0
DTXSID7045603,775,5.799160167514277e-20,0.0
DTXSID7045605,775,0.0,0.0
DTXSID7045607,775,6.232080276821749e-06,0.0
DTXSID7045651,775,2.745321804842322e-12,0.0
DTXSID7045653,775,0.0,0.0
DTXSID7045655,775,0.0,0.0
DTXSID7045659,775,0.0,0.0
DTXSID7045780,775,0.0,0.0
DTXSID7045782,775,0.0,0.0
DTXSID7045786,775,0.0,0.0
DTXSID7045788,775,0.0,0.0
DTXSID7045811,775,0.0,0.0
DTXSID7045813,775,2.4760536730658865e-20,0.0
DTXSID7045815,775,0.0,0.0
DTXSID7045861,775,0.0,0.0
DTXSID7045863,775,1.070895119003219e-16,0.0
DTXSID7045865,775,0.0,0.0
DTXSID7045867,775,5.683831868286649e-15,0.0
DTXSID7045940,775,0.0,0.0
DTXSID7045942,775,5.0153786425348534e-20,0.0
DTXSID7045944,775,0.0,0.0
DTXSID7045946,775,0.0014806959846328657,0.0
DTXSID7045948,775,0.0,0.0
DTXSID7045992,775,2.616703674621388e-14,0.0
DTXSID7045996,775,0.0,0.0
DTXSID7045998,775,0.0,0.0
DTXSID7046041,775,0.0,0.0
DTXSID7046045,775,0.0,0.0
DTXSID7046047,775,0.0,0.0
DTXSID7046091,775,1.5456122767425514e-20,0.0
DTXSID7046093,775,0.0,0.0
DTXSID7046095,775,6.8719617336886365e-19,0.0
DTXSID7046097,775,0.0,0.0
DTXSID7046099,775,3.4134896357829362e-12,0.0
DTXSID7046120,775,1.4110341245636256e-19,0.0
DTXSID7046122,775,2.8260117867971664e-15,0.0
DTXSID7046126,775,0.0,0.0
DTXSID7046128,775,8.398110634919175e-09,0.0
DTXSID7046170,775,1.4720779368176034e-19,0.0
DTXSID7046172,775,2.396419061091946e-14,0.0
DTXSID7046174,775,1.1258979865523393e-18,0.0
DTXSID7046176,775,0.0,0.0
DTXSID7046178,775,0.0,0.0
DTXSID7046201,775,1.0452179148464151e-05,0.0
DTXSID7046205,775,1.33642156663011e-07,0.0
DTXSID7046207,775,0.0,0.0
DTXSID7046251,775,0.0,0.0
DTXSID7046253,775,0.0,0.0
DTXSID7046255,775,5.170459614487734e-13,0.0
DTXSID7046257,775,5.752040989307762e-22,0.0
DTXSID7046259,775,5.954950154976558e-16,0.0
DTXSID7046332,775,0.0,0.0
DTXSID7046384,775,6.361768360916165e-08,0.0
DTXSID7046386,775,1.888726937744395e-16,0.0
DTXSID7046388,775,0.0,0.0
DTXSID7046411,775,0.0,0.0
DTXSID7046413,775,0.0,0.0
DTXSID7046415,775,0.0,0.0
DTXSID7046417,775,1.085228306112335e-18,0.0
DTXSID7046419,775,0.0,0.0
DTXSID7046461,775,0.0,0.0
DTXSID7046463,775,0.0,0.0
DTXSID7046465,775,0.0,0.0
DTXSID7046467,775,1.465731060630122e-15,0.0
DTXSID7046540,775,0.0,0.0
DTXSID7046542,775,0.0,0.0
DTXSID7046548,775,0.0,0.0
DTXSID7046592,775,4.4156679794551684e-13,0.0
DTXSID7046594,775,1.5113296246708058e-14,0.0
DTXSID7046596,775,0.0,0.0
DTXSID7046621,775,0.0,0.0
DTXSID7046623,775,0.005241634173344886,0.0
DTXSID7046627,775,0.0,0.0
DTXSID7046673,775,0.0,0.0
DTXSID7046675,775,0.0,0.0
DTXSID7046677,775,0.0,0.0
DTXSID7046700,775,0.0,0.0
DTXSID7046702,775,1.2364215694667294e-12,0.0
DTXSID7046706,775,0.0,0.0
DTXSID7046708,775,0.0,0.0
DTXSID7046750,775,0.0,0.0
DTXSID7046752,775,0.0,0.0
DTXSID7046754,775,0.0,0.0
DTXSID7046756,775,0.0,0.0
DTXSID7046758,775,8.792695695022745e-19,0.0
DTXSID7046831,775,0.0,0.0
DTXSID7046833,775,0.0,0.0
DTXSID7046835,775,1.3851932662969256e-19,0.0
DTXSID7046837,775,0.0,0.0
DTXSID7046839,775,0.0,0.0
DTXSID7046881,775,0.0,0.0
DTXSID7046883,775,0.0,0.0
DTXSID7046885,775,4.489786806125687e-15,0.0
DTXSID7046887,775,0.0,0.0
DTXSID7046889,775,0.0,0.0
DTXSID7046910,775,0.0,0.0
DTXSID7046912,775,3.7993644250805784e-20,0.0
DTXSID7046914,775,5.237324460558623e-22,0.0
DTXSID7046918,775,0.0,0.0
DTXSID7046966,775,0.0,0.0
DTXSID7047061,775,0.0,0.0
DTXSID7047065,775,0.0,0.0
DTXSID7047067,775,0.0,0.0
DTXSID7047140,775,0.0,0.0
DTXSID7047142,775,0.0,0.0
DTXSID7047144,775,0.0,0.0
DTXSID7047146,775,0.0,0.0
DTXSID7047190,775,0.0,0.0
DTXSID7047192,775,0.0,0.0
DTXSID7047196,775,1.064332284255142e-22,0.0
DTXSID7047198,775,2.199468910531467e-21,0.0
DTXSID7047271,775,0.0,0.0
DTXSID7047277,775,0.0008575651069671166,0.0
DTXSID7047279,775,0.0,0.0
DTXSID7047304,775,0.0,0.0
DTXSID7047306,775,0.0,0.0
DTXSID7047308,775,0.0,0.0
DTXSID7047356,775,0.0,0.0
DTXSID7047358,775,0.0,0.0
DTXSID7047433,775,5.559386034517563e-17,0.0
DTXSID7047435,775,4.3033145394801035e-19,0.0
DTXSID7047437,775,0.0,0.0
DTXSID7047439,775,0.0,0.0
DTXSID7047487,775,0.0,0.0
DTXSID7047510,775,0.0,0.0
DTXSID7047512,775,0.0,0.0
DTXSID7047518,775,0.0,0.0
DTXSID7047560,775,0.0,0.0
DTXSID7047562,775,0.0,0.0
DTXSID7047568,775,0.0,0.0
DTXSID7047641,775,6.490745482482481e-20,0.0
DTXSID7047643,775,0.0,0.0
DTXSID7047645,775,1.0374535107535924e-15,0.0
DTXSID7047647,775,0.0,0.0
DTXSID7047649,775,0.0,0.0
DTXSID7047697,775,0.0,0.0
DTXSID7047726,775,2.260881450039712e-16,0.0
DTXSID7047772,775,0.0,0.0
DTXSID7047774,775,2.0602821555448306e-11,0.0
DTXSID7047776,775,5.704910257043626e-12,0.0
DTXSID7047778,775,3.1502005613895487e-18,0.0
DTXSID7047801,775,0.0,0.0
DTXSID7047803,775,0.0,0.0
DTXSID7047807,775,0.0,0.0
DTXSID7047851,775,1.493506608847244e-17,0.0
DTXSID7047853,775,0.0,0.0
DTXSID7047857,775,0.2351076073405088,0.0
DTXSID7047930,775,0.0,0.0
DTXSID7047932,775,0.0,0.0
DTXSID7047934,775,0.0,0.0
DTXSID7047936,775,1.1745653507780505e-20,0.0
DTXSID7047938,775,0.0,0.0
DTXSID7048166,775,0.0,0.0
DTXSID7048168,775,0.0,0.0
DTXSID7048291,775,0.0,0.0
DTXSID7048580,775,3.9356531645581095e-19,0.0
DTXSID7048582,775,1.5568822338501187e-22,0.0
DTXSID7048584,775,4.835326989444323e-16,0.0
DTXSID7048586,775,0.0,0.0
DTXSID7048588,775,0.0,0.0
DTXSID7048611,775,0.0,0.0
DTXSID7048613,775,0.0,0.0
DTXSID7048615,775,0.0,0.0
DTXSID7048617,775,0.0,0.0
DTXSID7048619,775,2.575289747619315e-05,0.0
DTXSID7048661,775,0.0,0.0
DTXSID7048663,775,0.0,0.0
DTXSID7048665,775,0.0,0.0
DTXSID7048667,775,2.286122800170512e-16,0.0
DTXSID7048669,775,1.3857287101318283e-08,0.0
DTXSID7048740,775,0.0,0.0
DTXSID7048742,775,1.6348840781745484e-10,0.0
DTXSID7048744,775,0.0,0.0
DTXSID7048746,775,0.014942732172987342,0.0
DTXSID7048748,775,0.0,0.0
DTXSID7048790,775,0.0,0.0
DTXSID7048792,775,0.0,0.0
DTXSID7048794,775,7.261241189966625e-19,0.0
DTXSID7048796,775,1.7739284395187727e-20,0.0
DTXSID7048798,775,4.170230903324647e-18,0.0
DTXSID7048821,775,0.0,0.0
DTXSID7048823,775,2.2478227132951414e-17,0.0
DTXSID7048825,775,0.0,0.0
DTXSID7048827,775,0.0,0.0
DTXSID7048829,775,0.0,0.0
DTXSID7048871,775,0.0,0.0
DTXSID7048873,775,0.0,0.0
DTXSID7048875,775,0.0,0.0
DTXSID7048877,775,4.519494096072412e-06,0.0
DTXSID7048879,775,0.0,0.0
DTXSID7048900,775,6.192933388815678e-22,0.0
DTXSID7048902,775,0.0,0.0
DTXSID7048904,775,0.0,0.0
DTXSID7048906,775,0.0,0.0
DTXSID7048908,775,0.0,0.0
DTXSID7048950,775,0.0,0.0
DTXSID7048952,775,0.0,0.0
DTXSID7048954,775,0.0,0.0
DTXSID7048956,775,0.0,0.0
DTXSID7048958,775,0.0,0.0
DTXSID7049001,775,1.4004120153901728e-15,0.0
DTXSID7049003,775,7.371091592485538e-20,0.0
DTXSID7049005,775,0.0,0.0
DTXSID7049007,775,0.0,0.0
DTXSID7049009,775,0.0,0.0
DTXSID7049051,775,3.376872287951572e-11,0.0
DTXSID7049053,775,0.0,0.0
DTXSID7049055,775,0.0,0.0
DTXSID7049057,775,0.0,0.0
DTXSID7049059,775,0.0,0.0
DTXSID7049211,775,0.0,0.0
DTXSID7049213,775,0.0,0.0
DTXSID7049215,775,0.0,0.0
DTXSID7049217,775,0.0,0.0
DTXSID7049219,775,0.0,0.0
DTXSID7049261,775,0.0,0.0
DTXSID7049263,775,0.0,0.0
DTXSID7049265,775,0.0,0.0
DTXSID7049267,775,0.0,0.0
DTXSID7049269,775,0.0,0.0
DTXSID7049340,775,0.6387371353874982,0.0
DTXSID7049342,775,0.0,0.0
DTXSID7049344,775,0.0,0.0
DTXSID7049346,775,1.6667173128230258e-11,0.0
DTXSID7049348,775,0.0,0.0
DTXSID7049390,775,0.0,0.0
DTXSID7049392,775,0.0,0.0
DTXSID7049394,775,0.0,0.0
DTXSID7049396,775,0.0,0.0
DTXSID7049398,775,0.0,0.0
DTXSID7049421,775,0.0,0.0
DTXSID7049423,775,0.0,0.0
DTXSID7049425,775,0.0,0.0
DTXSID7049427,775,0.4700903109365882,0.0
DTXSID7049429,775,7.782683130852055e-19,0.0
DTXSID7049471,775,8.215865733152344e-20,0.0
DTXSID7049473,775,0.0,0.0
DTXSID7049475,775,0.0,0.0
DTXSID7049477,775,0.0,0.0
DTXSID7049479,775,0.0,0.0
DTXSID7049500,775,0.0,0.0
DTXSID7049502,775,0.0,0.0
DTXSID7049504,775,0.0,0.0
DTXSID7049506,775,0.0,0.0
DTXSID7049508,775,0.0,0.0
DTXSID7049550,775,0.0,0.0
DTXSID7049552,775,7.859284416160395e-17,0.0
DTXSID7049554,775,0.0,0.0
DTXSID7049556,775,2.177040387828859e-17,0.0
DTXSID7049558,775,0.0,0.0
DTXSID8020040,775,0.0,0.0
DTXSID8020044,775,0.0,0.0
DTXSID8020090,775,1.8331970090211632e-19,0.0
DTXSID8020092,775,1.7120828681715608e-14,0.0
DTXSID8020094,775,2.0297324249047288e-09,0.0
DTXSID8020121,775,0.0,0.0
DTXSID8020123,775,3.854265483930053e-18,0.0
DTXSID8020127,775,0.0,0.0
DTXSID8020129,775,0.0,0.0
DTXSID8020173,775,0.0,0.0
DTXSID8020175,775,0.0,0.0
DTXSID8020179,775,3.552036324315721e-10,0.0
DTXSID8020200,775,0.0,0.0
DTXSID8020202,775,2.8452427233824817e-16,0.0
DTXSID8020206,775,0.0,0.0
DTXSID8020250,775,2.5365582282588588e-21,0.0
DTXSID8020252,775,0.0,0.0
DTXSID8020256,775,0.0,0.0
DTXSID8020331,775,1.0678708032029086e-08,0.0
DTXSID8020337,775,0.0,0.0
DTXSID8020381,775,0.0,0.0
DTXSID8020383,775,0.03883239864690476,0.0
DTXSID8020410,775,0.0,0.0
DTXSID8020462,775,0.0,0.0
DTXSID8020464,775,0.0,0.0
DTXSID8020466,775,7.233239493813899e-18,0.0
DTXSID8020468,775,7.872198653352988e-21,0.0
DTXSID8020541,775,0.0,0.0
DTXSID8020543,775,1.0456984303098986e-11,0.0
DTXSID8020545,775,0.0,0.0
DTXSID8020591,775,0.0,0.0
DTXSID8020593,775,0.0,0.0
DTXSID8020597,775,0.0,0.0
DTXSID8020620,775,1.9090903841818576e-12,0.0
DTXSID8020622,775,0.0,0.0
DTXSID8020624,775,0.0,0.0
DTXSID8020626,775,3.43972410286721e-16,0.0
DTXSID8020628,775,0.0,0.0
DTXSID8020674,775,2.710431265366839e-17,0.0
DTXSID8020678,775,0.0,0.0
DTXSID8020703,775,0.0,0.0
DTXSID8020707,775,2.1516425007542813e-05,0.0
DTXSID8020709,775,0.0,0.0
DTXSID8020753,775,0.0,0.0
DTXSID8020755,775,4.5521883961129085e-17,0.0
DTXSID8020757,775,4.076708990862132e-18,0.0
DTXSID8020759,775,0.0,0.0
DTXSID8020830,775,3.272666973629684e-09,0.0
DTXSID8020834,775,0.0,0.0
DTXSID8020838,775,0.0,0.0
DTXSID8020886,775,0.0,0.0
DTXSID8020888,775,0.0,0.0
DTXSID8020911,775,6.456961863445406e-20,0.0
DTXSID8020913,775,0.0,0.0
DTXSID8020915,775,0.0,0.0
DTXSID8020917,775,0.09270411872143987,0.0
DTXSID8020919,775,0.0,0.0
DTXSID8020961,775,0.0,0.0
DTXSID8020963,775,0.0,0.0
DTXSID8020965,775,1.5891118558040368e-17,0.0
DTXSID8020967,775,0.0,0.0
DTXSID8020969,775,0.0,0.0
DTXSID8021060,775,0.0,0.0
DTXSID8021062,775,0.0,0.0
DTXSID8021145,775,0.0,0.0
DTXSID8021147,775,0.0,0.0
DTXSID8021191,775,0.0957916217097595,0.0
DTXSID8021193,775,0.0,0.0
DTXSID8021195,775,0.0,0.0
DTXSID8021197,775,1.5453196387252253e-16,0.0
DTXSID8021199,775,3.9290553377335e-15,0.0
DTXSID8021222,775,0.0,0.0
DTXSID8021224,775,0.0,0.0
DTXSID8021270,775,0.0,0.0
DTXSID8021272,775,0.0,0.0
DTXSID8021276,775,0.0,0.0
DTXSID8021278,775,1.7160534734928894e-14,0.0
DTXSID8021301,775,5.0546419214166026e-15,0.0
DTXSID8021305,775,0.0,0.0
DTXSID8021309,775,0.0,0.0
DTXSID8021351,775,5.606414599698521e-21,0.0
DTXSID8021359,775,1.7555388737736107e-15,0.0
DTXSID8021438,775,0.0,0.0
DTXSID8021482,775,0.0,0.0
DTXSID8021484,775,0.0,0.0
DTXSID8021486,775,1.5681343291418927e-20,0.0
DTXSID8021488,775,5.820946181018868e-20,0.0
DTXSID8021513,775,0.0,0.0
DTXSID8021515,775,1.296226144282095e-17,0.0
DTXSID8021517,775,2.694213292577256e-18,0.0
DTXSID8021519,775,0.0,0.0
DTXSID8021561,775,0.0,0.0
DTXSID8021563,775,1.2489131365149351e-21,0.0
DTXSID8021565,775,0.0,0.0
DTXSID8021640,775,0.0,0.0
DTXSID8021642,775,2.7513360513255764e-19,0.0
DTXSID8021644,775,0.0,0.0
DTXSID8021646,775,0.0,0.0
DTXSID8021648,775,0.0,0.0
DTXSID8021690,775,0.0,0.0
DTXSID8021721,775,0.0,0.0
DTXSID8021725,775,7.572083705119934e-19,0.0
DTXSID8021729,775,0.0,0.0
DTXSID8021771,775,0.0,0.0
DTXSID8021775,775,0.0,0.0
DTXSID8021777,775,0.5902174513135493,0.0
DTXSID8021800,775,0.0,0.0
DTXSID8021802,775,0.0,0.0
DTXSID8021804,775,4.842438879383575e-19,0.0
DTXSID8021808,775,4.7312123531358507e-07,0.0
DTXSID8021854,775,0.0,0.0
DTXSID8021856,775,0.0,0.0
DTXSID8021931,775,0.0,0.0
DTXSID8021937,775,0.0,0.0
DTXSID8021939,775,0.0,0.0
DTXSID8022082,775,0.0,0.0
DTXSID8022084,775,0.0,0.0
DTXSID8022086,775,0.0,0.0
DTXSID8022111,775,0.0,0.0
DTXSID8022113,775,3.0573716640816672e-15,0.0
DTXSID8022117,775,0.0,0.0
DTXSID8022161,775,0.0,0.0
DTXSID8022246,775,9.158834415369856e-15,0.0
DTXSID8022292,775,0.0,0.0
DTXSID8022325,775,2.666748459795922e-21,0.0
DTXSID8022329,775,0.0,0.0
DTXSID8022371,775,7.969742134746325e-16,0.0
DTXSID8022377,775,0.0,0.0
DTXSID8022404,775,0.0,0.0
DTXSID8022406,775,0.0,0.0
DTXSID8022408,775,0.0,0.0
DTXSID8022585,775,0.0,0.0
DTXSID8022589,775,0.0,0.0
DTXSID8022612,775,0.0,0.0
DTXSID8022614,775,0.00639868412495235,0.0
DTXSID8022666,775,0.0,0.0
DTXSID8022741,775,0.0,0.0
DTXSID8022743,775,6.043743709114016e-20,0.0
DTXSID8022749,775,4.338795297383931e-11,0.0
DTXSID8022822,775,0.0,0.0
DTXSID8022828,775,0.0,0.0
DTXSID8022870,775,0.00018198785054973805,0.0
DTXSID8022872,775,1.187285894417483e-19,0.0
DTXSID8022901,775,0.0,0.0
DTXSID8022955,775,0.0,0.0
DTXSID8022959,775,0.0,0.0
DTXSID8023000,775,0.0,0.0
DTXSID8023004,775,0.0,0.0
DTXSID8023050,775,0.0,0.0
DTXSID8023054,775,3.9557018391828596e-07,0.0
DTXSID8023137,775,0.0,0.0
DTXSID8023181,775,0.0,0.0
DTXSID8023183,775,0.0,0.0
DTXSID8023185,775,0.0,0.0
DTXSID8023187,775,0.0,0.0
DTXSID8023214,775,0.0,0.0
DTXSID8023216,775,0.0,0.0
DTXSID8023260,775,0.0,0.0
DTXSID8023262,775,0.0,0.0
DTXSID8023345,775,0.0,0.0
DTXSID8023347,775,0.0,0.0
DTXSID8023349,775,0.0,0.0
DTXSID8023393,775,0.0,0.0
DTXSID8023395,775,3.5650814526325386e-19,0.0
DTXSID8023422,775,2.303316422253796e-17,0.0
DTXSID8023426,775,3.7041118658623766e-21,0.0
DTXSID8023470,775,0.0,0.0
DTXSID8023472,775,6.778203659041844e-05,0.0
DTXSID8023474,775,1.4103512534184298e-15,0.0
DTXSID8023476,775,0.0,0.0
DTXSID8023478,775,0.0,0.0
DTXSID8023551,775,0.0,0.0
DTXSID8023557,775,0.0,0.0
DTXSID8023632,775,0.0,0.0
DTXSID8023636,775,0.0,0.0
DTXSID8023638,775,0.0,0.0
DTXSID8023680,775,1.7817186813510212e-17,0.0
DTXSID8023688,775,0.0,0.0
DTXSID8023713,775,0.0,0.0
DTXSID8023719,775,1.5981202392339791e-18,0.0
DTXSID8023846,775,0.0,0.0
DTXSID8023848,775,0.0,0.0
DTXSID8023890,775,0.0,0.0
DTXSID8023892,775,1.5221518721799962e-15,0.0
DTXSID8023927,775,6.052815330701234e-14,0.0
DTXSID8023971,775,2.642208275638577e-18,0.0
DTXSID8023973,775,0.0,0.0
DTXSID8023977,775,0.0,0.0
DTXSID8024072,775,0.0,0.0
DTXSID8024101,775,0.0,0.0
DTXSID8024105,775,0.0,0.0
DTXSID8024107,775,0.0,0.0
DTXSID8024109,775,0.0,0.0
DTXSID8024151,775,7.416855078068513e-13,0.0
DTXSID8024157,775,0.0,0.0
DTXSID8024159,775,0.0,0.0
DTXSID8024234,775,0.0,0.0
DTXSID8024236,775,0.0,0.0
DTXSID8024238,775,0.0,0.0
DTXSID8024280,775,1.0003386062225519e-17,0.0
DTXSID8024284,775,0.0,0.0
DTXSID8024286,775,0.0,0.0
DTXSID8024311,775,1.388559452477452e-19,0.0
DTXSID8024315,775,0.0,0.0
DTXSID8024317,775,0.0,0.0
DTXSID8024442,775,0.0,0.0
DTXSID8024448,775,0.0,0.0
DTXSID8024498,775,0.0,0.0
DTXSID8024521,775,9.55047879061026e-19,0.0
DTXSID8024523,775,0.0,0.0
DTXSID8024529,775,0.0,0.0
DTXSID8024573,775,1.4287228362453169e-15,0.0
DTXSID8024600,775,0.0,0.0
DTXSID8024602,775,0.0,0.0
DTXSID8024608,775,0.0,0.0
DTXSID8024652,775,0.0,0.0
DTXSID8024658,775,1.1320289764233851e-05,0.0
DTXSID8024733,775,0.0,0.0
DTXSID8024739,775,0.0,0.0
DTXSID8024781,775,,
DTXSID8024783,775,9.138852959724836e-19,0.0
DTXSID8024787,775,0.0,0.0
DTXSID8024810,775,4.514384157052834e-10,0.0
DTXSID8024814,775,0.0,0.0
DTXSID8024862,775,0.0,0.0
DTXSID8024864,775,0.0,0.0
DTXSID8024866,775,0.0,0.0
DTXSID8024941,775,0.0,0.0
DTXSID8024947,775,3.9995206492660055e-14,0.0
DTXSID8024991,775,0.0,0.0
DTXSID8024993,775,0.0,0.0
DTXSID8024997,775,0.0,0.0
DTXSID8024999,775,0.0,0.0
DTXSID8025040,775,0.0,0.0
DTXSID8025046,775,0.0,0.0
DTXSID8025094,775,0.0,0.0
DTXSID8025096,775,0.0,0.0
DTXSID8025258,775,6.87062102873378e-19,0.0
DTXSID8025331,775,0.0,0.0
DTXSID8025337,775,0.0,0.0
DTXSID8025464,775,0.0,0.0
DTXSID8025466,775,0.0,0.0
DTXSID8025591,775,0.0,0.0
DTXSID8025593,775,0.0,0.0
DTXSID8025595,775,0.0,0.0
DTXSID8025599,775,2.555888743556146e-15,0.0
DTXSID8025628,775,0.0,0.0
DTXSID8025670,775,0.6026839244779167,0.0
DTXSID8025703,775,5.82283809495399e-10,0.0
DTXSID8025709,775,0.0,0.0
DTXSID8025751,775,0.0,0.0
DTXSID8025757,775,0.0,0.0
DTXSID8025759,775,0.0,0.0
DTXSID8025830,775,0.0,0.0
DTXSID8025886,775,0.0,0.0
DTXSID8025888,775,0.0,0.0
DTXSID8025963,775,0.0,0.0
DTXSID8025967,775,0.0,0.0
DTXSID8025969,775,0.0,0.0
DTXSID8026018,775,6.2515409459770436e-18,0.0
DTXSID8026060,775,2.872818015912848e-20,0.0
DTXSID8026064,775,2.407564451722867e-15,0.0
DTXSID8026068,775,7.515224908539955e-16,0.0
DTXSID8026141,775,0.0,0.0
DTXSID8026145,775,2.2267480946598534e-19,0.0
DTXSID8026147,775,0.0,0.0
DTXSID8026193,775,0.0,0.0
DTXSID8026195,775,0.0,0.0
DTXSID8026220,775,0.0,0.0
DTXSID8026224,775,0.0,0.0
DTXSID8026228,775,0.0,0.0
DTXSID8026270,775,1.3656315265487305e-09,0.0
DTXSID8026303,775,0.0,0.0
DTXSID8026305,775,0.0,0.0
DTXSID8026307,775,0.0,0.0
DTXSID8026309,775,0.0,0.0
DTXSID8026432,775,1.4240246219814107e-18,0.0
DTXSID8026436,775,0.0,0.0
DTXSID8026488,775,0.0,0.0
DTXSID8026513,775,4.671141786093622e-18,0.0
DTXSID8026515,775,0.0,0.0
DTXSID8026519,775,0.0,0.0
DTXSID8026563,775,0.0,0.0
DTXSID8026640,775,1.2222877353437131e-17,0.0
DTXSID8026694,775,0.0,0.0
DTXSID8026698,775,0.0,0.0
DTXSID8026725,775,0.0,0.0
DTXSID8026727,775,0.0,0.0
DTXSID8026729,775,0.0,0.0
DTXSID8026773,775,1.4675922604742697e-18,0.0
DTXSID8026775,775,0.0,0.0
DTXSID8026802,775,2.8500938290426197e-21,0.0
DTXSID8026931,775,2.0655666865030828e-18,0.0
DTXSID8026933,775,0.0,0.0
DTXSID8026935,775,0.0,0.0
DTXSID8026981,775,0.0,0.0
DTXSID8027032,775,0.0,0.0
DTXSID8027034,775,0.0,0.0
DTXSID8027036,775,0.0,0.0
DTXSID8027084,775,0.0,0.0
DTXSID8027086,775,2.72118135174197e-21,0.0
DTXSID8027113,775,0.0,0.0
DTXSID8027163,775,0.0,0.0
DTXSID8027167,775,4.2542952716481194e-21,0.0
DTXSID8027169,775,1.5003081610703037e-21,0.0
DTXSID8027240,775,0.0,0.0
DTXSID8027244,775,3.893783871444813e-17,0.0
DTXSID8027246,775,3.755728134788222e-17,0.0
DTXSID8027292,775,4.798842653754971e-18,0.0
DTXSID8027294,775,0.0,0.0
DTXSID8027321,775,0.0,0.0
DTXSID8027323,775,0.5735112923702844,0.0
DTXSID8027329,775,3.7123234471730566e-20,0.0
DTXSID8027377,775,0.0,0.0
DTXSID8027400,775,0.0,0.0
DTXSID8027402,775,0.0,0.0
DTXSID8027452,775,0.0,0.0
DTXSID8027454,775,0.0,0.0
DTXSID8027537,775,0.0,0.0
DTXSID8027581,775,0.0,0.0
DTXSID8027585,775,0.0,0.0
DTXSID8027589,775,0.0,0.0
DTXSID8027747,775,0.0,0.0
DTXSID8027749,775,0.0,0.0
DTXSID8027793,775,0.0,0.0
DTXSID8027795,775,0.0,0.0
DTXSID8027797,775,0.0,0.0
DTXSID8027822,775,0.0,0.0
DTXSID8027826,775,0.0,0.0
DTXSID8027870,775,0.0,0.0
DTXSID8027878,775,3.9451824181401034e-20,0.0
DTXSID8027905,775,1.0066662192029314e-17,0.0
DTXSID8027955,775,0.0,0.0
DTXSID8027959,775,0.0,0.0
DTXSID8028008,775,0.0,0.0
DTXSID8028842,775,0.0,0.0
DTXSID8029072,775,0.0,0.0
DTXSID8029105,775,0.0,0.0
DTXSID8029153,775,0.0,0.0
DTXSID8029157,775,5.566881364508311e-14,0.0
DTXSID8029159,775,0.0,0.0
DTXSID8029230,775,0.0,0.0
DTXSID8029234,775,0.0,0.0
DTXSID8029236,775,0.0,0.0
DTXSID8029280,775,0.0,0.0
DTXSID8029282,775,0.0,0.0
DTXSID8029286,775,0.45521054007498163,0.0
DTXSID8029315,775,0.0,0.0
DTXSID8029317,775,0.0,0.0
DTXSID8029369,775,0.0,0.0
DTXSID8029575,775,0.0,0.0
DTXSID8029600,775,0.0,0.0
DTXSID8029602,775,0.0,0.0
DTXSID8029604,775,0.0,0.0
DTXSID8029606,775,0.0,0.0
DTXSID8029608,775,3.8175276335248665e-17,0.0
DTXSID8029650,775,0.0,0.0
DTXSID8029652,775,6.151985559158091e-08,0.0
DTXSID8029733,775,0.0,0.0
DTXSID8029739,775,5.864441995834003e-18,0.0
DTXSID8029868,775,0.0,0.0
DTXSID8030138,775,0.0,0.0
DTXSID8030423,775,2.1414895642934415e-20,0.0
DTXSID8030760,775,0.0,0.0
DTXSID8031077,775,0.6596770362330315,0.0
DTXSID8031366,775,1.0787076436855747e-06,0.0
DTXSID8031497,775,0.0,0.0
DTXSID8031603,775,0.0,0.0
DTXSID8031863,775,3.9749707882058145e-17,0.0
DTXSID8031865,775,0.0,0.0
DTXSID8032386,775,0.0,0.0
DTXSID8032417,775,0.0,0.0
DTXSID8032544,775,0.0,0.0
DTXSID8032548,775,0.0,0.0
DTXSID8032623,775,0.0,0.0
DTXSID8032627,775,0.0,0.0
DTXSID8032673,775,0.0,0.0
DTXSID8032675,775,2.145898377734162e-20,0.0
DTXSID8033433,775,3.1232986910124484e-17,0.0
DTXSID8033512,775,0.0,0.0
DTXSID8033562,775,0.0,0.0
DTXSID8033564,775,0.0,0.0
DTXSID8033566,775,0.0,0.0
DTXSID8033649,775,8.659458574992616e-11,0.0
DTXSID8033803,775,0.0,0.0
DTXSID8034085,775,4.842436027188108e-09,0.0
DTXSID8034087,775,0.0,0.0
DTXSID8034089,775,0.0,0.0
DTXSID8034324,775,0.0,0.0
DTXSID8034376,775,0.0,0.0
DTXSID8034401,775,0.0,0.0
DTXSID8034580,775,0.0,0.0
DTXSID8034586,775,0.0,0.0
DTXSID8034588,775,6.475074144714598e-22,0.0
DTXSID8034665,775,0.0,0.0
DTXSID8034669,775,7.914797365332372e-18,0.0
DTXSID8034742,775,0.0,0.0
DTXSID8034792,775,0.0,0.0
DTXSID8034871,775,0.0,0.0
DTXSID8034873,775,0.0,0.0
DTXSID8034877,775,0.0,0.0
DTXSID8034956,775,0.0,0.0
DTXSID8035001,775,1.1738547866745548e-06,0.0
DTXSID8035138,775,9.174216470443223e-22,0.0
DTXSID8035180,775,0.0,0.0
DTXSID8035186,775,0.0,0.0
DTXSID8035423,775,0.0,0.0
DTXSID8037207,775,0.0,0.0
DTXSID8037594,775,0.0,0.0
DTXSID8037596,775,0.0,0.0
DTXSID8037706,775,0.0,0.0
DTXSID8037708,775,0.0,0.0
DTXSID8037750,775,0.0,0.0
DTXSID8037752,775,0.0,0.0
DTXSID8037754,775,0.0,0.0
DTXSID8037756,775,0.0,0.0
DTXSID8038770,775,0.0,0.0
DTXSID8038801,775,0.0,0.0
DTXSID8038855,775,0.0,0.0
DTXSID8038857,775,0.0,0.0
DTXSID8039241,775,0.0,0.0
DTXSID8040222,775,0.0,0.0
DTXSID8040270,775,4.762485877071086e-10,0.0
DTXSID8040274,775,0.0,0.0
DTXSID8040278,775,0.0,0.0
DTXSID8040436,775,2.3711097627186148e-18,0.0
DTXSID8040438,775,0.0,0.0
DTXSID8040484,775,0.0,0.0
DTXSID8040694,775,0.0,0.0
DTXSID8040698,775,0.0,0.0
DTXSID8040721,775,0.0,0.0
DTXSID8040723,775,0.0,0.0
DTXSID8040725,775,0.0,0.0
DTXSID8040727,775,0.0,0.0
DTXSID8040775,775,0.0,0.0
DTXSID8040800,775,0.0,0.0
DTXSID8041032,775,1.8857340064837904e-12,0.0
DTXSID8041034,775,0.0,0.0
DTXSID8041080,775,0.0,0.0
DTXSID8041115,775,0.0,0.0
DTXSID8041117,775,0.0,0.0
DTXSID8041242,775,0.0,0.0
DTXSID8041246,775,0.0,0.0
DTXSID8041248,775,0.0,0.0
DTXSID8041298,775,3.2181780049620704e-16,0.0
DTXSID8041321,775,0.0,0.0
DTXSID8041327,775,0.0,0.0
DTXSID8041329,775,0.0,0.0
DTXSID8041371,775,7.062738523093309e-18,0.0
DTXSID8041373,775,2.6250887551524944e-16,0.0
DTXSID8041379,775,2.199521808920082e-16,0.0
DTXSID8041400,775,0.0,0.0
DTXSID8041404,775,3.1473978174239372e-12,0.0
DTXSID8041452,775,0.0,0.0
DTXSID8041610,775,2.3931378514100608e-14,0.0
DTXSID8041668,775,0.0,0.0
DTXSID8041743,775,1.4974478996465346e-11,0.0
DTXSID8041793,775,6.305457164685058e-12,0.0
DTXSID8041797,775,0.0,0.0
DTXSID8041799,775,0.0,0.0
DTXSID8041828,775,0.0,0.0
DTXSID8041909,775,4.528459758595742e-20,0.0
DTXSID8041951,775,0.0,0.0
DTXSID8041955,775,0.0,0.0
DTXSID8041957,775,2.4588024647594798e-14,0.0
DTXSID8041959,775,0.0,0.0
DTXSID8042006,775,0.0,0.0
DTXSID8042052,775,0.0,0.0
DTXSID8042137,775,0.0,0.0
DTXSID8042181,775,0.0,0.0
DTXSID8042187,775,0.0,0.0
DTXSID8042189,775,0.0,0.0
DTXSID8042210,775,0.0,0.0
DTXSID8042218,775,0.0,0.0
DTXSID8042260,775,0.0,0.0
DTXSID8042264,775,0.0,0.0
DTXSID8042266,775,0.0,0.0
DTXSID8042343,775,0.0,0.0
DTXSID8042349,775,0.0,0.0
DTXSID8042399,775,7.0316537766368535e-12,0.0
DTXSID8042422,775,4.303268569172515e-14,0.0
DTXSID8042424,775,7.402410518308897e-15,0.0
DTXSID8042426,775,0.0,0.0
DTXSID8042478,775,0.0,0.0
DTXSID8042503,775,0.0,0.0
DTXSID8042507,775,0.0,0.0
DTXSID8042509,775,0.0,0.0
DTXSID8042559,775,0.0,0.0
DTXSID8042632,775,0.0,0.0
DTXSID8043814,775,0.0,0.0
DTXSID8043941,775,7.817949614219953e-18,0.0
DTXSID8044175,775,0.0,0.0
DTXSID8044177,775,0.0,0.0
DTXSID8044200,775,0.0,0.0
DTXSID8044202,775,0.0,0.0
DTXSID8044204,775,0.0,0.0
DTXSID8044206,775,1.3849188536810286e-21,0.0
DTXSID8044208,775,0.0,0.0
DTXSID8044252,775,0.0,0.0
DTXSID8044381,775,0.0,0.0
DTXSID8044383,775,0.0,0.0
DTXSID8044389,775,0.0,0.0
DTXSID8044410,775,0.0,0.0
DTXSID8044412,775,0.0,0.0
DTXSID8044414,775,3.3572493689759016e-17,0.0
DTXSID8044462,775,0.0,0.0
DTXSID8044464,775,6.73945788917231e-18,0.0
DTXSID8044466,775,0.0,0.0
DTXSID8044541,775,0.0,0.0
DTXSID8044543,775,0.3787977657354882,0.0
DTXSID8044545,775,0.0,0.0
DTXSID8044547,775,0.0,0.0
DTXSID8044549,775,0.0,0.0
DTXSID8044591,775,1.3407444733819474e-12,0.0
DTXSID8044593,775,0.05262584342979849,0.0
DTXSID8044595,775,1.7170360478244257e-14,0.0
DTXSID8044597,775,0.0,0.0
DTXSID8044599,775,0.0,0.0
DTXSID8044620,775,0.0,0.0
DTXSID8044622,775,0.0,0.0
DTXSID8044624,775,0.0,0.0
DTXSID8044626,775,3.86588514146722e-19,0.0
DTXSID8044670,775,0.0,0.0
DTXSID8044676,775,0.0,0.0
DTXSID8044678,775,0.0,0.0
DTXSID8044701,775,0.0,0.0
DTXSID8044703,775,0.0,0.0
DTXSID8044709,775,0.0,0.0
DTXSID8044751,775,0.0,0.0
DTXSID8044753,775,0.0,0.0
DTXSID8044755,775,0.0,0.0
DTXSID8044757,775,0.0,0.0
DTXSID8044759,775,0.0,0.0
DTXSID8044830,775,0.0,0.0
DTXSID8044832,775,0.0,0.0
DTXSID8044834,775,0.0,0.0
DTXSID8044836,775,2.115880358274659e-22,0.0
DTXSID8044880,775,0.0,0.0
DTXSID8044882,775,0.0,0.0
DTXSID8044884,775,0.0,0.0
DTXSID8044886,775,6.700690253682772e-17,0.0
DTXSID8044888,775,0.0,0.0
DTXSID8044911,775,0.0,0.0
DTXSID8044913,775,0.0,0.0
DTXSID8044915,775,0.0,0.0
DTXSID8044919,775,0.0,0.0
DTXSID8044961,775,2.563453849233952e-17,0.0
DTXSID8044963,775,0.0,0.0
DTXSID8044967,775,1.5050059675587819e-21,0.0
DTXSID8045141,775,5.59007973026988e-19,0.0
DTXSID8045145,775,0.0,0.0
DTXSID8045147,775,0.0,0.0
DTXSID8045149,775,0.0,0.0
DTXSID8045191,775,2.12695309496186e-16,0.0
DTXSID8045193,775,0.0,0.0
DTXSID8045195,775,0.0,0.0
DTXSID8045220,775,0.0,0.0
DTXSID8045222,775,0.0,0.0
DTXSID8045224,775,0.0,0.0
DTXSID8045226,775,0.0,0.0
DTXSID8045228,775,6.434142481013277e-16,0.0
DTXSID8045305,775,0.0,0.0
DTXSID8045307,775,4.8923706460525986e-11,0.0
DTXSID8045351,775,0.0,0.0
DTXSID8045355,775,4.3878173548172035e-07,0.0
DTXSID8045357,775,0.0,0.0
DTXSID8045359,775,0.0,0.0
DTXSID8045432,775,0.0,0.0
DTXSID8045434,775,0.0,0.0
DTXSID8045438,775,0.0,0.0
DTXSID8045480,775,0.0,0.0
DTXSID8045484,775,0.0,0.0
DTXSID8045486,775,3.3388295210916907e-12,0.0
DTXSID8045488,775,7.390032777648325e-19,0.0
DTXSID8045511,775,0.0,0.0
DTXSID8045513,775,0.0,0.0
DTXSID8045515,775,1.9923607997932464e-19,0.0
DTXSID8045519,775,1.734441577105147e-21,0.0
DTXSID8045561,775,0.0,0.0
DTXSID8045563,775,0.0,0.0
DTXSID8045565,775,0.3560428748071054,0.0
DTXSID8045567,775,0.0,0.0
DTXSID8045569,775,0.0,0.0
DTXSID8045640,775,0.0,0.0
DTXSID8045642,775,0.0,0.0
DTXSID8045646,775,8.275328343441241e-18,0.0
DTXSID8045648,775,0.0,0.0
DTXSID8045690,775,0.0,0.0
DTXSID8045692,775,0.0,0.0
DTXSID8045694,775,6.57666847447011e-19,0.0
DTXSID8045696,775,5.7617070005213494e-09,0.0
DTXSID8045698,775,1.348423308922954e-14,0.0
DTXSID8045771,775,0.3706512681841848,0.0
DTXSID8045773,775,0.0,0.0
DTXSID8045775,775,0.0,0.0
DTXSID8045777,775,0.0,0.0
DTXSID8045779,775,0.0,0.0
DTXSID8045800,775,8.725092333529234e-10,0.0
DTXSID8045802,775,0.0,0.0
DTXSID8045804,775,0.0,0.0
DTXSID8045806,775,0.0,0.0
DTXSID8045850,775,0.0,0.0
DTXSID8045852,775,0.0,0.0
DTXSID8045854,775,0.0,0.0
DTXSID8045856,775,1.8139991801693432e-06,0.0
DTXSID8045933,775,0.0,0.0
DTXSID8045935,775,0.0,0.0
DTXSID8045937,775,0.0,0.0
DTXSID8045939,775,7.908863307737363e-05,0.0
DTXSID8045983,775,0.0,0.0
DTXSID8045985,775,0.0,0.0
DTXSID8045987,775,0.0,0.0
DTXSID8045989,775,0.0,0.0
DTXSID8046030,775,1.878214164854844e-21,0.0
DTXSID8046034,775,0.0,0.0
DTXSID8046036,775,1.6739456958058412e-13,0.0
DTXSID8046038,775,1.948289177439655e-20,0.0
DTXSID8046084,775,0.0,0.0
DTXSID8046086,775,0.0,0.0
DTXSID8046088,775,0.0,0.0
DTXSID8046113,775,1.5173480780052907e-21,0.0
DTXSID8046115,775,0.0,0.0
DTXSID8046117,775,0.0,0.0
DTXSID8046119,775,0.0,0.0
DTXSID8046161,775,0.0,0.0
DTXSID8046163,775,0.0,0.0
DTXSID8046165,775,0.0,0.0
DTXSID8046167,775,0.0344656786497635,0.0
DTXSID8046169,775,0.0,0.0
DTXSID8046240,775,0.0,0.0
DTXSID8046242,775,0.0,0.0
DTXSID8046244,775,0.0,0.0
DTXSID8046246,775,0.0,0.0
DTXSID8046248,775,0.0,0.0
DTXSID8046290,775,0.0,0.0
DTXSID8046292,775,0.0,0.0
DTXSID8046294,775,0.0,0.0
DTXSID8046296,775,1.3655347108237195e-16,0.0
DTXSID8046298,775,0.0,0.0
DTXSID8046321,775,1.9289104592824605e-19,0.0
DTXSID8046323,775,0.3134158518109542,0.0
DTXSID8046325,775,4.3326156829627575e-19,0.0
DTXSID8046327,775,0.0,0.0
DTXSID8046400,775,0.0,0.0
DTXSID8046402,775,0.0,0.0
DTXSID8046404,775,0.0,0.0
DTXSID8046406,775,0.0,0.0
DTXSID8046450,775,9.658278352017206e-20,0.0
DTXSID8046452,775,3.477965939659589e-16,0.0
DTXSID8046454,775,0.0,0.0
DTXSID8046456,775,0.0,0.0
DTXSID8046458,775,0.0,0.0
DTXSID8046531,775,0.0,0.0
DTXSID8046535,775,0.0,0.0
DTXSID8046537,775,0.0,0.0
DTXSID8046539,775,8.756365529747454e-08,0.0
DTXSID8046581,775,0.0,0.0
DTXSID8046583,775,0.0,0.0
DTXSID8046585,775,0.0,0.0
DTXSID8046589,775,0.0,0.0
DTXSID8046610,775,0.0,0.0
DTXSID8046614,775,0.0,0.0
DTXSID8046618,775,0.0,0.0
DTXSID8046660,775,0.0,0.0
DTXSID8046662,775,0.0,0.0
DTXSID8046664,775,8.188420786318141e-15,0.0
DTXSID8046666,775,0.0,0.0
DTXSID8046743,775,7.411040270867459e-05,0.0
DTXSID8046749,775,0.0009209969089379466,0.0
DTXSID8046791,775,0.0,0.0
DTXSID8046793,775,0.0,0.0
DTXSID8046795,775,0.0,0.0
DTXSID8046799,775,0.0,0.0
DTXSID8046820,775,0.0,0.0
DTXSID8046822,775,0.0,0.0
DTXSID8046824,775,0.0,0.0
DTXSID8046826,775,0.0,0.0
DTXSID8046828,775,0.0,0.0
DTXSID8046870,775,0.0,0.0
DTXSID8046872,775,3.402692606196738e-22,0.0
DTXSID8046876,775,0.0,0.0
DTXSID8046878,775,0.0,0.0
DTXSID8046901,775,0.0,0.0
DTXSID8046903,775,0.001518325835347393,0.0
DTXSID8046905,775,0.0,0.0
DTXSID8046909,775,1.8539014073938234e-13,0.0
DTXSID8046951,775,0.0,0.0
DTXSID8047000,775,0.0,0.0
DTXSID8047006,775,3.6548391465430366e-21,0.0
DTXSID8047050,775,0.0,0.0
DTXSID8047052,775,0.0,0.0
DTXSID8047056,775,0.0,0.0
DTXSID8047058,775,0.0,0.0
DTXSID8047131,775,0.0,0.0
DTXSID8047133,775,2.4664038732630213e-06,0.0
DTXSID8047135,775,2.4442894152553078e-17,0.0
DTXSID8047137,775,0.0,0.0
DTXSID8047139,775,0.0,0.0
DTXSID8047183,775,0.0,0.0
DTXSID8047185,775,0.0,0.0
DTXSID8047187,775,0.0,0.0
DTXSID8047189,775,0.0,0.0
DTXSID8047262,775,1.0803703627120958e-16,0.0
DTXSID8047264,775,0.0,0.0
DTXSID8047266,775,0.0,0.0
DTXSID8047268,775,2.5185664287473336e-16,0.0
DTXSID8047341,775,0.0,0.0
DTXSID8047347,775,0.0,0.0
DTXSID8047349,775,0.0015392262356017227,0.0
DTXSID8047391,775,0.0,0.0
DTXSID8047395,775,0.0,0.0
DTXSID8047397,775,1.146104970835092e-19,0.0
DTXSID8047399,775,0.0,0.0
DTXSID8047420,775,0.0,0.0
DTXSID8047422,775,0.0,0.0
DTXSID8047424,775,0.0,0.0
DTXSID8047426,775,1.5185458474315086e-17,0.0
DTXSID8047428,775,0.0,0.0
DTXSID8047470,775,0.0,0.0
DTXSID8047474,775,0.0,0.0
DTXSID8047476,775,0.0,0.0
DTXSID8047501,775,0.0,0.0
DTXSID8047505,775,1.2541947683438523e-10,0.0
DTXSID8047551,775,0.0,0.0
DTXSID8047553,775,0.0,0.0
DTXSID8047559,775,0.0,0.0
DTXSID8047630,775,0.0,0.0
DTXSID8047636,775,0.0,0.0
DTXSID8047680,775,0.0,0.0
DTXSID8047682,775,0.0,0.0
DTXSID8047684,775,1.8726451011899973e-19,0.0
DTXSID8047686,775,0.0,0.0
DTXSID8047711,775,4.370319923965608e-21,0.0
DTXSID8047713,775,3.6597242877515215e-20,0.0
DTXSID8047717,775,3.189208879702591e-17,0.0
DTXSID8047840,775,1.090504160239523e-15,0.0
DTXSID8047842,775,0.0,0.0
DTXSID8047844,775,0.0,0.0
DTXSID8047846,775,0.0,0.0
DTXSID8047848,775,0.0,0.0
DTXSID8047890,775,0.0,0.0
DTXSID8047892,775,0.0,0.0
DTXSID8047894,775,0.0,0.0
DTXSID8047896,775,8.776225502798937e-19,0.0
DTXSID8047898,775,0.0,0.0
DTXSID8047921,775,0.0,0.0
DTXSID8047923,775,1.7073388090099061e-22,0.0
DTXSID8047925,775,2.6938831918799373e-21,0.0
DTXSID8047927,775,0.0,0.0
DTXSID8047929,775,0.0,0.0
DTXSID8047971,775,0.0,0.0
DTXSID8047973,775,2.633601379971386e-20,0.0
DTXSID8048521,775,1.0242346265849243e-11,0.0
DTXSID8048575,775,5.3154124042344254e-17,0.0
DTXSID8048577,775,0.0,0.0
DTXSID8048579,775,0.0,0.0
DTXSID8048600,775,1.2856336027393874e-15,0.0
DTXSID8048602,775,0.0,0.0
DTXSID8048604,775,0.0,0.0
DTXSID8048606,775,0.0,0.0
DTXSID8048608,775,0.0,0.0
DTXSID8048650,775,0.0,0.0
DTXSID8048652,775,3.818487645172766e-10,0.0
DTXSID8048654,775,0.0,0.0
DTXSID8048656,775,2.445484292530432e-19,0.0
DTXSID8048658,775,0.0,0.0
DTXSID8048731,775,6.540852820619957e-07,0.0
DTXSID8048733,775,0.0,0.0
DTXSID8048735,775,7.227241008653444e-22,0.0
DTXSID8048737,775,0.0,0.0
DTXSID8048739,775,0.0,0.0
DTXSID8048781,775,0.0,0.0
DTXSID8048783,775,0.0,0.0
DTXSID8048785,775,0.0,0.0
DTXSID8048787,775,0.0,0.0
DTXSID8048789,775,0.0,0.0
DTXSID8048810,775,7.478447493628596e-18,0.0
DTXSID8048812,775,0.35622305021173867,0.0
DTXSID8048814,775,0.0,0.0
DTXSID8048816,775,0.0,0.0
DTXSID8048818,775,0.0,0.0
DTXSID8048860,775,0.0,0.0
DTXSID8048862,775,0.0,0.0
DTXSID8048864,775,0.0,0.0
DTXSID8048866,775,0.0,0.0
DTXSID8048868,775,1.1269122482684012e-16,0.0
DTXSID8048941,775,0.0,0.0
DTXSID8048943,775,0.22037226431858903,0.0
DTXSID8048945,775,0.0,0.0
DTXSID8048947,775,0.0,0.0
DTXSID8048949,775,0.0,0.0
DTXSID8048991,775,0.0,0.0
DTXSID8048993,775,0.0,0.0
DTXSID8048995,775,0.001267704192372141,0.0
DTXSID8048997,775,0.0,0.0
DTXSID8048999,775,0.0,0.0
DTXSID8049040,775,3.4015977290622592e-22,0.0
DTXSID8049042,775,5.106984800210031e-23,0.0
DTXSID8049044,775,0.0,0.0
DTXSID8049046,775,0.0,0.0
DTXSID8049048,775,5.361266155315285e-22,0.0
DTXSID8049200,775,0.0,0.0
DTXSID8049202,775,0.5243401020023108,0.0
DTXSID8049204,775,0.0,0.0
DTXSID8049206,775,0.0,0.0
DTXSID8049208,775,0.0,0.0
DTXSID8049250,775,0.0,0.0
DTXSID8049252,775,0.0,0.0
DTXSID8049254,775,0.0,0.0
DTXSID8049256,775,0.0,0.0
DTXSID8049258,775,0.0,0.0
DTXSID8049331,775,0.0,0.0
DTXSID8049333,775,0.0,0.0
DTXSID8049335,775,0.0,0.0
DTXSID8049337,775,8.129437619241456e-20,0.0
DTXSID8049339,775,0.0,0.0
DTXSID8049381,775,2.041142053396675e-15,0.0
DTXSID8049383,775,0.0,0.0
DTXSID8049385,775,0.0,0.0
DTXSID8049387,775,0.0,0.0
DTXSID8049389,775,0.0,0.0
DTXSID8049410,775,0.0,0.0
DTXSID8049412,775,0.0,0.0
DTXSID8049414,775,1.8268363534345709e-07,0.0
DTXSID8049416,775,0.0,0.0
DTXSID8049418,775,1.9555299310899165e-17,0.0
DTXSID8049460,775,0.0,0.0
DTXSID8049462,775,0.0,0.0
DTXSID8049464,775,0.0,0.0
DTXSID8049466,775,0.0,0.0
DTXSID8049468,775,1.6561770023799795e-15,0.0
DTXSID8049541,775,0.0,0.0
DTXSID8049543,775,0.0,0.0
DTXSID8049545,775,0.0,0.0
DTXSID8049547,775,0.0,0.0
DTXSID8049549,775,0.0,0.0
DTXSID9020031,775,0.31074171864975103,0.0
DTXSID9020081,775,0.0,0.0
DTXSID9020083,775,8.858135835718572e-18,0.0
DTXSID9020087,775,0.0,0.0
DTXSID9020089,775,0.0,0.0
DTXSID9020110,775,0.005608414436209011,0.0
DTXSID9020112,775,1.3694588456126328e-19,0.0
DTXSID9020114,775,0.26342925307496023,0.0
DTXSID9020116,775,4.244527689053676e-20,0.0
DTXSID9020118,775,5.441324702773681e-10,0.0
DTXSID9020160,775,0.0,0.0
DTXSID9020164,775,0.0,0.0
DTXSID9020166,775,0.0,0.0
DTXSID9020168,775,0.0,0.0
DTXSID9020241,775,0.0,0.0
DTXSID9020243,775,0.0,0.0
DTXSID9020245,775,0.0,0.0
DTXSID9020247,775,0.0,0.0
DTXSID9020249,775,0.0,0.0
DTXSID9020293,775,1.1502942533146141e-09,0.0
DTXSID9020295,775,0.0,0.0
DTXSID9020299,775,1.1017806498688632e-16,0.0
DTXSID9020322,775,0.0,0.0
DTXSID9020326,775,0.0,0.0
DTXSID9020328,775,0.0,0.0
DTXSID9020370,775,0.0,0.0
DTXSID9020372,775,0.0,0.0
DTXSID9020374,775,0.0,0.0
DTXSID9020378,775,0.0,0.0
DTXSID9020401,775,9.568288678177118e-17,0.0
DTXSID9020407,775,0.0,0.0
DTXSID9020409,775,0.0,0.0
DTXSID9020451,775,0.0,0.0
DTXSID9020453,775,0.0,0.0
DTXSID9020459,775,0.0,0.0
DTXSID9020538,775,0.0,0.0
DTXSID9020580,775,0.0,0.0
DTXSID9020582,775,0.385040611860508,0.0
DTXSID9020584,775,0.0,0.0
DTXSID9020615,775,0.0,0.0
DTXSID9020617,775,0.0,0.0
DTXSID9020663,775,0.0,0.0
DTXSID9020667,775,7.132914831822109e-17,0.0
DTXSID9020669,775,0.0,0.0
DTXSID9020740,775,0.0,0.0
DTXSID9020742,775,0.0,0.0
DTXSID9020790,775,2.091854180325104e-18,0.0
DTXSID9020792,775,0.0,0.0
DTXSID9020794,775,0.0,0.0
DTXSID9020796,775,0.0,0.0
DTXSID9020821,775,1.2240004064795692e-09,0.0
DTXSID9020825,775,0.0,0.0
DTXSID9020827,775,0.0,0.0
DTXSID9020829,775,0.0,0.0
DTXSID9020875,775,0.0,0.0
DTXSID9020877,775,8.029938138576342e-18,0.0
DTXSID9020902,775,0.0,0.0
DTXSID9020956,775,0.0,0.0
DTXSID9020958,775,0.0,0.0
DTXSID9021053,775,0.0,0.0
DTXSID9021059,775,5.73063443235021e-20,0.0
DTXSID9021130,775,1.3355826499327301e-18,0.0
DTXSID9021132,775,2.865197773339812e-10,0.0
DTXSID9021134,775,5.835461444916376e-17,0.0
DTXSID9021136,775,0.0,0.0
DTXSID9021138,775,2.7725194888233685e-19,0.0
DTXSID9021182,775,1.8623706924418303e-20,0.0
DTXSID9021184,775,0.0,0.0
DTXSID9021188,775,0.0,0.0
DTXSID9021215,775,0.0,0.0
DTXSID9021217,775,0.0,0.0
DTXSID9021219,775,0.22682639530455218,0.0
DTXSID9021267,775,0.0,0.0
DTXSID9021340,775,0.0,0.0
DTXSID9021342,775,0.0,0.0
DTXSID9021344,775,0.0,0.0
DTXSID9021346,775,0.0,0.0
DTXSID9021348,775,0.0,0.0
DTXSID9021390,775,0.0,0.0
DTXSID9021392,775,6.50502146908375e-13,0.0
DTXSID9021396,775,0.0,0.0
DTXSID9021398,775,0.0,0.0
DTXSID9021425,775,1.4020769223917342e-15,0.0
DTXSID9021427,775,1.4524730746694329e-21,0.0
DTXSID9021477,775,2.0117505634204296e-12,0.0
DTXSID9021479,775,0.0,0.0
DTXSID9021552,775,0.0,0.0
DTXSID9021554,775,0.0,0.0
DTXSID9021631,775,0.0,0.0
DTXSID9021633,775,0.0,0.0
DTXSID9021635,775,1.7500710816573827e-18,0.0
DTXSID9021637,775,0.0,0.0
DTXSID9021639,775,0.0,0.0
DTXSID9021683,775,0.0,0.0
DTXSID9021685,775,0.0,0.0
DTXSID9021689,775,0.0,0.0
DTXSID9021716,775,0.0,0.0
DTXSID9021718,775,1.6761837215644628e-08,0.0
DTXSID9021762,775,0.0,0.0
DTXSID9021764,775,1.5895864219684208e-05,0.0
DTXSID9021841,775,0.0,0.0
DTXSID9021843,775,1.6832834634274902e-15,0.0
DTXSID9021847,775,0.0,0.0
DTXSID9021897,775,1.6512332558605475e-20,0.0
DTXSID9021899,775,0.0,0.0
DTXSID9021922,775,0.0,0.0
DTXSID9021924,775,0.0,0.0
DTXSID9021928,775,0.0,0.0
DTXSID9021974,775,0.0,0.0
DTXSID9021976,775,0.0,0.0
DTXSID9022027,775,2.9291117972241356e-19,0.0
DTXSID9022079,775,0.0,0.0
DTXSID9022100,775,8.940636263028772e-17,0.0
DTXSID9022310,775,0.0027384811756915113,0.0
DTXSID9022312,775,0.0,0.0
DTXSID9022360,775,0.0,0.0
DTXSID9022364,775,0.0,0.0
DTXSID9022366,775,3.8226173045663077e-10,0.0
DTXSID9022445,775,0.0,0.0
DTXSID9022520,775,0.0,0.0
DTXSID9022522,775,0.0,0.0
DTXSID9022524,775,0.0,0.0
DTXSID9022526,775,0.0,0.0
DTXSID9022528,775,0.0,0.0
DTXSID9022574,775,1.7313957706538774e-17,0.0
DTXSID9022576,775,0.0,0.0
DTXSID9022578,775,0.0,0.0
DTXSID9022601,775,6.3348554758501e-08,0.0
DTXSID9022603,775,0.024397346126573453,0.0
DTXSID9022607,775,0.0,0.0
DTXSID9022609,775,0.0,0.0
DTXSID9022655,775,0.0,0.0
DTXSID9022659,775,0.0,0.0
DTXSID9022730,775,0.0,0.0
DTXSID9022732,775,0.0,0.0
DTXSID9022734,775,0.0,0.0
DTXSID9022736,775,0.0,0.0
DTXSID9022738,775,0.0,0.0
DTXSID9022780,775,0.0,0.0
DTXSID9022782,775,0.06629719134987212,0.0
DTXSID9022813,775,0.0,0.0
DTXSID9022815,775,6.1521624310973755e-15,0.0
DTXSID9022817,775,0.0,0.0
DTXSID9022861,775,0.0,0.0
DTXSID9022940,775,2.0798027790894158e-15,0.0
DTXSID9022944,775,5.528013086726616e-21,0.0
DTXSID9022946,775,0.0,0.0
DTXSID9022948,775,0.0,0.0
DTXSID9022994,775,1.2680170794647018e-20,0.0
DTXSID9022998,775,1.0076585240801301e-13,0.0
DTXSID9023041,775,0.0,0.0
DTXSID9023043,775,0.0,0.0
DTXSID9023049,775,0.0,0.0
DTXSID9023095,775,0.0,0.0
DTXSID9023097,775,0.0,0.0
DTXSID9023122,775,0.0,0.0
DTXSID9023128,775,0.0,0.0
DTXSID9023170,775,0.0,0.0
DTXSID9023174,775,0.0,0.0
DTXSID9023176,775,1.63615943962696e-14,0.0
DTXSID9023201,775,0.0,0.0
DTXSID9023205,775,0.0,0.0
DTXSID9023209,775,6.17993425281912e-07,0.0
DTXSID9023255,775,0.0,0.0
DTXSID9023380,775,0.0,0.0
DTXSID9023386,775,0.0,0.0
DTXSID9023388,775,0.0,0.0
DTXSID9023411,775,0.0,0.0
DTXSID9023413,775,0.0,0.0
DTXSID9023415,775,0.0,0.0
DTXSID9023419,775,0.0,0.0
DTXSID9023463,775,0.0,0.0
DTXSID9023540,775,0.0,0.0
DTXSID9023542,775,1.8169418743684176e-06,0.0
DTXSID9023546,775,0.0,0.0
DTXSID9023548,775,0.0,0.0
DTXSID9023590,775,7.358481284185831e-22,0.0
DTXSID9023621,775,0.0,0.0
DTXSID9023623,775,7.162160495552648e-22,0.0
DTXSID9023629,775,3.0433649735754197e-05,0.0
DTXSID9023673,775,0.0,0.0
DTXSID9023677,775,0.44616137586114546,0.0
DTXSID9023679,775,1.026789725032549e-18,0.0
DTXSID9023702,775,0.0647666113334932,0.0
DTXSID9023706,775,3.993637831383456e-21,0.0
DTXSID9023752,775,0.0,0.0
DTXSID9023756,775,1.6649481157339413e-18,0.0
DTXSID9023833,775,0.0,0.0
DTXSID9023835,775,2.6463542756192026e-17,0.0
DTXSID9023837,775,0.0,0.0
DTXSID9023881,775,0.0,0.0
DTXSID9023883,775,0.0,0.0
DTXSID9023889,775,0.0,0.0
DTXSID9023914,775,0.0,0.0
DTXSID9023966,775,0.0,0.0
DTXSID9024015,775,0.0,0.0
DTXSID9024063,775,0.0,0.0
DTXSID9024065,775,2.2635351972628973e-20,0.0
DTXSID9024194,775,2.1385190384885618e-20,0.0
DTXSID9024300,775,0.0,0.0
DTXSID9024304,775,0.0,0.0
DTXSID9024431,775,6.093182500580008e-19,0.0
DTXSID9024437,775,0.0,0.0
DTXSID9024481,775,4.1596077931696076e-16,0.0
DTXSID9024483,775,0.0,0.0
DTXSID9024485,775,0.0,0.0
DTXSID9024487,775,0.0,0.0
DTXSID9024489,775,0.0,0.0
DTXSID9024512,775,0.0,0.0
DTXSID9024568,775,0.0,0.0
DTXSID9024641,775,0.0,0.0
DTXSID9024691,775,1.0242839363820844e-17,0.0
DTXSID9024699,775,0.0,0.0
DTXSID9024724,775,0.0,0.0
DTXSID9024726,775,0.0,0.0
DTXSID9024770,775,0.0,0.0
DTXSID9024772,775,0.0,0.0
DTXSID9024774,775,0.0,0.0
DTXSID9024853,775,0.0,0.0
DTXSID9024855,775,2.6599143488637704e-15,0.0
DTXSID9024930,775,5.930209120438662e-12,0.0
DTXSID9024934,775,0.0,0.0
DTXSID9024980,775,1.7838500859053912e-20,0.0
DTXSID9024986,775,0.0,0.0
DTXSID9025035,775,0.8781398938380315,0.0
DTXSID9025037,775,0.008847580795349908,0.0
DTXSID9025085,775,0.0,0.0
DTXSID9025087,775,0.0,0.0
DTXSID9025110,775,0.0,0.0
DTXSID9025112,775,0.0,0.0
DTXSID9025114,775,0.0,0.0
DTXSID9025164,775,0.0,0.0
DTXSID9025166,775,0.0,0.0
DTXSID9025243,775,0.0,0.0
DTXSID9025245,775,0.0,0.0
DTXSID9025249,775,0.0,0.0
DTXSID9025291,775,0.0,0.0
DTXSID9025293,775,1.3984366099481935e-17,0.0
DTXSID9025297,775,0.0,0.0
DTXSID9025299,775,9.526649047175033e-17,0.0
DTXSID9025324,775,0.0,0.0
DTXSID9025326,775,2.729813046402644e-22,0.0
DTXSID9025328,775,0.040754822875029253,0.0
DTXSID9025370,775,0.0,0.0
DTXSID9025401,775,1.5396441977750065e-07,0.0
DTXSID9025403,775,0.0,0.0
DTXSID9025409,775,1.7159027680993207e-19,0.0
DTXSID9025451,775,0.0,0.0
DTXSID9025453,775,0.0,0.0
DTXSID9025455,775,0.0,0.0
DTXSID9025534,775,0.3982786754578661,0.0
DTXSID9025536,775,0.0,0.0
DTXSID9025538,775,0.0,0.0
DTXSID9025580,775,0.0,0.0
DTXSID9025588,775,0.0,0.0
DTXSID9025611,775,3.614196969961489e-20,0.0
DTXSID9025617,775,0.0,0.0
DTXSID9025661,775,0.25990514323702296,0.0
DTXSID9025665,775,0.0,0.0
DTXSID9025740,775,0.0,0.0
DTXSID9025742,775,0.0,0.0
DTXSID9025744,775,0.0,0.0
DTXSID9025746,775,0.0,0.0
DTXSID9025794,775,0.0,0.0
DTXSID9025796,775,0.0,0.0
DTXSID9025825,775,0.0,0.0
DTXSID9025873,775,1.0891948592755378e-14,0.0
DTXSID9025879,775,0.0,0.0
DTXSID9026051,775,0.0,0.0
DTXSID9026053,775,0.0,0.0
DTXSID9026059,775,0.0,0.0
DTXSID9026130,775,4.271949459838484e-14,0.0
DTXSID9026132,775,6.112644546229597e-16,0.0
DTXSID9026219,775,3.5707483503938e-12,0.0
DTXSID9026261,775,0.0,0.0
DTXSID9026265,775,0.0,0.0
DTXSID9026267,775,0.0,0.0
DTXSID9026342,775,0.0,0.0
DTXSID9026423,775,0.0,0.0
DTXSID9026500,775,1.826360666149475e-21,0.0
DTXSID9026558,775,0.0,0.0
DTXSID9026631,775,0.0,0.0
DTXSID9026633,775,0.0,0.0
DTXSID9026689,775,2.0314672144697763e-19,0.0
DTXSID9026710,775,0.0,0.0
DTXSID9026712,775,0.0,0.0
DTXSID9026714,775,0.0,0.0
DTXSID9026716,775,0.0,0.0
DTXSID9026718,775,5.577001913384302e-13,0.0
DTXSID9026766,775,0.0,0.0
DTXSID9026841,775,0.0,0.0
DTXSID9026849,775,0.0,0.0
DTXSID9026899,775,4.757136486609891e-10,0.0
DTXSID9026922,775,0.0,0.0
DTXSID9026924,775,0.0,0.0
DTXSID9026926,775,0.0,0.0
DTXSID9026974,775,0.0,0.0
DTXSID9027021,775,0.0,0.0
DTXSID9027104,775,0.0,0.0
DTXSID9027158,775,4.331716890667233e-15,0.0
DTXSID9027233,775,0.0,0.0
DTXSID9027239,775,,
DTXSID9027281,775,0.0,0.0
DTXSID9027310,775,0.0,0.0
DTXSID9027312,775,0.0,0.0
DTXSID9027314,775,0.0,0.0
DTXSID9027360,775,0.0,0.0
DTXSID9027364,775,0.0,0.0
DTXSID9027368,775,3.775653099116668e-20,0.0
DTXSID9027441,775,5.677179222070103e-17,0.0
DTXSID9027443,775,0.0,0.0
DTXSID9027449,775,0.0,0.0
DTXSID9027520,775,0.0,0.0
DTXSID9027522,775,9.728332530109129e-19,0.0
DTXSID9027528,775,2.6663874245701035e-14,0.0
DTXSID9027570,775,0.0,0.0
DTXSID9027603,775,0.0,0.0
DTXSID9027653,775,0.0,0.0
DTXSID9027738,775,5.7449578067247594e-11,0.0
DTXSID9027863,775,8.033779131401632e-15,0.0
DTXSID9027948,775,0.0,0.0
DTXSID9028120,775,0.0,0.0
DTXSID9029017,775,0.0,0.0
DTXSID9029061,775,0.0,0.0
DTXSID9029146,775,8.12851894610652e-22,0.0
DTXSID9029192,775,0.0,0.0
DTXSID9029194,775,0.0,0.0
DTXSID9029221,775,0.0,0.0
DTXSID9029223,775,0.0,0.0
DTXSID9029275,775,0.0,0.0
DTXSID9029277,775,0.0,0.0
DTXSID9029279,775,0.0,0.0
DTXSID9029300,775,0.0,0.0
DTXSID9029302,775,0.0,0.0
DTXSID9029304,775,0.0,0.0
DTXSID9029649,775,5.325019782679017e-19,0.0
DTXSID9029691,775,1.7636883474121734e-16,0.0
DTXSID9029695,775,0.0,0.0
DTXSID9030048,775,0.0,0.0
DTXSID9030258,775,1.1488453287510924e-15,0.0
DTXSID9030707,775,0.0006811849378614651,0.0
DTXSID9031800,775,1.0782206716010084e-20,0.0
DTXSID9032113,775,2.9464569380444398e-15,0.0
DTXSID9032327,775,0.0,0.0
DTXSID9032329,775,0.0,0.0
DTXSID9032375,775,0.0,0.0
DTXSID9032379,775,8.707270978618374e-14,0.0
DTXSID9032406,775,0.0,0.0
DTXSID9032531,775,0.0,0.0
DTXSID9032533,775,0.0,0.0
DTXSID9032535,775,0.0,0.0
DTXSID9032537,775,0.0,0.0
DTXSID9032581,775,0.0,0.0
DTXSID9032589,775,1.0252637170546136e-09,0.0
DTXSID9032610,775,0.0,0.0
DTXSID9032614,775,0.0,0.0
DTXSID9032878,775,0.0,0.0
DTXSID9033008,775,0.0,0.0
DTXSID9033058,775,0.0,0.0
DTXSID9033187,775,0.0,0.0
DTXSID9033264,775,0.0,0.0
DTXSID9033896,775,0.0,0.0
DTXSID9033923,775,0.0,0.0
DTXSID9033979,775,,
DTXSID9034070,775,0.0,0.0
DTXSID9034232,775,0.0,0.0
DTXSID9034282,775,0.0,0.0
DTXSID9034286,775,0.0,0.0
DTXSID9034317,775,3.432625280269206e-20,0.0
DTXSID9034361,775,0.0,0.0
DTXSID9034365,775,0.0,0.0
DTXSID9034490,775,0.0,0.0
DTXSID9034492,775,0.0,0.0
DTXSID9034816,775,5.01041604931381e-22,0.0
DTXSID9034818,775,0.0,0.0
DTXSID9034864,775,0.0,0.0
DTXSID9034997,775,0.0,0.0
DTXSID9035175,775,0.0,0.0
DTXSID9035204,775,0.0,0.0
DTXSID9035206,775,0.0,0.0
DTXSID9035620,775,0.0,0.0
DTXSID9035753,775,5.452664961769431e-14,0.0
DTXSID9036226,775,2.633339596226625e-18,0.0
DTXSID9036438,775,0.0,0.0
DTXSID9036515,775,0.0,0.0
DTXSID9036646,775,0.0,0.0
DTXSID9036690,775,0.0,0.0
DTXSID9036933,775,2.7244751195700243e-18,0.0
DTXSID9037038,775,,
DTXSID9037246,775,0.0,0.0
DTXSID9037248,775,0.0,0.0
DTXSID9037539,775,0.0,0.0
DTXSID9037612,775,0.0,0.0
DTXSID9037741,775,0.0,0.0
DTXSID9037745,775,0.0,0.0
DTXSID9037749,775,0.0,0.0
DTXSID9038686,775,0.0,0.0
DTXSID9039232,775,1.60019877734161e-20,0.0
DTXSID9039238,775,0.0,0.0
DTXSID9040001,775,0.0,0.0
DTXSID9040130,775,4.174718446329836e-14,0.0
DTXSID9040134,775,0.0,0.0
DTXSID9040265,775,0.0,0.0
DTXSID9040269,775,1.3311611568955004e-21,0.0
DTXSID9040342,775,0.0,0.0
DTXSID9040502,775,1.0910615213850611e-17,0.0
DTXSID9040554,775,0.0,0.0
DTXSID9040635,775,5.950018965789712e-21,0.0
DTXSID9040683,775,3.823841295627886e-21,0.0
DTXSID9040685,775,0.0,0.0
DTXSID9040687,775,7.183749681008121e-22,0.0
DTXSID9040710,775,0.0,0.0
DTXSID9040712,775,0.0,0.0
DTXSID9040714,775,1.0502630473504683e-16,0.0
DTXSID9040716,775,0.0,0.0
DTXSID9040718,775,0.0,0.0
DTXSID9040760,775,0.0,0.0
DTXSID9041021,775,0.0,0.0
DTXSID9041023,775,6.640374877054027e-17,0.0
DTXSID9041075,775,0.0,0.0
DTXSID9041104,775,0.0,0.0
DTXSID9041152,775,0.0,0.0
DTXSID9041237,775,0.0,0.0
DTXSID9041289,775,0.0,0.0
DTXSID9041362,775,0.0,0.0
DTXSID9041366,775,5.777214456931838e-20,0.0
DTXSID9041368,775,0.0,0.0
DTXSID9041441,775,0.0,0.0
DTXSID9041491,775,0.0,0.0
DTXSID9041524,775,0.0,0.0
DTXSID9041528,775,1.2035568540418473e-20,0.0
DTXSID9041607,775,0.0,0.0
DTXSID9041653,775,0.0,0.0
DTXSID9041659,775,0.0,0.0
DTXSID9041813,775,0.0,0.0
DTXSID9041815,775,4.095194345633881e-12,0.0
DTXSID9041861,775,0.0,0.0
DTXSID9042097,775,0.0,0.0
DTXSID9042124,775,0.0,0.0
DTXSID9042170,775,0.0,0.0
DTXSID9042203,775,0.0,0.0
DTXSID9042209,775,0.0,0.0
DTXSID9042259,775,0.0,0.0
DTXSID9042338,775,0.0,0.0
DTXSID9042382,775,0.0,0.0
DTXSID9042415,775,0.0,0.0
DTXSID9042465,775,0.0,0.0
DTXSID9042592,775,0.0,0.0
DTXSID9042594,775,0.0,0.0
DTXSID9043853,775,2.0064724420263e-09,0.0
DTXSID9043938,775,0.0,0.0
DTXSID9043988,775,0.0,0.0
DTXSID9044112,775,0.0,0.0
DTXSID9044241,775,0.0,0.0
DTXSID9044247,775,2.5777740302958265e-15,0.0
DTXSID9044320,775,0.0,0.0
DTXSID9044322,775,0.0,0.0
DTXSID9044328,775,7.534235836294606e-21,0.0
DTXSID9044370,775,0.0,0.0
DTXSID9044374,775,0.0,0.0
DTXSID9044378,775,0.0,0.0
DTXSID9044401,775,1.318702749407309e-05,0.0
DTXSID9044405,775,0.0,0.0
DTXSID9044407,775,0.0,0.0
DTXSID9044409,775,1.8571340098531462e-19,0.0
DTXSID9044451,775,0.0,0.0
DTXSID9044455,775,0.0,0.0
DTXSID9044457,775,0.0,0.0
DTXSID9044459,775,,
DTXSID9044532,775,1.4598331315384582e-06,0.0
DTXSID9044534,775,0.0007078307532560652,0.0
DTXSID9044536,775,0.0,0.0
DTXSID9044538,775,3.3874942235440456e-12,0.0
DTXSID9044580,775,2.1543996413904497e-21,0.0
DTXSID9044582,775,0.0,0.0
DTXSID9044584,775,0.0,0.0
DTXSID9044588,775,0.0,0.0
DTXSID9044613,775,0.0,0.0
DTXSID9044615,775,0.0,0.0
DTXSID9044617,775,0.0,0.0
DTXSID9044619,775,0.0,0.0
DTXSID9044663,775,0.0,0.0
DTXSID9044667,775,0.0,0.0
DTXSID9044740,775,0.0,0.0
DTXSID9044742,775,6.524334060619429e-19,0.0
DTXSID9044744,775,2.262904623261274e-20,0.0
DTXSID9044746,775,0.0,0.0
DTXSID9044748,775,0.0,0.0
DTXSID9044790,775,0.0,0.0
DTXSID9044794,775,1.914957983419579e-18,0.0
DTXSID9044796,775,0.0,0.0
DTXSID9044798,775,0.0,0.0
DTXSID9044821,775,0.0,0.0
DTXSID9044823,775,0.0,0.0
DTXSID9044825,775,0.0,0.0
DTXSID9044827,775,0.0,0.0
DTXSID9044829,775,0.0,0.0
DTXSID9044871,775,0.0,0.0
DTXSID9044873,775,0.0,0.0
DTXSID9044875,775,0.0,0.0
DTXSID9044877,775,6.546819317032845e-10,0.0
DTXSID9044879,775,0.0,0.0
DTXSID9044900,775,0.0,0.0
DTXSID9044902,775,0.0,0.0
DTXSID9044904,775,0.00016042646166923653,0.0
DTXSID9044908,775,0.0,0.0
DTXSID9044950,775,3.67602760494616e-15,0.0
DTXSID9044958,775,2.138063211170069e-15,0.0
DTXSID9045003,775,0.0,0.0
DTXSID9045005,775,1.4609187452051064e-19,0.0
DTXSID9045007,775,0.0,0.0
DTXSID9045053,775,0.0,0.0
DTXSID9045132,775,0.0,0.0
DTXSID9045136,775,0.0,0.0
DTXSID9045138,775,0.0,0.0
DTXSID9045180,775,0.0,0.0
DTXSID9045182,775,0.0,0.0
DTXSID9045184,775,0.0,0.0
DTXSID9045186,775,0.0,0.0
DTXSID9045188,775,0.0,0.0
DTXSID9045215,775,7.489373395469654e-05,0.0
DTXSID9045217,775,0.0,0.0
DTXSID9045265,775,0.0,0.0
DTXSID9045267,775,0.0,0.0
DTXSID9045342,775,3.3493278739830004e-16,0.0
DTXSID9045344,775,0.2755306189643987,0.0
DTXSID9045346,775,0.0,0.0
DTXSID9045348,775,0.0,0.0
DTXSID9045390,775,0.0,0.0
DTXSID9045392,775,0.0,0.0
DTXSID9045394,775,0.0,0.0
DTXSID9045398,775,0.0,0.0
DTXSID9045425,775,0.0,0.0
DTXSID9045429,775,8.37749993921955e-20,0.0
DTXSID9045479,775,9.879027320627455e-07,0.0
DTXSID9045500,775,0.0,0.0
DTXSID9045502,775,0.0,0.0
DTXSID9045506,775,2.6470411321764637e-12,0.0
DTXSID9045508,775,0.0,0.0
DTXSID9045550,775,0.0,0.0
DTXSID9045552,775,0.0,0.0
DTXSID9045556,775,0.0,0.0
DTXSID9045558,775,4.735746932707044e-15,0.0
DTXSID9045631,775,0.0,0.0
DTXSID9045633,775,0.0,0.0
DTXSID9045635,775,0.0,0.0
DTXSID9045637,775,7.313148704776535e-18,0.0
DTXSID9045639,775,0.0,0.0
DTXSID9045683,775,0.0,0.0
DTXSID9045685,775,0.0,0.0
DTXSID9045687,775,0.0,0.0
DTXSID9045689,775,0.0,0.0
DTXSID9045710,775,0.0,0.0
DTXSID9045762,775,0.0,0.0
DTXSID9045764,775,0.0,0.0
DTXSID9045766,775,0.0,0.0
DTXSID9045768,775,0.0,0.0
DTXSID9045843,775,0.0,0.0
DTXSID9045845,775,0.0,0.0
DTXSID9045847,775,0.0,0.0
DTXSID9045849,775,7.348019135201015e-19,0.0
DTXSID9045891,775,0.0,0.0
DTXSID9045895,775,0.0,0.0
DTXSID9045897,775,0.0,0.0
DTXSID9045899,775,1.0033121437981646e-16,0.0
DTXSID9045922,775,0.24460289574815353,0.0
DTXSID9045924,775,1.8530784459784933e-17,0.0
DTXSID9045928,775,0.0,0.0
DTXSID9045972,775,0.0,0.0
DTXSID9045976,775,0.0,0.0
DTXSID9045978,775,0.0,0.0
DTXSID9046023,775,0.0,0.0
DTXSID9046029,775,0.0,0.0
DTXSID9046071,775,0.0,0.0
DTXSID9046073,775,0.0,0.0
DTXSID9046100,775,0.0,0.0
DTXSID9046102,775,0.0,0.0
DTXSID9046104,775,0.0,0.0
DTXSID9046106,775,0.011992146929791338,0.0
DTXSID9046108,775,0.0024863382544874544,0.0
DTXSID9046150,775,0.0,0.0
DTXSID9046152,775,0.002900290061490379,0.0
DTXSID9046154,775,0.0,0.0
DTXSID9046156,775,0.0,0.0
DTXSID9046158,775,0.008115274808838302,0.0
DTXSID9046231,775,0.0,0.0
DTXSID9046233,775,6.543966498813015e-13,0.0
DTXSID9046235,775,2.843118784338231e-10,0.0
DTXSID9046237,775,0.0,0.0
DTXSID9046239,775,0.0,0.0
DTXSID9046281,775,0.0,0.0
DTXSID9046283,775,0.0,0.0
DTXSID9046285,775,0.0,0.0
DTXSID9046287,775,0.0,0.0
DTXSID9046289,775,0.0,0.0
DTXSID9046310,775,0.0,0.0
DTXSID9046318,775,0.0,0.0
DTXSID9046360,775,1.7096225363428926e-20,0.0
DTXSID9046443,775,0.0,0.0
DTXSID9046445,775,1.3642060406205752e-14,0.0
DTXSID9046449,775,0.0,0.0
DTXSID9046491,775,0.0,0.0
DTXSID9046495,775,0.0,0.0
DTXSID9046497,775,0.0,0.0
DTXSID9046499,775,0.0,0.0
DTXSID9046520,775,0.0,0.0
DTXSID9046524,775,0.0,0.0
DTXSID9046526,775,0.0,0.0
DTXSID9046528,775,0.0,0.0
DTXSID9046570,775,0.0,0.0
DTXSID9046572,775,0.0,0.0
DTXSID9046574,775,0.0,0.0
DTXSID9046576,775,0.0,0.0
DTXSID9046578,775,0.01664403690308436,0.0
DTXSID9046601,775,0.0,0.0
DTXSID9046603,775,5.398352700251165e-13,0.0
DTXSID9046605,775,0.0,0.0
DTXSID9046607,775,0.0,0.0
DTXSID9046609,775,4.784757311471081e-22,0.0
DTXSID9046651,775,0.0,0.0
DTXSID9046653,775,0.0,0.0
DTXSID9046657,775,0.0,0.0
DTXSID9046659,775,0.0,0.0
DTXSID9046730,775,0.0,0.0
DTXSID9046732,775,0.0,0.0
DTXSID9046734,775,4.227433928528756e-12,0.0
DTXSID9046736,775,0.0,0.0
DTXSID9046738,775,0.0,0.0
DTXSID9046780,775,0.0,0.0
DTXSID9046782,775,0.0,0.0
DTXSID9046784,775,4.161778844996547e-20,0.0
DTXSID9046786,775,2.4168047163579175e-19,0.0
DTXSID9046788,775,0.0,0.0
DTXSID9046813,775,0.0,0.0
DTXSID9046815,775,0.0,0.0
DTXSID9046817,775,0.0,0.0
DTXSID9046819,775,0.0,0.0
DTXSID9046861,775,0.0,0.0
DTXSID9046863,775,3.850643054854006e-16,0.0
DTXSID9046865,775,0.0,0.0
DTXSID9046867,775,6.451357802428003e-16,0.0
DTXSID9046869,775,0.0,0.0
DTXSID9046942,775,0.0,0.0
DTXSID9046946,775,0.0,0.0
DTXSID9046992,775,0.0,0.0
DTXSID9046994,775,7.8168273475989615e-22,0.0
DTXSID9046998,775,0.0,0.0
DTXSID9047041,775,0.0,0.0
DTXSID9047043,775,0.0,0.0
DTXSID9047045,775,0.0,0.0
DTXSID9047091,775,0.0,0.0
DTXSID9047093,775,0.0,0.0
DTXSID9047095,775,0.0,0.0
DTXSID9047099,775,0.0,0.0
DTXSID9047120,775,0.0,0.0
DTXSID9047124,775,0.0,0.0
DTXSID9047126,775,1.988931793553257e-05,0.0
DTXSID9047128,775,0.0,0.0
DTXSID9047174,775,0.0,0.0
DTXSID9047176,775,0.0,0.0
DTXSID9047178,775,0.0,0.0
DTXSID9047201,775,6.731572050602118e-20,0.0
DTXSID9047203,775,0.0,0.0
DTXSID9047205,775,0.0,0.0
DTXSID9047251,775,0.0,0.0
DTXSID9047253,775,0.0,0.0
DTXSID9047255,775,0.0,0.0
DTXSID9047257,775,0.0,0.0
DTXSID9047259,775,1.456408224307492e-19,0.0
DTXSID9047330,775,0.3748962997814847,0.0
DTXSID9047334,775,2.2795812473878564e-15,0.0
DTXSID9047338,775,2.0344149450401156e-19,0.0
DTXSID9047411,775,0.0,0.0
DTXSID9047413,775,0.0,0.0
DTXSID9047415,775,7.1751608639027695e-19,0.0
DTXSID9047417,775,2.8501589174759297e-13,0.0
DTXSID9047419,775,0.0,0.0
DTXSID9047461,775,9.953197017337104e-15,0.0
DTXSID9047463,775,0.0,0.0
DTXSID9047465,775,0.0,0.0
DTXSID9047467,775,0.0,0.0
DTXSID9047469,775,0.0,0.0
DTXSID9047540,775,9.057225898353356e-20,0.0
DTXSID9047542,775,0.0,0.0
DTXSID9047548,775,0.0,0.0
DTXSID9047590,775,0.0,0.0
DTXSID9047592,775,1.519638668725489e-07,0.0
DTXSID9047594,775,0.0,0.0
DTXSID9047598,775,0.0,0.0
DTXSID9047623,775,3.710060654144615e-20,0.0
DTXSID9047629,775,4.909641456166587e-16,0.0
DTXSID9047673,775,0.0,0.0
DTXSID9047675,775,0.0,0.0
DTXSID9047677,775,3.965766887011352e-17,0.0
DTXSID9047679,775,2.326056342155376e-06,0.0
DTXSID9047700,775,0.0,0.0
DTXSID9047702,775,0.0,0.0
DTXSID9047704,775,4.77897458427591e-12,0.0
DTXSID9047706,775,0.0,0.0
DTXSID9047708,775,0.0,0.0
DTXSID9047831,775,2.5817343733822158e-11,0.0
DTXSID9047833,775,0.29786768282760734,0.0
DTXSID9047835,775,0.0,0.0
DTXSID9047837,775,0.0,0.0
DTXSID9047839,775,3.0987301764685455e-17,0.0
DTXSID9047881,775,0.0,0.0
DTXSID9047883,775,5.4299726912751144e-18,0.0
DTXSID9047885,775,0.0,0.0
DTXSID9047887,775,0.0,0.0
DTXSID9047889,775,5.984348951954453e-21,0.0
DTXSID9047910,775,2.3925362567806092e-20,0.0
DTXSID9047912,775,4.7072700609786547e-17,0.0
DTXSID9047914,775,0.0,0.0
DTXSID9047916,775,0.0,0.0
DTXSID9047918,775,0.0,0.0
DTXSID9047960,775,0.0,0.0
DTXSID9047962,775,0.0,0.0
DTXSID9047964,775,0.0,0.0
DTXSID9047966,775,0.0,0.0
DTXSID9047968,775,0.0,0.0
DTXSID9048190,775,0.0,0.0
DTXSID9048192,775,3.6217428313840866e-20,0.0
DTXSID9048194,775,0.0,0.0
DTXSID9048196,775,7.1282200511090445e-12,0.0
DTXSID9048198,775,,
DTXSID9048271,775,0.0,0.0
DTXSID9048510,775,0.0,0.0
DTXSID9048512,775,3.789654467148675e-14,0.0
DTXSID9048514,775,0.0,0.0
DTXSID9048516,775,0.0,0.0
DTXSID9048518,775,0.0,0.0
DTXSID9048641,775,1.8603228216057588e-16,0.0
DTXSID9048643,775,2.9520768973547724e-14,0.0
DTXSID9048645,775,2.029672555610535e-15,0.0
DTXSID9048647,775,1.7454046552737154e-19,0.0
DTXSID9048649,775,0.0,0.0
DTXSID9048691,775,1.580976517692014e-18,0.0
DTXSID9048693,775,0.0,0.0
DTXSID9048695,775,0.0,0.0
DTXSID9048697,775,0.0,0.0
DTXSID9048699,775,0.0,0.0
DTXSID9048720,775,0.0,0.0
DTXSID9048722,775,0.0,0.0
DTXSID9048724,775,0.0,0.0
DTXSID9048726,775,0.0,0.0
DTXSID9048728,775,6.748111501532613e-21,0.0
DTXSID9048772,775,7.754401281540001e-23,0.0
DTXSID9048774,775,0.0,0.0
DTXSID9048776,775,0.0,0.0
DTXSID9048778,775,0.0,0.0
DTXSID9048801,775,0.0,0.0
DTXSID9048803,775,0.0,0.0
DTXSID9048805,775,2.254976182886354e-19,0.0
DTXSID9048807,775,0.0,0.0
DTXSID9048809,775,0.0,0.0
DTXSID9048851,775,0.0,0.0
DTXSID9048853,775,0.0,0.0
DTXSID9048855,775,0.0,0.0
DTXSID9048857,775,0.0,0.0
DTXSID9048859,775,0.0,0.0
DTXSID9048930,775,1.1140592270609996e-16,0.0
DTXSID9048932,775,0.0,0.0
DTXSID9048934,775,0.0,0.0
DTXSID9048936,775,0.0,0.0
DTXSID9048938,775,8.181077484244572e-09,0.0
DTXSID9048980,775,0.0,0.0
DTXSID9048982,775,0.0,0.0
DTXSID9048984,775,0.009800112120387216,0.0
DTXSID9048986,775,0.0,0.0
DTXSID9048988,775,0.0,0.0
DTXSID9049031,775,0.0,0.0
DTXSID9049033,775,0.0,0.0
DTXSID9049035,775,0.0,0.0
DTXSID9049037,775,0.0,0.0
DTXSID9049039,775,5.177965958567663e-19,0.0
DTXSID9049083,775,0.0,0.0
DTXSID9049241,775,6.351975809937807e-20,0.0
DTXSID9049243,775,0.0,0.0
DTXSID9049245,775,2.977761247773109e-17,0.0
DTXSID9049247,775,0.0,0.0
DTXSID9049249,775,2.321945946676391e-17,0.0
DTXSID9049291,775,0.0,0.0
DTXSID9049293,775,0.0,0.0
DTXSID9049295,775,0.0,0.0
DTXSID9049297,775,0.0,0.0
DTXSID9049299,775,0.0,0.0
DTXSID9049320,775,0.0,0.0
DTXSID9049322,775,0.0,0.0
DTXSID9049324,775,3.7248068391159316e-19,0.0
DTXSID9049326,775,0.0,0.0
DTXSID9049328,775,0.0,0.0
DTXSID9049370,775,1.046719661687013e-21,0.0
DTXSID9049372,775,0.0,0.0
DTXSID9049374,775,0.0,0.0
DTXSID9049376,775,2.1744218176573706e-21,0.0
DTXSID9049378,775,0.0,0.0
DTXSID9049401,775,0.0,0.0
DTXSID9049403,775,4.115234786353541e-08,0.0
DTXSID9049405,775,7.864381652509531e-15,0.0
DTXSID9049407,775,0.0,0.0
DTXSID9049409,775,1.031235122054772e-15,0.0
DTXSID9049451,775,0.0,0.0
DTXSID9049453,775,0.0,0.0
DTXSID9049455,775,4.509643421214799e-18,0.0
DTXSID9049457,775,0.0,0.0
DTXSID9049459,775,0.0,0.0
DTXSID9049530,775,0.0,0.0
DTXSID9049532,775,1.8273395248975602e-17,0.0
DTXSID9049534,775,0.0,0.0
DTXSID9049536,775,7.582056488073581e-15,0.0
DTXSID9049538,775,0.0,0.0
