dtxsid,aeid,hitc_clean,active
DTXSID0020020,2065,0.0,0
DTXSID0020022,2065,0.0,0
DTXSID0020024,2065,0.0,0
DTXSID0020070,2065,0.0,0
DTXSID0020072,2065,0.0,0
DTXSID0020074,2065,0.0,0
DTXSID0020076,2065,0.0,0
DTXSID0020101,2065,0.9999943980849448,1
DTXSID0020105,2065,0.0,0
DTXSID0020107,2065,0.0,0
DTXSID0020151,2065,0.0,0
DTXSID0020153,2065,0.0,0
DTXSID0020155,2065,0.0,0
DTXSID0020157,2065,0.0,0
DTXSID0020232,2065,0.0,0
DTXSID0020236,2065,0.0,0
DTXSID0020238,2065,0.0,0
DTXSID0020280,2065,0.0,0
DTXSID0020282,2065,0.0,0
DTXSID0020284,2065,0.0,0
DTXSID0020286,2065,0.0,0
DTXSID0020288,2065,0.0,0
DTXSID0020311,2065,0.0,0
DTXSID0020315,2065,0.0,0
DTXSID0020319,2065,1.0,1
DTXSID0020361,2065,0.0,0
DTXSID0020363,2065,0.0,0
DTXSID0020365,2065,0.0,0
DTXSID0020367,2065,0.0,0
DTXSID0020369,2065,0.0,0
DTXSID0020440,2065,0.0,0
DTXSID0020442,2065,0.0,0
DTXSID0020444,2065,0.0,0
DTXSID0020446,2065,0.0,0
DTXSID0020448,2065,0.0,0
DTXSID0020494,2065,0.0,0
DTXSID0020498,2065,0.0,0
DTXSID0020523,2065,0.0,0
DTXSID0020527,2065,0.0,0
DTXSID0020529,2065,0.0,0
DTXSID0020573,2065,0.0,0
DTXSID0020575,2065,0.0,0
DTXSID0020577,2065,0.0,0
DTXSID0020602,2065,0.0,0
DTXSID0020604,2065,0.0,0
DTXSID0020606,2065,0.0,0
DTXSID0020650,2065,0.0,0
DTXSID0020652,2065,0.0,0
DTXSID0020654,2065,0.0,0
DTXSID0020656,2065,0.0,0
DTXSID0020733,2065,0.0,0
DTXSID0020737,2065,0.0,0
DTXSID0020789,2065,0.0,0
DTXSID0020810,2065,0.0,0
DTXSID0020814,2065,0.0,0
DTXSID0020818,2065,0.0,0
DTXSID0020862,2065,0.0,0
DTXSID0020868,2065,0.0,0
DTXSID0020941,2065,0.0,0
DTXSID0020943,2065,0.0,0
DTXSID0021040,2065,0.0,0
DTXSID0021094,2065,0.0,0
DTXSID0021096,2065,0.0,0
DTXSID0021121,2065,0.0,0
DTXSID0021123,2065,0.0,0
DTXSID0021125,2065,3.722224908611775e-11,0
DTXSID0021127,2065,8.736408091448773e-11,0
DTXSID0021129,2065,0.0,0
DTXSID0021175,2065,0.0,0
DTXSID0021179,2065,0.0,0
DTXSID0021206,2065,0.0,0
DTXSID0021254,2065,0.0,0
DTXSID0021256,2065,0.0,0
DTXSID0021258,2065,0.0,0
DTXSID0021331,2065,0.0,0
DTXSID0021333,2065,0.0,0
DTXSID0021335,2065,0.0,0
DTXSID0021337,2065,0.0,0
DTXSID0021339,2065,0.0,0
DTXSID0021381,2065,0.0,0
DTXSID0021383,2065,0.0,0
DTXSID0021385,2065,0.7735411923426655,0
DTXSID0021387,2065,0.0,0
DTXSID0021389,2065,0.0,0
DTXSID0021410,2065,0.0,0
DTXSID0021414,2065,0.0,0
DTXSID0021418,2065,0.0,0
DTXSID0021460,2065,0.0,0
DTXSID0021462,2065,1.0,1
DTXSID0021464,2065,0.9999999982609115,1
DTXSID0021543,2065,0.0,0
DTXSID0021545,2065,0.0,0
DTXSID0021547,2065,0.0,0
DTXSID0021597,2065,0.0,0
DTXSID0021599,2065,0.0,0
DTXSID0021620,2065,0.0,0
DTXSID0021626,2065,0.0,0
DTXSID0021628,2065,0.0,0
DTXSID0021672,2065,0.0,0
DTXSID0021709,2065,0.0,0
DTXSID0021751,2065,0.0,0
DTXSID0021757,2065,0.0,0
DTXSID0021759,2065,0.0,0
DTXSID0021832,2065,0.0,0
DTXSID0021834,2065,0.0,0
DTXSID0021836,2065,0.0,0
DTXSID0021886,2065,0.0,0
DTXSID0021888,2065,0.0,0
DTXSID0021915,2065,0.0,0
DTXSID0021917,2065,0.0,0
DTXSID0021961,2065,0.0,0
DTXSID0021963,2065,0.0,0
DTXSID0021965,2065,0.0,0
DTXSID0021969,2065,0.0,0
DTXSID0022010,2065,0.0,0
DTXSID0022012,2065,0.0,0
DTXSID0022014,2065,0.0,0
DTXSID0022016,2065,0.0,0
DTXSID0022018,2065,0.0,0
DTXSID0022060,2065,0.0,0
DTXSID0022062,2065,0.0,0
DTXSID0022191,2065,0.0,0
DTXSID0022193,2065,0.0,0
DTXSID0022220,2065,0.0,0
DTXSID0022301,2065,0.0,0
DTXSID0022305,2065,0.0,0
DTXSID0022307,2065,0.0,0
DTXSID0022353,2065,1.3012221781533405e-13,0
DTXSID0022432,2065,0.0,0
DTXSID0022436,2065,0.0,0
DTXSID0022480,2065,0.0,0
DTXSID0022519,2065,0.0,0
DTXSID0022563,2065,0.0,0
DTXSID0022640,2065,0.0,0
DTXSID0022644,2065,0.0,0
DTXSID0022646,2065,0.0,0
DTXSID0022690,2065,0.0,0
DTXSID0022725,2065,0.0,0
DTXSID0022777,2065,0.9999999997757962,1
DTXSID0022800,2065,0.0,0
DTXSID0022808,2065,0.0,0
DTXSID0022850,2065,0.0,0
DTXSID0022854,2065,0.0,0
DTXSID0022858,2065,0.0,0
DTXSID0022933,2065,0.0,0
DTXSID0022935,2065,0.0,0
DTXSID0022981,2065,0.0,0
DTXSID0023030,2065,0.0,0
DTXSID0023036,2065,0.008064568378160913,0
DTXSID0023038,2065,0.0,0
DTXSID0023113,2065,0.0,0
DTXSID0023163,2065,0.0,0
DTXSID0023169,2065,0.0,0
DTXSID0023240,2065,0.0,0
DTXSID0023244,2065,0.0,0
DTXSID0023292,2065,0.0,0
DTXSID0023296,2065,0.9984441080282871,1
DTXSID0023298,2065,0.0,0
DTXSID0023323,2065,0.0,0
DTXSID0023329,2065,0.0,0
DTXSID0023371,2065,0.9999999972774651,1
DTXSID0023373,2065,0.0,0
DTXSID0023377,2065,0.0,0
DTXSID0023458,2065,0.0,0
DTXSID0023581,2065,0.0,0
DTXSID0023587,2065,0.0,0
DTXSID0023612,2065,0.0,0
DTXSID0023616,2065,0.0,0
DTXSID0023618,2065,0.0,0
DTXSID0023660,2065,0.0,0
DTXSID0023745,2065,0.0,0
DTXSID0023747,2065,0.0,0
DTXSID0023749,2065,0.0,0
DTXSID0023826,2065,0.0,0
DTXSID0023870,2065,0.0,0
DTXSID0023878,2065,5.870854425259357e-11,0
DTXSID0023901,2065,0.0,0
DTXSID0023907,2065,1.0,1
DTXSID0023909,2065,1.0,1
DTXSID0023951,2065,0.0,0
DTXSID0023955,2065,0.0,0
DTXSID0024000,2065,0.0,0
DTXSID0024002,2065,3.6772434475871284e-21,0
DTXSID0024052,2065,0.0,0
DTXSID0024183,2065,0.0,0
DTXSID0024185,2065,0.0,0
DTXSID0024216,2065,0.0,0
DTXSID0024266,2065,0.0,0
DTXSID0024341,2065,0.0,0
DTXSID0024345,2065,0.0,0
DTXSID0024395,2065,0.0,0
DTXSID0024397,2065,0.0,0
DTXSID0024399,2065,0.0,0
DTXSID0024470,2065,0.0,0
DTXSID0024474,2065,0.0,0
DTXSID0024478,2065,0.0,0
DTXSID0024501,2065,0.0,0
DTXSID0024503,2065,0.0,0
DTXSID0024505,2065,0.0,0
DTXSID0024507,2065,0.0,0
DTXSID0024509,2065,0.0,0
DTXSID0024553,2065,0.0,0
DTXSID0024555,2065,0.0,0
DTXSID0024559,2065,0.0,0
DTXSID0024638,2065,0.0,0
DTXSID0024715,2065,0.0,0
DTXSID0024761,2065,0.0,0
DTXSID0024840,2065,0.981339024693932,1
DTXSID0024890,2065,0.0,0
DTXSID0024896,2065,0.0,0
DTXSID0024921,2065,0.0,0
DTXSID0024923,2065,0.0,0
DTXSID0024971,2065,0.0,0
DTXSID0024977,2065,0.0,0
DTXSID0024979,2065,0.0,0
DTXSID0025070,2065,0.0,0
DTXSID0025074,2065,0.0,0
DTXSID0025076,2065,0.9999999999999997,1
DTXSID0025078,2065,0.00011327385220857037,0
DTXSID0025101,2065,0.0,0
DTXSID0025234,2065,0.0,0
DTXSID0025286,2065,0.0,0
DTXSID0025315,2065,0.0,0
DTXSID0025361,2065,0.0,0
DTXSID0025363,2065,0.0,0
DTXSID0025367,2065,0.0,0
DTXSID0025440,2065,0.0,0
DTXSID0025492,2065,0.0,0
DTXSID0025494,2065,0.0,0
DTXSID0025523,2065,0.0,0
DTXSID0025527,2065,0.0,0
DTXSID0025571,2065,0.0,0
DTXSID0025577,2065,0.0,0
DTXSID0025600,2065,1.1923614522257781e-21,0
DTXSID0025604,2065,0.0,0
DTXSID0025654,2065,0.0,0
DTXSID0025733,2065,0.0,0
DTXSID0025737,2065,0.0,0
DTXSID0025789,2065,0.9999997001738624,1
DTXSID0025812,2065,0.0,0
DTXSID0025814,2065,0.0,0
DTXSID0025816,2065,0.0,0
DTXSID0025818,2065,0.0,0
DTXSID0025862,2065,0.0,0
DTXSID0025864,2065,0.0,0
DTXSID0025866,2065,0.0,0
DTXSID0025991,2065,0.0,0
DTXSID0025997,2065,0.0,0
DTXSID0026040,2065,0.9999999977023681,1
DTXSID0026098,2065,0.0,0
DTXSID0026125,2065,0.0,0
DTXSID0026171,2065,0.0,0
DTXSID0026175,2065,0.0,0
DTXSID0026202,2065,0.0,0
DTXSID0026204,2065,0.0,0
DTXSID0026208,2065,0.0,0
DTXSID0026252,2065,0.0,0
DTXSID0026258,2065,0.0,0
DTXSID0026339,2065,0.0,0
DTXSID0026418,2065,0.0,0
DTXSID0026547,2065,0.0,0
DTXSID0026549,2065,0.0,0
DTXSID0026676,2065,0.0,0
DTXSID0026701,2065,0.0,0
DTXSID0026830,2065,0.0,0
DTXSID0026838,2065,0.0,0
DTXSID0026880,2065,0.0,0
DTXSID0026882,2065,0.0,0
DTXSID0026888,2065,0.0,0
DTXSID0026913,2065,0.0,0
DTXSID0026915,2065,0.0,0
DTXSID0026961,2065,0.0,0
DTXSID0026967,2065,0.0,0
DTXSID0027014,2065,0.0,0
DTXSID0027066,2065,0.0,0
DTXSID0027143,2065,0.0,0
DTXSID0027149,2065,0.0,0
DTXSID0027191,2065,0.0,0
DTXSID0027195,2065,0.0,0
DTXSID0027197,2065,0.0,0
DTXSID0027222,2065,0.0,0
DTXSID0027228,2065,0.0,0
DTXSID0027270,2065,0.0,0
DTXSID0027301,2065,0.0,0
DTXSID0027309,2065,0.0,0
DTXSID0027432,2065,0.0,0
DTXSID0027436,2065,0.0,0
DTXSID0027438,2065,0.0,0
DTXSID0027486,2065,0.0,0
DTXSID0027513,2065,0.0,0
DTXSID0027515,2065,0.0,0
DTXSID0027561,2065,0.0,0
DTXSID0027565,2065,0.0,0
DTXSID0027567,2065,0.0,0
DTXSID0027640,2065,0.0,0
DTXSID0027721,2065,0.6351576375261524,0
DTXSID0027729,2065,0.0,0
DTXSID0027771,2065,0.9999892515890391,1
DTXSID0027773,2065,1.0,1
DTXSID0027802,2065,0.0,0
DTXSID0027804,2065,0.0,0
DTXSID0027806,2065,0.0,0
DTXSID0027852,2065,0.0,0
DTXSID0027856,2065,0.0,0
DTXSID0027858,2065,0.0,0
DTXSID0027933,2065,0.0,0
DTXSID0027981,2065,0.0,0
DTXSID0027983,2065,1.69773719932132e-16,0
DTXSID0028030,2065,0.0,0
DTXSID0028038,2065,1.777747791131617e-13,0
DTXSID0028323,2065,0.0,0
DTXSID0028618,2065,0.0,0
DTXSID0028666,2065,0.0,0
DTXSID0029133,2065,0.0,0
DTXSID0029187,2065,0.0,0
DTXSID0029189,2065,0.0,0
DTXSID0029210,2065,0.0,0
DTXSID0029214,2065,0.0,0
DTXSID0029218,2065,0.0,0
DTXSID0029260,2065,0.0,0
DTXSID0029262,2065,4.557811987621638e-05,0
DTXSID0029474,2065,0.0,0
DTXSID0029559,2065,0.0,0
DTXSID0029688,2065,0.0,0
DTXSID0029761,2065,0.0,0
DTXSID0029848,2065,0.0,0
DTXSID0030162,2065,0.0,0
DTXSID0030588,2065,0.0,0
DTXSID0032029,2065,0.0,0
DTXSID0032077,2065,0.0,0
DTXSID0032314,2065,0.0,0
DTXSID0032316,2065,0.0,0
DTXSID0032493,2065,0.0,0
DTXSID0032497,2065,0.0,0
DTXSID0032520,2065,0.0,0
DTXSID0032572,2065,0.0,0
DTXSID0032578,2065,0.0,0
DTXSID0032601,2065,0.0,0
DTXSID0032605,2065,0.0,0
DTXSID0032651,2065,0.0,0
DTXSID0032655,2065,0.0,0
DTXSID0032811,2065,0.0,0
DTXSID0032813,2065,0.0,0
DTXSID0032869,2065,0.0,0
DTXSID0032998,2065,0.0,0
DTXSID0033047,2065,0.0,0
DTXSID0033332,2065,0.0,0
DTXSID0033334,2065,0.0,0
DTXSID0033382,2065,0.9999950397259462,1
DTXSID0033469,2065,0.0,0
DTXSID0033673,2065,0.0,0
DTXSID0033754,2065,0.0,0
DTXSID0033960,2065,0.0,0
DTXSID0034192,2065,0.0,0
DTXSID0034223,2065,0.999999919983623,1
DTXSID0034227,2065,0.0,0
DTXSID0034229,2065,0.0,0
DTXSID0034300,2065,0.0,0
DTXSID0034518,2065,0.0,0
DTXSID0034566,2065,1.0,1
DTXSID0034695,2065,0.0,0
DTXSID0034722,2065,0.0,0
DTXSID0034776,2065,0.0,0
DTXSID0034803,2065,0.0,0
DTXSID0034851,2065,0.0,0
DTXSID0034855,2065,0.0,0
DTXSID0034930,2065,0.0,0
DTXSID0034936,2065,0.0,0
DTXSID0035160,2065,0.0,0
DTXSID0035748,2065,0.0,0
DTXSID0035790,2065,0.0,0
DTXSID0036508,2065,0.0,0
DTXSID0037023,2065,0.0,0
DTXSID0037231,2065,0.0,0
DTXSID0037237,2065,0.0,0
DTXSID0037493,2065,0.0,0
DTXSID0037495,2065,0.0,0
DTXSID0037522,2065,0.0,0
DTXSID0037570,2065,0.0,0
DTXSID0037576,2065,0.0,0
DTXSID0037730,2065,1.0,1
DTXSID0037734,2065,0.9999844101799543,1
DTXSID0038700,2065,0.0,0
DTXSID0038756,2065,0.0,0
DTXSID0038831,2065,0.0,0
DTXSID0038839,2065,0.0,0
DTXSID0038881,2065,0.0,0
DTXSID0038887,2065,0.0,0
DTXSID0039223,2065,0.0,0
DTXSID0039227,2065,0.0,0
DTXSID0040127,2065,0.0,0
DTXSID0040208,2065,0.0,0
DTXSID0040464,2065,0.0,0
DTXSID0040672,2065,0.0,0
DTXSID0040674,2065,0.0,0
DTXSID0040676,2065,0.0,0
DTXSID0040678,2065,1.394054179041398e-21,0
DTXSID0040701,2065,0.0,0
DTXSID0040703,2065,0.0,0
DTXSID0040705,2065,0.0,0
DTXSID0040707,2065,0.0,0
DTXSID0040751,2065,0.0,0
DTXSID0040757,2065,0.0,0
DTXSID0041141,2065,0.0,0
DTXSID0041197,2065,0.999877412570214,1
DTXSID0041220,2065,0.0,0
DTXSID0041224,2065,0.0,0
DTXSID0041270,2065,0.0,0
DTXSID0041274,2065,0.9999999999999997,1
DTXSID0041357,2065,3.283605664973663e-17,0
DTXSID0041359,2065,0.0,0
DTXSID0041436,2065,0.0,0
DTXSID0041484,2065,0.0,0
DTXSID0041513,2065,0.0,0
DTXSID0041517,2065,0.0,0
DTXSID0041519,2065,0.0,0
DTXSID0041567,2065,0.0,0
DTXSID0041646,2065,0.0,0
DTXSID0041692,2065,0.0,0
DTXSID0041698,2065,0.0,0
DTXSID0041721,2065,0.0,0
DTXSID0041850,2065,0.0,0
DTXSID0041852,2065,0.0,0
DTXSID0041981,2065,0.0,0
DTXSID0041983,2065,0.0,0
DTXSID0041985,2065,5.99586498636422e-19,0
DTXSID0041987,2065,0.0,0
DTXSID0042038,2065,0.0,0
DTXSID0042080,2065,0.0,0
DTXSID0042084,2065,0.0,0
DTXSID0042086,2065,0.004421183386910079,0
DTXSID0042117,2065,0.0,0
DTXSID0042167,2065,0.0,0
DTXSID0042169,2065,0.0,0
DTXSID0042242,2065,0.0,0
DTXSID0042248,2065,3.5555321566112894e-15,0
DTXSID0042325,2065,0.0,0
DTXSID0042327,2065,0.0,0
DTXSID0042379,2065,0.0,0
DTXSID0042400,2065,0.0,0
DTXSID0042406,2065,0.0,0
DTXSID0042454,2065,0.0,0
DTXSID0042583,2065,0.0,0
DTXSID0042614,2065,0.0,0
DTXSID0043761,2065,0.0,0
DTXSID0043765,2065,0.0,0
DTXSID0043848,2065,0.0,0
DTXSID0043892,2065,0.0,0
DTXSID0043896,2065,0.0,0
DTXSID0044107,2065,0.0,0
DTXSID0044236,2065,0.0,0
DTXSID0044280,2065,0.0,0
DTXSID0044313,2065,0.0,0
DTXSID0044315,2065,0.0,0
DTXSID0044317,2065,0.0,0
DTXSID0044361,2065,0.0,0
DTXSID0044363,2065,0.0,0
DTXSID0044365,2065,0.0,0
DTXSID0044367,2065,0.9999964757592535,1
DTXSID0044369,2065,0.0,0
DTXSID0044440,2065,0.0,0
DTXSID0044446,2065,0.0,0
DTXSID0044448,2065,0.0,0
DTXSID0044490,2065,0.0,0
DTXSID0044494,2065,0.0,0
DTXSID0044496,2065,0.0,0
DTXSID0044498,2065,0.0,0
DTXSID0044521,2065,0.0,0
DTXSID0044523,2065,0.0,0
DTXSID0044525,2065,1.0,1
DTXSID0044527,2065,0.0,0
DTXSID0044571,2065,0.0,0
DTXSID0044573,2065,0.0,0
DTXSID0044575,2065,0.0,0
DTXSID0044577,2065,0.0,0
DTXSID0044600,2065,0.0,0
DTXSID0044604,2065,0.0,0
DTXSID0044606,2065,0.0,0
DTXSID0044650,2065,0.0,0
DTXSID0044654,2065,0.0,0
DTXSID0044656,2065,0.0,0
DTXSID0044658,2065,0.9988482233153019,1
DTXSID0044731,2065,0.0,0
DTXSID0044733,2065,0.0,0
DTXSID0044735,2065,0.0,0
DTXSID0044737,2065,0.0,0
DTXSID0044781,2065,1.7359512316385473e-13,0
DTXSID0044783,2065,0.0,0
DTXSID0044785,2065,0.0,0
DTXSID0044787,2065,0.0,0
DTXSID0044810,2065,0.0,0
DTXSID0044812,2065,0.0,0
DTXSID0044816,2065,0.0,0
DTXSID0044818,2065,0.0,0
DTXSID0044860,2065,0.0,0
DTXSID0044862,2065,0.0,0
DTXSID0044868,2065,0.0,0
DTXSID0044941,2065,0.0,0
DTXSID0044943,2065,0.0,0
DTXSID0044945,2065,0.0,0
DTXSID0044947,2065,0.0,0
DTXSID0044949,2065,0.0,0
DTXSID0044993,2065,0.0,0
DTXSID0044995,2065,8.102780419044871e-08,0
DTXSID0044997,2065,0.0,0
DTXSID0044999,2065,0.0,0
DTXSID0045090,2065,0.0,0
DTXSID0045125,2065,0.0,0
DTXSID0045127,2065,0.0,0
DTXSID0045171,2065,0.0,0
DTXSID0045173,2065,0.9999993677166353,1
DTXSID0045175,2065,0.0,0
DTXSID0045179,2065,0.0,0
DTXSID0045202,2065,0.0,0
DTXSID0045204,2065,0.7413711898700729,0
DTXSID0045206,2065,0.0,0
DTXSID0045208,2065,0.0,0
DTXSID0045252,2065,0.0,0
DTXSID0045254,2065,0.0,0
DTXSID0045383,2065,0.0,0
DTXSID0045389,2065,0.0,0
DTXSID0045410,2065,0.0,0
DTXSID0045412,2065,0.0,0
DTXSID0045416,2065,0.0,0
DTXSID0045462,2065,0.0,0
DTXSID0045464,2065,0.9999969324212222,1
DTXSID0045466,2065,0.0,0
DTXSID0045543,2065,0.0,0
DTXSID0045547,2065,0.0,0
DTXSID0045591,2065,0.0,0
DTXSID0045595,2065,0.0,0
DTXSID0045597,2065,0.0,0
DTXSID0045624,2065,0.0,0
DTXSID0045626,2065,0.0,0
DTXSID0045670,2065,0.0,0
DTXSID0045674,2065,0.0,0
DTXSID0045676,2065,0.0,0
DTXSID0045701,2065,0.0,0
DTXSID0045703,2065,0.0,0
DTXSID0045705,2065,0.0,0
DTXSID0045707,2065,0.0,0
DTXSID0045709,2065,0.0,0
DTXSID0045753,2065,0.0,0
DTXSID0045832,2065,0.0,0
DTXSID0045836,2065,0.0,0
DTXSID0045838,2065,0.0,0
DTXSID0045880,2065,0.0,0
DTXSID0045886,2065,0.0,0
DTXSID0045888,2065,0.0,0
DTXSID0045963,2065,0.0,0
DTXSID0046016,2065,0.0,0
DTXSID0046060,2065,0.0,0
DTXSID0046066,2065,0.0,0
DTXSID0046145,2065,0.0,0
DTXSID0046147,2065,0.0,0
DTXSID0046193,2065,0.0,0
DTXSID0046195,2065,0.0,0
DTXSID0046222,2065,0.0,0
DTXSID0046226,2065,0.0,0
DTXSID0046270,2065,0.0,0
DTXSID0046272,2065,0.0,0
DTXSID0046274,2065,0.0,0
DTXSID0046276,2065,0.0,0
DTXSID0046305,2065,0.0,0
DTXSID0046307,2065,0.9999999999999999,1
DTXSID0046309,2065,0.0,0
DTXSID0046351,2065,0.0,0
DTXSID0046357,2065,0.0,0
DTXSID0046430,2065,0.0,0
DTXSID0046432,2065,0.0,0
DTXSID0046434,2065,0.0,0
DTXSID0046480,2065,0.0,0
DTXSID0046482,2065,0.0,0
DTXSID0046484,2065,0.0,0
DTXSID0046486,2065,0.0,0
DTXSID0046488,2065,0.0,0
DTXSID0046511,2065,0.0,0
DTXSID0046513,2065,0.0,0
DTXSID0046561,2065,0.0,0
DTXSID0046563,2065,0.0,0
DTXSID0046565,2065,0.0,0
DTXSID0046567,2065,0.0,0
DTXSID0046569,2065,0.0,0
DTXSID0046640,2065,0.0,0
DTXSID0046644,2065,0.0,0
DTXSID0046648,2065,0.9992784118116477,1
DTXSID0046690,2065,1.9109442750401228e-07,0
DTXSID0046692,2065,0.0,0
DTXSID0046696,2065,0.0,0
DTXSID0046698,2065,0.0,0
DTXSID0046721,2065,0.0,0
DTXSID0046725,2065,0.0,0
DTXSID0046727,2065,0.0,0
DTXSID0046804,2065,0.0,0
DTXSID0046850,2065,0.0,0
DTXSID0046989,2065,0.0,0
DTXSID0047030,2065,0.0,0
DTXSID0047032,2065,0.0,0
DTXSID0047034,2065,0.0,0
DTXSID0047036,2065,0.0,0
DTXSID0047038,2065,0.0,0
DTXSID0047080,2065,0.0,0
DTXSID0047082,2065,0.0,0
DTXSID0047084,2065,0.0,0
DTXSID0047086,2065,0.0,0
DTXSID0047088,2065,0.0,0
DTXSID0047111,2065,0.0,0
DTXSID0047113,2065,0.0,0
DTXSID0047115,2065,0.0,0
DTXSID0047117,2065,0.0,0
DTXSID0047161,2065,0.0,0
DTXSID0047163,2065,0.0,0
DTXSID0047165,2065,0.0,0
DTXSID0047167,2065,0.0,0
DTXSID0047169,2065,0.0,0
DTXSID0047242,2065,0.0,0
DTXSID0047244,2065,0.0,0
DTXSID0047246,2065,0.9999999999999428,1
DTXSID0047248,2065,0.0,0
DTXSID0047290,2065,0.0,0
DTXSID0047292,2065,0.0,0
DTXSID0047294,2065,0.0,0
DTXSID0047296,2065,0.0,0
DTXSID0047325,2065,4.818036567207591e-13,0
DTXSID0047327,2065,0.0,0
DTXSID0047371,2065,0.99999957429293,1
DTXSID0047375,2065,0.0,0
DTXSID0047377,2065,0.9999999999973437,1
DTXSID0047379,2065,0.9999993015239205,1
DTXSID0047400,2065,0.0,0
DTXSID0047404,2065,0.0,0
DTXSID0047406,2065,0.0,0
DTXSID0047408,2065,0.0,0
DTXSID0047450,2065,0.9999549842427853,1
DTXSID0047454,2065,0.0,0
DTXSID0047456,2065,0.0,0
DTXSID0047533,2065,0.0,0
DTXSID0047535,2065,0.0,0
DTXSID0047537,2065,0.0,0
DTXSID0047539,2065,0.0,0
DTXSID0047581,2065,0.0,0
DTXSID0047585,2065,0.0,0
DTXSID0047587,2065,0.0,0
DTXSID0047589,2065,0.0,0
DTXSID0047610,2065,0.0,0
DTXSID0047614,2065,0.0,0
DTXSID0047618,2065,0.0,0
DTXSID0047660,2065,0.0,0
DTXSID0047662,2065,0.0,0
DTXSID0047741,2065,0.0,0
DTXSID0047745,2065,0.0,0
DTXSID0047749,2065,0.0,0
DTXSID0047797,2065,5.547448195291082e-14,0
DTXSID0047799,2065,0.0,0
DTXSID0047822,2065,0.0,0
DTXSID0047828,2065,0.0,0
DTXSID0047870,2065,0.0,0
DTXSID0047872,2065,0.0,0
DTXSID0047874,2065,0.0,0
DTXSID0047876,2065,0.0,0
DTXSID0047878,2065,5.33702421143784e-07,0
DTXSID0047901,2065,0.0,0
DTXSID0047903,2065,0.0,0
DTXSID0047905,2065,0.0,0
DTXSID0047907,2065,0.0,0
DTXSID0047909,2065,0.0,0
DTXSID0047951,2065,0.0,0
DTXSID0047953,2065,1.0,1
DTXSID0047955,2065,0.0,0
DTXSID0047957,2065,0.9999999991914689,1
DTXSID0047959,2065,0.0,0
DTXSID0048181,2065,0.0,0
DTXSID0048183,2065,0.0,0
DTXSID0048185,2065,0.9999999982128677,1
DTXSID0048187,2065,0.0,0
DTXSID0048189,2065,0.9999999999999992,1
DTXSID0048210,2065,0.0,0
DTXSID0048505,2065,0.0,0
DTXSID0048507,2065,0.0,0
DTXSID0048509,2065,0.0,0
DTXSID0048632,2065,0.9999998646315734,1
DTXSID0048636,2065,0.0,0
DTXSID0048638,2065,0.0,0
DTXSID0048680,2065,0.0,0
DTXSID0048684,2065,0.9999999898030411,1
DTXSID0048686,2065,0.0,0
DTXSID0048713,2065,0.0,0
DTXSID0048717,2065,0.0,0
DTXSID0048840,2065,0.0,0
DTXSID0048842,2065,0.0,0
DTXSID0048844,2065,0.0,0
DTXSID0048846,2065,0.0,0
DTXSID0048848,2065,0.0,0
DTXSID0048890,2065,0.0,0
DTXSID0048892,2065,0.0,0
DTXSID0048894,2065,0.0,0
DTXSID0048896,2065,0.0,0
DTXSID0048898,2065,0.0,0
DTXSID0048921,2065,0.0,0
DTXSID0048927,2065,0.0,0
DTXSID0048929,2065,0.0,0
DTXSID0048975,2065,0.0,0
DTXSID0049022,2065,0.0,0
DTXSID0049076,2065,0.0,0
DTXSID0049078,2065,0.0,0
DTXSID0049230,2065,7.993240280547635e-06,0
DTXSID0049232,2065,0.0,0
DTXSID0049234,2065,0.0,0
DTXSID0049236,2065,0.0,0
DTXSID0049238,2065,0.0,0
DTXSID0049280,2065,0.0,0
DTXSID0049282,2065,0.0,0
DTXSID0049284,2065,0.0,0
DTXSID0049286,2065,0.0,0
DTXSID0049288,2065,0.0,0
DTXSID0049311,2065,0.0,0
DTXSID0049313,2065,0.0,0
DTXSID0049315,2065,0.0,0
DTXSID0049317,2065,0.0,0
DTXSID0049319,2065,0.0,0
DTXSID0049361,2065,0.0,0
DTXSID0049363,2065,0.0,0
DTXSID0049365,2065,0.0,0
DTXSID0049367,2065,0.0,0
DTXSID0049369,2065,0.0,0
DTXSID0049446,2065,0.0,0
DTXSID0049448,2065,0.0,0
DTXSID0049490,2065,0.0,0
DTXSID0049492,2065,0.0,0
DTXSID0049494,2065,0.0,0
DTXSID0049496,2065,0.0,0
DTXSID0049498,2065,0.0,0
DTXSID0049521,2065,0.0,0
DTXSID0049523,2065,0.0,0
DTXSID0049525,2065,0.0,0
DTXSID0049527,2065,0.0,0
DTXSID0049529,2065,0.0,0
DTXSID0050423,2065,0.0,0
DTXSID0051447,2065,0.0,0
DTXSID0051493,2065,0.0,0
DTXSID0051497,2065,0.0,0
DTXSID0051499,2065,0.0,0
DTXSID0051570,2065,0.0,0
DTXSID0051574,2065,0.0,0
DTXSID0051732,2065,0.0,0
DTXSID0051736,2065,0.0,0
DTXSID0051738,2065,0.0,0
DTXSID0051782,2065,0.0,0
DTXSID0051863,2065,0.0,0
DTXSID0051944,2065,0.0,0
DTXSID0051996,2065,0.0,0
DTXSID0052043,2065,0.0,0
DTXSID0052124,2065,0.0,0
DTXSID0052463,2065,0.0,0
DTXSID0052542,2065,0.0,0
DTXSID0052590,2065,0.0,0
DTXSID0052594,2065,0.0,0
DTXSID0052596,2065,0.0,0
DTXSID0052598,2065,0.0,0
DTXSID0052621,2065,0.0,0
DTXSID0052629,2065,0.0,0
DTXSID0052833,2065,0.0,0
DTXSID0052837,2065,0.0,0
DTXSID0052839,2065,0.0,0
DTXSID0057621,2065,0.0,0
DTXSID0057623,2065,0.0,0
DTXSID0057625,2065,0.0,0
DTXSID0057627,2065,0.0,0
DTXSID0057629,2065,0.0,0
DTXSID0057671,2065,0.0,0
DTXSID0057673,2065,0.0,0
DTXSID0057677,2065,0.0,0
DTXSID0057679,2065,0.0,0
DTXSID0057700,2065,0.0,0
DTXSID0057702,2065,0.0,0
DTXSID0057704,2065,0.0,0
DTXSID0057706,2065,0.0,0
DTXSID0057708,2065,0.0,0
DTXSID0057750,2065,0.0,0
DTXSID0057752,2065,0.0,0
DTXSID0057754,2065,0.0,0
DTXSID0057756,2065,0.0,0
DTXSID0057758,2065,0.0,0
DTXSID0057831,2065,0.0,0
DTXSID0057833,2065,0.0,0
DTXSID0057835,2065,0.0,0
DTXSID0057837,2065,0.0,0
DTXSID0057839,2065,0.0,0
DTXSID1020015,2065,0.0,0
DTXSID1020063,2065,0.0,0
DTXSID1020069,2065,0.0,0
DTXSID1020140,2065,0.0,0
DTXSID1020142,2065,0.0,0
DTXSID1020144,2065,0.0,0
DTXSID1020146,2065,0.0,0
DTXSID1020148,2065,0.0,0
DTXSID1020190,2065,0.0,0
DTXSID1020194,2065,0.0,0
DTXSID1020198,2065,0.0,0
DTXSID1020221,2065,0.0,0
DTXSID1020223,2065,0.0,0
DTXSID1020275,2065,0.0,0
DTXSID1020279,2065,0.0,0
DTXSID1020300,2065,0.0,0
DTXSID1020306,2065,0.0,0
DTXSID1020308,2065,0.0,0
DTXSID1020350,2065,0.0,0
DTXSID1020352,2065,0.0,0
DTXSID1020354,2065,0.0,0
DTXSID1020358,2065,0.0,0
DTXSID1020431,2065,0.0,0
DTXSID1020433,2065,0.0,0
DTXSID1020437,2065,0.0,0
DTXSID1020439,2065,0.0,0
DTXSID1020483,2065,0.0,0
DTXSID1020485,2065,7.414547976885094e-17,0
DTXSID1020510,2065,0.9999985180031319,1
DTXSID1020512,2065,0.0,0
DTXSID1020516,2065,0.0,0
DTXSID1020560,2065,0.9999999988196694,1
DTXSID1020562,2065,0.0,0
DTXSID1020566,2065,0.0,0
DTXSID1020647,2065,0.0,0
DTXSID1020697,2065,0.999999998356871,1
DTXSID1020699,2065,0.9999977249487647,1
DTXSID1020728,2065,0.0,0
DTXSID1020770,2065,0.9999999994653964,1
DTXSID1020778,2065,0.0,0
DTXSID1020803,2065,0.0,0
DTXSID1020805,2065,0.0,0
DTXSID1020807,2065,0.0,0
DTXSID1020809,2065,0.0,0
DTXSID1020855,2065,0.0,0
DTXSID1020857,2065,0.0,0
DTXSID1020859,2065,0.0,0
DTXSID1020930,2065,0.0,0
DTXSID1020932,2065,0.0,0
DTXSID1020980,2065,0.0,0
DTXSID1020982,2065,0.0,0
DTXSID1020984,2065,0.0,0
DTXSID1021031,2065,0.9999986060041204,1
DTXSID1021039,2065,0.0,0
DTXSID1021081,2065,0.0,0
DTXSID1021087,2065,0.0,0
DTXSID1021089,2065,0.0,0
DTXSID1021114,2065,0.0,0
DTXSID1021116,2065,0.0,0
DTXSID1021118,2065,0.0,0
DTXSID1021160,2065,0.0,0
DTXSID1021162,2065,0.0,0
DTXSID1021164,2065,0.0,0
DTXSID1021166,2065,0.0,0
DTXSID1021168,2065,0.0,0
DTXSID1021241,2065,0.0,0
DTXSID1021243,2065,3.177651930696224e-18,0
DTXSID1021247,2065,0.0,0
DTXSID1021291,2065,0.0,0
DTXSID1021299,2065,7.467336609951253e-18,0
DTXSID1021320,2065,7.096536381411961e-16,0
DTXSID1021322,2065,5.38158112482717e-20,0
DTXSID1021328,2065,0.0,0
DTXSID1021372,2065,0.0,0
DTXSID1021374,2065,0.0,0
DTXSID1021378,2065,0.0,0
DTXSID1021403,2065,0.0,0
DTXSID1021405,2065,0.0,0
DTXSID1021409,2065,1.0,1
DTXSID1021455,2065,0.0,0
DTXSID1021530,2065,0.0,0
DTXSID1021584,2065,0.0,0
DTXSID1021586,2065,0.0,0
DTXSID1021615,2065,0.0,0
DTXSID1021617,2065,0.0,0
DTXSID1021619,2065,0.0,0
DTXSID1021665,2065,0.0,0
DTXSID1021667,2065,0.9999997884635816,1
DTXSID1021740,2065,0.0,0
DTXSID1021744,2065,0.0,0
DTXSID1021790,2065,0.0,0
DTXSID1021792,2065,0.0,0
DTXSID1021798,2065,0.0,0
DTXSID1021821,2065,0.0,0
DTXSID1021823,2065,0.0,0
DTXSID1021827,2065,0.0,0
DTXSID1021871,2065,0.0,0
DTXSID1021873,2065,0.0,0
DTXSID1021877,2065,0.0,0
DTXSID1021879,2065,0.0,0
DTXSID1021902,2065,0.0,0
DTXSID1021904,2065,0.0,0
DTXSID1021952,2065,0.0,0
DTXSID1021956,2065,0.0,0
DTXSID1021958,2065,0.0,0
DTXSID1022001,2065,0.0,0
DTXSID1022003,2065,0.0,0
DTXSID1022007,2065,0.0,0
DTXSID1022009,2065,0.0,0
DTXSID1022051,2065,0.0,0
DTXSID1022053,2065,0.0,0
DTXSID1022055,2065,0.0,0
DTXSID1022057,2065,0.0,0
DTXSID1022130,2065,0.0,0
DTXSID1022138,2065,0.0,0
DTXSID1022180,2065,0.0,0
DTXSID1022186,2065,0.0,0
DTXSID1022188,2065,0.0,0
DTXSID1022217,2065,0.0,0
DTXSID1022265,2065,0.0,0
DTXSID1022267,2065,0.0,0
DTXSID1022394,2065,7.168555460012968e-20,0
DTXSID1022396,2065,3.0719330484593608e-21,0
DTXSID1022421,2065,0.0,0
DTXSID1022425,2065,0.0,0
DTXSID1022479,2065,0.0,0
DTXSID1022508,2065,1.0,1
DTXSID1022556,2065,0.0,0
DTXSID1022558,2065,0.0,0
DTXSID1022635,2065,0.0,0
DTXSID1022681,2065,0.0,0
DTXSID1022683,2065,0.0,0
DTXSID1022718,2065,0.0,0
DTXSID1022764,2065,0.0,0
DTXSID1022843,2065,0.9999999997940281,1
DTXSID1022897,2065,0.0,0
DTXSID1022926,2065,0.0,0
DTXSID1022974,2065,0.0,0
DTXSID1022978,2065,0.0,0
DTXSID1023021,2065,0.0,0
DTXSID1023071,2065,0.0,0
DTXSID1023102,2065,0.0,0
DTXSID1023150,2065,0.0,0
DTXSID1023158,2065,0.0,0
DTXSID1023231,2065,0.0,0
DTXSID1023235,2065,0.0,0
DTXSID1023239,2065,0.0,0
DTXSID1023283,2065,0.0,0
DTXSID1023314,2065,0.0,0
DTXSID1023362,2065,0.0,0
DTXSID1023364,2065,0.0,0
DTXSID1023368,2065,0.0,0
DTXSID1023441,2065,0.0,0
DTXSID1023495,2065,0.0,0
DTXSID1023497,2065,0.0,0
DTXSID1023572,2065,0.0,0
DTXSID1023603,2065,0.0,0
DTXSID1023605,2065,0.0,0
DTXSID1023607,2065,0.0,0
DTXSID1023609,2065,0.0,0
DTXSID1023730,2065,0.0,0
DTXSID1023736,2065,0.0,0
DTXSID1023786,2065,0.0,0
DTXSID1023815,2065,0.0,0
DTXSID1023817,2065,0.0,0
DTXSID1023819,2065,0.0,0
DTXSID1023869,2065,0.0,0
DTXSID1023990,2065,0.0,0
DTXSID1023996,2065,0.0,0
DTXSID1023998,2065,0.0,0
DTXSID1024045,2065,0.0,0
DTXSID1024049,2065,0.0,0
DTXSID1024091,2065,0.0,0
DTXSID1024097,2065,0.0,0
DTXSID1024124,2065,0.0,0
DTXSID1024126,2065,1.3329866582659985e-16,0
DTXSID1024128,2065,0.0,0
DTXSID1024170,2065,0.0,0
DTXSID1024174,2065,0.0,0
DTXSID1024176,2065,0.0,0
DTXSID1024209,2065,0.7008309553072045,0
DTXSID1024255,2065,0.0,0
DTXSID1024259,2065,0.0,0
DTXSID1024334,2065,0.0,0
DTXSID1024338,2065,0.0,0
DTXSID1024413,2065,0.0,0
DTXSID1024463,2065,0.0,0
DTXSID1024465,2065,0.0,0
DTXSID1024467,2065,0.0,0
DTXSID1024598,2065,0.0,0
DTXSID1024621,2065,0.0,0
DTXSID1024625,2065,0.0,0
DTXSID1024629,2065,0.0,0
DTXSID1024702,2065,0.0,0
DTXSID1024704,2065,0.0,0
DTXSID1024831,2065,0.0,0
DTXSID1024835,2065,0.0,0
DTXSID1024837,2065,0.0,0
DTXSID1024881,2065,0.0,0
DTXSID1024885,2065,0.0,0
DTXSID1024887,2065,0.0,0
DTXSID1024912,2065,0.0,0
DTXSID1024916,2065,0.0,0
DTXSID1024918,2065,0.0,0
DTXSID1024966,2065,0.0,0
DTXSID1025013,2065,0.0,0
DTXSID1025017,2065,0.0,0
DTXSID1025063,2065,0.0,0
DTXSID1025065,2065,1.0,1
DTXSID1025148,2065,0.0,0
DTXSID1025221,2065,0.0,0
DTXSID1025271,2065,0.0,0
DTXSID1025279,2065,0.0,0
DTXSID1025300,2065,0.0,0
DTXSID1025302,2065,0.0,0
DTXSID1025304,2065,0.0,0
DTXSID1025306,2065,0.0,0
DTXSID1025308,2065,0.0,0
DTXSID1025431,2065,0.0,0
DTXSID1025433,2065,0.0,0
DTXSID1025437,2065,0.0,0
DTXSID1025481,2065,0.0,0
DTXSID1025483,2065,0.0,0
DTXSID1025485,2065,0.9997902240697859,1
DTXSID1025512,2065,0.9999995350410406,1
DTXSID1025560,2065,0.0,0
DTXSID1025641,2065,0.0,0
DTXSID1025649,2065,0.0,0
DTXSID1025693,2065,0.0,0
DTXSID1025722,2065,0.0,0
DTXSID1025724,2065,0.0,0
DTXSID1025726,2065,0.0,0
DTXSID1025770,2065,0.0,0
DTXSID1025774,2065,0.0,0
DTXSID1025776,2065,0.0,0
DTXSID1025805,2065,0.9999999641802019,1
DTXSID1025807,2065,0.0,0
DTXSID1025809,2065,0.0,0
DTXSID1025851,2065,0.0,0
DTXSID1025857,2065,0.9999999999992335,1
DTXSID1025930,2065,0.0,0
DTXSID1025934,2065,0.0,0
DTXSID1026031,2065,0.0,0
DTXSID1026033,2065,0.0,0
DTXSID1026035,2065,0.0,0
DTXSID1026081,2065,0.9999999988036434,1
DTXSID1026083,2065,0.0,0
DTXSID1026089,2065,0.0,0
DTXSID1026112,2065,0.0,0
DTXSID1026118,2065,0.0,0
DTXSID1026164,2065,0.0,0
DTXSID1026241,2065,0.0,0
DTXSID1026293,2065,0.0,0
DTXSID1026457,2065,0.0,0
DTXSID1026536,2065,0.0,0
DTXSID1026615,2065,0.0,0
DTXSID1026619,2065,0.0,0
DTXSID1026661,2065,0.0,0
DTXSID1026665,2065,0.0,0
DTXSID1026667,2065,0.0,0
DTXSID1026740,2065,0.0,0
DTXSID1026792,2065,0.0,0
DTXSID1026796,2065,0.0,0
DTXSID1026879,2065,0.0,0
DTXSID1026900,2065,3.621499933764327e-16,0
DTXSID1026902,2065,0.9999999911695894,1
DTXSID1026904,2065,0.0,0
DTXSID1026906,2065,0.0,0
DTXSID1026908,2065,0.0,0
DTXSID1026954,2065,0.0,0
DTXSID1027007,2065,0.0,0
DTXSID1027134,2065,0.9999977866038753,1
DTXSID1027184,2065,0.0,0
DTXSID1027186,2065,0.0,0
DTXSID1027188,2065,0.0,0
DTXSID1027211,2065,0.0,0
DTXSID1027219,2065,0.0,0
DTXSID1027263,2065,0.0,0
DTXSID1027265,2065,0.0,0
DTXSID1027267,2065,0.0,0
DTXSID1027269,2065,0.0,0
DTXSID1027342,2065,0.0,0
DTXSID1027344,2065,0.0,0
DTXSID1027346,2065,0.0,0
DTXSID1027390,2065,0.0,0
DTXSID1027394,2065,0.0,0
DTXSID1027425,2065,0.0,0
DTXSID1027427,2065,0.0,0
DTXSID1027429,2065,0.0,0
DTXSID1027471,2065,0.0,0
DTXSID1027479,2065,0.0,0
DTXSID1027500,2065,0.0,0
DTXSID1027502,2065,0.0,0
DTXSID1027504,2065,0.0,0
DTXSID1027506,2065,0.0,0
DTXSID1027550,2065,0.0,0
DTXSID1027556,2065,0.0,0
DTXSID1027558,2065,0.0,0
DTXSID1027633,2065,0.0,0
DTXSID1027635,2065,0.0,0
DTXSID1027639,2065,0.0,0
DTXSID1027714,2065,0.9999999999999895,1
DTXSID1027716,2065,0.0,0
DTXSID1027764,2065,0.0,0
DTXSID1027768,2065,0.0,0
DTXSID1027841,2065,0.0,0
DTXSID1027891,2065,0.9999999168985816,1
DTXSID1027899,2065,0.0,0
DTXSID1027920,2065,0.0,0
DTXSID1027924,2065,0.0,0
DTXSID1027926,2065,1.0,1
DTXSID1027928,2065,0.0,0
DTXSID1027970,2065,0.0,0
DTXSID1027974,2065,0.0,0
DTXSID1027978,2065,0.0,0
DTXSID1029120,2065,0.0,0
DTXSID1029122,2065,0.0,0
DTXSID1029124,2065,0.0,0
DTXSID1029128,2065,0.0,0
DTXSID1029170,2065,0.0,0
DTXSID1029201,2065,0.0,0
DTXSID1029203,2065,0.0,0
DTXSID1029207,2065,0.0,0
DTXSID1029251,2065,0.0,0
DTXSID1029255,2065,0.0,0
DTXSID1029338,2065,0.0,0
DTXSID1029629,2065,0.0,0
DTXSID1029671,2065,0.0,0
DTXSID1029677,2065,0.0,0
DTXSID1029679,2065,0.0,0
DTXSID1029889,2065,0.9838950022904905,1
DTXSID1029910,2065,0.0,0
DTXSID1030317,2065,0.0,0
DTXSID1030319,2065,0.0,0
DTXSID1030604,2065,0.0,0
DTXSID1030606,2065,0.0,0
DTXSID1031460,2065,0.0,0
DTXSID1031462,2065,0.0,0
DTXSID1031591,2065,0.0,0
DTXSID1031626,2065,0.0,0
DTXSID1032278,2065,0.0,0
DTXSID1032303,2065,0.0,0
DTXSID1032305,2065,0.0,0
DTXSID1032309,2065,0.0,0
DTXSID1032355,2065,0.0,0
DTXSID1032359,2065,0.0,0
DTXSID1032482,2065,0.0,0
DTXSID1032484,2065,2.379723874238453e-14,0
DTXSID1032488,2065,0.0,0
DTXSID1032511,2065,0.0,0
DTXSID1032513,2065,0.0,0
DTXSID1032519,2065,0.0,0
DTXSID1032569,2065,0.0,0
DTXSID1032640,2065,0.0,0
DTXSID1032642,2065,0.0,0
DTXSID1032646,2065,0.0,0
DTXSID1032648,2065,0.9883879050358192,1
DTXSID1032690,2065,0.0,0
DTXSID1033161,2065,0.0,0
DTXSID1033163,2065,0.0,0
DTXSID1033371,2065,0.0,0
DTXSID1033402,2065,0.0,0
DTXSID1033539,2065,0.0,0
DTXSID1033664,2065,0.0,0
DTXSID1033876,2065,0.0,0
DTXSID1034181,2065,0.9999999975821363,1
DTXSID1034187,2065,0.9999999999978084,1
DTXSID1034210,2065,0.9999999999999983,1
DTXSID1034212,2065,0.0,0
DTXSID1034260,2065,0.0,0
DTXSID1034501,2065,0.0,0
DTXSID1034503,2065,0.0,0
DTXSID1034634,2065,0.0,0
DTXSID1034769,2065,0.0,0
DTXSID1034844,2065,0.0,0
DTXSID1034929,2065,9.512313247398901e-16,0
DTXSID1034973,2065,0.0,0
DTXSID1035286,2065,0.0,0
DTXSID1035288,2065,0.0,0
DTXSID1035783,2065,0.0,0
DTXSID1036541,2065,0.0,0
DTXSID1036545,2065,0.0,0
DTXSID1037197,2065,0.0,0
DTXSID1037224,2065,6.30239518148832e-18,0
DTXSID1037272,2065,0.0,0
DTXSID1037303,2065,0.0,0
DTXSID1037511,2065,0.0,0
DTXSID1037515,2065,0.0,0
DTXSID1037565,2065,0.0,0
DTXSID1037567,2065,0.0,0
DTXSID1037696,2065,0.0,0
DTXSID1037806,2065,0.0,0
DTXSID1038298,2065,1.396859044451214e-21,0
DTXSID1038321,2065,0.0,0
DTXSID1038666,2065,0.9999943983264842,1
DTXSID1038743,2065,0.0,0
DTXSID1038795,2065,0.0,0
DTXSID1038822,2065,0.0,0
DTXSID1038824,2065,0.0,0
DTXSID1038876,2065,0.0,0
DTXSID1039719,2065,0.0,0
DTXSID1040110,2065,0.0,0
DTXSID1040112,2065,0.0,0
DTXSID1040114,2065,0.0,0
DTXSID1040164,2065,0.0,0
DTXSID1040243,2065,0.0,0
DTXSID1040245,2065,0.0,0
DTXSID1040295,2065,0.0,0
DTXSID1040320,2065,0.0,0
DTXSID1040324,2065,0.0,0
DTXSID1040326,2065,6.965857729676413e-12,0
DTXSID1040372,2065,0.0,0
DTXSID1040611,2065,0.0,0
DTXSID1040619,2065,0.9999999999999988,1
DTXSID1040661,2065,0.0,0
DTXSID1040740,2065,0.0,0
DTXSID1040742,2065,0.0,0
DTXSID1040792,2065,0.0,0
DTXSID1040794,2065,0.0,0
DTXSID1041132,2065,0.0,0
DTXSID1041180,2065,0.0,0
DTXSID1041184,2065,0.0,0
DTXSID1041188,2065,0.0,0
DTXSID1041217,2065,0.0,0
DTXSID1041261,2065,0.0,0
DTXSID1041263,2065,0.0,0
DTXSID1041265,2065,0.0,0
DTXSID1041267,2065,0.0,0
DTXSID1041269,2065,0.0,0
DTXSID1041346,2065,0.0,0
DTXSID1041396,2065,0.0,0
DTXSID1041421,2065,0.0,0
DTXSID1041423,2065,0.0,0
DTXSID1041425,2065,0.0,0
DTXSID1041502,2065,0.9999999991343584,1
DTXSID1041506,2065,0.0,0
DTXSID1041508,2065,0.0,0
DTXSID1041550,2065,0.0,0
DTXSID1041639,2065,0.0,0
DTXSID1041681,2065,0.0,0
DTXSID1041683,2065,0.0,0
DTXSID1041847,2065,0.0,0
DTXSID1041891,2065,0.0,0
DTXSID1041897,2065,0.8118164287081614,0
DTXSID1041920,2065,0.0,0
DTXSID1041970,2065,0.0,0
DTXSID1041978,2065,0.0,0
DTXSID1042077,2065,0.0,0
DTXSID1042154,2065,0.9999999999998077,1
DTXSID1042281,2065,0.0,0
DTXSID1042285,2065,0.0,0
DTXSID1042360,2065,0.0,0
DTXSID1042364,2065,0.0,0
DTXSID1042441,2065,0.0,0
DTXSID1042443,2065,0.0,0
DTXSID1042445,2065,0.0,0
DTXSID1042491,2065,0.0,0
DTXSID1042499,2065,0.9999999999996835,1
DTXSID1042570,2065,0.9999999937209282,1
DTXSID1042574,2065,0.0,0
DTXSID1043839,2065,0.0,0
DTXSID1043881,2065,0.0,0
DTXSID1043910,2065,0.0,0
DTXSID1044196,2065,0.0,0
DTXSID1044198,2065,0.0,0
DTXSID1044221,2065,0.0,0
DTXSID1044223,2065,0.0,0
DTXSID1044227,2065,0.0,0
DTXSID1044352,2065,0.0,0
DTXSID1044354,2065,0.0,0
DTXSID1044356,2065,0.0,0
DTXSID1044431,2065,0.0,0
DTXSID1044433,2065,0.0,0
DTXSID1044435,2065,0.0,0
DTXSID1044437,2065,0.0,0
DTXSID1044439,2065,0.0,0
DTXSID1044481,2065,0.0,0
DTXSID1044485,2065,0.0,0
DTXSID1044487,2065,1.0,1
DTXSID1044489,2065,0.0,0
DTXSID1044514,2065,5.663881137524329e-13,0
DTXSID1044518,2065,0.0,0
DTXSID1044560,2065,0.999999997008335,1
DTXSID1044564,2065,0.0,0
DTXSID1044568,2065,0.0,0
DTXSID1044643,2065,0.0,0
DTXSID1044645,2065,0.0,0
DTXSID1044647,2065,0.0,0
DTXSID1044691,2065,0.0,0
DTXSID1044693,2065,0.0,0
DTXSID1044697,2065,0.0,0
DTXSID1044720,2065,0.0,0
DTXSID1044722,2065,0.0,0
DTXSID1044724,2065,0.0,0
DTXSID1044728,2065,1.0350137417115239e-19,0
DTXSID1044770,2065,0.0,0
DTXSID1044772,2065,0.0,0
DTXSID1044774,2065,0.0,0
DTXSID1044776,2065,0.9999937755422953,1
DTXSID1044801,2065,0.0,0
DTXSID1044805,2065,0.0,0
DTXSID1044807,2065,0.0,0
DTXSID1044809,2065,0.0,0
DTXSID1044851,2065,0.9999989265715805,1
DTXSID1044853,2065,0.0,0
DTXSID1044857,2065,0.0,0
DTXSID1044859,2065,0.0,0
DTXSID1044930,2065,0.0,0
DTXSID1044932,2065,0.0,0
DTXSID1044934,2065,0.0,0
DTXSID1044936,2065,0.9999999999998538,1
DTXSID1044938,2065,0.0,0
DTXSID1044980,2065,0.0,0
DTXSID1044982,2065,0.0,0
DTXSID1044986,2065,0.0,0
DTXSID1045081,2065,0.0,0
DTXSID1045083,2065,0.0,0
DTXSID1045085,2065,0.0,0
DTXSID1045089,2065,0.0,0
DTXSID1045116,2065,0.0,0
DTXSID1045118,2065,0.0,0
DTXSID1045162,2065,0.0,0
DTXSID1045164,2065,0.0,0
DTXSID1045166,2065,0.0,0
DTXSID1045245,2065,0.0,0
DTXSID1045291,2065,0.0,0
DTXSID1045293,2065,0.0,0
DTXSID1045297,2065,0.0,0
DTXSID1045320,2065,0.0,0
DTXSID1045324,2065,0.0,0
DTXSID1045326,2065,0.0,0
DTXSID1045328,2065,0.0,0
DTXSID1045370,2065,0.9996885992490551,1
DTXSID1045372,2065,0.0,0
DTXSID1045376,2065,0.0,0
DTXSID1045405,2065,0.0,0
DTXSID1045407,2065,0.0,0
DTXSID1045409,2065,0.0,0
DTXSID1045459,2065,0.0,0
DTXSID1045530,2065,0.0,0
DTXSID1045534,2065,0.0,0
DTXSID1045536,2065,0.0,0
DTXSID1045538,2065,0.0,0
DTXSID1045580,2065,0.0,0
DTXSID1045584,2065,0.0,0
DTXSID1045588,2065,0.0,0
DTXSID1045611,2065,0.0,0
DTXSID1045615,2065,0.0,0
DTXSID1045619,2065,0.0,0
DTXSID1045661,2065,0.0,0
DTXSID1045663,2065,0.0,0
DTXSID1045669,2065,0.0,0
DTXSID1045742,2065,0.0,0
DTXSID1045744,2065,0.0,0
DTXSID1045746,2065,0.0,0
DTXSID1045748,2065,0.0,0
DTXSID1045790,2065,0.0,0
DTXSID1045792,2065,0.0,0
DTXSID1045794,2065,0.0,0
DTXSID1045798,2065,0.0,0
DTXSID1045825,2065,0.0,0
DTXSID1045871,2065,0.0,0
DTXSID1045879,2065,0.0,0
DTXSID1045906,2065,0.0,0
DTXSID1045952,2065,0.0,0
DTXSID1045958,2065,0.0,0
DTXSID1046003,2065,0.0,0
DTXSID1046007,2065,0.0,0
DTXSID1046051,2065,0.0,0
DTXSID1046130,2065,0.0,0
DTXSID1046132,2065,0.0,0
DTXSID1046134,2065,0.0,0
DTXSID1046136,2065,0.0,0
DTXSID1046180,2065,0.0,0
DTXSID1046188,2065,0.0,0
DTXSID1046215,2065,0.0,0
DTXSID1046263,2065,0.0,0
DTXSID1046267,2065,0.0,0
DTXSID1046344,2065,0.0,0
DTXSID1046348,2065,0.0,0
DTXSID1046390,2065,0.0,0
DTXSID1046392,2065,0.0,0
DTXSID1046394,2065,0.0,0
DTXSID1046396,2065,0.0,0
DTXSID1046398,2065,0.0,0
DTXSID1046421,2065,0.0,0
DTXSID1046423,2065,0.0,0
DTXSID1046425,2065,0.0,0
DTXSID1046427,2065,0.2935121936900782,0
DTXSID1046429,2065,0.9999999992986524,1
DTXSID1046475,2065,0.0,0
DTXSID1046502,2065,0.0,0
DTXSID1046504,2065,0.0,0
DTXSID1046506,2065,0.0,0
DTXSID1046550,2065,0.0,0
DTXSID1046558,2065,0.0,0
DTXSID1046631,2065,0.0,0
DTXSID1046633,2065,0.0,0
DTXSID1046639,2065,0.0,0
DTXSID1046681,2065,0.0,0
DTXSID1046685,2065,0.0,0
DTXSID1046687,2065,0.0,0
DTXSID1046689,2065,0.0,0
DTXSID1046714,2065,0.0,0
DTXSID1046768,2065,0.0,0
DTXSID1046847,2065,0.0,0
DTXSID1046891,2065,0.0,0
DTXSID1046922,2065,0.9999999404943236,1
DTXSID1046970,2065,2.498791668630595e-13,0
DTXSID1046974,2065,0.0,0
DTXSID1046976,2065,0.9999638216529179,1
DTXSID1046978,2065,0.0,0
DTXSID1047027,2065,0.0,0
DTXSID1047029,2065,0.0,0
DTXSID1047071,2065,0.0,0
DTXSID1047075,2065,0.0,0
DTXSID1047102,2065,0.9999999987016136,1
DTXSID1047104,2065,0.0,0
DTXSID1047106,2065,0.0,0
DTXSID1047108,2065,0.0,0
DTXSID1047150,2065,0.0,0
DTXSID1047152,2065,0.0,0
DTXSID1047156,2065,0.0,0
DTXSID1047158,2065,0.0,0
DTXSID1047239,2065,0.0,0
DTXSID1047281,2065,0.0,0
DTXSID1047283,2065,0.0,0
DTXSID1047285,2065,0.0,0
DTXSID1047287,2065,0.0,0
DTXSID1047289,2065,0.0,0
DTXSID1047310,2065,0.9999999341991013,1
DTXSID1047312,2065,0.0,0
DTXSID1047316,2065,0.0,0
DTXSID1047318,2065,0.0,0
DTXSID1047360,2065,0.0,0
DTXSID1047362,2065,0.0,0
DTXSID1047364,2065,0.0,0
DTXSID1047366,2065,0.9999999999852528,1
DTXSID1047368,2065,0.0,0
DTXSID1047443,2065,0.0,0
DTXSID1047447,2065,0.0,0
DTXSID1047491,2065,0.0,0
DTXSID1047493,2065,0.0,0
DTXSID1047497,2065,0.0,0
DTXSID1047520,2065,0.0,0
DTXSID1047524,2065,0.0,0
DTXSID1047526,2065,0.0,0
DTXSID1047528,2065,0.0,0
DTXSID1047570,2065,0.0,0
DTXSID1047574,2065,0.0,0
DTXSID1047576,2065,0.0,0
DTXSID1047578,2065,0.0,0
DTXSID1047601,2065,0.0,0
DTXSID1047603,2065,0.0,0
DTXSID1047605,2065,0.0,0
DTXSID1047607,2065,0.0,0
DTXSID1047609,2065,0.0,0
DTXSID1047651,2065,0.0,0
DTXSID1047655,2065,0.0,0
DTXSID1047657,2065,0.0,0
DTXSID1047659,2065,0.0,0
DTXSID1047730,2065,0.0,0
DTXSID1047780,2065,0.0,0
DTXSID1047782,2065,0.0,0
DTXSID1047784,2065,0.0,0
DTXSID1047786,2065,0.0,0
DTXSID1047788,2065,0.0,0
DTXSID1047811,2065,0.0,0
DTXSID1047813,2065,0.0,0
DTXSID1047815,2065,0.0,0
DTXSID1047817,2065,0.0,0
DTXSID1047819,2065,0.0,0
DTXSID1047869,2065,0.0,0
DTXSID1047940,2065,0.0,0
DTXSID1047942,2065,0.0,0
DTXSID1047944,2065,0.9999999999999986,1
DTXSID1047946,2065,0.0,0
DTXSID1047948,2065,0.0,0
DTXSID1048122,2065,0.9999999845030273,1
DTXSID1048170,2065,7.281220428471998e-15,0
DTXSID1048172,2065,0.0,0
DTXSID1048174,2065,3.221714617446915e-17,0
DTXSID1048176,2065,0.0,0
DTXSID1048178,2065,0.0,0
DTXSID1048201,2065,0.0,0
DTXSID1048203,2065,0.0,0
DTXSID1048207,2065,0.0,0
DTXSID1048209,2065,0.0,0
DTXSID1048590,2065,0.0,0
DTXSID1048592,2065,0.0,0
DTXSID1048596,2065,1.8555694620352885e-06,0
DTXSID1048598,2065,0.0,0
DTXSID1048623,2065,0.0,0
DTXSID1048627,2065,0.0,0
DTXSID1048671,2065,0.0,0
DTXSID1048679,2065,0.0,0
DTXSID1048704,2065,0.0,0
DTXSID1048706,2065,0.0,0
DTXSID1048831,2065,0.0,0
DTXSID1048833,2065,0.0,0
DTXSID1048835,2065,0.0,0
DTXSID1048837,2065,0.0,0
DTXSID1048839,2065,0.0,0
DTXSID1048883,2065,0.0,0
DTXSID1048910,2065,0.0,0
DTXSID1048912,2065,0.0,0
DTXSID1048914,2065,0.0,0
DTXSID1048916,2065,0.0,0
DTXSID1048918,2065,0.0,0
DTXSID1048960,2065,0.0,0
DTXSID1049015,2065,0.0,0
DTXSID1049065,2065,0.0,0
DTXSID1049067,2065,0.0,0
DTXSID1049069,2065,0.0,0
DTXSID1049221,2065,0.0,0
DTXSID1049223,2065,0.0,0
DTXSID1049225,2065,0.0,0
DTXSID1049227,2065,0.0,0
DTXSID1049229,2065,0.9999999990673153,1
DTXSID1049271,2065,0.9999999999999257,1
DTXSID1049273,2065,0.0,0
DTXSID1049275,2065,0.0,0
DTXSID1049277,2065,0.0,0
DTXSID1049279,2065,0.0,0
DTXSID1049300,2065,0.0,0
DTXSID1049302,2065,0.0,0
DTXSID1049304,2065,0.0,0
DTXSID1049306,2065,0.0,0
DTXSID1049308,2065,0.0,0
DTXSID1049350,2065,0.0,0
DTXSID1049352,2065,0.9999999992183098,1
DTXSID1049354,2065,0.0,0
DTXSID1049356,2065,0.0,0
DTXSID1049358,2065,0.0,0
DTXSID1049431,2065,0.0,0
DTXSID1049433,2065,0.0,0
DTXSID1049481,2065,0.0,0
DTXSID1049483,2065,0.0,0
DTXSID1049485,2065,0.0,0
DTXSID1049487,2065,0.0,0
DTXSID1049489,2065,0.0,0
DTXSID1049510,2065,0.0,0
DTXSID1049512,2065,0.0,0
DTXSID1049514,2065,0.0,0
DTXSID1049516,2065,0.0,0
DTXSID1049518,2065,0.0,0
DTXSID1049560,2065,0.0,0
DTXSID1049562,2065,0.0,0
DTXSID1049697,2065,0.0,0
DTXSID1051690,2065,0.0,0
DTXSID1051771,2065,0.0,0
DTXSID1051779,2065,0.0,0
DTXSID1051808,2065,0.9999999565918476,1
DTXSID1051850,2065,0.0,0
DTXSID1051856,2065,0.0,0
DTXSID1051939,2065,0.0,0
DTXSID1052294,2065,0.0,0
DTXSID1052298,2065,0.0,0
DTXSID1052539,2065,0.0,0
DTXSID1052585,2065,0.0,0
DTXSID1052587,2065,0.0,0
DTXSID1052610,2065,0.0,0
DTXSID1057610,2065,0.9999952507658507,1
DTXSID1057612,2065,0.0,0
DTXSID1057614,2065,0.0,0
DTXSID1057616,2065,0.0,0
DTXSID1057618,2065,0.0,0
DTXSID1057660,2065,0.0,0
DTXSID1057662,2065,0.0,0
DTXSID1057664,2065,0.0,0
DTXSID1057666,2065,0.0,0
DTXSID1057668,2065,0.0,0
DTXSID1057741,2065,0.0,0
DTXSID1057743,2065,0.0,0
DTXSID1057745,2065,0.0,0
DTXSID1057747,2065,0.0,0
DTXSID1057749,2065,0.9999999934851679,1
DTXSID1057791,2065,0.0,0
DTXSID1057793,2065,0.0,0
DTXSID1057795,2065,0.0,0
DTXSID1057797,2065,0.0,0
DTXSID1057799,2065,0.0,0
DTXSID1057820,2065,0.0,0
DTXSID1057822,2065,0.0,0
DTXSID1057824,2065,0.0,0
DTXSID1057826,2065,0.0,0
DTXSID1057828,2065,0.2630483353205713,0
DTXSID2020006,2065,0.0,0
DTXSID2020054,2065,0.0,0
DTXSID2020058,2065,0.0,0
DTXSID2020131,2065,0.0,0
DTXSID2020137,2065,0.0,0
DTXSID2020139,2065,1.0,1
DTXSID2020181,2065,0.0,0
DTXSID2020189,2065,0.0,0
DTXSID2020210,2065,0.0,0
DTXSID2020212,2065,0.0,0
DTXSID2020216,2065,0.0,0
DTXSID2020260,2065,0.0,0
DTXSID2020262,2065,0.0,0
DTXSID2020266,2065,0.9999999999892595,1
DTXSID2020268,2065,0.0,0
DTXSID2020341,2065,0.0,0
DTXSID2020345,2065,0.9999999999998885,1
DTXSID2020347,2065,0.0,0
DTXSID2020349,2065,0.0,0
DTXSID2020391,2065,0.0,0
DTXSID2020399,2065,0.0,0
DTXSID2020420,2065,0.0,0
DTXSID2020424,2065,0.0,0
DTXSID2020426,2065,0.0,0
DTXSID2020428,2065,0.0,0
DTXSID2020470,2065,0.9804768422504704,1
DTXSID2020474,2065,0.0,0
DTXSID2020478,2065,0.0,0
DTXSID2020501,2065,0.0,0
DTXSID2020505,2065,0.0,0
DTXSID2020507,2065,0.0,0
DTXSID2020509,2065,0.0,0
DTXSID2020557,2065,0.0,0
DTXSID2020634,2065,0.0,0
DTXSID2020636,2065,0.0,0
DTXSID2020680,2065,0.0,0
DTXSID2020682,2065,0.0,0
DTXSID2020684,2065,0.0,0
DTXSID2020686,2065,0.0,0
DTXSID2020688,2065,0.9999999999998391,1
DTXSID2020713,2065,0.0,0
DTXSID2020717,2065,0.0,0
DTXSID2020761,2065,0.0,0
DTXSID2020767,2065,0.0,0
DTXSID2020844,2065,0.0,0
DTXSID2020846,2065,0.0,0
DTXSID2020890,2065,0.0,0
DTXSID2020892,2065,0.0,0
DTXSID2020894,2065,5.882804640718009e-21,0
DTXSID2020898,2065,0.0,0
DTXSID2020921,2065,0.0,0
DTXSID2020923,2065,0.0,0
DTXSID2020927,2065,2.2986057347935998e-08,0
DTXSID2020929,2065,0.0,0
DTXSID2020971,2065,0.0,0
DTXSID2020977,2065,0.0,0
DTXSID2021022,2065,0.0,0
DTXSID2021026,2065,0.0,0
DTXSID2021028,2065,0.0,0
DTXSID2021070,2065,2.1024645429902467e-19,0
DTXSID2021103,2065,0.0,0
DTXSID2021105,2065,0.0,0
DTXSID2021151,2065,0.0,0
DTXSID2021159,2065,0.0,0
DTXSID2021232,2065,0.0,0
DTXSID2021234,2065,0.0,0
DTXSID2021236,2065,0.0,0
DTXSID2021238,2065,0.0,0
DTXSID2021282,2065,0.0,0
DTXSID2021284,2065,0.0,0
DTXSID2021286,2065,0.0,0
DTXSID2021288,2065,0.0,0
DTXSID2021311,2065,4.026547004069801e-16,0
DTXSID2021315,2065,0.0,0
DTXSID2021317,2065,0.0,0
DTXSID2021319,2065,0.0,0
DTXSID2021363,2065,0.0,0
DTXSID2021365,2065,0.0,0
DTXSID2021367,2065,0.9999999999129681,1
DTXSID2021440,2065,0.0,0
DTXSID2021442,2065,0.0,0
DTXSID2021446,2065,0.0,0
DTXSID2021448,2065,0.0,0
DTXSID2021492,2065,0.0,0
DTXSID2021496,2065,0.0,0
DTXSID2021498,2065,0.0,0
DTXSID2021575,2065,0.0,0
DTXSID2021577,2065,2.46971632589591e-11,0
DTXSID2021600,2065,0.0,0
DTXSID2021602,2065,0.0,0
DTXSID2021604,2065,0.0,0
DTXSID2021608,2065,0.0,0
DTXSID2021650,2065,0.0,0
DTXSID2021652,2065,0.0,0
DTXSID2021654,2065,0.0,0
DTXSID2021656,2065,0.0,0
DTXSID2021658,2065,0.0,0
DTXSID2021731,2065,0.0,0
DTXSID2021735,2065,0.0,0
DTXSID2021739,2065,0.0,0
DTXSID2021781,2065,0.0,0
DTXSID2021789,2065,0.0,0
DTXSID2021810,2065,0.0,0
DTXSID2021816,2065,0.0,0
DTXSID2021818,2065,0.0,0
DTXSID2021860,2065,0.0,0
DTXSID2021864,2065,0.0,0
DTXSID2021866,2065,0.0,0
DTXSID2021868,2065,0.0,0
DTXSID2021941,2065,0.0,0
DTXSID2021943,2065,0.0,0
DTXSID2021947,2065,0.0,0
DTXSID2021949,2065,0.0,0
DTXSID2021993,2065,0.0,0
DTXSID2021995,2065,0.0,0
DTXSID2021997,2065,0.0,0
DTXSID2022048,2065,0.0,0
DTXSID2022090,2065,0.0,0
DTXSID2022096,2065,0.0,0
DTXSID2022121,2065,0.0,0
DTXSID2022123,2065,0.0,0
DTXSID2022125,2065,0.0,0
DTXSID2022127,2065,0.0,0
DTXSID2022171,2065,0.0,0
DTXSID2022179,2065,0.0,0
DTXSID2022254,2065,0.0,0
DTXSID2022256,2065,0.0,0
DTXSID2022331,2065,0.0,0
DTXSID2022333,2065,0.0,0
DTXSID2022381,2065,0.9999979180545207,1
DTXSID2022462,2065,0.0,0
DTXSID2022541,2065,0.0,0
DTXSID2022543,2065,0.0,0
DTXSID2022549,2065,0.0,0
DTXSID2022593,2065,0.0,0
DTXSID2022595,2065,0.0,0
DTXSID2022628,2065,0.0,0
DTXSID2022674,2065,0.0,0
DTXSID2022676,2065,0.0,0
DTXSID2022678,2065,0.0,0
DTXSID2022707,2065,0.0,0
DTXSID2022753,2065,0.0,0
DTXSID2022880,2065,5.135134523219431e-07,0
DTXSID2022886,2065,0.0,0
DTXSID2022888,2065,0.0,0
DTXSID2022967,2065,0.0,0
DTXSID2023010,2065,0.0,0
DTXSID2023016,2065,0.0,0
DTXSID2023064,2065,0.0,0
DTXSID2023068,2065,0.0,0
DTXSID2023143,2065,0.0,0
DTXSID2023193,2065,0.0,0
DTXSID2023195,2065,0.0,0
DTXSID2023222,2065,0.0,0
DTXSID2023224,2065,0.9999776129141283,1
DTXSID2023270,2065,0.0,0
DTXSID2023276,2065,0.0,0
DTXSID2023307,2065,0.0,0
DTXSID2023309,2065,0.0,0
DTXSID2023353,2065,0.0,0
DTXSID2023430,2065,0.0,0
DTXSID2023434,2065,0.0,0
DTXSID2023480,2065,0.0,0
DTXSID2023488,2065,0.0,0
DTXSID2023519,2065,0.0,0
DTXSID2023569,2065,0.0,0
DTXSID2023640,2065,0.0,0
DTXSID2023642,2065,0.9999999987230305,1
DTXSID2023690,2065,0.0,0
DTXSID2023723,2065,0.0,0
DTXSID2023725,2065,0.0,0
DTXSID2023727,2065,0.0,0
DTXSID2023771,2065,0.0,0
DTXSID2023775,2065,0.0,0
DTXSID2023937,2065,0.0,0
DTXSID2024030,2065,0.0,0
DTXSID2024038,2065,0.0,0
DTXSID2024086,2065,0.0,0
DTXSID2024113,2065,0.0,0
DTXSID2024163,2065,0.0,0
DTXSID2024242,2065,0.0,0
DTXSID2024246,2065,0.0,0
DTXSID2024452,2065,0.0,0
DTXSID2024454,2065,0.0,0
DTXSID2024458,2065,0.9999979920814587,1
DTXSID2024585,2065,0.0,0
DTXSID2024589,2065,0.0,0
DTXSID2024616,2065,0.0,0
DTXSID2024660,2065,0.0,0
DTXSID2024662,2065,0.0,0
DTXSID2024664,2065,0.0,0
DTXSID2024666,2065,0.0,0
DTXSID2024747,2065,0.0,0
DTXSID2024791,2065,0.0,0
DTXSID2024793,2065,0.0,0
DTXSID2024797,2065,0.0,0
DTXSID2024799,2065,0.0,0
DTXSID2024822,2065,0.0,0
DTXSID2024824,2065,0.0,0
DTXSID2024878,2065,0.0,0
DTXSID2024953,2065,0.0,0
DTXSID2024955,2065,0.0,0
DTXSID2025004,2065,0.0,0
DTXSID2025006,2065,0.0,0
DTXSID2025050,2065,0.0,0
DTXSID2025058,2065,0.0,0
DTXSID2025133,2065,0.0,0
DTXSID2025135,2065,0.0,0
DTXSID2025137,2065,0.0,0
DTXSID2025139,2065,0.9999999982065104,1
DTXSID2025183,2065,0.0,0
DTXSID2025185,2065,0.0,0
DTXSID2025210,2065,0.0,0
DTXSID2025216,2065,0.0,0
DTXSID2025264,2065,0.0,0
DTXSID2025345,2065,0.0,0
DTXSID2025347,2065,0.0,0
DTXSID2025391,2065,0.0,0
DTXSID2025395,2065,0.0,0
DTXSID2025422,2065,0.0,0
DTXSID2025424,2065,0.0,0
DTXSID2025474,2065,0.0,0
DTXSID2025478,2065,0.0,0
DTXSID2025501,2065,0.9967540342404512,1
DTXSID2025503,2065,0.0,0
DTXSID2025505,2065,6.6117641417942405e-15,0
DTXSID2025551,2065,0.0,0
DTXSID2025557,2065,0.0,0
DTXSID2025632,2065,0.0,0
DTXSID2025634,2065,0.0,0
DTXSID2025680,2065,0.0,0
DTXSID2025688,2065,0.0,0
DTXSID2025715,2065,2.0115106115867965e-08,0
DTXSID2025761,2065,0.0,0
DTXSID2025763,2065,0.0,0
DTXSID2025765,2065,0.0,0
DTXSID2025840,2065,0.0,0
DTXSID2025842,2065,0.9999999999999974,1
DTXSID2025846,2065,0.0,0
DTXSID2025892,2065,0.6343255158615405,0
DTXSID2025896,2065,0.0,0
DTXSID2025925,2065,0.0,0
DTXSID2025975,2065,0.0,0
DTXSID2025977,2065,0.0,0
DTXSID2026022,2065,0.0,0
DTXSID2026074,2065,0.0,0
DTXSID2026076,2065,0.9999856215197287,1
DTXSID2026101,2065,0.0,0
DTXSID2026107,2065,0.9999995599011796,1
DTXSID2026151,2065,9.809830454785828e-15,0
DTXSID2026157,2065,0.0,0
DTXSID2026232,2065,0.0,0
DTXSID2026238,2065,0.0,0
DTXSID2026444,2065,0.0,0
DTXSID2026446,2065,0.0,0
DTXSID2026448,2065,0.0,0
DTXSID2026494,2065,0.0,0
DTXSID2026496,2065,0.0,0
DTXSID2026523,2065,0.0,0
DTXSID2026525,2065,0.0,0
DTXSID2026527,2065,0.0,0
DTXSID2026529,2065,0.0,0
DTXSID2026573,2065,0.9999999985700186,1
DTXSID2026600,2065,0.0,0
DTXSID2026602,2065,0.9999999972071585,1
DTXSID2026606,2065,0.0,0
DTXSID2026608,2065,0.0,0
DTXSID2026652,2065,0.0,0
DTXSID2026739,2065,0.0,0
DTXSID2026781,2065,0.0,0
DTXSID2026783,2065,0.0,0
DTXSID2026789,2065,0.0,0
DTXSID2026864,2065,0.0,0
DTXSID2026941,2065,0.0,0
DTXSID2026943,2065,0.0,0
DTXSID2026991,2065,0.0,0
DTXSID2026997,2065,0.0,0
DTXSID2027044,2065,0.0,0
DTXSID2027048,2065,0.0,0
DTXSID2027092,2065,0.0,0
DTXSID2027094,2065,0.0,0
DTXSID2027096,2065,0.0,0
DTXSID2027098,2065,0.0,0
DTXSID2027175,2065,0.0,0
DTXSID2027200,2065,0.0,0
DTXSID2027204,2065,0.0,0
DTXSID2027206,2065,0.0,0
DTXSID2027254,2065,0.0,0
DTXSID2027258,2065,0.0,0
DTXSID2027333,2065,0.0,0
DTXSID2027412,2065,0.0,0
DTXSID2027414,2065,0.0,0
DTXSID2027416,2065,0.0,0
DTXSID2027418,2065,0.0,0
DTXSID2027462,2065,8.103315228835416e-22,0
DTXSID2027466,2065,0.0,0
DTXSID2027543,2065,0.0,0
DTXSID2027591,2065,0.0,0
DTXSID2027593,2065,0.0,0
DTXSID2027595,2065,0.0,0
DTXSID2027599,2065,0.0,0
DTXSID2027620,2065,0.0,0
DTXSID2027624,2065,0.0,0
DTXSID2027759,2065,0.0,0
DTXSID2027830,2065,0.0,0
DTXSID2027832,2065,0.0,0
DTXSID2027834,2065,0.0,0
DTXSID2027884,2065,0.0,0
DTXSID2027886,2065,0.0,0
DTXSID2027963,2065,0.0,0
DTXSID2028010,2065,0.0,0
DTXSID2028016,2065,0.0,0
DTXSID2028723,2065,2.180549358631013e-06,0
DTXSID2028985,2065,0.0,0
DTXSID2029117,2065,0.0,0
DTXSID2029167,2065,0.0,0
DTXSID2029169,2065,0.0,0
DTXSID2029240,2065,0.0,0
DTXSID2029242,2065,0.0,0
DTXSID2029244,2065,0.0,0
DTXSID2029246,2065,0.0,0
DTXSID2029290,2065,0.0,0
DTXSID2029298,2065,1.7089029643756935e-10,0
DTXSID2029325,2065,0.0,0
DTXSID2029327,2065,0.0,0
DTXSID2029329,2065,0.0,0
DTXSID2029612,2065,0.0,0
DTXSID2029616,2065,0.0,0
DTXSID2029662,2065,1.4573327040285634e-15,0
DTXSID2029668,2065,0.0,0
DTXSID2029874,2065,0.0,0
DTXSID2030695,2065,0.0,0
DTXSID2030857,2065,0.0,0
DTXSID2031089,2065,6.803678503690024e-05,0
DTXSID2031374,2065,0.0,0
DTXSID2031532,2065,0.0,0
DTXSID2031956,2065,0.0,0
DTXSID2032005,2065,0.9999999999986403,1
DTXSID2032180,2065,0.0,0
DTXSID2032342,2065,0.0,0
DTXSID2032344,2065,0.0,0
DTXSID2032348,2065,2.425310478822649e-10,0
DTXSID2032390,2065,0.0,0
DTXSID2032392,2065,0.0,0
DTXSID2032398,2065,0.0,0
DTXSID2032421,2065,0.0,0
DTXSID2032500,2065,1.6111875343435174e-15,0
DTXSID2032550,2065,0.0,0
DTXSID2032552,2065,0.0,0
DTXSID2032554,2065,0.0,0
DTXSID2032556,2065,0.0,0
DTXSID2032558,2065,0.0,0
DTXSID2032631,2065,0.0,0
DTXSID2032637,2065,0.0,0
DTXSID2032639,2065,0.0,0
DTXSID2032683,2065,0.0,0
DTXSID2032891,2065,0.0,0
DTXSID2033281,2065,0.9999999999266457,1
DTXSID2033314,2065,0.9999999957105518,1
DTXSID2033445,2065,0.0,0
DTXSID2033447,2065,0.0,0
DTXSID2033493,2065,0.0,0
DTXSID2033736,2065,0.0021888411072376423,0
DTXSID2033863,2065,0.0,0
DTXSID2034091,2065,0.0,0
DTXSID2034095,2065,0.0,0
DTXSID2034255,2065,0.0,0
DTXSID2034259,2065,0.0,0
DTXSID2034338,2065,0.0,0
DTXSID2034382,2065,0.0,0
DTXSID2034465,2065,0.0,0
DTXSID2034540,2065,0.0,0
DTXSID2034542,2065,0.0,0
DTXSID2034590,2065,0.0,0
DTXSID2034598,2065,0.0,0
DTXSID2034625,2065,0.0,0
DTXSID2034627,2065,0.0,0
DTXSID2034673,2065,0.0,0
DTXSID2034700,2065,0.0,0
DTXSID2034833,2065,0.0,0
DTXSID2034881,2065,0.0,0
DTXSID2034885,2065,0.0,0
DTXSID2034962,2065,0.0,0
DTXSID2034968,2065,0.0,0
DTXSID2035013,2065,0.0,0
DTXSID2035481,2065,0.0,0
DTXSID2036112,2065,0.9999999991215748,1
DTXSID2036299,2065,0.0,0
DTXSID2036588,2065,0.0,0
DTXSID2036827,2065,0.0,0
DTXSID2037502,2065,0.0,0
DTXSID2037508,2065,0.0,0
DTXSID2037712,2065,0.9999977927650263,1
DTXSID2037714,2065,0.0,0
DTXSID2038732,2065,0.0,0
DTXSID2038788,2065,0.0,0
DTXSID2038813,2065,0.0,0
DTXSID2039336,2065,0.0,0
DTXSID2040151,2065,0.0,0
DTXSID2040234,2065,0.0,0
DTXSID2040236,2065,0.0,0
DTXSID2040284,2065,0.0,0
DTXSID2040361,2065,0.0,0
DTXSID2040363,2065,0.0,0
DTXSID2040608,2065,0.0,0
DTXSID2040652,2065,0.0,0
DTXSID2040656,2065,0.0,0
DTXSID2040731,2065,0.0,0
DTXSID2040733,2065,0.9999999887923147,1
DTXSID2040735,2065,0.0,0
DTXSID2040739,2065,0.0,0
DTXSID2040787,2065,0.999999999461656,1
DTXSID2041125,2065,0.0,0
DTXSID2041200,2065,0.0,0
DTXSID2041206,2065,0.00013307765234600024,0
DTXSID2041208,2065,0.0,0
DTXSID2041250,2065,0.0,0
DTXSID2041252,2065,0.0,0
DTXSID2041256,2065,0.0,0
DTXSID2041389,2065,0.0,0
DTXSID2041412,2065,0.0,0
DTXSID2041416,2065,0.0,0
DTXSID2041418,2065,0.0,0
DTXSID2041460,2065,0.0,0
DTXSID2041464,2065,0.0,0
DTXSID2041468,2065,0.0,0
DTXSID2041541,2065,0.0,0
DTXSID2041545,2065,0.0,0
DTXSID2041547,2065,0.0,0
DTXSID2041622,2065,0.0,0
DTXSID2041626,2065,0.0,0
DTXSID2041672,2065,0.0,0
DTXSID2041674,2065,0.0,0
DTXSID2041703,2065,0.0,0
DTXSID2041709,2065,0.0,0
DTXSID2041759,2065,0.9999999932366981,1
DTXSID2041880,2065,0.0,0
DTXSID2041884,2065,0.0,0
DTXSID2041886,2065,0.0,0
DTXSID2041913,2065,0.0,0
DTXSID2041917,2065,0.0,0
DTXSID2042014,2065,0.0,0
DTXSID2042060,2065,0.0,0
DTXSID2042062,2065,0.0,0
DTXSID2042143,2065,0.0,0
DTXSID2042145,2065,4.2544995703125724e-20,0
DTXSID2042149,2065,0.0,0
DTXSID2042191,2065,0.0,0
DTXSID2042195,2065,0.0,0
DTXSID2042199,2065,0.0,0
DTXSID2042220,2065,0.0,0
DTXSID2042276,2065,0.0,0
DTXSID2042436,2065,0.0,0
DTXSID2042517,2065,0.0,0
DTXSID2043747,2065,0.0,0
DTXSID2043874,2065,0.0,0
DTXSID2043903,2065,0.0,0
DTXSID2044000,2065,0.0,0
DTXSID2044002,2065,0.0,0
DTXSID2044131,2065,0.0,0
DTXSID2044137,2065,0.0,0
DTXSID2044210,2065,0.0,0
DTXSID2044218,2065,0.0,0
DTXSID2044266,2065,0.0,0
DTXSID2044268,2065,0.0,0
DTXSID2044347,2065,0.0,0
DTXSID2044391,2065,0.0,0
DTXSID2044393,2065,0.0,0
DTXSID2044395,2065,0.0,0
DTXSID2044397,2065,0.0,0
DTXSID2044399,2065,0.0,0
DTXSID2044420,2065,0.0,0
DTXSID2044422,2065,0.0,0
DTXSID2044424,2065,0.0,0
DTXSID2044428,2065,0.0,0
DTXSID2044470,2065,0.0,0
DTXSID2044472,2065,0.0,0
DTXSID2044476,2065,0.0,0
DTXSID2044503,2065,0.0,0
DTXSID2044507,2065,0.0,0
DTXSID2044509,2065,0.0,0
DTXSID2044553,2065,0.0,0
DTXSID2044559,2065,0.0,0
DTXSID2044632,2065,0.0,0
DTXSID2044638,2065,0.0,0
DTXSID2044680,2065,0.0,0
DTXSID2044682,2065,0.0,0
DTXSID2044684,2065,0.0,0
DTXSID2044686,2065,0.0,0
DTXSID2044713,2065,0.0,0
DTXSID2044715,2065,0.0,0
DTXSID2044717,2065,0.0,0
DTXSID2044719,2065,0.0,0
DTXSID2044763,2065,0.0,0
DTXSID2044765,2065,0.0,0
DTXSID2044767,2065,0.0,0
DTXSID2044769,2065,0.0,0
DTXSID2044840,2065,0.0,0
DTXSID2044842,2065,0.0,0
DTXSID2044844,2065,0.0,0
DTXSID2044846,2065,0.0,0
DTXSID2044848,2065,0.0,0
DTXSID2044890,2065,0.0,0
DTXSID2044892,2065,0.0,0
DTXSID2044894,2065,0.0,0
DTXSID2044896,2065,0.0,0
DTXSID2044898,2065,0.0,0
DTXSID2044921,2065,0.0,0
DTXSID2044923,2065,0.0,0
DTXSID2044925,2065,0.0,0
DTXSID2044927,2065,0.0,0
DTXSID2044929,2065,0.0,0
DTXSID2044971,2065,1.13899485714342e-16,0
DTXSID2044973,2065,0.0,0
DTXSID2044975,2065,0.0,0
DTXSID2044979,2065,0.0,0
DTXSID2045072,2065,0.0,0
DTXSID2045076,2065,0.0,0
DTXSID2045105,2065,0.0,0
DTXSID2045107,2065,0.0,0
DTXSID2045151,2065,0.0,0
DTXSID2045153,2065,0.0,0
DTXSID2045157,2065,0.0,0
DTXSID2045232,2065,0.0,0
DTXSID2045238,2065,0.0,0
DTXSID2045280,2065,0.0,0
DTXSID2045315,2065,0.0,0
DTXSID2045361,2065,0.0,0
DTXSID2045365,2065,0.0,0
DTXSID2045440,2065,0.0,0
DTXSID2045444,2065,0.0,0
DTXSID2045448,2065,0.0,0
DTXSID2045490,2065,0.9999913394559429,1
DTXSID2045492,2065,0.0,0
DTXSID2045496,2065,0.0,0
DTXSID2045521,2065,0.0,0
DTXSID2045523,2065,0.0,0
DTXSID2045527,2065,0.0,0
DTXSID2045575,2065,0.0,0
DTXSID2045600,2065,0.0,0
DTXSID2045652,2065,0.0,0
DTXSID2045654,2065,0.0,0
DTXSID2045656,2065,0.0,0
DTXSID2045735,2065,0.0,0
DTXSID2045781,2065,0.0,0
DTXSID2045783,2065,0.0,0
DTXSID2045810,2065,0.0,0
DTXSID2045812,2065,0.0,0
DTXSID2045860,2065,0.0,0
DTXSID2045862,2065,0.0,0
DTXSID2045864,2065,0.0,0
DTXSID2045868,2065,0.0,0
DTXSID2045941,2065,0.0,0
DTXSID2045943,2065,0.9999999990451781,1
DTXSID2045945,2065,0.0,0
DTXSID2045993,2065,0.0,0
DTXSID2046042,2065,0.0,0
DTXSID2046090,2065,0.0,0
DTXSID2046092,2065,0.0,0
DTXSID2046094,2065,0.0,0
DTXSID2046096,2065,0.0,0
DTXSID2046123,2065,0.0,0
DTXSID2046127,2065,0.0,0
DTXSID2046179,2065,0.0,0
DTXSID2046200,2065,0.0,0
DTXSID2046383,2065,0.0,0
DTXSID2046385,2065,0.0,0
DTXSID2046389,2065,0.0,0
DTXSID2046410,2065,0.0,0
DTXSID2046412,2065,0.0,0
DTXSID2046414,2065,0.0,0
DTXSID2046418,2065,0.0,0
DTXSID2046460,2065,0.0,0
DTXSID2046464,2065,0.0,0
DTXSID2046468,2065,0.0,0
DTXSID2046541,2065,0.0,0
DTXSID2046543,2065,0.0,0
DTXSID2046545,2065,0.999999999999903,1
DTXSID2046591,2065,0.0,0
DTXSID2046599,2065,0.0,0
DTXSID2046628,2065,0.0,0
DTXSID2046670,2065,0.0,0
DTXSID2046678,2065,0.0,0
DTXSID2046705,2065,0.0,0
DTXSID2046755,2065,0.18847232895946753,0
DTXSID2046882,2065,0.0,0
DTXSID2046888,2065,0.0,0
DTXSID2046911,2065,0.0,0
DTXSID2046919,2065,0.0,0
DTXSID2047060,2065,0.0,0
DTXSID2047062,2065,0.0,0
DTXSID2047064,2065,0.0,0
DTXSID2047066,2065,0.0,0
DTXSID2047068,2065,0.0,0
DTXSID2047141,2065,0.0,0
DTXSID2047145,2065,0.0,0
DTXSID2047149,2065,0.0,0
DTXSID2047191,2065,0.0,0
DTXSID2047193,2065,0.0,0
DTXSID2047195,2065,0.0,0
DTXSID2047197,2065,0.0,0
DTXSID2047199,2065,0.0,0
DTXSID2047222,2065,0.0,0
DTXSID2047270,2065,0.0,0
DTXSID2047272,2065,0.0,0
DTXSID2047274,2065,0.0,0
DTXSID2047276,2065,0.0,0
DTXSID2047278,2065,0.0,0
DTXSID2047301,2065,0.0,0
DTXSID2047303,2065,0.0,0
DTXSID2047305,2065,0.0,0
DTXSID2047307,2065,0.0,0
DTXSID2047309,2065,0.0,0
DTXSID2047351,2065,2.301917300634293e-19,0
DTXSID2047353,2065,0.9999998229237417,1
DTXSID2047355,2065,0.0,0
DTXSID2047357,2065,9.55039208244587e-22,0
DTXSID2047359,2065,0.0,0
DTXSID2047434,2065,0.0,0
DTXSID2047436,2065,0.0,0
DTXSID2047484,2065,0.0,0
DTXSID2047486,2065,0.0,0
DTXSID2047511,2065,0.0,0
DTXSID2047517,2065,0.0,0
DTXSID2047519,2065,0.0,0
DTXSID2047565,2065,0.0,0
DTXSID2047567,2065,0.0,0
DTXSID2047569,2065,0.0,0
DTXSID2047642,2065,0.0,0
DTXSID2047644,2065,0.0,0
DTXSID2047646,2065,0.0,0
DTXSID2047648,2065,0.0,0
DTXSID2047694,2065,0.0,0
DTXSID2047696,2065,0.0,0
DTXSID2047721,2065,0.0,0
DTXSID2047723,2065,0.0,0
DTXSID2047725,2065,0.0,0
DTXSID2047727,2065,0.0,0
DTXSID2047773,2065,0.0,0
DTXSID2047775,2065,0.0,0
DTXSID2047777,2065,0.0,0
DTXSID2047779,2065,0.0,0
DTXSID2047804,2065,0.0,0
DTXSID2047806,2065,0.0,0
DTXSID2047856,2065,0.0,0
DTXSID2047858,2065,0.0,0
DTXSID2047931,2065,0.0,0
DTXSID2047933,2065,0.0,0
DTXSID2047935,2065,0.0,0
DTXSID2047937,2065,0.0,0
DTXSID2047939,2065,0.0,0
DTXSID2048161,2065,0.0,0
DTXSID2048167,2065,0.0,0
DTXSID2048379,2065,0.0,0
DTXSID2048581,2065,0.0,0
DTXSID2048616,2065,0.0,0
DTXSID2048618,2065,0.0,0
DTXSID2048660,2065,0.0,0
DTXSID2048662,2065,0.0,0
DTXSID2048666,2065,0.0,0
DTXSID2048745,2065,0.0,0
DTXSID2048791,2065,0.0,0
DTXSID2048793,2065,0.0,0
DTXSID2048795,2065,0.0,0
DTXSID2048797,2065,0.0,0
DTXSID2048799,2065,0.0,0
DTXSID2048820,2065,0.0,0
DTXSID2048822,2065,0.0,0
DTXSID2048826,2065,0.0,0
DTXSID2048828,2065,0.0,0
DTXSID2048870,2065,0.0,0
DTXSID2048872,2065,0.0,0
DTXSID2048901,2065,0.0,0
DTXSID2048905,2065,0.999999998047272,1
DTXSID2048907,2065,0.0,0
DTXSID2048957,2065,0.0,0
DTXSID2048959,2065,0.0,0
DTXSID2049002,2065,0.0,0
DTXSID2049006,2065,0.0,0
DTXSID2049050,2065,0.0,0
DTXSID2049052,2065,0.0,0
DTXSID2049135,2065,1.0489369813019028e-11,0
DTXSID2049210,2065,0.0,0
DTXSID2049212,2065,0.0,0
DTXSID2049214,2065,0.0,0
DTXSID2049216,2065,0.0,0
DTXSID2049218,2065,0.0,0
DTXSID2049260,2065,0.0,0
DTXSID2049262,2065,0.0,0
DTXSID2049264,2065,0.0,0
DTXSID2049266,2065,0.0,0
DTXSID2049268,2065,0.0,0
DTXSID2049341,2065,0.0,0
DTXSID2049343,2065,0.0,0
DTXSID2049345,2065,0.0,0
DTXSID2049347,2065,0.0,0
DTXSID2049349,2065,0.0,0
DTXSID2049391,2065,1.0,1
DTXSID2049393,2065,0.0,0
DTXSID2049395,2065,0.0,0
DTXSID2049397,2065,0.0,0
DTXSID2049399,2065,0.0,0
DTXSID2049420,2065,0.0,0
DTXSID2049422,2065,0.0,0
DTXSID2049424,2065,0.0,0
DTXSID2049426,2065,0.0,0
DTXSID2049428,2065,0.0,0
DTXSID2049470,2065,0.0,0
DTXSID2049472,2065,0.0,0
DTXSID2049474,2065,0.0,0
DTXSID2049476,2065,0.0,0
DTXSID2049478,2065,0.0,0
DTXSID2049501,2065,0.0,0
DTXSID2049503,2065,0.0,0
DTXSID2049505,2065,0.0,0
DTXSID2049507,2065,0.0,0
DTXSID2049509,2065,0.0,0
DTXSID2049551,2065,0.0,0
DTXSID2049553,2065,0.0,0
DTXSID2049555,2065,0.0,0
DTXSID2049557,2065,0.0,0
DTXSID2049559,2065,0.0,0
DTXSID2050403,2065,0.0,0
DTXSID2051477,2065,0.0,0
DTXSID2051631,2065,0.0,0
DTXSID2051687,2065,0.0,0
DTXSID2051716,2065,0.0,0
DTXSID2051764,2065,0.0,0
DTXSID2051895,2065,0.0,0
DTXSID2052281,2065,0.0,0
DTXSID2052283,2065,0.0,0
DTXSID2052289,2065,0.0,0
DTXSID2052310,2065,0.0,0
DTXSID2052447,2065,0.0,0
DTXSID2052574,2065,5.941969277897966e-16,0
DTXSID2052603,2065,0.0,0
DTXSID2052607,2065,0.0,0
DTXSID2057601,2065,0.0,0
DTXSID2057603,2065,0.0,0
DTXSID2057607,2065,0.0,0
DTXSID2057609,2065,0.0,0
DTXSID2057651,2065,0.0,0
DTXSID2057653,2065,0.0,0
DTXSID2057655,2065,0.0,0
DTXSID2057657,2065,0.0,0
DTXSID2057659,2065,0.0,0
DTXSID2057730,2065,0.0,0
DTXSID2057732,2065,0.0,0
DTXSID2057734,2065,0.0,0
DTXSID2057736,2065,0.0,0
DTXSID2057738,2065,0.0,0
DTXSID2057780,2065,0.0,0
DTXSID2057782,2065,0.0,0
DTXSID2057784,2065,0.0,0
DTXSID2057786,2065,0.0,0
DTXSID2057788,2065,0.0,0
DTXSID2057811,2065,0.0,0
DTXSID2057813,2065,0.0,0
DTXSID2057815,2065,0.0,0
DTXSID2057817,2065,0.0,0
DTXSID2057819,2065,0.0,0
DTXSID3020043,2065,0.0,0
DTXSID3020047,2065,0.0,0
DTXSID3020091,2065,0.0,0
DTXSID3020093,2065,0.0,0
DTXSID3020095,2065,0.0,0
DTXSID3020097,2065,0.0,0
DTXSID3020099,2065,1.1809550519646627e-17,0
DTXSID3020120,2065,0.9999999999999999,1
DTXSID3020122,2065,0.0,0
DTXSID3020128,2065,0.0,0
DTXSID3020205,2065,0.0,0
DTXSID3020207,2065,0.0,0
DTXSID3020209,2065,0.0,0
DTXSID3020257,2065,0.0,0
DTXSID3020330,2065,1.578596492942056e-10,0
DTXSID3020332,2065,0.0,0
DTXSID3020336,2065,0.0,0
DTXSID3020380,2065,0.0,0
DTXSID3020384,2065,0.0,0
DTXSID3020413,2065,0.0,0
DTXSID3020415,2065,0.0,0
DTXSID3020419,2065,0.999999999948897,1
DTXSID3020463,2065,0.0,0
DTXSID3020465,2065,0.9999981517295845,1
DTXSID3020540,2065,0.0,0
DTXSID3020546,2065,0.0,0
DTXSID3020548,2065,0.0,0
DTXSID3020596,2065,0.0,0
DTXSID3020598,2065,0.0,0
DTXSID3020621,2065,2.817108223039556e-17,0
DTXSID3020625,2065,0.0,0
DTXSID3020627,2065,0.0,0
DTXSID3020629,2065,0.0,0
DTXSID3020671,2065,0.0,0
DTXSID3020673,2065,0.0,0
DTXSID3020679,2065,0.9999999988023479,1
DTXSID3020704,2065,9.515433735688133e-23,0
DTXSID3020706,2065,1.4952288700655228e-09,0
DTXSID3020708,2065,0.0,0
DTXSID3020750,2065,0.0,0
DTXSID3020752,2065,0.0,0
DTXSID3020756,2065,0.0,0
DTXSID3020833,2065,0.0,0
DTXSID3020835,2065,0.0,0
DTXSID3020881,2065,0.0,0
DTXSID3020887,2065,0.0,0
DTXSID3020889,2065,0.0,0
DTXSID3020910,2065,0.0,0
DTXSID3020912,2065,0.0,0
DTXSID3020914,2065,0.0,0
DTXSID3020916,2065,0.0,0
DTXSID3020918,2065,0.0,0
DTXSID3020960,2065,0.0,0
DTXSID3020962,2065,0.0,0
DTXSID3020964,2065,0.0,0
DTXSID3020966,2065,0.0,0
DTXSID3021065,2065,0.0,0
DTXSID3021140,2065,0.0,0
DTXSID3021142,2065,0.0,0
DTXSID3021144,2065,0.0,0
DTXSID3021148,2065,0.0,0
DTXSID3021190,2065,0.0,0
DTXSID3021192,2065,0.0,0
DTXSID3021196,2065,0.0,0
DTXSID3021198,2065,0.0,0
DTXSID3021221,2065,0.0,0
DTXSID3021223,2065,0.0,0
DTXSID3021275,2065,0.0,0
DTXSID3021277,2065,0.0,0
DTXSID3021304,2065,0.0,0
DTXSID3021354,2065,0.0,0
DTXSID3021356,2065,0.0,0
DTXSID3021358,2065,0.0,0
DTXSID3021431,2065,0.0,0
DTXSID3021437,2065,0.0,0
DTXSID3021483,2065,0.0,0
DTXSID3021485,2065,0.0,0
DTXSID3021487,2065,0.0,0
DTXSID3021516,2065,0.0,0
DTXSID3021518,2065,0.0,0
DTXSID3021562,2065,0.0,0
DTXSID3021641,2065,0.0,0
DTXSID3021643,2065,0.0,0
DTXSID3021645,2065,0.0,0
DTXSID3021647,2065,0.0,0
DTXSID3021726,2065,0.0,0
DTXSID3021770,2065,0.9990143662549221,1
DTXSID3021772,2065,0.0,0
DTXSID3021774,2065,0.0,0
DTXSID3021778,2065,0.0,0
DTXSID3021801,2065,0.0,0
DTXSID3021803,2065,0.0,0
DTXSID3021805,2065,0.0,0
DTXSID3021807,2065,0.0,0
DTXSID3021851,2065,0.0,0
DTXSID3021853,2065,0.0,0
DTXSID3021930,2065,0.0,0
DTXSID3021932,2065,0.0,0
DTXSID3021936,2065,0.0,0
DTXSID3021938,2065,0.0,0
DTXSID3021980,2065,0.0,0
DTXSID3021982,2065,0.0,0
DTXSID3021984,2065,1.0553605703845331e-20,0
DTXSID3021986,2065,0.0,0
DTXSID3021988,2065,0.0,0
DTXSID3022035,2065,0.0,0
DTXSID3022085,2065,0.0,0
DTXSID3022089,2065,0.0,0
DTXSID3022160,2065,0.0,0
DTXSID3022162,2065,0.0,0
DTXSID3022164,2065,0.0,0
DTXSID3022247,2065,0.0,0
DTXSID3022320,2065,0.0,0
DTXSID3022326,2065,0.0,0
DTXSID3022370,2065,0.0,0
DTXSID3022403,2065,0.0,0
DTXSID3022405,2065,0.0,0
DTXSID3022409,2065,0.0,0
DTXSID3022455,2065,0.0,0
DTXSID3022536,2065,0.9999976084318243,1
DTXSID3022582,2065,0.0,0
DTXSID3022584,2065,0.0,0
DTXSID3022586,2065,0.0,0
DTXSID3022588,2065,0.0021735537666850665,0
DTXSID3022611,2065,0.0,0
DTXSID3022617,2065,0.0,0
DTXSID3022663,2065,1.591673543420488e-20,0
DTXSID3022667,2065,0.0,0
DTXSID3022748,2065,0.0,0
DTXSID3022798,2065,0.0,0
DTXSID3022821,2065,0.0,0
DTXSID3022825,2065,0.0,0
DTXSID3022829,2065,0.0,0
DTXSID3022871,2065,0.0,0
DTXSID3022877,2065,0.0,0
DTXSID3022904,2065,0.0,0
DTXSID3022906,2065,0.0,0
DTXSID3022950,2065,0.0,0
DTXSID3022956,2065,0.0,0
DTXSID3022958,2065,0.0,0
DTXSID3023007,2065,0.0,0
DTXSID3023051,2065,0.0,0
DTXSID3023057,2065,0.0,0
DTXSID3023059,2065,0.0,0
DTXSID3023132,2065,0.0,0
DTXSID3023180,2065,0.0,0
DTXSID3023188,2065,0.0,0
DTXSID3023261,2065,0.0,0
DTXSID3023265,2065,0.0,0
DTXSID3023269,2065,0.0,0
DTXSID3023340,2065,0.0,0
DTXSID3023342,2065,0.0,0
DTXSID3023425,2065,0.0,0
DTXSID3023427,2065,0.0,0
DTXSID3023471,2065,0.0,0
DTXSID3023479,2065,0.0,0
DTXSID3023502,2065,0.0,0
DTXSID3023508,2065,0.0,0
DTXSID3023550,2065,0.9999999990291478,1
DTXSID3023556,2065,0.0,0
DTXSID3023685,2065,6.699379530633336e-20,0
DTXSID3023687,2065,0.0,0
DTXSID3023712,2065,0.0,0
DTXSID3023716,2065,0.0,0
DTXSID3023718,2065,0.0,0
DTXSID3023764,2065,0.999816330890635,1
DTXSID3023845,2065,0.0,0
DTXSID3023897,2065,0.0,0
DTXSID3023899,2065,0.0,0
DTXSID3023974,2065,0.0,0
DTXSID3024077,2065,0.0,0
DTXSID3024100,2065,0.0,0
DTXSID3024102,2065,0.0,0
DTXSID3024104,2065,0.0,0
DTXSID3024108,2065,0.0,0
DTXSID3024152,2065,0.0,0
DTXSID3024154,2065,0.0,0
DTXSID3024235,2065,0.0,0
DTXSID3024239,2065,0.0,0
DTXSID3024287,2065,0.0,0
DTXSID3024289,2065,0.0,0
DTXSID3024316,2065,0.0,0
DTXSID3024318,2065,0.0,0
DTXSID3024362,2065,0.0,0
DTXSID3024366,2065,0.0,0
DTXSID3024368,2065,0.0,0
DTXSID3024441,2065,0.0,0
DTXSID3024447,2065,0.0,0
DTXSID3024449,2065,0.0,0
DTXSID3024491,2065,0.0,0
DTXSID3024497,2065,0.0,0
DTXSID3024499,2065,0.9999998416773462,1
DTXSID3024522,2065,0.0,0
DTXSID3024528,2065,0.0,0
DTXSID3024574,2065,0.0,0
DTXSID3024603,2065,0.0,0
DTXSID3024657,2065,0.0,0
DTXSID3024659,2065,0.0,0
DTXSID3024736,2065,0.0,0
DTXSID3024738,2065,0.0,0
DTXSID3024780,2065,0.0,0
DTXSID3024786,2065,0.0,0
DTXSID3024815,2065,0.0,0
DTXSID3024861,2065,0.0,0
DTXSID3024869,2065,0.0,0
DTXSID3024940,2065,0.0,0
DTXSID3024942,2065,0.0,0
DTXSID3024944,2065,0.999999974580313,1
DTXSID3024994,2065,0.0,0
DTXSID3024998,2065,0.0,0
DTXSID3025041,2065,0.0,0
DTXSID3025045,2065,0.9999999223553317,1
DTXSID3025047,2065,0.0,0
DTXSID3025049,2065,0.0,0
DTXSID3025091,2065,0.0,0
DTXSID3025093,2065,0.0,0
DTXSID3025122,2065,0.0,0
DTXSID3025170,2065,0.0,0
DTXSID3025178,2065,0.0,0
DTXSID3025203,2065,0.0,0
DTXSID3025209,2065,0.0,0
DTXSID3025253,2065,0.03895525371259289,0
DTXSID3025257,2065,0.9999999913940115,1
DTXSID3025330,2065,0.0,0
DTXSID3025332,2065,0.0,0
DTXSID3025338,2065,0.0,0
DTXSID3025461,2065,0.0,0
DTXSID3025465,2065,0.0,0
DTXSID3025469,2065,0.0,0
DTXSID3025540,2065,1.0,1
DTXSID3025542,2065,0.0,0
DTXSID3025590,2065,0.0,0
DTXSID3025629,2065,0.0,0
DTXSID3025671,2065,0.0,0
DTXSID3025706,2065,0.0,0
DTXSID3025758,2065,0.0,0
DTXSID3025839,2065,0.0,0
DTXSID3025881,2065,0.0,0
DTXSID3025889,2065,0.0,0
DTXSID3026065,2065,0.0,0
DTXSID3026067,2065,0.0,0
DTXSID3026148,2065,0.0,0
DTXSID3026190,2065,0.9999667447448288,1
DTXSID3026223,2065,0.0,0
DTXSID3026275,2065,0.0,0
DTXSID3026279,2065,0.0,0
DTXSID3026302,2065,0.0,0
DTXSID3026304,2065,0.0,0
DTXSID3026306,2065,0.0,0
DTXSID3026308,2065,0.0,0
DTXSID3026512,2065,0.0,0
DTXSID3026514,2065,0.0,0
DTXSID3026516,2065,0.0,0
DTXSID3026560,2065,0.0,0
DTXSID3026562,2065,0.0,0
DTXSID3026564,2065,0.0,0
DTXSID3026566,2065,0.0,0
DTXSID3026641,2065,0.0,0
DTXSID3026645,2065,0.0,0
DTXSID3026647,2065,0.0,0
DTXSID3026691,2065,0.0,0
DTXSID3026697,2065,0.0,0
DTXSID3026724,2065,0.0,0
DTXSID3026726,2065,0.0,0
DTXSID3026728,2065,0.0,0
DTXSID3026851,2065,0.0,0
DTXSID3026932,2065,0.0,0
DTXSID3026984,2065,0.0,0
DTXSID3027037,2065,0.0,0
DTXSID3027039,2065,0.0,0
DTXSID3027085,2065,0.0,0
DTXSID3027116,2065,0.0,0
DTXSID3027241,2065,0.0,0
DTXSID3027247,2065,0.0,0
DTXSID3027249,2065,0.0,0
DTXSID3027291,2065,0.0,0
DTXSID3027293,2065,0.0,0
DTXSID3027295,2065,0.0,0
DTXSID3027297,2065,0.0,0
DTXSID3027320,2065,0.0,0
DTXSID3027322,2065,0.0,0
DTXSID3027328,2065,0.0,0
DTXSID3027370,2065,0.0,0
DTXSID3027401,2065,0.0,0
DTXSID3027403,2065,1.0,1
DTXSID3027405,2065,0.0,0
DTXSID3027407,2065,0.0,0
DTXSID3027530,2065,0.0,0
DTXSID3027534,2065,0.0,0
DTXSID3027536,2065,0.0,0
DTXSID3027580,2065,0.0,0
DTXSID3027584,2065,0.0,0
DTXSID3027586,2065,0.0,0
DTXSID3027588,2065,0.0,0
DTXSID3027615,2065,0.0,0
DTXSID3027617,2065,0.0,0
DTXSID3027740,2065,0.0,0
DTXSID3027790,2065,0.0,0
DTXSID3027792,2065,0.0,0
DTXSID3027798,2065,0.0,0
DTXSID3027823,2065,0.0,0
DTXSID3027829,2065,0.0,0
DTXSID3027875,2065,0.0,0
DTXSID3027877,2065,0.0,0
DTXSID3027902,2065,0.0,0
DTXSID3027950,2065,0.9999990002285651,1
DTXSID3028001,2065,0.0,0
DTXSID3028005,2065,0.0,0
DTXSID3029108,2065,0.0,0
DTXSID3029150,2065,0.0,0
DTXSID3029152,2065,0.0,0
DTXSID3029154,2065,0.0,0
DTXSID3029158,2065,0.0,0
DTXSID3029231,2065,0.0,0
DTXSID3029233,2065,0.0,0
DTXSID3029235,2065,0.0,0
DTXSID3029237,2065,0.0,0
DTXSID3029281,2065,0.0,0
DTXSID3029283,2065,0.0,0
DTXSID3029287,2065,0.0,0
DTXSID3029289,2065,0.0,0
DTXSID3029310,2065,0.0,0
DTXSID3029312,2065,0.0,0
DTXSID3029362,2065,0.9999999116126431,1
DTXSID3029364,2065,0.0,0
DTXSID3029572,2065,0.0,0
DTXSID3029607,2065,0.0,0
DTXSID3029651,2065,0.0,0
DTXSID3029653,2065,0.0,0
DTXSID3029655,2065,0.0,0
DTXSID3029815,2065,0.0,0
DTXSID3029869,2065,0.0,0
DTXSID3030056,2065,0.0,0
DTXSID3030189,2065,0.0,0
DTXSID3030428,2065,0.0,0
DTXSID3030636,2065,6.237313832251812e-18,0
DTXSID3031444,2065,0.0,0
DTXSID3031492,2065,0.0,0
DTXSID3031521,2065,0.0,0
DTXSID3031860,2065,0.0,0
DTXSID3031862,2065,0.0,0
DTXSID3031864,2065,0.0,0
DTXSID3032129,2065,0.0,0
DTXSID3032331,2065,0.9999999998504038,1
DTXSID3032337,2065,0.0,0
DTXSID3032389,2065,0.0,0
DTXSID3032412,2065,0.0,0
DTXSID3032416,2065,0.0,0
DTXSID3032464,2065,0.0,0
DTXSID3032541,2065,0.9999999999998587,1
DTXSID3032547,2065,0.0,0
DTXSID3032549,2065,0.0,0
DTXSID3032591,2065,0.0,0
DTXSID3032620,2065,0.0,0
DTXSID3032622,2065,0.0,0
DTXSID3032624,2065,0.0,0
DTXSID3032626,2065,0.0,0
DTXSID3032628,2065,0.0,0
DTXSID3032670,2065,0.0,0
DTXSID3032751,2065,0.999999979509434,1
DTXSID3032759,2065,0.0,0
DTXSID3032832,2065,0.0,0
DTXSID3033276,2065,0.0,0
DTXSID3033307,2065,0.9999999980836727,1
DTXSID3033511,2065,0.0,0
DTXSID3033519,2065,0.0,0
DTXSID3033983,2065,0.0,0
DTXSID3033989,2065,0.0,0
DTXSID3034113,2065,0.0,0
DTXSID3034165,2065,0.0,0
DTXSID3034402,2065,0.0,0
DTXSID3034456,2065,0.0,0
DTXSID3034458,2065,0.0,0
DTXSID3034531,2065,0.0,0
DTXSID3034583,2065,0.0,0
DTXSID3034612,2065,0.0,0
DTXSID3034614,2065,0.0,0
DTXSID3034618,2065,0.0,0
DTXSID3034662,2065,0.0,0
DTXSID3034664,2065,0.0,0
DTXSID3034872,2065,0.0,0
DTXSID3034903,2065,0.0,0
DTXSID3034957,2065,0.0,0
DTXSID3035214,2065,0.0,0
DTXSID3035266,2065,0.0,0
DTXSID3035341,2065,0.0,0
DTXSID3036105,2065,0.0,0
DTXSID3036286,2065,0.0,0
DTXSID3036288,2065,0.0,0
DTXSID3036496,2065,0.0,0
DTXSID3036525,2065,0.0,0
DTXSID3037094,2065,0.9999999993897454,1
DTXSID3037208,2065,0.0,0
DTXSID3037250,2065,0.0,0
DTXSID3037541,2065,0.0,0
DTXSID3037545,2065,0.0,0
DTXSID3037626,2065,0.0,0
DTXSID3037707,2065,0.0,0
DTXSID3037709,2065,0.0,0
DTXSID3037757,2065,0.0,0
DTXSID3038694,2065,0.0,0
DTXSID3038696,2065,0.0,0
DTXSID3038725,2065,0.0,0
DTXSID3038771,2065,0.0,0
DTXSID3038800,2065,0.0,0
DTXSID3038808,2065,0.0,0
DTXSID3038852,2065,0.0,0
DTXSID3038939,2065,0.0,0
DTXSID3039240,2065,0.9945631328117419,1
DTXSID3039242,2065,0.0,0
DTXSID3040271,2065,0.0,0
DTXSID3040279,2065,0.0,0
DTXSID3040300,2065,0.0,0
DTXSID3040352,2065,0.9999999443495632,1
DTXSID3040643,2065,0.0,0
DTXSID3040647,2065,0.0,0
DTXSID3040691,2065,0.0,0
DTXSID3040693,2065,0.0,0
DTXSID3040697,2065,0.0,0
DTXSID3040699,2065,0.0,0
DTXSID3040720,2065,0.0,0
DTXSID3040722,2065,0.0,0
DTXSID3040724,2065,0.0,0
DTXSID3040726,2065,0.0,0
DTXSID3040728,2065,0.0,0
DTXSID3040770,2065,0.0,0
DTXSID3040774,2065,0.0,0
DTXSID3040776,2065,0.0,0
DTXSID3040801,2065,0.0,0
DTXSID3040980,2065,0.0,0
DTXSID3041085,2065,0.0,0
DTXSID3041247,2065,0.0,0
DTXSID3041293,2065,0.0,0
DTXSID3041299,2065,0.0,0
DTXSID3041328,2065,0.0,0
DTXSID3041370,2065,0.0,0
DTXSID3041372,2065,0.0,0
DTXSID3041376,2065,0.0,0
DTXSID3041403,2065,0.0,0
DTXSID3041405,2065,0.0,0
DTXSID3041409,2065,1.4990536774396422e-15,0
DTXSID3041451,2065,0.0,0
DTXSID3041530,2065,0.0,0
DTXSID3041580,2065,0.0,0
DTXSID3041611,2065,1.1372110759338917e-16,0
DTXSID3041613,2065,0.0,0
DTXSID3041615,2065,0.0,0
DTXSID3041617,2065,0.9999997873154768,1
DTXSID3041619,2065,0.0,0
DTXSID3041661,2065,0.0,0
DTXSID3041663,2065,0.0,0
DTXSID3041665,2065,0.9999999985958112,1
DTXSID3041744,2065,0.0,0
DTXSID3041790,2065,0.0,0
DTXSID3041794,2065,0.0,0
DTXSID3041827,2065,0.0,0
DTXSID3041873,2065,0.0,0
DTXSID3041877,2065,0.0,0
DTXSID3041954,2065,0.0,0
DTXSID3042007,2065,0.0,0
DTXSID3042051,2065,0.0,0
DTXSID3042053,2065,0.0,0
DTXSID3042059,2065,0.0,0
DTXSID3042130,2065,0.9999995668604217,1
DTXSID3042180,2065,0.0,0
DTXSID3042188,2065,0.0,0
DTXSID3042215,2065,0.0,0
DTXSID3042219,2065,0.0,0
DTXSID3042261,2065,0.0,0
DTXSID3042263,2065,0.0,0
DTXSID3042269,2065,0.0,0
DTXSID3042390,2065,1.8612392243975435e-06,0
DTXSID3042394,2065,0.0,0
DTXSID3042423,2065,0.0,0
DTXSID3042477,2065,1.8391721179841308e-08,0
DTXSID3042500,2065,0.9999999999999992,1
DTXSID3042633,2065,0.0,0
DTXSID3043782,2065,0.0,0
DTXSID3044124,2065,0.0,0
DTXSID3044128,2065,0.0,0
DTXSID3044201,2065,0.0,0
DTXSID3044203,2065,0.0,0
DTXSID3044205,2065,0.0,0
DTXSID3044251,2065,0.0,0
DTXSID3044332,2065,0.0,0
DTXSID3044334,2065,0.0,0
DTXSID3044338,2065,0.0,0
DTXSID3044380,2065,0.0,0
DTXSID3044382,2065,0.0,0
DTXSID3044384,2065,0.0,0
DTXSID3044388,2065,0.0,0
DTXSID3044411,2065,0.0,0
DTXSID3044413,2065,0.0,0
DTXSID3044415,2065,1.0,1
DTXSID3044461,2065,0.0,0
DTXSID3044463,2065,0.0,0
DTXSID3044465,2065,0.0,0
DTXSID3044469,2065,0.0,0
DTXSID3044542,2065,0.0,0
DTXSID3044544,2065,0.9999999823250624,1
DTXSID3044590,2065,0.0,0
DTXSID3044598,2065,0.0,0
DTXSID3044621,2065,0.0,0
DTXSID3044623,2065,2.9815691394309844e-14,0
DTXSID3044625,2065,0.0,0
DTXSID3044627,2065,0.0,0
DTXSID3044629,2065,0.0,0
DTXSID3044679,2065,0.0,0
DTXSID3044700,2065,0.0,0
DTXSID3044702,2065,0.0,0
DTXSID3044704,2065,0.0,0
DTXSID3044706,2065,0.0,0
DTXSID3044750,2065,0.0,0
DTXSID3044752,2065,0.0,0
DTXSID3044754,2065,0.0,0
DTXSID3044756,2065,0.0,0
DTXSID3044758,2065,0.0,0
DTXSID3044831,2065,0.0,0
DTXSID3044833,2065,0.0,0
DTXSID3044835,2065,0.0,0
DTXSID3044837,2065,0.0,0
DTXSID3044839,2065,0.0,0
DTXSID3044881,2065,0.0,0
DTXSID3044883,2065,0.0,0
DTXSID3044887,2065,0.0,0
DTXSID3044889,2065,0.0,0
DTXSID3044910,2065,0.9999976929041576,1
DTXSID3044914,2065,0.0,0
DTXSID3044916,2065,0.0,0
DTXSID3044918,2065,0.0,0
DTXSID3044960,2065,0.0,0
DTXSID3044962,2065,0.0,0
DTXSID3044966,2065,0.9999998963465587,1
DTXSID3045140,2065,0.0,0
DTXSID3045190,2065,0.0,0
DTXSID3045192,2065,0.0,0
DTXSID3045194,2065,0.0,0
DTXSID3045196,2065,0.0,0
DTXSID3045198,2065,0.0,0
DTXSID3045221,2065,0.0,0
DTXSID3045223,2065,0.0,0
DTXSID3045227,2065,0.0,0
DTXSID3045229,2065,0.0,0
DTXSID3045271,2065,0.0,0
DTXSID3045300,2065,0.0,0
DTXSID3045304,2065,0.0,0
DTXSID3045306,2065,0.0,0
DTXSID3045433,2065,0.0,0
DTXSID3045435,2065,0.0,0
DTXSID3045437,2065,0.0,0
DTXSID3045485,2065,0.0,0
DTXSID3045514,2065,0.0,0
DTXSID3045560,2065,0.0,0
DTXSID3045562,2065,0.0,0
DTXSID3045645,2065,0.0,0
DTXSID3045647,2065,0.0,0
DTXSID3045649,2065,0.0,0
DTXSID3045695,2065,0.0,0
DTXSID3045697,2065,0.0,0
DTXSID3045770,2065,0.0,0
DTXSID3045776,2065,0.0,0
DTXSID3045778,2065,0.0,0
DTXSID3045805,2065,0.0,0
DTXSID3045807,2065,0.0,0
DTXSID3045851,2065,0.0,0
DTXSID3045857,2065,0.0,0
DTXSID3045859,2065,0.0,0
DTXSID3045930,2065,0.0,0
DTXSID3045934,2065,0.0,0
DTXSID3046081,2065,0.0,0
DTXSID3046083,2065,3.1751590802637843e-19,0
DTXSID3046110,2065,0.0,0
DTXSID3046114,2065,0.0,0
DTXSID3046162,2065,0.0,0
DTXSID3046295,2065,0.0,0
DTXSID3046297,2065,0.0,0
DTXSID3046299,2065,0.0,0
DTXSID3046320,2065,0.0,0
DTXSID3046324,2065,0.0,0
DTXSID3046326,2065,0.0,0
DTXSID3046401,2065,0.0,0
DTXSID3046403,2065,0.0,0
DTXSID3046405,2065,0.0,0
DTXSID3046409,2065,0.0,0
DTXSID3046451,2065,0.0,0
DTXSID3046453,2065,0.0,0
DTXSID3046457,2065,0.0,0
DTXSID3046459,2065,0.0,0
DTXSID3046534,2065,0.0,0
DTXSID3046536,2065,0.0,0
DTXSID3046580,2065,0.0,0
DTXSID3046584,2065,0.0,0
DTXSID3046619,2065,0.9999940783214625,1
DTXSID3046663,2065,0.0,0
DTXSID3046665,2065,0.0,0
DTXSID3046740,2065,1.4603467996856206e-12,0
DTXSID3046742,2065,0.0,0
DTXSID3046744,2065,0.0,0
DTXSID3046748,2065,0.0,0
DTXSID3046792,2065,0.9999999995054943,1
DTXSID3046798,2065,0.0,0
DTXSID3046821,2065,0.0,0
DTXSID3046823,2065,0.0,0
DTXSID3046908,2065,0.0,0
DTXSID3047001,2065,0.0,0
DTXSID3047003,2065,0.0,0
DTXSID3047051,2065,0.0,0
DTXSID3047053,2065,0.0,0
DTXSID3047055,2065,0.0,0
DTXSID3047057,2065,0.0,0
DTXSID3047059,2065,0.0,0
DTXSID3047130,2065,0.0,0
DTXSID3047132,2065,0.0,0
DTXSID3047134,2065,0.0,0
DTXSID3047136,2065,0.0,0
DTXSID3047138,2065,0.0,0
DTXSID3047180,2065,0.0,0
DTXSID3047182,2065,0.0,0
DTXSID3047184,2065,0.0,0
DTXSID3047186,2065,0.0,0
DTXSID3047188,2065,0.0,0
DTXSID3047261,2065,0.0,0
DTXSID3047263,2065,0.0,0
DTXSID3047265,2065,0.0,0
DTXSID3047267,2065,0.0,0
DTXSID3047342,2065,4.5506087519785225e-15,0
DTXSID3047344,2065,0.0,0
DTXSID3047346,2065,0.0,0
DTXSID3047348,2065,0.0,0
DTXSID3047394,2065,0.0,0
DTXSID3047423,2065,0.0,0
DTXSID3047425,2065,0.0,0
DTXSID3047427,2065,0.0,0
DTXSID3047429,2065,0.0,0
DTXSID3047471,2065,0.0,0
DTXSID3047473,2065,0.0,0
DTXSID3047477,2065,0.0,0
DTXSID3047504,2065,0.0,0
DTXSID3047508,2065,0.0,0
DTXSID3047552,2065,0.0,0
DTXSID3047554,2065,0.0,0
DTXSID3047556,2065,0.0,0
DTXSID3047558,2065,0.0,0
DTXSID3047631,2065,0.0,0
DTXSID3047633,2065,0.0,0
DTXSID3047637,2065,0.0,0
DTXSID3047639,2065,0.0,0
DTXSID3047681,2065,0.0,0
DTXSID3047683,2065,0.0,0
DTXSID3047687,2065,0.0,0
DTXSID3047712,2065,0.0,0
DTXSID3047716,2065,0.0,0
DTXSID3047760,2065,0.0,0
DTXSID3047843,2065,0.0,0
DTXSID3047849,2065,0.0,0
DTXSID3047891,2065,0.0,0
DTXSID3047893,2065,0.999999999765145,1
DTXSID3047895,2065,0.999999996987164,1
DTXSID3047897,2065,0.0,0
DTXSID3047899,2065,0.0,0
DTXSID3047920,2065,0.0,0
DTXSID3047922,2065,0.0,0
DTXSID3047924,2065,0.0,0
DTXSID3047926,2065,1.0,1
DTXSID3047928,2065,0.0,0
DTXSID3047970,2065,0.0,0
DTXSID3047972,2065,0.0,0
DTXSID3047974,2065,0.12719209844398086,0
DTXSID3048520,2065,0.0,0
DTXSID3048522,2065,0.0,0
DTXSID3048574,2065,0.0,0
DTXSID3048576,2065,0.0,0
DTXSID3048603,2065,0.0,0
DTXSID3048605,2065,0.0,0
DTXSID3048607,2065,0.0,0
DTXSID3048653,2065,1.0,1
DTXSID3048655,2065,0.0,0
DTXSID3048657,2065,0.0,0
DTXSID3048659,2065,0.0,0
DTXSID3048732,2065,0.0,0
DTXSID3048780,2065,0.0,0
DTXSID3048782,2065,0.0,0
DTXSID3048786,2065,3.302711802324841e-20,0
DTXSID3048788,2065,0.0,0
DTXSID3048811,2065,0.0,0
DTXSID3048815,2065,0.0,0
DTXSID3048817,2065,0.0,0
DTXSID3048819,2065,0.0,0
DTXSID3048861,2065,0.0,0
DTXSID3048863,2065,0.0,0
DTXSID3048869,2065,0.0,0
DTXSID3048944,2065,0.0,0
DTXSID3048948,2065,0.0,0
DTXSID3048992,2065,0.0,0
DTXSID3048998,2065,0.0,0
DTXSID3049041,2065,0.0,0
DTXSID3049045,2065,0.0,0
DTXSID3049047,2065,0.0,0
DTXSID3049049,2065,0.0,0
DTXSID3049201,2065,0.0,0
DTXSID3049203,2065,0.0,0
DTXSID3049205,2065,0.9999999920612088,1
DTXSID3049207,2065,0.0,0
DTXSID3049209,2065,0.9999999998768374,1
DTXSID3049251,2065,0.0,0
DTXSID3049253,2065,0.9999999924682677,1
DTXSID3049255,2065,0.0,0
DTXSID3049257,2065,0.0,0
DTXSID3049259,2065,0.0,0
DTXSID3049330,2065,0.0,0
DTXSID3049332,2065,0.0,0
DTXSID3049334,2065,0.0,0
DTXSID3049336,2065,0.0,0
DTXSID3049338,2065,0.0,0
DTXSID3049380,2065,0.0,0
DTXSID3049382,2065,0.0,0
DTXSID3049384,2065,0.0,0
DTXSID3049386,2065,0.0,0
DTXSID3049388,2065,0.0,0
DTXSID3049411,2065,0.0,0
DTXSID3049413,2065,0.0,0
DTXSID3049415,2065,0.0,0
DTXSID3049417,2065,0.9999999999999997,1
DTXSID3049419,2065,0.0,0
DTXSID3049461,2065,0.0,0
DTXSID3049463,2065,0.0,0
DTXSID3049465,2065,0.0,0
DTXSID3049467,2065,0.0,0
DTXSID3049469,2065,0.0,0
DTXSID3049540,2065,0.0,0
DTXSID3049542,2065,0.0,0
DTXSID3049544,2065,0.0,0
DTXSID3049546,2065,0.0,0
DTXSID3049548,2065,0.0,0
DTXSID3051381,2065,0.0,0
DTXSID3051707,2065,1.923608558345665e-11,0
DTXSID3051834,2065,0.0,0
DTXSID3051836,2065,0.0,0
DTXSID3052010,2065,0.0,0
DTXSID3052060,2065,0.0,0
DTXSID3052228,2065,0.0,0
DTXSID3052278,2065,0.0,0
DTXSID3052301,2065,0.0,0
DTXSID3052307,2065,0.0,0
DTXSID3052309,2065,0.0,0
DTXSID3052511,2065,0.0,0
DTXSID3052567,2065,0.0,0
DTXSID3052648,2065,0.0,0
DTXSID3057640,2065,0.0,0
DTXSID3057642,2065,0.0,0
DTXSID3057644,2065,0.0,0
DTXSID3057646,2065,0.0,0
DTXSID3057648,2065,0.0,0
DTXSID3057690,2065,0.0,0
DTXSID3057692,2065,0.0,0
DTXSID3057694,2065,0.0,0
DTXSID3057696,2065,0.0,0
DTXSID3057698,2065,0.0,0
DTXSID3057721,2065,0.0,0
DTXSID3057723,2065,0.0,0
DTXSID3057725,2065,0.0,0
DTXSID3057727,2065,0.0,0
DTXSID3057729,2065,0.0,0
DTXSID3057771,2065,0.0,0
DTXSID3057773,2065,0.0,0
DTXSID3057775,2065,0.0,0
DTXSID3057777,2065,0.0,0
DTXSID3057779,2065,0.0,0
DTXSID3057800,2065,0.0,0
DTXSID3057802,2065,0.0,0
DTXSID3057804,2065,0.0,0
DTXSID3057806,2065,0.0,0
DTXSID3057808,2065,0.0,0
DTXSID3057850,2065,0.0,0
DTXSID3057852,2065,0.0,0
DTXSID3057854,2065,0.0,0
DTXSID3057856,2065,0.0,0
DTXSID3057858,2065,0.0,0
DTXSID4020032,2065,0.0,0
DTXSID4020086,2065,0.0,0
DTXSID4020088,2065,0.0,0
DTXSID4020113,2065,0.0,0
DTXSID4020117,2065,0.0,0
DTXSID4020119,2065,0.0,0
DTXSID4020161,2065,0.0,0
DTXSID4020167,2065,0.0,0
DTXSID4020240,2065,0.0,0
DTXSID4020242,2065,1.0,1
DTXSID4020244,2065,0.0,0
DTXSID4020246,2065,0.0,0
DTXSID4020248,2065,0.0,0
DTXSID4020290,2065,0.0,0
DTXSID4020292,2065,0.0,0
DTXSID4020294,2065,0.9999999999873076,1
DTXSID4020296,2065,0.0,0
DTXSID4020298,2065,0.0,0
DTXSID4020321,2065,0.0,0
DTXSID4020325,2065,0.0,0
DTXSID4020327,2065,0.0,0
DTXSID4020329,2065,0.0,0
DTXSID4020371,2065,0.0,0
DTXSID4020373,2065,0.9999999976237758,1
DTXSID4020375,2065,0.9999999933210623,1
DTXSID4020379,2065,0.0,0
DTXSID4020400,2065,0.0,0
DTXSID4020402,2065,0.0,0
DTXSID4020406,2065,0.0,0
DTXSID4020450,2065,0.9999999999999999,1
DTXSID4020452,2065,0.0,0
DTXSID4020458,2065,0.0,0
DTXSID4020533,2065,0.0,0
DTXSID4020535,2065,0.0,0
DTXSID4020537,2065,0.0,0
DTXSID4020539,2065,0.0,0
DTXSID4020581,2065,0.0,0
DTXSID4020583,2065,0.0,0
DTXSID4020587,2065,0.0,0
DTXSID4020589,2065,0.0,0
DTXSID4020612,2065,0.0,0
DTXSID4020614,2065,0.0,0
DTXSID4020616,2065,0.0,0
DTXSID4020618,2065,0.0,0
DTXSID4020664,2065,0.0,0
DTXSID4020666,2065,0.0,0
DTXSID4020668,2065,0.0,0
DTXSID4020743,2065,0.0,0
DTXSID4020745,2065,0.0,0
DTXSID4020749,2065,0.0,0
DTXSID4020791,2065,0.0,0
DTXSID4020820,2065,0.0,0
DTXSID4020822,2065,0.0,0
DTXSID4020826,2065,0.0,0
DTXSID4020828,2065,0.0,0
DTXSID4020870,2065,1.0,1
DTXSID4020876,2065,0.0,0
DTXSID4020878,2065,0.0,0
DTXSID4020901,2065,0.0,0
DTXSID4020957,2065,0.0,0
DTXSID4020959,2065,0.0,0
DTXSID4021002,2065,0.0,0
DTXSID4021006,2065,0.0,0
DTXSID4021056,2065,0.0,0
DTXSID4021131,2065,0.9605719941969395,1
DTXSID4021135,2065,0.0,0
DTXSID4021137,2065,0.0,0
DTXSID4021139,2065,0.0,0
DTXSID4021181,2065,0.0,0
DTXSID4021185,2065,0.0,0
DTXSID4021189,2065,0.0,0
DTXSID4021212,2065,0.0,0
DTXSID4021214,2065,0.0,0
DTXSID4021216,2065,0.0,0
DTXSID4021218,2065,0.0,0
DTXSID4021264,2065,0.0,0
DTXSID4021268,2065,0.0,0
DTXSID4021341,2065,1.0,1
DTXSID4021343,2065,0.0,0
DTXSID4021347,2065,0.0,0
DTXSID4021391,2065,0.0,0
DTXSID4021393,2065,0.0,0
DTXSID4021395,2065,0.0,0
DTXSID4021397,2065,0.0,0
DTXSID4021424,2065,0.0,0
DTXSID4021426,2065,0.0,0
DTXSID4021472,2065,0.0,0
DTXSID4021478,2065,0.9999999996879085,1
DTXSID4021503,2065,0.0,0
DTXSID4021553,2065,0.0,0
DTXSID4021557,2065,0.0,0
DTXSID4021559,2065,0.0,0
DTXSID4021632,2065,0.0,0
DTXSID4021634,2065,0.0,0
DTXSID4021636,2065,0.0,0
DTXSID4021638,2065,0.0,0
DTXSID4021680,2065,5.893452353924005e-14,0
DTXSID4021684,2065,0.0,0
DTXSID4021688,2065,0.0,0
DTXSID4021715,2065,0.9999999999999993,1
DTXSID4021717,2065,0.0,0
DTXSID4021761,2065,0.0,0
DTXSID4021767,2065,0.0,0
DTXSID4021769,2065,0.0,0
DTXSID4021842,2065,0.0,0
DTXSID4021848,2065,0.0,0
DTXSID4021890,2065,0.0,0
DTXSID4021892,2065,0.0,0
DTXSID4021894,2065,0.0,0
DTXSID4021921,2065,0.0,0
DTXSID4021923,2065,0.0,0
DTXSID4021925,2065,0.0,0
DTXSID4021929,2065,0.0,0
DTXSID4021971,2065,0.0,0
DTXSID4021973,2065,0.0,0
DTXSID4021975,2065,2.8281789939860018e-14,0
DTXSID4021977,2065,0.0,0
DTXSID4021979,2065,0.0,0
DTXSID4022020,2065,0.0,0
DTXSID4022070,2065,0.0,0
DTXSID4022107,2065,0.0,0
DTXSID4022109,2065,0.0,0
DTXSID4022153,2065,0.9999999999994779,1
DTXSID4022159,2065,0.0,0
DTXSID4022284,2065,0.0,0
DTXSID4022288,2065,0.0,0
DTXSID4022311,2065,0.0,0
DTXSID4022313,2065,0.0,0
DTXSID4022315,2065,1.4379338179751137e-20,0
DTXSID4022361,2065,0.0,0
DTXSID4022367,2065,0.0,0
DTXSID4022369,2065,0.0,0
DTXSID4022442,2065,0.0,0
DTXSID4022446,2065,0.0,0
DTXSID4022448,2065,0.0,0
DTXSID4022521,2065,0.0,0
DTXSID4022523,2065,0.9999999990703512,1
DTXSID4022525,2065,0.9999999996884656,1
DTXSID4022527,2065,0.0,0
DTXSID4022529,2065,0.0,0
DTXSID4022573,2065,0.0,0
DTXSID4022579,2065,0.0,0
DTXSID4022602,2065,0.0,0
DTXSID4022652,2065,0.0,0
DTXSID4022658,2065,0.0,0
DTXSID4022731,2065,0.0,0
DTXSID4022783,2065,0.0,0
DTXSID4022785,2065,0.0,0
DTXSID4022810,2065,0.0,0
DTXSID4022812,2065,0.0,0
DTXSID4022816,2065,0.0,0
DTXSID4022866,2065,0.0,0
DTXSID4022868,2065,0.0,0
DTXSID4022947,2065,0.0,0
DTXSID4022949,2065,0.0,0
DTXSID4022991,2065,0.0,0
DTXSID4022999,2065,0.9999999970948417,1
DTXSID4023042,2065,0.0,0
DTXSID4023094,2065,0.0,0
DTXSID4023096,2065,0.0,0
DTXSID4023125,2065,0.0,0
DTXSID4023175,2065,0.0,0
DTXSID4023177,2065,0.9999999971191993,1
DTXSID4023179,2065,0.0,0
DTXSID4023200,2065,0.0,0
DTXSID4023202,2065,0.0,0
DTXSID4023252,2065,0.0,0
DTXSID4023254,2065,0.0,0
DTXSID4023333,2065,9.042222512810981e-05,0
DTXSID4023385,2065,0.0,0
DTXSID4023387,2065,0.0,0
DTXSID4023412,2065,0.0,0
DTXSID4023414,2065,0.0,0
DTXSID4023416,2065,0.0,0
DTXSID4023460,2065,0.0,0
DTXSID4023462,2065,0.0,0
DTXSID4023541,2065,0.0,0
DTXSID4023549,2065,0.0,0
DTXSID4023591,2065,0.0,0
DTXSID4023595,2065,0.0,0
DTXSID4023620,2065,0.0,0
DTXSID4023622,2065,0.0,0
DTXSID4023624,2065,0.0,0
DTXSID4023626,2065,0.0,0
DTXSID4023628,2065,0.0,0
DTXSID4023672,2065,0.0,0
DTXSID4023674,2065,0.0,0
DTXSID4023676,2065,0.0,0
DTXSID4023678,2065,0.0,0
DTXSID4023753,2065,0.0,0
DTXSID4023917,2065,0.0,0
DTXSID4024012,2065,0.0,0
DTXSID4024014,2065,0.0,0
DTXSID4024018,2065,0.0,0
DTXSID4024062,2065,0.0,0
DTXSID4024064,2065,0.0,0
DTXSID4024066,2065,0.0,0
DTXSID4024143,2065,0.0,0
DTXSID4024145,2065,0.0,0
DTXSID4024193,2065,0.0,0
DTXSID4024195,2065,0.0,0
DTXSID4024222,2065,0.0,0
DTXSID4024270,2065,0.0,0
DTXSID4024272,2065,0.0,0
DTXSID4024274,2065,2.3746231541278164e-07,0
DTXSID4024276,2065,2.52302849498417e-18,0
DTXSID4024303,2065,0.0,0
DTXSID4024359,2065,0.0,0
DTXSID4024436,2065,0.0,0
DTXSID4024484,2065,0.0,0
DTXSID4024488,2065,3.0352640978562184e-10,0
DTXSID4024515,2065,0.0,0
DTXSID4024640,2065,0.0,0
DTXSID4024642,2065,0.0,0
DTXSID4024644,2065,0.0,0
DTXSID4024646,2065,0.0,0
DTXSID4024690,2065,0.0,0
DTXSID4024692,2065,0.0,0
DTXSID4024696,2065,0.0,0
DTXSID4024721,2065,0.0,0
DTXSID4024729,2065,0.0,0
DTXSID4024771,2065,0.0,0
DTXSID4024773,2065,0.0,0
DTXSID4024775,2065,0.0,0
DTXSID4024800,2065,0.0,0
DTXSID4024858,2065,0.0,0
DTXSID4024931,2065,0.0,0
DTXSID4024937,2065,0.0,0
DTXSID4024981,2065,0.0,0
DTXSID4024983,2065,0.0,0
DTXSID4024985,2065,0.0,0
DTXSID4025080,2065,0.0,0
DTXSID4025082,2065,0.0,0
DTXSID4025086,2065,0.0,0
DTXSID4025111,2065,0.0,0
DTXSID4025113,2065,0.0,0
DTXSID4025117,2065,0.0,0
DTXSID4025165,2065,0.0,0
DTXSID4025167,2065,0.0,0
DTXSID4025240,2065,0.0,0
DTXSID4025242,2065,0.0,0
DTXSID4025292,2065,0.0,0
DTXSID4025296,2065,0.0,0
DTXSID4025298,2065,0.0,0
DTXSID4025329,2065,0.0,0
DTXSID4025371,2065,0.0,0
DTXSID4025402,2065,0.0,0
DTXSID4025404,2065,0.0,0
DTXSID4025406,2065,0.0,0
DTXSID4025454,2065,0.0,0
DTXSID4025581,2065,0.0,0
DTXSID4025587,2065,0.0,0
DTXSID4025610,2065,0.0,0
DTXSID4025612,2065,0.0,0
DTXSID4025662,2065,0.0,0
DTXSID4025668,2065,0.0,0
DTXSID4025741,2065,0.0,0
DTXSID4025743,2065,0.0,0
DTXSID4025745,2065,0.0,0
DTXSID4025749,2065,0.0,0
DTXSID4025791,2065,0.0,0
DTXSID4025793,2065,0.0,0
DTXSID4025824,2065,0.0,0
DTXSID4025903,2065,0.0,0
DTXSID4026000,2065,0.0,0
DTXSID4026050,2065,0.0,0
DTXSID4026054,2065,0.0,0
DTXSID4026137,2065,0.999999997936886,1
DTXSID4026139,2065,0.0,0
DTXSID4026181,2065,3.0565174631226314e-18,0
DTXSID4026183,2065,0.0,0
DTXSID4026212,2065,3.784951147457419e-07,0
DTXSID4026214,2065,6.869594835572406e-19,0
DTXSID4026216,2065,0.0,0
DTXSID4026262,2065,0.0,0
DTXSID4026266,2065,0.0,0
DTXSID4026422,2065,0.0,0
DTXSID4026472,2065,0.0,0
DTXSID4026501,2065,0.0,0
DTXSID4026505,2065,0.0,0
DTXSID4026557,2065,0.0,0
DTXSID4026684,2065,0.0,0
DTXSID4026711,2065,0.0,0
DTXSID4026713,2065,0.0,0
DTXSID4026715,2065,0.0,0
DTXSID4026765,2065,0.0,0
DTXSID4026769,2065,0.0,0
DTXSID4026842,2065,0.0,0
DTXSID4026894,2065,0.0,0
DTXSID4026921,2065,0.0,0
DTXSID4026927,2065,0.0,0
DTXSID4026975,2065,0.0,0
DTXSID4026979,2065,0.0,0
DTXSID4027026,2065,0.0,0
DTXSID4027072,2065,0.0,0
DTXSID4027076,2065,0.0,0
DTXSID4027103,2065,0.0,0
DTXSID4027109,2065,0.0,0
DTXSID4027153,2065,0.0,0
DTXSID4027159,2065,0.0,0
DTXSID4027234,2065,0.0,0
DTXSID4027236,2065,0.0,0
DTXSID4027280,2065,0.0,0
DTXSID4027282,2065,0.0,0
DTXSID4027284,2065,0.0,0
DTXSID4027288,2065,0.0,0
DTXSID4027319,2065,0.0,0
DTXSID4027361,2065,0.0,0
DTXSID4027367,2065,0.0,0
DTXSID4027490,2065,0.0,0
DTXSID4027494,2065,0.0,0
DTXSID4027496,2065,0.0,0
DTXSID4027498,2065,0.0,0
DTXSID4027521,2065,0.0,0
DTXSID4027525,2065,0.0,0
DTXSID4027527,2065,0.999992290915041,1
DTXSID4027529,2065,0.0,0
DTXSID4027577,2065,0.0,0
DTXSID4027579,2065,0.0,0
DTXSID4027600,2065,0.0,0
DTXSID4027604,2065,0.0,0
DTXSID4027608,2065,0.0,0
DTXSID4027650,2065,0.0,0
DTXSID4027652,2065,0.0,0
DTXSID4027656,2065,0.0,0
DTXSID4027658,2065,0.0,0
DTXSID4027781,2065,0.00015349056267764463,0
DTXSID4027789,2065,0.0,0
DTXSID4027866,2065,0.0,0
DTXSID4027868,2065,0.0,0
DTXSID4027991,2065,0.0,0
DTXSID4027997,2065,0.0,0
DTXSID4028040,2065,0.0,0
DTXSID4028460,2065,0.9999999425704411,1
DTXSID4028880,2065,0.0,0
DTXSID4028967,2065,0.0,0
DTXSID4029062,2065,0.0,0
DTXSID4029143,2065,0.0,0
DTXSID4029145,2065,0.0,0
DTXSID4029149,2065,0.0,0
DTXSID4029195,2065,0.0,0
DTXSID4029220,2065,0.0,0
DTXSID4029224,2065,0.0,0
DTXSID4029353,2065,0.0,0
DTXSID4029359,2065,0.0,0
DTXSID4029565,2065,0.0,0
DTXSID4029690,2065,0.0,0
DTXSID4029692,2065,0.0,0
DTXSID4029698,2065,0.0,0
DTXSID4029806,2065,0.9999999964608184,1
DTXSID4030047,2065,0.0,0
DTXSID4030336,2065,0.0,0
DTXSID4030384,2065,0.0,0
DTXSID4031356,2065,0.0,0
DTXSID4031980,2065,0.0,0
DTXSID4032372,2065,0.0,0
DTXSID4032374,2065,0.9999970075804243,1
DTXSID4032376,2065,0.0,0
DTXSID4032378,2065,0.0,0
DTXSID4032405,2065,0.0,0
DTXSID4032459,2065,0.0,0
DTXSID4032532,2065,0.0,0
DTXSID4032536,2065,0.0,0
DTXSID4032580,2065,0.0,0
DTXSID4032611,2065,0.0,0
DTXSID4032613,2065,6.1014524045121e-21,0
DTXSID4032615,2065,0.0,0
DTXSID4032619,2065,0.0,0
DTXSID4032667,2065,0.0,0
DTXSID4032954,2065,0.0,0
DTXSID4033390,2065,0.0,0
DTXSID4034102,2065,0.0,0
DTXSID4034150,2065,0.0,0
DTXSID4034287,2065,0.0,0
DTXSID4034497,2065,0.0,0
DTXSID4034528,2065,0.0,0
DTXSID4034576,2065,0.0,0
DTXSID4034601,2065,0.0,0
DTXSID4034609,2065,0.0,0
DTXSID4034653,2065,0.0,0
DTXSID4034788,2065,0.0,0
DTXSID4034869,2065,0.0006129656708682937,0
DTXSID4034948,2065,0.0,0
DTXSID4035209,2065,0.0,0
DTXSID4035592,2065,0.0,0
DTXSID4035708,2065,0.9999999998151086,1
DTXSID4035839,2065,0.0,0
DTXSID4036229,2065,0.0,0
DTXSID4036435,2065,0.0,0
DTXSID4036489,2065,0.0,0
DTXSID4036514,2065,0.0,0
DTXSID4037580,2065,0.0,0
DTXSID4037582,2065,0.0,0
DTXSID4037584,2065,0.0,0
DTXSID4037617,2065,0.0,0
DTXSID4037748,2065,0.0,0
DTXSID4038346,2065,0.0,0
DTXSID4038762,2065,0.0,0
DTXSID4038847,2065,0.0,0
DTXSID4038899,2065,0.0,0
DTXSID4038922,2065,0.999999995418806,1
DTXSID4038924,2065,0.0,0
DTXSID4038926,2065,0.0,0
DTXSID4039231,2065,0.0,0
DTXSID4039233,2065,0.0,0
DTXSID4039235,2065,0.0,0
DTXSID4039657,2065,0.0,0
DTXSID4040002,2065,0.0,0
DTXSID4040264,2065,0.0,0
DTXSID4040268,2065,0.9999428647979832,1
DTXSID4040343,2065,0.0,0
DTXSID4040476,2065,0.0,0
DTXSID4040682,2065,0.0,0
DTXSID4040686,2065,0.0,0
DTXSID4040711,2065,0.0,0
DTXSID4040713,2065,0.9999999993422211,1
DTXSID4040715,2065,1.902502270988682e-11,0
DTXSID4040719,2065,0.0,0
DTXSID4040765,2065,0.0,0
DTXSID4040767,2065,0.009421723022085786,0
DTXSID4040979,2065,0.0,0
DTXSID4041070,2065,0.0,0
DTXSID4041230,2065,0.0,0
DTXSID4041232,2065,0.0,0
DTXSID4041234,2065,0.0,0
DTXSID4041238,2065,0.0,0
DTXSID4041280,2065,0.0,0
DTXSID4041317,2065,0.0,0
DTXSID4041361,2065,0.0,0
DTXSID4041363,2065,0.0,0
DTXSID4041367,2065,1.0,1
DTXSID4041440,2065,0.0,0
DTXSID4041442,2065,0.0,0
DTXSID4041444,2065,0.0,0
DTXSID4041446,2065,0.0,0
DTXSID4041490,2065,0.0,0
DTXSID4041492,2065,0.0,0
DTXSID4041494,2065,0.0,0
DTXSID4041521,2065,0.0,0
DTXSID4041527,2065,0.0,0
DTXSID4041529,2065,0.0,0
DTXSID4041573,2065,0.0,0
DTXSID4041575,2065,0.0,0
DTXSID4041600,2065,0.0,0
DTXSID4041604,2065,0.0,0
DTXSID4041654,2065,0.0,0
DTXSID4041656,2065,0.0,0
DTXSID4041783,2065,0.0,0
DTXSID4041812,2065,0.0,0
DTXSID4041818,2065,0.0,0
DTXSID4041995,2065,0.0,0
DTXSID4041997,2065,0.0,0
DTXSID4042090,2065,0.14781152927427108,0
DTXSID4042094,2065,0.0,0
DTXSID4042096,2065,0.0,0
DTXSID4042121,2065,0.0,0
DTXSID4042123,2065,1.0,1
DTXSID4042129,2065,1.0,1
DTXSID4042171,2065,0.0,0
DTXSID4042206,2065,0.0,0
DTXSID4042208,2065,0.0,0
DTXSID4042252,2065,0.0,0
DTXSID4042254,2065,0.0,0
DTXSID4042256,2065,5.705498966957761e-19,0
DTXSID4042335,2065,0.0,0
DTXSID4042337,2065,0.0,0
DTXSID4042416,2065,2.3749228128495263e-05,0
DTXSID4042418,2065,2.743679297605399e-22,0
DTXSID4042462,2065,0.999999739476581,1
DTXSID4042468,2065,0.0,0
DTXSID4042622,2065,0.0,0
DTXSID4043777,2065,0.0,0
DTXSID4043850,2065,0.0,0
DTXSID4043937,2065,0.0,0
DTXSID4044161,2065,0.0,0
DTXSID4044371,2065,0.0,0
DTXSID4044373,2065,0.0,0
DTXSID4044375,2065,0.0,0
DTXSID4044379,2065,1.0,1
DTXSID4044400,2065,0.0,0
DTXSID4044402,2065,0.0,0
DTXSID4044404,2065,0.0,0
DTXSID4044408,2065,0.0,0
DTXSID4044450,2065,0.0,0
DTXSID4044452,2065,0.0,0
DTXSID4044454,2065,0.0,0
DTXSID4044456,2065,0.0,0
DTXSID4044458,2065,0.0,0
DTXSID4044533,2065,1.707981804642081e-19,0
DTXSID4044535,2065,0.0,0
DTXSID4044537,2065,0.0,0
DTXSID4044581,2065,0.0,0
DTXSID4044585,2065,0.0,0
DTXSID4044587,2065,0.0,0
DTXSID4044589,2065,0.0,0
DTXSID4044616,2065,0.0,0
DTXSID4044618,2065,0.0,0
DTXSID4044660,2065,0.0,0
DTXSID4044662,2065,0.0,0
DTXSID4044664,2065,0.0,0
DTXSID4044668,2065,0.0,0
DTXSID4044743,2065,0.0,0
DTXSID4044745,2065,0.0,0
DTXSID4044747,2065,0.0,0
DTXSID4044791,2065,0.0,0
DTXSID4044793,2065,0.0,0
DTXSID4044799,2065,0.0,0
DTXSID4044820,2065,0.0,0
DTXSID4044822,2065,0.0,0
DTXSID4044824,2065,0.0,0
DTXSID4044826,2065,0.0,0
DTXSID4044828,2065,0.0,0
DTXSID4044870,2065,0.0,0
DTXSID4044872,2065,0.9999976935030684,1
DTXSID4044874,2065,0.0,0
DTXSID4044876,2065,0.0,0
DTXSID4044878,2065,0.0,0
DTXSID4044901,2065,0.0,0
DTXSID4044903,2065,0.0,0
DTXSID4044905,2065,0.0,0
DTXSID4044909,2065,0.0,0
DTXSID4044951,2065,0.0,0
DTXSID4044953,2065,0.0,0
DTXSID4044955,2065,0.0,0
DTXSID4045002,2065,0.0,0
DTXSID4045131,2065,0.0,0
DTXSID4045133,2065,0.0,0
DTXSID4045139,2065,0.0,0
DTXSID4045181,2065,0.0,0
DTXSID4045183,2065,0.0,0
DTXSID4045187,2065,0.0,0
DTXSID4045189,2065,0.0,0
DTXSID4045210,2065,0.0,0
DTXSID4045262,2065,0.0,0
DTXSID4045341,2065,0.0,0
DTXSID4045343,2065,4.0387810283237924e-10,0
DTXSID4045345,2065,0.0,0
DTXSID4045347,2065,0.0,0
DTXSID4045391,2065,0.0,0
DTXSID4045393,2065,0.0,0
DTXSID4045420,2065,0.0,0
DTXSID4045422,2065,0.0,0
DTXSID4045424,2065,0.0,0
DTXSID4045472,2065,0.0,0
DTXSID4045474,2065,0.0,0
DTXSID4045478,2065,0.0,0
DTXSID4045551,2065,0.0,0
DTXSID4045555,2065,0.0,0
DTXSID4045632,2065,0.0,0
DTXSID4045636,2065,0.0,0
DTXSID4045638,2065,0.9999999942889319,1
DTXSID4045680,2065,0.0,0
DTXSID4045682,2065,0.0,0
DTXSID4045686,2065,0.0,0
DTXSID4045688,2065,0.0,0
DTXSID4045763,2065,0.0,0
DTXSID4045765,2065,0.0,0
DTXSID4045767,2065,0.0,0
DTXSID4045769,2065,0.0,0
DTXSID4045848,2065,0.0,0
DTXSID4045892,2065,0.0,0
DTXSID4045896,2065,0.0,0
DTXSID4045898,2065,0.0,0
DTXSID4045921,2065,0.0,0
DTXSID4045927,2065,0.0,0
DTXSID4045973,2065,0.0,0
DTXSID4045975,2065,0.0,0
DTXSID4046020,2065,0.0,0
DTXSID4046024,2065,0.0,0
DTXSID4046076,2065,0.0,0
DTXSID4046101,2065,0.0,0
DTXSID4046107,2065,0.0,0
DTXSID4046109,2065,0.0,0
DTXSID4046151,2065,0.0,0
DTXSID4046153,2065,0.0,0
DTXSID4046157,2065,0.0,0
DTXSID4046159,2065,0.0,0
DTXSID4046282,2065,0.0,0
DTXSID4046284,2065,0.0,0
DTXSID4046286,2065,0.0,0
DTXSID4046288,2065,0.0,0
DTXSID4046313,2065,0.0,0
DTXSID4046315,2065,0.0,0
DTXSID4046440,2065,0.0,0
DTXSID4046442,2065,0.0,0
DTXSID4046448,2065,0.0,0
DTXSID4046490,2065,0.0,0
DTXSID4046492,2065,0.0,0
DTXSID4046523,2065,0.0,0
DTXSID4046525,2065,0.0,0
DTXSID4046529,2065,0.0,0
DTXSID4046579,2065,0.0,0
DTXSID4046600,2065,0.0,0
DTXSID4046602,2065,0.0,0
DTXSID4046604,2065,0.0,0
DTXSID4046606,2065,0.0,0
DTXSID4046652,2065,0.0,0
DTXSID4046739,2065,0.0,0
DTXSID4046810,2065,0.0,0
DTXSID4046864,2065,0.0,0
DTXSID4046949,2065,0.0,0
DTXSID4046999,2065,0.0,0
DTXSID4047040,2065,0.0,0
DTXSID4047042,2065,0.0,0
DTXSID4047044,2065,0.0,0
DTXSID4047046,2065,0.0,0
DTXSID4047090,2065,0.0,0
DTXSID4047092,2065,0.0,0
DTXSID4047094,2065,0.0,0
DTXSID4047096,2065,0.0,0
DTXSID4047098,2065,0.0,0
DTXSID4047121,2065,0.0,0
DTXSID4047123,2065,0.0,0
DTXSID4047125,2065,0.0,0
DTXSID4047127,2065,0.0,0
DTXSID4047129,2065,0.0,0
DTXSID4047173,2065,0.0,0
DTXSID4047177,2065,0.0,0
DTXSID4047179,2065,0.0,0
DTXSID4047200,2065,0.0,0
DTXSID4047202,2065,0.0,0
DTXSID4047206,2065,0.0,0
DTXSID4047252,2065,0.0,0
DTXSID4047254,2065,0.0,0
DTXSID4047258,2065,0.0,0
DTXSID4047331,2065,0.0,0
DTXSID4047333,2065,0.0,0
DTXSID4047335,2065,0.0,0
DTXSID4047337,2065,0.0,0
DTXSID4047339,2065,0.0,0
DTXSID4047381,2065,0.999999994168187,1
DTXSID4047383,2065,0.0,0
DTXSID4047385,2065,0.0,0
DTXSID4047387,2065,0.0,0
DTXSID4047389,2065,0.0,0
DTXSID4047410,2065,0.0,0
DTXSID4047412,2065,0.0,0
DTXSID4047414,2065,0.0,0
DTXSID4047416,2065,0.0,0
DTXSID4047418,2065,0.0,0
DTXSID4047462,2065,0.0,0
DTXSID4047464,2065,0.0,0
DTXSID4047466,2065,0.0,0
DTXSID4047468,2065,0.0,0
DTXSID4047543,2065,0.0,0
DTXSID4047545,2065,0.0,0
DTXSID4047547,2065,0.0,0
DTXSID4047549,2065,0.0,0
DTXSID4047591,2065,0.0,0
DTXSID4047593,2065,0.0,0
DTXSID4047597,2065,0.0,0
DTXSID4047599,2065,0.0,0
DTXSID4047620,2065,0.0,0
DTXSID4047622,2065,0.0,0
DTXSID4047624,2065,0.0,0
DTXSID4047628,2065,0.0,0
DTXSID4047670,2065,0.0,0
DTXSID4047672,2065,0.0,0
DTXSID4047674,2065,0.0,0
DTXSID4047678,2065,0.0,0
DTXSID4047703,2065,0.0,0
DTXSID4047705,2065,0.0,0
DTXSID4047707,2065,0.0,0
DTXSID4047709,2065,0.0,0
DTXSID4047838,2065,0.0,0
DTXSID4047880,2065,0.0,0
DTXSID4047882,2065,0.0,0
DTXSID4047884,2065,0.0,0
DTXSID4047886,2065,0.0,0
DTXSID4047888,2065,0.0,0
DTXSID4047911,2065,0.0,0
DTXSID4047913,2065,0.0,0
DTXSID4047915,2065,0.0,0
DTXSID4047917,2065,0.9998965389890068,1
DTXSID4047919,2065,0.9999994541758147,1
DTXSID4047961,2065,4.0171645139570526e-22,0
DTXSID4047963,2065,0.9999999881333396,1
DTXSID4047965,2065,0.0,0
DTXSID4047967,2065,0.0,0
DTXSID4047969,2065,0.0,0
DTXSID4048191,2065,0.0,0
DTXSID4048193,2065,0.0,0
DTXSID4048195,2065,0.0,0
DTXSID4048199,2065,0.0,0
DTXSID4048511,2065,0.0,0
DTXSID4048513,2065,0.999998733547354,1
DTXSID4048519,2065,0.0,0
DTXSID4048644,2065,0.0,0
DTXSID4048690,2065,0.0,0
DTXSID4048692,2065,0.0,0
DTXSID4048694,2065,0.0,0
DTXSID4048696,2065,0.0,0
DTXSID4048698,2065,1.065891886104465e-18,0
DTXSID4048721,2065,0.0,0
DTXSID4048725,2065,0.0,0
DTXSID4048727,2065,0.0,0
DTXSID4048773,2065,0.0,0
DTXSID4048777,2065,0.0,0
DTXSID4048800,2065,0.0,0
DTXSID4048802,2065,0.0,0
DTXSID4048804,2065,0.0,0
DTXSID4048806,2065,0.0,0
DTXSID4048808,2065,0.0,0
DTXSID4048850,2065,0.0,0
DTXSID4048852,2065,0.0,0
DTXSID4048854,2065,0.0,0
DTXSID4048856,2065,0.0,0
DTXSID4048858,2065,0.0,0
DTXSID4048933,2065,0.0,0
DTXSID4048935,2065,0.0,0
DTXSID4048937,2065,0.0,0
DTXSID4048983,2065,0.0,0
DTXSID4049032,2065,0.0,0
DTXSID4049034,2065,0.0,0
DTXSID4049036,2065,0.0,0
DTXSID4049038,2065,0.0,0
DTXSID4049080,2065,0.0,0
DTXSID4049082,2065,0.0,0
DTXSID4049240,2065,0.0,0
DTXSID4049242,2065,0.0,0
DTXSID4049244,2065,0.0,0
DTXSID4049246,2065,0.0,0
DTXSID4049248,2065,0.0,0
DTXSID4049290,2065,0.0,0
DTXSID4049292,2065,0.0,0
DTXSID4049294,2065,0.0,0
DTXSID4049296,2065,0.0,0
DTXSID4049298,2065,0.9999999999999999,1
DTXSID4049321,2065,0.0,0
DTXSID4049323,2065,0.0,0
DTXSID4049325,2065,0.0,0
DTXSID4049327,2065,0.0,0
DTXSID4049329,2065,0.0,0
DTXSID4049371,2065,0.0,0
DTXSID4049373,2065,0.0,0
DTXSID4049375,2065,0.0,0
DTXSID4049377,2065,0.0,0
DTXSID4049379,2065,0.0,0
DTXSID4049400,2065,0.0,0
DTXSID4049402,2065,0.0,0
DTXSID4049404,2065,0.0,0
DTXSID4049406,2065,0.0,0
DTXSID4049408,2065,0.0,0
DTXSID4049450,2065,0.0,0
DTXSID4049452,2065,0.0,0
DTXSID4049454,2065,0.0,0
DTXSID4049456,2065,0.0,0
DTXSID4049458,2065,0.0,0
DTXSID4049531,2065,0.0,0
DTXSID4049533,2065,0.0,0
DTXSID4049535,2065,0.0,0
DTXSID4049537,2065,0.0,0
DTXSID4049539,2065,0.0,0
DTXSID4051536,2065,0.0,0
DTXSID4051580,2065,0.0,0
DTXSID4051586,2065,0.0,0
DTXSID4051619,2065,0.0,0
DTXSID4051900,2065,0.0,0
DTXSID4052132,2065,0.0,0
DTXSID4052186,2065,0.0,0
DTXSID4052213,2065,0.0,0
DTXSID4052267,2065,0.0,0
DTXSID4052269,2065,0.0,0
DTXSID4052342,2065,0.0,0
DTXSID4052502,2065,7.981505588278264e-11,0
DTXSID4052506,2065,0.0,0
DTXSID4052550,2065,0.0,0
DTXSID4052554,2065,0.0,0
DTXSID4057631,2065,0.0,0
DTXSID4057633,2065,0.0,0
DTXSID4057635,2065,0.0,0
DTXSID4057637,2065,0.0,0
DTXSID4057639,2065,0.0,0
DTXSID4057681,2065,0.0,0
DTXSID4057683,2065,0.0,0
DTXSID4057685,2065,0.0,0
DTXSID4057687,2065,0.0,0
DTXSID4057689,2065,0.0,0
DTXSID4057710,2065,0.0,0
DTXSID4057712,2065,0.0,0
DTXSID4057714,2065,0.0,0
DTXSID4057716,2065,0.0,0
DTXSID4057718,2065,0.0,0
DTXSID4057760,2065,0.0,0
DTXSID4057762,2065,0.0,0
DTXSID4057764,2065,0.0,0
DTXSID4057766,2065,0.0,0
DTXSID4057768,2065,0.0,0
DTXSID4057841,2065,0.0,0
DTXSID4057843,2065,0.0,0
DTXSID4057845,2065,0.0,0
DTXSID4057847,2065,0.0,0
DTXSID4057849,2065,0.0,0
DTXSID4058655,2065,2.6545587756268083e-12,0
DTXSID5020021,2065,0.0,0
DTXSID5020023,2065,0.0,0
DTXSID5020027,2065,0.0,0
DTXSID5020029,2065,0.0,0
DTXSID5020071,2065,0.0,0
DTXSID5020079,2065,0.0,0
DTXSID5020106,2065,0.0,0
DTXSID5020108,2065,0.0,0
DTXSID5020152,2065,0.0,0
DTXSID5020154,2065,0.9999999841073074,1
DTXSID5020156,2065,0.0,0
DTXSID5020231,2065,0.0,0
DTXSID5020233,2065,0.0,0
DTXSID5020235,2065,0.0,0
DTXSID5020239,2065,0.9999999662631913,1
DTXSID5020281,2065,0.0,0
DTXSID5020283,2065,0.0,0
DTXSID5020287,2065,0.0,0
DTXSID5020310,2065,0.0,0
DTXSID5020312,2065,0.9999999925371836,1
DTXSID5020314,2065,0.0,0
DTXSID5020360,2065,0.0,0
DTXSID5020366,2065,0.0,0
DTXSID5020368,2065,0.0,0
DTXSID5020441,2065,0.0,0
DTXSID5020443,2065,0.0,0
DTXSID5020445,2065,0.0,0
DTXSID5020447,2065,0.0,0
DTXSID5020449,2065,0.0,0
DTXSID5020491,2065,0.0,0
DTXSID5020493,2065,0.0,0
DTXSID5020497,2065,0.0,0
DTXSID5020499,2065,0.0,0
DTXSID5020520,2065,0.0,0
DTXSID5020528,2065,0.0,0
DTXSID5020570,2065,0.0,0
DTXSID5020576,2065,0.0,0
DTXSID5020601,2065,0.0,0
DTXSID5020603,2065,0.0,0
DTXSID5020605,2065,0.0,0
DTXSID5020607,2065,0.0,0
DTXSID5020653,2065,0.9999999999996529,1
DTXSID5020730,2065,2.9610407765535863e-19,0
DTXSID5020732,2065,0.0,0
DTXSID5020738,2065,0.0,0
DTXSID5020782,2065,0.0,0
DTXSID5020784,2065,0.0,0
DTXSID5020811,2065,0.9999999962243725,1
DTXSID5020813,2065,1.0,1
DTXSID5020815,2065,0.0,0
DTXSID5020819,2065,0.0,0
DTXSID5020861,2065,0.0,0
DTXSID5020863,2065,0.0,0
DTXSID5020865,2065,0.0,0
DTXSID5020867,2065,0.0,0
DTXSID5020869,2065,0.0,0
DTXSID5020944,2065,0.0,0
DTXSID5020946,2065,0.9999998211951601,1
DTXSID5020948,2065,0.0,0
DTXSID5021093,2065,0.0,0
DTXSID5021097,2065,0.0,0
DTXSID5021120,2065,3.1483559376418966e-07,0
DTXSID5021122,2065,0.0,0
DTXSID5021124,2065,0.0,0
DTXSID5021126,2065,0.0,0
DTXSID5021128,2065,0.0,0
DTXSID5021170,2065,0.0,0
DTXSID5021174,2065,0.0,0
DTXSID5021201,2065,0.0,0
DTXSID5021209,2065,0.0,0
DTXSID5021251,2065,0.0,0
DTXSID5021253,2065,0.0,0
DTXSID5021255,2065,0.0,0
DTXSID5021330,2065,0.0,0
DTXSID5021332,2065,0.9999804739731131,1
DTXSID5021334,2065,0.0,0
DTXSID5021336,2065,0.0,0
DTXSID5021338,2065,0.0,0
DTXSID5021380,2065,0.0,0
DTXSID5021384,2065,0.0,0
DTXSID5021386,2065,0.0,0
DTXSID5021388,2065,0.0,0
DTXSID5021411,2065,0.0,0
DTXSID5021413,2065,2.6535756595331453e-17,0
DTXSID5021415,2065,0.0,0
DTXSID5021419,2065,0.0,0
DTXSID5021461,2065,0.0,0
DTXSID5021463,2065,0.9999999993103218,1
DTXSID5021544,2065,0.0,0
DTXSID5021546,2065,0.0,0
DTXSID5021590,2065,0.0,0
DTXSID5021598,2065,0.0,0
DTXSID5021621,2065,0.0,0
DTXSID5021627,2065,0.0,0
DTXSID5021629,2065,0.0,0
DTXSID5021671,2065,0.0,0
DTXSID5021679,2065,0.0,0
DTXSID5021708,2065,0.0,0
DTXSID5021752,2065,0.0,0
DTXSID5021754,2065,0.0,0
DTXSID5021758,2065,0.0,0
DTXSID5021831,2065,0.0,0
DTXSID5021835,2065,0.0,0
DTXSID5021837,2065,0.0,0
DTXSID5021839,2065,0.0,0
DTXSID5021881,2065,0.0,0
DTXSID5021883,2065,0.0,0
DTXSID5021885,2065,0.0,0
DTXSID5021889,2065,0.0,0
DTXSID5021910,2065,0.0,0
DTXSID5021914,2065,0.0,0
DTXSID5021916,2065,0.0,0
DTXSID5021962,2065,0.0,0
DTXSID5021968,2065,0.0,0
DTXSID5022061,2065,0.0,0
DTXSID5022194,2065,0.0,0
DTXSID5022198,2065,0.0,0
DTXSID5022227,2065,0.0,0
DTXSID5022271,2065,0.0,0
DTXSID5022279,2065,0.0,0
DTXSID5022306,2065,0.0,0
DTXSID5022308,2065,0.0,0
DTXSID5022437,2065,0.9978143437334365,1
DTXSID5022439,2065,0.0,0
DTXSID5022485,2065,0.0,0
DTXSID5022489,2065,0.0,0
DTXSID5022510,2065,0.0,0
DTXSID5022560,2065,0.0,0
DTXSID5022641,2065,0.0,0
DTXSID5022643,2065,0.0,0
DTXSID5022647,2065,0.0,0
DTXSID5022649,2065,0.0,0
DTXSID5022699,2065,0.0,0
DTXSID5022724,2065,0.0,0
DTXSID5022774,2065,0.0,0
DTXSID5022801,2065,0.0,0
DTXSID5022851,2065,0.0,0
DTXSID5022855,2065,0.0,0
DTXSID5022857,2065,0.0,0
DTXSID5022932,2065,0.0,0
DTXSID5022934,2065,0.0,0
DTXSID5022980,2065,0.0,0
DTXSID5022982,2065,0.0,0
DTXSID5022984,2065,0.0,0
DTXSID5022986,2065,0.0,0
DTXSID5023031,2065,0.0,0
DTXSID5023033,2065,0.0,0
DTXSID5023035,2065,0.0,0
DTXSID5023037,2065,0.0,0
DTXSID5023039,2065,0.0,0
DTXSID5023081,2065,0.0,0
DTXSID5023089,2065,0.0,0
DTXSID5023110,2065,0.9999999999875,1
DTXSID5023114,2065,0.0,0
DTXSID5023243,2065,0.0,0
DTXSID5023247,2065,0.9999999999999999,1
DTXSID5023293,2065,0.0,0
DTXSID5023295,2065,0.0,0
DTXSID5023322,2065,0.0,0
DTXSID5023324,2065,0.0,0
DTXSID5023370,2065,0.0,0
DTXSID5023372,2065,0.0,0
DTXSID5023376,2065,0.0,0
DTXSID5023378,2065,0.0,0
DTXSID5023453,2065,0.0,0
DTXSID5023532,2065,0.0,0
DTXSID5023536,2065,0.0,0
DTXSID5023586,2065,0.0,0
DTXSID5023588,2065,0.0,0
DTXSID5023611,2065,0.0,0
DTXSID5023613,2065,0.0,0
DTXSID5023615,2065,0.0,0
DTXSID5023665,2065,0.0,0
DTXSID5023667,2065,0.0,0
DTXSID5023669,2065,0.0,0
DTXSID5023740,2065,0.0,0
DTXSID5023742,2065,0.0,0
DTXSID5023744,2065,0.0,0
DTXSID5023746,2065,0.0,0
DTXSID5023748,2065,0.0,0
DTXSID5023792,2065,0.0,0
DTXSID5023794,2065,0.9999993525463057,1
DTXSID5023796,2065,0.0,0
DTXSID5023825,2065,0.0,0
DTXSID5023871,2065,0.9999999936458874,1
DTXSID5023875,2065,0.0,0
DTXSID5023877,2065,0.0,0
DTXSID5023900,2065,0.0,0
DTXSID5023902,2065,0.0,0
DTXSID5023908,2065,0.0,0
DTXSID5023950,2065,0.0,0
DTXSID5023954,2065,1.0,1
DTXSID5024001,2065,0.0,0
DTXSID5024051,2065,0.0,0
DTXSID5024055,2065,0.0,0
DTXSID5024057,2065,0.0,0
DTXSID5024059,2065,0.0,0
DTXSID5024134,2065,8.234889657724108e-22,0
DTXSID5024182,2065,0.0,0
DTXSID5024211,2065,0.0,0
DTXSID5024261,2065,0.0,0
DTXSID5024263,2065,0.0,0
DTXSID5024269,2065,0.9999953040871354,1
DTXSID5024344,2065,0.0,0
DTXSID5024346,2065,0.0,0
DTXSID5024392,2065,0.0,0
DTXSID5024394,2065,0.0,0
DTXSID5024471,2065,0.0,0
DTXSID5024473,2065,0.0,0
DTXSID5024479,2065,0.0,0
DTXSID5024500,2065,0.0,0
DTXSID5024504,2065,0.0,0
DTXSID5024506,2065,0.0,0
DTXSID5024508,2065,0.0,0
DTXSID5024554,2065,0.0,0
DTXSID5024637,2065,0.0,0
DTXSID5024639,2065,0.0,0
DTXSID5024681,2065,0.0,0
DTXSID5024683,2065,0.0,0
DTXSID5024687,2065,0.0,0
DTXSID5024710,2065,0.0,0
DTXSID5024764,2065,0.0,0
DTXSID5024845,2065,0.0,0
DTXSID5024891,2065,0.0,0
DTXSID5024922,2065,0.0,0
DTXSID5024926,2065,0.0,0
DTXSID5024970,2065,0.0,0
DTXSID5024976,2065,0.0,0
DTXSID5024978,2065,0.0,0
DTXSID5025021,2065,0.0,0
DTXSID5025023,2065,0.0,0
DTXSID5025071,2065,3.565673058521387e-21,0
DTXSID5025079,2065,0.0,0
DTXSID5025100,2065,0.0,0
DTXSID5025102,2065,0.0,0
DTXSID5025150,2065,0.0,0
DTXSID5025152,2065,0.0,0
DTXSID5025156,2065,0.0,0
DTXSID5025231,2065,0.0,0
DTXSID5025237,2065,0.0,0
DTXSID5025285,2065,0.0,0
DTXSID5025310,2065,0.0,0
DTXSID5025312,2065,0.0,0
DTXSID5025318,2065,0.0,0
DTXSID5025364,2065,0.0,0
DTXSID5025447,2065,0.0,0
DTXSID5025449,2065,0.0,0
DTXSID5025570,2065,0.0,0
DTXSID5025572,2065,0.0,0
DTXSID5025574,2065,0.0,0
DTXSID5025578,2065,0.0,0
DTXSID5025603,2065,0.0,0
DTXSID5025607,2065,0.0,0
DTXSID5025609,2065,0.0,0
DTXSID5025653,2065,0.0,0
DTXSID5025657,2065,0.0,0
DTXSID5025659,2065,0.0,0
DTXSID5025730,2065,0.0,0
DTXSID5025732,2065,0.0,0
DTXSID5025738,2065,0.0,0
DTXSID5025811,2065,0.0,0
DTXSID5025815,2065,0.0,0
DTXSID5025819,2065,0.0,0
DTXSID5025861,2065,0.0,0
DTXSID5025863,2065,0.0,0
DTXSID5025948,2065,0.0,0
DTXSID5025998,2065,0.9999999969037136,1
DTXSID5026049,2065,0.0,0
DTXSID5026091,2065,0.0,0
DTXSID5026097,2065,0.0,0
DTXSID5026120,2065,0.0,0
DTXSID5026122,2065,0.0,0
DTXSID5026124,2065,0.0,0
DTXSID5026174,2065,0.0,0
DTXSID5026178,2065,0.0,0
DTXSID5026203,2065,0.0,0
DTXSID5026205,2065,0.0,0
DTXSID5026207,2065,0.0,0
DTXSID5026209,2065,0.0,0
DTXSID5026251,2065,0.0,0
DTXSID5026259,2065,0.0,0
DTXSID5026461,2065,0.0,0
DTXSID5026544,2065,0.0,0
DTXSID5026548,2065,0.0,0
DTXSID5026623,2065,0.0,0
DTXSID5026625,2065,0.0,0
DTXSID5026702,2065,0.0,0
DTXSID5026706,2065,0.0,0
DTXSID5026837,2065,0.0,0
DTXSID5026889,2065,0.0,0
DTXSID5026912,2065,0.0,0
DTXSID5026914,2065,0.0,0
DTXSID5026918,2065,0.0,0
DTXSID5027019,2065,0.0,0
DTXSID5027061,2065,0.0,0
DTXSID5027063,2065,0.0,0
DTXSID5027069,2065,0.0,0
DTXSID5027142,2065,0.0,0
DTXSID5027146,2065,0.0,0
DTXSID5027148,2065,0.0,0
DTXSID5027198,2065,0.0,0
DTXSID5027223,2065,0.0,0
DTXSID5027227,2065,0.0,0
DTXSID5027229,2065,0.0,0
DTXSID5027279,2065,0.0,0
DTXSID5027300,2065,0.0,0
DTXSID5027302,2065,0.0,0
DTXSID5027304,2065,0.9978489485956835,1
DTXSID5027308,2065,0.0,0
DTXSID5027352,2065,0.0,0
DTXSID5027356,2065,0.0,0
DTXSID5027358,2065,0.0,0
DTXSID5027433,2065,0.0,0
DTXSID5027487,2065,0.0,0
DTXSID5027489,2065,0.0,0
DTXSID5027512,2065,0.0,0
DTXSID5027518,2065,0.0,0
DTXSID5027641,2065,0.0,0
DTXSID5027647,2065,0.0,0
DTXSID5027728,2065,0.0,0
DTXSID5027770,2065,0.0,0
DTXSID5027772,2065,0.0,0
DTXSID5027774,2065,0.0,0
DTXSID5027803,2065,0.0,0
DTXSID5027805,2065,0.0,0
DTXSID5027851,2065,0.0,0
DTXSID5027857,2065,0.0,0
DTXSID5027932,2065,0.0,0
DTXSID5027936,2065,0.0,0
DTXSID5027982,2065,0.0,0
DTXSID5028033,2065,0.0,0
DTXSID5028114,2065,0.0,0
DTXSID5028665,2065,0.0,0
DTXSID5029055,2065,0.9999999960107829,1
DTXSID5029059,2065,0.0,0
DTXSID5029136,2065,0.0,0
DTXSID5029182,2065,0.0,0
DTXSID5029184,2065,0.0,0
DTXSID5029186,2065,0.0,0
DTXSID5029211,2065,0.0,0
DTXSID5029217,2065,0.0,0
DTXSID5029263,2065,0.0,0
DTXSID5029265,2065,0.0,0
DTXSID5029267,2065,0.0,0
DTXSID5029683,2065,0.0,0
DTXSID5029710,2065,0.0,0
DTXSID5029762,2065,0.0,0
DTXSID5030955,2065,0.0,0
DTXSID5031131,2065,0.0,0
DTXSID5031133,2065,0.0,0
DTXSID5032315,2065,1.0,1
DTXSID5032361,2065,0.0,0
DTXSID5032365,2065,0.0,0
DTXSID5032442,2065,0.0,0
DTXSID5032498,2065,0.9999999963842601,1
DTXSID5032523,2065,0.9999999762854088,1
DTXSID5032525,2065,0.0,0
DTXSID5032573,2065,0.0,0
DTXSID5032577,2065,0.0,0
DTXSID5032579,2065,0.0,0
DTXSID5032600,2065,3.2610555441133236e-21,0
DTXSID5032654,2065,0.0,0
DTXSID5033096,2065,0.0,0
DTXSID5033098,2065,0.0,0
DTXSID5033179,2065,0.0,0
DTXSID5033389,2065,0.0,0
DTXSID5033468,2065,0.9999999952638136,1
DTXSID5033595,2065,0.0,0
DTXSID5033674,2065,0.0,0
DTXSID5033701,2065,0.0,0
DTXSID5033757,2065,0.0,0
DTXSID5033836,2065,0.9599526094515053,1
DTXSID5034270,2065,0.0,0
DTXSID5034303,2065,0.0,0
DTXSID5034355,2065,0.0,0
DTXSID5034357,2065,0.0,0
DTXSID5034698,2065,0.0,0
DTXSID5034723,2065,0.0,0
DTXSID5034729,2065,0.0,0
DTXSID5034773,2065,0.0,0
DTXSID5034981,2065,1.0,1
DTXSID5035163,2065,0.0,0
DTXSID5035589,2065,0.9999999986484137,1
DTXSID5035616,2065,0.0,0
DTXSID5035957,2065,3.067501581974393e-13,0
DTXSID5036684,2065,0.0,0
DTXSID5037028,2065,0.9999999972429827,1
DTXSID5037072,2065,0.0,0
DTXSID5037236,2065,0.0,0
DTXSID5037494,2065,0.0,0
DTXSID5037498,2065,0.0,0
DTXSID5037523,2065,0.0,0
DTXSID5037527,2065,0.0,0
DTXSID5037571,2065,0.0,0
DTXSID5037579,2065,0.0,0
DTXSID5037731,2065,0.999999961076762,1
DTXSID5037739,2065,0.0,0
DTXSID5038830,2065,0.0,0
DTXSID5038888,2065,0.9999999999782003,1
DTXSID5038919,2065,0.0,0
DTXSID5039224,2065,0.9999999950792597,1
DTXSID5039721,2065,0.0,0
DTXSID5040540,2065,0.0,0
DTXSID5040675,2065,0.0,0
DTXSID5040679,2065,0.0,0
DTXSID5040700,2065,0.0,0
DTXSID5040702,2065,0.0,0
DTXSID5040704,2065,1.0,1
DTXSID5040706,2065,0.0,0
DTXSID5040708,2065,0.0,0
DTXSID5040750,2065,0.0,0
DTXSID5040758,2065,0.0,0
DTXSID5041148,2065,0.0,0
DTXSID5041190,2065,0.0,0
DTXSID5041273,2065,0.0,0
DTXSID5041275,2065,0.0,0
DTXSID5041302,2065,0.0,0
DTXSID5041306,2065,0.0,0
DTXSID5041308,2065,0.0,0
DTXSID5041356,2065,0.0,0
DTXSID5041431,2065,0.0,0
DTXSID5041437,2065,0.0,0
DTXSID5041439,2065,0.0,0
DTXSID5041487,2065,0.0,0
DTXSID5041512,2065,0.0,0
DTXSID5041514,2065,0.0,0
DTXSID5041516,2065,0.0,0
DTXSID5041518,2065,0.0,0
DTXSID5041560,2065,0.0,0
DTXSID5041641,2065,0.0,0
DTXSID5041643,2065,0.0,0
DTXSID5041691,2065,0.0,0
DTXSID5041699,2065,0.0,0
DTXSID5041726,2065,0.0,0
DTXSID5041728,2065,0.0,0
DTXSID5041772,2065,0.0,0
DTXSID5041778,2065,0.9999999965594716,1
DTXSID5041803,2065,0.0,0
DTXSID5041809,2065,0.0,0
DTXSID5041851,2065,0.9999999996414796,1
DTXSID5042083,2065,8.602432101491526e-16,0
DTXSID5042089,2065,0.0,0
DTXSID5042243,2065,0.9999997413381587,1
DTXSID5042247,2065,0.0,0
DTXSID5042249,2065,1.0,1
DTXSID5042297,2065,0.0,0
DTXSID5042299,2065,0.0,0
DTXSID5042320,2065,0.0,0
DTXSID5042324,2065,0.0,0
DTXSID5042378,2065,0.0,0
DTXSID5042451,2065,0.0,0
DTXSID5042459,2065,0.9999999922234424,1
DTXSID5042584,2065,0.0,0
DTXSID5042613,2065,0.0,0
DTXSID5043714,2065,0.0,0
DTXSID5043895,2065,0.0,0
DTXSID5044029,2065,0.0,0
DTXSID5044154,2065,0.0,0
DTXSID5044233,2065,0.0,0
DTXSID5044289,2065,0.0,0
DTXSID5044314,2065,0.0,0
DTXSID5044316,2065,0.0,0
DTXSID5044318,2065,0.0,0
DTXSID5044360,2065,0.0,0
DTXSID5044362,2065,0.0,0
DTXSID5044364,2065,0.0,0
DTXSID5044366,2065,1.5258922640926695e-16,0
DTXSID5044368,2065,0.0,0
DTXSID5044441,2065,0.0,0
DTXSID5044443,2065,0.0,0
DTXSID5044445,2065,0.0,0
DTXSID5044447,2065,0.0,0
DTXSID5044491,2065,0.0,0
DTXSID5044493,2065,0.0,0
DTXSID5044495,2065,0.0,0
DTXSID5044520,2065,0.0,0
DTXSID5044522,2065,0.0,0
DTXSID5044526,2065,0.0,0
DTXSID5044528,2065,0.0,0
DTXSID5044570,2065,0.0,0
DTXSID5044572,2065,0.0,0
DTXSID5044574,2065,0.0,0
DTXSID5044576,2065,0.0,0
DTXSID5044578,2065,0.0,0
DTXSID5044603,2065,0.0,0
DTXSID5044605,2065,0.0,0
DTXSID5044607,2065,0.0,0
DTXSID5044609,2065,0.0,0
DTXSID5044655,2065,0.0,0
DTXSID5044732,2065,0.0,0
DTXSID5044734,2065,0.0,0
DTXSID5044738,2065,0.0,0
DTXSID5044780,2065,0.0,0
DTXSID5044782,2065,0.0,0
DTXSID5044784,2065,0.0,0
DTXSID5044786,2065,0.0,0
DTXSID5044788,2065,0.0,0
DTXSID5044811,2065,0.0,0
DTXSID5044815,2065,0.0,0
DTXSID5044817,2065,0.9999999980020063,1
DTXSID5044819,2065,0.0,0
DTXSID5044863,2065,0.0,0
DTXSID5044865,2065,0.9999999992680451,1
DTXSID5044867,2065,0.0,0
DTXSID5044869,2065,0.0,0
DTXSID5044940,2065,0.0,0
DTXSID5044948,2065,0.0,0
DTXSID5044990,2065,0.0,0
DTXSID5044992,2065,0.9999999986778474,1
DTXSID5044994,2065,0.0,0
DTXSID5044996,2065,0.0,0
DTXSID5044998,2065,0.0,0
DTXSID5045093,2065,0.0,0
DTXSID5045099,2065,0.0,0
DTXSID5045122,2065,0.0,0
DTXSID5045124,2065,0.0,0
DTXSID5045128,2065,0.0,0
DTXSID5045170,2065,0.0,0
DTXSID5045174,2065,0.0,0
DTXSID5045176,2065,0.0,0
DTXSID5045201,2065,0.0,0
DTXSID5045205,2065,0.0,0
DTXSID5045209,2065,0.0,0
DTXSID5045380,2065,0.0,0
DTXSID5045382,2065,0.0,0
DTXSID5045386,2065,0.0,0
DTXSID5045388,2065,0.0,0
DTXSID5045413,2065,0.0,0
DTXSID5045417,2065,0.0,0
DTXSID5045419,2065,0.0,0
DTXSID5045461,2065,0.0,0
DTXSID5045469,2065,0.0,0
DTXSID5045540,2065,0.0,0
DTXSID5045590,2065,0.0,0
DTXSID5045594,2065,0.0,0
DTXSID5045598,2065,0.0,0
DTXSID5045623,2065,0.0,0
DTXSID5045625,2065,0.0,0
DTXSID5045673,2065,0.0,0
DTXSID5045677,2065,0.0,0
DTXSID5045700,2065,0.0,0
DTXSID5045702,2065,0.0,0
DTXSID5045704,2065,0.0,0
DTXSID5045750,2065,0.0,0
DTXSID5045752,2065,0.0,0
DTXSID5045756,2065,0.0,0
DTXSID5045833,2065,0.0,0
DTXSID5045835,2065,0.0,0
DTXSID5045881,2065,0.9999999956585333,1
DTXSID5045883,2065,0.0,0
DTXSID5045887,2065,0.0,0
DTXSID5045889,2065,0.9999999999999996,1
DTXSID5045914,2065,0.0,0
DTXSID5045916,2065,0.0,0
DTXSID5045960,2065,0.0,0
DTXSID5045964,2065,0.0,0
DTXSID5046015,2065,0.0,0
DTXSID5046017,2065,0.0,0
DTXSID5046019,2065,0.0,0
DTXSID5046067,2065,0.0,0
DTXSID5046069,2065,1.495866236494188e-16,0
DTXSID5046140,2065,0.0,0
DTXSID5046142,2065,0.0,0
DTXSID5046148,2065,0.0,0
DTXSID5046190,2065,0.0,0
DTXSID5046196,2065,0.0,0
DTXSID5046221,2065,0.0,0
DTXSID5046225,2065,5.922089554940601e-20,0
DTXSID5046227,2065,8.591867778128927e-07,0
DTXSID5046229,2065,0.0,0
DTXSID5046271,2065,0.0,0
DTXSID5046273,2065,0.0,0
DTXSID5046275,2065,0.0,0
DTXSID5046277,2065,0.0,0
DTXSID5046279,2065,0.0,0
DTXSID5046300,2065,0.0,0
DTXSID5046433,2065,0.0,0
DTXSID5046437,2065,0.0,0
DTXSID5046439,2065,0.9999999083862654,1
DTXSID5046481,2065,0.999999869906588,1
DTXSID5046483,2065,0.0,0
DTXSID5046485,2065,0.0,0
DTXSID5046487,2065,0.0,0
DTXSID5046510,2065,0.0,0
DTXSID5046512,2065,0.0,0
DTXSID5046560,2065,0.0,0
DTXSID5046641,2065,0.0,0
DTXSID5046691,2065,0.0,0
DTXSID5046693,2065,0.0,0
DTXSID5046695,2065,0.0,0
DTXSID5046697,2065,0.0,0
DTXSID5046699,2065,0.0,0
DTXSID5046724,2065,0.0,0
DTXSID5046726,2065,0.0,0
DTXSID5046770,2065,0.0,0
DTXSID5046772,2065,0.0,0
DTXSID5046776,2065,0.0,0
DTXSID5046801,2065,0.0,0
DTXSID5046803,2065,0.0,0
DTXSID5046851,2065,0.0,0
DTXSID5046853,2065,0.0,0
DTXSID5046938,2065,0.0,0
DTXSID5046980,2065,0.0,0
DTXSID5046986,2065,0.0,0
DTXSID5046988,2065,0.0,0
DTXSID5047031,2065,0.0,0
DTXSID5047033,2065,0.0,0
DTXSID5047035,2065,0.0,0
DTXSID5047037,2065,0.0,0
DTXSID5047039,2065,0.0,0
DTXSID5047081,2065,0.0,0
DTXSID5047083,2065,0.0,0
DTXSID5047085,2065,0.0,0
DTXSID5047087,2065,0.0,0
DTXSID5047089,2065,0.0,0
DTXSID5047110,2065,0.0,0
DTXSID5047112,2065,0.9999999999999811,1
DTXSID5047116,2065,0.0,0
DTXSID5047118,2065,0.0,0
DTXSID5047160,2065,0.0,0
DTXSID5047162,2065,0.0,0
DTXSID5047164,2065,0.0,0
DTXSID5047166,2065,0.0,0
DTXSID5047168,2065,0.0,0
DTXSID5047241,2065,0.0,0
DTXSID5047243,2065,0.0,0
DTXSID5047249,2065,0.0,0
DTXSID5047291,2065,0.0,0
DTXSID5047295,2065,0.0,0
DTXSID5047297,2065,0.0,0
DTXSID5047299,2065,0.0,0
DTXSID5047320,2065,0.9993262646498953,1
DTXSID5047322,2065,9.73633823815583e-18,0
DTXSID5047324,2065,0.0,0
DTXSID5047328,2065,0.0019464717181780714,0
DTXSID5047372,2065,2.5529316561882975e-13,0
DTXSID5047374,2065,0.0,0
DTXSID5047376,2065,0.0,0
DTXSID5047405,2065,0.0,0
DTXSID5047451,2065,0.0,0
DTXSID5047453,2065,0.0,0
DTXSID5047459,2065,0.0,0
DTXSID5047530,2065,0.0,0
DTXSID5047538,2065,0.0,0
DTXSID5047582,2065,0.0,0
DTXSID5047584,2065,0.0,0
DTXSID5047611,2065,0.0,0
DTXSID5047617,2065,0.0,0
DTXSID5047661,2065,0.0,0
DTXSID5047663,2065,0.0,0
DTXSID5047665,2065,0.0,0
DTXSID5047667,2065,0.0,0
DTXSID5047744,2065,0.0,0
DTXSID5047790,2065,0.0,0
DTXSID5047796,2065,0.0,0
DTXSID5047825,2065,0.0,0
DTXSID5047871,2065,0.0,0
DTXSID5047873,2065,0.0,0
DTXSID5047875,2065,0.0,0
DTXSID5047877,2065,0.0,0
DTXSID5047879,2065,0.0,0
DTXSID5047900,2065,1.0,1
DTXSID5047902,2065,0.0,0
DTXSID5047904,2065,1.0,1
DTXSID5047906,2065,0.0,0
DTXSID5047908,2065,0.0,0
DTXSID5047950,2065,1.0,1
DTXSID5047952,2065,0.0,0
DTXSID5047954,2065,0.0,0
DTXSID5047956,2065,0.0,0
DTXSID5048180,2065,0.0,0
DTXSID5048182,2065,0.0,0
DTXSID5048184,2065,0.0,0
DTXSID5048186,2065,0.0,0
DTXSID5048188,2065,0.0,0
DTXSID5048211,2065,0.0,0
DTXSID5048421,2065,0.0,0
DTXSID5048506,2065,0.0,0
DTXSID5048635,2065,0.0,0
DTXSID5048637,2065,0.0,0
DTXSID5048685,2065,0.0,0
DTXSID5048710,2065,0.0,0
DTXSID5048716,2065,0.0,0
DTXSID5048841,2065,0.0,0
DTXSID5048843,2065,0.0,0
DTXSID5048845,2065,0.0,0
DTXSID5048847,2065,0.0,0
DTXSID5048849,2065,0.0,0
DTXSID5048891,2065,0.0,0
DTXSID5048893,2065,0.0,0
DTXSID5048895,2065,0.0,0
DTXSID5048897,2065,0.0,0
DTXSID5048899,2065,0.0,0
DTXSID5048920,2065,0.0,0
DTXSID5048922,2065,0.0,0
DTXSID5048924,2065,0.0,0
DTXSID5048928,2065,0.0,0
DTXSID5048974,2065,0.0,0
DTXSID5048978,2065,0.0,0
DTXSID5049021,2065,0.9999999999999999,1
DTXSID5049231,2065,0.0,0
DTXSID5049233,2065,0.0,0
DTXSID5049235,2065,0.0,0
DTXSID5049237,2065,0.0,0
DTXSID5049239,2065,0.0,0
DTXSID5049281,2065,0.0,0
DTXSID5049283,2065,0.0,0
DTXSID5049285,2065,0.0,0
DTXSID5049287,2065,0.0,0
DTXSID5049289,2065,0.0,0
DTXSID5049310,2065,0.0,0
DTXSID5049312,2065,5.628138311395596e-11,0
DTXSID5049314,2065,0.0,0
DTXSID5049316,2065,0.0,0
DTXSID5049318,2065,0.0,0
DTXSID5049360,2065,0.0,0
DTXSID5049362,2065,0.0,0
DTXSID5049364,2065,0.0,0
DTXSID5049366,2065,0.0,0
DTXSID5049368,2065,0.0,0
DTXSID5049445,2065,0.0,0
DTXSID5049447,2065,0.0,0
DTXSID5049449,2065,0.0,0
DTXSID5049491,2065,0.0,0
DTXSID5049493,2065,0.0,0
DTXSID5049495,2065,0.0,0
DTXSID5049497,2065,0.0,0
DTXSID5049499,2065,0.0,0
DTXSID5049520,2065,0.0,0
DTXSID5049522,2065,0.0,0
DTXSID5049524,2065,0.0,0
DTXSID5049526,2065,0.0,0
DTXSID5049528,2065,0.0,0
DTXSID5050426,2065,0.0,0
DTXSID5051440,2065,0.0,0
DTXSID5051444,2065,0.9999995686251553,1
DTXSID5051446,2065,0.0,0
DTXSID5051525,2065,0.0,0
DTXSID5051529,2065,0.0,0
DTXSID5051575,2065,0.0,0
DTXSID5051650,2065,0.9999999998766079,1
DTXSID5051999,2065,0.0,0
DTXSID5052042,2065,0.0,0
DTXSID5052125,2065,0.0,0
DTXSID5052250,2065,0.0,0
DTXSID5052254,2065,0.0,0
DTXSID5052460,2065,0.0,0
DTXSID5052591,2065,0.0,0
DTXSID5052593,2065,0.0,0
DTXSID5052595,2065,0.0,0
DTXSID5052597,2065,0.0,0
DTXSID5052620,2065,0.0,0
DTXSID5052672,2065,0.0,0
DTXSID5052832,2065,0.0,0
DTXSID5052838,2065,0.0,0
DTXSID5052884,2065,0.0,0
DTXSID5057620,2065,0.0,0
DTXSID5057622,2065,0.0,0
DTXSID5057624,2065,0.0,0
DTXSID5057626,2065,0.0,0
DTXSID5057628,2065,0.0,0
DTXSID5057670,2065,0.0,0
DTXSID5057672,2065,0.0,0
DTXSID5057674,2065,0.0,0
DTXSID5057676,2065,0.0,0
DTXSID5057678,2065,0.0,0
DTXSID5057701,2065,0.0,0
DTXSID5057703,2065,0.0,0
DTXSID5057705,2065,0.0,0
DTXSID5057707,2065,0.0,0
DTXSID5057709,2065,0.0,0
DTXSID5057751,2065,0.0,0
DTXSID5057753,2065,0.0,0
DTXSID5057755,2065,0.0,0
DTXSID5057757,2065,0.0,0
DTXSID5057759,2065,0.0,0
DTXSID5057830,2065,0.0,0
DTXSID5057832,2065,0.0,0
DTXSID5057834,2065,0.0,0
DTXSID5057836,2065,0.0,0
DTXSID5057838,2065,4.6767395720290595e-21,0
DTXSID6020014,2065,0.0,0
DTXSID6020062,2065,0.0,0
DTXSID6020064,2065,0.0,0
DTXSID6020066,2065,0.0,0
DTXSID6020068,2065,0.0,0
DTXSID6020141,2065,0.0,0
DTXSID6020143,2065,0.0,0
DTXSID6020145,2065,1.3308311807655754e-11,0
DTXSID6020147,2065,0.0,0
DTXSID6020149,2065,0.0,0
DTXSID6020193,2065,0.0,0
DTXSID6020197,2065,0.0,0
DTXSID6020199,2065,0.0,0
DTXSID6020220,2065,0.0,0
DTXSID6020222,2065,0.0,0
DTXSID6020224,2065,0.0,0
DTXSID6020226,2065,0.9999999999978056,1
DTXSID6020274,2065,0.0,0
DTXSID6020276,2065,0.0,0
DTXSID6020278,2065,1.0,1
DTXSID6020303,2065,0.0,0
DTXSID6020307,2065,0.0,0
DTXSID6020309,2065,0.0,0
DTXSID6020355,2065,0.0,0
DTXSID6020357,2065,0.0,0
DTXSID6020359,2065,0.0,0
DTXSID6020430,2065,0.0,0
DTXSID6020432,2065,0.0,0
DTXSID6020434,2065,0.0,0
DTXSID6020438,2065,0.0,0
DTXSID6020480,2065,0.0,0
DTXSID6020484,2065,0.0,0
DTXSID6020511,2065,0.0,0
DTXSID6020513,2065,0.0,0
DTXSID6020515,2065,0.0,0
DTXSID6020517,2065,0.0,0
DTXSID6020561,2065,0.0,0
DTXSID6020569,2065,0.0,0
DTXSID6020646,2065,0.0,0
DTXSID6020648,2065,0.0,0
DTXSID6020690,2065,0.9999999999815701,1
DTXSID6020692,2065,0.0,0
DTXSID6020694,2065,0.0,0
DTXSID6020696,2065,0.0,0
DTXSID6020721,2065,0.0,0
DTXSID6020771,2065,0.0,0
DTXSID6020777,2065,0.0,0
DTXSID6020779,2065,0.9999999905916366,1
DTXSID6020802,2065,0.0,0
DTXSID6020804,2065,0.0,0
DTXSID6020856,2065,0.0,0
DTXSID6020933,2065,0.0,0
DTXSID6020937,2065,0.0,0
DTXSID6020939,2065,0.0,0
DTXSID6020981,2065,0.0,0
DTXSID6020983,2065,0.0,0
DTXSID6020985,2065,0.0,0
DTXSID6021030,2065,0.0,0
DTXSID6021032,2065,0.0,0
DTXSID6021036,2065,0.0,0
DTXSID6021080,2065,0.0,0
DTXSID6021082,2065,0.0,0
DTXSID6021084,2065,0.0,0
DTXSID6021086,2065,0.0,0
DTXSID6021113,2065,0.0,0
DTXSID6021117,2065,0.0,0
DTXSID6021165,2065,0.0,0
DTXSID6021240,2065,0.0,0
DTXSID6021244,2065,0.0,0
DTXSID6021246,2065,0.0,0
DTXSID6021248,2065,2.3530501776459196e-21,0
DTXSID6021290,2065,0.0,0
DTXSID6021292,2065,0.0,0
DTXSID6021294,2065,0.0,0
DTXSID6021296,2065,0.0,0
DTXSID6021321,2065,0.0,0
DTXSID6021371,2065,0.0,0
DTXSID6021373,2065,0.9999979579900145,1
DTXSID6021375,2065,0.0,0
DTXSID6021377,2065,0.0,0
DTXSID6021379,2065,0.0,0
DTXSID6021402,2065,0.0,0
DTXSID6021404,2065,0.0,0
DTXSID6021408,2065,0.9999999999963108,1
DTXSID6021450,2065,0.0,0
DTXSID6021456,2065,0.0,0
DTXSID6021458,2065,0.0,0
DTXSID6021581,2065,0.0,0
DTXSID6021583,2065,0.0,0
DTXSID6021585,2065,0.0,0
DTXSID6021610,2065,0.0,0
DTXSID6021618,2065,0.0,0
DTXSID6021660,2065,0.0,0
DTXSID6021666,2065,0.0,0
DTXSID6021668,2065,0.0,0
DTXSID6021741,2065,0.0,0
DTXSID6021749,2065,0.0,0
DTXSID6021793,2065,0.0,0
DTXSID6021795,2065,0.0,0
DTXSID6021799,2065,0.0,0
DTXSID6021820,2065,0.0,0
DTXSID6021822,2065,0.0,0
DTXSID6021824,2065,0.999999986830771,1
DTXSID6021828,2065,0.0,0
DTXSID6021872,2065,0.0,0
DTXSID6021874,2065,0.0,0
DTXSID6021901,2065,0.0,0
DTXSID6021907,2065,0.0,0
DTXSID6021909,2065,0.0,0
DTXSID6021953,2065,0.0,0
DTXSID6021957,2065,0.0,0
DTXSID6021959,2065,0.0,0
DTXSID6022000,2065,0.0,0
DTXSID6022002,2065,0.0,0
DTXSID6022004,2065,0.0,0
DTXSID6022006,2065,0.0,0
DTXSID6022008,2065,0.0,0
DTXSID6022050,2065,0.0,0
DTXSID6022056,2065,0.0,0
DTXSID6022058,2065,0.0,0
DTXSID6022131,2065,0.0,0
DTXSID6022133,2065,0.0,0
DTXSID6022137,2065,0.0,0
DTXSID6022187,2065,0.0,0
DTXSID6022218,2065,0.0,0
DTXSID6022341,2065,1.2425070353451933e-16,0
DTXSID6022345,2065,0.999997229828852,1
DTXSID6022391,2065,3.5501331272973678e-09,0
DTXSID6022393,2065,0.0,0
DTXSID6022399,2065,0.0,0
DTXSID6022420,2065,0.0,0
DTXSID6022422,2065,0.0,0
DTXSID6022472,2065,0.0,0
DTXSID6022474,2065,0.0,0
DTXSID6022557,2065,0.0,0
DTXSID6022636,2065,0.0,0
DTXSID6022684,2065,0.0,0
DTXSID6022688,2065,0.0,0
DTXSID6022715,2065,0.0,0
DTXSID6022719,2065,0.0,0
DTXSID6022842,2065,0.0,0
DTXSID6022844,2065,0.0,0
DTXSID6022846,2065,0.0,0
DTXSID6022892,2065,0.0,0
DTXSID6022894,2065,0.0,0
DTXSID6022927,2065,0.0,0
DTXSID6022973,2065,0.0,0
DTXSID6022975,2065,0.0,0
DTXSID6022977,2065,0.0,0
DTXSID6023024,2065,0.0,0
DTXSID6023028,2065,0.0,0
DTXSID6023078,2065,0.0,0
DTXSID6023101,2065,0.0,0
DTXSID6023103,2065,0.0,0
DTXSID6023109,2065,0.0,0
DTXSID6023153,2065,0.0,0
DTXSID6023155,2065,0.0,0
DTXSID6023157,2065,0.0,0
DTXSID6023159,2065,0.0,0
DTXSID6023286,2065,0.0,0
DTXSID6023313,2065,0.0,0
DTXSID6023315,2065,0.0,0
DTXSID6023317,2065,0.0,0
DTXSID6023363,2065,4.154496077708158e-05,0
DTXSID6023367,2065,0.0,0
DTXSID6023369,2065,0.0,0
DTXSID6023440,2065,0.0,0
DTXSID6023442,2065,0.0,0
DTXSID6023490,2065,0.0,0
DTXSID6023496,2065,0.0,0
DTXSID6023523,2065,0.0,0
DTXSID6023529,2065,0.0,0
DTXSID6023602,2065,0.0,0
DTXSID6023606,2065,0.0,0
DTXSID6023608,2065,0.0,0
DTXSID6023652,2065,0.0,0
DTXSID6023656,2065,0.0,0
DTXSID6023733,2065,0.0,0
DTXSID6023737,2065,0.0,0
DTXSID6023810,2065,0.9999999985017813,1
DTXSID6023862,2065,0.0,0
DTXSID6023864,2065,0.0,0
DTXSID6023868,2065,0.9999999999999998,1
DTXSID6023947,2065,0.0,0
DTXSID6023997,2065,0.0,0
DTXSID6023999,2065,0.0,0
DTXSID6024046,2065,0.0,0
DTXSID6024048,2065,0.0,0
DTXSID6024123,2065,0.0,0
DTXSID6024127,2065,0.0,0
DTXSID6024175,2065,0.0,0
DTXSID6024177,2065,0.0,0
DTXSID6024200,2065,0.0,0
DTXSID6024204,2065,0.0,0
DTXSID6024206,2065,0.0,0
DTXSID6024254,2065,0.0,0
DTXSID6024331,2065,0.0,0
DTXSID6024337,2065,0.0,0
DTXSID6024412,2065,0.0,0
DTXSID6024414,2065,0.0,0
DTXSID6024460,2065,0.0,0
DTXSID6024462,2065,0.0,0
DTXSID6024466,2065,0.0,0
DTXSID6024591,2065,0.0,0
DTXSID6024597,2065,0.0,0
DTXSID6024599,2065,0.0,0
DTXSID6024624,2065,0.9999995332432378,1
DTXSID6024628,2065,0.0,0
DTXSID6024670,2065,0.0,0
DTXSID6024674,2065,0.0,0
DTXSID6024676,2065,0.0,0
DTXSID6024701,2065,0.0,0
DTXSID6024832,2065,0.0,0
DTXSID6024834,2065,0.0,0
DTXSID6024836,2065,0.0,0
DTXSID6024838,2065,1.387488197035963e-18,0
DTXSID6024880,2065,0.0,0
DTXSID6024882,2065,0.0,0
DTXSID6024886,2065,0.0,0
DTXSID6024888,2065,0.0,0
DTXSID6024911,2065,2.4460163037612837e-14,0
DTXSID6024913,2065,0.0,0
DTXSID6024915,2065,0.0,0
DTXSID6024917,2065,0.0,0
DTXSID6024961,2065,0.0,0
DTXSID6024965,2065,0.0,0
DTXSID6024967,2065,0.0,0
DTXSID6025010,2065,0.0,0
DTXSID6025012,2065,0.0,0
DTXSID6025014,2065,0.0,0
DTXSID6025018,2065,0.0,0
DTXSID6025064,2065,0.0,0
DTXSID6025068,2065,0.0,0
DTXSID6025141,2065,0.0,0
DTXSID6025143,2065,0.0,0
DTXSID6025145,2065,0.0,0
DTXSID6025149,2065,0.0,0
DTXSID6025220,2065,0.0,0
DTXSID6025226,2065,0.9999999999999999,1
DTXSID6025272,2065,0.0,0
DTXSID6025276,2065,0.0,0
DTXSID6025278,2065,0.0,0
DTXSID6025301,2065,0.0,0
DTXSID6025303,2065,0.0,0
DTXSID6025305,2065,0.0,0
DTXSID6025307,2065,0.0,0
DTXSID6025309,2065,0.0,0
DTXSID6025355,2065,0.0,0
DTXSID6025432,2065,0.0,0
DTXSID6025436,2065,0.0,0
DTXSID6025438,2065,0.0,0
DTXSID6025480,2065,0.0,0
DTXSID6025486,2065,0.0,0
DTXSID6025513,2065,0.9999999999985233,1
DTXSID6025565,2065,0.9999999999999827,1
DTXSID6025567,2065,0.0,0
DTXSID6025569,2065,0.0,0
DTXSID6025640,2065,0.0,0
DTXSID6025642,2065,0.0,0
DTXSID6025648,2065,0.0,0
DTXSID6025690,2065,0.0,0
DTXSID6025692,2065,0.0,0
DTXSID6025696,2065,0.9999999999999392,1
DTXSID6025723,2065,0.0,0
DTXSID6025725,2065,0.0,0
DTXSID6025775,2065,0.0,0
DTXSID6025804,2065,0.0,0
DTXSID6025850,2065,0.0,0
DTXSID6025854,2065,0.0,0
DTXSID6025939,2065,0.0,0
DTXSID6025983,2065,0.0,0
DTXSID6026080,2065,0.0,0
DTXSID6026082,2065,0.0,0
DTXSID6026084,2065,0.0,0
DTXSID6026088,2065,0.0,0
DTXSID6026115,2065,0.0,0
DTXSID6026119,2065,0.0,0
DTXSID6026161,2065,0.0,0
DTXSID6026167,2065,0.0,0
DTXSID6026169,2065,0.0,0
DTXSID6026240,2065,0.0,0
DTXSID6026292,2065,0.0,0
DTXSID6026294,2065,0.999999485165195,1
DTXSID6026298,2065,0.0,0
DTXSID6026325,2065,0.0,0
DTXSID6026373,2065,0.9999999999999994,1
DTXSID6026450,2065,0.0,0
DTXSID6026535,2065,0.0,0
DTXSID6026537,2065,0.0,0
DTXSID6026612,2065,0.0,0
DTXSID6026664,2065,0.0,0
DTXSID6026797,2065,0.0,0
DTXSID6026799,2065,0.0,0
DTXSID6026824,2065,0.0,0
DTXSID6026872,2065,0.0,0
DTXSID6026878,2065,0.0,0
DTXSID6026901,2065,9.888884672757031e-12,0
DTXSID6026905,2065,0.0,0
DTXSID6026955,2065,0.0,0
DTXSID6027050,2065,0.0,0
DTXSID6027052,2065,1.2959937593360636e-11,0
DTXSID6027131,2065,0.0,0
DTXSID6027133,2065,0.0,0
DTXSID6027137,2065,5.833588747746555e-20,0
DTXSID6027181,2065,0.0,0
DTXSID6027185,2065,0.0,0
DTXSID6027214,2065,0.0,0
DTXSID6027218,2065,0.0,0
DTXSID6027262,2065,0.0,0
DTXSID6027266,2065,0.0,0
DTXSID6027268,2065,0.0,0
DTXSID6027341,2065,0.0,0
DTXSID6027343,2065,0.0,0
DTXSID6027345,2065,0.0,0
DTXSID6027397,2065,0.0,0
DTXSID6027503,2065,0.0,0
DTXSID6027507,2065,0.0,0
DTXSID6027509,2065,0.0,0
DTXSID6027551,2065,0.0,0
DTXSID6027634,2065,0.0,0
DTXSID6027636,2065,0.0,0
DTXSID6027713,2065,0.0,0
DTXSID6027844,2065,0.0,0
DTXSID6027921,2065,0.0,0
DTXSID6027923,2065,0.9999999578057329,1
DTXSID6027925,2065,0.9999999508543113,1
DTXSID6027975,2065,0.0,0
DTXSID6028022,2065,0.0,0
DTXSID6028028,2065,0.0,0
DTXSID6028492,2065,0.9999999591392564,1
DTXSID6029121,2065,0.0,0
DTXSID6029127,2065,0.0,0
DTXSID6029171,2065,0.0,0
DTXSID6029202,2065,0.0,0
DTXSID6029250,2065,0.0,0
DTXSID6029254,2065,0.0,0
DTXSID6029331,2065,0.0,0
DTXSID6029626,2065,0.0,0
DTXSID6029670,2065,0.0,0
DTXSID6029703,2065,0.0,0
DTXSID6029707,2065,0.0,0
DTXSID6029755,2065,0.0,0
DTXSID6030607,2065,0.0,0
DTXSID6031209,2065,0.0,0
DTXSID6031380,2065,0.0,0
DTXSID6031461,2065,0.0,0
DTXSID6032061,2065,0.0,0
DTXSID6032192,2065,0.0,0
DTXSID6032352,2065,0.0,0
DTXSID6032354,2065,0.0,0
DTXSID6032356,2065,0.0,0
DTXSID6032358,2065,0.0,0
DTXSID6032431,2065,0.0,0
DTXSID6032437,2065,0.0,0
DTXSID6032514,2065,0.0,0
DTXSID6032516,2065,0.0,0
DTXSID6032518,2065,0.9999999999999846,1
DTXSID6032562,2065,0.0,0
DTXSID6032641,2065,0.0,0
DTXSID6032645,2065,0.0,0
DTXSID6032647,2065,0.9999999999999994,1
DTXSID6032649,2065,0.0,0
DTXSID6032722,2065,0.0,0
DTXSID6033241,2065,0.0,0
DTXSID6033247,2065,0.0,0
DTXSID6033326,2065,0.0,0
DTXSID6033401,2065,0.0,0
DTXSID6033538,2065,0.0,0
DTXSID6033825,2065,0.0,0
DTXSID6034005,2065,0.0,0
DTXSID6034186,2065,0.0,0
DTXSID6034265,2065,0.0,0
DTXSID6034392,2065,0.0,0
DTXSID6034762,2065,0.0,0
DTXSID6034764,2065,0.0,0
DTXSID6034849,2065,0.0,0
DTXSID6034924,2065,0.0,0
DTXSID6034928,2065,0.9999991341864162,1
DTXSID6034972,2065,0.0,0
DTXSID6035152,2065,0.0,0
DTXSID6035156,2065,0.0,0
DTXSID6035285,2065,0.0,0
DTXSID6035784,2065,0.0,0
DTXSID6036467,2065,0.9999975989684117,1
DTXSID6037015,2065,0.0,0
DTXSID6037483,2065,0.0,0
DTXSID6037564,2065,0.0,0
DTXSID6037568,2065,0.0,0
DTXSID6037649,2065,0.0,0
DTXSID6037697,2065,0.0,0
DTXSID6037728,2065,0.0,0
DTXSID6038326,2065,0.0,0
DTXSID6038798,2065,0.0,0
DTXSID6038827,2065,0.0,0
DTXSID6038875,2065,0.0,0
DTXSID6038877,2065,3.2927358307110944e-12,0
DTXSID6040111,2065,0.0,0
DTXSID6040115,2065,0.0,0
DTXSID6040246,2065,0.0,0
DTXSID6040290,2065,0.0,0
DTXSID6040296,2065,0.0,0
DTXSID6040371,2065,0.0,0
DTXSID6040373,2065,5.333966563731056e-16,0
DTXSID6040375,2065,0.0,0
DTXSID6040404,2065,0.0,0
DTXSID6040583,2065,0.0,0
DTXSID6040614,2065,0.0,0
DTXSID6040662,2065,8.413083935083117e-14,0
DTXSID6040664,2065,0.0,0
DTXSID6040668,2065,0.9978814970673802,1
DTXSID6040743,2065,1.5094034683710182e-18,0
DTXSID6040745,2065,0.0,0
DTXSID6040747,2065,0.0,0
DTXSID6040795,2065,0.0,0
DTXSID6041056,2065,0.0,0
DTXSID6041133,2065,0.0,0
DTXSID6041137,2065,0.0,0
DTXSID6041185,2065,0.0,0
DTXSID6041210,2065,0.0,0
DTXSID6041268,2065,6.162002779947603e-19,0
DTXSID6041347,2065,0.0,0
DTXSID6041349,2065,0.0,0
DTXSID6041397,2065,0.0,0
DTXSID6041420,2065,0.0,0
DTXSID6041422,2065,0.9999999999132804,1
DTXSID6041424,2065,0.0,0
DTXSID6041426,2065,0.0,0
DTXSID6041472,2065,0.0,0
DTXSID6041503,2065,0.0,0
DTXSID6041507,2065,0.0,0
DTXSID6041551,2065,0.0,0
DTXSID6041557,2065,0.0,0
DTXSID6041636,2065,0.0,0
DTXSID6041638,2065,0.0,0
DTXSID6041680,2065,0.9999999997580978,1
DTXSID6041682,2065,0.0,0
DTXSID6041684,2065,0.0,0
DTXSID6041688,2065,0.0,0
DTXSID6041715,2065,0.0,0
DTXSID6041719,2065,0.0,0
DTXSID6041761,2065,0.9999999589731642,1
DTXSID6041844,2065,0.0,0
DTXSID6041892,2065,0.0,0
DTXSID6041925,2065,0.0,0
DTXSID6041927,2065,0.0,0
DTXSID6041973,2065,0.0,0
DTXSID6041977,2065,0.0,0
DTXSID6042072,2065,0.0,0
DTXSID6042074,2065,0.0,0
DTXSID6042151,2065,0.0,0
DTXSID6042157,2065,0.0,0
DTXSID6042232,2065,0.0,0
DTXSID6042234,2065,0.0,0
DTXSID6042280,2065,0.0,0
DTXSID6042282,2065,0.0,0
DTXSID6042315,2065,0.0,0
DTXSID6042365,2065,0.0,0
DTXSID6042369,2065,0.0,0
DTXSID6042440,2065,0.0,0
DTXSID6042448,2065,0.0,0
DTXSID6042490,2065,0.0,0
DTXSID6042494,2065,0.0,0
DTXSID6042498,2065,0.0,0
DTXSID6042521,2065,0.0,0
DTXSID6042579,2065,0.0,0
DTXSID6042602,2065,0.0,0
DTXSID6043709,2065,0.0,0
DTXSID6043913,2065,0.0,0
DTXSID6043915,2065,0.00022617861762272605,0
DTXSID6043917,2065,0.0,0
DTXSID6043919,2065,0.0,0
DTXSID6044199,2065,0.0,0
DTXSID6044226,2065,0.0,0
DTXSID6044303,2065,0.0,0
DTXSID6044307,2065,0.0,0
DTXSID6044309,2065,0.06836318072497857,0
DTXSID6044353,2065,0.0,0
DTXSID6044355,2065,0.0,0
DTXSID6044357,2065,0.0,0
DTXSID6044359,2065,0.0,0
DTXSID6044430,2065,0.0,0
DTXSID6044436,2065,0.0,0
DTXSID6044438,2065,0.0,0
DTXSID6044480,2065,0.0,0
DTXSID6044484,2065,0.0,0
DTXSID6044486,2065,0.0,0
DTXSID6044488,2065,0.0,0
DTXSID6044511,2065,0.0,0
DTXSID6044513,2065,0.0,0
DTXSID6044515,2065,0.0,0
DTXSID6044517,2065,0.0,0
DTXSID6044519,2065,0.0,0
DTXSID6044561,2065,0.0,0
DTXSID6044563,2065,0.0,0
DTXSID6044565,2065,0.0,0
DTXSID6044642,2065,0.0,0
DTXSID6044644,2065,0.0,0
DTXSID6044646,2065,0.0,0
DTXSID6044648,2065,0.0,0
DTXSID6044690,2065,0.0,0
DTXSID6044692,2065,0.0,0
DTXSID6044696,2065,0.0,0
DTXSID6044698,2065,0.0,0
DTXSID6044721,2065,0.0,0
DTXSID6044723,2065,0.0,0
DTXSID6044725,2065,0.0,0
DTXSID6044727,2065,0.0,0
DTXSID6044771,2065,0.0,0
DTXSID6044773,2065,0.0,0
DTXSID6044777,2065,0.0,0
DTXSID6044779,2065,0.9999998007808952,1
DTXSID6044800,2065,0.0,0
DTXSID6044802,2065,0.0,0
DTXSID6044804,2065,0.0,0
DTXSID6044808,2065,0.0,0
DTXSID6044852,2065,0.0,0
DTXSID6044854,2065,0.0,0
DTXSID6044856,2065,0.0,0
DTXSID6044858,2065,0.0,0
DTXSID6044931,2065,0.0,0
DTXSID6044933,2065,0.0,0
DTXSID6044935,2065,0.0,0
DTXSID6044939,2065,0.0,0
DTXSID6044981,2065,0.0,0
DTXSID6044983,2065,0.0,0
DTXSID6044985,2065,0.0,0
DTXSID6044989,2065,0.0,0
DTXSID6045084,2065,0.0,0
DTXSID6045088,2065,0.0,0
DTXSID6045111,2065,0.0,0
DTXSID6045117,2065,0.0,0
DTXSID6045119,2065,0.0,0
DTXSID6045161,2065,0.0,0
DTXSID6045163,2065,0.0,0
DTXSID6045165,2065,0.0,0
DTXSID6045167,2065,0.0,0
DTXSID6045169,2065,0.0,0
DTXSID6045248,2065,0.0,0
DTXSID6045292,2065,0.0,0
DTXSID6045296,2065,0.0,0
DTXSID6045321,2065,0.0,0
DTXSID6045323,2065,0.0,0
DTXSID6045371,2065,0.0,0
DTXSID6045373,2065,0.0,0
DTXSID6045375,2065,0.0,0
DTXSID6045377,2065,0.0,0
DTXSID6045400,2065,0.0,0
DTXSID6045452,2065,0.9999999694425624,1
DTXSID6045531,2065,0.0,0
DTXSID6045533,2065,0.0,0
DTXSID6045583,2065,0.0,0
DTXSID6045587,2065,0.0,0
DTXSID6045614,2065,0.0,0
DTXSID6045616,2065,6.88050770486435e-19,0
DTXSID6045618,2065,0.0,0
DTXSID6045660,2065,0.0,0
DTXSID6045662,2065,0.0,0
DTXSID6045666,2065,0.0,0
DTXSID6045668,2065,0.0,0
DTXSID6045741,2065,0.0,0
DTXSID6045743,2065,0.0,0
DTXSID6045745,2065,0.0,0
DTXSID6045791,2065,0.0,0
DTXSID6045820,2065,0.0,0
DTXSID6045828,2065,0.0,0
DTXSID6045870,2065,0.0,0
DTXSID6045874,2065,0.0,0
DTXSID6045878,2065,0.0,0
DTXSID6045901,2065,0.0,0
DTXSID6045907,2065,0.0,0
DTXSID6045909,2065,0.0,0
DTXSID6045953,2065,0.0,0
DTXSID6045955,2065,0.9999999967201273,1
DTXSID6045957,2065,1.4118795948777422e-12,0
DTXSID6046000,2065,0.0,0
DTXSID6046131,2065,0.0,0
DTXSID6046137,2065,0.0,0
DTXSID6046181,2065,0.0,0
DTXSID6046216,2065,0.0,0
DTXSID6046260,2065,0.0,0
DTXSID6046264,2065,0.0,0
DTXSID6046266,2065,0.0,0
DTXSID6046341,2065,0.0,0
DTXSID6046343,2065,0.0,0
DTXSID6046345,2065,0.0,0
DTXSID6046347,2065,0.0,0
DTXSID6046349,2065,0.0,0
DTXSID6046391,2065,0.0,0
DTXSID6046395,2065,0.0,0
DTXSID6046399,2065,0.0,0
DTXSID6046420,2065,0.0,0
DTXSID6046422,2065,0.0,0
DTXSID6046424,2065,0.0,0
DTXSID6046426,2065,0.0,0
DTXSID6046428,2065,0.0,0
DTXSID6046470,2065,0.0,0
DTXSID6046472,2065,0.9999999992468495,1
DTXSID6046474,2065,0.0,0
DTXSID6046478,2065,0.0,0
DTXSID6046501,2065,0.0,0
DTXSID6046503,2065,0.0,0
DTXSID6046505,2065,0.0,0
DTXSID6046507,2065,0.0,0
DTXSID6046553,2065,0.0,0
DTXSID6046555,2065,0.0,0
DTXSID6046557,2065,0.9999999999999537,1
DTXSID6046634,2065,0.0,0
DTXSID6046638,2065,0.0,0
DTXSID6046688,2065,0.0,0
DTXSID6046715,2065,0.0,0
DTXSID6046767,2065,0.0,0
DTXSID6046842,2065,0.0,0
DTXSID6046890,2065,0.0,0
DTXSID6046892,2065,0.0,0
DTXSID6046896,2065,0.0,0
DTXSID6046925,2065,0.0,0
DTXSID6046977,2065,0.0,0
DTXSID6046979,2065,0.0,0
DTXSID6047028,2065,0.0,0
DTXSID6047070,2065,0.0,0
DTXSID6047072,2065,0.0,0
DTXSID6047074,2065,0.0,0
DTXSID6047078,2065,0.0,0
DTXSID6047101,2065,0.0,0
DTXSID6047103,2065,0.9999999996977751,1
DTXSID6047105,2065,0.0,0
DTXSID6047107,2065,0.0,0
DTXSID6047109,2065,0.0,0
DTXSID6047155,2065,0.0,0
DTXSID6047157,2065,0.0,0
DTXSID6047159,2065,0.0,0
DTXSID6047236,2065,0.0,0
DTXSID6047280,2065,6.4668810854754165e-06,0
DTXSID6047282,2065,0.0,0
DTXSID6047284,2065,0.0,0
DTXSID6047286,2065,0.0,0
DTXSID6047288,2065,0.9999999965381041,1
DTXSID6047311,2065,0.0,0
DTXSID6047313,2065,0.006332692131381111,0
DTXSID6047315,2065,0.9999999944308815,1
DTXSID6047319,2065,0.0,0
DTXSID6047363,2065,0.0,0
DTXSID6047369,2065,0.999999999913023,1
DTXSID6047440,2065,0.0,0
DTXSID6047444,2065,0.0,0
DTXSID6047446,2065,0.0,0
DTXSID6047448,2065,0.0,0
DTXSID6047490,2065,0.0,0
DTXSID6047498,2065,1.0,1
DTXSID6047523,2065,0.0,0
DTXSID6047525,2065,0.0,0
DTXSID6047527,2065,0.0,0
DTXSID6047529,2065,0.0,0
DTXSID6047579,2065,0.0,0
DTXSID6047602,2065,0.0,0
DTXSID6047604,2065,0.0,0
DTXSID6047606,2065,0.0,0
DTXSID6047608,2065,0.0,0
DTXSID6047654,2065,0.0,0
DTXSID6047656,2065,0.0,0
DTXSID6047781,2065,0.0,0
DTXSID6047783,2065,0.0,0
DTXSID6047785,2065,0.0,0
DTXSID6047787,2065,0.0,0
DTXSID6047789,2065,0.0,0
DTXSID6047818,2065,0.0,0
DTXSID6047941,2065,0.0,0
DTXSID6047943,2065,0.0,0
DTXSID6047945,2065,0.0,0
DTXSID6047947,2065,0.0,0
DTXSID6047949,2065,0.0,0
DTXSID6048171,2065,0.0,0
DTXSID6048175,2065,0.0,0
DTXSID6048200,2065,0.0,0
DTXSID6048202,2065,0.0,0
DTXSID6048204,2065,0.0,0
DTXSID6048206,2065,0.0,0
DTXSID6048208,2065,0.0,0
DTXSID6048383,2065,0.0,0
DTXSID6048591,2065,0.0,0
DTXSID6048597,2065,0.0,0
DTXSID6048620,2065,0.0,0
DTXSID6048672,2065,0.0,0
DTXSID6048674,2065,0.0,0
DTXSID6048676,2065,0.0,0
DTXSID6048830,2065,0.0,0
DTXSID6048834,2065,0.0,0
DTXSID6048836,2065,0.0,0
DTXSID6048838,2065,0.0,0
DTXSID6048880,2065,0.0,0
DTXSID6048882,2065,0.0,0
DTXSID6048884,2065,0.0,0
DTXSID6048886,2065,0.0,0
DTXSID6048888,2065,0.0,0
DTXSID6048915,2065,0.0,0
DTXSID6048919,2065,0.0,0
DTXSID6048961,2065,0.0,0
DTXSID6048965,2065,0.0,0
DTXSID6048967,2065,0.0,0
DTXSID6049018,2065,0.0,0
DTXSID6049060,2065,0.0,0
DTXSID6049064,2065,0.0,0
DTXSID6049066,2065,0.0,0
DTXSID6049068,2065,0.0,0
DTXSID6049220,2065,0.0,0
DTXSID6049222,2065,0.0,0
DTXSID6049224,2065,0.0,0
DTXSID6049226,2065,0.0,0
DTXSID6049228,2065,0.0,0
DTXSID6049270,2065,0.0,0
DTXSID6049272,2065,0.0,0
DTXSID6049274,2065,0.0,0
DTXSID6049276,2065,0.0,0
DTXSID6049278,2065,0.0,0
DTXSID6049301,2065,0.0,0
DTXSID6049303,2065,0.0,0
DTXSID6049305,2065,0.0,0
DTXSID6049307,2065,0.0,0
DTXSID6049309,2065,0.0,0
DTXSID6049351,2065,0.9999999999999981,1
DTXSID6049353,2065,0.0,0
DTXSID6049355,2065,0.0,0
DTXSID6049357,2065,0.0,0
DTXSID6049359,2065,7.663770579757347e-15,0
DTXSID6049430,2065,0.0,0
DTXSID6049432,2065,0.0,0
DTXSID6049480,2065,0.0,0
DTXSID6049482,2065,0.0,0
DTXSID6049484,2065,0.0,0
DTXSID6049486,2065,0.0,0
DTXSID6049488,2065,0.0,0
DTXSID6049511,2065,0.0,0
DTXSID6049513,2065,0.0,0
DTXSID6049515,2065,0.0,0
DTXSID6049517,2065,0.0,0
DTXSID6049519,2065,0.0,0
DTXSID6049561,2065,0.0,0
DTXSID6050386,2065,0.0,0
DTXSID6051306,2065,1.0,1
DTXSID6051560,2065,0.0,0
DTXSID6051564,2065,0.0,0
DTXSID6051566,2065,0.0,0
DTXSID6051695,2065,0.0,0
DTXSID6051724,2065,0.0,0
DTXSID6051778,2065,0.0,0
DTXSID6052112,2065,0.0,0
DTXSID6052291,2065,0.0,0
DTXSID6052295,2065,0.0,0
DTXSID6052299,2065,0.0,0
DTXSID6052328,2065,0.0,0
DTXSID6052536,2065,0.0,0
DTXSID6052538,2065,0.0,0
DTXSID6052619,2065,0.0,0
DTXSID6052740,2065,0.0,0
DTXSID6057611,2065,0.0,0
DTXSID6057613,2065,0.0,0
DTXSID6057615,2065,0.0,0
DTXSID6057617,2065,0.0,0
DTXSID6057619,2065,0.9996484248263809,1
DTXSID6057661,2065,0.0,0
DTXSID6057663,2065,0.0,0
DTXSID6057665,2065,0.0,0
DTXSID6057667,2065,0.0,0
DTXSID6057669,2065,0.0,0
DTXSID6057740,2065,0.0,0
DTXSID6057742,2065,0.0,0
DTXSID6057744,2065,0.0,0
DTXSID6057746,2065,0.0,0
DTXSID6057748,2065,0.0,0
DTXSID6057790,2065,0.0,0
DTXSID6057794,2065,0.0,0
DTXSID6057796,2065,0.0,0
DTXSID6057798,2065,0.0,0
DTXSID6057821,2065,0.0,0
DTXSID6057823,2065,0.0,0
DTXSID6057825,2065,0.0,0
DTXSID6057827,2065,0.0,0
DTXSID6057829,2065,0.0,0
DTXSID7020005,2065,0.0,0
DTXSID7020007,2065,0.0,0
DTXSID7020009,2065,0.0,0
DTXSID7020053,2065,0.0,0
DTXSID7020057,2065,0.0,0
DTXSID7020138,2065,0.0,0
DTXSID7020182,2065,0.0,0
DTXSID7020184,2065,0.0,0
DTXSID7020211,2065,0.0,0
DTXSID7020213,2065,0.0,0
DTXSID7020215,2065,0.0,0
DTXSID7020261,2065,0.0,0
DTXSID7020263,2065,0.0,0
DTXSID7020265,2065,0.0,0
DTXSID7020267,2065,0.9999999563077259,1
DTXSID7020340,2065,0.9999999999994926,1
DTXSID7020344,2065,0.0,0
DTXSID7020348,2065,0.0,0
DTXSID7020390,2065,0.0,0
DTXSID7020392,2065,0.0,0
DTXSID7020398,2065,0.0,0
DTXSID7020421,2065,0.0,0
DTXSID7020423,2065,5.456519913267876e-12,0
DTXSID7020425,2065,1.0,1
DTXSID7020427,2065,0.0,0
DTXSID7020479,2065,0.0,0
DTXSID7020504,2065,0.0,0
DTXSID7020508,2065,0.0,0
DTXSID7020550,2065,0.0,0
DTXSID7020552,2065,0.0,0
DTXSID7020558,2065,0.0,0
DTXSID7020631,2065,0.0,0
DTXSID7020635,2065,3.280928933153869e-15,0
DTXSID7020681,2065,0.0,0
DTXSID7020683,2065,0.0,0
DTXSID7020685,2065,0.0,0
DTXSID7020687,2065,0.0,0
DTXSID7020689,2065,0.0,0
DTXSID7020710,2065,0.0,0
DTXSID7020714,2065,0.0,0
DTXSID7020716,2065,0.0,0
DTXSID7020760,2065,0.0,0
DTXSID7020762,2065,0.0,0
DTXSID7020764,2065,0.0,0
DTXSID7020766,2065,0.0,0
DTXSID7020768,2065,0.0,0
DTXSID7020841,2065,0.0,0
DTXSID7020843,2065,0.0,0
DTXSID7020845,2065,0.0,0
DTXSID7020847,2065,0.0,0
DTXSID7020893,2065,0.0,0
DTXSID7020895,2065,0.0,0
DTXSID7020899,2065,0.0,0
DTXSID7020920,2065,0.0,0
DTXSID7020922,2065,0.0,0
DTXSID7020928,2065,0.0,0
DTXSID7020970,2065,1.1123382535521769e-17,0
DTXSID7020972,2065,0.0,0
DTXSID7020976,2065,0.0,0
DTXSID7020978,2065,0.0,0
DTXSID7021027,2065,0.0,0
DTXSID7021029,2065,0.0,0
DTXSID7021100,2065,0.0,0
DTXSID7021102,2065,0.0,0
DTXSID7021104,2065,0.0,0
DTXSID7021106,2065,0.0,0
DTXSID7021150,2065,1.0,1
DTXSID7021152,2065,0.0,0
DTXSID7021156,2065,0.0,0
DTXSID7021158,2065,0.0,0
DTXSID7021231,2065,0.0,0
DTXSID7021233,2065,0.0,0
DTXSID7021235,2065,0.0,0
DTXSID7021237,2065,0.0,0
DTXSID7021239,2065,0.9985410402141126,1
DTXSID7021283,2065,0.9999999975489752,1
DTXSID7021287,2065,0.0,0
DTXSID7021289,2065,0.0,0
DTXSID7021312,2065,0.0,0
DTXSID7021314,2065,0.9999999948647978,1
DTXSID7021316,2065,0.0,0
DTXSID7021318,2065,0.0,0
DTXSID7021360,2065,0.0,0
DTXSID7021362,2065,0.0,0
DTXSID7021364,2065,0.0,0
DTXSID7021366,2065,0.0,0
DTXSID7021368,2065,0.9999999999994235,1
DTXSID7021491,2065,0.0,0
DTXSID7021493,2065,0.0,0
DTXSID7021495,2065,0.0,0
DTXSID7021499,2065,0.0,0
DTXSID7021520,2065,0.0,0
DTXSID7021524,2065,0.0,0
DTXSID7021526,2065,0.0,0
DTXSID7021576,2065,0.0,0
DTXSID7021601,2065,0.0,0
DTXSID7021603,2065,0.0,0
DTXSID7021605,2065,0.0,0
DTXSID7021607,2065,0.0,0
DTXSID7021653,2065,0.0,0
DTXSID7021655,2065,0.0,0
DTXSID7021657,2065,0.0,0
DTXSID7021659,2065,0.0,0
DTXSID7021780,2065,0.0,0
DTXSID7021782,2065,0.0,0
DTXSID7021784,2065,5.3385331339652194e-20,0
DTXSID7021788,2065,0.0,0
DTXSID7021815,2065,0.0,0
DTXSID7021817,2065,0.0,0
DTXSID7021861,2065,0.0,0
DTXSID7021863,2065,0.0,0
DTXSID7021867,2065,0.0,0
DTXSID7021869,2065,0.0,0
DTXSID7021940,2065,0.0,0
DTXSID7021946,2065,0.0,0
DTXSID7021948,2065,0.0,0
DTXSID7021992,2065,0.0,0
DTXSID7021994,2065,0.0,0
DTXSID7021996,2065,0.0,0
DTXSID7021998,2065,0.0,0
DTXSID7022043,2065,0.0,0
DTXSID7022049,2065,0.0,0
DTXSID7022093,2065,0.0,0
DTXSID7022120,2065,0.0,0
DTXSID7022124,2065,0.0,0
DTXSID7022128,2065,0.0,0
DTXSID7022170,2065,0.0,0
DTXSID7022172,2065,0.0,0
DTXSID7022174,2065,0.0,0
DTXSID7022253,2065,0.0,0
DTXSID7022332,2065,0.0,0
DTXSID7022382,2065,0.0,0
DTXSID7022384,2065,0.9999999998575507,1
DTXSID7022411,2065,0.0,0
DTXSID7022413,2065,0.0,0
DTXSID7022415,2065,0.0,0
DTXSID7022417,2065,0.0,0
DTXSID7022540,2065,0.0,0
DTXSID7022544,2065,0.0,0
DTXSID7022546,2065,0.0,0
DTXSID7022590,2065,0.0,0
DTXSID7022592,2065,3.743597878380417e-15,0
DTXSID7022598,2065,0.999777398731074,1
DTXSID7022629,2065,0.0,0
DTXSID7022673,2065,0.0,0
DTXSID7022679,2065,0.0,0
DTXSID7022704,2065,0.0,0
DTXSID7022833,2065,0.0,0
DTXSID7022835,2065,0.0,0
DTXSID7022837,2065,0.0,0
DTXSID7022883,2065,0.0,0
DTXSID7022910,2065,0.0,0
DTXSID7022912,2065,0.0,0
DTXSID7022914,2065,0.0,0
DTXSID7022918,2065,0.0,0
DTXSID7022968,2065,0.0,0
DTXSID7023011,2065,0.0,0
DTXSID7023019,2065,0.0,0
DTXSID7023061,2065,0.0,0
DTXSID7023063,2065,0.0,0
DTXSID7023067,2065,0.0,0
DTXSID7023140,2065,0.0,0
DTXSID7023146,2065,0.0,0
DTXSID7023148,2065,0.0,0
DTXSID7023190,2065,0.0,0
DTXSID7023192,2065,0.0,0
DTXSID7023194,2065,0.0,0
DTXSID7023221,2065,0.0,0
DTXSID7023227,2065,0.0,0
DTXSID7023271,2065,0.0,0
DTXSID7023277,2065,0.0,0
DTXSID7023300,2065,0.0,0
DTXSID7023350,2065,0.0,0
DTXSID7023352,2065,0.0,0
DTXSID7023356,2065,0.0,0
DTXSID7023437,2065,0.0,0
DTXSID7023481,2065,0.0,0
DTXSID7023485,2065,0.0,0
DTXSID7023487,2065,0.0,0
DTXSID7023510,2065,0.0,0
DTXSID7023512,2065,0.0,0
DTXSID7023516,2065,0.0,0
DTXSID7023518,2065,0.0,0
DTXSID7023568,2065,0.0,0
DTXSID7023645,2065,0.0,0
DTXSID7023691,2065,0.0,0
DTXSID7023697,2065,0.0,0
DTXSID7023699,2065,0.0,0
DTXSID7023722,2065,0.0,0
DTXSID7023724,2065,0.0,0
DTXSID7023853,2065,0.0,0
DTXSID7023930,2065,0.0,0
DTXSID7023932,2065,0.0,0
DTXSID7023936,2065,0.0,0
DTXSID7023938,2065,0.0,0
DTXSID7023980,2065,0.0,0
DTXSID7023986,2065,0.0,0
DTXSID7024031,2065,0.0,0
DTXSID7024035,2065,0.0,0
DTXSID7024081,2065,0.0,0
DTXSID7024085,2065,0.0,0
DTXSID7024087,2065,0.0,0
DTXSID7024110,2065,1.6910809122750869e-18,0
DTXSID7024112,2065,0.0,0
DTXSID7024160,2065,0.0,0
DTXSID7024164,2065,0.0,0
DTXSID7024166,2065,0.0,0
DTXSID7024241,2065,0.0,0
DTXSID7024245,2065,0.0,0
DTXSID7024247,2065,0.0,0
DTXSID7024291,2065,0.0,0
DTXSID7024299,2065,0.0,0
DTXSID7024320,2065,0.0,0
DTXSID7024328,2065,0.0,0
DTXSID7024370,2065,0.0,0
DTXSID7024376,2065,0.0,0
DTXSID7024409,2065,0.0,0
DTXSID7024455,2065,0.0,0
DTXSID7024457,2065,0.9999999999995872,1
DTXSID7024532,2065,0.0,0
DTXSID7024534,2065,0.0,0
DTXSID7024538,2065,0.0,0
DTXSID7024580,2065,0.0,0
DTXSID7024586,2065,0.0,0
DTXSID7024615,2065,0.0,0
DTXSID7024661,2065,0.0,0
DTXSID7024667,2065,0.0,0
DTXSID7024740,2065,0.0,0
DTXSID7024742,2065,0.0,0
DTXSID7024798,2065,0.0,0
DTXSID7024821,2065,0.0,0
DTXSID7024827,2065,0.0,0
DTXSID7024873,2065,0.0,0
DTXSID7024875,2065,0.6712709482422765,0
DTXSID7024902,2065,0.0,0
DTXSID7024904,2065,0.0,0
DTXSID7024906,2065,0.0,0
DTXSID7024950,2065,0.36436466321741023,0
DTXSID7024952,2065,0.0,0
DTXSID7024956,2065,0.999999999999962,1
DTXSID7025001,2065,0.0,0
DTXSID7025003,2065,0.0,0
DTXSID7025005,2065,0.0,0
DTXSID7025051,2065,0.0,0
DTXSID7025053,2065,0.0,0
DTXSID7025055,2065,0.0,0
DTXSID7025130,2065,0.0,0
DTXSID7025132,2065,0.0,0
DTXSID7025134,2065,0.0,0
DTXSID7025136,2065,0.0,0
DTXSID7025138,2065,0.9999999999999891,1
DTXSID7025180,2065,1.3837669782883297e-07,0
DTXSID7025215,2065,0.0,0
DTXSID7025217,2065,0.0,0
DTXSID7025219,2065,0.9999999645311601,1
DTXSID7025269,2065,0.0,0
DTXSID7025342,2065,0.0,0
DTXSID7025346,2065,0.0,0
DTXSID7025390,2065,0.0,0
DTXSID7025394,2065,0.0,0
DTXSID7025421,2065,0.0,0
DTXSID7025423,2065,0.0,0
DTXSID7025425,2065,0.0,0
DTXSID7025427,2065,0.0,0
DTXSID7025429,2065,4.2247983934229145e-22,0
DTXSID7025479,2065,0.0,0
DTXSID7025502,2065,0.0,0
DTXSID7025506,2065,0.0,0
DTXSID7025508,2065,0.0,0
DTXSID7025558,2065,0.0,0
DTXSID7025633,2065,0.0,0
DTXSID7025635,2065,0.0,0
DTXSID7025637,2065,0.0,0
DTXSID7025639,2065,0.0,0
DTXSID7025689,2065,0.0,0
DTXSID7025716,2065,0.0,0
DTXSID7025764,2065,0.0,0
DTXSID7025768,2065,0.0,0
DTXSID7025849,2065,0.0,0
DTXSID7025895,2065,0.0,0
DTXSID7025922,2065,0.0,0
DTXSID7025924,2065,0.0,0
DTXSID7025926,2065,0.0,0
DTXSID7025972,2065,0.0,0
DTXSID7026025,2065,0.0,0
DTXSID7026029,2065,0.0,0
DTXSID7026102,2065,0.0,0
DTXSID7026108,2065,0.0,0
DTXSID7026156,2065,0.0,0
DTXSID7026231,2065,0.0,0
DTXSID7026235,2065,0.0,0
DTXSID7026285,2065,0.0,0
DTXSID7026314,2065,0.9999999908535834,1
DTXSID7026318,2065,0.0,0
DTXSID7026366,2065,0.0,0
DTXSID7026368,2065,0.0,0
DTXSID7026441,2065,0.0,0
DTXSID7026499,2065,0.0,0
DTXSID7026520,2065,0.0,0
DTXSID7026526,2065,0.0,0
DTXSID7026528,2065,0.0,0
DTXSID7026572,2065,0.0,0
DTXSID7026605,2065,0.0,0
DTXSID7026609,2065,0.0,0
DTXSID7026653,2065,0.0,0
DTXSID7026655,2065,0.9998776972820679,1
DTXSID7026811,2065,0.0,0
DTXSID7026863,2065,0.0,0
DTXSID7026867,2065,0.0,0
DTXSID7026946,2065,0.0,0
DTXSID7026994,2065,0.0,0
DTXSID7026998,2065,0.0,0
DTXSID7027041,2065,0.0,0
DTXSID7027043,2065,0.0,0
DTXSID7027047,2065,0.0,0
DTXSID7027049,2065,0.0,0
DTXSID7027097,2065,0.0,0
DTXSID7027099,2065,0.0,0
DTXSID7027120,2065,0.0,0
DTXSID7027122,2065,0.0,0
DTXSID7027174,2065,0.0,0
DTXSID7027178,2065,0.0,0
DTXSID7027201,2065,0.0,0
DTXSID7027205,2065,0.0,0
DTXSID7027253,2065,0.0,0
DTXSID7027259,2065,0.0,0
DTXSID7027334,2065,0.0,0
DTXSID7027338,2065,0.0,0
DTXSID7027386,2065,0.0,0
DTXSID7027388,2065,0.0,0
DTXSID7027413,2065,0.0,0
DTXSID7027461,2065,0.0,0
DTXSID7027467,2065,0.0,0
DTXSID7027540,2065,0.0,0
DTXSID7027542,2065,0.0,0
DTXSID7027544,2065,0.0,0
DTXSID7027546,2065,0.0,0
DTXSID7027594,2065,0.0,0
DTXSID7027596,2065,0.0,0
DTXSID7027598,2065,0.0,0
DTXSID7027625,2065,0.0,0
DTXSID7027756,2065,0.0,0
DTXSID7027833,2065,0.0,0
DTXSID7027835,2065,0.0,0
DTXSID7027837,2065,0.0,0
DTXSID7027887,2065,0.0,0
DTXSID7027916,2065,0.0,0
DTXSID7027966,2065,0.0,0
DTXSID7028011,2065,0.0,0
DTXSID7028013,2065,0.0,0
DTXSID7028015,2065,0.999966274721157,1
DTXSID7028300,2065,0.0,0
DTXSID7028306,2065,0.0,0
DTXSID7028774,2065,0.0,0
DTXSID7028776,2065,0.0,0
DTXSID7029110,2065,0.0,0
DTXSID7029160,2065,0.0,0
DTXSID7029162,2065,0.0,0
DTXSID7029164,2065,0.0,0
DTXSID7029166,2065,0.0,0
DTXSID7029241,2065,1.0,1
DTXSID7029247,2065,0.0,0
DTXSID7029249,2065,0.0,0
DTXSID7029299,2065,0.0,0
DTXSID7029320,2065,0.0,0
DTXSID7029534,2065,0.0,0
DTXSID7029611,2065,0.0,0
DTXSID7029617,2065,0.0,0
DTXSID7029619,2065,0.0,0
DTXSID7029661,2065,0.0,0
DTXSID7029665,2065,0.0,0
DTXSID7029871,2065,0.9999999984554768,1
DTXSID7029879,2065,0.9999998479483702,1
DTXSID7029904,2065,0.0,0
DTXSID7030060,2065,0.0,0
DTXSID7030197,2065,0.0,0
DTXSID7030307,2065,0.0,0
DTXSID7030432,2065,0.0,0
DTXSID7030698,2065,0.0,0
DTXSID7031248,2065,0.0,0
DTXSID7031290,2065,0.0,0
DTXSID7031294,2065,0.0,0
DTXSID7031458,2065,0.0,0
DTXSID7031531,2065,0.0,0
DTXSID7031797,2065,0.0,0
DTXSID7031903,2065,0.0,0
DTXSID7032004,2065,0.0,0
DTXSID7032345,2065,0.9999999968921641,1
DTXSID7032393,2065,0.0,0
DTXSID7032424,2065,0.0,0
DTXSID7032470,2065,0.0,0
DTXSID7032474,2065,0.0,0
DTXSID7032551,2065,1.0,1
DTXSID7032553,2065,0.0,0
DTXSID7032555,2065,0.0,0
DTXSID7032559,2065,0.0,0
DTXSID7032630,2065,0.0,0
DTXSID7032638,2065,0.0,0
DTXSID7032688,2065,0.0,0
DTXSID7033105,2065,0.0,0
DTXSID7034042,2065,0.9999999999999994,1
DTXSID7034250,2065,0.0,0
DTXSID7034252,2065,0.0,0
DTXSID7034383,2065,0.0,0
DTXSID7034460,2065,0.0,0
DTXSID7034545,2065,0.0,0
DTXSID7034549,2065,0.0,0
DTXSID7034624,2065,0.0,0
DTXSID7034672,2065,0.0,0
DTXSID7034674,2065,0.9999998573385699,1
DTXSID7034676,2065,0.0,0
DTXSID7034836,2065,0.0,0
DTXSID7034961,2065,0.0,0
DTXSID7035010,2065,0.0,0
DTXSID7035272,2065,0.0,0
DTXSID7035305,2065,0.0,0
DTXSID7037131,2065,0.0,0
DTXSID7037185,2065,0.9988410680413724,1
DTXSID7037262,2065,0.0,0
DTXSID7037478,2065,0.0,0
DTXSID7037551,2065,0.0,0
DTXSID7037553,2065,0.0,0
DTXSID7037555,2065,4.788470326666479e-19,0
DTXSID7037680,2065,0.0,0
DTXSID7037715,2065,0.0,0
DTXSID7037717,2065,0.9999999862231792,1
DTXSID7038317,2065,0.0,0
DTXSID7038810,2065,0.0,0
DTXSID7038814,2065,0.0,0
DTXSID7038818,2065,0.0,0
DTXSID7038864,2065,1.0,1
DTXSID7040152,2065,0.0,0
DTXSID7040154,2065,0.0,0
DTXSID7040283,2065,1.7035762211128242e-18,0
DTXSID7040285,2065,0.0,0
DTXSID7040287,2065,0.0,0
DTXSID7040289,2065,0.0,0
DTXSID7040316,2065,2.534140687318078e-10,0
DTXSID7040360,2065,0.0,0
DTXSID7040362,2065,0.0,0
DTXSID7040449,2065,0.0,0
DTXSID7040526,2065,0.0,0
DTXSID7040653,2065,0.0,0
DTXSID7040657,2065,0.0,0
DTXSID7040732,2065,0.0,0
DTXSID7040734,2065,0.0,0
DTXSID7040736,2065,0.0,0
DTXSID7040738,2065,0.0,0
DTXSID7040784,2065,0.0,0
DTXSID7040788,2065,0.0,0
DTXSID7040948,2065,0.0,0
DTXSID7040990,2065,0.99999999997367,1
DTXSID7041047,2065,0.0,0
DTXSID7041097,2065,0.0,0
DTXSID7041126,2065,0.0,0
DTXSID7041178,2065,0.0,0
DTXSID7041201,2065,0.0,0
DTXSID7041209,2065,0.0,0
DTXSID7041253,2065,0.0,0
DTXSID7041336,2065,0.0,0
DTXSID7041388,2065,0.0,0
DTXSID7041411,2065,0.9999760021113316,1
DTXSID7041413,2065,0.0,0
DTXSID7041417,2065,0.0,0
DTXSID7041461,2065,1.0,1
DTXSID7041467,2065,0.0,0
DTXSID7041540,2065,0.0,0
DTXSID7041544,2065,0.9999994663021318,1
DTXSID7041621,2065,0.0,0
DTXSID7041623,2065,0.0,0
DTXSID7041625,2065,0.0,0
DTXSID7041627,2065,0.0,0
DTXSID7041629,2065,0.9999999999999989,1
DTXSID7041671,2065,0.0,0
DTXSID7041675,2065,0.0,0
DTXSID7041708,2065,0.0,0
DTXSID7041752,2065,0.0,0
DTXSID7041756,2065,0.0,0
DTXSID7041883,2065,0.0,0
DTXSID7041887,2065,1.0,1
DTXSID7041889,2065,0.0,0
DTXSID7041910,2065,0.0,0
DTXSID7041914,2065,0.0,0
DTXSID7041916,2065,0.0,0
DTXSID7041918,2065,0.0,0
DTXSID7041962,2065,0.0,0
DTXSID7041964,2065,0.0,0
DTXSID7041966,2065,0.0,0
DTXSID7042011,2065,0.0,0
DTXSID7042019,2065,0.0,0
DTXSID7042061,2065,0.0,0
DTXSID7042063,2065,0.0,0
DTXSID7042065,2065,0.0,0
DTXSID7042140,2065,0.0,0
DTXSID7042146,2065,0.0,0
DTXSID7042190,2065,0.0,0
DTXSID7042196,2065,0.0,0
DTXSID7042198,2065,0.0,0
DTXSID7042273,2065,1.3990731136812742e-19,0
DTXSID7042279,2065,0.0,0
DTXSID7042352,2065,0.0,0
DTXSID7042356,2065,0.0,0
DTXSID7042437,2065,0.0,0
DTXSID7042514,2065,0.0,0
DTXSID7043829,2065,0.0,0
DTXSID7043873,2065,0.0,0
DTXSID7043902,2065,0.0,0
DTXSID7043908,2065,0.0,0
DTXSID7043950,2065,0.0,0
DTXSID7044132,2065,0.0,0
DTXSID7044215,2065,0.0,0
DTXSID7044217,2065,0.0,0
DTXSID7044267,2065,0.0,0
DTXSID7044340,2065,0.0,0
DTXSID7044342,2065,0.0,0
DTXSID7044346,2065,0.0,0
DTXSID7044390,2065,0.0,0
DTXSID7044392,2065,0.0,0
DTXSID7044394,2065,0.0,0
DTXSID7044396,2065,0.0,0
DTXSID7044398,2065,0.0,0
DTXSID7044421,2065,0.0,0
DTXSID7044423,2065,0.0,0
DTXSID7044425,2065,0.0,0
DTXSID7044427,2065,0.0,0
DTXSID7044429,2065,0.0,0
DTXSID7044471,2065,0.0,0
DTXSID7044473,2065,0.0,0
DTXSID7044475,2065,0.0,0
DTXSID7044479,2065,0.0,0
DTXSID7044500,2065,0.0,0
DTXSID7044502,2065,0.0,0
DTXSID7044504,2065,0.9999990287474758,1
DTXSID7044506,2065,0.0,0
DTXSID7044508,2065,0.0,0
DTXSID7044552,2065,0.0,0
DTXSID7044554,2065,0.0,0
DTXSID7044558,2065,1.0,1
DTXSID7044631,2065,0.0,0
DTXSID7044633,2065,0.0,0
DTXSID7044635,2065,0.0,0
DTXSID7044639,2065,0.9999999999999816,1
DTXSID7044681,2065,0.0,0
DTXSID7044685,2065,0.0,0
DTXSID7044689,2065,0.0,0
DTXSID7044710,2065,0.0,0
DTXSID7044712,2065,0.0,0
DTXSID7044714,2065,0.0,0
DTXSID7044716,2065,0.0,0
DTXSID7044718,2065,0.0,0
DTXSID7044760,2065,0.0,0
DTXSID7044762,2065,0.0,0
DTXSID7044764,2065,0.0,0
DTXSID7044768,2065,0.0,0
DTXSID7044841,2065,0.9999994748543121,1
DTXSID7044843,2065,0.0,0
DTXSID7044845,2065,0.0,0
DTXSID7044847,2065,0.0,0
DTXSID7044849,2065,0.0,0
DTXSID7044893,2065,0.9999999886422376,1
DTXSID7044895,2065,0.0,0
DTXSID7044897,2065,0.0,0
DTXSID7044899,2065,0.0,0
DTXSID7044922,2065,0.0,0
DTXSID7044926,2065,0.0,0
DTXSID7044928,2065,0.0,0
DTXSID7044970,2065,0.0,0
DTXSID7044972,2065,0.0,0
DTXSID7044974,2065,0.0,0
DTXSID7044976,2065,0.0,0
DTXSID7044978,2065,0.0,0
DTXSID7045029,2065,0.0,0
DTXSID7045152,2065,0.9999999975180799,1
DTXSID7045158,2065,0.0,0
DTXSID7045281,2065,0.0,0
DTXSID7045287,2065,0.0,0
DTXSID7045310,2065,0.0,0
DTXSID7045312,2065,0.0,0
DTXSID7045316,2065,0.0,0
DTXSID7045364,2065,0.0,0
DTXSID7045366,2065,0.0,0
DTXSID7045368,2065,0.0,0
DTXSID7045441,2065,0.0,0
DTXSID7045447,2065,0.9999997968111501,1
DTXSID7045493,2065,0.0,0
DTXSID7045497,2065,0.0,0
DTXSID7045522,2065,0.0,0
DTXSID7045526,2065,0.0,0
DTXSID7045570,2065,0.0,0
DTXSID7045572,2065,0.0,0
DTXSID7045574,2065,0.0,0
DTXSID7045576,2065,0.0,0
DTXSID7045578,2065,0.0,0
DTXSID7045601,2065,0.0,0
DTXSID7045607,2065,0.0,0
DTXSID7045651,2065,0.0,0
DTXSID7045653,2065,0.0,0
DTXSID7045655,2065,0.0,0
DTXSID7045659,2065,0.0,0
DTXSID7045788,2065,0.0,0
DTXSID7045811,2065,0.0,0
DTXSID7045813,2065,0.0,0
DTXSID7045815,2065,0.0,0
DTXSID7045863,2065,0.0,0
DTXSID7045867,2065,0.0,0
DTXSID7045940,2065,0.0,0
DTXSID7045942,2065,0.0,0
DTXSID7045946,2065,0.0,0
DTXSID7045948,2065,0.0,0
DTXSID7045996,2065,0.0,0
DTXSID7046041,2065,0.0,0
DTXSID7046045,2065,0.0,0
DTXSID7046047,2065,0.0,0
DTXSID7046091,2065,2.2475492545238393e-14,0
DTXSID7046093,2065,0.0,0
DTXSID7046095,2065,0.0,0
DTXSID7046126,2065,0.0,0
DTXSID7046128,2065,0.0,0
DTXSID7046174,2065,0.0,0
DTXSID7046176,2065,0.0,0
DTXSID7046201,2065,0.0,0
DTXSID7046207,2065,0.0,0
DTXSID7046332,2065,0.0,0
DTXSID7046384,2065,0.0,0
DTXSID7046386,2065,2.0577214338095696e-16,0
DTXSID7046388,2065,0.0,0
DTXSID7046415,2065,0.0,0
DTXSID7046417,2065,0.0,0
DTXSID7046419,2065,0.0,0
DTXSID7046461,2065,0.0,0
DTXSID7046463,2065,0.0,0
DTXSID7046465,2065,0.0,0
DTXSID7046467,2065,0.0,0
DTXSID7046594,2065,0.0,0
DTXSID7046623,2065,0.0,0
DTXSID7046627,2065,0.0,0
DTXSID7046673,2065,0.0,0
DTXSID7046675,2065,6.840240584519686e-21,0
DTXSID7046677,2065,0.0,0
DTXSID7046706,2065,0.0,0
DTXSID7046756,2065,0.0,0
DTXSID7046831,2065,0.0,0
DTXSID7046887,2065,0.0,0
DTXSID7046889,2065,0.0,0
DTXSID7046910,2065,0.0,0
DTXSID7046912,2065,0.0,0
DTXSID7046914,2065,0.0,0
DTXSID7046966,2065,0.0,0
DTXSID7047061,2065,0.0,0
DTXSID7047065,2065,0.0,0
DTXSID7047067,2065,0.0,0
DTXSID7047140,2065,0.0,0
DTXSID7047142,2065,0.0,0
DTXSID7047144,2065,0.9999999939809502,1
DTXSID7047146,2065,5.562858738728548e-10,0
DTXSID7047190,2065,0.0,0
DTXSID7047192,2065,0.0,0
DTXSID7047196,2065,0.0,0
DTXSID7047198,2065,0.0,0
DTXSID7047271,2065,0.9999999761732521,1
DTXSID7047277,2065,0.9799050801332818,1
DTXSID7047279,2065,0.0,0
DTXSID7047304,2065,4.1673350433386814e-21,0
DTXSID7047306,2065,0.0,0
DTXSID7047308,2065,1.2215906330369157e-18,0
DTXSID7047356,2065,0.0,0
DTXSID7047358,2065,0.0,0
DTXSID7047433,2065,0.0,0
DTXSID7047435,2065,0.0,0
DTXSID7047437,2065,0.0,0
DTXSID7047439,2065,0.0,0
DTXSID7047487,2065,0.0,0
DTXSID7047510,2065,0.0,0
DTXSID7047512,2065,0.0,0
DTXSID7047518,2065,0.0,0
DTXSID7047560,2065,0.0,0
DTXSID7047562,2065,0.0,0
DTXSID7047568,2065,0.0,0
DTXSID7047641,2065,0.0,0
DTXSID7047643,2065,0.0,0
DTXSID7047645,2065,0.0,0
DTXSID7047647,2065,0.0,0
DTXSID7047649,2065,0.0,0
DTXSID7047691,2065,0.0,0
DTXSID7047693,2065,0.0,0
DTXSID7047697,2065,4.735958492165108e-15,0
DTXSID7047726,2065,0.0,0
DTXSID7047772,2065,0.0,0
DTXSID7047774,2065,0.0,0
DTXSID7047776,2065,0.0,0
DTXSID7047801,2065,0.0,0
DTXSID7047803,2065,0.0,0
DTXSID7047807,2065,0.0,0
DTXSID7047853,2065,0.0,0
DTXSID7047930,2065,0.0,0
DTXSID7047932,2065,0.0,0
DTXSID7047934,2065,0.0,0
DTXSID7047936,2065,0.0,0
DTXSID7047938,2065,0.0,0
DTXSID7048166,2065,0.04512910812376461,0
DTXSID7048168,2065,4.5886791986043725e-20,0
DTXSID7048580,2065,0.0,0
DTXSID7048582,2065,0.0,0
DTXSID7048619,2065,3.7223489120774776e-16,0
DTXSID7048661,2065,0.0,0
DTXSID7048669,2065,0.0,0
DTXSID7048740,2065,0.0,0
DTXSID7048744,2065,0.0,0
DTXSID7048746,2065,0.0,0
DTXSID7048790,2065,0.0,0
DTXSID7048792,2065,0.0,0
DTXSID7048794,2065,0.0,0
DTXSID7048796,2065,0.0,0
DTXSID7048798,2065,0.9999094614497116,1
DTXSID7048821,2065,0.0,0
DTXSID7048823,2065,0.0,0
DTXSID7048825,2065,0.0,0
DTXSID7048827,2065,0.0,0
DTXSID7048829,2065,0.0,0
DTXSID7048871,2065,0.0,0
DTXSID7048873,2065,0.0,0
DTXSID7048875,2065,0.0,0
DTXSID7048877,2065,0.0,0
DTXSID7048879,2065,0.0,0
DTXSID7048900,2065,0.0,0
DTXSID7048902,2065,0.0,0
DTXSID7048904,2065,0.0,0
DTXSID7048908,2065,0.0,0
DTXSID7048954,2065,0.0,0
DTXSID7049003,2065,0.0,0
DTXSID7049007,2065,0.0,0
DTXSID7049051,2065,0.0,0
DTXSID7049055,2065,0.0,0
DTXSID7049059,2065,0.0,0
DTXSID7049211,2065,0.0,0
DTXSID7049213,2065,0.0,0
DTXSID7049215,2065,0.0,0
DTXSID7049217,2065,0.0,0
DTXSID7049219,2065,0.0,0
DTXSID7049261,2065,0.0,0
DTXSID7049263,2065,0.0,0
DTXSID7049265,2065,0.0,0
DTXSID7049267,2065,0.0,0
DTXSID7049269,2065,0.0,0
DTXSID7049340,2065,1.0,1
DTXSID7049342,2065,0.0,0
DTXSID7049344,2065,0.0,0
DTXSID7049346,2065,0.0,0
DTXSID7049348,2065,0.0,0
DTXSID7049390,2065,0.0,0
DTXSID7049392,2065,0.0,0
DTXSID7049394,2065,0.0,0
DTXSID7049396,2065,0.0,0
DTXSID7049398,2065,0.0,0
DTXSID7049421,2065,0.0,0
DTXSID7049423,2065,0.0,0
DTXSID7049425,2065,0.0,0
DTXSID7049427,2065,0.0,0
DTXSID7049429,2065,0.0,0
DTXSID7049471,2065,0.0,0
DTXSID7049473,2065,0.0,0
DTXSID7049475,2065,0.0,0
DTXSID7049477,2065,0.0,0
DTXSID7049479,2065,0.0,0
DTXSID7049500,2065,0.0,0
DTXSID7049502,2065,0.0,0
DTXSID7049504,2065,0.0,0
DTXSID7049506,2065,0.0,0
DTXSID7049508,2065,0.0,0
DTXSID7049550,2065,0.0,0
DTXSID7049552,2065,0.0,0
DTXSID7049554,2065,0.0,0
DTXSID7049556,2065,0.0,0
DTXSID7049558,2065,0.0,0
DTXSID7051474,2065,0.0,0
DTXSID7051557,2065,0.0,0
DTXSID7051715,2065,0.0,0
DTXSID7051890,2065,0.0,0
DTXSID7052101,2065,0.0,0
DTXSID7052109,2065,0.0,0
DTXSID7052284,2065,2.644156703021657e-22,0
DTXSID7052288,2065,0.0,0
DTXSID7052311,2065,0.0,0
DTXSID7052319,2065,0.0,0
DTXSID7052446,2065,0.0,0
DTXSID7052529,2065,0.0,0
DTXSID7052571,2065,0.0,0
DTXSID7052573,2065,0.0,0
DTXSID7052577,2065,0.0,0
DTXSID7052602,2065,0.0,0
DTXSID7052652,2065,0.0,0
DTXSID7052654,2065,0.0,0
DTXSID7052735,2065,0.0,0
DTXSID7052860,2065,0.0,0
DTXSID7052866,2065,0.0,0
DTXSID7057602,2065,0.0,0
DTXSID7057604,2065,0.0,0
DTXSID7057606,2065,0.0,0
DTXSID7057608,2065,0.0,0
DTXSID7057650,2065,0.0,0
DTXSID7057652,2065,0.0,0
DTXSID7057654,2065,0.0,0
DTXSID7057656,2065,0.0,0
DTXSID7057658,2065,0.0,0
DTXSID7057731,2065,0.0,0
DTXSID7057733,2065,0.0,0
DTXSID7057735,2065,0.0,0
DTXSID7057737,2065,0.0,0
DTXSID7057739,2065,0.0,0
DTXSID7057781,2065,0.0,0
DTXSID7057783,2065,0.0,0
DTXSID7057785,2065,0.0,0
DTXSID7057787,2065,0.0,0
DTXSID7057789,2065,0.0,0
DTXSID7057810,2065,0.0,0
DTXSID7057812,2065,0.0,0
DTXSID7057814,2065,0.0,0
DTXSID7057816,2065,0.0,0
DTXSID7057818,2065,1.4783929301660545e-11,0
DTXSID8020040,2065,0.999999999608571,1
DTXSID8020044,2065,0.0,0
DTXSID8020090,2065,0.0,0
DTXSID8020092,2065,0.0,0
DTXSID8020094,2065,0.0,0
DTXSID8020121,2065,0.0,0
DTXSID8020123,2065,0.0,0
DTXSID8020127,2065,0.0,0
DTXSID8020129,2065,0.0,0
DTXSID8020173,2065,0.0,0
DTXSID8020175,2065,0.0,0
DTXSID8020179,2065,0.0,0
DTXSID8020200,2065,0.0,0
DTXSID8020202,2065,0.0,0
DTXSID8020206,2065,0.0,0
DTXSID8020250,2065,0.0,0
DTXSID8020252,2065,0.0,0
DTXSID8020256,2065,0.0,0
DTXSID8020331,2065,0.0,0
DTXSID8020337,2065,0.9999999996392357,1
DTXSID8020381,2065,1.849735675424998e-14,0
DTXSID8020410,2065,0.0,0
DTXSID8020462,2065,0.0,0
DTXSID8020464,2065,0.0,0
DTXSID8020466,2065,0.0,0
DTXSID8020468,2065,0.0,0
DTXSID8020541,2065,0.0,0
DTXSID8020543,2065,0.0,0
DTXSID8020545,2065,0.0,0
DTXSID8020591,2065,0.0,0
DTXSID8020593,2065,0.0,0
DTXSID8020597,2065,0.0,0
DTXSID8020620,2065,0.0,0
DTXSID8020622,2065,0.0,0
DTXSID8020624,2065,0.9999998853756252,1
DTXSID8020626,2065,0.0,0
DTXSID8020628,2065,0.0,0
DTXSID8020674,2065,0.0,0
DTXSID8020678,2065,0.0,0
DTXSID8020703,2065,0.0,0
DTXSID8020707,2065,0.0,0
DTXSID8020709,2065,0.0,0
DTXSID8020753,2065,0.0,0
DTXSID8020755,2065,0.0,0
DTXSID8020757,2065,0.0,0
DTXSID8020759,2065,0.0,0
DTXSID8020830,2065,0.0,0
DTXSID8020834,2065,0.0,0
DTXSID8020838,2065,0.0,0
DTXSID8020880,2065,0.0,0
DTXSID8020886,2065,0.0,0
DTXSID8020888,2065,0.0,0
DTXSID8020913,2065,0.0,0
DTXSID8020915,2065,0.0,0
DTXSID8020917,2065,0.0,0
DTXSID8020919,2065,0.0,0
DTXSID8020961,2065,0.0,0
DTXSID8020963,2065,0.0,0
DTXSID8020965,2065,0.0,0
DTXSID8020967,2065,0.0,0
DTXSID8020969,2065,0.0,0
DTXSID8021060,2065,0.0,0
DTXSID8021062,2065,0.0,0
DTXSID8021141,2065,0.0,0
DTXSID8021145,2065,0.0,0
DTXSID8021147,2065,0.0,0
DTXSID8021191,2065,0.8772312519294461,0
DTXSID8021193,2065,0.0,0
DTXSID8021195,2065,0.0,0
DTXSID8021199,2065,0.0,0
DTXSID8021222,2065,0.0,0
DTXSID8021224,2065,0.9996664428002481,1
DTXSID8021270,2065,0.0007210153657220664,0
DTXSID8021272,2065,0.0,0
DTXSID8021278,2065,0.0,0
DTXSID8021301,2065,1.0,1
DTXSID8021305,2065,0.0,0
DTXSID8021309,2065,0.0,0
DTXSID8021351,2065,0.0,0
DTXSID8021359,2065,0.0,0
DTXSID8021438,2065,0.0,0
DTXSID8021482,2065,0.0,0
DTXSID8021484,2065,0.0,0
DTXSID8021486,2065,0.0,0
DTXSID8021488,2065,0.0,0
DTXSID8021513,2065,0.0,0
DTXSID8021515,2065,0.0,0
DTXSID8021517,2065,0.0,0
DTXSID8021519,2065,0.0,0
DTXSID8021561,2065,0.0,0
DTXSID8021563,2065,0.0,0
DTXSID8021565,2065,0.0,0
DTXSID8021640,2065,0.0,0
DTXSID8021642,2065,0.0,0
DTXSID8021644,2065,0.0,0
DTXSID8021646,2065,0.0,0
DTXSID8021648,2065,0.0,0
DTXSID8021690,2065,0.0,0
DTXSID8021721,2065,0.0,0
DTXSID8021725,2065,0.0,0
DTXSID8021729,2065,0.0,0
DTXSID8021771,2065,0.0,0
DTXSID8021775,2065,0.0,0
DTXSID8021777,2065,0.0,0
DTXSID8021800,2065,0.0,0
DTXSID8021802,2065,0.0,0
DTXSID8021804,2065,0.0,0
DTXSID8021808,2065,0.0,0
DTXSID8021854,2065,0.0,0
DTXSID8021856,2065,0.0,0
DTXSID8021931,2065,0.0,0
DTXSID8021937,2065,0.0,0
DTXSID8021939,2065,0.0,0
DTXSID8022036,2065,0.0,0
DTXSID8022080,2065,2.9002470704889665e-09,0
DTXSID8022082,2065,0.0,0
DTXSID8022084,2065,0.0,0
DTXSID8022086,2065,0.0,0
DTXSID8022111,2065,0.0,0
DTXSID8022113,2065,0.0,0
DTXSID8022117,2065,0.0,0
DTXSID8022161,2065,0.0,0
DTXSID8022246,2065,0.0,0
DTXSID8022292,2065,0.0,0
DTXSID8022325,2065,2.264588487277226e-19,0
DTXSID8022371,2065,0.0,0
DTXSID8022377,2065,0.0,0
DTXSID8022404,2065,0.0,0
DTXSID8022406,2065,0.0,0
DTXSID8022408,2065,0.0,0
DTXSID8022585,2065,0.0,0
DTXSID8022589,2065,0.0,0
DTXSID8022610,2065,0.0,0
DTXSID8022614,2065,0.0,0
DTXSID8022666,2065,0.0,0
DTXSID8022741,2065,0.0,0
DTXSID8022743,2065,0.0,0
DTXSID8022749,2065,0.0,0
DTXSID8022822,2065,0.0,0
DTXSID8022828,2065,0.0,0
DTXSID8022870,2065,0.0,0
DTXSID8022872,2065,0.0,0
DTXSID8022901,2065,0.0,0
DTXSID8022959,2065,0.999999999808335,1
DTXSID8023050,2065,0.0,0
DTXSID8023054,2065,0.0,0
DTXSID8023137,2065,0.0,0
DTXSID8023214,2065,0.0,0
DTXSID8023216,2065,0.0,0
DTXSID8023260,2065,0.0,0
DTXSID8023262,2065,0.0,0
DTXSID8023347,2065,0.0,0
DTXSID8023349,2065,0.0,0
DTXSID8023393,2065,0.0,0
DTXSID8023395,2065,0.0,0
DTXSID8023426,2065,0.0,0
DTXSID8023470,2065,0.0,0
DTXSID8023472,2065,0.0,0
DTXSID8023474,2065,1.0,1
DTXSID8023476,2065,0.0,0
DTXSID8023505,2065,0.0,0
DTXSID8023551,2065,0.0,0
DTXSID8023557,2065,0.0,0
DTXSID8023630,2065,0.0,0
DTXSID8023632,2065,0.0,0
DTXSID8023636,2065,0.0,0
DTXSID8023688,2065,0.0,0
DTXSID8023713,2065,0.0,0
DTXSID8023719,2065,1.2186188768847426e-15,0
DTXSID8023846,2065,0.0,0
DTXSID8023848,2065,0.0,0
DTXSID8023890,2065,0.0,0
DTXSID8023892,2065,0.9999993067679972,1
DTXSID8023927,2065,0.0,0
DTXSID8023971,2065,0.0,0
DTXSID8023973,2065,0.0,0
DTXSID8023977,2065,0.0,0
DTXSID8024072,2065,0.0,0
DTXSID8024101,2065,0.0,0
DTXSID8024105,2065,0.0,0
DTXSID8024107,2065,0.0,0
DTXSID8024109,2065,0.0,0
DTXSID8024151,2065,0.999971409251698,1
DTXSID8024153,2065,1.2567231555699952e-08,0
DTXSID8024157,2065,0.0,0
DTXSID8024159,2065,0.0,0
DTXSID8024234,2065,0.0,0
DTXSID8024236,2065,0.0,0
DTXSID8024238,2065,0.0,0
DTXSID8024280,2065,0.0,0
DTXSID8024284,2065,0.0,0
DTXSID8024286,2065,0.0,0
DTXSID8024311,2065,0.0,0
DTXSID8024315,2065,0.0,0
DTXSID8024317,2065,0.0,0
DTXSID8024442,2065,0.0,0
DTXSID8024448,2065,0.0,0
DTXSID8024498,2065,1.5181236359977592e-13,0
DTXSID8024521,2065,0.0,0
DTXSID8024523,2065,0.0,0
DTXSID8024529,2065,0.0,0
DTXSID8024573,2065,0.0,0
DTXSID8024600,2065,0.0,0
DTXSID8024602,2065,0.0,0
DTXSID8024608,2065,0.9999991819299603,1
DTXSID8024652,2065,0.0,0
DTXSID8024658,2065,0.0,0
DTXSID8024733,2065,0.0,0
DTXSID8024739,2065,0.0,0
DTXSID8024781,2065,0.0,0
DTXSID8024783,2065,0.0,0
DTXSID8024787,2065,0.0,0
DTXSID8024810,2065,0.0,0
DTXSID8024814,2065,0.0,0
DTXSID8024862,2065,0.0,0
DTXSID8024864,2065,0.0,0
DTXSID8024866,2065,0.9999999999708413,1
DTXSID8024941,2065,0.0,0
DTXSID8024947,2065,0.0,0
DTXSID8024991,2065,0.0,0
DTXSID8024993,2065,0.0,0
DTXSID8024997,2065,0.0,0
DTXSID8024999,2065,0.0,0
DTXSID8025040,2065,0.0,0
DTXSID8025046,2065,0.0,0
DTXSID8025094,2065,0.0,0
DTXSID8025096,2065,0.0,0
DTXSID8025258,2065,0.00254280896707731,0
DTXSID8025331,2065,0.9999999999973936,1
DTXSID8025337,2065,0.0,0
DTXSID8025464,2065,0.0,0
DTXSID8025466,2065,0.0,0
DTXSID8025591,2065,0.0,0
DTXSID8025593,2065,0.0,0
DTXSID8025595,2065,0.0,0
DTXSID8025599,2065,0.9999999999999997,1
DTXSID8025628,2065,0.0,0
DTXSID8025670,2065,3.5643690878459147e-10,0
DTXSID8025703,2065,0.9120587926061872,1
DTXSID8025707,2065,0.0,0
DTXSID8025709,2065,0.9999999999999288,1
DTXSID8025751,2065,0.0,0
DTXSID8025757,2065,0.0,0
DTXSID8025759,2065,0.0,0
DTXSID8025830,2065,7.408794308876678e-14,0
DTXSID8025886,2065,0.0,0
DTXSID8025888,2065,0.0,0
DTXSID8025961,2065,0.0,0
DTXSID8025963,2065,0.0,0
DTXSID8025967,2065,0.0,0
DTXSID8025969,2065,0.0,0
DTXSID8026018,2065,0.0,0
DTXSID8026060,2065,0.0,0
DTXSID8026064,2065,0.0,0
DTXSID8026068,2065,0.0,0
DTXSID8026141,2065,0.0,0
DTXSID8026145,2065,0.0,0
DTXSID8026147,2065,0.0,0
DTXSID8026193,2065,0.0,0
DTXSID8026195,2065,0.0,0
DTXSID8026220,2065,0.0,0
DTXSID8026224,2065,0.0,0
DTXSID8026228,2065,0.0,0
DTXSID8026303,2065,0.0,0
DTXSID8026305,2065,0.0,0
DTXSID8026307,2065,0.0,0
DTXSID8026309,2065,0.0,0
DTXSID8026432,2065,0.0,0
DTXSID8026436,2065,0.0,0
DTXSID8026488,2065,0.0,0
DTXSID8026513,2065,0.0,0
DTXSID8026515,2065,0.0,0
DTXSID8026519,2065,0.0,0
DTXSID8026563,2065,0.03019411180571415,0
DTXSID8026640,2065,0.0,0
DTXSID8026694,2065,0.0,0
DTXSID8026698,2065,2.878263682009862e-21,0
DTXSID8026725,2065,0.0,0
DTXSID8026727,2065,0.0,0
DTXSID8026729,2065,0.0,0
DTXSID8026773,2065,0.0,0
DTXSID8026775,2065,0.0,0
DTXSID8026802,2065,0.0,0
DTXSID8026931,2065,0.0,0
DTXSID8026933,2065,0.0,0
DTXSID8026935,2065,0.0,0
DTXSID8026981,2065,0.0,0
DTXSID8027032,2065,0.0,0
DTXSID8027034,2065,0.0,0
DTXSID8027036,2065,0.0,0
DTXSID8027084,2065,0.0,0
DTXSID8027086,2065,0.0,0
DTXSID8027113,2065,0.0,0
DTXSID8027163,2065,0.0,0
DTXSID8027167,2065,0.0,0
DTXSID8027169,2065,0.0,0
DTXSID8027240,2065,0.0,0
DTXSID8027244,2065,0.0,0
DTXSID8027246,2065,0.0,0
DTXSID8027292,2065,1.0,1
DTXSID8027294,2065,0.0,0
DTXSID8027321,2065,0.0,0
DTXSID8027323,2065,0.0,0
DTXSID8027329,2065,0.0,0
DTXSID8027377,2065,0.0,0
DTXSID8027400,2065,0.0,0
DTXSID8027402,2065,0.0,0
DTXSID8027452,2065,0.0,0
DTXSID8027454,2065,0.0,0
DTXSID8027537,2065,0.0,0
DTXSID8027581,2065,0.0,0
DTXSID8027585,2065,6.923054036369849e-10,0
DTXSID8027589,2065,0.0,0
DTXSID8027747,2065,0.0,0
DTXSID8027749,2065,0.0,0
DTXSID8027793,2065,0.9999999914952168,1
DTXSID8027795,2065,0.9999999999940816,1
DTXSID8027797,2065,0.0,0
DTXSID8027822,2065,0.0,0
DTXSID8027826,2065,0.0,0
DTXSID8027870,2065,0.0,0
DTXSID8027878,2065,0.0,0
DTXSID8027905,2065,0.0,0
DTXSID8027955,2065,0.0,0
DTXSID8027959,2065,0.0,0
DTXSID8028008,2065,3.138893568544385e-06,0
DTXSID8028842,2065,0.0,0
DTXSID8029072,2065,0.0,0
DTXSID8029105,2065,0.0,0
DTXSID8029153,2065,0.0,0
DTXSID8029157,2065,0.0,0
DTXSID8029159,2065,0.0,0
DTXSID8029230,2065,0.0,0
DTXSID8029232,2065,0.0,0
DTXSID8029234,2065,0.0,0
DTXSID8029236,2065,0.0,0
DTXSID8029280,2065,0.0,0
DTXSID8029282,2065,0.9999999931893748,1
DTXSID8029286,2065,0.0,0
DTXSID8029315,2065,8.621634827581212e-19,0
DTXSID8029317,2065,0.0,0
DTXSID8029369,2065,0.0,0
DTXSID8029575,2065,0.0,0
DTXSID8029600,2065,0.0,0
DTXSID8029602,2065,1.0,1
DTXSID8029604,2065,0.0,0
DTXSID8029606,2065,0.0,0
DTXSID8029608,2065,0.0,0
DTXSID8029650,2065,0.0,0
DTXSID8029652,2065,0.0,0
DTXSID8029733,2065,0.0,0
DTXSID8029739,2065,1.5307448679301945e-14,0
DTXSID8029868,2065,0.0,0
DTXSID8030138,2065,0.0,0
DTXSID8030423,2065,0.0,0
DTXSID8030760,2065,0.0,0
DTXSID8031077,2065,0.9999911515136021,1
DTXSID8031366,2065,0.0,0
DTXSID8031497,2065,0.0,0
DTXSID8031863,2065,0.0,0
DTXSID8031865,2065,0.0,0
DTXSID8032386,2065,0.0,0
DTXSID8032417,2065,0.0,0
DTXSID8032544,2065,0.0,0
DTXSID8032548,2065,0.0,0
DTXSID8032623,2065,0.0,0
DTXSID8032627,2065,0.0,0
DTXSID8032671,2065,0.0,0
DTXSID8032673,2065,0.0,0
DTXSID8032675,2065,0.0,0
DTXSID8033433,2065,0.0,0
DTXSID8033512,2065,0.0,0
DTXSID8033562,2065,0.0,0
DTXSID8033564,2065,0.0,0
DTXSID8033566,2065,0.0,0
DTXSID8033649,2065,0.0,0
DTXSID8033803,2065,0.0,0
DTXSID8034085,2065,0.0,0
DTXSID8034087,2065,0.0,0
DTXSID8034089,2065,0.0,0
DTXSID8034241,2065,0.0,0
DTXSID8034324,2065,0.0,0
DTXSID8034372,2065,0.0,0
DTXSID8034376,2065,0.0,0
DTXSID8034401,2065,8.316260097905748e-12,0
DTXSID8034538,2065,0.0,0
DTXSID8034580,2065,0.0,0
DTXSID8034586,2065,0.0,0
DTXSID8034588,2065,0.9999999265479023,1
DTXSID8034665,2065,0.0,0
DTXSID8034742,2065,0.9999999999999999,1
DTXSID8034792,2065,0.0,0
DTXSID8034823,2065,0.0,0
DTXSID8034871,2065,0.0,0
DTXSID8034877,2065,0.0,0
DTXSID8034956,2065,0.0,0
DTXSID8035001,2065,0.0,0
DTXSID8035138,2065,0.0,0
DTXSID8035180,2065,0.0,0
DTXSID8035186,2065,0.0,0
DTXSID8035217,2065,0.0,0
DTXSID8035423,2065,0.0,0
DTXSID8037207,2065,0.0,0
DTXSID8037594,2065,0.0,0
DTXSID8037596,2065,0.0,0
DTXSID8037706,2065,0.0,0
DTXSID8037708,2065,0.0,0
DTXSID8037750,2065,0.0,0
DTXSID8037752,2065,0.0,0
DTXSID8037754,2065,0.0,0
DTXSID8037756,2065,0.0,0
DTXSID8038770,2065,0.0,0
DTXSID8038801,2065,0.0,0
DTXSID8038855,2065,0.0,0
DTXSID8038857,2065,0.0,0
DTXSID8039241,2065,0.0,0
DTXSID8040222,2065,0.0,0
DTXSID8040270,2065,1.0,1
DTXSID8040274,2065,0.0,0
DTXSID8040278,2065,0.0,0
DTXSID8040436,2065,0.0,0
DTXSID8040484,2065,0.0,0
DTXSID8040694,2065,0.0,0
DTXSID8040698,2065,0.0,0
DTXSID8040721,2065,0.0,0
DTXSID8040723,2065,0.0,0
DTXSID8040725,2065,0.9999999911035454,1
DTXSID8040727,2065,0.0,0
DTXSID8040775,2065,0.0,0
DTXSID8040779,2065,0.0,0
DTXSID8040800,2065,0.0,0
DTXSID8041032,2065,0.0,0
DTXSID8041034,2065,0.0,0
DTXSID8041080,2065,0.0,0
DTXSID8041117,2065,0.0,0
DTXSID8041242,2065,0.0,0
DTXSID8041246,2065,0.0,0
DTXSID8041248,2065,0.0,0
DTXSID8041298,2065,0.0,0
DTXSID8041321,2065,0.0,0
DTXSID8041327,2065,0.0,0
DTXSID8041329,2065,0.0,0
DTXSID8041371,2065,0.0,0
DTXSID8041373,2065,0.0,0
DTXSID8041379,2065,0.0,0
DTXSID8041400,2065,0.0,0
DTXSID8041404,2065,0.0,0
DTXSID8041452,2065,0.0,0
DTXSID8041610,2065,0.0,0
DTXSID8041668,2065,0.0,0
DTXSID8041743,2065,0.0,0
DTXSID8041745,2065,0.0,0
DTXSID8041793,2065,0.0,0
DTXSID8041797,2065,0.0,0
DTXSID8041799,2065,0.0,0
DTXSID8041828,2065,0.0,0
DTXSID8041901,2065,0.0,0
DTXSID8041909,2065,0.0,0
DTXSID8041951,2065,0.0,0
DTXSID8041955,2065,0.0,0
DTXSID8041957,2065,0.0,0
DTXSID8041959,2065,0.0,0
DTXSID8042002,2065,0.0,0
DTXSID8042006,2065,0.0,0
DTXSID8042052,2065,0.0,0
DTXSID8042137,2065,0.0,0
DTXSID8042181,2065,0.0,0
DTXSID8042187,2065,0.0,0
DTXSID8042189,2065,0.0,0
DTXSID8042210,2065,0.0,0
DTXSID8042218,2065,0.0,0
DTXSID8042260,2065,0.0,0
DTXSID8042264,2065,1.0,1
DTXSID8042266,2065,0.0,0
DTXSID8042343,2065,0.0,0
DTXSID8042349,2065,0.0,0
DTXSID8042399,2065,0.0,0
DTXSID8042422,2065,0.0,0
DTXSID8042424,2065,0.0,0
DTXSID8042426,2065,0.0,0
DTXSID8042478,2065,0.9999999944423626,1
DTXSID8042503,2065,0.0,0
DTXSID8042507,2065,0.0,0
DTXSID8042509,2065,0.0,0
DTXSID8042559,2065,0.0,0
DTXSID8042632,2065,0.0,0
DTXSID8043814,2065,0.0,0
DTXSID8043941,2065,0.0,0
DTXSID8044175,2065,0.0,0
DTXSID8044177,2065,0.0,0
DTXSID8044200,2065,0.0,0
DTXSID8044202,2065,0.0,0
DTXSID8044204,2065,0.0,0
DTXSID8044206,2065,0.0,0
DTXSID8044208,2065,0.0,0
DTXSID8044252,2065,0.0,0
DTXSID8044381,2065,1.0,1
DTXSID8044383,2065,0.0,0
DTXSID8044385,2065,0.0,0
DTXSID8044389,2065,0.0,0
DTXSID8044410,2065,0.0,0
DTXSID8044412,2065,0.0,0
DTXSID8044414,2065,0.0,0
DTXSID8044416,2065,0.0,0
DTXSID8044462,2065,0.0,0
DTXSID8044464,2065,0.0,0
DTXSID8044466,2065,0.0,0
DTXSID8044541,2065,0.0,0
DTXSID8044543,2065,0.0,0
DTXSID8044545,2065,0.0,0
DTXSID8044547,2065,0.0,0
DTXSID8044549,2065,1.0,1
DTXSID8044591,2065,0.0,0
DTXSID8044593,2065,0.0,0
DTXSID8044595,2065,0.0,0
DTXSID8044597,2065,0.0,0
DTXSID8044599,2065,0.0,0
DTXSID8044620,2065,0.0,0
DTXSID8044622,2065,0.0,0
DTXSID8044624,2065,0.0,0
DTXSID8044626,2065,0.0,0
DTXSID8044670,2065,0.0,0
DTXSID8044676,2065,0.0,0
DTXSID8044678,2065,0.0,0
DTXSID8044701,2065,0.0,0
DTXSID8044703,2065,0.0,0
DTXSID8044709,2065,0.0,0
DTXSID8044751,2065,0.0,0
DTXSID8044753,2065,0.0,0
DTXSID8044755,2065,0.0,0
DTXSID8044757,2065,0.0,0
DTXSID8044759,2065,0.0,0
DTXSID8044830,2065,0.0,0
DTXSID8044832,2065,0.0,0
DTXSID8044834,2065,0.0,0
DTXSID8044836,2065,0.0,0
DTXSID8044880,2065,0.0,0
DTXSID8044882,2065,0.0,0
DTXSID8044884,2065,0.0,0
DTXSID8044886,2065,0.0,0
DTXSID8044888,2065,0.0,0
DTXSID8044911,2065,0.0,0
DTXSID8044913,2065,1.1383414610673834e-11,0
DTXSID8044915,2065,0.0,0
DTXSID8044919,2065,0.0,0
DTXSID8044961,2065,0.0,0
DTXSID8044963,2065,0.0,0
DTXSID8044967,2065,0.0,0
DTXSID8045141,2065,0.0,0
DTXSID8045145,2065,0.0,0
DTXSID8045147,2065,0.0,0
DTXSID8045149,2065,0.0,0
DTXSID8045191,2065,0.0,0
DTXSID8045193,2065,0.0,0
DTXSID8045195,2065,0.0,0
DTXSID8045220,2065,0.0,0
DTXSID8045224,2065,0.0,0
DTXSID8045228,2065,0.0,0
DTXSID8045307,2065,0.0,0
DTXSID8045351,2065,0.0,0
DTXSID8045357,2065,0.0,0
DTXSID8045359,2065,0.0,0
DTXSID8045434,2065,0.0,0
DTXSID8045480,2065,0.0,0
DTXSID8045484,2065,0.0,0
DTXSID8045486,2065,0.0,0
DTXSID8045488,2065,0.0,0
DTXSID8045511,2065,0.0,0
DTXSID8045513,2065,0.0,0
DTXSID8045515,2065,0.0,0
DTXSID8045519,2065,0.0,0
DTXSID8045565,2065,0.9999993054001458,1
DTXSID8045567,2065,0.0,0
DTXSID8045640,2065,0.0,0
DTXSID8045642,2065,0.0,0
DTXSID8045646,2065,0.0,0
DTXSID8045648,2065,0.0,0
DTXSID8045690,2065,0.0,0
DTXSID8045692,2065,0.0,0
DTXSID8045698,2065,0.0,0
DTXSID8045771,2065,0.0,0
DTXSID8045777,2065,0.0,0
DTXSID8045779,2065,0.0,0
DTXSID8045802,2065,0.0,0
DTXSID8045804,2065,0.0,0
DTXSID8045806,2065,0.0,0
DTXSID8045850,2065,0.0,0
DTXSID8045852,2065,0.0,0
DTXSID8045854,2065,0.0,0
DTXSID8045933,2065,0.0,0
DTXSID8045935,2065,0.0,0
DTXSID8045937,2065,0.0,0
DTXSID8045939,2065,0.0,0
DTXSID8045983,2065,0.0,0
DTXSID8045985,2065,0.0,0
DTXSID8045987,2065,0.0,0
DTXSID8045989,2065,0.0,0
DTXSID8046030,2065,0.0,0
DTXSID8046034,2065,0.0,0
DTXSID8046038,2065,0.0,0
DTXSID8046086,2065,0.0,0
DTXSID8046088,2065,0.0,0
DTXSID8046113,2065,0.0,0
DTXSID8046117,2065,0.0,0
DTXSID8046119,2065,0.0,0
DTXSID8046161,2065,0.0,0
DTXSID8046163,2065,0.0,0
DTXSID8046242,2065,0.0,0
DTXSID8046244,2065,0.0,0
DTXSID8046294,2065,0.0,0
DTXSID8046296,2065,0.0,0
DTXSID8046321,2065,0.0,0
DTXSID8046400,2065,0.0,0
DTXSID8046402,2065,0.0,0
DTXSID8046404,2065,0.0,0
DTXSID8046406,2065,0.0,0
DTXSID8046450,2065,0.0,0
DTXSID8046454,2065,0.0,0
DTXSID8046456,2065,0.0,0
DTXSID8046458,2065,0.0,0
DTXSID8046531,2065,0.0,0
DTXSID8046535,2065,0.0,0
DTXSID8046539,2065,0.0,0
DTXSID8046585,2065,0.0,0
DTXSID8046589,2065,0.0,0
DTXSID8046610,2065,0.0,0
DTXSID8046662,2065,0.0,0
DTXSID8046664,2065,0.0,0
DTXSID8046743,2065,0.0,0
DTXSID8046799,2065,0.0,0
DTXSID8046820,2065,0.0,0
DTXSID8046828,2065,0.0,0
DTXSID8046903,2065,0.9999999999980576,1
DTXSID8046951,2065,0.0,0
DTXSID8047000,2065,0.0,0
DTXSID8047006,2065,0.0,0
DTXSID8047050,2065,0.0,0
DTXSID8047052,2065,0.0,0
DTXSID8047056,2065,0.0,0
DTXSID8047058,2065,0.0,0
DTXSID8047131,2065,0.0,0
DTXSID8047133,2065,0.0,0
DTXSID8047135,2065,0.0,0
DTXSID8047137,2065,0.0,0
DTXSID8047139,2065,6.840270139890298e-16,0
DTXSID8047183,2065,0.0,0
DTXSID8047185,2065,0.0,0
DTXSID8047187,2065,0.0,0
DTXSID8047189,2065,0.0,0
DTXSID8047218,2065,0.0,0
DTXSID8047262,2065,0.0,0
DTXSID8047264,2065,0.0,0
DTXSID8047266,2065,0.0,0
DTXSID8047268,2065,0.0,0
DTXSID8047341,2065,0.0,0
DTXSID8047347,2065,0.0,0
DTXSID8047349,2065,0.0,0
DTXSID8047391,2065,0.0,0
DTXSID8047395,2065,0.0,0
DTXSID8047397,2065,0.0,0
DTXSID8047399,2065,0.0,0
DTXSID8047420,2065,0.0,0
DTXSID8047422,2065,0.0,0
DTXSID8047424,2065,0.0,0
DTXSID8047426,2065,0.0,0
DTXSID8047428,2065,0.0,0
DTXSID8047470,2065,0.0,0
DTXSID8047472,2065,0.0,0
DTXSID8047474,2065,0.0,0
DTXSID8047476,2065,0.0,0
DTXSID8047501,2065,0.0,0
DTXSID8047505,2065,0.0,0
DTXSID8047551,2065,0.0,0
DTXSID8047553,2065,0.0,0
DTXSID8047559,2065,0.0,0
DTXSID8047630,2065,0.0,0
DTXSID8047636,2065,0.0,0
DTXSID8047680,2065,0.0,0
DTXSID8047682,2065,0.0,0
DTXSID8047684,2065,0.0,0
DTXSID8047686,2065,0.0,0
DTXSID8047711,2065,0.0,0
DTXSID8047713,2065,0.0,0
DTXSID8047717,2065,0.0,0
DTXSID8047769,2065,0.0,0
DTXSID8047840,2065,0.0,0
DTXSID8047842,2065,0.0,0
DTXSID8047844,2065,0.0,0
DTXSID8047846,2065,0.0,0
DTXSID8047848,2065,0.0,0
DTXSID8047890,2065,2.170471598681763e-21,0
DTXSID8047892,2065,0.0,0
DTXSID8047894,2065,0.0,0
DTXSID8047896,2065,0.0,0
DTXSID8047898,2065,0.0,0
DTXSID8047921,2065,0.0,0
DTXSID8047923,2065,0.9999976124739192,1
DTXSID8047925,2065,0.0,0
DTXSID8047927,2065,0.0,0
DTXSID8047929,2065,0.0,0
DTXSID8047971,2065,0.0,0
DTXSID8047973,2065,0.5017860613439784,0
DTXSID8048494,2065,0.0,0
DTXSID8048521,2065,0.0,0
DTXSID8048600,2065,0.0,0
DTXSID8048606,2065,0.0,0
DTXSID8048608,2065,0.0,0
DTXSID8048650,2065,0.0,0
DTXSID8048656,2065,0.0,0
DTXSID8048733,2065,0.0,0
DTXSID8048735,2065,0.0,0
DTXSID8048737,2065,0.0,0
DTXSID8048739,2065,0.0,0
DTXSID8048781,2065,0.0,0
DTXSID8048783,2065,0.0,0
DTXSID8048785,2065,0.0,0
DTXSID8048787,2065,0.0,0
DTXSID8048789,2065,0.0,0
DTXSID8048810,2065,0.0,0
DTXSID8048812,2065,1.2633359878240882e-11,0
DTXSID8048814,2065,0.0,0
DTXSID8048818,2065,0.0,0
DTXSID8048860,2065,0.0,0
DTXSID8048866,2065,0.0,0
DTXSID8048868,2065,0.0,0
DTXSID8048941,2065,0.0,0
DTXSID8048943,2065,0.9999999990313264,1
DTXSID8048945,2065,0.0,0
DTXSID8048947,2065,0.0,0
DTXSID8048999,2065,0.0,0
DTXSID8049040,2065,0.0,0
DTXSID8049042,2065,0.0,0
DTXSID8049044,2065,0.0,0
DTXSID8049046,2065,0.0,0
DTXSID8049048,2065,0.0,0
DTXSID8049200,2065,0.0,0
DTXSID8049202,2065,0.0,0
DTXSID8049204,2065,0.0,0
DTXSID8049206,2065,0.0,0
DTXSID8049208,2065,0.0,0
DTXSID8049250,2065,0.9934608705246484,1
DTXSID8049252,2065,0.0,0
DTXSID8049254,2065,0.9999999987822651,1
DTXSID8049256,2065,0.0,0
DTXSID8049258,2065,0.0,0
DTXSID8049331,2065,0.0,0
DTXSID8049333,2065,0.0,0
DTXSID8049335,2065,0.0,0
DTXSID8049337,2065,0.0,0
DTXSID8049339,2065,0.0,0
DTXSID8049381,2065,0.0,0
DTXSID8049383,2065,0.0,0
DTXSID8049385,2065,0.0,0
DTXSID8049387,2065,0.0,0
DTXSID8049389,2065,0.0,0
DTXSID8049410,2065,0.0,0
DTXSID8049412,2065,0.9999509004967695,1
DTXSID8049414,2065,1.2718885063269637e-21,0
DTXSID8049416,2065,0.0,0
DTXSID8049418,2065,0.0,0
DTXSID8049460,2065,0.0,0
DTXSID8049462,2065,0.0,0
DTXSID8049464,2065,0.0,0
DTXSID8049466,2065,0.0,0
DTXSID8049468,2065,0.0,0
DTXSID8049541,2065,0.0,0
DTXSID8049543,2065,0.0,0
DTXSID8049545,2065,0.0,0
DTXSID8049547,2065,0.0,0
DTXSID8049549,2065,0.0,0
DTXSID8051540,2065,0.0,0
DTXSID8051542,2065,0.0,0
DTXSID8051544,2065,0.0,0
DTXSID8051629,2065,0.0,0
DTXSID8051704,2065,0.0,0
DTXSID8051708,2065,0.0,0
DTXSID8051754,2065,0.0,0
DTXSID8051914,2065,0.0,0
DTXSID8052198,2065,0.0,0
DTXSID8052300,2065,0.0,0
DTXSID8052308,2065,0.0,0
DTXSID8052641,2065,0.0,0
DTXSID8052724,2065,0.9999999999980752,1
DTXSID8057641,2065,0.0,0
DTXSID8057643,2065,0.0,0
DTXSID8057645,2065,1.0,1
DTXSID8057647,2065,0.0,0
DTXSID8057649,2065,0.0,0
DTXSID8057691,2065,0.0,0
DTXSID8057693,2065,0.0,0
DTXSID8057695,2065,0.0,0
DTXSID8057697,2065,0.0,0
DTXSID8057699,2065,0.0,0
DTXSID8057720,2065,0.0,0
DTXSID8057722,2065,0.0,0
DTXSID8057724,2065,0.0,0
DTXSID8057726,2065,0.0,0
DTXSID8057728,2065,0.0,0
DTXSID8057770,2065,0.0,0
DTXSID8057772,2065,0.0,0
DTXSID8057774,2065,0.0,0
DTXSID8057776,2065,0.0,0
DTXSID8057778,2065,0.0,0
DTXSID8057801,2065,0.0,0
DTXSID8057803,2065,0.0,0
DTXSID8057805,2065,0.0,0
DTXSID8057807,2065,0.0,0
DTXSID8057809,2065,0.11955097452719217,0
DTXSID8057851,2065,0.0,0
DTXSID8057853,2065,0.0,0
DTXSID8057855,2065,0.0,0
DTXSID8057857,2065,0.0,0
DTXSID9020031,2065,5.5511928974557575e-05,0
DTXSID9020081,2065,0.0,0
DTXSID9020083,2065,0.0,0
DTXSID9020087,2065,0.0,0
DTXSID9020089,2065,0.0,0
DTXSID9020110,2065,0.9999999991893436,1
DTXSID9020112,2065,0.0,0
DTXSID9020114,2065,0.0,0
DTXSID9020116,2065,0.0,0
DTXSID9020118,2065,0.0,0
DTXSID9020160,2065,0.0,0
DTXSID9020164,2065,0.0,0
DTXSID9020166,2065,1.0,1
DTXSID9020168,2065,0.0,0
DTXSID9020241,2065,0.0,0
DTXSID9020243,2065,0.9999999983697432,1
DTXSID9020245,2065,0.0,0
DTXSID9020247,2065,0.0,0
DTXSID9020249,2065,0.0,0
DTXSID9020293,2065,0.0,0
DTXSID9020295,2065,0.0,0
DTXSID9020299,2065,0.0,0
DTXSID9020322,2065,0.0,0
DTXSID9020326,2065,0.0,0
DTXSID9020328,2065,0.0,0
DTXSID9020370,2065,0.0,0
DTXSID9020372,2065,0.9999999967378539,1
DTXSID9020374,2065,0.9999936962244198,1
DTXSID9020376,2065,0.0,0
DTXSID9020378,2065,0.0,0
DTXSID9020401,2065,0.0,0
DTXSID9020407,2065,0.0,0
DTXSID9020409,2065,0.0,0
DTXSID9020451,2065,0.0,0
DTXSID9020453,2065,0.0,0
DTXSID9020459,2065,0.0,0
DTXSID9020538,2065,0.0,0
DTXSID9020580,2065,0.0,0
DTXSID9020582,2065,0.0,0
DTXSID9020584,2065,0.0,0
DTXSID9020615,2065,0.0,0
DTXSID9020617,2065,0.0,0
DTXSID9020663,2065,0.0,0
DTXSID9020667,2065,0.0,0
DTXSID9020669,2065,1.4642788818560836e-20,0
DTXSID9020740,2065,0.0,0
DTXSID9020742,2065,0.0,0
DTXSID9020790,2065,0.0,0
DTXSID9020792,2065,0.0,0
DTXSID9020794,2065,0.0,0
DTXSID9020796,2065,0.0,0
DTXSID9020825,2065,0.0,0
DTXSID9020827,2065,0.0,0
DTXSID9020829,2065,0.0,0
DTXSID9020875,2065,0.0,0
DTXSID9020877,2065,0.0,0
DTXSID9020902,2065,0.0,0
DTXSID9020956,2065,0.0,0
DTXSID9020958,2065,0.0,0
DTXSID9021053,2065,0.0,0
DTXSID9021059,2065,0.0,0
DTXSID9021130,2065,0.0,0
DTXSID9021132,2065,0.0,0
DTXSID9021134,2065,0.0,0
DTXSID9021136,2065,0.0,0
DTXSID9021138,2065,0.0,0
DTXSID9021182,2065,0.0,0
DTXSID9021184,2065,0.0,0
DTXSID9021188,2065,0.0,0
DTXSID9021215,2065,0.0,0
DTXSID9021217,2065,0.0,0
DTXSID9021219,2065,0.0,0
DTXSID9021267,2065,0.0,0
DTXSID9021340,2065,0.0,0
DTXSID9021342,2065,0.9999999999785063,1
DTXSID9021344,2065,0.0,0
DTXSID9021346,2065,0.0,0
DTXSID9021348,2065,0.0,0
DTXSID9021390,2065,0.0,0
DTXSID9021392,2065,0.0,0
DTXSID9021396,2065,0.0,0
DTXSID9021398,2065,0.0,0
DTXSID9021427,2065,0.0,0
DTXSID9021477,2065,0.0,0
DTXSID9021479,2065,0.0,0
DTXSID9021550,2065,0.0,0
DTXSID9021552,2065,0.0,0
DTXSID9021554,2065,0.0,0
DTXSID9021631,2065,0.0,0
DTXSID9021633,2065,0.0,0
DTXSID9021635,2065,0.0,0
DTXSID9021637,2065,0.999999993072034,1
DTXSID9021639,2065,0.0,0
DTXSID9021683,2065,0.0,0
DTXSID9021685,2065,0.0,0
DTXSID9021689,2065,0.0,0
DTXSID9021710,2065,0.0,0
DTXSID9021716,2065,0.0,0
DTXSID9021718,2065,0.0,0
DTXSID9021762,2065,0.0,0
DTXSID9021764,2065,0.0,0
DTXSID9021841,2065,0.0,0
DTXSID9021843,2065,0.0,0
DTXSID9021847,2065,0.0,0
DTXSID9021897,2065,0.0,0
DTXSID9021899,2065,0.0,0
DTXSID9021922,2065,0.0,0
DTXSID9021924,2065,0.0,0
DTXSID9021928,2065,0.0,0
DTXSID9021974,2065,0.0,0
DTXSID9021976,2065,0.0,0
DTXSID9021978,2065,0.0,0
DTXSID9022027,2065,0.0,0
DTXSID9022079,2065,0.9999983002693977,1
DTXSID9022100,2065,0.0,0
DTXSID9022104,2065,0.0,0
DTXSID9022310,2065,0.0,0
DTXSID9022312,2065,0.0,0
DTXSID9022360,2065,0.9999999795955596,1
DTXSID9022364,2065,0.0,0
DTXSID9022366,2065,0.0,0
DTXSID9022445,2065,0.0,0
DTXSID9022520,2065,0.0,0
DTXSID9022522,2065,0.0,0
DTXSID9022524,2065,0.0,0
DTXSID9022526,2065,0.0,0
DTXSID9022528,2065,0.0,0
DTXSID9022576,2065,0.0,0
DTXSID9022601,2065,0.0,0
DTXSID9022603,2065,0.0,0
DTXSID9022607,2065,0.0,0
DTXSID9022609,2065,0.0,0
DTXSID9022655,2065,0.0,0
DTXSID9022657,2065,0.0,0
DTXSID9022730,2065,0.0,0
DTXSID9022734,2065,0.0,0
DTXSID9022736,2065,0.0,0
DTXSID9022738,2065,0.0,0
DTXSID9022780,2065,0.0,0
DTXSID9022813,2065,0.0,0
DTXSID9022817,2065,0.0,0
DTXSID9022940,2065,0.0,0
DTXSID9022944,2065,0.0,0
DTXSID9022948,2065,0.0,0
DTXSID9022994,2065,0.0,0
DTXSID9023041,2065,0.0,0
DTXSID9023043,2065,0.0,0
DTXSID9023095,2065,0.0,0
DTXSID9023122,2065,0.0,0
DTXSID9023128,2065,0.0,0
DTXSID9023170,2065,0.0,0
DTXSID9023174,2065,0.0,0
DTXSID9023201,2065,0.0,0
DTXSID9023205,2065,0.0,0
DTXSID9023255,2065,0.0,0
DTXSID9023380,2065,0.0,0
DTXSID9023386,2065,0.0,0
DTXSID9023388,2065,0.0,0
DTXSID9023411,2065,0.0,0
DTXSID9023419,2065,0.0,0
DTXSID9023540,2065,0.0,0
DTXSID9023542,2065,0.0,0
DTXSID9023546,2065,0.0,0
DTXSID9023548,2065,0.0,0
DTXSID9023590,2065,0.0,0
DTXSID9023621,2065,0.0,0
DTXSID9023677,2065,0.0,0
DTXSID9023679,2065,0.0,0
DTXSID9023702,2065,0.0,0
DTXSID9023706,2065,0.0,0
DTXSID9023752,2065,0.0,0
DTXSID9023756,2065,0.0,0
DTXSID9023833,2065,0.0,0
DTXSID9023835,2065,0.9999999799697585,1
DTXSID9023837,2065,0.0,0
DTXSID9023881,2065,0.0,0
DTXSID9023883,2065,0.0,0
DTXSID9023889,2065,0.0,0
DTXSID9023914,2065,0.0,0
DTXSID9023966,2065,0.0,0
DTXSID9024015,2065,0.0,0
DTXSID9024063,2065,0.0,0
DTXSID9024065,2065,0.0,0
DTXSID9024194,2065,0.0,0
DTXSID9024300,2065,0.0,0
DTXSID9024304,2065,0.0,0
DTXSID9024431,2065,0.0,0
DTXSID9024437,2065,0.0,0
DTXSID9024481,2065,0.0,0
DTXSID9024483,2065,0.9999951301142342,1
DTXSID9024485,2065,0.0,0
DTXSID9024487,2065,0.0,0
DTXSID9024489,2065,0.0,0
DTXSID9024512,2065,0.0,0
DTXSID9024568,2065,0.0,0
DTXSID9024641,2065,0.0,0
DTXSID9024691,2065,0.0,0
DTXSID9024699,2065,0.0,0
DTXSID9024724,2065,0.0,0
DTXSID9024726,2065,0.0,0
DTXSID9024770,2065,0.0,0
DTXSID9024772,2065,0.0,0
DTXSID9024774,2065,0.0,0
DTXSID9024809,2065,0.0,0
DTXSID9024853,2065,0.0,0
DTXSID9024855,2065,0.0,0
DTXSID9024930,2065,0.0,0
DTXSID9024934,2065,0.0,0
DTXSID9024980,2065,0.0,0
DTXSID9024986,2065,0.0,0
DTXSID9025035,2065,0.9999999999969713,1
DTXSID9025037,2065,0.0,0
DTXSID9025085,2065,0.0,0
DTXSID9025087,2065,0.0,0
DTXSID9025110,2065,0.0,0
DTXSID9025112,2065,0.0,0
DTXSID9025114,2065,0.9999997813363685,1
DTXSID9025164,2065,0.0,0
DTXSID9025166,2065,0.0,0
DTXSID9025243,2065,0.0,0
DTXSID9025245,2065,0.0,0
DTXSID9025249,2065,0.0,0
DTXSID9025291,2065,0.0,0
DTXSID9025293,2065,0.0,0
DTXSID9025297,2065,0.0,0
DTXSID9025299,2065,0.0,0
DTXSID9025326,2065,0.0,0
DTXSID9025328,2065,0.0,0
DTXSID9025370,2065,0.0,0
DTXSID9025401,2065,0.9998910651370382,1
DTXSID9025403,2065,0.0,0
DTXSID9025409,2065,0.0,0
DTXSID9025451,2065,0.0,0
DTXSID9025453,2065,0.0,0
DTXSID9025455,2065,0.0,0
DTXSID9025534,2065,0.0,0
DTXSID9025536,2065,0.0,0
DTXSID9025538,2065,0.0,0
DTXSID9025580,2065,0.0,0
DTXSID9025588,2065,0.0,0
DTXSID9025611,2065,0.0,0
DTXSID9025617,2065,0.0,0
DTXSID9025661,2065,0.0,0
DTXSID9025665,2065,0.0,0
DTXSID9025740,2065,0.0,0
DTXSID9025742,2065,0.0,0
DTXSID9025744,2065,0.0110572188235776,0
DTXSID9025746,2065,0.0,0
DTXSID9025794,2065,0.0,0
DTXSID9025796,2065,0.0,0
DTXSID9025825,2065,0.0,0
DTXSID9025873,2065,0.0,0
DTXSID9025879,2065,0.0,0
DTXSID9026051,2065,0.0,0
DTXSID9026059,2065,0.0,0
DTXSID9026130,2065,0.0,0
DTXSID9026132,2065,0.0,0
DTXSID9026219,2065,0.0,0
DTXSID9026261,2065,0.0,0
DTXSID9026265,2065,0.0,0
DTXSID9026267,2065,0.0,0
DTXSID9026342,2065,0.0,0
DTXSID9026423,2065,0.0,0
DTXSID9026500,2065,0.0,0
DTXSID9026558,2065,0.0,0
DTXSID9026631,2065,0.0,0
DTXSID9026633,2065,0.0,0
DTXSID9026689,2065,0.0,0
DTXSID9026710,2065,0.0,0
DTXSID9026712,2065,0.0,0
DTXSID9026714,2065,0.0,0
DTXSID9026716,2065,0.0,0
DTXSID9026718,2065,0.0,0
DTXSID9026766,2065,0.0,0
DTXSID9026841,2065,0.0,0
DTXSID9026849,2065,0.0,0
DTXSID9026899,2065,0.0,0
DTXSID9026922,2065,0.0,0
DTXSID9026924,2065,0.0,0
DTXSID9026926,2065,0.0,0
DTXSID9026974,2065,1.0,1
DTXSID9027021,2065,0.0,0
DTXSID9027104,2065,0.0,0
DTXSID9027158,2065,0.0,0
DTXSID9027233,2065,0.0,0
DTXSID9027239,2065,0.0,0
DTXSID9027281,2065,0.0,0
DTXSID9027310,2065,0.0,0
DTXSID9027312,2065,0.0,0
DTXSID9027314,2065,0.0,0
DTXSID9027360,2065,0.0,0
DTXSID9027364,2065,0.0,0
DTXSID9027368,2065,0.0,0
DTXSID9027441,2065,0.0,0
DTXSID9027443,2065,0.0,0
DTXSID9027449,2065,0.0,0
DTXSID9027520,2065,0.0,0
DTXSID9027522,2065,0.0,0
DTXSID9027528,2065,0.0,0
DTXSID9027570,2065,0.0,0
DTXSID9027603,2065,0.0,0
DTXSID9027653,2065,0.0,0
DTXSID9027738,2065,0.0,0
DTXSID9027863,2065,0.0,0
DTXSID9027948,2065,0.0,0
DTXSID9028120,2065,0.0,0
DTXSID9029017,2065,0.0,0
DTXSID9029061,2065,0.0,0
DTXSID9029146,2065,0.0,0
DTXSID9029192,2065,0.0,0
DTXSID9029194,2065,0.0,0
DTXSID9029221,2065,0.0,0
DTXSID9029223,2065,0.0,0
DTXSID9029225,2065,0.0,0
DTXSID9029275,2065,0.0,0
DTXSID9029277,2065,0.0,0
DTXSID9029279,2065,0.0,0
DTXSID9029300,2065,0.0,0
DTXSID9029302,2065,0.0,0
DTXSID9029304,2065,0.0,0
DTXSID9029649,2065,0.0,0
DTXSID9029691,2065,0.0,0
DTXSID9029695,2065,0.0,0
DTXSID9030048,2065,0.0,0
DTXSID9030258,2065,0.0,0
DTXSID9030707,2065,0.9999999999999999,1
DTXSID9031800,2065,0.0,0
DTXSID9032113,2065,0.0,0
DTXSID9032327,2065,0.0,0
DTXSID9032329,2065,0.0,0
DTXSID9032375,2065,0.0,0
DTXSID9032379,2065,0.0,0
DTXSID9032406,2065,0.0,0
DTXSID9032531,2065,0.0,0
DTXSID9032533,2065,0.0,0
DTXSID9032535,2065,0.0,0
DTXSID9032537,2065,0.9999999935997093,1
DTXSID9032581,2065,0.9999999925214074,1
DTXSID9032589,2065,0.9987803229764424,1
DTXSID9032610,2065,0.0,0
DTXSID9032614,2065,0.0,0
DTXSID9032878,2065,0.0,0
DTXSID9033008,2065,0.0,0
DTXSID9033058,2065,0.0,0
DTXSID9033187,2065,0.0,0
DTXSID9033264,2065,0.0,0
DTXSID9033896,2065,0.0,0
DTXSID9033923,2065,0.0,0
DTXSID9033979,2065,0.0,0
DTXSID9034070,2065,0.0,0
DTXSID9034232,2065,0.0,0
DTXSID9034282,2065,0.0,0
DTXSID9034286,2065,0.0,0
DTXSID9034317,2065,0.9999999967563713,1
DTXSID9034361,2065,0.0,0
DTXSID9034365,2065,0.0,0
DTXSID9034490,2065,0.0,0
DTXSID9034492,2065,0.0,0
DTXSID9034816,2065,0.0,0
DTXSID9034818,2065,0.0,0
DTXSID9034864,2065,0.0,0
DTXSID9034997,2065,1.0,1
DTXSID9035175,2065,0.0,0
DTXSID9035204,2065,1.0,1
DTXSID9035206,2065,0.0,0
DTXSID9035620,2065,0.0,0
DTXSID9035753,2065,0.0,0
DTXSID9036226,2065,0.0,0
DTXSID9036438,2065,0.0,0
DTXSID9036515,2065,0.0,0
DTXSID9036646,2065,0.0,0
DTXSID9036690,2065,0.0,0
DTXSID9036933,2065,0.0,0
DTXSID9037038,2065,0.0,0
DTXSID9037246,2065,0.0,0
DTXSID9037248,2065,0.0,0
DTXSID9037535,2065,0.0,0
DTXSID9037539,2065,0.0014912325064997884,0
DTXSID9037612,2065,0.0,0
DTXSID9037616,2065,0.0,0
DTXSID9037741,2065,0.0,0
DTXSID9037745,2065,0.0,0
DTXSID9037749,2065,0.9998408998006215,1
DTXSID9038686,2065,0.0,0
DTXSID9039232,2065,0.0,0
DTXSID9039238,2065,0.0,0
DTXSID9040001,2065,0.0,0
DTXSID9040130,2065,0.0,0
DTXSID9040134,2065,0.0,0
DTXSID9040215,2065,0.0,0
DTXSID9040265,2065,0.0,0
DTXSID9040269,2065,0.9999782262815742,1
DTXSID9040342,2065,0.0,0
DTXSID9040502,2065,0.0,0
DTXSID9040554,2065,0.0,0
DTXSID9040635,2065,0.0,0
DTXSID9040683,2065,0.0,0
DTXSID9040685,2065,0.0,0
DTXSID9040687,2065,0.0,0
DTXSID9040710,2065,0.0,0
DTXSID9040712,2065,0.9999999998078571,1
DTXSID9040714,2065,0.0,0
DTXSID9040716,2065,0.0,0
DTXSID9040718,2065,0.0,0
DTXSID9040760,2065,1.432242623279126e-16,0
DTXSID9041075,2065,0.0,0
DTXSID9041152,2065,0.0,0
DTXSID9041233,2065,0.0,0
DTXSID9041237,2065,0.0,0
DTXSID9041289,2065,0.9999999868619637,1
DTXSID9041362,2065,0.0,0
DTXSID9041366,2065,0.0,0
DTXSID9041368,2065,0.0,0
DTXSID9041441,2065,0.0,0
DTXSID9041491,2065,0.0,0
DTXSID9041520,2065,0.0,0
DTXSID9041524,2065,0.0,0
DTXSID9041528,2065,0.0,0
DTXSID9041570,2065,0.0,0
DTXSID9041607,2065,0.0,0
DTXSID9041653,2065,0.0,0
DTXSID9041659,2065,0.0,0
DTXSID9041813,2065,0.0,0
DTXSID9041815,2065,0.0,0
DTXSID9041861,2065,0.0,0
DTXSID9042097,2065,0.0,0
DTXSID9042124,2065,0.999999999999997,1
DTXSID9042170,2065,0.0,0
DTXSID9042203,2065,0.0,0
DTXSID9042209,2065,0.0,0
DTXSID9042259,2065,0.0,0
DTXSID9042336,2065,0.0,0
DTXSID9042338,2065,0.0,0
DTXSID9042382,2065,0.0,0
DTXSID9042415,2065,0.0,0
DTXSID9042592,2065,0.0,0
DTXSID9042594,2065,0.0,0
DTXSID9043853,2065,0.0,0
DTXSID9043855,2065,0.0,0
DTXSID9043938,2065,0.0,0
DTXSID9044112,2065,0.0,0
DTXSID9044164,2065,2.1015159352351534e-19,0
DTXSID9044241,2065,0.0,0
DTXSID9044247,2065,0.0,0
DTXSID9044299,2065,0.0,0
DTXSID9044320,2065,0.0,0
DTXSID9044322,2065,0.9999876267204387,1
DTXSID9044370,2065,0.0,0
DTXSID9044372,2065,0.0,0
DTXSID9044374,2065,0.0,0
DTXSID9044378,2065,0.0,0
DTXSID9044401,2065,0.0,0
DTXSID9044403,2065,0.0,0
DTXSID9044405,2065,0.0,0
DTXSID9044407,2065,0.0,0
DTXSID9044409,2065,0.0,0
DTXSID9044451,2065,0.0,0
DTXSID9044455,2065,0.0,0
DTXSID9044457,2065,0.0,0
DTXSID9044459,2065,0.0,0
DTXSID9044532,2065,0.0,0
DTXSID9044534,2065,0.0,0
DTXSID9044536,2065,0.0,0
DTXSID9044538,2065,0.0,0
DTXSID9044580,2065,0.0,0
DTXSID9044582,2065,0.0,0
DTXSID9044584,2065,0.0,0
DTXSID9044588,2065,0.0,0
DTXSID9044611,2065,0.0,0
DTXSID9044613,2065,0.0,0
DTXSID9044615,2065,2.2510733267628732e-07,0
DTXSID9044617,2065,0.0,0
DTXSID9044619,2065,0.0,0
DTXSID9044661,2065,0.0,0
DTXSID9044663,2065,0.0,0
DTXSID9044667,2065,0.0,0
DTXSID9044740,2065,0.0,0
DTXSID9044742,2065,0.0,0
DTXSID9044744,2065,0.0,0
DTXSID9044746,2065,0.0,0
DTXSID9044748,2065,0.0,0
DTXSID9044790,2065,0.0,0
DTXSID9044794,2065,0.0,0
DTXSID9044796,2065,1.0,1
DTXSID9044798,2065,0.0,0
DTXSID9044821,2065,0.0,0
DTXSID9044823,2065,0.0,0
DTXSID9044825,2065,0.0,0
DTXSID9044827,2065,0.0,0
DTXSID9044829,2065,0.9999912851622538,1
DTXSID9044871,2065,0.0,0
DTXSID9044873,2065,0.0,0
DTXSID9044875,2065,0.0,0
DTXSID9044877,2065,0.0,0
DTXSID9044879,2065,0.0,0
DTXSID9044900,2065,0.0,0
DTXSID9044902,2065,0.0,0
DTXSID9044904,2065,0.0,0
DTXSID9044908,2065,0.0,0
DTXSID9044950,2065,0.0,0
DTXSID9044958,2065,0.0,0
DTXSID9045003,2065,0.0,0
DTXSID9045005,2065,0.0,0
DTXSID9045007,2065,0.0,0
DTXSID9045053,2065,0.0,0
DTXSID9045132,2065,0.0,0
DTXSID9045136,2065,0.0,0
DTXSID9045138,2065,0.0,0
DTXSID9045182,2065,0.0,0
DTXSID9045184,2065,0.0,0
DTXSID9045188,2065,0.0,0
DTXSID9045215,2065,0.0,0
DTXSID9045217,2065,0.0,0
DTXSID9045265,2065,0.0,0
DTXSID9045267,2065,0.0,0
DTXSID9045342,2065,0.0,0
DTXSID9045346,2065,0.0,0
DTXSID9045348,2065,0.0,0
DTXSID9045390,2065,0.0,0
DTXSID9045392,2065,0.0,0
DTXSID9045394,2065,0.0,0
DTXSID9045425,2065,0.0,0
DTXSID9045429,2065,0.0,0
DTXSID9045500,2065,0.0,0
DTXSID9045506,2065,0.0,0
DTXSID9045508,2065,0.0,0
DTXSID9045556,2065,0.0,0
DTXSID9045558,2065,0.0,0
DTXSID9045631,2065,0.9999990045185816,1
DTXSID9045633,2065,0.0,0
DTXSID9045635,2065,0.0,0
DTXSID9045683,2065,0.0,0
DTXSID9045685,2065,0.0,0
DTXSID9045687,2065,0.0,0
DTXSID9045710,2065,0.0,0
DTXSID9045762,2065,0.0,0
DTXSID9045768,2065,0.0,0
DTXSID9045843,2065,0.0,0
DTXSID9045845,2065,0.0,0
DTXSID9045847,2065,0.0,0
DTXSID9045849,2065,0.0,0
DTXSID9045891,2065,0.0,0
DTXSID9045897,2065,0.0,0
DTXSID9045899,2065,0.0,0
DTXSID9045922,2065,9.732013916144759e-08,0
DTXSID9046023,2065,0.0,0
DTXSID9046029,2065,0.0,0
DTXSID9046071,2065,0.0,0
DTXSID9046073,2065,0.0,0
DTXSID9046100,2065,0.0,0
DTXSID9046104,2065,0.0,0
DTXSID9046108,2065,0.0,0
DTXSID9046150,2065,0.0,0
DTXSID9046152,2065,0.0,0
DTXSID9046158,2065,0.0,0
DTXSID9046233,2065,0.0,0
DTXSID9046235,2065,0.0,0
DTXSID9046281,2065,0.0,0
DTXSID9046283,2065,0.0,0
DTXSID9046285,2065,0.9999996145140069,1
DTXSID9046287,2065,0.0,0
DTXSID9046289,2065,0.0,0
DTXSID9046310,2065,0.0,0
DTXSID9046318,2065,0.9999999710758496,1
DTXSID9046360,2065,0.0,0
DTXSID9046443,2065,0.0,0
DTXSID9046445,2065,0.0,0
DTXSID9046449,2065,0.0,0
DTXSID9046491,2065,0.0,0
DTXSID9046495,2065,0.0,0
DTXSID9046499,2065,0.0,0
DTXSID9046526,2065,0.0,0
DTXSID9046570,2065,0.0,0
DTXSID9046572,2065,0.0,0
DTXSID9046576,2065,0.9999999755390254,1
DTXSID9046651,2065,0.0,0
DTXSID9046734,2065,0.0,0
DTXSID9046738,2065,0.0,0
DTXSID9046780,2065,0.0,0
DTXSID9046786,2065,0.0,0
DTXSID9046813,2065,0.9999999930257696,1
DTXSID9046817,2065,0.0,0
DTXSID9046861,2065,0.0,0
DTXSID9046942,2065,0.0,0
DTXSID9046946,2065,0.0,0
DTXSID9046992,2065,0.9985320962753667,1
DTXSID9046994,2065,0.0,0
DTXSID9046998,2065,0.0,0
DTXSID9047041,2065,0.0,0
DTXSID9047043,2065,0.0,0
DTXSID9047045,2065,0.0,0
DTXSID9047047,2065,0.0,0
DTXSID9047049,2065,0.0,0
DTXSID9047091,2065,0.0,0
DTXSID9047093,2065,0.0,0
DTXSID9047095,2065,0.0,0
DTXSID9047099,2065,0.0,0
DTXSID9047120,2065,0.0,0
DTXSID9047124,2065,0.0,0
DTXSID9047126,2065,0.0,0
DTXSID9047128,2065,0.0,0
DTXSID9047174,2065,0.0,0
DTXSID9047176,2065,0.0,0
DTXSID9047178,2065,0.0,0
DTXSID9047201,2065,0.0,0
DTXSID9047203,2065,0.0,0
DTXSID9047205,2065,0.0,0
DTXSID9047251,2065,0.0,0
DTXSID9047253,2065,0.0,0
DTXSID9047255,2065,0.0,0
DTXSID9047257,2065,0.0,0
DTXSID9047259,2065,0.0,0
DTXSID9047330,2065,0.0,0
DTXSID9047334,2065,0.0,0
DTXSID9047338,2065,0.0,0
DTXSID9047411,2065,0.0,0
DTXSID9047413,2065,0.0,0
DTXSID9047415,2065,0.0,0
DTXSID9047417,2065,0.0,0
DTXSID9047419,2065,0.0,0
DTXSID9047461,2065,0.0,0
DTXSID9047463,2065,0.0,0
DTXSID9047465,2065,0.0,0
DTXSID9047467,2065,0.0,0
DTXSID9047469,2065,0.0,0
DTXSID9047540,2065,0.0,0
DTXSID9047542,2065,0.0,0
DTXSID9047546,2065,0.0,0
DTXSID9047548,2065,0.0,0
DTXSID9047590,2065,0.0,0
DTXSID9047592,2065,1.0,1
DTXSID9047594,2065,0.0,0
DTXSID9047598,2065,3.989667032486787e-06,0
DTXSID9047623,2065,0.0,0
DTXSID9047629,2065,0.0,0
DTXSID9047673,2065,0.0,0
DTXSID9047675,2065,0.0,0
DTXSID9047677,2065,0.0,0
DTXSID9047679,2065,0.0,0
DTXSID9047700,2065,0.0,0
DTXSID9047702,2065,0.0,0
DTXSID9047704,2065,0.0,0
DTXSID9047706,2065,0.0,0
DTXSID9047708,2065,0.0,0
DTXSID9047833,2065,0.0,0
DTXSID9047835,2065,0.0,0
DTXSID9047837,2065,0.0,0
DTXSID9047839,2065,0.0,0
DTXSID9047881,2065,0.0,0
DTXSID9047883,2065,0.0,0
DTXSID9047885,2065,0.9999999994669979,1
DTXSID9047887,2065,0.0,0
DTXSID9047889,2065,0.9999999768447806,1
DTXSID9047910,2065,0.0,0
DTXSID9047912,2065,0.0,0
DTXSID9047914,2065,0.0,0
DTXSID9047916,2065,0.0,0
DTXSID9047918,2065,0.9999664642731366,1
DTXSID9047960,2065,0.0,0
DTXSID9047962,2065,0.0,0
DTXSID9047964,2065,0.0,0
DTXSID9047966,2065,0.0,0
DTXSID9047968,2065,0.0,0
DTXSID9048190,2065,0.0,0
DTXSID9048192,2065,0.0,0
DTXSID9048194,2065,0.0,0
DTXSID9048196,2065,0.0,0
DTXSID9048198,2065,0.0,0
DTXSID9048510,2065,0.0,0
DTXSID9048512,2065,0.9999999999999015,1
DTXSID9048514,2065,0.0,0
DTXSID9048516,2065,0.0,0
DTXSID9048518,2065,0.0,0
DTXSID9048647,2065,0.0,0
DTXSID9048649,2065,0.0,0
DTXSID9048691,2065,0.0,0
DTXSID9048693,2065,0.0,0
DTXSID9048695,2065,0.0,0
DTXSID9048722,2065,0.0,0
DTXSID9048728,2065,0.0,0
DTXSID9048774,2065,0.0,0
DTXSID9048776,2065,0.0,0
DTXSID9048778,2065,0.0,0
DTXSID9048801,2065,0.0,0
DTXSID9048803,2065,0.0,0
DTXSID9048805,2065,0.0,0
DTXSID9048807,2065,0.0,0
DTXSID9048809,2065,0.0,0
DTXSID9048851,2065,0.0,0
DTXSID9048853,2065,0.0,0
DTXSID9048855,2065,0.0,0
DTXSID9048859,2065,0.0,0
DTXSID9048930,2065,0.0,0
DTXSID9048932,2065,0.0,0
DTXSID9048934,2065,0.0,0
DTXSID9048936,2065,0.0,0
DTXSID9048938,2065,0.0,0
DTXSID9048988,2065,0.0,0
DTXSID9049035,2065,0.0,0
DTXSID9049037,2065,0.0,0
DTXSID9049039,2065,0.0,0
DTXSID9049083,2065,0.0,0
DTXSID9049241,2065,0.0,0
DTXSID9049243,2065,0.0,0
DTXSID9049245,2065,0.0,0
DTXSID9049247,2065,0.0,0
DTXSID9049249,2065,0.0,0
DTXSID9049291,2065,0.0,0
DTXSID9049293,2065,0.0,0
DTXSID9049295,2065,0.0,0
DTXSID9049297,2065,0.999999991463181,1
DTXSID9049299,2065,0.999999990871692,1
DTXSID9049320,2065,0.0,0
DTXSID9049322,2065,0.0,0
DTXSID9049324,2065,0.0,0
DTXSID9049326,2065,0.0,0
DTXSID9049328,2065,0.0,0
DTXSID9049370,2065,0.0,0
DTXSID9049372,2065,0.0,0
DTXSID9049374,2065,0.0,0
DTXSID9049376,2065,0.0,0
DTXSID9049378,2065,0.0,0
DTXSID9049401,2065,0.9999999991257571,1
DTXSID9049403,2065,0.0,0
DTXSID9049405,2065,0.0,0
DTXSID9049407,2065,0.0,0
DTXSID9049409,2065,0.0,0
DTXSID9049451,2065,0.0,0
DTXSID9049453,2065,0.0,0
DTXSID9049455,2065,0.0,0
DTXSID9049457,2065,0.0,0
DTXSID9049459,2065,0.0,0
DTXSID9049530,2065,0.0,0
DTXSID9049532,2065,0.0,0
DTXSID9049534,2065,0.0,0
DTXSID9049536,2065,0.0,0
DTXSID9049538,2065,0.0,0
DTXSID9051454,2065,0.0,0
DTXSID9051581,2065,0.0,0
DTXSID9051618,2065,0.0,0
DTXSID9051662,2065,0.0,0
DTXSID9051824,2065,0.0,0
DTXSID9051907,2065,0.0,0
DTXSID9052505,2065,0.0,0
DTXSID9052509,2065,0.0,0
DTXSID9057630,2065,0.0,0
DTXSID9057632,2065,0.0,0
DTXSID9057634,2065,0.0,0
DTXSID9057636,2065,0.0,0
DTXSID9057638,2065,1.0,1
DTXSID9057680,2065,0.0,0
DTXSID9057682,2065,0.0,0
DTXSID9057684,2065,0.0,0
DTXSID9057686,2065,0.0,0
DTXSID9057688,2065,0.0,0
DTXSID9057711,2065,0.0,0
DTXSID9057713,2065,0.0,0
DTXSID9057715,2065,0.0,0
DTXSID9057717,2065,0.0,0
DTXSID9057719,2065,0.0,0
DTXSID9057761,2065,0.0,0
DTXSID9057763,2065,0.0,0
DTXSID9057765,2065,0.0,0
DTXSID9057767,2065,0.0,0
DTXSID9057769,2065,0.0,0
DTXSID9057840,2065,0.0,0
DTXSID9057842,2065,0.0,0
DTXSID9057844,2065,0.0,0
DTXSID9057846,2065,0.0,0
DTXSID9057848,2065,0.0,0
DTXSID9057890,2065,0.0,0
DTXSID9057898,2065,0.0,0
DTXSID9058654,2065,1.0,1
