dtxsid,aeid,hitc_clean,active
DTXSID0020020,2062,0.0,0.0
DTXSID0020022,2062,0.0,0.0
DTXSID0020024,2062,0.0,0.0
DTXSID0020070,2062,0.0,0.0
DTXSID0020072,2062,0.0,0.0
DTXSID0020074,2062,0.0,0.0
DTXSID0020076,2062,0.0,0.0
DTXSID0020101,2062,7.445172205756005e-10,0.0
DTXSID0020105,2062,1.3777853191677843e-17,0.0
DTXSID0020107,2062,0.0,0.0
DTXSID0020151,2062,5.373304489765595e-19,0.0
DTXSID0020153,2062,0.0,0.0
DTXSID0020155,2062,0.0,0.0
DTXSID0020157,2062,1.7010630395844665e-13,0.0
DTXSID0020232,2062,2.996167785551527e-11,0.0
DTXSID0020236,2062,0.0,0.0
DTXSID0020238,2062,0.0,0.0
DTXSID0020280,2062,0.0,0.0
DTXSID0020282,2062,0.0,0.0
DTXSID0020284,2062,0.9938147550083599,1.0
DTXSID0020286,2062,0.0,0.0
DTXSID0020288,2062,1.2100142887324143e-16,0.0
DTXSID0020311,2062,0.0,0.0
DTXSID0020315,2062,0.0,0.0
DTXSID0020319,2062,,
DTXSID0020361,2062,0.0,0.0
DTXSID0020363,2062,0.0,0.0
DTXSID0020365,2062,0.0,0.0
DTXSID0020367,2062,0.0,0.0
DTXSID0020369,2062,0.0,0.0
DTXSID0020440,2062,0.0,0.0
DTXSID0020442,2062,0.0,0.0
DTXSID0020444,2062,1.089714284229633e-19,0.0
DTXSID0020446,2062,0.0,0.0
DTXSID0020448,2062,0.0,0.0
DTXSID0020494,2062,0.0,0.0
DTXSID0020498,2062,0.0,0.0
DTXSID0020523,2062,7.390040280497972e-16,0.0
DTXSID0020527,2062,0.0,0.0
DTXSID0020529,2062,6.020183967534582e-08,0.0
DTXSID0020573,2062,0.0,0.0
DTXSID0020575,2062,0.0,0.0
DTXSID0020577,2062,9.30403220279515e-18,0.0
DTXSID0020602,2062,0.0,0.0
DTXSID0020604,2062,0.0,0.0
DTXSID0020606,2062,0.0,0.0
DTXSID0020650,2062,0.0,0.0
DTXSID0020652,2062,0.0,0.0
DTXSID0020654,2062,0.0,0.0
DTXSID0020656,2062,0.0,0.0
DTXSID0020733,2062,0.0,0.0
DTXSID0020737,2062,0.0,0.0
DTXSID0020789,2062,0.0,0.0
DTXSID0020810,2062,8.681271150553337e-10,0.0
DTXSID0020814,2062,0.0,0.0
DTXSID0020818,2062,1.725323200921694e-18,0.0
DTXSID0020862,2062,5.045879990757047e-20,0.0
DTXSID0020868,2062,0.0,0.0
DTXSID0020941,2062,0.0,0.0
DTXSID0020943,2062,0.0,0.0
DTXSID0021040,2062,0.0,0.0
DTXSID0021094,2062,0.0,0.0
DTXSID0021096,2062,0.0,0.0
DTXSID0021121,2062,0.0,0.0
DTXSID0021123,2062,0.0,0.0
DTXSID0021125,2062,0.0,0.0
DTXSID0021127,2062,0.0,0.0
DTXSID0021129,2062,0.0,0.0
DTXSID0021175,2062,0.0,0.0
DTXSID0021179,2062,0.0,0.0
DTXSID0021206,2062,0.0,0.0
DTXSID0021254,2062,0.0,0.0
DTXSID0021256,2062,0.0,0.0
DTXSID0021258,2062,0.0,0.0
DTXSID0021331,2062,0.0,0.0
DTXSID0021333,2062,0.0,0.0
DTXSID0021335,2062,0.0,0.0
DTXSID0021337,2062,3.4200088937737445e-11,0.0
DTXSID0021339,2062,0.0,0.0
DTXSID0021381,2062,0.0,0.0
DTXSID0021383,2062,0.0,0.0
DTXSID0021385,2062,0.0,0.0
DTXSID0021387,2062,0.0,0.0
DTXSID0021389,2062,0.0,0.0
DTXSID0021410,2062,0.0,0.0
DTXSID0021414,2062,0.0,0.0
DTXSID0021418,2062,0.0,0.0
DTXSID0021460,2062,0.0,0.0
DTXSID0021462,2062,,
DTXSID0021464,2062,0.9999996070825529,1.0
DTXSID0021543,2062,0.0,0.0
DTXSID0021545,2062,0.0,0.0
DTXSID0021547,2062,0.0,0.0
DTXSID0021597,2062,0.0,0.0
DTXSID0021599,2062,0.0,0.0
DTXSID0021620,2062,0.0,0.0
DTXSID0021626,2062,0.0,0.0
DTXSID0021628,2062,0.0,0.0
DTXSID0021672,2062,0.0,0.0
DTXSID0021709,2062,0.0,0.0
DTXSID0021751,2062,0.0,0.0
DTXSID0021757,2062,0.0,0.0
DTXSID0021759,2062,0.0,0.0
DTXSID0021832,2062,0.0,0.0
DTXSID0021834,2062,3.522708571652921e-16,0.0
DTXSID0021836,2062,6.7922919891071435e-12,0.0
DTXSID0021886,2062,0.0,0.0
DTXSID0021888,2062,0.0,0.0
DTXSID0021915,2062,0.0,0.0
DTXSID0021917,2062,0.0,0.0
DTXSID0021961,2062,0.0,0.0
DTXSID0021963,2062,0.0,0.0
DTXSID0021965,2062,0.0,0.0
DTXSID0021969,2062,0.0,0.0
DTXSID0022010,2062,0.0,0.0
DTXSID0022012,2062,0.0,0.0
DTXSID0022014,2062,0.0,0.0
DTXSID0022016,2062,0.0,0.0
DTXSID0022018,2062,7.687112448013254e-10,0.0
DTXSID0022060,2062,0.0,0.0
DTXSID0022062,2062,0.0,0.0
DTXSID0022191,2062,0.0,0.0
DTXSID0022193,2062,0.0,0.0
DTXSID0022220,2062,0.0,0.0
DTXSID0022301,2062,0.00038402413395123575,0.0
DTXSID0022305,2062,0.0,0.0
DTXSID0022307,2062,0.0,0.0
DTXSID0022353,2062,9.493602608428858e-11,0.0
DTXSID0022432,2062,0.0,0.0
DTXSID0022436,2062,0.0,0.0
DTXSID0022480,2062,0.0,0.0
DTXSID0022519,2062,0.0,0.0
DTXSID0022563,2062,0.0,0.0
DTXSID0022640,2062,0.0,0.0
DTXSID0022644,2062,1.698473038604613e-16,0.0
DTXSID0022646,2062,4.769637840337487e-15,0.0
DTXSID0022690,2062,1.5801927956514755e-13,0.0
DTXSID0022725,2062,0.0,0.0
DTXSID0022777,2062,0.8140216348764783,0.0
DTXSID0022800,2062,0.0,0.0
DTXSID0022808,2062,0.0,0.0
DTXSID0022850,2062,0.0,0.0
DTXSID0022854,2062,0.0,0.0
DTXSID0022858,2062,0.0,0.0
DTXSID0022933,2062,0.0,0.0
DTXSID0022935,2062,0.0,0.0
DTXSID0022981,2062,0.0,0.0
DTXSID0023030,2062,0.0,0.0
DTXSID0023036,2062,1.1646366323673323e-06,0.0
DTXSID0023038,2062,0.0,0.0
DTXSID0023113,2062,0.0,0.0
DTXSID0023163,2062,0.0,0.0
DTXSID0023169,2062,0.0,0.0
DTXSID0023240,2062,0.0,0.0
DTXSID0023244,2062,0.0,0.0
DTXSID0023292,2062,0.0,0.0
DTXSID0023296,2062,0.9999999999980805,1.0
DTXSID0023298,2062,0.0,0.0
DTXSID0023323,2062,0.0,0.0
DTXSID0023329,2062,0.0,0.0
DTXSID0023371,2062,0.0,0.0
DTXSID0023373,2062,0.0,0.0
DTXSID0023377,2062,0.0,0.0
DTXSID0023458,2062,1.3296198448156907e-14,0.0
DTXSID0023581,2062,4.599098574031918e-10,0.0
DTXSID0023587,2062,0.0,0.0
DTXSID0023612,2062,0.0,0.0
DTXSID0023616,2062,0.0,0.0
DTXSID0023618,2062,0.0,0.0
DTXSID0023660,2062,0.0,0.0
DTXSID0023745,2062,0.0,0.0
DTXSID0023747,2062,0.0,0.0
DTXSID0023749,2062,0.0,0.0
DTXSID0023826,2062,0.0,0.0
DTXSID0023870,2062,0.0,0.0
DTXSID0023878,2062,0.0,0.0
DTXSID0023901,2062,0.0,0.0
DTXSID0023907,2062,0.3379630190263355,0.0
DTXSID0023909,2062,0.0,0.0
DTXSID0023951,2062,1.992775049632497e-16,0.0
DTXSID0023955,2062,0.0,0.0
DTXSID0024000,2062,0.0,0.0
DTXSID0024002,2062,3.6501962162572026e-19,0.0
DTXSID0024052,2062,0.0,0.0
DTXSID0024183,2062,0.0,0.0
DTXSID0024185,2062,0.0,0.0
DTXSID0024216,2062,0.0,0.0
DTXSID0024266,2062,6.019778849606878e-17,0.0
DTXSID0024341,2062,0.0,0.0
DTXSID0024345,2062,0.0,0.0
DTXSID0024395,2062,0.0,0.0
DTXSID0024397,2062,0.0,0.0
DTXSID0024399,2062,0.0,0.0
DTXSID0024470,2062,0.0,0.0
DTXSID0024474,2062,0.0,0.0
DTXSID0024478,2062,1.95494766521265e-18,0.0
DTXSID0024501,2062,0.0,0.0
DTXSID0024503,2062,0.0,0.0
DTXSID0024505,2062,0.0,0.0
DTXSID0024507,2062,0.0,0.0
DTXSID0024509,2062,0.0,0.0
DTXSID0024553,2062,0.0,0.0
DTXSID0024555,2062,1.7212470135293386e-10,0.0
DTXSID0024559,2062,0.012400309156458504,0.0
DTXSID0024638,2062,0.0,0.0
DTXSID0024715,2062,0.0,0.0
DTXSID0024761,2062,0.0,0.0
DTXSID0024840,2062,2.686989207521297e-13,0.0
DTXSID0024890,2062,0.0,0.0
DTXSID0024896,2062,0.0,0.0
DTXSID0024921,2062,0.0,0.0
DTXSID0024923,2062,0.0,0.0
DTXSID0024971,2062,0.0,0.0
DTXSID0024977,2062,0.0,0.0
DTXSID0024979,2062,0.0,0.0
DTXSID0025070,2062,0.0,0.0
DTXSID0025074,2062,0.0,0.0
DTXSID0025076,2062,0.9999999999999901,1.0
DTXSID0025078,2062,,
DTXSID0025101,2062,0.0,0.0
DTXSID0025234,2062,0.1971767943184413,0.0
DTXSID0025286,2062,0.0,0.0
DTXSID0025315,2062,6.837729433745125e-05,0.0
DTXSID0025361,2062,0.0,0.0
DTXSID0025363,2062,0.0,0.0
DTXSID0025367,2062,0.0,0.0
DTXSID0025440,2062,0.0,0.0
DTXSID0025492,2062,0.0,0.0
DTXSID0025494,2062,0.0,0.0
DTXSID0025523,2062,3.3693676612404206e-19,0.0
DTXSID0025527,2062,0.0,0.0
DTXSID0025571,2062,0.0,0.0
DTXSID0025577,2062,0.0,0.0
DTXSID0025600,2062,0.9999999999882702,1.0
DTXSID0025604,2062,0.0,0.0
DTXSID0025654,2062,0.0,0.0
DTXSID0025733,2062,0.0,0.0
DTXSID0025737,2062,0.0,0.0
DTXSID0025789,2062,,
DTXSID0025812,2062,0.0,0.0
DTXSID0025814,2062,0.0,0.0
DTXSID0025816,2062,0.0,0.0
DTXSID0025818,2062,6.4429365071248674e-15,0.0
DTXSID0025862,2062,0.0,0.0
DTXSID0025864,2062,0.0,0.0
DTXSID0025866,2062,0.0,0.0
DTXSID0025991,2062,0.08973269087353573,0.0
DTXSID0025997,2062,0.0,0.0
DTXSID0026040,2062,9.54298613141861e-07,0.0
DTXSID0026098,2062,0.0,0.0
DTXSID0026125,2062,0.0,0.0
DTXSID0026171,2062,0.0,0.0
DTXSID0026175,2062,0.0,0.0
DTXSID0026202,2062,4.1221430374336754e-19,0.0
DTXSID0026204,2062,0.0,0.0
DTXSID0026208,2062,0.0,0.0
DTXSID0026252,2062,6.23163045494204e-20,0.0
DTXSID0026258,2062,1.6814697857317958e-18,0.0
DTXSID0026339,2062,0.0,0.0
DTXSID0026418,2062,0.0,0.0
DTXSID0026547,2062,0.0,0.0
DTXSID0026549,2062,0.0,0.0
DTXSID0026676,2062,0.0,0.0
DTXSID0026701,2062,0.0,0.0
DTXSID0026830,2062,0.0,0.0
DTXSID0026838,2062,1.10079057633636e-19,0.0
DTXSID0026880,2062,0.0,0.0
DTXSID0026882,2062,0.0,0.0
DTXSID0026888,2062,0.0,0.0
DTXSID0026913,2062,0.0,0.0
DTXSID0026915,2062,0.0,0.0
DTXSID0026961,2062,2.652551536589324e-16,0.0
DTXSID0026967,2062,0.0,0.0
DTXSID0027014,2062,0.0,0.0
DTXSID0027066,2062,0.0,0.0
DTXSID0027143,2062,3.096447899576602e-12,0.0
DTXSID0027149,2062,0.0,0.0
DTXSID0027191,2062,0.0,0.0
DTXSID0027195,2062,0.0,0.0
DTXSID0027197,2062,0.0,0.0
DTXSID0027222,2062,0.0,0.0
DTXSID0027228,2062,1.452063277260713e-19,0.0
DTXSID0027270,2062,0.0,0.0
DTXSID0027301,2062,0.0,0.0
DTXSID0027309,2062,0.0,0.0
DTXSID0027432,2062,0.0,0.0
DTXSID0027436,2062,0.0,0.0
DTXSID0027438,2062,0.0,0.0
DTXSID0027486,2062,0.0,0.0
DTXSID0027513,2062,0.0,0.0
DTXSID0027515,2062,0.0,0.0
DTXSID0027561,2062,0.0,0.0
DTXSID0027565,2062,0.0,0.0
DTXSID0027567,2062,0.0,0.0
DTXSID0027640,2062,0.0,0.0
DTXSID0027721,2062,0.0,0.0
DTXSID0027729,2062,0.0,0.0
DTXSID0027771,2062,5.2604699982778517e-11,0.0
DTXSID0027773,2062,,
DTXSID0027802,2062,1.6410592786891937e-14,0.0
DTXSID0027804,2062,0.0,0.0
DTXSID0027806,2062,0.0,0.0
DTXSID0027852,2062,0.0,0.0
DTXSID0027856,2062,0.0,0.0
DTXSID0027858,2062,0.0,0.0
DTXSID0027933,2062,9.364726627432377e-18,0.0
DTXSID0027981,2062,0.0,0.0
DTXSID0027983,2062,0.0,0.0
DTXSID0028030,2062,1.1576892172992673e-17,0.0
DTXSID0028038,2062,0.0,0.0
DTXSID0028323,2062,0.0,0.0
DTXSID0028618,2062,0.0,0.0
DTXSID0028666,2062,0.0,0.0
DTXSID0029133,2062,0.0,0.0
DTXSID0029187,2062,9.021541493982805e-20,0.0
DTXSID0029189,2062,0.0,0.0
DTXSID0029210,2062,0.0,0.0
DTXSID0029214,2062,0.0,0.0
DTXSID0029218,2062,0.0,0.0
DTXSID0029260,2062,0.0,0.0
DTXSID0029262,2062,8.040373444138283e-08,0.0
DTXSID0029474,2062,0.0,0.0
DTXSID0029559,2062,0.0,0.0
DTXSID0029688,2062,9.676639428749268e-20,0.0
DTXSID0029761,2062,0.0,0.0
DTXSID0029848,2062,0.0,0.0
DTXSID0030162,2062,0.0,0.0
DTXSID0030588,2062,0.0,0.0
DTXSID0032029,2062,0.0,0.0
DTXSID0032077,2062,0.0,0.0
DTXSID0032314,2062,0.0,0.0
DTXSID0032316,2062,0.0,0.0
DTXSID0032493,2062,0.0,0.0
DTXSID0032497,2062,0.0,0.0
DTXSID0032520,2062,0.0,0.0
DTXSID0032572,2062,0.0,0.0
DTXSID0032578,2062,0.0,0.0
DTXSID0032601,2062,0.0,0.0
DTXSID0032605,2062,5.1374729353291477e-14,0.0
DTXSID0032651,2062,0.0,0.0
DTXSID0032655,2062,0.0,0.0
DTXSID0032811,2062,0.0,0.0
DTXSID0032813,2062,0.0,0.0
DTXSID0032869,2062,0.0,0.0
DTXSID0032998,2062,0.0,0.0
DTXSID0033047,2062,0.0,0.0
DTXSID0033332,2062,0.0,0.0
DTXSID0033334,2062,0.0,0.0
DTXSID0033382,2062,0.0,0.0
DTXSID0033469,2062,0.0,0.0
DTXSID0033673,2062,0.0,0.0
DTXSID0033754,2062,0.0,0.0
DTXSID0033960,2062,0.0006330670503888427,0.0
DTXSID0034192,2062,0.0,0.0
DTXSID0034223,2062,3.0739768234487023e-12,0.0
DTXSID0034227,2062,0.0,0.0
DTXSID0034229,2062,0.0,0.0
DTXSID0034300,2062,0.0,0.0
DTXSID0034518,2062,0.0,0.0
DTXSID0034566,2062,0.9999999998501373,1.0
DTXSID0034695,2062,0.0,0.0
DTXSID0034722,2062,0.0,0.0
DTXSID0034776,2062,0.0,0.0
DTXSID0034803,2062,0.0,0.0
DTXSID0034851,2062,0.0,0.0
DTXSID0034855,2062,3.3325097170070417e-13,0.0
DTXSID0034930,2062,0.0,0.0
DTXSID0034936,2062,0.0,0.0
DTXSID0035160,2062,0.0,0.0
DTXSID0035748,2062,0.0,0.0
DTXSID0035790,2062,0.0,0.0
DTXSID0036508,2062,0.0,0.0
DTXSID0037023,2062,0.0,0.0
DTXSID0037231,2062,0.0,0.0
DTXSID0037237,2062,0.0,0.0
DTXSID0037493,2062,0.0,0.0
DTXSID0037495,2062,0.0,0.0
DTXSID0037522,2062,2.756501074940148e-10,0.0
DTXSID0037570,2062,0.0,0.0
DTXSID0037576,2062,0.0,0.0
DTXSID0037730,2062,0.999999433607217,1.0
DTXSID0037734,2062,0.0,0.0
DTXSID0038700,2062,0.0,0.0
DTXSID0038756,2062,2.681335492742061e-14,0.0
DTXSID0038831,2062,0.0,0.0
DTXSID0038839,2062,0.0,0.0
DTXSID0038881,2062,0.9994520270803844,1.0
DTXSID0038887,2062,0.0,0.0
DTXSID0039223,2062,0.0,0.0
DTXSID0039227,2062,0.0,0.0
DTXSID0040127,2062,1.0499922570308354e-14,0.0
DTXSID0040208,2062,0.0,0.0
DTXSID0040464,2062,0.0,0.0
DTXSID0040672,2062,0.0,0.0
DTXSID0040674,2062,1.2515144614442327e-19,0.0
DTXSID0040676,2062,0.0,0.0
DTXSID0040678,2062,2.6421088475483034e-09,0.0
DTXSID0040701,2062,0.0,0.0
DTXSID0040703,2062,0.0,0.0
DTXSID0040705,2062,1.2310116071297191e-18,0.0
DTXSID0040707,2062,0.0,0.0
DTXSID0040751,2062,0.0,0.0
DTXSID0040757,2062,1.9800522190272898e-12,0.0
DTXSID0041141,2062,,
DTXSID0041197,2062,0.0,0.0
DTXSID0041220,2062,3.451176867357886e-17,0.0
DTXSID0041224,2062,0.0,0.0
DTXSID0041270,2062,0.0,0.0
DTXSID0041274,2062,0.9999800358286096,1.0
DTXSID0041357,2062,0.0,0.0
DTXSID0041359,2062,0.0,0.0
DTXSID0041436,2062,0.0,0.0
DTXSID0041484,2062,0.0,0.0
DTXSID0041513,2062,0.0,0.0
DTXSID0041517,2062,0.0,0.0
DTXSID0041519,2062,0.0,0.0
DTXSID0041567,2062,0.0,0.0
DTXSID0041646,2062,0.0,0.0
DTXSID0041692,2062,0.0,0.0
DTXSID0041698,2062,0.0,0.0
DTXSID0041721,2062,0.0,0.0
DTXSID0041850,2062,8.246108830112408e-14,0.0
DTXSID0041852,2062,0.0,0.0
DTXSID0041981,2062,0.0,0.0
DTXSID0041983,2062,3.4158707156740274e-18,0.0
DTXSID0041985,2062,5.066138410988176e-07,0.0
DTXSID0041987,2062,0.0,0.0
DTXSID0042038,2062,6.672613783304923e-19,0.0
DTXSID0042080,2062,4.178696341776265e-16,0.0
DTXSID0042084,2062,0.0,0.0
DTXSID0042086,2062,0.0,0.0
DTXSID0042117,2062,0.0,0.0
DTXSID0042167,2062,0.0,0.0
DTXSID0042169,2062,0.0,0.0
DTXSID0042242,2062,0.0,0.0
DTXSID0042248,2062,0.0,0.0
DTXSID0042325,2062,0.0,0.0
DTXSID0042327,2062,0.0,0.0
DTXSID0042379,2062,0.0,0.0
DTXSID0042400,2062,1.3294561828099916e-10,0.0
DTXSID0042406,2062,0.0,0.0
DTXSID0042454,2062,0.0,0.0
DTXSID0042583,2062,0.0,0.0
DTXSID0042614,2062,1.5994981198849889e-12,0.0
DTXSID0043761,2062,0.0,0.0
DTXSID0043765,2062,0.0,0.0
DTXSID0043848,2062,4.728737185106461e-18,0.0
DTXSID0043892,2062,0.0,0.0
DTXSID0043896,2062,0.0,0.0
DTXSID0044107,2062,0.0,0.0
DTXSID0044236,2062,1.3065264416482357e-13,0.0
DTXSID0044280,2062,0.0,0.0
DTXSID0044313,2062,0.0,0.0
DTXSID0044315,2062,0.0,0.0
DTXSID0044317,2062,0.0,0.0
DTXSID0044361,2062,0.0,0.0
DTXSID0044363,2062,0.0,0.0
DTXSID0044365,2062,0.0,0.0
DTXSID0044367,2062,0.9994134893200546,1.0
DTXSID0044369,2062,0.0,0.0
DTXSID0044440,2062,0.6556137872276354,0.0
DTXSID0044446,2062,3.5034089848440927e-17,0.0
DTXSID0044448,2062,0.0,0.0
DTXSID0044490,2062,0.0,0.0
DTXSID0044494,2062,3.427625347952069e-19,0.0
DTXSID0044496,2062,0.0,0.0
DTXSID0044498,2062,0.0,0.0
DTXSID0044521,2062,0.0,0.0
DTXSID0044523,2062,0.0,0.0
DTXSID0044525,2062,1.0,1.0
DTXSID0044527,2062,1.2708726858709556e-17,0.0
DTXSID0044571,2062,0.0,0.0
DTXSID0044573,2062,0.0,0.0
DTXSID0044575,2062,0.0,0.0
DTXSID0044577,2062,0.0,0.0
DTXSID0044600,2062,0.0,0.0
DTXSID0044604,2062,0.0,0.0
DTXSID0044606,2062,0.0,0.0
DTXSID0044650,2062,0.0,0.0
DTXSID0044654,2062,0.0,0.0
DTXSID0044656,2062,0.0,0.0
DTXSID0044658,2062,,
DTXSID0044731,2062,0.0,0.0
DTXSID0044733,2062,0.0,0.0
DTXSID0044735,2062,0.0,0.0
DTXSID0044737,2062,0.0,0.0
DTXSID0044781,2062,1.2538542885484211e-12,0.0
DTXSID0044783,2062,0.0,0.0
DTXSID0044785,2062,0.0,0.0
DTXSID0044787,2062,0.0,0.0
DTXSID0044810,2062,0.0,0.0
DTXSID0044812,2062,0.0,0.0
DTXSID0044816,2062,0.0,0.0
DTXSID0044818,2062,0.0,0.0
DTXSID0044860,2062,0.0,0.0
DTXSID0044862,2062,3.859406107688252e-17,0.0
DTXSID0044868,2062,0.0,0.0
DTXSID0044941,2062,0.0,0.0
DTXSID0044943,2062,0.0,0.0
DTXSID0044945,2062,0.0,0.0
DTXSID0044947,2062,0.0,0.0
DTXSID0044949,2062,0.0,0.0
DTXSID0044993,2062,0.0,0.0
DTXSID0044995,2062,8.731958277553515e-19,0.0
DTXSID0044997,2062,0.0,0.0
DTXSID0044999,2062,0.0,0.0
DTXSID0045090,2062,0.0,0.0
DTXSID0045125,2062,1.511314136986431e-18,0.0
DTXSID0045127,2062,0.0,0.0
DTXSID0045171,2062,0.0,0.0
DTXSID0045173,2062,2.154432021416561e-05,0.0
DTXSID0045175,2062,8.073406726126756e-16,0.0
DTXSID0045179,2062,0.0,0.0
DTXSID0045202,2062,0.0,0.0
DTXSID0045204,2062,,
DTXSID0045206,2062,0.0,0.0
DTXSID0045208,2062,1.0363505235759133e-06,0.0
DTXSID0045252,2062,0.0,0.0
DTXSID0045254,2062,2.8317549254568775e-19,0.0
DTXSID0045383,2062,0.0,0.0
DTXSID0045389,2062,0.0,0.0
DTXSID0045410,2062,0.0,0.0
DTXSID0045412,2062,8.274611392169553e-10,0.0
DTXSID0045416,2062,0.0,0.0
DTXSID0045462,2062,0.0,0.0
DTXSID0045464,2062,0.0,0.0
DTXSID0045466,2062,0.0,0.0
DTXSID0045543,2062,0.0,0.0
DTXSID0045547,2062,5.82584014988461e-20,0.0
DTXSID0045591,2062,0.0,0.0
DTXSID0045595,2062,0.0,0.0
DTXSID0045597,2062,1.2306458125350559e-18,0.0
DTXSID0045624,2062,0.0,0.0
DTXSID0045626,2062,0.0,0.0
DTXSID0045670,2062,0.0,0.0
DTXSID0045674,2062,7.26422751493723e-18,0.0
DTXSID0045676,2062,0.0,0.0
DTXSID0045701,2062,0.0,0.0
DTXSID0045703,2062,0.0,0.0
DTXSID0045705,2062,0.0,0.0
DTXSID0045707,2062,0.0,0.0
DTXSID0045709,2062,0.0,0.0
DTXSID0045753,2062,0.0,0.0
DTXSID0045832,2062,0.0,0.0
DTXSID0045836,2062,0.0,0.0
DTXSID0045838,2062,1.8597278416151213e-15,0.0
DTXSID0045880,2062,0.0,0.0
DTXSID0045886,2062,1.31508162993902e-08,0.0
DTXSID0045888,2062,0.0,0.0
DTXSID0045963,2062,0.0,0.0
DTXSID0046016,2062,0.0,0.0
DTXSID0046060,2062,0.0,0.0
DTXSID0046066,2062,0.0,0.0
DTXSID0046145,2062,1.031141287060779e-17,0.0
DTXSID0046147,2062,0.0,0.0
DTXSID0046193,2062,0.0,0.0
DTXSID0046195,2062,0.0,0.0
DTXSID0046222,2062,0.0,0.0
DTXSID0046226,2062,1.4115707325582762e-18,0.0
DTXSID0046270,2062,0.0,0.0
DTXSID0046272,2062,0.0,0.0
DTXSID0046274,2062,0.0,0.0
DTXSID0046276,2062,0.0,0.0
DTXSID0046305,2062,0.0,0.0
DTXSID0046307,2062,0.0,0.0
DTXSID0046309,2062,0.0,0.0
DTXSID0046351,2062,0.0,0.0
DTXSID0046357,2062,0.015055098431006978,0.0
DTXSID0046430,2062,0.0,0.0
DTXSID0046432,2062,0.0,0.0
DTXSID0046434,2062,2.267023359760883e-18,0.0
DTXSID0046480,2062,0.0,0.0
DTXSID0046482,2062,0.0,0.0
DTXSID0046484,2062,0.0,0.0
DTXSID0046486,2062,0.0,0.0
DTXSID0046488,2062,0.0,0.0
DTXSID0046511,2062,0.0,0.0
DTXSID0046513,2062,0.0,0.0
DTXSID0046561,2062,0.0,0.0
DTXSID0046563,2062,0.0,0.0
DTXSID0046565,2062,0.0,0.0
DTXSID0046567,2062,0.0,0.0
DTXSID0046569,2062,0.0,0.0
DTXSID0046640,2062,0.0,0.0
DTXSID0046644,2062,0.0,0.0
DTXSID0046648,2062,0.0,0.0
DTXSID0046690,2062,0.5376136634973862,0.0
DTXSID0046692,2062,0.0,0.0
DTXSID0046696,2062,0.0,0.0
DTXSID0046698,2062,0.0,0.0
DTXSID0046721,2062,0.0,0.0
DTXSID0046725,2062,0.0,0.0
DTXSID0046727,2062,0.0,0.0
DTXSID0046804,2062,0.0,0.0
DTXSID0046850,2062,0.0,0.0
DTXSID0046989,2062,0.0,0.0
DTXSID0047030,2062,0.0,0.0
DTXSID0047032,2062,0.0,0.0
DTXSID0047034,2062,0.0,0.0
DTXSID0047036,2062,4.675515654254013e-19,0.0
DTXSID0047038,2062,0.0,0.0
DTXSID0047080,2062,0.0,0.0
DTXSID0047082,2062,0.0,0.0
DTXSID0047084,2062,7.677822497536292e-20,0.0
DTXSID0047086,2062,0.0,0.0
DTXSID0047088,2062,0.0,0.0
DTXSID0047111,2062,1.5688614815605704e-10,0.0
DTXSID0047113,2062,0.0,0.0
DTXSID0047115,2062,0.0,0.0
DTXSID0047117,2062,0.0,0.0
DTXSID0047161,2062,0.0,0.0
DTXSID0047163,2062,3.6883084988329164e-13,0.0
DTXSID0047165,2062,0.0,0.0
DTXSID0047167,2062,0.0,0.0
DTXSID0047169,2062,0.0,0.0
DTXSID0047242,2062,0.9978745351274158,1.0
DTXSID0047244,2062,0.0,0.0
DTXSID0047246,2062,0.0,0.0
DTXSID0047248,2062,0.0,0.0
DTXSID0047290,2062,0.0,0.0
DTXSID0047292,2062,0.0,0.0
DTXSID0047294,2062,0.0,0.0
DTXSID0047296,2062,0.0,0.0
DTXSID0047325,2062,0.0,0.0
DTXSID0047327,2062,0.0,0.0
DTXSID0047371,2062,0.8939219215274884,0.0
DTXSID0047375,2062,0.0,0.0
DTXSID0047377,2062,0.9999998259525725,1.0
DTXSID0047379,2062,0.0,0.0
DTXSID0047400,2062,0.0,0.0
DTXSID0047404,2062,0.0,0.0
DTXSID0047406,2062,0.0,0.0
DTXSID0047408,2062,0.0,0.0
DTXSID0047450,2062,0.0,0.0
DTXSID0047454,2062,6.0756284572741935e-18,0.0
DTXSID0047456,2062,0.0,0.0
DTXSID0047533,2062,0.0,0.0
DTXSID0047535,2062,0.0,0.0
DTXSID0047537,2062,0.0,0.0
DTXSID0047539,2062,6.169510238813644e-13,0.0
DTXSID0047581,2062,0.0,0.0
DTXSID0047585,2062,0.0,0.0
DTXSID0047587,2062,0.0,0.0
DTXSID0047589,2062,0.0,0.0
DTXSID0047610,2062,0.0,0.0
DTXSID0047614,2062,0.0,0.0
DTXSID0047618,2062,0.0,0.0
DTXSID0047660,2062,0.0,0.0
DTXSID0047662,2062,8.743506205752999e-16,0.0
DTXSID0047741,2062,0.0,0.0
DTXSID0047745,2062,0.0,0.0
DTXSID0047749,2062,0.0,0.0
DTXSID0047797,2062,0.0,0.0
DTXSID0047799,2062,0.0,0.0
DTXSID0047822,2062,0.0,0.0
DTXSID0047828,2062,0.0,0.0
DTXSID0047870,2062,6.220996082034039e-20,0.0
DTXSID0047872,2062,0.0,0.0
DTXSID0047874,2062,0.0,0.0
DTXSID0047876,2062,0.0,0.0
DTXSID0047878,2062,0.0,0.0
DTXSID0047901,2062,0.0,0.0
DTXSID0047903,2062,0.0,0.0
DTXSID0047905,2062,0.0,0.0
DTXSID0047907,2062,0.0,0.0
DTXSID0047909,2062,4.142550711247817e-19,0.0
DTXSID0047951,2062,0.0,0.0
DTXSID0047953,2062,0.9999545752798248,1.0
DTXSID0047955,2062,0.0,0.0
DTXSID0047957,2062,5.453363724624834e-06,0.0
DTXSID0047959,2062,0.0,0.0
DTXSID0048181,2062,0.0,0.0
DTXSID0048183,2062,0.0,0.0
DTXSID0048185,2062,0.0,0.0
DTXSID0048187,2062,0.0,0.0
DTXSID0048189,2062,0.9986984267290503,1.0
DTXSID0048210,2062,2.532142210117297e-14,0.0
DTXSID0048505,2062,,
DTXSID0048507,2062,0.0,0.0
DTXSID0048509,2062,0.0,0.0
DTXSID0048632,2062,0.0,0.0
DTXSID0048636,2062,0.0,0.0
DTXSID0048638,2062,0.0,0.0
DTXSID0048680,2062,0.0,0.0
DTXSID0048684,2062,3.7626173955549986e-10,0.0
DTXSID0048686,2062,0.0,0.0
DTXSID0048713,2062,0.0,0.0
DTXSID0048717,2062,0.0,0.0
DTXSID0048840,2062,0.0,0.0
DTXSID0048842,2062,1.4399814457759843e-19,0.0
DTXSID0048844,2062,0.0,0.0
DTXSID0048846,2062,0.0,0.0
DTXSID0048848,2062,8.57206770648688e-18,0.0
DTXSID0048890,2062,6.481075950407464e-12,0.0
DTXSID0048892,2062,0.0,0.0
DTXSID0048894,2062,0.0,0.0
DTXSID0048896,2062,0.0,0.0
DTXSID0048898,2062,0.0,0.0
DTXSID0048921,2062,0.0,0.0
DTXSID0048927,2062,0.0,0.0
DTXSID0048929,2062,0.0,0.0
DTXSID0048975,2062,0.0,0.0
DTXSID0049022,2062,0.0,0.0
DTXSID0049076,2062,0.0,0.0
DTXSID0049078,2062,0.0,0.0
DTXSID0049230,2062,0.0,0.0
DTXSID0049232,2062,0.0,0.0
DTXSID0049234,2062,0.0,0.0
DTXSID0049236,2062,0.0,0.0
DTXSID0049238,2062,4.3188659249552625e-16,0.0
DTXSID0049280,2062,0.0,0.0
DTXSID0049282,2062,0.0,0.0
DTXSID0049284,2062,0.0,0.0
DTXSID0049286,2062,0.0,0.0
DTXSID0049288,2062,7.955146835764937e-17,0.0
DTXSID0049311,2062,0.0,0.0
DTXSID0049313,2062,0.0,0.0
DTXSID0049315,2062,0.0,0.0
DTXSID0049317,2062,0.0,0.0
DTXSID0049319,2062,0.0,0.0
DTXSID0049361,2062,0.0,0.0
DTXSID0049363,2062,0.0,0.0
DTXSID0049365,2062,0.0,0.0
DTXSID0049367,2062,0.0,0.0
DTXSID0049369,2062,0.0,0.0
DTXSID0049446,2062,0.0,0.0
DTXSID0049448,2062,0.0,0.0
DTXSID0049490,2062,0.0,0.0
DTXSID0049492,2062,0.0,0.0
DTXSID0049494,2062,0.0,0.0
DTXSID0049496,2062,0.0,0.0
DTXSID0049498,2062,0.0,0.0
DTXSID0049521,2062,0.0,0.0
DTXSID0049523,2062,0.0,0.0
DTXSID0049525,2062,0.0,0.0
DTXSID0049527,2062,0.0,0.0
DTXSID0049529,2062,0.0,0.0
DTXSID0050423,2062,0.0,0.0
DTXSID0051447,2062,0.0,0.0
DTXSID0051493,2062,0.0,0.0
DTXSID0051497,2062,0.0,0.0
DTXSID0051499,2062,0.0,0.0
DTXSID0051570,2062,0.0,0.0
DTXSID0051574,2062,0.0,0.0
DTXSID0051732,2062,0.0,0.0
DTXSID0051736,2062,0.0,0.0
DTXSID0051738,2062,0.0,0.0
DTXSID0051782,2062,0.0,0.0
DTXSID0051863,2062,0.0,0.0
DTXSID0051944,2062,0.0,0.0
DTXSID0051996,2062,0.0,0.0
DTXSID0052043,2062,0.0,0.0
DTXSID0052124,2062,0.0,0.0
DTXSID0052463,2062,0.0,0.0
DTXSID0052542,2062,0.0,0.0
DTXSID0052590,2062,0.0,0.0
DTXSID0052594,2062,0.0,0.0
DTXSID0052596,2062,0.0,0.0
DTXSID0052598,2062,0.0,0.0
DTXSID0052621,2062,0.0,0.0
DTXSID0052629,2062,0.0,0.0
DTXSID0052833,2062,0.0,0.0
DTXSID0052837,2062,0.0,0.0
DTXSID0052839,2062,0.0,0.0
DTXSID0057621,2062,0.0,0.0
DTXSID0057623,2062,0.0,0.0
DTXSID0057625,2062,0.0,0.0
DTXSID0057627,2062,1.7039600585836854e-11,0.0
DTXSID0057629,2062,0.0,0.0
DTXSID0057671,2062,0.0,0.0
DTXSID0057673,2062,0.0,0.0
DTXSID0057677,2062,0.0,0.0
DTXSID0057679,2062,0.0,0.0
DTXSID0057700,2062,0.0,0.0
DTXSID0057702,2062,0.0,0.0
DTXSID0057704,2062,0.0,0.0
DTXSID0057706,2062,0.0,0.0
DTXSID0057708,2062,0.0,0.0
DTXSID0057750,2062,0.0,0.0
DTXSID0057752,2062,0.0,0.0
DTXSID0057754,2062,0.0,0.0
DTXSID0057756,2062,0.0,0.0
DTXSID0057758,2062,5.722590409929458e-10,0.0
DTXSID0057831,2062,0.012849498056047595,0.0
DTXSID0057833,2062,0.0,0.0
DTXSID0057835,2062,0.0,0.0
DTXSID0057837,2062,0.0,0.0
DTXSID0057839,2062,0.0,0.0
DTXSID1020015,2062,0.0,0.0
DTXSID1020063,2062,0.0,0.0
DTXSID1020069,2062,1.0364778326996144e-08,0.0
DTXSID1020140,2062,0.0,0.0
DTXSID1020142,2062,0.0,0.0
DTXSID1020144,2062,4.1540042366493905e-17,0.0
DTXSID1020146,2062,0.0,0.0
DTXSID1020148,2062,0.0,0.0
DTXSID1020190,2062,0.9989598925656308,1.0
DTXSID1020194,2062,0.0,0.0
DTXSID1020198,2062,0.0,0.0
DTXSID1020221,2062,0.0,0.0
DTXSID1020223,2062,0.0,0.0
DTXSID1020275,2062,0.0,0.0
DTXSID1020279,2062,0.0,0.0
DTXSID1020300,2062,0.0,0.0
DTXSID1020306,2062,0.0,0.0
DTXSID1020308,2062,0.0,0.0
DTXSID1020350,2062,0.0,0.0
DTXSID1020352,2062,3.5852872636975737e-19,0.0
DTXSID1020354,2062,0.0,0.0
DTXSID1020358,2062,0.0,0.0
DTXSID1020431,2062,0.0,0.0
DTXSID1020433,2062,0.0,0.0
DTXSID1020437,2062,0.0,0.0
DTXSID1020439,2062,0.0,0.0
DTXSID1020483,2062,0.0,0.0
DTXSID1020485,2062,1.47072972758199e-19,0.0
DTXSID1020510,2062,0.0,0.0
DTXSID1020512,2062,0.0,0.0
DTXSID1020516,2062,0.0,0.0
DTXSID1020560,2062,2.1016887015445455e-14,0.0
DTXSID1020562,2062,0.0,0.0
DTXSID1020566,2062,0.0,0.0
DTXSID1020647,2062,0.0,0.0
DTXSID1020697,2062,8.058979011076616e-05,0.0
DTXSID1020699,2062,0.0,0.0
DTXSID1020728,2062,0.0,0.0
DTXSID1020770,2062,0.9991925305593359,1.0
DTXSID1020778,2062,0.0,0.0
DTXSID1020803,2062,0.0,0.0
DTXSID1020805,2062,2.3311802399246928e-18,0.0
DTXSID1020807,2062,0.0,0.0
DTXSID1020809,2062,0.0,0.0
DTXSID1020855,2062,1.10217996202175e-17,0.0
DTXSID1020857,2062,0.0,0.0
DTXSID1020859,2062,0.0,0.0
DTXSID1020930,2062,0.0,0.0
DTXSID1020932,2062,0.0,0.0
DTXSID1020980,2062,0.0,0.0
DTXSID1020982,2062,0.0,0.0
DTXSID1020984,2062,0.0,0.0
DTXSID1021031,2062,,
DTXSID1021039,2062,0.0,0.0
DTXSID1021081,2062,0.0,0.0
DTXSID1021087,2062,0.0,0.0
DTXSID1021089,2062,0.0,0.0
DTXSID1021114,2062,1.320488601146553e-17,0.0
DTXSID1021116,2062,0.0,0.0
DTXSID1021118,2062,0.0,0.0
DTXSID1021160,2062,0.0,0.0
DTXSID1021162,2062,0.0,0.0
DTXSID1021164,2062,0.0,0.0
DTXSID1021166,2062,1.783712641242583e-09,0.0
DTXSID1021168,2062,0.0,0.0
DTXSID1021241,2062,0.0,0.0
DTXSID1021243,2062,0.9911764795436526,1.0
DTXSID1021247,2062,0.9999999999999236,1.0
DTXSID1021291,2062,0.0,0.0
DTXSID1021299,2062,2.170719384747195e-12,0.0
DTXSID1021320,2062,0.0,0.0
DTXSID1021322,2062,0.0,0.0
DTXSID1021328,2062,0.0,0.0
DTXSID1021372,2062,3.22973263514239e-14,0.0
DTXSID1021374,2062,0.0,0.0
DTXSID1021378,2062,0.0,0.0
DTXSID1021403,2062,0.0,0.0
DTXSID1021405,2062,4.28743136333479e-14,0.0
DTXSID1021409,2062,0.9996889857279226,1.0
DTXSID1021455,2062,0.0,0.0
DTXSID1021530,2062,0.0,0.0
DTXSID1021584,2062,0.0,0.0
DTXSID1021586,2062,0.0,0.0
DTXSID1021615,2062,0.0,0.0
DTXSID1021617,2062,0.0,0.0
DTXSID1021619,2062,0.0,0.0
DTXSID1021665,2062,0.0,0.0
DTXSID1021667,2062,0.6031527778055725,0.0
DTXSID1021740,2062,0.0,0.0
DTXSID1021744,2062,0.0,0.0
DTXSID1021790,2062,0.0,0.0
DTXSID1021792,2062,6.390172773752831e-13,0.0
DTXSID1021798,2062,0.0,0.0
DTXSID1021821,2062,0.0,0.0
DTXSID1021823,2062,0.0,0.0
DTXSID1021827,2062,0.0,0.0
DTXSID1021871,2062,0.0,0.0
DTXSID1021873,2062,0.0,0.0
DTXSID1021877,2062,0.0,0.0
DTXSID1021879,2062,0.0,0.0
DTXSID1021902,2062,0.0,0.0
DTXSID1021904,2062,0.0,0.0
DTXSID1021952,2062,0.0,0.0
DTXSID1021956,2062,0.0,0.0
DTXSID1021958,2062,0.0,0.0
DTXSID1022001,2062,0.0,0.0
DTXSID1022003,2062,0.0,0.0
DTXSID1022007,2062,0.0,0.0
DTXSID1022009,2062,3.538165427296949e-19,0.0
DTXSID1022051,2062,0.0,0.0
DTXSID1022053,2062,0.0,0.0
DTXSID1022055,2062,0.0,0.0
DTXSID1022057,2062,0.0,0.0
DTXSID1022130,2062,0.0,0.0
DTXSID1022138,2062,0.0,0.0
DTXSID1022180,2062,0.0,0.0
DTXSID1022186,2062,0.0,0.0
DTXSID1022188,2062,0.0,0.0
DTXSID1022217,2062,0.0,0.0
DTXSID1022265,2062,0.0,0.0
DTXSID1022267,2062,0.0,0.0
DTXSID1022394,2062,6.3842206905130505e-06,0.0
DTXSID1022396,2062,0.0,0.0
DTXSID1022421,2062,2.186379553042348e-18,0.0
DTXSID1022425,2062,0.0,0.0
DTXSID1022479,2062,0.0,0.0
DTXSID1022508,2062,0.00021094007072011795,0.0
DTXSID1022556,2062,0.0,0.0
DTXSID1022558,2062,0.0,0.0
DTXSID1022635,2062,,
DTXSID1022681,2062,0.0,0.0
DTXSID1022683,2062,2.130772809348739e-18,0.0
DTXSID1022718,2062,0.0,0.0
DTXSID1022764,2062,0.0,0.0
DTXSID1022843,2062,0.0,0.0
DTXSID1022897,2062,0.0,0.0
DTXSID1022926,2062,6.328019093539399e-05,0.0
DTXSID1022974,2062,0.0,0.0
DTXSID1022978,2062,0.0,0.0
DTXSID1023021,2062,0.0,0.0
DTXSID1023071,2062,0.0,0.0
DTXSID1023102,2062,0.0,0.0
DTXSID1023150,2062,0.0,0.0
DTXSID1023158,2062,0.0,0.0
DTXSID1023231,2062,0.0,0.0
DTXSID1023235,2062,0.0,0.0
DTXSID1023239,2062,0.0,0.0
DTXSID1023283,2062,0.0,0.0
DTXSID1023314,2062,0.0,0.0
DTXSID1023362,2062,0.0,0.0
DTXSID1023364,2062,0.0,0.0
DTXSID1023368,2062,0.0,0.0
DTXSID1023441,2062,1.3280520180765306e-17,0.0
DTXSID1023495,2062,0.0,0.0
DTXSID1023497,2062,0.0,0.0
DTXSID1023572,2062,0.0,0.0
DTXSID1023603,2062,0.0,0.0
DTXSID1023605,2062,0.0,0.0
DTXSID1023607,2062,0.0,0.0
DTXSID1023609,2062,0.0,0.0
DTXSID1023730,2062,0.0,0.0
DTXSID1023736,2062,0.0,0.0
DTXSID1023786,2062,0.0,0.0
DTXSID1023815,2062,0.0,0.0
DTXSID1023817,2062,0.0,0.0
DTXSID1023819,2062,0.0,0.0
DTXSID1023869,2062,0.0,0.0
DTXSID1023990,2062,0.0,0.0
DTXSID1023996,2062,0.0,0.0
DTXSID1023998,2062,1.2674981342770988e-10,0.0
DTXSID1024045,2062,1.0104902462277103e-17,0.0
DTXSID1024049,2062,0.0,0.0
DTXSID1024091,2062,0.0,0.0
DTXSID1024097,2062,3.0601867759799025e-19,0.0
DTXSID1024124,2062,0.0,0.0
DTXSID1024126,2062,0.0,0.0
DTXSID1024128,2062,0.0,0.0
DTXSID1024170,2062,0.0,0.0
DTXSID1024174,2062,4.934251703573567e-09,0.0
DTXSID1024176,2062,0.0,0.0
DTXSID1024209,2062,0.0,0.0
DTXSID1024255,2062,0.0,0.0
DTXSID1024259,2062,0.0,0.0
DTXSID1024334,2062,1.0713894762448392e-18,0.0
DTXSID1024338,2062,0.0,0.0
DTXSID1024413,2062,0.0,0.0
DTXSID1024463,2062,0.0,0.0
DTXSID1024465,2062,0.0,0.0
DTXSID1024467,2062,0.0,0.0
DTXSID1024598,2062,1.7318896111599172e-10,0.0
DTXSID1024621,2062,0.0,0.0
DTXSID1024625,2062,0.0,0.0
DTXSID1024629,2062,0.0,0.0
DTXSID1024702,2062,0.0,0.0
DTXSID1024704,2062,0.0,0.0
DTXSID1024831,2062,9.121977606920485e-16,0.0
DTXSID1024835,2062,0.0,0.0
DTXSID1024837,2062,0.0,0.0
DTXSID1024881,2062,0.0,0.0
DTXSID1024885,2062,0.0,0.0
DTXSID1024887,2062,0.0,0.0
DTXSID1024912,2062,0.0,0.0
DTXSID1024916,2062,0.0,0.0
DTXSID1024918,2062,0.0,0.0
DTXSID1024966,2062,0.0,0.0
DTXSID1025013,2062,0.0,0.0
DTXSID1025017,2062,1.2227362919363205e-10,0.0
DTXSID1025063,2062,0.0,0.0
DTXSID1025065,2062,0.9999999999999774,1.0
DTXSID1025148,2062,0.0,0.0
DTXSID1025221,2062,0.0,0.0
DTXSID1025271,2062,0.0,0.0
DTXSID1025279,2062,0.0,0.0
DTXSID1025300,2062,0.0,0.0
DTXSID1025302,2062,4.684481948074093e-13,0.0
DTXSID1025304,2062,1.3490876915686994e-15,0.0
DTXSID1025306,2062,0.0,0.0
DTXSID1025308,2062,0.0,0.0
DTXSID1025431,2062,0.0,0.0
DTXSID1025433,2062,0.0,0.0
DTXSID1025437,2062,0.0,0.0
DTXSID1025481,2062,0.0,0.0
DTXSID1025483,2062,0.0,0.0
DTXSID1025485,2062,1.4217251298165815e-13,0.0
DTXSID1025512,2062,1.661811916231005e-07,0.0
DTXSID1025560,2062,0.0,0.0
DTXSID1025641,2062,0.0,0.0
DTXSID1025649,2062,0.0,0.0
DTXSID1025693,2062,0.0,0.0
DTXSID1025722,2062,0.0,0.0
DTXSID1025724,2062,0.0,0.0
DTXSID1025726,2062,0.0,0.0
DTXSID1025770,2062,0.0,0.0
DTXSID1025774,2062,0.0,0.0
DTXSID1025776,2062,0.0,0.0
DTXSID1025805,2062,0.0,0.0
DTXSID1025807,2062,,
DTXSID1025809,2062,0.0,0.0
DTXSID1025851,2062,0.0,0.0
DTXSID1025857,2062,1.3503214727488258e-19,0.0
DTXSID1025930,2062,1.935638747906637e-06,0.0
DTXSID1025934,2062,4.035725793413597e-18,0.0
DTXSID1026031,2062,0.0,0.0
DTXSID1026033,2062,0.0,0.0
DTXSID1026035,2062,1.0599949816276977e-14,0.0
DTXSID1026081,2062,0.0,0.0
DTXSID1026083,2062,0.0,0.0
DTXSID1026089,2062,0.0,0.0
DTXSID1026112,2062,0.0,0.0
DTXSID1026118,2062,0.0,0.0
DTXSID1026164,2062,0.0,0.0
DTXSID1026241,2062,8.946584259772735e-08,0.0
DTXSID1026293,2062,1.2629215019041958e-14,0.0
DTXSID1026457,2062,0.0,0.0
DTXSID1026536,2062,3.0615341111704532e-18,0.0
DTXSID1026615,2062,0.0,0.0
DTXSID1026619,2062,0.0,0.0
DTXSID1026661,2062,0.0,0.0
DTXSID1026665,2062,0.0,0.0
DTXSID1026667,2062,0.0,0.0
DTXSID1026740,2062,0.0,0.0
DTXSID1026792,2062,0.0,0.0
DTXSID1026796,2062,0.0,0.0
DTXSID1026879,2062,1.195002492762203e-15,0.0
DTXSID1026900,2062,0.0,0.0
DTXSID1026902,2062,0.9973680785788215,1.0
DTXSID1026904,2062,0.0,0.0
DTXSID1026906,2062,0.0,0.0
DTXSID1026908,2062,0.0,0.0
DTXSID1026954,2062,0.0,0.0
DTXSID1027007,2062,0.0,0.0
DTXSID1027134,2062,0.9998268817823864,1.0
DTXSID1027184,2062,0.0,0.0
DTXSID1027186,2062,0.0,0.0
DTXSID1027188,2062,0.0,0.0
DTXSID1027211,2062,0.0,0.0
DTXSID1027219,2062,0.0,0.0
DTXSID1027263,2062,0.0,0.0
DTXSID1027265,2062,0.0,0.0
DTXSID1027267,2062,0.0,0.0
DTXSID1027269,2062,0.0,0.0
DTXSID1027342,2062,0.0,0.0
DTXSID1027344,2062,0.0,0.0
DTXSID1027346,2062,0.0,0.0
DTXSID1027390,2062,0.0,0.0
DTXSID1027394,2062,0.0,0.0
DTXSID1027425,2062,0.0,0.0
DTXSID1027427,2062,0.0,0.0
DTXSID1027429,2062,5.1674559363878123e-17,0.0
DTXSID1027471,2062,0.0,0.0
DTXSID1027479,2062,0.9809169297469795,1.0
DTXSID1027500,2062,0.0,0.0
DTXSID1027502,2062,0.0,0.0
DTXSID1027504,2062,0.0,0.0
DTXSID1027506,2062,0.0,0.0
DTXSID1027550,2062,0.0,0.0
DTXSID1027556,2062,0.0,0.0
DTXSID1027558,2062,0.0,0.0
DTXSID1027633,2062,0.0,0.0
DTXSID1027635,2062,1.9996739500967886e-15,0.0
DTXSID1027639,2062,0.0,0.0
DTXSID1027714,2062,0.0,0.0
DTXSID1027716,2062,0.0,0.0
DTXSID1027764,2062,0.0,0.0
DTXSID1027768,2062,0.0,0.0
DTXSID1027841,2062,3.48414306034335e-18,0.0
DTXSID1027891,2062,0.0,0.0
DTXSID1027899,2062,0.0,0.0
DTXSID1027920,2062,0.0,0.0
DTXSID1027924,2062,0.0,0.0
DTXSID1027926,2062,4.973388757034621e-15,0.0
DTXSID1027928,2062,0.0,0.0
DTXSID1027970,2062,0.0,0.0
DTXSID1027974,2062,0.0,0.0
DTXSID1027978,2062,0.0,0.0
DTXSID1029120,2062,,
DTXSID1029122,2062,0.0,0.0
DTXSID1029124,2062,0.0,0.0
DTXSID1029128,2062,0.0,0.0
DTXSID1029170,2062,1.3606540243420424e-19,0.0
DTXSID1029201,2062,0.0,0.0
DTXSID1029203,2062,0.0,0.0
DTXSID1029207,2062,0.0,0.0
DTXSID1029251,2062,0.0,0.0
DTXSID1029255,2062,0.0,0.0
DTXSID1029338,2062,0.0,0.0
DTXSID1029629,2062,0.0,0.0
DTXSID1029671,2062,0.0,0.0
DTXSID1029677,2062,0.0,0.0
DTXSID1029679,2062,0.0,0.0
DTXSID1029889,2062,1.1178794308750057e-14,0.0
DTXSID1029910,2062,0.0,0.0
DTXSID1030317,2062,0.0,0.0
DTXSID1030319,2062,0.0,0.0
DTXSID1030604,2062,0.0,0.0
DTXSID1030606,2062,0.0,0.0
DTXSID1031460,2062,0.0,0.0
DTXSID1031462,2062,1.2622071985665302e-17,0.0
DTXSID1031591,2062,0.0,0.0
DTXSID1031626,2062,0.0,0.0
DTXSID1032278,2062,0.0,0.0
DTXSID1032303,2062,0.0,0.0
DTXSID1032305,2062,0.0,0.0
DTXSID1032309,2062,0.0,0.0
DTXSID1032355,2062,0.0,0.0
DTXSID1032359,2062,0.0,0.0
DTXSID1032482,2062,0.6690602471730812,0.0
DTXSID1032484,2062,5.573468144409673e-17,0.0
DTXSID1032488,2062,3.1412668182083485e-12,0.0
DTXSID1032511,2062,0.0,0.0
DTXSID1032513,2062,0.0,0.0
DTXSID1032519,2062,0.0,0.0
DTXSID1032569,2062,0.0,0.0
DTXSID1032640,2062,0.0,0.0
DTXSID1032642,2062,0.0,0.0
DTXSID1032646,2062,1.9096212885697552e-13,0.0
DTXSID1032648,2062,0.0,0.0
DTXSID1032690,2062,0.0,0.0
DTXSID1033161,2062,0.0,0.0
DTXSID1033163,2062,0.0,0.0
DTXSID1033371,2062,0.0,0.0
DTXSID1033402,2062,0.0,0.0
DTXSID1033539,2062,1.9223623439351082e-11,0.0
DTXSID1033664,2062,0.0,0.0
DTXSID1033876,2062,0.0,0.0
DTXSID1034181,2062,0.0,0.0
DTXSID1034187,2062,0.9999853402866433,1.0
DTXSID1034210,2062,0.9999216431465326,1.0
DTXSID1034212,2062,0.0,0.0
DTXSID1034260,2062,0.0,0.0
DTXSID1034501,2062,0.0,0.0
DTXSID1034503,2062,5.349962468423775e-16,0.0
DTXSID1034634,2062,0.0,0.0
DTXSID1034769,2062,0.0,0.0
DTXSID1034844,2062,0.0,0.0
DTXSID1034929,2062,0.0,0.0
DTXSID1034973,2062,0.0,0.0
DTXSID1035286,2062,0.0,0.0
DTXSID1035288,2062,0.0,0.0
DTXSID1035783,2062,0.0,0.0
DTXSID1036541,2062,0.0,0.0
DTXSID1036545,2062,0.0,0.0
DTXSID1037197,2062,0.0,0.0
DTXSID1037224,2062,5.6826390124828844e-18,0.0
DTXSID1037272,2062,5.613356981794895e-15,0.0
DTXSID1037303,2062,0.0,0.0
DTXSID1037511,2062,1.6816156865842876e-15,0.0
DTXSID1037515,2062,0.0,0.0
DTXSID1037565,2062,2.3677845679458983e-13,0.0
DTXSID1037567,2062,0.0,0.0
DTXSID1037696,2062,0.0,0.0
DTXSID1037806,2062,0.0,0.0
DTXSID1038298,2062,0.0,0.0
DTXSID1038321,2062,0.0,0.0
DTXSID1038666,2062,2.1579725565404078e-18,0.0
DTXSID1038743,2062,0.0,0.0
DTXSID1038795,2062,0.0,0.0
DTXSID1038822,2062,0.0,0.0
DTXSID1038824,2062,0.0,0.0
DTXSID1038876,2062,3.242397500198419e-11,0.0
DTXSID1039719,2062,0.0,0.0
DTXSID1040110,2062,0.0,0.0
DTXSID1040112,2062,0.0,0.0
DTXSID1040114,2062,0.0,0.0
DTXSID1040164,2062,0.0,0.0
DTXSID1040243,2062,0.0,0.0
DTXSID1040245,2062,0.0,0.0
DTXSID1040295,2062,0.0,0.0
DTXSID1040320,2062,0.0,0.0
DTXSID1040324,2062,0.0,0.0
DTXSID1040326,2062,0.0,0.0
DTXSID1040372,2062,0.0,0.0
DTXSID1040611,2062,0.0,0.0
DTXSID1040619,2062,0.00011434489069701263,0.0
DTXSID1040661,2062,0.0,0.0
DTXSID1040740,2062,0.0,0.0
DTXSID1040742,2062,0.0,0.0
DTXSID1040792,2062,0.0,0.0
DTXSID1040794,2062,0.0,0.0
DTXSID1041132,2062,0.0,0.0
DTXSID1041180,2062,2.1680436959976163e-14,0.0
DTXSID1041184,2062,0.0,0.0
DTXSID1041188,2062,,
DTXSID1041217,2062,0.0,0.0
DTXSID1041261,2062,0.0,0.0
DTXSID1041263,2062,0.0,0.0
DTXSID1041265,2062,0.0,0.0
DTXSID1041267,2062,0.0,0.0
DTXSID1041269,2062,0.0,0.0
DTXSID1041346,2062,2.1297846624021472e-14,0.0
DTXSID1041396,2062,0.0,0.0
DTXSID1041421,2062,0.0,0.0
DTXSID1041423,2062,0.0,0.0
DTXSID1041425,2062,0.0,0.0
DTXSID1041502,2062,0.9996446449788048,1.0
DTXSID1041506,2062,4.224754457930779e-11,0.0
DTXSID1041508,2062,0.0,0.0
DTXSID1041550,2062,6.862111245480621e-14,0.0
DTXSID1041639,2062,0.0,0.0
DTXSID1041681,2062,0.0,0.0
DTXSID1041683,2062,1.9787578601369839e-13,0.0
DTXSID1041847,2062,0.0,0.0
DTXSID1041891,2062,0.0,0.0
DTXSID1041897,2062,0.0,0.0
DTXSID1041920,2062,0.0,0.0
DTXSID1041970,2062,0.0,0.0
DTXSID1041978,2062,0.0,0.0
DTXSID1042077,2062,0.0,0.0
DTXSID1042154,2062,4.205830506228335e-06,0.0
DTXSID1042281,2062,0.0,0.0
DTXSID1042285,2062,0.0,0.0
DTXSID1042360,2062,0.0,0.0
DTXSID1042364,2062,0.0,0.0
DTXSID1042441,2062,0.0,0.0
DTXSID1042443,2062,0.0,0.0
DTXSID1042445,2062,0.0,0.0
DTXSID1042491,2062,0.0,0.0
DTXSID1042499,2062,0.27811399377687407,0.0
DTXSID1042570,2062,0.0,0.0
DTXSID1042574,2062,0.0,0.0
DTXSID1043839,2062,2.9842194978121566e-14,0.0
DTXSID1043881,2062,0.0,0.0
DTXSID1043910,2062,0.0,0.0
DTXSID1044196,2062,9.5394580643785e-16,0.0
DTXSID1044198,2062,0.0,0.0
DTXSID1044221,2062,1.4439538183376524e-17,0.0
DTXSID1044223,2062,0.0,0.0
DTXSID1044227,2062,0.0,0.0
DTXSID1044352,2062,0.0,0.0
DTXSID1044354,2062,0.0,0.0
DTXSID1044356,2062,0.0,0.0
DTXSID1044431,2062,0.0,0.0
DTXSID1044433,2062,0.0,0.0
DTXSID1044435,2062,0.0,0.0
DTXSID1044437,2062,0.0,0.0
DTXSID1044439,2062,0.0,0.0
DTXSID1044481,2062,0.0,0.0
DTXSID1044485,2062,0.0,0.0
DTXSID1044487,2062,0.9999996651990456,1.0
DTXSID1044489,2062,0.0,0.0
DTXSID1044514,2062,4.138495267365868e-08,0.0
DTXSID1044518,2062,1.1254366021576542e-14,0.0
DTXSID1044560,2062,0.0,0.0
DTXSID1044564,2062,0.0,0.0
DTXSID1044568,2062,9.177984514405906e-10,0.0
DTXSID1044643,2062,0.0,0.0
DTXSID1044645,2062,0.0,0.0
DTXSID1044647,2062,0.0,0.0
DTXSID1044691,2062,0.9997948092875472,1.0
DTXSID1044693,2062,0.0,0.0
DTXSID1044697,2062,0.0,0.0
DTXSID1044720,2062,0.0,0.0
DTXSID1044722,2062,0.0,0.0
DTXSID1044724,2062,0.0,0.0
DTXSID1044728,2062,0.0,0.0
DTXSID1044770,2062,0.0,0.0
DTXSID1044772,2062,0.0,0.0
DTXSID1044774,2062,2.2331758189363507e-10,0.0
DTXSID1044776,2062,0.0,0.0
DTXSID1044801,2062,1.4102491264180822e-08,0.0
DTXSID1044805,2062,0.0,0.0
DTXSID1044807,2062,0.0,0.0
DTXSID1044809,2062,0.0,0.0
DTXSID1044851,2062,,
DTXSID1044853,2062,0.0,0.0
DTXSID1044857,2062,0.0,0.0
DTXSID1044859,2062,0.0,0.0
DTXSID1044930,2062,0.0,0.0
DTXSID1044932,2062,0.0,0.0
DTXSID1044934,2062,0.0,0.0
DTXSID1044936,2062,,
DTXSID1044938,2062,0.0,0.0
DTXSID1044980,2062,0.0,0.0
DTXSID1044982,2062,0.0,0.0
DTXSID1044986,2062,0.0,0.0
DTXSID1045081,2062,0.0,0.0
DTXSID1045083,2062,0.0,0.0
DTXSID1045085,2062,2.33302724362066e-06,0.0
DTXSID1045089,2062,0.0,0.0
DTXSID1045116,2062,0.0,0.0
DTXSID1045118,2062,0.0,0.0
DTXSID1045162,2062,0.0,0.0
DTXSID1045164,2062,0.0,0.0
DTXSID1045166,2062,0.0,0.0
DTXSID1045245,2062,0.0,0.0
DTXSID1045291,2062,,
DTXSID1045293,2062,0.0,0.0
DTXSID1045297,2062,7.594679322593962e-16,0.0
DTXSID1045320,2062,0.0,0.0
DTXSID1045324,2062,0.0,0.0
DTXSID1045326,2062,0.8714275139586467,0.0
DTXSID1045328,2062,0.0,0.0
DTXSID1045370,2062,0.0,0.0
DTXSID1045372,2062,0.0,0.0
DTXSID1045376,2062,0.0,0.0
DTXSID1045405,2062,0.0,0.0
DTXSID1045407,2062,0.0,0.0
DTXSID1045409,2062,0.0,0.0
DTXSID1045459,2062,0.0,0.0
DTXSID1045530,2062,0.0,0.0
DTXSID1045534,2062,0.0,0.0
DTXSID1045536,2062,1.3923601323991183e-12,0.0
DTXSID1045538,2062,0.0,0.0
DTXSID1045580,2062,0.0,0.0
DTXSID1045584,2062,0.0,0.0
DTXSID1045588,2062,0.0,0.0
DTXSID1045611,2062,1.7433021197389747e-18,0.0
DTXSID1045615,2062,0.0,0.0
DTXSID1045619,2062,0.0,0.0
DTXSID1045661,2062,7.461631298288307e-14,0.0
DTXSID1045663,2062,5.871914313658475e-16,0.0
DTXSID1045669,2062,1.7081036784714788e-09,0.0
DTXSID1045742,2062,0.0,0.0
DTXSID1045744,2062,5.366268417056383e-08,0.0
DTXSID1045746,2062,0.0,0.0
DTXSID1045748,2062,0.0,0.0
DTXSID1045790,2062,0.0,0.0
DTXSID1045792,2062,7.109950799897503e-05,0.0
DTXSID1045794,2062,0.0,0.0
DTXSID1045798,2062,2.0310625770003055e-19,0.0
DTXSID1045825,2062,0.0,0.0
DTXSID1045871,2062,0.0,0.0
DTXSID1045879,2062,0.0,0.0
DTXSID1045906,2062,4.552246551636044e-19,0.0
DTXSID1045952,2062,,
DTXSID1045958,2062,0.0,0.0
DTXSID1046003,2062,7.3894985120523365e-19,0.0
DTXSID1046007,2062,3.2711126372503046e-16,0.0
DTXSID1046051,2062,0.0,0.0
DTXSID1046130,2062,0.0,0.0
DTXSID1046132,2062,0.0,0.0
DTXSID1046134,2062,7.003622643752622e-11,0.0
DTXSID1046136,2062,0.0,0.0
DTXSID1046180,2062,5.1261648217207664e-17,0.0
DTXSID1046188,2062,0.0,0.0
DTXSID1046215,2062,0.0,0.0
DTXSID1046263,2062,0.0,0.0
DTXSID1046267,2062,1.0022296588246145e-16,0.0
DTXSID1046344,2062,0.0,0.0
DTXSID1046348,2062,0.0,0.0
DTXSID1046390,2062,0.0,0.0
DTXSID1046392,2062,0.0,0.0
DTXSID1046394,2062,0.0,0.0
DTXSID1046396,2062,0.0,0.0
DTXSID1046398,2062,0.0,0.0
DTXSID1046421,2062,0.0,0.0
DTXSID1046423,2062,1.5459030856062883e-19,0.0
DTXSID1046425,2062,0.0,0.0
DTXSID1046427,2062,6.821048562964526e-16,0.0
DTXSID1046429,2062,0.7504736558585436,0.0
DTXSID1046475,2062,0.0,0.0
DTXSID1046502,2062,0.0,0.0
DTXSID1046504,2062,0.0,0.0
DTXSID1046506,2062,0.0,0.0
DTXSID1046550,2062,0.0,0.0
DTXSID1046558,2062,0.0,0.0
DTXSID1046631,2062,0.0,0.0
DTXSID1046633,2062,0.0,0.0
DTXSID1046639,2062,0.0,0.0
DTXSID1046681,2062,0.0,0.0
DTXSID1046685,2062,0.0,0.0
DTXSID1046687,2062,0.0,0.0
DTXSID1046689,2062,0.0,0.0
DTXSID1046714,2062,0.0,0.0
DTXSID1046768,2062,0.0,0.0
DTXSID1046847,2062,1.5957300315829416e-17,0.0
DTXSID1046891,2062,0.0,0.0
DTXSID1046922,2062,9.474561957979721e-11,0.0
DTXSID1046970,2062,2.1965733278262306e-15,0.0
DTXSID1046974,2062,0.0,0.0
DTXSID1046976,2062,0.0,0.0
DTXSID1046978,2062,2.096439065773494e-12,0.0
DTXSID1047027,2062,0.0,0.0
DTXSID1047029,2062,0.0,0.0
DTXSID1047071,2062,0.0,0.0
DTXSID1047075,2062,0.0,0.0
DTXSID1047102,2062,0.999968422599868,1.0
DTXSID1047104,2062,0.0,0.0
DTXSID1047106,2062,0.0,0.0
DTXSID1047108,2062,0.0,0.0
DTXSID1047150,2062,0.0,0.0
DTXSID1047152,2062,0.0,0.0
DTXSID1047156,2062,0.0,0.0
DTXSID1047158,2062,0.0,0.0
DTXSID1047239,2062,0.0,0.0
DTXSID1047281,2062,0.0,0.0
DTXSID1047283,2062,0.0,0.0
DTXSID1047285,2062,0.0,0.0
DTXSID1047287,2062,0.0,0.0
DTXSID1047289,2062,0.0,0.0
DTXSID1047310,2062,0.990695311640928,1.0
DTXSID1047312,2062,0.0,0.0
DTXSID1047316,2062,0.0,0.0
DTXSID1047318,2062,0.0,0.0
DTXSID1047360,2062,0.0,0.0
DTXSID1047362,2062,0.0,0.0
DTXSID1047364,2062,0.0,0.0
DTXSID1047366,2062,0.0,0.0
DTXSID1047368,2062,0.0,0.0
DTXSID1047443,2062,0.0,0.0
DTXSID1047447,2062,0.0,0.0
DTXSID1047491,2062,0.0,0.0
DTXSID1047493,2062,0.0,0.0
DTXSID1047497,2062,0.0,0.0
DTXSID1047520,2062,0.0,0.0
DTXSID1047524,2062,0.0,0.0
DTXSID1047526,2062,0.0,0.0
DTXSID1047528,2062,0.0,0.0
DTXSID1047570,2062,0.0,0.0
DTXSID1047574,2062,0.0,0.0
DTXSID1047576,2062,0.0,0.0
DTXSID1047578,2062,0.0,0.0
DTXSID1047601,2062,0.0,0.0
DTXSID1047603,2062,0.0,0.0
DTXSID1047605,2062,3.541376848459291e-14,0.0
DTXSID1047607,2062,0.0,0.0
DTXSID1047609,2062,0.0,0.0
DTXSID1047651,2062,0.0,0.0
DTXSID1047655,2062,0.0,0.0
DTXSID1047657,2062,0.0,0.0
DTXSID1047659,2062,0.0,0.0
DTXSID1047730,2062,0.0,0.0
DTXSID1047780,2062,0.0,0.0
DTXSID1047782,2062,0.0,0.0
DTXSID1047784,2062,0.0,0.0
DTXSID1047786,2062,0.0,0.0
DTXSID1047788,2062,0.0,0.0
DTXSID1047811,2062,0.0,0.0
DTXSID1047813,2062,0.0,0.0
DTXSID1047815,2062,0.0,0.0
DTXSID1047817,2062,0.09518008197366577,0.0
DTXSID1047819,2062,0.0,0.0
DTXSID1047869,2062,0.0,0.0
DTXSID1047940,2062,0.0,0.0
DTXSID1047942,2062,0.0,0.0
DTXSID1047944,2062,0.999999978958651,1.0
DTXSID1047946,2062,0.0,0.0
DTXSID1047948,2062,0.0,0.0
DTXSID1048122,2062,0.0,0.0
DTXSID1048170,2062,0.0,0.0
DTXSID1048172,2062,1.2733828440635044e-16,0.0
DTXSID1048174,2062,0.0,0.0
DTXSID1048176,2062,0.0,0.0
DTXSID1048178,2062,0.0,0.0
DTXSID1048201,2062,0.0,0.0
DTXSID1048203,2062,0.0,0.0
DTXSID1048207,2062,0.0,0.0
DTXSID1048209,2062,0.0,0.0
DTXSID1048590,2062,0.0,0.0
DTXSID1048592,2062,0.0,0.0
DTXSID1048596,2062,0.0,0.0
DTXSID1048598,2062,0.0,0.0
DTXSID1048623,2062,0.0,0.0
DTXSID1048627,2062,0.0,0.0
DTXSID1048671,2062,6.602771095050445e-13,0.0
DTXSID1048679,2062,1.2999224613589008e-13,0.0
DTXSID1048704,2062,0.0,0.0
DTXSID1048706,2062,0.0,0.0
DTXSID1048831,2062,0.0,0.0
DTXSID1048833,2062,0.0,0.0
DTXSID1048835,2062,0.0,0.0
DTXSID1048837,2062,0.0,0.0
DTXSID1048839,2062,0.0,0.0
DTXSID1048883,2062,0.0,0.0
DTXSID1048910,2062,0.0,0.0
DTXSID1048912,2062,6.16337510776837e-13,0.0
DTXSID1048914,2062,1.0164497519681938e-17,0.0
DTXSID1048916,2062,0.0,0.0
DTXSID1048918,2062,7.942594691785848e-13,0.0
DTXSID1048960,2062,0.0,0.0
DTXSID1049015,2062,1.7159768178383091e-12,0.0
DTXSID1049065,2062,2.911062039530126e-09,0.0
DTXSID1049067,2062,0.0,0.0
DTXSID1049069,2062,0.0,0.0
DTXSID1049221,2062,0.0,0.0
DTXSID1049223,2062,0.0,0.0
DTXSID1049225,2062,0.0,0.0
DTXSID1049227,2062,0.0,0.0
DTXSID1049229,2062,0.6329430364538624,0.0
DTXSID1049271,2062,0.04885288435411366,0.0
DTXSID1049273,2062,0.0,0.0
DTXSID1049275,2062,0.0,0.0
DTXSID1049277,2062,0.0,0.0
DTXSID1049279,2062,0.0,0.0
DTXSID1049300,2062,0.0,0.0
DTXSID1049302,2062,0.0,0.0
DTXSID1049304,2062,0.003739130800493129,0.0
DTXSID1049306,2062,0.0,0.0
DTXSID1049308,2062,0.0,0.0
DTXSID1049350,2062,0.0,0.0
DTXSID1049352,2062,0.9999697511592432,1.0
DTXSID1049354,2062,0.0,0.0
DTXSID1049356,2062,0.0,0.0
DTXSID1049358,2062,0.0,0.0
DTXSID1049431,2062,0.0,0.0
DTXSID1049433,2062,0.0,0.0
DTXSID1049481,2062,0.0,0.0
DTXSID1049483,2062,0.0,0.0
DTXSID1049485,2062,0.0,0.0
DTXSID1049487,2062,0.0,0.0
DTXSID1049489,2062,0.0,0.0
DTXSID1049510,2062,1.0465716090836898e-18,0.0
DTXSID1049512,2062,0.0,0.0
DTXSID1049514,2062,0.0,0.0
DTXSID1049516,2062,0.0,0.0
DTXSID1049518,2062,5.346770985546636e-18,0.0
DTXSID1049560,2062,0.0,0.0
DTXSID1049562,2062,0.0,0.0
DTXSID1049697,2062,2.2921816672850845e-06,0.0
DTXSID1051690,2062,0.0,0.0
DTXSID1051771,2062,0.0,0.0
DTXSID1051779,2062,0.0,0.0
DTXSID1051808,2062,1.2264605430639028e-05,0.0
DTXSID1051850,2062,0.0,0.0
DTXSID1051856,2062,0.0,0.0
DTXSID1051939,2062,,
DTXSID1052294,2062,0.0,0.0
DTXSID1052298,2062,0.0,0.0
DTXSID1052539,2062,0.0,0.0
DTXSID1052585,2062,0.0,0.0
DTXSID1052587,2062,5.117106444702473e-19,0.0
DTXSID1052610,2062,0.0,0.0
DTXSID1057610,2062,0.0,0.0
DTXSID1057612,2062,0.0,0.0
DTXSID1057614,2062,0.0,0.0
DTXSID1057616,2062,0.0,0.0
DTXSID1057618,2062,0.0,0.0
DTXSID1057660,2062,0.0,0.0
DTXSID1057662,2062,0.0,0.0
DTXSID1057664,2062,0.0,0.0
DTXSID1057666,2062,0.0,0.0
DTXSID1057668,2062,0.0,0.0
DTXSID1057741,2062,0.0,0.0
DTXSID1057743,2062,0.0,0.0
DTXSID1057745,2062,4.951240387764263e-17,0.0
DTXSID1057747,2062,0.0,0.0
DTXSID1057749,2062,3.323794502126953e-05,0.0
DTXSID1057791,2062,0.0,0.0
DTXSID1057793,2062,0.0,0.0
DTXSID1057795,2062,0.0,0.0
DTXSID1057797,2062,0.0,0.0
DTXSID1057799,2062,0.0,0.0
DTXSID1057820,2062,0.0,0.0
DTXSID1057822,2062,0.0,0.0
DTXSID1057824,2062,0.0,0.0
DTXSID1057826,2062,0.0,0.0
DTXSID1057828,2062,0.970945402083997,1.0
DTXSID2020006,2062,0.0,0.0
DTXSID2020054,2062,0.0,0.0
DTXSID2020058,2062,3.552524663044089e-10,0.0
DTXSID2020131,2062,0.0,0.0
DTXSID2020137,2062,0.0,0.0
DTXSID2020139,2062,1.589973974384647e-17,0.0
DTXSID2020181,2062,0.0,0.0
DTXSID2020189,2062,1.0,1.0
DTXSID2020210,2062,0.0,0.0
DTXSID2020212,2062,0.0001592740804924289,0.0
DTXSID2020216,2062,2.73501893961554e-05,0.0
DTXSID2020260,2062,0.00028316281003400764,0.0
DTXSID2020262,2062,0.0,0.0
DTXSID2020266,2062,3.692788461421464e-17,0.0
DTXSID2020268,2062,0.0,0.0
DTXSID2020341,2062,0.0,0.0
DTXSID2020345,2062,,
DTXSID2020347,2062,3.875304451720793e-11,0.0
DTXSID2020349,2062,0.0,0.0
DTXSID2020391,2062,1.7181895126966304e-15,0.0
DTXSID2020399,2062,0.0,0.0
DTXSID2020420,2062,0.0,0.0
DTXSID2020424,2062,0.0,0.0
DTXSID2020426,2062,1.5150500966022756e-12,0.0
DTXSID2020428,2062,0.0,0.0
DTXSID2020470,2062,0.0,0.0
DTXSID2020474,2062,0.0,0.0
DTXSID2020478,2062,0.0,0.0
DTXSID2020501,2062,2.4583620260321898e-15,0.0
DTXSID2020505,2062,3.0060548553548394e-15,0.0
DTXSID2020507,2062,0.0,0.0
DTXSID2020509,2062,0.0,0.0
DTXSID2020557,2062,0.0,0.0
DTXSID2020634,2062,0.0,0.0
DTXSID2020636,2062,0.0,0.0
DTXSID2020680,2062,0.0,0.0
DTXSID2020682,2062,0.0,0.0
DTXSID2020684,2062,1.2168123850430516e-06,0.0
DTXSID2020686,2062,1.2279014218012532e-09,0.0
DTXSID2020688,2062,0.0,0.0
DTXSID2020713,2062,0.0,0.0
DTXSID2020717,2062,0.0,0.0
DTXSID2020761,2062,0.0,0.0
DTXSID2020767,2062,0.0,0.0
DTXSID2020844,2062,0.0,0.0
DTXSID2020846,2062,,
DTXSID2020890,2062,3.89505475277372e-19,0.0
DTXSID2020892,2062,0.0,0.0
DTXSID2020894,2062,4.076926874200295e-14,0.0
DTXSID2020898,2062,0.0,0.0
DTXSID2020921,2062,0.0,0.0
DTXSID2020923,2062,2.208233902986262e-15,0.0
DTXSID2020927,2062,0.0,0.0
DTXSID2020929,2062,2.0196269347240923e-13,0.0
DTXSID2020971,2062,5.567556179039775e-16,0.0
DTXSID2020977,2062,0.0,0.0
DTXSID2021022,2062,0.0,0.0
DTXSID2021026,2062,0.0,0.0
DTXSID2021028,2062,0.0,0.0
DTXSID2021070,2062,0.0,0.0
DTXSID2021103,2062,0.0,0.0
DTXSID2021105,2062,9.127556703754445e-14,0.0
DTXSID2021151,2062,0.0,0.0
DTXSID2021159,2062,0.0,0.0
DTXSID2021232,2062,1.3050380489740457e-09,0.0
DTXSID2021234,2062,0.9973667866039215,1.0
DTXSID2021236,2062,0.9973908237913998,1.0
DTXSID2021238,2062,0.0,0.0
DTXSID2021282,2062,1.3015939497714802e-19,0.0
DTXSID2021284,2062,0.0,0.0
DTXSID2021286,2062,0.0,0.0
DTXSID2021288,2062,0.0,0.0
DTXSID2021311,2062,9.373447720072256e-06,0.0
DTXSID2021315,2062,0.0,0.0
DTXSID2021317,2062,0.0,0.0
DTXSID2021319,2062,0.0,0.0
DTXSID2021363,2062,5.3576742519630675e-18,0.0
DTXSID2021365,2062,0.0,0.0
DTXSID2021367,2062,0.0,0.0
DTXSID2021440,2062,0.0,0.0
DTXSID2021442,2062,0.0,0.0
DTXSID2021446,2062,0.0,0.0
DTXSID2021448,2062,0.0,0.0
DTXSID2021492,2062,0.0,0.0
DTXSID2021496,2062,0.0,0.0
DTXSID2021498,2062,0.0,0.0
DTXSID2021575,2062,0.0,0.0
DTXSID2021577,2062,0.0,0.0
DTXSID2021600,2062,0.0,0.0
DTXSID2021602,2062,0.0,0.0
DTXSID2021604,2062,0.0,0.0
DTXSID2021608,2062,0.0,0.0
DTXSID2021650,2062,0.0,0.0
DTXSID2021652,2062,0.0,0.0
DTXSID2021654,2062,0.0,0.0
DTXSID2021656,2062,0.0,0.0
DTXSID2021658,2062,0.0,0.0
DTXSID2021731,2062,0.0,0.0
DTXSID2021735,2062,0.0,0.0
DTXSID2021739,2062,0.0,0.0
DTXSID2021781,2062,2.694388503919562e-18,0.0
DTXSID2021789,2062,0.0,0.0
DTXSID2021810,2062,0.0,0.0
DTXSID2021816,2062,5.111728659080111e-18,0.0
DTXSID2021818,2062,0.0,0.0
DTXSID2021860,2062,0.0,0.0
DTXSID2021864,2062,0.0,0.0
DTXSID2021866,2062,0.0,0.0
DTXSID2021868,2062,0.0,0.0
DTXSID2021941,2062,0.0,0.0
DTXSID2021943,2062,0.0,0.0
DTXSID2021947,2062,0.0,0.0
DTXSID2021949,2062,0.0,0.0
DTXSID2021993,2062,0.0,0.0
DTXSID2021995,2062,0.0,0.0
DTXSID2021997,2062,0.0,0.0
DTXSID2022048,2062,0.0,0.0
DTXSID2022090,2062,0.0,0.0
DTXSID2022096,2062,0.0,0.0
DTXSID2022121,2062,0.0,0.0
DTXSID2022123,2062,0.0,0.0
DTXSID2022125,2062,0.0,0.0
DTXSID2022127,2062,0.0,0.0
DTXSID2022171,2062,0.0,0.0
DTXSID2022179,2062,0.0,0.0
DTXSID2022254,2062,5.5913620675190905e-11,0.0
DTXSID2022256,2062,0.0,0.0
DTXSID2022331,2062,0.0,0.0
DTXSID2022333,2062,0.0,0.0
DTXSID2022381,2062,3.0552619414843395e-11,0.0
DTXSID2022462,2062,0.0,0.0
DTXSID2022541,2062,1.9328562973404224e-15,0.0
DTXSID2022543,2062,0.0,0.0
DTXSID2022549,2062,0.0,0.0
DTXSID2022593,2062,0.0,0.0
DTXSID2022595,2062,2.623581516358284e-11,0.0
DTXSID2022628,2062,0.0,0.0
DTXSID2022674,2062,0.0,0.0
DTXSID2022676,2062,0.0,0.0
DTXSID2022678,2062,0.0,0.0
DTXSID2022707,2062,0.0,0.0
DTXSID2022753,2062,0.0,0.0
DTXSID2022880,2062,0.0,0.0
DTXSID2022886,2062,0.0,0.0
DTXSID2022888,2062,0.0,0.0
DTXSID2022967,2062,0.0,0.0
DTXSID2023010,2062,0.0,0.0
DTXSID2023016,2062,0.0,0.0
DTXSID2023064,2062,0.0,0.0
DTXSID2023068,2062,0.0,0.0
DTXSID2023143,2062,0.0,0.0
DTXSID2023193,2062,9.199932430740986e-18,0.0
DTXSID2023195,2062,0.0,0.0
DTXSID2023222,2062,0.0,0.0
DTXSID2023224,2062,2.252742846572805e-12,0.0
DTXSID2023270,2062,0.0,0.0
DTXSID2023276,2062,0.0,0.0
DTXSID2023307,2062,0.0,0.0
DTXSID2023309,2062,0.0,0.0
DTXSID2023353,2062,5.1371290859996885e-11,0.0
DTXSID2023430,2062,0.0,0.0
DTXSID2023434,2062,0.0,0.0
DTXSID2023480,2062,0.0,0.0
DTXSID2023488,2062,0.0,0.0
DTXSID2023519,2062,0.0,0.0
DTXSID2023569,2062,0.0,0.0
DTXSID2023640,2062,5.506891562193596e-05,0.0
DTXSID2023642,2062,0.9342823463585627,1.0
DTXSID2023690,2062,0.0,0.0
DTXSID2023723,2062,0.0,0.0
DTXSID2023725,2062,1.57461721487859e-17,0.0
DTXSID2023727,2062,0.0,0.0
DTXSID2023771,2062,0.0,0.0
DTXSID2023775,2062,0.0,0.0
DTXSID2023937,2062,5.470872443903634e-13,0.0
DTXSID2024030,2062,0.0,0.0
DTXSID2024038,2062,0.0,0.0
DTXSID2024086,2062,3.90275798208381e-17,0.0
DTXSID2024113,2062,6.946232592130068e-16,0.0
DTXSID2024163,2062,0.0,0.0
DTXSID2024242,2062,0.0,0.0
DTXSID2024246,2062,0.0,0.0
DTXSID2024452,2062,0.0,0.0
DTXSID2024454,2062,0.0,0.0
DTXSID2024458,2062,1.1891305205826488e-12,0.0
DTXSID2024585,2062,0.0,0.0
DTXSID2024589,2062,0.0,0.0
DTXSID2024616,2062,0.0,0.0
DTXSID2024660,2062,0.0,0.0
DTXSID2024662,2062,0.0,0.0
DTXSID2024664,2062,0.0,0.0
DTXSID2024666,2062,0.0,0.0
DTXSID2024747,2062,0.0,0.0
DTXSID2024791,2062,0.0,0.0
DTXSID2024793,2062,0.0,0.0
DTXSID2024797,2062,0.0,0.0
DTXSID2024799,2062,0.0,0.0
DTXSID2024822,2062,0.0,0.0
DTXSID2024824,2062,0.0,0.0
DTXSID2024878,2062,0.0,0.0
DTXSID2024953,2062,2.1639529980378426e-18,0.0
DTXSID2024955,2062,0.0,0.0
DTXSID2025004,2062,0.0,0.0
DTXSID2025006,2062,0.0,0.0
DTXSID2025050,2062,0.0,0.0
DTXSID2025058,2062,0.0,0.0
DTXSID2025133,2062,3.646735772529039e-17,0.0
DTXSID2025135,2062,0.0,0.0
DTXSID2025137,2062,0.0,0.0
DTXSID2025139,2062,0.9998975811422424,1.0
DTXSID2025183,2062,9.376738493088414e-05,0.0
DTXSID2025185,2062,0.0,0.0
DTXSID2025210,2062,1.3019223526834698e-10,0.0
DTXSID2025216,2062,0.0,0.0
DTXSID2025264,2062,0.0,0.0
DTXSID2025345,2062,5.9587414404159845e-19,0.0
DTXSID2025347,2062,0.0,0.0
DTXSID2025391,2062,0.0,0.0
DTXSID2025395,2062,0.0,0.0
DTXSID2025422,2062,0.0,0.0
DTXSID2025424,2062,0.0,0.0
DTXSID2025474,2062,0.0,0.0
DTXSID2025478,2062,0.0,0.0
DTXSID2025501,2062,1.0645175725470247e-17,0.0
DTXSID2025503,2062,0.0,0.0
DTXSID2025505,2062,0.0,0.0
DTXSID2025551,2062,,
DTXSID2025557,2062,0.0,0.0
DTXSID2025632,2062,0.0,0.0
DTXSID2025634,2062,0.0,0.0
DTXSID2025680,2062,0.0,0.0
DTXSID2025688,2062,0.0,0.0
DTXSID2025715,2062,0.0,0.0
DTXSID2025761,2062,0.0,0.0
DTXSID2025763,2062,0.0,0.0
DTXSID2025765,2062,0.0,0.0
DTXSID2025840,2062,8.682050897671185e-14,0.0
DTXSID2025842,2062,,
DTXSID2025846,2062,0.0,0.0
DTXSID2025892,2062,1.2152911173778414e-14,0.0
DTXSID2025896,2062,0.0,0.0
DTXSID2025925,2062,0.0,0.0
DTXSID2025975,2062,0.0,0.0
DTXSID2025977,2062,0.0,0.0
DTXSID2026022,2062,0.0,0.0
DTXSID2026074,2062,0.0,0.0
DTXSID2026076,2062,0.0,0.0
DTXSID2026101,2062,0.0,0.0
DTXSID2026107,2062,,
DTXSID2026151,2062,0.0,0.0
DTXSID2026157,2062,0.0,0.0
DTXSID2026232,2062,0.0,0.0
DTXSID2026238,2062,0.0,0.0
DTXSID2026444,2062,0.0,0.0
DTXSID2026446,2062,2.3991612307247046e-07,0.0
DTXSID2026448,2062,0.0,0.0
DTXSID2026494,2062,0.0,0.0
DTXSID2026496,2062,0.0,0.0
DTXSID2026523,2062,0.0,0.0
DTXSID2026525,2062,4.680340961339053e-13,0.0
DTXSID2026527,2062,0.0,0.0
DTXSID2026529,2062,4.5957961056510355e-05,0.0
DTXSID2026573,2062,0.0,0.0
DTXSID2026600,2062,0.0,0.0
DTXSID2026602,2062,0.99986385244568,1.0
DTXSID2026606,2062,4.3553489596556054e-17,0.0
DTXSID2026608,2062,0.0,0.0
DTXSID2026652,2062,0.0,0.0
DTXSID2026739,2062,0.0,0.0
DTXSID2026781,2062,0.0,0.0
DTXSID2026783,2062,0.0,0.0
DTXSID2026789,2062,0.0,0.0
DTXSID2026864,2062,0.0,0.0
DTXSID2026941,2062,0.0,0.0
DTXSID2026943,2062,0.0,0.0
DTXSID2026991,2062,0.0,0.0
DTXSID2026997,2062,0.0,0.0
DTXSID2027044,2062,0.0,0.0
DTXSID2027048,2062,0.0,0.0
DTXSID2027092,2062,0.0,0.0
DTXSID2027094,2062,0.0,0.0
DTXSID2027096,2062,0.0,0.0
DTXSID2027098,2062,0.0,0.0
DTXSID2027175,2062,0.0,0.0
DTXSID2027200,2062,0.0,0.0
DTXSID2027204,2062,0.0,0.0
DTXSID2027206,2062,0.0,0.0
DTXSID2027254,2062,0.0,0.0
DTXSID2027258,2062,0.0,0.0
DTXSID2027333,2062,0.0,0.0
DTXSID2027412,2062,0.0,0.0
DTXSID2027414,2062,0.0,0.0
DTXSID2027416,2062,0.0,0.0
DTXSID2027418,2062,0.0,0.0
DTXSID2027462,2062,7.227994368587471e-12,0.0
DTXSID2027466,2062,0.0,0.0
DTXSID2027543,2062,0.0,0.0
DTXSID2027591,2062,0.0,0.0
DTXSID2027593,2062,0.0,0.0
DTXSID2027595,2062,0.0,0.0
DTXSID2027599,2062,0.0,0.0
DTXSID2027620,2062,0.0,0.0
DTXSID2027624,2062,0.0,0.0
DTXSID2027759,2062,0.0,0.0
DTXSID2027830,2062,0.0,0.0
DTXSID2027832,2062,0.0,0.0
DTXSID2027834,2062,0.0,0.0
DTXSID2027884,2062,0.0,0.0
DTXSID2027886,2062,0.0,0.0
DTXSID2027963,2062,0.0,0.0
DTXSID2028010,2062,0.0,0.0
DTXSID2028016,2062,0.0,0.0
DTXSID2028723,2062,0.0,0.0
DTXSID2028985,2062,0.0,0.0
DTXSID2029117,2062,4.115638923366318e-09,0.0
DTXSID2029167,2062,0.0,0.0
DTXSID2029169,2062,0.0,0.0
DTXSID2029240,2062,0.0,0.0
DTXSID2029242,2062,0.0,0.0
DTXSID2029244,2062,0.0,0.0
DTXSID2029246,2062,0.0,0.0
DTXSID2029290,2062,0.0,0.0
DTXSID2029298,2062,5.372974630908946e-09,0.0
DTXSID2029325,2062,3.509934353608118e-17,0.0
DTXSID2029327,2062,1.510225749336482e-19,0.0
DTXSID2029329,2062,0.0,0.0
DTXSID2029612,2062,4.27522268580731e-15,0.0
DTXSID2029616,2062,0.0,0.0
DTXSID2029662,2062,0.0,0.0
DTXSID2029668,2062,0.0,0.0
DTXSID2029874,2062,1.2337835164314494e-13,0.0
DTXSID2030695,2062,1.6477675144445197e-13,0.0
DTXSID2030857,2062,0.0,0.0
DTXSID2031089,2062,0.9999999080347602,1.0
DTXSID2031374,2062,0.0,0.0
DTXSID2031532,2062,0.0,0.0
DTXSID2031956,2062,0.0,0.0
DTXSID2032005,2062,0.0,0.0
DTXSID2032180,2062,0.0,0.0
DTXSID2032342,2062,0.0,0.0
DTXSID2032344,2062,6.078393168554835e-08,0.0
DTXSID2032348,2062,0.9299456094874445,1.0
DTXSID2032390,2062,2.799969102303321e-18,0.0
DTXSID2032392,2062,8.449138455172066e-20,0.0
DTXSID2032398,2062,0.0,0.0
DTXSID2032421,2062,0.0,0.0
DTXSID2032500,2062,0.2628600304253664,0.0
DTXSID2032550,2062,0.0,0.0
DTXSID2032552,2062,0.0,0.0
DTXSID2032554,2062,0.0,0.0
DTXSID2032556,2062,0.0,0.0
DTXSID2032558,2062,0.0,0.0
DTXSID2032631,2062,0.0,0.0
DTXSID2032637,2062,0.0,0.0
DTXSID2032639,2062,3.888971608317653e-11,0.0
DTXSID2032683,2062,0.0,0.0
DTXSID2032891,2062,9.824589222605724e-16,0.0
DTXSID2033281,2062,0.0,0.0
DTXSID2033314,2062,0.9999979343559634,1.0
DTXSID2033445,2062,0.0,0.0
DTXSID2033447,2062,0.0,0.0
DTXSID2033493,2062,0.0,0.0
DTXSID2033736,2062,0.0,0.0
DTXSID2033863,2062,0.0,0.0
DTXSID2034091,2062,0.0,0.0
DTXSID2034095,2062,0.0,0.0
DTXSID2034255,2062,0.0,0.0
DTXSID2034259,2062,0.0,0.0
DTXSID2034338,2062,0.0,0.0
DTXSID2034382,2062,7.630155099980045e-12,0.0
DTXSID2034465,2062,0.0,0.0
DTXSID2034540,2062,0.0,0.0
DTXSID2034542,2062,0.0,0.0
DTXSID2034590,2062,0.0,0.0
DTXSID2034598,2062,1.0982109081170485e-10,0.0
DTXSID2034625,2062,0.0,0.0
DTXSID2034627,2062,0.0,0.0
DTXSID2034673,2062,0.0,0.0
DTXSID2034700,2062,0.0,0.0
DTXSID2034833,2062,0.0,0.0
DTXSID2034881,2062,0.0,0.0
DTXSID2034885,2062,1.7933774447692048e-14,0.0
DTXSID2034962,2062,0.0,0.0
DTXSID2034968,2062,1.0866030451237305e-14,0.0
DTXSID2035013,2062,0.0,0.0
DTXSID2035481,2062,0.0,0.0
DTXSID2036112,2062,1.5835906276465184e-12,0.0
DTXSID2036299,2062,0.0,0.0
DTXSID2036588,2062,0.0,0.0
DTXSID2036827,2062,8.023278567404148e-11,0.0
DTXSID2037502,2062,,
DTXSID2037508,2062,0.0,0.0
DTXSID2037712,2062,0.0,0.0
DTXSID2037714,2062,3.798621122153318e-14,0.0
DTXSID2038732,2062,0.0,0.0
DTXSID2038788,2062,0.0,0.0
DTXSID2038813,2062,0.0,0.0
DTXSID2039336,2062,0.0,0.0
DTXSID2040151,2062,0.0,0.0
DTXSID2040234,2062,0.0,0.0
DTXSID2040236,2062,0.0,0.0
DTXSID2040284,2062,0.0,0.0
DTXSID2040361,2062,0.0,0.0
DTXSID2040363,2062,2.9509182564412825e-18,0.0
DTXSID2040608,2062,0.0,0.0
DTXSID2040652,2062,0.0,0.0
DTXSID2040656,2062,0.0,0.0
DTXSID2040731,2062,0.0,0.0
DTXSID2040733,2062,,
DTXSID2040735,2062,0.0,0.0
DTXSID2040739,2062,0.0,0.0
DTXSID2040787,2062,0.9986058159098052,1.0
DTXSID2041125,2062,0.0,0.0
DTXSID2041200,2062,0.0,0.0
DTXSID2041206,2062,4.517828479416667e-10,0.0
DTXSID2041208,2062,0.0,0.0
DTXSID2041250,2062,0.9999999755126227,1.0
DTXSID2041252,2062,0.9999997594639274,1.0
DTXSID2041256,2062,0.0,0.0
DTXSID2041389,2062,4.0040965837917287e-20,0.0
DTXSID2041412,2062,0.0,0.0
DTXSID2041416,2062,0.0,0.0
DTXSID2041418,2062,0.0,0.0
DTXSID2041460,2062,0.0,0.0
DTXSID2041464,2062,0.0,0.0
DTXSID2041468,2062,0.0,0.0
DTXSID2041541,2062,0.0,0.0
DTXSID2041545,2062,0.0,0.0
DTXSID2041547,2062,2.933668231917857e-06,0.0
DTXSID2041622,2062,2.1951440220108736e-15,0.0
DTXSID2041626,2062,0.0,0.0
DTXSID2041672,2062,0.0,0.0
DTXSID2041674,2062,0.0,0.0
DTXSID2041703,2062,0.0,0.0
DTXSID2041709,2062,0.9971499576848338,1.0
DTXSID2041759,2062,0.9989239330625596,1.0
DTXSID2041880,2062,0.0,0.0
DTXSID2041884,2062,0.0,0.0
DTXSID2041886,2062,0.0,0.0
DTXSID2041913,2062,3.9702722970699144e-16,0.0
DTXSID2041917,2062,0.0,0.0
DTXSID2042014,2062,0.0,0.0
DTXSID2042060,2062,0.0,0.0
DTXSID2042062,2062,1.1488342555362975e-18,0.0
DTXSID2042143,2062,0.0,0.0
DTXSID2042145,2062,0.0,0.0
DTXSID2042149,2062,0.0,0.0
DTXSID2042191,2062,5.837690163602536e-12,0.0
DTXSID2042195,2062,0.0,0.0
DTXSID2042199,2062,0.0,0.0
DTXSID2042220,2062,1.3313658207242789e-14,0.0
DTXSID2042276,2062,0.0,0.0
DTXSID2042436,2062,0.0,0.0
DTXSID2042517,2062,0.0,0.0
DTXSID2043747,2062,9.381845025016812e-20,0.0
DTXSID2043874,2062,0.0,0.0
DTXSID2043903,2062,0.0,0.0
DTXSID2044000,2062,0.0,0.0
DTXSID2044002,2062,0.0,0.0
DTXSID2044131,2062,0.0,0.0
DTXSID2044137,2062,0.0,0.0
DTXSID2044210,2062,0.0,0.0
DTXSID2044218,2062,0.0,0.0
DTXSID2044266,2062,7.302245649219866e-13,0.0
DTXSID2044268,2062,0.0,0.0
DTXSID2044347,2062,0.0,0.0
DTXSID2044391,2062,0.0,0.0
DTXSID2044393,2062,0.0,0.0
DTXSID2044395,2062,0.0,0.0
DTXSID2044397,2062,0.0,0.0
DTXSID2044399,2062,0.0,0.0
DTXSID2044420,2062,1.797547977103317e-07,0.0
DTXSID2044422,2062,0.0,0.0
DTXSID2044424,2062,0.0,0.0
DTXSID2044428,2062,0.0,0.0
DTXSID2044470,2062,0.0,0.0
DTXSID2044472,2062,0.0,0.0
DTXSID2044476,2062,0.0,0.0
DTXSID2044503,2062,0.0,0.0
DTXSID2044507,2062,0.0,0.0
DTXSID2044509,2062,0.0,0.0
DTXSID2044553,2062,0.0,0.0
DTXSID2044559,2062,0.0,0.0
DTXSID2044632,2062,2.579008837884375e-18,0.0
DTXSID2044638,2062,0.0,0.0
DTXSID2044680,2062,0.0,0.0
DTXSID2044682,2062,0.0,0.0
DTXSID2044684,2062,0.0,0.0
DTXSID2044686,2062,0.0,0.0
DTXSID2044713,2062,0.9310377268871223,1.0
DTXSID2044715,2062,0.0,0.0
DTXSID2044717,2062,3.0535474814916543e-13,0.0
DTXSID2044719,2062,3.1085970688194946e-19,0.0
DTXSID2044763,2062,0.0,0.0
DTXSID2044765,2062,0.0,0.0
DTXSID2044767,2062,1.1454542013484776e-18,0.0
DTXSID2044769,2062,0.0,0.0
DTXSID2044840,2062,0.0,0.0
DTXSID2044842,2062,0.0,0.0
DTXSID2044844,2062,1.4547649284903272e-18,0.0
DTXSID2044846,2062,0.0,0.0
DTXSID2044848,2062,0.0,0.0
DTXSID2044890,2062,0.0,0.0
DTXSID2044892,2062,0.0,0.0
DTXSID2044894,2062,0.0,0.0
DTXSID2044896,2062,0.0,0.0
DTXSID2044898,2062,0.0,0.0
DTXSID2044921,2062,0.0,0.0
DTXSID2044923,2062,0.0,0.0
DTXSID2044925,2062,9.069955136549292e-19,0.0
DTXSID2044927,2062,0.0,0.0
DTXSID2044929,2062,0.0,0.0
DTXSID2044971,2062,0.0,0.0
DTXSID2044973,2062,0.0,0.0
DTXSID2044975,2062,0.0,0.0
DTXSID2044979,2062,0.0,0.0
DTXSID2045072,2062,0.0,0.0
DTXSID2045076,2062,0.0,0.0
DTXSID2045105,2062,9.544287950645592e-15,0.0
DTXSID2045107,2062,0.0,0.0
DTXSID2045151,2062,0.0,0.0
DTXSID2045153,2062,0.0,0.0
DTXSID2045157,2062,0.0,0.0
DTXSID2045232,2062,0.0,0.0
DTXSID2045238,2062,0.0,0.0
DTXSID2045280,2062,0.0,0.0
DTXSID2045315,2062,3.316587947059557e-16,0.0
DTXSID2045361,2062,0.0,0.0
DTXSID2045365,2062,0.0,0.0
DTXSID2045440,2062,0.0,0.0
DTXSID2045444,2062,0.0,0.0
DTXSID2045448,2062,1.4187294096152019e-16,0.0
DTXSID2045490,2062,0.05665325720872248,0.0
DTXSID2045492,2062,0.0,0.0
DTXSID2045496,2062,0.9982831520876635,1.0
DTXSID2045521,2062,0.0,0.0
DTXSID2045523,2062,0.0,0.0
DTXSID2045527,2062,0.0,0.0
DTXSID2045575,2062,2.0509729518084004e-12,0.0
DTXSID2045600,2062,0.0,0.0
DTXSID2045652,2062,0.0,0.0
DTXSID2045654,2062,0.0,0.0
DTXSID2045656,2062,0.0,0.0
DTXSID2045735,2062,0.9882609609484407,1.0
DTXSID2045781,2062,0.0,0.0
DTXSID2045783,2062,0.0,0.0
DTXSID2045810,2062,0.0,0.0
DTXSID2045812,2062,0.0,0.0
DTXSID2045860,2062,0.0,0.0
DTXSID2045862,2062,0.0,0.0
DTXSID2045864,2062,0.0,0.0
DTXSID2045868,2062,5.138157002860411e-15,0.0
DTXSID2045941,2062,0.0,0.0
DTXSID2045943,2062,0.0,0.0
DTXSID2045945,2062,5.65830168648289e-16,0.0
DTXSID2045993,2062,0.0,0.0
DTXSID2046042,2062,1.6100044196299837e-16,0.0
DTXSID2046090,2062,0.0,0.0
DTXSID2046092,2062,0.0,0.0
DTXSID2046094,2062,0.0,0.0
DTXSID2046096,2062,0.0,0.0
DTXSID2046123,2062,7.76388326218444e-15,0.0
DTXSID2046127,2062,0.0,0.0
DTXSID2046179,2062,0.0,0.0
DTXSID2046200,2062,0.0,0.0
DTXSID2046383,2062,0.0,0.0
DTXSID2046385,2062,0.0,0.0
DTXSID2046389,2062,0.0,0.0
DTXSID2046410,2062,0.0,0.0
DTXSID2046412,2062,0.0,0.0
DTXSID2046414,2062,0.0,0.0
DTXSID2046418,2062,0.0,0.0
DTXSID2046460,2062,0.0,0.0
DTXSID2046464,2062,0.0,0.0
DTXSID2046468,2062,0.0,0.0
DTXSID2046541,2062,0.0,0.0
DTXSID2046543,2062,0.0,0.0
DTXSID2046545,2062,,
DTXSID2046591,2062,2.3738755548874475e-13,0.0
DTXSID2046599,2062,0.0,0.0
DTXSID2046628,2062,0.0,0.0
DTXSID2046670,2062,0.0,0.0
DTXSID2046678,2062,0.0,0.0
DTXSID2046705,2062,1.4296576486736235e-19,0.0
DTXSID2046755,2062,3.939477854424985e-05,0.0
DTXSID2046882,2062,5.5897649798261645e-18,0.0
DTXSID2046888,2062,0.0,0.0
DTXSID2046911,2062,0.0,0.0
DTXSID2046919,2062,0.0,0.0
DTXSID2047060,2062,1.4777154630949225e-17,0.0
DTXSID2047062,2062,0.0,0.0
DTXSID2047064,2062,0.0,0.0
DTXSID2047066,2062,0.0,0.0
DTXSID2047068,2062,0.0,0.0
DTXSID2047141,2062,8.767266136173954e-14,0.0
DTXSID2047145,2062,0.0,0.0
DTXSID2047149,2062,0.0,0.0
DTXSID2047191,2062,5.274184631158866e-15,0.0
DTXSID2047193,2062,0.0,0.0
DTXSID2047195,2062,0.0,0.0
DTXSID2047197,2062,0.0,0.0
DTXSID2047199,2062,0.0,0.0
DTXSID2047222,2062,0.0,0.0
DTXSID2047270,2062,0.0,0.0
DTXSID2047272,2062,0.0,0.0
DTXSID2047274,2062,0.0,0.0
DTXSID2047276,2062,0.0,0.0
DTXSID2047278,2062,0.0,0.0
DTXSID2047301,2062,0.0,0.0
DTXSID2047303,2062,0.0,0.0
DTXSID2047305,2062,0.0,0.0
DTXSID2047307,2062,0.0,0.0
DTXSID2047309,2062,0.0,0.0
DTXSID2047351,2062,0.0,0.0
DTXSID2047353,2062,0.0,0.0
DTXSID2047355,2062,0.0,0.0
DTXSID2047357,2062,0.0,0.0
DTXSID2047359,2062,0.0,0.0
DTXSID2047434,2062,0.0,0.0
DTXSID2047436,2062,0.0,0.0
DTXSID2047484,2062,0.0,0.0
DTXSID2047486,2062,0.0,0.0
DTXSID2047511,2062,0.0,0.0
DTXSID2047517,2062,0.0,0.0
DTXSID2047519,2062,0.0,0.0
DTXSID2047565,2062,0.0,0.0
DTXSID2047567,2062,0.0,0.0
DTXSID2047569,2062,0.0,0.0
DTXSID2047642,2062,0.0,0.0
DTXSID2047644,2062,0.0,0.0
DTXSID2047646,2062,1.1812813595441419e-18,0.0
DTXSID2047648,2062,0.0,0.0
DTXSID2047694,2062,0.0,0.0
DTXSID2047696,2062,0.0,0.0
DTXSID2047721,2062,0.0,0.0
DTXSID2047723,2062,0.0,0.0
DTXSID2047725,2062,0.0,0.0
DTXSID2047727,2062,0.0,0.0
DTXSID2047773,2062,0.0,0.0
DTXSID2047775,2062,0.0,0.0
DTXSID2047777,2062,0.0,0.0
DTXSID2047779,2062,1.723938084736644e-07,0.0
DTXSID2047804,2062,0.0,0.0
DTXSID2047806,2062,0.0,0.0
DTXSID2047856,2062,0.0,0.0
DTXSID2047858,2062,7.260872431960678e-14,0.0
DTXSID2047931,2062,0.0,0.0
DTXSID2047933,2062,0.0,0.0
DTXSID2047935,2062,0.0,0.0
DTXSID2047937,2062,0.0,0.0
DTXSID2047939,2062,0.0,0.0
DTXSID2048161,2062,0.0,0.0
DTXSID2048167,2062,0.0,0.0
DTXSID2048379,2062,0.0,0.0
DTXSID2048581,2062,0.0,0.0
DTXSID2048616,2062,0.0,0.0
DTXSID2048618,2062,0.0,0.0
DTXSID2048660,2062,0.0,0.0
DTXSID2048662,2062,0.0,0.0
DTXSID2048666,2062,0.0,0.0
DTXSID2048745,2062,4.923134515013849e-12,0.0
DTXSID2048791,2062,0.0,0.0
DTXSID2048793,2062,0.0,0.0
DTXSID2048795,2062,0.0,0.0
DTXSID2048797,2062,0.0,0.0
DTXSID2048799,2062,0.0,0.0
DTXSID2048820,2062,0.9790305604947415,1.0
DTXSID2048822,2062,0.0,0.0
DTXSID2048826,2062,0.0,0.0
DTXSID2048828,2062,0.0,0.0
DTXSID2048870,2062,0.0,0.0
DTXSID2048872,2062,0.0,0.0
DTXSID2048901,2062,2.7684358121804886e-10,0.0
DTXSID2048905,2062,0.2367266189420354,0.0
DTXSID2048907,2062,0.0,0.0
DTXSID2048957,2062,0.0,0.0
DTXSID2048959,2062,0.0,0.0
DTXSID2049002,2062,0.0,0.0
DTXSID2049006,2062,0.0,0.0
DTXSID2049050,2062,0.0,0.0
DTXSID2049052,2062,0.0,0.0
DTXSID2049135,2062,0.0,0.0
DTXSID2049210,2062,0.0,0.0
DTXSID2049212,2062,0.0,0.0
DTXSID2049214,2062,2.524254306273568e-16,0.0
DTXSID2049216,2062,0.0,0.0
DTXSID2049218,2062,0.0,0.0
DTXSID2049260,2062,,
DTXSID2049262,2062,0.0,0.0
DTXSID2049264,2062,0.0,0.0
DTXSID2049266,2062,0.0,0.0
DTXSID2049268,2062,9.675514019455593e-18,0.0
DTXSID2049341,2062,0.0,0.0
DTXSID2049343,2062,5.391707568716141e-19,0.0
DTXSID2049345,2062,0.0,0.0
DTXSID2049347,2062,0.0,0.0
DTXSID2049349,2062,0.0,0.0
DTXSID2049391,2062,0.9999736168187495,1.0
DTXSID2049393,2062,5.170133179539839e-12,0.0
DTXSID2049395,2062,0.0,0.0
DTXSID2049397,2062,0.0,0.0
DTXSID2049399,2062,0.0,0.0
DTXSID2049420,2062,0.0,0.0
DTXSID2049422,2062,0.0,0.0
DTXSID2049424,2062,0.0,0.0
DTXSID2049426,2062,,
DTXSID2049428,2062,0.0,0.0
DTXSID2049470,2062,0.0,0.0
DTXSID2049472,2062,0.0,0.0
DTXSID2049474,2062,0.0,0.0
DTXSID2049476,2062,0.0,0.0
DTXSID2049478,2062,0.0,0.0
DTXSID2049501,2062,0.0,0.0
DTXSID2049503,2062,0.0,0.0
DTXSID2049505,2062,0.0,0.0
DTXSID2049507,2062,0.0,0.0
DTXSID2049509,2062,0.0,0.0
DTXSID2049551,2062,0.0,0.0
DTXSID2049553,2062,0.0,0.0
DTXSID2049555,2062,0.0,0.0
DTXSID2049557,2062,0.0,0.0
DTXSID2049559,2062,0.0,0.0
DTXSID2050403,2062,0.0,0.0
DTXSID2051477,2062,0.0,0.0
DTXSID2051631,2062,0.0,0.0
DTXSID2051687,2062,0.0,0.0
DTXSID2051716,2062,0.0,0.0
DTXSID2051764,2062,0.0,0.0
DTXSID2051895,2062,0.0,0.0
DTXSID2052281,2062,0.0,0.0
DTXSID2052283,2062,0.0,0.0
DTXSID2052289,2062,0.0,0.0
DTXSID2052310,2062,0.0,0.0
DTXSID2052447,2062,0.0,0.0
DTXSID2052574,2062,0.0,0.0
DTXSID2052603,2062,0.0,0.0
DTXSID2052607,2062,0.0,0.0
DTXSID2057601,2062,0.0,0.0
DTXSID2057603,2062,0.0,0.0
DTXSID2057607,2062,0.0,0.0
DTXSID2057609,2062,0.0,0.0
DTXSID2057651,2062,,
DTXSID2057653,2062,0.0,0.0
DTXSID2057655,2062,0.0,0.0
DTXSID2057657,2062,6.868131528138559e-20,0.0
DTXSID2057659,2062,0.0,0.0
DTXSID2057730,2062,3.207263931918934e-09,0.0
DTXSID2057732,2062,0.0,0.0
DTXSID2057734,2062,3.932722064312762e-16,0.0
DTXSID2057736,2062,0.0,0.0
DTXSID2057738,2062,0.0,0.0
DTXSID2057780,2062,0.0,0.0
DTXSID2057782,2062,0.0,0.0
DTXSID2057784,2062,0.0,0.0
DTXSID2057786,2062,0.0,0.0
DTXSID2057788,2062,0.0,0.0
DTXSID2057811,2062,0.0,0.0
DTXSID2057813,2062,0.0,0.0
DTXSID2057815,2062,0.0,0.0
DTXSID2057817,2062,0.0,0.0
DTXSID2057819,2062,0.0,0.0
DTXSID3020043,2062,3.0768572910915645e-18,0.0
DTXSID3020047,2062,0.0,0.0
DTXSID3020091,2062,0.0,0.0
DTXSID3020093,2062,0.0,0.0
DTXSID3020095,2062,0.0,0.0
DTXSID3020097,2062,0.0,0.0
DTXSID3020099,2062,,
DTXSID3020120,2062,0.020811393871111732,0.0
DTXSID3020122,2062,6.211180616506039e-13,0.0
DTXSID3020128,2062,0.0,0.0
DTXSID3020205,2062,1.4040395952369025e-19,0.0
DTXSID3020207,2062,0.0,0.0
DTXSID3020209,2062,0.0,0.0
DTXSID3020257,2062,0.0,0.0
DTXSID3020330,2062,0.0,0.0
DTXSID3020332,2062,0.0,0.0
DTXSID3020336,2062,2.500103657563749e-11,0.0
DTXSID3020380,2062,0.0,0.0
DTXSID3020384,2062,0.0,0.0
DTXSID3020413,2062,0.0,0.0
DTXSID3020415,2062,0.0,0.0
DTXSID3020419,2062,0.0,0.0
DTXSID3020463,2062,0.0,0.0
DTXSID3020465,2062,0.0,0.0
DTXSID3020540,2062,8.641881498423194e-19,0.0
DTXSID3020546,2062,0.0,0.0
DTXSID3020548,2062,0.0,0.0
DTXSID3020596,2062,0.0,0.0
DTXSID3020598,2062,0.0,0.0
DTXSID3020621,2062,3.541172113969761e-14,0.0
DTXSID3020625,2062,0.0,0.0
DTXSID3020627,2062,0.0,0.0
DTXSID3020629,2062,0.0,0.0
DTXSID3020671,2062,0.0,0.0
DTXSID3020673,2062,1.0,1.0
DTXSID3020679,2062,4.716160047851803e-12,0.0
DTXSID3020704,2062,0.9861994589907596,1.0
DTXSID3020706,2062,0.0,0.0
DTXSID3020708,2062,0.0,0.0
DTXSID3020750,2062,0.0,0.0
DTXSID3020752,2062,0.0,0.0
DTXSID3020756,2062,0.0,0.0
DTXSID3020833,2062,0.0,0.0
DTXSID3020835,2062,0.0,0.0
DTXSID3020881,2062,0.0,0.0
DTXSID3020887,2062,0.0,0.0
DTXSID3020889,2062,0.0,0.0
DTXSID3020910,2062,0.0,0.0
DTXSID3020912,2062,0.0,0.0
DTXSID3020914,2062,0.0,0.0
DTXSID3020916,2062,0.0,0.0
DTXSID3020918,2062,0.0,0.0
DTXSID3020960,2062,0.0,0.0
DTXSID3020962,2062,0.0,0.0
DTXSID3020964,2062,0.0,0.0
DTXSID3020966,2062,0.0,0.0
DTXSID3021065,2062,0.0,0.0
DTXSID3021140,2062,0.0,0.0
DTXSID3021142,2062,0.0,0.0
DTXSID3021144,2062,1.2049157289743085e-13,0.0
DTXSID3021148,2062,0.0,0.0
DTXSID3021190,2062,0.0,0.0
DTXSID3021192,2062,0.0,0.0
DTXSID3021196,2062,0.0,0.0
DTXSID3021198,2062,0.0,0.0
DTXSID3021221,2062,0.0,0.0
DTXSID3021223,2062,3.359712485991632e-20,0.0
DTXSID3021275,2062,0.0,0.0
DTXSID3021277,2062,0.0,0.0
DTXSID3021304,2062,2.508380569394833e-14,0.0
DTXSID3021354,2062,0.0,0.0
DTXSID3021356,2062,0.0,0.0
DTXSID3021358,2062,0.0,0.0
DTXSID3021431,2062,0.0,0.0
DTXSID3021437,2062,0.0,0.0
DTXSID3021483,2062,0.0,0.0
DTXSID3021485,2062,0.0,0.0
DTXSID3021487,2062,0.0,0.0
DTXSID3021516,2062,0.0,0.0
DTXSID3021518,2062,0.0,0.0
DTXSID3021562,2062,0.0,0.0
DTXSID3021641,2062,0.0,0.0
DTXSID3021643,2062,0.0,0.0
DTXSID3021645,2062,0.0,0.0
DTXSID3021647,2062,0.0,0.0
DTXSID3021726,2062,0.0,0.0
DTXSID3021770,2062,0.0,0.0
DTXSID3021772,2062,0.0,0.0
DTXSID3021774,2062,0.0,0.0
DTXSID3021778,2062,1.1709376842964672e-14,0.0
DTXSID3021801,2062,0.0,0.0
DTXSID3021803,2062,0.0,0.0
DTXSID3021805,2062,1.1568094290543894e-19,0.0
DTXSID3021807,2062,0.0,0.0
DTXSID3021851,2062,0.0,0.0
DTXSID3021853,2062,0.0,0.0
DTXSID3021930,2062,1.3687927194797768e-19,0.0
DTXSID3021932,2062,0.0,0.0
DTXSID3021936,2062,0.0,0.0
DTXSID3021938,2062,0.0,0.0
DTXSID3021980,2062,0.0,0.0
DTXSID3021982,2062,0.0,0.0
DTXSID3021984,2062,2.912328827611574e-17,0.0
DTXSID3021986,2062,6.165239900431613e-16,0.0
DTXSID3021988,2062,0.0,0.0
DTXSID3022035,2062,0.0,0.0
DTXSID3022085,2062,0.0,0.0
DTXSID3022089,2062,0.0,0.0
DTXSID3022160,2062,0.0,0.0
DTXSID3022162,2062,3.144184695812574e-10,0.0
DTXSID3022164,2062,0.0,0.0
DTXSID3022247,2062,0.0,0.0
DTXSID3022320,2062,0.0,0.0
DTXSID3022326,2062,0.0,0.0
DTXSID3022370,2062,0.0,0.0
DTXSID3022403,2062,6.991249711960518e-16,0.0
DTXSID3022405,2062,4.861046184243568e-18,0.0
DTXSID3022409,2062,0.0,0.0
DTXSID3022455,2062,0.0,0.0
DTXSID3022536,2062,9.940420447877943e-11,0.0
DTXSID3022582,2062,0.0,0.0
DTXSID3022584,2062,0.0,0.0
DTXSID3022586,2062,0.0,0.0
DTXSID3022588,2062,0.0,0.0
DTXSID3022611,2062,0.0,0.0
DTXSID3022617,2062,0.0,0.0
DTXSID3022663,2062,3.207169618447896e-07,0.0
DTXSID3022667,2062,0.0,0.0
DTXSID3022748,2062,0.0,0.0
DTXSID3022798,2062,8.27093273216246e-20,0.0
DTXSID3022821,2062,0.0,0.0
DTXSID3022825,2062,0.0,0.0
DTXSID3022829,2062,0.0,0.0
DTXSID3022871,2062,0.0,0.0
DTXSID3022877,2062,0.0,0.0
DTXSID3022904,2062,0.0,0.0
DTXSID3022906,2062,0.0,0.0
DTXSID3022950,2062,0.0,0.0
DTXSID3022956,2062,0.0,0.0
DTXSID3022958,2062,0.0,0.0
DTXSID3023007,2062,0.0,0.0
DTXSID3023051,2062,0.0,0.0
DTXSID3023057,2062,0.0,0.0
DTXSID3023059,2062,0.0,0.0
DTXSID3023132,2062,0.0,0.0
DTXSID3023180,2062,0.0,0.0
DTXSID3023188,2062,0.0,0.0
DTXSID3023261,2062,0.0,0.0
DTXSID3023265,2062,0.0,0.0
DTXSID3023269,2062,0.0,0.0
DTXSID3023340,2062,,
DTXSID3023342,2062,0.0,0.0
DTXSID3023425,2062,0.0,0.0
DTXSID3023427,2062,0.0,0.0
DTXSID3023471,2062,0.0,0.0
DTXSID3023479,2062,0.0,0.0
DTXSID3023502,2062,0.0,0.0
DTXSID3023508,2062,0.0,0.0
DTXSID3023550,2062,0.0,0.0
DTXSID3023556,2062,0.0,0.0
DTXSID3023685,2062,0.0,0.0
DTXSID3023687,2062,0.0,0.0
DTXSID3023712,2062,0.0,0.0
DTXSID3023716,2062,0.0,0.0
DTXSID3023718,2062,1.7250332556471132e-18,0.0
DTXSID3023764,2062,0.0,0.0
DTXSID3023845,2062,0.0,0.0
DTXSID3023897,2062,0.0,0.0
DTXSID3023899,2062,0.0,0.0
DTXSID3023974,2062,0.0,0.0
DTXSID3024077,2062,0.0,0.0
DTXSID3024100,2062,0.0,0.0
DTXSID3024102,2062,0.0,0.0
DTXSID3024104,2062,0.0,0.0
DTXSID3024108,2062,0.0,0.0
DTXSID3024152,2062,0.0,0.0
DTXSID3024154,2062,0.0,0.0
DTXSID3024235,2062,0.0,0.0
DTXSID3024239,2062,0.0,0.0
DTXSID3024287,2062,0.0,0.0
DTXSID3024289,2062,0.0,0.0
DTXSID3024316,2062,0.0,0.0
DTXSID3024318,2062,0.0,0.0
DTXSID3024362,2062,0.0,0.0
DTXSID3024366,2062,0.0,0.0
DTXSID3024368,2062,0.0,0.0
DTXSID3024441,2062,0.0,0.0
DTXSID3024447,2062,0.0,0.0
DTXSID3024449,2062,1.5263463935843244e-12,0.0
DTXSID3024491,2062,0.0,0.0
DTXSID3024497,2062,0.0,0.0
DTXSID3024499,2062,0.09680290784945814,0.0
DTXSID3024522,2062,0.0,0.0
DTXSID3024528,2062,1.0765720246062617e-16,0.0
DTXSID3024574,2062,0.0,0.0
DTXSID3024603,2062,0.0,0.0
DTXSID3024657,2062,0.0,0.0
DTXSID3024659,2062,0.0,0.0
DTXSID3024736,2062,0.0,0.0
DTXSID3024738,2062,3.081389658723109e-11,0.0
DTXSID3024780,2062,0.0,0.0
DTXSID3024786,2062,0.0,0.0
DTXSID3024815,2062,0.0,0.0
DTXSID3024861,2062,0.0,0.0
DTXSID3024869,2062,0.0,0.0
DTXSID3024940,2062,0.0,0.0
DTXSID3024942,2062,0.0,0.0
DTXSID3024944,2062,0.0,0.0
DTXSID3024994,2062,0.0,0.0
DTXSID3024998,2062,0.0,0.0
DTXSID3025041,2062,0.0,0.0
DTXSID3025045,2062,,
DTXSID3025047,2062,0.0,0.0
DTXSID3025049,2062,0.0,0.0
DTXSID3025091,2062,0.0,0.0
DTXSID3025093,2062,0.0,0.0
DTXSID3025122,2062,0.0,0.0
DTXSID3025170,2062,0.0,0.0
DTXSID3025178,2062,0.0,0.0
DTXSID3025203,2062,0.0,0.0
DTXSID3025209,2062,0.9983374698621698,1.0
DTXSID3025253,2062,1.9710606486633488e-13,0.0
DTXSID3025257,2062,,
DTXSID3025330,2062,0.0,0.0
DTXSID3025332,2062,5.04382092742835e-19,0.0
DTXSID3025338,2062,0.0,0.0
DTXSID3025461,2062,0.0,0.0
DTXSID3025465,2062,0.0,0.0
DTXSID3025469,2062,0.0,0.0
DTXSID3025540,2062,0.9999916282604889,1.0
DTXSID3025542,2062,0.0,0.0
DTXSID3025590,2062,4.472408863016392e-19,0.0
DTXSID3025629,2062,0.0,0.0
DTXSID3025671,2062,0.0,0.0
DTXSID3025706,2062,0.0,0.0
DTXSID3025758,2062,0.0,0.0
DTXSID3025839,2062,0.0,0.0
DTXSID3025881,2062,0.0,0.0
DTXSID3025889,2062,0.0,0.0
DTXSID3026065,2062,0.9999999990839278,1.0
DTXSID3026067,2062,0.0,0.0
DTXSID3026148,2062,0.0,0.0
DTXSID3026190,2062,0.0,0.0
DTXSID3026223,2062,0.0,0.0
DTXSID3026275,2062,0.0,0.0
DTXSID3026279,2062,0.0,0.0
DTXSID3026302,2062,0.0,0.0
DTXSID3026304,2062,0.0,0.0
DTXSID3026306,2062,0.0,0.0
DTXSID3026308,2062,0.0,0.0
DTXSID3026512,2062,0.0,0.0
DTXSID3026514,2062,0.0,0.0
DTXSID3026516,2062,0.0,0.0
DTXSID3026560,2062,0.0,0.0
DTXSID3026562,2062,0.0,0.0
DTXSID3026564,2062,0.0,0.0
DTXSID3026566,2062,0.0,0.0
DTXSID3026641,2062,0.0,0.0
DTXSID3026645,2062,0.0,0.0
DTXSID3026647,2062,0.0,0.0
DTXSID3026691,2062,0.0,0.0
DTXSID3026697,2062,0.0,0.0
DTXSID3026724,2062,0.0,0.0
DTXSID3026726,2062,0.0,0.0
DTXSID3026728,2062,0.0,0.0
DTXSID3026851,2062,0.0,0.0
DTXSID3026932,2062,0.0,0.0
DTXSID3026984,2062,0.0,0.0
DTXSID3027037,2062,0.0,0.0
DTXSID3027039,2062,0.0,0.0
DTXSID3027085,2062,0.0,0.0
DTXSID3027116,2062,1.968755165616263e-09,0.0
DTXSID3027241,2062,0.0,0.0
DTXSID3027247,2062,4.0126735386353146e-17,0.0
DTXSID3027249,2062,1.7161155443514826e-18,0.0
DTXSID3027291,2062,0.0,0.0
DTXSID3027293,2062,0.0,0.0
DTXSID3027295,2062,0.0,0.0
DTXSID3027297,2062,5.593656794798982e-14,0.0
DTXSID3027320,2062,0.0,0.0
DTXSID3027322,2062,0.0,0.0
DTXSID3027328,2062,0.0,0.0
DTXSID3027370,2062,0.0,0.0
DTXSID3027401,2062,1.8109352368053557e-19,0.0
DTXSID3027403,2062,0.9999999999999938,1.0
DTXSID3027405,2062,0.0,0.0
DTXSID3027407,2062,0.0,0.0
DTXSID3027530,2062,1.605858733276881e-13,0.0
DTXSID3027534,2062,0.0,0.0
DTXSID3027536,2062,0.0,0.0
DTXSID3027580,2062,0.0,0.0
DTXSID3027584,2062,0.0,0.0
DTXSID3027586,2062,4.1462974145802705e-16,0.0
DTXSID3027588,2062,0.0,0.0
DTXSID3027615,2062,0.0,0.0
DTXSID3027617,2062,0.0,0.0
DTXSID3027740,2062,1.544505578416593e-17,0.0
DTXSID3027790,2062,0.0,0.0
DTXSID3027792,2062,0.0,0.0
DTXSID3027798,2062,0.0,0.0
DTXSID3027823,2062,0.0,0.0
DTXSID3027829,2062,0.0,0.0
DTXSID3027875,2062,0.0,0.0
DTXSID3027877,2062,0.0,0.0
DTXSID3027902,2062,0.0,0.0
DTXSID3027950,2062,,
DTXSID3028001,2062,0.0,0.0
DTXSID3028005,2062,0.0,0.0
DTXSID3029108,2062,0.0,0.0
DTXSID3029150,2062,0.0,0.0
DTXSID3029152,2062,0.0,0.0
DTXSID3029154,2062,0.0,0.0
DTXSID3029158,2062,0.0,0.0
DTXSID3029231,2062,0.0,0.0
DTXSID3029233,2062,0.0,0.0
DTXSID3029235,2062,0.0,0.0
DTXSID3029237,2062,8.57952654245513e-14,0.0
DTXSID3029281,2062,0.0,0.0
DTXSID3029283,2062,0.0,0.0
DTXSID3029287,2062,0.0,0.0
DTXSID3029289,2062,0.0,0.0
DTXSID3029310,2062,0.0,0.0
DTXSID3029312,2062,0.0,0.0
DTXSID3029362,2062,0.0,0.0
DTXSID3029364,2062,0.0,0.0
DTXSID3029572,2062,0.0,0.0
DTXSID3029607,2062,0.0,0.0
DTXSID3029651,2062,0.0,0.0
DTXSID3029653,2062,0.0,0.0
DTXSID3029655,2062,0.0,0.0
DTXSID3029815,2062,0.0,0.0
DTXSID3029869,2062,4.9834729904567666e-18,0.0
DTXSID3030056,2062,0.0,0.0
DTXSID3030189,2062,0.0,0.0
DTXSID3030428,2062,0.0,0.0
DTXSID3030636,2062,0.0,0.0
DTXSID3031444,2062,0.0,0.0
DTXSID3031492,2062,0.0,0.0
DTXSID3031521,2062,0.0,0.0
DTXSID3031860,2062,0.0,0.0
DTXSID3031862,2062,0.0,0.0
DTXSID3031864,2062,0.0,0.0
DTXSID3032129,2062,0.0,0.0
DTXSID3032331,2062,0.01776626644146901,0.0
DTXSID3032337,2062,0.0,0.0
DTXSID3032389,2062,0.0,0.0
DTXSID3032412,2062,0.0,0.0
DTXSID3032416,2062,0.0,0.0
DTXSID3032464,2062,0.0,0.0
DTXSID3032541,2062,0.4524800568201632,0.0
DTXSID3032547,2062,0.0,0.0
DTXSID3032549,2062,1.5705917116904756e-12,0.0
DTXSID3032591,2062,0.0,0.0
DTXSID3032620,2062,0.0,0.0
DTXSID3032622,2062,0.0,0.0
DTXSID3032624,2062,0.0,0.0
DTXSID3032626,2062,0.0,0.0
DTXSID3032628,2062,0.0,0.0
DTXSID3032670,2062,0.0,0.0
DTXSID3032751,2062,,
DTXSID3032759,2062,4.145868230956857e-14,0.0
DTXSID3032832,2062,0.0,0.0
DTXSID3033276,2062,0.0,0.0
DTXSID3033307,2062,0.9968810841532805,1.0
DTXSID3033511,2062,2.683430335446219e-10,0.0
DTXSID3033519,2062,0.0,0.0
DTXSID3033983,2062,0.0,0.0
DTXSID3033989,2062,0.0,0.0
DTXSID3034113,2062,1.7920053568183502e-19,0.0
DTXSID3034165,2062,0.0,0.0
DTXSID3034402,2062,6.806021803160899e-18,0.0
DTXSID3034456,2062,2.1388982253164107e-11,0.0
DTXSID3034458,2062,0.0,0.0
DTXSID3034531,2062,0.0,0.0
DTXSID3034583,2062,0.0,0.0
DTXSID3034612,2062,0.0,0.0
DTXSID3034614,2062,0.0,0.0
DTXSID3034618,2062,3.446149319822871e-19,0.0
DTXSID3034662,2062,1.9553073366566767e-14,0.0
DTXSID3034664,2062,0.0,0.0
DTXSID3034872,2062,0.0,0.0
DTXSID3034903,2062,0.0,0.0
DTXSID3034957,2062,0.0,0.0
DTXSID3035214,2062,0.0,0.0
DTXSID3035266,2062,0.0,0.0
DTXSID3035341,2062,0.0,0.0
DTXSID3036105,2062,0.0,0.0
DTXSID3036286,2062,0.0,0.0
DTXSID3036288,2062,0.0,0.0
DTXSID3036496,2062,0.0,0.0
DTXSID3036525,2062,0.0,0.0
DTXSID3037094,2062,0.0,0.0
DTXSID3037208,2062,0.0,0.0
DTXSID3037250,2062,1.582659062700311e-10,0.0
DTXSID3037541,2062,0.0,0.0
DTXSID3037545,2062,0.0,0.0
DTXSID3037626,2062,0.0,0.0
DTXSID3037707,2062,0.0,0.0
DTXSID3037709,2062,0.0,0.0
DTXSID3037757,2062,0.0,0.0
DTXSID3038694,2062,0.0,0.0
DTXSID3038696,2062,4.0658080050419403e-16,0.0
DTXSID3038725,2062,0.0,0.0
DTXSID3038771,2062,0.0,0.0
DTXSID3038800,2062,0.0,0.0
DTXSID3038808,2062,0.0,0.0
DTXSID3038852,2062,0.9999999999990271,1.0
DTXSID3038939,2062,1.706828277256198e-15,0.0
DTXSID3039240,2062,0.0,0.0
DTXSID3039242,2062,0.0,0.0
DTXSID3040271,2062,0.0,0.0
DTXSID3040279,2062,0.0,0.0
DTXSID3040300,2062,5.106784236564159e-10,0.0
DTXSID3040352,2062,0.0,0.0
DTXSID3040643,2062,0.0,0.0
DTXSID3040647,2062,0.0,0.0
DTXSID3040691,2062,0.0,0.0
DTXSID3040693,2062,0.0,0.0
DTXSID3040697,2062,0.0,0.0
DTXSID3040699,2062,0.0,0.0
DTXSID3040720,2062,0.0,0.0
DTXSID3040722,2062,2.5657390771105577e-17,0.0
DTXSID3040724,2062,1.6168920200583985e-18,0.0
DTXSID3040726,2062,0.0,0.0
DTXSID3040728,2062,0.0,0.0
DTXSID3040770,2062,0.0,0.0
DTXSID3040774,2062,0.0,0.0
DTXSID3040776,2062,0.0,0.0
DTXSID3040801,2062,4.880218384741587e-19,0.0
DTXSID3040980,2062,0.0,0.0
DTXSID3041085,2062,0.0,0.0
DTXSID3041247,2062,3.586201727493193e-06,0.0
DTXSID3041293,2062,0.0,0.0
DTXSID3041299,2062,0.0,0.0
DTXSID3041328,2062,0.0,0.0
DTXSID3041370,2062,0.0,0.0
DTXSID3041372,2062,3.356771391105086e-17,0.0
DTXSID3041376,2062,0.0,0.0
DTXSID3041403,2062,0.0,0.0
DTXSID3041405,2062,0.0,0.0
DTXSID3041409,2062,0.0,0.0
DTXSID3041451,2062,0.0,0.0
DTXSID3041530,2062,0.0,0.0
DTXSID3041580,2062,0.0,0.0
DTXSID3041611,2062,0.0,0.0
DTXSID3041613,2062,0.0,0.0
DTXSID3041615,2062,0.0,0.0
DTXSID3041617,2062,,
DTXSID3041619,2062,0.0,0.0
DTXSID3041661,2062,0.0,0.0
DTXSID3041663,2062,0.0,0.0
DTXSID3041665,2062,0.9998699914565525,1.0
DTXSID3041744,2062,0.9999999319923132,1.0
DTXSID3041790,2062,0.0,0.0
DTXSID3041794,2062,0.0,0.0
DTXSID3041827,2062,0.0,0.0
DTXSID3041873,2062,0.0,0.0
DTXSID3041877,2062,5.202400263278373e-18,0.0
DTXSID3041954,2062,0.0,0.0
DTXSID3042007,2062,1.0096978138459029e-16,0.0
DTXSID3042051,2062,0.0,0.0
DTXSID3042053,2062,0.0,0.0
DTXSID3042059,2062,0.0,0.0
DTXSID3042130,2062,0.0,0.0
DTXSID3042180,2062,0.0,0.0
DTXSID3042188,2062,0.0,0.0
DTXSID3042215,2062,0.0,0.0
DTXSID3042219,2062,0.0,0.0
DTXSID3042261,2062,0.0,0.0
DTXSID3042263,2062,1.5398258921890363e-17,0.0
DTXSID3042269,2062,0.0,0.0
DTXSID3042390,2062,0.0,0.0
DTXSID3042394,2062,0.0,0.0
DTXSID3042423,2062,4.623288243995601e-19,0.0
DTXSID3042477,2062,2.45745621202888e-08,0.0
DTXSID3042500,2062,,
DTXSID3042633,2062,2.764777013296142e-16,0.0
DTXSID3043782,2062,0.0,0.0
DTXSID3044124,2062,0.0,0.0
DTXSID3044128,2062,0.0,0.0
DTXSID3044201,2062,0.0,0.0
DTXSID3044203,2062,0.0,0.0
DTXSID3044205,2062,0.0,0.0
DTXSID3044251,2062,0.0,0.0
DTXSID3044332,2062,0.0,0.0
DTXSID3044334,2062,0.0,0.0
DTXSID3044338,2062,0.0,0.0
DTXSID3044380,2062,0.0,0.0
DTXSID3044382,2062,0.0,0.0
DTXSID3044384,2062,0.0,0.0
DTXSID3044388,2062,0.0,0.0
DTXSID3044411,2062,0.0,0.0
DTXSID3044413,2062,0.0,0.0
DTXSID3044415,2062,0.9999990686386331,1.0
DTXSID3044461,2062,0.0,0.0
DTXSID3044463,2062,0.0,0.0
DTXSID3044465,2062,0.0,0.0
DTXSID3044469,2062,5.22306418382968e-15,0.0
DTXSID3044542,2062,0.0,0.0
DTXSID3044544,2062,0.0,0.0
DTXSID3044590,2062,0.43657896380699723,0.0
DTXSID3044598,2062,0.0,0.0
DTXSID3044621,2062,0.0,0.0
DTXSID3044623,2062,0.0,0.0
DTXSID3044625,2062,0.0,0.0
DTXSID3044627,2062,0.0,0.0
DTXSID3044629,2062,0.0,0.0
DTXSID3044679,2062,0.0,0.0
DTXSID3044700,2062,0.0,0.0
DTXSID3044702,2062,1.131929733026567e-19,0.0
DTXSID3044704,2062,0.9999646911787076,1.0
DTXSID3044706,2062,0.0,0.0
DTXSID3044750,2062,0.0,0.0
DTXSID3044752,2062,0.0,0.0
DTXSID3044754,2062,7.197162769680387e-13,0.0
DTXSID3044756,2062,0.0,0.0
DTXSID3044758,2062,0.0,0.0
DTXSID3044831,2062,0.0,0.0
DTXSID3044833,2062,0.0,0.0
DTXSID3044835,2062,4.0392647086656146e-12,0.0
DTXSID3044837,2062,0.0,0.0
DTXSID3044839,2062,0.0,0.0
DTXSID3044881,2062,0.0,0.0
DTXSID3044883,2062,0.0,0.0
DTXSID3044887,2062,0.0,0.0
DTXSID3044889,2062,0.0,0.0
DTXSID3044910,2062,,
DTXSID3044914,2062,0.0,0.0
DTXSID3044916,2062,0.0,0.0
DTXSID3044918,2062,2.2291853467727994e-14,0.0
DTXSID3044960,2062,0.0,0.0
DTXSID3044962,2062,0.0,0.0
DTXSID3044966,2062,1.4897739382561015e-18,0.0
DTXSID3045140,2062,0.0,0.0
DTXSID3045190,2062,0.0,0.0
DTXSID3045192,2062,0.0,0.0
DTXSID3045194,2062,0.0,0.0
DTXSID3045196,2062,0.0,0.0
DTXSID3045198,2062,3.7943794495425766e-13,0.0
DTXSID3045221,2062,0.0,0.0
DTXSID3045223,2062,6.304423376519156e-16,0.0
DTXSID3045227,2062,0.0,0.0
DTXSID3045229,2062,0.0,0.0
DTXSID3045271,2062,0.0,0.0
DTXSID3045300,2062,3.711328593579226e-15,0.0
DTXSID3045304,2062,2.326458083430209e-19,0.0
DTXSID3045306,2062,0.0,0.0
DTXSID3045433,2062,0.0,0.0
DTXSID3045435,2062,0.0,0.0
DTXSID3045437,2062,0.0,0.0
DTXSID3045485,2062,0.0,0.0
DTXSID3045514,2062,0.0,0.0
DTXSID3045560,2062,0.0,0.0
DTXSID3045562,2062,2.201380723755138e-12,0.0
DTXSID3045645,2062,0.0,0.0
DTXSID3045647,2062,0.0,0.0
DTXSID3045649,2062,0.0,0.0
DTXSID3045695,2062,0.0,0.0
DTXSID3045697,2062,0.0,0.0
DTXSID3045770,2062,0.0,0.0
DTXSID3045776,2062,0.0,0.0
DTXSID3045778,2062,0.0,0.0
DTXSID3045805,2062,0.0,0.0
DTXSID3045807,2062,0.0,0.0
DTXSID3045851,2062,0.0,0.0
DTXSID3045857,2062,0.0,0.0
DTXSID3045859,2062,0.0,0.0
DTXSID3045930,2062,1.0687271492014594e-15,0.0
DTXSID3045934,2062,0.0,0.0
DTXSID3046081,2062,0.0,0.0
DTXSID3046083,2062,0.0,0.0
DTXSID3046110,2062,0.0,0.0
DTXSID3046114,2062,0.0,0.0
DTXSID3046162,2062,0.0,0.0
DTXSID3046295,2062,0.0,0.0
DTXSID3046297,2062,0.0,0.0
DTXSID3046299,2062,0.0,0.0
DTXSID3046320,2062,0.0,0.0
DTXSID3046324,2062,0.0,0.0
DTXSID3046326,2062,0.0,0.0
DTXSID3046401,2062,0.0,0.0
DTXSID3046403,2062,0.0,0.0
DTXSID3046405,2062,0.0,0.0
DTXSID3046409,2062,0.0,0.0
DTXSID3046451,2062,0.0,0.0
DTXSID3046453,2062,0.0,0.0
DTXSID3046457,2062,0.0,0.0
DTXSID3046459,2062,0.0,0.0
DTXSID3046534,2062,0.0,0.0
DTXSID3046536,2062,0.0,0.0
DTXSID3046580,2062,0.0,0.0
DTXSID3046584,2062,0.0,0.0
DTXSID3046619,2062,0.0,0.0
DTXSID3046663,2062,0.0,0.0
DTXSID3046665,2062,0.0,0.0
DTXSID3046740,2062,3.0362235859816874e-10,0.0
DTXSID3046742,2062,0.0,0.0
DTXSID3046744,2062,0.0,0.0
DTXSID3046748,2062,0.0,0.0
DTXSID3046792,2062,0.9968065706520131,1.0
DTXSID3046798,2062,0.0,0.0
DTXSID3046821,2062,0.0,0.0
DTXSID3046823,2062,0.0,0.0
DTXSID3046908,2062,0.0,0.0
DTXSID3047001,2062,0.0,0.0
DTXSID3047003,2062,0.0,0.0
DTXSID3047051,2062,0.0,0.0
DTXSID3047053,2062,0.0,0.0
DTXSID3047055,2062,0.0,0.0
DTXSID3047057,2062,0.0,0.0
DTXSID3047059,2062,0.0,0.0
DTXSID3047130,2062,0.0,0.0
DTXSID3047132,2062,,
DTXSID3047134,2062,0.0,0.0
DTXSID3047136,2062,0.0,0.0
DTXSID3047138,2062,0.0,0.0
DTXSID3047180,2062,4.751321097515063e-16,0.0
DTXSID3047182,2062,0.0,0.0
DTXSID3047184,2062,0.0,0.0
DTXSID3047186,2062,0.0,0.0
DTXSID3047188,2062,0.0,0.0
DTXSID3047261,2062,0.0,0.0
DTXSID3047263,2062,0.0,0.0
DTXSID3047265,2062,0.0,0.0
DTXSID3047267,2062,0.0,0.0
DTXSID3047342,2062,1.1664927297655687e-15,0.0
DTXSID3047344,2062,0.0,0.0
DTXSID3047346,2062,0.0,0.0
DTXSID3047348,2062,9.297539199453473e-08,0.0
DTXSID3047394,2062,0.0,0.0
DTXSID3047423,2062,0.0,0.0
DTXSID3047425,2062,0.0,0.0
DTXSID3047427,2062,3.0917128404630335e-15,0.0
DTXSID3047429,2062,0.0,0.0
DTXSID3047471,2062,0.0,0.0
DTXSID3047473,2062,0.0,0.0
DTXSID3047477,2062,3.434952165802957e-19,0.0
DTXSID3047504,2062,0.0,0.0
DTXSID3047508,2062,6.597837831085605e-11,0.0
DTXSID3047552,2062,0.0,0.0
DTXSID3047554,2062,0.0,0.0
DTXSID3047556,2062,1.0837362685735215e-17,0.0
DTXSID3047558,2062,0.0,0.0
DTXSID3047631,2062,0.0,0.0
DTXSID3047633,2062,0.0,0.0
DTXSID3047637,2062,0.0,0.0
DTXSID3047639,2062,0.0,0.0
DTXSID3047681,2062,0.0,0.0
DTXSID3047683,2062,0.0,0.0
DTXSID3047687,2062,9.88195454860277e-17,0.0
DTXSID3047712,2062,0.0,0.0
DTXSID3047716,2062,0.0,0.0
DTXSID3047760,2062,0.0,0.0
DTXSID3047843,2062,0.0,0.0
DTXSID3047849,2062,0.0,0.0
DTXSID3047891,2062,0.0,0.0
DTXSID3047893,2062,0.0,0.0
DTXSID3047895,2062,0.7179717784629378,0.0
DTXSID3047897,2062,0.0,0.0
DTXSID3047899,2062,0.0,0.0
DTXSID3047920,2062,0.0,0.0
DTXSID3047922,2062,0.0,0.0
DTXSID3047924,2062,0.0,0.0
DTXSID3047926,2062,0.0,0.0
DTXSID3047928,2062,7.226012627215083e-18,0.0
DTXSID3047970,2062,0.0,0.0
DTXSID3047972,2062,0.0,0.0
DTXSID3047974,2062,,
DTXSID3048520,2062,0.0,0.0
DTXSID3048522,2062,8.185862535285231e-12,0.0
DTXSID3048574,2062,0.0,0.0
DTXSID3048576,2062,0.0,0.0
DTXSID3048603,2062,0.0,0.0
DTXSID3048605,2062,0.0,0.0
DTXSID3048607,2062,0.0,0.0
DTXSID3048653,2062,0.9873029370968418,1.0
DTXSID3048655,2062,0.0,0.0
DTXSID3048657,2062,0.0,0.0
DTXSID3048659,2062,0.0,0.0
DTXSID3048732,2062,0.0,0.0
DTXSID3048780,2062,0.0,0.0
DTXSID3048782,2062,0.0,0.0
DTXSID3048786,2062,0.0,0.0
DTXSID3048788,2062,0.0,0.0
DTXSID3048811,2062,0.0,0.0
DTXSID3048815,2062,7.01047567489655e-16,0.0
DTXSID3048817,2062,0.0,0.0
DTXSID3048819,2062,0.0,0.0
DTXSID3048861,2062,0.0,0.0
DTXSID3048863,2062,0.0,0.0
DTXSID3048869,2062,7.50532593351146e-17,0.0
DTXSID3048944,2062,0.0,0.0
DTXSID3048948,2062,0.0,0.0
DTXSID3048992,2062,0.0,0.0
DTXSID3048998,2062,0.0,0.0
DTXSID3049041,2062,0.0,0.0
DTXSID3049045,2062,0.0,0.0
DTXSID3049047,2062,3.8939251817663036e-15,0.0
DTXSID3049049,2062,2.8683262325223422e-09,0.0
DTXSID3049201,2062,0.0,0.0
DTXSID3049203,2062,0.0,0.0
DTXSID3049205,2062,0.998714334193086,1.0
DTXSID3049207,2062,0.0,0.0
DTXSID3049209,2062,0.0,0.0
DTXSID3049251,2062,0.0,0.0
DTXSID3049253,2062,0.0,0.0
DTXSID3049255,2062,0.0,0.0
DTXSID3049257,2062,0.0,0.0
DTXSID3049259,2062,0.0,0.0
DTXSID3049330,2062,0.0,0.0
DTXSID3049332,2062,0.9999691110131987,1.0
DTXSID3049334,2062,0.0,0.0
DTXSID3049336,2062,0.0,0.0
DTXSID3049338,2062,0.0,0.0
DTXSID3049380,2062,0.0,0.0
DTXSID3049382,2062,0.0,0.0
DTXSID3049384,2062,0.0,0.0
DTXSID3049386,2062,0.0,0.0
DTXSID3049388,2062,0.0,0.0
DTXSID3049411,2062,0.0,0.0
DTXSID3049413,2062,0.0,0.0
DTXSID3049415,2062,0.0,0.0
DTXSID3049417,2062,0.0,0.0
DTXSID3049419,2062,0.0,0.0
DTXSID3049461,2062,0.0,0.0
DTXSID3049463,2062,0.0,0.0
DTXSID3049465,2062,0.0,0.0
DTXSID3049467,2062,0.0,0.0
DTXSID3049469,2062,0.0,0.0
DTXSID3049540,2062,1.499036828902935e-19,0.0
DTXSID3049542,2062,0.0,0.0
DTXSID3049544,2062,0.0,0.0
DTXSID3049546,2062,0.0,0.0
DTXSID3049548,2062,0.0,0.0
DTXSID3051381,2062,0.0,0.0
DTXSID3051707,2062,0.0,0.0
DTXSID3051834,2062,4.584909687286953e-10,0.0
DTXSID3051836,2062,0.0,0.0
DTXSID3052010,2062,0.0,0.0
DTXSID3052060,2062,0.0,0.0
DTXSID3052228,2062,0.0,0.0
DTXSID3052278,2062,0.0,0.0
DTXSID3052301,2062,0.0,0.0
DTXSID3052307,2062,0.0,0.0
DTXSID3052309,2062,0.0,0.0
DTXSID3052511,2062,0.0,0.0
DTXSID3052567,2062,0.0,0.0
DTXSID3052648,2062,0.0,0.0
DTXSID3057640,2062,0.0,0.0
DTXSID3057642,2062,0.0,0.0
DTXSID3057644,2062,0.0,0.0
DTXSID3057646,2062,0.0,0.0
DTXSID3057648,2062,,
DTXSID3057690,2062,0.0,0.0
DTXSID3057692,2062,0.0,0.0
DTXSID3057694,2062,0.0,0.0
DTXSID3057696,2062,0.0,0.0
DTXSID3057698,2062,0.0,0.0
DTXSID3057721,2062,0.0,0.0
DTXSID3057723,2062,0.0,0.0
DTXSID3057725,2062,0.0,0.0
DTXSID3057727,2062,0.0,0.0
DTXSID3057729,2062,0.0,0.0
DTXSID3057771,2062,0.0,0.0
DTXSID3057773,2062,0.0,0.0
DTXSID3057775,2062,0.0,0.0
DTXSID3057777,2062,1.0185996578121763e-16,0.0
DTXSID3057779,2062,0.0,0.0
DTXSID3057800,2062,0.0,0.0
DTXSID3057802,2062,0.9999997495682285,1.0
DTXSID3057804,2062,0.0,0.0
DTXSID3057806,2062,1.1129718855099288e-18,0.0
DTXSID3057808,2062,0.0,0.0
DTXSID3057850,2062,0.0,0.0
DTXSID3057852,2062,6.621380163131858e-18,0.0
DTXSID3057854,2062,0.0,0.0
DTXSID3057856,2062,0.0,0.0
DTXSID3057858,2062,0.0,0.0
DTXSID4020032,2062,0.0,0.0
DTXSID4020086,2062,4.122969956843323e-19,0.0
DTXSID4020088,2062,0.0,0.0
DTXSID4020113,2062,0.0,0.0
DTXSID4020117,2062,,
DTXSID4020119,2062,0.0,0.0
DTXSID4020161,2062,0.0,0.0
DTXSID4020167,2062,0.0,0.0
DTXSID4020240,2062,0.0,0.0
DTXSID4020242,2062,0.9999903242115813,1.0
DTXSID4020244,2062,0.0,0.0
DTXSID4020246,2062,0.0,0.0
DTXSID4020248,2062,0.0,0.0
DTXSID4020290,2062,0.0,0.0
DTXSID4020292,2062,0.0,0.0
DTXSID4020294,2062,0.0,0.0
DTXSID4020296,2062,0.0,0.0
DTXSID4020298,2062,0.0,0.0
DTXSID4020321,2062,0.0,0.0
DTXSID4020325,2062,0.0,0.0
DTXSID4020327,2062,0.0,0.0
DTXSID4020329,2062,0.0,0.0
DTXSID4020371,2062,0.0,0.0
DTXSID4020373,2062,8.525442638253387e-19,0.0
DTXSID4020375,2062,0.0,0.0
DTXSID4020379,2062,0.0,0.0
DTXSID4020400,2062,1.8027104198037925e-16,0.0
DTXSID4020402,2062,0.0,0.0
DTXSID4020406,2062,2.954230981682631e-19,0.0
DTXSID4020450,2062,0.8138958620086788,0.0
DTXSID4020452,2062,0.0,0.0
DTXSID4020458,2062,0.0001239356888416318,0.0
DTXSID4020533,2062,0.0,0.0
DTXSID4020535,2062,,
DTXSID4020537,2062,4.646456583512088e-14,0.0
DTXSID4020539,2062,9.501224569688512e-20,0.0
DTXSID4020581,2062,0.0,0.0
DTXSID4020583,2062,0.0,0.0
DTXSID4020587,2062,0.0,0.0
DTXSID4020589,2062,0.0,0.0
DTXSID4020612,2062,0.0,0.0
DTXSID4020614,2062,5.2883791210811066e-09,0.0
DTXSID4020616,2062,5.562606093183722e-19,0.0
DTXSID4020618,2062,0.0,0.0
DTXSID4020664,2062,0.0,0.0
DTXSID4020666,2062,0.0,0.0
DTXSID4020668,2062,6.627004716980121e-17,0.0
DTXSID4020743,2062,3.5286760051478344e-11,0.0
DTXSID4020745,2062,0.0,0.0
DTXSID4020749,2062,0.0,0.0
DTXSID4020791,2062,0.0,0.0
DTXSID4020820,2062,0.0,0.0
DTXSID4020822,2062,0.49898947811926503,0.0
DTXSID4020826,2062,0.0,0.0
DTXSID4020828,2062,0.0,0.0
DTXSID4020870,2062,0.0,0.0
DTXSID4020876,2062,0.0,0.0
DTXSID4020878,2062,0.0,0.0
DTXSID4020901,2062,0.0,0.0
DTXSID4020957,2062,0.0,0.0
DTXSID4020959,2062,0.0,0.0
DTXSID4021002,2062,0.0,0.0
DTXSID4021006,2062,0.0,0.0
DTXSID4021056,2062,0.0,0.0
DTXSID4021131,2062,3.485976950045525e-10,0.0
DTXSID4021135,2062,0.07265572318661896,0.0
DTXSID4021137,2062,0.0,0.0
DTXSID4021139,2062,0.0,0.0
DTXSID4021181,2062,0.0,0.0
DTXSID4021185,2062,0.0,0.0
DTXSID4021189,2062,0.0,0.0
DTXSID4021212,2062,0.0,0.0
DTXSID4021214,2062,0.001600702587198774,0.0
DTXSID4021216,2062,0.0,0.0
DTXSID4021218,2062,,
DTXSID4021264,2062,0.0,0.0
DTXSID4021268,2062,0.0,0.0
DTXSID4021341,2062,0.9999908994104043,1.0
DTXSID4021343,2062,0.0,0.0
DTXSID4021347,2062,0.0,0.0
DTXSID4021391,2062,0.0,0.0
DTXSID4021393,2062,0.0,0.0
DTXSID4021395,2062,1.1779343757078707e-15,0.0
DTXSID4021397,2062,0.0,0.0
DTXSID4021424,2062,0.0,0.0
DTXSID4021426,2062,0.0,0.0
DTXSID4021472,2062,0.0,0.0
DTXSID4021478,2062,0.9788917822914156,1.0
DTXSID4021503,2062,0.0,0.0
DTXSID4021553,2062,0.0,0.0
DTXSID4021557,2062,0.0,0.0
DTXSID4021559,2062,2.0727378349678943e-06,0.0
DTXSID4021632,2062,0.0,0.0
DTXSID4021634,2062,0.0,0.0
DTXSID4021636,2062,0.0,0.0
DTXSID4021638,2062,0.0,0.0
DTXSID4021680,2062,0.0,0.0
DTXSID4021684,2062,0.0,0.0
DTXSID4021688,2062,0.0,0.0
DTXSID4021715,2062,0.9999988333086982,1.0
DTXSID4021717,2062,0.0,0.0
DTXSID4021761,2062,0.0,0.0
DTXSID4021767,2062,0.0,0.0
DTXSID4021769,2062,0.0,0.0
DTXSID4021842,2062,0.0,0.0
DTXSID4021848,2062,4.685427459178379e-19,0.0
DTXSID4021890,2062,0.0,0.0
DTXSID4021892,2062,0.0,0.0
DTXSID4021894,2062,0.0,0.0
DTXSID4021921,2062,0.0,0.0
DTXSID4021923,2062,0.0,0.0
DTXSID4021925,2062,0.0,0.0
DTXSID4021929,2062,0.0,0.0
DTXSID4021971,2062,4.651872007452699e-14,0.0
DTXSID4021973,2062,0.0,0.0
DTXSID4021975,2062,9.969153765192341e-08,0.0
DTXSID4021977,2062,0.0,0.0
DTXSID4021979,2062,0.0,0.0
DTXSID4022020,2062,0.0,0.0
DTXSID4022070,2062,0.0,0.0
DTXSID4022107,2062,5.924795546540524e-18,0.0
DTXSID4022109,2062,0.0,0.0
DTXSID4022153,2062,0.9992004968424748,1.0
DTXSID4022159,2062,0.0,0.0
DTXSID4022284,2062,0.0,0.0
DTXSID4022288,2062,0.0,0.0
DTXSID4022311,2062,0.0,0.0
DTXSID4022313,2062,1.4047044154353997e-15,0.0
DTXSID4022315,2062,0.0,0.0
DTXSID4022361,2062,0.0,0.0
DTXSID4022367,2062,0.0,0.0
DTXSID4022369,2062,0.0,0.0
DTXSID4022442,2062,0.0,0.0
DTXSID4022446,2062,0.0,0.0
DTXSID4022448,2062,1.7387768323593394e-14,0.0
DTXSID4022521,2062,0.0,0.0
DTXSID4022523,2062,0.0,0.0
DTXSID4022525,2062,0.001106941244273238,0.0
DTXSID4022527,2062,0.0,0.0
DTXSID4022529,2062,0.0,0.0
DTXSID4022573,2062,0.0,0.0
DTXSID4022579,2062,0.0,0.0
DTXSID4022602,2062,0.0,0.0
DTXSID4022652,2062,0.0,0.0
DTXSID4022658,2062,0.0,0.0
DTXSID4022731,2062,0.0,0.0
DTXSID4022783,2062,0.0,0.0
DTXSID4022785,2062,0.0,0.0
DTXSID4022810,2062,1.8482638165446676e-15,0.0
DTXSID4022812,2062,0.0,0.0
DTXSID4022816,2062,0.9999985972461537,1.0
DTXSID4022866,2062,0.0,0.0
DTXSID4022868,2062,0.0,0.0
DTXSID4022947,2062,0.0,0.0
DTXSID4022949,2062,0.0,0.0
DTXSID4022991,2062,0.0,0.0
DTXSID4022999,2062,0.0,0.0
DTXSID4023042,2062,0.0,0.0
DTXSID4023094,2062,0.0,0.0
DTXSID4023096,2062,0.0,0.0
DTXSID4023125,2062,0.0,0.0
DTXSID4023175,2062,0.0,0.0
DTXSID4023177,2062,0.0,0.0
DTXSID4023179,2062,0.0,0.0
DTXSID4023200,2062,0.0,0.0
DTXSID4023202,2062,0.0,0.0
DTXSID4023252,2062,0.0,0.0
DTXSID4023254,2062,0.0,0.0
DTXSID4023333,2062,0.0,0.0
DTXSID4023385,2062,0.0,0.0
DTXSID4023387,2062,0.0,0.0
DTXSID4023412,2062,0.0,0.0
DTXSID4023414,2062,0.0,0.0
DTXSID4023416,2062,0.0,0.0
DTXSID4023460,2062,0.0,0.0
DTXSID4023462,2062,0.0,0.0
DTXSID4023541,2062,0.0,0.0
DTXSID4023549,2062,4.582492491483776e-19,0.0
DTXSID4023591,2062,0.0,0.0
DTXSID4023595,2062,0.0,0.0
DTXSID4023620,2062,0.0,0.0
DTXSID4023622,2062,6.107749994471306e-15,0.0
DTXSID4023624,2062,0.0,0.0
DTXSID4023626,2062,0.0,0.0
DTXSID4023628,2062,0.0,0.0
DTXSID4023672,2062,0.0,0.0
DTXSID4023674,2062,0.0,0.0
DTXSID4023676,2062,0.0,0.0
DTXSID4023678,2062,0.0,0.0
DTXSID4023753,2062,0.0,0.0
DTXSID4023917,2062,0.0,0.0
DTXSID4024012,2062,0.0,0.0
DTXSID4024014,2062,0.0,0.0
DTXSID4024018,2062,0.0,0.0
DTXSID4024062,2062,0.0,0.0
DTXSID4024064,2062,3.329114857596371e-08,0.0
DTXSID4024066,2062,4.828469711680274e-16,0.0
DTXSID4024143,2062,0.0,0.0
DTXSID4024145,2062,0.0,0.0
DTXSID4024193,2062,0.0,0.0
DTXSID4024195,2062,0.0,0.0
DTXSID4024222,2062,0.0,0.0
DTXSID4024270,2062,0.0,0.0
DTXSID4024272,2062,0.0,0.0
DTXSID4024274,2062,0.0,0.0
DTXSID4024276,2062,0.0,0.0
DTXSID4024303,2062,1.2441087812761281e-18,0.0
DTXSID4024359,2062,5.551260663723337e-10,0.0
DTXSID4024436,2062,0.9999330590756039,1.0
DTXSID4024484,2062,0.0,0.0
DTXSID4024488,2062,0.0,0.0
DTXSID4024515,2062,0.0,0.0
DTXSID4024640,2062,3.325786570882113e-17,0.0
DTXSID4024642,2062,6.954282656045845e-15,0.0
DTXSID4024644,2062,0.0,0.0
DTXSID4024646,2062,0.0,0.0
DTXSID4024690,2062,0.0,0.0
DTXSID4024692,2062,0.0,0.0
DTXSID4024696,2062,0.0,0.0
DTXSID4024721,2062,0.0,0.0
DTXSID4024729,2062,0.0,0.0
DTXSID4024771,2062,0.0,0.0
DTXSID4024773,2062,0.0,0.0
DTXSID4024775,2062,0.0,0.0
DTXSID4024800,2062,0.0,0.0
DTXSID4024858,2062,0.0,0.0
DTXSID4024931,2062,0.0,0.0
DTXSID4024937,2062,1.634340635060164e-14,0.0
DTXSID4024981,2062,0.0,0.0
DTXSID4024983,2062,0.0,0.0
DTXSID4024985,2062,0.0,0.0
DTXSID4025080,2062,0.0,0.0
DTXSID4025082,2062,0.0,0.0
DTXSID4025086,2062,0.0,0.0
DTXSID4025111,2062,0.0,0.0
DTXSID4025113,2062,0.0,0.0
DTXSID4025117,2062,0.0,0.0
DTXSID4025165,2062,0.0,0.0
DTXSID4025167,2062,0.0,0.0
DTXSID4025240,2062,0.0,0.0
DTXSID4025242,2062,0.0,0.0
DTXSID4025292,2062,0.0,0.0
DTXSID4025296,2062,1.9084975825588066e-15,0.0
DTXSID4025298,2062,0.0,0.0
DTXSID4025329,2062,0.0,0.0
DTXSID4025371,2062,0.0,0.0
DTXSID4025402,2062,0.0,0.0
DTXSID4025404,2062,7.671439263118374e-12,0.0
DTXSID4025406,2062,0.0,0.0
DTXSID4025454,2062,2.1822822808560555e-17,0.0
DTXSID4025581,2062,3.271070094040745e-13,0.0
DTXSID4025587,2062,0.0,0.0
DTXSID4025610,2062,0.0,0.0
DTXSID4025612,2062,0.0,0.0
DTXSID4025662,2062,0.0,0.0
DTXSID4025668,2062,0.0,0.0
DTXSID4025741,2062,0.0,0.0
DTXSID4025743,2062,0.0,0.0
DTXSID4025745,2062,0.0,0.0
DTXSID4025749,2062,4.693495398477752e-16,0.0
DTXSID4025791,2062,0.0,0.0
DTXSID4025793,2062,5.750879964541909e-14,0.0
DTXSID4025824,2062,0.0,0.0
DTXSID4025903,2062,0.0,0.0
DTXSID4026000,2062,7.774129584038349e-16,0.0
DTXSID4026050,2062,2.5833657154080638e-17,0.0
DTXSID4026054,2062,0.0,0.0
DTXSID4026137,2062,9.149447593442843e-09,0.0
DTXSID4026139,2062,0.0,0.0
DTXSID4026181,2062,0.0,0.0
DTXSID4026183,2062,0.0,0.0
DTXSID4026212,2062,0.0,0.0
DTXSID4026214,2062,0.9618237743144386,1.0
DTXSID4026216,2062,7.176001112711544e-17,0.0
DTXSID4026262,2062,0.0,0.0
DTXSID4026266,2062,0.0,0.0
DTXSID4026422,2062,0.0,0.0
DTXSID4026472,2062,0.0,0.0
DTXSID4026501,2062,0.0,0.0
DTXSID4026505,2062,0.009681984177328325,0.0
DTXSID4026557,2062,0.0,0.0
DTXSID4026684,2062,1.1890859718308536e-19,0.0
DTXSID4026711,2062,0.0,0.0
DTXSID4026713,2062,0.0,0.0
DTXSID4026715,2062,0.0,0.0
DTXSID4026765,2062,0.0,0.0
DTXSID4026769,2062,9.901898419078623e-18,0.0
DTXSID4026842,2062,0.0,0.0
DTXSID4026894,2062,0.0,0.0
DTXSID4026921,2062,0.0,0.0
DTXSID4026927,2062,3.7525840425087285e-19,0.0
DTXSID4026975,2062,0.0,0.0
DTXSID4026979,2062,0.0,0.0
DTXSID4027026,2062,0.0,0.0
DTXSID4027072,2062,0.0,0.0
DTXSID4027076,2062,0.0,0.0
DTXSID4027103,2062,0.0,0.0
DTXSID4027109,2062,1.3877730676348349e-14,0.0
DTXSID4027153,2062,0.0,0.0
DTXSID4027159,2062,0.0,0.0
DTXSID4027234,2062,0.0,0.0
DTXSID4027236,2062,0.0,0.0
DTXSID4027280,2062,0.0,0.0
DTXSID4027282,2062,0.0,0.0
DTXSID4027284,2062,0.0,0.0
DTXSID4027288,2062,0.0,0.0
DTXSID4027319,2062,0.0,0.0
DTXSID4027361,2062,0.0,0.0
DTXSID4027367,2062,0.0,0.0
DTXSID4027490,2062,0.0,0.0
DTXSID4027494,2062,9.509997061989342e-15,0.0
DTXSID4027496,2062,0.0,0.0
DTXSID4027498,2062,0.0,0.0
DTXSID4027521,2062,0.0,0.0
DTXSID4027525,2062,0.0,0.0
DTXSID4027527,2062,1.1727390109405779e-14,0.0
DTXSID4027529,2062,0.0,0.0
DTXSID4027577,2062,0.0,0.0
DTXSID4027579,2062,0.0,0.0
DTXSID4027600,2062,0.0,0.0
DTXSID4027604,2062,0.0,0.0
DTXSID4027608,2062,0.0,0.0
DTXSID4027650,2062,0.0,0.0
DTXSID4027652,2062,0.0,0.0
DTXSID4027656,2062,0.0,0.0
DTXSID4027658,2062,0.0,0.0
DTXSID4027781,2062,0.0,0.0
DTXSID4027789,2062,0.0,0.0
DTXSID4027866,2062,0.0,0.0
DTXSID4027868,2062,2.7619272089741667e-19,0.0
DTXSID4027991,2062,0.0,0.0
DTXSID4027997,2062,0.0,0.0
DTXSID4028040,2062,2.2339680100525933e-16,0.0
DTXSID4028460,2062,0.0,0.0
DTXSID4028880,2062,0.0,0.0
DTXSID4028967,2062,0.0,0.0
DTXSID4029062,2062,0.0,0.0
DTXSID4029143,2062,0.0,0.0
DTXSID4029145,2062,0.0,0.0
DTXSID4029149,2062,0.0,0.0
DTXSID4029195,2062,0.0,0.0
DTXSID4029220,2062,0.0,0.0
DTXSID4029224,2062,1.531110093857044e-19,0.0
DTXSID4029353,2062,7.921380688370857e-05,0.0
DTXSID4029359,2062,0.0,0.0
DTXSID4029565,2062,0.0,0.0
DTXSID4029690,2062,0.0,0.0
DTXSID4029692,2062,0.0,0.0
DTXSID4029698,2062,0.0,0.0
DTXSID4029806,2062,4.4961312950312894e-08,0.0
DTXSID4030047,2062,7.50647503381845e-14,0.0
DTXSID4030336,2062,0.0,0.0
DTXSID4030384,2062,0.0,0.0
DTXSID4031356,2062,0.0,0.0
DTXSID4031980,2062,0.0,0.0
DTXSID4032372,2062,0.0,0.0
DTXSID4032374,2062,0.0,0.0
DTXSID4032376,2062,0.0,0.0
DTXSID4032378,2062,1.0374673402968257e-16,0.0
DTXSID4032405,2062,0.0,0.0
DTXSID4032459,2062,5.601329438899282e-16,0.0
DTXSID4032532,2062,0.0,0.0
DTXSID4032536,2062,4.833869659231142e-10,0.0
DTXSID4032580,2062,0.0,0.0
DTXSID4032611,2062,0.0,0.0
DTXSID4032613,2062,0.0,0.0
DTXSID4032615,2062,0.0,0.0
DTXSID4032619,2062,0.0,0.0
DTXSID4032667,2062,1.240490875794326e-06,0.0
DTXSID4032954,2062,0.0,0.0
DTXSID4033390,2062,0.0,0.0
DTXSID4034102,2062,0.0,0.0
DTXSID4034150,2062,0.0,0.0
DTXSID4034287,2062,0.0,0.0
DTXSID4034497,2062,5.5673389637649025e-09,0.0
DTXSID4034528,2062,0.0,0.0
DTXSID4034576,2062,0.0,0.0
DTXSID4034601,2062,0.0,0.0
DTXSID4034609,2062,3.874388686895529e-20,0.0
DTXSID4034653,2062,3.611403214986968e-18,0.0
DTXSID4034788,2062,0.0,0.0
DTXSID4034869,2062,8.990071438955229e-18,0.0
DTXSID4034948,2062,7.643055277722467e-15,0.0
DTXSID4035209,2062,0.0,0.0
DTXSID4035592,2062,0.0,0.0
DTXSID4035708,2062,0.9999937800610239,1.0
DTXSID4035839,2062,0.0,0.0
DTXSID4036229,2062,0.0,0.0
DTXSID4036435,2062,2.0464137610357877e-18,0.0
DTXSID4036489,2062,0.0,0.0
DTXSID4036514,2062,1.5967646463026012e-19,0.0
DTXSID4037580,2062,0.0,0.0
DTXSID4037582,2062,0.0,0.0
DTXSID4037584,2062,0.0,0.0
DTXSID4037617,2062,0.0,0.0
DTXSID4037748,2062,0.0,0.0
DTXSID4038346,2062,0.0,0.0
DTXSID4038762,2062,1.0784904467051646e-18,0.0
DTXSID4038847,2062,0.0,0.0
DTXSID4038899,2062,0.0,0.0
DTXSID4038922,2062,,
DTXSID4038924,2062,1.230642161793881e-14,0.0
DTXSID4038926,2062,0.0,0.0
DTXSID4039231,2062,0.0,0.0
DTXSID4039233,2062,0.0,0.0
DTXSID4039235,2062,0.0,0.0
DTXSID4039657,2062,0.0,0.0
DTXSID4040002,2062,0.0,0.0
DTXSID4040264,2062,1.1227600923379957e-18,0.0
DTXSID4040268,2062,4.289003397442961e-11,0.0
DTXSID4040343,2062,2.398554788888115e-17,0.0
DTXSID4040476,2062,0.0,0.0
DTXSID4040682,2062,0.0,0.0
DTXSID4040686,2062,0.0,0.0
DTXSID4040711,2062,0.0,0.0
DTXSID4040713,2062,0.0,0.0
DTXSID4040715,2062,0.0,0.0
DTXSID4040719,2062,0.0,0.0
DTXSID4040765,2062,0.0,0.0
DTXSID4040767,2062,0.0,0.0
DTXSID4040979,2062,0.0,0.0
DTXSID4041070,2062,,
DTXSID4041230,2062,0.0,0.0
DTXSID4041232,2062,0.0,0.0
DTXSID4041234,2062,0.0,0.0
DTXSID4041238,2062,0.0,0.0
DTXSID4041280,2062,0.0,0.0
DTXSID4041317,2062,0.0,0.0
DTXSID4041361,2062,0.0,0.0
DTXSID4041363,2062,0.0,0.0
DTXSID4041367,2062,0.9999984663964289,1.0
DTXSID4041440,2062,1.647160649742669e-18,0.0
DTXSID4041442,2062,0.0,0.0
DTXSID4041444,2062,0.0,0.0
DTXSID4041446,2062,0.0,0.0
DTXSID4041490,2062,0.0,0.0
DTXSID4041492,2062,0.0,0.0
DTXSID4041494,2062,7.543470524362971e-11,0.0
DTXSID4041521,2062,0.0,0.0
DTXSID4041527,2062,0.0,0.0
DTXSID4041529,2062,0.0,0.0
DTXSID4041573,2062,0.0,0.0
DTXSID4041575,2062,0.0,0.0
DTXSID4041600,2062,4.0945425365183374e-18,0.0
DTXSID4041604,2062,0.0,0.0
DTXSID4041654,2062,0.0,0.0
DTXSID4041656,2062,0.0,0.0
DTXSID4041783,2062,2.5001627084604822e-17,0.0
DTXSID4041812,2062,0.0,0.0
DTXSID4041818,2062,0.0,0.0
DTXSID4041995,2062,0.021905918908718795,0.0
DTXSID4041997,2062,0.0,0.0
DTXSID4042090,2062,0.0,0.0
DTXSID4042094,2062,0.0,0.0
DTXSID4042096,2062,0.0,0.0
DTXSID4042121,2062,0.0,0.0
DTXSID4042123,2062,0.9999999999999992,1.0
DTXSID4042129,2062,0.9999999999999715,1.0
DTXSID4042171,2062,0.0,0.0
DTXSID4042206,2062,5.42933322626718e-07,0.0
DTXSID4042208,2062,0.0,0.0
DTXSID4042252,2062,0.0,0.0
DTXSID4042254,2062,0.0,0.0
DTXSID4042256,2062,0.0,0.0
DTXSID4042335,2062,0.0,0.0
DTXSID4042337,2062,0.0,0.0
DTXSID4042416,2062,2.2502698785344347e-06,0.0
DTXSID4042418,2062,8.653797221772224e-15,0.0
DTXSID4042462,2062,0.0,0.0
DTXSID4042468,2062,0.0,0.0
DTXSID4042622,2062,0.0,0.0
DTXSID4043777,2062,,
DTXSID4043850,2062,0.0,0.0
DTXSID4043937,2062,0.0,0.0
DTXSID4044161,2062,0.0,0.0
DTXSID4044371,2062,0.0,0.0
DTXSID4044373,2062,0.0,0.0
DTXSID4044375,2062,0.0,0.0
DTXSID4044379,2062,5.025419954605103e-10,0.0
DTXSID4044400,2062,7.409583397331234e-15,0.0
DTXSID4044402,2062,0.0,0.0
DTXSID4044404,2062,0.0,0.0
DTXSID4044408,2062,0.0,0.0
DTXSID4044450,2062,0.0,0.0
DTXSID4044452,2062,0.0,0.0
DTXSID4044454,2062,0.0,0.0
DTXSID4044456,2062,0.0,0.0
DTXSID4044458,2062,0.0,0.0
DTXSID4044533,2062,0.011425880950810593,0.0
DTXSID4044535,2062,0.0,0.0
DTXSID4044537,2062,0.0,0.0
DTXSID4044581,2062,0.00031327669455371275,0.0
DTXSID4044585,2062,0.0,0.0
DTXSID4044587,2062,0.0,0.0
DTXSID4044589,2062,0.0,0.0
DTXSID4044616,2062,2.1281095690471644e-17,0.0
DTXSID4044618,2062,0.0,0.0
DTXSID4044660,2062,0.0,0.0
DTXSID4044662,2062,0.0,0.0
DTXSID4044664,2062,0.0,0.0
DTXSID4044668,2062,0.0,0.0
DTXSID4044743,2062,0.0,0.0
DTXSID4044745,2062,0.0,0.0
DTXSID4044747,2062,0.0,0.0
DTXSID4044791,2062,0.0,0.0
DTXSID4044793,2062,0.0,0.0
DTXSID4044799,2062,0.0,0.0
DTXSID4044820,2062,0.0,0.0
DTXSID4044822,2062,0.0,0.0
DTXSID4044824,2062,0.0,0.0
DTXSID4044826,2062,0.0,0.0
DTXSID4044828,2062,0.0,0.0
DTXSID4044870,2062,0.0,0.0
DTXSID4044872,2062,0.0,0.0
DTXSID4044874,2062,0.0,0.0
DTXSID4044876,2062,0.0,0.0
DTXSID4044878,2062,0.0,0.0
DTXSID4044901,2062,0.0,0.0
DTXSID4044903,2062,0.0,0.0
DTXSID4044905,2062,0.0,0.0
DTXSID4044909,2062,0.0,0.0
DTXSID4044951,2062,0.0,0.0
DTXSID4044953,2062,0.0,0.0
DTXSID4044955,2062,0.0,0.0
DTXSID4045002,2062,0.0,0.0
DTXSID4045131,2062,0.0,0.0
DTXSID4045133,2062,9.518265661252959e-20,0.0
DTXSID4045139,2062,0.0,0.0
DTXSID4045181,2062,0.0,0.0
DTXSID4045183,2062,0.0,0.0
DTXSID4045187,2062,0.0,0.0
DTXSID4045189,2062,0.0,0.0
DTXSID4045210,2062,0.0,0.0
DTXSID4045262,2062,0.0,0.0
DTXSID4045341,2062,0.0,0.0
DTXSID4045343,2062,9.168731465904329e-19,0.0
DTXSID4045345,2062,0.0,0.0
DTXSID4045347,2062,6.006330657655337e-18,0.0
DTXSID4045391,2062,0.0,0.0
DTXSID4045393,2062,0.0,0.0
DTXSID4045420,2062,0.0,0.0
DTXSID4045422,2062,0.0,0.0
DTXSID4045424,2062,0.0,0.0
DTXSID4045472,2062,0.0,0.0
DTXSID4045474,2062,0.0,0.0
DTXSID4045478,2062,0.0,0.0
DTXSID4045551,2062,0.0,0.0
DTXSID4045555,2062,0.0,0.0
DTXSID4045632,2062,0.0,0.0
DTXSID4045636,2062,1.2313520790801958e-10,0.0
DTXSID4045638,2062,0.9999876772160162,1.0
DTXSID4045680,2062,0.0,0.0
DTXSID4045682,2062,0.0,0.0
DTXSID4045686,2062,0.0,0.0
DTXSID4045688,2062,6.7655648416142306e-18,0.0
DTXSID4045763,2062,0.0,0.0
DTXSID4045765,2062,0.0,0.0
DTXSID4045767,2062,0.0,0.0
DTXSID4045769,2062,1.8999393164462723e-17,0.0
DTXSID4045848,2062,0.0,0.0
DTXSID4045892,2062,0.0,0.0
DTXSID4045896,2062,0.0,0.0
DTXSID4045898,2062,0.0,0.0
DTXSID4045921,2062,0.0,0.0
DTXSID4045927,2062,2.3554600985896085e-11,0.0
DTXSID4045973,2062,,
DTXSID4045975,2062,2.988956866794132e-17,0.0
DTXSID4046020,2062,0.0,0.0
DTXSID4046024,2062,0.0,0.0
DTXSID4046076,2062,0.0,0.0
DTXSID4046101,2062,6.838007597852414e-07,0.0
DTXSID4046107,2062,0.0,0.0
DTXSID4046109,2062,2.264646533215816e-14,0.0
DTXSID4046151,2062,0.0,0.0
DTXSID4046153,2062,0.0,0.0
DTXSID4046157,2062,3.062171864486903e-16,0.0
DTXSID4046159,2062,0.0,0.0
DTXSID4046282,2062,0.0,0.0
DTXSID4046284,2062,0.0,0.0
DTXSID4046286,2062,0.0,0.0
DTXSID4046288,2062,0.0,0.0
DTXSID4046313,2062,0.0,0.0
DTXSID4046315,2062,0.0,0.0
DTXSID4046440,2062,0.0,0.0
DTXSID4046442,2062,8.8218354799665e-18,0.0
DTXSID4046448,2062,0.0,0.0
DTXSID4046490,2062,0.0,0.0
DTXSID4046492,2062,0.0,0.0
DTXSID4046523,2062,0.0,0.0
DTXSID4046525,2062,0.0,0.0
DTXSID4046529,2062,3.0124880984462735e-14,0.0
DTXSID4046579,2062,0.0,0.0
DTXSID4046600,2062,0.0,0.0
DTXSID4046602,2062,0.0,0.0
DTXSID4046604,2062,0.0,0.0
DTXSID4046606,2062,6.141028385318799e-19,0.0
DTXSID4046652,2062,0.0,0.0
DTXSID4046739,2062,0.0,0.0
DTXSID4046810,2062,0.0,0.0
DTXSID4046864,2062,0.0,0.0
DTXSID4046949,2062,0.0,0.0
DTXSID4046999,2062,0.0,0.0
DTXSID4047040,2062,0.0,0.0
DTXSID4047042,2062,0.0,0.0
DTXSID4047044,2062,0.0,0.0
DTXSID4047046,2062,0.0,0.0
DTXSID4047090,2062,0.0,0.0
DTXSID4047092,2062,0.0,0.0
DTXSID4047094,2062,0.0,0.0
DTXSID4047096,2062,0.0,0.0
DTXSID4047098,2062,0.0,0.0
DTXSID4047121,2062,0.0,0.0
DTXSID4047123,2062,0.0,0.0
DTXSID4047125,2062,0.0,0.0
DTXSID4047127,2062,0.0,0.0
DTXSID4047129,2062,0.0,0.0
DTXSID4047173,2062,0.0,0.0
DTXSID4047177,2062,0.0,0.0
DTXSID4047179,2062,0.0,0.0
DTXSID4047200,2062,0.0,0.0
DTXSID4047202,2062,0.0,0.0
DTXSID4047206,2062,,
DTXSID4047252,2062,0.0,0.0
DTXSID4047254,2062,0.0,0.0
DTXSID4047258,2062,0.0,0.0
DTXSID4047331,2062,0.0,0.0
DTXSID4047333,2062,0.0,0.0
DTXSID4047335,2062,0.0,0.0
DTXSID4047337,2062,0.25336962986357375,0.0
DTXSID4047339,2062,0.0,0.0
DTXSID4047381,2062,0.9957423755697989,1.0
DTXSID4047383,2062,0.0,0.0
DTXSID4047385,2062,0.0,0.0
DTXSID4047387,2062,0.0,0.0
DTXSID4047389,2062,0.0,0.0
DTXSID4047410,2062,7.589018751319455e-07,0.0
DTXSID4047412,2062,0.0,0.0
DTXSID4047414,2062,0.0,0.0
DTXSID4047416,2062,0.0,0.0
DTXSID4047418,2062,0.0,0.0
DTXSID4047462,2062,0.0,0.0
DTXSID4047464,2062,0.0,0.0
DTXSID4047466,2062,0.0,0.0
DTXSID4047468,2062,2.7949231857539482e-11,0.0
DTXSID4047543,2062,1.3978514838888138e-13,0.0
DTXSID4047545,2062,6.540644995597417e-19,0.0
DTXSID4047547,2062,0.0,0.0
DTXSID4047549,2062,0.0,0.0
DTXSID4047591,2062,0.0,0.0
DTXSID4047593,2062,0.0,0.0
DTXSID4047597,2062,0.0,0.0
DTXSID4047599,2062,0.0,0.0
DTXSID4047620,2062,0.0,0.0
DTXSID4047622,2062,1.8144091210807778e-16,0.0
DTXSID4047624,2062,0.0,0.0
DTXSID4047628,2062,0.0,0.0
DTXSID4047670,2062,0.0,0.0
DTXSID4047672,2062,0.0,0.0
DTXSID4047674,2062,2.216839882142358e-15,0.0
DTXSID4047678,2062,0.0,0.0
DTXSID4047703,2062,0.0,0.0
DTXSID4047705,2062,2.054816204908279e-13,0.0
DTXSID4047707,2062,0.0,0.0
DTXSID4047709,2062,0.0,0.0
DTXSID4047838,2062,0.0,0.0
DTXSID4047880,2062,0.0,0.0
DTXSID4047882,2062,0.0,0.0
DTXSID4047884,2062,0.0,0.0
DTXSID4047886,2062,0.0,0.0
DTXSID4047888,2062,0.0,0.0
DTXSID4047911,2062,0.0,0.0
DTXSID4047913,2062,0.0,0.0
DTXSID4047915,2062,0.0,0.0
DTXSID4047917,2062,0.9637834233272123,1.0
DTXSID4047919,2062,0.0,0.0
DTXSID4047961,2062,0.0,0.0
DTXSID4047963,2062,0.0,0.0
DTXSID4047965,2062,0.0,0.0
DTXSID4047967,2062,0.0,0.0
DTXSID4047969,2062,0.0,0.0
DTXSID4048191,2062,7.759202104652234e-19,0.0
DTXSID4048193,2062,7.280277001715158e-19,0.0
DTXSID4048195,2062,0.0,0.0
DTXSID4048199,2062,0.0,0.0
DTXSID4048511,2062,1.7791167042284236e-18,0.0
DTXSID4048513,2062,,
DTXSID4048519,2062,2.0456455430329217e-05,0.0
DTXSID4048644,2062,0.0,0.0
DTXSID4048690,2062,0.0,0.0
DTXSID4048692,2062,0.0,0.0
DTXSID4048694,2062,0.0,0.0
DTXSID4048696,2062,1.1547161458261659e-19,0.0
DTXSID4048698,2062,0.0,0.0
DTXSID4048721,2062,0.0,0.0
DTXSID4048725,2062,0.0,0.0
DTXSID4048727,2062,,
DTXSID4048773,2062,0.0,0.0
DTXSID4048777,2062,0.0,0.0
DTXSID4048800,2062,0.0,0.0
DTXSID4048802,2062,0.0,0.0
DTXSID4048804,2062,0.0,0.0
DTXSID4048806,2062,0.0,0.0
DTXSID4048808,2062,0.0,0.0
DTXSID4048850,2062,0.0,0.0
DTXSID4048852,2062,1.1798433092603603e-19,0.0
DTXSID4048854,2062,0.0,0.0
DTXSID4048856,2062,0.0,0.0
DTXSID4048858,2062,0.0,0.0
DTXSID4048933,2062,1.696278277197447e-14,0.0
DTXSID4048935,2062,3.055269842861531e-18,0.0
DTXSID4048937,2062,3.679785466431417e-13,0.0
DTXSID4048983,2062,3.605396591142862e-14,0.0
DTXSID4049032,2062,0.0,0.0
DTXSID4049034,2062,0.0,0.0
DTXSID4049036,2062,0.0,0.0
DTXSID4049038,2062,0.0,0.0
DTXSID4049080,2062,7.924803595326355e-16,0.0
DTXSID4049082,2062,0.0,0.0
DTXSID4049240,2062,0.0,0.0
DTXSID4049242,2062,0.0,0.0
DTXSID4049244,2062,0.0,0.0
DTXSID4049246,2062,0.0,0.0
DTXSID4049248,2062,0.9519400969998081,1.0
DTXSID4049290,2062,0.0,0.0
DTXSID4049292,2062,0.0,0.0
DTXSID4049294,2062,0.0,0.0
DTXSID4049296,2062,,
DTXSID4049298,2062,0.999404485220388,1.0
DTXSID4049321,2062,0.0,0.0
DTXSID4049323,2062,8.767505966876584e-20,0.0
DTXSID4049325,2062,0.0,0.0
DTXSID4049327,2062,0.0,0.0
DTXSID4049329,2062,0.0,0.0
DTXSID4049371,2062,0.0,0.0
DTXSID4049373,2062,0.0,0.0
DTXSID4049375,2062,0.0,0.0
DTXSID4049377,2062,0.0,0.0
DTXSID4049379,2062,0.0,0.0
DTXSID4049400,2062,1.1785697327995904e-15,0.0
DTXSID4049402,2062,0.0,0.0
DTXSID4049404,2062,0.0,0.0
DTXSID4049406,2062,0.0,0.0
DTXSID4049408,2062,0.0,0.0
DTXSID4049450,2062,0.0,0.0
DTXSID4049452,2062,1.949512485657785e-15,0.0
DTXSID4049454,2062,0.0,0.0
DTXSID4049456,2062,0.0,0.0
DTXSID4049458,2062,0.0,0.0
DTXSID4049531,2062,0.0,0.0
DTXSID4049533,2062,0.0,0.0
DTXSID4049535,2062,0.0,0.0
DTXSID4049537,2062,1.0539257123003642e-16,0.0
DTXSID4049539,2062,0.0,0.0
DTXSID4051536,2062,0.0,0.0
DTXSID4051580,2062,0.0,0.0
DTXSID4051586,2062,0.0,0.0
DTXSID4051619,2062,0.0,0.0
DTXSID4051900,2062,0.0,0.0
DTXSID4052132,2062,0.0,0.0
DTXSID4052186,2062,0.0,0.0
DTXSID4052213,2062,0.0,0.0
DTXSID4052267,2062,0.0,0.0
DTXSID4052269,2062,0.0,0.0
DTXSID4052342,2062,0.0,0.0
DTXSID4052502,2062,0.0,0.0
DTXSID4052506,2062,0.0,0.0
DTXSID4052550,2062,0.0,0.0
DTXSID4052554,2062,0.0,0.0
DTXSID4057631,2062,0.0,0.0
DTXSID4057633,2062,0.0,0.0
DTXSID4057635,2062,1.1644062428555056e-17,0.0
DTXSID4057637,2062,0.0,0.0
DTXSID4057639,2062,0.0,0.0
DTXSID4057681,2062,0.0,0.0
DTXSID4057683,2062,0.0,0.0
DTXSID4057685,2062,0.0,0.0
DTXSID4057687,2062,0.0,0.0
DTXSID4057689,2062,4.346221950866706e-12,0.0
DTXSID4057710,2062,0.0,0.0
DTXSID4057712,2062,1.9537450976921044e-19,0.0
DTXSID4057714,2062,0.0,0.0
DTXSID4057716,2062,6.750060927927102e-17,0.0
DTXSID4057718,2062,0.0,0.0
DTXSID4057760,2062,1.2069143600761997e-14,0.0
DTXSID4057762,2062,0.0,0.0
DTXSID4057764,2062,0.0,0.0
DTXSID4057766,2062,0.0,0.0
DTXSID4057768,2062,0.0,0.0
DTXSID4057841,2062,0.0,0.0
DTXSID4057843,2062,0.0,0.0
DTXSID4057845,2062,0.0,0.0
DTXSID4057847,2062,0.0,0.0
DTXSID4057849,2062,0.0,0.0
DTXSID4058655,2062,0.9867473763806974,1.0
DTXSID5020021,2062,0.0,0.0
DTXSID5020023,2062,0.0,0.0
DTXSID5020027,2062,0.0,0.0
DTXSID5020029,2062,0.0,0.0
DTXSID5020071,2062,0.0,0.0
DTXSID5020079,2062,0.0,0.0
DTXSID5020106,2062,1.1063525134986543e-05,0.0
DTXSID5020108,2062,0.0,0.0
DTXSID5020152,2062,0.0,0.0
DTXSID5020154,2062,0.0002850842702588375,0.0
DTXSID5020156,2062,0.0,0.0
DTXSID5020231,2062,0.0,0.0
DTXSID5020233,2062,0.0,0.0
DTXSID5020235,2062,0.0,0.0
DTXSID5020239,2062,0.9993320924834569,1.0
DTXSID5020281,2062,0.0,0.0
DTXSID5020283,2062,0.0,0.0
DTXSID5020287,2062,0.0,0.0
DTXSID5020310,2062,1.6036248808720375e-15,0.0
DTXSID5020312,2062,0.0,0.0
DTXSID5020314,2062,0.0,0.0
DTXSID5020360,2062,0.0,0.0
DTXSID5020366,2062,0.0,0.0
DTXSID5020368,2062,0.0,0.0
DTXSID5020441,2062,0.0,0.0
DTXSID5020443,2062,0.0,0.0
DTXSID5020445,2062,0.0,0.0
DTXSID5020447,2062,1.9298922611633287e-13,0.0
DTXSID5020449,2062,0.0,0.0
DTXSID5020491,2062,0.00035498131045195633,0.0
DTXSID5020493,2062,0.0,0.0
DTXSID5020497,2062,0.0,0.0
DTXSID5020499,2062,6.148106307412827e-17,0.0
DTXSID5020520,2062,0.0,0.0
DTXSID5020528,2062,0.0,0.0
DTXSID5020570,2062,0.0,0.0
DTXSID5020576,2062,0.0,0.0
DTXSID5020601,2062,0.0,0.0
DTXSID5020603,2062,0.0,0.0
DTXSID5020605,2062,0.0,0.0
DTXSID5020607,2062,0.0,0.0
DTXSID5020653,2062,0.9999999999999961,1.0
DTXSID5020730,2062,0.0,0.0
DTXSID5020732,2062,0.0,0.0
DTXSID5020738,2062,7.621272333585801e-18,0.0
DTXSID5020782,2062,0.0,0.0
DTXSID5020784,2062,0.0,0.0
DTXSID5020811,2062,0.9999991369783003,1.0
DTXSID5020813,2062,0.9728668699100531,1.0
DTXSID5020815,2062,0.0,0.0
DTXSID5020819,2062,0.0,0.0
DTXSID5020861,2062,0.0,0.0
DTXSID5020863,2062,0.0,0.0
DTXSID5020865,2062,0.0,0.0
DTXSID5020867,2062,0.0,0.0
DTXSID5020869,2062,1.7273015678145767e-12,0.0
DTXSID5020944,2062,9.998378832809719e-17,0.0
DTXSID5020946,2062,0.9999923710758469,1.0
DTXSID5020948,2062,0.0,0.0
DTXSID5021093,2062,0.0,0.0
DTXSID5021097,2062,0.0,0.0
DTXSID5021120,2062,,
DTXSID5021122,2062,0.0,0.0
DTXSID5021124,2062,0.0,0.0
DTXSID5021126,2062,0.0,0.0
DTXSID5021128,2062,0.0,0.0
DTXSID5021170,2062,0.0,0.0
DTXSID5021174,2062,4.5993578142337424e-14,0.0
DTXSID5021201,2062,0.0,0.0
DTXSID5021209,2062,0.0,0.0
DTXSID5021251,2062,0.0,0.0
DTXSID5021253,2062,0.0,0.0
DTXSID5021255,2062,0.0,0.0
DTXSID5021330,2062,0.0,0.0
DTXSID5021332,2062,0.0,0.0
DTXSID5021334,2062,0.0,0.0
DTXSID5021336,2062,0.0,0.0
DTXSID5021338,2062,0.0,0.0
DTXSID5021380,2062,0.0,0.0
DTXSID5021384,2062,0.0,0.0
DTXSID5021386,2062,0.0,0.0
DTXSID5021388,2062,0.0,0.0
DTXSID5021411,2062,0.0,0.0
DTXSID5021413,2062,0.0,0.0
DTXSID5021415,2062,0.0,0.0
DTXSID5021419,2062,0.0,0.0
DTXSID5021461,2062,0.0,0.0
DTXSID5021463,2062,1.873188355722954e-15,0.0
DTXSID5021544,2062,0.0,0.0
DTXSID5021546,2062,0.0,0.0
DTXSID5021590,2062,0.0,0.0
DTXSID5021598,2062,0.0,0.0
DTXSID5021621,2062,1.4358255566361814e-19,0.0
DTXSID5021627,2062,0.0,0.0
DTXSID5021629,2062,0.0,0.0
DTXSID5021671,2062,0.0,0.0
DTXSID5021679,2062,7.477311046910558e-17,0.0
DTXSID5021708,2062,0.0,0.0
DTXSID5021752,2062,0.0,0.0
DTXSID5021754,2062,0.0,0.0
DTXSID5021758,2062,2.4525087674402872e-08,0.0
DTXSID5021831,2062,0.0,0.0
DTXSID5021835,2062,0.0,0.0
DTXSID5021837,2062,0.0,0.0
DTXSID5021839,2062,0.0,0.0
DTXSID5021881,2062,0.0,0.0
DTXSID5021883,2062,0.0,0.0
DTXSID5021885,2062,0.0,0.0
DTXSID5021889,2062,0.0,0.0
DTXSID5021910,2062,0.0,0.0
DTXSID5021914,2062,0.0,0.0
DTXSID5021916,2062,0.0,0.0
DTXSID5021962,2062,0.0,0.0
DTXSID5021968,2062,0.0,0.0
DTXSID5022061,2062,0.0,0.0
DTXSID5022194,2062,0.0,0.0
DTXSID5022198,2062,0.0,0.0
DTXSID5022227,2062,0.0,0.0
DTXSID5022271,2062,0.0,0.0
DTXSID5022279,2062,0.0,0.0
DTXSID5022306,2062,0.0,0.0
DTXSID5022308,2062,0.0,0.0
DTXSID5022437,2062,0.0,0.0
DTXSID5022439,2062,0.0,0.0
DTXSID5022485,2062,0.0,0.0
DTXSID5022489,2062,0.0,0.0
DTXSID5022510,2062,0.0,0.0
DTXSID5022560,2062,,
DTXSID5022641,2062,0.0,0.0
DTXSID5022643,2062,0.0,0.0
DTXSID5022647,2062,0.0,0.0
DTXSID5022649,2062,0.0,0.0
DTXSID5022699,2062,0.0,0.0
DTXSID5022724,2062,1.4314032864889015e-19,0.0
DTXSID5022774,2062,0.0,0.0
DTXSID5022801,2062,6.444370356147377e-15,0.0
DTXSID5022851,2062,1.5584739141504245e-13,0.0
DTXSID5022855,2062,0.0,0.0
DTXSID5022857,2062,0.0,0.0
DTXSID5022932,2062,0.0,0.0
DTXSID5022934,2062,7.382423324694496e-12,0.0
DTXSID5022980,2062,,
DTXSID5022982,2062,0.0,0.0
DTXSID5022984,2062,0.0,0.0
DTXSID5022986,2062,0.0,0.0
DTXSID5023031,2062,0.0,0.0
DTXSID5023033,2062,0.0,0.0
DTXSID5023035,2062,0.0,0.0
DTXSID5023037,2062,0.0,0.0
DTXSID5023039,2062,0.0,0.0
DTXSID5023081,2062,0.0,0.0
DTXSID5023089,2062,0.0,0.0
DTXSID5023110,2062,0.0,0.0
DTXSID5023114,2062,0.0,0.0
DTXSID5023243,2062,0.0,0.0
DTXSID5023247,2062,0.9999970590133298,1.0
DTXSID5023293,2062,0.0,0.0
DTXSID5023295,2062,0.0,0.0
DTXSID5023322,2062,0.0,0.0
DTXSID5023324,2062,0.0,0.0
DTXSID5023370,2062,0.0,0.0
DTXSID5023372,2062,4.582469643000452e-16,0.0
DTXSID5023376,2062,1.9800265862341736e-19,0.0
DTXSID5023378,2062,0.0,0.0
DTXSID5023453,2062,0.0,0.0
DTXSID5023532,2062,0.0,0.0
DTXSID5023536,2062,0.0,0.0
DTXSID5023586,2062,0.0,0.0
DTXSID5023588,2062,0.0,0.0
DTXSID5023611,2062,0.0,0.0
DTXSID5023613,2062,0.0,0.0
DTXSID5023615,2062,0.0,0.0
DTXSID5023665,2062,0.0,0.0
DTXSID5023667,2062,0.0,0.0
DTXSID5023669,2062,3.495596895723778e-08,0.0
DTXSID5023740,2062,0.0,0.0
DTXSID5023742,2062,0.0,0.0
DTXSID5023744,2062,0.0,0.0
DTXSID5023746,2062,0.0,0.0
DTXSID5023748,2062,0.0,0.0
DTXSID5023792,2062,0.0,0.0
DTXSID5023794,2062,,
DTXSID5023796,2062,0.0,0.0
DTXSID5023825,2062,0.0,0.0
DTXSID5023871,2062,0.0,0.0
DTXSID5023875,2062,1.761045935468863e-18,0.0
DTXSID5023877,2062,0.0,0.0
DTXSID5023900,2062,0.0,0.0
DTXSID5023902,2062,9.845196686581691e-10,0.0
DTXSID5023908,2062,0.0,0.0
DTXSID5023950,2062,2.280889798750602e-15,0.0
DTXSID5023954,2062,0.0,0.0
DTXSID5024001,2062,0.0,0.0
DTXSID5024051,2062,0.0,0.0
DTXSID5024055,2062,0.0,0.0
DTXSID5024057,2062,0.0,0.0
DTXSID5024059,2062,0.0,0.0
DTXSID5024134,2062,0.0,0.0
DTXSID5024182,2062,0.0,0.0
DTXSID5024211,2062,0.0,0.0
DTXSID5024261,2062,9.35680904587587e-19,0.0
DTXSID5024263,2062,0.0,0.0
DTXSID5024269,2062,0.9999714394764765,1.0
DTXSID5024344,2062,1.5513119044438195e-07,0.0
DTXSID5024346,2062,0.0,0.0
DTXSID5024392,2062,0.0,0.0
DTXSID5024394,2062,0.0,0.0
DTXSID5024471,2062,0.0,0.0
DTXSID5024473,2062,0.0,0.0
DTXSID5024479,2062,0.00045958255483356624,0.0
DTXSID5024500,2062,0.0,0.0
DTXSID5024504,2062,0.0,0.0
DTXSID5024506,2062,3.188321392693149e-06,0.0
DTXSID5024508,2062,0.0,0.0
DTXSID5024554,2062,5.0208892854565616e-18,0.0
DTXSID5024637,2062,0.0,0.0
DTXSID5024639,2062,0.0,0.0
DTXSID5024681,2062,0.0,0.0
DTXSID5024683,2062,0.0,0.0
DTXSID5024687,2062,0.0,0.0
DTXSID5024710,2062,0.0,0.0
DTXSID5024764,2062,0.0,0.0
DTXSID5024845,2062,0.0,0.0
DTXSID5024891,2062,0.0,0.0
DTXSID5024922,2062,0.0,0.0
DTXSID5024926,2062,0.0,0.0
DTXSID5024970,2062,0.0,0.0
DTXSID5024976,2062,0.0,0.0
DTXSID5024978,2062,0.0,0.0
DTXSID5025021,2062,0.0,0.0
DTXSID5025023,2062,0.0,0.0
DTXSID5025071,2062,0.0,0.0
DTXSID5025079,2062,0.0,0.0
DTXSID5025100,2062,0.0,0.0
DTXSID5025102,2062,0.0,0.0
DTXSID5025150,2062,0.0,0.0
DTXSID5025152,2062,0.0,0.0
DTXSID5025156,2062,0.0,0.0
DTXSID5025231,2062,2.0206564602266982e-09,0.0
DTXSID5025237,2062,0.0,0.0
DTXSID5025285,2062,0.0,0.0
DTXSID5025310,2062,0.0,0.0
DTXSID5025312,2062,0.0,0.0
DTXSID5025318,2062,0.0,0.0
DTXSID5025364,2062,0.0,0.0
DTXSID5025447,2062,1.8668255652864455e-16,0.0
DTXSID5025449,2062,0.0,0.0
DTXSID5025570,2062,0.0,0.0
DTXSID5025572,2062,0.0,0.0
DTXSID5025574,2062,0.0,0.0
DTXSID5025578,2062,0.0,0.0
DTXSID5025603,2062,0.0,0.0
DTXSID5025607,2062,0.0,0.0
DTXSID5025609,2062,0.0,0.0
DTXSID5025653,2062,0.0,0.0
DTXSID5025657,2062,0.0,0.0
DTXSID5025659,2062,0.0,0.0
DTXSID5025730,2062,0.0,0.0
DTXSID5025732,2062,0.0,0.0
DTXSID5025738,2062,0.0,0.0
DTXSID5025811,2062,0.0,0.0
DTXSID5025815,2062,5.2668995225696786e-14,0.0
DTXSID5025819,2062,0.0,0.0
DTXSID5025861,2062,8.125959116323014e-13,0.0
DTXSID5025863,2062,0.0,0.0
DTXSID5025948,2062,0.7704323119440198,0.0
DTXSID5025998,2062,0.37773171414532075,0.0
DTXSID5026049,2062,0.0,0.0
DTXSID5026091,2062,0.0,0.0
DTXSID5026097,2062,0.0,0.0
DTXSID5026120,2062,0.0,0.0
DTXSID5026122,2062,0.0,0.0
DTXSID5026124,2062,0.0,0.0
DTXSID5026174,2062,0.0,0.0
DTXSID5026178,2062,0.0,0.0
DTXSID5026203,2062,0.0,0.0
DTXSID5026205,2062,0.0,0.0
DTXSID5026207,2062,0.0,0.0
DTXSID5026209,2062,0.0,0.0
DTXSID5026251,2062,0.0,0.0
DTXSID5026259,2062,0.0,0.0
DTXSID5026461,2062,0.0,0.0
DTXSID5026544,2062,0.0,0.0
DTXSID5026548,2062,0.0,0.0
DTXSID5026623,2062,0.0,0.0
DTXSID5026625,2062,0.0,0.0
DTXSID5026702,2062,0.0,0.0
DTXSID5026706,2062,0.0,0.0
DTXSID5026837,2062,0.0,0.0
DTXSID5026889,2062,2.2847207988390678e-17,0.0
DTXSID5026912,2062,0.0,0.0
DTXSID5026914,2062,0.0,0.0
DTXSID5026918,2062,8.08746605206041e-19,0.0
DTXSID5027019,2062,0.0,0.0
DTXSID5027061,2062,0.0,0.0
DTXSID5027063,2062,0.0,0.0
DTXSID5027069,2062,0.0,0.0
DTXSID5027142,2062,0.0,0.0
DTXSID5027146,2062,0.0,0.0
DTXSID5027148,2062,0.0,0.0
DTXSID5027198,2062,0.0,0.0
DTXSID5027223,2062,0.0,0.0
DTXSID5027227,2062,0.0,0.0
DTXSID5027229,2062,0.0,0.0
DTXSID5027279,2062,0.0,0.0
DTXSID5027300,2062,0.0,0.0
DTXSID5027302,2062,0.0,0.0
DTXSID5027304,2062,0.0,0.0
DTXSID5027308,2062,0.0,0.0
DTXSID5027352,2062,0.0,0.0
DTXSID5027356,2062,0.0,0.0
DTXSID5027358,2062,0.0,0.0
DTXSID5027433,2062,4.707122281277277e-10,0.0
DTXSID5027487,2062,0.0,0.0
DTXSID5027489,2062,0.0,0.0
DTXSID5027512,2062,0.0,0.0
DTXSID5027518,2062,0.0,0.0
DTXSID5027641,2062,0.0,0.0
DTXSID5027647,2062,0.0,0.0
DTXSID5027728,2062,0.0,0.0
DTXSID5027770,2062,0.0,0.0
DTXSID5027772,2062,0.0,0.0
DTXSID5027774,2062,0.0,0.0
DTXSID5027803,2062,7.547609942067909e-14,0.0
DTXSID5027805,2062,0.0,0.0
DTXSID5027851,2062,0.0,0.0
DTXSID5027857,2062,0.0,0.0
DTXSID5027932,2062,0.0,0.0
DTXSID5027936,2062,0.0,0.0
DTXSID5027982,2062,0.0,0.0
DTXSID5028033,2062,0.0,0.0
DTXSID5028114,2062,0.0,0.0
DTXSID5028665,2062,0.0,0.0
DTXSID5029055,2062,0.9475674700460606,1.0
DTXSID5029059,2062,0.0,0.0
DTXSID5029136,2062,0.0,0.0
DTXSID5029182,2062,2.1216494734155348e-19,0.0
DTXSID5029184,2062,0.0,0.0
DTXSID5029186,2062,0.0,0.0
DTXSID5029211,2062,0.0,0.0
DTXSID5029217,2062,0.0,0.0
DTXSID5029263,2062,0.0,0.0
DTXSID5029265,2062,0.0,0.0
DTXSID5029267,2062,0.0,0.0
DTXSID5029683,2062,0.0,0.0
DTXSID5029710,2062,0.0,0.0
DTXSID5029762,2062,0.9999077033897645,1.0
DTXSID5030955,2062,0.0,0.0
DTXSID5031131,2062,3.991635534203617e-11,0.0
DTXSID5031133,2062,1.1893711053377784e-14,0.0
DTXSID5032315,2062,0.0,0.0
DTXSID5032361,2062,0.0,0.0
DTXSID5032365,2062,0.0,0.0
DTXSID5032442,2062,0.0,0.0
DTXSID5032498,2062,0.13218619293101655,0.0
DTXSID5032523,2062,0.0,0.0
DTXSID5032525,2062,0.0,0.0
DTXSID5032573,2062,0.0,0.0
DTXSID5032577,2062,1.458594042831622e-14,0.0
DTXSID5032579,2062,0.0,0.0
DTXSID5032600,2062,0.0,0.0
DTXSID5032654,2062,0.0,0.0
DTXSID5033096,2062,0.0,0.0
DTXSID5033098,2062,0.0,0.0
DTXSID5033179,2062,0.0,0.0
DTXSID5033389,2062,1.6772120159186583e-10,0.0
DTXSID5033468,2062,0.9995907119041967,1.0
DTXSID5033595,2062,0.0,0.0
DTXSID5033674,2062,0.0,0.0
DTXSID5033701,2062,0.0,0.0
DTXSID5033757,2062,0.9997836779437324,1.0
DTXSID5033836,2062,2.110360880381713e-12,0.0
DTXSID5034270,2062,0.0,0.0
DTXSID5034303,2062,0.004768372203720239,0.0
DTXSID5034355,2062,0.0,0.0
DTXSID5034357,2062,0.0,0.0
DTXSID5034698,2062,0.0,0.0
DTXSID5034723,2062,0.0,0.0
DTXSID5034729,2062,0.0,0.0
DTXSID5034773,2062,0.0,0.0
DTXSID5034981,2062,0.9999999999999977,1.0
DTXSID5035163,2062,0.0,0.0
DTXSID5035589,2062,0.989200462100506,1.0
DTXSID5035616,2062,0.0,0.0
DTXSID5035957,2062,2.2618849101988773e-12,0.0
DTXSID5036684,2062,0.0,0.0
DTXSID5037028,2062,0.11791835700967404,0.0
DTXSID5037072,2062,0.0,0.0
DTXSID5037236,2062,0.0,0.0
DTXSID5037494,2062,0.0,0.0
DTXSID5037498,2062,0.0,0.0
DTXSID5037523,2062,0.0,0.0
DTXSID5037527,2062,0.0,0.0
DTXSID5037571,2062,0.0,0.0
DTXSID5037579,2062,0.011737678861969691,0.0
DTXSID5037731,2062,0.03813726045957274,0.0
DTXSID5037739,2062,0.0,0.0
DTXSID5038830,2062,0.0,0.0
DTXSID5038888,2062,0.9999999999999983,1.0
DTXSID5038919,2062,0.0,0.0
DTXSID5039224,2062,0.0,0.0
DTXSID5039721,2062,0.0,0.0
DTXSID5040540,2062,0.0,0.0
DTXSID5040675,2062,0.0,0.0
DTXSID5040679,2062,0.0,0.0
DTXSID5040700,2062,0.0,0.0
DTXSID5040702,2062,0.0,0.0
DTXSID5040704,2062,0.9999999999858692,1.0
DTXSID5040706,2062,2.296927242609013e-06,0.0
DTXSID5040708,2062,2.386831221332006e-14,0.0
DTXSID5040750,2062,0.0,0.0
DTXSID5040758,2062,0.9995198971783148,1.0
DTXSID5041148,2062,0.0,0.0
DTXSID5041190,2062,0.0,0.0
DTXSID5041273,2062,0.0,0.0
DTXSID5041275,2062,6.409078399044615e-17,0.0
DTXSID5041302,2062,0.0,0.0
DTXSID5041306,2062,,
DTXSID5041308,2062,4.346869403572867e-12,0.0
DTXSID5041356,2062,0.0,0.0
DTXSID5041431,2062,0.0,0.0
DTXSID5041437,2062,0.0,0.0
DTXSID5041439,2062,2.905809257458178e-17,0.0
DTXSID5041487,2062,0.0,0.0
DTXSID5041512,2062,0.0,0.0
DTXSID5041514,2062,0.0,0.0
DTXSID5041516,2062,0.0,0.0
DTXSID5041518,2062,3.277644712282395e-18,0.0
DTXSID5041560,2062,0.0,0.0
DTXSID5041641,2062,0.0,0.0
DTXSID5041643,2062,0.0,0.0
DTXSID5041691,2062,2.3575007365534084e-13,0.0
DTXSID5041699,2062,0.0,0.0
DTXSID5041726,2062,0.9999999945589203,1.0
DTXSID5041728,2062,0.0,0.0
DTXSID5041772,2062,0.0,0.0
DTXSID5041778,2062,0.0,0.0
DTXSID5041803,2062,0.0,0.0
DTXSID5041809,2062,0.0,0.0
DTXSID5041851,2062,0.03062586466081907,0.0
DTXSID5042083,2062,8.659637234108397e-11,0.0
DTXSID5042089,2062,0.0,0.0
DTXSID5042243,2062,0.0,0.0
DTXSID5042247,2062,0.0,0.0
DTXSID5042249,2062,0.99999999999731,1.0
DTXSID5042297,2062,3.9909101876836e-14,0.0
DTXSID5042299,2062,0.0,0.0
DTXSID5042320,2062,0.0,0.0
DTXSID5042324,2062,0.0,0.0
DTXSID5042378,2062,0.0,0.0
DTXSID5042451,2062,0.0,0.0
DTXSID5042459,2062,2.5473812317391818e-08,0.0
DTXSID5042584,2062,0.0,0.0
DTXSID5042613,2062,0.0,0.0
DTXSID5043714,2062,2.186227164395845e-18,0.0
DTXSID5043895,2062,1.7073268400687631e-10,0.0
DTXSID5044029,2062,1.3297639659543206e-13,0.0
DTXSID5044154,2062,0.0,0.0
DTXSID5044233,2062,0.0,0.0
DTXSID5044289,2062,0.0,0.0
DTXSID5044314,2062,0.0,0.0
DTXSID5044316,2062,0.0,0.0
DTXSID5044318,2062,0.0,0.0
DTXSID5044360,2062,0.0,0.0
DTXSID5044362,2062,0.0,0.0
DTXSID5044364,2062,0.0,0.0
DTXSID5044366,2062,0.0,0.0
DTXSID5044368,2062,0.0,0.0
DTXSID5044441,2062,0.0,0.0
DTXSID5044443,2062,0.0,0.0
DTXSID5044445,2062,0.0,0.0
DTXSID5044447,2062,0.0,0.0
DTXSID5044491,2062,0.0,0.0
DTXSID5044493,2062,0.0,0.0
DTXSID5044495,2062,0.0,0.0
DTXSID5044520,2062,0.0,0.0
DTXSID5044522,2062,0.0,0.0
DTXSID5044526,2062,0.0,0.0
DTXSID5044528,2062,4.1136965369072113e-16,0.0
DTXSID5044570,2062,1.3322158187632765e-18,0.0
DTXSID5044572,2062,0.0,0.0
DTXSID5044574,2062,0.0,0.0
DTXSID5044576,2062,0.0,0.0
DTXSID5044578,2062,0.0,0.0
DTXSID5044603,2062,0.0,0.0
DTXSID5044605,2062,0.0,0.0
DTXSID5044607,2062,0.0,0.0
DTXSID5044609,2062,0.0,0.0
DTXSID5044655,2062,0.0,0.0
DTXSID5044732,2062,4.3754118865024795e-18,0.0
DTXSID5044734,2062,0.0,0.0
DTXSID5044738,2062,0.0,0.0
DTXSID5044780,2062,0.0,0.0
DTXSID5044782,2062,1.2531233318175635e-07,0.0
DTXSID5044784,2062,0.0,0.0
DTXSID5044786,2062,5.682726880784905e-18,0.0
DTXSID5044788,2062,0.0,0.0
DTXSID5044811,2062,0.0,0.0
DTXSID5044815,2062,0.0,0.0
DTXSID5044817,2062,0.8671526273232042,0.0
DTXSID5044819,2062,0.0,0.0
DTXSID5044863,2062,0.0,0.0
DTXSID5044865,2062,1.2614163693686007e-07,0.0
DTXSID5044867,2062,0.0,0.0
DTXSID5044869,2062,0.0,0.0
DTXSID5044940,2062,0.0,0.0
DTXSID5044948,2062,0.0,0.0
DTXSID5044990,2062,0.0,0.0
DTXSID5044992,2062,0.0,0.0
DTXSID5044994,2062,0.0007000508647790934,0.0
DTXSID5044996,2062,0.0,0.0
DTXSID5044998,2062,2.928441318656719e-13,0.0
DTXSID5045093,2062,0.0,0.0
DTXSID5045099,2062,0.0,0.0
DTXSID5045122,2062,6.25963545405131e-15,0.0
DTXSID5045124,2062,1.8641987131858828e-14,0.0
DTXSID5045128,2062,0.0,0.0
DTXSID5045170,2062,0.0,0.0
DTXSID5045174,2062,0.0,0.0
DTXSID5045176,2062,0.0,0.0
DTXSID5045201,2062,0.0,0.0
DTXSID5045205,2062,,
DTXSID5045209,2062,0.0,0.0
DTXSID5045380,2062,1.13688552884434e-15,0.0
DTXSID5045382,2062,0.0,0.0
DTXSID5045386,2062,0.0,0.0
DTXSID5045388,2062,0.0,0.0
DTXSID5045413,2062,4.4194649970629865e-10,0.0
DTXSID5045417,2062,0.0,0.0
DTXSID5045419,2062,0.0,0.0
DTXSID5045461,2062,0.0,0.0
DTXSID5045469,2062,3.9235067249009945e-18,0.0
DTXSID5045540,2062,0.0,0.0
DTXSID5045590,2062,0.0,0.0
DTXSID5045594,2062,0.0,0.0
DTXSID5045598,2062,0.0,0.0
DTXSID5045623,2062,0.0,0.0
DTXSID5045625,2062,0.0,0.0
DTXSID5045673,2062,0.0,0.0
DTXSID5045677,2062,0.0,0.0
DTXSID5045700,2062,0.0,0.0
DTXSID5045702,2062,0.0,0.0
DTXSID5045704,2062,0.0,0.0
DTXSID5045750,2062,0.0,0.0
DTXSID5045752,2062,0.0,0.0
DTXSID5045756,2062,0.0,0.0
DTXSID5045833,2062,0.0,0.0
DTXSID5045835,2062,0.0,0.0
DTXSID5045881,2062,0.9999814035986244,1.0
DTXSID5045883,2062,0.0,0.0
DTXSID5045887,2062,0.0,0.0
DTXSID5045889,2062,0.9999986848328482,1.0
DTXSID5045914,2062,6.581475185493849e-17,0.0
DTXSID5045916,2062,9.303403953625322e-15,0.0
DTXSID5045960,2062,1.050634009244819e-11,0.0
DTXSID5045964,2062,0.0,0.0
DTXSID5046015,2062,0.0,0.0
DTXSID5046017,2062,4.958322484927156e-12,0.0
DTXSID5046019,2062,0.004492621748364949,0.0
DTXSID5046067,2062,0.0,0.0
DTXSID5046069,2062,,
DTXSID5046140,2062,1.8598032159128164e-15,0.0
DTXSID5046142,2062,0.0,0.0
DTXSID5046148,2062,0.0,0.0
DTXSID5046190,2062,0.0,0.0
DTXSID5046196,2062,0.0,0.0
DTXSID5046221,2062,0.0,0.0
DTXSID5046225,2062,0.0,0.0
DTXSID5046227,2062,3.6217280159588865e-16,0.0
DTXSID5046229,2062,0.0,0.0
DTXSID5046271,2062,0.0,0.0
DTXSID5046273,2062,0.0,0.0
DTXSID5046275,2062,0.0,0.0
DTXSID5046277,2062,0.9999992504827089,1.0
DTXSID5046279,2062,2.084501778915992e-12,0.0
DTXSID5046300,2062,0.0,0.0
DTXSID5046433,2062,0.0,0.0
DTXSID5046437,2062,1.0618779568240948e-12,0.0
DTXSID5046439,2062,0.0,0.0
DTXSID5046481,2062,,
DTXSID5046483,2062,0.0,0.0
DTXSID5046485,2062,0.0,0.0
DTXSID5046487,2062,0.0,0.0
DTXSID5046510,2062,0.0,0.0
DTXSID5046512,2062,0.0,0.0
DTXSID5046560,2062,0.0,0.0
DTXSID5046641,2062,0.0,0.0
DTXSID5046691,2062,1.0703881192980135e-18,0.0
DTXSID5046693,2062,0.0,0.0
DTXSID5046695,2062,0.0,0.0
DTXSID5046697,2062,0.0,0.0
DTXSID5046699,2062,0.0,0.0
DTXSID5046724,2062,2.0768240104604688e-13,0.0
DTXSID5046726,2062,1.1983195382854123e-14,0.0
DTXSID5046770,2062,1.1903872519373094e-15,0.0
DTXSID5046772,2062,4.838958927509359e-17,0.0
DTXSID5046776,2062,0.9955880748877479,1.0
DTXSID5046801,2062,0.0,0.0
DTXSID5046803,2062,0.0,0.0
DTXSID5046851,2062,0.0,0.0
DTXSID5046853,2062,0.0,0.0
DTXSID5046938,2062,6.52470300514531e-20,0.0
DTXSID5046980,2062,3.159017173405899e-18,0.0
DTXSID5046986,2062,0.0,0.0
DTXSID5046988,2062,0.0,0.0
DTXSID5047031,2062,0.0,0.0
DTXSID5047033,2062,0.0,0.0
DTXSID5047035,2062,0.0,0.0
DTXSID5047037,2062,0.0,0.0
DTXSID5047039,2062,0.0,0.0
DTXSID5047081,2062,0.0,0.0
DTXSID5047083,2062,1.4933192285191175e-19,0.0
DTXSID5047085,2062,0.0,0.0
DTXSID5047087,2062,0.0,0.0
DTXSID5047089,2062,0.0,0.0
DTXSID5047110,2062,0.0,0.0
DTXSID5047112,2062,0.997499904680053,1.0
DTXSID5047116,2062,0.0,0.0
DTXSID5047118,2062,0.0,0.0
DTXSID5047160,2062,0.0,0.0
DTXSID5047162,2062,0.0,0.0
DTXSID5047164,2062,0.0,0.0
DTXSID5047166,2062,0.0,0.0
DTXSID5047168,2062,0.0,0.0
DTXSID5047241,2062,0.0,0.0
DTXSID5047243,2062,0.0,0.0
DTXSID5047249,2062,0.0,0.0
DTXSID5047291,2062,0.0,0.0
DTXSID5047295,2062,1.151267998330628e-16,0.0
DTXSID5047297,2062,0.0,0.0
DTXSID5047299,2062,0.0,0.0
DTXSID5047320,2062,8.45829529722098e-12,0.0
DTXSID5047322,2062,0.0,0.0
DTXSID5047324,2062,0.0,0.0
DTXSID5047328,2062,3.979417383089519e-11,0.0
DTXSID5047372,2062,7.628549687489751e-20,0.0
DTXSID5047374,2062,0.0,0.0
DTXSID5047376,2062,7.727140153229903e-20,0.0
DTXSID5047405,2062,0.0,0.0
DTXSID5047451,2062,0.0,0.0
DTXSID5047453,2062,0.0,0.0
DTXSID5047459,2062,1.0474836127020178e-17,0.0
DTXSID5047530,2062,0.0,0.0
DTXSID5047538,2062,2.1139605747082594e-09,0.0
DTXSID5047582,2062,0.0,0.0
DTXSID5047584,2062,0.0,0.0
DTXSID5047611,2062,0.0,0.0
DTXSID5047617,2062,0.0,0.0
DTXSID5047661,2062,0.0,0.0
DTXSID5047663,2062,0.0,0.0
DTXSID5047665,2062,0.0,0.0
DTXSID5047667,2062,0.0,0.0
DTXSID5047744,2062,0.0,0.0
DTXSID5047790,2062,0.0,0.0
DTXSID5047796,2062,0.0,0.0
DTXSID5047825,2062,0.0,0.0
DTXSID5047871,2062,0.0,0.0
DTXSID5047873,2062,1.0780396218319344e-17,0.0
DTXSID5047875,2062,0.0,0.0
DTXSID5047877,2062,0.0,0.0
DTXSID5047879,2062,3.8199241637276537e-10,0.0
DTXSID5047900,2062,0.9999999586985626,1.0
DTXSID5047902,2062,0.0,0.0
DTXSID5047904,2062,0.9999952148787998,1.0
DTXSID5047906,2062,0.0,0.0
DTXSID5047908,2062,0.0,0.0
DTXSID5047950,2062,0.0019725621699920783,0.0
DTXSID5047952,2062,0.0,0.0
DTXSID5047954,2062,0.0,0.0
DTXSID5047956,2062,0.0,0.0
DTXSID5048180,2062,0.0,0.0
DTXSID5048182,2062,0.0,0.0
DTXSID5048184,2062,0.0,0.0
DTXSID5048186,2062,0.0,0.0
DTXSID5048188,2062,0.0,0.0
DTXSID5048211,2062,0.0,0.0
DTXSID5048421,2062,2.6270446560307135e-14,0.0
DTXSID5048506,2062,0.0,0.0
DTXSID5048635,2062,0.0,0.0
DTXSID5048637,2062,1.2163957800785502e-13,0.0
DTXSID5048685,2062,0.0,0.0
DTXSID5048710,2062,0.0,0.0
DTXSID5048716,2062,0.0,0.0
DTXSID5048841,2062,0.0,0.0
DTXSID5048843,2062,0.0,0.0
DTXSID5048845,2062,0.0,0.0
DTXSID5048847,2062,0.0,0.0
DTXSID5048849,2062,0.0,0.0
DTXSID5048891,2062,0.0,0.0
DTXSID5048893,2062,0.0,0.0
DTXSID5048895,2062,0.0,0.0
DTXSID5048897,2062,1.0353025319613676e-10,0.0
DTXSID5048899,2062,2.0624595273303142e-12,0.0
DTXSID5048920,2062,1.779129410020069e-15,0.0
DTXSID5048922,2062,0.004199655185353715,0.0
DTXSID5048924,2062,3.812743200267409e-12,0.0
DTXSID5048928,2062,1.8472841227501316e-10,0.0
DTXSID5048974,2062,0.0,0.0
DTXSID5048978,2062,0.0,0.0
DTXSID5049021,2062,0.999942050502625,1.0
DTXSID5049231,2062,0.0,0.0
DTXSID5049233,2062,0.0,0.0
DTXSID5049235,2062,0.0,0.0
DTXSID5049237,2062,0.0,0.0
DTXSID5049239,2062,0.0,0.0
DTXSID5049281,2062,0.0,0.0
DTXSID5049283,2062,,
DTXSID5049285,2062,0.0,0.0
DTXSID5049287,2062,0.0,0.0
DTXSID5049289,2062,0.0,0.0
DTXSID5049310,2062,0.0,0.0
DTXSID5049312,2062,0.0,0.0
DTXSID5049314,2062,0.0,0.0
DTXSID5049316,2062,0.0,0.0
DTXSID5049318,2062,0.0,0.0
DTXSID5049360,2062,0.0,0.0
DTXSID5049362,2062,0.0,0.0
DTXSID5049364,2062,0.0,0.0
DTXSID5049366,2062,0.0,0.0
DTXSID5049368,2062,0.0,0.0
DTXSID5049445,2062,0.0,0.0
DTXSID5049447,2062,0.0,0.0
DTXSID5049449,2062,0.0,0.0
DTXSID5049491,2062,0.0,0.0
DTXSID5049493,2062,0.0,0.0
DTXSID5049495,2062,0.0,0.0
DTXSID5049497,2062,0.0,0.0
DTXSID5049499,2062,0.0,0.0
DTXSID5049520,2062,0.0,0.0
DTXSID5049522,2062,0.0,0.0
DTXSID5049524,2062,0.0,0.0
DTXSID5049526,2062,0.0,0.0
DTXSID5049528,2062,0.0,0.0
DTXSID5050426,2062,0.0,0.0
DTXSID5051440,2062,2.994444887195522e-17,0.0
DTXSID5051444,2062,4.911909709716669e-16,0.0
DTXSID5051446,2062,0.0,0.0
DTXSID5051525,2062,0.0,0.0
DTXSID5051529,2062,0.0,0.0
DTXSID5051575,2062,0.0,0.0
DTXSID5051650,2062,0.0,0.0
DTXSID5051999,2062,0.07735607648665419,0.0
DTXSID5052042,2062,0.0,0.0
DTXSID5052125,2062,0.0,0.0
DTXSID5052250,2062,0.0,0.0
DTXSID5052254,2062,0.0,0.0
DTXSID5052460,2062,0.0,0.0
DTXSID5052591,2062,0.0,0.0
DTXSID5052593,2062,0.0,0.0
DTXSID5052595,2062,0.0,0.0
DTXSID5052597,2062,0.0,0.0
DTXSID5052620,2062,0.0,0.0
DTXSID5052672,2062,0.0,0.0
DTXSID5052832,2062,0.0,0.0
DTXSID5052838,2062,0.0,0.0
DTXSID5052884,2062,0.0,0.0
DTXSID5057620,2062,0.0,0.0
DTXSID5057622,2062,5.872177341483814e-13,0.0
DTXSID5057624,2062,0.0,0.0
DTXSID5057626,2062,0.0,0.0
DTXSID5057628,2062,0.0,0.0
DTXSID5057670,2062,0.0,0.0
DTXSID5057672,2062,0.0,0.0
DTXSID5057674,2062,0.0,0.0
DTXSID5057676,2062,0.0,0.0
DTXSID5057678,2062,0.0,0.0
DTXSID5057701,2062,0.0,0.0
DTXSID5057703,2062,1.8867152439459663e-15,0.0
DTXSID5057705,2062,0.0,0.0
DTXSID5057707,2062,0.0,0.0
DTXSID5057709,2062,0.0,0.0
DTXSID5057751,2062,0.0,0.0
DTXSID5057753,2062,0.0,0.0
DTXSID5057755,2062,0.0,0.0
DTXSID5057757,2062,0.0,0.0
DTXSID5057759,2062,3.1011757833536465e-18,0.0
DTXSID5057830,2062,0.0,0.0
DTXSID5057832,2062,0.0,0.0
DTXSID5057834,2062,0.0,0.0
DTXSID5057836,2062,0.0,0.0
DTXSID5057838,2062,0.0,0.0
DTXSID6020014,2062,0.0,0.0
DTXSID6020062,2062,0.0,0.0
DTXSID6020064,2062,0.0,0.0
DTXSID6020066,2062,0.0,0.0
DTXSID6020068,2062,7.017918739101092e-07,0.0
DTXSID6020141,2062,0.0,0.0
DTXSID6020143,2062,0.0,0.0
DTXSID6020145,2062,0.0,0.0
DTXSID6020147,2062,0.0,0.0
DTXSID6020149,2062,0.0,0.0
DTXSID6020193,2062,0.999983614292064,1.0
DTXSID6020197,2062,0.0,0.0
DTXSID6020199,2062,0.0,0.0
DTXSID6020220,2062,0.0,0.0
DTXSID6020222,2062,6.46127827162449e-17,0.0
DTXSID6020224,2062,0.0,0.0
DTXSID6020226,2062,0.0,0.0
DTXSID6020274,2062,0.0,0.0
DTXSID6020276,2062,0.0,0.0
DTXSID6020278,2062,0.9999937438994397,1.0
DTXSID6020303,2062,0.0,0.0
DTXSID6020307,2062,0.0,0.0
DTXSID6020309,2062,0.0,0.0
DTXSID6020355,2062,0.0,0.0
DTXSID6020357,2062,0.0,0.0
DTXSID6020359,2062,0.0,0.0
DTXSID6020430,2062,7.310576569218857e-13,0.0
DTXSID6020432,2062,0.0,0.0
DTXSID6020434,2062,0.0,0.0
DTXSID6020438,2062,0.0,0.0
DTXSID6020480,2062,0.0,0.0
DTXSID6020484,2062,0.0,0.0
DTXSID6020511,2062,0.0,0.0
DTXSID6020513,2062,0.0,0.0
DTXSID6020515,2062,0.0,0.0
DTXSID6020517,2062,0.0,0.0
DTXSID6020561,2062,0.0,0.0
DTXSID6020569,2062,0.0,0.0
DTXSID6020646,2062,0.0,0.0
DTXSID6020648,2062,0.0,0.0
DTXSID6020690,2062,1.0089506312874708e-17,0.0
DTXSID6020692,2062,0.0,0.0
DTXSID6020694,2062,0.0,0.0
DTXSID6020696,2062,0.0,0.0
DTXSID6020721,2062,0.0,0.0
DTXSID6020771,2062,0.0,0.0
DTXSID6020777,2062,0.0,0.0
DTXSID6020779,2062,3.8096798834771227e-19,0.0
DTXSID6020802,2062,0.0,0.0
DTXSID6020804,2062,0.0,0.0
DTXSID6020856,2062,0.0,0.0
DTXSID6020933,2062,0.0,0.0
DTXSID6020937,2062,0.0,0.0
DTXSID6020939,2062,0.0,0.0
DTXSID6020981,2062,0.0,0.0
DTXSID6020983,2062,0.0,0.0
DTXSID6020985,2062,0.0,0.0
DTXSID6021030,2062,0.0,0.0
DTXSID6021032,2062,4.840886254552618e-17,0.0
DTXSID6021036,2062,0.0,0.0
DTXSID6021080,2062,0.0,0.0
DTXSID6021082,2062,0.0,0.0
DTXSID6021084,2062,0.0,0.0
DTXSID6021086,2062,0.0,0.0
DTXSID6021113,2062,0.0,0.0
DTXSID6021117,2062,0.0,0.0
DTXSID6021165,2062,0.0,0.0
DTXSID6021240,2062,0.0,0.0
DTXSID6021244,2062,0.004762180844817047,0.0
DTXSID6021246,2062,1.874743986802164e-05,0.0
DTXSID6021248,2062,0.0,0.0
DTXSID6021290,2062,0.0,0.0
DTXSID6021292,2062,2.080465436501403e-16,0.0
DTXSID6021294,2062,0.0,0.0
DTXSID6021296,2062,0.0,0.0
DTXSID6021321,2062,0.0,0.0
DTXSID6021371,2062,0.0,0.0
DTXSID6021373,2062,2.1063177261018525e-08,0.0
DTXSID6021375,2062,0.0,0.0
DTXSID6021377,2062,0.0,0.0
DTXSID6021379,2062,0.0,0.0
DTXSID6021402,2062,0.0,0.0
DTXSID6021404,2062,0.0,0.0
DTXSID6021408,2062,0.999858909266159,1.0
DTXSID6021450,2062,0.0,0.0
DTXSID6021456,2062,1.3904865014219285e-11,0.0
DTXSID6021458,2062,0.0,0.0
DTXSID6021581,2062,0.0,0.0
DTXSID6021583,2062,0.0,0.0
DTXSID6021585,2062,0.0,0.0
DTXSID6021610,2062,0.0,0.0
DTXSID6021618,2062,0.0,0.0
DTXSID6021660,2062,0.0,0.0
DTXSID6021666,2062,0.0,0.0
DTXSID6021668,2062,0.0,0.0
DTXSID6021741,2062,0.0,0.0
DTXSID6021749,2062,0.0,0.0
DTXSID6021793,2062,0.0,0.0
DTXSID6021795,2062,0.0,0.0
DTXSID6021799,2062,0.0,0.0
DTXSID6021820,2062,0.0,0.0
DTXSID6021822,2062,0.0,0.0
DTXSID6021824,2062,0.0,0.0
DTXSID6021828,2062,0.0,0.0
DTXSID6021872,2062,1.2690443860286481e-19,0.0
DTXSID6021874,2062,0.0,0.0
DTXSID6021901,2062,0.0,0.0
DTXSID6021907,2062,0.0,0.0
DTXSID6021909,2062,0.0,0.0
DTXSID6021953,2062,0.0,0.0
DTXSID6021957,2062,4.79167054523108e-12,0.0
DTXSID6021959,2062,0.0,0.0
DTXSID6022000,2062,0.0,0.0
DTXSID6022002,2062,0.0,0.0
DTXSID6022004,2062,0.0,0.0
DTXSID6022006,2062,0.0,0.0
DTXSID6022008,2062,0.0,0.0
DTXSID6022050,2062,0.0,0.0
DTXSID6022056,2062,0.0,0.0
DTXSID6022058,2062,0.0,0.0
DTXSID6022131,2062,0.0,0.0
DTXSID6022133,2062,0.0,0.0
DTXSID6022137,2062,0.0,0.0
DTXSID6022187,2062,0.0,0.0
DTXSID6022218,2062,0.0,0.0
DTXSID6022341,2062,1.2541363565883463e-16,0.0
DTXSID6022345,2062,9.632815532597387e-12,0.0
DTXSID6022391,2062,0.0,0.0
DTXSID6022393,2062,,
DTXSID6022399,2062,,
DTXSID6022420,2062,0.0,0.0
DTXSID6022422,2062,0.0,0.0
DTXSID6022472,2062,0.0,0.0
DTXSID6022474,2062,0.0,0.0
DTXSID6022557,2062,,
DTXSID6022636,2062,0.0,0.0
DTXSID6022684,2062,0.0,0.0
DTXSID6022688,2062,0.0,0.0
DTXSID6022715,2062,6.450669065253917e-19,0.0
DTXSID6022719,2062,0.0,0.0
DTXSID6022842,2062,0.0,0.0
DTXSID6022844,2062,6.760904105663993e-16,0.0
DTXSID6022846,2062,0.0,0.0
DTXSID6022892,2062,0.0,0.0
DTXSID6022894,2062,6.962789418786396e-19,0.0
DTXSID6022927,2062,0.0,0.0
DTXSID6022973,2062,0.0,0.0
DTXSID6022975,2062,0.0,0.0
DTXSID6022977,2062,0.0,0.0
DTXSID6023024,2062,0.0,0.0
DTXSID6023028,2062,0.0,0.0
DTXSID6023078,2062,0.0,0.0
DTXSID6023101,2062,0.0,0.0
DTXSID6023103,2062,0.0,0.0
DTXSID6023109,2062,0.0,0.0
DTXSID6023153,2062,0.0,0.0
DTXSID6023155,2062,0.0,0.0
DTXSID6023157,2062,0.0,0.0
DTXSID6023159,2062,0.0,0.0
DTXSID6023286,2062,0.0,0.0
DTXSID6023313,2062,0.0,0.0
DTXSID6023315,2062,0.0,0.0
DTXSID6023317,2062,7.506552474283453e-16,0.0
DTXSID6023363,2062,4.713415334789664e-12,0.0
DTXSID6023367,2062,0.0,0.0
DTXSID6023369,2062,0.0,0.0
DTXSID6023440,2062,0.0,0.0
DTXSID6023442,2062,0.0,0.0
DTXSID6023490,2062,0.0,0.0
DTXSID6023496,2062,0.0,0.0
DTXSID6023523,2062,2.733770373777795e-12,0.0
DTXSID6023529,2062,0.0,0.0
DTXSID6023602,2062,0.0,0.0
DTXSID6023606,2062,0.0,0.0
DTXSID6023608,2062,0.0,0.0
DTXSID6023652,2062,0.8125401835520679,0.0
DTXSID6023656,2062,0.0,0.0
DTXSID6023733,2062,0.0,0.0
DTXSID6023737,2062,0.0,0.0
DTXSID6023810,2062,0.999912990948299,1.0
DTXSID6023862,2062,0.0,0.0
DTXSID6023864,2062,6.489040469200158e-13,0.0
DTXSID6023868,2062,0.35434887073311966,0.0
DTXSID6023947,2062,0.0,0.0
DTXSID6023997,2062,0.0,0.0
DTXSID6023999,2062,0.0,0.0
DTXSID6024046,2062,0.0,0.0
DTXSID6024048,2062,0.0,0.0
DTXSID6024123,2062,1.536579597457414e-17,0.0
DTXSID6024127,2062,0.0,0.0
DTXSID6024175,2062,0.0,0.0
DTXSID6024177,2062,0.0,0.0
DTXSID6024200,2062,0.0,0.0
DTXSID6024204,2062,0.0,0.0
DTXSID6024206,2062,0.0,0.0
DTXSID6024254,2062,0.0,0.0
DTXSID6024331,2062,1.9381249963977542e-17,0.0
DTXSID6024337,2062,1.8223814794156972e-17,0.0
DTXSID6024412,2062,0.0,0.0
DTXSID6024414,2062,0.0,0.0
DTXSID6024460,2062,0.0,0.0
DTXSID6024462,2062,0.0,0.0
DTXSID6024466,2062,0.0,0.0
DTXSID6024591,2062,0.0,0.0
DTXSID6024597,2062,0.0,0.0
DTXSID6024599,2062,8.884154840185235e-19,0.0
DTXSID6024624,2062,0.0,0.0
DTXSID6024628,2062,0.0,0.0
DTXSID6024670,2062,0.0,0.0
DTXSID6024674,2062,0.0,0.0
DTXSID6024676,2062,0.0,0.0
DTXSID6024701,2062,4.5209360405289523e-10,0.0
DTXSID6024832,2062,,
DTXSID6024834,2062,0.0,0.0
DTXSID6024836,2062,0.0,0.0
DTXSID6024838,2062,0.9999999955826413,1.0
DTXSID6024880,2062,0.0,0.0
DTXSID6024882,2062,0.0,0.0
DTXSID6024886,2062,0.0,0.0
DTXSID6024888,2062,0.0,0.0
DTXSID6024911,2062,0.0,0.0
DTXSID6024913,2062,0.0,0.0
DTXSID6024915,2062,0.0,0.0
DTXSID6024917,2062,0.0,0.0
DTXSID6024961,2062,0.0,0.0
DTXSID6024965,2062,0.0,0.0
DTXSID6024967,2062,0.0,0.0
DTXSID6025010,2062,0.0,0.0
DTXSID6025012,2062,0.0,0.0
DTXSID6025014,2062,0.0,0.0
DTXSID6025018,2062,2.9639280829100425e-18,0.0
DTXSID6025064,2062,0.0,0.0
DTXSID6025068,2062,2.427788929576943e-13,0.0
DTXSID6025141,2062,0.0,0.0
DTXSID6025143,2062,3.4329070110451773e-14,0.0
DTXSID6025145,2062,0.0,0.0
DTXSID6025149,2062,0.9989116804424452,1.0
DTXSID6025220,2062,0.0,0.0
DTXSID6025226,2062,0.9448229487757615,1.0
DTXSID6025272,2062,0.0,0.0
DTXSID6025276,2062,0.0,0.0
DTXSID6025278,2062,0.0,0.0
DTXSID6025301,2062,0.0,0.0
DTXSID6025303,2062,0.0,0.0
DTXSID6025305,2062,0.0,0.0
DTXSID6025307,2062,0.0,0.0
DTXSID6025309,2062,0.0,0.0
DTXSID6025355,2062,0.0,0.0
DTXSID6025432,2062,0.0,0.0
DTXSID6025436,2062,0.0,0.0
DTXSID6025438,2062,0.0,0.0
DTXSID6025480,2062,0.0,0.0
DTXSID6025486,2062,0.0,0.0
DTXSID6025513,2062,0.9999859307463388,1.0
DTXSID6025565,2062,0.9998367461830636,1.0
DTXSID6025567,2062,0.0,0.0
DTXSID6025569,2062,0.0,0.0
DTXSID6025640,2062,0.0,0.0
DTXSID6025642,2062,0.0,0.0
DTXSID6025648,2062,0.0,0.0
DTXSID6025690,2062,0.0,0.0
DTXSID6025692,2062,0.0,0.0
DTXSID6025696,2062,0.9999998207121379,1.0
DTXSID6025723,2062,0.0,0.0
DTXSID6025725,2062,0.0,0.0
DTXSID6025775,2062,0.0,0.0
DTXSID6025804,2062,0.0,0.0
DTXSID6025850,2062,0.0,0.0
DTXSID6025854,2062,0.0,0.0
DTXSID6025939,2062,0.0,0.0
DTXSID6025983,2062,0.0,0.0
DTXSID6026080,2062,0.0,0.0
DTXSID6026082,2062,0.0,0.0
DTXSID6026084,2062,0.0,0.0
DTXSID6026088,2062,0.0,0.0
DTXSID6026115,2062,0.0,0.0
DTXSID6026119,2062,0.0,0.0
DTXSID6026161,2062,0.0,0.0
DTXSID6026167,2062,0.0,0.0
DTXSID6026169,2062,0.0,0.0
DTXSID6026240,2062,0.0,0.0
DTXSID6026292,2062,0.0,0.0
DTXSID6026294,2062,0.0,0.0
DTXSID6026298,2062,4.810955337339101e-14,0.0
DTXSID6026325,2062,0.0,0.0
DTXSID6026373,2062,0.0,0.0
DTXSID6026450,2062,0.0,0.0
DTXSID6026535,2062,0.0,0.0
DTXSID6026537,2062,0.0,0.0
DTXSID6026612,2062,0.0,0.0
DTXSID6026664,2062,9.590999778424301e-18,0.0
DTXSID6026797,2062,1.0400361770755836e-14,0.0
DTXSID6026799,2062,0.0,0.0
DTXSID6026824,2062,0.0,0.0
DTXSID6026872,2062,0.0,0.0
DTXSID6026878,2062,0.0,0.0
DTXSID6026901,2062,1.3820791043368977e-07,0.0
DTXSID6026905,2062,0.0,0.0
DTXSID6026955,2062,0.0,0.0
DTXSID6027050,2062,0.0,0.0
DTXSID6027052,2062,1.2671541652100063e-13,0.0
DTXSID6027131,2062,0.0,0.0
DTXSID6027133,2062,0.0,0.0
DTXSID6027137,2062,8.925706423101671e-15,0.0
DTXSID6027181,2062,0.0,0.0
DTXSID6027185,2062,0.0,0.0
DTXSID6027214,2062,0.0,0.0
DTXSID6027218,2062,0.0,0.0
DTXSID6027262,2062,0.0,0.0
DTXSID6027266,2062,0.0,0.0
DTXSID6027268,2062,0.0,0.0
DTXSID6027341,2062,0.0,0.0
DTXSID6027343,2062,0.0,0.0
DTXSID6027345,2062,0.0,0.0
DTXSID6027397,2062,0.0,0.0
DTXSID6027503,2062,0.0,0.0
DTXSID6027507,2062,0.0,0.0
DTXSID6027509,2062,0.0,0.0
DTXSID6027551,2062,0.0,0.0
DTXSID6027634,2062,0.0,0.0
DTXSID6027636,2062,0.0,0.0
DTXSID6027713,2062,0.0,0.0
DTXSID6027844,2062,0.0,0.0
DTXSID6027921,2062,0.0,0.0
DTXSID6027923,2062,0.0,0.0
DTXSID6027925,2062,0.9999865892884715,1.0
DTXSID6027975,2062,0.0,0.0
DTXSID6028022,2062,0.0,0.0
DTXSID6028028,2062,0.0,0.0
DTXSID6028492,2062,0.0,0.0
DTXSID6029121,2062,0.0,0.0
DTXSID6029127,2062,0.0,0.0
DTXSID6029171,2062,0.0,0.0
DTXSID6029202,2062,0.0,0.0
DTXSID6029250,2062,0.0,0.0
DTXSID6029254,2062,0.0,0.0
DTXSID6029331,2062,0.0,0.0
DTXSID6029626,2062,0.0,0.0
DTXSID6029670,2062,0.0,0.0
DTXSID6029703,2062,0.0,0.0
DTXSID6029707,2062,0.0,0.0
DTXSID6029755,2062,0.0,0.0
DTXSID6030607,2062,0.0,0.0
DTXSID6031209,2062,0.0,0.0
DTXSID6031380,2062,0.0,0.0
DTXSID6031461,2062,3.9774309745782114e-17,0.0
DTXSID6032061,2062,0.9063235555464274,1.0
DTXSID6032192,2062,0.0,0.0
DTXSID6032352,2062,2.4512503842614397e-14,0.0
DTXSID6032354,2062,0.0,0.0
DTXSID6032356,2062,7.646686419141047e-12,0.0
DTXSID6032358,2062,0.0,0.0
DTXSID6032431,2062,3.428324682177995e-14,0.0
DTXSID6032437,2062,0.0,0.0
DTXSID6032514,2062,0.0,0.0
DTXSID6032516,2062,0.0,0.0
DTXSID6032518,2062,6.369560974826939e-13,0.0
DTXSID6032562,2062,0.0,0.0
DTXSID6032641,2062,0.0,0.0
DTXSID6032645,2062,0.0,0.0
DTXSID6032647,2062,,
DTXSID6032649,2062,0.0,0.0
DTXSID6032722,2062,0.0,0.0
DTXSID6033241,2062,0.0,0.0
DTXSID6033247,2062,,
DTXSID6033326,2062,0.0,0.0
DTXSID6033401,2062,0.0,0.0
DTXSID6033538,2062,0.0,0.0
DTXSID6033825,2062,0.0,0.0
DTXSID6034005,2062,0.0,0.0
DTXSID6034186,2062,0.0,0.0
DTXSID6034265,2062,0.0,0.0
DTXSID6034392,2062,0.0,0.0
DTXSID6034762,2062,0.0,0.0
DTXSID6034764,2062,0.0,0.0
DTXSID6034849,2062,0.0,0.0
DTXSID6034924,2062,0.0,0.0
DTXSID6034928,2062,0.0,0.0
DTXSID6034972,2062,0.0,0.0
DTXSID6035152,2062,0.0,0.0
DTXSID6035156,2062,0.0,0.0
DTXSID6035285,2062,0.0,0.0
DTXSID6035784,2062,0.0,0.0
DTXSID6036467,2062,0.0,0.0
DTXSID6037015,2062,0.0,0.0
DTXSID6037483,2062,0.0,0.0
DTXSID6037564,2062,0.0,0.0
DTXSID6037568,2062,0.0,0.0
DTXSID6037649,2062,0.0,0.0
DTXSID6037697,2062,0.0,0.0
DTXSID6037728,2062,0.0,0.0
DTXSID6038326,2062,0.0,0.0
DTXSID6038798,2062,0.0,0.0
DTXSID6038827,2062,0.0,0.0
DTXSID6038875,2062,0.0,0.0
DTXSID6038877,2062,0.0,0.0
DTXSID6040111,2062,0.0,0.0
DTXSID6040115,2062,0.0,0.0
DTXSID6040246,2062,0.0,0.0
DTXSID6040290,2062,0.0,0.0
DTXSID6040296,2062,1.1603994328243618e-17,0.0
DTXSID6040371,2062,0.0,0.0
DTXSID6040373,2062,0.0,0.0
DTXSID6040375,2062,0.0,0.0
DTXSID6040404,2062,0.0,0.0
DTXSID6040583,2062,2.876723513864947e-07,0.0
DTXSID6040614,2062,0.0,0.0
DTXSID6040662,2062,0.0,0.0
DTXSID6040664,2062,0.0,0.0
DTXSID6040668,2062,0.0,0.0
DTXSID6040743,2062,0.0,0.0
DTXSID6040745,2062,0.00040525228806404895,0.0
DTXSID6040747,2062,2.2881064532817464e-15,0.0
DTXSID6040795,2062,0.0,0.0
DTXSID6041056,2062,0.0,0.0
DTXSID6041133,2062,0.0,0.0
DTXSID6041137,2062,0.0,0.0
DTXSID6041185,2062,0.0,0.0
DTXSID6041210,2062,0.0,0.0
DTXSID6041268,2062,0.0,0.0
DTXSID6041347,2062,0.0,0.0
DTXSID6041349,2062,0.0,0.0
DTXSID6041397,2062,0.0,0.0
DTXSID6041420,2062,0.0,0.0
DTXSID6041422,2062,0.0,0.0
DTXSID6041424,2062,0.0,0.0
DTXSID6041426,2062,0.0,0.0
DTXSID6041472,2062,0.0,0.0
DTXSID6041503,2062,1.846128295861675e-06,0.0
DTXSID6041507,2062,0.0,0.0
DTXSID6041551,2062,1.2364652092510392e-06,0.0
DTXSID6041557,2062,0.0,0.0
DTXSID6041636,2062,0.0,0.0
DTXSID6041638,2062,0.0,0.0
DTXSID6041680,2062,1.1115304174557304e-10,0.0
DTXSID6041682,2062,0.9999740238221521,1.0
DTXSID6041684,2062,1.4025376104768672e-07,0.0
DTXSID6041688,2062,3.2761994522482516e-19,0.0
DTXSID6041715,2062,0.9999999998653839,1.0
DTXSID6041719,2062,0.0,0.0
DTXSID6041761,2062,0.9989793810926979,1.0
DTXSID6041844,2062,5.796602680749896e-17,0.0
DTXSID6041892,2062,0.0,0.0
DTXSID6041925,2062,0.0,0.0
DTXSID6041927,2062,0.0,0.0
DTXSID6041973,2062,0.0,0.0
DTXSID6041977,2062,0.0,0.0
DTXSID6042072,2062,0.0,0.0
DTXSID6042074,2062,0.0,0.0
DTXSID6042151,2062,0.0,0.0
DTXSID6042157,2062,0.0,0.0
DTXSID6042232,2062,0.0,0.0
DTXSID6042234,2062,0.0,0.0
DTXSID6042280,2062,6.852439125820828e-14,0.0
DTXSID6042282,2062,0.0,0.0
DTXSID6042315,2062,3.7255856528811813e-07,0.0
DTXSID6042365,2062,2.1062312964686847e-19,0.0
DTXSID6042369,2062,0.9999999999490833,1.0
DTXSID6042440,2062,0.0,0.0
DTXSID6042448,2062,0.0,0.0
DTXSID6042490,2062,0.0,0.0
DTXSID6042494,2062,0.0,0.0
DTXSID6042498,2062,0.0,0.0
DTXSID6042521,2062,0.0,0.0
DTXSID6042579,2062,,
DTXSID6042602,2062,0.0,0.0
DTXSID6043709,2062,0.0,0.0
DTXSID6043913,2062,0.0,0.0
DTXSID6043915,2062,0.0,0.0
DTXSID6043917,2062,0.0,0.0
DTXSID6043919,2062,0.0,0.0
DTXSID6044199,2062,0.0,0.0
DTXSID6044226,2062,0.0,0.0
DTXSID6044303,2062,0.0,0.0
DTXSID6044307,2062,0.0,0.0
DTXSID6044309,2062,0.0,0.0
DTXSID6044353,2062,0.0,0.0
DTXSID6044355,2062,0.0,0.0
DTXSID6044357,2062,0.0,0.0
DTXSID6044359,2062,0.0,0.0
DTXSID6044430,2062,0.0,0.0
DTXSID6044436,2062,0.0,0.0
DTXSID6044438,2062,0.0,0.0
DTXSID6044480,2062,0.0,0.0
DTXSID6044484,2062,0.0,0.0
DTXSID6044486,2062,0.0,0.0
DTXSID6044488,2062,0.0,0.0
DTXSID6044511,2062,0.0,0.0
DTXSID6044513,2062,2.5365228590968468e-14,0.0
DTXSID6044515,2062,1.932800679286666e-14,0.0
DTXSID6044517,2062,0.0,0.0
DTXSID6044519,2062,0.0,0.0
DTXSID6044561,2062,0.0,0.0
DTXSID6044563,2062,0.0,0.0
DTXSID6044565,2062,0.0,0.0
DTXSID6044642,2062,0.9999999959620747,1.0
DTXSID6044644,2062,0.0,0.0
DTXSID6044646,2062,0.0,0.0
DTXSID6044648,2062,0.0,0.0
DTXSID6044690,2062,6.233416134944705e-18,0.0
DTXSID6044692,2062,4.2071057144915025e-15,0.0
DTXSID6044696,2062,0.0,0.0
DTXSID6044698,2062,0.0,0.0
DTXSID6044721,2062,5.1647737747694866e-20,0.0
DTXSID6044723,2062,0.0,0.0
DTXSID6044725,2062,0.0,0.0
DTXSID6044727,2062,0.0,0.0
DTXSID6044771,2062,0.0,0.0
DTXSID6044773,2062,0.0,0.0
DTXSID6044777,2062,0.0,0.0
DTXSID6044779,2062,,
DTXSID6044800,2062,0.0,0.0
DTXSID6044802,2062,0.0,0.0
DTXSID6044804,2062,0.0,0.0
DTXSID6044808,2062,0.0,0.0
DTXSID6044852,2062,0.0,0.0
DTXSID6044854,2062,0.0,0.0
DTXSID6044856,2062,0.0,0.0
DTXSID6044858,2062,0.0,0.0
DTXSID6044931,2062,0.0,0.0
DTXSID6044933,2062,0.0,0.0
DTXSID6044935,2062,0.0,0.0
DTXSID6044939,2062,0.0,0.0
DTXSID6044981,2062,0.0,0.0
DTXSID6044983,2062,0.0,0.0
DTXSID6044985,2062,0.0,0.0
DTXSID6044989,2062,0.0,0.0
DTXSID6045084,2062,0.0,0.0
DTXSID6045088,2062,0.0,0.0
DTXSID6045111,2062,6.54198203535889e-11,0.0
DTXSID6045117,2062,1.2738871086755443e-12,0.0
DTXSID6045119,2062,0.0,0.0
DTXSID6045161,2062,,
DTXSID6045163,2062,0.0,0.0
DTXSID6045165,2062,9.077488519360098e-15,0.0
DTXSID6045167,2062,0.0,0.0
DTXSID6045169,2062,0.0,0.0
DTXSID6045248,2062,0.0,0.0
DTXSID6045292,2062,8.69583909854138e-13,0.0
DTXSID6045296,2062,0.0,0.0
DTXSID6045321,2062,0.0,0.0
DTXSID6045323,2062,0.0,0.0
DTXSID6045371,2062,0.0,0.0
DTXSID6045373,2062,0.0,0.0
DTXSID6045375,2062,0.0,0.0
DTXSID6045377,2062,0.0,0.0
DTXSID6045400,2062,0.0,0.0
DTXSID6045452,2062,0.0,0.0
DTXSID6045531,2062,0.0,0.0
DTXSID6045533,2062,0.0,0.0
DTXSID6045583,2062,0.0,0.0
DTXSID6045587,2062,0.0,0.0
DTXSID6045614,2062,0.0,0.0
DTXSID6045616,2062,7.539814982378189e-18,0.0
DTXSID6045618,2062,0.0,0.0
DTXSID6045660,2062,0.0,0.0
DTXSID6045662,2062,0.0,0.0
DTXSID6045666,2062,0.0,0.0
DTXSID6045668,2062,0.0,0.0
DTXSID6045741,2062,0.0,0.0
DTXSID6045743,2062,0.7970556482405846,0.0
DTXSID6045745,2062,0.0,0.0
DTXSID6045791,2062,4.552497840728998e-12,0.0
DTXSID6045820,2062,0.0,0.0
DTXSID6045828,2062,0.0,0.0
DTXSID6045870,2062,0.0,0.0
DTXSID6045874,2062,0.0,0.0
DTXSID6045878,2062,0.0,0.0
DTXSID6045901,2062,0.0,0.0
DTXSID6045907,2062,6.7965480669126716e-18,0.0
DTXSID6045909,2062,4.064511591123766e-15,0.0
DTXSID6045953,2062,0.0,0.0
DTXSID6045955,2062,0.9999953318273382,1.0
DTXSID6045957,2062,3.95569553536757e-16,0.0
DTXSID6046000,2062,0.0,0.0
DTXSID6046131,2062,0.0,0.0
DTXSID6046137,2062,0.0,0.0
DTXSID6046181,2062,0.0,0.0
DTXSID6046216,2062,0.0,0.0
DTXSID6046260,2062,0.0,0.0
DTXSID6046264,2062,0.0,0.0
DTXSID6046266,2062,0.0,0.0
DTXSID6046341,2062,0.0,0.0
DTXSID6046343,2062,0.0,0.0
DTXSID6046345,2062,0.0,0.0
DTXSID6046347,2062,0.0,0.0
DTXSID6046349,2062,0.0,0.0
DTXSID6046391,2062,0.0,0.0
DTXSID6046395,2062,0.0,0.0
DTXSID6046399,2062,0.0,0.0
DTXSID6046420,2062,0.0,0.0
DTXSID6046422,2062,3.3270076680887696e-16,0.0
DTXSID6046424,2062,0.0,0.0
DTXSID6046426,2062,0.0,0.0
DTXSID6046428,2062,0.0,0.0
DTXSID6046470,2062,1.5817327173467666e-11,0.0
DTXSID6046472,2062,0.0,0.0
DTXSID6046474,2062,0.0,0.0
DTXSID6046478,2062,0.0,0.0
DTXSID6046501,2062,0.0,0.0
DTXSID6046503,2062,0.0,0.0
DTXSID6046505,2062,8.096066847968699e-18,0.0
DTXSID6046507,2062,0.0,0.0
DTXSID6046553,2062,0.0,0.0
DTXSID6046555,2062,8.411202725788324e-14,0.0
DTXSID6046557,2062,0.0,0.0
DTXSID6046634,2062,0.0,0.0
DTXSID6046638,2062,0.0,0.0
DTXSID6046688,2062,0.0,0.0
DTXSID6046715,2062,0.0,0.0
DTXSID6046767,2062,0.0,0.0
DTXSID6046842,2062,0.0,0.0
DTXSID6046890,2062,0.0,0.0
DTXSID6046892,2062,0.0,0.0
DTXSID6046896,2062,0.0,0.0
DTXSID6046925,2062,4.431794648880055e-17,0.0
DTXSID6046977,2062,2.1522891991568096e-17,0.0
DTXSID6046979,2062,0.0,0.0
DTXSID6047028,2062,0.0,0.0
DTXSID6047070,2062,0.0,0.0
DTXSID6047072,2062,0.0,0.0
DTXSID6047074,2062,0.0,0.0
DTXSID6047078,2062,0.0,0.0
DTXSID6047101,2062,0.0,0.0
DTXSID6047103,2062,5.63507045113503e-18,0.0
DTXSID6047105,2062,0.0,0.0
DTXSID6047107,2062,1.7553961259401362e-18,0.0
DTXSID6047109,2062,0.0,0.0
DTXSID6047155,2062,0.0,0.0
DTXSID6047157,2062,0.0,0.0
DTXSID6047159,2062,0.0,0.0
DTXSID6047236,2062,0.0,0.0
DTXSID6047280,2062,0.0,0.0
DTXSID6047282,2062,0.0,0.0
DTXSID6047284,2062,0.0,0.0
DTXSID6047286,2062,0.0,0.0
DTXSID6047288,2062,0.9999999469312627,1.0
DTXSID6047311,2062,0.0,0.0
DTXSID6047313,2062,0.0,0.0
DTXSID6047315,2062,0.9999990267479362,1.0
DTXSID6047319,2062,0.0,0.0
DTXSID6047363,2062,0.0,0.0
DTXSID6047369,2062,0.9999999919089564,1.0
DTXSID6047440,2062,0.0,0.0
DTXSID6047444,2062,0.0,0.0
DTXSID6047446,2062,0.0,0.0
DTXSID6047448,2062,0.0,0.0
DTXSID6047490,2062,0.0,0.0
DTXSID6047498,2062,0.9999717754337494,1.0
DTXSID6047523,2062,6.278524073159572e-19,0.0
DTXSID6047525,2062,0.0,0.0
DTXSID6047527,2062,0.0,0.0
DTXSID6047529,2062,0.0,0.0
DTXSID6047579,2062,0.0,0.0
DTXSID6047602,2062,0.0,0.0
DTXSID6047604,2062,0.0,0.0
DTXSID6047606,2062,0.0,0.0
DTXSID6047608,2062,0.0,0.0
DTXSID6047654,2062,0.0,0.0
DTXSID6047656,2062,0.0,0.0
DTXSID6047781,2062,0.0,0.0
DTXSID6047783,2062,3.843767248257299e-18,0.0
DTXSID6047785,2062,7.955945051279208e-19,0.0
DTXSID6047787,2062,0.0,0.0
DTXSID6047789,2062,0.0,0.0
DTXSID6047818,2062,0.0,0.0
DTXSID6047941,2062,0.0,0.0
DTXSID6047943,2062,0.0,0.0
DTXSID6047945,2062,0.0,0.0
DTXSID6047947,2062,0.0,0.0
DTXSID6047949,2062,0.0,0.0
DTXSID6048171,2062,1.1348235763395522e-12,0.0
DTXSID6048175,2062,1.479720873751991e-19,0.0
DTXSID6048200,2062,0.0,0.0
DTXSID6048202,2062,0.0,0.0
DTXSID6048204,2062,0.0,0.0
DTXSID6048206,2062,0.0,0.0
DTXSID6048208,2062,0.0,0.0
DTXSID6048383,2062,0.0,0.0
DTXSID6048591,2062,0.0,0.0
DTXSID6048597,2062,0.0,0.0
DTXSID6048620,2062,5.1055958149081264e-20,0.0
DTXSID6048672,2062,0.0,0.0
DTXSID6048674,2062,0.0,0.0
DTXSID6048676,2062,0.0,0.0
DTXSID6048830,2062,0.0,0.0
DTXSID6048834,2062,0.0,0.0
DTXSID6048836,2062,0.0,0.0
DTXSID6048838,2062,0.0,0.0
DTXSID6048880,2062,0.0,0.0
DTXSID6048882,2062,0.0,0.0
DTXSID6048884,2062,0.0,0.0
DTXSID6048886,2062,0.0,0.0
DTXSID6048888,2062,0.0,0.0
DTXSID6048915,2062,0.0,0.0
DTXSID6048919,2062,0.0,0.0
DTXSID6048961,2062,0.0,0.0
DTXSID6048965,2062,0.0,0.0
DTXSID6048967,2062,4.960323091110269e-05,0.0
DTXSID6049018,2062,0.0,0.0
DTXSID6049060,2062,0.0,0.0
DTXSID6049064,2062,0.0,0.0
DTXSID6049066,2062,0.0,0.0
DTXSID6049068,2062,0.0,0.0
DTXSID6049220,2062,0.0,0.0
DTXSID6049222,2062,5.069484604341483e-20,0.0
DTXSID6049224,2062,0.0,0.0
DTXSID6049226,2062,0.0,0.0
DTXSID6049228,2062,0.0,0.0
DTXSID6049270,2062,0.0,0.0
DTXSID6049272,2062,0.0,0.0
DTXSID6049274,2062,0.0,0.0
DTXSID6049276,2062,0.0,0.0
DTXSID6049278,2062,0.0,0.0
DTXSID6049301,2062,0.0,0.0
DTXSID6049303,2062,0.0,0.0
DTXSID6049305,2062,0.0,0.0
DTXSID6049307,2062,1.3784675151537467e-18,0.0
DTXSID6049309,2062,0.0,0.0
DTXSID6049351,2062,0.012696645967288206,0.0
DTXSID6049353,2062,0.0,0.0
DTXSID6049355,2062,0.0,0.0
DTXSID6049357,2062,6.129375841014475e-17,0.0
DTXSID6049359,2062,0.0,0.0
DTXSID6049430,2062,0.0024944641395814103,0.0
DTXSID6049432,2062,0.0,0.0
DTXSID6049480,2062,0.0,0.0
DTXSID6049482,2062,0.0,0.0
DTXSID6049484,2062,0.0,0.0
DTXSID6049486,2062,0.0,0.0
DTXSID6049488,2062,0.0,0.0
DTXSID6049511,2062,0.0,0.0
DTXSID6049513,2062,0.0,0.0
DTXSID6049515,2062,1.1290618317708612e-14,0.0
DTXSID6049517,2062,0.0,0.0
DTXSID6049519,2062,0.0,0.0
DTXSID6049561,2062,0.0,0.0
DTXSID6050386,2062,0.0,0.0
DTXSID6051306,2062,0.0004947458930983006,0.0
DTXSID6051560,2062,0.0,0.0
DTXSID6051564,2062,0.0,0.0
DTXSID6051566,2062,0.0,0.0
DTXSID6051695,2062,3.984718520196797e-18,0.0
DTXSID6051724,2062,0.0,0.0
DTXSID6051778,2062,0.0,0.0
DTXSID6052112,2062,0.0,0.0
DTXSID6052291,2062,0.0,0.0
DTXSID6052295,2062,0.0,0.0
DTXSID6052299,2062,0.0,0.0
DTXSID6052328,2062,0.0,0.0
DTXSID6052536,2062,1.044777535934575e-18,0.0
DTXSID6052538,2062,0.0,0.0
DTXSID6052619,2062,1.3779942722595954e-17,0.0
DTXSID6052740,2062,1.035691671086846e-16,0.0
DTXSID6057611,2062,0.0,0.0
DTXSID6057613,2062,6.967222416557171e-11,0.0
DTXSID6057615,2062,0.0,0.0
DTXSID6057617,2062,0.0,0.0
DTXSID6057619,2062,0.0,0.0
DTXSID6057661,2062,0.0,0.0
DTXSID6057663,2062,0.0,0.0
DTXSID6057665,2062,0.0,0.0
DTXSID6057667,2062,0.0,0.0
DTXSID6057669,2062,0.0,0.0
DTXSID6057740,2062,0.0,0.0
DTXSID6057742,2062,0.0,0.0
DTXSID6057744,2062,0.0,0.0
DTXSID6057746,2062,0.0,0.0
DTXSID6057748,2062,1.0143451954908176e-14,0.0
DTXSID6057790,2062,0.0,0.0
DTXSID6057794,2062,0.0,0.0
DTXSID6057796,2062,6.36003339788658e-17,0.0
DTXSID6057798,2062,1.1421418741197703e-17,0.0
DTXSID6057821,2062,0.0,0.0
DTXSID6057823,2062,7.007036001759467e-11,0.0
DTXSID6057825,2062,0.0,0.0
DTXSID6057827,2062,0.0,0.0
DTXSID6057829,2062,0.0,0.0
DTXSID7020005,2062,0.0,0.0
DTXSID7020007,2062,0.0,0.0
DTXSID7020009,2062,0.0,0.0
DTXSID7020053,2062,0.0,0.0
DTXSID7020057,2062,1.1089750182118512e-07,0.0
DTXSID7020138,2062,0.0,0.0
DTXSID7020182,2062,0.0,0.0
DTXSID7020184,2062,0.9999999999999977,1.0
DTXSID7020211,2062,5.552993273743721e-19,0.0
DTXSID7020213,2062,0.0,0.0
DTXSID7020215,2062,0.0,0.0
DTXSID7020261,2062,0.0,0.0
DTXSID7020263,2062,0.0,0.0
DTXSID7020265,2062,0.0,0.0
DTXSID7020267,2062,0.0,0.0
DTXSID7020340,2062,0.0,0.0
DTXSID7020344,2062,0.0,0.0
DTXSID7020348,2062,0.0,0.0
DTXSID7020390,2062,0.0,0.0
DTXSID7020392,2062,0.0,0.0
DTXSID7020398,2062,0.9999999999938824,1.0
DTXSID7020421,2062,1.8114134194737153e-16,0.0
DTXSID7020423,2062,,
DTXSID7020425,2062,0.9999949409982054,1.0
DTXSID7020427,2062,0.0,0.0
DTXSID7020479,2062,0.0,0.0
DTXSID7020504,2062,0.0,0.0
DTXSID7020508,2062,0.0,0.0
DTXSID7020550,2062,0.0,0.0
DTXSID7020552,2062,0.0,0.0
DTXSID7020558,2062,0.0,0.0
DTXSID7020631,2062,0.0,0.0
DTXSID7020635,2062,0.0,0.0
DTXSID7020681,2062,0.0,0.0
DTXSID7020683,2062,0.0,0.0
DTXSID7020685,2062,0.0,0.0
DTXSID7020687,2062,2.2559801637957013e-05,0.0
DTXSID7020689,2062,0.0,0.0
DTXSID7020710,2062,2.3103484709872e-09,0.0
DTXSID7020714,2062,0.0,0.0
DTXSID7020716,2062,0.0,0.0
DTXSID7020760,2062,0.0,0.0
DTXSID7020762,2062,0.0,0.0
DTXSID7020764,2062,4.1889480387789434e-14,0.0
DTXSID7020766,2062,0.0,0.0
DTXSID7020768,2062,,
DTXSID7020841,2062,0.0,0.0
DTXSID7020843,2062,0.0,0.0
DTXSID7020845,2062,0.0,0.0
DTXSID7020847,2062,0.0,0.0
DTXSID7020893,2062,0.0,0.0
DTXSID7020895,2062,0.0,0.0
DTXSID7020899,2062,0.0,0.0
DTXSID7020920,2062,0.0,0.0
DTXSID7020922,2062,0.0,0.0
DTXSID7020928,2062,0.0,0.0
DTXSID7020970,2062,1.3383148389382905e-13,0.0
DTXSID7020972,2062,0.0,0.0
DTXSID7020976,2062,0.0,0.0
DTXSID7020978,2062,0.0,0.0
DTXSID7021027,2062,0.0,0.0
DTXSID7021029,2062,0.0,0.0
DTXSID7021100,2062,0.0,0.0
DTXSID7021102,2062,0.0,0.0
DTXSID7021104,2062,0.0,0.0
DTXSID7021106,2062,2.1961663735248173e-12,0.0
DTXSID7021150,2062,1.0,1.0
DTXSID7021152,2062,0.0,0.0
DTXSID7021156,2062,0.0,0.0
DTXSID7021158,2062,0.0,0.0
DTXSID7021231,2062,0.0,0.0
DTXSID7021233,2062,0.999999982248306,1.0
DTXSID7021235,2062,0.9999999999999993,1.0
DTXSID7021237,2062,6.937662082703752e-19,0.0
DTXSID7021239,2062,0.0,0.0
DTXSID7021283,2062,0.0,0.0
DTXSID7021287,2062,0.0,0.0
DTXSID7021289,2062,7.470146510328421e-12,0.0
DTXSID7021312,2062,4.408319210971297e-05,0.0
DTXSID7021314,2062,2.0029847932898516e-09,0.0
DTXSID7021316,2062,2.3695602559848056e-12,0.0
DTXSID7021318,2062,0.0,0.0
DTXSID7021360,2062,1.21486120573134e-18,0.0
DTXSID7021362,2062,0.0,0.0
DTXSID7021364,2062,0.0,0.0
DTXSID7021366,2062,0.0,0.0
DTXSID7021368,2062,0.0,0.0
DTXSID7021491,2062,0.0,0.0
DTXSID7021493,2062,0.0,0.0
DTXSID7021495,2062,0.0,0.0
DTXSID7021499,2062,0.0,0.0
DTXSID7021520,2062,0.0,0.0
DTXSID7021524,2062,0.0,0.0
DTXSID7021526,2062,0.0,0.0
DTXSID7021576,2062,0.0,0.0
DTXSID7021601,2062,0.0,0.0
DTXSID7021603,2062,0.0,0.0
DTXSID7021605,2062,8.099578257282041e-14,0.0
DTXSID7021607,2062,0.0,0.0
DTXSID7021653,2062,0.0,0.0
DTXSID7021655,2062,0.0,0.0
DTXSID7021657,2062,0.0,0.0
DTXSID7021659,2062,0.0,0.0
DTXSID7021780,2062,0.0,0.0
DTXSID7021782,2062,0.0,0.0
DTXSID7021784,2062,5.124345634540087e-08,0.0
DTXSID7021788,2062,0.8292314243316516,0.0
DTXSID7021815,2062,0.0,0.0
DTXSID7021817,2062,0.0,0.0
DTXSID7021861,2062,0.0,0.0
DTXSID7021863,2062,0.0,0.0
DTXSID7021867,2062,0.0,0.0
DTXSID7021869,2062,0.0,0.0
DTXSID7021940,2062,0.0,0.0
DTXSID7021946,2062,0.0,0.0
DTXSID7021948,2062,6.631294695177614e-15,0.0
DTXSID7021992,2062,0.0,0.0
DTXSID7021994,2062,0.0,0.0
DTXSID7021996,2062,0.0,0.0
DTXSID7021998,2062,0.0,0.0
DTXSID7022043,2062,0.0,0.0
DTXSID7022049,2062,0.0,0.0
DTXSID7022093,2062,0.0,0.0
DTXSID7022120,2062,0.0,0.0
DTXSID7022124,2062,0.0,0.0
DTXSID7022128,2062,2.666398503417456e-14,0.0
DTXSID7022170,2062,0.0,0.0
DTXSID7022172,2062,0.0,0.0
DTXSID7022174,2062,0.0,0.0
DTXSID7022253,2062,0.0,0.0
DTXSID7022332,2062,0.0,0.0
DTXSID7022382,2062,0.0,0.0
DTXSID7022384,2062,0.9998728354015166,1.0
DTXSID7022411,2062,0.0,0.0
DTXSID7022413,2062,0.0,0.0
DTXSID7022415,2062,0.0,0.0
DTXSID7022417,2062,0.0,0.0
DTXSID7022540,2062,0.0,0.0
DTXSID7022544,2062,2.4072790366069855e-15,0.0
DTXSID7022546,2062,0.0,0.0
DTXSID7022590,2062,0.0,0.0
DTXSID7022592,2062,1.7089626115243773e-15,0.0
DTXSID7022598,2062,0.0,0.0
DTXSID7022629,2062,0.0,0.0
DTXSID7022673,2062,0.0,0.0
DTXSID7022679,2062,0.0,0.0
DTXSID7022704,2062,0.0,0.0
DTXSID7022833,2062,0.0,0.0
DTXSID7022835,2062,0.0,0.0
DTXSID7022837,2062,6.351781242441093e-19,0.0
DTXSID7022883,2062,0.0,0.0
DTXSID7022910,2062,0.0,0.0
DTXSID7022912,2062,0.0,0.0
DTXSID7022914,2062,0.0,0.0
DTXSID7022918,2062,0.0,0.0
DTXSID7022968,2062,3.958008277986902e-15,0.0
DTXSID7023011,2062,0.0,0.0
DTXSID7023019,2062,0.0,0.0
DTXSID7023061,2062,0.0,0.0
DTXSID7023063,2062,0.0,0.0
DTXSID7023067,2062,0.0,0.0
DTXSID7023140,2062,0.0,0.0
DTXSID7023146,2062,0.0,0.0
DTXSID7023148,2062,0.0,0.0
DTXSID7023190,2062,0.0,0.0
DTXSID7023192,2062,0.0,0.0
DTXSID7023194,2062,0.0,0.0
DTXSID7023221,2062,0.0,0.0
DTXSID7023227,2062,6.8754705657110964e-18,0.0
DTXSID7023271,2062,0.0,0.0
DTXSID7023277,2062,0.0,0.0
DTXSID7023300,2062,0.0,0.0
DTXSID7023350,2062,0.0,0.0
DTXSID7023352,2062,0.0,0.0
DTXSID7023356,2062,0.0,0.0
DTXSID7023437,2062,0.0,0.0
DTXSID7023481,2062,0.0,0.0
DTXSID7023485,2062,0.0,0.0
DTXSID7023487,2062,0.0,0.0
DTXSID7023510,2062,0.0,0.0
DTXSID7023512,2062,0.0,0.0
DTXSID7023516,2062,0.0,0.0
DTXSID7023518,2062,0.0,0.0
DTXSID7023568,2062,0.0,0.0
DTXSID7023645,2062,3.4124880191227806e-16,0.0
DTXSID7023691,2062,0.0,0.0
DTXSID7023697,2062,0.0,0.0
DTXSID7023699,2062,0.0,0.0
DTXSID7023722,2062,0.0,0.0
DTXSID7023724,2062,0.0,0.0
DTXSID7023853,2062,0.0,0.0
DTXSID7023930,2062,0.0,0.0
DTXSID7023932,2062,2.8047294888947304e-10,0.0
DTXSID7023936,2062,2.7117637015167845e-18,0.0
DTXSID7023938,2062,0.0,0.0
DTXSID7023980,2062,0.0,0.0
DTXSID7023986,2062,0.0,0.0
DTXSID7024031,2062,0.0,0.0
DTXSID7024035,2062,0.0,0.0
DTXSID7024081,2062,0.0,0.0
DTXSID7024085,2062,0.0,0.0
DTXSID7024087,2062,0.0,0.0
DTXSID7024110,2062,0.0,0.0
DTXSID7024112,2062,0.0,0.0
DTXSID7024160,2062,0.0,0.0
DTXSID7024164,2062,0.0,0.0
DTXSID7024166,2062,0.0,0.0
DTXSID7024241,2062,6.633567644731872e-10,0.0
DTXSID7024245,2062,2.0481322689328164e-08,0.0
DTXSID7024247,2062,0.0,0.0
DTXSID7024291,2062,9.625431409231193e-15,0.0
DTXSID7024299,2062,0.0,0.0
DTXSID7024320,2062,0.0,0.0
DTXSID7024328,2062,0.0,0.0
DTXSID7024370,2062,0.0,0.0
DTXSID7024376,2062,0.0,0.0
DTXSID7024409,2062,0.0,0.0
DTXSID7024455,2062,0.0,0.0
DTXSID7024457,2062,0.0,0.0
DTXSID7024532,2062,0.0,0.0
DTXSID7024534,2062,0.0,0.0
DTXSID7024538,2062,6.629864363656079e-13,0.0
DTXSID7024580,2062,0.0,0.0
DTXSID7024586,2062,0.0,0.0
DTXSID7024615,2062,0.0,0.0
DTXSID7024661,2062,0.0,0.0
DTXSID7024667,2062,0.0,0.0
DTXSID7024740,2062,0.0,0.0
DTXSID7024742,2062,0.0,0.0
DTXSID7024798,2062,0.0,0.0
DTXSID7024821,2062,0.0,0.0
DTXSID7024827,2062,0.0,0.0
DTXSID7024873,2062,0.0,0.0
DTXSID7024875,2062,0.0,0.0
DTXSID7024902,2062,0.0,0.0
DTXSID7024904,2062,0.0,0.0
DTXSID7024906,2062,0.0,0.0
DTXSID7024950,2062,0.0,0.0
DTXSID7024952,2062,0.0,0.0
DTXSID7024956,2062,0.999999991260037,1.0
DTXSID7025001,2062,0.0,0.0
DTXSID7025003,2062,0.0,0.0
DTXSID7025005,2062,0.0,0.0
DTXSID7025051,2062,0.0,0.0
DTXSID7025053,2062,0.0,0.0
DTXSID7025055,2062,0.0,0.0
DTXSID7025130,2062,0.0,0.0
DTXSID7025132,2062,0.0,0.0
DTXSID7025134,2062,0.0,0.0
DTXSID7025136,2062,0.0,0.0
DTXSID7025138,2062,0.0,0.0
DTXSID7025180,2062,0.0,0.0
DTXSID7025215,2062,0.0,0.0
DTXSID7025217,2062,0.0,0.0
DTXSID7025219,2062,1.386768174432052e-07,0.0
DTXSID7025269,2062,1.972812991263618e-19,0.0
DTXSID7025342,2062,,
DTXSID7025346,2062,0.0,0.0
DTXSID7025390,2062,0.0,0.0
DTXSID7025394,2062,0.0,0.0
DTXSID7025421,2062,0.0,0.0
DTXSID7025423,2062,0.0,0.0
DTXSID7025425,2062,0.0,0.0
DTXSID7025427,2062,0.0,0.0
DTXSID7025429,2062,9.60785959471017e-20,0.0
DTXSID7025479,2062,0.0,0.0
DTXSID7025502,2062,0.0,0.0
DTXSID7025506,2062,0.0,0.0
DTXSID7025508,2062,0.0,0.0
DTXSID7025558,2062,0.0,0.0
DTXSID7025633,2062,0.0,0.0
DTXSID7025635,2062,0.0,0.0
DTXSID7025637,2062,0.0,0.0
DTXSID7025639,2062,0.0,0.0
DTXSID7025689,2062,8.874156486787803e-19,0.0
DTXSID7025716,2062,0.9911644370088354,1.0
DTXSID7025764,2062,0.0,0.0
DTXSID7025768,2062,0.0,0.0
DTXSID7025849,2062,0.0,0.0
DTXSID7025895,2062,1.2309115008532126e-06,0.0
DTXSID7025922,2062,0.0,0.0
DTXSID7025924,2062,0.0,0.0
DTXSID7025926,2062,,
DTXSID7025972,2062,0.0,0.0
DTXSID7026025,2062,0.0,0.0
DTXSID7026029,2062,0.0,0.0
DTXSID7026102,2062,0.0,0.0
DTXSID7026108,2062,0.0,0.0
DTXSID7026156,2062,0.0,0.0
DTXSID7026231,2062,0.0,0.0
DTXSID7026235,2062,3.302485276867556e-16,0.0
DTXSID7026285,2062,0.0,0.0
DTXSID7026314,2062,,
DTXSID7026318,2062,0.0,0.0
DTXSID7026366,2062,6.41269267699071e-12,0.0
DTXSID7026368,2062,0.0,0.0
DTXSID7026441,2062,0.0,0.0
DTXSID7026499,2062,0.0,0.0
DTXSID7026520,2062,0.0,0.0
DTXSID7026526,2062,0.0,0.0
DTXSID7026528,2062,0.0,0.0
DTXSID7026572,2062,0.0,0.0
DTXSID7026605,2062,0.0,0.0
DTXSID7026609,2062,0.0,0.0
DTXSID7026653,2062,4.839121363690937e-17,0.0
DTXSID7026655,2062,7.77152958125804e-09,0.0
DTXSID7026811,2062,0.0,0.0
DTXSID7026863,2062,0.0,0.0
DTXSID7026867,2062,0.0,0.0
DTXSID7026946,2062,0.0,0.0
DTXSID7026994,2062,0.0,0.0
DTXSID7026998,2062,0.0,0.0
DTXSID7027041,2062,0.0,0.0
DTXSID7027043,2062,1.101784683369181e-19,0.0
DTXSID7027047,2062,0.0,0.0
DTXSID7027049,2062,2.9605489474441376e-18,0.0
DTXSID7027097,2062,0.0,0.0
DTXSID7027099,2062,0.0,0.0
DTXSID7027120,2062,0.0,0.0
DTXSID7027122,2062,0.0,0.0
DTXSID7027174,2062,0.0,0.0
DTXSID7027178,2062,0.0,0.0
DTXSID7027201,2062,1.954505849886538e-17,0.0
DTXSID7027205,2062,0.0,0.0
DTXSID7027253,2062,0.0,0.0
DTXSID7027259,2062,0.0,0.0
DTXSID7027334,2062,4.3339121930466465e-17,0.0
DTXSID7027338,2062,0.0,0.0
DTXSID7027386,2062,0.0,0.0
DTXSID7027388,2062,0.0,0.0
DTXSID7027413,2062,0.0,0.0
DTXSID7027461,2062,0.0,0.0
DTXSID7027467,2062,0.0,0.0
DTXSID7027540,2062,0.0,0.0
DTXSID7027542,2062,0.0,0.0
DTXSID7027544,2062,0.0,0.0
DTXSID7027546,2062,0.0,0.0
DTXSID7027594,2062,0.0,0.0
DTXSID7027596,2062,0.0,0.0
DTXSID7027598,2062,0.0,0.0
DTXSID7027625,2062,0.0,0.0
DTXSID7027756,2062,0.0,0.0
DTXSID7027833,2062,0.0,0.0
DTXSID7027835,2062,0.0,0.0
DTXSID7027837,2062,0.0,0.0
DTXSID7027887,2062,0.0,0.0
DTXSID7027916,2062,0.0,0.0
DTXSID7027966,2062,0.0,0.0
DTXSID7028011,2062,0.0,0.0
DTXSID7028013,2062,0.0,0.0
DTXSID7028015,2062,,
DTXSID7028300,2062,0.0,0.0
DTXSID7028306,2062,0.0,0.0
DTXSID7028774,2062,0.0,0.0
DTXSID7028776,2062,0.0,0.0
DTXSID7029110,2062,0.0,0.0
DTXSID7029160,2062,0.0,0.0
DTXSID7029162,2062,0.0,0.0
DTXSID7029164,2062,0.0,0.0
DTXSID7029166,2062,0.0,0.0
DTXSID7029241,2062,0.9993250587292668,1.0
DTXSID7029247,2062,0.0,0.0
DTXSID7029249,2062,0.0,0.0
DTXSID7029299,2062,0.0,0.0
DTXSID7029320,2062,2.2284681478297907e-14,0.0
DTXSID7029534,2062,0.0,0.0
DTXSID7029611,2062,1.788551290794788e-15,0.0
DTXSID7029617,2062,0.0,0.0
DTXSID7029619,2062,0.0,0.0
DTXSID7029661,2062,0.0,0.0
DTXSID7029665,2062,0.0,0.0
DTXSID7029871,2062,0.0,0.0
DTXSID7029879,2062,0.9029262963126088,1.0
DTXSID7029904,2062,0.0,0.0
DTXSID7030060,2062,0.0,0.0
DTXSID7030197,2062,0.0,0.0
DTXSID7030307,2062,0.0,0.0
DTXSID7030432,2062,0.0,0.0
DTXSID7030698,2062,0.0,0.0
DTXSID7031248,2062,2.804875633174495e-14,0.0
DTXSID7031290,2062,1.4470231920979666e-10,0.0
DTXSID7031294,2062,0.0,0.0
DTXSID7031458,2062,0.0,0.0
DTXSID7031531,2062,4.149940717028826e-18,0.0
DTXSID7031797,2062,0.0,0.0
DTXSID7031903,2062,0.0,0.0
DTXSID7032004,2062,0.0,0.0
DTXSID7032345,2062,0.9999929235915487,1.0
DTXSID7032393,2062,0.0,0.0
DTXSID7032424,2062,0.0,0.0
DTXSID7032470,2062,0.0,0.0
DTXSID7032474,2062,0.0,0.0
DTXSID7032551,2062,0.9999991136842927,1.0
DTXSID7032553,2062,0.0,0.0
DTXSID7032555,2062,0.0,0.0
DTXSID7032559,2062,5.128787236145647e-14,0.0
DTXSID7032630,2062,0.0,0.0
DTXSID7032638,2062,0.0,0.0
DTXSID7032688,2062,2.709835613040604e-10,0.0
DTXSID7033105,2062,5.892079846571613e-15,0.0
DTXSID7034042,2062,0.9999809553921954,1.0
DTXSID7034250,2062,0.0,0.0
DTXSID7034252,2062,0.0,0.0
DTXSID7034383,2062,0.0,0.0
DTXSID7034460,2062,0.0,0.0
DTXSID7034545,2062,0.0,0.0
DTXSID7034549,2062,0.0,0.0
DTXSID7034624,2062,4.105409544387932e-16,0.0
DTXSID7034672,2062,2.0418087789000737e-16,0.0
DTXSID7034674,2062,9.324622654399e-10,0.0
DTXSID7034676,2062,0.0,0.0
DTXSID7034836,2062,0.0,0.0
DTXSID7034961,2062,0.0,0.0
DTXSID7035010,2062,0.0,0.0
DTXSID7035272,2062,0.0,0.0
DTXSID7035305,2062,0.0,0.0
DTXSID7037131,2062,0.0,0.0
DTXSID7037185,2062,0.0,0.0
DTXSID7037262,2062,0.0,0.0
DTXSID7037478,2062,0.0,0.0
DTXSID7037551,2062,0.0,0.0
DTXSID7037553,2062,0.0,0.0
DTXSID7037555,2062,0.0,0.0
DTXSID7037680,2062,0.0,0.0
DTXSID7037715,2062,6.991641715772106e-17,0.0
DTXSID7037717,2062,0.0,0.0
DTXSID7038317,2062,0.0,0.0
DTXSID7038810,2062,0.0,0.0
DTXSID7038814,2062,0.0,0.0
DTXSID7038818,2062,0.0,0.0
DTXSID7038864,2062,0.0,0.0
DTXSID7040152,2062,0.0,0.0
DTXSID7040154,2062,0.0,0.0
DTXSID7040283,2062,2.1821246080349615e-13,0.0
DTXSID7040285,2062,0.0,0.0
DTXSID7040287,2062,0.0,0.0
DTXSID7040289,2062,0.0,0.0
DTXSID7040316,2062,0.0,0.0
DTXSID7040360,2062,0.0,0.0
DTXSID7040362,2062,7.094564082009933e-05,0.0
DTXSID7040449,2062,0.0,0.0
DTXSID7040526,2062,0.0,0.0
DTXSID7040653,2062,0.0,0.0
DTXSID7040657,2062,1.715539461456293e-12,0.0
DTXSID7040732,2062,0.0,0.0
DTXSID7040734,2062,2.886073535050003e-16,0.0
DTXSID7040736,2062,0.0,0.0
DTXSID7040738,2062,0.0,0.0
DTXSID7040784,2062,0.0,0.0
DTXSID7040788,2062,0.0,0.0
DTXSID7040948,2062,0.0,0.0
DTXSID7040990,2062,3.6383257704509066e-10,0.0
DTXSID7041047,2062,0.0,0.0
DTXSID7041097,2062,0.0,0.0
DTXSID7041126,2062,0.0,0.0
DTXSID7041178,2062,0.00020823703014066436,0.0
DTXSID7041201,2062,0.0,0.0
DTXSID7041209,2062,0.0,0.0
DTXSID7041253,2062,0.0,0.0
DTXSID7041336,2062,2.1462085238346746e-15,0.0
DTXSID7041388,2062,0.0,0.0
DTXSID7041411,2062,0.0,0.0
DTXSID7041413,2062,0.0,0.0
DTXSID7041417,2062,0.0,0.0
DTXSID7041461,2062,0.9999914600308624,1.0
DTXSID7041467,2062,0.0,0.0
DTXSID7041540,2062,0.0,0.0
DTXSID7041544,2062,1.707876701658661e-08,0.0
DTXSID7041621,2062,0.0,0.0
DTXSID7041623,2062,0.0,0.0
DTXSID7041625,2062,0.0,0.0
DTXSID7041627,2062,0.0,0.0
DTXSID7041629,2062,0.0,0.0
DTXSID7041671,2062,0.0,0.0
DTXSID7041675,2062,0.0,0.0
DTXSID7041708,2062,0.0,0.0
DTXSID7041752,2062,,
DTXSID7041756,2062,0.0,0.0
DTXSID7041883,2062,2.6017053869756697e-11,0.0
DTXSID7041887,2062,,
DTXSID7041889,2062,0.0,0.0
DTXSID7041910,2062,0.0,0.0
DTXSID7041914,2062,0.0,0.0
DTXSID7041916,2062,0.0,0.0
DTXSID7041918,2062,0.0,0.0
DTXSID7041962,2062,0.0,0.0
DTXSID7041964,2062,0.0,0.0
DTXSID7041966,2062,0.0,0.0
DTXSID7042011,2062,3.642967040328879e-13,0.0
DTXSID7042019,2062,0.0,0.0
DTXSID7042061,2062,0.0,0.0
DTXSID7042063,2062,0.0,0.0
DTXSID7042065,2062,0.0,0.0
DTXSID7042140,2062,0.0,0.0
DTXSID7042146,2062,0.0,0.0
DTXSID7042190,2062,0.0,0.0
DTXSID7042196,2062,0.0,0.0
DTXSID7042198,2062,0.0,0.0
DTXSID7042273,2062,0.126428632261156,0.0
DTXSID7042279,2062,0.0,0.0
DTXSID7042352,2062,6.190223861065977e-17,0.0
DTXSID7042356,2062,0.0,0.0
DTXSID7042437,2062,0.0,0.0
DTXSID7042514,2062,0.0,0.0
DTXSID7043829,2062,3.8052997839528757e-07,0.0
DTXSID7043873,2062,0.0,0.0
DTXSID7043902,2062,0.0,0.0
DTXSID7043908,2062,0.0,0.0
DTXSID7043950,2062,0.0,0.0
DTXSID7044132,2062,0.0,0.0
DTXSID7044215,2062,0.0,0.0
DTXSID7044217,2062,0.0,0.0
DTXSID7044267,2062,0.0,0.0
DTXSID7044340,2062,4.238093196221278e-18,0.0
DTXSID7044342,2062,0.0,0.0
DTXSID7044346,2062,1.3928078905153777e-06,0.0
DTXSID7044390,2062,0.0,0.0
DTXSID7044392,2062,0.0,0.0
DTXSID7044394,2062,0.0,0.0
DTXSID7044396,2062,0.0,0.0
DTXSID7044398,2062,0.0,0.0
DTXSID7044421,2062,0.0,0.0
DTXSID7044423,2062,0.0,0.0
DTXSID7044425,2062,0.0,0.0
DTXSID7044427,2062,0.0,0.0
DTXSID7044429,2062,0.0,0.0
DTXSID7044471,2062,0.0,0.0
DTXSID7044473,2062,0.0,0.0
DTXSID7044475,2062,0.0,0.0
DTXSID7044479,2062,0.0,0.0
DTXSID7044500,2062,0.0,0.0
DTXSID7044502,2062,0.0,0.0
DTXSID7044504,2062,0.0,0.0
DTXSID7044506,2062,0.0,0.0
DTXSID7044508,2062,0.0,0.0
DTXSID7044552,2062,0.0,0.0
DTXSID7044554,2062,0.0,0.0
DTXSID7044558,2062,0.0,0.0
DTXSID7044631,2062,0.0,0.0
DTXSID7044633,2062,0.0,0.0
DTXSID7044635,2062,0.0,0.0
DTXSID7044639,2062,0.9999963762502518,1.0
DTXSID7044681,2062,0.0,0.0
DTXSID7044685,2062,0.0,0.0
DTXSID7044689,2062,0.0,0.0
DTXSID7044710,2062,0.0,0.0
DTXSID7044712,2062,0.0,0.0
DTXSID7044714,2062,0.0,0.0
DTXSID7044716,2062,0.0,0.0
DTXSID7044718,2062,3.34547537698936e-05,0.0
DTXSID7044760,2062,0.0,0.0
DTXSID7044762,2062,0.0,0.0
DTXSID7044764,2062,0.0,0.0
DTXSID7044768,2062,0.0,0.0
DTXSID7044841,2062,0.0,0.0
DTXSID7044843,2062,0.999994876601646,1.0
DTXSID7044845,2062,0.0,0.0
DTXSID7044847,2062,0.0,0.0
DTXSID7044849,2062,0.0,0.0
DTXSID7044893,2062,0.0,0.0
DTXSID7044895,2062,0.0,0.0
DTXSID7044897,2062,0.0,0.0
DTXSID7044899,2062,0.0,0.0
DTXSID7044922,2062,1.2966596499255805e-08,0.0
DTXSID7044926,2062,0.0,0.0
DTXSID7044928,2062,0.0,0.0
DTXSID7044970,2062,0.0,0.0
DTXSID7044972,2062,1.637977248600601e-17,0.0
DTXSID7044974,2062,0.0,0.0
DTXSID7044976,2062,0.0,0.0
DTXSID7044978,2062,0.0,0.0
DTXSID7045029,2062,0.0,0.0
DTXSID7045152,2062,0.0,0.0
DTXSID7045158,2062,0.0,0.0
DTXSID7045281,2062,0.0,0.0
DTXSID7045287,2062,0.0,0.0
DTXSID7045310,2062,0.0,0.0
DTXSID7045312,2062,0.0,0.0
DTXSID7045316,2062,0.0,0.0
DTXSID7045364,2062,8.600721242089175e-18,0.0
DTXSID7045366,2062,0.0,0.0
DTXSID7045368,2062,0.0,0.0
DTXSID7045441,2062,7.644735936598428e-20,0.0
DTXSID7045447,2062,0.0,0.0
DTXSID7045493,2062,0.0,0.0
DTXSID7045497,2062,0.0,0.0
DTXSID7045522,2062,0.0,0.0
DTXSID7045526,2062,0.0,0.0
DTXSID7045570,2062,0.0,0.0
DTXSID7045572,2062,0.0,0.0
DTXSID7045574,2062,0.0,0.0
DTXSID7045576,2062,0.0,0.0
DTXSID7045578,2062,0.0,0.0
DTXSID7045601,2062,0.0,0.0
DTXSID7045607,2062,0.0,0.0
DTXSID7045651,2062,0.0,0.0
DTXSID7045653,2062,0.0,0.0
DTXSID7045655,2062,0.0,0.0
DTXSID7045659,2062,0.0,0.0
DTXSID7045788,2062,0.0,0.0
DTXSID7045811,2062,0.0,0.0
DTXSID7045813,2062,1.0343468702479678e-17,0.0
DTXSID7045815,2062,0.0,0.0
DTXSID7045863,2062,3.574002888916184e-10,0.0
DTXSID7045867,2062,0.0,0.0
DTXSID7045940,2062,0.0,0.0
DTXSID7045942,2062,0.0,0.0
DTXSID7045946,2062,0.0,0.0
DTXSID7045948,2062,0.0,0.0
DTXSID7045996,2062,3.081339271197512e-12,0.0
DTXSID7046041,2062,0.0,0.0
DTXSID7046045,2062,0.0,0.0
DTXSID7046047,2062,0.0,0.0
DTXSID7046091,2062,0.0,0.0
DTXSID7046093,2062,0.0,0.0
DTXSID7046095,2062,0.0,0.0
DTXSID7046126,2062,0.0,0.0
DTXSID7046128,2062,8.042636049946918e-18,0.0
DTXSID7046174,2062,0.0,0.0
DTXSID7046176,2062,6.604178973969146e-17,0.0
DTXSID7046201,2062,0.0,0.0
DTXSID7046207,2062,0.0,0.0
DTXSID7046332,2062,0.0,0.0
DTXSID7046384,2062,0.0,0.0
DTXSID7046386,2062,0.0,0.0
DTXSID7046388,2062,0.0,0.0
DTXSID7046415,2062,0.0,0.0
DTXSID7046417,2062,0.0,0.0
DTXSID7046419,2062,0.0,0.0
DTXSID7046461,2062,0.0,0.0
DTXSID7046463,2062,0.0,0.0
DTXSID7046465,2062,2.6167518320133765e-08,0.0
DTXSID7046467,2062,0.0,0.0
DTXSID7046594,2062,0.0,0.0
DTXSID7046623,2062,0.0,0.0
DTXSID7046627,2062,0.0,0.0
DTXSID7046673,2062,0.0,0.0
DTXSID7046675,2062,0.0,0.0
DTXSID7046677,2062,0.0,0.0
DTXSID7046706,2062,0.0,0.0
DTXSID7046756,2062,0.0,0.0
DTXSID7046831,2062,0.0,0.0
DTXSID7046887,2062,0.0,0.0
DTXSID7046889,2062,0.0,0.0
DTXSID7046910,2062,0.0,0.0
DTXSID7046912,2062,0.0,0.0
DTXSID7046914,2062,0.0,0.0
DTXSID7046966,2062,0.0,0.0
DTXSID7047061,2062,0.0,0.0
DTXSID7047065,2062,0.0,0.0
DTXSID7047067,2062,0.0,0.0
DTXSID7047140,2062,0.0,0.0
DTXSID7047142,2062,0.0,0.0
DTXSID7047144,2062,0.9989295624763167,1.0
DTXSID7047146,2062,0.0,0.0
DTXSID7047190,2062,4.628823648597534e-16,0.0
DTXSID7047192,2062,0.0,0.0
DTXSID7047196,2062,0.0,0.0
DTXSID7047198,2062,0.0,0.0
DTXSID7047271,2062,0.0,0.0
DTXSID7047277,2062,1.039449076513665e-07,0.0
DTXSID7047279,2062,0.0,0.0
DTXSID7047304,2062,8.544909861556849e-14,0.0
DTXSID7047306,2062,0.0,0.0
DTXSID7047308,2062,1.370075290821548e-13,0.0
DTXSID7047356,2062,0.0,0.0
DTXSID7047358,2062,0.0,0.0
DTXSID7047433,2062,0.0,0.0
DTXSID7047435,2062,0.0,0.0
DTXSID7047437,2062,0.0,0.0
DTXSID7047439,2062,0.0,0.0
DTXSID7047487,2062,0.0,0.0
DTXSID7047510,2062,0.0,0.0
DTXSID7047512,2062,2.3118729413202572e-17,0.0
DTXSID7047518,2062,0.0,0.0
DTXSID7047560,2062,0.0,0.0
DTXSID7047562,2062,0.0,0.0
DTXSID7047568,2062,0.0,0.0
DTXSID7047641,2062,0.0,0.0
DTXSID7047643,2062,0.0,0.0
DTXSID7047645,2062,0.0,0.0
DTXSID7047647,2062,1.9043584038971927e-17,0.0
DTXSID7047649,2062,0.0,0.0
DTXSID7047691,2062,0.0,0.0
DTXSID7047693,2062,0.0,0.0
DTXSID7047697,2062,5.2428999617235365e-15,0.0
DTXSID7047726,2062,0.0,0.0
DTXSID7047772,2062,0.0,0.0
DTXSID7047774,2062,0.0,0.0
DTXSID7047776,2062,0.0,0.0
DTXSID7047801,2062,0.0,0.0
DTXSID7047803,2062,0.0,0.0
DTXSID7047807,2062,0.0,0.0
DTXSID7047853,2062,0.0,0.0
DTXSID7047930,2062,0.0,0.0
DTXSID7047932,2062,0.0,0.0
DTXSID7047934,2062,0.0,0.0
DTXSID7047936,2062,0.0,0.0
DTXSID7047938,2062,0.0,0.0
DTXSID7048166,2062,0.0,0.0
DTXSID7048168,2062,0.0,0.0
DTXSID7048580,2062,0.0,0.0
DTXSID7048582,2062,0.0,0.0
DTXSID7048619,2062,0.9810673972555181,1.0
DTXSID7048661,2062,0.0,0.0
DTXSID7048669,2062,0.0,0.0
DTXSID7048740,2062,0.0,0.0
DTXSID7048744,2062,2.9975502438615563e-19,0.0
DTXSID7048746,2062,1.4532380291005034e-15,0.0
DTXSID7048790,2062,0.0,0.0
DTXSID7048792,2062,0.0,0.0
DTXSID7048794,2062,0.0,0.0
DTXSID7048796,2062,0.0,0.0
DTXSID7048798,2062,0.08369136809499926,0.0
DTXSID7048821,2062,0.0,0.0
DTXSID7048823,2062,0.0,0.0
DTXSID7048825,2062,0.0,0.0
DTXSID7048827,2062,0.0,0.0
DTXSID7048829,2062,0.0,0.0
DTXSID7048871,2062,0.0,0.0
DTXSID7048873,2062,0.0,0.0
DTXSID7048875,2062,0.0,0.0
DTXSID7048877,2062,0.0,0.0
DTXSID7048879,2062,0.0,0.0
DTXSID7048900,2062,1.4980554770050926e-16,0.0
DTXSID7048902,2062,0.0,0.0
DTXSID7048904,2062,0.0,0.0
DTXSID7048908,2062,0.0,0.0
DTXSID7048954,2062,0.0,0.0
DTXSID7049003,2062,0.0,0.0
DTXSID7049007,2062,4.0903917152617235e-18,0.0
DTXSID7049051,2062,6.959294712595568e-10,0.0
DTXSID7049055,2062,0.0,0.0
DTXSID7049059,2062,0.0,0.0
DTXSID7049211,2062,,
DTXSID7049213,2062,1.7449820682046564e-19,0.0
DTXSID7049215,2062,0.0,0.0
DTXSID7049217,2062,0.0,0.0
DTXSID7049219,2062,0.0,0.0
DTXSID7049261,2062,0.0,0.0
DTXSID7049263,2062,0.0,0.0
DTXSID7049265,2062,0.0,0.0
DTXSID7049267,2062,0.0,0.0
DTXSID7049269,2062,0.0,0.0
DTXSID7049340,2062,0.0,0.0
DTXSID7049342,2062,0.0,0.0
DTXSID7049344,2062,0.0,0.0
DTXSID7049346,2062,0.0,0.0
DTXSID7049348,2062,0.0,0.0
DTXSID7049390,2062,0.0,0.0
DTXSID7049392,2062,0.0,0.0
DTXSID7049394,2062,0.0,0.0
DTXSID7049396,2062,0.0,0.0
DTXSID7049398,2062,0.0,0.0
DTXSID7049421,2062,0.0,0.0
DTXSID7049423,2062,0.0,0.0
DTXSID7049425,2062,0.0,0.0
DTXSID7049427,2062,0.0,0.0
DTXSID7049429,2062,0.0,0.0
DTXSID7049471,2062,0.0,0.0
DTXSID7049473,2062,0.0,0.0
DTXSID7049475,2062,0.0,0.0
DTXSID7049477,2062,2.139918707136898e-14,0.0
DTXSID7049479,2062,0.0,0.0
DTXSID7049500,2062,0.0,0.0
DTXSID7049502,2062,0.0,0.0
DTXSID7049504,2062,0.0,0.0
DTXSID7049506,2062,0.0,0.0
DTXSID7049508,2062,0.0,0.0
DTXSID7049550,2062,0.0,0.0
DTXSID7049552,2062,0.0,0.0
DTXSID7049554,2062,0.0,0.0
DTXSID7049556,2062,0.0,0.0
DTXSID7049558,2062,0.0,0.0
DTXSID7051474,2062,0.0,0.0
DTXSID7051557,2062,0.0,0.0
DTXSID7051715,2062,0.0,0.0
DTXSID7051890,2062,0.0,0.0
DTXSID7052101,2062,0.0,0.0
DTXSID7052109,2062,0.0,0.0
DTXSID7052284,2062,0.0,0.0
DTXSID7052288,2062,0.0,0.0
DTXSID7052311,2062,0.0,0.0
DTXSID7052319,2062,0.0,0.0
DTXSID7052446,2062,0.0,0.0
DTXSID7052529,2062,0.0,0.0
DTXSID7052571,2062,0.0,0.0
DTXSID7052573,2062,2.889829891050154e-14,0.0
DTXSID7052577,2062,0.0,0.0
DTXSID7052602,2062,0.0,0.0
DTXSID7052652,2062,0.0,0.0
DTXSID7052654,2062,0.0,0.0
DTXSID7052735,2062,0.0,0.0
DTXSID7052860,2062,0.0,0.0
DTXSID7052866,2062,0.0,0.0
DTXSID7057602,2062,0.0,0.0
DTXSID7057604,2062,0.0,0.0
DTXSID7057606,2062,0.0,0.0
DTXSID7057608,2062,0.0,0.0
DTXSID7057650,2062,0.0,0.0
DTXSID7057652,2062,0.0,0.0
DTXSID7057654,2062,0.0,0.0
DTXSID7057656,2062,0.0,0.0
DTXSID7057658,2062,0.0,0.0
DTXSID7057731,2062,0.0,0.0
DTXSID7057733,2062,0.0,0.0
DTXSID7057735,2062,0.0,0.0
DTXSID7057737,2062,0.0,0.0
DTXSID7057739,2062,0.0,0.0
DTXSID7057781,2062,0.0,0.0
DTXSID7057783,2062,0.0,0.0
DTXSID7057785,2062,0.0,0.0
DTXSID7057787,2062,0.0,0.0
DTXSID7057789,2062,0.0,0.0
DTXSID7057810,2062,0.0,0.0
DTXSID7057812,2062,1.0679377708694408e-11,0.0
DTXSID7057814,2062,0.0,0.0
DTXSID7057816,2062,0.0,0.0
DTXSID7057818,2062,9.449323279170553e-16,0.0
DTXSID8020040,2062,0.0,0.0
DTXSID8020044,2062,0.0,0.0
DTXSID8020090,2062,0.0,0.0
DTXSID8020092,2062,0.0,0.0
DTXSID8020094,2062,8.237934870984381e-15,0.0
DTXSID8020121,2062,0.0,0.0
DTXSID8020123,2062,0.0,0.0
DTXSID8020127,2062,3.7480143341666065e-17,0.0
DTXSID8020129,2062,0.0,0.0
DTXSID8020173,2062,0.0,0.0
DTXSID8020175,2062,0.0,0.0
DTXSID8020179,2062,0.0,0.0
DTXSID8020200,2062,0.0,0.0
DTXSID8020202,2062,0.0,0.0
DTXSID8020206,2062,0.0,0.0
DTXSID8020250,2062,0.0,0.0
DTXSID8020252,2062,0.0,0.0
DTXSID8020256,2062,0.0,0.0
DTXSID8020331,2062,0.0,0.0
DTXSID8020337,2062,4.8621079541052656e-08,0.0
DTXSID8020381,2062,2.282570860712578e-12,0.0
DTXSID8020410,2062,1.2097243691420652e-19,0.0
DTXSID8020462,2062,0.0,0.0
DTXSID8020464,2062,0.0,0.0
DTXSID8020466,2062,0.0,0.0
DTXSID8020468,2062,0.0,0.0
DTXSID8020541,2062,0.0,0.0
DTXSID8020543,2062,0.0,0.0
DTXSID8020545,2062,0.0,0.0
DTXSID8020591,2062,0.0,0.0
DTXSID8020593,2062,0.0,0.0
DTXSID8020597,2062,0.0,0.0
DTXSID8020620,2062,0.0,0.0
DTXSID8020622,2062,7.093996648274226e-20,0.0
DTXSID8020624,2062,0.0,0.0
DTXSID8020626,2062,0.0,0.0
DTXSID8020628,2062,0.0,0.0
DTXSID8020674,2062,0.0,0.0
DTXSID8020678,2062,1.7146960239083983e-12,0.0
DTXSID8020703,2062,0.0,0.0
DTXSID8020707,2062,0.0,0.0
DTXSID8020709,2062,0.0,0.0
DTXSID8020753,2062,0.0,0.0
DTXSID8020755,2062,0.0,0.0
DTXSID8020757,2062,0.0,0.0
DTXSID8020759,2062,0.0,0.0
DTXSID8020830,2062,0.0,0.0
DTXSID8020834,2062,0.0,0.0
DTXSID8020838,2062,2.6585938258723572e-14,0.0
DTXSID8020880,2062,0.0,0.0
DTXSID8020886,2062,0.0,0.0
DTXSID8020888,2062,0.0,0.0
DTXSID8020913,2062,0.0,0.0
DTXSID8020915,2062,2.1813749914678255e-13,0.0
DTXSID8020917,2062,0.0,0.0
DTXSID8020919,2062,0.0,0.0
DTXSID8020961,2062,0.0,0.0
DTXSID8020963,2062,0.0,0.0
DTXSID8020965,2062,0.0,0.0
DTXSID8020967,2062,0.0,0.0
DTXSID8020969,2062,0.0,0.0
DTXSID8021060,2062,0.0,0.0
DTXSID8021062,2062,0.0,0.0
DTXSID8021141,2062,6.963131483101298e-09,0.0
DTXSID8021145,2062,0.0,0.0
DTXSID8021147,2062,0.0,0.0
DTXSID8021191,2062,,
DTXSID8021193,2062,0.0,0.0
DTXSID8021195,2062,0.0,0.0
DTXSID8021199,2062,5.355849921692509e-18,0.0
DTXSID8021222,2062,0.0,0.0
DTXSID8021224,2062,0.9999318099234756,1.0
DTXSID8021270,2062,0.0,0.0
DTXSID8021272,2062,0.0,0.0
DTXSID8021278,2062,0.0,0.0
DTXSID8021301,2062,0.9999840762875889,1.0
DTXSID8021305,2062,0.0,0.0
DTXSID8021309,2062,0.0,0.0
DTXSID8021351,2062,0.0,0.0
DTXSID8021359,2062,0.0,0.0
DTXSID8021438,2062,0.0,0.0
DTXSID8021482,2062,0.0,0.0
DTXSID8021484,2062,0.0,0.0
DTXSID8021486,2062,0.0,0.0
DTXSID8021488,2062,0.0,0.0
DTXSID8021513,2062,0.0,0.0
DTXSID8021515,2062,0.0,0.0
DTXSID8021517,2062,0.0,0.0
DTXSID8021519,2062,0.0,0.0
DTXSID8021561,2062,0.0,0.0
DTXSID8021563,2062,0.0,0.0
DTXSID8021565,2062,0.0,0.0
DTXSID8021640,2062,0.0,0.0
DTXSID8021642,2062,0.0,0.0
DTXSID8021644,2062,0.0,0.0
DTXSID8021646,2062,0.0,0.0
DTXSID8021648,2062,0.0,0.0
DTXSID8021690,2062,0.0,0.0
DTXSID8021721,2062,6.37320818674861e-17,0.0
DTXSID8021725,2062,0.0,0.0
DTXSID8021729,2062,5.6279641623922e-15,0.0
DTXSID8021771,2062,6.872873905281749e-12,0.0
DTXSID8021775,2062,0.0,0.0
DTXSID8021777,2062,0.0,0.0
DTXSID8021800,2062,0.0,0.0
DTXSID8021802,2062,3.047705514002571e-14,0.0
DTXSID8021804,2062,0.0,0.0
DTXSID8021808,2062,0.0,0.0
DTXSID8021854,2062,0.0,0.0
DTXSID8021856,2062,0.0,0.0
DTXSID8021931,2062,0.0,0.0
DTXSID8021937,2062,8.133962246453262e-19,0.0
DTXSID8021939,2062,0.0,0.0
DTXSID8022036,2062,0.0,0.0
DTXSID8022080,2062,0.0,0.0
DTXSID8022082,2062,0.0,0.0
DTXSID8022084,2062,0.0,0.0
DTXSID8022086,2062,0.0,0.0
DTXSID8022111,2062,0.0,0.0
DTXSID8022113,2062,0.0,0.0
DTXSID8022117,2062,0.0,0.0
DTXSID8022161,2062,0.0,0.0
DTXSID8022246,2062,0.0,0.0
DTXSID8022292,2062,0.0,0.0
DTXSID8022325,2062,0.0,0.0
DTXSID8022371,2062,0.0,0.0
DTXSID8022377,2062,0.0,0.0
DTXSID8022404,2062,0.0,0.0
DTXSID8022406,2062,0.0,0.0
DTXSID8022408,2062,0.0,0.0
DTXSID8022585,2062,0.0,0.0
DTXSID8022589,2062,0.0,0.0
DTXSID8022610,2062,0.0,0.0
DTXSID8022614,2062,0.0,0.0
DTXSID8022666,2062,0.0,0.0
DTXSID8022741,2062,0.0,0.0
DTXSID8022743,2062,0.0,0.0
DTXSID8022749,2062,0.0,0.0
DTXSID8022822,2062,0.0,0.0
DTXSID8022828,2062,0.0,0.0
DTXSID8022870,2062,0.0,0.0
DTXSID8022872,2062,0.0,0.0
DTXSID8022901,2062,0.0,0.0
DTXSID8022959,2062,6.423739387588445e-07,0.0
DTXSID8023050,2062,0.0,0.0
DTXSID8023054,2062,0.0,0.0
DTXSID8023137,2062,0.0,0.0
DTXSID8023214,2062,0.0,0.0
DTXSID8023216,2062,0.0,0.0
DTXSID8023260,2062,0.0,0.0
DTXSID8023262,2062,5.146094242787807e-15,0.0
DTXSID8023347,2062,0.0,0.0
DTXSID8023349,2062,0.0,0.0
DTXSID8023393,2062,0.0,0.0
DTXSID8023395,2062,5.448258604868811e-20,0.0
DTXSID8023426,2062,0.0,0.0
DTXSID8023470,2062,0.0,0.0
DTXSID8023472,2062,0.0,0.0
DTXSID8023474,2062,0.03527535807805999,0.0
DTXSID8023476,2062,0.0,0.0
DTXSID8023505,2062,0.0,0.0
DTXSID8023551,2062,0.0,0.0
DTXSID8023557,2062,,
DTXSID8023630,2062,5.756755693328418e-16,0.0
DTXSID8023632,2062,0.0,0.0
DTXSID8023636,2062,0.0,0.0
DTXSID8023688,2062,0.0,0.0
DTXSID8023713,2062,0.0,0.0
DTXSID8023719,2062,0.0,0.0
DTXSID8023846,2062,0.0,0.0
DTXSID8023848,2062,8.478966610532429e-14,0.0
DTXSID8023890,2062,0.0,0.0
DTXSID8023892,2062,0.0,0.0
DTXSID8023927,2062,9.694828615273311e-08,0.0
DTXSID8023971,2062,0.0,0.0
DTXSID8023973,2062,0.0,0.0
DTXSID8023977,2062,0.0,0.0
DTXSID8024072,2062,0.0,0.0
DTXSID8024101,2062,0.0,0.0
DTXSID8024105,2062,6.768789880025026e-14,0.0
DTXSID8024107,2062,0.0,0.0
DTXSID8024109,2062,0.0,0.0
DTXSID8024151,2062,0.0,0.0
DTXSID8024153,2062,0.0,0.0
DTXSID8024157,2062,1.8346615683984984e-07,0.0
DTXSID8024159,2062,8.670591663193174e-18,0.0
DTXSID8024234,2062,0.0,0.0
DTXSID8024236,2062,0.0,0.0
DTXSID8024238,2062,0.0,0.0
DTXSID8024280,2062,0.0,0.0
DTXSID8024284,2062,0.0,0.0
DTXSID8024286,2062,0.0,0.0
DTXSID8024311,2062,0.0,0.0
DTXSID8024315,2062,0.0,0.0
DTXSID8024317,2062,0.0,0.0
DTXSID8024442,2062,0.0,0.0
DTXSID8024448,2062,0.0,0.0
DTXSID8024498,2062,0.0,0.0
DTXSID8024521,2062,0.0,0.0
DTXSID8024523,2062,2.4699976708944726e-16,0.0
DTXSID8024529,2062,0.0,0.0
DTXSID8024573,2062,0.0,0.0
DTXSID8024600,2062,0.0,0.0
DTXSID8024602,2062,0.0,0.0
DTXSID8024608,2062,0.0,0.0
DTXSID8024652,2062,0.0,0.0
DTXSID8024658,2062,0.0,0.0
DTXSID8024733,2062,2.359824832176395e-18,0.0
DTXSID8024739,2062,0.0,0.0
DTXSID8024781,2062,0.0,0.0
DTXSID8024783,2062,0.0,0.0
DTXSID8024787,2062,0.0,0.0
DTXSID8024810,2062,0.0,0.0
DTXSID8024814,2062,0.0,0.0
DTXSID8024862,2062,0.0,0.0
DTXSID8024864,2062,0.0,0.0
DTXSID8024866,2062,0.0,0.0
DTXSID8024941,2062,0.0,0.0
DTXSID8024947,2062,0.0,0.0
DTXSID8024991,2062,0.0,0.0
DTXSID8024993,2062,5.363502566510076e-19,0.0
DTXSID8024997,2062,0.0,0.0
DTXSID8024999,2062,0.0,0.0
DTXSID8025040,2062,3.801433074894221e-19,0.0
DTXSID8025046,2062,0.0,0.0
DTXSID8025094,2062,0.0,0.0
DTXSID8025096,2062,0.0,0.0
DTXSID8025258,2062,5.659404351411809e-12,0.0
DTXSID8025331,2062,0.0,0.0
DTXSID8025337,2062,0.0,0.0
DTXSID8025464,2062,0.0,0.0
DTXSID8025466,2062,0.0,0.0
DTXSID8025591,2062,0.0,0.0
DTXSID8025593,2062,0.0,0.0
DTXSID8025595,2062,0.0,0.0
DTXSID8025599,2062,0.08229910319009343,0.0
DTXSID8025628,2062,0.0,0.0
DTXSID8025670,2062,0.0,0.0
DTXSID8025703,2062,0.055804478188876974,0.0
DTXSID8025707,2062,0.0,0.0
DTXSID8025709,2062,0.0,0.0
DTXSID8025751,2062,0.0,0.0
DTXSID8025757,2062,0.0,0.0
DTXSID8025759,2062,0.0,0.0
DTXSID8025830,2062,0.0,0.0
DTXSID8025886,2062,0.0,0.0
DTXSID8025888,2062,,
DTXSID8025961,2062,0.0,0.0
DTXSID8025963,2062,0.0,0.0
DTXSID8025967,2062,0.0,0.0
DTXSID8025969,2062,0.0,0.0
DTXSID8026018,2062,0.0,0.0
DTXSID8026060,2062,1.945820789574367e-18,0.0
DTXSID8026064,2062,0.0,0.0
DTXSID8026068,2062,0.0,0.0
DTXSID8026141,2062,5.799469169108718e-14,0.0
DTXSID8026145,2062,0.0,0.0
DTXSID8026147,2062,0.0,0.0
DTXSID8026193,2062,0.0,0.0
DTXSID8026195,2062,0.0,0.0
DTXSID8026220,2062,0.0,0.0
DTXSID8026224,2062,0.0,0.0
DTXSID8026228,2062,0.0,0.0
DTXSID8026303,2062,6.76088005253855e-12,0.0
DTXSID8026305,2062,0.0,0.0
DTXSID8026307,2062,0.0,0.0
DTXSID8026309,2062,0.0,0.0
DTXSID8026432,2062,0.0,0.0
DTXSID8026436,2062,0.0,0.0
DTXSID8026488,2062,0.0,0.0
DTXSID8026513,2062,0.0,0.0
DTXSID8026515,2062,0.0,0.0
DTXSID8026519,2062,7.727475629360605e-19,0.0
DTXSID8026563,2062,0.0,0.0
DTXSID8026640,2062,0.0,0.0
DTXSID8026694,2062,0.0,0.0
DTXSID8026698,2062,0.0,0.0
DTXSID8026725,2062,0.0,0.0
DTXSID8026727,2062,0.0,0.0
DTXSID8026729,2062,0.0,0.0
DTXSID8026773,2062,0.0,0.0
DTXSID8026775,2062,0.0,0.0
DTXSID8026802,2062,0.0,0.0
DTXSID8026931,2062,0.0,0.0
DTXSID8026933,2062,0.0,0.0
DTXSID8026935,2062,0.0,0.0
DTXSID8026981,2062,0.0,0.0
DTXSID8027032,2062,0.0,0.0
DTXSID8027034,2062,0.0,0.0
DTXSID8027036,2062,0.0,0.0
DTXSID8027084,2062,0.0,0.0
DTXSID8027086,2062,0.0,0.0
DTXSID8027113,2062,0.0,0.0
DTXSID8027163,2062,0.0,0.0
DTXSID8027167,2062,0.0,0.0
DTXSID8027169,2062,0.0,0.0
DTXSID8027240,2062,3.278101388710811e-17,0.0
DTXSID8027244,2062,0.0,0.0
DTXSID8027246,2062,0.0,0.0
DTXSID8027292,2062,0.9967231238566607,1.0
DTXSID8027294,2062,0.0,0.0
DTXSID8027321,2062,0.0,0.0
DTXSID8027323,2062,0.0,0.0
DTXSID8027329,2062,0.0,0.0
DTXSID8027377,2062,0.0,0.0
DTXSID8027400,2062,0.0,0.0
DTXSID8027402,2062,0.0,0.0
DTXSID8027452,2062,0.0,0.0
DTXSID8027454,2062,1.5429279435495105e-18,0.0
DTXSID8027537,2062,0.0,0.0
DTXSID8027581,2062,0.0,0.0
DTXSID8027585,2062,9.264754312026695e-18,0.0
DTXSID8027589,2062,0.0,0.0
DTXSID8027747,2062,0.0,0.0
DTXSID8027749,2062,0.0,0.0
DTXSID8027793,2062,2.2413436859759725e-05,0.0
DTXSID8027795,2062,,
DTXSID8027797,2062,8.859684418754756e-08,0.0
DTXSID8027822,2062,0.0,0.0
DTXSID8027826,2062,0.0,0.0
DTXSID8027870,2062,2.693331062661959e-19,0.0
DTXSID8027878,2062,0.0,0.0
DTXSID8027905,2062,0.0,0.0
DTXSID8027955,2062,0.0,0.0
DTXSID8027959,2062,0.0,0.0
DTXSID8028008,2062,0.0,0.0
DTXSID8028842,2062,0.0,0.0
DTXSID8029072,2062,0.0,0.0
DTXSID8029105,2062,0.0,0.0
DTXSID8029153,2062,4.08771533267915e-18,0.0
DTXSID8029157,2062,0.0,0.0
DTXSID8029159,2062,0.0,0.0
DTXSID8029230,2062,0.0,0.0
DTXSID8029232,2062,0.0,0.0
DTXSID8029234,2062,0.0,0.0
DTXSID8029236,2062,0.0,0.0
DTXSID8029280,2062,0.0,0.0
DTXSID8029282,2062,0.0,0.0
DTXSID8029286,2062,0.0,0.0
DTXSID8029315,2062,7.192334682736043e-12,0.0
DTXSID8029317,2062,0.0,0.0
DTXSID8029369,2062,0.0,0.0
DTXSID8029575,2062,0.0,0.0
DTXSID8029600,2062,0.0,0.0
DTXSID8029602,2062,0.9999232613441827,1.0
DTXSID8029604,2062,0.0,0.0
DTXSID8029606,2062,0.0,0.0
DTXSID8029608,2062,0.0,0.0
DTXSID8029650,2062,0.0,0.0
DTXSID8029652,2062,0.0,0.0
DTXSID8029733,2062,0.0,0.0
DTXSID8029739,2062,0.0,0.0
DTXSID8029868,2062,0.0,0.0
DTXSID8030138,2062,0.0,0.0
DTXSID8030423,2062,1.0,1.0
DTXSID8030760,2062,0.0,0.0
DTXSID8031077,2062,5.011386740544733e-07,0.0
DTXSID8031366,2062,9.038584003121767e-18,0.0
DTXSID8031497,2062,0.0,0.0
DTXSID8031863,2062,0.0,0.0
DTXSID8031865,2062,0.0,0.0
DTXSID8032386,2062,0.0,0.0
DTXSID8032417,2062,6.241086456128131e-11,0.0
DTXSID8032544,2062,0.0,0.0
DTXSID8032548,2062,3.7057317652281155e-17,0.0
DTXSID8032623,2062,0.0,0.0
DTXSID8032627,2062,0.0,0.0
DTXSID8032671,2062,0.0,0.0
DTXSID8032673,2062,0.0,0.0
DTXSID8032675,2062,1.0709054461078576e-14,0.0
DTXSID8033433,2062,0.0,0.0
DTXSID8033512,2062,0.0,0.0
DTXSID8033562,2062,0.0,0.0
DTXSID8033564,2062,0.0,0.0
DTXSID8033566,2062,0.0,0.0
DTXSID8033649,2062,0.0,0.0
DTXSID8033803,2062,0.0,0.0
DTXSID8034085,2062,9.470689328468319e-13,0.0
DTXSID8034087,2062,0.0,0.0
DTXSID8034089,2062,0.0,0.0
DTXSID8034241,2062,0.0,0.0
DTXSID8034324,2062,1.6828590345468724e-09,0.0
DTXSID8034372,2062,0.0,0.0
DTXSID8034376,2062,6.960358249992127e-19,0.0
DTXSID8034401,2062,0.0,0.0
DTXSID8034538,2062,0.0,0.0
DTXSID8034580,2062,0.0,0.0
DTXSID8034586,2062,0.0,0.0
DTXSID8034588,2062,0.0,0.0
DTXSID8034665,2062,0.0,0.0
DTXSID8034742,2062,0.0,0.0
DTXSID8034792,2062,0.0,0.0
DTXSID8034823,2062,0.0,0.0
DTXSID8034871,2062,0.0,0.0
DTXSID8034877,2062,0.0,0.0
DTXSID8034956,2062,0.0,0.0
DTXSID8035001,2062,0.0,0.0
DTXSID8035138,2062,0.0,0.0
DTXSID8035180,2062,0.0,0.0
DTXSID8035186,2062,0.0,0.0
DTXSID8035217,2062,0.0,0.0
DTXSID8035423,2062,0.0,0.0
DTXSID8037207,2062,0.0,0.0
DTXSID8037594,2062,0.0,0.0
DTXSID8037596,2062,0.0,0.0
DTXSID8037706,2062,2.2337630640328546e-18,0.0
DTXSID8037708,2062,0.0,0.0
DTXSID8037750,2062,0.0,0.0
DTXSID8037752,2062,0.0,0.0
DTXSID8037754,2062,0.0,0.0
DTXSID8037756,2062,0.0,0.0
DTXSID8038770,2062,0.0,0.0
DTXSID8038801,2062,0.0,0.0
DTXSID8038855,2062,0.0,0.0
DTXSID8038857,2062,0.0,0.0
DTXSID8039241,2062,0.0,0.0
DTXSID8040222,2062,0.0,0.0
DTXSID8040270,2062,0.9999999994364169,1.0
DTXSID8040274,2062,0.0,0.0
DTXSID8040278,2062,1.4458935477371397e-19,0.0
DTXSID8040436,2062,0.0,0.0
DTXSID8040484,2062,0.0,0.0
DTXSID8040694,2062,0.0,0.0
DTXSID8040698,2062,0.0,0.0
DTXSID8040721,2062,0.0,0.0
DTXSID8040723,2062,0.0,0.0
DTXSID8040725,2062,0.8882690802765327,0.0
DTXSID8040727,2062,0.0,0.0
DTXSID8040775,2062,0.0,0.0
DTXSID8040779,2062,0.0,0.0
DTXSID8040800,2062,0.0,0.0
DTXSID8041032,2062,0.0,0.0
DTXSID8041034,2062,1.8110227673019252e-15,0.0
DTXSID8041080,2062,0.0,0.0
DTXSID8041117,2062,0.0,0.0
DTXSID8041242,2062,0.0,0.0
DTXSID8041246,2062,2.497942729164526e-19,0.0
DTXSID8041248,2062,0.0,0.0
DTXSID8041298,2062,0.0,0.0
DTXSID8041321,2062,0.0,0.0
DTXSID8041327,2062,2.1828131741924304e-18,0.0
DTXSID8041329,2062,0.0,0.0
DTXSID8041371,2062,0.0,0.0
DTXSID8041373,2062,0.0,0.0
DTXSID8041379,2062,8.595760833315119e-11,0.0
DTXSID8041400,2062,0.0,0.0
DTXSID8041404,2062,0.0,0.0
DTXSID8041452,2062,0.05168883647155074,0.0
DTXSID8041610,2062,0.0,0.0
DTXSID8041668,2062,0.0,0.0
DTXSID8041743,2062,5.399088956949851e-14,0.0
DTXSID8041745,2062,3.7520451035791887e-10,0.0
DTXSID8041793,2062,0.0,0.0
DTXSID8041797,2062,0.0,0.0
DTXSID8041799,2062,0.0,0.0
DTXSID8041828,2062,0.0,0.0
DTXSID8041901,2062,3.3957897325435924e-19,0.0
DTXSID8041909,2062,2.26519073832672e-18,0.0
DTXSID8041951,2062,0.0,0.0
DTXSID8041955,2062,0.0,0.0
DTXSID8041957,2062,0.0,0.0
DTXSID8041959,2062,0.0,0.0
DTXSID8042002,2062,0.0,0.0
DTXSID8042006,2062,0.0,0.0
DTXSID8042052,2062,0.0,0.0
DTXSID8042137,2062,3.2826248232943676e-10,0.0
DTXSID8042181,2062,0.0,0.0
DTXSID8042187,2062,0.0,0.0
DTXSID8042189,2062,0.0,0.0
DTXSID8042210,2062,0.0,0.0
DTXSID8042218,2062,0.0,0.0
DTXSID8042260,2062,1.7449025413964034e-17,0.0
DTXSID8042264,2062,,
DTXSID8042266,2062,0.0,0.0
DTXSID8042343,2062,0.0,0.0
DTXSID8042349,2062,7.101594866363172e-08,0.0
DTXSID8042399,2062,0.0,0.0
DTXSID8042422,2062,0.0,0.0
DTXSID8042424,2062,1.3102372584122468e-14,0.0
DTXSID8042426,2062,0.0,0.0
DTXSID8042478,2062,0.0,0.0
DTXSID8042503,2062,0.0,0.0
DTXSID8042507,2062,0.0,0.0
DTXSID8042509,2062,8.449016725504438e-14,0.0
DTXSID8042559,2062,0.0,0.0
DTXSID8042632,2062,0.0,0.0
DTXSID8043814,2062,1.0827284369368206e-15,0.0
DTXSID8043941,2062,8.19640726504119e-16,0.0
DTXSID8044175,2062,0.0,0.0
DTXSID8044177,2062,8.576881368757868e-09,0.0
DTXSID8044200,2062,0.0,0.0
DTXSID8044202,2062,0.0,0.0
DTXSID8044204,2062,0.0,0.0
DTXSID8044206,2062,0.0,0.0
DTXSID8044208,2062,0.0,0.0
DTXSID8044252,2062,0.0,0.0
DTXSID8044381,2062,0.9996756736603158,1.0
DTXSID8044383,2062,0.0,0.0
DTXSID8044385,2062,0.0,0.0
DTXSID8044389,2062,0.0,0.0
DTXSID8044410,2062,0.0,0.0
DTXSID8044412,2062,0.0,0.0
DTXSID8044414,2062,0.0,0.0
DTXSID8044416,2062,0.0,0.0
DTXSID8044462,2062,0.0,0.0
DTXSID8044464,2062,0.0,0.0
DTXSID8044466,2062,1.0624373062395733e-13,0.0
DTXSID8044541,2062,0.0,0.0
DTXSID8044543,2062,0.0,0.0
DTXSID8044545,2062,0.0,0.0
DTXSID8044547,2062,0.0,0.0
DTXSID8044549,2062,0.0,0.0
DTXSID8044591,2062,0.0,0.0
DTXSID8044593,2062,0.0,0.0
DTXSID8044595,2062,0.0,0.0
DTXSID8044597,2062,0.0,0.0
DTXSID8044599,2062,0.0,0.0
DTXSID8044620,2062,0.0,0.0
DTXSID8044622,2062,0.0,0.0
DTXSID8044624,2062,0.0,0.0
DTXSID8044626,2062,8.000735440441695e-20,0.0
DTXSID8044670,2062,0.0,0.0
DTXSID8044676,2062,0.0,0.0
DTXSID8044678,2062,0.0,0.0
DTXSID8044701,2062,0.0,0.0
DTXSID8044703,2062,0.0,0.0
DTXSID8044709,2062,0.0,0.0
DTXSID8044751,2062,0.0,0.0
DTXSID8044753,2062,0.0,0.0
DTXSID8044755,2062,0.0,0.0
DTXSID8044757,2062,0.0,0.0
DTXSID8044759,2062,0.0,0.0
DTXSID8044830,2062,0.0,0.0
DTXSID8044832,2062,3.260674200170604e-16,0.0
DTXSID8044834,2062,0.0,0.0
DTXSID8044836,2062,,
DTXSID8044880,2062,0.0,0.0
DTXSID8044882,2062,0.0,0.0
DTXSID8044884,2062,0.0,0.0
DTXSID8044886,2062,0.0,0.0
DTXSID8044888,2062,0.0,0.0
DTXSID8044911,2062,0.0,0.0
DTXSID8044913,2062,1.413232791287956e-13,0.0
DTXSID8044915,2062,0.0,0.0
DTXSID8044919,2062,0.0,0.0
DTXSID8044961,2062,0.0,0.0
DTXSID8044963,2062,0.0,0.0
DTXSID8044967,2062,0.0,0.0
DTXSID8045141,2062,0.0,0.0
DTXSID8045145,2062,0.0,0.0
DTXSID8045147,2062,0.0,0.0
DTXSID8045149,2062,0.0,0.0
DTXSID8045191,2062,0.0,0.0
DTXSID8045193,2062,0.0,0.0
DTXSID8045195,2062,0.0,0.0
DTXSID8045220,2062,0.0,0.0
DTXSID8045224,2062,0.0,0.0
DTXSID8045228,2062,0.0,0.0
DTXSID8045307,2062,0.0,0.0
DTXSID8045351,2062,0.0,0.0
DTXSID8045357,2062,0.0,0.0
DTXSID8045359,2062,0.0,0.0
DTXSID8045434,2062,0.0,0.0
DTXSID8045480,2062,0.0,0.0
DTXSID8045484,2062,0.0,0.0
DTXSID8045486,2062,0.0,0.0
DTXSID8045488,2062,0.0,0.0
DTXSID8045511,2062,1.3444162517859937e-12,0.0
DTXSID8045513,2062,7.736215585741452e-16,0.0
DTXSID8045515,2062,0.0,0.0
DTXSID8045519,2062,0.0,0.0
DTXSID8045565,2062,,
DTXSID8045567,2062,0.0,0.0
DTXSID8045640,2062,0.0,0.0
DTXSID8045642,2062,0.0,0.0
DTXSID8045646,2062,0.0,0.0
DTXSID8045648,2062,0.0,0.0
DTXSID8045690,2062,0.0,0.0
DTXSID8045692,2062,0.0,0.0
DTXSID8045698,2062,0.0,0.0
DTXSID8045771,2062,0.0,0.0
DTXSID8045777,2062,0.0,0.0
DTXSID8045779,2062,0.0,0.0
DTXSID8045802,2062,8.434194472623795e-15,0.0
DTXSID8045804,2062,0.0,0.0
DTXSID8045806,2062,0.0,0.0
DTXSID8045850,2062,0.0,0.0
DTXSID8045852,2062,0.0,0.0
DTXSID8045854,2062,2.352005579247084e-11,0.0
DTXSID8045933,2062,0.0,0.0
DTXSID8045935,2062,0.0,0.0
DTXSID8045937,2062,0.0,0.0
DTXSID8045939,2062,0.0,0.0
DTXSID8045983,2062,,
DTXSID8045985,2062,0.0,0.0
DTXSID8045987,2062,0.0,0.0
DTXSID8045989,2062,9.874316039027966e-18,0.0
DTXSID8046030,2062,0.0,0.0
DTXSID8046034,2062,0.0,0.0
DTXSID8046038,2062,0.0,0.0
DTXSID8046086,2062,0.0,0.0
DTXSID8046088,2062,0.0,0.0
DTXSID8046113,2062,0.0,0.0
DTXSID8046117,2062,0.0,0.0
DTXSID8046119,2062,0.0,0.0
DTXSID8046161,2062,0.0,0.0
DTXSID8046163,2062,7.477636102274542e-20,0.0
DTXSID8046242,2062,1.3221336042493571e-08,0.0
DTXSID8046244,2062,2.4859617167357218e-11,0.0
DTXSID8046294,2062,2.7376999564843534e-19,0.0
DTXSID8046296,2062,0.0,0.0
DTXSID8046321,2062,0.0,0.0
DTXSID8046400,2062,7.740255107730049e-10,0.0
DTXSID8046402,2062,0.0,0.0
DTXSID8046404,2062,0.0,0.0
DTXSID8046406,2062,0.0,0.0
DTXSID8046450,2062,0.0,0.0
DTXSID8046454,2062,0.0,0.0
DTXSID8046456,2062,0.0,0.0
DTXSID8046458,2062,0.0,0.0
DTXSID8046531,2062,0.0,0.0
DTXSID8046535,2062,0.0,0.0
DTXSID8046539,2062,0.0,0.0
DTXSID8046585,2062,0.0,0.0
DTXSID8046589,2062,0.0012378333116926596,0.0
DTXSID8046610,2062,0.0,0.0
DTXSID8046662,2062,0.0,0.0
DTXSID8046664,2062,0.0,0.0
DTXSID8046743,2062,1.3492827775551201e-08,0.0
DTXSID8046799,2062,0.0,0.0
DTXSID8046820,2062,0.0,0.0
DTXSID8046828,2062,0.0,0.0
DTXSID8046903,2062,0.9185110765582611,1.0
DTXSID8046951,2062,0.0,0.0
DTXSID8047000,2062,0.0,0.0
DTXSID8047006,2062,0.0,0.0
DTXSID8047050,2062,0.0,0.0
DTXSID8047052,2062,0.0,0.0
DTXSID8047056,2062,0.0,0.0
DTXSID8047058,2062,0.0,0.0
DTXSID8047131,2062,0.0,0.0
DTXSID8047133,2062,0.0,0.0
DTXSID8047135,2062,0.0,0.0
DTXSID8047137,2062,0.0,0.0
DTXSID8047139,2062,0.0,0.0
DTXSID8047183,2062,0.0,0.0
DTXSID8047185,2062,0.0,0.0
DTXSID8047187,2062,0.0,0.0
DTXSID8047189,2062,0.0,0.0
DTXSID8047218,2062,0.0,0.0
DTXSID8047262,2062,0.0,0.0
DTXSID8047264,2062,1.9205586719580225e-13,0.0
DTXSID8047266,2062,0.0,0.0
DTXSID8047268,2062,0.0,0.0
DTXSID8047341,2062,0.0,0.0
DTXSID8047347,2062,0.0,0.0
DTXSID8047349,2062,0.0,0.0
DTXSID8047391,2062,0.0,0.0
DTXSID8047395,2062,0.0,0.0
DTXSID8047397,2062,0.0,0.0
DTXSID8047399,2062,0.0,0.0
DTXSID8047420,2062,0.0,0.0
DTXSID8047422,2062,3.2179700479200516e-14,0.0
DTXSID8047424,2062,0.0,0.0
DTXSID8047426,2062,0.0,0.0
DTXSID8047428,2062,0.0,0.0
DTXSID8047470,2062,0.0,0.0
DTXSID8047472,2062,0.0,0.0
DTXSID8047474,2062,0.0,0.0
DTXSID8047476,2062,0.0,0.0
DTXSID8047501,2062,0.0,0.0
DTXSID8047505,2062,0.0,0.0
DTXSID8047551,2062,0.0,0.0
DTXSID8047553,2062,0.0,0.0
DTXSID8047559,2062,0.0,0.0
DTXSID8047630,2062,0.0,0.0
DTXSID8047636,2062,0.0,0.0
DTXSID8047680,2062,0.0,0.0
DTXSID8047682,2062,0.0,0.0
DTXSID8047684,2062,0.0,0.0
DTXSID8047686,2062,1.1511154199001964e-09,0.0
DTXSID8047711,2062,0.0,0.0
DTXSID8047713,2062,0.0,0.0
DTXSID8047717,2062,0.0,0.0
DTXSID8047769,2062,0.0,0.0
DTXSID8047840,2062,0.0,0.0
DTXSID8047842,2062,0.0,0.0
DTXSID8047844,2062,0.0,0.0
DTXSID8047846,2062,5.079006412492956e-14,0.0
DTXSID8047848,2062,4.619135088133897e-20,0.0
DTXSID8047890,2062,0.0,0.0
DTXSID8047892,2062,9.769608821900739e-17,0.0
DTXSID8047894,2062,0.0003703709783843469,0.0
DTXSID8047896,2062,1.7139112813419757e-14,0.0
DTXSID8047898,2062,0.0,0.0
DTXSID8047921,2062,0.0,0.0
DTXSID8047923,2062,0.8046266335074082,0.0
DTXSID8047925,2062,0.0,0.0
DTXSID8047927,2062,0.0,0.0
DTXSID8047929,2062,0.0,0.0
DTXSID8047971,2062,0.0,0.0
DTXSID8047973,2062,0.0,0.0
DTXSID8048494,2062,0.0,0.0
DTXSID8048521,2062,0.0,0.0
DTXSID8048600,2062,0.0,0.0
DTXSID8048606,2062,0.0,0.0
DTXSID8048608,2062,0.0,0.0
DTXSID8048650,2062,,
DTXSID8048656,2062,0.0,0.0
DTXSID8048733,2062,0.0,0.0
DTXSID8048735,2062,0.0,0.0
DTXSID8048737,2062,0.0,0.0
DTXSID8048739,2062,0.0,0.0
DTXSID8048781,2062,0.0,0.0
DTXSID8048783,2062,0.0,0.0
DTXSID8048785,2062,0.0,0.0
DTXSID8048787,2062,0.0,0.0
DTXSID8048789,2062,0.0,0.0
DTXSID8048810,2062,0.0,0.0
DTXSID8048812,2062,0.0,0.0
DTXSID8048814,2062,0.0,0.0
DTXSID8048818,2062,3.4344345772176764e-10,0.0
DTXSID8048860,2062,0.0,0.0
DTXSID8048866,2062,0.0,0.0
DTXSID8048868,2062,0.0,0.0
DTXSID8048941,2062,0.0,0.0
DTXSID8048943,2062,,
DTXSID8048945,2062,2.737609778940393e-06,0.0
DTXSID8048947,2062,0.0,0.0
DTXSID8048999,2062,0.0,0.0
DTXSID8049040,2062,6.465861085127825e-16,0.0
DTXSID8049042,2062,0.0,0.0
DTXSID8049044,2062,1.0884445108090832e-19,0.0
DTXSID8049046,2062,9.866852817910648e-13,0.0
DTXSID8049048,2062,0.0,0.0
DTXSID8049200,2062,0.0,0.0
DTXSID8049202,2062,0.0,0.0
DTXSID8049204,2062,0.0,0.0
DTXSID8049206,2062,0.0,0.0
DTXSID8049208,2062,0.0,0.0
DTXSID8049250,2062,2.837853153692338e-11,0.0
DTXSID8049252,2062,0.0,0.0
DTXSID8049254,2062,0.9993232790168026,1.0
DTXSID8049256,2062,0.0,0.0
DTXSID8049258,2062,0.0,0.0
DTXSID8049331,2062,2.277599195621428e-11,0.0
DTXSID8049333,2062,0.0,0.0
DTXSID8049335,2062,0.0,0.0
DTXSID8049337,2062,0.0,0.0
DTXSID8049339,2062,0.0,0.0
DTXSID8049381,2062,0.0,0.0
DTXSID8049383,2062,0.0,0.0
DTXSID8049385,2062,0.0,0.0
DTXSID8049387,2062,0.0,0.0
DTXSID8049389,2062,0.0,0.0
DTXSID8049410,2062,0.0,0.0
DTXSID8049412,2062,0.0,0.0
DTXSID8049414,2062,2.891740673409591e-12,0.0
DTXSID8049416,2062,0.0,0.0
DTXSID8049418,2062,0.0,0.0
DTXSID8049460,2062,0.0,0.0
DTXSID8049462,2062,0.0,0.0
DTXSID8049464,2062,0.0,0.0
DTXSID8049466,2062,0.0,0.0
DTXSID8049468,2062,0.0,0.0
DTXSID8049541,2062,0.0,0.0
DTXSID8049543,2062,0.0,0.0
DTXSID8049545,2062,0.0,0.0
DTXSID8049547,2062,0.0,0.0
DTXSID8049549,2062,0.0,0.0
DTXSID8051540,2062,0.0,0.0
DTXSID8051542,2062,0.0,0.0
DTXSID8051544,2062,0.0,0.0
DTXSID8051629,2062,9.476666802747432e-16,0.0
DTXSID8051704,2062,0.0,0.0
DTXSID8051708,2062,0.0,0.0
DTXSID8051754,2062,0.0,0.0
DTXSID8051914,2062,0.0,0.0
DTXSID8052198,2062,0.0,0.0
DTXSID8052300,2062,0.0,0.0
DTXSID8052308,2062,0.0,0.0
DTXSID8052641,2062,0.0,0.0
DTXSID8052724,2062,0.0,0.0
DTXSID8057641,2062,0.0,0.0
DTXSID8057643,2062,0.0,0.0
DTXSID8057645,2062,,
DTXSID8057647,2062,1.440132441619814e-17,0.0
DTXSID8057649,2062,1.9083068229035762e-11,0.0
DTXSID8057691,2062,0.0,0.0
DTXSID8057693,2062,0.0,0.0
DTXSID8057695,2062,0.0,0.0
DTXSID8057697,2062,0.0,0.0
DTXSID8057699,2062,1.3948718746503075e-12,0.0
DTXSID8057720,2062,0.0,0.0
DTXSID8057722,2062,0.0,0.0
DTXSID8057724,2062,0.0,0.0
DTXSID8057726,2062,0.0,0.0
DTXSID8057728,2062,0.0,0.0
DTXSID8057770,2062,0.0,0.0
DTXSID8057772,2062,0.0,0.0
DTXSID8057774,2062,0.0,0.0
DTXSID8057776,2062,0.0,0.0
DTXSID8057778,2062,0.0,0.0
DTXSID8057801,2062,0.0,0.0
DTXSID8057803,2062,0.0,0.0
DTXSID8057805,2062,0.9999999999964609,1.0
DTXSID8057807,2062,0.0,0.0
DTXSID8057809,2062,1.7033254411907832e-05,0.0
DTXSID8057851,2062,1.2154460134317515e-13,0.0
DTXSID8057853,2062,0.0,0.0
DTXSID8057855,2062,0.0,0.0
DTXSID8057857,2062,2.4248180532796782e-17,0.0
DTXSID9020031,2062,,
DTXSID9020081,2062,0.0,0.0
DTXSID9020083,2062,0.0,0.0
DTXSID9020087,2062,0.0,0.0
DTXSID9020089,2062,0.0,0.0
DTXSID9020110,2062,0.9999997375387889,1.0
DTXSID9020112,2062,0.0,0.0
DTXSID9020114,2062,4.971570004217057e-13,0.0
DTXSID9020116,2062,0.0,0.0
DTXSID9020118,2062,0.0,0.0
DTXSID9020160,2062,1.2302315320596578e-05,0.0
DTXSID9020164,2062,0.0,0.0
DTXSID9020166,2062,0.9999999580091313,1.0
DTXSID9020168,2062,0.0,0.0
DTXSID9020241,2062,0.0,0.0
DTXSID9020243,2062,1.6705445182435442e-12,0.0
DTXSID9020245,2062,0.0,0.0
DTXSID9020247,2062,0.0,0.0
DTXSID9020249,2062,0.0,0.0
DTXSID9020293,2062,0.0,0.0
DTXSID9020295,2062,0.0,0.0
DTXSID9020299,2062,0.0001703475280628467,0.0
DTXSID9020322,2062,0.0,0.0
DTXSID9020326,2062,0.0,0.0
DTXSID9020328,2062,0.0,0.0
DTXSID9020370,2062,0.0,0.0
DTXSID9020372,2062,4.796028249713714e-10,0.0
DTXSID9020374,2062,1.0297716080031316e-13,0.0
DTXSID9020376,2062,0.0,0.0
DTXSID9020378,2062,0.0,0.0
DTXSID9020401,2062,0.0,0.0
DTXSID9020407,2062,1.9946671603045532e-17,0.0
DTXSID9020409,2062,0.0,0.0
DTXSID9020451,2062,6.866794654376961e-19,0.0
DTXSID9020453,2062,0.0,0.0
DTXSID9020459,2062,0.0,0.0
DTXSID9020538,2062,0.0,0.0
DTXSID9020580,2062,0.0,0.0
DTXSID9020582,2062,0.0,0.0
DTXSID9020584,2062,0.0,0.0
DTXSID9020615,2062,0.0,0.0
DTXSID9020617,2062,0.0,0.0
DTXSID9020663,2062,0.0,0.0
DTXSID9020667,2062,0.0,0.0
DTXSID9020669,2062,0.005321799479372456,0.0
DTXSID9020740,2062,0.0,0.0
DTXSID9020742,2062,0.0,0.0
DTXSID9020790,2062,0.0,0.0
DTXSID9020792,2062,0.0,0.0
DTXSID9020794,2062,0.0,0.0
DTXSID9020796,2062,4.874333496868265e-13,0.0
DTXSID9020825,2062,0.0,0.0
DTXSID9020827,2062,0.0,0.0
DTXSID9020829,2062,0.0,0.0
DTXSID9020875,2062,0.0,0.0
DTXSID9020877,2062,0.0,0.0
DTXSID9020902,2062,0.0,0.0
DTXSID9020956,2062,0.0,0.0
DTXSID9020958,2062,0.0,0.0
DTXSID9021053,2062,0.0,0.0
DTXSID9021059,2062,0.0,0.0
DTXSID9021130,2062,0.0,0.0
DTXSID9021132,2062,0.809476559291658,0.0
DTXSID9021134,2062,0.0,0.0
DTXSID9021136,2062,0.0,0.0
DTXSID9021138,2062,0.0861462372348388,0.0
DTXSID9021182,2062,0.0,0.0
DTXSID9021184,2062,0.0,0.0
DTXSID9021188,2062,0.0,0.0
DTXSID9021215,2062,0.0,0.0
DTXSID9021217,2062,0.10376947321926099,0.0
DTXSID9021219,2062,,
DTXSID9021267,2062,0.0,0.0
DTXSID9021340,2062,0.0,0.0
DTXSID9021342,2062,0.0,0.0
DTXSID9021344,2062,0.0,0.0
DTXSID9021346,2062,0.0,0.0
DTXSID9021348,2062,0.0,0.0
DTXSID9021390,2062,0.0,0.0
DTXSID9021392,2062,0.0,0.0
DTXSID9021396,2062,0.0,0.0
DTXSID9021398,2062,0.0,0.0
DTXSID9021427,2062,0.0,0.0
DTXSID9021477,2062,0.0,0.0
DTXSID9021479,2062,0.0,0.0
DTXSID9021550,2062,8.263934660137726e-16,0.0
DTXSID9021552,2062,0.0,0.0
DTXSID9021554,2062,0.0,0.0
DTXSID9021631,2062,0.0,0.0
DTXSID9021633,2062,0.0,0.0
DTXSID9021635,2062,0.0,0.0
DTXSID9021637,2062,0.0,0.0
DTXSID9021639,2062,0.0,0.0
DTXSID9021683,2062,1.3585849511440925e-19,0.0
DTXSID9021685,2062,0.0,0.0
DTXSID9021689,2062,0.0,0.0
DTXSID9021710,2062,0.0,0.0
DTXSID9021716,2062,2.2775621360678607e-19,0.0
DTXSID9021718,2062,0.0,0.0
DTXSID9021762,2062,0.0,0.0
DTXSID9021764,2062,0.0,0.0
DTXSID9021841,2062,3.731806521218633e-16,0.0
DTXSID9021843,2062,0.0,0.0
DTXSID9021847,2062,9.025779175870845e-20,0.0
DTXSID9021897,2062,0.0,0.0
DTXSID9021899,2062,0.0,0.0
DTXSID9021922,2062,0.0,0.0
DTXSID9021924,2062,2.8206018635903544e-19,0.0
DTXSID9021928,2062,0.0,0.0
DTXSID9021974,2062,0.0,0.0
DTXSID9021976,2062,0.0,0.0
DTXSID9021978,2062,0.0,0.0
DTXSID9022027,2062,0.0,0.0
DTXSID9022079,2062,0.0,0.0
DTXSID9022100,2062,0.0,0.0
DTXSID9022104,2062,0.0,0.0
DTXSID9022310,2062,0.0,0.0
DTXSID9022312,2062,0.0,0.0
DTXSID9022360,2062,0.9997205752873106,1.0
DTXSID9022364,2062,7.280217126556408e-16,0.0
DTXSID9022366,2062,0.0,0.0
DTXSID9022445,2062,0.0,0.0
DTXSID9022520,2062,0.0,0.0
DTXSID9022522,2062,4.637859376046638e-18,0.0
DTXSID9022524,2062,0.0,0.0
DTXSID9022526,2062,0.0,0.0
DTXSID9022528,2062,0.0,0.0
DTXSID9022576,2062,2.5663245937908297e-19,0.0
DTXSID9022601,2062,0.0,0.0
DTXSID9022603,2062,0.0,0.0
DTXSID9022607,2062,0.0,0.0
DTXSID9022609,2062,0.0,0.0
DTXSID9022655,2062,0.0,0.0
DTXSID9022657,2062,0.0,0.0
DTXSID9022730,2062,0.0,0.0
DTXSID9022734,2062,0.0,0.0
DTXSID9022736,2062,0.0,0.0
DTXSID9022738,2062,0.0,0.0
DTXSID9022780,2062,0.0,0.0
DTXSID9022813,2062,0.0,0.0
DTXSID9022817,2062,0.9999999749567917,1.0
DTXSID9022940,2062,0.0,0.0
DTXSID9022944,2062,0.0,0.0
DTXSID9022948,2062,0.0,0.0
DTXSID9022994,2062,0.0,0.0
DTXSID9023041,2062,0.0,0.0
DTXSID9023043,2062,0.0,0.0
DTXSID9023095,2062,0.0,0.0
DTXSID9023122,2062,0.0,0.0
DTXSID9023128,2062,0.0,0.0
DTXSID9023170,2062,0.0,0.0
DTXSID9023174,2062,0.0,0.0
DTXSID9023201,2062,1.137553666213013e-11,0.0
DTXSID9023205,2062,0.0,0.0
DTXSID9023255,2062,0.0,0.0
DTXSID9023380,2062,0.0,0.0
DTXSID9023386,2062,0.0,0.0
DTXSID9023388,2062,0.0,0.0
DTXSID9023411,2062,9.139972266626269e-16,0.0
DTXSID9023419,2062,0.0,0.0
DTXSID9023540,2062,0.0,0.0
DTXSID9023542,2062,3.012024642584181e-13,0.0
DTXSID9023546,2062,0.0,0.0
DTXSID9023548,2062,0.0,0.0
DTXSID9023590,2062,0.0,0.0
DTXSID9023621,2062,0.0,0.0
DTXSID9023677,2062,3.164968967688048e-13,0.0
DTXSID9023679,2062,4.539151777414672e-19,0.0
DTXSID9023702,2062,0.0,0.0
DTXSID9023706,2062,0.0,0.0
DTXSID9023752,2062,0.0,0.0
DTXSID9023756,2062,1.0192354481367347e-13,0.0
DTXSID9023833,2062,0.0,0.0
DTXSID9023835,2062,0.7137263044147808,0.0
DTXSID9023837,2062,0.0,0.0
DTXSID9023881,2062,3.3664177189959854e-17,0.0
DTXSID9023883,2062,8.059262436804025e-12,0.0
DTXSID9023889,2062,2.597682387571905e-11,0.0
DTXSID9023914,2062,0.0,0.0
DTXSID9023966,2062,0.0,0.0
DTXSID9024015,2062,4.0314409678563885e-16,0.0
DTXSID9024063,2062,0.0,0.0
DTXSID9024065,2062,0.0,0.0
DTXSID9024194,2062,0.0,0.0
DTXSID9024300,2062,1.1373731682817233e-18,0.0
DTXSID9024304,2062,0.0,0.0
DTXSID9024431,2062,0.0,0.0
DTXSID9024437,2062,0.0,0.0
DTXSID9024481,2062,0.0,0.0
DTXSID9024483,2062,0.9999493121666779,1.0
DTXSID9024485,2062,0.0,0.0
DTXSID9024487,2062,0.0,0.0
DTXSID9024489,2062,0.0,0.0
DTXSID9024512,2062,0.0,0.0
DTXSID9024568,2062,0.0,0.0
DTXSID9024641,2062,0.0,0.0
DTXSID9024691,2062,0.0,0.0
DTXSID9024699,2062,0.0,0.0
DTXSID9024724,2062,0.0,0.0
DTXSID9024726,2062,4.7070595377981485e-16,0.0
DTXSID9024770,2062,0.0,0.0
DTXSID9024772,2062,0.0,0.0
DTXSID9024774,2062,0.0,0.0
DTXSID9024809,2062,0.0,0.0
DTXSID9024853,2062,0.0,0.0
DTXSID9024855,2062,0.0,0.0
DTXSID9024930,2062,0.0,0.0
DTXSID9024934,2062,1.7723818817322648e-09,0.0
DTXSID9024980,2062,0.0,0.0
DTXSID9024986,2062,0.0,0.0
DTXSID9025035,2062,0.0,0.0
DTXSID9025037,2062,0.0,0.0
DTXSID9025085,2062,7.819220079885932e-18,0.0
DTXSID9025087,2062,0.0,0.0
DTXSID9025110,2062,0.0,0.0
DTXSID9025112,2062,0.0,0.0
DTXSID9025114,2062,0.0,0.0
DTXSID9025164,2062,0.0,0.0
DTXSID9025166,2062,0.0,0.0
DTXSID9025243,2062,0.0,0.0
DTXSID9025245,2062,0.0,0.0
DTXSID9025249,2062,0.0,0.0
DTXSID9025291,2062,0.0,0.0
DTXSID9025293,2062,0.0,0.0
DTXSID9025297,2062,1.7709390556879238e-14,0.0
DTXSID9025299,2062,3.7582285204028155e-12,0.0
DTXSID9025326,2062,8.730660953290727e-11,0.0
DTXSID9025328,2062,0.0,0.0
DTXSID9025370,2062,0.0,0.0
DTXSID9025401,2062,,
DTXSID9025403,2062,0.0,0.0
DTXSID9025409,2062,0.0,0.0
DTXSID9025451,2062,0.0,0.0
DTXSID9025453,2062,0.0,0.0
DTXSID9025455,2062,0.0,0.0
DTXSID9025534,2062,0.0,0.0
DTXSID9025536,2062,0.0,0.0
DTXSID9025538,2062,1.238108703599263e-12,0.0
DTXSID9025580,2062,0.0,0.0
DTXSID9025588,2062,0.0,0.0
DTXSID9025611,2062,0.0,0.0
DTXSID9025617,2062,0.0,0.0
DTXSID9025661,2062,0.0,0.0
DTXSID9025665,2062,0.0,0.0
DTXSID9025740,2062,0.0,0.0
DTXSID9025742,2062,0.0,0.0
DTXSID9025744,2062,0.0,0.0
DTXSID9025746,2062,2.42512921115883e-16,0.0
DTXSID9025794,2062,0.0,0.0
DTXSID9025796,2062,0.0,0.0
DTXSID9025825,2062,6.983141899104615e-20,0.0
DTXSID9025873,2062,0.0,0.0
DTXSID9025879,2062,0.0,0.0
DTXSID9026051,2062,0.0,0.0
DTXSID9026059,2062,0.0,0.0
DTXSID9026130,2062,0.0,0.0
DTXSID9026132,2062,0.0,0.0
DTXSID9026219,2062,0.0,0.0
DTXSID9026261,2062,0.0,0.0
DTXSID9026265,2062,0.0,0.0
DTXSID9026267,2062,1.5404733162397152e-08,0.0
DTXSID9026342,2062,0.0,0.0
DTXSID9026423,2062,0.0,0.0
DTXSID9026500,2062,0.0,0.0
DTXSID9026558,2062,0.0,0.0
DTXSID9026631,2062,0.0,0.0
DTXSID9026633,2062,0.0,0.0
DTXSID9026689,2062,0.0,0.0
DTXSID9026710,2062,0.0,0.0
DTXSID9026712,2062,0.0,0.0
DTXSID9026714,2062,0.0,0.0
DTXSID9026716,2062,0.0,0.0
DTXSID9026718,2062,0.0,0.0
DTXSID9026766,2062,0.0,0.0
DTXSID9026841,2062,0.0,0.0
DTXSID9026849,2062,0.0,0.0
DTXSID9026899,2062,0.0,0.0
DTXSID9026922,2062,1.631739941957344e-16,0.0
DTXSID9026924,2062,0.0,0.0
DTXSID9026926,2062,0.0,0.0
DTXSID9026974,2062,0.9999997003427372,1.0
DTXSID9027021,2062,0.0,0.0
DTXSID9027104,2062,0.0,0.0
DTXSID9027158,2062,0.0,0.0
DTXSID9027233,2062,0.0,0.0
DTXSID9027239,2062,1.3838234340885093e-19,0.0
DTXSID9027281,2062,0.0,0.0
DTXSID9027310,2062,0.0,0.0
DTXSID9027312,2062,0.0,0.0
DTXSID9027314,2062,0.0,0.0
DTXSID9027360,2062,0.0,0.0
DTXSID9027364,2062,0.0,0.0
DTXSID9027368,2062,0.0,0.0
DTXSID9027441,2062,7.1798911514961685e-12,0.0
DTXSID9027443,2062,0.0,0.0
DTXSID9027449,2062,0.0,0.0
DTXSID9027520,2062,0.0,0.0
DTXSID9027522,2062,4.631786675282871e-15,0.0
DTXSID9027528,2062,6.207901149710283e-10,0.0
DTXSID9027570,2062,0.0,0.0
DTXSID9027603,2062,0.0,0.0
DTXSID9027653,2062,0.0,0.0
DTXSID9027738,2062,0.0,0.0
DTXSID9027863,2062,0.0,0.0
DTXSID9027948,2062,0.0,0.0
DTXSID9028120,2062,0.0,0.0
DTXSID9029017,2062,0.0,0.0
DTXSID9029061,2062,0.0,0.0
DTXSID9029146,2062,0.0,0.0
DTXSID9029192,2062,0.0,0.0
DTXSID9029194,2062,0.0,0.0
DTXSID9029221,2062,0.0,0.0
DTXSID9029223,2062,2.1492304295703235e-16,0.0
DTXSID9029225,2062,0.0,0.0
DTXSID9029275,2062,0.0,0.0
DTXSID9029277,2062,0.0,0.0
DTXSID9029279,2062,0.0,0.0
DTXSID9029300,2062,0.0,0.0
DTXSID9029302,2062,0.0,0.0
DTXSID9029304,2062,0.0,0.0
DTXSID9029649,2062,0.0,0.0
DTXSID9029691,2062,0.0,0.0
DTXSID9029695,2062,0.0,0.0
DTXSID9030048,2062,0.0,0.0
DTXSID9030258,2062,0.0,0.0
DTXSID9030707,2062,0.999999941514235,1.0
DTXSID9031800,2062,0.0,0.0
DTXSID9032113,2062,0.0,0.0
DTXSID9032327,2062,0.0,0.0
DTXSID9032329,2062,0.0,0.0
DTXSID9032375,2062,0.0,0.0
DTXSID9032379,2062,0.0,0.0
DTXSID9032406,2062,0.0,0.0
DTXSID9032531,2062,0.0,0.0
DTXSID9032533,2062,0.04726594550362258,0.0
DTXSID9032535,2062,0.0,0.0
DTXSID9032537,2062,0.9998983564180027,1.0
DTXSID9032581,2062,6.77349495257699e-17,0.0
DTXSID9032589,2062,2.9607880316143164e-09,0.0
DTXSID9032610,2062,2.760840741763379e-07,0.0
DTXSID9032614,2062,0.0,0.0
DTXSID9032878,2062,0.0,0.0
DTXSID9033008,2062,0.0,0.0
DTXSID9033058,2062,0.0,0.0
DTXSID9033187,2062,8.649885342038025e-19,0.0
DTXSID9033264,2062,0.0,0.0
DTXSID9033896,2062,0.0,0.0
DTXSID9033923,2062,9.227809211801246e-17,0.0
DTXSID9033979,2062,0.0,0.0
DTXSID9034070,2062,0.0,0.0
DTXSID9034232,2062,0.0,0.0
DTXSID9034282,2062,0.0,0.0
DTXSID9034286,2062,0.0,0.0
DTXSID9034317,2062,0.7630611616345374,0.0
DTXSID9034361,2062,0.0,0.0
DTXSID9034365,2062,0.0,0.0
DTXSID9034490,2062,8.502100986874076e-18,0.0
DTXSID9034492,2062,0.0,0.0
DTXSID9034816,2062,0.0,0.0
DTXSID9034818,2062,,
DTXSID9034864,2062,0.0,0.0
DTXSID9034997,2062,0.9999963906738901,1.0
DTXSID9035175,2062,0.0,0.0
DTXSID9035204,2062,0.999999999999553,1.0
DTXSID9035206,2062,0.0,0.0
DTXSID9035620,2062,0.0,0.0
DTXSID9035753,2062,0.0,0.0
DTXSID9036226,2062,0.0,0.0
DTXSID9036438,2062,0.0,0.0
DTXSID9036515,2062,0.0,0.0
DTXSID9036646,2062,0.0,0.0
DTXSID9036690,2062,0.0,0.0
DTXSID9036933,2062,0.0,0.0
DTXSID9037038,2062,0.0,0.0
DTXSID9037246,2062,0.0,0.0
DTXSID9037248,2062,0.0,0.0
DTXSID9037535,2062,9.117263898712691e-20,0.0
DTXSID9037539,2062,0.0,0.0
DTXSID9037612,2062,1.5813806773244915e-18,0.0
DTXSID9037616,2062,0.0,0.0
DTXSID9037741,2062,0.0,0.0
DTXSID9037745,2062,2.1723373316474448e-14,0.0
DTXSID9037749,2062,6.649945751766119e-11,0.0
DTXSID9038686,2062,0.0,0.0
DTXSID9039232,2062,0.0,0.0
DTXSID9039238,2062,0.0,0.0
DTXSID9040001,2062,0.0,0.0
DTXSID9040130,2062,0.0,0.0
DTXSID9040134,2062,8.834962084215021e-13,0.0
DTXSID9040215,2062,0.0,0.0
DTXSID9040265,2062,0.0,0.0
DTXSID9040269,2062,0.0,0.0
DTXSID9040342,2062,0.0,0.0
DTXSID9040502,2062,0.0,0.0
DTXSID9040554,2062,0.0,0.0
DTXSID9040635,2062,0.0,0.0
DTXSID9040683,2062,1.4351110614755428e-12,0.0
DTXSID9040685,2062,0.0,0.0
DTXSID9040687,2062,0.0,0.0
DTXSID9040710,2062,0.0,0.0
DTXSID9040712,2062,0.0,0.0
DTXSID9040714,2062,0.0,0.0
DTXSID9040716,2062,0.0,0.0
DTXSID9040718,2062,0.0,0.0
DTXSID9040760,2062,2.8442907877458805e-12,0.0
DTXSID9041075,2062,0.0,0.0
DTXSID9041152,2062,0.0,0.0
DTXSID9041233,2062,0.0,0.0
DTXSID9041237,2062,2.4529833418973052e-15,0.0
DTXSID9041289,2062,6.306901385712474e-08,0.0
DTXSID9041362,2062,0.0,0.0
DTXSID9041366,2062,0.0,0.0
DTXSID9041368,2062,0.0,0.0
DTXSID9041441,2062,0.0,0.0
DTXSID9041491,2062,0.0,0.0
DTXSID9041520,2062,0.0,0.0
DTXSID9041524,2062,7.40586906135738e-05,0.0
DTXSID9041528,2062,0.0,0.0
DTXSID9041570,2062,0.0,0.0
DTXSID9041607,2062,0.0,0.0
DTXSID9041653,2062,0.0,0.0
DTXSID9041659,2062,0.0,0.0
DTXSID9041813,2062,0.0,0.0
DTXSID9041815,2062,0.0,0.0
DTXSID9041861,2062,0.0,0.0
DTXSID9042097,2062,0.0,0.0
DTXSID9042124,2062,0.9999999994937504,1.0
DTXSID9042170,2062,0.0,0.0
DTXSID9042203,2062,2.496855773648208e-12,0.0
DTXSID9042209,2062,0.0,0.0
DTXSID9042259,2062,0.0,0.0
DTXSID9042336,2062,0.0,0.0
DTXSID9042338,2062,0.0,0.0
DTXSID9042382,2062,0.0,0.0
DTXSID9042415,2062,0.0,0.0
DTXSID9042592,2062,0.0,0.0
DTXSID9042594,2062,1.2889044185459235e-11,0.0
DTXSID9043853,2062,0.0,0.0
DTXSID9043855,2062,0.0,0.0
DTXSID9043938,2062,0.0,0.0
DTXSID9044112,2062,0.0,0.0
DTXSID9044164,2062,0.0,0.0
DTXSID9044241,2062,0.0,0.0
DTXSID9044247,2062,0.0,0.0
DTXSID9044299,2062,0.0,0.0
DTXSID9044320,2062,0.0,0.0
DTXSID9044322,2062,4.60417410438844e-09,0.0
DTXSID9044370,2062,0.0,0.0
DTXSID9044372,2062,0.0,0.0
DTXSID9044374,2062,0.0,0.0
DTXSID9044378,2062,0.0,0.0
DTXSID9044401,2062,0.0,0.0
DTXSID9044403,2062,0.0,0.0
DTXSID9044405,2062,0.0,0.0
DTXSID9044407,2062,1.6898361648439327e-17,0.0
DTXSID9044409,2062,0.0,0.0
DTXSID9044451,2062,0.0,0.0
DTXSID9044455,2062,0.0,0.0
DTXSID9044457,2062,0.0,0.0
DTXSID9044459,2062,1.0,1.0
DTXSID9044532,2062,0.0,0.0
DTXSID9044534,2062,0.0,0.0
DTXSID9044536,2062,1.1646823666109914e-06,0.0
DTXSID9044538,2062,0.7849976091573732,0.0
DTXSID9044580,2062,0.0,0.0
DTXSID9044582,2062,0.0,0.0
DTXSID9044584,2062,1.1653082801519859e-14,0.0
DTXSID9044588,2062,8.82714422012474e-17,0.0
DTXSID9044611,2062,0.0,0.0
DTXSID9044613,2062,0.0,0.0
DTXSID9044615,2062,0.0,0.0
DTXSID9044617,2062,0.0,0.0
DTXSID9044619,2062,0.0,0.0
DTXSID9044661,2062,0.0,0.0
DTXSID9044663,2062,0.9999995282020075,1.0
DTXSID9044667,2062,0.0,0.0
DTXSID9044740,2062,0.0,0.0
DTXSID9044742,2062,2.463001483745144e-16,0.0
DTXSID9044744,2062,0.0,0.0
DTXSID9044746,2062,0.0,0.0
DTXSID9044748,2062,0.0,0.0
DTXSID9044790,2062,1.0004071741038916e-05,0.0
DTXSID9044794,2062,0.0,0.0
DTXSID9044796,2062,0.999999999999996,1.0
DTXSID9044798,2062,2.106159341461775e-13,0.0
DTXSID9044821,2062,1.4396546826528942e-14,0.0
DTXSID9044823,2062,0.0,0.0
DTXSID9044825,2062,0.0,0.0
DTXSID9044827,2062,0.0,0.0
DTXSID9044829,2062,6.725407730361549e-11,0.0
DTXSID9044871,2062,1.0394115913081981e-19,0.0
DTXSID9044873,2062,0.0,0.0
DTXSID9044875,2062,0.0,0.0
DTXSID9044877,2062,0.0,0.0
DTXSID9044879,2062,0.0,0.0
DTXSID9044900,2062,0.0,0.0
DTXSID9044902,2062,0.0,0.0
DTXSID9044904,2062,0.0,0.0
DTXSID9044908,2062,0.0,0.0
DTXSID9044950,2062,0.0,0.0
DTXSID9044958,2062,0.0,0.0
DTXSID9045003,2062,0.0,0.0
DTXSID9045005,2062,0.0,0.0
DTXSID9045007,2062,0.0,0.0
DTXSID9045053,2062,0.0,0.0
DTXSID9045132,2062,0.0,0.0
DTXSID9045136,2062,3.1355308652516015e-12,0.0
DTXSID9045138,2062,0.0,0.0
DTXSID9045182,2062,2.3384771156442824e-14,0.0
DTXSID9045184,2062,1.8664250671791947e-19,0.0
DTXSID9045188,2062,1.7005411225055578e-18,0.0
DTXSID9045215,2062,0.0,0.0
DTXSID9045217,2062,0.0,0.0
DTXSID9045265,2062,0.0,0.0
DTXSID9045267,2062,0.0,0.0
DTXSID9045342,2062,0.0,0.0
DTXSID9045346,2062,0.0,0.0
DTXSID9045348,2062,4.1523198493921485e-13,0.0
DTXSID9045390,2062,7.592327173730429e-08,0.0
DTXSID9045392,2062,0.0,0.0
DTXSID9045394,2062,0.0,0.0
DTXSID9045425,2062,0.0,0.0
DTXSID9045429,2062,0.0,0.0
DTXSID9045500,2062,0.0,0.0
DTXSID9045506,2062,0.0,0.0
DTXSID9045508,2062,1.0394552146758052e-15,0.0
DTXSID9045556,2062,0.0,0.0
DTXSID9045558,2062,0.0,0.0
DTXSID9045631,2062,0.0,0.0
DTXSID9045633,2062,0.0,0.0
DTXSID9045635,2062,0.0,0.0
DTXSID9045683,2062,0.0,0.0
DTXSID9045685,2062,0.0,0.0
DTXSID9045687,2062,0.0,0.0
DTXSID9045710,2062,0.0,0.0
DTXSID9045762,2062,3.282070688902235e-17,0.0
DTXSID9045768,2062,0.0,0.0
DTXSID9045843,2062,3.802183105317311e-12,0.0
DTXSID9045845,2062,0.0,0.0
DTXSID9045847,2062,0.0,0.0
DTXSID9045849,2062,0.0,0.0
DTXSID9045891,2062,0.0,0.0
DTXSID9045897,2062,0.0,0.0
DTXSID9045899,2062,0.0,0.0
DTXSID9045922,2062,0.0,0.0
DTXSID9046023,2062,0.0,0.0
DTXSID9046029,2062,3.0711830167642434e-08,0.0
DTXSID9046071,2062,5.162807895921978e-15,0.0
DTXSID9046073,2062,0.0,0.0
DTXSID9046100,2062,0.0,0.0
DTXSID9046104,2062,0.0005515202579318818,0.0
DTXSID9046108,2062,0.0,0.0
DTXSID9046150,2062,0.0,0.0
DTXSID9046152,2062,0.0,0.0
DTXSID9046158,2062,0.0,0.0
DTXSID9046233,2062,0.0,0.0
DTXSID9046235,2062,0.0,0.0
DTXSID9046281,2062,0.0,0.0
DTXSID9046283,2062,1.3408510674745356e-19,0.0
DTXSID9046285,2062,0.0,0.0
DTXSID9046287,2062,0.0,0.0
DTXSID9046289,2062,0.0,0.0
DTXSID9046310,2062,7.992635319943146e-10,0.0
DTXSID9046318,2062,0.0,0.0
DTXSID9046360,2062,0.0,0.0
DTXSID9046443,2062,0.0,0.0
DTXSID9046445,2062,0.0,0.0
DTXSID9046449,2062,4.688268395571539e-13,0.0
DTXSID9046491,2062,0.0,0.0
DTXSID9046495,2062,0.0,0.0
DTXSID9046499,2062,0.0,0.0
DTXSID9046526,2062,0.0,0.0
DTXSID9046570,2062,0.0,0.0
DTXSID9046572,2062,0.0,0.0
DTXSID9046576,2062,0.9999832298783901,1.0
DTXSID9046651,2062,0.0,0.0
DTXSID9046734,2062,0.0,0.0
DTXSID9046738,2062,0.0,0.0
DTXSID9046780,2062,0.0,0.0
DTXSID9046786,2062,0.0,0.0
DTXSID9046813,2062,0.0004229736237476189,0.0
DTXSID9046817,2062,0.0,0.0
DTXSID9046861,2062,0.0,0.0
DTXSID9046942,2062,0.0,0.0
DTXSID9046946,2062,0.0,0.0
DTXSID9046992,2062,5.1536540777121947e-14,0.0
DTXSID9046994,2062,0.0,0.0
DTXSID9046998,2062,1.3341698921490188e-15,0.0
DTXSID9047041,2062,0.0,0.0
DTXSID9047043,2062,0.0,0.0
DTXSID9047045,2062,0.0,0.0
DTXSID9047047,2062,0.0,0.0
DTXSID9047049,2062,0.0,0.0
DTXSID9047091,2062,0.0,0.0
DTXSID9047093,2062,0.0,0.0
DTXSID9047095,2062,0.0,0.0
DTXSID9047099,2062,0.0,0.0
DTXSID9047120,2062,2.2658454570917092e-15,0.0
DTXSID9047124,2062,0.0,0.0
DTXSID9047126,2062,0.0,0.0
DTXSID9047128,2062,0.0,0.0
DTXSID9047174,2062,0.0,0.0
DTXSID9047176,2062,0.0,0.0
DTXSID9047178,2062,0.0,0.0
DTXSID9047201,2062,0.0,0.0
DTXSID9047203,2062,0.0,0.0
DTXSID9047205,2062,7.493083095611073e-15,0.0
DTXSID9047251,2062,5.775798430275576e-19,0.0
DTXSID9047253,2062,0.0,0.0
DTXSID9047255,2062,0.0,0.0
DTXSID9047257,2062,1.1388101024106957e-11,0.0
DTXSID9047259,2062,0.0,0.0
DTXSID9047330,2062,0.0,0.0
DTXSID9047334,2062,0.0,0.0
DTXSID9047338,2062,0.0,0.0
DTXSID9047411,2062,0.0,0.0
DTXSID9047413,2062,0.0,0.0
DTXSID9047415,2062,0.0,0.0
DTXSID9047417,2062,0.0,0.0
DTXSID9047419,2062,1.3681156383826987e-14,0.0
DTXSID9047461,2062,0.0,0.0
DTXSID9047463,2062,0.0,0.0
DTXSID9047465,2062,0.0,0.0
DTXSID9047467,2062,0.0,0.0
DTXSID9047469,2062,0.0,0.0
DTXSID9047540,2062,0.0,0.0
DTXSID9047542,2062,0.0,0.0
DTXSID9047546,2062,0.0,0.0
DTXSID9047548,2062,0.0,0.0
DTXSID9047590,2062,0.0,0.0
DTXSID9047592,2062,0.9999999999998547,1.0
DTXSID9047594,2062,7.916128644945659e-20,0.0
DTXSID9047598,2062,,
DTXSID9047623,2062,0.0,0.0
DTXSID9047629,2062,0.0,0.0
DTXSID9047673,2062,0.0,0.0
DTXSID9047675,2062,0.0,0.0
DTXSID9047677,2062,0.0,0.0
DTXSID9047679,2062,0.0,0.0
DTXSID9047700,2062,0.0,0.0
DTXSID9047702,2062,0.0,0.0
DTXSID9047704,2062,0.0,0.0
DTXSID9047706,2062,0.0,0.0
DTXSID9047708,2062,0.0,0.0
DTXSID9047833,2062,9.804324728431367e-18,0.0
DTXSID9047835,2062,0.0,0.0
DTXSID9047837,2062,0.0,0.0
DTXSID9047839,2062,0.0,0.0
DTXSID9047881,2062,2.8211247396909784e-09,0.0
DTXSID9047883,2062,9.461069790894082e-13,0.0
DTXSID9047885,2062,1.6201229792163516e-11,0.0
DTXSID9047887,2062,1.698955184263277e-08,0.0
DTXSID9047889,2062,0.9866063190942606,1.0
DTXSID9047910,2062,0.0,0.0
DTXSID9047912,2062,0.0,0.0
DTXSID9047914,2062,0.0,0.0
DTXSID9047916,2062,0.0,0.0
DTXSID9047918,2062,0.0,0.0
DTXSID9047960,2062,0.0,0.0
DTXSID9047962,2062,0.0,0.0
DTXSID9047964,2062,0.0,0.0
DTXSID9047966,2062,0.0,0.0
DTXSID9047968,2062,0.0,0.0
DTXSID9048190,2062,3.72728296440138e-12,0.0
DTXSID9048192,2062,0.0,0.0
DTXSID9048194,2062,0.0,0.0
DTXSID9048196,2062,0.0,0.0
DTXSID9048198,2062,0.0,0.0
DTXSID9048510,2062,0.0,0.0
DTXSID9048512,2062,0.0,0.0
DTXSID9048514,2062,0.0,0.0
DTXSID9048516,2062,0.0,0.0
DTXSID9048518,2062,0.0,0.0
DTXSID9048647,2062,0.0,0.0
DTXSID9048649,2062,0.0,0.0
DTXSID9048691,2062,0.0,0.0
DTXSID9048693,2062,0.0,0.0
DTXSID9048695,2062,0.0,0.0
DTXSID9048722,2062,0.0,0.0
DTXSID9048728,2062,0.9999900799599138,1.0
DTXSID9048774,2062,0.0,0.0
DTXSID9048776,2062,7.936093438206015e-17,0.0
DTXSID9048778,2062,0.0,0.0
DTXSID9048801,2062,3.2278868004977426e-09,0.0
DTXSID9048803,2062,0.0,0.0
DTXSID9048805,2062,0.0,0.0
DTXSID9048807,2062,0.0,0.0
DTXSID9048809,2062,0.0,0.0
DTXSID9048851,2062,0.0,0.0
DTXSID9048853,2062,0.0,0.0
DTXSID9048855,2062,0.0,0.0
DTXSID9048859,2062,0.0,0.0
DTXSID9048930,2062,6.5790317924092455e-09,0.0
DTXSID9048932,2062,0.0,0.0
DTXSID9048934,2062,0.0,0.0
DTXSID9048936,2062,0.04813072069790674,0.0
DTXSID9048938,2062,0.0,0.0
DTXSID9048988,2062,0.0,0.0
DTXSID9049035,2062,0.0,0.0
DTXSID9049037,2062,1.2262635957406364e-07,0.0
DTXSID9049039,2062,0.0,0.0
DTXSID9049083,2062,0.0,0.0
DTXSID9049241,2062,0.0,0.0
DTXSID9049243,2062,0.0,0.0
DTXSID9049245,2062,3.022471214220009e-14,0.0
DTXSID9049247,2062,0.0,0.0
DTXSID9049249,2062,0.0,0.0
DTXSID9049291,2062,0.0,0.0
DTXSID9049293,2062,0.0,0.0
DTXSID9049295,2062,0.0,0.0
DTXSID9049297,2062,0.9884235350138373,1.0
DTXSID9049299,2062,0.0,0.0
DTXSID9049320,2062,0.0,0.0
DTXSID9049322,2062,0.0,0.0
DTXSID9049324,2062,0.0,0.0
DTXSID9049326,2062,0.0,0.0
DTXSID9049328,2062,0.0,0.0
DTXSID9049370,2062,0.0,0.0
DTXSID9049372,2062,0.0,0.0
DTXSID9049374,2062,0.0,0.0
DTXSID9049376,2062,0.0,0.0
DTXSID9049378,2062,0.0,0.0
DTXSID9049401,2062,0.9999776371848913,1.0
DTXSID9049403,2062,0.0,0.0
DTXSID9049405,2062,0.0,0.0
DTXSID9049407,2062,0.0,0.0
DTXSID9049409,2062,0.0,0.0
DTXSID9049451,2062,1.1977273688833546e-18,0.0
DTXSID9049453,2062,4.5347610353429426e-20,0.0
DTXSID9049455,2062,0.0,0.0
DTXSID9049457,2062,0.0,0.0
DTXSID9049459,2062,0.0,0.0
DTXSID9049530,2062,0.0,0.0
DTXSID9049532,2062,2.7098265119263487e-14,0.0
DTXSID9049534,2062,0.0,0.0
DTXSID9049536,2062,6.345827779844639e-20,0.0
DTXSID9049538,2062,0.0,0.0
DTXSID9051454,2062,0.0,0.0
DTXSID9051581,2062,0.0,0.0
DTXSID9051618,2062,0.0,0.0
DTXSID9051662,2062,0.0,0.0
DTXSID9051824,2062,0.0,0.0
DTXSID9051907,2062,0.0,0.0
DTXSID9052505,2062,0.0,0.0
DTXSID9052509,2062,0.0,0.0
DTXSID9057630,2062,0.999619437282761,1.0
DTXSID9057632,2062,0.0,0.0
DTXSID9057634,2062,0.0,0.0
DTXSID9057636,2062,0.0,0.0
DTXSID9057638,2062,0.9999947473280497,1.0
DTXSID9057680,2062,0.0,0.0
DTXSID9057682,2062,0.0,0.0
DTXSID9057684,2062,0.0,0.0
DTXSID9057686,2062,0.0,0.0
DTXSID9057688,2062,0.0,0.0
DTXSID9057711,2062,0.0,0.0
DTXSID9057713,2062,0.0,0.0
DTXSID9057715,2062,0.0,0.0
DTXSID9057717,2062,0.0,0.0
DTXSID9057719,2062,1.2754967236775015e-12,0.0
DTXSID9057761,2062,4.6730941738691404e-09,0.0
DTXSID9057763,2062,0.0,0.0
DTXSID9057765,2062,0.0,0.0
DTXSID9057767,2062,0.0,0.0
DTXSID9057769,2062,0.0,0.0
DTXSID9057840,2062,0.0,0.0
DTXSID9057842,2062,0.0,0.0
DTXSID9057844,2062,0.0,0.0
DTXSID9057846,2062,0.0,0.0
DTXSID9057848,2062,0.0,0.0
DTXSID9057890,2062,0.0,0.0
DTXSID9057898,2062,0.0,0.0
DTXSID9058654,2062,0.05267496855022005,0.0
