dtxsid,aeid,hitc_clean,active
DTXSID001339559,116,0.0,0.0
DTXSID001351795,116,3.3376020289781085e-15,0.0
DTXSID001351802,116,1.4244847814422727e-18,0.0
DTXSID00190950,116,0.0,0.0
DTXSID00192353,116,0.0,0.0
DTXSID00194615,116,6.604780359799886e-19,0.0
DTXSID0020020,116,,
DTXSID0020022,116,2.4072753179821804e-05,0.0
DTXSID0020072,116,3.8013770918005036e-12,0.0
DTXSID0020076,116,2.111120014094616e-18,0.0
DTXSID0020105,116,,
DTXSID0020107,116,0.0,0.0
DTXSID0020151,116,7.368964281975436e-13,0.0
DTXSID0020232,116,0.0,0.0
DTXSID0020236,116,9.413562284464508e-08,0.0
DTXSID0020280,116,1.8924675985377116e-16,0.0
DTXSID0020282,116,6.626518840636381e-16,0.0
DTXSID0020284,116,0.00010027158634258549,0.0
DTXSID0020286,116,3.100864586730158e-12,0.0
DTXSID0020288,116,2.3168177518304847e-10,0.0
DTXSID0020311,116,0.0,0.0
DTXSID0020319,116,4.377467288504812e-05,0.0
DTXSID0020361,116,0.0,0.0
DTXSID0020365,116,0.0,0.0
DTXSID0020440,116,0.0,0.0
DTXSID0020442,116,0.0,0.0
DTXSID0020446,116,2.0469681361672122e-17,0.0
DTXSID0020494,116,,
DTXSID0020498,116,0.0,0.0
DTXSID0020523,116,0.0,0.0
DTXSID0020529,116,,
DTXSID0020573,116,0.0,0.0
DTXSID0020575,116,8.191438869974416e-12,0.0
DTXSID0020577,116,,
DTXSID0020604,116,0.0,0.0
DTXSID0020606,116,0.0,0.0
DTXSID0020652,116,0.0,0.0
DTXSID0020654,116,0.0,0.0
DTXSID0020656,116,0.0,0.0
DTXSID0020737,116,0.0,0.0
DTXSID0020814,116,5.018634688850421e-07,0.0
DTXSID0020941,116,2.2113535405039225e-14,0.0
DTXSID0020943,116,0.0,0.0
DTXSID0021040,116,8.544296909803232e-05,0.0
DTXSID0021094,116,1.1208265042700253e-10,0.0
DTXSID0021121,116,0.0,0.0
DTXSID0021123,116,0.0,0.0
DTXSID0021125,116,,
DTXSID0021175,116,2.9669369911431938e-15,0.0
DTXSID0021206,116,,
DTXSID0021254,116,,
DTXSID0021256,116,,
DTXSID0021331,116,,
DTXSID0021333,116,3.913001492742287e-09,0.0
DTXSID0021337,116,0.0,0.0
DTXSID0021339,116,6.0865182076097514e-12,0.0
DTXSID0021385,116,4.594364656910396e-06,0.0
DTXSID0021389,116,2.1915211988489295e-10,0.0
DTXSID0021414,116,,
DTXSID0021460,116,,
DTXSID0021464,116,0.0,0.0
DTXSID0021543,116,0.0,0.0
DTXSID0021597,116,0.0,0.0
DTXSID0021626,116,0.0,0.0
DTXSID0021628,116,0.0,0.0
DTXSID0021757,116,0.0,0.0
DTXSID0021759,116,0.0,0.0
DTXSID0021832,116,0.0,0.0
DTXSID0021834,116,,
DTXSID0021836,116,,
DTXSID0021888,116,0.0,0.0
DTXSID0021915,116,,
DTXSID0021961,116,4.181545840711084e-12,0.0
DTXSID0021963,116,0.0,0.0
DTXSID0021965,116,0.0,0.0
DTXSID0021969,116,0.00039032241283679174,0.0
DTXSID0022012,116,0.0003297377257317392,0.0
DTXSID0022014,116,7.086753460084277e-08,0.0
DTXSID0022016,116,4.441789056105626e-09,0.0
DTXSID0022018,116,1.869267261984823e-06,0.0
DTXSID0022062,116,0.0,0.0
DTXSID0022191,116,1.4149924933437594e-17,0.0
DTXSID0022193,116,,
DTXSID0022301,116,2.339788158290965e-19,0.0
DTXSID0022305,116,3.2606144615131572e-19,0.0
DTXSID0022307,116,0.0,0.0
DTXSID0022353,116,1.2637925933799319e-17,0.0
DTXSID00223797,116,0.0,0.0
DTXSID0022436,116,,
DTXSID0022480,116,,
DTXSID0022519,116,1.2539348124916316e-05,0.0
DTXSID0022563,116,0.0,0.0
DTXSID0022777,116,0.0,0.0
DTXSID0022933,116,,
DTXSID0023113,116,0.0,0.0
DTXSID0023244,116,0.0,0.0
DTXSID0023296,116,0.0,0.0
DTXSID0023371,116,1.035704405293517e-15,0.0
DTXSID0023377,116,0.0,0.0
DTXSID0023581,116,,
DTXSID0023745,116,0.0,0.0
DTXSID0023747,116,0.0,0.0
DTXSID0023826,116,,
DTXSID0023878,116,,
DTXSID0023901,116,0.0,0.0
DTXSID0023907,116,0.04856208228612109,0.0
DTXSID0023951,116,0.0,0.0
DTXSID0023955,116,0.0,0.0
DTXSID0024000,116,0.0,0.0
DTXSID0024002,116,0.0004190652756043738,0.0
DTXSID0024052,116,0.0,0.0
DTXSID0024183,116,9.342482682935132e-08,0.0
DTXSID0024216,116,2.4335546139076542e-05,0.0
DTXSID0024266,116,0.0,0.0
DTXSID0024345,116,9.220203244145803e-07,0.0
DTXSID0024397,116,0.0,0.0
DTXSID0024399,116,0.0,0.0
DTXSID0024553,116,4.55073188473936e-06,0.0
DTXSID0024761,116,0.0,0.0
DTXSID0024890,116,0.0,0.0
DTXSID0025101,116,1.755115559348813e-05,0.0
DTXSID0025234,116,8.771060985325854e-06,0.0
DTXSID0025361,116,0.0,0.0
DTXSID0025363,116,3.564033253757177e-05,0.0
DTXSID0025492,116,6.282165243947941e-05,0.0
DTXSID0025523,116,,
DTXSID0025527,116,,
DTXSID0025571,116,0.0,0.0
DTXSID0025737,116,0.0,0.0
DTXSID0025789,116,2.2849360274764652e-14,0.0
DTXSID0025812,116,,
DTXSID0025816,116,2.644068809926782e-07,0.0
DTXSID0025864,116,,
DTXSID0025991,116,0.0,0.0
DTXSID0026098,116,0.0,0.0
DTXSID0026171,116,0.0,0.0
DTXSID0026252,116,1.4485309694913348e-12,0.0
DTXSID0026258,116,0.0,0.0
DTXSID0026838,116,0.0,0.0
DTXSID0026880,116,3.2666557775937843e-07,0.0
DTXSID0026913,116,3.7789621733856165e-05,0.0
DTXSID0026915,116,,
DTXSID0026967,116,,
DTXSID0027014,116,,
DTXSID0027191,116,0.0,0.0
DTXSID0027195,116,0.0,0.0
DTXSID0027222,116,6.348384761061309e-15,0.0
DTXSID0027270,116,8.507698882810655e-11,0.0
DTXSID0027301,116,3.008058626573991e-10,0.0
DTXSID0027432,116,8.92281001967984e-14,0.0
DTXSID0027438,116,,
DTXSID0027561,116,,
DTXSID0027640,116,1.4190094049540746e-05,0.0
DTXSID0027721,116,0.0,0.0
DTXSID0027729,116,0.0,0.0
DTXSID0027771,116,2.489084751066868e-07,0.0
DTXSID0027773,116,,
DTXSID0027806,116,2.343931781431629e-09,0.0
DTXSID0027852,116,0.0,0.0
DTXSID0027856,116,,
DTXSID0027981,116,0.0,0.0
DTXSID0027983,116,,
DTXSID0028038,116,6.462502769668883e-06,0.0
DTXSID0028323,116,0.0,0.0
DTXSID0028618,116,4.420327250579952e-09,0.0
DTXSID0028666,116,0.0,0.0
DTXSID0029133,116,0.0,0.0
DTXSID0029210,116,0.0,0.0
DTXSID0029214,116,3.820883389890701e-16,0.0
DTXSID0029262,116,,
DTXSID0029559,116,2.6663404408183165e-18,0.0
DTXSID0029761,116,6.7270224474175744e-15,0.0
DTXSID0029848,116,0.0,0.0
DTXSID0030162,116,5.655614434601653e-07,0.0
DTXSID0032029,116,,
DTXSID0032314,116,3.4371812293806103e-06,0.0
DTXSID0032316,116,,
DTXSID0032493,116,0.0009161032482656516,0.0
DTXSID0032497,116,0.0,0.0
DTXSID0032520,116,4.335099112013822e-06,0.0
DTXSID0032572,116,0.0,0.0
DTXSID0032578,116,4.762610063755052e-09,0.0
DTXSID0032601,116,2.1930448204229066e-08,0.0
DTXSID0032605,116,3.8792673245435437e-19,0.0
DTXSID0032651,116,0.0,0.0
DTXSID0032655,116,0.0027936533732744575,0.0
DTXSID0034192,116,0.0,0.0
DTXSID0034223,116,0.004430579153458694,0.0
DTXSID0034227,116,1.018434549140114e-05,0.0
DTXSID0034229,116,,
DTXSID0034300,116,0.00018770731453896606,0.0
DTXSID0034518,116,4.1487023744720855e-06,0.0
DTXSID0034566,116,3.761496835551473e-13,0.0
DTXSID0034695,116,0.0004379900867653306,0.0
DTXSID0034722,116,0.0,0.0
DTXSID0034776,116,1.78488792598442e-12,0.0
DTXSID0034803,116,1.93027622115995e-17,0.0
DTXSID0034851,116,0.0,0.0
DTXSID0034855,116,0.0008806658833009254,0.0
DTXSID0034930,116,3.215510576939476e-05,0.0
DTXSID0034936,116,,
DTXSID0035160,116,1.705164498754137e-13,0.0
DTXSID0035748,116,,
DTXSID0035790,116,1.812131505210285e-08,0.0
DTXSID0036926,116,0.0,0.0
DTXSID0037495,116,0.0,0.0
DTXSID0037570,116,3.23825725602251e-06,0.0
DTXSID0037730,116,,
DTXSID0037734,116,,
DTXSID00379268,116,2.299645414589372e-10,0.0
DTXSID00379884,116,0.0,0.0
DTXSID00379925,116,0.0,0.0
DTXSID00380798,116,0.0,0.0
DTXSID0038700,116,0.0,0.0
DTXSID0038756,116,,
DTXSID0038839,116,2.0624720649705523e-05,0.0
DTXSID0038881,116,3.167677662538309e-06,0.0
DTXSID0038887,116,,
DTXSID0039223,116,0.0,0.0
DTXSID0040127,116,0.0,0.0
DTXSID0040674,116,0.0,0.0
DTXSID0040701,116,0.0,0.0
DTXSID0040703,116,0.0,0.0
DTXSID0040707,116,3.383541659888732e-06,0.0
DTXSID0040751,116,6.892876762193144e-17,0.0
DTXSID0040755,116,2.3349335929240206e-10,0.0
DTXSID0041141,116,,
DTXSID0041197,116,0.0,0.0
DTXSID0041220,116,,
DTXSID0041224,116,2.4738090870325794e-18,0.0
DTXSID0041270,116,7.248807101189744e-18,0.0
DTXSID0041274,116,0.0,0.0
DTXSID0041357,116,,
DTXSID0041359,116,,
DTXSID0041436,116,4.251740031638348e-08,0.0
DTXSID0041484,116,4.300369963359751e-06,0.0
DTXSID0041513,116,,
DTXSID0041517,116,0.0,0.0
DTXSID0041519,116,,
DTXSID0041567,116,,
DTXSID0041646,116,0.0,0.0
DTXSID0041692,116,0.0,0.0
DTXSID0041721,116,0.0,0.0
DTXSID0041981,116,0.004603633790003127,0.0
DTXSID0041983,116,1.7633083608480606e-06,0.0
DTXSID0041985,116,0.0,0.0
DTXSID0042038,116,0.0,0.0
DTXSID0042086,116,1.1002532479837404e-17,0.0
DTXSID0042167,116,0.0,0.0
DTXSID0042169,116,6.987353505078753e-07,0.0
DTXSID0042242,116,1.0578700156501368e-14,0.0
DTXSID0042248,116,,
DTXSID0042325,116,8.204148971774904e-07,0.0
DTXSID0042327,116,0.0,0.0
DTXSID0042379,116,2.718030204624535e-12,0.0
DTXSID0042400,116,,
DTXSID0042406,116,0.0,0.0
DTXSID0042454,116,0.0,0.0
DTXSID0043765,116,0.43025423955532704,0.0
DTXSID0044236,116,4.684060260199652e-08,0.0
DTXSID00442840,116,2.3622578771441457e-11,0.0
DTXSID0044315,116,3.3619738315472505e-09,0.0
DTXSID0044317,116,0.0,0.0
DTXSID0044361,116,0.0,0.0
DTXSID0044363,116,0.0,0.0
DTXSID0044365,116,0.0,0.0
DTXSID0044367,116,,
DTXSID0044369,116,,
DTXSID0044440,116,0.0006450327819359214,0.0
DTXSID0044446,116,0.0,0.0
DTXSID0044490,116,0.0,0.0
DTXSID0044494,116,0.0,0.0
DTXSID0044496,116,7.95326772483524e-17,0.0
DTXSID0044498,116,0.0,0.0
DTXSID0044527,116,0.0,0.0
DTXSID0044571,116,3.923388619232033e-15,0.0
DTXSID0044573,116,0.0,0.0
DTXSID0044575,116,,
DTXSID0044577,116,2.743516907161492e-19,0.0
DTXSID0044604,116,5.393510685475941e-07,0.0
DTXSID0044658,116,1.1252157526609306e-07,0.0
DTXSID0044781,116,2.680135802747355e-08,0.0
DTXSID0044810,116,0.0,0.0
DTXSID0044812,116,1.847670807943008e-11,0.0
DTXSID0044816,116,3.742308154193741e-19,0.0
DTXSID0044818,116,4.338097234831657e-07,0.0
DTXSID0044860,116,0.0,0.0
DTXSID0044862,116,0.0,0.0
DTXSID0044868,116,9.331144311238433e-06,0.0
DTXSID0044993,116,0.0,0.0
DTXSID0044997,116,,
DTXSID0044999,116,,
DTXSID0045254,116,0.0,0.0
DTXSID0046488,116,,
DTXSID0046567,116,2.043655158683777e-09,0.0
DTXSID0047032,116,0.0,0.0
DTXSID0047034,116,2.2675089244994564e-06,0.0
DTXSID0047038,116,3.6170207257853093e-12,0.0
DTXSID0047080,116,2.422062041120089e-16,0.0
DTXSID0047082,116,2.6637419148601973e-06,0.0
DTXSID0047084,116,,
DTXSID0047086,116,0.0,0.0
DTXSID0047088,116,1.2968190105716865e-08,0.0
DTXSID0047111,116,,
DTXSID0047113,116,0.0,0.0
DTXSID0047115,116,0.0,0.0
DTXSID0047117,116,0.0,0.0
DTXSID0047161,116,6.007509577713734e-13,0.0
DTXSID0047163,116,0.0,0.0
DTXSID0047165,116,0.0,0.0
DTXSID0047167,116,0.011479796285927206,0.0
DTXSID0047169,116,0.016342247464310757,0.0
DTXSID0047246,116,0.7324198178679476,0.0
DTXSID0047248,116,,
DTXSID0047290,116,0.0,0.0
DTXSID0047292,116,0.0,0.0
DTXSID0047294,116,4.472455675362089e-11,0.0
DTXSID0047296,116,2.2415535348070582e-08,0.0
DTXSID0047325,116,,
DTXSID0047327,116,,
DTXSID0047371,116,,
DTXSID0047375,116,0.0,0.0
DTXSID0047377,116,,
DTXSID0047379,116,,
DTXSID0047400,116,,
DTXSID0047406,116,0.0,0.0
DTXSID0047408,116,0.0,0.0
DTXSID0047454,116,1.9874531592563098e-17,0.0
DTXSID0047456,116,0.0,0.0
DTXSID0047533,116,,
DTXSID0047535,116,,
DTXSID0047537,116,4.382845821750226e-10,0.0
DTXSID0047539,116,4.450116708710355e-10,0.0
DTXSID0047581,116,0.0,0.0
DTXSID0047583,116,0.0,0.0
DTXSID0047585,116,0.0,0.0
DTXSID0047587,116,6.659833079376174e-05,0.0
DTXSID0047589,116,0.0,0.0
DTXSID0047610,116,0.0,0.0
DTXSID0047614,116,0.0,0.0
DTXSID0047618,116,,
DTXSID0047741,116,8.30704454536518e-09,0.0
DTXSID0047749,116,1.3326997758091675e-14,0.0
DTXSID0047957,116,7.046800143347783e-07,0.0
DTXSID0048181,116,1.5564659631462055e-16,0.0
DTXSID0048183,116,,
DTXSID0048185,116,,
DTXSID0048187,116,0.0010122129447953255,0.0
DTXSID0048189,116,,
DTXSID0048210,116,0.0,0.0
DTXSID0048505,116,0.0,0.0
DTXSID0048507,116,0.0,0.0
DTXSID0048509,116,,
DTXSID0051447,116,0.0,0.0
DTXSID0051493,116,0.0,0.0
DTXSID0051497,116,0.0,0.0
DTXSID0051499,116,8.828063603135622e-08,0.0
DTXSID0051570,116,0.0,0.0
DTXSID0051574,116,0.0,0.0
DTXSID0051732,116,,
DTXSID0051736,116,0.0,0.0
DTXSID0051738,116,,
DTXSID0051782,116,,
DTXSID0051863,116,0.0,0.0
DTXSID0051944,116,0.0,0.0
DTXSID0051996,116,,
DTXSID0052043,116,,
DTXSID0052124,116,0.0,0.0
DTXSID0052463,116,,
DTXSID0052542,116,,
DTXSID0052590,116,,
DTXSID0052594,116,9.74396477758544e-05,0.0
DTXSID0052596,116,2.133173422564596e-16,0.0
DTXSID0052598,116,0.0,0.0
DTXSID0052621,116,1.3271121755120322e-10,0.0
DTXSID0052629,116,0.0,0.0
DTXSID0052833,116,0.0,0.0
DTXSID0052837,116,0.0,0.0
DTXSID0052839,116,0.0,0.0
DTXSID0052910,116,7.2162048845076754e-09,0.0
DTXSID0052912,116,2.225333487806495e-07,0.0
DTXSID0057910,116,9.59516238540118e-09,0.0
DTXSID0057912,116,4.759545622010253e-18,0.0
DTXSID0057914,116,0.0,0.0
DTXSID0057916,116,0.0,0.0
DTXSID0059794,116,7.309169128398293e-18,0.0
DTXSID0059829,116,,
DTXSID0059871,116,0.0,0.0
DTXSID0059879,116,0.0,0.0
DTXSID0060985,116,0.0,0.0
DTXSID0061826,116,0.0,0.0
DTXSID0073118,116,0.0,0.0
DTXSID0074059,116,0.0,0.0
DTXSID00858881,116,0.0,0.0
DTXSID00858886,116,5.489707551138228e-16,0.0
DTXSID00858902,116,0.0,0.0
DTXSID00858907,116,1.6173364928932252e-18,0.0
DTXSID00858922,116,0.0,0.0
DTXSID00872663,116,8.857962949828335e-08,0.0
DTXSID00872709,116,3.0823453713138106e-09,0.0
DTXSID00872724,116,8.790300860079257e-11,0.0
DTXSID00872729,116,2.960346768560923e-13,0.0
DTXSID00872744,116,3.912055545936246e-18,0.0
DTXSID00872749,116,1.182370748908357e-06,0.0
DTXSID00892442,116,0.0,0.0
DTXSID00903825,116,1.1634597482074084e-05,0.0
DTXSID00903840,116,6.752640124916675e-09,0.0
DTXSID00903845,116,6.184011196566581e-05,0.0
DTXSID00903860,116,0.0,0.0
DTXSID00903865,116,0.0,0.0
DTXSID00903880,116,0.0,0.0
DTXSID00903885,116,0.0,0.0
DTXSID101351786,116,0.0,0.0
DTXSID101351798,116,0.0,0.0
DTXSID101351805,116,,
DTXSID10190946,116,0.0,0.0
DTXSID1020063,116,0.0,0.0
DTXSID1020069,116,0.00014047290880966516,0.0
DTXSID1020140,116,2.544058423743529e-16,0.0
DTXSID1020142,116,0.0,0.0
DTXSID1020144,116,0.0,0.0
DTXSID1020148,116,0.05646512981267366,0.0
DTXSID1020190,116,1.144948435724273e-16,0.0
DTXSID1020194,116,4.5126886028535906e-08,0.0
DTXSID1020221,116,5.086993649962889e-13,0.0
DTXSID1020223,116,8.140726197655109e-20,0.0
DTXSID1020308,116,3.620256551760745e-08,0.0
DTXSID1020350,116,0.004681160406634826,0.0
DTXSID1020352,116,1.892524158529011e-14,0.0
DTXSID1020354,116,,
DTXSID1020431,116,5.636014500666998e-06,0.0
DTXSID1020433,116,0.0,0.0
DTXSID1020439,116,0.0,0.0
DTXSID1020485,116,7.068041101070549e-13,0.0
DTXSID1020510,116,0.9852951298317504,1.0
DTXSID1020512,116,,
DTXSID1020516,116,0.0,0.0
DTXSID1020560,116,0.0012083436063795863,0.0
DTXSID1020647,116,0.0,0.0
DTXSID1020697,116,2.4259374001413204e-12,0.0
DTXSID1020699,116,,
DTXSID1020728,116,,
DTXSID1020770,116,0.0,0.0
DTXSID1020778,116,2.780840568385192e-10,0.0
DTXSID1020803,116,0.0,0.0
DTXSID1020805,116,1.0694195290081606e-17,0.0
DTXSID1020807,116,8.913703103693925e-06,0.0
DTXSID1020855,116,6.444844367449136e-06,0.0
DTXSID1020930,116,0.0004149860187807523,0.0
DTXSID1020932,116,1.6458543878578388e-07,0.0
DTXSID1020980,116,0.0,0.0
DTXSID1021031,116,0.9590211259298286,1.0
DTXSID1021039,116,0.0,0.0
DTXSID1021081,116,0.0,0.0
DTXSID1021087,116,0.0,0.0
DTXSID1021116,116,0.0,0.0
DTXSID1021118,116,4.4305006654938e-09,0.0
DTXSID1021160,116,0.0006188667382514374,0.0
DTXSID1021164,116,,
DTXSID1021166,116,1.1718637321659662e-11,0.0
DTXSID1021241,116,0.0,0.0
DTXSID1021243,116,0.0,0.0
DTXSID1021247,116,,
DTXSID1021299,116,3.9393412040146576e-13,0.0
DTXSID1021322,116,1.2608747148091251e-12,0.0
DTXSID1021328,116,1.2762037615732817e-17,0.0
DTXSID1021372,116,0.0,0.0
DTXSID1021378,116,,
DTXSID1021403,116,0.0,0.0
DTXSID1021405,116,0.02186882547739974,0.0
DTXSID1021409,116,,
DTXSID1021455,116,0.0,0.0
DTXSID1021586,116,0.0,0.0
DTXSID1021617,116,0.0,0.0
DTXSID1021740,116,0.0,0.0
DTXSID1021790,116,0.0,0.0
DTXSID1021792,116,0.0,0.0
DTXSID1021798,116,,
DTXSID1021821,116,5.984064381488917e-11,0.0
DTXSID1021871,116,0.0,0.0
DTXSID1021877,116,7.104682181925457e-09,0.0
DTXSID1021904,116,5.162652348614059e-10,0.0
DTXSID1021952,116,7.367943905120632e-15,0.0
DTXSID1021956,116,1.5546013652078796e-09,0.0
DTXSID1022001,116,8.286306022843448e-17,0.0
DTXSID1022003,116,0.0,0.0
DTXSID1022009,116,,
DTXSID1022051,116,1.6838498447749484e-06,0.0
DTXSID1022053,116,,
DTXSID1022055,116,0.0,0.0
DTXSID1022138,116,,
DTXSID1022180,116,2.397971355976218e-10,0.0
DTXSID1022188,116,0.0,0.0
DTXSID1022217,116,0.0,0.0
DTXSID1022265,116,,
DTXSID1022267,116,4.4152507597866995e-07,0.0
DTXSID1022394,116,,
DTXSID1022396,116,0.0,0.0
DTXSID1022421,116,,
DTXSID10224331,116,0.0,0.0
DTXSID1022479,116,0.0,0.0
DTXSID1022508,116,1.0162289181430523e-11,0.0
DTXSID1023235,116,,
DTXSID1023815,116,0.0,0.0
DTXSID1023817,116,,
DTXSID1023819,116,1.0460975955532037e-15,0.0
DTXSID1023869,116,3.7982182534668933e-11,0.0
DTXSID1023990,116,0.0,0.0
DTXSID1023996,116,0.0,0.0
DTXSID1023998,116,0.00012814976743019964,0.0
DTXSID1024045,116,,
DTXSID1024049,116,0.0,0.0
DTXSID1024091,116,2.7961351597055135e-08,0.0
DTXSID1024097,116,1.5330762166064752e-10,0.0
DTXSID1024124,116,0.004507615026344254,0.0
DTXSID1024126,116,,
DTXSID1024170,116,0.0,0.0
DTXSID1024174,116,0.0,0.0
DTXSID1024176,116,0.0,0.0
DTXSID1024209,116,,
DTXSID1024255,116,0.0,0.0
DTXSID1024259,116,0.7403219335414842,0.0
DTXSID1024338,116,,
DTXSID1024465,116,2.468413620525382e-08,0.0
DTXSID1024598,116,4.555166447403143e-05,0.0
DTXSID1024621,116,,
DTXSID1024629,116,0.0,0.0
DTXSID1024704,116,3.932116809276976e-13,0.0
DTXSID1024837,116,,
DTXSID1024916,116,0.0,0.0
DTXSID1024918,116,,
DTXSID1024966,116,,
DTXSID1025017,116,0.6528487182561661,0.0
DTXSID1025148,116,0.0,0.0
DTXSID1025221,116,0.0004141448495346687,0.0
DTXSID1025271,116,0.0,0.0
DTXSID1025279,116,0.0,0.0
DTXSID1025300,116,2.958315737897131e-08,0.0
DTXSID1025306,116,,
DTXSID1025433,116,0.0008951485682724801,0.0
DTXSID1025485,116,1.1685170602161035e-17,0.0
DTXSID1025512,116,,
DTXSID1025560,116,0.0,0.0
DTXSID1025726,116,1.0058778432548924e-07,0.0
DTXSID1025805,116,0.00031708814992635826,0.0
DTXSID1025809,116,,
DTXSID1025857,116,0.0,0.0
DTXSID1025930,116,1.7626245029311734e-08,0.0
DTXSID1026031,116,,
DTXSID1026033,116,0.0,0.0
DTXSID1026035,116,1.681165602967228e-05,0.0
DTXSID1026081,116,2.3692860168158534e-08,0.0
DTXSID1026118,116,0.0,0.0
DTXSID1026164,116,0.0,0.0
DTXSID1026241,116,4.513228070491809e-10,0.0
DTXSID1026293,116,0.4832832458449055,0.0
DTXSID1026457,116,0.0,0.0
DTXSID1026536,116,0.0,0.0
DTXSID1026615,116,0.0,0.0
DTXSID1026665,116,0.0,0.0
DTXSID1026792,116,0.0,0.0
DTXSID1026879,116,0.0,0.0
DTXSID1026900,116,,
DTXSID1026902,116,0.8974246100781532,0.0
DTXSID1026904,116,0.0,0.0
DTXSID1026906,116,,
DTXSID1026908,116,0.0,0.0
DTXSID1027134,116,0.0,0.0
DTXSID1027184,116,0.724234014520302,0.0
DTXSID1027211,116,0.0,0.0
DTXSID1027263,116,1.4928159519266892e-11,0.0
DTXSID1027267,116,0.0,0.0
DTXSID1027342,116,0.0,0.0
DTXSID1027344,116,4.477581157370614e-21,0.0
DTXSID1027346,116,0.0003351284759519691,0.0
DTXSID1027390,116,2.1235393767582643e-11,0.0
DTXSID1027429,116,,
DTXSID1027479,116,2.307902762434811e-07,0.0
DTXSID1027500,116,0.0,0.0
DTXSID1027502,116,2.7466144338347892e-08,0.0
DTXSID1027504,116,2.092746240721533e-06,0.0
DTXSID1027550,116,0.0,0.0
DTXSID1027556,116,2.0102669467943863e-08,0.0
DTXSID1027558,116,8.579375973783238e-06,0.0
DTXSID1027633,116,1.4290302912160156e-14,0.0
DTXSID1027635,116,0.00017894538545532284,0.0
DTXSID1027841,116,0.0,0.0
DTXSID1027891,116,0.0,0.0
DTXSID1027899,116,0.0025862383326563164,0.0
DTXSID1027920,116,0.0,0.0
DTXSID1027924,116,0.0,0.0
DTXSID1027926,116,0.0,0.0
DTXSID1027928,116,2.3284616475656058e-18,0.0
DTXSID1027978,116,,
DTXSID1029124,116,4.8262306758610255e-09,0.0
DTXSID1029128,116,0.0,0.0
DTXSID1029170,116,0.0,0.0
DTXSID1029201,116,0.00025561443506685026,0.0
DTXSID1029251,116,,
DTXSID1029677,116,0.0,0.0
DTXSID1029889,116,0.0,0.0
DTXSID1030319,116,7.642864915409124e-17,0.0
DTXSID1030606,116,0.0,0.0
DTXSID1031460,116,2.4764633794584576e-05,0.0
DTXSID1031462,116,4.424906045771455e-06,0.0
DTXSID1031591,116,0.0,0.0
DTXSID1031626,116,0.10397001857231035,0.0
DTXSID1032303,116,,
DTXSID1032305,116,0.0,0.0
DTXSID1032309,116,0.0,0.0
DTXSID1032355,116,0.0,0.0
DTXSID1032359,116,0.0025320141767960634,0.0
DTXSID1032482,116,7.290004674247765e-07,0.0
DTXSID1032484,116,1.0710819636998311e-10,0.0
DTXSID1032488,116,0.0008368187423447847,0.0
DTXSID1032511,116,7.464682579288859e-13,0.0
DTXSID1032513,116,,
DTXSID1032519,116,,
DTXSID1032569,116,,
DTXSID1032640,116,1.0634169013265935e-09,0.0
DTXSID1032642,116,4.330223339669541e-16,0.0
DTXSID1032646,116,3.386409076467622e-18,0.0
DTXSID1032648,116,2.3108087038809437e-10,0.0
DTXSID1032690,116,,
DTXSID1033161,116,0.0028228101190013294,0.0
DTXSID1033371,116,0.0,0.0
DTXSID1033664,116,0.0,0.0
DTXSID1034181,116,0.0,0.0
DTXSID1034187,116,1.214577993258747e-13,0.0
DTXSID1034210,116,1.911389018932236e-05,0.0
DTXSID1034212,116,0.0004458961907698385,0.0
DTXSID1034260,116,1.254750597169466e-08,0.0
DTXSID1034501,116,5.357474781160847e-06,0.0
DTXSID1034503,116,0.0,0.0
DTXSID1034634,116,,
DTXSID1034769,116,,
DTXSID1034929,116,5.583288145275122e-10,0.0
DTXSID1034973,116,0.0,0.0
DTXSID1035288,116,0.0,0.0
DTXSID1035783,116,0.00228949706573629,0.0
DTXSID1036541,116,,
DTXSID1036545,116,0.0005657392252596193,0.0
DTXSID10370988,116,0.0,0.0
DTXSID1037303,116,0.0,0.0
DTXSID1037565,116,,
DTXSID1037567,116,5.582517741600531e-09,0.0
DTXSID1037806,116,0.0,0.0
DTXSID10379254,116,0.0,0.0
DTXSID10379835,116,0.0,0.0
DTXSID10379850,116,0.0,0.0
DTXSID10379991,116,,
DTXSID10382147,116,0.0,0.0
DTXSID1038298,116,0.0,0.0
DTXSID1038321,116,0.0,0.0
DTXSID1038666,116,0.0,0.0
DTXSID1038743,116,1.1253678569883084e-06,0.0
DTXSID1038795,116,1.3236237497840315e-15,0.0
DTXSID1038822,116,3.307951614591824e-08,0.0
DTXSID1038824,116,1.659927983987402e-14,0.0
DTXSID1038876,116,1.1870297317137639e-13,0.0
DTXSID1040110,116,0.0,0.0
DTXSID1040112,116,2.6581984617989503e-10,0.0
DTXSID1040114,116,1.6280152892779194e-15,0.0
DTXSID1040164,116,0.0,0.0
DTXSID1040245,116,4.125942990281056e-05,0.0
DTXSID1040320,116,1.3552123440389465e-07,0.0
DTXSID1040326,116,1.0025360846315857e-12,0.0
DTXSID1040372,116,,
DTXSID1040611,116,,
DTXSID1040619,116,0.0,0.0
DTXSID1040661,116,,
DTXSID1040742,116,,
DTXSID1040792,116,0.0,0.0
DTXSID1040794,116,9.511599140723293e-09,0.0
DTXSID1041184,116,0.0,0.0
DTXSID1041188,116,,
DTXSID1041261,116,0.0,0.0
DTXSID1041263,116,2.9017939133694432e-08,0.0
DTXSID1041265,116,,
DTXSID1041267,116,0.0,0.0
DTXSID1041346,116,0.0,0.0
DTXSID1041396,116,4.852162582172659e-07,0.0
DTXSID1041421,116,,
DTXSID1041423,116,0.0,0.0
DTXSID1041425,116,0.0,0.0
DTXSID1041502,116,0.8787938464167524,0.0
DTXSID1041506,116,0.0,0.0
DTXSID1041508,116,5.508477053210936e-13,0.0
DTXSID1041550,116,0.0,0.0
DTXSID1041639,116,3.880881553798723e-10,0.0
DTXSID1041847,116,,
DTXSID1041891,116,0.0,0.0
DTXSID1041920,116,0.0,0.0
DTXSID1041970,116,0.0,0.0
DTXSID1041978,116,0.0,0.0
DTXSID1042154,116,,
DTXSID1042443,116,0.0,0.0
DTXSID1042445,116,4.101703935186634e-15,0.0
DTXSID1042491,116,0.0,0.0
DTXSID1042499,116,1.607189604481875e-06,0.0
DTXSID1043910,116,,
DTXSID1044221,116,4.412195715990373e-15,0.0
DTXSID1044227,116,,
DTXSID1044352,116,0.0,0.0
DTXSID1044354,116,0.0,0.0
DTXSID1044356,116,1.092905319852815e-06,0.0
DTXSID1044435,116,,
DTXSID1044437,116,0.0,0.0
DTXSID1044481,116,0.0,0.0
DTXSID1044487,116,0.0,0.0
DTXSID1044489,116,2.7926614905470288e-14,0.0
DTXSID1044514,116,,
DTXSID1044518,116,1.1482130920548221e-10,0.0
DTXSID1044560,116,0.0,0.0
DTXSID1044564,116,0.0,0.0
DTXSID1044568,116,0.0,0.0
DTXSID1044643,116,,
DTXSID1044693,116,,
DTXSID1044697,116,7.692247059751954e-07,0.0
DTXSID1044720,116,0.0,0.0
DTXSID1044770,116,0.0,0.0
DTXSID1044772,116,7.233678751677826e-07,0.0
DTXSID1044774,116,1.183641789903648e-07,0.0
DTXSID1044776,116,1.6476218708262444e-15,0.0
DTXSID1044809,116,0.0,0.0
DTXSID1044851,116,0.0,0.0
DTXSID1044853,116,5.6259565056006716e-05,0.0
DTXSID1044859,116,0.0,0.0
DTXSID1044934,116,2.5166591492941773e-10,0.0
DTXSID1044936,116,0.0,0.0
DTXSID1044938,116,0.0,0.0
DTXSID1044986,116,0.0,0.0
DTXSID10461880,116,0.0,0.0
DTXSID1046970,116,,
DTXSID1046976,116,0.0,0.0
DTXSID1047029,116,,
DTXSID1047071,116,0.0,0.0
DTXSID1047102,116,,
DTXSID1047104,116,0.0,0.0
DTXSID1047106,116,2.4622853002843495e-05,0.0
DTXSID1047152,116,7.857448334696576e-17,0.0
DTXSID1047156,116,0.0,0.0
DTXSID1047158,116,0.0,0.0
DTXSID1047281,116,0.7735549290057154,0.0
DTXSID1047283,116,,
DTXSID1047285,116,7.063519585330846e-06,0.0
DTXSID1047287,116,,
DTXSID1047289,116,,
DTXSID1047310,116,,
DTXSID1047312,116,0.0,0.0
DTXSID1047316,116,,
DTXSID1047318,116,5.431306785453044e-18,0.0
DTXSID1047360,116,0.0001789430655717436,0.0
DTXSID1047362,116,1.7948558183667393e-09,0.0
DTXSID1047364,116,,
DTXSID1047366,116,3.2478707267677027e-15,0.0
DTXSID1047368,116,0.9556930670068714,1.0
DTXSID1047443,116,4.806404898019522e-19,0.0
DTXSID1047447,116,0.0,0.0
DTXSID1047497,116,6.769564165253366e-05,0.0
DTXSID1047520,116,,
DTXSID1047526,116,0.0,0.0
DTXSID1047528,116,,
DTXSID1047570,116,1.525089064434749e-05,0.0
DTXSID1047574,116,0.0,0.0
DTXSID1047576,116,0.0,0.0
DTXSID1047578,116,1.1411356119473787e-06,0.0
DTXSID1047601,116,0.0,0.0
DTXSID1047603,116,9.040109373542645e-08,0.0
DTXSID1047605,116,9.708701962034964e-16,0.0
DTXSID1047607,116,0.0,0.0
DTXSID1047609,116,7.070383466190947e-17,0.0
DTXSID1047651,116,0.0,0.0
DTXSID1047655,116,0.0,0.0
DTXSID1047657,116,0.00029359900746719886,0.0
DTXSID1047659,116,0.0,0.0
DTXSID1048122,116,0.0,0.0
DTXSID1048170,116,0.0,0.0
DTXSID1048172,116,0.0,0.0
DTXSID1048174,116,,
DTXSID1048176,116,0.0,0.0
DTXSID1048178,116,0.0,0.0
DTXSID1048201,116,8.798562508868814e-15,0.0
DTXSID1048203,116,0.0,0.0
DTXSID1048207,116,3.998037845956934e-07,0.0
DTXSID1048209,116,0.0,0.0
DTXSID1049225,116,0.0,0.0
DTXSID1049697,116,1.75057225669109e-08,0.0
DTXSID1051690,116,0.0,0.0
DTXSID1051771,116,0.0,0.0
DTXSID1051779,116,0.0,0.0
DTXSID1051808,116,,
DTXSID1051850,116,0.0065829225376932005,0.0
DTXSID1051856,116,,
DTXSID1051939,116,,
DTXSID1052294,116,2.2784065412773477e-11,0.0
DTXSID1052298,116,9.461987040575138e-15,0.0
DTXSID1052539,116,,
DTXSID1052585,116,1.915516348703197e-19,0.0
DTXSID1052587,116,1.1325907450409311e-06,0.0
DTXSID1052610,116,1.012798555329781e-08,0.0
DTXSID1052901,116,1.4229647293591058e-06,0.0
DTXSID1052903,116,1.7076474166204675e-06,0.0
DTXSID1052905,116,1.6269054960191553e-10,0.0
DTXSID1052907,116,1.4676970610207793e-09,0.0
DTXSID1052909,116,3.206469443522456e-08,0.0
DTXSID1057907,116,1.6650824103834517e-19,0.0
DTXSID1057909,116,0.0,0.0
DTXSID1062122,116,1.7581512679096878e-18,0.0
DTXSID1067629,116,0.0,0.0
DTXSID1068772,116,0.0,0.0
DTXSID1074915,116,0.0,0.0
DTXSID10858872,116,0.00013916856036955103,0.0
DTXSID10858877,116,2.056497387072534e-06,0.0
DTXSID10858892,116,1.375159535191191e-10,0.0
DTXSID10858897,116,6.429289548359723e-05,0.0
DTXSID10858913,116,2.3110670327985386e-17,0.0
DTXSID10858918,116,0.0,0.0
DTXSID10872710,116,0.0,0.0
DTXSID10872715,116,2.976549916332291e-15,0.0
DTXSID10872730,116,2.2004530739928282e-05,0.0
DTXSID10872735,116,0.0,0.0
DTXSID10872750,116,5.063905018384017e-06,0.0
DTXSID10872755,116,0.0,0.0
DTXSID10903831,116,0.0001412862682936815,0.0
DTXSID10903836,116,3.3671806353599e-07,0.0
DTXSID10903851,116,,
DTXSID10903856,116,0.0,0.0
DTXSID10903871,116,0.0,0.0
DTXSID10903876,116,0.0,0.0
DTXSID10903891,116,0.0,0.0
DTXSID10903896,116,0.0,0.0
DTXSID201339555,116,0.0,0.0
DTXSID201339593,116,2.793843918056245e-07,0.0
DTXSID201351484,116,2.5071436734430114e-06,0.0
DTXSID201351789,116,0.0,0.0
DTXSID201351791,116,0.0,0.0
DTXSID20179883,116,0.0,0.0
DTXSID2020006,116,0.0,0.0
DTXSID2020058,116,,
DTXSID2020137,116,1.9619536464865584e-11,0.0
DTXSID2020189,116,3.4140561188355877e-06,0.0
DTXSID2020210,116,0.0,0.0
DTXSID2020212,116,2.4314554291258765e-13,0.0
DTXSID2020216,116,1.863531177875854e-17,0.0
DTXSID2020262,116,,
DTXSID2020266,116,0.0,0.0
DTXSID2020268,116,,
DTXSID2020347,116,1.9957953004106135e-09,0.0
DTXSID2020349,116,6.289504538850881e-06,0.0
DTXSID2020420,116,4.797806771034192e-07,0.0
DTXSID2020424,116,0.0,0.0
DTXSID2020426,116,0.0,0.0
DTXSID2020428,116,,
DTXSID2020474,116,,
DTXSID2020501,116,,
DTXSID2020505,116,8.943133405107255e-08,0.0
DTXSID2020507,116,0.0,0.0
DTXSID2020509,116,0.0,0.0
DTXSID2020634,116,,
DTXSID2020636,116,1.2236675725520295e-06,0.0
DTXSID2020686,116,2.954984868528637e-05,0.0
DTXSID2020688,116,,
DTXSID2020713,116,3.378106625057978e-17,0.0
DTXSID2020767,116,4.760651659897747e-09,0.0
DTXSID2020890,116,,
DTXSID2020892,116,3.999751279487663e-08,0.0
DTXSID2020894,116,,
DTXSID2020921,116,2.4110753609377062e-12,0.0
DTXSID2020923,116,1.6963123663167366e-05,0.0
DTXSID2020927,116,0.000724714733928615,0.0
DTXSID2020929,116,0.0,0.0
DTXSID2020977,116,,
DTXSID2021022,116,1.6072839399599268e-05,0.0
DTXSID2021026,116,,
DTXSID2021028,116,7.147156234967424e-08,0.0
DTXSID2021103,116,3.671244498102044e-15,0.0
DTXSID2021105,116,0.338131996556056,0.0
DTXSID2021151,116,1.6049155149556687e-15,0.0
DTXSID2021234,116,1.8479031762125124e-13,0.0
DTXSID2021236,116,,
DTXSID2021238,116,2.15895969749842e-05,0.0
DTXSID2021282,116,0.00023498211709550672,0.0
DTXSID2021286,116,0.0,0.0
DTXSID2021288,116,0.0,0.0
DTXSID2021311,116,8.275486960043427e-15,0.0
DTXSID2021367,116,,
DTXSID2021440,116,0.6421832946551709,0.0
DTXSID2021498,116,0.0,0.0
DTXSID2021575,116,7.175281334479279e-16,0.0
DTXSID2021577,116,1.0858588595068283e-13,0.0
DTXSID2021600,116,1.1068004506933584e-12,0.0
DTXSID2021602,116,2.009141497079121e-06,0.0
DTXSID2021604,116,0.0,0.0
DTXSID2021650,116,0.0,0.0
DTXSID2021654,116,0.0,0.0
DTXSID2021656,116,9.847602234690244e-08,0.0
DTXSID2021735,116,3.8076454023577025e-08,0.0
DTXSID2021739,116,1.0707037547261614e-08,0.0
DTXSID2021781,116,0.00034448827152603413,0.0
DTXSID2021816,116,0.0,0.0
DTXSID2021818,116,,
DTXSID2021864,116,0.0,0.0
DTXSID2021866,116,0.0,0.0
DTXSID2021941,116,0.0,0.0
DTXSID2021943,116,0.0,0.0
DTXSID2021947,116,0.8767930307337622,0.0
DTXSID2021993,116,0.008465217421907893,0.0
DTXSID2021995,116,0.0,0.0
DTXSID2021997,116,0.0,0.0
DTXSID2022048,116,1.2314373538422294e-09,0.0
DTXSID2022090,116,0.0,0.0
DTXSID2022096,116,0.0,0.0
DTXSID2022121,116,4.816628437025142e-14,0.0
DTXSID2022123,116,0.0,0.0
DTXSID2022125,116,0.0,0.0
DTXSID2022127,116,,
DTXSID2022171,116,,
DTXSID2022179,116,1.0116093181699716e-05,0.0
DTXSID2022254,116,9.983630541930416e-18,0.0
DTXSID2022331,116,0.0,0.0
DTXSID2022333,116,0.0,0.0
DTXSID2022381,116,0.0048499187509277245,0.0
DTXSID2022462,116,0.0,0.0
DTXSID2022628,116,0.0,0.0
DTXSID2022678,116,,
DTXSID2022880,116,,
DTXSID2023016,116,0.0,0.0
DTXSID2023193,116,9.385490318974817e-07,0.0
DTXSID2023224,116,1.0316108994888572e-18,0.0
DTXSID2023270,116,0.001235285908076997,0.0
DTXSID2023309,116,0.0,0.0
DTXSID2023430,116,5.316268139299618e-06,0.0
DTXSID2023434,116,0.0,0.0
DTXSID2023519,116,0.0,0.0
DTXSID2023567,116,3.0847513443067e-06,0.0
DTXSID2023569,116,0.0,0.0
DTXSID2023723,116,,
DTXSID2024086,116,0.12129207941131888,0.0
DTXSID2024163,116,4.495234647363405e-15,0.0
DTXSID2024242,116,0.0,0.0
DTXSID2024452,116,,
DTXSID2024458,116,0.0,0.0
DTXSID2024585,116,,
DTXSID2024662,116,0.0,0.0
DTXSID2024664,116,1.9313991198369598e-19,0.0
DTXSID2024666,116,0.0,0.0
DTXSID2024793,116,3.963220106242978e-12,0.0
DTXSID2024799,116,0.0,0.0
DTXSID2024824,116,8.043297965887612e-11,0.0
DTXSID2024955,116,,
DTXSID2025050,116,4.765216966544656e-19,0.0
DTXSID2025133,116,,
DTXSID2025135,116,0.0,0.0
DTXSID2025139,116,0.006634630131400272,0.0
DTXSID2025210,116,0.015317416284455699,0.0
DTXSID2025216,116,,
DTXSID2025347,116,0.0,0.0
DTXSID2025395,116,,
DTXSID2025478,116,3.942238924185905e-18,0.0
DTXSID2025501,116,0.0021826604202841364,0.0
DTXSID2025505,116,,
DTXSID2025557,116,3.9190294784301435e-16,0.0
DTXSID2025632,116,,
DTXSID2025680,116,1.705303163214311e-17,0.0
DTXSID2025688,116,0.0,0.0
DTXSID2025842,116,0.0,0.0
DTXSID2025892,116,2.672833881139405e-09,0.0
DTXSID2025925,116,2.622499104988649e-13,0.0
DTXSID2025977,116,0.0,0.0
DTXSID2026076,116,8.081207530104896e-12,0.0
DTXSID2026232,116,0.0,0.0
DTXSID2026238,116,3.638927768048173e-12,0.0
DTXSID2026446,116,0.0,0.0
DTXSID2026496,116,0.0,0.0
DTXSID2026523,116,2.5402318631676757e-07,0.0
DTXSID2026525,116,0.0,0.0
DTXSID2026529,116,,
DTXSID2026573,116,4.194938024893579e-18,0.0
DTXSID2026602,116,0.944365667286618,1.0
DTXSID2026608,116,3.1738369990772384e-07,0.0
DTXSID2026652,116,0.0,0.0
DTXSID2026739,116,1.4679146915492642e-17,0.0
DTXSID2026781,116,5.126460774371223e-07,0.0
DTXSID2026783,116,1.7823518887205942e-18,0.0
DTXSID2026789,116,7.113326280719677e-16,0.0
DTXSID2026864,116,,
DTXSID2026943,116,2.1222698929727898e-08,0.0
DTXSID2026991,116,0.0,0.0
DTXSID2026997,116,8.539989786357895e-11,0.0
DTXSID2027094,116,0.0,0.0
DTXSID2027200,116,0.0,0.0
DTXSID2027204,116,,
DTXSID2027206,116,0.0,0.0
DTXSID2027258,116,0.0,0.0
DTXSID2027333,116,0.0,0.0
DTXSID2027412,116,0.0,0.0
DTXSID2027414,116,0.0,0.0
DTXSID2027466,116,0.0,0.0
DTXSID2027593,116,,
DTXSID2027620,116,0.0,0.0
DTXSID2027759,116,,
DTXSID2027830,116,1.0877191123208777e-07,0.0
DTXSID2027832,116,4.130584726493133e-17,0.0
DTXSID2027834,116,0.0,0.0
DTXSID2027884,116,1.018788447085489e-18,0.0
DTXSID2027963,116,,
DTXSID2028985,116,1.457516323273526e-05,0.0
DTXSID2029117,116,0.9890148939455001,1.0
DTXSID2029167,116,,
DTXSID2029242,116,0.0,0.0
DTXSID2029246,116,2.1464212862133296e-08,0.0
DTXSID2029290,116,1.6344678430109392e-09,0.0
DTXSID2029298,116,,
DTXSID2029325,116,1.48717059583405e-13,0.0
DTXSID2029329,116,,
DTXSID2029612,116,0.0,0.0
DTXSID2029616,116,,
DTXSID2029874,116,,
DTXSID2030695,116,0.00031714134499419115,0.0
DTXSID2031089,116,0.0,0.0
DTXSID2031374,116,1.7531231917135293e-19,0.0
DTXSID2032342,116,0.8996420227171645,0.0
DTXSID2032344,116,0.0,0.0
DTXSID2032348,116,,
DTXSID2032390,116,2.41886958077439e-06,0.0
DTXSID2032392,116,9.853194174803633e-07,0.0
DTXSID2032398,116,0.0013036318855543436,0.0
DTXSID2032500,116,0.0,0.0
DTXSID2032502,116,0.0,0.0
DTXSID2032550,116,2.7637519485971457e-11,0.0
DTXSID2032552,116,0.0,0.0
DTXSID2032554,116,1.3391373471904167e-15,0.0
DTXSID2032556,116,0.0,0.0
DTXSID2032558,116,0.0,0.0
DTXSID2032631,116,6.787484280145683e-05,0.0
DTXSID2032637,116,1.809331537785497e-07,0.0
DTXSID2032639,116,,
DTXSID2032683,116,5.317669199814575e-16,0.0
DTXSID2033314,116,0.0,0.0
DTXSID20335129,116,0.0,0.0
DTXSID20335700,116,,
DTXSID20337446,116,0.0,0.0
DTXSID20337466,116,0.0,0.0
DTXSID2034259,116,0.0,0.0
DTXSID2034465,116,1.1603279620870402e-05,0.0
DTXSID2034542,116,2.2282478907498914e-13,0.0
DTXSID2034590,116,,
DTXSID2034598,116,,
DTXSID2034625,116,1.680536134637173e-05,0.0
DTXSID2034627,116,0.0,0.0
DTXSID2034673,116,,
DTXSID2034700,116,0.0,0.0
DTXSID2034881,116,1.931877650027844e-07,0.0
DTXSID2034885,116,6.744668615347189e-10,0.0
DTXSID2034962,116,3.0348090146078707e-06,0.0
DTXSID2035013,116,6.2985225235234075e-06,0.0
DTXSID2036112,116,0.0,0.0
DTXSID2036299,116,2.1457795009887872e-05,0.0
DTXSID2036588,116,,
DTXSID2036827,116,0.0,0.0
DTXSID2037502,116,,
DTXSID20375106,116,0.0,0.0
DTXSID2037712,116,,
DTXSID2037714,116,6.575873974753681e-07,0.0
DTXSID20379947,116,5.24444055981724e-14,0.0
DTXSID2038732,116,0.0,0.0
DTXSID2038788,116,0.0,0.0
DTXSID2038813,116,0.0,0.0
DTXSID2039336,116,2.0946155704105935e-07,0.0
DTXSID2040151,116,0.0,0.0
DTXSID2040284,116,,
DTXSID2040361,116,4.3955252355041947e-13,0.0
DTXSID2040363,116,0.0,0.0
DTXSID2040731,116,2.1424579721945796e-11,0.0
DTXSID2040733,116,0.0,0.0
DTXSID2040787,116,,
DTXSID2041125,116,,
DTXSID2041200,116,1.86967190374671e-14,0.0
DTXSID2041206,116,0.999867439584987,1.0
DTXSID2041208,116,,
DTXSID2041250,116,0.0,0.0
DTXSID2041252,116,5.7180005422958304e-05,0.0
DTXSID2041256,116,7.96321557164643e-15,0.0
DTXSID2041389,116,3.419506010708776e-13,0.0
DTXSID2041412,116,1.1707100467371991e-17,0.0
DTXSID2041416,116,1.5977681467936397e-07,0.0
DTXSID2041418,116,0.0,0.0
DTXSID2041460,116,1.3348555774960665e-07,0.0
DTXSID2041464,116,0.0,0.0
DTXSID2041622,116,0.0,0.0
DTXSID2041672,116,6.069680576616205e-08,0.0
DTXSID2041674,116,0.0,0.0
DTXSID2041703,116,2.6093387294757104e-11,0.0
DTXSID2041709,116,4.835042652883648e-10,0.0
DTXSID2041759,116,0.0020210652797103814,0.0
DTXSID2042060,116,,
DTXSID2042062,116,0.0,0.0
DTXSID2042143,116,0.0,0.0
DTXSID2042191,116,3.1107192507534825e-17,0.0
DTXSID2042199,116,0.0,0.0
DTXSID2042276,116,,
DTXSID2042436,116,2.036393172083088e-11,0.0
DTXSID2043903,116,0.0,0.0
DTXSID20440585,116,0.0,0.0
DTXSID2044268,116,0.0,0.0
DTXSID2044347,116,8.561703547922197e-14,0.0
DTXSID2044391,116,0.0,0.0
DTXSID2044395,116,0.0,0.0
DTXSID2044428,116,,
DTXSID2044470,116,6.912227902476824e-08,0.0
DTXSID2044472,116,0.0,0.0
DTXSID2044476,116,0.0,0.0
DTXSID2044503,116,1.4035177098566006e-06,0.0
DTXSID2044507,116,0.0,0.0
DTXSID2044509,116,,
DTXSID2044553,116,,
DTXSID2044713,116,0.0,0.0
DTXSID2044717,116,7.683284803191246e-07,0.0
DTXSID2044719,116,0.0,0.0
DTXSID2044763,116,8.909208485440287e-13,0.0
DTXSID2044765,116,0.0,0.0
DTXSID2044767,116,0.00018794599509568876,0.0
DTXSID2044769,116,,
DTXSID2044846,116,,
DTXSID2044848,116,1.8559737096736967e-20,0.0
DTXSID2044890,116,,
DTXSID2044892,116,1.798274767964998e-06,0.0
DTXSID2044896,116,0.0,0.0
DTXSID2044898,116,5.5064051385268134e-11,0.0
DTXSID2044927,116,0.0,0.0
DTXSID2044929,116,1.2789325903029325e-08,0.0
DTXSID2044971,116,,
DTXSID2044973,116,4.6384435405726674e-06,0.0
DTXSID2045076,116,,
DTXSID2045232,116,2.8665852439707917e-15,0.0
DTXSID2047060,116,0.0,0.0
DTXSID2047062,116,1.9782682583390748e-05,0.0
DTXSID2047066,116,7.780009258056669e-10,0.0
DTXSID2047068,116,0.0,0.0
DTXSID2047141,116,,
DTXSID2047145,116,0.0,0.0
DTXSID2047149,116,0.0,0.0
DTXSID2047191,116,0.0035269526055374295,0.0
DTXSID2047193,116,8.27113342170392e-19,0.0
DTXSID2047195,116,0.0008528255679914728,0.0
DTXSID2047197,116,0.0,0.0
DTXSID2047199,116,0.0,0.0
DTXSID2047222,116,0.0,0.0
DTXSID2047270,116,,
DTXSID2047272,116,2.416924379848404e-14,0.0
DTXSID2047274,116,3.046797873546546e-17,0.0
DTXSID2047276,116,8.319153012216942e-09,0.0
DTXSID2047278,116,0.00047706665631983214,0.0
DTXSID2047301,116,0.00022151199672505059,0.0
DTXSID2047303,116,,
DTXSID2047305,116,,
DTXSID2047307,116,,
DTXSID2047309,116,0.6273310199374755,0.0
DTXSID2047351,116,,
DTXSID2047353,116,,
DTXSID2047355,116,,
DTXSID2047357,116,,
DTXSID2047359,116,,
DTXSID2047434,116,,
DTXSID2047436,116,,
DTXSID2047486,116,0.0,0.0
DTXSID2047511,116,1.4409253988417732e-17,0.0
DTXSID2047517,116,0.0,0.0
DTXSID2047519,116,,
DTXSID2047565,116,0.0001053292540586687,0.0
DTXSID2047567,116,0.0,0.0
DTXSID2047642,116,0.0,0.0
DTXSID2047644,116,0.0,0.0
DTXSID2047646,116,0.0,0.0
DTXSID2047648,116,0.0010884734786670907,0.0
DTXSID2047696,116,,
DTXSID2047721,116,0.0006682315748692438,0.0
DTXSID2047725,116,,
DTXSID2047727,116,1.420411369325637e-15,0.0
DTXSID2048167,116,0.0,0.0
DTXSID2050403,116,0.0,0.0
DTXSID2051477,116,0.0005338845151140881,0.0
DTXSID2051631,116,0.0,0.0
DTXSID2051687,116,5.6327306582775536e-06,0.0
DTXSID2051716,116,0.0,0.0
DTXSID2051764,116,0.0,0.0
DTXSID2051895,116,1.7786866117735253e-07,0.0
DTXSID2052281,116,0.0,0.0
DTXSID2052283,116,0.0,0.0
DTXSID2052289,116,0.0,0.0
DTXSID2052310,116,0.0,0.0
DTXSID2052447,116,1.0310748675861706e-13,0.0
DTXSID2052574,116,0.0,0.0
DTXSID2052603,116,0.0,0.0
DTXSID2052607,116,1.5597705371036896e-05,0.0
DTXSID2060965,116,0.0,0.0
DTXSID20858868,116,0.0,0.0
DTXSID20858883,116,3.8470026014177694e-10,0.0
DTXSID20858888,116,0.0,0.0
DTXSID20858904,116,0.0,0.0
DTXSID20858909,116,2.1409064359128036e-06,0.0
DTXSID20861913,116,0.0,0.0
DTXSID20872706,116,1.4641724730058226e-14,0.0
DTXSID20872721,116,9.621767839586298e-12,0.0
DTXSID20872726,116,2.3091457747085446e-14,0.0
DTXSID20872741,116,0.0,0.0
DTXSID20872746,116,5.274294782766549e-12,0.0
DTXSID20874028,116,0.0,0.0
DTXSID20880144,116,0.0,0.0
DTXSID20881338,116,0.0,0.0
DTXSID20903827,116,3.5138929236039444e-06,0.0
DTXSID20903842,116,3.649361761750589e-07,0.0
DTXSID20903847,116,0.0,0.0
DTXSID20903862,116,0.0,0.0
DTXSID20903867,116,0.0,0.0
DTXSID20903882,116,0.0,0.0
DTXSID20903887,116,0.0,0.0
DTXSID301339558,116,0.0,0.0
DTXSID301339560,116,0.0,0.0
DTXSID301351794,116,0.0,0.0
DTXSID301351801,116,1.956797942541744e-18,0.0
DTXSID30170109,116,3.034491880024982e-16,0.0
DTXSID30190948,116,3.514638263788353e-07,0.0
DTXSID3020043,116,2.6100061884331685e-09,0.0
DTXSID3020047,116,0.0,0.0
DTXSID3020091,116,,
DTXSID3020093,116,1.9203534297880946e-09,0.0
DTXSID3020122,116,0.0,0.0
DTXSID3020205,116,9.931108597313581e-13,0.0
DTXSID3020207,116,4.273541252443128e-08,0.0
DTXSID3020209,116,,
DTXSID3020257,116,0.02052782153386244,0.0
DTXSID3020332,116,0.0,0.0
DTXSID3020336,116,0.0,0.0
DTXSID3020415,116,0.0,0.0
DTXSID3020465,116,2.9965152170948434e-08,0.0
DTXSID3020621,116,0.0,0.0
DTXSID3020625,116,,
DTXSID3020627,116,1.5605043282451444e-10,0.0
DTXSID3020629,116,3.158923321242654e-11,0.0
DTXSID3020671,116,7.174611969991406e-10,0.0
DTXSID3020673,116,4.4977518307907115e-06,0.0
DTXSID3020679,116,,
DTXSID3020704,116,3.408392908735421e-08,0.0
DTXSID3020706,116,0.0002682155151745838,0.0
DTXSID3020881,116,0.0,0.0
DTXSID3020887,116,,
DTXSID3020889,116,0.0036334861518152075,0.0
DTXSID3020910,116,,
DTXSID3020912,116,5.981960531458459e-06,0.0
DTXSID3020916,116,7.773975899236082e-18,0.0
DTXSID3020918,116,0.0,0.0
DTXSID3020960,116,3.2625571320911306e-08,0.0
DTXSID3020962,116,0.0,0.0
DTXSID3020964,116,5.979835676974074e-08,0.0
DTXSID3020966,116,,
DTXSID3021142,116,0.0,0.0
DTXSID3021190,116,0.0,0.0
DTXSID3021192,116,,
DTXSID3021196,116,0.0005144592485502473,0.0
DTXSID3021275,116,3.407733970389655e-11,0.0
DTXSID3021277,116,0.0,0.0
DTXSID3021356,116,0.0,0.0
DTXSID3021358,116,0.0,0.0
DTXSID3021483,116,8.235301119879357e-07,0.0
DTXSID3021485,116,,
DTXSID3021487,116,2.3497103802082783e-06,0.0
DTXSID3021516,116,0.0,0.0
DTXSID3021518,116,,
DTXSID3021641,116,0.0,0.0
DTXSID3021643,116,2.5747701329809712e-08,0.0
DTXSID3021645,116,6.8617020512236365e-09,0.0
DTXSID3021726,116,4.900896809846504e-16,0.0
DTXSID3021770,116,0.0,0.0
DTXSID3021774,116,1.5999495528966866e-05,0.0
DTXSID3021778,116,0.0,0.0
DTXSID3021801,116,0.0,0.0
DTXSID3021805,116,,
DTXSID3021807,116,0.0,0.0
DTXSID3021851,116,0.0,0.0
DTXSID3021853,116,0.0,0.0
DTXSID3021932,116,,
DTXSID3021936,116,,
DTXSID3021938,116,,
DTXSID3021980,116,0.0,0.0
DTXSID3021982,116,0.0,0.0
DTXSID3021984,116,4.061069358492608e-09,0.0
DTXSID3021986,116,,
DTXSID3022035,116,3.602796854918291e-17,0.0
DTXSID3022085,116,,
DTXSID3022162,116,0.0,0.0
DTXSID3022164,116,1.4831104874711925e-17,0.0
DTXSID3022247,116,,
DTXSID3022320,116,9.708821243013556e-12,0.0
DTXSID3022370,116,2.5414066910694966e-05,0.0
DTXSID3022405,116,,
DTXSID3022409,116,0.0,0.0
DTXSID3022455,116,0.0,0.0
DTXSID3022536,116,4.430711535188884e-07,0.0
DTXSID3022588,116,0.0,0.0
DTXSID3022667,116,,
DTXSID3022798,116,,
DTXSID3022877,116,0.0,0.0
DTXSID3023471,116,3.952899770955597e-07,0.0
DTXSID3023556,116,,
DTXSID3023685,116,,
DTXSID3023764,116,0.0,0.0
DTXSID3023845,116,1.3026342021869822e-08,0.0
DTXSID3023897,116,1.7425083516735337e-05,0.0
DTXSID3023899,116,0.004303441700875315,0.0
DTXSID3023974,116,,
DTXSID3024100,116,0.00016184487134678625,0.0
DTXSID3024102,116,4.520614331493114e-10,0.0
DTXSID3024104,116,0.0,0.0
DTXSID3024152,116,4.971368643058796e-15,0.0
DTXSID3024154,116,0.0,0.0
DTXSID3024235,116,,
DTXSID3024239,116,7.614008140649917e-09,0.0
DTXSID3024287,116,4.507250821763908e-11,0.0
DTXSID3024289,116,5.922570111047425e-08,0.0
DTXSID3024316,116,,
DTXSID3024318,116,,
DTXSID3024364,116,0.0,0.0
DTXSID3024366,116,2.1323661652514766e-08,0.0
DTXSID3024368,116,0.0,0.0
DTXSID3024491,116,0.0,0.0
DTXSID3024528,116,,
DTXSID3024657,116,,
DTXSID3024738,116,0.0,0.0
DTXSID3024780,116,0.0,0.0
DTXSID3024861,116,9.473134645028128e-05,0.0
DTXSID3024869,116,,
DTXSID3024940,116,0.0,0.0
DTXSID3024944,116,,
DTXSID3024994,116,2.4146886326619767e-08,0.0
DTXSID3025047,116,4.89701050753521e-07,0.0
DTXSID3025049,116,2.528044393945893e-10,0.0
DTXSID3025091,116,,
DTXSID3025122,116,,
DTXSID3025170,116,0.0,0.0
DTXSID3025178,116,0.0,0.0
DTXSID3025209,116,0.0,0.0
DTXSID3025253,116,,
DTXSID3025461,116,0.0,0.0
DTXSID3025465,116,1.383439899833837e-14,0.0
DTXSID3025469,116,0.0,0.0
DTXSID3025540,116,0.0,0.0
DTXSID3025881,116,6.807499164038425e-08,0.0
DTXSID3026065,116,0.0,0.0
DTXSID3026223,116,,
DTXSID3026302,116,1.0992838291151772e-15,0.0
DTXSID3026514,116,0.0,0.0
DTXSID3026560,116,4.3316185022954375e-12,0.0
DTXSID3026562,116,0.0,0.0
DTXSID3026564,116,0.0,0.0
DTXSID3026566,116,,
DTXSID3026641,116,,
DTXSID3026645,116,0.0,0.0
DTXSID3026647,116,0.0006519323063186733,0.0
DTXSID3026691,116,,
DTXSID3026697,116,6.528705008409656e-06,0.0
DTXSID3026726,116,0.0,0.0
DTXSID3026728,116,0.0,0.0
DTXSID3027039,116,0.0,0.0
DTXSID3027085,116,0.0,0.0
DTXSID3027241,116,,
DTXSID3027293,116,0.0,0.0
DTXSID3027297,116,0.0,0.0
DTXSID3027320,116,,
DTXSID3027322,116,2.828058186608748e-17,0.0
DTXSID3027401,116,0.0,0.0
DTXSID3027403,116,,
DTXSID3027407,116,0.0,0.0
DTXSID3027530,116,0.0,0.0
DTXSID3027584,116,1.0292484644645864e-07,0.0
DTXSID3027588,116,,
DTXSID3027615,116,0.0,0.0
DTXSID3027792,116,0.0,0.0
DTXSID3027798,116,9.676009646359451e-11,0.0
DTXSID3027875,116,,
DTXSID3027877,116,3.677997497953705e-15,0.0
DTXSID3027902,116,,
DTXSID3028005,116,1.5953977418988436e-05,0.0
DTXSID3029154,116,0.0,0.0
DTXSID3029237,116,,
DTXSID3029289,116,0.0,0.0
DTXSID3029364,116,0.0,0.0
DTXSID3029572,116,0.0,0.0
DTXSID3029607,116,0.0,0.0
DTXSID3029653,116,,
DTXSID3029869,116,0.0,0.0
DTXSID3030428,116,0.0,0.0
DTXSID3030636,116,,
DTXSID3031492,116,0.0,0.0
DTXSID3031860,116,0.02723071643579068,0.0
DTXSID3031862,116,0.0,0.0
DTXSID3031864,116,0.9837152114781013,1.0
DTXSID3032331,116,0.0,0.0
DTXSID3032337,116,8.900339419072983e-09,0.0
DTXSID3032389,116,0.00211134504846826,0.0
DTXSID3032412,116,,
DTXSID3032416,116,0.0,0.0
DTXSID3032464,116,6.44386519967757e-14,0.0
DTXSID3032541,116,,
DTXSID3032547,116,1.736258715588384e-06,0.0
DTXSID3032549,116,1.9143253431493693e-06,0.0
DTXSID3032591,116,4.731554319923301e-09,0.0
DTXSID3032620,116,1.0299291129619687e-16,0.0
DTXSID3032622,116,0.0,0.0
DTXSID3032624,116,0.0,0.0
DTXSID3032626,116,0.0,0.0
DTXSID3032628,116,,
DTXSID3032670,116,0.0,0.0
DTXSID3033307,116,0.00409348397437959,0.0
DTXSID30340244,116,0.0,0.0
DTXSID3034113,116,,
DTXSID3034165,116,0.0,0.0
DTXSID3034402,116,1.3297911109584349e-08,0.0
DTXSID3034456,116,4.1546477225040574e-20,0.0
DTXSID3034458,116,0.0,0.0
DTXSID3034531,116,0.0,0.0
DTXSID3034583,116,0.0,0.0
DTXSID3034612,116,7.0185889908396574e-12,0.0
DTXSID3034614,116,0.0,0.0
DTXSID3034618,116,,
DTXSID3034664,116,1.4659626608511503e-06,0.0
DTXSID3034872,116,2.343263093676515e-05,0.0
DTXSID3035214,116,0.0,0.0
DTXSID3035341,116,,
DTXSID3036105,116,6.474518453437656e-20,0.0
DTXSID3036286,116,0.0,0.0
DTXSID3036288,116,1.1905930693866754e-14,0.0
DTXSID3036496,116,0.0,0.0
DTXSID3036525,116,,
DTXSID3037094,116,3.634089352006101e-09,0.0
DTXSID3037208,116,,
DTXSID3037541,116,1.0344269562734623e-10,0.0
DTXSID3037707,116,0.0,0.0
DTXSID3037709,116,0.00015385416023577398,0.0
DTXSID3037757,116,0.0,0.0
DTXSID30378880,116,0.0,0.0
DTXSID30382063,116,0.0,0.0
DTXSID30382104,116,,
DTXSID3038696,116,0.0004341234489983372,0.0
DTXSID3038771,116,,
DTXSID3038800,116,8.878887184255136e-16,0.0
DTXSID3038808,116,0.09691759305478817,0.0
DTXSID3038939,116,0.0,0.0
DTXSID30395037,116,0.0,0.0
DTXSID30396867,116,0.0,0.0
DTXSID3040271,116,0.0,0.0
DTXSID3040300,116,0.0003207955535055103,0.0
DTXSID3040352,116,,
DTXSID3040693,116,0.0,0.0
DTXSID3040697,116,8.758749035022488e-08,0.0
DTXSID3040699,116,,
DTXSID3040720,116,0.0,0.0
DTXSID3040722,116,7.913887720862978e-13,0.0
DTXSID3040728,116,4.3876985444535807e-07,0.0
DTXSID3040776,116,0.0019518929869199245,0.0
DTXSID3041035,116,0.0,0.0
DTXSID3041247,116,0.2727600358224145,0.0
DTXSID3041293,116,5.799414194101825e-13,0.0
DTXSID3041299,116,5.242845153181036e-08,0.0
DTXSID3041372,116,6.901454320474219e-10,0.0
DTXSID3041376,116,0.0,0.0
DTXSID3041405,116,0.0,0.0
DTXSID3041409,116,,
DTXSID3041530,116,,
DTXSID3041580,116,,
DTXSID3041611,116,0.0,0.0
DTXSID3041615,116,0.0,0.0
DTXSID3041661,116,1.9418952281127557e-18,0.0
DTXSID3041663,116,0.0,0.0
DTXSID3041665,116,0.012760447840653926,0.0
DTXSID3041744,116,0.0,0.0
DTXSID3041790,116,0.0,0.0
DTXSID3041794,116,0.0,0.0
DTXSID3041877,116,0.0,0.0
DTXSID3041954,116,0.0,0.0
DTXSID3042007,116,,
DTXSID3042059,116,0.00020387170756861473,0.0
DTXSID3042130,116,0.0,0.0
DTXSID3042219,116,0.0,0.0
DTXSID3042263,116,,
DTXSID3042269,116,0.0,0.0
DTXSID3042390,116,0.8450790737694632,0.0
DTXSID3042394,116,0.0,0.0
DTXSID3042423,116,0.0,0.0
DTXSID3042477,116,9.524243123958789e-14,0.0
DTXSID3042500,116,,
DTXSID3042508,116,0.0,0.0
DTXSID3042633,116,0.0,0.0
DTXSID3044201,116,,
DTXSID3044203,116,1.290632624334021e-07,0.0
DTXSID3044205,116,0.0,0.0
DTXSID3044332,116,8.47490769761365e-21,0.0
DTXSID3044338,116,1.3337533635619712e-07,0.0
DTXSID3044380,116,3.074867341781946e-17,0.0
DTXSID3044384,116,0.0,0.0
DTXSID3044413,116,9.563859813825164e-07,0.0
DTXSID3044415,116,0.0,0.0
DTXSID3044461,116,1.0683167138333492e-05,0.0
DTXSID3044463,116,6.1173162092985225e-15,0.0
DTXSID3044465,116,4.070864322945138e-06,0.0
DTXSID3044544,116,4.610191591767208e-06,0.0
DTXSID3044590,116,0.0,0.0
DTXSID3044598,116,0.0,0.0
DTXSID3044621,116,,
DTXSID3044629,116,0.0,0.0
DTXSID3044700,116,,
DTXSID3044702,116,1.955907158764852e-11,0.0
DTXSID3044704,116,0.0,0.0
DTXSID3044750,116,1.987158848500274e-06,0.0
DTXSID3044752,116,0.0,0.0
DTXSID3044754,116,3.188927451857447e-16,0.0
DTXSID3044831,116,0.0,0.0
DTXSID3044833,116,0.0019302169868436589,0.0
DTXSID3044835,116,0.0,0.0
DTXSID3044883,116,6.831941381282049e-10,0.0
DTXSID3044889,116,0.9987225250247249,1.0
DTXSID3044910,116,0.9976835733068082,1.0
DTXSID3044914,116,0.0,0.0
DTXSID3044918,116,0.6183198288132776,0.0
DTXSID3044960,116,,
DTXSID3044962,116,3.098076995298245e-07,0.0
DTXSID3044966,116,2.2821747906554918e-11,0.0
DTXSID3047001,116,0.0,0.0
DTXSID3047051,116,3.3311383273753974e-08,0.0
DTXSID3047053,116,9.34968025782645e-13,0.0
DTXSID3047055,116,0.0,0.0
DTXSID3047057,116,0.0,0.0
DTXSID3047059,116,0.0002752083386810827,0.0
DTXSID3047130,116,0.0,0.0
DTXSID3047136,116,1.9983267125002356e-17,0.0
DTXSID3047138,116,1.4875190473533043e-07,0.0
DTXSID3047180,116,0.0,0.0
DTXSID3047184,116,1.893756356578098e-16,0.0
DTXSID3047186,116,1.3265120768030564e-14,0.0
DTXSID3047188,116,2.6551512635878946e-21,0.0
DTXSID3047261,116,8.227389126340495e-07,0.0
DTXSID3047263,116,3.734070764936226e-05,0.0
DTXSID3047265,116,2.1475298614264284e-13,0.0
DTXSID3047267,116,,
DTXSID3047342,116,0.00012017655142530912,0.0
DTXSID3047344,116,0.0,0.0
DTXSID3047346,116,,
DTXSID3047348,116,0.0,0.0
DTXSID3047394,116,,
DTXSID3047425,116,4.13800352104536e-15,0.0
DTXSID3047429,116,0.0011139992186907656,0.0
DTXSID3047471,116,0.0,0.0
DTXSID3047473,116,0.0,0.0
DTXSID3047477,116,0.0,0.0
DTXSID3047508,116,0.0,0.0
DTXSID3047552,116,5.166515043391232e-10,0.0
DTXSID3047554,116,0.0,0.0
DTXSID3047558,116,0.0,0.0
DTXSID3047633,116,4.432042890744787e-15,0.0
DTXSID3047639,116,,
DTXSID3047712,116,0.00013657489585676587,0.0
DTXSID3047716,116,2.1842158357144356e-14,0.0
DTXSID3047760,116,,
DTXSID3047891,116,5.74250562516053e-20,0.0
DTXSID3048520,116,0.0,0.0
DTXSID3051381,116,0.0,0.0
DTXSID3051707,116,2.1234284796047092e-17,0.0
DTXSID3051834,116,0.3835590526430274,0.0
DTXSID3051836,116,0.0,0.0
DTXSID3052010,116,0.0,0.0
DTXSID3052060,116,0.0,0.0
DTXSID3052228,116,0.0,0.0
DTXSID3052278,116,0.00044933972589647177,0.0
DTXSID3052301,116,1.5375978325836554e-16,0.0
DTXSID3052307,116,3.016603216358443e-15,0.0
DTXSID3052309,116,0.0,0.0
DTXSID3052511,116,1.152002792225081e-09,0.0
DTXSID3052567,116,,
DTXSID3052648,116,5.575039415065734e-05,0.0
DTXSID3059921,116,1.3079235321752707e-10,0.0
DTXSID3059927,116,0.0,0.0
DTXSID3059971,116,0.0,0.0
DTXSID30627108,116,0.0,0.0
DTXSID3065586,116,0.0,0.0
DTXSID3066215,116,1.9747655730825077e-07,0.0
DTXSID30858874,116,0.0,0.0
DTXSID30858879,116,5.344145040109621e-10,0.0
DTXSID30858894,116,5.627959030434731e-20,0.0
DTXSID30858899,116,0.0,0.0
DTXSID30858910,116,2.4554104049839964e-12,0.0
DTXSID30858915,116,0.0,0.0
DTXSID30865801,116,4.1701156660312424e-11,0.0
DTXSID30872712,116,0.0,0.0
DTXSID30872717,116,5.53190320116135e-09,0.0
DTXSID30872732,116,0.0,0.0
DTXSID30872737,116,9.861494496935905e-08,0.0
DTXSID30872752,116,2.669962530150078e-06,0.0
DTXSID30872757,116,0.0,0.0
DTXSID30880413,116,1.030859207413889e-09,0.0
DTXSID30891564,116,0.0,0.0
DTXSID30903833,116,1.3343642362976372e-09,0.0
DTXSID30903838,116,0.0,0.0
DTXSID30903853,116,4.626477541094623e-09,0.0
DTXSID30903858,116,0.0,0.0
DTXSID30903873,116,0.0,0.0
DTXSID30903878,116,0.0,0.0
DTXSID30903893,116,0.0,0.0
DTXSID40108559,116,0.0,0.0
DTXSID401339551,116,,
DTXSID401351804,116,4.5691308531668423e-07,0.0
DTXSID40187142,116,,
DTXSID4020088,116,0.0,0.0
DTXSID4020119,116,1.7402904893494028e-06,0.0
DTXSID4020161,116,0.0,0.0
DTXSID4020240,116,,
DTXSID4020242,116,1.2161723305897958e-17,0.0
DTXSID4020248,116,9.829947428122127e-15,0.0
DTXSID4020290,116,,
DTXSID4020292,116,0.0,0.0
DTXSID4020294,116,,
DTXSID4020321,116,0.0,0.0
DTXSID4020371,116,2.4363304768544056e-07,0.0
DTXSID4020373,116,0.009818724978085922,0.0
DTXSID4020375,116,0.9979609727947021,1.0
DTXSID4020379,116,,
DTXSID4020402,116,,
DTXSID40204489,116,1.2919253558899964e-12,0.0
DTXSID4020450,116,0.0,0.0
DTXSID4020458,116,0.4752596162220781,0.0
DTXSID4020537,116,,
DTXSID4020539,116,4.528825999285723e-19,0.0
DTXSID4020589,116,0.0002508450531571174,0.0
DTXSID4020612,116,1.209279667109222e-17,0.0
DTXSID4020616,116,,
DTXSID4020618,116,2.6137290939845707e-11,0.0
DTXSID4020664,116,0.0,0.0
DTXSID4020666,116,,
DTXSID4020743,116,0.9465084100027855,1.0
DTXSID4020791,116,0.0001631647376259448,0.0
DTXSID4020820,116,,
DTXSID4020822,116,,
DTXSID4020828,116,0.0,0.0
DTXSID4020870,116,,
DTXSID4020957,116,2.1141021794097654e-12,0.0
DTXSID4020959,116,,
DTXSID4021002,116,0.0,0.0
DTXSID4021006,116,,
DTXSID4021056,116,0.0,0.0
DTXSID4021131,116,8.522789212029485e-16,0.0
DTXSID4021135,116,0.10560579968156326,0.0
DTXSID4021137,116,,
DTXSID4021185,116,,
DTXSID4021189,116,0.0,0.0
DTXSID4021214,116,9.037134199500526e-17,0.0
DTXSID4021218,116,1.5833900695291732e-08,0.0
DTXSID4021268,116,2.78409513485752e-15,0.0
DTXSID4021343,116,9.423839622036131e-16,0.0
DTXSID4021347,116,0.0,0.0
DTXSID4021391,116,,
DTXSID4021393,116,2.2771264771317757e-13,0.0
DTXSID4021395,116,2.5320660847542963e-08,0.0
DTXSID4021426,116,0.0,0.0
DTXSID4021472,116,,
DTXSID4021478,116,0.0,0.0
DTXSID4021553,116,,
DTXSID4021557,116,0.0,0.0
DTXSID4021559,116,4.157371891641685e-09,0.0
DTXSID4021715,116,1.4643892423602757e-16,0.0
DTXSID4021717,116,0.0,0.0
DTXSID4021769,116,0.0,0.0
DTXSID4021842,116,2.377551994348447e-13,0.0
DTXSID4021848,116,5.763906559146863e-19,0.0
DTXSID4021892,116,0.0,0.0
DTXSID4021894,116,0.0,0.0
DTXSID4021921,116,0.0,0.0
DTXSID4021923,116,2.3616858852816494e-05,0.0
DTXSID4021971,116,,
DTXSID4021973,116,,
DTXSID4021975,116,9.825137768788134e-16,0.0
DTXSID4021977,116,0.0,0.0
DTXSID4022020,116,0.0,0.0
DTXSID4022070,116,1.6519576923185473e-05,0.0
DTXSID4022107,116,1.6656340117079514e-06,0.0
DTXSID4022109,116,0.0,0.0
DTXSID4022153,116,,
DTXSID4022284,116,,
DTXSID4022288,116,4.6818194317367246e-17,0.0
DTXSID4022311,116,2.887808353839238e-08,0.0
DTXSID4022313,116,0.0007681117949059039,0.0
DTXSID4022361,116,2.2731554228486235e-05,0.0
DTXSID4022367,116,9.822116816694672e-14,0.0
DTXSID4022369,116,0.0,0.0
DTXSID4022442,116,2.668311703274729e-08,0.0
DTXSID4022446,116,,
DTXSID4022448,116,0.0,0.0
DTXSID4022521,116,3.9778865769220373e-13,0.0
DTXSID4022523,116,1.4240545195058645e-06,0.0
DTXSID4022525,116,0.0,0.0
DTXSID4022527,116,8.234118202238741e-07,0.0
DTXSID4022529,116,0.0007817834597319952,0.0
DTXSID4022602,116,,
DTXSID4022731,116,,
DTXSID4022991,116,0.0,0.0
DTXSID4022999,116,0.0,0.0
DTXSID4023200,116,,
DTXSID4023202,116,5.112825337091736e-06,0.0
DTXSID4023412,116,0.0,0.0
DTXSID40235137,116,0.0,0.0
DTXSID4023541,116,2.610271791067668e-16,0.0
DTXSID4023622,116,4.938838996358513e-07,0.0
DTXSID4023624,116,0.0,0.0
DTXSID4024012,116,0.0,0.0
DTXSID4024018,116,3.523679283228082e-06,0.0
DTXSID4024062,116,,
DTXSID4024066,116,,
DTXSID4024143,116,,
DTXSID4024145,116,0.0,0.0
DTXSID4024193,116,0.0,0.0
DTXSID4024195,116,0.0,0.0
DTXSID4024270,116,7.845318681245749e-07,0.0
DTXSID4024272,116,0.0,0.0
DTXSID4024274,116,,
DTXSID4024276,116,1.5042194946731345e-06,0.0
DTXSID4024359,116,,
DTXSID4024436,116,1.0760966857633108e-05,0.0
DTXSID4024721,116,4.057906215591572e-14,0.0
DTXSID4024729,116,0.0,0.0
DTXSID4024775,116,0.0,0.0
DTXSID4024931,116,,
DTXSID4024937,116,2.3409708436113458e-18,0.0
DTXSID4024985,116,,
DTXSID4025080,116,0.0,0.0
DTXSID4025082,116,0.0,0.0
DTXSID4025292,116,0.0,0.0
DTXSID4025296,116,0.0,0.0
DTXSID4025406,116,0.0,0.0
DTXSID4025610,116,,
DTXSID4025612,116,2.1358986886518687e-08,0.0
DTXSID4025662,116,1.6564674765178762e-08,0.0
DTXSID4025668,116,2.3519977933972618e-15,0.0
DTXSID4025791,116,5.585661539266996e-12,0.0
DTXSID4025793,116,0.0,0.0
DTXSID4025824,116,0.0,0.0
DTXSID4026181,116,1.0299755272485974e-17,0.0
DTXSID4026183,116,0.0,0.0
DTXSID4026214,116,,
DTXSID4026216,116,7.819868836225069e-05,0.0
DTXSID4026262,116,0.008290268020161822,0.0
DTXSID4026266,116,1.2762022997162892e-17,0.0
DTXSID4026501,116,9.752098644258039e-14,0.0
DTXSID4026557,116,6.444801344804071e-05,0.0
DTXSID4026684,116,1.5188612744846044e-17,0.0
DTXSID4026769,116,0.0,0.0
DTXSID4026842,116,,
DTXSID4026921,116,0.0,0.0
DTXSID4026975,116,8.835898625010719e-10,0.0
DTXSID4027072,116,0.00022477670552772694,0.0
DTXSID4027076,116,0.0,0.0
DTXSID4027103,116,5.2792481434641555e-14,0.0
DTXSID4027153,116,6.49211690096624e-10,0.0
DTXSID4027236,116,0.0,0.0
DTXSID4027280,116,0.4764999393422317,0.0
DTXSID4027282,116,,
DTXSID4027284,116,0.0,0.0
DTXSID4027288,116,0.0,0.0
DTXSID4027361,116,0.0,0.0
DTXSID4027367,116,1.428089249816244e-07,0.0
DTXSID4027494,116,0.0,0.0
DTXSID4027496,116,0.0,0.0
DTXSID4027498,116,,
DTXSID4027525,116,0.0011201959052094563,0.0
DTXSID4027527,116,,
DTXSID4027579,116,0.0,0.0
DTXSID4027604,116,0.0,0.0
DTXSID4027608,116,,
DTXSID4027650,116,,
DTXSID4027656,116,0.0,0.0
DTXSID4027781,116,0.0,0.0
DTXSID4027789,116,0.0,0.0
DTXSID4027868,116,9.819647262091955e-05,0.0
DTXSID4027991,116,1.9054550805801805e-18,0.0
DTXSID4027997,116,0.0,0.0
DTXSID4028880,116,1.43012589336409e-14,0.0
DTXSID4028967,116,2.917400419486396e-09,0.0
DTXSID4029145,116,,
DTXSID4029149,116,5.097242756265864e-20,0.0
DTXSID4029353,116,,
DTXSID4029359,116,0.0,0.0
DTXSID4029565,116,0.0,0.0
DTXSID4029692,116,,
DTXSID4029698,116,0.0,0.0
DTXSID4030336,116,1.9892590960101936e-06,0.0
DTXSID4031356,116,,
DTXSID4031980,116,,
DTXSID4032372,116,,
DTXSID4032376,116,0.0,0.0
DTXSID4032405,116,4.9540530655138034e-06,0.0
DTXSID4032459,116,1.2633178796967088e-12,0.0
DTXSID4032532,116,1.511816016490731e-16,0.0
DTXSID4032580,116,0.0010179033628820579,0.0
DTXSID4032611,116,1.087397036475881e-05,0.0
DTXSID4032613,116,7.978262053764684e-17,0.0
DTXSID4032615,116,0.0,0.0
DTXSID4032619,116,,
DTXSID4032667,116,0.0006648192633763412,0.0
DTXSID4034150,116,1.1308035246501502e-06,0.0
DTXSID4034287,116,1.162189342608565e-06,0.0
DTXSID4034364,116,3.160655282716679e-18,0.0
DTXSID4034497,116,0.0,0.0
DTXSID4034528,116,5.527344720545978e-20,0.0
DTXSID4034576,116,0.0001248160014490879,0.0
DTXSID4034601,116,0.00027442207684260896,0.0
DTXSID4034609,116,7.2328992730673e-05,0.0
DTXSID4034653,116,1.7571488560208474e-18,0.0
DTXSID4034788,116,9.500940216103307e-05,0.0
DTXSID4034869,116,0.5225606326044999,0.0
DTXSID4034948,116,0.0,0.0
DTXSID4035209,116,0.0,0.0
DTXSID4035708,116,2.9033849403452994e-06,0.0
DTXSID4035839,116,7.352166094379815e-11,0.0
DTXSID4036229,116,0.0,0.0
DTXSID4036435,116,2.250377530205392e-16,0.0
DTXSID4037580,116,0.0,0.0
DTXSID4037584,116,0.9851943985065638,1.0
DTXSID4037611,116,6.315629881861706e-05,0.0
DTXSID40379666,116,0.0,0.0
DTXSID40380257,116,0.0,0.0
DTXSID40380797,116,0.0,0.0
DTXSID4038346,116,0.0,0.0
DTXSID4038762,116,0.0,0.0
DTXSID4038847,116,0.0,0.0
DTXSID4038899,116,0.0,0.0
DTXSID4038922,116,0.0,0.0
DTXSID4038924,116,8.816269868817941e-10,0.0
DTXSID4038926,116,,
DTXSID4039231,116,6.990935180110882e-07,0.0
DTXSID4039233,116,0.0,0.0
DTXSID4040002,116,0.0,0.0
DTXSID4040264,116,,
DTXSID4040268,116,2.347091024506697e-10,0.0
DTXSID4040343,116,0.0,0.0
DTXSID4040476,116,1.9065116887762768e-11,0.0
DTXSID4040711,116,,
DTXSID4040713,116,1.998909990319142e-10,0.0
DTXSID4040719,116,0.0,0.0
DTXSID4040765,116,,
DTXSID4040767,116,2.290539494694051e-16,0.0
DTXSID4041230,116,0.0,0.0
DTXSID4041232,116,2.167418161473693e-11,0.0
DTXSID4041234,116,0.0,0.0
DTXSID4041238,116,0.0,0.0
DTXSID4041280,116,,
DTXSID4041284,116,5.60708127907161e-18,0.0
DTXSID4041317,116,0.0,0.0
DTXSID4041361,116,0.0,0.0
DTXSID4041367,116,,
DTXSID4041440,116,1.2059828604231868e-07,0.0
DTXSID4041442,116,0.03427660790063961,0.0
DTXSID4041444,116,,
DTXSID4041490,116,2.333726227485645e-11,0.0
DTXSID4041492,116,0.0033206325681169255,0.0
DTXSID4041521,116,0.0,0.0
DTXSID4041527,116,5.202058376676636e-06,0.0
DTXSID4041529,116,0.0,0.0
DTXSID4041573,116,0.0,0.0
DTXSID4041575,116,1.4365184018487127e-06,0.0
DTXSID4041604,116,2.1232241925256605e-05,0.0
DTXSID4041654,116,7.900526553114631e-08,0.0
DTXSID4041812,116,1.9398957295957703e-20,0.0
DTXSID4041818,116,0.0,0.0
DTXSID4042094,116,0.0,0.0
DTXSID4042096,116,4.723975886622022e-05,0.0
DTXSID4042121,116,,
DTXSID4042171,116,1.1548164625342471e-17,0.0
DTXSID4042206,116,,
DTXSID4042256,116,0.0,0.0
DTXSID4042335,116,,
DTXSID4042337,116,0.0,0.0
DTXSID4042416,116,0.0,0.0
DTXSID4042418,116,,
DTXSID4043937,116,0.0,0.0
DTXSID4044161,116,0.0,0.0
DTXSID4044371,116,0.0,0.0
DTXSID4044375,116,0.0,0.0
DTXSID4044379,116,8.27403520626823e-09,0.0
DTXSID4044454,116,,
DTXSID4044456,116,4.497977834875975e-07,0.0
DTXSID4044535,116,0.0,0.0
DTXSID4044537,116,2.116894316066538e-15,0.0
DTXSID4044581,116,0.002177115943137502,0.0
DTXSID4044587,116,1.6562726452002994e-14,0.0
DTXSID4044616,116,0.00020427581607620546,0.0
DTXSID4044664,116,0.0,0.0
DTXSID4044668,116,0.0001799167471632445,0.0
DTXSID4044747,116,,
DTXSID4044791,116,3.4696065337327233e-09,0.0
DTXSID4044793,116,0.0,0.0
DTXSID4044799,116,0.0,0.0
DTXSID4044822,116,0.0,0.0
DTXSID4044824,116,0.0,0.0
DTXSID4044826,116,0.0008019693821692775,0.0
DTXSID4044828,116,0.0,0.0
DTXSID4044870,116,,
DTXSID4044872,116,,
DTXSID4044901,116,0.0,0.0
DTXSID4044905,116,1.0546643133781617e-08,0.0
DTXSID4044909,116,0.0,0.0
DTXSID4044951,116,0.0,0.0
DTXSID4044953,116,,
DTXSID4044955,116,0.0,0.0
DTXSID4046448,116,0.0,0.0
DTXSID4046999,116,1.7021665587778509e-12,0.0
DTXSID4047042,116,1.8365578638845178e-06,0.0
DTXSID4047044,116,6.699382765529982e-16,0.0
DTXSID4047046,116,0.0,0.0
DTXSID4047092,116,1.474151339188896e-12,0.0
DTXSID4047094,116,9.008036781150007e-15,0.0
DTXSID4047098,116,,
DTXSID4047123,116,9.183744655716823e-17,0.0
DTXSID4047125,116,,
DTXSID4047127,116,,
DTXSID4047129,116,,
DTXSID4047173,116,9.017888401893813e-18,0.0
DTXSID4047177,116,0.0,0.0
DTXSID4047179,116,2.5984240733912225e-19,0.0
DTXSID4047200,116,1.8174863052001926e-10,0.0
DTXSID4047202,116,0.0,0.0
DTXSID4047252,116,,
DTXSID4047254,116,4.886409403585885e-07,0.0
DTXSID4047258,116,2.1079108541313075e-09,0.0
DTXSID4047331,116,0.00029922939862914394,0.0
DTXSID4047333,116,0.0,0.0
DTXSID4047335,116,,
DTXSID4047337,116,,
DTXSID4047339,116,0.0,0.0
DTXSID4047381,116,,
DTXSID4047383,116,,
DTXSID4047385,116,,
DTXSID4047387,116,0.0,0.0
DTXSID4047389,116,,
DTXSID4047410,116,,
DTXSID4047412,116,5.180411672648993e-13,0.0
DTXSID4047414,116,0.0,0.0
DTXSID4047416,116,0.0,0.0
DTXSID4047418,116,3.186478771459326e-13,0.0
DTXSID4047462,116,3.0923290362662345e-16,0.0
DTXSID4047464,116,0.0,0.0
DTXSID4047466,116,0.0,0.0
DTXSID4047468,116,3.9251865799393926e-18,0.0
DTXSID4047545,116,,
DTXSID4047547,116,0.0,0.0
DTXSID4047549,116,0.0,0.0
DTXSID4047591,116,1.492195183204521e-11,0.0
DTXSID4047593,116,,
DTXSID4047597,116,0.0,0.0
DTXSID4047599,116,9.616153977186931e-06,0.0
DTXSID4047620,116,5.141590725863058e-05,0.0
DTXSID4047622,116,0.0003228708970326086,0.0
DTXSID4047624,116,4.953378250883318e-10,0.0
DTXSID4047628,116,0.0,0.0
DTXSID4047672,116,,
DTXSID4047703,116,0.0,0.0
DTXSID4047705,116,4.151803136712848e-05,0.0
DTXSID4047709,116,2.9612866296713943e-06,0.0
DTXSID4047753,116,0.0,0.0
DTXSID4047882,116,0.0,0.0
DTXSID4048191,116,5.325522128365812e-20,0.0
DTXSID4048193,116,0.0,0.0
DTXSID4048195,116,0.0,0.0
DTXSID4048199,116,0.0,0.0
DTXSID4048511,116,0.0,0.0
DTXSID4048513,116,,
DTXSID4048519,116,,
DTXSID4051536,116,0.0,0.0
DTXSID4051580,116,0.0,0.0
DTXSID4051586,116,0.0,0.0
DTXSID4051619,116,0.0,0.0
DTXSID4051900,116,0.0,0.0
DTXSID4052132,116,0.0,0.0
DTXSID4052186,116,0.0,0.0
DTXSID4052213,116,0.0,0.0
DTXSID4052267,116,,
DTXSID4052269,116,0.0,0.0
DTXSID4052342,116,0.0,0.0
DTXSID4052502,116,,
DTXSID4052506,116,6.085841458100148e-18,0.0
DTXSID4052550,116,7.160702499066298e-08,0.0
DTXSID4052554,116,0.0,0.0
DTXSID4052558,116,0.0,0.0
DTXSID4052689,116,0.0,0.0
DTXSID4052710,116,0.0,0.0
DTXSID4052891,116,7.449571373684644e-08,0.0
DTXSID4052893,116,0.0,0.0
DTXSID4052895,116,0.0,0.0
DTXSID4052897,116,0.0,0.0
DTXSID4052899,116,0.0,0.0
DTXSID4058655,116,,
DTXSID4059833,116,0.0,0.0
DTXSID4059881,116,0.0,0.0
DTXSID4059912,116,0.0,0.0
DTXSID4059914,116,0.0,0.0
DTXSID4059916,116,1.2574616494959861e-15,0.0
DTXSID4072990,116,,
DTXSID40858880,116,3.536929307372369e-07,0.0
DTXSID40858885,116,,
DTXSID40858901,116,2.640279359837404e-18,0.0
DTXSID40858906,116,5.1379043986456104e-14,0.0
DTXSID40858921,116,0.0,0.0
DTXSID40872708,116,8.240003497434305e-18,0.0
DTXSID40872723,116,0.0,0.0
DTXSID40872728,116,1.7589535182646156e-18,0.0
DTXSID40872743,116,0.0,0.0
DTXSID40872748,116,0.00011821764793175157,0.0
DTXSID40903829,116,0.0,0.0
DTXSID40903844,116,0.0,0.0
DTXSID40903849,116,1.1903183180587371e-07,0.0
DTXSID40903864,116,0.0,0.0
DTXSID40903869,116,0.0,0.0
DTXSID40903884,116,0.0,0.0
DTXSID40903889,116,0.0,0.0
DTXSID501339554,116,0.0,0.0
DTXSID501351788,116,,
DTXSID501351790,116,0.0,0.0
DTXSID501351807,116,0.07127355677147793,0.0
DTXSID50184723,116,0.0,0.0
DTXSID5020027,116,0.0017304210298586611,0.0
DTXSID5020029,116,,
DTXSID5020106,116,0.0,0.0
DTXSID5020108,116,5.552633086236578e-10,0.0
DTXSID5020152,116,0.0,0.0
DTXSID5020154,116,2.702457199768849e-07,0.0
DTXSID5020233,116,0.0,0.0
DTXSID5020281,116,,
DTXSID5020283,116,0.002979636413945688,0.0
DTXSID5020310,116,0.0,0.0
DTXSID5020314,116,3.990798504004462e-09,0.0
DTXSID5020360,116,0.0,0.0
DTXSID5020366,116,0.0,0.0
DTXSID5020368,116,0.0,0.0
DTXSID5020441,116,2.2482361403056505e-16,0.0
DTXSID5020443,116,0.0,0.0
DTXSID5020445,116,1.0265574075213367e-05,0.0
DTXSID5020447,116,1.1106720998519563e-13,0.0
DTXSID5020449,116,0.0,0.0
DTXSID5020493,116,0.0,0.0
DTXSID5020497,116,2.6581639865530036e-21,0.0
DTXSID5020499,116,,
DTXSID5020520,116,0.0,0.0
DTXSID5020528,116,,
DTXSID5020570,116,,
DTXSID5020576,116,0.0,0.0
DTXSID5020601,116,,
DTXSID5020603,116,,
DTXSID5020605,116,2.741002707947961e-10,0.0
DTXSID5020607,116,0.1270631308892404,0.0
DTXSID5020653,116,,
DTXSID5020730,116,0.0,0.0
DTXSID5020732,116,0.0,0.0
DTXSID5020738,116,0.00013503173868392357,0.0
DTXSID5020784,116,0.0,0.0
DTXSID5020811,116,0.0137566343451727,0.0
DTXSID5020815,116,2.8945118483593272e-05,0.0
DTXSID5020819,116,7.210943087099051e-09,0.0
DTXSID5020863,116,0.0,0.0
DTXSID5020867,116,2.6304879252695406e-18,0.0
DTXSID5020869,116,0.9211108799980614,1.0
DTXSID5020944,116,,
DTXSID5020948,116,0.0,0.0
DTXSID5021097,116,1.4129792231538399e-05,0.0
DTXSID5021124,116,,
DTXSID5021126,116,0.6176700699002456,0.0
DTXSID5021128,116,3.187481408167978e-17,0.0
DTXSID5021201,116,0.0,0.0
DTXSID5021209,116,,
DTXSID5021251,116,0.0,0.0
DTXSID5021330,116,,
DTXSID5021332,116,0.0,0.0
DTXSID5021336,116,0.0,0.0
DTXSID5021380,116,0.00026567988350525697,0.0
DTXSID5021386,116,0.0021368871542970297,0.0
DTXSID5021388,116,,
DTXSID5021411,116,0.0002455286010250061,0.0
DTXSID5021413,116,,
DTXSID5021415,116,0.0,0.0
DTXSID5021419,116,0.0,0.0
DTXSID5021544,116,3.197304378707979e-05,0.0
DTXSID5021590,116,,
DTXSID5021621,116,0.0,0.0
DTXSID5021627,116,0.0,0.0
DTXSID5021629,116,,
DTXSID5021754,116,1.0406834758309013e-07,0.0
DTXSID5021758,116,0.0,0.0
DTXSID50218052,116,0.0,0.0
DTXSID5021831,116,0.0,0.0
DTXSID5021835,116,0.0,0.0
DTXSID5021837,116,,
DTXSID5021839,116,0.0,0.0
DTXSID5021881,116,,
DTXSID5021883,116,0.0,0.0
DTXSID5021885,116,7.247989599088774e-18,0.0
DTXSID5021889,116,6.762824771302298e-13,0.0
DTXSID5021910,116,,
DTXSID5021914,116,3.7672316607766274e-09,0.0
DTXSID5021916,116,0.0,0.0
DTXSID5021962,116,1.1531066016328455e-05,0.0
DTXSID5021968,116,0.0,0.0
DTXSID5022194,116,,
DTXSID5022198,116,0.0,0.0
DTXSID5022271,116,,
DTXSID5022279,116,0.0,0.0
DTXSID5022308,116,3.2219886647992215e-09,0.0
DTXSID5022437,116,2.1364141177047635e-11,0.0
DTXSID5022439,116,0.0,0.0
DTXSID5022489,116,9.285800625224827e-19,0.0
DTXSID5022510,116,9.746619910302711e-11,0.0
DTXSID5022857,116,,
DTXSID50229163,116,0.0,0.0
DTXSID5022934,116,,
DTXSID5023035,116,0.0,0.0
DTXSID5023039,116,,
DTXSID5023114,116,0.0,0.0
DTXSID5023243,116,0.0,0.0
DTXSID5023322,116,,
DTXSID5023324,116,0.0,0.0
DTXSID5023376,116,1.2901622171441034e-05,0.0
DTXSID5023588,116,1.4044595672060647e-16,0.0
DTXSID5023742,116,4.18522190363269e-05,0.0
DTXSID5023792,116,0.00012954632146990657,0.0
DTXSID5023796,116,,
DTXSID5023825,116,0.0,0.0
DTXSID5023871,116,0.0,0.0
DTXSID5023875,116,0.0,0.0
DTXSID5023877,116,0.0,0.0
DTXSID5023900,116,0.0,0.0
DTXSID5023902,116,2.3322176758650784e-07,0.0
DTXSID5023950,116,0.00026650162360542716,0.0
DTXSID5024051,116,0.0,0.0
DTXSID5024055,116,5.975578511876105e-15,0.0
DTXSID5024057,116,0.0,0.0
DTXSID5024059,116,1.0580549632498999e-13,0.0
DTXSID5024134,116,0.9995546825533261,1.0
DTXSID5024182,116,2.2337037231352305e-05,0.0
DTXSID5024211,116,0.8402413388570052,0.0
DTXSID5024261,116,0.0,0.0
DTXSID5024263,116,0.0,0.0
DTXSID5024344,116,0.0005524939218547902,0.0
DTXSID5024346,116,2.204900584782477e-09,0.0
DTXSID5024394,116,,
DTXSID5024506,116,0.0,0.0
DTXSID5024681,116,0.0,0.0
DTXSID5024687,116,0.6895872514252254,0.0
DTXSID5024845,116,,
DTXSID5024891,116,,
DTXSID5024922,116,1.552913624991695e-08,0.0
DTXSID5025021,116,,
DTXSID5025023,116,0.0,0.0
DTXSID5025102,116,0.0,0.0
DTXSID5025150,116,9.497479712469628e-19,0.0
DTXSID5025152,116,8.022278397944908e-07,0.0
DTXSID5025231,116,1.3710076808932014e-13,0.0
DTXSID5025285,116,1.797811639398313e-07,0.0
DTXSID5025364,116,0.0,0.0
DTXSID5025572,116,0.0,0.0
DTXSID5025578,116,0.0,0.0
DTXSID5025603,116,8.22461756724972e-11,0.0
DTXSID5025607,116,4.271321570945377e-15,0.0
DTXSID5025609,116,,
DTXSID5025659,116,0.0,0.0
DTXSID5025730,116,2.290573391501339e-11,0.0
DTXSID5025815,116,0.0,0.0
DTXSID5025861,116,0.057087296890735134,0.0
DTXSID5026120,116,1.489022840711603e-14,0.0
DTXSID5026122,116,6.37642485545493e-16,0.0
DTXSID5026174,116,1.4683474213031922e-08,0.0
DTXSID5026178,116,0.0,0.0
DTXSID5026209,116,,
DTXSID5026251,116,0.0,0.0
DTXSID5026259,116,7.506115431231905e-14,0.0
DTXSID5026461,116,0.0,0.0
DTXSID5026544,116,,
DTXSID5026548,116,0.0,0.0
DTXSID5026623,116,0.0,0.0
DTXSID5026706,116,5.314350666816023e-09,0.0
DTXSID5026889,116,0.0,0.0
DTXSID5026912,116,,
DTXSID5026914,116,3.041244599751361e-08,0.0
DTXSID5026918,116,6.901969710095631e-16,0.0
DTXSID5027061,116,1.388945788768309e-18,0.0
DTXSID5027069,116,0.0,0.0
DTXSID5027140,116,0.0,0.0
DTXSID5027142,116,0.0,0.0
DTXSID5027198,116,0.0,0.0
DTXSID5027279,116,,
DTXSID5027302,116,0.0,0.0
DTXSID5027304,116,0.001771831406212548,0.0
DTXSID5027308,116,0.0,0.0
DTXSID5027356,116,0.0,0.0
DTXSID5027433,116,0.0,0.0
DTXSID5027489,116,0.0,0.0
DTXSID5027512,116,1.4492662401283495e-11,0.0
DTXSID5027518,116,0.0,0.0
DTXSID5027770,116,1.2021785559212387e-06,0.0
DTXSID5027774,116,0.0,0.0
DTXSID5027803,116,6.48053714972001e-19,0.0
DTXSID5027805,116,6.742206202974493e-08,0.0
DTXSID5027932,116,0.0017288845077865515,0.0
DTXSID5027982,116,0.0,0.0
DTXSID5028033,116,,
DTXSID5028114,116,7.720695970138966e-18,0.0
DTXSID5028665,116,3.265786193445736e-13,0.0
DTXSID5029055,116,2.02792234100186e-06,0.0
DTXSID5029182,116,1.1779070300558693e-15,0.0
DTXSID5029217,116,4.056732516118358e-12,0.0
DTXSID5029265,116,3.615350698402679e-15,0.0
DTXSID5030030,116,0.0,0.0
DTXSID5031131,116,4.290516136155166e-09,0.0
DTXSID5031133,116,1.1442236217798891e-16,0.0
DTXSID5032315,116,7.43230213904554e-10,0.0
DTXSID5032361,116,1.6486462379505803e-06,0.0
DTXSID5032365,116,1.9036317884091653e-09,0.0
DTXSID5032442,116,1.499136512826065e-09,0.0
DTXSID5032498,116,0.0025305856426290313,0.0
DTXSID5032523,116,1.2181826427352769e-08,0.0
DTXSID5032525,116,,
DTXSID5032573,116,8.383452699496824e-13,0.0
DTXSID5032577,116,0.12346914155047205,0.0
DTXSID5032579,116,,
DTXSID5032600,116,0.00016881640555910653,0.0
DTXSID5032654,116,0.0,0.0
DTXSID5033836,116,0.0,0.0
DTXSID5034270,116,1.6869648311205732e-10,0.0
DTXSID5034303,116,0.0,0.0
DTXSID5034357,116,0.0,0.0
DTXSID5034723,116,6.348546615003965e-16,0.0
DTXSID5034773,116,,
DTXSID5034981,116,0.9880980740534622,1.0
DTXSID5035163,116,9.13908225108012e-17,0.0
DTXSID5035589,116,2.485559813511875e-19,0.0
DTXSID5035616,116,0.0,0.0
DTXSID5035957,116,1.8189206996289637e-14,0.0
DTXSID50369896,116,0.0,0.0
DTXSID5037028,116,0.0265357996690298,0.0
DTXSID5037072,116,0.0,0.0
DTXSID5037494,116,0.0,0.0
DTXSID5037498,116,1.3033552814397722e-05,0.0
DTXSID50375114,116,1.0279439621016571e-05,0.0
DTXSID5037523,116,1.2034923137408355e-06,0.0
DTXSID5037731,116,0.0,0.0
DTXSID5037739,116,0.0,0.0
DTXSID50379359,116,0.0,0.0
DTXSID50379930,116,0.0,0.0
DTXSID50381992,116,0.0,0.0
DTXSID50382621,116,,
DTXSID5038830,116,1.8219515838230053e-12,0.0
DTXSID5038888,116,,
DTXSID5038919,116,7.319594612921486e-15,0.0
DTXSID5039224,116,,
DTXSID5040700,116,0.0,0.0
DTXSID5040704,116,7.349657511184025e-15,0.0
DTXSID5040706,116,5.141531030926401e-09,0.0
DTXSID5040708,116,0.0,0.0
DTXSID5040758,116,,
DTXSID5041190,116,4.879141795187395e-17,0.0
DTXSID5041273,116,0.0,0.0
DTXSID5041275,116,0.0,0.0
DTXSID5041302,116,0.0,0.0
DTXSID5041306,116,7.752161919756787e-12,0.0
DTXSID5041308,116,0.0,0.0
DTXSID5041356,116,2.327142558101912e-16,0.0
DTXSID5041431,116,0.0,0.0
DTXSID5041437,116,0.0,0.0
DTXSID5041439,116,0.0013618552048260046,0.0
DTXSID5041487,116,1.174932354172308e-06,0.0
DTXSID5041512,116,5.159673159820432e-09,0.0
DTXSID5041514,116,7.798468573531727e-12,0.0
DTXSID5041516,116,0.0,0.0
DTXSID5041518,116,,
DTXSID5041560,116,4.576982488574388e-05,0.0
DTXSID5041641,116,0.0,0.0
DTXSID5041643,116,0.0,0.0
DTXSID5041691,116,0.0,0.0
DTXSID5041699,116,5.449578653127832e-15,0.0
DTXSID5041726,116,1.0432402758583377e-07,0.0
DTXSID5041728,116,1.8513675231631402e-17,0.0
DTXSID5041772,116,,
DTXSID5041803,116,6.409305335064503e-10,0.0
DTXSID5041809,116,0.0,0.0
DTXSID5042083,116,6.950460013640377e-06,0.0
DTXSID5042243,116,0.0,0.0
DTXSID5042249,116,3.0715762731583777e-18,0.0
DTXSID5042299,116,7.662396799038778e-06,0.0
DTXSID5042326,116,0.0,0.0
DTXSID5042451,116,4.600082069745579e-07,0.0
DTXSID5042459,116,,
DTXSID5044154,116,0.0,0.0
DTXSID50441560,116,0.0,0.0
DTXSID5044233,116,,
DTXSID5044316,116,,
DTXSID5044318,116,0.0,0.0
DTXSID5044360,116,0.0,0.0
DTXSID5044362,116,0.0,0.0
DTXSID5044364,116,0.0,0.0
DTXSID5044366,116,,
DTXSID5044368,116,,
DTXSID5044441,116,0.0,0.0
DTXSID5044443,116,0.0,0.0
DTXSID5044445,116,0.0,0.0
DTXSID5044447,116,0.0,0.0
DTXSID5044493,116,0.0,0.0
DTXSID5044495,116,0.0,0.0
DTXSID5044520,116,,
DTXSID5044522,116,0.0,0.0
DTXSID5044526,116,0.0,0.0
DTXSID5044528,116,,
DTXSID5044570,116,6.952955096117456e-08,0.0
DTXSID5044572,116,0.0,0.0
DTXSID5044574,116,1.4308291692292765e-11,0.0
DTXSID5044576,116,0.0,0.0
DTXSID5044578,116,0.0,0.0
DTXSID5044605,116,,
DTXSID5044607,116,3.4410690838346484e-19,0.0
DTXSID5044782,116,0.0,0.0
DTXSID5044784,116,,
DTXSID5044786,116,0.0,0.0
DTXSID5044788,116,3.451123186327737e-07,0.0
DTXSID5044815,116,,
DTXSID5044817,116,6.395785794526991e-16,0.0
DTXSID5044863,116,0.0,0.0
DTXSID5044865,116,8.136928811851336e-12,0.0
DTXSID5044869,116,0.0,0.0
DTXSID5044948,116,1.0214502704556947e-06,0.0
DTXSID5044992,116,,
DTXSID5044994,116,4.966524941300108e-13,0.0
DTXSID5044996,116,0.0,0.0
DTXSID5044998,116,1.9726659352435053e-15,0.0
DTXSID5046516,116,0.0,0.0
DTXSID5046801,116,,
DTXSID50469320,116,0.0,0.0
DTXSID5047031,116,8.645954680346e-16,0.0
DTXSID5047033,116,0.0,0.0
DTXSID5047037,116,2.6793805830947516e-13,0.0
DTXSID5047081,116,0.0,0.0
DTXSID5047083,116,,
DTXSID5047087,116,0.0,0.0
DTXSID5047112,116,9.669367571668995e-06,0.0
DTXSID5047116,116,0.0,0.0
DTXSID5047160,116,0.0,0.0
DTXSID5047164,116,0.0,0.0
DTXSID5047166,116,2.2496822494774575e-07,0.0
DTXSID5047245,116,0.00018514653951241024,0.0
DTXSID5047249,116,0.0,0.0
DTXSID5047291,116,8.366880324818638e-19,0.0
DTXSID5047295,116,0.0008582753713197925,0.0
DTXSID5047297,116,0.0,0.0
DTXSID5047299,116,,
DTXSID5047320,116,0.0,0.0
DTXSID5047322,116,0.0,0.0
DTXSID5047324,116,1.3237266042398294e-11,0.0
DTXSID5047328,116,0.0003092025471017454,0.0
DTXSID5047372,116,,
DTXSID5047374,116,,
DTXSID5047376,116,0.0,0.0
DTXSID5047405,116,0.0,0.0
DTXSID5047451,116,0.07455565416108013,0.0
DTXSID5047538,116,6.930628157527266e-06,0.0
DTXSID5047582,116,0.0,0.0
DTXSID5047584,116,5.5886466763594265e-11,0.0
DTXSID5047611,116,,
DTXSID5047617,116,1.3921623137102157e-08,0.0
DTXSID5047667,116,1.5193228147541462e-14,0.0
DTXSID5047796,116,0.0,0.0
DTXSID5047879,116,0.0,0.0
DTXSID5048180,116,0.0,0.0
DTXSID5048182,116,5.122021918380952e-17,0.0
DTXSID5048184,116,,
DTXSID5048186,116,,
DTXSID5048188,116,,
DTXSID5048211,116,0.0,0.0
DTXSID5048506,116,,
DTXSID5049073,116,0.0,0.0
DTXSID5049075,116,0.0,0.0
DTXSID5051444,116,,
DTXSID5051446,116,0.0,0.0
DTXSID5051525,116,0.0,0.0
DTXSID5051529,116,0.0,0.0
DTXSID5051575,116,,
DTXSID5051650,116,,
DTXSID5051999,116,0.00011150979383107353,0.0
DTXSID5052042,116,1.5923674103339187e-08,0.0
DTXSID5052125,116,1.094472934184072e-10,0.0
DTXSID5052250,116,0.9468308075768672,1.0
DTXSID5052254,116,0.0,0.0
DTXSID5052460,116,0.0,0.0
DTXSID5052591,116,4.0755443999477303e-20,0.0
DTXSID5052593,116,0.0,0.0
DTXSID5052595,116,0.0,0.0
DTXSID5052597,116,1.0818384895447698e-06,0.0
DTXSID5052620,116,0.0,0.0
DTXSID5052672,116,0.0,0.0
DTXSID5052832,116,0.019596090148973584,0.0
DTXSID5052838,116,8.372898588009715e-07,0.0
DTXSID5052884,116,,
DTXSID5052911,116,0.0,0.0
DTXSID5052913,116,3.3561254798008037e-06,0.0
DTXSID5057888,116,,
DTXSID5057911,116,1.0270773116340402e-08,0.0
DTXSID5057913,116,,
DTXSID5057915,116,0.0,0.0
DTXSID5057917,116,0.001528438244899817,0.0
DTXSID5059799,116,3.1631292311834885e-15,0.0
DTXSID5059828,116,2.7449578961100057e-08,0.0
DTXSID5060986,116,,
DTXSID5061954,116,0.0037979232270897454,0.0
DTXSID5063235,116,0.0,0.0
DTXSID5067348,116,3.781090209204558e-19,0.0
DTXSID5073901,116,0.0,0.0
DTXSID50858871,116,0.0,0.0
DTXSID50858876,116,3.5308080024264346e-09,0.0
DTXSID50858891,116,6.063943289369424e-09,0.0
DTXSID50858896,116,0.0,0.0
DTXSID50858912,116,,
DTXSID50858917,116,,
DTXSID50872714,116,0.00010360830216797557,0.0
DTXSID50872719,116,2.7314051531766773e-07,0.0
DTXSID50872734,116,0.0,0.0
DTXSID50872739,116,0.0,0.0
DTXSID50872754,116,8.415786355714578e-08,0.0
DTXSID50880218,116,0.0,0.0
DTXSID50892417,116,0.0,0.0
DTXSID50903830,116,8.600729915337976e-16,0.0
DTXSID50903835,116,0.0,0.0
DTXSID50903850,116,0.0,0.0
DTXSID50903855,116,0.0,0.0
DTXSID50903870,116,0.0,0.0
DTXSID50903875,116,0.0,0.0
DTXSID50903890,116,0.0,0.0
DTXSID50903895,116,0.0,0.0
DTXSID601339557,116,1.666430352066506e-05,0.0
DTXSID601339595,116,0.0,0.0
DTXSID601351793,116,0.0,0.0
DTXSID60195123,116,0.0,0.0
DTXSID6020014,116,0.0,0.0
DTXSID6020062,116,0.0,0.0
DTXSID6020064,116,,
DTXSID6020066,116,0.0,0.0
DTXSID6020068,116,3.513404212295388e-09,0.0
DTXSID6020141,116,0.01001863792443242,0.0
DTXSID6020143,116,,
DTXSID6020145,116,2.0765144898934125e-12,0.0
DTXSID6020147,116,0.0,0.0
DTXSID6020193,116,0.0,0.0
DTXSID6020197,116,0.0,0.0
DTXSID6020220,116,0.0,0.0
DTXSID6020222,116,3.931649133141585e-07,0.0
DTXSID6020224,116,0.00011142006088608717,0.0
DTXSID6020278,116,0.0,0.0
DTXSID6020307,116,,
DTXSID6020309,116,5.368061093526313e-06,0.0
DTXSID6020357,116,8.975609422419927e-08,0.0
DTXSID6020359,116,0.0,0.0
DTXSID6020430,116,0.0,0.0
DTXSID6020438,116,0.0,0.0
DTXSID6020480,116,4.1364116417240235e-06,0.0
DTXSID6020511,116,0.0,0.0
DTXSID6020515,116,0.0,0.0
DTXSID6020561,116,,
DTXSID6020569,116,3.333162479643729e-16,0.0
DTXSID6020648,116,1.5157473610389365e-08,0.0
DTXSID6020690,116,0.003188653804747291,0.0
DTXSID6020692,116,0.0,0.0
DTXSID6020694,116,2.5046975440599337e-07,0.0
DTXSID6020721,116,1.1501511343383191e-05,0.0
DTXSID6020779,116,9.739526161044787e-06,0.0
DTXSID6020856,116,0.00031366408965422123,0.0
DTXSID6020939,116,6.969595506333041e-05,0.0
DTXSID6020981,116,,
DTXSID6021030,116,,
DTXSID6021032,116,0.0,0.0
DTXSID6021082,116,0.0,0.0
DTXSID6021086,116,5.110369716579958e-07,0.0
DTXSID6021113,116,,
DTXSID6021117,116,0.0,0.0
DTXSID6021240,116,,
DTXSID6021244,116,0.0,0.0
DTXSID6021248,116,2.4043075933761754e-05,0.0
DTXSID6021290,116,0.00014712989488971812,0.0
DTXSID6021292,116,1.6025786157830887e-10,0.0
DTXSID6021294,116,0.0,0.0
DTXSID6021296,116,0.0,0.0
DTXSID6021371,116,7.580827627445307e-18,0.0
DTXSID6021375,116,0.0,0.0
DTXSID6021402,116,0.0,0.0
DTXSID6021404,116,0.0,0.0
DTXSID6021450,116,3.950605505232451e-07,0.0
DTXSID6021456,116,0.0,0.0
DTXSID6021583,116,,
DTXSID6021666,116,0.0,0.0
DTXSID6021793,116,,
DTXSID6021795,116,0.0,0.0
DTXSID6021799,116,0.0,0.0
DTXSID6021822,116,0.0,0.0
DTXSID6021824,116,,
DTXSID6021828,116,0.0,0.0
DTXSID6021872,116,0.0,0.0
DTXSID6021907,116,0.0,0.0
DTXSID6021953,116,4.726407920468571e-19,0.0
DTXSID6021957,116,0.0,0.0
DTXSID6021959,116,2.2999198375441077e-07,0.0
DTXSID6022000,116,1.0810810511472435e-05,0.0
DTXSID6022002,116,0.0,0.0
DTXSID6022004,116,3.1615457706837412e-18,0.0
DTXSID6022006,116,,
DTXSID6022008,116,0.0,0.0
DTXSID6022056,116,0.0,0.0
DTXSID6022058,116,1.3384747291069584e-12,0.0
DTXSID6022137,116,,
DTXSID6022187,116,1.4491285181311875e-14,0.0
DTXSID6022341,116,0.0,0.0
DTXSID6022345,116,0.002876412638198076,0.0
DTXSID6022391,116,0.0,0.0
DTXSID6022422,116,0.0012197434993390362,0.0
DTXSID6022472,116,,
DTXSID6022474,116,0.0,0.0
DTXSID6022557,116,,
DTXSID6022927,116,0.00019758844533930897,0.0
DTXSID6023159,116,,
DTXSID6023367,116,2.6425456131194387e-06,0.0
DTXSID6023523,116,8.947086932289189e-16,0.0
DTXSID6023600,116,,
DTXSID6023602,116,,
DTXSID6023652,116,7.388077288017023e-18,0.0
DTXSID6023733,116,,
DTXSID6023810,116,6.09529526857624e-05,0.0
DTXSID6023862,116,0.0,0.0
DTXSID6023864,116,1.1951515833245176e-06,0.0
DTXSID6023868,116,0.0,0.0
DTXSID6023999,116,5.636302978221109e-07,0.0
DTXSID6024046,116,6.221789930214913e-20,0.0
DTXSID6024048,116,0.0,0.0
DTXSID6024123,116,0.0,0.0
DTXSID6024175,116,6.80987767732534e-06,0.0
DTXSID6024177,116,5.638290665408773e-09,0.0
DTXSID6024200,116,0.0,0.0
DTXSID6024204,116,,
DTXSID6024206,116,4.607332456294575e-07,0.0
DTXSID6024254,116,0.0,0.0
DTXSID6024337,116,8.841625746159845e-08,0.0
DTXSID6024460,116,,
DTXSID6024466,116,,
DTXSID6024624,116,,
DTXSID6024628,116,0.0,0.0
DTXSID6024670,116,0.0,0.0
DTXSID6024674,116,2.4100952845543107e-09,0.0
DTXSID6024676,116,0.0,0.0
DTXSID6024701,116,5.558683323468982e-10,0.0
DTXSID6024834,116,2.576646492936668e-11,0.0
DTXSID6024836,116,,
DTXSID6024838,116,8.165180648463511e-11,0.0
DTXSID6024882,116,2.2525244693920202e-17,0.0
DTXSID6024888,116,0.0,0.0
DTXSID6024911,116,0.0,0.0
DTXSID6024913,116,,
DTXSID6024917,116,2.2088480860668158e-14,0.0
DTXSID6025010,116,0.0,0.0
DTXSID6025012,116,4.0468747247638925e-11,0.0
DTXSID6025014,116,0.003712289075015264,0.0
DTXSID6025018,116,0.0,0.0
DTXSID6025068,116,0.014391527332727673,0.0
DTXSID6025141,116,0.0,0.0
DTXSID6025143,116,0.0,0.0
DTXSID6025145,116,0.0,0.0
DTXSID6025220,116,1.7991568504079833e-14,0.0
DTXSID6025226,116,5.907098773932468e-19,0.0
DTXSID6025272,116,0.0,0.0
DTXSID6025301,116,,
DTXSID6025303,116,2.9041343036468815e-18,0.0
DTXSID6025305,116,,
DTXSID6025355,116,0.0,0.0
DTXSID6025432,116,0.0,0.0
DTXSID6025436,116,,
DTXSID6025438,116,0.0,0.0
DTXSID6025486,116,9.025079177585567e-05,0.0
DTXSID6025567,116,,
DTXSID6025648,116,0.48683051735748284,0.0
DTXSID6025690,116,5.810414077820295e-10,0.0
DTXSID6025692,116,5.3137678723554054e-05,0.0
DTXSID6026080,116,0.0,0.0
DTXSID6026084,116,0.0,0.0
DTXSID6026088,116,0.0,0.0
DTXSID6026119,116,5.563089169350834e-06,0.0
DTXSID6026298,116,0.0,0.0
DTXSID6026797,116,0.0,0.0
DTXSID6026799,116,,
DTXSID6026955,116,0.0,0.0
DTXSID6027050,116,1.4202489164891707e-11,0.0
DTXSID6027052,116,0.0,0.0
DTXSID6027131,116,0.7605752351424127,0.0
DTXSID6027133,116,0.0,0.0
DTXSID6027181,116,0.0,0.0
DTXSID6027185,116,0.0,0.0
DTXSID6027218,116,1.68796718750729e-12,0.0
DTXSID6027266,116,3.1210883737814013e-10,0.0
DTXSID6027268,116,0.0,0.0
DTXSID6027341,116,5.818068494105715e-06,0.0
DTXSID6027345,116,0.0,0.0
DTXSID6027395,116,,
DTXSID6027397,116,0.0,0.0
DTXSID6027426,116,0.0,0.0
DTXSID6027503,116,0.0,0.0
DTXSID6027634,116,0.0,0.0
DTXSID6027713,116,0.0,0.0
DTXSID6027921,116,0.0008822140090696948,0.0
DTXSID6027923,116,0.0,0.0
DTXSID6028022,116,6.184515137472211e-14,0.0
DTXSID6028492,116,,
DTXSID6029171,116,0.0,0.0
DTXSID6029202,116,,
DTXSID6029331,116,7.007748895572648e-15,0.0
DTXSID6029755,116,0.0,0.0
DTXSID6031380,116,0.0,0.0
DTXSID6031461,116,3.106388454725525e-06,0.0
DTXSID6032192,116,0.0728703769709532,0.0
DTXSID6032352,116,0.0,0.0
DTXSID6032354,116,0.0,0.0
DTXSID6032356,116,0.0002278575710670379,0.0
DTXSID6032358,116,8.169438278691516e-18,0.0
DTXSID6032431,116,0.0,0.0
DTXSID6032514,116,0.0,0.0
DTXSID6032516,116,,
DTXSID6032518,116,6.941070009058447e-17,0.0
DTXSID6032562,116,9.83874075568533e-12,0.0
DTXSID6032641,116,0.010452903046267115,0.0
DTXSID6032645,116,0.0,0.0
DTXSID6032647,116,0.08856148208535676,0.0
DTXSID6032649,116,0.0,0.0
DTXSID6033241,116,0.0,0.0
DTXSID6034005,116,,
DTXSID6034186,116,0.0,0.0
DTXSID6034265,116,0.0,0.0
DTXSID6034392,116,8.56354959488316e-08,0.0
DTXSID6034712,116,1.0961283118511358e-05,0.0
DTXSID6034762,116,0.0,0.0
DTXSID6034764,116,0.0002433305683467448,0.0
DTXSID6034849,116,0.0,0.0
DTXSID6034924,116,0.0,0.0
DTXSID6034928,116,0.0,0.0
DTXSID6034972,116,3.5349827692968283e-15,0.0
DTXSID6035152,116,,
DTXSID6035156,116,6.979311408832756e-07,0.0
DTXSID6035285,116,,
DTXSID6035784,116,,
DTXSID6036467,116,,
DTXSID6037483,116,,
DTXSID6037564,116,0.0,0.0
DTXSID6037568,116,0.0,0.0
DTXSID6037728,116,0.00016031070345501523,0.0
DTXSID60377821,116,0.0,0.0
DTXSID60377826,116,2.977855622410852e-10,0.0
DTXSID60379269,116,0.0,0.0
DTXSID60379901,116,0.0,0.0
DTXSID60380390,116,0.0,0.0
DTXSID6038326,116,3.16275276588354e-18,0.0
DTXSID6038798,116,5.726242017768839e-16,0.0
DTXSID6038827,116,0.0,0.0
DTXSID6038877,116,,
DTXSID60400587,116,0.0,0.0
DTXSID6040111,116,8.1506138111449e-10,0.0
DTXSID6040115,116,0.0,0.0
DTXSID6040117,116,,
DTXSID6040371,116,0.0,0.0
DTXSID6040373,116,0.0006027052472816061,0.0
DTXSID6040375,116,0.0,0.0
DTXSID6040664,116,4.713661304136897e-18,0.0
DTXSID6040745,116,,
DTXSID6040747,116,0.003637609957021088,0.0
DTXSID6040795,116,,
DTXSID6041137,116,,
DTXSID6041185,116,0.0,0.0
DTXSID6041210,116,5.005133192607636e-19,0.0
DTXSID6041268,116,,
DTXSID6041349,116,0.0,0.0
DTXSID6041397,116,7.085430298249823e-06,0.0
DTXSID6041420,116,0.0,0.0
DTXSID6041422,116,0.0,0.0
DTXSID6041424,116,6.321162325731405e-05,0.0
DTXSID6041426,116,1.2044064915893108e-05,0.0
DTXSID6041472,116,0.0,0.0
DTXSID6041503,116,,
DTXSID6041507,116,3.1961525278222447e-08,0.0
DTXSID6041551,116,4.1435821089783187e-13,0.0
DTXSID6041557,116,4.2409760085175725e-16,0.0
DTXSID6041636,116,0.0,0.0
DTXSID6041638,116,0.0,0.0
DTXSID6041682,116,0.0,0.0
DTXSID6041715,116,0.048852857800812784,0.0
DTXSID6041719,116,0.0,0.0
DTXSID6041844,116,1.1727842480269545e-12,0.0
DTXSID6041892,116,0.0,0.0
DTXSID6042074,116,0.0,0.0
DTXSID6042151,116,0.0,0.0
DTXSID6042232,116,0.0,0.0
DTXSID6042234,116,0.0,0.0
DTXSID6042280,116,0.0,0.0
DTXSID6042282,116,0.0,0.0
DTXSID6042365,116,0.0,0.0
DTXSID6042369,116,,
DTXSID6042440,116,0.0,0.0
DTXSID6042490,116,0.0,0.0
DTXSID6042494,116,0.0,0.0
DTXSID6042498,116,0.0,0.0
DTXSID6043709,116,,
DTXSID6043915,116,,
DTXSID6043917,116,0.0,0.0
DTXSID6044199,116,0.0,0.0
DTXSID6044303,116,,
DTXSID6044309,116,0.000852914394721234,0.0
DTXSID6044353,116,0.0,0.0
DTXSID6044355,116,0.0,0.0
DTXSID6044357,116,0.0,0.0
DTXSID6044359,116,0.0,0.0
DTXSID6044430,116,1.150309988668379e-15,0.0
DTXSID6044480,116,0.0,0.0
DTXSID6044488,116,0.0,0.0
DTXSID6044511,116,0.0,0.0
DTXSID6044513,116,0.0,0.0
DTXSID6044515,116,,
DTXSID6044517,116,6.149227721151464e-13,0.0
DTXSID6044519,116,,
DTXSID6044563,116,,
DTXSID6044644,116,8.228060485703969e-05,0.0
DTXSID6044646,116,1.2064929877390607e-06,0.0
DTXSID6044690,116,0.0,0.0
DTXSID6044696,116,0.0,0.0
DTXSID6044721,116,0.0,0.0
DTXSID6044727,116,0.0,0.0
DTXSID6044771,116,0.0,0.0
DTXSID6044773,116,0.0,0.0
DTXSID6044777,116,1.571257759044434e-17,0.0
DTXSID6044779,116,,
DTXSID6044800,116,0.0,0.0
DTXSID6044804,116,3.812792694596042e-08,0.0
DTXSID6044808,116,2.5823612750537562e-05,0.0
DTXSID6044981,116,0.0,0.0
DTXSID6044983,116,7.259340784854608e-08,0.0
DTXSID6044985,116,0.0,0.0
DTXSID6045400,116,0.0,0.0
DTXSID6046979,116,,
DTXSID6047072,116,0.0,0.0
DTXSID6047074,116,0.0,0.0
DTXSID6047078,116,0.0,0.0
DTXSID6047103,116,0.0,0.0
DTXSID6047105,116,0.0,0.0
DTXSID6047107,116,1.7118502297865693e-05,0.0
DTXSID6047109,116,2.865613677029298e-09,0.0
DTXSID6047157,116,8.590348323111508e-18,0.0
DTXSID6047159,116,0.0,0.0
DTXSID6047236,116,,
DTXSID6047280,116,,
DTXSID6047282,116,5.4594382503917445e-06,0.0
DTXSID6047284,116,,
DTXSID6047286,116,0.0,0.0
DTXSID6047288,116,0.21805123414014477,0.0
DTXSID6047311,116,,
DTXSID6047313,116,0.01710041474282177,0.0
DTXSID6047315,116,0.00010450039077477471,0.0
DTXSID6047319,116,0.00011848395788235563,0.0
DTXSID6047363,116,2.8355847516223826e-16,0.0
DTXSID6047367,116,4.815842511196694e-13,0.0
DTXSID6047369,116,,
DTXSID6047440,116,0.0,0.0
DTXSID6047444,116,3.285997443364081e-13,0.0
DTXSID6047446,116,0.0,0.0
DTXSID6047448,116,1.0192141324030834e-18,0.0
DTXSID6047490,116,0.0,0.0
DTXSID6047525,116,,
DTXSID6047527,116,0.0,0.0
DTXSID6047575,116,0.0,0.0
DTXSID6047579,116,0.0,0.0
DTXSID6047602,116,0.0,0.0
DTXSID6047604,116,0.0,0.0
DTXSID6047608,116,0.0,0.0
DTXSID6047654,116,3.7278939985627e-09,0.0
DTXSID6047656,116,0.0,0.0
DTXSID6048171,116,,
DTXSID6048175,116,,
DTXSID6048200,116,0.0,0.0
DTXSID6048202,116,5.229539065540216e-18,0.0
DTXSID6048204,116,0.0,0.0
DTXSID6048206,116,0.00025056545048530185,0.0
DTXSID6048208,116,0.0,0.0
DTXSID60500450,116,0.0,0.0
DTXSID6051306,116,0.0,0.0
DTXSID6051560,116,0.0,0.0
DTXSID6051564,116,0.0,0.0
DTXSID6051566,116,0.0,0.0
DTXSID6051695,116,0.0,0.0
DTXSID6051724,116,0.0,0.0
DTXSID6051778,116,,
DTXSID6052112,116,0.0,0.0
DTXSID6052291,116,0.012044153209013107,0.0
DTXSID6052295,116,,
DTXSID6052299,116,8.15826150132604e-10,0.0
DTXSID6052328,116,2.3087163724962285e-18,0.0
DTXSID6052536,116,1.8702514102247828e-08,0.0
DTXSID6052538,116,0.0,0.0
DTXSID6052619,116,0.0,0.0
DTXSID6052740,116,0.0,0.0
DTXSID6052900,116,2.153190060253079e-11,0.0
DTXSID6052902,116,1.1807983992595057e-06,0.0
DTXSID6052904,116,2.4480601356450044e-06,0.0
DTXSID6052906,116,0.0,0.0
DTXSID6052908,116,3.3262322877361996e-10,0.0
DTXSID6057908,116,1.0026488342934757e-12,0.0
DTXSID6061022,116,0.0,0.0
DTXSID6062599,116,0.0,0.0
DTXSID60663110,116,0.0,0.0
DTXSID6067331,116,0.0,0.0
DTXSID60858867,116,2.59033255292532e-06,0.0
DTXSID60858882,116,3.266719046362128e-06,0.0
DTXSID60858887,116,3.509853573174764e-15,0.0
DTXSID60858903,116,8.482888130853027e-16,0.0
DTXSID60858908,116,1.5104313842732074e-05,0.0
DTXSID60872720,116,0.0,0.0
DTXSID60872725,116,5.009160936094452e-12,0.0
DTXSID60872740,116,,
DTXSID60872745,116,0.0,0.0
DTXSID60892443,116,0.0,0.0
DTXSID60903826,116,8.072985967956526e-06,0.0
DTXSID60903841,116,0.0,0.0
DTXSID60903846,116,1.62956064705655e-05,0.0
DTXSID60903861,116,0.0,0.0
DTXSID60903866,116,0.0,0.0
DTXSID60903881,116,0.0,0.0
DTXSID60903886,116,0.0,0.0
DTXSID701339598,116,0.0,0.0
DTXSID701351796,116,7.335282311674985e-08,0.0
DTXSID701351803,116,0.0,0.0
DTXSID70191136,116,0.0,0.0
DTXSID7020005,116,0.0,0.0
DTXSID7020007,116,1.3747412979320387e-08,0.0
DTXSID7020057,116,2.574073667670187e-14,0.0
DTXSID7020182,116,6.786472035026835e-05,0.0
DTXSID7020184,116,5.674325308719077e-18,0.0
DTXSID7020263,116,0.0,0.0
DTXSID7020265,116,0.0,0.0
DTXSID7020267,116,8.474364943093244e-08,0.0
DTXSID7020344,116,0.0,0.0
DTXSID7020348,116,0.0,0.0
DTXSID7020392,116,3.220202341003047e-10,0.0
DTXSID7020421,116,,
DTXSID7020423,116,,
DTXSID7020425,116,0.0,0.0
DTXSID7020427,116,0.0,0.0
DTXSID7020479,116,5.692595851764058e-06,0.0
DTXSID7020504,116,1.1275043170394402e-05,0.0
DTXSID7020508,116,7.697663930745285e-14,0.0
DTXSID7020552,116,0.0,0.0
DTXSID7020631,116,,
DTXSID7020683,116,4.29434169776883e-05,0.0
DTXSID7020685,116,0.0,0.0
DTXSID7020687,116,0.0002537769138366757,0.0
DTXSID7020710,116,0.0,0.0
DTXSID7020716,116,,
DTXSID7020760,116,0.0,0.0
DTXSID7020764,116,7.693437780861413e-07,0.0
DTXSID7020766,116,,
DTXSID7020768,116,0.0,0.0
DTXSID7020841,116,0.0,0.0
DTXSID7020843,116,4.645679235030165e-11,0.0
DTXSID7020845,116,0.0,0.0
DTXSID7020895,116,8.94977626153905e-15,0.0
DTXSID7020920,116,,
DTXSID7020970,116,0.0,0.0
DTXSID7020972,116,0.0,0.0
DTXSID7020978,116,,
DTXSID7021029,116,1.0003600898036121e-08,0.0
DTXSID7021100,116,9.59591083001048e-10,0.0
DTXSID7021102,116,0.0,0.0
DTXSID7021106,116,0.0,0.0
DTXSID7021150,116,,
DTXSID7021152,116,,
DTXSID7021156,116,0.0,0.0
DTXSID7021233,116,3.279395061610895e-17,0.0
DTXSID7021237,116,0.0,0.0
DTXSID7021239,116,0.0,0.0
DTXSID7021314,116,1.0146477901189214e-14,0.0
DTXSID7021316,116,1.7273597912526667e-08,0.0
DTXSID7021362,116,0.0,0.0
DTXSID7021364,116,,
DTXSID7021491,116,0.0,0.0
DTXSID7021520,116,2.5035039938528965e-07,0.0
DTXSID7021603,116,0.0,0.0
DTXSID7021605,116,0.0,0.0
DTXSID7021607,116,0.0,0.0
DTXSID7021653,116,0.0,0.0
DTXSID7021655,116,5.5402620749396844e-08,0.0
DTXSID7021780,116,0.0,0.0
DTXSID7021782,116,0.0,0.0
DTXSID7021784,116,0.0,0.0
DTXSID7021788,116,5.0639458852156126e-18,0.0
DTXSID7021815,116,0.0,0.0
DTXSID7021861,116,4.88078243458765e-12,0.0
DTXSID7021863,116,0.0,0.0
DTXSID7021867,116,0.0,0.0
DTXSID7021869,116,1.5252499890043275e-06,0.0
DTXSID7021940,116,,
DTXSID7021946,116,0.0,0.0
DTXSID7021948,116,0.0,0.0
DTXSID7021992,116,,
DTXSID7021996,116,0.0,0.0
DTXSID7021998,116,8.189906548605484e-09,0.0
DTXSID7022043,116,1.2248867200575692e-15,0.0
DTXSID7022049,116,0.0,0.0
DTXSID7022093,116,0.0,0.0
DTXSID7022120,116,1.6269579083456422e-06,0.0
DTXSID7022170,116,0.0,0.0
DTXSID7022172,116,0.0,0.0
DTXSID7022174,116,,
DTXSID7022253,116,2.0014004083609727e-09,0.0
DTXSID7022332,116,2.7468618936680937e-10,0.0
DTXSID7022411,116,,
DTXSID7022413,116,,
DTXSID7022544,116,5.36932675273007e-08,0.0
DTXSID7022598,116,,
DTXSID7022679,116,7.05394199896274e-14,0.0
DTXSID7022912,116,1.558513935320843e-13,0.0
DTXSID7023063,116,,
DTXSID7023146,116,0.0,0.0
DTXSID7023192,116,0.0,0.0
DTXSID7023194,116,3.891540731269471e-16,0.0
DTXSID7023300,116,0.0,0.0
DTXSID7023510,116,0.0,0.0
DTXSID7023645,116,0.0,0.0
DTXSID7023936,116,5.6683926420317e-05,0.0
DTXSID7023938,116,7.007532520792055e-06,0.0
DTXSID7023980,116,7.467416464709853e-07,0.0
DTXSID7024031,116,,
DTXSID7024035,116,0.0,0.0
DTXSID7024081,116,,
DTXSID7024085,116,0.0,0.0
DTXSID7024087,116,0.0,0.0
DTXSID7024112,116,,
DTXSID7024160,116,3.6147742200660595e-05,0.0
DTXSID7024164,116,0.0003182730441108641,0.0
DTXSID7024166,116,0.0,0.0
DTXSID7024241,116,2.4731276289041144e-06,0.0
DTXSID7024245,116,9.782565928299032e-05,0.0
DTXSID7024247,116,6.318226235954237e-11,0.0
DTXSID7024299,116,4.487344766447344e-12,0.0
DTXSID7024320,116,,
DTXSID7024328,116,1.132218410196383e-19,0.0
DTXSID7024376,116,0.556608028387322,0.0
DTXSID7024409,116,,
DTXSID7024532,116,0.0,0.0
DTXSID7024538,116,,
DTXSID7024586,116,6.2247280166531945e-19,0.0
DTXSID7024821,116,0.00027810840937409967,0.0
DTXSID7024827,116,0.0,0.0
DTXSID7024873,116,7.381644769174488e-15,0.0
DTXSID7024902,116,2.2504202089555837e-12,0.0
DTXSID7024904,116,0.0,0.0
DTXSID7024950,116,0.558936412511827,0.0
DTXSID7025003,116,0.0,0.0
DTXSID7025055,116,0.0,0.0
DTXSID7025130,116,8.293098737970643e-18,0.0
DTXSID7025132,116,9.438178451878546e-15,0.0
DTXSID7025134,116,2.4290830982637213e-18,0.0
DTXSID7025138,116,0.0003388747076426015,0.0
DTXSID7025217,116,,
DTXSID7025219,116,4.856758890283026e-07,0.0
DTXSID7025346,116,3.0754326738951706e-15,0.0
DTXSID7025394,116,,
DTXSID7025421,116,0.0,0.0
DTXSID7025427,116,1.725826424377173e-16,0.0
DTXSID7025429,116,3.304477831107939e-10,0.0
DTXSID7025502,116,0.0,0.0
DTXSID7025506,116,0.0,0.0
DTXSID7025508,116,,
DTXSID7025895,116,,
DTXSID7025922,116,3.8461867387034596e-07,0.0
DTXSID7026029,116,0.0,0.0
DTXSID7026102,116,8.095845867044744e-12,0.0
DTXSID7026156,116,0.0,0.0
DTXSID7026235,116,0.0,0.0
DTXSID7026285,116,0.0,0.0
DTXSID7026314,116,0.000481530597211041,0.0
DTXSID7026368,116,0.008353991010605981,0.0
DTXSID7026499,116,0.0,0.0
DTXSID7026520,116,0.0,0.0
DTXSID7026526,116,0.0,0.0
DTXSID7026653,116,0.0,0.0
DTXSID7026811,116,2.1692936961822758e-17,0.0
DTXSID7026863,116,1.1887256770960242e-05,0.0
DTXSID7026867,116,5.3155686631248964e-05,0.0
DTXSID7026946,116,3.3135982526733286e-05,0.0
DTXSID7026994,116,0.0,0.0
DTXSID7026998,116,8.842547313494295e-20,0.0
DTXSID7027041,116,,
DTXSID7027047,116,0.0,0.0
DTXSID7027205,116,3.437994985574833e-07,0.0
DTXSID7027259,116,,
DTXSID7027334,116,,
DTXSID7027386,116,,
DTXSID7027388,116,8.219901098756209e-19,0.0
DTXSID7027461,116,2.535913834825928e-15,0.0
DTXSID7027540,116,0.0,0.0
DTXSID7027542,116,0.0,0.0
DTXSID7027544,116,2.1434439071236856e-17,0.0
DTXSID7027596,116,4.328268549924168e-05,0.0
DTXSID7027598,116,7.387937346731427e-05,0.0
DTXSID7027625,116,,
DTXSID70276659,116,5.451510595633591e-12,0.0
DTXSID7027756,116,,
DTXSID7027831,116,0.0,0.0
DTXSID7027833,116,0.006559562782766761,0.0
DTXSID7027835,116,,
DTXSID7027837,116,0.0,0.0
DTXSID7027887,116,0.0,0.0
DTXSID7027916,116,2.4736676952162737e-11,0.0
DTXSID7028011,116,8.759201218325078e-14,0.0
DTXSID7028015,116,0.0,0.0
DTXSID7028300,116,0.0,0.0
DTXSID7028774,116,,
DTXSID7029110,116,4.033842264646694e-21,0.0
DTXSID7029162,116,0.0,0.0
DTXSID7029164,116,4.369191838771006e-05,0.0
DTXSID7029166,116,0.0,0.0
DTXSID7029241,116,2.6149043074805895e-09,0.0
DTXSID7029320,116,0.0,0.0
DTXSID7029534,116,,
DTXSID7029611,116,5.95915040607311e-06,0.0
DTXSID7029661,116,,
DTXSID7029871,116,,
DTXSID7029879,116,,
DTXSID7029904,116,2.735687812265605e-16,0.0
DTXSID7030060,116,5.541444776415499e-05,0.0
DTXSID7030307,116,,
DTXSID7030698,116,0.0,0.0
DTXSID7031290,116,0.0006733581505067865,0.0
DTXSID7031294,116,0.0,0.0
DTXSID7031458,116,0.01711060942292324,0.0
DTXSID7031531,116,0.0,0.0
DTXSID7032004,116,,
DTXSID7032345,116,0.0,0.0
DTXSID7032393,116,0.0,0.0
DTXSID7032424,116,0.0,0.0
DTXSID7032470,116,2.5288934988374444e-13,0.0
DTXSID7032551,116,0.0008027333095098851,0.0
DTXSID7032553,116,4.160134596617132e-05,0.0
DTXSID7032555,116,1.938045633214276e-08,0.0
DTXSID7032559,116,1.5043928283750216e-10,0.0
DTXSID7032630,116,,
DTXSID7032638,116,9.897440892115383e-05,0.0
DTXSID7032688,116,0.0003618375125462472,0.0
DTXSID7034250,116,,
DTXSID7034252,116,0.0,0.0
DTXSID7034383,116,0.0,0.0
DTXSID7034460,116,,
DTXSID7034545,116,0.0,0.0
DTXSID7034549,116,0.0,0.0
DTXSID7034624,116,,
DTXSID7034674,116,0.0,0.0
DTXSID7034676,116,7.054363852725678e-13,0.0
DTXSID7034753,116,4.2029545964284686e-10,0.0
DTXSID7034961,116,1.135483782917879e-05,0.0
DTXSID7035010,116,,
DTXSID7035272,116,0.0,0.0
DTXSID70366226,116,0.0,0.0
DTXSID7037185,116,,
DTXSID7037262,116,,
DTXSID7037551,116,0.0,0.0
DTXSID7037555,116,0.0,0.0
DTXSID7037715,116,0.0,0.0
DTXSID7037717,116,4.456714889494226e-10,0.0
DTXSID70379270,116,0.0,0.0
DTXSID70379295,116,2.5741198662854877e-06,0.0
DTXSID70379730,116,0.0,0.0
DTXSID70379917,116,0.0,0.0
DTXSID70381090,116,0.0,0.0
DTXSID70381151,116,2.298937908460198e-16,0.0
DTXSID7038317,116,0.0,0.0
DTXSID7038810,116,0.0,0.0
DTXSID7038814,116,3.626221640592792e-11,0.0
DTXSID7038818,116,,
DTXSID7038864,116,,
DTXSID70400078,116,1.6327831458530672e-11,0.0
DTXSID7040150,116,,
DTXSID7040152,116,2.7278771807229892e-08,0.0
DTXSID7040154,116,0.0,0.0
DTXSID7040285,116,0.0,0.0
DTXSID7040287,116,,
DTXSID7040289,116,9.143550730341342e-07,0.0
DTXSID7040316,116,0.0,0.0
DTXSID7040360,116,4.27168284116095e-15,0.0
DTXSID7040362,116,0.0,0.0
DTXSID7040732,116,8.02505633170635e-05,0.0
DTXSID7040734,116,0.044268179919506045,0.0
DTXSID7040784,116,1.2771711325433891e-12,0.0
DTXSID7040788,116,0.0007919081389330061,0.0
DTXSID7041097,116,,
DTXSID7041178,116,0.0,0.0
DTXSID7041253,116,0.0,0.0
DTXSID7041388,116,4.721846434975477e-11,0.0
DTXSID7041413,116,0.0,0.0
DTXSID7041461,116,0.0,0.0
DTXSID7041467,116,0.0,0.0
DTXSID7041540,116,4.368077500227823e-18,0.0
DTXSID7041544,116,,
DTXSID7041623,116,0.0,0.0
DTXSID7041629,116,3.2876084123226714e-06,0.0
DTXSID7041671,116,0.0,0.0
DTXSID7041675,116,8.492712956676407e-07,0.0
DTXSID7041708,116,0.0,0.0
DTXSID7041887,116,0.0,0.0
DTXSID7041889,116,5.745949864251834e-05,0.0
DTXSID7041962,116,,
DTXSID7041966,116,,
DTXSID7042011,116,,
DTXSID7042061,116,1.832435868110691e-11,0.0
DTXSID7042065,116,1.3111089887654116e-07,0.0
DTXSID7042190,116,,
DTXSID7042196,116,5.8070556139577274e-08,0.0
DTXSID7042198,116,0.0,0.0
DTXSID7042273,116,0.0,0.0
DTXSID7042279,116,0.0,0.0
DTXSID7042356,116,0.0,0.0
DTXSID7042437,116,0.0,0.0
DTXSID7043902,116,2.7595545876268496e-15,0.0
DTXSID7043908,116,0.0,0.0
DTXSID7044215,116,0.0,0.0
DTXSID7044340,116,0.0,0.0
DTXSID7044342,116,,
DTXSID7044390,116,0.0,0.0
DTXSID7044392,116,0.0,0.0
DTXSID7044394,116,1.5363693010375247e-12,0.0
DTXSID7044396,116,0.0,0.0
DTXSID7044398,116,0.0,0.0
DTXSID7044421,116,0.0,0.0
DTXSID7044423,116,5.089933044918463e-06,0.0
DTXSID7044427,116,2.34834695117152e-15,0.0
DTXSID7044429,116,,
DTXSID7044471,116,0.0,0.0
DTXSID7044473,116,9.661936825136378e-13,0.0
DTXSID7044475,116,0.0,0.0
DTXSID7044479,116,,
DTXSID7044500,116,0.0,0.0
DTXSID7044502,116,0.0,0.0
DTXSID7044504,116,4.457229603149891e-06,0.0
DTXSID7044506,116,1.0371218331530482e-06,0.0
DTXSID7044552,116,0.0,0.0
DTXSID7044639,116,,
DTXSID7044689,116,4.599052313058248e-05,0.0
DTXSID7044716,116,0.0,0.0
DTXSID7044718,116,0.002005603306498097,0.0
DTXSID7044760,116,,
DTXSID7044762,116,8.412768428581943e-18,0.0
DTXSID7044764,116,,
DTXSID7044841,116,5.365683093863647e-09,0.0
DTXSID7044843,116,4.7739956449636725e-19,0.0
DTXSID7044847,116,0.0,0.0
DTXSID7044849,116,0.0,0.0
DTXSID7044895,116,0.0,0.0
DTXSID7044897,116,3.9710244066158397e-19,0.0
DTXSID7044922,116,1.0231464084220333e-07,0.0
DTXSID7044928,116,0.0,0.0
DTXSID7044970,116,,
DTXSID7044976,116,3.3912970439783845e-14,0.0
DTXSID7047061,116,0.0,0.0
DTXSID7047065,116,0.0,0.0
DTXSID7047142,116,0.0,0.0
DTXSID7047144,116,2.8706396006783585e-07,0.0
DTXSID7047146,116,,
DTXSID7047190,116,0.0,0.0
DTXSID7047192,116,1.674260395267585e-17,0.0
DTXSID7047198,116,0.0,0.0
DTXSID7047271,116,0.0,0.0
DTXSID7047277,116,0.034076595939045,0.0
DTXSID7047279,116,1.3257348150985043e-17,0.0
DTXSID7047304,116,,
DTXSID7047306,116,6.655850312089797e-05,0.0
DTXSID7047308,116,3.7097513678850075e-13,0.0
DTXSID7047356,116,8.861610802468048e-06,0.0
DTXSID7047358,116,,
DTXSID7047433,116,0.0,0.0
DTXSID7047435,116,,
DTXSID7047437,116,,
DTXSID7047439,116,1.5394182885221031e-18,0.0
DTXSID7047487,116,,
DTXSID7047510,116,0.0,0.0
DTXSID7047560,116,0.0,0.0
DTXSID7047562,116,5.797342036035749e-07,0.0
DTXSID7047566,116,3.280904254469936e-08,0.0
DTXSID7047641,116,0.0,0.0
DTXSID7047643,116,0.0,0.0
DTXSID7047645,116,1.9910776834530245e-06,0.0
DTXSID7047647,116,4.848388610355239e-13,0.0
DTXSID7047691,116,6.610006375575699e-12,0.0
DTXSID7047693,116,2.009045645733046e-06,0.0
DTXSID7047697,116,,
DTXSID70481246,116,0.0,0.0
DTXSID7048166,116,0.0,0.0
DTXSID7048168,116,,
DTXSID7051474,116,0.03184553679384007,0.0
DTXSID7051557,116,0.0,0.0
DTXSID7051890,116,0.7289777996111808,0.0
DTXSID7052101,116,5.439026862127584e-09,0.0
DTXSID7052109,116,,
DTXSID7052284,116,0.00022611279054383752,0.0
DTXSID7052288,116,1.2066135025608399e-08,0.0
DTXSID7052311,116,0.0,0.0
DTXSID7052319,116,0.001359923908777757,0.0
DTXSID7052446,116,0.0,0.0
DTXSID7052529,116,0.0008419214274523013,0.0
DTXSID7052571,116,0.0,0.0
DTXSID7052573,116,0.0,0.0
DTXSID7052577,116,1.4805450057506956e-08,0.0
DTXSID7052602,116,0.0,0.0
DTXSID7052652,116,0.0,0.0
DTXSID7052654,116,1.0043178490462278e-15,0.0
DTXSID7052735,116,0.0,0.0
DTXSID7052866,116,0.0,0.0
DTXSID70537191,116,0.0,0.0
DTXSID70565479,116,0.0,0.0
DTXSID7059933,116,1.7193374711362225e-11,0.0
DTXSID7060332,116,0.0,0.0
DTXSID7061982,116,0.0,0.0
DTXSID7074616,116,0.0,0.0
DTXSID70858873,116,2.853449603807148e-11,0.0
DTXSID70858878,116,1.2245897773825568e-08,0.0
DTXSID70858893,116,0.0,0.0
DTXSID70858898,116,7.641199163087226e-21,0.0
DTXSID70858914,116,1.5572820074488245e-16,0.0
DTXSID70858919,116,,
DTXSID70870515,116,,
DTXSID70872711,116,0.0,0.0
DTXSID70872716,116,,
DTXSID70872731,116,2.3015693914947674e-09,0.0
DTXSID70872736,116,3.656090723535035e-12,0.0
DTXSID70872751,116,1.494263362268467e-17,0.0
DTXSID70872756,116,0.0,0.0
DTXSID70880134,116,0.0,0.0
DTXSID70880215,116,5.225555090908432e-14,0.0
DTXSID70880230,116,0.0,0.0
DTXSID70903832,116,0.0,0.0
DTXSID70903837,116,0.0,0.0
DTXSID70903852,116,0.0,0.0
DTXSID70903857,116,0.0,0.0
DTXSID70903872,116,0.0,0.0
DTXSID70903877,116,0.0,0.0
DTXSID70903892,116,0.0,0.0
DTXSID801339553,116,0.0,0.0
DTXSID801351787,116,6.601657445221044e-10,0.0
DTXSID801351799,116,0.0,0.0
DTXSID801351806,116,0.0061797043930973015,0.0
DTXSID80195822,116,0.0,0.0
DTXSID8020040,116,0.0054899793228130435,0.0
DTXSID8020044,116,0.0,0.0
DTXSID8020092,116,0.0,0.0
DTXSID8020121,116,3.459579048272973e-05,0.0
DTXSID8020123,116,2.86303979375399e-05,0.0
DTXSID8020127,116,0.0,0.0
DTXSID8020175,116,0.0,0.0
DTXSID8020179,116,6.370538191806598e-10,0.0
DTXSID8020202,116,,
DTXSID8020252,116,0.0,0.0
DTXSID8020256,116,0.0,0.0
DTXSID8020331,116,0.0,0.0
DTXSID8020337,116,0.0,0.0
DTXSID8020381,116,0.0002691714642114828,0.0
DTXSID8020410,116,2.70655354784127e-05,0.0
DTXSID8020462,116,0.0,0.0
DTXSID8020464,116,0.0,0.0
DTXSID8020466,116,0.0,0.0
DTXSID8020541,116,0.0,0.0
DTXSID8020545,116,3.7798821774248716e-19,0.0
DTXSID8020591,116,1.1059557451465696e-07,0.0
DTXSID8020593,116,0.0,0.0
DTXSID8020597,116,0.0,0.0
DTXSID8020620,116,4.557472497101052e-09,0.0
DTXSID8020628,116,,
DTXSID8020674,116,0.0,0.0
DTXSID8020703,116,0.0,0.0
DTXSID8020755,116,,
DTXSID8020759,116,0.0,0.0
DTXSID8020830,116,3.278264403866411e-08,0.0
DTXSID8020834,116,0.0,0.0
DTXSID8020838,116,1.3034887418807679e-14,0.0
DTXSID8020880,116,,
DTXSID8020913,116,0.0,0.0
DTXSID8020915,116,0.0,0.0
DTXSID8020917,116,0.0,0.0
DTXSID8020961,116,0.0,0.0
DTXSID8020963,116,1.730838470694953e-07,0.0
DTXSID8020965,116,0.0,0.0
DTXSID8020969,116,0.0,0.0
DTXSID8021062,116,0.003269564347894869,0.0
DTXSID8021141,116,4.2159186379017947e-16,0.0
DTXSID8021147,116,0.0,0.0
DTXSID8021195,116,,
DTXSID8021199,116,0.0,0.0
DTXSID8021224,116,1.4385685349992637e-12,0.0
DTXSID8021272,116,0.0,0.0
DTXSID8021301,116,0.0,0.0
DTXSID8021305,116,,
DTXSID8021359,116,,
DTXSID8021438,116,0.0,0.0
DTXSID8021513,116,,
DTXSID8021515,116,0.0,0.0
DTXSID8021517,116,0.0,0.0
DTXSID8021519,116,,
DTXSID8021640,116,1.9449541823762002e-08,0.0
DTXSID8021642,116,,
DTXSID8021648,116,2.0539011428743623e-08,0.0
DTXSID8021721,116,0.0,0.0
DTXSID8021725,116,0.0,0.0
DTXSID8021771,116,2.4291622946643205e-15,0.0
DTXSID8021777,116,0.0,0.0
DTXSID8021800,116,,
DTXSID8021802,116,0.0,0.0
DTXSID8021804,116,0.0,0.0
DTXSID8021808,116,1.939048936572224e-07,0.0
DTXSID8021856,116,0.0,0.0
DTXSID8021931,116,0.0,0.0
DTXSID8021937,116,1.9891303520096505e-12,0.0
DTXSID8022036,116,,
DTXSID8022080,116,7.696727668333485e-19,0.0
DTXSID8022082,116,2.8790159745076104e-08,0.0
DTXSID8022084,116,1.6556406637133923e-05,0.0
DTXSID8022111,116,3.7393249947956066e-11,0.0
DTXSID8022113,116,0.0,0.0
DTXSID8022161,116,9.5851993811128e-17,0.0
DTXSID8022246,116,5.011056806298972e-19,0.0
DTXSID8022292,116,0.021995486361660595,0.0
DTXSID8022325,116,5.676951028057295e-14,0.0
DTXSID8022377,116,,
DTXSID8022406,116,3.559851223938312e-07,0.0
DTXSID8022408,116,,
DTXSID8022589,116,0.0,0.0
DTXSID8022666,116,0.0,0.0
DTXSID8022741,116,0.0,0.0
DTXSID8022824,116,0.0,0.0
DTXSID8022828,116,,
DTXSID8022959,116,0.0,0.0
DTXSID8023214,116,1.910665689838566e-13,0.0
DTXSID8023216,116,2.0898886793703254e-05,0.0
DTXSID8023474,116,,
DTXSID8023632,116,0.0,0.0
DTXSID8023688,116,0.0,0.0
DTXSID8023719,116,0.0006744005870309474,0.0
DTXSID8023846,116,1.719752450962824e-07,0.0
DTXSID8023848,116,0.0,0.0
DTXSID8023890,116,3.393038294786791e-06,0.0
DTXSID8023892,116,,
DTXSID8023927,116,,
DTXSID8023973,116,0.0,0.0
DTXSID8023977,116,0.0,0.0
DTXSID8024072,116,5.641218917658551e-16,0.0
DTXSID8024101,116,0.0,0.0
DTXSID8024105,116,1.5720505621077284e-06,0.0
DTXSID8024107,116,,
DTXSID8024109,116,0.0,0.0
DTXSID8024151,116,6.522529795371133e-08,0.0
DTXSID8024153,116,5.781848574839816e-09,0.0
DTXSID8024157,116,9.82123033514029e-16,0.0
DTXSID8024159,116,,
DTXSID8024234,116,2.020141392326735e-05,0.0
DTXSID8024238,116,0.0,0.0
DTXSID8024280,116,8.065884753601477e-08,0.0
DTXSID8024284,116,6.483083950343946e-21,0.0
DTXSID8024311,116,0.0,0.0
DTXSID8024315,116,0.0,0.0
DTXSID8024317,116,1.4921011454058558e-17,0.0
DTXSID8024523,116,0.0,0.0
DTXSID8024573,116,0.0,0.0
DTXSID8024600,116,4.899740806252578e-19,0.0
DTXSID8024652,116,8.436432931737916e-06,0.0
DTXSID8024739,116,0.8290859353714585,0.0
DTXSID8024810,116,1.5111217527110998e-15,0.0
DTXSID8024814,116,,
DTXSID8024993,116,0.0,0.0
DTXSID8024999,116,,
DTXSID8025094,116,0.0,0.0
DTXSID8025096,116,1.513665294043603e-07,0.0
DTXSID8025337,116,6.958862946433359e-10,0.0
DTXSID8025595,116,,
DTXSID8025599,116,0.0,0.0
DTXSID8025670,116,3.086191061383421e-18,0.0
DTXSID8025707,116,0.0005251207312974445,0.0
DTXSID8025886,116,0.0,0.0
DTXSID8025961,116,,
DTXSID8026060,116,0.0,0.0
DTXSID8026068,116,4.209126048642227e-06,0.0
DTXSID8026141,116,0.0,0.0
DTXSID8026193,116,,
DTXSID8026224,116,0.0,0.0
DTXSID8026228,116,5.139249206861071e-12,0.0
DTXSID8026303,116,1.6862324745423038e-20,0.0
DTXSID8026307,116,0.0,0.0
DTXSID8026436,116,0.0,0.0
DTXSID8026488,116,3.282643669057732e-18,0.0
DTXSID8026513,116,,
DTXSID8026640,116,,
DTXSID8026694,116,0.0,0.0
DTXSID8026698,116,7.750664513030538e-14,0.0
DTXSID8026725,116,3.001752177968812e-17,0.0
DTXSID8026727,116,,
DTXSID8026773,116,0.0,0.0
DTXSID8027032,116,0.0,0.0
DTXSID8027034,116,,
DTXSID8027036,116,,
DTXSID8027086,116,3.77153284416759e-16,0.0
DTXSID8027240,116,0.0,0.0
DTXSID8027246,116,0.0,0.0
DTXSID8027292,116,,
DTXSID8027294,116,8.592871540216476e-18,0.0
DTXSID8027323,116,0.0,0.0
DTXSID8027373,116,1.240405732204703e-19,0.0
DTXSID8027377,116,0.0,0.0
DTXSID8027402,116,0.0,0.0
DTXSID8027454,116,4.771890831097555e-08,0.0
DTXSID8027581,116,8.406519321397449e-05,0.0
DTXSID8027585,116,0.0,0.0
DTXSID8027589,116,0.0,0.0
DTXSID8027747,116,1.0276120750722739e-19,0.0
DTXSID8027749,116,0.0,0.0
DTXSID8027793,116,4.724732619233783e-09,0.0
DTXSID8027795,116,0.0,0.0
DTXSID8027797,116,0.0,0.0
DTXSID8027826,116,0.0,0.0
DTXSID8027870,116,0.0,0.0
DTXSID8027955,116,0.0,0.0
DTXSID8027959,116,4.0691046460205243e-19,0.0
DTXSID8029105,116,,
DTXSID8029153,116,0.0,0.0
DTXSID8029157,116,0.0,0.0
DTXSID8029159,116,,
DTXSID8029232,116,2.895137412644649e-06,0.0
DTXSID8029282,116,,
DTXSID8029286,116,0.0,0.0
DTXSID8029369,116,3.79750246057828e-12,0.0
DTXSID8029600,116,,
DTXSID8029650,116,,
DTXSID8029868,116,,
DTXSID8030423,116,8.936642545514775e-17,0.0
DTXSID80310730,116,,
DTXSID8031077,116,,
DTXSID8031863,116,4.2828558973370126e-11,0.0
DTXSID8031865,116,0.0,0.0
DTXSID8032386,116,3.4506193520931528e-12,0.0
DTXSID8032417,116,2.802720353928911e-09,0.0
DTXSID8032463,116,1.3533739164016572e-07,0.0
DTXSID8032544,116,0.0019092939400659073,0.0
DTXSID8032548,116,,
DTXSID8032671,116,2.7192994888534094e-16,0.0
DTXSID8032673,116,6.992881740551813e-07,0.0
DTXSID8032675,116,1.4445396784318606e-09,0.0
DTXSID8033562,116,0.0,0.0
DTXSID8033566,116,6.0004257529616415e-12,0.0
DTXSID8034241,116,4.427861813282919e-06,0.0
DTXSID8034324,116,0.0,0.0
DTXSID8034372,116,,
DTXSID8034376,116,0.0,0.0
DTXSID8034401,116,3.696694545354095e-14,0.0
DTXSID8034538,116,2.9919532658061665e-16,0.0
DTXSID8034580,116,1.690998383632347e-08,0.0
DTXSID8034586,116,1.647701409420596e-07,0.0
DTXSID8034588,116,,
DTXSID8034665,116,6.541860745788248e-11,0.0
DTXSID8034742,116,0.0,0.0
DTXSID8034792,116,0.0,0.0
DTXSID8034823,116,0.0,0.0
DTXSID8034871,116,0.0,0.0
DTXSID8034877,116,1.1335853484702705e-09,0.0
DTXSID8034956,116,1.8657440094383142e-17,0.0
DTXSID8035001,116,0.0,0.0
DTXSID8035180,116,0.5705354867242244,0.0
DTXSID8035217,116,0.0,0.0
DTXSID8035423,116,0.0,0.0
DTXSID80375107,116,0.0,0.0
DTXSID8037596,116,3.733425396253216e-19,0.0
DTXSID8037706,116,0.6062356747704132,0.0
DTXSID8037708,116,,
DTXSID8037750,116,5.745758419511629e-16,0.0
DTXSID8037752,116,,
DTXSID8037754,116,0.0,0.0
DTXSID8037756,116,8.36955996742813e-06,0.0
DTXSID80379721,116,7.004704096018502e-17,0.0
DTXSID80379781,116,0.0,0.0
DTXSID80380837,116,0.0,0.0
DTXSID80382093,116,,
DTXSID80382154,116,0.0,0.0
DTXSID8038770,116,0.0,0.0
DTXSID8038801,116,0.0,0.0
DTXSID8038855,116,0.0,0.0
DTXSID8040145,116,2.420923287987795e-07,0.0
DTXSID8040222,116,1.7876730848456593e-07,0.0
DTXSID8040274,116,1.4872537566313052e-06,0.0
DTXSID8040278,116,0.030798838829927434,0.0
DTXSID8040484,116,,
DTXSID8040694,116,0.0,0.0
DTXSID8040698,116,1.9231165343489408e-13,0.0
DTXSID8040721,116,2.3688154002330872e-15,0.0
DTXSID8040723,116,4.103944926679004e-10,0.0
DTXSID8040725,116,0.0,0.0
DTXSID8040775,116,,
DTXSID8040779,116,0.06070452202469939,0.0
DTXSID8040800,116,0.0,0.0
DTXSID8041117,116,3.0935410977992997e-07,0.0
DTXSID8041242,116,0.0,0.0
DTXSID8041246,116,0.0,0.0
DTXSID8041248,116,,
DTXSID8041298,116,0.0,0.0
DTXSID8041321,116,0.0,0.0
DTXSID8041327,116,0.0,0.0
DTXSID8041371,116,0.0,0.0
DTXSID8041379,116,,
DTXSID8041400,116,1.2031400999817345e-10,0.0
DTXSID8041610,116,1.296843090126752e-06,0.0
DTXSID8041668,116,0.0,0.0
DTXSID8041745,116,0.0,0.0
DTXSID8041901,116,0.0,0.0
DTXSID8041909,116,,
DTXSID8041955,116,0.0,0.0
DTXSID8041957,116,0.0,0.0
DTXSID8042006,116,0.0,0.0
DTXSID8042052,116,2.858984927601253e-13,0.0
DTXSID8042187,116,0.0,0.0
DTXSID8042189,116,9.35341282306232e-20,0.0
DTXSID8042210,116,5.208601635258316e-09,0.0
DTXSID8042264,116,,
DTXSID8042343,116,0.0,0.0
DTXSID8042349,116,2.579938000919102e-05,0.0
DTXSID8042399,116,0.060097302684717115,0.0
DTXSID8042422,116,0.0,0.0
DTXSID8042424,116,0.0,0.0
DTXSID8042426,116,9.560351210663513e-11,0.0
DTXSID8042478,116,,
DTXSID8042503,116,6.031518806168163e-16,0.0
DTXSID8042507,116,0.0,0.0
DTXSID8043941,116,0.0,0.0
DTXSID8044175,116,6.484469538025269e-15,0.0
DTXSID8044177,116,0.0,0.0
DTXSID8044200,116,0.0,0.0
DTXSID8044202,116,0.0,0.0
DTXSID8044337,116,0.0,0.0
DTXSID8044381,116,,
DTXSID8044383,116,0.0,0.0
DTXSID8044385,116,6.257535123080749e-06,0.0
DTXSID8044389,116,0.0,0.0
DTXSID8044416,116,0.0,0.0
DTXSID8044462,116,0.0,0.0
DTXSID8044464,116,0.0,0.0
DTXSID8044541,116,5.735286922829758e-13,0.0
DTXSID8044543,116,,
DTXSID8044545,116,0.0,0.0
DTXSID8044547,116,0.0,0.0
DTXSID8044593,116,0.0,0.0
DTXSID8044595,116,0.9944286552836787,1.0
DTXSID8044620,116,0.0,0.0
DTXSID8044676,116,,
DTXSID8044678,116,1.1775234895824733e-09,0.0
DTXSID8044703,116,0.0,0.0
DTXSID8044753,116,0.0,0.0
DTXSID8044755,116,0.00036722783565163803,0.0
DTXSID8044757,116,4.6383774640985884e-08,0.0
DTXSID8044759,116,0.0,0.0
DTXSID8044830,116,0.0,0.0
DTXSID8044832,116,0.0,0.0
DTXSID8044836,116,2.3502823856448074e-08,0.0
DTXSID8044880,116,0.0,0.0
DTXSID8044882,116,0.0,0.0
DTXSID8044886,116,0.0,0.0
DTXSID8044888,116,,
DTXSID8044911,116,0.0,0.0
DTXSID8044913,116,,
DTXSID8044969,116,3.8755825444975355e-10,0.0
DTXSID8045191,116,,
DTXSID8046614,116,0.0,0.0
DTXSID8047000,116,1.1546801644942768e-08,0.0
DTXSID8047050,116,0.0,0.0
DTXSID8047052,116,2.8190608346972846e-18,0.0
DTXSID8047056,116,3.5883902848552402e-12,0.0
DTXSID8047058,116,,
DTXSID8047131,116,2.427661201279059e-07,0.0
DTXSID8047133,116,0.0,0.0
DTXSID8047135,116,0.0,0.0
DTXSID8047137,116,,
DTXSID8047139,116,,
DTXSID8047185,116,0.0,0.0
DTXSID8047187,116,8.222334120028164e-08,0.0
DTXSID8047189,116,0.0,0.0
DTXSID8047218,116,0.0,0.0
DTXSID8047262,116,,
DTXSID8047264,116,6.791072883045135e-05,0.0
DTXSID8047266,116,1.684972638881666e-06,0.0
DTXSID8047268,116,,
DTXSID8047341,116,,
DTXSID8047347,116,,
DTXSID8047349,116,,
DTXSID8047391,116,1.266401174443821e-08,0.0
DTXSID8047395,116,0.0,0.0
DTXSID8047399,116,0.0,0.0
DTXSID8047420,116,,
DTXSID8047422,116,0.0,0.0
DTXSID8047424,116,0.0,0.0
DTXSID8047426,116,0.0,0.0
DTXSID8047470,116,9.355508645272234e-19,0.0
DTXSID8047472,116,1.275723272366911e-16,0.0
DTXSID8047505,116,0.0007173647293903893,0.0
DTXSID8047551,116,7.147893283103436e-14,0.0
DTXSID8047553,116,1.2159886022136332e-17,0.0
DTXSID8047559,116,2.480889635367502e-14,0.0
DTXSID8047636,116,2.6561200573032666e-16,0.0
DTXSID8047682,116,2.261828644488931e-05,0.0
DTXSID8047684,116,1.6035607505463812e-21,0.0
DTXSID8047686,116,0.0,0.0
DTXSID8047713,116,8.064992232669452e-12,0.0
DTXSID8047717,116,0.0,0.0
DTXSID8047769,116,3.9460809849806855e-08,0.0
DTXSID8047890,116,,
DTXSID8048494,116,0.0,0.0
DTXSID8048521,116,4.0344920508372434e-07,0.0
DTXSID8051419,116,0.0,0.0
DTXSID8051540,116,,
DTXSID8051542,116,0.0,0.0
DTXSID8051544,116,,
DTXSID8051629,116,0.0,0.0
DTXSID8051704,116,3.4711782671506666e-05,0.0
DTXSID8051708,116,3.0797236620708924e-15,0.0
DTXSID8051754,116,1.3893846637483803e-15,0.0
DTXSID8051914,116,0.0,0.0
DTXSID8052017,116,0.0,0.0
DTXSID8052198,116,0.011269085878180226,0.0
DTXSID8052300,116,,
DTXSID8052308,116,0.0,0.0
DTXSID8052641,116,0.0,0.0
DTXSID8052693,116,0.0,0.0
DTXSID8052724,116,0.0,0.0
DTXSID8059920,116,0.0,0.0
DTXSID8059926,116,0.0,0.0
DTXSID8059928,116,1.4184195914011996e-17,0.0
DTXSID8059970,116,0.0,0.0
DTXSID80858869,116,1.1818828015242086e-05,0.0
DTXSID80858884,116,7.516823604470042e-06,0.0
DTXSID80858889,116,3.519030938405996e-11,0.0
DTXSID80858900,116,0.0,0.0
DTXSID80858905,116,0.0,0.0
DTXSID80858920,116,0.0,0.0
DTXSID80872707,116,5.386069262309603e-07,0.0
DTXSID80872722,116,0.0,0.0
DTXSID80872727,116,9.536460449921553e-08,0.0
DTXSID80872742,116,2.4812826380749067e-05,0.0
DTXSID80872747,116,9.79371411833647e-09,0.0
DTXSID80881157,116,0.0,0.0
DTXSID80903828,116,0.0,0.0
DTXSID80903843,116,0.0,0.0
DTXSID80903848,116,,
DTXSID80903863,116,0.0,0.0
DTXSID80903868,116,0.0,0.0
DTXSID80903883,116,0.0,0.0
DTXSID80903888,116,0.0,0.0
DTXSID901339556,116,3.657016083536407e-18,0.0
DTXSID901351485,116,1.5696957348387253e-18,0.0
DTXSID90174941,116,0.0,0.0
DTXSID90190949,116,0.9300992171058001,1.0
DTXSID9020087,116,0.0,0.0
DTXSID9020089,116,,
DTXSID9020110,116,,
DTXSID9020112,116,2.701302335562819e-11,0.0
DTXSID9020114,116,0.0,0.0
DTXSID9020116,116,0.0,0.0
DTXSID9020118,116,6.0778090950184936e-18,0.0
DTXSID9020160,116,0.0006013646483914279,0.0
DTXSID9020164,116,0.0,0.0
DTXSID9020168,116,0.0,0.0
DTXSID9020243,116,9.242948798890381e-15,0.0
DTXSID9020247,116,1.2737355841990366e-16,0.0
DTXSID9020249,116,6.7391095596914335e-09,0.0
DTXSID9020293,116,0.006354233883795669,0.0
DTXSID9020295,116,0.0,0.0
DTXSID9020299,116,5.732636757116811e-08,0.0
DTXSID9020322,116,0.0,0.0
DTXSID9020370,116,0.0,0.0
DTXSID9020372,116,,
DTXSID9020374,116,0.6986995089205331,0.0
DTXSID9020376,116,0.0,0.0
DTXSID9020378,116,,
DTXSID9020401,116,0.0,0.0
DTXSID9020407,116,6.344283792875443e-10,0.0
DTXSID9020409,116,0.006451274722561608,0.0
DTXSID9020451,116,0.0,0.0
DTXSID9020453,116,,
DTXSID9020580,116,2.5143917903977783e-14,0.0
DTXSID9020582,116,2.280250256814408e-08,0.0
DTXSID9020617,116,0.0,0.0
DTXSID9020663,116,0.0,0.0
DTXSID9020740,116,,
DTXSID9020790,116,0.0,0.0
DTXSID9020792,116,5.448149699861226e-12,0.0
DTXSID9020794,116,4.336159323407189e-12,0.0
DTXSID9020827,116,3.982211331834523e-05,0.0
DTXSID9020829,116,0.0,0.0
DTXSID9020877,116,0.0,0.0
DTXSID9020902,116,0.0,0.0
DTXSID9020956,116,,
DTXSID9020958,116,0.0,0.0
DTXSID9021053,116,3.683308003798932e-11,0.0
DTXSID9021130,116,2.817707355280206e-07,0.0
DTXSID9021134,116,0.0,0.0
DTXSID9021136,116,9.935504348249642e-14,0.0
DTXSID9021138,116,0.0,0.0
DTXSID9021182,116,0.0,0.0
DTXSID9021184,116,,
DTXSID9021188,116,5.233711945535433e-17,0.0
DTXSID9021215,116,1.0112321692764113e-15,0.0
DTXSID9021217,116,,
DTXSID9021342,116,0.0,0.0
DTXSID9021344,116,1.8571045454446033e-12,0.0
DTXSID9021346,116,0.0,0.0
DTXSID9021348,116,0.0,0.0
DTXSID9021390,116,0.0,0.0
DTXSID9021392,116,0.0,0.0
DTXSID9021427,116,0.0,0.0
DTXSID9021477,116,0.0,0.0
DTXSID9021479,116,0.0,0.0
DTXSID9021550,116,0.0,0.0
DTXSID9021554,116,0.0,0.0
DTXSID9021635,116,8.688795243527438e-19,0.0
DTXSID9021639,116,,
DTXSID9021683,116,8.032642248938948e-06,0.0
DTXSID9021689,116,,
DTXSID9021710,116,2.1655570193746888e-07,0.0
DTXSID9021716,116,0.0,0.0
DTXSID9021764,116,,
DTXSID9021843,116,0.0,0.0
DTXSID9021847,116,0.0,0.0
DTXSID9021897,116,0.0,0.0
DTXSID9021922,116,5.807371074372157e-13,0.0
DTXSID9021928,116,6.298645673685196e-13,0.0
DTXSID9021974,116,4.079184914153423e-17,0.0
DTXSID9021976,116,0.000551809264289788,0.0
DTXSID9021978,116,0.0,0.0
DTXSID9022100,116,,
DTXSID9022104,116,0.0,0.0
DTXSID9022310,116,4.05789548059966e-15,0.0
DTXSID9022312,116,0.006021260144013226,0.0
DTXSID9022360,116,2.3392476874783784e-09,0.0
DTXSID9022364,116,0.0,0.0
DTXSID9022366,116,0.0,0.0
DTXSID9022445,116,0.0,0.0
DTXSID9022520,116,1.6412426296678786e-07,0.0
DTXSID9022522,116,,
DTXSID9022524,116,,
DTXSID9022526,116,,
DTXSID9022528,116,0.0016450071055442216,0.0
DTXSID9022607,116,0.0,0.0
DTXSID9022817,116,,
DTXSID9023041,116,0.0,0.0
DTXSID9023201,116,,
DTXSID9023380,116,0.0,0.0
DTXSID9023419,116,1.5806095243139326e-11,0.0
DTXSID9023706,116,0.0,0.0
DTXSID9023752,116,,
DTXSID9023833,116,0.0,0.0
DTXSID9023881,116,1.31763940856732e-19,0.0
DTXSID9023889,116,1.5993384554859252e-06,0.0
DTXSID9023914,116,7.72574038099732e-08,0.0
DTXSID9024015,116,0.0,0.0
DTXSID9024063,116,,
DTXSID9024065,116,0.0,0.0
DTXSID9024194,116,0.0,0.0
DTXSID9024304,116,0.0,0.0
DTXSID9024431,116,2.5893341064840935e-05,0.0
DTXSID9024485,116,0.0,0.0
DTXSID9024489,116,0.0,0.0
DTXSID9024512,116,8.528080178090469e-15,0.0
DTXSID9024568,116,0.0,0.0
DTXSID9024691,116,0.0,0.0
DTXSID9024699,116,,
DTXSID9024809,116,0.0001156097550288363,0.0
DTXSID9024930,116,0.0,0.0
DTXSID9024934,116,6.5018836144383105e-19,0.0
DTXSID9024986,116,1.4126044765238902e-10,0.0
DTXSID9025035,116,0.0,0.0
DTXSID9025110,116,0.263916592870795,0.0
DTXSID9025164,116,0.0,0.0
DTXSID9025243,116,,
DTXSID9025291,116,4.385793115668646e-17,0.0
DTXSID9025293,116,5.6146728705610076e-05,0.0
DTXSID9025297,116,0.0,0.0
DTXSID9025401,116,0.0,0.0
DTXSID9025403,116,0.0,0.0
DTXSID9025451,116,0.0,0.0
DTXSID9025453,116,,
DTXSID9025536,116,1.892066970974996e-08,0.0
DTXSID9025588,116,0.0,0.0
DTXSID9025796,116,0.0,0.0
DTXSID9025873,116,,
DTXSID9026130,116,0.0,0.0
DTXSID9026132,116,,
DTXSID9026261,116,,
DTXSID9026265,116,2.298413453961448e-10,0.0
DTXSID9026267,116,5.49369201575924e-10,0.0
DTXSID9026342,116,0.01836740656920546,0.0
DTXSID9026500,116,0.0,0.0
DTXSID9026558,116,0.0,0.0
DTXSID9026689,116,,
DTXSID9026712,116,,
DTXSID9026841,116,,
DTXSID9026922,116,0.0,0.0
DTXSID9026926,116,,
DTXSID9026974,116,0.9959218206687702,1.0
DTXSID9027021,116,,
DTXSID9027233,116,4.4143243147059425e-17,0.0
DTXSID9027281,116,0.0,0.0
DTXSID9027312,116,0.0,0.0
DTXSID9027360,116,5.4087569960561704e-12,0.0
DTXSID9027364,116,0.0,0.0
DTXSID90274132,116,2.032789829654482e-07,0.0
DTXSID9027441,116,1.3210430216678966e-08,0.0
DTXSID9027443,116,0.0,0.0
DTXSID9027520,116,0.0,0.0
DTXSID9027522,116,,
DTXSID9027528,116,1.9289253562766625e-08,0.0
DTXSID90275806,116,0.0,0.0
DTXSID9027603,116,0.0,0.0
DTXSID9027653,116,3.65844590680386e-10,0.0
DTXSID9027738,116,0.0,0.0
DTXSID9027863,116,0.08831805384845666,0.0
DTXSID90285748,116,0.0,0.0
DTXSID9029146,116,0.0,0.0
DTXSID9029192,116,1.435688002868365e-16,0.0
DTXSID9029221,116,0.0,0.0
DTXSID9029223,116,0.005087057814464449,0.0
DTXSID9029225,116,0.0,0.0
DTXSID9029302,116,0.0,0.0
DTXSID9029304,116,0.0,0.0
DTXSID9029649,116,0.0,0.0
DTXSID90315130,116,0.0,0.0
DTXSID9032113,116,,
DTXSID9032327,116,,
DTXSID9032329,116,6.433585834874429e-06,0.0
DTXSID9032375,116,0.0,0.0
DTXSID9032379,116,4.956495339763662e-07,0.0
DTXSID9032406,116,0.0,0.0
DTXSID9032531,116,,
DTXSID9032533,116,7.3008951574571275e-06,0.0
DTXSID9032535,116,,
DTXSID9032537,116,,
DTXSID9032581,116,9.350220180911074e-06,0.0
DTXSID9032589,116,,
DTXSID9032610,116,1.8798506209912967e-09,0.0
DTXSID9033058,116,,
DTXSID9033187,116,0.0,0.0
DTXSID9033923,116,3.43197317535545e-15,0.0
DTXSID9034232,116,,
DTXSID9034282,116,1.0544082313432756e-07,0.0
DTXSID9034286,116,,
DTXSID9034317,116,,
DTXSID9034361,116,,
DTXSID9034365,116,,
DTXSID9034490,116,9.76925149135614e-10,0.0
DTXSID9034492,116,0.0,0.0
DTXSID9034496,116,4.435967254630739e-14,0.0
DTXSID9034573,116,1.2673218923222333e-05,0.0
DTXSID9034650,116,0.0,0.0
DTXSID9034737,116,2.0832998020675282e-14,0.0
DTXSID9034816,116,2.559529045575415e-06,0.0
DTXSID9034818,116,3.003387618397616e-12,0.0
DTXSID9034864,116,1.503783914193489e-12,0.0
DTXSID9034868,116,3.014495205981222e-06,0.0
DTXSID9034997,116,,
DTXSID9035175,116,,
DTXSID9035204,116,,
DTXSID9036226,116,0.0,0.0
DTXSID9036438,116,9.242283739354715e-14,0.0
DTXSID9036515,116,0.0,0.0
DTXSID9036646,116,0.0,0.0
DTXSID9036690,116,0.0,0.0
DTXSID9036933,116,0.0,0.0
DTXSID90371872,116,0.0,0.0
DTXSID9037535,116,0.0,0.0
DTXSID9037539,116,6.75709967994273e-19,0.0
DTXSID9037616,116,0.0010321483633955965,0.0
DTXSID9037741,116,6.763570597969709e-08,0.0
DTXSID9037745,116,1.0538657484595502e-10,0.0
DTXSID9037749,116,0.0,0.0
DTXSID90382620,116,0.0,0.0
DTXSID9038840,116,0.0,0.0
DTXSID9040001,116,0.0,0.0
DTXSID9040134,116,0.0,0.0
DTXSID9040215,116,0.0,0.0
DTXSID9040269,116,0.000571687700922339,0.0
DTXSID9040342,116,2.8992207248274145e-19,0.0
DTXSID9040635,116,4.469925703110709e-05,0.0
DTXSID9040710,116,0.0,0.0
DTXSID9040712,116,,
DTXSID9040716,116,8.52361621929957e-18,0.0
DTXSID9040718,116,9.98605156206045e-15,0.0
DTXSID9040760,116,,
DTXSID9041233,116,7.797759971553627e-06,0.0
DTXSID9041237,116,5.746025462868931e-07,0.0
DTXSID9041289,116,0.0,0.0
DTXSID9041362,116,,
DTXSID9041366,116,2.774183187302359e-15,0.0
DTXSID9041368,116,,
DTXSID9041441,116,0.0,0.0
DTXSID9041491,116,0.0,0.0
DTXSID9041520,116,,
DTXSID9041528,116,9.378442415560613e-20,0.0
DTXSID9041570,116,0.0,0.0
DTXSID9041653,116,0.0,0.0
DTXSID9041813,116,0.0,0.0
DTXSID9041815,116,,
DTXSID9041861,116,,
DTXSID9042097,116,1.2776934411847472e-19,0.0
DTXSID9042209,116,9.498277085467186e-13,0.0
DTXSID9042336,116,0.0,0.0
DTXSID9042382,116,1.2988288536319611e-08,0.0
DTXSID9042415,116,0.0,0.0
DTXSID9043855,116,0.0,0.0
DTXSID9043938,116,0.0035970247179801652,0.0
DTXSID9044164,116,4.035743760069431e-07,0.0
DTXSID9044320,116,4.501379718275701e-19,0.0
DTXSID9044370,116,1.133492458950932e-08,0.0
DTXSID9044372,116,4.619892140750622e-09,0.0
DTXSID9044374,116,1.0688273510418877e-18,0.0
DTXSID9044403,116,5.632977018821377e-10,0.0
DTXSID9044409,116,0.0,0.0
DTXSID9044457,116,0.0,0.0
DTXSID9044459,116,2.2812524975194384e-10,0.0
DTXSID9044532,116,0.021954405876936863,0.0
DTXSID9044534,116,8.865867433087875e-05,0.0
DTXSID9044536,116,,
DTXSID9044538,116,0.0,0.0
DTXSID9044580,116,7.836059882027697e-10,0.0
DTXSID9044582,116,9.996388614704143e-13,0.0
DTXSID9044615,116,0.0,0.0
DTXSID9044661,116,0.0,0.0
DTXSID9044663,116,1.5922293739821773e-15,0.0
DTXSID9044742,116,0.0,0.0
DTXSID9044744,116,0.0,0.0
DTXSID9044746,116,0.0,0.0
DTXSID9044790,116,1.1070387417486331e-16,0.0
DTXSID9044794,116,7.48661615922615e-05,0.0
DTXSID9044796,116,,
DTXSID9044798,116,0.0,0.0
DTXSID9044821,116,,
DTXSID9044823,116,0.0,0.0
DTXSID9044825,116,,
DTXSID9044827,116,0.0,0.0
DTXSID9044871,116,2.578306869307862e-06,0.0
DTXSID9044873,116,4.194543905811372e-06,0.0
DTXSID9044902,116,0.00024744509128805486,0.0
DTXSID9044904,116,0.0,0.0
DTXSID9044950,116,2.9941946742665685e-09,0.0
DTXSID9044958,116,0.0,0.0
DTXSID9046992,116,,
DTXSID9046998,116,8.045234351978394e-06,0.0
DTXSID9047045,116,0.0,0.0
DTXSID9047049,116,1.7768942817007595e-12,0.0
DTXSID9047091,116,0.0,0.0
DTXSID9047093,116,0.0,0.0
DTXSID9047095,116,3.5364020115002893e-06,0.0
DTXSID9047099,116,,
DTXSID9047120,116,1.8266569802233406e-05,0.0
DTXSID9047124,116,0.0,0.0
DTXSID9047126,116,1.091342056919306e-05,0.0
DTXSID9047128,116,0.0,0.0
DTXSID9047174,116,0.0,0.0
DTXSID9047178,116,1.2788035452424358e-07,0.0
DTXSID9047201,116,1.52668034903471e-11,0.0
DTXSID9047203,116,0.0,0.0
DTXSID9047205,116,0.0,0.0
DTXSID9047251,116,2.7176239955877034e-07,0.0
DTXSID9047253,116,,
DTXSID9047255,116,,
DTXSID9047257,116,2.3282588784551547e-08,0.0
DTXSID9047259,116,3.9562946746407e-09,0.0
DTXSID9047330,116,,
DTXSID9047334,116,0.0,0.0
DTXSID9047338,116,0.02617585783171242,0.0
DTXSID9047411,116,0.0,0.0
DTXSID9047413,116,,
DTXSID9047415,116,0.0,0.0
DTXSID9047419,116,0.0,0.0
DTXSID9047461,116,0.0,0.0
DTXSID9047463,116,0.0,0.0
DTXSID9047465,116,0.0,0.0
DTXSID9047467,116,,
DTXSID9047469,116,0.0,0.0
DTXSID9047540,116,,
DTXSID9047542,116,0.03592237553795217,0.0
DTXSID9047546,116,0.0,0.0
DTXSID9047590,116,0.0,0.0
DTXSID9047592,116,,
DTXSID9047594,116,2.3770443863266622e-07,0.0
DTXSID9047598,116,,
DTXSID9047623,116,1.534364671355084e-06,0.0
DTXSID9047629,116,0.0,0.0
DTXSID9047679,116,0.0,0.0
DTXSID9047700,116,4.110395966047436e-13,0.0
DTXSID9047702,116,0.0,0.0
DTXSID9047706,116,7.313319288569456e-07,0.0
DTXSID9047708,116,,
DTXSID9048190,116,0.00013078690710050574,0.0
DTXSID9048192,116,2.2776845838503703e-05,0.0
DTXSID9048194,116,6.147647186134322e-16,0.0
DTXSID9048196,116,7.37537588529444e-15,0.0
DTXSID9048198,116,0.0,0.0
DTXSID9048510,116,,
DTXSID9048512,116,,
DTXSID9048514,116,0.0,0.0
DTXSID9048516,116,0.0,0.0
DTXSID9048518,116,0.0,0.0
DTXSID9051454,116,0.0,0.0
DTXSID9051581,116,0.001443194519842272,0.0
DTXSID9051618,116,4.4572645124946936e-07,0.0
DTXSID9051662,116,0.0,0.0
DTXSID9051824,116,0.003321890518731041,0.0
DTXSID9051907,116,3.3707600911977615e-07,0.0
DTXSID9052505,116,5.555123611747776e-06,0.0
DTXSID9052509,116,0.0,0.0
DTXSID9052682,116,5.629509854601908e-06,0.0
DTXSID9052846,116,,
DTXSID9052890,116,0.0,0.0
DTXSID9052892,116,4.925370619530848e-13,0.0
DTXSID9052894,116,1.7860393131293488e-14,0.0
DTXSID9052896,116,0.0,0.0
DTXSID9052898,116,4.5707235758669385e-07,0.0
DTXSID90558000,116,0.0,0.0
DTXSID9057890,116,0.0,0.0
DTXSID9058654,116,0.00010744543978385056,0.0
DTXSID9059832,116,0.0,0.0
DTXSID9059834,116,5.17937168100806e-08,0.0
DTXSID9059919,116,0.0,0.0
DTXSID9059969,116,0.0,0.0
DTXSID9061881,116,8.253808754099103e-15,0.0
DTXSID90858870,116,6.216503391694682e-06,0.0
DTXSID90858875,116,0.0,0.0
DTXSID90858890,116,8.639906347275606e-17,0.0
DTXSID90858895,116,0.0,0.0
DTXSID90858911,116,1.0672516608134093e-06,0.0
DTXSID90858916,116,0.0,0.0
DTXSID90868151,116,0.0,0.0
DTXSID90872713,116,3.0839551002717705e-09,0.0
DTXSID90872718,116,1.4523898844676192e-07,0.0
DTXSID90872733,116,0.0,0.0
DTXSID90872738,116,0.0,0.0
DTXSID90872753,116,4.1017562046592956e-08,0.0
DTXSID90880131,116,0.0,0.0
DTXSID90880156,116,0.0,0.0
DTXSID90903834,116,0.0,0.0
DTXSID90903839,116,8.203846041891058e-08,0.0
DTXSID90903854,116,0.0,0.0
DTXSID90903859,116,0.0,0.0
DTXSID90903874,116,0.0,0.0
DTXSID90903879,116,0.0,0.0
DTXSID90903894,116,0.0,0.0
