dtxsid,aeid,hitc_clean,active
DTXSID0020020,2119,0.0,0.0
DTXSID0020022,2119,0.9999991940651195,1.0
DTXSID0020024,2119,0.0,0.0
DTXSID0020070,2119,,
DTXSID0020072,2119,0.001476822413047787,0.0
DTXSID0020074,2119,0.0,0.0
DTXSID0020076,2119,0.00010525411063756816,0.0
DTXSID0020101,2119,0.0,0.0
DTXSID0020105,2119,0.0,0.0
DTXSID0020107,2119,4.55430631047853e-18,0.0
DTXSID0020151,2119,0.0,0.0
DTXSID0020153,2119,0.0,0.0
DTXSID0020155,2119,0.9999764273381728,1.0
DTXSID0020157,2119,0.0,0.0
DTXSID0020232,2119,0.018806623342782918,0.0
DTXSID0020236,2119,0.0018639507363244633,0.0
DTXSID0020238,2119,0.0,0.0
DTXSID0020280,2119,0.0,0.0
DTXSID0020282,2119,0.9555909195663356,1.0
DTXSID0020284,2119,0.9999999767043275,1.0
DTXSID0020286,2119,6.071291069543109e-15,0.0
DTXSID0020288,2119,7.18545532092824e-09,0.0
DTXSID0020311,2119,0.012924872404431962,0.0
DTXSID0020315,2119,,
DTXSID0020319,2119,1.0,1.0
DTXSID0020361,2119,0.0,0.0
DTXSID0020363,2119,5.113774066828174e-11,0.0
DTXSID0020365,2119,0.999996671631277,1.0
DTXSID0020367,2119,0.0,0.0
DTXSID0020369,2119,0.0,0.0
DTXSID0020440,2119,0.0,0.0
DTXSID0020442,2119,0.0,0.0
DTXSID0020444,2119,0.003508826274930621,0.0
DTXSID0020446,2119,0.9745539773761056,1.0
DTXSID0020448,2119,0.0,0.0
DTXSID0020494,2119,0.0,0.0
DTXSID0020498,2119,,
DTXSID0020523,2119,0.003324285357678247,0.0
DTXSID0020527,2119,0.00021680673164491764,0.0
DTXSID0020529,2119,0.0,0.0
DTXSID0020573,2119,,
DTXSID0020575,2119,2.3085545654473745e-06,0.0
DTXSID0020577,2119,0.2927641727930527,0.0
DTXSID0020602,2119,0.0,0.0
DTXSID0020604,2119,0.0,0.0
DTXSID0020606,2119,0.0,0.0
DTXSID0020650,2119,5.350041623643433e-08,0.0
DTXSID0020652,2119,0.06199076056599122,0.0
DTXSID0020654,2119,0.0,0.0
DTXSID0020656,2119,0.0,0.0
DTXSID0020733,2119,0.0,0.0
DTXSID0020737,2119,2.1776845377831055e-15,0.0
DTXSID0020789,2119,,
DTXSID0020810,2119,0.9267767804321959,1.0
DTXSID0020814,2119,1.0084566036525933e-06,0.0
DTXSID0020818,2119,0.0,0.0
DTXSID0020862,2119,1.9334699256369057e-17,0.0
DTXSID0020868,2119,0.0,0.0
DTXSID0020941,2119,0.0,0.0
DTXSID0020943,2119,0.0,0.0
DTXSID0021040,2119,0.0,0.0
DTXSID0021094,2119,2.1391690097065497e-08,0.0
DTXSID0021096,2119,3.20691071133608e-14,0.0
DTXSID0021121,2119,4.725698419115652e-15,0.0
DTXSID0021123,2119,0.0,0.0
DTXSID0021125,2119,0.9999999976486671,1.0
DTXSID0021127,2119,0.999867718679158,1.0
DTXSID0021129,2119,1.0473830946287187e-06,0.0
DTXSID0021175,2119,3.7566702016222404e-10,0.0
DTXSID0021179,2119,0.0,0.0
DTXSID0021206,2119,2.1189508041587378e-07,0.0
DTXSID0021254,2119,0.0,0.0
DTXSID0021256,2119,0.6613716047737395,0.0
DTXSID0021258,2119,0.0,0.0
DTXSID0021331,2119,,
DTXSID0021333,2119,1.0,1.0
DTXSID0021335,2119,0.0,0.0
DTXSID0021337,2119,0.0,0.0
DTXSID0021339,2119,0.0,0.0
DTXSID0021381,2119,0.0,0.0
DTXSID0021383,2119,0.0,0.0
DTXSID0021385,2119,0.9999999999819214,1.0
DTXSID0021387,2119,0.6079043669131192,0.0
DTXSID0021389,2119,0.9931465550937943,1.0
DTXSID0021410,2119,0.0,0.0
DTXSID0021414,2119,0.0,0.0
DTXSID0021418,2119,,
DTXSID0021460,2119,1.0,1.0
DTXSID0021462,2119,0.9999999999999354,1.0
DTXSID0021464,2119,1.0,1.0
DTXSID0021543,2119,0.0,0.0
DTXSID0021545,2119,0.0,0.0
DTXSID0021547,2119,5.334513609156963e-16,0.0
DTXSID0021597,2119,0.0,0.0
DTXSID0021599,2119,0.999763093163857,1.0
DTXSID0021620,2119,0.0,0.0
DTXSID0021626,2119,2.0476704238390007e-10,0.0
DTXSID0021628,2119,0.0,0.0
DTXSID0021672,2119,0.0,0.0
DTXSID0021709,2119,0.0,0.0
DTXSID0021751,2119,,
DTXSID0021757,2119,,
DTXSID0021759,2119,0.0,0.0
DTXSID0021832,2119,0.0,0.0
DTXSID0021834,2119,0.0,0.0
DTXSID0021836,2119,0.9989757773645755,1.0
DTXSID0021886,2119,3.2524057568634976e-15,0.0
DTXSID0021888,2119,0.0,0.0
DTXSID0021915,2119,0.0,0.0
DTXSID0021917,2119,0.0,0.0
DTXSID0021961,2119,6.102401378447651e-14,0.0
DTXSID0021963,2119,0.0,0.0
DTXSID0021965,2119,0.0,0.0
DTXSID0021969,2119,0.0,0.0
DTXSID0022010,2119,0.0,0.0
DTXSID0022012,2119,0.0,0.0
DTXSID0022014,2119,,
DTXSID0022016,2119,0.0,0.0
DTXSID0022018,2119,0.0,0.0
DTXSID0022060,2119,0.0,0.0
DTXSID0022062,2119,0.0,0.0
DTXSID0022191,2119,,
DTXSID0022193,2119,0.0,0.0
DTXSID0022220,2119,0.9999999999695441,1.0
DTXSID0022301,2119,0.0,0.0
DTXSID0022305,2119,,
DTXSID0022307,2119,,
DTXSID0022353,2119,0.9999968989347483,1.0
DTXSID0022432,2119,0.0,0.0
DTXSID0022436,2119,0.9976040639561662,1.0
DTXSID0022480,2119,0.0,0.0
DTXSID0022519,2119,0.0,0.0
DTXSID0022563,2119,0.0,0.0
DTXSID0022640,2119,0.0,0.0
DTXSID0022644,2119,0.0,0.0
DTXSID0022646,2119,0.0,0.0
DTXSID0022690,2119,0.9998319067878351,1.0
DTXSID0022725,2119,,
DTXSID0022777,2119,0.977249933326829,1.0
DTXSID0022800,2119,0.0,0.0
DTXSID0022808,2119,0.9999985430651098,1.0
DTXSID0022850,2119,6.509247392669867e-17,0.0
DTXSID0022854,2119,4.6168112551031667e-10,0.0
DTXSID0022858,2119,0.0,0.0
DTXSID0022933,2119,,
DTXSID0022935,2119,0.0,0.0
DTXSID0022981,2119,0.0,0.0
DTXSID0023030,2119,0.0012415797930133724,0.0
DTXSID0023036,2119,0.0,0.0
DTXSID0023038,2119,0.0,0.0
DTXSID0023113,2119,0.0,0.0
DTXSID0023163,2119,0.0,0.0
DTXSID0023169,2119,,
DTXSID0023240,2119,0.0,0.0
DTXSID0023244,2119,4.790969883403298e-05,0.0
DTXSID0023292,2119,0.0,0.0
DTXSID0023296,2119,0.00036464682262271934,0.0
DTXSID0023298,2119,0.0,0.0
DTXSID0023323,2119,0.0,0.0
DTXSID0023329,2119,2.5111865622550054e-15,0.0
DTXSID0023371,2119,0.9999997375615591,1.0
DTXSID0023373,2119,4.602551863222414e-05,0.0
DTXSID0023377,2119,4.1539892313399246e-05,0.0
DTXSID0023458,2119,6.966514276346462e-05,0.0
DTXSID0023581,2119,0.9999927514081405,1.0
DTXSID0023587,2119,,
DTXSID0023612,2119,,
DTXSID0023616,2119,0.0,0.0
DTXSID0023618,2119,0.0,0.0
DTXSID0023660,2119,0.9989128886638743,1.0
DTXSID0023745,2119,0.0,0.0
DTXSID0023747,2119,0.0,0.0
DTXSID0023749,2119,0.0,0.0
DTXSID0023826,2119,0.0,0.0
DTXSID0023870,2119,0.0,0.0
DTXSID0023878,2119,,
DTXSID0023901,2119,0.0,0.0
DTXSID0023907,2119,,
DTXSID0023909,2119,,
DTXSID0023951,2119,2.0501071929510773e-06,0.0
DTXSID0023955,2119,1.9456691682328803e-15,0.0
DTXSID0024000,2119,0.0,0.0
DTXSID0024002,2119,0.9964639761188897,1.0
DTXSID0024052,2119,0.0,0.0
DTXSID0024183,2119,,
DTXSID0024185,2119,0.0,0.0
DTXSID0024216,2119,0.0,0.0
DTXSID0024266,2119,0.018496217527192445,0.0
DTXSID0024341,2119,0.0,0.0
DTXSID0024345,2119,1.3466487645636303e-07,0.0
DTXSID0024395,2119,0.0,0.0
DTXSID0024397,2119,0.02193071148264102,0.0
DTXSID0024399,2119,0.0,0.0
DTXSID0024470,2119,3.946899034267975e-12,0.0
DTXSID0024474,2119,3.512112756265069e-07,0.0
DTXSID0024478,2119,0.8062475616836213,0.0
DTXSID0024501,2119,,
DTXSID0024503,2119,0.9444764276282225,1.0
DTXSID0024505,2119,0.0,0.0
DTXSID0024507,2119,0.0,0.0
DTXSID0024509,2119,0.9999999999945531,1.0
DTXSID0024553,2119,0.0,0.0
DTXSID0024555,2119,0.0,0.0
DTXSID0024559,2119,0.9985844650286979,1.0
DTXSID0024638,2119,0.0,0.0
DTXSID0024715,2119,0.0,0.0
DTXSID0024761,2119,7.364594436917299e-10,0.0
DTXSID0024840,2119,0.0011627329578442198,0.0
DTXSID0024890,2119,0.0,0.0
DTXSID0024896,2119,0.0,0.0
DTXSID0024921,2119,0.0,0.0
DTXSID0024923,2119,4.3506226640555783e-07,0.0
DTXSID0024971,2119,,
DTXSID0024977,2119,,
DTXSID0024979,2119,,
DTXSID0025070,2119,0.0,0.0
DTXSID0025074,2119,0.0,0.0
DTXSID0025076,2119,0.999999999999994,1.0
DTXSID0025078,2119,0.11070794064538565,0.0
DTXSID0025101,2119,0.0,0.0
DTXSID0025234,2119,0.9985519451082288,1.0
DTXSID0025286,2119,7.570503035024728e-18,0.0
DTXSID0025315,2119,0.0,0.0
DTXSID0025361,2119,6.870154767046892e-10,0.0
DTXSID0025363,2119,0.0,0.0
DTXSID0025367,2119,0.0,0.0
DTXSID0025440,2119,0.0,0.0
DTXSID0025492,2119,0.00019453379371231076,0.0
DTXSID0025494,2119,5.449341087655442e-19,0.0
DTXSID0025523,2119,3.1817178658741694e-12,0.0
DTXSID0025527,2119,0.8660191425812923,0.0
DTXSID0025571,2119,0.0,0.0
DTXSID0025577,2119,0.0,0.0
DTXSID0025600,2119,0.0,0.0
DTXSID0025604,2119,0.0,0.0
DTXSID0025654,2119,0.0015949754344205546,0.0
DTXSID0025733,2119,3.358729901984331e-07,0.0
DTXSID0025737,2119,0.0,0.0
DTXSID0025789,2119,0.9967650910612468,1.0
DTXSID0025812,2119,0.9967932936998766,1.0
DTXSID0025814,2119,0.0,0.0
DTXSID0025816,2119,2.0736592031583418e-08,0.0
DTXSID0025818,2119,0.0,0.0
DTXSID0025862,2119,0.0,0.0
DTXSID0025864,2119,0.9854809487694361,1.0
DTXSID0025866,2119,0.0,0.0
DTXSID0025991,2119,0.0,0.0
DTXSID0025997,2119,0.9999855361206196,1.0
DTXSID0026040,2119,0.9999275438201989,1.0
DTXSID0026098,2119,0.0,0.0
DTXSID0026125,2119,0.0,0.0
DTXSID0026171,2119,0.002176431195567094,0.0
DTXSID0026175,2119,0.0,0.0
DTXSID0026202,2119,0.0,0.0
DTXSID0026204,2119,0.0,0.0
DTXSID0026208,2119,0.0,0.0
DTXSID0026252,2119,0.0,0.0
DTXSID0026258,2119,0.0,0.0
DTXSID0026339,2119,,
DTXSID0026418,2119,0.0,0.0
DTXSID0026547,2119,0.0,0.0
DTXSID0026549,2119,5.207719923956701e-12,0.0
DTXSID0026676,2119,0.0,0.0
DTXSID0026701,2119,0.0,0.0
DTXSID0026830,2119,0.0,0.0
DTXSID0026838,2119,0.0,0.0
DTXSID0026880,2119,0.0,0.0
DTXSID0026882,2119,8.055721498135228e-05,0.0
DTXSID0026888,2119,0.0,0.0
DTXSID0026913,2119,,
DTXSID0026915,2119,1.961518436329699e-10,0.0
DTXSID0026961,2119,,
DTXSID0026967,2119,2.794749771191981e-06,0.0
DTXSID0027014,2119,0.0,0.0
DTXSID0027066,2119,0.0,0.0
DTXSID0027143,2119,0.9708515990631565,1.0
DTXSID0027149,2119,0.0,0.0
DTXSID0027191,2119,0.0,0.0
DTXSID0027195,2119,2.703291536692222e-18,0.0
DTXSID0027197,2119,0.0,0.0
DTXSID0027222,2119,2.7558607182815154e-14,0.0
DTXSID0027228,2119,0.0,0.0
DTXSID0027270,2119,0.0,0.0
DTXSID0027301,2119,0.0,0.0
DTXSID0027309,2119,3.1990252856522228e-12,0.0
DTXSID0027432,2119,0.0,0.0
DTXSID0027436,2119,0.0,0.0
DTXSID0027438,2119,0.0,0.0
DTXSID0027486,2119,0.0,0.0
DTXSID0027513,2119,0.0,0.0
DTXSID0027515,2119,0.0,0.0
DTXSID0027561,2119,9.619665417191293e-09,0.0
DTXSID0027565,2119,7.861467191722229e-06,0.0
DTXSID0027567,2119,,
DTXSID0027640,2119,0.0,0.0
DTXSID0027721,2119,0.0,0.0
DTXSID0027729,2119,0.0,0.0
DTXSID0027771,2119,0.9996190618781756,1.0
DTXSID0027773,2119,0.9999999999946577,1.0
DTXSID0027802,2119,0.0,0.0
DTXSID0027804,2119,0.00013053283424001476,0.0
DTXSID0027806,2119,0.0,0.0
DTXSID0027852,2119,,
DTXSID0027856,2119,0.0,0.0
DTXSID0027858,2119,1.3177478397024545e-08,0.0
DTXSID0027933,2119,0.0,0.0
DTXSID0027981,2119,0.0,0.0
DTXSID0027983,2119,0.7533218591349211,0.0
DTXSID0028030,2119,2.80486756050977e-09,0.0
DTXSID0028038,2119,0.9219020838330142,1.0
DTXSID0028323,2119,0.0,0.0
DTXSID0028618,2119,0.0,0.0
DTXSID0028666,2119,0.0,0.0
DTXSID0029133,2119,0.0,0.0
DTXSID0029187,2119,0.0,0.0
DTXSID0029189,2119,1.1292207564540306e-16,0.0
DTXSID0029210,2119,,
DTXSID0029214,2119,0.0,0.0
DTXSID0029218,2119,0.0,0.0
DTXSID0029260,2119,0.0,0.0
DTXSID0029262,2119,1.111095684201285e-05,0.0
DTXSID0029474,2119,0.6910353930287565,0.0
DTXSID0029559,2119,0.0,0.0
DTXSID0029688,2119,0.0,0.0
DTXSID0029761,2119,,
DTXSID0029848,2119,0.0,0.0
DTXSID0030162,2119,0.0013433812178156466,0.0
DTXSID0030588,2119,0.0,0.0
DTXSID0032029,2119,0.0,0.0
DTXSID0032077,2119,0.0,0.0
DTXSID0032314,2119,0.0,0.0
DTXSID0032316,2119,3.194351196822301e-11,0.0
DTXSID0032493,2119,2.6101201382364304e-06,0.0
DTXSID0032497,2119,0.0,0.0
DTXSID0032520,2119,0.9999999999016483,1.0
DTXSID0032572,2119,0.9997608052574342,1.0
DTXSID0032578,2119,1.506421513404365e-08,0.0
DTXSID0032601,2119,0.99726582724935,1.0
DTXSID0032605,2119,0.2755968156154327,0.0
DTXSID0032651,2119,0.967646950256212,1.0
DTXSID0032655,2119,0.39673011536443065,0.0
DTXSID0032811,2119,0.0,0.0
DTXSID0032813,2119,0.023305986568439144,0.0
DTXSID0032869,2119,0.0,0.0
DTXSID0032998,2119,0.9779543949421283,1.0
DTXSID0033047,2119,0.0,0.0
DTXSID0033332,2119,0.0,0.0
DTXSID0033334,2119,0.0,0.0
DTXSID0033382,2119,0.9999999999999541,1.0
DTXSID0033469,2119,0.0,0.0
DTXSID0033673,2119,0.9423626834314919,1.0
DTXSID0033754,2119,0.0,0.0
DTXSID0033960,2119,0.9890647669798472,1.0
DTXSID0034192,2119,,
DTXSID0034223,2119,0.9999996787416875,1.0
DTXSID0034227,2119,0.0,0.0
DTXSID0034229,2119,,
DTXSID0034300,2119,0.0,0.0
DTXSID0034518,2119,0.004720544870827635,0.0
DTXSID0034566,2119,0.9999950996692187,1.0
DTXSID0034695,2119,0.9338843204767745,1.0
DTXSID0034722,2119,0.0,0.0
DTXSID0034776,2119,0.0,0.0
DTXSID0034803,2119,0.0,0.0
DTXSID0034851,2119,0.0,0.0
DTXSID0034855,2119,0.0,0.0
DTXSID0034930,2119,0.0,0.0
DTXSID0034936,2119,,
DTXSID0035160,2119,,
DTXSID0035748,2119,0.0,0.0
DTXSID0035790,2119,,
DTXSID0036508,2119,0.0,0.0
DTXSID0037023,2119,0.9793518783945446,1.0
DTXSID0037231,2119,4.33845992976853e-07,0.0
DTXSID0037237,2119,0.999180220211117,1.0
DTXSID0037493,2119,0.0,0.0
DTXSID0037495,2119,0.0,0.0
DTXSID0037522,2119,0.999965403329541,1.0
DTXSID0037570,2119,0.07647170714548156,0.0
DTXSID0037576,2119,9.501457224387694e-10,0.0
DTXSID0037730,2119,0.9999171925636474,1.0
DTXSID0037734,2119,0.40769858425681554,0.0
DTXSID0038700,2119,0.005214397597843976,0.0
DTXSID0038756,2119,,
DTXSID0038831,2119,0.0,0.0
DTXSID0038839,2119,8.762752144239534e-10,0.0
DTXSID0038881,2119,0.0001410688880415043,0.0
DTXSID0038887,2119,0.9999999997218906,1.0
DTXSID0039223,2119,0.0,0.0
DTXSID0039227,2119,0.9987621615007974,1.0
DTXSID0040127,2119,0.0,0.0
DTXSID0040208,2119,0.9985302242794479,1.0
DTXSID0040464,2119,0.0,0.0
DTXSID0040672,2119,0.0,0.0
DTXSID0040674,2119,1.9123533153067817e-09,0.0
DTXSID0040676,2119,0.0,0.0
DTXSID0040678,2119,0.9999999848601271,1.0
DTXSID0040701,2119,0.0,0.0
DTXSID0040703,2119,1.493950632817459e-08,0.0
DTXSID0040705,2119,0.0,0.0
DTXSID0040707,2119,1.379052568708819e-05,0.0
DTXSID0040751,2119,0.9984313451412771,1.0
DTXSID0040757,2119,0.9996543424961356,1.0
DTXSID0041141,2119,0.4997625523113852,0.0
DTXSID0041197,2119,,
DTXSID0041220,2119,0.0,0.0
DTXSID0041224,2119,0.0,0.0
DTXSID0041270,2119,0.0,0.0
DTXSID0041274,2119,0.9999999786464892,1.0
DTXSID0041357,2119,0.8572342458116915,0.0
DTXSID0041359,2119,,
DTXSID0041436,2119,0.0,0.0
DTXSID0041484,2119,0.0,0.0
DTXSID0041513,2119,,
DTXSID0041517,2119,0.0,0.0
DTXSID0041519,2119,,
DTXSID0041567,2119,0.9940907031564805,1.0
DTXSID0041646,2119,0.0,0.0
DTXSID0041692,2119,0.0,0.0
DTXSID0041698,2119,0.0,0.0
DTXSID0041721,2119,0.0,0.0
DTXSID0041850,2119,,
DTXSID0041852,2119,0.0,0.0
DTXSID0041981,2119,,
DTXSID0041983,2119,0.9904263008734272,1.0
DTXSID0041985,2119,0.999988649858732,1.0
DTXSID0041987,2119,0.9003531431418614,1.0
DTXSID0042038,2119,0.0,0.0
DTXSID0042080,2119,0.9999980090974019,1.0
DTXSID0042084,2119,1.414361635818724e-06,0.0
DTXSID0042086,2119,0.9942683437736277,1.0
DTXSID0042117,2119,0.0,0.0
DTXSID0042167,2119,0.0,0.0
DTXSID0042169,2119,0.9999827928396309,1.0
DTXSID0042242,2119,0.0,0.0
DTXSID0042248,2119,0.9999992972938202,1.0
DTXSID0042325,2119,0.0,0.0
DTXSID0042327,2119,0.0,0.0
DTXSID0042379,2119,0.0,0.0
DTXSID0042400,2119,0.006423689595947088,0.0
DTXSID0042406,2119,0.0,0.0
DTXSID0042454,2119,0.0,0.0
DTXSID0042583,2119,1.5741287339555143e-12,0.0
DTXSID0042614,2119,0.0,0.0
DTXSID0043761,2119,,
DTXSID0043765,2119,,
DTXSID0043848,2119,0.0,0.0
DTXSID0043892,2119,2.204687063733589e-17,0.0
DTXSID0043896,2119,0.0,0.0
DTXSID0044107,2119,0.0,0.0
DTXSID0044236,2119,0.5949839656582452,0.0
DTXSID0044280,2119,0.0,0.0
DTXSID0044313,2119,0.0,0.0
DTXSID0044315,2119,0.0,0.0
DTXSID0044317,2119,0.045448135810756504,0.0
DTXSID0044361,2119,,
DTXSID0044363,2119,2.4301275343021307e-11,0.0
DTXSID0044365,2119,0.0,0.0
DTXSID0044367,2119,0.9999958923860173,1.0
DTXSID0044369,2119,0.0,0.0
DTXSID0044440,2119,,
DTXSID0044446,2119,4.10402897023867e-13,0.0
DTXSID0044448,2119,0.0,0.0
DTXSID0044490,2119,0.0,0.0
DTXSID0044494,2119,0.0,0.0
DTXSID0044496,2119,0.0,0.0
DTXSID0044498,2119,0.0,0.0
DTXSID0044521,2119,0.0,0.0
DTXSID0044523,2119,0.0,0.0
DTXSID0044525,2119,0.9999999999996593,1.0
DTXSID0044527,2119,,
DTXSID0044571,2119,0.0,0.0
DTXSID0044573,2119,0.0,0.0
DTXSID0044575,2119,0.0,0.0
DTXSID0044577,2119,0.0,0.0
DTXSID0044600,2119,0.0007091940744662396,0.0
DTXSID0044604,2119,0.0,0.0
DTXSID0044606,2119,0.0,0.0
DTXSID0044650,2119,1.8366298756237628e-10,0.0
DTXSID0044654,2119,0.0,0.0
DTXSID0044656,2119,0.0,0.0
DTXSID0044658,2119,0.9994891309215964,1.0
DTXSID0044731,2119,,
DTXSID0044733,2119,,
DTXSID0044735,2119,0.0,0.0
DTXSID0044737,2119,0.0,0.0
DTXSID0044781,2119,0.7069105236409741,0.0
DTXSID0044783,2119,0.0,0.0
DTXSID0044785,2119,0.0,0.0
DTXSID0044787,2119,0.5779619305063657,0.0
DTXSID0044810,2119,1.0663418502516892e-11,0.0
DTXSID0044812,2119,0.0,0.0
DTXSID0044816,2119,0.0,0.0
DTXSID0044818,2119,0.0,0.0
DTXSID0044860,2119,0.0,0.0
DTXSID0044862,2119,0.0,0.0
DTXSID0044868,2119,0.0,0.0
DTXSID0044941,2119,0.4491387076542206,0.0
DTXSID0044943,2119,,
DTXSID0044945,2119,,
DTXSID0044947,2119,,
DTXSID0044949,2119,0.0,0.0
DTXSID0044993,2119,0.0,0.0
DTXSID0044995,2119,,
DTXSID0044997,2119,0.9435588069571413,1.0
DTXSID0044999,2119,0.0,0.0
DTXSID0045090,2119,0.0,0.0
DTXSID0045125,2119,0.9999958437633261,1.0
DTXSID0045127,2119,0.0,0.0
DTXSID0045171,2119,7.451782019702709e-13,0.0
DTXSID0045173,2119,0.9999999988391639,1.0
DTXSID0045175,2119,4.9647332097401855e-08,0.0
DTXSID0045179,2119,0.0,0.0
DTXSID0045202,2119,0.0,0.0
DTXSID0045204,2119,0.9999999999999999,1.0
DTXSID0045206,2119,0.0,0.0
DTXSID0045208,2119,0.7155788027799009,0.0
DTXSID0045252,2119,0.0017021709065714202,0.0
DTXSID0045254,2119,8.417681449032978e-05,0.0
DTXSID0045383,2119,0.0,0.0
DTXSID0045389,2119,0.0,0.0
DTXSID0045410,2119,2.7253675572932927e-10,0.0
DTXSID0045412,2119,0.0,0.0
DTXSID0045416,2119,0.0,0.0
DTXSID0045462,2119,0.0,0.0
DTXSID0045464,2119,0.999972901952357,1.0
DTXSID0045466,2119,0.0,0.0
DTXSID0045543,2119,0.0,0.0
DTXSID0045547,2119,,
DTXSID0045591,2119,0.0,0.0
DTXSID0045595,2119,0.0,0.0
DTXSID0045597,2119,7.533597075806457e-14,0.0
DTXSID0045624,2119,0.0,0.0
DTXSID0045626,2119,0.0,0.0
DTXSID0045670,2119,0.0,0.0
DTXSID0045674,2119,0.0,0.0
DTXSID0045676,2119,0.0,0.0
DTXSID0045701,2119,,
DTXSID0045703,2119,0.0,0.0
DTXSID0045705,2119,0.0,0.0
DTXSID0045707,2119,,
DTXSID0045709,2119,,
DTXSID0045753,2119,0.0,0.0
DTXSID0045832,2119,0.0,0.0
DTXSID0045836,2119,4.774690264419042e-08,0.0
DTXSID0045838,2119,3.4728337202948586e-10,0.0
DTXSID0045880,2119,0.0,0.0
DTXSID0045886,2119,1.2209513247299e-10,0.0
DTXSID0045888,2119,0.0,0.0
DTXSID0045963,2119,0.0,0.0
DTXSID0046016,2119,0.0,0.0
DTXSID0046060,2119,0.0,0.0
DTXSID0046066,2119,2.9504695334747697e-09,0.0
DTXSID0046145,2119,0.0,0.0
DTXSID0046147,2119,,
DTXSID0046193,2119,0.0,0.0
DTXSID0046195,2119,3.1789356804363213e-14,0.0
DTXSID0046222,2119,0.7285889009609181,0.0
DTXSID0046226,2119,1.5826411604786737e-06,0.0
DTXSID0046270,2119,0.0,0.0
DTXSID0046272,2119,1.0,1.0
DTXSID0046274,2119,,
DTXSID0046276,2119,0.0,0.0
DTXSID0046305,2119,0.9997717283174831,1.0
DTXSID0046307,2119,,
DTXSID0046309,2119,0.9999999918578121,1.0
DTXSID0046351,2119,0.0,0.0
DTXSID0046357,2119,,
DTXSID0046430,2119,0.0,0.0
DTXSID0046432,2119,,
DTXSID0046434,2119,0.0,0.0
DTXSID0046480,2119,,
DTXSID0046482,2119,0.17542740477910082,0.0
DTXSID0046484,2119,0.0,0.0
DTXSID0046486,2119,0.0,0.0
DTXSID0046488,2119,0.13098336074099015,0.0
DTXSID0046511,2119,0.0,0.0
DTXSID0046513,2119,0.0,0.0
DTXSID0046561,2119,3.9343659734694334e-08,0.0
DTXSID0046563,2119,0.9999999999855562,1.0
DTXSID0046565,2119,,
DTXSID0046567,2119,0.0,0.0
DTXSID0046569,2119,0.0,0.0
DTXSID0046640,2119,0.0,0.0
DTXSID0046644,2119,3.700272515382426e-15,0.0
DTXSID0046648,2119,0.9998285776387019,1.0
DTXSID0046690,2119,0.10890013893650727,0.0
DTXSID0046692,2119,0.0,0.0
DTXSID0046696,2119,0.0,0.0
DTXSID0046698,2119,,
DTXSID0046721,2119,0.999574459074681,1.0
DTXSID0046725,2119,0.0,0.0
DTXSID0046727,2119,0.0,0.0
DTXSID0046804,2119,0.9494962998346902,1.0
DTXSID0046850,2119,0.0,0.0
DTXSID0046989,2119,0.0,0.0
DTXSID0047030,2119,0.0,0.0
DTXSID0047032,2119,3.457178831645592e-13,0.0
DTXSID0047034,2119,1.2567200338633852e-05,0.0
DTXSID0047036,2119,0.0,0.0
DTXSID0047038,2119,0.0,0.0
DTXSID0047080,2119,,
DTXSID0047082,2119,0.0,0.0
DTXSID0047084,2119,0.0,0.0
DTXSID0047086,2119,0.0,0.0
DTXSID0047088,2119,0.0,0.0
DTXSID0047111,2119,0.9999796561524301,1.0
DTXSID0047113,2119,0.0,0.0
DTXSID0047115,2119,0.0,0.0
DTXSID0047117,2119,0.0,0.0
DTXSID0047161,2119,0.0,0.0
DTXSID0047163,2119,1.720119847369446e-07,0.0
DTXSID0047165,2119,1.859837246732841e-12,0.0
DTXSID0047167,2119,0.0,0.0
DTXSID0047169,2119,0.0,0.0
DTXSID0047242,2119,0.9986219196675501,1.0
DTXSID0047244,2119,0.0,0.0
DTXSID0047246,2119,0.9999999998865138,1.0
DTXSID0047248,2119,0.17765685890229338,0.0
DTXSID0047290,2119,0.999874629689831,1.0
DTXSID0047292,2119,0.0,0.0
DTXSID0047294,2119,0.9985503990910082,1.0
DTXSID0047296,2119,0.0010438267875108088,0.0
DTXSID0047325,2119,,
DTXSID0047327,2119,0.8548866755223267,0.0
DTXSID0047371,2119,0.9999960780060357,1.0
DTXSID0047375,2119,0.0,0.0
DTXSID0047377,2119,0.9997564589781164,1.0
DTXSID0047379,2119,0.9999999962755228,1.0
DTXSID0047400,2119,0.0,0.0
DTXSID0047404,2119,0.08016159263827756,0.0
DTXSID0047406,2119,0.0011050315480663371,0.0
DTXSID0047408,2119,0.0,0.0
DTXSID0047450,2119,0.0,0.0
DTXSID0047454,2119,0.0,0.0
DTXSID0047456,2119,0.0,0.0
DTXSID0047533,2119,9.567998804215095e-12,0.0
DTXSID0047535,2119,0.0,0.0
DTXSID0047537,2119,,
DTXSID0047539,2119,0.0,0.0
DTXSID0047581,2119,1.4567990196654848e-09,0.0
DTXSID0047585,2119,0.0,0.0
DTXSID0047587,2119,,
DTXSID0047589,2119,0.0,0.0
DTXSID0047610,2119,,
DTXSID0047614,2119,,
DTXSID0047618,2119,0.0,0.0
DTXSID0047660,2119,0.0,0.0
DTXSID0047662,2119,0.0,0.0
DTXSID0047741,2119,,
DTXSID0047745,2119,0.0,0.0
DTXSID0047749,2119,0.0,0.0
DTXSID0047797,2119,0.9999999999980775,1.0
DTXSID0047799,2119,,
DTXSID0047822,2119,0.0,0.0
DTXSID0047828,2119,0.0,0.0
DTXSID0047870,2119,0.0,0.0
DTXSID0047872,2119,0.0,0.0
DTXSID0047874,2119,0.0,0.0
DTXSID0047876,2119,0.7378310668083251,0.0
DTXSID0047878,2119,0.0,0.0
DTXSID0047901,2119,1.6398011399876466e-05,0.0
DTXSID0047903,2119,0.04159789504465386,0.0
DTXSID0047905,2119,0.0001092561578512452,0.0
DTXSID0047907,2119,3.5499402385023207e-16,0.0
DTXSID0047909,2119,0.0,0.0
DTXSID0047951,2119,1.6832557304732268e-09,0.0
DTXSID0047953,2119,0.9982115787959267,1.0
DTXSID0047955,2119,0.9999795961482433,1.0
DTXSID0047957,2119,0.9999995694656106,1.0
DTXSID0047959,2119,0.0,0.0
DTXSID0048181,2119,0.0,0.0
DTXSID0048183,2119,0.00018549876566720252,0.0
DTXSID0048185,2119,0.9999994663918526,1.0
DTXSID0048187,2119,9.44452940624076e-13,0.0
DTXSID0048189,2119,0.9999999999711046,1.0
DTXSID0048210,2119,0.0,0.0
DTXSID0048505,2119,0.8661751811150851,0.0
DTXSID0048507,2119,0.9836283291630225,1.0
DTXSID0048509,2119,8.386811770350061e-05,0.0
DTXSID0048632,2119,0.0,0.0
DTXSID0048636,2119,0.0,0.0
DTXSID0048638,2119,0.0,0.0
DTXSID0048680,2119,0.0,0.0
DTXSID0048684,2119,0.9999999996102945,1.0
DTXSID0048686,2119,7.970138870453859e-12,0.0
DTXSID0048713,2119,2.792733501917427e-15,0.0
DTXSID0048717,2119,0.0,0.0
DTXSID0048840,2119,0.0,0.0
DTXSID0048842,2119,0.9999999957734719,1.0
DTXSID0048844,2119,0.0,0.0
DTXSID0048846,2119,0.9999999942383547,1.0
DTXSID0048848,2119,0.0,0.0
DTXSID0048890,2119,0.0,0.0
DTXSID0048892,2119,0.0,0.0
DTXSID0048894,2119,,
DTXSID0048896,2119,0.0,0.0
DTXSID0048898,2119,0.0,0.0
DTXSID0048921,2119,0.0,0.0
DTXSID0048927,2119,0.0,0.0
DTXSID0048929,2119,0.0001526448654265387,0.0
DTXSID0048975,2119,0.0,0.0
DTXSID0049022,2119,0.0,0.0
DTXSID0049076,2119,3.3423425058854047e-14,0.0
DTXSID0049078,2119,0.9999990156033448,1.0
DTXSID0049230,2119,,
DTXSID0049232,2119,0.0,0.0
DTXSID0049234,2119,6.881312356999511e-15,0.0
DTXSID0049236,2119,0.0,0.0
DTXSID0049238,2119,0.9999999739981097,1.0
DTXSID0049280,2119,0.0,0.0
DTXSID0049282,2119,0.0,0.0
DTXSID0049284,2119,0.0,0.0
DTXSID0049286,2119,0.0,0.0
DTXSID0049288,2119,0.0,0.0
DTXSID0049311,2119,2.0818853204346252e-11,0.0
DTXSID0049313,2119,0.0,0.0
DTXSID0049315,2119,0.9999999997021002,1.0
DTXSID0049317,2119,0.0,0.0
DTXSID0049319,2119,0.0,0.0
DTXSID0049361,2119,0.0,0.0
DTXSID0049363,2119,0.011760875041845203,0.0
DTXSID0049365,2119,0.0,0.0
DTXSID0049367,2119,0.0,0.0
DTXSID0049369,2119,0.0,0.0
DTXSID0049446,2119,0.0,0.0
DTXSID0049448,2119,0.0,0.0
DTXSID0049490,2119,0.0,0.0
DTXSID0049492,2119,7.135328954447211e-09,0.0
DTXSID0049494,2119,,
DTXSID0049496,2119,,
DTXSID0049498,2119,,
DTXSID0049521,2119,0.0007068467808447563,0.0
DTXSID0049523,2119,0.06554815062033786,0.0
DTXSID0049525,2119,1.2559379928466609e-12,0.0
DTXSID0049527,2119,0.0,0.0
DTXSID0049529,2119,0.9990557632900015,1.0
DTXSID0050423,2119,0.0,0.0
DTXSID0051447,2119,0.8806598687621978,0.0
DTXSID0051493,2119,0.0,0.0
DTXSID0051497,2119,0.0,0.0
DTXSID0051499,2119,0.0,0.0
DTXSID0051570,2119,0.0,0.0
DTXSID0051574,2119,0.0,0.0
DTXSID0051732,2119,3.0792811909066525e-10,0.0
DTXSID0051736,2119,0.0,0.0
DTXSID0051738,2119,8.550721805330299e-05,0.0
DTXSID0051782,2119,0.9998589100192152,1.0
DTXSID0051863,2119,0.0,0.0
DTXSID0051944,2119,,
DTXSID0051996,2119,0.9953514021177894,1.0
DTXSID0052043,2119,0.0,0.0
DTXSID0052124,2119,0.0,0.0
DTXSID0052463,2119,0.9999772237832134,1.0
DTXSID0052542,2119,0.0,0.0
DTXSID0052590,2119,0.0,0.0
DTXSID0052594,2119,0.5490449535528436,0.0
DTXSID0052596,2119,0.0,0.0
DTXSID0052598,2119,0.0,0.0
DTXSID0052621,2119,0.0,0.0
DTXSID0052629,2119,0.0,0.0
DTXSID0052833,2119,0.0,0.0
DTXSID0052837,2119,0.0,0.0
DTXSID0052839,2119,1.3916020299594879e-15,0.0
DTXSID0057621,2119,,
DTXSID0057623,2119,,
DTXSID0057625,2119,0.9999999999995949,1.0
DTXSID0057627,2119,0.9989446506247003,1.0
DTXSID0057629,2119,1.4130520867250582e-09,0.0
DTXSID0057671,2119,0.7531297506265024,0.0
DTXSID0057673,2119,4.729131713220543e-09,0.0
DTXSID0057677,2119,,
DTXSID0057679,2119,0.0,0.0
DTXSID0057700,2119,0.0,0.0
DTXSID0057702,2119,1.0,1.0
DTXSID0057704,2119,0.0,0.0
DTXSID0057706,2119,,
DTXSID0057708,2119,0.0,0.0
DTXSID0057750,2119,0.9998469268333161,1.0
DTXSID0057752,2119,0.0,0.0
DTXSID0057754,2119,0.0,0.0
DTXSID0057756,2119,,
DTXSID0057758,2119,0.0,0.0
DTXSID0057831,2119,0.9929807197097871,1.0
DTXSID0057833,2119,6.161052895543218e-16,0.0
DTXSID0057835,2119,0.0,0.0
DTXSID0057837,2119,0.0,0.0
DTXSID0057839,2119,0.0,0.0
DTXSID1020015,2119,0.9999996285747152,1.0
DTXSID1020063,2119,0.9910907586825413,1.0
DTXSID1020069,2119,0.9999999999982403,1.0
DTXSID1020140,2119,0.0,0.0
DTXSID1020142,2119,3.4133037503400284e-08,0.0
DTXSID1020144,2119,0.0,0.0
DTXSID1020146,2119,9.70108015545188e-08,0.0
DTXSID1020148,2119,0.0,0.0
DTXSID1020190,2119,0.0,0.0
DTXSID1020194,2119,0.0,0.0
DTXSID1020198,2119,1.072063798881087e-06,0.0
DTXSID1020221,2119,0.0,0.0
DTXSID1020223,2119,0.0,0.0
DTXSID1020275,2119,0.9999998867614089,1.0
DTXSID1020279,2119,0.0,0.0
DTXSID1020300,2119,0.0,0.0
DTXSID1020306,2119,1.021788322674791e-05,0.0
DTXSID1020308,2119,0.0,0.0
DTXSID1020350,2119,0.0,0.0
DTXSID1020352,2119,7.713773304988562e-14,0.0
DTXSID1020354,2119,0.0,0.0
DTXSID1020358,2119,0.993957668109694,1.0
DTXSID1020431,2119,0.0,0.0
DTXSID1020433,2119,0.9999990653351776,1.0
DTXSID1020437,2119,0.008746294550577207,0.0
DTXSID1020439,2119,,
DTXSID1020483,2119,8.942133016115903e-08,0.0
DTXSID1020485,2119,0.9999365646818306,1.0
DTXSID1020510,2119,0.9999999859619813,1.0
DTXSID1020512,2119,,
DTXSID1020516,2119,,
DTXSID1020560,2119,0.9999995138834396,1.0
DTXSID1020562,2119,1.9792106559171165e-12,0.0
DTXSID1020566,2119,0.0,0.0
DTXSID1020647,2119,0.0,0.0
DTXSID1020697,2119,0.999564732659364,1.0
DTXSID1020699,2119,0.9999993849401362,1.0
DTXSID1020728,2119,0.0,0.0
DTXSID1020770,2119,0.9999999999999908,1.0
DTXSID1020778,2119,0.0,0.0
DTXSID1020803,2119,0.0,0.0
DTXSID1020805,2119,0.0,0.0
DTXSID1020807,2119,0.9922505085524735,1.0
DTXSID1020809,2119,0.0,0.0
DTXSID1020855,2119,8.611904558198792e-06,0.0
DTXSID1020857,2119,0.0,0.0
DTXSID1020859,2119,0.0,0.0
DTXSID1020930,2119,0.0060251460958852514,0.0
DTXSID1020932,2119,0.0,0.0
DTXSID1020980,2119,0.0,0.0
DTXSID1020982,2119,0.0,0.0
DTXSID1020984,2119,6.727460956901261e-14,0.0
DTXSID1021031,2119,0.9999969114102052,1.0
DTXSID1021039,2119,1.2335239474320308e-11,0.0
DTXSID1021081,2119,0.0,0.0
DTXSID1021087,2119,0.9867257220964926,1.0
DTXSID1021089,2119,0.0,0.0
DTXSID1021114,2119,0.9999997740170437,1.0
DTXSID1021116,2119,0.046138401290729124,0.0
DTXSID1021118,2119,0.9997955411593653,1.0
DTXSID1021160,2119,0.02108912595875535,0.0
DTXSID1021162,2119,0.0,0.0
DTXSID1021164,2119,7.26018899829384e-05,0.0
DTXSID1021166,2119,4.51652910361462e-08,0.0
DTXSID1021168,2119,0.9999360692565208,1.0
DTXSID1021241,2119,0.0,0.0
DTXSID1021243,2119,1.0,1.0
DTXSID1021247,2119,2.9998743861868716e-07,0.0
DTXSID1021291,2119,0.0,0.0
DTXSID1021299,2119,1.0,1.0
DTXSID1021320,2119,0.9999999273573954,1.0
DTXSID1021322,2119,1.0,1.0
DTXSID1021328,2119,,
DTXSID1021372,2119,0.9913877837339848,1.0
DTXSID1021374,2119,0.0,0.0
DTXSID1021378,2119,,
DTXSID1021403,2119,0.0,0.0
DTXSID1021405,2119,7.570855880140471e-10,0.0
DTXSID1021409,2119,1.0,1.0
DTXSID1021455,2119,0.0,0.0
DTXSID1021530,2119,0.0,0.0
DTXSID1021584,2119,,
DTXSID1021586,2119,0.0,0.0
DTXSID1021615,2119,,
DTXSID1021617,2119,0.0,0.0
DTXSID1021619,2119,0.0,0.0
DTXSID1021665,2119,0.002937267305159596,0.0
DTXSID1021667,2119,0.9999081223523957,1.0
DTXSID1021740,2119,0.0,0.0
DTXSID1021744,2119,0.0,0.0
DTXSID1021790,2119,0.0,0.0
DTXSID1021792,2119,0.0,0.0
DTXSID1021798,2119,,
DTXSID1021821,2119,4.9179875820501915e-11,0.0
DTXSID1021823,2119,0.0,0.0
DTXSID1021827,2119,0.0,0.0
DTXSID1021871,2119,2.5237546702455414e-05,0.0
DTXSID1021873,2119,0.0,0.0
DTXSID1021877,2119,0.0,0.0
DTXSID1021879,2119,0.0,0.0
DTXSID1021902,2119,7.019595655038853e-17,0.0
DTXSID1021904,2119,0.0,0.0
DTXSID1021952,2119,0.9999996217081261,1.0
DTXSID1021956,2119,0.0,0.0
DTXSID1021958,2119,0.0,0.0
DTXSID1022001,2119,0.0,0.0
DTXSID1022003,2119,0.0,0.0
DTXSID1022007,2119,0.0,0.0
DTXSID1022009,2119,0.0,0.0
DTXSID1022051,2119,0.0,0.0
DTXSID1022053,2119,0.9999998977065074,1.0
DTXSID1022055,2119,0.0,0.0
DTXSID1022057,2119,1.1247337336498072e-11,0.0
DTXSID1022130,2119,1.7095627109386265e-08,0.0
DTXSID1022138,2119,0.0,0.0
DTXSID1022180,2119,0.0,0.0
DTXSID1022186,2119,,
DTXSID1022188,2119,0.0,0.0
DTXSID1022217,2119,0.0,0.0
DTXSID1022265,2119,0.99999999319712,1.0
DTXSID1022267,2119,0.0,0.0
DTXSID1022394,2119,0.9999999999972505,1.0
DTXSID1022396,2119,0.9999999780747469,1.0
DTXSID1022421,2119,0.0,0.0
DTXSID1022425,2119,0.7368966917010219,0.0
DTXSID1022479,2119,1.2084393612107571e-06,0.0
DTXSID1022508,2119,1.0,1.0
DTXSID1022556,2119,0.0,0.0
DTXSID1022558,2119,,
DTXSID1022635,2119,0.9999999999411746,1.0
DTXSID1022681,2119,0.9999999999999891,1.0
DTXSID1022683,2119,1.735199751725787e-06,0.0
DTXSID1022718,2119,7.245015274771709e-17,0.0
DTXSID1022764,2119,,
DTXSID1022843,2119,1.0,1.0
DTXSID1022897,2119,,
DTXSID1022926,2119,0.0,0.0
DTXSID1022974,2119,0.9875123881349586,1.0
DTXSID1022978,2119,0.0,0.0
DTXSID1023021,2119,0.0,0.0
DTXSID1023071,2119,2.8636270830674385e-13,0.0
DTXSID1023102,2119,0.0,0.0
DTXSID1023150,2119,,
DTXSID1023158,2119,0.0,0.0
DTXSID1023231,2119,0.0019771990818793204,0.0
DTXSID1023235,2119,3.067361342841475e-07,0.0
DTXSID1023239,2119,1.9802772421906938e-11,0.0
DTXSID1023283,2119,0.0,0.0
DTXSID1023314,2119,0.0,0.0
DTXSID1023362,2119,0.0,0.0
DTXSID1023364,2119,,
DTXSID1023368,2119,0.9998058614783543,1.0
DTXSID1023441,2119,0.9999999876416588,1.0
DTXSID1023495,2119,0.0,0.0
DTXSID1023497,2119,0.0,0.0
DTXSID1023572,2119,0.0,0.0
DTXSID1023603,2119,0.0,0.0
DTXSID1023605,2119,0.9999999991586522,1.0
DTXSID1023607,2119,0.0,0.0
DTXSID1023609,2119,0.0,0.0
DTXSID1023730,2119,0.0,0.0
DTXSID1023736,2119,0.0,0.0
DTXSID1023786,2119,,
DTXSID1023815,2119,0.0,0.0
DTXSID1023817,2119,0.9999116414392292,1.0
DTXSID1023819,2119,0.0,0.0
DTXSID1023869,2119,0.0,0.0
DTXSID1023990,2119,3.0603700371367857e-06,0.0
DTXSID1023996,2119,0.0,0.0
DTXSID1023998,2119,0.0,0.0
DTXSID1024045,2119,1.2245492630387343e-11,0.0
DTXSID1024049,2119,0.0,0.0
DTXSID1024091,2119,0.0,0.0
DTXSID1024097,2119,0.0,0.0
DTXSID1024124,2119,0.0,0.0
DTXSID1024126,2119,0.005505873233198531,0.0
DTXSID1024128,2119,,
DTXSID1024170,2119,0.0,0.0
DTXSID1024174,2119,0.0,0.0
DTXSID1024176,2119,0.0,0.0
DTXSID1024209,2119,0.1727577006073569,0.0
DTXSID1024255,2119,3.619667716919478e-15,0.0
DTXSID1024259,2119,0.9987841347260128,1.0
DTXSID1024334,2119,0.9996527209811572,1.0
DTXSID1024338,2119,0.0,0.0
DTXSID1024413,2119,0.0,0.0
DTXSID1024463,2119,0.0,0.0
DTXSID1024465,2119,0.0,0.0
DTXSID1024467,2119,1.0550388239822008e-07,0.0
DTXSID1024598,2119,0.0,0.0
DTXSID1024621,2119,0.0,0.0
DTXSID1024625,2119,0.0,0.0
DTXSID1024629,2119,0.00019068559205798023,0.0
DTXSID1024702,2119,0.0,0.0
DTXSID1024704,2119,1.7929344720434837e-12,0.0
DTXSID1024831,2119,,
DTXSID1024835,2119,0.0,0.0
DTXSID1024837,2119,0.6377939678797828,0.0
DTXSID1024881,2119,0.0,0.0
DTXSID1024885,2119,1.6853537975645765e-06,0.0
DTXSID1024887,2119,,
DTXSID1024912,2119,2.7965581345947806e-07,0.0
DTXSID1024916,2119,0.0,0.0
DTXSID1024918,2119,0.0,0.0
DTXSID1024966,2119,0.0,0.0
DTXSID1025013,2119,,
DTXSID1025017,2119,0.9998911480635415,1.0
DTXSID1025063,2119,0.0,0.0
DTXSID1025065,2119,0.5112479872846897,0.0
DTXSID1025148,2119,7.033663183594753e-15,0.0
DTXSID1025221,2119,0.0,0.0
DTXSID1025271,2119,0.0,0.0
DTXSID1025279,2119,0.0,0.0
DTXSID1025300,2119,0.994801551586699,1.0
DTXSID1025302,2119,0.0,0.0
DTXSID1025304,2119,0.0,0.0
DTXSID1025306,2119,0.0,0.0
DTXSID1025308,2119,0.0,0.0
DTXSID1025431,2119,0.9349851408898493,1.0
DTXSID1025433,2119,0.0,0.0
DTXSID1025437,2119,0.0,0.0
DTXSID1025481,2119,0.0,0.0
DTXSID1025483,2119,0.0,0.0
DTXSID1025485,2119,0.999999999552595,1.0
DTXSID1025512,2119,0.9999999999998825,1.0
DTXSID1025560,2119,5.908984297996864e-12,0.0
DTXSID1025641,2119,,
DTXSID1025649,2119,9.66869569305053e-06,0.0
DTXSID1025693,2119,0.0,0.0
DTXSID1025722,2119,,
DTXSID1025724,2119,0.0,0.0
DTXSID1025726,2119,,
DTXSID1025770,2119,6.006382784262067e-11,0.0
DTXSID1025774,2119,0.0,0.0
DTXSID1025776,2119,3.7853027166804993e-07,0.0
DTXSID1025805,2119,0.9999980219873147,1.0
DTXSID1025807,2119,0.9999999987610939,1.0
DTXSID1025809,2119,0.0,0.0
DTXSID1025851,2119,3.043551876907974e-17,0.0
DTXSID1025857,2119,1.0,1.0
DTXSID1025930,2119,0.9999783199674526,1.0
DTXSID1025934,2119,,
DTXSID1026031,2119,0.9964124696382064,1.0
DTXSID1026033,2119,2.2801740314537186e-15,0.0
DTXSID1026035,2119,0.007526331957572179,0.0
DTXSID1026081,2119,0.9999999877870579,1.0
DTXSID1026083,2119,0.0,0.0
DTXSID1026089,2119,0.0,0.0
DTXSID1026112,2119,,
DTXSID1026118,2119,0.0002636499678248509,0.0
DTXSID1026164,2119,0.41279400865116567,0.0
DTXSID1026241,2119,1.4617262178098871e-15,0.0
DTXSID1026293,2119,0.0,0.0
DTXSID1026457,2119,0.0,0.0
DTXSID1026536,2119,0.0,0.0
DTXSID1026615,2119,0.0,0.0
DTXSID1026619,2119,,
DTXSID1026661,2119,0.0,0.0
DTXSID1026665,2119,0.0,0.0
DTXSID1026667,2119,0.0,0.0
DTXSID1026740,2119,0.0,0.0
DTXSID1026792,2119,0.0,0.0
DTXSID1026796,2119,0.0,0.0
DTXSID1026879,2119,6.190735613774667e-13,0.0
DTXSID1026900,2119,0.9999993955971221,1.0
DTXSID1026902,2119,0.9990263113813009,1.0
DTXSID1026904,2119,0.0,0.0
DTXSID1026906,2119,0.0,0.0
DTXSID1026908,2119,0.0,0.0
DTXSID1026954,2119,0.0,0.0
DTXSID1027007,2119,,
DTXSID1027134,2119,0.9999998814570975,1.0
DTXSID1027184,2119,0.0,0.0
DTXSID1027186,2119,0.0,0.0
DTXSID1027188,2119,,
DTXSID1027211,2119,1.1129967682924322e-11,0.0
DTXSID1027219,2119,,
DTXSID1027263,2119,0.6693975871784134,0.0
DTXSID1027265,2119,5.615838080108169e-06,0.0
DTXSID1027267,2119,0.0,0.0
DTXSID1027269,2119,0.0,0.0
DTXSID1027342,2119,9.482497975458985e-14,0.0
DTXSID1027344,2119,0.0,0.0
DTXSID1027346,2119,7.905503631091927e-05,0.0
DTXSID1027390,2119,0.0,0.0
DTXSID1027394,2119,0.9999977832008792,1.0
DTXSID1027425,2119,0.0,0.0
DTXSID1027427,2119,0.0,0.0
DTXSID1027429,2119,0.0,0.0
DTXSID1027471,2119,,
DTXSID1027479,2119,6.604727732582687e-16,0.0
DTXSID1027500,2119,0.0,0.0
DTXSID1027502,2119,5.4513734182239124e-09,0.0
DTXSID1027504,2119,0.0,0.0
DTXSID1027506,2119,0.0,0.0
DTXSID1027550,2119,1.2413877308429159e-15,0.0
DTXSID1027556,2119,0.0,0.0
DTXSID1027558,2119,0.0,0.0
DTXSID1027633,2119,,
DTXSID1027635,2119,0.0,0.0
DTXSID1027639,2119,0.0,0.0
DTXSID1027714,2119,0.9999999986961751,1.0
DTXSID1027716,2119,0.9980486237955843,1.0
DTXSID1027764,2119,0.0,0.0
DTXSID1027768,2119,0.0,0.0
DTXSID1027841,2119,0.0,0.0
DTXSID1027891,2119,0.9999029687272574,1.0
DTXSID1027899,2119,,
DTXSID1027920,2119,,
DTXSID1027924,2119,2.5761874976252144e-05,0.0
DTXSID1027926,2119,0.9999999999999976,1.0
DTXSID1027928,2119,0.00013196220201302115,0.0
DTXSID1027970,2119,6.649301405027071e-09,0.0
DTXSID1027974,2119,,
DTXSID1027978,2119,0.0,0.0
DTXSID1029120,2119,0.9999756355032021,1.0
DTXSID1029122,2119,0.0,0.0
DTXSID1029124,2119,0.030079236217159334,0.0
DTXSID1029128,2119,0.0,0.0
DTXSID1029170,2119,0.0,0.0
DTXSID1029201,2119,2.6982728312861483e-13,0.0
DTXSID1029203,2119,0.0,0.0
DTXSID1029207,2119,0.0,0.0
DTXSID1029251,2119,0.0,0.0
DTXSID1029255,2119,0.0,0.0
DTXSID1029338,2119,0.0,0.0
DTXSID1029629,2119,0.0,0.0
DTXSID1029671,2119,0.0,0.0
DTXSID1029677,2119,0.0,0.0
DTXSID1029679,2119,0.0,0.0
DTXSID1029889,2119,0.952574728666181,1.0
DTXSID1029910,2119,,
DTXSID1030317,2119,0.0,0.0
DTXSID1030319,2119,0.4725881179473649,0.0
DTXSID1030604,2119,0.0,0.0
DTXSID1030606,2119,0.003476901643364109,0.0
DTXSID1031460,2119,0.0,0.0
DTXSID1031462,2119,0.0,0.0
DTXSID1031591,2119,0.0,0.0
DTXSID1031626,2119,5.5602025350196235e-18,0.0
DTXSID1032278,2119,0.0,0.0
DTXSID1032303,2119,,
DTXSID1032305,2119,0.6962873191199818,0.0
DTXSID1032309,2119,1.1451198216480216e-06,0.0
DTXSID1032355,2119,0.0,0.0
DTXSID1032359,2119,0.9747082494202904,1.0
DTXSID1032482,2119,0.0,0.0
DTXSID1032484,2119,0.9998814851321102,1.0
DTXSID1032488,2119,1.763913854796407e-16,0.0
DTXSID1032511,2119,0.0,0.0
DTXSID1032513,2119,0.0,0.0
DTXSID1032519,2119,5.626301238334665e-06,0.0
DTXSID1032569,2119,0.0,0.0
DTXSID1032640,2119,0.0002866582468250024,0.0
DTXSID1032642,2119,9.097552137973057e-16,0.0
DTXSID1032646,2119,1.7822529426968635e-14,0.0
DTXSID1032648,2119,0.9999999999567066,1.0
DTXSID1032690,2119,0.0,0.0
DTXSID1033161,2119,1.3551869706774234e-15,0.0
DTXSID1033163,2119,0.8851893395778162,0.0
DTXSID1033371,2119,0.0,0.0
DTXSID1033402,2119,0.0,0.0
DTXSID1033539,2119,0.9999814991220178,1.0
DTXSID1033664,2119,0.0,0.0
DTXSID1033876,2119,0.0,0.0
DTXSID1034181,2119,1.0,1.0
DTXSID1034187,2119,1.0,1.0
DTXSID1034210,2119,0.999999977201049,1.0
DTXSID1034212,2119,0.0,0.0
DTXSID1034260,2119,0.0,0.0
DTXSID1034501,2119,0.0,0.0
DTXSID1034503,2119,0.0,0.0
DTXSID1034634,2119,0.9999999999614326,1.0
DTXSID1034769,2119,0.9971300849015386,1.0
DTXSID1034844,2119,5.581208568861886e-11,0.0
DTXSID1034929,2119,,
DTXSID1034973,2119,0.0,0.0
DTXSID1035286,2119,0.0,0.0
DTXSID1035288,2119,0.9978181399208945,1.0
DTXSID1035783,2119,0.0,0.0
DTXSID1036541,2119,1.0,1.0
DTXSID1036545,2119,0.9999959240215146,1.0
DTXSID1037197,2119,0.0,0.0
DTXSID1037224,2119,0.679770651743051,0.0
DTXSID1037272,2119,0.0,0.0
DTXSID1037303,2119,0.980077373019069,1.0
DTXSID1037511,2119,0.0,0.0
DTXSID1037515,2119,0.996253510788429,1.0
DTXSID1037565,2119,0.8051399474042557,0.0
DTXSID1037567,2119,,
DTXSID1037696,2119,,
DTXSID1037806,2119,0.0,0.0
DTXSID1038298,2119,0.9999996508011809,1.0
DTXSID1038321,2119,0.0,0.0
DTXSID1038666,2119,1.0,1.0
DTXSID1038743,2119,0.0,0.0
DTXSID1038795,2119,0.0,0.0
DTXSID1038822,2119,2.013017194996417e-16,0.0
DTXSID1038824,2119,,
DTXSID1038876,2119,0.0,0.0
DTXSID1039719,2119,0.0,0.0
DTXSID1040110,2119,,
DTXSID1040112,2119,1.449187605514791e-15,0.0
DTXSID1040114,2119,0.0,0.0
DTXSID1040164,2119,0.0,0.0
DTXSID1040243,2119,0.9999983219782062,1.0
DTXSID1040245,2119,0.0,0.0
DTXSID1040295,2119,0.0,0.0
DTXSID1040320,2119,0.9653589948796137,1.0
DTXSID1040324,2119,,
DTXSID1040326,2119,0.9999978101845945,1.0
DTXSID1040372,2119,0.9999987112703453,1.0
DTXSID1040611,2119,0.9906318086263622,1.0
DTXSID1040619,2119,0.9999999997637677,1.0
DTXSID1040661,2119,2.845549092318849e-09,0.0
DTXSID1040740,2119,4.17914864371681e-05,0.0
DTXSID1040742,2119,0.0,0.0
DTXSID1040792,2119,,
DTXSID1040794,2119,0.0,0.0
DTXSID1041132,2119,0.9999975751906931,1.0
DTXSID1041180,2119,2.4703055625693054e-13,0.0
DTXSID1041184,2119,0.0,0.0
DTXSID1041188,2119,0.9999999989460336,1.0
DTXSID1041217,2119,0.0,0.0
DTXSID1041261,2119,0.0,0.0
DTXSID1041263,2119,0.0,0.0
DTXSID1041265,2119,0.0,0.0
DTXSID1041267,2119,0.0,0.0
DTXSID1041269,2119,,
DTXSID1041346,2119,0.0,0.0
DTXSID1041396,2119,,
DTXSID1041421,2119,0.0,0.0
DTXSID1041423,2119,,
DTXSID1041425,2119,0.0,0.0
DTXSID1041502,2119,0.016906969688459002,0.0
DTXSID1041506,2119,0.7162766525785442,0.0
DTXSID1041508,2119,0.0,0.0
DTXSID1041550,2119,0.0,0.0
DTXSID1041639,2119,,
DTXSID1041681,2119,0.9999043583236763,1.0
DTXSID1041683,2119,0.9998579105844623,1.0
DTXSID1041847,2119,0.0,0.0
DTXSID1041891,2119,0.0,0.0
DTXSID1041897,2119,1.0,1.0
DTXSID1041920,2119,0.0,0.0
DTXSID1041970,2119,1.1020582156182503e-16,0.0
DTXSID1041978,2119,,
DTXSID1042077,2119,0.0,0.0
DTXSID1042154,2119,0.9999999984899102,1.0
DTXSID1042281,2119,0.0,0.0
DTXSID1042285,2119,0.0,0.0
DTXSID1042360,2119,0.0,0.0
DTXSID1042364,2119,0.0,0.0
DTXSID1042441,2119,0.0,0.0
DTXSID1042443,2119,,
DTXSID1042445,2119,0.0,0.0
DTXSID1042491,2119,3.038623355349546e-14,0.0
DTXSID1042499,2119,1.0,1.0
DTXSID1042570,2119,0.9999991074624784,1.0
DTXSID1042574,2119,1.237049355275819e-11,0.0
DTXSID1043839,2119,0.0,0.0
DTXSID1043881,2119,0.00011114011356486668,0.0
DTXSID1043910,2119,2.9429297522302524e-18,0.0
DTXSID1044196,2119,0.9999949696619658,1.0
DTXSID1044198,2119,0.0,0.0
DTXSID1044221,2119,0.0,0.0
DTXSID1044223,2119,0.9999978441031054,1.0
DTXSID1044227,2119,0.0,0.0
DTXSID1044352,2119,0.0,0.0
DTXSID1044354,2119,,
DTXSID1044356,2119,0.0,0.0
DTXSID1044431,2119,,
DTXSID1044433,2119,1.7992718017602168e-16,0.0
DTXSID1044435,2119,0.0,0.0
DTXSID1044437,2119,0.0,0.0
DTXSID1044439,2119,,
DTXSID1044481,2119,0.9004849908040706,1.0
DTXSID1044485,2119,0.0,0.0
DTXSID1044487,2119,0.9820519488937907,1.0
DTXSID1044489,2119,0.6285579754839847,0.0
DTXSID1044514,2119,0.9999999489397006,1.0
DTXSID1044518,2119,1.115932377754574e-12,0.0
DTXSID1044560,2119,0.18827815117109323,0.0
DTXSID1044564,2119,,
DTXSID1044568,2119,0.0,0.0
DTXSID1044643,2119,0.0,0.0
DTXSID1044645,2119,0.9999998909601385,1.0
DTXSID1044647,2119,1.5983801868525206e-08,0.0
DTXSID1044691,2119,,
DTXSID1044693,2119,0.0,0.0
DTXSID1044697,2119,0.0,0.0
DTXSID1044720,2119,,
DTXSID1044722,2119,1.2314242910278327e-07,0.0
DTXSID1044724,2119,,
DTXSID1044728,2119,3.839740068906618e-17,0.0
DTXSID1044770,2119,0.0,0.0
DTXSID1044772,2119,,
DTXSID1044774,2119,0.0,0.0
DTXSID1044776,2119,,
DTXSID1044801,2119,0.9999998499606261,1.0
DTXSID1044805,2119,0.0,0.0
DTXSID1044807,2119,,
DTXSID1044809,2119,0.0,0.0
DTXSID1044851,2119,0.9431591471856877,1.0
DTXSID1044853,2119,0.0,0.0
DTXSID1044857,2119,0.7251784031402301,0.0
DTXSID1044859,2119,0.0,0.0
DTXSID1044930,2119,0.0,0.0
DTXSID1044932,2119,0.0,0.0
DTXSID1044934,2119,,
DTXSID1044936,2119,0.9999999999984733,1.0
DTXSID1044938,2119,0.0,0.0
DTXSID1044980,2119,0.0,0.0
DTXSID1044982,2119,0.9996654246264248,1.0
DTXSID1044986,2119,0.0,0.0
DTXSID1045081,2119,1.4699447820976585e-09,0.0
DTXSID1045083,2119,,
DTXSID1045085,2119,0.9999990593222039,1.0
DTXSID1045089,2119,0.0,0.0
DTXSID1045116,2119,,
DTXSID1045118,2119,0.0002074389075367634,0.0
DTXSID1045162,2119,0.0,0.0
DTXSID1045164,2119,0.0,0.0
DTXSID1045166,2119,0.0,0.0
DTXSID1045245,2119,0.0,0.0
DTXSID1045291,2119,0.9999999823132774,1.0
DTXSID1045293,2119,0.0,0.0
DTXSID1045297,2119,0.0,0.0
DTXSID1045320,2119,0.0,0.0
DTXSID1045324,2119,0.999823239002084,1.0
DTXSID1045326,2119,0.9976456836440708,1.0
DTXSID1045328,2119,6.178885735975526e-08,0.0
DTXSID1045370,2119,0.0,0.0
DTXSID1045372,2119,0.0,0.0
DTXSID1045376,2119,0.0,0.0
DTXSID1045405,2119,0.9979945653512501,1.0
DTXSID1045407,2119,2.991232254514442e-12,0.0
DTXSID1045409,2119,0.9999997895766385,1.0
DTXSID1045459,2119,0.0,0.0
DTXSID1045530,2119,5.950858095737313e-13,0.0
DTXSID1045534,2119,0.0,0.0
DTXSID1045536,2119,2.3610177199776166e-05,0.0
DTXSID1045538,2119,1.7764435627944932e-14,0.0
DTXSID1045580,2119,0.0,0.0
DTXSID1045584,2119,0.999963062119412,1.0
DTXSID1045588,2119,0.0,0.0
DTXSID1045611,2119,7.496450563290291e-16,0.0
DTXSID1045615,2119,0.0,0.0
DTXSID1045619,2119,,
DTXSID1045661,2119,0.0,0.0
DTXSID1045663,2119,0.9999940544523006,1.0
DTXSID1045669,2119,0.0,0.0
DTXSID1045742,2119,0.9999997539549464,1.0
DTXSID1045744,2119,4.6543916143996186e-08,0.0
DTXSID1045746,2119,0.0038501138944106905,0.0
DTXSID1045748,2119,,
DTXSID1045790,2119,4.1476994198902204e-06,0.0
DTXSID1045792,2119,0.9621723532308838,1.0
DTXSID1045794,2119,0.0,0.0
DTXSID1045798,2119,0.9999945025097816,1.0
DTXSID1045825,2119,,
DTXSID1045871,2119,0.6225977256210707,0.0
DTXSID1045879,2119,0.0,0.0
DTXSID1045906,2119,0.0,0.0
DTXSID1045952,2119,1.0,1.0
DTXSID1045958,2119,0.28916342943554735,0.0
DTXSID1046003,2119,0.09223107210269506,0.0
DTXSID1046007,2119,0.0,0.0
DTXSID1046051,2119,0.0,0.0
DTXSID1046130,2119,0.0,0.0
DTXSID1046132,2119,0.0,0.0
DTXSID1046134,2119,0.9999999674497675,1.0
DTXSID1046136,2119,2.7495290266810493e-15,0.0
DTXSID1046180,2119,0.9999999654959553,1.0
DTXSID1046188,2119,,
DTXSID1046215,2119,0.0,0.0
DTXSID1046263,2119,,
DTXSID1046267,2119,0.9821211924550679,1.0
DTXSID1046344,2119,0.0,0.0
DTXSID1046348,2119,0.0,0.0
DTXSID1046390,2119,0.0,0.0
DTXSID1046392,2119,0.0,0.0
DTXSID1046394,2119,2.152664390105047e-11,0.0
DTXSID1046396,2119,0.0,0.0
DTXSID1046398,2119,5.060503506451508e-10,0.0
DTXSID1046421,2119,0.0,0.0
DTXSID1046423,2119,0.0,0.0
DTXSID1046425,2119,0.0,0.0
DTXSID1046427,2119,0.9999999993715868,1.0
DTXSID1046429,2119,0.0,0.0
DTXSID1046475,2119,0.0,0.0
DTXSID1046502,2119,0.0,0.0
DTXSID1046504,2119,0.06901542240251958,0.0
DTXSID1046506,2119,0.0,0.0
DTXSID1046550,2119,0.0,0.0
DTXSID1046558,2119,0.0,0.0
DTXSID1046631,2119,0.0,0.0
DTXSID1046633,2119,0.03562266343098543,0.0
DTXSID1046639,2119,1.8991784489346943e-12,0.0
DTXSID1046681,2119,,
DTXSID1046685,2119,0.0,0.0
DTXSID1046687,2119,0.00015373619281040435,0.0
DTXSID1046689,2119,0.0,0.0
DTXSID1046714,2119,0.0,0.0
DTXSID1046768,2119,0.9999918745258354,1.0
DTXSID1046847,2119,0.9983421551625035,1.0
DTXSID1046891,2119,0.0,0.0
DTXSID1046922,2119,0.9999999999999994,1.0
DTXSID1046970,2119,1.0,1.0
DTXSID1046974,2119,0.0,0.0
DTXSID1046976,2119,,
DTXSID1046978,2119,0.9936762315024301,1.0
DTXSID1047027,2119,0.0023049885037483243,0.0
DTXSID1047029,2119,0.0,0.0
DTXSID1047071,2119,0.0,0.0
DTXSID1047075,2119,0.0,0.0
DTXSID1047102,2119,0.9067862318844144,1.0
DTXSID1047104,2119,0.8609908456829658,0.0
DTXSID1047106,2119,7.317642498892478e-18,0.0
DTXSID1047108,2119,,
DTXSID1047150,2119,0.0,0.0
DTXSID1047152,2119,0.0,0.0
DTXSID1047156,2119,0.0,0.0
DTXSID1047158,2119,,
DTXSID1047239,2119,0.0,0.0
DTXSID1047281,2119,5.356627067127588e-05,0.0
DTXSID1047283,2119,9.305017384628587e-15,0.0
DTXSID1047285,2119,0.0,0.0
DTXSID1047287,2119,0.0,0.0
DTXSID1047289,2119,0.9704705254475159,1.0
DTXSID1047310,2119,0.9999999388342488,1.0
DTXSID1047312,2119,4.604429004945004e-06,0.0
DTXSID1047316,2119,1.2460916708356598e-11,0.0
DTXSID1047318,2119,0.9999967082291563,1.0
DTXSID1047360,2119,0.0,0.0
DTXSID1047362,2119,0.9969834436331803,1.0
DTXSID1047364,2119,0.9999999812465938,1.0
DTXSID1047366,2119,0.9999997688765537,1.0
DTXSID1047368,2119,0.8648115996759824,0.0
DTXSID1047443,2119,1.7218110129923686e-12,0.0
DTXSID1047447,2119,0.0,0.0
DTXSID1047491,2119,0.0,0.0
DTXSID1047493,2119,0.0,0.0
DTXSID1047497,2119,2.30711196085365e-06,0.0
DTXSID1047520,2119,,
DTXSID1047524,2119,0.0,0.0
DTXSID1047526,2119,0.0,0.0
DTXSID1047528,2119,0.0,0.0
DTXSID1047570,2119,0.0,0.0
DTXSID1047574,2119,0.0,0.0
DTXSID1047576,2119,1.315197032912477e-17,0.0
DTXSID1047578,2119,0.0,0.0
DTXSID1047601,2119,0.0,0.0
DTXSID1047603,2119,,
DTXSID1047605,2119,0.0,0.0
DTXSID1047607,2119,2.2556976701253683e-10,0.0
DTXSID1047609,2119,,
DTXSID1047651,2119,3.419326525781855e-13,0.0
DTXSID1047655,2119,0.0,0.0
DTXSID1047657,2119,7.49810155997147e-17,0.0
DTXSID1047659,2119,3.011798373285519e-11,0.0
DTXSID1047730,2119,0.9964297598495346,1.0
DTXSID1047780,2119,0.0,0.0
DTXSID1047782,2119,3.6746041859276154e-05,0.0
DTXSID1047784,2119,0.0,0.0
DTXSID1047786,2119,0.8969461048573097,0.0
DTXSID1047788,2119,,
DTXSID1047811,2119,0.0,0.0
DTXSID1047813,2119,0.0,0.0
DTXSID1047815,2119,0.0,0.0
DTXSID1047817,2119,2.9616200895979316e-09,0.0
DTXSID1047819,2119,0.9999999999952348,1.0
DTXSID1047869,2119,1.4257161317407353e-08,0.0
DTXSID1047940,2119,0.0,0.0
DTXSID1047942,2119,0.0,0.0
DTXSID1047944,2119,0.9471289931683101,1.0
DTXSID1047946,2119,0.9010827876809209,1.0
DTXSID1047948,2119,0.0,0.0
DTXSID1048122,2119,0.9991074434671257,1.0
DTXSID1048170,2119,0.9999999753528749,1.0
DTXSID1048172,2119,0.0,0.0
DTXSID1048174,2119,0.9999997938835644,1.0
DTXSID1048176,2119,0.406682659470134,0.0
DTXSID1048178,2119,0.1311631649351633,0.0
DTXSID1048201,2119,,
DTXSID1048203,2119,0.0,0.0
DTXSID1048207,2119,,
DTXSID1048209,2119,2.192494081934037e-06,0.0
DTXSID1048590,2119,,
DTXSID1048592,2119,0.0,0.0
DTXSID1048596,2119,0.9999999997399779,1.0
DTXSID1048598,2119,0.0,0.0
DTXSID1048623,2119,0.9991960419490898,1.0
DTXSID1048627,2119,0.9999548886302795,1.0
DTXSID1048671,2119,0.9795811665064377,1.0
DTXSID1048679,2119,4.827476745909497e-08,0.0
DTXSID1048704,2119,0.0,0.0
DTXSID1048706,2119,,
DTXSID1048831,2119,0.0,0.0
DTXSID1048833,2119,0.0,0.0
DTXSID1048835,2119,0.8175656485063982,0.0
DTXSID1048837,2119,0.0,0.0
DTXSID1048839,2119,1.0,1.0
DTXSID1048883,2119,1.611448472860165e-11,0.0
DTXSID1048910,2119,0.0,0.0
DTXSID1048912,2119,0.633919266378501,0.0
DTXSID1048914,2119,0.0,0.0
DTXSID1048916,2119,0.49689654386297133,0.0
DTXSID1048918,2119,0.0,0.0
DTXSID1048960,2119,1.2213148923232097e-17,0.0
DTXSID1049015,2119,0.9999998289345466,1.0
DTXSID1049065,2119,0.9999997734621914,1.0
DTXSID1049067,2119,0.0,0.0
DTXSID1049069,2119,,
DTXSID1049221,2119,0.0,0.0
DTXSID1049223,2119,0.005187721245404831,0.0
DTXSID1049225,2119,0.0,0.0
DTXSID1049227,2119,0.0,0.0
DTXSID1049229,2119,0.9999888231266164,1.0
DTXSID1049271,2119,,
DTXSID1049273,2119,0.9995222903587931,1.0
DTXSID1049275,2119,0.0,0.0
DTXSID1049277,2119,0.0,0.0
DTXSID1049279,2119,0.0,0.0
DTXSID1049300,2119,0.0,0.0
DTXSID1049302,2119,0.0,0.0
DTXSID1049304,2119,0.999999970235524,1.0
DTXSID1049306,2119,5.111662861827232e-08,0.0
DTXSID1049308,2119,0.0,0.0
DTXSID1049350,2119,0.0,0.0
DTXSID1049352,2119,0.9968218830949142,1.0
DTXSID1049354,2119,0.0,0.0
DTXSID1049356,2119,4.944100388705863e-14,0.0
DTXSID1049358,2119,0.0,0.0
DTXSID1049431,2119,0.9975626758161984,1.0
DTXSID1049433,2119,0.9856965007288366,1.0
DTXSID1049481,2119,1.9034813518115683e-15,0.0
DTXSID1049483,2119,0.0,0.0
DTXSID1049485,2119,0.0,0.0
DTXSID1049487,2119,0.0,0.0
DTXSID1049489,2119,0.0,0.0
DTXSID1049510,2119,0.0,0.0
DTXSID1049512,2119,6.033225583913761e-10,0.0
DTXSID1049514,2119,0.9999998931250528,1.0
DTXSID1049516,2119,0.9999937193660796,1.0
DTXSID1049518,2119,0.9371882193267145,1.0
DTXSID1049560,2119,8.991482670915717e-05,0.0
DTXSID1049562,2119,0.0,0.0
DTXSID1049697,2119,0.9995087395868488,1.0
DTXSID1051690,2119,0.0,0.0
DTXSID1051771,2119,0.0,0.0
DTXSID1051779,2119,0.0,0.0
DTXSID1051808,2119,0.9999999999867228,1.0
DTXSID1051850,2119,6.262900319646937e-05,0.0
DTXSID1051856,2119,0.0,0.0
DTXSID1051939,2119,0.9999999996946306,1.0
DTXSID1052294,2119,0.0,0.0
DTXSID1052298,2119,0.0,0.0
DTXSID1052539,2119,0.0,0.0
DTXSID1052585,2119,0.0,0.0
DTXSID1052587,2119,0.0,0.0
DTXSID1052610,2119,1.081062222233784e-11,0.0
DTXSID1057610,2119,0.9999999005627452,1.0
DTXSID1057612,2119,0.0,0.0
DTXSID1057614,2119,0.0,0.0
DTXSID1057616,2119,0.0,0.0
DTXSID1057618,2119,0.0,0.0
DTXSID1057660,2119,0.0,0.0
DTXSID1057662,2119,0.9999995468026488,1.0
DTXSID1057664,2119,4.3953082766635866e-13,0.0
DTXSID1057666,2119,0.0,0.0
DTXSID1057668,2119,0.0,0.0
DTXSID1057741,2119,0.0,0.0
DTXSID1057743,2119,0.0,0.0
DTXSID1057745,2119,5.482483466435348e-10,0.0
DTXSID1057747,2119,0.0,0.0
DTXSID1057749,2119,0.999999995418857,1.0
DTXSID1057791,2119,0.0,0.0
DTXSID1057793,2119,0.0,0.0
DTXSID1057795,2119,0.0,0.0
DTXSID1057797,2119,0.0,0.0
DTXSID1057799,2119,1.3889228613095806e-06,0.0
DTXSID1057820,2119,0.0,0.0
DTXSID1057822,2119,,
DTXSID1057824,2119,0.0,0.0
DTXSID1057826,2119,0.0,0.0
DTXSID1057828,2119,,
DTXSID2020006,2119,0.0,0.0
DTXSID2020054,2119,0.9165926398423493,1.0
DTXSID2020058,2119,0.9218312805882791,1.0
DTXSID2020131,2119,0.0,0.0
DTXSID2020137,2119,0.0,0.0
DTXSID2020139,2119,,
DTXSID2020181,2119,,
DTXSID2020189,2119,,
DTXSID2020210,2119,0.0,0.0
DTXSID2020212,2119,0.0,0.0
DTXSID2020216,2119,7.302156326323752e-12,0.0
DTXSID2020260,2119,0.9899985974330677,1.0
DTXSID2020262,2119,0.0,0.0
DTXSID2020266,2119,0.9972258442471332,1.0
DTXSID2020268,2119,0.0,0.0
DTXSID2020341,2119,0.0,0.0
DTXSID2020345,2119,1.0,1.0
DTXSID2020347,2119,0.9970941813709164,1.0
DTXSID2020349,2119,9.902373375880901e-17,0.0
DTXSID2020391,2119,0.0,0.0
DTXSID2020399,2119,0.9507764091998433,1.0
DTXSID2020420,2119,0.0,0.0
DTXSID2020424,2119,0.9993776700250425,1.0
DTXSID2020426,2119,3.302473850786894e-14,0.0
DTXSID2020428,2119,0.0,0.0
DTXSID2020470,2119,0.9998553533517494,1.0
DTXSID2020474,2119,0.0,0.0
DTXSID2020478,2119,0.0,0.0
DTXSID2020501,2119,0.9133790837395436,1.0
DTXSID2020505,2119,0.0,0.0
DTXSID2020507,2119,0.09716407373553772,0.0
DTXSID2020509,2119,0.0,0.0
DTXSID2020557,2119,0.0,0.0
DTXSID2020634,2119,0.0,0.0
DTXSID2020636,2119,0.9999995985016852,1.0
DTXSID2020680,2119,0.0,0.0
DTXSID2020682,2119,,
DTXSID2020684,2119,0.0,0.0
DTXSID2020686,2119,,
DTXSID2020688,2119,0.0,0.0
DTXSID2020713,2119,0.0,0.0
DTXSID2020717,2119,0.9999999978126848,1.0
DTXSID2020761,2119,,
DTXSID2020767,2119,0.0,0.0
DTXSID2020844,2119,0.0,0.0
DTXSID2020846,2119,0.0,0.0
DTXSID2020890,2119,0.0,0.0
DTXSID2020892,2119,0.0,0.0
DTXSID2020894,2119,0.9893733194996996,1.0
DTXSID2020898,2119,0.9999998586791876,1.0
DTXSID2020921,2119,0.0,0.0
DTXSID2020923,2119,0.0,0.0
DTXSID2020927,2119,3.7757762534328292e-06,0.0
DTXSID2020929,2119,0.0,0.0
DTXSID2020971,2119,0.0,0.0
DTXSID2020977,2119,3.191133420044702e-07,0.0
DTXSID2021022,2119,0.0,0.0
DTXSID2021026,2119,0.0,0.0
DTXSID2021028,2119,5.457856048318028e-08,0.0
DTXSID2021070,2119,0.0,0.0
DTXSID2021103,2119,0.0,0.0
DTXSID2021105,2119,0.0,0.0
DTXSID2021151,2119,0.0,0.0
DTXSID2021159,2119,0.0,0.0
DTXSID2021232,2119,0.0,0.0
DTXSID2021234,2119,0.0,0.0
DTXSID2021236,2119,5.734608744068591e-13,0.0
DTXSID2021238,2119,0.0,0.0
DTXSID2021282,2119,0.0,0.0
DTXSID2021284,2119,4.076597249588119e-05,0.0
DTXSID2021286,2119,0.0,0.0
DTXSID2021288,2119,0.0,0.0
DTXSID2021311,2119,0.3383175887043024,0.0
DTXSID2021315,2119,0.0,0.0
DTXSID2021317,2119,0.0,0.0
DTXSID2021319,2119,0.03679054681785985,0.0
DTXSID2021363,2119,2.8178058805198107e-12,0.0
DTXSID2021365,2119,0.0042134053815610015,0.0
DTXSID2021367,2119,1.0,1.0
DTXSID2021440,2119,0.0,0.0
DTXSID2021442,2119,7.438371738647531e-13,0.0
DTXSID2021446,2119,0.0,0.0
DTXSID2021448,2119,0.0,0.0
DTXSID2021492,2119,,
DTXSID2021496,2119,5.075772897455223e-16,0.0
DTXSID2021498,2119,0.27434535540732163,0.0
DTXSID2021575,2119,0.0,0.0
DTXSID2021577,2119,0.0,0.0
DTXSID2021600,2119,0.0,0.0
DTXSID2021602,2119,0.002915022029899101,0.0
DTXSID2021604,2119,,
DTXSID2021608,2119,0.0,0.0
DTXSID2021650,2119,2.0536428177234884e-06,0.0
DTXSID2021652,2119,0.9311658077149181,1.0
DTXSID2021654,2119,0.0,0.0
DTXSID2021656,2119,7.102904944085219e-16,0.0
DTXSID2021658,2119,,
DTXSID2021731,2119,,
DTXSID2021735,2119,0.0,0.0
DTXSID2021739,2119,0.0,0.0
DTXSID2021781,2119,4.862263394137799e-13,0.0
DTXSID2021789,2119,5.092901858735656e-12,0.0
DTXSID2021810,2119,0.0,0.0
DTXSID2021816,2119,1.264800942354261e-18,0.0
DTXSID2021818,2119,0.0,0.0
DTXSID2021860,2119,0.0,0.0
DTXSID2021864,2119,0.0,0.0
DTXSID2021866,2119,,
DTXSID2021868,2119,0.0,0.0
DTXSID2021941,2119,0.0,0.0
DTXSID2021943,2119,,
DTXSID2021947,2119,0.0,0.0
DTXSID2021949,2119,0.0,0.0
DTXSID2021993,2119,0.0,0.0
DTXSID2021995,2119,0.0,0.0
DTXSID2021997,2119,0.0,0.0
DTXSID2022048,2119,0.9922359351389165,1.0
DTXSID2022090,2119,0.0,0.0
DTXSID2022096,2119,0.0,0.0
DTXSID2022121,2119,4.12611559550923e-05,0.0
DTXSID2022123,2119,6.682825633679696e-08,0.0
DTXSID2022125,2119,0.0,0.0
DTXSID2022127,2119,0.9968936452017617,1.0
DTXSID2022171,2119,3.8370338804949545e-09,0.0
DTXSID2022179,2119,0.0,0.0
DTXSID2022254,2119,2.7382105120396184e-12,0.0
DTXSID2022256,2119,0.0,0.0
DTXSID2022331,2119,0.0,0.0
DTXSID2022333,2119,0.0,0.0
DTXSID2022381,2119,0.9597962067121608,1.0
DTXSID2022462,2119,0.9970994770858763,1.0
DTXSID2022541,2119,0.0,0.0
DTXSID2022543,2119,0.0,0.0
DTXSID2022549,2119,,
DTXSID2022593,2119,1.7582209685826363e-06,0.0
DTXSID2022595,2119,0.0,0.0
DTXSID2022628,2119,0.0,0.0
DTXSID2022674,2119,4.616940479294685e-15,0.0
DTXSID2022676,2119,0.0,0.0
DTXSID2022678,2119,0.9616343229464526,1.0
DTXSID2022707,2119,0.9283623580194403,1.0
DTXSID2022753,2119,0.0,0.0
DTXSID2022880,2119,0.9999999999967747,1.0
DTXSID2022886,2119,0.0,0.0
DTXSID2022888,2119,0.0,0.0
DTXSID2022967,2119,0.0,0.0
DTXSID2023010,2119,0.0,0.0
DTXSID2023016,2119,0.0,0.0
DTXSID2023064,2119,0.0,0.0
DTXSID2023068,2119,0.9999918138581494,1.0
DTXSID2023143,2119,0.0,0.0
DTXSID2023193,2119,0.0,0.0
DTXSID2023195,2119,0.0,0.0
DTXSID2023222,2119,0.0,0.0
DTXSID2023224,2119,0.9999790580938632,1.0
DTXSID2023270,2119,0.0,0.0
DTXSID2023276,2119,,
DTXSID2023307,2119,0.0,0.0
DTXSID2023309,2119,0.6662151431062397,0.0
DTXSID2023353,2119,,
DTXSID2023430,2119,0.0,0.0
DTXSID2023434,2119,0.9999999999998677,1.0
DTXSID2023480,2119,0.0,0.0
DTXSID2023488,2119,0.0,0.0
DTXSID2023519,2119,5.992306213658607e-15,0.0
DTXSID2023569,2119,0.9477114955760384,1.0
DTXSID2023640,2119,0.9933329638953728,1.0
DTXSID2023642,2119,0.00859194790881335,0.0
DTXSID2023690,2119,0.0,0.0
DTXSID2023723,2119,0.0,0.0
DTXSID2023725,2119,,
DTXSID2023727,2119,,
DTXSID2023771,2119,0.0,0.0
DTXSID2023775,2119,0.0,0.0
DTXSID2023937,2119,2.608009815033141e-09,0.0
DTXSID2024030,2119,0.0,0.0
DTXSID2024038,2119,,
DTXSID2024086,2119,0.9899080989196583,1.0
DTXSID2024113,2119,,
DTXSID2024163,2119,0.011101532736588576,0.0
DTXSID2024242,2119,0.0,0.0
DTXSID2024246,2119,0.0,0.0
DTXSID2024452,2119,0.0,0.0
DTXSID2024454,2119,0.0,0.0
DTXSID2024458,2119,0.0,0.0
DTXSID2024585,2119,0.07767539089592057,0.0
DTXSID2024589,2119,,
DTXSID2024616,2119,,
DTXSID2024660,2119,0.0,0.0
DTXSID2024662,2119,,
DTXSID2024664,2119,7.106017211673911e-17,0.0
DTXSID2024666,2119,0.0,0.0
DTXSID2024747,2119,0.0,0.0
DTXSID2024791,2119,0.07102672338317587,0.0
DTXSID2024793,2119,,
DTXSID2024797,2119,0.0,0.0
DTXSID2024799,2119,0.0,0.0
DTXSID2024822,2119,0.0,0.0
DTXSID2024824,2119,0.9306905944942867,1.0
DTXSID2024878,2119,0.0,0.0
DTXSID2024953,2119,0.0,0.0
DTXSID2024955,2119,0.0,0.0
DTXSID2025004,2119,0.0,0.0
DTXSID2025006,2119,0.999366464314478,1.0
DTXSID2025050,2119,0.0,0.0
DTXSID2025058,2119,0.9999997356969272,1.0
DTXSID2025133,2119,0.9946152847312242,1.0
DTXSID2025135,2119,5.789694743398095e-12,0.0
DTXSID2025137,2119,0.0,0.0
DTXSID2025139,2119,0.9712192891005702,1.0
DTXSID2025183,2119,0.11005493425152618,0.0
DTXSID2025185,2119,1.1208537648875257e-07,0.0
DTXSID2025210,2119,,
DTXSID2025216,2119,0.0,0.0
DTXSID2025264,2119,,
DTXSID2025345,2119,0.0,0.0
DTXSID2025347,2119,0.13109150397892905,0.0
DTXSID2025391,2119,0.0,0.0
DTXSID2025395,2119,0.0,0.0
DTXSID2025422,2119,0.0,0.0
DTXSID2025424,2119,0.0,0.0
DTXSID2025474,2119,0.0,0.0
DTXSID2025478,2119,3.4974456896745764e-07,0.0
DTXSID2025501,2119,0.0,0.0
DTXSID2025503,2119,0.0,0.0
DTXSID2025505,2119,0.9999995553963077,1.0
DTXSID2025551,2119,0.9979276624694681,1.0
DTXSID2025557,2119,0.0,0.0
DTXSID2025632,2119,0.0,0.0
DTXSID2025634,2119,0.0,0.0
DTXSID2025680,2119,0.9920734732129625,1.0
DTXSID2025688,2119,0.0,0.0
DTXSID2025715,2119,0.9999032726292849,1.0
DTXSID2025761,2119,0.0,0.0
DTXSID2025763,2119,0.0,0.0
DTXSID2025765,2119,0.0,0.0
DTXSID2025840,2119,0.0,0.0
DTXSID2025842,2119,0.9999999999999983,1.0
DTXSID2025846,2119,0.0,0.0
DTXSID2025892,2119,0.9993232081431773,1.0
DTXSID2025896,2119,0.0,0.0
DTXSID2025925,2119,0.0,0.0
DTXSID2025975,2119,0.8150957120623641,0.0
DTXSID2025977,2119,1.6723605065516552e-06,0.0
DTXSID2026022,2119,0.0,0.0
DTXSID2026074,2119,0.0,0.0
DTXSID2026076,2119,0.9999910485251821,1.0
DTXSID2026101,2119,0.9999999333322671,1.0
DTXSID2026107,2119,0.999999979297698,1.0
DTXSID2026151,2119,0.0,0.0
DTXSID2026157,2119,0.0,0.0
DTXSID2026232,2119,0.9984473248936905,1.0
DTXSID2026238,2119,0.0,0.0
DTXSID2026444,2119,0.0,0.0
DTXSID2026446,2119,0.0,0.0
DTXSID2026448,2119,0.0,0.0
DTXSID2026494,2119,0.0006045763914439293,0.0
DTXSID2026496,2119,7.072190214810908e-08,0.0
DTXSID2026523,2119,4.8965379773452487e-11,0.0
DTXSID2026525,2119,0.0,0.0
DTXSID2026527,2119,0.0,0.0
DTXSID2026529,2119,5.544046277817082e-05,0.0
DTXSID2026573,2119,0.9978149575458908,1.0
DTXSID2026600,2119,,
DTXSID2026602,2119,0.0,0.0
DTXSID2026606,2119,,
DTXSID2026608,2119,,
DTXSID2026652,2119,3.511910339938237e-06,0.0
DTXSID2026739,2119,0.0,0.0
DTXSID2026781,2119,0.0,0.0
DTXSID2026783,2119,8.471181652553146e-13,0.0
DTXSID2026789,2119,0.0,0.0
DTXSID2026864,2119,0.0,0.0
DTXSID2026941,2119,,
DTXSID2026943,2119,0.0,0.0
DTXSID2026991,2119,0.0,0.0
DTXSID2026997,2119,1.083665354480803e-11,0.0
DTXSID2027044,2119,1.3600758005309166e-08,0.0
DTXSID2027048,2119,0.9745473186142216,1.0
DTXSID2027092,2119,0.0,0.0
DTXSID2027094,2119,1.4539502105987182e-06,0.0
DTXSID2027096,2119,0.0,0.0
DTXSID2027098,2119,0.0,0.0
DTXSID2027175,2119,0.0,0.0
DTXSID2027200,2119,0.0,0.0
DTXSID2027204,2119,0.0,0.0
DTXSID2027206,2119,0.0,0.0
DTXSID2027254,2119,0.0,0.0
DTXSID2027258,2119,2.486147620493106e-10,0.0
DTXSID2027333,2119,0.0,0.0
DTXSID2027412,2119,0.0,0.0
DTXSID2027414,2119,0.0,0.0
DTXSID2027416,2119,1.1047107053936084e-08,0.0
DTXSID2027418,2119,0.0,0.0
DTXSID2027462,2119,0.9992930570822709,1.0
DTXSID2027466,2119,2.1656792310421504e-07,0.0
DTXSID2027543,2119,0.0,0.0
DTXSID2027591,2119,0.0,0.0
DTXSID2027593,2119,6.228472226123444e-08,0.0
DTXSID2027595,2119,0.0,0.0
DTXSID2027599,2119,0.9411800360030873,1.0
DTXSID2027620,2119,2.9558232755145933e-12,0.0
DTXSID2027624,2119,0.0,0.0
DTXSID2027759,2119,0.0,0.0
DTXSID2027830,2119,0.0,0.0
DTXSID2027832,2119,5.190227926677331e-09,0.0
DTXSID2027834,2119,0.0,0.0
DTXSID2027884,2119,0.0,0.0
DTXSID2027886,2119,,
DTXSID2027963,2119,,
DTXSID2028010,2119,0.0,0.0
DTXSID2028016,2119,0.0,0.0
DTXSID2028723,2119,0.20011609493672283,0.0
DTXSID2028985,2119,1.5351732607363492e-12,0.0
DTXSID2029117,2119,0.00044792691154289007,0.0
DTXSID2029167,2119,0.0,0.0
DTXSID2029169,2119,0.0,0.0
DTXSID2029240,2119,0.0,0.0
DTXSID2029242,2119,0.0,0.0
DTXSID2029244,2119,7.404359000796477e-11,0.0
DTXSID2029246,2119,0.0,0.0
DTXSID2029290,2119,0.0,0.0
DTXSID2029298,2119,0.9944913499807869,1.0
DTXSID2029325,2119,0.0,0.0
DTXSID2029327,2119,,
DTXSID2029329,2119,2.475340154170351e-15,0.0
DTXSID2029612,2119,2.743126928804754e-10,0.0
DTXSID2029616,2119,0.0,0.0
DTXSID2029662,2119,0.9999984296904402,1.0
DTXSID2029668,2119,0.0,0.0
DTXSID2029874,2119,0.9953797022175013,1.0
DTXSID2030695,2119,0.020137697617832143,0.0
DTXSID2030857,2119,0.0,0.0
DTXSID2031089,2119,0.9999835335154154,1.0
DTXSID2031374,2119,0.0,0.0
DTXSID2031532,2119,0.0,0.0
DTXSID2031956,2119,0.0,0.0
DTXSID2032005,2119,0.9999999990642877,1.0
DTXSID2032180,2119,0.0,0.0
DTXSID2032342,2119,0.9952277984311058,1.0
DTXSID2032344,2119,2.379843957455333e-10,0.0
DTXSID2032348,2119,0.9999999999998882,1.0
DTXSID2032390,2119,0.9999999915623146,1.0
DTXSID2032392,2119,0.9982952203531272,1.0
DTXSID2032398,2119,0.9999999998104468,1.0
DTXSID2032421,2119,,
DTXSID2032500,2119,0.999999778177375,1.0
DTXSID2032550,2119,0.9999862072843803,1.0
DTXSID2032552,2119,0.9967604259053967,1.0
DTXSID2032554,2119,0.0,0.0
DTXSID2032556,2119,0.0,0.0
DTXSID2032558,2119,0.9999997868839046,1.0
DTXSID2032631,2119,0.0,0.0
DTXSID2032637,2119,0.0,0.0
DTXSID2032639,2119,,
DTXSID2032683,2119,0.7266206395462679,0.0
DTXSID2032891,2119,0.0,0.0
DTXSID2033281,2119,0.9999999999999922,1.0
DTXSID2033314,2119,0.9999813649736535,1.0
DTXSID2033445,2119,0.1644709906471214,0.0
DTXSID2033447,2119,0.0,0.0
DTXSID2033493,2119,0.0,0.0
DTXSID2033736,2119,0.9999999998678816,1.0
DTXSID2033863,2119,0.0,0.0
DTXSID2034091,2119,0.0,0.0
DTXSID2034095,2119,0.9787158666086058,1.0
DTXSID2034255,2119,0.0,0.0
DTXSID2034259,2119,0.0,0.0
DTXSID2034338,2119,0.0,0.0
DTXSID2034382,2119,0.0,0.0
DTXSID2034465,2119,0.0,0.0
DTXSID2034540,2119,0.0,0.0
DTXSID2034542,2119,0.0,0.0
DTXSID2034590,2119,0.9999996708855838,1.0
DTXSID2034598,2119,0.9996585934953726,1.0
DTXSID2034625,2119,0.9999999996860394,1.0
DTXSID2034627,2119,0.0,0.0
DTXSID2034673,2119,,
DTXSID2034700,2119,,
DTXSID2034833,2119,0.0,0.0
DTXSID2034881,2119,0.999999834747301,1.0
DTXSID2034885,2119,0.9732674341114188,1.0
DTXSID2034962,2119,0.0,0.0
DTXSID2034968,2119,2.3335785386483172e-09,0.0
DTXSID2035013,2119,,
DTXSID2035481,2119,0.0,0.0
DTXSID2036112,2119,0.9996652605697184,1.0
DTXSID2036299,2119,,
DTXSID2036588,2119,0.9999979346943514,1.0
DTXSID2036827,2119,0.07698025728492416,0.0
DTXSID2037502,2119,0.9998493066880659,1.0
DTXSID2037508,2119,0.0,0.0
DTXSID2037712,2119,1.0,1.0
DTXSID2037714,2119,0.974566922021927,1.0
DTXSID2038732,2119,0.0,0.0
DTXSID2038788,2119,0.0,0.0
DTXSID2038813,2119,0.0,0.0
DTXSID2039336,2119,0.9978142185438974,1.0
DTXSID2040151,2119,0.0,0.0
DTXSID2040234,2119,2.4506553274761706e-17,0.0
DTXSID2040236,2119,0.0,0.0
DTXSID2040284,2119,0.0,0.0
DTXSID2040361,2119,0.0,0.0
DTXSID2040363,2119,0.9999934187682845,1.0
DTXSID2040608,2119,0.0,0.0
DTXSID2040652,2119,0.0,0.0
DTXSID2040656,2119,0.0,0.0
DTXSID2040731,2119,2.3103812500683493e-18,0.0
DTXSID2040733,2119,1.0,1.0
DTXSID2040735,2119,0.0,0.0
DTXSID2040739,2119,,
DTXSID2040787,2119,0.9999972235438629,1.0
DTXSID2041125,2119,0.0,0.0
DTXSID2041200,2119,0.0,0.0
DTXSID2041206,2119,0.0,0.0
DTXSID2041208,2119,0.3896900013051274,0.0
DTXSID2041250,2119,,
DTXSID2041252,2119,0.9936893736911697,1.0
DTXSID2041256,2119,0.0,0.0
DTXSID2041389,2119,,
DTXSID2041412,2119,,
DTXSID2041416,2119,,
DTXSID2041418,2119,0.0,0.0
DTXSID2041460,2119,0.0,0.0
DTXSID2041464,2119,0.0,0.0
DTXSID2041468,2119,7.880057814060528e-10,0.0
DTXSID2041541,2119,0.0,0.0
DTXSID2041545,2119,0.0,0.0
DTXSID2041547,2119,0.0,0.0
DTXSID2041622,2119,0.998907114982007,1.0
DTXSID2041626,2119,,
DTXSID2041672,2119,0.0,0.0
DTXSID2041674,2119,0.0,0.0
DTXSID2041703,2119,0.0,0.0
DTXSID2041709,2119,0.0,0.0
DTXSID2041759,2119,0.9999655907121289,1.0
DTXSID2041880,2119,0.0,0.0
DTXSID2041884,2119,9.185461258327129e-15,0.0
DTXSID2041886,2119,,
DTXSID2041913,2119,0.006596761594330521,0.0
DTXSID2041917,2119,4.342954194953585e-14,0.0
DTXSID2042014,2119,0.0,0.0
DTXSID2042060,2119,0.0,0.0
DTXSID2042062,2119,0.0,0.0
DTXSID2042143,2119,0.0,0.0
DTXSID2042145,2119,,
DTXSID2042149,2119,0.0,0.0
DTXSID2042191,2119,0.0,0.0
DTXSID2042195,2119,8.611956249335178e-13,0.0
DTXSID2042199,2119,0.0,0.0
DTXSID2042220,2119,0.9981852084936287,1.0
DTXSID2042276,2119,,
DTXSID2042436,2119,0.0,0.0
DTXSID2042517,2119,0.0,0.0
DTXSID2043747,2119,0.0,0.0
DTXSID2043874,2119,0.0,0.0
DTXSID2043903,2119,0.0,0.0
DTXSID2044000,2119,0.9999999727774305,1.0
DTXSID2044002,2119,0.9992206046936121,1.0
DTXSID2044131,2119,0.0,0.0
DTXSID2044137,2119,0.0,0.0
DTXSID2044210,2119,0.0,0.0
DTXSID2044218,2119,,
DTXSID2044266,2119,0.9998732631086715,1.0
DTXSID2044268,2119,0.28200279623504976,0.0
DTXSID2044347,2119,0.0,0.0
DTXSID2044391,2119,,
DTXSID2044393,2119,0.0005606640601230136,0.0
DTXSID2044395,2119,0.0,0.0
DTXSID2044397,2119,0.0,0.0
DTXSID2044399,2119,,
DTXSID2044420,2119,0.0,0.0
DTXSID2044422,2119,0.0,0.0
DTXSID2044424,2119,0.0,0.0
DTXSID2044428,2119,0.0,0.0
DTXSID2044470,2119,,
DTXSID2044472,2119,0.0,0.0
DTXSID2044476,2119,0.0,0.0
DTXSID2044503,2119,0.0,0.0
DTXSID2044507,2119,0.9999999999854162,1.0
DTXSID2044509,2119,0.7861738219781756,0.0
DTXSID2044553,2119,0.0,0.0
DTXSID2044559,2119,,
DTXSID2044632,2119,2.65548569253578e-12,0.0
DTXSID2044638,2119,0.0,0.0
DTXSID2044680,2119,0.0,0.0
DTXSID2044682,2119,0.0,0.0
DTXSID2044684,2119,0.0,0.0
DTXSID2044686,2119,0.0,0.0
DTXSID2044713,2119,0.0,0.0
DTXSID2044715,2119,0.0,0.0
DTXSID2044717,2119,,
DTXSID2044719,2119,,
DTXSID2044763,2119,0.0,0.0
DTXSID2044765,2119,0.0,0.0
DTXSID2044767,2119,0.0,0.0
DTXSID2044769,2119,1.0947215092718112e-13,0.0
DTXSID2044840,2119,,
DTXSID2044842,2119,0.0,0.0
DTXSID2044844,2119,3.5935187355299784e-12,0.0
DTXSID2044846,2119,0.0,0.0
DTXSID2044848,2119,,
DTXSID2044890,2119,0.9998040902975276,1.0
DTXSID2044892,2119,0.0,0.0
DTXSID2044894,2119,0.0,0.0
DTXSID2044896,2119,0.0,0.0
DTXSID2044898,2119,3.863828408223078e-06,0.0
DTXSID2044921,2119,0.0,0.0
DTXSID2044923,2119,0.7985699005004578,0.0
DTXSID2044925,2119,,
DTXSID2044927,2119,1.0323515515808835e-16,0.0
DTXSID2044929,2119,0.0,0.0
DTXSID2044971,2119,0.9999992496715824,1.0
DTXSID2044973,2119,0.0,0.0
DTXSID2044975,2119,0.0,0.0
DTXSID2044979,2119,0.0,0.0
DTXSID2045072,2119,0.0,0.0
DTXSID2045076,2119,0.9999082774516515,1.0
DTXSID2045105,2119,0.9999643747768376,1.0
DTXSID2045107,2119,0.0,0.0
DTXSID2045151,2119,0.0,0.0
DTXSID2045153,2119,0.0,0.0
DTXSID2045157,2119,0.0,0.0
DTXSID2045232,2119,0.999999999826331,1.0
DTXSID2045238,2119,0.0,0.0
DTXSID2045280,2119,0.0002842919132711296,0.0
DTXSID2045315,2119,0.9999831820380557,1.0
DTXSID2045361,2119,0.0,0.0
DTXSID2045365,2119,6.504776331530834e-05,0.0
DTXSID2045440,2119,0.0,0.0
DTXSID2045444,2119,0.0,0.0
DTXSID2045448,2119,0.9961682975012274,1.0
DTXSID2045490,2119,0.9995683294859464,1.0
DTXSID2045492,2119,0.0,0.0
DTXSID2045496,2119,0.0,0.0
DTXSID2045521,2119,,
DTXSID2045523,2119,0.0,0.0
DTXSID2045527,2119,0.0,0.0
DTXSID2045575,2119,0.0,0.0
DTXSID2045600,2119,,
DTXSID2045652,2119,,
DTXSID2045654,2119,1.419852584601761e-16,0.0
DTXSID2045656,2119,0.9483945487853,1.0
DTXSID2045735,2119,0.0,0.0
DTXSID2045781,2119,0.997527501863111,1.0
DTXSID2045783,2119,0.0,0.0
DTXSID2045810,2119,0.9965464542597948,1.0
DTXSID2045812,2119,0.0,0.0
DTXSID2045860,2119,0.9999997862966122,1.0
DTXSID2045862,2119,0.0,0.0
DTXSID2045864,2119,0.0,0.0
DTXSID2045868,2119,0.0,0.0
DTXSID2045941,2119,0.0,0.0
DTXSID2045943,2119,0.999999966507739,1.0
DTXSID2045945,2119,0.9989007961214537,1.0
DTXSID2045993,2119,0.0,0.0
DTXSID2046042,2119,0.05090895459584429,0.0
DTXSID2046090,2119,0.0,0.0
DTXSID2046092,2119,0.9999999999964837,1.0
DTXSID2046094,2119,0.0,0.0
DTXSID2046096,2119,,
DTXSID2046123,2119,0.9908496017355797,1.0
DTXSID2046127,2119,0.0,0.0
DTXSID2046179,2119,8.967720443776455e-16,0.0
DTXSID2046200,2119,0.0,0.0
DTXSID2046383,2119,0.0,0.0
DTXSID2046385,2119,0.0,0.0
DTXSID2046389,2119,0.0,0.0
DTXSID2046410,2119,0.0,0.0
DTXSID2046412,2119,0.0,0.0
DTXSID2046414,2119,0.0,0.0
DTXSID2046418,2119,,
DTXSID2046460,2119,9.935300651861077e-06,0.0
DTXSID2046464,2119,,
DTXSID2046468,2119,8.913274069703686e-17,0.0
DTXSID2046541,2119,0.0,0.0
DTXSID2046543,2119,0.0,0.0
DTXSID2046545,2119,0.9999999999998932,1.0
DTXSID2046591,2119,0.9999998921490226,1.0
DTXSID2046599,2119,,
DTXSID2046628,2119,3.863009849773581e-15,0.0
DTXSID2046670,2119,0.0,0.0
DTXSID2046678,2119,0.0,0.0
DTXSID2046705,2119,0.0,0.0
DTXSID2046755,2119,0.9999988723237168,1.0
DTXSID2046882,2119,0.0,0.0
DTXSID2046888,2119,0.0,0.0
DTXSID2046911,2119,0.0,0.0
DTXSID2046919,2119,0.9999914760756086,1.0
DTXSID2047060,2119,0.0,0.0
DTXSID2047062,2119,0.0,0.0
DTXSID2047064,2119,0.0,0.0
DTXSID2047066,2119,0.0,0.0
DTXSID2047068,2119,0.0,0.0
DTXSID2047141,2119,0.0,0.0
DTXSID2047145,2119,0.0,0.0
DTXSID2047149,2119,0.0,0.0
DTXSID2047191,2119,0.05114902297594459,0.0
DTXSID2047193,2119,0.015806987250070934,0.0
DTXSID2047195,2119,5.9091923276079556e-09,0.0
DTXSID2047197,2119,0.0,0.0
DTXSID2047199,2119,0.0,0.0
DTXSID2047222,2119,0.0,0.0
DTXSID2047270,2119,0.9774132649644535,1.0
DTXSID2047272,2119,0.99999999996694,1.0
DTXSID2047274,2119,0.0,0.0
DTXSID2047276,2119,0.0,0.0
DTXSID2047278,2119,0.007721344822770723,0.0
DTXSID2047301,2119,0.0,0.0
DTXSID2047303,2119,0.9943372151340087,1.0
DTXSID2047305,2119,0.0,0.0
DTXSID2047307,2119,0.9999909670175076,1.0
DTXSID2047309,2119,0.0,0.0
DTXSID2047351,2119,0.9999999986869745,1.0
DTXSID2047353,2119,0.9991609560144121,1.0
DTXSID2047355,2119,0.9986484567520557,1.0
DTXSID2047357,2119,0.999999999999894,1.0
DTXSID2047359,2119,0.0,0.0
DTXSID2047434,2119,0.0,0.0
DTXSID2047436,2119,0.0,0.0
DTXSID2047484,2119,0.0,0.0
DTXSID2047486,2119,0.0,0.0
DTXSID2047511,2119,0.0,0.0
DTXSID2047517,2119,0.0,0.0
DTXSID2047519,2119,0.0,0.0
DTXSID2047565,2119,,
DTXSID2047567,2119,0.0,0.0
DTXSID2047569,2119,0.9999990977583909,1.0
DTXSID2047642,2119,3.4265122876931497e-12,0.0
DTXSID2047644,2119,,
DTXSID2047646,2119,,
DTXSID2047648,2119,2.2750896751912472e-17,0.0
DTXSID2047694,2119,0.9840745240578292,1.0
DTXSID2047696,2119,0.0,0.0
DTXSID2047721,2119,0.0,0.0
DTXSID2047723,2119,1.1440287561391743e-08,0.0
DTXSID2047725,2119,0.0,0.0
DTXSID2047727,2119,,
DTXSID2047773,2119,1.882687669923566e-07,0.0
DTXSID2047775,2119,0.0,0.0
DTXSID2047777,2119,4.393273388955209e-05,0.0
DTXSID2047779,2119,0.9988878379688271,1.0
DTXSID2047804,2119,0.0,0.0
DTXSID2047806,2119,0.0,0.0
DTXSID2047856,2119,6.276047942386226e-06,0.0
DTXSID2047858,2119,6.18121376438365e-11,0.0
DTXSID2047931,2119,0.0,0.0
DTXSID2047933,2119,0.0,0.0
DTXSID2047935,2119,0.0,0.0
DTXSID2047937,2119,2.8977634005623878e-08,0.0
DTXSID2047939,2119,0.0,0.0
DTXSID2048161,2119,0.9999999704463884,1.0
DTXSID2048167,2119,0.0,0.0
DTXSID2048379,2119,1.0644822812487661e-12,0.0
DTXSID2048581,2119,0.0,0.0
DTXSID2048616,2119,0.0,0.0
DTXSID2048618,2119,0.0,0.0
DTXSID2048660,2119,0.0,0.0
DTXSID2048662,2119,0.0,0.0
DTXSID2048666,2119,0.9975059504178289,1.0
DTXSID2048745,2119,0.0,0.0
DTXSID2048791,2119,0.0,0.0
DTXSID2048793,2119,,
DTXSID2048795,2119,0.7147467705334783,0.0
DTXSID2048797,2119,4.0960297246943775e-05,0.0
DTXSID2048799,2119,0.0,0.0
DTXSID2048820,2119,0.9936717137254659,1.0
DTXSID2048822,2119,0.0,0.0
DTXSID2048826,2119,0.0,0.0
DTXSID2048828,2119,0.0,0.0
DTXSID2048870,2119,0.0,0.0
DTXSID2048872,2119,0.0,0.0
DTXSID2048901,2119,0.6899110075351533,0.0
DTXSID2048905,2119,0.9997938948962589,1.0
DTXSID2048907,2119,0.0,0.0
DTXSID2048957,2119,0.9999981485302664,1.0
DTXSID2048959,2119,0.0,0.0
DTXSID2049002,2119,0.0,0.0
DTXSID2049006,2119,0.0,0.0
DTXSID2049050,2119,0.9998479647384932,1.0
DTXSID2049052,2119,0.0,0.0
DTXSID2049135,2119,1.878181502479532e-06,0.0
DTXSID2049210,2119,0.9999999980924168,1.0
DTXSID2049212,2119,0.0,0.0
DTXSID2049214,2119,0.0,0.0
DTXSID2049216,2119,0.7589290711520102,0.0
DTXSID2049218,2119,1.0277660740870807e-09,0.0
DTXSID2049260,2119,1.0,1.0
DTXSID2049262,2119,0.985255135869447,1.0
DTXSID2049264,2119,,
DTXSID2049266,2119,0.0,0.0
DTXSID2049268,2119,0.5928547828135865,0.0
DTXSID2049341,2119,,
DTXSID2049343,2119,,
DTXSID2049345,2119,2.3441467412376723e-10,0.0
DTXSID2049347,2119,0.0,0.0
DTXSID2049349,2119,0.0,0.0
DTXSID2049391,2119,0.99922000705706,1.0
DTXSID2049393,2119,0.0,0.0
DTXSID2049395,2119,0.0,0.0
DTXSID2049397,2119,,
DTXSID2049399,2119,0.0,0.0
DTXSID2049420,2119,,
DTXSID2049422,2119,0.0,0.0
DTXSID2049424,2119,0.0,0.0
DTXSID2049426,2119,0.0,0.0
DTXSID2049428,2119,0.0003911988931894657,0.0
DTXSID2049470,2119,0.0,0.0
DTXSID2049472,2119,0.0,0.0
DTXSID2049474,2119,0.0,0.0
DTXSID2049476,2119,0.0,0.0
DTXSID2049478,2119,0.0,0.0
DTXSID2049501,2119,0.0,0.0
DTXSID2049503,2119,0.0,0.0
DTXSID2049505,2119,0.0,0.0
DTXSID2049507,2119,0.0,0.0
DTXSID2049509,2119,0.0,0.0
DTXSID2049551,2119,4.850271830763622e-05,0.0
DTXSID2049553,2119,5.339689355933976e-06,0.0
DTXSID2049555,2119,0.0,0.0
DTXSID2049557,2119,0.0,0.0
DTXSID2049559,2119,,
DTXSID2050403,2119,0.0,0.0
DTXSID2051477,2119,0.0,0.0
DTXSID2051631,2119,0.0,0.0
DTXSID2051687,2119,2.8456708067714107e-07,0.0
DTXSID2051716,2119,0.0,0.0
DTXSID2051764,2119,1.8115414180110493e-07,0.0
DTXSID2051895,2119,0.0,0.0
DTXSID2052281,2119,1.5519098647183123e-08,0.0
DTXSID2052283,2119,0.0,0.0
DTXSID2052289,2119,0.0,0.0
DTXSID2052310,2119,2.5115724503221157e-17,0.0
DTXSID2052447,2119,0.013925610151686663,0.0
DTXSID2052574,2119,0.9999999267812573,1.0
DTXSID2052603,2119,5.240610477580461e-07,0.0
DTXSID2052607,2119,5.530860163429752e-10,0.0
DTXSID2057601,2119,0.0,0.0
DTXSID2057603,2119,0.0,0.0
DTXSID2057607,2119,1.2351481687713445e-09,0.0
DTXSID2057609,2119,0.0,0.0
DTXSID2057651,2119,0.0009923131312524584,0.0
DTXSID2057653,2119,0.0035248746256103638,0.0
DTXSID2057655,2119,,
DTXSID2057657,2119,0.0,0.0
DTXSID2057659,2119,0.0,0.0
DTXSID2057730,2119,0.0,0.0
DTXSID2057732,2119,1.4127618358067663e-11,0.0
DTXSID2057734,2119,0.0,0.0
DTXSID2057736,2119,0.0,0.0
DTXSID2057738,2119,0.0,0.0
DTXSID2057780,2119,3.55732456546004e-17,0.0
DTXSID2057782,2119,0.0,0.0
DTXSID2057784,2119,4.884070252439631e-09,0.0
DTXSID2057786,2119,1.9679012658468836e-09,0.0
DTXSID2057788,2119,0.0,0.0
DTXSID2057811,2119,0.0,0.0
DTXSID2057813,2119,0.0,0.0
DTXSID2057815,2119,0.9995097535330751,1.0
DTXSID2057817,2119,4.2019179438742735e-06,0.0
DTXSID2057819,2119,0.0,0.0
DTXSID3020043,2119,3.495239517434264e-16,0.0
DTXSID3020047,2119,0.0,0.0
DTXSID3020091,2119,0.0,0.0
DTXSID3020093,2119,0.06416069497828686,0.0
DTXSID3020095,2119,0.0,0.0
DTXSID3020097,2119,1.2710196089908525e-05,0.0
DTXSID3020099,2119,0.9999999999999201,1.0
DTXSID3020120,2119,0.9999999844271331,1.0
DTXSID3020122,2119,0.9998665448822138,1.0
DTXSID3020128,2119,0.0,0.0
DTXSID3020205,2119,0.9999999967550146,1.0
DTXSID3020207,2119,0.9999678987825109,1.0
DTXSID3020209,2119,0.9999998752194567,1.0
DTXSID3020257,2119,0.73355960639124,0.0
DTXSID3020330,2119,0.9999423011531539,1.0
DTXSID3020332,2119,0.0,0.0
DTXSID3020336,2119,0.0,0.0
DTXSID3020380,2119,1.1913245191708575e-15,0.0
DTXSID3020384,2119,0.0,0.0
DTXSID3020413,2119,0.0,0.0
DTXSID3020415,2119,0.0,0.0
DTXSID3020419,2119,1.0,1.0
DTXSID3020463,2119,0.0,0.0
DTXSID3020465,2119,0.990212332236541,1.0
DTXSID3020540,2119,0.003200482206315847,0.0
DTXSID3020546,2119,0.0,0.0
DTXSID3020548,2119,0.0,0.0
DTXSID3020596,2119,0.0,0.0
DTXSID3020598,2119,0.0,0.0
DTXSID3020621,2119,0.9979319469814185,1.0
DTXSID3020625,2119,0.7884957222301177,0.0
DTXSID3020627,2119,0.0,0.0
DTXSID3020629,2119,0.8373991588507194,0.0
DTXSID3020671,2119,5.977612328808568e-07,0.0
DTXSID3020673,2119,0.0,0.0
DTXSID3020679,2119,0.9950220804930135,1.0
DTXSID3020704,2119,0.0025505468530346844,0.0
DTXSID3020706,2119,0.0004097263476389313,0.0
DTXSID3020708,2119,0.0,0.0
DTXSID3020750,2119,0.0,0.0
DTXSID3020752,2119,0.0,0.0
DTXSID3020756,2119,0.0,0.0
DTXSID3020833,2119,0.0,0.0
DTXSID3020835,2119,0.0,0.0
DTXSID3020881,2119,0.0,0.0
DTXSID3020887,2119,0.0,0.0
DTXSID3020889,2119,8.915202769066954e-14,0.0
DTXSID3020910,2119,0.0,0.0
DTXSID3020912,2119,0.0,0.0
DTXSID3020914,2119,0.0,0.0
DTXSID3020916,2119,0.0,0.0
DTXSID3020918,2119,,
DTXSID3020960,2119,,
DTXSID3020962,2119,0.0,0.0
DTXSID3020964,2119,1.6079431975519345e-07,0.0
DTXSID3020966,2119,0.0,0.0
DTXSID3021065,2119,0.0,0.0
DTXSID3021140,2119,0.0,0.0
DTXSID3021142,2119,2.2585793405754078e-08,0.0
DTXSID3021144,2119,0.0,0.0
DTXSID3021148,2119,0.9999999110360356,1.0
DTXSID3021190,2119,0.0,0.0
DTXSID3021192,2119,0.9999976723167426,1.0
DTXSID3021196,2119,9.18041400521167e-08,0.0
DTXSID3021198,2119,0.9984578380271624,1.0
DTXSID3021221,2119,0.0,0.0
DTXSID3021223,2119,4.611103115694539e-07,0.0
DTXSID3021275,2119,1.0,1.0
DTXSID3021277,2119,,
DTXSID3021304,2119,0.2636414467625397,0.0
DTXSID3021354,2119,0.0,0.0
DTXSID3021356,2119,,
DTXSID3021358,2119,0.35369741764873974,0.0
DTXSID3021431,2119,0.0,0.0
DTXSID3021437,2119,0.0,0.0
DTXSID3021483,2119,0.7122021369017203,0.0
DTXSID3021485,2119,0.0,0.0
DTXSID3021487,2119,0.0,0.0
DTXSID3021516,2119,,
DTXSID3021518,2119,0.16758625093046978,0.0
DTXSID3021562,2119,0.2674936768290419,0.0
DTXSID3021641,2119,0.0,0.0
DTXSID3021643,2119,0.0,0.0
DTXSID3021645,2119,1.2237178038639947e-13,0.0
DTXSID3021647,2119,0.0,0.0
DTXSID3021726,2119,0.0,0.0
DTXSID3021770,2119,0.9999999999700079,1.0
DTXSID3021772,2119,3.490544292968483e-05,0.0
DTXSID3021774,2119,6.303543478548718e-12,0.0
DTXSID3021778,2119,0.999980512529368,1.0
DTXSID3021801,2119,0.0,0.0
DTXSID3021803,2119,2.590460244804955e-12,0.0
DTXSID3021805,2119,0.999574428417302,1.0
DTXSID3021807,2119,,
DTXSID3021851,2119,,
DTXSID3021853,2119,0.0,0.0
DTXSID3021930,2119,0.0,0.0
DTXSID3021932,2119,0.0,0.0
DTXSID3021936,2119,,
DTXSID3021938,2119,0.0,0.0
DTXSID3021980,2119,0.0,0.0
DTXSID3021982,2119,,
DTXSID3021984,2119,7.267941840219784e-07,0.0
DTXSID3021986,2119,0.00018503048994545553,0.0
DTXSID3021988,2119,0.0,0.0
DTXSID3022035,2119,0.0,0.0
DTXSID3022085,2119,0.0,0.0
DTXSID3022089,2119,0.0,0.0
DTXSID3022160,2119,0.9999999999990817,1.0
DTXSID3022162,2119,0.9975000255094861,1.0
DTXSID3022164,2119,,
DTXSID3022247,2119,0.0,0.0
DTXSID3022320,2119,1.0,1.0
DTXSID3022326,2119,3.105774342685659e-13,0.0
DTXSID3022370,2119,0.9999998307577569,1.0
DTXSID3022403,2119,0.9958409130217899,1.0
DTXSID3022405,2119,4.234899085726259e-06,0.0
DTXSID3022409,2119,0.0,0.0
DTXSID3022455,2119,0.0,0.0
DTXSID3022536,2119,0.9999999999999728,1.0
DTXSID3022582,2119,0.0,0.0
DTXSID3022584,2119,0.0,0.0
DTXSID3022586,2119,1.389659797170848e-10,0.0
DTXSID3022588,2119,,
DTXSID3022611,2119,0.0,0.0
DTXSID3022617,2119,3.057380368846491e-09,0.0
DTXSID3022663,2119,0.9996063580135065,1.0
DTXSID3022667,2119,0.0015442882455356213,0.0
DTXSID3022748,2119,0.0,0.0
DTXSID3022798,2119,0.0,0.0
DTXSID3022821,2119,0.999699971805542,1.0
DTXSID3022825,2119,0.9812967722760315,1.0
DTXSID3022829,2119,0.0,0.0
DTXSID3022871,2119,0.0,0.0
DTXSID3022877,2119,0.0,0.0
DTXSID3022904,2119,0.0,0.0
DTXSID3022906,2119,0.0,0.0
DTXSID3022950,2119,0.0,0.0
DTXSID3022956,2119,0.9999999917969163,1.0
DTXSID3022958,2119,0.3403011853714012,0.0
DTXSID3023007,2119,,
DTXSID3023051,2119,0.9996820959653583,1.0
DTXSID3023057,2119,0.9960079298533976,1.0
DTXSID3023059,2119,0.0,0.0
DTXSID3023132,2119,,
DTXSID3023180,2119,0.9999998518140141,1.0
DTXSID3023188,2119,0.0230231787529729,0.0
DTXSID3023261,2119,0.0,0.0
DTXSID3023265,2119,0.9745141654689432,1.0
DTXSID3023269,2119,0.0,0.0
DTXSID3023340,2119,0.9999999999999947,1.0
DTXSID3023342,2119,0.0,0.0
DTXSID3023425,2119,0.9988060205136703,1.0
DTXSID3023427,2119,0.0,0.0
DTXSID3023471,2119,0.0,0.0
DTXSID3023479,2119,0.0,0.0
DTXSID3023502,2119,0.2837285272657913,0.0
DTXSID3023508,2119,1.1759421266558425e-05,0.0
DTXSID3023550,2119,1.0,1.0
DTXSID3023556,2119,0.9997548235872551,1.0
DTXSID3023685,2119,0.9999999950223184,1.0
DTXSID3023687,2119,0.0,0.0
DTXSID3023712,2119,1.5717969628680554e-16,0.0
DTXSID3023716,2119,0.0,0.0
DTXSID3023718,2119,,
DTXSID3023764,2119,0.0,0.0
DTXSID3023845,2119,0.0,0.0
DTXSID3023897,2119,1.59693313387031e-06,0.0
DTXSID3023899,2119,0.0,0.0
DTXSID3023974,2119,0.0,0.0
DTXSID3024077,2119,0.0,0.0
DTXSID3024100,2119,1.3808380243021696e-13,0.0
DTXSID3024102,2119,0.0,0.0
DTXSID3024104,2119,0.0,0.0
DTXSID3024108,2119,0.9631232512723384,1.0
DTXSID3024152,2119,0.0,0.0
DTXSID3024154,2119,0.596884190282008,0.0
DTXSID3024235,2119,0.9982565174729021,1.0
DTXSID3024239,2119,0.9978029749086285,1.0
DTXSID3024287,2119,0.0,0.0
DTXSID3024289,2119,0.0,0.0
DTXSID3024316,2119,0.0,0.0
DTXSID3024318,2119,0.9819616008510915,1.0
DTXSID3024362,2119,0.0,0.0
DTXSID3024366,2119,0.0,0.0
DTXSID3024368,2119,0.0,0.0
DTXSID3024441,2119,0.0,0.0
DTXSID3024447,2119,0.0,0.0
DTXSID3024449,2119,0.6044741924548787,0.0
DTXSID3024491,2119,0.0,0.0
DTXSID3024497,2119,6.06813514750491e-07,0.0
DTXSID3024499,2119,0.9999998551749353,1.0
DTXSID3024522,2119,0.0,0.0
DTXSID3024528,2119,2.5161121506082785e-05,0.0
DTXSID3024574,2119,,
DTXSID3024603,2119,0.0,0.0
DTXSID3024657,2119,0.0,0.0
DTXSID3024659,2119,0.0,0.0
DTXSID3024736,2119,0.00012702921370056592,0.0
DTXSID3024738,2119,8.473696697976385e-17,0.0
DTXSID3024780,2119,0.0,0.0
DTXSID3024786,2119,0.0,0.0
DTXSID3024815,2119,0.0,0.0
DTXSID3024861,2119,0.9999816956057961,1.0
DTXSID3024869,2119,0.0,0.0
DTXSID3024940,2119,0.0,0.0
DTXSID3024942,2119,0.0,0.0
DTXSID3024944,2119,0.9998329809926549,1.0
DTXSID3024994,2119,0.0,0.0
DTXSID3024998,2119,0.0,0.0
DTXSID3025041,2119,0.0,0.0
DTXSID3025045,2119,0.9999997429678794,1.0
DTXSID3025047,2119,,
DTXSID3025049,2119,0.0,0.0
DTXSID3025091,2119,0.00307936010241417,0.0
DTXSID3025093,2119,1.0812051596416254e-09,0.0
DTXSID3025122,2119,0.0,0.0
DTXSID3025170,2119,0.0,0.0
DTXSID3025178,2119,0.07526974865613967,0.0
DTXSID3025203,2119,0.6690128644922755,0.0
DTXSID3025209,2119,0.9944415436376735,1.0
DTXSID3025253,2119,0.9999999889609371,1.0
DTXSID3025257,2119,0.9999999974040948,1.0
DTXSID3025330,2119,0.0,0.0
DTXSID3025332,2119,0.0,0.0
DTXSID3025338,2119,0.0,0.0
DTXSID3025461,2119,0.9999999999998992,1.0
DTXSID3025465,2119,0.9971416754404189,1.0
DTXSID3025469,2119,0.0,0.0
DTXSID3025540,2119,1.0,1.0
DTXSID3025542,2119,0.0,0.0
DTXSID3025590,2119,0.0,0.0
DTXSID3025629,2119,1.1184741839622142e-06,0.0
DTXSID3025671,2119,0.0,0.0
DTXSID3025706,2119,0.0,0.0
DTXSID3025758,2119,0.0,0.0
DTXSID3025839,2119,0.0,0.0
DTXSID3025881,2119,0.5858270178089531,0.0
DTXSID3025889,2119,0.0,0.0
DTXSID3026065,2119,,
DTXSID3026067,2119,0.0,0.0
DTXSID3026148,2119,2.476099287308337e-16,0.0
DTXSID3026190,2119,0.9998557364021858,1.0
DTXSID3026223,2119,0.0,0.0
DTXSID3026275,2119,0.0,0.0
DTXSID3026279,2119,3.923297875262216e-06,0.0
DTXSID3026302,2119,0.0,0.0
DTXSID3026304,2119,0.0,0.0
DTXSID3026306,2119,0.0,0.0
DTXSID3026308,2119,0.0,0.0
DTXSID3026512,2119,0.0,0.0
DTXSID3026514,2119,0.0,0.0
DTXSID3026516,2119,0.0,0.0
DTXSID3026560,2119,0.0,0.0
DTXSID3026562,2119,9.992103595830742e-20,0.0
DTXSID3026564,2119,0.0,0.0
DTXSID3026566,2119,0.0,0.0
DTXSID3026641,2119,0.0,0.0
DTXSID3026645,2119,0.0,0.0
DTXSID3026647,2119,1.5946235435577548e-12,0.0
DTXSID3026691,2119,2.48121705671197e-05,0.0
DTXSID3026697,2119,0.9999999999998093,1.0
DTXSID3026724,2119,0.11844330162565926,0.0
DTXSID3026726,2119,0.0,0.0
DTXSID3026728,2119,0.0,0.0
DTXSID3026851,2119,0.0,0.0
DTXSID3026932,2119,0.0,0.0
DTXSID3026984,2119,0.0,0.0
DTXSID3027037,2119,,
DTXSID3027039,2119,0.0,0.0
DTXSID3027085,2119,0.0,0.0
DTXSID3027116,2119,0.13895003483703666,0.0
DTXSID3027241,2119,0.0,0.0
DTXSID3027247,2119,0.0,0.0
DTXSID3027249,2119,0.0,0.0
DTXSID3027291,2119,0.0,0.0
DTXSID3027293,2119,0.9986278625192455,1.0
DTXSID3027295,2119,,
DTXSID3027297,2119,0.0,0.0
DTXSID3027320,2119,0.0,0.0
DTXSID3027322,2119,0.0,0.0
DTXSID3027328,2119,0.0,0.0
DTXSID3027370,2119,0.0,0.0
DTXSID3027401,2119,0.0,0.0
DTXSID3027403,2119,1.0,1.0
DTXSID3027405,2119,,
DTXSID3027407,2119,0.0,0.0
DTXSID3027530,2119,0.0,0.0
DTXSID3027534,2119,0.0,0.0
DTXSID3027536,2119,,
DTXSID3027580,2119,0.0,0.0
DTXSID3027584,2119,0.0,0.0
DTXSID3027586,2119,0.0,0.0
DTXSID3027588,2119,0.0,0.0
DTXSID3027615,2119,0.0,0.0
DTXSID3027617,2119,0.0,0.0
DTXSID3027740,2119,0.9999998390439471,1.0
DTXSID3027790,2119,0.0,0.0
DTXSID3027792,2119,0.46940279349030933,0.0
DTXSID3027798,2119,3.633429341832028e-10,0.0
DTXSID3027823,2119,0.0,0.0
DTXSID3027829,2119,0.0,0.0
DTXSID3027875,2119,0.017660112101822802,0.0
DTXSID3027877,2119,0.017696157162382653,0.0
DTXSID3027902,2119,0.0,0.0
DTXSID3027950,2119,0.9999999999979214,1.0
DTXSID3028001,2119,0.0,0.0
DTXSID3028005,2119,0.0,0.0
DTXSID3029108,2119,3.719683657944242e-05,0.0
DTXSID3029150,2119,8.722921779661865e-10,0.0
DTXSID3029152,2119,9.580699722745769e-06,0.0
DTXSID3029154,2119,0.0,0.0
DTXSID3029158,2119,0.0,0.0
DTXSID3029231,2119,0.0,0.0
DTXSID3029233,2119,0.0,0.0
DTXSID3029235,2119,0.0,0.0
DTXSID3029237,2119,0.8768376937920203,0.0
DTXSID3029281,2119,0.0,0.0
DTXSID3029283,2119,0.0,0.0
DTXSID3029287,2119,0.0,0.0
DTXSID3029289,2119,2.48226828831527e-06,0.0
DTXSID3029310,2119,4.104537273356121e-15,0.0
DTXSID3029312,2119,0.0,0.0
DTXSID3029362,2119,0.9993381420254394,1.0
DTXSID3029364,2119,1.5879846019681936e-06,0.0
DTXSID3029572,2119,0.8788495341306918,0.0
DTXSID3029607,2119,0.0,0.0
DTXSID3029651,2119,0.0,0.0
DTXSID3029653,2119,0.0,0.0
DTXSID3029655,2119,0.0,0.0
DTXSID3029815,2119,0.0,0.0
DTXSID3029869,2119,0.0,0.0
DTXSID3030056,2119,0.9394929574096299,1.0
DTXSID3030189,2119,0.7141792325664071,0.0
DTXSID3030428,2119,1.4303067365357504e-10,0.0
DTXSID3030636,2119,0.9999999999999998,1.0
DTXSID3031444,2119,0.0,0.0
DTXSID3031492,2119,1.250775108423009e-08,0.0
DTXSID3031521,2119,0.0,0.0
DTXSID3031860,2119,,
DTXSID3031862,2119,0.0,0.0
DTXSID3031864,2119,0.9907173515745109,1.0
DTXSID3032129,2119,0.0,0.0
DTXSID3032331,2119,0.9988981052771035,1.0
DTXSID3032337,2119,5.498121298031554e-13,0.0
DTXSID3032389,2119,0.9662897985305782,1.0
DTXSID3032412,2119,4.4212968340700985e-09,0.0
DTXSID3032416,2119,0.5809814578951408,0.0
DTXSID3032464,2119,0.9990242315536488,1.0
DTXSID3032541,2119,0.9999999948813206,1.0
DTXSID3032547,2119,0.0,0.0
DTXSID3032549,2119,0.9999995594986629,1.0
DTXSID3032591,2119,,
DTXSID3032620,2119,0.0,0.0
DTXSID3032622,2119,0.0,0.0
DTXSID3032624,2119,1.5414551585020606e-14,0.0
DTXSID3032626,2119,0.9963383585134722,1.0
DTXSID3032628,2119,0.0,0.0
DTXSID3032670,2119,0.0,0.0
DTXSID3032751,2119,0.9989808096828141,1.0
DTXSID3032759,2119,0.0,0.0
DTXSID3032832,2119,,
DTXSID3033276,2119,0.0,0.0
DTXSID3033307,2119,0.9999678156749094,1.0
DTXSID3033511,2119,0.0,0.0
DTXSID3033519,2119,,
DTXSID3033983,2119,0.0,0.0
DTXSID3033989,2119,2.3725531383382003e-09,0.0
DTXSID3034113,2119,0.0,0.0
DTXSID3034165,2119,0.27783331187436566,0.0
DTXSID3034402,2119,0.9999999999925323,1.0
DTXSID3034456,2119,0.0,0.0
DTXSID3034458,2119,0.005368174165987691,0.0
DTXSID3034531,2119,0.0,0.0
DTXSID3034583,2119,,
DTXSID3034612,2119,3.669348779147371e-13,0.0
DTXSID3034614,2119,0.0,0.0
DTXSID3034618,2119,0.0,0.0
DTXSID3034662,2119,0.9999989382533178,1.0
DTXSID3034664,2119,0.0,0.0
DTXSID3034872,2119,0.0,0.0
DTXSID3034903,2119,0.0,0.0
DTXSID3034957,2119,0.0,0.0
DTXSID3035214,2119,0.0,0.0
DTXSID3035266,2119,,
DTXSID3035341,2119,0.0,0.0
DTXSID3036105,2119,0.0,0.0
DTXSID3036286,2119,,
DTXSID3036288,2119,0.0,0.0
DTXSID3036496,2119,0.4462327438216437,0.0
DTXSID3036525,2119,0.9999489746334279,1.0
DTXSID3037094,2119,1.0,1.0
DTXSID3037208,2119,0.999764867815755,1.0
DTXSID3037250,2119,0.5482093700620407,0.0
DTXSID3037541,2119,0.9524962293055608,1.0
DTXSID3037545,2119,0.0,0.0
DTXSID3037626,2119,0.0,0.0
DTXSID3037707,2119,0.0,0.0
DTXSID3037709,2119,0.0,0.0
DTXSID3037757,2119,0.5918260782608977,0.0
DTXSID3038694,2119,0.0,0.0
DTXSID3038696,2119,0.0,0.0
DTXSID3038725,2119,0.0,0.0
DTXSID3038771,2119,,
DTXSID3038800,2119,0.0,0.0
DTXSID3038808,2119,,
DTXSID3038852,2119,0.0,0.0
DTXSID3038939,2119,0.020107954627707817,0.0
DTXSID3039240,2119,0.9922904938265905,1.0
DTXSID3039242,2119,0.0,0.0
DTXSID3040271,2119,0.0,0.0
DTXSID3040279,2119,0.9999980697010902,1.0
DTXSID3040300,2119,,
DTXSID3040352,2119,0.9999999999982304,1.0
DTXSID3040643,2119,0.0,0.0
DTXSID3040647,2119,0.0,0.0
DTXSID3040691,2119,3.616608861877318e-07,0.0
DTXSID3040693,2119,0.0,0.0
DTXSID3040697,2119,0.0,0.0
DTXSID3040699,2119,0.9985297447472984,1.0
DTXSID3040720,2119,0.9862517877851998,1.0
DTXSID3040722,2119,0.0,0.0
DTXSID3040724,2119,0.0,0.0
DTXSID3040726,2119,,
DTXSID3040728,2119,2.7806044496981398e-14,0.0
DTXSID3040770,2119,,
DTXSID3040774,2119,0.0,0.0
DTXSID3040776,2119,0.0,0.0
DTXSID3040801,2119,0.0009140470164410175,0.0
DTXSID3040980,2119,1.0,1.0
DTXSID3041085,2119,,
DTXSID3041247,2119,0.33272631926754115,0.0
DTXSID3041293,2119,0.0,0.0
DTXSID3041299,2119,0.0,0.0
DTXSID3041328,2119,0.0,0.0
DTXSID3041370,2119,0.0,0.0
DTXSID3041372,2119,0.0,0.0
DTXSID3041376,2119,0.0,0.0
DTXSID3041403,2119,0.0,0.0
DTXSID3041405,2119,0.0,0.0
DTXSID3041409,2119,0.9999999760640654,1.0
DTXSID3041451,2119,0.0,0.0
DTXSID3041530,2119,0.0,0.0
DTXSID3041580,2119,0.0,0.0
DTXSID3041611,2119,1.7144455361467669e-18,0.0
DTXSID3041613,2119,0.0,0.0
DTXSID3041615,2119,9.6019137584092e-11,0.0
DTXSID3041617,2119,0.9999999999990112,1.0
DTXSID3041619,2119,0.99258489803064,1.0
DTXSID3041661,2119,0.0,0.0
DTXSID3041663,2119,0.0,0.0
DTXSID3041665,2119,0.999633594891624,1.0
DTXSID3041744,2119,1.1245942656773166e-06,0.0
DTXSID3041790,2119,0.0,0.0
DTXSID3041794,2119,0.9994202003688485,1.0
DTXSID3041827,2119,0.0010981769507845867,0.0
DTXSID3041873,2119,0.0,0.0
DTXSID3041877,2119,,
DTXSID3041954,2119,0.0,0.0
DTXSID3042007,2119,0.9999516210550391,1.0
DTXSID3042051,2119,,
DTXSID3042053,2119,4.661096454894777e-06,0.0
DTXSID3042059,2119,0.0,0.0
DTXSID3042130,2119,0.12454269199149585,0.0
DTXSID3042180,2119,0.0,0.0
DTXSID3042188,2119,0.0,0.0
DTXSID3042215,2119,0.0,0.0
DTXSID3042219,2119,0.0,0.0
DTXSID3042261,2119,0.9999948036421368,1.0
DTXSID3042263,2119,0.0,0.0
DTXSID3042269,2119,0.17964346815337148,0.0
DTXSID3042390,2119,1.0,1.0
DTXSID3042394,2119,0.0,0.0
DTXSID3042423,2119,9.209117647358314e-13,0.0
DTXSID3042477,2119,0.0019195578834991418,0.0
DTXSID3042500,2119,1.0,1.0
DTXSID3042633,2119,0.9999998651174103,1.0
DTXSID3043782,2119,0.4324946865289274,0.0
DTXSID3044124,2119,0.0,0.0
DTXSID3044128,2119,1.0,1.0
DTXSID3044201,2119,0.9997625998719498,1.0
DTXSID3044203,2119,0.9950321910112995,1.0
DTXSID3044205,2119,0.9900350453923051,1.0
DTXSID3044251,2119,0.029264534434646636,0.0
DTXSID3044332,2119,0.0,0.0
DTXSID3044334,2119,0.0,0.0
DTXSID3044338,2119,0.9939921295232002,1.0
DTXSID3044380,2119,0.0,0.0
DTXSID3044382,2119,0.0,0.0
DTXSID3044384,2119,,
DTXSID3044388,2119,0.0,0.0
DTXSID3044411,2119,0.0,0.0
DTXSID3044413,2119,0.0,0.0
DTXSID3044415,2119,0.9999998911995343,1.0
DTXSID3044461,2119,,
DTXSID3044463,2119,0.0,0.0
DTXSID3044465,2119,0.0,0.0
DTXSID3044469,2119,0.0,0.0
DTXSID3044542,2119,7.660841026675778e-13,0.0
DTXSID3044544,2119,0.9633527431437017,1.0
DTXSID3044590,2119,0.9999999677450492,1.0
DTXSID3044598,2119,0.0,0.0
DTXSID3044621,2119,0.0,0.0
DTXSID3044623,2119,2.5285492070619795e-11,0.0
DTXSID3044625,2119,4.22060743692237e-12,0.0
DTXSID3044627,2119,0.0,0.0
DTXSID3044629,2119,0.0,0.0
DTXSID3044679,2119,0.0,0.0
DTXSID3044700,2119,,
DTXSID3044702,2119,,
DTXSID3044704,2119,0.0,0.0
DTXSID3044706,2119,0.0,0.0
DTXSID3044750,2119,1.6122618947063937e-14,0.0
DTXSID3044752,2119,0.9620837220007449,1.0
DTXSID3044754,2119,0.0,0.0
DTXSID3044756,2119,0.0,0.0
DTXSID3044758,2119,0.0,0.0
DTXSID3044831,2119,0.0,0.0
DTXSID3044833,2119,0.0,0.0
DTXSID3044835,2119,0.0040069474933065565,0.0
DTXSID3044837,2119,0.0,0.0
DTXSID3044839,2119,0.0,0.0
DTXSID3044881,2119,,
DTXSID3044883,2119,0.0,0.0
DTXSID3044887,2119,0.04646938113914407,0.0
DTXSID3044889,2119,0.46620721152104694,0.0
DTXSID3044910,2119,,
DTXSID3044914,2119,0.0,0.0
DTXSID3044916,2119,0.0,0.0
DTXSID3044918,2119,0.0,0.0
DTXSID3044960,2119,0.9999156053751406,1.0
DTXSID3044962,2119,0.0,0.0
DTXSID3044966,2119,0.999999851384767,1.0
DTXSID3045140,2119,0.9973759408031356,1.0
DTXSID3045190,2119,0.0,0.0
DTXSID3045192,2119,0.0,0.0
DTXSID3045194,2119,,
DTXSID3045196,2119,0.0,0.0
DTXSID3045198,2119,0.027135673548447252,0.0
DTXSID3045221,2119,,
DTXSID3045223,2119,6.696572457421188e-16,0.0
DTXSID3045227,2119,0.5618529433586784,0.0
DTXSID3045229,2119,0.0,0.0
DTXSID3045271,2119,0.9724597459100632,1.0
DTXSID3045300,2119,0.0,0.0
DTXSID3045304,2119,0.8823068727064082,0.0
DTXSID3045306,2119,6.800395628424351e-07,0.0
DTXSID3045433,2119,0.0,0.0
DTXSID3045435,2119,0.9999526196575771,1.0
DTXSID3045437,2119,0.0,0.0
DTXSID3045485,2119,0.0,0.0
DTXSID3045514,2119,1.8432873411813273e-12,0.0
DTXSID3045560,2119,0.9999899676473103,1.0
DTXSID3045562,2119,0.003481464322660311,0.0
DTXSID3045645,2119,,
DTXSID3045647,2119,6.817460692647706e-11,0.0
DTXSID3045649,2119,,
DTXSID3045695,2119,,
DTXSID3045697,2119,0.0,0.0
DTXSID3045770,2119,0.0,0.0
DTXSID3045776,2119,,
DTXSID3045778,2119,0.0,0.0
DTXSID3045805,2119,0.0,0.0
DTXSID3045807,2119,0.9663631312227623,1.0
DTXSID3045851,2119,0.0,0.0
DTXSID3045857,2119,0.0,0.0
DTXSID3045859,2119,0.0,0.0
DTXSID3045930,2119,0.0,0.0
DTXSID3045934,2119,0.0,0.0
DTXSID3046081,2119,0.0,0.0
DTXSID3046083,2119,0.9999997936470767,1.0
DTXSID3046110,2119,0.0,0.0
DTXSID3046114,2119,,
DTXSID3046162,2119,0.0,0.0
DTXSID3046295,2119,0.995471026122938,1.0
DTXSID3046297,2119,0.0,0.0
DTXSID3046299,2119,0.002579944173704823,0.0
DTXSID3046320,2119,9.595719630635454e-06,0.0
DTXSID3046324,2119,4.995346908310725e-05,0.0
DTXSID3046326,2119,4.100621631700656e-15,0.0
DTXSID3046401,2119,0.9964235749129386,1.0
DTXSID3046403,2119,0.0,0.0
DTXSID3046405,2119,0.0008160098184805861,0.0
DTXSID3046409,2119,0.0,0.0
DTXSID3046451,2119,0.0,0.0
DTXSID3046453,2119,0.999999954073554,1.0
DTXSID3046457,2119,0.0,0.0
DTXSID3046459,2119,0.0,0.0
DTXSID3046534,2119,,
DTXSID3046536,2119,,
DTXSID3046580,2119,,
DTXSID3046584,2119,,
DTXSID3046619,2119,0.999999999950003,1.0
DTXSID3046663,2119,0.030231905123505955,0.0
DTXSID3046665,2119,0.6709802211500188,0.0
DTXSID3046740,2119,0.9999947986385059,1.0
DTXSID3046742,2119,,
DTXSID3046744,2119,0.9992331690965903,1.0
DTXSID3046748,2119,5.6236275412483724e-08,0.0
DTXSID3046792,2119,0.999999991837649,1.0
DTXSID3046798,2119,0.0,0.0
DTXSID3046821,2119,2.1993024476734155e-13,0.0
DTXSID3046823,2119,0.9990997559300655,1.0
DTXSID3046908,2119,0.0,0.0
DTXSID3047001,2119,0.0,0.0
DTXSID3047003,2119,0.0,0.0
DTXSID3047051,2119,,
DTXSID3047053,2119,2.0656943114352018e-08,0.0
DTXSID3047055,2119,0.0,0.0
DTXSID3047057,2119,0.0,0.0
DTXSID3047059,2119,0.0,0.0
DTXSID3047130,2119,0.0,0.0
DTXSID3047132,2119,0.0008323899347434927,0.0
DTXSID3047134,2119,0.0,0.0
DTXSID3047136,2119,0.0,0.0
DTXSID3047138,2119,,
DTXSID3047180,2119,8.609986334550614e-15,0.0
DTXSID3047182,2119,0.0,0.0
DTXSID3047184,2119,0.0,0.0
DTXSID3047186,2119,,
DTXSID3047188,2119,0.0,0.0
DTXSID3047261,2119,0.0,0.0
DTXSID3047263,2119,0.002420962043571517,0.0
DTXSID3047265,2119,0.0,0.0
DTXSID3047267,2119,4.346903857917777e-12,0.0
DTXSID3047342,2119,0.9942789021283045,1.0
DTXSID3047344,2119,,
DTXSID3047346,2119,0.0,0.0
DTXSID3047348,2119,0.9999740427976014,1.0
DTXSID3047394,2119,0.0,0.0
DTXSID3047423,2119,1.2971586316834347e-13,0.0
DTXSID3047425,2119,1.668084699344928e-06,0.0
DTXSID3047427,2119,0.0,0.0
DTXSID3047429,2119,0.0,0.0
DTXSID3047471,2119,0.0,0.0
DTXSID3047473,2119,0.0,0.0
DTXSID3047477,2119,0.9999986215302658,1.0
DTXSID3047504,2119,0.0,0.0
DTXSID3047508,2119,0.0,0.0
DTXSID3047552,2119,0.0,0.0
DTXSID3047554,2119,0.0,0.0
DTXSID3047556,2119,0.0,0.0
DTXSID3047558,2119,0.0,0.0
DTXSID3047631,2119,0.0,0.0
DTXSID3047633,2119,0.0,0.0
DTXSID3047637,2119,0.0,0.0
DTXSID3047639,2119,0.0,0.0
DTXSID3047681,2119,5.4191354129410936e-18,0.0
DTXSID3047683,2119,8.859558884086362e-14,0.0
DTXSID3047687,2119,,
DTXSID3047712,2119,0.0,0.0
DTXSID3047716,2119,0.0,0.0
DTXSID3047760,2119,,
DTXSID3047843,2119,0.9999969823190024,1.0
DTXSID3047849,2119,0.999999988301367,1.0
DTXSID3047891,2119,0.9999924271768688,1.0
DTXSID3047893,2119,1.0,1.0
DTXSID3047895,2119,0.9999999981271035,1.0
DTXSID3047897,2119,1.4309083910989616e-10,0.0
DTXSID3047899,2119,0.0,0.0
DTXSID3047920,2119,0.0,0.0
DTXSID3047922,2119,0.0,0.0
DTXSID3047924,2119,0.0,0.0
DTXSID3047926,2119,0.999999039127274,1.0
DTXSID3047928,2119,3.1200444201732786e-10,0.0
DTXSID3047970,2119,0.0,0.0
DTXSID3047972,2119,0.0,0.0
DTXSID3047974,2119,0.9999671822355214,1.0
DTXSID3048520,2119,0.0,0.0
DTXSID3048522,2119,0.4252435397702914,0.0
DTXSID3048574,2119,0.0,0.0
DTXSID3048576,2119,0.0,0.0
DTXSID3048603,2119,0.0,0.0
DTXSID3048605,2119,0.0,0.0
DTXSID3048607,2119,0.9999952480373989,1.0
DTXSID3048653,2119,0.9999993671584788,1.0
DTXSID3048655,2119,0.0,0.0
DTXSID3048657,2119,1.0,1.0
DTXSID3048659,2119,0.002889430938156388,0.0
DTXSID3048732,2119,0.0,0.0
DTXSID3048780,2119,0.9940072867942715,1.0
DTXSID3048782,2119,0.0,0.0
DTXSID3048786,2119,0.014469092407036166,0.0
DTXSID3048788,2119,,
DTXSID3048811,2119,0.9998748961700948,1.0
DTXSID3048815,2119,0.0,0.0
DTXSID3048817,2119,,
DTXSID3048819,2119,0.0,0.0
DTXSID3048861,2119,0.0,0.0
DTXSID3048863,2119,0.9999522440258926,1.0
DTXSID3048869,2119,,
DTXSID3048944,2119,1.2382660097098492e-12,0.0
DTXSID3048948,2119,,
DTXSID3048992,2119,4.1020218510452875e-10,0.0
DTXSID3048998,2119,0.0,0.0
DTXSID3049041,2119,6.417682480370434e-05,0.0
DTXSID3049045,2119,0.0,0.0
DTXSID3049047,2119,0.9999999606031638,1.0
DTXSID3049049,2119,0.9999999927458695,1.0
DTXSID3049201,2119,0.0,0.0
DTXSID3049203,2119,0.0,0.0
DTXSID3049205,2119,0.9926416843455764,1.0
DTXSID3049207,2119,0.0,0.0
DTXSID3049209,2119,,
DTXSID3049251,2119,0.0,0.0
DTXSID3049253,2119,0.9999999972018611,1.0
DTXSID3049255,2119,8.942658562453348e-05,0.0
DTXSID3049257,2119,0.0,0.0
DTXSID3049259,2119,0.0,0.0
DTXSID3049330,2119,0.0,0.0
DTXSID3049332,2119,0.9158886406682581,1.0
DTXSID3049334,2119,0.0,0.0
DTXSID3049336,2119,0.0,0.0
DTXSID3049338,2119,0.0,0.0
DTXSID3049380,2119,0.0,0.0
DTXSID3049382,2119,9.845976381507862e-07,0.0
DTXSID3049384,2119,8.824236754202318e-06,0.0
DTXSID3049386,2119,0.0,0.0
DTXSID3049388,2119,0.0,0.0
DTXSID3049411,2119,0.0,0.0
DTXSID3049413,2119,,
DTXSID3049415,2119,3.184374427168318e-12,0.0
DTXSID3049417,2119,0.9999999701175873,1.0
DTXSID3049419,2119,0.0024807082041692235,0.0
DTXSID3049461,2119,0.0,0.0
DTXSID3049463,2119,0.0,0.0
DTXSID3049465,2119,0.0,0.0
DTXSID3049467,2119,0.0,0.0
DTXSID3049469,2119,0.0,0.0
DTXSID3049540,2119,0.9998625284740803,1.0
DTXSID3049542,2119,0.001661133877719164,0.0
DTXSID3049544,2119,0.7449827296044355,0.0
DTXSID3049546,2119,0.3486976402934039,0.0
DTXSID3049548,2119,0.8727787780846518,0.0
DTXSID3051381,2119,,
DTXSID3051707,2119,0.0,0.0
DTXSID3051834,2119,0.6787278003745231,0.0
DTXSID3051836,2119,7.257743994236652e-17,0.0
DTXSID3052010,2119,0.0,0.0
DTXSID3052060,2119,,
DTXSID3052228,2119,0.0,0.0
DTXSID3052278,2119,0.0,0.0
DTXSID3052301,2119,0.0,0.0
DTXSID3052307,2119,0.08568319758586064,0.0
DTXSID3052309,2119,0.25169714909642144,0.0
DTXSID3052511,2119,0.9999980927745217,1.0
DTXSID3052567,2119,0.0,0.0
DTXSID3052648,2119,0.0,0.0
DTXSID3057640,2119,,
DTXSID3057642,2119,0.0,0.0
DTXSID3057644,2119,0.9998076952514122,1.0
DTXSID3057646,2119,0.0,0.0
DTXSID3057648,2119,0.0,0.0
DTXSID3057690,2119,8.432779302390237e-12,0.0
DTXSID3057692,2119,0.0,0.0
DTXSID3057694,2119,0.0,0.0
DTXSID3057696,2119,9.016136711712553e-09,0.0
DTXSID3057698,2119,0.0,0.0
DTXSID3057721,2119,2.0308118175912556e-12,0.0
DTXSID3057723,2119,0.0,0.0
DTXSID3057725,2119,0.0,0.0
DTXSID3057727,2119,,
DTXSID3057729,2119,0.0,0.0
DTXSID3057771,2119,0.9982344434406721,1.0
DTXSID3057773,2119,0.0,0.0
DTXSID3057775,2119,0.0,0.0
DTXSID3057777,2119,0.0,0.0
DTXSID3057779,2119,0.0,0.0
DTXSID3057800,2119,0.0,0.0
DTXSID3057802,2119,6.853327931642782e-13,0.0
DTXSID3057804,2119,0.0,0.0
DTXSID3057806,2119,0.0,0.0
DTXSID3057808,2119,0.0,0.0
DTXSID3057850,2119,0.0,0.0
DTXSID3057852,2119,,
DTXSID3057854,2119,1.626244322808581e-08,0.0
DTXSID3057856,2119,,
DTXSID3057858,2119,1.6269847924458008e-13,0.0
DTXSID4020032,2119,0.0,0.0
DTXSID4020086,2119,,
DTXSID4020088,2119,1.4124244996043959e-15,0.0
DTXSID4020113,2119,0.0,0.0
DTXSID4020117,2119,0.9940189326780616,1.0
DTXSID4020119,2119,0.0,0.0
DTXSID4020161,2119,2.9430214163830095e-06,0.0
DTXSID4020167,2119,0.0,0.0
DTXSID4020240,2119,0.9995252899228163,1.0
DTXSID4020242,2119,1.0,1.0
DTXSID4020244,2119,0.0,0.0
DTXSID4020246,2119,2.5140608680606273e-14,0.0
DTXSID4020248,2119,0.0,0.0
DTXSID4020290,2119,0.9956975452580504,1.0
DTXSID4020292,2119,0.0,0.0
DTXSID4020294,2119,0.0,0.0
DTXSID4020296,2119,0.9992945764779994,1.0
DTXSID4020298,2119,0.0,0.0
DTXSID4020321,2119,0.18449347296729068,0.0
DTXSID4020325,2119,2.0480221090913477e-14,0.0
DTXSID4020327,2119,2.2322825508697867e-08,0.0
DTXSID4020329,2119,3.583002312954351e-10,0.0
DTXSID4020371,2119,4.851983052385352e-16,0.0
DTXSID4020373,2119,0.9999936683927032,1.0
DTXSID4020375,2119,0.9999999998737445,1.0
DTXSID4020379,2119,0.9999364588300165,1.0
DTXSID4020400,2119,0.0,0.0
DTXSID4020402,2119,0.0,0.0
DTXSID4020406,2119,0.9755520190684386,1.0
DTXSID4020450,2119,0.0009075863664892111,0.0
DTXSID4020452,2119,1.4765609787915298e-09,0.0
DTXSID4020458,2119,1.212238220204793e-08,0.0
DTXSID4020533,2119,0.0,0.0
DTXSID4020535,2119,0.9999780666726604,1.0
DTXSID4020537,2119,0.9850430349466559,1.0
DTXSID4020539,2119,1.0418044440002514e-12,0.0
DTXSID4020581,2119,0.0,0.0
DTXSID4020583,2119,0.0,0.0
DTXSID4020587,2119,,
DTXSID4020589,2119,0.0,0.0
DTXSID4020612,2119,0.0,0.0
DTXSID4020614,2119,,
DTXSID4020616,2119,1.0889294961799753e-13,0.0
DTXSID4020618,2119,0.0,0.0
DTXSID4020664,2119,0.0,0.0
DTXSID4020666,2119,,
DTXSID4020668,2119,0.0,0.0
DTXSID4020743,2119,3.63664240221385e-09,0.0
DTXSID4020745,2119,0.0,0.0
DTXSID4020749,2119,0.9997389516404247,1.0
DTXSID4020791,2119,0.5385971198504366,0.0
DTXSID4020820,2119,0.9999994570026304,1.0
DTXSID4020822,2119,0.9999999884480394,1.0
DTXSID4020826,2119,,
DTXSID4020828,2119,0.9992812960902187,1.0
DTXSID4020870,2119,0.7859493507336736,0.0
DTXSID4020876,2119,0.999351867840918,1.0
DTXSID4020878,2119,0.021210157108872887,0.0
DTXSID4020901,2119,0.0,0.0
DTXSID4020957,2119,8.688892428177339e-07,0.0
DTXSID4020959,2119,9.934330925785975e-11,0.0
DTXSID4021002,2119,,
DTXSID4021006,2119,,
DTXSID4021056,2119,0.0,0.0
DTXSID4021131,2119,0.9997293648587369,1.0
DTXSID4021135,2119,0.04880272358598785,0.0
DTXSID4021137,2119,6.931141788643814e-11,0.0
DTXSID4021139,2119,0.0,0.0
DTXSID4021181,2119,0.9946036400474855,1.0
DTXSID4021185,2119,0.0,0.0
DTXSID4021189,2119,0.0,0.0
DTXSID4021212,2119,0.0,0.0
DTXSID4021214,2119,0.4453479528002004,0.0
DTXSID4021216,2119,0.14104744527419472,0.0
DTXSID4021218,2119,0.9980182999199771,1.0
DTXSID4021264,2119,,
DTXSID4021268,2119,4.647841259282969e-09,0.0
DTXSID4021341,2119,0.9998111658073249,1.0
DTXSID4021343,2119,0.0,0.0
DTXSID4021347,2119,8.162635422223969e-06,0.0
DTXSID4021391,2119,0.9767398965686777,1.0
DTXSID4021393,2119,0.0,0.0
DTXSID4021395,2119,0.0,0.0
DTXSID4021397,2119,0.9791529333720165,1.0
DTXSID4021424,2119,0.0,0.0
DTXSID4021426,2119,0.9999999990805787,1.0
DTXSID4021472,2119,0.0,0.0
DTXSID4021478,2119,0.9937989023810598,1.0
DTXSID4021503,2119,1.713049569633011e-09,0.0
DTXSID4021553,2119,0.9966355199793008,1.0
DTXSID4021557,2119,0.0,0.0
DTXSID4021559,2119,0.999999824304936,1.0
DTXSID4021632,2119,0.0,0.0
DTXSID4021634,2119,0.0,0.0
DTXSID4021636,2119,,
DTXSID4021638,2119,4.777195029547598e-07,0.0
DTXSID4021680,2119,0.999999623118718,1.0
DTXSID4021684,2119,0.9990164852164253,1.0
DTXSID4021688,2119,0.9060022843504925,1.0
DTXSID4021715,2119,0.9999999976862511,1.0
DTXSID4021717,2119,0.0001640204266662069,0.0
DTXSID4021761,2119,,
DTXSID4021767,2119,0.0,0.0
DTXSID4021769,2119,1.0441236178253345e-13,0.0
DTXSID4021842,2119,5.737804588027501e-18,0.0
DTXSID4021848,2119,0.0,0.0
DTXSID4021890,2119,0.0,0.0
DTXSID4021892,2119,1.4845082774903607e-10,0.0
DTXSID4021894,2119,0.0040662585828931215,0.0
DTXSID4021921,2119,0.0,0.0
DTXSID4021923,2119,0.0,0.0
DTXSID4021925,2119,,
DTXSID4021929,2119,0.0,0.0
DTXSID4021971,2119,0.0,0.0
DTXSID4021973,2119,0.0,0.0
DTXSID4021975,2119,0.0,0.0
DTXSID4021977,2119,0.0,0.0
DTXSID4021979,2119,0.0,0.0
DTXSID4022020,2119,0.0,0.0
DTXSID4022070,2119,0.0,0.0
DTXSID4022107,2119,0.0,0.0
DTXSID4022109,2119,0.0,0.0
DTXSID4022153,2119,0.9999989790390792,1.0
DTXSID4022159,2119,,
DTXSID4022284,2119,0.0,0.0
DTXSID4022288,2119,0.7294419125697331,0.0
DTXSID4022311,2119,0.9999993325952135,1.0
DTXSID4022313,2119,0.9999999999199222,1.0
DTXSID4022315,2119,1.0,1.0
DTXSID4022361,2119,0.9773188541431019,1.0
DTXSID4022367,2119,0.0,0.0
DTXSID4022369,2119,1.0,1.0
DTXSID4022442,2119,1.0,1.0
DTXSID4022446,2119,0.999809934688956,1.0
DTXSID4022448,2119,0.9983588026102876,1.0
DTXSID4022521,2119,5.000988051734076e-11,0.0
DTXSID4022523,2119,0.9999999799129389,1.0
DTXSID4022525,2119,0.9999999316242436,1.0
DTXSID4022527,2119,0.9987482614614597,1.0
DTXSID4022529,2119,0.0,0.0
DTXSID4022573,2119,0.0,0.0
DTXSID4022579,2119,0.0,0.0
DTXSID4022602,2119,0.0,0.0
DTXSID4022652,2119,0.9999999356209488,1.0
DTXSID4022658,2119,0.0,0.0
DTXSID4022731,2119,0.0,0.0
DTXSID4022783,2119,0.0,0.0
DTXSID4022785,2119,,
DTXSID4022810,2119,0.9999991634133377,1.0
DTXSID4022812,2119,2.4418369622459683e-11,0.0
DTXSID4022816,2119,0.995250889164769,1.0
DTXSID4022866,2119,1.0,1.0
DTXSID4022868,2119,0.0,0.0
DTXSID4022947,2119,0.0,0.0
DTXSID4022949,2119,0.0,0.0
DTXSID4022991,2119,0.0,0.0
DTXSID4022999,2119,,
DTXSID4023042,2119,0.96093871154051,1.0
DTXSID4023094,2119,0.99998232617405,1.0
DTXSID4023096,2119,0.9992822459676198,1.0
DTXSID4023125,2119,0.0,0.0
DTXSID4023175,2119,,
DTXSID4023177,2119,0.9999982776798695,1.0
DTXSID4023179,2119,0.9999785501942167,1.0
DTXSID4023200,2119,0.9685071751254797,1.0
DTXSID4023202,2119,0.0,0.0
DTXSID4023252,2119,0.0,0.0
DTXSID4023254,2119,0.0,0.0
DTXSID4023333,2119,0.9999999781007798,1.0
DTXSID4023385,2119,0.0,0.0
DTXSID4023387,2119,0.0,0.0
DTXSID4023412,2119,2.487358514046453e-07,0.0
DTXSID4023414,2119,,
DTXSID4023416,2119,,
DTXSID4023460,2119,2.2149018885562685e-09,0.0
DTXSID4023462,2119,0.0,0.0
DTXSID4023541,2119,0.0,0.0
DTXSID4023549,2119,0.039689441040524194,0.0
DTXSID4023591,2119,0.0,0.0
DTXSID4023595,2119,0.0,0.0
DTXSID4023620,2119,,
DTXSID4023622,2119,1.5244463757346734e-14,0.0
DTXSID4023624,2119,0.0014741624815627935,0.0
DTXSID4023626,2119,0.0,0.0
DTXSID4023628,2119,0.0,0.0
DTXSID4023672,2119,0.0,0.0
DTXSID4023674,2119,0.0,0.0
DTXSID4023676,2119,,
DTXSID4023678,2119,0.0,0.0
DTXSID4023753,2119,0.9544666380105249,1.0
DTXSID4023917,2119,0.0,0.0
DTXSID4024012,2119,0.0,0.0
DTXSID4024014,2119,0.0,0.0
DTXSID4024018,2119,0.0,0.0
DTXSID4024062,2119,0.0,0.0
DTXSID4024064,2119,0.9999998488968163,1.0
DTXSID4024066,2119,0.9516557945359705,1.0
DTXSID4024143,2119,0.0,0.0
DTXSID4024145,2119,0.0,0.0
DTXSID4024193,2119,0.0,0.0
DTXSID4024195,2119,0.0,0.0
DTXSID4024222,2119,0.0,0.0
DTXSID4024270,2119,0.9999498066948057,1.0
DTXSID4024272,2119,0.1345294228983759,0.0
DTXSID4024274,2119,0.9999999999979717,1.0
DTXSID4024276,2119,0.9999999999999999,1.0
DTXSID4024303,2119,0.0,0.0
DTXSID4024359,2119,0.0028146967806281556,0.0
DTXSID4024436,2119,0.0,0.0
DTXSID4024484,2119,,
DTXSID4024488,2119,0.9960430188218861,1.0
DTXSID4024515,2119,0.0,0.0
DTXSID4024640,2119,0.0,0.0
DTXSID4024642,2119,0.0,0.0
DTXSID4024644,2119,0.0,0.0
DTXSID4024646,2119,0.0,0.0
DTXSID4024690,2119,0.0,0.0
DTXSID4024692,2119,0.0,0.0
DTXSID4024696,2119,0.0,0.0
DTXSID4024721,2119,0.0,0.0
DTXSID4024729,2119,0.0,0.0
DTXSID4024771,2119,0.0,0.0
DTXSID4024773,2119,0.0,0.0
DTXSID4024775,2119,2.4963847984381627e-16,0.0
DTXSID4024800,2119,0.0,0.0
DTXSID4024858,2119,0.0,0.0
DTXSID4024931,2119,0.0,0.0
DTXSID4024937,2119,0.0,0.0
DTXSID4024981,2119,0.0,0.0
DTXSID4024983,2119,0.9915529928039554,1.0
DTXSID4024985,2119,0.10745625916838739,0.0
DTXSID4025080,2119,0.023502692302362786,0.0
DTXSID4025082,2119,0.0,0.0
DTXSID4025086,2119,0.0,0.0
DTXSID4025111,2119,0.0,0.0
DTXSID4025113,2119,0.0,0.0
DTXSID4025117,2119,0.0,0.0
DTXSID4025165,2119,0.0,0.0
DTXSID4025167,2119,0.0,0.0
DTXSID4025240,2119,0.06678235446487686,0.0
DTXSID4025242,2119,0.0,0.0
DTXSID4025292,2119,0.0,0.0
DTXSID4025296,2119,0.0,0.0
DTXSID4025298,2119,,
DTXSID4025329,2119,0.0,0.0
DTXSID4025371,2119,0.0,0.0
DTXSID4025402,2119,,
DTXSID4025404,2119,0.0,0.0
DTXSID4025406,2119,0.0,0.0
DTXSID4025454,2119,0.0,0.0
DTXSID4025581,2119,0.9995220307590229,1.0
DTXSID4025587,2119,,
DTXSID4025610,2119,2.8164450065598834e-05,0.0
DTXSID4025612,2119,3.0446746527879065e-13,0.0
DTXSID4025662,2119,0.00039931956655773706,0.0
DTXSID4025668,2119,0.0,0.0
DTXSID4025741,2119,,
DTXSID4025743,2119,0.0,0.0
DTXSID4025745,2119,3.741923232164839e-08,0.0
DTXSID4025749,2119,0.0,0.0
DTXSID4025791,2119,0.0,0.0
DTXSID4025793,2119,1.776532494063925e-10,0.0
DTXSID4025824,2119,0.0,0.0
DTXSID4025903,2119,0.0,0.0
DTXSID4026000,2119,,
DTXSID4026050,2119,0.0,0.0
DTXSID4026054,2119,0.08924628313856306,0.0
DTXSID4026137,2119,0.9999999998251884,1.0
DTXSID4026139,2119,0.9998880373661819,1.0
DTXSID4026181,2119,0.9999999715061764,1.0
DTXSID4026183,2119,9.707730006934798e-07,0.0
DTXSID4026212,2119,0.9999999998921871,1.0
DTXSID4026214,2119,0.9999999991171344,1.0
DTXSID4026216,2119,0.0,0.0
DTXSID4026262,2119,0.9853409276626153,1.0
DTXSID4026266,2119,0.0,0.0
DTXSID4026422,2119,,
DTXSID4026472,2119,0.0,0.0
DTXSID4026501,2119,0.0,0.0
DTXSID4026505,2119,0.0,0.0
DTXSID4026557,2119,2.4281621911712688e-08,0.0
DTXSID4026684,2119,1.9441592100206969e-10,0.0
DTXSID4026711,2119,0.00317447077463125,0.0
DTXSID4026713,2119,0.0,0.0
DTXSID4026715,2119,0.0,0.0
DTXSID4026765,2119,0.0,0.0
DTXSID4026769,2119,0.0,0.0
DTXSID4026842,2119,0.0,0.0
DTXSID4026894,2119,0.0,0.0
DTXSID4026921,2119,0.0,0.0
DTXSID4026927,2119,0.0,0.0
DTXSID4026975,2119,0.0,0.0
DTXSID4026979,2119,0.0,0.0
DTXSID4027026,2119,0.0,0.0
DTXSID4027072,2119,0.0,0.0
DTXSID4027076,2119,2.658504271996598e-08,0.0
DTXSID4027103,2119,0.0,0.0
DTXSID4027109,2119,0.0,0.0
DTXSID4027153,2119,2.1320010266073605e-13,0.0
DTXSID4027159,2119,,
DTXSID4027234,2119,0.0,0.0
DTXSID4027236,2119,0.0,0.0
DTXSID4027280,2119,0.0,0.0
DTXSID4027282,2119,0.0,0.0
DTXSID4027284,2119,0.0,0.0
DTXSID4027288,2119,0.28345519906210215,0.0
DTXSID4027319,2119,0.0,0.0
DTXSID4027361,2119,0.0,0.0
DTXSID4027367,2119,0.0001266414655168441,0.0
DTXSID4027490,2119,0.0,0.0
DTXSID4027494,2119,0.870590901740986,0.0
DTXSID4027496,2119,1.9515608563343903e-14,0.0
DTXSID4027498,2119,0.9998163727155998,1.0
DTXSID4027521,2119,2.510369513551428e-05,0.0
DTXSID4027525,2119,0.0,0.0
DTXSID4027527,2119,0.2375658962123652,0.0
DTXSID4027529,2119,3.4545423851805403e-14,0.0
DTXSID4027577,2119,0.0,0.0
DTXSID4027579,2119,,
DTXSID4027600,2119,0.0,0.0
DTXSID4027604,2119,0.9514314945255153,1.0
DTXSID4027608,2119,0.0,0.0
DTXSID4027650,2119,0.0,0.0
DTXSID4027652,2119,0.0,0.0
DTXSID4027656,2119,0.02200294276374051,0.0
DTXSID4027658,2119,,
DTXSID4027781,2119,0.0,0.0
DTXSID4027789,2119,1.3820725851378392e-10,0.0
DTXSID4027866,2119,0.0,0.0
DTXSID4027868,2119,0.0,0.0
DTXSID4027991,2119,0.0,0.0
DTXSID4027997,2119,0.0,0.0
DTXSID4028040,2119,,
DTXSID4028460,2119,0.9944918516040068,1.0
DTXSID4028880,2119,0.9999999996766104,1.0
DTXSID4028967,2119,0.0,0.0
DTXSID4029062,2119,0.0,0.0
DTXSID4029143,2119,0.0,0.0
DTXSID4029145,2119,1.7712706840124072e-15,0.0
DTXSID4029149,2119,0.0,0.0
DTXSID4029195,2119,,
DTXSID4029220,2119,0.0,0.0
DTXSID4029224,2119,0.0,0.0
DTXSID4029353,2119,7.772930003668975e-12,0.0
DTXSID4029359,2119,0.0,0.0
DTXSID4029565,2119,0.00037723836361247266,0.0
DTXSID4029690,2119,0.0,0.0
DTXSID4029692,2119,0.0,0.0
DTXSID4029698,2119,8.214008325316915e-20,0.0
DTXSID4029806,2119,0.9993962091922541,1.0
DTXSID4030047,2119,0.0,0.0
DTXSID4030336,2119,2.2740738326161002e-10,0.0
DTXSID4030384,2119,0.0017668731204676692,0.0
DTXSID4031356,2119,,
DTXSID4031980,2119,0.9998804849464137,1.0
DTXSID4032372,2119,0.9999999988951633,1.0
DTXSID4032374,2119,0.999999594556177,1.0
DTXSID4032376,2119,0.9999997567693282,1.0
DTXSID4032378,2119,0.9995590133946155,1.0
DTXSID4032405,2119,0.0,0.0
DTXSID4032459,2119,,
DTXSID4032532,2119,0.7873452511035136,0.0
DTXSID4032536,2119,8.001155725427733e-15,0.0
DTXSID4032580,2119,0.9999999999999998,1.0
DTXSID4032611,2119,0.0,0.0
DTXSID4032613,2119,0.985765790248054,1.0
DTXSID4032615,2119,0.0,0.0
DTXSID4032619,2119,0.9925542859859187,1.0
DTXSID4032667,2119,0.0,0.0
DTXSID4032954,2119,0.0,0.0
DTXSID4033390,2119,0.0,0.0
DTXSID4034102,2119,0.0,0.0
DTXSID4034150,2119,0.01691396086530084,0.0
DTXSID4034287,2119,9.988480987299976e-20,0.0
DTXSID4034497,2119,0.9999993324787712,1.0
DTXSID4034528,2119,0.05290984486459724,0.0
DTXSID4034576,2119,,
DTXSID4034601,2119,0.0,0.0
DTXSID4034609,2119,0.9999998832627267,1.0
DTXSID4034653,2119,0.9999981259230354,1.0
DTXSID4034788,2119,3.231241416273647e-09,0.0
DTXSID4034869,2119,0.9999999978486172,1.0
DTXSID4034948,2119,0.9978317129106358,1.0
DTXSID4035209,2119,0.0,0.0
DTXSID4035592,2119,,
DTXSID4035708,2119,0.9999994743292687,1.0
DTXSID4035839,2119,0.0,0.0
DTXSID4036229,2119,0.0014387246658917243,0.0
DTXSID4036435,2119,0.0,0.0
DTXSID4036489,2119,,
DTXSID4036514,2119,0.9999999999996316,1.0
DTXSID4037580,2119,0.0,0.0
DTXSID4037582,2119,0.0,0.0
DTXSID4037584,2119,0.0,0.0
DTXSID4037617,2119,0.0,0.0
DTXSID4037748,2119,,
DTXSID4038346,2119,,
DTXSID4038762,2119,0.0,0.0
DTXSID4038847,2119,1.4243872264591074e-13,0.0
DTXSID4038899,2119,,
DTXSID4038922,2119,0.9999999999999163,1.0
DTXSID4038924,2119,0.0,0.0
DTXSID4038926,2119,0.0,0.0
DTXSID4039231,2119,0.8298257985561225,0.0
DTXSID4039233,2119,0.0,0.0
DTXSID4039235,2119,0.0,0.0
DTXSID4039657,2119,0.0,0.0
DTXSID4040002,2119,0.0,0.0
DTXSID4040264,2119,0.9999906851526751,1.0
DTXSID4040268,2119,0.9999999744359873,1.0
DTXSID4040343,2119,0.0,0.0
DTXSID4040476,2119,0.0,0.0
DTXSID4040682,2119,,
DTXSID4040686,2119,0.0,0.0
DTXSID4040711,2119,0.0,0.0
DTXSID4040713,2119,0.9999999974947053,1.0
DTXSID4040715,2119,0.0,0.0
DTXSID4040719,2119,0.0,0.0
DTXSID4040765,2119,0.0,0.0
DTXSID4040767,2119,0.0,0.0
DTXSID4040979,2119,0.9868346791828911,1.0
DTXSID4041070,2119,1.0,1.0
DTXSID4041230,2119,0.0,0.0
DTXSID4041232,2119,,
DTXSID4041234,2119,0.0,0.0
DTXSID4041238,2119,,
DTXSID4041280,2119,,
DTXSID4041317,2119,0.032240560796953074,0.0
DTXSID4041361,2119,0.0,0.0
DTXSID4041363,2119,,
DTXSID4041367,2119,0.9999999999990213,1.0
DTXSID4041440,2119,0.0,0.0
DTXSID4041442,2119,0.0,0.0
DTXSID4041444,2119,0.0,0.0
DTXSID4041446,2119,3.106897340851918e-13,0.0
DTXSID4041490,2119,0.0,0.0
DTXSID4041492,2119,0.0,0.0
DTXSID4041494,2119,0.0,0.0
DTXSID4041521,2119,0.0,0.0
DTXSID4041527,2119,0.0,0.0
DTXSID4041529,2119,0.0,0.0
DTXSID4041573,2119,8.578318951489699e-17,0.0
DTXSID4041575,2119,0.0,0.0
DTXSID4041600,2119,0.9999892774837543,1.0
DTXSID4041604,2119,0.0,0.0
DTXSID4041654,2119,0.0,0.0
DTXSID4041656,2119,0.0,0.0
DTXSID4041783,2119,,
DTXSID4041812,2119,0.0,0.0
DTXSID4041818,2119,0.0,0.0
DTXSID4041995,2119,1.2781139225646383e-11,0.0
DTXSID4041997,2119,0.0,0.0
DTXSID4042090,2119,0.999998091741831,1.0
DTXSID4042094,2119,0.0,0.0
DTXSID4042096,2119,,
DTXSID4042121,2119,0.8002030206877562,0.0
DTXSID4042123,2119,0.9999999999872042,1.0
DTXSID4042129,2119,0.9999999999999996,1.0
DTXSID4042171,2119,0.0,0.0
DTXSID4042206,2119,0.99966830296431,1.0
DTXSID4042208,2119,,
DTXSID4042252,2119,0.9027849724708524,1.0
DTXSID4042254,2119,0.0,0.0
DTXSID4042256,2119,0.9999886082861823,1.0
DTXSID4042335,2119,4.613471563645337e-16,0.0
DTXSID4042337,2119,0.0,0.0
DTXSID4042416,2119,0.9967790741757357,1.0
DTXSID4042418,2119,0.9701548222455254,1.0
DTXSID4042462,2119,0.9999997354336003,1.0
DTXSID4042468,2119,0.0,0.0
DTXSID4042622,2119,0.0,0.0
DTXSID4043777,2119,0.9999998270317448,1.0
DTXSID4043850,2119,0.0,0.0
DTXSID4043937,2119,,
DTXSID4044161,2119,0.14915195297183892,0.0
DTXSID4044371,2119,0.0,0.0
DTXSID4044373,2119,0.0,0.0
DTXSID4044375,2119,0.0,0.0
DTXSID4044379,2119,0.9999999999998512,1.0
DTXSID4044400,2119,,
DTXSID4044402,2119,,
DTXSID4044404,2119,1.0417615248056401e-11,0.0
DTXSID4044408,2119,0.0,0.0
DTXSID4044450,2119,,
DTXSID4044452,2119,0.0,0.0
DTXSID4044454,2119,0.0,0.0
DTXSID4044456,2119,0.0,0.0
DTXSID4044458,2119,0.0,0.0
DTXSID4044533,2119,0.9999982092337137,1.0
DTXSID4044535,2119,,
DTXSID4044537,2119,0.0,0.0
DTXSID4044581,2119,1.5129327019936955e-15,0.0
DTXSID4044585,2119,0.19668866690577425,0.0
DTXSID4044587,2119,0.0,0.0
DTXSID4044589,2119,0.0,0.0
DTXSID4044616,2119,1.4466232953344567e-14,0.0
DTXSID4044618,2119,0.0,0.0
DTXSID4044660,2119,0.0,0.0
DTXSID4044662,2119,0.0,0.0
DTXSID4044664,2119,0.0,0.0
DTXSID4044668,2119,0.9999999243950389,1.0
DTXSID4044743,2119,0.0,0.0
DTXSID4044745,2119,0.0,0.0
DTXSID4044747,2119,0.0001939248791340951,0.0
DTXSID4044791,2119,0.0,0.0
DTXSID4044793,2119,0.0,0.0
DTXSID4044799,2119,0.0,0.0
DTXSID4044820,2119,0.0,0.0
DTXSID4044822,2119,0.0,0.0
DTXSID4044824,2119,3.9365644161825123e-13,0.0
DTXSID4044826,2119,0.0,0.0
DTXSID4044828,2119,0.0,0.0
DTXSID4044870,2119,,
DTXSID4044872,2119,0.9999639246649834,1.0
DTXSID4044874,2119,0.0,0.0
DTXSID4044876,2119,,
DTXSID4044878,2119,0.0,0.0
DTXSID4044901,2119,0.0,0.0
DTXSID4044903,2119,0.0,0.0
DTXSID4044905,2119,1.63458792622827e-16,0.0
DTXSID4044909,2119,0.0,0.0
DTXSID4044951,2119,0.0,0.0
DTXSID4044953,2119,0.0,0.0
DTXSID4044955,2119,0.0,0.0
DTXSID4045002,2119,1.4833561105348322e-06,0.0
DTXSID4045131,2119,0.0,0.0
DTXSID4045133,2119,0.0,0.0
DTXSID4045139,2119,1.9752938928089146e-12,0.0
DTXSID4045181,2119,0.9999993015371791,1.0
DTXSID4045183,2119,,
DTXSID4045187,2119,0.9999694081552958,1.0
DTXSID4045189,2119,0.0,0.0
DTXSID4045210,2119,0.0,0.0
DTXSID4045262,2119,0.0,0.0
DTXSID4045341,2119,0.0,0.0
DTXSID4045343,2119,0.9999999989157434,1.0
DTXSID4045345,2119,0.0,0.0
DTXSID4045347,2119,3.594819026913933e-15,0.0
DTXSID4045391,2119,0.0,0.0
DTXSID4045393,2119,0.0,0.0
DTXSID4045420,2119,0.0,0.0
DTXSID4045422,2119,0.9998190076243311,1.0
DTXSID4045424,2119,,
DTXSID4045472,2119,0.0008772555116865047,0.0
DTXSID4045474,2119,1.4258773764879934e-07,0.0
DTXSID4045478,2119,0.0,0.0
DTXSID4045551,2119,0.0,0.0
DTXSID4045555,2119,0.9999999875740282,1.0
DTXSID4045632,2119,0.0,0.0
DTXSID4045636,2119,0.9829539341240016,1.0
DTXSID4045638,2119,0.9997803476751381,1.0
DTXSID4045680,2119,0.0,0.0
DTXSID4045682,2119,0.0,0.0
DTXSID4045686,2119,0.0,0.0
DTXSID4045688,2119,,
DTXSID4045763,2119,0.0,0.0
DTXSID4045765,2119,0.0,0.0
DTXSID4045767,2119,,
DTXSID4045769,2119,9.088467634011123e-07,0.0
DTXSID4045848,2119,0.9999999999929382,1.0
DTXSID4045892,2119,0.0,0.0
DTXSID4045896,2119,0.0,0.0
DTXSID4045898,2119,1.2805405075599762e-10,0.0
DTXSID4045921,2119,,
DTXSID4045927,2119,,
DTXSID4045973,2119,0.9916258822755877,1.0
DTXSID4045975,2119,0.004664548932505961,0.0
DTXSID4046020,2119,0.0,0.0
DTXSID4046024,2119,0.999843463648017,1.0
DTXSID4046076,2119,0.0,0.0
DTXSID4046101,2119,0.9999999997486606,1.0
DTXSID4046107,2119,0.0,0.0
DTXSID4046109,2119,,
DTXSID4046151,2119,0.0020724107948155656,0.0
DTXSID4046153,2119,0.0,0.0
DTXSID4046157,2119,0.0,0.0
DTXSID4046159,2119,1.3640933499495767e-09,0.0
DTXSID4046282,2119,0.0,0.0
DTXSID4046284,2119,0.9999999999999998,1.0
DTXSID4046286,2119,0.0,0.0
DTXSID4046288,2119,0.0,0.0
DTXSID4046313,2119,6.94574460440449e-12,0.0
DTXSID4046315,2119,,
DTXSID4046440,2119,0.0,0.0
DTXSID4046442,2119,2.9933882033949945e-08,0.0
DTXSID4046448,2119,5.601258009890776e-18,0.0
DTXSID4046490,2119,0.0,0.0
DTXSID4046492,2119,0.9999751216091378,1.0
DTXSID4046523,2119,0.0,0.0
DTXSID4046525,2119,0.0,0.0
DTXSID4046529,2119,0.9999721622592903,1.0
DTXSID4046579,2119,0.0,0.0
DTXSID4046600,2119,0.0,0.0
DTXSID4046602,2119,0.9872526642637475,1.0
DTXSID4046604,2119,0.0,0.0
DTXSID4046606,2119,0.999949704958635,1.0
DTXSID4046652,2119,0.0,0.0
DTXSID4046739,2119,0.0,0.0
DTXSID4046810,2119,0.9861949675112661,1.0
DTXSID4046864,2119,0.0,0.0
DTXSID4046949,2119,0.9995872039872289,1.0
DTXSID4046999,2119,0.0,0.0
DTXSID4047040,2119,0.0051503856551200315,0.0
DTXSID4047042,2119,0.0,0.0
DTXSID4047044,2119,0.0,0.0
DTXSID4047046,2119,0.0,0.0
DTXSID4047090,2119,,
DTXSID4047092,2119,0.0,0.0
DTXSID4047094,2119,0.0,0.0
DTXSID4047096,2119,1.2888332695577896e-10,0.0
DTXSID4047098,2119,7.445264165558181e-14,0.0
DTXSID4047121,2119,0.0,0.0
DTXSID4047123,2119,0.0,0.0
DTXSID4047125,2119,,
DTXSID4047127,2119,0.0,0.0
DTXSID4047129,2119,0.0,0.0
DTXSID4047173,2119,5.052144109689116e-13,0.0
DTXSID4047177,2119,0.0,0.0
DTXSID4047179,2119,0.0,0.0
DTXSID4047200,2119,6.419243083647016e-10,0.0
DTXSID4047202,2119,0.8682953531829496,0.0
DTXSID4047206,2119,0.9997752366348512,1.0
DTXSID4047252,2119,0.999712496717595,1.0
DTXSID4047254,2119,0.010204019905365668,0.0
DTXSID4047258,2119,0.0,0.0
DTXSID4047331,2119,8.208581190491943e-07,0.0
DTXSID4047333,2119,0.0,0.0
DTXSID4047335,2119,0.0,0.0
DTXSID4047337,2119,0.9974802329665737,1.0
DTXSID4047339,2119,0.9197947922746763,1.0
DTXSID4047381,2119,0.9999989346415059,1.0
DTXSID4047383,2119,,
DTXSID4047385,2119,0.0,0.0
DTXSID4047387,2119,0.9999999779181308,1.0
DTXSID4047389,2119,0.9984304135649369,1.0
DTXSID4047410,2119,,
DTXSID4047412,2119,0.9997847611147691,1.0
DTXSID4047414,2119,0.8706724451586635,0.0
DTXSID4047416,2119,0.0,0.0
DTXSID4047418,2119,1.2055210689978004e-09,0.0
DTXSID4047462,2119,0.0,0.0
DTXSID4047464,2119,0.0,0.0
DTXSID4047466,2119,0.0,0.0
DTXSID4047468,2119,,
DTXSID4047543,2119,0.0,0.0
DTXSID4047545,2119,0.9999987155410361,1.0
DTXSID4047547,2119,0.0,0.0
DTXSID4047549,2119,0.0,0.0
DTXSID4047591,2119,,
DTXSID4047593,2119,1.6601269058964364e-06,0.0
DTXSID4047597,2119,0.0,0.0
DTXSID4047599,2119,0.0,0.0
DTXSID4047620,2119,1.2579777781015594e-10,0.0
DTXSID4047622,2119,,
DTXSID4047624,2119,,
DTXSID4047628,2119,,
DTXSID4047670,2119,,
DTXSID4047672,2119,0.017931925028879966,0.0
DTXSID4047674,2119,,
DTXSID4047678,2119,,
DTXSID4047703,2119,0.0,0.0
DTXSID4047705,2119,0.0,0.0
DTXSID4047707,2119,0.0,0.0
DTXSID4047709,2119,0.0,0.0
DTXSID4047838,2119,0.0,0.0
DTXSID4047880,2119,0.9995466293188652,1.0
DTXSID4047882,2119,0.9999999676641728,1.0
DTXSID4047884,2119,0.0,0.0
DTXSID4047886,2119,0.999994875915207,1.0
DTXSID4047888,2119,,
DTXSID4047911,2119,0.0,0.0
DTXSID4047913,2119,0.9999997646475727,1.0
DTXSID4047915,2119,0.9999999411359155,1.0
DTXSID4047917,2119,0.9999999641118896,1.0
DTXSID4047919,2119,0.9999999977353139,1.0
DTXSID4047961,2119,0.9999999857822262,1.0
DTXSID4047963,2119,1.0,1.0
DTXSID4047965,2119,0.0,0.0
DTXSID4047967,2119,0.0,0.0
DTXSID4047969,2119,6.229670534474202e-13,0.0
DTXSID4048191,2119,0.999994011871966,1.0
DTXSID4048193,2119,0.0,0.0
DTXSID4048195,2119,0.9999999999698691,1.0
DTXSID4048199,2119,2.1263079660378852e-09,0.0
DTXSID4048511,2119,0.9999999035827296,1.0
DTXSID4048513,2119,0.9998936108927582,1.0
DTXSID4048519,2119,0.9999783834821142,1.0
DTXSID4048644,2119,,
DTXSID4048690,2119,1.0,1.0
DTXSID4048692,2119,0.9999994022377664,1.0
DTXSID4048694,2119,,
DTXSID4048696,2119,0.0,0.0
DTXSID4048698,2119,0.9999809678655315,1.0
DTXSID4048721,2119,0.0,0.0
DTXSID4048725,2119,0.0,0.0
DTXSID4048727,2119,0.9999999998670079,1.0
DTXSID4048773,2119,0.0,0.0
DTXSID4048777,2119,1.5880769205064195e-14,0.0
DTXSID4048800,2119,1.2453526957290893e-06,0.0
DTXSID4048802,2119,1.46640612397484e-15,0.0
DTXSID4048804,2119,0.0,0.0
DTXSID4048806,2119,0.0,0.0
DTXSID4048808,2119,,
DTXSID4048850,2119,0.0,0.0
DTXSID4048852,2119,0.0,0.0
DTXSID4048854,2119,0.0,0.0
DTXSID4048856,2119,0.0,0.0
DTXSID4048858,2119,0.0,0.0
DTXSID4048933,2119,3.419245715830482e-11,0.0
DTXSID4048935,2119,0.0,0.0
DTXSID4048937,2119,,
DTXSID4048983,2119,0.9999999989305125,1.0
DTXSID4049032,2119,0.0,0.0
DTXSID4049034,2119,0.0,0.0
DTXSID4049036,2119,6.7031142885112595e-15,0.0
DTXSID4049038,2119,0.0,0.0
DTXSID4049080,2119,0.0,0.0
DTXSID4049082,2119,0.0,0.0
DTXSID4049240,2119,2.3028260188523859e-07,0.0
DTXSID4049242,2119,1.861328226549291e-15,0.0
DTXSID4049244,2119,0.0,0.0
DTXSID4049246,2119,0.15346579908553074,0.0
DTXSID4049248,2119,0.0,0.0
DTXSID4049290,2119,0.5316887383620251,0.0
DTXSID4049292,2119,4.3516280382769e-15,0.0
DTXSID4049294,2119,0.0,0.0
DTXSID4049296,2119,,
DTXSID4049298,2119,0.9999983413526349,1.0
DTXSID4049321,2119,0.0,0.0
DTXSID4049323,2119,0.0,0.0
DTXSID4049325,2119,1.7010353765307047e-14,0.0
DTXSID4049327,2119,0.9999992203930671,1.0
DTXSID4049329,2119,0.0,0.0
DTXSID4049371,2119,0.0,0.0
DTXSID4049373,2119,1.5600509912177572e-05,0.0
DTXSID4049375,2119,0.0,0.0
DTXSID4049377,2119,2.144512041421436e-08,0.0
DTXSID4049379,2119,0.0,0.0
DTXSID4049400,2119,0.0,0.0
DTXSID4049402,2119,0.0,0.0
DTXSID4049404,2119,0.0,0.0
DTXSID4049406,2119,0.0,0.0
DTXSID4049408,2119,3.693344686572046e-11,0.0
DTXSID4049450,2119,0.0,0.0
DTXSID4049452,2119,0.0,0.0
DTXSID4049454,2119,8.68897449819209e-15,0.0
DTXSID4049456,2119,0.0,0.0
DTXSID4049458,2119,1.0911660202048002e-15,0.0
DTXSID4049531,2119,0.9996555724436613,1.0
DTXSID4049533,2119,0.9997793036491185,1.0
DTXSID4049535,2119,0.9998671401862083,1.0
DTXSID4049537,2119,0.9833475707261637,1.0
DTXSID4049539,2119,0.9998910637133823,1.0
DTXSID4051536,2119,0.0,0.0
DTXSID4051580,2119,0.0019468827909315796,0.0
DTXSID4051586,2119,0.0,0.0
DTXSID4051619,2119,0.0,0.0
DTXSID4051900,2119,0.0,0.0
DTXSID4052132,2119,0.0,0.0
DTXSID4052186,2119,0.5466907533954977,0.0
DTXSID4052213,2119,0.0,0.0
DTXSID4052267,2119,0.0,0.0
DTXSID4052269,2119,0.9999999999999996,1.0
DTXSID4052342,2119,6.750452824911337e-10,0.0
DTXSID4052502,2119,0.9999985146825459,1.0
DTXSID4052506,2119,0.0,0.0
DTXSID4052550,2119,0.0,0.0
DTXSID4052554,2119,0.0,0.0
DTXSID4057631,2119,0.19790012812523516,0.0
DTXSID4057633,2119,0.9999999988760444,1.0
DTXSID4057635,2119,0.0,0.0
DTXSID4057637,2119,0.0,0.0
DTXSID4057639,2119,0.0,0.0
DTXSID4057681,2119,0.9999932725962494,1.0
DTXSID4057683,2119,7.056892520905475e-17,0.0
DTXSID4057685,2119,8.272809776932312e-15,0.0
DTXSID4057687,2119,,
DTXSID4057689,2119,,
DTXSID4057710,2119,0.0,0.0
DTXSID4057712,2119,0.0,0.0
DTXSID4057714,2119,,
DTXSID4057716,2119,0.0,0.0
DTXSID4057718,2119,0.0,0.0
DTXSID4057760,2119,0.0,0.0
DTXSID4057762,2119,0.0,0.0
DTXSID4057764,2119,0.0,0.0
DTXSID4057766,2119,0.8219296540103693,0.0
DTXSID4057768,2119,0.0,0.0
DTXSID4057841,2119,,
DTXSID4057843,2119,0.0,0.0
DTXSID4057845,2119,0.0,0.0
DTXSID4057847,2119,,
DTXSID4057849,2119,0.9999999997365918,1.0
DTXSID4058655,2119,0.9967107593484589,1.0
DTXSID5020021,2119,8.441393031566349e-06,0.0
DTXSID5020023,2119,0.0,0.0
DTXSID5020027,2119,0.0,0.0
DTXSID5020029,2119,0.0,0.0
DTXSID5020071,2119,0.16130307474237174,0.0
DTXSID5020079,2119,0.0,0.0
DTXSID5020106,2119,0.0,0.0
DTXSID5020108,2119,0.0,0.0
DTXSID5020152,2119,0.0,0.0
DTXSID5020154,2119,0.9999996940726534,1.0
DTXSID5020156,2119,0.0,0.0
DTXSID5020231,2119,0.0,0.0
DTXSID5020233,2119,0.9999999502186658,1.0
DTXSID5020235,2119,9.527696733520539e-15,0.0
DTXSID5020239,2119,0.9999783364698273,1.0
DTXSID5020281,2119,3.9659723191418044e-08,0.0
DTXSID5020283,2119,0.5980840984631133,0.0
DTXSID5020287,2119,0.0,0.0
DTXSID5020310,2119,1.6204518595650664e-07,0.0
DTXSID5020312,2119,0.9999999960246734,1.0
DTXSID5020314,2119,0.0,0.0
DTXSID5020360,2119,0.9894472453597037,1.0
DTXSID5020366,2119,0.9999679655728397,1.0
DTXSID5020368,2119,0.9999980694673658,1.0
DTXSID5020441,2119,0.0,0.0
DTXSID5020443,2119,0.0,0.0
DTXSID5020445,2119,0.0,0.0
DTXSID5020447,2119,0.998787771473163,1.0
DTXSID5020449,2119,0.0,0.0
DTXSID5020491,2119,2.965494612424796e-07,0.0
DTXSID5020493,2119,,
DTXSID5020497,2119,0.0,0.0
DTXSID5020499,2119,0.0,0.0
DTXSID5020520,2119,0.8762035168402906,0.0
DTXSID5020528,2119,0.0,0.0
DTXSID5020570,2119,0.0,0.0
DTXSID5020576,2119,0.9920377162250703,1.0
DTXSID5020601,2119,0.0,0.0
DTXSID5020603,2119,,
DTXSID5020605,2119,0.010505017570004403,0.0
DTXSID5020607,2119,0.0,0.0
DTXSID5020653,2119,0.9999998482572451,1.0
DTXSID5020730,2119,0.9999999808488771,1.0
DTXSID5020732,2119,0.0,0.0
DTXSID5020738,2119,0.0,0.0
DTXSID5020782,2119,0.9996515060062089,1.0
DTXSID5020784,2119,0.9999996975770238,1.0
DTXSID5020811,2119,0.9999999576522909,1.0
DTXSID5020813,2119,0.7093566885928697,0.0
DTXSID5020815,2119,0.0,0.0
DTXSID5020819,2119,0.9674017704512446,1.0
DTXSID5020861,2119,0.9999999010023803,1.0
DTXSID5020863,2119,0.10264671398009564,0.0
DTXSID5020865,2119,0.9999999999377456,1.0
DTXSID5020867,2119,0.9675195011221687,1.0
DTXSID5020869,2119,2.9860188983782377e-12,0.0
DTXSID5020944,2119,4.0602031047545465e-13,0.0
DTXSID5020946,2119,0.999937038763001,1.0
DTXSID5020948,2119,0.0,0.0
DTXSID5021093,2119,0.0,0.0
DTXSID5021097,2119,0.0,0.0
DTXSID5021120,2119,0.9999999868127258,1.0
DTXSID5021122,2119,0.0,0.0
DTXSID5021124,2119,0.0,0.0
DTXSID5021126,2119,0.0,0.0
DTXSID5021128,2119,0.0,0.0
DTXSID5021170,2119,0.0,0.0
DTXSID5021174,2119,,
DTXSID5021201,2119,0.9887913786437714,1.0
DTXSID5021209,2119,5.479435672910808e-16,0.0
DTXSID5021251,2119,0.0,0.0
DTXSID5021253,2119,1.3318231021038204e-07,0.0
DTXSID5021255,2119,0.0,0.0
DTXSID5021330,2119,0.0,0.0
DTXSID5021332,2119,1.0,1.0
DTXSID5021334,2119,0.0,0.0
DTXSID5021336,2119,0.0,0.0
DTXSID5021338,2119,0.0,0.0
DTXSID5021380,2119,0.009548446321753393,0.0
DTXSID5021384,2119,0.0,0.0
DTXSID5021386,2119,0.0,0.0
DTXSID5021388,2119,0.001118112991508177,0.0
DTXSID5021411,2119,0.0,0.0
DTXSID5021413,2119,0.9999999700490775,1.0
DTXSID5021415,2119,0.0,0.0
DTXSID5021419,2119,0.0,0.0
DTXSID5021461,2119,,
DTXSID5021463,2119,1.0,1.0
DTXSID5021544,2119,0.0,0.0
DTXSID5021546,2119,,
DTXSID5021590,2119,0.9910775041547841,1.0
DTXSID5021598,2119,0.0,0.0
DTXSID5021621,2119,2.671787738387361e-06,0.0
DTXSID5021627,2119,0.0,0.0
DTXSID5021629,2119,0.0,0.0
DTXSID5021671,2119,0.04321728814280505,0.0
DTXSID5021679,2119,0.9999999847286712,1.0
DTXSID5021708,2119,0.0,0.0
DTXSID5021752,2119,0.0,0.0
DTXSID5021754,2119,0.0,0.0
DTXSID5021758,2119,4.791309031235574e-07,0.0
DTXSID5021831,2119,1.934331569835545e-15,0.0
DTXSID5021835,2119,1.2982919435575793e-11,0.0
DTXSID5021837,2119,0.0,0.0
DTXSID5021839,2119,0.0,0.0
DTXSID5021881,2119,0.0,0.0
DTXSID5021883,2119,,
DTXSID5021885,2119,1.2525422763127628e-13,0.0
DTXSID5021889,2119,0.0,0.0
DTXSID5021910,2119,0.0,0.0
DTXSID5021914,2119,0.0,0.0
DTXSID5021916,2119,0.0,0.0
DTXSID5021962,2119,1.2298027234667488e-10,0.0
DTXSID5021968,2119,0.0,0.0
DTXSID5022061,2119,0.0,0.0
DTXSID5022194,2119,0.0,0.0
DTXSID5022198,2119,0.0,0.0
DTXSID5022227,2119,0.9999638422461287,1.0
DTXSID5022271,2119,0.9886171508653239,1.0
DTXSID5022279,2119,0.0,0.0
DTXSID5022306,2119,0.10729692166836993,0.0
DTXSID5022308,2119,0.9999999962780317,1.0
DTXSID5022437,2119,0.9999985519366819,1.0
DTXSID5022439,2119,0.0,0.0
DTXSID5022485,2119,0.9999999999999991,1.0
DTXSID5022489,2119,0.0,0.0
DTXSID5022510,2119,0.0,0.0
DTXSID5022560,2119,,
DTXSID5022641,2119,0.0,0.0
DTXSID5022643,2119,,
DTXSID5022647,2119,0.0,0.0
DTXSID5022649,2119,0.838283278172973,0.0
DTXSID5022699,2119,0.0,0.0
DTXSID5022724,2119,0.9873962889840661,1.0
DTXSID5022774,2119,0.0,0.0
DTXSID5022801,2119,0.9999999999995938,1.0
DTXSID5022851,2119,2.9239301432642084e-08,0.0
DTXSID5022855,2119,0.996823193750769,1.0
DTXSID5022857,2119,,
DTXSID5022932,2119,0.79542631499226,0.0
DTXSID5022934,2119,,
DTXSID5022980,2119,0.9999999999983232,1.0
DTXSID5022982,2119,0.0,0.0
DTXSID5022984,2119,0.0,0.0
DTXSID5022986,2119,0.0,0.0
DTXSID5023031,2119,,
DTXSID5023033,2119,4.892022397639089e-13,0.0
DTXSID5023035,2119,0.10901493822090237,0.0
DTXSID5023037,2119,0.0020526769246922835,0.0
DTXSID5023039,2119,0.0,0.0
DTXSID5023081,2119,0.0,0.0
DTXSID5023089,2119,0.0,0.0
DTXSID5023110,2119,0.9999999999980514,1.0
DTXSID5023114,2119,0.0,0.0
DTXSID5023243,2119,0.999876576848245,1.0
DTXSID5023247,2119,0.9999999864714296,1.0
DTXSID5023293,2119,0.0,0.0
DTXSID5023295,2119,1.7894752795054186e-09,0.0
DTXSID5023322,2119,1.0,1.0
DTXSID5023324,2119,0.0,0.0
DTXSID5023370,2119,0.7878247435473468,0.0
DTXSID5023372,2119,0.0,0.0
DTXSID5023376,2119,0.0,0.0
DTXSID5023378,2119,0.0,0.0
DTXSID5023453,2119,2.0210446665386488e-11,0.0
DTXSID5023532,2119,0.9999962413234306,1.0
DTXSID5023536,2119,0.0,0.0
DTXSID5023586,2119,0.999999999999996,1.0
DTXSID5023588,2119,,
DTXSID5023611,2119,0.0,0.0
DTXSID5023613,2119,0.0,0.0
DTXSID5023615,2119,0.0,0.0
DTXSID5023665,2119,0.0,0.0
DTXSID5023667,2119,0.9978107298601394,1.0
DTXSID5023669,2119,0.8172508790199484,0.0
DTXSID5023740,2119,0.9996808228534361,1.0
DTXSID5023742,2119,5.973913594617212e-14,0.0
DTXSID5023744,2119,0.0,0.0
DTXSID5023746,2119,0.9999808180779335,1.0
DTXSID5023748,2119,0.0,0.0
DTXSID5023792,2119,0.0,0.0
DTXSID5023794,2119,0.999999622708359,1.0
DTXSID5023796,2119,0.00742576686254734,0.0
DTXSID5023825,2119,0.0,0.0
DTXSID5023871,2119,0.0,0.0
DTXSID5023875,2119,7.506931035788155e-08,0.0
DTXSID5023877,2119,1.2132419943990897e-15,0.0
DTXSID5023900,2119,0.015528105567135913,0.0
DTXSID5023902,2119,0.0,0.0
DTXSID5023908,2119,0.0,0.0
DTXSID5023950,2119,0.999556794863309,1.0
DTXSID5023954,2119,0.9999999964984783,1.0
DTXSID5024001,2119,0.0,0.0
DTXSID5024051,2119,,
DTXSID5024055,2119,0.0,0.0
DTXSID5024057,2119,0.0,0.0
DTXSID5024059,2119,0.0,0.0
DTXSID5024134,2119,0.0,0.0
DTXSID5024182,2119,0.0,0.0
DTXSID5024211,2119,0.7301332985832316,0.0
DTXSID5024261,2119,8.22706724177091e-07,0.0
DTXSID5024263,2119,1.1706360508013496e-05,0.0
DTXSID5024269,2119,0.9985491012540545,1.0
DTXSID5024344,2119,0.0,0.0
DTXSID5024346,2119,3.35363429095431e-09,0.0
DTXSID5024392,2119,0.0,0.0
DTXSID5024394,2119,0.0,0.0
DTXSID5024471,2119,0.9586794573863338,1.0
DTXSID5024473,2119,0.9993437539248317,1.0
DTXSID5024479,2119,0.0,0.0
DTXSID5024500,2119,0.0,0.0
DTXSID5024504,2119,6.29948409589555e-15,0.0
DTXSID5024506,2119,0.0005994576020528674,0.0
DTXSID5024508,2119,0.0,0.0
DTXSID5024554,2119,,
DTXSID5024637,2119,0.0,0.0
DTXSID5024639,2119,0.0,0.0
DTXSID5024681,2119,0.0,0.0
DTXSID5024683,2119,0.0021475293286449624,0.0
DTXSID5024687,2119,0.9999959988484389,1.0
DTXSID5024710,2119,,
DTXSID5024764,2119,0.0,0.0
DTXSID5024845,2119,0.0,0.0
DTXSID5024891,2119,0.0,0.0
DTXSID5024922,2119,0.0,0.0
DTXSID5024926,2119,,
DTXSID5024970,2119,0.0,0.0
DTXSID5024976,2119,,
DTXSID5024978,2119,0.0,0.0
DTXSID5025021,2119,0.9999999682899391,1.0
DTXSID5025023,2119,0.0,0.0
DTXSID5025071,2119,0.0,0.0
DTXSID5025079,2119,0.0,0.0
DTXSID5025100,2119,,
DTXSID5025102,2119,,
DTXSID5025150,2119,0.0,0.0
DTXSID5025152,2119,,
DTXSID5025156,2119,5.600632973650153e-15,0.0
DTXSID5025231,2119,0.9999999978398115,1.0
DTXSID5025237,2119,,
DTXSID5025285,2119,0.0,0.0
DTXSID5025310,2119,0.0,0.0
DTXSID5025312,2119,9.906570379667813e-17,0.0
DTXSID5025318,2119,0.0,0.0
DTXSID5025364,2119,1.4924252535243907e-08,0.0
DTXSID5025447,2119,,
DTXSID5025449,2119,0.0,0.0
DTXSID5025570,2119,1.7112621318627132e-10,0.0
DTXSID5025572,2119,0.0,0.0
DTXSID5025574,2119,,
DTXSID5025578,2119,0.0,0.0
DTXSID5025603,2119,0.0,0.0
DTXSID5025607,2119,5.567160880431384e-06,0.0
DTXSID5025609,2119,0.0,0.0
DTXSID5025653,2119,0.0,0.0
DTXSID5025657,2119,0.0,0.0
DTXSID5025659,2119,0.0,0.0
DTXSID5025730,2119,0.0,0.0
DTXSID5025732,2119,0.0,0.0
DTXSID5025738,2119,0.0,0.0
DTXSID5025811,2119,0.022633291939701154,0.0
DTXSID5025815,2119,0.7558782910651948,0.0
DTXSID5025819,2119,0.0,0.0
DTXSID5025861,2119,0.999999987715734,1.0
DTXSID5025863,2119,0.0,0.0
DTXSID5025948,2119,0.9998520586003948,1.0
DTXSID5025998,2119,0.9999999998749793,1.0
DTXSID5026049,2119,0.0,0.0
DTXSID5026091,2119,,
DTXSID5026097,2119,0.0,0.0
DTXSID5026120,2119,0.0025180349550446837,0.0
DTXSID5026122,2119,4.821156904592226e-09,0.0
DTXSID5026124,2119,0.0,0.0
DTXSID5026174,2119,0.0,0.0
DTXSID5026178,2119,0.0,0.0
DTXSID5026203,2119,0.0,0.0
DTXSID5026205,2119,0.0,0.0
DTXSID5026207,2119,0.0,0.0
DTXSID5026209,2119,0.0,0.0
DTXSID5026251,2119,0.19215018160180994,0.0
DTXSID5026259,2119,0.17081271383954605,0.0
DTXSID5026461,2119,5.024291831743044e-06,0.0
DTXSID5026544,2119,1.2564308672530595e-07,0.0
DTXSID5026548,2119,0.0,0.0
DTXSID5026623,2119,0.9577830155666087,1.0
DTXSID5026625,2119,0.0,0.0
DTXSID5026702,2119,0.0,0.0
DTXSID5026706,2119,0.0,0.0
DTXSID5026837,2119,,
DTXSID5026889,2119,0.003806449868127125,0.0
DTXSID5026912,2119,0.0,0.0
DTXSID5026914,2119,0.0,0.0
DTXSID5026918,2119,0.00017110545720840613,0.0
DTXSID5027019,2119,0.0,0.0
DTXSID5027061,2119,0.8051448759675017,0.0
DTXSID5027063,2119,0.0,0.0
DTXSID5027069,2119,5.996322132068166e-06,0.0
DTXSID5027142,2119,0.0,0.0
DTXSID5027146,2119,0.0,0.0
DTXSID5027148,2119,0.0,0.0
DTXSID5027198,2119,0.0,0.0
DTXSID5027223,2119,4.5165759465337154e-17,0.0
DTXSID5027227,2119,4.6499946081770424e-05,0.0
DTXSID5027229,2119,0.0,0.0
DTXSID5027279,2119,0.0,0.0
DTXSID5027300,2119,0.0,0.0
DTXSID5027302,2119,5.020740579653747e-16,0.0
DTXSID5027304,2119,0.999903611170325,1.0
DTXSID5027308,2119,7.187610639454259e-08,0.0
DTXSID5027352,2119,0.0,0.0
DTXSID5027356,2119,3.981257079599822e-17,0.0
DTXSID5027358,2119,,
DTXSID5027433,2119,3.1654442377638677e-15,0.0
DTXSID5027487,2119,0.0,0.0
DTXSID5027489,2119,0.0,0.0
DTXSID5027512,2119,1.113145727461743e-14,0.0
DTXSID5027518,2119,0.0,0.0
DTXSID5027641,2119,0.0,0.0
DTXSID5027647,2119,0.0,0.0
DTXSID5027728,2119,0.0,0.0
DTXSID5027770,2119,0.0,0.0
DTXSID5027772,2119,0.0,0.0
DTXSID5027774,2119,1.839457678078747e-08,0.0
DTXSID5027803,2119,0.08577142367629083,0.0
DTXSID5027805,2119,0.0,0.0
DTXSID5027851,2119,0.0,0.0
DTXSID5027857,2119,0.0,0.0
DTXSID5027932,2119,0.0371102834266473,0.0
DTXSID5027936,2119,0.0,0.0
DTXSID5027982,2119,0.0,0.0
DTXSID5028033,2119,1.072784055268773e-14,0.0
DTXSID5028114,2119,0.0,0.0
DTXSID5028665,2119,0.0,0.0
DTXSID5029055,2119,0.9999999997832224,1.0
DTXSID5029059,2119,0.0,0.0
DTXSID5029136,2119,0.0,0.0
DTXSID5029182,2119,0.0,0.0
DTXSID5029184,2119,2.7801558958616637e-07,0.0
DTXSID5029186,2119,0.0,0.0
DTXSID5029211,2119,0.0,0.0
DTXSID5029217,2119,0.0,0.0
DTXSID5029263,2119,0.0,0.0
DTXSID5029265,2119,0.016936004610671573,0.0
DTXSID5029267,2119,0.00017661583859505597,0.0
DTXSID5029683,2119,0.0,0.0
DTXSID5029710,2119,,
DTXSID5029762,2119,0.9999999924572636,1.0
DTXSID5030955,2119,0.0,0.0
DTXSID5031131,2119,0.5838108935610357,0.0
DTXSID5031133,2119,5.002878631111178e-13,0.0
DTXSID5032315,2119,0.999928450315891,1.0
DTXSID5032361,2119,0.0,0.0
DTXSID5032365,2119,,
DTXSID5032442,2119,0.0,0.0
DTXSID5032498,2119,0.9466640506235905,1.0
DTXSID5032523,2119,0.9999999999999999,1.0
DTXSID5032525,2119,0.9996674389818255,1.0
DTXSID5032573,2119,0.9999971120022675,1.0
DTXSID5032577,2119,,
DTXSID5032579,2119,,
DTXSID5032600,2119,0.9984674859412133,1.0
DTXSID5032654,2119,7.183042938894576e-07,0.0
DTXSID5033096,2119,0.0,0.0
DTXSID5033098,2119,0.0,0.0
DTXSID5033179,2119,0.0,0.0
DTXSID5033389,2119,0.9922478290782005,1.0
DTXSID5033468,2119,0.9990394184773731,1.0
DTXSID5033595,2119,0.0,0.0
DTXSID5033674,2119,0.06756127895760747,0.0
DTXSID5033701,2119,,
DTXSID5033757,2119,0.999484336535743,1.0
DTXSID5033836,2119,0.9999413483765788,1.0
DTXSID5034270,2119,0.0,0.0
DTXSID5034303,2119,0.9756187357270564,1.0
DTXSID5034355,2119,0.0,0.0
DTXSID5034357,2119,0.0,0.0
DTXSID5034698,2119,0.0,0.0
DTXSID5034723,2119,,
DTXSID5034729,2119,0.0,0.0
DTXSID5034773,2119,0.0,0.0
DTXSID5034981,2119,0.9999999999998965,1.0
DTXSID5035163,2119,5.942149693231013e-13,0.0
DTXSID5035589,2119,0.0,0.0
DTXSID5035616,2119,0.0,0.0
DTXSID5035957,2119,0.0,0.0
DTXSID5036684,2119,0.9977922242507273,1.0
DTXSID5037028,2119,0.9999098790293364,1.0
DTXSID5037072,2119,7.847792694853755e-12,0.0
DTXSID5037236,2119,0.0,0.0
DTXSID5037494,2119,,
DTXSID5037498,2119,0.9962111013008125,1.0
DTXSID5037523,2119,0.0,0.0
DTXSID5037527,2119,1.1552036893421422e-11,0.0
DTXSID5037571,2119,0.8361253311986252,0.0
DTXSID5037579,2119,0.0,0.0
DTXSID5037731,2119,0.99999995337706,1.0
DTXSID5037739,2119,0.9999999614670143,1.0
DTXSID5038830,2119,0.0,0.0
DTXSID5038888,2119,0.9999999911427341,1.0
DTXSID5038919,2119,0.0,0.0
DTXSID5039224,2119,0.9999999985443808,1.0
DTXSID5039721,2119,0.999999794807827,1.0
DTXSID5040540,2119,,
DTXSID5040675,2119,0.892761291717686,0.0
DTXSID5040679,2119,0.0005143589766871662,0.0
DTXSID5040700,2119,0.0,0.0
DTXSID5040702,2119,0.0,0.0
DTXSID5040704,2119,0.9999999802493109,1.0
DTXSID5040706,2119,,
DTXSID5040708,2119,0.9999987506324095,1.0
DTXSID5040750,2119,0.9999973995600405,1.0
DTXSID5040758,2119,0.9999999398476265,1.0
DTXSID5041148,2119,2.75016237343681e-15,0.0
DTXSID5041190,2119,0.0,0.0
DTXSID5041273,2119,0.0,0.0
DTXSID5041275,2119,0.9989983424569392,1.0
DTXSID5041302,2119,,
DTXSID5041306,2119,0.0,0.0
DTXSID5041308,2119,0.9998776778304311,1.0
DTXSID5041356,2119,4.353444211265209e-15,0.0
DTXSID5041431,2119,,
DTXSID5041437,2119,0.0,0.0
DTXSID5041439,2119,0.0,0.0
DTXSID5041487,2119,,
DTXSID5041512,2119,0.0,0.0
DTXSID5041514,2119,4.520833377515452e-09,0.0
DTXSID5041516,2119,0.0,0.0
DTXSID5041518,2119,0.0,0.0
DTXSID5041560,2119,0.9999995602735147,1.0
DTXSID5041641,2119,0.0,0.0
DTXSID5041643,2119,4.48761979398715e-18,0.0
DTXSID5041691,2119,0.0,0.0
DTXSID5041699,2119,0.8430771421981729,0.0
DTXSID5041726,2119,1.050893906377707e-18,0.0
DTXSID5041728,2119,0.0,0.0
DTXSID5041772,2119,0.022093052009163047,0.0
DTXSID5041778,2119,0.9999974531325042,1.0
DTXSID5041803,2119,0.0,0.0
DTXSID5041809,2119,0.0,0.0
DTXSID5041851,2119,0.999999999994488,1.0
DTXSID5042083,2119,0.09724630541487907,0.0
DTXSID5042089,2119,0.0,0.0
DTXSID5042243,2119,0.9999994414075138,1.0
DTXSID5042247,2119,2.0525298582011422e-12,0.0
DTXSID5042249,2119,1.0,1.0
DTXSID5042297,2119,0.0005253842630137027,0.0
DTXSID5042299,2119,0.0,0.0
DTXSID5042320,2119,0.0,0.0
DTXSID5042324,2119,0.0,0.0
DTXSID5042378,2119,4.668888797126099e-16,0.0
DTXSID5042451,2119,0.0,0.0
DTXSID5042459,2119,0.9999998217195225,1.0
DTXSID5042584,2119,0.9936874103667834,1.0
DTXSID5042613,2119,4.250908374376955e-09,0.0
DTXSID5043714,2119,0.0,0.0
DTXSID5043895,2119,0.003514841120262543,0.0
DTXSID5044029,2119,0.9999721067098299,1.0
DTXSID5044154,2119,0.0,0.0
DTXSID5044233,2119,,
DTXSID5044289,2119,0.0003254343040555044,0.0
DTXSID5044314,2119,0.0,0.0
DTXSID5044316,2119,0.0,0.0
DTXSID5044318,2119,0.0,0.0
DTXSID5044360,2119,0.0,0.0
DTXSID5044362,2119,8.088662842532793e-13,0.0
DTXSID5044364,2119,0.0,0.0
DTXSID5044366,2119,0.9999655698259416,1.0
DTXSID5044368,2119,0.9996319232224437,1.0
DTXSID5044441,2119,,
DTXSID5044443,2119,0.0,0.0
DTXSID5044445,2119,0.0,0.0
DTXSID5044447,2119,0.0,0.0
DTXSID5044491,2119,0.0,0.0
DTXSID5044493,2119,0.0,0.0
DTXSID5044495,2119,0.0,0.0
DTXSID5044520,2119,0.9999999999971687,1.0
DTXSID5044522,2119,0.0,0.0
DTXSID5044526,2119,1.9563523694587594e-09,0.0
DTXSID5044528,2119,0.9999997158019436,1.0
DTXSID5044570,2119,,
DTXSID5044572,2119,,
DTXSID5044574,2119,0.0,0.0
DTXSID5044576,2119,0.0,0.0
DTXSID5044578,2119,,
DTXSID5044603,2119,0.0,0.0
DTXSID5044605,2119,,
DTXSID5044607,2119,0.9999992513652406,1.0
DTXSID5044609,2119,0.0,0.0
DTXSID5044655,2119,0.0,0.0
DTXSID5044732,2119,0.0,0.0
DTXSID5044734,2119,0.0,0.0
DTXSID5044738,2119,0.0,0.0
DTXSID5044780,2119,0.0,0.0
DTXSID5044782,2119,0.0,0.0
DTXSID5044784,2119,0.0,0.0
DTXSID5044786,2119,0.8959208440383224,0.0
DTXSID5044788,2119,0.0,0.0
DTXSID5044811,2119,0.0,0.0
DTXSID5044815,2119,2.1638368368690688e-12,0.0
DTXSID5044817,2119,0.8695575919478495,0.0
DTXSID5044819,2119,0.0,0.0
DTXSID5044863,2119,,
DTXSID5044865,2119,0.9998720622336393,1.0
DTXSID5044867,2119,0.0,0.0
DTXSID5044869,2119,0.9995132630761278,1.0
DTXSID5044940,2119,0.9999983683367921,1.0
DTXSID5044948,2119,0.0,0.0
DTXSID5044990,2119,0.0,0.0
DTXSID5044992,2119,0.999729500914047,1.0
DTXSID5044994,2119,0.0,0.0
DTXSID5044996,2119,,
DTXSID5044998,2119,,
DTXSID5045093,2119,0.0,0.0
DTXSID5045099,2119,0.0,0.0
DTXSID5045122,2119,0.0,0.0
DTXSID5045124,2119,0.9998804886955469,1.0
DTXSID5045128,2119,,
DTXSID5045170,2119,0.0,0.0
DTXSID5045174,2119,0.0,0.0
DTXSID5045176,2119,0.9995747711197888,1.0
DTXSID5045201,2119,1.4694261901938303e-05,0.0
DTXSID5045205,2119,0.9999999900981096,1.0
DTXSID5045209,2119,1.346156361909877e-05,0.0
DTXSID5045380,2119,5.1579908624812814e-08,0.0
DTXSID5045382,2119,0.00490207066505686,0.0
DTXSID5045386,2119,0.0,0.0
DTXSID5045388,2119,0.0,0.0
DTXSID5045413,2119,0.0003579284297159438,0.0
DTXSID5045417,2119,0.0,0.0
DTXSID5045419,2119,,
DTXSID5045461,2119,0.0,0.0
DTXSID5045469,2119,0.0,0.0
DTXSID5045540,2119,0.0,0.0
DTXSID5045590,2119,0.0,0.0
DTXSID5045594,2119,9.140232539592575e-07,0.0
DTXSID5045598,2119,0.8829482496364724,0.0
DTXSID5045623,2119,,
DTXSID5045625,2119,,
DTXSID5045673,2119,0.0,0.0
DTXSID5045677,2119,0.0,0.0
DTXSID5045700,2119,0.8884637429089633,0.0
DTXSID5045702,2119,0.0,0.0
DTXSID5045704,2119,0.0,0.0
DTXSID5045750,2119,0.9997838107284807,1.0
DTXSID5045752,2119,0.9997819841161322,1.0
DTXSID5045756,2119,0.0,0.0
DTXSID5045833,2119,0.0,0.0
DTXSID5045835,2119,0.0,0.0
DTXSID5045881,2119,0.9999999895373949,1.0
DTXSID5045883,2119,0.0,0.0
DTXSID5045887,2119,0.0,0.0
DTXSID5045889,2119,0.9999999912070918,1.0
DTXSID5045914,2119,0.0,0.0
DTXSID5045916,2119,0.9999999605176075,1.0
DTXSID5045960,2119,0.9598746847633235,1.0
DTXSID5045964,2119,2.1842161158022112e-13,0.0
DTXSID5046015,2119,0.0,0.0
DTXSID5046017,2119,0.0,0.0
DTXSID5046019,2119,0.9997091889724395,1.0
DTXSID5046067,2119,0.0,0.0
DTXSID5046069,2119,0.9999497037753534,1.0
DTXSID5046140,2119,0.9965260740099314,1.0
DTXSID5046142,2119,0.0,0.0
DTXSID5046148,2119,2.5913393600948225e-11,0.0
DTXSID5046190,2119,0.0,0.0
DTXSID5046196,2119,0.0,0.0
DTXSID5046221,2119,0.47573164501878507,0.0
DTXSID5046225,2119,0.9999412763731564,1.0
DTXSID5046227,2119,0.5856112602024092,0.0
DTXSID5046229,2119,1.3300229524975158e-11,0.0
DTXSID5046271,2119,0.0,0.0
DTXSID5046273,2119,0.0,0.0
DTXSID5046275,2119,0.0,0.0
DTXSID5046277,2119,0.9929866065998053,1.0
DTXSID5046279,2119,0.3624699583714888,0.0
DTXSID5046300,2119,0.0,0.0
DTXSID5046433,2119,0.0,0.0
DTXSID5046437,2119,0.9996867911627739,1.0
DTXSID5046439,2119,0.917751940453067,1.0
DTXSID5046481,2119,0.9791815544002547,1.0
DTXSID5046483,2119,0.0,0.0
DTXSID5046485,2119,,
DTXSID5046487,2119,0.0,0.0
DTXSID5046510,2119,,
DTXSID5046512,2119,0.6491931076499252,0.0
DTXSID5046560,2119,0.0,0.0
DTXSID5046641,2119,3.316865703414772e-12,0.0
DTXSID5046691,2119,0.9942448957481319,1.0
DTXSID5046693,2119,0.0,0.0
DTXSID5046695,2119,0.0,0.0
DTXSID5046697,2119,0.0,0.0
DTXSID5046699,2119,0.0,0.0
DTXSID5046724,2119,0.0,0.0
DTXSID5046726,2119,0.9927446012946658,1.0
DTXSID5046770,2119,0.0,0.0
DTXSID5046772,2119,0.9629951868100478,1.0
DTXSID5046776,2119,0.0,0.0
DTXSID5046801,2119,0.0,0.0
DTXSID5046803,2119,0.19943639300721594,0.0
DTXSID5046851,2119,,
DTXSID5046853,2119,0.9999979268973871,1.0
DTXSID5046938,2119,0.0,0.0
DTXSID5046980,2119,1.4329581179401165e-05,0.0
DTXSID5046986,2119,,
DTXSID5046988,2119,,
DTXSID5047031,2119,0.9999292662528305,1.0
DTXSID5047033,2119,0.0,0.0
DTXSID5047035,2119,6.756298470269279e-05,0.0
DTXSID5047037,2119,0.0,0.0
DTXSID5047039,2119,1.7302836948090936e-17,0.0
DTXSID5047081,2119,0.0,0.0
DTXSID5047083,2119,0.0,0.0
DTXSID5047085,2119,,
DTXSID5047087,2119,,
DTXSID5047089,2119,0.0,0.0
DTXSID5047110,2119,0.0,0.0
DTXSID5047112,2119,0.9960876921462423,1.0
DTXSID5047116,2119,0.0,0.0
DTXSID5047118,2119,1.028945906779e-09,0.0
DTXSID5047160,2119,0.0,0.0
DTXSID5047162,2119,0.0,0.0
DTXSID5047164,2119,0.0,0.0
DTXSID5047166,2119,0.0,0.0
DTXSID5047168,2119,0.0,0.0
DTXSID5047241,2119,0.0,0.0
DTXSID5047243,2119,0.0,0.0
DTXSID5047249,2119,0.9999997406454071,1.0
DTXSID5047291,2119,0.0,0.0
DTXSID5047295,2119,0.9999999964200191,1.0
DTXSID5047297,2119,0.0,0.0
DTXSID5047299,2119,0.0,0.0
DTXSID5047320,2119,0.999998503026059,1.0
DTXSID5047322,2119,0.9966908385208845,1.0
DTXSID5047324,2119,0.0,0.0
DTXSID5047328,2119,0.9999999958827436,1.0
DTXSID5047372,2119,0.9469595562250297,1.0
DTXSID5047374,2119,3.088322324325773e-05,0.0
DTXSID5047376,2119,0.0,0.0
DTXSID5047405,2119,0.0,0.0
DTXSID5047451,2119,0.0,0.0
DTXSID5047453,2119,0.0,0.0
DTXSID5047459,2119,0.0,0.0
DTXSID5047530,2119,0.9999999843199541,1.0
DTXSID5047538,2119,0.0,0.0
DTXSID5047582,2119,0.0,0.0
DTXSID5047584,2119,0.0,0.0
DTXSID5047611,2119,,
DTXSID5047617,2119,0.0,0.0
DTXSID5047661,2119,0.0,0.0
DTXSID5047663,2119,0.0,0.0
DTXSID5047665,2119,0.0,0.0
DTXSID5047667,2119,0.0,0.0
DTXSID5047744,2119,0.0,0.0
DTXSID5047790,2119,3.9961871304341003e-07,0.0
DTXSID5047796,2119,,
DTXSID5047825,2119,0.9994379909511873,1.0
DTXSID5047871,2119,2.4668274378919147e-10,0.0
DTXSID5047873,2119,0.9909193670085452,1.0
DTXSID5047875,2119,0.013904546256001684,0.0
DTXSID5047877,2119,0.0,0.0
DTXSID5047879,2119,0.0,0.0
DTXSID5047900,2119,0.9999911896120701,1.0
DTXSID5047902,2119,9.545843587365764e-05,0.0
DTXSID5047904,2119,0.0003466831517544854,0.0
DTXSID5047906,2119,0.02520920867399266,0.0
DTXSID5047908,2119,9.011390652161144e-10,0.0
DTXSID5047950,2119,0.942964663354249,1.0
DTXSID5047952,2119,0.9752630973343297,1.0
DTXSID5047954,2119,0.10343517147639653,0.0
DTXSID5047956,2119,,
DTXSID5048180,2119,0.0,0.0
DTXSID5048182,2119,1.2651729561091715e-10,0.0
DTXSID5048184,2119,0.9879377854936146,1.0
DTXSID5048186,2119,0.9999998061168995,1.0
DTXSID5048188,2119,2.7036082400874122e-05,0.0
DTXSID5048211,2119,0.0,0.0
DTXSID5048421,2119,6.022404923691915e-20,0.0
DTXSID5048506,2119,0.9347759213445171,1.0
DTXSID5048635,2119,0.0,0.0
DTXSID5048637,2119,0.03694038810346199,0.0
DTXSID5048685,2119,0.9996964310609459,1.0
DTXSID5048710,2119,0.0,0.0
DTXSID5048716,2119,0.0,0.0
DTXSID5048841,2119,0.0,0.0
DTXSID5048843,2119,0.9967866461910705,1.0
DTXSID5048845,2119,0.0,0.0
DTXSID5048847,2119,,
DTXSID5048849,2119,0.999993121373117,1.0
DTXSID5048891,2119,,
DTXSID5048893,2119,,
DTXSID5048895,2119,,
DTXSID5048897,2119,0.0,0.0
DTXSID5048899,2119,0.0,0.0
DTXSID5048920,2119,0.999999978328875,1.0
DTXSID5048922,2119,,
DTXSID5048924,2119,0.9991096933123601,1.0
DTXSID5048928,2119,0.0006012762690060622,0.0
DTXSID5048974,2119,0.0,0.0
DTXSID5048978,2119,,
DTXSID5049021,2119,0.999977831786063,1.0
DTXSID5049231,2119,,
DTXSID5049233,2119,1.2166912803301315e-07,0.0
DTXSID5049235,2119,,
DTXSID5049237,2119,0.999985313928705,1.0
DTXSID5049239,2119,0.0,0.0
DTXSID5049281,2119,,
DTXSID5049283,2119,0.9999973306234872,1.0
DTXSID5049285,2119,0.0,0.0
DTXSID5049287,2119,0.0,0.0
DTXSID5049289,2119,0.0,0.0
DTXSID5049310,2119,0.0,0.0
DTXSID5049312,2119,0.0,0.0
DTXSID5049314,2119,0.0,0.0
DTXSID5049316,2119,0.0,0.0
DTXSID5049318,2119,,
DTXSID5049360,2119,0.0,0.0
DTXSID5049362,2119,0.0,0.0
DTXSID5049364,2119,0.0,0.0
DTXSID5049366,2119,1.1358360407394302e-17,0.0
DTXSID5049368,2119,0.0,0.0
DTXSID5049445,2119,0.0,0.0
DTXSID5049447,2119,0.0,0.0
DTXSID5049449,2119,0.0,0.0
DTXSID5049491,2119,0.0,0.0
DTXSID5049493,2119,0.0,0.0
DTXSID5049495,2119,0.0,0.0
DTXSID5049497,2119,0.0,0.0
DTXSID5049499,2119,0.0,0.0
DTXSID5049520,2119,,
DTXSID5049522,2119,0.0,0.0
DTXSID5049524,2119,2.668532538065685e-11,0.0
DTXSID5049526,2119,6.451637378750788e-08,0.0
DTXSID5049528,2119,0.9995302201009273,1.0
DTXSID5050426,2119,0.0,0.0
DTXSID5051440,2119,0.0,0.0
DTXSID5051444,2119,1.0,1.0
DTXSID5051446,2119,7.369339705083169e-13,0.0
DTXSID5051525,2119,0.0,0.0
DTXSID5051529,2119,0.0,0.0
DTXSID5051575,2119,0.0,0.0
DTXSID5051650,2119,0.9999999825377576,1.0
DTXSID5051999,2119,0.0,0.0
DTXSID5052042,2119,0.005469523526826355,0.0
DTXSID5052125,2119,0.0,0.0
DTXSID5052250,2119,3.358657817723087e-14,0.0
DTXSID5052254,2119,0.0,0.0
DTXSID5052460,2119,0.0,0.0
DTXSID5052591,2119,1.1574906358834244e-08,0.0
DTXSID5052593,2119,0.0,0.0
DTXSID5052595,2119,,
DTXSID5052597,2119,0.0,0.0
DTXSID5052620,2119,0.0,0.0
DTXSID5052672,2119,0.0,0.0
DTXSID5052832,2119,,
DTXSID5052838,2119,0.0,0.0
DTXSID5052884,2119,0.0025428364944634426,0.0
DTXSID5057620,2119,,
DTXSID5057622,2119,0.9999900301293566,1.0
DTXSID5057624,2119,,
DTXSID5057626,2119,0.0,0.0
DTXSID5057628,2119,,
DTXSID5057670,2119,0.0,0.0
DTXSID5057672,2119,0.0,0.0
DTXSID5057674,2119,9.880771162426705e-19,0.0
DTXSID5057676,2119,6.350173658761164e-13,0.0
DTXSID5057678,2119,0.0,0.0
DTXSID5057701,2119,2.6602333483526235e-14,0.0
DTXSID5057703,2119,0.0,0.0
DTXSID5057705,2119,0.0,0.0
DTXSID5057707,2119,0.0,0.0
DTXSID5057709,2119,0.0,0.0
DTXSID5057751,2119,0.8566396109985357,0.0
DTXSID5057753,2119,0.9999999999802766,1.0
DTXSID5057755,2119,0.0,0.0
DTXSID5057757,2119,0.0,0.0
DTXSID5057759,2119,4.673545116021416e-06,0.0
DTXSID5057830,2119,0.0,0.0
DTXSID5057832,2119,0.993315906339281,1.0
DTXSID5057834,2119,0.9999681000543144,1.0
DTXSID5057836,2119,0.9987782447315345,1.0
DTXSID5057838,2119,2.1061372590171285e-10,0.0
DTXSID6020014,2119,0.0,0.0
DTXSID6020062,2119,0.035855788574369794,0.0
DTXSID6020064,2119,0.0,0.0
DTXSID6020066,2119,0.00024883484443244484,0.0
DTXSID6020068,2119,0.0,0.0
DTXSID6020141,2119,0.0,0.0
DTXSID6020143,2119,,
DTXSID6020145,2119,0.0,0.0
DTXSID6020147,2119,0.0,0.0
DTXSID6020149,2119,0.0,0.0
DTXSID6020193,2119,0.0,0.0
DTXSID6020197,2119,0.9994408731769614,1.0
DTXSID6020199,2119,0.0,0.0
DTXSID6020220,2119,0.9973958952341889,1.0
DTXSID6020222,2119,,
DTXSID6020224,2119,0.00443093244157464,0.0
DTXSID6020226,2119,1.0,1.0
DTXSID6020274,2119,1.3120055686601165e-08,0.0
DTXSID6020276,2119,0.9999991036962551,1.0
DTXSID6020278,2119,0.9999999989823526,1.0
DTXSID6020303,2119,0.0,0.0
DTXSID6020307,2119,0.0,0.0
DTXSID6020309,2119,0.0,0.0
DTXSID6020355,2119,0.0,0.0
DTXSID6020357,2119,,
DTXSID6020359,2119,0.0,0.0
DTXSID6020430,2119,0.0,0.0
DTXSID6020432,2119,0.999999102639847,1.0
DTXSID6020434,2119,,
DTXSID6020438,2119,0.0,0.0
DTXSID6020480,2119,0.0,0.0
DTXSID6020484,2119,0.0,0.0
DTXSID6020511,2119,0.7509657924262401,0.0
DTXSID6020513,2119,0.9999999999999999,1.0
DTXSID6020515,2119,0.0,0.0
DTXSID6020517,2119,0.0,0.0
DTXSID6020561,2119,0.5272460857181324,0.0
DTXSID6020569,2119,0.0019743520051758267,0.0
DTXSID6020646,2119,0.0,0.0
DTXSID6020648,2119,0.0,0.0
DTXSID6020690,2119,0.9999984409400586,1.0
DTXSID6020692,2119,0.0,0.0
DTXSID6020694,2119,0.0,0.0
DTXSID6020696,2119,5.151677083313051e-07,0.0
DTXSID6020721,2119,0.0,0.0
DTXSID6020771,2119,0.0,0.0
DTXSID6020777,2119,2.8425558698136878e-15,0.0
DTXSID6020779,2119,0.9999999877515402,1.0
DTXSID6020802,2119,0.0,0.0
DTXSID6020804,2119,1.1443571869756106e-16,0.0
DTXSID6020856,2119,,
DTXSID6020933,2119,0.0,0.0
DTXSID6020937,2119,4.156757333852087e-11,0.0
DTXSID6020939,2119,0.0,0.0
DTXSID6020981,2119,0.0,0.0
DTXSID6020983,2119,0.0,0.0
DTXSID6020985,2119,9.911081098362889e-16,0.0
DTXSID6021030,2119,0.00015720201251020905,0.0
DTXSID6021032,2119,0.0,0.0
DTXSID6021036,2119,0.0,0.0
DTXSID6021080,2119,0.9999561650958593,1.0
DTXSID6021082,2119,0.0,0.0
DTXSID6021084,2119,1.698301920912601e-15,0.0
DTXSID6021086,2119,3.346587780920171e-05,0.0
DTXSID6021113,2119,1.2098250735093351e-05,0.0
DTXSID6021117,2119,0.0,0.0
DTXSID6021165,2119,0.6059571194713987,0.0
DTXSID6021240,2119,0.9999881276744989,1.0
DTXSID6021244,2119,0.9998707342950743,1.0
DTXSID6021246,2119,0.9777127595066577,1.0
DTXSID6021248,2119,0.999999999673473,1.0
DTXSID6021290,2119,0.001333758006478908,0.0
DTXSID6021292,2119,0.0,0.0
DTXSID6021294,2119,0.0,0.0
DTXSID6021296,2119,3.1467172544366827e-06,0.0
DTXSID6021321,2119,0.9984212890847713,1.0
DTXSID6021371,2119,0.0003042916806694469,0.0
DTXSID6021373,2119,,
DTXSID6021375,2119,0.01357905178738842,0.0
DTXSID6021377,2119,0.0,0.0
DTXSID6021379,2119,0.0,0.0
DTXSID6021402,2119,1.4410528692089492e-13,0.0
DTXSID6021404,2119,0.0,0.0
DTXSID6021408,2119,1.0,1.0
DTXSID6021450,2119,0.8591544546961272,0.0
DTXSID6021456,2119,0.0,0.0
DTXSID6021458,2119,0.0,0.0
DTXSID6021581,2119,0.0,0.0
DTXSID6021583,2119,0.0,0.0
DTXSID6021585,2119,0.0,0.0
DTXSID6021610,2119,0.0,0.0
DTXSID6021618,2119,,
DTXSID6021660,2119,,
DTXSID6021666,2119,0.0,0.0
DTXSID6021668,2119,0.0,0.0
DTXSID6021741,2119,0.0,0.0
DTXSID6021749,2119,0.0,0.0
DTXSID6021793,2119,0.9848207373939941,1.0
DTXSID6021795,2119,,
DTXSID6021799,2119,0.0,0.0
DTXSID6021820,2119,0.0,0.0
DTXSID6021822,2119,0.0,0.0
DTXSID6021824,2119,0.999999998418251,1.0
DTXSID6021828,2119,,
DTXSID6021872,2119,0.0,0.0
DTXSID6021874,2119,0.0,0.0
DTXSID6021901,2119,0.0,0.0
DTXSID6021907,2119,0.0,0.0
DTXSID6021909,2119,,
DTXSID6021953,2119,,
DTXSID6021957,2119,0.0,0.0
DTXSID6021959,2119,0.9999909533192993,1.0
DTXSID6022000,2119,0.0,0.0
DTXSID6022002,2119,0.0,0.0
DTXSID6022004,2119,0.0,0.0
DTXSID6022006,2119,0.0,0.0
DTXSID6022008,2119,0.0,0.0
DTXSID6022050,2119,0.0,0.0
DTXSID6022056,2119,0.9999785557541165,1.0
DTXSID6022058,2119,0.0,0.0
DTXSID6022131,2119,0.0,0.0
DTXSID6022133,2119,0.0,0.0
DTXSID6022137,2119,0.0,0.0
DTXSID6022187,2119,,
DTXSID6022218,2119,0.0,0.0
DTXSID6022341,2119,0.0,0.0
DTXSID6022345,2119,0.9999999999999981,1.0
DTXSID6022391,2119,0.9999999982208873,1.0
DTXSID6022393,2119,0.9938826842350317,1.0
DTXSID6022399,2119,,
DTXSID6022420,2119,,
DTXSID6022422,2119,3.5174767143700063e-07,0.0
DTXSID6022472,2119,,
DTXSID6022474,2119,1.1085007176636591e-10,0.0
DTXSID6022557,2119,0.0,0.0
DTXSID6022636,2119,0.00030997102359907693,0.0
DTXSID6022684,2119,0.007950632094799735,0.0
DTXSID6022688,2119,0.9161429375256991,1.0
DTXSID6022715,2119,0.9569520114433436,1.0
DTXSID6022719,2119,0.06981356458410243,0.0
DTXSID6022842,2119,0.0,0.0
DTXSID6022844,2119,0.9999999966028855,1.0
DTXSID6022846,2119,0.0,0.0
DTXSID6022892,2119,0.43044643985806114,0.0
DTXSID6022894,2119,0.9994751468901084,1.0
DTXSID6022927,2119,0.0,0.0
DTXSID6022973,2119,0.8374390698354676,0.0
DTXSID6022975,2119,0.0,0.0
DTXSID6022977,2119,0.0,0.0
DTXSID6023024,2119,,
DTXSID6023028,2119,0.0,0.0
DTXSID6023078,2119,,
DTXSID6023101,2119,0.0,0.0
DTXSID6023103,2119,2.325827732418584e-08,0.0
DTXSID6023109,2119,0.0,0.0
DTXSID6023153,2119,5.510138701890634e-13,0.0
DTXSID6023155,2119,0.9999999999797224,1.0
DTXSID6023157,2119,0.0,0.0
DTXSID6023159,2119,0.9999980474625253,1.0
DTXSID6023286,2119,,
DTXSID6023313,2119,0.0,0.0
DTXSID6023315,2119,0.0,0.0
DTXSID6023317,2119,0.9903948626946505,1.0
DTXSID6023363,2119,0.9999973945582072,1.0
DTXSID6023367,2119,0.0,0.0
DTXSID6023369,2119,3.1874738087896364e-11,0.0
DTXSID6023440,2119,0.0,0.0
DTXSID6023442,2119,0.0,0.0
DTXSID6023490,2119,0.9982557387679883,1.0
DTXSID6023496,2119,0.0,0.0
DTXSID6023523,2119,0.0,0.0
DTXSID6023529,2119,0.0,0.0
DTXSID6023602,2119,0.0,0.0
DTXSID6023606,2119,0.0,0.0
DTXSID6023608,2119,0.0,0.0
DTXSID6023652,2119,0.9999961205669866,1.0
DTXSID6023656,2119,0.99999997168101,1.0
DTXSID6023733,2119,0.0,0.0
DTXSID6023737,2119,0.0,0.0
DTXSID6023810,2119,0.999999994027242,1.0
DTXSID6023862,2119,0.0,0.0
DTXSID6023864,2119,1.0698792424951062e-06,0.0
DTXSID6023868,2119,0.9999999999974226,1.0
DTXSID6023947,2119,,
DTXSID6023997,2119,0.0,0.0
DTXSID6023999,2119,0.0,0.0
DTXSID6024046,2119,0.9991460995328306,1.0
DTXSID6024048,2119,0.9687305042872888,1.0
DTXSID6024123,2119,0.9926580029809637,1.0
DTXSID6024127,2119,,
DTXSID6024175,2119,0.0,0.0
DTXSID6024177,2119,0.0,0.0
DTXSID6024200,2119,0.0,0.0
DTXSID6024204,2119,0.0,0.0
DTXSID6024206,2119,9.690296483657798e-06,0.0
DTXSID6024254,2119,0.0,0.0
DTXSID6024331,2119,0.9997107558283298,1.0
DTXSID6024337,2119,6.022502346311368e-15,0.0
DTXSID6024412,2119,0.0,0.0
DTXSID6024414,2119,0.0,0.0
DTXSID6024460,2119,0.999999054820931,1.0
DTXSID6024462,2119,0.0,0.0
DTXSID6024466,2119,1.917245855924986e-13,0.0
DTXSID6024591,2119,0.0,0.0
DTXSID6024597,2119,0.0,0.0
DTXSID6024599,2119,0.0,0.0
DTXSID6024624,2119,0.9999915782937941,1.0
DTXSID6024628,2119,0.0,0.0
DTXSID6024670,2119,0.0,0.0
DTXSID6024674,2119,3.036231617486213e-08,0.0
DTXSID6024676,2119,0.0,0.0
DTXSID6024701,2119,0.9999970058169223,1.0
DTXSID6024832,2119,1.5360211308497684e-06,0.0
DTXSID6024834,2119,4.546427161039957e-10,0.0
DTXSID6024836,2119,0.0,0.0
DTXSID6024838,2119,0.0,0.0
DTXSID6024880,2119,0.6083437406113138,0.0
DTXSID6024882,2119,,
DTXSID6024886,2119,7.149697315875135e-10,0.0
DTXSID6024888,2119,0.0,0.0
DTXSID6024911,2119,0.9999988691717678,1.0
DTXSID6024913,2119,0.0,0.0
DTXSID6024915,2119,,
DTXSID6024917,2119,0.0,0.0
DTXSID6024961,2119,0.9999861595172618,1.0
DTXSID6024965,2119,,
DTXSID6024967,2119,0.0,0.0
DTXSID6025010,2119,1.6330179293342405e-11,0.0
DTXSID6025012,2119,,
DTXSID6025014,2119,0.0,0.0
DTXSID6025018,2119,1.3864201966671557e-11,0.0
DTXSID6025064,2119,,
DTXSID6025068,2119,0.1015196183169739,0.0
DTXSID6025141,2119,0.0,0.0
DTXSID6025143,2119,0.0,0.0
DTXSID6025145,2119,,
DTXSID6025149,2119,0.9999999931824569,1.0
DTXSID6025220,2119,5.068398414448724e-11,0.0
DTXSID6025226,2119,0.999989661489719,1.0
DTXSID6025272,2119,0.0,0.0
DTXSID6025276,2119,0.0,0.0
DTXSID6025278,2119,0.0,0.0
DTXSID6025301,2119,0.0,0.0
DTXSID6025303,2119,,
DTXSID6025305,2119,0.11851130642013274,0.0
DTXSID6025307,2119,0.9980732204519913,1.0
DTXSID6025309,2119,,
DTXSID6025355,2119,0.0,0.0
DTXSID6025432,2119,0.0,0.0
DTXSID6025436,2119,0.7269162276187787,0.0
DTXSID6025438,2119,0.0,0.0
DTXSID6025480,2119,,
DTXSID6025486,2119,0.0,0.0
DTXSID6025513,2119,0.9999999999999961,1.0
DTXSID6025565,2119,0.9999806540007229,1.0
DTXSID6025567,2119,0.0,0.0
DTXSID6025569,2119,0.0,0.0
DTXSID6025640,2119,1.0255467585301423e-05,0.0
DTXSID6025642,2119,,
DTXSID6025648,2119,0.0,0.0
DTXSID6025690,2119,0.40699102585478675,0.0
DTXSID6025692,2119,0.0,0.0
DTXSID6025696,2119,0.9999999999990297,1.0
DTXSID6025723,2119,0.0,0.0
DTXSID6025725,2119,0.0,0.0
DTXSID6025775,2119,0.0,0.0
DTXSID6025804,2119,,
DTXSID6025850,2119,0.0,0.0
DTXSID6025854,2119,,
DTXSID6025939,2119,0.053072240588899165,0.0
DTXSID6025983,2119,2.2279100012911942e-09,0.0
DTXSID6026080,2119,0.0,0.0
DTXSID6026082,2119,5.693902136131447e-07,0.0
DTXSID6026084,2119,0.0015123844916973882,0.0
DTXSID6026088,2119,0.9995850097883833,1.0
DTXSID6026115,2119,0.0,0.0
DTXSID6026119,2119,0.0,0.0
DTXSID6026161,2119,0.0,0.0
DTXSID6026167,2119,0.03539842863765191,0.0
DTXSID6026169,2119,0.0,0.0
DTXSID6026240,2119,,
DTXSID6026292,2119,,
DTXSID6026294,2119,0.9999998723491211,1.0
DTXSID6026298,2119,0.05050350052873649,0.0
DTXSID6026325,2119,2.155699609575254e-09,0.0
DTXSID6026373,2119,6.042655702940783e-16,0.0
DTXSID6026450,2119,0.0,0.0
DTXSID6026535,2119,0.0,0.0
DTXSID6026537,2119,0.0,0.0
DTXSID6026612,2119,0.005401594363833568,0.0
DTXSID6026664,2119,2.637128126001824e-07,0.0
DTXSID6026797,2119,0.0,0.0
DTXSID6026799,2119,0.0,0.0
DTXSID6026824,2119,0.0,0.0
DTXSID6026872,2119,0.0,0.0
DTXSID6026878,2119,0.0,0.0
DTXSID6026901,2119,0.9982214063860562,1.0
DTXSID6026905,2119,0.0,0.0
DTXSID6026955,2119,0.0,0.0
DTXSID6027050,2119,0.9999999999999896,1.0
DTXSID6027052,2119,0.0,0.0
DTXSID6027131,2119,0.0,0.0
DTXSID6027133,2119,0.0,0.0
DTXSID6027137,2119,0.002236065019817097,0.0
DTXSID6027181,2119,6.094338083809851e-14,0.0
DTXSID6027185,2119,0.00019636744768447657,0.0
DTXSID6027214,2119,,
DTXSID6027218,2119,0.0,0.0
DTXSID6027262,2119,0.0,0.0
DTXSID6027266,2119,0.0,0.0
DTXSID6027268,2119,0.0,0.0
DTXSID6027341,2119,0.9999999786236012,1.0
DTXSID6027343,2119,0.0,0.0
DTXSID6027345,2119,0.9941290140178366,1.0
DTXSID6027397,2119,0.0,0.0
DTXSID6027503,2119,0.0,0.0
DTXSID6027507,2119,0.0,0.0
DTXSID6027509,2119,0.0,0.0
DTXSID6027551,2119,0.0,0.0
DTXSID6027634,2119,0.0,0.0
DTXSID6027636,2119,0.5784529411815298,0.0
DTXSID6027713,2119,0.652780504904589,0.0
DTXSID6027844,2119,,
DTXSID6027921,2119,0.0004574356621915986,0.0
DTXSID6027923,2119,0.9967163832061232,1.0
DTXSID6027925,2119,0.9999999968262778,1.0
DTXSID6027975,2119,0.0,0.0
DTXSID6028022,2119,0.07737697476785524,0.0
DTXSID6028028,2119,0.0,0.0
DTXSID6028492,2119,0.9998792991719484,1.0
DTXSID6029121,2119,,
DTXSID6029127,2119,,
DTXSID6029171,2119,0.0,0.0
DTXSID6029202,2119,0.0,0.0
DTXSID6029250,2119,0.0,0.0
DTXSID6029254,2119,0.0,0.0
DTXSID6029331,2119,0.0,0.0
DTXSID6029626,2119,0.0,0.0
DTXSID6029670,2119,0.0,0.0
DTXSID6029703,2119,0.0,0.0
DTXSID6029707,2119,,
DTXSID6029755,2119,0.0,0.0
DTXSID6030607,2119,0.0,0.0
DTXSID6031209,2119,0.000623684169190401,0.0
DTXSID6031380,2119,0.0,0.0
DTXSID6031461,2119,0.0,0.0
DTXSID6032061,2119,0.9999110126442067,1.0
DTXSID6032192,2119,1.0,1.0
DTXSID6032352,2119,0.002157178115931168,0.0
DTXSID6032354,2119,4.149454827081142e-07,0.0
DTXSID6032356,2119,,
DTXSID6032358,2119,0.0,0.0
DTXSID6032431,2119,0.9970244462611009,1.0
DTXSID6032437,2119,1.197035314047612e-11,0.0
DTXSID6032514,2119,0.9999861653444315,1.0
DTXSID6032516,2119,0.0,0.0
DTXSID6032518,2119,0.9350629694077462,1.0
DTXSID6032562,2119,0.7745562557819003,0.0
DTXSID6032641,2119,0.0,0.0
DTXSID6032645,2119,5.6586627047663594e-11,0.0
DTXSID6032647,2119,0.9999957992604727,1.0
DTXSID6032649,2119,0.9944098743417565,1.0
DTXSID6032722,2119,0.0,0.0
DTXSID6033241,2119,0.0,0.0
DTXSID6033247,2119,0.007155550729537694,0.0
DTXSID6033326,2119,2.488881289304975e-08,0.0
DTXSID6033401,2119,0.00015974035179667899,0.0
DTXSID6033538,2119,0.9999999999988198,1.0
DTXSID6033825,2119,0.0,0.0
DTXSID6034005,2119,0.0,0.0
DTXSID6034186,2119,0.9999999999783759,1.0
DTXSID6034265,2119,0.0,0.0
DTXSID6034392,2119,0.0028794257745912177,0.0
DTXSID6034762,2119,0.0,0.0
DTXSID6034764,2119,,
DTXSID6034849,2119,0.0,0.0
DTXSID6034924,2119,0.0,0.0
DTXSID6034928,2119,,
DTXSID6034972,2119,0.0,0.0
DTXSID6035152,2119,0.0,0.0
DTXSID6035156,2119,0.0,0.0
DTXSID6035285,2119,0.9999683098010771,1.0
DTXSID6035784,2119,0.6846222451808012,0.0
DTXSID6036467,2119,,
DTXSID6037015,2119,6.731376175941266e-07,0.0
DTXSID6037483,2119,0.0,0.0
DTXSID6037564,2119,0.9910778807967643,1.0
DTXSID6037568,2119,0.0,0.0
DTXSID6037649,2119,0.0,0.0
DTXSID6037697,2119,0.0,0.0
DTXSID6037728,2119,0.9999997799427255,1.0
DTXSID6038326,2119,0.0,0.0
DTXSID6038798,2119,0.0,0.0
DTXSID6038827,2119,3.500582575112137e-08,0.0
DTXSID6038875,2119,0.0,0.0
DTXSID6038877,2119,0.9999998524927587,1.0
DTXSID6040111,2119,3.442905933108742e-10,0.0
DTXSID6040115,2119,0.0,0.0
DTXSID6040246,2119,0.0,0.0
DTXSID6040290,2119,0.05590317667576795,0.0
DTXSID6040296,2119,0.0,0.0
DTXSID6040371,2119,0.0,0.0
DTXSID6040373,2119,7.741429378891001e-08,0.0
DTXSID6040375,2119,1.4513720949887124e-13,0.0
DTXSID6040404,2119,0.9984014295020719,1.0
DTXSID6040583,2119,3.084498354651098e-14,0.0
DTXSID6040614,2119,0.0,0.0
DTXSID6040662,2119,0.9999389461997773,1.0
DTXSID6040664,2119,0.0,0.0
DTXSID6040668,2119,0.9827742618343688,1.0
DTXSID6040743,2119,0.9953629257110663,1.0
DTXSID6040745,2119,0.9999997640457372,1.0
DTXSID6040747,2119,0.0065213245431010765,0.0
DTXSID6040795,2119,7.258490700531916e-06,0.0
DTXSID6041056,2119,0.0,0.0
DTXSID6041133,2119,,
DTXSID6041137,2119,0.0,0.0
DTXSID6041185,2119,0.0,0.0
DTXSID6041210,2119,0.0,0.0
DTXSID6041268,2119,0.999999994900069,1.0
DTXSID6041347,2119,0.0,0.0
DTXSID6041349,2119,0.0,0.0
DTXSID6041397,2119,0.0,0.0
DTXSID6041420,2119,0.0,0.0
DTXSID6041422,2119,,
DTXSID6041424,2119,0.0,0.0
DTXSID6041426,2119,0.0,0.0
DTXSID6041472,2119,0.0,0.0
DTXSID6041503,2119,0.9999200654646556,1.0
DTXSID6041507,2119,0.0,0.0
DTXSID6041551,2119,0.0,0.0
DTXSID6041557,2119,0.0,0.0
DTXSID6041636,2119,0.0,0.0
DTXSID6041638,2119,0.0,0.0
DTXSID6041680,2119,0.26589566382622143,0.0
DTXSID6041682,2119,0.0,0.0
DTXSID6041684,2119,0.9152133446208253,1.0
DTXSID6041688,2119,0.9996725672146067,1.0
DTXSID6041715,2119,0.0,0.0
DTXSID6041719,2119,0.0,0.0
DTXSID6041761,2119,0.999992284498563,1.0
DTXSID6041844,2119,0.0,0.0
DTXSID6041892,2119,0.0,0.0
DTXSID6041925,2119,0.0,0.0
DTXSID6041927,2119,3.8329714098850426e-12,0.0
DTXSID6041973,2119,0.00017477202131115427,0.0
DTXSID6041977,2119,0.9997895272023093,1.0
DTXSID6042072,2119,0.0,0.0
DTXSID6042074,2119,0.0,0.0
DTXSID6042151,2119,1.5954334854336683e-12,0.0
DTXSID6042157,2119,6.768017735354776e-09,0.0
DTXSID6042232,2119,0.0,0.0
DTXSID6042234,2119,0.0,0.0
DTXSID6042280,2119,0.8806674829553505,0.0
DTXSID6042282,2119,5.117170477427842e-12,0.0
DTXSID6042315,2119,0.9590339308760109,1.0
DTXSID6042365,2119,0.0,0.0
DTXSID6042369,2119,0.972457444494681,1.0
DTXSID6042440,2119,0.0,0.0
DTXSID6042448,2119,1.5911765759762794e-05,0.0
DTXSID6042490,2119,0.0,0.0
DTXSID6042494,2119,7.484931065096458e-17,0.0
DTXSID6042498,2119,0.9999999999999999,1.0
DTXSID6042521,2119,0.0,0.0
DTXSID6042579,2119,0.9999999658368974,1.0
DTXSID6042602,2119,0.0,0.0
DTXSID6043709,2119,0.0,0.0
DTXSID6043913,2119,,
DTXSID6043915,2119,0.9999999999996227,1.0
DTXSID6043917,2119,0.24557924040546078,0.0
DTXSID6043919,2119,0.0,0.0
DTXSID6044199,2119,0.0,0.0
DTXSID6044226,2119,0.8140774714531435,0.0
DTXSID6044303,2119,0.9997887831696546,1.0
DTXSID6044307,2119,0.0,0.0
DTXSID6044309,2119,1.0,1.0
DTXSID6044353,2119,0.0,0.0
DTXSID6044355,2119,0.0,0.0
DTXSID6044357,2119,0.0,0.0
DTXSID6044359,2119,0.0,0.0
DTXSID6044430,2119,0.0,0.0
DTXSID6044436,2119,0.0,0.0
DTXSID6044438,2119,,
DTXSID6044480,2119,0.9999976333820962,1.0
DTXSID6044484,2119,,
DTXSID6044486,2119,0.0,0.0
DTXSID6044488,2119,0.0,0.0
DTXSID6044511,2119,0.0,0.0
DTXSID6044513,2119,0.0,0.0
DTXSID6044515,2119,0.0,0.0
DTXSID6044517,2119,0.0,0.0
DTXSID6044519,2119,0.14034610129742686,0.0
DTXSID6044561,2119,1.3581861845574436e-12,0.0
DTXSID6044563,2119,0.0,0.0
DTXSID6044565,2119,1.744123586609089e-13,0.0
DTXSID6044642,2119,0.706533296298596,0.0
DTXSID6044644,2119,0.0,0.0
DTXSID6044646,2119,0.0,0.0
DTXSID6044648,2119,0.0,0.0
DTXSID6044690,2119,,
DTXSID6044692,2119,0.0,0.0
DTXSID6044696,2119,0.0,0.0
DTXSID6044698,2119,0.0,0.0
DTXSID6044721,2119,0.0,0.0
DTXSID6044723,2119,7.679464141533349e-16,0.0
DTXSID6044725,2119,0.0,0.0
DTXSID6044727,2119,0.0,0.0
DTXSID6044771,2119,,
DTXSID6044773,2119,,
DTXSID6044777,2119,0.0,0.0
DTXSID6044779,2119,0.999549031156169,1.0
DTXSID6044800,2119,0.0,0.0
DTXSID6044802,2119,0.0,0.0
DTXSID6044804,2119,0.0,0.0
DTXSID6044808,2119,1.1510682738687937e-13,0.0
DTXSID6044852,2119,0.00019066475232022253,0.0
DTXSID6044854,2119,0.0,0.0
DTXSID6044856,2119,2.921273782500492e-07,0.0
DTXSID6044858,2119,,
DTXSID6044931,2119,,
DTXSID6044933,2119,,
DTXSID6044935,2119,0.0,0.0
DTXSID6044939,2119,,
DTXSID6044981,2119,0.0,0.0
DTXSID6044983,2119,,
DTXSID6044985,2119,0.0,0.0
DTXSID6044989,2119,0.0,0.0
DTXSID6045084,2119,0.0,0.0
DTXSID6045088,2119,,
DTXSID6045111,2119,0.9999998938801237,1.0
DTXSID6045117,2119,0.986922267539803,1.0
DTXSID6045119,2119,1.698546200018623e-10,0.0
DTXSID6045161,2119,0.9999999999952974,1.0
DTXSID6045163,2119,0.0,0.0
DTXSID6045165,2119,0.8940271751615759,0.0
DTXSID6045167,2119,4.930054480828683e-11,0.0
DTXSID6045169,2119,0.0,0.0
DTXSID6045248,2119,0.22410894530181333,0.0
DTXSID6045292,2119,0.0,0.0
DTXSID6045296,2119,0.0,0.0
DTXSID6045321,2119,0.0,0.0
DTXSID6045323,2119,0.0,0.0
DTXSID6045371,2119,0.0,0.0
DTXSID6045373,2119,0.0,0.0
DTXSID6045375,2119,0.9748741489052727,1.0
DTXSID6045377,2119,0.9999999902661926,1.0
DTXSID6045400,2119,,
DTXSID6045452,2119,0.9999924105192037,1.0
DTXSID6045531,2119,0.0,0.0
DTXSID6045533,2119,4.074744188779437e-05,0.0
DTXSID6045583,2119,0.9999999994031272,1.0
DTXSID6045587,2119,2.548883013132509e-08,0.0
DTXSID6045614,2119,0.9365215593526783,1.0
DTXSID6045616,2119,0.9999992577768616,1.0
DTXSID6045618,2119,0.0,0.0
DTXSID6045660,2119,0.4162746743347279,0.0
DTXSID6045662,2119,0.9059273356706605,1.0
DTXSID6045666,2119,0.0,0.0
DTXSID6045668,2119,0.0,0.0
DTXSID6045741,2119,0.0,0.0
DTXSID6045743,2119,0.0,0.0
DTXSID6045745,2119,0.0,0.0
DTXSID6045791,2119,0.9999999294656654,1.0
DTXSID6045820,2119,0.0,0.0
DTXSID6045828,2119,4.5021485587985326e-11,0.0
DTXSID6045870,2119,0.0,0.0
DTXSID6045874,2119,,
DTXSID6045878,2119,0.0,0.0
DTXSID6045901,2119,0.0,0.0
DTXSID6045907,2119,0.9999628907370381,1.0
DTXSID6045909,2119,0.0,0.0
DTXSID6045953,2119,0.0010286620309053183,0.0
DTXSID6045955,2119,0.996156990273142,1.0
DTXSID6045957,2119,0.008939479292504365,0.0
DTXSID6046000,2119,,
DTXSID6046131,2119,0.0,0.0
DTXSID6046137,2119,0.9999247864388409,1.0
DTXSID6046181,2119,0.0003205487085491225,0.0
DTXSID6046216,2119,3.4697943784539932e-12,0.0
DTXSID6046260,2119,0.0,0.0
DTXSID6046264,2119,0.0,0.0
DTXSID6046266,2119,4.721624972463436e-09,0.0
DTXSID6046341,2119,0.0,0.0
DTXSID6046343,2119,0.0,0.0
DTXSID6046345,2119,0.0,0.0
DTXSID6046347,2119,0.0,0.0
DTXSID6046349,2119,,
DTXSID6046391,2119,0.0,0.0
DTXSID6046395,2119,,
DTXSID6046399,2119,2.168333743128701e-06,0.0
DTXSID6046420,2119,0.0,0.0
DTXSID6046422,2119,0.0,0.0
DTXSID6046424,2119,0.0,0.0
DTXSID6046426,2119,8.457707929096975e-08,0.0
DTXSID6046428,2119,0.0,0.0
DTXSID6046470,2119,2.976227227425446e-06,0.0
DTXSID6046472,2119,0.9999998693299011,1.0
DTXSID6046474,2119,0.0,0.0
DTXSID6046478,2119,0.9993776469419897,1.0
DTXSID6046501,2119,0.0,0.0
DTXSID6046503,2119,1.0,1.0
DTXSID6046505,2119,0.0,0.0
DTXSID6046507,2119,0.99999999999998,1.0
DTXSID6046553,2119,0.9996645785726093,1.0
DTXSID6046555,2119,0.9998036296790072,1.0
DTXSID6046557,2119,,
DTXSID6046634,2119,0.0,0.0
DTXSID6046638,2119,0.0,0.0
DTXSID6046688,2119,0.0,0.0
DTXSID6046715,2119,0.0,0.0
DTXSID6046767,2119,0.0,0.0
DTXSID6046842,2119,,
DTXSID6046890,2119,0.0,0.0
DTXSID6046892,2119,0.9999099131768884,1.0
DTXSID6046896,2119,,
DTXSID6046925,2119,0.0,0.0
DTXSID6046977,2119,0.0,0.0
DTXSID6046979,2119,0.9999349704690835,1.0
DTXSID6047028,2119,0.0,0.0
DTXSID6047070,2119,0.0,0.0
DTXSID6047072,2119,,
DTXSID6047074,2119,0.0,0.0
DTXSID6047078,2119,0.0,0.0
DTXSID6047101,2119,,
DTXSID6047103,2119,0.9999521877311145,1.0
DTXSID6047105,2119,0.0,0.0
DTXSID6047107,2119,0.0,0.0
DTXSID6047109,2119,0.0,0.0
DTXSID6047155,2119,3.467417189511697e-10,0.0
DTXSID6047157,2119,0.0,0.0
DTXSID6047159,2119,2.538292255846592e-18,0.0
DTXSID6047236,2119,0.0,0.0
DTXSID6047280,2119,0.902442359970532,1.0
DTXSID6047282,2119,0.0,0.0
DTXSID6047284,2119,4.549187859751334e-13,0.0
DTXSID6047286,2119,0.0,0.0
DTXSID6047288,2119,0.9774635737390338,1.0
DTXSID6047311,2119,0.9999999996362496,1.0
DTXSID6047313,2119,0.0,0.0
DTXSID6047315,2119,0.9999999530814285,1.0
DTXSID6047319,2119,,
DTXSID6047363,2119,0.0,0.0
DTXSID6047369,2119,0.999999999961938,1.0
DTXSID6047440,2119,0.0,0.0
DTXSID6047444,2119,0.0,0.0
DTXSID6047446,2119,0.9991271036416669,1.0
DTXSID6047448,2119,0.0,0.0
DTXSID6047490,2119,0.0,0.0
DTXSID6047498,2119,1.0,1.0
DTXSID6047523,2119,,
DTXSID6047525,2119,0.0,0.0
DTXSID6047527,2119,0.0,0.0
DTXSID6047529,2119,,
DTXSID6047579,2119,6.721175103570067e-13,0.0
DTXSID6047602,2119,0.0,0.0
DTXSID6047604,2119,0.001176094012923528,0.0
DTXSID6047606,2119,0.0,0.0
DTXSID6047608,2119,0.0,0.0
DTXSID6047654,2119,0.0,0.0
DTXSID6047656,2119,0.0,0.0
DTXSID6047781,2119,0.0,0.0
DTXSID6047783,2119,0.4429730697237066,0.0
DTXSID6047785,2119,0.9999994557217224,1.0
DTXSID6047787,2119,8.164875040256021e-11,0.0
DTXSID6047789,2119,0.0,0.0
DTXSID6047818,2119,7.915894936926339e-20,0.0
DTXSID6047941,2119,,
DTXSID6047943,2119,0.2904305535548675,0.0
DTXSID6047945,2119,0.0,0.0
DTXSID6047947,2119,0.0,0.0
DTXSID6047949,2119,0.0,0.0
DTXSID6048171,2119,,
DTXSID6048175,2119,0.0,0.0
DTXSID6048200,2119,,
DTXSID6048202,2119,0.0,0.0
DTXSID6048204,2119,0.0,0.0
DTXSID6048206,2119,8.182539888618323e-15,0.0
DTXSID6048208,2119,0.0,0.0
DTXSID6048383,2119,0.0,0.0
DTXSID6048591,2119,0.0,0.0
DTXSID6048597,2119,6.655504652815008e-08,0.0
DTXSID6048620,2119,8.711914666282246e-12,0.0
DTXSID6048672,2119,0.3324865699145083,0.0
DTXSID6048674,2119,5.0222756866064635e-19,0.0
DTXSID6048676,2119,0.0,0.0
DTXSID6048830,2119,1.641544329593534e-06,0.0
DTXSID6048834,2119,1.6234589475271606e-12,0.0
DTXSID6048836,2119,0.0,0.0
DTXSID6048838,2119,,
DTXSID6048880,2119,0.0,0.0
DTXSID6048882,2119,0.0044782459028016395,0.0
DTXSID6048884,2119,0.0,0.0
DTXSID6048886,2119,0.0,0.0
DTXSID6048888,2119,0.035966791822718704,0.0
DTXSID6048915,2119,0.9911914026751684,1.0
DTXSID6048919,2119,0.9994064865848603,1.0
DTXSID6048961,2119,1.0,1.0
DTXSID6048965,2119,,
DTXSID6048967,2119,0.9999868882631039,1.0
DTXSID6049018,2119,,
DTXSID6049060,2119,0.0013328861384196802,0.0
DTXSID6049064,2119,0.0,0.0
DTXSID6049066,2119,0.9999999957191515,1.0
DTXSID6049068,2119,6.815795302349259e-06,0.0
DTXSID6049220,2119,0.04628433509726463,0.0
DTXSID6049222,2119,0.9881922503810903,1.0
DTXSID6049224,2119,0.0,0.0
DTXSID6049226,2119,0.03568108806950718,0.0
DTXSID6049228,2119,0.987357398550138,1.0
DTXSID6049270,2119,0.0,0.0
DTXSID6049272,2119,0.0,0.0
DTXSID6049274,2119,,
DTXSID6049276,2119,1.724885895350092e-14,0.0
DTXSID6049278,2119,0.0,0.0
DTXSID6049301,2119,0.0,0.0
DTXSID6049303,2119,5.7970318899521374e-11,0.0
DTXSID6049305,2119,0.0,0.0
DTXSID6049307,2119,0.0,0.0
DTXSID6049309,2119,0.0,0.0
DTXSID6049351,2119,0.021542986542413777,0.0
DTXSID6049353,2119,,
DTXSID6049355,2119,0.0,0.0
DTXSID6049357,2119,0.001806925829329483,0.0
DTXSID6049359,2119,0.9998666125003363,1.0
DTXSID6049430,2119,0.9999999999992629,1.0
DTXSID6049432,2119,1.0330276484451703e-09,0.0
DTXSID6049480,2119,0.0,0.0
DTXSID6049482,2119,1.5297049766028134e-12,0.0
DTXSID6049484,2119,0.0,0.0
DTXSID6049486,2119,0.0,0.0
DTXSID6049488,2119,0.0,0.0
DTXSID6049511,2119,0.0,0.0
DTXSID6049513,2119,0.0,0.0
DTXSID6049515,2119,0.9989847796769662,1.0
DTXSID6049517,2119,0.958972705594992,1.0
DTXSID6049519,2119,0.00013377823559047113,0.0
DTXSID6049561,2119,0.0,0.0
DTXSID6050386,2119,0.0,0.0
DTXSID6051306,2119,0.9999121141847926,1.0
DTXSID6051560,2119,0.08412092607889084,0.0
DTXSID6051564,2119,5.6343254266087895e-09,0.0
DTXSID6051566,2119,0.9999816982797053,1.0
DTXSID6051695,2119,0.0,0.0
DTXSID6051724,2119,,
DTXSID6051778,2119,,
DTXSID6052112,2119,0.0,0.0
DTXSID6052291,2119,7.93382284630248e-09,0.0
DTXSID6052295,2119,0.011751221949690317,0.0
DTXSID6052299,2119,0.0,0.0
DTXSID6052328,2119,0.0,0.0
DTXSID6052536,2119,0.0,0.0
DTXSID6052538,2119,0.0,0.0
DTXSID6052619,2119,1.4959675049629207e-09,0.0
DTXSID6052740,2119,0.0,0.0
DTXSID6057611,2119,,
DTXSID6057613,2119,0.7091651182178422,0.0
DTXSID6057615,2119,0.0,0.0
DTXSID6057617,2119,0.0,0.0
DTXSID6057619,2119,1.0,1.0
DTXSID6057661,2119,1.335278164330792e-08,0.0
DTXSID6057663,2119,0.0,0.0
DTXSID6057665,2119,9.640992654839891e-10,0.0
DTXSID6057667,2119,0.0,0.0
DTXSID6057669,2119,0.0,0.0
DTXSID6057740,2119,0.0,0.0
DTXSID6057742,2119,0.9492977512478241,1.0
DTXSID6057744,2119,0.8559605959835571,0.0
DTXSID6057746,2119,0.6555255091943764,0.0
DTXSID6057748,2119,1.3718261441857949e-06,0.0
DTXSID6057790,2119,0.0,0.0
DTXSID6057794,2119,0.0,0.0
DTXSID6057796,2119,0.0,0.0
DTXSID6057798,2119,0.9771118292393339,1.0
DTXSID6057821,2119,0.03544625626167542,0.0
DTXSID6057823,2119,,
DTXSID6057825,2119,0.9992778895531388,1.0
DTXSID6057827,2119,2.1345590360004486e-16,0.0
DTXSID6057829,2119,0.0,0.0
DTXSID7020005,2119,,
DTXSID7020007,2119,0.0,0.0
DTXSID7020009,2119,0.0,0.0
DTXSID7020053,2119,,
DTXSID7020057,2119,1.0707430633134522e-09,0.0
DTXSID7020138,2119,0.006317504439442117,0.0
DTXSID7020182,2119,0.9999999999999998,1.0
DTXSID7020184,2119,,
DTXSID7020211,2119,0.994511097432203,1.0
DTXSID7020213,2119,0.0,0.0
DTXSID7020215,2119,0.0,0.0
DTXSID7020261,2119,0.0,0.0
DTXSID7020263,2119,0.0,0.0
DTXSID7020265,2119,0.0,0.0
DTXSID7020267,2119,0.999999996757947,1.0
DTXSID7020340,2119,0.6638310997380384,0.0
DTXSID7020344,2119,0.9868441352065921,1.0
DTXSID7020348,2119,0.0,0.0
DTXSID7020390,2119,0.0,0.0
DTXSID7020392,2119,1.541774067773896e-08,0.0
DTXSID7020398,2119,0.9999998497677641,1.0
DTXSID7020421,2119,0.0,0.0
DTXSID7020423,2119,0.9995075077728305,1.0
DTXSID7020425,2119,0.9999999572596779,1.0
DTXSID7020427,2119,6.930219295403915e-12,0.0
DTXSID7020479,2119,4.580969495709889e-13,0.0
DTXSID7020504,2119,0.0,0.0
DTXSID7020508,2119,0.0,0.0
DTXSID7020550,2119,0.04539663219469489,0.0
DTXSID7020552,2119,0.0,0.0
DTXSID7020558,2119,0.9999999999996397,1.0
DTXSID7020631,2119,0.8741752854602931,0.0
DTXSID7020635,2119,0.9999999232269313,1.0
DTXSID7020681,2119,0.0,0.0
DTXSID7020683,2119,0.0,0.0
DTXSID7020685,2119,0.0,0.0
DTXSID7020687,2119,0.0,0.0
DTXSID7020689,2119,0.0,0.0
DTXSID7020710,2119,0.0,0.0
DTXSID7020714,2119,0.0,0.0
DTXSID7020716,2119,0.7443377175113288,0.0
DTXSID7020760,2119,5.280214637841674e-10,0.0
DTXSID7020762,2119,,
DTXSID7020764,2119,5.002551866940347e-10,0.0
DTXSID7020766,2119,0.0,0.0
DTXSID7020768,2119,0.9999999469191211,1.0
DTXSID7020841,2119,0.0,0.0
DTXSID7020843,2119,0.999994964620462,1.0
DTXSID7020845,2119,0.0,0.0
DTXSID7020847,2119,0.9999999999091053,1.0
DTXSID7020893,2119,0.013406825585781091,0.0
DTXSID7020895,2119,9.195732345661586e-15,0.0
DTXSID7020899,2119,0.0,0.0
DTXSID7020920,2119,0.2910076658512238,0.0
DTXSID7020922,2119,,
DTXSID7020928,2119,0.0,0.0
DTXSID7020970,2119,0.0,0.0
DTXSID7020972,2119,0.9998324636503249,1.0
DTXSID7020976,2119,,
DTXSID7020978,2119,0.0,0.0
DTXSID7021027,2119,0.0,0.0
DTXSID7021029,2119,0.0,0.0
DTXSID7021100,2119,0.0,0.0
DTXSID7021102,2119,0.0,0.0
DTXSID7021104,2119,0.0,0.0
DTXSID7021106,2119,0.9999999051222757,1.0
DTXSID7021150,2119,0.9999999999999959,1.0
DTXSID7021152,2119,0.9999985445868446,1.0
DTXSID7021156,2119,5.770818441359249e-09,0.0
DTXSID7021158,2119,3.2064091655600816e-14,0.0
DTXSID7021231,2119,0.0,0.0
DTXSID7021233,2119,0.09939122850557006,0.0
DTXSID7021235,2119,0.0,0.0
DTXSID7021237,2119,0.9999999977829205,1.0
DTXSID7021239,2119,0.9996882181712534,1.0
DTXSID7021283,2119,0.9999983404286026,1.0
DTXSID7021287,2119,0.0,0.0
DTXSID7021289,2119,,
DTXSID7021312,2119,0.9999976996901931,1.0
DTXSID7021314,2119,0.9999999999793038,1.0
DTXSID7021316,2119,0.9885576941980362,1.0
DTXSID7021318,2119,7.559371246143485e-11,0.0
DTXSID7021360,2119,,
DTXSID7021362,2119,0.0,0.0
DTXSID7021364,2119,1.5776664634768603e-08,0.0
DTXSID7021366,2119,0.0,0.0
DTXSID7021368,2119,0.9999979175182847,1.0
DTXSID7021491,2119,6.524107826519317e-06,0.0
DTXSID7021493,2119,0.0,0.0
DTXSID7021495,2119,,
DTXSID7021499,2119,0.0,0.0
DTXSID7021520,2119,3.140699418382548e-10,0.0
DTXSID7021524,2119,0.0009384391154047289,0.0
DTXSID7021526,2119,0.0,0.0
DTXSID7021576,2119,0.0,0.0
DTXSID7021601,2119,3.902064214519046e-18,0.0
DTXSID7021603,2119,0.0,0.0
DTXSID7021605,2119,0.0,0.0
DTXSID7021607,2119,0.0,0.0
DTXSID7021653,2119,,
DTXSID7021655,2119,0.0,0.0
DTXSID7021657,2119,0.028339811026601627,0.0
DTXSID7021659,2119,0.0,0.0
DTXSID7021780,2119,0.0,0.0
DTXSID7021782,2119,3.8116023552947194e-14,0.0
DTXSID7021784,2119,0.991932542909272,1.0
DTXSID7021788,2119,0.999977213225614,1.0
DTXSID7021815,2119,0.7456651065364097,0.0
DTXSID7021817,2119,0.0,0.0
DTXSID7021861,2119,,
DTXSID7021863,2119,0.0,0.0
DTXSID7021867,2119,0.9999386448190489,1.0
DTXSID7021869,2119,0.0,0.0
DTXSID7021940,2119,0.0,0.0
DTXSID7021946,2119,0.0,0.0
DTXSID7021948,2119,,
DTXSID7021992,2119,,
DTXSID7021994,2119,0.998241051831104,1.0
DTXSID7021996,2119,,
DTXSID7021998,2119,0.0,0.0
DTXSID7022043,2119,,
DTXSID7022049,2119,,
DTXSID7022093,2119,0.0028263423478465553,0.0
DTXSID7022120,2119,0.022674190977378272,0.0
DTXSID7022124,2119,0.0,0.0
DTXSID7022128,2119,0.0,0.0
DTXSID7022170,2119,0.0,0.0
DTXSID7022172,2119,0.0,0.0
DTXSID7022174,2119,1.1804202025241669e-08,0.0
DTXSID7022253,2119,0.9999999490127323,1.0
DTXSID7022332,2119,0.0,0.0
DTXSID7022382,2119,,
DTXSID7022384,2119,1.0,1.0
DTXSID7022411,2119,0.0,0.0
DTXSID7022413,2119,2.083668380117567e-12,0.0
DTXSID7022415,2119,,
DTXSID7022417,2119,0.9942222074988788,1.0
DTXSID7022540,2119,0.0,0.0
DTXSID7022544,2119,0.0,0.0
DTXSID7022546,2119,0.0,0.0
DTXSID7022590,2119,0.0,0.0
DTXSID7022592,2119,0.9981228810496372,1.0
DTXSID7022598,2119,0.4133960298933593,0.0
DTXSID7022629,2119,0.9999999952760815,1.0
DTXSID7022673,2119,0.9999624157648315,1.0
DTXSID7022679,2119,0.0,0.0
DTXSID7022704,2119,1.1580123347366839e-06,0.0
DTXSID7022833,2119,0.0,0.0
DTXSID7022835,2119,0.0,0.0
DTXSID7022837,2119,0.9999999999999305,1.0
DTXSID7022883,2119,0.9999999999968988,1.0
DTXSID7022910,2119,,
DTXSID7022912,2119,,
DTXSID7022914,2119,0.0,0.0
DTXSID7022918,2119,,
DTXSID7022968,2119,0.0,0.0
DTXSID7023011,2119,0.0,0.0
DTXSID7023019,2119,,
DTXSID7023061,2119,0.0,0.0
DTXSID7023063,2119,0.9999998963297583,1.0
DTXSID7023067,2119,0.9999994087156254,1.0
DTXSID7023140,2119,0.0,0.0
DTXSID7023146,2119,0.0,0.0
DTXSID7023148,2119,0.0,0.0
DTXSID7023190,2119,0.0007053274874829938,0.0
DTXSID7023192,2119,0.0,0.0
DTXSID7023194,2119,,
DTXSID7023221,2119,4.2020559097257233e-10,0.0
DTXSID7023227,2119,0.0,0.0
DTXSID7023271,2119,0.0,0.0
DTXSID7023277,2119,0.0,0.0
DTXSID7023300,2119,0.0,0.0
DTXSID7023350,2119,,
DTXSID7023352,2119,2.090654554546118e-18,0.0
DTXSID7023356,2119,0.0,0.0
DTXSID7023437,2119,0.0,0.0
DTXSID7023481,2119,0.9999969391571631,1.0
DTXSID7023485,2119,0.0,0.0
DTXSID7023487,2119,0.0,0.0
DTXSID7023510,2119,0.0,0.0
DTXSID7023512,2119,,
DTXSID7023516,2119,0.0,0.0
DTXSID7023518,2119,0.9995293555443424,1.0
DTXSID7023568,2119,0.0,0.0
DTXSID7023645,2119,0.0,0.0
DTXSID7023691,2119,0.0,0.0
DTXSID7023697,2119,0.9999981174286501,1.0
DTXSID7023699,2119,,
DTXSID7023722,2119,0.0,0.0
DTXSID7023724,2119,0.0,0.0
DTXSID7023853,2119,0.9964069742536463,1.0
DTXSID7023930,2119,0.0,0.0
DTXSID7023932,2119,0.9978845667212765,1.0
DTXSID7023936,2119,,
DTXSID7023938,2119,1.2658953925002599e-11,0.0
DTXSID7023980,2119,0.23347785144843705,0.0
DTXSID7023986,2119,1.569194874746439e-08,0.0
DTXSID7024031,2119,0.0,0.0
DTXSID7024035,2119,0.0,0.0
DTXSID7024081,2119,1.671238223954855e-07,0.0
DTXSID7024085,2119,0.0,0.0
DTXSID7024087,2119,0.0,0.0
DTXSID7024110,2119,0.0,0.0
DTXSID7024112,2119,0.9989270353238933,1.0
DTXSID7024160,2119,0.8829087186958628,0.0
DTXSID7024164,2119,0.0,0.0
DTXSID7024166,2119,0.0,0.0
DTXSID7024241,2119,2.0279619692134496e-10,0.0
DTXSID7024245,2119,0.9921066851393859,1.0
DTXSID7024247,2119,0.0,0.0
DTXSID7024291,2119,0.9971623621282504,1.0
DTXSID7024299,2119,0.9948570721512969,1.0
DTXSID7024320,2119,1.013416464764256e-18,0.0
DTXSID7024328,2119,2.1273407092687943e-12,0.0
DTXSID7024370,2119,0.0,0.0
DTXSID7024376,2119,0.0,0.0
DTXSID7024409,2119,0.0,0.0
DTXSID7024455,2119,0.0,0.0
DTXSID7024457,2119,,
DTXSID7024532,2119,0.8561951173839281,0.0
DTXSID7024534,2119,1.2404122885463991e-15,0.0
DTXSID7024538,2119,3.287339344652207e-07,0.0
DTXSID7024580,2119,2.860295468692107e-09,0.0
DTXSID7024586,2119,5.7516863861157165e-12,0.0
DTXSID7024615,2119,0.0,0.0
DTXSID7024661,2119,0.0,0.0
DTXSID7024667,2119,,
DTXSID7024740,2119,0.2652972633914763,0.0
DTXSID7024742,2119,0.0,0.0
DTXSID7024798,2119,0.0,0.0
DTXSID7024821,2119,0.0,0.0
DTXSID7024827,2119,0.9999999182817013,1.0
DTXSID7024873,2119,4.521583724038187e-09,0.0
DTXSID7024875,2119,0.9796344822270747,1.0
DTXSID7024902,2119,0.9999999999970051,1.0
DTXSID7024904,2119,0.9999705703590933,1.0
DTXSID7024906,2119,0.0,0.0
DTXSID7024950,2119,0.0,0.0
DTXSID7024952,2119,0.0,0.0
DTXSID7024956,2119,1.0,1.0
DTXSID7025001,2119,0.0,0.0
DTXSID7025003,2119,0.0,0.0
DTXSID7025005,2119,0.9628694404467544,1.0
DTXSID7025051,2119,0.0,0.0
DTXSID7025053,2119,0.0,0.0
DTXSID7025055,2119,0.0,0.0
DTXSID7025130,2119,0.0,0.0
DTXSID7025132,2119,0.0,0.0
DTXSID7025134,2119,0.9999999999999923,1.0
DTXSID7025136,2119,0.0,0.0
DTXSID7025138,2119,0.9999999944314886,1.0
DTXSID7025180,2119,0.0,0.0
DTXSID7025215,2119,0.0,0.0
DTXSID7025217,2119,0.5075549048825545,0.0
DTXSID7025219,2119,0.9984872270336813,1.0
DTXSID7025269,2119,2.0229850046162426e-09,0.0
DTXSID7025342,2119,0.8772224065411248,0.0
DTXSID7025346,2119,,
DTXSID7025390,2119,,
DTXSID7025394,2119,0.0,0.0
DTXSID7025421,2119,0.9999988441064552,1.0
DTXSID7025423,2119,0.00022139933220995323,0.0
DTXSID7025425,2119,0.0,0.0
DTXSID7025427,2119,5.17961676173797e-11,0.0
DTXSID7025429,2119,0.9999999906981841,1.0
DTXSID7025479,2119,0.0,0.0
DTXSID7025502,2119,0.0,0.0
DTXSID7025506,2119,0.0,0.0
DTXSID7025508,2119,0.9945175427093847,1.0
DTXSID7025558,2119,0.9890548303429827,1.0
DTXSID7025633,2119,2.078590975098693e-06,0.0
DTXSID7025635,2119,,
DTXSID7025637,2119,,
DTXSID7025639,2119,0.0,0.0
DTXSID7025689,2119,1.5688426005030418e-15,0.0
DTXSID7025716,2119,0.6883201806128076,0.0
DTXSID7025764,2119,,
DTXSID7025768,2119,,
DTXSID7025849,2119,0.0,0.0
DTXSID7025895,2119,0.9999726748195065,1.0
DTXSID7025922,2119,0.00039408360538928546,0.0
DTXSID7025924,2119,0.0,0.0
DTXSID7025926,2119,0.9999991974324602,1.0
DTXSID7025972,2119,0.0,0.0
DTXSID7026025,2119,0.05505562862175746,0.0
DTXSID7026029,2119,0.0,0.0
DTXSID7026102,2119,0.0,0.0
DTXSID7026108,2119,6.068661434459752e-15,0.0
DTXSID7026156,2119,0.0004690419026814023,0.0
DTXSID7026231,2119,0.0,0.0
DTXSID7026235,2119,0.0,0.0
DTXSID7026285,2119,0.0,0.0
DTXSID7026314,2119,1.0,1.0
DTXSID7026318,2119,1.8730481527880394e-12,0.0
DTXSID7026366,2119,6.806812519515258e-05,0.0
DTXSID7026368,2119,8.126846702457085e-07,0.0
DTXSID7026441,2119,0.0,0.0
DTXSID7026499,2119,1.5955385692984188e-13,0.0
DTXSID7026520,2119,0.9999995790032231,1.0
DTXSID7026526,2119,1.2440339742560792e-09,0.0
DTXSID7026528,2119,0.0,0.0
DTXSID7026572,2119,0.0,0.0
DTXSID7026605,2119,0.0,0.0
DTXSID7026609,2119,0.0,0.0
DTXSID7026653,2119,,
DTXSID7026655,2119,0.999999999999596,1.0
DTXSID7026811,2119,0.0006737607832367635,0.0
DTXSID7026863,2119,0.0,0.0
DTXSID7026867,2119,0.0,0.0
DTXSID7026946,2119,,
DTXSID7026994,2119,0.0,0.0
DTXSID7026998,2119,0.0,0.0
DTXSID7027041,2119,0.0002581468589861281,0.0
DTXSID7027043,2119,,
DTXSID7027047,2119,0.0,0.0
DTXSID7027049,2119,0.0,0.0
DTXSID7027097,2119,0.4898320747900696,0.0
DTXSID7027099,2119,0.0,0.0
DTXSID7027120,2119,0.0,0.0
DTXSID7027122,2119,,
DTXSID7027174,2119,0.0,0.0
DTXSID7027178,2119,0.0,0.0
DTXSID7027201,2119,,
DTXSID7027205,2119,0.0,0.0
DTXSID7027253,2119,0.0,0.0
DTXSID7027259,2119,0.0,0.0
DTXSID7027334,2119,0.0,0.0
DTXSID7027338,2119,0.0,0.0
DTXSID7027386,2119,0.0,0.0
DTXSID7027388,2119,0.0,0.0
DTXSID7027413,2119,4.9467797825107785e-09,0.0
DTXSID7027461,2119,0.9999996208858639,1.0
DTXSID7027467,2119,0.0,0.0
DTXSID7027540,2119,0.12970550567859454,0.0
DTXSID7027542,2119,0.0,0.0
DTXSID7027544,2119,0.014286908678176563,0.0
DTXSID7027546,2119,0.0,0.0
DTXSID7027594,2119,0.0,0.0
DTXSID7027596,2119,,
DTXSID7027598,2119,0.0,0.0
DTXSID7027625,2119,0.0,0.0
DTXSID7027756,2119,0.9349816979620929,1.0
DTXSID7027833,2119,0.0,0.0
DTXSID7027835,2119,0.0,0.0
DTXSID7027837,2119,0.0,0.0
DTXSID7027887,2119,0.0,0.0
DTXSID7027916,2119,3.8051461958318625e-11,0.0
DTXSID7027966,2119,,
DTXSID7028011,2119,0.0,0.0
DTXSID7028013,2119,0.0,0.0
DTXSID7028015,2119,0.9998081927180845,1.0
DTXSID7028300,2119,0.0,0.0
DTXSID7028306,2119,0.0,0.0
DTXSID7028774,2119,0.0,0.0
DTXSID7028776,2119,0.0,0.0
DTXSID7029110,2119,0.0,0.0
DTXSID7029160,2119,0.0,0.0
DTXSID7029162,2119,5.107928350591751e-14,0.0
DTXSID7029164,2119,0.0,0.0
DTXSID7029166,2119,0.0,0.0
DTXSID7029241,2119,0.9999916673164044,1.0
DTXSID7029247,2119,0.0,0.0
DTXSID7029249,2119,,
DTXSID7029299,2119,,
DTXSID7029320,2119,0.0,0.0
DTXSID7029534,2119,0.0,0.0
DTXSID7029611,2119,0.0,0.0
DTXSID7029617,2119,0.0,0.0
DTXSID7029619,2119,0.0,0.0
DTXSID7029661,2119,8.078735540933671e-10,0.0
DTXSID7029665,2119,0.0,0.0
DTXSID7029871,2119,0.9999999987944732,1.0
DTXSID7029879,2119,0.9999997358476034,1.0
DTXSID7029904,2119,,
DTXSID7030060,2119,0.0,0.0
DTXSID7030197,2119,0.0,0.0
DTXSID7030307,2119,1.8408860781341125e-13,0.0
DTXSID7030432,2119,2.632294719181011e-06,0.0
DTXSID7030698,2119,0.0,0.0
DTXSID7031248,2119,3.031941028026469e-10,0.0
DTXSID7031290,2119,0.0,0.0
DTXSID7031294,2119,0.0,0.0
DTXSID7031458,2119,0.9980145008105481,1.0
DTXSID7031531,2119,0.9852725671262936,1.0
DTXSID7031797,2119,0.0,0.0
DTXSID7031903,2119,0.0,0.0
DTXSID7032004,2119,0.9998965153747692,1.0
DTXSID7032345,2119,0.9999949409604414,1.0
DTXSID7032393,2119,0.9999998032455792,1.0
DTXSID7032424,2119,0.0,0.0
DTXSID7032470,2119,0.6115010870707216,0.0
DTXSID7032474,2119,4.016858393175668e-05,0.0
DTXSID7032551,2119,0.9999999999999525,1.0
DTXSID7032553,2119,0.9999987269801645,1.0
DTXSID7032555,2119,0.12258019407736974,0.0
DTXSID7032559,2119,,
DTXSID7032630,2119,0.00013985639308239107,0.0
DTXSID7032638,2119,1.0,1.0
DTXSID7032688,2119,0.0,0.0
DTXSID7033105,2119,0.0,0.0
DTXSID7034042,2119,0.9999251317087514,1.0
DTXSID7034250,2119,0.9998956638280091,1.0
DTXSID7034252,2119,0.0,0.0
DTXSID7034383,2119,0.0,0.0
DTXSID7034460,2119,0.0,0.0
DTXSID7034545,2119,0.8690797231467806,0.0
DTXSID7034549,2119,0.0,0.0
DTXSID7034624,2119,0.787529209864808,0.0
DTXSID7034672,2119,0.0,0.0
DTXSID7034674,2119,0.9999999995490965,1.0
DTXSID7034676,2119,0.0,0.0
DTXSID7034836,2119,0.0,0.0
DTXSID7034961,2119,0.0,0.0
DTXSID7035010,2119,,
DTXSID7035272,2119,,
DTXSID7035305,2119,0.0,0.0
DTXSID7037131,2119,0.0,0.0
DTXSID7037185,2119,0.9999687027310633,1.0
DTXSID7037262,2119,0.9998449628058784,1.0
DTXSID7037478,2119,0.0,0.0
DTXSID7037551,2119,0.0,0.0
DTXSID7037553,2119,0.42654613498778327,0.0
DTXSID7037555,2119,0.0,0.0
DTXSID7037680,2119,0.0,0.0
DTXSID7037715,2119,0.9133060081055898,1.0
DTXSID7037717,2119,1.0,1.0
DTXSID7038317,2119,0.7672257500930036,0.0
DTXSID7038810,2119,2.603283199819707e-15,0.0
DTXSID7038814,2119,0.0,0.0
DTXSID7038818,2119,,
DTXSID7038864,2119,0.9873434394314821,1.0
DTXSID7040152,2119,0.0,0.0
DTXSID7040154,2119,0.0,0.0
DTXSID7040283,2119,0.9999986700142092,1.0
DTXSID7040285,2119,0.0,0.0
DTXSID7040287,2119,0.9992048162744059,1.0
DTXSID7040289,2119,,
DTXSID7040316,2119,2.4004535537126166e-17,0.0
DTXSID7040360,2119,,
DTXSID7040362,2119,0.9999999999973829,1.0
DTXSID7040449,2119,0.0,0.0
DTXSID7040526,2119,2.7319808218170403e-11,0.0
DTXSID7040653,2119,0.0,0.0
DTXSID7040657,2119,0.9441891615424296,1.0
DTXSID7040732,2119,5.672052110723875e-05,0.0
DTXSID7040734,2119,0.0,0.0
DTXSID7040736,2119,0.04282259758629644,0.0
DTXSID7040738,2119,0.9952744245475696,1.0
DTXSID7040784,2119,0.0,0.0
DTXSID7040788,2119,0.0,0.0
DTXSID7040948,2119,,
DTXSID7040990,2119,1.0,1.0
DTXSID7041047,2119,0.0,0.0
DTXSID7041097,2119,0.9992195477122305,1.0
DTXSID7041126,2119,,
DTXSID7041178,2119,3.946525905053614e-06,0.0
DTXSID7041201,2119,,
DTXSID7041209,2119,0.0,0.0
DTXSID7041253,2119,1.3120473447099613e-18,0.0
DTXSID7041336,2119,0.8282220868656719,0.0
DTXSID7041388,2119,,
DTXSID7041411,2119,0.9999999999999565,1.0
DTXSID7041413,2119,0.0,0.0
DTXSID7041417,2119,0.0,0.0
DTXSID7041461,2119,1.0,1.0
DTXSID7041467,2119,0.0,0.0
DTXSID7041540,2119,0.0,0.0
DTXSID7041544,2119,0.9985903478411051,1.0
DTXSID7041621,2119,0.0,0.0
DTXSID7041623,2119,0.30807921894998225,0.0
DTXSID7041625,2119,,
DTXSID7041627,2119,0.0,0.0
DTXSID7041629,2119,0.9999996698713721,1.0
DTXSID7041671,2119,,
DTXSID7041675,2119,,
DTXSID7041708,2119,0.0,0.0
DTXSID7041752,2119,0.9999999999999933,1.0
DTXSID7041756,2119,0.0,0.0
DTXSID7041883,2119,0.9999999999996234,1.0
DTXSID7041887,2119,0.9999999999999951,1.0
DTXSID7041889,2119,2.2339106091580367e-10,0.0
DTXSID7041910,2119,0.9987335558736748,1.0
DTXSID7041914,2119,0.0,0.0
DTXSID7041916,2119,,
DTXSID7041918,2119,8.061142679215281e-07,0.0
DTXSID7041962,2119,0.0,0.0
DTXSID7041964,2119,0.0,0.0
DTXSID7041966,2119,0.00028929573224669043,0.0
DTXSID7042011,2119,0.9994918453114529,1.0
DTXSID7042019,2119,0.9999999994277055,1.0
DTXSID7042061,2119,0.0,0.0
DTXSID7042063,2119,1.0143283349228589e-19,0.0
DTXSID7042065,2119,0.9999311546405562,1.0
DTXSID7042140,2119,0.8858954304354433,0.0
DTXSID7042146,2119,0.0,0.0
DTXSID7042190,2119,0.0,0.0
DTXSID7042196,2119,0.0,0.0
DTXSID7042198,2119,0.0,0.0
DTXSID7042273,2119,0.0,0.0
DTXSID7042279,2119,0.0,0.0
DTXSID7042352,2119,0.998221299975246,1.0
DTXSID7042356,2119,,
DTXSID7042437,2119,0.0,0.0
DTXSID7042514,2119,0.0,0.0
DTXSID7043829,2119,0.9999155915139453,1.0
DTXSID7043873,2119,0.0,0.0
DTXSID7043902,2119,,
DTXSID7043908,2119,0.0,0.0
DTXSID7043950,2119,0.0,0.0
DTXSID7044132,2119,,
DTXSID7044215,2119,0.0,0.0
DTXSID7044217,2119,0.0,0.0
DTXSID7044267,2119,0.0,0.0
DTXSID7044340,2119,0.0,0.0
DTXSID7044342,2119,0.0,0.0
DTXSID7044346,2119,,
DTXSID7044390,2119,0.9999999999895086,1.0
DTXSID7044392,2119,0.0,0.0
DTXSID7044394,2119,,
DTXSID7044396,2119,0.0,0.0
DTXSID7044398,2119,2.9685800989797643e-13,0.0
DTXSID7044421,2119,,
DTXSID7044423,2119,0.0,0.0
DTXSID7044425,2119,,
DTXSID7044427,2119,,
DTXSID7044429,2119,0.0,0.0
DTXSID7044471,2119,0.0,0.0
DTXSID7044473,2119,,
DTXSID7044475,2119,,
DTXSID7044479,2119,,
DTXSID7044500,2119,0.11918828354706959,0.0
DTXSID7044502,2119,,
DTXSID7044504,2119,1.0,1.0
DTXSID7044506,2119,0.0,0.0
DTXSID7044508,2119,0.0,0.0
DTXSID7044552,2119,,
DTXSID7044554,2119,8.919716375807704e-11,0.0
DTXSID7044558,2119,0.9999388425782624,1.0
DTXSID7044631,2119,0.0,0.0
DTXSID7044633,2119,0.06577358200807662,0.0
DTXSID7044635,2119,0.0,0.0
DTXSID7044639,2119,0.9999999992047902,1.0
DTXSID7044681,2119,2.4511459804805932e-09,0.0
DTXSID7044685,2119,0.0,0.0
DTXSID7044689,2119,0.0,0.0
DTXSID7044710,2119,,
DTXSID7044712,2119,0.0,0.0
DTXSID7044714,2119,0.0,0.0
DTXSID7044716,2119,0.0,0.0
DTXSID7044718,2119,0.0,0.0
DTXSID7044760,2119,0.0,0.0
DTXSID7044762,2119,0.0,0.0
DTXSID7044764,2119,0.0,0.0
DTXSID7044768,2119,,
DTXSID7044841,2119,0.9814276100055859,1.0
DTXSID7044843,2119,0.01407841331690651,0.0
DTXSID7044845,2119,,
DTXSID7044847,2119,0.0,0.0
DTXSID7044849,2119,0.0,0.0
DTXSID7044893,2119,0.9999999995849336,1.0
DTXSID7044895,2119,0.992741949603845,1.0
DTXSID7044897,2119,0.0,0.0
DTXSID7044899,2119,0.0,0.0
DTXSID7044922,2119,0.0,0.0
DTXSID7044926,2119,0.0,0.0
DTXSID7044928,2119,,
DTXSID7044970,2119,0.0,0.0
DTXSID7044972,2119,,
DTXSID7044974,2119,0.0,0.0
DTXSID7044976,2119,0.0,0.0
DTXSID7044978,2119,0.9804707485555013,1.0
DTXSID7045029,2119,0.9981057740176584,1.0
DTXSID7045152,2119,0.9999998339302821,1.0
DTXSID7045158,2119,0.0,0.0
DTXSID7045281,2119,0.0,0.0
DTXSID7045287,2119,0.0,0.0
DTXSID7045310,2119,,
DTXSID7045312,2119,,
DTXSID7045316,2119,0.0,0.0
DTXSID7045364,2119,0.15934178313943284,0.0
DTXSID7045366,2119,0.0,0.0
DTXSID7045368,2119,0.999995382044803,1.0
DTXSID7045441,2119,2.3407957339717093e-11,0.0
DTXSID7045447,2119,0.9999999999863364,1.0
DTXSID7045493,2119,0.0,0.0
DTXSID7045497,2119,0.9998777650812347,1.0
DTXSID7045522,2119,0.9990337199727399,1.0
DTXSID7045526,2119,0.0,0.0
DTXSID7045570,2119,0.0104276598237767,0.0
DTXSID7045572,2119,0.9871060917944917,1.0
DTXSID7045574,2119,0.0,0.0
DTXSID7045576,2119,0.0,0.0
DTXSID7045578,2119,1.0423368941055454e-15,0.0
DTXSID7045601,2119,0.9998588661504875,1.0
DTXSID7045607,2119,0.0,0.0
DTXSID7045651,2119,0.0,0.0
DTXSID7045653,2119,,
DTXSID7045655,2119,4.2798079624925363e-14,0.0
DTXSID7045659,2119,0.0,0.0
DTXSID7045788,2119,0.0,0.0
DTXSID7045811,2119,0.9999536708026129,1.0
DTXSID7045813,2119,0.0,0.0
DTXSID7045815,2119,0.0,0.0
DTXSID7045863,2119,0.9998917970403508,1.0
DTXSID7045867,2119,,
DTXSID7045940,2119,0.0,0.0
DTXSID7045942,2119,0.9995871051621973,1.0
DTXSID7045946,2119,,
DTXSID7045948,2119,0.0,0.0
DTXSID7045996,2119,0.0,0.0
DTXSID7046041,2119,0.0,0.0
DTXSID7046045,2119,,
DTXSID7046047,2119,0.0,0.0
DTXSID7046091,2119,0.9999999943060255,1.0
DTXSID7046093,2119,0.0,0.0
DTXSID7046095,2119,0.0,0.0
DTXSID7046126,2119,0.0,0.0
DTXSID7046128,2119,0.0,0.0
DTXSID7046174,2119,7.43017715610788e-12,0.0
DTXSID7046176,2119,3.7125196453639314e-05,0.0
DTXSID7046201,2119,3.593834835189791e-16,0.0
DTXSID7046207,2119,0.9966245875307254,1.0
DTXSID7046332,2119,0.0,0.0
DTXSID7046384,2119,0.0,0.0
DTXSID7046386,2119,0.999999999999711,1.0
DTXSID7046388,2119,0.0,0.0
DTXSID7046415,2119,0.0,0.0
DTXSID7046417,2119,5.835923586782828e-07,0.0
DTXSID7046419,2119,0.0,0.0
DTXSID7046461,2119,0.0,0.0
DTXSID7046463,2119,0.9665023483278096,1.0
DTXSID7046465,2119,0.0,0.0
DTXSID7046467,2119,0.0,0.0
DTXSID7046594,2119,,
DTXSID7046623,2119,0.0,0.0
DTXSID7046627,2119,0.9944016913981305,1.0
DTXSID7046673,2119,0.0,0.0
DTXSID7046675,2119,0.9999999999778185,1.0
DTXSID7046677,2119,0.0,0.0
DTXSID7046706,2119,0.0,0.0
DTXSID7046756,2119,0.0,0.0
DTXSID7046831,2119,,
DTXSID7046887,2119,,
DTXSID7046889,2119,0.9999994979207433,1.0
DTXSID7046910,2119,2.772804269863829e-15,0.0
DTXSID7046912,2119,0.0,0.0
DTXSID7046914,2119,,
DTXSID7046966,2119,1.4917571844556543e-12,0.0
DTXSID7047061,2119,0.0,0.0
DTXSID7047065,2119,0.0,0.0
DTXSID7047067,2119,,
DTXSID7047140,2119,0.0,0.0
DTXSID7047142,2119,0.0,0.0
DTXSID7047144,2119,0.9999999990794285,1.0
DTXSID7047146,2119,,
DTXSID7047190,2119,0.0,0.0
DTXSID7047192,2119,,
DTXSID7047196,2119,0.0,0.0
DTXSID7047198,2119,0.0,0.0
DTXSID7047271,2119,0.9999999999999959,1.0
DTXSID7047277,2119,0.9999996352940658,1.0
DTXSID7047279,2119,0.0,0.0
DTXSID7047304,2119,0.9999999999978118,1.0
DTXSID7047306,2119,5.250758059727836e-11,0.0
DTXSID7047308,2119,0.9999999995843037,1.0
DTXSID7047356,2119,0.0,0.0
DTXSID7047358,2119,0.9999997825854969,1.0
DTXSID7047433,2119,,
DTXSID7047435,2119,1.4790743331274002e-06,0.0
DTXSID7047437,2119,0.0,0.0
DTXSID7047439,2119,0.0,0.0
DTXSID7047487,2119,1.4679020461949288e-05,0.0
DTXSID7047510,2119,0.0,0.0
DTXSID7047512,2119,,
DTXSID7047518,2119,0.0,0.0
DTXSID7047560,2119,4.4023650596416814e-14,0.0
DTXSID7047562,2119,0.0,0.0
DTXSID7047568,2119,1.205534400698038e-10,0.0
DTXSID7047641,2119,0.0,0.0
DTXSID7047643,2119,0.0,0.0
DTXSID7047645,2119,5.82554851977206e-09,0.0
DTXSID7047647,2119,4.55217099656752e-16,0.0
DTXSID7047649,2119,2.893284512823059e-13,0.0
DTXSID7047691,2119,0.0,0.0
DTXSID7047693,2119,8.459756072360589e-08,0.0
DTXSID7047697,2119,0.9922611228924898,1.0
DTXSID7047726,2119,,
DTXSID7047772,2119,6.976184248501732e-08,0.0
DTXSID7047774,2119,1.7855367289089063e-14,0.0
DTXSID7047776,2119,0.9995761989752682,1.0
DTXSID7047801,2119,0.0,0.0
DTXSID7047803,2119,0.0,0.0
DTXSID7047807,2119,0.0,0.0
DTXSID7047853,2119,0.9923811429473125,1.0
DTXSID7047930,2119,0.0,0.0
DTXSID7047932,2119,0.0,0.0
DTXSID7047934,2119,,
DTXSID7047936,2119,0.0,0.0
DTXSID7047938,2119,0.0,0.0
DTXSID7048166,2119,0.9999999997435709,1.0
DTXSID7048168,2119,0.9977647448259204,1.0
DTXSID7048580,2119,,
DTXSID7048582,2119,0.0,0.0
DTXSID7048619,2119,0.9999999798497033,1.0
DTXSID7048661,2119,0.0,0.0
DTXSID7048669,2119,0.0,0.0
DTXSID7048740,2119,,
DTXSID7048744,2119,0.0,0.0
DTXSID7048746,2119,0.9999134362071833,1.0
DTXSID7048790,2119,0.06248857322137662,0.0
DTXSID7048792,2119,0.0,0.0
DTXSID7048794,2119,0.0,0.0
DTXSID7048796,2119,0.021085597841956696,0.0
DTXSID7048798,2119,0.9979770104165975,1.0
DTXSID7048821,2119,0.0,0.0
DTXSID7048823,2119,0.0,0.0
DTXSID7048825,2119,0.0,0.0
DTXSID7048827,2119,,
DTXSID7048829,2119,0.0,0.0
DTXSID7048871,2119,0.0,0.0
DTXSID7048873,2119,0.0,0.0
DTXSID7048875,2119,0.0,0.0
DTXSID7048877,2119,,
DTXSID7048879,2119,0.0,0.0
DTXSID7048900,2119,0.0,0.0
DTXSID7048902,2119,0.0,0.0
DTXSID7048904,2119,0.9999999995086426,1.0
DTXSID7048908,2119,,
DTXSID7048954,2119,0.0,0.0
DTXSID7049003,2119,0.0,0.0
DTXSID7049007,2119,5.076909911448546e-11,0.0
DTXSID7049051,2119,0.9985352186854928,1.0
DTXSID7049055,2119,0.0,0.0
DTXSID7049059,2119,0.0,0.0
DTXSID7049211,2119,0.0,0.0
DTXSID7049213,2119,0.0,0.0
DTXSID7049215,2119,0.03386318785939663,0.0
DTXSID7049217,2119,0.0,0.0
DTXSID7049219,2119,0.0,0.0
DTXSID7049261,2119,0.9678596655074369,1.0
DTXSID7049263,2119,0.0,0.0
DTXSID7049265,2119,0.9984406903104377,1.0
DTXSID7049267,2119,0.0,0.0
DTXSID7049269,2119,0.0,0.0
DTXSID7049340,2119,,
DTXSID7049342,2119,0.0,0.0
DTXSID7049344,2119,0.0,0.0
DTXSID7049346,2119,0.0,0.0
DTXSID7049348,2119,0.0,0.0
DTXSID7049390,2119,0.0,0.0
DTXSID7049392,2119,0.0,0.0
DTXSID7049394,2119,0.0,0.0
DTXSID7049396,2119,0.0,0.0
DTXSID7049398,2119,0.0,0.0
DTXSID7049421,2119,0.0,0.0
DTXSID7049423,2119,0.0,0.0
DTXSID7049425,2119,,
DTXSID7049427,2119,0.0,0.0
DTXSID7049429,2119,0.8867335263839646,0.0
DTXSID7049471,2119,,
DTXSID7049473,2119,0.0,0.0
DTXSID7049475,2119,,
DTXSID7049477,2119,0.0,0.0
DTXSID7049479,2119,0.0,0.0
DTXSID7049500,2119,0.0,0.0
DTXSID7049502,2119,,
DTXSID7049504,2119,0.0,0.0
DTXSID7049506,2119,0.0,0.0
DTXSID7049508,2119,0.0,0.0
DTXSID7049550,2119,0.002322796144439078,0.0
DTXSID7049552,2119,6.03565515196436e-14,0.0
DTXSID7049554,2119,0.0,0.0
DTXSID7049556,2119,2.4135184623187183e-06,0.0
DTXSID7049558,2119,0.0,0.0
DTXSID7051474,2119,0.0,0.0
DTXSID7051557,2119,0.0,0.0
DTXSID7051715,2119,,
DTXSID7051890,2119,0.6577518498249202,0.0
DTXSID7052101,2119,0.0,0.0
DTXSID7052109,2119,1.1589916470060568e-09,0.0
DTXSID7052284,2119,,
DTXSID7052288,2119,2.2817117698591706e-05,0.0
DTXSID7052311,2119,0.0,0.0
DTXSID7052319,2119,0.8590177789755458,0.0
DTXSID7052446,2119,0.0,0.0
DTXSID7052529,2119,,
DTXSID7052571,2119,,
DTXSID7052573,2119,0.0,0.0
DTXSID7052577,2119,,
DTXSID7052602,2119,,
DTXSID7052652,2119,0.0,0.0
DTXSID7052654,2119,0.0,0.0
DTXSID7052735,2119,1.0104943170334356e-10,0.0
DTXSID7052860,2119,,
DTXSID7052866,2119,0.0,0.0
DTXSID7057602,2119,0.0,0.0
DTXSID7057604,2119,6.0369507229993805e-12,0.0
DTXSID7057606,2119,0.0,0.0
DTXSID7057608,2119,,
DTXSID7057650,2119,0.0,0.0
DTXSID7057652,2119,0.0,0.0
DTXSID7057654,2119,0.0,0.0
DTXSID7057656,2119,7.89965173338711e-05,0.0
DTXSID7057658,2119,0.0,0.0
DTXSID7057731,2119,5.4212798608791746e-17,0.0
DTXSID7057733,2119,0.0,0.0
DTXSID7057735,2119,0.0,0.0
DTXSID7057737,2119,0.0,0.0
DTXSID7057739,2119,0.0,0.0
DTXSID7057781,2119,,
DTXSID7057783,2119,0.0,0.0
DTXSID7057785,2119,0.0,0.0
DTXSID7057787,2119,0.0,0.0
DTXSID7057789,2119,0.0,0.0
DTXSID7057810,2119,0.0,0.0
DTXSID7057812,2119,1.213618484881137e-11,0.0
DTXSID7057814,2119,0.0,0.0
DTXSID7057816,2119,0.0,0.0
DTXSID7057818,2119,0.9999997869868795,1.0
DTXSID8020040,2119,0.9999592152792196,1.0
DTXSID8020044,2119,0.0,0.0
DTXSID8020090,2119,0.0,0.0
DTXSID8020092,2119,0.0,0.0
DTXSID8020094,2119,0.0,0.0
DTXSID8020121,2119,0.0,0.0
DTXSID8020123,2119,0.0,0.0
DTXSID8020127,2119,3.4556129967803176e-12,0.0
DTXSID8020129,2119,0.0,0.0
DTXSID8020173,2119,1.951968402055549e-08,0.0
DTXSID8020175,2119,0.0,0.0
DTXSID8020179,2119,0.0,0.0
DTXSID8020200,2119,0.0,0.0
DTXSID8020202,2119,0.9999999969468281,1.0
DTXSID8020206,2119,0.0,0.0
DTXSID8020250,2119,0.0,0.0
DTXSID8020252,2119,0.0,0.0
DTXSID8020256,2119,7.641944268084993e-15,0.0
DTXSID8020331,2119,3.0663940578364345e-07,0.0
DTXSID8020337,2119,1.0,1.0
DTXSID8020381,2119,0.0,0.0
DTXSID8020410,2119,0.0,0.0
DTXSID8020462,2119,0.0,0.0
DTXSID8020464,2119,0.0,0.0
DTXSID8020466,2119,2.6711889101890336e-11,0.0
DTXSID8020468,2119,1.0750617394644882e-11,0.0
DTXSID8020541,2119,0.03140851411616718,0.0
DTXSID8020543,2119,0.0,0.0
DTXSID8020545,2119,0.0,0.0
DTXSID8020591,2119,0.0,0.0
DTXSID8020593,2119,0.0,0.0
DTXSID8020597,2119,0.0,0.0
DTXSID8020620,2119,8.884549943113995e-06,0.0
DTXSID8020622,2119,0.0,0.0
DTXSID8020624,2119,1.0,1.0
DTXSID8020626,2119,0.980853281252523,1.0
DTXSID8020628,2119,0.0,0.0
DTXSID8020674,2119,0.9748519343380108,1.0
DTXSID8020678,2119,0.9777833974340432,1.0
DTXSID8020703,2119,0.0,0.0
DTXSID8020707,2119,0.999999991009889,1.0
DTXSID8020709,2119,0.0016851889574765854,0.0
DTXSID8020753,2119,0.0,0.0
DTXSID8020755,2119,0.0,0.0
DTXSID8020757,2119,,
DTXSID8020759,2119,0.0,0.0
DTXSID8020830,2119,6.9975914161864575e-12,0.0
DTXSID8020834,2119,0.0,0.0
DTXSID8020838,2119,0.06968606282655038,0.0
DTXSID8020880,2119,0.0,0.0
DTXSID8020886,2119,0.0,0.0
DTXSID8020888,2119,0.0,0.0
DTXSID8020913,2119,,
DTXSID8020915,2119,0.0,0.0
DTXSID8020917,2119,0.999953655439991,1.0
DTXSID8020919,2119,0.0,0.0
DTXSID8020961,2119,0.08572835898618611,0.0
DTXSID8020963,2119,1.0480416433281663e-10,0.0
DTXSID8020965,2119,0.0,0.0
DTXSID8020967,2119,0.0,0.0
DTXSID8020969,2119,0.0,0.0
DTXSID8021060,2119,,
DTXSID8021062,2119,0.0,0.0
DTXSID8021141,2119,0.0,0.0
DTXSID8021145,2119,,
DTXSID8021147,2119,0.9999964902822017,1.0
DTXSID8021191,2119,0.9999999970074438,1.0
DTXSID8021193,2119,0.00017808031308971616,0.0
DTXSID8021195,2119,0.0,0.0
DTXSID8021199,2119,0.0,0.0
DTXSID8021222,2119,0.0,0.0
DTXSID8021224,2119,0.7544805945008977,0.0
DTXSID8021270,2119,0.9999653360156768,1.0
DTXSID8021272,2119,0.0,0.0
DTXSID8021278,2119,0.0,0.0
DTXSID8021301,2119,1.0,1.0
DTXSID8021305,2119,0.0,0.0
DTXSID8021309,2119,0.47614805739527116,0.0
DTXSID8021351,2119,0.0,0.0
DTXSID8021359,2119,2.942024337303958e-05,0.0
DTXSID8021438,2119,0.0,0.0
DTXSID8021482,2119,,
DTXSID8021484,2119,0.0,0.0
DTXSID8021486,2119,0.0,0.0
DTXSID8021488,2119,0.0,0.0
DTXSID8021513,2119,3.4473862652998454e-16,0.0
DTXSID8021515,2119,0.0,0.0
DTXSID8021517,2119,0.0,0.0
DTXSID8021519,2119,0.0,0.0
DTXSID8021561,2119,0.0,0.0
DTXSID8021563,2119,0.0,0.0
DTXSID8021565,2119,4.075911300272215e-12,0.0
DTXSID8021640,2119,0.0,0.0
DTXSID8021642,2119,0.0,0.0
DTXSID8021644,2119,0.0,0.0
DTXSID8021646,2119,0.0,0.0
DTXSID8021648,2119,,
DTXSID8021690,2119,0.9467931992562645,1.0
DTXSID8021721,2119,0.0,0.0
DTXSID8021725,2119,,
DTXSID8021729,2119,0.9999991801562759,1.0
DTXSID8021771,2119,0.0,0.0
DTXSID8021775,2119,1.9357479303429497e-15,0.0
DTXSID8021777,2119,0.9999967303931487,1.0
DTXSID8021800,2119,0.0,0.0
DTXSID8021802,2119,6.098543064400894e-11,0.0
DTXSID8021804,2119,0.4152817898614136,0.0
DTXSID8021808,2119,0.0,0.0
DTXSID8021854,2119,0.0,0.0
DTXSID8021856,2119,2.966111932305107e-09,0.0
DTXSID8021931,2119,0.0,0.0
DTXSID8021937,2119,0.0,0.0
DTXSID8021939,2119,0.0,0.0
DTXSID8022036,2119,0.0,0.0
DTXSID8022080,2119,0.9999999999959186,1.0
DTXSID8022082,2119,1.306107425971861e-14,0.0
DTXSID8022084,2119,1.9933952316715163e-09,0.0
DTXSID8022086,2119,4.677112818352205e-12,0.0
DTXSID8022111,2119,0.5273772382579293,0.0
DTXSID8022113,2119,0.0,0.0
DTXSID8022117,2119,0.0,0.0
DTXSID8022161,2119,0.999940749760909,1.0
DTXSID8022246,2119,0.0,0.0
DTXSID8022292,2119,0.0,0.0
DTXSID8022325,2119,1.0,1.0
DTXSID8022371,2119,0.0,0.0
DTXSID8022377,2119,0.9997415382604024,1.0
DTXSID8022404,2119,0.9956769758286538,1.0
DTXSID8022406,2119,0.9999999978791505,1.0
DTXSID8022408,2119,0.0,0.0
DTXSID8022585,2119,0.0,0.0
DTXSID8022589,2119,4.657172919583989e-05,0.0
DTXSID8022610,2119,0.0,0.0
DTXSID8022614,2119,0.9991340403977208,1.0
DTXSID8022666,2119,,
DTXSID8022741,2119,2.1291606265436757e-09,0.0
DTXSID8022743,2119,0.0,0.0
DTXSID8022749,2119,,
DTXSID8022822,2119,0.0,0.0
DTXSID8022828,2119,,
DTXSID8022870,2119,0.0,0.0
DTXSID8022872,2119,0.03519949828930545,0.0
DTXSID8022901,2119,3.383162127172916e-05,0.0
DTXSID8022959,2119,0.999979937053301,1.0
DTXSID8023050,2119,0.999921481402749,1.0
DTXSID8023054,2119,0.0,0.0
DTXSID8023137,2119,0.9997341994931096,1.0
DTXSID8023214,2119,0.0008064071312661756,0.0
DTXSID8023216,2119,0.01181311145847973,0.0
DTXSID8023260,2119,0.0,0.0
DTXSID8023262,2119,0.9999954308182387,1.0
DTXSID8023347,2119,3.106861296863258e-06,0.0
DTXSID8023349,2119,0.0,0.0
DTXSID8023393,2119,0.0,0.0
DTXSID8023395,2119,0.9999999964958697,1.0
DTXSID8023426,2119,,
DTXSID8023470,2119,0.0,0.0
DTXSID8023472,2119,,
DTXSID8023474,2119,0.999999999956451,1.0
DTXSID8023476,2119,0.0,0.0
DTXSID8023505,2119,0.9998772208544829,1.0
DTXSID8023551,2119,0.0,0.0
DTXSID8023557,2119,0.8537446595758403,0.0
DTXSID8023630,2119,0.0,0.0
DTXSID8023632,2119,0.0,0.0
DTXSID8023636,2119,1.9912211369389654e-05,0.0
DTXSID8023688,2119,0.0,0.0
DTXSID8023713,2119,1.1436468087474791e-15,0.0
DTXSID8023719,2119,0.999999981508805,1.0
DTXSID8023846,2119,0.0,0.0
DTXSID8023848,2119,0.9999999973153881,1.0
DTXSID8023890,2119,0.0,0.0
DTXSID8023892,2119,0.9999999818375864,1.0
DTXSID8023927,2119,0.0,0.0
DTXSID8023971,2119,7.397833818955892e-08,0.0
DTXSID8023973,2119,0.0,0.0
DTXSID8023977,2119,0.0,0.0
DTXSID8024072,2119,1.1790181548059425e-11,0.0
DTXSID8024101,2119,0.0,0.0
DTXSID8024105,2119,0.0,0.0
DTXSID8024107,2119,0.17191092020212145,0.0
DTXSID8024109,2119,2.013288069080999e-09,0.0
DTXSID8024151,2119,0.9999999998151425,1.0
DTXSID8024153,2119,0.9999991089450364,1.0
DTXSID8024157,2119,1.4343459645916222e-08,0.0
DTXSID8024159,2119,0.9985695781256873,1.0
DTXSID8024234,2119,0.0,0.0
DTXSID8024236,2119,0.0,0.0
DTXSID8024238,2119,0.9999999982027383,1.0
DTXSID8024280,2119,0.9998205909209065,1.0
DTXSID8024284,2119,1.149296135422318e-09,0.0
DTXSID8024286,2119,6.918940515319127e-11,0.0
DTXSID8024311,2119,,
DTXSID8024315,2119,0.026294465123451058,0.0
DTXSID8024317,2119,0.0,0.0
DTXSID8024442,2119,0.0,0.0
DTXSID8024448,2119,0.0,0.0
DTXSID8024498,2119,0.9910454258580234,1.0
DTXSID8024521,2119,0.6471641413037286,0.0
DTXSID8024523,2119,6.887649808885525e-07,0.0
DTXSID8024529,2119,0.975768005950102,1.0
DTXSID8024573,2119,2.1831883202248904e-17,0.0
DTXSID8024600,2119,1.9351441871144479e-07,0.0
DTXSID8024602,2119,0.0,0.0
DTXSID8024608,2119,0.0,0.0
DTXSID8024652,2119,4.33071809524722e-12,0.0
DTXSID8024658,2119,0.0,0.0
DTXSID8024733,2119,0.0,0.0
DTXSID8024739,2119,0.0,0.0
DTXSID8024781,2119,0.02571111832261222,0.0
DTXSID8024783,2119,0.0,0.0
DTXSID8024787,2119,1.5468598081792604e-09,0.0
DTXSID8024810,2119,0.0,0.0
DTXSID8024814,2119,0.0,0.0
DTXSID8024862,2119,0.0,0.0
DTXSID8024864,2119,0.0,0.0
DTXSID8024866,2119,,
DTXSID8024941,2119,0.0,0.0
DTXSID8024947,2119,0.0859551475317219,0.0
DTXSID8024991,2119,0.0,0.0
DTXSID8024993,2119,,
DTXSID8024997,2119,0.0,0.0
DTXSID8024999,2119,0.0,0.0
DTXSID8025040,2119,0.5894986796112354,0.0
DTXSID8025046,2119,0.0,0.0
DTXSID8025094,2119,0.0,0.0
DTXSID8025096,2119,0.0,0.0
DTXSID8025258,2119,0.9999999999967858,1.0
DTXSID8025331,2119,0.5547738515515391,0.0
DTXSID8025337,2119,0.0,0.0
DTXSID8025464,2119,0.0,0.0
DTXSID8025466,2119,0.0,0.0
DTXSID8025591,2119,0.0038770554626574843,0.0
DTXSID8025593,2119,0.0,0.0
DTXSID8025595,2119,0.0,0.0
DTXSID8025599,2119,0.9999982376685387,1.0
DTXSID8025628,2119,0.002435130503911067,0.0
DTXSID8025670,2119,,
DTXSID8025703,2119,0.9999923907797315,1.0
DTXSID8025707,2119,0.0,0.0
DTXSID8025709,2119,0.0,0.0
DTXSID8025751,2119,0.0,0.0
DTXSID8025757,2119,0.9998572128773164,1.0
DTXSID8025759,2119,,
DTXSID8025830,2119,5.6397883350644614e-05,0.0
DTXSID8025886,2119,0.0,0.0
DTXSID8025888,2119,0.0,0.0
DTXSID8025961,2119,0.0,0.0
DTXSID8025963,2119,0.0,0.0
DTXSID8025967,2119,0.0,0.0
DTXSID8025969,2119,0.0,0.0
DTXSID8026018,2119,0.9999954308235057,1.0
DTXSID8026060,2119,,
DTXSID8026064,2119,0.0,0.0
DTXSID8026068,2119,3.1179185080575326e-08,0.0
DTXSID8026141,2119,0.0,0.0
DTXSID8026145,2119,,
DTXSID8026147,2119,0.0,0.0
DTXSID8026193,2119,0.0,0.0
DTXSID8026195,2119,0.0,0.0
DTXSID8026220,2119,0.0,0.0
DTXSID8026224,2119,0.0,0.0
DTXSID8026228,2119,0.0,0.0
DTXSID8026303,2119,0.9999999929055693,1.0
DTXSID8026305,2119,0.0,0.0
DTXSID8026307,2119,0.0,0.0
DTXSID8026309,2119,0.0,0.0
DTXSID8026432,2119,0.0,0.0
DTXSID8026436,2119,0.0,0.0
DTXSID8026488,2119,0.0,0.0
DTXSID8026513,2119,0.0,0.0
DTXSID8026515,2119,0.0,0.0
DTXSID8026519,2119,0.9999304155683271,1.0
DTXSID8026563,2119,0.9999991260077025,1.0
DTXSID8026640,2119,0.0,0.0
DTXSID8026694,2119,0.0,0.0
DTXSID8026698,2119,0.9960602540133308,1.0
DTXSID8026725,2119,0.25964208723979365,0.0
DTXSID8026727,2119,0.0010448296155098863,0.0
DTXSID8026729,2119,0.0,0.0
DTXSID8026773,2119,0.001322417625756402,0.0
DTXSID8026775,2119,9.166046753735033e-09,0.0
DTXSID8026802,2119,3.972336225117233e-09,0.0
DTXSID8026931,2119,6.580724761347861e-06,0.0
DTXSID8026933,2119,3.113275691229084e-18,0.0
DTXSID8026935,2119,0.0,0.0
DTXSID8026981,2119,0.0,0.0
DTXSID8027032,2119,0.0,0.0
DTXSID8027034,2119,0.0,0.0
DTXSID8027036,2119,8.56089791038828e-06,0.0
DTXSID8027084,2119,0.9998147967578568,1.0
DTXSID8027086,2119,1.72368100329808e-08,0.0
DTXSID8027113,2119,0.0,0.0
DTXSID8027163,2119,0.0,0.0
DTXSID8027167,2119,7.209440598471076e-11,0.0
DTXSID8027169,2119,0.0,0.0
DTXSID8027240,2119,0.9982574125814208,1.0
DTXSID8027244,2119,0.0,0.0
DTXSID8027246,2119,7.751267153115903e-11,0.0
DTXSID8027292,2119,1.0,1.0
DTXSID8027294,2119,0.0,0.0
DTXSID8027321,2119,0.0,0.0
DTXSID8027323,2119,0.9999626003516418,1.0
DTXSID8027329,2119,1.4650345405580688e-17,0.0
DTXSID8027377,2119,0.0,0.0
DTXSID8027400,2119,,
DTXSID8027402,2119,0.0,0.0
DTXSID8027452,2119,0.0,0.0
DTXSID8027454,2119,5.972582592544588e-17,0.0
DTXSID8027537,2119,0.0,0.0
DTXSID8027581,2119,5.475483974146644e-19,0.0
DTXSID8027585,2119,0.9999243776982648,1.0
DTXSID8027589,2119,0.0,0.0
DTXSID8027747,2119,,
DTXSID8027749,2119,0.0,0.0
DTXSID8027793,2119,0.007323934423754214,0.0
DTXSID8027795,2119,0.9999999963479955,1.0
DTXSID8027797,2119,0.0,0.0
DTXSID8027822,2119,0.0,0.0
DTXSID8027826,2119,5.0109031323292884e-08,0.0
DTXSID8027870,2119,7.160938796287762e-05,0.0
DTXSID8027878,2119,1.9110889864462894e-07,0.0
DTXSID8027905,2119,0.9883398467422153,1.0
DTXSID8027955,2119,0.9999999999102879,1.0
DTXSID8027959,2119,0.0,0.0
DTXSID8028008,2119,0.0,0.0
DTXSID8028842,2119,0.0,0.0
DTXSID8029072,2119,0.0,0.0
DTXSID8029105,2119,0.0,0.0
DTXSID8029153,2119,,
DTXSID8029157,2119,2.794935731580143e-09,0.0
DTXSID8029159,2119,0.0,0.0
DTXSID8029230,2119,0.0,0.0
DTXSID8029232,2119,0.0,0.0
DTXSID8029234,2119,0.0,0.0
DTXSID8029236,2119,0.0,0.0
DTXSID8029280,2119,0.4527151994183881,0.0
DTXSID8029282,2119,1.0,1.0
DTXSID8029286,2119,0.9986682783823178,1.0
DTXSID8029315,2119,0.0,0.0
DTXSID8029317,2119,0.0,0.0
DTXSID8029369,2119,0.0,0.0
DTXSID8029575,2119,0.0,0.0
DTXSID8029600,2119,0.0,0.0
DTXSID8029602,2119,,
DTXSID8029604,2119,0.0,0.0
DTXSID8029606,2119,0.0,0.0
DTXSID8029608,2119,0.0,0.0
DTXSID8029650,2119,0.0,0.0
DTXSID8029652,2119,0.0,0.0
DTXSID8029733,2119,0.0,0.0
DTXSID8029739,2119,0.0,0.0
DTXSID8029868,2119,0.9986806819698709,1.0
DTXSID8030138,2119,0.0,0.0
DTXSID8030423,2119,,
DTXSID8030760,2119,0.00021784070369246456,0.0
DTXSID8031077,2119,0.9999999999233561,1.0
DTXSID8031366,2119,,
DTXSID8031497,2119,9.081823120673742e-07,0.0
DTXSID8031863,2119,0.9999967510313601,1.0
DTXSID8031865,2119,0.9997255400994005,1.0
DTXSID8032386,2119,0.0,0.0
DTXSID8032417,2119,0.999997619465281,1.0
DTXSID8032544,2119,0.0,0.0
DTXSID8032548,2119,0.9983007347937567,1.0
DTXSID8032623,2119,0.0,0.0
DTXSID8032627,2119,0.0,0.0
DTXSID8032671,2119,0.0,0.0
DTXSID8032673,2119,,
DTXSID8032675,2119,0.0,0.0
DTXSID8033433,2119,8.521205429367024e-10,0.0
DTXSID8033512,2119,0.24333550512752206,0.0
DTXSID8033562,2119,0.8585827029922672,0.0
DTXSID8033564,2119,0.0,0.0
DTXSID8033566,2119,0.0,0.0
DTXSID8033649,2119,3.6753247513575816e-13,0.0
DTXSID8033803,2119,0.011770327450485082,0.0
DTXSID8034085,2119,0.9942396797631121,1.0
DTXSID8034087,2119,1.0597314729839311e-08,0.0
DTXSID8034089,2119,0.9999994644035071,1.0
DTXSID8034241,2119,0.0,0.0
DTXSID8034324,2119,0.0,0.0
DTXSID8034372,2119,,
DTXSID8034376,2119,0.0,0.0
DTXSID8034401,2119,0.9997033745594349,1.0
DTXSID8034538,2119,0.0,0.0
DTXSID8034580,2119,0.05683661872429127,0.0
DTXSID8034586,2119,0.9981147552541904,1.0
DTXSID8034588,2119,0.999999986426525,1.0
DTXSID8034665,2119,,
DTXSID8034742,2119,0.9400833669590588,1.0
DTXSID8034792,2119,0.9999999943639118,1.0
DTXSID8034823,2119,1.2249501315523779e-06,0.0
DTXSID8034871,2119,0.0,0.0
DTXSID8034877,2119,0.0,0.0
DTXSID8034956,2119,0.9999980612122032,1.0
DTXSID8035001,2119,0.003899624138854695,0.0
DTXSID8035138,2119,0.0,0.0
DTXSID8035180,2119,0.9999941139783147,1.0
DTXSID8035186,2119,0.0,0.0
DTXSID8035217,2119,0.0,0.0
DTXSID8035423,2119,0.0,0.0
DTXSID8037207,2119,0.0,0.0
DTXSID8037594,2119,,
DTXSID8037596,2119,0.0,0.0
DTXSID8037706,2119,0.0,0.0
DTXSID8037708,2119,0.9985363350243618,1.0
DTXSID8037750,2119,0.0,0.0
DTXSID8037752,2119,2.0794470253054103e-10,0.0
DTXSID8037754,2119,0.0,0.0
DTXSID8037756,2119,0.0,0.0
DTXSID8038770,2119,0.0,0.0
DTXSID8038801,2119,0.0,0.0
DTXSID8038855,2119,0.0,0.0
DTXSID8038857,2119,0.9797034623741641,1.0
DTXSID8039241,2119,,
DTXSID8040222,2119,3.823226363529145e-08,0.0
DTXSID8040270,2119,0.9999999999304138,1.0
DTXSID8040274,2119,0.0,0.0
DTXSID8040278,2119,0.999999916745186,1.0
DTXSID8040436,2119,0.0,0.0
DTXSID8040484,2119,0.955595104559362,1.0
DTXSID8040694,2119,0.0,0.0
DTXSID8040698,2119,0.9910346640031342,1.0
DTXSID8040721,2119,0.0,0.0
DTXSID8040723,2119,0.9998239624885955,1.0
DTXSID8040725,2119,0.9994975080780987,1.0
DTXSID8040727,2119,1.9448288134972988e-14,0.0
DTXSID8040775,2119,0.0,0.0
DTXSID8040779,2119,0.0,0.0
DTXSID8040800,2119,0.00032734337006100307,0.0
DTXSID8041032,2119,0.0,0.0
DTXSID8041034,2119,0.9999999929383507,1.0
DTXSID8041080,2119,0.0,0.0
DTXSID8041117,2119,0.0,0.0
DTXSID8041242,2119,0.9999999534299728,1.0
DTXSID8041246,2119,0.0,0.0
DTXSID8041248,2119,0.9999627706088339,1.0
DTXSID8041298,2119,0.0,0.0
DTXSID8041321,2119,0.0,0.0
DTXSID8041327,2119,0.0,0.0
DTXSID8041329,2119,0.0,0.0
DTXSID8041371,2119,0.0,0.0
DTXSID8041373,2119,,
DTXSID8041379,2119,0.0,0.0
DTXSID8041400,2119,0.0,0.0
DTXSID8041404,2119,0.0,0.0
DTXSID8041452,2119,0.0,0.0
DTXSID8041610,2119,,
DTXSID8041668,2119,0.0,0.0
DTXSID8041743,2119,,
DTXSID8041745,2119,0.0,0.0
DTXSID8041793,2119,0.0,0.0
DTXSID8041797,2119,,
DTXSID8041799,2119,0.9868493659708989,1.0
DTXSID8041828,2119,0.0,0.0
DTXSID8041901,2119,0.9609236187300872,1.0
DTXSID8041909,2119,0.0,0.0
DTXSID8041951,2119,0.0,0.0
DTXSID8041955,2119,1.3978268009074466e-10,0.0
DTXSID8041957,2119,0.0,0.0
DTXSID8041959,2119,0.0,0.0
DTXSID8042002,2119,,
DTXSID8042006,2119,,
DTXSID8042052,2119,3.2247873712318754e-12,0.0
DTXSID8042137,2119,0.9934061344879473,1.0
DTXSID8042181,2119,,
DTXSID8042187,2119,0.999999894014485,1.0
DTXSID8042189,2119,0.0,0.0
DTXSID8042210,2119,0.0,0.0
DTXSID8042218,2119,2.8172865030892175e-12,0.0
DTXSID8042260,2119,0.9999659492429634,1.0
DTXSID8042264,2119,0.9999999999999936,1.0
DTXSID8042266,2119,0.0,0.0
DTXSID8042343,2119,0.0,0.0
DTXSID8042349,2119,0.9937090086838272,1.0
DTXSID8042399,2119,0.9976890941152916,1.0
DTXSID8042422,2119,0.0,0.0
DTXSID8042424,2119,2.3807642626004137e-06,0.0
DTXSID8042426,2119,,
DTXSID8042478,2119,0.999999999999112,1.0
DTXSID8042503,2119,0.0,0.0
DTXSID8042507,2119,0.0,0.0
DTXSID8042509,2119,0.9999912925547454,1.0
DTXSID8042559,2119,0.0,0.0
DTXSID8042632,2119,6.696769046000678e-11,0.0
DTXSID8043814,2119,,
DTXSID8043941,2119,,
DTXSID8044175,2119,0.0,0.0
DTXSID8044177,2119,5.45591693857487e-09,0.0
DTXSID8044200,2119,0.0,0.0
DTXSID8044202,2119,0.0,0.0
DTXSID8044204,2119,0.9999999995846333,1.0
DTXSID8044206,2119,,
DTXSID8044208,2119,,
DTXSID8044252,2119,0.0,0.0
DTXSID8044381,2119,0.9999998703778356,1.0
DTXSID8044383,2119,,
DTXSID8044385,2119,7.304779587852816e-19,0.0
DTXSID8044389,2119,0.0,0.0
DTXSID8044410,2119,0.0,0.0
DTXSID8044412,2119,0.9141978967907379,1.0
DTXSID8044414,2119,,
DTXSID8044416,2119,0.0,0.0
DTXSID8044462,2119,,
DTXSID8044464,2119,,
DTXSID8044466,2119,0.0,0.0
DTXSID8044541,2119,0.0,0.0
DTXSID8044543,2119,0.0,0.0
DTXSID8044545,2119,9.588564818067553e-08,0.0
DTXSID8044547,2119,,
DTXSID8044549,2119,1.0,1.0
DTXSID8044591,2119,,
DTXSID8044593,2119,0.9663004518045196,1.0
DTXSID8044595,2119,0.0003945811218573823,0.0
DTXSID8044597,2119,2.2380281695201222e-05,0.0
DTXSID8044599,2119,,
DTXSID8044620,2119,0.0,0.0
DTXSID8044622,2119,4.655402854412452e-08,0.0
DTXSID8044624,2119,0.0,0.0
DTXSID8044626,2119,0.889446665093017,0.0
DTXSID8044670,2119,1.1764192180220745e-07,0.0
DTXSID8044676,2119,5.977154101233171e-11,0.0
DTXSID8044678,2119,0.01038126317282629,0.0
DTXSID8044701,2119,0.0,0.0
DTXSID8044703,2119,0.0,0.0
DTXSID8044709,2119,0.0,0.0
DTXSID8044751,2119,0.0,0.0
DTXSID8044753,2119,0.0,0.0
DTXSID8044755,2119,0.0,0.0
DTXSID8044757,2119,0.0,0.0
DTXSID8044759,2119,,
DTXSID8044830,2119,0.0,0.0
DTXSID8044832,2119,0.0,0.0
DTXSID8044834,2119,0.0,0.0
DTXSID8044836,2119,0.9777683790013143,1.0
DTXSID8044880,2119,0.0,0.0
DTXSID8044882,2119,,
DTXSID8044884,2119,,
DTXSID8044886,2119,,
DTXSID8044888,2119,0.0,0.0
DTXSID8044911,2119,0.0,0.0
DTXSID8044913,2119,0.999929118028534,1.0
DTXSID8044915,2119,,
DTXSID8044919,2119,0.0,0.0
DTXSID8044961,2119,,
DTXSID8044963,2119,0.0,0.0
DTXSID8044967,2119,0.0,0.0
DTXSID8045141,2119,7.320329495752575e-10,0.0
DTXSID8045145,2119,0.9588643987400199,1.0
DTXSID8045147,2119,,
DTXSID8045149,2119,,
DTXSID8045191,2119,2.84637345030098e-16,0.0
DTXSID8045193,2119,0.0,0.0
DTXSID8045195,2119,,
DTXSID8045220,2119,0.0,0.0
DTXSID8045224,2119,0.0,0.0
DTXSID8045228,2119,0.9999913520142594,1.0
DTXSID8045307,2119,0.0,0.0
DTXSID8045351,2119,0.0,0.0
DTXSID8045357,2119,0.0,0.0
DTXSID8045359,2119,0.9999999955432834,1.0
DTXSID8045434,2119,0.0,0.0
DTXSID8045480,2119,0.0,0.0
DTXSID8045484,2119,0.0,0.0
DTXSID8045486,2119,,
DTXSID8045488,2119,0.0,0.0
DTXSID8045511,2119,0.018531117267278133,0.0
DTXSID8045513,2119,,
DTXSID8045515,2119,0.0,0.0
DTXSID8045519,2119,0.0,0.0
DTXSID8045565,2119,0.9998126445106529,1.0
DTXSID8045567,2119,0.999902981380829,1.0
DTXSID8045640,2119,0.0,0.0
DTXSID8045642,2119,0.0,0.0
DTXSID8045646,2119,0.7396548993058721,0.0
DTXSID8045648,2119,0.0,0.0
DTXSID8045690,2119,8.914625522213953e-13,0.0
DTXSID8045692,2119,8.187998539218988e-12,0.0
DTXSID8045698,2119,0.0,0.0
DTXSID8045771,2119,1.8870482207965732e-09,0.0
DTXSID8045777,2119,,
DTXSID8045779,2119,3.771331818759602e-07,0.0
DTXSID8045802,2119,0.0,0.0
DTXSID8045804,2119,0.9999999710316256,1.0
DTXSID8045806,2119,0.9999998052423066,1.0
DTXSID8045850,2119,,
DTXSID8045852,2119,,
DTXSID8045854,2119,1.3002930131080747e-12,0.0
DTXSID8045933,2119,0.0,0.0
DTXSID8045935,2119,0.0,0.0
DTXSID8045937,2119,0.0,0.0
DTXSID8045939,2119,,
DTXSID8045983,2119,0.0,0.0
DTXSID8045985,2119,0.0,0.0
DTXSID8045987,2119,0.0,0.0
DTXSID8045989,2119,0.0,0.0
DTXSID8046030,2119,1.0,1.0
DTXSID8046034,2119,0.0,0.0
DTXSID8046038,2119,5.470252135598436e-10,0.0
DTXSID8046086,2119,,
DTXSID8046088,2119,0.9999997307328876,1.0
DTXSID8046113,2119,0.0,0.0
DTXSID8046117,2119,0.0,0.0
DTXSID8046119,2119,0.0,0.0
DTXSID8046161,2119,,
DTXSID8046163,2119,0.0,0.0
DTXSID8046242,2119,0.11562530458783377,0.0
DTXSID8046244,2119,0.0,0.0
DTXSID8046294,2119,0.7961316216859167,0.0
DTXSID8046296,2119,0.9952833750364548,1.0
DTXSID8046321,2119,0.0,0.0
DTXSID8046400,2119,0.03322813823438215,0.0
DTXSID8046402,2119,0.0,0.0
DTXSID8046404,2119,0.0,0.0
DTXSID8046406,2119,0.0,0.0
DTXSID8046450,2119,0.0,0.0
DTXSID8046454,2119,0.999999999971669,1.0
DTXSID8046456,2119,0.9999999996735711,1.0
DTXSID8046458,2119,,
DTXSID8046531,2119,0.0,0.0
DTXSID8046535,2119,0.0,0.0
DTXSID8046539,2119,2.1552682001023677e-07,0.0
DTXSID8046585,2119,0.0,0.0
DTXSID8046589,2119,1.1815173942393633e-16,0.0
DTXSID8046610,2119,0.0,0.0
DTXSID8046662,2119,0.9999996814519471,1.0
DTXSID8046664,2119,0.0,0.0
DTXSID8046743,2119,0.799371013206431,0.0
DTXSID8046799,2119,5.012303446215903e-13,0.0
DTXSID8046820,2119,0.023490714316682235,0.0
DTXSID8046828,2119,0.0,0.0
DTXSID8046903,2119,0.9999999999999998,1.0
DTXSID8046951,2119,0.9999999997587228,1.0
DTXSID8047000,2119,,
DTXSID8047006,2119,5.023662861425659e-09,0.0
DTXSID8047050,2119,3.271278158792343e-10,0.0
DTXSID8047052,2119,0.6193441539868204,0.0
DTXSID8047056,2119,0.0,0.0
DTXSID8047058,2119,0.0,0.0
DTXSID8047131,2119,0.0,0.0
DTXSID8047133,2119,0.0,0.0
DTXSID8047135,2119,0.0,0.0
DTXSID8047137,2119,6.502792201475402e-14,0.0
DTXSID8047139,2119,0.0,0.0
DTXSID8047183,2119,0.9993088563876595,1.0
DTXSID8047185,2119,0.0,0.0
DTXSID8047187,2119,8.715067851049444e-06,0.0
DTXSID8047189,2119,0.0,0.0
DTXSID8047218,2119,0.0,0.0
DTXSID8047262,2119,0.0022723452430132075,0.0
DTXSID8047264,2119,0.0,0.0
DTXSID8047266,2119,2.8252318833524737e-07,0.0
DTXSID8047268,2119,0.9977744162238453,1.0
DTXSID8047341,2119,1.1913455561526384e-14,0.0
DTXSID8047347,2119,2.1248536328106475e-12,0.0
DTXSID8047349,2119,0.9994416459827915,1.0
DTXSID8047391,2119,0.9999995227718518,1.0
DTXSID8047395,2119,0.0,0.0
DTXSID8047397,2119,0.0,0.0
DTXSID8047399,2119,0.0,0.0
DTXSID8047420,2119,0.0,0.0
DTXSID8047422,2119,0.0,0.0
DTXSID8047424,2119,,
DTXSID8047426,2119,,
DTXSID8047428,2119,0.0,0.0
DTXSID8047470,2119,0.0,0.0
DTXSID8047472,2119,3.241095337876757e-17,0.0
DTXSID8047474,2119,0.0,0.0
DTXSID8047476,2119,0.9767290017240449,1.0
DTXSID8047501,2119,1.6212980687250762e-07,0.0
DTXSID8047505,2119,0.9994775738402311,1.0
DTXSID8047551,2119,0.0,0.0
DTXSID8047553,2119,0.00017383669794821918,0.0
DTXSID8047559,2119,0.0,0.0
DTXSID8047630,2119,0.0,0.0
DTXSID8047636,2119,0.0,0.0
DTXSID8047680,2119,0.0,0.0
DTXSID8047682,2119,0.0,0.0
DTXSID8047684,2119,0.0,0.0
DTXSID8047686,2119,1.2065364169160021e-08,0.0
DTXSID8047711,2119,,
DTXSID8047713,2119,0.0,0.0
DTXSID8047717,2119,1.8992680165018016e-13,0.0
DTXSID8047769,2119,0.0,0.0
DTXSID8047840,2119,0.0,0.0
DTXSID8047842,2119,,
DTXSID8047844,2119,0.0,0.0
DTXSID8047846,2119,0.833371344101256,0.0
DTXSID8047848,2119,0.0,0.0
DTXSID8047890,2119,0.9999999999991975,1.0
DTXSID8047892,2119,2.686712669017342e-11,0.0
DTXSID8047894,2119,0.21993357324019822,0.0
DTXSID8047896,2119,5.2706705440097376e-05,0.0
DTXSID8047898,2119,0.0,0.0
DTXSID8047921,2119,1.4183120757707697e-13,0.0
DTXSID8047923,2119,0.9969688768301475,1.0
DTXSID8047925,2119,0.22789801116892253,0.0
DTXSID8047927,2119,0.034496711305930135,0.0
DTXSID8047929,2119,2.0783970108456097e-08,0.0
DTXSID8047971,2119,0.0,0.0
DTXSID8047973,2119,0.9999999999989476,1.0
DTXSID8048494,2119,,
DTXSID8048521,2119,0.0,0.0
DTXSID8048600,2119,0.0,0.0
DTXSID8048606,2119,,
DTXSID8048608,2119,0.0,0.0
DTXSID8048650,2119,0.989433894061901,1.0
DTXSID8048656,2119,0.0,0.0
DTXSID8048733,2119,0.9997690326346442,1.0
DTXSID8048735,2119,0.0,0.0
DTXSID8048737,2119,0.030499170756095588,0.0
DTXSID8048739,2119,0.0,0.0
DTXSID8048781,2119,0.0,0.0
DTXSID8048783,2119,0.0,0.0
DTXSID8048785,2119,0.009400651457027173,0.0
DTXSID8048787,2119,0.0,0.0
DTXSID8048789,2119,0.0,0.0
DTXSID8048810,2119,0.0,0.0
DTXSID8048812,2119,0.9927774818316316,1.0
DTXSID8048814,2119,0.9997921860388201,1.0
DTXSID8048818,2119,0.9967493141289766,1.0
DTXSID8048860,2119,0.0,0.0
DTXSID8048866,2119,0.0,0.0
DTXSID8048868,2119,0.0,0.0
DTXSID8048941,2119,0.4949420521072315,0.0
DTXSID8048943,2119,0.9999997314617346,1.0
DTXSID8048945,2119,0.9999999997403676,1.0
DTXSID8048947,2119,0.0,0.0
DTXSID8048999,2119,0.9942053584266093,1.0
DTXSID8049040,2119,0.0,0.0
DTXSID8049042,2119,,
DTXSID8049044,2119,0.0,0.0
DTXSID8049046,2119,0.8342038586377732,0.0
DTXSID8049048,2119,3.206559857733897e-10,0.0
DTXSID8049200,2119,0.0,0.0
DTXSID8049202,2119,0.0,0.0
DTXSID8049204,2119,0.0,0.0
DTXSID8049206,2119,0.0,0.0
DTXSID8049208,2119,0.0,0.0
DTXSID8049250,2119,0.9999974623782759,1.0
DTXSID8049252,2119,0.0,0.0
DTXSID8049254,2119,0.9999922159669881,1.0
DTXSID8049256,2119,,
DTXSID8049258,2119,,
DTXSID8049331,2119,0.0,0.0
DTXSID8049333,2119,0.0,0.0
DTXSID8049335,2119,4.3706450063393026e-17,0.0
DTXSID8049337,2119,0.007721201584219771,0.0
DTXSID8049339,2119,0.0,0.0
DTXSID8049381,2119,4.9546065969156325e-11,0.0
DTXSID8049383,2119,0.0,0.0
DTXSID8049385,2119,0.0,0.0
DTXSID8049387,2119,0.0,0.0
DTXSID8049389,2119,,
DTXSID8049410,2119,0.0,0.0
DTXSID8049412,2119,1.0,1.0
DTXSID8049414,2119,3.554101991952446e-11,0.0
DTXSID8049416,2119,,
DTXSID8049418,2119,0.0,0.0
DTXSID8049460,2119,3.886201907485683e-12,0.0
DTXSID8049462,2119,0.0,0.0
DTXSID8049464,2119,0.0,0.0
DTXSID8049466,2119,,
DTXSID8049468,2119,0.0,0.0
DTXSID8049541,2119,0.883070979457968,0.0
DTXSID8049543,2119,5.152235023984234e-05,0.0
DTXSID8049545,2119,0.8615616130119998,0.0
DTXSID8049547,2119,0.8486642526327042,0.0
DTXSID8049549,2119,0.9926340551382912,1.0
DTXSID8051540,2119,0.2593839807019467,0.0
DTXSID8051542,2119,0.0,0.0
DTXSID8051544,2119,0.0,0.0
DTXSID8051629,2119,0.0,0.0
DTXSID8051704,2119,0.0,0.0
DTXSID8051708,2119,0.0,0.0
DTXSID8051754,2119,0.0,0.0
DTXSID8051914,2119,0.7519297262660825,0.0
DTXSID8052198,2119,7.09800777295196e-15,0.0
DTXSID8052300,2119,0.0,0.0
DTXSID8052308,2119,0.0,0.0
DTXSID8052641,2119,0.0,0.0
DTXSID8052724,2119,,
DTXSID8057641,2119,5.10493183976578e-15,0.0
DTXSID8057643,2119,0.0001374263807164419,0.0
DTXSID8057645,2119,,
DTXSID8057647,2119,0.0,0.0
DTXSID8057649,2119,,
DTXSID8057691,2119,,
DTXSID8057693,2119,0.5722089233997091,0.0
DTXSID8057695,2119,0.9999195993586021,1.0
DTXSID8057697,2119,,
DTXSID8057699,2119,1.0017593356872768e-14,0.0
DTXSID8057720,2119,0.0,0.0
DTXSID8057722,2119,0.0,0.0
DTXSID8057724,2119,1.8430887863680063e-15,0.0
DTXSID8057726,2119,0.0,0.0
DTXSID8057728,2119,0.0,0.0
DTXSID8057770,2119,0.0,0.0
DTXSID8057772,2119,0.0,0.0
DTXSID8057774,2119,,
DTXSID8057776,2119,0.0,0.0
DTXSID8057778,2119,0.0,0.0
DTXSID8057801,2119,0.0,0.0
DTXSID8057803,2119,6.380216746373632e-18,0.0
DTXSID8057805,2119,0.0,0.0
DTXSID8057807,2119,0.0,0.0
DTXSID8057809,2119,0.9999817609857419,1.0
DTXSID8057851,2119,0.0,0.0
DTXSID8057853,2119,,
DTXSID8057855,2119,0.0,0.0
DTXSID8057857,2119,0.0009798705998117464,0.0
DTXSID9020031,2119,1.0,1.0
DTXSID9020081,2119,0.0,0.0
DTXSID9020083,2119,0.0,0.0
DTXSID9020087,2119,0.0,0.0
DTXSID9020089,2119,,
DTXSID9020110,2119,0.9999999999374805,1.0
DTXSID9020112,2119,0.0,0.0
DTXSID9020114,2119,1.192264598848732e-06,0.0
DTXSID9020116,2119,0.999999999995698,1.0
DTXSID9020118,2119,0.0,0.0
DTXSID9020160,2119,0.0,0.0
DTXSID9020164,2119,0.0,0.0
DTXSID9020166,2119,0.9999998468428887,1.0
DTXSID9020168,2119,,
DTXSID9020241,2119,0.9995555451303668,1.0
DTXSID9020243,2119,0.9999999999625805,1.0
DTXSID9020245,2119,3.093972150672998e-06,0.0
DTXSID9020247,2119,0.9998576106520076,1.0
DTXSID9020249,2119,0.0,0.0
DTXSID9020293,2119,,
DTXSID9020295,2119,0.972836964024343,1.0
DTXSID9020299,2119,0.999993915556695,1.0
DTXSID9020322,2119,0.0,0.0
DTXSID9020326,2119,0.0,0.0
DTXSID9020328,2119,0.0,0.0
DTXSID9020370,2119,4.314193687483626e-08,0.0
DTXSID9020372,2119,0.9999999214849047,1.0
DTXSID9020374,2119,0.9999994510514406,1.0
DTXSID9020376,2119,4.2271479318436025e-16,0.0
DTXSID9020378,2119,0.9943724518361485,1.0
DTXSID9020401,2119,0.5134120993992949,0.0
DTXSID9020407,2119,2.5771554339547086e-18,0.0
DTXSID9020409,2119,5.461197792999557e-11,0.0
DTXSID9020451,2119,0.999999998246018,1.0
DTXSID9020453,2119,0.992201234458894,1.0
DTXSID9020459,2119,0.0,0.0
DTXSID9020538,2119,1.0,1.0
DTXSID9020580,2119,2.4350921183143287e-13,0.0
DTXSID9020582,2119,0.0,0.0
DTXSID9020584,2119,0.0,0.0
DTXSID9020615,2119,0.0030302119949861335,0.0
DTXSID9020617,2119,0.00043936045691998576,0.0
DTXSID9020663,2119,4.460638557395397e-09,0.0
DTXSID9020667,2119,0.0,0.0
DTXSID9020669,2119,0.45001849882242934,0.0
DTXSID9020740,2119,0.999984576341876,1.0
DTXSID9020742,2119,0.0,0.0
DTXSID9020790,2119,0.0,0.0
DTXSID9020792,2119,0.0,0.0
DTXSID9020794,2119,0.960666299888221,1.0
DTXSID9020796,2119,0.9999961362786797,1.0
DTXSID9020825,2119,0.0,0.0
DTXSID9020827,2119,0.9999999999533292,1.0
DTXSID9020829,2119,2.8373398280639388e-14,0.0
DTXSID9020875,2119,,
DTXSID9020877,2119,7.012859263172751e-09,0.0
DTXSID9020902,2119,0.0,0.0
DTXSID9020956,2119,8.08887243916985e-12,0.0
DTXSID9020958,2119,0.9999990479679861,1.0
DTXSID9021053,2119,0.0,0.0
DTXSID9021059,2119,0.0,0.0
DTXSID9021130,2119,0.8253322781448492,0.0
DTXSID9021132,2119,0.9972189775634347,1.0
DTXSID9021134,2119,3.870313379793958e-08,0.0
DTXSID9021136,2119,0.918523554597743,1.0
DTXSID9021138,2119,0.9979249901808804,1.0
DTXSID9021182,2119,0.008239140490587401,0.0
DTXSID9021184,2119,0.0,0.0
DTXSID9021188,2119,3.9103869700779886e-13,0.0
DTXSID9021215,2119,0.0,0.0
DTXSID9021217,2119,0.996674537716904,1.0
DTXSID9021219,2119,0.998701736873883,1.0
DTXSID9021267,2119,0.940845360032263,1.0
DTXSID9021340,2119,,
DTXSID9021342,2119,0.9999999628024886,1.0
DTXSID9021344,2119,0.7594303736200843,0.0
DTXSID9021346,2119,0.999999999989799,1.0
DTXSID9021348,2119,6.910651953478949e-15,0.0
DTXSID9021390,2119,0.0,0.0
DTXSID9021392,2119,4.525240966201934e-16,0.0
DTXSID9021396,2119,0.0,0.0
DTXSID9021398,2119,,
DTXSID9021427,2119,0.0,0.0
DTXSID9021477,2119,0.0,0.0
DTXSID9021479,2119,0.0,0.0
DTXSID9021550,2119,0.0,0.0
DTXSID9021552,2119,0.0,0.0
DTXSID9021554,2119,0.046195204032707785,0.0
DTXSID9021631,2119,0.0,0.0
DTXSID9021633,2119,0.9247555763021208,1.0
DTXSID9021635,2119,,
DTXSID9021637,2119,0.003668857663248164,0.0
DTXSID9021639,2119,0.0,0.0
DTXSID9021683,2119,2.381461553168129e-10,0.0
DTXSID9021685,2119,3.6133230318841833e-10,0.0
DTXSID9021689,2119,0.0,0.0
DTXSID9021710,2119,0.0,0.0
DTXSID9021716,2119,0.9999992744402071,1.0
DTXSID9021718,2119,0.0,0.0
DTXSID9021762,2119,8.398084369385077e-15,0.0
DTXSID9021764,2119,0.0,0.0
DTXSID9021841,2119,0.0,0.0
DTXSID9021843,2119,0.0,0.0
DTXSID9021847,2119,0.0,0.0
DTXSID9021897,2119,0.0,0.0
DTXSID9021899,2119,0.0,0.0
DTXSID9021922,2119,0.0,0.0
DTXSID9021924,2119,0.0,0.0
DTXSID9021928,2119,0.0,0.0
DTXSID9021974,2119,,
DTXSID9021976,2119,0.0,0.0
DTXSID9021978,2119,0.0,0.0
DTXSID9022027,2119,1.0699223503304106e-07,0.0
DTXSID9022079,2119,0.9999999999999788,1.0
DTXSID9022100,2119,0.0,0.0
DTXSID9022104,2119,0.0,0.0
DTXSID9022310,2119,0.989453943089393,1.0
DTXSID9022312,2119,0.999982688391397,1.0
DTXSID9022360,2119,0.999999635360603,1.0
DTXSID9022364,2119,,
DTXSID9022366,2119,,
DTXSID9022445,2119,0.9954780579854939,1.0
DTXSID9022520,2119,0.0,0.0
DTXSID9022522,2119,0.027303846503593368,0.0
DTXSID9022524,2119,0.0,0.0
DTXSID9022526,2119,0.9999992572255062,1.0
DTXSID9022528,2119,1.6176513573843058e-13,0.0
DTXSID9022576,2119,1.142679101105074e-06,0.0
DTXSID9022601,2119,0.999998885749259,1.0
DTXSID9022603,2119,0.0,0.0
DTXSID9022607,2119,3.2652355821215825e-18,0.0
DTXSID9022609,2119,0.0,0.0
DTXSID9022655,2119,0.0,0.0
DTXSID9022657,2119,0.0,0.0
DTXSID9022730,2119,0.0,0.0
DTXSID9022734,2119,0.0,0.0
DTXSID9022736,2119,0.0,0.0
DTXSID9022738,2119,,
DTXSID9022780,2119,7.859664433335606e-11,0.0
DTXSID9022813,2119,,
DTXSID9022817,2119,0.0,0.0
DTXSID9022940,2119,0.8243044567709916,0.0
DTXSID9022944,2119,0.0,0.0
DTXSID9022948,2119,0.0,0.0
DTXSID9022994,2119,0.0,0.0
DTXSID9023041,2119,1.1472639111804026e-14,0.0
DTXSID9023043,2119,0.0,0.0
DTXSID9023095,2119,0.0,0.0
DTXSID9023122,2119,0.0,0.0
DTXSID9023128,2119,0.9999999544379284,1.0
DTXSID9023170,2119,0.0015786190973561313,0.0
DTXSID9023174,2119,0.0,0.0
DTXSID9023201,2119,0.0,0.0
DTXSID9023205,2119,0.0,0.0
DTXSID9023255,2119,0.0,0.0
DTXSID9023380,2119,3.012469664658218e-13,0.0
DTXSID9023386,2119,0.0,0.0
DTXSID9023388,2119,3.2624193442698885e-07,0.0
DTXSID9023411,2119,0.9980258958082265,1.0
DTXSID9023419,2119,0.0,0.0
DTXSID9023540,2119,1.365457064933477e-13,0.0
DTXSID9023542,2119,0.0,0.0
DTXSID9023546,2119,0.0002946501868443001,0.0
DTXSID9023548,2119,0.0,0.0
DTXSID9023590,2119,,
DTXSID9023621,2119,0.0,0.0
DTXSID9023677,2119,0.0,0.0
DTXSID9023679,2119,2.959387050630532e-10,0.0
DTXSID9023702,2119,0.0,0.0
DTXSID9023706,2119,0.9988420768960251,1.0
DTXSID9023752,2119,7.350852495807378e-09,0.0
DTXSID9023756,2119,0.9999015222170236,1.0
DTXSID9023833,2119,0.0,0.0
DTXSID9023835,2119,0.9999999949355214,1.0
DTXSID9023837,2119,0.0,0.0
DTXSID9023881,2119,0.0,0.0
DTXSID9023883,2119,,
DTXSID9023889,2119,0.7767824409995836,0.0
DTXSID9023914,2119,0.0,0.0
DTXSID9023966,2119,0.0,0.0
DTXSID9024015,2119,,
DTXSID9024063,2119,0.0,0.0
DTXSID9024065,2119,0.0,0.0
DTXSID9024194,2119,5.737642491912881e-16,0.0
DTXSID9024300,2119,1.0697276894380055e-07,0.0
DTXSID9024304,2119,0.0,0.0
DTXSID9024431,2119,2.713862241826105e-11,0.0
DTXSID9024437,2119,0.0,0.0
DTXSID9024481,2119,0.0,0.0
DTXSID9024483,2119,0.0005381335678831444,0.0
DTXSID9024485,2119,0.0,0.0
DTXSID9024487,2119,2.057931267295344e-06,0.0
DTXSID9024489,2119,0.0,0.0
DTXSID9024512,2119,0.0,0.0
DTXSID9024568,2119,0.0,0.0
DTXSID9024641,2119,0.0317092372967882,0.0
DTXSID9024691,2119,1.2913346658336551e-13,0.0
DTXSID9024699,2119,0.0,0.0
DTXSID9024724,2119,0.0,0.0
DTXSID9024726,2119,1.807374214504353e-11,0.0
DTXSID9024770,2119,0.0,0.0
DTXSID9024772,2119,0.0,0.0
DTXSID9024774,2119,0.0,0.0
DTXSID9024809,2119,0.0,0.0
DTXSID9024853,2119,0.0,0.0
DTXSID9024855,2119,0.0088550139739643,0.0
DTXSID9024930,2119,0.9995383807652298,1.0
DTXSID9024934,2119,0.9998667566172628,1.0
DTXSID9024980,2119,0.0,0.0
DTXSID9024986,2119,0.9570228434389435,1.0
DTXSID9025035,2119,,
DTXSID9025037,2119,4.691536504996581e-08,0.0
DTXSID9025085,2119,0.0,0.0
DTXSID9025087,2119,0.991977485018134,1.0
DTXSID9025110,2119,0.0,0.0
DTXSID9025112,2119,,
DTXSID9025114,2119,0.9999999392002263,1.0
DTXSID9025164,2119,0.0,0.0
DTXSID9025166,2119,0.6586683739470995,0.0
DTXSID9025243,2119,0.0,0.0
DTXSID9025245,2119,,
DTXSID9025249,2119,0.0,0.0
DTXSID9025291,2119,0.0,0.0
DTXSID9025293,2119,0.0,0.0
DTXSID9025297,2119,0.9713130202829628,1.0
DTXSID9025299,2119,0.9999911984564767,1.0
DTXSID9025326,2119,0.0,0.0
DTXSID9025328,2119,0.9999532909029564,1.0
DTXSID9025370,2119,0.0,0.0
DTXSID9025401,2119,0.9998705537991486,1.0
DTXSID9025403,2119,0.0,0.0
DTXSID9025409,2119,0.0,0.0
DTXSID9025451,2119,0.0,0.0
DTXSID9025453,2119,0.0,0.0
DTXSID9025455,2119,0.0,0.0
DTXSID9025534,2119,0.0,0.0
DTXSID9025536,2119,0.47456775538314355,0.0
DTXSID9025538,2119,0.9720253449243315,1.0
DTXSID9025580,2119,0.0,0.0
DTXSID9025588,2119,0.0,0.0
DTXSID9025611,2119,0.0,0.0
DTXSID9025617,2119,0.0,0.0
DTXSID9025661,2119,0.0,0.0
DTXSID9025665,2119,,
DTXSID9025740,2119,0.0,0.0
DTXSID9025742,2119,0.0,0.0
DTXSID9025744,2119,1.0,1.0
DTXSID9025746,2119,,
DTXSID9025794,2119,0.0,0.0
DTXSID9025796,2119,0.0,0.0
DTXSID9025825,2119,1.2651870492616132e-07,0.0
DTXSID9025873,2119,7.846549730725164e-13,0.0
DTXSID9025879,2119,0.0,0.0
DTXSID9026051,2119,0.0,0.0
DTXSID9026059,2119,0.0,0.0
DTXSID9026130,2119,0.0,0.0
DTXSID9026132,2119,0.0,0.0
DTXSID9026219,2119,0.7897013056566462,0.0
DTXSID9026261,2119,0.9996916735405663,1.0
DTXSID9026265,2119,0.17175820778055048,0.0
DTXSID9026267,2119,0.0,0.0
DTXSID9026342,2119,0.0,0.0
DTXSID9026423,2119,0.0,0.0
DTXSID9026500,2119,0.004928839362947372,0.0
DTXSID9026558,2119,0.0,0.0
DTXSID9026631,2119,0.0,0.0
DTXSID9026633,2119,0.0,0.0
DTXSID9026689,2119,0.0,0.0
DTXSID9026710,2119,0.0,0.0
DTXSID9026712,2119,0.0,0.0
DTXSID9026714,2119,2.877074651686217e-13,0.0
DTXSID9026716,2119,0.0,0.0
DTXSID9026718,2119,0.0,0.0
DTXSID9026766,2119,0.0,0.0
DTXSID9026841,2119,0.0,0.0
DTXSID9026849,2119,,
DTXSID9026899,2119,1.2936852096666503e-06,0.0
DTXSID9026922,2119,0.0,0.0
DTXSID9026924,2119,0.0,0.0
DTXSID9026926,2119,3.1940223880912683e-13,0.0
DTXSID9026974,2119,0.8556825375298068,0.0
DTXSID9027021,2119,1.7044215272495173e-14,0.0
DTXSID9027104,2119,0.0,0.0
DTXSID9027158,2119,0.0,0.0
DTXSID9027233,2119,0.0,0.0
DTXSID9027239,2119,0.0,0.0
DTXSID9027281,2119,5.833296512173048e-07,0.0
DTXSID9027310,2119,0.0,0.0
DTXSID9027312,2119,1.3159998153749608e-08,0.0
DTXSID9027314,2119,,
DTXSID9027360,2119,0.0,0.0
DTXSID9027364,2119,,
DTXSID9027368,2119,0.0,0.0
DTXSID9027441,2119,0.0,0.0
DTXSID9027443,2119,0.0,0.0
DTXSID9027449,2119,,
DTXSID9027520,2119,0.0,0.0
DTXSID9027522,2119,0.9990941811510837,1.0
DTXSID9027528,2119,0.0,0.0
DTXSID9027570,2119,0.0,0.0
DTXSID9027603,2119,,
DTXSID9027653,2119,0.9999992364843193,1.0
DTXSID9027738,2119,3.1195573964612943e-18,0.0
DTXSID9027863,2119,,
DTXSID9027948,2119,3.546837657505729e-14,0.0
DTXSID9028120,2119,0.0,0.0
DTXSID9029017,2119,0.2375872244589607,0.0
DTXSID9029061,2119,0.0,0.0
DTXSID9029146,2119,5.177444054406138e-13,0.0
DTXSID9029192,2119,0.0,0.0
DTXSID9029194,2119,0.0,0.0
DTXSID9029221,2119,4.4278352961593165e-16,0.0
DTXSID9029223,2119,0.0,0.0
DTXSID9029225,2119,0.9999999999992895,1.0
DTXSID9029275,2119,0.0,0.0
DTXSID9029277,2119,,
DTXSID9029279,2119,0.0,0.0
DTXSID9029300,2119,,
DTXSID9029302,2119,0.0,0.0
DTXSID9029304,2119,7.399836966924071e-11,0.0
DTXSID9029649,2119,0.0,0.0
DTXSID9029691,2119,0.0,0.0
DTXSID9029695,2119,0.0,0.0
DTXSID9030048,2119,0.0,0.0
DTXSID9030258,2119,0.0,0.0
DTXSID9030707,2119,0.9955747857882412,1.0
DTXSID9031800,2119,0.0,0.0
DTXSID9032113,2119,0.9999789490540554,1.0
DTXSID9032327,2119,0.0,0.0
DTXSID9032329,2119,0.9999999110422649,1.0
DTXSID9032375,2119,0.0,0.0
DTXSID9032379,2119,0.9965722552390496,1.0
DTXSID9032406,2119,0.0,0.0
DTXSID9032531,2119,0.9629154674685144,1.0
DTXSID9032533,2119,0.9840028771700476,1.0
DTXSID9032535,2119,0.0,0.0
DTXSID9032537,2119,0.9990615339927158,1.0
DTXSID9032581,2119,0.9999999999995445,1.0
DTXSID9032589,2119,0.9990966611606528,1.0
DTXSID9032610,2119,0.0,0.0
DTXSID9032614,2119,0.0,0.0
DTXSID9032878,2119,0.0,0.0
DTXSID9033008,2119,0.00012624138364502542,0.0
DTXSID9033058,2119,2.0987957263640205e-09,0.0
DTXSID9033187,2119,0.9999997219464248,1.0
DTXSID9033264,2119,,
DTXSID9033896,2119,,
DTXSID9033923,2119,0.1417526837562185,0.0
DTXSID9033979,2119,,
DTXSID9034070,2119,,
DTXSID9034232,2119,0.0,0.0
DTXSID9034282,2119,0.0,0.0
DTXSID9034286,2119,0.0,0.0
DTXSID9034317,2119,0.9999749891228548,1.0
DTXSID9034361,2119,,
DTXSID9034365,2119,0.5186836986309982,0.0
DTXSID9034490,2119,0.0,0.0
DTXSID9034492,2119,0.9999999999999961,1.0
DTXSID9034816,2119,0.0,0.0
DTXSID9034818,2119,0.9854294111970975,1.0
DTXSID9034864,2119,1.0039048356317315e-19,0.0
DTXSID9034997,2119,0.9991263801126825,1.0
DTXSID9035175,2119,1.171672174352009e-07,0.0
DTXSID9035204,2119,1.0,1.0
DTXSID9035206,2119,,
DTXSID9035620,2119,,
DTXSID9035753,2119,0.0,0.0
DTXSID9036226,2119,0.0,0.0
DTXSID9036438,2119,,
DTXSID9036515,2119,0.999651741878782,1.0
DTXSID9036646,2119,0.0,0.0
DTXSID9036690,2119,,
DTXSID9036933,2119,0.0,0.0
DTXSID9037038,2119,0.9999999999904111,1.0
DTXSID9037246,2119,0.0,0.0
DTXSID9037248,2119,0.0,0.0
DTXSID9037535,2119,,
DTXSID9037539,2119,0.9947550546535447,1.0
DTXSID9037612,2119,1.863726795228122e-09,0.0
DTXSID9037616,2119,0.0,0.0
DTXSID9037741,2119,,
DTXSID9037745,2119,1.156232659109701e-08,0.0
DTXSID9037749,2119,0.9999949753545753,1.0
DTXSID9038686,2119,0.0,0.0
DTXSID9039232,2119,0.0,0.0
DTXSID9039238,2119,0.0,0.0
DTXSID9040001,2119,0.0,0.0
DTXSID9040130,2119,,
DTXSID9040134,2119,0.0,0.0
DTXSID9040215,2119,0.0,0.0
DTXSID9040265,2119,0.998440196170849,1.0
DTXSID9040269,2119,0.9999999960694629,1.0
DTXSID9040342,2119,0.0,0.0
DTXSID9040502,2119,0.9995620443282416,1.0
DTXSID9040554,2119,0.0,0.0
DTXSID9040635,2119,0.8527602061372784,0.0
DTXSID9040683,2119,0.9998974676416258,1.0
DTXSID9040685,2119,0.0,0.0
DTXSID9040687,2119,0.0,0.0
DTXSID9040710,2119,1.196622467727664e-16,0.0
DTXSID9040712,2119,0.9999999999881491,1.0
DTXSID9040714,2119,0.0,0.0
DTXSID9040716,2119,0.0,0.0
DTXSID9040718,2119,0.0,0.0
DTXSID9040760,2119,0.9999999185051047,1.0
DTXSID9041075,2119,0.0,0.0
DTXSID9041152,2119,0.0,0.0
DTXSID9041233,2119,0.0,0.0
DTXSID9041237,2119,4.819880521903114e-11,0.0
DTXSID9041289,2119,0.9999962553262278,1.0
DTXSID9041362,2119,0.0,0.0
DTXSID9041366,2119,,
DTXSID9041368,2119,,
DTXSID9041441,2119,0.0,0.0
DTXSID9041491,2119,0.0,0.0
DTXSID9041520,2119,0.0,0.0
DTXSID9041524,2119,0.9999992466133123,1.0
DTXSID9041528,2119,0.0,0.0
DTXSID9041570,2119,0.5031757056037672,0.0
DTXSID9041607,2119,0.0,0.0
DTXSID9041653,2119,0.02143138455066929,0.0
DTXSID9041659,2119,0.0,0.0
DTXSID9041813,2119,0.0,0.0
DTXSID9041815,2119,0.0,0.0
DTXSID9041861,2119,0.0,0.0
DTXSID9042097,2119,,
DTXSID9042124,2119,0.9999999965327314,1.0
DTXSID9042170,2119,6.945198988638542e-13,0.0
DTXSID9042203,2119,0.9854602361400079,1.0
DTXSID9042209,2119,0.0,0.0
DTXSID9042259,2119,0.8643970227155185,0.0
DTXSID9042336,2119,0.0,0.0
DTXSID9042338,2119,0.0,0.0
DTXSID9042382,2119,0.0,0.0
DTXSID9042415,2119,0.0,0.0
DTXSID9042592,2119,0.9999999132869315,1.0
DTXSID9042594,2119,0.999932332545726,1.0
DTXSID9043853,2119,0.0,0.0
DTXSID9043855,2119,3.3876355846389297e-13,0.0
DTXSID9043938,2119,,
DTXSID9044112,2119,0.0,0.0
DTXSID9044164,2119,5.67163619698264e-10,0.0
DTXSID9044241,2119,0.0,0.0
DTXSID9044247,2119,0.0,0.0
DTXSID9044299,2119,0.0,0.0
DTXSID9044320,2119,,
DTXSID9044322,2119,0.9986233700530123,1.0
DTXSID9044370,2119,0.0,0.0
DTXSID9044372,2119,2.2231799518343995e-18,0.0
DTXSID9044374,2119,0.0,0.0
DTXSID9044378,2119,5.262999280359604e-14,0.0
DTXSID9044401,2119,0.0,0.0
DTXSID9044403,2119,0.0,0.0
DTXSID9044405,2119,0.0,0.0
DTXSID9044407,2119,0.0,0.0
DTXSID9044409,2119,0.0,0.0
DTXSID9044451,2119,0.0,0.0
DTXSID9044455,2119,,
DTXSID9044457,2119,0.0,0.0
DTXSID9044459,2119,0.03145176258256041,0.0
DTXSID9044532,2119,0.0,0.0
DTXSID9044534,2119,0.0,0.0
DTXSID9044536,2119,,
DTXSID9044538,2119,0.2365801382100961,0.0
DTXSID9044580,2119,0.0,0.0
DTXSID9044582,2119,0.3139686897984494,0.0
DTXSID9044584,2119,0.0,0.0
DTXSID9044588,2119,0.0,0.0
DTXSID9044611,2119,5.719625626283614e-13,0.0
DTXSID9044613,2119,0.0,0.0
DTXSID9044615,2119,,
DTXSID9044617,2119,0.0,0.0
DTXSID9044619,2119,0.0,0.0
DTXSID9044661,2119,1.3740199964218873e-12,0.0
DTXSID9044663,2119,0.0,0.0
DTXSID9044667,2119,0.0,0.0
DTXSID9044740,2119,0.0,0.0
DTXSID9044742,2119,0.0,0.0
DTXSID9044744,2119,0.0,0.0
DTXSID9044746,2119,0.0,0.0
DTXSID9044748,2119,0.0,0.0
DTXSID9044790,2119,0.0,0.0
DTXSID9044794,2119,0.6282091191758544,0.0
DTXSID9044796,2119,0.9999999999999541,1.0
DTXSID9044798,2119,1.0,1.0
DTXSID9044821,2119,0.9999999999999921,1.0
DTXSID9044823,2119,,
DTXSID9044825,2119,0.0,0.0
DTXSID9044827,2119,0.0,0.0
DTXSID9044829,2119,0.6109823491224894,0.0
DTXSID9044871,2119,0.0,0.0
DTXSID9044873,2119,0.0,0.0
DTXSID9044875,2119,0.0,0.0
DTXSID9044877,2119,0.0,0.0
DTXSID9044879,2119,,
DTXSID9044900,2119,0.0,0.0
DTXSID9044902,2119,5.2346654103324e-05,0.0
DTXSID9044904,2119,0.0,0.0
DTXSID9044908,2119,,
DTXSID9044950,2119,0.997517592920811,1.0
DTXSID9044958,2119,,
DTXSID9045003,2119,0.0,0.0
DTXSID9045005,2119,,
DTXSID9045007,2119,4.675650725131616e-08,0.0
DTXSID9045053,2119,0.0,0.0
DTXSID9045132,2119,0.9921159034359415,1.0
DTXSID9045136,2119,0.9999999992722168,1.0
DTXSID9045138,2119,0.0,0.0
DTXSID9045182,2119,0.0,0.0
DTXSID9045184,2119,0.999952492683717,1.0
DTXSID9045188,2119,0.0,0.0
DTXSID9045215,2119,0.5946137470687237,0.0
DTXSID9045217,2119,0.0,0.0
DTXSID9045265,2119,0.0,0.0
DTXSID9045267,2119,,
DTXSID9045342,2119,,
DTXSID9045346,2119,0.0,0.0
DTXSID9045348,2119,0.9176842088050129,1.0
DTXSID9045390,2119,0.0,0.0
DTXSID9045392,2119,0.0,0.0
DTXSID9045394,2119,0.0,0.0
DTXSID9045425,2119,0.6780861900146435,0.0
DTXSID9045429,2119,,
DTXSID9045500,2119,0.0,0.0
DTXSID9045506,2119,0.0,0.0
DTXSID9045508,2119,0.0,0.0
DTXSID9045556,2119,5.388970631327744e-13,0.0
DTXSID9045558,2119,0.9999746486130652,1.0
DTXSID9045631,2119,0.9999994043092462,1.0
DTXSID9045633,2119,0.0,0.0
DTXSID9045635,2119,0.9986339534293704,1.0
DTXSID9045683,2119,0.0,0.0
DTXSID9045685,2119,0.0,0.0
DTXSID9045687,2119,0.0,0.0
DTXSID9045710,2119,0.0,0.0
DTXSID9045762,2119,,
DTXSID9045768,2119,0.0,0.0
DTXSID9045843,2119,0.0,0.0
DTXSID9045845,2119,1.6520746552441555e-13,0.0
DTXSID9045847,2119,,
DTXSID9045849,2119,0.9999999999999037,1.0
DTXSID9045891,2119,1.3812816944629159e-08,0.0
DTXSID9045897,2119,0.0,0.0
DTXSID9045899,2119,0.9867835245378654,1.0
DTXSID9045922,2119,0.9990999098516332,1.0
DTXSID9046023,2119,0.0,0.0
DTXSID9046029,2119,0.9999646693425726,1.0
DTXSID9046071,2119,,
DTXSID9046073,2119,0.0,0.0
DTXSID9046100,2119,0.0,0.0
DTXSID9046104,2119,0.9999999999996549,1.0
DTXSID9046108,2119,0.0,0.0
DTXSID9046150,2119,0.0,0.0
DTXSID9046152,2119,0.9999999990003903,1.0
DTXSID9046158,2119,0.9835536445218216,1.0
DTXSID9046233,2119,0.0,0.0
DTXSID9046235,2119,0.9999806920134457,1.0
DTXSID9046281,2119,0.0,0.0
DTXSID9046283,2119,5.542285246143919e-07,0.0
DTXSID9046285,2119,4.0693117951624967e-13,0.0
DTXSID9046287,2119,1.057959703969895e-10,0.0
DTXSID9046289,2119,,
DTXSID9046310,2119,0.9999999592020998,1.0
DTXSID9046318,2119,0.999999999869237,1.0
DTXSID9046360,2119,0.0,0.0
DTXSID9046443,2119,0.9999999863746083,1.0
DTXSID9046445,2119,0.9999999999999959,1.0
DTXSID9046449,2119,0.9748805814136249,1.0
DTXSID9046491,2119,0.0,0.0
DTXSID9046495,2119,0.0,0.0
DTXSID9046499,2119,1.120911836418542e-11,0.0
DTXSID9046526,2119,0.0,0.0
DTXSID9046570,2119,0.0,0.0
DTXSID9046572,2119,0.0,0.0
DTXSID9046576,2119,0.9999994291743401,1.0
DTXSID9046651,2119,0.9999996439580254,1.0
DTXSID9046734,2119,0.0,0.0
DTXSID9046738,2119,0.9991018214213447,1.0
DTXSID9046780,2119,0.544866503379096,0.0
DTXSID9046786,2119,,
DTXSID9046813,2119,0.9999350659131735,1.0
DTXSID9046817,2119,0.0,0.0
DTXSID9046861,2119,0.0,0.0
DTXSID9046942,2119,0.9999999412401135,1.0
DTXSID9046946,2119,0.0,0.0
DTXSID9046992,2119,0.9999782672113414,1.0
DTXSID9046994,2119,2.1502136094618242e-13,0.0
DTXSID9046998,2119,0.0,0.0
DTXSID9047041,2119,0.0,0.0
DTXSID9047043,2119,5.36591663047253e-12,0.0
DTXSID9047045,2119,0.0,0.0
DTXSID9047047,2119,,
DTXSID9047049,2119,0.009194629550036575,0.0
DTXSID9047091,2119,0.0,0.0
DTXSID9047093,2119,0.0,0.0
DTXSID9047095,2119,0.0,0.0
DTXSID9047099,2119,0.4867920438518956,0.0
DTXSID9047120,2119,0.0,0.0
DTXSID9047124,2119,0.0030395414329165986,0.0
DTXSID9047126,2119,1.165271996020675e-10,0.0
DTXSID9047128,2119,0.0,0.0
DTXSID9047174,2119,4.849619445428183e-08,0.0
DTXSID9047176,2119,0.0,0.0
DTXSID9047178,2119,,
DTXSID9047201,2119,0.0009289494475942063,0.0
DTXSID9047203,2119,0.0,0.0
DTXSID9047205,2119,0.0,0.0
DTXSID9047251,2119,0.9995578494862452,1.0
DTXSID9047253,2119,0.9999999953702214,1.0
DTXSID9047255,2119,0.0,0.0
DTXSID9047257,2119,0.9991770138138346,1.0
DTXSID9047259,2119,,
DTXSID9047330,2119,0.9999966409359552,1.0
DTXSID9047334,2119,0.9999999981642987,1.0
DTXSID9047338,2119,0.9995060544737149,1.0
DTXSID9047411,2119,0.0,0.0
DTXSID9047413,2119,0.0,0.0
DTXSID9047415,2119,0.0,0.0
DTXSID9047417,2119,0.0,0.0
DTXSID9047419,2119,0.99646555657251,1.0
DTXSID9047461,2119,2.1524793741531388e-14,0.0
DTXSID9047463,2119,0.0,0.0
DTXSID9047465,2119,0.0,0.0
DTXSID9047467,2119,0.0,0.0
DTXSID9047469,2119,0.0,0.0
DTXSID9047540,2119,0.998269101295211,1.0
DTXSID9047542,2119,1.0,1.0
DTXSID9047546,2119,6.862608003202635e-05,0.0
DTXSID9047548,2119,0.0,0.0
DTXSID9047590,2119,0.0,0.0
DTXSID9047592,2119,1.0,1.0
DTXSID9047594,2119,0.9999929883871097,1.0
DTXSID9047598,2119,0.9999991928781972,1.0
DTXSID9047623,2119,1.6276133467766914e-10,0.0
DTXSID9047629,2119,0.0,0.0
DTXSID9047673,2119,1.814338045857048e-06,0.0
DTXSID9047675,2119,0.0,0.0
DTXSID9047677,2119,4.0867810754695835e-10,0.0
DTXSID9047679,2119,0.9994554790448397,1.0
DTXSID9047700,2119,0.0,0.0
DTXSID9047702,2119,,
DTXSID9047704,2119,0.0,0.0
DTXSID9047706,2119,,
DTXSID9047708,2119,0.0,0.0
DTXSID9047833,2119,0.935930339615337,1.0
DTXSID9047835,2119,0.0,0.0
DTXSID9047837,2119,0.0,0.0
DTXSID9047839,2119,0.9999999999997454,1.0
DTXSID9047881,2119,0.0,0.0
DTXSID9047883,2119,0.9995186100908348,1.0
DTXSID9047885,2119,0.9999999999999727,1.0
DTXSID9047887,2119,0.9999999779555737,1.0
DTXSID9047889,2119,0.9999808278354482,1.0
DTXSID9047910,2119,1.2523603328179998e-05,0.0
DTXSID9047912,2119,0.0,0.0
DTXSID9047914,2119,0.0,0.0
DTXSID9047916,2119,0.9999999151776541,1.0
DTXSID9047918,2119,0.9999999977957363,1.0
DTXSID9047960,2119,0.993579404909105,1.0
DTXSID9047962,2119,0.9999442383489682,1.0
DTXSID9047964,2119,1.2834759466149624e-13,0.0
DTXSID9047966,2119,3.5129563293680795e-15,0.0
DTXSID9047968,2119,0.0,0.0
DTXSID9048190,2119,0.0,0.0
DTXSID9048192,2119,0.0,0.0
DTXSID9048194,2119,0.0,0.0
DTXSID9048196,2119,0.9834380109481249,1.0
DTXSID9048198,2119,,
DTXSID9048510,2119,0.9891699372498898,1.0
DTXSID9048512,2119,0.9999996969753601,1.0
DTXSID9048514,2119,,
DTXSID9048516,2119,,
DTXSID9048518,2119,,
DTXSID9048647,2119,2.4137311441732807e-10,0.0
DTXSID9048649,2119,6.106167205805658e-18,0.0
DTXSID9048691,2119,0.0,0.0
DTXSID9048693,2119,0.0,0.0
DTXSID9048695,2119,0.0004884559378124414,0.0
DTXSID9048722,2119,0.0,0.0
DTXSID9048728,2119,0.9994678759818891,1.0
DTXSID9048774,2119,0.0,0.0
DTXSID9048776,2119,0.967026366340821,1.0
DTXSID9048778,2119,0.02483712047509519,0.0
DTXSID9048801,2119,0.9999998372750131,1.0
DTXSID9048803,2119,0.0,0.0
DTXSID9048805,2119,0.0,0.0
DTXSID9048807,2119,0.0,0.0
DTXSID9048809,2119,0.9999532458627128,1.0
DTXSID9048851,2119,0.0,0.0
DTXSID9048853,2119,1.118808119816322e-09,0.0
DTXSID9048855,2119,0.0,0.0
DTXSID9048859,2119,2.5327782481177065e-14,0.0
DTXSID9048930,2119,0.05407777966052615,0.0
DTXSID9048932,2119,0.0,0.0
DTXSID9048934,2119,3.6224402773944915e-15,0.0
DTXSID9048936,2119,0.8767031362209458,0.0
DTXSID9048938,2119,1.8133457062780462e-08,0.0
DTXSID9048988,2119,0.9910467286093876,1.0
DTXSID9049035,2119,0.9971713046326747,1.0
DTXSID9049037,2119,0.8115555960326322,0.0
DTXSID9049039,2119,0.0,0.0
DTXSID9049083,2119,0.0,0.0
DTXSID9049241,2119,0.003130652980711567,0.0
DTXSID9049243,2119,0.9989051878527078,1.0
DTXSID9049245,2119,0.0,0.0
DTXSID9049247,2119,0.0,0.0
DTXSID9049249,2119,0.0,0.0
DTXSID9049291,2119,0.0,0.0
DTXSID9049293,2119,,
DTXSID9049295,2119,0.0,0.0
DTXSID9049297,2119,0.9999996107812944,1.0
DTXSID9049299,2119,0.9999988002180421,1.0
DTXSID9049320,2119,0.0,0.0
DTXSID9049322,2119,0.0,0.0
DTXSID9049324,2119,2.1374575962354136e-18,0.0
DTXSID9049326,2119,0.0,0.0
DTXSID9049328,2119,5.3077058332412495e-11,0.0
DTXSID9049370,2119,0.0,0.0
DTXSID9049372,2119,0.0,0.0
DTXSID9049374,2119,0.0,0.0
DTXSID9049376,2119,0.0,0.0
DTXSID9049378,2119,0.0,0.0
DTXSID9049401,2119,0.9999999991241217,1.0
DTXSID9049403,2119,,
DTXSID9049405,2119,0.0,0.0
DTXSID9049407,2119,0.0,0.0
DTXSID9049409,2119,0.0,0.0
DTXSID9049451,2119,0.0,0.0
DTXSID9049453,2119,,
DTXSID9049455,2119,0.0,0.0
DTXSID9049457,2119,6.820514667988606e-08,0.0
DTXSID9049459,2119,7.85920887120986e-11,0.0
DTXSID9049530,2119,0.9952657854321021,1.0
DTXSID9049532,2119,0.9965210966335684,1.0
DTXSID9049534,2119,0.9957723240888858,1.0
DTXSID9049536,2119,0.9994674059386707,1.0
DTXSID9049538,2119,5.2991601413813535e-09,0.0
DTXSID9051454,2119,,
DTXSID9051581,2119,0.00730203039977599,0.0
DTXSID9051618,2119,4.4908266930799214e-10,0.0
DTXSID9051662,2119,0.0,0.0
DTXSID9051824,2119,0.0,0.0
DTXSID9051907,2119,0.0001823724574729022,0.0
DTXSID9052505,2119,6.852745192614866e-14,0.0
DTXSID9052509,2119,,
DTXSID9057630,2119,,
DTXSID9057632,2119,0.0,0.0
DTXSID9057634,2119,,
DTXSID9057636,2119,0.0,0.0
DTXSID9057638,2119,0.9999999999998235,1.0
DTXSID9057680,2119,6.481645468684695e-13,0.0
DTXSID9057682,2119,3.0102609112846315e-08,0.0
DTXSID9057684,2119,0.999871609805465,1.0
DTXSID9057686,2119,0.0,0.0
DTXSID9057688,2119,0.0,0.0
DTXSID9057711,2119,0.00012193624564071975,0.0
DTXSID9057713,2119,0.0,0.0
DTXSID9057715,2119,0.9992293952335682,1.0
DTXSID9057717,2119,,
DTXSID9057719,2119,0.9999998065745918,1.0
DTXSID9057761,2119,0.0,0.0
DTXSID9057763,2119,0.0,0.0
DTXSID9057765,2119,0.9990641038476847,1.0
DTXSID9057767,2119,0.0,0.0
DTXSID9057769,2119,,
DTXSID9057840,2119,,
DTXSID9057842,2119,0.9852231636907742,1.0
DTXSID9057844,2119,0.0,0.0
DTXSID9057846,2119,,
DTXSID9057848,2119,0.0,0.0
DTXSID9057890,2119,0.0,0.0
DTXSID9057898,2119,0.9994770270763564,1.0
DTXSID9058654,2119,0.9999549218667093,1.0
