dtxsid,aeid,hitc_clean,active
DTXSID0020020,2108,0.0,0.0
DTXSID0020022,2108,0.0,0.0
DTXSID0020024,2108,0.0,0.0
DTXSID0020070,2108,0.0,0.0
DTXSID0020072,2108,6.584636528165427e-06,0.0
DTXSID0020074,2108,0.0,0.0
DTXSID0020076,2108,0.0,0.0
DTXSID0020101,2108,,
DTXSID0020105,2108,0.0,0.0
DTXSID0020107,2108,0.0,0.0
DTXSID0020151,2108,0.9999287700183174,1.0
DTXSID0020153,2108,,
DTXSID0020155,2108,3.0542451900048225e-07,0.0
DTXSID0020157,2108,0.0,0.0
DTXSID0020232,2108,0.9999689932092863,1.0
DTXSID0020236,2108,1.4334659962584516e-06,0.0
DTXSID0020238,2108,,
DTXSID0020280,2108,0.0,0.0
DTXSID0020282,2108,0.0,0.0
DTXSID0020284,2108,0.9999953666963336,1.0
DTXSID0020286,2108,0.0,0.0
DTXSID0020288,2108,0.9625995012253831,1.0
DTXSID0020311,2108,0.0,0.0
DTXSID0020315,2108,1.587626374977653e-11,0.0
DTXSID0020319,2108,0.999999999944742,1.0
DTXSID0020361,2108,0.0,0.0
DTXSID0020363,2108,0.0,0.0
DTXSID0020365,2108,0.6267195265093823,0.0
DTXSID0020367,2108,,
DTXSID0020369,2108,1.0921534766812246e-10,0.0
DTXSID0020440,2108,0.0,0.0
DTXSID0020442,2108,0.0,0.0
DTXSID0020444,2108,0.0,0.0
DTXSID0020446,2108,2.7850620849935354e-07,0.0
DTXSID0020448,2108,0.0,0.0
DTXSID0020494,2108,7.53804305675951e-07,0.0
DTXSID0020498,2108,4.4027974754401825e-17,0.0
DTXSID0020523,2108,0.9979208913031369,1.0
DTXSID0020527,2108,0.0,0.0
DTXSID0020529,2108,0.259439629659666,0.0
DTXSID0020573,2108,0.9999984563554951,1.0
DTXSID0020575,2108,0.0,0.0
DTXSID0020577,2108,0.0,0.0
DTXSID0020602,2108,0.0,0.0
DTXSID0020604,2108,0.0,0.0
DTXSID0020606,2108,1.8559298623583068e-14,0.0
DTXSID0020650,2108,0.9997892941183817,1.0
DTXSID0020652,2108,0.0,0.0
DTXSID0020654,2108,6.739359426203123e-11,0.0
DTXSID0020656,2108,0.0,0.0
DTXSID0020733,2108,0.017641063206550973,0.0
DTXSID0020737,2108,2.319738679604677e-07,0.0
DTXSID0020789,2108,0.9909142285714007,1.0
DTXSID0020810,2108,,
DTXSID0020814,2108,0.0,0.0
DTXSID0020818,2108,1.3851438268683457e-05,0.0
DTXSID0020862,2108,1.7100264232471264e-10,0.0
DTXSID0020868,2108,0.0,0.0
DTXSID0020941,2108,0.0,0.0
DTXSID0020943,2108,7.123155325590246e-05,0.0
DTXSID0021040,2108,0.0,0.0
DTXSID0021094,2108,1.4973733933882957e-13,0.0
DTXSID0021096,2108,0.0,0.0
DTXSID0021121,2108,0.7709758807502676,0.0
DTXSID0021123,2108,4.530247266901577e-16,0.0
DTXSID0021125,2108,0.9999999984534653,1.0
DTXSID0021127,2108,0.9729865705356415,1.0
DTXSID0021129,2108,0.0,0.0
DTXSID0021175,2108,0.0,0.0
DTXSID0021179,2108,0.9945933946203467,1.0
DTXSID0021206,2108,0.0,0.0
DTXSID0021254,2108,0.0,0.0
DTXSID0021256,2108,6.192509927681977e-15,0.0
DTXSID0021258,2108,0.0,0.0
DTXSID0021331,2108,0.999733315167182,1.0
DTXSID0021333,2108,1.0,1.0
DTXSID0021335,2108,0.0,0.0
DTXSID0021337,2108,1.2636680914043442e-09,0.0
DTXSID0021339,2108,0.0,0.0
DTXSID0021381,2108,0.0,0.0
DTXSID0021383,2108,0.0,0.0
DTXSID0021385,2108,0.9999999999999999,1.0
DTXSID0021387,2108,0.0,0.0
DTXSID0021389,2108,1.676128597559195e-05,0.0
DTXSID0021410,2108,0.9998240473761036,1.0
DTXSID0021414,2108,0.0,0.0
DTXSID0021418,2108,0.00016056717960018447,0.0
DTXSID0021460,2108,0.9999197008141155,1.0
DTXSID0021462,2108,0.9999999999824499,1.0
DTXSID0021464,2108,0.9999999999999999,1.0
DTXSID0021543,2108,0.9925938319682044,1.0
DTXSID0021545,2108,0.0,0.0
DTXSID0021547,2108,0.0,0.0
DTXSID0021597,2108,1.1856914149174104e-09,0.0
DTXSID0021599,2108,0.004636078563113313,0.0
DTXSID0021620,2108,0.0,0.0
DTXSID0021626,2108,0.0,0.0
DTXSID0021628,2108,0.0,0.0
DTXSID0021672,2108,0.0,0.0
DTXSID0021709,2108,0.0,0.0
DTXSID0021751,2108,0.7394731056795777,0.0
DTXSID0021757,2108,0.0,0.0
DTXSID0021759,2108,,
DTXSID0021832,2108,0.0,0.0
DTXSID0021834,2108,0.0,0.0
DTXSID0021836,2108,0.6672551251914058,0.0
DTXSID0021886,2108,0.0,0.0
DTXSID0021888,2108,0.0,0.0
DTXSID0021915,2108,0.0,0.0
DTXSID0021917,2108,0.0,0.0
DTXSID0021961,2108,0.0,0.0
DTXSID0021963,2108,1.501872515135274e-08,0.0
DTXSID0021965,2108,0.0,0.0
DTXSID0021969,2108,0.0,0.0
DTXSID0022010,2108,5.294657883459261e-06,0.0
DTXSID0022012,2108,1.5853180925794666e-09,0.0
DTXSID0022014,2108,0.0,0.0
DTXSID0022016,2108,0.0,0.0
DTXSID0022018,2108,0.0,0.0
DTXSID0022060,2108,8.271474020197658e-17,0.0
DTXSID0022062,2108,0.0,0.0
DTXSID0022191,2108,0.7739625092946179,0.0
DTXSID0022193,2108,0.0,0.0
DTXSID0022220,2108,0.9980520636048403,1.0
DTXSID0022301,2108,0.009051538466970308,0.0
DTXSID0022305,2108,0.0,0.0
DTXSID0022307,2108,0.0,0.0
DTXSID0022353,2108,2.388054419442515e-10,0.0
DTXSID0022432,2108,1.6582566959217152e-07,0.0
DTXSID0022436,2108,0.0,0.0
DTXSID0022480,2108,2.1322295043401617e-09,0.0
DTXSID0022519,2108,0.0,0.0
DTXSID0022563,2108,0.9640579578399,1.0
DTXSID0022640,2108,3.1116945501350147e-10,0.0
DTXSID0022644,2108,0.0,0.0
DTXSID0022646,2108,0.049661677213621094,0.0
DTXSID0022690,2108,0.7110281808446659,0.0
DTXSID0022725,2108,0.0,0.0
DTXSID0022777,2108,0.9997945695909136,1.0
DTXSID0022800,2108,0.0,0.0
DTXSID0022808,2108,0.9999897505530989,1.0
DTXSID0022850,2108,0.0,0.0
DTXSID0022854,2108,4.12461673451545e-11,0.0
DTXSID0022858,2108,0.0,0.0
DTXSID0022933,2108,0.0,0.0
DTXSID0022935,2108,4.0608805259488516e-10,0.0
DTXSID0022981,2108,0.0,0.0
DTXSID0023030,2108,0.011502767329136437,0.0
DTXSID0023036,2108,0.4334877683933238,0.0
DTXSID0023038,2108,0.0,0.0
DTXSID0023113,2108,0.0,0.0
DTXSID0023163,2108,,
DTXSID0023169,2108,1.9522828119970147e-08,0.0
DTXSID0023240,2108,0.0,0.0
DTXSID0023244,2108,0.0,0.0
DTXSID0023292,2108,,
DTXSID0023296,2108,0.9999999998104098,1.0
DTXSID0023298,2108,0.0,0.0
DTXSID0023323,2108,0.0,0.0
DTXSID0023329,2108,,
DTXSID0023371,2108,0.9999811445556148,1.0
DTXSID0023373,2108,0.8293105256079907,0.0
DTXSID0023377,2108,0.2609403838620732,0.0
DTXSID0023458,2108,0.0,0.0
DTXSID0023581,2108,0.06270855363529317,0.0
DTXSID0023587,2108,0.0,0.0
DTXSID0023612,2108,,
DTXSID0023616,2108,0.0,0.0
DTXSID0023618,2108,0.0,0.0
DTXSID0023660,2108,0.9954739235045185,1.0
DTXSID0023745,2108,0.0,0.0
DTXSID0023747,2108,0.0,0.0
DTXSID0023749,2108,0.0,0.0
DTXSID0023826,2108,0.0,0.0
DTXSID0023870,2108,0.0,0.0
DTXSID0023878,2108,0.0,0.0
DTXSID0023901,2108,0.0,0.0
DTXSID0023907,2108,0.08564419186005565,0.0
DTXSID0023909,2108,0.13329108491391906,0.0
DTXSID0023951,2108,0.008270842168889573,0.0
DTXSID0023955,2108,0.0,0.0
DTXSID0024000,2108,8.955571437352286e-12,0.0
DTXSID0024002,2108,0.44644009384091227,0.0
DTXSID0024052,2108,0.9961194269411107,1.0
DTXSID0024183,2108,0.0,0.0
DTXSID0024185,2108,0.0,0.0
DTXSID0024216,2108,0.0,0.0
DTXSID0024266,2108,0.003011607016973581,0.0
DTXSID0024341,2108,0.0,0.0
DTXSID0024345,2108,0.0,0.0
DTXSID0024395,2108,0.0,0.0
DTXSID0024397,2108,0.0,0.0
DTXSID0024399,2108,0.0,0.0
DTXSID0024470,2108,0.0,0.0
DTXSID0024474,2108,0.0,0.0
DTXSID0024478,2108,,
DTXSID0024501,2108,,
DTXSID0024503,2108,8.917436127284512e-08,0.0
DTXSID0024505,2108,0.0,0.0
DTXSID0024507,2108,0.0,0.0
DTXSID0024509,2108,0.0,0.0
DTXSID0024553,2108,0.0,0.0
DTXSID0024555,2108,0.0,0.0
DTXSID0024559,2108,,
DTXSID0024638,2108,0.0,0.0
DTXSID0024715,2108,0.0,0.0
DTXSID0024761,2108,0.0,0.0
DTXSID0024840,2108,,
DTXSID0024890,2108,0.0,0.0
DTXSID0024896,2108,0.0,0.0
DTXSID0024921,2108,0.9974180626483561,1.0
DTXSID0024923,2108,1.6471978246936344e-16,0.0
DTXSID0024971,2108,0.0,0.0
DTXSID0024977,2108,0.0,0.0
DTXSID0024979,2108,0.0,0.0
DTXSID0025070,2108,0.0,0.0
DTXSID0025074,2108,0.0,0.0
DTXSID0025076,2108,0.9999999999395276,1.0
DTXSID0025078,2108,0.9994221720713108,1.0
DTXSID0025101,2108,0.0,0.0
DTXSID0025234,2108,8.525256987735184e-14,0.0
DTXSID0025286,2108,3.100269556254921e-05,0.0
DTXSID0025315,2108,0.5072756726908161,0.0
DTXSID0025361,2108,0.6515177111192911,0.0
DTXSID0025363,2108,0.0,0.0
DTXSID0025367,2108,0.0,0.0
DTXSID0025440,2108,0.9847720550968864,1.0
DTXSID0025492,2108,0.0,0.0
DTXSID0025494,2108,0.0,0.0
DTXSID0025523,2108,0.0,0.0
DTXSID0025527,2108,0.8918550505511587,0.0
DTXSID0025571,2108,0.6267027891020926,0.0
DTXSID0025577,2108,0.0,0.0
DTXSID0025600,2108,0.9999999904954078,1.0
DTXSID0025604,2108,0.0,0.0
DTXSID0025654,2108,0.0,0.0
DTXSID0025733,2108,0.0,0.0
DTXSID0025737,2108,0.0,0.0
DTXSID0025789,2108,0.8725725149252738,0.0
DTXSID0025812,2108,0.9995462001130602,1.0
DTXSID0025814,2108,0.9654504013274565,1.0
DTXSID0025816,2108,8.187445414634931e-08,0.0
DTXSID0025818,2108,0.00429612411092459,0.0
DTXSID0025862,2108,9.103981360601655e-19,0.0
DTXSID0025864,2108,0.004033037411939944,0.0
DTXSID0025866,2108,2.306010000827599e-13,0.0
DTXSID0025991,2108,0.0,0.0
DTXSID0025997,2108,0.9739627136703614,1.0
DTXSID0026040,2108,0.9999999999999686,1.0
DTXSID0026098,2108,0.0,0.0
DTXSID0026125,2108,0.0,0.0
DTXSID0026171,2108,0.0,0.0
DTXSID0026175,2108,5.156688482560594e-06,0.0
DTXSID0026202,2108,2.0419204395763236e-12,0.0
DTXSID0026204,2108,0.0,0.0
DTXSID0026208,2108,0.4911554336065364,0.0
DTXSID0026252,2108,0.0,0.0
DTXSID0026258,2108,0.0,0.0
DTXSID0026339,2108,0.0,0.0
DTXSID0026418,2108,,
DTXSID0026547,2108,0.0,0.0
DTXSID0026549,2108,0.0,0.0
DTXSID0026676,2108,3.2145013369928137e-06,0.0
DTXSID0026701,2108,0.0,0.0
DTXSID0026830,2108,,
DTXSID0026838,2108,0.0,0.0
DTXSID0026880,2108,0.0,0.0
DTXSID0026882,2108,0.0,0.0
DTXSID0026888,2108,0.0,0.0
DTXSID0026913,2108,0.8159685096813458,0.0
DTXSID0026915,2108,0.0,0.0
DTXSID0026961,2108,0.0,0.0
DTXSID0026967,2108,0.0,0.0
DTXSID0027014,2108,5.7901583874305265e-06,0.0
DTXSID0027066,2108,0.0,0.0
DTXSID0027143,2108,5.114961423320641e-10,0.0
DTXSID0027149,2108,0.8853298339256561,0.0
DTXSID0027191,2108,0.0,0.0
DTXSID0027195,2108,0.0,0.0
DTXSID0027197,2108,2.382474755030918e-09,0.0
DTXSID0027222,2108,3.476806814348367e-13,0.0
DTXSID0027228,2108,0.0,0.0
DTXSID0027270,2108,1.7525623996778609e-09,0.0
DTXSID0027301,2108,0.0,0.0
DTXSID0027309,2108,0.0,0.0
DTXSID0027432,2108,0.0,0.0
DTXSID0027436,2108,0.0,0.0
DTXSID0027438,2108,0.0,0.0
DTXSID0027486,2108,0.9208612653263841,1.0
DTXSID0027513,2108,0.0,0.0
DTXSID0027515,2108,0.004311103746830602,0.0
DTXSID0027561,2108,0.0,0.0
DTXSID0027565,2108,0.0,0.0
DTXSID0027567,2108,0.9936928693014042,1.0
DTXSID0027640,2108,0.0,0.0
DTXSID0027721,2108,7.3675578708228115e-06,0.0
DTXSID0027729,2108,0.0,0.0
DTXSID0027771,2108,0.9896143458962878,1.0
DTXSID0027773,2108,0.999999999983837,1.0
DTXSID0027802,2108,0.0,0.0
DTXSID0027804,2108,0.0,0.0
DTXSID0027806,2108,0.0,0.0
DTXSID0027852,2108,0.0,0.0
DTXSID0027856,2108,0.0,0.0
DTXSID0027858,2108,,
DTXSID0027933,2108,0.0,0.0
DTXSID0027981,2108,0.0,0.0
DTXSID0027983,2108,4.410933987674979e-10,0.0
DTXSID0028030,2108,0.0,0.0
DTXSID0028038,2108,0.9999999906038675,1.0
DTXSID0028323,2108,0.0,0.0
DTXSID0028618,2108,2.7775888737699957e-08,0.0
DTXSID0028666,2108,0.0,0.0
DTXSID0029133,2108,0.0,0.0
DTXSID0029187,2108,0.0,0.0
DTXSID0029189,2108,0.0,0.0
DTXSID0029210,2108,2.2126509007557744e-07,0.0
DTXSID0029214,2108,0.14180391981148674,0.0
DTXSID0029218,2108,0.0,0.0
DTXSID0029260,2108,0.0,0.0
DTXSID0029262,2108,3.970697181948567e-11,0.0
DTXSID0029474,2108,3.398474539108521e-08,0.0
DTXSID0029559,2108,0.0,0.0
DTXSID0029688,2108,0.0,0.0
DTXSID0029761,2108,0.0,0.0
DTXSID0029848,2108,0.0,0.0
DTXSID0030162,2108,0.0,0.0
DTXSID0030588,2108,0.0,0.0
DTXSID0032029,2108,0.8217768401107663,0.0
DTXSID0032077,2108,0.0,0.0
DTXSID0032314,2108,0.010094396569082857,0.0
DTXSID0032316,2108,0.9597352384047164,1.0
DTXSID0032493,2108,0.0,0.0
DTXSID0032497,2108,0.0,0.0
DTXSID0032520,2108,0.9999999322792491,1.0
DTXSID0032572,2108,0.8937658830773105,0.0
DTXSID0032578,2108,0.9991246842307389,1.0
DTXSID0032601,2108,0.0019562560378550437,0.0
DTXSID0032605,2108,0.0,0.0
DTXSID0032651,2108,0.9856450666682663,1.0
DTXSID0032655,2108,0.32585931256315204,0.0
DTXSID0032811,2108,0.0,0.0
DTXSID0032813,2108,0.0,0.0
DTXSID0032869,2108,0.0,0.0
DTXSID0032998,2108,0.0,0.0
DTXSID0033047,2108,0.0,0.0
DTXSID0033332,2108,0.01947107853566026,0.0
DTXSID0033334,2108,0.8879456683173773,0.0
DTXSID0033382,2108,0.9999999999872365,1.0
DTXSID0033469,2108,3.69523053474222e-14,0.0
DTXSID0033673,2108,0.7585526911360366,0.0
DTXSID0033754,2108,0.0,0.0
DTXSID0033960,2108,0.9984332718145419,1.0
DTXSID0034192,2108,0.9999104923043157,1.0
DTXSID0034223,2108,0.9999999925050569,1.0
DTXSID0034227,2108,,
DTXSID0034229,2108,0.0,0.0
DTXSID0034300,2108,0.0,0.0
DTXSID0034518,2108,0.0,0.0
DTXSID0034566,2108,0.9999999981042316,1.0
DTXSID0034695,2108,0.5148328156808442,0.0
DTXSID0034722,2108,0.0,0.0
DTXSID0034776,2108,,
DTXSID0034803,2108,,
DTXSID0034851,2108,0.0,0.0
DTXSID0034855,2108,,
DTXSID0034930,2108,0.0,0.0
DTXSID0034936,2108,0.0,0.0
DTXSID0035160,2108,1.1663144785988858e-13,0.0
DTXSID0035748,2108,0.00017268766709710388,0.0
DTXSID0035790,2108,0.0,0.0
DTXSID0036508,2108,0.6112782499278346,0.0
DTXSID0037023,2108,0.0,0.0
DTXSID0037231,2108,0.0,0.0
DTXSID0037237,2108,0.0,0.0
DTXSID0037493,2108,7.897757832848582e-07,0.0
DTXSID0037495,2108,0.0004914887142487428,0.0
DTXSID0037522,2108,0.0872921512371763,0.0
DTXSID0037570,2108,0.0,0.0
DTXSID0037576,2108,0.0,0.0
DTXSID0037730,2108,0.9999999982300958,1.0
DTXSID0037734,2108,7.295530106097812e-15,0.0
DTXSID0038700,2108,2.1088918053765984e-08,0.0
DTXSID0038756,2108,,
DTXSID0038831,2108,0.0,0.0
DTXSID0038839,2108,1.7425428461098702e-10,0.0
DTXSID0038881,2108,0.40521851913438556,0.0
DTXSID0038887,2108,9.486267162035321e-16,0.0
DTXSID0039223,2108,0.0,0.0
DTXSID0039227,2108,0.0,0.0
DTXSID0040127,2108,0.0,0.0
DTXSID0040208,2108,0.9999999963016858,1.0
DTXSID0040464,2108,0.9999485146312891,1.0
DTXSID0040672,2108,0.9970433088726416,1.0
DTXSID0040674,2108,0.9891621395373368,1.0
DTXSID0040676,2108,0.9856895133552905,1.0
DTXSID0040678,2108,0.6832170830961448,0.0
DTXSID0040701,2108,0.0,0.0
DTXSID0040703,2108,0.0,0.0
DTXSID0040705,2108,0.0,0.0
DTXSID0040707,2108,1.0588875171808754e-16,0.0
DTXSID0040751,2108,,
DTXSID0040757,2108,8.940707987891395e-10,0.0
DTXSID0041141,2108,0.0,0.0
DTXSID0041197,2108,1.895707045800319e-10,0.0
DTXSID0041220,2108,0.00013113834564650086,0.0
DTXSID0041224,2108,0.0,0.0
DTXSID0041270,2108,0.0,0.0
DTXSID0041274,2108,0.9999999969437254,1.0
DTXSID0041357,2108,0.41624090084585647,0.0
DTXSID0041359,2108,0.1658109288715509,0.0
DTXSID0041436,2108,0.0,0.0
DTXSID0041484,2108,0.0,0.0
DTXSID0041513,2108,1.5050175067526253e-11,0.0
DTXSID0041517,2108,,
DTXSID0041519,2108,0.0,0.0
DTXSID0041567,2108,3.166720826455869e-12,0.0
DTXSID0041646,2108,0.6643636252102474,0.0
DTXSID0041692,2108,0.0,0.0
DTXSID0041698,2108,0.983549876787485,1.0
DTXSID0041721,2108,0.0,0.0
DTXSID0041850,2108,0.0003496140519343751,0.0
DTXSID0041852,2108,0.0,0.0
DTXSID0041981,2108,0.0,0.0
DTXSID0041983,2108,0.7949772111622765,0.0
DTXSID0041985,2108,0.9999999999874775,1.0
DTXSID0041987,2108,0.1014871913132292,0.0
DTXSID0042038,2108,0.0,0.0
DTXSID0042080,2108,0.0012375569335200337,0.0
DTXSID0042084,2108,1.0641785225805503e-11,0.0
DTXSID0042086,2108,3.3028986575680707e-07,0.0
DTXSID0042117,2108,5.201536902951294e-16,0.0
DTXSID0042167,2108,0.0,0.0
DTXSID0042169,2108,0.0,0.0
DTXSID0042242,2108,0.0,0.0
DTXSID0042248,2108,0.9999699868672366,1.0
DTXSID0042325,2108,0.0,0.0
DTXSID0042327,2108,0.0,0.0
DTXSID0042379,2108,0.0,0.0
DTXSID0042400,2108,0.0,0.0
DTXSID0042406,2108,0.0,0.0
DTXSID0042454,2108,0.0,0.0
DTXSID0042583,2108,0.0,0.0
DTXSID0042614,2108,0.03716215972261094,0.0
DTXSID0043761,2108,0.0009580793870237741,0.0
DTXSID0043765,2108,0.0,0.0
DTXSID0043848,2108,0.0,0.0
DTXSID0043892,2108,0.7700619816735707,0.0
DTXSID0043896,2108,5.463249839754962e-07,0.0
DTXSID0044107,2108,0.39784084119432184,0.0
DTXSID0044236,2108,0.0,0.0
DTXSID0044280,2108,0.01958989142837797,0.0
DTXSID0044313,2108,0.0,0.0
DTXSID0044315,2108,0.0,0.0
DTXSID0044317,2108,0.0,0.0
DTXSID0044361,2108,0.0,0.0
DTXSID0044363,2108,0.0,0.0
DTXSID0044365,2108,0.0,0.0
DTXSID0044367,2108,0.957878488167276,1.0
DTXSID0044369,2108,9.960794400214212e-12,0.0
DTXSID0044440,2108,0.0,0.0
DTXSID0044446,2108,0.0,0.0
DTXSID0044448,2108,0.0,0.0
DTXSID0044490,2108,0.0,0.0
DTXSID0044494,2108,0.0,0.0
DTXSID0044496,2108,0.0,0.0
DTXSID0044498,2108,0.0,0.0
DTXSID0044521,2108,0.0,0.0
DTXSID0044523,2108,2.318425272610416e-12,0.0
DTXSID0044525,2108,1.0,1.0
DTXSID0044527,2108,0.0012084672915327606,0.0
DTXSID0044571,2108,0.0,0.0
DTXSID0044573,2108,0.9803620411838473,1.0
DTXSID0044575,2108,0.001024499620180754,0.0
DTXSID0044577,2108,0.0,0.0
DTXSID0044600,2108,0.0,0.0
DTXSID0044604,2108,0.0,0.0
DTXSID0044606,2108,0.0,0.0
DTXSID0044650,2108,0.0,0.0
DTXSID0044654,2108,0.9998720520359565,1.0
DTXSID0044656,2108,0.0,0.0
DTXSID0044658,2108,0.9999909275252713,1.0
DTXSID0044731,2108,0.0,0.0
DTXSID0044733,2108,0.0,0.0
DTXSID0044735,2108,0.8277984621135462,0.0
DTXSID0044737,2108,0.0,0.0
DTXSID0044781,2108,0.9997749863195319,1.0
DTXSID0044783,2108,0.0,0.0
DTXSID0044785,2108,2.5455550387367934e-18,0.0
DTXSID0044787,2108,0.0,0.0
DTXSID0044810,2108,0.0,0.0
DTXSID0044812,2108,0.0,0.0
DTXSID0044816,2108,0.0,0.0
DTXSID0044818,2108,0.0,0.0
DTXSID0044860,2108,0.0,0.0
DTXSID0044862,2108,0.0,0.0
DTXSID0044868,2108,0.0,0.0
DTXSID0044941,2108,9.710988872544871e-05,0.0
DTXSID0044943,2108,0.0,0.0
DTXSID0044945,2108,0.0,0.0
DTXSID0044947,2108,0.0,0.0
DTXSID0044949,2108,0.0009025132923308973,0.0
DTXSID0044993,2108,1.2984589541525861e-11,0.0
DTXSID0044995,2108,0.0,0.0
DTXSID0044997,2108,1.871949395539333e-07,0.0
DTXSID0044999,2108,0.0,0.0
DTXSID0045090,2108,7.311332705168818e-05,0.0
DTXSID0045125,2108,0.0,0.0
DTXSID0045127,2108,3.3603534349186407e-07,0.0
DTXSID0045171,2108,0.0,0.0
DTXSID0045173,2108,1.0,1.0
DTXSID0045175,2108,0.007543969607531286,0.0
DTXSID0045179,2108,0.0,0.0
DTXSID0045202,2108,0.0,0.0
DTXSID0045204,2108,0.9999999995501445,1.0
DTXSID0045206,2108,,
DTXSID0045208,2108,0.9997072402979919,1.0
DTXSID0045252,2108,0.0,0.0
DTXSID0045254,2108,0.9979692267551814,1.0
DTXSID0045383,2108,0.0,0.0
DTXSID0045389,2108,0.0,0.0
DTXSID0045410,2108,0.9999988080681694,1.0
DTXSID0045412,2108,0.1612693113723224,0.0
DTXSID0045416,2108,1.1709025303420186e-18,0.0
DTXSID0045462,2108,0.0,0.0
DTXSID0045464,2108,0.09685618723818888,0.0
DTXSID0045466,2108,0.0,0.0
DTXSID0045543,2108,,
DTXSID0045547,2108,0.0,0.0
DTXSID0045591,2108,0.017926205640497343,0.0
DTXSID0045595,2108,0.0,0.0
DTXSID0045597,2108,0.0,0.0
DTXSID0045624,2108,0.0,0.0
DTXSID0045626,2108,0.0,0.0
DTXSID0045670,2108,0.0,0.0
DTXSID0045674,2108,0.0,0.0
DTXSID0045676,2108,4.368519017508767e-12,0.0
DTXSID0045701,2108,0.9442942281893676,1.0
DTXSID0045703,2108,0.0052565159190563,0.0
DTXSID0045705,2108,0.0,0.0
DTXSID0045707,2108,0.0,0.0
DTXSID0045709,2108,0.0,0.0
DTXSID0045753,2108,0.0,0.0
DTXSID0045832,2108,0.0,0.0
DTXSID0045836,2108,0.0001340306647108284,0.0
DTXSID0045838,2108,0.0,0.0
DTXSID0045880,2108,1.5941850812910732e-07,0.0
DTXSID0045886,2108,,
DTXSID0045888,2108,0.0,0.0
DTXSID0045963,2108,0.0,0.0
DTXSID0046016,2108,0.0,0.0
DTXSID0046060,2108,0.0,0.0
DTXSID0046066,2108,0.0,0.0
DTXSID0046145,2108,0.19444660703890557,0.0
DTXSID0046147,2108,0.0,0.0
DTXSID0046193,2108,0.0,0.0
DTXSID0046195,2108,0.0,0.0
DTXSID0046222,2108,0.019808259200750418,0.0
DTXSID0046226,2108,0.9968154946493796,1.0
DTXSID0046270,2108,0.27503485280277784,0.0
DTXSID0046272,2108,0.9999999988982675,1.0
DTXSID0046274,2108,,
DTXSID0046276,2108,2.9942237070677994e-16,0.0
DTXSID0046305,2108,0.3259466303043315,0.0
DTXSID0046307,2108,0.9989049958541547,1.0
DTXSID0046309,2108,0.0,0.0
DTXSID0046351,2108,0.0,0.0
DTXSID0046357,2108,3.6488475861149005e-07,0.0
DTXSID0046430,2108,0.0,0.0
DTXSID0046432,2108,0.0,0.0
DTXSID0046434,2108,0.0,0.0
DTXSID0046480,2108,1.29946640583456e-06,0.0
DTXSID0046482,2108,0.0,0.0
DTXSID0046484,2108,6.755323958773001e-09,0.0
DTXSID0046486,2108,0.0,0.0
DTXSID0046488,2108,0.9857645244622972,1.0
DTXSID0046511,2108,0.0,0.0
DTXSID0046513,2108,0.0,0.0
DTXSID0046561,2108,0.0,0.0
DTXSID0046563,2108,2.8376894414537494e-14,0.0
DTXSID0046565,2108,0.0,0.0
DTXSID0046567,2108,0.0,0.0
DTXSID0046569,2108,,
DTXSID0046640,2108,0.0,0.0
DTXSID0046644,2108,0.0,0.0
DTXSID0046648,2108,1.0,1.0
DTXSID0046690,2108,0.009094759182970164,0.0
DTXSID0046692,2108,0.0,0.0
DTXSID0046696,2108,0.0,0.0
DTXSID0046698,2108,0.7689957530878855,0.0
DTXSID0046721,2108,1.4715228132567646e-13,0.0
DTXSID0046725,2108,3.499832918995265e-15,0.0
DTXSID0046727,2108,0.0,0.0
DTXSID0046804,2108,0.9991433527981071,1.0
DTXSID0046850,2108,0.0,0.0
DTXSID0046989,2108,0.0,0.0
DTXSID0047030,2108,0.0,0.0
DTXSID0047032,2108,0.0,0.0
DTXSID0047034,2108,0.996209064120047,1.0
DTXSID0047036,2108,0.004544830368225778,0.0
DTXSID0047038,2108,0.0,0.0
DTXSID0047080,2108,0.0,0.0
DTXSID0047082,2108,0.0,0.0
DTXSID0047084,2108,,
DTXSID0047086,2108,0.0,0.0
DTXSID0047088,2108,0.0034227110520410886,0.0
DTXSID0047111,2108,0.9861491403988828,1.0
DTXSID0047113,2108,5.945729223426376e-06,0.0
DTXSID0047115,2108,3.207511492823432e-13,0.0
DTXSID0047117,2108,0.0,0.0
DTXSID0047161,2108,0.0,0.0
DTXSID0047163,2108,0.0,0.0
DTXSID0047165,2108,0.0,0.0
DTXSID0047167,2108,0.0,0.0
DTXSID0047169,2108,0.732184054874981,0.0
DTXSID0047242,2108,0.9999952020348505,1.0
DTXSID0047244,2108,0.0,0.0
DTXSID0047246,2108,0.9976995602856491,1.0
DTXSID0047248,2108,0.9945740674386835,1.0
DTXSID0047290,2108,0.9996624333759054,1.0
DTXSID0047292,2108,0.0,0.0
DTXSID0047294,2108,0.9999624319854004,1.0
DTXSID0047296,2108,5.613431647954679e-05,0.0
DTXSID0047325,2108,0.014157416775563437,0.0
DTXSID0047327,2108,0.007344916478718049,0.0
DTXSID0047371,2108,0.9999143313065388,1.0
DTXSID0047375,2108,0.0,0.0
DTXSID0047377,2108,0.999999501223291,1.0
DTXSID0047379,2108,0.9978914823825178,1.0
DTXSID0047400,2108,0.9611367063921162,1.0
DTXSID0047404,2108,0.0007370723968082681,0.0
DTXSID0047406,2108,0.0,0.0
DTXSID0047408,2108,0.9612191766759902,1.0
DTXSID0047450,2108,0.0,0.0
DTXSID0047454,2108,0.0,0.0
DTXSID0047456,2108,,
DTXSID0047533,2108,0.0,0.0
DTXSID0047535,2108,0.0,0.0
DTXSID0047537,2108,0.0,0.0
DTXSID0047539,2108,0.9998282562815448,1.0
DTXSID0047581,2108,0.0,0.0
DTXSID0047585,2108,0.0,0.0
DTXSID0047587,2108,0.0,0.0
DTXSID0047589,2108,5.404846985535995e-09,0.0
DTXSID0047610,2108,0.0,0.0
DTXSID0047614,2108,0.0,0.0
DTXSID0047618,2108,0.0,0.0
DTXSID0047660,2108,0.0,0.0
DTXSID0047662,2108,0.0,0.0
DTXSID0047741,2108,0.0,0.0
DTXSID0047745,2108,0.0,0.0
DTXSID0047749,2108,0.0,0.0
DTXSID0047797,2108,1.0,1.0
DTXSID0047799,2108,0.0,0.0
DTXSID0047822,2108,0.0,0.0
DTXSID0047828,2108,0.000119855178963695,0.0
DTXSID0047870,2108,0.004780068507371013,0.0
DTXSID0047872,2108,0.0,0.0
DTXSID0047874,2108,0.0,0.0
DTXSID0047876,2108,0.9884786370887465,1.0
DTXSID0047878,2108,0.0,0.0
DTXSID0047901,2108,0.0,0.0
DTXSID0047903,2108,0.0,0.0
DTXSID0047905,2108,0.998248109876186,1.0
DTXSID0047907,2108,2.4776761417467703e-08,0.0
DTXSID0047909,2108,0.0,0.0
DTXSID0047951,2108,0.010467523951570176,0.0
DTXSID0047953,2108,0.9999999999953368,1.0
DTXSID0047955,2108,0.9999999613791123,1.0
DTXSID0047957,2108,0.9895127428029548,1.0
DTXSID0047959,2108,0.0,0.0
DTXSID0048181,2108,,
DTXSID0048183,2108,1.669836967464901e-05,0.0
DTXSID0048185,2108,0.9999860284241894,1.0
DTXSID0048187,2108,0.0,0.0
DTXSID0048189,2108,0.9999999856717439,1.0
DTXSID0048210,2108,0.9701935167837364,1.0
DTXSID0048505,2108,0.9999999808757978,1.0
DTXSID0048507,2108,0.9081284677431005,1.0
DTXSID0048509,2108,0.06681376411293038,0.0
DTXSID0048632,2108,0.9970440426759953,1.0
DTXSID0048636,2108,0.0,0.0
DTXSID0048638,2108,0.0,0.0
DTXSID0048680,2108,0.0,0.0
DTXSID0048684,2108,0.9999993587717256,1.0
DTXSID0048686,2108,0.0,0.0
DTXSID0048713,2108,0.0,0.0
DTXSID0048717,2108,0.0,0.0
DTXSID0048840,2108,0.0,0.0
DTXSID0048842,2108,0.999909086239791,1.0
DTXSID0048844,2108,0.0,0.0
DTXSID0048846,2108,0.9984706071557413,1.0
DTXSID0048848,2108,0.018205528183152946,0.0
DTXSID0048890,2108,0.14059096376624217,0.0
DTXSID0048892,2108,0.18313824711308133,0.0
DTXSID0048894,2108,0.9999998021234401,1.0
DTXSID0048896,2108,0.9978057852827563,1.0
DTXSID0048898,2108,0.0,0.0
DTXSID0048921,2108,0.022391156374734697,0.0
DTXSID0048927,2108,0.3119396865224956,0.0
DTXSID0048929,2108,0.6974598289077723,0.0
DTXSID0048975,2108,0.0,0.0
DTXSID0049022,2108,0.0,0.0
DTXSID0049076,2108,0.0,0.0
DTXSID0049078,2108,3.859279300688797e-10,0.0
DTXSID0049230,2108,0.0,0.0
DTXSID0049232,2108,0.0,0.0
DTXSID0049234,2108,0.437824814167036,0.0
DTXSID0049236,2108,0.0,0.0
DTXSID0049238,2108,0.9999999999189779,1.0
DTXSID0049280,2108,0.0,0.0
DTXSID0049282,2108,4.655264256810056e-07,0.0
DTXSID0049284,2108,0.0,0.0
DTXSID0049286,2108,0.0,0.0
DTXSID0049288,2108,2.561960256535657e-10,0.0
DTXSID0049311,2108,4.847645512568472e-10,0.0
DTXSID0049313,2108,0.0,0.0
DTXSID0049315,2108,0.999999999937835,1.0
DTXSID0049317,2108,0.0,0.0
DTXSID0049319,2108,0.0,0.0
DTXSID0049361,2108,0.0,0.0
DTXSID0049363,2108,0.0,0.0
DTXSID0049365,2108,0.0,0.0
DTXSID0049367,2108,0.9160999633983956,1.0
DTXSID0049369,2108,0.0,0.0
DTXSID0049446,2108,0.0,0.0
DTXSID0049448,2108,0.0,0.0
DTXSID0049490,2108,0.0,0.0
DTXSID0049492,2108,0.0,0.0
DTXSID0049494,2108,2.5990520296983436e-14,0.0
DTXSID0049496,2108,0.15211439541080918,0.0
DTXSID0049498,2108,0.0,0.0
DTXSID0049521,2108,0.0,0.0
DTXSID0049523,2108,0.0,0.0
DTXSID0049525,2108,0.0,0.0
DTXSID0049527,2108,0.0,0.0
DTXSID0049529,2108,0.0,0.0
DTXSID0050423,2108,0.0,0.0
DTXSID0051447,2108,0.43018427397434766,0.0
DTXSID0051493,2108,0.02720194834620006,0.0
DTXSID0051497,2108,0.0,0.0
DTXSID0051499,2108,0.0,0.0
DTXSID0051570,2108,0.0,0.0
DTXSID0051574,2108,0.0,0.0
DTXSID0051732,2108,1.4169326552133114e-05,0.0
DTXSID0051736,2108,0.0,0.0
DTXSID0051738,2108,0.9999831330398479,1.0
DTXSID0051782,2108,0.0,0.0
DTXSID0051863,2108,2.6737360935431814e-11,0.0
DTXSID0051944,2108,0.0,0.0
DTXSID0051996,2108,0.9999954808612508,1.0
DTXSID0052043,2108,0.0,0.0
DTXSID0052124,2108,0.0,0.0
DTXSID0052463,2108,0.4946035848134025,0.0
DTXSID0052542,2108,0.0,0.0
DTXSID0052590,2108,0.0,0.0
DTXSID0052594,2108,0.0,0.0
DTXSID0052596,2108,2.838839560952796e-16,0.0
DTXSID0052598,2108,0.0,0.0
DTXSID0052621,2108,3.454479370937502e-13,0.0
DTXSID0052629,2108,4.438204009570342e-17,0.0
DTXSID0052833,2108,0.0005030762974825567,0.0
DTXSID0052837,2108,0.0,0.0
DTXSID0052839,2108,1.3353441673512264e-11,0.0
DTXSID0057621,2108,0.0372081459198595,0.0
DTXSID0057623,2108,0.0,0.0
DTXSID0057625,2108,0.9999041772323799,1.0
DTXSID0057627,2108,0.9614365979392512,1.0
DTXSID0057629,2108,0.0,0.0
DTXSID0057671,2108,0.569045018202257,0.0
DTXSID0057673,2108,0.0,0.0
DTXSID0057677,2108,1.1192445838553433e-11,0.0
DTXSID0057679,2108,0.0,0.0
DTXSID0057700,2108,3.87146006591515e-12,0.0
DTXSID0057702,2108,1.0,1.0
DTXSID0057704,2108,0.0,0.0
DTXSID0057706,2108,0.0,0.0
DTXSID0057708,2108,0.0,0.0
DTXSID0057750,2108,0.0,0.0
DTXSID0057752,2108,0.001943206946695647,0.0
DTXSID0057754,2108,,
DTXSID0057756,2108,0.0,0.0
DTXSID0057758,2108,4.1698749333510565e-07,0.0
DTXSID0057831,2108,0.8177237935917736,0.0
DTXSID0057833,2108,0.0,0.0
DTXSID0057835,2108,0.0,0.0
DTXSID0057837,2108,0.0,0.0
DTXSID0057839,2108,,
DTXSID1020015,2108,0.0,0.0
DTXSID1020063,2108,0.8012183841282707,0.0
DTXSID1020069,2108,0.99582954631895,1.0
DTXSID1020140,2108,0.0,0.0
DTXSID1020142,2108,0.0018084535956509706,0.0
DTXSID1020144,2108,8.487222300837579e-16,0.0
DTXSID1020146,2108,0.0,0.0
DTXSID1020148,2108,0.0,0.0
DTXSID1020190,2108,1.2497497736821632e-09,0.0
DTXSID1020194,2108,0.0,0.0
DTXSID1020198,2108,0.0,0.0
DTXSID1020221,2108,0.0,0.0
DTXSID1020223,2108,0.0,0.0
DTXSID1020275,2108,0.46593740342326057,0.0
DTXSID1020279,2108,9.932138715862235e-16,0.0
DTXSID1020300,2108,0.0,0.0
DTXSID1020306,2108,0.9890149625524814,1.0
DTXSID1020308,2108,0.0,0.0
DTXSID1020350,2108,3.409920848917878e-15,0.0
DTXSID1020352,2108,0.00015153265006266864,0.0
DTXSID1020354,2108,0.0,0.0
DTXSID1020358,2108,0.0,0.0
DTXSID1020431,2108,0.0,0.0
DTXSID1020433,2108,0.999932299433472,1.0
DTXSID1020437,2108,8.393821812612527e-06,0.0
DTXSID1020439,2108,1.4914492583373211e-09,0.0
DTXSID1020483,2108,0.005718881588302391,0.0
DTXSID1020485,2108,0.9999979774500334,1.0
DTXSID1020510,2108,0.9999759829105066,1.0
DTXSID1020512,2108,,
DTXSID1020516,2108,0.0,0.0
DTXSID1020560,2108,0.9588870424308471,1.0
DTXSID1020562,2108,0.0,0.0
DTXSID1020566,2108,0.0,0.0
DTXSID1020647,2108,0.0,0.0
DTXSID1020697,2108,0.9962522764355356,1.0
DTXSID1020699,2108,0.8974035099820121,0.0
DTXSID1020728,2108,0.0,0.0
DTXSID1020770,2108,0.9998865457941783,1.0
DTXSID1020778,2108,0.0,0.0
DTXSID1020803,2108,0.15606105426059877,0.0
DTXSID1020805,2108,0.944106772666631,1.0
DTXSID1020807,2108,0.7801255492624709,0.0
DTXSID1020809,2108,0.0,0.0
DTXSID1020855,2108,5.0051651135473366e-08,0.0
DTXSID1020857,2108,,
DTXSID1020859,2108,0.0,0.0
DTXSID1020930,2108,0.0,0.0
DTXSID1020932,2108,0.0,0.0
DTXSID1020980,2108,0.0,0.0
DTXSID1020982,2108,0.9946948925272855,1.0
DTXSID1020984,2108,0.0,0.0
DTXSID1021031,2108,0.9999999999824629,1.0
DTXSID1021039,2108,0.0,0.0
DTXSID1021081,2108,0.0,0.0
DTXSID1021087,2108,0.9567007690638432,1.0
DTXSID1021089,2108,,
DTXSID1021114,2108,0.9970951524642445,1.0
DTXSID1021116,2108,0.0,0.0
DTXSID1021118,2108,0.7376844186355596,0.0
DTXSID1021160,2108,1.4664390176514511e-13,0.0
DTXSID1021162,2108,0.0,0.0
DTXSID1021164,2108,1.8301604702270421e-06,0.0
DTXSID1021166,2108,0.9999999748723497,1.0
DTXSID1021168,2108,0.9947460352381894,1.0
DTXSID1021241,2108,3.0660544525696065e-06,0.0
DTXSID1021243,2108,0.9999999999999996,1.0
DTXSID1021247,2108,0.9999999650304862,1.0
DTXSID1021291,2108,0.0,0.0
DTXSID1021299,2108,0.0009116755318650565,0.0
DTXSID1021320,2108,0.9644291678566471,1.0
DTXSID1021322,2108,1.0,1.0
DTXSID1021328,2108,0.0,0.0
DTXSID1021372,2108,0.004471048890759161,0.0
DTXSID1021374,2108,0.0,0.0
DTXSID1021378,2108,0.8089425327036672,0.0
DTXSID1021403,2108,0.0,0.0
DTXSID1021405,2108,0.0,0.0
DTXSID1021409,2108,1.0,1.0
DTXSID1021455,2108,0.0,0.0
DTXSID1021530,2108,0.0,0.0
DTXSID1021584,2108,0.0,0.0
DTXSID1021586,2108,0.9653702371119105,1.0
DTXSID1021615,2108,0.0,0.0
DTXSID1021617,2108,0.0,0.0
DTXSID1021619,2108,0.0,0.0
DTXSID1021665,2108,0.0,0.0
DTXSID1021667,2108,0.9999971722351484,1.0
DTXSID1021740,2108,0.0,0.0
DTXSID1021744,2108,0.0,0.0
DTXSID1021790,2108,1.1263951740169381e-13,0.0
DTXSID1021792,2108,0.0,0.0
DTXSID1021798,2108,0.012495498065540239,0.0
DTXSID1021821,2108,0.0,0.0
DTXSID1021823,2108,0.00011383530620078773,0.0
DTXSID1021827,2108,0.0010648345918808613,0.0
DTXSID1021871,2108,0.23182355103863958,0.0
DTXSID1021873,2108,0.0,0.0
DTXSID1021877,2108,,
DTXSID1021879,2108,0.0,0.0
DTXSID1021902,2108,0.0004967122367684612,0.0
DTXSID1021904,2108,0.0,0.0
DTXSID1021952,2108,0.9999388191444626,1.0
DTXSID1021956,2108,4.1412816706770835e-14,0.0
DTXSID1021958,2108,0.0,0.0
DTXSID1022001,2108,0.0,0.0
DTXSID1022003,2108,0.0,0.0
DTXSID1022007,2108,0.0,0.0
DTXSID1022009,2108,8.442373951912481e-11,0.0
DTXSID1022051,2108,0.0,0.0
DTXSID1022053,2108,0.9999969035273124,1.0
DTXSID1022055,2108,0.0,0.0
DTXSID1022057,2108,0.0,0.0
DTXSID1022130,2108,0.0,0.0
DTXSID1022138,2108,0.0,0.0
DTXSID1022180,2108,0.0,0.0
DTXSID1022186,2108,0.0,0.0
DTXSID1022188,2108,0.0,0.0
DTXSID1022217,2108,0.0,0.0
DTXSID1022265,2108,0.9990158696987438,1.0
DTXSID1022267,2108,,
DTXSID1022394,2108,0.9913235101397462,1.0
DTXSID1022396,2108,0.9990985548500538,1.0
DTXSID1022421,2108,0.0,0.0
DTXSID1022425,2108,0.9480196803531296,1.0
DTXSID1022479,2108,5.088924443423984e-16,0.0
DTXSID1022508,2108,0.9514787082984375,1.0
DTXSID1022556,2108,0.0,0.0
DTXSID1022558,2108,3.18007456627863e-08,0.0
DTXSID1022635,2108,0.0,0.0
DTXSID1022681,2108,0.8273521504272267,0.0
DTXSID1022683,2108,1.5298802606822718e-09,0.0
DTXSID1022718,2108,0.0,0.0
DTXSID1022764,2108,0.0,0.0
DTXSID1022843,2108,0.9978789743753604,1.0
DTXSID1022897,2108,0.0,0.0
DTXSID1022926,2108,0.9447077179580106,1.0
DTXSID1022974,2108,0.9531135474847788,1.0
DTXSID1022978,2108,0.0,0.0
DTXSID1023021,2108,0.0,0.0
DTXSID1023071,2108,0.014657884529005596,0.0
DTXSID1023102,2108,0.0,0.0
DTXSID1023150,2108,0.0,0.0
DTXSID1023158,2108,0.0,0.0
DTXSID1023231,2108,0.9755540653221393,1.0
DTXSID1023235,2108,2.993282410168204e-09,0.0
DTXSID1023239,2108,0.0,0.0
DTXSID1023283,2108,0.0,0.0
DTXSID1023314,2108,0.0,0.0
DTXSID1023362,2108,0.0,0.0
DTXSID1023364,2108,0.0,0.0
DTXSID1023368,2108,0.0,0.0
DTXSID1023441,2108,0.9997203929641754,1.0
DTXSID1023495,2108,0.0,0.0
DTXSID1023497,2108,,
DTXSID1023572,2108,0.0,0.0
DTXSID1023603,2108,0.0,0.0
DTXSID1023605,2108,0.0,0.0
DTXSID1023607,2108,,
DTXSID1023609,2108,0.0,0.0
DTXSID1023730,2108,0.0,0.0
DTXSID1023736,2108,0.0,0.0
DTXSID1023786,2108,0.0,0.0
DTXSID1023815,2108,8.10795431690455e-08,0.0
DTXSID1023817,2108,0.9868400173329037,1.0
DTXSID1023819,2108,2.724447164921753e-15,0.0
DTXSID1023869,2108,0.9777671387562735,1.0
DTXSID1023990,2108,0.9999996406325903,1.0
DTXSID1023996,2108,0.0,0.0
DTXSID1023998,2108,0.0,0.0
DTXSID1024045,2108,0.0,0.0
DTXSID1024049,2108,0.0,0.0
DTXSID1024091,2108,0.0,0.0
DTXSID1024097,2108,0.0,0.0
DTXSID1024124,2108,7.729252086058633e-14,0.0
DTXSID1024126,2108,0.938611662839391,1.0
DTXSID1024128,2108,3.214357643462766e-13,0.0
DTXSID1024170,2108,0.0,0.0
DTXSID1024174,2108,6.197941471710851e-10,0.0
DTXSID1024176,2108,0.0,0.0
DTXSID1024209,2108,0.9999979722668176,1.0
DTXSID1024255,2108,7.465623392739427e-17,0.0
DTXSID1024259,2108,0.9385210428161831,1.0
DTXSID1024334,2108,0.34823173681153236,0.0
DTXSID1024338,2108,0.002008310414900358,0.0
DTXSID1024413,2108,0.0,0.0
DTXSID1024463,2108,0.0,0.0
DTXSID1024465,2108,0.5132772230553447,0.0
DTXSID1024467,2108,2.747758471747776e-12,0.0
DTXSID1024598,2108,0.9141625873001281,1.0
DTXSID1024621,2108,0.0,0.0
DTXSID1024625,2108,,
DTXSID1024629,2108,0.002139170211792186,0.0
DTXSID1024702,2108,0.0,0.0
DTXSID1024704,2108,0.0,0.0
DTXSID1024831,2108,,
DTXSID1024835,2108,0.0,0.0
DTXSID1024837,2108,2.6404066929403853e-18,0.0
DTXSID1024881,2108,0.0,0.0
DTXSID1024885,2108,0.013467756369063605,0.0
DTXSID1024887,2108,0.0002917296574499695,0.0
DTXSID1024912,2108,0.0,0.0
DTXSID1024916,2108,0.0,0.0
DTXSID1024918,2108,0.0,0.0
DTXSID1024966,2108,0.9855098469652149,1.0
DTXSID1025013,2108,4.877817497195491e-12,0.0
DTXSID1025017,2108,0.0,0.0
DTXSID1025063,2108,,
DTXSID1025065,2108,0.9999999012231114,1.0
DTXSID1025148,2108,0.4729512503597624,0.0
DTXSID1025221,2108,0.0,0.0
DTXSID1025271,2108,0.0,0.0
DTXSID1025279,2108,0.7236862984887656,0.0
DTXSID1025300,2108,0.0034567825104191503,0.0
DTXSID1025302,2108,0.0,0.0
DTXSID1025304,2108,0.2713852460901269,0.0
DTXSID1025306,2108,0.19461083710486948,0.0
DTXSID1025308,2108,0.0,0.0
DTXSID1025431,2108,0.0782418726575759,0.0
DTXSID1025433,2108,0.0,0.0
DTXSID1025437,2108,7.357455683663053e-05,0.0
DTXSID1025481,2108,0.0,0.0
DTXSID1025483,2108,0.0,0.0
DTXSID1025485,2108,0.9999993075437432,1.0
DTXSID1025512,2108,1.0,1.0
DTXSID1025560,2108,0.0,0.0
DTXSID1025641,2108,0.0,0.0
DTXSID1025649,2108,,
DTXSID1025693,2108,1.9710015621313457e-12,0.0
DTXSID1025722,2108,0.0,0.0
DTXSID1025724,2108,0.0,0.0
DTXSID1025726,2108,7.7037136341123e-09,0.0
DTXSID1025770,2108,2.8194503113399356e-12,0.0
DTXSID1025774,2108,0.0,0.0
DTXSID1025776,2108,2.557178215886897e-14,0.0
DTXSID1025805,2108,1.0,1.0
DTXSID1025807,2108,0.0,0.0
DTXSID1025809,2108,0.0,0.0
DTXSID1025851,2108,6.795571069424955e-13,0.0
DTXSID1025857,2108,0.9994868519470168,1.0
DTXSID1025930,2108,0.9767738016454567,1.0
DTXSID1025934,2108,0.0,0.0
DTXSID1026031,2108,0.0,0.0
DTXSID1026033,2108,0.0,0.0
DTXSID1026035,2108,0.9932997871866791,1.0
DTXSID1026081,2108,0.9958803427851894,1.0
DTXSID1026083,2108,0.0,0.0
DTXSID1026089,2108,0.0,0.0
DTXSID1026112,2108,0.9889953657740883,1.0
DTXSID1026118,2108,0.0,0.0
DTXSID1026164,2108,0.0,0.0
DTXSID1026241,2108,0.9999998537554796,1.0
DTXSID1026293,2108,0.0,0.0
DTXSID1026457,2108,0.0,0.0
DTXSID1026536,2108,0.0,0.0
DTXSID1026615,2108,0.0,0.0
DTXSID1026619,2108,0.0,0.0
DTXSID1026661,2108,0.0,0.0
DTXSID1026665,2108,0.0,0.0
DTXSID1026667,2108,0.0,0.0
DTXSID1026740,2108,0.0,0.0
DTXSID1026792,2108,0.0,0.0
DTXSID1026796,2108,,
DTXSID1026879,2108,1.841633946266426e-11,0.0
DTXSID1026900,2108,0.9999999987153705,1.0
DTXSID1026902,2108,0.9999909748295431,1.0
DTXSID1026904,2108,0.0,0.0
DTXSID1026906,2108,4.88333509261256e-05,0.0
DTXSID1026908,2108,0.0,0.0
DTXSID1026954,2108,0.0,0.0
DTXSID1027007,2108,0.0,0.0
DTXSID1027134,2108,0.5437059218309329,0.0
DTXSID1027184,2108,0.0,0.0
DTXSID1027186,2108,0.0,0.0
DTXSID1027188,2108,0.0,0.0
DTXSID1027211,2108,3.443530825783337e-17,0.0
DTXSID1027219,2108,0.0,0.0
DTXSID1027263,2108,0.9999538394202773,1.0
DTXSID1027265,2108,0.0,0.0
DTXSID1027267,2108,0.0,0.0
DTXSID1027269,2108,0.0,0.0
DTXSID1027342,2108,3.043619830397001e-08,0.0
DTXSID1027344,2108,1.7235290826218037e-15,0.0
DTXSID1027346,2108,1.945325749756254e-07,0.0
DTXSID1027390,2108,0.0,0.0
DTXSID1027394,2108,0.0,0.0
DTXSID1027425,2108,0.0,0.0
DTXSID1027427,2108,0.0,0.0
DTXSID1027429,2108,0.0002302507172133161,0.0
DTXSID1027471,2108,0.0,0.0
DTXSID1027479,2108,0.9844531964535611,1.0
DTXSID1027500,2108,0.0,0.0
DTXSID1027502,2108,2.932381216379931e-13,0.0
DTXSID1027504,2108,0.0,0.0
DTXSID1027506,2108,8.36564981673078e-15,0.0
DTXSID1027550,2108,0.0,0.0
DTXSID1027556,2108,0.0,0.0
DTXSID1027558,2108,3.2563562921009907e-09,0.0
DTXSID1027633,2108,0.0,0.0
DTXSID1027635,2108,3.3871349064785075e-11,0.0
DTXSID1027639,2108,0.0,0.0
DTXSID1027714,2108,0.9999932225895405,1.0
DTXSID1027716,2108,0.0,0.0
DTXSID1027764,2108,0.0,0.0
DTXSID1027768,2108,0.9909265834251513,1.0
DTXSID1027841,2108,0.0,0.0
DTXSID1027891,2108,0.0,0.0
DTXSID1027899,2108,0.0,0.0
DTXSID1027920,2108,0.0,0.0
DTXSID1027924,2108,0.004537919881665465,0.0
DTXSID1027926,2108,0.9961517560577072,1.0
DTXSID1027928,2108,0.0,0.0
DTXSID1027970,2108,3.8233657327071605e-12,0.0
DTXSID1027974,2108,0.0,0.0
DTXSID1027978,2108,3.08339115501191e-08,0.0
DTXSID1029120,2108,0.9999997435772046,1.0
DTXSID1029122,2108,0.0,0.0
DTXSID1029124,2108,0.0,0.0
DTXSID1029128,2108,,
DTXSID1029170,2108,0.0,0.0
DTXSID1029201,2108,0.0,0.0
DTXSID1029203,2108,0.5893019510785711,0.0
DTXSID1029207,2108,0.0,0.0
DTXSID1029251,2108,0.0,0.0
DTXSID1029255,2108,0.0,0.0
DTXSID1029338,2108,0.0,0.0
DTXSID1029629,2108,0.0,0.0
DTXSID1029671,2108,0.0,0.0
DTXSID1029677,2108,1.8809515045678518e-15,0.0
DTXSID1029679,2108,0.0,0.0
DTXSID1029889,2108,0.9998498189730545,1.0
DTXSID1029910,2108,0.0,0.0
DTXSID1030317,2108,,
DTXSID1030319,2108,0.01702744421920497,0.0
DTXSID1030604,2108,0.0,0.0
DTXSID1030606,2108,0.0,0.0
DTXSID1031460,2108,0.0,0.0
DTXSID1031462,2108,0.0,0.0
DTXSID1031591,2108,0.0,0.0
DTXSID1031626,2108,0.0,0.0
DTXSID1032278,2108,0.9999999996225115,1.0
DTXSID1032303,2108,0.0,0.0
DTXSID1032305,2108,0.0,0.0
DTXSID1032309,2108,0.0,0.0
DTXSID1032355,2108,0.9347052390737101,1.0
DTXSID1032359,2108,0.5587864731504882,0.0
DTXSID1032482,2108,6.62057718942821e-10,0.0
DTXSID1032484,2108,0.2889320849964507,0.0
DTXSID1032488,2108,0.0,0.0
DTXSID1032511,2108,,
DTXSID1032513,2108,0.0,0.0
DTXSID1032519,2108,0.0014512941332688702,0.0
DTXSID1032569,2108,1.2547749812607699e-17,0.0
DTXSID1032640,2108,0.0,0.0
DTXSID1032642,2108,0.019219982569193248,0.0
DTXSID1032646,2108,0.0,0.0
DTXSID1032648,2108,8.964716296969681e-05,0.0
DTXSID1032690,2108,0.9999754430466825,1.0
DTXSID1033161,2108,0.0,0.0
DTXSID1033163,2108,,
DTXSID1033371,2108,0.0001649983116527434,0.0
DTXSID1033402,2108,0.0,0.0
DTXSID1033539,2108,0.9999681750751237,1.0
DTXSID1033664,2108,0.9933167422532148,1.0
DTXSID1033876,2108,0.0,0.0
DTXSID1034181,2108,0.9999999920316636,1.0
DTXSID1034187,2108,0.9991009926192227,1.0
DTXSID1034210,2108,0.9998696864653297,1.0
DTXSID1034212,2108,0.0,0.0
DTXSID1034260,2108,0.0,0.0
DTXSID1034501,2108,4.711356686124046e-05,0.0
DTXSID1034503,2108,0.000728633370328781,0.0
DTXSID1034634,2108,0.9997926838850087,1.0
DTXSID1034769,2108,1.0,1.0
DTXSID1034844,2108,0.999999963292337,1.0
DTXSID1034929,2108,0.0,0.0
DTXSID1034973,2108,0.9854356228254365,1.0
DTXSID1035286,2108,0.0,0.0
DTXSID1035288,2108,0.8883826861910852,0.0
DTXSID1035783,2108,0.005098546973534451,0.0
DTXSID1036541,2108,0.0036618910711392,0.0
DTXSID1036545,2108,0.9999813151426287,1.0
DTXSID1037197,2108,0.0,0.0
DTXSID1037224,2108,0.9821756102409824,1.0
DTXSID1037272,2108,0.9749279249656794,1.0
DTXSID1037303,2108,0.0,0.0
DTXSID1037511,2108,0.0,0.0
DTXSID1037515,2108,0.9167411091992543,1.0
DTXSID1037565,2108,0.9956486400342318,1.0
DTXSID1037567,2108,0.0,0.0
DTXSID1037696,2108,0.0,0.0
DTXSID1037806,2108,1.37331146902663e-11,0.0
DTXSID1038298,2108,0.4607425360272952,0.0
DTXSID1038321,2108,0.0,0.0
DTXSID1038666,2108,0.0002493189615002394,0.0
DTXSID1038743,2108,1.6764463884553633e-17,0.0
DTXSID1038795,2108,,
DTXSID1038822,2108,5.3320902461494764e-14,0.0
DTXSID1038824,2108,0.0,0.0
DTXSID1038876,2108,,
DTXSID1039719,2108,0.0,0.0
DTXSID1040110,2108,,
DTXSID1040112,2108,2.55117428980266e-09,0.0
DTXSID1040114,2108,0.0,0.0
DTXSID1040164,2108,0.0,0.0
DTXSID1040243,2108,0.9991081025312699,1.0
DTXSID1040245,2108,0.0,0.0
DTXSID1040295,2108,0.0,0.0
DTXSID1040320,2108,0.9344589980101728,1.0
DTXSID1040324,2108,0.0,0.0
DTXSID1040326,2108,0.9999999999999984,1.0
DTXSID1040372,2108,5.286396961199527e-06,0.0
DTXSID1040611,2108,0.993714923813256,1.0
DTXSID1040619,2108,0.9671651427046063,1.0
DTXSID1040661,2108,0.0,0.0
DTXSID1040740,2108,0.9999223239461228,1.0
DTXSID1040742,2108,0.0,0.0
DTXSID1040792,2108,0.0,0.0
DTXSID1040794,2108,0.9913596210630375,1.0
DTXSID1041132,2108,1.3769610872958448e-11,0.0
DTXSID1041180,2108,0.0,0.0
DTXSID1041184,2108,0.0,0.0
DTXSID1041188,2108,0.9021079906745811,1.0
DTXSID1041217,2108,0.0,0.0
DTXSID1041261,2108,2.3818253918755862e-05,0.0
DTXSID1041263,2108,0.0,0.0
DTXSID1041265,2108,0.0,0.0
DTXSID1041267,2108,0.0,0.0
DTXSID1041269,2108,0.0,0.0
DTXSID1041346,2108,0.0,0.0
DTXSID1041396,2108,0.0,0.0
DTXSID1041421,2108,0.01796432760196925,0.0
DTXSID1041423,2108,0.0,0.0
DTXSID1041425,2108,3.3354747406597554e-10,0.0
DTXSID1041502,2108,0.9971683437890793,1.0
DTXSID1041506,2108,0.25438444457969395,0.0
DTXSID1041508,2108,9.269291778048861e-18,0.0
DTXSID1041550,2108,0.0,0.0
DTXSID1041639,2108,0.0,0.0
DTXSID1041681,2108,0.9990246643598376,1.0
DTXSID1041683,2108,0.000878564904742703,0.0
DTXSID1041847,2108,0.0,0.0
DTXSID1041891,2108,,
DTXSID1041897,2108,1.0,1.0
DTXSID1041920,2108,0.0,0.0
DTXSID1041970,2108,0.0,0.0
DTXSID1041978,2108,0.9996574360081989,1.0
DTXSID1042077,2108,0.0,0.0
DTXSID1042154,2108,0.9999999380371741,1.0
DTXSID1042281,2108,0.9660071251080442,1.0
DTXSID1042285,2108,0.0,0.0
DTXSID1042360,2108,4.0631800107053325e-19,0.0
DTXSID1042364,2108,0.0,0.0
DTXSID1042441,2108,0.0,0.0
DTXSID1042443,2108,0.9999846216191758,1.0
DTXSID1042445,2108,0.48764592843839605,0.0
DTXSID1042491,2108,0.0,0.0
DTXSID1042499,2108,1.0,1.0
DTXSID1042570,2108,0.9999999907904783,1.0
DTXSID1042574,2108,0.0,0.0
DTXSID1043839,2108,0.0,0.0
DTXSID1043881,2108,0.9691410852031188,1.0
DTXSID1043910,2108,0.0,0.0
DTXSID1044196,2108,0.9999996942061962,1.0
DTXSID1044198,2108,0.0,0.0
DTXSID1044221,2108,1.306510560600473e-14,0.0
DTXSID1044223,2108,7.382691670223643e-07,0.0
DTXSID1044227,2108,0.00992682003803699,0.0
DTXSID1044352,2108,0.0,0.0
DTXSID1044354,2108,5.86993703100908e-13,0.0
DTXSID1044356,2108,0.0,0.0
DTXSID1044431,2108,0.0,0.0
DTXSID1044433,2108,0.0,0.0
DTXSID1044435,2108,0.0,0.0
DTXSID1044437,2108,0.0,0.0
DTXSID1044439,2108,0.9843062604913215,1.0
DTXSID1044481,2108,0.9999998726677164,1.0
DTXSID1044485,2108,0.0001790054575124257,0.0
DTXSID1044487,2108,0.9999999999999062,1.0
DTXSID1044489,2108,3.5495406344809105e-08,0.0
DTXSID1044514,2108,0.46440333013019486,0.0
DTXSID1044518,2108,0.782865646154027,0.0
DTXSID1044560,2108,0.9878776456775515,1.0
DTXSID1044564,2108,0.0,0.0
DTXSID1044568,2108,2.7823943194885865e-06,0.0
DTXSID1044643,2108,0.0,0.0
DTXSID1044645,2108,0.9941854392310154,1.0
DTXSID1044647,2108,0.0,0.0
DTXSID1044691,2108,,
DTXSID1044693,2108,0.0,0.0
DTXSID1044697,2108,0.0,0.0
DTXSID1044720,2108,0.0,0.0
DTXSID1044722,2108,0.0,0.0
DTXSID1044724,2108,0.0,0.0
DTXSID1044728,2108,0.0,0.0
DTXSID1044770,2108,0.0,0.0
DTXSID1044772,2108,0.0006362458311307461,0.0
DTXSID1044774,2108,5.760776806815636e-05,0.0
DTXSID1044776,2108,2.2427863813855215e-06,0.0
DTXSID1044801,2108,0.9999999980811086,1.0
DTXSID1044805,2108,0.9972825768370893,1.0
DTXSID1044807,2108,0.0,0.0
DTXSID1044809,2108,0.0,0.0
DTXSID1044851,2108,7.817426232549034e-09,0.0
DTXSID1044853,2108,0.0,0.0
DTXSID1044857,2108,0.0018462181132949534,0.0
DTXSID1044859,2108,0.0,0.0
DTXSID1044930,2108,0.0,0.0
DTXSID1044932,2108,0.0,0.0
DTXSID1044934,2108,0.0,0.0
DTXSID1044936,2108,0.999999388678425,1.0
DTXSID1044938,2108,0.9969772073729972,1.0
DTXSID1044980,2108,0.0,0.0
DTXSID1044982,2108,0.041021421231999505,0.0
DTXSID1044986,2108,0.0,0.0
DTXSID1045081,2108,,
DTXSID1045083,2108,0.9410928842370433,1.0
DTXSID1045085,2108,0.999670228766746,1.0
DTXSID1045089,2108,0.0,0.0
DTXSID1045116,2108,0.9516998978081674,1.0
DTXSID1045118,2108,0.0,0.0
DTXSID1045162,2108,0.0,0.0
DTXSID1045164,2108,0.0,0.0
DTXSID1045166,2108,0.0,0.0
DTXSID1045245,2108,0.0,0.0
DTXSID1045291,2108,0.9999344569439311,1.0
DTXSID1045293,2108,0.9012933812395063,1.0
DTXSID1045297,2108,0.00019940126219977717,0.0
DTXSID1045320,2108,0.0,0.0
DTXSID1045324,2108,0.9304083174965386,1.0
DTXSID1045326,2108,0.9967947464008418,1.0
DTXSID1045328,2108,0.0,0.0
DTXSID1045370,2108,0.39901713135366373,0.0
DTXSID1045372,2108,0.08699925067678331,0.0
DTXSID1045376,2108,0.0,0.0
DTXSID1045405,2108,0.0,0.0
DTXSID1045407,2108,0.0,0.0
DTXSID1045409,2108,0.0,0.0
DTXSID1045459,2108,0.0,0.0
DTXSID1045530,2108,0.0,0.0
DTXSID1045534,2108,0.0,0.0
DTXSID1045536,2108,0.0,0.0
DTXSID1045538,2108,6.007114416236829e-14,0.0
DTXSID1045580,2108,0.0,0.0
DTXSID1045584,2108,0.0,0.0
DTXSID1045588,2108,0.0,0.0
DTXSID1045611,2108,0.0,0.0
DTXSID1045615,2108,0.11763893205229294,0.0
DTXSID1045619,2108,,
DTXSID1045661,2108,0.10244855803475361,0.0
DTXSID1045663,2108,0.9997041604798688,1.0
DTXSID1045669,2108,0.0,0.0
DTXSID1045742,2108,0.0008919478348626516,0.0
DTXSID1045744,2108,0.9997558622639567,1.0
DTXSID1045746,2108,0.0028039699005246287,0.0
DTXSID1045748,2108,0.0,0.0
DTXSID1045790,2108,0.0,0.0
DTXSID1045792,2108,0.8203974951365941,0.0
DTXSID1045794,2108,0.0,0.0
DTXSID1045798,2108,0.9999239551005993,1.0
DTXSID1045825,2108,,
DTXSID1045871,2108,0.0,0.0
DTXSID1045879,2108,,
DTXSID1045906,2108,0.0,0.0
DTXSID1045952,2108,0.9999999923286927,1.0
DTXSID1045958,2108,7.293601997382585e-10,0.0
DTXSID1046003,2108,0.023035366862916705,0.0
DTXSID1046007,2108,0.0,0.0
DTXSID1046051,2108,0.0,0.0
DTXSID1046130,2108,0.0,0.0
DTXSID1046132,2108,0.0,0.0
DTXSID1046134,2108,0.5142838054373771,0.0
DTXSID1046136,2108,0.0,0.0
DTXSID1046180,2108,0.999999072811862,1.0
DTXSID1046188,2108,0.004651871735637996,0.0
DTXSID1046215,2108,0.0,0.0
DTXSID1046263,2108,,
DTXSID1046267,2108,0.05425124718194119,0.0
DTXSID1046344,2108,0.0,0.0
DTXSID1046348,2108,0.0,0.0
DTXSID1046390,2108,1.3345790352448765e-10,0.0
DTXSID1046392,2108,0.0,0.0
DTXSID1046394,2108,,
DTXSID1046396,2108,0.0,0.0
DTXSID1046398,2108,0.9795829152233205,1.0
DTXSID1046421,2108,0.0,0.0
DTXSID1046423,2108,0.00011428423332017424,0.0
DTXSID1046425,2108,0.0,0.0
DTXSID1046427,2108,0.9405114466667099,1.0
DTXSID1046429,2108,0.9537067324064683,1.0
DTXSID1046475,2108,1.4396018950795218e-09,0.0
DTXSID1046502,2108,0.352086122941999,0.0
DTXSID1046504,2108,0.13463006935044547,0.0
DTXSID1046506,2108,0.0,0.0
DTXSID1046550,2108,6.3482314124144624e-09,0.0
DTXSID1046558,2108,0.0,0.0
DTXSID1046631,2108,6.90905694833675e-17,0.0
DTXSID1046633,2108,0.88033949363042,0.0
DTXSID1046639,2108,0.0,0.0
DTXSID1046681,2108,0.0,0.0
DTXSID1046685,2108,0.0,0.0
DTXSID1046687,2108,0.0,0.0
DTXSID1046689,2108,0.9692656641225464,1.0
DTXSID1046714,2108,0.0,0.0
DTXSID1046768,2108,0.05117197962822262,0.0
DTXSID1046847,2108,0.40113496031779605,0.0
DTXSID1046891,2108,0.0,0.0
DTXSID1046922,2108,0.9678187870750637,1.0
DTXSID1046970,2108,0.9999730770371025,1.0
DTXSID1046974,2108,0.0,0.0
DTXSID1046976,2108,0.9022683949204984,1.0
DTXSID1046978,2108,8.744507970111484e-14,0.0
DTXSID1047027,2108,0.10648175852761259,0.0
DTXSID1047029,2108,0.0,0.0
DTXSID1047071,2108,0.0,0.0
DTXSID1047075,2108,0.0,0.0
DTXSID1047102,2108,0.9999515067709662,1.0
DTXSID1047104,2108,0.6625319316424697,0.0
DTXSID1047106,2108,9.976900124486642e-11,0.0
DTXSID1047108,2108,0.0,0.0
DTXSID1047150,2108,0.0,0.0
DTXSID1047152,2108,0.0,0.0
DTXSID1047156,2108,0.0,0.0
DTXSID1047158,2108,0.9952866833593665,1.0
DTXSID1047239,2108,0.04746667692608817,0.0
DTXSID1047281,2108,0.9999848580595875,1.0
DTXSID1047283,2108,0.9999971372505448,1.0
DTXSID1047285,2108,0.0,0.0
DTXSID1047287,2108,0.0,0.0
DTXSID1047289,2108,0.9618858928490519,1.0
DTXSID1047310,2108,0.0007783107144473997,0.0
DTXSID1047312,2108,2.933602632015642e-05,0.0
DTXSID1047316,2108,2.9038054535069432e-05,0.0
DTXSID1047318,2108,0.3284311624297775,0.0
DTXSID1047360,2108,0.9999725134849033,1.0
DTXSID1047362,2108,0.10553008870519498,0.0
DTXSID1047364,2108,0.9999994908775922,1.0
DTXSID1047366,2108,0.9999996130736662,1.0
DTXSID1047368,2108,0.7739002053916241,0.0
DTXSID1047443,2108,5.080582721833296e-13,0.0
DTXSID1047447,2108,7.005725406352924e-14,0.0
DTXSID1047491,2108,0.0,0.0
DTXSID1047493,2108,0.0,0.0
DTXSID1047497,2108,0.0,0.0
DTXSID1047520,2108,0.0,0.0
DTXSID1047524,2108,3.861130204443702e-05,0.0
DTXSID1047526,2108,5.442615950432245e-10,0.0
DTXSID1047528,2108,,
DTXSID1047570,2108,0.0,0.0
DTXSID1047574,2108,0.0,0.0
DTXSID1047576,2108,0.0,0.0
DTXSID1047578,2108,8.929993438488426e-15,0.0
DTXSID1047601,2108,0.0,0.0
DTXSID1047603,2108,0.0,0.0
DTXSID1047605,2108,,
DTXSID1047607,2108,6.108609121797787e-09,0.0
DTXSID1047609,2108,0.0,0.0
DTXSID1047651,2108,0.0,0.0
DTXSID1047655,2108,0.9999532632126552,1.0
DTXSID1047657,2108,0.0,0.0
DTXSID1047659,2108,0.0,0.0
DTXSID1047730,2108,0.99990747324758,1.0
DTXSID1047780,2108,0.0,0.0
DTXSID1047782,2108,3.1661267660090126e-08,0.0
DTXSID1047784,2108,0.0,0.0
DTXSID1047786,2108,0.08478919833846836,0.0
DTXSID1047788,2108,0.0,0.0
DTXSID1047811,2108,0.0,0.0
DTXSID1047813,2108,3.9679955790584697e-10,0.0
DTXSID1047815,2108,0.0,0.0
DTXSID1047817,2108,0.671336599048378,0.0
DTXSID1047819,2108,0.9978663220202288,1.0
DTXSID1047869,2108,3.38810444244198e-12,0.0
DTXSID1047940,2108,0.0,0.0
DTXSID1047942,2108,5.673174039203072e-13,0.0
DTXSID1047944,2108,0.999999999985962,1.0
DTXSID1047946,2108,0.9568140206412253,1.0
DTXSID1047948,2108,0.45677642737239316,0.0
DTXSID1048122,2108,0.9999999980584356,1.0
DTXSID1048170,2108,0.09646470764465973,0.0
DTXSID1048172,2108,0.9811010192279626,1.0
DTXSID1048174,2108,0.9816443566138562,1.0
DTXSID1048176,2108,0.9988028186851466,1.0
DTXSID1048178,2108,0.45398700541184744,0.0
DTXSID1048201,2108,0.657274375810507,0.0
DTXSID1048203,2108,0.0,0.0
DTXSID1048207,2108,0.0,0.0
DTXSID1048209,2108,0.0,0.0
DTXSID1048590,2108,0.0,0.0
DTXSID1048592,2108,0.0,0.0
DTXSID1048596,2108,0.7918490824659279,0.0
DTXSID1048598,2108,0.0,0.0
DTXSID1048623,2108,,
DTXSID1048627,2108,6.62315824957682e-05,0.0
DTXSID1048671,2108,1.3994862132785831e-08,0.0
DTXSID1048679,2108,5.839231398047222e-09,0.0
DTXSID1048704,2108,0.0,0.0
DTXSID1048706,2108,0.0,0.0
DTXSID1048831,2108,0.0,0.0
DTXSID1048833,2108,0.0,0.0
DTXSID1048835,2108,0.988180333982913,1.0
DTXSID1048837,2108,0.0,0.0
DTXSID1048839,2108,0.9992967653219411,1.0
DTXSID1048883,2108,0.9999892449877448,1.0
DTXSID1048910,2108,0.44832732967913086,0.0
DTXSID1048912,2108,0.7197146161102034,0.0
DTXSID1048914,2108,0.03939630465240079,0.0
DTXSID1048916,2108,0.7447219610692418,0.0
DTXSID1048918,2108,0.0,0.0
DTXSID1048960,2108,0.0,0.0
DTXSID1049015,2108,0.9366324843827347,1.0
DTXSID1049065,2108,0.9988280932763011,1.0
DTXSID1049067,2108,0.051444357161002034,0.0
DTXSID1049069,2108,,
DTXSID1049221,2108,0.00025592732845542283,0.0
DTXSID1049223,2108,0.0,0.0
DTXSID1049225,2108,3.4845572536655998e-09,0.0
DTXSID1049227,2108,0.00045000756887761867,0.0
DTXSID1049229,2108,0.9999999999973551,1.0
DTXSID1049271,2108,0.0,0.0
DTXSID1049273,2108,0.9688458772119481,1.0
DTXSID1049275,2108,3.2450610503650306e-06,0.0
DTXSID1049277,2108,0.0,0.0
DTXSID1049279,2108,0.0,0.0
DTXSID1049300,2108,0.0,0.0
DTXSID1049302,2108,0.0003916646387655543,0.0
DTXSID1049304,2108,0.9999999999999811,1.0
DTXSID1049306,2108,0.9885880480602506,1.0
DTXSID1049308,2108,0.0,0.0
DTXSID1049350,2108,0.0,0.0
DTXSID1049352,2108,0.9999999999999988,1.0
DTXSID1049354,2108,8.68518036944322e-12,0.0
DTXSID1049356,2108,1.1999449467716355e-06,0.0
DTXSID1049358,2108,0.0,0.0
DTXSID1049431,2108,8.970323503329444e-11,0.0
DTXSID1049433,2108,4.2840213733655215e-08,0.0
DTXSID1049481,2108,0.0,0.0
DTXSID1049483,2108,0.0,0.0
DTXSID1049485,2108,0.0,0.0
DTXSID1049487,2108,0.0,0.0
DTXSID1049489,2108,0.0,0.0
DTXSID1049510,2108,1.0913920800237916e-06,0.0
DTXSID1049512,2108,0.24093556958755458,0.0
DTXSID1049514,2108,1.1751905580899122e-10,0.0
DTXSID1049516,2108,1.8185027453984023e-08,0.0
DTXSID1049518,2108,0.0,0.0
DTXSID1049560,2108,0.9763631768604377,1.0
DTXSID1049562,2108,6.81675807390244e-08,0.0
DTXSID1049697,2108,0.9999998847398185,1.0
DTXSID1051690,2108,0.0,0.0
DTXSID1051771,2108,0.0,0.0
DTXSID1051779,2108,7.203164571038401e-17,0.0
DTXSID1051808,2108,0.999999999999987,1.0
DTXSID1051850,2108,9.877128218797093e-08,0.0
DTXSID1051856,2108,0.0,0.0
DTXSID1051939,2108,0.001239231192523298,0.0
DTXSID1052294,2108,0.0,0.0
DTXSID1052298,2108,0.0,0.0
DTXSID1052539,2108,0.0,0.0
DTXSID1052585,2108,3.008660194916612e-14,0.0
DTXSID1052587,2108,0.0,0.0
DTXSID1052610,2108,0.0,0.0
DTXSID1057610,2108,0.9599221413535239,1.0
DTXSID1057612,2108,,
DTXSID1057614,2108,0.0,0.0
DTXSID1057616,2108,0.0,0.0
DTXSID1057618,2108,0.0,0.0
DTXSID1057660,2108,0.0,0.0
DTXSID1057662,2108,0.8372759583587343,0.0
DTXSID1057664,2108,0.0,0.0
DTXSID1057666,2108,1.870243765988933e-05,0.0
DTXSID1057668,2108,0.0,0.0
DTXSID1057741,2108,,
DTXSID1057743,2108,0.1497097308656595,0.0
DTXSID1057745,2108,0.0,0.0
DTXSID1057747,2108,0.0,0.0
DTXSID1057749,2108,0.9999404438508243,1.0
DTXSID1057791,2108,0.0,0.0
DTXSID1057793,2108,,
DTXSID1057795,2108,0.0,0.0
DTXSID1057797,2108,,
DTXSID1057799,2108,0.0,0.0
DTXSID1057820,2108,0.0,0.0
DTXSID1057822,2108,0.0,0.0
DTXSID1057824,2108,0.0,0.0
DTXSID1057826,2108,0.0,0.0
DTXSID1057828,2108,0.999998129064229,1.0
DTXSID2020006,2108,0.0,0.0
DTXSID2020054,2108,0.9993094022906571,1.0
DTXSID2020058,2108,0.974039387120136,1.0
DTXSID2020131,2108,0.0,0.0
DTXSID2020137,2108,7.596499651364928e-11,0.0
DTXSID2020139,2108,0.41520194813831,0.0
DTXSID2020181,2108,0.9957353315419204,1.0
DTXSID2020189,2108,0.9936863047638431,1.0
DTXSID2020210,2108,,
DTXSID2020212,2108,0.451783075980838,0.0
DTXSID2020216,2108,0.0,0.0
DTXSID2020260,2108,5.066601520718712e-05,0.0
DTXSID2020262,2108,0.0,0.0
DTXSID2020266,2108,0.9999993640483467,1.0
DTXSID2020268,2108,2.5019970354260928e-17,0.0
DTXSID2020341,2108,0.548592000481378,0.0
DTXSID2020345,2108,0.9999441457059829,1.0
DTXSID2020347,2108,0.9999823312127023,1.0
DTXSID2020349,2108,0.0,0.0
DTXSID2020391,2108,0.0,0.0
DTXSID2020399,2108,0.017413100122982,0.0
DTXSID2020420,2108,0.0,0.0
DTXSID2020424,2108,0.9454696093452867,1.0
DTXSID2020426,2108,0.2322351001280464,0.0
DTXSID2020428,2108,0.0,0.0
DTXSID2020470,2108,0.9999365209918815,1.0
DTXSID2020474,2108,0.0,0.0
DTXSID2020478,2108,0.0,0.0
DTXSID2020501,2108,0.999801540865768,1.0
DTXSID2020505,2108,0.0,0.0
DTXSID2020507,2108,0.17081478289907984,0.0
DTXSID2020509,2108,0.0,0.0
DTXSID2020557,2108,0.0,0.0
DTXSID2020634,2108,7.017048867386354e-07,0.0
DTXSID2020636,2108,0.9989329985708794,1.0
DTXSID2020680,2108,0.0,0.0
DTXSID2020682,2108,0.0,0.0
DTXSID2020684,2108,0.034125811377831876,0.0
DTXSID2020686,2108,0.0018335965859996187,0.0
DTXSID2020688,2108,0.8547911349270602,0.0
DTXSID2020713,2108,0.0,0.0
DTXSID2020717,2108,1.6733328259840997e-17,0.0
DTXSID2020761,2108,1.2080324483469281e-09,0.0
DTXSID2020767,2108,0.0,0.0
DTXSID2020844,2108,0.0,0.0
DTXSID2020846,2108,9.153531615487448e-06,0.0
DTXSID2020890,2108,0.0,0.0
DTXSID2020892,2108,0.0,0.0
DTXSID2020894,2108,0.7167792685167433,0.0
DTXSID2020898,2108,0.9999992534640312,1.0
DTXSID2020921,2108,0.0,0.0
DTXSID2020923,2108,0.0,0.0
DTXSID2020927,2108,0.0,0.0
DTXSID2020929,2108,4.537229521441713e-09,0.0
DTXSID2020971,2108,0.0,0.0
DTXSID2020977,2108,2.0459106781651904e-11,0.0
DTXSID2021022,2108,0.0,0.0
DTXSID2021026,2108,0.0,0.0
DTXSID2021028,2108,9.926879010439262e-14,0.0
DTXSID2021070,2108,0.0027082884175990284,0.0
DTXSID2021103,2108,3.5827741910319137e-10,0.0
DTXSID2021105,2108,0.2758962066022399,0.0
DTXSID2021151,2108,0.0008130542511263089,0.0
DTXSID2021159,2108,0.0,0.0
DTXSID2021232,2108,,
DTXSID2021234,2108,0.0,0.0
DTXSID2021236,2108,0.0,0.0
DTXSID2021238,2108,9.399844845510141e-05,0.0
DTXSID2021282,2108,0.0,0.0
DTXSID2021284,2108,0.0,0.0
DTXSID2021286,2108,1.3229666809919791e-14,0.0
DTXSID2021288,2108,0.0,0.0
DTXSID2021311,2108,0.0,0.0
DTXSID2021315,2108,0.0,0.0
DTXSID2021317,2108,0.0,0.0
DTXSID2021319,2108,0.0,0.0
DTXSID2021363,2108,6.0183190121451585e-05,0.0
DTXSID2021365,2108,1.0634158092777612e-11,0.0
DTXSID2021367,2108,0.9998130568989305,1.0
DTXSID2021440,2108,0.0,0.0
DTXSID2021442,2108,0.0,0.0
DTXSID2021446,2108,0.0,0.0
DTXSID2021448,2108,0.08114135347276161,0.0
DTXSID2021492,2108,0.0,0.0
DTXSID2021496,2108,0.0,0.0
DTXSID2021498,2108,4.153487705846877e-06,0.0
DTXSID2021575,2108,0.0,0.0
DTXSID2021577,2108,0.992116761861943,1.0
DTXSID2021600,2108,2.4274067013049212e-12,0.0
DTXSID2021602,2108,1.4056819280638363e-17,0.0
DTXSID2021604,2108,0.0,0.0
DTXSID2021608,2108,0.0,0.0
DTXSID2021650,2108,6.043324020116522e-16,0.0
DTXSID2021652,2108,0.0,0.0
DTXSID2021654,2108,0.0,0.0
DTXSID2021656,2108,1.1144047882897445e-10,0.0
DTXSID2021658,2108,0.0,0.0
DTXSID2021731,2108,0.0,0.0
DTXSID2021735,2108,0.6126112192783061,0.0
DTXSID2021739,2108,0.0,0.0
DTXSID2021781,2108,0.0,0.0
DTXSID2021789,2108,0.0,0.0
DTXSID2021810,2108,0.0,0.0
DTXSID2021816,2108,0.0,0.0
DTXSID2021818,2108,0.0,0.0
DTXSID2021860,2108,0.0,0.0
DTXSID2021864,2108,2.97518912860081e-09,0.0
DTXSID2021866,2108,0.0,0.0
DTXSID2021868,2108,0.0,0.0
DTXSID2021941,2108,0.0,0.0
DTXSID2021943,2108,1.5697115525412201e-06,0.0
DTXSID2021947,2108,0.0,0.0
DTXSID2021949,2108,0.0,0.0
DTXSID2021993,2108,0.0,0.0
DTXSID2021995,2108,0.0,0.0
DTXSID2021997,2108,0.0,0.0
DTXSID2022048,2108,0.6396061790871331,0.0
DTXSID2022090,2108,0.0,0.0
DTXSID2022096,2108,0.0,0.0
DTXSID2022121,2108,8.90861191368892e-08,0.0
DTXSID2022123,2108,0.9980641169980118,1.0
DTXSID2022125,2108,1.7352731896816533e-12,0.0
DTXSID2022127,2108,0.8021993224164632,0.0
DTXSID2022171,2108,1.906425943660025e-11,0.0
DTXSID2022179,2108,2.240904805450195e-14,0.0
DTXSID2022254,2108,0.0,0.0
DTXSID2022256,2108,0.0,0.0
DTXSID2022331,2108,0.0,0.0
DTXSID2022333,2108,0.9895467213872394,1.0
DTXSID2022381,2108,0.9997536393295594,1.0
DTXSID2022462,2108,0.46431575847912837,0.0
DTXSID2022541,2108,0.0,0.0
DTXSID2022543,2108,0.0,0.0
DTXSID2022549,2108,0.0,0.0
DTXSID2022593,2108,0.0,0.0
DTXSID2022595,2108,0.0,0.0
DTXSID2022628,2108,0.0,0.0
DTXSID2022674,2108,0.0,0.0
DTXSID2022676,2108,0.0,0.0
DTXSID2022678,2108,0.12332322721933862,0.0
DTXSID2022707,2108,0.9964535768856556,1.0
DTXSID2022753,2108,0.0,0.0
DTXSID2022880,2108,0.9991304782314765,1.0
DTXSID2022886,2108,,
DTXSID2022888,2108,0.0,0.0
DTXSID2022967,2108,0.08872755925532118,0.0
DTXSID2023010,2108,0.0,0.0
DTXSID2023016,2108,7.248088545525971e-09,0.0
DTXSID2023064,2108,0.0,0.0
DTXSID2023068,2108,0.9601722239036169,1.0
DTXSID2023143,2108,0.0,0.0
DTXSID2023193,2108,8.789079458401614e-11,0.0
DTXSID2023195,2108,0.0,0.0
DTXSID2023222,2108,0.0,0.0
DTXSID2023224,2108,0.9975963374906109,1.0
DTXSID2023270,2108,0.0,0.0
DTXSID2023276,2108,0.051904729564970525,0.0
DTXSID2023307,2108,0.0,0.0
DTXSID2023309,2108,8.801120293399599e-15,0.0
DTXSID2023353,2108,5.293191603021863e-05,0.0
DTXSID2023430,2108,0.0,0.0
DTXSID2023434,2108,0.09341066810951525,0.0
DTXSID2023480,2108,0.0,0.0
DTXSID2023488,2108,,
DTXSID2023519,2108,0.0,0.0
DTXSID2023569,2108,2.1032945108746354e-08,0.0
DTXSID2023640,2108,1.2372657113984246e-06,0.0
DTXSID2023642,2108,0.0,0.0
DTXSID2023690,2108,0.0,0.0
DTXSID2023723,2108,0.0,0.0
DTXSID2023725,2108,0.0,0.0
DTXSID2023727,2108,0.0,0.0
DTXSID2023771,2108,0.0,0.0
DTXSID2023775,2108,0.8579501831601154,0.0
DTXSID2023937,2108,0.0,0.0
DTXSID2024030,2108,0.0,0.0
DTXSID2024038,2108,0.0,0.0
DTXSID2024086,2108,0.7482298811903639,0.0
DTXSID2024113,2108,0.0,0.0
DTXSID2024163,2108,1.8930588193142934e-12,0.0
DTXSID2024242,2108,2.3529238225739518e-07,0.0
DTXSID2024246,2108,0.0,0.0
DTXSID2024452,2108,5.6926187965588305e-11,0.0
DTXSID2024454,2108,,
DTXSID2024458,2108,0.6458309175013298,0.0
DTXSID2024585,2108,0.0,0.0
DTXSID2024589,2108,0.0,0.0
DTXSID2024616,2108,0.9999999982490926,1.0
DTXSID2024660,2108,0.0,0.0
DTXSID2024662,2108,0.19496311918456627,0.0
DTXSID2024664,2108,0.0,0.0
DTXSID2024666,2108,0.0,0.0
DTXSID2024747,2108,0.0,0.0
DTXSID2024791,2108,1.1906215167249841e-15,0.0
DTXSID2024793,2108,0.0,0.0
DTXSID2024797,2108,0.0,0.0
DTXSID2024799,2108,0.0,0.0
DTXSID2024822,2108,7.819536320792717e-12,0.0
DTXSID2024824,2108,0.06810361814115139,0.0
DTXSID2024878,2108,0.0,0.0
DTXSID2024953,2108,3.1343398536109413e-09,0.0
DTXSID2024955,2108,0.0,0.0
DTXSID2025004,2108,0.0,0.0
DTXSID2025006,2108,0.9616510013982893,1.0
DTXSID2025050,2108,0.0,0.0
DTXSID2025058,2108,0.9999783094948563,1.0
DTXSID2025133,2108,0.0,0.0
DTXSID2025135,2108,,
DTXSID2025137,2108,0.0,0.0
DTXSID2025139,2108,0.9999999995836867,1.0
DTXSID2025183,2108,0.0,0.0
DTXSID2025185,2108,0.0,0.0
DTXSID2025210,2108,0.0,0.0
DTXSID2025216,2108,0.0,0.0
DTXSID2025264,2108,0.0,0.0
DTXSID2025345,2108,0.0,0.0
DTXSID2025347,2108,1.194583238235851e-05,0.0
DTXSID2025391,2108,0.0007890460827264599,0.0
DTXSID2025395,2108,0.0,0.0
DTXSID2025422,2108,0.0,0.0
DTXSID2025424,2108,0.8877127026219336,0.0
DTXSID2025474,2108,0.0,0.0
DTXSID2025478,2108,1.6464284805277136e-12,0.0
DTXSID2025501,2108,0.0,0.0
DTXSID2025503,2108,0.0,0.0
DTXSID2025505,2108,0.2208180792490212,0.0
DTXSID2025551,2108,0.9750352584640686,1.0
DTXSID2025557,2108,,
DTXSID2025632,2108,1.1065091467390465e-16,0.0
DTXSID2025634,2108,0.09324228761981036,0.0
DTXSID2025680,2108,0.0,0.0
DTXSID2025688,2108,0.0,0.0
DTXSID2025715,2108,0.999999477629147,1.0
DTXSID2025761,2108,0.0,0.0
DTXSID2025763,2108,0.0,0.0
DTXSID2025765,2108,2.815915096754808e-11,0.0
DTXSID2025840,2108,0.0,0.0
DTXSID2025842,2108,0.9999999999970327,1.0
DTXSID2025846,2108,0.0,0.0
DTXSID2025892,2108,0.6127325709908115,0.0
DTXSID2025896,2108,0.0,0.0
DTXSID2025925,2108,0.0,0.0
DTXSID2025975,2108,0.0,0.0
DTXSID2025977,2108,0.0,0.0
DTXSID2026022,2108,0.0005198202224082903,0.0
DTXSID2026074,2108,0.0,0.0
DTXSID2026076,2108,0.702380422023977,0.0
DTXSID2026101,2108,0.9996986399323038,1.0
DTXSID2026107,2108,0.9999997751582165,1.0
DTXSID2026151,2108,,
DTXSID2026157,2108,0.0,0.0
DTXSID2026232,2108,0.0,0.0
DTXSID2026238,2108,,
DTXSID2026444,2108,0.0,0.0
DTXSID2026446,2108,0.9368689491310529,1.0
DTXSID2026448,2108,0.0,0.0
DTXSID2026494,2108,0.009901062618692912,0.0
DTXSID2026496,2108,7.087701511866236e-05,0.0
DTXSID2026523,2108,3.302275862676816e-09,0.0
DTXSID2026525,2108,0.0,0.0
DTXSID2026527,2108,0.0,0.0
DTXSID2026529,2108,0.05572769794697314,0.0
DTXSID2026573,2108,0.9983501755510827,1.0
DTXSID2026600,2108,0.0,0.0
DTXSID2026602,2108,0.9626985298668279,1.0
DTXSID2026606,2108,0.8498966859873393,0.0
DTXSID2026608,2108,0.0,0.0
DTXSID2026652,2108,4.502202482436722e-11,0.0
DTXSID2026739,2108,0.0,0.0
DTXSID2026781,2108,0.0,0.0
DTXSID2026783,2108,0.0,0.0
DTXSID2026789,2108,0.0,0.0
DTXSID2026864,2108,0.0,0.0
DTXSID2026941,2108,0.0,0.0
DTXSID2026943,2108,1.259537290535161e-11,0.0
DTXSID2026991,2108,0.0,0.0
DTXSID2026997,2108,0.0,0.0
DTXSID2027044,2108,0.0,0.0
DTXSID2027048,2108,0.0,0.0
DTXSID2027092,2108,0.0,0.0
DTXSID2027094,2108,0.0,0.0
DTXSID2027096,2108,0.0,0.0
DTXSID2027098,2108,,
DTXSID2027175,2108,0.0,0.0
DTXSID2027200,2108,2.2794619456620107e-06,0.0
DTXSID2027204,2108,0.0,0.0
DTXSID2027206,2108,0.0,0.0
DTXSID2027254,2108,,
DTXSID2027258,2108,0.9973336213382114,1.0
DTXSID2027333,2108,6.9226274619857616e-15,0.0
DTXSID2027412,2108,0.0,0.0
DTXSID2027414,2108,1.2665779569475807e-09,0.0
DTXSID2027416,2108,0.0,0.0
DTXSID2027418,2108,0.0,0.0
DTXSID2027462,2108,1.3993014866811997e-07,0.0
DTXSID2027466,2108,6.976687495546236e-16,0.0
DTXSID2027543,2108,,
DTXSID2027591,2108,0.0,0.0
DTXSID2027593,2108,0.7138467944583756,0.0
DTXSID2027595,2108,0.0,0.0
DTXSID2027599,2108,0.9996584409839634,1.0
DTXSID2027620,2108,0.0,0.0
DTXSID2027624,2108,0.0,0.0
DTXSID2027759,2108,0.0,0.0
DTXSID2027830,2108,0.0,0.0
DTXSID2027832,2108,0.0,0.0
DTXSID2027834,2108,9.12469413794727e-10,0.0
DTXSID2027884,2108,0.0,0.0
DTXSID2027886,2108,0.0,0.0
DTXSID2027963,2108,,
DTXSID2028010,2108,0.0,0.0
DTXSID2028016,2108,0.0,0.0
DTXSID2028723,2108,0.0,0.0
DTXSID2028985,2108,0.0,0.0
DTXSID2029117,2108,,
DTXSID2029167,2108,0.0,0.0
DTXSID2029169,2108,0.0,0.0
DTXSID2029240,2108,0.0,0.0
DTXSID2029242,2108,,
DTXSID2029244,2108,0.0,0.0
DTXSID2029246,2108,0.0,0.0
DTXSID2029290,2108,0.0,0.0
DTXSID2029298,2108,0.0,0.0
DTXSID2029325,2108,0.0,0.0
DTXSID2029327,2108,0.0,0.0
DTXSID2029329,2108,0.0,0.0
DTXSID2029612,2108,0.0,0.0
DTXSID2029616,2108,0.0,0.0
DTXSID2029662,2108,0.0,0.0
DTXSID2029668,2108,0.0,0.0
DTXSID2029874,2108,0.999986043128297,1.0
DTXSID2030695,2108,,
DTXSID2030857,2108,0.0,0.0
DTXSID2031089,2108,0.008752787682103219,0.0
DTXSID2031374,2108,0.0,0.0
DTXSID2031532,2108,0.0,0.0
DTXSID2031956,2108,7.455944502270098e-13,0.0
DTXSID2032005,2108,0.9999929800688817,1.0
DTXSID2032180,2108,,
DTXSID2032342,2108,0.24594955276166333,0.0
DTXSID2032344,2108,0.0,0.0
DTXSID2032348,2108,0.998679206546455,1.0
DTXSID2032390,2108,0.9561947142740845,1.0
DTXSID2032392,2108,0.0,0.0
DTXSID2032398,2108,0.9546264573273662,1.0
DTXSID2032421,2108,,
DTXSID2032500,2108,0.9991180361897751,1.0
DTXSID2032550,2108,0.9999999996069665,1.0
DTXSID2032552,2108,0.8781070462985859,0.0
DTXSID2032554,2108,7.488140515477313e-14,0.0
DTXSID2032556,2108,0.0,0.0
DTXSID2032558,2108,0.9999874862329796,1.0
DTXSID2032631,2108,,
DTXSID2032637,2108,0.0,0.0
DTXSID2032639,2108,0.0,0.0
DTXSID2032683,2108,0.0,0.0
DTXSID2032891,2108,0.0,0.0
DTXSID2033281,2108,0.9999999994143292,1.0
DTXSID2033314,2108,0.9999871001991502,1.0
DTXSID2033445,2108,2.2156635943481228e-08,0.0
DTXSID2033447,2108,0.0,0.0
DTXSID2033493,2108,0.0,0.0
DTXSID2033736,2108,0.9999827918743921,1.0
DTXSID2033863,2108,0.0,0.0
DTXSID2034091,2108,0.0,0.0
DTXSID2034095,2108,0.9999394977608526,1.0
DTXSID2034255,2108,0.0,0.0
DTXSID2034259,2108,0.9999996862385503,1.0
DTXSID2034338,2108,0.0,0.0
DTXSID2034382,2108,0.6577817699523756,0.0
DTXSID2034465,2108,0.0,0.0
DTXSID2034540,2108,0.0,0.0
DTXSID2034542,2108,0.0,0.0
DTXSID2034590,2108,0.999541815213314,1.0
DTXSID2034598,2108,0.9667287264786769,1.0
DTXSID2034625,2108,0.9999976111560189,1.0
DTXSID2034627,2108,0.0,0.0
DTXSID2034673,2108,0.0,0.0
DTXSID2034700,2108,0.0,0.0
DTXSID2034833,2108,0.0,0.0
DTXSID2034881,2108,0.6680778839795204,0.0
DTXSID2034885,2108,8.182724066495274e-14,0.0
DTXSID2034962,2108,1.3739525236010967e-15,0.0
DTXSID2034968,2108,0.0,0.0
DTXSID2035013,2108,0.993361630186219,1.0
DTXSID2035481,2108,0.0,0.0
DTXSID2036112,2108,0.9999657345219053,1.0
DTXSID2036299,2108,0.0,0.0
DTXSID2036588,2108,0.9867068115108515,1.0
DTXSID2036827,2108,0.1160636063511341,0.0
DTXSID2037502,2108,0.9999999972253506,1.0
DTXSID2037508,2108,,
DTXSID2037712,2108,0.996124459556801,1.0
DTXSID2037714,2108,0.0009565286043175269,0.0
DTXSID2038732,2108,8.640389834155448e-05,0.0
DTXSID2038788,2108,8.278855088082605e-09,0.0
DTXSID2038813,2108,0.0,0.0
DTXSID2039336,2108,0.5979134730814978,0.0
DTXSID2040151,2108,,
DTXSID2040234,2108,1.7276328289265544e-17,0.0
DTXSID2040236,2108,0.0,0.0
DTXSID2040284,2108,0.0,0.0
DTXSID2040361,2108,0.0,0.0
DTXSID2040363,2108,0.9999960116909965,1.0
DTXSID2040608,2108,0.0,0.0
DTXSID2040652,2108,9.957315058542296e-10,0.0
DTXSID2040656,2108,0.0,0.0
DTXSID2040731,2108,0.0,0.0
DTXSID2040733,2108,0.9999999999999998,1.0
DTXSID2040735,2108,,
DTXSID2040739,2108,0.0,0.0
DTXSID2040787,2108,0.9999999998389956,1.0
DTXSID2041125,2108,0.0,0.0
DTXSID2041200,2108,0.0,0.0
DTXSID2041206,2108,0.0,0.0
DTXSID2041208,2108,0.6553355864763708,0.0
DTXSID2041250,2108,0.0015108577743347471,0.0
DTXSID2041252,2108,0.1274813811983298,0.0
DTXSID2041256,2108,0.0,0.0
DTXSID2041389,2108,0.0,0.0
DTXSID2041412,2108,0.0,0.0
DTXSID2041416,2108,0.0,0.0
DTXSID2041418,2108,,
DTXSID2041460,2108,0.0,0.0
DTXSID2041464,2108,0.0,0.0
DTXSID2041468,2108,7.899888139470384e-06,0.0
DTXSID2041541,2108,7.537652085515462e-10,0.0
DTXSID2041545,2108,0.0,0.0
DTXSID2041547,2108,0.9475392011688307,1.0
DTXSID2041622,2108,0.898826766489566,0.0
DTXSID2041626,2108,5.554876717369902e-16,0.0
DTXSID2041672,2108,0.0,0.0
DTXSID2041674,2108,0.0,0.0
DTXSID2041703,2108,0.0,0.0
DTXSID2041709,2108,1.4251291998657482e-14,0.0
DTXSID2041759,2108,0.9999999009067131,1.0
DTXSID2041880,2108,0.0,0.0
DTXSID2041884,2108,0.9825285758642318,1.0
DTXSID2041886,2108,3.200670578467633e-17,0.0
DTXSID2041913,2108,0.5155802709353795,0.0
DTXSID2041917,2108,0.0,0.0
DTXSID2042014,2108,1.6707696383077424e-13,0.0
DTXSID2042060,2108,0.0,0.0
DTXSID2042062,2108,,
DTXSID2042143,2108,0.0,0.0
DTXSID2042145,2108,7.709131672743129e-10,0.0
DTXSID2042149,2108,0.0,0.0
DTXSID2042191,2108,5.132030388428586e-07,0.0
DTXSID2042195,2108,0.0,0.0
DTXSID2042199,2108,0.0,0.0
DTXSID2042220,2108,0.1625979843205618,0.0
DTXSID2042276,2108,0.2680981434400272,0.0
DTXSID2042436,2108,0.0,0.0
DTXSID2042517,2108,0.0,0.0
DTXSID2043747,2108,0.0,0.0
DTXSID2043874,2108,0.0,0.0
DTXSID2043903,2108,6.914401290688974e-05,0.0
DTXSID2044000,2108,0.9807606137110727,1.0
DTXSID2044002,2108,0.5183414328134158,0.0
DTXSID2044131,2108,0.0,0.0
DTXSID2044137,2108,0.6615169436345539,0.0
DTXSID2044210,2108,0.0,0.0
DTXSID2044218,2108,0.00021883942001781458,0.0
DTXSID2044266,2108,0.24975067533235473,0.0
DTXSID2044268,2108,0.0,0.0
DTXSID2044347,2108,0.0,0.0
DTXSID2044391,2108,0.0,0.0
DTXSID2044393,2108,0.0,0.0
DTXSID2044395,2108,0.00044667623983017825,0.0
DTXSID2044397,2108,0.0,0.0
DTXSID2044399,2108,0.0,0.0
DTXSID2044420,2108,0.6290147501569062,0.0
DTXSID2044422,2108,0.9904007804013831,1.0
DTXSID2044424,2108,0.0,0.0
DTXSID2044428,2108,0.0,0.0
DTXSID2044470,2108,0.0,0.0
DTXSID2044472,2108,0.0,0.0
DTXSID2044476,2108,8.695693308557211e-10,0.0
DTXSID2044503,2108,,
DTXSID2044507,2108,0.9999999953562662,1.0
DTXSID2044509,2108,0.0003006409248822666,0.0
DTXSID2044553,2108,0.0,0.0
DTXSID2044559,2108,0.0,0.0
DTXSID2044632,2108,0.0,0.0
DTXSID2044638,2108,0.554259022966574,0.0
DTXSID2044680,2108,1.0325700849476896e-13,0.0
DTXSID2044682,2108,0.0,0.0
DTXSID2044684,2108,0.0,0.0
DTXSID2044686,2108,3.1763257776239035e-10,0.0
DTXSID2044713,2108,0.0,0.0
DTXSID2044715,2108,0.0,0.0
DTXSID2044717,2108,0.997969572323369,1.0
DTXSID2044719,2108,0.0,0.0
DTXSID2044763,2108,,
DTXSID2044765,2108,0.0,0.0
DTXSID2044767,2108,,
DTXSID2044769,2108,0.0,0.0
DTXSID2044840,2108,0.0,0.0
DTXSID2044842,2108,2.6389473478160137e-10,0.0
DTXSID2044844,2108,0.984171265682427,1.0
DTXSID2044846,2108,,
DTXSID2044848,2108,0.0,0.0
DTXSID2044890,2108,0.9974681488988084,1.0
DTXSID2044892,2108,1.0895471913125189e-10,0.0
DTXSID2044894,2108,3.7443835442910807e-13,0.0
DTXSID2044896,2108,0.0,0.0
DTXSID2044898,2108,0.0,0.0
DTXSID2044921,2108,6.477514922413422e-06,0.0
DTXSID2044923,2108,5.263425647284725e-05,0.0
DTXSID2044925,2108,0.0009145029310673187,0.0
DTXSID2044927,2108,0.0,0.0
DTXSID2044929,2108,0.0,0.0
DTXSID2044971,2108,0.7568631539295392,0.0
DTXSID2044973,2108,0.0,0.0
DTXSID2044975,2108,0.0,0.0
DTXSID2044979,2108,0.0,0.0
DTXSID2045072,2108,1.0571668007511229e-17,0.0
DTXSID2045076,2108,0.9705949054220421,1.0
DTXSID2045105,2108,0.9351943518087646,1.0
DTXSID2045107,2108,0.0,0.0
DTXSID2045151,2108,0.0,0.0
DTXSID2045153,2108,0.001655399240948159,0.0
DTXSID2045157,2108,0.0,0.0
DTXSID2045232,2108,2.612634688091038e-05,0.0
DTXSID2045238,2108,0.0,0.0
DTXSID2045280,2108,0.3770419759119158,0.0
DTXSID2045315,2108,0.9957587897377763,1.0
DTXSID2045361,2108,0.0,0.0
DTXSID2045365,2108,0.0,0.0
DTXSID2045440,2108,0.0,0.0
DTXSID2045444,2108,0.0,0.0
DTXSID2045448,2108,0.4638185696384527,0.0
DTXSID2045490,2108,0.32156727896495574,0.0
DTXSID2045492,2108,0.0,0.0
DTXSID2045496,2108,0.0,0.0
DTXSID2045521,2108,0.0,0.0
DTXSID2045523,2108,0.0,0.0
DTXSID2045527,2108,2.1330884616079947e-15,0.0
DTXSID2045575,2108,3.6089218192669735e-11,0.0
DTXSID2045600,2108,0.0,0.0
DTXSID2045652,2108,7.505716901929589e-11,0.0
DTXSID2045654,2108,,
DTXSID2045656,2108,4.7332707329064925e-11,0.0
DTXSID2045735,2108,0.0,0.0
DTXSID2045781,2108,0.09904578189577788,0.0
DTXSID2045783,2108,0.0,0.0
DTXSID2045810,2108,0.11866353325138439,0.0
DTXSID2045812,2108,,
DTXSID2045860,2108,0.9952009454392315,1.0
DTXSID2045862,2108,,
DTXSID2045864,2108,0.0,0.0
DTXSID2045868,2108,1.2611539560862946e-13,0.0
DTXSID2045941,2108,8.663977354575117e-13,0.0
DTXSID2045943,2108,0.9995727140467021,1.0
DTXSID2045945,2108,0.9981848821366135,1.0
DTXSID2045993,2108,0.0,0.0
DTXSID2046042,2108,1.880493293041338e-18,0.0
DTXSID2046090,2108,0.0,0.0
DTXSID2046092,2108,0.8266207593901002,0.0
DTXSID2046094,2108,0.0,0.0
DTXSID2046096,2108,0.0,0.0
DTXSID2046123,2108,0.9402657758394865,1.0
DTXSID2046127,2108,1.9635944169812277e-05,0.0
DTXSID2046179,2108,0.0,0.0
DTXSID2046200,2108,5.089685254599498e-15,0.0
DTXSID2046383,2108,1.0201376330993855e-13,0.0
DTXSID2046385,2108,1.018012762856771e-08,0.0
DTXSID2046389,2108,0.0,0.0
DTXSID2046410,2108,,
DTXSID2046412,2108,0.0,0.0
DTXSID2046414,2108,0.0,0.0
DTXSID2046418,2108,0.9838244462312112,1.0
DTXSID2046460,2108,0.5370949601556034,0.0
DTXSID2046464,2108,0.0,0.0
DTXSID2046468,2108,0.0,0.0
DTXSID2046541,2108,0.0,0.0
DTXSID2046543,2108,0.0,0.0
DTXSID2046545,2108,0.9999999948616889,1.0
DTXSID2046591,2108,0.8648993387863867,0.0
DTXSID2046599,2108,9.029761280910281e-13,0.0
DTXSID2046628,2108,0.0009674904266763903,0.0
DTXSID2046670,2108,0.0,0.0
DTXSID2046678,2108,7.08683725752192e-16,0.0
DTXSID2046705,2108,1.1081738565079906e-10,0.0
DTXSID2046755,2108,0.9999999999999993,1.0
DTXSID2046882,2108,0.0,0.0
DTXSID2046888,2108,1.002590147328948e-10,0.0
DTXSID2046911,2108,0.0,0.0
DTXSID2046919,2108,0.9999333807243374,1.0
DTXSID2047060,2108,0.0,0.0
DTXSID2047062,2108,0.0,0.0
DTXSID2047064,2108,,
DTXSID2047066,2108,0.0,0.0
DTXSID2047068,2108,0.0,0.0
DTXSID2047141,2108,0.0,0.0
DTXSID2047145,2108,0.0,0.0
DTXSID2047149,2108,0.0,0.0
DTXSID2047191,2108,8.650093442654022e-08,0.0
DTXSID2047193,2108,0.8033481582881563,0.0
DTXSID2047195,2108,0.0,0.0
DTXSID2047197,2108,0.0,0.0
DTXSID2047199,2108,0.0,0.0
DTXSID2047222,2108,0.0,0.0
DTXSID2047270,2108,0.6011646605528792,0.0
DTXSID2047272,2108,0.9999514786688616,1.0
DTXSID2047274,2108,0.0,0.0
DTXSID2047276,2108,0.1375783729058067,0.0
DTXSID2047278,2108,0.9999999916020664,1.0
DTXSID2047301,2108,0.025072384923320454,0.0
DTXSID2047303,2108,0.9754697739097243,1.0
DTXSID2047305,2108,0.0,0.0
DTXSID2047307,2108,0.0,0.0
DTXSID2047309,2108,0.0,0.0
DTXSID2047351,2108,0.9997485571319665,1.0
DTXSID2047353,2108,0.9999986788842993,1.0
DTXSID2047355,2108,0.9999397614552477,1.0
DTXSID2047357,2108,0.9793800178964747,1.0
DTXSID2047359,2108,3.142366729435401e-08,0.0
DTXSID2047434,2108,0.7490581896563159,0.0
DTXSID2047436,2108,0.0,0.0
DTXSID2047484,2108,0.0,0.0
DTXSID2047486,2108,0.0,0.0
DTXSID2047511,2108,0.0,0.0
DTXSID2047517,2108,4.037691042456392e-10,0.0
DTXSID2047519,2108,5.356859321118703e-09,0.0
DTXSID2047565,2108,0.0,0.0
DTXSID2047567,2108,0.0,0.0
DTXSID2047569,2108,0.1003718930609265,0.0
DTXSID2047642,2108,5.64989554161613e-07,0.0
DTXSID2047644,2108,0.0,0.0
DTXSID2047646,2108,0.0,0.0
DTXSID2047648,2108,0.0,0.0
DTXSID2047694,2108,0.999498639580108,1.0
DTXSID2047696,2108,0.0,0.0
DTXSID2047721,2108,6.244766471746552e-10,0.0
DTXSID2047723,2108,0.0,0.0
DTXSID2047725,2108,0.0,0.0
DTXSID2047727,2108,0.0,0.0
DTXSID2047773,2108,0.02529747657161227,0.0
DTXSID2047775,2108,0.0,0.0
DTXSID2047777,2108,0.9942812401896232,1.0
DTXSID2047779,2108,0.9950402391268868,1.0
DTXSID2047804,2108,0.0,0.0
DTXSID2047806,2108,0.0006350313540400529,0.0
DTXSID2047856,2108,0.212769132771775,0.0
DTXSID2047858,2108,0.7998244629976792,0.0
DTXSID2047931,2108,0.0,0.0
DTXSID2047933,2108,0.023166585301760346,0.0
DTXSID2047935,2108,0.9999486316896025,1.0
DTXSID2047937,2108,0.0,0.0
DTXSID2047939,2108,0.0,0.0
DTXSID2048161,2108,0.9999681329754211,1.0
DTXSID2048167,2108,0.9156522503221326,1.0
DTXSID2048379,2108,0.0,0.0
DTXSID2048581,2108,0.0,0.0
DTXSID2048616,2108,0.0,0.0
DTXSID2048618,2108,0.0,0.0
DTXSID2048660,2108,0.0,0.0
DTXSID2048662,2108,0.0,0.0
DTXSID2048666,2108,0.9917652071376878,1.0
DTXSID2048745,2108,0.6981063538099479,0.0
DTXSID2048791,2108,0.0,0.0
DTXSID2048793,2108,0.0,0.0
DTXSID2048795,2108,0.0,0.0
DTXSID2048797,2108,4.879958596431356e-12,0.0
DTXSID2048799,2108,0.0,0.0
DTXSID2048820,2108,0.05401953341257627,0.0
DTXSID2048822,2108,,
DTXSID2048826,2108,0.0,0.0
DTXSID2048828,2108,,
DTXSID2048870,2108,0.006267405589113849,0.0
DTXSID2048872,2108,0.1405962318404161,0.0
DTXSID2048901,2108,0.8914191135770051,0.0
DTXSID2048905,2108,0.9999999937215495,1.0
DTXSID2048907,2108,0.9970585131052536,1.0
DTXSID2048957,2108,,
DTXSID2048959,2108,0.0,0.0
DTXSID2049002,2108,0.0,0.0
DTXSID2049006,2108,0.0,0.0
DTXSID2049050,2108,0.9792506474152667,1.0
DTXSID2049052,2108,0.0,0.0
DTXSID2049135,2108,1.2938232018272763e-10,0.0
DTXSID2049210,2108,0.9914163260007063,1.0
DTXSID2049212,2108,3.4977136750357015e-13,0.0
DTXSID2049214,2108,0.0,0.0
DTXSID2049216,2108,0.9995988243497275,1.0
DTXSID2049218,2108,0.0,0.0
DTXSID2049260,2108,0.0020765250570743,0.0
DTXSID2049262,2108,0.9995220788348718,1.0
DTXSID2049264,2108,0.9999094730251699,1.0
DTXSID2049266,2108,0.0,0.0
DTXSID2049268,2108,1.8968378156655307e-07,0.0
DTXSID2049341,2108,6.865647135234108e-12,0.0
DTXSID2049343,2108,0.0,0.0
DTXSID2049345,2108,0.0,0.0
DTXSID2049347,2108,0.0,0.0
DTXSID2049349,2108,0.0,0.0
DTXSID2049391,2108,0.9999999999982279,1.0
DTXSID2049393,2108,0.0001946413710465426,0.0
DTXSID2049395,2108,1.7022794999836762e-05,0.0
DTXSID2049397,2108,0.0,0.0
DTXSID2049399,2108,0.0,0.0
DTXSID2049420,2108,0.003670696280523634,0.0
DTXSID2049422,2108,0.03512445045958654,0.0
DTXSID2049424,2108,0.0,0.0
DTXSID2049426,2108,0.9803826291961005,1.0
DTXSID2049428,2108,0.0,0.0
DTXSID2049470,2108,,
DTXSID2049472,2108,0.0,0.0
DTXSID2049474,2108,4.230171514339428e-15,0.0
DTXSID2049476,2108,0.0,0.0
DTXSID2049478,2108,0.0,0.0
DTXSID2049501,2108,0.0,0.0
DTXSID2049503,2108,3.5239783523878305e-12,0.0
DTXSID2049505,2108,0.0,0.0
DTXSID2049507,2108,0.0,0.0
DTXSID2049509,2108,0.0,0.0
DTXSID2049551,2108,3.502917273192649e-05,0.0
DTXSID2049553,2108,0.7529998216498678,0.0
DTXSID2049555,2108,0.0001773510861043802,0.0
DTXSID2049557,2108,0.10077789374895499,0.0
DTXSID2049559,2108,9.63098163039086e-10,0.0
DTXSID2050403,2108,0.0,0.0
DTXSID2051477,2108,4.608851671653312e-11,0.0
DTXSID2051631,2108,0.0,0.0
DTXSID2051687,2108,6.223384635799076e-05,0.0
DTXSID2051716,2108,0.0,0.0
DTXSID2051764,2108,0.0,0.0
DTXSID2051895,2108,,
DTXSID2052281,2108,0.0,0.0
DTXSID2052283,2108,0.0,0.0
DTXSID2052289,2108,0.0,0.0
DTXSID2052310,2108,0.0,0.0
DTXSID2052447,2108,0.0,0.0
DTXSID2052574,2108,0.9999997449147593,1.0
DTXSID2052603,2108,1.920312562668435e-09,0.0
DTXSID2052607,2108,5.7758737081179505e-08,0.0
DTXSID2057601,2108,0.0,0.0
DTXSID2057603,2108,0.0,0.0
DTXSID2057607,2108,0.0,0.0
DTXSID2057609,2108,0.0,0.0
DTXSID2057651,2108,0.9906748581206782,1.0
DTXSID2057653,2108,0.0,0.0
DTXSID2057655,2108,9.411979837663962e-12,0.0
DTXSID2057657,2108,0.0,0.0
DTXSID2057659,2108,0.0,0.0
DTXSID2057730,2108,0.0,0.0
DTXSID2057732,2108,0.9681290359110535,1.0
DTXSID2057734,2108,2.3729994833292107e-08,0.0
DTXSID2057736,2108,,
DTXSID2057738,2108,0.0,0.0
DTXSID2057780,2108,0.0,0.0
DTXSID2057782,2108,,
DTXSID2057784,2108,0.0,0.0
DTXSID2057786,2108,0.0,0.0
DTXSID2057788,2108,0.0,0.0
DTXSID2057811,2108,0.0,0.0
DTXSID2057813,2108,0.0,0.0
DTXSID2057815,2108,0.743393018842152,0.0
DTXSID2057817,2108,0.0,0.0
DTXSID2057819,2108,6.417028369712551e-16,0.0
DTXSID3020043,2108,0.0,0.0
DTXSID3020047,2108,5.933957344818188e-10,0.0
DTXSID3020091,2108,2.123420912811279e-16,0.0
DTXSID3020093,2108,1.1272189305451837e-06,0.0
DTXSID3020095,2108,0.0,0.0
DTXSID3020097,2108,0.0,0.0
DTXSID3020099,2108,0.9999999999446442,1.0
DTXSID3020120,2108,0.9917759647218227,1.0
DTXSID3020122,2108,0.9396852229955835,1.0
DTXSID3020128,2108,0.0,0.0
DTXSID3020205,2108,0.0,0.0
DTXSID3020207,2108,0.9999999998687434,1.0
DTXSID3020209,2108,2.8324330284139436e-14,0.0
DTXSID3020257,2108,0.999999848619898,1.0
DTXSID3020330,2108,5.340096202647574e-05,0.0
DTXSID3020332,2108,0.0,0.0
DTXSID3020336,2108,0.0,0.0
DTXSID3020380,2108,0.9981622219935403,1.0
DTXSID3020384,2108,5.030570871236597e-15,0.0
DTXSID3020413,2108,0.0,0.0
DTXSID3020415,2108,1.2250233774998182e-09,0.0
DTXSID3020419,2108,0.9999959825657431,1.0
DTXSID3020463,2108,0.0,0.0
DTXSID3020465,2108,0.9992114388358323,1.0
DTXSID3020540,2108,7.790357249023343e-11,0.0
DTXSID3020546,2108,0.0,0.0
DTXSID3020548,2108,0.47956743236282834,0.0
DTXSID3020596,2108,0.0,0.0
DTXSID3020598,2108,0.0,0.0
DTXSID3020621,2108,0.8229066940213233,0.0
DTXSID3020625,2108,0.9914435658842486,1.0
DTXSID3020627,2108,0.0,0.0
DTXSID3020629,2108,,
DTXSID3020671,2108,0.0,0.0
DTXSID3020673,2108,0.9999643909231701,1.0
DTXSID3020679,2108,0.009296504629277664,0.0
DTXSID3020704,2108,0.9112925417256226,1.0
DTXSID3020706,2108,0.9920346215157198,1.0
DTXSID3020708,2108,,
DTXSID3020750,2108,0.0,0.0
DTXSID3020752,2108,2.376021996319477e-09,0.0
DTXSID3020756,2108,0.0,0.0
DTXSID3020833,2108,6.41632220400158e-10,0.0
DTXSID3020835,2108,0.0,0.0
DTXSID3020881,2108,0.0,0.0
DTXSID3020887,2108,0.0,0.0
DTXSID3020889,2108,0.0,0.0
DTXSID3020910,2108,0.0,0.0
DTXSID3020912,2108,0.0,0.0
DTXSID3020914,2108,0.0,0.0
DTXSID3020916,2108,0.658543606906458,0.0
DTXSID3020918,2108,2.340508829393135e-11,0.0
DTXSID3020960,2108,0.3014419366065724,0.0
DTXSID3020962,2108,0.0,0.0
DTXSID3020964,2108,0.0,0.0
DTXSID3020966,2108,0.0,0.0
DTXSID3021065,2108,0.0,0.0
DTXSID3021140,2108,9.434354110543683e-06,0.0
DTXSID3021142,2108,0.9835862359404107,1.0
DTXSID3021144,2108,2.059580202759468e-07,0.0
DTXSID3021148,2108,9.975310966607241e-08,0.0
DTXSID3021190,2108,0.0,0.0
DTXSID3021192,2108,0.9999987710288933,1.0
DTXSID3021196,2108,0.9984197466565854,1.0
DTXSID3021198,2108,0.9202697025097936,1.0
DTXSID3021221,2108,0.9999283062466596,1.0
DTXSID3021223,2108,0.995422022791989,1.0
DTXSID3021275,2108,0.993261724798597,1.0
DTXSID3021277,2108,0.0,0.0
DTXSID3021304,2108,0.915733506779876,1.0
DTXSID3021354,2108,0.8928405344467475,0.0
DTXSID3021356,2108,0.0,0.0
DTXSID3021358,2108,2.2733616407634058e-13,0.0
DTXSID3021431,2108,0.0,0.0
DTXSID3021437,2108,0.0,0.0
DTXSID3021483,2108,0.0,0.0
DTXSID3021485,2108,0.0,0.0
DTXSID3021487,2108,0.0,0.0
DTXSID3021516,2108,0.0,0.0
DTXSID3021518,2108,1.447708580686273e-19,0.0
DTXSID3021562,2108,0.09651212401713749,0.0
DTXSID3021641,2108,0.0,0.0
DTXSID3021643,2108,1.4127258791064892e-10,0.0
DTXSID3021645,2108,0.0,0.0
DTXSID3021647,2108,0.0,0.0
DTXSID3021726,2108,0.0,0.0
DTXSID3021770,2108,0.9908005594178736,1.0
DTXSID3021772,2108,0.0,0.0
DTXSID3021774,2108,0.009837692324202472,0.0
DTXSID3021778,2108,2.765641424376671e-06,0.0
DTXSID3021801,2108,0.0,0.0
DTXSID3021803,2108,0.0,0.0
DTXSID3021805,2108,,
DTXSID3021807,2108,0.0,0.0
DTXSID3021851,2108,0.0,0.0
DTXSID3021853,2108,0.00010907170149901178,0.0
DTXSID3021930,2108,0.7890584547370303,0.0
DTXSID3021932,2108,5.7565933167772176e-05,0.0
DTXSID3021936,2108,0.0,0.0
DTXSID3021938,2108,0.0,0.0
DTXSID3021980,2108,0.0,0.0
DTXSID3021982,2108,0.0,0.0
DTXSID3021984,2108,0.808069150421353,0.0
DTXSID3021986,2108,1.1301876612458923e-12,0.0
DTXSID3021988,2108,0.0,0.0
DTXSID3022035,2108,9.318613993491354e-09,0.0
DTXSID3022085,2108,5.234841110160248e-12,0.0
DTXSID3022089,2108,0.0,0.0
DTXSID3022160,2108,0.8776275608026725,0.0
DTXSID3022162,2108,0.999090469812809,1.0
DTXSID3022164,2108,0.0,0.0
DTXSID3022247,2108,0.0,0.0
DTXSID3022320,2108,3.9928125194702577e-10,0.0
DTXSID3022326,2108,0.0,0.0
DTXSID3022370,2108,0.9999963428789592,1.0
DTXSID3022403,2108,0.9999216783899487,1.0
DTXSID3022405,2108,3.3023574492039577e-18,0.0
DTXSID3022409,2108,0.8866625640673013,0.0
DTXSID3022455,2108,0.0,0.0
DTXSID3022536,2108,0.973239759104138,1.0
DTXSID3022582,2108,0.0,0.0
DTXSID3022584,2108,0.0,0.0
DTXSID3022586,2108,0.0,0.0
DTXSID3022588,2108,0.0,0.0
DTXSID3022611,2108,0.0,0.0
DTXSID3022617,2108,0.013010794456447395,0.0
DTXSID3022663,2108,0.9998750184254181,1.0
DTXSID3022667,2108,0.01998787964123254,0.0
DTXSID3022748,2108,0.0,0.0
DTXSID3022798,2108,0.0,0.0
DTXSID3022821,2108,0.4199139391230234,0.0
DTXSID3022825,2108,0.9545543094624089,1.0
DTXSID3022829,2108,0.0,0.0
DTXSID3022871,2108,,
DTXSID3022877,2108,0.0,0.0
DTXSID3022904,2108,0.0,0.0
DTXSID3022906,2108,0.002428739247720874,0.0
DTXSID3022950,2108,0.12857423140003912,0.0
DTXSID3022956,2108,0.001762744791463541,0.0
DTXSID3022958,2108,0.7557700186716136,0.0
DTXSID3023007,2108,0.0,0.0
DTXSID3023051,2108,0.0,0.0
DTXSID3023057,2108,0.0,0.0
DTXSID3023059,2108,0.0,0.0
DTXSID3023132,2108,0.0,0.0
DTXSID3023180,2108,0.9999991541242658,1.0
DTXSID3023188,2108,0.007534353846464748,0.0
DTXSID3023261,2108,,
DTXSID3023265,2108,0.9996566072605794,1.0
DTXSID3023269,2108,0.0,0.0
DTXSID3023340,2108,0.0,0.0
DTXSID3023342,2108,0.0,0.0
DTXSID3023425,2108,0.07492599389014855,0.0
DTXSID3023427,2108,0.0,0.0
DTXSID3023471,2108,0.039695263366252787,0.0
DTXSID3023479,2108,0.0,0.0
DTXSID3023502,2108,9.47782677295611e-09,0.0
DTXSID3023508,2108,2.2333365084989985e-10,0.0
DTXSID3023550,2108,0.999999994876353,1.0
DTXSID3023556,2108,0.8583683881624843,0.0
DTXSID3023685,2108,0.9999822708459908,1.0
DTXSID3023687,2108,0.5683847890159104,0.0
DTXSID3023712,2108,0.005511290337017075,0.0
DTXSID3023716,2108,0.0,0.0
DTXSID3023718,2108,1.7875341674353243e-14,0.0
DTXSID3023764,2108,0.0,0.0
DTXSID3023845,2108,0.8976491168976097,0.0
DTXSID3023897,2108,,
DTXSID3023899,2108,0.0,0.0
DTXSID3023974,2108,0.0,0.0
DTXSID3024077,2108,0.0,0.0
DTXSID3024100,2108,0.0,0.0
DTXSID3024102,2108,0.8711155436202342,0.0
DTXSID3024104,2108,0.0,0.0
DTXSID3024108,2108,1.056694282948449e-10,0.0
DTXSID3024152,2108,0.0,0.0
DTXSID3024154,2108,0.062281097863278845,0.0
DTXSID3024235,2108,0.9961149417922002,1.0
DTXSID3024239,2108,2.318295209171004e-05,0.0
DTXSID3024287,2108,0.0,0.0
DTXSID3024289,2108,0.0,0.0
DTXSID3024316,2108,1.2291416299725604e-11,0.0
DTXSID3024318,2108,0.9999996180136779,1.0
DTXSID3024362,2108,2.157331809216029e-16,0.0
DTXSID3024366,2108,0.0,0.0
DTXSID3024368,2108,0.0,0.0
DTXSID3024441,2108,2.5219170254947505e-11,0.0
DTXSID3024447,2108,0.0,0.0
DTXSID3024449,2108,0.0,0.0
DTXSID3024491,2108,0.0,0.0
DTXSID3024497,2108,0.0,0.0
DTXSID3024499,2108,0.999707753197359,1.0
DTXSID3024522,2108,0.0,0.0
DTXSID3024528,2108,2.6352696244499966e-13,0.0
DTXSID3024574,2108,0.0,0.0
DTXSID3024603,2108,0.9256850273631667,1.0
DTXSID3024657,2108,0.0,0.0
DTXSID3024659,2108,0.0023645975650919736,0.0
DTXSID3024736,2108,0.0,0.0
DTXSID3024738,2108,0.0,0.0
DTXSID3024780,2108,0.9397199001263462,1.0
DTXSID3024786,2108,0.0,0.0
DTXSID3024815,2108,4.567267793353286e-08,0.0
DTXSID3024861,2108,0.9993419677587266,1.0
DTXSID3024869,2108,0.11313007282707181,0.0
DTXSID3024940,2108,0.0,0.0
DTXSID3024942,2108,0.0,0.0
DTXSID3024944,2108,0.9999983117287896,1.0
DTXSID3024994,2108,0.0,0.0
DTXSID3024998,2108,5.257439988761511e-12,0.0
DTXSID3025041,2108,0.0,0.0
DTXSID3025045,2108,0.9999999992862852,1.0
DTXSID3025047,2108,0.0,0.0
DTXSID3025049,2108,0.0,0.0
DTXSID3025091,2108,0.15315981354627947,0.0
DTXSID3025093,2108,,
DTXSID3025122,2108,2.0601390332774752e-12,0.0
DTXSID3025170,2108,0.0,0.0
DTXSID3025178,2108,0.9850685073338084,1.0
DTXSID3025203,2108,0.9999999914635537,1.0
DTXSID3025209,2108,0.12139856006664188,0.0
DTXSID3025253,2108,0.9994843257788821,1.0
DTXSID3025257,2108,0.9999998187851625,1.0
DTXSID3025330,2108,7.584833437702701e-17,0.0
DTXSID3025332,2108,1.4010551518183844e-10,0.0
DTXSID3025338,2108,0.0,0.0
DTXSID3025461,2108,0.937789191742355,1.0
DTXSID3025465,2108,0.006864936508898848,0.0
DTXSID3025469,2108,0.0,0.0
DTXSID3025540,2108,1.0,1.0
DTXSID3025542,2108,0.0,0.0
DTXSID3025590,2108,1.7641134082629882e-10,0.0
DTXSID3025629,2108,9.69972613945515e-18,0.0
DTXSID3025671,2108,0.0,0.0
DTXSID3025706,2108,0.0,0.0
DTXSID3025758,2108,0.0,0.0
DTXSID3025839,2108,0.0,0.0
DTXSID3025881,2108,0.00035695980544627804,0.0
DTXSID3025889,2108,0.0,0.0
DTXSID3026065,2108,0.8881814728901023,0.0
DTXSID3026067,2108,0.0,0.0
DTXSID3026148,2108,0.0,0.0
DTXSID3026190,2108,0.9990749586212918,1.0
DTXSID3026223,2108,0.33855689500313846,0.0
DTXSID3026275,2108,0.0,0.0
DTXSID3026279,2108,1.3268300068709354e-14,0.0
DTXSID3026302,2108,9.4537092638776e-14,0.0
DTXSID3026304,2108,0.0,0.0
DTXSID3026306,2108,2.0257334916059077e-09,0.0
DTXSID3026308,2108,0.0,0.0
DTXSID3026512,2108,1.520517666576713e-08,0.0
DTXSID3026514,2108,0.0,0.0
DTXSID3026516,2108,,
DTXSID3026560,2108,0.00018221011813481267,0.0
DTXSID3026562,2108,0.0,0.0
DTXSID3026564,2108,3.643707668685504e-15,0.0
DTXSID3026566,2108,0.0,0.0
DTXSID3026641,2108,1.8635152880206685e-13,0.0
DTXSID3026645,2108,0.0,0.0
DTXSID3026647,2108,0.0,0.0
DTXSID3026691,2108,0.0,0.0
DTXSID3026697,2108,2.554879238076421e-07,0.0
DTXSID3026724,2108,0.008625621184301716,0.0
DTXSID3026726,2108,5.944916341164958e-08,0.0
DTXSID3026728,2108,5.5805839347381585e-18,0.0
DTXSID3026851,2108,0.0,0.0
DTXSID3026932,2108,0.0,0.0
DTXSID3026984,2108,0.0,0.0
DTXSID3027037,2108,0.0,0.0
DTXSID3027039,2108,0.0,0.0
DTXSID3027085,2108,8.608726801753562e-18,0.0
DTXSID3027116,2108,0.1872960004549444,0.0
DTXSID3027241,2108,0.0,0.0
DTXSID3027247,2108,0.0,0.0
DTXSID3027249,2108,2.388882593911273e-12,0.0
DTXSID3027291,2108,0.0,0.0
DTXSID3027293,2108,0.0,0.0
DTXSID3027295,2108,0.0,0.0
DTXSID3027297,2108,0.25339333950188114,0.0
DTXSID3027320,2108,1.9685750264598978e-15,0.0
DTXSID3027322,2108,0.0,0.0
DTXSID3027328,2108,0.0,0.0
DTXSID3027370,2108,9.458545292585498e-06,0.0
DTXSID3027401,2108,0.0,0.0
DTXSID3027403,2108,1.0,1.0
DTXSID3027405,2108,1.791561221234501e-12,0.0
DTXSID3027407,2108,5.203771346307044e-12,0.0
DTXSID3027530,2108,0.9606419177512212,1.0
DTXSID3027534,2108,0.0,0.0
DTXSID3027536,2108,0.0,0.0
DTXSID3027580,2108,0.0,0.0
DTXSID3027584,2108,0.0,0.0
DTXSID3027586,2108,0.0,0.0
DTXSID3027588,2108,0.0026370181610892037,0.0
DTXSID3027615,2108,,
DTXSID3027617,2108,0.786856409440167,0.0
DTXSID3027740,2108,0.0,0.0
DTXSID3027790,2108,0.12465477632203129,0.0
DTXSID3027792,2108,3.4134930196791044e-08,0.0
DTXSID3027798,2108,0.0,0.0
DTXSID3027823,2108,1.976453878244687e-18,0.0
DTXSID3027829,2108,0.0,0.0
DTXSID3027875,2108,0.07961969357462063,0.0
DTXSID3027877,2108,0.0,0.0
DTXSID3027902,2108,0.8546982372976831,0.0
DTXSID3027950,2108,0.9999914410867536,1.0
DTXSID3028001,2108,4.799292280143572e-07,0.0
DTXSID3028005,2108,1.2660836797320955e-09,0.0
DTXSID3029108,2108,0.0,0.0
DTXSID3029150,2108,0.0,0.0
DTXSID3029152,2108,0.0,0.0
DTXSID3029154,2108,0.0,0.0
DTXSID3029158,2108,0.0,0.0
DTXSID3029231,2108,0.0,0.0
DTXSID3029233,2108,0.0,0.0
DTXSID3029235,2108,0.0,0.0
DTXSID3029237,2108,0.0,0.0
DTXSID3029281,2108,0.0,0.0
DTXSID3029283,2108,0.0,0.0
DTXSID3029287,2108,0.0,0.0
DTXSID3029289,2108,0.0,0.0
DTXSID3029310,2108,1.4469956634608083e-09,0.0
DTXSID3029312,2108,,
DTXSID3029362,2108,1.5909266403924538e-10,0.0
DTXSID3029364,2108,0.03657568155208884,0.0
DTXSID3029572,2108,0.9999960495262967,1.0
DTXSID3029607,2108,0.9953850361258635,1.0
DTXSID3029651,2108,0.9739264362184847,1.0
DTXSID3029653,2108,0.0,0.0
DTXSID3029655,2108,0.0,0.0
DTXSID3029815,2108,0.10861897797040584,0.0
DTXSID3029869,2108,0.0,0.0
DTXSID3030056,2108,,
DTXSID3030189,2108,4.381065214951698e-14,0.0
DTXSID3030428,2108,0.0,0.0
DTXSID3030636,2108,0.9999999999999977,1.0
DTXSID3031444,2108,0.0,0.0
DTXSID3031492,2108,0.0,0.0
DTXSID3031521,2108,1.286940456195145e-10,0.0
DTXSID3031860,2108,1.4043098610350557e-05,0.0
DTXSID3031862,2108,0.0,0.0
DTXSID3031864,2108,0.0,0.0
DTXSID3032129,2108,0.0,0.0
DTXSID3032331,2108,0.9999999952919263,1.0
DTXSID3032337,2108,0.0,0.0
DTXSID3032389,2108,0.6677160976344273,0.0
DTXSID3032412,2108,0.728138984708869,0.0
DTXSID3032416,2108,0.9999988339385946,1.0
DTXSID3032464,2108,0.06280679770181571,0.0
DTXSID3032541,2108,0.999999999989772,1.0
DTXSID3032547,2108,0.0,0.0
DTXSID3032549,2108,0.988823088413051,1.0
DTXSID3032591,2108,5.986628878993472e-09,0.0
DTXSID3032620,2108,0.0,0.0
DTXSID3032622,2108,0.0,0.0
DTXSID3032624,2108,1.5588501037658033e-10,0.0
DTXSID3032626,2108,0.997764649994823,1.0
DTXSID3032628,2108,0.0,0.0
DTXSID3032670,2108,0.0,0.0
DTXSID3032751,2108,0.9999999508554351,1.0
DTXSID3032759,2108,0.0,0.0
DTXSID3032832,2108,0.05002164799252764,0.0
DTXSID3033276,2108,0.0,0.0
DTXSID3033307,2108,0.9999999998041693,1.0
DTXSID3033511,2108,2.884496465903128e-14,0.0
DTXSID3033519,2108,2.0647124742133313e-14,0.0
DTXSID3033983,2108,,
DTXSID3033989,2108,0.0,0.0
DTXSID3034113,2108,0.6937247716511671,0.0
DTXSID3034165,2108,0.9377077312815891,1.0
DTXSID3034402,2108,0.9230717852255713,1.0
DTXSID3034456,2108,0.0,0.0
DTXSID3034458,2108,0.0,0.0
DTXSID3034531,2108,1.931183871589071e-06,0.0
DTXSID3034583,2108,0.0,0.0
DTXSID3034612,2108,0.0,0.0
DTXSID3034614,2108,0.0,0.0
DTXSID3034618,2108,,
DTXSID3034662,2108,0.8205728250399918,0.0
DTXSID3034664,2108,0.0,0.0
DTXSID3034872,2108,0.0,0.0
DTXSID3034903,2108,0.0,0.0
DTXSID3034957,2108,1.128009274542594e-06,0.0
DTXSID3035214,2108,0.0,0.0
DTXSID3035266,2108,0.0,0.0
DTXSID3035341,2108,0.0,0.0
DTXSID3036105,2108,0.0,0.0
DTXSID3036286,2108,0.0043377034813337385,0.0
DTXSID3036288,2108,0.0,0.0
DTXSID3036496,2108,0.993299240224534,1.0
DTXSID3036525,2108,0.9242223048968343,1.0
DTXSID3037094,2108,0.9999366947203503,1.0
DTXSID3037208,2108,7.607628531675198e-05,0.0
DTXSID3037250,2108,0.0029915854009635837,0.0
DTXSID3037541,2108,0.9597528712499719,1.0
DTXSID3037545,2108,0.0,0.0
DTXSID3037626,2108,0.0,0.0
DTXSID3037707,2108,0.0,0.0
DTXSID3037709,2108,0.0,0.0
DTXSID3037757,2108,0.0,0.0
DTXSID3038694,2108,0.0001535085228965505,0.0
DTXSID3038696,2108,0.0,0.0
DTXSID3038725,2108,0.0,0.0
DTXSID3038771,2108,0.0,0.0
DTXSID3038800,2108,0.16834739496398157,0.0
DTXSID3038808,2108,0.9999656702678197,1.0
DTXSID3038852,2108,0.0,0.0
DTXSID3038939,2108,0.0,0.0
DTXSID3039240,2108,0.5531343377641865,0.0
DTXSID3039242,2108,0.0,0.0
DTXSID3040271,2108,0.0,0.0
DTXSID3040279,2108,6.630751022902331e-07,0.0
DTXSID3040300,2108,0.0,0.0
DTXSID3040352,2108,0.9999999999985918,1.0
DTXSID3040643,2108,0.0,0.0
DTXSID3040647,2108,0.00029200886464163966,0.0
DTXSID3040691,2108,0.0003835903730243044,0.0
DTXSID3040693,2108,0.0,0.0
DTXSID3040697,2108,0.0,0.0
DTXSID3040699,2108,3.566864248657659e-14,0.0
DTXSID3040720,2108,0.9930170570325964,1.0
DTXSID3040722,2108,0.0,0.0
DTXSID3040724,2108,1.434403887781159e-06,0.0
DTXSID3040726,2108,0.004273212724197262,0.0
DTXSID3040728,2108,,
DTXSID3040770,2108,0.48319108170220415,0.0
DTXSID3040774,2108,0.0,0.0
DTXSID3040776,2108,0.8407682062409444,0.0
DTXSID3040801,2108,0.6861674084123489,0.0
DTXSID3040980,2108,0.9992385767033678,1.0
DTXSID3041085,2108,4.593025245506889e-14,0.0
DTXSID3041247,2108,5.536886590919685e-06,0.0
DTXSID3041293,2108,0.0,0.0
DTXSID3041299,2108,0.0,0.0
DTXSID3041328,2108,0.0,0.0
DTXSID3041370,2108,,
DTXSID3041372,2108,7.49329064705277e-09,0.0
DTXSID3041376,2108,0.0,0.0
DTXSID3041403,2108,4.7847724246596056e-14,0.0
DTXSID3041405,2108,3.214827679075268e-17,0.0
DTXSID3041409,2108,0.9979829777858871,1.0
DTXSID3041451,2108,0.0,0.0
DTXSID3041530,2108,0.0,0.0
DTXSID3041580,2108,0.0,0.0
DTXSID3041611,2108,0.0,0.0
DTXSID3041613,2108,2.7527144715322885e-07,0.0
DTXSID3041615,2108,0.016739569650151612,0.0
DTXSID3041617,2108,0.9999800826019847,1.0
DTXSID3041619,2108,0.7095030657224365,0.0
DTXSID3041661,2108,3.654370180987775e-07,0.0
DTXSID3041663,2108,0.0,0.0
DTXSID3041665,2108,0.9999941960455244,1.0
DTXSID3041744,2108,0.14766949065339713,0.0
DTXSID3041790,2108,0.0,0.0
DTXSID3041794,2108,6.33877524703989e-10,0.0
DTXSID3041827,2108,0.0001375543765861917,0.0
DTXSID3041873,2108,0.0721110819365224,0.0
DTXSID3041877,2108,0.0,0.0
DTXSID3041954,2108,,
DTXSID3042007,2108,0.09521910193024379,0.0
DTXSID3042051,2108,1.2889728300818126e-05,0.0
DTXSID3042053,2108,0.03319033802899388,0.0
DTXSID3042059,2108,0.0,0.0
DTXSID3042130,2108,0.9999999999997982,1.0
DTXSID3042180,2108,5.634113107847731e-07,0.0
DTXSID3042188,2108,0.0,0.0
DTXSID3042215,2108,1.9555749545827286e-13,0.0
DTXSID3042219,2108,0.0,0.0
DTXSID3042261,2108,0.981155465242122,1.0
DTXSID3042263,2108,0.0,0.0
DTXSID3042269,2108,0.0,0.0
DTXSID3042390,2108,0.9999999999999996,1.0
DTXSID3042394,2108,0.0,0.0
DTXSID3042423,2108,4.784105329382789e-11,0.0
DTXSID3042477,2108,0.7794056438004747,0.0
DTXSID3042500,2108,1.0,1.0
DTXSID3042633,2108,0.9999974568793236,1.0
DTXSID3043782,2108,5.309258648376269e-05,0.0
DTXSID3044124,2108,0.999955126114546,1.0
DTXSID3044128,2108,0.9999834188273288,1.0
DTXSID3044201,2108,0.6304291831757789,0.0
DTXSID3044203,2108,0.06935492746315879,0.0
DTXSID3044205,2108,0.4959405101237291,0.0
DTXSID3044251,2108,0.9550144625842919,1.0
DTXSID3044332,2108,0.0,0.0
DTXSID3044334,2108,0.0,0.0
DTXSID3044338,2108,0.9980496477949684,1.0
DTXSID3044380,2108,0.0,0.0
DTXSID3044382,2108,0.0,0.0
DTXSID3044384,2108,0.99266689919217,1.0
DTXSID3044388,2108,0.0,0.0
DTXSID3044411,2108,7.179533144373049e-13,0.0
DTXSID3044413,2108,0.34370851461282415,0.0
DTXSID3044415,2108,0.9999999999998987,1.0
DTXSID3044461,2108,0.0,0.0
DTXSID3044463,2108,,
DTXSID3044465,2108,0.0,0.0
DTXSID3044469,2108,0.0,0.0
DTXSID3044542,2108,6.177849551667795e-09,0.0
DTXSID3044544,2108,0.9933197456658869,1.0
DTXSID3044590,2108,0.0,0.0
DTXSID3044598,2108,0.0,0.0
DTXSID3044621,2108,1.6431913547687597e-05,0.0
DTXSID3044623,2108,0.9998818438887462,1.0
DTXSID3044625,2108,0.0,0.0
DTXSID3044627,2108,0.0,0.0
DTXSID3044629,2108,0.0,0.0
DTXSID3044679,2108,1.0749394188977621e-12,0.0
DTXSID3044700,2108,0.0,0.0
DTXSID3044702,2108,0.0,0.0
DTXSID3044704,2108,0.9755669223686672,1.0
DTXSID3044706,2108,0.0,0.0
DTXSID3044750,2108,0.0,0.0
DTXSID3044752,2108,4.52085716834637e-05,0.0
DTXSID3044754,2108,0.0,0.0
DTXSID3044756,2108,1.9595025212977894e-16,0.0
DTXSID3044758,2108,0.028956992644587953,0.0
DTXSID3044831,2108,0.0,0.0
DTXSID3044833,2108,0.0,0.0
DTXSID3044835,2108,5.629998879435195e-06,0.0
DTXSID3044837,2108,0.0,0.0
DTXSID3044839,2108,0.0,0.0
DTXSID3044881,2108,0.3482353237940663,0.0
DTXSID3044883,2108,0.0,0.0
DTXSID3044887,2108,0.0,0.0
DTXSID3044889,2108,0.9996277537687692,1.0
DTXSID3044910,2108,0.9999702768257333,1.0
DTXSID3044914,2108,0.5828982310982065,0.0
DTXSID3044916,2108,0.0,0.0
DTXSID3044918,2108,0.0,0.0
DTXSID3044960,2108,2.046874288875887e-05,0.0
DTXSID3044962,2108,1.681037537749004e-10,0.0
DTXSID3044966,2108,0.9999320145333364,1.0
DTXSID3045140,2108,0.7204912041465832,0.0
DTXSID3045190,2108,0.10657645791748757,0.0
DTXSID3045192,2108,0.0,0.0
DTXSID3045194,2108,,
DTXSID3045196,2108,,
DTXSID3045198,2108,0.00025717242087495827,0.0
DTXSID3045221,2108,3.5507195749448394e-17,0.0
DTXSID3045223,2108,1.8762996244436265e-11,0.0
DTXSID3045227,2108,0.9944791318230128,1.0
DTXSID3045229,2108,,
DTXSID3045271,2108,0.8822577352075737,0.0
DTXSID3045300,2108,4.323201064355265e-06,0.0
DTXSID3045304,2108,9.961741322096076e-08,0.0
DTXSID3045306,2108,0.0,0.0
DTXSID3045433,2108,0.0,0.0
DTXSID3045435,2108,0.0,0.0
DTXSID3045437,2108,0.0,0.0
DTXSID3045485,2108,0.0,0.0
DTXSID3045514,2108,0.0019043868058175226,0.0
DTXSID3045560,2108,0.9826189503095021,1.0
DTXSID3045562,2108,1.1278741667595803e-06,0.0
DTXSID3045645,2108,1.0,1.0
DTXSID3045647,2108,1.3454336146554193e-12,0.0
DTXSID3045649,2108,0.7736505154220118,0.0
DTXSID3045695,2108,0.0,0.0
DTXSID3045697,2108,,
DTXSID3045770,2108,0.0,0.0
DTXSID3045776,2108,0.0,0.0
DTXSID3045778,2108,3.866112908774378e-05,0.0
DTXSID3045805,2108,,
DTXSID3045807,2108,0.005586452796854276,0.0
DTXSID3045851,2108,0.0,0.0
DTXSID3045857,2108,0.0,0.0
DTXSID3045859,2108,0.9778048604741881,1.0
DTXSID3045930,2108,0.6519738907251341,0.0
DTXSID3045934,2108,,
DTXSID3046081,2108,0.0,0.0
DTXSID3046083,2108,0.999705752371226,1.0
DTXSID3046110,2108,2.0194055730112278e-11,0.0
DTXSID3046114,2108,0.9999645400059021,1.0
DTXSID3046162,2108,,
DTXSID3046295,2108,0.9985741960199769,1.0
DTXSID3046297,2108,0.0,0.0
DTXSID3046299,2108,,
DTXSID3046320,2108,0.0,0.0
DTXSID3046324,2108,2.8371259789075016e-12,0.0
DTXSID3046326,2108,1.9003971815629385e-14,0.0
DTXSID3046401,2108,0.9999999999997568,1.0
DTXSID3046403,2108,0.0,0.0
DTXSID3046405,2108,0.2388868188149428,0.0
DTXSID3046409,2108,0.0,0.0
DTXSID3046451,2108,0.0,0.0
DTXSID3046453,2108,0.000265976021136104,0.0
DTXSID3046457,2108,0.0,0.0
DTXSID3046459,2108,0.0,0.0
DTXSID3046534,2108,0.0,0.0
DTXSID3046536,2108,,
DTXSID3046580,2108,,
DTXSID3046584,2108,0.0,0.0
DTXSID3046619,2108,0.9874127951172618,1.0
DTXSID3046663,2108,0.9323078535592663,1.0
DTXSID3046665,2108,0.9779320009549113,1.0
DTXSID3046740,2108,,
DTXSID3046742,2108,0.0,0.0
DTXSID3046744,2108,0.9769487207386646,1.0
DTXSID3046748,2108,8.052308676941273e-13,0.0
DTXSID3046792,2108,0.9985520798317575,1.0
DTXSID3046798,2108,0.0,0.0
DTXSID3046821,2108,,
DTXSID3046823,2108,4.873889971523232e-06,0.0
DTXSID3046908,2108,,
DTXSID3047001,2108,,
DTXSID3047003,2108,0.0,0.0
DTXSID3047051,2108,0.0,0.0
DTXSID3047053,2108,4.4488052062692813e-07,0.0
DTXSID3047055,2108,0.009425231459287566,0.0
DTXSID3047057,2108,0.0,0.0
DTXSID3047059,2108,0.0,0.0
DTXSID3047130,2108,0.0,0.0
DTXSID3047132,2108,0.0,0.0
DTXSID3047134,2108,0.0,0.0
DTXSID3047136,2108,0.0,0.0
DTXSID3047138,2108,0.0,0.0
DTXSID3047180,2108,0.6104993602105023,0.0
DTXSID3047182,2108,0.0,0.0
DTXSID3047184,2108,0.0,0.0
DTXSID3047186,2108,0.0,0.0
DTXSID3047188,2108,0.0,0.0
DTXSID3047261,2108,0.9597355326914813,1.0
DTXSID3047263,2108,0.999999999991654,1.0
DTXSID3047265,2108,0.0,0.0
DTXSID3047267,2108,4.811632451955746e-19,0.0
DTXSID3047342,2108,0.9997786430828518,1.0
DTXSID3047344,2108,1.2024166214719762e-05,0.0
DTXSID3047346,2108,3.777101344766713e-12,0.0
DTXSID3047348,2108,0.9854610990819328,1.0
DTXSID3047394,2108,0.0,0.0
DTXSID3047423,2108,0.0,0.0
DTXSID3047425,2108,0.0,0.0
DTXSID3047427,2108,8.083983119222457e-08,0.0
DTXSID3047429,2108,0.0,0.0
DTXSID3047471,2108,0.0,0.0
DTXSID3047473,2108,0.0,0.0
DTXSID3047477,2108,0.9998846365249076,1.0
DTXSID3047504,2108,0.0,0.0
DTXSID3047508,2108,0.0,0.0
DTXSID3047552,2108,,
DTXSID3047554,2108,0.0,0.0
DTXSID3047556,2108,0.0,0.0
DTXSID3047558,2108,0.0,0.0
DTXSID3047631,2108,0.006782482817927985,0.0
DTXSID3047633,2108,0.0,0.0
DTXSID3047637,2108,0.0,0.0
DTXSID3047639,2108,0.0,0.0
DTXSID3047681,2108,0.0,0.0
DTXSID3047683,2108,0.0008219689045511977,0.0
DTXSID3047687,2108,0.9880245386742479,1.0
DTXSID3047712,2108,0.0,0.0
DTXSID3047716,2108,0.0,0.0
DTXSID3047760,2108,0.006371552969536328,0.0
DTXSID3047843,2108,4.3038798821172675e-06,0.0
DTXSID3047849,2108,1.7345475956633002e-16,0.0
DTXSID3047891,2108,0.9847942609047581,1.0
DTXSID3047893,2108,0.9990742165274413,1.0
DTXSID3047895,2108,0.9992000621146626,1.0
DTXSID3047897,2108,0.0,0.0
DTXSID3047899,2108,1.080941766547062e-09,0.0
DTXSID3047920,2108,0.0004965734024366851,0.0
DTXSID3047922,2108,1.385382640674721e-12,0.0
DTXSID3047924,2108,0.0,0.0
DTXSID3047926,2108,0.9999999999995981,1.0
DTXSID3047928,2108,0.0,0.0
DTXSID3047970,2108,0.0,0.0
DTXSID3047972,2108,0.0,0.0
DTXSID3047974,2108,0.9999998523093749,1.0
DTXSID3048520,2108,7.017268124310401e-08,0.0
DTXSID3048522,2108,0.9937391460304612,1.0
DTXSID3048574,2108,0.0,0.0
DTXSID3048576,2108,0.0,0.0
DTXSID3048603,2108,0.0,0.0
DTXSID3048605,2108,0.0,0.0
DTXSID3048607,2108,0.9980938886849626,1.0
DTXSID3048653,2108,0.9999999215062417,1.0
DTXSID3048655,2108,0.0,0.0
DTXSID3048657,2108,0.9988946532863504,1.0
DTXSID3048659,2108,3.4263799218957976e-13,0.0
DTXSID3048732,2108,6.478860807748158e-11,0.0
DTXSID3048780,2108,0.0003550431746741361,0.0
DTXSID3048782,2108,0.0,0.0
DTXSID3048786,2108,0.018791605557795812,0.0
DTXSID3048788,2108,,
DTXSID3048811,2108,0.723947167251918,0.0
DTXSID3048815,2108,8.766050732789417e-18,0.0
DTXSID3048817,2108,0.0,0.0
DTXSID3048819,2108,0.0,0.0
DTXSID3048861,2108,,
DTXSID3048863,2108,0.9993863235506197,1.0
DTXSID3048869,2108,0.9924372810646417,1.0
DTXSID3048944,2108,0.0,0.0
DTXSID3048948,2108,0.9999999999998738,1.0
DTXSID3048992,2108,,
DTXSID3048998,2108,0.0,0.0
DTXSID3049041,2108,0.9971980385544411,1.0
DTXSID3049045,2108,0.0,0.0
DTXSID3049047,2108,0.9998194707757007,1.0
DTXSID3049049,2108,0.6994919696049441,0.0
DTXSID3049201,2108,0.0,0.0
DTXSID3049203,2108,0.0012762163925177103,0.0
DTXSID3049205,2108,0.9996250571517412,1.0
DTXSID3049207,2108,0.0,0.0
DTXSID3049209,2108,,
DTXSID3049251,2108,8.076651850598537e-05,0.0
DTXSID3049253,2108,0.9999999999998775,1.0
DTXSID3049255,2108,0.0,0.0
DTXSID3049257,2108,1.7839521737190258e-13,0.0
DTXSID3049259,2108,3.936361020775081e-12,0.0
DTXSID3049330,2108,0.0,0.0
DTXSID3049332,2108,0.000973107522732972,0.0
DTXSID3049334,2108,0.9935303701185975,1.0
DTXSID3049336,2108,0.0,0.0
DTXSID3049338,2108,0.0,0.0
DTXSID3049380,2108,0.0,0.0
DTXSID3049382,2108,1.4649331680040345e-15,0.0
DTXSID3049384,2108,1.3448957104895724e-16,0.0
DTXSID3049386,2108,0.0,0.0
DTXSID3049388,2108,1.2860140092414307e-14,0.0
DTXSID3049411,2108,0.0,0.0
DTXSID3049413,2108,0.0,0.0
DTXSID3049415,2108,0.9924756699191761,1.0
DTXSID3049417,2108,0.9999999996603767,1.0
DTXSID3049419,2108,0.9924238384882711,1.0
DTXSID3049461,2108,6.845123181751528e-15,0.0
DTXSID3049463,2108,0.0,0.0
DTXSID3049465,2108,0.0,0.0
DTXSID3049467,2108,0.0,0.0
DTXSID3049469,2108,0.0,0.0
DTXSID3049540,2108,6.551346414076703e-05,0.0
DTXSID3049542,2108,2.1116912485613922e-07,0.0
DTXSID3049544,2108,0.514010561875418,0.0
DTXSID3049546,2108,0.0,0.0
DTXSID3049548,2108,0.005233224726971803,0.0
DTXSID3051381,2108,0.0,0.0
DTXSID3051707,2108,0.0,0.0
DTXSID3051834,2108,0.9904744155984331,1.0
DTXSID3051836,2108,0.0,0.0
DTXSID3052010,2108,0.0,0.0
DTXSID3052060,2108,0.9999888102925323,1.0
DTXSID3052228,2108,0.0,0.0
DTXSID3052278,2108,0.0,0.0
DTXSID3052301,2108,0.0,0.0
DTXSID3052307,2108,0.0,0.0
DTXSID3052309,2108,0.0,0.0
DTXSID3052511,2108,3.102743658290034e-06,0.0
DTXSID3052567,2108,0.0,0.0
DTXSID3052648,2108,0.0,0.0
DTXSID3057640,2108,0.0,0.0
DTXSID3057642,2108,0.0,0.0
DTXSID3057644,2108,0.012828715463936876,0.0
DTXSID3057646,2108,0.0,0.0
DTXSID3057648,2108,9.376496728062196e-12,0.0
DTXSID3057690,2108,0.001067769125373055,0.0
DTXSID3057692,2108,0.0,0.0
DTXSID3057694,2108,0.109679223822739,0.0
DTXSID3057696,2108,1.1283035082748412e-15,0.0
DTXSID3057698,2108,,
DTXSID3057721,2108,0.0,0.0
DTXSID3057723,2108,0.00022923494165091722,0.0
DTXSID3057725,2108,0.0,0.0
DTXSID3057727,2108,0.0,0.0
DTXSID3057729,2108,0.0,0.0
DTXSID3057771,2108,0.0,0.0
DTXSID3057773,2108,3.420781501930457e-09,0.0
DTXSID3057775,2108,0.0,0.0
DTXSID3057777,2108,,
DTXSID3057779,2108,0.0,0.0
DTXSID3057800,2108,0.0,0.0
DTXSID3057802,2108,,
DTXSID3057804,2108,0.0,0.0
DTXSID3057806,2108,0.0,0.0
DTXSID3057808,2108,0.0,0.0
DTXSID3057850,2108,0.0,0.0
DTXSID3057852,2108,8.895532128275406e-12,0.0
DTXSID3057854,2108,0.0,0.0
DTXSID3057856,2108,0.0,0.0
DTXSID3057858,2108,0.0,0.0
DTXSID4020032,2108,0.0,0.0
DTXSID4020086,2108,0.0,0.0
DTXSID4020088,2108,0.0,0.0
DTXSID4020113,2108,0.0012700947300194334,0.0
DTXSID4020117,2108,0.0,0.0
DTXSID4020119,2108,0.946727805705543,1.0
DTXSID4020161,2108,0.00036779070744953244,0.0
DTXSID4020167,2108,0.0,0.0
DTXSID4020240,2108,0.0,0.0
DTXSID4020242,2108,0.9999999999950705,1.0
DTXSID4020244,2108,0.009083589339714612,0.0
DTXSID4020246,2108,0.0,0.0
DTXSID4020248,2108,0.0,0.0
DTXSID4020290,2108,0.0,0.0
DTXSID4020292,2108,0.0,0.0
DTXSID4020294,2108,0.9999817995727561,1.0
DTXSID4020296,2108,1.4331493521756426e-12,0.0
DTXSID4020298,2108,,
DTXSID4020321,2108,0.9999801206144334,1.0
DTXSID4020325,2108,0.0,0.0
DTXSID4020327,2108,1.4801277057175432e-12,0.0
DTXSID4020329,2108,0.0,0.0
DTXSID4020371,2108,3.5821679797977e-09,0.0
DTXSID4020373,2108,0.9574714787975818,1.0
DTXSID4020375,2108,0.04925906844614918,0.0
DTXSID4020379,2108,0.9999818960770257,1.0
DTXSID4020400,2108,0.0,0.0
DTXSID4020402,2108,0.0,0.0
DTXSID4020406,2108,0.9687566642163025,1.0
DTXSID4020450,2108,8.493734459241407e-10,0.0
DTXSID4020452,2108,0.0,0.0
DTXSID4020458,2108,2.1870712115539446e-07,0.0
DTXSID4020533,2108,0.0,0.0
DTXSID4020535,2108,0.8843388209830543,0.0
DTXSID4020537,2108,0.7385853151620068,0.0
DTXSID4020539,2108,0.0,0.0
DTXSID4020581,2108,0.9999951787235963,1.0
DTXSID4020583,2108,0.0,0.0
DTXSID4020587,2108,0.0,0.0
DTXSID4020589,2108,8.730878648749203e-05,0.0
DTXSID4020612,2108,0.0,0.0
DTXSID4020614,2108,0.990356104985049,1.0
DTXSID4020616,2108,0.0,0.0
DTXSID4020618,2108,0.0,0.0
DTXSID4020664,2108,0.0,0.0
DTXSID4020666,2108,0.0,0.0
DTXSID4020668,2108,0.0,0.0
DTXSID4020743,2108,0.9967610644750222,1.0
DTXSID4020745,2108,0.0,0.0
DTXSID4020749,2108,2.3340605402979097e-07,0.0
DTXSID4020791,2108,7.468169715827696e-09,0.0
DTXSID4020820,2108,3.842781528940202e-06,0.0
DTXSID4020822,2108,0.0,0.0
DTXSID4020826,2108,0.9999987972538517,1.0
DTXSID4020828,2108,0.8195767871562571,0.0
DTXSID4020870,2108,0.9918145628499491,1.0
DTXSID4020876,2108,0.999997919761972,1.0
DTXSID4020878,2108,0.0,0.0
DTXSID4020901,2108,0.0,0.0
DTXSID4020957,2108,0.937697582790004,1.0
DTXSID4020959,2108,1.5875298842074774e-09,0.0
DTXSID4021002,2108,4.6518952009697556e-11,0.0
DTXSID4021006,2108,0.0,0.0
DTXSID4021056,2108,0.0,0.0
DTXSID4021131,2108,0.8465423983070783,0.0
DTXSID4021135,2108,0.001369503564310993,0.0
DTXSID4021137,2108,0.0,0.0
DTXSID4021139,2108,0.0,0.0
DTXSID4021181,2108,0.6496313197040067,0.0
DTXSID4021185,2108,0.00015576991394396447,0.0
DTXSID4021189,2108,0.0,0.0
DTXSID4021212,2108,,
DTXSID4021214,2108,0.0,0.0
DTXSID4021216,2108,0.06738137922632459,0.0
DTXSID4021218,2108,0.051903484803171994,0.0
DTXSID4021264,2108,3.070572766477726e-05,0.0
DTXSID4021268,2108,0.7462157173740701,0.0
DTXSID4021341,2108,0.9999999901442046,1.0
DTXSID4021343,2108,3.078865114821414e-11,0.0
DTXSID4021347,2108,0.0,0.0
DTXSID4021391,2108,0.7537654088775005,0.0
DTXSID4021393,2108,0.0,0.0
DTXSID4021395,2108,9.979723607804143e-13,0.0
DTXSID4021397,2108,,
DTXSID4021424,2108,0.0,0.0
DTXSID4021426,2108,0.0,0.0
DTXSID4021472,2108,0.0,0.0
DTXSID4021478,2108,0.993009344531393,1.0
DTXSID4021503,2108,0.0,0.0
DTXSID4021553,2108,0.0,0.0
DTXSID4021557,2108,0.0,0.0
DTXSID4021559,2108,0.9999999899861944,1.0
DTXSID4021632,2108,,
DTXSID4021634,2108,,
DTXSID4021636,2108,0.0,0.0
DTXSID4021638,2108,0.0,0.0
DTXSID4021680,2108,0.9999999987892784,1.0
DTXSID4021684,2108,0.9787640369234991,1.0
DTXSID4021688,2108,9.938218181474717e-16,0.0
DTXSID4021715,2108,0.9999894287522089,1.0
DTXSID4021717,2108,1.318646595718051e-05,0.0
DTXSID4021761,2108,0.0,0.0
DTXSID4021767,2108,0.0,0.0
DTXSID4021769,2108,2.336449273774503e-06,0.0
DTXSID4021842,2108,0.9998925658996706,1.0
DTXSID4021848,2108,0.0,0.0
DTXSID4021890,2108,0.0,0.0
DTXSID4021892,2108,0.0,0.0
DTXSID4021894,2108,0.0,0.0
DTXSID4021921,2108,1.3609679825166946e-07,0.0
DTXSID4021923,2108,0.0,0.0
DTXSID4021925,2108,0.0,0.0
DTXSID4021929,2108,0.0,0.0
DTXSID4021971,2108,0.0,0.0
DTXSID4021973,2108,7.111061188076159e-09,0.0
DTXSID4021975,2108,2.3637568817445666e-07,0.0
DTXSID4021977,2108,2.4753049986396504e-06,0.0
DTXSID4021979,2108,0.0,0.0
DTXSID4022020,2108,2.0570298227718795e-06,0.0
DTXSID4022070,2108,0.0,0.0
DTXSID4022107,2108,0.0,0.0
DTXSID4022109,2108,0.0,0.0
DTXSID4022153,2108,0.9999999916565295,1.0
DTXSID4022159,2108,0.9998331923802007,1.0
DTXSID4022284,2108,,
DTXSID4022288,2108,0.017802771658731002,0.0
DTXSID4022311,2108,,
DTXSID4022313,2108,0.0,0.0
DTXSID4022315,2108,0.9886110760868364,1.0
DTXSID4022361,2108,0.9999495557368439,1.0
DTXSID4022367,2108,0.9999999338505009,1.0
DTXSID4022369,2108,0.19638135424777076,0.0
DTXSID4022442,2108,0.9858571683603544,1.0
DTXSID4022446,2108,0.9973985815653753,1.0
DTXSID4022448,2108,0.6070017264268027,0.0
DTXSID4022521,2108,0.0,0.0
DTXSID4022523,2108,0.9680880354206515,1.0
DTXSID4022525,2108,0.9999644403622024,1.0
DTXSID4022527,2108,0.0,0.0
DTXSID4022529,2108,0.0,0.0
DTXSID4022573,2108,1.3170150700502093e-09,0.0
DTXSID4022579,2108,0.005053245191675283,0.0
DTXSID4022602,2108,0.5156218052952187,0.0
DTXSID4022652,2108,0.8096358724648551,0.0
DTXSID4022658,2108,0.0,0.0
DTXSID4022731,2108,0.0,0.0
DTXSID4022783,2108,0.0,0.0
DTXSID4022785,2108,0.0,0.0
DTXSID4022810,2108,0.9862929817639616,1.0
DTXSID4022812,2108,0.0,0.0
DTXSID4022816,2108,0.9060947900575894,1.0
DTXSID4022866,2108,0.989490414625899,1.0
DTXSID4022868,2108,0.0,0.0
DTXSID4022947,2108,1.0,1.0
DTXSID4022949,2108,8.608080524905399e-07,0.0
DTXSID4022991,2108,0.347345205201684,0.0
DTXSID4022999,2108,0.9070051028700434,1.0
DTXSID4023042,2108,0.0,0.0
DTXSID4023094,2108,0.9806828836052393,1.0
DTXSID4023096,2108,7.554849943471404e-13,0.0
DTXSID4023125,2108,2.9264710612532966e-08,0.0
DTXSID4023175,2108,0.0008544269395438163,0.0
DTXSID4023177,2108,0.0005604585165473568,0.0
DTXSID4023179,2108,0.8533191360510293,0.0
DTXSID4023200,2108,5.822834142179805e-08,0.0
DTXSID4023202,2108,0.0,0.0
DTXSID4023252,2108,0.0,0.0
DTXSID4023254,2108,0.0,0.0
DTXSID4023333,2108,0.029653217221090128,0.0
DTXSID4023385,2108,0.6588073309442776,0.0
DTXSID4023387,2108,,
DTXSID4023412,2108,0.0,0.0
DTXSID4023414,2108,0.0,0.0
DTXSID4023416,2108,2.327777575282287e-05,0.0
DTXSID4023460,2108,0.0,0.0
DTXSID4023462,2108,0.32004586840680205,0.0
DTXSID4023541,2108,0.0,0.0
DTXSID4023549,2108,0.9462500803399981,1.0
DTXSID4023591,2108,0.0,0.0
DTXSID4023595,2108,0.025875402122307867,0.0
DTXSID4023620,2108,6.799961915759572e-08,0.0
DTXSID4023622,2108,0.0,0.0
DTXSID4023624,2108,0.021335080776623785,0.0
DTXSID4023626,2108,4.3006759124956045e-10,0.0
DTXSID4023628,2108,0.0,0.0
DTXSID4023672,2108,0.0,0.0
DTXSID4023674,2108,0.0,0.0
DTXSID4023676,2108,0.0,0.0
DTXSID4023678,2108,0.29082025158472546,0.0
DTXSID4023753,2108,0.994114610293857,1.0
DTXSID4023917,2108,0.0,0.0
DTXSID4024012,2108,0.9803072085768445,1.0
DTXSID4024014,2108,0.0,0.0
DTXSID4024018,2108,0.0,0.0
DTXSID4024062,2108,0.6298664696935791,0.0
DTXSID4024064,2108,0.9999960856709645,1.0
DTXSID4024066,2108,0.9997975185782932,1.0
DTXSID4024143,2108,0.0,0.0
DTXSID4024145,2108,4.747700503468973e-08,0.0
DTXSID4024193,2108,0.0,0.0
DTXSID4024195,2108,0.0,0.0
DTXSID4024222,2108,0.0,0.0
DTXSID4024270,2108,0.9937463524406519,1.0
DTXSID4024272,2108,0.8116131945642912,0.0
DTXSID4024274,2108,0.9999999999761,1.0
DTXSID4024276,2108,0.9999999861252831,1.0
DTXSID4024303,2108,,
DTXSID4024359,2108,0.9876194111508065,1.0
DTXSID4024436,2108,4.442773187753555e-12,0.0
DTXSID4024484,2108,0.42797546062624886,0.0
DTXSID4024488,2108,0.9999878366144308,1.0
DTXSID4024515,2108,0.0,0.0
DTXSID4024640,2108,0.0,0.0
DTXSID4024642,2108,0.0,0.0
DTXSID4024644,2108,0.0,0.0
DTXSID4024646,2108,0.9642729270657363,1.0
DTXSID4024690,2108,0.0,0.0
DTXSID4024692,2108,0.0,0.0
DTXSID4024696,2108,0.0,0.0
DTXSID4024721,2108,0.0,0.0
DTXSID4024729,2108,0.016929312652852635,0.0
DTXSID4024771,2108,,
DTXSID4024773,2108,0.0,0.0
DTXSID4024775,2108,0.0,0.0
DTXSID4024800,2108,2.0017703482449667e-09,0.0
DTXSID4024858,2108,0.0,0.0
DTXSID4024931,2108,2.4534146123222468e-18,0.0
DTXSID4024937,2108,0.0,0.0
DTXSID4024981,2108,0.0,0.0
DTXSID4024983,2108,0.9765109480086254,1.0
DTXSID4024985,2108,0.0,0.0
DTXSID4025080,2108,0.0,0.0
DTXSID4025082,2108,9.750678730279453e-17,0.0
DTXSID4025086,2108,0.0,0.0
DTXSID4025111,2108,0.0,0.0
DTXSID4025113,2108,0.0,0.0
DTXSID4025117,2108,0.981174701474799,1.0
DTXSID4025165,2108,0.0,0.0
DTXSID4025167,2108,0.0,0.0
DTXSID4025240,2108,0.0,0.0
DTXSID4025242,2108,0.0,0.0
DTXSID4025292,2108,0.0,0.0
DTXSID4025296,2108,0.0,0.0
DTXSID4025298,2108,0.0,0.0
DTXSID4025329,2108,0.0,0.0
DTXSID4025371,2108,0.0,0.0
DTXSID4025402,2108,0.0,0.0
DTXSID4025404,2108,0.0,0.0
DTXSID4025406,2108,0.9439436066760506,1.0
DTXSID4025454,2108,0.0,0.0
DTXSID4025581,2108,,
DTXSID4025587,2108,0.0,0.0
DTXSID4025610,2108,0.0,0.0
DTXSID4025612,2108,0.0,0.0
DTXSID4025662,2108,0.0,0.0
DTXSID4025668,2108,0.9999538637492522,1.0
DTXSID4025741,2108,2.7337456259451427e-16,0.0
DTXSID4025743,2108,1.7074113006903872e-06,0.0
DTXSID4025745,2108,3.43629805291895e-06,0.0
DTXSID4025749,2108,2.9215067840745467e-08,0.0
DTXSID4025791,2108,0.0,0.0
DTXSID4025793,2108,0.0,0.0
DTXSID4025824,2108,0.0,0.0
DTXSID4025903,2108,0.0,0.0
DTXSID4026000,2108,1.354369012330828e-08,0.0
DTXSID4026050,2108,,
DTXSID4026054,2108,0.0,0.0
DTXSID4026137,2108,0.9999380186816033,1.0
DTXSID4026139,2108,1.855572764902329e-05,0.0
DTXSID4026181,2108,0.9999995945483793,1.0
DTXSID4026183,2108,0.0,0.0
DTXSID4026212,2108,0.9974196228851441,1.0
DTXSID4026214,2108,0.9935073610741353,1.0
DTXSID4026216,2108,1.0445863975870378e-13,0.0
DTXSID4026262,2108,0.9999999999664019,1.0
DTXSID4026266,2108,0.999150725957659,1.0
DTXSID4026422,2108,0.0,0.0
DTXSID4026472,2108,0.0,0.0
DTXSID4026501,2108,0.0,0.0
DTXSID4026505,2108,6.335954121097458e-12,0.0
DTXSID4026557,2108,0.0,0.0
DTXSID4026684,2108,0.0,0.0
DTXSID4026711,2108,0.0,0.0
DTXSID4026713,2108,0.0,0.0
DTXSID4026715,2108,0.0,0.0
DTXSID4026765,2108,0.0,0.0
DTXSID4026769,2108,0.0,0.0
DTXSID4026842,2108,0.0,0.0
DTXSID4026894,2108,0.0,0.0
DTXSID4026921,2108,0.0,0.0
DTXSID4026927,2108,0.0,0.0
DTXSID4026975,2108,0.0,0.0
DTXSID4026979,2108,2.3538539115403112e-07,0.0
DTXSID4027026,2108,,
DTXSID4027072,2108,0.0,0.0
DTXSID4027076,2108,0.0,0.0
DTXSID4027103,2108,0.0,0.0
DTXSID4027109,2108,0.8727488686993228,0.0
DTXSID4027153,2108,0.0,0.0
DTXSID4027159,2108,0.0,0.0
DTXSID4027234,2108,0.0,0.0
DTXSID4027236,2108,1.5831586648291822e-05,0.0
DTXSID4027280,2108,0.0,0.0
DTXSID4027282,2108,0.0,0.0
DTXSID4027284,2108,2.1061603999740924e-18,0.0
DTXSID4027288,2108,0.9361202043542558,1.0
DTXSID4027319,2108,0.0,0.0
DTXSID4027361,2108,0.0,0.0
DTXSID4027367,2108,0.0,0.0
DTXSID4027490,2108,0.0,0.0
DTXSID4027494,2108,0.7960407533945186,0.0
DTXSID4027496,2108,0.0,0.0
DTXSID4027498,2108,0.02579923915632475,0.0
DTXSID4027521,2108,0.0,0.0
DTXSID4027525,2108,0.0,0.0
DTXSID4027527,2108,0.9885048685017505,1.0
DTXSID4027529,2108,0.0,0.0
DTXSID4027577,2108,0.0,0.0
DTXSID4027579,2108,0.9366521872541296,1.0
DTXSID4027600,2108,3.11558891758455e-14,0.0
DTXSID4027604,2108,0.0,0.0
DTXSID4027608,2108,0.999916131080146,1.0
DTXSID4027650,2108,0.0,0.0
DTXSID4027652,2108,0.0,0.0
DTXSID4027656,2108,3.6549440178304627e-14,0.0
DTXSID4027658,2108,0.0,0.0
DTXSID4027781,2108,0.0,0.0
DTXSID4027789,2108,0.0,0.0
DTXSID4027866,2108,0.0,0.0
DTXSID4027868,2108,6.291802466539181e-05,0.0
DTXSID4027991,2108,0.0,0.0
DTXSID4027997,2108,0.0,0.0
DTXSID4028040,2108,0.0,0.0
DTXSID4028460,2108,0.9999999999900503,1.0
DTXSID4028880,2108,0.9999849700913133,1.0
DTXSID4028967,2108,0.0,0.0
DTXSID4029062,2108,0.0,0.0
DTXSID4029143,2108,0.0,0.0
DTXSID4029145,2108,0.0,0.0
DTXSID4029149,2108,0.0,0.0
DTXSID4029195,2108,0.9999679546422053,1.0
DTXSID4029220,2108,0.0,0.0
DTXSID4029224,2108,0.0,0.0
DTXSID4029353,2108,0.0,0.0
DTXSID4029359,2108,0.0,0.0
DTXSID4029565,2108,1.9536238172850543e-08,0.0
DTXSID4029690,2108,0.0,0.0
DTXSID4029692,2108,7.959847043006203e-16,0.0
DTXSID4029698,2108,0.0,0.0
DTXSID4029806,2108,9.957926183186573e-08,0.0
DTXSID4030047,2108,0.6713663525376806,0.0
DTXSID4030336,2108,0.0,0.0
DTXSID4030384,2108,3.768547017852481e-08,0.0
DTXSID4031356,2108,0.0,0.0
DTXSID4031980,2108,0.999986765271458,1.0
DTXSID4032372,2108,0.9999999864576518,1.0
DTXSID4032374,2108,0.6915757465128055,0.0
DTXSID4032376,2108,0.996230538382204,1.0
DTXSID4032378,2108,0.0,0.0
DTXSID4032405,2108,0.0,0.0
DTXSID4032459,2108,0.0,0.0
DTXSID4032532,2108,0.0,0.0
DTXSID4032536,2108,0.0,0.0
DTXSID4032580,2108,0.9999999240127623,1.0
DTXSID4032611,2108,0.0,0.0
DTXSID4032613,2108,0.0,0.0
DTXSID4032615,2108,0.0,0.0
DTXSID4032619,2108,7.487592357745366e-06,0.0
DTXSID4032667,2108,0.1316615862662737,0.0
DTXSID4032954,2108,4.190858985223615e-12,0.0
DTXSID4033390,2108,,
DTXSID4034102,2108,,
DTXSID4034150,2108,1.2152153335253696e-12,0.0
DTXSID4034287,2108,0.0,0.0
DTXSID4034497,2108,0.9638819189108122,1.0
DTXSID4034528,2108,0.03763821707207153,0.0
DTXSID4034576,2108,0.0010094273845539007,0.0
DTXSID4034601,2108,0.0011759271723548056,0.0
DTXSID4034609,2108,0.9999498732389175,1.0
DTXSID4034653,2108,0.9999314516736805,1.0
DTXSID4034788,2108,0.5470148529225907,0.0
DTXSID4034869,2108,0.9728915854276743,1.0
DTXSID4034948,2108,0.0,0.0
DTXSID4035209,2108,0.0,0.0
DTXSID4035592,2108,0.992379487758914,1.0
DTXSID4035708,2108,0.9999927410956673,1.0
DTXSID4035839,2108,0.0,0.0
DTXSID4036229,2108,0.0,0.0
DTXSID4036435,2108,0.00010963278183351279,0.0
DTXSID4036489,2108,0.09986592480776374,0.0
DTXSID4036514,2108,0.9903901094138567,1.0
DTXSID4037580,2108,0.0,0.0
DTXSID4037582,2108,3.58384274014754e-13,0.0
DTXSID4037584,2108,0.0,0.0
DTXSID4037617,2108,4.002991729969466e-06,0.0
DTXSID4037748,2108,,
DTXSID4038346,2108,0.0,0.0
DTXSID4038762,2108,0.0,0.0
DTXSID4038847,2108,0.0,0.0
DTXSID4038899,2108,0.0,0.0
DTXSID4038922,2108,0.9999224756430328,1.0
DTXSID4038924,2108,1.3361594886232792e-10,0.0
DTXSID4038926,2108,0.0,0.0
DTXSID4039231,2108,0.0,0.0
DTXSID4039233,2108,0.0,0.0
DTXSID4039235,2108,0.0,0.0
DTXSID4039657,2108,0.0,0.0
DTXSID4040002,2108,,
DTXSID4040264,2108,0.9963086194721358,1.0
DTXSID4040268,2108,0.999998394448991,1.0
DTXSID4040343,2108,0.9764202158034269,1.0
DTXSID4040476,2108,0.0,0.0
DTXSID4040682,2108,0.9999437784245476,1.0
DTXSID4040686,2108,0.0,0.0
DTXSID4040711,2108,1.5800369596346642e-08,0.0
DTXSID4040713,2108,0.9999985965870584,1.0
DTXSID4040715,2108,0.9983070758972697,1.0
DTXSID4040719,2108,0.010559888225428608,0.0
DTXSID4040765,2108,0.0,0.0
DTXSID4040767,2108,0.9999988827548025,1.0
DTXSID4040979,2108,,
DTXSID4041070,2108,0.0,0.0
DTXSID4041230,2108,0.0,0.0
DTXSID4041232,2108,0.0,0.0
DTXSID4041234,2108,0.0,0.0
DTXSID4041238,2108,0.0,0.0
DTXSID4041280,2108,0.0,0.0
DTXSID4041317,2108,4.5980690547083035e-09,0.0
DTXSID4041361,2108,0.0,0.0
DTXSID4041363,2108,0.85269836057982,0.0
DTXSID4041367,2108,0.9999999931338319,1.0
DTXSID4041440,2108,4.027530457465429e-05,0.0
DTXSID4041442,2108,0.0,0.0
DTXSID4041444,2108,0.0,0.0
DTXSID4041446,2108,0.0,0.0
DTXSID4041490,2108,0.0,0.0
DTXSID4041492,2108,0.0,0.0
DTXSID4041494,2108,0.8129323920571635,0.0
DTXSID4041521,2108,0.0,0.0
DTXSID4041527,2108,0.0,0.0
DTXSID4041529,2108,0.0,0.0
DTXSID4041573,2108,0.0,0.0
DTXSID4041575,2108,1.4878649630913553e-17,0.0
DTXSID4041600,2108,0.629075648108661,0.0
DTXSID4041604,2108,0.0,0.0
DTXSID4041654,2108,3.023046733549e-07,0.0
DTXSID4041656,2108,0.0,0.0
DTXSID4041783,2108,,
DTXSID4041812,2108,0.0,0.0
DTXSID4041818,2108,0.0,0.0
DTXSID4041995,2108,0.0,0.0
DTXSID4041997,2108,0.9712860437992159,1.0
DTXSID4042090,2108,0.9999849547385237,1.0
DTXSID4042094,2108,0.0,0.0
DTXSID4042096,2108,0.0,0.0
DTXSID4042121,2108,0.014311776748484195,0.0
DTXSID4042123,2108,0.9999999999999999,1.0
DTXSID4042129,2108,1.0,1.0
DTXSID4042171,2108,0.0,0.0
DTXSID4042206,2108,0.0020463502488649206,0.0
DTXSID4042208,2108,0.00045588853774188395,0.0
DTXSID4042252,2108,0.8945985872178117,0.0
DTXSID4042254,2108,0.0,0.0
DTXSID4042256,2108,0.05018569766179244,0.0
DTXSID4042335,2108,3.465518833950899e-08,0.0
DTXSID4042337,2108,,
DTXSID4042416,2108,2.959901001321895e-10,0.0
DTXSID4042418,2108,0.0,0.0
DTXSID4042462,2108,0.9999999928800201,1.0
DTXSID4042468,2108,0.0,0.0
DTXSID4042622,2108,0.0,0.0
DTXSID4043777,2108,,
DTXSID4043850,2108,1.587081945520594e-05,0.0
DTXSID4043937,2108,0.0,0.0
DTXSID4044161,2108,0.9924573604655987,1.0
DTXSID4044371,2108,0.0,0.0
DTXSID4044373,2108,0.0,0.0
DTXSID4044375,2108,0.0,0.0
DTXSID4044379,2108,0.9999999998049782,1.0
DTXSID4044400,2108,5.790758987805084e-16,0.0
DTXSID4044402,2108,0.0,0.0
DTXSID4044404,2108,1.9729614136153395e-19,0.0
DTXSID4044408,2108,5.102244397204659e-08,0.0
DTXSID4044450,2108,0.0,0.0
DTXSID4044452,2108,0.9956576478003349,1.0
DTXSID4044454,2108,0.0,0.0
DTXSID4044456,2108,0.0,0.0
DTXSID4044458,2108,0.0,0.0
DTXSID4044533,2108,0.0,0.0
DTXSID4044535,2108,0.0,0.0
DTXSID4044537,2108,0.0,0.0
DTXSID4044581,2108,0.025215817977696748,0.0
DTXSID4044585,2108,0.018098385467010043,0.0
DTXSID4044587,2108,0.0,0.0
DTXSID4044589,2108,0.0,0.0
DTXSID4044616,2108,0.021326207478917822,0.0
DTXSID4044618,2108,0.0,0.0
DTXSID4044660,2108,,
DTXSID4044662,2108,0.0,0.0
DTXSID4044664,2108,0.0,0.0
DTXSID4044668,2108,0.6244739517075821,0.0
DTXSID4044743,2108,0.0,0.0
DTXSID4044745,2108,0.0,0.0
DTXSID4044747,2108,0.06727295042150214,0.0
DTXSID4044791,2108,1.0846913842570369e-09,0.0
DTXSID4044793,2108,0.0,0.0
DTXSID4044799,2108,0.0,0.0
DTXSID4044820,2108,0.9422842862113917,1.0
DTXSID4044822,2108,0.0,0.0
DTXSID4044824,2108,0.0,0.0
DTXSID4044826,2108,0.0,0.0
DTXSID4044828,2108,0.0,0.0
DTXSID4044870,2108,0.0,0.0
DTXSID4044872,2108,0.9999211858121198,1.0
DTXSID4044874,2108,0.0,0.0
DTXSID4044876,2108,0.9807771302041023,1.0
DTXSID4044878,2108,0.0,0.0
DTXSID4044901,2108,0.0,0.0
DTXSID4044903,2108,,
DTXSID4044905,2108,,
DTXSID4044909,2108,3.6016911315656806e-18,0.0
DTXSID4044951,2108,0.0,0.0
DTXSID4044953,2108,0.0,0.0
DTXSID4044955,2108,0.0,0.0
DTXSID4045002,2108,0.0,0.0
DTXSID4045131,2108,0.46986973487054934,0.0
DTXSID4045133,2108,0.0,0.0
DTXSID4045139,2108,0.0,0.0
DTXSID4045181,2108,0.998788294876249,1.0
DTXSID4045183,2108,0.0,0.0
DTXSID4045187,2108,0.6509370794294612,0.0
DTXSID4045189,2108,0.014195267770175537,0.0
DTXSID4045210,2108,0.0,0.0
DTXSID4045262,2108,0.0,0.0
DTXSID4045341,2108,0.0,0.0
DTXSID4045343,2108,0.9999863899539861,1.0
DTXSID4045345,2108,0.0,0.0
DTXSID4045347,2108,0.0,0.0
DTXSID4045391,2108,0.0,0.0
DTXSID4045393,2108,0.0,0.0
DTXSID4045420,2108,,
DTXSID4045422,2108,0.0,0.0
DTXSID4045424,2108,0.0,0.0
DTXSID4045472,2108,,
DTXSID4045474,2108,1.376217683572995e-15,0.0
DTXSID4045478,2108,0.0,0.0
DTXSID4045551,2108,0.0,0.0
DTXSID4045555,2108,,
DTXSID4045632,2108,0.0,0.0
DTXSID4045636,2108,2.4440109828588436e-06,0.0
DTXSID4045638,2108,0.9998214522883477,1.0
DTXSID4045680,2108,0.0,0.0
DTXSID4045682,2108,0.0,0.0
DTXSID4045686,2108,5.024891011523697e-09,0.0
DTXSID4045688,2108,0.0,0.0
DTXSID4045763,2108,3.4485845813560363e-09,0.0
DTXSID4045765,2108,,
DTXSID4045767,2108,0.24163362309358133,0.0
DTXSID4045769,2108,0.0,0.0
DTXSID4045848,2108,0.9992872235738327,1.0
DTXSID4045892,2108,0.0,0.0
DTXSID4045896,2108,3.4013575666527845e-07,0.0
DTXSID4045898,2108,0.9981975616122598,1.0
DTXSID4045921,2108,0.0,0.0
DTXSID4045927,2108,0.0028522770635681896,0.0
DTXSID4045973,2108,0.9999999999326791,1.0
DTXSID4045975,2108,0.00012807801806829632,0.0
DTXSID4046020,2108,0.0,0.0
DTXSID4046024,2108,,
DTXSID4046076,2108,0.007024808385691895,0.0
DTXSID4046101,2108,0.9985427211667305,1.0
DTXSID4046107,2108,0.0,0.0
DTXSID4046109,2108,0.0,0.0
DTXSID4046151,2108,0.0,0.0
DTXSID4046153,2108,0.0,0.0
DTXSID4046157,2108,0.0,0.0
DTXSID4046159,2108,,
DTXSID4046282,2108,0.0,0.0
DTXSID4046284,2108,0.9999999999995335,1.0
DTXSID4046286,2108,,
DTXSID4046288,2108,0.0,0.0
DTXSID4046313,2108,0.0,0.0
DTXSID4046315,2108,0.0,0.0
DTXSID4046440,2108,0.0,0.0
DTXSID4046442,2108,0.0,0.0
DTXSID4046448,2108,5.084422309675512e-08,0.0
DTXSID4046490,2108,0.0,0.0
DTXSID4046492,2108,0.999874163346739,1.0
DTXSID4046523,2108,0.0,0.0
DTXSID4046525,2108,0.0,0.0
DTXSID4046529,2108,0.9917549448203671,1.0
DTXSID4046579,2108,0.0,0.0
DTXSID4046600,2108,0.0,0.0
DTXSID4046602,2108,0.8602131839014838,0.0
DTXSID4046604,2108,0.0,0.0
DTXSID4046606,2108,0.9998731071571144,1.0
DTXSID4046652,2108,0.0,0.0
DTXSID4046739,2108,0.0,0.0
DTXSID4046810,2108,0.9483211775097883,1.0
DTXSID4046864,2108,0.0,0.0
DTXSID4046949,2108,0.9977951288156198,1.0
DTXSID4046999,2108,0.0,0.0
DTXSID4047040,2108,0.0,0.0
DTXSID4047042,2108,0.18082619614920425,0.0
DTXSID4047044,2108,0.0,0.0
DTXSID4047046,2108,0.9190652234371819,1.0
DTXSID4047090,2108,0.9761074163378608,1.0
DTXSID4047092,2108,0.0,0.0
DTXSID4047094,2108,0.0,0.0
DTXSID4047096,2108,0.0,0.0
DTXSID4047098,2108,0.9922895520766077,1.0
DTXSID4047121,2108,0.0,0.0
DTXSID4047123,2108,0.0,0.0
DTXSID4047125,2108,0.0,0.0
DTXSID4047127,2108,0.0,0.0
DTXSID4047129,2108,0.0013668582322752796,0.0
DTXSID4047173,2108,,
DTXSID4047177,2108,0.0,0.0
DTXSID4047179,2108,0.0,0.0
DTXSID4047200,2108,0.0016565589025320819,0.0
DTXSID4047202,2108,0.9831572041668681,1.0
DTXSID4047206,2108,0.9827528153642258,1.0
DTXSID4047252,2108,0.0,0.0
DTXSID4047254,2108,0.699221129113604,0.0
DTXSID4047258,2108,6.635965986720815e-10,0.0
DTXSID4047331,2108,0.0,0.0
DTXSID4047333,2108,1.2351803914699722e-06,0.0
DTXSID4047335,2108,0.0,0.0
DTXSID4047337,2108,1.7338948864067033e-05,0.0
DTXSID4047339,2108,0.006452588965511182,0.0
DTXSID4047381,2108,0.9999894547156302,1.0
DTXSID4047383,2108,0.0,0.0
DTXSID4047385,2108,0.8888945479820837,0.0
DTXSID4047387,2108,0.9999512951199628,1.0
DTXSID4047389,2108,0.9999993515829674,1.0
DTXSID4047410,2108,0.9997536214677647,1.0
DTXSID4047412,2108,0.0,0.0
DTXSID4047414,2108,0.9992737459220618,1.0
DTXSID4047416,2108,5.192054605032086e-12,0.0
DTXSID4047418,2108,0.0,0.0
DTXSID4047462,2108,0.9267840027992565,1.0
DTXSID4047464,2108,0.0,0.0
DTXSID4047466,2108,0.0,0.0
DTXSID4047468,2108,0.0,0.0
DTXSID4047543,2108,2.1254044403324325e-11,0.0
DTXSID4047545,2108,6.672031704016133e-07,0.0
DTXSID4047547,2108,0.0,0.0
DTXSID4047549,2108,0.0,0.0
DTXSID4047591,2108,0.0,0.0
DTXSID4047593,2108,1.9344467795716866e-05,0.0
DTXSID4047597,2108,0.0,0.0
DTXSID4047599,2108,0.0,0.0
DTXSID4047620,2108,1.161769127452016e-14,0.0
DTXSID4047622,2108,3.944004204970989e-10,0.0
DTXSID4047624,2108,0.0,0.0
DTXSID4047628,2108,0.0,0.0
DTXSID4047670,2108,0.9993053813995925,1.0
DTXSID4047672,2108,2.2120373686118265e-15,0.0
DTXSID4047674,2108,0.0,0.0
DTXSID4047678,2108,0.0,0.0
DTXSID4047703,2108,0.0,0.0
DTXSID4047705,2108,0.0,0.0
DTXSID4047707,2108,0.0,0.0
DTXSID4047709,2108,0.9856565222132174,1.0
DTXSID4047838,2108,0.0,0.0
DTXSID4047880,2108,0.0042544896631042176,0.0
DTXSID4047882,2108,4.3998004463079314e-08,0.0
DTXSID4047884,2108,1.2308213771266662e-10,0.0
DTXSID4047886,2108,0.17911712960429663,0.0
DTXSID4047888,2108,0.0,0.0
DTXSID4047911,2108,0.0,0.0
DTXSID4047913,2108,0.9999999995553692,1.0
DTXSID4047915,2108,0.99999999999985,1.0
DTXSID4047917,2108,0.9999806384984247,1.0
DTXSID4047919,2108,0.9999999977155924,1.0
DTXSID4047961,2108,0.20692452354296478,0.0
DTXSID4047963,2108,0.9956818977009853,1.0
DTXSID4047965,2108,0.0,0.0
DTXSID4047967,2108,0.0,0.0
DTXSID4047969,2108,0.0,0.0
DTXSID4048191,2108,0.9843944492411102,1.0
DTXSID4048193,2108,0.0,0.0
DTXSID4048195,2108,0.007381554373488917,0.0
DTXSID4048199,2108,5.38684734240051e-07,0.0
DTXSID4048511,2108,0.999999999999142,1.0
DTXSID4048513,2108,0.9994694994706629,1.0
DTXSID4048519,2108,0.9999625949786783,1.0
DTXSID4048644,2108,0.0,0.0
DTXSID4048690,2108,1.0,1.0
DTXSID4048692,2108,0.0,0.0
DTXSID4048694,2108,,
DTXSID4048696,2108,2.258784205840777e-05,0.0
DTXSID4048698,2108,0.9973858117642047,1.0
DTXSID4048721,2108,0.0,0.0
DTXSID4048725,2108,5.622155335611468e-10,0.0
DTXSID4048727,2108,0.9999870533276142,1.0
DTXSID4048773,2108,0.0,0.0
DTXSID4048777,2108,8.298085682611885e-07,0.0
DTXSID4048800,2108,0.6643485697824589,0.0
DTXSID4048802,2108,0.0,0.0
DTXSID4048804,2108,2.5355545691915847e-14,0.0
DTXSID4048806,2108,2.703094968032268e-16,0.0
DTXSID4048808,2108,0.0,0.0
DTXSID4048850,2108,,
DTXSID4048852,2108,3.2162846150925395e-13,0.0
DTXSID4048854,2108,0.0,0.0
DTXSID4048856,2108,0.0,0.0
DTXSID4048858,2108,0.0,0.0
DTXSID4048933,2108,2.0946064537140105e-09,0.0
DTXSID4048935,2108,0.9332024431288716,1.0
DTXSID4048937,2108,0.6552092078785607,0.0
DTXSID4048983,2108,1.0,1.0
DTXSID4049032,2108,,
DTXSID4049034,2108,0.0,0.0
DTXSID4049036,2108,1.1581009817832766e-05,0.0
DTXSID4049038,2108,0.0,0.0
DTXSID4049080,2108,0.0,0.0
DTXSID4049082,2108,0.9794717010307777,1.0
DTXSID4049240,2108,0.0,0.0
DTXSID4049242,2108,0.0,0.0
DTXSID4049244,2108,3.3025306133448895e-12,0.0
DTXSID4049246,2108,0.0,0.0
DTXSID4049248,2108,0.10473874401441007,0.0
DTXSID4049290,2108,0.9939333016117559,1.0
DTXSID4049292,2108,0.0,0.0
DTXSID4049294,2108,0.0,0.0
DTXSID4049296,2108,0.9999941665189794,1.0
DTXSID4049298,2108,0.9999999996552232,1.0
DTXSID4049321,2108,0.0,0.0
DTXSID4049323,2108,0.9318056356048524,1.0
DTXSID4049325,2108,2.3078559727789937e-12,0.0
DTXSID4049327,2108,0.9332782822118159,1.0
DTXSID4049329,2108,9.635426316320107e-10,0.0
DTXSID4049371,2108,7.781287680445003e-06,0.0
DTXSID4049373,2108,4.305337526677982e-10,0.0
DTXSID4049375,2108,0.0,0.0
DTXSID4049377,2108,0.0,0.0
DTXSID4049379,2108,0.0,0.0
DTXSID4049400,2108,0.0,0.0
DTXSID4049402,2108,2.0309406011076875e-08,0.0
DTXSID4049404,2108,0.0,0.0
DTXSID4049406,2108,0.0,0.0
DTXSID4049408,2108,0.0,0.0
DTXSID4049450,2108,0.0,0.0
DTXSID4049452,2108,2.1099155106243413e-13,0.0
DTXSID4049454,2108,0.0,0.0
DTXSID4049456,2108,0.1404843200664145,0.0
DTXSID4049458,2108,1.9722885725802013e-06,0.0
DTXSID4049531,2108,0.0,0.0
DTXSID4049533,2108,0.0,0.0
DTXSID4049535,2108,0.0,0.0
DTXSID4049537,2108,2.1836884474217337e-09,0.0
DTXSID4049539,2108,0.0,0.0
DTXSID4051536,2108,0.0,0.0
DTXSID4051580,2108,0.0,0.0
DTXSID4051586,2108,0.0,0.0
DTXSID4051619,2108,0.0,0.0
DTXSID4051900,2108,0.0,0.0
DTXSID4052132,2108,0.0,0.0
DTXSID4052186,2108,0.8705528917414288,0.0
DTXSID4052213,2108,8.083288033039989e-08,0.0
DTXSID4052267,2108,3.0799249116153776e-13,0.0
DTXSID4052269,2108,0.9999894486152682,1.0
DTXSID4052342,2108,0.0,0.0
DTXSID4052502,2108,0.9999999085226647,1.0
DTXSID4052506,2108,0.9574132465207899,1.0
DTXSID4052550,2108,1.1203091739544553e-05,0.0
DTXSID4052554,2108,,
DTXSID4057631,2108,0.020861711568264864,0.0
DTXSID4057633,2108,0.5428343231324867,0.0
DTXSID4057635,2108,3.865796001035428e-13,0.0
DTXSID4057637,2108,0.0,0.0
DTXSID4057639,2108,0.0,0.0
DTXSID4057681,2108,0.999999999997924,1.0
DTXSID4057683,2108,1.4246073522183308e-14,0.0
DTXSID4057685,2108,0.0,0.0
DTXSID4057687,2108,0.0,0.0
DTXSID4057689,2108,1.7140483049965197e-09,0.0
DTXSID4057710,2108,,
DTXSID4057712,2108,0.0,0.0
DTXSID4057714,2108,0.0,0.0
DTXSID4057716,2108,,
DTXSID4057718,2108,0.0,0.0
DTXSID4057760,2108,0.0,0.0
DTXSID4057762,2108,0.0,0.0
DTXSID4057764,2108,0.0019124538081635022,0.0
DTXSID4057766,2108,0.005591338761543131,0.0
DTXSID4057768,2108,5.2836981325048525e-05,0.0
DTXSID4057841,2108,,
DTXSID4057843,2108,0.0,0.0
DTXSID4057845,2108,0.0,0.0
DTXSID4057847,2108,0.0,0.0
DTXSID4057849,2108,,
DTXSID4058655,2108,0.0,0.0
DTXSID5020021,2108,1.6681794173904808e-10,0.0
DTXSID5020023,2108,0.0,0.0
DTXSID5020027,2108,0.0003754920696281358,0.0
DTXSID5020029,2108,0.0,0.0
DTXSID5020071,2108,,
DTXSID5020079,2108,0.0,0.0
DTXSID5020106,2108,0.0,0.0
DTXSID5020108,2108,0.0,0.0
DTXSID5020152,2108,0.0,0.0
DTXSID5020154,2108,0.9827748994069935,1.0
DTXSID5020156,2108,0.8564123197312263,0.0
DTXSID5020231,2108,7.942176955269988e-05,0.0
DTXSID5020233,2108,0.9998656088871815,1.0
DTXSID5020235,2108,0.0,0.0
DTXSID5020239,2108,0.9920538105621616,1.0
DTXSID5020281,2108,0.0,0.0
DTXSID5020283,2108,1.1376550041320124e-07,0.0
DTXSID5020287,2108,5.512214301264182e-16,0.0
DTXSID5020310,2108,0.0,0.0
DTXSID5020312,2108,0.9974319678866591,1.0
DTXSID5020314,2108,0.0,0.0
DTXSID5020360,2108,0.017521728802435615,0.0
DTXSID5020366,2108,0.9998948917628954,1.0
DTXSID5020368,2108,0.9856472263444783,1.0
DTXSID5020441,2108,0.0,0.0
DTXSID5020443,2108,0.0,0.0
DTXSID5020445,2108,0.0,0.0
DTXSID5020447,2108,7.479626699100762e-05,0.0
DTXSID5020449,2108,0.0,0.0
DTXSID5020491,2108,0.8502873005694935,0.0
DTXSID5020493,2108,4.84139078468868e-15,0.0
DTXSID5020497,2108,0.02199703696073408,0.0
DTXSID5020499,2108,0.0,0.0
DTXSID5020520,2108,0.0,0.0
DTXSID5020528,2108,0.0,0.0
DTXSID5020570,2108,0.0,0.0
DTXSID5020576,2108,0.9999591915585417,1.0
DTXSID5020601,2108,0.0,0.0
DTXSID5020603,2108,0.0,0.0
DTXSID5020605,2108,0.0,0.0
DTXSID5020607,2108,0.0,0.0
DTXSID5020653,2108,0.9999999970154129,1.0
DTXSID5020730,2108,1.0,1.0
DTXSID5020732,2108,0.0,0.0
DTXSID5020738,2108,1.1239911166301596e-12,0.0
DTXSID5020782,2108,0.010705365596002221,0.0
DTXSID5020784,2108,0.9977525343117124,1.0
DTXSID5020811,2108,1.0,1.0
DTXSID5020813,2108,0.9976373273988446,1.0
DTXSID5020815,2108,0.0,0.0
DTXSID5020819,2108,0.41987595893161517,0.0
DTXSID5020861,2108,0.9999999927695079,1.0
DTXSID5020863,2108,0.9190095122998102,1.0
DTXSID5020865,2108,0.9920213854618632,1.0
DTXSID5020867,2108,0.005005657761563075,0.0
DTXSID5020869,2108,8.472866441498361e-07,0.0
DTXSID5020944,2108,0.9992636341571771,1.0
DTXSID5020946,2108,0.9999997877804738,1.0
DTXSID5020948,2108,0.8601254237341689,0.0
DTXSID5021093,2108,0.0,0.0
DTXSID5021097,2108,4.544002504068628e-10,0.0
DTXSID5021120,2108,3.818507910719757e-06,0.0
DTXSID5021122,2108,0.0,0.0
DTXSID5021124,2108,0.0,0.0
DTXSID5021126,2108,0.0,0.0
DTXSID5021128,2108,0.0,0.0
DTXSID5021170,2108,0.0,0.0
DTXSID5021174,2108,0.0,0.0
DTXSID5021201,2108,0.9893228331769442,1.0
DTXSID5021209,2108,0.0,0.0
DTXSID5021251,2108,0.0,0.0
DTXSID5021253,2108,0.0,0.0
DTXSID5021255,2108,0.0,0.0
DTXSID5021330,2108,5.5175696990439655e-08,0.0
DTXSID5021332,2108,1.0,1.0
DTXSID5021334,2108,0.9994382428463024,1.0
DTXSID5021336,2108,4.303585570143265e-14,0.0
DTXSID5021338,2108,0.0,0.0
DTXSID5021380,2108,1.6029366599932148e-14,0.0
DTXSID5021384,2108,0.038877053014983426,0.0
DTXSID5021386,2108,0.9896085370925061,1.0
DTXSID5021388,2108,5.9437091960768935e-18,0.0
DTXSID5021411,2108,0.0,0.0
DTXSID5021413,2108,0.8826366065334227,0.0
DTXSID5021415,2108,0.0,0.0
DTXSID5021419,2108,0.1302971281015873,0.0
DTXSID5021461,2108,0.0,0.0
DTXSID5021463,2108,0.9999995950522721,1.0
DTXSID5021544,2108,0.0,0.0
DTXSID5021546,2108,2.264380727521615e-18,0.0
DTXSID5021590,2108,1.4764645074906637e-13,0.0
DTXSID5021598,2108,7.552988909648305e-11,0.0
DTXSID5021621,2108,,
DTXSID5021627,2108,0.0,0.0
DTXSID5021629,2108,0.0,0.0
DTXSID5021671,2108,1.093457420761788e-11,0.0
DTXSID5021679,2108,0.9999975760154024,1.0
DTXSID5021708,2108,0.0,0.0
DTXSID5021752,2108,0.0,0.0
DTXSID5021754,2108,0.0,0.0
DTXSID5021758,2108,0.4753076067043522,0.0
DTXSID5021831,2108,0.0,0.0
DTXSID5021835,2108,0.0,0.0
DTXSID5021837,2108,0.0,0.0
DTXSID5021839,2108,,
DTXSID5021881,2108,0.0,0.0
DTXSID5021883,2108,0.0,0.0
DTXSID5021885,2108,0.0,0.0
DTXSID5021889,2108,0.0,0.0
DTXSID5021910,2108,0.0,0.0
DTXSID5021914,2108,0.0,0.0
DTXSID5021916,2108,0.9999969570578472,1.0
DTXSID5021962,2108,0.0,0.0
DTXSID5021968,2108,0.0,0.0
DTXSID5022061,2108,0.0,0.0
DTXSID5022194,2108,0.0,0.0
DTXSID5022198,2108,0.0,0.0
DTXSID5022227,2108,0.0,0.0
DTXSID5022271,2108,0.055308158947558285,0.0
DTXSID5022279,2108,0.0,0.0
DTXSID5022306,2108,0.0,0.0
DTXSID5022308,2108,0.9999515199000788,1.0
DTXSID5022437,2108,0.9999997208271822,1.0
DTXSID5022439,2108,8.853709605570242e-15,0.0
DTXSID5022485,2108,0.9846315114954297,1.0
DTXSID5022489,2108,0.0,0.0
DTXSID5022510,2108,0.5495967523486285,0.0
DTXSID5022560,2108,0.0,0.0
DTXSID5022641,2108,,
DTXSID5022643,2108,0.0,0.0
DTXSID5022647,2108,0.0,0.0
DTXSID5022649,2108,0.040230889270519286,0.0
DTXSID5022699,2108,0.0,0.0
DTXSID5022724,2108,0.738589384241061,0.0
DTXSID5022774,2108,1.6421552036255787e-19,0.0
DTXSID5022801,2108,0.9999999993719312,1.0
DTXSID5022851,2108,4.9792809912644e-09,0.0
DTXSID5022855,2108,0.9023486106449136,1.0
DTXSID5022857,2108,0.9952925114561701,1.0
DTXSID5022932,2108,,
DTXSID5022934,2108,0.5843159634072063,0.0
DTXSID5022980,2108,1.0,1.0
DTXSID5022982,2108,0.0,0.0
DTXSID5022984,2108,0.0,0.0
DTXSID5022986,2108,0.0,0.0
DTXSID5023031,2108,0.0,0.0
DTXSID5023033,2108,0.0,0.0
DTXSID5023035,2108,0.998451249248578,1.0
DTXSID5023037,2108,0.9907121790191945,1.0
DTXSID5023039,2108,0.0,0.0
DTXSID5023081,2108,0.0,0.0
DTXSID5023089,2108,,
DTXSID5023110,2108,0.9144818196076041,1.0
DTXSID5023114,2108,0.0,0.0
DTXSID5023243,2108,0.0,0.0
DTXSID5023247,2108,0.9999806437934169,1.0
DTXSID5023293,2108,0.0,0.0
DTXSID5023295,2108,0.7406035831004116,0.0
DTXSID5023322,2108,0.9867872734685504,1.0
DTXSID5023324,2108,8.38447065417557e-14,0.0
DTXSID5023370,2108,0.0,0.0
DTXSID5023372,2108,1.2156203251340912e-05,0.0
DTXSID5023376,2108,0.0,0.0
DTXSID5023378,2108,0.05383266510174103,0.0
DTXSID5023453,2108,0.0,0.0
DTXSID5023532,2108,0.9969535827462196,1.0
DTXSID5023536,2108,0.0,0.0
DTXSID5023586,2108,0.0027037250277586744,0.0
DTXSID5023588,2108,0.0,0.0
DTXSID5023611,2108,0.0,0.0
DTXSID5023613,2108,0.0,0.0
DTXSID5023615,2108,0.0,0.0
DTXSID5023665,2108,,
DTXSID5023667,2108,0.9740874695142571,1.0
DTXSID5023669,2108,0.0,0.0
DTXSID5023740,2108,0.7332165360673663,0.0
DTXSID5023742,2108,0.9115089534206272,1.0
DTXSID5023744,2108,0.0,0.0
DTXSID5023746,2108,,
DTXSID5023748,2108,0.0,0.0
DTXSID5023792,2108,0.0,0.0
DTXSID5023794,2108,0.9998861858946045,1.0
DTXSID5023796,2108,0.999998739467473,1.0
DTXSID5023825,2108,,
DTXSID5023871,2108,0.9808266383741384,1.0
DTXSID5023875,2108,0.0002510212784922951,0.0
DTXSID5023877,2108,0.0,0.0
DTXSID5023900,2108,8.05449499568503e-09,0.0
DTXSID5023902,2108,,
DTXSID5023908,2108,0.0,0.0
DTXSID5023950,2108,0.9293590802595295,1.0
DTXSID5023954,2108,0.9919262503612566,1.0
DTXSID5024001,2108,0.0,0.0
DTXSID5024051,2108,0.0,0.0
DTXSID5024055,2108,0.0,0.0
DTXSID5024057,2108,0.0,0.0
DTXSID5024059,2108,0.23304594859917452,0.0
DTXSID5024134,2108,0.9931930332092306,1.0
DTXSID5024182,2108,0.0,0.0
DTXSID5024211,2108,0.17608600989555076,0.0
DTXSID5024261,2108,0.6172860148988554,0.0
DTXSID5024263,2108,5.9867103254197495e-09,0.0
DTXSID5024269,2108,0.9999999999994132,1.0
DTXSID5024344,2108,0.004341612724488901,0.0
DTXSID5024346,2108,0.0,0.0
DTXSID5024392,2108,0.0,0.0
DTXSID5024394,2108,0.0,0.0
DTXSID5024471,2108,0.9146068839517772,1.0
DTXSID5024473,2108,0.9999999998814356,1.0
DTXSID5024479,2108,0.0,0.0
DTXSID5024500,2108,1.8168397831075284e-15,0.0
DTXSID5024504,2108,6.586891614306652e-12,0.0
DTXSID5024506,2108,1.8469406624537997e-13,0.0
DTXSID5024508,2108,7.496240569199462e-13,0.0
DTXSID5024554,2108,,
DTXSID5024637,2108,0.0,0.0
DTXSID5024639,2108,0.0,0.0
DTXSID5024681,2108,0.0,0.0
DTXSID5024683,2108,0.0001459987883976431,0.0
DTXSID5024687,2108,0.9999984419117203,1.0
DTXSID5024710,2108,0.0,0.0
DTXSID5024764,2108,1.566938891854205e-10,0.0
DTXSID5024845,2108,0.9999999999999998,1.0
DTXSID5024891,2108,0.0,0.0
DTXSID5024922,2108,0.00849551974150766,0.0
DTXSID5024926,2108,0.0,0.0
DTXSID5024970,2108,0.0,0.0
DTXSID5024976,2108,0.0,0.0
DTXSID5024978,2108,0.0,0.0
DTXSID5025021,2108,0.9251609727085816,1.0
DTXSID5025023,2108,0.0,0.0
DTXSID5025071,2108,0.0,0.0
DTXSID5025079,2108,0.0,0.0
DTXSID5025100,2108,0.0,0.0
DTXSID5025102,2108,4.265045543956893e-10,0.0
DTXSID5025150,2108,0.0,0.0
DTXSID5025152,2108,0.0,0.0
DTXSID5025156,2108,0.0,0.0
DTXSID5025231,2108,0.926335207085501,1.0
DTXSID5025237,2108,,
DTXSID5025285,2108,0.0,0.0
DTXSID5025310,2108,0.0,0.0
DTXSID5025312,2108,0.0,0.0
DTXSID5025318,2108,0.10832622753308152,0.0
DTXSID5025364,2108,0.0,0.0
DTXSID5025447,2108,0.0,0.0
DTXSID5025449,2108,0.0,0.0
DTXSID5025570,2108,1.9471485665562705e-18,0.0
DTXSID5025572,2108,0.4798436994968732,0.0
DTXSID5025574,2108,0.0,0.0
DTXSID5025578,2108,0.0,0.0
DTXSID5025603,2108,0.0,0.0
DTXSID5025607,2108,2.943868333682423e-11,0.0
DTXSID5025609,2108,0.0,0.0
DTXSID5025653,2108,0.0,0.0
DTXSID5025657,2108,0.0,0.0
DTXSID5025659,2108,0.904877177037231,1.0
DTXSID5025730,2108,0.0,0.0
DTXSID5025732,2108,0.0,0.0
DTXSID5025738,2108,0.0,0.0
DTXSID5025811,2108,0.0,0.0
DTXSID5025815,2108,0.9242486264363654,1.0
DTXSID5025819,2108,0.0,0.0
DTXSID5025861,2108,,
DTXSID5025863,2108,,
DTXSID5025948,2108,0.9999999990642439,1.0
DTXSID5025998,2108,0.9999483528736349,1.0
DTXSID5026049,2108,0.0,0.0
DTXSID5026091,2108,0.0,0.0
DTXSID5026097,2108,0.9847685486381805,1.0
DTXSID5026120,2108,0.9989452756141433,1.0
DTXSID5026122,2108,0.0,0.0
DTXSID5026124,2108,0.8908464951012239,0.0
DTXSID5026174,2108,0.0,0.0
DTXSID5026178,2108,0.0,0.0
DTXSID5026203,2108,0.0,0.0
DTXSID5026205,2108,0.0,0.0
DTXSID5026207,2108,0.0018450661733314842,0.0
DTXSID5026209,2108,0.09790082423706332,0.0
DTXSID5026251,2108,0.9856034432022142,1.0
DTXSID5026259,2108,0.0,0.0
DTXSID5026461,2108,0.0,0.0
DTXSID5026544,2108,0.0,0.0
DTXSID5026548,2108,1.3778946755719859e-08,0.0
DTXSID5026623,2108,0.0,0.0
DTXSID5026625,2108,0.0,0.0
DTXSID5026702,2108,0.0,0.0
DTXSID5026706,2108,0.5967426606640166,0.0
DTXSID5026837,2108,0.0,0.0
DTXSID5026889,2108,0.0,0.0
DTXSID5026912,2108,0.0,0.0
DTXSID5026914,2108,0.0,0.0
DTXSID5026918,2108,0.0,0.0
DTXSID5027019,2108,0.0,0.0
DTXSID5027061,2108,0.9999851801543106,1.0
DTXSID5027063,2108,0.0,0.0
DTXSID5027069,2108,0.0,0.0
DTXSID5027142,2108,0.0,0.0
DTXSID5027146,2108,0.9949861341986869,1.0
DTXSID5027148,2108,0.0,0.0
DTXSID5027198,2108,0.0,0.0
DTXSID5027223,2108,0.0,0.0
DTXSID5027227,2108,0.0,0.0
DTXSID5027229,2108,0.0,0.0
DTXSID5027279,2108,0.0,0.0
DTXSID5027300,2108,0.0,0.0
DTXSID5027302,2108,0.0,0.0
DTXSID5027304,2108,0.9999096195723758,1.0
DTXSID5027308,2108,2.5865419321748015e-19,0.0
DTXSID5027352,2108,0.0,0.0
DTXSID5027356,2108,3.933676214746344e-05,0.0
DTXSID5027358,2108,0.0,0.0
DTXSID5027433,2108,0.5439063487454012,0.0
DTXSID5027487,2108,0.0,0.0
DTXSID5027489,2108,4.719652663856502e-06,0.0
DTXSID5027512,2108,7.584763942728755e-14,0.0
DTXSID5027518,2108,,
DTXSID5027641,2108,6.928806295555077e-05,0.0
DTXSID5027647,2108,2.736232324783165e-13,0.0
DTXSID5027728,2108,0.0,0.0
DTXSID5027770,2108,0.9691144983760989,1.0
DTXSID5027772,2108,0.013956949988043591,0.0
DTXSID5027774,2108,0.9999902623990392,1.0
DTXSID5027803,2108,0.329774703467045,0.0
DTXSID5027805,2108,0.0,0.0
DTXSID5027851,2108,0.0,0.0
DTXSID5027857,2108,0.0,0.0
DTXSID5027932,2108,0.0,0.0
DTXSID5027936,2108,0.0,0.0
DTXSID5027982,2108,0.0,0.0
DTXSID5028033,2108,3.7323505781955466e-18,0.0
DTXSID5028114,2108,0.02673982986937354,0.0
DTXSID5028665,2108,0.0,0.0
DTXSID5029055,2108,0.9751046267399142,1.0
DTXSID5029059,2108,9.070461034856911e-12,0.0
DTXSID5029136,2108,,
DTXSID5029182,2108,0.0,0.0
DTXSID5029184,2108,3.055947981212864e-09,0.0
DTXSID5029186,2108,0.0,0.0
DTXSID5029211,2108,0.0,0.0
DTXSID5029217,2108,0.0,0.0
DTXSID5029263,2108,0.0,0.0
DTXSID5029265,2108,1.1193343701896789e-05,0.0
DTXSID5029267,2108,0.0,0.0
DTXSID5029683,2108,0.0,0.0
DTXSID5029710,2108,0.0,0.0
DTXSID5029762,2108,0.0,0.0
DTXSID5030955,2108,0.0,0.0
DTXSID5031131,2108,0.0,0.0
DTXSID5031133,2108,0.0,0.0
DTXSID5032315,2108,0.9822621733811936,1.0
DTXSID5032361,2108,1.1301411091200974e-08,0.0
DTXSID5032365,2108,0.0,0.0
DTXSID5032442,2108,0.0,0.0
DTXSID5032498,2108,0.9998598178932175,1.0
DTXSID5032523,2108,0.9999999999820518,1.0
DTXSID5032525,2108,0.855843074072277,0.0
DTXSID5032573,2108,0.9999999501700984,1.0
DTXSID5032577,2108,0.0,0.0
DTXSID5032579,2108,6.61465247938555e-09,0.0
DTXSID5032600,2108,0.0,0.0
DTXSID5032654,2108,2.2286003099976457e-09,0.0
DTXSID5033096,2108,0.007405763336903359,0.0
DTXSID5033098,2108,7.701203197788521e-13,0.0
DTXSID5033179,2108,0.0,0.0
DTXSID5033389,2108,0.7964678661141535,0.0
DTXSID5033468,2108,0.9999998570639758,1.0
DTXSID5033595,2108,0.3437217881062626,0.0
DTXSID5033674,2108,0.9825490741849345,1.0
DTXSID5033701,2108,0.0,0.0
DTXSID5033757,2108,0.9998794438854325,1.0
DTXSID5033836,2108,0.9730112163643696,1.0
DTXSID5034270,2108,0.0,0.0
DTXSID5034303,2108,4.127630538710741e-10,0.0
DTXSID5034355,2108,0.0,0.0
DTXSID5034357,2108,0.0001141287198445076,0.0
DTXSID5034698,2108,0.9973588945169305,1.0
DTXSID5034723,2108,0.0,0.0
DTXSID5034729,2108,5.671428318992738e-11,0.0
DTXSID5034773,2108,0.0,0.0
DTXSID5034981,2108,1.0,1.0
DTXSID5035163,2108,0.0,0.0
DTXSID5035589,2108,0.9983547396410534,1.0
DTXSID5035616,2108,0.0,0.0
DTXSID5035957,2108,0.0,0.0
DTXSID5036684,2108,0.9829932483426157,1.0
DTXSID5037028,2108,0.9999974270850719,1.0
DTXSID5037072,2108,0.0,0.0
DTXSID5037236,2108,0.0,0.0
DTXSID5037494,2108,1.2412408698461403e-08,0.0
DTXSID5037498,2108,0.23744773213529044,0.0
DTXSID5037523,2108,0.0,0.0
DTXSID5037527,2108,1.6034362024556652e-07,0.0
DTXSID5037571,2108,0.0,0.0
DTXSID5037579,2108,0.0,0.0
DTXSID5037731,2108,0.9937151322954546,1.0
DTXSID5037739,2108,0.43436749124818014,0.0
DTXSID5038830,2108,,
DTXSID5038888,2108,0.9999999999999097,1.0
DTXSID5038919,2108,0.0,0.0
DTXSID5039224,2108,0.9999999999999991,1.0
DTXSID5039721,2108,0.9999003694203574,1.0
DTXSID5040540,2108,0.0,0.0
DTXSID5040675,2108,,
DTXSID5040679,2108,,
DTXSID5040700,2108,0.0,0.0
DTXSID5040702,2108,0.0,0.0
DTXSID5040704,2108,0.9999999996264413,1.0
DTXSID5040706,2108,0.0,0.0
DTXSID5040708,2108,0.005076628103567089,0.0
DTXSID5040750,2108,2.29178288481481e-16,0.0
DTXSID5040758,2108,0.6597233377408652,0.0
DTXSID5041148,2108,0.0,0.0
DTXSID5041190,2108,0.0,0.0
DTXSID5041273,2108,0.0,0.0
DTXSID5041275,2108,0.0,0.0
DTXSID5041302,2108,0.0,0.0
DTXSID5041306,2108,0.9892958279013656,1.0
DTXSID5041308,2108,0.9608851524033634,1.0
DTXSID5041356,2108,1.2755947056765928e-18,0.0
DTXSID5041431,2108,,
DTXSID5041437,2108,0.0,0.0
DTXSID5041439,2108,0.0,0.0
DTXSID5041487,2108,0.0,0.0
DTXSID5041512,2108,0.0,0.0
DTXSID5041514,2108,0.0,0.0
DTXSID5041516,2108,0.0,0.0
DTXSID5041518,2108,0.0,0.0
DTXSID5041560,2108,0.9924322175721634,1.0
DTXSID5041641,2108,1.2032246058791872e-17,0.0
DTXSID5041643,2108,0.0,0.0
DTXSID5041691,2108,0.0,0.0
DTXSID5041699,2108,0.0,0.0
DTXSID5041726,2108,0.0,0.0
DTXSID5041728,2108,0.3209920072940537,0.0
DTXSID5041772,2108,0.7639330029457941,0.0
DTXSID5041778,2108,0.9953764415092892,1.0
DTXSID5041803,2108,0.0510897965998302,0.0
DTXSID5041809,2108,0.0,0.0
DTXSID5041851,2108,0.9999999944708373,1.0
DTXSID5042083,2108,0.999994431418726,1.0
DTXSID5042089,2108,0.962837181365678,1.0
DTXSID5042243,2108,2.0880227264973142e-19,0.0
DTXSID5042247,2108,0.0,0.0
DTXSID5042249,2108,1.0,1.0
DTXSID5042297,2108,0.14860080887256946,0.0
DTXSID5042299,2108,0.0,0.0
DTXSID5042320,2108,,
DTXSID5042324,2108,0.044360655327738266,0.0
DTXSID5042378,2108,0.8204423298207549,0.0
DTXSID5042451,2108,0.0,0.0
DTXSID5042459,2108,0.999999999996249,1.0
DTXSID5042584,2108,0.6657406881676169,0.0
DTXSID5042613,2108,2.1644323849554438e-14,0.0
DTXSID5043714,2108,0.0,0.0
DTXSID5043895,2108,0.9968090216359207,1.0
DTXSID5044029,2108,0.0022567390512160065,0.0
DTXSID5044154,2108,0.7467599354667369,0.0
DTXSID5044233,2108,0.0,0.0
DTXSID5044289,2108,3.4196919190460125e-08,0.0
DTXSID5044314,2108,0.0,0.0
DTXSID5044316,2108,0.0,0.0
DTXSID5044318,2108,0.0,0.0
DTXSID5044360,2108,0.3499210914404373,0.0
DTXSID5044362,2108,0.0,0.0
DTXSID5044364,2108,0.0,0.0
DTXSID5044366,2108,0.9999999973277499,1.0
DTXSID5044368,2108,0.0,0.0
DTXSID5044441,2108,0.0,0.0
DTXSID5044443,2108,0.0,0.0
DTXSID5044445,2108,0.0,0.0
DTXSID5044447,2108,0.0,0.0
DTXSID5044491,2108,0.0,0.0
DTXSID5044493,2108,0.0,0.0
DTXSID5044495,2108,0.0,0.0
DTXSID5044520,2108,0.9941701675777327,1.0
DTXSID5044522,2108,0.0,0.0
DTXSID5044526,2108,1.0864695290934589e-10,0.0
DTXSID5044528,2108,0.9725790050961883,1.0
DTXSID5044570,2108,5.664953222482097e-05,0.0
DTXSID5044572,2108,0.0,0.0
DTXSID5044574,2108,0.0,0.0
DTXSID5044576,2108,0.0,0.0
DTXSID5044578,2108,0.0,0.0
DTXSID5044603,2108,,
DTXSID5044605,2108,0.0,0.0
DTXSID5044607,2108,0.0004351536838469754,0.0
DTXSID5044609,2108,0.0,0.0
DTXSID5044655,2108,0.0,0.0
DTXSID5044732,2108,0.0,0.0
DTXSID5044734,2108,0.0,0.0
DTXSID5044738,2108,0.0,0.0
DTXSID5044780,2108,8.270646365820118e-09,0.0
DTXSID5044782,2108,0.0,0.0
DTXSID5044784,2108,0.0,0.0
DTXSID5044786,2108,0.9280877332810962,1.0
DTXSID5044788,2108,1.33006300971174e-13,0.0
DTXSID5044811,2108,2.6616722393691355e-13,0.0
DTXSID5044815,2108,0.0,0.0
DTXSID5044817,2108,6.069042970548818e-10,0.0
DTXSID5044819,2108,0.0,0.0
DTXSID5044863,2108,0.0,0.0
DTXSID5044865,2108,0.9985747641951238,1.0
DTXSID5044867,2108,0.0,0.0
DTXSID5044869,2108,1.1010560102322722e-05,0.0
DTXSID5044940,2108,0.9995796564836794,1.0
DTXSID5044948,2108,1.3225386342200219e-16,0.0
DTXSID5044990,2108,0.0,0.0
DTXSID5044992,2108,0.8768172129581421,0.0
DTXSID5044994,2108,,
DTXSID5044996,2108,0.0,0.0
DTXSID5044998,2108,0.0,0.0
DTXSID5045093,2108,0.0,0.0
DTXSID5045099,2108,0.0,0.0
DTXSID5045122,2108,0.7343234692617953,0.0
DTXSID5045124,2108,0.0,0.0
DTXSID5045128,2108,0.0,0.0
DTXSID5045170,2108,0.0,0.0
DTXSID5045174,2108,0.6756317694289707,0.0
DTXSID5045176,2108,0.011753481733661178,0.0
DTXSID5045201,2108,1.2795535339341055e-13,0.0
DTXSID5045205,2108,0.8542388513910586,0.0
DTXSID5045209,2108,1.29561509005892e-16,0.0
DTXSID5045380,2108,0.9845256573499334,1.0
DTXSID5045382,2108,0.0,0.0
DTXSID5045386,2108,0.0,0.0
DTXSID5045388,2108,0.0,0.0
DTXSID5045413,2108,0.9910343611057806,1.0
DTXSID5045417,2108,0.0,0.0
DTXSID5045419,2108,0.0,0.0
DTXSID5045461,2108,0.0,0.0
DTXSID5045469,2108,0.0,0.0
DTXSID5045540,2108,0.0,0.0
DTXSID5045590,2108,0.0,0.0
DTXSID5045594,2108,0.0,0.0
DTXSID5045598,2108,0.9443067978201144,1.0
DTXSID5045623,2108,0.8869691212584603,0.0
DTXSID5045625,2108,0.9999999118477222,1.0
DTXSID5045673,2108,0.0,0.0
DTXSID5045677,2108,0.0,0.0
DTXSID5045700,2108,0.0008647035989117827,0.0
DTXSID5045702,2108,,
DTXSID5045704,2108,1.4168915206307733e-12,0.0
DTXSID5045750,2108,0.9629112390942743,1.0
DTXSID5045752,2108,0.2597005123910252,0.0
DTXSID5045756,2108,0.0,0.0
DTXSID5045833,2108,,
DTXSID5045835,2108,0.0,0.0
DTXSID5045881,2108,0.9999999984216404,1.0
DTXSID5045883,2108,0.0,0.0
DTXSID5045887,2108,0.0,0.0
DTXSID5045889,2108,0.0,0.0
DTXSID5045914,2108,0.0,0.0
DTXSID5045916,2108,0.9973833249596668,1.0
DTXSID5045960,2108,0.0,0.0
DTXSID5045964,2108,0.0,0.0
DTXSID5046015,2108,0.0,0.0
DTXSID5046017,2108,0.7247178899509518,0.0
DTXSID5046019,2108,,
DTXSID5046067,2108,0.0,0.0
DTXSID5046069,2108,0.9999979881506276,1.0
DTXSID5046140,2108,0.47908512885644616,0.0
DTXSID5046142,2108,0.0,0.0
DTXSID5046148,2108,1.0113838301370879e-05,0.0
DTXSID5046190,2108,0.0,0.0
DTXSID5046196,2108,0.0,0.0
DTXSID5046221,2108,0.9456169022801542,1.0
DTXSID5046225,2108,0.9483985562929939,1.0
DTXSID5046227,2108,0.0005660043135970611,0.0
DTXSID5046229,2108,0.0,0.0
DTXSID5046271,2108,,
DTXSID5046273,2108,0.0,0.0
DTXSID5046275,2108,0.0,0.0
DTXSID5046277,2108,,
DTXSID5046279,2108,,
DTXSID5046300,2108,,
DTXSID5046433,2108,0.0,0.0
DTXSID5046437,2108,0.9999917996173977,1.0
DTXSID5046439,2108,0.002792903879268123,0.0
DTXSID5046481,2108,0.0,0.0
DTXSID5046483,2108,0.0,0.0
DTXSID5046485,2108,0.0,0.0
DTXSID5046487,2108,0.9999995675055663,1.0
DTXSID5046510,2108,,
DTXSID5046512,2108,0.2687435619438359,0.0
DTXSID5046560,2108,0.0,0.0
DTXSID5046641,2108,0.10219785201366541,0.0
DTXSID5046691,2108,0.001867974733109239,0.0
DTXSID5046693,2108,0.0,0.0
DTXSID5046695,2108,,
DTXSID5046697,2108,0.0,0.0
DTXSID5046699,2108,0.0,0.0
DTXSID5046724,2108,0.0,0.0
DTXSID5046726,2108,0.9797700224005512,1.0
DTXSID5046770,2108,,
DTXSID5046772,2108,0.09699292700425223,0.0
DTXSID5046776,2108,0.999999999902863,1.0
DTXSID5046801,2108,1.4245800260783703e-11,0.0
DTXSID5046803,2108,0.0,0.0
DTXSID5046851,2108,0.0,0.0
DTXSID5046853,2108,0.12413044594356983,0.0
DTXSID5046938,2108,0.0,0.0
DTXSID5046980,2108,0.09972088908132451,0.0
DTXSID5046986,2108,0.0,0.0
DTXSID5046988,2108,0.0,0.0
DTXSID5047031,2108,0.0,0.0
DTXSID5047033,2108,,
DTXSID5047035,2108,8.051736765219854e-14,0.0
DTXSID5047037,2108,0.0,0.0
DTXSID5047039,2108,2.8241979397344737e-14,0.0
DTXSID5047081,2108,0.0,0.0
DTXSID5047083,2108,0.0,0.0
DTXSID5047085,2108,2.261176454386768e-16,0.0
DTXSID5047087,2108,0.0,0.0
DTXSID5047089,2108,0.0,0.0
DTXSID5047110,2108,0.16421721909635742,0.0
DTXSID5047112,2108,0.9999983492552299,1.0
DTXSID5047116,2108,0.0,0.0
DTXSID5047118,2108,0.0,0.0
DTXSID5047160,2108,0.0,0.0
DTXSID5047162,2108,0.0,0.0
DTXSID5047164,2108,3.4191525309387294e-16,0.0
DTXSID5047166,2108,0.0,0.0
DTXSID5047168,2108,1.640952814177448e-07,0.0
DTXSID5047241,2108,0.0,0.0
DTXSID5047243,2108,0.0,0.0
DTXSID5047249,2108,0.0,0.0
DTXSID5047291,2108,0.9999993242606077,1.0
DTXSID5047295,2108,0.9999999479362894,1.0
DTXSID5047297,2108,0.0,0.0
DTXSID5047299,2108,0.0,0.0
DTXSID5047320,2108,0.9999999993075899,1.0
DTXSID5047322,2108,0.07115713876114933,0.0
DTXSID5047324,2108,0.08983045608279516,0.0
DTXSID5047328,2108,0.9999552787606103,1.0
DTXSID5047372,2108,3.59717460416144e-08,0.0
DTXSID5047374,2108,0.9898520261537039,1.0
DTXSID5047376,2108,0.004765457867001441,0.0
DTXSID5047405,2108,0.034331096561545975,0.0
DTXSID5047451,2108,6.178938640735777e-09,0.0
DTXSID5047453,2108,0.0,0.0
DTXSID5047459,2108,0.0,0.0
DTXSID5047530,2108,0.99968940918409,1.0
DTXSID5047538,2108,0.0,0.0
DTXSID5047582,2108,0.0,0.0
DTXSID5047584,2108,0.0,0.0
DTXSID5047611,2108,,
DTXSID5047617,2108,,
DTXSID5047661,2108,0.0,0.0
DTXSID5047663,2108,0.0,0.0
DTXSID5047665,2108,0.0,0.0
DTXSID5047667,2108,0.0,0.0
DTXSID5047744,2108,0.0,0.0
DTXSID5047790,2108,0.023979518313952307,0.0
DTXSID5047796,2108,0.0,0.0
DTXSID5047825,2108,0.9999999999986886,1.0
DTXSID5047871,2108,0.006620346438857814,0.0
DTXSID5047873,2108,0.9999999984337467,1.0
DTXSID5047875,2108,5.771443259364313e-16,0.0
DTXSID5047877,2108,0.9912559997671996,1.0
DTXSID5047879,2108,0.0,0.0
DTXSID5047900,2108,0.9999999999999999,1.0
DTXSID5047902,2108,0.0,0.0
DTXSID5047904,2108,1.0,1.0
DTXSID5047906,2108,1.7185685547327704e-08,0.0
DTXSID5047908,2108,3.305082002048357e-17,0.0
DTXSID5047950,2108,0.9999999999921875,1.0
DTXSID5047952,2108,0.9999979648402194,1.0
DTXSID5047954,2108,0.0,0.0
DTXSID5047956,2108,0.3733814022841241,0.0
DTXSID5048180,2108,0.0,0.0
DTXSID5048182,2108,0.0,0.0
DTXSID5048184,2108,0.9994547977572642,1.0
DTXSID5048186,2108,0.04168625918133368,0.0
DTXSID5048188,2108,0.002766569118431052,0.0
DTXSID5048211,2108,0.0,0.0
DTXSID5048421,2108,0.0,0.0
DTXSID5048506,2108,0.9696893751905417,1.0
DTXSID5048635,2108,0.0,0.0
DTXSID5048637,2108,0.05260722113545726,0.0
DTXSID5048685,2108,0.9999999993895841,1.0
DTXSID5048710,2108,9.352914308203298e-10,0.0
DTXSID5048716,2108,0.0,0.0
DTXSID5048841,2108,0.0004035218108914678,0.0
DTXSID5048843,2108,0.0,0.0
DTXSID5048845,2108,0.0,0.0
DTXSID5048847,2108,0.0,0.0
DTXSID5048849,2108,0.9973278919935685,1.0
DTXSID5048891,2108,,
DTXSID5048893,2108,0.9999792960351359,1.0
DTXSID5048895,2108,0.9996708194530834,1.0
DTXSID5048897,2108,0.9845242289723083,1.0
DTXSID5048899,2108,0.9997849075195204,1.0
DTXSID5048920,2108,0.9999843470878289,1.0
DTXSID5048922,2108,0.9067459292342444,1.0
DTXSID5048924,2108,0.999527898800008,1.0
DTXSID5048928,2108,0.9664528143945637,1.0
DTXSID5048974,2108,0.0,0.0
DTXSID5048978,2108,0.0,0.0
DTXSID5049021,2108,0.9999545495873075,1.0
DTXSID5049231,2108,0.0,0.0
DTXSID5049233,2108,0.01935073991580872,0.0
DTXSID5049235,2108,0.0003660303852264914,0.0
DTXSID5049237,2108,0.9277300730550213,1.0
DTXSID5049239,2108,0.0,0.0
DTXSID5049281,2108,0.9983044247908555,1.0
DTXSID5049283,2108,0.9999999999473219,1.0
DTXSID5049285,2108,0.0,0.0
DTXSID5049287,2108,1.7205255846754412e-10,0.0
DTXSID5049289,2108,2.2478621256795247e-07,0.0
DTXSID5049310,2108,0.0,0.0
DTXSID5049312,2108,0.0,0.0
DTXSID5049314,2108,0.0,0.0
DTXSID5049316,2108,1.6452296239348593e-18,0.0
DTXSID5049318,2108,0.0,0.0
DTXSID5049360,2108,0.0,0.0
DTXSID5049362,2108,0.0,0.0
DTXSID5049364,2108,0.0,0.0
DTXSID5049366,2108,0.0,0.0
DTXSID5049368,2108,0.8912098907426033,0.0
DTXSID5049445,2108,0.0,0.0
DTXSID5049447,2108,0.0,0.0
DTXSID5049449,2108,0.0,0.0
DTXSID5049491,2108,0.0,0.0
DTXSID5049493,2108,0.0,0.0
DTXSID5049495,2108,0.8122793559807978,0.0
DTXSID5049497,2108,0.0,0.0
DTXSID5049499,2108,0.0,0.0
DTXSID5049520,2108,0.0,0.0
DTXSID5049522,2108,,
DTXSID5049524,2108,0.0,0.0
DTXSID5049526,2108,1.8329444017154004e-13,0.0
DTXSID5049528,2108,7.746686293680649e-10,0.0
DTXSID5050426,2108,3.3442411633362095e-08,0.0
DTXSID5051440,2108,0.0,0.0
DTXSID5051444,2108,0.9992143715124465,1.0
DTXSID5051446,2108,0.0,0.0
DTXSID5051525,2108,0.0,0.0
DTXSID5051529,2108,0.0,0.0
DTXSID5051575,2108,0.0,0.0
DTXSID5051650,2108,0.9992803507535224,1.0
DTXSID5051999,2108,0.0,0.0
DTXSID5052042,2108,9.271337422685125e-09,0.0
DTXSID5052125,2108,0.0,0.0
DTXSID5052250,2108,0.0,0.0
DTXSID5052254,2108,,
DTXSID5052460,2108,0.8601836702737258,0.0
DTXSID5052591,2108,0.0,0.0
DTXSID5052593,2108,0.0,0.0
DTXSID5052595,2108,0.0,0.0
DTXSID5052597,2108,0.0,0.0
DTXSID5052620,2108,2.9666113936616963e-12,0.0
DTXSID5052672,2108,0.0,0.0
DTXSID5052832,2108,,
DTXSID5052838,2108,0.0,0.0
DTXSID5052884,2108,0.0,0.0
DTXSID5057620,2108,0.0,0.0
DTXSID5057622,2108,0.4700261922285705,0.0
DTXSID5057624,2108,0.0,0.0
DTXSID5057626,2108,1.7163401328127115e-06,0.0
DTXSID5057628,2108,0.9993172487993335,1.0
DTXSID5057670,2108,,
DTXSID5057672,2108,0.6580445149398275,0.0
DTXSID5057674,2108,0.0,0.0
DTXSID5057676,2108,1.8760057862610893e-11,0.0
DTXSID5057678,2108,0.0,0.0
DTXSID5057701,2108,0.0,0.0
DTXSID5057703,2108,4.063850462141132e-10,0.0
DTXSID5057705,2108,0.0,0.0
DTXSID5057707,2108,0.0,0.0
DTXSID5057709,2108,0.0,0.0
DTXSID5057751,2108,0.8620444785596314,0.0
DTXSID5057753,2108,0.0,0.0
DTXSID5057755,2108,,
DTXSID5057757,2108,0.0,0.0
DTXSID5057759,2108,6.0595354889876404e-09,0.0
DTXSID5057830,2108,2.5008233936992516e-10,0.0
DTXSID5057832,2108,0.0,0.0
DTXSID5057834,2108,0.9612690214515078,1.0
DTXSID5057836,2108,0.0,0.0
DTXSID5057838,2108,0.8760885629771423,0.0
DTXSID6020014,2108,0.0,0.0
DTXSID6020062,2108,0.0012065460602172855,0.0
DTXSID6020064,2108,0.8897697162610926,0.0
DTXSID6020066,2108,0.0,0.0
DTXSID6020068,2108,,
DTXSID6020141,2108,0.0,0.0
DTXSID6020143,2108,0.008936747143757797,0.0
DTXSID6020145,2108,1.0211041969437762e-10,0.0
DTXSID6020147,2108,0.0,0.0
DTXSID6020149,2108,0.9821989986603764,1.0
DTXSID6020193,2108,0.0,0.0
DTXSID6020197,2108,0.9995720349498379,1.0
DTXSID6020199,2108,0.0,0.0
DTXSID6020220,2108,0.9999803301041587,1.0
DTXSID6020222,2108,0.0,0.0
DTXSID6020224,2108,0.0,0.0
DTXSID6020226,2108,0.9999999999997855,1.0
DTXSID6020274,2108,0.9273277136143061,1.0
DTXSID6020276,2108,0.9999811253640392,1.0
DTXSID6020278,2108,0.9999999999961574,1.0
DTXSID6020303,2108,0.0,0.0
DTXSID6020307,2108,0.39648024388478476,0.0
DTXSID6020309,2108,0.0,0.0
DTXSID6020355,2108,0.0,0.0
DTXSID6020357,2108,0.0,0.0
DTXSID6020359,2108,0.0,0.0
DTXSID6020430,2108,,
DTXSID6020432,2108,0.9998318368142521,1.0
DTXSID6020434,2108,0.0,0.0
DTXSID6020438,2108,0.0,0.0
DTXSID6020480,2108,0.0,0.0
DTXSID6020484,2108,1.8690592495035954e-07,0.0
DTXSID6020511,2108,0.9911740618762604,1.0
DTXSID6020513,2108,0.9578387984368827,1.0
DTXSID6020515,2108,0.0,0.0
DTXSID6020517,2108,6.02899232286342e-08,0.0
DTXSID6020561,2108,0.9999308052168425,1.0
DTXSID6020569,2108,0.0,0.0
DTXSID6020646,2108,0.0,0.0
DTXSID6020648,2108,0.0,0.0
DTXSID6020690,2108,0.9999999758002953,1.0
DTXSID6020692,2108,0.0,0.0
DTXSID6020694,2108,0.0,0.0
DTXSID6020696,2108,0.0,0.0
DTXSID6020721,2108,0.0,0.0
DTXSID6020771,2108,0.0,0.0
DTXSID6020777,2108,0.0,0.0
DTXSID6020779,2108,0.9186638482654047,1.0
DTXSID6020802,2108,0.0,0.0
DTXSID6020804,2108,0.14730887961149958,0.0
DTXSID6020856,2108,0.0,0.0
DTXSID6020933,2108,,
DTXSID6020937,2108,0.0,0.0
DTXSID6020939,2108,0.0,0.0
DTXSID6020981,2108,0.0,0.0
DTXSID6020983,2108,1.1769013524513135e-15,0.0
DTXSID6020985,2108,2.7573662385108853e-18,0.0
DTXSID6021030,2108,0.0,0.0
DTXSID6021032,2108,0.0,0.0
DTXSID6021036,2108,0.0,0.0
DTXSID6021080,2108,0.8484808041840007,0.0
DTXSID6021082,2108,0.0,0.0
DTXSID6021084,2108,9.363817522289607e-15,0.0
DTXSID6021086,2108,0.0,0.0
DTXSID6021113,2108,0.0,0.0
DTXSID6021117,2108,0.0,0.0
DTXSID6021165,2108,0.0,0.0
DTXSID6021240,2108,0.9990193921515853,1.0
DTXSID6021244,2108,0.9843321152534379,1.0
DTXSID6021246,2108,2.1013875520443317e-06,0.0
DTXSID6021248,2108,1.0,1.0
DTXSID6021290,2108,0.0,0.0
DTXSID6021292,2108,0.0,0.0
DTXSID6021294,2108,6.91378699115125e-05,0.0
DTXSID6021296,2108,0.0,0.0
DTXSID6021321,2108,3.266408370258507e-08,0.0
DTXSID6021371,2108,0.999806877975065,1.0
DTXSID6021373,2108,0.999683486203218,1.0
DTXSID6021375,2108,0.00011502491223444646,0.0
DTXSID6021377,2108,,
DTXSID6021379,2108,0.0,0.0
DTXSID6021402,2108,0.0,0.0
DTXSID6021404,2108,0.0,0.0
DTXSID6021408,2108,0.9999999999999727,1.0
DTXSID6021450,2108,0.999860651053799,1.0
DTXSID6021456,2108,0.0,0.0
DTXSID6021458,2108,0.0,0.0
DTXSID6021581,2108,0.0,0.0
DTXSID6021583,2108,0.0,0.0
DTXSID6021585,2108,0.0,0.0
DTXSID6021610,2108,0.0,0.0
DTXSID6021618,2108,0.0,0.0
DTXSID6021660,2108,8.567297531912649e-14,0.0
DTXSID6021666,2108,8.774870818958105e-05,0.0
DTXSID6021668,2108,0.0,0.0
DTXSID6021741,2108,0.0,0.0
DTXSID6021749,2108,0.0,0.0
DTXSID6021793,2108,0.9998000055139193,1.0
DTXSID6021795,2108,0.0,0.0
DTXSID6021799,2108,0.0,0.0
DTXSID6021820,2108,0.0,0.0
DTXSID6021822,2108,0.0,0.0
DTXSID6021824,2108,0.9999945283023345,1.0
DTXSID6021828,2108,0.0,0.0
DTXSID6021872,2108,0.0,0.0
DTXSID6021874,2108,0.0,0.0
DTXSID6021901,2108,,
DTXSID6021907,2108,0.00016535279787671046,0.0
DTXSID6021909,2108,0.9845985200605865,1.0
DTXSID6021953,2108,3.579596690365421e-09,0.0
DTXSID6021957,2108,0.9984591960956833,1.0
DTXSID6021959,2108,0.022221812547421584,0.0
DTXSID6022000,2108,0.0,0.0
DTXSID6022002,2108,0.0,0.0
DTXSID6022004,2108,0.0,0.0
DTXSID6022006,2108,1.2597218584419954e-12,0.0
DTXSID6022008,2108,0.0,0.0
DTXSID6022050,2108,0.0,0.0
DTXSID6022056,2108,0.0,0.0
DTXSID6022058,2108,0.0,0.0
DTXSID6022131,2108,0.5659493975760514,0.0
DTXSID6022133,2108,0.0,0.0
DTXSID6022137,2108,0.0,0.0
DTXSID6022187,2108,0.0,0.0
DTXSID6022218,2108,3.38059769745672e-17,0.0
DTXSID6022341,2108,0.007951273875869521,0.0
DTXSID6022345,2108,0.0020068014887203592,0.0
DTXSID6022391,2108,0.9985948640367253,1.0
DTXSID6022393,2108,0.6954318221183563,0.0
DTXSID6022399,2108,0.9955647814542429,1.0
DTXSID6022420,2108,0.1427072872183378,0.0
DTXSID6022422,2108,4.6485075002511993e-07,0.0
DTXSID6022472,2108,0.0,0.0
DTXSID6022474,2108,0.9998940463178015,1.0
DTXSID6022557,2108,0.0,0.0
DTXSID6022636,2108,0.9589660378015961,1.0
DTXSID6022684,2108,0.07363202632849215,0.0
DTXSID6022688,2108,0.9936228021659907,1.0
DTXSID6022715,2108,0.9994655046719655,1.0
DTXSID6022719,2108,3.797911034191847e-14,0.0
DTXSID6022842,2108,0.0,0.0
DTXSID6022844,2108,0.9986748511294445,1.0
DTXSID6022846,2108,0.0,0.0
DTXSID6022892,2108,0.03909440539493293,0.0
DTXSID6022894,2108,0.725413539139163,0.0
DTXSID6022927,2108,0.0,0.0
DTXSID6022973,2108,0.0,0.0
DTXSID6022975,2108,0.0,0.0
DTXSID6022977,2108,,
DTXSID6023024,2108,0.5765279558740096,0.0
DTXSID6023028,2108,0.0,0.0
DTXSID6023078,2108,,
DTXSID6023101,2108,0.0,0.0
DTXSID6023103,2108,0.0,0.0
DTXSID6023109,2108,0.0,0.0
DTXSID6023153,2108,0.0,0.0
DTXSID6023155,2108,0.9989895614530703,1.0
DTXSID6023157,2108,0.0,0.0
DTXSID6023159,2108,0.0003320311565558743,0.0
DTXSID6023286,2108,0.0,0.0
DTXSID6023313,2108,0.0,0.0
DTXSID6023315,2108,0.0,0.0
DTXSID6023317,2108,0.9132142422990082,1.0
DTXSID6023363,2108,0.9714910703055515,1.0
DTXSID6023367,2108,0.0,0.0
DTXSID6023369,2108,1.1311413427514503e-11,0.0
DTXSID6023440,2108,0.0,0.0
DTXSID6023442,2108,,
DTXSID6023490,2108,0.999983868587483,1.0
DTXSID6023496,2108,0.0,0.0
DTXSID6023523,2108,0.03948776025195561,0.0
DTXSID6023529,2108,0.0,0.0
DTXSID6023602,2108,0.0,0.0
DTXSID6023606,2108,0.0,0.0
DTXSID6023608,2108,0.0,0.0
DTXSID6023652,2108,0.9999971410013229,1.0
DTXSID6023656,2108,0.9999977532375838,1.0
DTXSID6023733,2108,0.0,0.0
DTXSID6023737,2108,0.0,0.0
DTXSID6023810,2108,0.9999968200816386,1.0
DTXSID6023862,2108,0.0,0.0
DTXSID6023864,2108,0.0,0.0
DTXSID6023868,2108,0.9999999603445863,1.0
DTXSID6023947,2108,0.0,0.0
DTXSID6023997,2108,0.0,0.0
DTXSID6023999,2108,0.944827956171222,1.0
DTXSID6024046,2108,0.0002940791140644706,0.0
DTXSID6024048,2108,0.9999991967755392,1.0
DTXSID6024123,2108,0.46869479639484063,0.0
DTXSID6024127,2108,0.0,0.0
DTXSID6024175,2108,4.2621552871599416e-08,0.0
DTXSID6024177,2108,0.0,0.0
DTXSID6024200,2108,0.0,0.0
DTXSID6024204,2108,1.2860461863508496e-09,0.0
DTXSID6024206,2108,0.0,0.0
DTXSID6024254,2108,0.0,0.0
DTXSID6024331,2108,0.000997349062729885,0.0
DTXSID6024337,2108,0.0,0.0
DTXSID6024412,2108,0.0,0.0
DTXSID6024414,2108,0.0,0.0
DTXSID6024460,2108,0.33057823423899113,0.0
DTXSID6024462,2108,0.0,0.0
DTXSID6024466,2108,0.0,0.0
DTXSID6024591,2108,0.0,0.0
DTXSID6024597,2108,0.0,0.0
DTXSID6024599,2108,0.0,0.0
DTXSID6024624,2108,0.9687085932412227,1.0
DTXSID6024628,2108,,
DTXSID6024670,2108,0.0,0.0
DTXSID6024674,2108,0.0,0.0
DTXSID6024676,2108,0.0,0.0
DTXSID6024701,2108,0.9999973204235826,1.0
DTXSID6024832,2108,1.6442060798091371e-06,0.0
DTXSID6024834,2108,,
DTXSID6024836,2108,2.5169860716599524e-11,0.0
DTXSID6024838,2108,1.3350615465785642e-14,0.0
DTXSID6024880,2108,1.3387390827123352e-14,0.0
DTXSID6024882,2108,1.0,1.0
DTXSID6024886,2108,0.0,0.0
DTXSID6024888,2108,0.0,0.0
DTXSID6024911,2108,0.999342731780685,1.0
DTXSID6024913,2108,8.797303646918879e-06,0.0
DTXSID6024915,2108,0.999808180870774,1.0
DTXSID6024917,2108,0.0,0.0
DTXSID6024961,2108,0.0,0.0
DTXSID6024965,2108,0.0,0.0
DTXSID6024967,2108,9.535894687810827e-07,0.0
DTXSID6025010,2108,0.0,0.0
DTXSID6025012,2108,0.0,0.0
DTXSID6025014,2108,2.4368743959425012e-14,0.0
DTXSID6025018,2108,0.0,0.0
DTXSID6025064,2108,,
DTXSID6025068,2108,1.758271807916969e-17,0.0
DTXSID6025141,2108,0.0,0.0
DTXSID6025143,2108,5.860857119480334e-13,0.0
DTXSID6025145,2108,6.472246918533135e-15,0.0
DTXSID6025149,2108,0.9349280142236214,1.0
DTXSID6025220,2108,0.0,0.0
DTXSID6025226,2108,0.999899012952605,1.0
DTXSID6025272,2108,0.0,0.0
DTXSID6025276,2108,0.0,0.0
DTXSID6025278,2108,0.0,0.0
DTXSID6025301,2108,0.0,0.0
DTXSID6025303,2108,0.0,0.0
DTXSID6025305,2108,0.0,0.0
DTXSID6025307,2108,0.17405394949480324,0.0
DTXSID6025309,2108,0.0,0.0
DTXSID6025355,2108,0.0,0.0
DTXSID6025432,2108,0.0026476868041176503,0.0
DTXSID6025436,2108,1.0,1.0
DTXSID6025438,2108,0.0,0.0
DTXSID6025480,2108,0.8809953585896103,0.0
DTXSID6025486,2108,0.23224071190716294,0.0
DTXSID6025513,2108,1.0,1.0
DTXSID6025565,2108,0.9999998062366114,1.0
DTXSID6025567,2108,0.0,0.0
DTXSID6025569,2108,0.0,0.0
DTXSID6025640,2108,0.0,0.0
DTXSID6025642,2108,0.0,0.0
DTXSID6025648,2108,,
DTXSID6025690,2108,0.0,0.0
DTXSID6025692,2108,0.0,0.0
DTXSID6025696,2108,0.9996523362213646,1.0
DTXSID6025723,2108,0.0,0.0
DTXSID6025725,2108,0.0,0.0
DTXSID6025775,2108,0.0,0.0
DTXSID6025804,2108,0.9740432161064984,1.0
DTXSID6025850,2108,0.0,0.0
DTXSID6025854,2108,0.0,0.0
DTXSID6025939,2108,5.47988780394859e-07,0.0
DTXSID6025983,2108,0.9816226499795107,1.0
DTXSID6026080,2108,0.0,0.0
DTXSID6026082,2108,0.0,0.0
DTXSID6026084,2108,8.960183164616973e-18,0.0
DTXSID6026088,2108,0.9991232291288425,1.0
DTXSID6026115,2108,5.405828655917686e-09,0.0
DTXSID6026119,2108,0.0,0.0
DTXSID6026161,2108,0.0,0.0
DTXSID6026167,2108,0.0,0.0
DTXSID6026169,2108,0.0,0.0
DTXSID6026240,2108,6.531003247350818e-10,0.0
DTXSID6026292,2108,0.0,0.0
DTXSID6026294,2108,0.9999628838232255,1.0
DTXSID6026298,2108,0.0,0.0
DTXSID6026325,2108,0.0,0.0
DTXSID6026373,2108,,
DTXSID6026450,2108,8.586789099024154e-06,0.0
DTXSID6026535,2108,0.11146922108807218,0.0
DTXSID6026537,2108,0.0,0.0
DTXSID6026612,2108,0.0,0.0
DTXSID6026664,2108,,
DTXSID6026797,2108,0.0,0.0
DTXSID6026799,2108,0.0,0.0
DTXSID6026824,2108,0.0,0.0
DTXSID6026872,2108,0.0,0.0
DTXSID6026878,2108,0.0,0.0
DTXSID6026901,2108,0.9999914859478625,1.0
DTXSID6026905,2108,1.8965184274155795e-17,0.0
DTXSID6026955,2108,0.0,0.0
DTXSID6027050,2108,0.9999990589871547,1.0
DTXSID6027052,2108,2.0566699060794316e-14,0.0
DTXSID6027131,2108,0.0,0.0
DTXSID6027133,2108,0.0,0.0
DTXSID6027137,2108,0.0,0.0
DTXSID6027181,2108,0.0,0.0
DTXSID6027185,2108,0.0,0.0
DTXSID6027214,2108,0.9999826234252294,1.0
DTXSID6027218,2108,0.0,0.0
DTXSID6027262,2108,3.1167949112342117e-15,0.0
DTXSID6027266,2108,2.9363352422352048e-12,0.0
DTXSID6027268,2108,0.0,0.0
DTXSID6027341,2108,2.8216970691194874e-13,0.0
DTXSID6027343,2108,0.0,0.0
DTXSID6027345,2108,0.0,0.0
DTXSID6027397,2108,0.0,0.0
DTXSID6027503,2108,0.00036711930958297206,0.0
DTXSID6027507,2108,0.0,0.0
DTXSID6027509,2108,0.0,0.0
DTXSID6027551,2108,,
DTXSID6027634,2108,0.0,0.0
DTXSID6027636,2108,1.024979493790065e-12,0.0
DTXSID6027713,2108,0.522279152961529,0.0
DTXSID6027844,2108,0.0,0.0
DTXSID6027921,2108,0.9945018004742416,1.0
DTXSID6027923,2108,0.0,0.0
DTXSID6027925,2108,0.9953506012381446,1.0
DTXSID6027975,2108,0.0,0.0
DTXSID6028022,2108,2.3487535302419346e-07,0.0
DTXSID6028028,2108,0.0,0.0
DTXSID6028492,2108,0.9999999812218403,1.0
DTXSID6029121,2108,,
DTXSID6029127,2108,,
DTXSID6029171,2108,0.0,0.0
DTXSID6029202,2108,0.9904281401012301,1.0
DTXSID6029250,2108,0.0,0.0
DTXSID6029254,2108,0.0,0.0
DTXSID6029331,2108,3.996435445416756e-18,0.0
DTXSID6029626,2108,0.0,0.0
DTXSID6029670,2108,0.9999999835867984,1.0
DTXSID6029703,2108,0.0,0.0
DTXSID6029707,2108,9.506961755001264e-05,0.0
DTXSID6029755,2108,,
DTXSID6030607,2108,0.0,0.0
DTXSID6031209,2108,0.0,0.0
DTXSID6031380,2108,0.0,0.0
DTXSID6031461,2108,0.0,0.0
DTXSID6032061,2108,0.9999999999999839,1.0
DTXSID6032192,2108,0.6851337491962565,0.0
DTXSID6032352,2108,5.8668225456216204e-05,0.0
DTXSID6032354,2108,0.0,0.0
DTXSID6032356,2108,0.0,0.0
DTXSID6032358,2108,0.0,0.0
DTXSID6032431,2108,0.1460192867237741,0.0
DTXSID6032437,2108,0.0,0.0
DTXSID6032514,2108,0.9993086527629265,1.0
DTXSID6032516,2108,8.378364529869776e-15,0.0
DTXSID6032518,2108,0.9792053455915006,1.0
DTXSID6032562,2108,0.000522227372373832,0.0
DTXSID6032641,2108,1.1123283904665502e-11,0.0
DTXSID6032645,2108,0.0,0.0
DTXSID6032647,2108,0.9999999999717182,1.0
DTXSID6032649,2108,0.0004844393751552013,0.0
DTXSID6032722,2108,0.0,0.0
DTXSID6033241,2108,0.0,0.0
DTXSID6033247,2108,0.10229464274094148,0.0
DTXSID6033326,2108,,
DTXSID6033401,2108,0.0,0.0
DTXSID6033538,2108,0.9725124354264751,1.0
DTXSID6033825,2108,0.0,0.0
DTXSID6034005,2108,0.0,0.0
DTXSID6034186,2108,0.8530547948424497,0.0
DTXSID6034265,2108,0.0,0.0
DTXSID6034392,2108,0.33920921879752697,0.0
DTXSID6034762,2108,0.0,0.0
DTXSID6034764,2108,0.0,0.0
DTXSID6034849,2108,0.0,0.0
DTXSID6034924,2108,0.0,0.0
DTXSID6034928,2108,3.3876563031688424e-10,0.0
DTXSID6034972,2108,0.0,0.0
DTXSID6035152,2108,0.0,0.0
DTXSID6035156,2108,0.9983814290293596,1.0
DTXSID6035285,2108,0.8553782497470392,0.0
DTXSID6035784,2108,0.0,0.0
DTXSID6036467,2108,0.0,0.0
DTXSID6037015,2108,0.0,0.0
DTXSID6037483,2108,0.0,0.0
DTXSID6037564,2108,0.00016201030948887724,0.0
DTXSID6037568,2108,2.256503484842137e-10,0.0
DTXSID6037649,2108,0.0,0.0
DTXSID6037697,2108,0.0,0.0
DTXSID6037728,2108,0.9367364200666346,1.0
DTXSID6038326,2108,0.0,0.0
DTXSID6038798,2108,0.0,0.0
DTXSID6038827,2108,0.0,0.0
DTXSID6038875,2108,0.982130924001193,1.0
DTXSID6038877,2108,0.9996319059283844,1.0
DTXSID6040111,2108,0.9176956425009555,1.0
DTXSID6040115,2108,0.0,0.0
DTXSID6040246,2108,8.609278518211774e-07,0.0
DTXSID6040290,2108,0.000987275655485371,0.0
DTXSID6040296,2108,1.2782605032989216e-10,0.0
DTXSID6040371,2108,7.130395760011364e-12,0.0
DTXSID6040373,2108,1.7769053097123227e-10,0.0
DTXSID6040375,2108,0.0,0.0
DTXSID6040404,2108,0.007506349417262396,0.0
DTXSID6040583,2108,0.0,0.0
DTXSID6040614,2108,0.0,0.0
DTXSID6040662,2108,0.9921915258980115,1.0
DTXSID6040664,2108,0.0,0.0
DTXSID6040668,2108,0.9998225328273906,1.0
DTXSID6040743,2108,0.0,0.0
DTXSID6040745,2108,0.042358349739799704,0.0
DTXSID6040747,2108,0.3669969973624209,0.0
DTXSID6040795,2108,5.0308044637728535e-08,0.0
DTXSID6041056,2108,0.0,0.0
DTXSID6041133,2108,0.9999999997881819,1.0
DTXSID6041137,2108,0.0,0.0
DTXSID6041185,2108,0.0,0.0
DTXSID6041210,2108,0.0,0.0
DTXSID6041268,2108,0.13619634833137295,0.0
DTXSID6041347,2108,0.0,0.0
DTXSID6041349,2108,0.0,0.0
DTXSID6041397,2108,,
DTXSID6041420,2108,0.0,0.0
DTXSID6041422,2108,3.9507298725465e-11,0.0
DTXSID6041424,2108,0.0,0.0
DTXSID6041426,2108,0.0,0.0
DTXSID6041472,2108,0.0,0.0
DTXSID6041503,2108,0.9999999999999999,1.0
DTXSID6041507,2108,0.0,0.0
DTXSID6041551,2108,0.0,0.0
DTXSID6041557,2108,0.0,0.0
DTXSID6041636,2108,0.0,0.0
DTXSID6041638,2108,0.0,0.0
DTXSID6041680,2108,0.0,0.0
DTXSID6041682,2108,0.9997098925690846,1.0
DTXSID6041684,2108,0.0,0.0
DTXSID6041688,2108,0.7108037967959536,0.0
DTXSID6041715,2108,2.762668131755638e-08,0.0
DTXSID6041719,2108,0.0,0.0
DTXSID6041761,2108,0.9999999925700048,1.0
DTXSID6041844,2108,0.0,0.0
DTXSID6041892,2108,,
DTXSID6041925,2108,0.0,0.0
DTXSID6041927,2108,0.0,0.0
DTXSID6041973,2108,0.0,0.0
DTXSID6041977,2108,0.7133842293754528,0.0
DTXSID6042072,2108,0.0,0.0
DTXSID6042074,2108,0.0,0.0
DTXSID6042151,2108,0.9999809292759496,1.0
DTXSID6042157,2108,0.0,0.0
DTXSID6042232,2108,0.0,0.0
DTXSID6042234,2108,0.0,0.0
DTXSID6042280,2108,0.9486279871122739,1.0
DTXSID6042282,2108,0.0,0.0
DTXSID6042315,2108,0.9999996794482884,1.0
DTXSID6042365,2108,0.5244044650935942,0.0
DTXSID6042369,2108,0.9956891760935942,1.0
DTXSID6042440,2108,5.019433452913834e-06,0.0
DTXSID6042448,2108,0.0,0.0
DTXSID6042490,2108,0.0,0.0
DTXSID6042494,2108,0.0,0.0
DTXSID6042498,2108,0.9999989335183578,1.0
DTXSID6042521,2108,0.0,0.0
DTXSID6042579,2108,0.00013248592630114625,0.0
DTXSID6042602,2108,9.61055604647956e-06,0.0
DTXSID6043709,2108,0.9999999999844775,1.0
DTXSID6043913,2108,,
DTXSID6043915,2108,0.9900309260948851,1.0
DTXSID6043917,2108,0.0,0.0
DTXSID6043919,2108,0.0,0.0
DTXSID6044199,2108,0.0,0.0
DTXSID6044226,2108,0.006875033098253414,0.0
DTXSID6044303,2108,0.00790772892043258,0.0
DTXSID6044307,2108,0.0,0.0
DTXSID6044309,2108,,
DTXSID6044353,2108,,
DTXSID6044355,2108,0.0,0.0
DTXSID6044357,2108,0.0,0.0
DTXSID6044359,2108,,
DTXSID6044430,2108,0.0,0.0
DTXSID6044436,2108,0.0,0.0
DTXSID6044438,2108,0.0,0.0
DTXSID6044480,2108,0.9997789753885639,1.0
DTXSID6044484,2108,2.4103257498237303e-10,0.0
DTXSID6044486,2108,4.4553646123321637e-07,0.0
DTXSID6044488,2108,0.0,0.0
DTXSID6044511,2108,0.0,0.0
DTXSID6044513,2108,0.0,0.0
DTXSID6044515,2108,6.511485837147393e-06,0.0
DTXSID6044517,2108,0.0,0.0
DTXSID6044519,2108,0.0,0.0
DTXSID6044561,2108,2.629933863073671e-06,0.0
DTXSID6044563,2108,0.0024491167422175165,0.0
DTXSID6044565,2108,0.9905420761456202,1.0
DTXSID6044642,2108,0.9997769047745911,1.0
DTXSID6044644,2108,0.0,0.0
DTXSID6044646,2108,0.0,0.0
DTXSID6044648,2108,0.0,0.0
DTXSID6044690,2108,0.11770216910405092,0.0
DTXSID6044692,2108,2.181876269837227e-09,0.0
DTXSID6044696,2108,0.0,0.0
DTXSID6044698,2108,0.0,0.0
DTXSID6044721,2108,0.0,0.0
DTXSID6044723,2108,,
DTXSID6044725,2108,,
DTXSID6044727,2108,0.0,0.0
DTXSID6044771,2108,0.33484736096000667,0.0
DTXSID6044773,2108,0.9716788439417361,1.0
DTXSID6044777,2108,,
DTXSID6044779,2108,0.9494172087887058,1.0
DTXSID6044800,2108,4.3322674974027325e-08,0.0
DTXSID6044802,2108,0.9971935212752266,1.0
DTXSID6044804,2108,0.0,0.0
DTXSID6044808,2108,0.0,0.0
DTXSID6044852,2108,7.629158170023883e-15,0.0
DTXSID6044854,2108,0.0,0.0
DTXSID6044856,2108,0.0,0.0
DTXSID6044858,2108,0.0,0.0
DTXSID6044931,2108,0.0,0.0
DTXSID6044933,2108,,
DTXSID6044935,2108,0.0,0.0
DTXSID6044939,2108,0.0,0.0
DTXSID6044981,2108,0.0,0.0
DTXSID6044983,2108,0.0,0.0
DTXSID6044985,2108,1.5498074367462798e-16,0.0
DTXSID6044989,2108,0.0,0.0
DTXSID6045084,2108,0.0,0.0
DTXSID6045088,2108,7.349691671964673e-12,0.0
DTXSID6045111,2108,0.9999993241144874,1.0
DTXSID6045117,2108,,
DTXSID6045119,2108,0.022581830032358637,0.0
DTXSID6045161,2108,0.9999999961137194,1.0
DTXSID6045163,2108,1.2881784881284454e-10,0.0
DTXSID6045165,2108,0.9999995388932893,1.0
DTXSID6045167,2108,1.039459340894599e-06,0.0
DTXSID6045169,2108,0.0,0.0
DTXSID6045248,2108,0.9999038799650393,1.0
DTXSID6045292,2108,0.0,0.0
DTXSID6045296,2108,0.0,0.0
DTXSID6045321,2108,2.5328258175886265e-09,0.0
DTXSID6045323,2108,0.13935508018504042,0.0
DTXSID6045371,2108,0.9951671135848335,1.0
DTXSID6045373,2108,0.8399595820145386,0.0
DTXSID6045375,2108,0.0,0.0
DTXSID6045377,2108,,
DTXSID6045400,2108,0.0,0.0
DTXSID6045452,2108,0.9841633393722209,1.0
DTXSID6045531,2108,0.0,0.0
DTXSID6045533,2108,0.0764216427737464,0.0
DTXSID6045583,2108,0.9999999999282402,1.0
DTXSID6045587,2108,0.0,0.0
DTXSID6045614,2108,0.0,0.0
DTXSID6045616,2108,0.0,0.0
DTXSID6045618,2108,,
DTXSID6045660,2108,5.1595471050426944e-11,0.0
DTXSID6045662,2108,0.0,0.0
DTXSID6045666,2108,0.8583839774656871,0.0
DTXSID6045668,2108,0.0,0.0
DTXSID6045741,2108,0.6077172850549151,0.0
DTXSID6045743,2108,0.9992050740918246,1.0
DTXSID6045745,2108,0.694884740026658,0.0
DTXSID6045791,2108,0.9792817552236327,1.0
DTXSID6045820,2108,0.0,0.0
DTXSID6045828,2108,0.0,0.0
DTXSID6045870,2108,,
DTXSID6045874,2108,0.0,0.0
DTXSID6045878,2108,0.0,0.0
DTXSID6045901,2108,0.0,0.0
DTXSID6045907,2108,0.0,0.0
DTXSID6045909,2108,0.0016243753909801633,0.0
DTXSID6045953,2108,0.9972161981621102,1.0
DTXSID6045955,2108,0.9999999882314471,1.0
DTXSID6045957,2108,0.999999607084402,1.0
DTXSID6046000,2108,3.5365346088697167e-11,0.0
DTXSID6046131,2108,0.0,0.0
DTXSID6046137,2108,0.9998518846044825,1.0
DTXSID6046181,2108,0.3697199772014356,0.0
DTXSID6046216,2108,0.0,0.0
DTXSID6046260,2108,0.0,0.0
DTXSID6046264,2108,6.634817939636896e-16,0.0
DTXSID6046266,2108,5.442651766105699e-05,0.0
DTXSID6046341,2108,0.0,0.0
DTXSID6046343,2108,0.0,0.0
DTXSID6046345,2108,0.0,0.0
DTXSID6046347,2108,,
DTXSID6046349,2108,0.03523190938246887,0.0
DTXSID6046391,2108,,
DTXSID6046395,2108,0.0,0.0
DTXSID6046399,2108,0.9863445318614648,1.0
DTXSID6046420,2108,0.0,0.0
DTXSID6046422,2108,0.0,0.0
DTXSID6046424,2108,0.0,0.0
DTXSID6046426,2108,0.0,0.0
DTXSID6046428,2108,0.05632392723343257,0.0
DTXSID6046470,2108,0.0,0.0
DTXSID6046472,2108,0.9170271955162975,1.0
DTXSID6046474,2108,0.0,0.0
DTXSID6046478,2108,0.971562754602805,1.0
DTXSID6046501,2108,4.7900331213765055e-18,0.0
DTXSID6046503,2108,0.0,0.0
DTXSID6046505,2108,0.0,0.0
DTXSID6046507,2108,0.9999999432719151,1.0
DTXSID6046553,2108,4.968213364128793e-13,0.0
DTXSID6046555,2108,0.997955849412554,1.0
DTXSID6046557,2108,0.9041973337144681,1.0
DTXSID6046634,2108,6.056242309665483e-12,0.0
DTXSID6046638,2108,0.0,0.0
DTXSID6046688,2108,2.7176702081852107e-15,0.0
DTXSID6046715,2108,0.0,0.0
DTXSID6046767,2108,2.36245529905642e-14,0.0
DTXSID6046842,2108,0.0,0.0
DTXSID6046890,2108,0.0,0.0
DTXSID6046892,2108,0.9996475595985799,1.0
DTXSID6046896,2108,0.0,0.0
DTXSID6046925,2108,1.2963274836256466e-08,0.0
DTXSID6046977,2108,0.0,0.0
DTXSID6046979,2108,0.05454894832747824,0.0
DTXSID6047028,2108,0.0,0.0
DTXSID6047070,2108,0.0,0.0
DTXSID6047072,2108,0.0,0.0
DTXSID6047074,2108,0.0,0.0
DTXSID6047078,2108,0.0,0.0
DTXSID6047101,2108,0.0,0.0
DTXSID6047103,2108,0.0,0.0
DTXSID6047105,2108,7.034923741485075e-08,0.0
DTXSID6047107,2108,0.0,0.0
DTXSID6047109,2108,0.0,0.0
DTXSID6047155,2108,0.0,0.0
DTXSID6047157,2108,0.0,0.0
DTXSID6047159,2108,0.0,0.0
DTXSID6047236,2108,0.0,0.0
DTXSID6047280,2108,0.9966966377792673,1.0
DTXSID6047282,2108,6.292629483410607e-15,0.0
DTXSID6047284,2108,0.0,0.0
DTXSID6047286,2108,0.0,0.0
DTXSID6047288,2108,0.16523283327403454,0.0
DTXSID6047311,2108,0.9999984784271819,1.0
DTXSID6047313,2108,0.4602921544399556,0.0
DTXSID6047315,2108,0.9543688725169341,1.0
DTXSID6047319,2108,0.0,0.0
DTXSID6047363,2108,0.7296072296972721,0.0
DTXSID6047369,2108,0.9661009080915601,1.0
DTXSID6047440,2108,0.0,0.0
DTXSID6047444,2108,0.020329350457173836,0.0
DTXSID6047446,2108,0.9999690751207918,1.0
DTXSID6047448,2108,0.0,0.0
DTXSID6047490,2108,0.0,0.0
DTXSID6047498,2108,1.0,1.0
DTXSID6047523,2108,0.0,0.0
DTXSID6047525,2108,0.0,0.0
DTXSID6047527,2108,9.945225256883352e-14,0.0
DTXSID6047529,2108,0.0,0.0
DTXSID6047579,2108,0.0,0.0
DTXSID6047602,2108,0.0003447883896667461,0.0
DTXSID6047604,2108,0.0,0.0
DTXSID6047606,2108,0.0,0.0
DTXSID6047608,2108,0.0,0.0
DTXSID6047654,2108,0.0,0.0
DTXSID6047656,2108,0.0,0.0
DTXSID6047781,2108,1.4882528978785528e-17,0.0
DTXSID6047783,2108,0.1396185898844114,0.0
DTXSID6047785,2108,0.9995890492641506,1.0
DTXSID6047787,2108,0.08566684186254685,0.0
DTXSID6047789,2108,,
DTXSID6047818,2108,0.04085487007544856,0.0
DTXSID6047941,2108,0.00015539919864988218,0.0
DTXSID6047943,2108,0.9999999913168621,1.0
DTXSID6047945,2108,5.696326754396139e-08,0.0
DTXSID6047947,2108,8.813026274297761e-11,0.0
DTXSID6047949,2108,0.1606847484129104,0.0
DTXSID6048171,2108,0.0,0.0
DTXSID6048175,2108,0.9999951669358557,1.0
DTXSID6048200,2108,0.0,0.0
DTXSID6048202,2108,0.0,0.0
DTXSID6048204,2108,0.0,0.0
DTXSID6048206,2108,0.0,0.0
DTXSID6048208,2108,0.0,0.0
DTXSID6048383,2108,0.0,0.0
DTXSID6048591,2108,0.0,0.0
DTXSID6048597,2108,0.0,0.0
DTXSID6048620,2108,0.0,0.0
DTXSID6048672,2108,0.0,0.0
DTXSID6048674,2108,1.3329834338882792e-08,0.0
DTXSID6048676,2108,1.5363076286058794e-15,0.0
DTXSID6048830,2108,0.0,0.0
DTXSID6048834,2108,0.0,0.0
DTXSID6048836,2108,0.0,0.0
DTXSID6048838,2108,0.0,0.0
DTXSID6048880,2108,7.516339263204164e-05,0.0
DTXSID6048882,2108,0.6134363993861586,0.0
DTXSID6048884,2108,1.4431089901028248e-09,0.0
DTXSID6048886,2108,5.2847742947177204e-08,0.0
DTXSID6048888,2108,0.1405493950134618,0.0
DTXSID6048915,2108,0.9994007906047605,1.0
DTXSID6048919,2108,0.9940707334697217,1.0
DTXSID6048961,2108,1.0,1.0
DTXSID6048965,2108,0.0,0.0
DTXSID6048967,2108,0.9998737781508443,1.0
DTXSID6049018,2108,,
DTXSID6049060,2108,0.9691244943441346,1.0
DTXSID6049064,2108,7.172756470427423e-07,0.0
DTXSID6049066,2108,0.9999999999661454,1.0
DTXSID6049068,2108,0.0,0.0
DTXSID6049220,2108,0.01124105105175955,0.0
DTXSID6049222,2108,7.494087155240071e-13,0.0
DTXSID6049224,2108,0.0,0.0
DTXSID6049226,2108,0.9999999503083854,1.0
DTXSID6049228,2108,0.9999999999999827,1.0
DTXSID6049270,2108,0.0,0.0
DTXSID6049272,2108,0.9999901676349692,1.0
DTXSID6049274,2108,0.0,0.0
DTXSID6049276,2108,0.0,0.0
DTXSID6049278,2108,0.0,0.0
DTXSID6049301,2108,0.0005638731187007099,0.0
DTXSID6049303,2108,0.0,0.0
DTXSID6049305,2108,0.0,0.0
DTXSID6049307,2108,7.404232401990933e-07,0.0
DTXSID6049309,2108,0.0,0.0
DTXSID6049351,2108,0.9999999999631195,1.0
DTXSID6049353,2108,0.07256224898659464,0.0
DTXSID6049355,2108,0.0,0.0
DTXSID6049357,2108,0.0,0.0
DTXSID6049359,2108,0.9999999999896217,1.0
DTXSID6049430,2108,0.98666103050808,1.0
DTXSID6049432,2108,0.0,0.0
DTXSID6049480,2108,5.47633943909766e-12,0.0
DTXSID6049482,2108,2.212003991329976e-12,0.0
DTXSID6049484,2108,0.0,0.0
DTXSID6049486,2108,0.0,0.0
DTXSID6049488,2108,0.0,0.0
DTXSID6049511,2108,0.9654313354266548,1.0
DTXSID6049513,2108,0.005670866388977151,0.0
DTXSID6049515,2108,,
DTXSID6049517,2108,0.0,0.0
DTXSID6049519,2108,0.0,0.0
DTXSID6049561,2108,0.1151140720553297,0.0
DTXSID6050386,2108,,
DTXSID6051306,2108,0.912776271849991,1.0
DTXSID6051560,2108,0.0,0.0
DTXSID6051564,2108,0.0,0.0
DTXSID6051566,2108,0.9999969325235821,1.0
DTXSID6051695,2108,0.9999849918814252,1.0
DTXSID6051724,2108,0.0436630724381841,0.0
DTXSID6051778,2108,0.0,0.0
DTXSID6052112,2108,0.0,0.0
DTXSID6052291,2108,0.0,0.0
DTXSID6052295,2108,0.0,0.0
DTXSID6052299,2108,0.0,0.0
DTXSID6052328,2108,0.0,0.0
DTXSID6052536,2108,0.0,0.0
DTXSID6052538,2108,7.777341244204506e-17,0.0
DTXSID6052619,2108,0.0,0.0
DTXSID6052740,2108,0.0,0.0
DTXSID6057611,2108,0.0,0.0
DTXSID6057613,2108,0.07411421819186725,0.0
DTXSID6057615,2108,0.0,0.0
DTXSID6057617,2108,0.0,0.0
DTXSID6057619,2108,1.0,1.0
DTXSID6057661,2108,4.9818368497137156e-15,0.0
DTXSID6057663,2108,0.0,0.0
DTXSID6057665,2108,8.578456160249247e-18,0.0
DTXSID6057667,2108,1.208359031231949e-08,0.0
DTXSID6057669,2108,,
DTXSID6057740,2108,2.7991224359107856e-15,0.0
DTXSID6057742,2108,0.0,0.0
DTXSID6057744,2108,1.0203341033596331e-07,0.0
DTXSID6057746,2108,0.0014046627208249211,0.0
DTXSID6057748,2108,0.19847359111241425,0.0
DTXSID6057790,2108,,
DTXSID6057794,2108,0.0,0.0
DTXSID6057796,2108,0.0,0.0
DTXSID6057798,2108,3.0136095439519077e-06,0.0
DTXSID6057821,2108,0.0,0.0
DTXSID6057823,2108,0.7519328334205607,0.0
DTXSID6057825,2108,0.0,0.0
DTXSID6057827,2108,0.0,0.0
DTXSID6057829,2108,,
DTXSID7020005,2108,0.0,0.0
DTXSID7020007,2108,0.0,0.0
DTXSID7020009,2108,0.0,0.0
DTXSID7020053,2108,0.9971093803124773,1.0
DTXSID7020057,2108,0.0,0.0
DTXSID7020138,2108,0.11975098031347424,0.0
DTXSID7020182,2108,0.9817922637951095,1.0
DTXSID7020184,2108,0.020596207517500045,0.0
DTXSID7020211,2108,0.16845891230029073,0.0
DTXSID7020213,2108,0.9288344316861071,1.0
DTXSID7020215,2108,0.012937981861792664,0.0
DTXSID7020261,2108,0.0,0.0
DTXSID7020263,2108,0.6548818879893137,0.0
DTXSID7020265,2108,0.0,0.0
DTXSID7020267,2108,0.9985942218293324,1.0
DTXSID7020340,2108,0.0,0.0
DTXSID7020344,2108,4.322254447406503e-06,0.0
DTXSID7020348,2108,1.2068548639205973e-15,0.0
DTXSID7020390,2108,0.0,0.0
DTXSID7020392,2108,0.0,0.0
DTXSID7020398,2108,0.9999999999808924,1.0
DTXSID7020421,2108,5.766325984397128e-17,0.0
DTXSID7020423,2108,0.999807349955528,1.0
DTXSID7020425,2108,0.9999999999989079,1.0
DTXSID7020427,2108,0.9607824814836786,1.0
DTXSID7020479,2108,0.001749669016276174,0.0
DTXSID7020504,2108,0.9619693392503786,1.0
DTXSID7020508,2108,0.9997379492254246,1.0
DTXSID7020550,2108,0.9999945593919956,1.0
DTXSID7020552,2108,2.116570097388156e-07,0.0
DTXSID7020558,2108,1.0,1.0
DTXSID7020631,2108,,
DTXSID7020635,2108,0.9999998022645128,1.0
DTXSID7020681,2108,0.0,0.0
DTXSID7020683,2108,0.0,0.0
DTXSID7020685,2108,0.0,0.0
DTXSID7020687,2108,0.5455508321949551,0.0
DTXSID7020689,2108,0.0,0.0
DTXSID7020710,2108,0.0024455555881717573,0.0
DTXSID7020714,2108,1.815461316247896e-08,0.0
DTXSID7020716,2108,0.9999999759336841,1.0
DTXSID7020760,2108,0.0,0.0
DTXSID7020762,2108,0.9999190466653063,1.0
DTXSID7020764,2108,0.0,0.0
DTXSID7020766,2108,0.0,0.0
DTXSID7020768,2108,0.9967932065898885,1.0
DTXSID7020841,2108,1.909793284429461e-18,0.0
DTXSID7020843,2108,0.9989702122415257,1.0
DTXSID7020845,2108,0.0,0.0
DTXSID7020847,2108,0.0,0.0
DTXSID7020893,2108,0.028478563607321657,0.0
DTXSID7020895,2108,0.0,0.0
DTXSID7020899,2108,0.0,0.0
DTXSID7020920,2108,0.05248901133009783,0.0
DTXSID7020922,2108,0.0,0.0
DTXSID7020928,2108,0.0,0.0
DTXSID7020970,2108,0.975787447592535,1.0
DTXSID7020972,2108,0.9948927792686286,1.0
DTXSID7020976,2108,0.0,0.0
DTXSID7020978,2108,0.0,0.0
DTXSID7021027,2108,0.0,0.0
DTXSID7021029,2108,0.0,0.0
DTXSID7021100,2108,0.0019498597432374963,0.0
DTXSID7021102,2108,0.0,0.0
DTXSID7021104,2108,1.8989007811608896e-12,0.0
DTXSID7021106,2108,0.9999071548809715,1.0
DTXSID7021150,2108,1.0,1.0
DTXSID7021152,2108,3.474875368301759e-07,0.0
DTXSID7021156,2108,0.0,0.0
DTXSID7021158,2108,4.933180199356659e-09,0.0
DTXSID7021231,2108,0.0,0.0
DTXSID7021233,2108,0.9999979108293722,1.0
DTXSID7021235,2108,0.0,0.0
DTXSID7021237,2108,0.9999557447315485,1.0
DTXSID7021239,2108,0.00016018462839810643,0.0
DTXSID7021283,2108,0.9998000236138217,1.0
DTXSID7021287,2108,0.0,0.0
DTXSID7021289,2108,4.899369754051923e-07,0.0
DTXSID7021312,2108,0.9955685437797945,1.0
DTXSID7021314,2108,0.9999999999168377,1.0
DTXSID7021316,2108,0.6328566962655049,0.0
DTXSID7021318,2108,2.2235043319689447e-10,0.0
DTXSID7021360,2108,0.0,0.0
DTXSID7021362,2108,0.0,0.0
DTXSID7021364,2108,2.209234248267674e-10,0.0
DTXSID7021366,2108,0.0,0.0
DTXSID7021368,2108,0.9999373554150713,1.0
DTXSID7021491,2108,0.0,0.0
DTXSID7021493,2108,0.0,0.0
DTXSID7021495,2108,0.0,0.0
DTXSID7021499,2108,0.0,0.0
DTXSID7021520,2108,0.9998206510319887,1.0
DTXSID7021524,2108,0.0,0.0
DTXSID7021526,2108,4.540371488376581e-07,0.0
DTXSID7021576,2108,0.0,0.0
DTXSID7021601,2108,8.857055169529499e-14,0.0
DTXSID7021603,2108,0.0,0.0
DTXSID7021605,2108,0.8067396767738014,0.0
DTXSID7021607,2108,0.0,0.0
DTXSID7021653,2108,0.0,0.0
DTXSID7021655,2108,0.0,0.0
DTXSID7021657,2108,0.0,0.0
DTXSID7021659,2108,9.193096949287411e-08,0.0
DTXSID7021780,2108,0.0,0.0
DTXSID7021782,2108,0.0,0.0
DTXSID7021784,2108,0.9888092159826871,1.0
DTXSID7021788,2108,0.9904755663552319,1.0
DTXSID7021815,2108,0.0,0.0
DTXSID7021817,2108,0.0,0.0
DTXSID7021861,2108,0.0,0.0
DTXSID7021863,2108,0.0,0.0
DTXSID7021867,2108,0.9982030326226888,1.0
DTXSID7021869,2108,1.2948294755027837e-15,0.0
DTXSID7021940,2108,,
DTXSID7021946,2108,0.0,0.0
DTXSID7021948,2108,0.0,0.0
DTXSID7021992,2108,0.0,0.0
DTXSID7021994,2108,,
DTXSID7021996,2108,0.3479318306000889,0.0
DTXSID7021998,2108,0.0,0.0
DTXSID7022043,2108,0.0,0.0
DTXSID7022049,2108,0.0,0.0
DTXSID7022093,2108,0.0,0.0
DTXSID7022120,2108,0.0,0.0
DTXSID7022124,2108,0.0,0.0
DTXSID7022128,2108,0.0,0.0
DTXSID7022170,2108,0.0,0.0
DTXSID7022172,2108,0.0,0.0
DTXSID7022174,2108,0.0,0.0
DTXSID7022253,2108,0.9993474572460035,1.0
DTXSID7022332,2108,0.4122794196285096,0.0
DTXSID7022382,2108,0.7434236884052485,0.0
DTXSID7022384,2108,0.9999997347978645,1.0
DTXSID7022411,2108,0.0,0.0
DTXSID7022413,2108,1.210380558326686e-07,0.0
DTXSID7022415,2108,0.0,0.0
DTXSID7022417,2108,0.0,0.0
DTXSID7022540,2108,0.0,0.0
DTXSID7022544,2108,0.0,0.0
DTXSID7022546,2108,0.0,0.0
DTXSID7022590,2108,,
DTXSID7022592,2108,1.6449570220371093e-09,0.0
DTXSID7022598,2108,0.04751933521293759,0.0
DTXSID7022629,2108,0.0,0.0
DTXSID7022673,2108,0.505595282387779,0.0
DTXSID7022679,2108,0.0,0.0
DTXSID7022704,2108,0.12261583946655037,0.0
DTXSID7022833,2108,0.0,0.0
DTXSID7022835,2108,1.1518958642314467e-10,0.0
DTXSID7022837,2108,0.9997907198034722,1.0
DTXSID7022883,2108,0.9999999999869343,1.0
DTXSID7022910,2108,0.0,0.0
DTXSID7022912,2108,0.0,0.0
DTXSID7022914,2108,0.0,0.0
DTXSID7022918,2108,0.0,0.0
DTXSID7022968,2108,0.0,0.0
DTXSID7023011,2108,0.0,0.0
DTXSID7023019,2108,0.0,0.0
DTXSID7023061,2108,0.0,0.0
DTXSID7023063,2108,6.897620173668902e-11,0.0
DTXSID7023067,2108,0.9976353399416076,1.0
DTXSID7023140,2108,1.8962950146421281e-10,0.0
DTXSID7023146,2108,0.0,0.0
DTXSID7023148,2108,0.0,0.0
DTXSID7023190,2108,0.9958038595193724,1.0
DTXSID7023192,2108,0.0,0.0
DTXSID7023194,2108,0.0,0.0
DTXSID7023221,2108,0.9963782591835394,1.0
DTXSID7023227,2108,0.9740590369404064,1.0
DTXSID7023271,2108,0.0,0.0
DTXSID7023277,2108,6.09458653084157e-20,0.0
DTXSID7023300,2108,0.2802838884227168,0.0
DTXSID7023350,2108,0.995979153942862,1.0
DTXSID7023352,2108,0.0,0.0
DTXSID7023356,2108,0.9829076364718904,1.0
DTXSID7023437,2108,0.0,0.0
DTXSID7023481,2108,0.9988358300687209,1.0
DTXSID7023485,2108,0.0,0.0
DTXSID7023487,2108,0.0,0.0
DTXSID7023510,2108,0.0,0.0
DTXSID7023512,2108,0.0,0.0
DTXSID7023516,2108,0.0,0.0
DTXSID7023518,2108,0.9396887823778026,1.0
DTXSID7023568,2108,0.0,0.0
DTXSID7023645,2108,1.0483722520116993e-16,0.0
DTXSID7023691,2108,0.0,0.0
DTXSID7023697,2108,0.9702035545542582,1.0
DTXSID7023699,2108,0.0,0.0
DTXSID7023722,2108,0.0,0.0
DTXSID7023724,2108,,
DTXSID7023853,2108,0.0,0.0
DTXSID7023930,2108,0.0,0.0
DTXSID7023932,2108,0.9999182566470072,1.0
DTXSID7023936,2108,0.0,0.0
DTXSID7023938,2108,0.0,0.0
DTXSID7023980,2108,0.0,0.0
DTXSID7023986,2108,0.9995398774552946,1.0
DTXSID7024031,2108,0.0,0.0
DTXSID7024035,2108,0.0,0.0
DTXSID7024081,2108,0.9999835290065465,1.0
DTXSID7024085,2108,0.0,0.0
DTXSID7024087,2108,0.0,0.0
DTXSID7024110,2108,0.0,0.0
DTXSID7024112,2108,0.0,0.0
DTXSID7024160,2108,0.0,0.0
DTXSID7024164,2108,1.338437842733935e-16,0.0
DTXSID7024166,2108,0.0,0.0
DTXSID7024241,2108,0.0015904792851332472,0.0
DTXSID7024245,2108,0.0,0.0
DTXSID7024247,2108,0.0,0.0
DTXSID7024291,2108,0.999820232544781,1.0
DTXSID7024299,2108,0.9878489388963576,1.0
DTXSID7024320,2108,0.0,0.0
DTXSID7024328,2108,1.0111763483612135e-15,0.0
DTXSID7024370,2108,0.0,0.0
DTXSID7024376,2108,0.0,0.0
DTXSID7024409,2108,0.0,0.0
DTXSID7024455,2108,0.0,0.0
DTXSID7024457,2108,,
DTXSID7024532,2108,0.02301306205221894,0.0
DTXSID7024534,2108,0.13776598950278612,0.0
DTXSID7024538,2108,0.0,0.0
DTXSID7024580,2108,8.356382576136024e-19,0.0
DTXSID7024586,2108,0.0,0.0
DTXSID7024615,2108,0.0,0.0
DTXSID7024661,2108,0.0,0.0
DTXSID7024667,2108,0.13119628341707223,0.0
DTXSID7024740,2108,0.0,0.0
DTXSID7024742,2108,3.0834040655626e-08,0.0
DTXSID7024798,2108,1.3826521700150309e-14,0.0
DTXSID7024821,2108,0.0,0.0
DTXSID7024827,2108,0.9998822298807901,1.0
DTXSID7024873,2108,0.0,0.0
DTXSID7024875,2108,0.9921157022361565,1.0
DTXSID7024902,2108,0.9999999999999923,1.0
DTXSID7024904,2108,1.3543271764893838e-17,0.0
DTXSID7024906,2108,,
DTXSID7024950,2108,5.11797757697166e-06,0.0
DTXSID7024952,2108,0.0,0.0
DTXSID7024956,2108,0.9999999999757575,1.0
DTXSID7025001,2108,8.169446701524148e-11,0.0
DTXSID7025003,2108,4.623397424194967e-15,0.0
DTXSID7025005,2108,0.31909147863083653,0.0
DTXSID7025051,2108,,
DTXSID7025053,2108,0.0,0.0
DTXSID7025055,2108,1.3057678056749041e-14,0.0
DTXSID7025130,2108,0.9928465781455896,1.0
DTXSID7025132,2108,0.0,0.0
DTXSID7025134,2108,0.014349839894063209,0.0
DTXSID7025136,2108,0.0,0.0
DTXSID7025138,2108,0.9999928976650942,1.0
DTXSID7025180,2108,0.0061490721926369665,0.0
DTXSID7025215,2108,0.0,0.0
DTXSID7025217,2108,5.255289017240321e-17,0.0
DTXSID7025219,2108,1.2278552216646918e-10,0.0
DTXSID7025269,2108,0.8707993383624217,0.0
DTXSID7025342,2108,0.9815151879885029,1.0
DTXSID7025346,2108,1.6930883982300753e-06,0.0
DTXSID7025390,2108,,
DTXSID7025394,2108,8.566485677309302e-06,0.0
DTXSID7025421,2108,0.7529084380216058,0.0
DTXSID7025423,2108,0.0,0.0
DTXSID7025425,2108,0.0,0.0
DTXSID7025427,2108,0.0,0.0
DTXSID7025429,2108,0.9999725476652112,1.0
DTXSID7025479,2108,0.0,0.0
DTXSID7025502,2108,0.0,0.0
DTXSID7025506,2108,0.9980325380055645,1.0
DTXSID7025508,2108,0.001187088999022721,0.0
DTXSID7025558,2108,0.8724957733470674,0.0
DTXSID7025633,2108,0.0,0.0
DTXSID7025635,2108,0.0,0.0
DTXSID7025637,2108,0.9999828744184511,1.0
DTXSID7025639,2108,0.0,0.0
DTXSID7025689,2108,2.292176758935423e-08,0.0
DTXSID7025716,2108,0.999981528264849,1.0
DTXSID7025764,2108,0.0,0.0
DTXSID7025768,2108,0.0,0.0
DTXSID7025849,2108,0.0,0.0
DTXSID7025895,2108,0.9999977393466443,1.0
DTXSID7025922,2108,0.0,0.0
DTXSID7025924,2108,0.0,0.0
DTXSID7025926,2108,0.9838774669647579,1.0
DTXSID7025972,2108,0.9803463772957592,1.0
DTXSID7026025,2108,0.0,0.0
DTXSID7026029,2108,0.0,0.0
DTXSID7026102,2108,1.5879960615394782e-12,0.0
DTXSID7026108,2108,0.0,0.0
DTXSID7026156,2108,0.0,0.0
DTXSID7026231,2108,0.0,0.0
DTXSID7026235,2108,0.0,0.0
DTXSID7026285,2108,0.9965561047029827,1.0
DTXSID7026314,2108,1.0,1.0
DTXSID7026318,2108,2.0323767614246035e-07,0.0
DTXSID7026366,2108,0.0,0.0
DTXSID7026368,2108,0.0,0.0
DTXSID7026441,2108,0.0,0.0
DTXSID7026499,2108,0.0,0.0
DTXSID7026520,2108,2.2019505214576074e-10,0.0
DTXSID7026526,2108,0.0,0.0
DTXSID7026528,2108,0.0,0.0
DTXSID7026572,2108,9.978442291199771e-09,0.0
DTXSID7026605,2108,0.0,0.0
DTXSID7026609,2108,0.0,0.0
DTXSID7026653,2108,0.0,0.0
DTXSID7026655,2108,0.975000204726573,1.0
DTXSID7026811,2108,0.0006401780628859773,0.0
DTXSID7026863,2108,0.0,0.0
DTXSID7026867,2108,0.0,0.0
DTXSID7026946,2108,1.0907648275957767e-11,0.0
DTXSID7026994,2108,0.0,0.0
DTXSID7026998,2108,0.0,0.0
DTXSID7027041,2108,1.4844749114414752e-07,0.0
DTXSID7027043,2108,0.0,0.0
DTXSID7027047,2108,0.0,0.0
DTXSID7027049,2108,,
DTXSID7027097,2108,0.0,0.0
DTXSID7027099,2108,0.0,0.0
DTXSID7027120,2108,0.0,0.0
DTXSID7027122,2108,0.0,0.0
DTXSID7027174,2108,0.0,0.0
DTXSID7027178,2108,0.0,0.0
DTXSID7027201,2108,0.0,0.0
DTXSID7027205,2108,0.0,0.0
DTXSID7027253,2108,0.0,0.0
DTXSID7027259,2108,0.0,0.0
DTXSID7027334,2108,0.0,0.0
DTXSID7027338,2108,0.0,0.0
DTXSID7027386,2108,0.0,0.0
DTXSID7027388,2108,0.0,0.0
DTXSID7027413,2108,0.0,0.0
DTXSID7027461,2108,0.999074624872522,1.0
DTXSID7027467,2108,0.0,0.0
DTXSID7027540,2108,7.25350923738654e-11,0.0
DTXSID7027542,2108,0.0,0.0
DTXSID7027544,2108,0.0,0.0
DTXSID7027546,2108,0.0,0.0
DTXSID7027594,2108,,
DTXSID7027596,2108,0.0,0.0
DTXSID7027598,2108,0.0,0.0
DTXSID7027625,2108,0.0,0.0
DTXSID7027756,2108,5.384571699819092e-14,0.0
DTXSID7027833,2108,0.0,0.0
DTXSID7027835,2108,0.0,0.0
DTXSID7027837,2108,8.160340305458885e-12,0.0
DTXSID7027887,2108,0.0,0.0
DTXSID7027916,2108,0.0,0.0
DTXSID7027966,2108,0.0,0.0
DTXSID7028011,2108,0.0,0.0
DTXSID7028013,2108,0.0,0.0
DTXSID7028015,2108,0.9999999996705474,1.0
DTXSID7028300,2108,0.0,0.0
DTXSID7028306,2108,4.795647612795043e-14,0.0
DTXSID7028774,2108,2.726952007967317e-10,0.0
DTXSID7028776,2108,,
DTXSID7029110,2108,0.0,0.0
DTXSID7029160,2108,0.0,0.0
DTXSID7029162,2108,4.58977376577175e-11,0.0
DTXSID7029164,2108,,
DTXSID7029166,2108,0.0,0.0
DTXSID7029241,2108,0.9999072202187987,1.0
DTXSID7029247,2108,0.0,0.0
DTXSID7029249,2108,2.8184509204598863e-15,0.0
DTXSID7029299,2108,4.505455204971047e-18,0.0
DTXSID7029320,2108,0.0,0.0
DTXSID7029534,2108,5.987652517709316e-05,0.0
DTXSID7029611,2108,0.0,0.0
DTXSID7029617,2108,0.0,0.0
DTXSID7029619,2108,0.0,0.0
DTXSID7029661,2108,0.0,0.0
DTXSID7029665,2108,0.0,0.0
DTXSID7029871,2108,0.9996316947976994,1.0
DTXSID7029879,2108,0.9999999748371848,1.0
DTXSID7029904,2108,,
DTXSID7030060,2108,0.0,0.0
DTXSID7030197,2108,0.0,0.0
DTXSID7030307,2108,3.311500018042054e-09,0.0
DTXSID7030432,2108,0.0,0.0
DTXSID7030698,2108,0.8195041433000649,0.0
DTXSID7031248,2108,0.808740933930048,0.0
DTXSID7031290,2108,,
DTXSID7031294,2108,0.0,0.0
DTXSID7031458,2108,0.5072221834170798,0.0
DTXSID7031531,2108,0.9993647404668037,1.0
DTXSID7031797,2108,4.766193609586076e-09,0.0
DTXSID7031903,2108,0.0,0.0
DTXSID7032004,2108,0.9991186131434049,1.0
DTXSID7032345,2108,0.9999977406823505,1.0
DTXSID7032393,2108,0.9226697371881382,1.0
DTXSID7032424,2108,0.0,0.0
DTXSID7032470,2108,1.5557570632856565e-07,0.0
DTXSID7032474,2108,1.2083225562816285e-12,0.0
DTXSID7032551,2108,0.9999999994575973,1.0
DTXSID7032553,2108,0.0,0.0
DTXSID7032555,2108,0.49403696966511035,0.0
DTXSID7032559,2108,4.355000319279909e-13,0.0
DTXSID7032630,2108,0.0,0.0
DTXSID7032638,2108,0.9999999999952801,1.0
DTXSID7032688,2108,1.097031706077586e-13,0.0
DTXSID7033105,2108,0.0,0.0
DTXSID7034042,2108,0.9999999999999989,1.0
DTXSID7034250,2108,0.4961484440139757,0.0
DTXSID7034252,2108,0.0,0.0
DTXSID7034383,2108,0.04335231034876229,0.0
DTXSID7034460,2108,0.0,0.0
DTXSID7034545,2108,0.9999999195480842,1.0
DTXSID7034549,2108,0.0,0.0
DTXSID7034624,2108,8.97728248393467e-14,0.0
DTXSID7034672,2108,0.031395022462927274,0.0
DTXSID7034674,2108,0.9999978533692674,1.0
DTXSID7034676,2108,0.0,0.0
DTXSID7034836,2108,0.0,0.0
DTXSID7034961,2108,0.0,0.0
DTXSID7035010,2108,0.0,0.0
DTXSID7035272,2108,,
DTXSID7035305,2108,0.0,0.0
DTXSID7037131,2108,3.398809627394072e-15,0.0
DTXSID7037185,2108,0.9776566734530384,1.0
DTXSID7037262,2108,0.08623910055212487,0.0
DTXSID7037478,2108,2.983455545755565e-11,0.0
DTXSID7037551,2108,0.0,0.0
DTXSID7037553,2108,1.8818907766473717e-05,0.0
DTXSID7037555,2108,0.0,0.0
DTXSID7037680,2108,0.0,0.0
DTXSID7037715,2108,0.861719109795854,0.0
DTXSID7037717,2108,0.9999075372555504,1.0
DTXSID7038317,2108,2.755743498962293e-07,0.0
DTXSID7038810,2108,0.0,0.0
DTXSID7038814,2108,0.0,0.0
DTXSID7038818,2108,0.0,0.0
DTXSID7038864,2108,0.9999958649736885,1.0
DTXSID7040152,2108,0.0,0.0
DTXSID7040154,2108,0.0,0.0
DTXSID7040283,2108,0.9963503859220849,1.0
DTXSID7040285,2108,0.0,0.0
DTXSID7040287,2108,9.246360491146472e-07,0.0
DTXSID7040289,2108,0.9935056287236671,1.0
DTXSID7040316,2108,0.0,0.0
DTXSID7040360,2108,0.003749440339464643,0.0
DTXSID7040362,2108,0.9998666201304337,1.0
DTXSID7040449,2108,0.9755526492751649,1.0
DTXSID7040526,2108,0.0,0.0
DTXSID7040653,2108,0.0,0.0
DTXSID7040657,2108,0.0,0.0
DTXSID7040732,2108,0.580316475418185,0.0
DTXSID7040734,2108,0.0,0.0
DTXSID7040736,2108,0.04988877612505211,0.0
DTXSID7040738,2108,0.9999721078018062,1.0
DTXSID7040784,2108,,
DTXSID7040788,2108,0.005837602254632132,0.0
DTXSID7040948,2108,0.0,0.0
DTXSID7040990,2108,0.9999999945064865,1.0
DTXSID7041047,2108,0.9832082108397836,1.0
DTXSID7041097,2108,0.007436798544960039,0.0
DTXSID7041126,2108,0.0,0.0
DTXSID7041178,2108,0.0,0.0
DTXSID7041201,2108,0.0,0.0
DTXSID7041209,2108,0.0,0.0
DTXSID7041253,2108,0.0,0.0
DTXSID7041336,2108,0.9852460535189723,1.0
DTXSID7041388,2108,0.0,0.0
DTXSID7041411,2108,0.9999999293354771,1.0
DTXSID7041413,2108,0.0,0.0
DTXSID7041417,2108,0.0,0.0
DTXSID7041461,2108,0.9999999999999999,1.0
DTXSID7041467,2108,0.0,0.0
DTXSID7041540,2108,0.0,0.0
DTXSID7041544,2108,0.0,0.0
DTXSID7041621,2108,0.0,0.0
DTXSID7041623,2108,0.8900250307912663,0.0
DTXSID7041625,2108,0.0,0.0
DTXSID7041627,2108,0.0,0.0
DTXSID7041629,2108,0.9999999999887316,1.0
DTXSID7041671,2108,0.23480734781738052,0.0
DTXSID7041675,2108,0.0,0.0
DTXSID7041708,2108,4.1755514172741654e-11,0.0
DTXSID7041752,2108,0.9999836161322844,1.0
DTXSID7041756,2108,0.5106563050563248,0.0
DTXSID7041883,2108,0.9999999643981382,1.0
DTXSID7041887,2108,0.9999999999999943,1.0
DTXSID7041889,2108,0.0,0.0
DTXSID7041910,2108,4.887018600507781e-14,0.0
DTXSID7041914,2108,0.0,0.0
DTXSID7041916,2108,0.0,0.0
DTXSID7041918,2108,0.5393076894729648,0.0
DTXSID7041962,2108,0.0,0.0
DTXSID7041964,2108,0.03435577526922592,0.0
DTXSID7041966,2108,0.6862388323578407,0.0
DTXSID7042011,2108,8.99751363436435e-05,0.0
DTXSID7042019,2108,0.9963808421961012,1.0
DTXSID7042061,2108,0.0,0.0
DTXSID7042063,2108,0.0,0.0
DTXSID7042065,2108,3.620857431908044e-15,0.0
DTXSID7042140,2108,0.0,0.0
DTXSID7042146,2108,0.0,0.0
DTXSID7042190,2108,4.869677785061232e-13,0.0
DTXSID7042196,2108,0.0,0.0
DTXSID7042198,2108,4.8994905203246006e-06,0.0
DTXSID7042273,2108,0.46119924020496966,0.0
DTXSID7042279,2108,0.0,0.0
DTXSID7042352,2108,0.015100487082481923,0.0
DTXSID7042356,2108,,
DTXSID7042437,2108,0.10693318526614058,0.0
DTXSID7042514,2108,0.0,0.0
DTXSID7043829,2108,0.9935499514915431,1.0
DTXSID7043873,2108,0.0,0.0
DTXSID7043902,2108,0.0,0.0
DTXSID7043908,2108,0.0,0.0
DTXSID7043950,2108,0.0,0.0
DTXSID7044132,2108,,
DTXSID7044215,2108,0.19430459103958023,0.0
DTXSID7044217,2108,0.0,0.0
DTXSID7044267,2108,0.0,0.0
DTXSID7044340,2108,0.0,0.0
DTXSID7044342,2108,0.9543871907396494,1.0
DTXSID7044346,2108,,
DTXSID7044390,2108,0.9999999999840282,1.0
DTXSID7044392,2108,0.0,0.0
DTXSID7044394,2108,0.9998556109031747,1.0
DTXSID7044396,2108,0.0,0.0
DTXSID7044398,2108,0.0001498524108873278,0.0
DTXSID7044421,2108,0.0,0.0
DTXSID7044423,2108,0.0,0.0
DTXSID7044425,2108,0.0,0.0
DTXSID7044427,2108,0.0,0.0
DTXSID7044429,2108,0.0,0.0
DTXSID7044471,2108,2.7318304228446443e-11,0.0
DTXSID7044473,2108,0.0,0.0
DTXSID7044475,2108,0.0,0.0
DTXSID7044479,2108,0.8198701669874373,0.0
DTXSID7044500,2108,0.0,0.0
DTXSID7044502,2108,0.0,0.0
DTXSID7044504,2108,0.9999999941372434,1.0
DTXSID7044506,2108,0.0,0.0
DTXSID7044508,2108,0.0,0.0
DTXSID7044552,2108,0.0,0.0
DTXSID7044554,2108,0.0,0.0
DTXSID7044558,2108,0.9961602353314079,1.0
DTXSID7044631,2108,0.0,0.0
DTXSID7044633,2108,0.0,0.0
DTXSID7044635,2108,0.9559825203209096,1.0
DTXSID7044639,2108,0.999999987683648,1.0
DTXSID7044681,2108,1.6456565937533098e-06,0.0
DTXSID7044685,2108,0.0,0.0
DTXSID7044689,2108,0.0,0.0
DTXSID7044710,2108,0.9945178753360552,1.0
DTXSID7044712,2108,0.0,0.0
DTXSID7044714,2108,0.0,0.0
DTXSID7044716,2108,0.0,0.0
DTXSID7044718,2108,0.0,0.0
DTXSID7044760,2108,0.16819254487543986,0.0
DTXSID7044762,2108,0.0,0.0
DTXSID7044764,2108,,
DTXSID7044768,2108,0.0,0.0
DTXSID7044841,2108,0.9575880444636837,1.0
DTXSID7044843,2108,0.9999846064952164,1.0
DTXSID7044845,2108,0.0,0.0
DTXSID7044847,2108,0.0,0.0
DTXSID7044849,2108,0.0,0.0
DTXSID7044893,2108,0.0,0.0
DTXSID7044895,2108,2.9780850841537656e-05,0.0
DTXSID7044897,2108,0.0,0.0
DTXSID7044899,2108,0.0,0.0
DTXSID7044922,2108,5.577663171280565e-11,0.0
DTXSID7044926,2108,1.2514288207104226e-09,0.0
DTXSID7044928,2108,0.0,0.0
DTXSID7044970,2108,0.0,0.0
DTXSID7044972,2108,0.0,0.0
DTXSID7044974,2108,0.0,0.0
DTXSID7044976,2108,0.0,0.0
DTXSID7044978,2108,5.784962541224634e-07,0.0
DTXSID7045029,2108,0.38828023521874777,0.0
DTXSID7045152,2108,0.9877874101665693,1.0
DTXSID7045158,2108,0.00046982426821585326,0.0
DTXSID7045281,2108,0.0,0.0
DTXSID7045287,2108,0.0,0.0
DTXSID7045310,2108,6.8565043576154894e-12,0.0
DTXSID7045312,2108,0.0,0.0
DTXSID7045316,2108,0.0,0.0
DTXSID7045364,2108,0.38458042528764597,0.0
DTXSID7045366,2108,0.0,0.0
DTXSID7045368,2108,0.0,0.0
DTXSID7045441,2108,1.562777233940464e-12,0.0
DTXSID7045447,2108,0.546179157165299,0.0
DTXSID7045493,2108,0.0,0.0
DTXSID7045497,2108,0.999999758432643,1.0
DTXSID7045522,2108,,
DTXSID7045526,2108,0.0,0.0
DTXSID7045570,2108,0.0,0.0
DTXSID7045572,2108,0.0,0.0
DTXSID7045574,2108,0.0,0.0
DTXSID7045576,2108,0.8012721228738736,0.0
DTXSID7045578,2108,0.0,0.0
DTXSID7045601,2108,0.9999999798272844,1.0
DTXSID7045607,2108,0.0,0.0
DTXSID7045651,2108,0.0,0.0
DTXSID7045653,2108,0.0,0.0
DTXSID7045655,2108,0.0,0.0
DTXSID7045659,2108,0.0021007299326287953,0.0
DTXSID7045788,2108,0.0,0.0
DTXSID7045811,2108,0.9999998798047915,1.0
DTXSID7045813,2108,0.0,0.0
DTXSID7045815,2108,2.526352445618882e-06,0.0
DTXSID7045863,2108,0.9998762249644191,1.0
DTXSID7045867,2108,0.9997692819415164,1.0
DTXSID7045940,2108,0.0,0.0
DTXSID7045942,2108,0.42244665534349096,0.0
DTXSID7045946,2108,0.0,0.0
DTXSID7045948,2108,0.0,0.0
DTXSID7045996,2108,0.0,0.0
DTXSID7046041,2108,0.0,0.0
DTXSID7046045,2108,0.0,0.0
DTXSID7046047,2108,0.0,0.0
DTXSID7046091,2108,0.9511309093803871,1.0
DTXSID7046093,2108,0.0,0.0
DTXSID7046095,2108,0.0,0.0
DTXSID7046126,2108,,
DTXSID7046128,2108,0.0,0.0
DTXSID7046174,2108,0.0,0.0
DTXSID7046176,2108,0.0,0.0
DTXSID7046201,2108,0.0,0.0
DTXSID7046207,2108,3.8836636303387354e-06,0.0
DTXSID7046332,2108,0.0,0.0
DTXSID7046384,2108,0.0,0.0
DTXSID7046386,2108,0.9999808621398927,1.0
DTXSID7046388,2108,0.0,0.0
DTXSID7046415,2108,3.458374391653377e-06,0.0
DTXSID7046417,2108,0.0,0.0
DTXSID7046419,2108,0.0,0.0
DTXSID7046461,2108,2.8428888424925536e-08,0.0
DTXSID7046463,2108,0.7735000066914745,0.0
DTXSID7046465,2108,0.8151306950031288,0.0
DTXSID7046467,2108,0.0,0.0
DTXSID7046594,2108,0.0,0.0
DTXSID7046623,2108,0.0,0.0
DTXSID7046627,2108,5.772952807411196e-08,0.0
DTXSID7046673,2108,0.0,0.0
DTXSID7046675,2108,0.9877679546518373,1.0
DTXSID7046677,2108,3.4141825866672125e-05,0.0
DTXSID7046706,2108,0.0,0.0
DTXSID7046756,2108,0.0,0.0
DTXSID7046831,2108,,
DTXSID7046887,2108,0.0,0.0
DTXSID7046889,2108,0.8670645835387695,0.0
DTXSID7046910,2108,2.925609383222792e-08,0.0
DTXSID7046912,2108,0.0,0.0
DTXSID7046914,2108,0.0,0.0
DTXSID7046966,2108,0.0,0.0
DTXSID7047061,2108,0.0,0.0
DTXSID7047065,2108,0.0,0.0
DTXSID7047067,2108,0.793067254154589,0.0
DTXSID7047140,2108,0.0,0.0
DTXSID7047142,2108,0.0,0.0
DTXSID7047144,2108,0.9999500707483092,1.0
DTXSID7047146,2108,0.9999932452073999,1.0
DTXSID7047190,2108,0.0,0.0
DTXSID7047192,2108,0.0,0.0
DTXSID7047196,2108,0.0,0.0
DTXSID7047198,2108,2.910228746622136e-06,0.0
DTXSID7047271,2108,0.9999999993459819,1.0
DTXSID7047277,2108,0.9999999999692493,1.0
DTXSID7047279,2108,0.0,0.0
DTXSID7047304,2108,0.9999999932311037,1.0
DTXSID7047306,2108,0.0,0.0
DTXSID7047308,2108,0.9527457385432841,1.0
DTXSID7047356,2108,9.288753332328499e-11,0.0
DTXSID7047358,2108,0.9999474478573258,1.0
DTXSID7047433,2108,0.9999302291039829,1.0
DTXSID7047435,2108,0.7150073772797236,0.0
DTXSID7047437,2108,,
DTXSID7047439,2108,0.0,0.0
DTXSID7047487,2108,0.0,0.0
DTXSID7047510,2108,0.0,0.0
DTXSID7047512,2108,0.0,0.0
DTXSID7047518,2108,0.0,0.0
DTXSID7047560,2108,0.0,0.0
DTXSID7047562,2108,0.0,0.0
DTXSID7047568,2108,8.032800612103542e-15,0.0
DTXSID7047641,2108,2.2509328296134925e-16,0.0
DTXSID7047643,2108,0.0,0.0
DTXSID7047645,2108,0.0,0.0
DTXSID7047647,2108,0.0,0.0
DTXSID7047649,2108,0.0,0.0
DTXSID7047691,2108,0.0,0.0
DTXSID7047693,2108,3.3138126011720317e-17,0.0
DTXSID7047697,2108,,
DTXSID7047726,2108,0.0,0.0
DTXSID7047772,2108,0.004135137486993727,0.0
DTXSID7047774,2108,1.2059473204318125e-07,0.0
DTXSID7047776,2108,0.9980060984827626,1.0
DTXSID7047801,2108,0.0,0.0
DTXSID7047803,2108,0.0,0.0
DTXSID7047807,2108,0.0,0.0
DTXSID7047853,2108,1.0,1.0
DTXSID7047930,2108,2.499907165009284e-07,0.0
DTXSID7047932,2108,0.0,0.0
DTXSID7047934,2108,0.999911131802145,1.0
DTXSID7047936,2108,0.9945400049855289,1.0
DTXSID7047938,2108,0.0,0.0
DTXSID7048166,2108,0.9999999999997963,1.0
DTXSID7048168,2108,0.9999881044845987,1.0
DTXSID7048580,2108,1.1475583015203344e-12,0.0
DTXSID7048582,2108,0.0,0.0
DTXSID7048619,2108,0.9999934809979165,1.0
DTXSID7048661,2108,1.0921882924283537e-06,0.0
DTXSID7048669,2108,0.0,0.0
DTXSID7048740,2108,5.828446630244508e-09,0.0
DTXSID7048744,2108,1.7595106445270133e-13,0.0
DTXSID7048746,2108,0.9872281801622935,1.0
DTXSID7048790,2108,0.0,0.0
DTXSID7048792,2108,0.0,0.0
DTXSID7048794,2108,0.0,0.0
DTXSID7048796,2108,0.0,0.0
DTXSID7048798,2108,0.9533821355640518,1.0
DTXSID7048821,2108,0.0,0.0
DTXSID7048823,2108,0.0,0.0
DTXSID7048825,2108,0.0,0.0
DTXSID7048827,2108,0.0,0.0
DTXSID7048829,2108,0.0,0.0
DTXSID7048871,2108,,
DTXSID7048873,2108,0.9626034802961297,1.0
DTXSID7048875,2108,0.43913408064805576,0.0
DTXSID7048877,2108,0.9999996291310809,1.0
DTXSID7048879,2108,0.016678931531063357,0.0
DTXSID7048900,2108,0.9952985860291301,1.0
DTXSID7048902,2108,0.0,0.0
DTXSID7048904,2108,0.9999980090640948,1.0
DTXSID7048908,2108,0.967838741714394,1.0
DTXSID7048954,2108,,
DTXSID7049003,2108,0.0,0.0
DTXSID7049007,2108,0.9999934258733206,1.0
DTXSID7049051,2108,0.9893876614168016,1.0
DTXSID7049055,2108,0.0,0.0
DTXSID7049059,2108,0.0,0.0
DTXSID7049211,2108,2.3470422514446228e-05,0.0
DTXSID7049213,2108,,
DTXSID7049215,2108,0.0,0.0
DTXSID7049217,2108,0.6344344839788324,0.0
DTXSID7049219,2108,0.0,0.0
DTXSID7049261,2108,0.9999302213485053,1.0
DTXSID7049263,2108,1.1852398951853545e-11,0.0
DTXSID7049265,2108,1.7863818491363758e-07,0.0
DTXSID7049267,2108,0.0,0.0
DTXSID7049269,2108,0.0,0.0
DTXSID7049340,2108,0.00029407150825096494,0.0
DTXSID7049342,2108,7.61932435415431e-10,0.0
DTXSID7049344,2108,1.80238509832318e-09,0.0
DTXSID7049346,2108,0.0,0.0
DTXSID7049348,2108,,
DTXSID7049390,2108,0.4293493976277916,0.0
DTXSID7049392,2108,3.5598358943340255e-14,0.0
DTXSID7049394,2108,0.0,0.0
DTXSID7049396,2108,0.0,0.0
DTXSID7049398,2108,0.0,0.0
DTXSID7049421,2108,0.0,0.0
DTXSID7049423,2108,0.0,0.0
DTXSID7049425,2108,0.9999997381632733,1.0
DTXSID7049427,2108,0.0,0.0
DTXSID7049429,2108,0.9999999903444441,1.0
DTXSID7049471,2108,0.0,0.0
DTXSID7049473,2108,0.0,0.0
DTXSID7049475,2108,0.0,0.0
DTXSID7049477,2108,0.0,0.0
DTXSID7049479,2108,0.0,0.0
DTXSID7049500,2108,0.0,0.0
DTXSID7049502,2108,7.843641619859485e-05,0.0
DTXSID7049504,2108,0.038243777471252946,0.0
DTXSID7049506,2108,0.0,0.0
DTXSID7049508,2108,0.04001105075868364,0.0
DTXSID7049550,2108,1.6440695805502877e-15,0.0
DTXSID7049552,2108,0.4561393676850936,0.0
DTXSID7049554,2108,0.021818152391546528,0.0
DTXSID7049556,2108,0.0024597947186420356,0.0
DTXSID7049558,2108,0.0004603893439352554,0.0
DTXSID7051474,2108,0.0,0.0
DTXSID7051557,2108,0.0,0.0
DTXSID7051715,2108,0.0,0.0
DTXSID7051890,2108,0.3680055605932764,0.0
DTXSID7052101,2108,0.0,0.0
DTXSID7052109,2108,0.9645045806332605,1.0
DTXSID7052284,2108,0.0,0.0
DTXSID7052288,2108,3.274046831947836e-06,0.0
DTXSID7052311,2108,0.0,0.0
DTXSID7052319,2108,0.0013349772221832857,0.0
DTXSID7052446,2108,0.0,0.0
DTXSID7052529,2108,0.9999972423851314,1.0
DTXSID7052571,2108,0.0,0.0
DTXSID7052573,2108,0.6121212493805915,0.0
DTXSID7052577,2108,0.9971059368682095,1.0
DTXSID7052602,2108,0.5525967032988123,0.0
DTXSID7052652,2108,,
DTXSID7052654,2108,0.9299983404810074,1.0
DTXSID7052735,2108,2.1028701864173648e-07,0.0
DTXSID7052860,2108,7.591558362099538e-10,0.0
DTXSID7052866,2108,0.0,0.0
DTXSID7057602,2108,0.0,0.0
DTXSID7057604,2108,0.8509177257635276,0.0
DTXSID7057606,2108,0.0,0.0
DTXSID7057608,2108,0.0,0.0
DTXSID7057650,2108,0.0,0.0
DTXSID7057652,2108,0.8103662981822296,0.0
DTXSID7057654,2108,0.0,0.0
DTXSID7057656,2108,3.566283832683761e-11,0.0
DTXSID7057658,2108,0.0,0.0
DTXSID7057731,2108,0.0007139779774591383,0.0
DTXSID7057733,2108,0.0,0.0
DTXSID7057735,2108,0.0,0.0
DTXSID7057737,2108,0.0,0.0
DTXSID7057739,2108,0.0,0.0
DTXSID7057781,2108,0.0,0.0
DTXSID7057783,2108,0.0,0.0
DTXSID7057785,2108,0.0,0.0
DTXSID7057787,2108,0.0,0.0
DTXSID7057789,2108,,
DTXSID7057810,2108,0.0,0.0
DTXSID7057812,2108,0.0,0.0
DTXSID7057814,2108,0.0,0.0
DTXSID7057816,2108,0.0,0.0
DTXSID7057818,2108,0.7624922540901254,0.0
DTXSID8020040,2108,0.0007560894189619555,0.0
DTXSID8020044,2108,4.205084208515072e-13,0.0
DTXSID8020090,2108,0.0,0.0
DTXSID8020092,2108,0.0,0.0
DTXSID8020094,2108,0.0,0.0
DTXSID8020121,2108,0.0,0.0
DTXSID8020123,2108,0.0,0.0
DTXSID8020127,2108,0.0,0.0
DTXSID8020129,2108,0.0,0.0
DTXSID8020173,2108,0.0,0.0
DTXSID8020175,2108,1.9627478335900496e-09,0.0
DTXSID8020179,2108,0.0,0.0
DTXSID8020200,2108,1.9283287483615968e-15,0.0
DTXSID8020202,2108,0.9999978556401424,1.0
DTXSID8020206,2108,0.0,0.0
DTXSID8020250,2108,0.0,0.0
DTXSID8020252,2108,3.7438321723891805e-16,0.0
DTXSID8020256,2108,0.0,0.0
DTXSID8020331,2108,0.0,0.0
DTXSID8020337,2108,0.9999737099077182,1.0
DTXSID8020381,2108,0.0,0.0
DTXSID8020410,2108,0.0,0.0
DTXSID8020462,2108,0.0,0.0
DTXSID8020464,2108,0.0,0.0
DTXSID8020466,2108,0.0,0.0
DTXSID8020468,2108,0.0,0.0
DTXSID8020541,2108,4.957929661552859e-06,0.0
DTXSID8020543,2108,0.0,0.0
DTXSID8020545,2108,4.8248575747573106e-15,0.0
DTXSID8020591,2108,0.0,0.0
DTXSID8020593,2108,0.0,0.0
DTXSID8020597,2108,2.474973499137759e-16,0.0
DTXSID8020620,2108,7.699004321927558e-06,0.0
DTXSID8020622,2108,6.122384226071578e-06,0.0
DTXSID8020624,2108,0.9999999999999931,1.0
DTXSID8020626,2108,0.9649555228079014,1.0
DTXSID8020628,2108,0.0,0.0
DTXSID8020674,2108,0.9999997891705662,1.0
DTXSID8020678,2108,0.9681414744734523,1.0
DTXSID8020703,2108,0.0,0.0
DTXSID8020707,2108,0.1252486920422715,0.0
DTXSID8020709,2108,,
DTXSID8020753,2108,0.0,0.0
DTXSID8020755,2108,0.9816377323149882,1.0
DTXSID8020757,2108,0.0,0.0
DTXSID8020759,2108,0.0,0.0
DTXSID8020830,2108,0.6458125814426301,0.0
DTXSID8020834,2108,5.074939484144019e-10,0.0
DTXSID8020838,2108,,
DTXSID8020880,2108,,
DTXSID8020886,2108,0.0,0.0
DTXSID8020888,2108,0.0,0.0
DTXSID8020913,2108,0.0,0.0
DTXSID8020915,2108,0.0,0.0
DTXSID8020917,2108,0.8779226803281179,0.0
DTXSID8020919,2108,2.588093981484833e-13,0.0
DTXSID8020961,2108,0.0,0.0
DTXSID8020963,2108,2.1040731071419002e-08,0.0
DTXSID8020965,2108,1.9574773226699115e-13,0.0
DTXSID8020967,2108,0.0,0.0
DTXSID8020969,2108,0.0,0.0
DTXSID8021060,2108,7.127530096433927e-09,0.0
DTXSID8021062,2108,0.0,0.0
DTXSID8021141,2108,3.7164097500852836e-06,0.0
DTXSID8021145,2108,0.0,0.0
DTXSID8021147,2108,0.0,0.0
DTXSID8021191,2108,0.9997899887889627,1.0
DTXSID8021193,2108,1.164124737174717e-13,0.0
DTXSID8021195,2108,0.0,0.0
DTXSID8021199,2108,0.0,0.0
DTXSID8021222,2108,0.9360785038264089,1.0
DTXSID8021224,2108,2.599689334178598e-06,0.0
DTXSID8021270,2108,0.999999949946423,1.0
DTXSID8021272,2108,0.0,0.0
DTXSID8021278,2108,0.0,0.0
DTXSID8021301,2108,0.9999699931294416,1.0
DTXSID8021305,2108,0.0,0.0
DTXSID8021309,2108,0.8513601708969945,0.0
DTXSID8021351,2108,0.0,0.0
DTXSID8021359,2108,0.0,0.0
DTXSID8021438,2108,0.0,0.0
DTXSID8021482,2108,,
DTXSID8021484,2108,0.0,0.0
DTXSID8021486,2108,0.0,0.0
DTXSID8021488,2108,0.0,0.0
DTXSID8021513,2108,0.0,0.0
DTXSID8021515,2108,0.0,0.0
DTXSID8021517,2108,0.0,0.0
DTXSID8021519,2108,,
DTXSID8021561,2108,0.0,0.0
DTXSID8021563,2108,0.00016259697851057686,0.0
DTXSID8021565,2108,0.0,0.0
DTXSID8021640,2108,0.0,0.0
DTXSID8021642,2108,0.6589112633153517,0.0
DTXSID8021644,2108,,
DTXSID8021646,2108,0.0,0.0
DTXSID8021648,2108,0.0,0.0
DTXSID8021690,2108,0.0,0.0
DTXSID8021721,2108,3.713896760521228e-17,0.0
DTXSID8021725,2108,0.0,0.0
DTXSID8021729,2108,0.0,0.0
DTXSID8021771,2108,0.9956621505785714,1.0
DTXSID8021775,2108,0.7186065875898139,0.0
DTXSID8021777,2108,0.0,0.0
DTXSID8021800,2108,0.0,0.0
DTXSID8021802,2108,1.753743496315737e-06,0.0
DTXSID8021804,2108,0.0,0.0
DTXSID8021808,2108,0.0,0.0
DTXSID8021854,2108,0.0,0.0
DTXSID8021856,2108,0.0,0.0
DTXSID8021931,2108,0.0,0.0
DTXSID8021937,2108,0.0,0.0
DTXSID8021939,2108,0.0,0.0
DTXSID8022036,2108,7.433727900424541e-10,0.0
DTXSID8022080,2108,0.9992051118118221,1.0
DTXSID8022082,2108,0.0,0.0
DTXSID8022084,2108,0.0,0.0
DTXSID8022086,2108,0.0,0.0
DTXSID8022111,2108,0.051274427903039155,0.0
DTXSID8022113,2108,0.0,0.0
DTXSID8022117,2108,3.840188597977622e-06,0.0
DTXSID8022161,2108,0.9999353764901213,1.0
DTXSID8022246,2108,0.0,0.0
DTXSID8022292,2108,4.2731597265884026e-17,0.0
DTXSID8022325,2108,0.9993400492865141,1.0
DTXSID8022371,2108,0.9975745555669338,1.0
DTXSID8022377,2108,0.9999992628440656,1.0
DTXSID8022404,2108,9.146247091459599e-05,0.0
DTXSID8022406,2108,0.9450150215483171,1.0
DTXSID8022408,2108,1.7883332782844056e-11,0.0
DTXSID8022585,2108,0.0,0.0
DTXSID8022589,2108,0.0,0.0
DTXSID8022610,2108,0.0,0.0
DTXSID8022614,2108,0.9833829282514877,1.0
DTXSID8022666,2108,0.0,0.0
DTXSID8022741,2108,0.0,0.0
DTXSID8022743,2108,1.8374912060035854e-05,0.0
DTXSID8022749,2108,0.0,0.0
DTXSID8022822,2108,0.0,0.0
DTXSID8022828,2108,0.9999999872334028,1.0
DTXSID8022870,2108,0.0,0.0
DTXSID8022872,2108,0.9999933204875235,1.0
DTXSID8022901,2108,0.0,0.0
DTXSID8022959,2108,0.7522514694459603,0.0
DTXSID8023050,2108,0.0,0.0
DTXSID8023054,2108,0.0033470600898987224,0.0
DTXSID8023137,2108,5.586845321662628e-05,0.0
DTXSID8023214,2108,1.5739406324794241e-06,0.0
DTXSID8023216,2108,0.0,0.0
DTXSID8023260,2108,0.0,0.0
DTXSID8023262,2108,0.9999996714284329,1.0
DTXSID8023347,2108,0.0,0.0
DTXSID8023349,2108,0.0,0.0
DTXSID8023393,2108,4.248498379887201e-06,0.0
DTXSID8023395,2108,0.0,0.0
DTXSID8023426,2108,0.0,0.0
DTXSID8023470,2108,0.0,0.0
DTXSID8023472,2108,0.0,0.0
DTXSID8023474,2108,0.9687267946730842,1.0
DTXSID8023476,2108,0.00214098314474211,0.0
DTXSID8023505,2108,0.9992837906885325,1.0
DTXSID8023551,2108,0.0,0.0
DTXSID8023557,2108,0.0,0.0
DTXSID8023630,2108,,
DTXSID8023632,2108,0.0,0.0
DTXSID8023636,2108,0.03488806930983419,0.0
DTXSID8023688,2108,0.0,0.0
DTXSID8023713,2108,0.0,0.0
DTXSID8023719,2108,0.9878664134208737,1.0
DTXSID8023846,2108,8.141784199833845e-11,0.0
DTXSID8023848,2108,0.9985943218676328,1.0
DTXSID8023890,2108,0.0,0.0
DTXSID8023892,2108,0.9998642786906291,1.0
DTXSID8023927,2108,0.998682788734934,1.0
DTXSID8023971,2108,0.0,0.0
DTXSID8023973,2108,0.0,0.0
DTXSID8023977,2108,0.16621374322092686,0.0
DTXSID8024072,2108,0.0,0.0
DTXSID8024101,2108,5.199890989423876e-05,0.0
DTXSID8024105,2108,0.0,0.0
DTXSID8024107,2108,0.019933497435148953,0.0
DTXSID8024109,2108,0.9999924057531941,1.0
DTXSID8024151,2108,0.9998533740602349,1.0
DTXSID8024153,2108,1.6786168349513332e-08,0.0
DTXSID8024157,2108,0.0,0.0
DTXSID8024159,2108,0.37777944738055375,0.0
DTXSID8024234,2108,3.797400734019871e-15,0.0
DTXSID8024236,2108,0.999397332452296,1.0
DTXSID8024238,2108,0.9999990658422533,1.0
DTXSID8024280,2108,0.7720897615048333,0.0
DTXSID8024284,2108,0.0,0.0
DTXSID8024286,2108,0.0,0.0
DTXSID8024311,2108,,
DTXSID8024315,2108,0.027012871522782898,0.0
DTXSID8024317,2108,1.0327514706814854e-12,0.0
DTXSID8024442,2108,0.0,0.0
DTXSID8024448,2108,2.2996224158668754e-11,0.0
DTXSID8024498,2108,0.9999999847806756,1.0
DTXSID8024521,2108,0.0,0.0
DTXSID8024523,2108,0.9644156810929212,1.0
DTXSID8024529,2108,0.0,0.0
DTXSID8024573,2108,0.0,0.0
DTXSID8024600,2108,0.0,0.0
DTXSID8024602,2108,0.9736650072478302,1.0
DTXSID8024608,2108,0.0,0.0
DTXSID8024652,2108,0.9962350580177881,1.0
DTXSID8024658,2108,,
DTXSID8024733,2108,0.0,0.0
DTXSID8024739,2108,0.0,0.0
DTXSID8024781,2108,0.10843021209015871,0.0
DTXSID8024783,2108,0.0,0.0
DTXSID8024787,2108,0.0431019697727498,0.0
DTXSID8024810,2108,0.0,0.0
DTXSID8024814,2108,0.0,0.0
DTXSID8024862,2108,2.724526927764709e-09,0.0
DTXSID8024864,2108,0.0,0.0
DTXSID8024866,2108,0.0,0.0
DTXSID8024941,2108,0.0,0.0
DTXSID8024947,2108,0.00027050097100240475,0.0
DTXSID8024991,2108,0.0,0.0
DTXSID8024993,2108,0.97172904397585,1.0
DTXSID8024997,2108,0.0,0.0
DTXSID8024999,2108,0.0,0.0
DTXSID8025040,2108,0.013149099237901658,0.0
DTXSID8025046,2108,0.0,0.0
DTXSID8025094,2108,0.0,0.0
DTXSID8025096,2108,0.0,0.0
DTXSID8025258,2108,0.9999880023427834,1.0
DTXSID8025331,2108,0.9928632144638918,1.0
DTXSID8025337,2108,0.0,0.0
DTXSID8025464,2108,0.0,0.0
DTXSID8025466,2108,1.0547877747468857e-07,0.0
DTXSID8025591,2108,0.0,0.0
DTXSID8025593,2108,0.0005674815671452656,0.0
DTXSID8025595,2108,0.0,0.0
DTXSID8025599,2108,0.9999999999958493,1.0
DTXSID8025628,2108,0.0,0.0
DTXSID8025670,2108,0.9793777009215751,1.0
DTXSID8025703,2108,0.9924316872214706,1.0
DTXSID8025707,2108,0.9761841635996271,1.0
DTXSID8025709,2108,0.0,0.0
DTXSID8025751,2108,0.0,0.0
DTXSID8025757,2108,0.9999999700389041,1.0
DTXSID8025759,2108,0.0,0.0
DTXSID8025830,2108,0.9956351340057509,1.0
DTXSID8025886,2108,2.6274875039026637e-07,0.0
DTXSID8025888,2108,0.2594148799417646,0.0
DTXSID8025961,2108,0.0,0.0
DTXSID8025963,2108,0.0,0.0
DTXSID8025967,2108,0.0,0.0
DTXSID8025969,2108,,
DTXSID8026018,2108,0.9999190195382058,1.0
DTXSID8026060,2108,0.9833637697062827,1.0
DTXSID8026064,2108,1.342278588757691e-14,0.0
DTXSID8026068,2108,0.0,0.0
DTXSID8026141,2108,0.0,0.0
DTXSID8026145,2108,0.0,0.0
DTXSID8026147,2108,0.0,0.0
DTXSID8026193,2108,0.0,0.0
DTXSID8026195,2108,0.0,0.0
DTXSID8026220,2108,0.9562402410363464,1.0
DTXSID8026224,2108,,
DTXSID8026228,2108,0.0,0.0
DTXSID8026303,2108,9.397788010390723e-05,0.0
DTXSID8026305,2108,0.0,0.0
DTXSID8026307,2108,0.0,0.0
DTXSID8026309,2108,0.0,0.0
DTXSID8026432,2108,0.0,0.0
DTXSID8026436,2108,0.0,0.0
DTXSID8026488,2108,0.0,0.0
DTXSID8026513,2108,0.0,0.0
DTXSID8026515,2108,0.0,0.0
DTXSID8026519,2108,0.0,0.0
DTXSID8026563,2108,0.9913069564526135,1.0
DTXSID8026640,2108,0.0,0.0
DTXSID8026694,2108,0.0,0.0
DTXSID8026698,2108,0.9999916242106209,1.0
DTXSID8026725,2108,0.6282604764277679,0.0
DTXSID8026727,2108,0.0,0.0
DTXSID8026729,2108,0.04065469325609004,0.0
DTXSID8026773,2108,0.8662385275068005,0.0
DTXSID8026775,2108,0.0,0.0
DTXSID8026802,2108,0.0,0.0
DTXSID8026931,2108,,
DTXSID8026933,2108,0.0,0.0
DTXSID8026935,2108,0.0,0.0
DTXSID8026981,2108,0.0,0.0
DTXSID8027032,2108,1.8523365883246322e-12,0.0
DTXSID8027034,2108,0.9999388621654574,1.0
DTXSID8027036,2108,0.0,0.0
DTXSID8027084,2108,0.9999966215533308,1.0
DTXSID8027086,2108,0.0,0.0
DTXSID8027113,2108,0.0,0.0
DTXSID8027163,2108,0.0,0.0
DTXSID8027167,2108,0.673560808177163,0.0
DTXSID8027169,2108,0.0,0.0
DTXSID8027240,2108,0.9998281239017461,1.0
DTXSID8027244,2108,0.0,0.0
DTXSID8027246,2108,0.0,0.0
DTXSID8027292,2108,1.0,1.0
DTXSID8027294,2108,0.0,0.0
DTXSID8027321,2108,0.0,0.0
DTXSID8027323,2108,0.9950037295303866,1.0
DTXSID8027329,2108,0.0,0.0
DTXSID8027377,2108,0.005158817871353345,0.0
DTXSID8027400,2108,0.0,0.0
DTXSID8027402,2108,0.0,0.0
DTXSID8027452,2108,0.0,0.0
DTXSID8027454,2108,0.0,0.0
DTXSID8027537,2108,0.0,0.0
DTXSID8027581,2108,0.0,0.0
DTXSID8027585,2108,0.9999999944646015,1.0
DTXSID8027589,2108,0.0,0.0
DTXSID8027747,2108,0.0,0.0
DTXSID8027749,2108,0.0,0.0
DTXSID8027793,2108,0.9913870288166353,1.0
DTXSID8027795,2108,0.9999999985962842,1.0
DTXSID8027797,2108,0.35540175188975853,0.0
DTXSID8027822,2108,0.0,0.0
DTXSID8027826,2108,0.0,0.0
DTXSID8027870,2108,6.2932760673372135e-18,0.0
DTXSID8027878,2108,0.004224054219923387,0.0
DTXSID8027905,2108,0.0,0.0
DTXSID8027955,2108,0.0,0.0
DTXSID8027959,2108,0.0,0.0
DTXSID8028008,2108,0.0,0.0
DTXSID8028842,2108,0.0,0.0
DTXSID8029072,2108,0.0,0.0
DTXSID8029105,2108,0.0,0.0
DTXSID8029153,2108,0.0,0.0
DTXSID8029157,2108,1.842310928324973e-10,0.0
DTXSID8029159,2108,0.0,0.0
DTXSID8029230,2108,0.0,0.0
DTXSID8029232,2108,0.0,0.0
DTXSID8029234,2108,0.0,0.0
DTXSID8029236,2108,0.0,0.0
DTXSID8029280,2108,0.0,0.0
DTXSID8029282,2108,0.9997765144826931,1.0
DTXSID8029286,2108,0.003577412670122994,0.0
DTXSID8029315,2108,,
DTXSID8029317,2108,0.0,0.0
DTXSID8029369,2108,0.0,0.0
DTXSID8029575,2108,0.0,0.0
DTXSID8029600,2108,3.6129142109711754e-09,0.0
DTXSID8029602,2108,0.9999999982452501,1.0
DTXSID8029604,2108,0.0,0.0
DTXSID8029606,2108,0.0,0.0
DTXSID8029608,2108,0.0,0.0
DTXSID8029650,2108,0.0,0.0
DTXSID8029652,2108,0.0,0.0
DTXSID8029733,2108,0.0,0.0
DTXSID8029739,2108,0.0,0.0
DTXSID8029868,2108,0.9735852531989866,1.0
DTXSID8030138,2108,0.0,0.0
DTXSID8030423,2108,0.9996059147262806,1.0
DTXSID8030760,2108,0.9996772728398808,1.0
DTXSID8031077,2108,0.9995663958499269,1.0
DTXSID8031366,2108,0.5247934542518374,0.0
DTXSID8031497,2108,0.0,0.0
DTXSID8031863,2108,0.0,0.0
DTXSID8031865,2108,,
DTXSID8032386,2108,0.0,0.0
DTXSID8032417,2108,0.9732526718756047,1.0
DTXSID8032544,2108,,
DTXSID8032548,2108,0.9928281375326271,1.0
DTXSID8032623,2108,0.0,0.0
DTXSID8032627,2108,0.00032750392533946443,0.0
DTXSID8032671,2108,0.0,0.0
DTXSID8032673,2108,0.0,0.0
DTXSID8032675,2108,0.9738762201411961,1.0
DTXSID8033433,2108,1.2774836396862838e-14,0.0
DTXSID8033512,2108,1.8981667382726372e-08,0.0
DTXSID8033562,2108,0.7904275779594478,0.0
DTXSID8033564,2108,0.928243953311114,1.0
DTXSID8033566,2108,0.0,0.0
DTXSID8033649,2108,0.0,0.0
DTXSID8033803,2108,0.0,0.0
DTXSID8034085,2108,0.983333181519687,1.0
DTXSID8034087,2108,1.8355384825038043e-11,0.0
DTXSID8034089,2108,0.9704459494544447,1.0
DTXSID8034241,2108,0.0,0.0
DTXSID8034324,2108,0.9999692665583115,1.0
DTXSID8034372,2108,1.8729219408891686e-05,0.0
DTXSID8034376,2108,0.0,0.0
DTXSID8034401,2108,0.46207732261355905,0.0
DTXSID8034538,2108,0.0,0.0
DTXSID8034580,2108,1.0726845185903204e-06,0.0
DTXSID8034586,2108,0.9999698333554585,1.0
DTXSID8034588,2108,0.9999998941519239,1.0
DTXSID8034665,2108,0.0,0.0
DTXSID8034742,2108,0.5708825651423536,0.0
DTXSID8034792,2108,0.9999999613140533,1.0
DTXSID8034823,2108,0.0,0.0
DTXSID8034871,2108,0.0,0.0
DTXSID8034877,2108,0.0,0.0
DTXSID8034956,2108,0.9807026750299878,1.0
DTXSID8035001,2108,0.0,0.0
DTXSID8035138,2108,0.0,0.0
DTXSID8035180,2108,0.9982562969549879,1.0
DTXSID8035186,2108,0.0,0.0
DTXSID8035217,2108,0.0,0.0
DTXSID8035423,2108,4.865134665931871e-14,0.0
DTXSID8037207,2108,0.0,0.0
DTXSID8037594,2108,0.9986237927010915,1.0
DTXSID8037596,2108,0.0015301999962182868,0.0
DTXSID8037706,2108,0.0,0.0
DTXSID8037708,2108,0.0,0.0
DTXSID8037750,2108,0.0,0.0
DTXSID8037752,2108,,
DTXSID8037754,2108,0.31035015120422704,0.0
DTXSID8037756,2108,0.0,0.0
DTXSID8038770,2108,,
DTXSID8038801,2108,0.0,0.0
DTXSID8038855,2108,9.011358561339767e-07,0.0
DTXSID8038857,2108,0.0,0.0
DTXSID8039241,2108,0.0,0.0
DTXSID8040222,2108,0.0,0.0
DTXSID8040270,2108,0.9999999999968752,1.0
DTXSID8040274,2108,0.0,0.0
DTXSID8040278,2108,0.0,0.0
DTXSID8040436,2108,0.0,0.0
DTXSID8040484,2108,0.9999999999999992,1.0
DTXSID8040694,2108,0.0,0.0
DTXSID8040698,2108,,
DTXSID8040721,2108,0.0,0.0
DTXSID8040723,2108,0.9999753508467039,1.0
DTXSID8040725,2108,0.9999999999998557,1.0
DTXSID8040727,2108,0.0,0.0
DTXSID8040775,2108,0.0,0.0
DTXSID8040779,2108,0.0,0.0
DTXSID8040800,2108,0.0,0.0
DTXSID8041032,2108,0.0,0.0
DTXSID8041034,2108,0.9975567143509567,1.0
DTXSID8041080,2108,0.0,0.0
DTXSID8041117,2108,0.7438488121639659,0.0
DTXSID8041242,2108,6.308271252477891e-11,0.0
DTXSID8041246,2108,,
DTXSID8041248,2108,0.9945549859142445,1.0
DTXSID8041298,2108,,
DTXSID8041321,2108,0.0,0.0
DTXSID8041327,2108,0.0,0.0
DTXSID8041329,2108,1.516145281510423e-12,0.0
DTXSID8041371,2108,0.0,0.0
DTXSID8041373,2108,0.0,0.0
DTXSID8041379,2108,0.0,0.0
DTXSID8041400,2108,0.0,0.0
DTXSID8041404,2108,0.0,0.0
DTXSID8041452,2108,0.03832512798225454,0.0
DTXSID8041610,2108,0.0,0.0
DTXSID8041668,2108,0.0,0.0
DTXSID8041743,2108,0.0,0.0
DTXSID8041745,2108,,
DTXSID8041793,2108,0.0,0.0
DTXSID8041797,2108,0.0,0.0
DTXSID8041799,2108,0.000118135867770444,0.0
DTXSID8041828,2108,0.0,0.0
DTXSID8041901,2108,0.5979665441687005,0.0
DTXSID8041909,2108,0.6902096599664744,0.0
DTXSID8041951,2108,4.372690511237162e-08,0.0
DTXSID8041955,2108,0.0,0.0
DTXSID8041957,2108,0.0,0.0
DTXSID8041959,2108,0.0,0.0
DTXSID8042002,2108,,
DTXSID8042006,2108,0.0,0.0
DTXSID8042052,2108,4.162662609571994e-12,0.0
DTXSID8042137,2108,0.1937099228720397,0.0
DTXSID8042181,2108,2.061498029036297e-15,0.0
DTXSID8042187,2108,3.1173688292993246e-14,0.0
DTXSID8042189,2108,0.0,0.0
DTXSID8042210,2108,,
DTXSID8042218,2108,0.0,0.0
DTXSID8042260,2108,0.9762876224463193,1.0
DTXSID8042264,2108,0.9999999786059263,1.0
DTXSID8042266,2108,0.0,0.0
DTXSID8042343,2108,0.0,0.0
DTXSID8042349,2108,0.0,0.0
DTXSID8042399,2108,0.0,0.0
DTXSID8042422,2108,0.0,0.0
DTXSID8042424,2108,0.0,0.0
DTXSID8042426,2108,0.9991192114620847,1.0
DTXSID8042478,2108,0.999999999999698,1.0
DTXSID8042503,2108,0.0,0.0
DTXSID8042507,2108,0.0,0.0
DTXSID8042509,2108,0.9974669885480417,1.0
DTXSID8042559,2108,0.09884172980410548,0.0
DTXSID8042632,2108,0.7540187445655556,0.0
DTXSID8043814,2108,0.11372449685615722,0.0
DTXSID8043941,2108,0.0,0.0
DTXSID8044175,2108,0.0,0.0
DTXSID8044177,2108,1.402371581915629e-06,0.0
DTXSID8044200,2108,0.0,0.0
DTXSID8044202,2108,0.0,0.0
DTXSID8044204,2108,0.9998347093291218,1.0
DTXSID8044206,2108,0.0,0.0
DTXSID8044208,2108,0.010568303132851788,0.0
DTXSID8044252,2108,0.0,0.0
DTXSID8044381,2108,0.999998391995914,1.0
DTXSID8044383,2108,0.9999647023219602,1.0
DTXSID8044385,2108,0.0,0.0
DTXSID8044389,2108,0.0,0.0
DTXSID8044410,2108,0.0,0.0
DTXSID8044412,2108,0.0,0.0
DTXSID8044414,2108,0.0,0.0
DTXSID8044416,2108,0.0,0.0
DTXSID8044462,2108,0.0,0.0
DTXSID8044464,2108,1.6951875363239263e-06,0.0
DTXSID8044466,2108,1.3256298858713091e-14,0.0
DTXSID8044541,2108,0.0,0.0
DTXSID8044543,2108,0.0,0.0
DTXSID8044545,2108,9.653822935190115e-12,0.0
DTXSID8044547,2108,0.9274579041408444,1.0
DTXSID8044549,2108,0.8264814928890354,0.0
DTXSID8044591,2108,0.0,0.0
DTXSID8044593,2108,0.9659213298040734,1.0
DTXSID8044595,2108,4.531783739042903e-08,0.0
DTXSID8044597,2108,0.0,0.0
DTXSID8044599,2108,0.0,0.0
DTXSID8044620,2108,0.0016148354020916304,0.0
DTXSID8044622,2108,0.0,0.0
DTXSID8044624,2108,0.0,0.0
DTXSID8044626,2108,0.0004320685127566123,0.0
DTXSID8044670,2108,2.452028953308062e-13,0.0
DTXSID8044676,2108,0.9995792627824024,1.0
DTXSID8044678,2108,0.9789929581820289,1.0
DTXSID8044701,2108,0.0,0.0
DTXSID8044703,2108,0.0,0.0
DTXSID8044709,2108,1.1136654839103127e-10,0.0
DTXSID8044751,2108,0.0,0.0
DTXSID8044753,2108,0.0,0.0
DTXSID8044755,2108,0.0,0.0
DTXSID8044757,2108,0.0,0.0
DTXSID8044759,2108,0.0,0.0
DTXSID8044830,2108,0.0,0.0
DTXSID8044832,2108,,
DTXSID8044834,2108,0.0,0.0
DTXSID8044836,2108,0.9120872862125717,1.0
DTXSID8044880,2108,0.0,0.0
DTXSID8044882,2108,2.048192573325288e-06,0.0
DTXSID8044884,2108,0.0,0.0
DTXSID8044886,2108,0.999932720390461,1.0
DTXSID8044888,2108,0.0,0.0
DTXSID8044911,2108,0.0,0.0
DTXSID8044913,2108,0.9999961469365958,1.0
DTXSID8044915,2108,0.0,0.0
DTXSID8044919,2108,0.0,0.0
DTXSID8044961,2108,0.0,0.0
DTXSID8044963,2108,0.0,0.0
DTXSID8044967,2108,0.0,0.0
DTXSID8045141,2108,,
DTXSID8045145,2108,0.7728268178266485,0.0
DTXSID8045147,2108,0.0,0.0
DTXSID8045149,2108,0.0,0.0
DTXSID8045191,2108,0.0,0.0
DTXSID8045193,2108,0.0,0.0
DTXSID8045195,2108,0.0,0.0
DTXSID8045220,2108,0.0,0.0
DTXSID8045224,2108,0.0,0.0
DTXSID8045228,2108,0.0032231412410590617,0.0
DTXSID8045307,2108,0.0,0.0
DTXSID8045351,2108,0.0,0.0
DTXSID8045357,2108,0.9986393948144333,1.0
DTXSID8045359,2108,0.9955557495537025,1.0
DTXSID8045434,2108,0.0,0.0
DTXSID8045480,2108,0.0,0.0
DTXSID8045484,2108,0.0,0.0
DTXSID8045486,2108,,
DTXSID8045488,2108,0.0,0.0
DTXSID8045511,2108,0.0,0.0
DTXSID8045513,2108,0.0,0.0
DTXSID8045515,2108,0.0,0.0
DTXSID8045519,2108,0.0,0.0
DTXSID8045565,2108,0.9929072274262111,1.0
DTXSID8045567,2108,0.0,0.0
DTXSID8045640,2108,0.0,0.0
DTXSID8045642,2108,5.390790289877766e-06,0.0
DTXSID8045646,2108,0.0,0.0
DTXSID8045648,2108,0.0,0.0
DTXSID8045690,2108,0.0002877765663645675,0.0
DTXSID8045692,2108,0.0,0.0
DTXSID8045698,2108,4.658779641036447e-10,0.0
DTXSID8045771,2108,0.0,0.0
DTXSID8045777,2108,,
DTXSID8045779,2108,0.0,0.0
DTXSID8045802,2108,0.9559328052622376,1.0
DTXSID8045804,2108,0.9946355725836796,1.0
DTXSID8045806,2108,0.99999997954564,1.0
DTXSID8045850,2108,,
DTXSID8045852,2108,0.0,0.0
DTXSID8045854,2108,0.4819162355510807,0.0
DTXSID8045933,2108,0.0,0.0
DTXSID8045935,2108,0.0,0.0
DTXSID8045937,2108,0.0,0.0
DTXSID8045939,2108,0.0,0.0
DTXSID8045983,2108,0.0,0.0
DTXSID8045985,2108,0.0,0.0
DTXSID8045987,2108,0.0,0.0
DTXSID8045989,2108,4.852726716884721e-06,0.0
DTXSID8046030,2108,0.0,0.0
DTXSID8046034,2108,0.0,0.0
DTXSID8046038,2108,0.0,0.0
DTXSID8046086,2108,0.0,0.0
DTXSID8046088,2108,0.9344642815207953,1.0
DTXSID8046113,2108,0.9775179098393495,1.0
DTXSID8046117,2108,0.0,0.0
DTXSID8046119,2108,0.0,0.0
DTXSID8046161,2108,,
DTXSID8046163,2108,0.0,0.0
DTXSID8046242,2108,0.0,0.0
DTXSID8046244,2108,0.0,0.0
DTXSID8046294,2108,1.4084888052299568e-10,0.0
DTXSID8046296,2108,0.0,0.0
DTXSID8046321,2108,0.0,0.0
DTXSID8046400,2108,,
DTXSID8046402,2108,0.47345622646713786,0.0
DTXSID8046404,2108,0.0,0.0
DTXSID8046406,2108,0.0,0.0
DTXSID8046450,2108,,
DTXSID8046454,2108,0.002630182892158157,0.0
DTXSID8046456,2108,0.9433486165386055,1.0
DTXSID8046458,2108,2.8473665061364798e-06,0.0
DTXSID8046531,2108,0.0,0.0
DTXSID8046535,2108,0.0,0.0
DTXSID8046539,2108,0.0,0.0
DTXSID8046585,2108,0.0,0.0
DTXSID8046589,2108,0.0,0.0
DTXSID8046610,2108,0.01418883845947591,0.0
DTXSID8046662,2108,0.8916871426626098,0.0
DTXSID8046664,2108,0.0,0.0
DTXSID8046743,2108,0.0,0.0
DTXSID8046799,2108,,
DTXSID8046820,2108,0.0003259275036710195,0.0
DTXSID8046828,2108,0.0,0.0
DTXSID8046903,2108,0.9999997286671899,1.0
DTXSID8046951,2108,0.9993436277435573,1.0
DTXSID8047000,2108,0.0,0.0
DTXSID8047006,2108,0.0,0.0
DTXSID8047050,2108,0.0,0.0
DTXSID8047052,2108,0.8874797826952995,0.0
DTXSID8047056,2108,0.0,0.0
DTXSID8047058,2108,0.0,0.0
DTXSID8047131,2108,0.0,0.0
DTXSID8047133,2108,0.6058649507214033,0.0
DTXSID8047135,2108,0.0,0.0
DTXSID8047137,2108,0.0,0.0
DTXSID8047139,2108,0.9951831143594679,1.0
DTXSID8047183,2108,0.0,0.0
DTXSID8047185,2108,0.0,0.0
DTXSID8047187,2108,0.0,0.0
DTXSID8047189,2108,0.0,0.0
DTXSID8047218,2108,0.0,0.0
DTXSID8047262,2108,0.0,0.0
DTXSID8047264,2108,0.899983974071481,0.0
DTXSID8047266,2108,0.025415585206167293,0.0
DTXSID8047268,2108,0.9987390644897121,1.0
DTXSID8047341,2108,1.8634922916026502e-13,0.0
DTXSID8047347,2108,0.9921356508522118,1.0
DTXSID8047349,2108,0.9998209472697454,1.0
DTXSID8047391,2108,0.02483263308647603,0.0
DTXSID8047395,2108,0.0,0.0
DTXSID8047397,2108,6.265397975972163e-07,0.0
DTXSID8047399,2108,0.0,0.0
DTXSID8047420,2108,4.982946257508043e-16,0.0
DTXSID8047422,2108,2.3658739281539816e-07,0.0
DTXSID8047424,2108,,
DTXSID8047426,2108,,
DTXSID8047428,2108,0.944425285066858,1.0
DTXSID8047470,2108,0.0,0.0
DTXSID8047472,2108,0.0,0.0
DTXSID8047474,2108,0.0,0.0
DTXSID8047476,2108,0.9999439247927228,1.0
DTXSID8047501,2108,0.0,0.0
DTXSID8047505,2108,1.7494377409606e-13,0.0
DTXSID8047551,2108,0.0,0.0
DTXSID8047553,2108,3.551153443169091e-18,0.0
DTXSID8047559,2108,0.0,0.0
DTXSID8047630,2108,0.0,0.0
DTXSID8047636,2108,0.0,0.0
DTXSID8047680,2108,0.0,0.0
DTXSID8047682,2108,0.0,0.0
DTXSID8047684,2108,0.0,0.0
DTXSID8047686,2108,0.9868565470565485,1.0
DTXSID8047711,2108,8.017971157660514e-09,0.0
DTXSID8047713,2108,0.0,0.0
DTXSID8047717,2108,0.0,0.0
DTXSID8047769,2108,5.210120058130081e-11,0.0
DTXSID8047840,2108,0.0,0.0
DTXSID8047842,2108,0.0,0.0
DTXSID8047844,2108,0.0,0.0
DTXSID8047846,2108,0.4925262499284534,0.0
DTXSID8047848,2108,0.0,0.0
DTXSID8047890,2108,0.999455876352792,1.0
DTXSID8047892,2108,4.578282924140463e-07,0.0
DTXSID8047894,2108,0.0006855579917749045,0.0
DTXSID8047896,2108,0.0,0.0
DTXSID8047898,2108,0.0,0.0
DTXSID8047921,2108,5.404485675012566e-10,0.0
DTXSID8047923,2108,0.9999999992139587,1.0
DTXSID8047925,2108,0.9991500965506593,1.0
DTXSID8047927,2108,,
DTXSID8047929,2108,0.00018207672757275815,0.0
DTXSID8047971,2108,9.068899064823135e-14,0.0
DTXSID8047973,2108,0.9732938200609521,1.0
DTXSID8048494,2108,3.477281415299924e-11,0.0
DTXSID8048521,2108,0.0,0.0
DTXSID8048600,2108,0.0,0.0
DTXSID8048606,2108,0.9999303277062607,1.0
DTXSID8048608,2108,0.0,0.0
DTXSID8048650,2108,,
DTXSID8048656,2108,0.0,0.0
DTXSID8048733,2108,0.9687153720653763,1.0
DTXSID8048735,2108,0.0,0.0
DTXSID8048737,2108,0.038762416867740734,0.0
DTXSID8048739,2108,0.0,0.0
DTXSID8048781,2108,0.0,0.0
DTXSID8048783,2108,,
DTXSID8048785,2108,5.807375294617782e-07,0.0
DTXSID8048787,2108,,
DTXSID8048789,2108,0.0,0.0
DTXSID8048810,2108,0.0,0.0
DTXSID8048812,2108,0.2213908659919504,0.0
DTXSID8048814,2108,0.0001188659212484487,0.0
DTXSID8048818,2108,7.801184035314318e-08,0.0
DTXSID8048860,2108,0.0,0.0
DTXSID8048866,2108,0.03643336357959485,0.0
DTXSID8048868,2108,2.8097055376405272e-11,0.0
DTXSID8048941,2108,0.0,0.0
DTXSID8048943,2108,0.999999892019812,1.0
DTXSID8048945,2108,0.9987088349743235,1.0
DTXSID8048947,2108,0.9998282985640197,1.0
DTXSID8048999,2108,0.0,0.0
DTXSID8049040,2108,0.8040954072764859,0.0
DTXSID8049042,2108,0.9995322648862371,1.0
DTXSID8049044,2108,5.731742425584028e-07,0.0
DTXSID8049046,2108,0.0,0.0
DTXSID8049048,2108,0.8263825153631722,0.0
DTXSID8049200,2108,0.0,0.0
DTXSID8049202,2108,2.7642958833682005e-08,0.0
DTXSID8049204,2108,1.2240957770099398e-11,0.0
DTXSID8049206,2108,7.563622529424542e-17,0.0
DTXSID8049208,2108,0.0,0.0
DTXSID8049250,2108,0.9999999999396416,1.0
DTXSID8049252,2108,0.2131432842020403,0.0
DTXSID8049254,2108,0.9999999999995045,1.0
DTXSID8049256,2108,1.540791386206652e-05,0.0
DTXSID8049258,2108,0.0,0.0
DTXSID8049331,2108,0.0,0.0
DTXSID8049333,2108,1.0225414661126327e-09,0.0
DTXSID8049335,2108,0.830203304097204,0.0
DTXSID8049337,2108,0.9928759737765956,1.0
DTXSID8049339,2108,0.0,0.0
DTXSID8049381,2108,0.0,0.0
DTXSID8049383,2108,0.0,0.0
DTXSID8049385,2108,4.0731463094124335e-11,0.0
DTXSID8049387,2108,0.0,0.0
DTXSID8049389,2108,0.0,0.0
DTXSID8049410,2108,0.0,0.0
DTXSID8049412,2108,0.9999999999997372,1.0
DTXSID8049414,2108,0.0,0.0
DTXSID8049416,2108,0.9995606802729005,1.0
DTXSID8049418,2108,1.6420285668077161e-12,0.0
DTXSID8049460,2108,0.0,0.0
DTXSID8049462,2108,0.0,0.0
DTXSID8049464,2108,0.0,0.0
DTXSID8049466,2108,1.0103882302015179e-10,0.0
DTXSID8049468,2108,0.0,0.0
DTXSID8049541,2108,1.2594801268503144e-09,0.0
DTXSID8049543,2108,6.6366450049744825e-09,0.0
DTXSID8049545,2108,0.00013432833946531314,0.0
DTXSID8049547,2108,0.0002578890915715226,0.0
DTXSID8049549,2108,0.027924472412104277,0.0
DTXSID8051540,2108,0.0,0.0
DTXSID8051542,2108,,
DTXSID8051544,2108,0.9644616294482488,1.0
DTXSID8051629,2108,0.0,0.0
DTXSID8051704,2108,9.08186195836175e-06,0.0
DTXSID8051708,2108,0.0,0.0
DTXSID8051754,2108,0.0,0.0
DTXSID8051914,2108,0.9999994551409633,1.0
DTXSID8052198,2108,0.0,0.0
DTXSID8052300,2108,7.936684630871938e-17,0.0
DTXSID8052308,2108,5.39843218680675e-13,0.0
DTXSID8052641,2108,0.0,0.0
DTXSID8052724,2108,0.9460579940416141,1.0
DTXSID8057641,2108,0.998229996458709,1.0
DTXSID8057643,2108,0.5807982694216592,0.0
DTXSID8057645,2108,0.9999999986772642,1.0
DTXSID8057647,2108,0.0,0.0
DTXSID8057649,2108,3.8087984333794997e-08,0.0
DTXSID8057691,2108,0.0,0.0
DTXSID8057693,2108,,
DTXSID8057695,2108,0.08789627512365074,0.0
DTXSID8057697,2108,,
DTXSID8057699,2108,0.9997051336977637,1.0
DTXSID8057720,2108,0.0,0.0
DTXSID8057722,2108,0.0,0.0
DTXSID8057724,2108,,
DTXSID8057726,2108,0.0,0.0
DTXSID8057728,2108,0.0,0.0
DTXSID8057770,2108,,
DTXSID8057772,2108,0.0,0.0
DTXSID8057774,2108,0.0,0.0
DTXSID8057776,2108,0.0,0.0
DTXSID8057778,2108,0.0,0.0
DTXSID8057801,2108,,
DTXSID8057803,2108,0.0008124155498320768,0.0
DTXSID8057805,2108,0.5642726146979717,0.0
DTXSID8057807,2108,0.0,0.0
DTXSID8057809,2108,0.9999999989301305,1.0
DTXSID8057851,2108,0.0,0.0
DTXSID8057853,2108,,
DTXSID8057855,2108,1.939332334533924e-10,0.0
DTXSID8057857,2108,0.0,0.0
DTXSID9020031,2108,1.0,1.0
DTXSID9020081,2108,0.0,0.0
DTXSID9020083,2108,0.0,0.0
DTXSID9020087,2108,0.0,0.0
DTXSID9020089,2108,0.0,0.0
DTXSID9020110,2108,0.9999999999869638,1.0
DTXSID9020112,2108,0.9996527549040745,1.0
DTXSID9020114,2108,0.9999626331797281,1.0
DTXSID9020116,2108,0.9999993169580526,1.0
DTXSID9020118,2108,0.0,0.0
DTXSID9020160,2108,1.5568412896903236e-05,0.0
DTXSID9020164,2108,0.0,0.0
DTXSID9020166,2108,0.9999999999999566,1.0
DTXSID9020168,2108,0.0,0.0
DTXSID9020241,2108,0.1373194432451828,0.0
DTXSID9020243,2108,0.9999999999547032,1.0
DTXSID9020245,2108,0.0,0.0
DTXSID9020247,2108,0.9947749213543616,1.0
DTXSID9020249,2108,3.470636995041289e-06,0.0
DTXSID9020293,2108,0.34446034277398385,0.0
DTXSID9020295,2108,0.0,0.0
DTXSID9020299,2108,0.999774130138144,1.0
DTXSID9020322,2108,0.0,0.0
DTXSID9020326,2108,0.0,0.0
DTXSID9020328,2108,0.0,0.0
DTXSID9020370,2108,0.0,0.0
DTXSID9020372,2108,0.9680897297139277,1.0
DTXSID9020374,2108,0.00011719320807369483,0.0
DTXSID9020376,2108,0.0,0.0
DTXSID9020378,2108,0.0,0.0
DTXSID9020401,2108,0.0,0.0
DTXSID9020407,2108,6.807341271984179e-11,0.0
DTXSID9020409,2108,0.9248028298605915,1.0
DTXSID9020451,2108,0.9995269217947784,1.0
DTXSID9020453,2108,0.7923879049675495,0.0
DTXSID9020459,2108,,
DTXSID9020538,2108,0.01911398793405643,0.0
DTXSID9020580,2108,0.0,0.0
DTXSID9020582,2108,0.8793119303428035,0.0
DTXSID9020584,2108,0.0,0.0
DTXSID9020615,2108,0.0,0.0
DTXSID9020617,2108,0.0,0.0
DTXSID9020663,2108,1.3405442695358041e-06,0.0
DTXSID9020667,2108,0.0,0.0
DTXSID9020669,2108,0.2552497447422658,0.0
DTXSID9020740,2108,0.0,0.0
DTXSID9020742,2108,3.0439241311540155e-16,0.0
DTXSID9020790,2108,0.0,0.0
DTXSID9020792,2108,0.0,0.0
DTXSID9020794,2108,,
DTXSID9020796,2108,0.9701813682150147,1.0
DTXSID9020825,2108,0.98315297243487,1.0
DTXSID9020827,2108,0.9820099206813706,1.0
DTXSID9020829,2108,0.0,0.0
DTXSID9020875,2108,0.0,0.0
DTXSID9020877,2108,0.0,0.0
DTXSID9020902,2108,8.737097861544328e-13,0.0
DTXSID9020956,2108,0.0,0.0
DTXSID9020958,2108,0.9999998624962683,1.0
DTXSID9021053,2108,0.0,0.0
DTXSID9021059,2108,0.0,0.0
DTXSID9021130,2108,0.02928019919877207,0.0
DTXSID9021132,2108,0.9846078783643221,1.0
DTXSID9021134,2108,8.687982372392058e-10,0.0
DTXSID9021136,2108,0.0,0.0
DTXSID9021138,2108,0.9466034313194442,1.0
DTXSID9021182,2108,5.540994882580384e-07,0.0
DTXSID9021184,2108,0.9973454071067477,1.0
DTXSID9021188,2108,0.0,0.0
DTXSID9021215,2108,1.5473828368207884e-14,0.0
DTXSID9021217,2108,0.9998433810464374,1.0
DTXSID9021219,2108,0.9778180327761423,1.0
DTXSID9021267,2108,0.23090543475260758,0.0
DTXSID9021340,2108,,
DTXSID9021342,2108,0.9999998708756807,1.0
DTXSID9021344,2108,0.0,0.0
DTXSID9021346,2108,0.9999999924040274,1.0
DTXSID9021348,2108,0.0,0.0
DTXSID9021390,2108,0.0,0.0
DTXSID9021392,2108,0.0,0.0
DTXSID9021396,2108,0.0,0.0
DTXSID9021398,2108,5.37253102234388e-06,0.0
DTXSID9021427,2108,0.0,0.0
DTXSID9021477,2108,0.0,0.0
DTXSID9021479,2108,0.0,0.0
DTXSID9021550,2108,0.16943000194580293,0.0
DTXSID9021552,2108,0.0,0.0
DTXSID9021554,2108,0.0,0.0
DTXSID9021631,2108,0.0,0.0
DTXSID9021633,2108,0.0,0.0
DTXSID9021635,2108,,
DTXSID9021637,2108,1.683625897663483e-08,0.0
DTXSID9021639,2108,0.0,0.0
DTXSID9021683,2108,0.0,0.0
DTXSID9021685,2108,0.0,0.0
DTXSID9021689,2108,0.0,0.0
DTXSID9021710,2108,1.1641242724102273e-07,0.0
DTXSID9021716,2108,0.9929378306274355,1.0
DTXSID9021718,2108,0.0,0.0
DTXSID9021762,2108,0.0,0.0
DTXSID9021764,2108,0.0,0.0
DTXSID9021841,2108,0.0,0.0
DTXSID9021843,2108,0.0,0.0
DTXSID9021847,2108,0.0,0.0
DTXSID9021897,2108,0.0,0.0
DTXSID9021899,2108,0.0,0.0
DTXSID9021922,2108,0.0,0.0
DTXSID9021924,2108,0.0,0.0
DTXSID9021928,2108,0.0,0.0
DTXSID9021974,2108,0.0,0.0
DTXSID9021976,2108,0.0,0.0
DTXSID9021978,2108,0.0,0.0
DTXSID9022027,2108,0.0,0.0
DTXSID9022079,2108,0.9990936793033754,1.0
DTXSID9022100,2108,1.2261942124702473e-10,0.0
DTXSID9022104,2108,2.5136652122086194e-15,0.0
DTXSID9022310,2108,0.9976039383568106,1.0
DTXSID9022312,2108,0.5902292691722779,0.0
DTXSID9022360,2108,0.9861633576920641,1.0
DTXSID9022364,2108,0.9999780933704674,1.0
DTXSID9022366,2108,0.999871025324711,1.0
DTXSID9022445,2108,0.21685163279241043,0.0
DTXSID9022520,2108,0.0,0.0
DTXSID9022522,2108,0.0,0.0
DTXSID9022524,2108,0.0,0.0
DTXSID9022526,2108,0.8169032658308972,0.0
DTXSID9022528,2108,0.0003636180190645952,0.0
DTXSID9022576,2108,2.1168985611359808e-05,0.0
DTXSID9022601,2108,0.9762000466330226,1.0
DTXSID9022603,2108,0.00045236557454341516,0.0
DTXSID9022607,2108,1.2994955288736437e-09,0.0
DTXSID9022609,2108,0.0,0.0
DTXSID9022655,2108,2.2036614131924465e-08,0.0
DTXSID9022657,2108,0.0,0.0
DTXSID9022730,2108,0.0,0.0
DTXSID9022734,2108,7.385015624548417e-14,0.0
DTXSID9022736,2108,4.856807955896393e-05,0.0
DTXSID9022738,2108,0.0,0.0
DTXSID9022780,2108,0.0,0.0
DTXSID9022813,2108,0.0,0.0
DTXSID9022817,2108,0.0,0.0
DTXSID9022940,2108,0.0,0.0
DTXSID9022944,2108,0.0,0.0
DTXSID9022948,2108,2.288893236125518e-07,0.0
DTXSID9022994,2108,1.52494539543666e-07,0.0
DTXSID9023041,2108,0.0,0.0
DTXSID9023043,2108,0.0,0.0
DTXSID9023095,2108,0.0,0.0
DTXSID9023122,2108,0.0,0.0
DTXSID9023128,2108,0.9998701601047262,1.0
DTXSID9023170,2108,0.0,0.0
DTXSID9023174,2108,0.0,0.0
DTXSID9023201,2108,0.9994526726962241,1.0
DTXSID9023205,2108,1.2153290829693053e-17,0.0
DTXSID9023255,2108,0.0,0.0
DTXSID9023380,2108,0.9972341203990664,1.0
DTXSID9023386,2108,0.0,0.0
DTXSID9023388,2108,4.091543818680644e-05,0.0
DTXSID9023411,2108,0.012860792118286692,0.0
DTXSID9023419,2108,0.0,0.0
DTXSID9023540,2108,0.0,0.0
DTXSID9023542,2108,0.8537653705617971,0.0
DTXSID9023546,2108,2.9717689951415303e-09,0.0
DTXSID9023548,2108,0.0,0.0
DTXSID9023590,2108,0.0,0.0
DTXSID9023621,2108,0.0,0.0
DTXSID9023677,2108,0.8736129564415304,0.0
DTXSID9023679,2108,0.0,0.0
DTXSID9023702,2108,0.0,0.0
DTXSID9023706,2108,0.9891242532032499,1.0
DTXSID9023752,2108,0.0,0.0
DTXSID9023756,2108,0.22497923763742675,0.0
DTXSID9023833,2108,0.0,0.0
DTXSID9023835,2108,0.9998527541859568,1.0
DTXSID9023837,2108,2.4911559890460403e-12,0.0
DTXSID9023881,2108,0.0,0.0
DTXSID9023883,2108,,
DTXSID9023889,2108,0.0130659593214386,0.0
DTXSID9023914,2108,0.0,0.0
DTXSID9023966,2108,0.0,0.0
DTXSID9024015,2108,0.0,0.0
DTXSID9024063,2108,0.0,0.0
DTXSID9024065,2108,0.0,0.0
DTXSID9024194,2108,0.0,0.0
DTXSID9024300,2108,0.3700395906004473,0.0
DTXSID9024304,2108,0.9742045086059579,1.0
DTXSID9024431,2108,0.0,0.0
DTXSID9024437,2108,8.6545276802469e-06,0.0
DTXSID9024481,2108,0.0,0.0
DTXSID9024483,2108,0.9455692657017956,1.0
DTXSID9024485,2108,0.0,0.0
DTXSID9024487,2108,3.026625338406597e-08,0.0
DTXSID9024489,2108,0.0,0.0
DTXSID9024512,2108,0.0,0.0
DTXSID9024568,2108,0.0,0.0
DTXSID9024641,2108,2.0065542644652356e-05,0.0
DTXSID9024691,2108,0.0,0.0
DTXSID9024699,2108,5.132407636960051e-09,0.0
DTXSID9024724,2108,0.0,0.0
DTXSID9024726,2108,0.7742799782131702,0.0
DTXSID9024770,2108,0.0,0.0
DTXSID9024772,2108,0.0,0.0
DTXSID9024774,2108,0.0,0.0
DTXSID9024809,2108,0.0,0.0
DTXSID9024853,2108,2.3464309013404127e-15,0.0
DTXSID9024855,2108,4.025843083701468e-05,0.0
DTXSID9024930,2108,0.8420867281289441,0.0
DTXSID9024934,2108,0.02995454657191261,0.0
DTXSID9024980,2108,0.0,0.0
DTXSID9024986,2108,2.6708217380558457e-13,0.0
DTXSID9025035,2108,0.9937040245515969,1.0
DTXSID9025037,2108,5.19897499912687e-11,0.0
DTXSID9025085,2108,0.0,0.0
DTXSID9025087,2108,0.9859969728714507,1.0
DTXSID9025110,2108,0.0,0.0
DTXSID9025112,2108,0.0,0.0
DTXSID9025114,2108,0.9791363166632624,1.0
DTXSID9025164,2108,0.16339833509723625,0.0
DTXSID9025166,2108,0.8380176684428812,0.0
DTXSID9025243,2108,0.0,0.0
DTXSID9025245,2108,0.0,0.0
DTXSID9025249,2108,0.0,0.0
DTXSID9025291,2108,0.0,0.0
DTXSID9025293,2108,0.0,0.0
DTXSID9025297,2108,0.0,0.0
DTXSID9025299,2108,0.002253114986190561,0.0
DTXSID9025326,2108,0.0,0.0
DTXSID9025328,2108,,
DTXSID9025370,2108,0.1101896021162995,0.0
DTXSID9025401,2108,0.99941879105258,1.0
DTXSID9025403,2108,2.1047327042375825e-10,0.0
DTXSID9025409,2108,6.289204710634637e-11,0.0
DTXSID9025451,2108,0.0,0.0
DTXSID9025453,2108,0.0,0.0
DTXSID9025455,2108,0.0,0.0
DTXSID9025534,2108,1.0248584426389808e-09,0.0
DTXSID9025536,2108,0.02704088330575085,0.0
DTXSID9025538,2108,,
DTXSID9025580,2108,0.0,0.0
DTXSID9025588,2108,0.0,0.0
DTXSID9025611,2108,0.0,0.0
DTXSID9025617,2108,0.0,0.0
DTXSID9025661,2108,0.0,0.0
DTXSID9025665,2108,0.9923515093936013,1.0
DTXSID9025740,2108,0.0,0.0
DTXSID9025742,2108,0.0,0.0
DTXSID9025744,2108,0.9999999999999992,1.0
DTXSID9025746,2108,0.0,0.0
DTXSID9025794,2108,0.0,0.0
DTXSID9025796,2108,0.0,0.0
DTXSID9025825,2108,0.9988239910748918,1.0
DTXSID9025873,2108,0.0,0.0
DTXSID9025879,2108,0.0,0.0
DTXSID9026051,2108,0.0,0.0
DTXSID9026059,2108,0.0,0.0
DTXSID9026130,2108,0.0,0.0
DTXSID9026132,2108,0.0,0.0
DTXSID9026219,2108,0.3620569647675804,0.0
DTXSID9026261,2108,,
DTXSID9026265,2108,0.0,0.0
DTXSID9026267,2108,1.3211426137896702e-12,0.0
DTXSID9026342,2108,0.0,0.0
DTXSID9026423,2108,0.0,0.0
DTXSID9026500,2108,4.7008749701243705e-08,0.0
DTXSID9026558,2108,0.0,0.0
DTXSID9026631,2108,0.0,0.0
DTXSID9026633,2108,0.0,0.0
DTXSID9026689,2108,0.0,0.0
DTXSID9026710,2108,0.0,0.0
DTXSID9026712,2108,0.0,0.0
DTXSID9026714,2108,0.0,0.0
DTXSID9026716,2108,0.0,0.0
DTXSID9026718,2108,0.0,0.0
DTXSID9026766,2108,0.0,0.0
DTXSID9026841,2108,0.0,0.0
DTXSID9026849,2108,0.0,0.0
DTXSID9026899,2108,0.0,0.0
DTXSID9026922,2108,0.0,0.0
DTXSID9026924,2108,0.0,0.0
DTXSID9026926,2108,0.0,0.0
DTXSID9026974,2108,0.7813522980613348,0.0
DTXSID9027021,2108,0.0,0.0
DTXSID9027104,2108,0.0,0.0
DTXSID9027158,2108,6.841925538049209e-16,0.0
DTXSID9027233,2108,0.0,0.0
DTXSID9027239,2108,0.037248648958106347,0.0
DTXSID9027281,2108,1.9788583631537338e-07,0.0
DTXSID9027310,2108,,
DTXSID9027312,2108,8.994511139286265e-07,0.0
DTXSID9027314,2108,,
DTXSID9027360,2108,0.0,0.0
DTXSID9027364,2108,,
DTXSID9027368,2108,0.0,0.0
DTXSID9027441,2108,1.4908755414637766e-05,0.0
DTXSID9027443,2108,4.6218888547121155e-15,0.0
DTXSID9027449,2108,1.672679526944417e-08,0.0
DTXSID9027520,2108,0.0,0.0
DTXSID9027522,2108,0.0,0.0
DTXSID9027528,2108,0.0,0.0
DTXSID9027570,2108,0.0,0.0
DTXSID9027603,2108,0.0,0.0
DTXSID9027653,2108,0.0,0.0
DTXSID9027738,2108,3.368168266036313e-11,0.0
DTXSID9027863,2108,0.6905501716095463,0.0
DTXSID9027948,2108,0.0,0.0
DTXSID9028120,2108,0.0,0.0
DTXSID9029017,2108,0.0,0.0
DTXSID9029061,2108,0.0,0.0
DTXSID9029146,2108,0.0,0.0
DTXSID9029192,2108,0.0,0.0
DTXSID9029194,2108,0.0,0.0
DTXSID9029221,2108,0.0,0.0
DTXSID9029223,2108,0.0,0.0
DTXSID9029225,2108,0.00010551245422122114,0.0
DTXSID9029275,2108,0.0,0.0
DTXSID9029277,2108,0.0,0.0
DTXSID9029279,2108,0.0,0.0
DTXSID9029300,2108,0.0,0.0
DTXSID9029302,2108,0.0,0.0
DTXSID9029304,2108,0.0,0.0
DTXSID9029649,2108,1.3794261203559813e-09,0.0
DTXSID9029691,2108,0.0,0.0
DTXSID9029695,2108,0.0,0.0
DTXSID9030048,2108,0.0,0.0
DTXSID9030258,2108,0.0,0.0
DTXSID9030707,2108,0.9999962003982981,1.0
DTXSID9031800,2108,0.9999999999996732,1.0
DTXSID9032113,2108,0.37832579005920736,0.0
DTXSID9032327,2108,3.815318019623066e-05,0.0
DTXSID9032329,2108,0.3937724537683094,0.0
DTXSID9032375,2108,0.0,0.0
DTXSID9032379,2108,0.011506998226072249,0.0
DTXSID9032406,2108,0.0,0.0
DTXSID9032531,2108,,
DTXSID9032533,2108,0.9999999999999916,1.0
DTXSID9032535,2108,0.0,0.0
DTXSID9032537,2108,0.9999999992114897,1.0
DTXSID9032581,2108,0.5507782731003247,0.0
DTXSID9032589,2108,0.0,0.0
DTXSID9032610,2108,8.389251117068525e-12,0.0
DTXSID9032614,2108,0.0,0.0
DTXSID9032878,2108,0.0,0.0
DTXSID9033008,2108,9.474980970974277e-13,0.0
DTXSID9033058,2108,0.0,0.0
DTXSID9033187,2108,0.9999941277894296,1.0
DTXSID9033264,2108,0.0,0.0
DTXSID9033896,2108,0.0,0.0
DTXSID9033923,2108,0.0028204457098757593,0.0
DTXSID9033979,2108,0.0,0.0
DTXSID9034070,2108,0.0006048303401089109,0.0
DTXSID9034232,2108,0.05242122664022937,0.0
DTXSID9034282,2108,0.0,0.0
DTXSID9034286,2108,1.5509589775568317e-07,0.0
DTXSID9034317,2108,0.9999999999977002,1.0
DTXSID9034361,2108,0.0,0.0
DTXSID9034365,2108,0.0,0.0
DTXSID9034490,2108,0.0,0.0
DTXSID9034492,2108,0.7960775898561814,0.0
DTXSID9034816,2108,,
DTXSID9034818,2108,1.7031643926736218e-08,0.0
DTXSID9034864,2108,0.0,0.0
DTXSID9034997,2108,1.0,1.0
DTXSID9035175,2108,1.5552459934103722e-16,0.0
DTXSID9035204,2108,0.9999999999999888,1.0
DTXSID9035206,2108,0.0,0.0
DTXSID9035620,2108,0.0,0.0
DTXSID9035753,2108,0.0,0.0
DTXSID9036226,2108,0.0,0.0
DTXSID9036438,2108,0.0,0.0
DTXSID9036515,2108,0.9859093281793433,1.0
DTXSID9036646,2108,0.0,0.0
DTXSID9036690,2108,0.0,0.0
DTXSID9036933,2108,0.0,0.0
DTXSID9037038,2108,0.9999839584963185,1.0
DTXSID9037246,2108,0.0,0.0
DTXSID9037248,2108,0.0,0.0
DTXSID9037535,2108,0.0009963706052852175,0.0
DTXSID9037539,2108,0.3266939838704268,0.0
DTXSID9037612,2108,1.1737760544110438e-06,0.0
DTXSID9037616,2108,0.0,0.0
DTXSID9037741,2108,0.0,0.0
DTXSID9037745,2108,0.0,0.0
DTXSID9037749,2108,0.9995777505061003,1.0
DTXSID9038686,2108,0.0,0.0
DTXSID9039232,2108,0.0,0.0
DTXSID9039238,2108,0.0,0.0
DTXSID9040001,2108,,
DTXSID9040130,2108,0.0023007070770639433,0.0
DTXSID9040134,2108,,
DTXSID9040215,2108,0.0,0.0
DTXSID9040265,2108,0.913392064890586,1.0
DTXSID9040269,2108,0.9999999056554858,1.0
DTXSID9040342,2108,0.0,0.0
DTXSID9040502,2108,0.9998824892211311,1.0
DTXSID9040554,2108,0.0,0.0
DTXSID9040635,2108,0.0,0.0
DTXSID9040683,2108,0.7674939323501082,0.0
DTXSID9040685,2108,0.0,0.0
DTXSID9040687,2108,0.0,0.0
DTXSID9040710,2108,0.0,0.0
DTXSID9040712,2108,1.0,1.0
DTXSID9040714,2108,,
DTXSID9040716,2108,0.0,0.0
DTXSID9040718,2108,2.5080506068042318e-12,0.0
DTXSID9040760,2108,0.0004556593273680987,0.0
DTXSID9041075,2108,0.0,0.0
DTXSID9041152,2108,0.10235181767606849,0.0
DTXSID9041233,2108,0.0,0.0
DTXSID9041237,2108,0.0,0.0
DTXSID9041289,2108,0.9999967133048288,1.0
DTXSID9041362,2108,0.02916669595231718,0.0
DTXSID9041366,2108,0.0,0.0
DTXSID9041368,2108,0.0,0.0
DTXSID9041441,2108,0.0,0.0
DTXSID9041491,2108,0.001878342527747101,0.0
DTXSID9041520,2108,0.0,0.0
DTXSID9041524,2108,0.9986547269830464,1.0
DTXSID9041528,2108,0.0,0.0
DTXSID9041570,2108,0.9520680506885859,1.0
DTXSID9041607,2108,3.602826668994363e-07,0.0
DTXSID9041653,2108,0.015106623020231486,0.0
DTXSID9041659,2108,0.0,0.0
DTXSID9041813,2108,0.0,0.0
DTXSID9041815,2108,0.0,0.0
DTXSID9041861,2108,0.0,0.0
DTXSID9042097,2108,0.9750557957177117,1.0
DTXSID9042124,2108,1.0,1.0
DTXSID9042170,2108,0.0,0.0
DTXSID9042203,2108,0.3167963291899516,0.0
DTXSID9042209,2108,0.0,0.0
DTXSID9042259,2108,0.00020157490760469048,0.0
DTXSID9042336,2108,0.0,0.0
DTXSID9042338,2108,5.222802992374978e-07,0.0
DTXSID9042382,2108,0.0,0.0
DTXSID9042415,2108,,
DTXSID9042592,2108,0.9957619118814461,1.0
DTXSID9042594,2108,0.462178015605771,0.0
DTXSID9043853,2108,7.459800145265567e-07,0.0
DTXSID9043855,2108,0.0,0.0
DTXSID9043938,2108,,
DTXSID9044112,2108,0.9950925806230828,1.0
DTXSID9044164,2108,0.004903128692854357,0.0
DTXSID9044241,2108,0.0,0.0
DTXSID9044247,2108,0.0,0.0
DTXSID9044299,2108,0.0,0.0
DTXSID9044320,2108,0.0,0.0
DTXSID9044322,2108,0.9258253422429145,1.0
DTXSID9044370,2108,0.0,0.0
DTXSID9044372,2108,0.0,0.0
DTXSID9044374,2108,0.0,0.0
DTXSID9044378,2108,0.0,0.0
DTXSID9044401,2108,0.0,0.0
DTXSID9044403,2108,0.0,0.0
DTXSID9044405,2108,7.924525170352133e-18,0.0
DTXSID9044407,2108,0.0,0.0
DTXSID9044409,2108,,
DTXSID9044451,2108,,
DTXSID9044455,2108,0.0,0.0
DTXSID9044457,2108,,
DTXSID9044459,2108,0.9997654589217941,1.0
DTXSID9044532,2108,0.00014977735860423891,0.0
DTXSID9044534,2108,0.0,0.0
DTXSID9044536,2108,0.0,0.0
DTXSID9044538,2108,0.0,0.0
DTXSID9044580,2108,0.0,0.0
DTXSID9044582,2108,1.6188690575846913e-09,0.0
DTXSID9044584,2108,0.0,0.0
DTXSID9044588,2108,6.225595896389214e-06,0.0
DTXSID9044611,2108,0.0,0.0
DTXSID9044613,2108,0.8389781352114226,0.0
DTXSID9044615,2108,0.0,0.0
DTXSID9044617,2108,0.00012602225157918982,0.0
DTXSID9044619,2108,0.0,0.0
DTXSID9044661,2108,,
DTXSID9044663,2108,0.0,0.0
DTXSID9044667,2108,6.78697700761785e-16,0.0
DTXSID9044740,2108,0.6296523143284867,0.0
DTXSID9044742,2108,0.0,0.0
DTXSID9044744,2108,0.0,0.0
DTXSID9044746,2108,0.0,0.0
DTXSID9044748,2108,0.0,0.0
DTXSID9044790,2108,0.0,0.0
DTXSID9044794,2108,0.0,0.0
DTXSID9044796,2108,0.9999999999997307,1.0
DTXSID9044798,2108,0.9922806048875741,1.0
DTXSID9044821,2108,0.1260942801893123,0.0
DTXSID9044823,2108,0.0,0.0
DTXSID9044825,2108,1.0528185178748549e-06,0.0
DTXSID9044827,2108,0.7966045190744246,0.0
DTXSID9044829,2108,2.6162118634814527e-06,0.0
DTXSID9044871,2108,0.0,0.0
DTXSID9044873,2108,0.0,0.0
DTXSID9044875,2108,0.0,0.0
DTXSID9044877,2108,0.0,0.0
DTXSID9044879,2108,0.0,0.0
DTXSID9044900,2108,5.626859255740547e-12,0.0
DTXSID9044902,2108,0.0,0.0
DTXSID9044904,2108,0.0,0.0
DTXSID9044908,2108,0.0,0.0
DTXSID9044950,2108,0.9998916968465301,1.0
DTXSID9044958,2108,0.02128621057717944,0.0
DTXSID9045003,2108,0.0,0.0
DTXSID9045005,2108,,
DTXSID9045007,2108,3.55237299325733e-06,0.0
DTXSID9045053,2108,1.6829675046627813e-18,0.0
DTXSID9045132,2108,0.9569379657325328,1.0
DTXSID9045136,2108,0.47840189249611137,0.0
DTXSID9045138,2108,4.1894065776212195e-14,0.0
DTXSID9045182,2108,0.004837514262801495,0.0
DTXSID9045184,2108,0.9999489302475265,1.0
DTXSID9045188,2108,0.0,0.0
DTXSID9045215,2108,0.9344332292016714,1.0
DTXSID9045217,2108,0.0,0.0
DTXSID9045265,2108,6.028527834530028e-18,0.0
DTXSID9045267,2108,0.0005411256678219839,0.0
DTXSID9045342,2108,,
DTXSID9045346,2108,0.0,0.0
DTXSID9045348,2108,3.69032186679959e-11,0.0
DTXSID9045390,2108,0.0,0.0
DTXSID9045392,2108,0.0,0.0
DTXSID9045394,2108,0.0,0.0
DTXSID9045425,2108,0.9998404771354334,1.0
DTXSID9045429,2108,0.0,0.0
DTXSID9045500,2108,0.0,0.0
DTXSID9045506,2108,5.8848363587059164e-18,0.0
DTXSID9045508,2108,,
DTXSID9045556,2108,0.0,0.0
DTXSID9045558,2108,0.9807482732511338,1.0
DTXSID9045631,2108,0.8238660015879878,0.0
DTXSID9045633,2108,0.0,0.0
DTXSID9045635,2108,0.9998625563636854,1.0
DTXSID9045683,2108,4.484302930357426e-14,0.0
DTXSID9045685,2108,0.0,0.0
DTXSID9045687,2108,,
DTXSID9045710,2108,0.0,0.0
DTXSID9045762,2108,0.8132838762120934,0.0
DTXSID9045768,2108,,
DTXSID9045843,2108,0.0,0.0
DTXSID9045845,2108,0.0,0.0
DTXSID9045847,2108,0.0,0.0
DTXSID9045849,2108,0.9999999956425427,1.0
DTXSID9045891,2108,0.0,0.0
DTXSID9045897,2108,,
DTXSID9045899,2108,1.2863979857166812e-06,0.0
DTXSID9045922,2108,0.1424448164092959,0.0
DTXSID9046023,2108,0.0,0.0
DTXSID9046029,2108,0.9466507587822683,1.0
DTXSID9046071,2108,0.0,0.0
DTXSID9046073,2108,0.0,0.0
DTXSID9046100,2108,3.515353301535155e-14,0.0
DTXSID9046104,2108,0.9888729703982704,1.0
DTXSID9046108,2108,4.907072396689716e-10,0.0
DTXSID9046150,2108,0.0,0.0
DTXSID9046152,2108,0.6856079636153406,0.0
DTXSID9046158,2108,8.545843938911646e-07,0.0
DTXSID9046233,2108,0.0,0.0
DTXSID9046235,2108,0.9944228412773374,1.0
DTXSID9046281,2108,0.0,0.0
DTXSID9046283,2108,0.0,0.0
DTXSID9046285,2108,0.9946383885447668,1.0
DTXSID9046287,2108,0.0,0.0
DTXSID9046289,2108,0.0,0.0
DTXSID9046310,2108,0.9946436407164422,1.0
DTXSID9046318,2108,0.9771463437230805,1.0
DTXSID9046360,2108,,
DTXSID9046443,2108,0.9999959241404974,1.0
DTXSID9046445,2108,0.9939725516012685,1.0
DTXSID9046449,2108,0.6831348706133167,0.0
DTXSID9046491,2108,0.0,0.0
DTXSID9046495,2108,0.0,0.0
DTXSID9046499,2108,1.494622895325087e-07,0.0
DTXSID9046526,2108,0.0,0.0
DTXSID9046570,2108,0.0,0.0
DTXSID9046572,2108,0.0,0.0
DTXSID9046576,2108,0.9999999529203847,1.0
DTXSID9046651,2108,4.374433156292191e-05,0.0
DTXSID9046734,2108,0.0004780436355840096,0.0
DTXSID9046738,2108,2.5683501232322093e-13,0.0
DTXSID9046780,2108,0.31061660025457344,0.0
DTXSID9046786,2108,,
DTXSID9046813,2108,0.9883987200455624,1.0
DTXSID9046817,2108,0.0,0.0
DTXSID9046861,2108,0.9543598510523141,1.0
DTXSID9046942,2108,0.9997603283611564,1.0
DTXSID9046946,2108,0.0,0.0
DTXSID9046992,2108,0.9973398617482353,1.0
DTXSID9046994,2108,2.6158517104734297e-11,0.0
DTXSID9046998,2108,0.0,0.0
DTXSID9047041,2108,0.0,0.0
DTXSID9047043,2108,0.1425966449215885,0.0
DTXSID9047045,2108,0.0,0.0
DTXSID9047047,2108,0.0,0.0
DTXSID9047049,2108,0.025983058352063132,0.0
DTXSID9047091,2108,,
DTXSID9047093,2108,2.462082865115426e-07,0.0
DTXSID9047095,2108,0.0,0.0
DTXSID9047099,2108,0.0,0.0
DTXSID9047120,2108,0.0,0.0
DTXSID9047124,2108,0.0,0.0
DTXSID9047126,2108,0.0,0.0
DTXSID9047128,2108,0.0,0.0
DTXSID9047174,2108,0.9995959553871432,1.0
DTXSID9047176,2108,0.8840836394113208,0.0
DTXSID9047178,2108,0.0,0.0
DTXSID9047201,2108,6.572452453670614e-14,0.0
DTXSID9047203,2108,0.0,0.0
DTXSID9047205,2108,0.0,0.0
DTXSID9047251,2108,0.9999442968883844,1.0
DTXSID9047253,2108,0.9997598804001596,1.0
DTXSID9047255,2108,,
DTXSID9047257,2108,0.7800315721836616,0.0
DTXSID9047259,2108,,
DTXSID9047330,2108,0.9999997269083079,1.0
DTXSID9047334,2108,0.9999926838286868,1.0
DTXSID9047338,2108,0.31005099659659263,0.0
DTXSID9047411,2108,,
DTXSID9047413,2108,0.0,0.0
DTXSID9047415,2108,0.0,0.0
DTXSID9047417,2108,9.134014609092957e-11,0.0
DTXSID9047419,2108,0.0,0.0
DTXSID9047461,2108,0.0,0.0
DTXSID9047463,2108,4.91381836312778e-09,0.0
DTXSID9047465,2108,0.0,0.0
DTXSID9047467,2108,0.0,0.0
DTXSID9047469,2108,0.0,0.0
DTXSID9047540,2108,0.002599197479752228,0.0
DTXSID9047542,2108,0.9999999908593642,1.0
DTXSID9047546,2108,0.0006377849568148945,0.0
DTXSID9047548,2108,0.0,0.0
DTXSID9047590,2108,,
DTXSID9047592,2108,0.999999999995436,1.0
DTXSID9047594,2108,0.026904914485571873,0.0
DTXSID9047598,2108,0.9320171149437504,1.0
DTXSID9047623,2108,0.0,0.0
DTXSID9047629,2108,4.0945845134000475e-08,0.0
DTXSID9047673,2108,0.0,0.0
DTXSID9047675,2108,0.0,0.0
DTXSID9047677,2108,0.0,0.0
DTXSID9047679,2108,0.9368432751686542,1.0
DTXSID9047700,2108,0.0,0.0
DTXSID9047702,2108,0.0,0.0
DTXSID9047704,2108,0.0,0.0
DTXSID9047706,2108,0.0,0.0
DTXSID9047708,2108,0.9933385369338382,1.0
DTXSID9047833,2108,0.32607027283899725,0.0
DTXSID9047835,2108,0.0,0.0
DTXSID9047837,2108,0.9633743966609409,1.0
DTXSID9047839,2108,0.9971433678043028,1.0
DTXSID9047881,2108,0.0,0.0
DTXSID9047883,2108,0.0018148070123998542,0.0
DTXSID9047885,2108,0.571801423421064,0.0
DTXSID9047887,2108,0.26679962641616367,0.0
DTXSID9047889,2108,0.9999999999999459,1.0
DTXSID9047910,2108,0.0,0.0
DTXSID9047912,2108,0.9860794817487648,1.0
DTXSID9047914,2108,2.292675514497901e-05,0.0
DTXSID9047916,2108,0.9999995195804685,1.0
DTXSID9047918,2108,0.9999948647262553,1.0
DTXSID9047960,2108,0.9288717058727772,1.0
DTXSID9047962,2108,0.49641093111401735,0.0
DTXSID9047964,2108,0.0,0.0
DTXSID9047966,2108,0.0,0.0
DTXSID9047968,2108,1.0304211000076227e-07,0.0
DTXSID9048190,2108,0.0,0.0
DTXSID9048192,2108,0.0,0.0
DTXSID9048194,2108,0.0,0.0
DTXSID9048196,2108,0.0,0.0
DTXSID9048198,2108,0.0,0.0
DTXSID9048510,2108,0.999999982475351,1.0
DTXSID9048512,2108,0.0,0.0
DTXSID9048514,2108,0.0,0.0
DTXSID9048516,2108,0.0,0.0
DTXSID9048518,2108,3.806055623887656e-06,0.0
DTXSID9048647,2108,0.0,0.0
DTXSID9048649,2108,0.22596561190507247,0.0
DTXSID9048691,2108,0.0,0.0
DTXSID9048693,2108,0.0,0.0
DTXSID9048695,2108,,
DTXSID9048722,2108,0.0,0.0
DTXSID9048728,2108,0.9999999952233587,1.0
DTXSID9048774,2108,0.0,0.0
DTXSID9048776,2108,0.9999751238954218,1.0
DTXSID9048778,2108,0.0,0.0
DTXSID9048801,2108,0.9503903406938915,1.0
DTXSID9048803,2108,0.0,0.0
DTXSID9048805,2108,0.0,0.0
DTXSID9048807,2108,0.0,0.0
DTXSID9048809,2108,0.9972758395520677,1.0
DTXSID9048851,2108,0.0,0.0
DTXSID9048853,2108,2.9502598870493056e-12,0.0
DTXSID9048855,2108,,
DTXSID9048859,2108,0.7199973308841118,0.0
DTXSID9048930,2108,0.9730505118120255,1.0
DTXSID9048932,2108,0.0,0.0
DTXSID9048934,2108,0.0,0.0
DTXSID9048936,2108,0.983949667080724,1.0
DTXSID9048938,2108,0.07565715650165981,0.0
DTXSID9048988,2108,0.09006818806724672,0.0
DTXSID9049035,2108,0.0,0.0
DTXSID9049037,2108,6.897756462926328e-12,0.0
DTXSID9049039,2108,0.0,0.0
DTXSID9049083,2108,0.0,0.0
DTXSID9049241,2108,0.0,0.0
DTXSID9049243,2108,0.0,0.0
DTXSID9049245,2108,0.0,0.0
DTXSID9049247,2108,0.0,0.0
DTXSID9049249,2108,0.0,0.0
DTXSID9049291,2108,0.0,0.0
DTXSID9049293,2108,0.99488550297275,1.0
DTXSID9049295,2108,0.0,0.0
DTXSID9049297,2108,0.9999999999951593,1.0
DTXSID9049299,2108,0.9999998128496956,1.0
DTXSID9049320,2108,0.0,0.0
DTXSID9049322,2108,0.0,0.0
DTXSID9049324,2108,0.0,0.0
DTXSID9049326,2108,0.0,0.0
DTXSID9049328,2108,0.0,0.0
DTXSID9049370,2108,0.0,0.0
DTXSID9049372,2108,0.0,0.0
DTXSID9049374,2108,0.0,0.0
DTXSID9049376,2108,0.006004737487186638,0.0
DTXSID9049378,2108,0.0,0.0
DTXSID9049401,2108,0.9999999992899906,1.0
DTXSID9049403,2108,0.0,0.0
DTXSID9049405,2108,1.2106652378928205e-07,0.0
DTXSID9049407,2108,0.0,0.0
DTXSID9049409,2108,0.0,0.0
DTXSID9049451,2108,,
DTXSID9049453,2108,0.0,0.0
DTXSID9049455,2108,2.2740639629978081e-07,0.0
DTXSID9049457,2108,0.0,0.0
DTXSID9049459,2108,0.0,0.0
DTXSID9049530,2108,3.0406828454797464e-15,0.0
DTXSID9049532,2108,0.0,0.0
DTXSID9049534,2108,0.0,0.0
DTXSID9049536,2108,0.0,0.0
DTXSID9049538,2108,0.07820046610424679,0.0
DTXSID9051454,2108,0.0,0.0
DTXSID9051581,2108,0.0,0.0
DTXSID9051618,2108,0.0,0.0
DTXSID9051662,2108,0.9154100564713402,1.0
DTXSID9051824,2108,0.0,0.0
DTXSID9051907,2108,0.0,0.0
DTXSID9052505,2108,0.0,0.0
DTXSID9052509,2108,1.4567585264823297e-16,0.0
DTXSID9057630,2108,0.9256255437592977,1.0
DTXSID9057632,2108,0.0,0.0
DTXSID9057634,2108,0.0,0.0
DTXSID9057636,2108,,
DTXSID9057638,2108,0.9999999999953091,1.0
DTXSID9057680,2108,0.04614971320070391,0.0
DTXSID9057682,2108,0.000376804565426486,0.0
DTXSID9057684,2108,0.9872332844694683,1.0
DTXSID9057686,2108,0.0,0.0
DTXSID9057688,2108,0.0,0.0
DTXSID9057711,2108,0.0,0.0
DTXSID9057713,2108,0.8485901243518575,0.0
DTXSID9057715,2108,0.15270982703872288,0.0
DTXSID9057717,2108,0.0,0.0
DTXSID9057719,2108,0.0022459584229570385,0.0
DTXSID9057761,2108,0.9997407941749848,1.0
DTXSID9057763,2108,0.0,0.0
DTXSID9057765,2108,0.9999917287793246,1.0
DTXSID9057767,2108,0.0,0.0
DTXSID9057769,2108,0.0,0.0
DTXSID9057840,2108,0.49114040069449505,0.0
DTXSID9057842,2108,0.0,0.0
DTXSID9057844,2108,0.0,0.0
DTXSID9057846,2108,,
DTXSID9057848,2108,0.6098056248716985,0.0
DTXSID9057890,2108,0.0,0.0
DTXSID9057898,2108,0.9998989016835862,1.0
DTXSID9058654,2108,0.9999996030647549,1.0
