dtxsid,aeid,hitc_clean,active
DTXSID0020020,2130,1.265381146436063e-07,0.0
DTXSID0020022,2130,0.0,0.0
DTXSID0020024,2130,0.0,0.0
DTXSID0020070,2130,0.0,0.0
DTXSID0020072,2130,0.999998238853753,1.0
DTXSID0020074,2130,0.0,0.0
DTXSID0020076,2130,0.0,0.0
DTXSID0020101,2130,0.0,0.0
DTXSID0020103,2130,0.05951212612207781,0.0
DTXSID0020105,2130,0.0,0.0
DTXSID0020107,2130,0.0,0.0
DTXSID0020151,2130,0.0,0.0
DTXSID0020153,2130,0.0,0.0
DTXSID0020155,2130,3.2683022093210817e-07,0.0
DTXSID0020157,2130,0.0,0.0
DTXSID0020232,2130,0.9999999459649412,1.0
DTXSID0020236,2130,4.5300936978988654e-13,0.0
DTXSID0020238,2130,0.0,0.0
DTXSID0020280,2130,0.0,0.0
DTXSID0020282,2130,0.999481556229492,1.0
DTXSID0020284,2130,0.9999803447543048,1.0
DTXSID0020286,2130,0.0,0.0
DTXSID0020288,2130,0.0,0.0
DTXSID0020311,2130,0.9583311499353062,1.0
DTXSID0020315,2130,0.0,0.0
DTXSID0020319,2130,1.0,1.0
DTXSID0020361,2130,0.9980965930120221,1.0
DTXSID0020363,2130,0.0,0.0
DTXSID0020365,2130,0.9999999999999999,1.0
DTXSID0020367,2130,0.0,0.0
DTXSID0020369,2130,0.9999999756878741,1.0
DTXSID0020440,2130,0.0,0.0
DTXSID0020442,2130,0.009488484473543224,0.0
DTXSID0020444,2130,0.0,0.0
DTXSID0020446,2130,0.98063919623832,1.0
DTXSID0020448,2130,0.0,0.0
DTXSID0020494,2130,0.0,0.0
DTXSID0020498,2130,0.0,0.0
DTXSID0020523,2130,0.9999864339061598,1.0
DTXSID0020527,2130,0.0,0.0
DTXSID0020529,2130,0.0,0.0
DTXSID0020573,2130,0.999999575136276,1.0
DTXSID0020575,2130,0.9980042160575028,1.0
DTXSID0020577,2130,0.09007147522902617,0.0
DTXSID0020602,2130,0.0,0.0
DTXSID0020604,2130,0.0007088511664328031,0.0
DTXSID0020606,2130,0.9538570447069412,1.0
DTXSID0020650,2130,0.9999999975007656,1.0
DTXSID0020652,2130,1.548752639430052e-08,0.0
DTXSID0020654,2130,0.9986221354173593,1.0
DTXSID0020656,2130,0.0,0.0
DTXSID0020733,2130,1.0,1.0
DTXSID0020737,2130,0.0,0.0
DTXSID0020789,2130,0.0,0.0
DTXSID0020810,2130,0.10488132472410021,0.0
DTXSID0020814,2130,0.9999999999999964,1.0
DTXSID0020818,2130,0.9981903257647968,1.0
DTXSID0020862,2130,0.0,0.0
DTXSID0020868,2130,0.0,0.0
DTXSID0020941,2130,0.0,0.0
DTXSID0020943,2130,0.7688459293506676,0.0
DTXSID0021040,2130,0.0,0.0
DTXSID0021094,2130,0.9928684343660557,1.0
DTXSID0021096,2130,0.9984088429403584,1.0
DTXSID0021121,2130,0.9999999999999994,1.0
DTXSID0021123,2130,0.0,0.0
DTXSID0021125,2130,0.99999999951358,1.0
DTXSID0021127,2130,0.9999999998951659,1.0
DTXSID0021129,2130,0.0,0.0
DTXSID0021175,2130,0.9996241305164086,1.0
DTXSID0021179,2130,0.0,0.0
DTXSID0021206,2130,0.1557584124342843,0.0
DTXSID0021254,2130,1.0688724685491466e-09,0.0
DTXSID0021256,2130,0.0,0.0
DTXSID0021258,2130,0.0,0.0
DTXSID0021331,2130,0.5384575258532445,0.0
DTXSID0021333,2130,1.0,1.0
DTXSID0021337,2130,0.9999839543350567,1.0
DTXSID0021339,2130,0.9999999999999998,1.0
DTXSID0021381,2130,2.0284161847179021e-13,0.0
DTXSID0021383,2130,0.0,0.0
DTXSID0021385,2130,1.0,1.0
DTXSID0021387,2130,0.0,0.0
DTXSID0021389,2130,0.009136686133829468,0.0
DTXSID0021410,2130,0.9999999655617249,1.0
DTXSID0021414,2130,0.39448004192488434,0.0
DTXSID0021418,2130,0.0,0.0
DTXSID0021460,2130,0.9999999999997998,1.0
DTXSID0021462,2130,0.004266411007045389,0.0
DTXSID0021464,2130,1.0,1.0
DTXSID0021543,2130,0.0,0.0
DTXSID0021545,2130,0.0,0.0
DTXSID0021547,2130,0.0,0.0
DTXSID0021597,2130,0.999999982081458,1.0
DTXSID0021599,2130,0.0,0.0
DTXSID0021620,2130,0.0,0.0
DTXSID0021626,2130,0.0,0.0
DTXSID0021672,2130,1.2692805427682212e-14,0.0
DTXSID0021709,2130,0.0,0.0
DTXSID0021751,2130,0.0,0.0
DTXSID0021757,2130,0.0,0.0
DTXSID0021759,2130,0.0,0.0
DTXSID0021832,2130,3.919923614790259e-13,0.0
DTXSID0021834,2130,0.9987697192170203,1.0
DTXSID0021886,2130,,
DTXSID0021888,2130,4.780068160602345e-11,0.0
DTXSID0021915,2130,0.7300405748976403,0.0
DTXSID0021917,2130,0.0,0.0
DTXSID0021961,2130,0.9163016614594008,1.0
DTXSID0021965,2130,0.0,0.0
DTXSID0021969,2130,0.0,0.0
DTXSID0022010,2130,0.0,0.0
DTXSID0022014,2130,1.5094874238464815e-05,0.0
DTXSID0022016,2130,0.0,0.0
DTXSID0022018,2130,0.926980417728785,1.0
DTXSID0022060,2130,0.9999890657047029,1.0
DTXSID0022062,2130,5.073720154821795e-17,0.0
DTXSID0022191,2130,3.1726536461008014e-07,0.0
DTXSID0022193,2130,0.038852191160897956,0.0
DTXSID0022220,2130,0.9999966382265508,1.0
DTXSID0022301,2130,0.9999999999812261,1.0
DTXSID0022305,2130,1.6321157263668677e-15,0.0
DTXSID0022307,2130,0.0,0.0
DTXSID0022353,2130,0.9999923219497001,1.0
DTXSID0022432,2130,0.0,0.0
DTXSID0022436,2130,0.0,0.0
DTXSID0022480,2130,0.0,0.0
DTXSID0022519,2130,0.0006120804301432425,0.0
DTXSID0022563,2130,1.0,1.0
DTXSID0022565,2130,0.0,0.0
DTXSID0022569,2130,1.0,1.0
DTXSID0022640,2130,0.0,0.0
DTXSID0022644,2130,0.0,0.0
DTXSID0022690,2130,0.99999999957751,1.0
DTXSID0022692,2130,0.9999835129059063,1.0
DTXSID0022721,2130,0.9999999999963423,1.0
DTXSID0022725,2130,0.9999952268556659,1.0
DTXSID0022727,2130,0.0,0.0
DTXSID0022777,2130,0.9999998494158414,1.0
DTXSID0022800,2130,0.0,0.0
DTXSID0022808,2130,0.9999999998887477,1.0
DTXSID0022858,2130,0.0,0.0
DTXSID0022933,2130,1.0,1.0
DTXSID0022935,2130,0.0,0.0
DTXSID0023030,2130,0.9999495252114019,1.0
DTXSID0023032,2130,0.9999984232963892,1.0
DTXSID0023036,2130,0.9999999999999647,1.0
DTXSID0023038,2130,0.0,0.0
DTXSID0023084,2130,0.999998286236594,1.0
DTXSID0023088,2130,0.0,0.0
DTXSID0023113,2130,0.0,0.0
DTXSID0023163,2130,0.0,0.0
DTXSID0023169,2130,0.0,0.0
DTXSID0023240,2130,0.0,0.0
DTXSID0023244,2130,0.003798664536986024,0.0
DTXSID0023292,2130,0.0,0.0
DTXSID0023294,2130,1.0,1.0
DTXSID0023296,2130,1.0,1.0
DTXSID0023298,2130,0.9999999999707476,1.0
DTXSID0023323,2130,0.0,0.0
DTXSID0023325,2130,0.9980493671407621,1.0
DTXSID0023329,2130,3.127949719919856e-11,0.0
DTXSID0023371,2130,0.9999999999999866,1.0
DTXSID0023373,2130,0.9999992237878556,1.0
DTXSID0023377,2130,0.9998931569044754,1.0
DTXSID0023458,2130,0.9999999528109957,1.0
DTXSID0023533,2130,0.0,0.0
DTXSID0023581,2130,1.0,1.0
DTXSID0023587,2130,0.8674497899239204,0.0
DTXSID0023589,2130,0.0,0.0
DTXSID0023612,2130,0.0,0.0
DTXSID0023616,2130,0.0,0.0
DTXSID0023618,2130,3.465246901781808e-11,0.0
DTXSID0023660,2130,0.9999329634290789,1.0
DTXSID0023743,2130,0.0,0.0
DTXSID0023745,2130,0.0,0.0
DTXSID0023747,2130,0.9999999408135527,1.0
DTXSID0023749,2130,0.0,0.0
DTXSID0023826,2130,4.752840851191876e-07,0.0
DTXSID0023870,2130,0.0,0.0
DTXSID0023878,2130,0.0,0.0
DTXSID0023901,2130,0.0,0.0
DTXSID0023907,2130,1.8770885055334798e-07,0.0
DTXSID0023909,2130,,
DTXSID0023951,2130,0.9999999999949452,1.0
DTXSID0024000,2130,0.00021068850786568692,0.0
DTXSID0024002,2130,0.999957374304885,1.0
DTXSID0024052,2130,0.9999758362866404,1.0
DTXSID0024183,2130,0.0,0.0
DTXSID0024185,2130,0.0,0.0
DTXSID0024216,2130,0.10165935073975382,0.0
DTXSID0024266,2130,0.9999868217443271,1.0
DTXSID0024341,2130,0.9999999257007959,1.0
DTXSID0024345,2130,0.0,0.0
DTXSID0024395,2130,0.0,0.0
DTXSID0024397,2130,0.0,0.0
DTXSID0024399,2130,0.0,0.0
DTXSID0024470,2130,1.2346629650498603e-07,0.0
DTXSID0024474,2130,0.0,0.0
DTXSID0024478,2130,0.9997736801372238,1.0
DTXSID0024501,2130,0.9995812020673002,1.0
DTXSID0024503,2130,0.0018674492053173996,0.0
DTXSID0024505,2130,5.14616437702568e-05,0.0
DTXSID0024507,2130,0.0,0.0
DTXSID0024509,2130,0.0,0.0
DTXSID0024553,2130,9.3738931313585e-09,0.0
DTXSID0024555,2130,0.9998270431959508,1.0
DTXSID0024559,2130,0.9999013911061813,1.0
DTXSID0024638,2130,0.0,0.0
DTXSID0024715,2130,0.0,0.0
DTXSID0024761,2130,0.0,0.0
DTXSID0024840,2130,0.0,0.0
DTXSID0024890,2130,0.0,0.0
DTXSID0024896,2130,0.0,0.0
DTXSID0024921,2130,1.9620549020014743e-08,0.0
DTXSID0024923,2130,0.21728760428065483,0.0
DTXSID0024971,2130,4.347416273500578e-16,0.0
DTXSID0024977,2130,0.0,0.0
DTXSID0024979,2130,1.8112571020926749e-19,0.0
DTXSID0025070,2130,0.0,0.0
DTXSID0025074,2130,0.0,0.0
DTXSID0025076,2130,0.9999999999999997,1.0
DTXSID0025078,2130,0.9752552053241254,1.0
DTXSID0025101,2130,0.9993962649428619,1.0
DTXSID0025234,2130,0.9853079073354888,1.0
DTXSID0025286,2130,0.0,0.0
DTXSID0025315,2130,8.430402861368613e-09,0.0
DTXSID0025361,2130,0.0,0.0
DTXSID0025363,2130,9.100503390359179e-14,0.0
DTXSID0025367,2130,0.8858664240457124,0.0
DTXSID0025440,2130,0.9999737586666929,1.0
DTXSID0025492,2130,0.9156341400286533,1.0
DTXSID0025494,2130,1.1337586430861117e-07,0.0
DTXSID0025523,2130,0.0,0.0
DTXSID0025527,2130,0.999999974489014,1.0
DTXSID0025571,2130,6.64874274845704e-11,0.0
DTXSID0025577,2130,0.0,0.0
DTXSID0025600,2130,1.0,1.0
DTXSID0025604,2130,0.0,0.0
DTXSID0025654,2130,0.9999987662974344,1.0
DTXSID0025733,2130,0.0,0.0
DTXSID0025737,2130,0.0,0.0
DTXSID0025789,2130,0.9999999999999999,1.0
DTXSID0025812,2130,0.999936461079772,1.0
DTXSID0025814,2130,1.6512837596330486e-19,0.0
DTXSID0025816,2130,4.279884773739728e-05,0.0
DTXSID0025818,2130,0.9999416227956963,1.0
DTXSID0025862,2130,0.0,0.0
DTXSID0025864,2130,0.9998919661045891,1.0
DTXSID0025866,2130,0.0,0.0
DTXSID0025991,2130,0.9952777778739083,1.0
DTXSID0025997,2130,0.9999999999999996,1.0
DTXSID0026040,2130,1.0,1.0
DTXSID0026044,2130,0.0,0.0
DTXSID0026098,2130,0.0,0.0
DTXSID0026125,2130,0.0,0.0
DTXSID0026171,2130,0.0,0.0
DTXSID0026173,2130,0.9999999598702815,1.0
DTXSID0026175,2130,1.9000202693519005e-12,0.0
DTXSID0026202,2130,0.0,0.0
DTXSID0026204,2130,0.0,0.0
DTXSID0026208,2130,0.9999671473685688,1.0
DTXSID0026252,2130,0.0,0.0
DTXSID0026258,2130,0.0,0.0
DTXSID0026339,2130,0.0,0.0
DTXSID0026418,2130,0.0,0.0
DTXSID0026547,2130,0.0,0.0
DTXSID0026549,2130,0.0,0.0
DTXSID0026676,2130,0.0,0.0
DTXSID0026701,2130,0.0,0.0
DTXSID0026830,2130,0.0,0.0
DTXSID0026838,2130,9.346327100425897e-17,0.0
DTXSID0026880,2130,0.0,0.0
DTXSID0026882,2130,1.2824048973181067e-06,0.0
DTXSID0026888,2130,0.0,0.0
DTXSID0026913,2130,0.0,0.0
DTXSID0026915,2130,0.5772557156126682,0.0
DTXSID0026961,2130,1.2178505002945877e-13,0.0
DTXSID0026967,2130,0.9260947574134273,1.0
DTXSID0027014,2130,0.9973098827231155,1.0
DTXSID0027066,2130,3.6258686367867404e-13,0.0
DTXSID0027143,2130,0.9999842616997277,1.0
DTXSID0027149,2130,0.0,0.0
DTXSID0027191,2130,,
DTXSID0027195,2130,0.0,0.0
DTXSID0027197,2130,0.0,0.0
DTXSID0027222,2130,0.8236244949183799,0.0
DTXSID0027228,2130,0.0,0.0
DTXSID0027270,2130,0.9938294508442401,1.0
DTXSID0027301,2130,0.0,0.0
DTXSID0027309,2130,0.0,0.0
DTXSID0027432,2130,0.0,0.0
DTXSID0027436,2130,3.3671176889605904e-15,0.0
DTXSID0027438,2130,0.0,0.0
DTXSID0027486,2130,0.9983188452457825,1.0
DTXSID0027513,2130,0.0,0.0
DTXSID0027515,2130,0.0,0.0
DTXSID0027561,2130,0.0,0.0
DTXSID0027565,2130,0.0,0.0
DTXSID0027567,2130,0.008197192948684207,0.0
DTXSID0027640,2130,1.0301301591828556e-12,0.0
DTXSID0027721,2130,0.9999782885231604,1.0
DTXSID0027729,2130,1.1103274343843864e-12,0.0
DTXSID0027771,2130,0.9999999999859343,1.0
DTXSID0027773,2130,1.0,1.0
DTXSID0027802,2130,0.9999795543189502,1.0
DTXSID0027804,2130,0.0,0.0
DTXSID0027806,2130,1.0442418364925258e-11,0.0
DTXSID0027852,2130,4.842485232778014e-06,0.0
DTXSID0027856,2130,0.0,0.0
DTXSID0027858,2130,0.9999589568665053,1.0
DTXSID0027933,2130,0.8379576693118514,0.0
DTXSID0027981,2130,0.0,0.0
DTXSID0027983,2130,0.0,0.0
DTXSID0028030,2130,0.0,0.0
DTXSID0028038,2130,1.0,1.0
DTXSID0028666,2130,0.07096137313014789,0.0
DTXSID0029133,2130,0.0,0.0
DTXSID0029187,2130,2.5172616611989892e-15,0.0
DTXSID0029189,2130,0.0,0.0
DTXSID0029210,2130,0.0,0.0
DTXSID0029214,2130,0.9999162755616186,1.0
DTXSID0029218,2130,2.699389046221509e-19,0.0
DTXSID0029260,2130,0.0,0.0
DTXSID0029262,2130,0.9999231214753036,1.0
DTXSID0029474,2130,0.9948787215816086,1.0
DTXSID0029559,2130,0.11066263872273126,0.0
DTXSID0029688,2130,0.9961107814759993,1.0
DTXSID0029761,2130,0.0,0.0
DTXSID0029848,2130,0.0,0.0
DTXSID0030162,2130,0.0,0.0
DTXSID0030588,2130,0.0,0.0
DTXSID0032029,2130,1.2634995824264215e-05,0.0
DTXSID0032077,2130,0.9999999999999999,1.0
DTXSID0032316,2130,0.7362227624161993,0.0
DTXSID0032493,2130,0.9991303888776607,1.0
DTXSID0032497,2130,0.0,0.0
DTXSID0032520,2130,1.0,1.0
DTXSID0032572,2130,0.9999999577940692,1.0
DTXSID0032578,2130,0.9999999999999877,1.0
DTXSID0032601,2130,0.9999988869811314,1.0
DTXSID0032605,2130,0.9982970231797736,1.0
DTXSID0032651,2130,0.9999984090189356,1.0
DTXSID0032655,2130,0.9997009184432291,1.0
DTXSID0032811,2130,0.0,0.0
DTXSID0032813,2130,3.090058337051709e-17,0.0
DTXSID0032869,2130,2.899538737028018e-16,0.0
DTXSID0032998,2130,0.0,0.0
DTXSID0033047,2130,0.0,0.0
DTXSID0033332,2130,0.0,0.0
DTXSID0033334,2130,0.8444964720994188,0.0
DTXSID0033382,2130,1.0,1.0
DTXSID0033469,2130,0.9953267977871183,1.0
DTXSID0033673,2130,0.9999815267450886,1.0
DTXSID0033754,2130,0.0,0.0
DTXSID0033960,2130,0.9999999998106343,1.0
DTXSID0034192,2130,0.9999139261943564,1.0
DTXSID0034223,2130,1.0,1.0
DTXSID0034227,2130,1.8883830670546572e-07,0.0
DTXSID0034229,2130,0.0,0.0
DTXSID0034300,2130,0.0,0.0
DTXSID0034518,2130,0.9954891425420417,1.0
DTXSID0034566,2130,1.0,1.0
DTXSID0034695,2130,0.9999505756009269,1.0
DTXSID0034722,2130,0.0,0.0
DTXSID0034776,2130,0.9941055751308608,1.0
DTXSID0034803,2130,0.0,0.0
DTXSID0034855,2130,0.9994498080218964,1.0
DTXSID0034930,2130,0.395250132763107,0.0
DTXSID0034936,2130,0.0,0.0
DTXSID0035160,2130,0.0,0.0
DTXSID0035748,2130,0.9999998754433628,1.0
DTXSID0036508,2130,0.9999999891659894,1.0
DTXSID0036760,2130,1.0,1.0
DTXSID0037023,2130,0.0,0.0
DTXSID0037231,2130,6.296953136972323e-10,0.0
DTXSID0037235,2130,0.0,0.0
DTXSID0037237,2130,0.9997949283358109,1.0
DTXSID0037493,2130,0.0,0.0
DTXSID0037495,2130,0.0,0.0
DTXSID0037522,2130,0.9999823106719868,1.0
DTXSID0037570,2130,0.8614986995623344,0.0
DTXSID0037576,2130,2.821772783436174e-06,0.0
DTXSID0037730,2130,1.0,1.0
DTXSID0037734,2130,0.9999979541641882,1.0
DTXSID0038700,2130,0.10244384068347408,0.0
DTXSID0038756,2130,0.9969876426069976,1.0
DTXSID0038831,2130,0.0,0.0
DTXSID0038881,2130,0.9999761015466515,1.0
DTXSID0038887,2130,0.0,0.0
DTXSID0039223,2130,0.0,0.0
DTXSID0039227,2130,0.9999052549629619,1.0
DTXSID0039229,2130,0.0,0.0
DTXSID0040127,2130,0.0,0.0
DTXSID0040129,2130,0.0,0.0
DTXSID0040208,2130,0.9999999999999692,1.0
DTXSID0040464,2130,1.0,1.0
DTXSID0040547,2130,0.9999999999998921,1.0
DTXSID0040599,2130,1.0,1.0
DTXSID0040620,2130,0.0,0.0
DTXSID0040622,2130,0.0,0.0
DTXSID0040672,2130,1.0,1.0
DTXSID0040674,2130,0.27742596714938444,0.0
DTXSID0040676,2130,0.0,0.0
DTXSID0040678,2130,0.9999999999766849,1.0
DTXSID0040701,2130,0.0014709206061439013,0.0
DTXSID0040703,2130,0.0,0.0
DTXSID0040705,2130,0.0,0.0
DTXSID0040707,2130,0.892607837880156,0.0
DTXSID0040751,2130,0.0003378027559131889,0.0
DTXSID0040757,2130,0.9999999998307019,1.0
DTXSID0040965,2130,0.9999882869632981,1.0
DTXSID0041141,2130,1.0,1.0
DTXSID0041197,2130,0.9796409101466923,1.0
DTXSID0041220,2130,0.9998360900900697,1.0
DTXSID0041224,2130,0.0,0.0
DTXSID0041270,2130,3.504553809538518e-06,0.0
DTXSID0041274,2130,1.0,1.0
DTXSID0041357,2130,0.9999999999999546,1.0
DTXSID0041359,2130,0.9799033523000867,1.0
DTXSID0041436,2130,7.657494577728342e-13,0.0
DTXSID0041484,2130,0.0014959688144213477,0.0
DTXSID0041513,2130,,
DTXSID0041517,2130,0.0,0.0
DTXSID0041519,2130,0.0,0.0
DTXSID0041567,2130,0.9999996140049494,1.0
DTXSID0041646,2130,0.0,0.0
DTXSID0041692,2130,6.773317348727149e-07,0.0
DTXSID0041698,2130,7.837405021274056e-09,0.0
DTXSID0041721,2130,0.9704869548623695,1.0
DTXSID0041850,2130,5.2150922158051825e-08,0.0
DTXSID0041852,2130,0.0,0.0
DTXSID0041981,2130,2.88464600322118e-09,0.0
DTXSID0041983,2130,0.9999999999350188,1.0
DTXSID0041985,2130,1.0,1.0
DTXSID0041987,2130,0.9990022142820493,1.0
DTXSID0042038,2130,0.017065985996303313,0.0
DTXSID0042080,2130,0.9998103702607849,1.0
DTXSID0042084,2130,0.007374680981239162,0.0
DTXSID0042086,2130,0.999999757060439,1.0
DTXSID0042117,2130,0.9991128373498888,1.0
DTXSID0042167,2130,0.0,0.0
DTXSID0042169,2130,3.543353985726097e-08,0.0
DTXSID0042242,2130,0.0,0.0
DTXSID0042244,2130,1.3365404340653188e-08,0.0
DTXSID0042248,2130,1.0,1.0
DTXSID0042325,2130,0.0,0.0
DTXSID0042327,2130,0.0,0.0
DTXSID0042379,2130,1.1534661297910368e-05,0.0
DTXSID0042400,2130,0.9775873686331887,1.0
DTXSID0042406,2130,0.0,0.0
DTXSID0042454,2130,0.9994063005697204,1.0
DTXSID0042583,2130,0.0,0.0
DTXSID0042612,2130,0.9999999999999989,1.0
DTXSID0042614,2130,0.9999923996122195,1.0
DTXSID0042618,2130,1.0,1.0
DTXSID0042668,2130,0.0,0.0
DTXSID0043761,2130,0.9999999999847535,1.0
DTXSID0043763,2130,0.0,0.0
DTXSID0043765,2130,1.0,1.0
DTXSID0043892,2130,0.0,0.0
DTXSID0043896,2130,0.0,0.0
DTXSID0044024,2130,0.0,0.0
DTXSID0044107,2130,0.0,0.0
DTXSID0044236,2130,0.9999998405413623,1.0
DTXSID0044280,2130,0.9999999542054266,1.0
DTXSID0044288,2130,0.0,0.0
DTXSID0044313,2130,7.182528724060549e-10,0.0
DTXSID0044315,2130,0.0,0.0
DTXSID0044317,2130,0.0,0.0
DTXSID0044361,2130,0.0,0.0
DTXSID0044363,2130,0.0,0.0
DTXSID0044365,2130,,
DTXSID0044367,2130,1.0,1.0
DTXSID0044369,2130,0.0,0.0
DTXSID0044440,2130,0.9851530830920263,1.0
DTXSID0044446,2130,1.0696294871644966e-07,0.0
DTXSID0044448,2130,0.0,0.0
DTXSID0044490,2130,0.0,0.0
DTXSID0044494,2130,6.328566010049315e-08,0.0
DTXSID0044496,2130,0.0,0.0
DTXSID0044498,2130,0.0,0.0
DTXSID0044521,2130,,
DTXSID0044523,2130,0.8062588556882602,0.0
DTXSID0044525,2130,1.0,1.0
DTXSID0044527,2130,0.9999874263907624,1.0
DTXSID0044571,2130,6.808665455117865e-09,0.0
DTXSID0044573,2130,0.0,0.0
DTXSID0044575,2130,0.9885208732612121,1.0
DTXSID0044577,2130,0.0,0.0
DTXSID0044600,2130,0.0,0.0
DTXSID0044604,2130,,
DTXSID0044606,2130,0.0,0.0
DTXSID0044650,2130,2.457563207265301e-09,0.0
DTXSID0044654,2130,0.891470243443036,0.0
DTXSID0044656,2130,8.825593490488019e-09,0.0
DTXSID0044658,2130,0.9999999908384317,1.0
DTXSID0044731,2130,0.9992023516878774,1.0
DTXSID0044733,2130,0.0,0.0
DTXSID0044735,2130,0.0,0.0
DTXSID0044737,2130,0.0,0.0
DTXSID0044781,2130,0.9999999983805697,1.0
DTXSID0044783,2130,0.0,0.0
DTXSID0044785,2130,0.2085083967222634,0.0
DTXSID0044787,2130,0.0,0.0
DTXSID0044810,2130,1.2546141271419425e-08,0.0
DTXSID0044812,2130,0.0,0.0
DTXSID0044816,2130,0.0,0.0
DTXSID0044818,2130,0.05309774687310155,0.0
DTXSID0044860,2130,,
DTXSID0044862,2130,0.980038544432814,1.0
DTXSID0044868,2130,0.0,0.0
DTXSID0044941,2130,0.9759761816001469,1.0
DTXSID0044945,2130,1.281837681587719e-05,0.0
DTXSID0044947,2130,0.0,0.0
DTXSID0044949,2130,0.0,0.0
DTXSID0044993,2130,0.6681428423540712,0.0
DTXSID0044995,2130,0.9999999144711141,1.0
DTXSID0044997,2130,0.9999999624106255,1.0
DTXSID0044999,2130,0.0,0.0
DTXSID0045090,2130,0.9999999924510323,1.0
DTXSID0045094,2130,0.0,0.0
DTXSID0045096,2130,0.9999999999985701,1.0
DTXSID0045125,2130,0.9999999999987653,1.0
DTXSID0045127,2130,0.5762732336027511,0.0
DTXSID0045171,2130,0.0,0.0
DTXSID0045173,2130,1.0,1.0
DTXSID0045175,2130,0.9490577467560025,1.0
DTXSID0045179,2130,0.0,0.0
DTXSID0045202,2130,0.0,0.0
DTXSID0045204,2130,1.0,1.0
DTXSID0045206,2130,0.0,0.0
DTXSID0045208,2130,0.9999998636582701,1.0
DTXSID0045250,2130,0.0,0.0
DTXSID0045252,2130,0.0,0.0
DTXSID0045254,2130,0.9999999999999013,1.0
DTXSID0045383,2130,0.0,0.0
DTXSID0045385,2130,0.0,0.0
DTXSID0045389,2130,0.0,0.0
DTXSID0045410,2130,1.0,1.0
DTXSID0045412,2130,0.0,0.0
DTXSID0045414,2130,0.0,0.0
DTXSID0045416,2130,0.0,0.0
DTXSID0045460,2130,0.0,0.0
DTXSID0045462,2130,0.0,0.0
DTXSID0045464,2130,0.9998540429987798,1.0
DTXSID0045466,2130,0.0,0.0
DTXSID0045468,2130,1.5328448585386499e-13,0.0
DTXSID0045543,2130,0.0,0.0
DTXSID0045545,2130,0.9999999773454422,1.0
DTXSID0045547,2130,0.0,0.0
DTXSID0045591,2130,0.0,0.0
DTXSID0045595,2130,,
DTXSID0045597,2130,0.0,0.0
DTXSID0045599,2130,0.0,0.0
DTXSID0045624,2130,0.0,0.0
DTXSID0045626,2130,0.0,0.0
DTXSID0045670,2130,0.0,0.0
DTXSID0045674,2130,0.0,0.0
DTXSID0045676,2130,0.041459661312871245,0.0
DTXSID0045678,2130,1.0,1.0
DTXSID0045701,2130,0.9999999999999998,1.0
DTXSID0045703,2130,1.0,1.0
DTXSID0045705,2130,0.9999156582137997,1.0
DTXSID0045707,2130,1.514689180385407e-17,0.0
DTXSID0045709,2130,0.9999999937080813,1.0
DTXSID0045751,2130,0.0,0.0
DTXSID0045753,2130,0.0,0.0
DTXSID0045755,2130,0.0,0.0
DTXSID0045757,2130,0.9999999999950246,1.0
DTXSID0045759,2130,0.0,0.0
DTXSID0045830,2130,0.0,0.0
DTXSID0045832,2130,0.0,0.0
DTXSID0045836,2130,0.6450691234640993,0.0
DTXSID0045838,2130,0.9996861544243136,1.0
DTXSID0045880,2130,0.999863296151948,1.0
DTXSID0045886,2130,0.9999999999077493,1.0
DTXSID0045888,2130,0.0,0.0
DTXSID0045961,2130,0.0,0.0
DTXSID0045963,2130,0.0,0.0
DTXSID0045965,2130,0.0932216724805574,0.0
DTXSID0045967,2130,0.0,0.0
DTXSID0045969,2130,0.0,0.0
DTXSID0046010,2130,1.0,1.0
DTXSID0046012,2130,0.0,0.0
DTXSID0046016,2130,0.0,0.0
DTXSID0046060,2130,0.999954981329185,1.0
DTXSID0046062,2130,0.9999962617433044,1.0
DTXSID0046064,2130,0.0,0.0
DTXSID0046066,2130,0.0,0.0
DTXSID0046143,2130,0.9999996324358432,1.0
DTXSID0046145,2130,0.9999999906071788,1.0
DTXSID0046147,2130,0.0,0.0
DTXSID0046191,2130,0.0,0.0
DTXSID0046193,2130,3.4557962294789954e-18,0.0
DTXSID0046195,2130,0.0,0.0
DTXSID0046197,2130,0.6908827925291467,0.0
DTXSID0046199,2130,0.0,0.0
DTXSID0046220,2130,0.8866740690273808,0.0
DTXSID0046222,2130,1.0,1.0
DTXSID0046224,2130,0.0,0.0
DTXSID0046226,2130,1.0272768966090654e-07,0.0
DTXSID0046228,2130,0.0,0.0
DTXSID0046270,2130,0.9999999676162061,1.0
DTXSID0046272,2130,1.0,1.0
DTXSID0046274,2130,0.9998917499622386,1.0
DTXSID0046276,2130,0.0,0.0
DTXSID0046305,2130,0.999999999997104,1.0
DTXSID0046307,2130,0.9999952217811733,1.0
DTXSID0046309,2130,0.9999999999999245,1.0
DTXSID0046351,2130,0.0,0.0
DTXSID0046353,2130,0.9999861803865215,1.0
DTXSID0046357,2130,0.9999998997285461,1.0
DTXSID0046430,2130,,
DTXSID0046432,2130,0.999999981345318,1.0
DTXSID0046434,2130,0.0,0.0
DTXSID0046438,2130,1.0,1.0
DTXSID0046480,2130,1.5298353792372123e-11,0.0
DTXSID0046482,2130,1.0,1.0
DTXSID0046484,2130,0.0,0.0
DTXSID0046486,2130,0.0,0.0
DTXSID0046488,2130,1.0,1.0
DTXSID0046511,2130,0.999999972581801,1.0
DTXSID0046513,2130,0.0,0.0
DTXSID0046517,2130,0.0,0.0
DTXSID0046561,2130,0.9999999889864888,1.0
DTXSID0046563,2130,0.9781367370011376,1.0
DTXSID0046565,2130,0.0,0.0
DTXSID0046567,2130,0.0,0.0
DTXSID0046569,2130,0.0,0.0
DTXSID0046640,2130,0.0,0.0
DTXSID0046642,2130,0.0,0.0
DTXSID0046644,2130,0.0,0.0
DTXSID0046646,2130,0.0,0.0
DTXSID0046648,2130,0.9999999999988466,1.0
DTXSID0046690,2130,1.0,1.0
DTXSID0046692,2130,,
DTXSID0046694,2130,0.0,0.0
DTXSID0046696,2130,1.5009789367264187e-08,0.0
DTXSID0046698,2130,1.0,1.0
DTXSID0046721,2130,0.9999999999483584,1.0
DTXSID0046723,2130,2.4548441863637637e-07,0.0
DTXSID0046725,2130,0.0,0.0
DTXSID0046727,2130,0.0,0.0
DTXSID0046729,2130,,
DTXSID0046773,2130,0.9999995450910959,1.0
DTXSID0046777,2130,0.0,0.0
DTXSID0046779,2130,0.9999173217035442,1.0
DTXSID0046800,2130,0.0,0.0
DTXSID0046804,2130,0.9999999998909637,1.0
DTXSID0046806,2130,0.9981651367609248,1.0
DTXSID0046808,2130,0.9999999999852389,1.0
DTXSID0046850,2130,0.0,0.0
DTXSID0046852,2130,1.0,1.0
DTXSID0046856,2130,0.0,0.0
DTXSID0046858,2130,1.0,1.0
DTXSID0046989,2130,0.0,0.0
DTXSID0047030,2130,0.0,0.0
DTXSID0047032,2130,0.9975023438188256,1.0
DTXSID0047034,2130,0.9999998113820444,1.0
DTXSID0047036,2130,0.9999999933154837,1.0
DTXSID0047038,2130,0.0,0.0
DTXSID0047080,2130,2.4423538387183265e-05,0.0
DTXSID0047082,2130,0.0,0.0
DTXSID0047084,2130,0.0,0.0
DTXSID0047086,2130,0.8386212526204605,0.0
DTXSID0047088,2130,0.9999999807719612,1.0
DTXSID0047111,2130,0.9999999999956601,1.0
DTXSID0047113,2130,0.0,0.0
DTXSID0047115,2130,0.0,0.0
DTXSID0047117,2130,0.0,0.0
DTXSID0047161,2130,0.0,0.0
DTXSID0047163,2130,0.0,0.0
DTXSID0047165,2130,0.0,0.0
DTXSID0047167,2130,0.0,0.0
DTXSID0047169,2130,0.9997408757934559,1.0
DTXSID0047242,2130,0.999999999999975,1.0
DTXSID0047244,2130,0.0,0.0
DTXSID0047246,2130,0.9999999999981172,1.0
DTXSID0047248,2130,0.9999364368551483,1.0
DTXSID0047290,2130,0.999999670096818,1.0
DTXSID0047292,2130,2.448423272961018e-09,0.0
DTXSID0047294,2130,0.99999996866883,1.0
DTXSID0047296,2130,0.0,0.0
DTXSID0047325,2130,1.0,1.0
DTXSID0047327,2130,0.9999999953202001,1.0
DTXSID0047371,2130,0.9999996171900515,1.0
DTXSID0047375,2130,0.0,0.0
DTXSID0047377,2130,0.9999999999798657,1.0
DTXSID0047379,2130,0.9999999999769277,1.0
DTXSID0047404,2130,0.5626182500246966,0.0
DTXSID0047406,2130,0.9974582031561687,1.0
DTXSID0047408,2130,0.9999833668855795,1.0
DTXSID0047450,2130,0.0,0.0
DTXSID0047454,2130,2.7791373693654897e-05,0.0
DTXSID0047456,2130,0.0,0.0
DTXSID0047533,2130,5.250786214402228e-09,0.0
DTXSID0047535,2130,1.437434260449857e-17,0.0
DTXSID0047537,2130,0.6654558107617862,0.0
DTXSID0047539,2130,0.9998792885407102,1.0
DTXSID0047581,2130,0.0,0.0
DTXSID0047585,2130,0.0,0.0
DTXSID0047587,2130,1.59217463611013e-07,0.0
DTXSID0047589,2130,0.0,0.0
DTXSID0047610,2130,0.0,0.0
DTXSID0047614,2130,0.0,0.0
DTXSID0047618,2130,,
DTXSID0047660,2130,0.0,0.0
DTXSID0047662,2130,3.7540609732067966e-05,0.0
DTXSID0047741,2130,0.9999993649182385,1.0
DTXSID0047745,2130,0.0,0.0
DTXSID0047797,2130,1.0,1.0
DTXSID0047799,2130,0.0,0.0
DTXSID0047820,2130,0.0,0.0
DTXSID0047822,2130,0.0,0.0
DTXSID0047828,2130,4.275435387427872e-11,0.0
DTXSID0047870,2130,0.999358603685677,1.0
DTXSID0047872,2130,0.0,0.0
DTXSID0047874,2130,0.8898018294150093,0.0
DTXSID0047876,2130,0.9998944019562257,1.0
DTXSID0047878,2130,0.0,0.0
DTXSID0047901,2130,0.0,0.0
DTXSID0047903,2130,0.0,0.0
DTXSID0047905,2130,0.9999742637951944,1.0
DTXSID0047907,2130,1.1842929342341052e-09,0.0
DTXSID0047909,2130,0.0,0.0
DTXSID0047951,2130,0.9999999999999691,1.0
DTXSID0047953,2130,1.0,1.0
DTXSID0047955,2130,1.0,1.0
DTXSID0047957,2130,0.999999995564791,1.0
DTXSID0047959,2130,1.4407924175397908e-08,0.0
DTXSID0048181,2130,0.0,0.0
DTXSID0048183,2130,0.52519653319113,0.0
DTXSID0048185,2130,0.9999999999999993,1.0
DTXSID0048187,2130,0.0,0.0
DTXSID0048189,2130,1.0,1.0
DTXSID0048210,2130,0.0,0.0
DTXSID0048349,2130,0.0,0.0
DTXSID0048505,2130,1.0,1.0
DTXSID0048507,2130,0.9999984377034734,1.0
DTXSID0048509,2130,0.9999999808077245,1.0
DTXSID0048630,2130,0.0,0.0
DTXSID0048632,2130,0.999999999999894,1.0
DTXSID0048634,2130,0.0,0.0
DTXSID0048636,2130,0.9944300580848862,1.0
DTXSID0048638,2130,1.748925464939773e-11,0.0
DTXSID0048680,2130,0.0,0.0
DTXSID0048682,2130,0.0,0.0
DTXSID0048684,2130,1.0,1.0
DTXSID0048686,2130,0.0,0.0
DTXSID0048688,2130,0.9999878741667461,1.0
DTXSID0048711,2130,0.0,0.0
DTXSID0048713,2130,0.9810851184303734,1.0
DTXSID0048715,2130,0.9839316632988774,1.0
DTXSID0048717,2130,0.0,0.0
DTXSID0048719,2130,0.8795303381484123,0.0
DTXSID0048761,2130,1.0,1.0
DTXSID0048763,2130,0.9997141488204605,1.0
DTXSID0048765,2130,0.000323233496939135,0.0
DTXSID0048767,2130,0.9999999726246499,1.0
DTXSID0048769,2130,0.9999989312745321,1.0
DTXSID0048840,2130,0.0,0.0
DTXSID0048842,2130,0.9999999802456966,1.0
DTXSID0048844,2130,5.7031505529618e-10,0.0
DTXSID0048846,2130,0.9999999999959943,1.0
DTXSID0048848,2130,0.9999932473857066,1.0
DTXSID0048890,2130,9.213329457934652e-19,0.0
DTXSID0048892,2130,0.9997834106171776,1.0
DTXSID0048894,2130,0.0,0.0
DTXSID0048896,2130,2.0136179340281593e-05,0.0
DTXSID0048898,2130,0.0,0.0
DTXSID0048921,2130,0.006656835623308976,0.0
DTXSID0048923,2130,0.9999999998389003,1.0
DTXSID0048925,2130,0.9999999999999997,1.0
DTXSID0048927,2130,0.0,0.0
DTXSID0048929,2130,0.9999999999956856,1.0
DTXSID0048971,2130,4.052743367699712e-06,0.0
DTXSID0048973,2130,0.0,0.0
DTXSID0048975,2130,0.0,0.0
DTXSID0048977,2130,1.0,1.0
DTXSID0048979,2130,0.9999999999916513,1.0
DTXSID0049020,2130,0.0,0.0
DTXSID0049022,2130,0.9999999999873892,1.0
DTXSID0049024,2130,0.0,0.0
DTXSID0049026,2130,0.0,0.0
DTXSID0049028,2130,0.0,0.0
DTXSID0049070,2130,0.0,0.0
DTXSID0049072,2130,0.0,0.0
DTXSID0049074,2130,1.0,1.0
DTXSID0049076,2130,0.0,0.0
DTXSID0049078,2130,0.0,0.0
DTXSID0049230,2130,4.069038312036639e-16,0.0
DTXSID0049232,2130,0.0,0.0
DTXSID0049234,2130,0.999965318246724,1.0
DTXSID0049236,2130,0.0,0.0
DTXSID0049238,2130,1.0,1.0
DTXSID0049280,2130,0.0,0.0
DTXSID0049282,2130,0.9997216568586788,1.0
DTXSID0049284,2130,0.0,0.0
DTXSID0049286,2130,0.0,0.0
DTXSID0049288,2130,0.0,0.0
DTXSID0049311,2130,0.0,0.0
DTXSID0049313,2130,0.0001396991805098983,0.0
DTXSID0049315,2130,0.9999999999992576,1.0
DTXSID0049317,2130,0.0,0.0
DTXSID0049319,2130,6.493801194033497e-10,0.0
DTXSID0049361,2130,0.0,0.0
DTXSID0049363,2130,0.0,0.0
DTXSID0049365,2130,0.0,0.0
DTXSID0049367,2130,0.0,0.0
DTXSID0049369,2130,0.0,0.0
DTXSID0049446,2130,1.1278053077017556e-09,0.0
DTXSID0049448,2130,0.0,0.0
DTXSID0049490,2130,0.0,0.0
DTXSID0049492,2130,0.0,0.0
DTXSID0049494,2130,0.0,0.0
DTXSID0049496,2130,0.9778015703817544,1.0
DTXSID0049498,2130,0.0,0.0
DTXSID0049521,2130,0.0,0.0
DTXSID0049523,2130,0.0,0.0
DTXSID0049525,2130,0.0,0.0
DTXSID0049527,2130,0.0,0.0
DTXSID0049529,2130,0.0,0.0
DTXSID0050423,2130,0.0,0.0
DTXSID0050425,2130,2.8847195432317017e-12,0.0
DTXSID1020015,2130,0.9999999999999958,1.0
DTXSID1020063,2130,0.9995048630767079,1.0
DTXSID1020069,2130,0.9999999998259159,1.0
DTXSID1020140,2130,0.21775713660476884,0.0
DTXSID1020142,2130,5.0041535116311556e-11,0.0
DTXSID1020144,2130,0.0,0.0
DTXSID1020146,2130,0.0,0.0
DTXSID1020148,2130,5.913001448188781e-05,0.0
DTXSID1020190,2130,0.9999885438253234,1.0
DTXSID1020194,2130,1.460235137397951e-11,0.0
DTXSID1020198,2130,0.0,0.0
DTXSID1020221,2130,0.5383413030552571,0.0
DTXSID1020223,2130,0.0,0.0
DTXSID1020275,2130,0.9998957712640322,1.0
DTXSID1020279,2130,0.0,0.0
DTXSID1020300,2130,0.003583784798878321,0.0
DTXSID1020306,2130,0.0,0.0
DTXSID1020308,2130,0.002571714884118452,0.0
DTXSID1020350,2130,0.0,0.0
DTXSID1020352,2130,0.9979196516399362,1.0
DTXSID1020354,2130,0.0,0.0
DTXSID1020358,2130,0.0,0.0
DTXSID1020431,2130,0.0,0.0
DTXSID1020433,2130,0.9999999595423481,1.0
DTXSID1020437,2130,1.8268368058919012e-11,0.0
DTXSID1020439,2130,0.0,0.0
DTXSID1020483,2130,0.0,0.0
DTXSID1020485,2130,0.9999999999995604,1.0
DTXSID1020510,2130,1.0,1.0
DTXSID1020512,2130,0.0,0.0
DTXSID1020516,2130,0.0,0.0
DTXSID1020560,2130,0.9999999982482967,1.0
DTXSID1020562,2130,0.0,0.0
DTXSID1020566,2130,0.0,0.0
DTXSID1020647,2130,1.7858462680471282e-09,0.0
DTXSID1020697,2130,0.9999999999755256,1.0
DTXSID1020699,2130,0.9999997960133306,1.0
DTXSID1020728,2130,0.00025131074748676826,0.0
DTXSID1020770,2130,0.9999999999997016,1.0
DTXSID1020778,2130,0.0,0.0
DTXSID1020803,2130,0.9999999556367267,1.0
DTXSID1020805,2130,0.0,0.0
DTXSID1020807,2130,0.9999992599812191,1.0
DTXSID1020809,2130,1.474734169361518e-11,0.0
DTXSID1020855,2130,0.9991757150846456,1.0
DTXSID1020857,2130,0.0,0.0
DTXSID1020859,2130,0.0,0.0
DTXSID1020930,2130,0.0,0.0
DTXSID1020932,2130,0.0,0.0
DTXSID1020980,2130,0.0,0.0
DTXSID1020982,2130,0.9999642380400993,1.0
DTXSID1020984,2130,1.223545443782483e-10,0.0
DTXSID1021031,2130,1.0,1.0
DTXSID1021039,2130,0.0,0.0
DTXSID1021081,2130,0.0,0.0
DTXSID1021087,2130,0.9999337983729616,1.0
DTXSID1021089,2130,0.0,0.0
DTXSID1021114,2130,1.0,1.0
DTXSID1021116,2130,4.4305432868675356e-05,0.0
DTXSID1021118,2130,0.9999999999998718,1.0
DTXSID1021160,2130,1.029498779548655e-06,0.0
DTXSID1021162,2130,0.0,0.0
DTXSID1021164,2130,0.9999437068138493,1.0
DTXSID1021166,2130,0.9999991559491812,1.0
DTXSID1021168,2130,0.9999999442593606,1.0
DTXSID1021241,2130,0.9996675964382887,1.0
DTXSID1021243,2130,1.0,1.0
DTXSID1021247,2130,1.0,1.0
DTXSID1021291,2130,0.0,0.0
DTXSID1021299,2130,0.9999999997902647,1.0
DTXSID1021320,2130,0.9999999820492883,1.0
DTXSID1021322,2130,1.0,1.0
DTXSID1021328,2130,0.0,0.0
DTXSID1021372,2130,0.9999999999940333,1.0
DTXSID1021374,2130,0.0,0.0
DTXSID1021378,2130,0.9978542845829704,1.0
DTXSID1021403,2130,0.0,0.0
DTXSID1021405,2130,0.998140916446924,1.0
DTXSID1021409,2130,1.0,1.0
DTXSID1021455,2130,1.0,1.0
DTXSID1021530,2130,5.878843769457405e-10,0.0
DTXSID1021584,2130,0.0,0.0
DTXSID1021586,2130,0.9995072472974442,1.0
DTXSID1021615,2130,0.0,0.0
DTXSID1021617,2130,0.15035945272448725,0.0
DTXSID1021619,2130,0.0,0.0
DTXSID1021665,2130,0.00028698202985952254,0.0
DTXSID1021667,2130,0.9998953267102815,1.0
DTXSID1021740,2130,0.0,0.0
DTXSID1021744,2130,0.0,0.0
DTXSID1021790,2130,0.0,0.0
DTXSID1021792,2130,0.0,0.0
DTXSID1021798,2130,0.0,0.0
DTXSID1021821,2130,1.767763346753082e-09,0.0
DTXSID1021823,2130,0.9999998648803247,1.0
DTXSID1021827,2130,0.0,0.0
DTXSID1021871,2130,0.0,0.0
DTXSID1021873,2130,0.0,0.0
DTXSID1021877,2130,0.0,0.0
DTXSID1021879,2130,0.0,0.0
DTXSID1021902,2130,,
DTXSID1021904,2130,0.0,0.0
DTXSID1021952,2130,0.9999999939028332,1.0
DTXSID1021956,2130,0.09648249223242497,0.0
DTXSID1021958,2130,0.0,0.0
DTXSID1022001,2130,0.0,0.0
DTXSID1022007,2130,0.0,0.0
DTXSID1022009,2130,0.9998042021672883,1.0
DTXSID1022051,2130,0.0,0.0
DTXSID1022053,2130,0.9999999999945911,1.0
DTXSID1022055,2130,0.0,0.0
DTXSID1022057,2130,0.0,0.0
DTXSID1022130,2130,0.0011162779118686697,0.0
DTXSID1022138,2130,0.5897260699408712,0.0
DTXSID1022180,2130,0.0,0.0
DTXSID1022186,2130,0.0,0.0
DTXSID1022188,2130,0.42846760522721555,0.0
DTXSID1022217,2130,0.0,0.0
DTXSID1022265,2130,0.9999999999966863,1.0
DTXSID1022267,2130,5.524119300377385e-12,0.0
DTXSID1022394,2130,0.9999998120665569,1.0
DTXSID1022396,2130,0.999999999879952,1.0
DTXSID1022421,2130,0.0,0.0
DTXSID1022425,2130,4.076705426231486e-05,0.0
DTXSID1022479,2130,0.0,0.0
DTXSID1022508,2130,0.9999999999999946,1.0
DTXSID1022556,2130,0.9999999999997241,1.0
DTXSID1022558,2130,,
DTXSID1022635,2130,1.0,1.0
DTXSID1022681,2130,0.9999995221595378,1.0
DTXSID1022685,2130,0.0,0.0
DTXSID1022687,2130,0.9999999999996261,1.0
DTXSID1022718,2130,0.0,0.0
DTXSID1022760,2130,0.0,0.0
DTXSID1022762,2130,0.0,0.0
DTXSID1022764,2130,0.0,0.0
DTXSID1022766,2130,1.0,1.0
DTXSID1022768,2130,0.0,0.0
DTXSID1022843,2130,1.0,1.0
DTXSID1022847,2130,0.0,0.0
DTXSID1022897,2130,1.0,1.0
DTXSID1022922,2130,0.9999999999990679,1.0
DTXSID1022926,2130,0.9999998405623779,1.0
DTXSID1022974,2130,0.9999998467532859,1.0
DTXSID1022978,2130,0.0,0.0
DTXSID1023021,2130,0.00010741266967753682,0.0
DTXSID1023027,2130,0.0,0.0
DTXSID1023071,2130,0.9999999733160551,1.0
DTXSID1023102,2130,0.0,0.0
DTXSID1023150,2130,0.0,0.0
DTXSID1023158,2130,0.0,0.0
DTXSID1023231,2130,0.9999999999999998,1.0
DTXSID1023235,2130,0.0,0.0
DTXSID1023281,2130,0.0,0.0
DTXSID1023283,2130,0.0,0.0
DTXSID1023310,2130,0.0,0.0
DTXSID1023314,2130,0.0,0.0
DTXSID1023316,2130,0.0,0.0
DTXSID1023362,2130,0.0,0.0
DTXSID1023364,2130,0.0,0.0
DTXSID1023368,2130,0.0,0.0
DTXSID1023441,2130,0.9999999999609734,1.0
DTXSID1023495,2130,0.0,0.0
DTXSID1023497,2130,0.0,0.0
DTXSID1023526,2130,0.0284089947899717,0.0
DTXSID1023572,2130,0.0,0.0
DTXSID1023576,2130,2.270863425433088e-12,0.0
DTXSID1023603,2130,0.0,0.0
DTXSID1023605,2130,0.0,0.0
DTXSID1023607,2130,0.0,0.0
DTXSID1023609,2130,0.0,0.0
DTXSID1023730,2130,0.0,0.0
DTXSID1023734,2130,0.0,0.0
DTXSID1023736,2130,0.0,0.0
DTXSID1023786,2130,0.0,0.0
DTXSID1023815,2130,0.010624232101552382,0.0
DTXSID1023817,2130,0.9999999999840056,1.0
DTXSID1023819,2130,0.0,0.0
DTXSID1023869,2130,0.999922226456565,1.0
DTXSID1023990,2130,0.0,0.0
DTXSID1023996,2130,0.00990895308153285,0.0
DTXSID1023998,2130,0.9998194189594832,1.0
DTXSID1024045,2130,0.00015052556570654063,0.0
DTXSID1024049,2130,7.085435192211622e-10,0.0
DTXSID1024091,2130,3.513477423450715e-08,0.0
DTXSID1024097,2130,0.0,0.0
DTXSID1024124,2130,0.0,0.0
DTXSID1024126,2130,0.9999998927943281,1.0
DTXSID1024128,2130,0.0,0.0
DTXSID1024170,2130,0.0,0.0
DTXSID1024174,2130,0.9954265322696894,1.0
DTXSID1024176,2130,0.0,0.0
DTXSID1024209,2130,0.9999999999980214,1.0
DTXSID1024255,2130,0.9694244184417805,1.0
DTXSID1024259,2130,0.9999999994120562,1.0
DTXSID1024334,2130,1.0,1.0
DTXSID1024338,2130,0.9999708062516114,1.0
DTXSID1024413,2130,4.035647626710731e-12,0.0
DTXSID1024463,2130,0.0,0.0
DTXSID1024465,2130,0.5006390311970503,0.0
DTXSID1024467,2130,8.137542922419793e-15,0.0
DTXSID1024598,2130,0.9150191420653788,1.0
DTXSID1024621,2130,4.8589600049158654e-08,0.0
DTXSID1024625,2130,0.0,0.0
DTXSID1024629,2130,0.9998360774283575,1.0
DTXSID1024702,2130,0.0,0.0
DTXSID1024704,2130,0.0007401518392958006,0.0
DTXSID1024831,2130,1.7647323305326075e-11,0.0
DTXSID1024835,2130,0.0,0.0
DTXSID1024881,2130,0.0,0.0
DTXSID1024885,2130,0.9998489758108016,1.0
DTXSID1024887,2130,0.9967844358493055,1.0
DTXSID1024912,2130,0.0,0.0
DTXSID1024916,2130,0.8547677673365173,0.0
DTXSID1024918,2130,0.0,0.0
DTXSID1024966,2130,0.0,0.0
DTXSID1025013,2130,0.0,0.0
DTXSID1025017,2130,0.9992309820856904,1.0
DTXSID1025063,2130,0.0,0.0
DTXSID1025065,2130,1.0,1.0
DTXSID1025148,2130,0.0,0.0
DTXSID1025221,2130,0.0,0.0
DTXSID1025271,2130,0.0,0.0
DTXSID1025279,2130,0.9999997870718297,1.0
DTXSID1025300,2130,0.9034533011613105,1.0
DTXSID1025302,2130,0.0,0.0
DTXSID1025304,2130,0.9947984264199232,1.0
DTXSID1025306,2130,0.9644192422573923,1.0
DTXSID1025308,2130,0.0,0.0
DTXSID1025431,2130,0.9999052139212716,1.0
DTXSID1025437,2130,0.3845578982552687,0.0
DTXSID1025481,2130,2.3530724807792957e-12,0.0
DTXSID1025483,2130,0.0,0.0
DTXSID1025485,2130,0.9999999999999983,1.0
DTXSID1025560,2130,0.0,0.0
DTXSID1025641,2130,0.0,0.0
DTXSID1025649,2130,0.0,0.0
DTXSID1025693,2130,1.7871912984139058e-08,0.0
DTXSID1025722,2130,0.0,0.0
DTXSID1025724,2130,,
DTXSID1025726,2130,0.0,0.0
DTXSID1025770,2130,0.0,0.0
DTXSID1025774,2130,1.2613615810054004e-12,0.0
DTXSID1025776,2130,2.1022034043573253e-16,0.0
DTXSID1025805,2130,1.0,1.0
DTXSID1025807,2130,0.0,0.0
DTXSID1025809,2130,0.9051841997988885,1.0
DTXSID1025851,2130,0.0,0.0
DTXSID1025853,2130,0.0,0.0
DTXSID1025857,2130,1.0,1.0
DTXSID1025930,2130,0.9999999999999917,1.0
DTXSID1025934,2130,0.0,0.0
DTXSID1026031,2130,5.081252190796204e-07,0.0
DTXSID1026033,2130,5.403081789675229e-07,0.0
DTXSID1026035,2130,0.9992881365132784,1.0
DTXSID1026081,2130,0.999997193568839,1.0
DTXSID1026083,2130,0.0,0.0
DTXSID1026089,2130,0.0,0.0
DTXSID1026112,2130,0.9982586245149506,1.0
DTXSID1026118,2130,0.0,0.0
DTXSID1026164,2130,2.4939606329073365e-12,0.0
DTXSID1026241,2130,0.9999919741964088,1.0
DTXSID1026293,2130,2.092646118604811e-16,0.0
DTXSID1026457,2130,0.0,0.0
DTXSID1026536,2130,0.0,0.0
DTXSID1026615,2130,0.0,0.0
DTXSID1026619,2130,0.0,0.0
DTXSID1026661,2130,3.239007978662708e-13,0.0
DTXSID1026665,2130,7.071726726585657e-16,0.0
DTXSID1026667,2130,1.5448350599652713e-12,0.0
DTXSID1026740,2130,0.0,0.0
DTXSID1026792,2130,4.83110546036489e-10,0.0
DTXSID1026796,2130,0.0,0.0
DTXSID1026879,2130,0.0,0.0
DTXSID1026900,2130,1.0,1.0
DTXSID1026902,2130,1.0,1.0
DTXSID1026904,2130,6.899107050755166e-14,0.0
DTXSID1026906,2130,0.0,0.0
DTXSID1026908,2130,0.0,0.0
DTXSID1026954,2130,0.0,0.0
DTXSID1027007,2130,0.0,0.0
DTXSID1027134,2130,0.999983507275019,1.0
DTXSID1027184,2130,0.0,0.0
DTXSID1027186,2130,0.0,0.0
DTXSID1027188,2130,,
DTXSID1027211,2130,0.0,0.0
DTXSID1027219,2130,0.0,0.0
DTXSID1027263,2130,0.9997203117869317,1.0
DTXSID1027265,2130,0.0,0.0
DTXSID1027267,2130,0.0,0.0
DTXSID1027269,2130,0.0,0.0
DTXSID1027342,2130,0.00763622826297328,0.0
DTXSID1027344,2130,0.0,0.0
DTXSID1027346,2130,9.829017165783279e-05,0.0
DTXSID1027390,2130,0.0,0.0
DTXSID1027394,2130,0.0,0.0
DTXSID1027396,2130,0.0,0.0
DTXSID1027425,2130,,
DTXSID1027427,2130,0.0,0.0
DTXSID1027429,2130,5.442553923476812e-10,0.0
DTXSID1027471,2130,0.0,0.0
DTXSID1027479,2130,0.9998123249636184,1.0
DTXSID1027500,2130,0.0,0.0
DTXSID1027502,2130,0.0,0.0
DTXSID1027504,2130,0.0,0.0
DTXSID1027506,2130,0.0,0.0
DTXSID1027550,2130,0.0,0.0
DTXSID1027556,2130,0.0,0.0
DTXSID1027558,2130,0.0,0.0
DTXSID1027633,2130,0.0,0.0
DTXSID1027635,2130,9.471406257837014e-13,0.0
DTXSID1027639,2130,0.0,0.0
DTXSID1027714,2130,1.0,1.0
DTXSID1027716,2130,1.8942500541664338e-06,0.0
DTXSID1027764,2130,0.0,0.0
DTXSID1027768,2130,3.500235730716001e-08,0.0
DTXSID1027841,2130,0.9998454271247796,1.0
DTXSID1027891,2130,0.9494082779817062,1.0
DTXSID1027899,2130,4.262487449168414e-09,0.0
DTXSID1027920,2130,0.0,0.0
DTXSID1027924,2130,0.0021700173729567577,0.0
DTXSID1027926,2130,0.9999999999996959,1.0
DTXSID1027928,2130,0.0,0.0
DTXSID1027970,2130,0.9999829642453396,1.0
DTXSID1027974,2130,0.0,0.0
DTXSID1027978,2130,0.9998476979717869,1.0
DTXSID1029120,2130,0.9999999709176782,1.0
DTXSID1029122,2130,0.0,0.0
DTXSID1029124,2130,0.0,0.0
DTXSID1029128,2130,8.880815748191367e-15,0.0
DTXSID1029170,2130,0.0,0.0
DTXSID1029201,2130,0.0,0.0
DTXSID1029203,2130,0.9999999732407409,1.0
DTXSID1029207,2130,0.0,0.0
DTXSID1029251,2130,0.0,0.0
DTXSID1029255,2130,2.0095194544571416e-16,0.0
DTXSID1029338,2130,0.0,0.0
DTXSID1029629,2130,0.0,0.0
DTXSID1029671,2130,0.0,0.0
DTXSID1029677,2130,0.0,0.0
DTXSID1029679,2130,0.0,0.0
DTXSID1029889,2130,0.9999998251253197,1.0
DTXSID1029910,2130,4.429195983100877e-16,0.0
DTXSID1030317,2130,0.0,0.0
DTXSID1030319,2130,0.9999980162637224,1.0
DTXSID1030604,2130,3.8482928431053473e-17,0.0
DTXSID1030606,2130,0.0,0.0
DTXSID1031096,2130,0.0,0.0
DTXSID1031460,2130,0.0,0.0
DTXSID1031462,2130,8.463609395330628e-09,0.0
DTXSID1031591,2130,0.0,0.0
DTXSID1031626,2130,0.8709126718544353,0.0
DTXSID1032278,2130,1.0,1.0
DTXSID1032303,2130,0.0,0.0
DTXSID1032309,2130,0.0,0.0
DTXSID1032355,2130,0.9981097879261147,1.0
DTXSID1032359,2130,0.9999999682492774,1.0
DTXSID1032482,2130,0.9995382969649705,1.0
DTXSID1032484,2130,0.9999970178115896,1.0
DTXSID1032488,2130,0.9995514719637353,1.0
DTXSID1032511,2130,6.325621564885217e-07,0.0
DTXSID1032513,2130,0.0,0.0
DTXSID1032519,2130,0.9628536871446202,1.0
DTXSID1032569,2130,0.0,0.0
DTXSID1032640,2130,0.9997373633636463,1.0
DTXSID1032646,2130,0.9999712540497057,1.0
DTXSID1032648,2130,0.9999999997920926,1.0
DTXSID1032690,2130,0.9999999999996416,1.0
DTXSID1033161,2130,4.300084355247876e-08,0.0
DTXSID1033163,2130,7.921230075363651e-12,0.0
DTXSID1033371,2130,1.9336860392401266e-09,0.0
DTXSID1033402,2130,0.0,0.0
DTXSID1033539,2130,0.9999999985611159,1.0
DTXSID1033664,2130,0.9999999999794608,1.0
DTXSID1033876,2130,0.0,0.0
DTXSID1034181,2130,1.0,1.0
DTXSID1034187,2130,1.0,1.0
DTXSID1034210,2130,0.9999999999999999,1.0
DTXSID1034212,2130,0.9999999999999987,1.0
DTXSID1034214,2130,0.9999999995249803,1.0
DTXSID1034260,2130,0.999998798245998,1.0
DTXSID1034266,2130,0.0,0.0
DTXSID1034503,2130,0.9999999879499896,1.0
DTXSID1034634,2130,0.9999999999999992,1.0
DTXSID1034769,2130,0.9999797529073392,1.0
DTXSID1034844,2130,2.0495233501217704e-07,0.0
DTXSID1034929,2130,0.9996817109304389,1.0
DTXSID1034973,2130,0.9999052292186208,1.0
DTXSID1035286,2130,0.0,0.0
DTXSID1035288,2130,0.9999999997857159,1.0
DTXSID1035783,2130,0.9999999998976675,1.0
DTXSID1036541,2130,0.8816545708102097,0.0
DTXSID1037197,2130,0.0,0.0
DTXSID1037224,2130,0.9999034596517653,1.0
DTXSID1037272,2130,0.999999996088187,1.0
DTXSID1037303,2130,0.0,0.0
DTXSID1037511,2130,0.5765534802627965,0.0
DTXSID1037515,2130,0.9999999999298966,1.0
DTXSID1037565,2130,0.9999999005599671,1.0
DTXSID1037696,2130,0.0,0.0
DTXSID1037806,2130,0.0,0.0
DTXSID1038298,2130,0.9999999452291207,1.0
DTXSID1038321,2130,0.0,0.0
DTXSID1038666,2130,0.999916413650293,1.0
DTXSID1038795,2130,4.558980996792735e-11,0.0
DTXSID1038822,2130,0.9999017442241871,1.0
DTXSID1038824,2130,0.0,0.0
DTXSID1038876,2130,0.9994005487019293,1.0
DTXSID1039719,2130,0.0,0.0
DTXSID1040110,2130,,
DTXSID1040112,2130,0.0,0.0
DTXSID1040114,2130,0.9569256469132658,1.0
DTXSID1040243,2130,0.9999999999982954,1.0
DTXSID1040245,2130,0.0,0.0
DTXSID1040295,2130,,
DTXSID1040320,2130,0.999999999956059,1.0
DTXSID1040324,2130,0.006426953417949845,0.0
DTXSID1040326,2130,1.0,1.0
DTXSID1040372,2130,0.999999991947793,1.0
DTXSID1040459,2130,0.0,0.0
DTXSID1040611,2130,0.9999999999999887,1.0
DTXSID1040617,2130,0.0,0.0
DTXSID1040619,2130,0.9391189674808126,1.0
DTXSID1040661,2130,3.564348515695959e-10,0.0
DTXSID1040667,2130,,
DTXSID1040740,2130,0.9999999999999999,1.0
DTXSID1040742,2130,0.9998704311929811,1.0
DTXSID1040792,2130,0.0,0.0
DTXSID1040794,2130,0.05211816867567907,0.0
DTXSID1041132,2130,0.0,0.0
DTXSID1041180,2130,0.0,0.0
DTXSID1041184,2130,0.8801053000476615,0.0
DTXSID1041188,2130,1.0,1.0
DTXSID1041217,2130,0.9985065093306202,1.0
DTXSID1041261,2130,0.4334819609011971,0.0
DTXSID1041263,2130,0.0,0.0
DTXSID1041265,2130,0.0,0.0
DTXSID1041267,2130,0.008827202163956771,0.0
DTXSID1041269,2130,0.0,0.0
DTXSID1041346,2130,2.895125660626363e-15,0.0
DTXSID1041396,2130,0.0,0.0
DTXSID1041421,2130,0.9995338826962952,1.0
DTXSID1041423,2130,0.0,0.0
DTXSID1041425,2130,7.343083715180915e-12,0.0
DTXSID1041502,2130,0.9999999999941842,1.0
DTXSID1041506,2130,0.9999885293461723,1.0
DTXSID1041508,2130,0.9999974975096177,1.0
DTXSID1041550,2130,0.9999999999250746,1.0
DTXSID1041639,2130,0.0,0.0
DTXSID1041681,2130,0.9999842902426491,1.0
DTXSID1041683,2130,0.9994558633087917,1.0
DTXSID1041689,2130,0.0,0.0
DTXSID1041847,2130,0.18721935372876028,0.0
DTXSID1041891,2130,0.44838016849676615,0.0
DTXSID1041897,2130,1.0,1.0
DTXSID1041920,2130,,
DTXSID1041970,2130,,
DTXSID1041978,2130,1.0,1.0
DTXSID1042077,2130,0.844977636170932,0.0
DTXSID1042154,2130,0.9999695021694356,1.0
DTXSID1042281,2130,1.715599713433711e-06,0.0
DTXSID1042285,2130,0.0,0.0
DTXSID1042360,2130,0.979755848262066,1.0
DTXSID1042364,2130,0.0,0.0
DTXSID1042441,2130,0.9994746436516138,1.0
DTXSID1042491,2130,0.9244574872479155,1.0
DTXSID1042499,2130,1.0,1.0
DTXSID1042570,2130,1.0,1.0
DTXSID1042574,2130,0.00011320922955604626,0.0
DTXSID1043881,2130,0.9999999013365735,1.0
DTXSID1044196,2130,1.0,1.0
DTXSID1044221,2130,0.9999999999510482,1.0
DTXSID1044223,2130,0.999975528732016,1.0
DTXSID1044227,2130,0.0,0.0
DTXSID1044352,2130,0.0,0.0
DTXSID1044354,2130,0.0,0.0
DTXSID1044356,2130,0.00679926929674944,0.0
DTXSID1044431,2130,0.8684994751387805,0.0
DTXSID1044433,2130,4.2616530625250316e-13,0.0
DTXSID1044435,2130,0.9996347277159063,1.0
DTXSID1044437,2130,1.0341706485946406e-05,0.0
DTXSID1044439,2130,0.5868137359489649,0.0
DTXSID1044481,2130,0.999999999995775,1.0
DTXSID1044485,2130,0.9253384715371028,1.0
DTXSID1044487,2130,1.0,1.0
DTXSID1044489,2130,0.9999662264357764,1.0
DTXSID1044514,2130,0.9999999993259514,1.0
DTXSID1044518,2130,0.9999999522606552,1.0
DTXSID1044560,2130,0.9999999998361232,1.0
DTXSID1044564,2130,,
DTXSID1044568,2130,0.0008041259797637537,0.0
DTXSID1044643,2130,0.9514569845322742,1.0
DTXSID1044645,2130,0.9999934387753607,1.0
DTXSID1044647,2130,0.0,0.0
DTXSID1044691,2130,0.9999993470282963,1.0
DTXSID1044693,2130,0.0,0.0
DTXSID1044697,2130,0.0,0.0
DTXSID1044720,2130,0.9998790111622955,1.0
DTXSID1044722,2130,0.0,0.0
DTXSID1044724,2130,0.0,0.0
DTXSID1044728,2130,0.9990014419151978,1.0
DTXSID1044770,2130,0.2189535348376428,0.0
DTXSID1044772,2130,0.9999992070947419,1.0
DTXSID1044774,2130,0.9999920285841395,1.0
DTXSID1044776,2130,0.9909393683407959,1.0
DTXSID1044801,2130,0.9999999999994095,1.0
DTXSID1044805,2130,0.9999999979986504,1.0
DTXSID1044807,2130,0.0,0.0
DTXSID1044809,2130,0.0,0.0
DTXSID1044851,2130,0.9999995041314458,1.0
DTXSID1044853,2130,0.0,0.0
DTXSID1044857,2130,0.9712986874752592,1.0
DTXSID1044859,2130,0.02913390368868983,0.0
DTXSID1044930,2130,0.0,0.0
DTXSID1044932,2130,0.0002247109295021843,0.0
DTXSID1044934,2130,3.892166545133277e-08,0.0
DTXSID1044936,2130,1.0,1.0
DTXSID1044938,2130,0.859674892691976,0.0
DTXSID1044980,2130,0.0,0.0
DTXSID1044982,2130,0.999962526048899,1.0
DTXSID1044986,2130,0.0,0.0
DTXSID1045033,2130,0.99999999980293,1.0
DTXSID1045081,2130,0.9999999999999993,1.0
DTXSID1045083,2130,0.999999999998777,1.0
DTXSID1045085,2130,0.9999999999999996,1.0
DTXSID1045089,2130,0.0,0.0
DTXSID1045110,2130,0.9999999999999095,1.0
DTXSID1045112,2130,0.973053721461313,1.0
DTXSID1045114,2130,0.0,0.0
DTXSID1045116,2130,0.9999999989279303,1.0
DTXSID1045118,2130,0.0,0.0
DTXSID1045160,2130,0.0,0.0
DTXSID1045162,2130,0.0,0.0
DTXSID1045164,2130,,
DTXSID1045166,2130,1.1132038228490577e-05,0.0
DTXSID1045168,2130,0.9638341326845322,1.0
DTXSID1045245,2130,4.031892112620618e-09,0.0
DTXSID1045291,2130,0.9999999999999994,1.0
DTXSID1045293,2130,0.9999999984835396,1.0
DTXSID1045297,2130,0.9999999999943033,1.0
DTXSID1045320,2130,0.0,0.0
DTXSID1045322,2130,0.0,0.0
DTXSID1045324,2130,2.1674613386574415e-05,0.0
DTXSID1045326,2130,0.9999999999999999,1.0
DTXSID1045328,2130,0.0,0.0
DTXSID1045370,2130,0.8415437996355133,0.0
DTXSID1045372,2130,7.617071208316269e-17,0.0
DTXSID1045376,2130,0.0,0.0
DTXSID1045405,2130,0.9996830095165005,1.0
DTXSID1045407,2130,0.0,0.0
DTXSID1045409,2130,0.9999892265884027,1.0
DTXSID1045453,2130,0.0,0.0
DTXSID1045459,2130,0.0,0.0
DTXSID1045530,2130,0.0,0.0
DTXSID1045534,2130,0.0,0.0
DTXSID1045536,2130,0.0,0.0
DTXSID1045538,2130,0.0,0.0
DTXSID1045580,2130,0.0,0.0
DTXSID1045582,2130,0.0,0.0
DTXSID1045584,2130,0.999999887731574,1.0
DTXSID1045586,2130,0.9999525987279771,1.0
DTXSID1045588,2130,0.0,0.0
DTXSID1045611,2130,1.4715652810979741e-12,0.0
DTXSID1045615,2130,0.0,0.0
DTXSID1045619,2130,0.02750700433000495,0.0
DTXSID1045661,2130,1.0,1.0
DTXSID1045663,2130,1.0,1.0
DTXSID1045665,2130,0.0,0.0
DTXSID1045669,2130,0.9999999998980497,1.0
DTXSID1045740,2130,0.0,0.0
DTXSID1045742,2130,0.9995157907917956,1.0
DTXSID1045744,2130,0.99999999999999,1.0
DTXSID1045746,2130,0.9997860537400141,1.0
DTXSID1045748,2130,0.0,0.0
DTXSID1045790,2130,0.0,0.0
DTXSID1045792,2130,0.9999999995377814,1.0
DTXSID1045794,2130,0.9996610928720328,1.0
DTXSID1045796,2130,0.0,0.0
DTXSID1045798,2130,1.0,1.0
DTXSID1045825,2130,0.0,0.0
DTXSID1045871,2130,0.0,0.0
DTXSID1045873,2130,0.0,0.0
DTXSID1045877,2130,0.0,0.0
DTXSID1045879,2130,8.07174746407765e-20,0.0
DTXSID1045900,2130,0.9999846103095456,1.0
DTXSID1045902,2130,1.0,1.0
DTXSID1045904,2130,0.0,0.0
DTXSID1045906,2130,0.0,0.0
DTXSID1045950,2130,0.0,0.0
DTXSID1045952,2130,1.0,1.0
DTXSID1045954,2130,0.0,0.0
DTXSID1045956,2130,0.9999824716998525,1.0
DTXSID1045958,2130,0.9999999999999614,1.0
DTXSID1046003,2130,0.0,0.0
DTXSID1046007,2130,0.0,0.0
DTXSID1046009,2130,3.757244461559651e-10,0.0
DTXSID1046051,2130,0.0,0.0
DTXSID1046055,2130,1.5554662394213786e-08,0.0
DTXSID1046059,2130,0.0,0.0
DTXSID1046130,2130,0.0,0.0
DTXSID1046132,2130,0.0,0.0
DTXSID1046134,2130,0.9995755011005557,1.0
DTXSID1046136,2130,0.9883060130234446,1.0
DTXSID1046138,2130,0.9617767814881412,1.0
DTXSID1046180,2130,0.9999999925461863,1.0
DTXSID1046182,2130,0.999999999999999,1.0
DTXSID1046184,2130,0.0,0.0
DTXSID1046186,2130,0.9999999999219786,1.0
DTXSID1046188,2130,0.0,0.0
DTXSID1046211,2130,0.0,0.0
DTXSID1046213,2130,0.9999999999999643,1.0
DTXSID1046215,2130,0.999999999972265,1.0
DTXSID1046217,2130,3.378391077995988e-10,0.0
DTXSID1046261,2130,0.0,0.0
DTXSID1046263,2130,0.0,0.0
DTXSID1046265,2130,8.040739610589109e-18,0.0
DTXSID1046267,2130,0.9999924017462898,1.0
DTXSID1046269,2130,0.956602928295716,1.0
DTXSID1046342,2130,0.00010043235302723166,0.0
DTXSID1046344,2130,0.0,0.0
DTXSID1046346,2130,0.0,0.0
DTXSID1046348,2130,0.0,0.0
DTXSID1046390,2130,0.8310639138241266,0.0
DTXSID1046392,2130,0.0,0.0
DTXSID1046394,2130,0.0,0.0
DTXSID1046396,2130,0.0,0.0
DTXSID1046398,2130,0.9999999999677076,1.0
DTXSID1046421,2130,0.30841327311715755,0.0
DTXSID1046423,2130,0.9999999999628735,1.0
DTXSID1046425,2130,0.0,0.0
DTXSID1046427,2130,0.9999999999994533,1.0
DTXSID1046429,2130,0.9999999999999972,1.0
DTXSID1046471,2130,0.0,0.0
DTXSID1046475,2130,0.9998189567854793,1.0
DTXSID1046477,2130,0.0,0.0
DTXSID1046479,2130,0.0,0.0
DTXSID1046500,2130,0.0,0.0
DTXSID1046502,2130,0.9998853262392753,1.0
DTXSID1046504,2130,0.9999922522475683,1.0
DTXSID1046506,2130,0.0,0.0
DTXSID1046508,2130,0.9999999999999025,1.0
DTXSID1046550,2130,0.0,0.0
DTXSID1046552,2130,0.0,0.0
DTXSID1046556,2130,0.9970690037660948,1.0
DTXSID1046558,2130,0.9999999997112115,1.0
DTXSID1046631,2130,0.9999999998165732,1.0
DTXSID1046633,2130,0.9999999999999927,1.0
DTXSID1046637,2130,0.9773477621120752,1.0
DTXSID1046639,2130,0.0,0.0
DTXSID1046681,2130,0.9999999999999528,1.0
DTXSID1046683,2130,1.0,1.0
DTXSID1046685,2130,0.0,0.0
DTXSID1046687,2130,0.9999901823187518,1.0
DTXSID1046689,2130,0.999895381224511,1.0
DTXSID1046710,2130,0.0,0.0
DTXSID1046712,2130,0.0,0.0
DTXSID1046714,2130,0.0,0.0
DTXSID1046716,2130,0.0,0.0
DTXSID1046760,2130,0.0,0.0
DTXSID1046764,2130,0.8719701691302224,0.0
DTXSID1046766,2130,0.8423655847725254,0.0
DTXSID1046768,2130,0.0,0.0
DTXSID1046841,2130,0.9999999988980842,1.0
DTXSID1046843,2130,0.9999999999978281,1.0
DTXSID1046845,2130,0.9996605099756914,1.0
DTXSID1046847,2130,0.999999999997221,1.0
DTXSID1046849,2130,0.9998348761673084,1.0
DTXSID1046891,2130,2.972974455133522e-12,0.0
DTXSID1046895,2130,0.0,0.0
DTXSID1046920,2130,0.9999909001562479,1.0
DTXSID1046922,2130,0.9999999999998426,1.0
DTXSID1046924,2130,0.0,0.0
DTXSID1046926,2130,0.0,0.0
DTXSID1046970,2130,0.999999999999998,1.0
DTXSID1046974,2130,0.9948229122616212,1.0
DTXSID1046976,2130,0.9888189649444825,1.0
DTXSID1046978,2130,0.9999993278444809,1.0
DTXSID1047027,2130,0.6384778704037704,0.0
DTXSID1047029,2130,0.004173804325412689,0.0
DTXSID1047071,2130,0.0,0.0
DTXSID1047075,2130,0.03613784784181958,0.0
DTXSID1047102,2130,0.9999999999999984,1.0
DTXSID1047104,2130,0.9992804989232653,1.0
DTXSID1047106,2130,0.0,0.0
DTXSID1047108,2130,0.0,0.0
DTXSID1047150,2130,0.0,0.0
DTXSID1047152,2130,0.16722815014898304,0.0
DTXSID1047156,2130,0.0,0.0
DTXSID1047158,2130,0.0,0.0
DTXSID1047239,2130,0.9999486951697177,1.0
DTXSID1047281,2130,0.999948756318344,1.0
DTXSID1047283,2130,1.0,1.0
DTXSID1047285,2130,0.0,0.0
DTXSID1047287,2130,0.0,0.0
DTXSID1047289,2130,0.9999654806580178,1.0
DTXSID1047310,2130,0.9999966041963348,1.0
DTXSID1047312,2130,0.9619182601640796,1.0
DTXSID1047316,2130,0.9999999960761442,1.0
DTXSID1047318,2130,0.999973024921717,1.0
DTXSID1047360,2130,0.9999969924916841,1.0
DTXSID1047362,2130,0.9999999989225709,1.0
DTXSID1047364,2130,0.9999999999997599,1.0
DTXSID1047366,2130,0.9999999999999808,1.0
DTXSID1047368,2130,0.9997922342620925,1.0
DTXSID1047443,2130,0.0,0.0
DTXSID1047447,2130,0.0,0.0
DTXSID1047491,2130,0.0,0.0
DTXSID1047493,2130,0.0,0.0
DTXSID1047497,2130,0.0,0.0
DTXSID1047524,2130,0.9999999960152642,1.0
DTXSID1047526,2130,0.9891961996427545,1.0
DTXSID1047528,2130,0.0,0.0
DTXSID1047570,2130,0.0,0.0
DTXSID1047574,2130,0.9372407863217499,1.0
DTXSID1047576,2130,0.002031459235701624,0.0
DTXSID1047578,2130,0.0,0.0
DTXSID1047601,2130,0.0,0.0
DTXSID1047603,2130,0.000511801282906517,0.0
DTXSID1047605,2130,0.0,0.0
DTXSID1047609,2130,0.0,0.0
DTXSID1047651,2130,0.0,0.0
DTXSID1047655,2130,0.0,0.0
DTXSID1047657,2130,0.0,0.0
DTXSID1047659,2130,0.0,0.0
DTXSID1047730,2130,0.9999999999873036,1.0
DTXSID1047780,2130,0.0,0.0
DTXSID1047782,2130,0.9999955961074806,1.0
DTXSID1047784,2130,0.0,0.0
DTXSID1047786,2130,0.0,0.0
DTXSID1047788,2130,3.4229503203639797e-12,0.0
DTXSID1047811,2130,0.9999976731795518,1.0
DTXSID1047813,2130,1.6433284964227907e-09,0.0
DTXSID1047815,2130,0.016444067972143976,0.0
DTXSID1047817,2130,1.0,1.0
DTXSID1047819,2130,1.0,1.0
DTXSID1047869,2130,0.9999719522936577,1.0
DTXSID1047940,2130,0.030302515667642003,0.0
DTXSID1047942,2130,0.0,0.0
DTXSID1047944,2130,1.0,1.0
DTXSID1047946,2130,1.0,1.0
DTXSID1047948,2130,1.0,1.0
DTXSID1048122,2130,1.0,1.0
DTXSID1048170,2130,0.9998624511462154,1.0
DTXSID1048172,2130,0.9999999680819596,1.0
DTXSID1048174,2130,0.9999912258132758,1.0
DTXSID1048176,2130,0.9995006152575573,1.0
DTXSID1048178,2130,0.0,0.0
DTXSID1048201,2130,0.0,0.0
DTXSID1048203,2130,0.0,0.0
DTXSID1048207,2130,0.0,0.0
DTXSID1048209,2130,4.1665560267279213e-10,0.0
DTXSID1048259,2130,0.0,0.0
DTXSID1048590,2130,2.2188218735687422e-08,0.0
DTXSID1048592,2130,0.0,0.0
DTXSID1048594,2130,0.0,0.0
DTXSID1048596,2130,0.9999999993433716,1.0
DTXSID1048598,2130,0.9999940556382978,1.0
DTXSID1048621,2130,0.0,0.0
DTXSID1048623,2130,0.9999999166872585,1.0
DTXSID1048625,2130,0.0,0.0
DTXSID1048627,2130,0.9999977364119971,1.0
DTXSID1048629,2130,0.0,0.0
DTXSID1048671,2130,0.9997865136923587,1.0
DTXSID1048675,2130,0.0,0.0
DTXSID1048677,2130,0.0,0.0
DTXSID1048679,2130,0.9998248028772858,1.0
DTXSID1048700,2130,1.0,1.0
DTXSID1048702,2130,1.0,1.0
DTXSID1048704,2130,0.0,0.0
DTXSID1048706,2130,0.0,0.0
DTXSID1048708,2130,1.0,1.0
DTXSID1048750,2130,0.0,0.0
DTXSID1048752,2130,1.0,1.0
DTXSID1048754,2130,0.0,0.0
DTXSID1048756,2130,0.0,0.0
DTXSID1048758,2130,0.9999569255691471,1.0
DTXSID1048831,2130,0.0,0.0
DTXSID1048833,2130,0.0,0.0
DTXSID1048835,2130,0.999999999998183,1.0
DTXSID1048837,2130,0.0,0.0
DTXSID1048839,2130,0.0,0.0
DTXSID1048881,2130,0.9998645051450135,1.0
DTXSID1048883,2130,0.9999999999998421,1.0
DTXSID1048885,2130,7.391853917019156e-12,0.0
DTXSID1048887,2130,0.0,0.0
DTXSID1048889,2130,0.9999846510660106,1.0
DTXSID1048910,2130,0.15497009423208238,0.0
DTXSID1048912,2130,0.99999999992893,1.0
DTXSID1048914,2130,0.979024239334309,1.0
DTXSID1048916,2130,0.9999941143975849,1.0
DTXSID1048918,2130,0.9999997179539369,1.0
DTXSID1048960,2130,0.0,0.0
DTXSID1048962,2130,0.0,0.0
DTXSID1048964,2130,0.0,0.0
DTXSID1048966,2130,0.0,0.0
DTXSID1048968,2130,0.999999340765592,1.0
DTXSID1049011,2130,0.0,0.0
DTXSID1049013,2130,0.9999999999994159,1.0
DTXSID1049015,2130,0.9999999999877086,1.0
DTXSID1049017,2130,0.0,0.0
DTXSID1049019,2130,0.0,0.0
DTXSID1049061,2130,0.0,0.0
DTXSID1049063,2130,0.9998648197221697,1.0
DTXSID1049065,2130,0.9999999729678511,1.0
DTXSID1049067,2130,5.042628152059851e-16,0.0
DTXSID1049069,2130,0.0,0.0
DTXSID1049221,2130,0.9999750150621459,1.0
DTXSID1049223,2130,0.911046887460711,1.0
DTXSID1049225,2130,0.9999999625344511,1.0
DTXSID1049227,2130,0.0,0.0
DTXSID1049229,2130,1.0,1.0
DTXSID1049271,2130,3.0877823740096093e-12,0.0
DTXSID1049273,2130,1.0,1.0
DTXSID1049275,2130,0.0,0.0
DTXSID1049277,2130,0.0,0.0
DTXSID1049279,2130,0.0,0.0
DTXSID1049300,2130,0.0,0.0
DTXSID1049302,2130,0.9999999980060417,1.0
DTXSID1049304,2130,0.0,0.0
DTXSID1049306,2130,0.0,0.0
DTXSID1049308,2130,0.0,0.0
DTXSID1049350,2130,0.0,0.0
DTXSID1049352,2130,1.0,1.0
DTXSID1049354,2130,0.0,0.0
DTXSID1049356,2130,0.9956323611917904,1.0
DTXSID1049358,2130,0.0,0.0
DTXSID1049431,2130,0.9958546916311923,1.0
DTXSID1049433,2130,0.9999774760137966,1.0
DTXSID1049481,2130,0.0,0.0
DTXSID1049483,2130,0.0,0.0
DTXSID1049485,2130,0.0,0.0
DTXSID1049487,2130,0.0,0.0
DTXSID1049489,2130,0.0,0.0
DTXSID1049510,2130,0.9775370201668416,1.0
DTXSID1049512,2130,0.999697602520546,1.0
DTXSID1049514,2130,0.0,0.0
DTXSID1049516,2130,2.0132766152473492e-13,0.0
DTXSID1049518,2130,,
DTXSID1049560,2130,0.9999784334990351,1.0
DTXSID1049562,2130,0.039662855438606634,0.0
DTXSID2020006,2130,0.0,0.0
DTXSID2020054,2130,0.9999999981533699,1.0
DTXSID2020058,2130,0.9999999999983916,1.0
DTXSID2020131,2130,0.999999996086467,1.0
DTXSID2020137,2130,0.9997878697071215,1.0
DTXSID2020139,2130,0.0,0.0
DTXSID2020181,2130,0.0,0.0
DTXSID2020189,2130,0.9999999969585999,1.0
DTXSID2020210,2130,0.0,0.0
DTXSID2020212,2130,0.9999908811643503,1.0
DTXSID2020216,2130,0.9999799617381883,1.0
DTXSID2020260,2130,0.9997700822147881,1.0
DTXSID2020262,2130,4.126847821591133e-12,0.0
DTXSID2020266,2130,1.0,1.0
DTXSID2020268,2130,1.5981509845794805e-06,0.0
DTXSID2020341,2130,0.0,0.0
DTXSID2020345,2130,0.9999936617521372,1.0
DTXSID2020347,2130,0.9999999981604932,1.0
DTXSID2020349,2130,1.2066559779089433e-06,0.0
DTXSID2020391,2130,0.0,0.0
DTXSID2020399,2130,0.20551063317300705,0.0
DTXSID2020420,2130,0.9999177269656653,1.0
DTXSID2020424,2130,0.9999620206562163,1.0
DTXSID2020426,2130,0.9999817842777013,1.0
DTXSID2020428,2130,0.0,0.0
DTXSID2020470,2130,1.0,1.0
DTXSID2020474,2130,3.094760962573333e-10,0.0
DTXSID2020478,2130,0.9900231169993783,1.0
DTXSID2020501,2130,0.9999999949094556,1.0
DTXSID2020505,2130,0.0,0.0
DTXSID2020507,2130,0.0,0.0
DTXSID2020509,2130,0.0,0.0
DTXSID2020557,2130,0.0,0.0
DTXSID2020634,2130,0.9999999999826416,1.0
DTXSID2020636,2130,0.9999999999999993,1.0
DTXSID2020680,2130,0.0,0.0
DTXSID2020682,2130,0.0,0.0
DTXSID2020684,2130,0.0,0.0
DTXSID2020686,2130,0.9999927273911868,1.0
DTXSID2020688,2130,1.0,1.0
DTXSID2020713,2130,0.004272263212392969,0.0
DTXSID2020717,2130,0.9999999999999971,1.0
DTXSID2020761,2130,2.874823747236868e-08,0.0
DTXSID2020767,2130,0.0,0.0
DTXSID2020844,2130,0.0,0.0
DTXSID2020846,2130,0.9999999999987503,1.0
DTXSID2020890,2130,0.0,0.0
DTXSID2020892,2130,0.9999989107741065,1.0
DTXSID2020894,2130,1.0,1.0
DTXSID2020898,2130,1.0,1.0
DTXSID2020921,2130,0.9952250239899574,1.0
DTXSID2020923,2130,0.0,0.0
DTXSID2020927,2130,0.0,0.0
DTXSID2020929,2130,1.885856686442916e-08,0.0
DTXSID2020971,2130,0.9775638448834936,1.0
DTXSID2020977,2130,0.0,0.0
DTXSID2021022,2130,3.898182741786342e-07,0.0
DTXSID2021026,2130,0.0,0.0
DTXSID2021028,2130,1.8740353733805638e-13,0.0
DTXSID2021070,2130,0.9955675112379281,1.0
DTXSID2021103,2130,0.0,0.0
DTXSID2021105,2130,0.8927625542614936,0.0
DTXSID2021151,2130,0.9998927672517451,1.0
DTXSID2021159,2130,0.0,0.0
DTXSID2021232,2130,0.9997730503884003,1.0
DTXSID2021234,2130,0.9982181098279932,1.0
DTXSID2021236,2130,0.9434220922662617,1.0
DTXSID2021238,2130,0.0,0.0
DTXSID2021282,2130,0.0003268168911861184,0.0
DTXSID2021284,2130,0.0,0.0
DTXSID2021286,2130,1.5588147447744536e-05,0.0
DTXSID2021288,2130,8.19028775589915e-12,0.0
DTXSID2021311,2130,1.2906409183767547e-05,0.0
DTXSID2021315,2130,0.0,0.0
DTXSID2021317,2130,0.0,0.0
DTXSID2021319,2130,0.0,0.0
DTXSID2021363,2130,0.9974148171542665,1.0
DTXSID2021365,2130,0.0,0.0
DTXSID2021367,2130,1.0,1.0
DTXSID2021440,2130,0.0,0.0
DTXSID2021442,2130,0.0,0.0
DTXSID2021446,2130,0.0,0.0
DTXSID2021448,2130,0.0,0.0
DTXSID2021492,2130,3.9824262199162e-09,0.0
DTXSID2021496,2130,0.0,0.0
DTXSID2021498,2130,0.0,0.0
DTXSID2021575,2130,0.0,0.0
DTXSID2021577,2130,1.0,1.0
DTXSID2021600,2130,1.770006655449226e-08,0.0
DTXSID2021602,2130,0.0,0.0
DTXSID2021604,2130,0.0,0.0
DTXSID2021608,2130,0.0,0.0
DTXSID2021650,2130,0.0,0.0
DTXSID2021652,2130,0.9999979141035489,1.0
DTXSID2021654,2130,0.0,0.0
DTXSID2021656,2130,5.8409748656935734e-18,0.0
DTXSID2021658,2130,0.0,0.0
DTXSID2021731,2130,0.0,0.0
DTXSID2021735,2130,0.0,0.0
DTXSID2021739,2130,6.524560917764797e-08,0.0
DTXSID2021781,2130,0.99926872331322,1.0
DTXSID2021789,2130,0.0,0.0
DTXSID2021810,2130,0.0,0.0
DTXSID2021816,2130,0.0,0.0
DTXSID2021818,2130,2.140844170509877e-09,0.0
DTXSID2021860,2130,0.0014385111416495735,0.0
DTXSID2021864,2130,0.01075417261967402,0.0
DTXSID2021866,2130,0.5024644193634923,0.0
DTXSID2021868,2130,0.0,0.0
DTXSID2021941,2130,5.754105244434541e-10,0.0
DTXSID2021943,2130,5.285595789519609e-10,0.0
DTXSID2021947,2130,0.004225152839889515,0.0
DTXSID2021949,2130,0.0,0.0
DTXSID2021993,2130,4.863383273931498e-06,0.0
DTXSID2021995,2130,1.917131836497507e-06,0.0
DTXSID2021997,2130,0.0,0.0
DTXSID2022048,2130,0.9999554813055517,1.0
DTXSID2022090,2130,1.9426048337589038e-05,0.0
DTXSID2022096,2130,1.404276426415885e-14,0.0
DTXSID2022121,2130,0.9998790890785704,1.0
DTXSID2022123,2130,0.9999997807768244,1.0
DTXSID2022127,2130,0.9999997286827973,1.0
DTXSID2022171,2130,0.9012907181703912,1.0
DTXSID2022179,2130,0.0,0.0
DTXSID2022254,2130,0.0,0.0
DTXSID2022256,2130,0.0,0.0
DTXSID2022331,2130,7.038859368456462e-08,0.0
DTXSID2022381,2130,0.9999999844067871,1.0
DTXSID2022541,2130,0.0,0.0
DTXSID2022543,2130,0.0,0.0
DTXSID2022549,2130,0.0,0.0
DTXSID2022593,2130,0.0,0.0
DTXSID2022595,2130,0.9974233025324194,1.0
DTXSID2022624,2130,0.0,0.0
DTXSID2022626,2130,0.9707628591597601,1.0
DTXSID2022628,2130,0.0,0.0
DTXSID2022672,2130,0.9999999999183531,1.0
DTXSID2022674,2130,0.9998915130665957,1.0
DTXSID2022676,2130,0.0,0.0
DTXSID2022678,2130,0.9999999999974383,1.0
DTXSID2022707,2130,0.9999999999999017,1.0
DTXSID2022751,2130,0.0,0.0
DTXSID2022753,2130,0.0,0.0
DTXSID2022880,2130,0.9999999999754975,1.0
DTXSID2022886,2130,0.0,0.0
DTXSID2022888,2130,1.0,1.0
DTXSID2022915,2130,0.0,0.0
DTXSID2022967,2130,0.9999998794842957,1.0
DTXSID2023016,2130,0.0,0.0
DTXSID2023064,2130,0.0,0.0
DTXSID2023068,2130,1.0,1.0
DTXSID2023143,2130,0.0,0.0
DTXSID2023145,2130,0.999930800617745,1.0
DTXSID2023149,2130,0.0,0.0
DTXSID2023193,2130,0.0,0.0
DTXSID2023195,2130,0.0,0.0
DTXSID2023197,2130,1.0,1.0
DTXSID2023222,2130,0.0,0.0
DTXSID2023224,2130,1.0,1.0
DTXSID2023270,2130,0.0007264781828664968,0.0
DTXSID2023276,2130,0.9999731616840088,1.0
DTXSID2023303,2130,0.023122853225645057,0.0
DTXSID2023307,2130,0.9969016486901531,1.0
DTXSID2023353,2130,0.0,0.0
DTXSID2023430,2130,0.9975676892289647,1.0
DTXSID2023434,2130,0.9999999972428123,1.0
DTXSID2023436,2130,5.2444287176777437e-14,0.0
DTXSID2023480,2130,0.0,0.0
DTXSID2023488,2130,0.0,0.0
DTXSID2023519,2130,0.0038522361515086045,0.0
DTXSID2023565,2130,0.0,0.0
DTXSID2023567,2130,0.0,0.0
DTXSID2023569,2130,0.9999999769178911,1.0
DTXSID2023640,2130,0.0009434269342003301,0.0
DTXSID2023642,2130,0.9999999999153575,1.0
DTXSID2023644,2130,0.0,0.0
DTXSID2023690,2130,0.0,0.0
DTXSID2023692,2130,0.0,0.0
DTXSID2023721,2130,0.0,0.0
DTXSID2023723,2130,0.0,0.0
DTXSID2023725,2130,0.0010628264913831273,0.0
DTXSID2023727,2130,0.0,0.0
DTXSID2023729,2130,0.0,0.0
DTXSID2023771,2130,0.9999994363853719,1.0
DTXSID2023775,2130,0.9854053029834287,1.0
DTXSID2023937,2130,0.0,0.0
DTXSID2024030,2130,0.0,0.0
DTXSID2024038,2130,0.0,0.0
DTXSID2024086,2130,0.9999666996716756,1.0
DTXSID2024113,2130,0.999864837409527,1.0
DTXSID2024163,2130,0.9768643647252487,1.0
DTXSID2024242,2130,0.9999699736549126,1.0
DTXSID2024246,2130,0.0,0.0
DTXSID2024452,2130,0.0,0.0
DTXSID2024454,2130,1.4770467172698578e-13,0.0
DTXSID2024458,2130,0.9999973225984932,1.0
DTXSID2024585,2130,0.9990310163129826,1.0
DTXSID2024589,2130,0.0,0.0
DTXSID2024616,2130,0.9999996746452031,1.0
DTXSID2024660,2130,0.0,0.0
DTXSID2024662,2130,0.9999999999995057,1.0
DTXSID2024664,2130,0.0,0.0
DTXSID2024666,2130,0.0,0.0
DTXSID2024747,2130,0.019663282507865826,0.0
DTXSID2024791,2130,0.0,0.0
DTXSID2024793,2130,0.0,0.0
DTXSID2024797,2130,0.0,0.0
DTXSID2024799,2130,1.0849227152162788e-06,0.0
DTXSID2024822,2130,7.448003084481356e-20,0.0
DTXSID2024824,2130,0.9999959676251992,1.0
DTXSID2024878,2130,0.0,0.0
DTXSID2024953,2130,0.0,0.0
DTXSID2024955,2130,0.0,0.0
DTXSID2025004,2130,0.0,0.0
DTXSID2025006,2130,0.999960584558867,1.0
DTXSID2025050,2130,0.6655819798942794,0.0
DTXSID2025058,2130,1.0,1.0
DTXSID2025133,2130,0.0007897703864142208,0.0
DTXSID2025135,2130,0.0,0.0
DTXSID2025137,2130,0.0,0.0
DTXSID2025139,2130,1.0,1.0
DTXSID2025183,2130,0.9999785291170784,1.0
DTXSID2025185,2130,0.0,0.0
DTXSID2025216,2130,0.9946687442117594,1.0
DTXSID2025345,2130,0.0,0.0
DTXSID2025347,2130,0.9841311054177299,1.0
DTXSID2025391,2130,0.9859532614334047,1.0
DTXSID2025395,2130,0.0,0.0
DTXSID2025422,2130,0.0,0.0
DTXSID2025424,2130,0.0,0.0
DTXSID2025474,2130,0.0,0.0
DTXSID2025478,2130,0.0,0.0
DTXSID2025501,2130,0.0,0.0
DTXSID2025503,2130,0.0,0.0
DTXSID2025505,2130,0.9991098706329863,1.0
DTXSID2025551,2130,0.9999999993186528,1.0
DTXSID2025557,2130,0.9972816570805224,1.0
DTXSID2025632,2130,0.0,0.0
DTXSID2025634,2130,0.0,0.0
DTXSID2025680,2130,1.630660530216662e-10,0.0
DTXSID2025688,2130,2.715180582523828e-09,0.0
DTXSID2025715,2130,0.9999999999999301,1.0
DTXSID2025761,2130,0.0,0.0
DTXSID2025763,2130,1.1865551216633943e-13,0.0
DTXSID2025765,2130,0.0,0.0
DTXSID2025840,2130,0.0,0.0
DTXSID2025842,2130,1.0,1.0
DTXSID2025846,2130,0.0,0.0
DTXSID2025892,2130,0.9999980550250027,1.0
DTXSID2025896,2130,0.0,0.0
DTXSID2025925,2130,0.0,0.0
DTXSID2025975,2130,3.78433887340266e-19,0.0
DTXSID2025977,2130,0.0,0.0
DTXSID2026022,2130,0.9999999982491281,1.0
DTXSID2026074,2130,5.697921027865076e-09,0.0
DTXSID2026076,2130,0.9999999994395328,1.0
DTXSID2026101,2130,0.9999922769969947,1.0
DTXSID2026107,2130,1.0,1.0
DTXSID2026151,2130,2.922139164039269e-17,0.0
DTXSID2026157,2130,0.0,0.0
DTXSID2026232,2130,0.9999991230592107,1.0
DTXSID2026238,2130,0.7634707366216028,0.0
DTXSID2026444,2130,0.0,0.0
DTXSID2026446,2130,0.9997023412374949,1.0
DTXSID2026448,2130,0.9956304022067,1.0
DTXSID2026494,2130,0.0,0.0
DTXSID2026496,2130,0.9998807576896678,1.0
DTXSID2026523,2130,0.030665854051184868,0.0
DTXSID2026525,2130,0.20685651405316846,0.0
DTXSID2026527,2130,0.0,0.0
DTXSID2026529,2130,0.99999980563273,1.0
DTXSID2026573,2130,1.0,1.0
DTXSID2026600,2130,0.0,0.0
DTXSID2026602,2130,0.9999999744602245,1.0
DTXSID2026606,2130,0.9996685975381384,1.0
DTXSID2026608,2130,0.0,0.0
DTXSID2026652,2130,0.0,0.0
DTXSID2026739,2130,,
DTXSID2026781,2130,0.9993120229988425,1.0
DTXSID2026783,2130,0.0,0.0
DTXSID2026789,2130,9.394821675380513e-11,0.0
DTXSID2026864,2130,0.0,0.0
DTXSID2026941,2130,0.0,0.0
DTXSID2026943,2130,0.0,0.0
DTXSID2026991,2130,1.2708027004023625e-06,0.0
DTXSID2026997,2130,1.5139227071791222e-15,0.0
DTXSID2027044,2130,,
DTXSID2027048,2130,0.0,0.0
DTXSID2027092,2130,0.0,0.0
DTXSID2027094,2130,0.00045036191542689665,0.0
DTXSID2027096,2130,0.0,0.0
DTXSID2027098,2130,0.0,0.0
DTXSID2027175,2130,0.0,0.0
DTXSID2027200,2130,0.0,0.0
DTXSID2027204,2130,1.076889245417576e-10,0.0
DTXSID2027206,2130,0.0,0.0
DTXSID2027254,2130,0.0,0.0
DTXSID2027258,2130,0.9999903426290436,1.0
DTXSID2027333,2130,0.0,0.0
DTXSID2027381,2130,6.7963525156856845e-09,0.0
DTXSID2027412,2130,0.03461810974582237,0.0
DTXSID2027414,2130,0.985541069689684,1.0
DTXSID2027416,2130,4.801801873704737e-15,0.0
DTXSID2027418,2130,0.0,0.0
DTXSID2027462,2130,0.0,0.0
DTXSID2027466,2130,0.9988442771830677,1.0
DTXSID2027543,2130,3.672981394591594e-15,0.0
DTXSID2027591,2130,7.48771372625777e-17,0.0
DTXSID2027593,2130,0.0,0.0
DTXSID2027595,2130,0.0,0.0
DTXSID2027599,2130,1.0,1.0
DTXSID2027620,2130,0.0003294073098629228,0.0
DTXSID2027624,2130,0.0,0.0
DTXSID2027759,2130,4.527510526417974e-10,0.0
DTXSID2027830,2130,0.007965502505511613,0.0
DTXSID2027832,2130,0.0,0.0
DTXSID2027834,2130,6.358270386031142e-10,0.0
DTXSID2027884,2130,0.0,0.0
DTXSID2027886,2130,2.5097068299005537e-16,0.0
DTXSID2027963,2130,9.366293870976481e-06,0.0
DTXSID2028010,2130,0.0,0.0
DTXSID2028016,2130,0.0,0.0
DTXSID2028723,2130,0.0,0.0
DTXSID2028985,2130,0.0,0.0
DTXSID2029117,2130,0.9995892454323659,1.0
DTXSID2029167,2130,0.0,0.0
DTXSID2029169,2130,3.597313747633141e-15,0.0
DTXSID2029240,2130,0.0,0.0
DTXSID2029242,2130,0.9077409016261894,1.0
DTXSID2029244,2130,0.9997722874686501,1.0
DTXSID2029246,2130,0.0,0.0
DTXSID2029290,2130,1.3582913344589162e-17,0.0
DTXSID2029298,2130,0.858816298839023,0.0
DTXSID2029325,2130,0.0,0.0
DTXSID2029327,2130,0.0,0.0
DTXSID2029329,2130,0.0,0.0
DTXSID2029612,2130,0.0,0.0
DTXSID2029616,2130,0.0,0.0
DTXSID2029662,2130,3.478910446022876e-11,0.0
DTXSID2029668,2130,0.0,0.0
DTXSID2029874,2130,0.9999999999952535,1.0
DTXSID2030695,2130,0.954948478834188,1.0
DTXSID2030857,2130,0.0,0.0
DTXSID2031089,2130,0.982632815350614,1.0
DTXSID2031532,2130,0.0,0.0
DTXSID2031956,2130,0.0,0.0
DTXSID2032005,2130,1.0,1.0
DTXSID2032180,2130,0.0,0.0
DTXSID2032344,2130,0.9914923366446505,1.0
DTXSID2032348,2130,0.9999999999987219,1.0
DTXSID2032390,2130,0.9999999999778569,1.0
DTXSID2032392,2130,0.9997618860385077,1.0
DTXSID2032398,2130,0.9999999999999611,1.0
DTXSID2032421,2130,0.00016207400402295662,0.0
DTXSID2032500,2130,0.9999999999747089,1.0
DTXSID2032550,2130,1.0,1.0
DTXSID2032552,2130,0.9999999979017961,1.0
DTXSID2032554,2130,0.9998849017923617,1.0
DTXSID2032556,2130,0.9998078694702748,1.0
DTXSID2032558,2130,1.0,1.0
DTXSID2032631,2130,0.0,0.0
DTXSID2032637,2130,0.0,0.0
DTXSID2032639,2130,0.9995591605517703,1.0
DTXSID2032683,2130,0.0,0.0
DTXSID2032891,2130,4.0437474909042675e-13,0.0
DTXSID2033281,2130,0.9999995147986032,1.0
DTXSID2033314,2130,0.9999999999999947,1.0
DTXSID2033445,2130,0.6884707690452352,0.0
DTXSID2033447,2130,0.0,0.0
DTXSID2033493,2130,0.0,0.0
DTXSID2033736,2130,0.99999999999999,1.0
DTXSID2033863,2130,0.0,0.0
DTXSID2034091,2130,1.751219752490431e-08,0.0
DTXSID2034095,2130,0.9999997018533165,1.0
DTXSID2034255,2130,0.0,0.0
DTXSID2034338,2130,0.4048431998094738,0.0
DTXSID2034382,2130,0.9999912960122613,1.0
DTXSID2034465,2130,,
DTXSID2034540,2130,0.0,0.0
DTXSID2034590,2130,1.0,1.0
DTXSID2034598,2130,0.9999975444931213,1.0
DTXSID2034625,2130,1.0,1.0
DTXSID2034627,2130,0.0,0.0
DTXSID2034673,2130,0.0,0.0
DTXSID2034700,2130,0.0,0.0
DTXSID2034833,2130,3.4729909300565994e-11,0.0
DTXSID2034881,2130,0.9999970975877295,1.0
DTXSID2034885,2130,4.670339765566679e-15,0.0
DTXSID2034962,2130,5.725236054407864e-13,0.0
DTXSID2034968,2130,0.9999859823755758,1.0
DTXSID2035013,2130,0.8547184312657458,0.0
DTXSID2035481,2130,5.7631900093686115e-09,0.0
DTXSID2036112,2130,0.9999999999999849,1.0
DTXSID2036299,2130,,
DTXSID2036409,2130,0.0,0.0
DTXSID2036588,2130,1.0,1.0
DTXSID2036827,2130,0.9999999999988937,1.0
DTXSID2037186,2130,1.0,1.0
DTXSID2037508,2130,0.982853402025775,1.0
DTXSID2037712,2130,0.9999949765959519,1.0
DTXSID2037714,2130,0.9929706186919868,1.0
DTXSID2038732,2130,0.9252637121382988,1.0
DTXSID2038788,2130,0.7231640265965457,0.0
DTXSID2038813,2130,0.00010681522369026469,0.0
DTXSID2039336,2130,0.9999999997825542,1.0
DTXSID2040151,2130,3.870345890217314e-12,0.0
DTXSID2040234,2130,0.0,0.0
DTXSID2040236,2130,0.0,0.0
DTXSID2040284,2130,8.478762649354297e-07,0.0
DTXSID2040361,2130,0.0,0.0
DTXSID2040363,2130,0.9999999999902177,1.0
DTXSID2040525,2130,0.9999999999992781,1.0
DTXSID2040579,2130,1.0,1.0
DTXSID2040608,2130,0.0,0.0
DTXSID2040652,2130,1.0,1.0
DTXSID2040656,2130,0.0,0.0
DTXSID2040731,2130,0.9988357567656483,1.0
DTXSID2040735,2130,0.0,0.0
DTXSID2040739,2130,3.997173033189013e-06,0.0
DTXSID2040783,2130,0.8600742420614327,0.0
DTXSID2040787,2130,1.0,1.0
DTXSID2040945,2130,0.0,0.0
DTXSID2041046,2130,0.0,0.0
DTXSID2041125,2130,0.9738027124657936,1.0
DTXSID2041200,2130,0.0022396925774690454,0.0
DTXSID2041206,2130,0.9966388419075713,1.0
DTXSID2041208,2130,0.9998933983983442,1.0
DTXSID2041250,2130,0.9778699602870343,1.0
DTXSID2041252,2130,0.9999999999999994,1.0
DTXSID2041256,2130,0.0,0.0
DTXSID2041389,2130,0.0,0.0
DTXSID2041412,2130,0.9512310321643564,1.0
DTXSID2041416,2130,0.0,0.0
DTXSID2041418,2130,0.0,0.0
DTXSID2041460,2130,0.0,0.0
DTXSID2041464,2130,,
DTXSID2041468,2130,0.9838123048887781,1.0
DTXSID2041541,2130,0.999311475984133,1.0
DTXSID2041545,2130,1.0690788599600974e-07,0.0
DTXSID2041547,2130,0.999459619271258,1.0
DTXSID2041622,2130,0.9999999998315287,1.0
DTXSID2041626,2130,0.10349290653009288,0.0
DTXSID2041672,2130,0.997792005326432,1.0
DTXSID2041703,2130,0.0,0.0
DTXSID2041709,2130,0.051257710709939674,0.0
DTXSID2041759,2130,1.0,1.0
DTXSID2041880,2130,0.0,0.0
DTXSID2041884,2130,0.9999899413850476,1.0
DTXSID2041886,2130,,
DTXSID2041913,2130,0.9999999999613128,1.0
DTXSID2041917,2130,0.0,0.0
DTXSID2042014,2130,0.0,0.0
DTXSID2042060,2130,,
DTXSID2042062,2130,0.0,0.0
DTXSID2042143,2130,0.9954138867631872,1.0
DTXSID2042145,2130,0.8608408377998558,0.0
DTXSID2042149,2130,0.7593771541695419,0.0
DTXSID2042191,2130,0.9998610015796814,1.0
DTXSID2042195,2130,0.0,0.0
DTXSID2042199,2130,0.0,0.0
DTXSID2042220,2130,0.9999668370129204,1.0
DTXSID2042224,2130,1.0,1.0
DTXSID2042276,2130,0.0,0.0
DTXSID2042436,2130,0.0,0.0
DTXSID2043874,2130,0.0,0.0
DTXSID2043909,2130,0.9999999999998632,1.0
DTXSID2044000,2130,0.9999999999999435,1.0
DTXSID2044002,2130,0.9999999999997452,1.0
DTXSID2044131,2130,0.0,0.0
DTXSID2044137,2130,0.0,0.0
DTXSID2044210,2130,0.9999882768234635,1.0
DTXSID2044214,2130,0.0,0.0
DTXSID2044218,2130,2.321498965520835e-06,0.0
DTXSID2044266,2130,0.9999981695971902,1.0
DTXSID2044268,2130,0.01004942437052559,0.0
DTXSID2044347,2130,,
DTXSID2044391,2130,0.0,0.0
DTXSID2044393,2130,0.9849814873973736,1.0
DTXSID2044395,2130,0.9999999995134765,1.0
DTXSID2044397,2130,0.0,0.0
DTXSID2044399,2130,0.0,0.0
DTXSID2044420,2130,0.057069249239885295,0.0
DTXSID2044424,2130,0.0,0.0
DTXSID2044428,2130,,
DTXSID2044470,2130,0.0,0.0
DTXSID2044472,2130,0.07726283415877164,0.0
DTXSID2044474,2130,0.0,0.0
DTXSID2044503,2130,4.051375149840162e-06,0.0
DTXSID2044507,2130,0.999999997774808,1.0
DTXSID2044509,2130,0.9915983907548054,1.0
DTXSID2044553,2130,,
DTXSID2044559,2130,1.9977837748297276e-06,0.0
DTXSID2044632,2130,0.0,0.0
DTXSID2044638,2130,0.999999245745772,1.0
DTXSID2044680,2130,6.473748244591273e-08,0.0
DTXSID2044682,2130,0.0,0.0
DTXSID2044684,2130,0.0,0.0
DTXSID2044686,2130,0.9641661194743718,1.0
DTXSID2044713,2130,0.8521064120820783,0.0
DTXSID2044715,2130,0.0,0.0
DTXSID2044719,2130,0.9988832425567438,1.0
DTXSID2044763,2130,0.0,0.0
DTXSID2044765,2130,0.0,0.0
DTXSID2044767,2130,0.0,0.0
DTXSID2044769,2130,0.0,0.0
DTXSID2044840,2130,1.5619342038221786e-07,0.0
DTXSID2044842,2130,0.9995134680651674,1.0
DTXSID2044844,2130,1.0,1.0
DTXSID2044846,2130,1.0,1.0
DTXSID2044848,2130,1.8083711927360017e-05,0.0
DTXSID2044890,2130,0.9993477756760188,1.0
DTXSID2044892,2130,0.0,0.0
DTXSID2044894,2130,0.824932343469574,0.0
DTXSID2044896,2130,0.0,0.0
DTXSID2044898,2130,0.0032955276744422554,0.0
DTXSID2044921,2130,5.538338006827796e-10,0.0
DTXSID2044923,2130,0.999999995913792,1.0
DTXSID2044925,2130,0.0,0.0
DTXSID2044927,2130,0.0,0.0
DTXSID2044929,2130,0.0,0.0
DTXSID2044971,2130,0.999999999999999,1.0
DTXSID2044973,2130,0.0,0.0
DTXSID2044975,2130,0.0,0.0
DTXSID2044979,2130,0.0,0.0
DTXSID2045072,2130,0.0004597261457375671,0.0
DTXSID2045076,2130,0.9999785517302814,1.0
DTXSID2045078,2130,,
DTXSID2045101,2130,0.0,0.0
DTXSID2045103,2130,0.0,0.0
DTXSID2045105,2130,0.9999999997260101,1.0
DTXSID2045107,2130,0.0,0.0
DTXSID2045109,2130,0.9999999999963685,1.0
DTXSID2045151,2130,0.0,0.0
DTXSID2045153,2130,0.0,0.0
DTXSID2045157,2130,0.8540074854825696,0.0
DTXSID2045232,2130,0.0,0.0
DTXSID2045236,2130,,
DTXSID2045238,2130,1.0,1.0
DTXSID2045280,2130,0.9865608496972559,1.0
DTXSID2045315,2130,0.9999691458100259,1.0
DTXSID2045361,2130,0.9991287182727532,1.0
DTXSID2045365,2130,0.28574175800393875,0.0
DTXSID2045367,2130,0.9522757424594894,1.0
DTXSID2045440,2130,0.0,0.0
DTXSID2045442,2130,0.8166896310526996,0.0
DTXSID2045444,2130,0.0,0.0
DTXSID2045448,2130,0.999615916048587,1.0
DTXSID2045490,2130,0.9999709912610434,1.0
DTXSID2045492,2130,0.0,0.0
DTXSID2045494,2130,0.9983357284409105,1.0
DTXSID2045496,2130,0.9999597984383136,1.0
DTXSID2045498,2130,0.9999999876622508,1.0
DTXSID2045521,2130,0.0,0.0
DTXSID2045523,2130,0.0,0.0
DTXSID2045527,2130,0.999961934213464,1.0
DTXSID2045529,2130,0.9988847473468918,1.0
DTXSID2045571,2130,0.0,0.0
DTXSID2045573,2130,1.0,1.0
DTXSID2045575,2130,0.0,0.0
DTXSID2045579,2130,0.0,0.0
DTXSID2045600,2130,0.0,0.0
DTXSID2045602,2130,0.9997832655064448,1.0
DTXSID2045604,2130,0.999966814283403,1.0
DTXSID2045606,2130,0.0,0.0
DTXSID2045608,2130,0.0,0.0
DTXSID2045650,2130,0.0,0.0
DTXSID2045652,2130,0.0,0.0
DTXSID2045654,2130,0.0,0.0
DTXSID2045656,2130,1.0,1.0
DTXSID2045658,2130,0.0,0.0
DTXSID2045735,2130,0.9868163422499957,1.0
DTXSID2045781,2130,1.0,1.0
DTXSID2045783,2130,7.20588220772575e-10,0.0
DTXSID2045785,2130,1.5845149031050385e-18,0.0
DTXSID2045787,2130,0.0,0.0
DTXSID2045789,2130,0.0,0.0
DTXSID2045810,2130,0.9999999999940672,1.0
DTXSID2045812,2130,0.0,0.0
DTXSID2045814,2130,0.0,0.0
DTXSID2045860,2130,0.9999999999999957,1.0
DTXSID2045862,2130,0.0,0.0
DTXSID2045864,2130,0.0,0.0
DTXSID2045868,2130,0.9999999922689157,1.0
DTXSID2045941,2130,0.999999999999996,1.0
DTXSID2045943,2130,0.9999999998881454,1.0
DTXSID2045945,2130,0.9999999983495527,1.0
DTXSID2045993,2130,,
DTXSID2046042,2130,6.211449475243246e-10,0.0
DTXSID2046090,2130,0.0,0.0
DTXSID2046092,2130,0.9999999996845581,1.0
DTXSID2046094,2130,0.0,0.0
DTXSID2046096,2130,0.0,0.0
DTXSID2046121,2130,0.0006907373713852608,0.0
DTXSID2046123,2130,0.9999999999997783,1.0
DTXSID2046127,2130,0.9999999996463337,1.0
DTXSID2046171,2130,0.0,0.0
DTXSID2046173,2130,0.9658421883152944,1.0
DTXSID2046175,2130,0.9999999999999941,1.0
DTXSID2046177,2130,0.9999999996987982,1.0
DTXSID2046179,2130,0.0,0.0
DTXSID2046200,2130,0.9976493851599147,1.0
DTXSID2046202,2130,0.0,0.0
DTXSID2046206,2130,0.9999842854340266,1.0
DTXSID2046208,2130,2.3412660664709935e-15,0.0
DTXSID2046250,2130,0.9999947592810237,1.0
DTXSID2046252,2130,0.9999999998778862,1.0
DTXSID2046254,2130,0.9999515067601232,1.0
DTXSID2046256,2130,0.0,0.0
DTXSID2046258,2130,1.5796782161750945e-05,0.0
DTXSID2046383,2130,0.0,0.0
DTXSID2046385,2130,0.9999999976080576,1.0
DTXSID2046389,2130,0.003243812336171509,0.0
DTXSID2046410,2130,0.0,0.0
DTXSID2046412,2130,0.0,0.0
DTXSID2046414,2130,0.0,0.0
DTXSID2046418,2130,0.0,0.0
DTXSID2046460,2130,0.9999996754269915,1.0
DTXSID2046462,2130,0.0,0.0
DTXSID2046464,2130,0.9999644325829863,1.0
DTXSID2046468,2130,0.0,0.0
DTXSID2046541,2130,0.0,0.0
DTXSID2046543,2130,0.0,0.0
DTXSID2046545,2130,1.0,1.0
DTXSID2046549,2130,0.0,0.0
DTXSID2046591,2130,1.0,1.0
DTXSID2046593,2130,0.9999949899680319,1.0
DTXSID2046597,2130,5.725861045476631e-14,0.0
DTXSID2046599,2130,0.9997847032411717,1.0
DTXSID2046624,2130,0.999999999720146,1.0
DTXSID2046626,2130,0.9999994057460049,1.0
DTXSID2046628,2130,2.6601878854963653e-11,0.0
DTXSID2046670,2130,0.0,0.0
DTXSID2046674,2130,0.9306836942272291,1.0
DTXSID2046678,2130,0.0,0.0
DTXSID2046701,2130,0.9999999999999991,1.0
DTXSID2046703,2130,0.0,0.0
DTXSID2046705,2130,4.749532352086561e-10,0.0
DTXSID2046707,2130,1.0,1.0
DTXSID2046709,2130,0.9902029291951427,1.0
DTXSID2046751,2130,1.0,1.0
DTXSID2046755,2130,1.0,1.0
DTXSID2046757,2130,0.9999999999999816,1.0
DTXSID2046759,2130,0.0,0.0
DTXSID2046830,2130,0.0,0.0
DTXSID2046832,2130,0.0,0.0
DTXSID2046834,2130,1.0,1.0
DTXSID2046836,2130,0.0,0.0
DTXSID2046880,2130,1.0,1.0
DTXSID2046882,2130,0.0,0.0
DTXSID2046886,2130,0.9999999999937556,1.0
DTXSID2046888,2130,0.9999771042710438,1.0
DTXSID2046911,2130,0.0,0.0
DTXSID2046913,2130,0.999999999999441,1.0
DTXSID2046915,2130,0.0,0.0
DTXSID2046919,2130,0.9999999960081403,1.0
DTXSID2047060,2130,,
DTXSID2047062,2130,1.6542768747461164e-08,0.0
DTXSID2047064,2130,0.0,0.0
DTXSID2047066,2130,0.0,0.0
DTXSID2047068,2130,0.0,0.0
DTXSID2047141,2130,0.0,0.0
DTXSID2047145,2130,0.0,0.0
DTXSID2047149,2130,0.0,0.0
DTXSID2047191,2130,0.9986225937506478,1.0
DTXSID2047193,2130,0.9999999871054192,1.0
DTXSID2047195,2130,0.0,0.0
DTXSID2047197,2130,0.0,0.0
DTXSID2047199,2130,0.0,0.0
DTXSID2047270,2130,0.9999999999900884,1.0
DTXSID2047272,2130,1.0,1.0
DTXSID2047274,2130,0.0005168414329444376,0.0
DTXSID2047276,2130,0.9999985213598652,1.0
DTXSID2047278,2130,0.9999613890095077,1.0
DTXSID2047301,2130,0.009435547483427753,0.0
DTXSID2047303,2130,0.999999980960376,1.0
DTXSID2047305,2130,0.0,0.0
DTXSID2047307,2130,0.9897962619129997,1.0
DTXSID2047309,2130,0.0004869871244917387,0.0
DTXSID2047351,2130,0.999999999999995,1.0
DTXSID2047353,2130,0.9999999999999989,1.0
DTXSID2047355,2130,0.9999990389040293,1.0
DTXSID2047357,2130,0.9999999999992426,1.0
DTXSID2047359,2130,0.9886969567334192,1.0
DTXSID2047434,2130,0.9823389402564466,1.0
DTXSID2047436,2130,0.0,0.0
DTXSID2047484,2130,0.0,0.0
DTXSID2047486,2130,0.0,0.0
DTXSID2047511,2130,0.0,0.0
DTXSID2047517,2130,0.7416163228081021,0.0
DTXSID2047519,2130,0.0,0.0
DTXSID2047565,2130,0.0,0.0
DTXSID2047567,2130,0.00022758181221848537,0.0
DTXSID2047569,2130,0.9998613067869933,1.0
DTXSID2047642,2130,0.99977568233547,1.0
DTXSID2047644,2130,4.8360887258852765e-05,0.0
DTXSID2047646,2130,0.0,0.0
DTXSID2047648,2130,0.0,0.0
DTXSID2047694,2130,0.9999997817780937,1.0
DTXSID2047696,2130,0.9999671911641528,1.0
DTXSID2047721,2130,0.9999999682607793,1.0
DTXSID2047723,2130,0.0,0.0
DTXSID2047725,2130,5.680918236628372e-06,0.0
DTXSID2047773,2130,0.0,0.0
DTXSID2047775,2130,0.0,0.0
DTXSID2047777,2130,0.9999999999999999,1.0
DTXSID2047779,2130,0.9999999998574104,1.0
DTXSID2047800,2130,1.0,1.0
DTXSID2047802,2130,0.0,0.0
DTXSID2047804,2130,0.0,0.0
DTXSID2047806,2130,0.9999998347906259,1.0
DTXSID2047850,2130,0.0,0.0
DTXSID2047852,2130,0.9999999999997945,1.0
DTXSID2047856,2130,0.9999999999545509,1.0
DTXSID2047858,2130,0.9999924842180413,1.0
DTXSID2047931,2130,0.9715764188757549,1.0
DTXSID2047933,2130,0.0,0.0
DTXSID2047935,2130,1.0,1.0
DTXSID2047937,2130,0.0,0.0
DTXSID2047939,2130,8.633259045892004e-05,0.0
DTXSID2048161,2130,0.9999999999998003,1.0
DTXSID2048167,2130,0.9999999858124562,1.0
DTXSID2048169,2130,0.999999998749336,1.0
DTXSID2048379,2130,0.0,0.0
DTXSID2048581,2130,0.035392540466758764,0.0
DTXSID2048583,2130,0.9999997959480582,1.0
DTXSID2048585,2130,2.5109911059549277e-11,0.0
DTXSID2048587,2130,0.0,0.0
DTXSID2048589,2130,0.6432491794529239,0.0
DTXSID2048610,2130,0.0,0.0
DTXSID2048612,2130,4.242773031477904e-18,0.0
DTXSID2048614,2130,1.0,1.0
DTXSID2048616,2130,0.0,0.0
DTXSID2048618,2130,0.0,0.0
DTXSID2048660,2130,0.0,0.0
DTXSID2048662,2130,0.0,0.0
DTXSID2048664,2130,0.9999999999999997,1.0
DTXSID2048666,2130,0.9999999917350582,1.0
DTXSID2048668,2130,0.0,0.0
DTXSID2048741,2130,0.0,0.0
DTXSID2048743,2130,0.0,0.0
DTXSID2048745,2130,1.0,1.0
DTXSID2048747,2130,0.0,0.0
DTXSID2048749,2130,0.0,0.0
DTXSID2048791,2130,1.0,1.0
DTXSID2048793,2130,0.0,0.0
DTXSID2048795,2130,1.686749251831061e-17,0.0
DTXSID2048797,2130,0.9999999999999982,1.0
DTXSID2048799,2130,0.0,0.0
DTXSID2048820,2130,0.9999986771591449,1.0
DTXSID2048822,2130,0.0,0.0
DTXSID2048824,2130,1.0,1.0
DTXSID2048826,2130,0.0,0.0
DTXSID2048828,2130,0.5949092490892577,0.0
DTXSID2048870,2130,0.21827761684642846,0.0
DTXSID2048872,2130,0.9999837140967837,1.0
DTXSID2048874,2130,0.8458296209019357,0.0
DTXSID2048876,2130,0.9999810576247897,1.0
DTXSID2048878,2130,1.0,1.0
DTXSID2048901,2130,0.9998972165044386,1.0
DTXSID2048903,2130,0.0,0.0
DTXSID2048905,2130,0.9999999999230309,1.0
DTXSID2048907,2130,0.0,0.0
DTXSID2048909,2130,0.9999234713675874,1.0
DTXSID2048953,2130,0.0,0.0
DTXSID2048955,2130,0.9999999996599885,1.0
DTXSID2048957,2130,0.9999999990119308,1.0
DTXSID2048959,2130,0.0,0.0
DTXSID2049000,2130,0.99994750635436,1.0
DTXSID2049002,2130,0.0,0.0
DTXSID2049004,2130,2.8421579101535654e-05,0.0
DTXSID2049006,2130,0.9999971288665641,1.0
DTXSID2049008,2130,0.17123048937835642,0.0
DTXSID2049050,2130,0.9999999999840928,1.0
DTXSID2049052,2130,0.9998469129044008,1.0
DTXSID2049054,2130,1.0,1.0
DTXSID2049056,2130,0.0,0.0
DTXSID2049058,2130,0.9325090285160915,1.0
DTXSID2049135,2130,0.9998782202820289,1.0
DTXSID2049210,2130,0.9999999999999997,1.0
DTXSID2049212,2130,0.9515700369131309,1.0
DTXSID2049214,2130,0.0,0.0
DTXSID2049216,2130,0.3814347446046141,0.0
DTXSID2049218,2130,0.0,0.0
DTXSID2049260,2130,0.9999999532259569,1.0
DTXSID2049262,2130,1.0,1.0
DTXSID2049264,2130,0.0,0.0
DTXSID2049266,2130,1.5205672896168522e-07,0.0
DTXSID2049268,2130,0.9999966624477858,1.0
DTXSID2049341,2130,0.03661933808608775,0.0
DTXSID2049343,2130,0.0,0.0
DTXSID2049345,2130,0.0,0.0
DTXSID2049347,2130,0.0,0.0
DTXSID2049349,2130,1.7882386697278e-12,0.0
DTXSID2049391,2130,1.0,1.0
DTXSID2049393,2130,0.9993070372205312,1.0
DTXSID2049395,2130,5.835213231980777e-19,0.0
DTXSID2049397,2130,0.0,0.0
DTXSID2049399,2130,2.507584101796143e-17,0.0
DTXSID2049420,2130,0.9999556360034174,1.0
DTXSID2049422,2130,0.0,0.0
DTXSID2049424,2130,0.0,0.0
DTXSID2049426,2130,0.9999737233738945,1.0
DTXSID2049428,2130,0.0,0.0
DTXSID2049470,2130,1.1490908186010655e-13,0.0
DTXSID2049472,2130,1.610852907685791e-18,0.0
DTXSID2049474,2130,0.0,0.0
DTXSID2049476,2130,0.0,0.0
DTXSID2049478,2130,0.0,0.0
DTXSID2049501,2130,1.1062026086638642e-06,0.0
DTXSID2049503,2130,6.947988279963801e-16,0.0
DTXSID2049505,2130,0.0,0.0
DTXSID2049507,2130,0.0,0.0
DTXSID2049509,2130,0.9972157909034025,1.0
DTXSID2049551,2130,0.9999992404692908,1.0
DTXSID2049553,2130,0.9999427724690241,1.0
DTXSID2049555,2130,0.9998225448654063,1.0
DTXSID2049557,2130,0.9999486698863579,1.0
DTXSID2049559,2130,0.010243258215676341,0.0
DTXSID3020043,2130,0.0,0.0
DTXSID3020047,2130,0.755932557834017,0.0
DTXSID3020091,2130,0.0,0.0
DTXSID3020093,2130,0.9999862214103666,1.0
DTXSID3020095,2130,0.0,0.0
DTXSID3020097,2130,0.0,0.0
DTXSID3020099,2130,1.0,1.0
DTXSID3020120,2130,0.9999999998237854,1.0
DTXSID3020122,2130,0.9999999577194565,1.0
DTXSID3020128,2130,3.000456457095899e-17,0.0
DTXSID3020205,2130,0.9990858038642448,1.0
DTXSID3020207,2130,0.9999999964099634,1.0
DTXSID3020209,2130,0.9999509847598496,1.0
DTXSID3020253,2130,0.0,0.0
DTXSID3020257,2130,0.9999999999988279,1.0
DTXSID3020330,2130,0.9999999678499885,1.0
DTXSID3020332,2130,0.0,0.0
DTXSID3020336,2130,0.8027092676886912,0.0
DTXSID3020380,2130,0.9999990248652885,1.0
DTXSID3020384,2130,0.9999981347729782,1.0
DTXSID3020413,2130,0.0,0.0
DTXSID3020415,2130,1.7757224142786297e-09,0.0
DTXSID3020419,2130,0.9999999292954931,1.0
DTXSID3020463,2130,0.0,0.0
DTXSID3020465,2130,0.9999998979568571,1.0
DTXSID3020469,2130,0.0,0.0
DTXSID3020540,2130,9.430690020751833e-11,0.0
DTXSID3020546,2130,0.7787855414303061,0.0
DTXSID3020548,2130,0.9999998557050359,1.0
DTXSID3020596,2130,0.0,0.0
DTXSID3020598,2130,0.0,0.0
DTXSID3020621,2130,0.9999999964327769,1.0
DTXSID3020625,2130,0.9999899269000717,1.0
DTXSID3020627,2130,0.0,0.0
DTXSID3020629,2130,0.9983794791151442,1.0
DTXSID3020671,2130,0.014718617946343682,0.0
DTXSID3020673,2130,0.9999999999849365,1.0
DTXSID3020679,2130,0.999999042082186,1.0
DTXSID3020700,2130,0.0,0.0
DTXSID3020704,2130,1.0,1.0
DTXSID3020706,2130,0.9999999999999999,1.0
DTXSID3020708,2130,0.0,0.0
DTXSID3020750,2130,0.0,0.0
DTXSID3020752,2130,0.0,0.0
DTXSID3020756,2130,4.1829158657846285e-16,0.0
DTXSID3020833,2130,0.0,0.0
DTXSID3020835,2130,,
DTXSID3020887,2130,0.0,0.0
DTXSID3020889,2130,3.822723572043941e-05,0.0
DTXSID3020910,2130,2.052648680739029e-06,0.0
DTXSID3020912,2130,0.008589458839231944,0.0
DTXSID3020914,2130,0.0,0.0
DTXSID3020916,2130,0.999998028206915,1.0
DTXSID3020918,2130,0.010853598395707872,0.0
DTXSID3020960,2130,0.9999529589718599,1.0
DTXSID3020962,2130,0.0,0.0
DTXSID3020964,2130,3.4635485485689914e-18,0.0
DTXSID3020966,2130,0.0,0.0
DTXSID3021065,2130,0.0,0.0
DTXSID3021069,2130,0.9999300074834108,1.0
DTXSID3021140,2130,0.9999998767528308,1.0
DTXSID3021142,2130,0.0,0.0
DTXSID3021144,2130,0.9999999999898875,1.0
DTXSID3021148,2130,0.9988279945554523,1.0
DTXSID3021190,2130,0.9939912922068163,1.0
DTXSID3021192,2130,0.9999999999993036,1.0
DTXSID3021196,2130,0.009330341507748596,0.0
DTXSID3021198,2130,0.9996224159928587,1.0
DTXSID3021221,2130,0.9999838133465858,1.0
DTXSID3021223,2130,0.0,0.0
DTXSID3021275,2130,1.0,1.0
DTXSID3021277,2130,0.9997674702319244,1.0
DTXSID3021304,2130,0.9979716063773562,1.0
DTXSID3021354,2130,0.0012923844240887814,0.0
DTXSID3021356,2130,0.0,0.0
DTXSID3021358,2130,2.867704532852643e-08,0.0
DTXSID3021431,2130,0.0,0.0
DTXSID3021437,2130,0.0,0.0
DTXSID3021483,2130,0.9985511993716542,1.0
DTXSID3021485,2130,0.0,0.0
DTXSID3021487,2130,0.0,0.0
DTXSID3021516,2130,0.0,0.0
DTXSID3021518,2130,2.1438723812832745e-06,0.0
DTXSID3021562,2130,0.9997764162595194,1.0
DTXSID3021641,2130,0.00028980580586114395,0.0
DTXSID3021643,2130,2.514774364004211e-10,0.0
DTXSID3021645,2130,1.6230282219978392e-13,0.0
DTXSID3021647,2130,0.0,0.0
DTXSID3021726,2130,8.102921400605205e-14,0.0
DTXSID3021770,2130,0.8522556140120183,0.0
DTXSID3021772,2130,0.0,0.0
DTXSID3021774,2130,0.9999641681505315,1.0
DTXSID3021778,2130,0.9999999448494429,1.0
DTXSID3021801,2130,0.0,0.0
DTXSID3021803,2130,0.0,0.0
DTXSID3021805,2130,0.9999896914617019,1.0
DTXSID3021807,2130,0.0,0.0
DTXSID3021851,2130,0.0,0.0
DTXSID3021853,2130,0.9999997523787679,1.0
DTXSID3021930,2130,0.0,0.0
DTXSID3021932,2130,0.9998639823881452,1.0
DTXSID3021936,2130,0.8786628955123862,0.0
DTXSID3021938,2130,2.461610420499487e-06,0.0
DTXSID3021980,2130,0.0,0.0
DTXSID3021982,2130,0.0,0.0
DTXSID3021984,2130,0.0,0.0
DTXSID3021986,2130,0.9924047613715775,1.0
DTXSID3021988,2130,0.0,0.0
DTXSID3022035,2130,0.0,0.0
DTXSID3022089,2130,0.0,0.0
DTXSID3022160,2130,0.9999848906203671,1.0
DTXSID3022162,2130,0.9999968854567233,1.0
DTXSID3022164,2130,0.0,0.0
DTXSID3022247,2130,0.999591989324616,1.0
DTXSID3022320,2130,0.7535151709928383,0.0
DTXSID3022326,2130,0.0,0.0
DTXSID3022370,2130,0.999999999999989,1.0
DTXSID3022401,2130,0.0,0.0
DTXSID3022403,2130,0.9999548410042375,1.0
DTXSID3022405,2130,0.9994872286035839,1.0
DTXSID3022409,2130,4.765104547672529e-14,0.0
DTXSID3022455,2130,0.0,0.0
DTXSID3022536,2130,0.9999999999996173,1.0
DTXSID3022582,2130,0.0,0.0
DTXSID3022584,2130,0.0,0.0
DTXSID3022586,2130,0.0,0.0
DTXSID3022588,2130,1.0,1.0
DTXSID3022611,2130,0.0,0.0
DTXSID3022617,2130,0.0,0.0
DTXSID3022663,2130,0.9999895152278566,1.0
DTXSID3022667,2130,0.9991611522913355,1.0
DTXSID3022742,2130,1.0,1.0
DTXSID3022748,2130,0.0,0.0
DTXSID3022796,2130,0.9999999999438771,1.0
DTXSID3022798,2130,0.9987349783389743,1.0
DTXSID3022821,2130,0.14994842113907544,0.0
DTXSID3022825,2130,0.9999931954712264,1.0
DTXSID3022829,2130,0.0,0.0
DTXSID3022871,2130,0.0,0.0
DTXSID3022873,2130,0.0,0.0
DTXSID3022875,2130,0.9996609359309617,1.0
DTXSID3022877,2130,1.0,1.0
DTXSID3022902,2130,0.9999999996069483,1.0
DTXSID3022904,2130,0.9999976518311054,1.0
DTXSID3022906,2130,0.0,0.0
DTXSID3022950,2130,0.9999825913310993,1.0
DTXSID3022956,2130,0.9999999999999999,1.0
DTXSID3022958,2130,0.9999999984129864,1.0
DTXSID3023001,2130,0.0,0.0
DTXSID3023005,2130,0.0,0.0
DTXSID3023007,2130,0.0,0.0
DTXSID3023051,2130,0.9999999999996679,1.0
DTXSID3023057,2130,1.0,1.0
DTXSID3023059,2130,0.0,0.0
DTXSID3023132,2130,,
DTXSID3023180,2130,1.0,1.0
DTXSID3023188,2130,0.0,0.0
DTXSID3023219,2130,0.9998629310137269,1.0
DTXSID3023261,2130,0.0,0.0
DTXSID3023265,2130,0.9999982619360799,1.0
DTXSID3023269,2130,0.0,0.0
DTXSID3023340,2130,1.0,1.0
DTXSID3023342,2130,0.0,0.0
DTXSID3023398,2130,0.0,0.0
DTXSID3023425,2130,0.9999999999999846,1.0
DTXSID3023427,2130,0.0,0.0
DTXSID3023471,2130,0.9999672663017889,1.0
DTXSID3023479,2130,0.0,0.0
DTXSID3023502,2130,0.7064948104071321,0.0
DTXSID3023508,2130,0.9999999998984157,1.0
DTXSID3023550,2130,0.9999999999999997,1.0
DTXSID3023552,2130,0.0,0.0
DTXSID3023554,2130,0.9988978905604889,1.0
DTXSID3023556,2130,0.9999999999906106,1.0
DTXSID3023681,2130,0.0,0.0
DTXSID3023685,2130,0.9999994489728093,1.0
DTXSID3023687,2130,0.9998327010069915,1.0
DTXSID3023712,2130,0.99866559431673,1.0
DTXSID3023716,2130,0.0,0.0
DTXSID3023718,2130,0.9998549502545919,1.0
DTXSID3023764,2130,1.8034473641197617e-07,0.0
DTXSID3023845,2130,0.9999877788423932,1.0
DTXSID3023897,2130,0.9999998549451464,1.0
DTXSID3023899,2130,0.6897144933120314,0.0
DTXSID3023974,2130,0.0,0.0
DTXSID3024077,2130,0.0,0.0
DTXSID3024100,2130,0.0,0.0
DTXSID3024102,2130,0.9999981192472048,1.0
DTXSID3024104,2130,0.9975646946552909,1.0
DTXSID3024108,2130,0.9999998986108621,1.0
DTXSID3024152,2130,3.5308967198739365e-18,0.0
DTXSID3024154,2130,0.9999831410042594,1.0
DTXSID3024235,2130,0.9999999999999253,1.0
DTXSID3024239,2130,0.9999996523615234,1.0
DTXSID3024287,2130,0.0,0.0
DTXSID3024289,2130,0.0,0.0
DTXSID3024316,2130,7.073427502608911e-07,0.0
DTXSID3024318,2130,0.9999807559683698,1.0
DTXSID3024362,2130,0.0,0.0
DTXSID3024364,2130,0.0,0.0
DTXSID3024366,2130,0.0,0.0
DTXSID3024368,2130,0.0,0.0
DTXSID3024441,2130,0.0,0.0
DTXSID3024447,2130,0.0,0.0
DTXSID3024449,2130,0.0002352481250378859,0.0
DTXSID3024491,2130,1.303658736985154e-12,0.0
DTXSID3024497,2130,0.0,0.0
DTXSID3024499,2130,1.0,1.0
DTXSID3024522,2130,0.0,0.0
DTXSID3024528,2130,0.9999939617347327,1.0
DTXSID3024574,2130,0.9999192982038558,1.0
DTXSID3024603,2130,4.160082615377522e-10,0.0
DTXSID3024657,2130,0.0,0.0
DTXSID3024659,2130,0.0,0.0
DTXSID3024736,2130,1.1428439368290014e-19,0.0
DTXSID3024738,2130,0.03538441461537886,0.0
DTXSID3024786,2130,0.0,0.0
DTXSID3024815,2130,0.0,0.0
DTXSID3024861,2130,0.9997527475318081,1.0
DTXSID3024869,2130,0.9999999973282842,1.0
DTXSID3024940,2130,0.0,0.0
DTXSID3024942,2130,0.0,0.0
DTXSID3024944,2130,0.9999999999999706,1.0
DTXSID3024994,2130,0.0,0.0
DTXSID3024998,2130,5.548746176700002e-14,0.0
DTXSID3025041,2130,0.0,0.0
DTXSID3025045,2130,1.0,1.0
DTXSID3025047,2130,0.0,0.0
DTXSID3025049,2130,0.0,0.0
DTXSID3025091,2130,0.9999999898298312,1.0
DTXSID3025093,2130,0.9999852216155641,1.0
DTXSID3025122,2130,7.692627088286165e-09,0.0
DTXSID3025178,2130,0.8750581982780493,0.0
DTXSID3025203,2130,1.0,1.0
DTXSID3025209,2130,0.9999999956085063,1.0
DTXSID3025253,2130,0.9999999999999997,1.0
DTXSID3025257,2130,0.9999999983437964,1.0
DTXSID3025330,2130,0.0,0.0
DTXSID3025332,2130,0.9999999981873567,1.0
DTXSID3025338,2130,0.0,0.0
DTXSID3025461,2130,5.010309652679928e-07,0.0
DTXSID3025465,2130,0.9999747149994018,1.0
DTXSID3025469,2130,0.0,0.0
DTXSID3025540,2130,1.0,1.0
DTXSID3025542,2130,0.0,0.0
DTXSID3025548,2130,0.9999999999999925,1.0
DTXSID3025590,2130,0.0,0.0
DTXSID3025629,2130,0.0,0.0
DTXSID3025671,2130,0.0,0.0
DTXSID3025706,2130,0.0,0.0
DTXSID3025758,2130,0.0,0.0
DTXSID3025839,2130,0.0,0.0
DTXSID3025881,2130,0.9999999999998733,1.0
DTXSID3025889,2130,0.0,0.0
DTXSID3026065,2130,0.9999999895422512,1.0
DTXSID3026067,2130,0.0,0.0
DTXSID3026148,2130,0.0,0.0
DTXSID3026190,2130,1.0,1.0
DTXSID3026223,2130,0.0,0.0
DTXSID3026275,2130,0.0,0.0
DTXSID3026279,2130,0.997286314531524,1.0
DTXSID3026302,2130,0.0,0.0
DTXSID3026304,2130,0.0,0.0
DTXSID3026306,2130,0.0,0.0
DTXSID3026308,2130,1.8338770684042845e-09,0.0
DTXSID3026512,2130,4.2441953684543083e-14,0.0
DTXSID3026514,2130,0.0,0.0
DTXSID3026516,2130,0.0,0.0
DTXSID3026560,2130,0.04460316133255139,0.0
DTXSID3026562,2130,0.0,0.0
DTXSID3026564,2130,0.9537487046370273,1.0
DTXSID3026566,2130,0.0,0.0
DTXSID3026641,2130,0.0,0.0
DTXSID3026645,2130,0.0,0.0
DTXSID3026647,2130,0.0,0.0
DTXSID3026691,2130,9.294738925632136e-17,0.0
DTXSID3026697,2130,0.15949741446881077,0.0
DTXSID3026724,2130,0.0,0.0
DTXSID3026726,2130,0.9999999965110362,1.0
DTXSID3026728,2130,0.999958195868136,1.0
DTXSID3026851,2130,0.0,0.0
DTXSID3026932,2130,0.0,0.0
DTXSID3026984,2130,0.0,0.0
DTXSID3027037,2130,0.0,0.0
DTXSID3027039,2130,2.765201161160271e-07,0.0
DTXSID3027085,2130,0.0,0.0
DTXSID3027116,2130,0.9987766895637632,1.0
DTXSID3027241,2130,0.0,0.0
DTXSID3027247,2130,0.0,0.0
DTXSID3027249,2130,0.0,0.0
DTXSID3027291,2130,0.9984732816660741,1.0
DTXSID3027293,2130,0.0,0.0
DTXSID3027295,2130,0.0,0.0
DTXSID3027297,2130,0.0,0.0
DTXSID3027320,2130,0.9991426321629524,1.0
DTXSID3027322,2130,4.7937799306245e-14,0.0
DTXSID3027328,2130,0.0,0.0
DTXSID3027370,2130,4.7843481115312556e-14,0.0
DTXSID3027401,2130,6.585792872002573e-18,0.0
DTXSID3027403,2130,1.0,1.0
DTXSID3027405,2130,0.0,0.0
DTXSID3027407,2130,0.0,0.0
DTXSID3027530,2130,0.9999899451075035,1.0
DTXSID3027534,2130,,
DTXSID3027536,2130,0.11317068476814289,0.0
DTXSID3027580,2130,0.0,0.0
DTXSID3027584,2130,0.7335953067325083,0.0
DTXSID3027586,2130,0.9999999985321179,1.0
DTXSID3027588,2130,0.9999479187983785,1.0
DTXSID3027615,2130,0.9816990398634747,1.0
DTXSID3027617,2130,0.0,0.0
DTXSID3027740,2130,0.25087184402063706,0.0
DTXSID3027790,2130,0.09089986389986227,0.0
DTXSID3027792,2130,0.9569689440565438,1.0
DTXSID3027798,2130,0.0,0.0
DTXSID3027823,2130,1.5455519950636858e-17,0.0
DTXSID3027829,2130,0.0,0.0
DTXSID3027875,2130,0.9998619884378634,1.0
DTXSID3027877,2130,0.998245997892774,1.0
DTXSID3027902,2130,0.999996922412758,1.0
DTXSID3027950,2130,1.0,1.0
DTXSID3028001,2130,0.0,0.0
DTXSID3028005,2130,0.9999666378329345,1.0
DTXSID3029108,2130,0.0,0.0
DTXSID3029150,2130,5.286190137688723e-10,0.0
DTXSID3029152,2130,0.0,0.0
DTXSID3029154,2130,1.971565625238619e-16,0.0
DTXSID3029158,2130,0.0,0.0
DTXSID3029231,2130,2.786597699577305e-15,0.0
DTXSID3029233,2130,1.5912574289574184e-12,0.0
DTXSID3029235,2130,1.384727175553085e-05,0.0
DTXSID3029237,2130,0.9827429766506077,1.0
DTXSID3029281,2130,4.1828520247973307e-13,0.0
DTXSID3029283,2130,0.0,0.0
DTXSID3029287,2130,0.0,0.0
DTXSID3029289,2130,5.980376954858394e-10,0.0
DTXSID3029310,2130,0.0,0.0
DTXSID3029312,2130,0.0,0.0
DTXSID3029362,2130,0.9999999994617353,1.0
DTXSID3029364,2130,0.9433332887085464,1.0
DTXSID3029572,2130,0.9999649613442488,1.0
DTXSID3029607,2130,7.012868886726582e-08,0.0
DTXSID3029651,2130,0.0,0.0
DTXSID3029653,2130,0.11993251744333386,0.0
DTXSID3029655,2130,0.0,0.0
DTXSID3029815,2130,5.612038986041561e-05,0.0
DTXSID3029869,2130,0.006082935305911865,0.0
DTXSID3030056,2130,0.0,0.0
DTXSID3030189,2130,0.0,0.0
DTXSID3030428,2130,0.0,0.0
DTXSID3030636,2130,1.0,1.0
DTXSID3031444,2130,3.1510101203115326e-07,0.0
DTXSID3031492,2130,0.0,0.0
DTXSID3031521,2130,0.9999931234619154,1.0
DTXSID3031860,2130,0.0,0.0
DTXSID3031862,2130,3.470873121402673e-05,0.0
DTXSID3031864,2130,0.0,0.0
DTXSID3032129,2130,0.0,0.0
DTXSID3032337,2130,0.23550548285116812,0.0
DTXSID3032389,2130,0.9999999906295485,1.0
DTXSID3032412,2130,0.0,0.0
DTXSID3032416,2130,0.9999999420138507,1.0
DTXSID3032464,2130,0.9996432801890522,1.0
DTXSID3032547,2130,,
DTXSID3032549,2130,0.9999774837688555,1.0
DTXSID3032591,2130,0.9809507233781535,1.0
DTXSID3032620,2130,0.7605123495940587,0.0
DTXSID3032622,2130,0.0,0.0
DTXSID3032624,2130,0.9949807290390308,1.0
DTXSID3032628,2130,0.9999892570344078,1.0
DTXSID3032751,2130,0.999999878009817,1.0
DTXSID3032759,2130,0.6676861402225118,0.0
DTXSID3032832,2130,3.847239044586931e-05,0.0
DTXSID3033276,2130,0.0,0.0
DTXSID3033307,2130,1.0,1.0
DTXSID3033511,2130,0.0,0.0
DTXSID3033519,2130,0.0,0.0
DTXSID3033983,2130,0.0,0.0
DTXSID3033989,2130,0.057848106824582406,0.0
DTXSID3034113,2130,0.9999995767081576,1.0
DTXSID3034165,2130,0.9999999999999782,1.0
DTXSID3034402,2130,0.9999999999999872,1.0
DTXSID3034456,2130,0.9999970154338506,1.0
DTXSID3034531,2130,0.9999984280877154,1.0
DTXSID3034583,2130,0.503170142715895,0.0
DTXSID3034612,2130,0.9940079636789013,1.0
DTXSID3034614,2130,0.0,0.0
DTXSID3034618,2130,0.8831556242345672,0.0
DTXSID3034662,2130,0.9999999984582405,1.0
DTXSID3034664,2130,0.0,0.0
DTXSID3034872,2130,1.2069745776843362e-15,0.0
DTXSID3034903,2130,0.0,0.0
DTXSID3034957,2130,0.009811203389887337,0.0
DTXSID3035214,2130,5.2709992911018745e-09,0.0
DTXSID3035266,2130,0.0,0.0
DTXSID3035341,2130,0.9951733987262019,1.0
DTXSID3036105,2130,,
DTXSID3036286,2130,0.0,0.0
DTXSID3036288,2130,0.0,0.0
DTXSID3036496,2130,0.9975966385056466,1.0
DTXSID3036999,2130,0.0,0.0
DTXSID3037044,2130,0.0,0.0
DTXSID3037094,2130,0.9999999999999973,1.0
DTXSID3037208,2130,0.9961821566191019,1.0
DTXSID3037250,2130,0.7671228945608698,0.0
DTXSID3037541,2130,0.9999999999756155,1.0
DTXSID3037545,2130,0.002006355760561071,0.0
DTXSID3037626,2130,0.0,0.0
DTXSID3037672,2130,0.0,0.0
DTXSID3037707,2130,0.0,0.0
DTXSID3037709,2130,0.0,0.0
DTXSID3037757,2130,0.08569904812090151,0.0
DTXSID3038694,2130,0.0,0.0
DTXSID3038696,2130,0.0,0.0
DTXSID3038725,2130,0.0,0.0
DTXSID3038800,2130,0.0,0.0
DTXSID3038808,2130,0.994536129798981,1.0
DTXSID3038852,2130,0.9994698641680517,1.0
DTXSID3038939,2130,0.11055310527164822,0.0
DTXSID3039240,2130,0.9999999999462644,1.0
DTXSID3039242,2130,0.0,0.0
DTXSID3040271,2130,2.0832593772997915e-08,0.0
DTXSID3040279,2130,0.9978708198297048,1.0
DTXSID3040352,2130,1.0,1.0
DTXSID3040643,2130,0.9880423214414761,1.0
DTXSID3040647,2130,0.9999818223368051,1.0
DTXSID3040691,2130,0.5070692348187498,0.0
DTXSID3040693,2130,8.403849159585827e-08,0.0
DTXSID3040697,2130,0.057314074388779994,0.0
DTXSID3040699,2130,4.969843049865224e-07,0.0
DTXSID3040720,2130,0.999999997201161,1.0
DTXSID3040722,2130,0.05800785354218868,0.0
DTXSID3040724,2130,0.8610981912365279,0.0
DTXSID3040726,2130,0.9952167792240183,1.0
DTXSID3040728,2130,0.0,0.0
DTXSID3040770,2130,0.9999997958401315,1.0
DTXSID3040774,2130,0.0021816310930789823,0.0
DTXSID3040776,2130,0.0,0.0
DTXSID3040980,2130,1.0,1.0
DTXSID3041085,2130,0.0,0.0
DTXSID3041247,2130,0.9999999999927375,1.0
DTXSID3041293,2130,0.0,0.0
DTXSID3041299,2130,2.416384510274289e-14,0.0
DTXSID3041328,2130,4.2732031875552164e-11,0.0
DTXSID3041370,2130,2.483216722870347e-09,0.0
DTXSID3041372,2130,0.0,0.0
DTXSID3041376,2130,0.9999998641213309,1.0
DTXSID3041403,2130,0.0,0.0
DTXSID3041405,2130,0.0003130593476624034,0.0
DTXSID3041409,2130,0.9999999999991301,1.0
DTXSID3041451,2130,,
DTXSID3041530,2130,0.0,0.0
DTXSID3041580,2130,0.0,0.0
DTXSID3041611,2130,8.529167003950718e-11,0.0
DTXSID3041613,2130,0.9999831383986567,1.0
DTXSID3041615,2130,0.7655212424771668,0.0
DTXSID3041617,2130,0.9999999999999203,1.0
DTXSID3041619,2130,0.9999999999048264,1.0
DTXSID3041661,2130,6.093617421991175e-13,0.0
DTXSID3041663,2130,0.9996551257479821,1.0
DTXSID3041665,2130,1.0,1.0
DTXSID3041790,2130,3.857286492975393e-05,0.0
DTXSID3041794,2130,0.6561202357063693,0.0
DTXSID3041827,2130,0.9999884479449388,1.0
DTXSID3041873,2130,0.9999177145252466,1.0
DTXSID3041877,2130,0.19370829752403676,0.0
DTXSID3041954,2130,0.4692754532878914,0.0
DTXSID3042007,2130,0.9990518587825895,1.0
DTXSID3042051,2130,0.7323703989602702,0.0
DTXSID3042053,2130,0.9990757468118326,1.0
DTXSID3042059,2130,2.164054798564056e-13,0.0
DTXSID3042130,2130,1.0,1.0
DTXSID3042180,2130,0.998115023447596,1.0
DTXSID3042188,2130,0.42036686443966803,0.0
DTXSID3042215,2130,0.0,0.0
DTXSID3042219,2130,0.0,0.0
DTXSID3042261,2130,1.0,1.0
DTXSID3042263,2130,0.0,0.0
DTXSID3042269,2130,0.0,0.0
DTXSID3042390,2130,1.0,1.0
DTXSID3042394,2130,0.9733300163680858,1.0
DTXSID3042423,2130,0.0,0.0
DTXSID3042477,2130,0.9999443646426842,1.0
DTXSID3042500,2130,1.0,1.0
DTXSID3042508,2130,0.0,0.0
DTXSID3042631,2130,0.9999999990738231,1.0
DTXSID3042633,2130,1.0,1.0
DTXSID3042681,2130,1.0,1.0
DTXSID3043734,2130,0.0,0.0
DTXSID3043782,2130,0.0,0.0
DTXSID3044124,2130,0.0,0.0
DTXSID3044201,2130,0.9999995527511389,1.0
DTXSID3044203,2130,0.9999999997118326,1.0
DTXSID3044205,2130,0.9999999999997152,1.0
DTXSID3044251,2130,0.9996795629370855,1.0
DTXSID3044332,2130,0.0,0.0
DTXSID3044334,2130,0.0,0.0
DTXSID3044380,2130,0.009556344046027147,0.0
DTXSID3044382,2130,0.0,0.0
DTXSID3044384,2130,0.0,0.0
DTXSID3044388,2130,0.0,0.0
DTXSID3044411,2130,0.0,0.0
DTXSID3044413,2130,0.0,0.0
DTXSID3044463,2130,0.0,0.0
DTXSID3044465,2130,0.0,0.0
DTXSID3044469,2130,0.0,0.0
DTXSID3044542,2130,0.9838226354070964,1.0
DTXSID3044544,2130,1.0,1.0
DTXSID3044590,2130,0.0614605774905702,0.0
DTXSID3044598,2130,0.0,0.0
DTXSID3044621,2130,0.9101284636122432,1.0
DTXSID3044623,2130,0.9999745554639871,1.0
DTXSID3044625,2130,0.0,0.0
DTXSID3044627,2130,0.0,0.0
DTXSID3044629,2130,0.0,0.0
DTXSID3044679,2130,6.424597932535413e-05,0.0
DTXSID3044702,2130,0.0011235350801562425,0.0
DTXSID3044704,2130,0.9999999895560238,1.0
DTXSID3044706,2130,1.0121986013864927e-09,0.0
DTXSID3044750,2130,0.004696806573421316,0.0
DTXSID3044752,2130,0.9451509312103054,1.0
DTXSID3044754,2130,0.0,0.0
DTXSID3044756,2130,0.7342413506075004,0.0
DTXSID3044758,2130,1.0,1.0
DTXSID3044831,2130,,
DTXSID3044833,2130,0.8496246237548635,0.0
DTXSID3044835,2130,0.9999972191416862,1.0
DTXSID3044837,2130,0.0,0.0
DTXSID3044839,2130,0.0,0.0
DTXSID3044881,2130,8.051740223351453e-07,0.0
DTXSID3044883,2130,0.0,0.0
DTXSID3044887,2130,0.9998458082350583,1.0
DTXSID3044910,2130,0.9999999999999999,1.0
DTXSID3044914,2130,0.0,0.0
DTXSID3044916,2130,0.0,0.0
DTXSID3044918,2130,5.278467740777003e-06,0.0
DTXSID3044960,2130,0.9999893126185482,1.0
DTXSID3044962,2130,0.9908451743866988,1.0
DTXSID3044966,2130,0.9999999999999996,1.0
DTXSID3045140,2130,0.9993551923831634,1.0
DTXSID3045144,2130,0.999999999998565,1.0
DTXSID3045190,2130,0.9999939378483045,1.0
DTXSID3045192,2130,4.829717068878922e-15,0.0
DTXSID3045194,2130,0.9999543282831608,1.0
DTXSID3045196,2130,6.816870036424428e-06,0.0
DTXSID3045198,2130,0.9163121767696513,1.0
DTXSID3045221,2130,0.8622961747313487,0.0
DTXSID3045223,2130,0.6712407590573193,0.0
DTXSID3045225,2130,,
DTXSID3045227,2130,0.9993908171214538,1.0
DTXSID3045229,2130,0.0,0.0
DTXSID3045271,2130,0.9999535450051624,1.0
DTXSID3045300,2130,0.999999999991216,1.0
DTXSID3045304,2130,0.7919666863511585,0.0
DTXSID3045306,2130,1.5061644844729205e-08,0.0
DTXSID3045350,2130,0.0,0.0
DTXSID3045352,2130,0.0,0.0
DTXSID3045354,2130,0.0,0.0
DTXSID3045356,2130,0.9999999978303507,1.0
DTXSID3045433,2130,0.0,0.0
DTXSID3045435,2130,0.7822384946209712,0.0
DTXSID3045437,2130,0.0,0.0
DTXSID3045439,2130,0.0,0.0
DTXSID3045485,2130,0.0,0.0
DTXSID3045514,2130,0.0,0.0
DTXSID3045560,2130,0.999991833525806,1.0
DTXSID3045562,2130,0.9999999999999956,1.0
DTXSID3045566,2130,0.9925777448567025,1.0
DTXSID3045568,2130,0.9999999976150464,1.0
DTXSID3045645,2130,1.0,1.0
DTXSID3045647,2130,0.9999992606983474,1.0
DTXSID3045649,2130,0.0,0.0
DTXSID3045691,2130,0.990910641035017,1.0
DTXSID3045693,2130,1.936015337069804e-12,0.0
DTXSID3045695,2130,0.0,0.0
DTXSID3045697,2130,0.0,0.0
DTXSID3045699,2130,0.9990510145317915,1.0
DTXSID3045770,2130,0.9990977582093103,1.0
DTXSID3045772,2130,0.0,0.0
DTXSID3045774,2130,0.9999999412208769,1.0
DTXSID3045776,2130,0.0,0.0
DTXSID3045778,2130,0.9520238473332465,1.0
DTXSID3045803,2130,0.028710649317828376,0.0
DTXSID3045805,2130,0.0,0.0
DTXSID3045807,2130,0.9999999999996102,1.0
DTXSID3045809,2130,0.999763400719488,1.0
DTXSID3045851,2130,2.6703458870210583e-13,0.0
DTXSID3045855,2130,0.0,0.0
DTXSID3045857,2130,0.0,0.0
DTXSID3045859,2130,0.9999999989836742,1.0
DTXSID3045930,2130,0.9999999997457394,1.0
DTXSID3045934,2130,0.0,0.0
DTXSID3045938,2130,0.9996363489782204,1.0
DTXSID3045980,2130,1.0,1.0
DTXSID3045984,2130,0.0,0.0
DTXSID3045988,2130,0.0,0.0
DTXSID3046081,2130,1.9478219324099616e-07,0.0
DTXSID3046083,2130,0.9999999999999937,1.0
DTXSID3046085,2130,0.0,0.0
DTXSID3046110,2130,0.0,0.0
DTXSID3046112,2130,1.0,1.0
DTXSID3046114,2130,1.0,1.0
DTXSID3046116,2130,0.0,0.0
DTXSID3046118,2130,0.0,0.0
DTXSID3046160,2130,0.0,0.0
DTXSID3046162,2130,0.0,0.0
DTXSID3046164,2130,0.0,0.0
DTXSID3046166,2130,0.00017752110235711718,0.0
DTXSID3046168,2130,0.0,0.0
DTXSID3046241,2130,0.0,0.0
DTXSID3046243,2130,0.23239629608875054,0.0
DTXSID3046245,2130,0.0,0.0
DTXSID3046247,2130,0.0,0.0
DTXSID3046249,2130,0.04053993532945616,0.0
DTXSID3046291,2130,0.0,0.0
DTXSID3046295,2130,0.9999986910835298,1.0
DTXSID3046297,2130,0.0,0.0
DTXSID3046299,2130,0.8817336807996943,0.0
DTXSID3046320,2130,0.9999999999840669,1.0
DTXSID3046322,2130,0.9999999998905187,1.0
DTXSID3046324,2130,0.0034438773536018337,0.0
DTXSID3046326,2130,0.9999668022557829,1.0
DTXSID3046401,2130,1.0,1.0
DTXSID3046403,2130,0.0,0.0
DTXSID3046405,2130,7.41223629390969e-16,0.0
DTXSID3046407,2130,1.0,1.0
DTXSID3046409,2130,0.0,0.0
DTXSID3046451,2130,0.0,0.0
DTXSID3046453,2130,0.9999999999553223,1.0
DTXSID3046455,2130,0.9999999999997762,1.0
DTXSID3046457,2130,0.0,0.0
DTXSID3046459,2130,0.0,0.0
DTXSID3046530,2130,0.0,0.0
DTXSID3046532,2130,0.0,0.0
DTXSID3046534,2130,0.0,0.0
DTXSID3046536,2130,0.0,0.0
DTXSID3046538,2130,,
DTXSID3046580,2130,0.9997489999758102,1.0
DTXSID3046584,2130,0.0,0.0
DTXSID3046586,2130,0.0,0.0
DTXSID3046588,2130,0.0,0.0
DTXSID3046613,2130,0.0,0.0
DTXSID3046615,2130,0.0,0.0
DTXSID3046617,2130,0.0,0.0
DTXSID3046619,2130,0.9999999996519521,1.0
DTXSID3046663,2130,0.9999821608707384,1.0
DTXSID3046665,2130,0.9999999999999798,1.0
DTXSID3046740,2130,0.0,0.0
DTXSID3046742,2130,0.0,0.0
DTXSID3046744,2130,0.9999999996250735,1.0
DTXSID3046748,2130,0.0,0.0
DTXSID3046790,2130,0.0,0.0
DTXSID3046792,2130,0.9999999999999998,1.0
DTXSID3046796,2130,0.0,0.0
DTXSID3046798,2130,0.0,0.0
DTXSID3046821,2130,0.0,0.0
DTXSID3046823,2130,0.9999999997845019,1.0
DTXSID3046825,2130,0.0,0.0
DTXSID3046827,2130,0.9999762685035238,1.0
DTXSID3046829,2130,0.0,0.0
DTXSID3046871,2130,0.0,0.0
DTXSID3046875,2130,0.0,0.0
DTXSID3046879,2130,0.0,0.0
DTXSID3046902,2130,0.9999999999943162,1.0
DTXSID3046904,2130,1.0,1.0
DTXSID3046906,2130,0.0,0.0
DTXSID3046908,2130,0.0,0.0
DTXSID3047001,2130,0.0,0.0
DTXSID3047003,2130,0.0,0.0
DTXSID3047051,2130,0.9998652011627136,1.0
DTXSID3047053,2130,0.9998769817923421,1.0
DTXSID3047055,2130,0.9999999999999704,1.0
DTXSID3047057,2130,0.0,0.0
DTXSID3047059,2130,0.0,0.0
DTXSID3047130,2130,0.9997726204596793,1.0
DTXSID3047132,2130,0.0,0.0
DTXSID3047134,2130,0.0,0.0
DTXSID3047136,2130,0.0,0.0
DTXSID3047138,2130,0.0,0.0
DTXSID3047180,2130,0.9943026769940041,1.0
DTXSID3047182,2130,0.8069665318262106,0.0
DTXSID3047184,2130,,
DTXSID3047186,2130,0.0,0.0
DTXSID3047188,2130,0.0,0.0
DTXSID3047261,2130,0.9176011693160443,1.0
DTXSID3047263,2130,0.9993572609397343,1.0
DTXSID3047265,2130,0.0,0.0
DTXSID3047267,2130,0.8046303747455678,0.0
DTXSID3047342,2130,0.9999999999999823,1.0
DTXSID3047344,2130,0.0333442557599601,0.0
DTXSID3047346,2130,0.9996672830308403,1.0
DTXSID3047348,2130,0.9999999999998234,1.0
DTXSID3047394,2130,0.0,0.0
DTXSID3047423,2130,,
DTXSID3047425,2130,0.09921678073553127,0.0
DTXSID3047427,2130,0.0,0.0
DTXSID3047429,2130,0.9964082788213519,1.0
DTXSID3047473,2130,,
DTXSID3047477,2130,0.9999999987529166,1.0
DTXSID3047504,2130,0.0,0.0
DTXSID3047508,2130,0.8716824232296674,0.0
DTXSID3047552,2130,0.0,0.0
DTXSID3047554,2130,0.0,0.0
DTXSID3047556,2130,0.6899496285384594,0.0
DTXSID3047558,2130,2.3483145993671153e-11,0.0
DTXSID3047631,2130,0.7747911210238785,0.0
DTXSID3047633,2130,0.0,0.0
DTXSID3047637,2130,,
DTXSID3047639,2130,,
DTXSID3047681,2130,,
DTXSID3047683,2130,0.9998414940899708,1.0
DTXSID3047687,2130,0.0,0.0
DTXSID3047712,2130,0.0,0.0
DTXSID3047716,2130,0.0,0.0
DTXSID3047843,2130,1.0,1.0
DTXSID3047845,2130,0.0,0.0
DTXSID3047847,2130,0.0,0.0
DTXSID3047849,2130,1.0,1.0
DTXSID3047891,2130,0.0,0.0
DTXSID3047893,2130,0.9940954881134134,1.0
DTXSID3047895,2130,0.9999728684764837,1.0
DTXSID3047897,2130,0.0,0.0
DTXSID3047899,2130,0.0,0.0
DTXSID3047920,2130,1.1772857665624414e-14,0.0
DTXSID3047922,2130,2.406556297359392e-13,0.0
DTXSID3047924,2130,1.5119864289038678e-13,0.0
DTXSID3047926,2130,1.0,1.0
DTXSID3047928,2130,0.0,0.0
DTXSID3047970,2130,0.0,0.0
DTXSID3047972,2130,0.0,0.0
DTXSID3047974,2130,0.9999999999999997,1.0
DTXSID3048310,2130,0.0,0.0
DTXSID3048449,2130,1.2776127551305005e-06,0.0
DTXSID3048520,2130,0.0,0.0
DTXSID3048522,2130,0.9999999999999867,1.0
DTXSID3048574,2130,0.0,0.0
DTXSID3048576,2130,0.0,0.0
DTXSID3048578,2130,1.0,1.0
DTXSID3048601,2130,0.0,0.0
DTXSID3048603,2130,0.0,0.0
DTXSID3048605,2130,0.0,0.0
DTXSID3048607,2130,0.9999999997921623,1.0
DTXSID3048609,2130,0.0,0.0
DTXSID3048653,2130,0.9999999999579763,1.0
DTXSID3048655,2130,0.0,0.0
DTXSID3048657,2130,0.9999999944995207,1.0
DTXSID3048659,2130,0.9965912178945255,1.0
DTXSID3048730,2130,0.9999999999632346,1.0
DTXSID3048732,2130,0.0,0.0
DTXSID3048734,2130,0.0,0.0
DTXSID3048736,2130,0.9999943400055824,1.0
DTXSID3048738,2130,0.0,0.0
DTXSID3048780,2130,0.9999985818265359,1.0
DTXSID3048782,2130,,
DTXSID3048784,2130,0.0,0.0
DTXSID3048786,2130,0.9999997783018776,1.0
DTXSID3048788,2130,0.0,0.0
DTXSID3048811,2130,0.9999999671143047,1.0
DTXSID3048813,2130,0.0,0.0
DTXSID3048815,2130,0.0,0.0
DTXSID3048817,2130,0.0,0.0
DTXSID3048819,2130,0.0,0.0
DTXSID3048861,2130,0.0,0.0
DTXSID3048863,2130,0.9999999999999952,1.0
DTXSID3048865,2130,0.0,0.0
DTXSID3048867,2130,0.0,0.0
DTXSID3048869,2130,0.999202088344219,1.0
DTXSID3048940,2130,0.0,0.0
DTXSID3048942,2130,0.0,0.0
DTXSID3048944,2130,0.0,0.0
DTXSID3048946,2130,0.0,0.0
DTXSID3048948,2130,1.0,1.0
DTXSID3048990,2130,0.0,0.0
DTXSID3048992,2130,,
DTXSID3048996,2130,0.9999999999585666,1.0
DTXSID3048998,2130,1.0,1.0
DTXSID3049041,2130,0.99999996622927,1.0
DTXSID3049043,2130,0.9895669820642362,1.0
DTXSID3049045,2130,0.9999090530997,1.0
DTXSID3049047,2130,0.9999999989914857,1.0
DTXSID3049049,2130,1.0,1.0
DTXSID3049201,2130,0.0,0.0
DTXSID3049203,2130,0.0,0.0
DTXSID3049205,2130,0.9999999547495089,1.0
DTXSID3049207,2130,0.0,0.0
DTXSID3049209,2130,0.0,0.0
DTXSID3049251,2130,0.9999861814561534,1.0
DTXSID3049253,2130,1.0,1.0
DTXSID3049255,2130,0.0,0.0
DTXSID3049257,2130,0.0,0.0
DTXSID3049259,2130,0.0,0.0
DTXSID3049330,2130,0.0,0.0
DTXSID3049332,2130,0.9999999829582981,1.0
DTXSID3049334,2130,0.0,0.0
DTXSID3049336,2130,0.0,0.0
DTXSID3049338,2130,0.0,0.0
DTXSID3049380,2130,0.0,0.0
DTXSID3049382,2130,2.148544777032849e-13,0.0
DTXSID3049384,2130,0.0,0.0
DTXSID3049386,2130,0.0,0.0
DTXSID3049388,2130,0.0,0.0
DTXSID3049411,2130,0.0,0.0
DTXSID3049413,2130,3.218942770140798e-09,0.0
DTXSID3049415,2130,0.9999734340602163,1.0
DTXSID3049417,2130,1.0,1.0
DTXSID3049419,2130,0.9991144475741452,1.0
DTXSID3049461,2130,6.185784495197708e-05,0.0
DTXSID3049463,2130,0.0,0.0
DTXSID3049465,2130,0.0,0.0
DTXSID3049467,2130,1.3988851016057802e-14,0.0
DTXSID3049469,2130,0.0,0.0
DTXSID3049540,2130,0.0,0.0
DTXSID3049542,2130,0.9971713521385366,1.0
DTXSID3049544,2130,0.9999977904573603,1.0
DTXSID3049546,2130,0.9999925904144251,1.0
DTXSID3049548,2130,0.9934670393747456,1.0
DTXSID4020032,2130,4.335113342124277e-14,0.0
DTXSID4020038,2130,0.0,0.0
DTXSID4020086,2130,0.0,0.0
DTXSID4020088,2130,1.7707304455091507e-15,0.0
DTXSID4020113,2130,2.0057095631033064e-12,0.0
DTXSID4020115,2130,1.0,1.0
DTXSID4020117,2130,0.9999999999996386,1.0
DTXSID4020119,2130,0.7504693214992376,0.0
DTXSID4020161,2130,0.0,0.0
DTXSID4020167,2130,7.497307064977526e-15,0.0
DTXSID4020240,2130,0.0,0.0
DTXSID4020242,2130,1.0,1.0
DTXSID4020244,2130,0.02031691653159,0.0
DTXSID4020246,2130,0.0,0.0
DTXSID4020248,2130,9.781045118941294e-13,0.0
DTXSID4020290,2130,9.077640849158319e-12,0.0
DTXSID4020292,2130,0.9999939244840065,1.0
DTXSID4020294,2130,1.0,1.0
DTXSID4020296,2130,0.0004517382440141995,0.0
DTXSID4020298,2130,1.8134948709392445e-07,0.0
DTXSID4020321,2130,0.9999867159783504,1.0
DTXSID4020325,2130,2.2790853119090278e-15,0.0
DTXSID4020327,2130,0.9999999999967749,1.0
DTXSID4020329,2130,0.0,0.0
DTXSID4020371,2130,9.975202427619892e-09,0.0
DTXSID4020373,2130,0.9999999999994312,1.0
DTXSID4020375,2130,0.999999999611279,1.0
DTXSID4020379,2130,0.9999999653767652,1.0
DTXSID4020400,2130,0.9978454065110406,1.0
DTXSID4020402,2130,0.9999975743200208,1.0
DTXSID4020406,2130,0.9999688921851094,1.0
DTXSID4020450,2130,0.9999999150114174,1.0
DTXSID4020452,2130,3.8194420213580336e-16,0.0
DTXSID4020458,2130,0.9967996658026738,1.0
DTXSID4020533,2130,0.0,0.0
DTXSID4020535,2130,1.0,1.0
DTXSID4020537,2130,0.9999998206112364,1.0
DTXSID4020539,2130,2.985767125372018e-08,0.0
DTXSID4020581,2130,0.0,0.0
DTXSID4020583,2130,0.0,0.0
DTXSID4020587,2130,1.9034306146285303e-15,0.0
DTXSID4020589,2130,0.9997718942613681,1.0
DTXSID4020612,2130,7.269164064396989e-11,0.0
DTXSID4020614,2130,0.9999999999999409,1.0
DTXSID4020616,2130,0.0,0.0
DTXSID4020618,2130,0.0,0.0
DTXSID4020664,2130,5.047500565198347e-10,0.0
DTXSID4020666,2130,0.0,0.0
DTXSID4020668,2130,1.1091104534988546e-12,0.0
DTXSID4020743,2130,0.9991189432301744,1.0
DTXSID4020745,2130,0.9771397358667482,1.0
DTXSID4020749,2130,0.9994995587141725,1.0
DTXSID4020791,2130,0.9983209557951646,1.0
DTXSID4020820,2130,9.271953597469181e-11,0.0
DTXSID4020822,2130,1.0,1.0
DTXSID4020826,2130,0.9999999999878756,1.0
DTXSID4020828,2130,0.999909293742179,1.0
DTXSID4020870,2130,1.0,1.0
DTXSID4020876,2130,0.9999999998896225,1.0
DTXSID4020878,2130,0.0,0.0
DTXSID4020901,2130,0.0002668198706854818,0.0
DTXSID4020957,2130,0.9995998668007978,1.0
DTXSID4020959,2130,0.9376867994993189,1.0
DTXSID4021002,2130,0.0006719010389974095,0.0
DTXSID4021006,2130,0.038339125523453234,0.0
DTXSID4021056,2130,0.0,0.0
DTXSID4021131,2130,0.9999999016408834,1.0
DTXSID4021133,2130,0.0,0.0
DTXSID4021135,2130,0.9999990511174333,1.0
DTXSID4021137,2130,0.9430603432982043,1.0
DTXSID4021139,2130,0.0016471046962807546,0.0
DTXSID4021181,2130,0.9999999998471322,1.0
DTXSID4021185,2130,0.9124995929186498,1.0
DTXSID4021189,2130,0.9975666190358384,1.0
DTXSID4021212,2130,0.0,0.0
DTXSID4021214,2130,0.9998515624241102,1.0
DTXSID4021216,2130,5.647764021520081e-09,0.0
DTXSID4021218,2130,0.9999999999982065,1.0
DTXSID4021260,2130,0.9999986751616813,1.0
DTXSID4021264,2130,1.0,1.0
DTXSID4021268,2130,0.0,0.0
DTXSID4021341,2130,0.9999999999999999,1.0
DTXSID4021343,2130,0.0,0.0
DTXSID4021347,2130,0.0004003956986443812,0.0
DTXSID4021391,2130,0.9999999948041219,1.0
DTXSID4021393,2130,0.0,0.0
DTXSID4021395,2130,0.0,0.0
DTXSID4021397,2130,0.9599305062439936,1.0
DTXSID4021424,2130,0.0,0.0
DTXSID4021426,2130,0.0,0.0
DTXSID4021472,2130,0.7810542026815989,0.0
DTXSID4021478,2130,0.9999999996538164,1.0
DTXSID4021503,2130,0.0,0.0
DTXSID4021553,2130,0.0,0.0
DTXSID4021557,2130,0.0,0.0
DTXSID4021559,2130,0.9999999999999978,1.0
DTXSID4021632,2130,0.0,0.0
DTXSID4021634,2130,0.0,0.0
DTXSID4021636,2130,0.0,0.0
DTXSID4021638,2130,0.0,0.0
DTXSID4021680,2130,1.0,1.0
DTXSID4021684,2130,0.0,0.0
DTXSID4021688,2130,0.0,0.0
DTXSID4021715,2130,0.9999999999999998,1.0
DTXSID4021717,2130,5.125105801383177e-09,0.0
DTXSID4021761,2130,0.0,0.0
DTXSID4021767,2130,1.4160027957974584e-10,0.0
DTXSID4021769,2130,0.9024422752558899,1.0
DTXSID4021842,2130,0.0,0.0
DTXSID4021848,2130,0.0018601518501211885,0.0
DTXSID4021890,2130,0.0,0.0
DTXSID4021892,2130,0.0,0.0
DTXSID4021894,2130,5.3833979315153656e-06,0.0
DTXSID4021921,2130,0.9999999929423757,1.0
DTXSID4021923,2130,0.0,0.0
DTXSID4021925,2130,0.0,0.0
DTXSID4021929,2130,0.0,0.0
DTXSID4021971,2130,1.3917535380612159e-08,0.0
DTXSID4021975,2130,0.9784299957093446,1.0
DTXSID4021977,2130,0.0,0.0
DTXSID4021979,2130,0.0,0.0
DTXSID4022020,2130,0.0,0.0
DTXSID4022070,2130,0.0,0.0
DTXSID4022107,2130,0.0,0.0
DTXSID4022109,2130,0.0,0.0
DTXSID4022153,2130,1.0,1.0
DTXSID4022159,2130,3.3929210262138955e-12,0.0
DTXSID4022284,2130,0.0,0.0
DTXSID4022288,2130,0.9999913015914509,1.0
DTXSID4022311,2130,0.9980424343492157,1.0
DTXSID4022315,2130,0.9999999999993916,1.0
DTXSID4022361,2130,0.9997295916393895,1.0
DTXSID4022367,2130,0.9999993744586066,1.0
DTXSID4022369,2130,0.9999999999999999,1.0
DTXSID4022442,2130,0.9999997251701697,1.0
DTXSID4022446,2130,0.8089086036960786,0.0
DTXSID4022448,2130,0.9999999965448668,1.0
DTXSID4022521,2130,0.0,0.0
DTXSID4022523,2130,0.9999958753220076,1.0
DTXSID4022525,2130,0.9999999965149908,1.0
DTXSID4022527,2130,0.8752125123644001,0.0
DTXSID4022529,2130,0.9322347377971775,1.0
DTXSID4022571,2130,2.7970027768396605e-12,0.0
DTXSID4022573,2130,0.0,0.0
DTXSID4022577,2130,0.999992453692861,1.0
DTXSID4022579,2130,0.605839964000751,0.0
DTXSID4022602,2130,2.502421712922982e-06,0.0
DTXSID4022652,2130,0.9999575614186647,1.0
DTXSID4022658,2130,0.0,0.0
DTXSID4022731,2130,0.9832231887433355,1.0
DTXSID4022735,2130,0.9999948559712647,1.0
DTXSID4022783,2130,0.0,0.0
DTXSID4022785,2130,,
DTXSID4022789,2130,0.9984622374349961,1.0
DTXSID4022810,2130,0.9999999999112434,1.0
DTXSID4022812,2130,0.0,0.0
DTXSID4022814,2130,0.9993093469311211,1.0
DTXSID4022816,2130,0.9999776776766794,1.0
DTXSID4022862,2130,0.9999998578277158,1.0
DTXSID4022866,2130,0.0,0.0
DTXSID4022868,2130,0.0,0.0
DTXSID4022941,2130,0.9999999966537896,1.0
DTXSID4022947,2130,0.0,0.0
DTXSID4022949,2130,0.9999971396502478,1.0
DTXSID4022991,2130,5.3106585911055535e-15,0.0
DTXSID4022993,2130,0.0,0.0
DTXSID4022999,2130,0.9999997827951401,1.0
DTXSID4023042,2130,0.9999845567340896,1.0
DTXSID4023044,2130,0.5552509900751544,0.0
DTXSID4023094,2130,0.9999999999999979,1.0
DTXSID4023096,2130,0.005559910838589709,0.0
DTXSID4023123,2130,0.0,0.0
DTXSID4023125,2130,0.0,0.0
DTXSID4023171,2130,0.0,0.0
DTXSID4023175,2130,0.9999625365942005,1.0
DTXSID4023177,2130,0.9999970133591498,1.0
DTXSID4023179,2130,0.979837316002004,1.0
DTXSID4023200,2130,0.999989081314749,1.0
DTXSID4023202,2130,0.0,0.0
DTXSID4023252,2130,0.0,0.0
DTXSID4023254,2130,0.0,0.0
DTXSID4023258,2130,0.0,0.0
DTXSID4023333,2130,0.999999144244969,1.0
DTXSID4023381,2130,0.9999999999999868,1.0
DTXSID4023385,2130,1.7789086018710067e-05,0.0
DTXSID4023387,2130,0.07827190579433259,0.0
DTXSID4023412,2130,0.9688174237394958,1.0
DTXSID4023414,2130,0.0,0.0
DTXSID4023416,2130,0.9999907018299761,1.0
DTXSID4023460,2130,,
DTXSID4023462,2130,0.9999382435001803,1.0
DTXSID4023541,2130,0.0,0.0
DTXSID4023545,2130,1.0,1.0
DTXSID4023549,2130,0.9999998865269026,1.0
DTXSID4023591,2130,0.0,0.0
DTXSID4023593,2130,0.9999999998794834,1.0
DTXSID4023595,2130,1.0,1.0
DTXSID4023622,2130,0.9999762252714859,1.0
DTXSID4023624,2130,0.9999077197937453,1.0
DTXSID4023628,2130,0.0,0.0
DTXSID4023670,2130,0.0,0.0
DTXSID4023672,2130,0.9999999792569477,1.0
DTXSID4023674,2130,0.971973651745007,1.0
DTXSID4023676,2130,0.0,0.0
DTXSID4023678,2130,0.0,0.0
DTXSID4023701,2130,0.0,0.0
DTXSID4023753,2130,0.9999999999992146,1.0
DTXSID4023917,2130,0.0,0.0
DTXSID4024012,2130,0.020760448310544088,0.0
DTXSID4024014,2130,0.0,0.0
DTXSID4024018,2130,1.202480893456176e-16,0.0
DTXSID4024062,2130,0.0,0.0
DTXSID4024064,2130,0.9999999822064948,1.0
DTXSID4024066,2130,0.9999700035291376,1.0
DTXSID4024143,2130,0.0,0.0
DTXSID4024145,2130,0.0,0.0
DTXSID4024193,2130,0.0,0.0
DTXSID4024195,2130,,
DTXSID4024222,2130,0.0,0.0
DTXSID4024270,2130,0.9999999734419679,1.0
DTXSID4024272,2130,0.9999858401316474,1.0
DTXSID4024274,2130,1.0,1.0
DTXSID4024276,2130,1.0,1.0
DTXSID4024303,2130,1.0,1.0
DTXSID4024359,2130,0.9999837224220147,1.0
DTXSID4024436,2130,0.995682565899585,1.0
DTXSID4024484,2130,0.0,0.0
DTXSID4024488,2130,0.9999999993442218,1.0
DTXSID4024515,2130,0.0,0.0
DTXSID4024640,2130,0.0,0.0
DTXSID4024642,2130,1.8605361785411044e-10,0.0
DTXSID4024644,2130,0.0,0.0
DTXSID4024646,2130,0.9995633386981726,1.0
DTXSID4024690,2130,0.0,0.0
DTXSID4024692,2130,0.0,0.0
DTXSID4024696,2130,0.0,0.0
DTXSID4024721,2130,1.0,1.0
DTXSID4024729,2130,1.0,1.0
DTXSID4024771,2130,0.0,0.0
DTXSID4024773,2130,0.0,0.0
DTXSID4024775,2130,0.0,0.0
DTXSID4024800,2130,0.0,0.0
DTXSID4024858,2130,0.0,0.0
DTXSID4024931,2130,0.0340369338670129,0.0
DTXSID4024937,2130,0.8097889913807311,0.0
DTXSID4024981,2130,5.6725707514779544e-12,0.0
DTXSID4024983,2130,0.9998814718291774,1.0
DTXSID4024985,2130,0.0,0.0
DTXSID4025080,2130,0.0,0.0
DTXSID4025082,2130,3.1619631656814297e-07,0.0
DTXSID4025086,2130,0.0,0.0
DTXSID4025111,2130,0.0,0.0
DTXSID4025113,2130,0.0,0.0
DTXSID4025117,2130,0.0,0.0
DTXSID4025165,2130,0.0,0.0
DTXSID4025167,2130,0.0,0.0
DTXSID4025240,2130,1.5203202069802771e-05,0.0
DTXSID4025242,2130,0.0,0.0
DTXSID4025292,2130,0.0,0.0
DTXSID4025296,2130,0.0,0.0
DTXSID4025298,2130,1.4367664142465905e-08,0.0
DTXSID4025329,2130,0.0,0.0
DTXSID4025371,2130,0.0,0.0
DTXSID4025402,2130,0.0,0.0
DTXSID4025404,2130,9.212394512002357e-13,0.0
DTXSID4025406,2130,0.0,0.0
DTXSID4025454,2130,2.037404830618072e-08,0.0
DTXSID4025581,2130,0.9999911086320549,1.0
DTXSID4025587,2130,1.1848275894744209e-12,0.0
DTXSID4025610,2130,0.0,0.0
DTXSID4025612,2130,0.0,0.0
DTXSID4025662,2130,0.0,0.0
DTXSID4025668,2130,1.0,1.0
DTXSID4025741,2130,0.0,0.0
DTXSID4025743,2130,0.0,0.0
DTXSID4025745,2130,3.109388654766279e-12,0.0
DTXSID4025749,2130,5.276413256852585e-05,0.0
DTXSID4025791,2130,0.0,0.0
DTXSID4025793,2130,4.3226860025298554e-19,0.0
DTXSID4025824,2130,0.9729401944049068,1.0
DTXSID4025903,2130,,
DTXSID4026000,2130,7.859141438792528e-05,0.0
DTXSID4026050,2130,0.0,0.0
DTXSID4026054,2130,0.0,0.0
DTXSID4026137,2130,0.9999999999971421,1.0
DTXSID4026139,2130,3.210268265320095e-14,0.0
DTXSID4026181,2130,0.9999999979034133,1.0
DTXSID4026183,2130,0.0,0.0
DTXSID4026212,2130,0.04657185549676351,0.0
DTXSID4026214,2130,1.0,1.0
DTXSID4026262,2130,1.0,1.0
DTXSID4026266,2130,0.9999799094098298,1.0
DTXSID4026268,2130,0.9999999999999704,1.0
DTXSID4026422,2130,0.0,0.0
DTXSID4026472,2130,0.0,0.0
DTXSID4026501,2130,0.0,0.0
DTXSID4026505,2130,0.9999999999977348,1.0
DTXSID4026557,2130,,
DTXSID4026684,2130,0.656070271277711,0.0
DTXSID4026711,2130,0.0,0.0
DTXSID4026713,2130,0.0,0.0
DTXSID4026715,2130,7.480092200636574e-17,0.0
DTXSID4026765,2130,0.0,0.0
DTXSID4026769,2130,0.0,0.0
DTXSID4026842,2130,0.0,0.0
DTXSID4026894,2130,0.0,0.0
DTXSID4026921,2130,0.0,0.0
DTXSID4026927,2130,0.0,0.0
DTXSID4026975,2130,0.0,0.0
DTXSID4026979,2130,0.0,0.0
DTXSID4027072,2130,0.0,0.0
DTXSID4027076,2130,0.0,0.0
DTXSID4027103,2130,0.0,0.0
DTXSID4027109,2130,1.0,1.0
DTXSID4027153,2130,0.0,0.0
DTXSID4027159,2130,2.994353592804564e-14,0.0
DTXSID4027234,2130,1.9309847373431258e-17,0.0
DTXSID4027236,2130,0.8914092208075062,0.0
DTXSID4027280,2130,0.0,0.0
DTXSID4027282,2130,0.004524512041582428,0.0
DTXSID4027284,2130,2.3281304612367915e-06,0.0
DTXSID4027286,2130,0.0,0.0
DTXSID4027288,2130,0.9999669098099092,1.0
DTXSID4027319,2130,0.999999999999986,1.0
DTXSID4027361,2130,0.0,0.0
DTXSID4027367,2130,1.0326818907896088e-06,0.0
DTXSID4027490,2130,9.112112437787009e-08,0.0
DTXSID4027494,2130,0.999999999566322,1.0
DTXSID4027496,2130,0.0,0.0
DTXSID4027498,2130,0.9975554487673955,1.0
DTXSID4027521,2130,0.0,0.0
DTXSID4027525,2130,1.6803910232302998e-05,0.0
DTXSID4027527,2130,0.9999991354097498,1.0
DTXSID4027529,2130,0.0,0.0
DTXSID4027577,2130,0.0,0.0
DTXSID4027579,2130,0.12134135478598851,0.0
DTXSID4027600,2130,0.0,0.0
DTXSID4027604,2130,0.9995407174152728,1.0
DTXSID4027608,2130,0.9727131517314463,1.0
DTXSID4027650,2130,0.0,0.0
DTXSID4027652,2130,1.1477096006284554e-11,0.0
DTXSID4027656,2130,0.9998848542591137,1.0
DTXSID4027658,2130,0.0,0.0
DTXSID4027781,2130,0.0,0.0
DTXSID4027866,2130,0.0,0.0
DTXSID4027868,2130,0.0,0.0
DTXSID4027991,2130,0.9994936299400352,1.0
DTXSID4027997,2130,0.0,0.0
DTXSID4028040,2130,2.520026305254238e-06,0.0
DTXSID4028460,2130,1.0,1.0
DTXSID4028880,2130,0.9999999994203612,1.0
DTXSID4028967,2130,0.0,0.0
DTXSID4029062,2130,0.0,0.0
DTXSID4029143,2130,0.0,0.0
DTXSID4029145,2130,0.0,0.0
DTXSID4029149,2130,0.0,0.0
DTXSID4029195,2130,0.9999890947652247,1.0
DTXSID4029220,2130,0.0,0.0
DTXSID4029224,2130,0.0,0.0
DTXSID4029353,2130,7.491200934008751e-08,0.0
DTXSID4029359,2130,6.470879477416398e-09,0.0
DTXSID4029565,2130,0.5180611136776879,0.0
DTXSID4029690,2130,0.0,0.0
DTXSID4029692,2130,2.0678383856905354e-10,0.0
DTXSID4029698,2130,0.0,0.0
DTXSID4029806,2130,0.9824744365093652,1.0
DTXSID4030047,2130,0.0,0.0
DTXSID4030336,2130,0.0,0.0
DTXSID4030384,2130,0.0,0.0
DTXSID4031356,2130,0.0,0.0
DTXSID4031566,2130,0.0,0.0
DTXSID4031980,2130,0.9999999999837577,1.0
DTXSID4032372,2130,0.9999999999999986,1.0
DTXSID4032376,2130,0.9999999997344702,1.0
DTXSID4032378,2130,0.9999987578116977,1.0
DTXSID4032405,2130,0.9998643440276452,1.0
DTXSID4032459,2130,0.9991775867336482,1.0
DTXSID4032532,2130,0.9999996884075605,1.0
DTXSID4032536,2130,0.9993470366036353,1.0
DTXSID4032580,2130,1.0,1.0
DTXSID4032611,2130,0.0,0.0
DTXSID4032613,2130,0.41525368731559104,0.0
DTXSID4032615,2130,0.0,0.0
DTXSID4032619,2130,0.9999769661502627,1.0
DTXSID4032667,2130,0.9999999324231958,1.0
DTXSID4032954,2130,0.0,0.0
DTXSID4033390,2130,4.954002382583217e-07,0.0
DTXSID4034102,2130,0.930728336529391,1.0
DTXSID4034150,2130,1.0,1.0
DTXSID4034287,2130,0.0,0.0
DTXSID4034497,2130,0.999999999076254,1.0
DTXSID4034528,2130,0.0,0.0
DTXSID4034576,2130,0.9999829465813836,1.0
DTXSID4034601,2130,0.9999999999999937,1.0
DTXSID4034609,2130,1.0,1.0
DTXSID4034653,2130,0.9999999999274114,1.0
DTXSID4034948,2130,0.9999999756579958,1.0
DTXSID4035209,2130,0.0,0.0
DTXSID4035542,2130,0.999999999372342,1.0
DTXSID4035592,2130,3.63145230645166e-06,0.0
DTXSID4035708,2130,1.0,1.0
DTXSID4036229,2130,0.0,0.0
DTXSID4036435,2130,0.8255507991809615,0.0
DTXSID4036514,2130,0.0,0.0
DTXSID4037580,2130,0.003923216239313925,0.0
DTXSID4037582,2130,0.9999968110324178,1.0
DTXSID4037584,2130,0.0,0.0
DTXSID4037617,2130,0.9999995638914742,1.0
DTXSID4037748,2130,0.0,0.0
DTXSID4038762,2130,0.0,0.0
DTXSID4038847,2130,0.0,0.0
DTXSID4038922,2130,0.999999999999917,1.0
DTXSID4038924,2130,0.007615150483251191,0.0
DTXSID4038926,2130,2.3394727755371306e-07,0.0
DTXSID4039231,2130,,
DTXSID4039233,2130,0.0,0.0
DTXSID4039235,2130,1.0398503079446254e-09,0.0
DTXSID4039657,2130,1.0,1.0
DTXSID4040002,2130,0.0,0.0
DTXSID4040266,2130,0.9867499522940226,1.0
DTXSID4040268,2130,0.9999997734793105,1.0
DTXSID4040343,2130,0.9999999435405854,1.0
DTXSID4040395,2130,0.0,0.0
DTXSID4040476,2130,0.0,0.0
DTXSID4040682,2130,1.0,1.0
DTXSID4040684,2130,0.9999999999999893,1.0
DTXSID4040686,2130,,
DTXSID4040688,2130,0.0,0.0
DTXSID4040711,2130,0.9947743002345949,1.0
DTXSID4040713,2130,1.0,1.0
DTXSID4040715,2130,0.9999874426833286,1.0
DTXSID4040719,2130,1.3832971357882586e-05,0.0
DTXSID4040765,2130,0.0,0.0
DTXSID4040767,2130,1.0,1.0
DTXSID4040979,2130,0.999999999999929,1.0
DTXSID4041070,2130,1.0,1.0
DTXSID4041074,2130,0.0,0.0
DTXSID4041153,2130,0.0,0.0
DTXSID4041230,2130,0.0,0.0
DTXSID4041232,2130,0.0,0.0
DTXSID4041234,2130,1.49090738213511e-08,0.0
DTXSID4041238,2130,1.1165359148365137e-05,0.0
DTXSID4041280,2130,5.187129378350116e-07,0.0
DTXSID4041317,2130,0.0,0.0
DTXSID4041361,2130,0.9838703776375369,1.0
DTXSID4041363,2130,0.9919885677213389,1.0
DTXSID4041367,2130,1.0,1.0
DTXSID4041440,2130,0.9999306676731878,1.0
DTXSID4041442,2130,0.0,0.0
DTXSID4041446,2130,0.0,0.0
DTXSID4041490,2130,0.0,0.0
DTXSID4041492,2130,0.0,0.0
DTXSID4041494,2130,0.013808863943175525,0.0
DTXSID4041521,2130,0.024708903472431487,0.0
DTXSID4041527,2130,8.763174575811109e-12,0.0
DTXSID4041529,2130,0.0,0.0
DTXSID4041573,2130,0.0,0.0
DTXSID4041575,2130,0.0,0.0
DTXSID4041600,2130,0.9999686779558501,1.0
DTXSID4041604,2130,0.0,0.0
DTXSID4041654,2130,0.911835169997045,1.0
DTXSID4041656,2130,0.0,0.0
DTXSID4041783,2130,0.0,0.0
DTXSID4041818,2130,0.0,0.0
DTXSID4041995,2130,0.99999990836984,1.0
DTXSID4041997,2130,0.9999999954728161,1.0
DTXSID4042090,2130,1.0,1.0
DTXSID4042094,2130,0.9437935381919169,1.0
DTXSID4042096,2130,0.0,0.0
DTXSID4042121,2130,0.9999963964075121,1.0
DTXSID4042123,2130,1.0,1.0
DTXSID4042129,2130,1.0,1.0
DTXSID4042171,2130,0.9999999094467427,1.0
DTXSID4042206,2130,0.9999999784177426,1.0
DTXSID4042208,2130,1.407372561028722e-06,0.0
DTXSID4042252,2130,0.9999999514042879,1.0
DTXSID4042254,2130,0.0,0.0
DTXSID4042256,2130,0.9999999999999996,1.0
DTXSID4042335,2130,0.0,0.0
DTXSID4042337,2130,0.0,0.0
DTXSID4042416,2130,0.9561448628867731,1.0
DTXSID4042418,2130,0.9852438040623387,1.0
DTXSID4042462,2130,1.0,1.0
DTXSID4042468,2130,0.0,0.0
DTXSID4042622,2130,0.9972959769771481,1.0
DTXSID4043777,2130,1.0,1.0
DTXSID4044161,2130,0.9982027831143326,1.0
DTXSID4044371,2130,0.0,0.0
DTXSID4044373,2130,9.565210171076584e-08,0.0
DTXSID4044375,2130,1.75163958355136e-13,0.0
DTXSID4044379,2130,0.9999999999996616,1.0
DTXSID4044400,2130,1.0,1.0
DTXSID4044402,2130,0.00025768328661447194,0.0
DTXSID4044404,2130,0.0,0.0
DTXSID4044408,2130,0.0,0.0
DTXSID4044450,2130,0.0,0.0
DTXSID4044452,2130,0.7015430303936152,0.0
DTXSID4044454,2130,0.9999994035031889,1.0
DTXSID4044456,2130,0.0,0.0
DTXSID4044458,2130,0.0,0.0
DTXSID4044533,2130,9.519219544670916e-05,0.0
DTXSID4044535,2130,0.0,0.0
DTXSID4044537,2130,1.3138940115773752e-06,0.0
DTXSID4044581,2130,0.9999858784775982,1.0
DTXSID4044585,2130,0.9999999879548722,1.0
DTXSID4044587,2130,0.0,0.0
DTXSID4044589,2130,1.1516382939633355e-05,0.0
DTXSID4044616,2130,1.0,1.0
DTXSID4044618,2130,0.0,0.0
DTXSID4044660,2130,0.04265660376047,0.0
DTXSID4044662,2130,,
DTXSID4044664,2130,0.0,0.0
DTXSID4044668,2130,0.9999966518351392,1.0
DTXSID4044743,2130,0.0,0.0
DTXSID4044745,2130,1.333435274880217e-12,0.0
DTXSID4044747,2130,0.0,0.0
DTXSID4044791,2130,0.0,0.0
DTXSID4044793,2130,6.812066952813665e-08,0.0
DTXSID4044799,2130,0.0,0.0
DTXSID4044820,2130,0.9983091935125981,1.0
DTXSID4044822,2130,0.05461936264277219,0.0
DTXSID4044824,2130,0.9997110297710875,1.0
DTXSID4044826,2130,0.0,0.0
DTXSID4044828,2130,0.0,0.0
DTXSID4044870,2130,0.0,0.0
DTXSID4044872,2130,0.9999999999997626,1.0
DTXSID4044876,2130,0.9999999999999977,1.0
DTXSID4044878,2130,2.5467681124848445e-08,0.0
DTXSID4044901,2130,0.9720662066619429,1.0
DTXSID4044903,2130,0.0,0.0
DTXSID4044905,2130,0.0,0.0
DTXSID4044909,2130,5.3038034444880714e-05,0.0
DTXSID4044951,2130,6.739820413472134e-06,0.0
DTXSID4044953,2130,1.2469329997638196e-05,0.0
DTXSID4044955,2130,0.0,0.0
DTXSID4045002,2130,0.0,0.0
DTXSID4045131,2130,0.0010236784179751541,0.0
DTXSID4045133,2130,0.0,0.0
DTXSID4045139,2130,0.0,0.0
DTXSID4045181,2130,1.0,1.0
DTXSID4045183,2130,0.0,0.0
DTXSID4045187,2130,0.9999999999999991,1.0
DTXSID4045189,2130,0.0,0.0
DTXSID4045210,2130,0.0,0.0
DTXSID4045216,2130,0.999999986241529,1.0
DTXSID4045262,2130,0.0,0.0
DTXSID4045341,2130,0.0,0.0
DTXSID4045343,2130,0.9999999999999856,1.0
DTXSID4045345,2130,0.0,0.0
DTXSID4045347,2130,0.9965781168951946,1.0
DTXSID4045391,2130,0.0,0.0
DTXSID4045393,2130,0.999998225004928,1.0
DTXSID4045399,2130,0.9995806533192901,1.0
DTXSID4045420,2130,0.0,0.0
DTXSID4045422,2130,0.9999827056211392,1.0
DTXSID4045424,2130,0.0,0.0
DTXSID4045428,2130,0.0,0.0
DTXSID4045472,2130,5.43446422153949e-07,0.0
DTXSID4045474,2130,0.0,0.0
DTXSID4045476,2130,0.0,0.0
DTXSID4045478,2130,0.6408967352471614,0.0
DTXSID4045551,2130,0.0,0.0
DTXSID4045555,2130,0.0,0.0
DTXSID4045557,2130,0.9999985744516499,1.0
DTXSID4045559,2130,0.0,0.0
DTXSID4045630,2130,0.0,0.0
DTXSID4045632,2130,,
DTXSID4045636,2130,0.0,0.0
DTXSID4045638,2130,1.0,1.0
DTXSID4045680,2130,0.0,0.0
DTXSID4045682,2130,0.9969689321048644,1.0
DTXSID4045686,2130,0.0,0.0
DTXSID4045688,2130,5.240062822443652e-14,0.0
DTXSID4045711,2130,0.9999999999397665,1.0
DTXSID4045763,2130,0.9999979434421614,1.0
DTXSID4045765,2130,0.0,0.0
DTXSID4045767,2130,0.9999999849291684,1.0
DTXSID4045769,2130,0.9999999999986854,1.0
DTXSID4045846,2130,1.0,1.0
DTXSID4045848,2130,1.0,1.0
DTXSID4045890,2130,0.0,0.0
DTXSID4045892,2130,0.0,0.0
DTXSID4045896,2130,0.0,0.0
DTXSID4045898,2130,0.0,0.0
DTXSID4045921,2130,1.050148830746039e-12,0.0
DTXSID4045925,2130,0.0,0.0
DTXSID4045927,2130,0.9929127508195217,1.0
DTXSID4045929,2130,0.0,0.0
DTXSID4045973,2130,0.9999999999999962,1.0
DTXSID4045975,2130,0.0,0.0
DTXSID4045979,2130,0.0,0.0
DTXSID4046020,2130,0.0,0.0
DTXSID4046022,2130,0.008411532605454485,0.0
DTXSID4046024,2130,0.9998871341220966,1.0
DTXSID4046076,2130,0.0,0.0
DTXSID4046078,2130,0.0,0.0
DTXSID4046101,2130,1.0,1.0
DTXSID4046103,2130,0.0,0.0
DTXSID4046107,2130,0.0,0.0
DTXSID4046109,2130,0.9999999936705452,1.0
DTXSID4046151,2130,0.0,0.0
DTXSID4046153,2130,0.0,0.0
DTXSID4046155,2130,0.0,0.0
DTXSID4046157,2130,0.0,0.0
DTXSID4046159,2130,0.0,0.0
DTXSID4046230,2130,0.0,0.0
DTXSID4046232,2130,0.0,0.0
DTXSID4046234,2130,1.8117559877663809e-06,0.0
DTXSID4046236,2130,0.999999998908563,1.0
DTXSID4046238,2130,0.0,0.0
DTXSID4046280,2130,0.00015788237024296392,0.0
DTXSID4046282,2130,0.0,0.0
DTXSID4046284,2130,0.9999999999999991,1.0
DTXSID4046286,2130,0.0,0.0
DTXSID4046288,2130,0.0,0.0
DTXSID4046313,2130,0.0,0.0
DTXSID4046315,2130,,
DTXSID4046319,2130,0.0,0.0
DTXSID4046361,2130,0.999999999999989,1.0
DTXSID4046363,2130,1.0,1.0
DTXSID4046440,2130,0.0,0.0
DTXSID4046442,2130,2.028715545332156e-08,0.0
DTXSID4046444,2130,0.20204197082125552,0.0
DTXSID4046446,2130,1.0,1.0
DTXSID4046448,2130,1.0,1.0
DTXSID4046490,2130,0.0,0.0
DTXSID4046492,2130,0.9999999999999979,1.0
DTXSID4046494,2130,,
DTXSID4046498,2130,0.0,0.0
DTXSID4046521,2130,0.0,0.0
DTXSID4046523,2130,0.0,0.0
DTXSID4046525,2130,0.0,0.0
DTXSID4046527,2130,0.0,0.0
DTXSID4046529,2130,0.9999999999999996,1.0
DTXSID4046571,2130,,
DTXSID4046573,2130,0.9999979549999533,1.0
DTXSID4046575,2130,0.0,0.0
DTXSID4046577,2130,0.9999999575738696,1.0
DTXSID4046579,2130,0.0,0.0
DTXSID4046600,2130,0.0,0.0
DTXSID4046602,2130,1.0,1.0
DTXSID4046604,2130,0.9999999492620426,1.0
DTXSID4046606,2130,1.0,1.0
DTXSID4046608,2130,1.0,1.0
DTXSID4046652,2130,0.0,0.0
DTXSID4046654,2130,0.0,0.0
DTXSID4046656,2130,0.18628814305072713,0.0
DTXSID4046658,2130,1.0,1.0
DTXSID4046733,2130,0.0,0.0
DTXSID4046735,2130,0.999999999928533,1.0
DTXSID4046737,2130,0.0,0.0
DTXSID4046739,2130,0.0,0.0
DTXSID4046783,2130,0.9999971403898761,1.0
DTXSID4046785,2130,0.0,0.0
DTXSID4046787,2130,0.9999875756081134,1.0
DTXSID4046810,2130,1.0,1.0
DTXSID4046812,2130,0.0,0.0
DTXSID4046814,2130,0.0,0.0
DTXSID4046816,2130,0.0,0.0
DTXSID4046818,2130,0.0,0.0
DTXSID4046862,2130,1.0,1.0
DTXSID4046864,2130,0.0,0.0
DTXSID4046866,2130,0.0,0.0
DTXSID4046868,2130,0.0,0.0
DTXSID4046949,2130,0.9999982608713027,1.0
DTXSID4046991,2130,0.0,0.0
DTXSID4046999,2130,3.560144198765341e-05,0.0
DTXSID4047040,2130,0.0,0.0
DTXSID4047042,2130,0.999953705961578,1.0
DTXSID4047044,2130,0.0042077861654241586,0.0
DTXSID4047046,2130,0.0021361627172430384,0.0
DTXSID4047090,2130,0.0,0.0
DTXSID4047092,2130,0.0,0.0
DTXSID4047094,2130,1.657726335100678e-05,0.0
DTXSID4047096,2130,0.0,0.0
DTXSID4047098,2130,6.459327866740785e-10,0.0
DTXSID4047121,2130,0.0,0.0
DTXSID4047123,2130,0.0,0.0
DTXSID4047125,2130,0.2128984564503093,0.0
DTXSID4047127,2130,0.0,0.0
DTXSID4047129,2130,0.9978438750109612,1.0
DTXSID4047173,2130,0.0,0.0
DTXSID4047177,2130,0.0,0.0
DTXSID4047179,2130,2.7552600458373123e-06,0.0
DTXSID4047200,2130,0.9999972994680492,1.0
DTXSID4047202,2130,0.9999899980721924,1.0
DTXSID4047206,2130,0.9999891909802628,1.0
DTXSID4047252,2130,0.9999000717764776,1.0
DTXSID4047254,2130,0.9999999979701701,1.0
DTXSID4047258,2130,0.9828332160743927,1.0
DTXSID4047331,2130,0.0,0.0
DTXSID4047333,2130,0.22546787323034065,0.0
DTXSID4047335,2130,0.9588093763446712,1.0
DTXSID4047337,2130,0.9999834758395465,1.0
DTXSID4047339,2130,0.9999980100622082,1.0
DTXSID4047381,2130,0.9999999979530036,1.0
DTXSID4047383,2130,0.9880157091442913,1.0
DTXSID4047385,2130,0.980952487991697,1.0
DTXSID4047387,2130,0.9999983353007618,1.0
DTXSID4047389,2130,1.0,1.0
DTXSID4047410,2130,0.999999999999624,1.0
DTXSID4047412,2130,0.999489908715858,1.0
DTXSID4047414,2130,0.9999999994062801,1.0
DTXSID4047416,2130,0.0,0.0
DTXSID4047418,2130,0.9994093899776886,1.0
DTXSID4047462,2130,0.9998721705717678,1.0
DTXSID4047464,2130,0.0,0.0
DTXSID4047466,2130,0.0,0.0
DTXSID4047468,2130,0.0,0.0
DTXSID4047543,2130,0.9982129606588103,1.0
DTXSID4047545,2130,0.999967147402571,1.0
DTXSID4047547,2130,0.0,0.0
DTXSID4047549,2130,0.0,0.0
DTXSID4047591,2130,0.0,0.0
DTXSID4047593,2130,0.9999446806378384,1.0
DTXSID4047597,2130,0.0,0.0
DTXSID4047599,2130,0.0,0.0
DTXSID4047622,2130,0.9997657330938308,1.0
DTXSID4047624,2130,0.0,0.0
DTXSID4047628,2130,0.0,0.0
DTXSID4047670,2130,0.0,0.0
DTXSID4047672,2130,0.9999999641721087,1.0
DTXSID4047674,2130,0.0,0.0
DTXSID4047678,2130,0.0,0.0
DTXSID4047703,2130,0.0,0.0
DTXSID4047705,2130,0.9799691427663829,1.0
DTXSID4047707,2130,0.0,0.0
DTXSID4047709,2130,0.9999999935369854,1.0
DTXSID4047838,2130,0.0,0.0
DTXSID4047880,2130,0.0,0.0
DTXSID4047882,2130,0.7190357148188723,0.0
DTXSID4047884,2130,0.0,0.0
DTXSID4047886,2130,0.9998004268606063,1.0
DTXSID4047888,2130,0.0,0.0
DTXSID4047911,2130,0.9950594551576494,1.0
DTXSID4047913,2130,1.0,1.0
DTXSID4047915,2130,1.0,1.0
DTXSID4047917,2130,1.0,1.0
DTXSID4047919,2130,1.0,1.0
DTXSID4047961,2130,0.9999999906777497,1.0
DTXSID4047963,2130,0.9999999917121467,1.0
DTXSID4047965,2130,0.0,0.0
DTXSID4047967,2130,0.0,0.0
DTXSID4047969,2130,0.0,0.0
DTXSID4048191,2130,0.9999998978260927,1.0
DTXSID4048193,2130,0.0,0.0
DTXSID4048195,2130,1.0,1.0
DTXSID4048199,2130,0.33257181917274803,0.0
DTXSID4048270,2130,0.0,0.0
DTXSID4048511,2130,1.0,1.0
DTXSID4048513,2130,0.9999999999999984,1.0
DTXSID4048519,2130,0.9999999999999998,1.0
DTXSID4048640,2130,0.0,0.0
DTXSID4048642,2130,0.0,0.0
DTXSID4048644,2130,0.628203421659943,0.0
DTXSID4048646,2130,0.0,0.0
DTXSID4048648,2130,0.9999999531330115,1.0
DTXSID4048690,2130,1.0,1.0
DTXSID4048692,2130,0.0,0.0
DTXSID4048694,2130,0.0,0.0
DTXSID4048696,2130,0.0,0.0
DTXSID4048698,2130,1.0,1.0
DTXSID4048721,2130,2.8606381256563628e-18,0.0
DTXSID4048723,2130,0.9669716347756239,1.0
DTXSID4048725,2130,0.9999919178734002,1.0
DTXSID4048727,2130,1.0,1.0
DTXSID4048729,2130,0.0,0.0
DTXSID4048771,2130,0.0,0.0
DTXSID4048773,2130,0.0,0.0
DTXSID4048775,2130,2.287690387061024e-05,0.0
DTXSID4048777,2130,1.0,1.0
DTXSID4048779,2130,0.0,0.0
DTXSID4048800,2130,0.9997452254790611,1.0
DTXSID4048802,2130,0.4623703173875821,0.0
DTXSID4048804,2130,0.0,0.0
DTXSID4048806,2130,0.0,0.0
DTXSID4048808,2130,0.0,0.0
DTXSID4048850,2130,0.9999999997551566,1.0
DTXSID4048852,2130,0.9999954336370316,1.0
DTXSID4048854,2130,0.0,0.0
DTXSID4048856,2130,0.9999999999999998,1.0
DTXSID4048858,2130,0.0,0.0
DTXSID4048931,2130,0.999999999937705,1.0
DTXSID4048933,2130,0.9999999942358867,1.0
DTXSID4048935,2130,0.9999999999999999,1.0
DTXSID4048937,2130,0.9999999994735372,1.0
DTXSID4048939,2130,0.0,0.0
DTXSID4048981,2130,0.0,0.0
DTXSID4048983,2130,1.0,1.0
DTXSID4048985,2130,0.9999999981538467,1.0
DTXSID4048987,2130,0.26515279479545006,0.0
DTXSID4049030,2130,0.0,0.0
DTXSID4049032,2130,0.0,0.0
DTXSID4049034,2130,0.9949208334092858,1.0
DTXSID4049036,2130,1.308754883256129e-10,0.0
DTXSID4049038,2130,0.0,0.0
DTXSID4049080,2130,0.0,0.0
DTXSID4049082,2130,0.9999999999907595,1.0
DTXSID4049240,2130,0.0,0.0
DTXSID4049242,2130,0.9998128652198458,1.0
DTXSID4049244,2130,0.999999999999997,1.0
DTXSID4049246,2130,0.0,0.0
DTXSID4049248,2130,0.003968463703654157,0.0
DTXSID4049290,2130,1.0,1.0
DTXSID4049292,2130,5.415537714087584e-16,0.0
DTXSID4049294,2130,0.0,0.0
DTXSID4049296,2130,0.0,0.0
DTXSID4049298,2130,1.0,1.0
DTXSID4049321,2130,0.8802710547834092,0.0
DTXSID4049323,2130,0.0,0.0
DTXSID4049325,2130,0.9795207089446945,1.0
DTXSID4049327,2130,0.9999822667113903,1.0
DTXSID4049329,2130,0.0,0.0
DTXSID4049371,2130,0.0,0.0
DTXSID4049373,2130,0.0,0.0
DTXSID4049375,2130,0.0,0.0
DTXSID4049377,2130,0.9922710934769557,1.0
DTXSID4049379,2130,0.0,0.0
DTXSID4049400,2130,0.9290626889271726,1.0
DTXSID4049402,2130,0.0,0.0
DTXSID4049404,2130,0.9999845220155783,1.0
DTXSID4049406,2130,4.2133489578973765e-08,0.0
DTXSID4049408,2130,0.0,0.0
DTXSID4049450,2130,0.0,0.0
DTXSID4049452,2130,0.0,0.0
DTXSID4049454,2130,0.0,0.0
DTXSID4049456,2130,0.0,0.0
DTXSID4049458,2130,0.0,0.0
DTXSID4049531,2130,0.0,0.0
DTXSID4049533,2130,0.0,0.0
DTXSID4049535,2130,0.0,0.0
DTXSID4049537,2130,0.0,0.0
DTXSID4049539,2130,0.0007517716853463632,0.0
DTXSID5020021,2130,6.432342925726363e-05,0.0
DTXSID5020023,2130,0.0,0.0
DTXSID5020027,2130,0.0007191935767744445,0.0
DTXSID5020029,2130,0.0,0.0
DTXSID5020071,2130,0.0,0.0
DTXSID5020079,2130,0.0,0.0
DTXSID5020106,2130,0.9997173816296689,1.0
DTXSID5020108,2130,1.430106565787081e-15,0.0
DTXSID5020152,2130,0.0,0.0
DTXSID5020154,2130,0.9999999945417198,1.0
DTXSID5020156,2130,1.4326700858210706e-12,0.0
DTXSID5020231,2130,0.0,0.0
DTXSID5020233,2130,1.0,1.0
DTXSID5020235,2130,2.5531356178306315e-13,0.0
DTXSID5020239,2130,0.9999999999835574,1.0
DTXSID5020281,2130,0.0,0.0
DTXSID5020283,2130,0.9994826036056639,1.0
DTXSID5020287,2130,0.0,0.0
DTXSID5020310,2130,0.9999947952719823,1.0
DTXSID5020312,2130,0.9999999999798553,1.0
DTXSID5020314,2130,0.5471150707918568,0.0
DTXSID5020360,2130,0.9999275483361333,1.0
DTXSID5020366,2130,0.9999999999925936,1.0
DTXSID5020368,2130,0.9999999839128629,1.0
DTXSID5020441,2130,0.965129578921338,1.0
DTXSID5020443,2130,0.6640991220405801,0.0
DTXSID5020445,2130,0.9024191861691386,1.0
DTXSID5020447,2130,0.9999681835596667,1.0
DTXSID5020449,2130,0.999999999782838,1.0
DTXSID5020491,2130,0.9980126333085344,1.0
DTXSID5020493,2130,0.0,0.0
DTXSID5020497,2130,0.0,0.0
DTXSID5020499,2130,0.0001311917658785985,0.0
DTXSID5020520,2130,0.8937713628600183,0.0
DTXSID5020528,2130,0.0,0.0
DTXSID5020570,2130,0.0,0.0
DTXSID5020572,2130,0.0,0.0
DTXSID5020576,2130,0.99999999959375,1.0
DTXSID5020601,2130,6.804470722911202e-10,0.0
DTXSID5020603,2130,1.3387899153565843e-10,0.0
DTXSID5020605,2130,0.0,0.0
DTXSID5020607,2130,0.0,0.0
DTXSID5020653,2130,1.0,1.0
DTXSID5020659,2130,0.0,0.0
DTXSID5020730,2130,1.0,1.0
DTXSID5020732,2130,2.120867323952908e-08,0.0
DTXSID5020738,2130,0.0,0.0
DTXSID5020782,2130,0.9919077054950035,1.0
DTXSID5020784,2130,1.0,1.0
DTXSID5020811,2130,1.0,1.0
DTXSID5020813,2130,0.999999997928422,1.0
DTXSID5020815,2130,0.0,0.0
DTXSID5020819,2130,0.999962630104134,1.0
DTXSID5020861,2130,0.9999999999988176,1.0
DTXSID5020863,2130,0.9999857738612851,1.0
DTXSID5020865,2130,0.9999686454106995,1.0
DTXSID5020867,2130,0.99996365831704,1.0
DTXSID5020869,2130,0.9999999888057881,1.0
DTXSID5020944,2130,0.9999999656699186,1.0
DTXSID5020946,2130,0.9999999999999992,1.0
DTXSID5020948,2130,0.9998806044413333,1.0
DTXSID5021093,2130,0.0,0.0
DTXSID5021097,2130,0.9999897777388499,1.0
DTXSID5021120,2130,0.00037400952085141296,0.0
DTXSID5021122,2130,0.0,0.0
DTXSID5021124,2130,0.0,0.0
DTXSID5021126,2130,0.9999774101307904,1.0
DTXSID5021128,2130,2.415417953950461e-13,0.0
DTXSID5021170,2130,2.8563440741579334e-11,0.0
DTXSID5021174,2130,0.0,0.0
DTXSID5021201,2130,0.9999999999966042,1.0
DTXSID5021209,2130,0.0,0.0
DTXSID5021251,2130,1.0,1.0
DTXSID5021253,2130,3.3896456552747704e-17,0.0
DTXSID5021255,2130,0.0,0.0
DTXSID5021330,2130,0.0,0.0
DTXSID5021332,2130,1.0,1.0
DTXSID5021334,2130,0.0,0.0
DTXSID5021336,2130,0.0,0.0
DTXSID5021338,2130,0.9999999999999916,1.0
DTXSID5021380,2130,0.3819213954481543,0.0
DTXSID5021384,2130,0.0,0.0
DTXSID5021386,2130,0.0,0.0
DTXSID5021388,2130,0.0,0.0
DTXSID5021411,2130,0.0,0.0
DTXSID5021413,2130,0.9999999929136176,1.0
DTXSID5021415,2130,2.31093327548592e-13,0.0
DTXSID5021419,2130,0.9215242083135247,1.0
DTXSID5021461,2130,3.390016480261163e-10,0.0
DTXSID5021463,2130,1.0,1.0
DTXSID5021544,2130,0.0,0.0
DTXSID5021546,2130,0.5296623183371839,0.0
DTXSID5021590,2130,0.9999998250911332,1.0
DTXSID5021598,2130,0.0,0.0
DTXSID5021621,2130,8.818160873550489e-13,0.0
DTXSID5021627,2130,0.011692899469945629,0.0
DTXSID5021629,2130,0.0,0.0
DTXSID5021671,2130,0.0,0.0
DTXSID5021679,2130,0.9999999754768992,1.0
DTXSID5021708,2130,0.0,0.0
DTXSID5021752,2130,0.9997668162207751,1.0
DTXSID5021754,2130,0.0,0.0
DTXSID5021756,2130,1.519366848829254e-11,0.0
DTXSID5021758,2130,0.9999999868377182,1.0
DTXSID5021831,2130,0.0,0.0
DTXSID5021835,2130,0.0,0.0
DTXSID5021837,2130,0.0,0.0
DTXSID5021839,2130,0.0011497374657842157,0.0
DTXSID5021881,2130,3.491566500932933e-10,0.0
DTXSID5021883,2130,0.0,0.0
DTXSID5021885,2130,0.0,0.0
DTXSID5021889,2130,0.0,0.0
DTXSID5021914,2130,0.5415242706050389,0.0
DTXSID5021916,2130,6.909123008908395e-06,0.0
DTXSID5021962,2130,0.0,0.0
DTXSID5021968,2130,3.992380833826438e-09,0.0
DTXSID5022061,2130,0.9999832646905501,1.0
DTXSID5022194,2130,3.6861998945649495e-10,0.0
DTXSID5022227,2130,0.0,0.0
DTXSID5022279,2130,0.0,0.0
DTXSID5022306,2130,5.928697792613443e-12,0.0
DTXSID5022308,2130,0.9999999999995702,1.0
DTXSID5022437,2130,0.9999999999991366,1.0
DTXSID5022439,2130,2.31564403770846e-10,0.0
DTXSID5022481,2130,,
DTXSID5022485,2130,0.0,0.0
DTXSID5022489,2130,0.0,0.0
DTXSID5022510,2130,0.0,0.0
DTXSID5022560,2130,0.0,0.0
DTXSID5022562,2130,0.998347163042627,1.0
DTXSID5022641,2130,0.0,0.0
DTXSID5022643,2130,0.0,0.0
DTXSID5022647,2130,0.0,0.0
DTXSID5022649,2130,0.0,0.0
DTXSID5022699,2130,0.0,0.0
DTXSID5022722,2130,0.9999999999999624,1.0
DTXSID5022724,2130,0.9999882024366797,1.0
DTXSID5022774,2130,2.1999120530621797e-15,0.0
DTXSID5022801,2130,1.0,1.0
DTXSID5022803,2130,0.0,0.0
DTXSID5022851,2130,0.9999999999999979,1.0
DTXSID5022855,2130,0.9999999792855191,1.0
DTXSID5022857,2130,0.9999828807750016,1.0
DTXSID5022932,2130,0.0,0.0
DTXSID5022934,2130,1.0,1.0
DTXSID5022938,2130,0.9999968245599633,1.0
DTXSID5022980,2130,1.0,1.0
DTXSID5022982,2130,0.0,0.0
DTXSID5022984,2130,0.0,0.0
DTXSID5022986,2130,0.9968507795309706,1.0
DTXSID5023031,2130,0.0,0.0
DTXSID5023033,2130,6.335339969100602e-17,0.0
DTXSID5023035,2130,1.0,1.0
DTXSID5023037,2130,0.9999999999986166,1.0
DTXSID5023039,2130,4.032372762342598e-09,0.0
DTXSID5023081,2130,0.0,0.0
DTXSID5023085,2130,0.0,0.0
DTXSID5023089,2130,0.0,0.0
DTXSID5023110,2130,0.9999999999907767,1.0
DTXSID5023114,2130,0.0,0.0
DTXSID5023166,2130,,
DTXSID5023243,2130,0.9991274228843963,1.0
DTXSID5023247,2130,0.9999905595793126,1.0
DTXSID5023293,2130,0.0,0.0
DTXSID5023295,2130,0.6739583416308939,0.0
DTXSID5023322,2130,0.9999999999999969,1.0
DTXSID5023324,2130,0.0,0.0
DTXSID5023370,2130,0.9999999891955388,1.0
DTXSID5023372,2130,0.0,0.0
DTXSID5023376,2130,0.0,0.0
DTXSID5023378,2130,0.9999999999721144,1.0
DTXSID5023453,2130,0.0,0.0
DTXSID5023532,2130,1.0,1.0
DTXSID5023536,2130,0.0,0.0
DTXSID5023582,2130,1.0,1.0
DTXSID5023584,2130,0.0,0.0
DTXSID5023586,2130,0.9999670928888474,1.0
DTXSID5023588,2130,0.0,0.0
DTXSID5023611,2130,0.0,0.0
DTXSID5023613,2130,0.9982315264663201,1.0
DTXSID5023615,2130,0.0,0.0
DTXSID5023661,2130,0.0,0.0
DTXSID5023665,2130,0.0,0.0
DTXSID5023667,2130,0.9999999999871748,1.0
DTXSID5023669,2130,0.9999942541529828,1.0
DTXSID5023740,2130,0.9999999999100033,1.0
DTXSID5023742,2130,5.3393524620392505e-11,0.0
DTXSID5023744,2130,0.0,0.0
DTXSID5023746,2130,0.9990261389624313,1.0
DTXSID5023748,2130,0.0,0.0
DTXSID5023792,2130,2.3743578202390336e-08,0.0
DTXSID5023794,2130,0.9999999999997141,1.0
DTXSID5023796,2130,1.0,1.0
DTXSID5023825,2130,0.0,0.0
DTXSID5023871,2130,0.9999388271252921,1.0
DTXSID5023875,2130,0.0,0.0
DTXSID5023877,2130,0.0,0.0
DTXSID5023900,2130,0.9999999999999999,1.0
DTXSID5023902,2130,0.9774817023925463,1.0
DTXSID5023908,2130,,
DTXSID5023950,2130,0.9999999980560315,1.0
DTXSID5023954,2130,0.9850140415473229,1.0
DTXSID5024001,2130,0.0,0.0
DTXSID5024051,2130,6.648355109000419e-09,0.0
DTXSID5024055,2130,0.0,0.0
DTXSID5024057,2130,5.858697728452202e-06,0.0
DTXSID5024059,2130,0.9974583237958892,1.0
DTXSID5024182,2130,0.0,0.0
DTXSID5024211,2130,0.999999922083573,1.0
DTXSID5024261,2130,0.999992882218195,1.0
DTXSID5024263,2130,0.0,0.0
DTXSID5024269,2130,0.9999999999999963,1.0
DTXSID5024344,2130,0.9999826243472756,1.0
DTXSID5024346,2130,0.0,0.0
DTXSID5024392,2130,0.0,0.0
DTXSID5024394,2130,7.408886888398814e-13,0.0
DTXSID5024471,2130,0.9999033177325408,1.0
DTXSID5024473,2130,0.9999999999999999,1.0
DTXSID5024479,2130,5.782153501412732e-10,0.0
DTXSID5024500,2130,0.0,0.0
DTXSID5024504,2130,0.0,0.0
DTXSID5024506,2130,0.5954260516059081,0.0
DTXSID5024508,2130,7.259780382149968e-17,0.0
DTXSID5024554,2130,0.0,0.0
DTXSID5024637,2130,1.810558022660158e-12,0.0
DTXSID5024639,2130,0.0,0.0
DTXSID5024681,2130,0.0,0.0
DTXSID5024683,2130,0.22361826857681844,0.0
DTXSID5024687,2130,1.0,1.0
DTXSID5024710,2130,0.0,0.0
DTXSID5024764,2130,0.0,0.0
DTXSID5024845,2130,1.0,1.0
DTXSID5024891,2130,1.0,1.0
DTXSID5024922,2130,0.0,0.0
DTXSID5024926,2130,0.0,0.0
DTXSID5024970,2130,0.0,0.0
DTXSID5024976,2130,1.4641120835733172e-18,0.0
DTXSID5024978,2130,3.1991557238048732e-18,0.0
DTXSID5025021,2130,0.9999999997387937,1.0
DTXSID5025023,2130,0.0,0.0
DTXSID5025071,2130,0.9999711622203687,1.0
DTXSID5025079,2130,2.7499068978826863e-19,0.0
DTXSID5025100,2130,0.0,0.0
DTXSID5025102,2130,0.0,0.0
DTXSID5025150,2130,0.0,0.0
DTXSID5025152,2130,2.1592308546507163e-12,0.0
DTXSID5025156,2130,0.0,0.0
DTXSID5025231,2130,1.0,1.0
DTXSID5025237,2130,0.0,0.0
DTXSID5025285,2130,0.0,0.0
DTXSID5025310,2130,0.0,0.0
DTXSID5025312,2130,0.0,0.0
DTXSID5025318,2130,0.0,0.0
DTXSID5025364,2130,0.0035185048884178076,0.0
DTXSID5025447,2130,0.9999713762074001,1.0
DTXSID5025449,2130,0.0,0.0
DTXSID5025491,2130,0.999999885055751,1.0
DTXSID5025570,2130,1.5691539022913726e-16,0.0
DTXSID5025572,2130,0.6103429113872704,0.0
DTXSID5025574,2130,0.0,0.0
DTXSID5025603,2130,0.0,0.0
DTXSID5025607,2130,0.0,0.0
DTXSID5025609,2130,1.2312328934117063e-07,0.0
DTXSID5025653,2130,0.0,0.0
DTXSID5025657,2130,0.0,0.0
DTXSID5025659,2130,0.005247531980660567,0.0
DTXSID5025730,2130,0.0,0.0
DTXSID5025732,2130,0.0,0.0
DTXSID5025738,2130,5.859974590320939e-19,0.0
DTXSID5025811,2130,0.3744852634983901,0.0
DTXSID5025815,2130,0.9999665779964498,1.0
DTXSID5025819,2130,5.396081435674639e-12,0.0
DTXSID5025861,2130,0.9994911274834026,1.0
DTXSID5025863,2130,0.0,0.0
DTXSID5025948,2130,1.0,1.0
DTXSID5025998,2130,1.0,1.0
DTXSID5026049,2130,0.0,0.0
DTXSID5026091,2130,0.0,0.0
DTXSID5026097,2130,4.180599883209275e-09,0.0
DTXSID5026120,2130,0.9999804191413127,1.0
DTXSID5026122,2130,8.426398028992788e-13,0.0
DTXSID5026124,2130,0.992270400870517,1.0
DTXSID5026174,2130,4.333154621547467e-12,0.0
DTXSID5026178,2130,0.0,0.0
DTXSID5026203,2130,0.0,0.0
DTXSID5026205,2130,0.0,0.0
DTXSID5026207,2130,0.8686070467771971,0.0
DTXSID5026209,2130,0.9946458063585982,1.0
DTXSID5026251,2130,0.9999999999997825,1.0
DTXSID5026259,2130,0.9996294418738072,1.0
DTXSID5026461,2130,0.007363125792710788,0.0
DTXSID5026544,2130,0.0,0.0
DTXSID5026548,2130,3.231742045221267e-06,0.0
DTXSID5026623,2130,6.128343910108263e-11,0.0
DTXSID5026625,2130,0.0,0.0
DTXSID5026702,2130,0.0,0.0
DTXSID5026706,2130,1.781870331074995e-11,0.0
DTXSID5026837,2130,0.0,0.0
DTXSID5026881,2130,0.0,0.0
DTXSID5026889,2130,3.3903584303420306e-09,0.0
DTXSID5026912,2130,3.799678413889603e-08,0.0
DTXSID5026914,2130,0.0,0.0
DTXSID5026918,2130,0.04233983741355259,0.0
DTXSID5027019,2130,0.9594909599732929,1.0
DTXSID5027061,2130,0.9960037900989808,1.0
DTXSID5027063,2130,0.0,0.0
DTXSID5027069,2130,0.0,0.0
DTXSID5027142,2130,4.988523963008862e-08,0.0
DTXSID5027146,2130,7.93409815599541e-09,0.0
DTXSID5027148,2130,0.0,0.0
DTXSID5027198,2130,0.0,0.0
DTXSID5027223,2130,0.0,0.0
DTXSID5027227,2130,3.364570185869426e-10,0.0
DTXSID5027229,2130,0.0,0.0
DTXSID5027279,2130,0.0,0.0
DTXSID5027300,2130,0.0,0.0
DTXSID5027302,2130,1.6092143662010939e-12,0.0
DTXSID5027304,2130,0.9999453591119788,1.0
DTXSID5027308,2130,0.0,0.0
DTXSID5027352,2130,0.0,0.0
DTXSID5027356,2130,0.9999998499128095,1.0
DTXSID5027358,2130,0.0,0.0
DTXSID5027433,2130,0.0,0.0
DTXSID5027487,2130,0.9999992698903034,1.0
DTXSID5027489,2130,0.7980375868543199,0.0
DTXSID5027512,2130,0.0,0.0
DTXSID5027518,2130,0.0,0.0
DTXSID5027641,2130,0.0,0.0
DTXSID5027647,2130,3.2197721647088816e-07,0.0
DTXSID5027728,2130,0.0,0.0
DTXSID5027770,2130,0.08045197561269941,0.0
DTXSID5027772,2130,0.0,0.0
DTXSID5027774,2130,1.0477839342664828e-06,0.0
DTXSID5027803,2130,0.9977263864236728,1.0
DTXSID5027805,2130,0.0,0.0
DTXSID5027851,2130,0.0,0.0
DTXSID5027857,2130,0.0,0.0
DTXSID5027932,2130,0.9227332113006811,1.0
DTXSID5027936,2130,0.0,0.0
DTXSID5027982,2130,3.9250430359495555e-08,0.0
DTXSID5028033,2130,0.0,0.0
DTXSID5028114,2130,0.0,0.0
DTXSID5028665,2130,0.0,0.0
DTXSID5029055,2130,0.9999999997932004,1.0
DTXSID5029059,2130,0.0,0.0
DTXSID5029136,2130,1.5826978544287288e-05,0.0
DTXSID5029182,2130,0.018448744719793943,0.0
DTXSID5029184,2130,0.0,0.0
DTXSID5029186,2130,0.0,0.0
DTXSID5029211,2130,0.0,0.0
DTXSID5029217,2130,0.0,0.0
DTXSID5029263,2130,0.0,0.0
DTXSID5029265,2130,0.9821745891107208,1.0
DTXSID5029267,2130,4.0082594149800304e-06,0.0
DTXSID5029683,2130,0.0,0.0
DTXSID5029710,2130,0.0,0.0
DTXSID5029762,2130,0.9999422593740224,1.0
DTXSID5030955,2130,1.2393238367806868e-14,0.0
DTXSID5031131,2130,0.8682487578273549,0.0
DTXSID5031133,2130,0.09639298018906364,0.0
DTXSID5031210,2130,0.0,0.0
DTXSID5031428,2130,0.9999998634236056,1.0
DTXSID5032020,2130,0.0,0.0
DTXSID5032315,2130,0.9999999999999946,1.0
DTXSID5032361,2130,0.9991806753315425,1.0
DTXSID5032365,2130,0.0,0.0
DTXSID5032442,2130,0.9999999999999999,1.0
DTXSID5032498,2130,0.9999999999977357,1.0
DTXSID5032523,2130,1.0,1.0
DTXSID5032525,2130,0.9999999688165808,1.0
DTXSID5032573,2130,1.0,1.0
DTXSID5032577,2130,0.7204654627464231,0.0
DTXSID5032579,2130,2.077046636728045e-13,0.0
DTXSID5032600,2130,0.9999380114354316,1.0
DTXSID5032654,2130,0.999676838039637,1.0
DTXSID5033096,2130,0.0,0.0
DTXSID5033098,2130,0.0,0.0
DTXSID5033179,2130,0.0,0.0
DTXSID5033389,2130,0.9998845361142907,1.0
DTXSID5033468,2130,1.0,1.0
DTXSID5033595,2130,0.02993312988434046,0.0
DTXSID5033674,2130,0.00019075032016167975,0.0
DTXSID5033701,2130,0.9999999913563747,1.0
DTXSID5033757,2130,0.9999999999812993,1.0
DTXSID5033836,2130,0.9999999999999051,1.0
DTXSID5034270,2130,0.0,0.0
DTXSID5034303,2130,0.9999995773924311,1.0
DTXSID5034355,2130,0.8939642201253666,0.0
DTXSID5034357,2130,0.999999999999998,1.0
DTXSID5034698,2130,0.9991415058540242,1.0
DTXSID5034723,2130,6.897203986324027e-10,0.0
DTXSID5034729,2130,0.11575030834082028,0.0
DTXSID5034773,2130,0.9999999999309823,1.0
DTXSID5034981,2130,1.0,1.0
DTXSID5035163,2130,0.0,0.0
DTXSID5035589,2130,0.9999999999999616,1.0
DTXSID5035616,2130,0.0,0.0
DTXSID5035957,2130,0.9992279064865832,1.0
DTXSID5036684,2130,0.9999916148657647,1.0
DTXSID5037028,2130,1.0,1.0
DTXSID5037072,2130,0.0,0.0
DTXSID5037236,2130,0.0,0.0
DTXSID5037494,2130,0.0,0.0
DTXSID5037498,2130,0.9999999992058334,1.0
DTXSID5037523,2130,0.0,0.0
DTXSID5037527,2130,0.9998022252961062,1.0
DTXSID5037571,2130,0.1673298926674656,0.0
DTXSID5037577,2130,0.999999999999999,1.0
DTXSID5037579,2130,0.7311567118095492,0.0
DTXSID5037731,2130,0.9999992249095011,1.0
DTXSID5037739,2130,0.9999999999999974,1.0
DTXSID5038830,2130,0.0,0.0
DTXSID5038888,2130,1.0,1.0
DTXSID5039224,2130,1.0,1.0
DTXSID5039721,2130,1.0,1.0
DTXSID5040413,2130,1.0,1.0
DTXSID5040461,2130,0.9999999999822228,1.0
DTXSID5040465,2130,0.9999541778650122,1.0
DTXSID5040540,2130,0.0,0.0
DTXSID5040625,2130,0.9999999999999972,1.0
DTXSID5040675,2130,0.0,0.0
DTXSID5040679,2130,0.9999994149190653,1.0
DTXSID5040700,2130,1.1376983818092833e-06,0.0
DTXSID5040702,2130,0.0,0.0
DTXSID5040708,2130,0.9999999713406665,1.0
DTXSID5040750,2130,1.0879855602192974e-12,0.0
DTXSID5040758,2130,0.9999999978611309,1.0
DTXSID5041148,2130,8.674310294585314e-14,0.0
DTXSID5041190,2130,0.999997338801417,1.0
DTXSID5041273,2130,0.0,0.0
DTXSID5041275,2130,0.9998753527736921,1.0
DTXSID5041279,2130,0.0,0.0
DTXSID5041302,2130,0.9878876703900662,1.0
DTXSID5041306,2130,0.999993270533964,1.0
DTXSID5041308,2130,0.999999999693155,1.0
DTXSID5041356,2130,0.8412433290587721,0.0
DTXSID5041431,2130,,
DTXSID5041437,2130,5.092569287778225e-05,0.0
DTXSID5041439,2130,0.9998643413092377,1.0
DTXSID5041487,2130,0.4341517822641657,0.0
DTXSID5041512,2130,0.0,0.0
DTXSID5041514,2130,0.0,0.0
DTXSID5041516,2130,0.0,0.0
DTXSID5041518,2130,0.0,0.0
DTXSID5041641,2130,0.0,0.0
DTXSID5041643,2130,0.0,0.0
DTXSID5041691,2130,0.9987157119223578,1.0
DTXSID5041697,2130,0.0,0.0
DTXSID5041699,2130,0.9991039685217573,1.0
DTXSID5041726,2130,0.9993280182387112,1.0
DTXSID5041728,2130,0.0,0.0
DTXSID5041772,2130,1.0,1.0
DTXSID5041774,2130,0.0,0.0
DTXSID5041778,2130,0.9999999999999911,1.0
DTXSID5041803,2130,0.9999999971465005,1.0
DTXSID5041809,2130,0.0,0.0
DTXSID5041851,2130,1.0,1.0
DTXSID5042083,2130,1.0,1.0
DTXSID5042089,2130,0.0,0.0
DTXSID5042243,2130,0.999999767986698,1.0
DTXSID5042247,2130,0.4959075874334073,0.0
DTXSID5042249,2130,1.0,1.0
DTXSID5042297,2130,0.9999970844411815,1.0
DTXSID5042299,2130,0.0,0.0
DTXSID5042320,2130,1.549258629433404e-05,0.0
DTXSID5042322,2130,0.9999996127624633,1.0
DTXSID5042324,2130,0.0,0.0
DTXSID5042451,2130,,
DTXSID5042459,2130,1.0,1.0
DTXSID5042584,2130,0.9999999999999866,1.0
DTXSID5042613,2130,0.0,0.0
DTXSID5043714,2130,0.0,0.0
DTXSID5043895,2130,0.9999999999999704,1.0
DTXSID5043897,2130,1.0,1.0
DTXSID5044023,2130,0.9999999996318466,1.0
DTXSID5044029,2130,0.0,0.0
DTXSID5044239,2130,0.9999049610730121,1.0
DTXSID5044289,2130,0.0,0.0
DTXSID5044314,2130,0.4227556869946184,0.0
DTXSID5044316,2130,0.0,0.0
DTXSID5044318,2130,0.0,0.0
DTXSID5044360,2130,0.39217972243870075,0.0
DTXSID5044362,2130,1.1357376228421084e-06,0.0
DTXSID5044364,2130,1.4571283311574912e-07,0.0
DTXSID5044366,2130,1.0,1.0
DTXSID5044441,2130,0.0,0.0
DTXSID5044443,2130,0.9949003834422647,1.0
DTXSID5044445,2130,0.0003501502839260824,0.0
DTXSID5044447,2130,0.0001300209827988736,0.0
DTXSID5044491,2130,5.6408447455113683e-14,0.0
DTXSID5044493,2130,5.464625528275278e-09,0.0
DTXSID5044495,2130,0.0,0.0
DTXSID5044520,2130,0.9967162026852554,1.0
DTXSID5044522,2130,9.010444731304754e-07,0.0
DTXSID5044526,2130,0.9988656505975727,1.0
DTXSID5044528,2130,0.9999251327572437,1.0
DTXSID5044570,2130,0.7220789865035958,0.0
DTXSID5044572,2130,0.0,0.0
DTXSID5044574,2130,0.0,0.0
DTXSID5044576,2130,0.029107670326516417,0.0
DTXSID5044578,2130,0.0,0.0
DTXSID5044603,2130,,
DTXSID5044607,2130,0.9999375793954736,1.0
DTXSID5044609,2130,,
DTXSID5044655,2130,0.0,0.0
DTXSID5044732,2130,0.0,0.0
DTXSID5044734,2130,0.0,0.0
DTXSID5044738,2130,0.3289772956454268,0.0
DTXSID5044780,2130,4.72033871737813e-06,0.0
DTXSID5044782,2130,0.8144171944388505,0.0
DTXSID5044784,2130,0.024154975795712116,0.0
DTXSID5044786,2130,0.9999999999999963,1.0
DTXSID5044788,2130,0.06892881840946403,0.0
DTXSID5044811,2130,0.0006160873399905005,0.0
DTXSID5044815,2130,0.0,0.0
DTXSID5044817,2130,0.9999991616445312,1.0
DTXSID5044819,2130,,
DTXSID5044863,2130,0.0,0.0
DTXSID5044865,2130,1.0,1.0
DTXSID5044867,2130,0.0,0.0
DTXSID5044869,2130,0.998439517962073,1.0
DTXSID5044940,2130,0.9999998882066415,1.0
DTXSID5044948,2130,0.0,0.0
DTXSID5044990,2130,,
DTXSID5044992,2130,0.9999999998556615,1.0
DTXSID5044994,2130,0.9125092070153034,1.0
DTXSID5044996,2130,9.708724449375268e-15,0.0
DTXSID5044998,2130,0.01112021403954623,0.0
DTXSID5045091,2130,0.9999999999816814,1.0
DTXSID5045093,2130,0.0,0.0
DTXSID5045099,2130,1.0,1.0
DTXSID5045120,2130,0.0,0.0
DTXSID5045122,2130,0.9999219624486642,1.0
DTXSID5045124,2130,0.0,0.0
DTXSID5045128,2130,0.0,0.0
DTXSID5045170,2130,0.0,0.0
DTXSID5045174,2130,0.9999841140496093,1.0
DTXSID5045176,2130,0.9999968645100125,1.0
DTXSID5045178,2130,0.9999999999264408,1.0
DTXSID5045201,2130,0.9827678585884078,1.0
DTXSID5045203,2130,1.0,1.0
DTXSID5045205,2130,0.9999962331671263,1.0
DTXSID5045209,2130,0.0,0.0
DTXSID5045330,2130,0.0,0.0
DTXSID5045332,2130,0.9999963561133026,1.0
DTXSID5045380,2130,0.9996950445228798,1.0
DTXSID5045382,2130,0.0,0.0
DTXSID5045384,2130,0.0,0.0
DTXSID5045386,2130,0.0,0.0
DTXSID5045388,2130,0.0,0.0
DTXSID5045413,2130,0.9999999999548846,1.0
DTXSID5045417,2130,6.442606018772751e-10,0.0
DTXSID5045419,2130,0.0,0.0
DTXSID5045461,2130,0.0,0.0
DTXSID5045463,2130,0.9677438529641395,1.0
DTXSID5045465,2130,0.0,0.0
DTXSID5045467,2130,0.9999999856066855,1.0
DTXSID5045469,2130,0.0,0.0
DTXSID5045540,2130,,
DTXSID5045542,2130,0.0,0.0
DTXSID5045544,2130,0.9999999999951047,1.0
DTXSID5045546,2130,0.0,0.0
DTXSID5045590,2130,0.0,0.0
DTXSID5045594,2130,0.0,0.0
DTXSID5045596,2130,0.9978500485720219,1.0
DTXSID5045598,2130,0.9977970914439184,1.0
DTXSID5045623,2130,0.0,0.0
DTXSID5045625,2130,1.0,1.0
DTXSID5045671,2130,0.0,0.0
DTXSID5045673,2130,0.0,0.0
DTXSID5045675,2130,0.0,0.0
DTXSID5045677,2130,0.0,0.0
DTXSID5045679,2130,0.9999965988059746,1.0
DTXSID5045700,2130,0.9996747525349219,1.0
DTXSID5045702,2130,0.0,0.0
DTXSID5045704,2130,0.0,0.0
DTXSID5045706,2130,0.9999999998774254,1.0
DTXSID5045708,2130,0.0,0.0
DTXSID5045750,2130,1.0,1.0
DTXSID5045752,2130,0.9999999999996583,1.0
DTXSID5045756,2130,0.0,0.0
DTXSID5045758,2130,0.9999991320750367,1.0
DTXSID5045831,2130,7.83176448094311e-11,0.0
DTXSID5045833,2130,0.0,0.0
DTXSID5045835,2130,0.0,0.0
DTXSID5045839,2130,2.4989010585109257e-13,0.0
DTXSID5045881,2130,0.9999999999999999,1.0
DTXSID5045883,2130,0.0,0.0
DTXSID5045885,2130,0.0,0.0
DTXSID5045887,2130,0.0,0.0
DTXSID5045889,2130,0.9999909087397614,1.0
DTXSID5045910,2130,0.9999995379045239,1.0
DTXSID5045914,2130,0.0,0.0
DTXSID5045916,2130,0.9999832472498088,1.0
DTXSID5045960,2130,0.0,0.0
DTXSID5045962,2130,1.0,1.0
DTXSID5045964,2130,0.0,0.0
DTXSID5046011,2130,1.2076315173589912e-05,0.0
DTXSID5046013,2130,0.9999972510425402,1.0
DTXSID5046015,2130,0.0,0.0
DTXSID5046017,2130,0.9999999999999999,1.0
DTXSID5046019,2130,0.20955553813690977,0.0
DTXSID5046061,2130,0.9998298622113334,1.0
DTXSID5046063,2130,0.0,0.0
DTXSID5046067,2130,0.9999999593602301,1.0
DTXSID5046069,2130,1.0,1.0
DTXSID5046140,2130,1.0,1.0
DTXSID5046142,2130,0.0,0.0
DTXSID5046144,2130,0.0,0.0
DTXSID5046146,2130,0.0,0.0
DTXSID5046148,2130,0.9997876550982977,1.0
DTXSID5046190,2130,0.0,0.0
DTXSID5046192,2130,0.9999999999683407,1.0
DTXSID5046194,2130,0.9998506524876466,1.0
DTXSID5046196,2130,0.0,0.0
DTXSID5046198,2130,0.0,0.0
DTXSID5046221,2130,0.9999687234096214,1.0
DTXSID5046223,2130,0.9999999839862062,1.0
DTXSID5046225,2130,0.045462220440069534,0.0
DTXSID5046227,2130,0.998744463046808,1.0
DTXSID5046229,2130,0.0,0.0
DTXSID5046271,2130,0.04238586234214759,0.0
DTXSID5046273,2130,0.0,0.0
DTXSID5046275,2130,0.0,0.0
DTXSID5046277,2130,0.9999999113252626,1.0
DTXSID5046279,2130,0.9999999976610838,1.0
DTXSID5046300,2130,0.0,0.0
DTXSID5046306,2130,,
DTXSID5046308,2130,1.0,1.0
DTXSID5046352,2130,1.0,1.0
DTXSID5046354,2130,0.9999999999999952,1.0
DTXSID5046356,2130,0.0,0.0
DTXSID5046358,2130,0.9999427691915423,1.0
DTXSID5046433,2130,0.9999999945497436,1.0
DTXSID5046435,2130,0.0,0.0
DTXSID5046437,2130,1.0,1.0
DTXSID5046439,2130,0.0,0.0
DTXSID5046481,2130,0.0,0.0
DTXSID5046483,2130,0.9943514359784209,1.0
DTXSID5046485,2130,0.04533822031530703,0.0
DTXSID5046487,2130,0.9988872281573117,1.0
DTXSID5046489,2130,0.9872394780379663,1.0
DTXSID5046510,2130,0.0,0.0
DTXSID5046512,2130,2.754512110050373e-15,0.0
DTXSID5046516,2130,0.0,0.0
DTXSID5046518,2130,0.9999865685838726,1.0
DTXSID5046560,2130,0.0,0.0
DTXSID5046562,2130,0.0,0.0
DTXSID5046564,2130,0.0,0.0
DTXSID5046566,2130,0.0,0.0
DTXSID5046568,2130,0.0,0.0
DTXSID5046641,2130,0.0,0.0
DTXSID5046643,2130,0.0,0.0
DTXSID5046647,2130,0.0,0.0
DTXSID5046649,2130,0.0,0.0
DTXSID5046691,2130,0.9999968869265252,1.0
DTXSID5046693,2130,0.0,0.0
DTXSID5046695,2130,0.0,0.0
DTXSID5046697,2130,0.0,0.0
DTXSID5046699,2130,0.0,0.0
DTXSID5046720,2130,,
DTXSID5046722,2130,0.0,0.0
DTXSID5046724,2130,0.9995165283217126,1.0
DTXSID5046726,2130,1.0,1.0
DTXSID5046728,2130,0.0,0.0
DTXSID5046770,2130,0.0,0.0
DTXSID5046772,2130,0.9999999942475875,1.0
DTXSID5046776,2130,0.0006463262575219769,0.0
DTXSID5046778,2130,1.0,1.0
DTXSID5046801,2130,0.0,0.0
DTXSID5046803,2130,0.0,0.0
DTXSID5046805,2130,0.0,0.0
DTXSID5046807,2130,0.9999999999987469,1.0
DTXSID5046851,2130,0.0,0.0
DTXSID5046853,2130,0.9999999997453936,1.0
DTXSID5046855,2130,1.0,1.0
DTXSID5046857,2130,0.0,0.0
DTXSID5046859,2130,,
DTXSID5046938,2130,0.0,0.0
DTXSID5046980,2130,0.9999998819898346,1.0
DTXSID5046986,2130,3.7160811384953725e-09,0.0
DTXSID5046988,2130,0.0,0.0
DTXSID5047031,2130,1.6163750794342683e-05,0.0
DTXSID5047033,2130,0.0,0.0
DTXSID5047035,2130,0.9988829375404938,1.0
DTXSID5047037,2130,0.03194853525785991,0.0
DTXSID5047039,2130,1.2403267327833642e-09,0.0
DTXSID5047081,2130,0.0,0.0
DTXSID5047083,2130,0.0,0.0
DTXSID5047085,2130,0.0,0.0
DTXSID5047087,2130,0.0,0.0
DTXSID5047089,2130,9.255784785731005e-11,0.0
DTXSID5047110,2130,0.9999840902677447,1.0
DTXSID5047112,2130,1.0,1.0
DTXSID5047116,2130,0.0,0.0
DTXSID5047118,2130,0.9999633536094493,1.0
DTXSID5047160,2130,0.0,0.0
DTXSID5047162,2130,0.0,0.0
DTXSID5047164,2130,1.1786775057918997e-07,0.0
DTXSID5047166,2130,0.0,0.0
DTXSID5047168,2130,0.9999219807964178,1.0
DTXSID5047241,2130,0.0,0.0
DTXSID5047243,2130,0.0,0.0
DTXSID5047249,2130,0.9999701012800846,1.0
DTXSID5047291,2130,0.0,0.0
DTXSID5047295,2130,0.9999999999536046,1.0
DTXSID5047297,2130,0.9997790684562663,1.0
DTXSID5047299,2130,0.9932828086454959,1.0
DTXSID5047320,2130,1.0,1.0
DTXSID5047322,2130,0.9999999999999271,1.0
DTXSID5047324,2130,0.999847501328382,1.0
DTXSID5047328,2130,0.9999999999999933,1.0
DTXSID5047372,2130,0.9999730113075546,1.0
DTXSID5047374,2130,0.9999999999997,1.0
DTXSID5047376,2130,0.0,0.0
DTXSID5047405,2130,0.9999376319423545,1.0
DTXSID5047451,2130,,
DTXSID5047453,2130,0.0,0.0
DTXSID5047459,2130,0.0,0.0
DTXSID5047530,2130,0.9999999999999823,1.0
DTXSID5047538,2130,0.8233289402191489,0.0
DTXSID5047582,2130,3.5295732046010544e-06,0.0
DTXSID5047584,2130,0.0,0.0
DTXSID5047611,2130,0.0,0.0
DTXSID5047617,2130,0.0,0.0
DTXSID5047661,2130,0.9989336029924041,1.0
DTXSID5047663,2130,0.0,0.0
DTXSID5047665,2130,0.0,0.0
DTXSID5047667,2130,0.0,0.0
DTXSID5047744,2130,0.0,0.0
DTXSID5047790,2130,0.9999398253647493,1.0
DTXSID5047796,2130,0.0,0.0
DTXSID5047825,2130,1.0,1.0
DTXSID5047829,2130,0.0,0.0
DTXSID5047871,2130,1.0,1.0
DTXSID5047873,2130,1.0,1.0
DTXSID5047875,2130,1.2344987514658063e-11,0.0
DTXSID5047877,2130,0.0,0.0
DTXSID5047879,2130,0.0,0.0
DTXSID5047900,2130,0.9999999999999772,1.0
DTXSID5047902,2130,0.0,0.0
DTXSID5047904,2130,1.0,1.0
DTXSID5047906,2130,0.00028249676039316795,0.0
DTXSID5047908,2130,0.9945365223481789,1.0
DTXSID5047950,2130,1.0,1.0
DTXSID5047952,2130,1.0,1.0
DTXSID5047954,2130,0.0,0.0
DTXSID5047956,2130,0.999996981670718,1.0
DTXSID5048180,2130,0.0,0.0
DTXSID5048182,2130,0.9998663443943687,1.0
DTXSID5048184,2130,0.9999999999999992,1.0
DTXSID5048186,2130,0.0,0.0
DTXSID5048188,2130,0.9965280522868353,1.0
DTXSID5048211,2130,0.0,0.0
DTXSID5048421,2130,2.3835262722380723e-11,0.0
DTXSID5048506,2130,0.999988006080953,1.0
DTXSID5048631,2130,0.9878779013151219,1.0
DTXSID5048633,2130,0.9999856685493314,1.0
DTXSID5048635,2130,0.0,0.0
DTXSID5048637,2130,0.9990534620714754,1.0
DTXSID5048639,2130,0.0,0.0
DTXSID5048681,2130,0.0,0.0
DTXSID5048683,2130,1.0,1.0
DTXSID5048685,2130,1.0,1.0
DTXSID5048687,2130,0.9999999999999998,1.0
DTXSID5048689,2130,0.9999847188884996,1.0
DTXSID5048710,2130,0.0,0.0
DTXSID5048712,2130,1.0,1.0
DTXSID5048714,2130,0.9999067085248109,1.0
DTXSID5048716,2130,0.0,0.0
DTXSID5048718,2130,0.0,0.0
DTXSID5048760,2130,0.9999574844781982,1.0
DTXSID5048762,2130,0.0,0.0
DTXSID5048764,2130,1.0,1.0
DTXSID5048766,2130,4.334061131005001e-06,0.0
DTXSID5048768,2130,0.0,0.0
DTXSID5048841,2130,0.0,0.0
DTXSID5048843,2130,2.507166096866892e-08,0.0
DTXSID5048845,2130,0.0,0.0
DTXSID5048847,2130,0.0,0.0
DTXSID5048849,2130,0.9999999999999977,1.0
DTXSID5048891,2130,0.0,0.0
DTXSID5048893,2130,0.24858617637843552,0.0
DTXSID5048895,2130,0.0,0.0
DTXSID5048897,2130,0.9939841865020863,1.0
DTXSID5048899,2130,0.99999999819359,1.0
DTXSID5048920,2130,1.0,1.0
DTXSID5048922,2130,1.0,1.0
DTXSID5048924,2130,0.9999994604048061,1.0
DTXSID5048926,2130,0.9999999999999546,1.0
DTXSID5048928,2130,0.9999999999999991,1.0
DTXSID5048970,2130,0.0,0.0
DTXSID5048972,2130,0.9998037209852167,1.0
DTXSID5048974,2130,0.0,0.0
DTXSID5048976,2130,0.0,0.0
DTXSID5048978,2130,0.0,0.0
DTXSID5049021,2130,0.9999999959256561,1.0
DTXSID5049023,2130,0.9999977470163488,1.0
DTXSID5049025,2130,0.0,0.0
DTXSID5049027,2130,0.9999992504695252,1.0
DTXSID5049029,2130,0.0,0.0
DTXSID5049071,2130,0.9999999999999919,1.0
DTXSID5049073,2130,0.999962278187499,1.0
DTXSID5049075,2130,0.0,0.0
DTXSID5049077,2130,0.0,0.0
DTXSID5049079,2130,0.0,0.0
DTXSID5049231,2130,0.0,0.0
DTXSID5049233,2130,0.0,0.0
DTXSID5049235,2130,0.0,0.0
DTXSID5049237,2130,1.0,1.0
DTXSID5049239,2130,0.0,0.0
DTXSID5049281,2130,0.0,0.0
DTXSID5049283,2130,1.0,1.0
DTXSID5049285,2130,0.0,0.0
DTXSID5049287,2130,0.0,0.0
DTXSID5049289,2130,0.0,0.0
DTXSID5049310,2130,0.0,0.0
DTXSID5049312,2130,0.0,0.0
DTXSID5049314,2130,0.0,0.0
DTXSID5049316,2130,0.0,0.0
DTXSID5049318,2130,0.999990403443135,1.0
DTXSID5049360,2130,0.0,0.0
DTXSID5049362,2130,0.0,0.0
DTXSID5049364,2130,1.033917255622778e-17,0.0
DTXSID5049366,2130,0.0,0.0
DTXSID5049368,2130,0.0,0.0
DTXSID5049445,2130,0.0,0.0
DTXSID5049447,2130,0.0,0.0
DTXSID5049449,2130,0.0,0.0
DTXSID5049491,2130,0.0,0.0
DTXSID5049493,2130,0.0,0.0
DTXSID5049495,2130,0.9999945994883138,1.0
DTXSID5049497,2130,0.0,0.0
DTXSID5049499,2130,0.0,0.0
DTXSID5049520,2130,0.0,0.0
DTXSID5049522,2130,9.85422608159581e-07,0.0
DTXSID5049524,2130,0.0,0.0
DTXSID5049526,2130,0.0,0.0
DTXSID5049528,2130,0.0,0.0
DTXSID5050426,2130,0.0,0.0
DTXSID5051440,2130,0.0,0.0
DTXSID6020014,2130,1.10512309038539e-13,0.0
DTXSID6020062,2130,0.9982582682732702,1.0
DTXSID6020064,2130,0.4747728573705342,0.0
DTXSID6020066,2130,0.0,0.0
DTXSID6020068,2130,0.999999999999688,1.0
DTXSID6020141,2130,0.0,0.0
DTXSID6020143,2130,0.0,0.0
DTXSID6020145,2130,1.0,1.0
DTXSID6020147,2130,0.0,0.0
DTXSID6020149,2130,9.586716908736287e-05,0.0
DTXSID6020193,2130,0.9979518629594282,1.0
DTXSID6020197,2130,0.9999999994090402,1.0
DTXSID6020199,2130,0.0,0.0
DTXSID6020220,2130,0.9999999999999983,1.0
DTXSID6020222,2130,0.0,0.0
DTXSID6020224,2130,2.404879626548512e-10,0.0
DTXSID6020226,2130,0.9999999999999701,1.0
DTXSID6020274,2130,0.9999999997279052,1.0
DTXSID6020276,2130,0.9999999999999032,1.0
DTXSID6020278,2130,1.0,1.0
DTXSID6020303,2130,0.0,0.0
DTXSID6020307,2130,0.0,0.0
DTXSID6020309,2130,2.8739380437585772e-09,0.0
DTXSID6020355,2130,4.072303691018487e-12,0.0
DTXSID6020357,2130,1.0,1.0
DTXSID6020359,2130,0.0,0.0
DTXSID6020430,2130,0.0,0.0
DTXSID6020432,2130,0.9999999777454023,1.0
DTXSID6020434,2130,2.6451102123715785e-11,0.0
DTXSID6020438,2130,0.9999749632986042,1.0
DTXSID6020480,2130,0.0,0.0
DTXSID6020484,2130,0.0,0.0
DTXSID6020511,2130,0.9999925410414257,1.0
DTXSID6020513,2130,1.0,1.0
DTXSID6020515,2130,0.0,0.0
DTXSID6020517,2130,0.0,0.0
DTXSID6020561,2130,0.9999999996025761,1.0
DTXSID6020569,2130,0.0,0.0
DTXSID6020646,2130,0.0,0.0
DTXSID6020648,2130,0.9939526716820563,1.0
DTXSID6020690,2130,1.0,1.0
DTXSID6020692,2130,1.892761678913349e-16,0.0
DTXSID6020694,2130,0.0,0.0
DTXSID6020696,2130,9.999095389224783e-18,0.0
DTXSID6020721,2130,0.0,0.0
DTXSID6020771,2130,0.0,0.0
DTXSID6020777,2130,0.0,0.0
DTXSID6020779,2130,0.996966226830976,1.0
DTXSID6020802,2130,0.0,0.0
DTXSID6020804,2130,1.0,1.0
DTXSID6020856,2130,0.33980092861668443,0.0
DTXSID6020933,2130,2.253108626453486e-05,0.0
DTXSID6020937,2130,0.0,0.0
DTXSID6020939,2130,0.0004284937978357257,0.0
DTXSID6020981,2130,0.0,0.0
DTXSID6020983,2130,0.0,0.0
DTXSID6020985,2130,0.0,0.0
DTXSID6021030,2130,0.5206416682727841,0.0
DTXSID6021032,2130,8.148556680740497e-13,0.0
DTXSID6021036,2130,1.2526873250262065e-15,0.0
DTXSID6021080,2130,0.9999999994428292,1.0
DTXSID6021082,2130,1.732899029588512e-08,0.0
DTXSID6021084,2130,0.0,0.0
DTXSID6021086,2130,0.9999699468590333,1.0
DTXSID6021113,2130,0.0,0.0
DTXSID6021117,2130,0.0,0.0
DTXSID6021163,2130,0.0,0.0
DTXSID6021165,2130,0.0,0.0
DTXSID6021240,2130,0.9999999998421325,1.0
DTXSID6021244,2130,0.9999999999998861,1.0
DTXSID6021246,2130,0.9999999999999999,1.0
DTXSID6021248,2130,1.0,1.0
DTXSID6021290,2130,0.8624599320679869,0.0
DTXSID6021292,2130,0.0,0.0
DTXSID6021294,2130,0.0,0.0
DTXSID6021296,2130,0.0,0.0
DTXSID6021321,2130,0.9864977268081929,1.0
DTXSID6021327,2130,0.9999999999866007,1.0
DTXSID6021371,2130,3.272565455029132e-07,0.0
DTXSID6021373,2130,0.9999999999999997,1.0
DTXSID6021375,2130,5.942131059456923e-10,0.0
DTXSID6021377,2130,8.923600338107888e-19,0.0
DTXSID6021379,2130,0.0,0.0
DTXSID6021402,2130,2.2240330068220965e-08,0.0
DTXSID6021404,2130,0.0,0.0
DTXSID6021408,2130,1.0,1.0
DTXSID6021456,2130,0.17814700693322325,0.0
DTXSID6021458,2130,8.170344797589355e-09,0.0
DTXSID6021581,2130,0.0,0.0
DTXSID6021583,2130,6.505087179897758e-12,0.0
DTXSID6021585,2130,0.0,0.0
DTXSID6021610,2130,0.0,0.0
DTXSID6021618,2130,0.0,0.0
DTXSID6021660,2130,0.0,0.0
DTXSID6021666,2130,0.5474746883889762,0.0
DTXSID6021668,2130,0.0,0.0
DTXSID6021741,2130,0.0,0.0
DTXSID6021749,2130,0.0,0.0
DTXSID6021793,2130,0.7561705229308063,0.0
DTXSID6021795,2130,2.6105631150953096e-06,0.0
DTXSID6021799,2130,0.47426812837877275,0.0
DTXSID6021820,2130,0.0,0.0
DTXSID6021822,2130,9.137444918962515e-12,0.0
DTXSID6021824,2130,1.0,1.0
DTXSID6021828,2130,0.0,0.0
DTXSID6021872,2130,0.0,0.0
DTXSID6021874,2130,0.0,0.0
DTXSID6021901,2130,0.0,0.0
DTXSID6021907,2130,0.9999901062147522,1.0
DTXSID6021909,2130,0.0,0.0
DTXSID6021953,2130,0.0042590893971450015,0.0
DTXSID6021957,2130,0.10153771990136569,0.0
DTXSID6021959,2130,0.999974451623997,1.0
DTXSID6022000,2130,0.0,0.0
DTXSID6022004,2130,0.0,0.0
DTXSID6022006,2130,0.999577633862035,1.0
DTXSID6022008,2130,0.0,0.0
DTXSID6022050,2130,0.0,0.0
DTXSID6022056,2130,0.0006396084379922494,0.0
DTXSID6022058,2130,0.0,0.0
DTXSID6022131,2130,0.9811601102255382,1.0
DTXSID6022133,2130,0.0,0.0
DTXSID6022137,2130,0.0,0.0
DTXSID6022187,2130,2.1060734380768938e-07,0.0
DTXSID6022218,2130,0.0,0.0
DTXSID6022341,2130,0.0869622435701044,0.0
DTXSID6022345,2130,0.9999998087893052,1.0
DTXSID6022391,2130,0.9999999999982254,1.0
DTXSID6022393,2130,0.9998478690796573,1.0
DTXSID6022399,2130,0.9963067737860355,1.0
DTXSID6022420,2130,0.999979019165469,1.0
DTXSID6022422,2130,0.8150365676940726,0.0
DTXSID6022472,2130,0.0,0.0
DTXSID6022474,2130,0.9999398465580703,1.0
DTXSID6022553,2130,0.9865518845764857,1.0
DTXSID6022555,2130,0.0,0.0
DTXSID6022557,2130,,
DTXSID6022559,2130,0.0,0.0
DTXSID6022630,2130,2.1009452434482107e-07,0.0
DTXSID6022632,2130,0.0,0.0
DTXSID6022636,2130,0.0,0.0
DTXSID6022684,2130,0.9964361449260409,1.0
DTXSID6022719,2130,0.9998525420274205,1.0
DTXSID6022842,2130,0.0,0.0
DTXSID6022844,2130,0.9999999999985437,1.0
DTXSID6022846,2130,0.0,0.0
DTXSID6022892,2130,0.9999915713498541,1.0
DTXSID6022894,2130,0.947011495542212,1.0
DTXSID6022898,2130,0.9999999999761838,1.0
DTXSID6022927,2130,0.9998864536253804,1.0
DTXSID6022973,2130,0.9999668023326728,1.0
DTXSID6022975,2130,,
DTXSID6022977,2130,0.0,0.0
DTXSID6023020,2130,0.0,0.0
DTXSID6023024,2130,0.9999999999996784,1.0
DTXSID6023028,2130,0.0,0.0
DTXSID6023076,2130,0.999999999673365,1.0
DTXSID6023078,2130,0.0,0.0
DTXSID6023101,2130,4.129998330948495e-05,0.0
DTXSID6023103,2130,0.0,0.0
DTXSID6023109,2130,0.0,0.0
DTXSID6023153,2130,0.0,0.0
DTXSID6023155,2130,0.9999972821413843,1.0
DTXSID6023157,2130,0.0,0.0
DTXSID6023159,2130,0.0,0.0
DTXSID6023232,2130,,
DTXSID6023280,2130,0.0,0.0
DTXSID6023286,2130,0.0,0.0
DTXSID6023313,2130,0.9999667416950887,1.0
DTXSID6023315,2130,0.0,0.0
DTXSID6023317,2130,0.9999999999738078,1.0
DTXSID6023319,2130,0.9999994386089897,1.0
DTXSID6023363,2130,0.9999999999982088,1.0
DTXSID6023365,2130,0.0,0.0
DTXSID6023367,2130,0.0,0.0
DTXSID6023369,2130,0.9999046280660724,1.0
DTXSID6023440,2130,0.0,0.0
DTXSID6023442,2130,0.0,0.0
DTXSID6023490,2130,0.9999999985831809,1.0
DTXSID6023492,2130,1.0,1.0
DTXSID6023496,2130,0.0,0.0
DTXSID6023523,2130,0.9933902755842923,1.0
DTXSID6023529,2130,0.0,0.0
DTXSID6023571,2130,1.0,1.0
DTXSID6023600,2130,6.243855362294744e-05,0.0
DTXSID6023602,2130,0.0,0.0
DTXSID6023608,2130,0.0,0.0
DTXSID6023650,2130,0.9999999999999766,1.0
DTXSID6023652,2130,1.0,1.0
DTXSID6023656,2130,0.9999999999962038,1.0
DTXSID6023658,2130,0.9999999997760046,1.0
DTXSID6023733,2130,0.0,0.0
DTXSID6023735,2130,0.0,0.0
DTXSID6023737,2130,0.0,0.0
DTXSID6023810,2130,1.0,1.0
DTXSID6023862,2130,0.0041350880657133405,0.0
DTXSID6023864,2130,0.0,0.0
DTXSID6023868,2130,1.0,1.0
DTXSID6023947,2130,3.432453874932249e-09,0.0
DTXSID6023997,2130,0.0,0.0
DTXSID6023999,2130,0.9999069404662801,1.0
DTXSID6024046,2130,9.4552959552116e-05,0.0
DTXSID6024048,2130,1.0,1.0
DTXSID6024123,2130,0.9999658183409323,1.0
DTXSID6024127,2130,0.0,0.0
DTXSID6024175,2130,0.7142292357454532,0.0
DTXSID6024177,2130,0.0,0.0
DTXSID6024200,2130,0.0,0.0
DTXSID6024204,2130,0.0,0.0
DTXSID6024206,2130,0.0,0.0
DTXSID6024254,2130,0.9999984575556715,1.0
DTXSID6024331,2130,1.0,1.0
DTXSID6024337,2130,0.9999957094273013,1.0
DTXSID6024412,2130,0.0,0.0
DTXSID6024414,2130,3.7607231211481784e-09,0.0
DTXSID6024460,2130,0.9999263094777913,1.0
DTXSID6024462,2130,0.0,0.0
DTXSID6024466,2130,0.2540785480712989,0.0
DTXSID6024591,2130,0.0,0.0
DTXSID6024597,2130,0.0006245470848286032,0.0
DTXSID6024599,2130,9.031986717090794e-14,0.0
DTXSID6024622,2130,0.0,0.0
DTXSID6024624,2130,0.9999999887602015,1.0
DTXSID6024628,2130,0.0,0.0
DTXSID6024670,2130,0.0,0.0
DTXSID6024674,2130,0.0,0.0
DTXSID6024676,2130,0.0,0.0
DTXSID6024701,2130,0.99999999999606,1.0
DTXSID6024832,2130,0.9999901818853353,1.0
DTXSID6024834,2130,9.798180779771591e-14,0.0
DTXSID6024836,2130,0.9880739718494357,1.0
DTXSID6024880,2130,0.0,0.0
DTXSID6024882,2130,1.0,1.0
DTXSID6024886,2130,0.0,0.0
DTXSID6024888,2130,0.0,0.0
DTXSID6024911,2130,0.9999999999900173,1.0
DTXSID6024913,2130,0.0,0.0
DTXSID6024915,2130,0.0,0.0
DTXSID6024917,2130,0.0,0.0
DTXSID6024961,2130,0.0,0.0
DTXSID6024965,2130,0.0,0.0
DTXSID6024967,2130,0.0,0.0
DTXSID6025010,2130,0.0,0.0
DTXSID6025012,2130,0.0,0.0
DTXSID6025014,2130,0.024141046191807635,0.0
DTXSID6025018,2130,0.9837887256141042,1.0
DTXSID6025064,2130,0.0,0.0
DTXSID6025068,2130,0.999927639883113,1.0
DTXSID6025141,2130,0.0,0.0
DTXSID6025143,2130,8.805718001888271e-15,0.0
DTXSID6025145,2130,4.9509867705312363e-14,0.0
DTXSID6025149,2130,0.9999999999181105,1.0
DTXSID6025220,2130,1.2174107491072386e-05,0.0
DTXSID6025226,2130,0.9999999999997353,1.0
DTXSID6025272,2130,0.0,0.0
DTXSID6025276,2130,0.0,0.0
DTXSID6025278,2130,0.0,0.0
DTXSID6025301,2130,0.0,0.0
DTXSID6025303,2130,0.0,0.0
DTXSID6025307,2130,0.999999890376653,1.0
DTXSID6025309,2130,0.0,0.0
DTXSID6025355,2130,0.9999999999930634,1.0
DTXSID6025436,2130,1.0,1.0
DTXSID6025438,2130,0.9978959415067876,1.0
DTXSID6025480,2130,0.0,0.0
DTXSID6025486,2130,0.9999876825277892,1.0
DTXSID6025513,2130,1.0,1.0
DTXSID6025565,2130,1.0,1.0
DTXSID6025567,2130,0.0,0.0
DTXSID6025569,2130,9.367473295682996e-19,0.0
DTXSID6025640,2130,0.0,0.0
DTXSID6025642,2130,0.0,0.0
DTXSID6025690,2130,0.0024724101325134,0.0
DTXSID6025692,2130,0.019813365339277602,0.0
DTXSID6025696,2130,0.9999999999998826,1.0
DTXSID6025723,2130,0.0,0.0
DTXSID6025725,2130,0.0,0.0
DTXSID6025775,2130,7.489698487601685e-17,0.0
DTXSID6025804,2130,0.0,0.0
DTXSID6025850,2130,0.0,0.0
DTXSID6025854,2130,0.0,0.0
DTXSID6025939,2130,0.9999999732392834,1.0
DTXSID6025983,2130,0.9999999999119054,1.0
DTXSID6026080,2130,0.0,0.0
DTXSID6026082,2130,0.0,0.0
DTXSID6026084,2130,0.9168443588473345,1.0
DTXSID6026088,2130,0.2847894303478688,0.0
DTXSID6026115,2130,0.0,0.0
DTXSID6026119,2130,2.3455562572585014e-11,0.0
DTXSID6026161,2130,0.0,0.0
DTXSID6026167,2130,0.0,0.0
DTXSID6026169,2130,0.0,0.0
DTXSID6026240,2130,0.0,0.0
DTXSID6026292,2130,0.0,0.0
DTXSID6026294,2130,0.9999999999999869,1.0
DTXSID6026298,2130,1.3594008169263756e-11,0.0
DTXSID6026325,2130,0.0,0.0
DTXSID6026373,2130,0.0,0.0
DTXSID6026450,2130,0.9998761182000702,1.0
DTXSID6026535,2130,6.69772794429637e-11,0.0
DTXSID6026537,2130,0.0,0.0
DTXSID6026612,2130,0.0,0.0
DTXSID6026664,2130,1.051571674207132e-12,0.0
DTXSID6026797,2130,1.1907588118954902e-10,0.0
DTXSID6026799,2130,0.9999999999844523,1.0
DTXSID6026824,2130,0.0,0.0
DTXSID6026872,2130,0.0,0.0
DTXSID6026878,2130,0.0,0.0
DTXSID6026901,2130,1.0,1.0
DTXSID6026905,2130,0.0,0.0
DTXSID6026955,2130,1.5452246842059123e-10,0.0
DTXSID6027050,2130,1.0,1.0
DTXSID6027052,2130,5.136463373768715e-07,0.0
DTXSID6027131,2130,0.0,0.0
DTXSID6027133,2130,0.0,0.0
DTXSID6027137,2130,0.0,0.0
DTXSID6027181,2130,0.0,0.0
DTXSID6027185,2130,0.0,0.0
DTXSID6027214,2130,0.0,0.0
DTXSID6027218,2130,0.0,0.0
DTXSID6027262,2130,0.0,0.0
DTXSID6027266,2130,0.0,0.0
DTXSID6027268,2130,0.0,0.0
DTXSID6027341,2130,5.815463895262233e-12,0.0
DTXSID6027343,2130,0.0,0.0
DTXSID6027345,2130,0.8834521912541319,0.0
DTXSID6027395,2130,0.0,0.0
DTXSID6027397,2130,0.11344259852593325,0.0
DTXSID6027503,2130,0.8730816716577587,0.0
DTXSID6027507,2130,0.0,0.0
DTXSID6027509,2130,0.0,0.0
DTXSID6027551,2130,0.0,0.0
DTXSID6027636,2130,0.0,0.0
DTXSID6027713,2130,0.9999667365335414,1.0
DTXSID6027844,2130,0.0,0.0
DTXSID6027921,2130,0.9999365321717463,1.0
DTXSID6027923,2130,0.9400301951583412,1.0
DTXSID6027925,2130,0.9999998968365215,1.0
DTXSID6027975,2130,0.0,0.0
DTXSID6028022,2130,0.9999154755000194,1.0
DTXSID6028028,2130,0.0,0.0
DTXSID6029121,2130,0.0,0.0
DTXSID6029127,2130,0.0,0.0
DTXSID6029202,2130,0.0,0.0
DTXSID6029250,2130,0.0,0.0
DTXSID6029254,2130,0.0,0.0
DTXSID6029331,2130,0.0,0.0
DTXSID6029335,2130,0.0,0.0
DTXSID6029626,2130,0.0,0.0
DTXSID6029670,2130,0.9999999999999997,1.0
DTXSID6029703,2130,0.0,0.0
DTXSID6029707,2130,0.0,0.0
DTXSID6029755,2130,0.0,0.0
DTXSID6030607,2130,0.0,0.0
DTXSID6031209,2130,0.0,0.0
DTXSID6031380,2130,0.0,0.0
DTXSID6031461,2130,0.14988766152166458,0.0
DTXSID6032061,2130,1.0,1.0
DTXSID6032192,2130,0.9999999978576509,1.0
DTXSID6032352,2130,0.9999754247508139,1.0
DTXSID6032354,2130,0.9950817018737983,1.0
DTXSID6032356,2130,0.0,0.0
DTXSID6032358,2130,9.262824885242862e-11,0.0
DTXSID6032431,2130,0.9999999956664221,1.0
DTXSID6032437,2130,0.9946737914714855,1.0
DTXSID6032514,2130,0.9999999999999706,1.0
DTXSID6032516,2130,0.9971744826944504,1.0
DTXSID6032518,2130,0.9999999999892599,1.0
DTXSID6032562,2130,0.9999999947771744,1.0
DTXSID6032641,2130,0.0,0.0
DTXSID6032645,2130,0.0,0.0
DTXSID6032647,2130,1.0,1.0
DTXSID6032649,2130,0.9999984564656382,1.0
DTXSID6032722,2130,0.0,0.0
DTXSID6033241,2130,0.0,0.0
DTXSID6033247,2130,0.999999999514791,1.0
DTXSID6033326,2130,0.0,0.0
DTXSID6033401,2130,0.0,0.0
DTXSID6033538,2130,0.9999997507520049,1.0
DTXSID6033825,2130,0.0,0.0
DTXSID6034005,2130,0.0,0.0
DTXSID6034186,2130,1.0,1.0
DTXSID6034265,2130,0.0,0.0
DTXSID6034392,2130,0.9999930026731377,1.0
DTXSID6034764,2130,0.0,0.0
DTXSID6034849,2130,0.0,0.0
DTXSID6034924,2130,0.0,0.0
DTXSID6034928,2130,0.9979692237197041,1.0
DTXSID6034972,2130,0.10672385036654258,0.0
DTXSID6035106,2130,0.0,0.0
DTXSID6035152,2130,4.417088306081214e-06,0.0
DTXSID6035156,2130,0.0001739695401653802,0.0
DTXSID6035285,2130,0.9999999965849148,1.0
DTXSID6035491,2130,1.0,1.0
DTXSID6035784,2130,0.9999999993855666,1.0
DTXSID6036467,2130,0.0,0.0
DTXSID6037015,2130,2.752845143560075e-08,0.0
DTXSID6037069,2130,0.0,0.0
DTXSID6037649,2130,1.5596768955190895e-07,0.0
DTXSID6037697,2130,2.0488860335922796e-11,0.0
DTXSID6037728,2130,0.9999954659654314,1.0
DTXSID6038798,2130,0.0,0.0
DTXSID6038875,2130,0.000138163329544337,0.0
DTXSID6038877,2130,0.9999999996944792,1.0
DTXSID6040111,2130,0.998209782417394,1.0
DTXSID6040115,2130,0.9701704353852779,1.0
DTXSID6040246,2130,0.0,0.0
DTXSID6040290,2130,0.9998827496837153,1.0
DTXSID6040296,2130,0.0,0.0
DTXSID6040371,2130,0.9999999987544654,1.0
DTXSID6040404,2130,0.9999450114056955,1.0
DTXSID6040583,2130,0.8655050944966199,0.0
DTXSID6040614,2130,0.0,0.0
DTXSID6040662,2130,0.9999944599793956,1.0
DTXSID6040664,2130,0.9999613453613125,1.0
DTXSID6040666,2130,0.0,0.0
DTXSID6040668,2130,0.999999999817257,1.0
DTXSID6040745,2130,0.9690890511907049,1.0
DTXSID6040747,2130,0.9999995167556711,1.0
DTXSID6040795,2130,0.0,0.0
DTXSID6041056,2130,0.0,0.0
DTXSID6041133,2130,1.0,1.0
DTXSID6041137,2130,0.0,0.0
DTXSID6041185,2130,0.0,0.0
DTXSID6041210,2130,6.7305047882175415e-18,0.0
DTXSID6041268,2130,0.9999994733019834,1.0
DTXSID6041347,2130,0.5872214417111746,0.0
DTXSID6041349,2130,0.0017141807651882871,0.0
DTXSID6041420,2130,0.0,0.0
DTXSID6041422,2130,0.9990081429121691,1.0
DTXSID6041424,2130,0.0,0.0
DTXSID6041426,2130,0.0,0.0
DTXSID6041472,2130,0.0,0.0
DTXSID6041507,2130,0.0,0.0
DTXSID6041557,2130,0.9968200532670936,1.0
DTXSID6041636,2130,0.0,0.0
DTXSID6041638,2130,0.0,0.0
DTXSID6041680,2130,0.9999953773117749,1.0
DTXSID6041682,2130,0.9999999950097809,1.0
DTXSID6041684,2130,0.9983981330919844,1.0
DTXSID6041688,2130,0.9999999999364421,1.0
DTXSID6041715,2130,0.9999453800798118,1.0
DTXSID6041719,2130,6.352324928503161e-14,0.0
DTXSID6041761,2130,1.0,1.0
DTXSID6041844,2130,0.0,0.0
DTXSID6041892,2130,2.0093560143458762e-13,0.0
DTXSID6041925,2130,,
DTXSID6041927,2130,0.0,0.0
DTXSID6041973,2130,0.9999300557799369,1.0
DTXSID6041977,2130,0.9999999999984809,1.0
DTXSID6042072,2130,0.9442729684026232,1.0
DTXSID6042074,2130,4.5150224482985107e-07,0.0
DTXSID6042157,2130,0.7973048361354476,0.0
DTXSID6042232,2130,0.9999999799426945,1.0
DTXSID6042234,2130,0.0,0.0
DTXSID6042280,2130,0.9999407942737164,1.0
DTXSID6042315,2130,0.9999999988177902,1.0
DTXSID6042365,2130,0.9999995269241813,1.0
DTXSID6042369,2130,0.9999999999999999,1.0
DTXSID6042440,2130,0.9991110807147229,1.0
DTXSID6042448,2130,0.9999999999101722,1.0
DTXSID6042490,2130,0.0,0.0
DTXSID6042494,2130,0.0,0.0
DTXSID6042498,2130,0.9997644898828081,1.0
DTXSID6042521,2130,2.738767399100704e-08,0.0
DTXSID6042579,2130,0.9999999990274966,1.0
DTXSID6042602,2130,2.2261933052858567e-11,0.0
DTXSID6043709,2130,0.9999995785635892,1.0
DTXSID6043913,2130,0.2827674100900766,0.0
DTXSID6043915,2130,1.0,1.0
DTXSID6043919,2130,0.0,0.0
DTXSID6044014,2130,0.0,0.0
DTXSID6044226,2130,0.9995114382759874,1.0
DTXSID6044272,2130,0.0,0.0
DTXSID6044303,2130,0.9999999999999999,1.0
DTXSID6044307,2130,0.0,0.0
DTXSID6044309,2130,1.0,1.0
DTXSID6044353,2130,,
DTXSID6044355,2130,0.9999981052864736,1.0
DTXSID6044357,2130,0.0,0.0
DTXSID6044359,2130,0.0,0.0
DTXSID6044430,2130,0.0,0.0
DTXSID6044436,2130,0.0,0.0
DTXSID6044438,2130,6.038277490869161e-07,0.0
DTXSID6044484,2130,,
DTXSID6044486,2130,0.0,0.0
DTXSID6044488,2130,0.0,0.0
DTXSID6044511,2130,1.914454710737419e-05,0.0
DTXSID6044513,2130,0.9999319311266816,1.0
DTXSID6044515,2130,0.9854947775529211,1.0
DTXSID6044517,2130,0.0,0.0
DTXSID6044519,2130,0.0,0.0
DTXSID6044561,2130,0.9414754577446999,1.0
DTXSID6044563,2130,0.0,0.0
DTXSID6044565,2130,0.9999999999999415,1.0
DTXSID6044642,2130,0.9998276699860176,1.0
DTXSID6044644,2130,0.0,0.0
DTXSID6044646,2130,0.0009224225241870323,0.0
DTXSID6044648,2130,0.0,0.0
DTXSID6044690,2130,0.0014349452869658842,0.0
DTXSID6044692,2130,1.918136243404527e-07,0.0
DTXSID6044696,2130,0.0,0.0
DTXSID6044698,2130,0.0,0.0
DTXSID6044721,2130,0.0,0.0
DTXSID6044723,2130,0.0,0.0
DTXSID6044725,2130,0.9971416307898693,1.0
DTXSID6044727,2130,0.9999973744927978,1.0
DTXSID6044771,2130,0.0,0.0
DTXSID6044773,2130,0.9999829824861367,1.0
DTXSID6044777,2130,0.0,0.0
DTXSID6044779,2130,0.9999999993846846,1.0
DTXSID6044800,2130,0.9999991528585425,1.0
DTXSID6044802,2130,0.0,0.0
DTXSID6044804,2130,0.0,0.0
DTXSID6044808,2130,5.2523809594666065e-05,0.0
DTXSID6044852,2130,0.9793991258584492,1.0
DTXSID6044854,2130,2.1594794675534967e-09,0.0
DTXSID6044856,2130,0.0,0.0
DTXSID6044858,2130,0.0003089256472530586,0.0
DTXSID6044931,2130,1.5024280342378102e-07,0.0
DTXSID6044933,2130,0.0,0.0
DTXSID6044935,2130,0.280711270918461,0.0
DTXSID6044939,2130,0.0,0.0
DTXSID6044981,2130,0.0,0.0
DTXSID6044983,2130,2.963145908075849e-07,0.0
DTXSID6044985,2130,0.0,0.0
DTXSID6044989,2130,0.9999942660027685,1.0
DTXSID6045082,2130,0.9999721885929768,1.0
DTXSID6045084,2130,0.8193708144004536,0.0
DTXSID6045086,2130,0.0,0.0
DTXSID6045088,2130,0.0,0.0
DTXSID6045111,2130,0.0,0.0
DTXSID6045115,2130,0.0,0.0
DTXSID6045117,2130,0.9996230197288553,1.0
DTXSID6045119,2130,0.9999999989123195,1.0
DTXSID6045161,2130,0.999999999999996,1.0
DTXSID6045163,2130,0.0,0.0
DTXSID6045165,2130,0.9999999999997226,1.0
DTXSID6045167,2130,6.797860593341837e-13,0.0
DTXSID6045169,2130,3.523398971176119e-16,0.0
DTXSID6045240,2130,0.9999205940158306,1.0
DTXSID6045244,2130,0.0,0.0
DTXSID6045248,2130,0.9984388932694342,1.0
DTXSID6045292,2130,0.9923701851112288,1.0
DTXSID6045296,2130,0.0,0.0
DTXSID6045321,2130,0.0,0.0
DTXSID6045323,2130,1.0,1.0
DTXSID6045325,2130,0.0,0.0
DTXSID6045371,2130,0.9999951255256014,1.0
DTXSID6045373,2130,0.9999999987122871,1.0
DTXSID6045375,2130,0.3481523662873327,0.0
DTXSID6045377,2130,0.9999999999920897,1.0
DTXSID6045400,2130,0.0010735483488080826,0.0
DTXSID6045402,2130,0.32035206251185266,0.0
DTXSID6045406,2130,0.9999146664499414,1.0
DTXSID6045408,2130,0.0,0.0
DTXSID6045452,2130,0.9996675289397917,1.0
DTXSID6045531,2130,0.0,0.0
DTXSID6045533,2130,0.6596179003348895,0.0
DTXSID6045535,2130,0.9998010864233536,1.0
DTXSID6045537,2130,8.830985844536765e-12,0.0
DTXSID6045539,2130,0.0,0.0
DTXSID6045581,2130,0.0,0.0
DTXSID6045583,2130,0.999999999999982,1.0
DTXSID6045585,2130,0.9999330986885684,1.0
DTXSID6045587,2130,0.0,0.0
DTXSID6045614,2130,0.9999999985702184,1.0
DTXSID6045616,2130,0.9999999990410993,1.0
DTXSID6045618,2130,0.0,0.0
DTXSID6045660,2130,0.9999999996488694,1.0
DTXSID6045662,2130,0.9999999999913262,1.0
DTXSID6045666,2130,0.9999999992457698,1.0
DTXSID6045668,2130,0.0,0.0
DTXSID6045741,2130,0.0,0.0
DTXSID6045743,2130,0.9999984590486857,1.0
DTXSID6045745,2130,4.4218816628956433e-10,0.0
DTXSID6045749,2130,0.0,0.0
DTXSID6045791,2130,0.9999999999976965,1.0
DTXSID6045795,2130,0.0,0.0
DTXSID6045820,2130,0.0,0.0
DTXSID6045822,2130,0.9999999999564552,1.0
DTXSID6045824,2130,0.0,0.0
DTXSID6045828,2130,0.0,0.0
DTXSID6045870,2130,0.0,0.0
DTXSID6045872,2130,0.0,0.0
DTXSID6045874,2130,0.0,0.0
DTXSID6045878,2130,0.0,0.0
DTXSID6045901,2130,0.0,0.0
DTXSID6045903,2130,0.0,0.0
DTXSID6045905,2130,0.9996049966666124,1.0
DTXSID6045907,2130,0.9999998758823107,1.0
DTXSID6045909,2130,0.959129296041799,1.0
DTXSID6045951,2130,0.9999407456139875,1.0
DTXSID6045953,2130,1.0,1.0
DTXSID6045955,2130,0.9904282202913042,1.0
DTXSID6045957,2130,0.9999999999999873,1.0
DTXSID6045959,2130,0.0,0.0
DTXSID6046000,2130,0.999993661686645,1.0
DTXSID6046008,2130,1.0,1.0
DTXSID6046054,2130,1.0,1.0
DTXSID6046131,2130,0.0,0.0
DTXSID6046133,2130,0.0,0.0
DTXSID6046135,2130,0.0,0.0
DTXSID6046137,2130,0.9999999999999966,1.0
DTXSID6046139,2130,6.446627325714533e-05,0.0
DTXSID6046181,2130,0.9999999857948739,1.0
DTXSID6046183,2130,0.999999999998694,1.0
DTXSID6046185,2130,0.0,0.0
DTXSID6046187,2130,0.9989602235886015,1.0
DTXSID6046189,2130,0.0,0.0
DTXSID6046210,2130,0.0,0.0
DTXSID6046212,2130,1.0,1.0
DTXSID6046214,2130,0.0,0.0
DTXSID6046216,2130,0.0,0.0
DTXSID6046218,2130,0.9637217836308016,1.0
DTXSID6046260,2130,0.0,0.0
DTXSID6046262,2130,0.0,0.0
DTXSID6046264,2130,0.0,0.0
DTXSID6046266,2130,0.9998297056740125,1.0
DTXSID6046268,2130,0.9981717105229101,1.0
DTXSID6046341,2130,0.0,0.0
DTXSID6046343,2130,,
DTXSID6046345,2130,0.02077137943382813,0.0
DTXSID6046347,2130,0.0,0.0
DTXSID6046349,2130,0.9999999999665161,1.0
DTXSID6046391,2130,0.0,0.0
DTXSID6046393,2130,0.0,0.0
DTXSID6046395,2130,0.0,0.0
DTXSID6046397,2130,0.0,0.0
DTXSID6046399,2130,0.9999999998753747,1.0
DTXSID6046420,2130,0.9999255733182238,1.0
DTXSID6046422,2130,0.9999999997955509,1.0
DTXSID6046424,2130,0.0,0.0
DTXSID6046426,2130,0.9999916859580007,1.0
DTXSID6046428,2130,0.9999688986720363,1.0
DTXSID6046470,2130,0.9999999939203809,1.0
DTXSID6046472,2130,1.0,1.0
DTXSID6046474,2130,1.0,1.0
DTXSID6046476,2130,,
DTXSID6046478,2130,0.9999999974561001,1.0
DTXSID6046501,2130,0.0,0.0
DTXSID6046503,2130,0.0,0.0
DTXSID6046505,2130,0.9965557695230103,1.0
DTXSID6046507,2130,1.0,1.0
DTXSID6046509,2130,0.9999515376191525,1.0
DTXSID6046551,2130,0.0,0.0
DTXSID6046553,2130,1.0,1.0
DTXSID6046555,2130,0.999999970555851,1.0
DTXSID6046557,2130,0.0,0.0
DTXSID6046630,2130,0.0,0.0
DTXSID6046634,2130,0.0,0.0
DTXSID6046636,2130,0.9999999999971723,1.0
DTXSID6046638,2130,0.0,0.0
DTXSID6046682,2130,0.9999999988637731,1.0
DTXSID6046686,2130,0.0,0.0
DTXSID6046688,2130,0.9999800657651812,1.0
DTXSID6046713,2130,,
DTXSID6046715,2130,0.0,0.0
DTXSID6046719,2130,0.9999999999999908,1.0
DTXSID6046761,2130,5.895109916217655e-07,0.0
DTXSID6046763,2130,0.9993395858114459,1.0
DTXSID6046765,2130,0.0,0.0
DTXSID6046767,2130,0.0,0.0
DTXSID6046842,2130,0.0,0.0
DTXSID6046844,2130,1.0,1.0
DTXSID6046846,2130,0.11834281596135128,0.0
DTXSID6046890,2130,0.0,0.0
DTXSID6046892,2130,0.9999999999999999,1.0
DTXSID6046894,2130,0.0,0.0
DTXSID6046896,2130,0.0,0.0
DTXSID6046898,2130,0.9999999194924258,1.0
DTXSID6046921,2130,0.0,0.0
DTXSID6046923,2130,0.0,0.0
DTXSID6046925,2130,1.0,1.0
DTXSID6046977,2130,0.9890343767097198,1.0
DTXSID6046979,2130,0.999999686748204,1.0
DTXSID6047028,2130,4.974236940183928e-05,0.0
DTXSID6047070,2130,0.0,0.0
DTXSID6047072,2130,0.9663083579627021,1.0
DTXSID6047074,2130,0.8950953935946161,0.0
DTXSID6047076,2130,0.0,0.0
DTXSID6047078,2130,0.9672798693648299,1.0
DTXSID6047101,2130,0.0,0.0
DTXSID6047103,2130,0.6622369159679112,0.0
DTXSID6047105,2130,0.0,0.0
DTXSID6047107,2130,0.9999000585897935,1.0
DTXSID6047109,2130,0.0,0.0
DTXSID6047155,2130,0.0,0.0
DTXSID6047157,2130,0.05075990932340898,0.0
DTXSID6047159,2130,0.0,0.0
DTXSID6047236,2130,0.0,0.0
DTXSID6047280,2130,0.9999999990205823,1.0
DTXSID6047282,2130,0.0,0.0
DTXSID6047284,2130,1.2489447248682196e-16,0.0
DTXSID6047286,2130,0.0,0.0
DTXSID6047288,2130,0.9999999999999062,1.0
DTXSID6047311,2130,0.9999999999719578,1.0
DTXSID6047313,2130,0.999999998075592,1.0
DTXSID6047315,2130,0.9999999999998447,1.0
DTXSID6047319,2130,0.606105924354256,0.0
DTXSID6047363,2130,0.9999999999866289,1.0
DTXSID6047369,2130,0.999999999872399,1.0
DTXSID6047440,2130,0.0,0.0
DTXSID6047444,2130,0.9994475445731946,1.0
DTXSID6047446,2130,0.9999999999855872,1.0
DTXSID6047448,2130,0.0,0.0
DTXSID6047490,2130,0.0,0.0
DTXSID6047498,2130,1.0,1.0
DTXSID6047523,2130,0.0,0.0
DTXSID6047525,2130,0.9844639656589723,1.0
DTXSID6047527,2130,0.0,0.0
DTXSID6047529,2130,7.816240329228534e-07,0.0
DTXSID6047579,2130,0.0,0.0
DTXSID6047604,2130,0.8635268377729773,0.0
DTXSID6047606,2130,0.0,0.0
DTXSID6047608,2130,9.265513528399758e-06,0.0
DTXSID6047654,2130,0.0,0.0
DTXSID6047656,2130,0.0,0.0
DTXSID6047781,2130,0.0,0.0
DTXSID6047783,2130,0.9999418603935291,1.0
DTXSID6047785,2130,0.9999999997964893,1.0
DTXSID6047787,2130,0.9893612728344109,1.0
DTXSID6047789,2130,0.0,0.0
DTXSID6047810,2130,0.0,0.0
DTXSID6047818,2130,0.9792598855969947,1.0
DTXSID6047941,2130,1.0,1.0
DTXSID6047943,2130,1.0,1.0
DTXSID6047945,2130,1.0,1.0
DTXSID6047947,2130,0.0,0.0
DTXSID6047949,2130,1.0,1.0
DTXSID6048171,2130,0.9999999999997623,1.0
DTXSID6048175,2130,0.9999816969404506,1.0
DTXSID6048200,2130,0.0,0.0
DTXSID6048202,2130,0.0,0.0
DTXSID6048204,2130,0.0,0.0
DTXSID6048206,2130,4.5352388201684435e-06,0.0
DTXSID6048208,2130,0.0,0.0
DTXSID6048333,2130,0.0,0.0
DTXSID6048383,2130,0.0,0.0
DTXSID6048591,2130,0.0,0.0
DTXSID6048593,2130,0.0,0.0
DTXSID6048595,2130,0.0,0.0
DTXSID6048597,2130,0.9999999993194509,1.0
DTXSID6048599,2130,0.0,0.0
DTXSID6048620,2130,0.0,0.0
DTXSID6048622,2130,1.803978240152149e-06,0.0
DTXSID6048624,2130,0.0,0.0
DTXSID6048626,2130,0.0,0.0
DTXSID6048628,2130,0.9999999999825933,1.0
DTXSID6048670,2130,0.0,0.0
DTXSID6048672,2130,0.9999999996283306,1.0
DTXSID6048674,2130,0.9999999999999998,1.0
DTXSID6048676,2130,0.9999999997694574,1.0
DTXSID6048678,2130,0.0,0.0
DTXSID6048701,2130,0.0,0.0
DTXSID6048703,2130,0.0,0.0
DTXSID6048705,2130,0.0,0.0
DTXSID6048707,2130,2.678359054468144e-20,0.0
DTXSID6048709,2130,,
DTXSID6048751,2130,0.9999995187011487,1.0
DTXSID6048753,2130,0.9993338679460001,1.0
DTXSID6048755,2130,0.0,0.0
DTXSID6048757,2130,0.0,0.0
DTXSID6048759,2130,0.9998937329702073,1.0
DTXSID6048830,2130,0.0,0.0
DTXSID6048832,2130,0.999999656590913,1.0
DTXSID6048834,2130,0.0,0.0
DTXSID6048836,2130,0.47623270725104744,0.0
DTXSID6048838,2130,0.10472857098506981,0.0
DTXSID6048880,2130,0.0,0.0
DTXSID6048882,2130,0.9924775961943175,1.0
DTXSID6048884,2130,0.21296854737493973,0.0
DTXSID6048886,2130,0.0,0.0
DTXSID6048888,2130,0.999993180054806,1.0
DTXSID6048911,2130,0.9671857308743266,1.0
DTXSID6048913,2130,0.999990882659426,1.0
DTXSID6048915,2130,0.0,0.0
DTXSID6048917,2130,0.9999985684873316,1.0
DTXSID6048919,2130,1.0,1.0
DTXSID6048961,2130,1.0,1.0
DTXSID6048963,2130,0.0,0.0
DTXSID6048965,2130,,
DTXSID6048967,2130,1.0,1.0
DTXSID6048969,2130,0.9999999792267409,1.0
DTXSID6049010,2130,0.9995710312494587,1.0
DTXSID6049012,2130,0.0,0.0
DTXSID6049016,2130,0.0,0.0
DTXSID6049018,2130,0.0,0.0
DTXSID6049060,2130,0.9999999990570274,1.0
DTXSID6049062,2130,0.999999999994016,1.0
DTXSID6049064,2130,0.0,0.0
DTXSID6049066,2130,1.0,1.0
DTXSID6049068,2130,0.998500089560656,1.0
DTXSID6049220,2130,0.9999863565809493,1.0
DTXSID6049222,2130,0.9999997085300195,1.0
DTXSID6049224,2130,0.0,0.0
DTXSID6049226,2130,0.0,0.0
DTXSID6049228,2130,1.0,1.0
DTXSID6049270,2130,0.0,0.0
DTXSID6049272,2130,0.9999852918024228,1.0
DTXSID6049274,2130,0.0,0.0
DTXSID6049276,2130,0.6131464856400275,0.0
DTXSID6049278,2130,0.0,0.0
DTXSID6049301,2130,0.00014410454375193938,0.0
DTXSID6049303,2130,0.0,0.0
DTXSID6049305,2130,1.9384021778732283e-16,0.0
DTXSID6049307,2130,0.0,0.0
DTXSID6049309,2130,5.076083609497671e-11,0.0
DTXSID6049351,2130,1.0,1.0
DTXSID6049353,2130,0.9999943660827858,1.0
DTXSID6049355,2130,8.246613661118966e-09,0.0
DTXSID6049357,2130,,
DTXSID6049359,2130,1.0,1.0
DTXSID6049430,2130,0.9999980663594719,1.0
DTXSID6049432,2130,0.9999720386414848,1.0
DTXSID6049480,2130,0.0,0.0
DTXSID6049482,2130,0.0,0.0
DTXSID6049484,2130,0.0,0.0
DTXSID6049486,2130,0.0,0.0
DTXSID6049488,2130,0.0,0.0
DTXSID6049511,2130,0.9998190746189636,1.0
DTXSID6049513,2130,0.0,0.0
DTXSID6049515,2130,0.0,0.0
DTXSID6049517,2130,0.0,0.0
DTXSID6049519,2130,0.0,0.0
DTXSID6049561,2130,0.7759611356362465,0.0
DTXSID6050386,2130,0.0,0.0
DTXSID7020005,2130,0.0,0.0
DTXSID7020007,2130,0.0,0.0
DTXSID7020009,2130,0.0,0.0
DTXSID7020053,2130,0.0,0.0
DTXSID7020057,2130,0.9999999554927449,1.0
DTXSID7020138,2130,0.9999737524623372,1.0
DTXSID7020182,2130,0.9999927509098971,1.0
DTXSID7020184,2130,0.0,0.0
DTXSID7020211,2130,0.9999999999813133,1.0
DTXSID7020213,2130,1.0,1.0
DTXSID7020215,2130,0.71726205469629,0.0
DTXSID7020261,2130,0.0,0.0
DTXSID7020263,2130,0.9999999999988607,1.0
DTXSID7020265,2130,0.9999999999999791,1.0
DTXSID7020267,2130,0.999999996748558,1.0
DTXSID7020340,2130,0.9999804690713556,1.0
DTXSID7020342,2130,1.0,1.0
DTXSID7020344,2130,0.9999999620466364,1.0
DTXSID7020348,2130,0.0,0.0
DTXSID7020390,2130,4.16018667120509e-12,0.0
DTXSID7020392,2130,2.2624400253517395e-05,0.0
DTXSID7020398,2130,0.9999999999999889,1.0
DTXSID7020421,2130,7.558159586745966e-13,0.0
DTXSID7020423,2130,0.9999999999575861,1.0
DTXSID7020425,2130,1.0,1.0
DTXSID7020427,2130,0.9999801758356641,1.0
DTXSID7020479,2130,0.9514682350249409,1.0
DTXSID7020504,2130,0.05327525123072878,0.0
DTXSID7020508,2130,0.9996863639759364,1.0
DTXSID7020550,2130,0.9999999999999993,1.0
DTXSID7020552,2130,0.0,0.0
DTXSID7020558,2130,1.0,1.0
DTXSID7020631,2130,0.9975640919793928,1.0
DTXSID7020635,2130,1.0,1.0
DTXSID7020681,2130,0.0,0.0
DTXSID7020683,2130,0.0,0.0
DTXSID7020685,2130,0.0003244212371856373,0.0
DTXSID7020687,2130,0.9999993573589504,1.0
DTXSID7020689,2130,0.0,0.0
DTXSID7020710,2130,0.9999999999990923,1.0
DTXSID7020714,2130,0.9672530387666337,1.0
DTXSID7020716,2130,0.9999999970740622,1.0
DTXSID7020760,2130,1.0,1.0
DTXSID7020762,2130,0.9999289231508257,1.0
DTXSID7020764,2130,0.705208768094172,0.0
DTXSID7020766,2130,0.0,0.0
DTXSID7020768,2130,0.9999888711857885,1.0
DTXSID7020841,2130,0.0,0.0
DTXSID7020843,2130,0.9999999991241486,1.0
DTXSID7020845,2130,0.0,0.0
DTXSID7020847,2130,0.9999152216754881,1.0
DTXSID7020893,2130,0.9999728487316525,1.0
DTXSID7020895,2130,0.0003193744691686279,0.0
DTXSID7020897,2130,1.0,1.0
DTXSID7020899,2130,0.0,0.0
DTXSID7020920,2130,1.4984168466455105e-05,0.0
DTXSID7020922,2130,5.0786837783244226e-11,0.0
DTXSID7020928,2130,0.9999766803901832,1.0
DTXSID7020970,2130,0.9999723944780322,1.0
DTXSID7020972,2130,0.9999998002332509,1.0
DTXSID7020978,2130,0.0,0.0
DTXSID7021027,2130,0.0,0.0
DTXSID7021029,2130,0.0,0.0
DTXSID7021100,2130,0.10732917931913956,0.0
DTXSID7021102,2130,0.0,0.0
DTXSID7021104,2130,0.0,0.0
DTXSID7021106,2130,0.9999742889297827,1.0
DTXSID7021150,2130,1.0,1.0
DTXSID7021152,2130,0.9999965497790589,1.0
DTXSID7021156,2130,2.758761736762792e-05,0.0
DTXSID7021158,2130,0.0,0.0
DTXSID7021231,2130,0.0,0.0
DTXSID7021233,2130,0.9999702795376625,1.0
DTXSID7021235,2130,0.9999999241084799,1.0
DTXSID7021237,2130,0.9999999997174982,1.0
DTXSID7021239,2130,0.9999999733882636,1.0
DTXSID7021283,2130,0.999999987621722,1.0
DTXSID7021287,2130,0.0,0.0
DTXSID7021289,2130,0.9999995637444863,1.0
DTXSID7021312,2130,0.9999279683194039,1.0
DTXSID7021314,2130,1.0,1.0
DTXSID7021316,2130,0.9999999999979947,1.0
DTXSID7021318,2130,0.0,0.0
DTXSID7021360,2130,0.0,0.0
DTXSID7021362,2130,0.0,0.0
DTXSID7021364,2130,0.0,0.0
DTXSID7021366,2130,0.0,0.0
DTXSID7021368,2130,0.9999999999999992,1.0
DTXSID7021491,2130,0.0,0.0
DTXSID7021493,2130,0.0,0.0
DTXSID7021495,2130,4.3839237901425005e-14,0.0
DTXSID7021499,2130,0.0,0.0
DTXSID7021520,2130,0.0,0.0
DTXSID7021524,2130,5.416804773762575e-09,0.0
DTXSID7021526,2130,0.0,0.0
DTXSID7021576,2130,0.0,0.0
DTXSID7021601,2130,0.0,0.0
DTXSID7021603,2130,0.5415500233837143,0.0
DTXSID7021605,2130,0.0,0.0
DTXSID7021607,2130,0.0,0.0
DTXSID7021653,2130,0.0,0.0
DTXSID7021655,2130,0.0,0.0
DTXSID7021657,2130,0.0,0.0
DTXSID7021659,2130,2.599738324131181e-12,0.0
DTXSID7021780,2130,0.0,0.0
DTXSID7021784,2130,0.999999639820508,1.0
DTXSID7021788,2130,0.9999999633368971,1.0
DTXSID7021815,2130,0.0,0.0
DTXSID7021817,2130,0.0,0.0
DTXSID7021863,2130,0.0,0.0
DTXSID7021867,2130,0.05135737776794421,0.0
DTXSID7021869,2130,1.2127748561084815e-11,0.0
DTXSID7021940,2130,0.0,0.0
DTXSID7021946,2130,3.4983066699664445e-09,0.0
DTXSID7021948,2130,0.9128593075505858,1.0
DTXSID7021992,2130,0.0,0.0
DTXSID7021994,2130,0.9999931491580205,1.0
DTXSID7021996,2130,2.7212574189818117e-09,0.0
DTXSID7021998,2130,0.3592501600343393,0.0
DTXSID7022043,2130,0.6323356490997463,0.0
DTXSID7022049,2130,0.0,0.0
DTXSID7022093,2130,0.0,0.0
DTXSID7022120,2130,0.9918550968354254,1.0
DTXSID7022124,2130,0.0,0.0
DTXSID7022128,2130,0.0,0.0
DTXSID7022170,2130,8.812379937780582e-06,0.0
DTXSID7022172,2130,0.9996992363481859,1.0
DTXSID7022174,2130,0.8260088969447147,0.0
DTXSID7022253,2130,0.9999997294383943,1.0
DTXSID7022332,2130,0.9996238541775836,1.0
DTXSID7022382,2130,0.9976078583019209,1.0
DTXSID7022384,2130,1.0,1.0
DTXSID7022411,2130,0.9996783892692449,1.0
DTXSID7022413,2130,0.8155283011098107,0.0
DTXSID7022415,2130,0.0,0.0
DTXSID7022417,2130,0.999999961300798,1.0
DTXSID7022540,2130,0.0,0.0
DTXSID7022544,2130,1.18758020586009e-13,0.0
DTXSID7022546,2130,,
DTXSID7022590,2130,0.0,0.0
DTXSID7022592,2130,0.9999999999997857,1.0
DTXSID7022598,2130,0.9999999999377351,1.0
DTXSID7022629,2130,0.0,0.0
DTXSID7022671,2130,0.9999998903666901,1.0
DTXSID7022673,2130,0.9999999798496163,1.0
DTXSID7022679,2130,0.0,0.0
DTXSID7022752,2130,0.0,0.0
DTXSID7022754,2130,0.0,0.0
DTXSID7022833,2130,0.0,0.0
DTXSID7022835,2130,0.0,0.0
DTXSID7022837,2130,0.9999996503790298,1.0
DTXSID7022839,2130,0.9999967108012785,1.0
DTXSID7022883,2130,1.0,1.0
DTXSID7022910,2130,0.0,0.0
DTXSID7022912,2130,,
DTXSID7022914,2130,0.0,0.0
DTXSID7022918,2130,2.013105969346019e-10,0.0
DTXSID7022968,2130,0.0,0.0
DTXSID7023011,2130,0.0,0.0
DTXSID7023019,2130,0.0,0.0
DTXSID7023061,2130,0.9999999865502887,1.0
DTXSID7023063,2130,0.9999653771709832,1.0
DTXSID7023067,2130,0.9999999999999989,1.0
DTXSID7023146,2130,4.3053504665921905e-10,0.0
DTXSID7023190,2130,0.9999871355997689,1.0
DTXSID7023192,2130,0.0,0.0
DTXSID7023194,2130,0.9985060034271294,1.0
DTXSID7023196,2130,1.0,1.0
DTXSID7023198,2130,1.0,1.0
DTXSID7023225,2130,0.9459791800542852,1.0
DTXSID7023227,2130,1.0623579042431991e-09,0.0
DTXSID7023271,2130,0.0,0.0
DTXSID7023277,2130,0.9999999989806392,1.0
DTXSID7023279,2130,0.9999895011299197,1.0
DTXSID7023300,2130,0.9985061520285078,1.0
DTXSID7023302,2130,0.9907893212274798,1.0
DTXSID7023350,2130,0.9999750462131612,1.0
DTXSID7023352,2130,0.0,0.0
DTXSID7023356,2130,0.0,0.0
DTXSID7023435,2130,0.0,0.0
DTXSID7023437,2130,0.0,0.0
DTXSID7023481,2130,0.9999999829476348,1.0
DTXSID7023485,2130,0.0,0.0
DTXSID7023487,2130,0.0,0.0
DTXSID7023510,2130,0.0,0.0
DTXSID7023512,2130,,
DTXSID7023516,2130,0.0,0.0
DTXSID7023518,2130,0.9999998665367729,1.0
DTXSID7023566,2130,0.0,0.0
DTXSID7023568,2130,0.0,0.0
DTXSID7023643,2130,,
DTXSID7023645,2130,0.9873400947697635,1.0
DTXSID7023691,2130,0.0,0.0
DTXSID7023693,2130,0.3555690780858934,0.0
DTXSID7023697,2130,0.9999868471942026,1.0
DTXSID7023699,2130,0.0,0.0
DTXSID7023722,2130,0.0,0.0
DTXSID7023724,2130,0.0,0.0
DTXSID7023853,2130,0.0,0.0
DTXSID7023930,2130,0.0,0.0
DTXSID7023932,2130,0.9998849294771879,1.0
DTXSID7023936,2130,0.0,0.0
DTXSID7023938,2130,0.6744539965134888,0.0
DTXSID7023980,2130,0.0,0.0
DTXSID7023986,2130,0.9999861218901706,1.0
DTXSID7024031,2130,0.0,0.0
DTXSID7024035,2130,0.0,0.0
DTXSID7024081,2130,0.0,0.0
DTXSID7024085,2130,0.0,0.0
DTXSID7024087,2130,0.0,0.0
DTXSID7024110,2130,0.0,0.0
DTXSID7024112,2130,0.0,0.0
DTXSID7024160,2130,0.9999999998650042,1.0
DTXSID7024164,2130,0.0,0.0
DTXSID7024166,2130,0.0,0.0
DTXSID7024241,2130,0.9999998727589657,1.0
DTXSID7024245,2130,0.9639452522383487,1.0
DTXSID7024247,2130,0.0,0.0
DTXSID7024291,2130,0.9999994754411412,1.0
DTXSID7024299,2130,0.9999345340947586,1.0
DTXSID7024320,2130,0.2526726737778085,0.0
DTXSID7024328,2130,4.58236139656533e-12,0.0
DTXSID7024370,2130,0.0,0.0
DTXSID7024376,2130,0.0,0.0
DTXSID7024409,2130,0.0,0.0
DTXSID7024455,2130,0.0,0.0
DTXSID7024457,2130,1.0,1.0
DTXSID7024532,2130,0.9999988215389434,1.0
DTXSID7024534,2130,0.0,0.0
DTXSID7024538,2130,0.01168619076651381,0.0
DTXSID7024580,2130,0.9333938733316881,1.0
DTXSID7024586,2130,0.0,0.0
DTXSID7024615,2130,0.9999811030418009,1.0
DTXSID7024661,2130,8.627550860067037e-09,0.0
DTXSID7024667,2130,0.999999999999953,1.0
DTXSID7024740,2130,0.0,0.0
DTXSID7024742,2130,0.0,0.0
DTXSID7024798,2130,0.0,0.0
DTXSID7024821,2130,0.0,0.0
DTXSID7024827,2130,0.9999999995757682,1.0
DTXSID7024873,2130,0.0,0.0
DTXSID7024875,2130,1.0,1.0
DTXSID7024902,2130,1.0,1.0
DTXSID7024906,2130,0.9999999999997038,1.0
DTXSID7024952,2130,0.0,0.0
DTXSID7024956,2130,0.9999999999999998,1.0
DTXSID7025001,2130,0.0,0.0
DTXSID7025003,2130,0.0,0.0
DTXSID7025005,2130,0.3990356310382499,0.0
DTXSID7025051,2130,0.0,0.0
DTXSID7025053,2130,0.0,0.0
DTXSID7025055,2130,0.0,0.0
DTXSID7025130,2130,0.0,0.0
DTXSID7025132,2130,2.60960959610471e-19,0.0
DTXSID7025134,2130,0.0,0.0
DTXSID7025136,2130,0.0,0.0
DTXSID7025138,2130,1.0,1.0
DTXSID7025180,2130,0.9999945660259699,1.0
DTXSID7025215,2130,0.0,0.0
DTXSID7025217,2130,0.9999579447874036,1.0
DTXSID7025219,2130,0.9987609551371032,1.0
DTXSID7025269,2130,0.99486792095676,1.0
DTXSID7025342,2130,0.0,0.0
DTXSID7025346,2130,0.0,0.0
DTXSID7025390,2130,0.0,0.0
DTXSID7025421,2130,0.9972081471998391,1.0
DTXSID7025423,2130,0.9793557353115894,1.0
DTXSID7025425,2130,5.232493135380521e-06,0.0
DTXSID7025427,2130,0.0,0.0
DTXSID7025429,2130,0.9999999974582462,1.0
DTXSID7025479,2130,0.0,0.0
DTXSID7025502,2130,0.031491526176238196,0.0
DTXSID7025506,2130,0.9973818740069866,1.0
DTXSID7025508,2130,0.0,0.0
DTXSID7025556,2130,0.0,0.0
DTXSID7025558,2130,0.9999502225574969,1.0
DTXSID7025633,2130,0.03292485572225023,0.0
DTXSID7025635,2130,0.2610795185569247,0.0
DTXSID7025637,2130,0.9949965771768223,1.0
DTXSID7025639,2130,4.6186216466329705e-11,0.0
DTXSID7025689,2130,0.0,0.0
DTXSID7025716,2130,0.9999999999735147,1.0
DTXSID7025764,2130,0.0,0.0
DTXSID7025768,2130,0.0,0.0
DTXSID7025849,2130,0.0,0.0
DTXSID7025895,2130,0.99999999539452,1.0
DTXSID7025922,2130,0.0,0.0
DTXSID7025924,2130,0.0,0.0
DTXSID7025926,2130,0.9999999978434595,1.0
DTXSID7025972,2130,0.0002800671356051272,0.0
DTXSID7026025,2130,0.0,0.0
DTXSID7026029,2130,0.00010643322880914649,0.0
DTXSID7026102,2130,0.0,0.0
DTXSID7026108,2130,0.9991886148657727,1.0
DTXSID7026156,2130,0.004616384390519983,0.0
DTXSID7026231,2130,0.0,0.0
DTXSID7026235,2130,0.00016889145249917513,0.0
DTXSID7026285,2130,1.6374533517672506e-06,0.0
DTXSID7026314,2130,1.0,1.0
DTXSID7026318,2130,,
DTXSID7026366,2130,0.0,0.0
DTXSID7026368,2130,0.0,0.0
DTXSID7026441,2130,5.360148327194261e-08,0.0
DTXSID7026499,2130,0.7957019348122382,0.0
DTXSID7026520,2130,0.9999837737895386,1.0
DTXSID7026526,2130,0.0,0.0
DTXSID7026528,2130,0.0,0.0
DTXSID7026572,2130,0.0,0.0
DTXSID7026605,2130,0.0,0.0
DTXSID7026609,2130,0.0,0.0
DTXSID7026653,2130,0.9999753379790015,1.0
DTXSID7026655,2130,0.9999992463380898,1.0
DTXSID7026811,2130,0.9999692416351211,1.0
DTXSID7026863,2130,1.3357084889398477e-09,0.0
DTXSID7026867,2130,4.740489320381248e-16,0.0
DTXSID7026946,2130,0.9988477139857805,1.0
DTXSID7026994,2130,0.0,0.0
DTXSID7026998,2130,1.1398764475710414e-16,0.0
DTXSID7027041,2130,0.9999802823100566,1.0
DTXSID7027043,2130,0.0,0.0
DTXSID7027047,2130,2.6515321723445067e-06,0.0
DTXSID7027049,2130,0.0,0.0
DTXSID7027097,2130,0.0,0.0
DTXSID7027099,2130,9.926745310174141e-11,0.0
DTXSID7027120,2130,0.0,0.0
DTXSID7027122,2130,0.0,0.0
DTXSID7027170,2130,0.026204336849013528,0.0
DTXSID7027174,2130,0.0,0.0
DTXSID7027178,2130,0.0,0.0
DTXSID7027201,2130,0.0,0.0
DTXSID7027205,2130,1.3254101323857e-11,0.0
DTXSID7027253,2130,0.0,0.0
DTXSID7027259,2130,0.0,0.0
DTXSID7027334,2130,0.0,0.0
DTXSID7027338,2130,0.0,0.0
DTXSID7027386,2130,0.9991857986230577,1.0
DTXSID7027388,2130,0.9968788227710699,1.0
DTXSID7027413,2130,0.0,0.0
DTXSID7027461,2130,0.9999975426985082,1.0
DTXSID7027467,2130,0.0,0.0
DTXSID7027540,2130,1.7781711327666058e-06,0.0
DTXSID7027542,2130,0.0,0.0
DTXSID7027544,2130,0.0,0.0
DTXSID7027546,2130,0.0,0.0
DTXSID7027594,2130,0.9999999999792275,1.0
DTXSID7027596,2130,0.0,0.0
DTXSID7027598,2130,3.136866901447344e-05,0.0
DTXSID7027625,2130,1.8057148453714636e-05,0.0
DTXSID7027756,2130,0.9895908313467765,1.0
DTXSID7027833,2130,0.0,0.0
DTXSID7027835,2130,1.3398810588007726e-13,0.0
DTXSID7027837,2130,0.0,0.0
DTXSID7027887,2130,0.0,0.0
DTXSID7027916,2130,0.0005465540012230817,0.0
DTXSID7027966,2130,0.0,0.0
DTXSID7028013,2130,0.0,0.0
DTXSID7028015,2130,0.9999999999984194,1.0
DTXSID7028300,2130,5.010081339047111e-09,0.0
DTXSID7028306,2130,0.0,0.0
DTXSID7028774,2130,0.964693449158896,1.0
DTXSID7028776,2130,0.0,0.0
DTXSID7029110,2130,0.0,0.0
DTXSID7029160,2130,0.0,0.0
DTXSID7029162,2130,0.9996211298568889,1.0
DTXSID7029164,2130,4.5819474195443796e-11,0.0
DTXSID7029166,2130,0.0,0.0
DTXSID7029241,2130,0.9999999999999991,1.0
DTXSID7029247,2130,2.7012980975685333e-13,0.0
DTXSID7029249,2130,0.0,0.0
DTXSID7029299,2130,0.0,0.0
DTXSID7029320,2130,0.99955271180562,1.0
DTXSID7029534,2130,0.0,0.0
DTXSID7029611,2130,0.8362608907413422,0.0
DTXSID7029617,2130,7.980566066199376e-16,0.0
DTXSID7029619,2130,0.0,0.0
DTXSID7029661,2130,0.0,0.0
DTXSID7029665,2130,0.0,0.0
DTXSID7029871,2130,0.9999999999997652,1.0
DTXSID7029879,2130,1.0,1.0
DTXSID7029904,2130,0.0,0.0
DTXSID7030060,2130,0.0,0.0
DTXSID7030197,2130,0.0,0.0
DTXSID7030307,2130,1.1712698276542017e-14,0.0
DTXSID7030432,2130,1.0,1.0
DTXSID7030698,2130,0.0008041936309059309,0.0
DTXSID7031248,2130,0.999999999999922,1.0
DTXSID7031290,2130,0.9861465026011804,1.0
DTXSID7031294,2130,0.0,0.0
DTXSID7031458,2130,0.9999494579728261,1.0
DTXSID7031531,2130,0.999999999999917,1.0
DTXSID7031797,2130,2.852221431136207e-17,0.0
DTXSID7031903,2130,0.0,0.0
DTXSID7032004,2130,0.999999999999749,1.0
DTXSID7032345,2130,0.9999999779261498,1.0
DTXSID7032393,2130,0.9999882078684065,1.0
DTXSID7032424,2130,0.9997671948999798,1.0
DTXSID7032470,2130,0.999847969635839,1.0
DTXSID7032474,2130,0.999316267696093,1.0
DTXSID7032551,2130,1.0,1.0
DTXSID7032553,2130,0.9999997930699441,1.0
DTXSID7032555,2130,0.9997352441421871,1.0
DTXSID7032559,2130,0.9999960871704228,1.0
DTXSID7032630,2130,0.9999607289065807,1.0
DTXSID7032638,2130,1.0,1.0
DTXSID7032688,2130,0.060345204809901694,0.0
DTXSID7033105,2130,0.999999966158926,1.0
DTXSID7034042,2130,1.0,1.0
DTXSID7034250,2130,0.9999999992130743,1.0
DTXSID7034252,2130,0.0,0.0
DTXSID7034383,2130,,
DTXSID7034545,2130,0.9999996897076199,1.0
DTXSID7034549,2130,1.4240529980471545e-11,0.0
DTXSID7034672,2130,0.9999900086527315,1.0
DTXSID7034674,2130,0.9999999999999983,1.0
DTXSID7034676,2130,0.9671323297879083,1.0
DTXSID7034836,2130,0.5611762660040269,0.0
DTXSID7034961,2130,0.6290240900885757,0.0
DTXSID7035010,2130,0.0,0.0
DTXSID7035272,2130,9.480039859418525e-05,0.0
DTXSID7035305,2130,0.019755841156792554,0.0
DTXSID7037131,2130,0.9999116272039685,1.0
DTXSID7037185,2130,0.9999999999999737,1.0
DTXSID7037262,2130,0.9990800901057134,1.0
DTXSID7037478,2130,0.15183408939582158,0.0
DTXSID7037551,2130,0.0,0.0
DTXSID7037553,2130,0.9999999953121731,1.0
DTXSID7037555,2130,0.9999980605580974,1.0
DTXSID7037680,2130,0.0,0.0
DTXSID7037684,2130,0.0,0.0
DTXSID7037715,2130,0.9999985462143242,1.0
DTXSID7037717,2130,0.9999507639299171,1.0
DTXSID7038317,2130,0.9124054188957731,1.0
DTXSID7038810,2130,0.0,0.0
DTXSID7038814,2130,0.0,0.0
DTXSID7038818,2130,9.744859973366333e-12,0.0
DTXSID7038864,2130,0.9999999999999988,1.0
DTXSID7040152,2130,0.0,0.0
DTXSID7040154,2130,,
DTXSID7040283,2130,0.9999994793814382,1.0
DTXSID7040285,2130,3.814280389202573e-11,0.0
DTXSID7040287,2130,0.9999999997206894,1.0
DTXSID7040289,2130,0.0,0.0
DTXSID7040316,2130,0.999999995925525,1.0
DTXSID7040360,2130,0.9996639742232492,1.0
DTXSID7040362,2130,1.0,1.0
DTXSID7040449,2130,0.9999872010167974,1.0
DTXSID7040526,2130,0.9994763122202514,1.0
DTXSID7040609,2130,0.0,0.0
DTXSID7040651,2130,1.0,1.0
DTXSID7040653,2130,0.0,0.0
DTXSID7040657,2130,0.9970871209350025,1.0
DTXSID7040732,2130,0.9999999636415471,1.0
DTXSID7040734,2130,0.0,0.0
DTXSID7040736,2130,1.0,1.0
DTXSID7040738,2130,0.9999999999974812,1.0
DTXSID7040788,2130,0.9942104225235513,1.0
DTXSID7040948,2130,0.0,0.0
DTXSID7040990,2130,1.0,1.0
DTXSID7041045,2130,0.0,0.0
DTXSID7041047,2130,0.9999847275025799,1.0
DTXSID7041091,2130,0.0,0.0
DTXSID7041097,2130,0.9999999241950857,1.0
DTXSID7041126,2130,0.0,0.0
DTXSID7041178,2130,0.9993916421772662,1.0
DTXSID7041201,2130,0.9994618318643975,1.0
DTXSID7041209,2130,0.0,0.0
DTXSID7041253,2130,6.2631342628561e-12,0.0
DTXSID7041336,2130,0.9999917246825316,1.0
DTXSID7041388,2130,0.00021866534420373002,0.0
DTXSID7041411,2130,0.9999999999999999,1.0
DTXSID7041413,2130,0.0,0.0
DTXSID7041417,2130,0.010845508451503547,0.0
DTXSID7041461,2130,1.0,1.0
DTXSID7041467,2130,0.9999999891509455,1.0
DTXSID7041540,2130,0.0,0.0
DTXSID7041544,2130,0.9999816195178571,1.0
DTXSID7041621,2130,0.9979792053348147,1.0
DTXSID7041623,2130,0.9998969086199011,1.0
DTXSID7041625,2130,0.0,0.0
DTXSID7041627,2130,9.417074044015398e-09,0.0
DTXSID7041629,2130,1.0,1.0
DTXSID7041671,2130,0.6100230029976745,0.0
DTXSID7041675,2130,0.0,0.0
DTXSID7041708,2130,,
DTXSID7041752,2130,0.0,0.0
DTXSID7041756,2130,1.2556575825411533e-07,0.0
DTXSID7041883,2130,0.999999999999874,1.0
DTXSID7041887,2130,1.0,1.0
DTXSID7041889,2130,9.869302291606267e-09,0.0
DTXSID7041910,2130,0.9998590068217841,1.0
DTXSID7041914,2130,4.912031940540028e-10,0.0
DTXSID7041916,2130,0.0,0.0
DTXSID7041918,2130,0.910640368328136,1.0
DTXSID7041962,2130,1.8122396616693644e-11,0.0
DTXSID7041964,2130,,
DTXSID7041966,2130,0.9999403067429223,1.0
DTXSID7042011,2130,0.9999552076651432,1.0
DTXSID7042019,2130,0.9999164714193451,1.0
DTXSID7042061,2130,0.0,0.0
DTXSID7042063,2130,6.314814282685718e-08,0.0
DTXSID7042065,2130,0.9999985396036397,1.0
DTXSID7042140,2130,9.880780479848743e-09,0.0
DTXSID7042146,2130,0.0,0.0
DTXSID7042190,2130,0.9998175285018583,1.0
DTXSID7042196,2130,0.0,0.0
DTXSID7042198,2130,0.8298091080436538,0.0
DTXSID7042273,2130,0.9999976896295707,1.0
DTXSID7042279,2130,0.0,0.0
DTXSID7042352,2130,0.9999999804676558,1.0
DTXSID7042356,2130,3.1724655266062037e-07,0.0
DTXSID7042437,2130,0.9438969386474749,1.0
DTXSID7042514,2130,0.0,0.0
DTXSID7043829,2130,0.0,0.0
DTXSID7043873,2130,,
DTXSID7043902,2130,0.9381624892610049,1.0
DTXSID7043908,2130,0.9571364326199466,1.0
DTXSID7043950,2130,0.0,0.0
DTXSID7043952,2130,0.9999999999987581,1.0
DTXSID7044130,2130,0.0,0.0
DTXSID7044132,2130,0.0,0.0
DTXSID7044215,2130,0.9982297383555877,1.0
DTXSID7044217,2130,0.0,0.0
DTXSID7044267,2130,0.0,0.0
DTXSID7044340,2130,0.0,0.0
DTXSID7044342,2130,0.9980692325568898,1.0
DTXSID7044346,2130,0.0,0.0
DTXSID7044390,2130,0.9999999999999946,1.0
DTXSID7044392,2130,0.8640630746263667,0.0
DTXSID7044394,2130,0.8621908167719649,0.0
DTXSID7044396,2130,0.0,0.0
DTXSID7044398,2130,0.9715964548812559,1.0
DTXSID7044421,2130,,
DTXSID7044423,2130,0.0,0.0
DTXSID7044425,2130,0.0012039024147242174,0.0
DTXSID7044427,2130,5.213817590647847e-09,0.0
DTXSID7044429,2130,0.9999999999371084,1.0
DTXSID7044471,2130,0.0,0.0
DTXSID7044473,2130,0.0,0.0
DTXSID7044475,2130,0.0,0.0
DTXSID7044479,2130,8.655912697454261e-09,0.0
DTXSID7044502,2130,0.9627519397525555,1.0
DTXSID7044504,2130,0.9999708482762966,1.0
DTXSID7044506,2130,0.0,0.0
DTXSID7044508,2130,0.9992443975234422,1.0
DTXSID7044552,2130,0.0,0.0
DTXSID7044554,2130,0.0,0.0
DTXSID7044631,2130,0.0,0.0
DTXSID7044633,2130,0.0,0.0
DTXSID7044635,2130,0.9999999999999999,1.0
DTXSID7044639,2130,1.0,1.0
DTXSID7044681,2130,0.9999999956028272,1.0
DTXSID7044685,2130,1.1568635266426614e-10,0.0
DTXSID7044689,2130,1.7709429664124486e-06,0.0
DTXSID7044710,2130,0.0,0.0
DTXSID7044712,2130,,
DTXSID7044714,2130,,
DTXSID7044716,2130,0.5551720130806386,0.0
DTXSID7044718,2130,0.00031495293223047594,0.0
DTXSID7044760,2130,1.0617196310061757e-10,0.0
DTXSID7044762,2130,0.0,0.0
DTXSID7044764,2130,1.6612063170371728e-08,0.0
DTXSID7044768,2130,0.0,0.0
DTXSID7044841,2130,0.9999999999999973,1.0
DTXSID7044843,2130,0.9999999999822661,1.0
DTXSID7044845,2130,0.0,0.0
DTXSID7044847,2130,0.0,0.0
DTXSID7044849,2130,0.9028521133691928,1.0
DTXSID7044893,2130,2.9046862337679516e-07,0.0
DTXSID7044895,2130,0.9998369088203404,1.0
DTXSID7044897,2130,0.14014909532306458,0.0
DTXSID7044899,2130,0.0,0.0
DTXSID7044922,2130,0.9982281783137646,1.0
DTXSID7044926,2130,0.7302037381928185,0.0
DTXSID7044928,2130,0.0,0.0
DTXSID7044972,2130,0.032010542922738285,0.0
DTXSID7044974,2130,2.429027955186144e-14,0.0
DTXSID7044976,2130,0.0,0.0
DTXSID7044978,2130,0.05089203327293995,0.0
DTXSID7045029,2130,0.9999999978467021,1.0
DTXSID7045079,2130,0.0,0.0
DTXSID7045106,2130,0.0,0.0
DTXSID7045108,2130,0.0,0.0
DTXSID7045150,2130,0.9999999999999968,1.0
DTXSID7045152,2130,0.9999999999999989,1.0
DTXSID7045158,2130,0.0,0.0
DTXSID7045281,2130,0.0,0.0
DTXSID7045287,2130,0.0,0.0
DTXSID7045310,2130,0.0,0.0
DTXSID7045312,2130,0.0,0.0
DTXSID7045316,2130,0.0,0.0
DTXSID7045318,2130,0.0,0.0
DTXSID7045360,2130,0.999999997510658,1.0
DTXSID7045364,2130,0.9999995170556225,1.0
DTXSID7045366,2130,0.0,0.0
DTXSID7045368,2130,0.9999923226011183,1.0
DTXSID7045441,2130,0.6791665968544903,0.0
DTXSID7045443,2130,0.0,0.0
DTXSID7045447,2130,0.999999991584956,1.0
DTXSID7045493,2130,0.0,0.0
DTXSID7045497,2130,0.9997665877353167,1.0
DTXSID7045522,2130,0.0,0.0
DTXSID7045526,2130,0.0,0.0
DTXSID7045570,2130,0.0,0.0
DTXSID7045572,2130,0.0,0.0
DTXSID7045574,2130,0.0,0.0
DTXSID7045576,2130,0.0,0.0
DTXSID7045578,2130,0.17276634402820626,0.0
DTXSID7045601,2130,1.0,1.0
DTXSID7045603,2130,0.0,0.0
DTXSID7045605,2130,0.0,0.0
DTXSID7045607,2130,0.9999999999997228,1.0
DTXSID7045651,2130,0.0,0.0
DTXSID7045653,2130,0.9999997228930948,1.0
DTXSID7045655,2130,0.0,0.0
DTXSID7045659,2130,0.0,0.0
DTXSID7045780,2130,0.0,0.0
DTXSID7045782,2130,0.0,0.0
DTXSID7045786,2130,0.2762487004317893,0.0
DTXSID7045788,2130,0.0,0.0
DTXSID7045811,2130,0.9999948932823665,1.0
DTXSID7045813,2130,0.0,0.0
DTXSID7045815,2130,0.9999942581409813,1.0
DTXSID7045861,2130,0.0,0.0
DTXSID7045863,2130,0.9999999999999992,1.0
DTXSID7045865,2130,0.0,0.0
DTXSID7045867,2130,0.9999999973335156,1.0
DTXSID7045940,2130,0.0,0.0
DTXSID7045942,2130,0.0,0.0
DTXSID7045944,2130,0.9999999999999964,1.0
DTXSID7045946,2130,8.032234058970306e-12,0.0
DTXSID7045948,2130,0.9999221109624153,1.0
DTXSID7045992,2130,0.0,0.0
DTXSID7045996,2130,0.0,0.0
DTXSID7045998,2130,0.9999999645452472,1.0
DTXSID7046041,2130,0.0,0.0
DTXSID7046045,2130,0.0,0.0
DTXSID7046047,2130,0.0,0.0
DTXSID7046091,2130,0.9999999989287681,1.0
DTXSID7046093,2130,0.0,0.0
DTXSID7046095,2130,0.0,0.0
DTXSID7046097,2130,0.0,0.0
DTXSID7046099,2130,0.9999913366445522,1.0
DTXSID7046120,2130,0.9999999999999858,1.0
DTXSID7046122,2130,0.0,0.0
DTXSID7046126,2130,0.0,0.0
DTXSID7046128,2130,0.0,0.0
DTXSID7046170,2130,0.0,0.0
DTXSID7046172,2130,0.0,0.0
DTXSID7046174,2130,0.9999286230614562,1.0
DTXSID7046176,2130,0.9999985753387407,1.0
DTXSID7046178,2130,1.0,1.0
DTXSID7046201,2130,0.0,0.0
DTXSID7046205,2130,0.9999903706295843,1.0
DTXSID7046207,2130,0.9999999955619818,1.0
DTXSID7046251,2130,0.0,0.0
DTXSID7046253,2130,0.9999968480572433,1.0
DTXSID7046255,2130,0.9999991582410102,1.0
DTXSID7046257,2130,0.9999999999988721,1.0
DTXSID7046259,2130,0.0,0.0
DTXSID7046332,2130,0.0,0.0
DTXSID7046384,2130,0.0,0.0
DTXSID7046386,2130,0.9999999999998828,1.0
DTXSID7046388,2130,0.0,0.0
DTXSID7046411,2130,0.0,0.0
DTXSID7046413,2130,1.0,1.0
DTXSID7046415,2130,0.9971656503532758,1.0
DTXSID7046417,2130,0.0,0.0
DTXSID7046419,2130,0.0,0.0
DTXSID7046461,2130,1.0,1.0
DTXSID7046463,2130,0.999999999303524,1.0
DTXSID7046465,2130,0.9999999999395397,1.0
DTXSID7046467,2130,0.0,0.0
DTXSID7046540,2130,0.0,0.0
DTXSID7046542,2130,0.9999999999991193,1.0
DTXSID7046548,2130,0.0,0.0
DTXSID7046592,2130,0.9999399225216629,1.0
DTXSID7046594,2130,0.0,0.0
DTXSID7046596,2130,0.0,0.0
DTXSID7046621,2130,0.0,0.0
DTXSID7046623,2130,0.0,0.0
DTXSID7046627,2130,0.0,0.0
DTXSID7046673,2130,0.0,0.0
DTXSID7046675,2130,1.0687093413887417e-14,0.0
DTXSID7046677,2130,,
DTXSID7046700,2130,0.0,0.0
DTXSID7046702,2130,0.0,0.0
DTXSID7046706,2130,0.0,0.0
DTXSID7046708,2130,0.999998979333659,1.0
DTXSID7046750,2130,3.7413714780357334e-14,0.0
DTXSID7046752,2130,1.0,1.0
DTXSID7046754,2130,0.0,0.0
DTXSID7046756,2130,0.0,0.0
DTXSID7046758,2130,0.0,0.0
DTXSID7046831,2130,0.0,0.0
DTXSID7046833,2130,0.0,0.0
DTXSID7046835,2130,0.9999999996273232,1.0
DTXSID7046837,2130,1.0,1.0
DTXSID7046839,2130,0.0,0.0
DTXSID7046881,2130,0.0,0.0
DTXSID7046883,2130,0.013729166899865485,0.0
DTXSID7046885,2130,,
DTXSID7046887,2130,0.0,0.0
DTXSID7046889,2130,0.999999999995681,1.0
DTXSID7046910,2130,0.0,0.0
DTXSID7046912,2130,0.0,0.0
DTXSID7046914,2130,0.0,0.0
DTXSID7046918,2130,0.0,0.0
DTXSID7046966,2130,0.0,0.0
DTXSID7047061,2130,0.0,0.0
DTXSID7047065,2130,0.0,0.0
DTXSID7047067,2130,6.06503923123324e-09,0.0
DTXSID7047140,2130,0.0,0.0
DTXSID7047142,2130,0.0,0.0
DTXSID7047144,2130,0.9999999999439588,1.0
DTXSID7047146,2130,0.9999999999976665,1.0
DTXSID7047190,2130,0.0,0.0
DTXSID7047192,2130,0.0,0.0
DTXSID7047196,2130,0.0,0.0
DTXSID7047198,2130,0.0,0.0
DTXSID7047271,2130,1.0,1.0
DTXSID7047277,2130,0.9999999999999998,1.0
DTXSID7047279,2130,0.9999999955264869,1.0
DTXSID7047304,2130,0.9998529439919145,1.0
DTXSID7047306,2130,0.0,0.0
DTXSID7047308,2130,0.9999519822382071,1.0
DTXSID7047356,2130,0.0,0.0
DTXSID7047358,2130,0.9999940954638602,1.0
DTXSID7047433,2130,0.9999999641011881,1.0
DTXSID7047435,2130,0.9999999999999996,1.0
DTXSID7047437,2130,0.0,0.0
DTXSID7047439,2130,0.0,0.0
DTXSID7047487,2130,0.0,0.0
DTXSID7047510,2130,0.0,0.0
DTXSID7047512,2130,0.0,0.0
DTXSID7047518,2130,0.9999932560154795,1.0
DTXSID7047560,2130,0.0,0.0
DTXSID7047562,2130,0.0,0.0
DTXSID7047568,2130,0.0,0.0
DTXSID7047641,2130,0.0,0.0
DTXSID7047643,2130,0.0,0.0
DTXSID7047645,2130,0.0,0.0
DTXSID7047647,2130,0.5285611279911224,0.0
DTXSID7047649,2130,0.0,0.0
DTXSID7047697,2130,0.9998846127273076,1.0
DTXSID7047726,2130,0.0,0.0
DTXSID7047772,2130,0.9996888935592607,1.0
DTXSID7047774,2130,0.0,0.0
DTXSID7047776,2130,0.9999999633136405,1.0
DTXSID7047778,2130,0.9998610498851539,1.0
DTXSID7047801,2130,0.0,0.0
DTXSID7047803,2130,0.0,0.0
DTXSID7047807,2130,0.0855583669200121,0.0
DTXSID7047851,2130,0.999999966247248,1.0
DTXSID7047853,2130,1.0,1.0
DTXSID7047857,2130,0.0,0.0
DTXSID7047930,2130,0.999869632038479,1.0
DTXSID7047932,2130,1.6926628035797738e-10,0.0
DTXSID7047934,2130,1.0,1.0
DTXSID7047936,2130,0.9999999999999933,1.0
DTXSID7047938,2130,0.0,0.0
DTXSID7048166,2130,1.0,1.0
DTXSID7048168,2130,0.9999999998924084,1.0
DTXSID7048291,2130,0.9999989291668349,1.0
DTXSID7048580,2130,0.0,0.0
DTXSID7048582,2130,0.0,0.0
DTXSID7048584,2130,0.0,0.0
DTXSID7048586,2130,0.9999999989103945,1.0
DTXSID7048588,2130,0.0,0.0
DTXSID7048611,2130,0.9989290125534109,1.0
DTXSID7048613,2130,1.0,1.0
DTXSID7048615,2130,0.0,0.0
DTXSID7048617,2130,0.0,0.0
DTXSID7048619,2130,0.9999999351325392,1.0
DTXSID7048661,2130,0.5501917379999799,0.0
DTXSID7048663,2130,0.0,0.0
DTXSID7048665,2130,0.0,0.0
DTXSID7048667,2130,0.0,0.0
DTXSID7048669,2130,0.0,0.0
DTXSID7048740,2130,0.0,0.0
DTXSID7048742,2130,1.0,1.0
DTXSID7048744,2130,0.0,0.0
DTXSID7048746,2130,0.9995738183140312,1.0
DTXSID7048748,2130,0.0,0.0
DTXSID7048790,2130,0.0,0.0
DTXSID7048792,2130,0.999999999990074,1.0
DTXSID7048794,2130,0.5093694171345657,0.0
DTXSID7048796,2130,0.9845173158167827,1.0
DTXSID7048798,2130,0.9999999999999997,1.0
DTXSID7048821,2130,0.0,0.0
DTXSID7048823,2130,0.3508922010163307,0.0
DTXSID7048825,2130,4.322269967183106e-06,0.0
DTXSID7048827,2130,0.0,0.0
DTXSID7048829,2130,0.0,0.0
DTXSID7048871,2130,0.9999972954905846,1.0
DTXSID7048873,2130,0.0,0.0
DTXSID7048875,2130,0.9999904037904953,1.0
DTXSID7048877,2130,0.9999999999299929,1.0
DTXSID7048879,2130,0.0,0.0
DTXSID7048900,2130,0.012066530257694741,0.0
DTXSID7048902,2130,0.0,0.0
DTXSID7048904,2130,0.0,0.0
DTXSID7048906,2130,0.0,0.0
DTXSID7048908,2130,0.0,0.0
DTXSID7048950,2130,0.9999839870529238,1.0
DTXSID7048952,2130,0.0,0.0
DTXSID7048954,2130,0.0,0.0
DTXSID7048956,2130,7.421791964681516e-07,0.0
DTXSID7048958,2130,0.9999999337167399,1.0
DTXSID7049001,2130,0.9759726318645178,1.0
DTXSID7049003,2130,0.9723269366999868,1.0
DTXSID7049005,2130,0.9999559072553099,1.0
DTXSID7049007,2130,0.9666828343301433,1.0
DTXSID7049009,2130,0.0,0.0
DTXSID7049051,2130,1.0,1.0
DTXSID7049053,2130,1.0,1.0
DTXSID7049055,2130,0.16559642151643603,0.0
DTXSID7049057,2130,0.9951132483383649,1.0
DTXSID7049059,2130,0.0,0.0
DTXSID7049211,2130,0.9986173410591745,1.0
DTXSID7049213,2130,0.0,0.0
DTXSID7049215,2130,0.0,0.0
DTXSID7049217,2130,0.0,0.0
DTXSID7049219,2130,0.00016162068811220812,0.0
DTXSID7049261,2130,0.9983060565159427,1.0
DTXSID7049263,2130,0.0,0.0
DTXSID7049265,2130,0.9997735558559443,1.0
DTXSID7049267,2130,0.9998916167801929,1.0
DTXSID7049269,2130,0.0,0.0
DTXSID7049340,2130,0.0,0.0
DTXSID7049342,2130,0.9923636542770824,1.0
DTXSID7049344,2130,0.0,0.0
DTXSID7049346,2130,0.0,0.0
DTXSID7049348,2130,0.0,0.0
DTXSID7049390,2130,0.0,0.0
DTXSID7049392,2130,0.0,0.0
DTXSID7049394,2130,0.0,0.0
DTXSID7049396,2130,0.0,0.0
DTXSID7049398,2130,0.0,0.0
DTXSID7049421,2130,0.0,0.0
DTXSID7049423,2130,0.0,0.0
DTXSID7049425,2130,0.0,0.0
DTXSID7049427,2130,1.184825308570054e-12,0.0
DTXSID7049429,2130,1.0,1.0
DTXSID7049471,2130,0.0,0.0
DTXSID7049473,2130,0.0,0.0
DTXSID7049475,2130,0.0,0.0
DTXSID7049477,2130,0.0,0.0
DTXSID7049479,2130,0.0,0.0
DTXSID7049500,2130,0.0,0.0
DTXSID7049502,2130,0.9970967815329425,1.0
DTXSID7049504,2130,0.999580069268011,1.0
DTXSID7049506,2130,0.0,0.0
DTXSID7049508,2130,0.0,0.0
DTXSID7049550,2130,0.0,0.0
DTXSID7049552,2130,0.9999401611643249,1.0
DTXSID7049554,2130,0.9999808855697784,1.0
DTXSID7049556,2130,0.9993956537419517,1.0
DTXSID7049558,2130,0.9940753861078124,1.0
DTXSID8020040,2130,0.9875291664236598,1.0
DTXSID8020044,2130,8.752545474268439e-10,0.0
DTXSID8020090,2130,2.777193403448569e-12,0.0
DTXSID8020092,2130,0.0,0.0
DTXSID8020094,2130,0.0,0.0
DTXSID8020121,2130,0.00931789712224893,0.0
DTXSID8020123,2130,0.7670508804612751,0.0
DTXSID8020127,2130,0.9999999992167373,1.0
DTXSID8020129,2130,0.0,0.0
DTXSID8020173,2130,0.0,0.0
DTXSID8020175,2130,0.9998964381832005,1.0
DTXSID8020179,2130,0.0,0.0
DTXSID8020200,2130,0.998283528668978,1.0
DTXSID8020202,2130,0.9999998823713393,1.0
DTXSID8020206,2130,1.5623589137580562e-18,0.0
DTXSID8020250,2130,0.0,0.0
DTXSID8020252,2130,0.0,0.0
DTXSID8020256,2130,7.231148836366467e-07,0.0
DTXSID8020331,2130,0.20086347757326667,0.0
DTXSID8020337,2130,1.0,1.0
DTXSID8020381,2130,0.9999999389585773,1.0
DTXSID8020383,2130,1.0,1.0
DTXSID8020410,2130,0.0,0.0
DTXSID8020462,2130,5.72894947932337e-14,0.0
DTXSID8020464,2130,0.0009584035483154531,0.0
DTXSID8020466,2130,0.0,0.0
DTXSID8020468,2130,0.0,0.0
DTXSID8020541,2130,0.9996095875038288,1.0
DTXSID8020543,2130,0.0,0.0
DTXSID8020545,2130,0.5296257078287652,0.0
DTXSID8020591,2130,0.0,0.0
DTXSID8020593,2130,0.014215528254667615,0.0
DTXSID8020597,2130,9.984832836684692e-09,0.0
DTXSID8020620,2130,0.9948690824816278,1.0
DTXSID8020622,2130,0.0,0.0
DTXSID8020624,2130,1.0,1.0
DTXSID8020626,2130,0.9999798949625639,1.0
DTXSID8020628,2130,0.0,0.0
DTXSID8020674,2130,0.9999999994558543,1.0
DTXSID8020678,2130,0.999999998810781,1.0
DTXSID8020703,2130,0.999943349347522,1.0
DTXSID8020707,2130,0.6251270660277896,0.0
DTXSID8020709,2130,7.1293501495409255e-16,0.0
DTXSID8020753,2130,0.0,0.0
DTXSID8020755,2130,0.998929887662734,1.0
DTXSID8020757,2130,0.0,0.0
DTXSID8020759,2130,0.0,0.0
DTXSID8020830,2130,0.9838632141656414,1.0
DTXSID8020834,2130,0.8807423785589484,0.0
DTXSID8020838,2130,0.9999746591267699,1.0
DTXSID8020886,2130,0.0,0.0
DTXSID8020888,2130,0.0,0.0
DTXSID8020911,2130,0.0,0.0
DTXSID8020913,2130,0.0,0.0
DTXSID8020915,2130,0.0,0.0
DTXSID8020917,2130,0.9999945024593352,1.0
DTXSID8020919,2130,0.9999881902729657,1.0
DTXSID8020961,2130,0.9989482813602311,1.0
DTXSID8020963,2130,0.0,0.0
DTXSID8020965,2130,0.0,0.0
DTXSID8020967,2130,0.0,0.0
DTXSID8020969,2130,0.0,0.0
DTXSID8021060,2130,0.0,0.0
DTXSID8021062,2130,0.0,0.0
DTXSID8021145,2130,0.0,0.0
DTXSID8021147,2130,0.9995934192029886,1.0
DTXSID8021191,2130,1.0,1.0
DTXSID8021193,2130,0.9999510626558125,1.0
DTXSID8021195,2130,4.071190503298004e-06,0.0
DTXSID8021197,2130,0.0,0.0
DTXSID8021199,2130,0.0,0.0
DTXSID8021222,2130,6.2101590618781655e-06,0.0
DTXSID8021224,2130,0.999999995763901,1.0
DTXSID8021270,2130,0.9999999995837746,1.0
DTXSID8021272,2130,0.0,0.0
DTXSID8021276,2130,0.0,0.0
DTXSID8021278,2130,0.999999999992666,1.0
DTXSID8021301,2130,1.0,1.0
DTXSID8021305,2130,0.0,0.0
DTXSID8021309,2130,0.9999414909596882,1.0
DTXSID8021351,2130,6.315858226573789e-17,0.0
DTXSID8021359,2130,0.06294163864098505,0.0
DTXSID8021438,2130,0.0,0.0
DTXSID8021482,2130,0.0,0.0
DTXSID8021484,2130,0.0,0.0
DTXSID8021486,2130,0.0,0.0
DTXSID8021488,2130,0.0,0.0
DTXSID8021513,2130,0.0,0.0
DTXSID8021515,2130,3.193780739386203e-05,0.0
DTXSID8021517,2130,0.0,0.0
DTXSID8021519,2130,0.0,0.0
DTXSID8021561,2130,5.757884368868261e-10,0.0
DTXSID8021563,2130,0.9030420594180585,1.0
DTXSID8021565,2130,1.2015255169873874e-16,0.0
DTXSID8021640,2130,1.4092526632988279e-16,0.0
DTXSID8021642,2130,6.235565570511379e-13,0.0
DTXSID8021644,2130,5.346544059932528e-16,0.0
DTXSID8021646,2130,0.0,0.0
DTXSID8021648,2130,3.880808346526162e-09,0.0
DTXSID8021690,2130,0.9977621221158336,1.0
DTXSID8021721,2130,0.9999564616816905,1.0
DTXSID8021725,2130,0.0,0.0
DTXSID8021729,2130,0.0,0.0
DTXSID8021771,2130,0.9999998605254086,1.0
DTXSID8021775,2130,0.0,0.0
DTXSID8021777,2130,0.9999999735050309,1.0
DTXSID8021800,2130,1.331812951369411e-10,0.0
DTXSID8021802,2130,0.9997676816545177,1.0
DTXSID8021804,2130,0.9945849841974495,1.0
DTXSID8021808,2130,7.739760670813743e-07,0.0
DTXSID8021854,2130,0.0,0.0
DTXSID8021856,2130,0.30388105153497513,0.0
DTXSID8021931,2130,0.0,0.0
DTXSID8021937,2130,1.1112445908182133e-12,0.0
DTXSID8021939,2130,0.4615329833298274,0.0
DTXSID8022082,2130,,
DTXSID8022084,2130,0.04966135077976884,0.0
DTXSID8022086,2130,0.0,0.0
DTXSID8022111,2130,0.9987805453149716,1.0
DTXSID8022113,2130,0.0,0.0
DTXSID8022117,2130,0.0,0.0
DTXSID8022161,2130,0.9999299058782796,1.0
DTXSID8022246,2130,0.0,0.0
DTXSID8022292,2130,5.49030655782621e-05,0.0
DTXSID8022325,2130,0.999999998843394,1.0
DTXSID8022329,2130,0.9993973531557051,1.0
DTXSID8022371,2130,0.9999913018206268,1.0
DTXSID8022377,2130,0.9999999999613828,1.0
DTXSID8022404,2130,0.9995151878565096,1.0
DTXSID8022406,2130,0.999967333191124,1.0
DTXSID8022408,2130,0.029413317297939716,0.0
DTXSID8022585,2130,0.0,0.0
DTXSID8022589,2130,0.0,0.0
DTXSID8022612,2130,0.9852852453457616,1.0
DTXSID8022614,2130,0.9999999999991498,1.0
DTXSID8022666,2130,0.0,0.0
DTXSID8022741,2130,0.0,0.0
DTXSID8022743,2130,0.0,0.0
DTXSID8022749,2130,0.0,0.0
DTXSID8022822,2130,0.0,0.0
DTXSID8022828,2130,1.0,1.0
DTXSID8022870,2130,0.0,0.0
DTXSID8022872,2130,0.999997638850566,1.0
DTXSID8022901,2130,0.9999676210230865,1.0
DTXSID8022955,2130,1.0,1.0
DTXSID8022959,2130,0.9982144310624089,1.0
DTXSID8023000,2130,0.9999904821002437,1.0
DTXSID8023004,2130,0.9999999996902427,1.0
DTXSID8023050,2130,0.9999926723441893,1.0
DTXSID8023054,2130,0.9999873258771012,1.0
DTXSID8023137,2130,1.0,1.0
DTXSID8023181,2130,0.9999999999693597,1.0
DTXSID8023183,2130,0.9998225161310128,1.0
DTXSID8023185,2130,0.0,0.0
DTXSID8023187,2130,0.0,0.0
DTXSID8023214,2130,0.9945704426654641,1.0
DTXSID8023216,2130,0.999932869097657,1.0
DTXSID8023260,2130,1.365529460893054e-12,0.0
DTXSID8023262,2130,0.9999999986209752,1.0
DTXSID8023345,2130,0.0,0.0
DTXSID8023347,2130,0.0,0.0
DTXSID8023349,2130,2.63736566598223e-17,0.0
DTXSID8023393,2130,0.4309296656711985,0.0
DTXSID8023395,2130,0.999988016064905,1.0
DTXSID8023422,2130,0.9582806718960961,1.0
DTXSID8023426,2130,0.0,0.0
DTXSID8023470,2130,0.0,0.0
DTXSID8023472,2130,0.0,0.0
DTXSID8023474,2130,0.999999999999247,1.0
DTXSID8023476,2130,0.0,0.0
DTXSID8023478,2130,0.0,0.0
DTXSID8023551,2130,0.0,0.0
DTXSID8023557,2130,1.0,1.0
DTXSID8023632,2130,0.0,0.0
DTXSID8023636,2130,0.0,0.0
DTXSID8023638,2130,1.0,1.0
DTXSID8023680,2130,0.0,0.0
DTXSID8023688,2130,1.829425695943765e-07,0.0
DTXSID8023713,2130,0.0,0.0
DTXSID8023719,2130,0.999999999999998,1.0
DTXSID8023846,2130,0.0,0.0
DTXSID8023848,2130,0.9999999999534794,1.0
DTXSID8023890,2130,1.1449395997255448e-07,0.0
DTXSID8023892,2130,0.9999999999999999,1.0
DTXSID8023927,2130,0.9999589950170418,1.0
DTXSID8023971,2130,0.0,0.0
DTXSID8023973,2130,3.8266657445238445e-07,0.0
DTXSID8023977,2130,0.0,0.0
DTXSID8024072,2130,8.154779409724903e-07,0.0
DTXSID8024101,2130,0.0,0.0
DTXSID8024105,2130,0.9909898449956255,1.0
DTXSID8024107,2130,0.9999855546453487,1.0
DTXSID8024109,2130,0.9999999890317173,1.0
DTXSID8024151,2130,0.9999999980770823,1.0
DTXSID8024157,2130,0.9799591304196312,1.0
DTXSID8024159,2130,0.9999860148252174,1.0
DTXSID8024234,2130,0.9987607226781681,1.0
DTXSID8024236,2130,2.923265808070011e-14,0.0
DTXSID8024238,2130,0.9999999999989699,1.0
DTXSID8024280,2130,0.9999999999997933,1.0
DTXSID8024284,2130,3.19177455978435e-18,0.0
DTXSID8024286,2130,0.0,0.0
DTXSID8024311,2130,0.0,0.0
DTXSID8024315,2130,0.9999998922685117,1.0
DTXSID8024317,2130,0.0,0.0
DTXSID8024442,2130,1.1805381036065179e-17,0.0
DTXSID8024448,2130,0.0,0.0
DTXSID8024498,2130,1.0,1.0
DTXSID8024521,2130,0.0,0.0
DTXSID8024523,2130,0.9999999972714686,1.0
DTXSID8024529,2130,0.0,0.0
DTXSID8024573,2130,0.0,0.0
DTXSID8024600,2130,0.0,0.0
DTXSID8024602,2130,1.0,1.0
DTXSID8024608,2130,0.0,0.0
DTXSID8024652,2130,0.9999999999995423,1.0
DTXSID8024658,2130,0.0,0.0
DTXSID8024733,2130,0.0005793706362417918,0.0
DTXSID8024739,2130,0.002154111593616769,0.0
DTXSID8024781,2130,4.2265885658876715e-13,0.0
DTXSID8024783,2130,0.0,0.0
DTXSID8024787,2130,0.0,0.0
DTXSID8024810,2130,0.0,0.0
DTXSID8024814,2130,0.0,0.0
DTXSID8024862,2130,8.760204607770959e-11,0.0
DTXSID8024864,2130,2.2821457967426975e-16,0.0
DTXSID8024866,2130,0.999828607731322,1.0
DTXSID8024941,2130,1.0228914657572744e-15,0.0
DTXSID8024947,2130,4.1498144740230335e-05,0.0
DTXSID8024991,2130,0.0,0.0
DTXSID8024993,2130,0.0,0.0
DTXSID8024997,2130,0.0,0.0
DTXSID8024999,2130,0.0,0.0
DTXSID8025040,2130,0.9999999783838754,1.0
DTXSID8025046,2130,0.0,0.0
DTXSID8025094,2130,0.0,0.0
DTXSID8025096,2130,8.445560842134041e-14,0.0
DTXSID8025258,2130,1.0,1.0
DTXSID8025331,2130,0.9999904297150921,1.0
DTXSID8025337,2130,0.0,0.0
DTXSID8025464,2130,8.169729599358192e-17,0.0
DTXSID8025466,2130,0.0,0.0
DTXSID8025591,2130,0.0474317915124654,0.0
DTXSID8025593,2130,0.0,0.0
DTXSID8025595,2130,0.0,0.0
DTXSID8025599,2130,1.0,1.0
DTXSID8025628,2130,0.540170779501761,0.0
DTXSID8025670,2130,0.7864072148934761,0.0
DTXSID8025703,2130,0.9998893782214019,1.0
DTXSID8025709,2130,0.9999999933798217,1.0
DTXSID8025751,2130,0.0,0.0
DTXSID8025757,2130,1.0,1.0
DTXSID8025759,2130,0.0,0.0
DTXSID8025830,2130,0.0,0.0
DTXSID8025886,2130,0.7081193161002656,0.0
DTXSID8025888,2130,0.9999999277309354,1.0
DTXSID8025963,2130,0.9998415789471502,1.0
DTXSID8025967,2130,0.0,0.0
DTXSID8025969,2130,0.0,0.0
DTXSID8026018,2130,0.9999999952690012,1.0
DTXSID8026060,2130,0.0,0.0
DTXSID8026064,2130,0.0,0.0
DTXSID8026068,2130,0.011622532349862217,0.0
DTXSID8026141,2130,0.0008786832423380425,0.0
DTXSID8026145,2130,0.0,0.0
DTXSID8026147,2130,0.0,0.0
DTXSID8026193,2130,1.714915456253877e-10,0.0
DTXSID8026195,2130,0.0,0.0
DTXSID8026220,2130,0.9999678142261711,1.0
DTXSID8026224,2130,0.0,0.0
DTXSID8026228,2130,6.020711772331023e-11,0.0
DTXSID8026270,2130,0.0,0.0
DTXSID8026303,2130,0.2123321879974432,0.0
DTXSID8026305,2130,0.0,0.0
DTXSID8026307,2130,0.0,0.0
DTXSID8026309,2130,5.560036093669507e-13,0.0
DTXSID8026432,2130,0.0,0.0
DTXSID8026436,2130,,
DTXSID8026488,2130,0.0,0.0
DTXSID8026513,2130,8.366450443391213e-16,0.0
DTXSID8026515,2130,0.0,0.0
DTXSID8026519,2130,0.009487521991189005,0.0
DTXSID8026563,2130,0.9999999999999845,1.0
DTXSID8026640,2130,0.0,0.0
DTXSID8026694,2130,0.0,0.0
DTXSID8026698,2130,0.9999999988047141,1.0
DTXSID8026725,2130,0.9999994308749608,1.0
DTXSID8026727,2130,0.0012866415351999198,0.0
DTXSID8026729,2130,0.0,0.0
DTXSID8026773,2130,0.8490273922759778,0.0
DTXSID8026775,2130,0.0,0.0
DTXSID8026802,2130,0.0,0.0
DTXSID8026931,2130,1.4121600954594509e-12,0.0
DTXSID8026933,2130,0.0,0.0
DTXSID8026935,2130,0.0,0.0
DTXSID8026981,2130,0.0,0.0
DTXSID8027032,2130,0.0,0.0
DTXSID8027034,2130,0.9999057644778453,1.0
DTXSID8027036,2130,0.0,0.0
DTXSID8027084,2130,0.9999999529959714,1.0
DTXSID8027086,2130,0.9980680676556063,1.0
DTXSID8027113,2130,2.00080240330872e-18,0.0
DTXSID8027163,2130,0.0,0.0
DTXSID8027167,2130,0.0,0.0
DTXSID8027169,2130,0.0,0.0
DTXSID8027240,2130,0.9999909900515349,1.0
DTXSID8027244,2130,0.0,0.0
DTXSID8027246,2130,0.0,0.0
DTXSID8027292,2130,1.0,1.0
DTXSID8027294,2130,0.0,0.0
DTXSID8027321,2130,0.0,0.0
DTXSID8027323,2130,0.9999999999471393,1.0
DTXSID8027329,2130,0.0,0.0
DTXSID8027377,2130,0.9998921571459479,1.0
DTXSID8027400,2130,0.0,0.0
DTXSID8027402,2130,1.0,1.0
DTXSID8027452,2130,0.0,0.0
DTXSID8027454,2130,0.0002759078768315275,0.0
DTXSID8027537,2130,0.0,0.0
DTXSID8027581,2130,0.0,0.0
DTXSID8027585,2130,1.0,1.0
DTXSID8027589,2130,0.0,0.0
DTXSID8027747,2130,0.0,0.0
DTXSID8027749,2130,1.6259020951461529e-10,0.0
DTXSID8027793,2130,0.9999999999999932,1.0
DTXSID8027795,2130,1.0,1.0
DTXSID8027797,2130,0.9999999982549417,1.0
DTXSID8027822,2130,0.0,0.0
DTXSID8027826,2130,0.9999999999965917,1.0
DTXSID8027870,2130,0.9851428085240301,1.0
DTXSID8027878,2130,0.0,0.0
DTXSID8027905,2130,1.2163245506425413e-05,0.0
DTXSID8027955,2130,0.0,0.0
DTXSID8027959,2130,0.0,0.0
DTXSID8028008,2130,5.948096563941301e-14,0.0
DTXSID8028842,2130,0.0,0.0
DTXSID8029072,2130,1.3724249733525745e-05,0.0
DTXSID8029105,2130,0.0,0.0
DTXSID8029153,2130,1.9222038164714414e-05,0.0
DTXSID8029157,2130,0.0,0.0
DTXSID8029159,2130,0.0,0.0
DTXSID8029230,2130,0.0,0.0
DTXSID8029234,2130,2.5286094854357547e-16,0.0
DTXSID8029236,2130,0.0,0.0
DTXSID8029280,2130,9.863566813504369e-08,0.0
DTXSID8029282,2130,0.9999999999414484,1.0
DTXSID8029286,2130,1.0,1.0
DTXSID8029315,2130,0.0,0.0
DTXSID8029317,2130,0.0,0.0
DTXSID8029369,2130,0.0,0.0
DTXSID8029575,2130,1.4543958973904874e-07,0.0
DTXSID8029600,2130,0.00036408808360735345,0.0
DTXSID8029602,2130,0.9999999999999999,1.0
DTXSID8029604,2130,0.0,0.0
DTXSID8029606,2130,0.0,0.0
DTXSID8029608,2130,6.6283125493140114e-15,0.0
DTXSID8029650,2130,0.0,0.0
DTXSID8029652,2130,0.0,0.0
DTXSID8029733,2130,0.0,0.0
DTXSID8029739,2130,0.0,0.0
DTXSID8029868,2130,0.9999999999999997,1.0
DTXSID8030138,2130,0.0,0.0
DTXSID8030423,2130,0.99999944369095,1.0
DTXSID8030760,2130,1.0,1.0
DTXSID8031077,2130,0.9999999999999873,1.0
DTXSID8031366,2130,0.0,0.0
DTXSID8031497,2130,0.0,0.0
DTXSID8031603,2130,0.0,0.0
DTXSID8031863,2130,0.0,0.0
DTXSID8031865,2130,0.0006505744927323118,0.0
DTXSID8032386,2130,0.34609080799501646,0.0
DTXSID8032417,2130,0.9999999999861728,1.0
DTXSID8032544,2130,0.0,0.0
DTXSID8032548,2130,0.9999999998855995,1.0
DTXSID8032623,2130,0.0,0.0
DTXSID8032627,2130,0.9999830756462598,1.0
DTXSID8032673,2130,0.0,0.0
DTXSID8032675,2130,0.9999999904642445,1.0
DTXSID8033433,2130,0.9954244577503559,1.0
DTXSID8033512,2130,0.11224562821025985,0.0
DTXSID8033562,2130,0.9999999999889939,1.0
DTXSID8033564,2130,1.743242281037543e-13,0.0
DTXSID8033566,2130,0.0,0.0
DTXSID8033649,2130,0.0,0.0
DTXSID8033803,2130,0.0,0.0
DTXSID8034085,2130,0.9999999999999998,1.0
DTXSID8034087,2130,0.0,0.0
DTXSID8034089,2130,3.6048733729222705e-07,0.0
DTXSID8034324,2130,0.9986624935538572,1.0
DTXSID8034376,2130,0.7485976334784401,0.0
DTXSID8034401,2130,0.999999999971058,1.0
DTXSID8034580,2130,0.9999784215886572,1.0
DTXSID8034586,2130,0.9999999912046587,1.0
DTXSID8034588,2130,1.0,1.0
DTXSID8034665,2130,,
DTXSID8034669,2130,0.9587796744346846,1.0
DTXSID8034742,2130,1.0,1.0
DTXSID8034792,2130,0.9999999999974212,1.0
DTXSID8034871,2130,0.9985430580816046,1.0
DTXSID8034873,2130,0.9999999966432852,1.0
DTXSID8034877,2130,0.9937963436681698,1.0
DTXSID8034956,2130,0.9999999999998485,1.0
DTXSID8035001,2130,0.8569873240629166,0.0
DTXSID8035138,2130,0.0,0.0
DTXSID8035180,2130,0.9999999999999828,1.0
DTXSID8035186,2130,0.0,0.0
DTXSID8035423,2130,0.0,0.0
DTXSID8037207,2130,6.891342845789635e-05,0.0
DTXSID8037594,2130,0.9064448986822589,1.0
DTXSID8037596,2130,0.9747533114002463,1.0
DTXSID8037706,2130,0.9827537127902604,1.0
DTXSID8037708,2130,2.7654074623154905e-06,0.0
DTXSID8037750,2130,0.004170814453293774,0.0
DTXSID8037752,2130,0.0,0.0
DTXSID8037754,2130,0.9820679010415154,1.0
DTXSID8037756,2130,0.0,0.0
DTXSID8038770,2130,0.011962006782483799,0.0
DTXSID8038801,2130,0.9996251265755481,1.0
DTXSID8038855,2130,0.0,0.0
DTXSID8038857,2130,0.9999889126205438,1.0
DTXSID8039241,2130,0.0,0.0
DTXSID8040222,2130,0.0,0.0
DTXSID8040270,2130,1.0,1.0
DTXSID8040274,2130,0.3340335681810886,0.0
DTXSID8040278,2130,0.0010231150958889801,0.0
DTXSID8040436,2130,0.0,0.0
DTXSID8040438,2130,2.5719864064692417e-15,0.0
DTXSID8040484,2130,0.9999999999765005,1.0
DTXSID8040694,2130,6.690066800850966e-05,0.0
DTXSID8040698,2130,2.78783963988277e-07,0.0
DTXSID8040721,2130,0.0,0.0
DTXSID8040723,2130,0.9999765380496309,1.0
DTXSID8040725,2130,1.0,1.0
DTXSID8040727,2130,0.988636275953937,1.0
DTXSID8040775,2130,0.0004956194550332139,0.0
DTXSID8040800,2130,0.00012032067626318162,0.0
DTXSID8041032,2130,0.9999999998687725,1.0
DTXSID8041034,2130,0.9999999945800406,1.0
DTXSID8041080,2130,0.0,0.0
DTXSID8041115,2130,1.0,1.0
DTXSID8041117,2130,0.9999999911998693,1.0
DTXSID8041242,2130,0.999999997870815,1.0
DTXSID8041246,2130,,
DTXSID8041248,2130,0.9999999999999636,1.0
DTXSID8041298,2130,0.0,0.0
DTXSID8041321,2130,0.0,0.0
DTXSID8041327,2130,0.0,0.0
DTXSID8041329,2130,0.017267131312318832,0.0
DTXSID8041371,2130,0.0003360233394065589,0.0
DTXSID8041373,2130,0.0,0.0
DTXSID8041379,2130,0.9999980915934324,1.0
DTXSID8041400,2130,9.615676019544759e-08,0.0
DTXSID8041404,2130,0.0,0.0
DTXSID8041452,2130,0.9998396318217365,1.0
DTXSID8041610,2130,0.0,0.0
DTXSID8041668,2130,0.0,0.0
DTXSID8041743,2130,0.012147172590186845,0.0
DTXSID8041793,2130,,
DTXSID8041797,2130,0.0001318942915617153,0.0
DTXSID8041799,2130,0.12155602747949464,0.0
DTXSID8041828,2130,0.9728108713140114,1.0
DTXSID8041909,2130,0.0,0.0
DTXSID8041951,2130,0.989135496614209,1.0
DTXSID8041955,2130,0.745490949592581,0.0
DTXSID8041957,2130,4.935409283282344e-11,0.0
DTXSID8041959,2130,0.007792473467364392,0.0
DTXSID8042006,2130,0.0,0.0
DTXSID8042052,2130,2.8155984928372477e-07,0.0
DTXSID8042137,2130,0.9999999998654214,1.0
DTXSID8042181,2130,0.9545400256556925,1.0
DTXSID8042187,2130,0.9999998671517725,1.0
DTXSID8042189,2130,5.443983341650563e-12,0.0
DTXSID8042210,2130,0.0,0.0
DTXSID8042218,2130,0.0,0.0
DTXSID8042260,2130,0.9999999999984378,1.0
DTXSID8042264,2130,1.0,1.0
DTXSID8042266,2130,0.8569381097720828,0.0
DTXSID8042343,2130,,
DTXSID8042349,2130,0.9999722857313091,1.0
DTXSID8042399,2130,0.998745937693636,1.0
DTXSID8042422,2130,0.0,0.0
DTXSID8042424,2130,0.0,0.0
DTXSID8042426,2130,0.0,0.0
DTXSID8042478,2130,1.0,1.0
DTXSID8042503,2130,0.0,0.0
DTXSID8042507,2130,0.0,0.0
DTXSID8042509,2130,0.999866427187759,1.0
DTXSID8042559,2130,0.0,0.0
DTXSID8042632,2130,0.999999999999974,1.0
DTXSID8043814,2130,0.9997077028575101,1.0
DTXSID8043941,2130,0.4161047189558102,0.0
DTXSID8044175,2130,,
DTXSID8044177,2130,0.0,0.0
DTXSID8044200,2130,0.0015360703562654393,0.0
DTXSID8044202,2130,0.0,0.0
DTXSID8044204,2130,1.0,1.0
DTXSID8044206,2130,0.0,0.0
DTXSID8044208,2130,3.282261314159059e-07,0.0
DTXSID8044252,2130,0.01979116700208974,0.0
DTXSID8044381,2130,1.0,1.0
DTXSID8044383,2130,0.0,0.0
DTXSID8044389,2130,0.0,0.0
DTXSID8044410,2130,0.0,0.0
DTXSID8044412,2130,0.9999699097924912,1.0
DTXSID8044414,2130,2.31167440067633e-11,0.0
DTXSID8044462,2130,0.0,0.0
DTXSID8044464,2130,0.9922887985105607,1.0
DTXSID8044466,2130,0.0,0.0
DTXSID8044541,2130,0.0,0.0
DTXSID8044543,2130,0.0,0.0
DTXSID8044545,2130,0.9999999999991973,1.0
DTXSID8044547,2130,0.0,0.0
DTXSID8044549,2130,1.0,1.0
DTXSID8044591,2130,0.0,0.0
DTXSID8044593,2130,0.9999999999887302,1.0
DTXSID8044595,2130,0.9999424496934698,1.0
DTXSID8044597,2130,0.0,0.0
DTXSID8044599,2130,0.0,0.0
DTXSID8044620,2130,0.0,0.0
DTXSID8044622,2130,0.0,0.0
DTXSID8044624,2130,0.0,0.0
DTXSID8044626,2130,0.999999228823081,1.0
DTXSID8044670,2130,0.09794122416284617,0.0
DTXSID8044676,2130,0.9999845044425411,1.0
DTXSID8044678,2130,0.9999939071346506,1.0
DTXSID8044701,2130,0.0,0.0
DTXSID8044703,2130,0.0,0.0
DTXSID8044709,2130,0.0,0.0
DTXSID8044751,2130,0.0,0.0
DTXSID8044753,2130,0.9999631176320555,1.0
DTXSID8044755,2130,0.0,0.0
DTXSID8044757,2130,0.0003252389033018588,0.0
DTXSID8044759,2130,0.0,0.0
DTXSID8044830,2130,0.0,0.0
DTXSID8044832,2130,0.38613405958766034,0.0
DTXSID8044834,2130,0.0,0.0
DTXSID8044836,2130,0.9999597401124968,1.0
DTXSID8044880,2130,0.11589483914913262,0.0
DTXSID8044882,2130,3.4591092189012535e-05,0.0
DTXSID8044884,2130,0.0,0.0
DTXSID8044886,2130,0.9999855604467234,1.0
DTXSID8044888,2130,3.516321514821994e-06,0.0
DTXSID8044911,2130,5.769622650788626e-09,0.0
DTXSID8044913,2130,0.9999999999998629,1.0
DTXSID8044915,2130,0.0,0.0
DTXSID8044919,2130,0.0,0.0
DTXSID8044961,2130,1.9642705390492324e-08,0.0
DTXSID8044963,2130,0.0,0.0
DTXSID8044967,2130,,
DTXSID8045141,2130,0.0,0.0
DTXSID8045145,2130,0.9999736681725686,1.0
DTXSID8045147,2130,0.0,0.0
DTXSID8045149,2130,1.0,1.0
DTXSID8045191,2130,0.2113439204317176,0.0
DTXSID8045193,2130,0.9997873836896226,1.0
DTXSID8045195,2130,0.0,0.0
DTXSID8045220,2130,0.0,0.0
DTXSID8045222,2130,0.0,0.0
DTXSID8045224,2130,0.8893654259998405,0.0
DTXSID8045226,2130,0.0,0.0
DTXSID8045228,2130,0.0,0.0
DTXSID8045305,2130,0.0,0.0
DTXSID8045307,2130,0.0,0.0
DTXSID8045351,2130,0.0,0.0
DTXSID8045355,2130,0.0,0.0
DTXSID8045357,2130,0.9854327839408472,1.0
DTXSID8045359,2130,0.9999999221925158,1.0
DTXSID8045432,2130,0.0,0.0
DTXSID8045434,2130,0.0,0.0
DTXSID8045438,2130,0.0,0.0
DTXSID8045480,2130,0.0,0.0
DTXSID8045484,2130,,
DTXSID8045486,2130,0.0,0.0
DTXSID8045488,2130,0.0,0.0
DTXSID8045511,2130,0.9995370897899977,1.0
DTXSID8045513,2130,0.9996277698821203,1.0
DTXSID8045515,2130,0.0,0.0
DTXSID8045519,2130,0.0,0.0
DTXSID8045561,2130,0.0,0.0
DTXSID8045563,2130,0.0,0.0
DTXSID8045565,2130,0.9999999994508751,1.0
DTXSID8045567,2130,0.0,0.0
DTXSID8045569,2130,0.0,0.0
DTXSID8045640,2130,0.9951967754354275,1.0
DTXSID8045642,2130,0.9750855867447564,1.0
DTXSID8045646,2130,0.9999985347787008,1.0
DTXSID8045648,2130,0.0,0.0
DTXSID8045690,2130,0.9999999999983784,1.0
DTXSID8045692,2130,0.0,0.0
DTXSID8045694,2130,0.0,0.0
DTXSID8045696,2130,0.0,0.0
DTXSID8045698,2130,1.736452759100821e-05,0.0
DTXSID8045771,2130,0.999998629043634,1.0
DTXSID8045773,2130,0.9999999999999991,1.0
DTXSID8045775,2130,0.00010111853634751065,0.0
DTXSID8045777,2130,0.0,0.0
DTXSID8045779,2130,0.0,0.0
DTXSID8045800,2130,0.0,0.0
DTXSID8045802,2130,0.9295994822261301,1.0
DTXSID8045804,2130,0.9999999997517278,1.0
DTXSID8045806,2130,0.9999999999999966,1.0
DTXSID8045850,2130,0.0,0.0
DTXSID8045852,2130,,
DTXSID8045854,2130,0.9999999988120838,1.0
DTXSID8045856,2130,0.0,0.0
DTXSID8045933,2130,0.0,0.0
DTXSID8045935,2130,0.9999999277145483,1.0
DTXSID8045937,2130,0.0,0.0
DTXSID8045939,2130,0.8038684451616951,0.0
DTXSID8045983,2130,,
DTXSID8045985,2130,0.0,0.0
DTXSID8045987,2130,,
DTXSID8045989,2130,0.0,0.0
DTXSID8046030,2130,0.0,0.0
DTXSID8046034,2130,0.0,0.0
DTXSID8046036,2130,0.0,0.0
DTXSID8046038,2130,0.0,0.0
DTXSID8046084,2130,0.0,0.0
DTXSID8046086,2130,0.0,0.0
DTXSID8046088,2130,0.9999999999999801,1.0
DTXSID8046113,2130,7.854064831636058e-16,0.0
DTXSID8046115,2130,0.0,0.0
DTXSID8046117,2130,0.0,0.0
DTXSID8046119,2130,0.0,0.0
DTXSID8046161,2130,0.0,0.0
DTXSID8046163,2130,0.0,0.0
DTXSID8046165,2130,0.0,0.0
DTXSID8046167,2130,0.9999999999999989,1.0
DTXSID8046169,2130,0.0,0.0
DTXSID8046240,2130,0.0,0.0
DTXSID8046242,2130,0.9999943090584519,1.0
DTXSID8046244,2130,0.0,0.0
DTXSID8046246,2130,0.0,0.0
DTXSID8046248,2130,0.0,0.0
DTXSID8046290,2130,0.0,0.0
DTXSID8046292,2130,0.0,0.0
DTXSID8046294,2130,0.9999999970938733,1.0
DTXSID8046296,2130,0.999999999508213,1.0
DTXSID8046298,2130,0.0,0.0
DTXSID8046321,2130,0.0,0.0
DTXSID8046323,2130,0.0,0.0
DTXSID8046325,2130,0.0,0.0
DTXSID8046327,2130,0.0,0.0
DTXSID8046400,2130,0.999999999345957,1.0
DTXSID8046402,2130,0.9933794693623903,1.0
DTXSID8046404,2130,0.0,0.0
DTXSID8046406,2130,0.0,0.0
DTXSID8046450,2130,0.9994003814756894,1.0
DTXSID8046452,2130,0.9999999993211772,1.0
DTXSID8046454,2130,0.9999999999990054,1.0
DTXSID8046456,2130,0.9999999999959819,1.0
DTXSID8046458,2130,0.9878622332241135,1.0
DTXSID8046531,2130,0.0,0.0
DTXSID8046535,2130,0.0,0.0
DTXSID8046537,2130,0.0,0.0
DTXSID8046539,2130,0.0,0.0
DTXSID8046581,2130,0.0,0.0
DTXSID8046583,2130,0.0,0.0
DTXSID8046585,2130,0.0,0.0
DTXSID8046589,2130,0.0,0.0
DTXSID8046610,2130,0.9999999886294402,1.0
DTXSID8046614,2130,0.0,0.0
DTXSID8046618,2130,0.0,0.0
DTXSID8046660,2130,1.0,1.0
DTXSID8046662,2130,0.9999999999882521,1.0
DTXSID8046664,2130,0.0,0.0
DTXSID8046666,2130,1.0,1.0
DTXSID8046743,2130,0.999999998117434,1.0
DTXSID8046749,2130,0.9999999984451996,1.0
DTXSID8046791,2130,0.0009698550088189759,0.0
DTXSID8046793,2130,0.0,0.0
DTXSID8046795,2130,0.0,0.0
DTXSID8046799,2130,0.0,0.0
DTXSID8046820,2130,0.0,0.0
DTXSID8046822,2130,0.0,0.0
DTXSID8046824,2130,2.0143174730949897e-07,0.0
DTXSID8046826,2130,0.0,0.0
DTXSID8046828,2130,0.0,0.0
DTXSID8046870,2130,1.0,1.0
DTXSID8046872,2130,1.0,1.0
DTXSID8046876,2130,1.0,1.0
DTXSID8046878,2130,0.0,0.0
DTXSID8046901,2130,0.15778686916200485,0.0
DTXSID8046903,2130,1.0,1.0
DTXSID8046905,2130,6.37826867288194e-11,0.0
DTXSID8046909,2130,1.7091705131060788e-19,0.0
DTXSID8046951,2130,0.9999991629004741,1.0
DTXSID8047000,2130,0.6191965182880359,0.0
DTXSID8047006,2130,0.0,0.0
DTXSID8047050,2130,0.9361283121957387,1.0
DTXSID8047052,2130,0.9999999978449734,1.0
DTXSID8047056,2130,0.0,0.0
DTXSID8047058,2130,0.0,0.0
DTXSID8047131,2130,0.0,0.0
DTXSID8047133,2130,0.999512657897003,1.0
DTXSID8047135,2130,0.999959870178421,1.0
DTXSID8047137,2130,0.6267545419901518,0.0
DTXSID8047139,2130,0.10361938043613275,0.0
DTXSID8047183,2130,0.9999999372726778,1.0
DTXSID8047185,2130,3.190480956772629e-05,0.0
DTXSID8047187,2130,0.9997840143802754,1.0
DTXSID8047189,2130,,
DTXSID8047262,2130,0.14613078860181963,0.0
DTXSID8047264,2130,0.9984521262483381,1.0
DTXSID8047266,2130,0.9999999719900212,1.0
DTXSID8047268,2130,0.9999999999999588,1.0
DTXSID8047341,2130,0.9998286405724913,1.0
DTXSID8047347,2130,1.0,1.0
DTXSID8047349,2130,0.9999999999996118,1.0
DTXSID8047391,2130,0.9999975638504759,1.0
DTXSID8047395,2130,0.0147029790455779,0.0
DTXSID8047397,2130,3.0494828377690224e-10,0.0
DTXSID8047399,2130,0.0,0.0
DTXSID8047420,2130,0.0,0.0
DTXSID8047422,2130,0.0,0.0
DTXSID8047424,2130,1.1638541560877332e-08,0.0
DTXSID8047426,2130,0.0,0.0
DTXSID8047428,2130,0.9999160478553826,1.0
DTXSID8047470,2130,0.0,0.0
DTXSID8047474,2130,0.9999481253988725,1.0
DTXSID8047476,2130,0.999999999999999,1.0
DTXSID8047501,2130,0.0,0.0
DTXSID8047505,2130,0.03952002642499934,0.0
DTXSID8047551,2130,0.0,0.0
DTXSID8047553,2130,0.0,0.0
DTXSID8047559,2130,0.0,0.0
DTXSID8047630,2130,0.4453235302617502,0.0
DTXSID8047636,2130,0.0,0.0
DTXSID8047680,2130,0.0,0.0
DTXSID8047682,2130,0.6098804448194326,0.0
DTXSID8047684,2130,0.0,0.0
DTXSID8047686,2130,0.9999999781943378,1.0
DTXSID8047711,2130,0.007772731012299985,0.0
DTXSID8047713,2130,0.0,0.0
DTXSID8047717,2130,0.0,0.0
DTXSID8047840,2130,2.511926453251757e-10,0.0
DTXSID8047842,2130,0.9999999595596039,1.0
DTXSID8047844,2130,0.9999999999740021,1.0
DTXSID8047846,2130,0.9995885680574835,1.0
DTXSID8047848,2130,0.0,0.0
DTXSID8047890,2130,0.0,0.0
DTXSID8047892,2130,0.0,0.0
DTXSID8047894,2130,5.2364951738518455e-05,0.0
DTXSID8047896,2130,0.999982283051868,1.0
DTXSID8047898,2130,4.58206941526479e-15,0.0
DTXSID8047921,2130,0.0,0.0
DTXSID8047923,2130,1.0,1.0
DTXSID8047925,2130,1.0,1.0
DTXSID8047927,2130,7.162913077773946e-13,0.0
DTXSID8047929,2130,0.9999999999999706,1.0
DTXSID8047971,2130,0.8080918780316644,0.0
DTXSID8047973,2130,0.9999999999999997,1.0
DTXSID8048521,2130,0.0,0.0
DTXSID8048575,2130,0.0,0.0
DTXSID8048577,2130,0.0,0.0
DTXSID8048579,2130,1.0,1.0
DTXSID8048600,2130,0.0019056779137681037,0.0
DTXSID8048602,2130,0.9999995368190436,1.0
DTXSID8048604,2130,0.9999999999999996,1.0
DTXSID8048606,2130,0.0,0.0
DTXSID8048608,2130,0.0,0.0
DTXSID8048650,2130,0.9939141106887993,1.0
DTXSID8048652,2130,0.9999998561450839,1.0
DTXSID8048654,2130,0.9999999999944241,1.0
DTXSID8048656,2130,0.6757435875946467,0.0
DTXSID8048658,2130,0.0,0.0
DTXSID8048731,2130,1.0,1.0
DTXSID8048733,2130,0.9999999999990724,1.0
DTXSID8048735,2130,0.0,0.0
DTXSID8048737,2130,0.9999221737277043,1.0
DTXSID8048739,2130,0.0,0.0
DTXSID8048781,2130,0.9999987641391281,1.0
DTXSID8048783,2130,0.0,0.0
DTXSID8048785,2130,0.9999943159673659,1.0
DTXSID8048787,2130,0.0,0.0
DTXSID8048789,2130,0.0,0.0
DTXSID8048810,2130,0.0,0.0
DTXSID8048812,2130,0.9999986589582818,1.0
DTXSID8048814,2130,0.9999999921394261,1.0
DTXSID8048816,2130,0.0,0.0
DTXSID8048818,2130,0.9999987920611805,1.0
DTXSID8048860,2130,0.0,0.0
DTXSID8048862,2130,0.0,0.0
DTXSID8048864,2130,0.0,0.0
DTXSID8048866,2130,0.0,0.0
DTXSID8048868,2130,8.243998688602498e-14,0.0
DTXSID8048941,2130,3.097113351397283e-16,0.0
DTXSID8048943,2130,1.0,1.0
DTXSID8048945,2130,0.9999983722214032,1.0
DTXSID8048947,2130,1.0,1.0
DTXSID8048949,2130,0.0,0.0
DTXSID8048991,2130,0.0,0.0
DTXSID8048993,2130,0.9999999999999913,1.0
DTXSID8048995,2130,0.0,0.0
DTXSID8048997,2130,0.00026632986523183186,0.0
DTXSID8048999,2130,0.9999433807225209,1.0
DTXSID8049040,2130,0.9984702973229957,1.0
DTXSID8049042,2130,0.9999636576792733,1.0
DTXSID8049044,2130,0.0,0.0
DTXSID8049046,2130,0.0,0.0
DTXSID8049048,2130,0.9999901424395643,1.0
DTXSID8049200,2130,0.9951109155799556,1.0
DTXSID8049202,2130,0.0,0.0
DTXSID8049204,2130,0.0,0.0
DTXSID8049206,2130,0.9993089646961428,1.0
DTXSID8049208,2130,0.0,0.0
DTXSID8049250,2130,1.0,1.0
DTXSID8049252,2130,1.0,1.0
DTXSID8049254,2130,1.0,1.0
DTXSID8049256,2130,4.9868916550174635e-05,0.0
DTXSID8049258,2130,0.0,0.0
DTXSID8049331,2130,0.9615636413494818,1.0
DTXSID8049333,2130,0.9999999787332025,1.0
DTXSID8049335,2130,1.0,1.0
DTXSID8049337,2130,0.9999814971170086,1.0
DTXSID8049339,2130,,
DTXSID8049381,2130,0.0,0.0
DTXSID8049383,2130,0.0,0.0
DTXSID8049385,2130,0.0,0.0
DTXSID8049387,2130,0.0,0.0
DTXSID8049389,2130,,
DTXSID8049410,2130,0.0,0.0
DTXSID8049412,2130,,
DTXSID8049414,2130,0.9999058618279693,1.0
DTXSID8049416,2130,0.9999999997766589,1.0
DTXSID8049418,2130,0.0,0.0
DTXSID8049460,2130,0.0,0.0
DTXSID8049462,2130,0.0,0.0
DTXSID8049464,2130,1.4774361616867379e-12,0.0
DTXSID8049466,2130,3.422107197574535e-16,0.0
DTXSID8049468,2130,0.0,0.0
DTXSID8049541,2130,0.9997255989813466,1.0
DTXSID8049543,2130,0.9998099897707429,1.0
DTXSID8049545,2130,0.9999999762672253,1.0
DTXSID8049547,2130,0.9999352844268684,1.0
DTXSID8049549,2130,0.9992373357093799,1.0
DTXSID9020031,2130,1.0,1.0
DTXSID9020081,2130,3.184275361936077e-11,0.0
DTXSID9020083,2130,0.0,0.0
DTXSID9020087,2130,5.680481946279763e-15,0.0
DTXSID9020089,2130,0.0,0.0
DTXSID9020110,2130,0.9999999999999293,1.0
DTXSID9020112,2130,0.8109164790858465,0.0
DTXSID9020114,2130,1.0,1.0
DTXSID9020116,2130,1.0,1.0
DTXSID9020118,2130,0.0,0.0
DTXSID9020160,2130,0.9998865226511102,1.0
DTXSID9020164,2130,4.47187650279647e-08,0.0
DTXSID9020166,2130,1.0,1.0
DTXSID9020168,2130,0.0,0.0
DTXSID9020241,2130,0.9999999987603337,1.0
DTXSID9020243,2130,1.0,1.0
DTXSID9020245,2130,1.0,1.0
DTXSID9020247,2130,0.9999470431813613,1.0
DTXSID9020249,2130,0.9267790266387174,1.0
DTXSID9020293,2130,0.9999960648341565,1.0
DTXSID9020295,2130,0.0,0.0
DTXSID9020299,2130,0.9999999999990079,1.0
DTXSID9020322,2130,1.2087267070572957e-17,0.0
DTXSID9020326,2130,1.8184924524095045e-17,0.0
DTXSID9020328,2130,0.5562469810635252,0.0
DTXSID9020370,2130,6.1296135717129526e-18,0.0
DTXSID9020372,2130,0.9999998635728367,1.0
DTXSID9020374,2130,0.9634423874610144,1.0
DTXSID9020378,2130,0.003989057948752137,0.0
DTXSID9020401,2130,0.9999999989807723,1.0
DTXSID9020407,2130,0.004213619361753235,0.0
DTXSID9020409,2130,0.0,0.0
DTXSID9020451,2130,0.9999951512081313,1.0
DTXSID9020453,2130,0.9999999827520222,1.0
DTXSID9020459,2130,0.0,0.0
DTXSID9020538,2130,0.9999999999871934,1.0
DTXSID9020580,2130,0.0,0.0
DTXSID9020582,2130,0.999999999789209,1.0
DTXSID9020584,2130,0.0,0.0
DTXSID9020615,2130,0.0033312932405958873,0.0
DTXSID9020617,2130,3.303574990005214e-09,0.0
DTXSID9020663,2130,0.0,0.0
DTXSID9020667,2130,0.0,0.0
DTXSID9020669,2130,0.9999999999999943,1.0
DTXSID9020740,2130,0.9999942453013357,1.0
DTXSID9020742,2130,0.9999429114836919,1.0
DTXSID9020790,2130,0.0014183533261341843,0.0
DTXSID9020792,2130,8.893575491002986e-13,0.0
DTXSID9020794,2130,0.9999548299028228,1.0
DTXSID9020796,2130,1.0,1.0
DTXSID9020821,2130,0.0,0.0
DTXSID9020825,2130,0.9999063324926244,1.0
DTXSID9020827,2130,0.9999999051097198,1.0
DTXSID9020829,2130,4.823674241665857e-10,0.0
DTXSID9020875,2130,0.0,0.0
DTXSID9020877,2130,1.4974493516256059e-06,0.0
DTXSID9020902,2130,0.9999793503934937,1.0
DTXSID9020956,2130,0.0,0.0
DTXSID9020958,2130,0.9999999999999672,1.0
DTXSID9021053,2130,0.011040828049821639,0.0
DTXSID9021059,2130,0.0,0.0
DTXSID9021130,2130,3.515295328266114e-14,0.0
DTXSID9021132,2130,0.9998463143494914,1.0
DTXSID9021134,2130,4.409369705658388e-14,0.0
DTXSID9021136,2130,1.592038155391255e-09,0.0
DTXSID9021138,2130,0.9999999985351591,1.0
DTXSID9021182,2130,0.9996297943288404,1.0
DTXSID9021184,2130,0.9999333889135958,1.0
DTXSID9021188,2130,0.0,0.0
DTXSID9021215,2130,0.0,0.0
DTXSID9021217,2130,1.0,1.0
DTXSID9021219,2130,0.9999999999141834,1.0
DTXSID9021267,2130,0.9998730013125708,1.0
DTXSID9021340,2130,3.4584647061031903e-09,0.0
DTXSID9021342,2130,0.9999999999999887,1.0
DTXSID9021344,2130,0.043795870029164574,0.0
DTXSID9021346,2130,0.9999999999999994,1.0
DTXSID9021348,2130,0.0,0.0
DTXSID9021390,2130,0.0,0.0
DTXSID9021392,2130,0.0,0.0
DTXSID9021396,2130,1.3676382542669572e-19,0.0
DTXSID9021398,2130,0.0,0.0
DTXSID9021425,2130,4.035114230762352e-06,0.0
DTXSID9021427,2130,4.5028588011145546e-12,0.0
DTXSID9021477,2130,0.0,0.0
DTXSID9021479,2130,4.891022917417863e-05,0.0
DTXSID9021552,2130,0.0,0.0
DTXSID9021554,2130,0.9999685413655561,1.0
DTXSID9021631,2130,0.0,0.0
DTXSID9021633,2130,0.0,0.0
DTXSID9021635,2130,0.0,0.0
DTXSID9021637,2130,0.9996725948312593,1.0
DTXSID9021639,2130,3.0944526294478884e-11,0.0
DTXSID9021683,2130,0.0,0.0
DTXSID9021685,2130,0.0,0.0
DTXSID9021689,2130,0.0,0.0
DTXSID9021716,2130,0.9999844646451267,1.0
DTXSID9021718,2130,,
DTXSID9021762,2130,0.0,0.0
DTXSID9021764,2130,0.0,0.0
DTXSID9021841,2130,0.0,0.0
DTXSID9021843,2130,0.0,0.0
DTXSID9021847,2130,0.8342165151825099,0.0
DTXSID9021897,2130,0.0,0.0
DTXSID9021899,2130,0.0,0.0
DTXSID9021922,2130,0.01855309403840468,0.0
DTXSID9021924,2130,0.0,0.0
DTXSID9021928,2130,0.0,0.0
DTXSID9021974,2130,0.00018048384700223137,0.0
DTXSID9021976,2130,0.0,0.0
DTXSID9022027,2130,3.2444248673959314e-11,0.0
DTXSID9022079,2130,0.9998650251094595,1.0
DTXSID9022100,2130,0.0,0.0
DTXSID9022310,2130,0.845543121644129,0.0
DTXSID9022312,2130,0.9995936805647178,1.0
DTXSID9022360,2130,0.9999999863837118,1.0
DTXSID9022364,2130,0.9999999767931144,1.0
DTXSID9022366,2130,0.9993917761804132,1.0
DTXSID9022445,2130,0.9065023601327264,1.0
DTXSID9022520,2130,0.0,0.0
DTXSID9022522,2130,0.9999979862869953,1.0
DTXSID9022524,2130,0.0,0.0
DTXSID9022526,2130,0.9998076351787841,1.0
DTXSID9022528,2130,0.0,0.0
DTXSID9022574,2130,0.09304938735960232,0.0
DTXSID9022576,2130,0.9999936211687777,1.0
DTXSID9022578,2130,0.9996393075114932,1.0
DTXSID9022601,2130,0.9999999950156149,1.0
DTXSID9022603,2130,9.263920801116992e-13,0.0
DTXSID9022607,2130,0.0,0.0
DTXSID9022609,2130,0.023831547236186877,0.0
DTXSID9022655,2130,6.294306359687161e-15,0.0
DTXSID9022659,2130,0.9999999998195462,1.0
DTXSID9022730,2130,0.0,0.0
DTXSID9022732,2130,0.0,0.0
DTXSID9022734,2130,0.999999999999999,1.0
DTXSID9022736,2130,1.0,1.0
DTXSID9022738,2130,,
DTXSID9022780,2130,0.0,0.0
DTXSID9022782,2130,0.0,0.0
DTXSID9022813,2130,0.0,0.0
DTXSID9022815,2130,0.999999976740384,1.0
DTXSID9022817,2130,0.9997877082653662,1.0
DTXSID9022861,2130,0.0,0.0
DTXSID9022940,2130,0.999985014115913,1.0
DTXSID9022944,2130,0.0,0.0
DTXSID9022946,2130,0.0,0.0
DTXSID9022948,2130,0.0,0.0
DTXSID9022994,2130,0.24004902200703598,0.0
DTXSID9022998,2130,0.9999941001438852,1.0
DTXSID9023041,2130,0.0,0.0
DTXSID9023043,2130,,
DTXSID9023049,2130,0.9999997623009079,1.0
DTXSID9023095,2130,0.0,0.0
DTXSID9023097,2130,0.0,0.0
DTXSID9023122,2130,0.0,0.0
DTXSID9023128,2130,1.0,1.0
DTXSID9023170,2130,5.361167053092752e-06,0.0
DTXSID9023174,2130,0.0,0.0
DTXSID9023176,2130,0.0,0.0
DTXSID9023201,2130,1.0,1.0
DTXSID9023205,2130,2.752863788449066e-09,0.0
DTXSID9023209,2130,0.0,0.0
DTXSID9023255,2130,0.0,0.0
DTXSID9023380,2130,0.9999993569647233,1.0
DTXSID9023386,2130,0.0,0.0
DTXSID9023388,2130,0.9996958503498707,1.0
DTXSID9023411,2130,0.999950545154723,1.0
DTXSID9023413,2130,1.0,1.0
DTXSID9023415,2130,0.0,0.0
DTXSID9023419,2130,3.699612277762677e-05,0.0
DTXSID9023463,2130,0.0,0.0
DTXSID9023540,2130,0.0,0.0
DTXSID9023542,2130,0.9999926698360445,1.0
DTXSID9023546,2130,0.9999951129078167,1.0
DTXSID9023548,2130,0.0,0.0
DTXSID9023590,2130,0.046520642019526104,0.0
DTXSID9023621,2130,0.0,0.0
DTXSID9023623,2130,0.0,0.0
DTXSID9023629,2130,0.999991714830666,1.0
DTXSID9023673,2130,0.9999999996373731,1.0
DTXSID9023677,2130,0.9999999678801461,1.0
DTXSID9023679,2130,0.0,0.0
DTXSID9023702,2130,0.9999622258482154,1.0
DTXSID9023706,2130,0.9999999997584542,1.0
DTXSID9023752,2130,0.943840460024943,1.0
DTXSID9023756,2130,0.9999999999999999,1.0
DTXSID9023833,2130,9.97362013450801e-10,0.0
DTXSID9023835,2130,0.9999999683556012,1.0
DTXSID9023837,2130,0.0,0.0
DTXSID9023881,2130,0.0,0.0
DTXSID9023883,2130,0.0,0.0
DTXSID9023889,2130,0.9999999353702496,1.0
DTXSID9023914,2130,0.0,0.0
DTXSID9023966,2130,0.0,0.0
DTXSID9024015,2130,0.0,0.0
DTXSID9024063,2130,0.0,0.0
DTXSID9024065,2130,0.0,0.0
DTXSID9024194,2130,0.0,0.0
DTXSID9024300,2130,1.0,1.0
DTXSID9024304,2130,0.9999756920670969,1.0
DTXSID9024431,2130,0.0004498545574236367,0.0
DTXSID9024437,2130,0.0,0.0
DTXSID9024481,2130,0.1938918599843232,0.0
DTXSID9024483,2130,0.9999999999997509,1.0
DTXSID9024485,2130,0.0026403172060970835,0.0
DTXSID9024487,2130,1.1734428089662188e-10,0.0
DTXSID9024489,2130,0.9999870169892388,1.0
DTXSID9024512,2130,0.0,0.0
DTXSID9024568,2130,5.046495902079544e-15,0.0
DTXSID9024641,2130,0.04096654872370948,0.0
DTXSID9024691,2130,0.0,0.0
DTXSID9024699,2130,0.0003214040382667919,0.0
DTXSID9024724,2130,0.0,0.0
DTXSID9024726,2130,0.9999999068461083,1.0
DTXSID9024770,2130,0.0,0.0
DTXSID9024772,2130,0.0,0.0
DTXSID9024774,2130,0.0,0.0
DTXSID9024853,2130,3.1407904907530066e-18,0.0
DTXSID9024855,2130,0.0,0.0
DTXSID9024930,2130,0.9999999987494409,1.0
DTXSID9024934,2130,0.9998550869087562,1.0
DTXSID9024980,2130,0.0,0.0
DTXSID9024986,2130,0.9995461209935047,1.0
DTXSID9025035,2130,0.9999834845994401,1.0
DTXSID9025037,2130,5.039185291567027e-08,0.0
DTXSID9025085,2130,0.0,0.0
DTXSID9025087,2130,0.9998001007893818,1.0
DTXSID9025110,2130,7.241353264367998e-05,0.0
DTXSID9025112,2130,0.0,0.0
DTXSID9025114,2130,0.9999999999998482,1.0
DTXSID9025164,2130,0.999999999998955,1.0
DTXSID9025166,2130,0.999977731250875,1.0
DTXSID9025243,2130,0.9994596948867891,1.0
DTXSID9025245,2130,0.0,0.0
DTXSID9025249,2130,0.0,0.0
DTXSID9025291,2130,1.841573542029252e-07,0.0
DTXSID9025293,2130,0.0,0.0
DTXSID9025297,2130,1.1003130909994827e-05,0.0
DTXSID9025299,2130,0.9999999991584787,1.0
DTXSID9025324,2130,0.0,0.0
DTXSID9025326,2130,0.0,0.0
DTXSID9025328,2130,0.001163876565082321,0.0
DTXSID9025370,2130,0.9999999999953659,1.0
DTXSID9025401,2130,0.999999999991345,1.0
DTXSID9025403,2130,0.9749192664110986,1.0
DTXSID9025409,2130,0.0,0.0
DTXSID9025451,2130,3.798013542350552e-08,0.0
DTXSID9025453,2130,0.0,0.0
DTXSID9025455,2130,0.0,0.0
DTXSID9025534,2130,0.0,0.0
DTXSID9025536,2130,3.110296418398394e-08,0.0
DTXSID9025538,2130,0.9994354962755092,1.0
DTXSID9025580,2130,4.325437290361043e-16,0.0
DTXSID9025588,2130,0.0,0.0
DTXSID9025611,2130,0.0,0.0
DTXSID9025617,2130,0.0,0.0
DTXSID9025661,2130,3.2373180909738063e-16,0.0
DTXSID9025665,2130,0.0,0.0
DTXSID9025740,2130,0.0,0.0
DTXSID9025742,2130,0.0,0.0
DTXSID9025744,2130,0.0,0.0
DTXSID9025746,2130,0.0,0.0
DTXSID9025794,2130,0.0,0.0
DTXSID9025796,2130,0.0,0.0
DTXSID9025825,2130,0.9999999999388847,1.0
DTXSID9025873,2130,0.0,0.0
DTXSID9025879,2130,0.0,0.0
DTXSID9026051,2130,0.0,0.0
DTXSID9026053,2130,,
DTXSID9026059,2130,0.0,0.0
DTXSID9026130,2130,3.8330984947686683e-10,0.0
DTXSID9026132,2130,0.0,0.0
DTXSID9026219,2130,0.9999999123195857,1.0
DTXSID9026261,2130,0.9999999945004595,1.0
DTXSID9026265,2130,0.0,0.0
DTXSID9026267,2130,0.856754497563866,0.0
DTXSID9026342,2130,0.0,0.0
DTXSID9026423,2130,,
DTXSID9026500,2130,0.8746325299948684,0.0
DTXSID9026558,2130,2.9765605523673567e-10,0.0
DTXSID9026631,2130,0.0,0.0
DTXSID9026633,2130,0.0,0.0
DTXSID9026689,2130,6.58137918332381e-09,0.0
DTXSID9026710,2130,0.0,0.0
DTXSID9026712,2130,2.6874923176983937e-17,0.0
DTXSID9026714,2130,0.0,0.0
DTXSID9026716,2130,0.0,0.0
DTXSID9026718,2130,0.0,0.0
DTXSID9026766,2130,0.0,0.0
DTXSID9026841,2130,0.0,0.0
DTXSID9026849,2130,1.1062845717049176e-11,0.0
DTXSID9026899,2130,0.0,0.0
DTXSID9026922,2130,0.0,0.0
DTXSID9026924,2130,0.9978814804464029,1.0
DTXSID9026926,2130,0.00014864828699245487,0.0
DTXSID9026974,2130,0.9999999994513605,1.0
DTXSID9027021,2130,6.648293339830434e-15,0.0
DTXSID9027104,2130,0.0,0.0
DTXSID9027158,2130,0.0,0.0
DTXSID9027233,2130,5.666227823876065e-14,0.0
DTXSID9027239,2130,0.9999997810113593,1.0
DTXSID9027281,2130,3.769942423669075e-07,0.0
DTXSID9027310,2130,0.0,0.0
DTXSID9027312,2130,0.0,0.0
DTXSID9027314,2130,0.0,0.0
DTXSID9027360,2130,0.0,0.0
DTXSID9027364,2130,9.364221880601951e-09,0.0
DTXSID9027368,2130,0.0,0.0
DTXSID9027441,2130,0.9954261439601377,1.0
DTXSID9027443,2130,0.0,0.0
DTXSID9027449,2130,0.0,0.0
DTXSID9027520,2130,0.0,0.0
DTXSID9027522,2130,3.750140646608591e-08,0.0
DTXSID9027528,2130,1.4505960009257237e-07,0.0
DTXSID9027570,2130,1.030914098017054e-15,0.0
DTXSID9027603,2130,0.0,0.0
DTXSID9027653,2130,0.8423230689132936,0.0
DTXSID9027738,2130,0.9687058373647341,1.0
DTXSID9027863,2130,0.0,0.0
DTXSID9027948,2130,0.9999366400602081,1.0
DTXSID9028120,2130,0.0,0.0
DTXSID9029017,2130,0.0,0.0
DTXSID9029061,2130,0.0,0.0
DTXSID9029146,2130,0.0,0.0
DTXSID9029192,2130,0.0,0.0
DTXSID9029194,2130,0.0,0.0
DTXSID9029221,2130,0.0,0.0
DTXSID9029223,2130,0.0,0.0
DTXSID9029275,2130,0.0,0.0
DTXSID9029277,2130,0.0,0.0
DTXSID9029279,2130,0.0,0.0
DTXSID9029300,2130,0.9999929867287837,1.0
DTXSID9029302,2130,0.0,0.0
DTXSID9029304,2130,,
DTXSID9029649,2130,3.454024358397e-09,0.0
DTXSID9029691,2130,0.0,0.0
DTXSID9029695,2130,0.0,0.0
DTXSID9030048,2130,0.0,0.0
DTXSID9030258,2130,0.0,0.0
DTXSID9030707,2130,0.9999863482593785,1.0
DTXSID9031800,2130,1.0,1.0
DTXSID9032113,2130,0.9999995504369995,1.0
DTXSID9032327,2130,0.015071750229905532,0.0
DTXSID9032329,2130,0.9999999999999994,1.0
DTXSID9032375,2130,,
DTXSID9032379,2130,0.9999997744398841,1.0
DTXSID9032406,2130,0.0,0.0
DTXSID9032531,2130,0.9999999999685625,1.0
DTXSID9032533,2130,1.0,1.0
DTXSID9032535,2130,0.0,0.0
DTXSID9032537,2130,1.0,1.0
DTXSID9032581,2130,0.9999999999997681,1.0
DTXSID9032589,2130,0.999892641032281,1.0
DTXSID9032610,2130,0.0001980223297348326,0.0
DTXSID9032614,2130,0.011030437913550946,0.0
DTXSID9032878,2130,0.0,0.0
DTXSID9033008,2130,0.0,0.0
DTXSID9033058,2130,0.07293641222049883,0.0
DTXSID9033187,2130,0.9999999999358851,1.0
DTXSID9033264,2130,9.015704027763226e-18,0.0
DTXSID9033896,2130,0.9999366661696669,1.0
DTXSID9033923,2130,0.00039042186406632767,0.0
DTXSID9033979,2130,0.0,0.0
DTXSID9034070,2130,7.134444103782633e-13,0.0
DTXSID9034232,2130,2.4422741740129743e-08,0.0
DTXSID9034282,2130,4.0867343000386824e-11,0.0
DTXSID9034286,2130,0.9999999928267193,1.0
DTXSID9034317,2130,1.0,1.0
DTXSID9034361,2130,0.9585963952828002,1.0
DTXSID9034365,2130,0.9999993844439327,1.0
DTXSID9034490,2130,9.467079929812867e-09,0.0
DTXSID9034492,2130,0.9999977476381354,1.0
DTXSID9034816,2130,0.0,0.0
DTXSID9034818,2130,0.9993114163618404,1.0
DTXSID9034864,2130,0.3374698440152239,0.0
DTXSID9034997,2130,1.0,1.0
DTXSID9035175,2130,0.9999272744784637,1.0
DTXSID9035204,2130,1.0,1.0
DTXSID9035206,2130,0.0021062548099665098,0.0
DTXSID9035620,2130,0.0,0.0
DTXSID9035753,2130,0.0,0.0
DTXSID9036226,2130,0.0,0.0
DTXSID9036438,2130,0.0,0.0
DTXSID9036515,2130,0.9999999999819137,1.0
DTXSID9036646,2130,0.0,0.0
DTXSID9036690,2130,0.9316906165860016,1.0
DTXSID9036933,2130,0.0,0.0
DTXSID9037038,2130,1.0,1.0
DTXSID9037246,2130,0.0,0.0
DTXSID9037248,2130,0.011565694139384013,0.0
DTXSID9037539,2130,0.9999999941958215,1.0
DTXSID9037612,2130,0.9999990539915701,1.0
DTXSID9037741,2130,0.997341856807829,1.0
DTXSID9037745,2130,0.9988494061439761,1.0
DTXSID9037749,2130,0.9999999999999563,1.0
DTXSID9038686,2130,0.0,0.0
DTXSID9039232,2130,0.0,0.0
DTXSID9039238,2130,0.0,0.0
DTXSID9040001,2130,0.0,0.0
DTXSID9040130,2130,0.9964764418993854,1.0
DTXSID9040134,2130,0.0,0.0
DTXSID9040265,2130,0.9999997678207849,1.0
DTXSID9040269,2130,0.9999999999988374,1.0
DTXSID9040342,2130,0.0,0.0
DTXSID9040502,2130,0.9999999901971112,1.0
DTXSID9040554,2130,0.0,0.0
DTXSID9040635,2130,0.9999995747369841,1.0
DTXSID9040683,2130,0.9999998974987236,1.0
DTXSID9040685,2130,0.0,0.0
DTXSID9040687,2130,0.0,0.0
DTXSID9040710,2130,0.0,0.0
DTXSID9040712,2130,1.0,1.0
DTXSID9040714,2130,0.0,0.0
DTXSID9040716,2130,0.0,0.0
DTXSID9040718,2130,7.0243002699961205e-09,0.0
DTXSID9040760,2130,0.999999988494845,1.0
DTXSID9041021,2130,,
DTXSID9041023,2130,0.8013611193185027,0.0
DTXSID9041075,2130,0.0,0.0
DTXSID9041104,2130,0.0,0.0
DTXSID9041152,2130,0.9999999625641625,1.0
DTXSID9041237,2130,0.9982994575204381,1.0
DTXSID9041289,2130,1.0,1.0
DTXSID9041362,2130,0.0,0.0
DTXSID9041366,2130,0.1304394868218439,0.0
DTXSID9041368,2130,7.486708940661655e-13,0.0
DTXSID9041441,2130,0.0,0.0
DTXSID9041491,2130,0.0,0.0
DTXSID9041524,2130,1.8726733908900775e-11,0.0
DTXSID9041528,2130,,
DTXSID9041607,2130,0.0,0.0
DTXSID9041653,2130,0.9999583173943096,1.0
DTXSID9041659,2130,0.9992069024563143,1.0
DTXSID9041813,2130,0.0,0.0
DTXSID9041815,2130,0.9064811336617622,1.0
DTXSID9041861,2130,0.0,0.0
DTXSID9042097,2130,0.0,0.0
DTXSID9042124,2130,1.0,1.0
DTXSID9042170,2130,0.0,0.0
DTXSID9042203,2130,0.9999764584559573,1.0
DTXSID9042209,2130,0.7866686476206656,0.0
DTXSID9042259,2130,0.9999995729971384,1.0
DTXSID9042338,2130,1.743764038162294e-17,0.0
DTXSID9042382,2130,0.0,0.0
DTXSID9042415,2130,0.0,0.0
DTXSID9042465,2130,0.9999999999418991,1.0
DTXSID9042592,2130,0.9999999998734929,1.0
DTXSID9042594,2130,0.999999999838314,1.0
DTXSID9043853,2130,0.0,0.0
DTXSID9043938,2130,0.0,0.0
DTXSID9043988,2130,0.9999999995841321,1.0
DTXSID9044112,2130,0.9999999999997788,1.0
DTXSID9044241,2130,,
DTXSID9044247,2130,0.0,0.0
DTXSID9044320,2130,0.0,0.0
DTXSID9044322,2130,0.9999999997101097,1.0
DTXSID9044328,2130,8.343433465399671e-13,0.0
DTXSID9044370,2130,2.0858877220716145e-07,0.0
DTXSID9044374,2130,0.0,0.0
DTXSID9044378,2130,9.588931662067803e-07,0.0
DTXSID9044401,2130,0.0,0.0
DTXSID9044405,2130,0.9857873068417045,1.0
DTXSID9044407,2130,0.0,0.0
DTXSID9044409,2130,0.0,0.0
DTXSID9044451,2130,,
DTXSID9044455,2130,0.9044678324250777,1.0
DTXSID9044457,2130,0.0,0.0
DTXSID9044459,2130,0.9999999954510771,1.0
DTXSID9044532,2130,5.129388832628215e-06,0.0
DTXSID9044534,2130,8.441487403653297e-08,0.0
DTXSID9044536,2130,0.0,0.0
DTXSID9044538,2130,0.9999999998950478,1.0
DTXSID9044580,2130,0.0,0.0
DTXSID9044582,2130,0.0,0.0
DTXSID9044584,2130,1.4470865888026984e-10,0.0
DTXSID9044588,2130,0.9998942253752278,1.0
DTXSID9044613,2130,,
DTXSID9044615,2130,,
DTXSID9044617,2130,0.999866854264211,1.0
DTXSID9044619,2130,0.0,0.0
DTXSID9044663,2130,0.9954722928310948,1.0
DTXSID9044667,2130,4.608851964992487e-10,0.0
DTXSID9044740,2130,0.0,0.0
DTXSID9044742,2130,0.9956464641977627,1.0
DTXSID9044744,2130,3.6327247898519976e-05,0.0
DTXSID9044746,2130,0.0,0.0
DTXSID9044748,2130,0.003197612515937369,0.0
DTXSID9044790,2130,0.998090723964318,1.0
DTXSID9044794,2130,0.9288492876182137,1.0
DTXSID9044796,2130,1.0,1.0
DTXSID9044798,2130,0.999999999999432,1.0
DTXSID9044821,2130,0.9999850166813161,1.0
DTXSID9044823,2130,0.0,0.0
DTXSID9044825,2130,0.9910791136226463,1.0
DTXSID9044827,2130,0.0,0.0
DTXSID9044829,2130,0.4559391249725861,0.0
DTXSID9044871,2130,0.9996946725839645,1.0
DTXSID9044873,2130,0.0,0.0
DTXSID9044875,2130,,
DTXSID9044877,2130,0.0,0.0
DTXSID9044879,2130,0.0,0.0
DTXSID9044900,2130,0.31346066783654414,0.0
DTXSID9044902,2130,0.0,0.0
DTXSID9044904,2130,0.999082702842318,1.0
DTXSID9044908,2130,0.0,0.0
DTXSID9044950,2130,0.9999999999999921,1.0
DTXSID9044958,2130,9.922199614989256e-08,0.0
DTXSID9045003,2130,0.0,0.0
DTXSID9045005,2130,0.0,0.0
DTXSID9045007,2130,0.8159607673051233,0.0
DTXSID9045053,2130,0.0,0.0
DTXSID9045132,2130,0.991129608085055,1.0
DTXSID9045136,2130,0.9999999990118699,1.0
DTXSID9045138,2130,0.9787155008371519,1.0
DTXSID9045180,2130,0.0,0.0
DTXSID9045182,2130,0.999979810250758,1.0
DTXSID9045184,2130,0.9999999999947259,1.0
DTXSID9045186,2130,0.0,0.0
DTXSID9045188,2130,8.21828002558261e-08,0.0
DTXSID9045215,2130,0.9999999838952538,1.0
DTXSID9045217,2130,0.0,0.0
DTXSID9045265,2130,0.0,0.0
DTXSID9045267,2130,2.8456839810104063e-10,0.0
DTXSID9045342,2130,,
DTXSID9045344,2130,0.0,0.0
DTXSID9045346,2130,0.0,0.0
DTXSID9045348,2130,0.9999999981556489,1.0
DTXSID9045390,2130,0.0,0.0
DTXSID9045392,2130,0.0,0.0
DTXSID9045394,2130,0.0,0.0
DTXSID9045398,2130,,
DTXSID9045425,2130,0.9999999999708081,1.0
DTXSID9045429,2130,0.0,0.0
DTXSID9045479,2130,0.0,0.0
DTXSID9045500,2130,0.9999999999904018,1.0
DTXSID9045502,2130,0.9818328721541797,1.0
DTXSID9045506,2130,0.0,0.0
DTXSID9045508,2130,0.0,0.0
DTXSID9045550,2130,0.0,0.0
DTXSID9045552,2130,0.0,0.0
DTXSID9045556,2130,0.0,0.0
DTXSID9045558,2130,0.49408741328785305,0.0
DTXSID9045631,2130,0.9999999982366181,1.0
DTXSID9045633,2130,0.9999847466331943,1.0
DTXSID9045635,2130,0.999999965510714,1.0
DTXSID9045637,2130,0.0,0.0
DTXSID9045639,2130,0.0,0.0
DTXSID9045683,2130,0.9875886064644634,1.0
DTXSID9045685,2130,0.0,0.0
DTXSID9045687,2130,0.0,0.0
DTXSID9045689,2130,0.999925588797008,1.0
DTXSID9045710,2130,0.0,0.0
DTXSID9045762,2130,0.9999999999993696,1.0
DTXSID9045764,2130,,
DTXSID9045766,2130,0.0,0.0
DTXSID9045768,2130,0.0,0.0
DTXSID9045843,2130,0.0,0.0
DTXSID9045845,2130,0.0,0.0
DTXSID9045847,2130,0.0,0.0
DTXSID9045849,2130,0.9999999946297939,1.0
DTXSID9045891,2130,0.0,0.0
DTXSID9045895,2130,1.0,1.0
DTXSID9045897,2130,0.0,0.0
DTXSID9045899,2130,0.9999999980898104,1.0
DTXSID9045922,2130,0.9999999996456056,1.0
DTXSID9045924,2130,0.9997188528147459,1.0
DTXSID9045928,2130,0.9999895850767206,1.0
DTXSID9045972,2130,0.0,0.0
DTXSID9045976,2130,0.0,0.0
DTXSID9045978,2130,0.0008980951137199971,0.0
DTXSID9046023,2130,0.0,0.0
DTXSID9046029,2130,0.999999998005627,1.0
DTXSID9046071,2130,3.370543558853863e-13,0.0
DTXSID9046073,2130,0.0,0.0
DTXSID9046100,2130,0.0,0.0
DTXSID9046102,2130,0.0,0.0
DTXSID9046104,2130,0.9999943124982125,1.0
DTXSID9046106,2130,0.0,0.0
DTXSID9046108,2130,0.0,0.0
DTXSID9046150,2130,0.0,0.0
DTXSID9046152,2130,0.9999999952668629,1.0
DTXSID9046154,2130,0.0,0.0
DTXSID9046156,2130,0.9999996633218068,1.0
DTXSID9046158,2130,0.9999820915527772,1.0
DTXSID9046231,2130,0.043809092190023845,0.0
DTXSID9046233,2130,0.0,0.0
DTXSID9046235,2130,0.9999999999999994,1.0
DTXSID9046237,2130,1.0,1.0
DTXSID9046239,2130,0.0,0.0
DTXSID9046281,2130,0.0,0.0
DTXSID9046283,2130,0.9999999999999999,1.0
DTXSID9046285,2130,0.9999999999998332,1.0
DTXSID9046287,2130,0.0,0.0
DTXSID9046289,2130,0.0005850320821004337,0.0
DTXSID9046310,2130,0.9999999966511522,1.0
DTXSID9046318,2130,0.9999999999999997,1.0
DTXSID9046360,2130,1.0,1.0
DTXSID9046443,2130,0.9999999999999764,1.0
DTXSID9046445,2130,0.9999999879382967,1.0
DTXSID9046449,2130,0.9999999999999956,1.0
DTXSID9046491,2130,0.9999999999999999,1.0
DTXSID9046495,2130,2.0144686350983764e-05,0.0
DTXSID9046497,2130,1.0,1.0
DTXSID9046499,2130,0.9999925941941777,1.0
DTXSID9046520,2130,0.0,0.0
DTXSID9046524,2130,0.0,0.0
DTXSID9046526,2130,0.0,0.0
DTXSID9046528,2130,1.0,1.0
DTXSID9046570,2130,0.0,0.0
DTXSID9046572,2130,0.0,0.0
DTXSID9046574,2130,1.0,1.0
DTXSID9046576,2130,1.0,1.0
DTXSID9046578,2130,0.9999999970105556,1.0
DTXSID9046601,2130,0.0,0.0
DTXSID9046603,2130,0.0,0.0
DTXSID9046605,2130,0.0,0.0
DTXSID9046607,2130,1.0,1.0
DTXSID9046609,2130,0.0,0.0
DTXSID9046651,2130,0.9999842745924905,1.0
DTXSID9046653,2130,0.0,0.0
DTXSID9046657,2130,0.0,0.0
DTXSID9046659,2130,0.9999992504212458,1.0
DTXSID9046730,2130,0.0,0.0
DTXSID9046732,2130,0.0,0.0
DTXSID9046734,2130,8.549157460221291e-16,0.0
DTXSID9046736,2130,0.0,0.0
DTXSID9046738,2130,0.0,0.0
DTXSID9046780,2130,0.9999999958957997,1.0
DTXSID9046782,2130,0.9999894804125328,1.0
DTXSID9046784,2130,0.9971796947819982,1.0
DTXSID9046786,2130,0.0,0.0
DTXSID9046788,2130,0.9999999771225792,1.0
DTXSID9046813,2130,0.0021695671453018013,0.0
DTXSID9046815,2130,0.0,0.0
DTXSID9046817,2130,0.9999783997102909,1.0
DTXSID9046819,2130,0.0,0.0
DTXSID9046861,2130,0.9999949983605197,1.0
DTXSID9046863,2130,0.0,0.0
DTXSID9046865,2130,1.0,1.0
DTXSID9046867,2130,0.9999999996451204,1.0
DTXSID9046869,2130,0.9999080307149493,1.0
DTXSID9046942,2130,0.9999999801592969,1.0
DTXSID9046946,2130,0.0,0.0
DTXSID9046992,2130,0.9999999999398691,1.0
DTXSID9046994,2130,0.9907438097557972,1.0
DTXSID9046998,2130,0.0,0.0
DTXSID9047041,2130,0.0,0.0
DTXSID9047043,2130,0.0,0.0
DTXSID9047045,2130,6.743900944822145e-06,0.0
DTXSID9047091,2130,0.0,0.0
DTXSID9047093,2130,0.9461759050145552,1.0
DTXSID9047095,2130,0.7456390572037264,0.0
DTXSID9047099,2130,0.48826585182992654,0.0
DTXSID9047120,2130,0.0,0.0
DTXSID9047124,2130,0.0,0.0
DTXSID9047126,2130,0.0,0.0
DTXSID9047128,2130,0.33603500641973755,0.0
DTXSID9047174,2130,0.9999999838035036,1.0
DTXSID9047176,2130,0.0,0.0
DTXSID9047178,2130,0.0,0.0
DTXSID9047201,2130,0.05674973212520197,0.0
DTXSID9047203,2130,1.0722703357131548e-13,0.0
DTXSID9047205,2130,6.279743418137496e-06,0.0
DTXSID9047251,2130,0.9999999634095017,1.0
DTXSID9047253,2130,0.9999786487916598,1.0
DTXSID9047255,2130,0.00011319359369167954,0.0
DTXSID9047257,2130,0.999990152035186,1.0
DTXSID9047259,2130,0.9999998965607504,1.0
DTXSID9047330,2130,0.999999999250032,1.0
DTXSID9047334,2130,0.9999999999999445,1.0
DTXSID9047338,2130,0.9999999642247804,1.0
DTXSID9047411,2130,0.0,0.0
DTXSID9047413,2130,0.0,0.0
DTXSID9047415,2130,0.0,0.0
DTXSID9047417,2130,0.0,0.0
DTXSID9047419,2130,0.9993957738791983,1.0
DTXSID9047461,2130,4.760003531888554e-17,0.0
DTXSID9047463,2130,0.0,0.0
DTXSID9047465,2130,0.0,0.0
DTXSID9047467,2130,0.0,0.0
DTXSID9047469,2130,1.3434831504151183e-09,0.0
DTXSID9047540,2130,0.9999343774086361,1.0
DTXSID9047542,2130,1.0,1.0
DTXSID9047548,2130,0.0,0.0
DTXSID9047590,2130,0.04756069598059278,0.0
DTXSID9047592,2130,1.0,1.0
DTXSID9047594,2130,0.0,0.0
DTXSID9047598,2130,0.9999814610655995,1.0
DTXSID9047623,2130,2.3262853327639555e-15,0.0
DTXSID9047629,2130,0.9999828761324193,1.0
DTXSID9047673,2130,0.9995589081868566,1.0
DTXSID9047675,2130,0.0,0.0
DTXSID9047677,2130,0.0,0.0
DTXSID9047679,2130,0.9999778079184057,1.0
DTXSID9047700,2130,0.9999990193726895,1.0
DTXSID9047702,2130,0.0,0.0
DTXSID9047704,2130,0.9999999998300205,1.0
DTXSID9047706,2130,9.522731178310328e-08,0.0
DTXSID9047708,2130,0.0,0.0
DTXSID9047831,2130,0.0,0.0
DTXSID9047833,2130,0.9999999999913479,1.0
DTXSID9047835,2130,0.9999988618114534,1.0
DTXSID9047837,2130,0.0,0.0
DTXSID9047839,2130,0.9999999999999997,1.0
DTXSID9047881,2130,0.0,0.0
DTXSID9047883,2130,0.0,0.0
DTXSID9047885,2130,0.9999999999670366,1.0
DTXSID9047887,2130,0.999993812257674,1.0
DTXSID9047889,2130,1.0,1.0
DTXSID9047910,2130,0.0,0.0
DTXSID9047912,2130,0.9928719190731768,1.0
DTXSID9047914,2130,0.008373517599461948,0.0
DTXSID9047916,2130,1.0,1.0
DTXSID9047918,2130,1.0,1.0
DTXSID9047960,2130,0.9999508675585802,1.0
DTXSID9047962,2130,0.9999025801500605,1.0
DTXSID9047964,2130,0.0,0.0
DTXSID9047966,2130,0.0,0.0
DTXSID9047968,2130,0.0,0.0
DTXSID9048190,2130,0.9998271350992828,1.0
DTXSID9048192,2130,0.0,0.0
DTXSID9048194,2130,0.9651282438030102,1.0
DTXSID9048196,2130,0.9998904199563136,1.0
DTXSID9048198,2130,0.0,0.0
DTXSID9048271,2130,0.0,0.0
DTXSID9048510,2130,0.9997942871935891,1.0
DTXSID9048512,2130,0.9999999996498719,1.0
DTXSID9048514,2130,0.0,0.0
DTXSID9048516,2130,0.0,0.0
DTXSID9048518,2130,0.0,0.0
DTXSID9048641,2130,0.0,0.0
DTXSID9048643,2130,0.999997935785799,1.0
DTXSID9048645,2130,1.0,1.0
DTXSID9048647,2130,0.0,0.0
DTXSID9048649,2130,0.9999999999894154,1.0
DTXSID9048691,2130,0.9999835409330574,1.0
DTXSID9048693,2130,0.0,0.0
DTXSID9048695,2130,0.999996765381389,1.0
DTXSID9048697,2130,0.0,0.0
DTXSID9048699,2130,0.0,0.0
DTXSID9048720,2130,0.9995775811193762,1.0
DTXSID9048722,2130,0.0,0.0
DTXSID9048724,2130,0.0,0.0
DTXSID9048726,2130,0.999997798337193,1.0
DTXSID9048728,2130,1.0,1.0
DTXSID9048772,2130,0.9999999996977949,1.0
DTXSID9048774,2130,0.8683170057825298,0.0
DTXSID9048776,2130,0.9999999999999998,1.0
DTXSID9048778,2130,0.002713831930133479,0.0
DTXSID9048801,2130,0.9999977629456701,1.0
DTXSID9048803,2130,0.0,0.0
DTXSID9048805,2130,0.0,0.0
DTXSID9048807,2130,0.0,0.0
DTXSID9048809,2130,0.0,0.0
DTXSID9048851,2130,0.0,0.0
DTXSID9048853,2130,0.9999946365006781,1.0
DTXSID9048855,2130,0.0,0.0
DTXSID9048857,2130,0.0,0.0
DTXSID9048859,2130,0.9999632782685635,1.0
DTXSID9048930,2130,1.0,1.0
DTXSID9048932,2130,0.9999352602839349,1.0
DTXSID9048934,2130,0.9999888364286568,1.0
DTXSID9048936,2130,1.0,1.0
DTXSID9048938,2130,0.9999999999999216,1.0
DTXSID9048980,2130,0.0,0.0
DTXSID9048982,2130,1.0,1.0
DTXSID9048984,2130,0.0,0.0
DTXSID9048986,2130,0.0,0.0
DTXSID9048988,2130,0.0,0.0
DTXSID9049031,2130,0.0,0.0
DTXSID9049033,2130,0.0,0.0
DTXSID9049035,2130,0.0,0.0
DTXSID9049037,2130,0.9999971741306963,1.0
DTXSID9049039,2130,0.0,0.0
DTXSID9049083,2130,0.0,0.0
DTXSID9049241,2130,0.0045618336892295,0.0
DTXSID9049243,2130,0.9999809408995354,1.0
DTXSID9049245,2130,0.0,0.0
DTXSID9049247,2130,0.0,0.0
DTXSID9049249,2130,0.0,0.0
DTXSID9049291,2130,0.7358515740487453,0.0
DTXSID9049293,2130,1.4430261514141254e-12,0.0
DTXSID9049295,2130,1.561260863661383e-14,0.0
DTXSID9049297,2130,1.0,1.0
DTXSID9049299,2130,1.0,1.0
DTXSID9049320,2130,0.8494243927807488,0.0
DTXSID9049322,2130,0.0,0.0
DTXSID9049324,2130,0.0,0.0
DTXSID9049326,2130,0.0,0.0
DTXSID9049328,2130,0.0,0.0
DTXSID9049370,2130,0.0,0.0
DTXSID9049372,2130,0.9998739398618676,1.0
DTXSID9049374,2130,0.0,0.0
DTXSID9049376,2130,0.0,0.0
DTXSID9049378,2130,0.0,0.0
DTXSID9049401,2130,0.999999999646075,1.0
DTXSID9049403,2130,0.9942386412273679,1.0
DTXSID9049405,2130,0.0,0.0
DTXSID9049407,2130,0.0,0.0
DTXSID9049409,2130,0.0,0.0
DTXSID9049451,2130,0.0,0.0
DTXSID9049453,2130,0.0,0.0
DTXSID9049455,2130,0.0,0.0
DTXSID9049457,2130,0.0,0.0
DTXSID9049459,2130,0.0,0.0
DTXSID9049530,2130,0.0,0.0
DTXSID9049532,2130,0.0,0.0
DTXSID9049534,2130,0.0,0.0
DTXSID9049536,2130,0.0,0.0
DTXSID9049538,2130,0.9934459152109851,1.0
