dtxsid,aeid,hitc_clean,active
DTXSID001339559,88,8.808473080244399e-13,0
DTXSID001351795,88,1.6691496729346187e-06,0
DTXSID001351802,88,1.881288729205641e-07,0
DTXSID00190950,88,0.0,0
DTXSID00192353,88,7.010474168442201e-16,0
DTXSID00194615,88,1.4112938230149231e-11,0
DTXSID0020020,88,3.1283991648006426e-11,0
DTXSID0020022,88,2.983312877418398e-05,0
DTXSID0020072,88,1.207930071754721e-08,0
DTXSID0020076,88,4.2207726306267005e-05,0
DTXSID0020105,88,2.198727024826161e-19,0
DTXSID0020107,88,3.234287352118369e-08,0
DTXSID0020151,88,9.076802127232029e-07,0
DTXSID0020232,88,0.00994008907278772,0
DTXSID0020236,88,1.115733260055966e-05,0
DTXSID0020280,88,8.509879370573979e-11,0
DTXSID0020282,88,2.1694479627327647e-05,0
DTXSID0020284,88,8.435940884681669e-07,0
DTXSID0020286,88,8.370389029986476e-08,0
DTXSID0020288,88,3.170170196418993e-07,0
DTXSID0020311,88,4.6196065643654324e-08,0
DTXSID0020319,88,0.001952129729596701,0
DTXSID0020361,88,0.0,0
DTXSID0020365,88,1.5704252597274715e-07,0
DTXSID0020440,88,4.8200362180235106e-14,0
DTXSID0020442,88,3.0945491921788852e-06,0
DTXSID0020446,88,5.0981361978929385e-09,0
DTXSID0020494,88,3.016950297764558e-09,0
DTXSID0020498,88,4.984471919308014e-08,0
DTXSID0020523,88,3.34574474015959e-07,0
DTXSID0020529,88,1.0996197658833818e-08,0
DTXSID0020573,88,0.0001868867129922896,0
DTXSID0020575,88,3.791496673394465e-06,0
DTXSID0020577,88,1.2562800437508314e-09,0
DTXSID0020604,88,0.0,0
DTXSID0020606,88,0.0,0
DTXSID0020652,88,9.975673530387312e-09,0
DTXSID0020654,88,0.0,0
DTXSID0020656,88,0.0,0
DTXSID0020737,88,6.785115111373263e-13,0
DTXSID0020814,88,1.7264925160216805e-06,0
DTXSID0020941,88,1.3578362642614515e-13,0
DTXSID0020943,88,2.9955085064373754e-18,0
DTXSID0021040,88,0.0,0
DTXSID0021094,88,1.5027280093344026e-09,0
DTXSID0021121,88,2.9921293376074817e-05,0
DTXSID0021123,88,1.2356816657858845e-06,0
DTXSID0021125,88,1.268270005142329e-08,0
DTXSID0021175,88,1.7057827295748467e-05,0
DTXSID0021206,88,0.0032692577183994066,0
DTXSID0021254,88,7.180992755179259e-08,0
DTXSID0021256,88,2.995696324048217e-09,0
DTXSID0021331,88,3.3203222263373214e-05,0
DTXSID0021333,88,2.3616983050072705e-09,0
DTXSID0021337,88,1.5229066275815263e-05,0
DTXSID0021339,88,7.060119548545005e-06,0
DTXSID0021385,88,1.2978499839453143e-12,0
DTXSID0021389,88,2.0785846038314806e-08,0
DTXSID0021414,88,1.0900229297183497e-07,0
DTXSID0021460,88,4.172611621016116e-14,0
DTXSID0021464,88,4.1216738790949905e-10,0
DTXSID0021543,88,3.9823323907063786e-08,0
DTXSID0021597,88,3.2344949453805325e-05,0
DTXSID0021626,88,5.7400659324480865e-08,0
DTXSID0021628,88,0.0,0
DTXSID0021757,88,2.4943251796051055e-16,0
DTXSID0021759,88,5.6519663502199545e-05,0
DTXSID0021832,88,1.7690434319310905e-05,0
DTXSID0021834,88,0.0,0
DTXSID0021836,88,0.7673769599913085,0
DTXSID0021888,88,0.0,0
DTXSID0021915,88,9.266445939264557e-07,0
DTXSID0021961,88,2.346402066151566e-06,0
DTXSID0021963,88,0.9166452640850346,1
DTXSID0021965,88,6.8390446156132854e-12,0
DTXSID0021969,88,1.461186117872013e-07,0
DTXSID0022012,88,9.608076877964056e-05,0
DTXSID0022014,88,1.099020656503019e-12,0
DTXSID0022016,88,0.0,0
DTXSID0022018,88,1.2424882452912992e-10,0
DTXSID0022062,88,1.9891522904739726e-17,0
DTXSID0022191,88,0.000557609646676103,0
DTXSID0022193,88,9.402768987433578e-06,0
DTXSID0022301,88,6.703499534916502e-14,0
DTXSID0022305,88,3.108462595448485e-06,0
DTXSID0022307,88,0.0,0
DTXSID0022353,88,0.0002281953588879936,0
DTXSID00223797,88,4.631194301646473e-13,0
DTXSID0022436,88,7.33402766909712e-14,0
DTXSID0022480,88,0.0,0
DTXSID0022519,88,0.001209192186492054,0
DTXSID0022563,88,1.580691664616651e-19,0
DTXSID0022777,88,2.9431328737518147e-13,0
DTXSID0022933,88,0.0015661561611808059,0
DTXSID0023113,88,0.0,0
DTXSID0023244,88,4.443313934985501e-08,0
DTXSID0023296,88,0.007073457428168291,0
DTXSID0023371,88,2.5540411170824538e-09,0
DTXSID0023377,88,4.1159492594544417e-07,0
DTXSID0023581,88,1.2095063036152791e-08,0
DTXSID0023745,88,2.1077947767805507e-10,0
DTXSID0023747,88,3.000832878574511e-08,0
DTXSID0023826,88,8.44868438411854e-07,0
DTXSID0023878,88,0.0,0
DTXSID0023901,88,2.809054544124596e-17,0
DTXSID0023907,88,5.305162187684561e-06,0
DTXSID0023951,88,4.9303341508286476e-12,0
DTXSID0023955,88,2.5868517131039814e-07,0
DTXSID0024000,88,1.5832761666986006e-13,0
DTXSID0024002,88,1.208663987664163e-14,0
DTXSID0024052,88,0.0,0
DTXSID0024183,88,0.0,0
DTXSID0024216,88,1.259639704514335e-07,0
DTXSID0024266,88,0.00031278255659153556,0
DTXSID0024345,88,0.00047360751580613264,0
DTXSID0024397,88,0.0,0
DTXSID0024399,88,3.7623062328368077e-10,0
DTXSID0024553,88,9.235987855327318e-06,0
DTXSID0024761,88,4.1436626154415075e-05,0
DTXSID0024890,88,8.422522335552833e-09,0
DTXSID0025101,88,0.0,0
DTXSID0025234,88,8.984618610856781e-13,0
DTXSID0025361,88,2.3141550286771063e-14,0
DTXSID0025363,88,1.7306464297020363e-08,0
DTXSID0025492,88,5.216365580685309e-09,0
DTXSID0025523,88,0.0002839099211695504,0
DTXSID0025527,88,7.595833469779596e-07,0
DTXSID0025571,88,1.6366435675116794e-06,0
DTXSID0025737,88,1.907743369617565e-15,0
DTXSID0025789,88,2.6034960091575146e-06,0
DTXSID0025812,88,0.0,0
DTXSID0025816,88,1.344560670154704e-09,0
DTXSID0025864,88,4.614487216011899e-08,0
DTXSID0025991,88,3.749962247759559e-07,0
DTXSID0026098,88,2.8615237853330595e-08,0
DTXSID0026171,88,2.2673029325836188e-06,0
DTXSID0026252,88,8.696302391818053e-06,0
DTXSID0026258,88,0.0,0
DTXSID0026838,88,3.6919936482870943e-16,0
DTXSID0026880,88,1.0418911862812999e-15,0
DTXSID0026913,88,0.0,0
DTXSID0026915,88,2.5246372860505126e-09,0
DTXSID0026967,88,4.4396641281781966e-07,0
DTXSID0027014,88,7.237309805296518e-07,0
DTXSID0027191,88,4.176135411059857e-07,0
DTXSID0027195,88,8.95377819304534e-10,0
DTXSID0027222,88,5.077963059340562e-10,0
DTXSID0027270,88,1.400257328774639e-07,0
DTXSID0027301,88,7.502520975166233e-06,0
DTXSID0027432,88,4.983441199425143e-13,0
DTXSID0027438,88,7.673605894096196e-13,0
DTXSID0027561,88,3.2342975586999027e-05,0
DTXSID0027640,88,0.0006969918549538616,0
DTXSID0027721,88,0.0,0
DTXSID0027729,88,1.1263936938473502e-06,0
DTXSID0027771,88,3.5164891905886194e-14,0
DTXSID0027773,88,4.716592259856217e-12,0
DTXSID0027806,88,4.37303526836982e-16,0
DTXSID0027852,88,0.0005085060792550605,0
DTXSID0027856,88,1.0020157308318854e-11,0
DTXSID0027981,88,0.0,0
DTXSID0027983,88,6.716681337631176e-07,0
DTXSID0028038,88,1.9670556734832846e-12,0
DTXSID0028323,88,3.6382296733434333e-07,0
DTXSID0028618,88,4.125434885114957e-08,0
DTXSID0028666,88,4.936238640577614e-14,0
DTXSID0029133,88,3.043224764859471e-05,0
DTXSID0029210,88,8.338093622984367e-10,0
DTXSID0029214,88,3.359419961881367e-08,0
DTXSID0029262,88,2.1004380845750345e-07,0
DTXSID0029559,88,2.1360654370350243e-05,0
DTXSID0029761,88,4.6550769392429535e-11,0
DTXSID0029848,88,4.111129800805743e-11,0
DTXSID0030162,88,1.5649078478559178e-07,0
DTXSID0032029,88,8.486855464221366e-07,0
DTXSID0032314,88,4.924079741480601e-13,0
DTXSID0032316,88,0.0,0
DTXSID0032493,88,0.00011299958874058387,0
DTXSID0032497,88,2.669415985540956e-05,0
DTXSID0032520,88,0.0029537546314792333,0
DTXSID0032572,88,0.0,0
DTXSID0032578,88,2.2271218706350105e-18,0
DTXSID0032601,88,1.5145431444997836e-06,0
DTXSID0032605,88,8.809416403400014e-07,0
DTXSID0032651,88,2.918936599881496e-17,0
DTXSID0032655,88,0.007240678127924639,0
DTXSID0034192,88,1.0275349427962087e-05,0
DTXSID0034223,88,1.1323514013528605e-09,0
DTXSID0034227,88,1.0313834463819122e-12,0
DTXSID0034229,88,5.151379189754038e-20,0
DTXSID0034300,88,5.247747943724439e-19,0
DTXSID0034518,88,5.422105429655053e-06,0
DTXSID0034566,88,1.191193440879778e-06,0
DTXSID0034695,88,1.8661582310704555e-05,0
DTXSID0034722,88,4.971185596478681e-12,0
DTXSID0034776,88,7.513432370439477e-11,0
DTXSID0034803,88,4.2671837112591305e-07,0
DTXSID0034851,88,7.348426331714921e-06,0
DTXSID0034855,88,1.7192287228856557e-11,0
DTXSID0034930,88,2.7655669796048828e-06,0
DTXSID0034936,88,1.4272696665899084e-18,0
DTXSID0035160,88,2.4070764197589757e-06,0
DTXSID0035748,88,8.377670173073205e-05,0
DTXSID0035790,88,4.536438582353268e-05,0
DTXSID0036926,88,0.0,0
DTXSID0037495,88,1.7014045117698404e-06,0
DTXSID0037570,88,4.726262870381888e-09,0
DTXSID0037730,88,0.0008526243964162892,0
DTXSID0037734,88,0.9991575937411721,1
DTXSID00379268,88,0.0,0
DTXSID00379884,88,3.8901967111314186e-10,0
DTXSID00379925,88,2.9628301908233184e-06,0
DTXSID00380798,88,2.214536697971815e-09,0
DTXSID0038700,88,4.1152597895980564e-05,0
DTXSID0038756,88,2.6649725697846023e-07,0
DTXSID0038839,88,2.118984759984463e-10,0
DTXSID0038881,88,1.3020600604152713e-15,0
DTXSID0038887,88,5.676061596095431e-06,0
DTXSID0039223,88,0.26412985669263706,0
DTXSID0040127,88,3.1694177457088164e-19,0
DTXSID0040674,88,9.31739557144104e-12,0
DTXSID0040701,88,3.3075471829507774e-05,0
DTXSID0040703,88,1.5544384967091138e-10,0
DTXSID0040707,88,4.5975227739112685e-06,0
DTXSID0040751,88,7.530952296855158e-07,0
DTXSID0040755,88,1.8171489743614172e-06,0
DTXSID0041141,88,0.00016686595002182706,0
DTXSID0041197,88,1.2064376399703787e-05,0
DTXSID0041220,88,1.6959778168527893e-06,0
DTXSID0041224,88,8.173169419946198e-06,0
DTXSID0041270,88,0.0,0
DTXSID0041274,88,4.8824296129348926e-14,0
DTXSID0041357,88,2.2608549164344615e-07,0
DTXSID0041359,88,0.0,0
DTXSID0041436,88,2.0189178103514273e-07,0
DTXSID0041484,88,1.9940762519538973e-12,0
DTXSID0041513,88,5.457552045851118e-08,0
DTXSID0041517,88,5.323189258092182e-05,0
DTXSID0041519,88,6.245888501163848e-11,0
DTXSID0041567,88,0.03284943401225592,0
DTXSID0041646,88,0.0,0
DTXSID0041692,88,1.2925239465235128e-13,0
DTXSID0041721,88,1.558867679873579e-08,0
DTXSID0041981,88,6.2201797376379e-09,0
DTXSID0041983,88,1.7041123573071691e-18,0
DTXSID0041985,88,5.5115073809301556e-05,0
DTXSID0042038,88,1.0635279536083023e-05,0
DTXSID0042086,88,0.0,0
DTXSID0042167,88,4.979915890246653e-07,0
DTXSID0042169,88,0.0,0
DTXSID0042242,88,0.00018971715674710474,0
DTXSID0042248,88,0.08262172269241898,0
DTXSID0042325,88,2.1088302970971152e-05,0
DTXSID0042327,88,0.0,0
DTXSID0042379,88,8.361931322781381e-07,0
DTXSID0042400,88,1.4460687033951294e-05,0
DTXSID0042406,88,1.0652179395592807e-08,0
DTXSID0042454,88,1.119781969658646e-06,0
DTXSID0043765,88,3.754687496545176e-15,0
DTXSID0044236,88,0.00013084511779302995,0
DTXSID00442840,88,7.468797039946052e-07,0
DTXSID0044315,88,2.2670429505419317e-07,0
DTXSID0044317,88,1.5988952202641011e-07,0
DTXSID0044361,88,4.4776657447019275e-11,0
DTXSID0044363,88,2.5439188891252284e-07,0
DTXSID0044365,88,9.330110675435543e-08,0
DTXSID0044367,88,3.432018902838819e-08,0
DTXSID0044369,88,4.687328249760164e-08,0
DTXSID0044440,88,3.0886587095568096e-11,0
DTXSID0044446,88,0.0002096163285084247,0
DTXSID0044490,88,1.2109275815210952e-09,0
DTXSID0044494,88,5.234724733065341e-06,0
DTXSID0044496,88,1.0330445853178286e-10,0
DTXSID0044498,88,4.5463976873910846e-08,0
DTXSID0044527,88,1.6143951946309393e-07,0
DTXSID0044571,88,0.19065263671219185,0
DTXSID0044573,88,1.8129985765149672e-05,0
DTXSID0044575,88,3.341744973093295e-05,0
DTXSID0044577,88,4.3134434489807264e-16,0
DTXSID0044604,88,1.0968140257883866e-09,0
DTXSID0044658,88,1.2965241614123336e-08,0
DTXSID0044781,88,1.6071011134205222e-13,0
DTXSID0044810,88,3.6415461531065283e-07,0
DTXSID0044812,88,6.679975068675579e-09,0
DTXSID0044816,88,4.417100010827229e-06,0
DTXSID0044818,88,4.414925855390467e-11,0
DTXSID0044860,88,1.8673867014876092e-06,0
DTXSID0044862,88,0.0,0
DTXSID0044868,88,9.584702679608247e-11,0
DTXSID0044993,88,4.2364012669482467e-19,0
DTXSID0044997,88,6.999680185460652e-06,0
DTXSID0044999,88,0.0,0
DTXSID0045254,88,2.436745803718948e-05,0
DTXSID0046488,88,6.776139147481762e-06,0
DTXSID0046567,88,0.00010139900276180196,0
DTXSID0047032,88,0.0015128202896758098,0
DTXSID0047034,88,0.001706665733959134,0
DTXSID0047038,88,4.428651321869816e-11,0
DTXSID0047080,88,0.0,0
DTXSID0047082,88,0.0,0
DTXSID0047084,88,1.1895438267613107e-11,0
DTXSID0047086,88,3.629500161789393e-11,0
DTXSID0047088,88,1.575984611153849e-12,0
DTXSID0047111,88,0.0,0
DTXSID0047113,88,3.0402224474511174e-09,0
DTXSID0047115,88,2.719290118213562e-08,0
DTXSID0047117,88,0.0,0
DTXSID0047161,88,1.3653485603395298e-19,0
DTXSID0047163,88,9.529907284226626e-08,0
DTXSID0047165,88,1.5058257927174406e-10,0
DTXSID0047167,88,2.8435680387210074e-10,0
DTXSID0047169,88,0.0006008314379458127,0
DTXSID0047246,88,0.0,0
DTXSID0047248,88,0.0,0
DTXSID0047290,88,2.578705581961021e-08,0
DTXSID0047292,88,0.0002807072418920407,0
DTXSID0047294,88,6.228027163101569e-14,0
DTXSID0047296,88,2.57735397306867e-07,0
DTXSID0047325,88,0.0,0
DTXSID0047327,88,2.2980026452928727e-06,0
DTXSID0047371,88,3.4865442406079556e-08,0
DTXSID0047375,88,1.1536972572343159e-07,0
DTXSID0047377,88,0.00023356691543781845,0
DTXSID0047379,88,3.4760891400105813e-09,0
DTXSID0047400,88,7.204548247716266e-16,0
DTXSID0047406,88,4.6122842952319597e-07,0
DTXSID0047408,88,3.695789581700966e-19,0
DTXSID0047454,88,2.687535315370009e-06,0
DTXSID0047456,88,0.0,0
DTXSID0047533,88,7.593829008302688e-05,0
DTXSID0047535,88,1.4986096523007238e-06,0
DTXSID0047537,88,5.1970551337704745e-08,0
DTXSID0047539,88,4.948949167943249e-07,0
DTXSID0047581,88,1.0952781633183367e-05,0
DTXSID0047583,88,7.536526996811586e-12,0
DTXSID0047585,88,3.9150362011691827e-07,0
DTXSID0047587,88,0.0,0
DTXSID0047589,88,4.6392811742291575e-06,0
DTXSID0047610,88,4.51416426614893e-11,0
DTXSID0047614,88,6.952601894364058e-09,0
DTXSID0047618,88,0.0,0
DTXSID0047741,88,6.255939894577031e-10,0
DTXSID0047749,88,1.7631607666969924e-09,0
DTXSID0047957,88,0.0,0
DTXSID0048181,88,7.502610647236188e-16,0
DTXSID0048183,88,8.211443611800082e-07,0
DTXSID0048185,88,2.727396763797523e-19,0
DTXSID0048187,88,7.86390657603376e-06,0
DTXSID0048189,88,0.00010349083550194102,0
DTXSID0048210,88,3.469650688516105e-07,0
DTXSID0048505,88,4.8612502599084525e-17,0
DTXSID0048507,88,2.475975597378599e-06,0
DTXSID0048509,88,6.745165785029994e-07,0
DTXSID0051447,88,1.0821973999880914e-10,0
DTXSID0051493,88,3.7811518950168585e-09,0
DTXSID0051497,88,5.814342337397508e-06,0
DTXSID0051499,88,8.655397238436085e-17,0
DTXSID0051570,88,0.39691551167042904,0
DTXSID0051574,88,3.62302363180799e-07,0
DTXSID0051732,88,1.867571341586027e-07,0
DTXSID0051736,88,0.00011240705852982766,0
DTXSID0051738,88,0.0001259447251275408,0
DTXSID0051782,88,2.4674176211316895e-10,0
DTXSID0051863,88,2.03484249748635e-08,0
DTXSID0051944,88,1.6123959373451132e-06,0
DTXSID0051996,88,0.0,0
DTXSID0052043,88,1.5077584118554276e-05,0
DTXSID0052124,88,8.521763740702883e-05,0
DTXSID0052463,88,6.250009814838573e-07,0
DTXSID0052542,88,1.8514285346675266e-05,0
DTXSID0052590,88,9.220489130191057e-07,0
DTXSID0052594,88,7.136825403869934e-09,0
DTXSID0052596,88,3.0934263406466566e-08,0
DTXSID0052598,88,7.37021682316088e-08,0
DTXSID0052621,88,2.9825766871703047e-06,0
DTXSID0052629,88,5.509135907638291e-06,0
DTXSID0052833,88,1.8076421761558147e-05,0
DTXSID0052837,88,1.6017188350247722e-11,0
DTXSID0052839,88,2.4719223768217716e-05,0
DTXSID0052910,88,8.428648319022617e-09,0
DTXSID0052912,88,8.072470826789306e-13,0
DTXSID0057910,88,2.384678928985513e-10,0
DTXSID0057912,88,1.758960401733241e-08,0
DTXSID0057914,88,1.4163409766055626e-06,0
DTXSID0057916,88,8.788349360642568e-20,0
DTXSID0059794,88,0.0,0
DTXSID0059829,88,1.6723352080019203e-06,0
DTXSID0059871,88,0.0,0
DTXSID0059879,88,2.954737786071974e-07,0
DTXSID0060985,88,3.942965328408899e-12,0
DTXSID0061826,88,8.633255903354181e-10,0
DTXSID0073118,88,3.207430206997494e-09,0
DTXSID0074059,88,0.0,0
DTXSID00858881,88,9.08570832853706e-16,0
DTXSID00858886,88,2.8665301140006504e-05,0
DTXSID00858902,88,0.00017954556155219396,0
DTXSID00858907,88,3.6858113118493813e-06,0
DTXSID00858922,88,1.213675758226649e-07,0
DTXSID00872663,88,0.00694374321691827,0
DTXSID00872709,88,1.966231792583459e-06,0
DTXSID00872724,88,6.549469413923281e-07,0
DTXSID00872729,88,1.022019230466505e-08,0
DTXSID00872744,88,3.043758136186006e-11,0
DTXSID00872749,88,3.491043826386245e-11,0
DTXSID00892442,88,0.0,0
DTXSID00903825,88,0.0,0
DTXSID00903840,88,3.9396087639104735e-12,0
DTXSID00903845,88,4.011547945749439e-09,0
DTXSID00903860,88,0.0,0
DTXSID00903865,88,0.0,0
DTXSID00903880,88,0.0,0
DTXSID00903885,88,0.0,0
DTXSID101351786,88,8.150362611051723e-06,0
DTXSID101351798,88,0.0005278411409624885,0
DTXSID101351805,88,8.957619369737701e-07,0
DTXSID10190946,88,0.0,0
DTXSID1020063,88,8.9685533388011e-06,0
DTXSID1020069,88,3.403658395851648e-05,0
DTXSID1020140,88,3.83164295571207e-14,0
DTXSID1020142,88,0.0,0
DTXSID1020144,88,3.1263040770612154e-15,0
DTXSID1020148,88,6.862585912781552e-07,0
DTXSID1020190,88,9.306860733819423e-05,0
DTXSID1020194,88,6.348544604992762e-05,0
DTXSID1020221,88,0.0008152726156954742,0
DTXSID1020223,88,0.0,0
DTXSID1020308,88,2.4067993493792344e-08,0
DTXSID1020350,88,2.3400329832179983e-08,0
DTXSID1020352,88,1.7150869537861175e-17,0
DTXSID1020354,88,0.0,0
DTXSID1020431,88,0.10199928088762678,0
DTXSID1020433,88,3.025685958272677e-10,0
DTXSID1020439,88,1.0684501146998382e-08,0
DTXSID1020485,88,3.706732532593493e-05,0
DTXSID1020510,88,0.9931046823376629,1
DTXSID1020512,88,0.0,0
DTXSID1020516,88,2.1610754349483728e-10,0
DTXSID1020560,88,0.0,0
DTXSID1020647,88,4.532270603645458e-06,0
DTXSID1020697,88,0.04850300212097033,0
DTXSID1020699,88,3.05517775444379e-11,0
DTXSID1020728,88,4.238229302630924e-08,0
DTXSID1020770,88,0.565662106630752,0
DTXSID1020778,88,0.0,0
DTXSID1020803,88,7.933539525107222e-07,0
DTXSID1020805,88,0.0,0
DTXSID1020807,88,0.004237994893596121,0
DTXSID1020855,88,3.2510983840767573e-16,0
DTXSID1020930,88,4.048034258445819e-05,0
DTXSID1020932,88,2.4182313621542284e-07,0
DTXSID1020980,88,2.0207931570940187e-15,0
DTXSID1021031,88,1.6925037503684898e-06,0
DTXSID1021039,88,1.069948877412579e-06,0
DTXSID1021081,88,1.482636822506441e-12,0
DTXSID1021087,88,2.0380129879351254e-11,0
DTXSID1021116,88,2.3556185131056426e-05,0
DTXSID1021118,88,0.0,0
DTXSID1021160,88,0.0033309891596782397,0
DTXSID1021164,88,3.6135880986968795e-18,0
DTXSID1021166,88,2.4707168337545203e-13,0
DTXSID1021241,88,1.9233102943432838e-09,0
DTXSID1021243,88,3.200714698211335e-05,0
DTXSID1021247,88,0.9974135294045781,1
DTXSID1021299,88,5.087722084815013e-08,0
DTXSID1021322,88,1.0322420385029153e-06,0
DTXSID1021328,88,0.0,0
DTXSID1021372,88,0.0,0
DTXSID1021378,88,0.0,0
DTXSID1021403,88,5.014679044992631e-11,0
DTXSID1021405,88,0.00043654075579538414,0
DTXSID1021409,88,3.092730342645074e-05,0
DTXSID1021455,88,7.336751568523055e-10,0
DTXSID1021586,88,7.983487669314764e-13,0
DTXSID1021617,88,3.1515257765222826e-08,0
DTXSID1021740,88,6.677552508560668e-05,0
DTXSID1021790,88,7.705311310605808e-16,0
DTXSID1021792,88,1.3919245334984456e-07,0
DTXSID1021798,88,2.913435701967387e-17,0
DTXSID1021821,88,5.169120365536915e-16,0
DTXSID1021871,88,1.940763921960884e-06,0
DTXSID1021877,88,5.318242052116749e-07,0
DTXSID1021904,88,0.0,0
DTXSID1021952,88,1.1880517529619393e-07,0
DTXSID1021956,88,6.060902658353381e-09,0
DTXSID1022001,88,2.9651512854797307e-05,0
DTXSID1022003,88,5.6958808897185e-18,0
DTXSID1022009,88,5.384666410628261e-07,0
DTXSID1022051,88,0.0,0
DTXSID1022053,88,3.7160976790908757e-06,0
DTXSID1022055,88,5.6623028697748354e-14,0
DTXSID1022138,88,0.0,0
DTXSID1022180,88,0.0,0
DTXSID1022188,88,6.90537295315883e-05,0
DTXSID1022217,88,1.9093138755204417e-07,0
DTXSID1022265,88,1.549685659338468e-10,0
DTXSID1022267,88,7.014448359860536e-08,0
DTXSID1022394,88,8.183304774500494e-05,0
DTXSID1022396,88,2.148049516497221e-05,0
DTXSID1022421,88,3.169776783038748e-12,0
DTXSID10224331,88,0.0,0
DTXSID1022479,88,1.7691989303585483e-08,0
DTXSID1022508,88,2.2582383321313524e-18,0
DTXSID1023235,88,5.939479200576313e-08,0
DTXSID1023815,88,3.325759184866282e-17,0
DTXSID1023817,88,6.175480107982301e-10,0
DTXSID1023819,88,3.3843017939699514e-14,0
DTXSID1023869,88,0.0008356324768681229,0
DTXSID1023990,88,5.857962782714291e-06,0
DTXSID1023996,88,1.026051875451711e-09,0
DTXSID1023998,88,9.25221352307471e-06,0
DTXSID1024045,88,2.9961365611614766e-06,0
DTXSID1024049,88,0.0,0
DTXSID1024091,88,0.015333693718649871,0
DTXSID1024097,88,4.592458631254915e-09,0
DTXSID1024124,88,0.7317510330016233,0
DTXSID1024126,88,0.9983209544963505,1
DTXSID1024170,88,2.088263481686721e-07,0
DTXSID1024174,88,0.00012491387571123672,0
DTXSID1024176,88,3.074739939105709e-05,0
DTXSID1024209,88,0.0,0
DTXSID1024255,88,1.7259843487049238e-05,0
DTXSID1024259,88,7.760984210404145e-06,0
DTXSID1024338,88,0.0,0
DTXSID1024465,88,0.0,0
DTXSID1024598,88,5.074737504872719e-09,0
DTXSID1024621,88,1.1289903997248392e-09,0
DTXSID1024629,88,3.332969154945867e-07,0
DTXSID1024704,88,4.820693196992583e-07,0
DTXSID1024837,88,1.4839501609697038e-06,0
DTXSID1024916,88,9.568317339214492e-09,0
DTXSID1024918,88,6.990658199035114e-07,0
DTXSID1024966,88,1.0750094998118226e-14,0
DTXSID1025017,88,0.0,0
DTXSID1025148,88,3.9991951832521565e-07,0
DTXSID1025221,88,0.0,0
DTXSID1025271,88,6.425775517897793e-08,0
DTXSID1025279,88,1.3096855968885556e-18,0
DTXSID1025300,88,1.747641040998315e-06,0
DTXSID1025306,88,1.6717559907487382e-08,0
DTXSID1025433,88,5.877299509996996e-10,0
DTXSID1025485,88,1.0547856332331243e-05,0
DTXSID1025512,88,0.0002559010454262578,0
DTXSID1025560,88,0.0,0
DTXSID1025726,88,0.0,0
DTXSID1025805,88,1.6522540811822595e-10,0
DTXSID1025809,88,8.40211914257286e-19,0
DTXSID1025857,88,0.0005409786266531503,0
DTXSID1025930,88,1.4942702460403928e-09,0
DTXSID1026031,88,0.012391815393021163,0
DTXSID1026033,88,2.636920615035316e-18,0
DTXSID1026035,88,3.0144716877387426e-11,0
DTXSID1026081,88,1.4097391859259798e-18,0
DTXSID1026118,88,1.0994904128223219e-05,0
DTXSID1026164,88,1.6535674772411755e-11,0
DTXSID1026241,88,5.98723245806694e-10,0
DTXSID1026293,88,3.8422511413181914e-07,0
DTXSID1026457,88,2.5852421643151597e-06,0
DTXSID1026536,88,0.0,0
DTXSID1026615,88,8.13956794693327e-07,0
DTXSID1026665,88,1.1043537194139098e-07,0
DTXSID1026792,88,0.004410268811227075,0
DTXSID1026879,88,0.0,0
DTXSID1026900,88,3.672905508603869e-11,0
DTXSID1026902,88,7.69874007750626e-05,0
DTXSID1026904,88,0.0,0
DTXSID1026906,88,4.221373095514795e-07,0
DTXSID1026908,88,1.6044062296211201e-07,0
DTXSID1027134,88,0.00011766012901567268,0
DTXSID1027184,88,6.28700360288179e-08,0
DTXSID1027211,88,1.2925624259293511e-07,0
DTXSID1027263,88,1.0492297032758185e-09,0
DTXSID1027267,88,2.0105848229611615e-07,0
DTXSID1027342,88,3.946131922142355e-05,0
DTXSID1027344,88,1.327399696094603e-05,0
DTXSID1027346,88,9.304456895873147e-07,0
DTXSID1027390,88,1.3351612327003835e-09,0
DTXSID1027429,88,5.923205724316068e-06,0
DTXSID1027479,88,3.216205019136015e-07,0
DTXSID1027500,88,8.705020703608502e-09,0
DTXSID1027502,88,0.0,0
DTXSID1027504,88,0.0023874115287243346,0
DTXSID1027550,88,4.005023512214947e-06,0
DTXSID1027556,88,4.949335652638166e-07,0
DTXSID1027558,88,9.92056116091708e-07,0
DTXSID1027633,88,6.534429789882952e-06,0
DTXSID1027635,88,1.066172429836617e-09,0
DTXSID1027841,88,0.0,0
DTXSID1027891,88,1.9610200101108138e-11,0
DTXSID1027899,88,0.0,0
DTXSID1027920,88,1.0029941385941519e-07,0
DTXSID1027924,88,0.002735563822244231,0
DTXSID1027926,88,0.0,0
DTXSID1027928,88,1.4784412721646665e-07,0
DTXSID1027978,88,0.0,0
DTXSID1029124,88,1.2238605579593955e-06,0
DTXSID1029128,88,1.8524729540354722e-09,0
DTXSID1029170,88,2.461962167494199e-11,0
DTXSID1029201,88,1.7859006224560928e-08,0
DTXSID1029251,88,6.792006972970693e-11,0
DTXSID1029677,88,3.855427288488456e-05,0
DTXSID1029889,88,2.769203354320241e-13,0
DTXSID1030319,88,7.876819386418947e-08,0
DTXSID1030606,88,1.4100163372053617e-07,0
DTXSID1031460,88,0.0,0
DTXSID1031462,88,9.111298048539743e-12,0
DTXSID1031591,88,0.0001133055612831891,0
DTXSID1031626,88,2.3428828138287194e-08,0
DTXSID1032303,88,0.00014774878156606212,0
DTXSID1032305,88,8.209663630423976e-07,0
DTXSID1032309,88,5.104411445963438e-10,0
DTXSID1032355,88,0.0021838391393751676,0
DTXSID1032359,88,0.004003436865738465,0
DTXSID1032482,88,8.439774866379582e-05,0
DTXSID1032484,88,0.00010398225616777226,0
DTXSID1032488,88,0.001448710509032522,0
DTXSID1032511,88,1.658836177155888e-05,0
DTXSID1032513,88,1.1335141340778114e-08,0
DTXSID1032519,88,0.12427362747935454,0
DTXSID1032569,88,8.497479281154305e-17,0
DTXSID1032640,88,3.063189149087994e-05,0
DTXSID1032642,88,1.2968360189648115e-05,0
DTXSID1032646,88,0.1661103354462727,0
DTXSID1032648,88,2.9317851406476346e-13,0
DTXSID1032690,88,1.3019327989823414e-10,0
DTXSID1033161,88,6.602325204151988e-17,0
DTXSID1033371,88,1.3412155259464558e-18,0
DTXSID1033664,88,1.5394257946293582e-05,0
DTXSID1034181,88,0.9997353786981341,1
DTXSID1034187,88,4.105125045715771e-05,0
DTXSID1034210,88,5.993306047544061e-07,0
DTXSID1034212,88,2.1518550741632272e-11,0
DTXSID1034260,88,7.654008289751962e-14,0
DTXSID1034501,88,4.4370553926092406e-18,0
DTXSID1034503,88,5.330274213814285e-12,0
DTXSID1034634,88,1.8194414235485183e-13,0
DTXSID1034769,88,4.281500823165481e-06,0
DTXSID1034929,88,0.01669483415032396,0
DTXSID1034973,88,0.0,0
DTXSID1035288,88,0.0,0
DTXSID1035783,88,8.017543147517483e-08,0
DTXSID1036541,88,8.662348194992647e-13,0
DTXSID1036545,88,2.0559528386811172e-10,0
DTXSID10370988,88,5.47370310418516e-10,0
DTXSID1037303,88,4.857723322621667e-12,0
DTXSID1037565,88,0.0,0
DTXSID1037567,88,8.060624081938842e-07,0
DTXSID1037806,88,0.0,0
DTXSID10379254,88,0.0,0
DTXSID10379835,88,4.067334320962942e-09,0
DTXSID10379850,88,0.0,0
DTXSID10379991,88,3.651602806443621e-06,0
DTXSID10382147,88,5.060820797008681e-07,0
DTXSID1038298,88,4.496103243531633e-09,0
DTXSID1038321,88,1.1560516868199339e-13,0
DTXSID1038666,88,1.4296847975923346e-18,0
DTXSID1038743,88,1.971858375286289e-08,0
DTXSID1038795,88,1.3620109406699082e-08,0
DTXSID1038822,88,7.35592416005751e-07,0
DTXSID1038824,88,7.694946149683544e-09,0
DTXSID1038876,88,0.0,0
DTXSID1040110,88,0.0,0
DTXSID1040112,88,5.600578660056427e-06,0
DTXSID1040114,88,1.0068510767741622e-09,0
DTXSID1040164,88,1.848889865995714e-07,0
DTXSID1040245,88,2.2365360494531e-06,0
DTXSID1040320,88,3.857537067784821e-06,0
DTXSID1040326,88,1.0261614282948921e-09,0
DTXSID1040372,88,5.2668958193697813e-08,0
DTXSID1040611,88,0.0,0
DTXSID1040619,88,0.9986363001143468,1
DTXSID1040661,88,1.9125808032380238e-16,0
DTXSID1040742,88,4.5407591434855623e-07,0
DTXSID1040792,88,0.0,0
DTXSID1040794,88,3.7372594076541216e-05,0
DTXSID1041184,88,0.0,0
DTXSID1041188,88,7.0511575008131e-17,0
DTXSID1041261,88,1.0781895738521835e-07,0
DTXSID1041263,88,2.165327820764018e-09,0
DTXSID1041265,88,1.1159103313265486e-06,0
DTXSID1041267,88,0.0,0
DTXSID1041346,88,7.937325442741729e-08,0
DTXSID1041396,88,4.758765902033159e-19,0
DTXSID1041421,88,2.394151362360844e-07,0
DTXSID1041423,88,5.640058268949035e-09,0
DTXSID1041425,88,1.3802712316166579e-08,0
DTXSID1041502,88,3.4352645966420837e-22,0
DTXSID1041506,88,2.5607849790404727e-09,0
DTXSID1041508,88,2.3751596931662153e-08,0
DTXSID1041550,88,3.687501072242876e-15,0
DTXSID1041639,88,0.0,0
DTXSID1041847,88,2.566261235281798e-07,0
DTXSID1041891,88,0.0,0
DTXSID1041920,88,1.1875963394846805e-07,0
DTXSID1041970,88,1.5753112748307431e-09,0
DTXSID1041978,88,7.596501431967846e-11,0
DTXSID1042154,88,8.928622953017032e-10,0
DTXSID1042443,88,1.4631444208930996e-05,0
DTXSID1042445,88,0.0,0
DTXSID1042491,88,1.3742567503641812e-07,0
DTXSID1042499,88,4.929287949238766e-06,0
DTXSID1043910,88,1.1327680200985862e-12,0
DTXSID1044221,88,6.3804573434995686e-12,0
DTXSID1044227,88,1.179333292508298e-08,0
DTXSID1044352,88,5.9456781676070505e-06,0
DTXSID1044354,88,0.0,0
DTXSID1044356,88,0.0,0
DTXSID1044435,88,8.791684410891235e-06,0
DTXSID1044437,88,0.0,0
DTXSID1044481,88,1.7982496217289698e-06,0
DTXSID1044487,88,2.8570604882606405e-05,0
DTXSID1044489,88,0.0,0
DTXSID1044514,88,0.053963067663058625,0
DTXSID1044518,88,2.9487615598181646e-07,0
DTXSID1044560,88,3.16659333056009e-08,0
DTXSID1044564,88,2.0501691871536907e-07,0
DTXSID1044568,88,3.957226468251755e-11,0
DTXSID1044643,88,6.863023047798929e-09,0
DTXSID1044693,88,3.4697000591763154e-18,0
DTXSID1044697,88,0.1849725797358766,0
DTXSID1044720,88,0.0,0
DTXSID1044770,88,3.388469983155747e-08,0
DTXSID1044772,88,3.942171036394077e-13,0
DTXSID1044774,88,2.992413104374912e-08,0
DTXSID1044776,88,1.1321255632862275e-06,0
DTXSID1044809,88,2.1738917874998137e-07,0
DTXSID1044851,88,0.0,0
DTXSID1044853,88,5.6453454820215664e-12,0
DTXSID1044859,88,2.877036493093629e-07,0
DTXSID1044934,88,3.3699862185799907e-13,0
DTXSID1044936,88,1.8262774028296536e-09,0
DTXSID1044938,88,7.376172987890684e-15,0
DTXSID1044986,88,1.4675900259598983e-08,0
DTXSID10461880,88,2.8932167663009537e-12,0
DTXSID1046970,88,0.9395201901150178,1
DTXSID1046976,88,1.713430785955463e-05,0
DTXSID1047029,88,1.2615784253071994e-09,0
DTXSID1047071,88,4.213159195691055e-07,0
DTXSID1047102,88,0.027354468465976216,0
DTXSID1047104,88,9.578681504688665e-07,0
DTXSID1047106,88,6.515808635512686e-10,0
DTXSID1047152,88,1.8417596956546814e-09,0
DTXSID1047156,88,2.454523644603887e-08,0
DTXSID1047158,88,0.0,0
DTXSID1047281,88,2.4109617896769873e-06,0
DTXSID1047283,88,2.016304716835232e-06,0
DTXSID1047285,88,1.1514089705206326e-06,0
DTXSID1047287,88,4.613855756117627e-09,0
DTXSID1047289,88,2.7567818070602713e-05,0
DTXSID1047310,88,0.0007863596536928165,0
DTXSID1047312,88,1.2087093664400792e-13,0
DTXSID1047316,88,8.889646730108849e-10,0
DTXSID1047318,88,6.79757983055281e-09,0
DTXSID1047360,88,3.360017699267511e-05,0
DTXSID1047362,88,0.000393897968386899,0
DTXSID1047364,88,0.002361454427384378,0
DTXSID1047366,88,0.990497496150405,1
DTXSID1047368,88,2.448431573984652e-05,0
DTXSID1047443,88,4.329074006176438e-19,0
DTXSID1047447,88,2.0401465524699892e-11,0
DTXSID1047497,88,0.0,0
DTXSID1047520,88,7.638192855686737e-07,0
DTXSID1047526,88,6.293237786783346e-08,0
DTXSID1047528,88,0.0002145793858263885,0
DTXSID1047570,88,1.9752962180174158e-18,0
DTXSID1047574,88,1.0886236613064368e-08,0
DTXSID1047576,88,4.430952595240269e-08,0
DTXSID1047578,88,0.0,0
DTXSID1047601,88,3.133105960384071e-13,0
DTXSID1047603,88,2.219568384222027e-17,0
DTXSID1047605,88,2.436815867049104e-09,0
DTXSID1047607,88,7.449058037651292e-07,0
DTXSID1047609,88,0.0,0
DTXSID1047651,88,0.0,0
DTXSID1047655,88,9.892510384680518e-07,0
DTXSID1047657,88,2.2290034376602277e-16,0
DTXSID1047659,88,2.3625328187087163e-09,0
DTXSID1048122,88,6.289524083480207e-07,0
DTXSID1048170,88,7.277286554812132e-08,0
DTXSID1048172,88,0.0,0
DTXSID1048174,88,5.575637984182176e-11,0
DTXSID1048176,88,4.7115928327847684e-07,0
DTXSID1048178,88,1.0859107564154849e-10,0
DTXSID1048201,88,3.391953858801934e-06,0
DTXSID1048203,88,1.0242317081636246e-09,0
DTXSID1048207,88,4.862261807059995e-06,0
DTXSID1048209,88,1.618324382281088e-08,0
DTXSID1049225,88,4.532060440792714e-16,0
DTXSID1049697,88,2.753195949276859e-06,0
DTXSID1051690,88,9.7002964205864e-07,0
DTXSID1051771,88,1.925609073631869e-09,0
DTXSID1051779,88,0.00016828054887582406,0
DTXSID1051808,88,5.295408293401006e-10,0
DTXSID1051850,88,0.0001471662757003597,0
DTXSID1051856,88,0.00027806632423108414,0
DTXSID1051939,88,0.0,0
DTXSID1052294,88,4.3038867634745994e-05,0
DTXSID1052298,88,2.354101759050468e-06,0
DTXSID1052539,88,1.250567320029459e-09,0
DTXSID1052585,88,3.867531040151929e-12,0
DTXSID1052587,88,4.237415256984766e-18,0
DTXSID1052610,88,1.8102992841843602e-17,0
DTXSID1052901,88,0.0,0
DTXSID1052903,88,1.9146806099567416e-09,0
DTXSID1052905,88,1.989097812299046e-06,0
DTXSID1052907,88,1.4550543156246994e-09,0
DTXSID1052909,88,0.0,0
DTXSID1057907,88,1.3622920116896385e-06,0
DTXSID1057909,88,1.2048516278526599e-05,0
DTXSID1062122,88,2.5605239330770786e-08,0
DTXSID1067629,88,0.0,0
DTXSID1068772,88,0.0,0
DTXSID1074915,88,9.649416599302767e-05,0
DTXSID10858872,88,3.10084987682004e-05,0
DTXSID10858877,88,4.233734506107165e-18,0
DTXSID10858892,88,2.942876062379768e-09,0
DTXSID10858897,88,2.9101873601990892e-09,0
DTXSID10858913,88,0.0,0
DTXSID10858918,88,1.8687290658861687e-06,0
DTXSID10872710,88,7.045100502174003e-08,0
DTXSID10872715,88,0.0,0
DTXSID10872730,88,0.0,0
DTXSID10872735,88,0.0,0
DTXSID10872750,88,5.5117710936083343e-11,0
DTXSID10872755,88,2.8460590686511315e-12,0
DTXSID10903831,88,1.3415212686247317e-07,0
DTXSID10903836,88,1.8726082106588476e-12,0
DTXSID10903851,88,5.505399886379033e-06,0
DTXSID10903856,88,0.0,0
DTXSID10903871,88,0.0,0
DTXSID10903876,88,0.0,0
DTXSID10903891,88,0.0,0
DTXSID10903896,88,0.0,0
DTXSID201339555,88,2.173213163976669e-11,0
DTXSID201339593,88,2.5201914592113516e-12,0
DTXSID201351484,88,0.0,0
DTXSID201351789,88,0.16889846414074464,0
DTXSID201351791,88,4.5445896519860544e-10,0
DTXSID20179883,88,9.809678136661832e-19,0
DTXSID2020006,88,1.0885855725609077e-07,0
DTXSID2020058,88,2.2406869601613243e-06,0
DTXSID2020137,88,0.0,0
DTXSID2020189,88,2.249031013614002e-14,0
DTXSID2020210,88,6.495619291483529e-05,0
DTXSID2020212,88,0.9996563193037261,1
DTXSID2020216,88,0.9640110440111915,1
DTXSID2020262,88,7.981556446152146e-12,0
DTXSID2020266,88,1.9995441183158254e-06,0
DTXSID2020268,88,5.088340361971516e-06,0
DTXSID2020347,88,8.049559945544108e-07,0
DTXSID2020349,88,1.4348316099063827e-05,0
DTXSID2020420,88,2.303323305900606e-07,0
DTXSID2020424,88,1.5338029634778174e-09,0
DTXSID2020426,88,0.15381522580050824,0
DTXSID2020428,88,0.0,0
DTXSID2020474,88,5.432977183988683e-07,0
DTXSID2020501,88,1.2406267379288555e-08,0
DTXSID2020505,88,2.4212641812460384e-05,0
DTXSID2020507,88,1.1827788472134153e-05,0
DTXSID2020509,88,2.9423976382619455e-06,0
DTXSID2020634,88,3.913838410716774e-13,0
DTXSID2020636,88,0.0,0
DTXSID2020686,88,7.503858025073117e-05,0
DTXSID2020688,88,0.035075660361538204,0
DTXSID2020713,88,2.0379049942730337e-12,0
DTXSID2020767,88,0.00024655663320062164,0
DTXSID2020890,88,4.350216393309814e-09,0
DTXSID2020892,88,1.0148673630129274e-05,0
DTXSID2020894,88,3.2269733229057714e-10,0
DTXSID2020921,88,5.016194863056741e-10,0
DTXSID2020923,88,0.00045125882783275456,0
DTXSID2020927,88,1.7702575708989176e-05,0
DTXSID2020929,88,0.0005169469683108675,0
DTXSID2020977,88,8.562804352441974e-13,0
DTXSID2021022,88,0.0,0
DTXSID2021026,88,8.914247836677343e-10,0
DTXSID2021028,88,4.2044714330149675e-09,0
DTXSID2021103,88,0.0009059174722432676,0
DTXSID2021105,88,0.004284028317933966,0
DTXSID2021151,88,0.0,0
DTXSID2021234,88,0.004163338830998426,0
DTXSID2021236,88,7.152296223084693e-05,0
DTXSID2021238,88,3.515839553917692e-07,0
DTXSID2021282,88,4.249814959327861e-10,0
DTXSID2021286,88,0.15839954040457543,0
DTXSID2021288,88,0.0,0
DTXSID2021311,88,3.976014485888467e-05,0
DTXSID2021367,88,8.911129037041663e-07,0
DTXSID2021440,88,5.050591023677278e-12,0
DTXSID2021498,88,1.6916910781983413e-11,0
DTXSID2021575,88,7.2572668109719474e-12,0
DTXSID2021577,88,6.637866286176639e-16,0
DTXSID2021600,88,4.2484819369196775e-12,0
DTXSID2021602,88,0.0,0
DTXSID2021604,88,4.287332680954644e-05,0
DTXSID2021650,88,5.785172926830827e-18,0
DTXSID2021654,88,4.378063446158844e-12,0
DTXSID2021656,88,1.7364506188778086e-08,0
DTXSID2021735,88,0.0,0
DTXSID2021739,88,4.976084785161316e-06,0
DTXSID2021781,88,1.0960932353468114e-06,0
DTXSID2021816,88,2.753694371652332e-06,0
DTXSID2021818,88,1.812135784346598e-07,0
DTXSID2021864,88,0.0,0
DTXSID2021866,88,0.00016892423307150072,0
DTXSID2021941,88,2.117460918353088e-17,0
DTXSID2021943,88,0.0,0
DTXSID2021947,88,0.8881155205002979,0
DTXSID2021993,88,1.1452203217231263e-13,0
DTXSID2021995,88,0.00019296918627711762,0
DTXSID2021997,88,1.2305170567213121e-08,0
DTXSID2022048,88,0.0002907822246645721,0
DTXSID2022090,88,6.513999247074798e-16,0
DTXSID2022096,88,9.420502676191257e-05,0
DTXSID2022121,88,2.8476043855215747e-17,0
DTXSID2022123,88,1.5880478405119828e-07,0
DTXSID2022125,88,9.397366362709014e-13,0
DTXSID2022127,88,4.631094407057458e-13,0
DTXSID2022171,88,5.667131318436722e-07,0
DTXSID2022179,88,5.2594956589824e-07,0
DTXSID2022254,88,2.6598604189028526e-07,0
DTXSID2022331,88,6.554049059723657e-05,0
DTXSID2022333,88,3.4304964898517757e-20,0
DTXSID2022381,88,6.244920028994827e-06,0
DTXSID2022462,88,3.7963050029332606e-07,0
DTXSID2022628,88,1.9743161899419537e-05,0
DTXSID2022678,88,1.5686538751032111e-18,0
DTXSID2022880,88,2.3559952088240713e-07,0
DTXSID2023016,88,1.8702549098384126e-07,0
DTXSID2023193,88,2.0108112321832445e-06,0
DTXSID2023224,88,3.19228442042841e-12,0
DTXSID2023270,88,2.1956827928226193e-07,0
DTXSID2023309,88,6.766479872419417e-05,0
DTXSID2023430,88,5.280103284081098e-06,0
DTXSID2023434,88,1.0417376715786372e-05,0
DTXSID2023519,88,8.478561936955431e-07,0
DTXSID2023567,88,2.1694981274246588e-12,0
DTXSID2023569,88,1.5802475014056745e-12,0
DTXSID2023723,88,4.174919533341599e-05,0
DTXSID2024086,88,3.7789653859278853e-14,0
DTXSID2024163,88,0.004668621688316321,0
DTXSID2024242,88,7.502199068282435e-05,0
DTXSID2024452,88,0.0,0
DTXSID2024458,88,9.3922904316887e-15,0
DTXSID2024585,88,2.5865060934195206e-09,0
DTXSID2024662,88,2.7433886616700493e-18,0
DTXSID2024664,88,0.0,0
DTXSID2024666,88,3.3857676886228143e-07,0
DTXSID2024793,88,5.460588719032831e-05,0
DTXSID2024799,88,1.296881236121176e-06,0
DTXSID2024824,88,1.0840856061967664e-16,0
DTXSID2024955,88,4.1169729264950633e-07,0
DTXSID2025050,88,4.3603929921417893e-07,0
DTXSID2025133,88,1.63852970894162e-05,0
DTXSID2025135,88,0.0,0
DTXSID2025139,88,7.146441459623121e-14,0
DTXSID2025210,88,3.3998243871720546e-07,0
DTXSID2025216,88,2.379627498254248e-06,0
DTXSID2025347,88,5.612181837746022e-06,0
DTXSID2025395,88,3.0016587251205926e-06,0
DTXSID2025478,88,4.423473042530052e-06,0
DTXSID2025501,88,7.944920960263118e-08,0
DTXSID2025505,88,0.0009994928397425418,0
DTXSID2025557,88,2.3693441764106172e-07,0
DTXSID2025632,88,4.208358750879621e-12,0
DTXSID2025680,88,0.005888891594019809,0
DTXSID2025688,88,7.41932771286536e-08,0
DTXSID2025842,88,0.0,0
DTXSID2025892,88,0.9967189572212181,1
DTXSID2025925,88,0.0,0
DTXSID2025977,88,0.0,0
DTXSID2026076,88,1.0736975261796116e-09,0
DTXSID2026232,88,3.7072496264359578e-06,0
DTXSID2026238,88,2.43895285461241e-06,0
DTXSID2026446,88,3.869642411003831e-06,0
DTXSID2026496,88,5.866775827111153e-05,0
DTXSID2026523,88,0.00017343873165734974,0
DTXSID2026525,88,0.18598158048955882,0
DTXSID2026529,88,5.6593306762120006e-06,0
DTXSID2026573,88,1.5095140275669031e-05,0
DTXSID2026602,88,0.0,0
DTXSID2026608,88,1.3760824728518157e-06,0
DTXSID2026652,88,0.0,0
DTXSID2026739,88,1.729935059913525e-08,0
DTXSID2026781,88,0.0,0
DTXSID2026783,88,6.657257851626903e-10,0
DTXSID2026789,88,2.25503652045064e-06,0
DTXSID2026864,88,2.3812554737006285e-05,0
DTXSID2026943,88,8.161284639424094e-15,0
DTXSID2026991,88,0.0,0
DTXSID2026997,88,3.177207232041055e-20,0
DTXSID2027094,88,0.0,0
DTXSID2027200,88,6.10051148188725e-09,0
DTXSID2027204,88,0.0028377054215489917,0
DTXSID2027206,88,1.0654974239484578e-14,0
DTXSID2027258,88,7.276477049006635e-11,0
DTXSID2027333,88,2.06281463868432e-05,0
DTXSID2027412,88,5.7848676034930285e-05,0
DTXSID2027414,88,6.642635977563638e-10,0
DTXSID2027466,88,0.0,0
DTXSID2027593,88,3.474551081262268e-05,0
DTXSID2027620,88,3.3278824239755484e-10,0
DTXSID2027759,88,0.0003431712161763612,0
DTXSID2027830,88,0.0007929761231086083,0
DTXSID2027832,88,3.401265554531741e-06,0
DTXSID2027834,88,1.866427806611335e-07,0
DTXSID2027884,88,5.1546947598186014e-08,0
DTXSID2027963,88,0.0,0
DTXSID2028985,88,1.2737193950290479e-14,0
DTXSID2029117,88,2.924612491814453e-18,0
DTXSID2029167,88,0.0,0
DTXSID2029242,88,3.787579236723446e-15,0
DTXSID2029246,88,0.003163089424211413,0
DTXSID2029290,88,3.1085417227205094e-10,0
DTXSID2029298,88,1.0702185424750319e-09,0
DTXSID2029325,88,3.5872346835261824e-09,0
DTXSID2029329,88,4.505078940022688e-07,0
DTXSID2029612,88,6.647232244664163e-08,0
DTXSID2029616,88,5.629879553585401e-07,0
DTXSID2029874,88,3.281907729716442e-07,0
DTXSID2030695,88,5.094163999847084e-05,0
DTXSID2031089,88,2.3723009748489945e-05,0
DTXSID2031374,88,0.00027200846989249304,0
DTXSID2032342,88,0.8619174225293705,0
DTXSID2032344,88,1.6305208128425134e-06,0
DTXSID2032348,88,0.9996232450204915,1
DTXSID2032390,88,9.113119959939764e-05,0
DTXSID2032392,88,1.0626006900962234e-11,0
DTXSID2032398,88,0.0001651956327894331,0
DTXSID2032500,88,0.002588350137295633,0
DTXSID2032502,88,3.37988334325729e-19,0
DTXSID2032550,88,1.8614024829046506e-14,0
DTXSID2032552,88,0.0398379586385601,0
DTXSID2032554,88,2.8162399869547387e-08,0
DTXSID2032556,88,1.402596319987973e-17,0
DTXSID2032558,88,6.875054629589119e-13,0
DTXSID2032631,88,2.4552052429930665e-07,0
DTXSID2032637,88,6.5379581609848074e-15,0
DTXSID2032639,88,0.8959684808613418,0
DTXSID2032683,88,3.771004201697819e-11,0
DTXSID2033314,88,0.9938642886190194,1
DTXSID20335129,88,4.297634699378816e-07,0
DTXSID20335700,88,1.5254800356262363e-12,0
DTXSID20337446,88,3.566480030687248e-09,0
DTXSID20337466,88,6.775697848118648e-16,0
DTXSID2034259,88,2.876245211391978e-07,0
DTXSID2034465,88,0.0,0
DTXSID2034542,88,2.0110464772615486e-08,0
DTXSID2034590,88,6.019726420755716e-10,0
DTXSID2034598,88,4.363397096724412e-08,0
DTXSID2034625,88,1.717808619178768e-06,0
DTXSID2034627,88,1.9210009734548928e-08,0
DTXSID2034673,88,5.960738042870377e-05,0
DTXSID2034700,88,8.165943222888627e-09,0
DTXSID2034881,88,1.5665719475442063e-06,0
DTXSID2034885,88,8.66997318360068e-06,0
DTXSID2034962,88,4.3243195935798415e-05,0
DTXSID2035013,88,2.8910607049552155e-09,0
DTXSID2036112,88,0.5167318969855794,0
DTXSID2036299,88,0.01579148703975714,0
DTXSID2036588,88,0.9989688025689227,1
DTXSID2036827,88,0.0,0
DTXSID2037502,88,7.593730773193995e-07,0
DTXSID20375106,88,7.526201325926008e-05,0
DTXSID2037712,88,0.00021367988163276756,0
DTXSID2037714,88,7.607549198014149e-06,0
DTXSID20379947,88,9.498367235597724e-14,0
DTXSID2038732,88,7.224008107693458e-05,0
DTXSID2038788,88,1.9856462145345665e-05,0
DTXSID2038813,88,1.7262254193076188e-08,0
DTXSID2039336,88,0.0,0
DTXSID2040151,88,2.173834388990784e-05,0
DTXSID2040284,88,5.5091285541039874e-05,0
DTXSID2040361,88,3.395606975118406e-05,0
DTXSID2040363,88,1.098036560355457e-06,0
DTXSID2040731,88,0.0,0
DTXSID2040733,88,8.602104657440931e-05,0
DTXSID2040787,88,0.028211445266708227,0
DTXSID2041125,88,2.223476520546851e-14,0
DTXSID2041200,88,8.596181806405995e-07,0
DTXSID2041206,88,4.369113001128448e-10,0
DTXSID2041208,88,0.0013619911914488456,0
DTXSID2041250,88,1.8756356393245974e-07,0
DTXSID2041252,88,0.0,0
DTXSID2041256,88,6.977329753266325e-09,0
DTXSID2041389,88,1.9047145422102985e-07,0
DTXSID2041412,88,0.0013851589942731792,0
DTXSID2041416,88,6.633243030996644e-14,0
DTXSID2041418,88,2.1257734195941522e-07,0
DTXSID2041460,88,1.1508633374847657e-14,0
DTXSID2041464,88,0.0,0
DTXSID2041622,88,0.00017518155520831997,0
DTXSID2041672,88,4.902013892138341e-07,0
DTXSID2041674,88,2.6045957767445535e-09,0
DTXSID2041703,88,3.4304083134954845e-08,0
DTXSID2041709,88,0.0,0
DTXSID2041759,88,5.3752816333000525e-18,0
DTXSID2042060,88,1.079667894960681e-09,0
DTXSID2042062,88,4.8598980205153243e-08,0
DTXSID2042143,88,1.3308336574148914e-12,0
DTXSID2042191,88,3.230344053604577e-10,0
DTXSID2042199,88,9.560737403958852e-12,0
DTXSID2042276,88,3.304588843413005e-08,0
DTXSID2042436,88,0.0,0
DTXSID2043903,88,9.208726810734956e-06,0
DTXSID20440585,88,5.06333392117594e-08,0
DTXSID2044268,88,0.0,0
DTXSID2044347,88,9.098668944169326e-08,0
DTXSID2044391,88,1.3601659427190353e-06,0
DTXSID2044395,88,0.0,0
DTXSID2044428,88,1.1905540975622043e-11,0
DTXSID2044470,88,7.224495234105992e-16,0
DTXSID2044472,88,1.4784969439668877e-20,0
DTXSID2044476,88,4.2848257559123636e-13,0
DTXSID2044503,88,0.0,0
DTXSID2044507,88,0.0,0
DTXSID2044509,88,1.556275003039124e-12,0
DTXSID2044553,88,1.0437337059874188e-10,0
DTXSID2044713,88,6.360606391507152e-11,0
DTXSID2044717,88,1.6538922875597059e-06,0
DTXSID2044719,88,6.475216363580132e-13,0
DTXSID2044763,88,1.60303576606631e-16,0
DTXSID2044765,88,2.7861307465722166e-08,0
DTXSID2044767,88,1.0534458684462005e-09,0
DTXSID2044769,88,4.492752283328587e-07,0
DTXSID2044846,88,5.255271784230263e-14,0
DTXSID2044848,88,4.1966832937571756e-12,0
DTXSID2044890,88,1.5460990342410675e-07,0
DTXSID2044892,88,6.099330104857726e-08,0
DTXSID2044896,88,5.798489958525409e-07,0
DTXSID2044898,88,9.58563940594836e-07,0
DTXSID2044927,88,3.5727614855953954e-09,0
DTXSID2044929,88,1.3719729197426406e-18,0
DTXSID2044971,88,0.9191673432464237,1
DTXSID2044973,88,1.2733257299825137e-17,0
DTXSID2045076,88,0.0,0
DTXSID2045232,88,2.0161628358977957e-05,0
DTXSID2047060,88,3.2174735735991007e-16,0
DTXSID2047062,88,1.1236180182772681e-09,0
DTXSID2047066,88,2.3600819869836676e-17,0
DTXSID2047068,88,6.148258286002337e-18,0
DTXSID2047141,88,1.0813654936366138e-20,0
DTXSID2047145,88,6.762095379100079e-07,0
DTXSID2047149,88,4.340852391482139e-10,0
DTXSID2047191,88,2.1712236812415748e-08,0
DTXSID2047193,88,4.6735774175840634e-05,0
DTXSID2047195,88,2.3031210856280562e-08,0
DTXSID2047197,88,1.3289808120508473e-08,0
DTXSID2047199,88,2.533551467227577e-07,0
DTXSID2047222,88,0.9983267142477852,1
DTXSID2047270,88,5.608137726036751e-08,0
DTXSID2047272,88,1.256650010967458e-09,0
DTXSID2047274,88,3.642683098698655e-07,0
DTXSID2047276,88,2.839361849275619e-05,0
DTXSID2047278,88,0.0,0
DTXSID2047301,88,1.166790952281983e-08,0
DTXSID2047303,88,6.01207413982355e-07,0
DTXSID2047305,88,6.141864872766023e-09,0
DTXSID2047307,88,5.927604552952152e-13,0
DTXSID2047309,88,7.764549057348455e-14,0
DTXSID2047351,88,7.002362240321448e-16,0
DTXSID2047353,88,2.531986726448996e-06,0
DTXSID2047355,88,0.0003452045699279441,0
DTXSID2047357,88,0.0,0
DTXSID2047359,88,3.3565133064062723e-06,0
DTXSID2047434,88,4.042368228500063e-07,0
DTXSID2047436,88,6.645725264063867e-07,0
DTXSID2047486,88,4.95322960769122e-17,0
DTXSID2047511,88,6.962737899018654e-10,0
DTXSID2047517,88,0.0,0
DTXSID2047519,88,0.0,0
DTXSID2047565,88,3.4575016213743347e-07,0
DTXSID2047567,88,6.020950834982485e-05,0
DTXSID2047642,88,0.0009278424461450364,0
DTXSID2047644,88,0.0,0
DTXSID2047646,88,6.536375702696736e-10,0
DTXSID2047648,88,1.8288856110008324e-06,0
DTXSID2047696,88,2.662500667302678e-06,0
DTXSID2047721,88,1.2531307283357386e-07,0
DTXSID2047725,88,2.0709043704730209e-07,0
DTXSID2047727,88,1.0879559751596165e-09,0
DTXSID2048167,88,8.525663090292278e-06,0
DTXSID2050403,88,3.5565673904860753e-09,0
DTXSID2051477,88,4.387086425085873e-06,0
DTXSID2051631,88,4.4986263131015455e-07,0
DTXSID2051687,88,2.2220766305663752e-12,0
DTXSID2051716,88,1.1477264393970951e-09,0
DTXSID2051764,88,2.631498239293877e-06,0
DTXSID2051895,88,4.189233783826498e-12,0
DTXSID2052281,88,9.340950848968273e-06,0
DTXSID2052283,88,1.3437146220155725e-07,0
DTXSID2052289,88,1.1845446438232144e-08,0
DTXSID2052310,88,0.0,0
DTXSID2052447,88,1.5536665162825233e-06,0
DTXSID2052574,88,9.766235227021677e-10,0
DTXSID2052603,88,0.0008173661041685,0
DTXSID2052607,88,1.4274630255693841e-06,0
DTXSID2060965,88,1.626686712838314e-10,0
DTXSID20858868,88,0.0,0
DTXSID20858883,88,1.5320277021441724e-05,0
DTXSID20858888,88,2.1569994368207427e-05,0
DTXSID20858904,88,6.687001018027745e-10,0
DTXSID20858909,88,2.3852215269187683e-08,0
DTXSID20861913,88,1.0952519398453816e-18,0
DTXSID20872706,88,1.7478974077211762e-18,0
DTXSID20872721,88,0.0,0
DTXSID20872726,88,9.45372200219647e-13,0
DTXSID20872741,88,5.984432595720581e-08,0
DTXSID20872746,88,0.0,0
DTXSID20874028,88,0.0022049936894049265,0
DTXSID20880144,88,6.872521783692026e-12,0
DTXSID20881338,88,4.749548612502639e-16,0
DTXSID20903827,88,8.675528584466296e-15,0
DTXSID20903842,88,9.119934720420394e-12,0
DTXSID20903847,88,0.0,0
DTXSID20903862,88,0.0,0
DTXSID20903867,88,0.0,0
DTXSID20903882,88,0.0,0
DTXSID20903887,88,0.0,0
DTXSID301339558,88,0.0,0
DTXSID301339560,88,3.055344671358534e-15,0
DTXSID301351794,88,1.7385938780267595e-07,0
DTXSID301351801,88,1.7713063861712842e-07,0
DTXSID30170109,88,1.7766779450374272e-06,0
DTXSID30190948,88,0.0,0
DTXSID3020043,88,0.0005493862877848487,0
DTXSID3020047,88,1.6420645408052146e-18,0
DTXSID3020091,88,0.0,0
DTXSID3020093,88,3.924524599238718e-06,0
DTXSID3020122,88,4.522743028740448e-06,0
DTXSID3020205,88,3.4437427858216044e-13,0
DTXSID3020207,88,2.5613608872528312e-08,0
DTXSID3020209,88,3.720360132325661e-05,0
DTXSID3020257,88,1.2846578758549341e-09,0
DTXSID3020332,88,7.654295517249414e-06,0
DTXSID3020336,88,4.217906229369432e-15,0
DTXSID3020415,88,4.84761155900889e-13,0
DTXSID3020465,88,0.0007600340113516291,0
DTXSID3020621,88,2.456335866905564e-07,0
DTXSID3020625,88,8.206027632861264e-05,0
DTXSID3020627,88,2.8819286965416754e-07,0
DTXSID3020629,88,0.00012608520808092934,0
DTXSID3020671,88,0.0,0
DTXSID3020673,88,0.0,0
DTXSID3020679,88,0.555658582556964,0
DTXSID3020704,88,0.0,0
DTXSID3020706,88,5.880472870153325e-06,0
DTXSID3020881,88,2.6781573150200203e-05,0
DTXSID3020887,88,3.4753689590234293e-06,0
DTXSID3020889,88,1.0612422987640832e-06,0
DTXSID3020910,88,0.0001377182397380234,0
DTXSID3020912,88,1.2525743030511565e-09,0
DTXSID3020916,88,6.740860565220025e-07,0
DTXSID3020918,88,4.356739982282107e-08,0
DTXSID3020960,88,1.1461355582148603e-09,0
DTXSID3020962,88,1.054698874794489e-09,0
DTXSID3020964,88,0.0,0
DTXSID3020966,88,3.1761443870849697e-13,0
DTXSID3021142,88,8.356362345863903e-11,0
DTXSID3021190,88,7.800678671726825e-06,0
DTXSID3021192,88,1.1182474629473024e-09,0
DTXSID3021196,88,0.0,0
DTXSID3021275,88,3.4336370766032178e-06,0
DTXSID3021277,88,0.0,0
DTXSID3021356,88,1.0372793658065004e-07,0
DTXSID3021358,88,2.0701202561757916e-06,0
DTXSID3021483,88,0.00020350050315116826,0
DTXSID3021485,88,0.0,0
DTXSID3021487,88,0.00019635904700758284,0
DTXSID3021516,88,2.307280063456292e-09,0
DTXSID3021518,88,3.8996618843363567e-16,0
DTXSID3021641,88,0.0001366998310688465,0
DTXSID3021643,88,0.01431223079198229,0
DTXSID3021645,88,7.658650617311841e-07,0
DTXSID3021726,88,1.871139955083146e-18,0
DTXSID3021770,88,0.0011057923345341857,0
DTXSID3021774,88,0.0,0
DTXSID3021778,88,3.258133230787237e-07,0
DTXSID3021801,88,6.622639985976988e-17,0
DTXSID3021805,88,2.2848427688222117e-09,0
DTXSID3021807,88,1.1953464537983836e-12,0
DTXSID3021851,88,2.6536194206392668e-09,0
DTXSID3021853,88,0.0,0
DTXSID3021932,88,2.7087075312306673e-08,0
DTXSID3021936,88,3.2386983519799857e-09,0
DTXSID3021938,88,9.434250243566647e-09,0
DTXSID3021980,88,1.7404626233416168e-06,0
DTXSID3021982,88,1.1188297763528422e-09,0
DTXSID3021984,88,1.6736794050881076e-06,0
DTXSID3021986,88,1.6575774179160878e-10,0
DTXSID3022035,88,2.0144464738370687e-16,0
DTXSID3022085,88,0.0,0
DTXSID3022162,88,0.0,0
DTXSID3022164,88,3.388439591074099e-18,0
DTXSID3022247,88,0.99998844569725,1
DTXSID3022320,88,2.638850416319591e-08,0
DTXSID3022370,88,1.2621893504203395e-06,0
DTXSID3022405,88,0.003976839550945154,0
DTXSID3022409,88,1.230370740589113e-08,0
DTXSID3022455,88,1.3767760073985586e-06,0
DTXSID3022536,88,0.015454024982041811,0
DTXSID3022588,88,2.166249037201226e-15,0
DTXSID3022667,88,2.4553333842103552e-11,0
DTXSID3022798,88,1.3754594484445238e-06,0
DTXSID3022877,88,4.542634904478378e-09,0
DTXSID3023471,88,6.37417232231309e-11,0
DTXSID3023556,88,0.9967841714350519,1
DTXSID3023685,88,0.00011953244517010809,0
DTXSID3023764,88,7.403235409946008e-10,0
DTXSID3023845,88,3.0149578259415347e-14,0
DTXSID3023897,88,0.0015652333174936014,0
DTXSID3023899,88,1.04541745973196e-17,0
DTXSID3023974,88,0.0,0
DTXSID3024100,88,7.573812110048879e-10,0
DTXSID3024102,88,7.750024250837831e-05,0
DTXSID3024104,88,0.9989889922176869,1
DTXSID3024152,88,0.0011679798137958625,0
DTXSID3024154,88,0.03442989351273344,0
DTXSID3024235,88,0.050023728248295686,0
DTXSID3024239,88,0.25994102177058115,0
DTXSID3024287,88,2.148741793173972e-17,0
DTXSID3024289,88,9.5183245979039e-10,0
DTXSID3024316,88,2.06714006112665e-12,0
DTXSID3024318,88,0.0,0
DTXSID3024364,88,9.402241530732087e-07,0
DTXSID3024366,88,0.0003946451966060107,0
DTXSID3024368,88,2.567078453605938e-05,0
DTXSID3024491,88,1.072137792332949e-19,0
DTXSID3024528,88,1.130758723368048e-07,0
DTXSID3024657,88,1.0650427944253232e-15,0
DTXSID3024738,88,5.408037383457202e-08,0
DTXSID3024780,88,0.887113875074259,0
DTXSID3024861,88,6.755114698580609e-07,0
DTXSID3024869,88,2.964097477691541e-06,0
DTXSID3024940,88,9.913203321975368e-09,0
DTXSID3024944,88,2.4815041827186793e-05,0
DTXSID3024994,88,5.099529564406654e-07,0
DTXSID3025047,88,4.516585595106528e-21,0
DTXSID3025049,88,0.0,0
DTXSID3025091,88,2.4880057016328533e-12,0
DTXSID3025122,88,6.942241350725677e-07,0
DTXSID3025170,88,9.212726805696118e-05,0
DTXSID3025178,88,5.5119180941539915e-09,0
DTXSID3025209,88,6.912932520040614e-11,0
DTXSID3025253,88,4.11591317854221e-09,0
DTXSID3025461,88,3.3819508938783407e-07,0
DTXSID3025465,88,0.0,0
DTXSID3025469,88,2.6408824457288443e-09,0
DTXSID3025540,88,4.24760477723086e-10,0
DTXSID3025881,88,6.450598664858267e-07,0
DTXSID3026065,88,0.0,0
DTXSID3026223,88,2.40280287211557e-11,0
DTXSID3026302,88,0.00026319499158965285,0
DTXSID3026514,88,4.57678584808315e-14,0
DTXSID3026560,88,1.3873214030676395e-08,0
DTXSID3026562,88,6.053406885922925e-07,0
DTXSID3026564,88,0.0,0
DTXSID3026566,88,0.0023714459779710932,0
DTXSID3026641,88,2.404468766526381e-06,0
DTXSID3026645,88,2.66206746472267e-08,0
DTXSID3026647,88,1.0818566517455058e-06,0
DTXSID3026691,88,6.316754122069745e-16,0
DTXSID3026697,88,0.00013224766531969587,0
DTXSID3026726,88,2.6128228951207426e-13,0
DTXSID3026728,88,2.5150139473763507e-18,0
DTXSID3027039,88,1.2151334214646255e-08,0
DTXSID3027085,88,2.068397771223044e-07,0
DTXSID3027241,88,2.660467498976836e-07,0
DTXSID3027293,88,3.1391632495785665e-10,0
DTXSID3027297,88,1.1097223883601401e-10,0
DTXSID3027320,88,0.0,0
DTXSID3027322,88,2.6513428878858686e-07,0
DTXSID3027401,88,3.597484727924693e-06,0
DTXSID3027403,88,1.0430357020783481e-05,0
DTXSID3027407,88,0.0,0
DTXSID3027530,88,0.0005028100626756212,0
DTXSID3027584,88,1.5076976469183954e-17,0
DTXSID3027588,88,0.9960801568906227,1
DTXSID3027615,88,5.320000358390387e-16,0
DTXSID3027792,88,0.0,0
DTXSID3027798,88,8.377770170674618e-19,0
DTXSID3027875,88,3.634291791591927e-07,0
DTXSID3027877,88,2.1249521183551554e-08,0
DTXSID3027902,88,0.32696862362938894,0
DTXSID3028005,88,9.491464484235932e-18,0
DTXSID3029154,88,6.2529077409870475e-12,0
DTXSID3029237,88,3.153822223467376e-08,0
DTXSID3029289,88,3.349905326808511e-10,0
DTXSID3029364,88,5.879271015943708e-07,0
DTXSID3029572,88,0.12339638921329235,0
DTXSID3029607,88,1.2306290656965795e-19,0
DTXSID3029653,88,2.0910283758785983e-17,0
DTXSID3029869,88,4.777087439057924e-09,0
DTXSID3030428,88,1.7249584254350907e-05,0
DTXSID3030636,88,0.0003703322965340511,0
DTXSID3031492,88,1.2722619337731494e-07,0
DTXSID3031860,88,1.759507395946426e-05,0
DTXSID3031862,88,0.7981372245282224,0
DTXSID3031864,88,0.926695196123187,1
DTXSID3032331,88,0.00015846910906253665,0
DTXSID3032337,88,3.514371684763271e-20,0
DTXSID3032389,88,0.0,0
DTXSID3032412,88,3.939140776876313e-05,0
DTXSID3032416,88,1.5463324772649962e-17,0
DTXSID3032464,88,0.0,0
DTXSID3032541,88,2.0968734799621195e-09,0
DTXSID3032547,88,8.508763357089169e-18,0
DTXSID3032549,88,4.114849875898912e-05,0
DTXSID3032591,88,6.245364238368244e-08,0
DTXSID3032620,88,6.523096868082585e-06,0
DTXSID3032622,88,0.0,0
DTXSID3032624,88,6.679528674839832e-08,0
DTXSID3032626,88,0.00033394405030548626,0
DTXSID3032628,88,5.45160003042583e-19,0
DTXSID3032670,88,0.0,0
DTXSID3033307,88,0.6002552999372428,0
DTXSID30340244,88,1.4167071787879205e-11,0
DTXSID3034113,88,3.202993195397678e-06,0
DTXSID3034165,88,8.783134172846979e-05,0
DTXSID3034402,88,0.4996237302240511,0
DTXSID3034456,88,1.0706457537173887e-14,0
DTXSID3034458,88,0.0,0
DTXSID3034531,88,2.0245615078515247e-05,0
DTXSID3034583,88,7.436146842039375e-11,0
DTXSID3034612,88,0.0,0
DTXSID3034614,88,0.00026889448027743814,0
DTXSID3034618,88,0.009913252888173706,0
DTXSID3034664,88,2.7430185052368547e-09,0
DTXSID3034872,88,4.541888232472761e-10,0
DTXSID3035214,88,0.00023604129228181966,0
DTXSID3035341,88,5.6111631847918935e-05,0
DTXSID3036105,88,0.0,0
DTXSID3036286,88,2.4885138501413545e-07,0
DTXSID3036288,88,8.696256029566383e-15,0
DTXSID3036496,88,3.5970211396527617e-07,0
DTXSID3036525,88,2.1420497388824953e-05,0
DTXSID3037094,88,0.9987031622968052,1
DTXSID3037208,88,2.405238314198558e-06,0
DTXSID3037541,88,0.0074397672759510215,0
DTXSID3037707,88,5.543169869734487e-10,0
DTXSID3037709,88,4.2292229383242294e-05,0
DTXSID3037757,88,6.8092468973290785e-18,0
DTXSID30378880,88,3.923310154218204e-12,0
DTXSID30382063,88,0.00014719837333072847,0
DTXSID30382104,88,4.007530613328599e-06,0
DTXSID3038696,88,2.0888099265269564e-07,0
DTXSID3038771,88,4.662942324676095e-07,0
DTXSID3038800,88,0.0,0
DTXSID3038808,88,0.002816103443641235,0
DTXSID3038939,88,6.679269140826809e-07,0
DTXSID30395037,88,4.1248463184386205e-12,0
DTXSID30396867,88,0.0,0
DTXSID3040271,88,0.0,0
DTXSID3040300,88,3.2439102149708844e-07,0
DTXSID3040352,88,3.924553596369089e-09,0
DTXSID3040693,88,0.0,0
DTXSID3040697,88,8.283313738043586e-15,0
DTXSID3040699,88,1.3380417654990376e-06,0
DTXSID3040720,88,1.0408532947866595e-08,0
DTXSID3040722,88,6.870675170741706e-05,0
DTXSID3040728,88,1.3211992277948513e-09,0
DTXSID3040776,88,2.4072381744808258e-08,0
DTXSID3041035,88,1.7238331344523207e-06,0
DTXSID3041247,88,0.0006852034298910968,0
DTXSID3041293,88,0.04042332281807622,0
DTXSID3041299,88,1.0232581201098178e-14,0
DTXSID3041372,88,7.889333691599793e-10,0
DTXSID3041376,88,0.0,0
DTXSID3041405,88,2.88813817280324e-09,0
DTXSID3041409,88,0.9993387104314554,1
DTXSID3041530,88,4.988025734574064e-11,0
DTXSID3041580,88,1.7865980050448278e-14,0
DTXSID3041611,88,6.1122757462885145e-06,0
DTXSID3041615,88,2.1178385534529366e-08,0
DTXSID3041661,88,6.940755435960004e-05,0
DTXSID3041663,88,2.620593061770033e-07,0
DTXSID3041665,88,0.0004661975588969716,0
DTXSID3041744,88,0.001408338390338173,0
DTXSID3041790,88,1.0685200781765997e-07,0
DTXSID3041794,88,1.153056529765082e-05,0
DTXSID3041877,88,4.516549859720021e-06,0
DTXSID3041954,88,0.0,0
DTXSID3042007,88,0.865528340945965,0
DTXSID3042059,88,0.012527596200859085,0
DTXSID3042130,88,5.049791960816814e-10,0
DTXSID3042219,88,3.9971124142076056e-10,0
DTXSID3042263,88,0.0030140686068051183,0
DTXSID3042269,88,1.3699613025292519e-08,0
DTXSID3042390,88,0.0,0
DTXSID3042394,88,2.3319309104498495e-05,0
DTXSID3042423,88,2.6112647645659184e-06,0
DTXSID3042477,88,8.0824501912104e-08,0
DTXSID3042500,88,0.5863965018952001,0
DTXSID3042508,88,2.0723245232449943e-06,0
DTXSID3042633,88,9.940087032237314e-06,0
DTXSID3044201,88,1.286868872794055e-07,0
DTXSID3044203,88,2.5056905604500642e-06,0
DTXSID3044205,88,5.4403259413395934e-09,0
DTXSID3044332,88,0.0,0
DTXSID3044338,88,0.0,0
DTXSID3044380,88,0.00031751851109201434,0
DTXSID3044384,88,1.0620050955396982e-07,0
DTXSID3044413,88,1.0949573181125465e-05,0
DTXSID3044415,88,3.6834180044862014e-06,0
DTXSID3044461,88,8.052795580774499e-17,0
DTXSID3044463,88,5.271377834693978e-19,0
DTXSID3044465,88,2.6456312156657512e-17,0
DTXSID3044544,88,4.735844480687922e-06,0
DTXSID3044590,88,2.0270873837536403e-09,0
DTXSID3044598,88,2.2042226255479526e-09,0
DTXSID3044621,88,9.920884907699878e-08,0
DTXSID3044629,88,3.2183084154207356e-08,0
DTXSID3044700,88,5.1349501169603745e-12,0
DTXSID3044702,88,0.0,0
DTXSID3044704,88,4.160399553034395e-14,0
DTXSID3044750,88,0.0,0
DTXSID3044752,88,1.0546245736433951e-10,0
DTXSID3044754,88,0.0,0
DTXSID3044831,88,0.0,0
DTXSID3044833,88,0.013208391617352086,0
DTXSID3044835,88,3.029539820559069e-15,0
DTXSID3044883,88,0.0,0
DTXSID3044889,88,0.0012321446934553078,0
DTXSID3044910,88,1.491485063604609e-06,0
DTXSID3044914,88,0.0,0
DTXSID3044918,88,3.992653945352067e-08,0
DTXSID3044960,88,1.6118343709125178e-07,0
DTXSID3044962,88,0.0,0
DTXSID3044966,88,1.967727527515886e-05,0
DTXSID3047001,88,4.673685323200764e-16,0
DTXSID3047051,88,0.0,0
DTXSID3047053,88,3.102388001492095e-08,0
DTXSID3047055,88,7.277970362217535e-15,0
DTXSID3047057,88,0.0,0
DTXSID3047059,88,2.742656008059861e-06,0
DTXSID3047130,88,0.0,0
DTXSID3047136,88,1.304719693193251e-10,0
DTXSID3047138,88,9.029946261044276e-12,0
DTXSID3047180,88,0.0,0
DTXSID3047184,88,0.00018726710606620445,0
DTXSID3047186,88,1.3764329111574836e-07,0
DTXSID3047188,88,1.7750719836390682e-20,0
DTXSID3047261,88,0.0,0
DTXSID3047263,88,3.6561524165708178e-09,0
DTXSID3047265,88,1.0509525385027501e-07,0
DTXSID3047267,88,4.3560361172865225e-21,0
DTXSID3047342,88,1.2679276371366594e-17,0
DTXSID3047344,88,0.00019497167689523512,0
DTXSID3047346,88,1.101267942006989e-18,0
DTXSID3047348,88,0.0014433901006931358,0
DTXSID3047394,88,1.7573541856589247e-05,0
DTXSID3047425,88,1.0557632938149678e-13,0
DTXSID3047429,88,3.14340767074187e-06,0
DTXSID3047471,88,0.0,0
DTXSID3047473,88,9.658122235652957e-09,0
DTXSID3047477,88,8.793865439773005e-09,0
DTXSID3047508,88,3.652367374915052e-17,0
DTXSID3047552,88,0.0,0
DTXSID3047554,88,0.0,0
DTXSID3047558,88,8.117218264211565e-10,0
DTXSID3047633,88,7.702250399176901e-08,0
DTXSID3047639,88,4.102779107336205e-07,0
DTXSID3047712,88,1.5811672747622114e-13,0
DTXSID3047716,88,1.5331201207256212e-13,0
DTXSID3047760,88,6.3510412743710724e-12,0
DTXSID3047891,88,6.720180923852771e-15,0
DTXSID3048520,88,1.2446090262534887e-12,0
DTXSID3051381,88,0.0,0
DTXSID3051707,88,1.0038337745856787e-07,0
DTXSID3051834,88,0.05522818774758492,0
DTXSID3051836,88,2.3904994502453293e-08,0
DTXSID3052010,88,4.071303835446408e-20,0
DTXSID3052060,88,2.5875142561999055e-06,0
DTXSID3052228,88,1.500384551774375e-11,0
DTXSID3052278,88,0.0005178747286778752,0
DTXSID3052301,88,3.0835552386132303e-06,0
DTXSID3052307,88,0.0,0
DTXSID3052309,88,7.795442808329897e-10,0
DTXSID3052511,88,4.0138507717717153e-05,0
DTXSID3052567,88,0.0,0
DTXSID3052648,88,1.8128004701750278e-12,0
DTXSID3059921,88,0.0,0
DTXSID3059927,88,4.005465585047055e-12,0
DTXSID3059971,88,0.0,0
DTXSID30627108,88,2.5862141659581835e-07,0
DTXSID3065586,88,3.1560830493494565e-06,0
DTXSID3066215,88,7.75446569961291e-11,0
DTXSID30858874,88,5.017030498244283e-10,0
DTXSID30858879,88,6.325282912922262e-06,0
DTXSID30858894,88,0.002731515322679304,0
DTXSID30858899,88,1.7086661817081884e-10,0
DTXSID30858910,88,1.0395880325733933e-17,0
DTXSID30858915,88,0.012048672907838391,0
DTXSID30865801,88,2.4600749224306084e-20,0
DTXSID30872712,88,0.0,0
DTXSID30872717,88,0.0,0
DTXSID30872732,88,1.7858366815382934e-15,0
DTXSID30872737,88,0.0,0
DTXSID30872752,88,7.575091678010525e-10,0
DTXSID30872757,88,0.0,0
DTXSID30880413,88,9.877285810856374e-19,0
DTXSID30891564,88,7.633845821652426e-06,0
DTXSID30903833,88,0.0,0
DTXSID30903838,88,0.0,0
DTXSID30903853,88,4.376540451655884e-08,0
DTXSID30903858,88,0.0,0
DTXSID30903873,88,0.0,0
DTXSID30903878,88,0.0,0
DTXSID30903893,88,0.0,0
DTXSID40108559,88,2.3653595528063326e-16,0
DTXSID401339551,88,1.4520518353552866e-06,0
DTXSID401351804,88,0.0,0
DTXSID40187142,88,0.0,0
DTXSID4020088,88,6.554288379767625e-08,0
DTXSID4020119,88,1.3307513708239555e-16,0
DTXSID4020161,88,0.0,0
DTXSID4020240,88,1.8101369760634135e-06,0
DTXSID4020242,88,0.0,0
DTXSID4020248,88,3.982092395023712e-06,0
DTXSID4020290,88,6.573882339118776e-13,0
DTXSID4020292,88,2.171625123594052e-08,0
DTXSID4020294,88,0.0,0
DTXSID4020321,88,0.0,0
DTXSID4020371,88,8.061693070060026e-15,0
DTXSID4020373,88,3.4080629256076586e-05,0
DTXSID4020375,88,2.1214965558500637e-08,0
DTXSID4020379,88,0.0,0
DTXSID4020402,88,0.0,0
DTXSID40204489,88,1.4564878065789598e-11,0
DTXSID4020450,88,2.486971570957698e-05,0
DTXSID4020458,88,6.977999752632122e-17,0
DTXSID4020537,88,0.0,0
DTXSID4020539,88,0.0,0
DTXSID4020589,88,2.6202205754496548e-08,0
DTXSID4020612,88,0.0,0
DTXSID4020616,88,0.0,0
DTXSID4020618,88,1.549636894691843e-06,0
DTXSID4020664,88,2.725661546408956e-06,0
DTXSID4020666,88,8.592971712504819e-07,0
DTXSID4020743,88,6.752240143014263e-05,0
DTXSID4020791,88,0.3982865432676884,0
DTXSID4020820,88,3.40581198734268e-11,0
DTXSID4020822,88,4.456992573672184e-08,0
DTXSID4020828,88,1.0714274288839286e-05,0
DTXSID4020870,88,0.46658586515330974,0
DTXSID4020957,88,1.6835680353378724e-05,0
DTXSID4020959,88,2.0971629933476293e-15,0
DTXSID4021002,88,0.0,0
DTXSID4021006,88,1.32965987625772e-08,0
DTXSID4021056,88,0.00010003134644733873,0
DTXSID4021131,88,7.516015955071606e-16,0
DTXSID4021135,88,3.0883716139358956e-07,0
DTXSID4021137,88,2.169283185507939e-06,0
DTXSID4021185,88,1.066744980836831e-07,0
DTXSID4021189,88,0.0008694059478737348,0
DTXSID4021214,88,2.111680174048596e-07,0
DTXSID4021218,88,2.6634985168038513e-07,0
DTXSID4021268,88,2.48954180782718e-16,0
DTXSID4021343,88,3.82279320520963e-09,0
DTXSID4021347,88,6.542825194119222e-10,0
DTXSID4021391,88,2.4181935387684624e-19,0
DTXSID4021393,88,3.292592041553421e-09,0
DTXSID4021395,88,4.996759566595165e-14,0
DTXSID4021426,88,2.138862223619453e-20,0
DTXSID4021472,88,5.213107280757174e-09,0
DTXSID4021478,88,0.9967233795528526,1
DTXSID4021553,88,3.862484035946064e-08,0
DTXSID4021557,88,5.845222322665861e-07,0
DTXSID4021559,88,5.686442995710926e-06,0
DTXSID4021715,88,1.401377344652032e-06,0
DTXSID4021717,88,1.4050111054303737e-07,0
DTXSID4021769,88,2.085313290812983e-14,0
DTXSID4021842,88,8.658418181382713e-06,0
DTXSID4021848,88,0.0,0
DTXSID4021892,88,4.914452394425849e-09,0
DTXSID4021894,88,2.9640033178381164e-07,0
DTXSID4021921,88,8.65598947224704e-08,0
DTXSID4021923,88,1.5489489749377464e-08,0
DTXSID4021971,88,1.1427094988749813e-10,0
DTXSID4021973,88,1.257900537083842e-08,0
DTXSID4021975,88,3.4248778140301445e-07,0
DTXSID4021977,88,2.74051485288847e-08,0
DTXSID4022020,88,1.8574001446451595e-09,0
DTXSID4022070,88,0.0,0
DTXSID4022107,88,7.384603629319948e-09,0
DTXSID4022109,88,7.158029836760811e-08,0
DTXSID4022153,88,9.550991566534511e-16,0
DTXSID4022284,88,6.57748089106751e-08,0
DTXSID4022288,88,0.0,0
DTXSID4022311,88,4.4357940250093193e-10,0
DTXSID4022313,88,0.015108512136765728,0
DTXSID4022361,88,4.610524245529624e-05,0
DTXSID4022367,88,0.00035837168883260653,0
DTXSID4022369,88,0.00011799229792918984,0
DTXSID4022442,88,0.0008917608812989719,0
DTXSID4022446,88,2.453442078190988e-07,0
DTXSID4022448,88,2.7899515198170593e-07,0
DTXSID4022521,88,4.582747340302173e-06,0
DTXSID4022523,88,3.6693573820645007e-07,0
DTXSID4022525,88,0.00020887009686000762,0
DTXSID4022527,88,1.6145658410088031e-07,0
DTXSID4022529,88,0.0031079515799416397,0
DTXSID4022602,88,5.300753814818871e-07,0
DTXSID4022731,88,5.9470587866472255e-15,0
DTXSID4022991,88,2.287733851188885e-08,0
DTXSID4022999,88,0.05485973585560442,0
DTXSID4023200,88,9.803225991399674e-07,0
DTXSID4023202,88,7.195441027469876e-10,0
DTXSID4023412,88,1.5354465112546653e-08,0
DTXSID40235137,88,4.178712301889819e-09,0
DTXSID4023541,88,0.0,0
DTXSID4023622,88,0.0,0
DTXSID4023624,88,0.0,0
DTXSID4024012,88,7.534383998617228e-05,0
DTXSID4024018,88,1.0602921953441787e-05,0
DTXSID4024062,88,1.1040647717948669e-06,0
DTXSID4024066,88,0.002086343265387526,0
DTXSID4024143,88,1.5592321258319405e-06,0
DTXSID4024145,88,1.9474409496292273e-06,0
DTXSID4024193,88,0.0,0
DTXSID4024195,88,6.635251620558668e-13,0
DTXSID4024270,88,0.14662972315157607,0
DTXSID4024272,88,2.986769172072376e-06,0
DTXSID4024274,88,0.0005155262522866866,0
DTXSID4024276,88,6.9891060667577086e-06,0
DTXSID4024359,88,8.573455784364606e-07,0
DTXSID4024436,88,1.5195441345196037e-07,0
DTXSID4024721,88,0.004936307811815843,0
DTXSID4024729,88,0.0,0
DTXSID4024775,88,9.671710918746855e-07,0
DTXSID4024931,88,6.861035047194438e-20,0
DTXSID4024937,88,3.5187591472470357e-10,0
DTXSID4024985,88,0.0,0
DTXSID4025080,88,5.404852870278314e-10,0
DTXSID4025082,88,3.7225569930476216e-05,0
DTXSID4025292,88,2.466385466065644e-12,0
DTXSID4025296,88,0.000837002681352672,0
DTXSID4025406,88,5.7224783457688365e-09,0
DTXSID4025610,88,2.202111723433379e-06,0
DTXSID4025612,88,1.1986946455778425e-06,0
DTXSID4025662,88,7.2254550023353174e-09,0
DTXSID4025668,88,1.3685422284558915e-10,0
DTXSID4025791,88,2.719043842126001e-19,0
DTXSID4025793,88,1.9333015275352667e-06,0
DTXSID4025824,88,9.031997554559326e-10,0
DTXSID4026181,88,1.1068258915334909e-10,0
DTXSID4026183,88,1.224147439411298e-06,0
DTXSID4026214,88,1.745424446598099e-08,0
DTXSID4026216,88,8.822944992791075e-12,0
DTXSID4026262,88,3.167632112247893e-06,0
DTXSID4026266,88,1.246916647245726e-08,0
DTXSID4026501,88,0.0,0
DTXSID4026557,88,0.0,0
DTXSID4026684,88,2.7722514222776158e-06,0
DTXSID4026769,88,0.0,0
DTXSID4026842,88,0.0003274370754461823,0
DTXSID4026921,88,2.3488202153655486e-10,0
DTXSID4026975,88,0.008846214885540056,0
DTXSID4027072,88,2.4412393057605994e-05,0
DTXSID4027076,88,7.778973695824007e-07,0
DTXSID4027103,88,1.9226574343369906e-06,0
DTXSID4027153,88,2.2419433322063432e-05,0
DTXSID4027236,88,1.1866647473437819e-11,0
DTXSID4027280,88,8.53166739922037e-10,0
DTXSID4027282,88,4.912381851200777e-06,0
DTXSID4027284,88,0.0006784740516943842,0
DTXSID4027288,88,1.3001139440071698e-07,0
DTXSID4027361,88,1.1280304105827251e-13,0
DTXSID4027367,88,2.760433031025884e-06,0
DTXSID4027494,88,5.92262041258986e-11,0
DTXSID4027496,88,0.0,0
DTXSID4027498,88,3.774117163771841e-05,0
DTXSID4027525,88,8.402884550408203e-11,0
DTXSID4027527,88,4.823731609703166e-05,0
DTXSID4027579,88,0.0,0
DTXSID4027604,88,1.9922709982807643e-09,0
DTXSID4027608,88,0.0,0
DTXSID4027650,88,3.6679445486002196e-07,0
DTXSID4027656,88,8.459152650467981e-05,0
DTXSID4027781,88,5.959077747063324e-05,0
DTXSID4027789,88,1.5802054784426828e-05,0
DTXSID4027868,88,7.445416601321307e-07,0
DTXSID4027991,88,2.1895453628281306e-08,0
DTXSID4027997,88,1.3996423411082297e-08,0
DTXSID4028880,88,2.664854724875711e-07,0
DTXSID4028967,88,5.387875979579258e-07,0
DTXSID4029145,88,1.633730681146513e-13,0
DTXSID4029149,88,1.303415457965197e-16,0
DTXSID4029353,88,0.9966718749996634,1
DTXSID4029359,88,1.8270397980606484e-08,0
DTXSID4029565,88,4.435590451859187e-13,0
DTXSID4029692,88,3.0181163221941297e-09,0
DTXSID4029698,88,0.0007208031806889089,0
DTXSID4030336,88,1.6011390709392768e-06,0
DTXSID4031356,88,1.992327739134792e-06,0
DTXSID4031980,88,0.00036506169701737645,0
DTXSID4032372,88,2.2850734127752798e-15,0
DTXSID4032376,88,5.285827758212106e-06,0
DTXSID4032405,88,0.0033474315316713945,0
DTXSID4032459,88,0.0,0
DTXSID4032532,88,0.0,0
DTXSID4032580,88,0.004557387605805205,0
DTXSID4032611,88,2.784722983079105e-07,0
DTXSID4032613,88,1.3591364973402088e-08,0
DTXSID4032615,88,0.0,0
DTXSID4032619,88,1.4396430629744544e-07,0
DTXSID4032667,88,4.692697017678957e-07,0
DTXSID4034150,88,0.0016342965666015518,0
DTXSID4034287,88,1.206615060711335e-06,0
DTXSID4034364,88,0.0,0
DTXSID4034497,88,3.771329522611207e-07,0
DTXSID4034528,88,3.265966941679196e-13,0
DTXSID4034576,88,2.5952789406159428e-08,0
DTXSID4034601,88,4.536785635580749e-17,0
DTXSID4034609,88,7.134135759252796e-15,0
DTXSID4034653,88,0.49840565406130494,0
DTXSID4034788,88,4.4595829815424783e-17,0
DTXSID4034869,88,0.9663858316618129,1
DTXSID4034948,88,0.0,0
DTXSID4035209,88,1.6646630622857103e-11,0
DTXSID4035708,88,1.367017545524234e-11,0
DTXSID4035839,88,1.6942373157941729e-09,0
DTXSID4036229,88,6.953586031804886e-14,0
DTXSID4036435,88,0.6528303463873656,0
DTXSID4037580,88,1.2370293253654827e-17,0
DTXSID4037584,88,9.006231615395888e-12,0
DTXSID4037611,88,1.3169579293554567e-07,0
DTXSID40379666,88,3.121633126417813e-07,0
DTXSID40380257,88,4.5963479539657215e-10,0
DTXSID40380797,88,0.004181448672269526,0
DTXSID4038346,88,1.377558820659151e-13,0
DTXSID4038762,88,3.4642722266971084e-17,0
DTXSID4038847,88,1.4361709338354118e-17,0
DTXSID4038899,88,0.0,0
DTXSID4038922,88,0.9733255741810872,1
DTXSID4038924,88,0.0,0
DTXSID4038926,88,3.5894954934770326e-06,0
DTXSID4039231,88,4.053414003691253e-08,0
DTXSID4039233,88,0.0,0
DTXSID4040002,88,2.545237661144618e-07,0
DTXSID4040264,88,6.249522660383993e-10,0
DTXSID4040268,88,2.3425681706357535e-08,0
DTXSID4040343,88,2.237104405171897e-12,0
DTXSID4040476,88,4.394270318943519e-19,0
DTXSID4040711,88,1.1143354460555922e-05,0
DTXSID4040713,88,0.0,0
DTXSID4040719,88,6.903820637864814e-10,0
DTXSID4040765,88,4.257246068314132e-06,0
DTXSID4040767,88,7.015975205251828e-17,0
DTXSID4041230,88,7.626829121949416e-09,0
DTXSID4041232,88,4.791625735402323e-06,0
DTXSID4041234,88,2.1723542796777213e-05,0
DTXSID4041238,88,0.0,0
DTXSID4041280,88,1.457178464990191e-06,0
DTXSID4041284,88,1.149262721165269e-20,0
DTXSID4041317,88,3.212834089567343e-08,0
DTXSID4041361,88,0.0,0
DTXSID4041367,88,0.00021937546609701133,0
DTXSID4041440,88,0.0,0
DTXSID4041442,88,4.9415989325262846e-05,0
DTXSID4041444,88,0.00016352708043208271,0
DTXSID4041490,88,0.0045186110838417734,0
DTXSID4041492,88,4.397405937041781e-06,0
DTXSID4041521,88,3.0078225395010085e-08,0
DTXSID4041527,88,2.2055640771926465e-14,0
DTXSID4041529,88,6.458357330854138e-07,0
DTXSID4041573,88,1.0788490357869426e-08,0
DTXSID4041575,88,0.0,0
DTXSID4041604,88,5.543179139511334e-19,0
DTXSID4041654,88,1.479957243788986e-20,0
DTXSID4041812,88,1.9287830883755144e-07,0
DTXSID4041818,88,1.2128621436064177e-12,0
DTXSID4042094,88,4.450489017114119e-12,0
DTXSID4042096,88,2.247401276488345e-11,0
DTXSID4042121,88,3.485742197780903e-08,0
DTXSID4042171,88,5.126187615494386e-08,0
DTXSID4042206,88,0.0,0
DTXSID4042256,88,8.840440971945558e-12,0
DTXSID4042335,88,2.3277772388411463e-06,0
DTXSID4042337,88,0.000597392325586751,0
DTXSID4042416,88,0.0,0
DTXSID4042418,88,0.0,0
DTXSID4043937,88,0.0,0
DTXSID4044161,88,0.0,0
DTXSID4044371,88,0.0,0
DTXSID4044375,88,5.275240575287186e-10,0
DTXSID4044379,88,4.755536692037559e-07,0
DTXSID4044454,88,3.6696188753603274e-07,0
DTXSID4044456,88,0.0,0
DTXSID4044535,88,1.5734269067033507e-07,0
DTXSID4044537,88,0.0,0
DTXSID4044581,88,2.2762183414585603e-17,0
DTXSID4044587,88,3.202374705700722e-18,0
DTXSID4044616,88,4.155007531170274e-13,0
DTXSID4044664,88,5.6705903273812715e-08,0
DTXSID4044668,88,1.0615220912010067e-05,0
DTXSID4044747,88,2.1703969973527008e-08,0
DTXSID4044791,88,5.163080483825692e-05,0
DTXSID4044793,88,2.9291687038137234e-09,0
DTXSID4044799,88,8.964902468468548e-15,0
DTXSID4044822,88,9.332934222549238e-19,0
DTXSID4044824,88,1.3146270912946959e-06,0
DTXSID4044826,88,1.9741200255271535e-06,0
DTXSID4044828,88,0.0001498433181574603,0
DTXSID4044870,88,1.2352237520478109e-19,0
DTXSID4044872,88,3.881055036863084e-06,0
DTXSID4044901,88,9.283398806665927e-07,0
DTXSID4044905,88,2.6337495930014186e-16,0
DTXSID4044909,88,3.269981605734986e-08,0
DTXSID4044951,88,2.4162410344437093e-18,0
DTXSID4044953,88,4.764060236384683e-13,0
DTXSID4044955,88,0.0,0
DTXSID4046448,88,3.101428153020368e-06,0
DTXSID4046999,88,4.111256921185306e-08,0
DTXSID4047042,88,1.1927144649249189e-05,0
DTXSID4047044,88,0.0,0
DTXSID4047046,88,1.5840698815313026e-06,0
DTXSID4047092,88,2.3517669329334964e-05,0
DTXSID4047094,88,4.6231518164791636e-14,0
DTXSID4047098,88,2.3985726656383494e-10,0
DTXSID4047123,88,0.0,0
DTXSID4047125,88,5.227537876842587e-08,0
DTXSID4047127,88,0.0,0
DTXSID4047129,88,4.0557386974049544e-17,0
DTXSID4047173,88,2.9603453523494473e-05,0
DTXSID4047177,88,0.0,0
DTXSID4047179,88,1.463488430671405e-07,0
DTXSID4047200,88,9.407961067145976e-06,0
DTXSID4047202,88,3.199498904460896e-10,0
DTXSID4047252,88,2.4766425276570473e-05,0
DTXSID4047254,88,2.8372359685013957e-14,0
DTXSID4047258,88,7.533220195385813e-17,0
DTXSID4047331,88,2.14276176265771e-05,0
DTXSID4047333,88,5.0717687484515695e-05,0
DTXSID4047335,88,0.00014485409634331907,0
DTXSID4047337,88,0.0,0
DTXSID4047339,88,5.205774404218426e-05,0
DTXSID4047381,88,1.7408895449538854e-06,0
DTXSID4047383,88,1.4186681347215498e-13,0
DTXSID4047385,88,4.1935656710802956e-05,0
DTXSID4047387,88,0.047478396224588354,0
DTXSID4047389,88,0.00011747648551192172,0
DTXSID4047410,88,0.0,0
DTXSID4047412,88,8.20858802269207e-06,0
DTXSID4047414,88,2.053592822863995e-06,0
DTXSID4047416,88,7.546075677576014e-14,0
DTXSID4047418,88,0.0005470500403614591,0
DTXSID4047462,88,0.0,0
DTXSID4047464,88,0.0,0
DTXSID4047466,88,0.0,0
DTXSID4047468,88,2.3701465443543755e-06,0
DTXSID4047545,88,2.916116959627729e-16,0
DTXSID4047547,88,0.0,0
DTXSID4047549,88,7.896219807398645e-07,0
DTXSID4047591,88,2.6279729187483927e-05,0
DTXSID4047593,88,1.5194484723853076e-13,0
DTXSID4047597,88,3.477317616694969e-09,0
DTXSID4047599,88,7.105280013957576e-11,0
DTXSID4047620,88,2.230963868772118e-14,0
DTXSID4047622,88,6.551073458073027e-07,0
DTXSID4047624,88,9.268180772792505e-20,0
DTXSID4047628,88,0.0,0
DTXSID4047672,88,2.4847245212312343e-13,0
DTXSID4047703,88,7.86600223115933e-08,0
DTXSID4047705,88,0.0029825218297992603,0
DTXSID4047709,88,5.4763267201263804e-08,0
DTXSID4047753,88,0.0,0
DTXSID4047882,88,0.00033118021687331134,0
DTXSID4048191,88,0.0,0
DTXSID4048193,88,1.2010688240379134e-19,0
DTXSID4048195,88,3.969765774878562e-08,0
DTXSID4048199,88,0.0,0
DTXSID4048511,88,6.811780997673692e-17,0
DTXSID4048513,88,4.120388551532445e-10,0
DTXSID4048519,88,2.0513345257657784e-13,0
DTXSID4051536,88,4.3306301656720704e-17,0
DTXSID4051580,88,2.104717645837186e-09,0
DTXSID4051586,88,2.5075422734884772e-11,0
DTXSID4051619,88,0.0,0
DTXSID4051900,88,0.0,0
DTXSID4052132,88,2.9026205885910795e-10,0
DTXSID4052186,88,0.001036236277843122,0
DTXSID4052213,88,2.577355499575623e-10,0
DTXSID4052267,88,9.137753711400685e-19,0
DTXSID4052269,88,8.661881487096855e-07,0
DTXSID4052342,88,3.0514405619692003e-06,0
DTXSID4052502,88,0.9999989709180657,1
DTXSID4052506,88,0.0,0
DTXSID4052550,88,3.2993894720784035e-06,0
DTXSID4052554,88,9.064806560819936e-18,0
DTXSID4052558,88,5.119504116003362e-08,0
DTXSID4052689,88,0.0,0
DTXSID4052710,88,1.559651024970945e-15,0
DTXSID4052891,88,2.3401397413157843e-17,0
DTXSID4052893,88,0.0,0
DTXSID4052895,88,0.00021379212385741044,0
DTXSID4052897,88,7.196810377661902e-06,0
DTXSID4052899,88,0.0,0
DTXSID4058655,88,6.234185278493823e-06,0
DTXSID4059833,88,3.4105567056938085e-11,0
DTXSID4059881,88,8.421246729212367e-10,0
DTXSID4059912,88,0.0,0
DTXSID4059914,88,4.3226708229867284e-11,0
DTXSID4059916,88,3.9155925459472025e-10,0
DTXSID4072990,88,6.872527438782414e-05,0
DTXSID40858880,88,8.818712631737986e-06,0
DTXSID40858885,88,2.9674933394804885e-07,0
DTXSID40858901,88,1.4830833600110204e-11,0
DTXSID40858906,88,4.988523760098347e-06,0
DTXSID40858921,88,0.07829601585128748,0
DTXSID40872708,88,0.0,0
DTXSID40872723,88,2.143264660756383e-10,0
DTXSID40872728,88,0.0,0
DTXSID40872743,88,0.0,0
DTXSID40872748,88,2.692356712978968e-08,0
DTXSID40903829,88,7.041467946943938e-06,0
DTXSID40903844,88,2.7232715170340467e-06,0
DTXSID40903849,88,1.3884147949137673e-08,0
DTXSID40903864,88,0.0,0
DTXSID40903869,88,0.0,0
DTXSID40903884,88,0.0,0
DTXSID40903889,88,0.0,0
DTXSID501339554,88,3.3878495443802564e-05,0
DTXSID501351788,88,0.015574066528648218,0
DTXSID501351790,88,1.9200666591819604e-06,0
DTXSID501351807,88,0.0,0
DTXSID50184723,88,0.00019444880919305263,0
DTXSID5020027,88,0.0008697802824801069,0
DTXSID5020029,88,3.743513959586609e-07,0
DTXSID5020106,88,8.055189550100771e-08,0
DTXSID5020108,88,2.026814281735679e-07,0
DTXSID5020152,88,3.425977013907717e-08,0
DTXSID5020154,88,0.0002454535551619312,0
DTXSID5020233,88,0.0,0
DTXSID5020281,88,0.0,0
DTXSID5020283,88,8.293877978329413e-08,0
DTXSID5020310,88,1.5196381701522896e-17,0
DTXSID5020314,88,7.034529712484932e-13,0
DTXSID5020360,88,4.525450079724759e-05,0
DTXSID5020366,88,0.9862434815087403,1
DTXSID5020368,88,0.0,0
DTXSID5020441,88,0.0,0
DTXSID5020443,88,5.6368232313377085e-18,0
DTXSID5020445,88,2.974816098256211e-09,0
DTXSID5020447,88,3.75969208580063e-08,0
DTXSID5020449,88,0.0001020704954419555,0
DTXSID5020493,88,2.360183050037166e-19,0
DTXSID5020497,88,3.565298853290972e-12,0
DTXSID5020499,88,6.5550382957849535e-06,0
DTXSID5020520,88,5.747597892932299e-20,0
DTXSID5020528,88,9.485095900276419e-08,0
DTXSID5020570,88,0.0,0
DTXSID5020576,88,0.9997562514217843,1
DTXSID5020601,88,1.270943634536195e-18,0
DTXSID5020603,88,9.057360398267033e-07,0
DTXSID5020605,88,2.899170557764582e-10,0
DTXSID5020607,88,5.67462949716755e-14,0
DTXSID5020653,88,1.5157616520062285e-13,0
DTXSID5020730,88,7.100259953125494e-06,0
DTXSID5020732,88,1.0027030313550883e-14,0
DTXSID5020738,88,1.4470763036318102e-05,0
DTXSID5020784,88,1.0003306682798872e-13,0
DTXSID5020811,88,5.444944966313769e-10,0
DTXSID5020815,88,0.0011769384180953207,0
DTXSID5020819,88,3.3231640136261827e-06,0
DTXSID5020863,88,1.956169512855467e-07,0
DTXSID5020867,88,0.0,0
DTXSID5020869,88,0.00010078702178987719,0
DTXSID5020944,88,2.064943495863687e-07,0
DTXSID5020948,88,1.4176274024527585e-16,0
DTXSID5021097,88,2.1565866885519403e-07,0
DTXSID5021124,88,3.658365435548113e-12,0
DTXSID5021126,88,1.7783052045642235e-12,0
DTXSID5021128,88,2.8046892496150253e-10,0
DTXSID5021201,88,0.0013161235628667387,0
DTXSID5021209,88,5.480299682275254e-09,0
DTXSID5021251,88,1.861336594624133e-06,0
DTXSID5021330,88,1.269827843249049e-17,0
DTXSID5021332,88,9.279781439316625e-05,0
DTXSID5021336,88,0.008316905432333202,0
DTXSID5021380,88,9.69216469967815e-18,0
DTXSID5021386,88,0.0,0
DTXSID5021388,88,1.2808152236935968e-18,0
DTXSID5021411,88,0.0,0
DTXSID5021413,88,1.5533994692282104e-07,0
DTXSID5021415,88,0.0,0
DTXSID5021419,88,0.0,0
DTXSID5021544,88,1.5713830927335908e-12,0
DTXSID5021590,88,5.5198401939728274e-14,0
DTXSID5021621,88,0.0,0
DTXSID5021627,88,0.0,0
DTXSID5021629,88,7.059252618037315e-09,0
DTXSID5021754,88,0.0,0
DTXSID5021758,88,3.2772749342182366e-06,0
DTXSID50218052,88,0.0,0
DTXSID5021831,88,0.004360655053150639,0
DTXSID5021835,88,1.1882367411317986e-05,0
DTXSID5021837,88,1.1959130932325702e-08,0
DTXSID5021839,88,0.0,0
DTXSID5021881,88,4.5076948527288106e-05,0
DTXSID5021883,88,1.5450250753935286e-09,0
DTXSID5021885,88,2.6962961554087506e-05,0
DTXSID5021889,88,1.6372038288508315e-05,0
DTXSID5021910,88,8.318285169970551e-06,0
DTXSID5021914,88,9.88582163912003e-05,0
DTXSID5021916,88,8.803500501216171e-06,0
DTXSID5021962,88,1.1162372617752099e-16,0
DTXSID5021968,88,0.005165972426061513,0
DTXSID5022194,88,8.452087681030273e-06,0
DTXSID5022198,88,4.6830360975013734e-18,0
DTXSID5022271,88,6.417977275024011e-05,0
DTXSID5022279,88,4.197281300737516e-13,0
DTXSID5022308,88,0.0016807100209445635,0
DTXSID5022437,88,2.12752614815579e-05,0
DTXSID5022439,88,1.55102871695448e-06,0
DTXSID5022489,88,0.0007568279004980359,0
DTXSID5022510,88,0.0,0
DTXSID5022857,88,0.0,0
DTXSID50229163,88,2.7491344793733588e-11,0
DTXSID5022934,88,2.0310700470698865e-18,0
DTXSID5023035,88,0.0002396255927868447,0
DTXSID5023039,88,0.9347133817463071,1
DTXSID5023114,88,0.0,0
DTXSID5023243,88,1.5176684805110376e-12,0
DTXSID5023322,88,0.018430249647240465,0
DTXSID5023324,88,3.780719619859824e-09,0
DTXSID5023376,88,1.4858287974983893e-05,0
DTXSID5023588,88,5.151533000586263e-07,0
DTXSID5023742,88,7.121457461934598e-17,0
DTXSID5023792,88,6.655633327343083e-14,0
DTXSID5023796,88,1.2269434601787008e-08,0
DTXSID5023825,88,3.8965151957462517e-11,0
DTXSID5023871,88,7.545053649178922e-08,0
DTXSID5023875,88,1.0357555983417523e-09,0
DTXSID5023877,88,8.784751801268847e-10,0
DTXSID5023900,88,0.0007244682477791509,0
DTXSID5023902,88,0.00012264319144727744,0
DTXSID5023950,88,1.1091249706563439e-06,0
DTXSID5024051,88,2.180275017711516e-09,0
DTXSID5024055,88,0.0,0
DTXSID5024057,88,0.0,0
DTXSID5024059,88,1.4906973828375376e-07,0
DTXSID5024134,88,5.115125423680445e-14,0
DTXSID5024182,88,1.053223675517307e-09,0
DTXSID5024211,88,0.00465261733183402,0
DTXSID5024261,88,0.0,0
DTXSID5024263,88,1.5401104165579742e-18,0
DTXSID5024344,88,2.824848609554322e-05,0
DTXSID5024346,88,4.4705026007930086e-17,0
DTXSID5024394,88,2.507092033839536e-05,0
DTXSID5024506,88,0.0,0
DTXSID5024681,88,5.234985809243239e-07,0
DTXSID5024687,88,0.08158617857227522,0
DTXSID5024845,88,2.391394471702544e-05,0
DTXSID5024891,88,0.0,0
DTXSID5024922,88,5.731183070301638e-10,0
DTXSID5025021,88,5.991880989850106e-05,0
DTXSID5025023,88,7.211578866481103e-06,0
DTXSID5025102,88,5.479416660322093e-07,0
DTXSID5025150,88,0.00011479875334768371,0
DTXSID5025152,88,0.10310828325982274,0
DTXSID5025231,88,1.0890058543895132e-10,0
DTXSID5025285,88,1.0570660284472787e-07,0
DTXSID5025364,88,0.00039605509929626823,0
DTXSID5025572,88,1.4540640877785489e-06,0
DTXSID5025578,88,8.709833839911165e-22,0
DTXSID5025603,88,0.0,0
DTXSID5025607,88,0.0004329974645403742,0
DTXSID5025609,88,1.151519293308859e-06,0
DTXSID5025659,88,3.7195372894218416e-08,0
DTXSID5025730,88,2.0104461064145727e-12,0
DTXSID5025815,88,3.0416187425472015e-05,0
DTXSID5025861,88,2.5578325704179603e-08,0
DTXSID5026120,88,3.5228873857827017e-09,0
DTXSID5026122,88,6.518864987729705e-08,0
DTXSID5026174,88,0.0,0
DTXSID5026178,88,3.0211502749675906e-07,0
DTXSID5026209,88,9.049615949743556e-20,0
DTXSID5026251,88,8.354583540866137e-14,0
DTXSID5026259,88,9.850014531060994e-09,0
DTXSID5026461,88,2.7103681019858177e-06,0
DTXSID5026544,88,2.2334882201601116e-06,0
DTXSID5026548,88,6.485863763651981e-17,0
DTXSID5026623,88,1.2179294019656958e-09,0
DTXSID5026706,88,1.7525501080381092e-05,0
DTXSID5026889,88,1.7316801558755863e-09,0
DTXSID5026912,88,1.221008253485747e-10,0
DTXSID5026914,88,0.0,0
DTXSID5026918,88,1.99959291427939e-09,0
DTXSID5027061,88,5.262060222469589e-06,0
DTXSID5027069,88,0.0,0
DTXSID5027140,88,1.4199312766552393e-07,0
DTXSID5027142,88,8.855239171979555e-16,0
DTXSID5027198,88,5.164030447218484e-17,0
DTXSID5027279,88,0.0,0
DTXSID5027302,88,1.839048917523161e-08,0
DTXSID5027304,88,1.660554751167495e-08,0
DTXSID5027308,88,1.660622650614961e-07,0
DTXSID5027356,88,0.0,0
DTXSID5027433,88,6.901643705615492e-09,0
DTXSID5027489,88,1.61311208677628e-06,0
DTXSID5027512,88,2.9619198878939084e-10,0
DTXSID5027518,88,5.551226519130263e-07,0
DTXSID5027770,88,2.3526948561823975e-05,0
DTXSID5027774,88,3.7590145585172665e-13,0
DTXSID5027803,88,9.778747114918212e-06,0
DTXSID5027805,88,1.0005531038440905e-09,0
DTXSID5027932,88,3.336639933237932e-09,0
DTXSID5027982,88,3.362491505669303e-06,0
DTXSID5028033,88,4.344746097590695e-06,0
DTXSID5028114,88,1.6165999570985674e-06,0
DTXSID5028665,88,5.4676395805046326e-12,0
DTXSID5029055,88,0.00010777089250714505,0
DTXSID5029182,88,0.0,0
DTXSID5029217,88,3.9315675554207005e-08,0
DTXSID5029265,88,0.0,0
DTXSID5030030,88,3.2702045283259025e-09,0
DTXSID5031131,88,1.055962124539103e-12,0
DTXSID5031133,88,3.288005981649741e-05,0
DTXSID5032315,88,6.406464080706516e-13,0
DTXSID5032361,88,4.072963450232154e-16,0
DTXSID5032365,88,0.01567398312049968,0
DTXSID5032442,88,8.030743234669802e-08,0
DTXSID5032498,88,0.0021088957013726626,0
DTXSID5032523,88,3.692673222656425e-07,0
DTXSID5032525,88,1.345970621214613e-05,0
DTXSID5032573,88,0.6404225472025943,0
DTXSID5032577,88,9.976686679064537e-06,0
DTXSID5032579,88,3.4818541053147855e-13,0
DTXSID5032600,88,9.17320704119184e-06,0
DTXSID5032654,88,9.375399937798504e-08,0
DTXSID5033836,88,0.1514685941845769,0
DTXSID5034270,88,1.2590586905397274e-05,0
DTXSID5034303,88,2.5120067488157728e-08,0
DTXSID5034357,88,5.837459132102924e-09,0
DTXSID5034723,88,4.785550090181539e-05,0
DTXSID5034773,88,3.228338450493196e-12,0
DTXSID5034981,88,2.4918892641396534e-08,0
DTXSID5035163,88,1.8009870010724065e-08,0
DTXSID5035589,88,0.9897677623351494,1
DTXSID5035616,88,3.794111337939693e-08,0
DTXSID5035957,88,1.1864340342586616e-06,0
DTXSID50369896,88,1.9058305370730468e-09,0
DTXSID5037028,88,3.820991461690738e-06,0
DTXSID5037072,88,5.735910422679661e-05,0
DTXSID5037494,88,0.0,0
DTXSID5037498,88,2.7241290711074025e-06,0
DTXSID50375114,88,4.856859302276224e-09,0
DTXSID5037523,88,7.166453439354361e-12,0
DTXSID5037731,88,0.8427687717369838,0
DTXSID5037739,88,1.3023103039762443e-09,0
DTXSID50379359,88,0.0,0
DTXSID50379930,88,5.53108258374148e-16,0
DTXSID50381992,88,1.1036558307469403e-08,0
DTXSID50382621,88,0.9596881563462213,1
DTXSID5038830,88,4.110279331839723e-06,0
DTXSID5038888,88,0.00010483018671456472,0
DTXSID5038919,88,0.0,0
DTXSID5039224,88,7.63190527556141e-07,0
DTXSID5040700,88,0.0,0
DTXSID5040704,88,0.0,0
DTXSID5040706,88,2.3960251858170605e-08,0
DTXSID5040708,88,0.0,0
DTXSID5040758,88,0.0,0
DTXSID5041190,88,3.274056360995126e-16,0
DTXSID5041273,88,1.893957538990652e-07,0
DTXSID5041275,88,0.00032597047637501867,0
DTXSID5041302,88,2.9088116575902666e-07,0
DTXSID5041306,88,2.28587508742135e-06,0
DTXSID5041308,88,0.9988170094472928,1
DTXSID5041356,88,0.0,0
DTXSID5041431,88,3.25885745858291e-05,0
DTXSID5041437,88,0.0,0
DTXSID5041439,88,1.9533805457687915e-06,0
DTXSID5041487,88,1.0342048841324484e-18,0
DTXSID5041512,88,0.0,0
DTXSID5041514,88,2.060155840568484e-07,0
DTXSID5041516,88,3.5692965584468534e-14,0
DTXSID5041518,88,2.95959579288292e-07,0
DTXSID5041560,88,0.0007934196262676832,0
DTXSID5041641,88,1.7343453898338617e-08,0
DTXSID5041643,88,2.4046743114818313e-09,0
DTXSID5041691,88,0.0,0
DTXSID5041699,88,6.266208812906879e-16,0
DTXSID5041726,88,3.049218263484398e-09,0
DTXSID5041728,88,1.5128634424907077e-06,0
DTXSID5041772,88,0.0003127193107102679,0
DTXSID5041803,88,2.541428720100531e-07,0
DTXSID5041809,88,2.651328191495681e-17,0
DTXSID5042083,88,8.145549808592095e-09,0
DTXSID5042243,88,5.803691195254658e-14,0
DTXSID5042249,88,4.3625248280315427e-07,0
DTXSID5042299,88,3.163617791158674e-05,0
DTXSID5042326,88,4.0278808714759635e-09,0
DTXSID5042451,88,1.1857149732793399e-10,0
DTXSID5042459,88,0.0006417512033219756,0
DTXSID5044154,88,3.861246069058919e-09,0
DTXSID50441560,88,1.985820250575129e-10,0
DTXSID5044233,88,2.670822752066195e-06,0
DTXSID5044316,88,0.0,0
DTXSID5044318,88,1.2664130498598987e-11,0
DTXSID5044360,88,1.1156837223839437e-06,0
DTXSID5044362,88,7.870590551945181e-17,0
DTXSID5044364,88,1.091075511650351e-15,0
DTXSID5044366,88,1.5984778373650422e-07,0
DTXSID5044368,88,1.0152771793206395e-07,0
DTXSID5044441,88,9.01565185372464e-10,0
DTXSID5044443,88,3.887369990667793e-08,0
DTXSID5044445,88,9.388160024678625e-07,0
DTXSID5044447,88,2.2527770663423948e-17,0
DTXSID5044493,88,0.0,0
DTXSID5044495,88,0.0,0
DTXSID5044520,88,4.0787699190166693e-16,0
DTXSID5044522,88,1.4441756891617766e-07,0
DTXSID5044526,88,0.0,0
DTXSID5044528,88,4.798491209597508e-07,0
DTXSID5044570,88,1.4697718985725026e-06,0
DTXSID5044572,88,0.0026638081984187143,0
DTXSID5044574,88,4.727254075551163e-13,0
DTXSID5044576,88,0.0,0
DTXSID5044578,88,0.0002623603846563144,0
DTXSID5044605,88,2.324501705680507e-08,0
DTXSID5044607,88,5.424383294422986e-06,0
DTXSID5044782,88,3.8925806646486685e-08,0
DTXSID5044784,88,8.379081847187903e-10,0
DTXSID5044786,88,2.358779357270383e-07,0
DTXSID5044788,88,2.133005728303637e-06,0
DTXSID5044815,88,2.499813737217353e-06,0
DTXSID5044817,88,4.640961899785743e-15,0
DTXSID5044863,88,2.065762619267273e-10,0
DTXSID5044865,88,1.2416623419542895e-08,0
DTXSID5044869,88,0.0,0
DTXSID5044948,88,2.4687341670199838e-06,0
DTXSID5044992,88,3.1271129824435005e-07,0
DTXSID5044994,88,1.103354645952668e-15,0
DTXSID5044996,88,3.750595826831137e-08,0
DTXSID5044998,88,0.0008797987818646799,0
DTXSID5046516,88,3.548570885252453e-13,0
DTXSID5046801,88,0.0,0
DTXSID50469320,88,1.2256308842989071e-10,0
DTXSID5047031,88,2.1715801721861814e-06,0
DTXSID5047033,88,3.078649112945368e-07,0
DTXSID5047037,88,0.0,0
DTXSID5047081,88,6.044023485264524e-06,0
DTXSID5047083,88,1.2014134892079169e-11,0
DTXSID5047087,88,6.781118724720659e-12,0
DTXSID5047112,88,0.17883522590127615,0
DTXSID5047116,88,1.9118633127298376e-09,0
DTXSID5047160,88,2.712642838801809e-08,0
DTXSID5047164,88,9.134358332664411e-06,0
DTXSID5047166,88,1.747965577956413e-06,0
DTXSID5047245,88,0.0009484414579917924,0
DTXSID5047249,88,3.872742457975239e-13,0
DTXSID5047291,88,1.3596575315979773e-15,0
DTXSID5047295,88,1.0071359778336784e-16,0
DTXSID5047297,88,2.541510376226773e-05,0
DTXSID5047299,88,0.00010083235319912826,0
DTXSID5047320,88,1.924434990350779e-05,0
DTXSID5047322,88,0.0,0
DTXSID5047324,88,7.987723771414827e-05,0
DTXSID5047328,88,3.0082099237658763e-07,0
DTXSID5047372,88,2.146142828566087e-19,0
DTXSID5047374,88,9.027135128357755e-07,0
DTXSID5047376,88,5.638620217135896e-08,0
DTXSID5047405,88,2.8597109483680386e-08,0
DTXSID5047451,88,4.0936067959914255e-13,0
DTXSID5047538,88,8.478206116974829e-07,0
DTXSID5047582,88,2.5713877116395064e-14,0
DTXSID5047584,88,1.4362740601210502e-12,0
DTXSID5047611,88,0.010024969740749755,0
DTXSID5047617,88,1.9878081327948932e-07,0
DTXSID5047667,88,1.3952458093812481e-07,0
DTXSID5047796,88,3.6815538299657626e-07,0
DTXSID5047879,88,0.8668665169951502,0
DTXSID5048180,88,1.0238645833812213e-08,0
DTXSID5048182,88,5.397240314585305e-05,0
DTXSID5048184,88,1.3344787120485223e-05,0
DTXSID5048186,88,5.734447422213702e-16,0
DTXSID5048188,88,0.06962695887844851,0
DTXSID5048211,88,7.366564330259474e-09,0
DTXSID5048506,88,6.526055845744597e-07,0
DTXSID5049073,88,2.4821403916185862e-08,0
DTXSID5049075,88,3.609024818115155e-07,0
DTXSID5051444,88,8.85813685612492e-09,0
DTXSID5051446,88,1.5468819112739372e-11,0
DTXSID5051525,88,5.951757762320069e-08,0
DTXSID5051529,88,8.050208947658349e-07,0
DTXSID5051575,88,8.784679067181923e-09,0
DTXSID5051650,88,1.065225224723747e-06,0
DTXSID5051999,88,1.3931158103783264e-11,0
DTXSID5052042,88,1.7402915775713446e-06,0
DTXSID5052125,88,0.0,0
DTXSID5052250,88,0.9999656674370061,1
DTXSID5052254,88,0.001585054083562792,0
DTXSID5052460,88,4.1738813614632924e-16,0
DTXSID5052591,88,1.6648467889268943e-19,0
DTXSID5052593,88,2.842989623845324e-08,0
DTXSID5052595,88,5.296543834883045e-11,0
DTXSID5052597,88,2.1720724076351492e-06,0
DTXSID5052620,88,1.8460445144129342e-06,0
DTXSID5052672,88,0.013585938727065068,0
DTXSID5052832,88,0.0004899227858365507,0
DTXSID5052838,88,1.4806899618137182e-05,0
DTXSID5052884,88,4.075824748172691e-05,0
DTXSID5052911,88,1.7828573261623126e-08,0
DTXSID5052913,88,1.670539050849513e-12,0
DTXSID5057888,88,0.0,0
DTXSID5057911,88,0.0,0
DTXSID5057913,88,2.3418747599282227e-12,0
DTXSID5057915,88,2.1301861132348287e-09,0
DTXSID5057917,88,6.244215922751762e-12,0
DTXSID5059799,88,1.7944903811630404e-11,0
DTXSID5059828,88,4.669028575860838e-10,0
DTXSID5060986,88,4.842675096038302e-08,0
DTXSID5061954,88,2.2298666249807436e-11,0
DTXSID5063235,88,2.7911920387767803e-13,0
DTXSID5067348,88,0.0,0
DTXSID5073901,88,8.804268552513076e-19,0
DTXSID50858871,88,3.2541686597316993e-13,0
DTXSID50858876,88,2.0083493171232226e-07,0
DTXSID50858891,88,0.0,0
DTXSID50858896,88,0.0,0
DTXSID50858912,88,6.798749280868088e-05,0
DTXSID50858917,88,1.1490344785255412e-05,0
DTXSID50872714,88,6.721180536419083e-16,0
DTXSID50872719,88,2.589108749368584e-08,0
DTXSID50872734,88,8.713205080645569e-11,0
DTXSID50872739,88,1.1586422102614947e-07,0
DTXSID50872754,88,0.0,0
DTXSID50880218,88,0.0,0
DTXSID50892417,88,0.0004336175814041656,0
DTXSID50903830,88,4.172675335658236e-09,0
DTXSID50903835,88,0.0,0
DTXSID50903850,88,0.0,0
DTXSID50903855,88,0.0,0
DTXSID50903870,88,0.0,0
DTXSID50903875,88,0.0,0
DTXSID50903890,88,0.0,0
DTXSID50903895,88,0.0,0
DTXSID601339557,88,7.545806197355292e-16,0
DTXSID601339595,88,1.4360816434415747e-21,0
DTXSID601351793,88,5.647281721444588e-08,0
DTXSID60195123,88,6.176538895760076e-10,0
DTXSID6020014,88,6.325671746797169e-06,0
DTXSID6020062,88,1.7510943568470756e-08,0
DTXSID6020064,88,1.4110819172708764e-10,0
DTXSID6020066,88,5.917068211653363e-13,0
DTXSID6020068,88,0.0,0
DTXSID6020141,88,0.0,0
DTXSID6020143,88,1.1425593480929485e-06,0
DTXSID6020145,88,1.087302126810345e-17,0
DTXSID6020147,88,4.681882519312851e-05,0
DTXSID6020193,88,2.5210816626501458e-08,0
DTXSID6020197,88,0.0,0
DTXSID6020220,88,1.2245225389589937e-07,0
DTXSID6020222,88,4.154669449002977e-12,0
DTXSID6020224,88,9.321900245552293e-18,0
DTXSID6020278,88,2.681575490099044e-14,0
DTXSID6020307,88,9.104529351851588e-09,0
DTXSID6020309,88,3.115407903052118e-08,0
DTXSID6020357,88,2.802443856733033e-10,0
DTXSID6020359,88,0.01058707715930118,0
DTXSID6020430,88,6.192316939937634e-10,0
DTXSID6020438,88,0.0,0
DTXSID6020480,88,0.0,0
DTXSID6020511,88,1.1481334955489849e-05,0
DTXSID6020515,88,1.4501745333289718e-08,0
DTXSID6020561,88,3.195657554466707e-12,0
DTXSID6020569,88,7.133774823690017e-11,0
DTXSID6020648,88,7.713759335835967e-05,0
DTXSID6020690,88,0.0002464384265280182,0
DTXSID6020692,88,5.5677530452740725e-08,0
DTXSID6020694,88,0.00010973509472429638,0
DTXSID6020721,88,0.0,0
DTXSID6020779,88,0.9966029079897918,1
DTXSID6020856,88,8.835973900481243e-18,0
DTXSID6020939,88,0.008777085663682663,0
DTXSID6020981,88,0.0,0
DTXSID6021030,88,1.7530651383739258e-06,0
DTXSID6021032,88,1.5566712240640847e-06,0
DTXSID6021082,88,1.3368016419162752e-17,0
DTXSID6021086,88,6.650579558948598e-13,0
DTXSID6021113,88,9.80365524513606e-14,0
DTXSID6021117,88,1.1773226092321374e-05,0
DTXSID6021240,88,0.00021800777023720492,0
DTXSID6021244,88,2.325420194684538e-09,0
DTXSID6021248,88,0.0014164956945016368,0
DTXSID6021290,88,0.0,0
DTXSID6021292,88,1.2304982418768157e-10,0
DTXSID6021294,88,2.876114427984734e-08,0
DTXSID6021296,88,7.065487618653823e-17,0
DTXSID6021371,88,0.0,0
DTXSID6021375,88,2.3244591072132133e-11,0
DTXSID6021402,88,5.517605681990041e-09,0
DTXSID6021404,88,3.178348471714994e-11,0
DTXSID6021450,88,8.565973919382565e-06,0
DTXSID6021456,88,2.7081392579431754e-06,0
DTXSID6021583,88,2.4047270385846202e-05,0
DTXSID6021666,88,3.560948835496539e-11,0
DTXSID6021793,88,2.5766407999074576e-05,0
DTXSID6021795,88,0.0001342205230970658,0
DTXSID6021799,88,0.0,0
DTXSID6021822,88,4.053786617671439e-11,0
DTXSID6021824,88,8.449047781271897e-09,0
DTXSID6021828,88,6.555481056370251e-08,0
DTXSID6021872,88,2.28841962215701e-06,0
DTXSID6021907,88,1.154562427243493e-06,0
DTXSID6021953,88,5.033584173267953e-09,0
DTXSID6021957,88,9.48397315418168e-15,0
DTXSID6021959,88,1.5748314652584372e-05,0
DTXSID6022000,88,0.000606064663485711,0
DTXSID6022002,88,6.065373868559122e-06,0
DTXSID6022004,88,0.0,0
DTXSID6022006,88,2.561037364799569e-18,0
DTXSID6022008,88,2.355460896228521e-07,0
DTXSID6022056,88,1.0347675079014193e-07,0
DTXSID6022058,88,5.761255335441949e-07,0
DTXSID6022137,88,0.0005101871445806888,0
DTXSID6022187,88,1.640702854504345e-14,0
DTXSID6022341,88,1.0506894895377597e-06,0
DTXSID6022345,88,0.022747110639339558,0
DTXSID6022391,88,0.006149939319825437,0
DTXSID6022422,88,1.0875703610727851e-15,0
DTXSID6022472,88,1.1017370973488806e-07,0
DTXSID6022474,88,3.179266781485039e-08,0
DTXSID6022557,88,6.517436070093166e-15,0
DTXSID6022927,88,2.9691314046994355e-07,0
DTXSID6023159,88,2.477580050500995e-06,0
DTXSID6023367,88,5.645995436526026e-10,0
DTXSID6023523,88,0.12879051757572055,0
DTXSID6023600,88,4.913582936910759e-07,0
DTXSID6023602,88,1.0839709887120721e-07,0
DTXSID6023652,88,2.9868092469845506e-10,0
DTXSID6023733,88,2.6036575046713665e-06,0
DTXSID6023810,88,2.5213719525674225e-08,0
DTXSID6023862,88,3.576269896915613e-07,0
DTXSID6023864,88,9.707109668059867e-12,0
DTXSID6023868,88,2.437629968830997e-07,0
DTXSID6023999,88,0.0004258875202327266,0
DTXSID6024046,88,1.0496827045151013e-06,0
DTXSID6024048,88,4.1541654685222894e-10,0
DTXSID6024123,88,7.8356803434682e-09,0
DTXSID6024175,88,4.344251995070507e-07,0
DTXSID6024177,88,7.451946425243183e-19,0
DTXSID6024200,88,0.0,0
DTXSID6024204,88,0.0,0
DTXSID6024206,88,0.0002524166704011216,0
DTXSID6024254,88,2.1414977261704727e-12,0
DTXSID6024337,88,3.355891634262772e-06,0
DTXSID6024460,88,7.495870041606875e-10,0
DTXSID6024466,88,0.0,0
DTXSID6024624,88,0.0,0
DTXSID6024628,88,1.32327754010643e-06,0
DTXSID6024670,88,9.057563813321285e-06,0
DTXSID6024674,88,1.7469166812587076e-14,0
DTXSID6024676,88,1.6953413627923747e-05,0
DTXSID6024701,88,4.217642955916428e-08,0
DTXSID6024834,88,1.4786768328756215e-08,0
DTXSID6024836,88,1.0249435141067235e-05,0
DTXSID6024838,88,5.219403100367669e-07,0
DTXSID6024882,88,4.676761823715803e-10,0
DTXSID6024888,88,1.5716250532729355e-06,0
DTXSID6024911,88,2.3131754812856387e-19,0
DTXSID6024913,88,0.2454764401434672,0
DTXSID6024917,88,0.0010199482134095772,0
DTXSID6025010,88,0.0014715199869852914,0
DTXSID6025012,88,9.310425539609744e-09,0
DTXSID6025014,88,0.0,0
DTXSID6025018,88,6.821292006980119e-06,0
DTXSID6025068,88,7.821578048691421e-06,0
DTXSID6025141,88,8.678465625305764e-10,0
DTXSID6025143,88,2.8489422119762883e-06,0
DTXSID6025145,88,0.0,0
DTXSID6025220,88,0.00968736353145948,0
DTXSID6025226,88,9.486091707831754e-18,0
DTXSID6025272,88,8.800909919544097e-05,0
DTXSID6025301,88,4.544166471395055e-09,0
DTXSID6025303,88,0.0,0
DTXSID6025305,88,8.041622395134466e-09,0
DTXSID6025355,88,6.922470974997846e-05,0
DTXSID6025432,88,0.0,0
DTXSID6025436,88,0.0012983282284747184,0
DTXSID6025438,88,4.122884286999321e-11,0
DTXSID6025486,88,5.031151552740199e-15,0
DTXSID6025567,88,6.0858720962365546e-12,0
DTXSID6025648,88,0.00011267172125473843,0
DTXSID6025690,88,3.1801111964297925e-14,0
DTXSID6025692,88,2.6273203981294656e-08,0
DTXSID6026080,88,4.527880348001958e-08,0
DTXSID6026084,88,3.7243774077149773e-06,0
DTXSID6026088,88,2.984632907601357e-14,0
DTXSID6026119,88,7.512948482002993e-10,0
DTXSID6026298,88,9.309655394170853e-10,0
DTXSID6026797,88,0.0,0
DTXSID6026799,88,1.520967917961611e-09,0
DTXSID6026955,88,9.620223828672338e-15,0
DTXSID6027050,88,2.897516484423502e-07,0
DTXSID6027052,88,0.020637606847844204,0
DTXSID6027131,88,0.0,0
DTXSID6027133,88,1.954625981304144e-10,0
DTXSID6027181,88,0.0,0
DTXSID6027185,88,3.2489674067076013e-10,0
DTXSID6027218,88,2.156942508931696e-09,0
DTXSID6027266,88,9.37747161550555e-10,0
DTXSID6027268,88,2.130944092031503e-06,0
DTXSID6027341,88,4.738177198705037e-07,0
DTXSID6027345,88,4.748025970270224e-06,0
DTXSID6027395,88,3.6192623495299613e-06,0
DTXSID6027397,88,4.60816767600657e-11,0
DTXSID6027426,88,0.0,0
DTXSID6027503,88,0.0,0
DTXSID6027634,88,1.903355985287887e-18,0
DTXSID6027713,88,0.0007173852199855551,0
DTXSID6027921,88,0.0,0
DTXSID6027923,88,3.851688422410147e-18,0
DTXSID6028022,88,1.6142943762884644e-08,0
DTXSID6028492,88,0.004068155843209307,0
DTXSID6029171,88,4.3569725694335755e-05,0
DTXSID6029202,88,0.2552379502997444,0
DTXSID6029331,88,0.85335046325491,0
DTXSID6029755,88,4.670425061765319e-07,0
DTXSID6031380,88,5.335809729744609e-07,0
DTXSID6031461,88,0.0,0
DTXSID6032192,88,8.25973451379641e-07,0
DTXSID6032352,88,8.189572613516436e-07,0
DTXSID6032354,88,2.6541646612392313e-06,0
DTXSID6032356,88,0.00033031240000163325,0
DTXSID6032358,88,5.517910054541017e-06,0
DTXSID6032431,88,5.6361557914722163e-14,0
DTXSID6032514,88,1.6868438215120781e-12,0
DTXSID6032516,88,0.013329979109035129,0
DTXSID6032518,88,5.620462700909531e-08,0
DTXSID6032562,88,0.00028567687553489915,0
DTXSID6032641,88,3.1116985263230146e-14,0
DTXSID6032645,88,4.0989513132947867e-10,0
DTXSID6032647,88,0.00022837329293328318,0
DTXSID6032649,88,1.85668816082504e-12,0
DTXSID6033241,88,0.0,0
DTXSID6034005,88,1.548606135334647e-09,0
DTXSID6034186,88,0.28853807952656574,0
DTXSID6034265,88,1.2890382548991433e-10,0
DTXSID6034392,88,9.541630864282377e-10,0
DTXSID6034712,88,1.8033304339608208e-11,0
DTXSID6034762,88,1.999589056819274e-06,0
DTXSID6034764,88,3.395453343313871e-07,0
DTXSID6034849,88,0.0,0
DTXSID6034924,88,1.993232283410484e-15,0
DTXSID6034928,88,8.911294814983865e-16,0
DTXSID6034972,88,8.714109413498575e-09,0
DTXSID6035152,88,1.6123441235361902e-05,0
DTXSID6035156,88,4.2017268963154434e-17,0
DTXSID6035285,88,2.300825718067168e-07,0
DTXSID6035784,88,0.9998862432092218,1
DTXSID6036467,88,5.626634961176177e-09,0
DTXSID6037483,88,2.988008516674484e-08,0
DTXSID6037564,88,3.269607519677059e-17,0
DTXSID6037568,88,5.1272232302631676e-08,0
DTXSID6037728,88,3.795758179484482e-10,0
DTXSID60377821,88,0.0,0
DTXSID60377826,88,1.5459653583421148e-09,0
DTXSID60379269,88,3.097816658980751e-06,0
DTXSID60379901,88,1.8117869257841388e-10,0
DTXSID60380390,88,1.4265459368070182e-10,0
DTXSID6038326,88,0.0,0
DTXSID6038798,88,0.0,0
DTXSID6038827,88,2.331924956677307e-16,0
DTXSID6038877,88,2.3244695983147304e-05,0
DTXSID60400587,88,2.8806293356936376e-08,0
DTXSID6040111,88,0.11525870736950579,0
DTXSID6040115,88,2.1648391891135198e-05,0
DTXSID6040117,88,6.084242432567179e-15,0
DTXSID6040371,88,1.1347668643105425e-09,0
DTXSID6040373,88,1.3935838873016881e-06,0
DTXSID6040375,88,0.00012662244242459,0
DTXSID6040664,88,1.3560382516288594e-11,0
DTXSID6040745,88,1.3671907831935294e-06,0
DTXSID6040747,88,0.0005521890516086033,0
DTXSID6040795,88,0.0,0
DTXSID6041137,88,0.0,0
DTXSID6041185,88,0.0,0
DTXSID6041210,88,0.4902648317841681,0
DTXSID6041268,88,2.2550670700496978e-10,0
DTXSID6041349,88,1.2330845731444834e-09,0
DTXSID6041397,88,2.5653465075671845e-05,0
DTXSID6041420,88,4.483348355730028e-08,0
DTXSID6041422,88,4.0730815043080565e-08,0
DTXSID6041424,88,9.598539867056743e-11,0
DTXSID6041426,88,4.78432478052905e-14,0
DTXSID6041472,88,2.4584115665454435e-11,0
DTXSID6041503,88,4.0090937437306635e-06,0
DTXSID6041507,88,4.2749218116529974e-15,0
DTXSID6041551,88,2.2258142405338216e-08,0
DTXSID6041557,88,1.2374841191663495e-07,0
DTXSID6041636,88,7.523610618697254e-07,0
DTXSID6041638,88,0.0,0
DTXSID6041682,88,2.8310550116844283e-06,0
DTXSID6041715,88,1.6374561777104107e-07,0
DTXSID6041719,88,1.871729258508915e-08,0
DTXSID6041844,88,2.0728057121618996e-07,0
DTXSID6041892,88,5.169149417070398e-07,0
DTXSID6042074,88,5.307251742066965e-07,0
DTXSID6042151,88,4.729000048823668e-05,0
DTXSID6042232,88,1.508299927521384e-08,0
DTXSID6042234,88,0.0,0
DTXSID6042280,88,6.78485345451071e-06,0
DTXSID6042282,88,4.2428722424265265e-15,0
DTXSID6042365,88,0.0017075835466380759,0
DTXSID6042369,88,1.872993883343833e-08,0
DTXSID6042440,88,0.0007212020869900909,0
DTXSID6042490,88,2.4958301543132677e-07,0
DTXSID6042494,88,0.00012316381087532544,0
DTXSID6042498,88,0.0005631401290072416,0
DTXSID6043709,88,6.883933274802411e-06,0
DTXSID6043915,88,0.02495899230380839,0
DTXSID6043917,88,6.8383640454680826e-09,0
DTXSID6044199,88,6.899052991377896e-14,0
DTXSID6044303,88,3.1788217845132884e-05,0
DTXSID6044309,88,2.0113215682591139e-16,0
DTXSID6044353,88,2.5050133450610374e-06,0
DTXSID6044355,88,2.7414358716737906e-19,0
DTXSID6044357,88,2.6903735330341334e-17,0
DTXSID6044359,88,6.547343555322274e-07,0
DTXSID6044430,88,0.0,0
DTXSID6044480,88,3.82318290196669e-15,0
DTXSID6044488,88,8.940890010105478e-06,0
DTXSID6044511,88,5.003916212081798e-12,0
DTXSID6044513,88,4.3730733618064294e-13,0
DTXSID6044515,88,0.0,0
DTXSID6044517,88,1.2305649192201365e-14,0
DTXSID6044519,88,2.401995490952464e-10,0
DTXSID6044563,88,2.80501206492991e-14,0
DTXSID6044644,88,0.0,0
DTXSID6044646,88,1.2231020548384671e-06,0
DTXSID6044690,88,0.0,0
DTXSID6044696,88,3.6636666144652025e-17,0
DTXSID6044721,88,1.3652225766860868e-16,0
DTXSID6044727,88,2.1783867633605234e-08,0
DTXSID6044771,88,1.0989131336464828e-10,0
DTXSID6044773,88,1.548847330179783e-11,0
DTXSID6044777,88,1.9775280583244497e-09,0
DTXSID6044779,88,5.001517738152176e-07,0
DTXSID6044800,88,0.07340822267220987,0
DTXSID6044804,88,4.576944160995218e-14,0
DTXSID6044808,88,2.2290708950544653e-13,0
DTXSID6044981,88,2.9589534092322222e-05,0
DTXSID6044983,88,3.416604316057807e-16,0
DTXSID6044985,88,1.068074455448994e-08,0
DTXSID6045400,88,2.1158835940773747e-07,0
DTXSID6046979,88,1.1860608356885753e-07,0
DTXSID6047072,88,7.513532972799412e-11,0
DTXSID6047074,88,1.388278987076888e-09,0
DTXSID6047078,88,2.6495219230832594e-05,0
DTXSID6047103,88,0.9999973819801218,1
DTXSID6047105,88,1.0001714685107673e-08,0
DTXSID6047107,88,2.3747685457812556e-07,0
DTXSID6047109,88,4.333390464335221e-08,0
DTXSID6047157,88,4.916679804424637e-18,0
DTXSID6047159,88,0.0,0
DTXSID6047236,88,6.527903311494421e-11,0
DTXSID6047280,88,1.5498847911605172e-07,0
DTXSID6047282,88,3.056507067846416e-08,0
DTXSID6047284,88,7.352777685205812e-14,0
DTXSID6047286,88,3.843332906037867e-09,0
DTXSID6047288,88,2.6052959549601977e-07,0
DTXSID6047311,88,2.898185478505567e-07,0
DTXSID6047313,88,7.935140412579305e-20,0
DTXSID6047315,88,6.860147927982768e-07,0
DTXSID6047319,88,8.032049157144498e-06,0
DTXSID6047363,88,6.6454859624618115e-06,0
DTXSID6047367,88,0.0,0
DTXSID6047369,88,0.006911459226799181,0
DTXSID6047440,88,0.0,0
DTXSID6047444,88,2.0317517423076554e-07,0
DTXSID6047446,88,7.938014614857096e-10,0
DTXSID6047448,88,2.7593830713025775e-08,0
DTXSID6047490,88,8.459531062660898e-06,0
DTXSID6047525,88,2.055816505504901e-06,0
DTXSID6047527,88,1.2801447545058844e-07,0
DTXSID6047575,88,2.5100115464500915e-11,0
DTXSID6047579,88,5.806537751363205e-09,0
DTXSID6047602,88,7.368245340832247e-09,0
DTXSID6047604,88,0.0,0
DTXSID6047608,88,2.0987374680287583e-05,0
DTXSID6047654,88,5.218818299091255e-07,0
DTXSID6047656,88,3.6347914277578587e-10,0
DTXSID6048171,88,5.293135256157856e-05,0
DTXSID6048175,88,0.0,0
DTXSID6048200,88,8.998068231059973e-08,0
DTXSID6048202,88,2.0609214394570882e-07,0
DTXSID6048204,88,6.377204686754364e-07,0
DTXSID6048206,88,7.164895559636067e-08,0
DTXSID6048208,88,1.8031867637001694e-05,0
DTXSID60500450,88,5.334274025817912e-08,0
DTXSID6051306,88,0.9814747702223097,1
DTXSID6051560,88,3.7212273882187343e-06,0
DTXSID6051564,88,5.579913242691794e-07,0
DTXSID6051566,88,1.1931090458430017e-06,0
DTXSID6051695,88,0.0035695208181993603,0
DTXSID6051724,88,7.211066378827651e-06,0
DTXSID6051778,88,1.7743863884691087e-13,0
DTXSID6052112,88,4.688208826642779e-07,0
DTXSID6052291,88,0.0,0
DTXSID6052295,88,0.0037159556886575663,0
DTXSID6052299,88,0.002179539954263693,0
DTXSID6052328,88,1.1106569312650066e-05,0
DTXSID6052536,88,1.884882858169557e-05,0
DTXSID6052538,88,2.8682137205010065e-07,0
DTXSID6052619,88,2.3247130817454233e-07,0
DTXSID6052740,88,0.0028899636477568574,0
DTXSID6052900,88,0.0,0
DTXSID6052902,88,7.925947494833898e-07,0
DTXSID6052904,88,9.876324925552993e-06,0
DTXSID6052906,88,6.715009740026253e-05,0
DTXSID6052908,88,1.2963374343464624e-08,0
DTXSID6057908,88,2.7389764466633785e-11,0
DTXSID6061022,88,9.053906082676607e-11,0
DTXSID6062599,88,1.6390633986459374e-13,0
DTXSID60663110,88,0.0,0
DTXSID6067331,88,0.0,0
DTXSID60858867,88,3.6662292371326887e-07,0
DTXSID60858882,88,2.8858735836808434e-11,0
DTXSID60858887,88,0.0,0
DTXSID60858903,88,4.813113310701783e-08,0
DTXSID60858908,88,5.774877818903507e-06,0
DTXSID60872720,88,1.571038384092359e-09,0
DTXSID60872725,88,0.0,0
DTXSID60872740,88,5.7414463200256455e-11,0
DTXSID60872745,88,1.4860605825344126e-19,0
DTXSID60892443,88,1.6257554499501871e-12,0
DTXSID60903826,88,3.5049580016632384e-18,0
DTXSID60903841,88,0.0,0
DTXSID60903846,88,6.95587812600564e-12,0
DTXSID60903861,88,0.0,0
DTXSID60903866,88,0.0,0
DTXSID60903881,88,0.0,0
DTXSID60903886,88,0.0,0
DTXSID701339598,88,1.6169972913636092e-17,0
DTXSID701351796,88,5.945114849877429e-07,0
DTXSID701351803,88,0.005458536775127079,0
DTXSID70191136,88,2.8644009827072862e-08,0
DTXSID7020005,88,0.00027467978540461266,0
DTXSID7020007,88,6.609765254090593e-08,0
DTXSID7020057,88,2.5476578170600774e-11,0
DTXSID7020182,88,0.0010783433496742933,0
DTXSID7020184,88,1.6796852692256545e-10,0
DTXSID7020263,88,4.1742233099914363e-10,0
DTXSID7020265,88,0.0005872663182275672,0
DTXSID7020267,88,5.427076907217539e-07,0
DTXSID7020344,88,4.48026344393194e-09,0
DTXSID7020348,88,9.009684689656044e-14,0
DTXSID7020392,88,0.0,0
DTXSID7020421,88,1.5824740353024591e-07,0
DTXSID7020423,88,2.458919567937568e-10,0
DTXSID7020425,88,3.634242180011573e-06,0
DTXSID7020427,88,4.472309034154552e-06,0
DTXSID7020479,88,0.00014535633452231596,0
DTXSID7020504,88,5.7045516743158006e-08,0
DTXSID7020508,88,0.00034244831189335107,0
DTXSID7020552,88,2.5879122709953375e-06,0
DTXSID7020631,88,2.1865051451445845e-05,0
DTXSID7020683,88,1.3515475502470317e-15,0
DTXSID7020685,88,1.2973253413387732e-19,0
DTXSID7020687,88,1.5010149823205832e-06,0
DTXSID7020710,88,0.0,0
DTXSID7020716,88,0.12088096080201367,0
DTXSID7020760,88,2.1143722301497827e-07,0
DTXSID7020764,88,2.012195134731116e-07,0
DTXSID7020766,88,1.0844926138922023e-13,0
DTXSID7020768,88,7.684753183193822e-06,0
DTXSID7020841,88,2.820261781155347e-07,0
DTXSID7020843,88,5.636345687349321e-05,0
DTXSID7020845,88,6.0716163151569626e-05,0
DTXSID7020895,88,1.9805693551020588e-08,0
DTXSID7020920,88,4.846470524564276e-10,0
DTXSID7020970,88,5.197969868077024e-10,0
DTXSID7020972,88,0.0,0
DTXSID7020978,88,3.8011390492457416e-06,0
DTXSID7021029,88,0.001695633861138802,0
DTXSID7021100,88,9.76902527555462e-06,0
DTXSID7021102,88,2.6481203304195766e-11,0
DTXSID7021106,88,1.278772860640624e-10,0
DTXSID7021150,88,2.0379657095848684e-06,0
DTXSID7021152,88,1.1821553915727684e-12,0
DTXSID7021156,88,0.0,0
DTXSID7021233,88,8.626121583192655e-07,0
DTXSID7021237,88,0.0004184873081443456,0
DTXSID7021239,88,6.50839206981315e-05,0
DTXSID7021314,88,1.5998719741857256e-06,0
DTXSID7021316,88,1.8013701392567173e-08,0
DTXSID7021362,88,0.00011365534286961005,0
DTXSID7021364,88,4.5069654029879214e-08,0
DTXSID7021491,88,9.31564780461053e-10,0
DTXSID7021520,88,1.1689127193690931e-10,0
DTXSID7021603,88,4.564109739923435e-16,0
DTXSID7021605,88,0.0,0
DTXSID7021607,88,2.7263962783325994e-14,0
DTXSID7021653,88,0.0,0
DTXSID7021655,88,5.314121496317135e-17,0
DTXSID7021780,88,3.5106458751065182e-15,0
DTXSID7021782,88,0.0,0
DTXSID7021784,88,1.628406316782159e-16,0
DTXSID7021788,88,0.0006239317977969728,0
DTXSID7021815,88,2.8546515924631532e-05,0
DTXSID7021861,88,3.066659487671782e-07,0
DTXSID7021863,88,4.367843333402282e-09,0
DTXSID7021867,88,1.8108484602684902e-10,0
DTXSID7021869,88,2.9962888176108607e-16,0
DTXSID7021940,88,0.7035825954363418,0
DTXSID7021946,88,4.4089877876845334e-08,0
DTXSID7021948,88,5.556462070711948e-05,0
DTXSID7021992,88,2.2165009122430584e-18,0
DTXSID7021996,88,9.471288389415004e-10,0
DTXSID7021998,88,1.6034226744075416e-12,0
DTXSID7022043,88,8.651241642461968e-17,0
DTXSID7022049,88,8.7264735188843e-05,0
DTXSID7022093,88,0.0,0
DTXSID7022120,88,1.2332633168158137e-19,0
DTXSID7022170,88,5.261822421622607e-13,0
DTXSID7022172,88,0.0,0
DTXSID7022174,88,2.1430423684192e-08,0
DTXSID7022253,88,0.0,0
DTXSID7022332,88,5.686033467461152e-12,0
DTXSID7022411,88,2.89375113371504e-17,0
DTXSID7022413,88,0.009513566109380719,0
DTXSID7022544,88,3.010222797346099e-20,0
DTXSID7022598,88,1.7578391071951333e-07,0
DTXSID7022679,88,4.4963117914259155e-18,0
DTXSID7022912,88,3.145134518142808e-20,0
DTXSID7023063,88,6.903533566997077e-16,0
DTXSID7023146,88,0.0,0
DTXSID7023192,88,4.804016760657996e-06,0
DTXSID7023194,88,4.93620207543249e-06,0
DTXSID7023300,88,1.793055040657803e-09,0
DTXSID7023510,88,1.4752049807734883e-08,0
DTXSID7023645,88,2.485492582494241e-11,0
DTXSID7023936,88,0.01638460730032878,0
DTXSID7023938,88,3.085028132504864e-07,0
DTXSID7023980,88,0.00035530418120857573,0
DTXSID7024031,88,2.5310864284446025e-09,0
DTXSID7024035,88,6.836512936369954e-05,0
DTXSID7024081,88,0.022981772935761764,0
DTXSID7024085,88,4.7363314367962107e-07,0
DTXSID7024087,88,3.1308151354738416e-16,0
DTXSID7024112,88,1.7409265170684467e-11,0
DTXSID7024160,88,3.3899959790017477e-14,0
DTXSID7024164,88,4.341739053651574e-06,0
DTXSID7024166,88,5.461675133905166e-07,0
DTXSID7024241,88,1.2475505416775189e-05,0
DTXSID7024245,88,2.2370486045276327e-05,0
DTXSID7024247,88,0.0,0
DTXSID7024299,88,2.056028578888925e-10,0
DTXSID7024320,88,2.0296445783800956e-06,0
DTXSID7024328,88,4.448999894262048e-12,0
DTXSID7024376,88,1.3656381177564452e-05,0
DTXSID7024409,88,7.672418344733349e-13,0
DTXSID7024532,88,8.542737125267165e-11,0
DTXSID7024538,88,0.0,0
DTXSID7024586,88,1.7376877902625776e-05,0
DTXSID7024821,88,1.5506051003177842e-10,0
DTXSID7024827,88,9.407264115360436e-09,0
DTXSID7024873,88,9.185284290683514e-05,0
DTXSID7024902,88,0.2995033293119075,0
DTXSID7024904,88,5.81486858528512e-15,0
DTXSID7024950,88,1.3409999756035441e-11,0
DTXSID7025003,88,2.2810140721648225e-06,0
DTXSID7025055,88,2.1770654734897713e-06,0
DTXSID7025130,88,4.525517012165956e-16,0
DTXSID7025132,88,2.2604838987149877e-06,0
DTXSID7025134,88,3.186840406172688e-17,0
DTXSID7025138,88,5.184700590210772e-19,0
DTXSID7025217,88,6.61128872489597e-06,0
DTXSID7025219,88,1.5103751047442246e-06,0
DTXSID7025346,88,0.0,0
DTXSID7025394,88,2.820201675832502e-05,0
DTXSID7025421,88,8.944213160747853e-07,0
DTXSID7025427,88,2.4042641835929064e-08,0
DTXSID7025429,88,3.272318673692619e-05,0
DTXSID7025502,88,2.2291162682014216e-06,0
DTXSID7025506,88,3.3909435046650647e-07,0
DTXSID7025508,88,1.5158790361204554e-18,0
DTXSID7025895,88,0.0007039183157579651,0
DTXSID7025922,88,6.028712634874568e-08,0
DTXSID7026029,88,4.500162222237624e-18,0
DTXSID7026102,88,5.911357527750158e-11,0
DTXSID7026156,88,0.0,0
DTXSID7026235,88,1.1430841153661135e-06,0
DTXSID7026285,88,7.700000700030804e-07,0
DTXSID7026314,88,3.167642548603627e-06,0
DTXSID7026368,88,2.521872666683396e-05,0
DTXSID7026499,88,0.0,0
DTXSID7026520,88,7.064187446075275e-08,0
DTXSID7026526,88,1.3814791005309683e-07,0
DTXSID7026653,88,1.9206080950480943e-20,0
DTXSID7026811,88,7.192152538083191e-08,0
DTXSID7026863,88,0.0,0
DTXSID7026867,88,2.0053365454313603e-05,0
DTXSID7026946,88,5.459630843974749e-06,0
DTXSID7026994,88,2.5825987437561787e-09,0
DTXSID7026998,88,0.0,0
DTXSID7027041,88,1.145348339508855e-08,0
DTXSID7027047,88,8.494664946703968e-07,0
DTXSID7027205,88,5.581392208954292e-16,0
DTXSID7027259,88,1.2753566102010066e-09,0
DTXSID7027334,88,0.0,0
DTXSID7027386,88,3.096692871695751e-17,0
DTXSID7027388,88,1.4850031014995272e-09,0
DTXSID7027461,88,7.518136114031214e-09,0
DTXSID7027540,88,0.0,0
DTXSID7027542,88,8.995941496513337e-09,0
DTXSID7027544,88,4.06468252375439e-05,0
DTXSID7027596,88,5.021612089713272e-07,0
DTXSID7027598,88,2.8911192062588837e-07,0
DTXSID7027625,88,1.2901485478296587e-08,0
DTXSID70276659,88,8.127311156632365e-09,0
DTXSID7027756,88,2.445324729639668e-10,0
DTXSID7027831,88,0.0,0
DTXSID7027833,88,7.722445289976528e-08,0
DTXSID7027835,88,7.157894149699459e-08,0
DTXSID7027837,88,3.176735032316899e-05,0
DTXSID7027887,88,1.3754216007983914e-10,0
DTXSID7027916,88,0.0,0
DTXSID7028011,88,5.823051449521386e-09,0
DTXSID7028015,88,2.7540006370238936e-17,0
DTXSID7028300,88,3.115914416948393e-14,0
DTXSID7028774,88,3.6832429882218516e-07,0
DTXSID7029110,88,3.704824703801242e-08,0
DTXSID7029162,88,0.0,0
DTXSID7029164,88,9.299428750942653e-06,0
DTXSID7029166,88,1.1429434790429881e-14,0
DTXSID7029241,88,0.0014665059552980042,0
DTXSID7029320,88,2.0147999072179923e-06,0
DTXSID7029534,88,0.0032783078650067366,0
DTXSID7029611,88,1.4464256426594353e-11,0
DTXSID7029661,88,4.098707953122681e-07,0
DTXSID7029871,88,2.7687492235376912e-09,0
DTXSID7029879,88,5.9317266049073105e-09,0
DTXSID7029904,88,0.00477309884451279,0
DTXSID7030060,88,5.992392504944678e-07,0
DTXSID7030307,88,7.538408213457922e-07,0
DTXSID7030698,88,1.0076577239474531e-06,0
DTXSID7031290,88,0.9991763576259527,1
DTXSID7031294,88,1.5444857978811316e-06,0
DTXSID7031458,88,0.0009011685332542538,0
DTXSID7031531,88,7.48482898011674e-05,0
DTXSID7032004,88,6.260614781432984e-07,0
DTXSID7032345,88,0.0,0
DTXSID7032393,88,0.005154521569532737,0
DTXSID7032424,88,4.132518689879227e-18,0
DTXSID7032470,88,0.00013073855942316706,0
DTXSID7032551,88,0.007503196672703676,0
DTXSID7032553,88,0.00016942097659026283,0
DTXSID7032555,88,1.0199011517652231e-06,0
DTXSID7032559,88,1.6380815950411271e-06,0
DTXSID7032630,88,6.110268444242404e-05,0
DTXSID7032638,88,0.5344874952115798,0
DTXSID7032688,88,4.427301485428441e-07,0
DTXSID7034250,88,1.6374307369332666e-05,0
DTXSID7034252,88,1.1809865062898393e-07,0
DTXSID7034383,88,6.4628084654446464e-09,0
DTXSID7034460,88,1.819433146975651e-10,0
DTXSID7034545,88,0.0007165052622662229,0
DTXSID7034549,88,7.334840329594881e-16,0
DTXSID7034624,88,0.0028364323737211754,0
DTXSID7034674,88,2.1491177707457833e-08,0
DTXSID7034676,88,1.9914431837726377e-13,0
DTXSID7034753,88,4.269967425090299e-06,0
DTXSID7034961,88,6.37654176208073e-05,0
DTXSID7035010,88,1.2277117091697922e-16,0
DTXSID7035272,88,3.641998959884607e-06,0
DTXSID70366226,88,9.513929337973961e-17,0
DTXSID7037185,88,0.9999941189962569,1
DTXSID7037262,88,0.0,0
DTXSID7037551,88,0.0,0
DTXSID7037555,88,3.4103697185808626e-06,0
DTXSID7037715,88,2.8335632391019667e-09,0
DTXSID7037717,88,9.013994985600205e-08,0
DTXSID70379270,88,1.4208468996465238e-08,0
DTXSID70379295,88,2.6814476947534765e-05,0
DTXSID70379730,88,4.867983643046312e-12,0
DTXSID70379917,88,4.819078820081946e-11,0
DTXSID70381090,88,0.0,0
DTXSID70381151,88,0.011584044886366104,0
DTXSID7038317,88,2.778179132392038e-08,0
DTXSID7038810,88,3.4141853301129034e-15,0
DTXSID7038814,88,7.974344464520561e-07,0
DTXSID7038818,88,0.0,0
DTXSID7038864,88,0.00010018414670800943,0
DTXSID70400078,88,5.418736420052139e-13,0
DTXSID7040150,88,1.7474826623383435e-10,0
DTXSID7040152,88,6.059644894818098e-06,0
DTXSID7040154,88,8.38282749391334e-09,0
DTXSID7040285,88,0.0,0
DTXSID7040287,88,3.497197859341505e-06,0
DTXSID7040289,88,7.561796734197114e-05,0
DTXSID7040316,88,1.2234507723502756e-17,0
DTXSID7040360,88,4.3067950082491525e-07,0
DTXSID7040362,88,9.300984317737884e-06,0
DTXSID7040732,88,0.4873328637844915,0
DTXSID7040734,88,0.0,0
DTXSID7040784,88,8.528579222165886e-11,0
DTXSID7040788,88,0.00012392211257134333,0
DTXSID7041097,88,8.299004395286194e-07,0
DTXSID7041178,88,1.071842186593553e-07,0
DTXSID7041253,88,4.017815976510534e-15,0
DTXSID7041388,88,5.0873927350113006e-05,0
DTXSID7041413,88,0.0,0
DTXSID7041461,88,8.45598293741682e-11,0
DTXSID7041467,88,0.0,0
DTXSID7041540,88,4.34109792872201e-06,0
DTXSID7041544,88,0.9973111306100898,1
DTXSID7041623,88,1.0704360249924262e-05,0
DTXSID7041629,88,8.509480576890857e-07,0
DTXSID7041671,88,2.201011122205002e-06,0
DTXSID7041675,88,0.0,0
DTXSID7041708,88,0.0,0
DTXSID7041887,88,0.9892350900985004,1
DTXSID7041889,88,0.0006351499698806578,0
DTXSID7041962,88,2.861717513737556e-05,0
DTXSID7041966,88,5.749607364833371e-09,0
DTXSID7042011,88,1.398544551350156e-06,0
DTXSID7042061,88,0.0,0
DTXSID7042065,88,0.0036003322710772465,0
DTXSID7042190,88,3.5887350674856415e-17,0
DTXSID7042196,88,0.0,0
DTXSID7042198,88,6.791352617432328e-06,0
DTXSID7042273,88,4.870544733365164e-08,0
DTXSID7042279,88,2.9640591466660877e-08,0
DTXSID7042356,88,3.3596340803937933e-07,0
DTXSID7042437,88,0.0,0
DTXSID7043902,88,0.0,0
DTXSID7043908,88,1.6816666981046142e-07,0
DTXSID7044215,88,0.0,0
DTXSID7044340,88,4.1714262482668346e-05,0
DTXSID7044342,88,8.526478061965628e-08,0
DTXSID7044390,88,0.0,0
DTXSID7044392,88,2.587498481106011e-09,0
DTXSID7044394,88,0.05501145321619671,0
DTXSID7044396,88,2.7965628025644392e-05,0
DTXSID7044398,88,1.522838457395176e-14,0
DTXSID7044421,88,0.0,0
DTXSID7044423,88,9.7327540050184e-08,0
DTXSID7044427,88,6.571672256593511e-09,0
DTXSID7044429,88,1.7806782263462127e-10,0
DTXSID7044471,88,6.700974334614016e-08,0
DTXSID7044473,88,5.595485663008825e-08,0
DTXSID7044475,88,0.0001233851867159852,0
DTXSID7044479,88,0.005056154031563642,0
DTXSID7044500,88,9.661795683780602e-08,0
DTXSID7044502,88,5.6675345702485984e-08,0
DTXSID7044504,88,4.3292070411477053e-07,0
DTXSID7044506,88,6.970137107569281e-12,0
DTXSID7044552,88,4.1038671424852566e-10,0
DTXSID7044639,88,3.252991288928227e-08,0
DTXSID7044689,88,5.029582794877596e-18,0
DTXSID7044716,88,0.0,0
DTXSID7044718,88,0.00026899652651204303,0
DTXSID7044760,88,4.7675025451729116e-08,0
DTXSID7044762,88,0.0,0
DTXSID7044764,88,2.529082280493906e-17,0
DTXSID7044841,88,2.0987197664392496e-11,0
DTXSID7044843,88,1.7118651114675281e-06,0
DTXSID7044847,88,0.0,0
DTXSID7044849,88,0.0,0
DTXSID7044895,88,2.3465114755372318e-08,0
DTXSID7044897,88,4.6056698943159345e-08,0
DTXSID7044922,88,1.4767619456537432e-07,0
DTXSID7044928,88,0.000711554365808869,0
DTXSID7044970,88,0.0022393720532588074,0
DTXSID7044976,88,5.488003863982818e-07,0
DTXSID7047061,88,5.052187531077683e-07,0
DTXSID7047065,88,0.0,0
DTXSID7047142,88,0.00037809301541202417,0
DTXSID7047144,88,1.669523570671059e-05,0
DTXSID7047146,88,0.0011625954443811488,0
DTXSID7047190,88,8.289847478826614e-06,0
DTXSID7047192,88,4.798767979194085e-06,0
DTXSID7047198,88,6.42468040141858e-07,0
DTXSID7047271,88,0.00016430225011927491,0
DTXSID7047277,88,6.726708509996335e-16,0
DTXSID7047279,88,0.0,0
DTXSID7047304,88,2.1902663701472577e-07,0
DTXSID7047306,88,8.278465198740958e-07,0
DTXSID7047308,88,0.0,0
DTXSID7047356,88,8.158970053625037e-07,0
DTXSID7047358,88,0.002859328908487021,0
DTXSID7047433,88,2.3029182679228848e-07,0
DTXSID7047435,88,4.0311400745748984e-07,0
DTXSID7047437,88,0.0003847882034110747,0
DTXSID7047439,88,3.582729101178098e-18,0
DTXSID7047487,88,5.776966626859292e-10,0
DTXSID7047510,88,1.0936756116098807e-14,0
DTXSID7047560,88,2.4842055878540804e-20,0
DTXSID7047562,88,0.0,0
DTXSID7047566,88,8.670693449705078e-09,0
DTXSID7047641,88,0.0,0
DTXSID7047643,88,7.557917314208376e-17,0
DTXSID7047645,88,2.985748545416483e-14,0
DTXSID7047647,88,1.7766439218571785e-11,0
DTXSID7047691,88,1.1874152028247303e-05,0
DTXSID7047693,88,5.4739634479733946e-08,0
DTXSID7047697,88,0.999963890004486,1
DTXSID70481246,88,2.600760236987863e-09,0
DTXSID7048166,88,0.9393528928120605,1
DTXSID7048168,88,3.0818355709614285e-06,0
DTXSID7051474,88,8.345422671691333e-07,0
DTXSID7051557,88,1.3120789797786673e-08,0
DTXSID7051890,88,6.606888518435265e-07,0
DTXSID7052101,88,0.00010717423146500575,0
DTXSID7052109,88,1.3993974692371345e-08,0
DTXSID7052284,88,6.748399979199099e-06,0
DTXSID7052288,88,0.002932910477016065,0
DTXSID7052311,88,0.002959240852151197,0
DTXSID7052319,88,0.00020137770748350915,0
DTXSID7052446,88,0.42798331895760316,0
DTXSID7052529,88,3.177091689680916e-05,0
DTXSID7052571,88,1.9549360031411192e-08,0
DTXSID7052573,88,3.2274192897859886e-10,0
DTXSID7052577,88,0.0014730327263106457,0
DTXSID7052602,88,9.958817867206474e-06,0
DTXSID7052652,88,1.0008508478885007e-07,0
DTXSID7052654,88,9.684859220735117e-05,0
DTXSID7052735,88,0.0006051760038031493,0
DTXSID7052866,88,1.569744837402488e-17,0
DTXSID70537191,88,4.61198569372597e-10,0
DTXSID70565479,88,0.0,0
DTXSID7059933,88,0.0,0
DTXSID7060332,88,0.003850201582792216,0
DTXSID7061982,88,6.738035970875482e-12,0
DTXSID7074616,88,2.001451750893013e-12,0
DTXSID70858873,88,1.8890974846679422e-08,0
DTXSID70858878,88,3.068652863392917e-09,0
DTXSID70858893,88,1.0993715010522305e-06,0
DTXSID70858898,88,1.1820903850073974e-09,0
DTXSID70858914,88,8.870549396490596e-05,0
DTXSID70858919,88,5.5955100945805116e-05,0
DTXSID70870515,88,2.6382119481841835e-08,0
DTXSID70872711,88,1.328620021629924e-09,0
DTXSID70872716,88,1.5651942528459675e-13,0
DTXSID70872731,88,5.60739996718755e-17,0
DTXSID70872736,88,4.8695931100446596e-08,0
DTXSID70872751,88,4.081710555711214e-06,0
DTXSID70872756,88,1.7171289032623456e-08,0
DTXSID70880134,88,5.97480652157941e-09,0
DTXSID70880215,88,1.7519985951576863e-09,0
DTXSID70880230,88,0.00020038027990637767,0
DTXSID70903832,88,0.0,0
DTXSID70903837,88,0.0,0
DTXSID70903852,88,1.6654441402562906e-08,0
DTXSID70903857,88,0.0,0
DTXSID70903872,88,0.0,0
DTXSID70903877,88,0.0,0
DTXSID70903892,88,0.0,0
DTXSID801339553,88,1.6918519555601772e-11,0
DTXSID801351787,88,5.036948246460909e-07,0
DTXSID801351799,88,0.006449296194917206,0
DTXSID801351806,88,1.9076069775079785e-08,0
DTXSID80195822,88,4.058471655781038e-11,0
DTXSID8020040,88,2.006848809244396e-05,0
DTXSID8020044,88,1.3702755231855338e-08,0
DTXSID8020092,88,0.0001410620674440641,0
DTXSID8020121,88,3.23144935919534e-06,0
DTXSID8020123,88,0.0,0
DTXSID8020127,88,2.287687224804439e-05,0
DTXSID8020175,88,2.129852038321276e-05,0
DTXSID8020179,88,2.4480694641436296e-09,0
DTXSID8020202,88,0.0,0
DTXSID8020252,88,3.631671987264876e-14,0
DTXSID8020256,88,9.5411097579227e-06,0
DTXSID8020331,88,3.6892302775027766e-09,0
DTXSID8020337,88,6.044450366435546e-05,0
DTXSID8020381,88,3.9654346409979736e-07,0
DTXSID8020410,88,1.2271693175589216e-08,0
DTXSID8020462,88,0.0,0
DTXSID8020464,88,3.3595360019262995e-09,0
DTXSID8020466,88,1.7073426101049903e-10,0
DTXSID8020541,88,0.0,0
DTXSID8020545,88,0.0,0
DTXSID8020591,88,1.025691851871904e-06,0
DTXSID8020593,88,2.7032227416233477e-06,0
DTXSID8020597,88,2.19920238349368e-15,0
DTXSID8020620,88,3.1732849456641224e-18,0
DTXSID8020628,88,8.259101769949434e-06,0
DTXSID8020674,88,9.809284149179764e-18,0
DTXSID8020703,88,1.23598093094235e-06,0
DTXSID8020755,88,2.0392452385006372e-07,0
DTXSID8020759,88,0.0,0
DTXSID8020830,88,1.0736654605647052e-10,0
DTXSID8020834,88,2.3646035302947965e-17,0
DTXSID8020838,88,2.8665589813896127e-06,0
DTXSID8020880,88,0.0002776070190124599,0
DTXSID8020913,88,0.07914615641331318,0
DTXSID8020915,88,0.0,0
DTXSID8020917,88,7.119769633941513e-17,0
DTXSID8020961,88,0.0,0
DTXSID8020963,88,0.0,0
DTXSID8020965,88,1.8557645041853362e-13,0
DTXSID8020969,88,5.3905842744169764e-05,0
DTXSID8021062,88,2.838885663924557e-19,0
DTXSID8021141,88,8.942102013296399e-06,0
DTXSID8021147,88,1.0047469412489108e-06,0
DTXSID8021195,88,3.427416081526752e-08,0
DTXSID8021199,88,1.5733826489622343e-16,0
DTXSID8021224,88,1.0939781076365696e-10,0
DTXSID8021272,88,0.0005502915504327181,0
DTXSID8021301,88,3.357347796180003e-15,0
DTXSID8021305,88,0.0009680935793596371,0
DTXSID8021359,88,9.459483486507218e-08,0
DTXSID8021438,88,0.0,0
DTXSID8021513,88,0.2597009232742549,0
DTXSID8021515,88,1.7333536116678384e-06,0
DTXSID8021517,88,3.3828323877126273e-06,0
DTXSID8021519,88,0.0,0
DTXSID8021640,88,0.0,0
DTXSID8021642,88,0.0,0
DTXSID8021648,88,1.922198094653622e-11,0
DTXSID8021721,88,0.0,0
DTXSID8021725,88,0.009045661828783982,0
DTXSID8021771,88,7.806603580484302e-08,0
DTXSID8021777,88,5.712718618283198e-06,0
DTXSID8021800,88,9.148701069060984e-11,0
DTXSID8021802,88,4.433715961574271e-06,0
DTXSID8021804,88,0.0,0
DTXSID8021808,88,7.795485649927524e-06,0
DTXSID8021856,88,5.3983709649766665e-17,0
DTXSID8021931,88,3.5330464907082387e-19,0
DTXSID8021937,88,1.9168575410911804e-06,0
DTXSID8022036,88,5.765531951527207e-07,0
DTXSID8022080,88,0.00042479086081668473,0
DTXSID8022082,88,0.0,0
DTXSID8022084,88,1.9737893326798806e-15,0
DTXSID8022111,88,0.001617967183418507,0
DTXSID8022113,88,0.0,0
DTXSID8022161,88,0.028064874233377116,0
DTXSID8022246,88,1.1239307877447653e-14,0
DTXSID8022292,88,0.0022702451405878636,0
DTXSID8022325,88,2.5921754027141884e-05,0
DTXSID8022377,88,4.780364760680144e-07,0
DTXSID8022406,88,3.4047827359163462e-06,0
DTXSID8022408,88,3.925868543643476e-06,0
DTXSID8022589,88,1.994321427544691e-19,0
DTXSID8022666,88,0.0,0
DTXSID8022741,88,0.00018614982955367348,0
DTXSID8022824,88,3.0676069338756374e-09,0
DTXSID8022828,88,4.643747638603694e-07,0
DTXSID8022959,88,4.7621843655540305e-06,0
DTXSID8023214,88,1.7586377491020849e-06,0
DTXSID8023216,88,0.00013033866942757796,0
DTXSID8023474,88,0.0,0
DTXSID8023632,88,0.0,0
DTXSID8023688,88,2.3120007885106918e-06,0
DTXSID8023719,88,8.654148917275888e-20,0
DTXSID8023846,88,5.875503166524569e-05,0
DTXSID8023848,88,3.48306001316525e-05,0
DTXSID8023890,88,0.0,0
DTXSID8023892,88,0.006913367251391116,0
DTXSID8023927,88,6.308801813519155e-20,0
DTXSID8023973,88,3.149979475105092e-08,0
DTXSID8023977,88,3.318369257071606e-06,0
DTXSID8024072,88,9.673034539484152e-10,0
DTXSID8024101,88,2.1108711653430805e-16,0
DTXSID8024105,88,1.9471390087717148e-06,0
DTXSID8024107,88,0.0,0
DTXSID8024109,88,6.103267848610862e-06,0
DTXSID8024151,88,1.9660713110358425e-12,0
DTXSID8024153,88,1.90925832910041e-13,0
DTXSID8024157,88,5.944232162190444e-16,0
DTXSID8024159,88,2.2347986226655045e-06,0
DTXSID8024234,88,2.8314652735756657e-05,0
DTXSID8024238,88,0.00027275750880980943,0
DTXSID8024280,88,8.919204430158637e-06,0
DTXSID8024284,88,2.8125215138107215e-05,0
DTXSID8024311,88,1.2793753499266464e-07,0
DTXSID8024315,88,0.0,0
DTXSID8024317,88,0.00017527264704101332,0
DTXSID8024523,88,4.433048966280921e-07,0
DTXSID8024573,88,3.792232747485415e-05,0
DTXSID8024600,88,8.708697191407932e-12,0
DTXSID8024652,88,2.6622062602603304e-05,0
DTXSID8024739,88,6.77155045620775e-07,0
DTXSID8024810,88,0.00028733684482119473,0
DTXSID8024814,88,1.836238602787745e-06,0
DTXSID8024993,88,1.2547369411973617e-06,0
DTXSID8024999,88,6.684710180823315e-08,0
DTXSID8025094,88,2.196388644942762e-06,0
DTXSID8025096,88,5.201869493864849e-05,0
DTXSID8025337,88,3.5724526204439167e-12,0
DTXSID8025595,88,4.856867794192504e-08,0
DTXSID8025599,88,1.7905989190956235e-06,0
DTXSID8025670,88,5.147296790983155e-12,0
DTXSID8025707,88,1.4393943351013472e-08,0
DTXSID8025886,88,2.9029749783932524e-10,0
DTXSID8025961,88,4.610586969085349e-09,0
DTXSID8026060,88,0.0,0
DTXSID8026068,88,1.623221290012291e-06,0
DTXSID8026141,88,0.0,0
DTXSID8026193,88,0.0,0
DTXSID8026224,88,1.0508243804060482e-06,0
DTXSID8026228,88,2.9096263771787905e-07,0
DTXSID8026303,88,2.4153287821346553e-18,0
DTXSID8026307,88,1.976027535271432e-07,0
DTXSID8026436,88,0.0,0
DTXSID8026488,88,1.3660882290297775e-05,0
DTXSID8026513,88,6.458956996107424e-06,0
DTXSID8026640,88,1.0524855858949596e-11,0
DTXSID8026694,88,3.114548184284454e-05,0
DTXSID8026698,88,2.081870882887292e-09,0
DTXSID8026725,88,1.5955129066529066e-06,0
DTXSID8026727,88,1.5127605326016977e-08,0
DTXSID8026773,88,1.0671769664780643e-06,0
DTXSID8027032,88,6.074294452254029e-07,0
DTXSID8027034,88,1.2603378692909927e-12,0
DTXSID8027036,88,2.7654299133690668e-08,0
DTXSID8027086,88,5.769200423579624e-08,0
DTXSID8027240,88,0.0,0
DTXSID8027246,88,7.954003450939095e-11,0
DTXSID8027292,88,3.936774134680925e-08,0
DTXSID8027294,88,0.0,0
DTXSID8027323,88,1.2646925372503702e-09,0
DTXSID8027373,88,1.321295351526165e-12,0
DTXSID8027377,88,5.879749761741144e-13,0
DTXSID8027402,88,3.016591761643071e-09,0
DTXSID8027454,88,1.6553571416578494e-07,0
DTXSID8027581,88,2.440846669173436e-13,0
DTXSID8027585,88,1.1350389854220922e-09,0
DTXSID8027589,88,1.6968915954442916e-05,0
DTXSID8027747,88,0.0,0
DTXSID8027749,88,1.131557869392656e-07,0
DTXSID8027793,88,0.9885923479608406,1
DTXSID8027795,88,1.5464276279367344e-09,0
DTXSID8027797,88,4.899630613813147e-09,0
DTXSID8027826,88,1.432059619543563e-08,0
DTXSID8027870,88,2.0025127805940613e-10,0
DTXSID8027955,88,1.3578592488777287e-11,0
DTXSID8027959,88,0.0,0
DTXSID8029105,88,9.040130353790694e-07,0
DTXSID8029153,88,9.060281880693659e-06,0
DTXSID8029157,88,1.757236666199122e-08,0
DTXSID8029159,88,8.650208281454683e-05,0
DTXSID8029232,88,2.0686247635832752e-07,0
DTXSID8029282,88,4.236043417823657e-08,0
DTXSID8029286,88,1.2913166530188692e-16,0
DTXSID8029369,88,1.0100684144505827e-18,0
DTXSID8029600,88,0.0,0
DTXSID8029650,88,6.829233485824737e-17,0
DTXSID8029868,88,7.664681733109193e-08,0
DTXSID8030423,88,1.6387822635010953e-08,0
DTXSID80310730,88,0.0,0
DTXSID8031077,88,4.474471225649559e-09,0
DTXSID8031863,88,5.4305996320326204e-05,0
DTXSID8031865,88,1.171245894007873e-10,0
DTXSID8032386,88,1.062952681181384e-05,0
DTXSID8032417,88,1.142390535479455e-09,0
DTXSID8032463,88,1.7451952878727258e-15,0
DTXSID8032544,88,8.522373658025526e-07,0
DTXSID8032548,88,2.633348084747732e-05,0
DTXSID8032671,88,3.3809718134517943e-06,0
DTXSID8032673,88,1.6000454567447166e-05,0
DTXSID8032675,88,0.00012488288056453184,0
DTXSID8033562,88,1.543530863387016e-07,0
DTXSID8033566,88,1.086402404593091e-09,0
DTXSID8034241,88,5.3685054151981346e-08,0
DTXSID8034324,88,2.8617653840777437e-08,0
DTXSID8034372,88,6.44355371421387e-19,0
DTXSID8034376,88,4.7620971487296904e-08,0
DTXSID8034401,88,0.0,0
DTXSID8034538,88,2.8712574681188964e-10,0
DTXSID8034580,88,5.975344056345699e-12,0
DTXSID8034586,88,5.41368357205125e-07,0
DTXSID8034588,88,0.0020991694731946594,0
DTXSID8034665,88,2.0267498220236142e-11,0
DTXSID8034742,88,0.0007942433944164854,0
DTXSID8034792,88,0.013190212682280539,0
DTXSID8034823,88,4.790067087042801e-10,0
DTXSID8034871,88,7.008672638264006e-15,0
DTXSID8034877,88,1.6364992965231116e-07,0
DTXSID8034956,88,0.0,0
DTXSID8035001,88,0.0,0
DTXSID8035180,88,0.9997597078300279,1
DTXSID8035217,88,1.468434003607216e-06,0
DTXSID8035423,88,7.8965837823648e-08,0
DTXSID80375107,88,4.596113082269299e-10,0
DTXSID8037596,88,1.2088513780989313e-07,0
DTXSID8037706,88,8.82730849035076e-06,0
DTXSID8037708,88,7.030192954933e-07,0
DTXSID8037750,88,9.992979414498583e-07,0
DTXSID8037752,88,8.884606666302585e-08,0
DTXSID8037754,88,8.336876158079077e-14,0
DTXSID8037756,88,3.148032144488409e-16,0
DTXSID80379721,88,1.7801387551084043e-13,0
DTXSID80379781,88,0.0,0
DTXSID80380837,88,0.0,0
DTXSID80382093,88,2.9663640346106898e-08,0
DTXSID80382154,88,2.5840355779557557e-08,0
DTXSID8038770,88,1.9649734930075424e-09,0
DTXSID8038801,88,2.8986830335084692e-11,0
DTXSID8038855,88,1.7923397957970517e-10,0
DTXSID8040145,88,5.968253574847344e-08,0
DTXSID8040222,88,1.5708688403629278e-16,0
DTXSID8040274,88,9.214725082074923e-06,0
DTXSID8040278,88,1.0955447000588617e-11,0
DTXSID8040484,88,6.449861782484804e-09,0
DTXSID8040694,88,3.8218620494588784e-21,0
DTXSID8040698,88,3.071567087075983e-05,0
DTXSID8040721,88,0.0001092042113436356,0
DTXSID8040723,88,1.0623033188801714e-08,0
DTXSID8040725,88,0.0001647061402944529,0
DTXSID8040775,88,2.257814144585363e-17,0
DTXSID8040779,88,4.8956569474146304e-08,0
DTXSID8040800,88,9.687516876973312e-08,0
DTXSID8041117,88,4.75063934338559e-06,0
DTXSID8041242,88,2.7618655583181527e-05,0
DTXSID8041246,88,6.241002593788217e-12,0
DTXSID8041248,88,4.289694739615357e-09,0
DTXSID8041298,88,4.132338343846735e-18,0
DTXSID8041321,88,0.0,0
DTXSID8041327,88,0.0,0
DTXSID8041371,88,7.757043525772456e-07,0
DTXSID8041379,88,9.253870275977446e-19,0
DTXSID8041400,88,3.403275719601004e-09,0
DTXSID8041610,88,1.3558670102825372e-07,0
DTXSID8041668,88,2.1933019845096854e-07,0
DTXSID8041745,88,9.427711302313189e-13,0
DTXSID8041901,88,0.014044922756766148,0
DTXSID8041909,88,2.366893096563699e-06,0
DTXSID8041955,88,4.160707438264592e-07,0
DTXSID8041957,88,4.532667151089152e-05,0
DTXSID8042006,88,4.464865922159452e-19,0
DTXSID8042052,88,1.2217688497629205e-06,0
DTXSID8042187,88,2.7939371053097924e-06,0
DTXSID8042189,88,1.0556455895138988e-10,0
DTXSID8042210,88,1.7830039600552208e-18,0
DTXSID8042264,88,2.0045282971638153e-13,0
DTXSID8042343,88,1.435030716681287e-07,0
DTXSID8042349,88,1.326556603777181e-20,0
DTXSID8042399,88,9.723482127952314e-09,0
DTXSID8042422,88,2.7224841561671706e-15,0
DTXSID8042424,88,1.8363499074535042e-05,0
DTXSID8042426,88,4.941264735716818e-13,0
DTXSID8042478,88,1.3948176848623837e-07,0
DTXSID8042503,88,2.9238673145679995e-08,0
DTXSID8042507,88,3.2273571384658305e-05,0
DTXSID8043941,88,4.8230411634863e-11,0
DTXSID8044175,88,1.1187766833255323e-06,0
DTXSID8044177,88,0.00034890954634708764,0
DTXSID8044200,88,0.0,0
DTXSID8044202,88,3.743726380799635e-05,0
DTXSID8044337,88,2.2315372121176434e-12,0
DTXSID8044381,88,1.0418123474675369e-05,0
DTXSID8044383,88,2.85104197614164e-07,0
DTXSID8044385,88,2.2581855033096926e-10,0
DTXSID8044389,88,1.3971749816964382e-07,0
DTXSID8044416,88,4.1228624081161005e-12,0
DTXSID8044462,88,1.3743666234645775e-09,0
DTXSID8044464,88,1.7128011512582984e-18,0
DTXSID8044541,88,0.0,0
DTXSID8044543,88,7.179463098716285e-07,0
DTXSID8044545,88,5.409559417455771e-07,0
DTXSID8044547,88,1.3578058791589758e-09,0
DTXSID8044593,88,0.0,0
DTXSID8044595,88,6.133555032690715e-19,0
DTXSID8044620,88,1.8385237228714831e-06,0
DTXSID8044676,88,7.007872816554009e-06,0
DTXSID8044678,88,8.514877832816597e-09,0
DTXSID8044703,88,1.1471107775922674e-09,0
DTXSID8044753,88,1.0208282365961955e-05,0
DTXSID8044755,88,1.0277868243031178e-14,0
DTXSID8044757,88,1.2693332405218985e-10,0
DTXSID8044759,88,0.0,0
DTXSID8044830,88,0.0,0
DTXSID8044832,88,2.22218773170096e-07,0
DTXSID8044836,88,0.00023963449511978687,0
DTXSID8044880,88,9.101586759250633e-16,0
DTXSID8044882,88,3.6957686271584284e-11,0
DTXSID8044886,88,0.0,0
DTXSID8044888,88,2.354287513903437e-06,0
DTXSID8044911,88,0.0,0
DTXSID8044913,88,5.14920657618684e-06,0
DTXSID8044969,88,1.5450202110713617e-06,0
DTXSID8045191,88,7.535800718500566e-09,0
DTXSID8046614,88,7.33046637755355e-14,0
DTXSID8047000,88,0.0003160063970129849,0
DTXSID8047050,88,1.6699785135526532e-19,0
DTXSID8047052,88,5.628983873605518e-08,0
DTXSID8047056,88,0.0,0
DTXSID8047058,88,0.0,0
DTXSID8047131,88,2.0477660733416674e-06,0
DTXSID8047133,88,0.00012356290978914557,0
DTXSID8047135,88,0.0,0
DTXSID8047137,88,1.2124548178632829e-08,0
DTXSID8047139,88,7.901939974729366e-06,0
DTXSID8047185,88,7.082015008181967e-05,0
DTXSID8047187,88,4.6667104558198344e-07,0
DTXSID8047189,88,6.377910991582504e-09,0
DTXSID8047218,88,0.001690230258814815,0
DTXSID8047262,88,6.720560477231497e-06,0
DTXSID8047264,88,1.4738237850250836e-06,0
DTXSID8047266,88,0.0018286599205085462,0
DTXSID8047268,88,3.074824852973005e-07,0
DTXSID8047341,88,0.6802363398555771,0
DTXSID8047347,88,6.671708731634952e-05,0
DTXSID8047349,88,1.1065960141858389e-05,0
DTXSID8047391,88,1.688589755335743e-06,0
DTXSID8047395,88,2.224566483986037e-08,0
DTXSID8047399,88,6.070240298033859e-07,0
DTXSID8047420,88,7.758568107032735e-10,0
DTXSID8047422,88,3.0133154668969025e-08,0
DTXSID8047424,88,4.967804375225139e-08,0
DTXSID8047426,88,1.2733193223637196e-13,0
DTXSID8047470,88,3.1586254835404883e-06,0
DTXSID8047472,88,5.937110577206122e-06,0
DTXSID8047505,88,4.244492525371918e-06,0
DTXSID8047551,88,2.703669966249882e-06,0
DTXSID8047553,88,0.9999995783618303,1
DTXSID8047559,88,3.1412320620227085e-09,0
DTXSID8047636,88,3.839531649041395e-14,0
DTXSID8047682,88,5.970318649520585e-08,0
DTXSID8047684,88,8.991970574551316e-07,0
DTXSID8047686,88,6.244746891602656e-10,0
DTXSID8047713,88,0.0,0
DTXSID8047717,88,0.0,0
DTXSID8047769,88,6.297303888925268e-07,0
DTXSID8047890,88,3.5242081825797974e-05,0
DTXSID8048494,88,0.0,0
DTXSID8048521,88,2.2804139175385605e-07,0
DTXSID8051419,88,0.0,0
DTXSID8051540,88,1.8824904210827365e-07,0
DTXSID8051542,88,3.690723602010588e-05,0
DTXSID8051544,88,0.0,0
DTXSID8051629,88,2.601269735386294e-08,0
DTXSID8051704,88,0.00015629242002879138,0
DTXSID8051708,88,0.0009330282367682436,0
DTXSID8051754,88,0.0001271447454218463,0
DTXSID8051914,88,0.9961335690830269,1
DTXSID8052017,88,1.507460715400166e-07,0
DTXSID8052198,88,3.067569081402561e-06,0
DTXSID8052300,88,2.1490235411094438e-13,0
DTXSID8052308,88,0.0,0
DTXSID8052641,88,4.319911574577117e-05,0
DTXSID8052693,88,9.8443934869083e-13,0
DTXSID8052724,88,0.0,0
DTXSID8059920,88,0.7746510760993488,0
DTXSID8059926,88,3.9402892883896016e-09,0
DTXSID8059928,88,1.3968958979246787e-08,0
DTXSID8059970,88,2.220662011939124e-08,0
DTXSID80858869,88,4.222893701102859e-12,0
DTXSID80858884,88,2.041010910149333e-07,0
DTXSID80858889,88,4.3689321047778615e-08,0
DTXSID80858900,88,0.0,0
DTXSID80858905,88,1.5685799506920166e-07,0
DTXSID80858920,88,2.859169801750487e-14,0
DTXSID80872707,88,2.3498921190102973e-05,0
DTXSID80872722,88,1.286302573300961e-08,0
DTXSID80872727,88,1.5440144293246646e-17,0
DTXSID80872742,88,0.0,0
DTXSID80872747,88,1.2271672508144019e-11,0
DTXSID80881157,88,1.024436109153393e-10,0
DTXSID80903828,88,1.3052039790883375e-09,0
DTXSID80903843,88,1.2274755929369704e-06,0
DTXSID80903848,88,4.2142587537165e-18,0
DTXSID80903863,88,0.0,0
DTXSID80903868,88,0.0,0
DTXSID80903883,88,0.0,0
DTXSID80903888,88,0.0,0
DTXSID901339556,88,0.0,0
DTXSID901351485,88,0.0,0
DTXSID90174941,88,5.7315772578992156e-06,0
DTXSID90190949,88,2.7471211143166075e-13,0
DTXSID9020087,88,1.4915228302411895e-07,0
DTXSID9020089,88,0.00035992565608133827,0
DTXSID9020110,88,5.3865752192739905e-05,0
DTXSID9020112,88,0.00028887969492376184,0
DTXSID9020114,88,4.0540974156523204e-14,0
DTXSID9020116,88,3.9211383477546014e-16,0
DTXSID9020118,88,3.3969605627138896e-11,0
DTXSID9020160,88,0.0004343370648631444,0
DTXSID9020164,88,1.8536801830264596e-06,0
DTXSID9020168,88,5.138029721989451e-07,0
DTXSID9020243,88,1.6424018381279175e-16,0
DTXSID9020247,88,3.513473361023961e-05,0
DTXSID9020249,88,4.203548491271793e-11,0
DTXSID9020293,88,6.447078433295131e-06,0
DTXSID9020295,88,2.4930294460777817e-05,0
DTXSID9020299,88,6.296403379230581e-09,0
DTXSID9020322,88,1.1951765367718187e-13,0
DTXSID9020370,88,4.3604145547243384e-14,0
DTXSID9020372,88,0.9995560119794803,1
DTXSID9020374,88,0.999761383127578,1
DTXSID9020376,88,0.0,0
DTXSID9020378,88,0.0,0
DTXSID9020401,88,5.135512807472273e-10,0
DTXSID9020407,88,5.887194962632514e-13,0
DTXSID9020409,88,6.040151809972583e-06,0
DTXSID9020451,88,2.7274868628338183e-09,0
DTXSID9020453,88,2.0656247739446747e-17,0
DTXSID9020580,88,5.992910216883844e-05,0
DTXSID9020582,88,4.784928052201297e-05,0
DTXSID9020617,88,5.065462282489022e-06,0
DTXSID9020663,88,0.00018872953072389823,0
DTXSID9020740,88,6.1577463457307e-05,0
DTXSID9020790,88,3.6108160466019605e-12,0
DTXSID9020792,88,3.2507289048874515e-05,0
DTXSID9020794,88,1.3787810103576976e-07,0
DTXSID9020827,88,0.00024413441095463904,0
DTXSID9020829,88,1.0688266150344451e-06,0
DTXSID9020877,88,8.495534665576623e-06,0
DTXSID9020902,88,8.786343132944076e-05,0
DTXSID9020956,88,2.097603223116472e-14,0
DTXSID9020958,88,0.0,0
DTXSID9021053,88,1.1080069518200909e-06,0
DTXSID9021130,88,1.3371397420031086e-07,0
DTXSID9021134,88,2.293982328994285e-05,0
DTXSID9021136,88,5.959523090057966e-07,0
DTXSID9021138,88,2.1556397383440997e-09,0
DTXSID9021182,88,2.654361513931035e-18,0
DTXSID9021184,88,2.1387391224721957e-05,0
DTXSID9021188,88,3.2459186804762944e-06,0
DTXSID9021215,88,5.902966199489807e-05,0
DTXSID9021217,88,0.009079236064012262,0
DTXSID9021342,88,1.7425175059008367e-19,0
DTXSID9021344,88,0.0,0
DTXSID9021346,88,2.997113619569401e-13,0
DTXSID9021348,88,2.1461649207433996e-07,0
DTXSID9021390,88,7.209583029904612e-07,0
DTXSID9021392,88,9.559954635404617e-09,0
DTXSID9021427,88,7.604426179338648e-09,0
DTXSID9021477,88,3.019843086141901e-07,0
DTXSID9021479,88,0.006821423716988625,0
DTXSID9021550,88,0.00019287138010238262,0
DTXSID9021554,88,1.5468708690443834e-07,0
DTXSID9021635,88,0.00011117849769727082,0
DTXSID9021639,88,4.567963170595006e-09,0
DTXSID9021683,88,1.669833793113509e-08,0
DTXSID9021689,88,1.1268357985736625e-05,0
DTXSID9021710,88,0.0,0
DTXSID9021716,88,3.8898621772945994e-07,0
DTXSID9021764,88,1.6653473521681144e-06,0
DTXSID9021843,88,0.0,0
DTXSID9021847,88,2.1466050455843812e-07,0
DTXSID9021897,88,9.178411031432225e-08,0
DTXSID9021922,88,2.727334986750636e-10,0
DTXSID9021928,88,5.1768848994570975e-08,0
DTXSID9021974,88,1.488699923676623e-06,0
DTXSID9021976,88,3.6051624501181376e-06,0
DTXSID9021978,88,2.3671014667005148e-12,0
DTXSID9022100,88,3.379024380825746e-07,0
DTXSID9022104,88,5.218832285733132e-08,0
DTXSID9022310,88,2.3098764734697774e-06,0
DTXSID9022312,88,0.0005103114690595339,0
DTXSID9022360,88,8.488012007205229e-05,0
DTXSID9022364,88,0.02864507684878293,0
DTXSID9022366,88,0.00011233975379681035,0
DTXSID9022445,88,2.938380371413155e-06,0
DTXSID9022520,88,1.66466866688187e-19,0
DTXSID9022522,88,1.670561940290854e-09,0
DTXSID9022524,88,7.578719428068287e-14,0
DTXSID9022526,88,7.800416150589594e-14,0
DTXSID9022528,88,2.1555851059398918e-05,0
DTXSID9022607,88,3.183523127601973e-20,0
DTXSID9022817,88,0.0029339633022584808,0
DTXSID9023041,88,0.004237616278631415,0
DTXSID9023201,88,2.116020204952201e-09,0
DTXSID9023380,88,5.501385666400475e-07,0
DTXSID9023419,88,2.241641809089952e-06,0
DTXSID9023706,88,3.464771630695494e-19,0
DTXSID9023752,88,0.0010173169648144424,0
DTXSID9023833,88,9.396683743221204e-06,0
DTXSID9023881,88,0.0,0
DTXSID9023889,88,9.071218335631585e-09,0
DTXSID9023914,88,2.0559259594971933e-05,0
DTXSID9024015,88,2.227186766933381e-06,0
DTXSID9024063,88,0.0,0
DTXSID9024065,88,1.2514330152516595e-09,0
DTXSID9024194,88,0.0,0
DTXSID9024304,88,0.0006948712651994283,0
DTXSID9024431,88,4.3343141707335153e-08,0
DTXSID9024485,88,1.2526594252240173e-07,0
DTXSID9024489,88,3.6578263911431406e-08,0
DTXSID9024512,88,7.470653143834045e-05,0
DTXSID9024568,88,7.380365308452528e-16,0
DTXSID9024691,88,5.059311491630149e-17,0
DTXSID9024699,88,0.0,0
DTXSID9024809,88,0.0,0
DTXSID9024930,88,6.928706082949948e-05,0
DTXSID9024934,88,2.0772544702418292e-19,0
DTXSID9024986,88,1.4455377486718341e-12,0
DTXSID9025035,88,3.709157564847564e-18,0
DTXSID9025110,88,0.0,0
DTXSID9025164,88,0.0,0
DTXSID9025243,88,1.4050755001573012e-11,0
DTXSID9025291,88,0.0,0
DTXSID9025293,88,1.327301170394087e-13,0
DTXSID9025297,88,0.0,0
DTXSID9025401,88,9.096062022681259e-07,0
DTXSID9025403,88,3.8849783855644306e-05,0
DTXSID9025451,88,0.0,0
DTXSID9025453,88,7.237774161368239e-06,0
DTXSID9025536,88,6.643490538119703e-07,0
DTXSID9025588,88,2.3012584994422284e-07,0
DTXSID9025796,88,5.444915134950594e-05,0
DTXSID9025873,88,4.027424889764871e-09,0
DTXSID9026130,88,0.0,0
DTXSID9026132,88,6.946626084821732e-08,0
DTXSID9026261,88,0.9119391503893622,1
DTXSID9026265,88,1.158211754371383e-09,0
DTXSID9026267,88,0.0,0
DTXSID9026342,88,2.5352818520139323e-14,0
DTXSID9026500,88,1.1281844973620034e-07,0
DTXSID9026558,88,2.0356411368632046e-08,0
DTXSID9026689,88,1.1736514784355879e-08,0
DTXSID9026712,88,9.752480592030039e-18,0
DTXSID9026841,88,2.3601975561849952e-12,0
DTXSID9026922,88,2.5285632867622698e-06,0
DTXSID9026926,88,1.8796827944206751e-06,0
DTXSID9026974,88,3.4950444107565835e-18,0
DTXSID9027021,88,2.4181267164088955e-08,0
DTXSID9027233,88,2.238485164563776e-13,0
DTXSID9027281,88,8.680355944883504e-07,0
DTXSID9027312,88,0.0051288381286434545,0
DTXSID9027360,88,5.653292169504088e-10,0
DTXSID9027364,88,5.488297580631925e-10,0
DTXSID90274132,88,0.0038675566856040764,0
DTXSID9027441,88,2.023822271920816e-13,0
DTXSID9027443,88,2.3670505948588706e-12,0
DTXSID9027520,88,2.2925428288490497e-08,0
DTXSID9027522,88,3.2082047293888416e-06,0
DTXSID9027528,88,1.1255260643965898e-08,0
DTXSID90275806,88,8.686840894116678e-11,0
DTXSID9027603,88,2.3466702112278284e-12,0
DTXSID9027653,88,8.994204561902906e-05,0
DTXSID9027738,88,5.356288945803708e-07,0
DTXSID9027863,88,4.27280527485977e-08,0
DTXSID90285748,88,4.1956212441346903e-17,0
DTXSID9029146,88,1.0243270367291562e-16,0
DTXSID9029192,88,0.0,0
DTXSID9029221,88,0.0,0
DTXSID9029223,88,0.00143167827625826,0
DTXSID9029225,88,0.012100274941072334,0
DTXSID9029302,88,1.174422227890026e-09,0
DTXSID9029304,88,1.1260466906572663e-15,0
DTXSID9029649,88,0.6639049713202687,0
DTXSID90315130,88,4.510626483498966e-14,0
DTXSID9032113,88,9.286514990845651e-08,0
DTXSID9032327,88,8.05436970492869e-14,0
DTXSID9032329,88,0.0008391956090677651,0
DTXSID9032375,88,1.297868931817191e-10,0
DTXSID9032379,88,1.067406230486668e-06,0
DTXSID9032406,88,2.9358234411918964e-10,0
DTXSID9032531,88,2.550352564311144e-09,0
DTXSID9032533,88,1.3267709476954526e-12,0
DTXSID9032535,88,2.4293851217623388e-05,0
DTXSID9032537,88,2.7047511742069708e-08,0
DTXSID9032581,88,1.2208368840115802e-05,0
DTXSID9032589,88,0.016103286824041198,0
DTXSID9032610,88,6.089864950846617e-10,0
DTXSID9033058,88,5.265001490807368e-13,0
DTXSID9033187,88,4.1190219725873615e-05,0
DTXSID9033923,88,6.973858787463004e-06,0
DTXSID9034232,88,2.4689944480846036e-18,0
DTXSID9034282,88,1.787819295424198e-08,0
DTXSID9034286,88,6.748242967239579e-09,0
DTXSID9034317,88,1.5398045283168873e-08,0
DTXSID9034361,88,5.1822418402776356e-08,0
DTXSID9034365,88,1.155506373964814e-14,0
DTXSID9034490,88,2.242506493693318e-09,0
DTXSID9034492,88,2.444895778505642e-10,0
DTXSID9034496,88,3.161955314533874e-13,0
DTXSID9034573,88,0.01890421885101466,0
DTXSID9034650,88,5.477394352509034e-05,0
DTXSID9034737,88,0.0021135877320712327,0
DTXSID9034816,88,5.977196423256298e-11,0
DTXSID9034818,88,7.252454145181482e-06,0
DTXSID9034864,88,1.7892291865330806e-12,0
DTXSID9034868,88,1.9578994305816974e-07,0
DTXSID9034997,88,0.0,0
DTXSID9035175,88,0.0,0
DTXSID9035204,88,6.808363278586074e-06,0
DTXSID9036226,88,0.0,0
DTXSID9036438,88,2.9051054342993855e-12,0
DTXSID9036515,88,0.8869360807983007,0
DTXSID9036646,88,6.013611734261324e-09,0
DTXSID9036690,88,0.0010981786406303673,0
DTXSID9036933,88,2.3402818138593454e-12,0
DTXSID90371872,88,1.1158729062512297e-12,0
DTXSID9037535,88,2.9970623175889746e-08,0
DTXSID9037539,88,1.628209626849905e-15,0
DTXSID9037616,88,1.174333158440762e-05,0
DTXSID9037741,88,0.0,0
DTXSID9037745,88,7.709553552541006e-07,0
DTXSID9037749,88,7.549505203023331e-16,0
DTXSID90382620,88,2.393475695817603e-07,0
DTXSID9038840,88,0.0,0
DTXSID9040001,88,2.3129162805044824e-05,0
DTXSID9040134,88,0.25056640188039553,0
DTXSID9040215,88,0.005042019166646302,0
DTXSID9040269,88,0.0005217588854253191,0
DTXSID9040342,88,3.6613812880488114e-08,0
DTXSID9040635,88,6.48615442103507e-15,0
DTXSID9040710,88,5.097054462120691e-05,0
DTXSID9040712,88,0.0004946537252637648,0
DTXSID9040716,88,8.897383067667065e-07,0
DTXSID9040718,88,3.1213654257718137e-07,0
DTXSID9040760,88,0.20245858122065896,0
DTXSID9041233,88,1.8683226949887365e-12,0
DTXSID9041237,88,0.0,0
DTXSID9041289,88,2.541647090506966e-12,0
DTXSID9041362,88,0.001176283096099675,0
DTXSID9041366,88,3.422840842487716e-08,0
DTXSID9041368,88,1.8827346361817483e-05,0
DTXSID9041441,88,1.5594850516031948e-07,0
DTXSID9041491,88,2.383827689667285e-06,0
DTXSID9041520,88,5.53425688958972e-12,0
DTXSID9041528,88,2.2010465904016884e-11,0
DTXSID9041570,88,1.5664615568980583e-06,0
DTXSID9041653,88,4.3605460665225675e-11,0
DTXSID9041813,88,6.31715060466948e-05,0
DTXSID9041815,88,0.0003275256473099821,0
DTXSID9041861,88,4.404894773242821e-05,0
DTXSID9042097,88,2.8156345033957958e-18,0
DTXSID9042209,88,1.2716468630264732e-08,0
DTXSID9042336,88,4.907472000826262e-08,0
DTXSID9042382,88,7.001828372742711e-05,0
DTXSID9042415,88,2.0470491419979594e-09,0
DTXSID9043855,88,4.5191705206693654e-05,0
DTXSID9043938,88,4.604564636338758e-15,0
DTXSID9044164,88,0.05620192530018884,0
DTXSID9044320,88,1.8920346571354953e-14,0
DTXSID9044370,88,8.51099987958906e-07,0
DTXSID9044372,88,5.762184448476195e-15,0
DTXSID9044374,88,4.459706538572535e-06,0
DTXSID9044403,88,0.9988561814169568,1
DTXSID9044409,88,5.706791407125084e-07,0
DTXSID9044457,88,2.7375328121469632e-06,0
DTXSID9044459,88,1.5292974316816576e-10,0
DTXSID9044532,88,3.7302789733754353e-13,0
DTXSID9044534,88,7.415693125575999e-05,0
DTXSID9044536,88,0.0018047639971017966,0
DTXSID9044538,88,2.2669917736104877e-16,0
DTXSID9044580,88,9.941265182648914e-10,0
DTXSID9044582,88,1.1568255359091572e-05,0
DTXSID9044615,88,0.0010908173527659126,0
DTXSID9044661,88,0.0001498126675936454,0
DTXSID9044663,88,0.0,0
DTXSID9044742,88,3.760622260353089e-08,0
DTXSID9044744,88,9.5497615065447e-08,0
DTXSID9044746,88,3.4936096035277584e-10,0
DTXSID9044790,88,6.498707543514242e-09,0
DTXSID9044794,88,0.0,0
DTXSID9044796,88,0.00035490337773755147,0
DTXSID9044798,88,2.4524584333127433e-07,0
DTXSID9044821,88,2.7890473787121177e-08,0
DTXSID9044823,88,0.0,0
DTXSID9044825,88,2.4185038331202393e-07,0
DTXSID9044827,88,0.00011947841337579301,0
DTXSID9044871,88,5.2075332626128056e-14,0
DTXSID9044873,88,8.085152859857109e-09,0
DTXSID9044902,88,5.553321920397444e-06,0
DTXSID9044904,88,1.3281490384299339e-06,0
DTXSID9044950,88,9.710245705772662e-12,0
DTXSID9044958,88,8.902725667555098e-09,0
DTXSID9046992,88,0.0003672151859796248,0
DTXSID9046998,88,0.0,0
DTXSID9047045,88,2.265010137071143e-08,0
DTXSID9047049,88,6.240008066635498e-20,0
DTXSID9047091,88,6.450686883133019e-09,0
DTXSID9047093,88,1.282287970669306e-09,0
DTXSID9047095,88,3.5641738227344847e-09,0
DTXSID9047099,88,9.755419202161182e-07,0
DTXSID9047120,88,5.722455014557154e-07,0
DTXSID9047124,88,3.2870872049466676e-10,0
DTXSID9047126,88,1.1065797306828126e-07,0
DTXSID9047128,88,8.696788673362309e-16,0
DTXSID9047174,88,3.1042531691844045e-06,0
DTXSID9047178,88,0.00014248756858930003,0
DTXSID9047201,88,9.023580935338508e-16,0
DTXSID9047203,88,3.3248657109055954e-17,0
DTXSID9047205,88,2.5706244596330348e-14,0
DTXSID9047251,88,3.2361047466647056e-07,0
DTXSID9047253,88,2.814201885557795e-06,0
DTXSID9047255,88,4.148555043390137e-09,0
DTXSID9047257,88,1.854796862039966e-08,0
DTXSID9047259,88,2.2504634433654476e-11,0
DTXSID9047330,88,1.7109261547942916e-05,0
DTXSID9047334,88,0.0,0
DTXSID9047338,88,0.0,0
DTXSID9047411,88,5.340432074188515e-07,0
DTXSID9047413,88,2.4394998493242637e-05,0
DTXSID9047415,88,0.0,0
DTXSID9047419,88,0.0,0
DTXSID9047461,88,0.0,0
DTXSID9047463,88,0.0005264362309418085,0
DTXSID9047465,88,0.0,0
DTXSID9047467,88,0.0,0
DTXSID9047469,88,3.5074068961695526e-11,0
DTXSID9047540,88,3.455463187448448e-05,0
DTXSID9047542,88,1.2654640549691849e-06,0
DTXSID9047546,88,1.1162324153299035e-10,0
DTXSID9047590,88,0.00038913370904093735,0
DTXSID9047592,88,0.0,0
DTXSID9047594,88,0.9898528175527299,1
DTXSID9047598,88,1.733673483764736e-05,0
DTXSID9047623,88,3.8929962703020385e-08,0
DTXSID9047629,88,6.668409934405265e-07,0
DTXSID9047679,88,7.465272048695425e-10,0
DTXSID9047700,88,0.0,0
DTXSID9047702,88,6.015089693966497e-11,0
DTXSID9047706,88,1.5633435502600075e-19,0
DTXSID9047708,88,1.1801962040171515e-08,0
DTXSID9048190,88,0.0,0
DTXSID9048192,88,3.53570317512844e-15,0
DTXSID9048194,88,3.0914316727173e-07,0
DTXSID9048196,88,8.881513088108955e-15,0
DTXSID9048198,88,1.0751998249387318e-06,0
DTXSID9048510,88,2.5471923103608735e-06,0
DTXSID9048512,88,0.9994820722939585,1
DTXSID9048514,88,2.981137700996294e-05,0
DTXSID9048516,88,4.825825886179957e-13,0
DTXSID9048518,88,9.762798088607825e-10,0
DTXSID9051454,88,0.0,0
DTXSID9051581,88,1.6004376118163806e-06,0
DTXSID9051618,88,0.0,0
DTXSID9051662,88,1.8638653667028356e-07,0
DTXSID9051824,88,5.226916090425033e-06,0
DTXSID9051907,88,0.0007119908904332071,0
DTXSID9052505,88,0.0021996559863026142,0
DTXSID9052509,88,3.5428561956595983e-12,0
DTXSID9052682,88,1.6174091412865155e-09,0
DTXSID9052846,88,3.746397829105703e-13,0
DTXSID9052890,88,0.0,0
DTXSID9052892,88,0.0,0
DTXSID9052894,88,1.2085643922073945e-09,0
DTXSID9052896,88,1.0176377236048007e-08,0
DTXSID9052898,88,8.714879928201588e-14,0
DTXSID90558000,88,0.0,0
DTXSID9057890,88,0.0,0
DTXSID9058654,88,0.0,0
DTXSID9059832,88,6.200854135409616e-10,0
DTXSID9059834,88,5.908075795939618e-07,0
DTXSID9059919,88,6.584070908993698e-15,0
DTXSID9059969,88,0.0,0
DTXSID9061881,88,0.0,0
DTXSID90858870,88,7.748948966562199e-09,0
DTXSID90858875,88,7.096602897070203e-09,0
DTXSID90858890,88,2.0036530617435284e-07,0
DTXSID90858895,88,2.3271580513439437e-05,0
DTXSID90858911,88,5.4291139128679576e-12,0
DTXSID90858916,88,9.9900740392618e-06,0
DTXSID90868151,88,2.3010360287076246e-09,0
DTXSID90872713,88,4.5881011518508095e-11,0
DTXSID90872718,88,0.0,0
DTXSID90872733,88,0.0,0
DTXSID90872738,88,6.6771825658044394e-06,0
DTXSID90872753,88,2.7872812314623955e-10,0
DTXSID90880131,88,6.535471109478847e-08,0
DTXSID90880156,88,6.247713502092573e-10,0
DTXSID90903834,88,3.906647161304665e-09,0
DTXSID90903839,88,1.836877945836627e-09,0
DTXSID90903854,88,0.0,0
DTXSID90903859,88,0.0,0
DTXSID90903874,88,0.0,0
DTXSID90903879,88,0.0,0
DTXSID90903894,88,0.0,0
