dtxsid,aeid,hitc_clean,active
DTXSID0020020,2063,0.0,0.0
DTXSID0020022,2063,0.0,0.0
DTXSID0020024,2063,0.0,0.0
DTXSID0020070,2063,0.0,0.0
DTXSID0020072,2063,0.0,0.0
DTXSID0020074,2063,0.0,0.0
DTXSID0020076,2063,0.0,0.0
DTXSID0020101,2063,0.9999814599342433,1.0
DTXSID0020105,2063,0.0,0.0
DTXSID0020107,2063,8.97729755976196e-17,0.0
DTXSID0020151,2063,0.0,0.0
DTXSID0020153,2063,0.0,0.0
DTXSID0020155,2063,0.0,0.0
DTXSID0020157,2063,0.0,0.0
DTXSID0020232,2063,0.0,0.0
DTXSID0020236,2063,0.0,0.0
DTXSID0020238,2063,0.0,0.0
DTXSID0020280,2063,0.0,0.0
DTXSID0020282,2063,0.0,0.0
DTXSID0020284,2063,0.0,0.0
DTXSID0020286,2063,0.0,0.0
DTXSID0020288,2063,0.0,0.0
DTXSID0020311,2063,0.0,0.0
DTXSID0020315,2063,0.0,0.0
DTXSID0020319,2063,1.0,1.0
DTXSID0020361,2063,0.0,0.0
DTXSID0020363,2063,6.130635970789179e-19,0.0
DTXSID0020365,2063,0.0,0.0
DTXSID0020367,2063,0.0,0.0
DTXSID0020369,2063,0.0,0.0
DTXSID0020440,2063,0.0,0.0
DTXSID0020442,2063,0.0,0.0
DTXSID0020444,2063,0.0,0.0
DTXSID0020446,2063,0.0,0.0
DTXSID0020448,2063,0.0,0.0
DTXSID0020494,2063,0.0,0.0
DTXSID0020498,2063,0.0,0.0
DTXSID0020523,2063,0.0,0.0
DTXSID0020527,2063,0.0,0.0
DTXSID0020529,2063,0.0,0.0
DTXSID0020573,2063,0.0,0.0
DTXSID0020575,2063,0.0,0.0
DTXSID0020577,2063,4.7116669798725784e-18,0.0
DTXSID0020602,2063,0.0,0.0
DTXSID0020604,2063,0.0,0.0
DTXSID0020606,2063,0.0,0.0
DTXSID0020650,2063,0.0,0.0
DTXSID0020652,2063,0.0,0.0
DTXSID0020654,2063,0.0,0.0
DTXSID0020656,2063,0.0,0.0
DTXSID0020733,2063,0.0,0.0
DTXSID0020737,2063,3.157306584338243e-09,0.0
DTXSID0020789,2063,0.0,0.0
DTXSID0020810,2063,0.0,0.0
DTXSID0020814,2063,0.0,0.0
DTXSID0020818,2063,0.0,0.0
DTXSID0020862,2063,0.0,0.0
DTXSID0020868,2063,0.0,0.0
DTXSID0020941,2063,0.0,0.0
DTXSID0020943,2063,0.0,0.0
DTXSID0021040,2063,0.0,0.0
DTXSID0021094,2063,0.0,0.0
DTXSID0021096,2063,0.0,0.0
DTXSID0021121,2063,0.0,0.0
DTXSID0021123,2063,0.0,0.0
DTXSID0021125,2063,0.9999656161154372,1.0
DTXSID0021127,2063,0.9997318606757456,1.0
DTXSID0021129,2063,0.0,0.0
DTXSID0021175,2063,0.0,0.0
DTXSID0021179,2063,0.0,0.0
DTXSID0021206,2063,0.0,0.0
DTXSID0021254,2063,0.0,0.0
DTXSID0021256,2063,0.0,0.0
DTXSID0021258,2063,0.0,0.0
DTXSID0021331,2063,0.0,0.0
DTXSID0021333,2063,2.243070725214188e-05,0.0
DTXSID0021335,2063,0.0,0.0
DTXSID0021337,2063,0.0,0.0
DTXSID0021339,2063,0.0,0.0
DTXSID0021381,2063,0.0,0.0
DTXSID0021383,2063,0.0,0.0
DTXSID0021385,2063,0.999999999923261,1.0
DTXSID0021387,2063,0.0,0.0
DTXSID0021389,2063,0.9792695789272831,1.0
DTXSID0021410,2063,0.0,0.0
DTXSID0021414,2063,2.1071007803679267e-13,0.0
DTXSID0021418,2063,0.0,0.0
DTXSID0021460,2063,0.025199180592616673,0.0
DTXSID0021462,2063,0.9999999999999989,1.0
DTXSID0021464,2063,0.9999999999949601,1.0
DTXSID0021543,2063,0.0,0.0
DTXSID0021545,2063,0.0,0.0
DTXSID0021547,2063,0.0,0.0
DTXSID0021597,2063,0.0,0.0
DTXSID0021599,2063,0.0,0.0
DTXSID0021620,2063,0.0,0.0
DTXSID0021626,2063,0.0,0.0
DTXSID0021628,2063,0.0,0.0
DTXSID0021672,2063,0.0,0.0
DTXSID0021709,2063,0.0,0.0
DTXSID0021751,2063,0.0,0.0
DTXSID0021757,2063,0.0,0.0
DTXSID0021759,2063,0.0,0.0
DTXSID0021832,2063,0.0,0.0
DTXSID0021834,2063,0.0,0.0
DTXSID0021836,2063,0.9650424055276763,1.0
DTXSID0021886,2063,0.0,0.0
DTXSID0021888,2063,0.0,0.0
DTXSID0021915,2063,0.0,0.0
DTXSID0021917,2063,0.0,0.0
DTXSID0021961,2063,0.0,0.0
DTXSID0021963,2063,0.0,0.0
DTXSID0021965,2063,0.0,0.0
DTXSID0021969,2063,0.0,0.0
DTXSID0022010,2063,0.0,0.0
DTXSID0022012,2063,0.0,0.0
DTXSID0022014,2063,0.0,0.0
DTXSID0022016,2063,0.0,0.0
DTXSID0022018,2063,0.0,0.0
DTXSID0022060,2063,0.0,0.0
DTXSID0022062,2063,0.0,0.0
DTXSID0022191,2063,0.0,0.0
DTXSID0022193,2063,0.0,0.0
DTXSID0022220,2063,0.7469964882000043,0.0
DTXSID0022301,2063,0.9907920607817939,1.0
DTXSID0022305,2063,0.0,0.0
DTXSID0022307,2063,0.0,0.0
DTXSID0022353,2063,0.9538596776353827,1.0
DTXSID0022432,2063,1.5965986197939908e-19,0.0
DTXSID0022436,2063,0.0,0.0
DTXSID0022480,2063,0.0,0.0
DTXSID0022519,2063,0.0,0.0
DTXSID0022563,2063,0.0,0.0
DTXSID0022640,2063,0.0,0.0
DTXSID0022644,2063,0.0,0.0
DTXSID0022646,2063,0.0,0.0
DTXSID0022690,2063,0.0,0.0
DTXSID0022725,2063,0.0,0.0
DTXSID0022777,2063,0.9999978020752434,1.0
DTXSID0022800,2063,0.0,0.0
DTXSID0022808,2063,0.0,0.0
DTXSID0022850,2063,0.0,0.0
DTXSID0022854,2063,0.0,0.0
DTXSID0022858,2063,0.0,0.0
DTXSID0022933,2063,0.0,0.0
DTXSID0022935,2063,0.0,0.0
DTXSID0022981,2063,0.0,0.0
DTXSID0023030,2063,0.0,0.0
DTXSID0023036,2063,0.0,0.0
DTXSID0023038,2063,0.0,0.0
DTXSID0023113,2063,0.0,0.0
DTXSID0023163,2063,0.0,0.0
DTXSID0023169,2063,0.0,0.0
DTXSID0023240,2063,0.0,0.0
DTXSID0023244,2063,0.0,0.0
DTXSID0023292,2063,0.0,0.0
DTXSID0023296,2063,0.9995499239995481,1.0
DTXSID0023298,2063,0.0,0.0
DTXSID0023323,2063,0.0,0.0
DTXSID0023329,2063,0.0,0.0
DTXSID0023371,2063,0.9998679198844866,1.0
DTXSID0023373,2063,0.0,0.0
DTXSID0023377,2063,0.0,0.0
DTXSID0023458,2063,0.0,0.0
DTXSID0023581,2063,0.0,0.0
DTXSID0023587,2063,0.0,0.0
DTXSID0023612,2063,0.0,0.0
DTXSID0023616,2063,0.0,0.0
DTXSID0023618,2063,0.0,0.0
DTXSID0023660,2063,0.0,0.0
DTXSID0023745,2063,0.0,0.0
DTXSID0023747,2063,5.930390291484334e-19,0.0
DTXSID0023749,2063,0.0,0.0
DTXSID0023826,2063,7.953431730194416e-13,0.0
DTXSID0023870,2063,4.89469771508041e-15,0.0
DTXSID0023878,2063,0.0,0.0
DTXSID0023901,2063,0.0,0.0
DTXSID0023907,2063,,
DTXSID0023909,2063,,
DTXSID0023951,2063,0.0,0.0
DTXSID0023955,2063,0.0,0.0
DTXSID0024000,2063,0.0,0.0
DTXSID0024002,2063,0.0010470587427071267,0.0
DTXSID0024052,2063,0.0,0.0
DTXSID0024183,2063,0.0,0.0
DTXSID0024185,2063,0.0,0.0
DTXSID0024216,2063,0.0,0.0
DTXSID0024266,2063,0.0,0.0
DTXSID0024341,2063,0.0,0.0
DTXSID0024345,2063,0.0,0.0
DTXSID0024395,2063,0.0,0.0
DTXSID0024397,2063,0.0,0.0
DTXSID0024399,2063,0.0,0.0
DTXSID0024470,2063,0.0,0.0
DTXSID0024474,2063,0.0,0.0
DTXSID0024478,2063,0.0,0.0
DTXSID0024501,2063,0.0,0.0
DTXSID0024503,2063,0.0,0.0
DTXSID0024505,2063,0.0,0.0
DTXSID0024507,2063,0.0,0.0
DTXSID0024509,2063,0.0,0.0
DTXSID0024553,2063,0.0,0.0
DTXSID0024555,2063,0.0,0.0
DTXSID0024559,2063,2.6885409638344874e-14,0.0
DTXSID0024638,2063,0.0,0.0
DTXSID0024715,2063,0.0,0.0
DTXSID0024761,2063,0.0,0.0
DTXSID0024840,2063,4.002653434410669e-11,0.0
DTXSID0024890,2063,0.0,0.0
DTXSID0024896,2063,0.0,0.0
DTXSID0024921,2063,0.0,0.0
DTXSID0024923,2063,0.0,0.0
DTXSID0024971,2063,0.0,0.0
DTXSID0024977,2063,0.0,0.0
DTXSID0024979,2063,0.0,0.0
DTXSID0025070,2063,0.0,0.0
DTXSID0025074,2063,0.0,0.0
DTXSID0025076,2063,1.0,1.0
DTXSID0025078,2063,0.0,0.0
DTXSID0025101,2063,0.0,0.0
DTXSID0025234,2063,,
DTXSID0025286,2063,0.0,0.0
DTXSID0025315,2063,0.0,0.0
DTXSID0025361,2063,1.2633794236735257e-16,0.0
DTXSID0025363,2063,0.0,0.0
DTXSID0025367,2063,0.0,0.0
DTXSID0025440,2063,0.0,0.0
DTXSID0025492,2063,0.0,0.0
DTXSID0025494,2063,0.0,0.0
DTXSID0025523,2063,0.0,0.0
DTXSID0025527,2063,0.0,0.0
DTXSID0025571,2063,0.0,0.0
DTXSID0025577,2063,0.0,0.0
DTXSID0025600,2063,0.9973054392832978,1.0
DTXSID0025604,2063,0.0,0.0
DTXSID0025654,2063,0.0,0.0
DTXSID0025733,2063,0.0,0.0
DTXSID0025737,2063,0.0,0.0
DTXSID0025789,2063,0.9998880703456529,1.0
DTXSID0025812,2063,0.0,0.0
DTXSID0025814,2063,0.0,0.0
DTXSID0025816,2063,0.0,0.0
DTXSID0025818,2063,0.0,0.0
DTXSID0025862,2063,0.0,0.0
DTXSID0025864,2063,0.0,0.0
DTXSID0025866,2063,0.0,0.0
DTXSID0025991,2063,2.6385456972704456e-12,0.0
DTXSID0025997,2063,0.0,0.0
DTXSID0026040,2063,0.9999999665968968,1.0
DTXSID0026098,2063,0.0,0.0
DTXSID0026125,2063,0.0,0.0
DTXSID0026171,2063,0.0025747231585017656,0.0
DTXSID0026175,2063,0.0,0.0
DTXSID0026202,2063,0.0,0.0
DTXSID0026204,2063,0.0,0.0
DTXSID0026208,2063,0.0,0.0
DTXSID0026252,2063,0.0,0.0
DTXSID0026258,2063,2.294051625353348e-18,0.0
DTXSID0026339,2063,0.0,0.0
DTXSID0026418,2063,0.0,0.0
DTXSID0026547,2063,0.0,0.0
DTXSID0026549,2063,0.0,0.0
DTXSID0026676,2063,0.0,0.0
DTXSID0026701,2063,0.0,0.0
DTXSID0026830,2063,0.0,0.0
DTXSID0026838,2063,0.0,0.0
DTXSID0026880,2063,0.0,0.0
DTXSID0026882,2063,0.0,0.0
DTXSID0026888,2063,0.0,0.0
DTXSID0026913,2063,0.0,0.0
DTXSID0026915,2063,0.0,0.0
DTXSID0026961,2063,0.0,0.0
DTXSID0026967,2063,0.0,0.0
DTXSID0027014,2063,0.0,0.0
DTXSID0027066,2063,0.0,0.0
DTXSID0027143,2063,8.445402769379415e-09,0.0
DTXSID0027149,2063,0.0,0.0
DTXSID0027191,2063,0.0,0.0
DTXSID0027195,2063,0.0,0.0
DTXSID0027197,2063,0.0,0.0
DTXSID0027222,2063,0.0,0.0
DTXSID0027228,2063,0.0,0.0
DTXSID0027270,2063,0.0,0.0
DTXSID0027301,2063,0.0,0.0
DTXSID0027309,2063,0.0,0.0
DTXSID0027432,2063,0.0,0.0
DTXSID0027436,2063,0.0,0.0
DTXSID0027438,2063,0.0,0.0
DTXSID0027486,2063,0.0,0.0
DTXSID0027513,2063,0.0,0.0
DTXSID0027515,2063,0.0,0.0
DTXSID0027561,2063,0.0,0.0
DTXSID0027565,2063,0.0,0.0
DTXSID0027567,2063,0.0,0.0
DTXSID0027640,2063,0.0,0.0
DTXSID0027721,2063,0.9999965718137805,1.0
DTXSID0027729,2063,0.0,0.0
DTXSID0027771,2063,0.9999905354576543,1.0
DTXSID0027773,2063,0.999999999999999,1.0
DTXSID0027802,2063,0.0,0.0
DTXSID0027804,2063,0.0,0.0
DTXSID0027806,2063,0.0,0.0
DTXSID0027852,2063,0.0,0.0
DTXSID0027856,2063,0.0,0.0
DTXSID0027858,2063,0.0,0.0
DTXSID0027933,2063,0.0,0.0
DTXSID0027981,2063,0.0,0.0
DTXSID0027983,2063,0.7920829437119196,0.0
DTXSID0028030,2063,0.0,0.0
DTXSID0028038,2063,0.9999545066482831,1.0
DTXSID0028323,2063,0.0,0.0
DTXSID0028618,2063,0.0,0.0
DTXSID0028666,2063,0.0,0.0
DTXSID0029133,2063,0.0,0.0
DTXSID0029187,2063,1.494440065088359e-16,0.0
DTXSID0029189,2063,0.0,0.0
DTXSID0029210,2063,0.0,0.0
DTXSID0029214,2063,0.0,0.0
DTXSID0029218,2063,0.0,0.0
DTXSID0029260,2063,0.0,0.0
DTXSID0029262,2063,0.9999680027513201,1.0
DTXSID0029474,2063,0.0,0.0
DTXSID0029559,2063,0.0,0.0
DTXSID0029688,2063,0.0,0.0
DTXSID0029761,2063,0.0,0.0
DTXSID0029848,2063,0.0,0.0
DTXSID0030162,2063,0.0,0.0
DTXSID0030588,2063,0.0,0.0
DTXSID0032029,2063,0.0,0.0
DTXSID0032077,2063,0.0,0.0
DTXSID0032314,2063,0.0,0.0
DTXSID0032316,2063,0.0,0.0
DTXSID0032493,2063,0.0,0.0
DTXSID0032497,2063,0.0,0.0
DTXSID0032520,2063,0.0,0.0
DTXSID0032572,2063,0.0,0.0
DTXSID0032578,2063,0.0,0.0
DTXSID0032601,2063,0.0,0.0
DTXSID0032605,2063,0.0,0.0
DTXSID0032651,2063,0.0,0.0
DTXSID0032655,2063,0.0,0.0
DTXSID0032811,2063,0.0,0.0
DTXSID0032813,2063,0.0,0.0
DTXSID0032869,2063,0.0,0.0
DTXSID0032998,2063,0.0,0.0
DTXSID0033047,2063,0.0,0.0
DTXSID0033332,2063,0.0,0.0
DTXSID0033334,2063,0.0,0.0
DTXSID0033382,2063,0.999999999999196,1.0
DTXSID0033469,2063,0.0,0.0
DTXSID0033673,2063,0.0,0.0
DTXSID0033754,2063,0.0,0.0
DTXSID0033960,2063,0.0,0.0
DTXSID0034192,2063,0.0,0.0
DTXSID0034223,2063,0.9999886148102908,1.0
DTXSID0034227,2063,0.0,0.0
DTXSID0034229,2063,0.0,0.0
DTXSID0034300,2063,0.0,0.0
DTXSID0034518,2063,0.0,0.0
DTXSID0034566,2063,0.9999999999780715,1.0
DTXSID0034695,2063,0.0,0.0
DTXSID0034722,2063,0.0,0.0
DTXSID0034776,2063,0.0,0.0
DTXSID0034803,2063,0.0,0.0
DTXSID0034851,2063,0.0,0.0
DTXSID0034855,2063,0.0,0.0
DTXSID0034930,2063,0.0,0.0
DTXSID0034936,2063,0.0,0.0
DTXSID0035160,2063,0.0,0.0
DTXSID0035748,2063,0.0,0.0
DTXSID0035790,2063,0.0,0.0
DTXSID0036508,2063,0.0,0.0
DTXSID0037023,2063,1.2844765331641377e-14,0.0
DTXSID0037231,2063,0.0,0.0
DTXSID0037237,2063,0.0,0.0
DTXSID0037493,2063,0.0,0.0
DTXSID0037495,2063,0.0,0.0
DTXSID0037522,2063,2.970855695499845e-09,0.0
DTXSID0037570,2063,0.0,0.0
DTXSID0037576,2063,0.0,0.0
DTXSID0037730,2063,0.9999999999999998,1.0
DTXSID0037734,2063,0.9999016273320828,1.0
DTXSID0038700,2063,0.0,0.0
DTXSID0038756,2063,0.0,0.0
DTXSID0038831,2063,0.0,0.0
DTXSID0038839,2063,0.0,0.0
DTXSID0038881,2063,0.0,0.0
DTXSID0038887,2063,,
DTXSID0039223,2063,0.0,0.0
DTXSID0039227,2063,0.0,0.0
DTXSID0040127,2063,0.0,0.0
DTXSID0040208,2063,0.8461598791081115,0.0
DTXSID0040464,2063,0.0,0.0
DTXSID0040672,2063,0.0,0.0
DTXSID0040674,2063,0.0,0.0
DTXSID0040676,2063,0.0,0.0
DTXSID0040678,2063,0.9999380781718542,1.0
DTXSID0040701,2063,0.0,0.0
DTXSID0040703,2063,0.0,0.0
DTXSID0040705,2063,0.0,0.0
DTXSID0040707,2063,0.0,0.0
DTXSID0040751,2063,0.0,0.0
DTXSID0040757,2063,4.548862514855674e-14,0.0
DTXSID0041141,2063,0.0,0.0
DTXSID0041197,2063,0.9998236671277984,1.0
DTXSID0041220,2063,,
DTXSID0041224,2063,0.0,0.0
DTXSID0041270,2063,0.0,0.0
DTXSID0041274,2063,0.9999999997734306,1.0
DTXSID0041357,2063,0.9993871782739704,1.0
DTXSID0041359,2063,0.9829709480117126,1.0
DTXSID0041436,2063,0.0,0.0
DTXSID0041484,2063,0.0,0.0
DTXSID0041513,2063,0.0,0.0
DTXSID0041517,2063,2.734743271472333e-13,0.0
DTXSID0041519,2063,0.0,0.0
DTXSID0041567,2063,6.028301721228495e-15,0.0
DTXSID0041646,2063,0.0,0.0
DTXSID0041692,2063,0.0,0.0
DTXSID0041698,2063,0.0,0.0
DTXSID0041721,2063,0.0,0.0
DTXSID0041850,2063,2.4586159623224995e-07,0.0
DTXSID0041852,2063,0.0,0.0
DTXSID0041981,2063,0.0,0.0
DTXSID0041983,2063,0.0,0.0
DTXSID0041985,2063,0.9744087046713057,1.0
DTXSID0041987,2063,0.0,0.0
DTXSID0042038,2063,0.0,0.0
DTXSID0042080,2063,0.0,0.0
DTXSID0042084,2063,0.0,0.0
DTXSID0042086,2063,0.9999985260703026,1.0
DTXSID0042117,2063,0.0,0.0
DTXSID0042167,2063,0.0,0.0
DTXSID0042169,2063,0.0,0.0
DTXSID0042242,2063,0.0,0.0
DTXSID0042248,2063,0.9996347372727167,1.0
DTXSID0042325,2063,0.0,0.0
DTXSID0042327,2063,0.0,0.0
DTXSID0042379,2063,0.0,0.0
DTXSID0042400,2063,0.0,0.0
DTXSID0042406,2063,0.0,0.0
DTXSID0042454,2063,0.0,0.0
DTXSID0042583,2063,0.0,0.0
DTXSID0042614,2063,0.0,0.0
DTXSID0043761,2063,0.0,0.0
DTXSID0043765,2063,0.0,0.0
DTXSID0043848,2063,0.0,0.0
DTXSID0043892,2063,0.0,0.0
DTXSID0043896,2063,0.0,0.0
DTXSID0044107,2063,0.0,0.0
DTXSID0044236,2063,0.0,0.0
DTXSID0044280,2063,0.0,0.0
DTXSID0044313,2063,0.0,0.0
DTXSID0044315,2063,0.0,0.0
DTXSID0044317,2063,0.0,0.0
DTXSID0044361,2063,0.0,0.0
DTXSID0044363,2063,0.0,0.0
DTXSID0044365,2063,0.0,0.0
DTXSID0044367,2063,0.9999949667836515,1.0
DTXSID0044369,2063,0.0,0.0
DTXSID0044440,2063,2.8199360999231105e-08,0.0
DTXSID0044446,2063,0.0,0.0
DTXSID0044448,2063,0.0,0.0
DTXSID0044490,2063,0.0,0.0
DTXSID0044494,2063,0.0,0.0
DTXSID0044496,2063,0.0,0.0
DTXSID0044498,2063,0.0,0.0
DTXSID0044521,2063,0.0,0.0
DTXSID0044523,2063,0.0,0.0
DTXSID0044525,2063,1.0,1.0
DTXSID0044527,2063,0.0,0.0
DTXSID0044571,2063,0.0,0.0
DTXSID0044573,2063,0.0,0.0
DTXSID0044575,2063,0.0,0.0
DTXSID0044577,2063,0.0,0.0
DTXSID0044600,2063,0.0,0.0
DTXSID0044604,2063,0.0,0.0
DTXSID0044606,2063,0.0,0.0
DTXSID0044650,2063,0.0,0.0
DTXSID0044654,2063,0.0,0.0
DTXSID0044656,2063,0.0,0.0
DTXSID0044658,2063,0.9999796759297198,1.0
DTXSID0044731,2063,0.0,0.0
DTXSID0044733,2063,0.0,0.0
DTXSID0044735,2063,0.0,0.0
DTXSID0044737,2063,0.0,0.0
DTXSID0044781,2063,0.9991292582992856,1.0
DTXSID0044783,2063,0.0,0.0
DTXSID0044785,2063,0.0,0.0
DTXSID0044787,2063,0.0,0.0
DTXSID0044810,2063,0.0,0.0
DTXSID0044812,2063,0.0,0.0
DTXSID0044816,2063,0.0,0.0
DTXSID0044818,2063,0.0,0.0
DTXSID0044860,2063,0.0,0.0
DTXSID0044862,2063,0.0,0.0
DTXSID0044868,2063,0.0,0.0
DTXSID0044941,2063,0.0,0.0
DTXSID0044943,2063,0.0,0.0
DTXSID0044945,2063,0.0,0.0
DTXSID0044947,2063,0.0,0.0
DTXSID0044949,2063,0.0,0.0
DTXSID0044993,2063,0.0,0.0
DTXSID0044995,2063,3.346028333409694e-19,0.0
DTXSID0044997,2063,0.0,0.0
DTXSID0044999,2063,0.0,0.0
DTXSID0045090,2063,0.0,0.0
DTXSID0045125,2063,0.0,0.0
DTXSID0045127,2063,0.0,0.0
DTXSID0045171,2063,0.0,0.0
DTXSID0045173,2063,0.9999999998597917,1.0
DTXSID0045175,2063,0.0,0.0
DTXSID0045179,2063,0.0,0.0
DTXSID0045202,2063,0.0,0.0
DTXSID0045204,2063,0.9999999999795891,1.0
DTXSID0045206,2063,0.0,0.0
DTXSID0045208,2063,0.0,0.0
DTXSID0045252,2063,,
DTXSID0045254,2063,0.0,0.0
DTXSID0045383,2063,0.0,0.0
DTXSID0045389,2063,0.0,0.0
DTXSID0045410,2063,0.0,0.0
DTXSID0045412,2063,0.0,0.0
DTXSID0045416,2063,0.0,0.0
DTXSID0045462,2063,0.0,0.0
DTXSID0045464,2063,0.9999436543985617,1.0
DTXSID0045466,2063,0.0,0.0
DTXSID0045543,2063,0.0,0.0
DTXSID0045547,2063,0.0,0.0
DTXSID0045591,2063,0.0,0.0
DTXSID0045595,2063,1.1961108232931346e-16,0.0
DTXSID0045597,2063,0.0,0.0
DTXSID0045624,2063,0.0,0.0
DTXSID0045626,2063,0.0,0.0
DTXSID0045670,2063,0.0,0.0
DTXSID0045674,2063,0.0,0.0
DTXSID0045676,2063,0.0,0.0
DTXSID0045701,2063,3.9708971294038736e-17,0.0
DTXSID0045703,2063,0.0,0.0
DTXSID0045705,2063,0.0,0.0
DTXSID0045707,2063,0.0,0.0
DTXSID0045709,2063,0.0,0.0
DTXSID0045753,2063,0.0,0.0
DTXSID0045832,2063,0.0,0.0
DTXSID0045836,2063,0.0,0.0
DTXSID0045838,2063,0.0,0.0
DTXSID0045880,2063,0.0,0.0
DTXSID0045886,2063,2.1261756830455115e-07,0.0
DTXSID0045888,2063,0.0,0.0
DTXSID0045963,2063,0.0,0.0
DTXSID0046016,2063,0.0,0.0
DTXSID0046060,2063,0.0,0.0
DTXSID0046066,2063,0.0,0.0
DTXSID0046145,2063,0.0,0.0
DTXSID0046147,2063,0.0,0.0
DTXSID0046193,2063,0.0,0.0
DTXSID0046195,2063,0.0,0.0
DTXSID0046222,2063,6.596184886602062e-19,0.0
DTXSID0046226,2063,0.0,0.0
DTXSID0046270,2063,0.0,0.0
DTXSID0046272,2063,0.0,0.0
DTXSID0046274,2063,0.0,0.0
DTXSID0046276,2063,0.0,0.0
DTXSID0046305,2063,0.0,0.0
DTXSID0046307,2063,0.0,0.0
DTXSID0046309,2063,4.93861699522028e-11,0.0
DTXSID0046351,2063,0.0,0.0
DTXSID0046357,2063,0.0,0.0
DTXSID0046430,2063,0.0,0.0
DTXSID0046432,2063,0.0,0.0
DTXSID0046434,2063,0.0,0.0
DTXSID0046480,2063,0.0,0.0
DTXSID0046482,2063,0.0,0.0
DTXSID0046484,2063,0.0,0.0
DTXSID0046486,2063,0.0,0.0
DTXSID0046488,2063,0.0,0.0
DTXSID0046511,2063,0.0,0.0
DTXSID0046513,2063,0.0,0.0
DTXSID0046561,2063,0.0,0.0
DTXSID0046563,2063,0.0,0.0
DTXSID0046565,2063,0.0,0.0
DTXSID0046567,2063,0.0,0.0
DTXSID0046569,2063,0.0,0.0
DTXSID0046640,2063,0.0,0.0
DTXSID0046644,2063,0.0,0.0
DTXSID0046648,2063,0.9997704458879865,1.0
DTXSID0046690,2063,0.0,0.0
DTXSID0046692,2063,0.0,0.0
DTXSID0046696,2063,0.0,0.0
DTXSID0046698,2063,0.0,0.0
DTXSID0046721,2063,0.0,0.0
DTXSID0046725,2063,0.0,0.0
DTXSID0046727,2063,0.0,0.0
DTXSID0046804,2063,0.0,0.0
DTXSID0046850,2063,0.0,0.0
DTXSID0046989,2063,0.0,0.0
DTXSID0047030,2063,0.0,0.0
DTXSID0047032,2063,0.0,0.0
DTXSID0047034,2063,0.0,0.0
DTXSID0047036,2063,0.0,0.0
DTXSID0047038,2063,0.0,0.0
DTXSID0047080,2063,0.0,0.0
DTXSID0047082,2063,0.0,0.0
DTXSID0047084,2063,0.0,0.0
DTXSID0047086,2063,0.0,0.0
DTXSID0047088,2063,0.0,0.0
DTXSID0047111,2063,0.009215548294920238,0.0
DTXSID0047113,2063,0.0,0.0
DTXSID0047115,2063,0.0,0.0
DTXSID0047117,2063,0.0,0.0
DTXSID0047161,2063,0.0,0.0
DTXSID0047163,2063,0.0,0.0
DTXSID0047165,2063,0.0,0.0
DTXSID0047167,2063,0.0,0.0
DTXSID0047169,2063,0.0,0.0
DTXSID0047242,2063,6.964116951538072e-16,0.0
DTXSID0047244,2063,0.0,0.0
DTXSID0047246,2063,0.9999995687266348,1.0
DTXSID0047248,2063,2.407406363537349e-15,0.0
DTXSID0047290,2063,0.0,0.0
DTXSID0047292,2063,0.0,0.0
DTXSID0047294,2063,0.0,0.0
DTXSID0047296,2063,0.0,0.0
DTXSID0047325,2063,4.172434647557924e-15,0.0
DTXSID0047327,2063,0.0,0.0
DTXSID0047371,2063,0.9998433818514852,1.0
DTXSID0047375,2063,0.0,0.0
DTXSID0047377,2063,0.9999999991076263,1.0
DTXSID0047379,2063,0.999997564309947,1.0
DTXSID0047400,2063,0.0,0.0
DTXSID0047404,2063,0.0,0.0
DTXSID0047406,2063,0.0,0.0
DTXSID0047408,2063,0.0,0.0
DTXSID0047450,2063,0.9999999951678967,1.0
DTXSID0047454,2063,0.0,0.0
DTXSID0047456,2063,0.0,0.0
DTXSID0047533,2063,0.0,0.0
DTXSID0047535,2063,0.0,0.0
DTXSID0047537,2063,0.0,0.0
DTXSID0047539,2063,0.0,0.0
DTXSID0047581,2063,0.0,0.0
DTXSID0047585,2063,0.0,0.0
DTXSID0047587,2063,0.0,0.0
DTXSID0047589,2063,0.0,0.0
DTXSID0047610,2063,0.0,0.0
DTXSID0047614,2063,0.0,0.0
DTXSID0047618,2063,0.0,0.0
DTXSID0047660,2063,1.8054286592110767e-16,0.0
DTXSID0047662,2063,0.0,0.0
DTXSID0047741,2063,0.0,0.0
DTXSID0047745,2063,0.0,0.0
DTXSID0047749,2063,0.0,0.0
DTXSID0047797,2063,0.9999999998667872,1.0
DTXSID0047799,2063,0.0,0.0
DTXSID0047822,2063,0.0,0.0
DTXSID0047828,2063,0.0,0.0
DTXSID0047870,2063,0.0,0.0
DTXSID0047872,2063,0.0,0.0
DTXSID0047874,2063,4.451068538924572e-19,0.0
DTXSID0047876,2063,0.0,0.0
DTXSID0047878,2063,0.0,0.0
DTXSID0047901,2063,0.0,0.0
DTXSID0047903,2063,0.0,0.0
DTXSID0047905,2063,0.0,0.0
DTXSID0047907,2063,0.0,0.0
DTXSID0047909,2063,3.145044148529009e-16,0.0
DTXSID0047951,2063,8.166308154941244e-17,0.0
DTXSID0047953,2063,0.9999999999998446,1.0
DTXSID0047955,2063,1.4536844312959978e-12,0.0
DTXSID0047957,2063,0.9999986209602717,1.0
DTXSID0047959,2063,0.0,0.0
DTXSID0048181,2063,0.0,0.0
DTXSID0048183,2063,0.0,0.0
DTXSID0048185,2063,0.999999879397689,1.0
DTXSID0048187,2063,0.0,0.0
DTXSID0048189,2063,0.9999999999923765,1.0
DTXSID0048210,2063,0.0,0.0
DTXSID0048505,2063,0.010481402878052042,0.0
DTXSID0048507,2063,0.0,0.0
DTXSID0048509,2063,0.0,0.0
DTXSID0048632,2063,0.9999474564336829,1.0
DTXSID0048636,2063,0.0,0.0
DTXSID0048638,2063,0.0,0.0
DTXSID0048680,2063,5.432319098424564e-15,0.0
DTXSID0048684,2063,0.9999987691254637,1.0
DTXSID0048686,2063,0.0,0.0
DTXSID0048713,2063,0.0,0.0
DTXSID0048717,2063,4.566133917695491e-19,0.0
DTXSID0048840,2063,0.0,0.0
DTXSID0048842,2063,0.9984025176383409,1.0
DTXSID0048844,2063,0.0,0.0
DTXSID0048846,2063,0.0,0.0
DTXSID0048848,2063,0.0,0.0
DTXSID0048890,2063,0.0,0.0
DTXSID0048892,2063,0.0,0.0
DTXSID0048894,2063,0.0,0.0
DTXSID0048896,2063,0.0,0.0
DTXSID0048898,2063,0.0,0.0
DTXSID0048921,2063,0.0,0.0
DTXSID0048927,2063,0.0,0.0
DTXSID0048929,2063,0.0,0.0
DTXSID0048975,2063,0.0,0.0
DTXSID0049022,2063,0.0,0.0
DTXSID0049076,2063,0.0,0.0
DTXSID0049078,2063,0.0,0.0
DTXSID0049230,2063,0.0,0.0
DTXSID0049232,2063,0.0,0.0
DTXSID0049234,2063,0.0,0.0
DTXSID0049236,2063,0.0,0.0
DTXSID0049238,2063,0.0,0.0
DTXSID0049280,2063,0.0,0.0
DTXSID0049282,2063,0.0,0.0
DTXSID0049284,2063,0.0,0.0
DTXSID0049286,2063,0.0,0.0
DTXSID0049288,2063,0.0,0.0
DTXSID0049311,2063,0.0,0.0
DTXSID0049313,2063,0.0,0.0
DTXSID0049315,2063,1.8109350713011385e-14,0.0
DTXSID0049317,2063,0.0,0.0
DTXSID0049319,2063,0.0,0.0
DTXSID0049361,2063,0.0,0.0
DTXSID0049363,2063,0.0,0.0
DTXSID0049365,2063,0.0,0.0
DTXSID0049367,2063,0.0,0.0
DTXSID0049369,2063,0.0,0.0
DTXSID0049446,2063,0.0,0.0
DTXSID0049448,2063,0.0,0.0
DTXSID0049490,2063,0.0,0.0
DTXSID0049492,2063,0.0,0.0
DTXSID0049494,2063,0.0,0.0
DTXSID0049496,2063,0.0,0.0
DTXSID0049498,2063,0.0,0.0
DTXSID0049521,2063,0.0,0.0
DTXSID0049523,2063,0.0,0.0
DTXSID0049525,2063,0.0,0.0
DTXSID0049527,2063,0.0,0.0
DTXSID0049529,2063,0.0,0.0
DTXSID0050423,2063,0.0,0.0
DTXSID0051447,2063,9.656783812971212e-14,0.0
DTXSID0051493,2063,0.0,0.0
DTXSID0051497,2063,0.0,0.0
DTXSID0051499,2063,0.0,0.0
DTXSID0051570,2063,0.0,0.0
DTXSID0051574,2063,0.0,0.0
DTXSID0051732,2063,0.0,0.0
DTXSID0051736,2063,0.0,0.0
DTXSID0051738,2063,1.118457524676037e-13,0.0
DTXSID0051782,2063,0.0,0.0
DTXSID0051863,2063,0.0,0.0
DTXSID0051944,2063,0.0,0.0
DTXSID0051996,2063,0.0,0.0
DTXSID0052043,2063,0.0,0.0
DTXSID0052124,2063,0.0,0.0
DTXSID0052463,2063,4.671042547418142e-09,0.0
DTXSID0052542,2063,0.0,0.0
DTXSID0052590,2063,0.0,0.0
DTXSID0052594,2063,0.0,0.0
DTXSID0052596,2063,0.0,0.0
DTXSID0052598,2063,0.0,0.0
DTXSID0052621,2063,0.0,0.0
DTXSID0052629,2063,0.0,0.0
DTXSID0052833,2063,0.0,0.0
DTXSID0052837,2063,0.0,0.0
DTXSID0052839,2063,0.0,0.0
DTXSID0057621,2063,0.0,0.0
DTXSID0057623,2063,0.0,0.0
DTXSID0057625,2063,0.9874808815875641,1.0
DTXSID0057627,2063,0.0,0.0
DTXSID0057629,2063,0.0,0.0
DTXSID0057671,2063,0.0,0.0
DTXSID0057673,2063,0.0,0.0
DTXSID0057677,2063,0.0,0.0
DTXSID0057679,2063,0.0,0.0
DTXSID0057700,2063,0.0,0.0
DTXSID0057702,2063,0.0,0.0
DTXSID0057704,2063,0.0,0.0
DTXSID0057706,2063,0.0,0.0
DTXSID0057708,2063,0.0,0.0
DTXSID0057750,2063,0.0,0.0
DTXSID0057752,2063,0.0,0.0
DTXSID0057754,2063,0.0,0.0
DTXSID0057756,2063,0.0,0.0
DTXSID0057758,2063,1.1025467887126035e-12,0.0
DTXSID0057831,2063,2.3661501509156027e-16,0.0
DTXSID0057833,2063,0.0,0.0
DTXSID0057835,2063,0.0,0.0
DTXSID0057837,2063,0.0,0.0
DTXSID0057839,2063,0.0,0.0
DTXSID1020015,2063,0.0,0.0
DTXSID1020063,2063,0.0,0.0
DTXSID1020069,2063,0.9908225253967562,1.0
DTXSID1020140,2063,0.0,0.0
DTXSID1020142,2063,0.0,0.0
DTXSID1020144,2063,0.0,0.0
DTXSID1020146,2063,0.0,0.0
DTXSID1020148,2063,0.0,0.0
DTXSID1020190,2063,0.0,0.0
DTXSID1020194,2063,0.0,0.0
DTXSID1020198,2063,2.94470853718347e-16,0.0
DTXSID1020221,2063,7.148862448337525e-20,0.0
DTXSID1020223,2063,0.0,0.0
DTXSID1020275,2063,5.3248489233764586e-11,0.0
DTXSID1020279,2063,9.960377775734022e-15,0.0
DTXSID1020300,2063,0.0,0.0
DTXSID1020306,2063,0.0,0.0
DTXSID1020308,2063,0.0,0.0
DTXSID1020350,2063,0.0,0.0
DTXSID1020352,2063,0.0,0.0
DTXSID1020354,2063,0.0,0.0
DTXSID1020358,2063,0.0,0.0
DTXSID1020431,2063,0.0,0.0
DTXSID1020433,2063,0.0008184949420403003,0.0
DTXSID1020437,2063,4.534668514058345e-15,0.0
DTXSID1020439,2063,0.0,0.0
DTXSID1020483,2063,0.0,0.0
DTXSID1020485,2063,0.999949911235455,1.0
DTXSID1020510,2063,0.9993680465333084,1.0
DTXSID1020512,2063,7.967727388315388e-19,0.0
DTXSID1020516,2063,0.0,0.0
DTXSID1020560,2063,0.9999978467679206,1.0
DTXSID1020562,2063,0.0,0.0
DTXSID1020566,2063,0.0,0.0
DTXSID1020647,2063,0.0,0.0
DTXSID1020697,2063,0.999992719375237,1.0
DTXSID1020699,2063,0.9999925218092862,1.0
DTXSID1020728,2063,0.0,0.0
DTXSID1020770,2063,0.9999999987417638,1.0
DTXSID1020778,2063,0.0,0.0
DTXSID1020803,2063,0.0,0.0
DTXSID1020805,2063,0.0,0.0
DTXSID1020807,2063,0.0,0.0
DTXSID1020809,2063,0.0,0.0
DTXSID1020855,2063,0.011976812543628269,0.0
DTXSID1020857,2063,0.0,0.0
DTXSID1020859,2063,0.0,0.0
DTXSID1020930,2063,0.0,0.0
DTXSID1020932,2063,0.0,0.0
DTXSID1020980,2063,0.0,0.0
DTXSID1020982,2063,0.0,0.0
DTXSID1020984,2063,0.0,0.0
DTXSID1021031,2063,0.9999941443216706,1.0
DTXSID1021039,2063,0.0,0.0
DTXSID1021081,2063,0.0,0.0
DTXSID1021087,2063,0.0,0.0
DTXSID1021089,2063,0.0,0.0
DTXSID1021114,2063,0.0,0.0
DTXSID1021116,2063,0.0,0.0
DTXSID1021118,2063,2.6854311727734013e-09,0.0
DTXSID1021160,2063,0.0,0.0
DTXSID1021162,2063,0.0,0.0
DTXSID1021164,2063,0.0,0.0
DTXSID1021166,2063,0.0,0.0
DTXSID1021168,2063,0.0007044524438932489,0.0
DTXSID1021241,2063,0.0,0.0
DTXSID1021243,2063,0.9144934015940703,1.0
DTXSID1021247,2063,0.6038478804185119,0.0
DTXSID1021291,2063,0.0,0.0
DTXSID1021299,2063,0.9599346887316637,1.0
DTXSID1021320,2063,0.9734611115097836,1.0
DTXSID1021322,2063,0.0,0.0
DTXSID1021328,2063,0.0,0.0
DTXSID1021372,2063,0.0,0.0
DTXSID1021374,2063,0.0,0.0
DTXSID1021378,2063,0.0,0.0
DTXSID1021403,2063,0.0,0.0
DTXSID1021405,2063,0.0,0.0
DTXSID1021409,2063,1.0,1.0
DTXSID1021455,2063,0.0,0.0
DTXSID1021530,2063,0.0,0.0
DTXSID1021584,2063,0.0,0.0
DTXSID1021586,2063,0.0,0.0
DTXSID1021615,2063,0.0,0.0
DTXSID1021617,2063,0.0,0.0
DTXSID1021619,2063,0.0,0.0
DTXSID1021665,2063,0.0,0.0
DTXSID1021667,2063,0.9999998443640065,1.0
DTXSID1021740,2063,0.0,0.0
DTXSID1021744,2063,0.0,0.0
DTXSID1021790,2063,0.0,0.0
DTXSID1021792,2063,0.0,0.0
DTXSID1021798,2063,0.0,0.0
DTXSID1021821,2063,0.0,0.0
DTXSID1021823,2063,4.3045443998413434e-13,0.0
DTXSID1021827,2063,0.0,0.0
DTXSID1021871,2063,0.0,0.0
DTXSID1021873,2063,0.0,0.0
DTXSID1021877,2063,0.0,0.0
DTXSID1021879,2063,0.0,0.0
DTXSID1021902,2063,0.0,0.0
DTXSID1021904,2063,0.0,0.0
DTXSID1021952,2063,0.0,0.0
DTXSID1021956,2063,0.0,0.0
DTXSID1021958,2063,0.0,0.0
DTXSID1022001,2063,0.0,0.0
DTXSID1022003,2063,0.0,0.0
DTXSID1022007,2063,0.0,0.0
DTXSID1022009,2063,0.0,0.0
DTXSID1022051,2063,0.0,0.0
DTXSID1022053,2063,0.0,0.0
DTXSID1022055,2063,0.0,0.0
DTXSID1022057,2063,0.0,0.0
DTXSID1022130,2063,0.0,0.0
DTXSID1022138,2063,0.0,0.0
DTXSID1022180,2063,0.0,0.0
DTXSID1022186,2063,0.0,0.0
DTXSID1022188,2063,0.0,0.0
DTXSID1022217,2063,0.0,0.0
DTXSID1022265,2063,0.0,0.0
DTXSID1022267,2063,0.0,0.0
DTXSID1022394,2063,0.9533807418524295,1.0
DTXSID1022396,2063,0.8312710843188955,0.0
DTXSID1022421,2063,0.0,0.0
DTXSID1022425,2063,0.0,0.0
DTXSID1022479,2063,0.0,0.0
DTXSID1022508,2063,0.9999999999349872,1.0
DTXSID1022556,2063,0.0,0.0
DTXSID1022558,2063,0.0,0.0
DTXSID1022635,2063,0.0,0.0
DTXSID1022681,2063,0.0,0.0
DTXSID1022683,2063,0.0,0.0
DTXSID1022718,2063,0.0,0.0
DTXSID1022764,2063,0.0,0.0
DTXSID1022843,2063,0.9999985453715093,1.0
DTXSID1022897,2063,0.0,0.0
DTXSID1022926,2063,0.0,0.0
DTXSID1022974,2063,5.399844344198228e-13,0.0
DTXSID1022978,2063,0.0,0.0
DTXSID1023021,2063,0.0,0.0
DTXSID1023071,2063,0.0,0.0
DTXSID1023102,2063,0.0,0.0
DTXSID1023150,2063,0.0,0.0
DTXSID1023158,2063,0.0,0.0
DTXSID1023231,2063,0.0,0.0
DTXSID1023235,2063,0.0,0.0
DTXSID1023239,2063,0.0,0.0
DTXSID1023283,2063,0.0,0.0
DTXSID1023314,2063,0.0,0.0
DTXSID1023362,2063,0.0,0.0
DTXSID1023364,2063,0.0,0.0
DTXSID1023368,2063,0.0,0.0
DTXSID1023441,2063,0.0,0.0
DTXSID1023495,2063,0.0,0.0
DTXSID1023497,2063,0.0,0.0
DTXSID1023572,2063,0.0,0.0
DTXSID1023603,2063,0.0,0.0
DTXSID1023605,2063,0.0,0.0
DTXSID1023607,2063,0.0,0.0
DTXSID1023609,2063,0.0,0.0
DTXSID1023730,2063,0.0,0.0
DTXSID1023736,2063,0.0,0.0
DTXSID1023786,2063,0.0,0.0
DTXSID1023815,2063,0.0,0.0
DTXSID1023817,2063,0.9999921629269932,1.0
DTXSID1023819,2063,0.0,0.0
DTXSID1023869,2063,0.0,0.0
DTXSID1023990,2063,0.0,0.0
DTXSID1023996,2063,0.0,0.0
DTXSID1023998,2063,5.974857597843572e-05,0.0
DTXSID1024045,2063,0.0,0.0
DTXSID1024049,2063,8.768800121943704e-13,0.0
DTXSID1024091,2063,0.0,0.0
DTXSID1024097,2063,0.0,0.0
DTXSID1024124,2063,0.0,0.0
DTXSID1024126,2063,0.9902468819301226,1.0
DTXSID1024128,2063,0.0,0.0
DTXSID1024170,2063,0.0,0.0
DTXSID1024174,2063,1.1265053920774247e-13,0.0
DTXSID1024176,2063,0.0,0.0
DTXSID1024209,2063,0.9782668269792727,1.0
DTXSID1024255,2063,0.0,0.0
DTXSID1024259,2063,2.57066554634049e-09,0.0
DTXSID1024334,2063,0.0,0.0
DTXSID1024338,2063,1.7105612232270869e-15,0.0
DTXSID1024413,2063,0.0,0.0
DTXSID1024463,2063,0.0,0.0
DTXSID1024465,2063,0.7029967858095628,0.0
DTXSID1024467,2063,0.0,0.0
DTXSID1024598,2063,0.0,0.0
DTXSID1024621,2063,0.0,0.0
DTXSID1024625,2063,0.0,0.0
DTXSID1024629,2063,0.0,0.0
DTXSID1024702,2063,0.0,0.0
DTXSID1024704,2063,0.0,0.0
DTXSID1024831,2063,0.0,0.0
DTXSID1024835,2063,0.0,0.0
DTXSID1024837,2063,0.0,0.0
DTXSID1024881,2063,0.0,0.0
DTXSID1024885,2063,0.0,0.0
DTXSID1024887,2063,0.0002504678292701967,0.0
DTXSID1024912,2063,0.0,0.0
DTXSID1024916,2063,0.0,0.0
DTXSID1024918,2063,0.0,0.0
DTXSID1024966,2063,0.0,0.0
DTXSID1025013,2063,0.0,0.0
DTXSID1025017,2063,0.0,0.0
DTXSID1025063,2063,0.0,0.0
DTXSID1025065,2063,1.0,1.0
DTXSID1025148,2063,0.0,0.0
DTXSID1025221,2063,0.0,0.0
DTXSID1025271,2063,0.0,0.0
DTXSID1025279,2063,0.0,0.0
DTXSID1025300,2063,9.155091887440634e-19,0.0
DTXSID1025302,2063,0.0,0.0
DTXSID1025304,2063,0.0,0.0
DTXSID1025306,2063,0.0,0.0
DTXSID1025308,2063,0.0,0.0
DTXSID1025431,2063,0.0,0.0
DTXSID1025433,2063,0.0,0.0
DTXSID1025437,2063,0.0,0.0
DTXSID1025481,2063,0.0,0.0
DTXSID1025483,2063,0.0,0.0
DTXSID1025485,2063,0.9999632661177431,1.0
DTXSID1025512,2063,0.9999999999999798,1.0
DTXSID1025560,2063,0.0,0.0
DTXSID1025641,2063,0.0,0.0
DTXSID1025649,2063,0.0,0.0
DTXSID1025693,2063,0.0,0.0
DTXSID1025722,2063,0.0,0.0
DTXSID1025724,2063,0.0,0.0
DTXSID1025726,2063,0.0,0.0
DTXSID1025770,2063,0.0,0.0
DTXSID1025774,2063,0.0,0.0
DTXSID1025776,2063,0.0,0.0
DTXSID1025805,2063,0.999999859008265,1.0
DTXSID1025807,2063,8.546243649698068e-08,0.0
DTXSID1025809,2063,0.0,0.0
DTXSID1025851,2063,0.0,0.0
DTXSID1025857,2063,5.393434032832741e-05,0.0
DTXSID1025930,2063,0.0,0.0
DTXSID1025934,2063,0.0,0.0
DTXSID1026031,2063,0.3821934161311311,0.0
DTXSID1026033,2063,0.0,0.0
DTXSID1026035,2063,0.0,0.0
DTXSID1026081,2063,0.99999570565626,1.0
DTXSID1026083,2063,0.0,0.0
DTXSID1026089,2063,0.0,0.0
DTXSID1026112,2063,0.0,0.0
DTXSID1026118,2063,0.0,0.0
DTXSID1026164,2063,0.0,0.0
DTXSID1026241,2063,0.7571305483153513,0.0
DTXSID1026293,2063,0.0,0.0
DTXSID1026457,2063,0.0,0.0
DTXSID1026536,2063,0.0,0.0
DTXSID1026615,2063,0.0,0.0
DTXSID1026619,2063,0.0,0.0
DTXSID1026661,2063,0.0,0.0
DTXSID1026665,2063,0.0,0.0
DTXSID1026667,2063,0.0,0.0
DTXSID1026740,2063,0.0,0.0
DTXSID1026792,2063,0.0,0.0
DTXSID1026796,2063,0.0,0.0
DTXSID1026879,2063,0.0,0.0
DTXSID1026900,2063,0.9986906543706445,1.0
DTXSID1026902,2063,0.9999998288256098,1.0
DTXSID1026904,2063,0.0,0.0
DTXSID1026906,2063,0.0,0.0
DTXSID1026908,2063,0.0,0.0
DTXSID1026954,2063,0.0,0.0
DTXSID1027007,2063,0.0,0.0
DTXSID1027134,2063,0.9999814877723898,1.0
DTXSID1027184,2063,0.0,0.0
DTXSID1027186,2063,0.0,0.0
DTXSID1027188,2063,0.0,0.0
DTXSID1027211,2063,0.0,0.0
DTXSID1027219,2063,0.0,0.0
DTXSID1027263,2063,0.0,0.0
DTXSID1027265,2063,0.0,0.0
DTXSID1027267,2063,0.0,0.0
DTXSID1027269,2063,0.0,0.0
DTXSID1027342,2063,0.0,0.0
DTXSID1027344,2063,0.0,0.0
DTXSID1027346,2063,4.026578101829325e-17,0.0
DTXSID1027390,2063,0.0,0.0
DTXSID1027394,2063,0.0,0.0
DTXSID1027425,2063,0.0,0.0
DTXSID1027427,2063,0.0,0.0
DTXSID1027429,2063,0.0,0.0
DTXSID1027471,2063,0.0,0.0
DTXSID1027479,2063,3.550592444498112e-19,0.0
DTXSID1027500,2063,0.0,0.0
DTXSID1027502,2063,0.0,0.0
DTXSID1027504,2063,0.0,0.0
DTXSID1027506,2063,4.2114138661915044e-16,0.0
DTXSID1027550,2063,0.0,0.0
DTXSID1027556,2063,0.0,0.0
DTXSID1027558,2063,0.0,0.0
DTXSID1027633,2063,0.0,0.0
DTXSID1027635,2063,0.0,0.0
DTXSID1027639,2063,0.0,0.0
DTXSID1027714,2063,0.9999999999804863,1.0
DTXSID1027716,2063,0.0,0.0
DTXSID1027764,2063,0.0,0.0
DTXSID1027768,2063,0.0,0.0
DTXSID1027841,2063,0.0,0.0
DTXSID1027891,2063,0.9999984195743282,1.0
DTXSID1027899,2063,0.0,0.0
DTXSID1027920,2063,0.0,0.0
DTXSID1027924,2063,7.730250270810833e-14,0.0
DTXSID1027926,2063,0.9999999999874644,1.0
DTXSID1027928,2063,0.0,0.0
DTXSID1027970,2063,0.0,0.0
DTXSID1027974,2063,0.0,0.0
DTXSID1027978,2063,0.0,0.0
DTXSID1029120,2063,0.0,0.0
DTXSID1029122,2063,0.0,0.0
DTXSID1029124,2063,0.0,0.0
DTXSID1029128,2063,0.0,0.0
DTXSID1029170,2063,2.5906982500681807e-19,0.0
DTXSID1029201,2063,0.0,0.0
DTXSID1029203,2063,0.0,0.0
DTXSID1029207,2063,0.0,0.0
DTXSID1029251,2063,0.0,0.0
DTXSID1029255,2063,0.0,0.0
DTXSID1029338,2063,0.0,0.0
DTXSID1029629,2063,0.0,0.0
DTXSID1029671,2063,0.0,0.0
DTXSID1029677,2063,0.0,0.0
DTXSID1029679,2063,0.0,0.0
DTXSID1029889,2063,0.0,0.0
DTXSID1029910,2063,0.0,0.0
DTXSID1030317,2063,0.0,0.0
DTXSID1030319,2063,1.7960953441550738e-08,0.0
DTXSID1030604,2063,0.0,0.0
DTXSID1030606,2063,0.0,0.0
DTXSID1031460,2063,0.0,0.0
DTXSID1031462,2063,0.0,0.0
DTXSID1031591,2063,0.0,0.0
DTXSID1031626,2063,0.0,0.0
DTXSID1032278,2063,0.0,0.0
DTXSID1032303,2063,0.0,0.0
DTXSID1032305,2063,0.0,0.0
DTXSID1032309,2063,0.0,0.0
DTXSID1032355,2063,0.0,0.0
DTXSID1032359,2063,0.0,0.0
DTXSID1032482,2063,0.0,0.0
DTXSID1032484,2063,0.8934795694555446,0.0
DTXSID1032488,2063,0.0,0.0
DTXSID1032511,2063,0.0,0.0
DTXSID1032513,2063,0.0,0.0
DTXSID1032519,2063,0.0,0.0
DTXSID1032569,2063,0.0,0.0
DTXSID1032640,2063,0.0,0.0
DTXSID1032642,2063,0.0,0.0
DTXSID1032646,2063,1.207514047366845e-13,0.0
DTXSID1032648,2063,0.8165452203254997,0.0
DTXSID1032690,2063,0.024022285520755436,0.0
DTXSID1033161,2063,0.0,0.0
DTXSID1033163,2063,0.0,0.0
DTXSID1033371,2063,0.0,0.0
DTXSID1033402,2063,0.0,0.0
DTXSID1033539,2063,0.0,0.0
DTXSID1033664,2063,0.0,0.0
DTXSID1033876,2063,0.0,0.0
DTXSID1034181,2063,0.9999931117943299,1.0
DTXSID1034187,2063,0.9999999968117248,1.0
DTXSID1034210,2063,0.9999999999719265,1.0
DTXSID1034212,2063,0.0,0.0
DTXSID1034260,2063,0.0,0.0
DTXSID1034501,2063,0.014069727657390878,0.0
DTXSID1034503,2063,0.0,0.0
DTXSID1034634,2063,0.00011653630940909571,0.0
DTXSID1034769,2063,0.0,0.0
DTXSID1034844,2063,0.0,0.0
DTXSID1034929,2063,1.2090381102136965e-07,0.0
DTXSID1034973,2063,0.0,0.0
DTXSID1035286,2063,0.0,0.0
DTXSID1035288,2063,0.0,0.0
DTXSID1035783,2063,0.0,0.0
DTXSID1036541,2063,0.0,0.0
DTXSID1036545,2063,6.688342053544946e-12,0.0
DTXSID1037197,2063,0.0,0.0
DTXSID1037224,2063,0.9996962984320537,1.0
DTXSID1037272,2063,0.0,0.0
DTXSID1037303,2063,0.0,0.0
DTXSID1037511,2063,9.861942443591911e-16,0.0
DTXSID1037515,2063,0.0,0.0
DTXSID1037565,2063,0.0,0.0
DTXSID1037567,2063,0.0,0.0
DTXSID1037696,2063,0.0,0.0
DTXSID1037806,2063,0.0,0.0
DTXSID1038298,2063,0.00031213694689331866,0.0
DTXSID1038321,2063,0.0,0.0
DTXSID1038666,2063,0.9999998714588056,1.0
DTXSID1038743,2063,1.0517721676462367e-05,0.0
DTXSID1038795,2063,0.0,0.0
DTXSID1038822,2063,0.0,0.0
DTXSID1038824,2063,0.0,0.0
DTXSID1038876,2063,1.2105095606581984e-12,0.0
DTXSID1039719,2063,0.0,0.0
DTXSID1040110,2063,0.0,0.0
DTXSID1040112,2063,0.0,0.0
DTXSID1040114,2063,0.0,0.0
DTXSID1040164,2063,0.0,0.0
DTXSID1040243,2063,0.0,0.0
DTXSID1040245,2063,0.0,0.0
DTXSID1040295,2063,0.0,0.0
DTXSID1040320,2063,4.781604843804703e-05,0.0
DTXSID1040324,2063,0.0,0.0
DTXSID1040326,2063,0.0,0.0
DTXSID1040372,2063,0.0,0.0
DTXSID1040611,2063,2.475328962690649e-14,0.0
DTXSID1040619,2063,0.9999999999831282,1.0
DTXSID1040661,2063,0.0,0.0
DTXSID1040740,2063,2.2470986632287574e-13,0.0
DTXSID1040742,2063,0.0,0.0
DTXSID1040792,2063,0.0,0.0
DTXSID1040794,2063,0.0,0.0
DTXSID1041132,2063,,
DTXSID1041180,2063,0.0,0.0
DTXSID1041184,2063,3.9647704991664975e-13,0.0
DTXSID1041188,2063,3.2969050368533914e-06,0.0
DTXSID1041217,2063,0.0,0.0
DTXSID1041261,2063,0.0,0.0
DTXSID1041263,2063,0.0,0.0
DTXSID1041265,2063,1.7841365124319887e-14,0.0
DTXSID1041267,2063,0.0,0.0
DTXSID1041269,2063,6.232971998275951e-06,0.0
DTXSID1041346,2063,0.0,0.0
DTXSID1041396,2063,0.0,0.0
DTXSID1041421,2063,0.0,0.0
DTXSID1041423,2063,0.0,0.0
DTXSID1041425,2063,0.0,0.0
DTXSID1041502,2063,0.9999999991491343,1.0
DTXSID1041506,2063,0.6688041876326171,0.0
DTXSID1041508,2063,0.0,0.0
DTXSID1041550,2063,0.0,0.0
DTXSID1041639,2063,0.0,0.0
DTXSID1041681,2063,0.9963050648883448,1.0
DTXSID1041683,2063,0.0009976090154055206,0.0
DTXSID1041847,2063,0.0,0.0
DTXSID1041891,2063,0.0,0.0
DTXSID1041897,2063,0.9894005146643864,1.0
DTXSID1041920,2063,0.0,0.0
DTXSID1041970,2063,0.0,0.0
DTXSID1041978,2063,1.4099930548515582e-09,0.0
DTXSID1042077,2063,0.0,0.0
DTXSID1042154,2063,0.999999999936119,1.0
DTXSID1042281,2063,0.0,0.0
DTXSID1042285,2063,0.0,0.0
DTXSID1042360,2063,0.0,0.0
DTXSID1042364,2063,0.0,0.0
DTXSID1042441,2063,0.0,0.0
DTXSID1042443,2063,0.0,0.0
DTXSID1042445,2063,0.0,0.0
DTXSID1042491,2063,0.0,0.0
DTXSID1042499,2063,0.9999999999999996,1.0
DTXSID1042570,2063,0.9999889565363422,1.0
DTXSID1042574,2063,0.0,0.0
DTXSID1043839,2063,0.0,0.0
DTXSID1043881,2063,0.0,0.0
DTXSID1043910,2063,0.0,0.0
DTXSID1044196,2063,3.291429655884087e-12,0.0
DTXSID1044198,2063,0.0,0.0
DTXSID1044221,2063,0.0,0.0
DTXSID1044223,2063,0.0,0.0
DTXSID1044227,2063,0.0,0.0
DTXSID1044352,2063,0.0,0.0
DTXSID1044354,2063,0.0,0.0
DTXSID1044356,2063,0.0,0.0
DTXSID1044431,2063,0.0,0.0
DTXSID1044433,2063,0.0,0.0
DTXSID1044435,2063,0.0,0.0
DTXSID1044437,2063,0.0,0.0
DTXSID1044439,2063,0.0,0.0
DTXSID1044481,2063,0.0,0.0
DTXSID1044485,2063,0.0,0.0
DTXSID1044487,2063,0.9999999999745377,1.0
DTXSID1044489,2063,0.0,0.0
DTXSID1044514,2063,0.999205299414523,1.0
DTXSID1044518,2063,0.0,0.0
DTXSID1044560,2063,0.9999934469566358,1.0
DTXSID1044564,2063,0.0,0.0
DTXSID1044568,2063,0.0,0.0
DTXSID1044643,2063,0.0,0.0
DTXSID1044645,2063,0.0,0.0
DTXSID1044647,2063,0.0,0.0
DTXSID1044691,2063,6.337722238496397e-17,0.0
DTXSID1044693,2063,0.0,0.0
DTXSID1044697,2063,0.0,0.0
DTXSID1044720,2063,0.0,0.0
DTXSID1044722,2063,0.0,0.0
DTXSID1044724,2063,0.0,0.0
DTXSID1044728,2063,0.0019839122658986586,0.0
DTXSID1044770,2063,0.0,0.0
DTXSID1044772,2063,0.0,0.0
DTXSID1044774,2063,0.0,0.0
DTXSID1044776,2063,0.9999761642553022,1.0
DTXSID1044801,2063,0.0,0.0
DTXSID1044805,2063,0.0,0.0
DTXSID1044807,2063,0.0,0.0
DTXSID1044809,2063,0.0,0.0
DTXSID1044851,2063,0.9999999955675571,1.0
DTXSID1044853,2063,0.0,0.0
DTXSID1044857,2063,0.0,0.0
DTXSID1044859,2063,0.0,0.0
DTXSID1044930,2063,0.0,0.0
DTXSID1044932,2063,0.0,0.0
DTXSID1044934,2063,0.0,0.0
DTXSID1044936,2063,0.9999999996699842,1.0
DTXSID1044938,2063,0.0,0.0
DTXSID1044980,2063,0.0,0.0
DTXSID1044982,2063,9.604556862367969e-17,0.0
DTXSID1044986,2063,0.0,0.0
DTXSID1045081,2063,0.0,0.0
DTXSID1045083,2063,0.0,0.0
DTXSID1045085,2063,0.0,0.0
DTXSID1045089,2063,0.0,0.0
DTXSID1045116,2063,0.0,0.0
DTXSID1045118,2063,0.0,0.0
DTXSID1045162,2063,0.0,0.0
DTXSID1045164,2063,0.0,0.0
DTXSID1045166,2063,0.0,0.0
DTXSID1045245,2063,2.804693687121701e-19,0.0
DTXSID1045291,2063,0.0,0.0
DTXSID1045293,2063,0.0,0.0
DTXSID1045297,2063,0.9987788846123048,1.0
DTXSID1045320,2063,0.0,0.0
DTXSID1045324,2063,0.0,0.0
DTXSID1045326,2063,0.0,0.0
DTXSID1045328,2063,0.0,0.0
DTXSID1045370,2063,3.5691650066528535e-05,0.0
DTXSID1045372,2063,0.0,0.0
DTXSID1045376,2063,0.0,0.0
DTXSID1045405,2063,0.0,0.0
DTXSID1045407,2063,0.0,0.0
DTXSID1045409,2063,1.7258993938666772e-13,0.0
DTXSID1045459,2063,1.120514345225227e-11,0.0
DTXSID1045530,2063,0.0,0.0
DTXSID1045534,2063,0.0,0.0
DTXSID1045536,2063,0.0,0.0
DTXSID1045538,2063,0.0,0.0
DTXSID1045580,2063,0.0,0.0
DTXSID1045584,2063,9.192844916718297e-10,0.0
DTXSID1045588,2063,0.0,0.0
DTXSID1045611,2063,0.0,0.0
DTXSID1045615,2063,0.0,0.0
DTXSID1045619,2063,0.0,0.0
DTXSID1045661,2063,0.0,0.0
DTXSID1045663,2063,0.0,0.0
DTXSID1045669,2063,0.7459865840106129,0.0
DTXSID1045742,2063,2.1411934847341211e-19,0.0
DTXSID1045744,2063,0.0,0.0
DTXSID1045746,2063,0.0,0.0
DTXSID1045748,2063,0.0,0.0
DTXSID1045790,2063,0.0,0.0
DTXSID1045792,2063,0.0,0.0
DTXSID1045794,2063,0.0,0.0
DTXSID1045798,2063,6.886710161772925e-18,0.0
DTXSID1045825,2063,0.0,0.0
DTXSID1045871,2063,0.0,0.0
DTXSID1045879,2063,4.399738692973011e-18,0.0
DTXSID1045906,2063,0.0,0.0
DTXSID1045952,2063,,
DTXSID1045958,2063,0.0,0.0
DTXSID1046003,2063,0.0,0.0
DTXSID1046007,2063,0.0,0.0
DTXSID1046051,2063,0.0,0.0
DTXSID1046130,2063,0.0,0.0
DTXSID1046132,2063,0.0,0.0
DTXSID1046134,2063,0.9975159804066083,1.0
DTXSID1046136,2063,0.0,0.0
DTXSID1046180,2063,0.0,0.0
DTXSID1046188,2063,0.0,0.0
DTXSID1046215,2063,0.0,0.0
DTXSID1046263,2063,3.8922462094682495e-19,0.0
DTXSID1046267,2063,0.0,0.0
DTXSID1046344,2063,0.0,0.0
DTXSID1046348,2063,0.0,0.0
DTXSID1046390,2063,0.0,0.0
DTXSID1046392,2063,0.0,0.0
DTXSID1046394,2063,0.0,0.0
DTXSID1046396,2063,0.0,0.0
DTXSID1046398,2063,0.0,0.0
DTXSID1046421,2063,0.0,0.0
DTXSID1046423,2063,0.0,0.0
DTXSID1046425,2063,0.0,0.0
DTXSID1046427,2063,0.9994358038098854,1.0
DTXSID1046429,2063,0.9999895480030565,1.0
DTXSID1046475,2063,0.0,0.0
DTXSID1046502,2063,0.0,0.0
DTXSID1046504,2063,0.0,0.0
DTXSID1046506,2063,0.0,0.0
DTXSID1046550,2063,0.0,0.0
DTXSID1046558,2063,0.0,0.0
DTXSID1046631,2063,0.0,0.0
DTXSID1046633,2063,0.0,0.0
DTXSID1046639,2063,0.0,0.0
DTXSID1046681,2063,0.0,0.0
DTXSID1046685,2063,0.0,0.0
DTXSID1046687,2063,0.0,0.0
DTXSID1046689,2063,0.0,0.0
DTXSID1046714,2063,0.0,0.0
DTXSID1046768,2063,0.9940653894927369,1.0
DTXSID1046847,2063,0.0,0.0
DTXSID1046891,2063,0.0,0.0
DTXSID1046922,2063,0.9998247690183304,1.0
DTXSID1046970,2063,0.9861003683058222,1.0
DTXSID1046974,2063,0.0,0.0
DTXSID1046976,2063,0.0,0.0
DTXSID1046978,2063,0.0,0.0
DTXSID1047027,2063,0.0,0.0
DTXSID1047029,2063,0.0,0.0
DTXSID1047071,2063,0.0,0.0
DTXSID1047075,2063,0.0,0.0
DTXSID1047102,2063,0.9999989588280193,1.0
DTXSID1047104,2063,0.0,0.0
DTXSID1047106,2063,0.0,0.0
DTXSID1047108,2063,0.0,0.0
DTXSID1047150,2063,0.0,0.0
DTXSID1047152,2063,0.0,0.0
DTXSID1047156,2063,0.0,0.0
DTXSID1047158,2063,0.0,0.0
DTXSID1047239,2063,5.832284023786351e-15,0.0
DTXSID1047281,2063,0.0,0.0
DTXSID1047283,2063,0.0,0.0
DTXSID1047285,2063,0.0,0.0
DTXSID1047287,2063,0.0,0.0
DTXSID1047289,2063,0.0,0.0
DTXSID1047310,2063,0.9999949677858259,1.0
DTXSID1047312,2063,0.0,0.0
DTXSID1047316,2063,0.0,0.0
DTXSID1047318,2063,4.3291879826753614e-10,0.0
DTXSID1047360,2063,6.937327388000573e-16,0.0
DTXSID1047362,2063,3.253840072979266e-05,0.0
DTXSID1047364,2063,1.0312547185751887e-19,0.0
DTXSID1047366,2063,0.9999999984986069,1.0
DTXSID1047368,2063,,
DTXSID1047443,2063,0.0,0.0
DTXSID1047447,2063,0.0,0.0
DTXSID1047491,2063,0.0,0.0
DTXSID1047493,2063,0.0,0.0
DTXSID1047497,2063,0.0,0.0
DTXSID1047520,2063,0.0,0.0
DTXSID1047524,2063,0.0,0.0
DTXSID1047526,2063,1.9778798288752557e-11,0.0
DTXSID1047528,2063,0.0,0.0
DTXSID1047570,2063,0.0,0.0
DTXSID1047574,2063,0.0,0.0
DTXSID1047576,2063,0.0,0.0
DTXSID1047578,2063,0.0,0.0
DTXSID1047601,2063,0.0,0.0
DTXSID1047603,2063,7.873198114637198e-19,0.0
DTXSID1047605,2063,0.0,0.0
DTXSID1047607,2063,0.0,0.0
DTXSID1047609,2063,0.0,0.0
DTXSID1047651,2063,0.0,0.0
DTXSID1047655,2063,0.0,0.0
DTXSID1047657,2063,0.0,0.0
DTXSID1047659,2063,0.0,0.0
DTXSID1047730,2063,0.0,0.0
DTXSID1047780,2063,0.0,0.0
DTXSID1047782,2063,0.0,0.0
DTXSID1047784,2063,7.073898757213293e-19,0.0
DTXSID1047786,2063,1.628634618803193e-17,0.0
DTXSID1047788,2063,0.0,0.0
DTXSID1047811,2063,0.0,0.0
DTXSID1047813,2063,0.0,0.0
DTXSID1047815,2063,0.0,0.0
DTXSID1047817,2063,0.0,0.0
DTXSID1047819,2063,7.977162000258138e-06,0.0
DTXSID1047869,2063,0.2610212836627011,0.0
DTXSID1047940,2063,0.0,0.0
DTXSID1047942,2063,0.0,0.0
DTXSID1047944,2063,0.9999999998590262,1.0
DTXSID1047946,2063,0.0,0.0
DTXSID1047948,2063,0.0,0.0
DTXSID1048122,2063,0.9999917722949674,1.0
DTXSID1048170,2063,0.9888494226238739,1.0
DTXSID1048172,2063,0.0,0.0
DTXSID1048174,2063,0.0,0.0
DTXSID1048176,2063,0.0,0.0
DTXSID1048178,2063,0.0,0.0
DTXSID1048201,2063,0.0,0.0
DTXSID1048203,2063,0.0,0.0
DTXSID1048207,2063,0.0,0.0
DTXSID1048209,2063,0.0,0.0
DTXSID1048590,2063,0.0,0.0
DTXSID1048592,2063,0.0,0.0
DTXSID1048596,2063,0.0,0.0
DTXSID1048598,2063,0.0,0.0
DTXSID1048623,2063,0.0,0.0
DTXSID1048627,2063,0.0,0.0
DTXSID1048671,2063,1.8292967814557304e-18,0.0
DTXSID1048679,2063,0.0,0.0
DTXSID1048704,2063,0.0,0.0
DTXSID1048706,2063,0.0,0.0
DTXSID1048831,2063,0.0,0.0
DTXSID1048833,2063,0.0,0.0
DTXSID1048835,2063,0.0,0.0
DTXSID1048837,2063,0.0,0.0
DTXSID1048839,2063,1.5521145082508174e-11,0.0
DTXSID1048883,2063,0.0,0.0
DTXSID1048910,2063,0.0,0.0
DTXSID1048912,2063,0.0,0.0
DTXSID1048914,2063,0.0,0.0
DTXSID1048916,2063,0.0,0.0
DTXSID1048918,2063,0.0,0.0
DTXSID1048960,2063,0.0,0.0
DTXSID1049015,2063,0.0,0.0
DTXSID1049065,2063,0.0012732326177648191,0.0
DTXSID1049067,2063,0.0,0.0
DTXSID1049069,2063,0.0,0.0
DTXSID1049221,2063,5.809944310291426e-20,0.0
DTXSID1049223,2063,0.0,0.0
DTXSID1049225,2063,0.0,0.0
DTXSID1049227,2063,0.0,0.0
DTXSID1049229,2063,0.9999992866156823,1.0
DTXSID1049271,2063,1.1585470327352065e-19,0.0
DTXSID1049273,2063,0.0,0.0
DTXSID1049275,2063,0.0,0.0
DTXSID1049277,2063,0.0,0.0
DTXSID1049279,2063,0.0,0.0
DTXSID1049300,2063,0.0,0.0
DTXSID1049302,2063,0.0,0.0
DTXSID1049304,2063,1.2586126352828983e-08,0.0
DTXSID1049306,2063,0.0,0.0
DTXSID1049308,2063,0.0,0.0
DTXSID1049350,2063,0.0,0.0
DTXSID1049352,2063,0.9999999757431272,1.0
DTXSID1049354,2063,0.0,0.0
DTXSID1049356,2063,0.0,0.0
DTXSID1049358,2063,0.0,0.0
DTXSID1049431,2063,0.0,0.0
DTXSID1049433,2063,0.0,0.0
DTXSID1049481,2063,0.0,0.0
DTXSID1049483,2063,0.0,0.0
DTXSID1049485,2063,0.0,0.0
DTXSID1049487,2063,0.0,0.0
DTXSID1049489,2063,0.0,0.0
DTXSID1049510,2063,0.0,0.0
DTXSID1049512,2063,0.0,0.0
DTXSID1049514,2063,0.0,0.0
DTXSID1049516,2063,0.0,0.0
DTXSID1049518,2063,0.0,0.0
DTXSID1049560,2063,0.0,0.0
DTXSID1049562,2063,0.0,0.0
DTXSID1049697,2063,1.5000382414957982e-11,0.0
DTXSID1051690,2063,0.0,0.0
DTXSID1051771,2063,0.0,0.0
DTXSID1051779,2063,0.0,0.0
DTXSID1051808,2063,0.99999999995407,1.0
DTXSID1051850,2063,0.0,0.0
DTXSID1051856,2063,0.0,0.0
DTXSID1051939,2063,0.27170250078981506,0.0
DTXSID1052294,2063,0.0,0.0
DTXSID1052298,2063,0.0,0.0
DTXSID1052539,2063,0.0,0.0
DTXSID1052585,2063,0.0,0.0
DTXSID1052587,2063,0.0,0.0
DTXSID1052610,2063,0.0,0.0
DTXSID1057610,2063,0.9999796910485227,1.0
DTXSID1057612,2063,0.0,0.0
DTXSID1057614,2063,0.0,0.0
DTXSID1057616,2063,0.0,0.0
DTXSID1057618,2063,0.0,0.0
DTXSID1057660,2063,0.0,0.0
DTXSID1057662,2063,3.8974001110094603e-07,0.0
DTXSID1057664,2063,0.0,0.0
DTXSID1057666,2063,0.0,0.0
DTXSID1057668,2063,0.0,0.0
DTXSID1057741,2063,0.0,0.0
DTXSID1057743,2063,0.0,0.0
DTXSID1057745,2063,0.0,0.0
DTXSID1057747,2063,0.0,0.0
DTXSID1057749,2063,0.9999963917539552,1.0
DTXSID1057791,2063,0.0,0.0
DTXSID1057793,2063,0.0,0.0
DTXSID1057795,2063,0.0,0.0
DTXSID1057797,2063,0.0,0.0
DTXSID1057799,2063,0.0,0.0
DTXSID1057820,2063,0.0,0.0
DTXSID1057822,2063,0.0,0.0
DTXSID1057824,2063,0.0,0.0
DTXSID1057826,2063,0.0,0.0
DTXSID1057828,2063,0.9999995861540216,1.0
DTXSID2020006,2063,0.0,0.0
DTXSID2020054,2063,2.027192467969062e-05,0.0
DTXSID2020058,2063,0.0,0.0
DTXSID2020131,2063,0.0,0.0
DTXSID2020137,2063,0.0,0.0
DTXSID2020139,2063,,
DTXSID2020181,2063,0.0,0.0
DTXSID2020189,2063,0.0,0.0
DTXSID2020210,2063,0.0,0.0
DTXSID2020212,2063,0.0,0.0
DTXSID2020216,2063,0.0,0.0
DTXSID2020260,2063,0.0,0.0
DTXSID2020262,2063,0.0,0.0
DTXSID2020266,2063,0.9999999999961622,1.0
DTXSID2020268,2063,0.0,0.0
DTXSID2020341,2063,0.0,0.0
DTXSID2020345,2063,0.9999999999998882,1.0
DTXSID2020347,2063,3.4544374554881174e-08,0.0
DTXSID2020349,2063,0.0,0.0
DTXSID2020391,2063,0.0,0.0
DTXSID2020399,2063,0.0,0.0
DTXSID2020420,2063,0.0,0.0
DTXSID2020424,2063,0.0,0.0
DTXSID2020426,2063,1.8872826694840898e-15,0.0
DTXSID2020428,2063,0.0,0.0
DTXSID2020470,2063,0.9996663747245447,1.0
DTXSID2020474,2063,0.0,0.0
DTXSID2020478,2063,0.0,0.0
DTXSID2020501,2063,0.0,0.0
DTXSID2020505,2063,0.0,0.0
DTXSID2020507,2063,0.0,0.0
DTXSID2020509,2063,0.0,0.0
DTXSID2020557,2063,0.0,0.0
DTXSID2020634,2063,0.0,0.0
DTXSID2020636,2063,0.0,0.0
DTXSID2020680,2063,0.0,0.0
DTXSID2020682,2063,0.0,0.0
DTXSID2020684,2063,0.0,0.0
DTXSID2020686,2063,0.0,0.0
DTXSID2020688,2063,0.9999999999754638,1.0
DTXSID2020713,2063,0.0,0.0
DTXSID2020717,2063,0.0,0.0
DTXSID2020761,2063,0.0,0.0
DTXSID2020767,2063,0.0,0.0
DTXSID2020844,2063,0.0,0.0
DTXSID2020846,2063,0.0,0.0
DTXSID2020890,2063,0.0,0.0
DTXSID2020892,2063,0.0,0.0
DTXSID2020894,2063,0.00019273577942206034,0.0
DTXSID2020898,2063,0.9999956984958672,1.0
DTXSID2020921,2063,0.0,0.0
DTXSID2020923,2063,0.0,0.0
DTXSID2020927,2063,5.778331503839625e-10,0.0
DTXSID2020929,2063,2.256787129529345e-12,0.0
DTXSID2020971,2063,0.0,0.0
DTXSID2020977,2063,0.0,0.0
DTXSID2021022,2063,1.5650000168040075e-15,0.0
DTXSID2021026,2063,0.0,0.0
DTXSID2021028,2063,0.0,0.0
DTXSID2021070,2063,0.9832841597204781,1.0
DTXSID2021103,2063,0.0,0.0
DTXSID2021105,2063,0.0,0.0
DTXSID2021151,2063,0.0,0.0
DTXSID2021159,2063,0.0,0.0
DTXSID2021232,2063,0.0,0.0
DTXSID2021234,2063,0.0,0.0
DTXSID2021236,2063,0.0,0.0
DTXSID2021238,2063,0.0,0.0
DTXSID2021282,2063,1.6199884821213898e-18,0.0
DTXSID2021284,2063,0.0,0.0
DTXSID2021286,2063,0.0,0.0
DTXSID2021288,2063,0.0,0.0
DTXSID2021311,2063,0.978579937958163,1.0
DTXSID2021315,2063,0.0,0.0
DTXSID2021317,2063,0.0,0.0
DTXSID2021319,2063,0.0,0.0
DTXSID2021363,2063,0.0,0.0
DTXSID2021365,2063,2.4735260393310786e-14,0.0
DTXSID2021367,2063,0.9999941989043716,1.0
DTXSID2021440,2063,0.0,0.0
DTXSID2021442,2063,0.0,0.0
DTXSID2021446,2063,0.0,0.0
DTXSID2021448,2063,0.0,0.0
DTXSID2021492,2063,0.0,0.0
DTXSID2021496,2063,0.0,0.0
DTXSID2021498,2063,0.0,0.0
DTXSID2021575,2063,0.0,0.0
DTXSID2021577,2063,0.9989262348646878,1.0
DTXSID2021600,2063,0.0,0.0
DTXSID2021602,2063,0.0,0.0
DTXSID2021604,2063,0.0,0.0
DTXSID2021608,2063,0.0,0.0
DTXSID2021650,2063,0.0,0.0
DTXSID2021652,2063,0.0,0.0
DTXSID2021654,2063,0.0,0.0
DTXSID2021656,2063,0.0,0.0
DTXSID2021658,2063,0.0,0.0
DTXSID2021731,2063,0.0,0.0
DTXSID2021735,2063,0.0,0.0
DTXSID2021739,2063,0.0,0.0
DTXSID2021781,2063,0.0,0.0
DTXSID2021789,2063,0.0,0.0
DTXSID2021810,2063,0.0,0.0
DTXSID2021816,2063,0.0,0.0
DTXSID2021818,2063,0.0,0.0
DTXSID2021860,2063,0.0,0.0
DTXSID2021864,2063,0.0,0.0
DTXSID2021866,2063,0.0,0.0
DTXSID2021868,2063,0.0,0.0
DTXSID2021941,2063,0.0,0.0
DTXSID2021943,2063,0.0,0.0
DTXSID2021947,2063,7.659742788523995e-15,0.0
DTXSID2021949,2063,0.0,0.0
DTXSID2021993,2063,0.0,0.0
DTXSID2021995,2063,0.0,0.0
DTXSID2021997,2063,0.0,0.0
DTXSID2022048,2063,2.3905017662543216e-10,0.0
DTXSID2022090,2063,0.0,0.0
DTXSID2022096,2063,0.0,0.0
DTXSID2022121,2063,0.0,0.0
DTXSID2022123,2063,1.2331590607631026e-05,0.0
DTXSID2022125,2063,0.0,0.0
DTXSID2022127,2063,0.0,0.0
DTXSID2022171,2063,0.0,0.0
DTXSID2022179,2063,0.0,0.0
DTXSID2022254,2063,0.0,0.0
DTXSID2022256,2063,0.0,0.0
DTXSID2022331,2063,0.0,0.0
DTXSID2022333,2063,0.0,0.0
DTXSID2022381,2063,0.9999356714451231,1.0
DTXSID2022462,2063,5.952952003261402e-18,0.0
DTXSID2022541,2063,0.0,0.0
DTXSID2022543,2063,0.0,0.0
DTXSID2022549,2063,0.0,0.0
DTXSID2022593,2063,0.0,0.0
DTXSID2022595,2063,0.0,0.0
DTXSID2022628,2063,0.0,0.0
DTXSID2022674,2063,0.0,0.0
DTXSID2022676,2063,0.0,0.0
DTXSID2022678,2063,0.0,0.0
DTXSID2022707,2063,0.0,0.0
DTXSID2022753,2063,0.0,0.0
DTXSID2022880,2063,0.9993065418094188,1.0
DTXSID2022886,2063,0.0,0.0
DTXSID2022888,2063,0.0,0.0
DTXSID2022967,2063,0.0,0.0
DTXSID2023010,2063,0.0,0.0
DTXSID2023016,2063,0.0,0.0
DTXSID2023064,2063,0.0,0.0
DTXSID2023068,2063,0.0,0.0
DTXSID2023143,2063,0.0,0.0
DTXSID2023193,2063,0.0,0.0
DTXSID2023195,2063,0.0,0.0
DTXSID2023222,2063,0.0,0.0
DTXSID2023224,2063,0.9999865285859352,1.0
DTXSID2023270,2063,0.0,0.0
DTXSID2023276,2063,0.0,0.0
DTXSID2023307,2063,0.0,0.0
DTXSID2023309,2063,0.0,0.0
DTXSID2023353,2063,0.0,0.0
DTXSID2023430,2063,0.0,0.0
DTXSID2023434,2063,0.0,0.0
DTXSID2023480,2063,0.0,0.0
DTXSID2023488,2063,0.0,0.0
DTXSID2023519,2063,0.0,0.0
DTXSID2023569,2063,0.0,0.0
DTXSID2023640,2063,3.861678105844205e-12,0.0
DTXSID2023642,2063,0.9999989862988777,1.0
DTXSID2023690,2063,0.0,0.0
DTXSID2023723,2063,0.0,0.0
DTXSID2023725,2063,0.0,0.0
DTXSID2023727,2063,0.0,0.0
DTXSID2023771,2063,0.0,0.0
DTXSID2023775,2063,0.0,0.0
DTXSID2023937,2063,0.0,0.0
DTXSID2024030,2063,0.0,0.0
DTXSID2024038,2063,0.0,0.0
DTXSID2024086,2063,0.0,0.0
DTXSID2024113,2063,0.0,0.0
DTXSID2024163,2063,0.0,0.0
DTXSID2024242,2063,0.0,0.0
DTXSID2024246,2063,6.433010134603265e-13,0.0
DTXSID2024452,2063,0.0,0.0
DTXSID2024454,2063,0.0,0.0
DTXSID2024458,2063,,
DTXSID2024585,2063,0.0,0.0
DTXSID2024589,2063,0.0,0.0
DTXSID2024616,2063,0.0,0.0
DTXSID2024660,2063,0.0,0.0
DTXSID2024662,2063,0.0,0.0
DTXSID2024664,2063,0.0,0.0
DTXSID2024666,2063,1.2343628161519098e-15,0.0
DTXSID2024747,2063,0.0,0.0
DTXSID2024791,2063,6.3757611676495786e-15,0.0
DTXSID2024793,2063,0.0,0.0
DTXSID2024797,2063,0.0,0.0
DTXSID2024799,2063,0.0,0.0
DTXSID2024822,2063,0.0,0.0
DTXSID2024824,2063,0.000713485689878143,0.0
DTXSID2024878,2063,0.0,0.0
DTXSID2024953,2063,0.0,0.0
DTXSID2024955,2063,0.0,0.0
DTXSID2025004,2063,0.0,0.0
DTXSID2025006,2063,0.0,0.0
DTXSID2025050,2063,0.0,0.0
DTXSID2025058,2063,0.9948332528684,1.0
DTXSID2025133,2063,8.469937969123051e-13,0.0
DTXSID2025135,2063,0.0,0.0
DTXSID2025137,2063,0.0,0.0
DTXSID2025139,2063,0.9999974798845792,1.0
DTXSID2025183,2063,0.0,0.0
DTXSID2025185,2063,0.0,0.0
DTXSID2025210,2063,2.7905904900049725e-18,0.0
DTXSID2025216,2063,0.0,0.0
DTXSID2025264,2063,0.0,0.0
DTXSID2025345,2063,0.0,0.0
DTXSID2025347,2063,0.0,0.0
DTXSID2025391,2063,0.0,0.0
DTXSID2025395,2063,0.0,0.0
DTXSID2025422,2063,0.0,0.0
DTXSID2025424,2063,0.0,0.0
DTXSID2025474,2063,4.6110027401415185e-14,0.0
DTXSID2025478,2063,0.0,0.0
DTXSID2025501,2063,0.9999337965564667,1.0
DTXSID2025503,2063,0.0,0.0
DTXSID2025505,2063,0.34778824061385394,0.0
DTXSID2025551,2063,0.0,0.0
DTXSID2025557,2063,0.0,0.0
DTXSID2025632,2063,0.0,0.0
DTXSID2025634,2063,0.0,0.0
DTXSID2025680,2063,0.0,0.0
DTXSID2025688,2063,0.0,0.0
DTXSID2025715,2063,0.9916710988036946,1.0
DTXSID2025761,2063,0.0,0.0
DTXSID2025763,2063,0.0,0.0
DTXSID2025765,2063,0.0,0.0
DTXSID2025840,2063,0.0,0.0
DTXSID2025842,2063,0.999999999999998,1.0
DTXSID2025846,2063,0.0,0.0
DTXSID2025892,2063,0.9998039846573044,1.0
DTXSID2025896,2063,0.0,0.0
DTXSID2025925,2063,0.0,0.0
DTXSID2025975,2063,0.0,0.0
DTXSID2025977,2063,0.0,0.0
DTXSID2026022,2063,0.0,0.0
DTXSID2026074,2063,0.0,0.0
DTXSID2026076,2063,1.4609675021269666e-06,0.0
DTXSID2026101,2063,0.0,0.0
DTXSID2026107,2063,0.9999988847090813,1.0
DTXSID2026151,2063,8.475203548629185e-05,0.0
DTXSID2026157,2063,0.0,0.0
DTXSID2026232,2063,0.0,0.0
DTXSID2026238,2063,0.0,0.0
DTXSID2026444,2063,0.0,0.0
DTXSID2026446,2063,0.0,0.0
DTXSID2026448,2063,0.0,0.0
DTXSID2026494,2063,0.0,0.0
DTXSID2026496,2063,0.0,0.0
DTXSID2026523,2063,0.0,0.0
DTXSID2026525,2063,0.0,0.0
DTXSID2026527,2063,0.0,0.0
DTXSID2026529,2063,1.8462918241881817e-17,0.0
DTXSID2026573,2063,0.9999983226850793,1.0
DTXSID2026600,2063,0.0,0.0
DTXSID2026602,2063,0.9999957720674006,1.0
DTXSID2026606,2063,0.0,0.0
DTXSID2026608,2063,0.0,0.0
DTXSID2026652,2063,0.0,0.0
DTXSID2026739,2063,0.0,0.0
DTXSID2026781,2063,0.0,0.0
DTXSID2026783,2063,0.0,0.0
DTXSID2026789,2063,0.0,0.0
DTXSID2026864,2063,0.0,0.0
DTXSID2026941,2063,0.0,0.0
DTXSID2026943,2063,0.0,0.0
DTXSID2026991,2063,0.0,0.0
DTXSID2026997,2063,0.0,0.0
DTXSID2027044,2063,0.0,0.0
DTXSID2027048,2063,1.926478871769659e-09,0.0
DTXSID2027092,2063,0.0,0.0
DTXSID2027094,2063,0.0,0.0
DTXSID2027096,2063,0.0,0.0
DTXSID2027098,2063,0.0,0.0
DTXSID2027175,2063,0.0,0.0
DTXSID2027200,2063,0.0,0.0
DTXSID2027204,2063,0.0,0.0
DTXSID2027206,2063,0.0,0.0
DTXSID2027254,2063,0.0,0.0
DTXSID2027258,2063,0.0,0.0
DTXSID2027333,2063,0.0,0.0
DTXSID2027412,2063,0.0,0.0
DTXSID2027414,2063,0.0,0.0
DTXSID2027416,2063,0.0,0.0
DTXSID2027418,2063,0.0,0.0
DTXSID2027462,2063,0.996189086355186,1.0
DTXSID2027466,2063,0.0,0.0
DTXSID2027543,2063,0.0,0.0
DTXSID2027591,2063,0.0,0.0
DTXSID2027593,2063,0.0,0.0
DTXSID2027595,2063,0.0,0.0
DTXSID2027599,2063,0.0,0.0
DTXSID2027620,2063,0.0,0.0
DTXSID2027624,2063,0.0,0.0
DTXSID2027759,2063,0.0,0.0
DTXSID2027830,2063,0.0,0.0
DTXSID2027832,2063,0.0,0.0
DTXSID2027834,2063,0.0,0.0
DTXSID2027884,2063,0.0,0.0
DTXSID2027886,2063,0.0,0.0
DTXSID2027963,2063,0.0,0.0
DTXSID2028010,2063,0.0,0.0
DTXSID2028016,2063,0.0,0.0
DTXSID2028723,2063,0.9998646813647604,1.0
DTXSID2028985,2063,1.268108734135916e-12,0.0
DTXSID2029117,2063,2.263611410944404e-19,0.0
DTXSID2029167,2063,0.0,0.0
DTXSID2029169,2063,0.0,0.0
DTXSID2029240,2063,0.0,0.0
DTXSID2029242,2063,0.0,0.0
DTXSID2029244,2063,0.0,0.0
DTXSID2029246,2063,0.0,0.0
DTXSID2029290,2063,0.0,0.0
DTXSID2029298,2063,0.8016728193514103,0.0
DTXSID2029325,2063,5.365815645693783e-19,0.0
DTXSID2029327,2063,0.0,0.0
DTXSID2029329,2063,0.0,0.0
DTXSID2029612,2063,0.0,0.0
DTXSID2029616,2063,0.0,0.0
DTXSID2029662,2063,0.9945130254026712,1.0
DTXSID2029668,2063,0.0,0.0
DTXSID2029874,2063,0.0,0.0
DTXSID2030695,2063,0.0,0.0
DTXSID2030857,2063,0.0,0.0
DTXSID2031089,2063,0.9999942100317623,1.0
DTXSID2031374,2063,0.0,0.0
DTXSID2031532,2063,0.0,0.0
DTXSID2031956,2063,0.0,0.0
DTXSID2032005,2063,0.9999999932653503,1.0
DTXSID2032180,2063,0.0,0.0
DTXSID2032342,2063,0.0,0.0
DTXSID2032344,2063,2.626775142452691e-15,0.0
DTXSID2032348,2063,0.9906384725024997,1.0
DTXSID2032390,2063,0.33545482873471605,0.0
DTXSID2032392,2063,0.0,0.0
DTXSID2032398,2063,0.14979510892236042,0.0
DTXSID2032421,2063,9.007052026836681e-05,0.0
DTXSID2032500,2063,0.9996352133341129,1.0
DTXSID2032550,2063,0.0020723732582128987,0.0
DTXSID2032552,2063,0.0,0.0
DTXSID2032554,2063,0.0,0.0
DTXSID2032556,2063,0.0,0.0
DTXSID2032558,2063,0.0,0.0
DTXSID2032631,2063,0.0,0.0
DTXSID2032637,2063,0.0,0.0
DTXSID2032639,2063,0.0,0.0
DTXSID2032683,2063,0.6629080723348352,0.0
DTXSID2032891,2063,0.0,0.0
DTXSID2033281,2063,0.9999999966438564,1.0
DTXSID2033314,2063,0.9999999998544445,1.0
DTXSID2033445,2063,0.0,0.0
DTXSID2033447,2063,0.0,0.0
DTXSID2033493,2063,0.0,0.0
DTXSID2033736,2063,0.14277210692954273,0.0
DTXSID2033863,2063,0.0,0.0
DTXSID2034091,2063,0.0,0.0
DTXSID2034095,2063,0.0,0.0
DTXSID2034255,2063,0.0,0.0
DTXSID2034259,2063,0.0,0.0
DTXSID2034338,2063,0.0,0.0
DTXSID2034382,2063,0.0,0.0
DTXSID2034465,2063,0.0,0.0
DTXSID2034540,2063,0.0,0.0
DTXSID2034542,2063,0.0,0.0
DTXSID2034590,2063,9.094188598115989e-10,0.0
DTXSID2034598,2063,0.0,0.0
DTXSID2034625,2063,0.0,0.0
DTXSID2034627,2063,0.0,0.0
DTXSID2034673,2063,0.0,0.0
DTXSID2034700,2063,0.0,0.0
DTXSID2034833,2063,0.0,0.0
DTXSID2034881,2063,0.000171694772846731,0.0
DTXSID2034885,2063,4.625453854996078e-19,0.0
DTXSID2034962,2063,0.0,0.0
DTXSID2034968,2063,0.0,0.0
DTXSID2035013,2063,0.0,0.0
DTXSID2035481,2063,0.0,0.0
DTXSID2036112,2063,0.9999986519338211,1.0
DTXSID2036299,2063,0.0,0.0
DTXSID2036588,2063,3.736194403464148e-05,0.0
DTXSID2036827,2063,0.0,0.0
DTXSID2037502,2063,0.28485536397962463,0.0
DTXSID2037508,2063,0.0,0.0
DTXSID2037712,2063,9.871638423143625e-08,0.0
DTXSID2037714,2063,0.0003216157724516355,0.0
DTXSID2038732,2063,0.0,0.0
DTXSID2038788,2063,0.0,0.0
DTXSID2038813,2063,0.0,0.0
DTXSID2039336,2063,0.0,0.0
DTXSID2040151,2063,0.0,0.0
DTXSID2040234,2063,0.0,0.0
DTXSID2040236,2063,0.0,0.0
DTXSID2040284,2063,0.0,0.0
DTXSID2040361,2063,0.0,0.0
DTXSID2040363,2063,0.005863346574092116,0.0
DTXSID2040608,2063,0.0,0.0
DTXSID2040652,2063,0.0,0.0
DTXSID2040656,2063,0.0,0.0
DTXSID2040731,2063,0.0,0.0
DTXSID2040733,2063,1.0,1.0
DTXSID2040735,2063,0.0,0.0
DTXSID2040739,2063,0.0,0.0
DTXSID2040787,2063,0.9999977187222951,1.0
DTXSID2041125,2063,1.0636884425706106e-16,0.0
DTXSID2041200,2063,0.0,0.0
DTXSID2041206,2063,0.0,0.0
DTXSID2041208,2063,0.0,0.0
DTXSID2041250,2063,5.991925785012879e-08,0.0
DTXSID2041252,2063,5.7332848785275566e-09,0.0
DTXSID2041256,2063,0.0,0.0
DTXSID2041389,2063,0.0,0.0
DTXSID2041412,2063,0.0,0.0
DTXSID2041416,2063,0.0,0.0
DTXSID2041418,2063,0.0,0.0
DTXSID2041460,2063,0.0,0.0
DTXSID2041464,2063,0.0,0.0
DTXSID2041468,2063,0.0,0.0
DTXSID2041541,2063,0.0,0.0
DTXSID2041545,2063,0.0,0.0
DTXSID2041547,2063,0.20411341143304237,0.0
DTXSID2041622,2063,0.0,0.0
DTXSID2041626,2063,0.0,0.0
DTXSID2041672,2063,0.0,0.0
DTXSID2041674,2063,0.0,0.0
DTXSID2041703,2063,0.0,0.0
DTXSID2041709,2063,1.8578511323632656e-18,0.0
DTXSID2041759,2063,0.9999946404621838,1.0
DTXSID2041880,2063,0.0,0.0
DTXSID2041884,2063,0.0,0.0
DTXSID2041886,2063,0.0,0.0
DTXSID2041913,2063,0.0,0.0
DTXSID2041917,2063,0.0,0.0
DTXSID2042014,2063,0.0,0.0
DTXSID2042060,2063,0.0,0.0
DTXSID2042062,2063,0.0,0.0
DTXSID2042143,2063,0.0,0.0
DTXSID2042145,2063,0.5318637944487036,0.0
DTXSID2042149,2063,,
DTXSID2042191,2063,,
DTXSID2042195,2063,0.0,0.0
DTXSID2042199,2063,0.0,0.0
DTXSID2042220,2063,4.835550684976806e-14,0.0
DTXSID2042276,2063,0.0,0.0
DTXSID2042436,2063,0.0,0.0
DTXSID2042517,2063,0.0,0.0
DTXSID2043747,2063,0.006858042472372447,0.0
DTXSID2043874,2063,0.0,0.0
DTXSID2043903,2063,0.0,0.0
DTXSID2044000,2063,0.0,0.0
DTXSID2044002,2063,0.0,0.0
DTXSID2044131,2063,0.0,0.0
DTXSID2044137,2063,0.0,0.0
DTXSID2044210,2063,0.0,0.0
DTXSID2044218,2063,0.0,0.0
DTXSID2044266,2063,0.0,0.0
DTXSID2044268,2063,0.0,0.0
DTXSID2044347,2063,0.0,0.0
DTXSID2044391,2063,0.0,0.0
DTXSID2044393,2063,0.0,0.0
DTXSID2044395,2063,0.0,0.0
DTXSID2044397,2063,0.0,0.0
DTXSID2044399,2063,0.0,0.0
DTXSID2044420,2063,0.0,0.0
DTXSID2044422,2063,0.0,0.0
DTXSID2044424,2063,0.0,0.0
DTXSID2044428,2063,0.0,0.0
DTXSID2044470,2063,0.0,0.0
DTXSID2044472,2063,0.0,0.0
DTXSID2044476,2063,0.0,0.0
DTXSID2044503,2063,0.0,0.0
DTXSID2044507,2063,7.334861308264137e-07,0.0
DTXSID2044509,2063,0.0,0.0
DTXSID2044553,2063,5.414216678549487e-19,0.0
DTXSID2044559,2063,0.0,0.0
DTXSID2044632,2063,0.0,0.0
DTXSID2044638,2063,0.0,0.0
DTXSID2044680,2063,0.0,0.0
DTXSID2044682,2063,0.0,0.0
DTXSID2044684,2063,0.0,0.0
DTXSID2044686,2063,0.0,0.0
DTXSID2044713,2063,0.0,0.0
DTXSID2044715,2063,0.0,0.0
DTXSID2044717,2063,0.0,0.0
DTXSID2044719,2063,0.0,0.0
DTXSID2044763,2063,0.0,0.0
DTXSID2044765,2063,0.0,0.0
DTXSID2044767,2063,0.0,0.0
DTXSID2044769,2063,9.784359672965683e-14,0.0
DTXSID2044840,2063,0.0,0.0
DTXSID2044842,2063,,
DTXSID2044844,2063,6.338576174107338e-16,0.0
DTXSID2044846,2063,0.0,0.0
DTXSID2044848,2063,2.802132217768882e-11,0.0
DTXSID2044890,2063,0.0,0.0
DTXSID2044892,2063,0.0,0.0
DTXSID2044894,2063,0.0,0.0
DTXSID2044896,2063,0.0,0.0
DTXSID2044898,2063,0.0,0.0
DTXSID2044921,2063,1.5358792050277094e-18,0.0
DTXSID2044923,2063,0.0,0.0
DTXSID2044925,2063,0.0,0.0
DTXSID2044927,2063,0.0,0.0
DTXSID2044929,2063,0.0,0.0
DTXSID2044971,2063,0.7127209178016611,0.0
DTXSID2044973,2063,0.0,0.0
DTXSID2044975,2063,0.0,0.0
DTXSID2044979,2063,0.0,0.0
DTXSID2045072,2063,0.0,0.0
DTXSID2045076,2063,0.0,0.0
DTXSID2045105,2063,0.0,0.0
DTXSID2045107,2063,0.0,0.0
DTXSID2045151,2063,0.0,0.0
DTXSID2045153,2063,0.0,0.0
DTXSID2045157,2063,0.0,0.0
DTXSID2045232,2063,0.0,0.0
DTXSID2045238,2063,0.0,0.0
DTXSID2045280,2063,0.0,0.0
DTXSID2045315,2063,0.0,0.0
DTXSID2045361,2063,0.0,0.0
DTXSID2045365,2063,0.0,0.0
DTXSID2045440,2063,4.5924829238580255e-14,0.0
DTXSID2045444,2063,0.0,0.0
DTXSID2045448,2063,0.0,0.0
DTXSID2045490,2063,0.9999898875468299,1.0
DTXSID2045492,2063,0.0,0.0
DTXSID2045496,2063,6.253261202462636e-07,0.0
DTXSID2045521,2063,0.0,0.0
DTXSID2045523,2063,0.0,0.0
DTXSID2045527,2063,0.0,0.0
DTXSID2045575,2063,0.0,0.0
DTXSID2045600,2063,0.0,0.0
DTXSID2045652,2063,0.0,0.0
DTXSID2045654,2063,0.0,0.0
DTXSID2045656,2063,0.0,0.0
DTXSID2045735,2063,0.0,0.0
DTXSID2045781,2063,0.0,0.0
DTXSID2045783,2063,0.0,0.0
DTXSID2045810,2063,0.0,0.0
DTXSID2045812,2063,0.0,0.0
DTXSID2045860,2063,4.55368485541349e-08,0.0
DTXSID2045862,2063,0.0,0.0
DTXSID2045864,2063,0.0,0.0
DTXSID2045868,2063,0.0,0.0
DTXSID2045941,2063,0.0,0.0
DTXSID2045943,2063,0.9999999867522843,1.0
DTXSID2045945,2063,0.0,0.0
DTXSID2045993,2063,0.0,0.0
DTXSID2046042,2063,0.0,0.0
DTXSID2046090,2063,0.0,0.0
DTXSID2046092,2063,0.9903823399198928,1.0
DTXSID2046094,2063,0.0,0.0
DTXSID2046096,2063,0.0,0.0
DTXSID2046123,2063,0.0,0.0
DTXSID2046127,2063,0.0,0.0
DTXSID2046179,2063,0.0,0.0
DTXSID2046200,2063,0.0,0.0
DTXSID2046383,2063,0.0,0.0
DTXSID2046385,2063,0.0,0.0
DTXSID2046389,2063,0.0,0.0
DTXSID2046410,2063,0.0,0.0
DTXSID2046412,2063,0.0,0.0
DTXSID2046414,2063,0.0,0.0
DTXSID2046418,2063,0.0,0.0
DTXSID2046460,2063,0.0,0.0
DTXSID2046464,2063,0.0,0.0
DTXSID2046468,2063,,
DTXSID2046541,2063,0.0,0.0
DTXSID2046543,2063,0.0,0.0
DTXSID2046545,2063,0.9999999997704245,1.0
DTXSID2046591,2063,3.2467837167825585e-07,0.0
DTXSID2046599,2063,0.0,0.0
DTXSID2046628,2063,0.0,0.0
DTXSID2046670,2063,0.0,0.0
DTXSID2046678,2063,0.0,0.0
DTXSID2046705,2063,0.048993335573849744,0.0
DTXSID2046755,2063,0.9998298883178852,1.0
DTXSID2046882,2063,0.0,0.0
DTXSID2046888,2063,0.0,0.0
DTXSID2046911,2063,0.0,0.0
DTXSID2046919,2063,8.72180523040608e-12,0.0
DTXSID2047060,2063,0.0,0.0
DTXSID2047062,2063,0.0,0.0
DTXSID2047064,2063,0.0,0.0
DTXSID2047066,2063,0.0,0.0
DTXSID2047068,2063,0.0,0.0
DTXSID2047141,2063,0.0,0.0
DTXSID2047145,2063,0.0,0.0
DTXSID2047149,2063,0.0,0.0
DTXSID2047191,2063,0.0,0.0
DTXSID2047193,2063,9.015258597271993e-18,0.0
DTXSID2047195,2063,0.0,0.0
DTXSID2047197,2063,0.0,0.0
DTXSID2047199,2063,0.0,0.0
DTXSID2047222,2063,0.0,0.0
DTXSID2047270,2063,0.0,0.0
DTXSID2047272,2063,0.0,0.0
DTXSID2047274,2063,0.0,0.0
DTXSID2047276,2063,0.0,0.0
DTXSID2047278,2063,0.0,0.0
DTXSID2047301,2063,0.0,0.0
DTXSID2047303,2063,0.0,0.0
DTXSID2047305,2063,0.0,0.0
DTXSID2047307,2063,0.0,0.0
DTXSID2047309,2063,0.0,0.0
DTXSID2047351,2063,0.0,0.0
DTXSID2047353,2063,0.9999836855273485,1.0
DTXSID2047355,2063,0.0,0.0
DTXSID2047357,2063,0.21895588694068624,0.0
DTXSID2047359,2063,0.0,0.0
DTXSID2047434,2063,0.0,0.0
DTXSID2047436,2063,0.0,0.0
DTXSID2047484,2063,0.0,0.0
DTXSID2047486,2063,0.0,0.0
DTXSID2047511,2063,0.0,0.0
DTXSID2047517,2063,0.0,0.0
DTXSID2047519,2063,0.0,0.0
DTXSID2047565,2063,0.0,0.0
DTXSID2047567,2063,0.0,0.0
DTXSID2047569,2063,3.207832846796265e-15,0.0
DTXSID2047642,2063,0.0,0.0
DTXSID2047644,2063,0.0,0.0
DTXSID2047646,2063,0.0,0.0
DTXSID2047648,2063,0.0,0.0
DTXSID2047694,2063,0.0,0.0
DTXSID2047696,2063,0.0,0.0
DTXSID2047721,2063,0.0,0.0
DTXSID2047723,2063,2.998232760788558e-17,0.0
DTXSID2047725,2063,0.0,0.0
DTXSID2047727,2063,0.0,0.0
DTXSID2047773,2063,0.0,0.0
DTXSID2047775,2063,0.0,0.0
DTXSID2047777,2063,0.0,0.0
DTXSID2047779,2063,0.0,0.0
DTXSID2047804,2063,0.0,0.0
DTXSID2047806,2063,0.0,0.0
DTXSID2047856,2063,0.0,0.0
DTXSID2047858,2063,0.0,0.0
DTXSID2047931,2063,0.0,0.0
DTXSID2047933,2063,0.0,0.0
DTXSID2047935,2063,0.0,0.0
DTXSID2047937,2063,0.0,0.0
DTXSID2047939,2063,0.0,0.0
DTXSID2048161,2063,0.0,0.0
DTXSID2048167,2063,0.0,0.0
DTXSID2048379,2063,0.0,0.0
DTXSID2048581,2063,0.0,0.0
DTXSID2048616,2063,0.0,0.0
DTXSID2048618,2063,0.0,0.0
DTXSID2048660,2063,0.0,0.0
DTXSID2048662,2063,0.0,0.0
DTXSID2048666,2063,0.0,0.0
DTXSID2048745,2063,0.0,0.0
DTXSID2048791,2063,0.0,0.0
DTXSID2048793,2063,0.0,0.0
DTXSID2048795,2063,0.0,0.0
DTXSID2048797,2063,0.0,0.0
DTXSID2048799,2063,0.0,0.0
DTXSID2048820,2063,0.0,0.0
DTXSID2048822,2063,0.0,0.0
DTXSID2048826,2063,0.0,0.0
DTXSID2048828,2063,0.0,0.0
DTXSID2048870,2063,0.0,0.0
DTXSID2048872,2063,0.0,0.0
DTXSID2048901,2063,0.0,0.0
DTXSID2048905,2063,0.9999947011171322,1.0
DTXSID2048907,2063,0.0,0.0
DTXSID2048957,2063,7.958569821427726e-18,0.0
DTXSID2048959,2063,0.0,0.0
DTXSID2049002,2063,0.0,0.0
DTXSID2049006,2063,0.0,0.0
DTXSID2049050,2063,0.0,0.0
DTXSID2049052,2063,0.0,0.0
DTXSID2049135,2063,0.9996019895163935,1.0
DTXSID2049210,2063,0.0,0.0
DTXSID2049212,2063,0.0,0.0
DTXSID2049214,2063,0.0,0.0
DTXSID2049216,2063,0.0,0.0
DTXSID2049218,2063,8.505802212646206e-20,0.0
DTXSID2049260,2063,,
DTXSID2049262,2063,0.0,0.0
DTXSID2049264,2063,0.0,0.0
DTXSID2049266,2063,0.0,0.0
DTXSID2049268,2063,8.629296343834684e-13,0.0
DTXSID2049341,2063,0.0,0.0
DTXSID2049343,2063,0.0,0.0
DTXSID2049345,2063,0.0,0.0
DTXSID2049347,2063,0.0,0.0
DTXSID2049349,2063,4.2500348935337473e-10,0.0
DTXSID2049391,2063,0.9999999999983362,1.0
DTXSID2049393,2063,7.661587808845577e-09,0.0
DTXSID2049395,2063,0.0,0.0
DTXSID2049397,2063,0.0,0.0
DTXSID2049399,2063,0.0,0.0
DTXSID2049420,2063,0.0,0.0
DTXSID2049422,2063,0.0,0.0
DTXSID2049424,2063,0.0,0.0
DTXSID2049426,2063,0.0,0.0
DTXSID2049428,2063,0.0,0.0
DTXSID2049470,2063,0.0,0.0
DTXSID2049472,2063,0.0,0.0
DTXSID2049474,2063,0.0,0.0
DTXSID2049476,2063,0.0,0.0
DTXSID2049478,2063,0.0,0.0
DTXSID2049501,2063,0.0,0.0
DTXSID2049503,2063,0.0,0.0
DTXSID2049505,2063,0.0,0.0
DTXSID2049507,2063,0.0,0.0
DTXSID2049509,2063,0.0,0.0
DTXSID2049551,2063,0.0,0.0
DTXSID2049553,2063,0.0,0.0
DTXSID2049555,2063,0.0,0.0
DTXSID2049557,2063,0.0,0.0
DTXSID2049559,2063,0.0,0.0
DTXSID2050403,2063,0.0,0.0
DTXSID2051477,2063,0.0,0.0
DTXSID2051631,2063,0.0,0.0
DTXSID2051687,2063,0.0,0.0
DTXSID2051716,2063,0.0,0.0
DTXSID2051764,2063,0.0,0.0
DTXSID2051895,2063,0.0,0.0
DTXSID2052281,2063,0.0,0.0
DTXSID2052283,2063,0.0,0.0
DTXSID2052289,2063,0.0,0.0
DTXSID2052310,2063,1.1173786547310358e-19,0.0
DTXSID2052447,2063,0.0,0.0
DTXSID2052574,2063,0.0,0.0
DTXSID2052603,2063,0.0,0.0
DTXSID2052607,2063,0.0,0.0
DTXSID2057601,2063,0.0,0.0
DTXSID2057603,2063,0.0,0.0
DTXSID2057607,2063,0.0,0.0
DTXSID2057609,2063,0.0,0.0
DTXSID2057651,2063,0.0,0.0
DTXSID2057653,2063,0.0,0.0
DTXSID2057655,2063,4.2793375137175495e-18,0.0
DTXSID2057657,2063,0.0,0.0
DTXSID2057659,2063,0.0,0.0
DTXSID2057730,2063,1.4009171527398282e-16,0.0
DTXSID2057732,2063,0.0,0.0
DTXSID2057734,2063,0.0,0.0
DTXSID2057736,2063,0.0,0.0
DTXSID2057738,2063,0.0,0.0
DTXSID2057780,2063,0.0,0.0
DTXSID2057782,2063,0.0,0.0
DTXSID2057784,2063,0.0,0.0
DTXSID2057786,2063,0.0,0.0
DTXSID2057788,2063,0.0,0.0
DTXSID2057811,2063,0.0,0.0
DTXSID2057813,2063,0.0,0.0
DTXSID2057815,2063,0.0,0.0
DTXSID2057817,2063,0.0,0.0
DTXSID2057819,2063,0.0,0.0
DTXSID3020043,2063,0.0,0.0
DTXSID3020047,2063,0.0,0.0
DTXSID3020091,2063,0.0,0.0
DTXSID3020093,2063,0.0,0.0
DTXSID3020095,2063,0.0,0.0
DTXSID3020097,2063,0.0,0.0
DTXSID3020099,2063,0.9998361239622894,1.0
DTXSID3020120,2063,0.999999999989217,1.0
DTXSID3020122,2063,0.0,0.0
DTXSID3020128,2063,0.0,0.0
DTXSID3020205,2063,0.0,0.0
DTXSID3020207,2063,0.9997597740432477,1.0
DTXSID3020209,2063,2.2008910947202237e-14,0.0
DTXSID3020257,2063,0.0,0.0
DTXSID3020330,2063,0.9996509329455316,1.0
DTXSID3020332,2063,0.0,0.0
DTXSID3020336,2063,0.0,0.0
DTXSID3020380,2063,5.1526935487407964e-05,0.0
DTXSID3020384,2063,0.0,0.0
DTXSID3020413,2063,0.0,0.0
DTXSID3020415,2063,0.0,0.0
DTXSID3020419,2063,1.0,1.0
DTXSID3020463,2063,0.0,0.0
DTXSID3020465,2063,0.9999845867420624,1.0
DTXSID3020540,2063,0.0,0.0
DTXSID3020546,2063,0.0,0.0
DTXSID3020548,2063,0.0,0.0
DTXSID3020596,2063,0.0,0.0
DTXSID3020598,2063,0.0,0.0
DTXSID3020621,2063,0.9770146665028923,1.0
DTXSID3020625,2063,0.0,0.0
DTXSID3020627,2063,1.3972685615599535e-14,0.0
DTXSID3020629,2063,0.0,0.0
DTXSID3020671,2063,0.0,0.0
DTXSID3020673,2063,0.0,0.0
DTXSID3020679,2063,0.9999962599340092,1.0
DTXSID3020704,2063,0.0004325889806617528,0.0
DTXSID3020706,2063,0.9999797040867201,1.0
DTXSID3020708,2063,0.0,0.0
DTXSID3020750,2063,0.0,0.0
DTXSID3020752,2063,0.0,0.0
DTXSID3020756,2063,0.0,0.0
DTXSID3020833,2063,0.0,0.0
DTXSID3020835,2063,0.0,0.0
DTXSID3020881,2063,0.0,0.0
DTXSID3020887,2063,0.0,0.0
DTXSID3020889,2063,0.0,0.0
DTXSID3020910,2063,0.0,0.0
DTXSID3020912,2063,0.0,0.0
DTXSID3020914,2063,0.0,0.0
DTXSID3020916,2063,0.0,0.0
DTXSID3020918,2063,0.0,0.0
DTXSID3020960,2063,0.0,0.0
DTXSID3020962,2063,0.0,0.0
DTXSID3020964,2063,0.0,0.0
DTXSID3020966,2063,0.0,0.0
DTXSID3021065,2063,0.0,0.0
DTXSID3021140,2063,0.0,0.0
DTXSID3021142,2063,0.0,0.0
DTXSID3021144,2063,0.0,0.0
DTXSID3021148,2063,0.0,0.0
DTXSID3021190,2063,0.0,0.0
DTXSID3021192,2063,0.0,0.0
DTXSID3021196,2063,0.0,0.0
DTXSID3021198,2063,1.755740392873483e-19,0.0
DTXSID3021221,2063,0.0,0.0
DTXSID3021223,2063,9.078967430673122e-05,0.0
DTXSID3021275,2063,0.0,0.0
DTXSID3021277,2063,0.0,0.0
DTXSID3021304,2063,0.0,0.0
DTXSID3021354,2063,0.0,0.0
DTXSID3021356,2063,0.0,0.0
DTXSID3021358,2063,0.0,0.0
DTXSID3021431,2063,0.0,0.0
DTXSID3021437,2063,0.0,0.0
DTXSID3021483,2063,0.0,0.0
DTXSID3021485,2063,0.0,0.0
DTXSID3021487,2063,0.0,0.0
DTXSID3021516,2063,0.0,0.0
DTXSID3021518,2063,0.0,0.0
DTXSID3021562,2063,0.0,0.0
DTXSID3021641,2063,0.0,0.0
DTXSID3021643,2063,0.0,0.0
DTXSID3021645,2063,0.0,0.0
DTXSID3021647,2063,7.41651151306401e-13,0.0
DTXSID3021726,2063,0.0,0.0
DTXSID3021770,2063,0.9986394748882003,1.0
DTXSID3021772,2063,0.0,0.0
DTXSID3021774,2063,0.0,0.0
DTXSID3021778,2063,1.1881014799650006e-12,0.0
DTXSID3021801,2063,0.0,0.0
DTXSID3021803,2063,0.0,0.0
DTXSID3021805,2063,0.0,0.0
DTXSID3021807,2063,1.1351721805885596e-18,0.0
DTXSID3021851,2063,0.0,0.0
DTXSID3021853,2063,0.0,0.0
DTXSID3021930,2063,0.0,0.0
DTXSID3021932,2063,0.0,0.0
DTXSID3021936,2063,0.0,0.0
DTXSID3021938,2063,0.0,0.0
DTXSID3021980,2063,0.0,0.0
DTXSID3021982,2063,0.0,0.0
DTXSID3021984,2063,9.525049516499175e-11,0.0
DTXSID3021986,2063,0.0,0.0
DTXSID3021988,2063,0.0,0.0
DTXSID3022035,2063,0.0,0.0
DTXSID3022085,2063,0.0,0.0
DTXSID3022089,2063,0.0,0.0
DTXSID3022160,2063,0.6021193659638903,0.0
DTXSID3022162,2063,2.485938938329119e-10,0.0
DTXSID3022164,2063,0.0,0.0
DTXSID3022247,2063,0.0,0.0
DTXSID3022320,2063,0.0,0.0
DTXSID3022326,2063,0.0,0.0
DTXSID3022370,2063,3.1715133302516287e-17,0.0
DTXSID3022403,2063,2.09713566769667e-12,0.0
DTXSID3022405,2063,0.0,0.0
DTXSID3022409,2063,0.0,0.0
DTXSID3022455,2063,0.0,0.0
DTXSID3022536,2063,0.9999815213447334,1.0
DTXSID3022582,2063,0.0,0.0
DTXSID3022584,2063,0.0,0.0
DTXSID3022586,2063,0.0,0.0
DTXSID3022588,2063,0.0,0.0
DTXSID3022611,2063,0.0,0.0
DTXSID3022617,2063,0.0,0.0
DTXSID3022663,2063,0.9978657010290789,1.0
DTXSID3022667,2063,0.0,0.0
DTXSID3022748,2063,0.0,0.0
DTXSID3022798,2063,0.0,0.0
DTXSID3022821,2063,0.4369818745807282,0.0
DTXSID3022825,2063,2.4827969130332416e-18,0.0
DTXSID3022829,2063,0.0,0.0
DTXSID3022871,2063,0.0,0.0
DTXSID3022877,2063,0.0,0.0
DTXSID3022904,2063,,
DTXSID3022906,2063,0.0,0.0
DTXSID3022950,2063,0.0,0.0
DTXSID3022956,2063,0.0,0.0
DTXSID3022958,2063,0.0,0.0
DTXSID3023007,2063,0.0,0.0
DTXSID3023051,2063,0.0,0.0
DTXSID3023057,2063,0.0,0.0
DTXSID3023059,2063,0.0,0.0
DTXSID3023132,2063,0.0,0.0
DTXSID3023180,2063,0.8921443748726,0.0
DTXSID3023188,2063,0.0,0.0
DTXSID3023261,2063,0.0,0.0
DTXSID3023265,2063,0.0,0.0
DTXSID3023269,2063,0.0,0.0
DTXSID3023340,2063,0.0,0.0
DTXSID3023342,2063,0.0,0.0
DTXSID3023425,2063,1.2720358806109057e-14,0.0
DTXSID3023427,2063,0.0,0.0
DTXSID3023471,2063,0.0,0.0
DTXSID3023479,2063,0.0,0.0
DTXSID3023502,2063,0.0,0.0
DTXSID3023508,2063,0.0,0.0
DTXSID3023550,2063,0.9999964242779863,1.0
DTXSID3023556,2063,0.0,0.0
DTXSID3023685,2063,1.637808278967911e-08,0.0
DTXSID3023687,2063,0.0,0.0
DTXSID3023712,2063,0.0,0.0
DTXSID3023716,2063,0.0,0.0
DTXSID3023718,2063,0.0,0.0
DTXSID3023764,2063,1.4265733865722532e-16,0.0
DTXSID3023845,2063,0.0,0.0
DTXSID3023897,2063,0.0,0.0
DTXSID3023899,2063,0.0,0.0
DTXSID3023974,2063,0.0,0.0
DTXSID3024077,2063,0.0,0.0
DTXSID3024100,2063,0.0,0.0
DTXSID3024102,2063,0.0,0.0
DTXSID3024104,2063,0.0,0.0
DTXSID3024108,2063,0.0,0.0
DTXSID3024152,2063,0.0,0.0
DTXSID3024154,2063,0.0,0.0
DTXSID3024235,2063,0.0,0.0
DTXSID3024239,2063,1.1289655100357692e-10,0.0
DTXSID3024287,2063,0.0,0.0
DTXSID3024289,2063,0.0,0.0
DTXSID3024316,2063,0.0,0.0
DTXSID3024318,2063,0.0,0.0
DTXSID3024362,2063,0.0,0.0
DTXSID3024366,2063,0.0,0.0
DTXSID3024368,2063,0.0,0.0
DTXSID3024441,2063,0.0,0.0
DTXSID3024447,2063,0.0,0.0
DTXSID3024449,2063,0.0,0.0
DTXSID3024491,2063,0.0,0.0
DTXSID3024497,2063,0.0,0.0
DTXSID3024499,2063,0.9999714494449456,1.0
DTXSID3024522,2063,0.0,0.0
DTXSID3024528,2063,0.0,0.0
DTXSID3024574,2063,0.0,0.0
DTXSID3024603,2063,0.0,0.0
DTXSID3024657,2063,0.0,0.0
DTXSID3024659,2063,0.0,0.0
DTXSID3024736,2063,2.183976669037995e-17,0.0
DTXSID3024738,2063,0.0,0.0
DTXSID3024780,2063,0.0,0.0
DTXSID3024786,2063,0.0,0.0
DTXSID3024815,2063,0.0,0.0
DTXSID3024861,2063,0.0,0.0
DTXSID3024869,2063,0.0,0.0
DTXSID3024940,2063,0.0,0.0
DTXSID3024942,2063,0.0,0.0
DTXSID3024944,2063,0.9999813352626726,1.0
DTXSID3024994,2063,0.0,0.0
DTXSID3024998,2063,0.0,0.0
DTXSID3025041,2063,0.0,0.0
DTXSID3025045,2063,0.9999999994068619,1.0
DTXSID3025047,2063,0.0,0.0
DTXSID3025049,2063,0.0,0.0
DTXSID3025091,2063,0.0,0.0
DTXSID3025093,2063,3.792668970750722e-09,0.0
DTXSID3025122,2063,0.0,0.0
DTXSID3025170,2063,0.0,0.0
DTXSID3025178,2063,0.0,0.0
DTXSID3025203,2063,0.0,0.0
DTXSID3025209,2063,4.628009225919025e-05,0.0
DTXSID3025253,2063,0.9999997698863288,1.0
DTXSID3025257,2063,0.9999998932145489,1.0
DTXSID3025330,2063,0.0,0.0
DTXSID3025332,2063,0.0,0.0
DTXSID3025338,2063,0.0,0.0
DTXSID3025461,2063,0.0,0.0
DTXSID3025465,2063,0.0,0.0
DTXSID3025469,2063,0.0,0.0
DTXSID3025540,2063,1.0,1.0
DTXSID3025542,2063,0.0,0.0
DTXSID3025590,2063,0.0,0.0
DTXSID3025629,2063,0.0,0.0
DTXSID3025671,2063,0.0,0.0
DTXSID3025706,2063,0.0,0.0
DTXSID3025758,2063,0.0,0.0
DTXSID3025839,2063,0.0,0.0
DTXSID3025881,2063,0.0,0.0
DTXSID3025889,2063,0.0,0.0
DTXSID3026065,2063,0.0,0.0
DTXSID3026067,2063,0.0,0.0
DTXSID3026148,2063,0.0,0.0
DTXSID3026190,2063,0.9999999997586949,1.0
DTXSID3026223,2063,0.0,0.0
DTXSID3026275,2063,0.0,0.0
DTXSID3026279,2063,0.0,0.0
DTXSID3026302,2063,0.0,0.0
DTXSID3026304,2063,0.0,0.0
DTXSID3026306,2063,0.0,0.0
DTXSID3026308,2063,0.0,0.0
DTXSID3026512,2063,0.0,0.0
DTXSID3026514,2063,0.0,0.0
DTXSID3026516,2063,0.0,0.0
DTXSID3026560,2063,7.555582998247045e-18,0.0
DTXSID3026562,2063,0.0,0.0
DTXSID3026564,2063,0.0,0.0
DTXSID3026566,2063,0.0,0.0
DTXSID3026641,2063,0.0,0.0
DTXSID3026645,2063,0.0,0.0
DTXSID3026647,2063,0.0,0.0
DTXSID3026691,2063,0.0,0.0
DTXSID3026697,2063,5.9523087812207925e-09,0.0
DTXSID3026724,2063,0.0,0.0
DTXSID3026726,2063,0.0,0.0
DTXSID3026728,2063,0.0,0.0
DTXSID3026851,2063,0.0,0.0
DTXSID3026932,2063,0.0,0.0
DTXSID3026984,2063,0.0,0.0
DTXSID3027037,2063,0.0,0.0
DTXSID3027039,2063,0.0,0.0
DTXSID3027085,2063,0.0,0.0
DTXSID3027116,2063,0.0,0.0
DTXSID3027241,2063,0.0,0.0
DTXSID3027247,2063,0.0,0.0
DTXSID3027249,2063,0.0,0.0
DTXSID3027291,2063,0.0,0.0
DTXSID3027293,2063,4.667941594762486e-18,0.0
DTXSID3027295,2063,0.0,0.0
DTXSID3027297,2063,0.0,0.0
DTXSID3027320,2063,0.0,0.0
DTXSID3027322,2063,0.0,0.0
DTXSID3027328,2063,0.0,0.0
DTXSID3027370,2063,0.0,0.0
DTXSID3027401,2063,0.0,0.0
DTXSID3027403,2063,1.0,1.0
DTXSID3027405,2063,0.0,0.0
DTXSID3027407,2063,0.0,0.0
DTXSID3027530,2063,6.670271749347557e-17,0.0
DTXSID3027534,2063,0.0,0.0
DTXSID3027536,2063,0.0,0.0
DTXSID3027580,2063,0.0,0.0
DTXSID3027584,2063,0.0,0.0
DTXSID3027586,2063,0.0,0.0
DTXSID3027588,2063,0.0,0.0
DTXSID3027615,2063,0.0,0.0
DTXSID3027617,2063,0.0,0.0
DTXSID3027740,2063,7.338159645243094e-16,0.0
DTXSID3027790,2063,0.0,0.0
DTXSID3027792,2063,0.0,0.0
DTXSID3027798,2063,0.0,0.0
DTXSID3027823,2063,0.0,0.0
DTXSID3027829,2063,0.0,0.0
DTXSID3027875,2063,0.0,0.0
DTXSID3027877,2063,0.0,0.0
DTXSID3027902,2063,2.8907103982687936e-19,0.0
DTXSID3027950,2063,0.999999450177546,1.0
DTXSID3028001,2063,0.0,0.0
DTXSID3028005,2063,0.0,0.0
DTXSID3029108,2063,0.0,0.0
DTXSID3029150,2063,0.0,0.0
DTXSID3029152,2063,0.0,0.0
DTXSID3029154,2063,0.0,0.0
DTXSID3029158,2063,0.0,0.0
DTXSID3029231,2063,0.0,0.0
DTXSID3029233,2063,0.0,0.0
DTXSID3029235,2063,0.0,0.0
DTXSID3029237,2063,8.28974402447027e-08,0.0
DTXSID3029281,2063,0.0,0.0
DTXSID3029283,2063,0.0,0.0
DTXSID3029287,2063,0.0,0.0
DTXSID3029289,2063,0.0,0.0
DTXSID3029310,2063,0.0,0.0
DTXSID3029312,2063,0.0,0.0
DTXSID3029362,2063,0.999994704651401,1.0
DTXSID3029364,2063,0.0,0.0
DTXSID3029572,2063,0.0,0.0
DTXSID3029607,2063,0.0,0.0
DTXSID3029651,2063,0.0,0.0
DTXSID3029653,2063,0.0,0.0
DTXSID3029655,2063,0.0,0.0
DTXSID3029815,2063,9.562440077065937e-06,0.0
DTXSID3029869,2063,2.1872991637610106e-16,0.0
DTXSID3030056,2063,1.0298165422153663e-06,0.0
DTXSID3030189,2063,0.0,0.0
DTXSID3030428,2063,0.0,0.0
DTXSID3030636,2063,0.9999999999495917,1.0
DTXSID3031444,2063,0.0,0.0
DTXSID3031492,2063,0.0,0.0
DTXSID3031521,2063,0.0,0.0
DTXSID3031860,2063,0.0,0.0
DTXSID3031862,2063,0.0,0.0
DTXSID3031864,2063,0.9490010310428343,1.0
DTXSID3032129,2063,0.0,0.0
DTXSID3032331,2063,0.9999999999383449,1.0
DTXSID3032337,2063,0.0,0.0
DTXSID3032389,2063,0.0,0.0
DTXSID3032412,2063,0.0,0.0
DTXSID3032416,2063,0.0,0.0
DTXSID3032464,2063,3.2382548599278303e-13,0.0
DTXSID3032541,2063,0.9999999999978235,1.0
DTXSID3032547,2063,8.573165738934352e-10,0.0
DTXSID3032549,2063,8.349221369565502e-18,0.0
DTXSID3032591,2063,0.0,0.0
DTXSID3032620,2063,0.0,0.0
DTXSID3032622,2063,0.0,0.0
DTXSID3032624,2063,8.268535809066786e-15,0.0
DTXSID3032626,2063,0.0,0.0
DTXSID3032628,2063,0.0,0.0
DTXSID3032670,2063,0.0,0.0
DTXSID3032751,2063,0.9999987725170099,1.0
DTXSID3032759,2063,0.008388110616609035,0.0
DTXSID3032832,2063,0.0,0.0
DTXSID3033276,2063,0.0,0.0
DTXSID3033307,2063,0.999999997193963,1.0
DTXSID3033511,2063,0.0,0.0
DTXSID3033519,2063,0.0,0.0
DTXSID3033983,2063,0.0,0.0
DTXSID3033989,2063,0.0,0.0
DTXSID3034113,2063,0.0,0.0
DTXSID3034165,2063,0.0,0.0
DTXSID3034402,2063,0.0,0.0
DTXSID3034456,2063,4.051743035535758e-15,0.0
DTXSID3034458,2063,0.08528746194191615,0.0
DTXSID3034531,2063,0.0,0.0
DTXSID3034583,2063,0.0,0.0
DTXSID3034612,2063,0.0,0.0
DTXSID3034614,2063,0.0,0.0
DTXSID3034618,2063,0.0,0.0
DTXSID3034662,2063,0.9812644727631111,1.0
DTXSID3034664,2063,0.0,0.0
DTXSID3034872,2063,0.0,0.0
DTXSID3034903,2063,3.903179121693381e-15,0.0
DTXSID3034957,2063,0.0,0.0
DTXSID3035214,2063,0.0,0.0
DTXSID3035266,2063,0.0,0.0
DTXSID3035341,2063,0.0,0.0
DTXSID3036105,2063,0.0,0.0
DTXSID3036286,2063,0.0,0.0
DTXSID3036288,2063,0.0,0.0
DTXSID3036496,2063,0.0,0.0
DTXSID3036525,2063,0.0,0.0
DTXSID3037094,2063,0.9999971361740988,1.0
DTXSID3037208,2063,4.463392457547115e-16,0.0
DTXSID3037250,2063,0.0,0.0
DTXSID3037541,2063,0.0009962223234401119,0.0
DTXSID3037545,2063,2.4645046034207327e-16,0.0
DTXSID3037626,2063,0.0,0.0
DTXSID3037707,2063,0.0,0.0
DTXSID3037709,2063,0.0,0.0
DTXSID3037757,2063,0.0,0.0
DTXSID3038694,2063,0.0,0.0
DTXSID3038696,2063,0.0,0.0
DTXSID3038725,2063,0.0,0.0
DTXSID3038771,2063,0.0,0.0
DTXSID3038800,2063,0.0,0.0
DTXSID3038808,2063,0.0,0.0
DTXSID3038852,2063,0.0,0.0
DTXSID3038939,2063,1.185951721281916e-10,0.0
DTXSID3039240,2063,0.9999086982971667,1.0
DTXSID3039242,2063,0.0,0.0
DTXSID3040271,2063,0.0,0.0
DTXSID3040279,2063,1.237978426428748e-12,0.0
DTXSID3040300,2063,0.0,0.0
DTXSID3040352,2063,0.9999999999830348,1.0
DTXSID3040643,2063,0.0,0.0
DTXSID3040647,2063,0.0,0.0
DTXSID3040691,2063,0.0,0.0
DTXSID3040693,2063,0.0,0.0
DTXSID3040697,2063,0.0,0.0
DTXSID3040699,2063,0.0,0.0
DTXSID3040720,2063,0.0,0.0
DTXSID3040722,2063,0.0,0.0
DTXSID3040724,2063,0.0,0.0
DTXSID3040726,2063,0.0,0.0
DTXSID3040728,2063,0.0,0.0
DTXSID3040770,2063,6.763457491691511e-14,0.0
DTXSID3040774,2063,0.0,0.0
DTXSID3040776,2063,0.0,0.0
DTXSID3040801,2063,0.00012679182574740208,0.0
DTXSID3040980,2063,0.0,0.0
DTXSID3041085,2063,0.0,0.0
DTXSID3041247,2063,7.440415089522063e-16,0.0
DTXSID3041293,2063,0.0,0.0
DTXSID3041299,2063,0.0,0.0
DTXSID3041328,2063,0.0,0.0
DTXSID3041370,2063,0.0,0.0
DTXSID3041372,2063,0.0,0.0
DTXSID3041376,2063,0.0,0.0
DTXSID3041403,2063,0.0,0.0
DTXSID3041405,2063,0.0,0.0
DTXSID3041409,2063,0.6600707420528672,0.0
DTXSID3041451,2063,0.0,0.0
DTXSID3041530,2063,0.0,0.0
DTXSID3041580,2063,0.0,0.0
DTXSID3041611,2063,0.8519888602199897,0.0
DTXSID3041613,2063,0.0,0.0
DTXSID3041615,2063,0.0,0.0
DTXSID3041617,2063,0.9999556387771902,1.0
DTXSID3041619,2063,0.0,0.0
DTXSID3041661,2063,0.0,0.0
DTXSID3041663,2063,0.0,0.0
DTXSID3041665,2063,0.9999999716666474,1.0
DTXSID3041744,2063,0.0,0.0
DTXSID3041790,2063,0.0,0.0
DTXSID3041794,2063,0.0,0.0
DTXSID3041827,2063,0.0,0.0
DTXSID3041873,2063,0.0,0.0
DTXSID3041877,2063,0.0,0.0
DTXSID3041954,2063,0.0,0.0
DTXSID3042007,2063,0.0,0.0
DTXSID3042051,2063,0.0,0.0
DTXSID3042053,2063,0.0,0.0
DTXSID3042059,2063,0.0,0.0
DTXSID3042130,2063,0.999924012301992,1.0
DTXSID3042180,2063,0.0,0.0
DTXSID3042188,2063,0.0,0.0
DTXSID3042215,2063,0.0,0.0
DTXSID3042219,2063,0.0,0.0
DTXSID3042261,2063,8.497104091199922e-05,0.0
DTXSID3042263,2063,7.39551451154716e-08,0.0
DTXSID3042269,2063,4.8756898952844236e-17,0.0
DTXSID3042390,2063,0.9947614662158588,1.0
DTXSID3042394,2063,0.0,0.0
DTXSID3042423,2063,0.0,0.0
DTXSID3042477,2063,0.9977697911319715,1.0
DTXSID3042500,2063,1.0,1.0
DTXSID3042633,2063,0.0,0.0
DTXSID3043782,2063,0.0,0.0
DTXSID3044124,2063,0.0,0.0
DTXSID3044128,2063,0.0,0.0
DTXSID3044201,2063,0.0,0.0
DTXSID3044203,2063,0.0,0.0
DTXSID3044205,2063,0.0,0.0
DTXSID3044251,2063,0.0,0.0
DTXSID3044332,2063,0.0,0.0
DTXSID3044334,2063,0.0,0.0
DTXSID3044338,2063,0.0,0.0
DTXSID3044380,2063,0.0,0.0
DTXSID3044382,2063,0.0,0.0
DTXSID3044384,2063,0.0,0.0
DTXSID3044388,2063,0.0,0.0
DTXSID3044411,2063,0.0,0.0
DTXSID3044413,2063,0.0,0.0
DTXSID3044415,2063,0.9999999999999923,1.0
DTXSID3044461,2063,0.0,0.0
DTXSID3044463,2063,0.0,0.0
DTXSID3044465,2063,0.0,0.0
DTXSID3044469,2063,0.0,0.0
DTXSID3044542,2063,0.0,0.0
DTXSID3044544,2063,0.9999999999995731,1.0
DTXSID3044590,2063,,
DTXSID3044598,2063,0.0,0.0
DTXSID3044621,2063,0.0,0.0
DTXSID3044623,2063,0.9857091342826437,1.0
DTXSID3044625,2063,0.0,0.0
DTXSID3044627,2063,0.0,0.0
DTXSID3044629,2063,0.0,0.0
DTXSID3044679,2063,0.0,0.0
DTXSID3044700,2063,0.0,0.0
DTXSID3044702,2063,0.0,0.0
DTXSID3044704,2063,0.0,0.0
DTXSID3044706,2063,0.0,0.0
DTXSID3044750,2063,7.696566405879865e-17,0.0
DTXSID3044752,2063,0.0,0.0
DTXSID3044754,2063,0.0,0.0
DTXSID3044756,2063,0.0,0.0
DTXSID3044758,2063,0.0,0.0
DTXSID3044831,2063,0.0,0.0
DTXSID3044833,2063,0.0,0.0
DTXSID3044835,2063,0.0,0.0
DTXSID3044837,2063,0.0,0.0
DTXSID3044839,2063,0.0,0.0
DTXSID3044881,2063,0.0,0.0
DTXSID3044883,2063,0.0,0.0
DTXSID3044887,2063,1.6574168975543302e-13,0.0
DTXSID3044889,2063,0.0,0.0
DTXSID3044910,2063,0.9999530862989282,1.0
DTXSID3044914,2063,1.2582603062011944e-18,0.0
DTXSID3044916,2063,0.0,0.0
DTXSID3044918,2063,0.0,0.0
DTXSID3044960,2063,0.0,0.0
DTXSID3044962,2063,0.0,0.0
DTXSID3044966,2063,0.9999974554098147,1.0
DTXSID3045140,2063,0.0,0.0
DTXSID3045190,2063,0.0,0.0
DTXSID3045192,2063,0.0,0.0
DTXSID3045194,2063,0.0,0.0
DTXSID3045196,2063,0.0,0.0
DTXSID3045198,2063,0.0,0.0
DTXSID3045221,2063,0.0,0.0
DTXSID3045223,2063,0.0,0.0
DTXSID3045227,2063,0.0,0.0
DTXSID3045229,2063,0.0,0.0
DTXSID3045271,2063,0.0,0.0
DTXSID3045300,2063,0.0,0.0
DTXSID3045304,2063,0.0,0.0
DTXSID3045306,2063,0.0,0.0
DTXSID3045433,2063,0.0,0.0
DTXSID3045435,2063,0.0,0.0
DTXSID3045437,2063,0.0,0.0
DTXSID3045485,2063,0.0,0.0
DTXSID3045514,2063,0.0,0.0
DTXSID3045560,2063,0.0,0.0
DTXSID3045562,2063,0.0,0.0
DTXSID3045645,2063,0.0,0.0
DTXSID3045647,2063,0.0,0.0
DTXSID3045649,2063,0.0,0.0
DTXSID3045695,2063,0.0,0.0
DTXSID3045697,2063,0.0,0.0
DTXSID3045770,2063,0.0,0.0
DTXSID3045776,2063,0.0,0.0
DTXSID3045778,2063,0.0,0.0
DTXSID3045805,2063,0.0,0.0
DTXSID3045807,2063,0.0,0.0
DTXSID3045851,2063,0.0,0.0
DTXSID3045857,2063,0.0,0.0
DTXSID3045859,2063,0.0,0.0
DTXSID3045930,2063,0.0,0.0
DTXSID3045934,2063,0.0,0.0
DTXSID3046081,2063,0.0,0.0
DTXSID3046083,2063,0.02689165081572816,0.0
DTXSID3046110,2063,0.0,0.0
DTXSID3046114,2063,0.0,0.0
DTXSID3046162,2063,0.0,0.0
DTXSID3046295,2063,0.0,0.0
DTXSID3046297,2063,0.0,0.0
DTXSID3046299,2063,0.0,0.0
DTXSID3046320,2063,0.0,0.0
DTXSID3046324,2063,0.0,0.0
DTXSID3046326,2063,0.0,0.0
DTXSID3046401,2063,1.4056057871934624e-07,0.0
DTXSID3046403,2063,0.0,0.0
DTXSID3046405,2063,0.0,0.0
DTXSID3046409,2063,0.0,0.0
DTXSID3046451,2063,0.0,0.0
DTXSID3046453,2063,0.9977391089674318,1.0
DTXSID3046457,2063,0.0,0.0
DTXSID3046459,2063,0.0,0.0
DTXSID3046534,2063,0.0,0.0
DTXSID3046536,2063,0.0,0.0
DTXSID3046580,2063,0.0,0.0
DTXSID3046584,2063,0.0,0.0
DTXSID3046619,2063,0.9999590106878493,1.0
DTXSID3046663,2063,0.0,0.0
DTXSID3046665,2063,9.505738931388112e-15,0.0
DTXSID3046740,2063,9.866864197198328e-06,0.0
DTXSID3046742,2063,0.0,0.0
DTXSID3046744,2063,0.0,0.0
DTXSID3046748,2063,0.0,0.0
DTXSID3046792,2063,0.9999977257918712,1.0
DTXSID3046798,2063,0.0,0.0
DTXSID3046821,2063,0.0,0.0
DTXSID3046823,2063,8.6174454771196e-05,0.0
DTXSID3046908,2063,0.0,0.0
DTXSID3047001,2063,0.0,0.0
DTXSID3047003,2063,0.0,0.0
DTXSID3047051,2063,0.0,0.0
DTXSID3047053,2063,0.0,0.0
DTXSID3047055,2063,0.0,0.0
DTXSID3047057,2063,0.0,0.0
DTXSID3047059,2063,0.0,0.0
DTXSID3047130,2063,0.0,0.0
DTXSID3047132,2063,0.0,0.0
DTXSID3047134,2063,0.0,0.0
DTXSID3047136,2063,0.0,0.0
DTXSID3047138,2063,0.0,0.0
DTXSID3047180,2063,0.0,0.0
DTXSID3047182,2063,0.0,0.0
DTXSID3047184,2063,0.0,0.0
DTXSID3047186,2063,0.0,0.0
DTXSID3047188,2063,0.0,0.0
DTXSID3047261,2063,0.0,0.0
DTXSID3047263,2063,0.0,0.0
DTXSID3047265,2063,9.027391644704282e-09,0.0
DTXSID3047267,2063,0.0,0.0
DTXSID3047342,2063,0.9993221598094624,1.0
DTXSID3047344,2063,0.0,0.0
DTXSID3047346,2063,0.0,0.0
DTXSID3047348,2063,1.0376482098272867e-13,0.0
DTXSID3047394,2063,0.0,0.0
DTXSID3047423,2063,1.556315444401281e-16,0.0
DTXSID3047425,2063,0.0,0.0
DTXSID3047427,2063,,
DTXSID3047429,2063,0.0,0.0
DTXSID3047471,2063,0.0,0.0
DTXSID3047473,2063,4.399052682858909e-09,0.0
DTXSID3047477,2063,0.0,0.0
DTXSID3047504,2063,9.06360450874385e-14,0.0
DTXSID3047508,2063,0.0,0.0
DTXSID3047552,2063,0.0,0.0
DTXSID3047554,2063,0.0,0.0
DTXSID3047556,2063,0.0,0.0
DTXSID3047558,2063,0.0,0.0
DTXSID3047631,2063,0.0,0.0
DTXSID3047633,2063,0.0,0.0
DTXSID3047637,2063,0.0,0.0
DTXSID3047639,2063,0.0,0.0
DTXSID3047681,2063,0.0,0.0
DTXSID3047683,2063,0.0,0.0
DTXSID3047687,2063,0.0,0.0
DTXSID3047712,2063,0.0,0.0
DTXSID3047716,2063,0.0,0.0
DTXSID3047760,2063,0.0,0.0
DTXSID3047843,2063,2.8844840156275085e-06,0.0
DTXSID3047849,2063,0.0,0.0
DTXSID3047891,2063,1.3358331015242784e-13,0.0
DTXSID3047893,2063,0.9999889160761906,1.0
DTXSID3047895,2063,0.9999991215326145,1.0
DTXSID3047897,2063,0.0,0.0
DTXSID3047899,2063,0.0,0.0
DTXSID3047920,2063,0.0,0.0
DTXSID3047922,2063,0.0,0.0
DTXSID3047924,2063,0.0,0.0
DTXSID3047926,2063,0.9999999999999882,1.0
DTXSID3047928,2063,0.0,0.0
DTXSID3047970,2063,0.0,0.0
DTXSID3047972,2063,0.0,0.0
DTXSID3047974,2063,0.5235807525082933,0.0
DTXSID3048520,2063,0.0,0.0
DTXSID3048522,2063,0.0,0.0
DTXSID3048574,2063,0.0,0.0
DTXSID3048576,2063,0.0,0.0
DTXSID3048603,2063,0.0,0.0
DTXSID3048605,2063,0.0,0.0
DTXSID3048607,2063,0.0,0.0
DTXSID3048653,2063,0.9999999999284727,1.0
DTXSID3048655,2063,0.0,0.0
DTXSID3048657,2063,0.999931360484299,1.0
DTXSID3048659,2063,0.0,0.0
DTXSID3048732,2063,0.0,0.0
DTXSID3048780,2063,0.0,0.0
DTXSID3048782,2063,0.0,0.0
DTXSID3048786,2063,0.4795799146812615,0.0
DTXSID3048788,2063,0.0,0.0
DTXSID3048811,2063,1.783982081679168e-11,0.0
DTXSID3048815,2063,0.0,0.0
DTXSID3048817,2063,0.0,0.0
DTXSID3048819,2063,0.0,0.0
DTXSID3048861,2063,0.0,0.0
DTXSID3048863,2063,0.0,0.0
DTXSID3048869,2063,0.0,0.0
DTXSID3048944,2063,0.0,0.0
DTXSID3048948,2063,0.0,0.0
DTXSID3048992,2063,0.0,0.0
DTXSID3048998,2063,0.0,0.0
DTXSID3049041,2063,0.0,0.0
DTXSID3049045,2063,0.0,0.0
DTXSID3049047,2063,0.0,0.0
DTXSID3049049,2063,0.0,0.0
DTXSID3049201,2063,0.0,0.0
DTXSID3049203,2063,0.0,0.0
DTXSID3049205,2063,0.999999895422155,1.0
DTXSID3049207,2063,0.0,0.0
DTXSID3049209,2063,,
DTXSID3049251,2063,0.0,0.0
DTXSID3049253,2063,0.9999997909931375,1.0
DTXSID3049255,2063,0.0,0.0
DTXSID3049257,2063,0.0,0.0
DTXSID3049259,2063,0.0,0.0
DTXSID3049330,2063,0.0,0.0
DTXSID3049332,2063,1.7640762919156006e-09,0.0
DTXSID3049334,2063,0.0,0.0
DTXSID3049336,2063,0.0,0.0
DTXSID3049338,2063,0.0,0.0
DTXSID3049380,2063,0.0,0.0
DTXSID3049382,2063,0.0,0.0
DTXSID3049384,2063,0.0,0.0
DTXSID3049386,2063,0.0,0.0
DTXSID3049388,2063,0.0,0.0
DTXSID3049411,2063,0.0,0.0
DTXSID3049413,2063,0.0,0.0
DTXSID3049415,2063,0.0,0.0
DTXSID3049417,2063,0.9999999999988197,1.0
DTXSID3049419,2063,0.0,0.0
DTXSID3049461,2063,0.0,0.0
DTXSID3049463,2063,0.0,0.0
DTXSID3049465,2063,0.0,0.0
DTXSID3049467,2063,0.0,0.0
DTXSID3049469,2063,0.0,0.0
DTXSID3049540,2063,0.0,0.0
DTXSID3049542,2063,0.0,0.0
DTXSID3049544,2063,0.0,0.0
DTXSID3049546,2063,0.0,0.0
DTXSID3049548,2063,0.0,0.0
DTXSID3051381,2063,0.0,0.0
DTXSID3051707,2063,0.9991359488789161,1.0
DTXSID3051834,2063,0.0,0.0
DTXSID3051836,2063,0.0,0.0
DTXSID3052010,2063,0.0,0.0
DTXSID3052060,2063,0.0,0.0
DTXSID3052228,2063,0.0,0.0
DTXSID3052278,2063,0.0,0.0
DTXSID3052301,2063,0.0,0.0
DTXSID3052307,2063,0.0,0.0
DTXSID3052309,2063,0.0,0.0
DTXSID3052511,2063,0.0,0.0
DTXSID3052567,2063,0.0,0.0
DTXSID3052648,2063,0.0,0.0
DTXSID3057640,2063,0.0,0.0
DTXSID3057642,2063,0.0,0.0
DTXSID3057644,2063,0.0,0.0
DTXSID3057646,2063,0.0,0.0
DTXSID3057648,2063,0.0,0.0
DTXSID3057690,2063,0.0,0.0
DTXSID3057692,2063,0.0,0.0
DTXSID3057694,2063,0.0,0.0
DTXSID3057696,2063,0.0,0.0
DTXSID3057698,2063,0.0,0.0
DTXSID3057721,2063,0.0,0.0
DTXSID3057723,2063,0.0,0.0
DTXSID3057725,2063,0.0,0.0
DTXSID3057727,2063,0.0,0.0
DTXSID3057729,2063,0.0,0.0
DTXSID3057771,2063,0.0,0.0
DTXSID3057773,2063,0.0,0.0
DTXSID3057775,2063,0.0,0.0
DTXSID3057777,2063,0.0,0.0
DTXSID3057779,2063,0.0,0.0
DTXSID3057800,2063,0.0,0.0
DTXSID3057802,2063,0.0,0.0
DTXSID3057804,2063,0.0,0.0
DTXSID3057806,2063,0.0,0.0
DTXSID3057808,2063,0.0,0.0
DTXSID3057850,2063,0.0,0.0
DTXSID3057852,2063,0.0,0.0
DTXSID3057854,2063,0.0,0.0
DTXSID3057856,2063,0.0,0.0
DTXSID3057858,2063,0.0,0.0
DTXSID4020032,2063,0.0,0.0
DTXSID4020086,2063,4.480585693146799e-19,0.0
DTXSID4020088,2063,0.0,0.0
DTXSID4020113,2063,0.0,0.0
DTXSID4020117,2063,0.0,0.0
DTXSID4020119,2063,0.0,0.0
DTXSID4020161,2063,0.0,0.0
DTXSID4020167,2063,0.0,0.0
DTXSID4020240,2063,0.0,0.0
DTXSID4020242,2063,1.0,1.0
DTXSID4020244,2063,0.0,0.0
DTXSID4020246,2063,0.0,0.0
DTXSID4020248,2063,0.0,0.0
DTXSID4020290,2063,0.0,0.0
DTXSID4020292,2063,0.0,0.0
DTXSID4020294,2063,0.9999999998214132,1.0
DTXSID4020296,2063,0.0,0.0
DTXSID4020298,2063,0.0,0.0
DTXSID4020321,2063,0.0,0.0
DTXSID4020325,2063,0.0,0.0
DTXSID4020327,2063,0.0,0.0
DTXSID4020329,2063,0.0,0.0
DTXSID4020371,2063,0.0,0.0
DTXSID4020373,2063,0.9999998340483741,1.0
DTXSID4020375,2063,0.9999994168328625,1.0
DTXSID4020379,2063,0.0,0.0
DTXSID4020400,2063,0.0,0.0
DTXSID4020402,2063,0.0,0.0
DTXSID4020406,2063,0.0,0.0
DTXSID4020450,2063,0.9999999999690451,1.0
DTXSID4020452,2063,0.0,0.0
DTXSID4020458,2063,0.0,0.0
DTXSID4020533,2063,0.0,0.0
DTXSID4020535,2063,2.449254485057432e-09,0.0
DTXSID4020537,2063,0.0,0.0
DTXSID4020539,2063,0.0,0.0
DTXSID4020581,2063,0.0,0.0
DTXSID4020583,2063,0.0,0.0
DTXSID4020587,2063,0.0,0.0
DTXSID4020589,2063,0.9842407974132179,1.0
DTXSID4020612,2063,0.0,0.0
DTXSID4020614,2063,8.676668643429543e-19,0.0
DTXSID4020616,2063,0.0,0.0
DTXSID4020618,2063,0.0,0.0
DTXSID4020664,2063,0.0,0.0
DTXSID4020666,2063,0.0,0.0
DTXSID4020668,2063,0.0,0.0
DTXSID4020743,2063,0.0,0.0
DTXSID4020745,2063,0.0,0.0
DTXSID4020749,2063,1.882467763732728e-13,0.0
DTXSID4020791,2063,0.0,0.0
DTXSID4020820,2063,0.0,0.0
DTXSID4020822,2063,0.0,0.0
DTXSID4020826,2063,0.0,0.0
DTXSID4020828,2063,0.0,0.0
DTXSID4020870,2063,1.0,1.0
DTXSID4020876,2063,0.0,0.0
DTXSID4020878,2063,7.567309087205401e-20,0.0
DTXSID4020901,2063,0.0,0.0
DTXSID4020957,2063,0.0,0.0
DTXSID4020959,2063,0.0,0.0
DTXSID4021002,2063,0.0,0.0
DTXSID4021006,2063,0.0,0.0
DTXSID4021056,2063,0.0,0.0
DTXSID4021131,2063,0.9999767824627939,1.0
DTXSID4021135,2063,0.0,0.0
DTXSID4021137,2063,0.0,0.0
DTXSID4021139,2063,0.0,0.0
DTXSID4021181,2063,0.0,0.0
DTXSID4021185,2063,0.0,0.0
DTXSID4021189,2063,0.0,0.0
DTXSID4021212,2063,0.0,0.0
DTXSID4021214,2063,0.0,0.0
DTXSID4021216,2063,0.0,0.0
DTXSID4021218,2063,9.511491858148063e-11,0.0
DTXSID4021264,2063,0.0,0.0
DTXSID4021268,2063,6.508601502247614e-14,0.0
DTXSID4021341,2063,0.9999999999999988,1.0
DTXSID4021343,2063,0.0,0.0
DTXSID4021347,2063,0.0,0.0
DTXSID4021391,2063,1.7290178747844403e-10,0.0
DTXSID4021393,2063,0.0,0.0
DTXSID4021395,2063,2.945717251721303e-18,0.0
DTXSID4021397,2063,0.0,0.0
DTXSID4021424,2063,0.0,0.0
DTXSID4021426,2063,0.0,0.0
DTXSID4021472,2063,0.0,0.0
DTXSID4021478,2063,0.9999964721849358,1.0
DTXSID4021503,2063,0.0,0.0
DTXSID4021553,2063,0.0,0.0
DTXSID4021557,2063,0.0,0.0
DTXSID4021559,2063,0.0,0.0
DTXSID4021632,2063,0.0,0.0
DTXSID4021634,2063,0.0,0.0
DTXSID4021636,2063,0.0,0.0
DTXSID4021638,2063,0.0,0.0
DTXSID4021680,2063,0.9996229479859305,1.0
DTXSID4021684,2063,0.0,0.0
DTXSID4021688,2063,0.0,0.0
DTXSID4021715,2063,0.999999999953817,1.0
DTXSID4021717,2063,0.0,0.0
DTXSID4021761,2063,0.0,0.0
DTXSID4021767,2063,0.0,0.0
DTXSID4021769,2063,0.0,0.0
DTXSID4021842,2063,1.0577645530732572e-15,0.0
DTXSID4021848,2063,0.0,0.0
DTXSID4021890,2063,0.0,0.0
DTXSID4021892,2063,0.0,0.0
DTXSID4021894,2063,0.0,0.0
DTXSID4021921,2063,0.0,0.0
DTXSID4021923,2063,0.0,0.0
DTXSID4021925,2063,0.0,0.0
DTXSID4021929,2063,0.0,0.0
DTXSID4021971,2063,0.0,0.0
DTXSID4021973,2063,0.0,0.0
DTXSID4021975,2063,1.4778134581734216e-08,0.0
DTXSID4021977,2063,0.0,0.0
DTXSID4021979,2063,0.0,0.0
DTXSID4022020,2063,0.0,0.0
DTXSID4022070,2063,0.0,0.0
DTXSID4022107,2063,0.0,0.0
DTXSID4022109,2063,0.0,0.0
DTXSID4022153,2063,0.9999999999928872,1.0
DTXSID4022159,2063,0.0,0.0
DTXSID4022284,2063,0.0,0.0
DTXSID4022288,2063,0.0,0.0
DTXSID4022311,2063,0.0,0.0
DTXSID4022313,2063,3.352934342564892e-05,0.0
DTXSID4022315,2063,4.5837082730442385e-06,0.0
DTXSID4022361,2063,0.0,0.0
DTXSID4022367,2063,0.0,0.0
DTXSID4022369,2063,0.0,0.0
DTXSID4022442,2063,5.3480333789620135e-11,0.0
DTXSID4022446,2063,0.0,0.0
DTXSID4022448,2063,0.0,0.0
DTXSID4022521,2063,0.0,0.0
DTXSID4022523,2063,0.9999987661632755,1.0
DTXSID4022525,2063,0.9999989913144147,1.0
DTXSID4022527,2063,0.0,0.0
DTXSID4022529,2063,2.187073309176259e-17,0.0
DTXSID4022573,2063,0.0,0.0
DTXSID4022579,2063,0.0,0.0
DTXSID4022602,2063,0.0,0.0
DTXSID4022652,2063,8.49210549209508e-12,0.0
DTXSID4022658,2063,0.0,0.0
DTXSID4022731,2063,0.0,0.0
DTXSID4022783,2063,0.0,0.0
DTXSID4022785,2063,0.0,0.0
DTXSID4022810,2063,0.0,0.0
DTXSID4022812,2063,0.0,0.0
DTXSID4022816,2063,0.0,0.0
DTXSID4022866,2063,0.0,0.0
DTXSID4022868,2063,0.0,0.0
DTXSID4022947,2063,0.0,0.0
DTXSID4022949,2063,0.0,0.0
DTXSID4022991,2063,0.0,0.0
DTXSID4022999,2063,0.9999793067608282,1.0
DTXSID4023042,2063,1.609149271452364e-14,0.0
DTXSID4023094,2063,0.0,0.0
DTXSID4023096,2063,0.0,0.0
DTXSID4023125,2063,0.0,0.0
DTXSID4023175,2063,0.0,0.0
DTXSID4023177,2063,0.9999990961803407,1.0
DTXSID4023179,2063,0.0,0.0
DTXSID4023200,2063,0.0,0.0
DTXSID4023202,2063,0.0,0.0
DTXSID4023252,2063,0.0,0.0
DTXSID4023254,2063,0.0,0.0
DTXSID4023333,2063,0.0,0.0
DTXSID4023385,2063,0.0,0.0
DTXSID4023387,2063,0.0,0.0
DTXSID4023412,2063,0.0,0.0
DTXSID4023414,2063,0.0,0.0
DTXSID4023416,2063,0.0,0.0
DTXSID4023460,2063,0.0,0.0
DTXSID4023462,2063,0.0,0.0
DTXSID4023541,2063,0.0,0.0
DTXSID4023549,2063,0.0,0.0
DTXSID4023591,2063,0.0,0.0
DTXSID4023595,2063,0.0,0.0
DTXSID4023620,2063,0.0,0.0
DTXSID4023622,2063,0.0,0.0
DTXSID4023624,2063,0.0,0.0
DTXSID4023626,2063,0.0,0.0
DTXSID4023628,2063,0.0,0.0
DTXSID4023672,2063,0.0,0.0
DTXSID4023674,2063,0.0,0.0
DTXSID4023676,2063,0.0,0.0
DTXSID4023678,2063,0.0,0.0
DTXSID4023753,2063,0.17371475260771066,0.0
DTXSID4023917,2063,0.0,0.0
DTXSID4024012,2063,0.0,0.0
DTXSID4024014,2063,0.0,0.0
DTXSID4024018,2063,0.0,0.0
DTXSID4024062,2063,0.0,0.0
DTXSID4024064,2063,0.9961463728320427,1.0
DTXSID4024066,2063,0.0,0.0
DTXSID4024143,2063,0.0,0.0
DTXSID4024145,2063,0.0,0.0
DTXSID4024193,2063,0.0,0.0
DTXSID4024195,2063,0.0,0.0
DTXSID4024222,2063,0.0,0.0
DTXSID4024270,2063,1.0699005359963889e-10,0.0
DTXSID4024272,2063,7.579390170492257e-12,0.0
DTXSID4024274,2063,0.9994945678654914,1.0
DTXSID4024276,2063,0.9877098020865461,1.0
DTXSID4024303,2063,0.0,0.0
DTXSID4024359,2063,5.426343595172879e-19,0.0
DTXSID4024436,2063,0.0,0.0
DTXSID4024484,2063,0.0,0.0
DTXSID4024488,2063,0.0,0.0
DTXSID4024515,2063,0.0,0.0
DTXSID4024640,2063,0.0,0.0
DTXSID4024642,2063,0.0,0.0
DTXSID4024644,2063,0.0,0.0
DTXSID4024646,2063,0.0,0.0
DTXSID4024690,2063,0.0,0.0
DTXSID4024692,2063,2.489167517629362e-16,0.0
DTXSID4024696,2063,0.0,0.0
DTXSID4024721,2063,0.0,0.0
DTXSID4024729,2063,0.0,0.0
DTXSID4024771,2063,4.8715584486773725e-09,0.0
DTXSID4024773,2063,0.0,0.0
DTXSID4024775,2063,0.0,0.0
DTXSID4024800,2063,0.0,0.0
DTXSID4024858,2063,0.0,0.0
DTXSID4024931,2063,0.0,0.0
DTXSID4024937,2063,0.0,0.0
DTXSID4024981,2063,0.0,0.0
DTXSID4024983,2063,0.0,0.0
DTXSID4024985,2063,0.0,0.0
DTXSID4025080,2063,0.0,0.0
DTXSID4025082,2063,0.0,0.0
DTXSID4025086,2063,0.0,0.0
DTXSID4025111,2063,0.0,0.0
DTXSID4025113,2063,0.0,0.0
DTXSID4025117,2063,0.0,0.0
DTXSID4025165,2063,0.0,0.0
DTXSID4025167,2063,0.0,0.0
DTXSID4025240,2063,0.0,0.0
DTXSID4025242,2063,0.0,0.0
DTXSID4025292,2063,0.0,0.0
DTXSID4025296,2063,0.0,0.0
DTXSID4025298,2063,0.0,0.0
DTXSID4025329,2063,0.0,0.0
DTXSID4025371,2063,0.0,0.0
DTXSID4025402,2063,0.0,0.0
DTXSID4025404,2063,3.753937357987353e-11,0.0
DTXSID4025406,2063,0.0,0.0
DTXSID4025454,2063,0.0,0.0
DTXSID4025581,2063,0.0003363742863847626,0.0
DTXSID4025587,2063,0.0,0.0
DTXSID4025610,2063,0.0,0.0
DTXSID4025612,2063,0.0,0.0
DTXSID4025662,2063,0.0,0.0
DTXSID4025668,2063,0.0,0.0
DTXSID4025741,2063,0.0,0.0
DTXSID4025743,2063,4.078728061967528e-17,0.0
DTXSID4025745,2063,0.0,0.0
DTXSID4025749,2063,0.0,0.0
DTXSID4025791,2063,0.0,0.0
DTXSID4025793,2063,0.0,0.0
DTXSID4025824,2063,0.0,0.0
DTXSID4025903,2063,0.0,0.0
DTXSID4026000,2063,7.680501972560109e-14,0.0
DTXSID4026050,2063,0.0,0.0
DTXSID4026054,2063,0.0,0.0
DTXSID4026137,2063,0.9999933462588041,1.0
DTXSID4026139,2063,0.0,0.0
DTXSID4026181,2063,0.04672930506810365,0.0
DTXSID4026183,2063,0.0,0.0
DTXSID4026212,2063,0.9970540726736307,1.0
DTXSID4026214,2063,0.5084948017342018,0.0
DTXSID4026216,2063,9.587315700339536e-12,0.0
DTXSID4026262,2063,0.0,0.0
DTXSID4026266,2063,0.0,0.0
DTXSID4026422,2063,0.0,0.0
DTXSID4026472,2063,0.0,0.0
DTXSID4026501,2063,0.0,0.0
DTXSID4026505,2063,0.0,0.0
DTXSID4026557,2063,0.0,0.0
DTXSID4026684,2063,0.0,0.0
DTXSID4026711,2063,0.0,0.0
DTXSID4026713,2063,0.0,0.0
DTXSID4026715,2063,0.0,0.0
DTXSID4026765,2063,0.0,0.0
DTXSID4026769,2063,0.0,0.0
DTXSID4026842,2063,0.0,0.0
DTXSID4026894,2063,0.0,0.0
DTXSID4026921,2063,0.0,0.0
DTXSID4026927,2063,0.0,0.0
DTXSID4026975,2063,0.0,0.0
DTXSID4026979,2063,0.0,0.0
DTXSID4027026,2063,0.0,0.0
DTXSID4027072,2063,0.0,0.0
DTXSID4027076,2063,0.0,0.0
DTXSID4027103,2063,0.0,0.0
DTXSID4027109,2063,0.0,0.0
DTXSID4027153,2063,0.0,0.0
DTXSID4027159,2063,0.0,0.0
DTXSID4027234,2063,0.0,0.0
DTXSID4027236,2063,0.0,0.0
DTXSID4027280,2063,0.0,0.0
DTXSID4027282,2063,0.0,0.0
DTXSID4027284,2063,0.0,0.0
DTXSID4027288,2063,0.0,0.0
DTXSID4027319,2063,0.0,0.0
DTXSID4027361,2063,0.0,0.0
DTXSID4027367,2063,0.0,0.0
DTXSID4027490,2063,0.0,0.0
DTXSID4027494,2063,0.0,0.0
DTXSID4027496,2063,0.0,0.0
DTXSID4027498,2063,0.0,0.0
DTXSID4027521,2063,0.0,0.0
DTXSID4027525,2063,0.0,0.0
DTXSID4027527,2063,0.9999999726213995,1.0
DTXSID4027529,2063,7.460914891248987e-16,0.0
DTXSID4027577,2063,0.0,0.0
DTXSID4027579,2063,1.6065325304571347e-18,0.0
DTXSID4027600,2063,0.0,0.0
DTXSID4027604,2063,,
DTXSID4027608,2063,0.0,0.0
DTXSID4027650,2063,0.0,0.0
DTXSID4027652,2063,0.0,0.0
DTXSID4027656,2063,0.0,0.0
DTXSID4027658,2063,0.0,0.0
DTXSID4027781,2063,0.0,0.0
DTXSID4027789,2063,0.0,0.0
DTXSID4027866,2063,0.0,0.0
DTXSID4027868,2063,0.0,0.0
DTXSID4027991,2063,0.0,0.0
DTXSID4027997,2063,0.0,0.0
DTXSID4028040,2063,1.6111816890030081e-12,0.0
DTXSID4028460,2063,0.9999873777623383,1.0
DTXSID4028880,2063,0.0,0.0
DTXSID4028967,2063,0.0,0.0
DTXSID4029062,2063,0.0,0.0
DTXSID4029143,2063,2.1624548981483915e-19,0.0
DTXSID4029145,2063,0.0,0.0
DTXSID4029149,2063,0.0,0.0
DTXSID4029195,2063,0.0,0.0
DTXSID4029220,2063,0.0,0.0
DTXSID4029224,2063,0.0,0.0
DTXSID4029353,2063,7.327298272356068e-14,0.0
DTXSID4029359,2063,0.0,0.0
DTXSID4029565,2063,0.0,0.0
DTXSID4029690,2063,0.0,0.0
DTXSID4029692,2063,0.0,0.0
DTXSID4029698,2063,0.0,0.0
DTXSID4029806,2063,0.9999824308444348,1.0
DTXSID4030047,2063,0.0,0.0
DTXSID4030336,2063,0.0,0.0
DTXSID4030384,2063,0.0,0.0
DTXSID4031356,2063,0.0,0.0
DTXSID4031980,2063,0.0,0.0
DTXSID4032372,2063,2.809081886817085e-07,0.0
DTXSID4032374,2063,0.9999953072973631,1.0
DTXSID4032376,2063,0.0,0.0
DTXSID4032378,2063,1.4746674641962586e-06,0.0
DTXSID4032405,2063,0.0,0.0
DTXSID4032459,2063,0.0,0.0
DTXSID4032532,2063,0.0,0.0
DTXSID4032536,2063,0.0,0.0
DTXSID4032580,2063,5.898655344041379e-07,0.0
DTXSID4032611,2063,0.0,0.0
DTXSID4032613,2063,0.0,0.0
DTXSID4032615,2063,0.0,0.0
DTXSID4032619,2063,0.0,0.0
DTXSID4032667,2063,0.9741532930809574,1.0
DTXSID4032954,2063,0.0,0.0
DTXSID4033390,2063,0.0,0.0
DTXSID4034102,2063,0.0,0.0
DTXSID4034150,2063,0.0,0.0
DTXSID4034287,2063,0.0,0.0
DTXSID4034497,2063,7.062108598941682e-13,0.0
DTXSID4034528,2063,0.0,0.0
DTXSID4034576,2063,0.0,0.0
DTXSID4034601,2063,0.0,0.0
DTXSID4034609,2063,1.3105121757942837e-17,0.0
DTXSID4034653,2063,7.476297980428464e-17,0.0
DTXSID4034788,2063,0.0,0.0
DTXSID4034869,2063,0.9999982478746605,1.0
DTXSID4034948,2063,0.0,0.0
DTXSID4035209,2063,0.0,0.0
DTXSID4035592,2063,0.0,0.0
DTXSID4035708,2063,0.9999991810464338,1.0
DTXSID4035839,2063,0.0,0.0
DTXSID4036229,2063,0.0,0.0
DTXSID4036435,2063,0.0,0.0
DTXSID4036489,2063,0.0,0.0
DTXSID4036514,2063,0.0,0.0
DTXSID4037580,2063,0.0,0.0
DTXSID4037582,2063,0.0,0.0
DTXSID4037584,2063,0.0,0.0
DTXSID4037617,2063,0.0,0.0
DTXSID4037748,2063,0.0,0.0
DTXSID4038346,2063,0.0,0.0
DTXSID4038762,2063,0.0,0.0
DTXSID4038847,2063,0.0,0.0
DTXSID4038899,2063,0.0,0.0
DTXSID4038922,2063,0.999997229924439,1.0
DTXSID4038924,2063,0.0,0.0
DTXSID4038926,2063,0.0,0.0
DTXSID4039231,2063,0.0,0.0
DTXSID4039233,2063,0.0,0.0
DTXSID4039235,2063,0.0,0.0
DTXSID4039657,2063,0.0,0.0
DTXSID4040002,2063,0.0,0.0
DTXSID4040264,2063,2.6089473573380052e-11,0.0
DTXSID4040268,2063,0.9999937038687168,1.0
DTXSID4040343,2063,0.0,0.0
DTXSID4040476,2063,0.0,0.0
DTXSID4040682,2063,0.0,0.0
DTXSID4040686,2063,0.0,0.0
DTXSID4040711,2063,0.0,0.0
DTXSID4040713,2063,0.9999998893055103,1.0
DTXSID4040715,2063,0.998403208804909,1.0
DTXSID4040719,2063,0.0,0.0
DTXSID4040765,2063,0.0,0.0
DTXSID4040767,2063,0.0001039730674669316,0.0
DTXSID4040979,2063,0.0,0.0
DTXSID4041070,2063,0.0,0.0
DTXSID4041230,2063,0.0,0.0
DTXSID4041232,2063,0.0,0.0
DTXSID4041234,2063,0.0,0.0
DTXSID4041238,2063,0.0,0.0
DTXSID4041280,2063,0.0,0.0
DTXSID4041317,2063,0.0,0.0
DTXSID4041361,2063,0.0,0.0
DTXSID4041363,2063,0.0,0.0
DTXSID4041367,2063,0.9999999999999645,1.0
DTXSID4041440,2063,0.0,0.0
DTXSID4041442,2063,0.0,0.0
DTXSID4041444,2063,0.0,0.0
DTXSID4041446,2063,0.0,0.0
DTXSID4041490,2063,0.0,0.0
DTXSID4041492,2063,0.0,0.0
DTXSID4041494,2063,0.0,0.0
DTXSID4041521,2063,0.0,0.0
DTXSID4041527,2063,0.0,0.0
DTXSID4041529,2063,0.0,0.0
DTXSID4041573,2063,2.5911798859711897e-14,0.0
DTXSID4041575,2063,0.0,0.0
DTXSID4041600,2063,9.377041080314911e-19,0.0
DTXSID4041604,2063,,
DTXSID4041654,2063,0.0,0.0
DTXSID4041656,2063,0.0,0.0
DTXSID4041783,2063,0.0,0.0
DTXSID4041812,2063,0.0,0.0
DTXSID4041818,2063,3.9443319769144933e-19,0.0
DTXSID4041995,2063,0.0,0.0
DTXSID4041997,2063,0.0,0.0
DTXSID4042090,2063,0.998997331178048,1.0
DTXSID4042094,2063,0.0,0.0
DTXSID4042096,2063,0.0,0.0
DTXSID4042121,2063,0.0,0.0
DTXSID4042123,2063,1.0,1.0
DTXSID4042129,2063,1.0,1.0
DTXSID4042171,2063,0.0,0.0
DTXSID4042206,2063,0.9612222060968253,1.0
DTXSID4042208,2063,0.0,0.0
DTXSID4042252,2063,0.0,0.0
DTXSID4042254,2063,0.0,0.0
DTXSID4042256,2063,7.693762512831937e-06,0.0
DTXSID4042335,2063,0.0,0.0
DTXSID4042337,2063,0.0,0.0
DTXSID4042416,2063,0.996102346082216,1.0
DTXSID4042418,2063,0.9933140731165407,1.0
DTXSID4042462,2063,0.9999989993231811,1.0
DTXSID4042468,2063,0.0,0.0
DTXSID4042622,2063,0.0,0.0
DTXSID4043777,2063,0.9991685301877478,1.0
DTXSID4043850,2063,0.0,0.0
DTXSID4043937,2063,0.0,0.0
DTXSID4044161,2063,0.9975810010628192,1.0
DTXSID4044371,2063,0.0,0.0
DTXSID4044373,2063,0.0,0.0
DTXSID4044375,2063,0.0,0.0
DTXSID4044379,2063,1.0,1.0
DTXSID4044400,2063,0.0,0.0
DTXSID4044402,2063,0.0,0.0
DTXSID4044404,2063,0.0,0.0
DTXSID4044408,2063,0.0,0.0
DTXSID4044450,2063,0.0,0.0
DTXSID4044452,2063,6.275367813945503e-17,0.0
DTXSID4044454,2063,0.0012385488292274462,0.0
DTXSID4044456,2063,0.0,0.0
DTXSID4044458,2063,0.0,0.0
DTXSID4044533,2063,0.869647920935982,0.0
DTXSID4044535,2063,0.0,0.0
DTXSID4044537,2063,0.0,0.0
DTXSID4044581,2063,0.9297416501322006,1.0
DTXSID4044585,2063,0.0,0.0
DTXSID4044587,2063,0.0,0.0
DTXSID4044589,2063,0.0,0.0
DTXSID4044616,2063,0.0,0.0
DTXSID4044618,2063,0.0,0.0
DTXSID4044660,2063,0.0,0.0
DTXSID4044662,2063,0.0,0.0
DTXSID4044664,2063,0.0,0.0
DTXSID4044668,2063,0.0,0.0
DTXSID4044743,2063,0.0,0.0
DTXSID4044745,2063,0.0,0.0
DTXSID4044747,2063,0.0,0.0
DTXSID4044791,2063,0.0,0.0
DTXSID4044793,2063,0.0,0.0
DTXSID4044799,2063,0.0,0.0
DTXSID4044820,2063,0.0,0.0
DTXSID4044822,2063,0.0,0.0
DTXSID4044824,2063,0.0,0.0
DTXSID4044826,2063,0.0,0.0
DTXSID4044828,2063,0.0,0.0
DTXSID4044870,2063,0.0,0.0
DTXSID4044872,2063,0.9999053002315261,1.0
DTXSID4044874,2063,3.4077314569290847e-19,0.0
DTXSID4044876,2063,0.0,0.0
DTXSID4044878,2063,0.0,0.0
DTXSID4044901,2063,0.0,0.0
DTXSID4044903,2063,0.0,0.0
DTXSID4044905,2063,0.0,0.0
DTXSID4044909,2063,0.0,0.0
DTXSID4044951,2063,0.0,0.0
DTXSID4044953,2063,0.0,0.0
DTXSID4044955,2063,0.0,0.0
DTXSID4045002,2063,0.0,0.0
DTXSID4045131,2063,0.0,0.0
DTXSID4045133,2063,0.0,0.0
DTXSID4045139,2063,0.0,0.0
DTXSID4045181,2063,0.0,0.0
DTXSID4045183,2063,0.0,0.0
DTXSID4045187,2063,0.0,0.0
DTXSID4045189,2063,0.0,0.0
DTXSID4045210,2063,0.0,0.0
DTXSID4045262,2063,0.0,0.0
DTXSID4045341,2063,0.0,0.0
DTXSID4045343,2063,0.0,0.0
DTXSID4045345,2063,0.0,0.0
DTXSID4045347,2063,0.0,0.0
DTXSID4045391,2063,0.0,0.0
DTXSID4045393,2063,0.0,0.0
DTXSID4045420,2063,0.0,0.0
DTXSID4045422,2063,0.0,0.0
DTXSID4045424,2063,0.0,0.0
DTXSID4045472,2063,0.0,0.0
DTXSID4045474,2063,0.0,0.0
DTXSID4045478,2063,0.0,0.0
DTXSID4045551,2063,0.0,0.0
DTXSID4045555,2063,0.0,0.0
DTXSID4045632,2063,0.0,0.0
DTXSID4045636,2063,0.0,0.0
DTXSID4045638,2063,0.9999959393095933,1.0
DTXSID4045680,2063,0.0,0.0
DTXSID4045682,2063,0.0,0.0
DTXSID4045686,2063,0.0,0.0
DTXSID4045688,2063,0.0,0.0
DTXSID4045763,2063,0.0,0.0
DTXSID4045765,2063,0.0,0.0
DTXSID4045767,2063,3.500853217087547e-19,0.0
DTXSID4045769,2063,0.0,0.0
DTXSID4045848,2063,1.1265173802064068e-07,0.0
DTXSID4045892,2063,0.0,0.0
DTXSID4045896,2063,0.0,0.0
DTXSID4045898,2063,0.0,0.0
DTXSID4045921,2063,0.0,0.0
DTXSID4045927,2063,0.0,0.0
DTXSID4045973,2063,0.0,0.0
DTXSID4045975,2063,0.0,0.0
DTXSID4046020,2063,0.0,0.0
DTXSID4046024,2063,0.0,0.0
DTXSID4046076,2063,0.0,0.0
DTXSID4046101,2063,0.0,0.0
DTXSID4046107,2063,0.0,0.0
DTXSID4046109,2063,0.0,0.0
DTXSID4046151,2063,0.0,0.0
DTXSID4046153,2063,0.0,0.0
DTXSID4046157,2063,0.0,0.0
DTXSID4046159,2063,0.0,0.0
DTXSID4046282,2063,0.0,0.0
DTXSID4046284,2063,0.0,0.0
DTXSID4046286,2063,0.0,0.0
DTXSID4046288,2063,0.0,0.0
DTXSID4046313,2063,0.0,0.0
DTXSID4046315,2063,0.0,0.0
DTXSID4046440,2063,0.0,0.0
DTXSID4046442,2063,0.0,0.0
DTXSID4046448,2063,0.0,0.0
DTXSID4046490,2063,0.0,0.0
DTXSID4046492,2063,0.0,0.0
DTXSID4046523,2063,0.0,0.0
DTXSID4046525,2063,0.0,0.0
DTXSID4046529,2063,0.0,0.0
DTXSID4046579,2063,0.0,0.0
DTXSID4046600,2063,0.0,0.0
DTXSID4046602,2063,0.0,0.0
DTXSID4046604,2063,0.0,0.0
DTXSID4046606,2063,3.469112209064856e-05,0.0
DTXSID4046652,2063,0.0,0.0
DTXSID4046739,2063,0.0,0.0
DTXSID4046810,2063,0.0,0.0
DTXSID4046864,2063,0.0,0.0
DTXSID4046949,2063,0.0,0.0
DTXSID4046999,2063,0.0,0.0
DTXSID4047040,2063,0.0,0.0
DTXSID4047042,2063,0.0,0.0
DTXSID4047044,2063,0.0,0.0
DTXSID4047046,2063,0.0,0.0
DTXSID4047090,2063,0.0,0.0
DTXSID4047092,2063,0.0,0.0
DTXSID4047094,2063,0.0,0.0
DTXSID4047096,2063,0.0,0.0
DTXSID4047098,2063,0.0,0.0
DTXSID4047121,2063,0.0,0.0
DTXSID4047123,2063,0.0,0.0
DTXSID4047125,2063,0.0,0.0
DTXSID4047127,2063,0.0,0.0
DTXSID4047129,2063,0.0,0.0
DTXSID4047173,2063,0.0,0.0
DTXSID4047177,2063,0.0,0.0
DTXSID4047179,2063,0.0,0.0
DTXSID4047200,2063,0.0,0.0
DTXSID4047202,2063,0.0,0.0
DTXSID4047206,2063,0.0,0.0
DTXSID4047252,2063,0.0,0.0
DTXSID4047254,2063,1.264898724725313e-18,0.0
DTXSID4047258,2063,0.0,0.0
DTXSID4047331,2063,0.0,0.0
DTXSID4047333,2063,0.0,0.0
DTXSID4047335,2063,0.0,0.0
DTXSID4047337,2063,0.0,0.0
DTXSID4047339,2063,3.3920474076744492e-12,0.0
DTXSID4047381,2063,0.9999982590441349,1.0
DTXSID4047383,2063,0.0,0.0
DTXSID4047385,2063,0.0,0.0
DTXSID4047387,2063,0.0,0.0
DTXSID4047389,2063,0.0,0.0
DTXSID4047410,2063,3.434838630321665e-15,0.0
DTXSID4047412,2063,0.0,0.0
DTXSID4047414,2063,1.566106338239064e-17,0.0
DTXSID4047416,2063,0.0,0.0
DTXSID4047418,2063,0.0,0.0
DTXSID4047462,2063,0.0,0.0
DTXSID4047464,2063,0.0,0.0
DTXSID4047466,2063,0.0,0.0
DTXSID4047468,2063,0.0,0.0
DTXSID4047543,2063,0.0,0.0
DTXSID4047545,2063,0.0,0.0
DTXSID4047547,2063,0.0,0.0
DTXSID4047549,2063,0.0,0.0
DTXSID4047591,2063,0.0,0.0
DTXSID4047593,2063,0.0,0.0
DTXSID4047597,2063,0.0,0.0
DTXSID4047599,2063,0.0,0.0
DTXSID4047620,2063,0.0,0.0
DTXSID4047622,2063,0.0,0.0
DTXSID4047624,2063,9.366162545931746e-20,0.0
DTXSID4047628,2063,0.0,0.0
DTXSID4047670,2063,0.0,0.0
DTXSID4047672,2063,0.0,0.0
DTXSID4047674,2063,0.0,0.0
DTXSID4047678,2063,0.0,0.0
DTXSID4047703,2063,0.0,0.0
DTXSID4047705,2063,1.1405293575200916e-15,0.0
DTXSID4047707,2063,0.0,0.0
DTXSID4047709,2063,0.0,0.0
DTXSID4047838,2063,0.0,0.0
DTXSID4047880,2063,0.0,0.0
DTXSID4047882,2063,0.0,0.0
DTXSID4047884,2063,0.0,0.0
DTXSID4047886,2063,0.0,0.0
DTXSID4047888,2063,0.0,0.0
DTXSID4047911,2063,0.0,0.0
DTXSID4047913,2063,0.0,0.0
DTXSID4047915,2063,0.0,0.0
DTXSID4047917,2063,0.9999838380479127,1.0
DTXSID4047919,2063,0.9999986264256057,1.0
DTXSID4047961,2063,5.522721082593752e-13,0.0
DTXSID4047963,2063,0.9999970145645264,1.0
DTXSID4047965,2063,0.0,0.0
DTXSID4047967,2063,0.0,0.0
DTXSID4047969,2063,0.0,0.0
DTXSID4048191,2063,2.5692497067771468e-15,0.0
DTXSID4048193,2063,0.0,0.0
DTXSID4048195,2063,0.0,0.0
DTXSID4048199,2063,0.0,0.0
DTXSID4048511,2063,0.0001708850583445756,0.0
DTXSID4048513,2063,0.9999955351565373,1.0
DTXSID4048519,2063,1.335521759434615e-14,0.0
DTXSID4048644,2063,0.0,0.0
DTXSID4048690,2063,0.0,0.0
DTXSID4048692,2063,0.0,0.0
DTXSID4048694,2063,0.0,0.0
DTXSID4048696,2063,0.0,0.0
DTXSID4048698,2063,0.9740982321522338,1.0
DTXSID4048721,2063,0.0,0.0
DTXSID4048725,2063,0.0,0.0
DTXSID4048727,2063,0.0,0.0
DTXSID4048773,2063,0.0,0.0
DTXSID4048777,2063,0.0,0.0
DTXSID4048800,2063,0.0,0.0
DTXSID4048802,2063,0.0,0.0
DTXSID4048804,2063,0.0009275357377662907,0.0
DTXSID4048806,2063,0.0,0.0
DTXSID4048808,2063,4.491200073810158e-16,0.0
DTXSID4048850,2063,0.0,0.0
DTXSID4048852,2063,0.0,0.0
DTXSID4048854,2063,0.0,0.0
DTXSID4048856,2063,0.0,0.0
DTXSID4048858,2063,0.0,0.0
DTXSID4048933,2063,0.0,0.0
DTXSID4048935,2063,0.0,0.0
DTXSID4048937,2063,0.0,0.0
DTXSID4048983,2063,0.00020191581317595425,0.0
DTXSID4049032,2063,0.0,0.0
DTXSID4049034,2063,0.0,0.0
DTXSID4049036,2063,0.0,0.0
DTXSID4049038,2063,0.0,0.0
DTXSID4049080,2063,0.0,0.0
DTXSID4049082,2063,0.0,0.0
DTXSID4049240,2063,0.0,0.0
DTXSID4049242,2063,0.0,0.0
DTXSID4049244,2063,0.0,0.0
DTXSID4049246,2063,0.0,0.0
DTXSID4049248,2063,0.00010957310511874936,0.0
DTXSID4049290,2063,0.0,0.0
DTXSID4049292,2063,0.0,0.0
DTXSID4049294,2063,0.0,0.0
DTXSID4049296,2063,0.0,0.0
DTXSID4049298,2063,0.9999999999957423,1.0
DTXSID4049321,2063,2.9203196570884916e-18,0.0
DTXSID4049323,2063,0.0,0.0
DTXSID4049325,2063,0.0,0.0
DTXSID4049327,2063,0.0,0.0
DTXSID4049329,2063,0.0,0.0
DTXSID4049371,2063,0.0,0.0
DTXSID4049373,2063,0.0,0.0
DTXSID4049375,2063,0.0,0.0
DTXSID4049377,2063,0.0,0.0
DTXSID4049379,2063,0.0,0.0
DTXSID4049400,2063,0.0,0.0
DTXSID4049402,2063,0.0,0.0
DTXSID4049404,2063,0.0,0.0
DTXSID4049406,2063,0.0,0.0
DTXSID4049408,2063,,
DTXSID4049450,2063,0.0,0.0
DTXSID4049452,2063,0.0,0.0
DTXSID4049454,2063,0.0,0.0
DTXSID4049456,2063,0.0,0.0
DTXSID4049458,2063,0.0,0.0
DTXSID4049531,2063,0.0,0.0
DTXSID4049533,2063,0.0,0.0
DTXSID4049535,2063,0.0,0.0
DTXSID4049537,2063,0.0,0.0
DTXSID4049539,2063,0.0,0.0
DTXSID4051536,2063,0.0,0.0
DTXSID4051580,2063,0.0,0.0
DTXSID4051586,2063,4.820389008548034e-11,0.0
DTXSID4051619,2063,0.0,0.0
DTXSID4051900,2063,0.0,0.0
DTXSID4052132,2063,0.0,0.0
DTXSID4052186,2063,0.0,0.0
DTXSID4052213,2063,0.0,0.0
DTXSID4052267,2063,0.0,0.0
DTXSID4052269,2063,0.0,0.0
DTXSID4052342,2063,0.0,0.0
DTXSID4052502,2063,0.9997134635899138,1.0
DTXSID4052506,2063,2.0562553410144154e-17,0.0
DTXSID4052550,2063,0.0,0.0
DTXSID4052554,2063,0.0,0.0
DTXSID4057631,2063,0.0,0.0
DTXSID4057633,2063,0.0010248158050750631,0.0
DTXSID4057635,2063,0.0,0.0
DTXSID4057637,2063,0.0,0.0
DTXSID4057639,2063,0.0,0.0
DTXSID4057681,2063,1.027369324108228e-13,0.0
DTXSID4057683,2063,0.0,0.0
DTXSID4057685,2063,0.0,0.0
DTXSID4057687,2063,0.0,0.0
DTXSID4057689,2063,0.0,0.0
DTXSID4057710,2063,0.0,0.0
DTXSID4057712,2063,0.0,0.0
DTXSID4057714,2063,0.0,0.0
DTXSID4057716,2063,0.0,0.0
DTXSID4057718,2063,0.0,0.0
DTXSID4057760,2063,0.0,0.0
DTXSID4057762,2063,0.0,0.0
DTXSID4057764,2063,0.0,0.0
DTXSID4057766,2063,0.0,0.0
DTXSID4057768,2063,0.0,0.0
DTXSID4057841,2063,0.0,0.0
DTXSID4057843,2063,0.0,0.0
DTXSID4057845,2063,0.0,0.0
DTXSID4057847,2063,0.0,0.0
DTXSID4057849,2063,0.0,0.0
DTXSID4058655,2063,0.9644545087552339,1.0
DTXSID5020021,2063,0.0,0.0
DTXSID5020023,2063,0.0,0.0
DTXSID5020027,2063,0.0,0.0
DTXSID5020029,2063,0.0,0.0
DTXSID5020071,2063,0.0,0.0
DTXSID5020079,2063,0.0,0.0
DTXSID5020106,2063,0.0,0.0
DTXSID5020108,2063,0.0,0.0
DTXSID5020152,2063,0.0,0.0
DTXSID5020154,2063,0.9999930396168316,1.0
DTXSID5020156,2063,0.0,0.0
DTXSID5020231,2063,0.0,0.0
DTXSID5020233,2063,0.9867818460417208,1.0
DTXSID5020235,2063,0.0,0.0
DTXSID5020239,2063,0.9999999957333464,1.0
DTXSID5020281,2063,0.0,0.0
DTXSID5020283,2063,0.0,0.0
DTXSID5020287,2063,0.0,0.0
DTXSID5020310,2063,0.0,0.0
DTXSID5020312,2063,0.9999790302847854,1.0
DTXSID5020314,2063,0.0,0.0
DTXSID5020360,2063,0.0,0.0
DTXSID5020366,2063,0.0,0.0
DTXSID5020368,2063,1.0554785942499513e-05,0.0
DTXSID5020441,2063,0.0,0.0
DTXSID5020443,2063,0.0,0.0
DTXSID5020445,2063,0.0,0.0
DTXSID5020447,2063,1.407629329655385e-16,0.0
DTXSID5020449,2063,0.0008791764472262201,0.0
DTXSID5020491,2063,9.942427976441067e-11,0.0
DTXSID5020493,2063,2.927209980047721e-17,0.0
DTXSID5020497,2063,0.0,0.0
DTXSID5020499,2063,0.0,0.0
DTXSID5020520,2063,0.0,0.0
DTXSID5020528,2063,0.0,0.0
DTXSID5020570,2063,0.0,0.0
DTXSID5020576,2063,1.8272604464546745e-15,0.0
DTXSID5020601,2063,0.0,0.0
DTXSID5020603,2063,0.0,0.0
DTXSID5020605,2063,0.0,0.0
DTXSID5020607,2063,0.0,0.0
DTXSID5020653,2063,0.999999999688747,1.0
DTXSID5020730,2063,1.2746749647076372e-07,0.0
DTXSID5020732,2063,0.0,0.0
DTXSID5020738,2063,0.0,0.0
DTXSID5020782,2063,0.0,0.0
DTXSID5020784,2063,0.999984663841665,1.0
DTXSID5020811,2063,0.999999999999147,1.0
DTXSID5020813,2063,1.0,1.0
DTXSID5020815,2063,0.0,0.0
DTXSID5020819,2063,0.0,0.0
DTXSID5020861,2063,0.0,0.0
DTXSID5020863,2063,0.0,0.0
DTXSID5020865,2063,0.23908887183851762,0.0
DTXSID5020867,2063,0.0,0.0
DTXSID5020869,2063,0.0,0.0
DTXSID5020944,2063,0.0,0.0
DTXSID5020946,2063,0.9999918074082605,1.0
DTXSID5020948,2063,1.189434084132279e-14,0.0
DTXSID5021093,2063,0.0,0.0
DTXSID5021097,2063,0.0,0.0
DTXSID5021120,2063,0.9982004545929467,1.0
DTXSID5021122,2063,0.0,0.0
DTXSID5021124,2063,0.0,0.0
DTXSID5021126,2063,0.0,0.0
DTXSID5021128,2063,0.0,0.0
DTXSID5021170,2063,0.0,0.0
DTXSID5021174,2063,0.0,0.0
DTXSID5021201,2063,1.3254627573486665e-09,0.0
DTXSID5021209,2063,0.0,0.0
DTXSID5021251,2063,0.0,0.0
DTXSID5021253,2063,0.0,0.0
DTXSID5021255,2063,0.0,0.0
DTXSID5021330,2063,0.0,0.0
DTXSID5021332,2063,0.9999715255388933,1.0
DTXSID5021334,2063,0.0,0.0
DTXSID5021336,2063,0.0,0.0
DTXSID5021338,2063,0.0,0.0
DTXSID5021380,2063,0.0,0.0
DTXSID5021384,2063,0.0,0.0
DTXSID5021386,2063,0.0,0.0
DTXSID5021388,2063,0.0,0.0
DTXSID5021411,2063,0.0,0.0
DTXSID5021413,2063,0.9989328044577084,1.0
DTXSID5021415,2063,0.0,0.0
DTXSID5021419,2063,0.0,0.0
DTXSID5021461,2063,0.0,0.0
DTXSID5021463,2063,0.9999999849149481,1.0
DTXSID5021544,2063,0.0,0.0
DTXSID5021546,2063,0.0,0.0
DTXSID5021590,2063,2.234504565274309e-19,0.0
DTXSID5021598,2063,1.7461147717832837e-19,0.0
DTXSID5021621,2063,0.0,0.0
DTXSID5021627,2063,0.0,0.0
DTXSID5021629,2063,0.0,0.0
DTXSID5021671,2063,0.0,0.0
DTXSID5021679,2063,0.9999909855616742,1.0
DTXSID5021708,2063,0.0,0.0
DTXSID5021752,2063,0.0,0.0
DTXSID5021754,2063,0.0,0.0
DTXSID5021758,2063,0.0,0.0
DTXSID5021831,2063,0.0,0.0
DTXSID5021835,2063,0.0,0.0
DTXSID5021837,2063,0.0,0.0
DTXSID5021839,2063,0.0,0.0
DTXSID5021881,2063,0.0,0.0
DTXSID5021883,2063,0.0,0.0
DTXSID5021885,2063,0.0,0.0
DTXSID5021889,2063,0.0,0.0
DTXSID5021910,2063,0.0,0.0
DTXSID5021914,2063,0.0,0.0
DTXSID5021916,2063,0.0,0.0
DTXSID5021962,2063,0.0,0.0
DTXSID5021968,2063,0.0,0.0
DTXSID5022061,2063,0.0,0.0
DTXSID5022194,2063,0.0,0.0
DTXSID5022198,2063,0.0,0.0
DTXSID5022227,2063,0.0,0.0
DTXSID5022271,2063,0.0,0.0
DTXSID5022279,2063,0.0,0.0
DTXSID5022306,2063,1.5887021716580536e-15,0.0
DTXSID5022308,2063,1.7806131279952606e-09,0.0
DTXSID5022437,2063,0.9999509558794719,1.0
DTXSID5022439,2063,0.0,0.0
DTXSID5022485,2063,1.313054476134794e-06,0.0
DTXSID5022489,2063,0.0,0.0
DTXSID5022510,2063,0.0,0.0
DTXSID5022560,2063,6.077710665344311e-18,0.0
DTXSID5022641,2063,0.0,0.0
DTXSID5022643,2063,0.0,0.0
DTXSID5022647,2063,0.0,0.0
DTXSID5022649,2063,0.0,0.0
DTXSID5022699,2063,0.0,0.0
DTXSID5022724,2063,0.0,0.0
DTXSID5022774,2063,0.0,0.0
DTXSID5022801,2063,1.4671442116883427e-09,0.0
DTXSID5022851,2063,0.0,0.0
DTXSID5022855,2063,0.0,0.0
DTXSID5022857,2063,0.0,0.0
DTXSID5022932,2063,0.0,0.0
DTXSID5022934,2063,0.0,0.0
DTXSID5022980,2063,0.7094738082194613,0.0
DTXSID5022982,2063,0.0,0.0
DTXSID5022984,2063,0.0,0.0
DTXSID5022986,2063,0.0,0.0
DTXSID5023031,2063,0.0,0.0
DTXSID5023033,2063,0.0,0.0
DTXSID5023035,2063,7.390250812645193e-12,0.0
DTXSID5023037,2063,0.0,0.0
DTXSID5023039,2063,0.0,0.0
DTXSID5023081,2063,0.0,0.0
DTXSID5023089,2063,0.0,0.0
DTXSID5023110,2063,0.9999999930251942,1.0
DTXSID5023114,2063,0.0,0.0
DTXSID5023243,2063,0.0,0.0
DTXSID5023247,2063,0.9999999999736645,1.0
DTXSID5023293,2063,0.0,0.0
DTXSID5023295,2063,0.0,0.0
DTXSID5023322,2063,2.887726783965974e-08,0.0
DTXSID5023324,2063,0.0,0.0
DTXSID5023370,2063,0.0,0.0
DTXSID5023372,2063,0.0,0.0
DTXSID5023376,2063,0.0,0.0
DTXSID5023378,2063,0.0,0.0
DTXSID5023453,2063,0.0,0.0
DTXSID5023532,2063,0.0,0.0
DTXSID5023536,2063,0.0,0.0
DTXSID5023586,2063,0.9665328287807766,1.0
DTXSID5023588,2063,0.0,0.0
DTXSID5023611,2063,0.0,0.0
DTXSID5023613,2063,0.0,0.0
DTXSID5023615,2063,0.0,0.0
DTXSID5023665,2063,0.0,0.0
DTXSID5023667,2063,0.0,0.0
DTXSID5023669,2063,0.0,0.0
DTXSID5023740,2063,0.0,0.0
DTXSID5023742,2063,0.0,0.0
DTXSID5023744,2063,0.0,0.0
DTXSID5023746,2063,2.05037872663167e-10,0.0
DTXSID5023748,2063,0.0,0.0
DTXSID5023792,2063,0.0,0.0
DTXSID5023794,2063,0.9999739554699529,1.0
DTXSID5023796,2063,0.0,0.0
DTXSID5023825,2063,0.0,0.0
DTXSID5023871,2063,0.9999996614396186,1.0
DTXSID5023875,2063,0.0,0.0
DTXSID5023877,2063,0.0,0.0
DTXSID5023900,2063,0.0,0.0
DTXSID5023902,2063,0.0,0.0
DTXSID5023908,2063,0.0,0.0
DTXSID5023950,2063,5.466898552077901e-07,0.0
DTXSID5023954,2063,0.9999999999951537,1.0
DTXSID5024001,2063,0.0,0.0
DTXSID5024051,2063,0.0,0.0
DTXSID5024055,2063,0.0,0.0
DTXSID5024057,2063,0.0,0.0
DTXSID5024059,2063,1.8132387771745658e-16,0.0
DTXSID5024134,2063,0.9948285701057827,1.0
DTXSID5024182,2063,0.0,0.0
DTXSID5024211,2063,0.0,0.0
DTXSID5024261,2063,0.0,0.0
DTXSID5024263,2063,0.0,0.0
DTXSID5024269,2063,0.9999999763323482,1.0
DTXSID5024344,2063,4.2350865278490454e-14,0.0
DTXSID5024346,2063,0.0,0.0
DTXSID5024392,2063,0.0,0.0
DTXSID5024394,2063,0.0,0.0
DTXSID5024471,2063,1.2165311165010053e-09,0.0
DTXSID5024473,2063,0.0,0.0
DTXSID5024479,2063,0.0,0.0
DTXSID5024500,2063,0.0,0.0
DTXSID5024504,2063,0.0,0.0
DTXSID5024506,2063,0.0,0.0
DTXSID5024508,2063,0.0,0.0
DTXSID5024554,2063,0.0,0.0
DTXSID5024637,2063,0.0,0.0
DTXSID5024639,2063,0.0,0.0
DTXSID5024681,2063,0.0,0.0
DTXSID5024683,2063,0.0,0.0
DTXSID5024687,2063,0.9813037296104262,1.0
DTXSID5024710,2063,0.0,0.0
DTXSID5024764,2063,0.0,0.0
DTXSID5024845,2063,0.0,0.0
DTXSID5024891,2063,0.0,0.0
DTXSID5024922,2063,0.0,0.0
DTXSID5024926,2063,0.0,0.0
DTXSID5024970,2063,0.0,0.0
DTXSID5024976,2063,0.0,0.0
DTXSID5024978,2063,1.2562856330671471e-14,0.0
DTXSID5025021,2063,1.1115082544076996e-16,0.0
DTXSID5025023,2063,0.0,0.0
DTXSID5025071,2063,0.0,0.0
DTXSID5025079,2063,0.0,0.0
DTXSID5025100,2063,0.0,0.0
DTXSID5025102,2063,0.0,0.0
DTXSID5025150,2063,0.0,0.0
DTXSID5025152,2063,0.0,0.0
DTXSID5025156,2063,0.0,0.0
DTXSID5025231,2063,0.057817685648539764,0.0
DTXSID5025237,2063,0.0,0.0
DTXSID5025285,2063,0.0,0.0
DTXSID5025310,2063,0.0,0.0
DTXSID5025312,2063,0.0,0.0
DTXSID5025318,2063,0.0,0.0
DTXSID5025364,2063,0.0,0.0
DTXSID5025447,2063,0.0,0.0
DTXSID5025449,2063,0.0,0.0
DTXSID5025570,2063,0.0,0.0
DTXSID5025572,2063,0.0,0.0
DTXSID5025574,2063,0.0,0.0
DTXSID5025578,2063,0.0,0.0
DTXSID5025603,2063,0.0,0.0
DTXSID5025607,2063,0.0,0.0
DTXSID5025609,2063,0.0,0.0
DTXSID5025653,2063,0.0,0.0
DTXSID5025657,2063,0.0,0.0
DTXSID5025659,2063,0.0,0.0
DTXSID5025730,2063,0.0,0.0
DTXSID5025732,2063,0.0,0.0
DTXSID5025738,2063,0.0,0.0
DTXSID5025811,2063,0.0,0.0
DTXSID5025815,2063,0.0,0.0
DTXSID5025819,2063,0.0,0.0
DTXSID5025861,2063,0.0,0.0
DTXSID5025863,2063,0.0,0.0
DTXSID5025948,2063,0.9940097541676857,1.0
DTXSID5025998,2063,0.9999999996351361,1.0
DTXSID5026049,2063,0.0,0.0
DTXSID5026091,2063,0.0,0.0
DTXSID5026097,2063,0.0,0.0
DTXSID5026120,2063,0.0,0.0
DTXSID5026122,2063,0.0,0.0
DTXSID5026124,2063,0.0,0.0
DTXSID5026174,2063,0.0,0.0
DTXSID5026178,2063,0.0,0.0
DTXSID5026203,2063,0.0,0.0
DTXSID5026205,2063,0.0,0.0
DTXSID5026207,2063,0.0,0.0
DTXSID5026209,2063,0.0,0.0
DTXSID5026251,2063,0.0,0.0
DTXSID5026259,2063,0.0,0.0
DTXSID5026461,2063,0.0,0.0
DTXSID5026544,2063,0.0,0.0
DTXSID5026548,2063,0.0,0.0
DTXSID5026623,2063,0.0,0.0
DTXSID5026625,2063,0.0,0.0
DTXSID5026702,2063,0.0,0.0
DTXSID5026706,2063,0.0,0.0
DTXSID5026837,2063,0.0,0.0
DTXSID5026889,2063,0.0,0.0
DTXSID5026912,2063,0.0,0.0
DTXSID5026914,2063,0.0,0.0
DTXSID5026918,2063,0.0,0.0
DTXSID5027019,2063,0.0,0.0
DTXSID5027061,2063,0.0,0.0
DTXSID5027063,2063,0.0,0.0
DTXSID5027069,2063,0.0,0.0
DTXSID5027142,2063,0.0,0.0
DTXSID5027146,2063,0.0,0.0
DTXSID5027148,2063,0.0,0.0
DTXSID5027198,2063,0.0,0.0
DTXSID5027223,2063,0.0,0.0
DTXSID5027227,2063,0.0,0.0
DTXSID5027229,2063,0.0,0.0
DTXSID5027279,2063,0.0,0.0
DTXSID5027300,2063,0.0,0.0
DTXSID5027302,2063,0.0,0.0
DTXSID5027304,2063,0.9999269682617398,1.0
DTXSID5027308,2063,0.0,0.0
DTXSID5027352,2063,0.0,0.0
DTXSID5027356,2063,0.0,0.0
DTXSID5027358,2063,0.0,0.0
DTXSID5027433,2063,0.0,0.0
DTXSID5027487,2063,0.0,0.0
DTXSID5027489,2063,0.0,0.0
DTXSID5027512,2063,0.0,0.0
DTXSID5027518,2063,0.0,0.0
DTXSID5027641,2063,0.0,0.0
DTXSID5027647,2063,6.83256939832221e-08,0.0
DTXSID5027728,2063,0.0,0.0
DTXSID5027770,2063,0.0,0.0
DTXSID5027772,2063,0.0,0.0
DTXSID5027774,2063,0.0,0.0
DTXSID5027803,2063,2.3295754910989503e-18,0.0
DTXSID5027805,2063,0.0,0.0
DTXSID5027851,2063,0.0,0.0
DTXSID5027857,2063,0.0,0.0
DTXSID5027932,2063,0.0,0.0
DTXSID5027936,2063,0.0,0.0
DTXSID5027982,2063,0.0,0.0
DTXSID5028033,2063,0.0,0.0
DTXSID5028114,2063,0.0,0.0
DTXSID5028665,2063,0.0,0.0
DTXSID5029055,2063,0.9999999996019444,1.0
DTXSID5029059,2063,0.0,0.0
DTXSID5029136,2063,0.0,0.0
DTXSID5029182,2063,0.0,0.0
DTXSID5029184,2063,0.0,0.0
DTXSID5029186,2063,0.0,0.0
DTXSID5029211,2063,0.0,0.0
DTXSID5029217,2063,0.0,0.0
DTXSID5029263,2063,0.0,0.0
DTXSID5029265,2063,0.0,0.0
DTXSID5029267,2063,0.0,0.0
DTXSID5029683,2063,0.0,0.0
DTXSID5029710,2063,0.0,0.0
DTXSID5029762,2063,,
DTXSID5030955,2063,0.0,0.0
DTXSID5031131,2063,0.0,0.0
DTXSID5031133,2063,0.0,0.0
DTXSID5032315,2063,0.9999999999999973,1.0
DTXSID5032361,2063,0.0,0.0
DTXSID5032365,2063,0.0,0.0
DTXSID5032442,2063,0.0,0.0
DTXSID5032498,2063,0.9999955506738609,1.0
DTXSID5032523,2063,0.9999019209163895,1.0
DTXSID5032525,2063,0.0,0.0
DTXSID5032573,2063,2.985007571494054e-10,0.0
DTXSID5032577,2063,0.0,0.0
DTXSID5032579,2063,0.0,0.0
DTXSID5032600,2063,0.4444555569062276,0.0
DTXSID5032654,2063,3.3483396991860575e-18,0.0
DTXSID5033096,2063,0.0,0.0
DTXSID5033098,2063,0.0,0.0
DTXSID5033179,2063,0.0,0.0
DTXSID5033389,2063,0.0,0.0
DTXSID5033468,2063,0.9999847974091276,1.0
DTXSID5033595,2063,0.0,0.0
DTXSID5033674,2063,0.0,0.0
DTXSID5033701,2063,0.0,0.0
DTXSID5033757,2063,0.926710522342556,1.0
DTXSID5033836,2063,0.9999814145051692,1.0
DTXSID5034270,2063,0.0,0.0
DTXSID5034303,2063,9.108924365299297e-17,0.0
DTXSID5034355,2063,0.0,0.0
DTXSID5034357,2063,0.0,0.0
DTXSID5034698,2063,0.0,0.0
DTXSID5034723,2063,0.0,0.0
DTXSID5034729,2063,0.0,0.0
DTXSID5034773,2063,2.3686981452526096e-19,0.0
DTXSID5034981,2063,1.0,1.0
DTXSID5035163,2063,0.0,0.0
DTXSID5035589,2063,0.9999795385887754,1.0
DTXSID5035616,2063,8.132326806947278e-20,0.0
DTXSID5035957,2063,0.9957427644360383,1.0
DTXSID5036684,2063,0.0,0.0
DTXSID5037028,2063,0.9999943459843826,1.0
DTXSID5037072,2063,0.0,0.0
DTXSID5037236,2063,0.0,0.0
DTXSID5037494,2063,0.0,0.0
DTXSID5037498,2063,4.390102789250726e-07,0.0
DTXSID5037523,2063,1.8696586384431607e-10,0.0
DTXSID5037527,2063,0.0,0.0
DTXSID5037571,2063,0.9731899589498896,1.0
DTXSID5037579,2063,0.0,0.0
DTXSID5037731,2063,0.9999429188056982,1.0
DTXSID5037739,2063,0.0,0.0
DTXSID5038830,2063,0.0,0.0
DTXSID5038888,2063,0.9999999903192588,1.0
DTXSID5038919,2063,0.0,0.0
DTXSID5039224,2063,0.9999999960347866,1.0
DTXSID5039721,2063,4.819605699556792e-08,0.0
DTXSID5040540,2063,0.0,0.0
DTXSID5040675,2063,0.0,0.0
DTXSID5040679,2063,0.0,0.0
DTXSID5040700,2063,1.9467272472388655e-18,0.0
DTXSID5040702,2063,0.0,0.0
DTXSID5040704,2063,0.9999999999999986,1.0
DTXSID5040706,2063,1.0211078164392074e-13,0.0
DTXSID5040708,2063,0.0,0.0
DTXSID5040750,2063,0.0,0.0
DTXSID5040758,2063,0.0,0.0
DTXSID5041148,2063,0.0,0.0
DTXSID5041190,2063,0.0,0.0
DTXSID5041273,2063,0.0,0.0
DTXSID5041275,2063,0.0,0.0
DTXSID5041302,2063,0.0,0.0
DTXSID5041306,2063,0.0,0.0
DTXSID5041308,2063,9.949279645511632e-05,0.0
DTXSID5041356,2063,0.0,0.0
DTXSID5041431,2063,0.0,0.0
DTXSID5041437,2063,0.0,0.0
DTXSID5041439,2063,2.670502950321549e-14,0.0
DTXSID5041487,2063,6.340034952635139e-17,0.0
DTXSID5041512,2063,0.0,0.0
DTXSID5041514,2063,4.833280651357964e-12,0.0
DTXSID5041516,2063,0.0,0.0
DTXSID5041518,2063,0.0,0.0
DTXSID5041560,2063,0.33888004623426937,0.0
DTXSID5041641,2063,0.0,0.0
DTXSID5041643,2063,0.0,0.0
DTXSID5041691,2063,0.0,0.0
DTXSID5041699,2063,0.0,0.0
DTXSID5041726,2063,0.0,0.0
DTXSID5041728,2063,0.0,0.0
DTXSID5041772,2063,0.0,0.0
DTXSID5041778,2063,0.9999981949498297,1.0
DTXSID5041803,2063,0.0,0.0
DTXSID5041809,2063,0.0,0.0
DTXSID5041851,2063,0.9999999999996317,1.0
DTXSID5042083,2063,0.9897974614779479,1.0
DTXSID5042089,2063,0.0,0.0
DTXSID5042243,2063,0.9999412883704714,1.0
DTXSID5042247,2063,0.0,0.0
DTXSID5042249,2063,1.0,1.0
DTXSID5042297,2063,0.0,0.0
DTXSID5042299,2063,0.0,0.0
DTXSID5042320,2063,0.0,0.0
DTXSID5042324,2063,0.0,0.0
DTXSID5042378,2063,0.0,0.0
DTXSID5042451,2063,0.0,0.0
DTXSID5042459,2063,0.9999999911494715,1.0
DTXSID5042584,2063,0.0,0.0
DTXSID5042613,2063,0.0,0.0
DTXSID5043714,2063,0.0,0.0
DTXSID5043895,2063,0.0,0.0
DTXSID5044029,2063,5.530263934009404e-11,0.0
DTXSID5044154,2063,0.0,0.0
DTXSID5044233,2063,0.0,0.0
DTXSID5044289,2063,0.0,0.0
DTXSID5044314,2063,0.0,0.0
DTXSID5044316,2063,0.0,0.0
DTXSID5044318,2063,0.0,0.0
DTXSID5044360,2063,0.0,0.0
DTXSID5044362,2063,0.0,0.0
DTXSID5044364,2063,0.0,0.0
DTXSID5044366,2063,0.9937425919021974,1.0
DTXSID5044368,2063,0.0,0.0
DTXSID5044441,2063,0.0,0.0
DTXSID5044443,2063,0.0,0.0
DTXSID5044445,2063,0.0,0.0
DTXSID5044447,2063,0.0,0.0
DTXSID5044491,2063,0.0,0.0
DTXSID5044493,2063,0.0,0.0
DTXSID5044495,2063,0.0,0.0
DTXSID5044520,2063,0.9816408347060106,1.0
DTXSID5044522,2063,0.0,0.0
DTXSID5044526,2063,0.0,0.0
DTXSID5044528,2063,0.0,0.0
DTXSID5044570,2063,0.0,0.0
DTXSID5044572,2063,0.0,0.0
DTXSID5044574,2063,0.0,0.0
DTXSID5044576,2063,0.0,0.0
DTXSID5044578,2063,0.0,0.0
DTXSID5044603,2063,0.0,0.0
DTXSID5044605,2063,0.0,0.0
DTXSID5044607,2063,3.3548691811703957e-19,0.0
DTXSID5044609,2063,0.0,0.0
DTXSID5044655,2063,0.46437029776540156,0.0
DTXSID5044732,2063,0.0,0.0
DTXSID5044734,2063,0.0,0.0
DTXSID5044738,2063,0.0,0.0
DTXSID5044780,2063,0.0,0.0
DTXSID5044782,2063,0.0038968775616405175,0.0
DTXSID5044784,2063,0.0,0.0
DTXSID5044786,2063,7.264870646518287e-18,0.0
DTXSID5044788,2063,0.0,0.0
DTXSID5044811,2063,0.0,0.0
DTXSID5044815,2063,0.0,0.0
DTXSID5044817,2063,0.9999934276856799,1.0
DTXSID5044819,2063,0.0,0.0
DTXSID5044863,2063,0.0,0.0
DTXSID5044865,2063,0.9999872451385594,1.0
DTXSID5044867,2063,0.0,0.0
DTXSID5044869,2063,0.0,0.0
DTXSID5044940,2063,0.0,0.0
DTXSID5044948,2063,0.0,0.0
DTXSID5044990,2063,0.0,0.0
DTXSID5044992,2063,0.9999990036174253,1.0
DTXSID5044994,2063,0.0,0.0
DTXSID5044996,2063,0.0,0.0
DTXSID5044998,2063,0.0,0.0
DTXSID5045093,2063,0.0,0.0
DTXSID5045099,2063,0.0,0.0
DTXSID5045122,2063,0.0,0.0
DTXSID5045124,2063,9.438642304017479e-11,0.0
DTXSID5045128,2063,0.0,0.0
DTXSID5045170,2063,0.0,0.0
DTXSID5045174,2063,0.0,0.0
DTXSID5045176,2063,0.0,0.0
DTXSID5045201,2063,0.0,0.0
DTXSID5045205,2063,0.0,0.0
DTXSID5045209,2063,0.0,0.0
DTXSID5045380,2063,0.0,0.0
DTXSID5045382,2063,0.0,0.0
DTXSID5045386,2063,0.0,0.0
DTXSID5045388,2063,0.0,0.0
DTXSID5045413,2063,0.0,0.0
DTXSID5045417,2063,0.0,0.0
DTXSID5045419,2063,0.0,0.0
DTXSID5045461,2063,0.0,0.0
DTXSID5045469,2063,0.0,0.0
DTXSID5045540,2063,0.0,0.0
DTXSID5045590,2063,0.0,0.0
DTXSID5045594,2063,0.0,0.0
DTXSID5045598,2063,0.0,0.0
DTXSID5045623,2063,0.0,0.0
DTXSID5045625,2063,0.0,0.0
DTXSID5045673,2063,0.0,0.0
DTXSID5045677,2063,0.0,0.0
DTXSID5045700,2063,0.0,0.0
DTXSID5045702,2063,0.0,0.0
DTXSID5045704,2063,0.0,0.0
DTXSID5045750,2063,0.0,0.0
DTXSID5045752,2063,0.0,0.0
DTXSID5045756,2063,0.0,0.0
DTXSID5045833,2063,0.0,0.0
DTXSID5045835,2063,0.0,0.0
DTXSID5045881,2063,0.9999999975580748,1.0
DTXSID5045883,2063,0.0,0.0
DTXSID5045887,2063,0.0,0.0
DTXSID5045889,2063,0.9999999996393251,1.0
DTXSID5045914,2063,0.0,0.0
DTXSID5045916,2063,2.465268726634106e-12,0.0
DTXSID5045960,2063,0.0,0.0
DTXSID5045964,2063,0.0,0.0
DTXSID5046015,2063,0.0,0.0
DTXSID5046017,2063,1.1444763319737074e-08,0.0
DTXSID5046019,2063,0.0,0.0
DTXSID5046067,2063,0.0,0.0
DTXSID5046069,2063,0.0036749473832526107,0.0
DTXSID5046140,2063,1.549938397061666e-11,0.0
DTXSID5046142,2063,0.0,0.0
DTXSID5046148,2063,0.0,0.0
DTXSID5046190,2063,0.0,0.0
DTXSID5046196,2063,0.0,0.0
DTXSID5046221,2063,0.0,0.0
DTXSID5046225,2063,0.9999478818578927,1.0
DTXSID5046227,2063,0.9999454531374622,1.0
DTXSID5046229,2063,0.0,0.0
DTXSID5046271,2063,0.0,0.0
DTXSID5046273,2063,0.0,0.0
DTXSID5046275,2063,0.0,0.0
DTXSID5046277,2063,0.0,0.0
DTXSID5046279,2063,0.0,0.0
DTXSID5046300,2063,0.0,0.0
DTXSID5046433,2063,0.0,0.0
DTXSID5046437,2063,0.0,0.0
DTXSID5046439,2063,2.69976243977855e-15,0.0
DTXSID5046481,2063,0.9999707343830195,1.0
DTXSID5046483,2063,0.0,0.0
DTXSID5046485,2063,0.0,0.0
DTXSID5046487,2063,0.0,0.0
DTXSID5046510,2063,0.0,0.0
DTXSID5046512,2063,0.0,0.0
DTXSID5046560,2063,0.0,0.0
DTXSID5046641,2063,0.0,0.0
DTXSID5046691,2063,4.070288648667276e-12,0.0
DTXSID5046693,2063,0.0,0.0
DTXSID5046695,2063,0.0,0.0
DTXSID5046697,2063,0.0,0.0
DTXSID5046699,2063,0.0,0.0
DTXSID5046724,2063,0.0,0.0
DTXSID5046726,2063,0.0,0.0
DTXSID5046770,2063,0.0,0.0
DTXSID5046772,2063,0.0,0.0
DTXSID5046776,2063,0.0,0.0
DTXSID5046801,2063,0.0,0.0
DTXSID5046803,2063,0.0,0.0
DTXSID5046851,2063,0.0,0.0
DTXSID5046853,2063,0.0,0.0
DTXSID5046938,2063,0.0,0.0
DTXSID5046980,2063,,
DTXSID5046986,2063,0.0,0.0
DTXSID5046988,2063,0.0,0.0
DTXSID5047031,2063,0.0,0.0
DTXSID5047033,2063,0.0,0.0
DTXSID5047035,2063,0.0,0.0
DTXSID5047037,2063,0.0,0.0
DTXSID5047039,2063,0.0,0.0
DTXSID5047081,2063,0.0,0.0
DTXSID5047083,2063,0.0,0.0
DTXSID5047085,2063,0.0,0.0
DTXSID5047087,2063,0.0,0.0
DTXSID5047089,2063,0.0,0.0
DTXSID5047110,2063,0.0,0.0
DTXSID5047112,2063,0.9999999999625836,1.0
DTXSID5047116,2063,0.0,0.0
DTXSID5047118,2063,0.0,0.0
DTXSID5047160,2063,0.0,0.0
DTXSID5047162,2063,0.0,0.0
DTXSID5047164,2063,0.0,0.0
DTXSID5047166,2063,0.0,0.0
DTXSID5047168,2063,0.0,0.0
DTXSID5047241,2063,0.0,0.0
DTXSID5047243,2063,0.0,0.0
DTXSID5047249,2063,0.0,0.0
DTXSID5047291,2063,0.0,0.0
DTXSID5047295,2063,0.00028217392070648115,0.0
DTXSID5047297,2063,0.0,0.0
DTXSID5047299,2063,3.188834380580827e-19,0.0
DTXSID5047320,2063,0.9999051892001232,1.0
DTXSID5047322,2063,0.002685214647891602,0.0
DTXSID5047324,2063,0.0,0.0
DTXSID5047328,2063,0.9992677386618715,1.0
DTXSID5047372,2063,0.6057769675163254,0.0
DTXSID5047374,2063,0.00013291482138106829,0.0
DTXSID5047376,2063,0.0,0.0
DTXSID5047405,2063,0.0,0.0
DTXSID5047451,2063,1.2840237165731025e-18,0.0
DTXSID5047453,2063,0.0,0.0
DTXSID5047459,2063,0.0,0.0
DTXSID5047530,2063,0.0,0.0
DTXSID5047538,2063,0.0,0.0
DTXSID5047582,2063,0.0,0.0
DTXSID5047584,2063,0.0,0.0
DTXSID5047611,2063,0.0,0.0
DTXSID5047617,2063,0.0,0.0
DTXSID5047661,2063,0.0,0.0
DTXSID5047663,2063,0.0,0.0
DTXSID5047665,2063,0.0,0.0
DTXSID5047667,2063,0.0,0.0
DTXSID5047744,2063,0.0,0.0
DTXSID5047790,2063,0.0,0.0
DTXSID5047796,2063,0.0,0.0
DTXSID5047825,2063,0.0,0.0
DTXSID5047871,2063,0.0,0.0
DTXSID5047873,2063,5.221554522456425e-16,0.0
DTXSID5047875,2063,0.0,0.0
DTXSID5047877,2063,0.0,0.0
DTXSID5047879,2063,0.0,0.0
DTXSID5047900,2063,0.9999999999999989,1.0
DTXSID5047902,2063,0.0,0.0
DTXSID5047904,2063,0.9999999999125244,1.0
DTXSID5047906,2063,0.0,0.0
DTXSID5047908,2063,3.1137643555595312e-18,0.0
DTXSID5047950,2063,0.9999999999999976,1.0
DTXSID5047952,2063,0.0,0.0
DTXSID5047954,2063,0.0,0.0
DTXSID5047956,2063,0.0,0.0
DTXSID5048180,2063,0.0,0.0
DTXSID5048182,2063,0.0,0.0
DTXSID5048184,2063,0.0,0.0
DTXSID5048186,2063,0.0,0.0
DTXSID5048188,2063,0.0,0.0
DTXSID5048211,2063,0.0,0.0
DTXSID5048421,2063,0.0,0.0
DTXSID5048506,2063,0.0,0.0
DTXSID5048635,2063,0.0,0.0
DTXSID5048637,2063,0.0,0.0
DTXSID5048685,2063,2.7503297973642195e-09,0.0
DTXSID5048710,2063,0.0,0.0
DTXSID5048716,2063,0.0,0.0
DTXSID5048841,2063,0.0,0.0
DTXSID5048843,2063,0.9799356065001346,1.0
DTXSID5048845,2063,0.0,0.0
DTXSID5048847,2063,0.0,0.0
DTXSID5048849,2063,0.0,0.0
DTXSID5048891,2063,0.0,0.0
DTXSID5048893,2063,0.0,0.0
DTXSID5048895,2063,0.0,0.0
DTXSID5048897,2063,0.0,0.0
DTXSID5048899,2063,0.0,0.0
DTXSID5048920,2063,0.0,0.0
DTXSID5048922,2063,0.0,0.0
DTXSID5048924,2063,2.7697632901675486e-10,0.0
DTXSID5048928,2063,0.0,0.0
DTXSID5048974,2063,0.0,0.0
DTXSID5048978,2063,0.0,0.0
DTXSID5049021,2063,0.9999999999127317,1.0
DTXSID5049231,2063,0.0,0.0
DTXSID5049233,2063,0.0,0.0
DTXSID5049235,2063,0.0,0.0
DTXSID5049237,2063,1.955313640750636e-07,0.0
DTXSID5049239,2063,0.0,0.0
DTXSID5049281,2063,0.0,0.0
DTXSID5049283,2063,0.0,0.0
DTXSID5049285,2063,0.0,0.0
DTXSID5049287,2063,7.069773786079694e-06,0.0
DTXSID5049289,2063,0.0,0.0
DTXSID5049310,2063,0.0,0.0
DTXSID5049312,2063,0.0,0.0
DTXSID5049314,2063,0.0,0.0
DTXSID5049316,2063,0.0,0.0
DTXSID5049318,2063,0.0,0.0
DTXSID5049360,2063,0.0,0.0
DTXSID5049362,2063,0.0,0.0
DTXSID5049364,2063,0.0,0.0
DTXSID5049366,2063,0.0,0.0
DTXSID5049368,2063,0.0,0.0
DTXSID5049445,2063,0.0,0.0
DTXSID5049447,2063,0.0,0.0
DTXSID5049449,2063,0.0,0.0
DTXSID5049491,2063,0.0,0.0
DTXSID5049493,2063,0.0,0.0
DTXSID5049495,2063,0.0,0.0
DTXSID5049497,2063,0.0,0.0
DTXSID5049499,2063,0.0,0.0
DTXSID5049520,2063,0.0,0.0
DTXSID5049522,2063,0.0,0.0
DTXSID5049524,2063,0.0,0.0
DTXSID5049526,2063,0.0,0.0
DTXSID5049528,2063,0.0,0.0
DTXSID5050426,2063,0.0,0.0
DTXSID5051440,2063,0.0,0.0
DTXSID5051444,2063,0.9999898541901592,1.0
DTXSID5051446,2063,4.584415293201948e-16,0.0
DTXSID5051525,2063,0.0,0.0
DTXSID5051529,2063,0.0,0.0
DTXSID5051575,2063,4.594036049369625e-13,0.0
DTXSID5051650,2063,0.9999999999305386,1.0
DTXSID5051999,2063,0.0,0.0
DTXSID5052042,2063,0.0,0.0
DTXSID5052125,2063,0.0,0.0
DTXSID5052250,2063,0.0,0.0
DTXSID5052254,2063,0.0,0.0
DTXSID5052460,2063,0.0,0.0
DTXSID5052591,2063,0.0,0.0
DTXSID5052593,2063,0.0,0.0
DTXSID5052595,2063,0.0,0.0
DTXSID5052597,2063,0.0,0.0
DTXSID5052620,2063,0.0,0.0
DTXSID5052672,2063,0.0,0.0
DTXSID5052832,2063,0.0,0.0
DTXSID5052838,2063,0.0,0.0
DTXSID5052884,2063,0.0,0.0
DTXSID5057620,2063,0.0,0.0
DTXSID5057622,2063,2.0437916843506003e-18,0.0
DTXSID5057624,2063,0.0,0.0
DTXSID5057626,2063,0.0,0.0
DTXSID5057628,2063,0.0,0.0
DTXSID5057670,2063,0.0,0.0
DTXSID5057672,2063,0.0,0.0
DTXSID5057674,2063,0.0,0.0
DTXSID5057676,2063,0.0,0.0
DTXSID5057678,2063,0.0,0.0
DTXSID5057701,2063,0.0,0.0
DTXSID5057703,2063,6.940483399859715e-18,0.0
DTXSID5057705,2063,0.0,0.0
DTXSID5057707,2063,0.0,0.0
DTXSID5057709,2063,0.0,0.0
DTXSID5057751,2063,0.0,0.0
DTXSID5057753,2063,0.9946732449146406,1.0
DTXSID5057755,2063,0.0,0.0
DTXSID5057757,2063,0.0,0.0
DTXSID5057759,2063,0.0,0.0
DTXSID5057830,2063,0.0,0.0
DTXSID5057832,2063,0.0,0.0
DTXSID5057834,2063,0.0,0.0
DTXSID5057836,2063,,
DTXSID5057838,2063,0.3745800798360813,0.0
DTXSID6020014,2063,0.0,0.0
DTXSID6020062,2063,0.0,0.0
DTXSID6020064,2063,0.0,0.0
DTXSID6020066,2063,0.0,0.0
DTXSID6020068,2063,1.75295201546988e-11,0.0
DTXSID6020141,2063,0.0,0.0
DTXSID6020143,2063,0.0,0.0
DTXSID6020145,2063,0.9932414520242202,1.0
DTXSID6020147,2063,2.5083855376537837e-05,0.0
DTXSID6020149,2063,0.0,0.0
DTXSID6020193,2063,0.0,0.0
DTXSID6020197,2063,0.0,0.0
DTXSID6020199,2063,0.0,0.0
DTXSID6020220,2063,5.606120548266827e-14,0.0
DTXSID6020222,2063,0.0,0.0
DTXSID6020224,2063,4.156311162439445e-09,0.0
DTXSID6020226,2063,0.9999999987456992,1.0
DTXSID6020274,2063,0.0,0.0
DTXSID6020276,2063,0.010914454900922719,0.0
DTXSID6020278,2063,0.9999999999999998,1.0
DTXSID6020303,2063,0.0,0.0
DTXSID6020307,2063,1.840927075418547e-16,0.0
DTXSID6020309,2063,0.0,0.0
DTXSID6020355,2063,0.0,0.0
DTXSID6020357,2063,0.0,0.0
DTXSID6020359,2063,0.0,0.0
DTXSID6020430,2063,0.0,0.0
DTXSID6020432,2063,0.573395210910402,0.0
DTXSID6020434,2063,0.0,0.0
DTXSID6020438,2063,0.0,0.0
DTXSID6020480,2063,0.0,0.0
DTXSID6020484,2063,0.0001896759840723049,0.0
DTXSID6020511,2063,0.0,0.0
DTXSID6020513,2063,0.0,0.0
DTXSID6020515,2063,0.0,0.0
DTXSID6020517,2063,0.0,0.0
DTXSID6020561,2063,0.0,0.0
DTXSID6020569,2063,0.0,0.0
DTXSID6020646,2063,0.0,0.0
DTXSID6020648,2063,0.0,0.0
DTXSID6020690,2063,0.9999999993549297,1.0
DTXSID6020692,2063,0.0,0.0
DTXSID6020694,2063,0.0,0.0
DTXSID6020696,2063,0.0,0.0
DTXSID6020721,2063,0.0,0.0
DTXSID6020771,2063,0.0,0.0
DTXSID6020777,2063,0.0,0.0
DTXSID6020779,2063,0.9999999986526386,1.0
DTXSID6020802,2063,0.0,0.0
DTXSID6020804,2063,0.0,0.0
DTXSID6020856,2063,0.0,0.0
DTXSID6020933,2063,0.0,0.0
DTXSID6020937,2063,0.0,0.0
DTXSID6020939,2063,0.0,0.0
DTXSID6020981,2063,0.0,0.0
DTXSID6020983,2063,,
DTXSID6020985,2063,0.0,0.0
DTXSID6021030,2063,0.0,0.0
DTXSID6021032,2063,0.0,0.0
DTXSID6021036,2063,0.0,0.0
DTXSID6021080,2063,0.0,0.0
DTXSID6021082,2063,0.0,0.0
DTXSID6021084,2063,1.6107849869259146e-12,0.0
DTXSID6021086,2063,0.0,0.0
DTXSID6021113,2063,0.0,0.0
DTXSID6021117,2063,0.0,0.0
DTXSID6021165,2063,0.0,0.0
DTXSID6021240,2063,0.0,0.0
DTXSID6021244,2063,0.0,0.0
DTXSID6021246,2063,0.0,0.0
DTXSID6021248,2063,0.7935603328132165,0.0
DTXSID6021290,2063,0.0,0.0
DTXSID6021292,2063,0.0,0.0
DTXSID6021294,2063,0.0,0.0
DTXSID6021296,2063,0.0,0.0
DTXSID6021321,2063,0.0,0.0
DTXSID6021371,2063,0.0,0.0
DTXSID6021373,2063,9.821427993183055e-18,0.0
DTXSID6021375,2063,0.0,0.0
DTXSID6021377,2063,0.0,0.0
DTXSID6021379,2063,0.0,0.0
DTXSID6021402,2063,0.0,0.0
DTXSID6021404,2063,0.0,0.0
DTXSID6021408,2063,0.9999999999999978,1.0
DTXSID6021450,2063,0.0,0.0
DTXSID6021456,2063,0.0,0.0
DTXSID6021458,2063,0.0,0.0
DTXSID6021581,2063,0.0,0.0
DTXSID6021583,2063,0.0,0.0
DTXSID6021585,2063,0.0,0.0
DTXSID6021610,2063,0.0,0.0
DTXSID6021618,2063,0.0,0.0
DTXSID6021660,2063,0.0,0.0
DTXSID6021666,2063,0.0,0.0
DTXSID6021668,2063,0.0,0.0
DTXSID6021741,2063,0.0,0.0
DTXSID6021749,2063,0.0,0.0
DTXSID6021793,2063,0.0,0.0
DTXSID6021795,2063,0.0,0.0
DTXSID6021799,2063,0.0,0.0
DTXSID6021820,2063,0.0,0.0
DTXSID6021822,2063,0.0,0.0
DTXSID6021824,2063,0.9999924760078407,1.0
DTXSID6021828,2063,0.0,0.0
DTXSID6021872,2063,0.0,0.0
DTXSID6021874,2063,0.0,0.0
DTXSID6021901,2063,0.0,0.0
DTXSID6021907,2063,0.0,0.0
DTXSID6021909,2063,0.0,0.0
DTXSID6021953,2063,0.0,0.0
DTXSID6021957,2063,0.0,0.0
DTXSID6021959,2063,0.0,0.0
DTXSID6022000,2063,0.0,0.0
DTXSID6022002,2063,0.0,0.0
DTXSID6022004,2063,0.0,0.0
DTXSID6022006,2063,0.0,0.0
DTXSID6022008,2063,0.0,0.0
DTXSID6022050,2063,0.0,0.0
DTXSID6022056,2063,0.0,0.0
DTXSID6022058,2063,0.0,0.0
DTXSID6022131,2063,0.0,0.0
DTXSID6022133,2063,0.0,0.0
DTXSID6022137,2063,0.0,0.0
DTXSID6022187,2063,0.0,0.0
DTXSID6022218,2063,0.0,0.0
DTXSID6022341,2063,0.0,0.0
DTXSID6022345,2063,0.999985082207739,1.0
DTXSID6022391,2063,0.999168618200349,1.0
DTXSID6022393,2063,1.341522317446821e-10,0.0
DTXSID6022399,2063,0.0,0.0
DTXSID6022420,2063,1.5323612871941917e-12,0.0
DTXSID6022422,2063,0.0,0.0
DTXSID6022472,2063,0.0,0.0
DTXSID6022474,2063,0.0,0.0
DTXSID6022557,2063,0.0,0.0
DTXSID6022636,2063,0.0,0.0
DTXSID6022684,2063,0.0,0.0
DTXSID6022688,2063,0.0,0.0
DTXSID6022715,2063,0.0,0.0
DTXSID6022719,2063,0.0,0.0
DTXSID6022842,2063,0.0,0.0
DTXSID6022844,2063,0.0,0.0
DTXSID6022846,2063,0.0,0.0
DTXSID6022892,2063,0.0,0.0
DTXSID6022894,2063,0.0,0.0
DTXSID6022927,2063,0.0,0.0
DTXSID6022973,2063,0.0,0.0
DTXSID6022975,2063,0.0,0.0
DTXSID6022977,2063,0.0,0.0
DTXSID6023024,2063,0.0,0.0
DTXSID6023028,2063,0.0,0.0
DTXSID6023078,2063,0.0,0.0
DTXSID6023101,2063,0.0,0.0
DTXSID6023103,2063,0.0,0.0
DTXSID6023109,2063,0.0,0.0
DTXSID6023153,2063,0.0,0.0
DTXSID6023155,2063,0.30889613356770423,0.0
DTXSID6023157,2063,0.0,0.0
DTXSID6023159,2063,0.0,0.0
DTXSID6023286,2063,0.0,0.0
DTXSID6023313,2063,0.0,0.0
DTXSID6023315,2063,0.0,0.0
DTXSID6023317,2063,0.0,0.0
DTXSID6023363,2063,0.9743885638792218,1.0
DTXSID6023367,2063,0.0,0.0
DTXSID6023369,2063,0.0,0.0
DTXSID6023440,2063,0.0,0.0
DTXSID6023442,2063,0.0,0.0
DTXSID6023490,2063,0.0,0.0
DTXSID6023496,2063,0.0,0.0
DTXSID6023523,2063,1.6874893127969285e-18,0.0
DTXSID6023529,2063,0.0,0.0
DTXSID6023602,2063,0.0,0.0
DTXSID6023606,2063,0.0,0.0
DTXSID6023608,2063,0.0,0.0
DTXSID6023652,2063,0.0,0.0
DTXSID6023656,2063,1.2392400903174865e-15,0.0
DTXSID6023733,2063,0.0,0.0
DTXSID6023737,2063,0.0,0.0
DTXSID6023810,2063,0.9999961833275534,1.0
DTXSID6023862,2063,0.0,0.0
DTXSID6023864,2063,0.0,0.0
DTXSID6023868,2063,0.9999999999999997,1.0
DTXSID6023947,2063,0.0,0.0
DTXSID6023997,2063,0.04117863681015365,0.0
DTXSID6023999,2063,0.0,0.0
DTXSID6024046,2063,0.9971080487314563,1.0
DTXSID6024048,2063,7.957721119922266e-15,0.0
DTXSID6024123,2063,0.0,0.0
DTXSID6024127,2063,0.0,0.0
DTXSID6024175,2063,0.0,0.0
DTXSID6024177,2063,0.0,0.0
DTXSID6024200,2063,0.0,0.0
DTXSID6024204,2063,0.0,0.0
DTXSID6024206,2063,0.0,0.0
DTXSID6024254,2063,0.0,0.0
DTXSID6024331,2063,6.1798317254673186e-06,0.0
DTXSID6024337,2063,0.0,0.0
DTXSID6024412,2063,0.0,0.0
DTXSID6024414,2063,0.0,0.0
DTXSID6024460,2063,0.0,0.0
DTXSID6024462,2063,0.0,0.0
DTXSID6024466,2063,0.0,0.0
DTXSID6024591,2063,0.0,0.0
DTXSID6024597,2063,0.0,0.0
DTXSID6024599,2063,0.0,0.0
DTXSID6024624,2063,0.9999999557327477,1.0
DTXSID6024628,2063,0.0,0.0
DTXSID6024670,2063,0.0,0.0
DTXSID6024674,2063,0.0,0.0
DTXSID6024676,2063,0.0,0.0
DTXSID6024701,2063,0.0,0.0
DTXSID6024832,2063,0.0,0.0
DTXSID6024834,2063,0.0,0.0
DTXSID6024836,2063,5.750341911396942e-19,0.0
DTXSID6024838,2063,0.9999970544194072,1.0
DTXSID6024880,2063,0.0,0.0
DTXSID6024882,2063,3.5186802474432813e-10,0.0
DTXSID6024886,2063,0.0,0.0
DTXSID6024888,2063,0.0,0.0
DTXSID6024911,2063,0.9853258900307996,1.0
DTXSID6024913,2063,0.0,0.0
DTXSID6024915,2063,0.0,0.0
DTXSID6024917,2063,0.0,0.0
DTXSID6024961,2063,0.05493143270642471,0.0
DTXSID6024965,2063,0.0,0.0
DTXSID6024967,2063,0.0,0.0
DTXSID6025010,2063,0.0,0.0
DTXSID6025012,2063,0.0,0.0
DTXSID6025014,2063,0.0,0.0
DTXSID6025018,2063,0.0,0.0
DTXSID6025064,2063,0.0,0.0
DTXSID6025068,2063,0.0,0.0
DTXSID6025141,2063,0.0,0.0
DTXSID6025143,2063,0.0,0.0
DTXSID6025145,2063,0.0,0.0
DTXSID6025149,2063,0.0006112981224909933,0.0
DTXSID6025220,2063,0.0,0.0
DTXSID6025226,2063,0.99999999999619,1.0
DTXSID6025272,2063,0.0,0.0
DTXSID6025276,2063,0.0,0.0
DTXSID6025278,2063,0.0,0.0
DTXSID6025301,2063,0.0,0.0
DTXSID6025303,2063,0.0,0.0
DTXSID6025305,2063,0.0,0.0
DTXSID6025307,2063,0.0,0.0
DTXSID6025309,2063,0.0,0.0
DTXSID6025355,2063,4.694649777976102e-17,0.0
DTXSID6025432,2063,0.0,0.0
DTXSID6025436,2063,0.0,0.0
DTXSID6025438,2063,0.0,0.0
DTXSID6025480,2063,0.0,0.0
DTXSID6025486,2063,4.167242977115728e-18,0.0
DTXSID6025513,2063,1.0,1.0
DTXSID6025565,2063,0.9999999999685455,1.0
DTXSID6025567,2063,0.0,0.0
DTXSID6025569,2063,0.0,0.0
DTXSID6025640,2063,0.0,0.0
DTXSID6025642,2063,0.0,0.0
DTXSID6025648,2063,0.0,0.0
DTXSID6025690,2063,0.0,0.0
DTXSID6025692,2063,0.0,0.0
DTXSID6025696,2063,0.9999999999913648,1.0
DTXSID6025723,2063,0.0,0.0
DTXSID6025725,2063,0.0,0.0
DTXSID6025775,2063,0.0,0.0
DTXSID6025804,2063,0.0,0.0
DTXSID6025850,2063,0.0,0.0
DTXSID6025854,2063,0.0,0.0
DTXSID6025939,2063,0.0,0.0
DTXSID6025983,2063,0.0,0.0
DTXSID6026080,2063,0.0,0.0
DTXSID6026082,2063,0.11354178949459587,0.0
DTXSID6026084,2063,0.0,0.0
DTXSID6026088,2063,0.0,0.0
DTXSID6026115,2063,0.0,0.0
DTXSID6026119,2063,0.0,0.0
DTXSID6026161,2063,0.0,0.0
DTXSID6026167,2063,0.0,0.0
DTXSID6026169,2063,0.0,0.0
DTXSID6026240,2063,0.0,0.0
DTXSID6026292,2063,0.0,0.0
DTXSID6026294,2063,0.9999957616462942,1.0
DTXSID6026298,2063,0.0,0.0
DTXSID6026325,2063,0.0,0.0
DTXSID6026373,2063,0.0017585306759422645,0.0
DTXSID6026450,2063,0.0,0.0
DTXSID6026535,2063,0.0,0.0
DTXSID6026537,2063,0.0,0.0
DTXSID6026612,2063,0.0,0.0
DTXSID6026664,2063,0.0,0.0
DTXSID6026797,2063,0.0,0.0
DTXSID6026799,2063,0.0,0.0
DTXSID6026824,2063,0.0,0.0
DTXSID6026872,2063,0.0,0.0
DTXSID6026878,2063,2.246514307312243e-17,0.0
DTXSID6026901,2063,0.9998229124423477,1.0
DTXSID6026905,2063,0.0,0.0
DTXSID6026955,2063,0.0,0.0
DTXSID6027050,2063,0.0,0.0
DTXSID6027052,2063,0.007488176198861144,0.0
DTXSID6027131,2063,0.0,0.0
DTXSID6027133,2063,0.0,0.0
DTXSID6027137,2063,0.7130948472562169,0.0
DTXSID6027181,2063,0.0,0.0
DTXSID6027185,2063,0.0,0.0
DTXSID6027214,2063,0.0,0.0
DTXSID6027218,2063,0.0,0.0
DTXSID6027262,2063,0.0,0.0
DTXSID6027266,2063,0.0,0.0
DTXSID6027268,2063,0.0,0.0
DTXSID6027341,2063,0.0,0.0
DTXSID6027343,2063,0.0,0.0
DTXSID6027345,2063,0.0,0.0
DTXSID6027397,2063,0.0,0.0
DTXSID6027503,2063,0.0,0.0
DTXSID6027507,2063,0.0,0.0
DTXSID6027509,2063,0.0,0.0
DTXSID6027551,2063,0.0,0.0
DTXSID6027634,2063,0.0,0.0
DTXSID6027636,2063,0.0,0.0
DTXSID6027713,2063,0.0,0.0
DTXSID6027844,2063,0.0,0.0
DTXSID6027921,2063,0.0,0.0
DTXSID6027923,2063,0.9999915244995529,1.0
DTXSID6027925,2063,0.9999835343680917,1.0
DTXSID6027975,2063,0.0,0.0
DTXSID6028022,2063,0.0,0.0
DTXSID6028028,2063,0.0,0.0
DTXSID6028492,2063,0.9999960449211046,1.0
DTXSID6029121,2063,0.0,0.0
DTXSID6029127,2063,0.0,0.0
DTXSID6029171,2063,4.6589801062625146e-18,0.0
DTXSID6029202,2063,0.0,0.0
DTXSID6029250,2063,0.0,0.0
DTXSID6029254,2063,0.0,0.0
DTXSID6029331,2063,0.0,0.0
DTXSID6029626,2063,0.0,0.0
DTXSID6029670,2063,0.0,0.0
DTXSID6029703,2063,1.4548259061654303e-19,0.0
DTXSID6029707,2063,0.0,0.0
DTXSID6029755,2063,0.0,0.0
DTXSID6030607,2063,0.0,0.0
DTXSID6031209,2063,0.0,0.0
DTXSID6031380,2063,0.0,0.0
DTXSID6031461,2063,0.0,0.0
DTXSID6032061,2063,0.9969385553884145,1.0
DTXSID6032192,2063,0.0,0.0
DTXSID6032352,2063,0.0,0.0
DTXSID6032354,2063,0.0,0.0
DTXSID6032356,2063,0.0,0.0
DTXSID6032358,2063,0.0,0.0
DTXSID6032431,2063,0.0,0.0
DTXSID6032437,2063,0.0,0.0
DTXSID6032514,2063,0.9997332060479666,1.0
DTXSID6032516,2063,1.3003040780095407e-19,0.0
DTXSID6032518,2063,0.9999999999981714,1.0
DTXSID6032562,2063,2.2753232655734374e-11,0.0
DTXSID6032641,2063,0.0,0.0
DTXSID6032645,2063,0.0,0.0
DTXSID6032647,2063,0.9999999999999656,1.0
DTXSID6032649,2063,0.0,0.0
DTXSID6032722,2063,0.0,0.0
DTXSID6033241,2063,0.0,0.0
DTXSID6033247,2063,0.8466751296221889,0.0
DTXSID6033326,2063,0.0,0.0
DTXSID6033401,2063,0.0,0.0
DTXSID6033538,2063,0.0,0.0
DTXSID6033825,2063,0.0,0.0
DTXSID6034005,2063,0.0,0.0
DTXSID6034186,2063,0.0,0.0
DTXSID6034265,2063,0.0,0.0
DTXSID6034392,2063,0.0,0.0
DTXSID6034762,2063,0.0,0.0
DTXSID6034764,2063,6.112631441932827e-19,0.0
DTXSID6034849,2063,0.0,0.0
DTXSID6034924,2063,0.0,0.0
DTXSID6034928,2063,0.9999911099982335,1.0
DTXSID6034972,2063,0.0,0.0
DTXSID6035152,2063,0.0,0.0
DTXSID6035156,2063,0.0,0.0
DTXSID6035285,2063,0.0,0.0
DTXSID6035784,2063,0.0,0.0
DTXSID6036467,2063,0.0,0.0
DTXSID6037015,2063,0.0,0.0
DTXSID6037483,2063,0.0,0.0
DTXSID6037564,2063,3.1178665055590224e-19,0.0
DTXSID6037568,2063,0.0,0.0
DTXSID6037649,2063,0.0,0.0
DTXSID6037697,2063,0.0,0.0
DTXSID6037728,2063,0.0,0.0
DTXSID6038326,2063,0.0,0.0
DTXSID6038798,2063,0.0,0.0
DTXSID6038827,2063,0.0,0.0
DTXSID6038875,2063,7.225490658138729e-16,0.0
DTXSID6038877,2063,0.26973484863631236,0.0
DTXSID6040111,2063,0.0,0.0
DTXSID6040115,2063,0.0,0.0
DTXSID6040246,2063,,
DTXSID6040290,2063,0.0,0.0
DTXSID6040296,2063,0.0,0.0
DTXSID6040371,2063,0.0,0.0
DTXSID6040373,2063,0.9994395516491608,1.0
DTXSID6040375,2063,0.0,0.0
DTXSID6040404,2063,8.485119347937389e-16,0.0
DTXSID6040583,2063,0.0,0.0
DTXSID6040614,2063,0.0,0.0
DTXSID6040662,2063,0.9981934792320222,1.0
DTXSID6040664,2063,0.0,0.0
DTXSID6040668,2063,,
DTXSID6040743,2063,0.018651694210844866,0.0
DTXSID6040745,2063,7.899487977751023e-10,0.0
DTXSID6040747,2063,0.0,0.0
DTXSID6040795,2063,0.0,0.0
DTXSID6041056,2063,0.0,0.0
DTXSID6041133,2063,0.0,0.0
DTXSID6041137,2063,0.0,0.0
DTXSID6041185,2063,0.0,0.0
DTXSID6041210,2063,0.0,0.0
DTXSID6041268,2063,0.0,0.0
DTXSID6041347,2063,1.1018545948323225e-16,0.0
DTXSID6041349,2063,0.0,0.0
DTXSID6041397,2063,0.0,0.0
DTXSID6041420,2063,0.0,0.0
DTXSID6041422,2063,,
DTXSID6041424,2063,0.0,0.0
DTXSID6041426,2063,0.0,0.0
DTXSID6041472,2063,0.0,0.0
DTXSID6041503,2063,2.3192387161310378e-08,0.0
DTXSID6041507,2063,0.0,0.0
DTXSID6041551,2063,0.0,0.0
DTXSID6041557,2063,0.0,0.0
DTXSID6041636,2063,0.0,0.0
DTXSID6041638,2063,0.0,0.0
DTXSID6041680,2063,0.9999988293809696,1.0
DTXSID6041682,2063,0.0,0.0
DTXSID6041684,2063,3.6018811248376644e-11,0.0
DTXSID6041688,2063,1.6391053481805884e-17,0.0
DTXSID6041715,2063,0.0,0.0
DTXSID6041719,2063,0.0,0.0
DTXSID6041761,2063,0.999991966294543,1.0
DTXSID6041844,2063,0.0,0.0
DTXSID6041892,2063,0.0,0.0
DTXSID6041925,2063,0.0,0.0
DTXSID6041927,2063,0.0,0.0
DTXSID6041973,2063,0.0,0.0
DTXSID6041977,2063,0.0,0.0
DTXSID6042072,2063,0.0,0.0
DTXSID6042074,2063,0.0,0.0
DTXSID6042151,2063,0.0,0.0
DTXSID6042157,2063,0.0,0.0
DTXSID6042232,2063,0.0,0.0
DTXSID6042234,2063,0.0,0.0
DTXSID6042280,2063,0.0,0.0
DTXSID6042282,2063,0.0,0.0
DTXSID6042315,2063,0.0,0.0
DTXSID6042365,2063,0.0,0.0
DTXSID6042369,2063,1.3508238176713453e-14,0.0
DTXSID6042440,2063,0.0,0.0
DTXSID6042448,2063,0.0,0.0
DTXSID6042490,2063,0.0,0.0
DTXSID6042494,2063,0.0,0.0
DTXSID6042498,2063,0.0,0.0
DTXSID6042521,2063,0.0,0.0
DTXSID6042579,2063,0.0,0.0
DTXSID6042602,2063,0.0,0.0
DTXSID6043709,2063,0.0,0.0
DTXSID6043913,2063,0.0,0.0
DTXSID6043915,2063,0.9994031881106784,1.0
DTXSID6043917,2063,0.0,0.0
DTXSID6043919,2063,0.0,0.0
DTXSID6044199,2063,0.0,0.0
DTXSID6044226,2063,0.0,0.0
DTXSID6044303,2063,0.0,0.0
DTXSID6044307,2063,0.0,0.0
DTXSID6044309,2063,3.356931497707706e-18,0.0
DTXSID6044353,2063,0.0,0.0
DTXSID6044355,2063,1.9013156056591695e-17,0.0
DTXSID6044357,2063,0.0,0.0
DTXSID6044359,2063,3.299520232884398e-11,0.0
DTXSID6044430,2063,0.0,0.0
DTXSID6044436,2063,0.0,0.0
DTXSID6044438,2063,5.150836199200071e-17,0.0
DTXSID6044480,2063,0.0,0.0
DTXSID6044484,2063,0.0,0.0
DTXSID6044486,2063,0.0,0.0
DTXSID6044488,2063,0.0,0.0
DTXSID6044511,2063,0.0,0.0
DTXSID6044513,2063,0.0,0.0
DTXSID6044515,2063,0.0,0.0
DTXSID6044517,2063,0.0,0.0
DTXSID6044519,2063,5.8602948364397e-17,0.0
DTXSID6044561,2063,0.0,0.0
DTXSID6044563,2063,0.0,0.0
DTXSID6044565,2063,0.0,0.0
DTXSID6044642,2063,2.2401926916288666e-15,0.0
DTXSID6044644,2063,0.0,0.0
DTXSID6044646,2063,0.0,0.0
DTXSID6044648,2063,0.0,0.0
DTXSID6044690,2063,0.0,0.0
DTXSID6044692,2063,0.0,0.0
DTXSID6044696,2063,0.0,0.0
DTXSID6044698,2063,0.0,0.0
DTXSID6044721,2063,0.0,0.0
DTXSID6044723,2063,0.0,0.0
DTXSID6044725,2063,0.0,0.0
DTXSID6044727,2063,0.0,0.0
DTXSID6044771,2063,0.0,0.0
DTXSID6044773,2063,0.0,0.0
DTXSID6044777,2063,0.0,0.0
DTXSID6044779,2063,0.9999838920712324,1.0
DTXSID6044800,2063,0.0,0.0
DTXSID6044802,2063,0.0,0.0
DTXSID6044804,2063,0.0,0.0
DTXSID6044808,2063,0.0,0.0
DTXSID6044852,2063,0.0,0.0
DTXSID6044854,2063,0.0,0.0
DTXSID6044856,2063,0.0,0.0
DTXSID6044858,2063,0.0,0.0
DTXSID6044931,2063,0.0,0.0
DTXSID6044933,2063,0.0,0.0
DTXSID6044935,2063,0.0,0.0
DTXSID6044939,2063,0.0,0.0
DTXSID6044981,2063,0.0,0.0
DTXSID6044983,2063,0.0,0.0
DTXSID6044985,2063,0.0,0.0
DTXSID6044989,2063,0.0,0.0
DTXSID6045084,2063,0.0,0.0
DTXSID6045088,2063,0.0,0.0
DTXSID6045111,2063,0.9999989418901571,1.0
DTXSID6045117,2063,0.0,0.0
DTXSID6045119,2063,0.0,0.0
DTXSID6045161,2063,0.0,0.0
DTXSID6045163,2063,0.0,0.0
DTXSID6045165,2063,0.0,0.0
DTXSID6045167,2063,0.0,0.0
DTXSID6045169,2063,0.0,0.0
DTXSID6045248,2063,0.0,0.0
DTXSID6045292,2063,0.0,0.0
DTXSID6045296,2063,0.0,0.0
DTXSID6045321,2063,0.0,0.0
DTXSID6045323,2063,0.03893849335310214,0.0
DTXSID6045371,2063,0.0,0.0
DTXSID6045373,2063,0.0,0.0
DTXSID6045375,2063,0.0,0.0
DTXSID6045377,2063,0.9928522346099786,1.0
DTXSID6045400,2063,0.0,0.0
DTXSID6045452,2063,0.9999998595736626,1.0
DTXSID6045531,2063,0.0,0.0
DTXSID6045533,2063,0.0,0.0
DTXSID6045583,2063,0.0074879423034342465,0.0
DTXSID6045587,2063,0.0,0.0
DTXSID6045614,2063,0.0,0.0
DTXSID6045616,2063,0.9997432567752146,1.0
DTXSID6045618,2063,0.0,0.0
DTXSID6045660,2063,0.0,0.0
DTXSID6045662,2063,0.0,0.0
DTXSID6045666,2063,0.0,0.0
DTXSID6045668,2063,0.0,0.0
DTXSID6045741,2063,0.0,0.0
DTXSID6045743,2063,0.0,0.0
DTXSID6045745,2063,0.0,0.0
DTXSID6045791,2063,4.220253307982543e-11,0.0
DTXSID6045820,2063,0.0,0.0
DTXSID6045828,2063,0.0,0.0
DTXSID6045870,2063,0.0,0.0
DTXSID6045874,2063,0.0,0.0
DTXSID6045878,2063,0.0,0.0
DTXSID6045901,2063,0.0,0.0
DTXSID6045907,2063,0.0,0.0
DTXSID6045909,2063,0.0,0.0
DTXSID6045953,2063,0.0,0.0
DTXSID6045955,2063,0.9999932274581982,1.0
DTXSID6045957,2063,0.0,0.0
DTXSID6046000,2063,0.0,0.0
DTXSID6046131,2063,0.0,0.0
DTXSID6046137,2063,0.0,0.0
DTXSID6046181,2063,0.0,0.0
DTXSID6046216,2063,0.0,0.0
DTXSID6046260,2063,0.0,0.0
DTXSID6046264,2063,0.0,0.0
DTXSID6046266,2063,0.0,0.0
DTXSID6046341,2063,0.0,0.0
DTXSID6046343,2063,0.0,0.0
DTXSID6046345,2063,0.0,0.0
DTXSID6046347,2063,0.0,0.0
DTXSID6046349,2063,0.0,0.0
DTXSID6046391,2063,0.0,0.0
DTXSID6046395,2063,0.0,0.0
DTXSID6046399,2063,0.0,0.0
DTXSID6046420,2063,0.0,0.0
DTXSID6046422,2063,0.0,0.0
DTXSID6046424,2063,0.0,0.0
DTXSID6046426,2063,0.0,0.0
DTXSID6046428,2063,0.0,0.0
DTXSID6046470,2063,8.714661934614497e-13,0.0
DTXSID6046472,2063,0.9999997653119437,1.0
DTXSID6046474,2063,0.0,0.0
DTXSID6046478,2063,0.0,0.0
DTXSID6046501,2063,0.0,0.0
DTXSID6046503,2063,0.0,0.0
DTXSID6046505,2063,0.0,0.0
DTXSID6046507,2063,0.0,0.0
DTXSID6046553,2063,0.9825529386128862,1.0
DTXSID6046555,2063,0.0,0.0
DTXSID6046557,2063,0.0,0.0
DTXSID6046634,2063,0.0,0.0
DTXSID6046638,2063,0.0,0.0
DTXSID6046688,2063,0.0,0.0
DTXSID6046715,2063,6.28703898602021e-16,0.0
DTXSID6046767,2063,0.0,0.0
DTXSID6046842,2063,0.0,0.0
DTXSID6046890,2063,0.0,0.0
DTXSID6046892,2063,,
DTXSID6046896,2063,0.0,0.0
DTXSID6046925,2063,0.0,0.0
DTXSID6046977,2063,0.0,0.0
DTXSID6046979,2063,0.0,0.0
DTXSID6047028,2063,0.0,0.0
DTXSID6047070,2063,0.0,0.0
DTXSID6047072,2063,0.0,0.0
DTXSID6047074,2063,0.0,0.0
DTXSID6047078,2063,0.0,0.0
DTXSID6047101,2063,0.0,0.0
DTXSID6047103,2063,0.9999990427006529,1.0
DTXSID6047105,2063,0.0,0.0
DTXSID6047107,2063,0.0,0.0
DTXSID6047109,2063,0.0,0.0
DTXSID6047155,2063,0.0,0.0
DTXSID6047157,2063,0.0,0.0
DTXSID6047159,2063,0.0,0.0
DTXSID6047236,2063,0.0,0.0
DTXSID6047280,2063,0.9972952673411659,1.0
DTXSID6047282,2063,0.0,0.0
DTXSID6047284,2063,0.0,0.0
DTXSID6047286,2063,0.0,0.0
DTXSID6047288,2063,0.9999426667837331,1.0
DTXSID6047311,2063,0.0,0.0
DTXSID6047313,2063,0.9999915038931148,1.0
DTXSID6047315,2063,0.9999782906676903,1.0
DTXSID6047319,2063,0.0,0.0
DTXSID6047363,2063,1.9468661017101405e-17,0.0
DTXSID6047369,2063,0.9999999931217042,1.0
DTXSID6047440,2063,1.6852180623979527e-19,0.0
DTXSID6047444,2063,0.0,0.0
DTXSID6047446,2063,0.00015417719370707943,0.0
DTXSID6047448,2063,0.0,0.0
DTXSID6047490,2063,0.0,0.0
DTXSID6047498,2063,1.0,1.0
DTXSID6047523,2063,0.0,0.0
DTXSID6047525,2063,0.0,0.0
DTXSID6047527,2063,0.9998807260026286,1.0
DTXSID6047529,2063,0.0,0.0
DTXSID6047579,2063,0.0,0.0
DTXSID6047602,2063,0.0,0.0
DTXSID6047604,2063,0.0,0.0
DTXSID6047606,2063,0.0,0.0
DTXSID6047608,2063,0.0,0.0
DTXSID6047654,2063,0.0,0.0
DTXSID6047656,2063,0.0,0.0
DTXSID6047781,2063,0.0,0.0
DTXSID6047783,2063,0.0,0.0
DTXSID6047785,2063,0.0,0.0
DTXSID6047787,2063,0.0,0.0
DTXSID6047789,2063,0.0,0.0
DTXSID6047818,2063,0.0,0.0
DTXSID6047941,2063,0.0,0.0
DTXSID6047943,2063,2.317170634556074e-19,0.0
DTXSID6047945,2063,0.0,0.0
DTXSID6047947,2063,0.0,0.0
DTXSID6047949,2063,0.0,0.0
DTXSID6048171,2063,5.032402836933975e-11,0.0
DTXSID6048175,2063,0.0,0.0
DTXSID6048200,2063,0.0,0.0
DTXSID6048202,2063,0.0,0.0
DTXSID6048204,2063,0.0,0.0
DTXSID6048206,2063,0.0,0.0
DTXSID6048208,2063,0.0,0.0
DTXSID6048383,2063,0.0,0.0
DTXSID6048591,2063,0.0,0.0
DTXSID6048597,2063,0.0,0.0
DTXSID6048620,2063,0.0,0.0
DTXSID6048672,2063,0.0,0.0
DTXSID6048674,2063,0.0,0.0
DTXSID6048676,2063,0.0,0.0
DTXSID6048830,2063,0.0,0.0
DTXSID6048834,2063,0.0,0.0
DTXSID6048836,2063,0.0,0.0
DTXSID6048838,2063,0.0,0.0
DTXSID6048880,2063,0.0,0.0
DTXSID6048882,2063,0.0,0.0
DTXSID6048884,2063,0.0,0.0
DTXSID6048886,2063,0.0,0.0
DTXSID6048888,2063,0.0,0.0
DTXSID6048915,2063,0.0,0.0
DTXSID6048919,2063,0.0,0.0
DTXSID6048961,2063,0.9793719645359106,1.0
DTXSID6048965,2063,0.0,0.0
DTXSID6048967,2063,1.1888830833559387e-14,0.0
DTXSID6049018,2063,0.0,0.0
DTXSID6049060,2063,0.0,0.0
DTXSID6049064,2063,0.0,0.0
DTXSID6049066,2063,0.0,0.0
DTXSID6049068,2063,0.0,0.0
DTXSID6049220,2063,0.0,0.0
DTXSID6049222,2063,0.0,0.0
DTXSID6049224,2063,0.0,0.0
DTXSID6049226,2063,0.0,0.0
DTXSID6049228,2063,0.0,0.0
DTXSID6049270,2063,0.0,0.0
DTXSID6049272,2063,0.0,0.0
DTXSID6049274,2063,0.0,0.0
DTXSID6049276,2063,0.0,0.0
DTXSID6049278,2063,0.0,0.0
DTXSID6049301,2063,0.0,0.0
DTXSID6049303,2063,0.0,0.0
DTXSID6049305,2063,3.6202795261783766e-15,0.0
DTXSID6049307,2063,0.0,0.0
DTXSID6049309,2063,0.0,0.0
DTXSID6049351,2063,0.9999999999954012,1.0
DTXSID6049353,2063,0.0,0.0
DTXSID6049355,2063,0.0,0.0
DTXSID6049357,2063,0.0,0.0
DTXSID6049359,2063,0.995917913648372,1.0
DTXSID6049430,2063,2.377229632136215e-13,0.0
DTXSID6049432,2063,0.0,0.0
DTXSID6049480,2063,0.0,0.0
DTXSID6049482,2063,0.0,0.0
DTXSID6049484,2063,0.0,0.0
DTXSID6049486,2063,0.0,0.0
DTXSID6049488,2063,0.0,0.0
DTXSID6049511,2063,0.0,0.0
DTXSID6049513,2063,0.0,0.0
DTXSID6049515,2063,0.0,0.0
DTXSID6049517,2063,0.0,0.0
DTXSID6049519,2063,0.0,0.0
DTXSID6049561,2063,0.0,0.0
DTXSID6050386,2063,0.0,0.0
DTXSID6051306,2063,0.9999999999998573,1.0
DTXSID6051560,2063,0.0,0.0
DTXSID6051564,2063,0.0,0.0
DTXSID6051566,2063,0.0,0.0
DTXSID6051695,2063,0.0,0.0
DTXSID6051724,2063,0.0,0.0
DTXSID6051778,2063,0.0,0.0
DTXSID6052112,2063,0.0,0.0
DTXSID6052291,2063,0.0,0.0
DTXSID6052295,2063,0.0,0.0
DTXSID6052299,2063,0.0,0.0
DTXSID6052328,2063,0.0,0.0
DTXSID6052536,2063,0.0,0.0
DTXSID6052538,2063,0.0,0.0
DTXSID6052619,2063,0.0,0.0
DTXSID6052740,2063,0.0,0.0
DTXSID6057611,2063,0.0,0.0
DTXSID6057613,2063,0.0,0.0
DTXSID6057615,2063,0.0,0.0
DTXSID6057617,2063,0.0,0.0
DTXSID6057619,2063,0.9999999999992109,1.0
DTXSID6057661,2063,0.0,0.0
DTXSID6057663,2063,0.0,0.0
DTXSID6057665,2063,0.0,0.0
DTXSID6057667,2063,0.0,0.0
DTXSID6057669,2063,0.0,0.0
DTXSID6057740,2063,0.0,0.0
DTXSID6057742,2063,0.0,0.0
DTXSID6057744,2063,0.0,0.0
DTXSID6057746,2063,0.0,0.0
DTXSID6057748,2063,0.0,0.0
DTXSID6057790,2063,0.0,0.0
DTXSID6057794,2063,0.0,0.0
DTXSID6057796,2063,0.0,0.0
DTXSID6057798,2063,0.0,0.0
DTXSID6057821,2063,0.0,0.0
DTXSID6057823,2063,0.0,0.0
DTXSID6057825,2063,0.0,0.0
DTXSID6057827,2063,0.0,0.0
DTXSID6057829,2063,0.0,0.0
DTXSID7020005,2063,0.0,0.0
DTXSID7020007,2063,0.0,0.0
DTXSID7020009,2063,0.0,0.0
DTXSID7020053,2063,0.0,0.0
DTXSID7020057,2063,2.1909082002405293e-14,0.0
DTXSID7020138,2063,0.0,0.0
DTXSID7020182,2063,3.0954711681322057e-15,0.0
DTXSID7020184,2063,0.0,0.0
DTXSID7020211,2063,0.0,0.0
DTXSID7020213,2063,0.0,0.0
DTXSID7020215,2063,0.0,0.0
DTXSID7020261,2063,0.0,0.0
DTXSID7020263,2063,0.0,0.0
DTXSID7020265,2063,0.0,0.0
DTXSID7020267,2063,0.9999904018602164,1.0
DTXSID7020340,2063,0.9638529780739385,1.0
DTXSID7020344,2063,6.193642965361345e-14,0.0
DTXSID7020348,2063,0.0,0.0
DTXSID7020390,2063,0.0,0.0
DTXSID7020392,2063,0.0,0.0
DTXSID7020398,2063,0.0,0.0
DTXSID7020421,2063,0.0,0.0
DTXSID7020423,2063,0.9993202871600101,1.0
DTXSID7020425,2063,1.0,1.0
DTXSID7020427,2063,0.0,0.0
DTXSID7020479,2063,0.0,0.0
DTXSID7020504,2063,0.0,0.0
DTXSID7020508,2063,0.0,0.0
DTXSID7020550,2063,0.0,0.0
DTXSID7020552,2063,0.0,0.0
DTXSID7020558,2063,0.9968600119774567,1.0
DTXSID7020631,2063,0.0,0.0
DTXSID7020635,2063,0.993646249794992,1.0
DTXSID7020681,2063,0.0,0.0
DTXSID7020683,2063,0.0,0.0
DTXSID7020685,2063,0.0,0.0
DTXSID7020687,2063,0.0,0.0
DTXSID7020689,2063,0.0,0.0
DTXSID7020710,2063,0.0,0.0
DTXSID7020714,2063,0.0,0.0
DTXSID7020716,2063,0.0,0.0
DTXSID7020760,2063,0.0,0.0
DTXSID7020762,2063,0.0,0.0
DTXSID7020764,2063,0.0,0.0
DTXSID7020766,2063,0.0,0.0
DTXSID7020768,2063,7.079866829576168e-17,0.0
DTXSID7020841,2063,0.0,0.0
DTXSID7020843,2063,0.0,0.0
DTXSID7020845,2063,0.0,0.0
DTXSID7020847,2063,0.0,0.0
DTXSID7020893,2063,0.0,0.0
DTXSID7020895,2063,0.0,0.0
DTXSID7020899,2063,0.0,0.0
DTXSID7020920,2063,0.0,0.0
DTXSID7020922,2063,0.0,0.0
DTXSID7020928,2063,0.0,0.0
DTXSID7020970,2063,1.4460002867270983e-11,0.0
DTXSID7020972,2063,1.099450004491791e-09,0.0
DTXSID7020976,2063,0.0,0.0
DTXSID7020978,2063,0.0,0.0
DTXSID7021027,2063,0.0,0.0
DTXSID7021029,2063,0.0,0.0
DTXSID7021100,2063,2.2719940052524362e-13,0.0
DTXSID7021102,2063,0.0,0.0
DTXSID7021104,2063,0.0,0.0
DTXSID7021106,2063,1.8454381436211033e-05,0.0
DTXSID7021150,2063,1.0,1.0
DTXSID7021152,2063,6.617025279438825e-17,0.0
DTXSID7021156,2063,0.0,0.0
DTXSID7021158,2063,0.0,0.0
DTXSID7021231,2063,0.0,0.0
DTXSID7021233,2063,6.56820151101922e-11,0.0
DTXSID7021235,2063,0.0,0.0
DTXSID7021237,2063,4.176063123893364e-15,0.0
DTXSID7021239,2063,0.9999645320908274,1.0
DTXSID7021283,2063,0.9999999984047887,1.0
DTXSID7021287,2063,0.0,0.0
DTXSID7021289,2063,0.0,0.0
DTXSID7021312,2063,8.513624045344465e-09,0.0
DTXSID7021314,2063,0.9999976757257982,1.0
DTXSID7021316,2063,0.0,0.0
DTXSID7021318,2063,0.0,0.0
DTXSID7021360,2063,0.0,0.0
DTXSID7021362,2063,0.0,0.0
DTXSID7021364,2063,0.0,0.0
DTXSID7021366,2063,0.0,0.0
DTXSID7021368,2063,0.9999999995849683,1.0
DTXSID7021491,2063,0.0,0.0
DTXSID7021493,2063,0.0,0.0
DTXSID7021495,2063,0.0,0.0
DTXSID7021499,2063,0.0,0.0
DTXSID7021520,2063,3.2272264039509472e-18,0.0
DTXSID7021524,2063,0.0,0.0
DTXSID7021526,2063,0.0,0.0
DTXSID7021576,2063,0.0,0.0
DTXSID7021601,2063,0.0,0.0
DTXSID7021603,2063,0.0,0.0
DTXSID7021605,2063,0.0,0.0
DTXSID7021607,2063,0.0,0.0
DTXSID7021653,2063,0.0,0.0
DTXSID7021655,2063,0.0,0.0
DTXSID7021657,2063,0.0,0.0
DTXSID7021659,2063,0.0,0.0
DTXSID7021780,2063,0.0,0.0
DTXSID7021782,2063,0.0,0.0
DTXSID7021784,2063,0.0002043539182169457,0.0
DTXSID7021788,2063,7.851898448098589e-11,0.0
DTXSID7021815,2063,0.0,0.0
DTXSID7021817,2063,0.0,0.0
DTXSID7021861,2063,0.0,0.0
DTXSID7021863,2063,0.0,0.0
DTXSID7021867,2063,0.0,0.0
DTXSID7021869,2063,0.0,0.0
DTXSID7021940,2063,0.0,0.0
DTXSID7021946,2063,2.737924839180544e-15,0.0
DTXSID7021948,2063,0.0,0.0
DTXSID7021992,2063,0.0,0.0
DTXSID7021994,2063,0.0,0.0
DTXSID7021996,2063,0.0,0.0
DTXSID7021998,2063,0.0,0.0
DTXSID7022043,2063,0.0,0.0
DTXSID7022049,2063,0.0,0.0
DTXSID7022093,2063,0.0,0.0
DTXSID7022120,2063,0.0,0.0
DTXSID7022124,2063,0.0,0.0
DTXSID7022128,2063,0.0,0.0
DTXSID7022170,2063,0.0,0.0
DTXSID7022172,2063,0.0,0.0
DTXSID7022174,2063,2.2519468311276974e-09,0.0
DTXSID7022253,2063,0.0,0.0
DTXSID7022332,2063,0.0,0.0
DTXSID7022382,2063,4.052172395121371e-05,0.0
DTXSID7022384,2063,0.9999999961570228,1.0
DTXSID7022411,2063,0.0,0.0
DTXSID7022413,2063,0.0,0.0
DTXSID7022415,2063,0.0,0.0
DTXSID7022417,2063,0.0,0.0
DTXSID7022540,2063,0.0,0.0
DTXSID7022544,2063,0.0,0.0
DTXSID7022546,2063,0.0,0.0
DTXSID7022590,2063,0.0,0.0
DTXSID7022592,2063,0.999822654712543,1.0
DTXSID7022598,2063,0.9996001473972402,1.0
DTXSID7022629,2063,5.937283941820727e-17,0.0
DTXSID7022673,2063,0.0,0.0
DTXSID7022679,2063,0.0,0.0
DTXSID7022704,2063,0.0,0.0
DTXSID7022833,2063,0.0,0.0
DTXSID7022835,2063,0.0,0.0
DTXSID7022837,2063,0.4917725045169626,0.0
DTXSID7022883,2063,0.9999998879990488,1.0
DTXSID7022910,2063,0.0,0.0
DTXSID7022912,2063,0.0,0.0
DTXSID7022914,2063,0.0,0.0
DTXSID7022918,2063,0.0,0.0
DTXSID7022968,2063,0.0,0.0
DTXSID7023011,2063,0.0,0.0
DTXSID7023019,2063,0.0,0.0
DTXSID7023061,2063,0.0,0.0
DTXSID7023063,2063,3.834626611651605e-07,0.0
DTXSID7023067,2063,2.223743822057171e-17,0.0
DTXSID7023140,2063,0.0,0.0
DTXSID7023146,2063,0.0,0.0
DTXSID7023148,2063,0.0,0.0
DTXSID7023190,2063,7.52790208293154e-17,0.0
DTXSID7023192,2063,0.0,0.0
DTXSID7023194,2063,0.0,0.0
DTXSID7023221,2063,0.0,0.0
DTXSID7023227,2063,0.0,0.0
DTXSID7023271,2063,0.0,0.0
DTXSID7023277,2063,0.0,0.0
DTXSID7023300,2063,0.0,0.0
DTXSID7023350,2063,0.0,0.0
DTXSID7023352,2063,0.0,0.0
DTXSID7023356,2063,0.0,0.0
DTXSID7023437,2063,0.0,0.0
DTXSID7023481,2063,0.0,0.0
DTXSID7023485,2063,0.0,0.0
DTXSID7023487,2063,0.0,0.0
DTXSID7023510,2063,4.1238533525167374e-19,0.0
DTXSID7023512,2063,0.0,0.0
DTXSID7023516,2063,0.0,0.0
DTXSID7023518,2063,0.0,0.0
DTXSID7023568,2063,0.0,0.0
DTXSID7023645,2063,0.0,0.0
DTXSID7023691,2063,0.0,0.0
DTXSID7023697,2063,0.7416148124170371,0.0
DTXSID7023699,2063,0.0,0.0
DTXSID7023722,2063,0.0,0.0
DTXSID7023724,2063,0.0,0.0
DTXSID7023853,2063,0.0,0.0
DTXSID7023930,2063,0.0,0.0
DTXSID7023932,2063,0.0,0.0
DTXSID7023936,2063,0.0,0.0
DTXSID7023938,2063,1.4735577285873638e-19,0.0
DTXSID7023980,2063,0.0,0.0
DTXSID7023986,2063,0.0,0.0
DTXSID7024031,2063,0.0,0.0
DTXSID7024035,2063,0.0,0.0
DTXSID7024081,2063,0.0,0.0
DTXSID7024085,2063,0.0,0.0
DTXSID7024087,2063,0.0,0.0
DTXSID7024110,2063,0.9997587141672729,1.0
DTXSID7024112,2063,0.0,0.0
DTXSID7024160,2063,0.0011532960739698227,0.0
DTXSID7024164,2063,0.0,0.0
DTXSID7024166,2063,0.0,0.0
DTXSID7024241,2063,3.2431984285903108e-06,0.0
DTXSID7024245,2063,0.0,0.0
DTXSID7024247,2063,0.0,0.0
DTXSID7024291,2063,6.696042326905029e-13,0.0
DTXSID7024299,2063,1.4269601814223177e-07,0.0
DTXSID7024320,2063,0.0,0.0
DTXSID7024328,2063,0.0,0.0
DTXSID7024370,2063,0.0,0.0
DTXSID7024376,2063,0.0,0.0
DTXSID7024409,2063,0.0,0.0
DTXSID7024455,2063,0.0,0.0
DTXSID7024457,2063,0.9999999968781764,1.0
DTXSID7024532,2063,0.0,0.0
DTXSID7024534,2063,0.0,0.0
DTXSID7024538,2063,0.9600647302463351,1.0
DTXSID7024580,2063,0.0,0.0
DTXSID7024586,2063,0.0,0.0
DTXSID7024615,2063,0.0,0.0
DTXSID7024661,2063,0.0,0.0
DTXSID7024667,2063,0.0,0.0
DTXSID7024740,2063,0.0,0.0
DTXSID7024742,2063,0.0,0.0
DTXSID7024798,2063,0.0,0.0
DTXSID7024821,2063,0.0,0.0
DTXSID7024827,2063,0.00011967460808892845,0.0
DTXSID7024873,2063,0.0,0.0
DTXSID7024875,2063,0.9994674103592256,1.0
DTXSID7024902,2063,0.0,0.0
DTXSID7024904,2063,,
DTXSID7024906,2063,0.0,0.0
DTXSID7024950,2063,0.9990314742138091,1.0
DTXSID7024952,2063,0.0,0.0
DTXSID7024956,2063,0.9999999999997825,1.0
DTXSID7025001,2063,0.0,0.0
DTXSID7025003,2063,0.0,0.0
DTXSID7025005,2063,0.0,0.0
DTXSID7025051,2063,0.0,0.0
DTXSID7025053,2063,6.800608121932051e-18,0.0
DTXSID7025055,2063,0.0,0.0
DTXSID7025130,2063,0.0,0.0
DTXSID7025132,2063,0.0,0.0
DTXSID7025134,2063,0.0,0.0
DTXSID7025136,2063,0.0,0.0
DTXSID7025138,2063,0.9999999999999605,1.0
DTXSID7025180,2063,0.9690646588466039,1.0
DTXSID7025215,2063,0.0,0.0
DTXSID7025217,2063,3.746400181338851e-19,0.0
DTXSID7025219,2063,0.9999591344719825,1.0
DTXSID7025269,2063,0.0,0.0
DTXSID7025342,2063,0.0028223259321368396,0.0
DTXSID7025346,2063,0.0,0.0
DTXSID7025390,2063,0.0,0.0
DTXSID7025394,2063,0.0,0.0
DTXSID7025421,2063,0.0,0.0
DTXSID7025423,2063,0.0,0.0
DTXSID7025425,2063,0.0,0.0
DTXSID7025427,2063,0.0,0.0
DTXSID7025429,2063,0.4876069093693609,0.0
DTXSID7025479,2063,0.0,0.0
DTXSID7025502,2063,0.0,0.0
DTXSID7025506,2063,0.0,0.0
DTXSID7025508,2063,0.0,0.0
DTXSID7025558,2063,0.0,0.0
DTXSID7025633,2063,,
DTXSID7025635,2063,0.0,0.0
DTXSID7025637,2063,0.0,0.0
DTXSID7025639,2063,0.0,0.0
DTXSID7025689,2063,0.0,0.0
DTXSID7025716,2063,0.0,0.0
DTXSID7025764,2063,0.0,0.0
DTXSID7025768,2063,0.0,0.0
DTXSID7025849,2063,0.0,0.0
DTXSID7025895,2063,1.0148667758796971e-08,0.0
DTXSID7025922,2063,9.117790506519039e-20,0.0
DTXSID7025924,2063,0.0,0.0
DTXSID7025926,2063,1.9873080402438498e-12,0.0
DTXSID7025972,2063,0.0,0.0
DTXSID7026025,2063,0.0,0.0
DTXSID7026029,2063,0.0,0.0
DTXSID7026102,2063,0.0,0.0
DTXSID7026108,2063,0.0,0.0
DTXSID7026156,2063,3.501252225044058e-09,0.0
DTXSID7026231,2063,0.8837920138381221,0.0
DTXSID7026235,2063,0.0,0.0
DTXSID7026285,2063,0.0,0.0
DTXSID7026314,2063,0.999999999999993,1.0
DTXSID7026318,2063,0.0,0.0
DTXSID7026366,2063,0.0,0.0
DTXSID7026368,2063,0.0,0.0
DTXSID7026441,2063,0.0,0.0
DTXSID7026499,2063,0.0,0.0
DTXSID7026520,2063,0.0,0.0
DTXSID7026526,2063,0.0,0.0
DTXSID7026528,2063,0.0,0.0
DTXSID7026572,2063,0.0,0.0
DTXSID7026605,2063,0.0,0.0
DTXSID7026609,2063,0.0,0.0
DTXSID7026653,2063,0.0,0.0
DTXSID7026655,2063,0.9999972334820894,1.0
DTXSID7026811,2063,0.0,0.0
DTXSID7026863,2063,0.0,0.0
DTXSID7026867,2063,0.0,0.0
DTXSID7026946,2063,0.0,0.0
DTXSID7026994,2063,0.0,0.0
DTXSID7026998,2063,0.0,0.0
DTXSID7027041,2063,0.0,0.0
DTXSID7027043,2063,0.0,0.0
DTXSID7027047,2063,0.0,0.0
DTXSID7027049,2063,0.0,0.0
DTXSID7027097,2063,0.0,0.0
DTXSID7027099,2063,0.0,0.0
DTXSID7027120,2063,0.0,0.0
DTXSID7027122,2063,0.0,0.0
DTXSID7027174,2063,0.0,0.0
DTXSID7027178,2063,0.0,0.0
DTXSID7027201,2063,0.0,0.0
DTXSID7027205,2063,0.0,0.0
DTXSID7027253,2063,0.0,0.0
DTXSID7027259,2063,0.0,0.0
DTXSID7027334,2063,0.0,0.0
DTXSID7027338,2063,0.0,0.0
DTXSID7027386,2063,0.0,0.0
DTXSID7027388,2063,0.0,0.0
DTXSID7027413,2063,0.0,0.0
DTXSID7027461,2063,0.0,0.0
DTXSID7027467,2063,0.0,0.0
DTXSID7027540,2063,5.991900930067036e-16,0.0
DTXSID7027542,2063,0.0,0.0
DTXSID7027544,2063,0.0,0.0
DTXSID7027546,2063,0.0,0.0
DTXSID7027594,2063,0.0,0.0
DTXSID7027596,2063,0.0,0.0
DTXSID7027598,2063,0.0,0.0
DTXSID7027625,2063,3.135186583503458e-10,0.0
DTXSID7027756,2063,1.3046948405965852e-16,0.0
DTXSID7027833,2063,0.0,0.0
DTXSID7027835,2063,0.0,0.0
DTXSID7027837,2063,0.0,0.0
DTXSID7027887,2063,0.0,0.0
DTXSID7027916,2063,0.0,0.0
DTXSID7027966,2063,0.0,0.0
DTXSID7028011,2063,0.913626790464258,1.0
DTXSID7028013,2063,1.1069097926335968e-18,0.0
DTXSID7028015,2063,0.9999047741039253,1.0
DTXSID7028300,2063,0.0,0.0
DTXSID7028306,2063,0.0,0.0
DTXSID7028774,2063,0.0,0.0
DTXSID7028776,2063,1.6266247982048766e-14,0.0
DTXSID7029110,2063,0.0,0.0
DTXSID7029160,2063,0.0,0.0
DTXSID7029162,2063,0.0,0.0
DTXSID7029164,2063,0.0,0.0
DTXSID7029166,2063,0.0,0.0
DTXSID7029241,2063,0.9999999999993806,1.0
DTXSID7029247,2063,0.0,0.0
DTXSID7029249,2063,0.0,0.0
DTXSID7029299,2063,0.0,0.0
DTXSID7029320,2063,0.0,0.0
DTXSID7029534,2063,0.0,0.0
DTXSID7029611,2063,0.0,0.0
DTXSID7029617,2063,0.0,0.0
DTXSID7029619,2063,0.0,0.0
DTXSID7029661,2063,7.737029979210323e-18,0.0
DTXSID7029665,2063,0.0,0.0
DTXSID7029871,2063,0.9999975130186676,1.0
DTXSID7029879,2063,0.9999978836280914,1.0
DTXSID7029904,2063,0.0,0.0
DTXSID7030060,2063,2.002758490039081e-18,0.0
DTXSID7030197,2063,0.0,0.0
DTXSID7030307,2063,0.0,0.0
DTXSID7030432,2063,0.0,0.0
DTXSID7030698,2063,0.0,0.0
DTXSID7031248,2063,0.0,0.0
DTXSID7031290,2063,0.0,0.0
DTXSID7031294,2063,0.0,0.0
DTXSID7031458,2063,0.5392369407376106,0.0
DTXSID7031531,2063,0.08191180266327235,0.0
DTXSID7031797,2063,0.0,0.0
DTXSID7031903,2063,0.0,0.0
DTXSID7032004,2063,1.163675280430865e-09,0.0
DTXSID7032345,2063,0.9999955435882301,1.0
DTXSID7032393,2063,0.6434144846061801,0.0
DTXSID7032424,2063,0.0,0.0
DTXSID7032470,2063,0.0,0.0
DTXSID7032474,2063,0.0,0.0
DTXSID7032551,2063,1.0,1.0
DTXSID7032553,2063,3.664401634400218e-08,0.0
DTXSID7032555,2063,0.0,0.0
DTXSID7032559,2063,0.010289629019730033,0.0
DTXSID7032630,2063,7.87337259281221e-13,0.0
DTXSID7032638,2063,0.9565611679534021,1.0
DTXSID7032688,2063,3.9379618946173285e-16,0.0
DTXSID7033105,2063,0.0,0.0
DTXSID7034042,2063,0.9999999999999204,1.0
DTXSID7034250,2063,7.179175311544112e-16,0.0
DTXSID7034252,2063,0.0,0.0
DTXSID7034383,2063,0.0,0.0
DTXSID7034460,2063,0.0,0.0
DTXSID7034545,2063,0.0,0.0
DTXSID7034549,2063,0.0,0.0
DTXSID7034624,2063,7.599635796793731e-15,0.0
DTXSID7034672,2063,0.01242723050875491,0.0
DTXSID7034674,2063,0.9999909173786932,1.0
DTXSID7034676,2063,0.0,0.0
DTXSID7034836,2063,2.8115126164697304e-19,0.0
DTXSID7034961,2063,0.0,0.0
DTXSID7035010,2063,0.0,0.0
DTXSID7035272,2063,0.0,0.0
DTXSID7035305,2063,9.078903821941671e-19,0.0
DTXSID7037131,2063,0.0,0.0
DTXSID7037185,2063,0.9999440155174278,1.0
DTXSID7037262,2063,0.0,0.0
DTXSID7037478,2063,0.0,0.0
DTXSID7037551,2063,0.0,0.0
DTXSID7037553,2063,4.499225645451926e-15,0.0
DTXSID7037555,2063,0.9997290271384675,1.0
DTXSID7037680,2063,0.0,0.0
DTXSID7037715,2063,0.0,0.0
DTXSID7037717,2063,0.9999987719230233,1.0
DTXSID7038317,2063,0.0,0.0
DTXSID7038810,2063,0.0,0.0
DTXSID7038814,2063,0.0,0.0
DTXSID7038818,2063,0.0,0.0
DTXSID7038864,2063,1.0,1.0
DTXSID7040152,2063,0.0,0.0
DTXSID7040154,2063,1.6700969359963687e-14,0.0
DTXSID7040283,2063,0.6927390627715422,0.0
DTXSID7040285,2063,0.0,0.0
DTXSID7040287,2063,0.0,0.0
DTXSID7040289,2063,0.0,0.0
DTXSID7040316,2063,1.7562181799791577e-17,0.0
DTXSID7040360,2063,0.0,0.0
DTXSID7040362,2063,2.38315563287201e-05,0.0
DTXSID7040449,2063,2.4056172451694568e-14,0.0
DTXSID7040526,2063,0.0,0.0
DTXSID7040653,2063,0.0,0.0
DTXSID7040657,2063,0.0,0.0
DTXSID7040732,2063,0.0,0.0
DTXSID7040734,2063,0.0,0.0
DTXSID7040736,2063,0.0,0.0
DTXSID7040738,2063,0.0,0.0
DTXSID7040784,2063,0.0,0.0
DTXSID7040788,2063,0.0,0.0
DTXSID7040948,2063,0.0,0.0
DTXSID7040990,2063,0.9999999999999966,1.0
DTXSID7041047,2063,0.0,0.0
DTXSID7041097,2063,0.0,0.0
DTXSID7041126,2063,0.0,0.0
DTXSID7041178,2063,0.0,0.0
DTXSID7041201,2063,4.4693837541352274e-13,0.0
DTXSID7041209,2063,0.0,0.0
DTXSID7041253,2063,0.0,0.0
DTXSID7041336,2063,0.0,0.0
DTXSID7041388,2063,1.0081147168641106e-13,0.0
DTXSID7041411,2063,0.9999488018188378,1.0
DTXSID7041413,2063,0.0,0.0
DTXSID7041417,2063,0.0,0.0
DTXSID7041461,2063,1.0,1.0
DTXSID7041467,2063,0.0,0.0
DTXSID7041540,2063,0.0,0.0
DTXSID7041544,2063,0.9999755297454389,1.0
DTXSID7041621,2063,0.0,0.0
DTXSID7041623,2063,0.0,0.0
DTXSID7041625,2063,0.0,0.0
DTXSID7041627,2063,0.0,0.0
DTXSID7041629,2063,0.9999999999999952,1.0
DTXSID7041671,2063,0.0,0.0
DTXSID7041675,2063,0.0,0.0
DTXSID7041708,2063,0.0,0.0
DTXSID7041752,2063,0.9999999699614133,1.0
DTXSID7041756,2063,1.497376815582724e-19,0.0
DTXSID7041883,2063,6.153697457825918e-12,0.0
DTXSID7041887,2063,0.9999999999999624,1.0
DTXSID7041889,2063,0.0,0.0
DTXSID7041910,2063,0.0,0.0
DTXSID7041914,2063,0.0,0.0
DTXSID7041916,2063,0.0,0.0
DTXSID7041918,2063,0.0,0.0
DTXSID7041962,2063,0.0,0.0
DTXSID7041964,2063,0.0,0.0
DTXSID7041966,2063,9.937121863253106e-10,0.0
DTXSID7042011,2063,0.0,0.0
DTXSID7042019,2063,,
DTXSID7042061,2063,0.0,0.0
DTXSID7042063,2063,0.0,0.0
DTXSID7042065,2063,0.0,0.0
DTXSID7042140,2063,0.0,0.0
DTXSID7042146,2063,0.0,0.0
DTXSID7042190,2063,0.0,0.0
DTXSID7042196,2063,0.0,0.0
DTXSID7042198,2063,0.0,0.0
DTXSID7042273,2063,1.0117735403292599e-05,0.0
DTXSID7042279,2063,0.0,0.0
DTXSID7042352,2063,3.6258983817821555e-10,0.0
DTXSID7042356,2063,0.0,0.0
DTXSID7042437,2063,6.838051823183042e-18,0.0
DTXSID7042514,2063,0.0,0.0
DTXSID7043829,2063,0.0,0.0
DTXSID7043873,2063,0.0,0.0
DTXSID7043902,2063,4.904779241968976e-12,0.0
DTXSID7043908,2063,0.0,0.0
DTXSID7043950,2063,0.0,0.0
DTXSID7044132,2063,0.0,0.0
DTXSID7044215,2063,0.0,0.0
DTXSID7044217,2063,0.0,0.0
DTXSID7044267,2063,0.0,0.0
DTXSID7044340,2063,0.0,0.0
DTXSID7044342,2063,0.0,0.0
DTXSID7044346,2063,0.0,0.0
DTXSID7044390,2063,0.0,0.0
DTXSID7044392,2063,0.0,0.0
DTXSID7044394,2063,0.0,0.0
DTXSID7044396,2063,0.0,0.0
DTXSID7044398,2063,0.0,0.0
DTXSID7044421,2063,0.0,0.0
DTXSID7044423,2063,0.0,0.0
DTXSID7044425,2063,0.0,0.0
DTXSID7044427,2063,0.0,0.0
DTXSID7044429,2063,0.0,0.0
DTXSID7044471,2063,0.0,0.0
DTXSID7044473,2063,0.0,0.0
DTXSID7044475,2063,0.0,0.0
DTXSID7044479,2063,0.0,0.0
DTXSID7044500,2063,1.4443705177462078e-14,0.0
DTXSID7044502,2063,0.0,0.0
DTXSID7044504,2063,0.999941849149175,1.0
DTXSID7044506,2063,0.0,0.0
DTXSID7044508,2063,0.0,0.0
DTXSID7044552,2063,0.0,0.0
DTXSID7044554,2063,0.0,0.0
DTXSID7044558,2063,0.9999999999999999,1.0
DTXSID7044631,2063,0.0,0.0
DTXSID7044633,2063,0.0,0.0
DTXSID7044635,2063,0.0,0.0
DTXSID7044639,2063,0.9999999999999897,1.0
DTXSID7044681,2063,0.0,0.0
DTXSID7044685,2063,0.0,0.0
DTXSID7044689,2063,0.0,0.0
DTXSID7044710,2063,0.0,0.0
DTXSID7044712,2063,0.0,0.0
DTXSID7044714,2063,0.0,0.0
DTXSID7044716,2063,0.0,0.0
DTXSID7044718,2063,0.0,0.0
DTXSID7044760,2063,0.0,0.0
DTXSID7044762,2063,0.0,0.0
DTXSID7044764,2063,0.0,0.0
DTXSID7044768,2063,0.0,0.0
DTXSID7044841,2063,0.9999969069504715,1.0
DTXSID7044843,2063,7.410687768785331e-17,0.0
DTXSID7044845,2063,0.0,0.0
DTXSID7044847,2063,0.0,0.0
DTXSID7044849,2063,0.0,0.0
DTXSID7044893,2063,0.9999756943375466,1.0
DTXSID7044895,2063,0.0,0.0
DTXSID7044897,2063,0.0,0.0
DTXSID7044899,2063,0.0,0.0
DTXSID7044922,2063,,
DTXSID7044926,2063,0.0,0.0
DTXSID7044928,2063,0.0,0.0
DTXSID7044970,2063,0.0,0.0
DTXSID7044972,2063,0.0,0.0
DTXSID7044974,2063,0.0,0.0
DTXSID7044976,2063,0.0,0.0
DTXSID7044978,2063,7.106324315011203e-05,0.0
DTXSID7045029,2063,0.0,0.0
DTXSID7045152,2063,0.9999968032044888,1.0
DTXSID7045158,2063,0.0,0.0
DTXSID7045281,2063,0.0,0.0
DTXSID7045287,2063,0.0,0.0
DTXSID7045310,2063,0.0,0.0
DTXSID7045312,2063,0.0,0.0
DTXSID7045316,2063,0.0,0.0
DTXSID7045364,2063,0.0,0.0
DTXSID7045366,2063,0.0,0.0
DTXSID7045368,2063,0.0,0.0
DTXSID7045441,2063,0.0,0.0
DTXSID7045447,2063,0.9999963069202491,1.0
DTXSID7045493,2063,0.0,0.0
DTXSID7045497,2063,8.019632089918018e-17,0.0
DTXSID7045522,2063,0.0,0.0
DTXSID7045526,2063,0.0,0.0
DTXSID7045570,2063,0.0,0.0
DTXSID7045572,2063,0.0,0.0
DTXSID7045574,2063,0.0,0.0
DTXSID7045576,2063,0.0,0.0
DTXSID7045578,2063,0.0,0.0
DTXSID7045601,2063,0.0,0.0
DTXSID7045607,2063,0.0,0.0
DTXSID7045651,2063,0.0,0.0
DTXSID7045653,2063,0.0,0.0
DTXSID7045655,2063,0.0,0.0
DTXSID7045659,2063,0.0,0.0
DTXSID7045788,2063,0.0,0.0
DTXSID7045811,2063,3.8819704754297496e-18,0.0
DTXSID7045813,2063,0.0,0.0
DTXSID7045815,2063,0.0,0.0
DTXSID7045863,2063,0.0,0.0
DTXSID7045867,2063,0.0,0.0
DTXSID7045940,2063,0.0,0.0
DTXSID7045942,2063,0.0,0.0
DTXSID7045946,2063,0.0,0.0
DTXSID7045948,2063,0.0,0.0
DTXSID7045996,2063,0.0,0.0
DTXSID7046041,2063,0.0,0.0
DTXSID7046045,2063,0.0,0.0
DTXSID7046047,2063,0.0,0.0
DTXSID7046091,2063,0.9845052587727068,1.0
DTXSID7046093,2063,0.0,0.0
DTXSID7046095,2063,0.0,0.0
DTXSID7046126,2063,0.0,0.0
DTXSID7046128,2063,0.0,0.0
DTXSID7046174,2063,0.0,0.0
DTXSID7046176,2063,0.0,0.0
DTXSID7046201,2063,2.648987269045612e-13,0.0
DTXSID7046207,2063,0.0,0.0
DTXSID7046332,2063,0.0,0.0
DTXSID7046384,2063,0.0,0.0
DTXSID7046386,2063,0.9996498993086244,1.0
DTXSID7046388,2063,0.0,0.0
DTXSID7046415,2063,0.0,0.0
DTXSID7046417,2063,0.0,0.0
DTXSID7046419,2063,0.0,0.0
DTXSID7046461,2063,0.0,0.0
DTXSID7046463,2063,0.0,0.0
DTXSID7046465,2063,0.0,0.0
DTXSID7046467,2063,0.0,0.0
DTXSID7046594,2063,0.0,0.0
DTXSID7046623,2063,0.0,0.0
DTXSID7046627,2063,0.0,0.0
DTXSID7046673,2063,0.0,0.0
DTXSID7046675,2063,0.9549872786935508,1.0
DTXSID7046677,2063,0.0,0.0
DTXSID7046706,2063,0.0,0.0
DTXSID7046756,2063,0.0,0.0
DTXSID7046831,2063,0.0,0.0
DTXSID7046887,2063,0.0,0.0
DTXSID7046889,2063,0.0,0.0
DTXSID7046910,2063,0.0,0.0
DTXSID7046912,2063,0.0,0.0
DTXSID7046914,2063,0.0,0.0
DTXSID7046966,2063,0.0,0.0
DTXSID7047061,2063,0.0,0.0
DTXSID7047065,2063,0.0,0.0
DTXSID7047067,2063,0.0,0.0
DTXSID7047140,2063,0.0,0.0
DTXSID7047142,2063,0.0,0.0
DTXSID7047144,2063,0.9999989012433103,1.0
DTXSID7047146,2063,0.9995635234586777,1.0
DTXSID7047190,2063,0.0,0.0
DTXSID7047192,2063,0.0,0.0
DTXSID7047196,2063,0.0,0.0
DTXSID7047198,2063,0.0,0.0
DTXSID7047271,2063,0.9999978164088499,1.0
DTXSID7047277,2063,0.9975676552887037,1.0
DTXSID7047279,2063,0.0,0.0
DTXSID7047304,2063,0.9958763344083711,1.0
DTXSID7047306,2063,0.0,0.0
DTXSID7047308,2063,0.9658231513098532,1.0
DTXSID7047356,2063,0.0,0.0
DTXSID7047358,2063,0.0,0.0
DTXSID7047433,2063,0.0,0.0
DTXSID7047435,2063,0.0,0.0
DTXSID7047437,2063,0.0,0.0
DTXSID7047439,2063,0.0,0.0
DTXSID7047487,2063,0.0,0.0
DTXSID7047510,2063,0.0,0.0
DTXSID7047512,2063,0.0,0.0
DTXSID7047518,2063,0.0,0.0
DTXSID7047560,2063,0.0,0.0
DTXSID7047562,2063,0.0,0.0
DTXSID7047568,2063,0.0,0.0
DTXSID7047641,2063,0.0,0.0
DTXSID7047643,2063,0.0,0.0
DTXSID7047645,2063,0.0,0.0
DTXSID7047647,2063,0.0,0.0
DTXSID7047649,2063,0.0,0.0
DTXSID7047691,2063,0.0,0.0
DTXSID7047693,2063,0.0,0.0
DTXSID7047697,2063,0.9981636208706126,1.0
DTXSID7047726,2063,0.0,0.0
DTXSID7047772,2063,0.0,0.0
DTXSID7047774,2063,0.0,0.0
DTXSID7047776,2063,0.0,0.0
DTXSID7047801,2063,0.0,0.0
DTXSID7047803,2063,0.0,0.0
DTXSID7047807,2063,0.0,0.0
DTXSID7047853,2063,0.0,0.0
DTXSID7047930,2063,0.0,0.0
DTXSID7047932,2063,0.0,0.0
DTXSID7047934,2063,0.0,0.0
DTXSID7047936,2063,0.0,0.0
DTXSID7047938,2063,0.0,0.0
DTXSID7048166,2063,0.9999999972948429,1.0
DTXSID7048168,2063,0.020988121260605803,0.0
DTXSID7048580,2063,0.0,0.0
DTXSID7048582,2063,0.0,0.0
DTXSID7048619,2063,0.9999996008814516,1.0
DTXSID7048661,2063,0.9813240287898636,1.0
DTXSID7048669,2063,0.0,0.0
DTXSID7048740,2063,0.0,0.0
DTXSID7048744,2063,0.00022016296749991068,0.0
DTXSID7048746,2063,4.934621267601031e-12,0.0
DTXSID7048790,2063,0.0,0.0
DTXSID7048792,2063,0.0,0.0
DTXSID7048794,2063,0.0,0.0
DTXSID7048796,2063,0.0,0.0
DTXSID7048798,2063,0.9998999015611109,1.0
DTXSID7048821,2063,0.0,0.0
DTXSID7048823,2063,0.0,0.0
DTXSID7048825,2063,0.0,0.0
DTXSID7048827,2063,0.0,0.0
DTXSID7048829,2063,0.0,0.0
DTXSID7048871,2063,0.0,0.0
DTXSID7048873,2063,0.0,0.0
DTXSID7048875,2063,0.0,0.0
DTXSID7048877,2063,0.0,0.0
DTXSID7048879,2063,0.0,0.0
DTXSID7048900,2063,0.0,0.0
DTXSID7048902,2063,0.0,0.0
DTXSID7048904,2063,0.0,0.0
DTXSID7048908,2063,0.0,0.0
DTXSID7048954,2063,0.0,0.0
DTXSID7049003,2063,0.0,0.0
DTXSID7049007,2063,0.0,0.0
DTXSID7049051,2063,0.0,0.0
DTXSID7049055,2063,0.0,0.0
DTXSID7049059,2063,0.0,0.0
DTXSID7049211,2063,0.9980010432120355,1.0
DTXSID7049213,2063,0.0,0.0
DTXSID7049215,2063,0.0,0.0
DTXSID7049217,2063,0.0,0.0
DTXSID7049219,2063,0.0,0.0
DTXSID7049261,2063,0.0,0.0
DTXSID7049263,2063,0.0,0.0
DTXSID7049265,2063,7.535985649202273e-08,0.0
DTXSID7049267,2063,0.0,0.0
DTXSID7049269,2063,0.0,0.0
DTXSID7049340,2063,,
DTXSID7049342,2063,0.0,0.0
DTXSID7049344,2063,0.0,0.0
DTXSID7049346,2063,0.0,0.0
DTXSID7049348,2063,0.0,0.0
DTXSID7049390,2063,0.0,0.0
DTXSID7049392,2063,0.0,0.0
DTXSID7049394,2063,0.0,0.0
DTXSID7049396,2063,0.0,0.0
DTXSID7049398,2063,0.0,0.0
DTXSID7049421,2063,0.0,0.0
DTXSID7049423,2063,0.0,0.0
DTXSID7049425,2063,0.0,0.0
DTXSID7049427,2063,0.0,0.0
DTXSID7049429,2063,0.0,0.0
DTXSID7049471,2063,0.0,0.0
DTXSID7049473,2063,0.0,0.0
DTXSID7049475,2063,0.0,0.0
DTXSID7049477,2063,0.0,0.0
DTXSID7049479,2063,0.0,0.0
DTXSID7049500,2063,0.0,0.0
DTXSID7049502,2063,0.0,0.0
DTXSID7049504,2063,0.0,0.0
DTXSID7049506,2063,0.0,0.0
DTXSID7049508,2063,0.0,0.0
DTXSID7049550,2063,0.0,0.0
DTXSID7049552,2063,0.0,0.0
DTXSID7049554,2063,0.0,0.0
DTXSID7049556,2063,0.0,0.0
DTXSID7049558,2063,0.0,0.0
DTXSID7051474,2063,0.0,0.0
DTXSID7051557,2063,0.0,0.0
DTXSID7051715,2063,0.0,0.0
DTXSID7051890,2063,0.0,0.0
DTXSID7052101,2063,0.0,0.0
DTXSID7052109,2063,0.0,0.0
DTXSID7052284,2063,6.409455987120567e-09,0.0
DTXSID7052288,2063,0.0,0.0
DTXSID7052311,2063,0.0,0.0
DTXSID7052319,2063,0.0,0.0
DTXSID7052446,2063,0.0,0.0
DTXSID7052529,2063,0.0,0.0
DTXSID7052571,2063,0.0,0.0
DTXSID7052573,2063,0.0,0.0
DTXSID7052577,2063,0.0,0.0
DTXSID7052602,2063,0.0,0.0
DTXSID7052652,2063,0.0,0.0
DTXSID7052654,2063,0.0,0.0
DTXSID7052735,2063,0.0,0.0
DTXSID7052860,2063,0.0,0.0
DTXSID7052866,2063,0.0,0.0
DTXSID7057602,2063,0.0,0.0
DTXSID7057604,2063,0.0,0.0
DTXSID7057606,2063,0.0,0.0
DTXSID7057608,2063,0.0,0.0
DTXSID7057650,2063,0.0,0.0
DTXSID7057652,2063,0.0,0.0
DTXSID7057654,2063,0.0,0.0
DTXSID7057656,2063,8.327930652445465e-17,0.0
DTXSID7057658,2063,0.0,0.0
DTXSID7057731,2063,0.0,0.0
DTXSID7057733,2063,0.0,0.0
DTXSID7057735,2063,0.0,0.0
DTXSID7057737,2063,0.0,0.0
DTXSID7057739,2063,0.0,0.0
DTXSID7057781,2063,0.0,0.0
DTXSID7057783,2063,0.0,0.0
DTXSID7057785,2063,0.0,0.0
DTXSID7057787,2063,0.0,0.0
DTXSID7057789,2063,0.0,0.0
DTXSID7057810,2063,0.0,0.0
DTXSID7057812,2063,3.223756879330817e-10,0.0
DTXSID7057814,2063,0.0,0.0
DTXSID7057816,2063,0.0,0.0
DTXSID7057818,2063,0.9826904993957337,1.0
DTXSID8020040,2063,0.9999997373344615,1.0
DTXSID8020044,2063,0.0,0.0
DTXSID8020090,2063,0.0,0.0
DTXSID8020092,2063,0.0,0.0
DTXSID8020094,2063,0.0,0.0
DTXSID8020121,2063,0.0,0.0
DTXSID8020123,2063,0.0,0.0
DTXSID8020127,2063,0.0,0.0
DTXSID8020129,2063,0.0,0.0
DTXSID8020173,2063,0.0,0.0
DTXSID8020175,2063,0.0,0.0
DTXSID8020179,2063,0.0,0.0
DTXSID8020200,2063,0.0,0.0
DTXSID8020202,2063,0.0,0.0
DTXSID8020206,2063,0.0,0.0
DTXSID8020250,2063,0.0,0.0
DTXSID8020252,2063,0.0,0.0
DTXSID8020256,2063,0.0,0.0
DTXSID8020331,2063,0.0,0.0
DTXSID8020337,2063,0.9999973811494544,1.0
DTXSID8020381,2063,0.9975479864540846,1.0
DTXSID8020410,2063,0.0,0.0
DTXSID8020462,2063,0.0,0.0
DTXSID8020464,2063,0.0,0.0
DTXSID8020466,2063,0.0,0.0
DTXSID8020468,2063,0.0,0.0
DTXSID8020541,2063,0.0,0.0
DTXSID8020543,2063,0.0,0.0
DTXSID8020545,2063,0.0,0.0
DTXSID8020591,2063,2.068939178613601e-18,0.0
DTXSID8020593,2063,0.0,0.0
DTXSID8020597,2063,0.0,0.0
DTXSID8020620,2063,0.0,0.0
DTXSID8020622,2063,0.0,0.0
DTXSID8020624,2063,0.9999959554341971,1.0
DTXSID8020626,2063,0.0,0.0
DTXSID8020628,2063,0.0,0.0
DTXSID8020674,2063,0.0,0.0
DTXSID8020678,2063,0.0,0.0
DTXSID8020703,2063,0.0,0.0
DTXSID8020707,2063,0.018865600558801113,0.0
DTXSID8020709,2063,0.0,0.0
DTXSID8020753,2063,0.0,0.0
DTXSID8020755,2063,0.0,0.0
DTXSID8020757,2063,0.0,0.0
DTXSID8020759,2063,0.0,0.0
DTXSID8020830,2063,0.0,0.0
DTXSID8020834,2063,0.0,0.0
DTXSID8020838,2063,1.3043195566980208e-05,0.0
DTXSID8020880,2063,0.0,0.0
DTXSID8020886,2063,0.0,0.0
DTXSID8020888,2063,0.0,0.0
DTXSID8020913,2063,0.0,0.0
DTXSID8020915,2063,0.0,0.0
DTXSID8020917,2063,0.0,0.0
DTXSID8020919,2063,0.0,0.0
DTXSID8020961,2063,0.0,0.0
DTXSID8020963,2063,0.0,0.0
DTXSID8020965,2063,8.989387390380747e-13,0.0
DTXSID8020967,2063,0.0,0.0
DTXSID8020969,2063,0.0,0.0
DTXSID8021060,2063,0.0,0.0
DTXSID8021062,2063,0.0,0.0
DTXSID8021141,2063,0.0,0.0
DTXSID8021145,2063,0.0,0.0
DTXSID8021147,2063,0.0,0.0
DTXSID8021191,2063,0.9999855826503663,1.0
DTXSID8021193,2063,0.0,0.0
DTXSID8021195,2063,0.0,0.0
DTXSID8021199,2063,0.0,0.0
DTXSID8021222,2063,0.006604680735610372,0.0
DTXSID8021224,2063,0.9999949638166878,1.0
DTXSID8021270,2063,0.9999358674376535,1.0
DTXSID8021272,2063,0.0,0.0
DTXSID8021278,2063,0.0,0.0
DTXSID8021301,2063,0.9999999997856209,1.0
DTXSID8021305,2063,0.0,0.0
DTXSID8021309,2063,0.0,0.0
DTXSID8021351,2063,6.562497663297475e-20,0.0
DTXSID8021359,2063,0.0,0.0
DTXSID8021438,2063,0.0,0.0
DTXSID8021482,2063,0.0,0.0
DTXSID8021484,2063,0.0,0.0
DTXSID8021486,2063,0.0,0.0
DTXSID8021488,2063,0.0,0.0
DTXSID8021513,2063,0.0,0.0
DTXSID8021515,2063,0.0,0.0
DTXSID8021517,2063,2.6381711237548883e-19,0.0
DTXSID8021519,2063,0.0,0.0
DTXSID8021561,2063,0.0,0.0
DTXSID8021563,2063,0.0,0.0
DTXSID8021565,2063,0.0,0.0
DTXSID8021640,2063,0.0,0.0
DTXSID8021642,2063,0.0,0.0
DTXSID8021644,2063,0.0,0.0
DTXSID8021646,2063,0.0,0.0
DTXSID8021648,2063,0.0,0.0
DTXSID8021690,2063,0.0,0.0
DTXSID8021721,2063,0.0,0.0
DTXSID8021725,2063,0.0,0.0
DTXSID8021729,2063,0.037527420989564755,0.0
DTXSID8021771,2063,9.526499979487884e-13,0.0
DTXSID8021775,2063,0.0,0.0
DTXSID8021777,2063,0.0,0.0
DTXSID8021800,2063,0.0,0.0
DTXSID8021802,2063,,
DTXSID8021804,2063,0.0,0.0
DTXSID8021808,2063,0.0,0.0
DTXSID8021854,2063,0.0,0.0
DTXSID8021856,2063,0.0,0.0
DTXSID8021931,2063,0.0,0.0
DTXSID8021937,2063,8.9453609669051e-20,0.0
DTXSID8021939,2063,0.0,0.0
DTXSID8022036,2063,0.0,0.0
DTXSID8022080,2063,0.9973653656942981,1.0
DTXSID8022082,2063,0.0,0.0
DTXSID8022084,2063,0.0,0.0
DTXSID8022086,2063,1.6254292918408748e-19,0.0
DTXSID8022111,2063,0.0,0.0
DTXSID8022113,2063,0.0,0.0
DTXSID8022117,2063,0.0,0.0
DTXSID8022161,2063,0.0,0.0
DTXSID8022246,2063,0.0,0.0
DTXSID8022292,2063,3.7765650856346456e-13,0.0
DTXSID8022325,2063,0.00024324441442252306,0.0
DTXSID8022371,2063,0.0,0.0
DTXSID8022377,2063,0.0,0.0
DTXSID8022404,2063,0.0,0.0
DTXSID8022406,2063,1.1267520468793859e-10,0.0
DTXSID8022408,2063,0.0,0.0
DTXSID8022585,2063,0.0,0.0
DTXSID8022589,2063,0.0,0.0
DTXSID8022610,2063,0.0,0.0
DTXSID8022614,2063,0.49435431590550327,0.0
DTXSID8022666,2063,0.0,0.0
DTXSID8022741,2063,0.0,0.0
DTXSID8022743,2063,0.0,0.0
DTXSID8022749,2063,0.0,0.0
DTXSID8022822,2063,0.0,0.0
DTXSID8022828,2063,8.133043046905736e-15,0.0
DTXSID8022870,2063,0.0,0.0
DTXSID8022872,2063,0.0,0.0
DTXSID8022901,2063,0.0,0.0
DTXSID8022959,2063,0.9999969409051908,1.0
DTXSID8023050,2063,0.0,0.0
DTXSID8023054,2063,0.0,0.0
DTXSID8023137,2063,0.0,0.0
DTXSID8023214,2063,0.0,0.0
DTXSID8023216,2063,0.0,0.0
DTXSID8023260,2063,0.0,0.0
DTXSID8023262,2063,0.0,0.0
DTXSID8023347,2063,0.0,0.0
DTXSID8023349,2063,0.0,0.0
DTXSID8023393,2063,0.0,0.0
DTXSID8023395,2063,0.0,0.0
DTXSID8023426,2063,0.0,0.0
DTXSID8023470,2063,0.0,0.0
DTXSID8023472,2063,0.0,0.0
DTXSID8023474,2063,0.9999999999797297,1.0
DTXSID8023476,2063,0.0,0.0
DTXSID8023505,2063,0.0,0.0
DTXSID8023551,2063,0.0,0.0
DTXSID8023557,2063,0.0,0.0
DTXSID8023630,2063,0.0,0.0
DTXSID8023632,2063,0.0,0.0
DTXSID8023636,2063,0.0,0.0
DTXSID8023688,2063,0.0,0.0
DTXSID8023713,2063,0.0,0.0
DTXSID8023719,2063,0.8163227680436858,0.0
DTXSID8023846,2063,0.0,0.0
DTXSID8023848,2063,0.0,0.0
DTXSID8023890,2063,0.0,0.0
DTXSID8023892,2063,0.9999706456854089,1.0
DTXSID8023927,2063,0.0,0.0
DTXSID8023971,2063,0.0,0.0
DTXSID8023973,2063,0.0,0.0
DTXSID8023977,2063,0.0,0.0
DTXSID8024072,2063,0.0,0.0
DTXSID8024101,2063,0.0,0.0
DTXSID8024105,2063,0.0,0.0
DTXSID8024107,2063,0.0,0.0
DTXSID8024109,2063,0.0,0.0
DTXSID8024151,2063,0.9999635101330627,1.0
DTXSID8024153,2063,,
DTXSID8024157,2063,0.0,0.0
DTXSID8024159,2063,1.377528838856763e-16,0.0
DTXSID8024234,2063,1.433063815675744e-19,0.0
DTXSID8024236,2063,1.2413292689005496e-18,0.0
DTXSID8024238,2063,0.9998433432440537,1.0
DTXSID8024280,2063,1.3694523924671853e-18,0.0
DTXSID8024284,2063,0.0,0.0
DTXSID8024286,2063,0.0,0.0
DTXSID8024311,2063,0.0,0.0
DTXSID8024315,2063,0.0,0.0
DTXSID8024317,2063,0.0,0.0
DTXSID8024442,2063,0.0,0.0
DTXSID8024448,2063,0.0,0.0
DTXSID8024498,2063,0.9917178607008604,1.0
DTXSID8024521,2063,0.0,0.0
DTXSID8024523,2063,0.0,0.0
DTXSID8024529,2063,0.0,0.0
DTXSID8024573,2063,0.0,0.0
DTXSID8024600,2063,0.0,0.0
DTXSID8024602,2063,0.0,0.0
DTXSID8024608,2063,0.9999999970211434,1.0
DTXSID8024652,2063,0.9932929355287532,1.0
DTXSID8024658,2063,0.0,0.0
DTXSID8024733,2063,0.0,0.0
DTXSID8024739,2063,0.0,0.0
DTXSID8024781,2063,0.0,0.0
DTXSID8024783,2063,0.0,0.0
DTXSID8024787,2063,0.0,0.0
DTXSID8024810,2063,0.0,0.0
DTXSID8024814,2063,0.0,0.0
DTXSID8024862,2063,0.0,0.0
DTXSID8024864,2063,0.0,0.0
DTXSID8024866,2063,0.9999995459275627,1.0
DTXSID8024941,2063,0.0,0.0
DTXSID8024947,2063,0.0,0.0
DTXSID8024991,2063,0.0,0.0
DTXSID8024993,2063,0.0,0.0
DTXSID8024997,2063,8.370481808343335e-16,0.0
DTXSID8024999,2063,0.0,0.0
DTXSID8025040,2063,0.0,0.0
DTXSID8025046,2063,0.0,0.0
DTXSID8025094,2063,0.0,0.0
DTXSID8025096,2063,0.0,0.0
DTXSID8025258,2063,0.9999999997382178,1.0
DTXSID8025331,2063,0.9999999999999356,1.0
DTXSID8025337,2063,0.0,0.0
DTXSID8025464,2063,0.0,0.0
DTXSID8025466,2063,0.0,0.0
DTXSID8025591,2063,0.0,0.0
DTXSID8025593,2063,0.0,0.0
DTXSID8025595,2063,0.0,0.0
DTXSID8025599,2063,0.9999999999999702,1.0
DTXSID8025628,2063,0.0,0.0
DTXSID8025670,2063,0.0,0.0
DTXSID8025703,2063,0.9999382456902545,1.0
DTXSID8025707,2063,0.0,0.0
DTXSID8025709,2063,0.8900207148035841,0.0
DTXSID8025751,2063,0.0,0.0
DTXSID8025757,2063,0.007834502884347035,0.0
DTXSID8025759,2063,0.0,0.0
DTXSID8025830,2063,0.998724866433413,1.0
DTXSID8025886,2063,0.0,0.0
DTXSID8025888,2063,0.0,0.0
DTXSID8025961,2063,0.0,0.0
DTXSID8025963,2063,0.0,0.0
DTXSID8025967,2063,0.0,0.0
DTXSID8025969,2063,0.0,0.0
DTXSID8026018,2063,0.0,0.0
DTXSID8026060,2063,0.0,0.0
DTXSID8026064,2063,0.0,0.0
DTXSID8026068,2063,0.0,0.0
DTXSID8026141,2063,0.0,0.0
DTXSID8026145,2063,0.0,0.0
DTXSID8026147,2063,0.0,0.0
DTXSID8026193,2063,0.0,0.0
DTXSID8026195,2063,0.0,0.0
DTXSID8026220,2063,2.9886757466420373e-13,0.0
DTXSID8026224,2063,0.0,0.0
DTXSID8026228,2063,0.0,0.0
DTXSID8026303,2063,0.0,0.0
DTXSID8026305,2063,0.0,0.0
DTXSID8026307,2063,0.0,0.0
DTXSID8026309,2063,0.0,0.0
DTXSID8026432,2063,0.0,0.0
DTXSID8026436,2063,0.0,0.0
DTXSID8026488,2063,0.0,0.0
DTXSID8026513,2063,0.0,0.0
DTXSID8026515,2063,0.0,0.0
DTXSID8026519,2063,0.0,0.0
DTXSID8026563,2063,0.9999736803732798,1.0
DTXSID8026640,2063,0.0,0.0
DTXSID8026694,2063,0.0,0.0
DTXSID8026698,2063,1.4704392631534129e-07,0.0
DTXSID8026725,2063,0.0,0.0
DTXSID8026727,2063,0.0,0.0
DTXSID8026729,2063,0.0,0.0
DTXSID8026773,2063,0.0,0.0
DTXSID8026775,2063,0.0,0.0
DTXSID8026802,2063,0.0,0.0
DTXSID8026931,2063,7.593943486464181e-11,0.0
DTXSID8026933,2063,0.0,0.0
DTXSID8026935,2063,0.0,0.0
DTXSID8026981,2063,0.0,0.0
DTXSID8027032,2063,0.0,0.0
DTXSID8027034,2063,0.0,0.0
DTXSID8027036,2063,8.073920593100349e-19,0.0
DTXSID8027084,2063,0.0,0.0
DTXSID8027086,2063,2.916817223051454e-18,0.0
DTXSID8027113,2063,0.0,0.0
DTXSID8027163,2063,0.0,0.0
DTXSID8027167,2063,0.0,0.0
DTXSID8027169,2063,0.0,0.0
DTXSID8027240,2063,0.9999943028827132,1.0
DTXSID8027244,2063,0.0,0.0
DTXSID8027246,2063,0.0,0.0
DTXSID8027292,2063,1.0,1.0
DTXSID8027294,2063,0.0,0.0
DTXSID8027321,2063,0.0,0.0
DTXSID8027323,2063,2.2292285134424612e-05,0.0
DTXSID8027329,2063,0.0,0.0
DTXSID8027377,2063,0.0,0.0
DTXSID8027400,2063,0.0,0.0
DTXSID8027402,2063,0.0,0.0
DTXSID8027452,2063,0.0,0.0
DTXSID8027454,2063,0.0,0.0
DTXSID8027537,2063,0.0,0.0
DTXSID8027581,2063,0.0,0.0
DTXSID8027585,2063,0.999852496534791,1.0
DTXSID8027589,2063,0.0,0.0
DTXSID8027747,2063,0.0,0.0
DTXSID8027749,2063,0.0,0.0
DTXSID8027793,2063,0.9999847679765465,1.0
DTXSID8027795,2063,0.9999999992356116,1.0
DTXSID8027797,2063,0.0,0.0
DTXSID8027822,2063,0.0,0.0
DTXSID8027826,2063,0.0,0.0
DTXSID8027870,2063,0.0,0.0
DTXSID8027878,2063,0.0004534299656660457,0.0
DTXSID8027905,2063,6.507750987859037e-19,0.0
DTXSID8027955,2063,0.0,0.0
DTXSID8027959,2063,0.0,0.0
DTXSID8028008,2063,0.9948641122020793,1.0
DTXSID8028842,2063,0.0,0.0
DTXSID8029072,2063,0.0,0.0
DTXSID8029105,2063,0.0,0.0
DTXSID8029153,2063,0.0,0.0
DTXSID8029157,2063,3.7809306968928285e-10,0.0
DTXSID8029159,2063,0.0,0.0
DTXSID8029230,2063,0.0,0.0
DTXSID8029232,2063,0.0,0.0
DTXSID8029234,2063,0.0,0.0
DTXSID8029236,2063,0.0,0.0
DTXSID8029280,2063,0.0,0.0
DTXSID8029282,2063,0.9999962364926854,1.0
DTXSID8029286,2063,0.0,0.0
DTXSID8029315,2063,1.1886279189286288e-05,0.0
DTXSID8029317,2063,0.0,0.0
DTXSID8029369,2063,0.0,0.0
DTXSID8029575,2063,0.0,0.0
DTXSID8029600,2063,0.0,0.0
DTXSID8029602,2063,1.0,1.0
DTXSID8029604,2063,0.0,0.0
DTXSID8029606,2063,0.0,0.0
DTXSID8029608,2063,0.0,0.0
DTXSID8029650,2063,0.0,0.0
DTXSID8029652,2063,0.0,0.0
DTXSID8029733,2063,0.0,0.0
DTXSID8029739,2063,5.834553318787317e-11,0.0
DTXSID8029868,2063,1.3245538048788407e-17,0.0
DTXSID8030138,2063,0.0,0.0
DTXSID8030423,2063,0.0,0.0
DTXSID8030760,2063,0.0,0.0
DTXSID8031077,2063,0.9990321315871504,1.0
DTXSID8031366,2063,0.0,0.0
DTXSID8031497,2063,0.0,0.0
DTXSID8031863,2063,0.0,0.0
DTXSID8031865,2063,0.0,0.0
DTXSID8032386,2063,0.0,0.0
DTXSID8032417,2063,,
DTXSID8032544,2063,0.0,0.0
DTXSID8032548,2063,5.243738319289815e-09,0.0
DTXSID8032623,2063,0.0,0.0
DTXSID8032627,2063,1.335742342388925e-16,0.0
DTXSID8032671,2063,0.0,0.0
DTXSID8032673,2063,0.0,0.0
DTXSID8032675,2063,5.309993914340266e-18,0.0
DTXSID8033433,2063,0.0,0.0
DTXSID8033512,2063,0.0,0.0
DTXSID8033562,2063,0.0,0.0
DTXSID8033564,2063,0.0,0.0
DTXSID8033566,2063,0.0,0.0
DTXSID8033649,2063,5.748346773671427e-15,0.0
DTXSID8033803,2063,0.0,0.0
DTXSID8034085,2063,0.0,0.0
DTXSID8034087,2063,0.0,0.0
DTXSID8034089,2063,0.0,0.0
DTXSID8034241,2063,0.0,0.0
DTXSID8034324,2063,0.0,0.0
DTXSID8034372,2063,0.0,0.0
DTXSID8034376,2063,0.0,0.0
DTXSID8034401,2063,0.9951678212063229,1.0
DTXSID8034538,2063,0.0,0.0
DTXSID8034580,2063,2.3555161590424365e-13,0.0
DTXSID8034586,2063,1.0748704054790511e-10,0.0
DTXSID8034588,2063,0.9999992086281877,1.0
DTXSID8034665,2063,0.0,0.0
DTXSID8034742,2063,0.999999999690308,1.0
DTXSID8034792,2063,0.00019204701765046755,0.0
DTXSID8034823,2063,0.0,0.0
DTXSID8034871,2063,0.0,0.0
DTXSID8034877,2063,0.0,0.0
DTXSID8034956,2063,4.670771082810094e-15,0.0
DTXSID8035001,2063,0.0,0.0
DTXSID8035138,2063,0.0,0.0
DTXSID8035180,2063,0.0,0.0
DTXSID8035186,2063,0.0,0.0
DTXSID8035217,2063,0.0,0.0
DTXSID8035423,2063,0.0,0.0
DTXSID8037207,2063,0.0,0.0
DTXSID8037594,2063,8.039581245931283e-17,0.0
DTXSID8037596,2063,0.0,0.0
DTXSID8037706,2063,0.0,0.0
DTXSID8037708,2063,0.0,0.0
DTXSID8037750,2063,0.0,0.0
DTXSID8037752,2063,0.0,0.0
DTXSID8037754,2063,0.0,0.0
DTXSID8037756,2063,0.0,0.0
DTXSID8038770,2063,0.0,0.0
DTXSID8038801,2063,0.0,0.0
DTXSID8038855,2063,0.0,0.0
DTXSID8038857,2063,0.0,0.0
DTXSID8039241,2063,0.0,0.0
DTXSID8040222,2063,0.0,0.0
DTXSID8040270,2063,1.0,1.0
DTXSID8040274,2063,0.0,0.0
DTXSID8040278,2063,0.0012880806602922077,0.0
DTXSID8040436,2063,0.0,0.0
DTXSID8040484,2063,0.0,0.0
DTXSID8040694,2063,0.0,0.0
DTXSID8040698,2063,0.0,0.0
DTXSID8040721,2063,0.0,0.0
DTXSID8040723,2063,0.0,0.0
DTXSID8040725,2063,0.9999999995153006,1.0
DTXSID8040727,2063,5.828906150335263e-17,0.0
DTXSID8040775,2063,0.0,0.0
DTXSID8040779,2063,0.0,0.0
DTXSID8040800,2063,0.0,0.0
DTXSID8041032,2063,0.0,0.0
DTXSID8041034,2063,4.143975434137848e-14,0.0
DTXSID8041080,2063,0.0,0.0
DTXSID8041117,2063,0.0,0.0
DTXSID8041242,2063,0.0,0.0
DTXSID8041246,2063,0.0,0.0
DTXSID8041248,2063,8.588677439046948e-19,0.0
DTXSID8041298,2063,0.0,0.0
DTXSID8041321,2063,0.0,0.0
DTXSID8041327,2063,0.0,0.0
DTXSID8041329,2063,0.0,0.0
DTXSID8041371,2063,0.0,0.0
DTXSID8041373,2063,0.0,0.0
DTXSID8041379,2063,0.0,0.0
DTXSID8041400,2063,0.0,0.0
DTXSID8041404,2063,0.0,0.0
DTXSID8041452,2063,0.0,0.0
DTXSID8041610,2063,0.0,0.0
DTXSID8041668,2063,0.0,0.0
DTXSID8041743,2063,1.723805729001537e-15,0.0
DTXSID8041745,2063,0.9971688173379816,1.0
DTXSID8041793,2063,0.0,0.0
DTXSID8041797,2063,0.0,0.0
DTXSID8041799,2063,0.0,0.0
DTXSID8041828,2063,0.0,0.0
DTXSID8041901,2063,0.0,0.0
DTXSID8041909,2063,0.0,0.0
DTXSID8041951,2063,0.0,0.0
DTXSID8041955,2063,0.0,0.0
DTXSID8041957,2063,0.0,0.0
DTXSID8041959,2063,0.0,0.0
DTXSID8042002,2063,0.0,0.0
DTXSID8042006,2063,0.0,0.0
DTXSID8042052,2063,0.0,0.0
DTXSID8042137,2063,0.0,0.0
DTXSID8042181,2063,0.0,0.0
DTXSID8042187,2063,0.0,0.0
DTXSID8042189,2063,0.0,0.0
DTXSID8042210,2063,0.0,0.0
DTXSID8042218,2063,0.0,0.0
DTXSID8042260,2063,6.875306714092663e-10,0.0
DTXSID8042264,2063,0.9999999999999999,1.0
DTXSID8042266,2063,0.0,0.0
DTXSID8042343,2063,0.0,0.0
DTXSID8042349,2063,1.2013927946729293e-16,0.0
DTXSID8042399,2063,0.0,0.0
DTXSID8042422,2063,0.0,0.0
DTXSID8042424,2063,0.0,0.0
DTXSID8042426,2063,2.474392545329283e-15,0.0
DTXSID8042478,2063,0.9999999999130046,1.0
DTXSID8042503,2063,0.0,0.0
DTXSID8042507,2063,0.0,0.0
DTXSID8042509,2063,0.0,0.0
DTXSID8042559,2063,0.0,0.0
DTXSID8042632,2063,0.0,0.0
DTXSID8043814,2063,0.0,0.0
DTXSID8043941,2063,0.0,0.0
DTXSID8044175,2063,0.0,0.0
DTXSID8044177,2063,0.0,0.0
DTXSID8044200,2063,0.0,0.0
DTXSID8044202,2063,0.0,0.0
DTXSID8044204,2063,1.4641967030747275e-12,0.0
DTXSID8044206,2063,0.0,0.0
DTXSID8044208,2063,0.0,0.0
DTXSID8044252,2063,0.0,0.0
DTXSID8044381,2063,0.9999999999999994,1.0
DTXSID8044383,2063,1.197639360176151e-15,0.0
DTXSID8044385,2063,0.0,0.0
DTXSID8044389,2063,0.0,0.0
DTXSID8044410,2063,0.0,0.0
DTXSID8044412,2063,0.0,0.0
DTXSID8044414,2063,0.0,0.0
DTXSID8044416,2063,0.0,0.0
DTXSID8044462,2063,0.0,0.0
DTXSID8044464,2063,0.0,0.0
DTXSID8044466,2063,0.0,0.0
DTXSID8044541,2063,0.0,0.0
DTXSID8044543,2063,0.0,0.0
DTXSID8044545,2063,0.0,0.0
DTXSID8044547,2063,0.0,0.0
DTXSID8044549,2063,1.0,1.0
DTXSID8044591,2063,0.0,0.0
DTXSID8044593,2063,1.119009819794329e-11,0.0
DTXSID8044595,2063,0.0,0.0
DTXSID8044597,2063,0.0,0.0
DTXSID8044599,2063,0.0,0.0
DTXSID8044620,2063,0.0,0.0
DTXSID8044622,2063,0.0,0.0
DTXSID8044624,2063,0.0,0.0
DTXSID8044626,2063,0.0,0.0
DTXSID8044670,2063,0.0,0.0
DTXSID8044676,2063,0.0,0.0
DTXSID8044678,2063,0.0,0.0
DTXSID8044701,2063,0.0,0.0
DTXSID8044703,2063,0.0,0.0
DTXSID8044709,2063,0.0,0.0
DTXSID8044751,2063,0.0,0.0
DTXSID8044753,2063,0.0,0.0
DTXSID8044755,2063,0.0,0.0
DTXSID8044757,2063,0.0,0.0
DTXSID8044759,2063,0.0,0.0
DTXSID8044830,2063,0.0,0.0
DTXSID8044832,2063,0.0,0.0
DTXSID8044834,2063,0.0,0.0
DTXSID8044836,2063,0.0,0.0
DTXSID8044880,2063,0.0,0.0
DTXSID8044882,2063,0.0,0.0
DTXSID8044884,2063,0.0,0.0
DTXSID8044886,2063,0.0,0.0
DTXSID8044888,2063,0.0,0.0
DTXSID8044911,2063,0.0,0.0
DTXSID8044913,2063,0.9998238239959685,1.0
DTXSID8044915,2063,0.0,0.0
DTXSID8044919,2063,0.0,0.0
DTXSID8044961,2063,0.0,0.0
DTXSID8044963,2063,0.0,0.0
DTXSID8044967,2063,0.0,0.0
DTXSID8045141,2063,0.0,0.0
DTXSID8045145,2063,0.0,0.0
DTXSID8045147,2063,0.0,0.0
DTXSID8045149,2063,0.0,0.0
DTXSID8045191,2063,0.0,0.0
DTXSID8045193,2063,0.0,0.0
DTXSID8045195,2063,0.0,0.0
DTXSID8045220,2063,0.0,0.0
DTXSID8045224,2063,4.292742040158832e-19,0.0
DTXSID8045228,2063,0.0,0.0
DTXSID8045307,2063,0.0,0.0
DTXSID8045351,2063,0.0,0.0
DTXSID8045357,2063,4.751815745206889e-17,0.0
DTXSID8045359,2063,0.0,0.0
DTXSID8045434,2063,0.0,0.0
DTXSID8045480,2063,0.0,0.0
DTXSID8045484,2063,0.0,0.0
DTXSID8045486,2063,0.0,0.0
DTXSID8045488,2063,0.0,0.0
DTXSID8045511,2063,0.0,0.0
DTXSID8045513,2063,0.0,0.0
DTXSID8045515,2063,0.0,0.0
DTXSID8045519,2063,0.0,0.0
DTXSID8045565,2063,0.9999685703883952,1.0
DTXSID8045567,2063,0.0,0.0
DTXSID8045640,2063,0.0,0.0
DTXSID8045642,2063,0.0,0.0
DTXSID8045646,2063,0.0,0.0
DTXSID8045648,2063,0.0,0.0
DTXSID8045690,2063,1.3227170883927198e-11,0.0
DTXSID8045692,2063,0.0,0.0
DTXSID8045698,2063,0.0,0.0
DTXSID8045771,2063,0.0,0.0
DTXSID8045777,2063,0.0,0.0
DTXSID8045779,2063,0.0,0.0
DTXSID8045802,2063,0.0,0.0
DTXSID8045804,2063,0.0,0.0
DTXSID8045806,2063,0.0,0.0
DTXSID8045850,2063,0.0,0.0
DTXSID8045852,2063,0.0,0.0
DTXSID8045854,2063,0.0,0.0
DTXSID8045933,2063,0.0,0.0
DTXSID8045935,2063,0.0,0.0
DTXSID8045937,2063,0.0,0.0
DTXSID8045939,2063,0.0,0.0
DTXSID8045983,2063,0.0,0.0
DTXSID8045985,2063,0.0,0.0
DTXSID8045987,2063,0.0,0.0
DTXSID8045989,2063,0.0,0.0
DTXSID8046030,2063,0.0,0.0
DTXSID8046034,2063,0.0,0.0
DTXSID8046038,2063,0.0,0.0
DTXSID8046086,2063,0.0,0.0
DTXSID8046088,2063,0.0,0.0
DTXSID8046113,2063,0.0,0.0
DTXSID8046117,2063,0.0,0.0
DTXSID8046119,2063,0.0,0.0
DTXSID8046161,2063,0.0,0.0
DTXSID8046163,2063,0.0,0.0
DTXSID8046242,2063,0.0,0.0
DTXSID8046244,2063,0.0,0.0
DTXSID8046294,2063,0.0,0.0
DTXSID8046296,2063,0.0,0.0
DTXSID8046321,2063,0.0,0.0
DTXSID8046400,2063,4.894763813554161e-18,0.0
DTXSID8046402,2063,0.0,0.0
DTXSID8046404,2063,0.0,0.0
DTXSID8046406,2063,0.0,0.0
DTXSID8046450,2063,0.0,0.0
DTXSID8046454,2063,0.0,0.0
DTXSID8046456,2063,0.0,0.0
DTXSID8046458,2063,0.0,0.0
DTXSID8046531,2063,0.0,0.0
DTXSID8046535,2063,0.0,0.0
DTXSID8046539,2063,0.0,0.0
DTXSID8046585,2063,0.0,0.0
DTXSID8046589,2063,0.05267557139520173,0.0
DTXSID8046610,2063,0.0,0.0
DTXSID8046662,2063,0.0,0.0
DTXSID8046664,2063,0.0,0.0
DTXSID8046743,2063,7.055502916416741e-11,0.0
DTXSID8046799,2063,0.0,0.0
DTXSID8046820,2063,0.0,0.0
DTXSID8046828,2063,0.0,0.0
DTXSID8046903,2063,0.9999999999998921,1.0
DTXSID8046951,2063,0.0,0.0
DTXSID8047000,2063,0.0,0.0
DTXSID8047006,2063,0.0,0.0
DTXSID8047050,2063,0.0,0.0
DTXSID8047052,2063,0.0,0.0
DTXSID8047056,2063,0.0,0.0
DTXSID8047058,2063,0.0,0.0
DTXSID8047131,2063,0.0,0.0
DTXSID8047133,2063,0.0,0.0
DTXSID8047135,2063,0.0,0.0
DTXSID8047137,2063,0.0,0.0
DTXSID8047139,2063,2.2613660069508553e-06,0.0
DTXSID8047183,2063,0.0,0.0
DTXSID8047185,2063,0.0,0.0
DTXSID8047187,2063,0.0,0.0
DTXSID8047189,2063,0.0,0.0
DTXSID8047218,2063,0.0,0.0
DTXSID8047262,2063,0.0,0.0
DTXSID8047264,2063,3.242367686693962e-17,0.0
DTXSID8047266,2063,0.8518321567618452,0.0
DTXSID8047268,2063,0.012378253656043572,0.0
DTXSID8047341,2063,0.0,0.0
DTXSID8047347,2063,1.1727293183834148e-08,0.0
DTXSID8047349,2063,3.3751167615621095e-06,0.0
DTXSID8047391,2063,0.0,0.0
DTXSID8047395,2063,0.0,0.0
DTXSID8047397,2063,,
DTXSID8047399,2063,0.0,0.0
DTXSID8047420,2063,0.0,0.0
DTXSID8047422,2063,0.0,0.0
DTXSID8047424,2063,0.0,0.0
DTXSID8047426,2063,0.0,0.0
DTXSID8047428,2063,0.0,0.0
DTXSID8047470,2063,0.0,0.0
DTXSID8047472,2063,8.338784286336212e-16,0.0
DTXSID8047474,2063,3.2154849241404617e-17,0.0
DTXSID8047476,2063,0.0,0.0
DTXSID8047501,2063,0.0,0.0
DTXSID8047505,2063,4.419321532164127e-07,0.0
DTXSID8047551,2063,0.0,0.0
DTXSID8047553,2063,0.0,0.0
DTXSID8047559,2063,0.0,0.0
DTXSID8047630,2063,0.0,0.0
DTXSID8047636,2063,0.0,0.0
DTXSID8047680,2063,0.0,0.0
DTXSID8047682,2063,0.0,0.0
DTXSID8047684,2063,0.0,0.0
DTXSID8047686,2063,0.0,0.0
DTXSID8047711,2063,0.0,0.0
DTXSID8047713,2063,0.0,0.0
DTXSID8047717,2063,0.0,0.0
DTXSID8047769,2063,0.0,0.0
DTXSID8047840,2063,0.0,0.0
DTXSID8047842,2063,0.0,0.0
DTXSID8047844,2063,0.0,0.0
DTXSID8047846,2063,0.0,0.0
DTXSID8047848,2063,0.0,0.0
DTXSID8047890,2063,0.9803274718295569,1.0
DTXSID8047892,2063,1.1053202200833886e-12,0.0
DTXSID8047894,2063,2.6235204510659955e-12,0.0
DTXSID8047896,2063,0.0,0.0
DTXSID8047898,2063,0.0,0.0
DTXSID8047921,2063,0.0,0.0
DTXSID8047923,2063,0.9999997996966214,1.0
DTXSID8047925,2063,0.0,0.0
DTXSID8047927,2063,0.0,0.0
DTXSID8047929,2063,3.3561956337378756e-13,0.0
DTXSID8047971,2063,0.0,0.0
DTXSID8047973,2063,0.999733566570147,1.0
DTXSID8048494,2063,0.0,0.0
DTXSID8048521,2063,0.0,0.0
DTXSID8048600,2063,0.0,0.0
DTXSID8048606,2063,0.0,0.0
DTXSID8048608,2063,0.0,0.0
DTXSID8048650,2063,0.0,0.0
DTXSID8048656,2063,0.0,0.0
DTXSID8048733,2063,0.0,0.0
DTXSID8048735,2063,0.0,0.0
DTXSID8048737,2063,0.0,0.0
DTXSID8048739,2063,0.0,0.0
DTXSID8048781,2063,0.0,0.0
DTXSID8048783,2063,0.0,0.0
DTXSID8048785,2063,1.106755490972003e-12,0.0
DTXSID8048787,2063,0.0,0.0
DTXSID8048789,2063,0.0,0.0
DTXSID8048810,2063,0.0,0.0
DTXSID8048812,2063,0.0,0.0
DTXSID8048814,2063,0.0,0.0
DTXSID8048818,2063,0.0,0.0
DTXSID8048860,2063,0.0,0.0
DTXSID8048866,2063,0.0,0.0
DTXSID8048868,2063,0.0,0.0
DTXSID8048941,2063,0.0,0.0
DTXSID8048943,2063,0.9999946223308502,1.0
DTXSID8048945,2063,0.008506754152336454,0.0
DTXSID8048947,2063,0.0,0.0
DTXSID8048999,2063,0.0,0.0
DTXSID8049040,2063,0.0,0.0
DTXSID8049042,2063,0.0,0.0
DTXSID8049044,2063,0.0,0.0
DTXSID8049046,2063,0.0,0.0
DTXSID8049048,2063,0.0,0.0
DTXSID8049200,2063,0.0,0.0
DTXSID8049202,2063,0.0,0.0
DTXSID8049204,2063,0.0,0.0
DTXSID8049206,2063,0.0,0.0
DTXSID8049208,2063,0.0,0.0
DTXSID8049250,2063,0.9999996980444198,1.0
DTXSID8049252,2063,0.0,0.0
DTXSID8049254,2063,0.9999996525187947,1.0
DTXSID8049256,2063,0.0,0.0
DTXSID8049258,2063,0.0,0.0
DTXSID8049331,2063,0.0,0.0
DTXSID8049333,2063,0.0,0.0
DTXSID8049335,2063,0.0,0.0
DTXSID8049337,2063,0.0,0.0
DTXSID8049339,2063,0.0,0.0
DTXSID8049381,2063,0.0,0.0
DTXSID8049383,2063,0.0,0.0
DTXSID8049385,2063,0.0,0.0
DTXSID8049387,2063,0.0,0.0
DTXSID8049389,2063,0.0,0.0
DTXSID8049410,2063,0.0,0.0
DTXSID8049412,2063,0.9999999999400391,1.0
DTXSID8049414,2063,8.529220101702798e-15,0.0
DTXSID8049416,2063,0.0,0.0
DTXSID8049418,2063,0.0,0.0
DTXSID8049460,2063,0.0,0.0
DTXSID8049462,2063,0.0,0.0
DTXSID8049464,2063,0.0,0.0
DTXSID8049466,2063,0.0,0.0
DTXSID8049468,2063,0.0,0.0
DTXSID8049541,2063,0.0,0.0
DTXSID8049543,2063,0.0,0.0
DTXSID8049545,2063,0.0,0.0
DTXSID8049547,2063,0.0,0.0
DTXSID8049549,2063,0.0,0.0
DTXSID8051540,2063,0.0,0.0
DTXSID8051542,2063,0.0,0.0
DTXSID8051544,2063,0.0,0.0
DTXSID8051629,2063,0.0,0.0
DTXSID8051704,2063,0.0,0.0
DTXSID8051708,2063,0.0,0.0
DTXSID8051754,2063,0.0,0.0
DTXSID8051914,2063,3.676186925124343e-16,0.0
DTXSID8052198,2063,0.0,0.0
DTXSID8052300,2063,0.0,0.0
DTXSID8052308,2063,0.0,0.0
DTXSID8052641,2063,0.0,0.0
DTXSID8052724,2063,,
DTXSID8057641,2063,0.0,0.0
DTXSID8057643,2063,0.0,0.0
DTXSID8057645,2063,0.9999999991331411,1.0
DTXSID8057647,2063,0.0,0.0
DTXSID8057649,2063,2.603314283429282e-12,0.0
DTXSID8057691,2063,0.0,0.0
DTXSID8057693,2063,0.0,0.0
DTXSID8057695,2063,0.0,0.0
DTXSID8057697,2063,0.0,0.0
DTXSID8057699,2063,1.2706753674627945e-06,0.0
DTXSID8057720,2063,0.0,0.0
DTXSID8057722,2063,0.0,0.0
DTXSID8057724,2063,0.0,0.0
DTXSID8057726,2063,0.0,0.0
DTXSID8057728,2063,0.0,0.0
DTXSID8057770,2063,0.0,0.0
DTXSID8057772,2063,0.0,0.0
DTXSID8057774,2063,0.0,0.0
DTXSID8057776,2063,0.0,0.0
DTXSID8057778,2063,0.0,0.0
DTXSID8057801,2063,0.0,0.0
DTXSID8057803,2063,0.0,0.0
DTXSID8057805,2063,0.0,0.0
DTXSID8057807,2063,0.0,0.0
DTXSID8057809,2063,0.99803246148667,1.0
DTXSID8057851,2063,0.0,0.0
DTXSID8057853,2063,0.0,0.0
DTXSID8057855,2063,0.0,0.0
DTXSID8057857,2063,0.0,0.0
DTXSID9020031,2063,0.999999993157812,1.0
DTXSID9020081,2063,0.0,0.0
DTXSID9020083,2063,0.0,0.0
DTXSID9020087,2063,0.0,0.0
DTXSID9020089,2063,0.0,0.0
DTXSID9020110,2063,0.9999999989024475,1.0
DTXSID9020112,2063,0.0,0.0
DTXSID9020114,2063,0.0,0.0
DTXSID9020116,2063,1.07438458819716e-10,0.0
DTXSID9020118,2063,0.0,0.0
DTXSID9020160,2063,0.003237047673613699,0.0
DTXSID9020164,2063,0.0,0.0
DTXSID9020166,2063,1.0,1.0
DTXSID9020168,2063,0.0,0.0
DTXSID9020241,2063,0.0,0.0
DTXSID9020243,2063,0.9999999999999643,1.0
DTXSID9020245,2063,0.0,0.0
DTXSID9020247,2063,0.0,0.0
DTXSID9020249,2063,0.0,0.0
DTXSID9020293,2063,3.9411069734417065e-05,0.0
DTXSID9020295,2063,0.0,0.0
DTXSID9020299,2063,1.2359768596090452e-06,0.0
DTXSID9020322,2063,0.0,0.0
DTXSID9020326,2063,0.0,0.0
DTXSID9020328,2063,0.0,0.0
DTXSID9020370,2063,0.0,0.0
DTXSID9020372,2063,0.9999977532634512,1.0
DTXSID9020374,2063,0.9999941835734366,1.0
DTXSID9020376,2063,1.339685460408328e-19,0.0
DTXSID9020378,2063,0.0,0.0
DTXSID9020401,2063,0.0,0.0
DTXSID9020407,2063,1.6873511871392853e-14,0.0
DTXSID9020409,2063,0.0,0.0
DTXSID9020451,2063,0.0,0.0
DTXSID9020453,2063,0.0001362236907732896,0.0
DTXSID9020459,2063,0.0,0.0
DTXSID9020538,2063,0.009312283331067145,0.0
DTXSID9020580,2063,0.0,0.0
DTXSID9020582,2063,0.0,0.0
DTXSID9020584,2063,0.0,0.0
DTXSID9020615,2063,0.0,0.0
DTXSID9020617,2063,0.0,0.0
DTXSID9020663,2063,0.0,0.0
DTXSID9020667,2063,0.0,0.0
DTXSID9020669,2063,0.9854147801952106,1.0
DTXSID9020740,2063,0.0,0.0
DTXSID9020742,2063,1.4241284015316951e-08,0.0
DTXSID9020790,2063,0.0,0.0
DTXSID9020792,2063,0.0,0.0
DTXSID9020794,2063,0.0,0.0
DTXSID9020796,2063,0.9997296006576624,1.0
DTXSID9020825,2063,0.0,0.0
DTXSID9020827,2063,0.0,0.0
DTXSID9020829,2063,0.0,0.0
DTXSID9020875,2063,0.0,0.0
DTXSID9020877,2063,0.0,0.0
DTXSID9020902,2063,0.0,0.0
DTXSID9020956,2063,0.0,0.0
DTXSID9020958,2063,0.0,0.0
DTXSID9021053,2063,0.0,0.0
DTXSID9021059,2063,0.0,0.0
DTXSID9021130,2063,0.0,0.0
DTXSID9021132,2063,0.09858787051525446,0.0
DTXSID9021134,2063,0.0,0.0
DTXSID9021136,2063,0.0,0.0
DTXSID9021138,2063,0.0,0.0
DTXSID9021182,2063,0.0,0.0
DTXSID9021184,2063,0.0,0.0
DTXSID9021188,2063,0.0,0.0
DTXSID9021215,2063,0.0,0.0
DTXSID9021217,2063,0.0,0.0
DTXSID9021219,2063,0.0,0.0
DTXSID9021267,2063,0.0,0.0
DTXSID9021340,2063,0.0,0.0
DTXSID9021342,2063,0.9999999992816686,1.0
DTXSID9021344,2063,0.0,0.0
DTXSID9021346,2063,0.9531931376965506,1.0
DTXSID9021348,2063,0.0,0.0
DTXSID9021390,2063,6.865361472554381e-19,0.0
DTXSID9021392,2063,0.0,0.0
DTXSID9021396,2063,0.0,0.0
DTXSID9021398,2063,0.0,0.0
DTXSID9021427,2063,7.651957731830715e-18,0.0
DTXSID9021477,2063,0.0,0.0
DTXSID9021479,2063,0.0,0.0
DTXSID9021550,2063,0.0,0.0
DTXSID9021552,2063,0.0,0.0
DTXSID9021554,2063,0.0,0.0
DTXSID9021631,2063,3.448916026906737e-17,0.0
DTXSID9021633,2063,2.9917129684709064e-14,0.0
DTXSID9021635,2063,0.0,0.0
DTXSID9021637,2063,0.999977618439056,1.0
DTXSID9021639,2063,0.0,0.0
DTXSID9021683,2063,4.729227584614502e-20,0.0
DTXSID9021685,2063,0.0,0.0
DTXSID9021689,2063,0.0,0.0
DTXSID9021710,2063,0.0,0.0
DTXSID9021716,2063,6.934532457903828e-10,0.0
DTXSID9021718,2063,0.0,0.0
DTXSID9021762,2063,0.0,0.0
DTXSID9021764,2063,0.0,0.0
DTXSID9021841,2063,0.0,0.0
DTXSID9021843,2063,0.0,0.0
DTXSID9021847,2063,0.0,0.0
DTXSID9021897,2063,0.0,0.0
DTXSID9021899,2063,0.0,0.0
DTXSID9021922,2063,0.0,0.0
DTXSID9021924,2063,0.0,0.0
DTXSID9021928,2063,0.0,0.0
DTXSID9021974,2063,0.0,0.0
DTXSID9021976,2063,0.0,0.0
DTXSID9021978,2063,0.0,0.0
DTXSID9022027,2063,0.0,0.0
DTXSID9022079,2063,0.999998866153297,1.0
DTXSID9022100,2063,0.0,0.0
DTXSID9022104,2063,0.0,0.0
DTXSID9022310,2063,0.0,0.0
DTXSID9022312,2063,0.0,0.0
DTXSID9022360,2063,0.9999850017169107,1.0
DTXSID9022364,2063,0.0,0.0
DTXSID9022366,2063,0.0,0.0
DTXSID9022445,2063,0.0,0.0
DTXSID9022520,2063,3.962394208070961e-19,0.0
DTXSID9022522,2063,0.0,0.0
DTXSID9022524,2063,0.0,0.0
DTXSID9022526,2063,4.310251684777843e-15,0.0
DTXSID9022528,2063,0.0,0.0
DTXSID9022576,2063,0.0,0.0
DTXSID9022601,2063,0.0,0.0
DTXSID9022603,2063,0.0,0.0
DTXSID9022607,2063,0.0,0.0
DTXSID9022609,2063,0.0,0.0
DTXSID9022655,2063,0.0,0.0
DTXSID9022657,2063,0.0,0.0
DTXSID9022730,2063,0.0,0.0
DTXSID9022734,2063,0.0,0.0
DTXSID9022736,2063,0.0,0.0
DTXSID9022738,2063,0.0,0.0
DTXSID9022780,2063,0.0,0.0
DTXSID9022813,2063,0.0,0.0
DTXSID9022817,2063,0.0,0.0
DTXSID9022940,2063,0.0,0.0
DTXSID9022944,2063,0.0,0.0
DTXSID9022948,2063,0.0,0.0
DTXSID9022994,2063,0.0,0.0
DTXSID9023041,2063,0.0,0.0
DTXSID9023043,2063,0.0,0.0
DTXSID9023095,2063,0.0,0.0
DTXSID9023122,2063,0.0,0.0
DTXSID9023128,2063,0.0,0.0
DTXSID9023170,2063,0.0,0.0
DTXSID9023174,2063,0.0,0.0
DTXSID9023201,2063,4.438542956845794e-08,0.0
DTXSID9023205,2063,0.0,0.0
DTXSID9023255,2063,0.0,0.0
DTXSID9023380,2063,0.0,0.0
DTXSID9023386,2063,0.0,0.0
DTXSID9023388,2063,0.0,0.0
DTXSID9023411,2063,0.0,0.0
DTXSID9023419,2063,0.0,0.0
DTXSID9023540,2063,0.0,0.0
DTXSID9023542,2063,0.0,0.0
DTXSID9023546,2063,0.0,0.0
DTXSID9023548,2063,0.0,0.0
DTXSID9023590,2063,0.0,0.0
DTXSID9023621,2063,0.0,0.0
DTXSID9023677,2063,0.0,0.0
DTXSID9023679,2063,0.0,0.0
DTXSID9023702,2063,0.0,0.0
DTXSID9023706,2063,0.0,0.0
DTXSID9023752,2063,0.0,0.0
DTXSID9023756,2063,0.0,0.0
DTXSID9023833,2063,0.0,0.0
DTXSID9023835,2063,0.9999969423488743,1.0
DTXSID9023837,2063,0.0,0.0
DTXSID9023881,2063,0.0,0.0
DTXSID9023883,2063,1.2822815522670906e-07,0.0
DTXSID9023889,2063,0.0,0.0
DTXSID9023914,2063,0.0,0.0
DTXSID9023966,2063,0.0,0.0
DTXSID9024015,2063,0.0,0.0
DTXSID9024063,2063,0.0,0.0
DTXSID9024065,2063,0.0,0.0
DTXSID9024194,2063,0.0,0.0
DTXSID9024300,2063,0.0,0.0
DTXSID9024304,2063,0.0,0.0
DTXSID9024431,2063,0.0,0.0
DTXSID9024437,2063,0.0,0.0
DTXSID9024481,2063,0.0,0.0
DTXSID9024483,2063,0.999990607975877,1.0
DTXSID9024485,2063,0.0,0.0
DTXSID9024487,2063,0.0,0.0
DTXSID9024489,2063,0.0,0.0
DTXSID9024512,2063,0.0,0.0
DTXSID9024568,2063,0.0,0.0
DTXSID9024641,2063,0.0,0.0
DTXSID9024691,2063,0.0,0.0
DTXSID9024699,2063,0.0,0.0
DTXSID9024724,2063,0.0,0.0
DTXSID9024726,2063,0.0,0.0
DTXSID9024770,2063,0.0,0.0
DTXSID9024772,2063,0.0,0.0
DTXSID9024774,2063,0.0,0.0
DTXSID9024809,2063,0.0,0.0
DTXSID9024853,2063,0.0,0.0
DTXSID9024855,2063,0.0,0.0
DTXSID9024930,2063,0.0,0.0
DTXSID9024934,2063,4.203161228634123e-19,0.0
DTXSID9024980,2063,0.0,0.0
DTXSID9024986,2063,0.0,0.0
DTXSID9025035,2063,0.0,0.0
DTXSID9025037,2063,0.0,0.0
DTXSID9025085,2063,0.0,0.0
DTXSID9025087,2063,0.0,0.0
DTXSID9025110,2063,0.0,0.0
DTXSID9025112,2063,0.0,0.0
DTXSID9025114,2063,0.9999824098342842,1.0
DTXSID9025164,2063,0.0,0.0
DTXSID9025166,2063,3.7417410708463804e-05,0.0
DTXSID9025243,2063,0.0,0.0
DTXSID9025245,2063,0.0,0.0
DTXSID9025249,2063,0.0,0.0
DTXSID9025291,2063,0.0,0.0
DTXSID9025293,2063,0.0,0.0
DTXSID9025297,2063,0.0,0.0
DTXSID9025299,2063,0.0,0.0
DTXSID9025326,2063,0.0,0.0
DTXSID9025328,2063,,
DTXSID9025370,2063,1.443796032315609e-17,0.0
DTXSID9025401,2063,0.9999897558823218,1.0
DTXSID9025403,2063,,
DTXSID9025409,2063,0.0,0.0
DTXSID9025451,2063,0.0,0.0
DTXSID9025453,2063,0.0,0.0
DTXSID9025455,2063,0.0,0.0
DTXSID9025534,2063,0.0,0.0
DTXSID9025536,2063,0.0,0.0
DTXSID9025538,2063,0.0,0.0
DTXSID9025580,2063,0.0,0.0
DTXSID9025588,2063,0.0,0.0
DTXSID9025611,2063,0.0,0.0
DTXSID9025617,2063,0.0,0.0
DTXSID9025661,2063,0.0,0.0
DTXSID9025665,2063,0.0,0.0
DTXSID9025740,2063,0.0,0.0
DTXSID9025742,2063,0.0,0.0
DTXSID9025744,2063,0.999951089313757,1.0
DTXSID9025746,2063,0.0,0.0
DTXSID9025794,2063,0.0,0.0
DTXSID9025796,2063,0.0,0.0
DTXSID9025825,2063,0.0,0.0
DTXSID9025873,2063,0.0,0.0
DTXSID9025879,2063,0.0,0.0
DTXSID9026051,2063,0.0,0.0
DTXSID9026059,2063,0.0,0.0
DTXSID9026130,2063,0.0,0.0
DTXSID9026132,2063,0.0,0.0
DTXSID9026219,2063,3.008978640860385e-09,0.0
DTXSID9026261,2063,0.0,0.0
DTXSID9026265,2063,0.0,0.0
DTXSID9026267,2063,0.0,0.0
DTXSID9026342,2063,0.0,0.0
DTXSID9026423,2063,0.0,0.0
DTXSID9026500,2063,0.0,0.0
DTXSID9026558,2063,0.0,0.0
DTXSID9026631,2063,0.0,0.0
DTXSID9026633,2063,0.0,0.0
DTXSID9026689,2063,0.0,0.0
DTXSID9026710,2063,0.0,0.0
DTXSID9026712,2063,0.0,0.0
DTXSID9026714,2063,0.0,0.0
DTXSID9026716,2063,0.0,0.0
DTXSID9026718,2063,0.0,0.0
DTXSID9026766,2063,0.0,0.0
DTXSID9026841,2063,0.0,0.0
DTXSID9026849,2063,0.0,0.0
DTXSID9026899,2063,0.0,0.0
DTXSID9026922,2063,2.6980390872953318e-17,0.0
DTXSID9026924,2063,0.0,0.0
DTXSID9026926,2063,0.0,0.0
DTXSID9026974,2063,0.999999999994133,1.0
DTXSID9027021,2063,0.0,0.0
DTXSID9027104,2063,0.0,0.0
DTXSID9027158,2063,0.0,0.0
DTXSID9027233,2063,1.998615422113766e-18,0.0
DTXSID9027239,2063,0.0,0.0
DTXSID9027281,2063,0.0,0.0
DTXSID9027310,2063,0.0,0.0
DTXSID9027312,2063,0.0,0.0
DTXSID9027314,2063,0.0,0.0
DTXSID9027360,2063,0.0,0.0
DTXSID9027364,2063,0.0,0.0
DTXSID9027368,2063,0.0,0.0
DTXSID9027441,2063,0.0,0.0
DTXSID9027443,2063,1.6493306870835127e-18,0.0
DTXSID9027449,2063,0.0,0.0
DTXSID9027520,2063,0.0,0.0
DTXSID9027522,2063,0.0001589102844284933,0.0
DTXSID9027528,2063,0.0,0.0
DTXSID9027570,2063,0.0,0.0
DTXSID9027603,2063,0.0,0.0
DTXSID9027653,2063,0.0,0.0
DTXSID9027738,2063,0.0,0.0
DTXSID9027863,2063,0.0,0.0
DTXSID9027948,2063,0.0,0.0
DTXSID9028120,2063,4.468072160365975e-17,0.0
DTXSID9029017,2063,0.0,0.0
DTXSID9029061,2063,0.0,0.0
DTXSID9029146,2063,0.0,0.0
DTXSID9029192,2063,0.0,0.0
DTXSID9029194,2063,0.0,0.0
DTXSID9029221,2063,0.0,0.0
DTXSID9029223,2063,3.3152239527034755e-18,0.0
DTXSID9029225,2063,0.0,0.0
DTXSID9029275,2063,0.0,0.0
DTXSID9029277,2063,0.0,0.0
DTXSID9029279,2063,0.0,0.0
DTXSID9029300,2063,0.0,0.0
DTXSID9029302,2063,0.0,0.0
DTXSID9029304,2063,0.0,0.0
DTXSID9029649,2063,0.0,0.0
DTXSID9029691,2063,0.0,0.0
DTXSID9029695,2063,0.0,0.0
DTXSID9030048,2063,3.4219896699398217e-16,0.0
DTXSID9030258,2063,0.0,0.0
DTXSID9030707,2063,0.9999999999363164,1.0
DTXSID9031800,2063,0.0,0.0
DTXSID9032113,2063,5.829884223425469e-17,0.0
DTXSID9032327,2063,0.0,0.0
DTXSID9032329,2063,0.0,0.0
DTXSID9032375,2063,0.0,0.0
DTXSID9032379,2063,0.0,0.0
DTXSID9032406,2063,0.0,0.0
DTXSID9032531,2063,0.0,0.0
DTXSID9032533,2063,0.0,0.0
DTXSID9032535,2063,0.0,0.0
DTXSID9032537,2063,0.9999987930186635,1.0
DTXSID9032581,2063,0.9999970741122912,1.0
DTXSID9032589,2063,0.9981493416241383,1.0
DTXSID9032610,2063,1.606884237808163e-10,0.0
DTXSID9032614,2063,0.0,0.0
DTXSID9032878,2063,0.0,0.0
DTXSID9033008,2063,0.0,0.0
DTXSID9033058,2063,0.0,0.0
DTXSID9033187,2063,0.0,0.0
DTXSID9033264,2063,0.0,0.0
DTXSID9033896,2063,0.0,0.0
DTXSID9033923,2063,0.0,0.0
DTXSID9033979,2063,0.0,0.0
DTXSID9034070,2063,0.0,0.0
DTXSID9034232,2063,0.0,0.0
DTXSID9034282,2063,0.0,0.0
DTXSID9034286,2063,0.0,0.0
DTXSID9034317,2063,0.9999994096501125,1.0
DTXSID9034361,2063,0.0,0.0
DTXSID9034365,2063,5.653662810874923e-12,0.0
DTXSID9034490,2063,0.0,0.0
DTXSID9034492,2063,1.7176812290939127e-08,0.0
DTXSID9034816,2063,3.475931690219269e-18,0.0
DTXSID9034818,2063,0.0,0.0
DTXSID9034864,2063,0.0,0.0
DTXSID9034997,2063,0.9999999999818844,1.0
DTXSID9035175,2063,0.0,0.0
DTXSID9035204,2063,1.0,1.0
DTXSID9035206,2063,0.0,0.0
DTXSID9035620,2063,0.0,0.0
DTXSID9035753,2063,0.0,0.0
DTXSID9036226,2063,0.0,0.0
DTXSID9036438,2063,0.0,0.0
DTXSID9036515,2063,0.0,0.0
DTXSID9036646,2063,0.0,0.0
DTXSID9036690,2063,0.0,0.0
DTXSID9036933,2063,0.0,0.0
DTXSID9037038,2063,0.008280469795302364,0.0
DTXSID9037246,2063,0.0,0.0
DTXSID9037248,2063,0.0,0.0
DTXSID9037535,2063,0.0,0.0
DTXSID9037539,2063,0.9999106548398213,1.0
DTXSID9037612,2063,3.291423712507773e-15,0.0
DTXSID9037616,2063,0.0,0.0
DTXSID9037741,2063,0.0,0.0
DTXSID9037745,2063,0.0,0.0
DTXSID9037749,2063,0.999978904984213,1.0
DTXSID9038686,2063,0.0,0.0
DTXSID9039232,2063,0.0,0.0
DTXSID9039238,2063,0.0,0.0
DTXSID9040001,2063,0.0,0.0
DTXSID9040130,2063,0.0,0.0
DTXSID9040134,2063,0.0,0.0
DTXSID9040215,2063,0.0,0.0
DTXSID9040265,2063,0.0,0.0
DTXSID9040269,2063,0.9999915702683897,1.0
DTXSID9040342,2063,0.0,0.0
DTXSID9040502,2063,0.0,0.0
DTXSID9040554,2063,0.0,0.0
DTXSID9040635,2063,0.0,0.0
DTXSID9040683,2063,0.0,0.0
DTXSID9040685,2063,0.0,0.0
DTXSID9040687,2063,0.0,0.0
DTXSID9040710,2063,0.0,0.0
DTXSID9040712,2063,0.999999998838875,1.0
DTXSID9040714,2063,0.0,0.0
DTXSID9040716,2063,0.0,0.0
DTXSID9040718,2063,0.0,0.0
DTXSID9040760,2063,0.9685977123590936,1.0
DTXSID9041075,2063,0.0,0.0
DTXSID9041152,2063,0.0,0.0
DTXSID9041233,2063,0.0,0.0
DTXSID9041237,2063,6.618168957593669e-16,0.0
DTXSID9041289,2063,0.9999907240065526,1.0
DTXSID9041362,2063,0.0,0.0
DTXSID9041366,2063,0.0,0.0
DTXSID9041368,2063,0.0,0.0
DTXSID9041441,2063,0.0,0.0
DTXSID9041491,2063,0.0,0.0
DTXSID9041520,2063,0.0,0.0
DTXSID9041524,2063,0.0,0.0
DTXSID9041528,2063,0.0,0.0
DTXSID9041570,2063,0.0,0.0
DTXSID9041607,2063,0.0,0.0
DTXSID9041653,2063,0.0,0.0
DTXSID9041659,2063,0.0,0.0
DTXSID9041813,2063,0.0,0.0
DTXSID9041815,2063,0.0,0.0
DTXSID9041861,2063,0.0,0.0
DTXSID9042097,2063,0.0,0.0
DTXSID9042124,2063,1.0,1.0
DTXSID9042170,2063,0.0,0.0
DTXSID9042203,2063,5.768117133874483e-14,0.0
DTXSID9042209,2063,0.0,0.0
DTXSID9042259,2063,0.0,0.0
DTXSID9042336,2063,0.0,0.0
DTXSID9042338,2063,0.0,0.0
DTXSID9042382,2063,0.0,0.0
DTXSID9042415,2063,0.0,0.0
DTXSID9042592,2063,0.0,0.0
DTXSID9042594,2063,3.773618844388853e-17,0.0
DTXSID9043853,2063,0.0,0.0
DTXSID9043855,2063,0.0,0.0
DTXSID9043938,2063,0.0,0.0
DTXSID9044112,2063,0.0,0.0
DTXSID9044164,2063,0.9978619610672892,1.0
DTXSID9044241,2063,0.0,0.0
DTXSID9044247,2063,0.0,0.0
DTXSID9044299,2063,0.0,0.0
DTXSID9044320,2063,0.0,0.0
DTXSID9044322,2063,0.99994119657908,1.0
DTXSID9044370,2063,0.0,0.0
DTXSID9044372,2063,0.0,0.0
DTXSID9044374,2063,0.0,0.0
DTXSID9044378,2063,0.0,0.0
DTXSID9044401,2063,0.0,0.0
DTXSID9044403,2063,0.0,0.0
DTXSID9044405,2063,0.0,0.0
DTXSID9044407,2063,0.0,0.0
DTXSID9044409,2063,0.0,0.0
DTXSID9044451,2063,0.0,0.0
DTXSID9044455,2063,0.0,0.0
DTXSID9044457,2063,0.0,0.0
DTXSID9044459,2063,0.0,0.0
DTXSID9044532,2063,0.0,0.0
DTXSID9044534,2063,0.0,0.0
DTXSID9044536,2063,0.0,0.0
DTXSID9044538,2063,2.54259268301461e-07,0.0
DTXSID9044580,2063,0.0,0.0
DTXSID9044582,2063,0.0,0.0
DTXSID9044584,2063,0.0,0.0
DTXSID9044588,2063,0.0,0.0
DTXSID9044611,2063,0.0,0.0
DTXSID9044613,2063,0.0,0.0
DTXSID9044615,2063,0.9999093885026489,1.0
DTXSID9044617,2063,0.0,0.0
DTXSID9044619,2063,0.0,0.0
DTXSID9044661,2063,0.0,0.0
DTXSID9044663,2063,0.0,0.0
DTXSID9044667,2063,0.0,0.0
DTXSID9044740,2063,0.0,0.0
DTXSID9044742,2063,,
DTXSID9044744,2063,0.0,0.0
DTXSID9044746,2063,0.0,0.0
DTXSID9044748,2063,0.0,0.0
DTXSID9044790,2063,0.0,0.0
DTXSID9044794,2063,0.0,0.0
DTXSID9044796,2063,1.0,1.0
DTXSID9044798,2063,0.0,0.0
DTXSID9044821,2063,0.0,0.0
DTXSID9044823,2063,0.0,0.0
DTXSID9044825,2063,2.477991111042167e-18,0.0
DTXSID9044827,2063,0.0,0.0
DTXSID9044829,2063,0.00046857508701575744,0.0
DTXSID9044871,2063,0.0,0.0
DTXSID9044873,2063,0.0,0.0
DTXSID9044875,2063,0.0,0.0
DTXSID9044877,2063,0.0,0.0
DTXSID9044879,2063,0.0,0.0
DTXSID9044900,2063,0.0,0.0
DTXSID9044902,2063,0.0,0.0
DTXSID9044904,2063,0.0,0.0
DTXSID9044908,2063,0.0,0.0
DTXSID9044950,2063,0.0,0.0
DTXSID9044958,2063,0.0,0.0
DTXSID9045003,2063,0.0,0.0
DTXSID9045005,2063,0.0,0.0
DTXSID9045007,2063,0.0,0.0
DTXSID9045053,2063,0.0,0.0
DTXSID9045132,2063,0.0,0.0
DTXSID9045136,2063,0.0,0.0
DTXSID9045138,2063,0.0,0.0
DTXSID9045182,2063,0.0,0.0
DTXSID9045184,2063,0.0,0.0
DTXSID9045188,2063,0.0,0.0
DTXSID9045215,2063,0.0,0.0
DTXSID9045217,2063,0.0,0.0
DTXSID9045265,2063,0.0,0.0
DTXSID9045267,2063,0.0,0.0
DTXSID9045342,2063,0.0,0.0
DTXSID9045346,2063,0.0,0.0
DTXSID9045348,2063,0.00395746055232762,0.0
DTXSID9045390,2063,0.0,0.0
DTXSID9045392,2063,0.0,0.0
DTXSID9045394,2063,1.2621750191531841e-17,0.0
DTXSID9045425,2063,0.0,0.0
DTXSID9045429,2063,0.0,0.0
DTXSID9045500,2063,0.0,0.0
DTXSID9045506,2063,0.0,0.0
DTXSID9045508,2063,0.0,0.0
DTXSID9045556,2063,0.0,0.0
DTXSID9045558,2063,0.0,0.0
DTXSID9045631,2063,0.9999964412930424,1.0
DTXSID9045633,2063,0.0,0.0
DTXSID9045635,2063,0.0,0.0
DTXSID9045683,2063,0.0,0.0
DTXSID9045685,2063,0.0,0.0
DTXSID9045687,2063,0.0,0.0
DTXSID9045710,2063,0.0,0.0
DTXSID9045762,2063,0.0,0.0
DTXSID9045768,2063,0.0,0.0
DTXSID9045843,2063,0.0,0.0
DTXSID9045845,2063,0.0,0.0
DTXSID9045847,2063,0.0,0.0
DTXSID9045849,2063,0.0,0.0
DTXSID9045891,2063,0.0,0.0
DTXSID9045897,2063,0.0,0.0
DTXSID9045899,2063,5.109403815430909e-10,0.0
DTXSID9045922,2063,0.0,0.0
DTXSID9046023,2063,0.0,0.0
DTXSID9046029,2063,0.0,0.0
DTXSID9046071,2063,0.0,0.0
DTXSID9046073,2063,0.0,0.0
DTXSID9046100,2063,0.0,0.0
DTXSID9046104,2063,2.2638944606957773e-19,0.0
DTXSID9046108,2063,0.0,0.0
DTXSID9046150,2063,0.0,0.0
DTXSID9046152,2063,4.864586874044271e-13,0.0
DTXSID9046158,2063,0.0,0.0
DTXSID9046233,2063,0.0,0.0
DTXSID9046235,2063,0.0,0.0
DTXSID9046281,2063,0.0,0.0
DTXSID9046283,2063,0.0,0.0
DTXSID9046285,2063,0.9999793259780742,1.0
DTXSID9046287,2063,0.0,0.0
DTXSID9046289,2063,0.0,0.0
DTXSID9046310,2063,2.418655376605831e-12,0.0
DTXSID9046318,2063,0.9999950246570605,1.0
DTXSID9046360,2063,0.0,0.0
DTXSID9046443,2063,2.5373147663760807e-14,0.0
DTXSID9046445,2063,0.967280346390085,1.0
DTXSID9046449,2063,0.0,0.0
DTXSID9046491,2063,0.0,0.0
DTXSID9046495,2063,0.0,0.0
DTXSID9046499,2063,0.0,0.0
DTXSID9046526,2063,0.0,0.0
DTXSID9046570,2063,0.0,0.0
DTXSID9046572,2063,0.0,0.0
DTXSID9046576,2063,0.9999958351043542,1.0
DTXSID9046651,2063,5.604523413453286e-10,0.0
DTXSID9046734,2063,0.0,0.0
DTXSID9046738,2063,0.0,0.0
DTXSID9046780,2063,0.0,0.0
DTXSID9046786,2063,0.0,0.0
DTXSID9046813,2063,0.9999975664722291,1.0
DTXSID9046817,2063,0.0,0.0
DTXSID9046861,2063,0.0,0.0
DTXSID9046942,2063,0.0,0.0
DTXSID9046946,2063,0.0,0.0
DTXSID9046992,2063,0.9998768173766164,1.0
DTXSID9046994,2063,0.0,0.0
DTXSID9046998,2063,0.0,0.0
DTXSID9047041,2063,0.0,0.0
DTXSID9047043,2063,0.0,0.0
DTXSID9047045,2063,0.0,0.0
DTXSID9047047,2063,0.0,0.0
DTXSID9047049,2063,0.0,0.0
DTXSID9047091,2063,0.0,0.0
DTXSID9047093,2063,0.0,0.0
DTXSID9047095,2063,0.0,0.0
DTXSID9047099,2063,5.1490980299117875e-18,0.0
DTXSID9047120,2063,0.0,0.0
DTXSID9047124,2063,0.0,0.0
DTXSID9047126,2063,0.0,0.0
DTXSID9047128,2063,0.0,0.0
DTXSID9047174,2063,0.0,0.0
DTXSID9047176,2063,0.0,0.0
DTXSID9047178,2063,0.0,0.0
DTXSID9047201,2063,0.0,0.0
DTXSID9047203,2063,1.7954281686181502e-17,0.0
DTXSID9047205,2063,0.0,0.0
DTXSID9047251,2063,0.0,0.0
DTXSID9047253,2063,0.0,0.0
DTXSID9047255,2063,0.0,0.0
DTXSID9047257,2063,2.306272219427308e-09,0.0
DTXSID9047259,2063,0.0,0.0
DTXSID9047330,2063,0.0,0.0
DTXSID9047334,2063,0.0,0.0
DTXSID9047338,2063,0.0,0.0
DTXSID9047411,2063,0.0,0.0
DTXSID9047413,2063,0.0,0.0
DTXSID9047415,2063,0.0,0.0
DTXSID9047417,2063,0.0,0.0
DTXSID9047419,2063,0.0,0.0
DTXSID9047461,2063,0.0,0.0
DTXSID9047463,2063,0.0,0.0
DTXSID9047465,2063,0.0,0.0
DTXSID9047467,2063,0.0,0.0
DTXSID9047469,2063,0.0,0.0
DTXSID9047540,2063,0.0,0.0
DTXSID9047542,2063,0.0,0.0
DTXSID9047546,2063,0.0,0.0
DTXSID9047548,2063,0.0,0.0
DTXSID9047590,2063,3.517950322121852e-19,0.0
DTXSID9047592,2063,0.9999999999999987,1.0
DTXSID9047594,2063,0.0,0.0
DTXSID9047598,2063,0.9149868677071282,1.0
DTXSID9047623,2063,0.0,0.0
DTXSID9047629,2063,0.0,0.0
DTXSID9047673,2063,0.0,0.0
DTXSID9047675,2063,0.0,0.0
DTXSID9047677,2063,0.0,0.0
DTXSID9047679,2063,0.0,0.0
DTXSID9047700,2063,0.0,0.0
DTXSID9047702,2063,0.0,0.0
DTXSID9047704,2063,0.0,0.0
DTXSID9047706,2063,0.0,0.0
DTXSID9047708,2063,0.0,0.0
DTXSID9047833,2063,0.0,0.0
DTXSID9047835,2063,0.0,0.0
DTXSID9047837,2063,0.0,0.0
DTXSID9047839,2063,8.698887170653724e-05,0.0
DTXSID9047881,2063,0.0,0.0
DTXSID9047883,2063,5.689765727995262e-05,0.0
DTXSID9047885,2063,0.9999994604290364,1.0
DTXSID9047887,2063,0.002331333629195772,0.0
DTXSID9047889,2063,0.9999978952672918,1.0
DTXSID9047910,2063,0.0,0.0
DTXSID9047912,2063,0.0,0.0
DTXSID9047914,2063,0.0,0.0
DTXSID9047916,2063,0.0,0.0
DTXSID9047918,2063,0.99999811331418,1.0
DTXSID9047960,2063,0.0,0.0
DTXSID9047962,2063,0.0014752804361197757,0.0
DTXSID9047964,2063,0.0,0.0
DTXSID9047966,2063,0.0,0.0
DTXSID9047968,2063,0.0,0.0
DTXSID9048190,2063,0.8561916310219393,0.0
DTXSID9048192,2063,0.0,0.0
DTXSID9048194,2063,0.0,0.0
DTXSID9048196,2063,0.0,0.0
DTXSID9048198,2063,0.0,0.0
DTXSID9048510,2063,0.0,0.0
DTXSID9048512,2063,0.9999999999939035,1.0
DTXSID9048514,2063,0.0,0.0
DTXSID9048516,2063,0.0,0.0
DTXSID9048518,2063,0.0,0.0
DTXSID9048647,2063,0.0,0.0
DTXSID9048649,2063,0.0,0.0
DTXSID9048691,2063,0.0,0.0
DTXSID9048693,2063,0.0,0.0
DTXSID9048695,2063,0.0,0.0
DTXSID9048722,2063,0.0,0.0
DTXSID9048728,2063,6.922785259515244e-12,0.0
DTXSID9048774,2063,0.0,0.0
DTXSID9048776,2063,6.737529586323009e-14,0.0
DTXSID9048778,2063,0.0,0.0
DTXSID9048801,2063,1.930660927509897e-14,0.0
DTXSID9048803,2063,0.0,0.0
DTXSID9048805,2063,0.0,0.0
DTXSID9048807,2063,0.0,0.0
DTXSID9048809,2063,0.0,0.0
DTXSID9048851,2063,0.0,0.0
DTXSID9048853,2063,0.0,0.0
DTXSID9048855,2063,0.0,0.0
DTXSID9048859,2063,0.0,0.0
DTXSID9048930,2063,0.0,0.0
DTXSID9048932,2063,0.0,0.0
DTXSID9048934,2063,0.0,0.0
DTXSID9048936,2063,0.0,0.0
DTXSID9048938,2063,0.0,0.0
DTXSID9048988,2063,0.0,0.0
DTXSID9049035,2063,0.0,0.0
DTXSID9049037,2063,0.0,0.0
DTXSID9049039,2063,0.0,0.0
DTXSID9049083,2063,0.0,0.0
DTXSID9049241,2063,0.0,0.0
DTXSID9049243,2063,4.678055631686397e-13,0.0
DTXSID9049245,2063,0.0,0.0
DTXSID9049247,2063,0.0,0.0
DTXSID9049249,2063,0.0,0.0
DTXSID9049291,2063,0.0,0.0
DTXSID9049293,2063,0.0,0.0
DTXSID9049295,2063,0.0,0.0
DTXSID9049297,2063,0.9999999998939703,1.0
DTXSID9049299,2063,0.9999999707695381,1.0
DTXSID9049320,2063,0.0,0.0
DTXSID9049322,2063,0.0,0.0
DTXSID9049324,2063,0.0,0.0
DTXSID9049326,2063,0.0,0.0
DTXSID9049328,2063,0.0,0.0
DTXSID9049370,2063,0.0,0.0
DTXSID9049372,2063,1.3006772594254111e-19,0.0
DTXSID9049374,2063,0.0,0.0
DTXSID9049376,2063,0.0,0.0
DTXSID9049378,2063,0.0,0.0
DTXSID9049401,2063,0.9999985109175844,1.0
DTXSID9049403,2063,0.0,0.0
DTXSID9049405,2063,0.0,0.0
DTXSID9049407,2063,0.0,0.0
DTXSID9049409,2063,0.0,0.0
DTXSID9049451,2063,0.0,0.0
DTXSID9049453,2063,0.0,0.0
DTXSID9049455,2063,0.0,0.0
DTXSID9049457,2063,0.0,0.0
DTXSID9049459,2063,0.0,0.0
DTXSID9049530,2063,0.0,0.0
DTXSID9049532,2063,0.0,0.0
DTXSID9049534,2063,0.0,0.0
DTXSID9049536,2063,0.0,0.0
DTXSID9049538,2063,0.0,0.0
DTXSID9051454,2063,0.0,0.0
DTXSID9051581,2063,0.0,0.0
DTXSID9051618,2063,0.0,0.0
DTXSID9051662,2063,0.0,0.0
DTXSID9051824,2063,0.0,0.0
DTXSID9051907,2063,0.0,0.0
DTXSID9052505,2063,0.0,0.0
DTXSID9052509,2063,0.0,0.0
DTXSID9057630,2063,0.0,0.0
DTXSID9057632,2063,0.0,0.0
DTXSID9057634,2063,0.0,0.0
DTXSID9057636,2063,0.0,0.0
DTXSID9057638,2063,1.0,1.0
DTXSID9057680,2063,0.0,0.0
DTXSID9057682,2063,0.0,0.0
DTXSID9057684,2063,0.0,0.0
DTXSID9057686,2063,0.0,0.0
DTXSID9057688,2063,0.0,0.0
DTXSID9057711,2063,0.0,0.0
DTXSID9057713,2063,0.0,0.0
DTXSID9057715,2063,0.0,0.0
DTXSID9057717,2063,0.0,0.0
DTXSID9057719,2063,0.0,0.0
DTXSID9057761,2063,0.0,0.0
DTXSID9057763,2063,0.0,0.0
DTXSID9057765,2063,0.0,0.0
DTXSID9057767,2063,0.0,0.0
DTXSID9057769,2063,0.0,0.0
DTXSID9057840,2063,0.01493654244634587,0.0
DTXSID9057842,2063,0.0,0.0
DTXSID9057844,2063,0.8482641063413758,0.0
DTXSID9057846,2063,0.0,0.0
DTXSID9057848,2063,0.0,0.0
DTXSID9057890,2063,0.0,0.0
DTXSID9057898,2063,0.0,0.0
DTXSID9058654,2063,0.9999999999999953,1.0
