dtxsid,aeid,hitc_clean,active
DTXSID0020020,2101,3.235939647775611e-07,0.0
DTXSID0020022,2101,0.0,0.0
DTXSID0020024,2101,0.0,0.0
DTXSID0020070,2101,3.863100242652954e-08,0.0
DTXSID0020072,2101,1.709200388547338e-07,0.0
DTXSID0020074,2101,0.0,0.0
DTXSID0020076,2101,0.0,0.0
DTXSID0020101,2101,0.0,0.0
DTXSID0020105,2101,0.0,0.0
DTXSID0020107,2101,0.0,0.0
DTXSID0020151,2101,2.847121284436408e-17,0.0
DTXSID0020153,2101,0.0,0.0
DTXSID0020155,2101,2.9659023716183353e-05,0.0
DTXSID0020157,2101,0.0,0.0
DTXSID0020232,2101,3.8025369794787303e-13,0.0
DTXSID0020236,2101,0.0,0.0
DTXSID0020238,2101,0.0,0.0
DTXSID0020280,2101,0.0,0.0
DTXSID0020282,2101,0.0,0.0
DTXSID0020284,2101,0.9999995881827379,1.0
DTXSID0020286,2101,0.0,0.0
DTXSID0020288,2101,0.0,0.0
DTXSID0020311,2101,0.0,0.0
DTXSID0020315,2101,0.0,0.0
DTXSID0020319,2101,1.0,1.0
DTXSID0020361,2101,0.0,0.0
DTXSID0020363,2101,1.5119033620215448e-09,0.0
DTXSID0020365,2101,0.9640908798963956,1.0
DTXSID0020367,2101,0.0,0.0
DTXSID0020369,2101,0.0,0.0
DTXSID0020440,2101,0.0,0.0
DTXSID0020442,2101,0.0,0.0
DTXSID0020444,2101,2.0157293430508942e-06,0.0
DTXSID0020446,2101,5.609875148369363e-10,0.0
DTXSID0020448,2101,0.0,0.0
DTXSID0020494,2101,0.0,0.0
DTXSID0020498,2101,1.4579267527183036e-09,0.0
DTXSID0020523,2101,0.0008112207342106323,0.0
DTXSID0020527,2101,0.0,0.0
DTXSID0020529,2101,0.0,0.0
DTXSID0020573,2101,3.333334480960463e-08,0.0
DTXSID0020575,2101,6.591750203943086e-11,0.0
DTXSID0020577,2101,0.0,0.0
DTXSID0020602,2101,0.0,0.0
DTXSID0020604,2101,1.2318161490332908e-18,0.0
DTXSID0020606,2101,7.557543137442178e-13,0.0
DTXSID0020650,2101,0.9804255553388382,1.0
DTXSID0020652,2101,5.4337752972236353e-11,0.0
DTXSID0020654,2101,0.0,0.0
DTXSID0020656,2101,0.0,0.0
DTXSID0020733,2101,0.0,0.0
DTXSID0020737,2101,0.999998236641153,1.0
DTXSID0020789,2101,0.0,0.0
DTXSID0020810,2101,0.0,0.0
DTXSID0020814,2101,3.711689316923511e-07,0.0
DTXSID0020818,2101,2.2868705704207235e-11,0.0
DTXSID0020862,2101,0.0,0.0
DTXSID0020868,2101,0.0,0.0
DTXSID0020941,2101,0.0,0.0
DTXSID0020943,2101,0.0,0.0
DTXSID0021040,2101,0.0,0.0
DTXSID0021094,2101,5.263181697700585e-10,0.0
DTXSID0021096,2101,1.6417448175980348e-10,0.0
DTXSID0021121,2101,3.505831275874425e-14,0.0
DTXSID0021123,2101,3.1615548334806216e-06,0.0
DTXSID0021125,2101,0.9986592692912865,1.0
DTXSID0021127,2101,0.9999429051510316,1.0
DTXSID0021129,2101,0.0,0.0
DTXSID0021175,2101,0.0,0.0
DTXSID0021179,2101,0.0,0.0
DTXSID0021206,2101,0.0,0.0
DTXSID0021254,2101,0.0,0.0
DTXSID0021256,2101,0.2399086791071938,0.0
DTXSID0021258,2101,0.0,0.0
DTXSID0021331,2101,0.0,0.0
DTXSID0021333,2101,0.9999999999999939,1.0
DTXSID0021335,2101,2.205862556963533e-12,0.0
DTXSID0021337,2101,0.021882571832226604,0.0
DTXSID0021339,2101,0.0,0.0
DTXSID0021381,2101,0.0,0.0
DTXSID0021383,2101,0.0,0.0
DTXSID0021385,2101,0.9999991251211693,1.0
DTXSID0021387,2101,0.0,0.0
DTXSID0021389,2101,0.0,0.0
DTXSID0021410,2101,0.0,0.0
DTXSID0021414,2101,0.0,0.0
DTXSID0021418,2101,0.0,0.0
DTXSID0021460,2101,0.9719670669416961,1.0
DTXSID0021462,2101,0.9999999988086672,1.0
DTXSID0021464,2101,0.9999999999626874,1.0
DTXSID0021543,2101,0.0,0.0
DTXSID0021545,2101,0.0,0.0
DTXSID0021547,2101,0.0,0.0
DTXSID0021597,2101,0.0,0.0
DTXSID0021599,2101,0.0,0.0
DTXSID0021620,2101,0.0,0.0
DTXSID0021626,2101,3.258276895784669e-16,0.0
DTXSID0021628,2101,0.0,0.0
DTXSID0021672,2101,0.0,0.0
DTXSID0021709,2101,0.0,0.0
DTXSID0021751,2101,0.0,0.0
DTXSID0021757,2101,0.0,0.0
DTXSID0021759,2101,0.0,0.0
DTXSID0021832,2101,0.0,0.0
DTXSID0021834,2101,0.0,0.0
DTXSID0021836,2101,0.9999998574492461,1.0
DTXSID0021886,2101,0.0,0.0
DTXSID0021888,2101,0.0,0.0
DTXSID0021915,2101,0.0,0.0
DTXSID0021917,2101,0.0,0.0
DTXSID0021961,2101,1.555458865265455e-11,0.0
DTXSID0021963,2101,1.8224680230378737e-13,0.0
DTXSID0021965,2101,0.0,0.0
DTXSID0021969,2101,0.0,0.0
DTXSID0022010,2101,0.0,0.0
DTXSID0022012,2101,0.0,0.0
DTXSID0022014,2101,0.0,0.0
DTXSID0022016,2101,0.0,0.0
DTXSID0022018,2101,0.0,0.0
DTXSID0022060,2101,0.0,0.0
DTXSID0022062,2101,0.0,0.0
DTXSID0022191,2101,0.0,0.0
DTXSID0022193,2101,3.959581056973219e-13,0.0
DTXSID0022220,2101,0.0006551436365504002,0.0
DTXSID0022301,2101,0.9998911635036575,1.0
DTXSID0022305,2101,0.0,0.0
DTXSID0022307,2101,0.0,0.0
DTXSID0022353,2101,0.9873720683479671,1.0
DTXSID0022432,2101,0.0,0.0
DTXSID0022436,2101,0.0,0.0
DTXSID0022480,2101,0.0,0.0
DTXSID0022519,2101,0.0,0.0
DTXSID0022563,2101,2.475010751886598e-07,0.0
DTXSID0022640,2101,0.0,0.0
DTXSID0022644,2101,0.0,0.0
DTXSID0022646,2101,0.0,0.0
DTXSID0022690,2101,3.4495042291373094e-07,0.0
DTXSID0022725,2101,2.446191654059677e-14,0.0
DTXSID0022777,2101,0.99999997240483,1.0
DTXSID0022800,2101,0.0,0.0
DTXSID0022808,2101,0.9993671256588463,1.0
DTXSID0022850,2101,0.0,0.0
DTXSID0022854,2101,5.65187002860345e-11,0.0
DTXSID0022858,2101,1.0686353317157433e-14,0.0
DTXSID0022933,2101,0.0005413074124934682,0.0
DTXSID0022935,2101,,
DTXSID0022981,2101,0.0,0.0
DTXSID0023030,2101,0.0,0.0
DTXSID0023036,2101,0.0,0.0
DTXSID0023038,2101,0.0,0.0
DTXSID0023113,2101,1.4164354866290236e-10,0.0
DTXSID0023163,2101,0.0,0.0
DTXSID0023169,2101,7.097432085454432e-11,0.0
DTXSID0023240,2101,6.071990828914821e-08,0.0
DTXSID0023244,2101,0.0,0.0
DTXSID0023292,2101,2.50285267595548e-09,0.0
DTXSID0023296,2101,0.9999999999999977,1.0
DTXSID0023298,2101,,
DTXSID0023323,2101,0.0,0.0
DTXSID0023329,2101,0.0,0.0
DTXSID0023371,2101,0.9999999989881624,1.0
DTXSID0023373,2101,0.9846177397083604,1.0
DTXSID0023377,2101,3.11733203968332e-06,0.0
DTXSID0023458,2101,0.0001088099475466726,0.0
DTXSID0023581,2101,0.9972784102642569,1.0
DTXSID0023587,2101,0.0,0.0
DTXSID0023612,2101,1.121491612857434e-10,0.0
DTXSID0023616,2101,0.0,0.0
DTXSID0023618,2101,0.0,0.0
DTXSID0023660,2101,1.1263192278858478e-07,0.0
DTXSID0023745,2101,0.0,0.0
DTXSID0023747,2101,1.6228929458962692e-11,0.0
DTXSID0023749,2101,0.0,0.0
DTXSID0023826,2101,0.0,0.0
DTXSID0023870,2101,0.0,0.0
DTXSID0023878,2101,0.0,0.0
DTXSID0023901,2101,0.0,0.0
DTXSID0023907,2101,3.4534558700134703e-13,0.0
DTXSID0023909,2101,4.240757724558636e-05,0.0
DTXSID0023951,2101,0.0,0.0
DTXSID0023955,2101,0.0,0.0
DTXSID0024000,2101,2.6165169743416068e-05,0.0
DTXSID0024002,2101,7.223083526682228e-07,0.0
DTXSID0024052,2101,1.345387192053197e-09,0.0
DTXSID0024183,2101,0.0,0.0
DTXSID0024185,2101,0.0,0.0
DTXSID0024216,2101,0.011399148714349916,0.0
DTXSID0024266,2101,0.0,0.0
DTXSID0024341,2101,0.0,0.0
DTXSID0024345,2101,2.189709819605559e-14,0.0
DTXSID0024395,2101,0.0,0.0
DTXSID0024397,2101,0.0,0.0
DTXSID0024399,2101,0.0,0.0
DTXSID0024470,2101,0.0,0.0
DTXSID0024474,2101,2.2217504033509367e-11,0.0
DTXSID0024478,2101,0.0,0.0
DTXSID0024501,2101,0.0,0.0
DTXSID0024503,2101,0.0,0.0
DTXSID0024505,2101,4.4755061470089075e-17,0.0
DTXSID0024507,2101,0.0,0.0
DTXSID0024509,2101,0.0,0.0
DTXSID0024553,2101,0.0,0.0
DTXSID0024555,2101,0.0,0.0
DTXSID0024559,2101,0.9993007588265976,1.0
DTXSID0024638,2101,0.0,0.0
DTXSID0024715,2101,0.0,0.0
DTXSID0024761,2101,0.0,0.0
DTXSID0024840,2101,0.015837040960389893,0.0
DTXSID0024890,2101,0.0,0.0
DTXSID0024896,2101,0.0,0.0
DTXSID0024921,2101,0.0,0.0
DTXSID0024923,2101,0.0,0.0
DTXSID0024971,2101,3.653970577004372e-12,0.0
DTXSID0024977,2101,0.0,0.0
DTXSID0024979,2101,0.0,0.0
DTXSID0025070,2101,0.0,0.0
DTXSID0025074,2101,0.0,0.0
DTXSID0025076,2101,0.9999999999999999,1.0
DTXSID0025078,2101,8.923605491495554e-09,0.0
DTXSID0025101,2101,8.33810674137925e-09,0.0
DTXSID0025234,2101,0.9997005399296472,1.0
DTXSID0025286,2101,4.353641140345457e-07,0.0
DTXSID0025315,2101,3.75057288396727e-09,0.0
DTXSID0025361,2101,7.682831651934053e-14,0.0
DTXSID0025363,2101,0.0,0.0
DTXSID0025367,2101,0.0,0.0
DTXSID0025440,2101,0.0,0.0
DTXSID0025492,2101,4.584355120877571e-18,0.0
DTXSID0025494,2101,1.0411952821859431e-11,0.0
DTXSID0025523,2101,0.0,0.0
DTXSID0025527,2101,0.9942025374772736,1.0
DTXSID0025571,2101,0.0,0.0
DTXSID0025577,2101,0.0,0.0
DTXSID0025600,2101,0.999999998157523,1.0
DTXSID0025604,2101,0.0,0.0
DTXSID0025654,2101,1.0657495077941979e-15,0.0
DTXSID0025733,2101,0.0,0.0
DTXSID0025737,2101,0.0,0.0
DTXSID0025789,2101,0.9999999916126676,1.0
DTXSID0025812,2101,0.9999999621510415,1.0
DTXSID0025814,2101,9.791625208755943e-13,0.0
DTXSID0025816,2101,0.0,0.0
DTXSID0025818,2101,0.9720037991956704,1.0
DTXSID0025862,2101,2.128723065065036e-10,0.0
DTXSID0025864,2101,0.0,0.0
DTXSID0025866,2101,0.0,0.0
DTXSID0025991,2101,0.6839364926295968,0.0
DTXSID0025997,2101,7.184717592076425e-10,0.0
DTXSID0026040,2101,0.9999977245725324,1.0
DTXSID0026098,2101,0.0,0.0
DTXSID0026125,2101,4.3884597017602417e-10,0.0
DTXSID0026171,2101,0.0,0.0
DTXSID0026175,2101,0.0,0.0
DTXSID0026202,2101,0.0,0.0
DTXSID0026204,2101,0.0,0.0
DTXSID0026208,2101,9.405525251991038e-06,0.0
DTXSID0026252,2101,0.0,0.0
DTXSID0026258,2101,0.0,0.0
DTXSID0026339,2101,0.0,0.0
DTXSID0026418,2101,0.0,0.0
DTXSID0026547,2101,6.0928606958603155e-18,0.0
DTXSID0026549,2101,0.0,0.0
DTXSID0026676,2101,7.953674446310988e-08,0.0
DTXSID0026701,2101,0.0,0.0
DTXSID0026830,2101,5.822810657086789e-15,0.0
DTXSID0026838,2101,0.0,0.0
DTXSID0026880,2101,0.0,0.0
DTXSID0026882,2101,0.0,0.0
DTXSID0026888,2101,0.0,0.0
DTXSID0026913,2101,0.0,0.0
DTXSID0026915,2101,0.0,0.0
DTXSID0026961,2101,0.0,0.0
DTXSID0026967,2101,4.7274680898995955e-07,0.0
DTXSID0027014,2101,0.0,0.0
DTXSID0027066,2101,0.0,0.0
DTXSID0027143,2101,0.0,0.0
DTXSID0027149,2101,0.0,0.0
DTXSID0027191,2101,0.0,0.0
DTXSID0027195,2101,0.0,0.0
DTXSID0027197,2101,0.0,0.0
DTXSID0027222,2101,0.0,0.0
DTXSID0027228,2101,4.816532288550914e-12,0.0
DTXSID0027270,2101,0.0,0.0
DTXSID0027301,2101,0.0,0.0
DTXSID0027309,2101,0.0,0.0
DTXSID0027432,2101,0.0,0.0
DTXSID0027436,2101,0.0,0.0
DTXSID0027438,2101,2.2378058631680595e-09,0.0
DTXSID0027486,2101,3.855160277536445e-06,0.0
DTXSID0027513,2101,0.0,0.0
DTXSID0027515,2101,0.0,0.0
DTXSID0027561,2101,0.0,0.0
DTXSID0027565,2101,0.0,0.0
DTXSID0027567,2101,3.232708331230887e-08,0.0
DTXSID0027640,2101,0.0,0.0
DTXSID0027721,2101,0.9999876117780069,1.0
DTXSID0027729,2101,,
DTXSID0027771,2101,0.9997914585917902,1.0
DTXSID0027773,2101,0.9999999999999969,1.0
DTXSID0027802,2101,2.1798062644204301e-13,0.0
DTXSID0027804,2101,0.0,0.0
DTXSID0027806,2101,0.0,0.0
DTXSID0027852,2101,0.0,0.0
DTXSID0027856,2101,1.1682341219588273e-09,0.0
DTXSID0027858,2101,0.0,0.0
DTXSID0027933,2101,0.0,0.0
DTXSID0027981,2101,0.0,0.0
DTXSID0027983,2101,0.0,0.0
DTXSID0028030,2101,0.0,0.0
DTXSID0028038,2101,0.9999999999898969,1.0
DTXSID0028323,2101,0.0,0.0
DTXSID0028618,2101,2.347949473637608e-11,0.0
DTXSID0028666,2101,4.492095733194627e-12,0.0
DTXSID0029133,2101,0.0,0.0
DTXSID0029187,2101,0.0,0.0
DTXSID0029189,2101,0.0,0.0
DTXSID0029210,2101,0.0,0.0
DTXSID0029214,2101,2.0291325300973576e-12,0.0
DTXSID0029218,2101,0.0,0.0
DTXSID0029260,2101,0.0,0.0
DTXSID0029262,2101,0.0,0.0
DTXSID0029474,2101,0.0,0.0
DTXSID0029559,2101,0.0,0.0
DTXSID0029688,2101,0.0003066221400756285,0.0
DTXSID0029761,2101,0.0,0.0
DTXSID0029848,2101,0.0,0.0
DTXSID0030162,2101,0.0,0.0
DTXSID0030588,2101,0.0,0.0
DTXSID0032029,2101,0.0,0.0
DTXSID0032077,2101,0.0,0.0
DTXSID0032314,2101,3.842207338110009e-05,0.0
DTXSID0032316,2101,8.382114505209116e-07,0.0
DTXSID0032493,2101,0.0,0.0
DTXSID0032497,2101,0.0,0.0
DTXSID0032520,2101,2.105652015244507e-09,0.0
DTXSID0032572,2101,0.00013232961021691634,0.0
DTXSID0032578,2101,0.9999986528845627,1.0
DTXSID0032601,2101,5.9911349142506516e-12,0.0
DTXSID0032605,2101,1.3870047082955778e-08,0.0
DTXSID0032651,2101,0.9421094901727854,1.0
DTXSID0032655,2101,0.0,0.0
DTXSID0032811,2101,0.0,0.0
DTXSID0032813,2101,0.0,0.0
DTXSID0032869,2101,0.0,0.0
DTXSID0032998,2101,0.0,0.0
DTXSID0033047,2101,0.0,0.0
DTXSID0033332,2101,0.0,0.0
DTXSID0033334,2101,2.7849909297015198e-11,0.0
DTXSID0033382,2101,0.9999834397859021,1.0
DTXSID0033469,2101,0.0,0.0
DTXSID0033673,2101,0.0,0.0
DTXSID0033754,2101,0.0,0.0
DTXSID0033960,2101,0.9998277048300953,1.0
DTXSID0034192,2101,7.02185187454255e-18,0.0
DTXSID0034223,2101,6.808487517466567e-05,0.0
DTXSID0034227,2101,0.0,0.0
DTXSID0034229,2101,0.0,0.0
DTXSID0034300,2101,0.0,0.0
DTXSID0034518,2101,0.0,0.0
DTXSID0034566,2101,0.9999999999999725,1.0
DTXSID0034695,2101,0.6766449449618069,0.0
DTXSID0034722,2101,0.0,0.0
DTXSID0034776,2101,3.1541954170477634e-07,0.0
DTXSID0034803,2101,0.0,0.0
DTXSID0034851,2101,0.0,0.0
DTXSID0034855,2101,5.319132254639191e-05,0.0
DTXSID0034930,2101,0.0,0.0
DTXSID0034936,2101,0.0,0.0
DTXSID0035160,2101,0.0,0.0
DTXSID0035748,2101,0.0,0.0
DTXSID0035790,2101,1.0121024662790928e-08,0.0
DTXSID0036508,2101,0.0,0.0
DTXSID0037023,2101,0.0,0.0
DTXSID0037231,2101,0.0,0.0
DTXSID0037237,2101,1.670367256509767e-08,0.0
DTXSID0037493,2101,0.0,0.0
DTXSID0037495,2101,0.0,0.0
DTXSID0037522,2101,5.043917591461551e-06,0.0
DTXSID0037570,2101,2.462702884301781e-12,0.0
DTXSID0037576,2101,5.927417440463523e-16,0.0
DTXSID0037730,2101,0.9999999999999962,1.0
DTXSID0037734,2101,0.9999999999999886,1.0
DTXSID0038700,2101,2.230513488902173e-09,0.0
DTXSID0038756,2101,0.0,0.0
DTXSID0038831,2101,0.0,0.0
DTXSID0038839,2101,0.0018389683150349802,0.0
DTXSID0038881,2101,0.9985246684781948,1.0
DTXSID0038887,2101,0.9999411855145978,1.0
DTXSID0039223,2101,0.0,0.0
DTXSID0039227,2101,0.0,0.0
DTXSID0040127,2101,0.0,0.0
DTXSID0040208,2101,0.00269769333765097,0.0
DTXSID0040464,2101,1.9261822571704423e-10,0.0
DTXSID0040672,2101,1.0093373877710261e-18,0.0
DTXSID0040674,2101,2.5159798894159836e-09,0.0
DTXSID0040676,2101,7.842945247597768e-14,0.0
DTXSID0040678,2101,0.9988682737538304,1.0
DTXSID0040701,2101,0.0,0.0
DTXSID0040703,2101,0.0,0.0
DTXSID0040705,2101,0.0,0.0
DTXSID0040707,2101,0.00012151014918484364,0.0
DTXSID0040751,2101,6.922089870828396e-15,0.0
DTXSID0040757,2101,0.0,0.0
DTXSID0041141,2101,2.599676278753621e-16,0.0
DTXSID0041197,2101,0.0,0.0
DTXSID0041220,2101,0.0,0.0
DTXSID0041224,2101,0.0,0.0
DTXSID0041270,2101,3.0485159161729793e-12,0.0
DTXSID0041274,2101,0.9999999999999997,1.0
DTXSID0041357,2101,0.09501629236467848,0.0
DTXSID0041359,2101,0.9784428674756018,1.0
DTXSID0041436,2101,0.0,0.0
DTXSID0041484,2101,0.0,0.0
DTXSID0041513,2101,0.0,0.0
DTXSID0041517,2101,0.0,0.0
DTXSID0041519,2101,0.0,0.0
DTXSID0041567,2101,0.0,0.0
DTXSID0041646,2101,0.0,0.0
DTXSID0041692,2101,0.0,0.0
DTXSID0041698,2101,0.0,0.0
DTXSID0041721,2101,0.18390940489763327,0.0
DTXSID0041850,2101,1.8910332485668213e-08,0.0
DTXSID0041852,2101,0.0,0.0
DTXSID0041981,2101,0.0,0.0
DTXSID0041983,2101,0.9999506644371818,1.0
DTXSID0041985,2101,0.33500323626822676,0.0
DTXSID0041987,2101,0.00020804082545389788,0.0
DTXSID0042038,2101,0.0,0.0
DTXSID0042080,2101,2.753791260287952e-05,0.0
DTXSID0042084,2101,0.0,0.0
DTXSID0042086,2101,7.086522976141597e-10,0.0
DTXSID0042117,2101,0.0,0.0
DTXSID0042167,2101,0.0,0.0
DTXSID0042169,2101,0.0,0.0
DTXSID0042242,2101,0.0,0.0
DTXSID0042248,2101,0.9577338333561568,1.0
DTXSID0042325,2101,0.0,0.0
DTXSID0042327,2101,0.0,0.0
DTXSID0042379,2101,0.0,0.0
DTXSID0042400,2101,0.0,0.0
DTXSID0042406,2101,0.0,0.0
DTXSID0042454,2101,0.0,0.0
DTXSID0042583,2101,0.0,0.0
DTXSID0042614,2101,0.00034335693870226854,0.0
DTXSID0043761,2101,0.9472594766962898,1.0
DTXSID0043765,2101,2.7115911549023038e-14,0.0
DTXSID0043848,2101,0.0,0.0
DTXSID0043892,2101,1.660038621084668e-05,0.0
DTXSID0043896,2101,0.0,0.0
DTXSID0044107,2101,0.0,0.0
DTXSID0044236,2101,0.7589814714454486,0.0
DTXSID0044280,2101,0.0,0.0
DTXSID0044313,2101,1.1006174566786082e-09,0.0
DTXSID0044315,2101,0.0,0.0
DTXSID0044317,2101,0.0,0.0
DTXSID0044361,2101,0.0,0.0
DTXSID0044363,2101,0.0,0.0
DTXSID0044365,2101,2.285291321789095e-13,0.0
DTXSID0044367,2101,0.9999992762026965,1.0
DTXSID0044369,2101,0.0,0.0
DTXSID0044440,2101,3.746429114669826e-05,0.0
DTXSID0044446,2101,0.0,0.0
DTXSID0044448,2101,0.0,0.0
DTXSID0044490,2101,2.0340694552395275e-07,0.0
DTXSID0044494,2101,0.0,0.0
DTXSID0044496,2101,0.0,0.0
DTXSID0044498,2101,0.0,0.0
DTXSID0044521,2101,0.0,0.0
DTXSID0044523,2101,5.308918204415189e-12,0.0
DTXSID0044525,2101,1.0,1.0
DTXSID0044527,2101,0.0,0.0
DTXSID0044571,2101,0.0,0.0
DTXSID0044573,2101,0.0,0.0
DTXSID0044575,2101,6.5584684912746146e-21,0.0
DTXSID0044577,2101,0.0,0.0
DTXSID0044600,2101,0.0,0.0
DTXSID0044604,2101,2.708716605502861e-20,0.0
DTXSID0044606,2101,0.0,0.0
DTXSID0044650,2101,0.0,0.0
DTXSID0044654,2101,3.6701457173459976e-20,0.0
DTXSID0044656,2101,0.0,0.0
DTXSID0044658,2101,5.51400671578366e-10,0.0
DTXSID0044731,2101,0.9999910970200104,1.0
DTXSID0044733,2101,0.0,0.0
DTXSID0044735,2101,0.0,0.0
DTXSID0044737,2101,2.4065036667647065e-12,0.0
DTXSID0044781,2101,0.91473998061636,1.0
DTXSID0044783,2101,2.2015039849886495e-13,0.0
DTXSID0044785,2101,0.0,0.0
DTXSID0044787,2101,0.0,0.0
DTXSID0044810,2101,0.0,0.0
DTXSID0044812,2101,0.0,0.0
DTXSID0044816,2101,0.0,0.0
DTXSID0044818,2101,6.95588921905546e-08,0.0
DTXSID0044860,2101,4.543609349130409e-16,0.0
DTXSID0044862,2101,0.0,0.0
DTXSID0044868,2101,0.0,0.0
DTXSID0044941,2101,2.7918635095418907e-18,0.0
DTXSID0044943,2101,2.402663185416437e-07,0.0
DTXSID0044945,2101,0.0,0.0
DTXSID0044947,2101,1.5438508305887506e-07,0.0
DTXSID0044949,2101,0.0,0.0
DTXSID0044993,2101,1.8053517642988603e-12,0.0
DTXSID0044995,2101,0.9973628923430744,1.0
DTXSID0044997,2101,6.301734230020194e-15,0.0
DTXSID0044999,2101,0.0,0.0
DTXSID0045090,2101,0.0,0.0
DTXSID0045125,2101,0.9994514012842676,1.0
DTXSID0045127,2101,0.0,0.0
DTXSID0045171,2101,0.0,0.0
DTXSID0045173,2101,1.3280567787126138e-05,0.0
DTXSID0045175,2101,0.0,0.0
DTXSID0045179,2101,0.0,0.0
DTXSID0045202,2101,3.9449752124935086e-15,0.0
DTXSID0045204,2101,0.9999999999689139,1.0
DTXSID0045206,2101,0.0,0.0
DTXSID0045208,2101,1.5863597096101655e-05,0.0
DTXSID0045252,2101,0.0,0.0
DTXSID0045254,2101,0.04355756032955522,0.0
DTXSID0045383,2101,0.0,0.0
DTXSID0045389,2101,0.0,0.0
DTXSID0045410,2101,0.0,0.0
DTXSID0045412,2101,3.785996717539602e-05,0.0
DTXSID0045416,2101,3.8054554062176406e-11,0.0
DTXSID0045462,2101,1.071383561533678e-15,0.0
DTXSID0045464,2101,0.3937974569482986,0.0
DTXSID0045466,2101,7.69126122910042e-14,0.0
DTXSID0045543,2101,0.0,0.0
DTXSID0045547,2101,0.0,0.0
DTXSID0045591,2101,0.0,0.0
DTXSID0045595,2101,0.0,0.0
DTXSID0045597,2101,0.0,0.0
DTXSID0045624,2101,1.8783360196507106e-12,0.0
DTXSID0045626,2101,0.0,0.0
DTXSID0045670,2101,0.0,0.0
DTXSID0045674,2101,0.0,0.0
DTXSID0045676,2101,3.3298857812988985e-07,0.0
DTXSID0045701,2101,0.0,0.0
DTXSID0045703,2101,0.0,0.0
DTXSID0045705,2101,0.0,0.0
DTXSID0045707,2101,0.0,0.0
DTXSID0045709,2101,,
DTXSID0045753,2101,0.0,0.0
DTXSID0045832,2101,0.0,0.0
DTXSID0045836,2101,0.0,0.0
DTXSID0045838,2101,2.6111761748340258e-06,0.0
DTXSID0045880,2101,3.644721269247812e-16,0.0
DTXSID0045886,2101,1.239416697883786e-07,0.0
DTXSID0045888,2101,0.0,0.0
DTXSID0045963,2101,,
DTXSID0046016,2101,1.8755831036603855e-10,0.0
DTXSID0046060,2101,,
DTXSID0046066,2101,0.0,0.0
DTXSID0046145,2101,0.0,0.0
DTXSID0046147,2101,0.0003396478874007702,0.0
DTXSID0046193,2101,8.955527856736878e-11,0.0
DTXSID0046195,2101,0.0,0.0
DTXSID0046222,2101,3.185768195536781e-09,0.0
DTXSID0046226,2101,3.813294467221057e-05,0.0
DTXSID0046270,2101,4.243446066001113e-09,0.0
DTXSID0046272,2101,0.0,0.0
DTXSID0046274,2101,0.8770440456429653,0.0
DTXSID0046276,2101,0.0,0.0
DTXSID0046305,2101,0.9982320092694297,1.0
DTXSID0046307,2101,0.9768962689219937,1.0
DTXSID0046309,2101,0.999694304627759,1.0
DTXSID0046351,2101,0.0,0.0
DTXSID0046357,2101,0.9951275574476581,1.0
DTXSID0046430,2101,0.0,0.0
DTXSID0046432,2101,0.0,0.0
DTXSID0046434,2101,,
DTXSID0046480,2101,0.0,0.0
DTXSID0046482,2101,0.0,0.0
DTXSID0046484,2101,0.0,0.0
DTXSID0046486,2101,3.2764573838654035e-13,0.0
DTXSID0046488,2101,0.0,0.0
DTXSID0046511,2101,0.0,0.0
DTXSID0046513,2101,0.0,0.0
DTXSID0046561,2101,0.0,0.0
DTXSID0046563,2101,9.17751376670274e-09,0.0
DTXSID0046565,2101,0.0,0.0
DTXSID0046567,2101,0.0,0.0
DTXSID0046569,2101,0.0,0.0
DTXSID0046640,2101,0.0,0.0
DTXSID0046644,2101,0.0,0.0
DTXSID0046648,2101,7.168498388260151e-14,0.0
DTXSID0046690,2101,0.002909452543182138,0.0
DTXSID0046692,2101,,
DTXSID0046696,2101,6.177039443924062e-06,0.0
DTXSID0046698,2101,4.743698255114304e-13,0.0
DTXSID0046721,2101,0.0,0.0
DTXSID0046725,2101,0.0,0.0
DTXSID0046727,2101,0.03488948042784807,0.0
DTXSID0046804,2101,3.90649918591568e-09,0.0
DTXSID0046850,2101,2.4859591289542203e-08,0.0
DTXSID0046989,2101,0.0,0.0
DTXSID0047030,2101,0.0,0.0
DTXSID0047032,2101,0.0,0.0
DTXSID0047034,2101,9.251902628274202e-10,0.0
DTXSID0047036,2101,0.0,0.0
DTXSID0047038,2101,0.0,0.0
DTXSID0047080,2101,2.381792818550517e-15,0.0
DTXSID0047082,2101,5.87883864066943e-07,0.0
DTXSID0047084,2101,0.0,0.0
DTXSID0047086,2101,0.0,0.0
DTXSID0047088,2101,0.0,0.0
DTXSID0047111,2101,0.9999980300659705,1.0
DTXSID0047113,2101,0.0,0.0
DTXSID0047115,2101,0.0,0.0
DTXSID0047117,2101,1.7715286383038877e-12,0.0
DTXSID0047161,2101,0.0,0.0
DTXSID0047163,2101,0.0,0.0
DTXSID0047165,2101,0.0,0.0
DTXSID0047167,2101,0.0,0.0
DTXSID0047169,2101,0.0,0.0
DTXSID0047242,2101,3.4679304974964014e-07,0.0
DTXSID0047244,2101,0.0,0.0
DTXSID0047246,2101,0.9999810098417398,1.0
DTXSID0047248,2101,0.0,0.0
DTXSID0047290,2101,1.3192596182599005e-06,0.0
DTXSID0047292,2101,0.0,0.0
DTXSID0047294,2101,0.0,0.0
DTXSID0047296,2101,0.9999999999999691,1.0
DTXSID0047325,2101,0.0,0.0
DTXSID0047327,2101,2.7635412069230277e-14,0.0
DTXSID0047371,2101,0.9999999989478062,1.0
DTXSID0047375,2101,0.0,0.0
DTXSID0047377,2101,1.0,1.0
DTXSID0047379,2101,0.9999999988460417,1.0
DTXSID0047400,2101,7.434970988738366e-06,0.0
DTXSID0047404,2101,5.585766269330612e-10,0.0
DTXSID0047406,2101,3.1879214004917307e-06,0.0
DTXSID0047408,2101,0.0,0.0
DTXSID0047450,2101,0.0,0.0
DTXSID0047454,2101,0.0,0.0
DTXSID0047456,2101,0.0,0.0
DTXSID0047533,2101,3.87563137356456e-19,0.0
DTXSID0047535,2101,0.0,0.0
DTXSID0047537,2101,8.481679077999427e-06,0.0
DTXSID0047539,2101,0.0,0.0
DTXSID0047581,2101,0.0,0.0
DTXSID0047585,2101,0.0,0.0
DTXSID0047587,2101,0.0,0.0
DTXSID0047589,2101,0.0,0.0
DTXSID0047610,2101,0.0,0.0
DTXSID0047614,2101,0.0,0.0
DTXSID0047618,2101,0.0,0.0
DTXSID0047660,2101,0.0,0.0
DTXSID0047662,2101,2.023318710557042e-08,0.0
DTXSID0047741,2101,0.0,0.0
DTXSID0047745,2101,0.0,0.0
DTXSID0047749,2101,0.0,0.0
DTXSID0047797,2101,0.9924454234354196,1.0
DTXSID0047799,2101,0.0,0.0
DTXSID0047822,2101,0.0,0.0
DTXSID0047828,2101,0.0,0.0
DTXSID0047870,2101,0.0,0.0
DTXSID0047872,2101,0.0,0.0
DTXSID0047874,2101,4.1608040138198905e-09,0.0
DTXSID0047876,2101,0.0,0.0
DTXSID0047878,2101,8.258245673098084e-09,0.0
DTXSID0047901,2101,0.0,0.0
DTXSID0047903,2101,0.0,0.0
DTXSID0047905,2101,1.099058492075475e-13,0.0
DTXSID0047907,2101,9.275373508743608e-10,0.0
DTXSID0047909,2101,0.0,0.0
DTXSID0047951,2101,5.01184597193135e-05,0.0
DTXSID0047953,2101,0.9999999999971089,1.0
DTXSID0047955,2101,4.474278624365863e-19,0.0
DTXSID0047957,2101,0.4157384703346799,0.0
DTXSID0047959,2101,0.0,0.0
DTXSID0048181,2101,0.0,0.0
DTXSID0048183,2101,0.0,0.0
DTXSID0048185,2101,0.9999809666555995,1.0
DTXSID0048187,2101,0.0,0.0
DTXSID0048189,2101,0.9999998907463697,1.0
DTXSID0048210,2101,0.0,0.0
DTXSID0048505,2101,5.722097298910517e-06,0.0
DTXSID0048507,2101,3.180365383843429e-12,0.0
DTXSID0048509,2101,0.0,0.0
DTXSID0048632,2101,0.0006793927545196927,0.0
DTXSID0048636,2101,5.023153487715477e-09,0.0
DTXSID0048638,2101,2.2425628148773715e-18,0.0
DTXSID0048680,2101,0.0,0.0
DTXSID0048684,2101,0.9857313353529621,1.0
DTXSID0048686,2101,0.0,0.0
DTXSID0048713,2101,2.814870859748703e-09,0.0
DTXSID0048717,2101,1.5884012209453433e-07,0.0
DTXSID0048840,2101,0.0,0.0
DTXSID0048842,2101,0.9991219452068819,1.0
DTXSID0048844,2101,0.0,0.0
DTXSID0048846,2101,0.9962393449791567,1.0
DTXSID0048848,2101,0.0,0.0
DTXSID0048890,2101,7.430122668080445e-09,0.0
DTXSID0048892,2101,4.480373509434335e-07,0.0
DTXSID0048894,2101,0.0,0.0
DTXSID0048896,2101,0.0,0.0
DTXSID0048898,2101,8.25188221888302e-07,0.0
DTXSID0048921,2101,5.928304376822934e-07,0.0
DTXSID0048927,2101,0.0,0.0
DTXSID0048929,2101,2.0149662624593347e-14,0.0
DTXSID0048975,2101,0.0,0.0
DTXSID0049022,2101,,
DTXSID0049076,2101,0.0,0.0
DTXSID0049078,2101,0.0,0.0
DTXSID0049230,2101,5.436918013611158e-09,0.0
DTXSID0049232,2101,8.272784716912726e-11,0.0
DTXSID0049234,2101,0.0,0.0
DTXSID0049236,2101,2.937292966909502e-07,0.0
DTXSID0049238,2101,4.9146046528923626e-08,0.0
DTXSID0049280,2101,2.1167845750268718e-07,0.0
DTXSID0049282,2101,3.666245766479961e-08,0.0
DTXSID0049284,2101,1.863995466330222e-10,0.0
DTXSID0049286,2101,0.0,0.0
DTXSID0049288,2101,1.26868590771048e-07,0.0
DTXSID0049311,2101,0.0,0.0
DTXSID0049313,2101,0.0,0.0
DTXSID0049315,2101,1.620084563805588e-08,0.0
DTXSID0049317,2101,0.5494960080829797,0.0
DTXSID0049319,2101,0.0,0.0
DTXSID0049361,2101,0.0,0.0
DTXSID0049363,2101,6.820563862152061e-19,0.0
DTXSID0049365,2101,0.0,0.0
DTXSID0049367,2101,0.0,0.0
DTXSID0049369,2101,0.0,0.0
DTXSID0049446,2101,3.182255609479718e-08,0.0
DTXSID0049448,2101,6.120896399461135e-06,0.0
DTXSID0049490,2101,0.0,0.0
DTXSID0049492,2101,0.0,0.0
DTXSID0049494,2101,0.0,0.0
DTXSID0049496,2101,1.7462873853986042e-16,0.0
DTXSID0049498,2101,0.0,0.0
DTXSID0049521,2101,0.0,0.0
DTXSID0049523,2101,0.0,0.0
DTXSID0049525,2101,2.4883838365329206e-07,0.0
DTXSID0049527,2101,0.0,0.0
DTXSID0049529,2101,1.0863836114163656e-05,0.0
DTXSID0050423,2101,0.0,0.0
DTXSID0051447,2101,0.020870640884234952,0.0
DTXSID0051493,2101,3.1371532006033384e-08,0.0
DTXSID0051497,2101,0.0,0.0
DTXSID0051499,2101,0.0,0.0
DTXSID0051570,2101,0.0,0.0
DTXSID0051574,2101,0.0,0.0
DTXSID0051732,2101,0.0,0.0
DTXSID0051736,2101,0.0,0.0
DTXSID0051738,2101,0.001885453881777016,0.0
DTXSID0051782,2101,0.0,0.0
DTXSID0051863,2101,0.0,0.0
DTXSID0051944,2101,6.508125545796538e-05,0.0
DTXSID0051996,2101,2.1591452774736274e-11,0.0
DTXSID0052043,2101,0.0,0.0
DTXSID0052124,2101,0.0,0.0
DTXSID0052463,2101,0.0,0.0
DTXSID0052542,2101,5.071715092170344e-07,0.0
DTXSID0052590,2101,1.000026068545317e-12,0.0
DTXSID0052594,2101,3.2859726405516617e-11,0.0
DTXSID0052596,2101,1.1940563633713042e-05,0.0
DTXSID0052598,2101,0.0,0.0
DTXSID0052621,2101,0.0,0.0
DTXSID0052629,2101,3.335094719569424e-11,0.0
DTXSID0052833,2101,1.3402269901806073e-09,0.0
DTXSID0052837,2101,0.0,0.0
DTXSID0052839,2101,0.0,0.0
DTXSID0057621,2101,0.0,0.0
DTXSID0057623,2101,0.0,0.0
DTXSID0057625,2101,0.9987285261584488,1.0
DTXSID0057627,2101,0.9890756947811491,1.0
DTXSID0057629,2101,0.0,0.0
DTXSID0057671,2101,0.9971689506881787,1.0
DTXSID0057673,2101,9.275866634996665e-09,0.0
DTXSID0057677,2101,0.0,0.0
DTXSID0057679,2101,0.0,0.0
DTXSID0057700,2101,0.0,0.0
DTXSID0057702,2101,0.0011373452101676043,0.0
DTXSID0057704,2101,0.0,0.0
DTXSID0057706,2101,0.0,0.0
DTXSID0057708,2101,0.0,0.0
DTXSID0057750,2101,4.44290101439548e-11,0.0
DTXSID0057752,2101,5.064041294479425e-12,0.0
DTXSID0057754,2101,0.0,0.0
DTXSID0057756,2101,0.0,0.0
DTXSID0057758,2101,5.152349540629825e-06,0.0
DTXSID0057831,2101,0.0,0.0
DTXSID0057833,2101,,
DTXSID0057835,2101,0.0,0.0
DTXSID0057837,2101,0.0,0.0
DTXSID0057839,2101,1.7484846846986228e-19,0.0
DTXSID1020015,2101,1.3093236348888758e-11,0.0
DTXSID1020063,2101,0.0,0.0
DTXSID1020069,2101,0.9989916084263617,1.0
DTXSID1020140,2101,0.0,0.0
DTXSID1020142,2101,0.0,0.0
DTXSID1020144,2101,6.793203341249253e-08,0.0
DTXSID1020146,2101,0.0,0.0
DTXSID1020148,2101,0.0,0.0
DTXSID1020190,2101,0.0,0.0
DTXSID1020194,2101,0.0,0.0
DTXSID1020198,2101,0.0,0.0
DTXSID1020221,2101,1.562031438179852e-05,0.0
DTXSID1020223,2101,0.0,0.0
DTXSID1020275,2101,2.3622363319311453e-19,0.0
DTXSID1020279,2101,8.161656169605743e-17,0.0
DTXSID1020300,2101,0.0,0.0
DTXSID1020306,2101,1.656648831644638e-08,0.0
DTXSID1020308,2101,0.0,0.0
DTXSID1020350,2101,0.0,0.0
DTXSID1020352,2101,0.0,0.0
DTXSID1020354,2101,0.0,0.0
DTXSID1020358,2101,0.0,0.0
DTXSID1020431,2101,7.75492904877629e-15,0.0
DTXSID1020433,2101,0.9999999901565115,1.0
DTXSID1020437,2101,0.0,0.0
DTXSID1020439,2101,1.0666679215879725e-10,0.0
DTXSID1020483,2101,0.0,0.0
DTXSID1020485,2101,0.9997178382742806,1.0
DTXSID1020510,2101,0.9958886638717831,1.0
DTXSID1020512,2101,0.0,0.0
DTXSID1020516,2101,0.0,0.0
DTXSID1020560,2101,0.999998004050282,1.0
DTXSID1020562,2101,0.0,0.0
DTXSID1020566,2101,0.0,0.0
DTXSID1020647,2101,0.0,0.0
DTXSID1020697,2101,0.9999999853726262,1.0
DTXSID1020699,2101,0.9997667860255319,1.0
DTXSID1020728,2101,0.0,0.0
DTXSID1020770,2101,0.9999999489323813,1.0
DTXSID1020778,2101,3.525436043783889e-11,0.0
DTXSID1020803,2101,6.665313736280338e-05,0.0
DTXSID1020805,2101,1.8854043708526339e-07,0.0
DTXSID1020807,2101,0.0,0.0
DTXSID1020809,2101,0.0,0.0
DTXSID1020855,2101,0.0,0.0
DTXSID1020857,2101,,
DTXSID1020859,2101,0.0,0.0
DTXSID1020930,2101,0.0,0.0
DTXSID1020932,2101,0.0,0.0
DTXSID1020980,2101,4.084219849354558e-13,0.0
DTXSID1020982,2101,2.4598398333169843e-11,0.0
DTXSID1020984,2101,6.331540179538424e-07,0.0
DTXSID1021031,2101,0.9999998940811416,1.0
DTXSID1021039,2101,1.378118097126963e-12,0.0
DTXSID1021081,2101,1.021430601571649e-18,0.0
DTXSID1021087,2101,0.0,0.0
DTXSID1021089,2101,0.013300948127496276,0.0
DTXSID1021114,2101,0.999999999601361,1.0
DTXSID1021116,2101,0.0,0.0
DTXSID1021118,2101,0.9981479394852325,1.0
DTXSID1021160,2101,4.901534953964537e-15,0.0
DTXSID1021162,2101,0.0,0.0
DTXSID1021164,2101,0.0,0.0
DTXSID1021166,2101,4.2330615049944176e-07,0.0
DTXSID1021168,2101,0.0,0.0
DTXSID1021241,2101,0.0,0.0
DTXSID1021243,2101,0.9999999999996959,1.0
DTXSID1021247,2101,0.9999998949867045,1.0
DTXSID1021291,2101,0.0,0.0
DTXSID1021299,2101,0.9999037159548947,1.0
DTXSID1021320,2101,1.9006840884219664e-10,0.0
DTXSID1021322,2101,0.9998857121675669,1.0
DTXSID1021328,2101,0.0,0.0
DTXSID1021372,2101,0.9998925426584475,1.0
DTXSID1021374,2101,0.0,0.0
DTXSID1021378,2101,0.0,0.0
DTXSID1021403,2101,1.8961906731848898e-06,0.0
DTXSID1021405,2101,1.185650803438867e-05,0.0
DTXSID1021409,2101,1.0,1.0
DTXSID1021455,2101,0.007758218913892856,0.0
DTXSID1021530,2101,0.0,0.0
DTXSID1021584,2101,0.0,0.0
DTXSID1021586,2101,0.0,0.0
DTXSID1021615,2101,0.0,0.0
DTXSID1021617,2101,0.0,0.0
DTXSID1021619,2101,0.0,0.0
DTXSID1021665,2101,0.0,0.0
DTXSID1021667,2101,0.999999996608978,1.0
DTXSID1021740,2101,0.0,0.0
DTXSID1021744,2101,0.0,0.0
DTXSID1021790,2101,0.0,0.0
DTXSID1021792,2101,6.330472549798729e-13,0.0
DTXSID1021798,2101,0.0,0.0
DTXSID1021821,2101,0.0,0.0
DTXSID1021823,2101,1.7404724230069155e-06,0.0
DTXSID1021827,2101,2.501022938794616e-11,0.0
DTXSID1021871,2101,4.660930793226613e-17,0.0
DTXSID1021873,2101,0.0,0.0
DTXSID1021877,2101,0.0,0.0
DTXSID1021879,2101,0.0,0.0
DTXSID1021902,2101,0.0,0.0
DTXSID1021904,2101,0.0,0.0
DTXSID1021952,2101,2.7063233085379216e-05,0.0
DTXSID1021956,2101,0.0,0.0
DTXSID1021958,2101,0.0,0.0
DTXSID1022001,2101,4.728669674541953e-08,0.0
DTXSID1022003,2101,0.0,0.0
DTXSID1022007,2101,0.0,0.0
DTXSID1022009,2101,0.0,0.0
DTXSID1022051,2101,3.3799679013203685e-09,0.0
DTXSID1022053,2101,0.026188237890776945,0.0
DTXSID1022055,2101,0.0,0.0
DTXSID1022057,2101,0.0,0.0
DTXSID1022130,2101,0.0,0.0
DTXSID1022138,2101,1.361130346493213e-13,0.0
DTXSID1022180,2101,0.0,0.0
DTXSID1022186,2101,1.280099459528271e-14,0.0
DTXSID1022188,2101,0.0,0.0
DTXSID1022217,2101,0.0,0.0
DTXSID1022265,2101,0.0013522170524838317,0.0
DTXSID1022267,2101,0.0,0.0
DTXSID1022394,2101,0.9943426178000778,1.0
DTXSID1022396,2101,0.7352997470149278,0.0
DTXSID1022421,2101,0.0,0.0
DTXSID1022425,2101,0.0,0.0
DTXSID1022479,2101,3.511871954059457e-08,0.0
DTXSID1022508,2101,0.9999999847930546,1.0
DTXSID1022556,2101,0.0,0.0
DTXSID1022558,2101,0.0,0.0
DTXSID1022635,2101,0.0,0.0
DTXSID1022681,2101,2.797653104192116e-15,0.0
DTXSID1022683,2101,0.9999999048052042,1.0
DTXSID1022718,2101,0.0,0.0
DTXSID1022764,2101,0.0,0.0
DTXSID1022843,2101,0.9999491357709932,1.0
DTXSID1022897,2101,0.0,0.0
DTXSID1022926,2101,0.03933595278424006,0.0
DTXSID1022974,2101,2.9972490651034345e-05,0.0
DTXSID1022978,2101,1.2438014476176254e-07,0.0
DTXSID1023021,2101,1.6673659449564355e-06,0.0
DTXSID1023071,2101,1.1268879171974437e-09,0.0
DTXSID1023102,2101,0.0,0.0
DTXSID1023150,2101,1.843086067757053e-08,0.0
DTXSID1023158,2101,0.0,0.0
DTXSID1023231,2101,0.8588243036654856,0.0
DTXSID1023235,2101,3.854765699791844e-09,0.0
DTXSID1023239,2101,0.0,0.0
DTXSID1023283,2101,0.0,0.0
DTXSID1023314,2101,0.0,0.0
DTXSID1023362,2101,0.0,0.0
DTXSID1023364,2101,0.0,0.0
DTXSID1023368,2101,0.0,0.0
DTXSID1023441,2101,0.9999856828251732,1.0
DTXSID1023495,2101,0.0,0.0
DTXSID1023497,2101,0.0,0.0
DTXSID1023572,2101,0.0,0.0
DTXSID1023603,2101,0.0,0.0
DTXSID1023605,2101,0.0,0.0
DTXSID1023607,2101,,
DTXSID1023609,2101,0.0,0.0
DTXSID1023730,2101,0.0,0.0
DTXSID1023736,2101,0.0,0.0
DTXSID1023786,2101,0.0,0.0
DTXSID1023815,2101,0.0,0.0
DTXSID1023817,2101,0.9999996387935252,1.0
DTXSID1023819,2101,1.943169097322147e-10,0.0
DTXSID1023869,2101,1.1191174616472836e-16,0.0
DTXSID1023990,2101,0.0,0.0
DTXSID1023996,2101,1.1102113772614112e-08,0.0
DTXSID1023998,2101,0.9924440629784443,1.0
DTXSID1024045,2101,0.0,0.0
DTXSID1024049,2101,2.1728490059972295e-07,0.0
DTXSID1024091,2101,0.0,0.0
DTXSID1024097,2101,0.0,0.0
DTXSID1024124,2101,0.0,0.0
DTXSID1024126,2101,0.9999252344765704,1.0
DTXSID1024128,2101,7.250305944740672e-14,0.0
DTXSID1024170,2101,0.0,0.0
DTXSID1024174,2101,0.0,0.0
DTXSID1024176,2101,0.0,0.0
DTXSID1024209,2101,0.0033284486771702347,0.0
DTXSID1024255,2101,1.340984507185196e-09,0.0
DTXSID1024259,2101,0.9974382364293539,1.0
DTXSID1024334,2101,0.0,0.0
DTXSID1024338,2101,0.0,0.0
DTXSID1024413,2101,,
DTXSID1024463,2101,0.0,0.0
DTXSID1024465,2101,4.4226180545376804e-13,0.0
DTXSID1024467,2101,0.0,0.0
DTXSID1024598,2101,3.6292326388512866e-16,0.0
DTXSID1024621,2101,5.166339791783434e-07,0.0
DTXSID1024625,2101,0.0,0.0
DTXSID1024629,2101,0.000499364071386144,0.0
DTXSID1024702,2101,3.924302171263629e-11,0.0
DTXSID1024704,2101,0.0,0.0
DTXSID1024831,2101,0.0,0.0
DTXSID1024835,2101,0.0,0.0
DTXSID1024837,2101,0.0,0.0
DTXSID1024881,2101,0.0,0.0
DTXSID1024885,2101,7.501314879583862e-12,0.0
DTXSID1024887,2101,4.4269134697438154e-12,0.0
DTXSID1024912,2101,0.0,0.0
DTXSID1024916,2101,0.0,0.0
DTXSID1024918,2101,1.8750818104994146e-14,0.0
DTXSID1024966,2101,0.0,0.0
DTXSID1025013,2101,6.959195365055362e-16,0.0
DTXSID1025017,2101,0.0,0.0
DTXSID1025063,2101,0.0,0.0
DTXSID1025065,2101,0.9999999999999999,1.0
DTXSID1025148,2101,1.97347825543796e-14,0.0
DTXSID1025221,2101,0.0,0.0
DTXSID1025271,2101,0.0,0.0
DTXSID1025279,2101,5.588185675682991e-08,0.0
DTXSID1025300,2101,2.0814623600285104e-12,0.0
DTXSID1025302,2101,0.0,0.0
DTXSID1025304,2101,6.855687245124612e-13,0.0
DTXSID1025306,2101,0.0,0.0
DTXSID1025308,2101,0.0,0.0
DTXSID1025431,2101,1.1484161326843564e-09,0.0
DTXSID1025433,2101,6.022371329452217e-10,0.0
DTXSID1025437,2101,0.0,0.0
DTXSID1025481,2101,0.0,0.0
DTXSID1025483,2101,0.0,0.0
DTXSID1025485,2101,0.9999999972371929,1.0
DTXSID1025512,2101,0.9999972624061666,1.0
DTXSID1025560,2101,1.133162289690193e-12,0.0
DTXSID1025641,2101,0.0,0.0
DTXSID1025649,2101,0.0,0.0
DTXSID1025693,2101,0.0,0.0
DTXSID1025722,2101,0.0,0.0
DTXSID1025724,2101,,
DTXSID1025726,2101,7.640000949267044e-09,0.0
DTXSID1025770,2101,1.0247195112143031e-08,0.0
DTXSID1025774,2101,0.0,0.0
DTXSID1025776,2101,0.0,0.0
DTXSID1025805,2101,0.9999999999999708,1.0
DTXSID1025807,2101,0.0,0.0
DTXSID1025809,2101,0.9921280715582648,1.0
DTXSID1025851,2101,0.0,0.0
DTXSID1025857,2101,0.9327222481481119,1.0
DTXSID1025930,2101,2.0366343819904588e-08,0.0
DTXSID1025934,2101,0.0,0.0
DTXSID1026031,2101,0.0,0.0
DTXSID1026033,2101,0.0,0.0
DTXSID1026035,2101,2.7114456647284168e-18,0.0
DTXSID1026081,2101,0.0,0.0
DTXSID1026083,2101,0.0,0.0
DTXSID1026089,2101,4.1439051517877067e-19,0.0
DTXSID1026112,2101,0.0,0.0
DTXSID1026118,2101,7.933191710088126e-15,0.0
DTXSID1026164,2101,0.0,0.0
DTXSID1026241,2101,0.0,0.0
DTXSID1026293,2101,4.287373566176884e-09,0.0
DTXSID1026457,2101,0.0,0.0
DTXSID1026536,2101,0.0,0.0
DTXSID1026615,2101,1.0422183947228027e-13,0.0
DTXSID1026619,2101,0.0,0.0
DTXSID1026661,2101,0.0,0.0
DTXSID1026665,2101,0.0,0.0
DTXSID1026667,2101,0.0,0.0
DTXSID1026740,2101,0.0,0.0
DTXSID1026792,2101,0.0,0.0
DTXSID1026796,2101,0.0,0.0
DTXSID1026879,2101,1.410399661619429e-14,0.0
DTXSID1026900,2101,8.91537988407469e-12,0.0
DTXSID1026902,2101,0.9984108890677986,1.0
DTXSID1026904,2101,0.0,0.0
DTXSID1026906,2101,8.533876813942503e-18,0.0
DTXSID1026908,2101,0.0,0.0
DTXSID1026954,2101,0.0,0.0
DTXSID1027007,2101,0.0,0.0
DTXSID1027134,2101,0.9996801308801759,1.0
DTXSID1027184,2101,4.2973306836212125e-09,0.0
DTXSID1027186,2101,0.0,0.0
DTXSID1027188,2101,0.0,0.0
DTXSID1027211,2101,2.34042827042879e-15,0.0
DTXSID1027219,2101,2.8369901542647615e-09,0.0
DTXSID1027263,2101,0.01002590116119604,0.0
DTXSID1027265,2101,0.0,0.0
DTXSID1027267,2101,0.0,0.0
DTXSID1027269,2101,0.0,0.0
DTXSID1027342,2101,1.6796216960589088e-14,0.0
DTXSID1027344,2101,1.2845698942231232e-07,0.0
DTXSID1027346,2101,0.0,0.0
DTXSID1027390,2101,0.0,0.0
DTXSID1027394,2101,0.0,0.0
DTXSID1027425,2101,5.720387044093421e-19,0.0
DTXSID1027427,2101,5.945566965587948e-22,0.0
DTXSID1027429,2101,4.318144634852857e-06,0.0
DTXSID1027471,2101,0.0,0.0
DTXSID1027479,2101,2.7963408359403658e-08,0.0
DTXSID1027500,2101,0.0,0.0
DTXSID1027502,2101,1.7785332136783346e-11,0.0
DTXSID1027504,2101,0.0,0.0
DTXSID1027506,2101,2.827441454025318e-10,0.0
DTXSID1027550,2101,0.0,0.0
DTXSID1027556,2101,5.047723466590413e-11,0.0
DTXSID1027558,2101,0.0,0.0
DTXSID1027633,2101,0.0,0.0
DTXSID1027635,2101,0.0,0.0
DTXSID1027639,2101,0.0,0.0
DTXSID1027714,2101,0.4304099381034743,0.0
DTXSID1027716,2101,0.0,0.0
DTXSID1027764,2101,1.999803254606628e-14,0.0
DTXSID1027768,2101,2.0374607435810656e-10,0.0
DTXSID1027841,2101,4.966247393741153e-12,0.0
DTXSID1027891,2101,8.903472414847934e-05,0.0
DTXSID1027899,2101,0.0,0.0
DTXSID1027920,2101,0.0,0.0
DTXSID1027924,2101,0.0,0.0
DTXSID1027926,2101,0.9999999998806787,1.0
DTXSID1027928,2101,0.0,0.0
DTXSID1027970,2101,0.0,0.0
DTXSID1027974,2101,0.0,0.0
DTXSID1027978,2101,4.2890830358189463e-08,0.0
DTXSID1029120,2101,1.2258995988328079e-08,0.0
DTXSID1029122,2101,0.0,0.0
DTXSID1029124,2101,4.7334278570549006e-12,0.0
DTXSID1029128,2101,0.0,0.0
DTXSID1029170,2101,0.0,0.0
DTXSID1029201,2101,0.0,0.0
DTXSID1029203,2101,0.0,0.0
DTXSID1029207,2101,0.0,0.0
DTXSID1029251,2101,4.5826088465082264e-08,0.0
DTXSID1029255,2101,0.0,0.0
DTXSID1029338,2101,0.0,0.0
DTXSID1029629,2101,0.0,0.0
DTXSID1029671,2101,0.0,0.0
DTXSID1029677,2101,0.0,0.0
DTXSID1029679,2101,0.0,0.0
DTXSID1029889,2101,0.9999357120904632,1.0
DTXSID1029910,2101,0.0,0.0
DTXSID1030317,2101,0.0,0.0
DTXSID1030319,2101,6.018999934913124e-10,0.0
DTXSID1030604,2101,0.0,0.0
DTXSID1030606,2101,0.0,0.0
DTXSID1031460,2101,0.0,0.0
DTXSID1031462,2101,5.652900732502802e-15,0.0
DTXSID1031591,2101,0.0,0.0
DTXSID1031626,2101,4.624766054412052e-18,0.0
DTXSID1032278,2101,0.003875693726736432,0.0
DTXSID1032303,2101,4.888767108103974e-11,0.0
DTXSID1032305,2101,2.60910728330631e-14,0.0
DTXSID1032309,2101,0.0,0.0
DTXSID1032355,2101,0.0,0.0
DTXSID1032359,2101,0.9980790396371713,1.0
DTXSID1032482,2101,8.19097023126992e-09,0.0
DTXSID1032484,2101,0.9877288229336507,1.0
DTXSID1032488,2101,2.4370754071848962e-08,0.0
DTXSID1032511,2101,0.0,0.0
DTXSID1032513,2101,0.0,0.0
DTXSID1032519,2101,3.3781568687797433e-07,0.0
DTXSID1032569,2101,0.0,0.0
DTXSID1032640,2101,2.3077141576056673e-07,0.0
DTXSID1032642,2101,0.0,0.0
DTXSID1032646,2101,0.0,0.0
DTXSID1032648,2101,0.9927351206690995,1.0
DTXSID1032690,2101,0.9999138284000152,1.0
DTXSID1033161,2101,0.0,0.0
DTXSID1033163,2101,3.16183342163546e-16,0.0
DTXSID1033371,2101,0.0,0.0
DTXSID1033402,2101,0.0,0.0
DTXSID1033539,2101,0.06944907876366065,0.0
DTXSID1033664,2101,6.709896482507411e-18,0.0
DTXSID1033876,2101,0.0,0.0
DTXSID1034181,2101,0.9985673261688262,1.0
DTXSID1034187,2101,0.9999999846537464,1.0
DTXSID1034210,2101,0.9999999862090424,1.0
DTXSID1034212,2101,1.2482032219527133e-08,0.0
DTXSID1034260,2101,9.022830632405197e-08,0.0
DTXSID1034501,2101,0.0016146153552275186,0.0
DTXSID1034503,2101,0.999514907895201,1.0
DTXSID1034634,2101,0.0036874436673554312,0.0
DTXSID1034769,2101,4.575761822744194e-06,0.0
DTXSID1034844,2101,9.024037230280653e-06,0.0
DTXSID1034929,2101,0.0,0.0
DTXSID1034973,2101,0.0,0.0
DTXSID1035286,2101,0.0,0.0
DTXSID1035288,2101,5.719468220154213e-06,0.0
DTXSID1035783,2101,0.0,0.0
DTXSID1036541,2101,0.0,0.0
DTXSID1036545,2101,0.008911428215427222,0.0
DTXSID1037197,2101,0.0,0.0
DTXSID1037224,2101,0.04025648174669124,0.0
DTXSID1037272,2101,0.0,0.0
DTXSID1037303,2101,0.0,0.0
DTXSID1037511,2101,2.081056336274403e-10,0.0
DTXSID1037515,2101,0.016492325196264188,0.0
DTXSID1037565,2101,3.289757361273936e-06,0.0
DTXSID1037567,2101,1.1779088989551934e-07,0.0
DTXSID1037696,2101,0.0,0.0
DTXSID1037806,2101,0.0,0.0
DTXSID1038298,2101,0.9999997731508045,1.0
DTXSID1038321,2101,0.0,0.0
DTXSID1038666,2101,3.395457017461371e-07,0.0
DTXSID1038743,2101,0.0,0.0
DTXSID1038795,2101,0.0,0.0
DTXSID1038822,2101,1.2515570763169626e-08,0.0
DTXSID1038824,2101,0.0,0.0
DTXSID1038876,2101,0.08091281499218421,0.0
DTXSID1039719,2101,0.0,0.0
DTXSID1040110,2101,0.0,0.0
DTXSID1040112,2101,7.141869004090614e-09,0.0
DTXSID1040114,2101,0.0,0.0
DTXSID1040164,2101,2.1212417829586364e-11,0.0
DTXSID1040243,2101,0.9953862442485326,1.0
DTXSID1040245,2101,0.0,0.0
DTXSID1040295,2101,0.0,0.0
DTXSID1040320,2101,0.948933468678091,1.0
DTXSID1040324,2101,0.0,0.0
DTXSID1040326,2101,0.0,0.0
DTXSID1040372,2101,0.31097826580087035,0.0
DTXSID1040611,2101,4.35320032515696e-14,0.0
DTXSID1040619,2101,0.9985453573020984,1.0
DTXSID1040661,2101,0.0,0.0
DTXSID1040740,2101,0.0,0.0
DTXSID1040742,2101,0.0,0.0
DTXSID1040792,2101,0.0,0.0
DTXSID1040794,2101,0.00016611910824919943,0.0
DTXSID1041132,2101,6.72526222352874e-05,0.0
DTXSID1041180,2101,0.0,0.0
DTXSID1041184,2101,0.0,0.0
DTXSID1041188,2101,0.9946375116052859,1.0
DTXSID1041217,2101,0.0,0.0
DTXSID1041261,2101,9.595408535783189e-08,0.0
DTXSID1041263,2101,0.0,0.0
DTXSID1041265,2101,0.0,0.0
DTXSID1041267,2101,1.1020471935036724e-12,0.0
DTXSID1041269,2101,3.639038430773256e-07,0.0
DTXSID1041346,2101,0.0,0.0
DTXSID1041396,2101,0.0,0.0
DTXSID1041421,2101,0.6032383086691139,0.0
DTXSID1041423,2101,0.0,0.0
DTXSID1041425,2101,0.0,0.0
DTXSID1041502,2101,0.9999999948659531,1.0
DTXSID1041506,2101,0.035616840942970726,0.0
DTXSID1041508,2101,0.0,0.0
DTXSID1041550,2101,0.0,0.0
DTXSID1041639,2101,0.0,0.0
DTXSID1041681,2101,0.8868160532861467,0.0
DTXSID1041683,2101,1.241799158504643e-12,0.0
DTXSID1041847,2101,0.0,0.0
DTXSID1041891,2101,2.5213309059077785e-13,0.0
DTXSID1041897,2101,0.9999999999999981,1.0
DTXSID1041920,2101,0.0,0.0
DTXSID1041970,2101,0.0,0.0
DTXSID1041978,2101,0.020630361862785957,0.0
DTXSID1042077,2101,0.0,0.0
DTXSID1042154,2101,0.9999929982807328,1.0
DTXSID1042281,2101,0.0,0.0
DTXSID1042285,2101,0.0,0.0
DTXSID1042360,2101,1.6600312537246284e-10,0.0
DTXSID1042364,2101,0.0,0.0
DTXSID1042441,2101,0.0,0.0
DTXSID1042443,2101,3.2525741893963524e-11,0.0
DTXSID1042445,2101,0.0,0.0
DTXSID1042491,2101,0.0,0.0
DTXSID1042499,2101,1.0,1.0
DTXSID1042570,2101,0.9999921703865849,1.0
DTXSID1042574,2101,0.0,0.0
DTXSID1043839,2101,0.0,0.0
DTXSID1043881,2101,1.922940084076705e-11,0.0
DTXSID1043910,2101,0.0,0.0
DTXSID1044196,2101,2.863650343883977e-10,0.0
DTXSID1044198,2101,0.0,0.0
DTXSID1044221,2101,0.0,0.0
DTXSID1044223,2101,0.1782701575690247,0.0
DTXSID1044227,2101,0.0,0.0
DTXSID1044352,2101,0.0,0.0
DTXSID1044354,2101,0.0,0.0
DTXSID1044356,2101,4.038747943331019e-11,0.0
DTXSID1044431,2101,0.0,0.0
DTXSID1044433,2101,0.0,0.0
DTXSID1044435,2101,0.0,0.0
DTXSID1044437,2101,0.0,0.0
DTXSID1044439,2101,0.0,0.0
DTXSID1044481,2101,0.9670642406173728,1.0
DTXSID1044485,2101,0.0,0.0
DTXSID1044487,2101,0.9999999999838345,1.0
DTXSID1044489,2101,1.688235346759369e-05,0.0
DTXSID1044514,2101,0.9699516923472784,1.0
DTXSID1044518,2101,0.0037740052308767114,0.0
DTXSID1044560,2101,0.9999995343567069,1.0
DTXSID1044564,2101,0.0,0.0
DTXSID1044568,2101,0.0,0.0
DTXSID1044643,2101,0.0,0.0
DTXSID1044645,2101,0.0,0.0
DTXSID1044647,2101,8.452281434672005e-09,0.0
DTXSID1044691,2101,0.0011845063846268012,0.0
DTXSID1044693,2101,2.807675460859606e-09,0.0
DTXSID1044697,2101,0.0,0.0
DTXSID1044720,2101,0.0,0.0
DTXSID1044722,2101,2.0714555039804137e-12,0.0
DTXSID1044724,2101,6.977928349384633e-13,0.0
DTXSID1044728,2101,0.0,0.0
DTXSID1044770,2101,0.0,0.0
DTXSID1044772,2101,0.0,0.0
DTXSID1044774,2101,1.9472797422793046e-10,0.0
DTXSID1044776,2101,0.8973349803687849,0.0
DTXSID1044801,2101,0.0,0.0
DTXSID1044805,2101,0.0,0.0
DTXSID1044807,2101,8.403933047907706e-10,0.0
DTXSID1044809,2101,0.0,0.0
DTXSID1044851,2101,0.9999970701903282,1.0
DTXSID1044853,2101,0.0,0.0
DTXSID1044857,2101,0.0,0.0
DTXSID1044859,2101,1.8682858944371263e-10,0.0
DTXSID1044930,2101,0.0,0.0
DTXSID1044932,2101,0.0,0.0
DTXSID1044934,2101,0.0,0.0
DTXSID1044936,2101,0.9999999999999996,1.0
DTXSID1044938,2101,0.0,0.0
DTXSID1044980,2101,0.0,0.0
DTXSID1044982,2101,0.0,0.0
DTXSID1044986,2101,0.0,0.0
DTXSID1045081,2101,0.0,0.0
DTXSID1045083,2101,0.0,0.0
DTXSID1045085,2101,0.9847681467127548,1.0
DTXSID1045089,2101,0.0,0.0
DTXSID1045116,2101,0.007463334310425271,0.0
DTXSID1045118,2101,1.8708233807724373e-17,0.0
DTXSID1045162,2101,0.0,0.0
DTXSID1045164,2101,0.0,0.0
DTXSID1045166,2101,0.0,0.0
DTXSID1045245,2101,0.0,0.0
DTXSID1045291,2101,0.10535205878724918,0.0
DTXSID1045293,2101,0.0,0.0
DTXSID1045297,2101,0.999999999959498,1.0
DTXSID1045320,2101,0.0,0.0
DTXSID1045324,2101,2.276788154575336e-06,0.0
DTXSID1045326,2101,0.9999999999975357,1.0
DTXSID1045328,2101,0.0,0.0
DTXSID1045370,2101,0.0,0.0
DTXSID1045372,2101,1.1266659674271419e-05,0.0
DTXSID1045376,2101,5.301520982467954e-10,0.0
DTXSID1045405,2101,0.0,0.0
DTXSID1045407,2101,0.0,0.0
DTXSID1045409,2101,1.0823261824433668e-06,0.0
DTXSID1045459,2101,0.0,0.0
DTXSID1045530,2101,0.0,0.0
DTXSID1045534,2101,0.0,0.0
DTXSID1045536,2101,,
DTXSID1045538,2101,0.0,0.0
DTXSID1045580,2101,0.0,0.0
DTXSID1045584,2101,0.0,0.0
DTXSID1045588,2101,0.0,0.0
DTXSID1045611,2101,9.009895517230409e-08,0.0
DTXSID1045615,2101,0.0,0.0
DTXSID1045619,2101,0.0,0.0
DTXSID1045661,2101,5.727925320110407e-10,0.0
DTXSID1045663,2101,2.2787176117004078e-07,0.0
DTXSID1045669,2101,1.7645253908843603e-12,0.0
DTXSID1045742,2101,6.804042357801379e-12,0.0
DTXSID1045744,2101,0.9977788814068045,1.0
DTXSID1045746,2101,6.697516492194977e-05,0.0
DTXSID1045748,2101,0.0,0.0
DTXSID1045790,2101,0.0,0.0
DTXSID1045792,2101,0.11864785082034533,0.0
DTXSID1045794,2101,0.0,0.0
DTXSID1045798,2101,5.505786168311737e-08,0.0
DTXSID1045825,2101,5.219546324782117e-09,0.0
DTXSID1045871,2101,0.0,0.0
DTXSID1045879,2101,0.0,0.0
DTXSID1045906,2101,0.0,0.0
DTXSID1045952,2101,0.0,0.0
DTXSID1045958,2101,0.0,0.0
DTXSID1046003,2101,0.0,0.0
DTXSID1046007,2101,1.4073393060898504e-16,0.0
DTXSID1046051,2101,0.0,0.0
DTXSID1046130,2101,0.0,0.0
DTXSID1046132,2101,0.0,0.0
DTXSID1046134,2101,0.0,0.0
DTXSID1046136,2101,0.0,0.0
DTXSID1046180,2101,3.880351764879203e-11,0.0
DTXSID1046188,2101,0.0,0.0
DTXSID1046215,2101,0.0,0.0
DTXSID1046263,2101,0.00011029403931257377,0.0
DTXSID1046267,2101,9.028438003242048e-07,0.0
DTXSID1046344,2101,0.0,0.0
DTXSID1046348,2101,1.293027587081723e-11,0.0
DTXSID1046390,2101,0.0,0.0
DTXSID1046392,2101,3.282307854567614e-14,0.0
DTXSID1046394,2101,0.0,0.0
DTXSID1046396,2101,1.3234485791925116e-07,0.0
DTXSID1046398,2101,0.031680512433699376,0.0
DTXSID1046421,2101,0.0,0.0
DTXSID1046423,2101,1.5228736356643242e-09,0.0
DTXSID1046425,2101,0.0,0.0
DTXSID1046427,2101,0.9998805318069057,1.0
DTXSID1046429,2101,0.9617920639617672,1.0
DTXSID1046475,2101,0.0,0.0
DTXSID1046502,2101,0.622526051472025,0.0
DTXSID1046504,2101,1.3854351594378104e-10,0.0
DTXSID1046506,2101,0.0,0.0
DTXSID1046550,2101,0.0,0.0
DTXSID1046558,2101,0.0,0.0
DTXSID1046631,2101,1.9705859184016735e-11,0.0
DTXSID1046633,2101,1.196112150203302e-06,0.0
DTXSID1046639,2101,,
DTXSID1046681,2101,0.0,0.0
DTXSID1046685,2101,0.0,0.0
DTXSID1046687,2101,5.023388856968113e-11,0.0
DTXSID1046689,2101,0.0,0.0
DTXSID1046714,2101,0.0,0.0
DTXSID1046768,2101,2.5184840653622097e-14,0.0
DTXSID1046847,2101,3.57747180097898e-05,0.0
DTXSID1046891,2101,0.0,0.0
DTXSID1046922,2101,0.8695689198612695,0.0
DTXSID1046970,2101,0.9999997660542774,1.0
DTXSID1046974,2101,0.0,0.0
DTXSID1046976,2101,0.03444968856658951,0.0
DTXSID1046978,2101,1.9839471107359922e-08,0.0
DTXSID1047027,2101,0.0,0.0
DTXSID1047029,2101,0.0,0.0
DTXSID1047071,2101,0.0,0.0
DTXSID1047075,2101,0.0,0.0
DTXSID1047102,2101,0.9999999999949442,1.0
DTXSID1047104,2101,5.826675859463997e-11,0.0
DTXSID1047106,2101,0.0,0.0
DTXSID1047108,2101,0.0,0.0
DTXSID1047150,2101,0.0,0.0
DTXSID1047152,2101,0.0,0.0
DTXSID1047156,2101,0.0,0.0
DTXSID1047158,2101,0.0,0.0
DTXSID1047239,2101,2.4820364956754085e-11,0.0
DTXSID1047281,2101,0.0,0.0
DTXSID1047283,2101,2.4891366354892037e-09,0.0
DTXSID1047285,2101,0.0,0.0
DTXSID1047287,2101,0.0,0.0
DTXSID1047289,2101,0.024853519089379498,0.0
DTXSID1047310,2101,7.432998182095185e-07,0.0
DTXSID1047312,2101,0.0,0.0
DTXSID1047316,2101,0.0,0.0
DTXSID1047318,2101,0.0,0.0
DTXSID1047360,2101,0.9618026852963804,1.0
DTXSID1047362,2101,4.9258764588559576e-12,0.0
DTXSID1047364,2101,5.59770731863284e-05,0.0
DTXSID1047366,2101,0.9999994648111413,1.0
DTXSID1047368,2101,0.8731908157616801,0.0
DTXSID1047443,2101,0.0,0.0
DTXSID1047447,2101,0.0,0.0
DTXSID1047491,2101,0.0,0.0
DTXSID1047493,2101,0.0,0.0
DTXSID1047497,2101,5.376613692103434e-08,0.0
DTXSID1047520,2101,4.185924715674239e-06,0.0
DTXSID1047524,2101,0.0,0.0
DTXSID1047526,2101,0.00011282844544248583,0.0
DTXSID1047528,2101,0.0,0.0
DTXSID1047570,2101,0.0,0.0
DTXSID1047574,2101,0.0,0.0
DTXSID1047576,2101,0.0,0.0
DTXSID1047578,2101,0.0,0.0
DTXSID1047601,2101,0.0,0.0
DTXSID1047603,2101,7.595398083881054e-11,0.0
DTXSID1047605,2101,0.0,0.0
DTXSID1047607,2101,0.0,0.0
DTXSID1047609,2101,0.0,0.0
DTXSID1047651,2101,0.0,0.0
DTXSID1047655,2101,0.0,0.0
DTXSID1047657,2101,2.3028995781320106e-07,0.0
DTXSID1047659,2101,0.0,0.0
DTXSID1047730,2101,3.031136320783462e-08,0.0
DTXSID1047780,2101,0.0,0.0
DTXSID1047782,2101,0.0,0.0
DTXSID1047784,2101,2.4793670931490555e-09,0.0
DTXSID1047786,2101,1.3170223425812488e-06,0.0
DTXSID1047788,2101,0.0,0.0
DTXSID1047811,2101,0.0,0.0
DTXSID1047813,2101,4.577034959679968e-11,0.0
DTXSID1047815,2101,0.0,0.0
DTXSID1047817,2101,3.334564623096146e-07,0.0
DTXSID1047819,2101,0.999999967160838,1.0
DTXSID1047869,2101,0.00010831774471480751,0.0
DTXSID1047940,2101,0.0,0.0
DTXSID1047942,2101,0.0,0.0
DTXSID1047944,2101,0.9999999999986278,1.0
DTXSID1047946,2101,4.59017066442224e-13,0.0
DTXSID1047948,2101,1.4142173191682255e-08,0.0
DTXSID1048122,2101,0.999999988627073,1.0
DTXSID1048170,2101,0.9999186303097848,1.0
DTXSID1048172,2101,0.9999309964503982,1.0
DTXSID1048174,2101,0.9971460233039295,1.0
DTXSID1048176,2101,3.962419270403971e-14,0.0
DTXSID1048178,2101,1.926504868629657e-10,0.0
DTXSID1048201,2101,0.0,0.0
DTXSID1048203,2101,0.0,0.0
DTXSID1048207,2101,0.0,0.0
DTXSID1048209,2101,0.0,0.0
DTXSID1048590,2101,0.0,0.0
DTXSID1048592,2101,1.562025135621193e-17,0.0
DTXSID1048596,2101,0.0,0.0
DTXSID1048598,2101,4.5808795163809255e-07,0.0
DTXSID1048623,2101,,
DTXSID1048627,2101,4.7482806176714995e-05,0.0
DTXSID1048671,2101,3.144212611597109e-05,0.0
DTXSID1048679,2101,0.0,0.0
DTXSID1048704,2101,0.0,0.0
DTXSID1048706,2101,0.0,0.0
DTXSID1048831,2101,0.0,0.0
DTXSID1048833,2101,2.452289154420111e-16,0.0
DTXSID1048835,2101,8.412335454267561e-12,0.0
DTXSID1048837,2101,0.0,0.0
DTXSID1048839,2101,1.371842119032102e-09,0.0
DTXSID1048883,2101,2.6134015800277697e-08,0.0
DTXSID1048910,2101,0.0,0.0
DTXSID1048912,2101,4.093645787641743e-11,0.0
DTXSID1048914,2101,2.018135072780927e-10,0.0
DTXSID1048916,2101,5.78385839764433e-05,0.0
DTXSID1048918,2101,2.368395409993604e-07,0.0
DTXSID1048960,2101,0.0,0.0
DTXSID1049015,2101,1.026693626454925e-09,0.0
DTXSID1049065,2101,0.9999990976575602,1.0
DTXSID1049067,2101,0.0,0.0
DTXSID1049069,2101,0.0,0.0
DTXSID1049221,2101,0.0,0.0
DTXSID1049223,2101,0.0,0.0
DTXSID1049225,2101,0.0,0.0
DTXSID1049227,2101,0.0,0.0
DTXSID1049229,2101,0.9996954753016355,1.0
DTXSID1049271,2101,0.745007147318104,0.0
DTXSID1049273,2101,0.0,0.0
DTXSID1049275,2101,0.0,0.0
DTXSID1049277,2101,2.6648153381243847e-07,0.0
DTXSID1049279,2101,0.0,0.0
DTXSID1049300,2101,0.0,0.0
DTXSID1049302,2101,4.4924330879994014e-07,0.0
DTXSID1049304,2101,0.8752552723829577,0.0
DTXSID1049306,2101,0.9986024256481436,1.0
DTXSID1049308,2101,0.0,0.0
DTXSID1049350,2101,4.090861376166261e-11,0.0
DTXSID1049352,2101,0.9999999578949524,1.0
DTXSID1049354,2101,2.599490544899477e-13,0.0
DTXSID1049356,2101,1.7578295791016104e-09,0.0
DTXSID1049358,2101,0.0,0.0
DTXSID1049431,2101,0.0,0.0
DTXSID1049433,2101,0.0,0.0
DTXSID1049481,2101,0.0,0.0
DTXSID1049483,2101,0.0,0.0
DTXSID1049485,2101,0.0,0.0
DTXSID1049487,2101,0.0,0.0
DTXSID1049489,2101,0.0,0.0
DTXSID1049510,2101,0.0,0.0
DTXSID1049512,2101,0.0,0.0
DTXSID1049514,2101,0.0,0.0
DTXSID1049516,2101,0.0,0.0
DTXSID1049518,2101,0.0,0.0
DTXSID1049560,2101,9.11456820830212e-17,0.0
DTXSID1049562,2101,0.0,0.0
DTXSID1049697,2101,9.611734066133646e-11,0.0
DTXSID1051690,2101,0.0010788378191892455,0.0
DTXSID1051771,2101,0.0,0.0
DTXSID1051779,2101,2.377983532782582e-07,0.0
DTXSID1051808,2101,0.999999998088712,1.0
DTXSID1051850,2101,2.2429101536679183e-09,0.0
DTXSID1051856,2101,0.0,0.0
DTXSID1051939,2101,0.9937656964572739,1.0
DTXSID1052294,2101,0.0,0.0
DTXSID1052298,2101,9.634787612342242e-07,0.0
DTXSID1052539,2101,0.0,0.0
DTXSID1052585,2101,0.0,0.0
DTXSID1052587,2101,3.8366012440503676e-05,0.0
DTXSID1052610,2101,0.0,0.0
DTXSID1057610,2101,0.0,0.0
DTXSID1057612,2101,8.05881955911763e-11,0.0
DTXSID1057614,2101,0.0,0.0
DTXSID1057616,2101,0.0,0.0
DTXSID1057618,2101,2.2582943833742262e-10,0.0
DTXSID1057660,2101,0.0,0.0
DTXSID1057662,2101,0.9643265063626663,1.0
DTXSID1057664,2101,2.951153721422276e-08,0.0
DTXSID1057666,2101,0.0,0.0
DTXSID1057668,2101,0.0,0.0
DTXSID1057741,2101,0.0,0.0
DTXSID1057743,2101,2.618620945273524e-09,0.0
DTXSID1057745,2101,0.0,0.0
DTXSID1057747,2101,0.0,0.0
DTXSID1057749,2101,0.9999987708773702,1.0
DTXSID1057791,2101,0.0,0.0
DTXSID1057793,2101,0.0,0.0
DTXSID1057795,2101,0.0,0.0
DTXSID1057797,2101,,
DTXSID1057799,2101,4.2415710027405727e-13,0.0
DTXSID1057820,2101,0.0,0.0
DTXSID1057822,2101,0.0,0.0
DTXSID1057824,2101,0.0,0.0
DTXSID1057826,2101,0.0,0.0
DTXSID1057828,2101,3.500913784095354e-09,0.0
DTXSID2020006,2101,0.0,0.0
DTXSID2020054,2101,1.466318102812315e-11,0.0
DTXSID2020058,2101,0.10846252332257632,0.0
DTXSID2020131,2101,0.0,0.0
DTXSID2020137,2101,0.0,0.0
DTXSID2020139,2101,0.0003663101421694124,0.0
DTXSID2020181,2101,0.0,0.0
DTXSID2020189,2101,0.0,0.0
DTXSID2020210,2101,0.0,0.0
DTXSID2020212,2101,0.5811839904497907,0.0
DTXSID2020216,2101,2.612869669484805e-17,0.0
DTXSID2020260,2101,0.0,0.0
DTXSID2020262,2101,0.0,0.0
DTXSID2020266,2101,0.999999997885674,1.0
DTXSID2020268,2101,3.665544130179782e-19,0.0
DTXSID2020341,2101,0.0,0.0
DTXSID2020345,2101,0.9999999999964421,1.0
DTXSID2020347,2101,0.9983429477842737,1.0
DTXSID2020349,2101,2.578097234504074e-17,0.0
DTXSID2020391,2101,0.0,0.0
DTXSID2020399,2101,0.0,0.0
DTXSID2020420,2101,0.0,0.0
DTXSID2020424,2101,0.9305333057830923,1.0
DTXSID2020426,2101,2.8510550686477737e-12,0.0
DTXSID2020428,2101,1.3649019579869982e-05,0.0
DTXSID2020470,2101,4.794021530460033e-09,0.0
DTXSID2020474,2101,0.0,0.0
DTXSID2020478,2101,0.0,0.0
DTXSID2020501,2101,3.393716554287057e-05,0.0
DTXSID2020505,2101,0.0,0.0
DTXSID2020507,2101,0.0,0.0
DTXSID2020509,2101,0.0,0.0
DTXSID2020557,2101,0.0,0.0
DTXSID2020634,2101,3.0455589527753077e-12,0.0
DTXSID2020636,2101,7.010226186155178e-08,0.0
DTXSID2020680,2101,0.0,0.0
DTXSID2020682,2101,0.0,0.0
DTXSID2020684,2101,1.1095522574770145e-10,0.0
DTXSID2020686,2101,1.6642507322652742e-11,0.0
DTXSID2020688,2101,0.0,0.0
DTXSID2020713,2101,3.3089261849432054e-11,0.0
DTXSID2020717,2101,7.651540644819696e-17,0.0
DTXSID2020761,2101,0.0,0.0
DTXSID2020767,2101,0.0,0.0
DTXSID2020844,2101,0.0,0.0
DTXSID2020846,2101,0.0,0.0
DTXSID2020890,2101,0.0,0.0
DTXSID2020892,2101,3.102516851434449e-13,0.0
DTXSID2020894,2101,0.9965616917742646,1.0
DTXSID2020898,2101,0.9999999999999752,1.0
DTXSID2020921,2101,0.0012286707664553869,0.0
DTXSID2020923,2101,0.0,0.0
DTXSID2020927,2101,0.0,0.0
DTXSID2020929,2101,0.0,0.0
DTXSID2020971,2101,1.569541003016649e-07,0.0
DTXSID2020977,2101,0.0,0.0
DTXSID2021022,2101,0.0,0.0
DTXSID2021026,2101,0.0,0.0
DTXSID2021028,2101,0.0,0.0
DTXSID2021070,2101,3.0271815708744813e-09,0.0
DTXSID2021103,2101,1.176453233163503e-09,0.0
DTXSID2021105,2101,3.3289949369566513e-12,0.0
DTXSID2021151,2101,0.0002222405800074834,0.0
DTXSID2021159,2101,7.324943331321015e-13,0.0
DTXSID2021232,2101,0.0,0.0
DTXSID2021234,2101,0.8484308103984646,0.0
DTXSID2021236,2101,2.97060951271595e-07,0.0
DTXSID2021238,2101,0.0,0.0
DTXSID2021282,2101,0.0,0.0
DTXSID2021284,2101,0.0,0.0
DTXSID2021286,2101,0.0,0.0
DTXSID2021288,2101,0.0,0.0
DTXSID2021311,2101,3.707425913318261e-09,0.0
DTXSID2021315,2101,0.0,0.0
DTXSID2021317,2101,0.0,0.0
DTXSID2021319,2101,0.0,0.0
DTXSID2021363,2101,0.0,0.0
DTXSID2021365,2101,0.0,0.0
DTXSID2021367,2101,0.9999990628015375,1.0
DTXSID2021440,2101,0.0,0.0
DTXSID2021442,2101,,
DTXSID2021446,2101,0.0,0.0
DTXSID2021448,2101,0.0,0.0
DTXSID2021492,2101,0.0,0.0
DTXSID2021496,2101,0.0,0.0
DTXSID2021498,2101,0.0,0.0
DTXSID2021575,2101,0.0,0.0
DTXSID2021577,2101,1.9901302778967598e-07,0.0
DTXSID2021600,2101,7.293309118584222e-12,0.0
DTXSID2021602,2101,0.0,0.0
DTXSID2021604,2101,1.969904075861414e-09,0.0
DTXSID2021608,2101,9.388492129121718e-10,0.0
DTXSID2021650,2101,0.0,0.0
DTXSID2021652,2101,0.0,0.0
DTXSID2021654,2101,0.0,0.0
DTXSID2021656,2101,0.0,0.0
DTXSID2021658,2101,1.0610780536236486e-11,0.0
DTXSID2021731,2101,2.362465027281126e-10,0.0
DTXSID2021735,2101,0.0,0.0
DTXSID2021739,2101,0.0,0.0
DTXSID2021781,2101,0.0,0.0
DTXSID2021789,2101,0.0,0.0
DTXSID2021810,2101,0.0,0.0
DTXSID2021816,2101,0.0,0.0
DTXSID2021818,2101,0.0,0.0
DTXSID2021860,2101,0.0,0.0
DTXSID2021864,2101,1.0074978372588758e-18,0.0
DTXSID2021866,2101,9.128064476179192e-06,0.0
DTXSID2021868,2101,0.0,0.0
DTXSID2021941,2101,0.0,0.0
DTXSID2021943,2101,0.0,0.0
DTXSID2021947,2101,0.0,0.0
DTXSID2021949,2101,0.0,0.0
DTXSID2021993,2101,0.0,0.0
DTXSID2021995,2101,3.8407269791890903e-11,0.0
DTXSID2021997,2101,0.0,0.0
DTXSID2022048,2101,0.0021740758472855452,0.0
DTXSID2022090,2101,0.0,0.0
DTXSID2022096,2101,0.0,0.0
DTXSID2022121,2101,0.0,0.0
DTXSID2022123,2101,0.005707277792404657,0.0
DTXSID2022125,2101,0.0,0.0
DTXSID2022127,2101,3.385213314927636e-05,0.0
DTXSID2022171,2101,0.0,0.0
DTXSID2022179,2101,3.847663231465801e-10,0.0
DTXSID2022254,2101,0.0,0.0
DTXSID2022256,2101,0.0,0.0
DTXSID2022331,2101,6.553276514548535e-08,0.0
DTXSID2022333,2101,0.0,0.0
DTXSID2022381,2101,0.056368233794994456,0.0
DTXSID2022462,2101,0.0,0.0
DTXSID2022541,2101,2.6856762314933974e-16,0.0
DTXSID2022543,2101,0.0,0.0
DTXSID2022549,2101,0.0,0.0
DTXSID2022593,2101,0.0,0.0
DTXSID2022595,2101,0.0,0.0
DTXSID2022628,2101,0.0,0.0
DTXSID2022674,2101,8.477139186861881e-16,0.0
DTXSID2022676,2101,0.0,0.0
DTXSID2022678,2101,0.0,0.0
DTXSID2022707,2101,1.7351600375331152e-09,0.0
DTXSID2022753,2101,0.0,0.0
DTXSID2022880,2101,0.999380213148764,1.0
DTXSID2022886,2101,0.0,0.0
DTXSID2022888,2101,0.0,0.0
DTXSID2022967,2101,0.0,0.0
DTXSID2023010,2101,0.0,0.0
DTXSID2023016,2101,0.0,0.0
DTXSID2023064,2101,0.0,0.0
DTXSID2023068,2101,0.9999657098651085,1.0
DTXSID2023143,2101,0.0,0.0
DTXSID2023193,2101,0.0,0.0
DTXSID2023195,2101,0.0,0.0
DTXSID2023222,2101,1.7721737501193636e-17,0.0
DTXSID2023224,2101,0.9930538013360884,1.0
DTXSID2023270,2101,0.0,0.0
DTXSID2023276,2101,0.0,0.0
DTXSID2023307,2101,0.0,0.0
DTXSID2023309,2101,0.0,0.0
DTXSID2023353,2101,1.2942210042656337e-05,0.0
DTXSID2023430,2101,0.0,0.0
DTXSID2023434,2101,0.0,0.0
DTXSID2023480,2101,0.0,0.0
DTXSID2023488,2101,0.0,0.0
DTXSID2023519,2101,0.0,0.0
DTXSID2023569,2101,9.235162637263121e-07,0.0
DTXSID2023640,2101,4.389993681106336e-09,0.0
DTXSID2023642,2101,1.0,1.0
DTXSID2023690,2101,0.0,0.0
DTXSID2023723,2101,0.0,0.0
DTXSID2023725,2101,0.9999819461828412,1.0
DTXSID2023727,2101,0.0,0.0
DTXSID2023771,2101,2.2948528815242807e-16,0.0
DTXSID2023775,2101,0.0,0.0
DTXSID2023937,2101,0.0,0.0
DTXSID2024030,2101,8.368177363108688e-18,0.0
DTXSID2024038,2101,0.0,0.0
DTXSID2024086,2101,2.2019313717133999e-13,0.0
DTXSID2024113,2101,0.0,0.0
DTXSID2024163,2101,3.4165835361623784e-15,0.0
DTXSID2024242,2101,4.726730584067266e-06,0.0
DTXSID2024246,2101,0.0,0.0
DTXSID2024452,2101,2.7002397464405514e-12,0.0
DTXSID2024454,2101,0.0,0.0
DTXSID2024458,2101,1.6868767870430868e-08,0.0
DTXSID2024585,2101,0.22777306232569494,0.0
DTXSID2024589,2101,8.56903643446321e-10,0.0
DTXSID2024616,2101,0.0,0.0
DTXSID2024660,2101,0.0,0.0
DTXSID2024662,2101,0.0,0.0
DTXSID2024664,2101,0.0,0.0
DTXSID2024666,2101,0.0,0.0
DTXSID2024747,2101,0.0,0.0
DTXSID2024791,2101,0.0,0.0
DTXSID2024793,2101,0.0,0.0
DTXSID2024797,2101,0.0,0.0
DTXSID2024799,2101,0.0,0.0
DTXSID2024822,2101,0.0,0.0
DTXSID2024824,2101,0.0,0.0
DTXSID2024878,2101,0.0,0.0
DTXSID2024953,2101,0.0,0.0
DTXSID2024955,2101,5.1157902368551514e-12,0.0
DTXSID2025004,2101,0.0,0.0
DTXSID2025006,2101,8.75873603482937e-11,0.0
DTXSID2025050,2101,0.0,0.0
DTXSID2025058,2101,0.9999171876587846,1.0
DTXSID2025133,2101,0.0,0.0
DTXSID2025135,2101,0.0,0.0
DTXSID2025137,2101,0.0,0.0
DTXSID2025139,2101,0.999999994625505,1.0
DTXSID2025183,2101,1.85760675624652e-08,0.0
DTXSID2025185,2101,8.933870818869578e-18,0.0
DTXSID2025210,2101,1.7605298522538265e-06,0.0
DTXSID2025216,2101,0.0,0.0
DTXSID2025264,2101,,
DTXSID2025345,2101,0.0,0.0
DTXSID2025347,2101,0.0,0.0
DTXSID2025391,2101,1.889250858706535e-20,0.0
DTXSID2025395,2101,0.0,0.0
DTXSID2025422,2101,0.0,0.0
DTXSID2025424,2101,4.743168747816534e-10,0.0
DTXSID2025474,2101,0.0,0.0
DTXSID2025478,2101,0.0,0.0
DTXSID2025501,2101,2.203337067080711e-12,0.0
DTXSID2025503,2101,0.0,0.0
DTXSID2025505,2101,0.0,0.0
DTXSID2025551,2101,0.0,0.0
DTXSID2025557,2101,0.0,0.0
DTXSID2025632,2101,1.505538572699148e-08,0.0
DTXSID2025634,2101,3.3292884262483455e-10,0.0
DTXSID2025680,2101,0.0,0.0
DTXSID2025688,2101,0.0,0.0
DTXSID2025715,2101,0.9999994121612843,1.0
DTXSID2025761,2101,0.0,0.0
DTXSID2025763,2101,0.0,0.0
DTXSID2025765,2101,0.0,0.0
DTXSID2025840,2101,0.9999993648853259,1.0
DTXSID2025842,2101,0.9999999998789383,1.0
DTXSID2025846,2101,0.0,0.0
DTXSID2025892,2101,0.07642476756450046,0.0
DTXSID2025896,2101,0.0,0.0
DTXSID2025925,2101,0.0,0.0
DTXSID2025975,2101,0.0,0.0
DTXSID2025977,2101,0.0,0.0
DTXSID2026022,2101,0.0,0.0
DTXSID2026074,2101,6.877653428578217e-10,0.0
DTXSID2026076,2101,0.9999153650131739,1.0
DTXSID2026101,2101,3.9233169817273557e-07,0.0
DTXSID2026107,2101,0.9999999953755301,1.0
DTXSID2026151,2101,1.6721322634192216e-09,0.0
DTXSID2026157,2101,0.0,0.0
DTXSID2026232,2101,0.0,0.0
DTXSID2026238,2101,0.0,0.0
DTXSID2026444,2101,0.0,0.0
DTXSID2026446,2101,5.8809355326661124e-12,0.0
DTXSID2026448,2101,0.0,0.0
DTXSID2026494,2101,3.8515509553462876e-07,0.0
DTXSID2026496,2101,0.0,0.0
DTXSID2026523,2101,0.0,0.0
DTXSID2026525,2101,5.1031335395150204e-05,0.0
DTXSID2026527,2101,0.0,0.0
DTXSID2026529,2101,0.9999256792689514,1.0
DTXSID2026573,2101,0.9999994960354612,1.0
DTXSID2026600,2101,0.0,0.0
DTXSID2026602,2101,0.9999994025605612,1.0
DTXSID2026606,2101,0.0,0.0
DTXSID2026608,2101,2.3845272398938366e-07,0.0
DTXSID2026652,2101,0.0,0.0
DTXSID2026739,2101,0.0,0.0
DTXSID2026781,2101,4.3057048392030495e-13,0.0
DTXSID2026783,2101,0.0,0.0
DTXSID2026789,2101,0.0,0.0
DTXSID2026864,2101,0.0,0.0
DTXSID2026941,2101,2.439709178142885e-11,0.0
DTXSID2026943,2101,0.0,0.0
DTXSID2026991,2101,0.0,0.0
DTXSID2026997,2101,0.0,0.0
DTXSID2027044,2101,3.9508500819470974e-11,0.0
DTXSID2027048,2101,5.595192137894821e-10,0.0
DTXSID2027092,2101,0.0,0.0
DTXSID2027094,2101,0.9999999998896505,1.0
DTXSID2027096,2101,0.0,0.0
DTXSID2027098,2101,0.0,0.0
DTXSID2027175,2101,0.0,0.0
DTXSID2027200,2101,5.141225440009598e-07,0.0
DTXSID2027204,2101,0.0,0.0
DTXSID2027206,2101,0.0,0.0
DTXSID2027254,2101,0.0,0.0
DTXSID2027258,2101,3.807256772784615e-11,0.0
DTXSID2027333,2101,3.77147683145319e-15,0.0
DTXSID2027412,2101,0.0,0.0
DTXSID2027414,2101,0.0,0.0
DTXSID2027416,2101,0.0,0.0
DTXSID2027418,2101,0.0,0.0
DTXSID2027462,2101,0.0,0.0
DTXSID2027466,2101,2.1540875087647617e-12,0.0
DTXSID2027543,2101,0.0,0.0
DTXSID2027591,2101,0.0,0.0
DTXSID2027593,2101,0.0,0.0
DTXSID2027595,2101,0.0,0.0
DTXSID2027599,2101,1.9240666012242608e-12,0.0
DTXSID2027620,2101,0.0,0.0
DTXSID2027624,2101,3.4736038655226084e-09,0.0
DTXSID2027759,2101,0.0,0.0
DTXSID2027830,2101,0.0,0.0
DTXSID2027832,2101,0.0,0.0
DTXSID2027834,2101,0.0,0.0
DTXSID2027884,2101,0.0,0.0
DTXSID2027886,2101,1.530218512193615e-10,0.0
DTXSID2027963,2101,0.0,0.0
DTXSID2028010,2101,1.711821434426104e-10,0.0
DTXSID2028016,2101,0.0,0.0
DTXSID2028723,2101,0.0,0.0
DTXSID2028985,2101,0.0,0.0
DTXSID2029117,2101,3.7049920496633182e-06,0.0
DTXSID2029167,2101,0.0,0.0
DTXSID2029169,2101,0.0,0.0
DTXSID2029240,2101,0.0,0.0
DTXSID2029242,2101,0.0,0.0
DTXSID2029244,2101,0.0,0.0
DTXSID2029246,2101,0.0,0.0
DTXSID2029290,2101,6.831571870290831e-14,0.0
DTXSID2029298,2101,2.387452502439743e-06,0.0
DTXSID2029325,2101,0.0,0.0
DTXSID2029327,2101,0.0,0.0
DTXSID2029329,2101,0.0,0.0
DTXSID2029612,2101,0.0,0.0
DTXSID2029616,2101,0.0,0.0
DTXSID2029662,2101,4.76639011076041e-13,0.0
DTXSID2029668,2101,0.0,0.0
DTXSID2029874,2101,0.9876660138427185,1.0
DTXSID2030695,2101,0.0,0.0
DTXSID2030857,2101,0.0,0.0
DTXSID2031089,2101,0.9994327410495819,1.0
DTXSID2031374,2101,0.0,0.0
DTXSID2031532,2101,0.0,0.0
DTXSID2031956,2101,0.0,0.0
DTXSID2032005,2101,0.9999947672360099,1.0
DTXSID2032180,2101,0.0,0.0
DTXSID2032342,2101,0.0,0.0
DTXSID2032344,2101,8.698539909044867e-19,0.0
DTXSID2032348,2101,0.004999038958401376,0.0
DTXSID2032390,2101,0.9999997085056466,1.0
DTXSID2032392,2101,0.9999999999999987,1.0
DTXSID2032398,2101,0.0,0.0
DTXSID2032421,2101,0.0,0.0
DTXSID2032500,2101,0.9999998752800809,1.0
DTXSID2032550,2101,0.9187921982182139,1.0
DTXSID2032552,2101,0.9999999999698315,1.0
DTXSID2032554,2101,7.920045783919745e-06,0.0
DTXSID2032556,2101,1.605032058523316e-08,0.0
DTXSID2032558,2101,1.115485347688314e-06,0.0
DTXSID2032631,2101,0.0,0.0
DTXSID2032637,2101,0.0,0.0
DTXSID2032639,2101,0.0,0.0
DTXSID2032683,2101,0.0,0.0
DTXSID2032891,2101,3.2987314895433777e-10,0.0
DTXSID2033281,2101,4.207958654889555e-07,0.0
DTXSID2033314,2101,0.9999999998537512,1.0
DTXSID2033445,2101,0.0,0.0
DTXSID2033447,2101,0.0,0.0
DTXSID2033493,2101,0.0,0.0
DTXSID2033736,2101,0.9999860952047221,1.0
DTXSID2033863,2101,0.0,0.0
DTXSID2034091,2101,0.0,0.0
DTXSID2034095,2101,3.419067820638559e-09,0.0
DTXSID2034255,2101,4.528056449733715e-12,0.0
DTXSID2034259,2101,0.0,0.0
DTXSID2034338,2101,0.0,0.0
DTXSID2034382,2101,1.244867992748265e-07,0.0
DTXSID2034465,2101,0.0,0.0
DTXSID2034540,2101,0.0,0.0
DTXSID2034542,2101,0.0,0.0
DTXSID2034590,2101,0.0,0.0
DTXSID2034598,2101,0.9999999998618054,1.0
DTXSID2034625,2101,0.05158107482088886,0.0
DTXSID2034627,2101,0.0,0.0
DTXSID2034673,2101,0.0,0.0
DTXSID2034700,2101,0.0,0.0
DTXSID2034833,2101,0.0,0.0
DTXSID2034881,2101,0.12080138504010818,0.0
DTXSID2034885,2101,0.0,0.0
DTXSID2034962,2101,0.0,0.0
DTXSID2034968,2101,0.0,0.0
DTXSID2035013,2101,1.6682606881172821e-12,0.0
DTXSID2035481,2101,0.0,0.0
DTXSID2036112,2101,0.9999999999990099,1.0
DTXSID2036299,2101,7.134745857825998e-15,0.0
DTXSID2036588,2101,0.9998584386053262,1.0
DTXSID2036827,2101,1.5774832669377989e-06,0.0
DTXSID2037502,2101,0.959432964884679,1.0
DTXSID2037508,2101,0.0,0.0
DTXSID2037712,2101,1.3473938759762533e-05,0.0
DTXSID2037714,2101,0.9844358127933733,1.0
DTXSID2038732,2101,0.0,0.0
DTXSID2038788,2101,2.8494995058269085e-06,0.0
DTXSID2038813,2101,0.0,0.0
DTXSID2039336,2101,0.9984386535331806,1.0
DTXSID2040151,2101,1.3974063059805286e-12,0.0
DTXSID2040234,2101,0.0,0.0
DTXSID2040236,2101,0.0,0.0
DTXSID2040284,2101,9.328141132110808e-09,0.0
DTXSID2040361,2101,0.0,0.0
DTXSID2040363,2101,0.9991269037639804,1.0
DTXSID2040608,2101,0.0,0.0
DTXSID2040652,2101,1.598743943158878e-08,0.0
DTXSID2040656,2101,0.0,0.0
DTXSID2040731,2101,0.0,0.0
DTXSID2040733,2101,0.9999999939693258,1.0
DTXSID2040735,2101,0.0,0.0
DTXSID2040739,2101,0.0,0.0
DTXSID2040787,2101,0.9999999945785085,1.0
DTXSID2041125,2101,0.0,0.0
DTXSID2041200,2101,0.0,0.0
DTXSID2041206,2101,5.8507420602699673e-08,0.0
DTXSID2041208,2101,4.886611943581098e-09,0.0
DTXSID2041250,2101,1.371732488062318e-08,0.0
DTXSID2041252,2101,0.9804720252722675,1.0
DTXSID2041256,2101,0.0,0.0
DTXSID2041389,2101,0.0,0.0
DTXSID2041412,2101,0.0,0.0
DTXSID2041416,2101,0.0,0.0
DTXSID2041418,2101,,
DTXSID2041460,2101,0.0,0.0
DTXSID2041464,2101,0.0,0.0
DTXSID2041468,2101,0.0,0.0
DTXSID2041541,2101,0.0,0.0
DTXSID2041545,2101,0.0,0.0
DTXSID2041547,2101,0.9590025130278806,1.0
DTXSID2041622,2101,0.9952202354251812,1.0
DTXSID2041626,2101,0.0,0.0
DTXSID2041672,2101,0.0,0.0
DTXSID2041674,2101,0.0,0.0
DTXSID2041703,2101,0.0,0.0
DTXSID2041709,2101,0.9578064833260456,1.0
DTXSID2041759,2101,0.9999999952080972,1.0
DTXSID2041880,2101,0.0,0.0
DTXSID2041884,2101,1.1277682925198764e-07,0.0
DTXSID2041886,2101,0.0,0.0
DTXSID2041913,2101,1.342051859020164e-07,0.0
DTXSID2041917,2101,0.0,0.0
DTXSID2042014,2101,0.0,0.0
DTXSID2042060,2101,0.0,0.0
DTXSID2042062,2101,1.6433887618567233e-14,0.0
DTXSID2042143,2101,0.0,0.0
DTXSID2042145,2101,0.0,0.0
DTXSID2042149,2101,0.0,0.0
DTXSID2042191,2101,5.95398574106003e-13,0.0
DTXSID2042195,2101,0.0,0.0
DTXSID2042199,2101,0.0,0.0
DTXSID2042220,2101,1.7229038571208287e-05,0.0
DTXSID2042276,2101,0.0,0.0
DTXSID2042436,2101,1.1816085161498558e-06,0.0
DTXSID2042517,2101,0.0,0.0
DTXSID2043747,2101,0.09235412938508002,0.0
DTXSID2043874,2101,0.0,0.0
DTXSID2043903,2101,0.0,0.0
DTXSID2044000,2101,0.9709863033482138,1.0
DTXSID2044002,2101,1.4709117726893022e-07,0.0
DTXSID2044131,2101,1.009214147139659e-06,0.0
DTXSID2044137,2101,,
DTXSID2044210,2101,0.0,0.0
DTXSID2044218,2101,0.0,0.0
DTXSID2044266,2101,0.0,0.0
DTXSID2044268,2101,0.0,0.0
DTXSID2044347,2101,9.537271784946909e-11,0.0
DTXSID2044391,2101,0.0,0.0
DTXSID2044393,2101,3.09227400576869e-11,0.0
DTXSID2044395,2101,0.0,0.0
DTXSID2044397,2101,0.0,0.0
DTXSID2044399,2101,0.0,0.0
DTXSID2044420,2101,0.9999993801377658,1.0
DTXSID2044422,2101,1.3231686854010417e-09,0.0
DTXSID2044424,2101,0.0,0.0
DTXSID2044428,2101,2.292824597371954e-13,0.0
DTXSID2044470,2101,0.0,0.0
DTXSID2044472,2101,0.0,0.0
DTXSID2044476,2101,0.0,0.0
DTXSID2044503,2101,0.0,0.0
DTXSID2044507,2101,0.9999721061659237,1.0
DTXSID2044509,2101,0.0,0.0
DTXSID2044553,2101,9.515745835341065e-12,0.0
DTXSID2044559,2101,6.5744351640472655e-06,0.0
DTXSID2044632,2101,0.0,0.0
DTXSID2044638,2101,0.0,0.0
DTXSID2044680,2101,0.0,0.0
DTXSID2044682,2101,0.0,0.0
DTXSID2044684,2101,2.240747951701061e-10,0.0
DTXSID2044686,2101,0.9999999999890629,1.0
DTXSID2044713,2101,1.2363657754159118e-17,0.0
DTXSID2044715,2101,0.0,0.0
DTXSID2044717,2101,0.9110735045122337,1.0
DTXSID2044719,2101,4.2111226864938414e-14,0.0
DTXSID2044763,2101,0.0,0.0
DTXSID2044765,2101,1.1030010639065108e-09,0.0
DTXSID2044767,2101,0.0,0.0
DTXSID2044769,2101,0.0,0.0
DTXSID2044840,2101,1.8163638760521042e-09,0.0
DTXSID2044842,2101,0.0,0.0
DTXSID2044844,2101,1.0727503357761282e-08,0.0
DTXSID2044846,2101,1.4129677434327592e-12,0.0
DTXSID2044848,2101,2.660863403321102e-06,0.0
DTXSID2044890,2101,9.123332305654199e-14,0.0
DTXSID2044892,2101,0.0,0.0
DTXSID2044894,2101,0.0,0.0
DTXSID2044896,2101,0.0,0.0
DTXSID2044898,2101,,
DTXSID2044921,2101,0.9981167708262686,1.0
DTXSID2044923,2101,0.0,0.0
DTXSID2044925,2101,6.377834041011126e-10,0.0
DTXSID2044927,2101,0.0,0.0
DTXSID2044929,2101,0.0,0.0
DTXSID2044971,2101,0.5845033717976507,0.0
DTXSID2044973,2101,0.0,0.0
DTXSID2044975,2101,0.0,0.0
DTXSID2044979,2101,0.0,0.0
DTXSID2045072,2101,0.0,0.0
DTXSID2045076,2101,0.0,0.0
DTXSID2045105,2101,2.5592438933480254e-06,0.0
DTXSID2045107,2101,,
DTXSID2045151,2101,0.0,0.0
DTXSID2045153,2101,0.0,0.0
DTXSID2045157,2101,0.0,0.0
DTXSID2045232,2101,0.0,0.0
DTXSID2045238,2101,0.0,0.0
DTXSID2045280,2101,1.4161563090764999e-09,0.0
DTXSID2045315,2101,8.410951529717817e-10,0.0
DTXSID2045361,2101,0.0,0.0
DTXSID2045365,2101,1.0184111224502937e-06,0.0
DTXSID2045440,2101,2.4903266282649147e-09,0.0
DTXSID2045444,2101,0.0,0.0
DTXSID2045448,2101,0.771417908106592,0.0
DTXSID2045490,2101,0.9996676019769316,1.0
DTXSID2045492,2101,0.0,0.0
DTXSID2045496,2101,0.999989187348565,1.0
DTXSID2045521,2101,0.0,0.0
DTXSID2045523,2101,0.0,0.0
DTXSID2045527,2101,0.0,0.0
DTXSID2045575,2101,0.0,0.0
DTXSID2045600,2101,0.0,0.0
DTXSID2045652,2101,3.7035613026243775e-11,0.0
DTXSID2045654,2101,0.0,0.0
DTXSID2045656,2101,6.579596206949932e-11,0.0
DTXSID2045735,2101,1.414190510869551e-10,0.0
DTXSID2045781,2101,1.3549672739288717e-14,0.0
DTXSID2045783,2101,0.0,0.0
DTXSID2045810,2101,1.3389605635392938e-10,0.0
DTXSID2045812,2101,0.0,0.0
DTXSID2045860,2101,0.9999792560755716,1.0
DTXSID2045862,2101,0.0,0.0
DTXSID2045864,2101,0.0,0.0
DTXSID2045868,2101,0.0,0.0
DTXSID2045941,2101,0.0,0.0
DTXSID2045943,2101,0.999933206566348,1.0
DTXSID2045945,2101,9.358864425277663e-05,0.0
DTXSID2045993,2101,7.628998673238018e-09,0.0
DTXSID2046042,2101,0.0,0.0
DTXSID2046090,2101,0.0,0.0
DTXSID2046092,2101,0.9948986615146617,1.0
DTXSID2046094,2101,0.0,0.0
DTXSID2046096,2101,0.0,0.0
DTXSID2046123,2101,0.0,0.0
DTXSID2046127,2101,0.2450133468148939,0.0
DTXSID2046179,2101,0.0,0.0
DTXSID2046200,2101,0.0,0.0
DTXSID2046383,2101,0.0,0.0
DTXSID2046385,2101,2.0400642324887175e-10,0.0
DTXSID2046389,2101,0.0,0.0
DTXSID2046410,2101,0.0,0.0
DTXSID2046412,2101,0.0,0.0
DTXSID2046414,2101,0.0,0.0
DTXSID2046418,2101,0.0,0.0
DTXSID2046460,2101,0.0001558928027972568,0.0
DTXSID2046464,2101,0.0,0.0
DTXSID2046468,2101,0.9623930687366715,1.0
DTXSID2046541,2101,0.0,0.0
DTXSID2046543,2101,0.0,0.0
DTXSID2046545,2101,0.9999913144763939,1.0
DTXSID2046591,2101,0.9999660856848024,1.0
DTXSID2046599,2101,0.0,0.0
DTXSID2046628,2101,0.0,0.0
DTXSID2046670,2101,0.0,0.0
DTXSID2046678,2101,2.6794421538762425e-10,0.0
DTXSID2046705,2101,7.1359403134245725e-06,0.0
DTXSID2046755,2101,0.9999881984270611,1.0
DTXSID2046882,2101,0.0,0.0
DTXSID2046888,2101,0.0,0.0
DTXSID2046911,2101,0.0,0.0
DTXSID2046919,2101,0.7630141649837957,0.0
DTXSID2047060,2101,8.577616667978261e-15,0.0
DTXSID2047062,2101,0.0,0.0
DTXSID2047064,2101,0.0,0.0
DTXSID2047066,2101,0.0,0.0
DTXSID2047068,2101,0.0,0.0
DTXSID2047141,2101,3.271379289447993e-10,0.0
DTXSID2047145,2101,1.1938383459917169e-11,0.0
DTXSID2047149,2101,0.0,0.0
DTXSID2047191,2101,0.0,0.0
DTXSID2047193,2101,0.0,0.0
DTXSID2047195,2101,0.0,0.0
DTXSID2047197,2101,0.0,0.0
DTXSID2047199,2101,0.0,0.0
DTXSID2047222,2101,9.332271574521184e-07,0.0
DTXSID2047270,2101,2.7591284841017554e-07,0.0
DTXSID2047272,2101,0.46149993437849546,0.0
DTXSID2047274,2101,2.943633271834629e-07,0.0
DTXSID2047276,2101,0.000266345103273328,0.0
DTXSID2047278,2101,1.4415414633242565e-10,0.0
DTXSID2047301,2101,0.0,0.0
DTXSID2047303,2101,0.9858424715888241,1.0
DTXSID2047305,2101,0.0,0.0
DTXSID2047307,2101,0.9971480885547642,1.0
DTXSID2047309,2101,0.0,0.0
DTXSID2047351,2101,0.9999422005507675,1.0
DTXSID2047353,2101,0.999999999271242,1.0
DTXSID2047355,2101,0.999999999999673,1.0
DTXSID2047357,2101,0.9980022095818447,1.0
DTXSID2047359,2101,0.0,0.0
DTXSID2047434,2101,0.0,0.0
DTXSID2047436,2101,0.0,0.0
DTXSID2047484,2101,0.0,0.0
DTXSID2047486,2101,0.0,0.0
DTXSID2047511,2101,0.0,0.0
DTXSID2047517,2101,1.1460263795438548e-12,0.0
DTXSID2047519,2101,2.69670983545768e-09,0.0
DTXSID2047565,2101,0.0,0.0
DTXSID2047567,2101,0.0,0.0
DTXSID2047569,2101,0.07053426928097185,0.0
DTXSID2047642,2101,0.0,0.0
DTXSID2047644,2101,0.0,0.0
DTXSID2047646,2101,0.0,0.0
DTXSID2047648,2101,0.0,0.0
DTXSID2047694,2101,7.818028664712736e-13,0.0
DTXSID2047696,2101,,
DTXSID2047721,2101,0.0,0.0
DTXSID2047723,2101,0.0,0.0
DTXSID2047725,2101,1.0386383187217352e-08,0.0
DTXSID2047727,2101,0.0,0.0
DTXSID2047773,2101,0.0,0.0
DTXSID2047775,2101,0.0,0.0
DTXSID2047777,2101,0.0,0.0
DTXSID2047779,2101,0.9999983464499901,1.0
DTXSID2047804,2101,0.0,0.0
DTXSID2047806,2101,0.0,0.0
DTXSID2047856,2101,0.0,0.0
DTXSID2047858,2101,7.883197295547816e-16,0.0
DTXSID2047931,2101,6.677264940371406e-12,0.0
DTXSID2047933,2101,2.5542699094096746e-18,0.0
DTXSID2047935,2101,3.1138850694849296e-11,0.0
DTXSID2047937,2101,0.0,0.0
DTXSID2047939,2101,0.0,0.0
DTXSID2048161,2101,0.947497693030477,1.0
DTXSID2048167,2101,0.0,0.0
DTXSID2048379,2101,0.0,0.0
DTXSID2048581,2101,0.00018061425193185393,0.0
DTXSID2048616,2101,2.7438507753481227e-10,0.0
DTXSID2048618,2101,0.0,0.0
DTXSID2048660,2101,6.571432459636092e-10,0.0
DTXSID2048662,2101,0.0,0.0
DTXSID2048666,2101,0.0001412149088345479,0.0
DTXSID2048745,2101,0.0,0.0
DTXSID2048791,2101,,
DTXSID2048793,2101,0.0,0.0
DTXSID2048795,2101,0.0,0.0
DTXSID2048797,2101,0.0,0.0
DTXSID2048799,2101,0.0,0.0
DTXSID2048820,2101,0.9999564544212991,1.0
DTXSID2048822,2101,0.0,0.0
DTXSID2048826,2101,0.0,0.0
DTXSID2048828,2101,,
DTXSID2048870,2101,0.0,0.0
DTXSID2048872,2101,0.0,0.0
DTXSID2048901,2101,0.0,0.0
DTXSID2048905,2101,0.9999999986309565,1.0
DTXSID2048907,2101,0.0,0.0
DTXSID2048957,2101,1.0393237669987602e-06,0.0
DTXSID2048959,2101,1.932974132184886e-11,0.0
DTXSID2049002,2101,0.0,0.0
DTXSID2049006,2101,0.0,0.0
DTXSID2049050,2101,0.9275948955411177,1.0
DTXSID2049052,2101,0.0,0.0
DTXSID2049135,2101,0.0,0.0
DTXSID2049210,2101,0.8752132617843928,0.0
DTXSID2049212,2101,0.0,0.0
DTXSID2049214,2101,1.5169458994993228e-09,0.0
DTXSID2049216,2101,0.0,0.0
DTXSID2049218,2101,4.0849203926268144e-10,0.0
DTXSID2049260,2101,0.9103612583610092,1.0
DTXSID2049262,2101,0.9916010859457102,1.0
DTXSID2049264,2101,0.0,0.0
DTXSID2049266,2101,2.944104466552671e-07,0.0
DTXSID2049268,2101,0.0,0.0
DTXSID2049341,2101,0.004434476168808476,0.0
DTXSID2049343,2101,0.0,0.0
DTXSID2049345,2101,0.0,0.0
DTXSID2049347,2101,0.0,0.0
DTXSID2049349,2101,7.595087028726276e-12,0.0
DTXSID2049391,2101,0.9999999999999962,1.0
DTXSID2049393,2101,0.0,0.0
DTXSID2049395,2101,0.0,0.0
DTXSID2049397,2101,0.0,0.0
DTXSID2049399,2101,0.0,0.0
DTXSID2049420,2101,0.0,0.0
DTXSID2049422,2101,1.2334698913635943e-06,0.0
DTXSID2049424,2101,0.0,0.0
DTXSID2049426,2101,0.0,0.0
DTXSID2049428,2101,0.0,0.0
DTXSID2049470,2101,0.0,0.0
DTXSID2049472,2101,0.0,0.0
DTXSID2049474,2101,0.0,0.0
DTXSID2049476,2101,2.5001337731706797e-10,0.0
DTXSID2049478,2101,2.0446741868226313e-09,0.0
DTXSID2049501,2101,0.0,0.0
DTXSID2049503,2101,0.0,0.0
DTXSID2049505,2101,1.2015794076325466e-06,0.0
DTXSID2049507,2101,0.0,0.0
DTXSID2049509,2101,4.0870578282312625e-07,0.0
DTXSID2049551,2101,3.4047426732175746e-12,0.0
DTXSID2049553,2101,2.097047529099096e-12,0.0
DTXSID2049555,2101,0.0,0.0
DTXSID2049557,2101,0.0,0.0
DTXSID2049559,2101,2.0448490623421812e-11,0.0
DTXSID2050403,2101,0.0,0.0
DTXSID2051477,2101,0.0,0.0
DTXSID2051631,2101,0.0,0.0
DTXSID2051687,2101,0.0,0.0
DTXSID2051716,2101,4.4343463092188216e-12,0.0
DTXSID2051764,2101,0.0,0.0
DTXSID2051895,2101,0.0,0.0
DTXSID2052281,2101,0.0,0.0
DTXSID2052283,2101,0.0,0.0
DTXSID2052289,2101,0.03759905352937131,0.0
DTXSID2052310,2101,0.0,0.0
DTXSID2052447,2101,0.0,0.0
DTXSID2052574,2101,1.969421034756207e-09,0.0
DTXSID2052603,2101,0.9212539506374386,1.0
DTXSID2052607,2101,0.0,0.0
DTXSID2057601,2101,0.0,0.0
DTXSID2057603,2101,0.0,0.0
DTXSID2057607,2101,0.0,0.0
DTXSID2057609,2101,0.9999999929614777,1.0
DTXSID2057651,2101,0.9997664615529499,1.0
DTXSID2057653,2101,0.0,0.0
DTXSID2057655,2101,0.0,0.0
DTXSID2057657,2101,0.0,0.0
DTXSID2057659,2101,0.0,0.0
DTXSID2057730,2101,0.0,0.0
DTXSID2057732,2101,0.0,0.0
DTXSID2057734,2101,0.0,0.0
DTXSID2057736,2101,0.0,0.0
DTXSID2057738,2101,0.0,0.0
DTXSID2057780,2101,0.0,0.0
DTXSID2057782,2101,0.0,0.0
DTXSID2057784,2101,0.0,0.0
DTXSID2057786,2101,0.0,0.0
DTXSID2057788,2101,0.0,0.0
DTXSID2057811,2101,0.0,0.0
DTXSID2057813,2101,0.0,0.0
DTXSID2057815,2101,0.9945490643635623,1.0
DTXSID2057817,2101,0.0,0.0
DTXSID2057819,2101,1.1170708350152982e-12,0.0
DTXSID3020043,2101,0.0,0.0
DTXSID3020047,2101,0.0,0.0
DTXSID3020091,2101,0.0,0.0
DTXSID3020093,2101,0.0,0.0
DTXSID3020095,2101,0.0,0.0
DTXSID3020097,2101,1.80710048766262e-05,0.0
DTXSID3020099,2101,0.0007818892613965024,0.0
DTXSID3020120,2101,0.9999693833051875,1.0
DTXSID3020122,2101,0.043147528247691254,0.0
DTXSID3020128,2101,0.0,0.0
DTXSID3020205,2101,2.1906315491286374e-06,0.0
DTXSID3020207,2101,4.606945674784984e-06,0.0
DTXSID3020209,2101,6.133510247726351e-09,0.0
DTXSID3020257,2101,7.401958021366557e-07,0.0
DTXSID3020330,2101,7.333829278179102e-08,0.0
DTXSID3020332,2101,0.0,0.0
DTXSID3020336,2101,9.6637582946213e-17,0.0
DTXSID3020380,2101,0.0,0.0
DTXSID3020384,2101,9.607438436997671e-20,0.0
DTXSID3020413,2101,0.0,0.0
DTXSID3020415,2101,0.00010164252460845391,0.0
DTXSID3020419,2101,0.999999999999758,1.0
DTXSID3020463,2101,0.0,0.0
DTXSID3020465,2101,0.00012659297011508364,0.0
DTXSID3020540,2101,7.050431773869302e-07,0.0
DTXSID3020546,2101,0.0,0.0
DTXSID3020548,2101,1.438460342273252e-07,0.0
DTXSID3020596,2101,0.0,0.0
DTXSID3020598,2101,0.0,0.0
DTXSID3020621,2101,0.999949332473739,1.0
DTXSID3020625,2101,0.02232167993713906,0.0
DTXSID3020627,2101,0.0,0.0
DTXSID3020629,2101,0.0,0.0
DTXSID3020671,2101,0.0,0.0
DTXSID3020673,2101,1.7477224506819302e-09,0.0
DTXSID3020679,2101,0.9999673701924795,1.0
DTXSID3020704,2101,3.916733013405483e-08,0.0
DTXSID3020706,2101,0.9997902280792511,1.0
DTXSID3020708,2101,0.0,0.0
DTXSID3020750,2101,0.0,0.0
DTXSID3020752,2101,0.0,0.0
DTXSID3020756,2101,0.0,0.0
DTXSID3020833,2101,0.0,0.0
DTXSID3020835,2101,3.300465948654075e-12,0.0
DTXSID3020881,2101,9.31396658439549e-06,0.0
DTXSID3020887,2101,5.108986864813124e-15,0.0
DTXSID3020889,2101,2.5139856360685167e-13,0.0
DTXSID3020910,2101,0.0,0.0
DTXSID3020912,2101,1.3601555293736244e-10,0.0
DTXSID3020914,2101,1.8807267045489852e-15,0.0
DTXSID3020916,2101,0.0,0.0
DTXSID3020918,2101,4.818370947570609e-19,0.0
DTXSID3020960,2101,0.7056900705211401,0.0
DTXSID3020962,2101,0.0,0.0
DTXSID3020964,2101,9.43119532629899e-17,0.0
DTXSID3020966,2101,0.0,0.0
DTXSID3021065,2101,0.0,0.0
DTXSID3021140,2101,0.0016256538441032258,0.0
DTXSID3021142,2101,0.0,0.0
DTXSID3021144,2101,1.956314798155612e-09,0.0
DTXSID3021148,2101,0.0,0.0
DTXSID3021190,2101,0.0,0.0
DTXSID3021192,2101,0.9999129210559271,1.0
DTXSID3021196,2101,0.0,0.0
DTXSID3021198,2101,3.068160408586709e-09,0.0
DTXSID3021221,2101,0.0,0.0
DTXSID3021223,2101,0.9836557755310739,1.0
DTXSID3021275,2101,0.9999999976880891,1.0
DTXSID3021277,2101,8.662545682471828e-12,0.0
DTXSID3021304,2101,5.156162701263832e-14,0.0
DTXSID3021354,2101,0.0002621941466072156,0.0
DTXSID3021356,2101,9.011508690788185e-13,0.0
DTXSID3021358,2101,0.0,0.0
DTXSID3021431,2101,6.789412467277611e-17,0.0
DTXSID3021437,2101,0.0,0.0
DTXSID3021483,2101,0.0,0.0
DTXSID3021485,2101,0.0,0.0
DTXSID3021487,2101,0.0,0.0
DTXSID3021516,2101,0.0,0.0
DTXSID3021518,2101,0.0,0.0
DTXSID3021562,2101,0.0007519389832329582,0.0
DTXSID3021641,2101,0.0,0.0
DTXSID3021643,2101,0.0,0.0
DTXSID3021645,2101,0.0,0.0
DTXSID3021647,2101,0.0,0.0
DTXSID3021726,2101,0.0,0.0
DTXSID3021770,2101,0.0,0.0
DTXSID3021772,2101,0.0,0.0
DTXSID3021774,2101,0.0,0.0
DTXSID3021778,2101,0.999676153803337,1.0
DTXSID3021801,2101,0.0,0.0
DTXSID3021803,2101,0.0,0.0
DTXSID3021805,2101,3.3267353819967716e-07,0.0
DTXSID3021807,2101,0.0,0.0
DTXSID3021851,2101,,
DTXSID3021853,2101,0.0,0.0
DTXSID3021930,2101,4.664495737575112e-13,0.0
DTXSID3021932,2101,0.0,0.0
DTXSID3021936,2101,0.0,0.0
DTXSID3021938,2101,0.0,0.0
DTXSID3021980,2101,0.0,0.0
DTXSID3021982,2101,0.0,0.0
DTXSID3021984,2101,0.0,0.0
DTXSID3021986,2101,5.602469194737805e-06,0.0
DTXSID3021988,2101,0.0,0.0
DTXSID3022035,2101,0.0,0.0
DTXSID3022085,2101,6.681598257508966e-07,0.0
DTXSID3022089,2101,0.0,0.0
DTXSID3022160,2101,4.7234074627987006e-05,0.0
DTXSID3022162,2101,1.0514730603109012e-06,0.0
DTXSID3022164,2101,0.0,0.0
DTXSID3022247,2101,7.547551794616545e-05,0.0
DTXSID3022320,2101,7.406845640057986e-05,0.0
DTXSID3022326,2101,0.0,0.0
DTXSID3022370,2101,0.9999481365326581,1.0
DTXSID3022403,2101,2.7476137691353814e-14,0.0
DTXSID3022405,2101,8.854059572801579e-07,0.0
DTXSID3022409,2101,1.958662476593616e-10,0.0
DTXSID3022455,2101,1.0535667869721944e-09,0.0
DTXSID3022536,2101,0.9997082514517287,1.0
DTXSID3022582,2101,7.619070708055101e-09,0.0
DTXSID3022584,2101,0.0,0.0
DTXSID3022586,2101,0.0,0.0
DTXSID3022588,2101,0.0,0.0
DTXSID3022611,2101,0.0,0.0
DTXSID3022617,2101,0.0,0.0
DTXSID3022663,2101,0.9999996076359478,1.0
DTXSID3022667,2101,4.19181038440649e-09,0.0
DTXSID3022748,2101,0.0,0.0
DTXSID3022798,2101,0.0,0.0
DTXSID3022821,2101,0.8931148365588332,0.0
DTXSID3022825,2101,0.03489392628801953,0.0
DTXSID3022829,2101,0.0,0.0
DTXSID3022871,2101,0.0,0.0
DTXSID3022877,2101,0.0,0.0
DTXSID3022904,2101,0.0,0.0
DTXSID3022906,2101,0.0,0.0
DTXSID3022950,2101,0.0,0.0
DTXSID3022956,2101,0.0,0.0
DTXSID3022958,2101,1.4404367509050784e-12,0.0
DTXSID3023007,2101,,
DTXSID3023051,2101,1.4336483055803198e-12,0.0
DTXSID3023057,2101,0.0,0.0
DTXSID3023059,2101,0.0,0.0
DTXSID3023132,2101,0.0,0.0
DTXSID3023180,2101,0.998011911290865,1.0
DTXSID3023188,2101,0.05851301709868776,0.0
DTXSID3023261,2101,2.607023609230273e-12,0.0
DTXSID3023265,2101,,
DTXSID3023269,2101,0.0,0.0
DTXSID3023340,2101,,
DTXSID3023342,2101,2.1467674022878678e-11,0.0
DTXSID3023425,2101,3.3772199021164764e-06,0.0
DTXSID3023427,2101,0.0,0.0
DTXSID3023471,2101,0.0,0.0
DTXSID3023479,2101,0.0,0.0
DTXSID3023502,2101,0.0,0.0
DTXSID3023508,2101,9.953564754619684e-08,0.0
DTXSID3023550,2101,0.9995875096251664,1.0
DTXSID3023556,2101,6.635379936165181e-06,0.0
DTXSID3023685,2101,0.0012279171685370053,0.0
DTXSID3023687,2101,3.185460597943753e-08,0.0
DTXSID3023712,2101,0.0,0.0
DTXSID3023716,2101,4.3257021735927186e-16,0.0
DTXSID3023718,2101,0.0,0.0
DTXSID3023764,2101,5.800633149130778e-06,0.0
DTXSID3023845,2101,7.630645436113563e-08,0.0
DTXSID3023897,2101,0.0,0.0
DTXSID3023899,2101,0.0,0.0
DTXSID3023974,2101,0.0,0.0
DTXSID3024077,2101,0.0,0.0
DTXSID3024100,2101,0.0,0.0
DTXSID3024102,2101,0.0,0.0
DTXSID3024104,2101,2.098192430398462e-05,0.0
DTXSID3024108,2101,0.0,0.0
DTXSID3024152,2101,0.0,0.0
DTXSID3024154,2101,2.129886729959721e-11,0.0
DTXSID3024235,2101,0.9993161960996398,1.0
DTXSID3024239,2101,0.8787782950266284,0.0
DTXSID3024287,2101,0.0,0.0
DTXSID3024289,2101,0.0,0.0
DTXSID3024316,2101,0.0,0.0
DTXSID3024318,2101,2.7993271941619593e-10,0.0
DTXSID3024362,2101,0.0,0.0
DTXSID3024366,2101,1.1014904667976096e-10,0.0
DTXSID3024368,2101,0.0,0.0
DTXSID3024441,2101,3.019460798732472e-13,0.0
DTXSID3024447,2101,0.0,0.0
DTXSID3024449,2101,0.0,0.0
DTXSID3024491,2101,0.0,0.0
DTXSID3024497,2101,0.0,0.0
DTXSID3024499,2101,0.9999948741906722,1.0
DTXSID3024522,2101,0.0,0.0
DTXSID3024528,2101,0.0,0.0
DTXSID3024574,2101,0.0,0.0
DTXSID3024603,2101,0.0,0.0
DTXSID3024657,2101,0.0,0.0
DTXSID3024659,2101,9.41973260441433e-08,0.0
DTXSID3024736,2101,0.0,0.0
DTXSID3024738,2101,0.0,0.0
DTXSID3024780,2101,0.0,0.0
DTXSID3024786,2101,2.7672246183411024e-06,0.0
DTXSID3024815,2101,0.0,0.0
DTXSID3024861,2101,0.0,0.0
DTXSID3024869,2101,0.0,0.0
DTXSID3024940,2101,5.6013520793868297e-11,0.0
DTXSID3024942,2101,0.0,0.0
DTXSID3024944,2101,0.9999999999999876,1.0
DTXSID3024994,2101,0.0,0.0
DTXSID3024998,2101,0.0,0.0
DTXSID3025041,2101,0.0,0.0
DTXSID3025045,2101,0.9999999991941626,1.0
DTXSID3025047,2101,0.0,0.0
DTXSID3025049,2101,0.0,0.0
DTXSID3025091,2101,0.0006232073709521663,0.0
DTXSID3025093,2101,1.4472373856219492e-05,0.0
DTXSID3025122,2101,0.0021659908174293655,0.0
DTXSID3025170,2101,1.1021604062198622e-07,0.0
DTXSID3025178,2101,0.0,0.0
DTXSID3025203,2101,0.0,0.0
DTXSID3025209,2101,0.9983494306353492,1.0
DTXSID3025253,2101,0.9999999999999999,1.0
DTXSID3025257,2101,4.5267887172846694e-05,0.0
DTXSID3025330,2101,1.1107748078827529e-11,0.0
DTXSID3025332,2101,0.0,0.0
DTXSID3025338,2101,0.0,0.0
DTXSID3025461,2101,0.0,0.0
DTXSID3025465,2101,7.997443420395112e-08,0.0
DTXSID3025469,2101,0.0,0.0
DTXSID3025540,2101,0.9999999999999999,1.0
DTXSID3025542,2101,0.0,0.0
DTXSID3025590,2101,3.5464514042654328e-06,0.0
DTXSID3025629,2101,0.0,0.0
DTXSID3025671,2101,0.0,0.0
DTXSID3025706,2101,0.0,0.0
DTXSID3025758,2101,0.0,0.0
DTXSID3025839,2101,5.498179258620343e-09,0.0
DTXSID3025881,2101,0.0,0.0
DTXSID3025889,2101,0.0,0.0
DTXSID3026065,2101,1.4798736938004402e-06,0.0
DTXSID3026067,2101,0.0,0.0
DTXSID3026148,2101,2.3160450077285586e-07,0.0
DTXSID3026190,2101,0.9999998687472016,1.0
DTXSID3026223,2101,0.0,0.0
DTXSID3026275,2101,0.0,0.0
DTXSID3026279,2101,1.877211813128552e-15,0.0
DTXSID3026302,2101,0.0,0.0
DTXSID3026304,2101,0.0,0.0
DTXSID3026306,2101,5.297054363277872e-15,0.0
DTXSID3026308,2101,0.0,0.0
DTXSID3026512,2101,1.5583407575404725e-18,0.0
DTXSID3026514,2101,0.0,0.0
DTXSID3026516,2101,0.0,0.0
DTXSID3026560,2101,3.498225266844543e-11,0.0
DTXSID3026562,2101,0.0,0.0
DTXSID3026564,2101,1.4673108008202415e-08,0.0
DTXSID3026566,2101,0.0,0.0
DTXSID3026641,2101,9.780257406971419e-10,0.0
DTXSID3026645,2101,0.0,0.0
DTXSID3026647,2101,3.891671635185031e-09,0.0
DTXSID3026691,2101,3.8651663923515026e-19,0.0
DTXSID3026697,2101,1.4735564460582366e-05,0.0
DTXSID3026724,2101,5.986482527913098e-18,0.0
DTXSID3026726,2101,0.0,0.0
DTXSID3026728,2101,0.0,0.0
DTXSID3026851,2101,0.0,0.0
DTXSID3026932,2101,0.008127483711929085,0.0
DTXSID3026984,2101,3.262542821600737e-12,0.0
DTXSID3027037,2101,0.0,0.0
DTXSID3027039,2101,0.0004422801505830693,0.0
DTXSID3027085,2101,0.0,0.0
DTXSID3027116,2101,1.937036535849434e-12,0.0
DTXSID3027241,2101,0.0,0.0
DTXSID3027247,2101,0.0,0.0
DTXSID3027249,2101,0.0,0.0
DTXSID3027291,2101,0.0,0.0
DTXSID3027293,2101,1.2831544833787497e-13,0.0
DTXSID3027295,2101,0.0,0.0
DTXSID3027297,2101,0.0,0.0
DTXSID3027320,2101,0.0,0.0
DTXSID3027322,2101,0.0,0.0
DTXSID3027328,2101,0.0,0.0
DTXSID3027370,2101,8.884848650375098e-21,0.0
DTXSID3027401,2101,0.0,0.0
DTXSID3027403,2101,1.0,1.0
DTXSID3027405,2101,0.0,0.0
DTXSID3027407,2101,6.703793224318388e-11,0.0
DTXSID3027530,2101,0.8187114093940778,0.0
DTXSID3027534,2101,6.027992838126191e-15,0.0
DTXSID3027536,2101,0.0,0.0
DTXSID3027580,2101,0.0,0.0
DTXSID3027584,2101,0.0,0.0
DTXSID3027586,2101,0.0,0.0
DTXSID3027588,2101,0.0,0.0
DTXSID3027615,2101,0.0,0.0
DTXSID3027617,2101,5.336778477133725e-05,0.0
DTXSID3027740,2101,0.0,0.0
DTXSID3027790,2101,0.0,0.0
DTXSID3027792,2101,0.0,0.0
DTXSID3027798,2101,8.700909946757277e-12,0.0
DTXSID3027823,2101,7.995580984476824e-13,0.0
DTXSID3027829,2101,0.0,0.0
DTXSID3027875,2101,0.0,0.0
DTXSID3027877,2101,7.234318119852357e-10,0.0
DTXSID3027902,2101,0.0,0.0
DTXSID3027950,2101,0.999999999992895,1.0
DTXSID3028001,2101,0.0,0.0
DTXSID3028005,2101,0.0,0.0
DTXSID3029108,2101,0.0,0.0
DTXSID3029150,2101,0.0,0.0
DTXSID3029152,2101,0.0,0.0
DTXSID3029154,2101,0.0,0.0
DTXSID3029158,2101,0.0,0.0
DTXSID3029231,2101,0.0,0.0
DTXSID3029233,2101,0.0,0.0
DTXSID3029235,2101,0.0,0.0
DTXSID3029237,2101,1.7954437011926878e-12,0.0
DTXSID3029281,2101,1.104961303185166e-14,0.0
DTXSID3029283,2101,8.194314794249917e-06,0.0
DTXSID3029287,2101,0.0,0.0
DTXSID3029289,2101,0.0,0.0
DTXSID3029310,2101,0.0,0.0
DTXSID3029312,2101,0.0,0.0
DTXSID3029362,2101,4.205194368457242e-06,0.0
DTXSID3029364,2101,7.428934643001474e-05,0.0
DTXSID3029572,2101,3.458091633385827e-09,0.0
DTXSID3029607,2101,1.8231439533684916e-11,0.0
DTXSID3029651,2101,8.381198787201314e-08,0.0
DTXSID3029653,2101,0.0,0.0
DTXSID3029655,2101,1.0214092360108053e-09,0.0
DTXSID3029815,2101,0.8851548040248951,0.0
DTXSID3029869,2101,0.0,0.0
DTXSID3030056,2101,4.232876051369612e-13,0.0
DTXSID3030189,2101,0.0,0.0
DTXSID3030428,2101,6.264338366128465e-09,0.0
DTXSID3030636,2101,2.2995527316142406e-08,0.0
DTXSID3031444,2101,0.0,0.0
DTXSID3031492,2101,0.0,0.0
DTXSID3031521,2101,0.0,0.0
DTXSID3031860,2101,0.0,0.0
DTXSID3031862,2101,0.0,0.0
DTXSID3031864,2101,0.0,0.0
DTXSID3032129,2101,2.7666067563040666e-07,0.0
DTXSID3032331,2101,0.9999999981357186,1.0
DTXSID3032337,2101,0.0,0.0
DTXSID3032389,2101,3.608026191255829e-05,0.0
DTXSID3032412,2101,0.0,0.0
DTXSID3032416,2101,9.570306096437777e-07,0.0
DTXSID3032464,2101,0.0,0.0
DTXSID3032541,2101,0.9999999999499398,1.0
DTXSID3032547,2101,0.0,0.0
DTXSID3032549,2101,7.26803765555972e-08,0.0
DTXSID3032591,2101,0.0,0.0
DTXSID3032620,2101,4.689907616594908e-14,0.0
DTXSID3032622,2101,0.0,0.0
DTXSID3032624,2101,2.1177452946579857e-07,0.0
DTXSID3032626,2101,0.0,0.0
DTXSID3032628,2101,0.0055954163435321756,0.0
DTXSID3032670,2101,0.00019894733125151167,0.0
DTXSID3032751,2101,0.8443300067572541,0.0
DTXSID3032759,2101,0.447428363150336,0.0
DTXSID3032832,2101,0.0,0.0
DTXSID3033276,2101,0.0,0.0
DTXSID3033307,2101,0.9999999984737613,1.0
DTXSID3033511,2101,7.819813637143373e-15,0.0
DTXSID3033519,2101,6.509499465864726e-11,0.0
DTXSID3033983,2101,6.426505410837867e-16,0.0
DTXSID3033989,2101,0.0,0.0
DTXSID3034113,2101,5.786247868605391e-06,0.0
DTXSID3034165,2101,0.0,0.0
DTXSID3034402,2101,0.9830077515500806,1.0
DTXSID3034456,2101,1.1952862107190927e-14,0.0
DTXSID3034458,2101,0.0,0.0
DTXSID3034531,2101,0.0,0.0
DTXSID3034583,2101,,
DTXSID3034612,2101,0.0,0.0
DTXSID3034614,2101,4.523168333182599e-15,0.0
DTXSID3034618,2101,8.744594697664188e-08,0.0
DTXSID3034662,2101,3.649416039424889e-08,0.0
DTXSID3034664,2101,0.0,0.0
DTXSID3034872,2101,0.0,0.0
DTXSID3034903,2101,0.0,0.0
DTXSID3034957,2101,6.612076568770148e-16,0.0
DTXSID3035214,2101,0.0,0.0
DTXSID3035266,2101,0.0,0.0
DTXSID3035341,2101,5.220006173875814e-10,0.0
DTXSID3036105,2101,0.0,0.0
DTXSID3036286,2101,0.0,0.0
DTXSID3036288,2101,0.0,0.0
DTXSID3036496,2101,1.7949715359244067e-05,0.0
DTXSID3036525,2101,0.997660060937047,1.0
DTXSID3037094,2101,0.9999987472531977,1.0
DTXSID3037208,2101,0.0008732679706084864,0.0
DTXSID3037250,2101,0.0,0.0
DTXSID3037541,2101,0.999946453669553,1.0
DTXSID3037545,2101,4.2251814053102537e-16,0.0
DTXSID3037626,2101,0.0,0.0
DTXSID3037707,2101,0.0,0.0
DTXSID3037709,2101,0.0,0.0
DTXSID3037757,2101,0.0,0.0
DTXSID3038694,2101,,
DTXSID3038696,2101,0.0,0.0
DTXSID3038725,2101,0.0,0.0
DTXSID3038771,2101,0.0,0.0
DTXSID3038800,2101,0.0,0.0
DTXSID3038808,2101,0.0,0.0
DTXSID3038852,2101,0.0,0.0
DTXSID3038939,2101,4.477104747609142e-19,0.0
DTXSID3039240,2101,0.9979069263724525,1.0
DTXSID3039242,2101,2.1359756873291053e-06,0.0
DTXSID3040271,2101,7.954822797934425e-14,0.0
DTXSID3040279,2101,0.009034375520689825,0.0
DTXSID3040300,2101,0.0,0.0
DTXSID3040352,2101,0.9999999990108968,1.0
DTXSID3040643,2101,0.0,0.0
DTXSID3040647,2101,,
DTXSID3040691,2101,0.0,0.0
DTXSID3040693,2101,0.0,0.0
DTXSID3040697,2101,0.0,0.0
DTXSID3040699,2101,0.0,0.0
DTXSID3040720,2101,0.9999964637378222,1.0
DTXSID3040722,2101,0.00016339285685279607,0.0
DTXSID3040724,2101,0.0,0.0
DTXSID3040726,2101,0.0,0.0
DTXSID3040728,2101,1.9405638533341806e-12,0.0
DTXSID3040770,2101,5.769215089582801e-18,0.0
DTXSID3040774,2101,0.0,0.0
DTXSID3040776,2101,0.0,0.0
DTXSID3040801,2101,0.01262922416861458,0.0
DTXSID3040980,2101,0.0,0.0
DTXSID3041085,2101,0.0,0.0
DTXSID3041247,2101,0.8977103179426783,0.0
DTXSID3041293,2101,0.0,0.0
DTXSID3041299,2101,0.0,0.0
DTXSID3041328,2101,0.0,0.0
DTXSID3041370,2101,1.0054146614159669e-10,0.0
DTXSID3041372,2101,0.0,0.0
DTXSID3041376,2101,0.0,0.0
DTXSID3041403,2101,0.0,0.0
DTXSID3041405,2101,0.0,0.0
DTXSID3041409,2101,0.925477727846475,1.0
DTXSID3041451,2101,0.0,0.0
DTXSID3041530,2101,0.0,0.0
DTXSID3041580,2101,0.0,0.0
DTXSID3041611,2101,0.00392796176705466,0.0
DTXSID3041613,2101,0.0,0.0
DTXSID3041615,2101,0.0,0.0
DTXSID3041617,2101,0.9999998347632008,1.0
DTXSID3041619,2101,0.15580344073517724,0.0
DTXSID3041661,2101,0.0,0.0
DTXSID3041663,2101,2.0449862219073038e-17,0.0
DTXSID3041665,2101,0.9999999999995031,1.0
DTXSID3041744,2101,0.00020635201120922675,0.0
DTXSID3041790,2101,0.0,0.0
DTXSID3041794,2101,0.9989996822915809,1.0
DTXSID3041827,2101,5.325278510954763e-06,0.0
DTXSID3041873,2101,0.0,0.0
DTXSID3041877,2101,0.0,0.0
DTXSID3041954,2101,0.0,0.0
DTXSID3042007,2101,2.588582469569786e-10,0.0
DTXSID3042051,2101,0.0,0.0
DTXSID3042053,2101,0.0,0.0
DTXSID3042059,2101,0.0,0.0
DTXSID3042130,2101,0.00046151655405255707,0.0
DTXSID3042180,2101,0.0,0.0
DTXSID3042188,2101,0.0,0.0
DTXSID3042215,2101,0.0,0.0
DTXSID3042219,2101,0.0,0.0
DTXSID3042261,2101,0.9983658949864133,1.0
DTXSID3042263,2101,2.458355572465568e-08,0.0
DTXSID3042269,2101,0.0,0.0
DTXSID3042390,2101,0.9999999999996323,1.0
DTXSID3042394,2101,0.0,0.0
DTXSID3042423,2101,8.382794209440857e-08,0.0
DTXSID3042477,2101,0.9999900868734635,1.0
DTXSID3042500,2101,1.0,1.0
DTXSID3042633,2101,0.9998407282962514,1.0
DTXSID3043782,2101,0.0,0.0
DTXSID3044124,2101,,
DTXSID3044128,2101,0.0,0.0
DTXSID3044201,2101,2.677293174603625e-12,0.0
DTXSID3044203,2101,1.1077326238323337e-07,0.0
DTXSID3044205,2101,0.716508138870817,0.0
DTXSID3044251,2101,0.0,0.0
DTXSID3044332,2101,0.0,0.0
DTXSID3044334,2101,4.6942800048086716e-12,0.0
DTXSID3044338,2101,0.9761179898168049,1.0
DTXSID3044380,2101,0.0,0.0
DTXSID3044382,2101,0.0,0.0
DTXSID3044384,2101,0.0,0.0
DTXSID3044388,2101,0.0,0.0
DTXSID3044411,2101,0.0,0.0
DTXSID3044413,2101,0.0,0.0
DTXSID3044415,2101,0.9999999999999937,1.0
DTXSID3044461,2101,0.0,0.0
DTXSID3044463,2101,0.0,0.0
DTXSID3044465,2101,0.0,0.0
DTXSID3044469,2101,0.0,0.0
DTXSID3044542,2101,3.1246437226688885e-16,0.0
DTXSID3044544,2101,1.1484573561460831e-06,0.0
DTXSID3044590,2101,0.9999870958985494,1.0
DTXSID3044598,2101,0.0,0.0
DTXSID3044621,2101,5.244365556768437e-14,0.0
DTXSID3044623,2101,0.9990597717246185,1.0
DTXSID3044625,2101,0.0,0.0
DTXSID3044627,2101,0.0,0.0
DTXSID3044629,2101,0.0,0.0
DTXSID3044679,2101,0.0,0.0
DTXSID3044700,2101,0.0,0.0
DTXSID3044702,2101,1.934846666662199e-17,0.0
DTXSID3044704,2101,1.2075533365721815e-05,0.0
DTXSID3044706,2101,0.0,0.0
DTXSID3044750,2101,0.0634417074593485,0.0
DTXSID3044752,2101,0.9998512390158502,1.0
DTXSID3044754,2101,0.0,0.0
DTXSID3044756,2101,0.0,0.0
DTXSID3044758,2101,0.0,0.0
DTXSID3044831,2101,0.0,0.0
DTXSID3044833,2101,0.0,0.0
DTXSID3044835,2101,0.00027765589680814703,0.0
DTXSID3044837,2101,0.0,0.0
DTXSID3044839,2101,0.0,0.0
DTXSID3044881,2101,0.0,0.0
DTXSID3044883,2101,0.0,0.0
DTXSID3044887,2101,0.9186625187215005,1.0
DTXSID3044889,2101,0.00021230512344765903,0.0
DTXSID3044910,2101,0.9999704700886144,1.0
DTXSID3044914,2101,2.378476539979889e-07,0.0
DTXSID3044916,2101,0.0,0.0
DTXSID3044918,2101,1.1858387043465123e-09,0.0
DTXSID3044960,2101,0.24905108155937375,0.0
DTXSID3044962,2101,4.961140602942539e-07,0.0
DTXSID3044966,2101,0.9999999952979085,1.0
DTXSID3045140,2101,4.419758742708001e-12,0.0
DTXSID3045190,2101,0.0,0.0
DTXSID3045192,2101,0.0,0.0
DTXSID3045194,2101,0.0,0.0
DTXSID3045196,2101,1.5431047728292113e-15,0.0
DTXSID3045198,2101,0.9843994367124159,1.0
DTXSID3045221,2101,0.0,0.0
DTXSID3045223,2101,1.3442358804448503e-07,0.0
DTXSID3045227,2101,1.0085650608196741e-07,0.0
DTXSID3045229,2101,0.0,0.0
DTXSID3045271,2101,0.00018162133749681083,0.0
DTXSID3045300,2101,0.0,0.0
DTXSID3045304,2101,0.0,0.0
DTXSID3045306,2101,3.0409964955834506e-13,0.0
DTXSID3045433,2101,0.0,0.0
DTXSID3045435,2101,0.010893660397320242,0.0
DTXSID3045437,2101,0.0,0.0
DTXSID3045485,2101,1.3856677650823223e-16,0.0
DTXSID3045514,2101,6.127542514574516e-07,0.0
DTXSID3045560,2101,0.00042512098243258734,0.0
DTXSID3045562,2101,0.0,0.0
DTXSID3045645,2101,1.5487446431840871e-07,0.0
DTXSID3045647,2101,0.0,0.0
DTXSID3045649,2101,0.0,0.0
DTXSID3045695,2101,0.0,0.0
DTXSID3045697,2101,0.0,0.0
DTXSID3045770,2101,0.0,0.0
DTXSID3045776,2101,0.0,0.0
DTXSID3045778,2101,0.0,0.0
DTXSID3045805,2101,0.0,0.0
DTXSID3045807,2101,0.0,0.0
DTXSID3045851,2101,0.0,0.0
DTXSID3045857,2101,0.0,0.0
DTXSID3045859,2101,0.7576023692844032,0.0
DTXSID3045930,2101,0.19270151375628164,0.0
DTXSID3045934,2101,0.0,0.0
DTXSID3046081,2101,0.0,0.0
DTXSID3046083,2101,0.9395776180762851,1.0
DTXSID3046110,2101,0.00013126572316310284,0.0
DTXSID3046114,2101,0.0,0.0
DTXSID3046162,2101,0.0,0.0
DTXSID3046295,2101,0.0,0.0
DTXSID3046297,2101,1.2655389528008876e-08,0.0
DTXSID3046299,2101,,
DTXSID3046320,2101,0.0,0.0
DTXSID3046324,2101,0.0,0.0
DTXSID3046326,2101,0.0,0.0
DTXSID3046401,2101,0.0,0.0
DTXSID3046403,2101,0.0,0.0
DTXSID3046405,2101,0.0,0.0
DTXSID3046409,2101,0.0,0.0
DTXSID3046451,2101,0.0,0.0
DTXSID3046453,2101,0.9487948299285004,1.0
DTXSID3046457,2101,,
DTXSID3046459,2101,0.0,0.0
DTXSID3046534,2101,0.006426096149410894,0.0
DTXSID3046536,2101,0.0,0.0
DTXSID3046580,2101,0.0,0.0
DTXSID3046584,2101,0.0,0.0
DTXSID3046619,2101,0.9848795226504389,1.0
DTXSID3046663,2101,0.9961946697433378,1.0
DTXSID3046665,2101,0.9998886541955466,1.0
DTXSID3046740,2101,1.5732602011606982e-05,0.0
DTXSID3046742,2101,0.0,0.0
DTXSID3046744,2101,0.000395700527583126,0.0
DTXSID3046748,2101,0.0,0.0
DTXSID3046792,2101,0.9999999047021573,1.0
DTXSID3046798,2101,0.0,0.0
DTXSID3046821,2101,0.0,0.0
DTXSID3046823,2101,0.8135069361756095,0.0
DTXSID3046908,2101,2.647334523316891e-07,0.0
DTXSID3047001,2101,7.849011954006535e-16,0.0
DTXSID3047003,2101,0.0,0.0
DTXSID3047051,2101,7.763701032610895e-07,0.0
DTXSID3047053,2101,0.0,0.0
DTXSID3047055,2101,5.049676217872738e-20,0.0
DTXSID3047057,2101,0.0,0.0
DTXSID3047059,2101,0.0,0.0
DTXSID3047130,2101,6.126201147571695e-11,0.0
DTXSID3047132,2101,3.216149309603234e-06,0.0
DTXSID3047134,2101,0.0,0.0
DTXSID3047136,2101,0.0,0.0
DTXSID3047138,2101,0.0,0.0
DTXSID3047180,2101,0.0,0.0
DTXSID3047182,2101,0.0,0.0
DTXSID3047184,2101,1.6063412826890454e-17,0.0
DTXSID3047186,2101,,
DTXSID3047188,2101,0.0,0.0
DTXSID3047261,2101,0.0,0.0
DTXSID3047263,2101,2.036017478743924e-11,0.0
DTXSID3047265,2101,0.0,0.0
DTXSID3047267,2101,0.0,0.0
DTXSID3047342,2101,0.9999821876992886,1.0
DTXSID3047344,2101,2.375095709180304e-14,0.0
DTXSID3047346,2101,1.8231044676320806e-08,0.0
DTXSID3047348,2101,0.9370613977714987,1.0
DTXSID3047394,2101,0.0,0.0
DTXSID3047423,2101,2.9346281980236985e-08,0.0
DTXSID3047425,2101,3.332672648415085e-05,0.0
DTXSID3047427,2101,2.3168304185465098e-10,0.0
DTXSID3047429,2101,0.0,0.0
DTXSID3047471,2101,0.0,0.0
DTXSID3047473,2101,9.850339644636551e-11,0.0
DTXSID3047477,2101,1.8364474694090118e-08,0.0
DTXSID3047504,2101,0.0,0.0
DTXSID3047508,2101,1.6850750640773364e-14,0.0
DTXSID3047552,2101,8.776864773581628e-14,0.0
DTXSID3047554,2101,6.035217256915764e-07,0.0
DTXSID3047556,2101,0.0,0.0
DTXSID3047558,2101,0.0,0.0
DTXSID3047631,2101,3.874896811371442e-15,0.0
DTXSID3047633,2101,0.0,0.0
DTXSID3047637,2101,0.0,0.0
DTXSID3047639,2101,0.9924967867853683,1.0
DTXSID3047681,2101,0.0,0.0
DTXSID3047683,2101,0.0,0.0
DTXSID3047687,2101,0.0,0.0
DTXSID3047712,2101,0.0,0.0
DTXSID3047716,2101,0.0,0.0
DTXSID3047760,2101,0.0,0.0
DTXSID3047843,2101,0.9991991195390297,1.0
DTXSID3047849,2101,0.0,0.0
DTXSID3047891,2101,6.861751895976575e-15,0.0
DTXSID3047893,2101,6.378289852512149e-08,0.0
DTXSID3047895,2101,2.509629136571333e-07,0.0
DTXSID3047897,2101,0.0,0.0
DTXSID3047899,2101,0.0,0.0
DTXSID3047920,2101,0.0,0.0
DTXSID3047922,2101,8.028608306875397e-09,0.0
DTXSID3047924,2101,0.0,0.0
DTXSID3047926,2101,0.9999999767967975,1.0
DTXSID3047928,2101,0.0,0.0
DTXSID3047970,2101,0.0,0.0
DTXSID3047972,2101,0.0,0.0
DTXSID3047974,2101,9.068127366391572e-12,0.0
DTXSID3048520,2101,0.0,0.0
DTXSID3048522,2101,0.9999843489983947,1.0
DTXSID3048574,2101,0.0,0.0
DTXSID3048576,2101,0.0,0.0
DTXSID3048603,2101,0.0,0.0
DTXSID3048605,2101,0.0,0.0
DTXSID3048607,2101,0.9844409108186171,1.0
DTXSID3048653,2101,0.9999999999569098,1.0
DTXSID3048655,2101,0.0,0.0
DTXSID3048657,2101,0.9999988593753559,1.0
DTXSID3048659,2101,0.0,0.0
DTXSID3048732,2101,1.0563363629262852e-12,0.0
DTXSID3048780,2101,0.0018627871979275113,0.0
DTXSID3048782,2101,0.0,0.0
DTXSID3048786,2101,0.9994770680464062,1.0
DTXSID3048788,2101,0.0,0.0
DTXSID3048811,2101,0.9993914666037028,1.0
DTXSID3048815,2101,6.934343903408857e-11,0.0
DTXSID3048817,2101,0.0,0.0
DTXSID3048819,2101,0.0,0.0
DTXSID3048861,2101,0.0,0.0
DTXSID3048863,2101,0.9844530216695166,1.0
DTXSID3048869,2101,1.87254875410326e-08,0.0
DTXSID3048944,2101,0.0,0.0
DTXSID3048948,2101,0.9980952664994813,1.0
DTXSID3048992,2101,4.209533790565638e-09,0.0
DTXSID3048998,2101,0.0,0.0
DTXSID3049041,2101,0.0,0.0
DTXSID3049045,2101,0.0,0.0
DTXSID3049047,2101,0.999997584385741,1.0
DTXSID3049049,2101,0.997338375014463,1.0
DTXSID3049201,2101,0.0,0.0
DTXSID3049203,2101,0.0,0.0
DTXSID3049205,2101,0.9996940472936549,1.0
DTXSID3049207,2101,5.476513652190812e-13,0.0
DTXSID3049209,2101,0.0,0.0
DTXSID3049251,2101,0.0,0.0
DTXSID3049253,2101,0.9999332038065634,1.0
DTXSID3049255,2101,0.0,0.0
DTXSID3049257,2101,0.0,0.0
DTXSID3049259,2101,0.0,0.0
DTXSID3049330,2101,0.0,0.0
DTXSID3049332,2101,0.9999821256547528,1.0
DTXSID3049334,2101,0.0,0.0
DTXSID3049336,2101,9.801376024729488e-10,0.0
DTXSID3049338,2101,0.0,0.0
DTXSID3049380,2101,0.0,0.0
DTXSID3049382,2101,0.0,0.0
DTXSID3049384,2101,7.324619210565466e-11,0.0
DTXSID3049386,2101,0.0,0.0
DTXSID3049388,2101,0.0,0.0
DTXSID3049411,2101,0.0,0.0
DTXSID3049413,2101,0.0,0.0
DTXSID3049415,2101,0.0,0.0
DTXSID3049417,2101,0.9999999585403706,1.0
DTXSID3049419,2101,0.0,0.0
DTXSID3049461,2101,0.0,0.0
DTXSID3049463,2101,0.0,0.0
DTXSID3049465,2101,0.0,0.0
DTXSID3049467,2101,0.0,0.0
DTXSID3049469,2101,0.0,0.0
DTXSID3049540,2101,0.0,0.0
DTXSID3049542,2101,0.0,0.0
DTXSID3049544,2101,1.3147065206556454e-13,0.0
DTXSID3049546,2101,0.0,0.0
DTXSID3049548,2101,0.0,0.0
DTXSID3051381,2101,0.0,0.0
DTXSID3051707,2101,3.1563604250868657e-09,0.0
DTXSID3051834,2101,2.8522320107541635e-05,0.0
DTXSID3051836,2101,0.0,0.0
DTXSID3052010,2101,0.0,0.0
DTXSID3052060,2101,6.0634118867497e-17,0.0
DTXSID3052228,2101,6.5352021632593945e-12,0.0
DTXSID3052278,2101,1.114088468148774e-05,0.0
DTXSID3052301,2101,0.0,0.0
DTXSID3052307,2101,0.0,0.0
DTXSID3052309,2101,4.19001487395887e-09,0.0
DTXSID3052511,2101,1.078013232489142e-11,0.0
DTXSID3052567,2101,0.2600975100756405,0.0
DTXSID3052648,2101,0.0,0.0
DTXSID3057640,2101,0.0,0.0
DTXSID3057642,2101,0.7895455674152888,0.0
DTXSID3057644,2101,0.00012612716331936082,0.0
DTXSID3057646,2101,0.0,0.0
DTXSID3057648,2101,2.3047801427739243e-13,0.0
DTXSID3057690,2101,7.375735289393157e-08,0.0
DTXSID3057692,2101,0.0,0.0
DTXSID3057694,2101,0.0,0.0
DTXSID3057696,2101,0.0,0.0
DTXSID3057698,2101,0.0,0.0
DTXSID3057721,2101,0.0,0.0
DTXSID3057723,2101,0.0,0.0
DTXSID3057725,2101,1.4686677372803497e-06,0.0
DTXSID3057727,2101,0.0,0.0
DTXSID3057729,2101,2.958687404893267e-07,0.0
DTXSID3057771,2101,1.0210556649712093e-14,0.0
DTXSID3057773,2101,6.593781713667561e-10,0.0
DTXSID3057775,2101,0.0,0.0
DTXSID3057777,2101,0.0,0.0
DTXSID3057779,2101,7.810217646873443e-15,0.0
DTXSID3057800,2101,0.0,0.0
DTXSID3057802,2101,8.862606116725837e-11,0.0
DTXSID3057804,2101,0.0,0.0
DTXSID3057806,2101,0.0,0.0
DTXSID3057808,2101,0.0,0.0
DTXSID3057850,2101,0.0,0.0
DTXSID3057852,2101,2.4375193324699813e-14,0.0
DTXSID3057854,2101,,
DTXSID3057856,2101,0.0,0.0
DTXSID3057858,2101,5.6014885872154595e-15,0.0
DTXSID4020032,2101,0.0,0.0
DTXSID4020086,2101,9.262567533189529e-07,0.0
DTXSID4020088,2101,0.0,0.0
DTXSID4020113,2101,0.0,0.0
DTXSID4020117,2101,1.3858433162400457e-08,0.0
DTXSID4020119,2101,3.525437101195526e-06,0.0
DTXSID4020161,2101,5.746584867286533e-10,0.0
DTXSID4020167,2101,0.0,0.0
DTXSID4020240,2101,0.0,0.0
DTXSID4020242,2101,0.9999999999997926,1.0
DTXSID4020244,2101,0.0,0.0
DTXSID4020246,2101,1.0237794637669572e-12,0.0
DTXSID4020248,2101,7.647102923830627e-14,0.0
DTXSID4020290,2101,0.0,0.0
DTXSID4020292,2101,2.1177716243514694e-11,0.0
DTXSID4020294,2101,0.999930565237172,1.0
DTXSID4020296,2101,0.0,0.0
DTXSID4020298,2101,0.0,0.0
DTXSID4020321,2101,3.2744039898450497e-14,0.0
DTXSID4020325,2101,0.0,0.0
DTXSID4020327,2101,0.0,0.0
DTXSID4020329,2101,1.7144921712727757e-08,0.0
DTXSID4020371,2101,6.078708901929039e-11,0.0
DTXSID4020373,2101,0.9997431836612445,1.0
DTXSID4020375,2101,0.9819181266905911,1.0
DTXSID4020379,2101,1.3579781758809739e-06,0.0
DTXSID4020400,2101,0.0,0.0
DTXSID4020402,2101,8.202496329077056e-11,0.0
DTXSID4020406,2101,2.5059338315893647e-06,0.0
DTXSID4020450,2101,0.0,0.0
DTXSID4020452,2101,0.0,0.0
DTXSID4020458,2101,0.00011183298122276802,0.0
DTXSID4020533,2101,0.0,0.0
DTXSID4020535,2101,0.9994848919793226,1.0
DTXSID4020537,2101,2.394942537919624e-05,0.0
DTXSID4020539,2101,1.4165883988047551e-09,0.0
DTXSID4020581,2101,0.0,0.0
DTXSID4020583,2101,0.0,0.0
DTXSID4020587,2101,0.0,0.0
DTXSID4020589,2101,1.3837571259565158e-05,0.0
DTXSID4020612,2101,1.2973703454392982e-08,0.0
DTXSID4020614,2101,1.147455389199873e-06,0.0
DTXSID4020616,2101,0.0,0.0
DTXSID4020618,2101,4.7879103467496906e-20,0.0
DTXSID4020664,2101,0.0,0.0
DTXSID4020666,2101,0.0,0.0
DTXSID4020668,2101,2.2310334803969773e-17,0.0
DTXSID4020743,2101,0.01840031702293146,0.0
DTXSID4020745,2101,0.0,0.0
DTXSID4020749,2101,4.4565760007131064e-08,0.0
DTXSID4020791,2101,8.096105027509791e-12,0.0
DTXSID4020820,2101,1.6021706224017419e-18,0.0
DTXSID4020822,2101,0.0,0.0
DTXSID4020826,2101,0.5761155925738225,0.0
DTXSID4020828,2101,7.334291461043084e-11,0.0
DTXSID4020870,2101,0.9999999999907224,1.0
DTXSID4020876,2101,0.0,0.0
DTXSID4020878,2101,1.0303700220446103e-18,0.0
DTXSID4020901,2101,0.0,0.0
DTXSID4020957,2101,8.264902877499787e-19,0.0
DTXSID4020959,2101,0.0,0.0
DTXSID4021002,2101,0.001567675256121187,0.0
DTXSID4021006,2101,0.0,0.0
DTXSID4021056,2101,0.0,0.0
DTXSID4021131,2101,0.9999746701075752,1.0
DTXSID4021135,2101,0.9900066519652991,1.0
DTXSID4021137,2101,0.0,0.0
DTXSID4021139,2101,1.1701622108266334e-16,0.0
DTXSID4021181,2101,4.039798952887533e-08,0.0
DTXSID4021185,2101,5.466682210637596e-17,0.0
DTXSID4021189,2101,0.0,0.0
DTXSID4021212,2101,0.0,0.0
DTXSID4021214,2101,0.8572699450860843,0.0
DTXSID4021216,2101,2.5297171352116564e-19,0.0
DTXSID4021218,2101,3.33790015336738e-06,0.0
DTXSID4021264,2101,0.0,0.0
DTXSID4021268,2101,2.3505001303808592e-18,0.0
DTXSID4021341,2101,0.9999997895443675,1.0
DTXSID4021343,2101,1.2698561850453371e-08,0.0
DTXSID4021347,2101,1.468862643844865e-12,0.0
DTXSID4021391,2101,3.301272146674738e-06,0.0
DTXSID4021393,2101,0.0,0.0
DTXSID4021395,2101,3.5959753622053904e-12,0.0
DTXSID4021397,2101,0.5872423740672469,0.0
DTXSID4021424,2101,0.0,0.0
DTXSID4021426,2101,0.0,0.0
DTXSID4021472,2101,0.0,0.0
DTXSID4021478,2101,0.9999963799795217,1.0
DTXSID4021503,2101,0.0,0.0
DTXSID4021553,2101,0.0,0.0
DTXSID4021557,2101,0.0,0.0
DTXSID4021559,2101,0.9959656653207579,1.0
DTXSID4021632,2101,0.0,0.0
DTXSID4021634,2101,8.51396551121988e-12,0.0
DTXSID4021636,2101,0.0,0.0
DTXSID4021638,2101,0.0,0.0
DTXSID4021680,2101,0.4486916183175327,0.0
DTXSID4021684,2101,0.0,0.0
DTXSID4021688,2101,0.0,0.0
DTXSID4021715,2101,0.9999999999958814,1.0
DTXSID4021717,2101,0.0,0.0
DTXSID4021761,2101,0.0,0.0
DTXSID4021767,2101,0.0,0.0
DTXSID4021769,2101,0.0,0.0
DTXSID4021842,2101,0.0,0.0
DTXSID4021848,2101,0.0,0.0
DTXSID4021890,2101,0.0,0.0
DTXSID4021892,2101,0.0,0.0
DTXSID4021894,2101,0.0,0.0
DTXSID4021921,2101,2.0660508567725355e-19,0.0
DTXSID4021923,2101,0.0,0.0
DTXSID4021925,2101,0.0,0.0
DTXSID4021929,2101,0.0,0.0
DTXSID4021971,2101,0.0,0.0
DTXSID4021973,2101,0.0,0.0
DTXSID4021975,2101,0.9096202053974497,1.0
DTXSID4021977,2101,1.1861398859296267e-11,0.0
DTXSID4021979,2101,0.0,0.0
DTXSID4022020,2101,0.0,0.0
DTXSID4022070,2101,0.0,0.0
DTXSID4022107,2101,0.0,0.0
DTXSID4022109,2101,0.0,0.0
DTXSID4022153,2101,1.0,1.0
DTXSID4022159,2101,0.0,0.0
DTXSID4022284,2101,0.0,0.0
DTXSID4022288,2101,2.526009905006891e-07,0.0
DTXSID4022311,2101,3.269830941792254e-10,0.0
DTXSID4022313,2101,2.3539580363488226e-06,0.0
DTXSID4022315,2101,9.225672677852528e-09,0.0
DTXSID4022361,2101,3.0148077448179347e-09,0.0
DTXSID4022367,2101,0.0,0.0
DTXSID4022369,2101,0.9999998986816404,1.0
DTXSID4022442,2101,1.3891145612438512e-05,0.0
DTXSID4022446,2101,3.8389487573313385e-06,0.0
DTXSID4022448,2101,1.5543302524708504e-11,0.0
DTXSID4022521,2101,0.0,0.0
DTXSID4022523,2101,0.5890849051289307,0.0
DTXSID4022525,2101,0.9991406726688605,1.0
DTXSID4022527,2101,0.0,0.0
DTXSID4022529,2101,0.0,0.0
DTXSID4022573,2101,0.0,0.0
DTXSID4022579,2101,4.9206973453666596e-05,0.0
DTXSID4022602,2101,0.0,0.0
DTXSID4022652,2101,2.978412210321001e-19,0.0
DTXSID4022658,2101,0.0,0.0
DTXSID4022731,2101,0.0,0.0
DTXSID4022783,2101,0.0,0.0
DTXSID4022785,2101,,
DTXSID4022810,2101,0.9999703732735197,1.0
DTXSID4022812,2101,0.0,0.0
DTXSID4022816,2101,0.999999981742001,1.0
DTXSID4022866,2101,,
DTXSID4022868,2101,0.0,0.0
DTXSID4022947,2101,0.0,0.0
DTXSID4022949,2101,0.0,0.0
DTXSID4022991,2101,1.6403949564561306e-08,0.0
DTXSID4022999,2101,0.9999980646797852,1.0
DTXSID4023042,2101,0.9999995038131337,1.0
DTXSID4023094,2101,0.04357363456484365,0.0
DTXSID4023096,2101,0.0,0.0
DTXSID4023125,2101,0.0,0.0
DTXSID4023175,2101,5.788797848030415e-11,0.0
DTXSID4023177,2101,7.901169763553186e-10,0.0
DTXSID4023179,2101,0.9999997636400002,1.0
DTXSID4023200,2101,0.06309468580419698,0.0
DTXSID4023202,2101,0.0,0.0
DTXSID4023252,2101,0.0,0.0
DTXSID4023254,2101,0.0,0.0
DTXSID4023333,2101,0.9999811779335892,1.0
DTXSID4023385,2101,8.454242735533992e-10,0.0
DTXSID4023387,2101,0.0,0.0
DTXSID4023412,2101,3.6961786560372893e-06,0.0
DTXSID4023414,2101,0.0,0.0
DTXSID4023416,2101,0.0,0.0
DTXSID4023460,2101,7.550362918486598e-15,0.0
DTXSID4023462,2101,5.79670642233291e-09,0.0
DTXSID4023541,2101,0.0,0.0
DTXSID4023549,2101,1.115405108264093e-09,0.0
DTXSID4023591,2101,0.0,0.0
DTXSID4023595,2101,7.946988735641043e-09,0.0
DTXSID4023620,2101,0.0,0.0
DTXSID4023622,2101,0.0,0.0
DTXSID4023624,2101,3.912469391760767e-10,0.0
DTXSID4023626,2101,0.0,0.0
DTXSID4023628,2101,0.0,0.0
DTXSID4023672,2101,0.0,0.0
DTXSID4023674,2101,0.0,0.0
DTXSID4023676,2101,0.0,0.0
DTXSID4023678,2101,3.5106939636166325e-05,0.0
DTXSID4023753,2101,0.9341683517840154,1.0
DTXSID4023917,2101,0.0,0.0
DTXSID4024012,2101,0.0,0.0
DTXSID4024014,2101,0.0,0.0
DTXSID4024018,2101,0.0,0.0
DTXSID4024062,2101,0.0,0.0
DTXSID4024064,2101,0.9999250196300051,1.0
DTXSID4024066,2101,1.862817814365743e-08,0.0
DTXSID4024143,2101,9.370141659912362e-11,0.0
DTXSID4024145,2101,2.726538248477136e-13,0.0
DTXSID4024193,2101,0.0,0.0
DTXSID4024195,2101,0.0,0.0
DTXSID4024222,2101,0.0,0.0
DTXSID4024270,2101,0.9999311938040132,1.0
DTXSID4024272,2101,0.0,0.0
DTXSID4024274,2101,0.9996822806081529,1.0
DTXSID4024276,2101,0.9999991000643284,1.0
DTXSID4024303,2101,0.0,0.0
DTXSID4024359,2101,2.066977657431961e-05,0.0
DTXSID4024436,2101,0.9502500357777761,1.0
DTXSID4024484,2101,0.0,0.0
DTXSID4024488,2101,8.486330640340844e-09,0.0
DTXSID4024515,2101,0.0,0.0
DTXSID4024640,2101,0.0,0.0
DTXSID4024642,2101,0.0,0.0
DTXSID4024644,2101,0.0,0.0
DTXSID4024646,2101,0.0439028197985097,0.0
DTXSID4024690,2101,0.0,0.0
DTXSID4024692,2101,0.0,0.0
DTXSID4024696,2101,3.771030808671457e-15,0.0
DTXSID4024721,2101,0.0,0.0
DTXSID4024729,2101,0.0,0.0
DTXSID4024771,2101,2.2333200988387875e-12,0.0
DTXSID4024773,2101,0.0,0.0
DTXSID4024775,2101,0.0,0.0
DTXSID4024800,2101,0.0,0.0
DTXSID4024858,2101,6.3350224830401694e-15,0.0
DTXSID4024931,2101,0.0,0.0
DTXSID4024937,2101,3.2736743399375783e-09,0.0
DTXSID4024981,2101,0.0,0.0
DTXSID4024983,2101,2.4701499291311687e-10,0.0
DTXSID4024985,2101,0.0,0.0
DTXSID4025080,2101,3.512619886006229e-13,0.0
DTXSID4025082,2101,2.4895302856609724e-17,0.0
DTXSID4025086,2101,0.0,0.0
DTXSID4025111,2101,0.0,0.0
DTXSID4025113,2101,1.4164130813194395e-08,0.0
DTXSID4025117,2101,2.589566535067198e-16,0.0
DTXSID4025165,2101,0.0022670013239278228,0.0
DTXSID4025167,2101,0.5230414590978104,0.0
DTXSID4025240,2101,0.0,0.0
DTXSID4025242,2101,0.0,0.0
DTXSID4025292,2101,1.1219221154566718e-10,0.0
DTXSID4025296,2101,0.0,0.0
DTXSID4025298,2101,0.0,0.0
DTXSID4025329,2101,1.239538150213328e-10,0.0
DTXSID4025371,2101,3.3052003608033325e-14,0.0
DTXSID4025402,2101,9.54502115303934e-11,0.0
DTXSID4025404,2101,1.3888024780689063e-15,0.0
DTXSID4025406,2101,0.0,0.0
DTXSID4025454,2101,0.0,0.0
DTXSID4025581,2101,1.0991266495370298e-10,0.0
DTXSID4025587,2101,0.0,0.0
DTXSID4025610,2101,2.393732628371493e-16,0.0
DTXSID4025612,2101,0.0,0.0
DTXSID4025662,2101,4.707923048714625e-12,0.0
DTXSID4025668,2101,0.0,0.0
DTXSID4025741,2101,0.0,0.0
DTXSID4025743,2101,0.0,0.0
DTXSID4025745,2101,0.0,0.0
DTXSID4025749,2101,0.0,0.0
DTXSID4025791,2101,0.0,0.0
DTXSID4025793,2101,3.4464709312169355e-17,0.0
DTXSID4025824,2101,0.0,0.0
DTXSID4025903,2101,0.0,0.0
DTXSID4026000,2101,3.688241500187608e-17,0.0
DTXSID4026050,2101,0.0,0.0
DTXSID4026054,2101,0.0,0.0
DTXSID4026137,2101,0.9998055340992121,1.0
DTXSID4026139,2101,1.8455411087359696e-09,0.0
DTXSID4026181,2101,2.5566071925010887e-06,0.0
DTXSID4026183,2101,2.0710712618534016e-15,0.0
DTXSID4026212,2101,3.589888714889621e-07,0.0
DTXSID4026214,2101,0.8249468087686325,0.0
DTXSID4026216,2101,4.188610223199674e-09,0.0
DTXSID4026262,2101,0.0,0.0
DTXSID4026266,2101,1.972917251510738e-16,0.0
DTXSID4026422,2101,0.0,0.0
DTXSID4026472,2101,0.0,0.0
DTXSID4026501,2101,0.0,0.0
DTXSID4026505,2101,1.382698823257805e-09,0.0
DTXSID4026557,2101,0.0,0.0
DTXSID4026684,2101,8.794576600551826e-07,0.0
DTXSID4026711,2101,0.0,0.0
DTXSID4026713,2101,0.0,0.0
DTXSID4026715,2101,0.0,0.0
DTXSID4026765,2101,0.0,0.0
DTXSID4026769,2101,0.0,0.0
DTXSID4026842,2101,0.0,0.0
DTXSID4026894,2101,0.0,0.0
DTXSID4026921,2101,0.0,0.0
DTXSID4026927,2101,0.0,0.0
DTXSID4026975,2101,0.0,0.0
DTXSID4026979,2101,0.0,0.0
DTXSID4027026,2101,0.0,0.0
DTXSID4027072,2101,0.0,0.0
DTXSID4027076,2101,5.054924295685871e-17,0.0
DTXSID4027103,2101,0.0,0.0
DTXSID4027109,2101,4.045395412161385e-17,0.0
DTXSID4027153,2101,2.0265934322647494e-12,0.0
DTXSID4027159,2101,0.0,0.0
DTXSID4027234,2101,0.0,0.0
DTXSID4027236,2101,0.0,0.0
DTXSID4027280,2101,0.0,0.0
DTXSID4027282,2101,6.183714300016696e-14,0.0
DTXSID4027284,2101,0.0,0.0
DTXSID4027288,2101,0.0,0.0
DTXSID4027319,2101,2.5328757719225185e-21,0.0
DTXSID4027361,2101,0.0,0.0
DTXSID4027367,2101,0.0,0.0
DTXSID4027490,2101,0.0,0.0
DTXSID4027494,2101,0.0,0.0
DTXSID4027496,2101,0.0,0.0
DTXSID4027498,2101,4.278688425186743e-06,0.0
DTXSID4027521,2101,0.0,0.0
DTXSID4027525,2101,3.359298514339668e-07,0.0
DTXSID4027527,2101,0.9999998250141368,1.0
DTXSID4027529,2101,0.0,0.0
DTXSID4027577,2101,0.0,0.0
DTXSID4027579,2101,0.0,0.0
DTXSID4027600,2101,1.6873963790701117e-06,0.0
DTXSID4027604,2101,0.0,0.0
DTXSID4027608,2101,0.0,0.0
DTXSID4027650,2101,0.0,0.0
DTXSID4027652,2101,0.0,0.0
DTXSID4027656,2101,0.0,0.0
DTXSID4027658,2101,1.8168956936664862e-15,0.0
DTXSID4027781,2101,0.0,0.0
DTXSID4027789,2101,0.0,0.0
DTXSID4027866,2101,0.0,0.0
DTXSID4027868,2101,0.0,0.0
DTXSID4027991,2101,1.13115527829465e-07,0.0
DTXSID4027997,2101,0.0,0.0
DTXSID4028040,2101,0.0,0.0
DTXSID4028460,2101,0.9999713143787035,1.0
DTXSID4028880,2101,1.7328553393087141e-06,0.0
DTXSID4028967,2101,3.81341708941427e-06,0.0
DTXSID4029062,2101,0.0,0.0
DTXSID4029143,2101,9.803770551806989e-17,0.0
DTXSID4029145,2101,0.0,0.0
DTXSID4029149,2101,3.363460892226776e-05,0.0
DTXSID4029195,2101,0.0,0.0
DTXSID4029220,2101,1.3649241464308985e-13,0.0
DTXSID4029224,2101,0.0,0.0
DTXSID4029353,2101,4.1492902226621616e-14,0.0
DTXSID4029359,2101,0.0,0.0
DTXSID4029565,2101,0.0,0.0
DTXSID4029690,2101,0.0,0.0
DTXSID4029692,2101,0.0,0.0
DTXSID4029698,2101,0.0,0.0
DTXSID4029806,2101,1.210667530187632e-08,0.0
DTXSID4030047,2101,0.0,0.0
DTXSID4030336,2101,0.0,0.0
DTXSID4030384,2101,6.516936038920138e-07,0.0
DTXSID4031356,2101,0.0,0.0
DTXSID4031980,2101,3.897094888707887e-18,0.0
DTXSID4032372,2101,0.9999438184621225,1.0
DTXSID4032374,2101,0.9895277305321653,1.0
DTXSID4032376,2101,0.0,0.0
DTXSID4032378,2101,0.0,0.0
DTXSID4032405,2101,0.0,0.0
DTXSID4032459,2101,0.01033226253104126,0.0
DTXSID4032532,2101,0.9999994532965062,1.0
DTXSID4032536,2101,4.3249074285251474e-12,0.0
DTXSID4032580,2101,0.003882861962021242,0.0
DTXSID4032611,2101,0.0,0.0
DTXSID4032613,2101,0.0,0.0
DTXSID4032615,2101,0.0,0.0
DTXSID4032619,2101,6.88109599386983e-10,0.0
DTXSID4032667,2101,0.9998122001710412,1.0
DTXSID4032954,2101,0.0,0.0
DTXSID4033390,2101,0.0,0.0
DTXSID4034102,2101,4.317987103503193e-05,0.0
DTXSID4034150,2101,0.9999999742589867,1.0
DTXSID4034287,2101,0.0,0.0
DTXSID4034497,2101,0.9983855728682677,1.0
DTXSID4034528,2101,0.0,0.0
DTXSID4034576,2101,7.905672755654733e-08,0.0
DTXSID4034601,2101,2.354907439790094e-06,0.0
DTXSID4034609,2101,0.9798967572756172,1.0
DTXSID4034653,2101,0.9999503431683316,1.0
DTXSID4034788,2101,0.0,0.0
DTXSID4034869,2101,6.017274208766221e-09,0.0
DTXSID4034948,2101,0.19991927019791494,0.0
DTXSID4035209,2101,1.3994182368059518e-16,0.0
DTXSID4035592,2101,0.0,0.0
DTXSID4035708,2101,0.9999999999942216,1.0
DTXSID4035839,2101,0.0,0.0
DTXSID4036229,2101,0.0,0.0
DTXSID4036435,2101,0.0,0.0
DTXSID4036489,2101,0.0,0.0
DTXSID4036514,2101,0.0,0.0
DTXSID4037580,2101,2.104216997462662e-13,0.0
DTXSID4037582,2101,8.426381835197433e-09,0.0
DTXSID4037584,2101,0.0,0.0
DTXSID4037617,2101,0.0,0.0
DTXSID4037748,2101,0.0,0.0
DTXSID4038346,2101,0.0,0.0
DTXSID4038762,2101,0.0,0.0
DTXSID4038847,2101,0.0,0.0
DTXSID4038899,2101,0.0,0.0
DTXSID4038922,2101,0.9919037600053016,1.0
DTXSID4038924,2101,7.290275532590137e-07,0.0
DTXSID4038926,2101,0.0,0.0
DTXSID4039231,2101,2.583487423764952e-13,0.0
DTXSID4039233,2101,0.0,0.0
DTXSID4039235,2101,0.001460334927304131,0.0
DTXSID4039657,2101,0.0,0.0
DTXSID4040002,2101,0.0,0.0
DTXSID4040264,2101,6.36674963828889e-20,0.0
DTXSID4040268,2101,0.999999919851986,1.0
DTXSID4040343,2101,0.0,0.0
DTXSID4040476,2101,0.0,0.0
DTXSID4040682,2101,1.3385635654705494e-05,0.0
DTXSID4040686,2101,0.0,0.0
DTXSID4040711,2101,5.108766686565005e-17,0.0
DTXSID4040713,2101,0.9999999999570758,1.0
DTXSID4040715,2101,0.9962002161499829,1.0
DTXSID4040719,2101,0.0,0.0
DTXSID4040765,2101,0.0,0.0
DTXSID4040767,2101,6.646231073690902e-11,0.0
DTXSID4040979,2101,0.04815325409853563,0.0
DTXSID4041070,2101,8.557113281824004e-15,0.0
DTXSID4041230,2101,0.0,0.0
DTXSID4041232,2101,0.0,0.0
DTXSID4041234,2101,0.0,0.0
DTXSID4041238,2101,0.0,0.0
DTXSID4041280,2101,0.0,0.0
DTXSID4041317,2101,0.0,0.0
DTXSID4041361,2101,0.01303798734109639,0.0
DTXSID4041363,2101,0.0,0.0
DTXSID4041367,2101,1.0,1.0
DTXSID4041440,2101,0.0,0.0
DTXSID4041442,2101,0.0,0.0
DTXSID4041444,2101,0.0,0.0
DTXSID4041446,2101,0.0,0.0
DTXSID4041490,2101,0.0,0.0
DTXSID4041492,2101,0.0,0.0
DTXSID4041494,2101,4.5891001182960844e-12,0.0
DTXSID4041521,2101,0.0,0.0
DTXSID4041527,2101,0.0,0.0
DTXSID4041529,2101,0.0,0.0
DTXSID4041573,2101,0.0,0.0
DTXSID4041575,2101,0.0,0.0
DTXSID4041600,2101,0.2087107795343639,0.0
DTXSID4041604,2101,0.0,0.0
DTXSID4041654,2101,3.3458283726028415e-15,0.0
DTXSID4041656,2101,0.0,0.0
DTXSID4041783,2101,1.1328278687803018e-09,0.0
DTXSID4041812,2101,0.0,0.0
DTXSID4041818,2101,0.0,0.0
DTXSID4041995,2101,2.635230773973934e-14,0.0
DTXSID4041997,2101,0.8451722493274632,0.0
DTXSID4042090,2101,0.9952884718624976,1.0
DTXSID4042094,2101,1.4058664611194246e-06,0.0
DTXSID4042096,2101,0.0,0.0
DTXSID4042121,2101,0.0008883681223556251,0.0
DTXSID4042123,2101,1.0,1.0
DTXSID4042129,2101,1.0,1.0
DTXSID4042171,2101,0.0,0.0
DTXSID4042206,2101,0.9965875999652155,1.0
DTXSID4042208,2101,1.871648825669727e-13,0.0
DTXSID4042252,2101,7.034241655137724e-16,0.0
DTXSID4042254,2101,0.0,0.0
DTXSID4042256,2101,0.9999699713268649,1.0
DTXSID4042335,2101,0.0,0.0
DTXSID4042337,2101,0.0,0.0
DTXSID4042416,2101,5.40429005130334e-07,0.0
DTXSID4042418,2101,0.0,0.0
DTXSID4042462,2101,0.9999999999996965,1.0
DTXSID4042468,2101,0.0,0.0
DTXSID4042622,2101,4.6022386892507675e-08,0.0
DTXSID4043777,2101,0.09360800295566166,0.0
DTXSID4043850,2101,0.0,0.0
DTXSID4043937,2101,3.8176804516580775e-09,0.0
DTXSID4044161,2101,2.135029818088623e-07,0.0
DTXSID4044371,2101,0.0,0.0
DTXSID4044373,2101,0.0,0.0
DTXSID4044375,2101,3.1105941640975257e-13,0.0
DTXSID4044379,2101,0.9999999996047237,1.0
DTXSID4044400,2101,0.0,0.0
DTXSID4044402,2101,0.0,0.0
DTXSID4044404,2101,0.0,0.0
DTXSID4044408,2101,0.0,0.0
DTXSID4044450,2101,0.0,0.0
DTXSID4044452,2101,0.0,0.0
DTXSID4044454,2101,0.006940078727316702,0.0
DTXSID4044456,2101,0.0,0.0
DTXSID4044458,2101,8.052734790774653e-17,0.0
DTXSID4044533,2101,4.409992460615763e-10,0.0
DTXSID4044535,2101,0.0,0.0
DTXSID4044537,2101,0.0,0.0
DTXSID4044581,2101,0.9999148175339707,1.0
DTXSID4044585,2101,4.6356446702194855e-06,0.0
DTXSID4044587,2101,0.0,0.0
DTXSID4044589,2101,0.0,0.0
DTXSID4044616,2101,3.2080157847487357e-06,0.0
DTXSID4044618,2101,0.0,0.0
DTXSID4044660,2101,0.0,0.0
DTXSID4044662,2101,0.0,0.0
DTXSID4044664,2101,0.0,0.0
DTXSID4044668,2101,3.992994899668733e-08,0.0
DTXSID4044743,2101,0.0,0.0
DTXSID4044745,2101,0.0,0.0
DTXSID4044747,2101,0.0,0.0
DTXSID4044791,2101,0.0,0.0
DTXSID4044793,2101,0.0,0.0
DTXSID4044799,2101,0.0,0.0
DTXSID4044820,2101,9.128527930732542e-07,0.0
DTXSID4044822,2101,0.0,0.0
DTXSID4044824,2101,0.0,0.0
DTXSID4044826,2101,0.0,0.0
DTXSID4044828,2101,0.0,0.0
DTXSID4044870,2101,0.0,0.0
DTXSID4044872,2101,0.0,0.0
DTXSID4044874,2101,6.630560559715783e-05,0.0
DTXSID4044876,2101,0.0,0.0
DTXSID4044878,2101,0.0,0.0
DTXSID4044901,2101,0.0,0.0
DTXSID4044903,2101,0.0,0.0
DTXSID4044905,2101,1.0327705804085656e-15,0.0
DTXSID4044909,2101,3.512846225342676e-11,0.0
DTXSID4044951,2101,0.0,0.0
DTXSID4044953,2101,3.9077606746444897e-13,0.0
DTXSID4044955,2101,0.0,0.0
DTXSID4045002,2101,0.0,0.0
DTXSID4045131,2101,0.0,0.0
DTXSID4045133,2101,0.0,0.0
DTXSID4045139,2101,9.21797718975152e-06,0.0
DTXSID4045181,2101,0.9990286274343719,1.0
DTXSID4045183,2101,0.0,0.0
DTXSID4045187,2101,9.31844951811782e-09,0.0
DTXSID4045189,2101,2.8023097555912084e-08,0.0
DTXSID4045210,2101,0.0,0.0
DTXSID4045262,2101,5.4594054489428965e-17,0.0
DTXSID4045341,2101,0.0,0.0
DTXSID4045343,2101,0.9999286881247484,1.0
DTXSID4045345,2101,0.0,0.0
DTXSID4045347,2101,0.0,0.0
DTXSID4045391,2101,0.0,0.0
DTXSID4045393,2101,0.0,0.0
DTXSID4045420,2101,0.0,0.0
DTXSID4045422,2101,2.6182820627490488e-11,0.0
DTXSID4045424,2101,0.0,0.0
DTXSID4045472,2101,0.0,0.0
DTXSID4045474,2101,0.2945840181445635,0.0
DTXSID4045478,2101,0.0,0.0
DTXSID4045551,2101,0.0,0.0
DTXSID4045555,2101,0.0,0.0
DTXSID4045632,2101,1.7638100007808138e-11,0.0
DTXSID4045636,2101,1.1331118892497047e-07,0.0
DTXSID4045638,2101,0.9999999903061831,1.0
DTXSID4045680,2101,0.00043702934795201797,0.0
DTXSID4045682,2101,0.0,0.0
DTXSID4045686,2101,0.0,0.0
DTXSID4045688,2101,3.7078699619687947e-06,0.0
DTXSID4045763,2101,0.0,0.0
DTXSID4045765,2101,0.0,0.0
DTXSID4045767,2101,0.0,0.0
DTXSID4045769,2101,1.4420337928132387e-05,0.0
DTXSID4045848,2101,0.9866804377276963,1.0
DTXSID4045892,2101,0.0,0.0
DTXSID4045896,2101,1.915792278872792e-10,0.0
DTXSID4045898,2101,0.0,0.0
DTXSID4045921,2101,0.0,0.0
DTXSID4045927,2101,0.0,0.0
DTXSID4045973,2101,5.10607803615728e-09,0.0
DTXSID4045975,2101,1.5631554269272082e-06,0.0
DTXSID4046020,2101,0.0,0.0
DTXSID4046024,2101,1.2030892885900085e-10,0.0
DTXSID4046076,2101,0.0,0.0
DTXSID4046101,2101,3.660105385385688e-17,0.0
DTXSID4046107,2101,0.0,0.0
DTXSID4046109,2101,0.0,0.0
DTXSID4046151,2101,0.0,0.0
DTXSID4046153,2101,0.0,0.0
DTXSID4046157,2101,0.0,0.0
DTXSID4046159,2101,2.249626970660727e-15,0.0
DTXSID4046282,2101,0.0,0.0
DTXSID4046284,2101,0.9888609118470527,1.0
DTXSID4046286,2101,,
DTXSID4046288,2101,0.0,0.0
DTXSID4046313,2101,0.0,0.0
DTXSID4046315,2101,0.0,0.0
DTXSID4046440,2101,0.0,0.0
DTXSID4046442,2101,3.8253173387261853e-10,0.0
DTXSID4046448,2101,0.0,0.0
DTXSID4046490,2101,0.0,0.0
DTXSID4046492,2101,0.9996917873061365,1.0
DTXSID4046523,2101,0.0,0.0
DTXSID4046525,2101,0.0,0.0
DTXSID4046529,2101,0.9999506995573159,1.0
DTXSID4046579,2101,0.0,0.0
DTXSID4046600,2101,0.0,0.0
DTXSID4046602,2101,0.0,0.0
DTXSID4046604,2101,0.0,0.0
DTXSID4046606,2101,0.9999998000763265,1.0
DTXSID4046652,2101,0.0,0.0
DTXSID4046739,2101,0.0,0.0
DTXSID4046810,2101,0.9999913012816835,1.0
DTXSID4046864,2101,0.0,0.0
DTXSID4046949,2101,1.304600423375064e-07,0.0
DTXSID4046999,2101,0.0,0.0
DTXSID4047040,2101,0.0,0.0
DTXSID4047042,2101,0.0,0.0
DTXSID4047044,2101,0.0,0.0
DTXSID4047046,2101,0.0,0.0
DTXSID4047090,2101,0.0,0.0
DTXSID4047092,2101,4.3488793322936096e-13,0.0
DTXSID4047094,2101,0.0,0.0
DTXSID4047096,2101,0.0,0.0
DTXSID4047098,2101,0.0,0.0
DTXSID4047121,2101,5.565292234957234e-08,0.0
DTXSID4047123,2101,0.0,0.0
DTXSID4047125,2101,0.0,0.0
DTXSID4047127,2101,5.6305802236077087e-08,0.0
DTXSID4047129,2101,0.0,0.0
DTXSID4047173,2101,0.0,0.0
DTXSID4047177,2101,0.0,0.0
DTXSID4047179,2101,0.0,0.0
DTXSID4047200,2101,0.0,0.0
DTXSID4047202,2101,2.3885734158445233e-06,0.0
DTXSID4047206,2101,5.974725547549839e-20,0.0
DTXSID4047252,2101,4.8902387167763384e-12,0.0
DTXSID4047254,2101,0.9975667100035707,1.0
DTXSID4047258,2101,0.0,0.0
DTXSID4047331,2101,0.0,0.0
DTXSID4047333,2101,0.0,0.0
DTXSID4047335,2101,0.0,0.0
DTXSID4047337,2101,2.81692545575851e-09,0.0
DTXSID4047339,2101,5.517433504392161e-15,0.0
DTXSID4047381,2101,0.9999999995186091,1.0
DTXSID4047383,2101,0.0,0.0
DTXSID4047385,2101,0.0,0.0
DTXSID4047387,2101,0.9996967219810952,1.0
DTXSID4047389,2101,0.9960257316434182,1.0
DTXSID4047410,2101,0.0,0.0
DTXSID4047412,2101,0.0,0.0
DTXSID4047414,2101,8.45875910072894e-08,0.0
DTXSID4047416,2101,0.0,0.0
DTXSID4047418,2101,0.0,0.0
DTXSID4047462,2101,0.0,0.0
DTXSID4047464,2101,0.0,0.0
DTXSID4047466,2101,0.0,0.0
DTXSID4047468,2101,0.962454892072466,1.0
DTXSID4047543,2101,0.0,0.0
DTXSID4047545,2101,0.0,0.0
DTXSID4047547,2101,0.0,0.0
DTXSID4047549,2101,0.0,0.0
DTXSID4047591,2101,1.255838355849339e-10,0.0
DTXSID4047593,2101,3.556408542898978e-09,0.0
DTXSID4047597,2101,0.0,0.0
DTXSID4047599,2101,0.0,0.0
DTXSID4047620,2101,5.585276724540891e-07,0.0
DTXSID4047622,2101,0.0,0.0
DTXSID4047624,2101,4.054336809253037e-12,0.0
DTXSID4047628,2101,3.908543870251662e-12,0.0
DTXSID4047670,2101,0.0,0.0
DTXSID4047672,2101,3.5985186004396507e-09,0.0
DTXSID4047674,2101,0.0,0.0
DTXSID4047678,2101,1.0649116193604384e-06,0.0
DTXSID4047703,2101,0.0,0.0
DTXSID4047705,2101,2.121580043951803e-06,0.0
DTXSID4047707,2101,0.0,0.0
DTXSID4047709,2101,0.9775212488532714,1.0
DTXSID4047838,2101,0.0,0.0
DTXSID4047880,2101,4.169704902652187e-16,0.0
DTXSID4047882,2101,1.4627883467064317e-13,0.0
DTXSID4047884,2101,0.0,0.0
DTXSID4047886,2101,0.0,0.0
DTXSID4047888,2101,0.0,0.0
DTXSID4047911,2101,0.0,0.0
DTXSID4047913,2101,0.0,0.0
DTXSID4047915,2101,0.0,0.0
DTXSID4047917,2101,0.999999513791313,1.0
DTXSID4047919,2101,0.0,0.0
DTXSID4047961,2101,2.750701130797535e-13,0.0
DTXSID4047963,2101,0.0,0.0
DTXSID4047965,2101,0.0,0.0
DTXSID4047967,2101,0.0,0.0
DTXSID4047969,2101,1.9616042199991375e-14,0.0
DTXSID4048191,2101,0.9680609581364172,1.0
DTXSID4048193,2101,0.0,0.0
DTXSID4048195,2101,0.9999829633541975,1.0
DTXSID4048199,2101,0.0,0.0
DTXSID4048511,2101,0.9999784235123916,1.0
DTXSID4048513,2101,0.9999263533457023,1.0
DTXSID4048519,2101,0.9992903917884022,1.0
DTXSID4048644,2101,0.002949555920252112,0.0
DTXSID4048690,2101,0.0,0.0
DTXSID4048692,2101,0.0,0.0
DTXSID4048694,2101,0.0,0.0
DTXSID4048696,2101,0.0,0.0
DTXSID4048698,2101,0.999993865207178,1.0
DTXSID4048721,2101,0.0,0.0
DTXSID4048725,2101,4.0057997508749117e-10,0.0
DTXSID4048727,2101,0.9999664963088378,1.0
DTXSID4048773,2101,,
DTXSID4048777,2101,0.0,0.0
DTXSID4048800,2101,0.004925529502153006,0.0
DTXSID4048802,2101,0.0,0.0
DTXSID4048804,2101,0.9954497620229013,1.0
DTXSID4048806,2101,0.0,0.0
DTXSID4048808,2101,2.5915574234480023e-11,0.0
DTXSID4048850,2101,0.0,0.0
DTXSID4048852,2101,0.9965970882375534,1.0
DTXSID4048854,2101,0.0,0.0
DTXSID4048856,2101,0.0006157662734049099,0.0
DTXSID4048858,2101,0.0,0.0
DTXSID4048933,2101,2.7414094794392348e-08,0.0
DTXSID4048935,2101,1.5272725722321025e-10,0.0
DTXSID4048937,2101,2.8174071725141883e-10,0.0
DTXSID4048983,2101,0.9999999937907672,1.0
DTXSID4049032,2101,0.0,0.0
DTXSID4049034,2101,0.0,0.0
DTXSID4049036,2101,0.0,0.0
DTXSID4049038,2101,8.435806624519462e-14,0.0
DTXSID4049080,2101,0.0,0.0
DTXSID4049082,2101,0.0,0.0
DTXSID4049240,2101,0.0,0.0
DTXSID4049242,2101,0.0,0.0
DTXSID4049244,2101,0.0,0.0
DTXSID4049246,2101,0.0,0.0
DTXSID4049248,2101,8.340638086052089e-07,0.0
DTXSID4049290,2101,4.861157484880951e-15,0.0
DTXSID4049292,2101,0.0,0.0
DTXSID4049294,2101,0.0,0.0
DTXSID4049296,2101,0.0,0.0
DTXSID4049298,2101,0.9999999877848744,1.0
DTXSID4049321,2101,9.147550872769636e-20,0.0
DTXSID4049323,2101,1.1458466127328e-07,0.0
DTXSID4049325,2101,1.77897086010272e-16,0.0
DTXSID4049327,2101,2.6005538587251698e-11,0.0
DTXSID4049329,2101,0.0,0.0
DTXSID4049371,2101,0.0,0.0
DTXSID4049373,2101,0.0,0.0
DTXSID4049375,2101,0.0,0.0
DTXSID4049377,2101,4.4152846709275274e-17,0.0
DTXSID4049379,2101,9.79885147898176e-07,0.0
DTXSID4049400,2101,0.0,0.0
DTXSID4049402,2101,1.358649740124813e-12,0.0
DTXSID4049404,2101,0.0,0.0
DTXSID4049406,2101,0.0,0.0
DTXSID4049408,2101,0.9998581927871822,1.0
DTXSID4049450,2101,1.03142939047976e-05,0.0
DTXSID4049452,2101,4.828082000839171e-07,0.0
DTXSID4049454,2101,6.083986442405007e-20,0.0
DTXSID4049456,2101,0.0,0.0
DTXSID4049458,2101,0.0,0.0
DTXSID4049531,2101,3.2619142761046546e-07,0.0
DTXSID4049533,2101,0.0,0.0
DTXSID4049535,2101,4.582852188332231e-11,0.0
DTXSID4049537,2101,0.0,0.0
DTXSID4049539,2101,0.0,0.0
DTXSID4051536,2101,0.0,0.0
DTXSID4051580,2101,0.0,0.0
DTXSID4051586,2101,0.0,0.0
DTXSID4051619,2101,0.00027013549791213244,0.0
DTXSID4051900,2101,0.0,0.0
DTXSID4052132,2101,0.0,0.0
DTXSID4052186,2101,0.0,0.0
DTXSID4052213,2101,0.0,0.0
DTXSID4052267,2101,0.0,0.0
DTXSID4052269,2101,0.0,0.0
DTXSID4052342,2101,0.0,0.0
DTXSID4052502,2101,0.9999216733775904,1.0
DTXSID4052506,2101,2.0477187508903446e-06,0.0
DTXSID4052550,2101,0.0,0.0
DTXSID4052554,2101,0.0,0.0
DTXSID4057631,2101,1.421003601385404e-06,0.0
DTXSID4057633,2101,0.0008091235672810399,0.0
DTXSID4057635,2101,,
DTXSID4057637,2101,0.0,0.0
DTXSID4057639,2101,0.0,0.0
DTXSID4057681,2101,0.9978503379645005,1.0
DTXSID4057683,2101,8.976952397846502e-08,0.0
DTXSID4057685,2101,0.0,0.0
DTXSID4057687,2101,0.0,0.0
DTXSID4057689,2101,0.000336402383616393,0.0
DTXSID4057710,2101,1.786436335210754e-12,0.0
DTXSID4057712,2101,1.1549532735445704e-09,0.0
DTXSID4057714,2101,6.392368858834896e-07,0.0
DTXSID4057716,2101,0.0,0.0
DTXSID4057718,2101,1.8876253541223213e-07,0.0
DTXSID4057760,2101,0.0,0.0
DTXSID4057762,2101,0.0,0.0
DTXSID4057764,2101,0.0,0.0
DTXSID4057766,2101,3.951950342119424e-05,0.0
DTXSID4057768,2101,0.0003500823525198971,0.0
DTXSID4057841,2101,7.901202593411371e-06,0.0
DTXSID4057843,2101,0.0,0.0
DTXSID4057845,2101,0.0,0.0
DTXSID4057847,2101,0.0,0.0
DTXSID4057849,2101,0.0,0.0
DTXSID4058655,2101,0.7214477847760148,0.0
DTXSID5020021,2101,0.0,0.0
DTXSID5020023,2101,0.0,0.0
DTXSID5020027,2101,0.0,0.0
DTXSID5020029,2101,0.0,0.0
DTXSID5020071,2101,2.766033059852037e-09,0.0
DTXSID5020079,2101,0.0,0.0
DTXSID5020106,2101,0.0,0.0
DTXSID5020108,2101,0.0,0.0
DTXSID5020152,2101,0.0,0.0
DTXSID5020154,2101,0.99929002897507,1.0
DTXSID5020156,2101,0.0,0.0
DTXSID5020231,2101,0.0,0.0
DTXSID5020233,2101,0.9895209322948972,1.0
DTXSID5020235,2101,0.0,0.0
DTXSID5020239,2101,0.999777844054479,1.0
DTXSID5020281,2101,0.0,0.0
DTXSID5020283,2101,0.7807402970641347,0.0
DTXSID5020287,2101,0.0,0.0
DTXSID5020310,2101,0.6360383473877042,0.0
DTXSID5020312,2101,0.9995990529501767,1.0
DTXSID5020314,2101,0.0,0.0
DTXSID5020360,2101,4.515296023028371e-19,0.0
DTXSID5020366,2101,0.9995002843734625,1.0
DTXSID5020368,2101,0.9932361525084832,1.0
DTXSID5020441,2101,0.0,0.0
DTXSID5020443,2101,0.0,0.0
DTXSID5020445,2101,0.0,0.0
DTXSID5020447,2101,0.9268941523688603,1.0
DTXSID5020449,2101,0.0,0.0
DTXSID5020491,2101,0.9630363853781438,1.0
DTXSID5020493,2101,3.220293624404222e-15,0.0
DTXSID5020497,2101,0.0,0.0
DTXSID5020499,2101,0.0,0.0
DTXSID5020520,2101,0.0,0.0
DTXSID5020528,2101,0.0,0.0
DTXSID5020570,2101,,
DTXSID5020576,2101,0.029284720553046432,0.0
DTXSID5020601,2101,0.0,0.0
DTXSID5020603,2101,0.0,0.0
DTXSID5020605,2101,0.0,0.0
DTXSID5020607,2101,0.0,0.0
DTXSID5020653,2101,0.9999999998533025,1.0
DTXSID5020730,2101,7.241317019139713e-05,0.0
DTXSID5020732,2101,0.0,0.0
DTXSID5020738,2101,0.0,0.0
DTXSID5020782,2101,0.0,0.0
DTXSID5020784,2101,0.9999942606343641,1.0
DTXSID5020811,2101,1.0,1.0
DTXSID5020813,2101,0.9999999999994008,1.0
DTXSID5020815,2101,0.0,0.0
DTXSID5020819,2101,3.824885378924099e-18,0.0
DTXSID5020861,2101,2.896417945161933e-07,0.0
DTXSID5020863,2101,0.0006634808217175233,0.0
DTXSID5020865,2101,0.4652418903375956,0.0
DTXSID5020867,2101,2.9747206226003416e-09,0.0
DTXSID5020869,2101,4.315651077137719e-09,0.0
DTXSID5020944,2101,5.026554025685446e-06,0.0
DTXSID5020946,2101,0.9999985458616373,1.0
DTXSID5020948,2101,1.7811463500400105e-05,0.0
DTXSID5021093,2101,0.0,0.0
DTXSID5021097,2101,1.3262744777167298e-14,0.0
DTXSID5021120,2101,1.2429941356066888e-11,0.0
DTXSID5021122,2101,0.0,0.0
DTXSID5021124,2101,0.0,0.0
DTXSID5021126,2101,0.0004978097604408639,0.0
DTXSID5021128,2101,1.6410512248141476e-09,0.0
DTXSID5021170,2101,1.0584984036248197e-09,0.0
DTXSID5021174,2101,7.14733329606213e-09,0.0
DTXSID5021201,2101,0.9853228684337693,1.0
DTXSID5021209,2101,0.0,0.0
DTXSID5021251,2101,7.81289899142953e-07,0.0
DTXSID5021253,2101,0.0,0.0
DTXSID5021255,2101,1.521300704252709e-11,0.0
DTXSID5021330,2101,0.0,0.0
DTXSID5021332,2101,0.9999999992989739,1.0
DTXSID5021334,2101,0.0,0.0
DTXSID5021336,2101,8.932452325898054e-09,0.0
DTXSID5021338,2101,0.0,0.0
DTXSID5021380,2101,0.0,0.0
DTXSID5021384,2101,0.0,0.0
DTXSID5021386,2101,5.729472084480776e-07,0.0
DTXSID5021388,2101,0.0,0.0
DTXSID5021411,2101,0.0,0.0
DTXSID5021413,2101,0.8407844207286205,0.0
DTXSID5021415,2101,0.0,0.0
DTXSID5021419,2101,0.0,0.0
DTXSID5021461,2101,6.642726549330328e-16,0.0
DTXSID5021463,2101,0.9999999968823119,1.0
DTXSID5021544,2101,0.0,0.0
DTXSID5021546,2101,0.0,0.0
DTXSID5021590,2101,0.0,0.0
DTXSID5021598,2101,0.0,0.0
DTXSID5021621,2101,0.0,0.0
DTXSID5021627,2101,0.0,0.0
DTXSID5021629,2101,0.0,0.0
DTXSID5021671,2101,0.0,0.0
DTXSID5021679,2101,0.9739771351970157,1.0
DTXSID5021708,2101,0.0,0.0
DTXSID5021752,2101,0.0,0.0
DTXSID5021754,2101,0.0,0.0
DTXSID5021758,2101,0.0,0.0
DTXSID5021831,2101,0.0,0.0
DTXSID5021835,2101,5.325215381856006e-09,0.0
DTXSID5021837,2101,0.0,0.0
DTXSID5021839,2101,0.0,0.0
DTXSID5021881,2101,3.0354227735238492e-18,0.0
DTXSID5021883,2101,0.0,0.0
DTXSID5021885,2101,0.0,0.0
DTXSID5021889,2101,0.0,0.0
DTXSID5021910,2101,0.0,0.0
DTXSID5021914,2101,0.0,0.0
DTXSID5021916,2101,4.153925752245734e-14,0.0
DTXSID5021962,2101,0.0,0.0
DTXSID5021968,2101,0.0,0.0
DTXSID5022061,2101,0.0,0.0
DTXSID5022194,2101,0.0,0.0
DTXSID5022198,2101,5.780609896226157e-05,0.0
DTXSID5022227,2101,0.0,0.0
DTXSID5022271,2101,0.0,0.0
DTXSID5022279,2101,3.632316386261486e-07,0.0
DTXSID5022306,2101,0.0,0.0
DTXSID5022308,2101,1.1245508295111493e-09,0.0
DTXSID5022437,2101,0.9999999999504808,1.0
DTXSID5022439,2101,7.975945177278285e-15,0.0
DTXSID5022485,2101,1.9216938499846934e-13,0.0
DTXSID5022489,2101,0.0,0.0
DTXSID5022510,2101,0.0,0.0
DTXSID5022560,2101,0.9999950124269918,1.0
DTXSID5022641,2101,0.0,0.0
DTXSID5022643,2101,1.162136304978145e-09,0.0
DTXSID5022647,2101,0.0,0.0
DTXSID5022649,2101,0.0,0.0
DTXSID5022699,2101,0.0,0.0
DTXSID5022724,2101,7.258505111911831e-19,0.0
DTXSID5022774,2101,,
DTXSID5022801,2101,0.10361405493199126,0.0
DTXSID5022851,2101,3.2612568124686416e-09,0.0
DTXSID5022855,2101,0.0003728484243679785,0.0
DTXSID5022857,2101,9.42827388411848e-13,0.0
DTXSID5022932,2101,0.0,0.0
DTXSID5022934,2101,0.0,0.0
DTXSID5022980,2101,2.2215634616314556e-05,0.0
DTXSID5022982,2101,0.0,0.0
DTXSID5022984,2101,0.0,0.0
DTXSID5022986,2101,7.512844067071466e-15,0.0
DTXSID5023031,2101,3.17536245747821e-15,0.0
DTXSID5023033,2101,0.0,0.0
DTXSID5023035,2101,0.0,0.0
DTXSID5023037,2101,4.82702831915058e-05,0.0
DTXSID5023039,2101,0.0,0.0
DTXSID5023081,2101,0.0,0.0
DTXSID5023089,2101,0.0,0.0
DTXSID5023110,2101,0.9988561197161897,1.0
DTXSID5023114,2101,0.0,0.0
DTXSID5023243,2101,2.2768116081019317e-11,0.0
DTXSID5023247,2101,0.9999999999732718,1.0
DTXSID5023293,2101,6.357646532205822e-06,0.0
DTXSID5023295,2101,0.0,0.0
DTXSID5023322,2101,0.9999737949980784,1.0
DTXSID5023324,2101,0.0,0.0
DTXSID5023370,2101,0.9999317962314581,1.0
DTXSID5023372,2101,2.3599497488220634e-07,0.0
DTXSID5023376,2101,0.0,0.0
DTXSID5023378,2101,0.0,0.0
DTXSID5023453,2101,0.0,0.0
DTXSID5023532,2101,9.669335560941163e-13,0.0
DTXSID5023536,2101,0.0,0.0
DTXSID5023586,2101,1.9955576878469357e-07,0.0
DTXSID5023588,2101,0.0,0.0
DTXSID5023611,2101,0.0,0.0
DTXSID5023613,2101,0.0,0.0
DTXSID5023615,2101,8.221533176828382e-14,0.0
DTXSID5023665,2101,0.0,0.0
DTXSID5023667,2101,6.289743022372528e-10,0.0
DTXSID5023669,2101,7.963923567251259e-10,0.0
DTXSID5023740,2101,1.5200302506479e-05,0.0
DTXSID5023742,2101,5.520002546274815e-15,0.0
DTXSID5023744,2101,0.0,0.0
DTXSID5023746,2101,0.0,0.0
DTXSID5023748,2101,0.0,0.0
DTXSID5023792,2101,0.0,0.0
DTXSID5023794,2101,0.9884055791655931,1.0
DTXSID5023796,2101,2.4372984122508536e-10,0.0
DTXSID5023825,2101,0.0,0.0
DTXSID5023871,2101,5.526644932328528e-08,0.0
DTXSID5023875,2101,0.0,0.0
DTXSID5023877,2101,0.0,0.0
DTXSID5023900,2101,5.877945137291727e-13,0.0
DTXSID5023902,2101,6.347211698659481e-10,0.0
DTXSID5023908,2101,0.0,0.0
DTXSID5023950,2101,0.9938180198526537,1.0
DTXSID5023954,2101,0.9999557813141976,1.0
DTXSID5024001,2101,0.0,0.0
DTXSID5024051,2101,1.8314079567129756e-12,0.0
DTXSID5024055,2101,0.0,0.0
DTXSID5024057,2101,0.0,0.0
DTXSID5024059,2101,5.880282444627604e-09,0.0
DTXSID5024134,2101,0.0027020024749606674,0.0
DTXSID5024182,2101,0.0,0.0
DTXSID5024211,2101,7.393661760104029e-05,0.0
DTXSID5024261,2101,3.3640529974416617e-12,0.0
DTXSID5024263,2101,0.0,0.0
DTXSID5024269,2101,0.999999999997701,1.0
DTXSID5024344,2101,0.0,0.0
DTXSID5024346,2101,1.490093357318313e-10,0.0
DTXSID5024392,2101,0.0,0.0
DTXSID5024394,2101,0.0,0.0
DTXSID5024471,2101,2.156526069365478e-08,0.0
DTXSID5024473,2101,0.0,0.0
DTXSID5024479,2101,0.0,0.0
DTXSID5024500,2101,4.1372744299606837e-07,0.0
DTXSID5024504,2101,1.2961140832393416e-08,0.0
DTXSID5024506,2101,0.9878819656269515,1.0
DTXSID5024508,2101,0.0,0.0
DTXSID5024554,2101,8.823087270729147e-18,0.0
DTXSID5024637,2101,0.0,0.0
DTXSID5024639,2101,0.0,0.0
DTXSID5024681,2101,0.0,0.0
DTXSID5024683,2101,1.169623220421729e-10,0.0
DTXSID5024687,2101,0.9999789627875094,1.0
DTXSID5024710,2101,0.0,0.0
DTXSID5024764,2101,0.0,0.0
DTXSID5024845,2101,1.248494090800499e-08,0.0
DTXSID5024891,2101,0.0,0.0
DTXSID5024922,2101,0.0,0.0
DTXSID5024926,2101,0.0,0.0
DTXSID5024970,2101,0.0,0.0
DTXSID5024976,2101,2.1191054566416502e-08,0.0
DTXSID5024978,2101,0.0,0.0
DTXSID5025021,2101,7.533383933955994e-09,0.0
DTXSID5025023,2101,0.0,0.0
DTXSID5025071,2101,0.08641784512453402,0.0
DTXSID5025079,2101,0.0,0.0
DTXSID5025100,2101,0.0,0.0
DTXSID5025102,2101,0.0,0.0
DTXSID5025150,2101,0.0,0.0
DTXSID5025152,2101,0.0,0.0
DTXSID5025156,2101,0.0,0.0
DTXSID5025231,2101,0.035493648914244,0.0
DTXSID5025237,2101,5.375692131474495e-07,0.0
DTXSID5025285,2101,0.0,0.0
DTXSID5025310,2101,0.0,0.0
DTXSID5025312,2101,8.84953523756105e-15,0.0
DTXSID5025318,2101,1.2667109214966463e-15,0.0
DTXSID5025364,2101,0.0,0.0
DTXSID5025447,2101,3.8478284043953704e-09,0.0
DTXSID5025449,2101,0.0,0.0
DTXSID5025570,2101,0.0,0.0
DTXSID5025572,2101,0.0,0.0
DTXSID5025574,2101,0.0,0.0
DTXSID5025578,2101,2.6529956151226474e-10,0.0
DTXSID5025603,2101,0.0,0.0
DTXSID5025607,2101,0.0,0.0
DTXSID5025609,2101,0.0,0.0
DTXSID5025653,2101,0.0,0.0
DTXSID5025657,2101,0.0,0.0
DTXSID5025659,2101,0.0,0.0
DTXSID5025730,2101,4.4354004414984385e-13,0.0
DTXSID5025732,2101,0.0,0.0
DTXSID5025738,2101,4.637035837110466e-09,0.0
DTXSID5025811,2101,0.0,0.0
DTXSID5025815,2101,9.367012577917237e-14,0.0
DTXSID5025819,2101,0.0,0.0
DTXSID5025861,2101,0.9994084051474668,1.0
DTXSID5025863,2101,4.409910767403361e-08,0.0
DTXSID5025948,2101,0.9266497787055322,1.0
DTXSID5025998,2101,0.9998204559215045,1.0
DTXSID5026049,2101,0.0,0.0
DTXSID5026091,2101,0.0,0.0
DTXSID5026097,2101,1.2392350717799138e-07,0.0
DTXSID5026120,2101,0.0,0.0
DTXSID5026122,2101,0.0,0.0
DTXSID5026124,2101,0.9987272799548498,1.0
DTXSID5026174,2101,0.0,0.0
DTXSID5026178,2101,,
DTXSID5026203,2101,0.0,0.0
DTXSID5026205,2101,0.0,0.0
DTXSID5026207,2101,2.1908023821085098e-07,0.0
DTXSID5026209,2101,1.4312229087020678e-12,0.0
DTXSID5026251,2101,0.0,0.0
DTXSID5026259,2101,0.0,0.0
DTXSID5026461,2101,4.599274198823475e-20,0.0
DTXSID5026544,2101,0.0,0.0
DTXSID5026548,2101,3.4226607882077413e-13,0.0
DTXSID5026623,2101,4.0421299849855083e-08,0.0
DTXSID5026625,2101,6.331279407854476e-15,0.0
DTXSID5026702,2101,0.0,0.0
DTXSID5026706,2101,1.001117275032488e-12,0.0
DTXSID5026837,2101,1.878876928336152e-20,0.0
DTXSID5026889,2101,0.0,0.0
DTXSID5026912,2101,2.5858422627359848e-18,0.0
DTXSID5026914,2101,0.0,0.0
DTXSID5026918,2101,0.0,0.0
DTXSID5027019,2101,0.0,0.0
DTXSID5027061,2101,2.154865626014517e-16,0.0
DTXSID5027063,2101,0.0,0.0
DTXSID5027069,2101,0.0,0.0
DTXSID5027142,2101,0.0,0.0
DTXSID5027146,2101,0.0,0.0
DTXSID5027148,2101,0.0,0.0
DTXSID5027198,2101,0.0,0.0
DTXSID5027223,2101,1.079544735747718e-12,0.0
DTXSID5027227,2101,0.0,0.0
DTXSID5027229,2101,4.207711911029422e-08,0.0
DTXSID5027279,2101,0.499375282174884,0.0
DTXSID5027300,2101,3.4386799317500313e-10,0.0
DTXSID5027302,2101,6.8237016191658685e-15,0.0
DTXSID5027304,2101,6.311853061575812e-08,0.0
DTXSID5027308,2101,0.0,0.0
DTXSID5027352,2101,3.585778371616629e-15,0.0
DTXSID5027356,2101,0.0,0.0
DTXSID5027358,2101,0.0,0.0
DTXSID5027433,2101,0.0,0.0
DTXSID5027487,2101,0.0,0.0
DTXSID5027489,2101,0.0,0.0
DTXSID5027512,2101,0.0,0.0
DTXSID5027518,2101,0.0,0.0
DTXSID5027641,2101,0.0,0.0
DTXSID5027647,2101,3.7041601871993135e-05,0.0
DTXSID5027728,2101,1.2290274475838939e-08,0.0
DTXSID5027770,2101,0.0,0.0
DTXSID5027772,2101,0.0,0.0
DTXSID5027774,2101,8.781198846634757e-09,0.0
DTXSID5027803,2101,2.982564652804355e-08,0.0
DTXSID5027805,2101,0.0,0.0
DTXSID5027851,2101,0.0,0.0
DTXSID5027857,2101,0.0,0.0
DTXSID5027932,2101,2.4180837969235715e-08,0.0
DTXSID5027936,2101,0.0,0.0
DTXSID5027982,2101,0.0,0.0
DTXSID5028033,2101,1.240099175997904e-16,0.0
DTXSID5028114,2101,0.0,0.0
DTXSID5028665,2101,1.0292514801739228e-07,0.0
DTXSID5029055,2101,0.9998094807910793,1.0
DTXSID5029059,2101,0.0,0.0
DTXSID5029136,2101,0.0,0.0
DTXSID5029182,2101,0.0,0.0
DTXSID5029184,2101,0.0,0.0
DTXSID5029186,2101,0.0,0.0
DTXSID5029211,2101,0.0,0.0
DTXSID5029217,2101,0.0,0.0
DTXSID5029263,2101,0.0,0.0
DTXSID5029265,2101,9.82914166098169e-08,0.0
DTXSID5029267,2101,0.0,0.0
DTXSID5029683,2101,0.0,0.0
DTXSID5029710,2101,0.0,0.0
DTXSID5029762,2101,4.601745049973663e-12,0.0
DTXSID5030955,2101,0.0,0.0
DTXSID5031131,2101,0.0,0.0
DTXSID5031133,2101,0.0,0.0
DTXSID5032315,2101,0.9999999999999986,1.0
DTXSID5032361,2101,3.8543867025123594e-09,0.0
DTXSID5032365,2101,0.0,0.0
DTXSID5032442,2101,0.0,0.0
DTXSID5032498,2101,0.9999595843405016,1.0
DTXSID5032523,2101,0.9999999989338063,1.0
DTXSID5032525,2101,0.9742306936763445,1.0
DTXSID5032573,2101,0.9998154526142493,1.0
DTXSID5032577,2101,0.0,0.0
DTXSID5032579,2101,0.0,0.0
DTXSID5032600,2101,0.0,0.0
DTXSID5032654,2101,0.0,0.0
DTXSID5033096,2101,0.0,0.0
DTXSID5033098,2101,0.0,0.0
DTXSID5033179,2101,0.0,0.0
DTXSID5033389,2101,1.4140469299876695e-05,0.0
DTXSID5033468,2101,0.9999996651258586,1.0
DTXSID5033595,2101,4.367520363781785e-13,0.0
DTXSID5033674,2101,3.3342560179032186e-12,0.0
DTXSID5033701,2101,0.0,0.0
DTXSID5033757,2101,0.9992917517101106,1.0
DTXSID5033836,2101,2.9748367839006613e-05,0.0
DTXSID5034270,2101,0.0,0.0
DTXSID5034303,2101,0.0008592855723839479,0.0
DTXSID5034355,2101,2.895532676217442e-05,0.0
DTXSID5034357,2101,0.07468094441054692,0.0
DTXSID5034698,2101,0.0,0.0
DTXSID5034723,2101,0.0,0.0
DTXSID5034729,2101,0.862693600528714,0.0
DTXSID5034773,2101,5.537262736575424e-18,0.0
DTXSID5034981,2101,1.0,1.0
DTXSID5035163,2101,0.0,0.0
DTXSID5035589,2101,0.9999999995948613,1.0
DTXSID5035616,2101,0.0,0.0
DTXSID5035957,2101,0.999991864273169,1.0
DTXSID5036684,2101,7.837772265051606e-10,0.0
DTXSID5037028,2101,0.9999921284890049,1.0
DTXSID5037072,2101,0.0,0.0
DTXSID5037236,2101,0.0,0.0
DTXSID5037494,2101,0.0,0.0
DTXSID5037498,2101,0.9991229458411303,1.0
DTXSID5037523,2101,0.0,0.0
DTXSID5037527,2101,0.0,0.0
DTXSID5037571,2101,0.0,0.0
DTXSID5037579,2101,0.0,0.0
DTXSID5037731,2101,0.9999966395592735,1.0
DTXSID5037739,2101,0.9999659286225683,1.0
DTXSID5038830,2101,0.0,0.0
DTXSID5038888,2101,0.9999999998900263,1.0
DTXSID5038919,2101,7.969782236396823e-18,0.0
DTXSID5039224,2101,0.9969878030482584,1.0
DTXSID5039721,2101,0.9995255662243071,1.0
DTXSID5040540,2101,0.0,0.0
DTXSID5040675,2101,2.4498784220019723e-12,0.0
DTXSID5040679,2101,4.747902990936481e-06,0.0
DTXSID5040700,2101,2.156595351258861e-08,0.0
DTXSID5040702,2101,0.0,0.0
DTXSID5040704,2101,1.0,1.0
DTXSID5040706,2101,1.7952388318453736e-07,0.0
DTXSID5040708,2101,2.386711980252994e-06,0.0
DTXSID5040750,2101,0.6833580825216438,0.0
DTXSID5040758,2101,9.378419754571102e-08,0.0
DTXSID5041148,2101,0.0,0.0
DTXSID5041190,2101,0.0,0.0
DTXSID5041273,2101,0.0,0.0
DTXSID5041275,2101,0.0,0.0
DTXSID5041302,2101,0.0,0.0
DTXSID5041306,2101,3.262691370413618e-20,0.0
DTXSID5041308,2101,0.9993713799862993,1.0
DTXSID5041356,2101,0.0,0.0
DTXSID5041431,2101,0.0,0.0
DTXSID5041437,2101,0.0,0.0
DTXSID5041439,2101,8.360476485832962e-09,0.0
DTXSID5041487,2101,0.0,0.0
DTXSID5041512,2101,0.0,0.0
DTXSID5041514,2101,0.0,0.0
DTXSID5041516,2101,0.0,0.0
DTXSID5041518,2101,0.0,0.0
DTXSID5041560,2101,2.041575551806435e-07,0.0
DTXSID5041641,2101,0.0,0.0
DTXSID5041643,2101,0.0,0.0
DTXSID5041691,2101,0.0,0.0
DTXSID5041699,2101,3.799494423616666e-09,0.0
DTXSID5041726,2101,0.9981684132855675,1.0
DTXSID5041728,2101,0.9989684548918194,1.0
DTXSID5041772,2101,0.9962658249386167,1.0
DTXSID5041778,2101,0.9985037909304056,1.0
DTXSID5041803,2101,0.012938231627984027,0.0
DTXSID5041809,2101,0.0,0.0
DTXSID5041851,2101,0.9999999999973009,1.0
DTXSID5042083,2101,0.9999979839887086,1.0
DTXSID5042089,2101,2.5218345176327273e-17,0.0
DTXSID5042243,2101,4.217477835142535e-09,0.0
DTXSID5042247,2101,7.170787751373662e-06,0.0
DTXSID5042249,2101,1.0,1.0
DTXSID5042297,2101,3.5956191009099137e-07,0.0
DTXSID5042299,2101,6.535747515902254e-10,0.0
DTXSID5042320,2101,0.0,0.0
DTXSID5042324,2101,0.0,0.0
DTXSID5042378,2101,2.3825410090895137e-05,0.0
DTXSID5042451,2101,0.0,0.0
DTXSID5042459,2101,0.999999995852645,1.0
DTXSID5042584,2101,3.30882800324232e-06,0.0
DTXSID5042613,2101,0.0,0.0
DTXSID5043714,2101,,
DTXSID5043895,2101,3.8358497390191886e-06,0.0
DTXSID5044029,2101,0.9999910331673117,1.0
DTXSID5044154,2101,7.94300767868257e-07,0.0
DTXSID5044233,2101,0.9999997868593703,1.0
DTXSID5044289,2101,2.3821425687145074e-09,0.0
DTXSID5044314,2101,4.26746822637971e-08,0.0
DTXSID5044316,2101,0.0,0.0
DTXSID5044318,2101,0.0,0.0
DTXSID5044360,2101,0.0,0.0
DTXSID5044362,2101,0.0,0.0
DTXSID5044364,2101,0.0,0.0
DTXSID5044366,2101,4.846726334933824e-14,0.0
DTXSID5044368,2101,0.0,0.0
DTXSID5044441,2101,0.0,0.0
DTXSID5044443,2101,0.0,0.0
DTXSID5044445,2101,0.0,0.0
DTXSID5044447,2101,1.4096959601250235e-07,0.0
DTXSID5044491,2101,0.0,0.0
DTXSID5044493,2101,0.0,0.0
DTXSID5044495,2101,1.0058703383632932e-10,0.0
DTXSID5044520,2101,1.3047441116787708e-09,0.0
DTXSID5044522,2101,8.118479657388271e-14,0.0
DTXSID5044526,2101,0.0,0.0
DTXSID5044528,2101,3.8481072031418896e-07,0.0
DTXSID5044570,2101,1.765180589530302e-14,0.0
DTXSID5044572,2101,0.0,0.0
DTXSID5044574,2101,0.0,0.0
DTXSID5044576,2101,1.5349814109647446e-10,0.0
DTXSID5044578,2101,0.0,0.0
DTXSID5044603,2101,0.0,0.0
DTXSID5044605,2101,1.801380297134225e-08,0.0
DTXSID5044607,2101,7.938535826584293e-08,0.0
DTXSID5044609,2101,0.0,0.0
DTXSID5044655,2101,0.0,0.0
DTXSID5044732,2101,0.0,0.0
DTXSID5044734,2101,0.0,0.0
DTXSID5044738,2101,0.0,0.0
DTXSID5044780,2101,0.0,0.0
DTXSID5044782,2101,0.010741498920607185,0.0
DTXSID5044784,2101,3.0134736748393335e-13,0.0
DTXSID5044786,2101,6.431298277864779e-05,0.0
DTXSID5044788,2101,0.0,0.0
DTXSID5044811,2101,0.0,0.0
DTXSID5044815,2101,0.0,0.0
DTXSID5044817,2101,0.678189013813007,0.0
DTXSID5044819,2101,0.0,0.0
DTXSID5044863,2101,0.0,0.0
DTXSID5044865,2101,0.9999999649442158,1.0
DTXSID5044867,2101,0.0,0.0
DTXSID5044869,2101,7.190782165025554e-05,0.0
DTXSID5044940,2101,0.999999999767456,1.0
DTXSID5044948,2101,0.0,0.0
DTXSID5044990,2101,0.0,0.0
DTXSID5044992,2101,0.9999862217517865,1.0
DTXSID5044994,2101,0.0003474524046822098,0.0
DTXSID5044996,2101,0.0,0.0
DTXSID5044998,2101,2.442913849892251e-15,0.0
DTXSID5045093,2101,0.0,0.0
DTXSID5045099,2101,0.0,0.0
DTXSID5045122,2101,2.4912540220273213e-08,0.0
DTXSID5045124,2101,0.0,0.0
DTXSID5045128,2101,0.0,0.0
DTXSID5045170,2101,0.0,0.0
DTXSID5045174,2101,0.0,0.0
DTXSID5045176,2101,0.5872495631225073,0.0
DTXSID5045201,2101,0.0,0.0
DTXSID5045205,2101,0.02216611842629766,0.0
DTXSID5045209,2101,0.0,0.0
DTXSID5045380,2101,0.0,0.0
DTXSID5045382,2101,0.0,0.0
DTXSID5045386,2101,0.0,0.0
DTXSID5045388,2101,0.0,0.0
DTXSID5045413,2101,2.1338228445887147e-05,0.0
DTXSID5045417,2101,,
DTXSID5045419,2101,9.033589939809514e-07,0.0
DTXSID5045461,2101,0.0,0.0
DTXSID5045469,2101,,
DTXSID5045540,2101,,
DTXSID5045590,2101,0.0,0.0
DTXSID5045594,2101,0.0,0.0
DTXSID5045598,2101,1.504351828106384e-05,0.0
DTXSID5045623,2101,0.0,0.0
DTXSID5045625,2101,0.0,0.0
DTXSID5045673,2101,0.0,0.0
DTXSID5045677,2101,0.0,0.0
DTXSID5045700,2101,1.0808605683166314e-17,0.0
DTXSID5045702,2101,0.0,0.0
DTXSID5045704,2101,,
DTXSID5045750,2101,3.8372213529267425e-07,0.0
DTXSID5045752,2101,0.0,0.0
DTXSID5045756,2101,0.0,0.0
DTXSID5045833,2101,0.0,0.0
DTXSID5045835,2101,0.0,0.0
DTXSID5045881,2101,0.9999999997579663,1.0
DTXSID5045883,2101,0.0,0.0
DTXSID5045887,2101,0.0,0.0
DTXSID5045889,2101,0.9952574545414714,1.0
DTXSID5045914,2101,0.0,0.0
DTXSID5045916,2101,0.9993979303857425,1.0
DTXSID5045960,2101,2.953618515447901e-08,0.0
DTXSID5045964,2101,5.168812960037988e-13,0.0
DTXSID5046015,2101,,
DTXSID5046017,2101,0.404443445332425,0.0
DTXSID5046019,2101,0.0,0.0
DTXSID5046067,2101,0.0,0.0
DTXSID5046069,2101,0.0,0.0
DTXSID5046140,2101,0.937860468663135,1.0
DTXSID5046142,2101,0.0,0.0
DTXSID5046148,2101,0.0,0.0
DTXSID5046190,2101,0.0,0.0
DTXSID5046196,2101,0.0,0.0
DTXSID5046221,2101,0.9832677897160372,1.0
DTXSID5046225,2101,0.0,0.0
DTXSID5046227,2101,9.323249562249261e-17,0.0
DTXSID5046229,2101,1.8911232163348502e-07,0.0
DTXSID5046271,2101,5.057396610911881e-05,0.0
DTXSID5046273,2101,0.0,0.0
DTXSID5046275,2101,0.0,0.0
DTXSID5046277,2101,0.00011969978439582408,0.0
DTXSID5046279,2101,0.00058723613318397,0.0
DTXSID5046300,2101,0.0,0.0
DTXSID5046433,2101,0.0,0.0
DTXSID5046437,2101,0.0,0.0
DTXSID5046439,2101,2.6755580769533965e-07,0.0
DTXSID5046481,2101,0.9980555791536977,1.0
DTXSID5046483,2101,1.2474757164742947e-05,0.0
DTXSID5046485,2101,0.0,0.0
DTXSID5046487,2101,0.0,0.0
DTXSID5046510,2101,0.0,0.0
DTXSID5046512,2101,0.0,0.0
DTXSID5046560,2101,0.0,0.0
DTXSID5046641,2101,0.0,0.0
DTXSID5046691,2101,0.0069897185919751284,0.0
DTXSID5046693,2101,0.0,0.0
DTXSID5046695,2101,0.0,0.0
DTXSID5046697,2101,0.0,0.0
DTXSID5046699,2101,0.0,0.0
DTXSID5046724,2101,0.0,0.0
DTXSID5046726,2101,8.199098321674662e-07,0.0
DTXSID5046770,2101,0.0,0.0
DTXSID5046772,2101,0.023952632601809264,0.0
DTXSID5046776,2101,,
DTXSID5046801,2101,2.4993009441416417e-06,0.0
DTXSID5046803,2101,0.0,0.0
DTXSID5046851,2101,,
DTXSID5046853,2101,0.0,0.0
DTXSID5046938,2101,0.0,0.0
DTXSID5046980,2101,0.9995617081807929,1.0
DTXSID5046986,2101,1.2724743576277304e-13,0.0
DTXSID5046988,2101,0.0,0.0
DTXSID5047031,2101,3.683253186001992e-09,0.0
DTXSID5047033,2101,0.0,0.0
DTXSID5047035,2101,6.527834497740621e-11,0.0
DTXSID5047037,2101,0.0,0.0
DTXSID5047039,2101,8.288712197862349e-13,0.0
DTXSID5047081,2101,0.0,0.0
DTXSID5047083,2101,2.4950137133757238e-08,0.0
DTXSID5047085,2101,2.5808133191885187e-13,0.0
DTXSID5047087,2101,0.0,0.0
DTXSID5047089,2101,0.0,0.0
DTXSID5047110,2101,0.0,0.0
DTXSID5047112,2101,1.0,1.0
DTXSID5047116,2101,0.0,0.0
DTXSID5047118,2101,1.3653813696759416e-12,0.0
DTXSID5047160,2101,0.0,0.0
DTXSID5047162,2101,0.0,0.0
DTXSID5047164,2101,0.0,0.0
DTXSID5047166,2101,3.924443319539817e-18,0.0
DTXSID5047168,2101,0.0,0.0
DTXSID5047241,2101,0.0,0.0
DTXSID5047243,2101,0.0,0.0
DTXSID5047249,2101,5.277225032285005e-08,0.0
DTXSID5047291,2101,7.338468812251335e-16,0.0
DTXSID5047295,2101,0.9999874175155236,1.0
DTXSID5047297,2101,0.0,0.0
DTXSID5047299,2101,0.0,0.0
DTXSID5047320,2101,0.9999999972037833,1.0
DTXSID5047322,2101,0.9999703619007404,1.0
DTXSID5047324,2101,0.0,0.0
DTXSID5047328,2101,0.9956153150190348,1.0
DTXSID5047372,2101,0.9999847492911915,1.0
DTXSID5047374,2101,0.9999885836621435,1.0
DTXSID5047376,2101,0.0,0.0
DTXSID5047405,2101,0.0,0.0
DTXSID5047451,2101,0.0,0.0
DTXSID5047453,2101,0.0,0.0
DTXSID5047459,2101,1.2576374087318867e-06,0.0
DTXSID5047530,2101,0.999982353786469,1.0
DTXSID5047538,2101,0.00038652329515195317,0.0
DTXSID5047582,2101,0.0,0.0
DTXSID5047584,2101,0.0,0.0
DTXSID5047611,2101,0.0,0.0
DTXSID5047617,2101,0.0,0.0
DTXSID5047661,2101,0.0,0.0
DTXSID5047663,2101,0.0,0.0
DTXSID5047665,2101,0.0,0.0
DTXSID5047667,2101,1.813323852750634e-13,0.0
DTXSID5047744,2101,0.0,0.0
DTXSID5047790,2101,0.0,0.0
DTXSID5047796,2101,0.0,0.0
DTXSID5047825,2101,0.980681373430757,1.0
DTXSID5047871,2101,2.322844981103064e-14,0.0
DTXSID5047873,2101,1.7390190640475497e-05,0.0
DTXSID5047875,2101,0.0,0.0
DTXSID5047877,2101,0.0,0.0
DTXSID5047879,2101,0.0,0.0
DTXSID5047900,2101,0.9999999999991447,1.0
DTXSID5047902,2101,0.0,0.0
DTXSID5047904,2101,0.9999999999992323,1.0
DTXSID5047906,2101,1.0435783007198984e-11,0.0
DTXSID5047908,2101,4.85191789456591e-14,0.0
DTXSID5047950,2101,0.9999999999622984,1.0
DTXSID5047952,2101,5.091022977012919e-10,0.0
DTXSID5047954,2101,0.0,0.0
DTXSID5047956,2101,7.61419053992276e-06,0.0
DTXSID5048180,2101,0.0,0.0
DTXSID5048182,2101,1.3134908036555395e-06,0.0
DTXSID5048184,2101,0.9691536723353943,1.0
DTXSID5048186,2101,0.0,0.0
DTXSID5048188,2101,1.9170107698170164e-11,0.0
DTXSID5048211,2101,0.0,0.0
DTXSID5048421,2101,1.2691960585534418e-10,0.0
DTXSID5048506,2101,0.9999279902251843,1.0
DTXSID5048635,2101,0.0,0.0
DTXSID5048637,2101,0.0,0.0
DTXSID5048685,2101,0.0,0.0
DTXSID5048710,2101,0.0,0.0
DTXSID5048716,2101,,
DTXSID5048841,2101,0.0,0.0
DTXSID5048843,2101,0.0,0.0
DTXSID5048845,2101,1.5273229257143819e-09,0.0
DTXSID5048847,2101,7.697429324007833e-20,0.0
DTXSID5048849,2101,0.9869544111372972,1.0
DTXSID5048891,2101,0.0,0.0
DTXSID5048893,2101,0.0,0.0
DTXSID5048895,2101,4.287798875690675e-07,0.0
DTXSID5048897,2101,4.629740707947026e-05,0.0
DTXSID5048899,2101,0.0,0.0
DTXSID5048920,2101,0.9962412888902226,1.0
DTXSID5048922,2101,6.557644647500574e-17,0.0
DTXSID5048924,2101,8.121736340861434e-06,0.0
DTXSID5048928,2101,0.0,0.0
DTXSID5048974,2101,0.0,0.0
DTXSID5048978,2101,2.44028101530096e-09,0.0
DTXSID5049021,2101,0.9999999982436196,1.0
DTXSID5049231,2101,0.0,0.0
DTXSID5049233,2101,1.1621142703956162e-16,0.0
DTXSID5049235,2101,1.024271027292141e-08,0.0
DTXSID5049237,2101,8.532172805447876e-15,0.0
DTXSID5049239,2101,0.0,0.0
DTXSID5049281,2101,0.0,0.0
DTXSID5049283,2101,0.0,0.0
DTXSID5049285,2101,0.0,0.0
DTXSID5049287,2101,2.4146684358983356e-10,0.0
DTXSID5049289,2101,3.8634434446345736e-19,0.0
DTXSID5049310,2101,0.0,0.0
DTXSID5049312,2101,0.0,0.0
DTXSID5049314,2101,0.0,0.0
DTXSID5049316,2101,3.464325305544622e-13,0.0
DTXSID5049318,2101,0.0,0.0
DTXSID5049360,2101,0.0,0.0
DTXSID5049362,2101,0.0,0.0
DTXSID5049364,2101,0.0,0.0
DTXSID5049366,2101,0.0,0.0
DTXSID5049368,2101,0.0,0.0
DTXSID5049445,2101,5.571500419396418e-10,0.0
DTXSID5049447,2101,7.628416892579106e-05,0.0
DTXSID5049449,2101,1.4982204505583782e-08,0.0
DTXSID5049491,2101,0.0,0.0
DTXSID5049493,2101,0.0,0.0
DTXSID5049495,2101,0.0,0.0
DTXSID5049497,2101,1.666842101781462e-18,0.0
DTXSID5049499,2101,6.604242802082565e-18,0.0
DTXSID5049520,2101,0.0,0.0
DTXSID5049522,2101,0.0,0.0
DTXSID5049524,2101,0.0,0.0
DTXSID5049526,2101,6.082498259846182e-10,0.0
DTXSID5049528,2101,0.0,0.0
DTXSID5050426,2101,1.6853891507294995e-07,0.0
DTXSID5051440,2101,0.0,0.0
DTXSID5051444,2101,0.0,0.0
DTXSID5051446,2101,0.0,0.0
DTXSID5051525,2101,0.0,0.0
DTXSID5051529,2101,0.0,0.0
DTXSID5051575,2101,4.789884777809558e-06,0.0
DTXSID5051650,2101,0.9959470846670605,1.0
DTXSID5051999,2101,5.463304193120348e-12,0.0
DTXSID5052042,2101,0.00010987467793712533,0.0
DTXSID5052125,2101,0.006680331639018628,0.0
DTXSID5052250,2101,5.22769405194709e-20,0.0
DTXSID5052254,2101,0.0,0.0
DTXSID5052460,2101,0.9516928538661787,1.0
DTXSID5052591,2101,0.0,0.0
DTXSID5052593,2101,1.2898064590695669e-05,0.0
DTXSID5052595,2101,0.0,0.0
DTXSID5052597,2101,0.0,0.0
DTXSID5052620,2101,0.0,0.0
DTXSID5052672,2101,8.23455444976474e-06,0.0
DTXSID5052832,2101,7.76344935671741e-09,0.0
DTXSID5052838,2101,0.0,0.0
DTXSID5052884,2101,0.0,0.0
DTXSID5057620,2101,,
DTXSID5057622,2101,8.312422475601962e-11,0.0
DTXSID5057624,2101,0.0,0.0
DTXSID5057626,2101,0.0,0.0
DTXSID5057628,2101,0.0,0.0
DTXSID5057670,2101,0.0,0.0
DTXSID5057672,2101,0.002037585557928839,0.0
DTXSID5057674,2101,1.2067573410689514e-05,0.0
DTXSID5057676,2101,0.0,0.0
DTXSID5057678,2101,,
DTXSID5057701,2101,0.0,0.0
DTXSID5057703,2101,0.0041358599263254785,0.0
DTXSID5057705,2101,0.0,0.0
DTXSID5057707,2101,0.0,0.0
DTXSID5057709,2101,0.0,0.0
DTXSID5057751,2101,1.482794802805205e-07,0.0
DTXSID5057753,2101,0.1728556535597107,0.0
DTXSID5057755,2101,0.0,0.0
DTXSID5057757,2101,0.0,0.0
DTXSID5057759,2101,0.00011178459359081409,0.0
DTXSID5057830,2101,0.0,0.0
DTXSID5057832,2101,0.0,0.0
DTXSID5057834,2101,0.5850503662480612,0.0
DTXSID5057836,2101,7.86996488819863e-10,0.0
DTXSID5057838,2101,0.8744607287247989,0.0
DTXSID6020014,2101,0.0,0.0
DTXSID6020062,2101,6.448802051205176e-05,0.0
DTXSID6020064,2101,0.0,0.0
DTXSID6020066,2101,0.0,0.0
DTXSID6020068,2101,0.6466290115067499,0.0
DTXSID6020141,2101,0.0,0.0
DTXSID6020143,2101,0.0,0.0
DTXSID6020145,2101,0.0,0.0
DTXSID6020147,2101,0.0,0.0
DTXSID6020149,2101,0.0,0.0
DTXSID6020193,2101,0.012332385743085986,0.0
DTXSID6020197,2101,0.999999943971618,1.0
DTXSID6020199,2101,0.0,0.0
DTXSID6020220,2101,0.0,0.0
DTXSID6020222,2101,0.0,0.0
DTXSID6020224,2101,0.0,0.0
DTXSID6020226,2101,3.6661613364232045e-11,0.0
DTXSID6020274,2101,0.8482214619429793,0.0
DTXSID6020276,2101,0.0046374146576162465,0.0
DTXSID6020278,2101,0.9999999999973372,1.0
DTXSID6020303,2101,0.0,0.0
DTXSID6020307,2101,0.0,0.0
DTXSID6020309,2101,0.0,0.0
DTXSID6020355,2101,0.0,0.0
DTXSID6020357,2101,0.0,0.0
DTXSID6020359,2101,0.0,0.0
DTXSID6020430,2101,0.0,0.0
DTXSID6020432,2101,0.000130898309056119,0.0
DTXSID6020434,2101,0.0,0.0
DTXSID6020438,2101,6.062984821135173e-12,0.0
DTXSID6020480,2101,0.0,0.0
DTXSID6020484,2101,8.07923264589427e-05,0.0
DTXSID6020511,2101,4.316782944451805e-09,0.0
DTXSID6020513,2101,0.0,0.0
DTXSID6020515,2101,0.0,0.0
DTXSID6020517,2101,0.0,0.0
DTXSID6020561,2101,0.0,0.0
DTXSID6020569,2101,1.9324608390183746e-13,0.0
DTXSID6020646,2101,0.0,0.0
DTXSID6020648,2101,1.1669043060402936e-08,0.0
DTXSID6020690,2101,0.9999986999259587,1.0
DTXSID6020692,2101,0.0,0.0
DTXSID6020694,2101,0.0,0.0
DTXSID6020696,2101,0.0,0.0
DTXSID6020721,2101,3.6667743243027776e-09,0.0
DTXSID6020771,2101,5.73132355696317e-12,0.0
DTXSID6020777,2101,1.3805371530657444e-18,0.0
DTXSID6020779,2101,0.6491801769799261,0.0
DTXSID6020802,2101,9.752103414793969e-07,0.0
DTXSID6020804,2101,0.0008551910129259358,0.0
DTXSID6020856,2101,0.0,0.0
DTXSID6020933,2101,0.0,0.0
DTXSID6020937,2101,0.0,0.0
DTXSID6020939,2101,0.0,0.0
DTXSID6020981,2101,0.0,0.0
DTXSID6020983,2101,0.18069334642742854,0.0
DTXSID6020985,2101,0.0,0.0
DTXSID6021030,2101,3.2070409338125867e-13,0.0
DTXSID6021032,2101,2.3784403265373133e-14,0.0
DTXSID6021036,2101,1.0454932201116935e-09,0.0
DTXSID6021080,2101,0.9998896194272003,1.0
DTXSID6021082,2101,0.9944235705352865,1.0
DTXSID6021084,2101,0.0,0.0
DTXSID6021086,2101,0.0,0.0
DTXSID6021113,2101,6.890063850186431e-15,0.0
DTXSID6021117,2101,0.0,0.0
DTXSID6021165,2101,0.0,0.0
DTXSID6021240,2101,5.7046107820575e-06,0.0
DTXSID6021244,2101,0.9999999999999791,1.0
DTXSID6021246,2101,0.0,0.0
DTXSID6021248,2101,0.9999999808571038,1.0
DTXSID6021290,2101,1.6442894579417657e-17,0.0
DTXSID6021292,2101,0.0,0.0
DTXSID6021294,2101,0.0,0.0
DTXSID6021296,2101,0.0,0.0
DTXSID6021321,2101,0.0,0.0
DTXSID6021371,2101,0.0,0.0
DTXSID6021373,2101,0.00017534280509161953,0.0
DTXSID6021375,2101,0.08795732260170565,0.0
DTXSID6021377,2101,0.0,0.0
DTXSID6021379,2101,8.760434639506762e-10,0.0
DTXSID6021402,2101,0.0,0.0
DTXSID6021404,2101,0.0,0.0
DTXSID6021408,2101,0.9999995722200029,1.0
DTXSID6021450,2101,0.00010674587352919274,0.0
DTXSID6021456,2101,0.9999079328039299,1.0
DTXSID6021458,2101,0.00011190010503359166,0.0
DTXSID6021581,2101,0.0,0.0
DTXSID6021583,2101,1.2934824556759933e-10,0.0
DTXSID6021585,2101,0.0,0.0
DTXSID6021610,2101,0.0,0.0
DTXSID6021618,2101,0.0,0.0
DTXSID6021660,2101,5.127164926479759e-12,0.0
DTXSID6021666,2101,0.0,0.0
DTXSID6021668,2101,0.0,0.0
DTXSID6021741,2101,5.444848649025667e-14,0.0
DTXSID6021749,2101,0.0,0.0
DTXSID6021793,2101,3.8060255000973304e-05,0.0
DTXSID6021795,2101,0.0,0.0
DTXSID6021799,2101,0.0,0.0
DTXSID6021820,2101,0.0,0.0
DTXSID6021822,2101,0.00558719012580937,0.0
DTXSID6021824,2101,0.9999062303438871,1.0
DTXSID6021828,2101,0.0,0.0
DTXSID6021872,2101,0.0,0.0
DTXSID6021874,2101,0.0,0.0
DTXSID6021901,2101,0.0,0.0
DTXSID6021907,2101,2.986287861010379e-15,0.0
DTXSID6021909,2101,7.291390403398952e-08,0.0
DTXSID6021953,2101,0.0,0.0
DTXSID6021957,2101,4.6635407291953617e-08,0.0
DTXSID6021959,2101,2.134815577966691e-09,0.0
DTXSID6022000,2101,0.0,0.0
DTXSID6022002,2101,0.0,0.0
DTXSID6022004,2101,0.0,0.0
DTXSID6022006,2101,0.0,0.0
DTXSID6022008,2101,0.0,0.0
DTXSID6022050,2101,0.0,0.0
DTXSID6022056,2101,2.969467717242742e-09,0.0
DTXSID6022058,2101,0.0,0.0
DTXSID6022131,2101,0.0,0.0
DTXSID6022133,2101,,
DTXSID6022137,2101,2.3776684141513515e-10,0.0
DTXSID6022187,2101,0.0,0.0
DTXSID6022218,2101,6.196903651201747e-08,0.0
DTXSID6022341,2101,0.0,0.0
DTXSID6022345,2101,7.982119830899463e-07,0.0
DTXSID6022391,2101,7.111811579252125e-08,0.0
DTXSID6022393,2101,7.636989415924703e-20,0.0
DTXSID6022399,2101,3.7003226669778826e-13,0.0
DTXSID6022420,2101,0.0,0.0
DTXSID6022422,2101,0.0,0.0
DTXSID6022472,2101,0.0,0.0
DTXSID6022474,2101,1.506421247117267e-11,0.0
DTXSID6022557,2101,0.0,0.0
DTXSID6022636,2101,0.0,0.0
DTXSID6022684,2101,0.0,0.0
DTXSID6022688,2101,2.1380954027558075e-06,0.0
DTXSID6022715,2101,0.0,0.0
DTXSID6022719,2101,1.4343563222805065e-07,0.0
DTXSID6022842,2101,0.0,0.0
DTXSID6022844,2101,0.966098656171734,1.0
DTXSID6022846,2101,0.0,0.0
DTXSID6022892,2101,,
DTXSID6022894,2101,1.4749451784660896e-07,0.0
DTXSID6022927,2101,0.0,0.0
DTXSID6022973,2101,4.647019713977994e-09,0.0
DTXSID6022975,2101,0.0,0.0
DTXSID6022977,2101,7.15421318091112e-07,0.0
DTXSID6023024,2101,0.0,0.0
DTXSID6023028,2101,0.0,0.0
DTXSID6023078,2101,2.0684867309788032e-12,0.0
DTXSID6023101,2101,2.5603553203721815e-11,0.0
DTXSID6023103,2101,0.0,0.0
DTXSID6023109,2101,0.0,0.0
DTXSID6023153,2101,1.1709341043123e-12,0.0
DTXSID6023155,2101,1.5817657598079973e-13,0.0
DTXSID6023157,2101,7.955307382700867e-09,0.0
DTXSID6023159,2101,0.0,0.0
DTXSID6023286,2101,0.0,0.0
DTXSID6023313,2101,0.0,0.0
DTXSID6023315,2101,0.0,0.0
DTXSID6023317,2101,0.0020349244523461684,0.0
DTXSID6023363,2101,0.9999998672100001,1.0
DTXSID6023367,2101,0.0,0.0
DTXSID6023369,2101,0.0,0.0
DTXSID6023440,2101,0.0,0.0
DTXSID6023442,2101,0.0,0.0
DTXSID6023490,2101,3.001623391480093e-05,0.0
DTXSID6023496,2101,0.0,0.0
DTXSID6023523,2101,0.999937251115468,1.0
DTXSID6023529,2101,0.0,0.0
DTXSID6023602,2101,0.0,0.0
DTXSID6023606,2101,0.0,0.0
DTXSID6023608,2101,0.0,0.0
DTXSID6023652,2101,2.6784883348783327e-11,0.0
DTXSID6023656,2101,0.9999313142967606,1.0
DTXSID6023733,2101,0.0,0.0
DTXSID6023737,2101,0.0,0.0
DTXSID6023810,2101,0.9999976103062944,1.0
DTXSID6023862,2101,0.0,0.0
DTXSID6023864,2101,0.0,0.0
DTXSID6023868,2101,0.9999999999996266,1.0
DTXSID6023947,2101,0.0,0.0
DTXSID6023997,2101,7.189589616622232e-07,0.0
DTXSID6023999,2101,1.7537148186256436e-10,0.0
DTXSID6024046,2101,0.0,0.0
DTXSID6024048,2101,8.031927700169047e-08,0.0
DTXSID6024123,2101,3.615623155899149e-05,0.0
DTXSID6024127,2101,0.0,0.0
DTXSID6024175,2101,0.0,0.0
DTXSID6024177,2101,0.0,0.0
DTXSID6024200,2101,0.0,0.0
DTXSID6024204,2101,0.0,0.0
DTXSID6024206,2101,0.0,0.0
DTXSID6024254,2101,9.35286415891829e-09,0.0
DTXSID6024331,2101,0.0,0.0
DTXSID6024337,2101,0.007791386138796775,0.0
DTXSID6024412,2101,5.334181775469854e-10,0.0
DTXSID6024414,2101,0.0,0.0
DTXSID6024460,2101,0.8019667608622026,0.0
DTXSID6024462,2101,0.0,0.0
DTXSID6024466,2101,7.917589884162953e-06,0.0
DTXSID6024591,2101,0.0,0.0
DTXSID6024597,2101,0.0,0.0
DTXSID6024599,2101,0.0,0.0
DTXSID6024624,2101,5.075272242791031e-07,0.0
DTXSID6024628,2101,0.0,0.0
DTXSID6024670,2101,0.0,0.0
DTXSID6024674,2101,0.0,0.0
DTXSID6024676,2101,3.917631324943836e-21,0.0
DTXSID6024701,2101,5.267483405867841e-07,0.0
DTXSID6024832,2101,3.4906538012085303e-13,0.0
DTXSID6024834,2101,0.0,0.0
DTXSID6024836,2101,0.0,0.0
DTXSID6024838,2101,0.9996871131264707,1.0
DTXSID6024880,2101,0.0,0.0
DTXSID6024882,2101,1.3614512946611661e-09,0.0
DTXSID6024886,2101,0.0,0.0
DTXSID6024888,2101,0.0,0.0
DTXSID6024911,2101,0.005216428596420797,0.0
DTXSID6024913,2101,8.834738634752737e-06,0.0
DTXSID6024915,2101,0.0,0.0
DTXSID6024917,2101,0.0,0.0
DTXSID6024961,2101,1.6920159335659192e-06,0.0
DTXSID6024965,2101,0.0,0.0
DTXSID6024967,2101,0.0,0.0
DTXSID6025010,2101,0.0,0.0
DTXSID6025012,2101,0.0,0.0
DTXSID6025014,2101,0.0,0.0
DTXSID6025018,2101,0.0,0.0
DTXSID6025064,2101,0.0,0.0
DTXSID6025068,2101,0.0,0.0
DTXSID6025141,2101,0.0,0.0
DTXSID6025143,2101,0.0,0.0
DTXSID6025145,2101,2.074557403009022e-08,0.0
DTXSID6025149,2101,0.9996178802969999,1.0
DTXSID6025220,2101,3.76168540568213e-20,0.0
DTXSID6025226,2101,0.9999999775579922,1.0
DTXSID6025272,2101,1.077386868745474e-15,0.0
DTXSID6025276,2101,0.0,0.0
DTXSID6025278,2101,0.0,0.0
DTXSID6025301,2101,0.0,0.0
DTXSID6025303,2101,0.0,0.0
DTXSID6025305,2101,0.0,0.0
DTXSID6025307,2101,1.7523736265950737e-08,0.0
DTXSID6025309,2101,0.0,0.0
DTXSID6025355,2101,1.1246401621463058e-10,0.0
DTXSID6025432,2101,5.689962277492564e-08,0.0
DTXSID6025436,2101,0.0,0.0
DTXSID6025438,2101,1.1193785904405368e-12,0.0
DTXSID6025480,2101,6.207815270829289e-07,0.0
DTXSID6025486,2101,0.0,0.0
DTXSID6025513,2101,0.9999999998891945,1.0
DTXSID6025565,2101,0.9999999976335199,1.0
DTXSID6025567,2101,0.0,0.0
DTXSID6025569,2101,0.0,0.0
DTXSID6025640,2101,0.0,0.0
DTXSID6025642,2101,0.0,0.0
DTXSID6025648,2101,0.0,0.0
DTXSID6025690,2101,6.139021377474329e-10,0.0
DTXSID6025692,2101,6.274530104831026e-09,0.0
DTXSID6025696,2101,0.9999996293641411,1.0
DTXSID6025723,2101,0.0,0.0
DTXSID6025725,2101,5.440765525725973e-11,0.0
DTXSID6025775,2101,0.0,0.0
DTXSID6025804,2101,0.0,0.0
DTXSID6025850,2101,0.0,0.0
DTXSID6025854,2101,0.0,0.0
DTXSID6025939,2101,6.3623333968736235e-09,0.0
DTXSID6025983,2101,7.936335331598635e-05,0.0
DTXSID6026080,2101,0.0,0.0
DTXSID6026082,2101,5.430975278060562e-14,0.0
DTXSID6026084,2101,0.0,0.0
DTXSID6026088,2101,7.382214454448135e-14,0.0
DTXSID6026115,2101,1.8756180840240335e-06,0.0
DTXSID6026119,2101,0.0,0.0
DTXSID6026161,2101,0.0,0.0
DTXSID6026167,2101,0.0,0.0
DTXSID6026169,2101,0.0,0.0
DTXSID6026240,2101,0.0,0.0
DTXSID6026292,2101,0.0,0.0
DTXSID6026294,2101,0.000633090664490266,0.0
DTXSID6026298,2101,0.0,0.0
DTXSID6026325,2101,0.0,0.0
DTXSID6026373,2101,0.0,0.0
DTXSID6026450,2101,0.0,0.0
DTXSID6026535,2101,0.567680579140203,0.0
DTXSID6026537,2101,0.0,0.0
DTXSID6026612,2101,0.0,0.0
DTXSID6026664,2101,0.0,0.0
DTXSID6026797,2101,0.0,0.0
DTXSID6026799,2101,0.0,0.0
DTXSID6026824,2101,0.0,0.0
DTXSID6026872,2101,0.0,0.0
DTXSID6026878,2101,0.9984742353664451,1.0
DTXSID6026901,2101,0.0006559823739325141,0.0
DTXSID6026905,2101,0.0,0.0
DTXSID6026955,2101,0.0,0.0
DTXSID6027050,2101,0.9999999995436069,1.0
DTXSID6027052,2101,0.138119316866781,0.0
DTXSID6027131,2101,0.0,0.0
DTXSID6027133,2101,0.0,0.0
DTXSID6027137,2101,3.8437361787754894e-07,0.0
DTXSID6027181,2101,0.0,0.0
DTXSID6027185,2101,0.0,0.0
DTXSID6027214,2101,0.0,0.0
DTXSID6027218,2101,0.0,0.0
DTXSID6027262,2101,0.0,0.0
DTXSID6027266,2101,1.1751898112897268e-10,0.0
DTXSID6027268,2101,0.0,0.0
DTXSID6027341,2101,0.0,0.0
DTXSID6027343,2101,0.0,0.0
DTXSID6027345,2101,1.5281435233022902e-13,0.0
DTXSID6027397,2101,0.0,0.0
DTXSID6027503,2101,0.0,0.0
DTXSID6027507,2101,0.0,0.0
DTXSID6027509,2101,0.0,0.0
DTXSID6027551,2101,0.0,0.0
DTXSID6027634,2101,0.0,0.0
DTXSID6027636,2101,3.5912364736576856e-06,0.0
DTXSID6027713,2101,0.4314493939586948,0.0
DTXSID6027844,2101,0.0,0.0
DTXSID6027921,2101,7.789868356673783e-12,0.0
DTXSID6027923,2101,1.1009495502524937e-17,0.0
DTXSID6027925,2101,0.5219710536910457,0.0
DTXSID6027975,2101,1.162024338782485e-08,0.0
DTXSID6028022,2101,1.2477810212376984e-09,0.0
DTXSID6028028,2101,1.2684242807020291e-08,0.0
DTXSID6028492,2101,0.999527584067777,1.0
DTXSID6029121,2101,0.0,0.0
DTXSID6029127,2101,0.0,0.0
DTXSID6029171,2101,0.0,0.0
DTXSID6029202,2101,0.0,0.0
DTXSID6029250,2101,0.0,0.0
DTXSID6029254,2101,0.0,0.0
DTXSID6029331,2101,0.0,0.0
DTXSID6029626,2101,1.4106046639600932e-09,0.0
DTXSID6029670,2101,0.0,0.0
DTXSID6029703,2101,0.0,0.0
DTXSID6029707,2101,6.297686948881646e-12,0.0
DTXSID6029755,2101,0.0,0.0
DTXSID6030607,2101,0.0,0.0
DTXSID6031209,2101,0.0,0.0
DTXSID6031380,2101,0.0,0.0
DTXSID6031461,2101,5.507204408572864e-09,0.0
DTXSID6032061,2101,0.7473826233358117,0.0
DTXSID6032192,2101,3.2066978646821925e-08,0.0
DTXSID6032352,2101,8.037900917738371e-11,0.0
DTXSID6032354,2101,0.29743288272673024,0.0
DTXSID6032356,2101,0.0,0.0
DTXSID6032358,2101,0.0,0.0
DTXSID6032431,2101,0.9998767724444872,1.0
DTXSID6032437,2101,2.8335935269988652e-12,0.0
DTXSID6032514,2101,2.433719492269387e-11,0.0
DTXSID6032516,2101,0.0,0.0
DTXSID6032518,2101,0.999999999999974,1.0
DTXSID6032562,2101,7.3579582547562e-15,0.0
DTXSID6032641,2101,0.0,0.0
DTXSID6032645,2101,0.0,0.0
DTXSID6032647,2101,0.9999999869497382,1.0
DTXSID6032649,2101,0.003984265344239777,0.0
DTXSID6032722,2101,0.0,0.0
DTXSID6033241,2101,0.0,0.0
DTXSID6033247,2101,0.9999987388963818,1.0
DTXSID6033326,2101,0.0,0.0
DTXSID6033401,2101,1.4679667974830787e-14,0.0
DTXSID6033538,2101,0.46807618206269885,0.0
DTXSID6033825,2101,0.0,0.0
DTXSID6034005,2101,6.40084952925487e-16,0.0
DTXSID6034186,2101,0.4315442410406995,0.0
DTXSID6034265,2101,0.0,0.0
DTXSID6034392,2101,0.0,0.0
DTXSID6034762,2101,5.910183132801467e-17,0.0
DTXSID6034764,2101,0.0,0.0
DTXSID6034849,2101,0.0,0.0
DTXSID6034924,2101,0.0,0.0
DTXSID6034928,2101,9.794002733659656e-11,0.0
DTXSID6034972,2101,7.881224737284009e-11,0.0
DTXSID6035152,2101,0.0,0.0
DTXSID6035156,2101,0.0,0.0
DTXSID6035285,2101,0.0007371667480820407,0.0
DTXSID6035784,2101,0.0,0.0
DTXSID6036467,2101,0.0,0.0
DTXSID6037015,2101,0.0,0.0
DTXSID6037483,2101,4.918819364333185e-09,0.0
DTXSID6037564,2101,1.1859869875949606e-08,0.0
DTXSID6037568,2101,0.0,0.0
DTXSID6037649,2101,0.0,0.0
DTXSID6037697,2101,2.226765781568403e-11,0.0
DTXSID6037728,2101,0.5441155559561647,0.0
DTXSID6038326,2101,0.0,0.0
DTXSID6038798,2101,0.0,0.0
DTXSID6038827,2101,0.0,0.0
DTXSID6038875,2101,1.4888369454065406e-07,0.0
DTXSID6038877,2101,0.99506164667013,1.0
DTXSID6040111,2101,2.697488418876779e-06,0.0
DTXSID6040115,2101,0.0,0.0
DTXSID6040246,2101,0.0,0.0
DTXSID6040290,2101,0.0,0.0
DTXSID6040296,2101,0.0,0.0
DTXSID6040371,2101,0.978080101496957,1.0
DTXSID6040373,2101,0.9718023988994785,1.0
DTXSID6040375,2101,0.0,0.0
DTXSID6040404,2101,0.9926928832426457,1.0
DTXSID6040583,2101,0.0,0.0
DTXSID6040614,2101,6.699602267540009e-08,0.0
DTXSID6040662,2101,7.365485219851027e-05,0.0
DTXSID6040664,2101,0.0,0.0
DTXSID6040668,2101,0.00927153590235684,0.0
DTXSID6040743,2101,3.960550891003518e-12,0.0
DTXSID6040745,2101,6.918695661613586e-08,0.0
DTXSID6040747,2101,5.028193767497404e-07,0.0
DTXSID6040795,2101,0.0,0.0
DTXSID6041056,2101,0.0,0.0
DTXSID6041133,2101,0.99865653404089,1.0
DTXSID6041137,2101,0.0,0.0
DTXSID6041185,2101,0.0,0.0
DTXSID6041210,2101,0.0,0.0
DTXSID6041268,2101,0.9966198118851244,1.0
DTXSID6041347,2101,0.0,0.0
DTXSID6041349,2101,0.0,0.0
DTXSID6041397,2101,0.0,0.0
DTXSID6041420,2101,0.0,0.0
DTXSID6041422,2101,0.9999987361465177,1.0
DTXSID6041424,2101,0.0,0.0
DTXSID6041426,2101,0.0,0.0
DTXSID6041472,2101,0.0,0.0
DTXSID6041503,2101,0.9555889066757446,1.0
DTXSID6041507,2101,0.0,0.0
DTXSID6041551,2101,0.9857893266129918,1.0
DTXSID6041557,2101,0.0,0.0
DTXSID6041636,2101,0.0,0.0
DTXSID6041638,2101,0.0,0.0
DTXSID6041680,2101,0.9999990762281772,1.0
DTXSID6041682,2101,0.1518836808755437,0.0
DTXSID6041684,2101,3.0979119653198137e-08,0.0
DTXSID6041688,2101,0.0003026700994349956,0.0
DTXSID6041715,2101,3.8086063543183606e-08,0.0
DTXSID6041719,2101,1.465483494300084e-11,0.0
DTXSID6041761,2101,0.9999999941717804,1.0
DTXSID6041844,2101,0.0,0.0
DTXSID6041892,2101,1.1337356061269709e-12,0.0
DTXSID6041925,2101,1.3555492200824914e-12,0.0
DTXSID6041927,2101,2.9191934654239065e-20,0.0
DTXSID6041973,2101,0.0016035367974960222,0.0
DTXSID6041977,2101,2.596455934294654e-05,0.0
DTXSID6042072,2101,0.0,0.0
DTXSID6042074,2101,3.125383121020285e-07,0.0
DTXSID6042151,2101,0.0,0.0
DTXSID6042157,2101,0.0,0.0
DTXSID6042232,2101,0.0,0.0
DTXSID6042234,2101,0.0,0.0
DTXSID6042280,2101,2.016141198226067e-05,0.0
DTXSID6042282,2101,0.0,0.0
DTXSID6042315,2101,1.0829076114410016e-07,0.0
DTXSID6042365,2101,2.6852794740180183e-11,0.0
DTXSID6042369,2101,0.9999671431115538,1.0
DTXSID6042440,2101,2.165298456485509e-12,0.0
DTXSID6042448,2101,0.0,0.0
DTXSID6042490,2101,,
DTXSID6042494,2101,0.0,0.0
DTXSID6042498,2101,8.747287883608785e-09,0.0
DTXSID6042521,2101,0.0,0.0
DTXSID6042579,2101,0.0012694014136955996,0.0
DTXSID6042602,2101,3.707746694847614e-12,0.0
DTXSID6043709,2101,0.010908438340599196,0.0
DTXSID6043913,2101,0.0,0.0
DTXSID6043915,2101,0.9999999759012342,1.0
DTXSID6043917,2101,0.0,0.0
DTXSID6043919,2101,0.0,0.0
DTXSID6044199,2101,0.0,0.0
DTXSID6044226,2101,5.1983164165203573e-05,0.0
DTXSID6044303,2101,0.0,0.0
DTXSID6044307,2101,0.0,0.0
DTXSID6044309,2101,0.9353531599753367,1.0
DTXSID6044353,2101,0.0,0.0
DTXSID6044355,2101,0.0,0.0
DTXSID6044357,2101,0.0,0.0
DTXSID6044359,2101,0.0,0.0
DTXSID6044430,2101,0.0,0.0
DTXSID6044436,2101,0.0,0.0
DTXSID6044438,2101,0.0,0.0
DTXSID6044480,2101,0.0,0.0
DTXSID6044484,2101,0.0,0.0
DTXSID6044486,2101,0.0,0.0
DTXSID6044488,2101,0.0,0.0
DTXSID6044511,2101,0.0,0.0
DTXSID6044513,2101,0.0,0.0
DTXSID6044515,2101,5.178289737943272e-11,0.0
DTXSID6044517,2101,6.893617554690457e-08,0.0
DTXSID6044519,2101,0.0,0.0
DTXSID6044561,2101,0.0,0.0
DTXSID6044563,2101,0.0,0.0
DTXSID6044565,2101,0.0,0.0
DTXSID6044642,2101,0.9317805998686195,1.0
DTXSID6044644,2101,0.0,0.0
DTXSID6044646,2101,0.0,0.0
DTXSID6044648,2101,0.0,0.0
DTXSID6044690,2101,1.9925093408351446e-14,0.0
DTXSID6044692,2101,0.0,0.0
DTXSID6044696,2101,0.0,0.0
DTXSID6044698,2101,0.0,0.0
DTXSID6044721,2101,0.0,0.0
DTXSID6044723,2101,0.0,0.0
DTXSID6044725,2101,0.0,0.0
DTXSID6044727,2101,1.2859304719961031e-12,0.0
DTXSID6044771,2101,0.0,0.0
DTXSID6044773,2101,0.0,0.0
DTXSID6044777,2101,0.0,0.0
DTXSID6044779,2101,0.9999999833004819,1.0
DTXSID6044800,2101,0.0,0.0
DTXSID6044802,2101,0.0,0.0
DTXSID6044804,2101,0.0,0.0
DTXSID6044808,2101,0.0,0.0
DTXSID6044852,2101,0.0,0.0
DTXSID6044854,2101,0.0,0.0
DTXSID6044856,2101,0.0,0.0
DTXSID6044858,2101,4.022930691814557e-12,0.0
DTXSID6044931,2101,0.0,0.0
DTXSID6044933,2101,0.0,0.0
DTXSID6044935,2101,0.0,0.0
DTXSID6044939,2101,1.4790287587353646e-06,0.0
DTXSID6044981,2101,0.0,0.0
DTXSID6044983,2101,6.54340964894184e-05,0.0
DTXSID6044985,2101,0.0,0.0
DTXSID6044989,2101,0.0,0.0
DTXSID6045084,2101,0.0,0.0
DTXSID6045088,2101,0.0,0.0
DTXSID6045111,2101,0.9999968008119039,1.0
DTXSID6045117,2101,0.0,0.0
DTXSID6045119,2101,1.7409604498552343e-06,0.0
DTXSID6045161,2101,4.96821416409872e-06,0.0
DTXSID6045163,2101,3.8758298857846296e-07,0.0
DTXSID6045165,2101,0.4887540506440912,0.0
DTXSID6045167,2101,0.0,0.0
DTXSID6045169,2101,0.0,0.0
DTXSID6045248,2101,0.0,0.0
DTXSID6045292,2101,0.0,0.0
DTXSID6045296,2101,0.0,0.0
DTXSID6045321,2101,0.0,0.0
DTXSID6045323,2101,0.9999940259936467,1.0
DTXSID6045371,2101,0.0,0.0
DTXSID6045373,2101,1.0938872013751685e-07,0.0
DTXSID6045375,2101,2.964263931905335e-08,0.0
DTXSID6045377,2101,0.9999237047544317,1.0
DTXSID6045400,2101,0.0,0.0
DTXSID6045452,2101,0.997448108015217,1.0
DTXSID6045531,2101,0.0,0.0
DTXSID6045533,2101,0.0,0.0
DTXSID6045583,2101,0.5349902155615297,0.0
DTXSID6045587,2101,0.0,0.0
DTXSID6045614,2101,0.9996896968431384,1.0
DTXSID6045616,2101,0.9548103642095057,1.0
DTXSID6045618,2101,0.0,0.0
DTXSID6045660,2101,0.0,0.0
DTXSID6045662,2101,4.008538014679944e-12,0.0
DTXSID6045666,2101,9.313200521829091e-11,0.0
DTXSID6045668,2101,0.0,0.0
DTXSID6045741,2101,0.0,0.0
DTXSID6045743,2101,0.0,0.0
DTXSID6045745,2101,0.0,0.0
DTXSID6045791,2101,0.9962433004071751,1.0
DTXSID6045820,2101,,
DTXSID6045828,2101,0.0,0.0
DTXSID6045870,2101,0.0,0.0
DTXSID6045874,2101,0.0,0.0
DTXSID6045878,2101,0.0,0.0
DTXSID6045901,2101,1.5880064123273307e-12,0.0
DTXSID6045907,2101,0.6966281463130259,0.0
DTXSID6045909,2101,0.0,0.0
DTXSID6045953,2101,2.370665774628132e-12,0.0
DTXSID6045955,2101,0.9999999999984814,1.0
DTXSID6045957,2101,0.9979119541742224,1.0
DTXSID6046000,2101,0.0,0.0
DTXSID6046131,2101,0.0,0.0
DTXSID6046137,2101,0.9921908079466104,1.0
DTXSID6046181,2101,2.137610823980385e-06,0.0
DTXSID6046216,2101,0.0,0.0
DTXSID6046260,2101,0.0,0.0
DTXSID6046264,2101,3.8400245775539845e-07,0.0
DTXSID6046266,2101,0.0,0.0
DTXSID6046341,2101,0.0,0.0
DTXSID6046343,2101,0.95461934437107,1.0
DTXSID6046345,2101,0.0,0.0
DTXSID6046347,2101,0.0,0.0
DTXSID6046349,2101,0.0,0.0
DTXSID6046391,2101,5.566277121933239e-07,0.0
DTXSID6046395,2101,6.467271987466729e-15,0.0
DTXSID6046399,2101,0.7708375687314729,0.0
DTXSID6046420,2101,0.0,0.0
DTXSID6046422,2101,0.0,0.0
DTXSID6046424,2101,0.0,0.0
DTXSID6046426,2101,0.0,0.0
DTXSID6046428,2101,1.2818703900118986e-07,0.0
DTXSID6046470,2101,0.755325555984367,0.0
DTXSID6046472,2101,0.9999988445382471,1.0
DTXSID6046474,2101,0.0,0.0
DTXSID6046478,2101,0.0003354419547977162,0.0
DTXSID6046501,2101,0.0,0.0
DTXSID6046503,2101,0.0,0.0
DTXSID6046505,2101,2.334296542676814e-14,0.0
DTXSID6046507,2101,0.9997343532652504,1.0
DTXSID6046553,2101,0.998233486992869,1.0
DTXSID6046555,2101,0.0,0.0
DTXSID6046557,2101,0.0,0.0
DTXSID6046634,2101,0.0,0.0
DTXSID6046638,2101,0.0,0.0
DTXSID6046688,2101,0.0,0.0
DTXSID6046715,2101,0.0,0.0
DTXSID6046767,2101,0.0,0.0
DTXSID6046842,2101,0.0,0.0
DTXSID6046890,2101,0.0,0.0
DTXSID6046892,2101,0.9996697236957632,1.0
DTXSID6046896,2101,,
DTXSID6046925,2101,0.0,0.0
DTXSID6046977,2101,0.0,0.0
DTXSID6046979,2101,2.646517910846803e-05,0.0
DTXSID6047028,2101,1.0764642732799751e-14,0.0
DTXSID6047070,2101,0.0,0.0
DTXSID6047072,2101,0.0,0.0
DTXSID6047074,2101,0.0,0.0
DTXSID6047078,2101,0.0,0.0
DTXSID6047101,2101,0.0,0.0
DTXSID6047103,2101,1.5764474334582508e-07,0.0
DTXSID6047105,2101,0.0,0.0
DTXSID6047107,2101,0.0,0.0
DTXSID6047109,2101,0.0,0.0
DTXSID6047155,2101,0.0,0.0
DTXSID6047157,2101,1.049731948832883e-08,0.0
DTXSID6047159,2101,0.0,0.0
DTXSID6047236,2101,0.0,0.0
DTXSID6047280,2101,0.9985147463928493,1.0
DTXSID6047282,2101,0.0,0.0
DTXSID6047284,2101,0.0,0.0
DTXSID6047286,2101,0.0,0.0
DTXSID6047288,2101,0.9999999999979069,1.0
DTXSID6047311,2101,0.9999983157911032,1.0
DTXSID6047313,2101,0.0,0.0
DTXSID6047315,2101,0.016938686452414052,0.0
DTXSID6047319,2101,1.7568579905221015e-08,0.0
DTXSID6047363,2101,0.0,0.0
DTXSID6047369,2101,0.9999999142990675,1.0
DTXSID6047440,2101,0.0,0.0
DTXSID6047444,2101,2.19959462958005e-08,0.0
DTXSID6047446,2101,0.0007585220655529104,0.0
DTXSID6047448,2101,0.0,0.0
DTXSID6047490,2101,0.0,0.0
DTXSID6047498,2101,1.0,1.0
DTXSID6047523,2101,,
DTXSID6047525,2101,0.0,0.0
DTXSID6047527,2101,0.0,0.0
DTXSID6047529,2101,6.217251877134356e-12,0.0
DTXSID6047579,2101,0.0,0.0
DTXSID6047602,2101,5.596968812729438e-08,0.0
DTXSID6047604,2101,0.0,0.0
DTXSID6047606,2101,1.4998983053229197e-08,0.0
DTXSID6047608,2101,0.0,0.0
DTXSID6047654,2101,,
DTXSID6047656,2101,1.6240069164647924e-11,0.0
DTXSID6047781,2101,0.0,0.0
DTXSID6047783,2101,6.723001944853268e-06,0.0
DTXSID6047785,2101,0.001220911935668123,0.0
DTXSID6047787,2101,0.0,0.0
DTXSID6047789,2101,0.0,0.0
DTXSID6047818,2101,0.0,0.0
DTXSID6047941,2101,9.556274085704629e-11,0.0
DTXSID6047943,2101,2.500179714787367e-17,0.0
DTXSID6047945,2101,0.0,0.0
DTXSID6047947,2101,0.0,0.0
DTXSID6047949,2101,9.304190052043732e-16,0.0
DTXSID6048171,2101,0.999999993586281,1.0
DTXSID6048175,2101,0.0,0.0
DTXSID6048200,2101,0.0,0.0
DTXSID6048202,2101,0.0,0.0
DTXSID6048204,2101,3.0827866001387674e-11,0.0
DTXSID6048206,2101,0.0,0.0
DTXSID6048208,2101,0.0,0.0
DTXSID6048383,2101,9.886818012746395e-15,0.0
DTXSID6048591,2101,0.0,0.0
DTXSID6048597,2101,0.0,0.0
DTXSID6048620,2101,0.0,0.0
DTXSID6048672,2101,0.00015550724674877987,0.0
DTXSID6048674,2101,0.0,0.0
DTXSID6048676,2101,0.0,0.0
DTXSID6048830,2101,0.0,0.0
DTXSID6048834,2101,0.0,0.0
DTXSID6048836,2101,0.0,0.0
DTXSID6048838,2101,0.0,0.0
DTXSID6048880,2101,0.0,0.0
DTXSID6048882,2101,1.857867906706427e-14,0.0
DTXSID6048884,2101,8.505212144109752e-09,0.0
DTXSID6048886,2101,0.0,0.0
DTXSID6048888,2101,0.0,0.0
DTXSID6048915,2101,7.136042226377172e-06,0.0
DTXSID6048919,2101,0.9999967708945866,1.0
DTXSID6048961,2101,1.9339914236162377e-08,0.0
DTXSID6048965,2101,0.0,0.0
DTXSID6048967,2101,0.9994655984688814,1.0
DTXSID6049018,2101,0.0,0.0
DTXSID6049060,2101,1.9632480667014702e-07,0.0
DTXSID6049064,2101,0.0,0.0
DTXSID6049066,2101,0.994334026294543,1.0
DTXSID6049068,2101,0.0,0.0
DTXSID6049220,2101,0.0,0.0
DTXSID6049222,2101,0.0,0.0
DTXSID6049224,2101,0.0,0.0
DTXSID6049226,2101,0.9921303727594012,1.0
DTXSID6049228,2101,0.0,0.0
DTXSID6049270,2101,0.0,0.0
DTXSID6049272,2101,0.0,0.0
DTXSID6049274,2101,0.0,0.0
DTXSID6049276,2101,0.0,0.0
DTXSID6049278,2101,3.3564826506453403e-07,0.0
DTXSID6049301,2101,0.0,0.0
DTXSID6049303,2101,0.0,0.0
DTXSID6049305,2101,0.0,0.0
DTXSID6049307,2101,0.0,0.0
DTXSID6049309,2101,0.0,0.0
DTXSID6049351,2101,0.9999999999575637,1.0
DTXSID6049353,2101,0.0,0.0
DTXSID6049355,2101,0.0,0.0
DTXSID6049357,2101,0.0,0.0
DTXSID6049359,2101,0.0,0.0
DTXSID6049430,2101,0.06032013678379328,0.0
DTXSID6049432,2101,0.0,0.0
DTXSID6049480,2101,0.0,0.0
DTXSID6049482,2101,0.0,0.0
DTXSID6049484,2101,6.765862775771093e-14,0.0
DTXSID6049486,2101,0.0,0.0
DTXSID6049488,2101,0.0,0.0
DTXSID6049511,2101,8.796581748755184e-14,0.0
DTXSID6049513,2101,0.0,0.0
DTXSID6049515,2101,0.0,0.0
DTXSID6049517,2101,0.0,0.0
DTXSID6049519,2101,3.564970248106246e-08,0.0
DTXSID6049561,2101,2.2598335370138987e-11,0.0
DTXSID6050386,2101,1.2282900158979243e-07,0.0
DTXSID6051306,2101,0.9999999984980011,1.0
DTXSID6051560,2101,0.0,0.0
DTXSID6051564,2101,6.74453898631338e-05,0.0
DTXSID6051566,2101,0.005224804092427739,0.0
DTXSID6051695,2101,0.03788893394637858,0.0
DTXSID6051724,2101,0.0,0.0
DTXSID6051778,2101,6.103427181372156e-11,0.0
DTXSID6052112,2101,0.0,0.0
DTXSID6052291,2101,0.0,0.0
DTXSID6052295,2101,0.0,0.0
DTXSID6052299,2101,7.411110098272887e-06,0.0
DTXSID6052328,2101,0.0,0.0
DTXSID6052536,2101,0.0005463986627831001,0.0
DTXSID6052538,2101,0.0,0.0
DTXSID6052619,2101,0.0,0.0
DTXSID6052740,2101,0.0,0.0
DTXSID6057611,2101,0.0,0.0
DTXSID6057613,2101,0.8665968514804955,0.0
DTXSID6057615,2101,0.0,0.0
DTXSID6057617,2101,0.0,0.0
DTXSID6057619,2101,0.9987115922673654,1.0
DTXSID6057661,2101,0.986466159426955,1.0
DTXSID6057663,2101,6.944229557198924e-12,0.0
DTXSID6057665,2101,0.0,0.0
DTXSID6057667,2101,0.0,0.0
DTXSID6057669,2101,,
DTXSID6057740,2101,0.0,0.0
DTXSID6057742,2101,0.0,0.0
DTXSID6057744,2101,0.0,0.0
DTXSID6057746,2101,6.991945590305464e-08,0.0
DTXSID6057748,2101,5.587354868593416e-11,0.0
DTXSID6057790,2101,0.0,0.0
DTXSID6057794,2101,0.0,0.0
DTXSID6057796,2101,0.0,0.0
DTXSID6057798,2101,6.026424402440821e-08,0.0
DTXSID6057821,2101,6.254283359466585e-06,0.0
DTXSID6057823,2101,0.00020879469805182023,0.0
DTXSID6057825,2101,2.2799855241525009e-07,0.0
DTXSID6057827,2101,0.0,0.0
DTXSID6057829,2101,0.0,0.0
DTXSID7020005,2101,0.0,0.0
DTXSID7020007,2101,0.0,0.0
DTXSID7020009,2101,0.0,0.0
DTXSID7020053,2101,0.0,0.0
DTXSID7020057,2101,0.9999983597606835,1.0
DTXSID7020138,2101,0.0,0.0
DTXSID7020182,2101,1.095446423114751e-05,0.0
DTXSID7020184,2101,0.0,0.0
DTXSID7020211,2101,4.084517074012792e-11,0.0
DTXSID7020213,2101,2.25227429312599e-09,0.0
DTXSID7020215,2101,0.0,0.0
DTXSID7020261,2101,8.77722848572957e-19,0.0
DTXSID7020263,2101,0.0,0.0
DTXSID7020265,2101,0.0,0.0
DTXSID7020267,2101,0.9998585388944872,1.0
DTXSID7020340,2101,0.031015065263319166,0.0
DTXSID7020344,2101,6.291876434264501e-09,0.0
DTXSID7020348,2101,0.0,0.0
DTXSID7020390,2101,0.0,0.0
DTXSID7020392,2101,0.0,0.0
DTXSID7020398,2101,0.9996478632948912,1.0
DTXSID7020421,2101,0.0,0.0
DTXSID7020423,2101,8.014356234321525e-08,0.0
DTXSID7020425,2101,0.9999999999999994,1.0
DTXSID7020427,2101,6.338343480904357e-19,0.0
DTXSID7020479,2101,0.0,0.0
DTXSID7020504,2101,6.662450736526578e-11,0.0
DTXSID7020508,2101,0.0,0.0
DTXSID7020550,2101,0.0,0.0
DTXSID7020552,2101,0.0,0.0
DTXSID7020558,2101,6.358402983548571e-07,0.0
DTXSID7020631,2101,0.0,0.0
DTXSID7020635,2101,0.9995194320688676,1.0
DTXSID7020681,2101,0.0,0.0
DTXSID7020683,2101,3.863947504990858e-19,0.0
DTXSID7020685,2101,8.413648848730373e-14,0.0
DTXSID7020687,2101,0.9462391205152232,1.0
DTXSID7020689,2101,0.0,0.0
DTXSID7020710,2101,6.554111893701614e-09,0.0
DTXSID7020714,2101,0.0,0.0
DTXSID7020716,2101,0.0,0.0
DTXSID7020760,2101,0.0,0.0
DTXSID7020762,2101,0.0,0.0
DTXSID7020764,2101,8.819088418257827e-15,0.0
DTXSID7020766,2101,6.129075836323518e-20,0.0
DTXSID7020768,2101,0.9978555211621292,1.0
DTXSID7020841,2101,1.0912440301740128e-08,0.0
DTXSID7020843,2101,1.6887706633247917e-08,0.0
DTXSID7020845,2101,0.0,0.0
DTXSID7020847,2101,0.011999058063588678,0.0
DTXSID7020893,2101,1.6055376592841185e-10,0.0
DTXSID7020895,2101,1.4046779809071436e-17,0.0
DTXSID7020899,2101,0.0,0.0
DTXSID7020920,2101,3.5759198676472586e-08,0.0
DTXSID7020922,2101,0.0,0.0
DTXSID7020928,2101,1.4432938501476812e-06,0.0
DTXSID7020970,2101,0.036618359329924945,0.0
DTXSID7020972,2101,0.005183314803570987,0.0
DTXSID7020976,2101,0.0,0.0
DTXSID7020978,2101,0.0,0.0
DTXSID7021027,2101,0.0,0.0
DTXSID7021029,2101,0.0,0.0
DTXSID7021100,2101,5.421976912281236e-07,0.0
DTXSID7021102,2101,0.0,0.0
DTXSID7021104,2101,1.7141198343569008e-13,0.0
DTXSID7021106,2101,0.0,0.0
DTXSID7021150,2101,1.0,1.0
DTXSID7021152,2101,0.0017091029061898902,0.0
DTXSID7021156,2101,0.0,0.0
DTXSID7021158,2101,6.9404058410178e-08,0.0
DTXSID7021231,2101,0.0,0.0
DTXSID7021233,2101,0.9999999996793654,1.0
DTXSID7021235,2101,0.0022429421698430927,0.0
DTXSID7021237,2101,0.9999999360386914,1.0
DTXSID7021239,2101,2.667074090201763e-07,0.0
DTXSID7021283,2101,0.9997437902183757,1.0
DTXSID7021287,2101,0.0,0.0
DTXSID7021289,2101,8.120085270425691e-08,0.0
DTXSID7021312,2101,0.9874387364883521,1.0
DTXSID7021314,2101,0.998397936669852,1.0
DTXSID7021316,2101,0.9986307946950586,1.0
DTXSID7021318,2101,0.0,0.0
DTXSID7021360,2101,0.0,0.0
DTXSID7021362,2101,0.0,0.0
DTXSID7021364,2101,0.0,0.0
DTXSID7021366,2101,0.0,0.0
DTXSID7021368,2101,0.9899188292245924,1.0
DTXSID7021491,2101,0.0,0.0
DTXSID7021493,2101,0.0,0.0
DTXSID7021495,2101,0.0,0.0
DTXSID7021499,2101,6.821889677628747e-16,0.0
DTXSID7021520,2101,1.6263425569567843e-09,0.0
DTXSID7021524,2101,1.5503947909290796e-15,0.0
DTXSID7021526,2101,0.0,0.0
DTXSID7021576,2101,0.0,0.0
DTXSID7021601,2101,0.0,0.0
DTXSID7021603,2101,0.0,0.0
DTXSID7021605,2101,0.0,0.0
DTXSID7021607,2101,4.104378520580144e-09,0.0
DTXSID7021653,2101,0.0,0.0
DTXSID7021655,2101,0.0,0.0
DTXSID7021657,2101,0.0,0.0
DTXSID7021659,2101,0.0,0.0
DTXSID7021780,2101,4.2848149378015183e-17,0.0
DTXSID7021782,2101,0.0,0.0
DTXSID7021784,2101,4.5732026467257397e-11,0.0
DTXSID7021788,2101,1.9899317880545804e-10,0.0
DTXSID7021815,2101,0.0,0.0
DTXSID7021817,2101,0.0,0.0
DTXSID7021861,2101,8.529908845595099e-09,0.0
DTXSID7021863,2101,0.0,0.0
DTXSID7021867,2101,0.0,0.0
DTXSID7021869,2101,4.232144812802864e-11,0.0
DTXSID7021940,2101,0.0,0.0
DTXSID7021946,2101,2.9870193250716095e-08,0.0
DTXSID7021948,2101,1.3885767723450901e-18,0.0
DTXSID7021992,2101,0.0,0.0
DTXSID7021994,2101,6.000577776125129e-11,0.0
DTXSID7021996,2101,0.0,0.0
DTXSID7021998,2101,0.0,0.0
DTXSID7022043,2101,0.0,0.0
DTXSID7022049,2101,0.0,0.0
DTXSID7022093,2101,0.0,0.0
DTXSID7022120,2101,8.429266280654613e-08,0.0
DTXSID7022124,2101,0.0,0.0
DTXSID7022128,2101,0.0,0.0
DTXSID7022170,2101,7.969034553478431e-13,0.0
DTXSID7022172,2101,5.292453616484589e-20,0.0
DTXSID7022174,2101,0.2148121484958302,0.0
DTXSID7022253,2101,6.439857144411462e-05,0.0
DTXSID7022332,2101,7.037656484065852e-07,0.0
DTXSID7022382,2101,0.0849925676786507,0.0
DTXSID7022384,2101,0.9999884802313789,1.0
DTXSID7022411,2101,1.6896527007342286e-15,0.0
DTXSID7022413,2101,1.0667058360556635e-06,0.0
DTXSID7022415,2101,0.0,0.0
DTXSID7022417,2101,0.0,0.0
DTXSID7022540,2101,0.0,0.0
DTXSID7022544,2101,0.0,0.0
DTXSID7022546,2101,0.0,0.0
DTXSID7022590,2101,0.0,0.0
DTXSID7022592,2101,0.9930158299482332,1.0
DTXSID7022598,2101,0.0047116472177973195,0.0
DTXSID7022629,2101,9.803696358257037e-12,0.0
DTXSID7022673,2101,0.9977956464649881,1.0
DTXSID7022679,2101,0.0,0.0
DTXSID7022704,2101,0.0,0.0
DTXSID7022833,2101,0.0,0.0
DTXSID7022835,2101,3.325120578090339e-09,0.0
DTXSID7022837,2101,0.9995745290334692,1.0
DTXSID7022883,2101,0.9981473093616743,1.0
DTXSID7022910,2101,0.0,0.0
DTXSID7022912,2101,0.0,0.0
DTXSID7022914,2101,,
DTXSID7022918,2101,0.0,0.0
DTXSID7022968,2101,0.00033369395961797675,0.0
DTXSID7023011,2101,0.0,0.0
DTXSID7023019,2101,2.0263210922229918e-10,0.0
DTXSID7023061,2101,0.0,0.0
DTXSID7023063,2101,6.384055999973071e-08,0.0
DTXSID7023067,2101,0.989448118407065,1.0
DTXSID7023140,2101,4.175481512026355e-09,0.0
DTXSID7023146,2101,0.0,0.0
DTXSID7023148,2101,0.0,0.0
DTXSID7023190,2101,0.0,0.0
DTXSID7023192,2101,4.971511711841699e-13,0.0
DTXSID7023194,2101,0.0,0.0
DTXSID7023221,2101,0.0,0.0
DTXSID7023227,2101,0.0,0.0
DTXSID7023271,2101,1.6584210559597664e-12,0.0
DTXSID7023277,2101,0.0,0.0
DTXSID7023300,2101,0.0,0.0
DTXSID7023350,2101,0.0,0.0
DTXSID7023352,2101,9.094674017800873e-07,0.0
DTXSID7023356,2101,0.0,0.0
DTXSID7023437,2101,0.7315626038689154,0.0
DTXSID7023481,2101,7.3709576557541835e-09,0.0
DTXSID7023485,2101,,
DTXSID7023487,2101,0.0,0.0
DTXSID7023510,2101,3.50716797477484e-08,0.0
DTXSID7023512,2101,1.4392529475607632e-09,0.0
DTXSID7023516,2101,0.0,0.0
DTXSID7023518,2101,0.0031707993129867313,0.0
DTXSID7023568,2101,2.043214701285294e-10,0.0
DTXSID7023645,2101,2.2000517818648646e-08,0.0
DTXSID7023691,2101,0.0,0.0
DTXSID7023697,2101,0.9993981201659816,1.0
DTXSID7023699,2101,0.0,0.0
DTXSID7023722,2101,0.0,0.0
DTXSID7023724,2101,0.0,0.0
DTXSID7023853,2101,0.0,0.0
DTXSID7023930,2101,0.0,0.0
DTXSID7023932,2101,6.737318401548495e-06,0.0
DTXSID7023936,2101,0.0,0.0
DTXSID7023938,2101,6.785669989161783e-12,0.0
DTXSID7023980,2101,0.0,0.0
DTXSID7023986,2101,2.6248056147221396e-07,0.0
DTXSID7024031,2101,6.94018816195068e-11,0.0
DTXSID7024035,2101,0.0,0.0
DTXSID7024081,2101,0.0,0.0
DTXSID7024085,2101,0.0,0.0
DTXSID7024087,2101,0.0,0.0
DTXSID7024110,2101,0.9572569714480824,1.0
DTXSID7024112,2101,0.0,0.0
DTXSID7024160,2101,0.9998093861398243,1.0
DTXSID7024164,2101,6.854294482042234e-09,0.0
DTXSID7024166,2101,0.0,0.0
DTXSID7024241,2101,0.002160214203261738,0.0
DTXSID7024245,2101,1.7061052819510004e-08,0.0
DTXSID7024247,2101,0.0,0.0
DTXSID7024291,2101,2.0187861674957346e-12,0.0
DTXSID7024299,2101,0.9954734708251692,1.0
DTXSID7024320,2101,3.538389344245673e-05,0.0
DTXSID7024328,2101,0.0,0.0
DTXSID7024370,2101,0.0,0.0
DTXSID7024376,2101,0.0,0.0
DTXSID7024409,2101,7.846520619809975e-16,0.0
DTXSID7024455,2101,0.0,0.0
DTXSID7024457,2101,0.999986252657208,1.0
DTXSID7024532,2101,0.0,0.0
DTXSID7024534,2101,0.0,0.0
DTXSID7024538,2101,0.00018679713162490647,0.0
DTXSID7024580,2101,0.0,0.0
DTXSID7024586,2101,0.0,0.0
DTXSID7024615,2101,0.0,0.0
DTXSID7024661,2101,0.0,0.0
DTXSID7024667,2101,0.0,0.0
DTXSID7024740,2101,0.0,0.0
DTXSID7024742,2101,0.0,0.0
DTXSID7024798,2101,6.035990344389559e-10,0.0
DTXSID7024821,2101,3.422481200867676e-16,0.0
DTXSID7024827,2101,0.9999823957735653,1.0
DTXSID7024873,2101,0.0,0.0
DTXSID7024875,2101,1.0542751166080021e-14,0.0
DTXSID7024902,2101,0.9999641430331552,1.0
DTXSID7024904,2101,0.995907414073869,1.0
DTXSID7024906,2101,0.9518387001714576,1.0
DTXSID7024950,2101,0.0,0.0
DTXSID7024952,2101,3.211117922442843e-11,0.0
DTXSID7024956,2101,0.9999999999999983,1.0
DTXSID7025001,2101,0.0,0.0
DTXSID7025003,2101,3.643778289287292e-12,0.0
DTXSID7025005,2101,1.837809906130094e-12,0.0
DTXSID7025051,2101,0.0,0.0
DTXSID7025053,2101,0.0,0.0
DTXSID7025055,2101,8.402331249101883e-10,0.0
DTXSID7025130,2101,0.0,0.0
DTXSID7025132,2101,0.0,0.0
DTXSID7025134,2101,0.0,0.0
DTXSID7025136,2101,0.0,0.0
DTXSID7025138,2101,0.9999999999383102,1.0
DTXSID7025180,2101,4.598845296396729e-05,0.0
DTXSID7025215,2101,0.0,0.0
DTXSID7025217,2101,0.9406791770971454,1.0
DTXSID7025219,2101,0.0011244957482469363,0.0
DTXSID7025269,2101,0.0,0.0
DTXSID7025342,2101,0.0,0.0
DTXSID7025346,2101,0.0,0.0
DTXSID7025390,2101,0.0,0.0
DTXSID7025394,2101,0.5288307559092584,0.0
DTXSID7025421,2101,0.0,0.0
DTXSID7025423,2101,0.0,0.0
DTXSID7025425,2101,0.0,0.0
DTXSID7025427,2101,0.0,0.0
DTXSID7025429,2101,0.9998815265441278,1.0
DTXSID7025479,2101,0.0,0.0
DTXSID7025502,2101,0.0,0.0
DTXSID7025506,2101,0.0,0.0
DTXSID7025508,2101,0.0,0.0
DTXSID7025558,2101,1.4524743657732666e-08,0.0
DTXSID7025633,2101,0.0,0.0
DTXSID7025635,2101,3.360793387550622e-05,0.0
DTXSID7025637,2101,0.0,0.0
DTXSID7025639,2101,0.0,0.0
DTXSID7025689,2101,0.0,0.0
DTXSID7025716,2101,4.675068971027534e-09,0.0
DTXSID7025764,2101,0.0,0.0
DTXSID7025768,2101,0.0,0.0
DTXSID7025849,2101,0.0,0.0
DTXSID7025895,2101,0.999999608517964,1.0
DTXSID7025922,2101,0.0,0.0
DTXSID7025924,2101,0.0,0.0
DTXSID7025926,2101,2.9589996930444503e-12,0.0
DTXSID7025972,2101,0.0,0.0
DTXSID7026025,2101,0.0,0.0
DTXSID7026029,2101,0.0,0.0
DTXSID7026102,2101,0.0,0.0
DTXSID7026108,2101,0.0,0.0
DTXSID7026156,2101,0.11502258551374758,0.0
DTXSID7026231,2101,0.18994618301289168,0.0
DTXSID7026235,2101,5.0885337448062605e-15,0.0
DTXSID7026285,2101,2.8525943762794077e-06,0.0
DTXSID7026314,2101,0.999999999999996,1.0
DTXSID7026318,2101,1.9352418012848174e-12,0.0
DTXSID7026366,2101,0.0,0.0
DTXSID7026368,2101,0.0,0.0
DTXSID7026441,2101,0.0,0.0
DTXSID7026499,2101,0.0,0.0
DTXSID7026520,2101,2.56563523343994e-12,0.0
DTXSID7026526,2101,0.0,0.0
DTXSID7026528,2101,0.0,0.0
DTXSID7026572,2101,0.0,0.0
DTXSID7026605,2101,0.0,0.0
DTXSID7026609,2101,0.0,0.0
DTXSID7026653,2101,0.0,0.0
DTXSID7026655,2101,9.126171532370314e-08,0.0
DTXSID7026811,2101,0.0,0.0
DTXSID7026863,2101,0.0,0.0
DTXSID7026867,2101,0.0,0.0
DTXSID7026946,2101,0.0,0.0
DTXSID7026994,2101,0.0,0.0
DTXSID7026998,2101,2.7403595543267626e-18,0.0
DTXSID7027041,2101,7.085927765394461e-07,0.0
DTXSID7027043,2101,0.0,0.0
DTXSID7027047,2101,0.0,0.0
DTXSID7027049,2101,0.0,0.0
DTXSID7027097,2101,0.0,0.0
DTXSID7027099,2101,0.0,0.0
DTXSID7027120,2101,0.0,0.0
DTXSID7027122,2101,0.0,0.0
DTXSID7027174,2101,0.0,0.0
DTXSID7027178,2101,4.2407674478329564e-13,0.0
DTXSID7027201,2101,0.0,0.0
DTXSID7027205,2101,0.0,0.0
DTXSID7027253,2101,0.0,0.0
DTXSID7027259,2101,0.0,0.0
DTXSID7027334,2101,0.0,0.0
DTXSID7027338,2101,0.0,0.0
DTXSID7027386,2101,0.0,0.0
DTXSID7027388,2101,0.0,0.0
DTXSID7027413,2101,0.0,0.0
DTXSID7027461,2101,0.0,0.0
DTXSID7027467,2101,1.712456109451744e-13,0.0
DTXSID7027540,2101,0.0,0.0
DTXSID7027542,2101,0.0,0.0
DTXSID7027544,2101,0.0,0.0
DTXSID7027546,2101,0.0,0.0
DTXSID7027594,2101,1.607789278375677e-06,0.0
DTXSID7027596,2101,0.0,0.0
DTXSID7027598,2101,0.0,0.0
DTXSID7027625,2101,0.0,0.0
DTXSID7027756,2101,0.0,0.0
DTXSID7027833,2101,0.0,0.0
DTXSID7027835,2101,6.01669399196773e-06,0.0
DTXSID7027837,2101,0.00037439466187373367,0.0
DTXSID7027887,2101,4.924402866175658e-08,0.0
DTXSID7027916,2101,0.0,0.0
DTXSID7027966,2101,0.0,0.0
DTXSID7028011,2101,0.9980591415258832,1.0
DTXSID7028013,2101,0.0,0.0
DTXSID7028015,2101,0.9999999988957772,1.0
DTXSID7028300,2101,0.0,0.0
DTXSID7028306,2101,5.985652647578938e-11,0.0
DTXSID7028774,2101,0.0,0.0
DTXSID7028776,2101,1.606980138561249e-14,0.0
DTXSID7029110,2101,1.1926867290747014e-11,0.0
DTXSID7029160,2101,2.6175163723270908e-11,0.0
DTXSID7029162,2101,4.0065920549928253e-13,0.0
DTXSID7029164,2101,0.0,0.0
DTXSID7029166,2101,0.0,0.0
DTXSID7029241,2101,0.9999999986513027,1.0
DTXSID7029247,2101,0.0,0.0
DTXSID7029249,2101,0.0,0.0
DTXSID7029299,2101,4.4595533472562455e-11,0.0
DTXSID7029320,2101,4.52849683881785e-10,0.0
DTXSID7029534,2101,8.00216240380958e-07,0.0
DTXSID7029611,2101,0.00018596508962921937,0.0
DTXSID7029617,2101,1.8194706659673864e-09,0.0
DTXSID7029619,2101,0.0,0.0
DTXSID7029661,2101,0.0,0.0
DTXSID7029665,2101,0.0,0.0
DTXSID7029871,2101,0.9999999997349693,1.0
DTXSID7029879,2101,0.999991966337583,1.0
DTXSID7029904,2101,0.0,0.0
DTXSID7030060,2101,4.733398213537779e-16,0.0
DTXSID7030197,2101,0.0,0.0
DTXSID7030307,2101,0.0,0.0
DTXSID7030432,2101,0.0,0.0
DTXSID7030698,2101,1.4697296477352443e-11,0.0
DTXSID7031248,2101,0.0,0.0
DTXSID7031290,2101,0.19546991734257177,0.0
DTXSID7031294,2101,0.0,0.0
DTXSID7031458,2101,1.2197948160251485e-05,0.0
DTXSID7031531,2101,0.9978460451053056,1.0
DTXSID7031797,2101,4.3016862521880673e-13,0.0
DTXSID7031903,2101,0.0,0.0
DTXSID7032004,2101,2.2496979806299152e-06,0.0
DTXSID7032345,2101,0.9999946978865921,1.0
DTXSID7032393,2101,0.10753964073605476,0.0
DTXSID7032424,2101,1.0078946353612918e-17,0.0
DTXSID7032470,2101,0.0,0.0
DTXSID7032474,2101,0.0,0.0
DTXSID7032551,2101,0.9999999999904471,1.0
DTXSID7032553,2101,0.9999354379927576,1.0
DTXSID7032555,2101,0.0,0.0
DTXSID7032559,2101,0.9943235252415691,1.0
DTXSID7032630,2101,1.2723904661811003e-11,0.0
DTXSID7032638,2101,0.9903169203978025,1.0
DTXSID7032688,2101,0.0,0.0
DTXSID7033105,2101,0.0,0.0
DTXSID7034042,2101,0.9999999998774086,1.0
DTXSID7034250,2101,0.2593403853259906,0.0
DTXSID7034252,2101,0.0,0.0
DTXSID7034383,2101,0.0,0.0
DTXSID7034460,2101,6.743464212979156e-14,0.0
DTXSID7034545,2101,2.8576239642921986e-08,0.0
DTXSID7034549,2101,0.0,0.0
DTXSID7034624,2101,0.0,0.0
DTXSID7034672,2101,0.9999999907224866,1.0
DTXSID7034674,2101,0.9999999993509325,1.0
DTXSID7034676,2101,0.0,0.0
DTXSID7034836,2101,0.0,0.0
DTXSID7034961,2101,0.0,0.0
DTXSID7035010,2101,0.0,0.0
DTXSID7035272,2101,0.0,0.0
DTXSID7035305,2101,2.8064058212996484e-08,0.0
DTXSID7037131,2101,0.0,0.0
DTXSID7037185,2101,0.9999994409245969,1.0
DTXSID7037262,2101,5.629473950981154e-10,0.0
DTXSID7037478,2101,3.393406917143726e-14,0.0
DTXSID7037551,2101,0.0,0.0
DTXSID7037553,2101,0.9065342677253394,1.0
DTXSID7037555,2101,0.999506238592807,1.0
DTXSID7037680,2101,1.0741020804680982e-16,0.0
DTXSID7037715,2101,0.0,0.0
DTXSID7037717,2101,0.0006835824076022265,0.0
DTXSID7038317,2101,0.0,0.0
DTXSID7038810,2101,2.5399210899530395e-09,0.0
DTXSID7038814,2101,0.0,0.0
DTXSID7038818,2101,0.0,0.0
DTXSID7038864,2101,0.9999960901517468,1.0
DTXSID7040152,2101,0.0,0.0
DTXSID7040154,2101,0.0,0.0
DTXSID7040283,2101,0.9990194190930739,1.0
DTXSID7040285,2101,0.0,0.0
DTXSID7040287,2101,4.7364879228560965e-09,0.0
DTXSID7040289,2101,0.0,0.0
DTXSID7040316,2101,0.0,0.0
DTXSID7040360,2101,1.6587924176949272e-05,0.0
DTXSID7040362,2101,0.014243283847128772,0.0
DTXSID7040449,2101,0.822849758151488,0.0
DTXSID7040526,2101,0.0,0.0
DTXSID7040653,2101,0.0,0.0
DTXSID7040657,2101,0.0,0.0
DTXSID7040732,2101,1.9890739647867152e-10,0.0
DTXSID7040734,2101,0.0,0.0
DTXSID7040736,2101,1.1121250405533657e-05,0.0
DTXSID7040738,2101,4.898357743370441e-10,0.0
DTXSID7040784,2101,7.759621917285033e-10,0.0
DTXSID7040788,2101,2.839298267462951e-12,0.0
DTXSID7040948,2101,0.0,0.0
DTXSID7040990,2101,6.1989309259443166e-12,0.0
DTXSID7041047,2101,0.0,0.0
DTXSID7041097,2101,0.11326059453169952,0.0
DTXSID7041126,2101,0.0,0.0
DTXSID7041178,2101,7.764624958989188e-07,0.0
DTXSID7041201,2101,0.9877669703096793,1.0
DTXSID7041209,2101,0.0,0.0
DTXSID7041253,2101,0.0,0.0
DTXSID7041336,2101,2.527688389792219e-06,0.0
DTXSID7041388,2101,0.0,0.0
DTXSID7041411,2101,0.9999822140560942,1.0
DTXSID7041413,2101,4.577333231532369e-16,0.0
DTXSID7041417,2101,3.186927097939221e-17,0.0
DTXSID7041461,2101,0.9999999999999997,1.0
DTXSID7041467,2101,1.7795047991802193e-09,0.0
DTXSID7041540,2101,0.0,0.0
DTXSID7041544,2101,0.2325336330549666,0.0
DTXSID7041621,2101,0.9999999987334114,1.0
DTXSID7041623,2101,8.764036756257348e-05,0.0
DTXSID7041625,2101,0.0,0.0
DTXSID7041627,2101,0.0,0.0
DTXSID7041629,2101,0.999997760605161,1.0
DTXSID7041671,2101,0.0,0.0
DTXSID7041675,2101,0.0,0.0
DTXSID7041708,2101,0.07589882496875171,0.0
DTXSID7041752,2101,0.9971323827498825,1.0
DTXSID7041756,2101,1.7236624253243412e-14,0.0
DTXSID7041883,2101,0.4472903124872509,0.0
DTXSID7041887,2101,0.9999999999996375,1.0
DTXSID7041889,2101,0.0,0.0
DTXSID7041910,2101,1.640429604692186e-08,0.0
DTXSID7041914,2101,0.0,0.0
DTXSID7041916,2101,0.0,0.0
DTXSID7041918,2101,0.0,0.0
DTXSID7041962,2101,0.0,0.0
DTXSID7041964,2101,0.0,0.0
DTXSID7041966,2101,2.5634382168676125e-09,0.0
DTXSID7042011,2101,0.0,0.0
DTXSID7042019,2101,0.0,0.0
DTXSID7042061,2101,0.0,0.0
DTXSID7042063,2101,0.0,0.0
DTXSID7042065,2101,3.6602405286758676e-08,0.0
DTXSID7042140,2101,0.0,0.0
DTXSID7042146,2101,0.0,0.0
DTXSID7042190,2101,0.0,0.0
DTXSID7042196,2101,2.4378359114503472e-11,0.0
DTXSID7042198,2101,2.5738524493621166e-08,0.0
DTXSID7042273,2101,0.9992497789260624,1.0
DTXSID7042279,2101,0.0,0.0
DTXSID7042352,2101,0.9994221509435279,1.0
DTXSID7042356,2101,4.2198144036306423e-10,0.0
DTXSID7042437,2101,0.0,0.0
DTXSID7042514,2101,0.0,0.0
DTXSID7043829,2101,2.894202804463179e-10,0.0
DTXSID7043873,2101,0.0,0.0
DTXSID7043902,2101,0.0,0.0
DTXSID7043908,2101,0.0,0.0
DTXSID7043950,2101,0.0,0.0
DTXSID7044132,2101,0.0,0.0
DTXSID7044215,2101,4.465520658021069e-08,0.0
DTXSID7044217,2101,0.0,0.0
DTXSID7044267,2101,0.0,0.0
DTXSID7044340,2101,0.0,0.0
DTXSID7044342,2101,0.0,0.0
DTXSID7044346,2101,0.0,0.0
DTXSID7044390,2101,1.2294871800938052e-14,0.0
DTXSID7044392,2101,0.0,0.0
DTXSID7044394,2101,0.0,0.0
DTXSID7044396,2101,0.0,0.0
DTXSID7044398,2101,3.4856932838970554e-08,0.0
DTXSID7044421,2101,0.0,0.0
DTXSID7044423,2101,0.0,0.0
DTXSID7044425,2101,0.0,0.0
DTXSID7044427,2101,9.587037720212524e-14,0.0
DTXSID7044429,2101,0.9999957345732889,1.0
DTXSID7044471,2101,0.0,0.0
DTXSID7044473,2101,0.0,0.0
DTXSID7044475,2101,0.0,0.0
DTXSID7044479,2101,0.0,0.0
DTXSID7044500,2101,1.1751534321107968e-09,0.0
DTXSID7044502,2101,0.0,0.0
DTXSID7044504,2101,7.885887108821948e-12,0.0
DTXSID7044506,2101,0.0,0.0
DTXSID7044508,2101,0.0,0.0
DTXSID7044552,2101,6.54048880707852e-14,0.0
DTXSID7044554,2101,0.0,0.0
DTXSID7044558,2101,0.9999999973008388,1.0
DTXSID7044631,2101,,
DTXSID7044633,2101,0.0,0.0
DTXSID7044635,2101,8.51483107188578e-08,0.0
DTXSID7044639,2101,0.9999999990578975,1.0
DTXSID7044681,2101,6.089456042470277e-13,0.0
DTXSID7044685,2101,2.36996436205463e-12,0.0
DTXSID7044689,2101,0.0,0.0
DTXSID7044710,2101,1.3809803625878778e-06,0.0
DTXSID7044712,2101,0.0,0.0
DTXSID7044714,2101,1.022323894414057e-14,0.0
DTXSID7044716,2101,0.0,0.0
DTXSID7044718,2101,2.566030600549858e-16,0.0
DTXSID7044760,2101,0.0,0.0
DTXSID7044762,2101,0.0,0.0
DTXSID7044764,2101,0.0,0.0
DTXSID7044768,2101,0.0,0.0
DTXSID7044841,2101,0.9999999999994529,1.0
DTXSID7044843,2101,0.9998844490096785,1.0
DTXSID7044845,2101,0.0,0.0
DTXSID7044847,2101,0.0,0.0
DTXSID7044849,2101,0.0,0.0
DTXSID7044893,2101,0.0,0.0
DTXSID7044895,2101,0.0,0.0
DTXSID7044897,2101,0.0,0.0
DTXSID7044899,2101,0.0,0.0
DTXSID7044922,2101,2.1572231943620683e-10,0.0
DTXSID7044926,2101,1.377702582133578e-10,0.0
DTXSID7044928,2101,0.0,0.0
DTXSID7044970,2101,0.0,0.0
DTXSID7044972,2101,0.0,0.0
DTXSID7044974,2101,0.0,0.0
DTXSID7044976,2101,0.0,0.0
DTXSID7044978,2101,0.0,0.0
DTXSID7045029,2101,0.06082508604606694,0.0
DTXSID7045152,2101,0.9999999999998421,1.0
DTXSID7045158,2101,0.0,0.0
DTXSID7045281,2101,0.0,0.0
DTXSID7045287,2101,0.0,0.0
DTXSID7045310,2101,0.0,0.0
DTXSID7045312,2101,4.70022130317159e-10,0.0
DTXSID7045316,2101,0.0,0.0
DTXSID7045364,2101,2.6802530814187535e-06,0.0
DTXSID7045366,2101,0.0,0.0
DTXSID7045368,2101,3.628624924208413e-05,0.0
DTXSID7045441,2101,0.0,0.0
DTXSID7045447,2101,0.9661087311749101,1.0
DTXSID7045493,2101,2.8880058764482056e-08,0.0
DTXSID7045497,2101,0.002578261713427256,0.0
DTXSID7045522,2101,0.0,0.0
DTXSID7045526,2101,0.0,0.0
DTXSID7045570,2101,,
DTXSID7045572,2101,0.0,0.0
DTXSID7045574,2101,0.0,0.0
DTXSID7045576,2101,0.0,0.0
DTXSID7045578,2101,0.0,0.0
DTXSID7045601,2101,4.08061538319418e-09,0.0
DTXSID7045607,2101,0.36735630984698775,0.0
DTXSID7045651,2101,5.539287063051676e-16,0.0
DTXSID7045653,2101,4.295211263449357e-19,0.0
DTXSID7045655,2101,0.0,0.0
DTXSID7045659,2101,0.0,0.0
DTXSID7045788,2101,0.0,0.0
DTXSID7045811,2101,0.9738979750712866,1.0
DTXSID7045813,2101,0.0,0.0
DTXSID7045815,2101,0.0,0.0
DTXSID7045863,2101,1.6285113026281993e-18,0.0
DTXSID7045867,2101,1.6546003830685119e-06,0.0
DTXSID7045940,2101,0.0,0.0
DTXSID7045942,2101,2.178246048323055e-11,0.0
DTXSID7045946,2101,1.8693514734941926e-06,0.0
DTXSID7045948,2101,0.0,0.0
DTXSID7045996,2101,0.0,0.0
DTXSID7046041,2101,0.0,0.0
DTXSID7046045,2101,0.0,0.0
DTXSID7046047,2101,0.0,0.0
DTXSID7046091,2101,0.9956448939891517,1.0
DTXSID7046093,2101,,
DTXSID7046095,2101,0.0,0.0
DTXSID7046126,2101,0.0,0.0
DTXSID7046128,2101,0.0,0.0
DTXSID7046174,2101,0.0,0.0
DTXSID7046176,2101,0.0,0.0
DTXSID7046201,2101,1.2094394415530895e-07,0.0
DTXSID7046207,2101,0.9794884750042055,1.0
DTXSID7046332,2101,0.0,0.0
DTXSID7046384,2101,,
DTXSID7046386,2101,0.939155479722722,1.0
DTXSID7046388,2101,0.0,0.0
DTXSID7046415,2101,0.0,0.0
DTXSID7046417,2101,0.0,0.0
DTXSID7046419,2101,0.0,0.0
DTXSID7046461,2101,0.0,0.0
DTXSID7046463,2101,1.396629023928209e-05,0.0
DTXSID7046465,2101,0.007592869139670356,0.0
DTXSID7046467,2101,0.0,0.0
DTXSID7046594,2101,0.0,0.0
DTXSID7046623,2101,0.00030118055581757335,0.0
DTXSID7046627,2101,0.0,0.0
DTXSID7046673,2101,0.0,0.0
DTXSID7046675,2101,0.9996302237201451,1.0
DTXSID7046677,2101,0.0,0.0
DTXSID7046706,2101,0.0,0.0
DTXSID7046756,2101,5.9406593059951105e-12,0.0
DTXSID7046831,2101,0.0,0.0
DTXSID7046887,2101,0.0,0.0
DTXSID7046889,2101,8.330600626173815e-05,0.0
DTXSID7046910,2101,0.0,0.0
DTXSID7046912,2101,0.0,0.0
DTXSID7046914,2101,0.0,0.0
DTXSID7046966,2101,3.59132306195546e-14,0.0
DTXSID7047061,2101,1.957911290477835e-07,0.0
DTXSID7047065,2101,0.0,0.0
DTXSID7047067,2101,0.0,0.0
DTXSID7047140,2101,0.0,0.0
DTXSID7047142,2101,0.0,0.0
DTXSID7047144,2101,0.9999999999719319,1.0
DTXSID7047146,2101,4.874467023911577e-14,0.0
DTXSID7047190,2101,0.0,0.0
DTXSID7047192,2101,0.0,0.0
DTXSID7047196,2101,,
DTXSID7047198,2101,0.0,0.0
DTXSID7047271,2101,0.999970573492113,1.0
DTXSID7047277,2101,0.9999999134224863,1.0
DTXSID7047279,2101,4.434671998302302e-06,0.0
DTXSID7047304,2101,3.0327311361511545e-08,0.0
DTXSID7047306,2101,1.559884880166397e-09,0.0
DTXSID7047308,2101,0.9986029006245796,1.0
DTXSID7047356,2101,0.0,0.0
DTXSID7047358,2101,0.9314265553846927,1.0
DTXSID7047433,2101,0.9955920952322429,1.0
DTXSID7047435,2101,0.0,0.0
DTXSID7047437,2101,0.0,0.0
DTXSID7047439,2101,0.0,0.0
DTXSID7047487,2101,0.0,0.0
DTXSID7047510,2101,0.0,0.0
DTXSID7047512,2101,2.0924659013358227e-07,0.0
DTXSID7047518,2101,0.0,0.0
DTXSID7047560,2101,1.9067209389097823e-07,0.0
DTXSID7047562,2101,0.0,0.0
DTXSID7047568,2101,0.0,0.0
DTXSID7047641,2101,1.1476326130845582e-14,0.0
DTXSID7047643,2101,0.0,0.0
DTXSID7047645,2101,0.0,0.0
DTXSID7047647,2101,0.009005210367345503,0.0
DTXSID7047649,2101,0.0,0.0
DTXSID7047691,2101,0.0,0.0
DTXSID7047693,2101,0.0,0.0
DTXSID7047697,2101,0.9981887921017205,1.0
DTXSID7047726,2101,0.0,0.0
DTXSID7047772,2101,0.0,0.0
DTXSID7047774,2101,0.0,0.0
DTXSID7047776,2101,4.2618623407191604e-09,0.0
DTXSID7047801,2101,0.0,0.0
DTXSID7047803,2101,0.0,0.0
DTXSID7047807,2101,2.0381768387324152e-14,0.0
DTXSID7047853,2101,0.8981759007976094,0.0
DTXSID7047930,2101,0.0,0.0
DTXSID7047932,2101,0.0,0.0
DTXSID7047934,2101,0.0,0.0
DTXSID7047936,2101,6.438540099896272e-06,0.0
DTXSID7047938,2101,5.237993702365455e-06,0.0
DTXSID7048166,2101,0.9999999999976018,1.0
DTXSID7048168,2101,0.9961513430356284,1.0
DTXSID7048580,2101,0.0,0.0
DTXSID7048582,2101,1.778050502131766e-05,0.0
DTXSID7048619,2101,0.9996406651348205,1.0
DTXSID7048661,2101,0.0,0.0
DTXSID7048669,2101,0.0,0.0
DTXSID7048740,2101,0.0,0.0
DTXSID7048744,2101,1.872319789695633e-07,0.0
DTXSID7048746,2101,0.9974920164705615,1.0
DTXSID7048790,2101,0.0,0.0
DTXSID7048792,2101,0.0,0.0
DTXSID7048794,2101,0.0,0.0
DTXSID7048796,2101,4.973069658951688e-09,0.0
DTXSID7048798,2101,0.9998796489910847,1.0
DTXSID7048821,2101,0.0,0.0
DTXSID7048823,2101,0.0,0.0
DTXSID7048825,2101,1.8951667567413516e-12,0.0
DTXSID7048827,2101,3.15709884956408e-10,0.0
DTXSID7048829,2101,0.0,0.0
DTXSID7048871,2101,0.0,0.0
DTXSID7048873,2101,1.0705456163070141e-08,0.0
DTXSID7048875,2101,0.6861894134738581,0.0
DTXSID7048877,2101,0.0,0.0
DTXSID7048879,2101,0.0,0.0
DTXSID7048900,2101,0.0,0.0
DTXSID7048902,2101,,
DTXSID7048904,2101,5.577170243217713e-05,0.0
DTXSID7048908,2101,0.0,0.0
DTXSID7048954,2101,3.4327401181688124e-16,0.0
DTXSID7049003,2101,0.0,0.0
DTXSID7049007,2101,0.0,0.0
DTXSID7049051,2101,0.9655025609138921,1.0
DTXSID7049055,2101,0.0,0.0
DTXSID7049059,2101,0.0,0.0
DTXSID7049211,2101,0.0,0.0
DTXSID7049213,2101,0.0,0.0
DTXSID7049215,2101,0.0,0.0
DTXSID7049217,2101,0.00027206017894940165,0.0
DTXSID7049219,2101,0.0,0.0
DTXSID7049261,2101,6.424824358989832e-13,0.0
DTXSID7049263,2101,0.0,0.0
DTXSID7049265,2101,4.628131722757723e-15,0.0
DTXSID7049267,2101,0.0,0.0
DTXSID7049269,2101,0.0,0.0
DTXSID7049340,2101,0.0,0.0
DTXSID7049342,2101,1.551562418946152e-11,0.0
DTXSID7049344,2101,0.0,0.0
DTXSID7049346,2101,0.008574549806452246,0.0
DTXSID7049348,2101,0.0010578817403404698,0.0
DTXSID7049390,2101,6.244568095610027e-12,0.0
DTXSID7049392,2101,0.0,0.0
DTXSID7049394,2101,0.0,0.0
DTXSID7049396,2101,0.0,0.0
DTXSID7049398,2101,0.0,0.0
DTXSID7049421,2101,0.0,0.0
DTXSID7049423,2101,9.854498779230421e-06,0.0
DTXSID7049425,2101,0.0,0.0
DTXSID7049427,2101,0.0,0.0
DTXSID7049429,2101,,
DTXSID7049471,2101,0.0,0.0
DTXSID7049473,2101,0.0,0.0
DTXSID7049475,2101,0.0,0.0
DTXSID7049477,2101,5.098302874335603e-13,0.0
DTXSID7049479,2101,3.883358106825301e-08,0.0
DTXSID7049500,2101,0.0,0.0
DTXSID7049502,2101,1.1800630543824811e-07,0.0
DTXSID7049504,2101,1.144404909023517e-13,0.0
DTXSID7049506,2101,0.0,0.0
DTXSID7049508,2101,0.0,0.0
DTXSID7049550,2101,0.0,0.0
DTXSID7049552,2101,8.525438066233318e-11,0.0
DTXSID7049554,2101,2.999078057567012e-11,0.0
DTXSID7049556,2101,0.0,0.0
DTXSID7049558,2101,7.648396424376406e-09,0.0
DTXSID7051474,2101,0.0,0.0
DTXSID7051557,2101,0.0,0.0
DTXSID7051715,2101,0.0,0.0
DTXSID7051890,2101,3.784843716346009e-15,0.0
DTXSID7052101,2101,3.1061899895514e-08,0.0
DTXSID7052109,2101,0.0,0.0
DTXSID7052284,2101,6.911804264274957e-13,0.0
DTXSID7052288,2101,0.0,0.0
DTXSID7052311,2101,3.8094882151171555e-09,0.0
DTXSID7052319,2101,0.0,0.0
DTXSID7052446,2101,0.0,0.0
DTXSID7052529,2101,0.0,0.0
DTXSID7052571,2101,2.610603366665895e-06,0.0
DTXSID7052573,2101,6.147177365308847e-14,0.0
DTXSID7052577,2101,3.7127652423688166e-11,0.0
DTXSID7052602,2101,7.749622959904058e-05,0.0
DTXSID7052652,2101,0.0,0.0
DTXSID7052654,2101,0.0,0.0
DTXSID7052735,2101,0.0,0.0
DTXSID7052860,2101,0.0,0.0
DTXSID7052866,2101,0.0,0.0
DTXSID7057602,2101,0.0,0.0
DTXSID7057604,2101,0.0,0.0
DTXSID7057606,2101,0.0,0.0
DTXSID7057608,2101,0.0,0.0
DTXSID7057650,2101,0.0,0.0
DTXSID7057652,2101,0.7409296319906672,0.0
DTXSID7057654,2101,,
DTXSID7057656,2101,0.0,0.0
DTXSID7057658,2101,1.0960849592536493e-12,0.0
DTXSID7057731,2101,,
DTXSID7057733,2101,0.0,0.0
DTXSID7057735,2101,0.0,0.0
DTXSID7057737,2101,0.0,0.0
DTXSID7057739,2101,0.0,0.0
DTXSID7057781,2101,1.566372753787564e-18,0.0
DTXSID7057783,2101,0.0,0.0
DTXSID7057785,2101,0.0,0.0
DTXSID7057787,2101,0.0,0.0
DTXSID7057789,2101,,
DTXSID7057810,2101,0.0,0.0
DTXSID7057812,2101,5.837740311766203e-10,0.0
DTXSID7057814,2101,0.0,0.0
DTXSID7057816,2101,0.3817214701399066,0.0
DTXSID7057818,2101,4.187254070413001e-12,0.0
DTXSID8020040,2101,0.9999918087749671,1.0
DTXSID8020044,2101,0.0,0.0
DTXSID8020090,2101,0.0,0.0
DTXSID8020092,2101,1.0640805127605135e-13,0.0
DTXSID8020094,2101,0.0,0.0
DTXSID8020121,2101,0.0,0.0
DTXSID8020123,2101,3.157708155283081e-11,0.0
DTXSID8020127,2101,0.0,0.0
DTXSID8020129,2101,0.0,0.0
DTXSID8020173,2101,0.0,0.0
DTXSID8020175,2101,0.0003936551075277045,0.0
DTXSID8020179,2101,0.0,0.0
DTXSID8020200,2101,0.0,0.0
DTXSID8020202,2101,0.0001433647711065424,0.0
DTXSID8020206,2101,0.0,0.0
DTXSID8020250,2101,0.0,0.0
DTXSID8020252,2101,0.0,0.0
DTXSID8020256,2101,0.0,0.0
DTXSID8020331,2101,0.0,0.0
DTXSID8020337,2101,0.9999999974425265,1.0
DTXSID8020381,2101,0.9999971143117511,1.0
DTXSID8020410,2101,2.4094383020631316e-13,0.0
DTXSID8020462,2101,0.0,0.0
DTXSID8020464,2101,3.49410932633972e-08,0.0
DTXSID8020466,2101,0.0,0.0
DTXSID8020468,2101,0.0,0.0
DTXSID8020541,2101,2.142453358384776e-15,0.0
DTXSID8020543,2101,0.0,0.0
DTXSID8020545,2101,0.0,0.0
DTXSID8020591,2101,8.394492194800097e-12,0.0
DTXSID8020593,2101,0.0,0.0
DTXSID8020597,2101,0.0,0.0
DTXSID8020620,2101,6.255930885019609e-07,0.0
DTXSID8020622,2101,1.2813202830958574e-05,0.0
DTXSID8020624,2101,0.9999960884979416,1.0
DTXSID8020626,2101,0.0,0.0
DTXSID8020628,2101,0.0,0.0
DTXSID8020674,2101,1.5745280233597787e-08,0.0
DTXSID8020678,2101,0.9996589285947612,1.0
DTXSID8020703,2101,0.0,0.0
DTXSID8020707,2101,0.9428082342639769,1.0
DTXSID8020709,2101,0.0,0.0
DTXSID8020753,2101,0.0,0.0
DTXSID8020755,2101,0.0,0.0
DTXSID8020757,2101,0.0,0.0
DTXSID8020759,2101,0.0,0.0
DTXSID8020830,2101,0.9987488864554009,1.0
DTXSID8020834,2101,0.0,0.0
DTXSID8020838,2101,0.9951283888749136,1.0
DTXSID8020880,2101,1.3723095198139866e-07,0.0
DTXSID8020886,2101,0.0,0.0
DTXSID8020888,2101,0.0,0.0
DTXSID8020913,2101,0.0,0.0
DTXSID8020915,2101,0.0,0.0
DTXSID8020917,2101,1.2005962428327428e-07,0.0
DTXSID8020919,2101,0.0,0.0
DTXSID8020961,2101,0.0,0.0
DTXSID8020963,2101,0.0,0.0
DTXSID8020965,2101,2.881871828225692e-17,0.0
DTXSID8020967,2101,0.0,0.0
DTXSID8020969,2101,0.0,0.0
DTXSID8021060,2101,0.0,0.0
DTXSID8021062,2101,6.663752271782378e-07,0.0
DTXSID8021141,2101,0.23196330956764408,0.0
DTXSID8021145,2101,0.0,0.0
DTXSID8021147,2101,1.1610465095435402e-16,0.0
DTXSID8021191,2101,0.9895038861958942,1.0
DTXSID8021193,2101,0.0,0.0
DTXSID8021195,2101,0.0,0.0
DTXSID8021199,2101,3.7687769016087236e-17,0.0
DTXSID8021222,2101,0.0,0.0
DTXSID8021224,2101,0.9999999977604165,1.0
DTXSID8021270,2101,6.453381707531405e-08,0.0
DTXSID8021272,2101,0.0,0.0
DTXSID8021278,2101,0.0,0.0
DTXSID8021301,2101,0.9999999999964552,1.0
DTXSID8021305,2101,0.0,0.0
DTXSID8021309,2101,2.5604447263965647e-10,0.0
DTXSID8021351,2101,4.974549938042528e-07,0.0
DTXSID8021359,2101,0.0,0.0
DTXSID8021438,2101,0.0,0.0
DTXSID8021482,2101,3.307236428146925e-05,0.0
DTXSID8021484,2101,0.0,0.0
DTXSID8021486,2101,0.0,0.0
DTXSID8021488,2101,0.0,0.0
DTXSID8021513,2101,0.0,0.0
DTXSID8021515,2101,0.0,0.0
DTXSID8021517,2101,3.029020200175523e-07,0.0
DTXSID8021519,2101,0.0,0.0
DTXSID8021561,2101,0.0,0.0
DTXSID8021563,2101,0.0,0.0
DTXSID8021565,2101,0.0,0.0
DTXSID8021640,2101,4.769290125674772e-09,0.0
DTXSID8021642,2101,0.0,0.0
DTXSID8021644,2101,0.0,0.0
DTXSID8021646,2101,5.3904904122569916e-14,0.0
DTXSID8021648,2101,0.0,0.0
DTXSID8021690,2101,,
DTXSID8021721,2101,9.761980256270593e-12,0.0
DTXSID8021725,2101,0.0,0.0
DTXSID8021729,2101,0.9999347888446465,1.0
DTXSID8021771,2101,0.9950951692676273,1.0
DTXSID8021775,2101,,
DTXSID8021777,2101,0.7134503136925753,0.0
DTXSID8021800,2101,0.0,0.0
DTXSID8021802,2101,0.0,0.0
DTXSID8021804,2101,0.0,0.0
DTXSID8021808,2101,0.0,0.0
DTXSID8021854,2101,0.0,0.0
DTXSID8021856,2101,1.7037391418592452e-07,0.0
DTXSID8021931,2101,3.3630897870015866e-16,0.0
DTXSID8021937,2101,9.668862848947014e-12,0.0
DTXSID8021939,2101,0.0,0.0
DTXSID8022036,2101,0.0,0.0
DTXSID8022080,2101,4.768552325184741e-12,0.0
DTXSID8022082,2101,0.0,0.0
DTXSID8022084,2101,5.2359056796674146e-05,0.0
DTXSID8022086,2101,0.0,0.0
DTXSID8022111,2101,4.90256129778801e-10,0.0
DTXSID8022113,2101,0.0,0.0
DTXSID8022117,2101,0.0,0.0
DTXSID8022161,2101,1.5350063784334886e-07,0.0
DTXSID8022246,2101,0.0,0.0
DTXSID8022292,2101,1.9903479754770942e-08,0.0
DTXSID8022325,2101,0.976043795605903,1.0
DTXSID8022371,2101,2.4381502168485064e-09,0.0
DTXSID8022377,2101,1.0381043781034728e-09,0.0
DTXSID8022404,2101,0.00038200307105213597,0.0
DTXSID8022406,2101,0.999700818097662,1.0
DTXSID8022408,2101,0.0005101502515536493,0.0
DTXSID8022585,2101,0.0,0.0
DTXSID8022589,2101,0.0,0.0
DTXSID8022610,2101,6.286514671031971e-14,0.0
DTXSID8022614,2101,0.9999475066147132,1.0
DTXSID8022666,2101,0.0,0.0
DTXSID8022741,2101,0.0,0.0
DTXSID8022743,2101,0.0,0.0
DTXSID8022749,2101,0.0,0.0
DTXSID8022822,2101,0.0,0.0
DTXSID8022828,2101,0.0,0.0
DTXSID8022870,2101,0.0,0.0
DTXSID8022872,2101,7.668405799448268e-05,0.0
DTXSID8022901,2101,0.0,0.0
DTXSID8022959,2101,0.9862074857578674,1.0
DTXSID8023050,2101,6.4048780000553905e-12,0.0
DTXSID8023054,2101,9.668327767638565e-10,0.0
DTXSID8023137,2101,,
DTXSID8023214,2101,4.8936947820135995e-08,0.0
DTXSID8023216,2101,0.0,0.0
DTXSID8023260,2101,0.0,0.0
DTXSID8023262,2101,0.9315237489783827,1.0
DTXSID8023347,2101,,
DTXSID8023349,2101,0.0,0.0
DTXSID8023393,2101,4.69244508920236e-18,0.0
DTXSID8023395,2101,0.10354267115007008,0.0
DTXSID8023426,2101,0.0,0.0
DTXSID8023470,2101,1.241390506495245e-13,0.0
DTXSID8023472,2101,1.4148675788256618e-13,0.0
DTXSID8023474,2101,0.9999999979077353,1.0
DTXSID8023476,2101,0.0,0.0
DTXSID8023505,2101,8.208270819855357e-06,0.0
DTXSID8023551,2101,0.0,0.0
DTXSID8023557,2101,0.0,0.0
DTXSID8023630,2101,0.0,0.0
DTXSID8023632,2101,0.0,0.0
DTXSID8023636,2101,0.9992922598194008,1.0
DTXSID8023688,2101,0.0,0.0
DTXSID8023713,2101,0.0,0.0
DTXSID8023719,2101,0.013875995044130125,0.0
DTXSID8023846,2101,0.0,0.0
DTXSID8023848,2101,1.4256238063455635e-07,0.0
DTXSID8023890,2101,0.0,0.0
DTXSID8023892,2101,0.999999929787223,1.0
DTXSID8023927,2101,2.5129873291607755e-08,0.0
DTXSID8023971,2101,3.05139974707123e-16,0.0
DTXSID8023973,2101,0.0,0.0
DTXSID8023977,2101,0.0,0.0
DTXSID8024072,2101,0.0,0.0
DTXSID8024101,2101,0.0,0.0
DTXSID8024105,2101,0.0,0.0
DTXSID8024107,2101,1.3836629846853307e-06,0.0
DTXSID8024109,2101,0.00021317762804271193,0.0
DTXSID8024151,2101,0.2795136825699216,0.0
DTXSID8024153,2101,1.2819514784716768e-10,0.0
DTXSID8024157,2101,0.0,0.0
DTXSID8024159,2101,0.9260726736141724,1.0
DTXSID8024234,2101,2.6608150936053e-08,0.0
DTXSID8024236,2101,8.082214676671925e-11,0.0
DTXSID8024238,2101,0.9999847536988589,1.0
DTXSID8024280,2101,0.9529892666869572,1.0
DTXSID8024284,2101,0.0,0.0
DTXSID8024286,2101,0.0,0.0
DTXSID8024311,2101,0.0,0.0
DTXSID8024315,2101,2.7456525077536803e-09,0.0
DTXSID8024317,2101,0.0,0.0
DTXSID8024442,2101,0.0,0.0
DTXSID8024448,2101,0.0,0.0
DTXSID8024498,2101,0.0,0.0
DTXSID8024521,2101,0.0,0.0
DTXSID8024523,2101,0.04412166660410623,0.0
DTXSID8024529,2101,0.0,0.0
DTXSID8024573,2101,6.034798341576715e-15,0.0
DTXSID8024600,2101,0.0,0.0
DTXSID8024602,2101,0.7459768864702125,0.0
DTXSID8024608,2101,0.9999277094722167,1.0
DTXSID8024652,2101,0.9999990627352034,1.0
DTXSID8024658,2101,2.5597810723038787e-12,0.0
DTXSID8024733,2101,0.0,0.0
DTXSID8024739,2101,0.0,0.0
DTXSID8024781,2101,1.0159815484348419e-17,0.0
DTXSID8024783,2101,1.5125282514127583e-13,0.0
DTXSID8024787,2101,0.0,0.0
DTXSID8024810,2101,0.0,0.0
DTXSID8024814,2101,0.0,0.0
DTXSID8024862,2101,0.0,0.0
DTXSID8024864,2101,0.0,0.0
DTXSID8024866,2101,0.9999646753976466,1.0
DTXSID8024941,2101,0.0,0.0
DTXSID8024947,2101,1.691025877859644e-09,0.0
DTXSID8024991,2101,0.0,0.0
DTXSID8024993,2101,0.0,0.0
DTXSID8024997,2101,0.0,0.0
DTXSID8024999,2101,2.265502316771746e-12,0.0
DTXSID8025040,2101,8.219906748739897e-09,0.0
DTXSID8025046,2101,0.0,0.0
DTXSID8025094,2101,0.0,0.0
DTXSID8025096,2101,0.0,0.0
DTXSID8025258,2101,0.9848039498638463,1.0
DTXSID8025331,2101,0.3050665516788114,0.0
DTXSID8025337,2101,0.0,0.0
DTXSID8025464,2101,0.0,0.0
DTXSID8025466,2101,5.010375053622136e-17,0.0
DTXSID8025591,2101,2.6860701803689837e-13,0.0
DTXSID8025593,2101,0.0,0.0
DTXSID8025595,2101,0.0,0.0
DTXSID8025599,2101,0.9999999999999262,1.0
DTXSID8025628,2101,2.5383612282259393e-09,0.0
DTXSID8025670,2101,0.01713227860545292,0.0
DTXSID8025703,2101,3.6054831913489235e-06,0.0
DTXSID8025707,2101,8.224442194202932e-10,0.0
DTXSID8025709,2101,5.01922661125072e-11,0.0
DTXSID8025751,2101,0.0,0.0
DTXSID8025757,2101,8.367779620116533e-05,0.0
DTXSID8025759,2101,0.0,0.0
DTXSID8025830,2101,5.15850490174715e-05,0.0
DTXSID8025886,2101,0.0,0.0
DTXSID8025888,2101,0.0,0.0
DTXSID8025961,2101,0.0,0.0
DTXSID8025963,2101,0.0,0.0
DTXSID8025967,2101,0.0,0.0
DTXSID8025969,2101,0.0,0.0
DTXSID8026018,2101,0.9893990865048392,1.0
DTXSID8026060,2101,7.528109370953232e-09,0.0
DTXSID8026064,2101,0.0,0.0
DTXSID8026068,2101,6.207388758408343e-12,0.0
DTXSID8026141,2101,0.0,0.0
DTXSID8026145,2101,0.0,0.0
DTXSID8026147,2101,0.0,0.0
DTXSID8026193,2101,0.0,0.0
DTXSID8026195,2101,0.0,0.0
DTXSID8026220,2101,3.264101615468116e-05,0.0
DTXSID8026224,2101,0.0,0.0
DTXSID8026228,2101,0.0,0.0
DTXSID8026303,2101,0.9999999610803282,1.0
DTXSID8026305,2101,0.0,0.0
DTXSID8026307,2101,0.0,0.0
DTXSID8026309,2101,0.0,0.0
DTXSID8026432,2101,0.0,0.0
DTXSID8026436,2101,0.0,0.0
DTXSID8026488,2101,0.0,0.0
DTXSID8026513,2101,0.0,0.0
DTXSID8026515,2101,0.0,0.0
DTXSID8026519,2101,5.88624817110352e-14,0.0
DTXSID8026563,2101,0.9193221293756307,1.0
DTXSID8026640,2101,0.0,0.0
DTXSID8026694,2101,0.0,0.0
DTXSID8026698,2101,0.9999633359744535,1.0
DTXSID8026725,2101,0.0,0.0
DTXSID8026727,2101,0.0,0.0
DTXSID8026729,2101,0.0,0.0
DTXSID8026773,2101,1.0282917637329291e-12,0.0
DTXSID8026775,2101,0.0,0.0
DTXSID8026802,2101,1.924400476839022e-15,0.0
DTXSID8026931,2101,0.0,0.0
DTXSID8026933,2101,0.9999731889380509,1.0
DTXSID8026935,2101,0.0,0.0
DTXSID8026981,2101,9.933128976594259e-12,0.0
DTXSID8027032,2101,0.0,0.0
DTXSID8027034,2101,0.0,0.0
DTXSID8027036,2101,2.5018740281565125e-14,0.0
DTXSID8027084,2101,0.0,0.0
DTXSID8027086,2101,7.620413960025469e-13,0.0
DTXSID8027113,2101,3.0219658157184817e-07,0.0
DTXSID8027163,2101,0.0,0.0
DTXSID8027167,2101,9.848577080840482e-18,0.0
DTXSID8027169,2101,0.0,0.0
DTXSID8027240,2101,8.15613346303629e-09,0.0
DTXSID8027244,2101,8.232909930823894e-15,0.0
DTXSID8027246,2101,0.0,0.0
DTXSID8027292,2101,0.9999999999980739,1.0
DTXSID8027294,2101,0.0,0.0
DTXSID8027321,2101,0.0,0.0
DTXSID8027323,2101,0.9873454261155918,1.0
DTXSID8027329,2101,0.0,0.0
DTXSID8027377,2101,0.0,0.0
DTXSID8027400,2101,0.0,0.0
DTXSID8027402,2101,0.0,0.0
DTXSID8027452,2101,0.0,0.0
DTXSID8027454,2101,0.0,0.0
DTXSID8027537,2101,4.865378209273734e-07,0.0
DTXSID8027581,2101,0.0,0.0
DTXSID8027585,2101,2.3165190375515057e-09,0.0
DTXSID8027589,2101,0.0,0.0
DTXSID8027747,2101,0.0,0.0
DTXSID8027749,2101,0.0,0.0
DTXSID8027793,2101,0.999999999960188,1.0
DTXSID8027795,2101,0.9999999715226,1.0
DTXSID8027797,2101,3.6709740691890937e-07,0.0
DTXSID8027822,2101,0.0,0.0
DTXSID8027826,2101,0.0,0.0
DTXSID8027870,2101,0.0,0.0
DTXSID8027878,2101,2.1394116194639814e-07,0.0
DTXSID8027905,2101,0.0,0.0
DTXSID8027955,2101,0.0,0.0
DTXSID8027959,2101,7.510791535062172e-19,0.0
DTXSID8028008,2101,0.9999999898098879,1.0
DTXSID8028842,2101,0.0,0.0
DTXSID8029072,2101,0.0,0.0
DTXSID8029105,2101,0.0,0.0
DTXSID8029153,2101,0.0,0.0
DTXSID8029157,2101,1.1600114337711344e-08,0.0
DTXSID8029159,2101,1.5280022334667274e-13,0.0
DTXSID8029230,2101,0.0,0.0
DTXSID8029232,2101,5.233624076825463e-08,0.0
DTXSID8029234,2101,6.2394577071050505e-12,0.0
DTXSID8029236,2101,5.99111538549228e-11,0.0
DTXSID8029280,2101,4.392463309675053e-14,0.0
DTXSID8029282,2101,0.9999612420405017,1.0
DTXSID8029286,2101,0.0,0.0
DTXSID8029315,2101,0.0,0.0
DTXSID8029317,2101,0.0,0.0
DTXSID8029369,2101,0.0,0.0
DTXSID8029575,2101,0.0,0.0
DTXSID8029600,2101,1.9988009177988705e-15,0.0
DTXSID8029602,2101,0.9999999998700025,1.0
DTXSID8029604,2101,0.0,0.0
DTXSID8029606,2101,0.0,0.0
DTXSID8029608,2101,0.0,0.0
DTXSID8029650,2101,5.269394864285247e-10,0.0
DTXSID8029652,2101,0.0,0.0
DTXSID8029733,2101,0.0,0.0
DTXSID8029739,2101,0.0,0.0
DTXSID8029868,2101,7.214233286333478e-05,0.0
DTXSID8030138,2101,3.803712330956195e-10,0.0
DTXSID8030423,2101,1.7550124115503075e-06,0.0
DTXSID8030760,2101,0.0,0.0
DTXSID8031077,2101,0.9998106551436831,1.0
DTXSID8031366,2101,0.0,0.0
DTXSID8031497,2101,0.0,0.0
DTXSID8031863,2101,0.0,0.0
DTXSID8031865,2101,4.366770103068994e-08,0.0
DTXSID8032386,2101,3.1166666998965e-10,0.0
DTXSID8032417,2101,0.5802617044920639,0.0
DTXSID8032544,2101,0.0,0.0
DTXSID8032548,2101,0.9999999997173946,1.0
DTXSID8032623,2101,0.0,0.0
DTXSID8032627,2101,0.0,0.0
DTXSID8032671,2101,0.0,0.0
DTXSID8032673,2101,0.0,0.0
DTXSID8032675,2101,6.520163389882584e-07,0.0
DTXSID8033433,2101,0.0,0.0
DTXSID8033512,2101,4.668376869451194e-06,0.0
DTXSID8033562,2101,0.004309266257228236,0.0
DTXSID8033564,2101,0.0,0.0
DTXSID8033566,2101,0.0,0.0
DTXSID8033649,2101,0.0,0.0
DTXSID8033803,2101,4.297801610901633e-18,0.0
DTXSID8034085,2101,0.9961561288768735,1.0
DTXSID8034087,2101,1.2500597031834553e-14,0.0
DTXSID8034089,2101,6.198208015151886e-09,0.0
DTXSID8034241,2101,2.7420965780325572e-08,0.0
DTXSID8034324,2101,1.3664683726460562e-06,0.0
DTXSID8034372,2101,0.0,0.0
DTXSID8034376,2101,0.0,0.0
DTXSID8034401,2101,7.092547831452094e-06,0.0
DTXSID8034538,2101,7.489010210240627e-11,0.0
DTXSID8034580,2101,0.0,0.0
DTXSID8034586,2101,0.0017011129158369313,0.0
DTXSID8034588,2101,0.999944109213152,1.0
DTXSID8034665,2101,0.0,0.0
DTXSID8034742,2101,0.9999999999912881,1.0
DTXSID8034792,2101,2.3367786125723423e-07,0.0
DTXSID8034823,2101,0.0,0.0
DTXSID8034871,2101,0.007742759745238771,0.0
DTXSID8034877,2101,0.0,0.0
DTXSID8034956,2101,0.9999066691053229,1.0
DTXSID8035001,2101,0.0,0.0
DTXSID8035138,2101,0.0,0.0
DTXSID8035180,2101,0.7241410912986048,0.0
DTXSID8035186,2101,0.0,0.0
DTXSID8035217,2101,0.0,0.0
DTXSID8035423,2101,6.966559943400245e-10,0.0
DTXSID8037207,2101,0.0,0.0
DTXSID8037594,2101,4.607194952192086e-17,0.0
DTXSID8037596,2101,0.0,0.0
DTXSID8037706,2101,0.0007417420694974033,0.0
DTXSID8037708,2101,0.0,0.0
DTXSID8037750,2101,0.0,0.0
DTXSID8037752,2101,0.0,0.0
DTXSID8037754,2101,0.0,0.0
DTXSID8037756,2101,0.0,0.0
DTXSID8038770,2101,1.0620528507694665e-14,0.0
DTXSID8038801,2101,3.83356647132619e-11,0.0
DTXSID8038855,2101,0.0,0.0
DTXSID8038857,2101,3.810019859955973e-11,0.0
DTXSID8039241,2101,0.0,0.0
DTXSID8040222,2101,0.0,0.0
DTXSID8040270,2101,0.9999999999999974,1.0
DTXSID8040274,2101,0.0,0.0
DTXSID8040278,2101,0.0,0.0
DTXSID8040436,2101,0.0,0.0
DTXSID8040484,2101,0.0,0.0
DTXSID8040694,2101,3.5917269581963892e-12,0.0
DTXSID8040698,2101,0.0,0.0
DTXSID8040721,2101,0.0,0.0
DTXSID8040723,2101,8.855880470502932e-11,0.0
DTXSID8040725,2101,0.9999999999030622,1.0
DTXSID8040727,2101,3.691954656200845e-18,0.0
DTXSID8040775,2101,0.0,0.0
DTXSID8040779,2101,0.0,0.0
DTXSID8040800,2101,0.0,0.0
DTXSID8041032,2101,3.731211758790797e-09,0.0
DTXSID8041034,2101,0.994448887032291,1.0
DTXSID8041080,2101,5.412244618198382e-10,0.0
DTXSID8041117,2101,0.0,0.0
DTXSID8041242,2101,8.442292659291015e-06,0.0
DTXSID8041246,2101,0.0,0.0
DTXSID8041248,2101,0.9882263181028559,1.0
DTXSID8041298,2101,0.0,0.0
DTXSID8041321,2101,0.0,0.0
DTXSID8041327,2101,0.0,0.0
DTXSID8041329,2101,1.3219799999604419e-18,0.0
DTXSID8041371,2101,0.0,0.0
DTXSID8041373,2101,0.0,0.0
DTXSID8041379,2101,6.468284237551788e-12,0.0
DTXSID8041400,2101,0.0,0.0
DTXSID8041404,2101,3.6536835280145045e-08,0.0
DTXSID8041452,2101,0.9565205778777673,1.0
DTXSID8041610,2101,0.0,0.0
DTXSID8041668,2101,0.0,0.0
DTXSID8041743,2101,0.0,0.0
DTXSID8041745,2101,0.004192376154817899,0.0
DTXSID8041793,2101,0.0,0.0
DTXSID8041797,2101,0.0,0.0
DTXSID8041799,2101,0.0,0.0
DTXSID8041828,2101,0.999988732518819,1.0
DTXSID8041901,2101,5.613528096136413e-06,0.0
DTXSID8041909,2101,0.0,0.0
DTXSID8041951,2101,0.0,0.0
DTXSID8041955,2101,0.0,0.0
DTXSID8041957,2101,1.5332061301846819e-13,0.0
DTXSID8041959,2101,0.0,0.0
DTXSID8042002,2101,0.0,0.0
DTXSID8042006,2101,0.0,0.0
DTXSID8042052,2101,0.0,0.0
DTXSID8042137,2101,1.8999282967534576e-19,0.0
DTXSID8042181,2101,0.0,0.0
DTXSID8042187,2101,0.0,0.0
DTXSID8042189,2101,8.150524184475654e-11,0.0
DTXSID8042210,2101,0.0,0.0
DTXSID8042218,2101,0.0,0.0
DTXSID8042260,2101,0.9824661336011793,1.0
DTXSID8042264,2101,0.9999999999999917,1.0
DTXSID8042266,2101,0.0,0.0
DTXSID8042343,2101,0.0,0.0
DTXSID8042349,2101,8.680225497229992e-07,0.0
DTXSID8042399,2101,0.0,0.0
DTXSID8042422,2101,0.0,0.0
DTXSID8042424,2101,0.0,0.0
DTXSID8042426,2101,0.0,0.0
DTXSID8042478,2101,0.9999999999999971,1.0
DTXSID8042503,2101,0.0,0.0
DTXSID8042507,2101,0.0,0.0
DTXSID8042509,2101,1.3232911523515347e-13,0.0
DTXSID8042559,2101,0.0,0.0
DTXSID8042632,2101,0.6143951553714195,0.0
DTXSID8043814,2101,0.0,0.0
DTXSID8043941,2101,0.0,0.0
DTXSID8044175,2101,0.0,0.0
DTXSID8044177,2101,2.034159615726362e-07,0.0
DTXSID8044200,2101,4.597452186769442e-14,0.0
DTXSID8044202,2101,0.0,0.0
DTXSID8044204,2101,0.9999985019089345,1.0
DTXSID8044206,2101,0.0,0.0
DTXSID8044208,2101,0.9759863514297604,1.0
DTXSID8044252,2101,0.0,0.0
DTXSID8044381,2101,1.0,1.0
DTXSID8044383,2101,0.0,0.0
DTXSID8044385,2101,0.0,0.0
DTXSID8044389,2101,0.0,0.0
DTXSID8044410,2101,0.0,0.0
DTXSID8044412,2101,5.597513601137156e-07,0.0
DTXSID8044414,2101,1.6855869668886813e-13,0.0
DTXSID8044416,2101,1.1762336099830612e-12,0.0
DTXSID8044462,2101,0.0,0.0
DTXSID8044464,2101,3.41392631377435e-09,0.0
DTXSID8044466,2101,0.0,0.0
DTXSID8044541,2101,0.0,0.0
DTXSID8044543,2101,0.0,0.0
DTXSID8044545,2101,0.0046365220519879805,0.0
DTXSID8044547,2101,0.0,0.0
DTXSID8044549,2101,0.9999999999729272,1.0
DTXSID8044591,2101,9.255641510868262e-08,0.0
DTXSID8044593,2101,1.3091253308197129e-11,0.0
DTXSID8044595,2101,0.0,0.0
DTXSID8044597,2101,0.0,0.0
DTXSID8044599,2101,9.117890048933438e-13,0.0
DTXSID8044620,2101,1.7419542761622322e-05,0.0
DTXSID8044622,2101,0.0,0.0
DTXSID8044624,2101,0.0,0.0
DTXSID8044626,2101,9.323313744978492e-07,0.0
DTXSID8044670,2101,6.541802155719544e-10,0.0
DTXSID8044676,2101,0.0,0.0
DTXSID8044678,2101,1.9506111224116928e-17,0.0
DTXSID8044701,2101,0.0,0.0
DTXSID8044703,2101,0.0,0.0
DTXSID8044709,2101,0.0,0.0
DTXSID8044751,2101,0.0,0.0
DTXSID8044753,2101,1.9679784763491353e-10,0.0
DTXSID8044755,2101,0.0,0.0
DTXSID8044757,2101,0.0,0.0
DTXSID8044759,2101,0.0,0.0
DTXSID8044830,2101,0.0,0.0
DTXSID8044832,2101,0.0,0.0
DTXSID8044834,2101,0.0,0.0
DTXSID8044836,2101,3.5204942859106076e-10,0.0
DTXSID8044880,2101,1.4444467560268484e-15,0.0
DTXSID8044882,2101,1.8408997916505916e-10,0.0
DTXSID8044884,2101,1.4242833989117982e-07,0.0
DTXSID8044886,2101,0.0,0.0
DTXSID8044888,2101,0.0,0.0
DTXSID8044911,2101,0.0,0.0
DTXSID8044913,2101,0.9987766925332086,1.0
DTXSID8044915,2101,0.0,0.0
DTXSID8044919,2101,0.0,0.0
DTXSID8044961,2101,0.0,0.0
DTXSID8044963,2101,0.0,0.0
DTXSID8044967,2101,0.0,0.0
DTXSID8045141,2101,1.8844237179426536e-15,0.0
DTXSID8045145,2101,5.47543891087007e-06,0.0
DTXSID8045147,2101,0.0,0.0
DTXSID8045149,2101,0.0,0.0
DTXSID8045191,2101,1.273104910852656e-11,0.0
DTXSID8045193,2101,8.538188478332455e-08,0.0
DTXSID8045195,2101,0.0,0.0
DTXSID8045220,2101,8.262196473174301e-10,0.0
DTXSID8045224,2101,5.103191444637239e-11,0.0
DTXSID8045228,2101,0.0,0.0
DTXSID8045307,2101,0.0,0.0
DTXSID8045351,2101,0.0,0.0
DTXSID8045357,2101,1.1736036793871418e-14,0.0
DTXSID8045359,2101,0.004588589738138311,0.0
DTXSID8045434,2101,0.0,0.0
DTXSID8045480,2101,,
DTXSID8045484,2101,0.0,0.0
DTXSID8045486,2101,0.0,0.0
DTXSID8045488,2101,0.0,0.0
DTXSID8045511,2101,0.0,0.0
DTXSID8045513,2101,0.0,0.0
DTXSID8045515,2101,0.0,0.0
DTXSID8045519,2101,0.0,0.0
DTXSID8045565,2101,0.9985390514365483,1.0
DTXSID8045567,2101,0.0,0.0
DTXSID8045640,2101,0.0,0.0
DTXSID8045642,2101,2.0276854035491318e-11,0.0
DTXSID8045646,2101,1.8206008392207766e-06,0.0
DTXSID8045648,2101,0.0,0.0
DTXSID8045690,2101,0.0,0.0
DTXSID8045692,2101,,
DTXSID8045698,2101,0.0,0.0
DTXSID8045771,2101,9.593193012159772e-05,0.0
DTXSID8045777,2101,0.0,0.0
DTXSID8045779,2101,0.0,0.0
DTXSID8045802,2101,1.3379623448848938e-06,0.0
DTXSID8045804,2101,0.929909349057395,1.0
DTXSID8045806,2101,0.0002919571456582098,0.0
DTXSID8045850,2101,0.0,0.0
DTXSID8045852,2101,0.0,0.0
DTXSID8045854,2101,0.00592863221499963,0.0
DTXSID8045933,2101,0.0,0.0
DTXSID8045935,2101,0.0,0.0
DTXSID8045937,2101,0.0,0.0
DTXSID8045939,2101,0.0,0.0
DTXSID8045983,2101,0.0,0.0
DTXSID8045985,2101,0.0,0.0
DTXSID8045987,2101,0.0,0.0
DTXSID8045989,2101,0.0,0.0
DTXSID8046030,2101,0.0,0.0
DTXSID8046034,2101,0.0,0.0
DTXSID8046038,2101,0.0,0.0
DTXSID8046086,2101,0.0,0.0
DTXSID8046088,2101,0.9999967931232602,1.0
DTXSID8046113,2101,0.0,0.0
DTXSID8046117,2101,0.0,0.0
DTXSID8046119,2101,,
DTXSID8046161,2101,,
DTXSID8046163,2101,0.0,0.0
DTXSID8046242,2101,3.347695426215488e-05,0.0
DTXSID8046244,2101,3.855209162832785e-14,0.0
DTXSID8046294,2101,0.0,0.0
DTXSID8046296,2101,0.0,0.0
DTXSID8046321,2101,0.0,0.0
DTXSID8046400,2101,0.9999999999623823,1.0
DTXSID8046402,2101,0.0,0.0
DTXSID8046404,2101,1.128471381312898e-12,0.0
DTXSID8046406,2101,0.0,0.0
DTXSID8046450,2101,0.0,0.0
DTXSID8046454,2101,1.3978345937061183e-05,0.0
DTXSID8046456,2101,0.3865450670440724,0.0
DTXSID8046458,2101,3.6535429498901254e-07,0.0
DTXSID8046531,2101,0.0,0.0
DTXSID8046535,2101,4.110622929754931e-17,0.0
DTXSID8046539,2101,0.0,0.0
DTXSID8046585,2101,0.0,0.0
DTXSID8046589,2101,3.707192575125503e-08,0.0
DTXSID8046610,2101,0.0,0.0
DTXSID8046662,2101,0.0,0.0
DTXSID8046664,2101,1.7220933974012085e-11,0.0
DTXSID8046743,2101,3.4716415630331995e-06,0.0
DTXSID8046799,2101,0.0,0.0
DTXSID8046820,2101,1.024409187720557e-09,0.0
DTXSID8046828,2101,0.0,0.0
DTXSID8046903,2101,1.0,1.0
DTXSID8046951,2101,0.00011572257751987979,0.0
DTXSID8047000,2101,0.0,0.0
DTXSID8047006,2101,0.0,0.0
DTXSID8047050,2101,0.0,0.0
DTXSID8047052,2101,0.0,0.0
DTXSID8047056,2101,0.0,0.0
DTXSID8047058,2101,0.0,0.0
DTXSID8047131,2101,0.0,0.0
DTXSID8047133,2101,2.1638963898897663e-06,0.0
DTXSID8047135,2101,0.0,0.0
DTXSID8047137,2101,0.0,0.0
DTXSID8047139,2101,7.208022156438241e-08,0.0
DTXSID8047183,2101,0.0,0.0
DTXSID8047185,2101,1.8379967258722803e-16,0.0
DTXSID8047187,2101,0.0,0.0
DTXSID8047189,2101,0.0,0.0
DTXSID8047218,2101,0.0,0.0
DTXSID8047262,2101,1.4387849558856477e-13,0.0
DTXSID8047264,2101,3.7544795357586706e-13,0.0
DTXSID8047266,2101,0.0,0.0
DTXSID8047268,2101,0.0,0.0
DTXSID8047341,2101,2.5093692715968766e-12,0.0
DTXSID8047347,2101,0.9997487813501507,1.0
DTXSID8047349,2101,6.976227891914223e-05,0.0
DTXSID8047391,2101,0.9562694170123808,1.0
DTXSID8047395,2101,1.0193748639764216e-10,0.0
DTXSID8047397,2101,0.0,0.0
DTXSID8047399,2101,3.661385795885555e-11,0.0
DTXSID8047420,2101,0.0,0.0
DTXSID8047422,2101,4.6209926481653695e-12,0.0
DTXSID8047424,2101,0.0,0.0
DTXSID8047426,2101,0.0,0.0
DTXSID8047428,2101,2.349557549317834e-08,0.0
DTXSID8047470,2101,0.0,0.0
DTXSID8047472,2101,0.0,0.0
DTXSID8047474,2101,0.0,0.0
DTXSID8047476,2101,0.9983722678538278,1.0
DTXSID8047501,2101,0.0,0.0
DTXSID8047505,2101,0.9953549981126272,1.0
DTXSID8047551,2101,0.0,0.0
DTXSID8047553,2101,,
DTXSID8047559,2101,7.391952659746409e-08,0.0
DTXSID8047630,2101,0.13781841507097428,0.0
DTXSID8047636,2101,0.0,0.0
DTXSID8047680,2101,0.0,0.0
DTXSID8047682,2101,0.0,0.0
DTXSID8047684,2101,0.0,0.0
DTXSID8047686,2101,9.650658676101788e-09,0.0
DTXSID8047711,2101,0.0,0.0
DTXSID8047713,2101,0.0,0.0
DTXSID8047717,2101,1.8883694525258267e-08,0.0
DTXSID8047769,2101,0.0,0.0
DTXSID8047840,2101,0.0,0.0
DTXSID8047842,2101,0.0,0.0
DTXSID8047844,2101,9.406008755298203e-18,0.0
DTXSID8047846,2101,7.336297264221833e-10,0.0
DTXSID8047848,2101,2.615379839683127e-13,0.0
DTXSID8047890,2101,0.0006140619011561577,0.0
DTXSID8047892,2101,0.0,0.0
DTXSID8047894,2101,1.696601332441029e-08,0.0
DTXSID8047896,2101,0.0,0.0
DTXSID8047898,2101,0.0,0.0
DTXSID8047921,2101,1.8617017032173678e-10,0.0
DTXSID8047923,2101,1.534322876335387e-06,0.0
DTXSID8047925,2101,4.778212207283824e-19,0.0
DTXSID8047927,2101,0.0,0.0
DTXSID8047929,2101,0.0,0.0
DTXSID8047971,2101,0.0,0.0
DTXSID8047973,2101,0.9965732563896702,1.0
DTXSID8048494,2101,0.0,0.0
DTXSID8048521,2101,0.0,0.0
DTXSID8048600,2101,0.0,0.0
DTXSID8048606,2101,0.0,0.0
DTXSID8048608,2101,0.0,0.0
DTXSID8048650,2101,0.0,0.0
DTXSID8048656,2101,0.0,0.0
DTXSID8048733,2101,0.9264670002323537,1.0
DTXSID8048735,2101,0.0,0.0
DTXSID8048737,2101,0.9995578222069187,1.0
DTXSID8048739,2101,0.0,0.0
DTXSID8048781,2101,0.0,0.0
DTXSID8048783,2101,,
DTXSID8048785,2101,0.010933259425121085,0.0
DTXSID8048787,2101,0.0,0.0
DTXSID8048789,2101,0.0,0.0
DTXSID8048810,2101,0.0,0.0
DTXSID8048812,2101,0.999848834601927,1.0
DTXSID8048814,2101,6.60301998811865e-11,0.0
DTXSID8048818,2101,9.742738980847357e-05,0.0
DTXSID8048860,2101,3.607038610469647e-11,0.0
DTXSID8048866,2101,3.0509247854691154e-09,0.0
DTXSID8048868,2101,1.907583857860633e-17,0.0
DTXSID8048941,2101,0.0,0.0
DTXSID8048943,2101,0.9999999999975645,1.0
DTXSID8048945,2101,0.007252234869249853,0.0
DTXSID8048947,2101,1.945915054653271e-08,0.0
DTXSID8048999,2101,1.373687220774542e-07,0.0
DTXSID8049040,2101,1.0736165795396865e-08,0.0
DTXSID8049042,2101,0.0,0.0
DTXSID8049044,2101,0.0,0.0
DTXSID8049046,2101,0.03131923084898726,0.0
DTXSID8049048,2101,4.015997499855821e-07,0.0
DTXSID8049200,2101,0.0,0.0
DTXSID8049202,2101,6.346408571723761e-11,0.0
DTXSID8049204,2101,0.0,0.0
DTXSID8049206,2101,0.0,0.0
DTXSID8049208,2101,0.0,0.0
DTXSID8049250,2101,2.3804456581337162e-05,0.0
DTXSID8049252,2101,3.232597687903798e-16,0.0
DTXSID8049254,2101,0.9999979347428976,1.0
DTXSID8049256,2101,5.456579738879061e-09,0.0
DTXSID8049258,2101,0.0,0.0
DTXSID8049331,2101,0.0,0.0
DTXSID8049333,2101,0.0,0.0
DTXSID8049335,2101,2.5529113501504388e-08,0.0
DTXSID8049337,2101,1.975361149962328e-07,0.0
DTXSID8049339,2101,7.093253047363705e-05,0.0
DTXSID8049381,2101,0.0,0.0
DTXSID8049383,2101,,
DTXSID8049385,2101,,
DTXSID8049387,2101,0.0,0.0
DTXSID8049389,2101,6.0445173819136e-06,0.0
DTXSID8049410,2101,0.0,0.0
DTXSID8049412,2101,0.9816582866415239,1.0
DTXSID8049414,2101,4.1271766573400207e-07,0.0
DTXSID8049416,2101,3.4947719907638267e-09,0.0
DTXSID8049418,2101,0.0,0.0
DTXSID8049460,2101,0.0,0.0
DTXSID8049462,2101,0.0,0.0
DTXSID8049464,2101,0.0,0.0
DTXSID8049466,2101,0.0,0.0
DTXSID8049468,2101,0.0,0.0
DTXSID8049541,2101,1.2658992857273116e-08,0.0
DTXSID8049543,2101,1.6035471685541068e-15,0.0
DTXSID8049545,2101,1.162089839091426e-09,0.0
DTXSID8049547,2101,0.0,0.0
DTXSID8049549,2101,5.432542542719156e-09,0.0
DTXSID8051540,2101,0.0,0.0
DTXSID8051542,2101,0.00014926385285817393,0.0
DTXSID8051544,2101,1.8942375557152076e-07,0.0
DTXSID8051629,2101,0.0,0.0
DTXSID8051704,2101,0.7263013907305272,0.0
DTXSID8051708,2101,5.120556939588699e-09,0.0
DTXSID8051754,2101,0.0,0.0
DTXSID8051914,2101,0.0,0.0
DTXSID8052198,2101,3.29702881772341e-06,0.0
DTXSID8052300,2101,2.3477537284988816e-12,0.0
DTXSID8052308,2101,1.8616657440106345e-17,0.0
DTXSID8052641,2101,0.0,0.0
DTXSID8052724,2101,6.203070206886393e-06,0.0
DTXSID8057641,2101,0.0,0.0
DTXSID8057643,2101,1.3158342430982946e-08,0.0
DTXSID8057645,2101,0.9999632730732791,1.0
DTXSID8057647,2101,0.005434978186908795,0.0
DTXSID8057649,2101,0.00012336640275986376,0.0
DTXSID8057691,2101,0.0,0.0
DTXSID8057693,2101,0.0,0.0
DTXSID8057695,2101,0.7490903143775518,0.0
DTXSID8057697,2101,3.798596872394325e-09,0.0
DTXSID8057699,2101,0.0,0.0
DTXSID8057720,2101,0.0,0.0
DTXSID8057722,2101,0.0,0.0
DTXSID8057724,2101,1.1453560544803015e-08,0.0
DTXSID8057726,2101,0.0,0.0
DTXSID8057728,2101,0.0,0.0
DTXSID8057770,2101,0.0,0.0
DTXSID8057772,2101,0.0,0.0
DTXSID8057774,2101,0.0,0.0
DTXSID8057776,2101,0.0,0.0
DTXSID8057778,2101,0.0,0.0
DTXSID8057801,2101,0.0,0.0
DTXSID8057803,2101,0.0,0.0
DTXSID8057805,2101,0.0,0.0
DTXSID8057807,2101,2.1188295840666625e-16,0.0
DTXSID8057809,2101,0.9992236681621858,1.0
DTXSID8057851,2101,0.0,0.0
DTXSID8057853,2101,0.0,0.0
DTXSID8057855,2101,0.0,0.0
DTXSID8057857,2101,1.2875769513100888e-08,0.0
DTXSID9020031,2101,0.9999999994171355,1.0
DTXSID9020081,2101,0.0,0.0
DTXSID9020083,2101,0.0,0.0
DTXSID9020087,2101,0.0,0.0
DTXSID9020089,2101,0.0,0.0
DTXSID9020110,2101,0.9999999998166303,1.0
DTXSID9020112,2101,0.0,0.0
DTXSID9020114,2101,0.9999213179002601,1.0
DTXSID9020116,2101,9.512383330947175e-10,0.0
DTXSID9020118,2101,2.2221934855622957e-08,0.0
DTXSID9020160,2101,5.618810623567543e-12,0.0
DTXSID9020164,2101,0.0,0.0
DTXSID9020166,2101,0.9999999998070297,1.0
DTXSID9020168,2101,0.0,0.0
DTXSID9020241,2101,9.010697513945188e-06,0.0
DTXSID9020243,2101,0.999999980524628,1.0
DTXSID9020245,2101,0.0,0.0
DTXSID9020247,2101,2.329343978248707e-12,0.0
DTXSID9020249,2101,0.0,0.0
DTXSID9020293,2101,0.9993640915327633,1.0
DTXSID9020295,2101,0.0,0.0
DTXSID9020299,2101,0.9156255977760234,1.0
DTXSID9020322,2101,3.1444223117247184e-15,0.0
DTXSID9020326,2101,0.0,0.0
DTXSID9020328,2101,2.4181452414910062e-06,0.0
DTXSID9020370,2101,0.0,0.0
DTXSID9020372,2101,0.9988182699024158,1.0
DTXSID9020374,2101,5.5436899353954726e-08,0.0
DTXSID9020376,2101,0.0,0.0
DTXSID9020378,2101,1.1218002305215732e-07,0.0
DTXSID9020401,2101,0.9998714152582372,1.0
DTXSID9020407,2101,9.645220371637934e-09,0.0
DTXSID9020409,2101,5.169812902501081e-17,0.0
DTXSID9020451,2101,2.175149978335078e-08,0.0
DTXSID9020453,2101,0.999709859976495,1.0
DTXSID9020459,2101,1.6958099949372273e-16,0.0
DTXSID9020538,2101,0.9993277527774707,1.0
DTXSID9020580,2101,0.0,0.0
DTXSID9020582,2101,1.5377970822753492e-10,0.0
DTXSID9020584,2101,2.555911242177648e-09,0.0
DTXSID9020615,2101,0.0,0.0
DTXSID9020617,2101,6.960518641581341e-11,0.0
DTXSID9020663,2101,0.0,0.0
DTXSID9020667,2101,0.0,0.0
DTXSID9020669,2101,0.0,0.0
DTXSID9020740,2101,1.0829139795500465e-05,0.0
DTXSID9020742,2101,0.9988204037555599,1.0
DTXSID9020790,2101,0.0,0.0
DTXSID9020792,2101,0.0,0.0
DTXSID9020794,2101,3.1755283283169736e-15,0.0
DTXSID9020796,2101,0.999817696724263,1.0
DTXSID9020825,2101,0.0,0.0
DTXSID9020827,2101,0.9982421589250506,1.0
DTXSID9020829,2101,6.5096599730301715e-12,0.0
DTXSID9020875,2101,0.0,0.0
DTXSID9020877,2101,0.0,0.0
DTXSID9020902,2101,1.4006195792124507e-14,0.0
DTXSID9020956,2101,0.0,0.0
DTXSID9020958,2101,5.69366126482106e-06,0.0
DTXSID9021053,2101,0.0,0.0
DTXSID9021059,2101,0.0,0.0
DTXSID9021130,2101,1.1257241248873886e-08,0.0
DTXSID9021132,2101,0.4995249072042002,0.0
DTXSID9021134,2101,2.965165329498866e-12,0.0
DTXSID9021136,2101,0.0,0.0
DTXSID9021138,2101,0.9997382085829579,1.0
DTXSID9021182,2101,1.8228982887671353e-08,0.0
DTXSID9021184,2101,0.0,0.0
DTXSID9021188,2101,1.6535421312923316e-07,0.0
DTXSID9021215,2101,2.423825538551316e-15,0.0
DTXSID9021217,2101,0.015184105011221855,0.0
DTXSID9021219,2101,0.035673449056948116,0.0
DTXSID9021267,2101,0.0,0.0
DTXSID9021340,2101,0.0,0.0
DTXSID9021342,2101,0.9896360022089163,1.0
DTXSID9021344,2101,0.0,0.0
DTXSID9021346,2101,7.448470158715987e-11,0.0
DTXSID9021348,2101,0.0,0.0
DTXSID9021390,2101,0.0,0.0
DTXSID9021392,2101,0.0,0.0
DTXSID9021396,2101,0.0,0.0
DTXSID9021398,2101,0.0,0.0
DTXSID9021427,2101,0.0,0.0
DTXSID9021477,2101,0.0,0.0
DTXSID9021479,2101,5.349436267733516e-19,0.0
DTXSID9021550,2101,3.4159537918119023e-10,0.0
DTXSID9021552,2101,6.111901826297632e-07,0.0
DTXSID9021554,2101,0.0,0.0
DTXSID9021631,2101,0.0,0.0
DTXSID9021633,2101,0.0,0.0
DTXSID9021635,2101,0.0,0.0
DTXSID9021637,2101,6.042843386679555e-07,0.0
DTXSID9021639,2101,0.0,0.0
DTXSID9021683,2101,0.0,0.0
DTXSID9021685,2101,0.0,0.0
DTXSID9021689,2101,0.0,0.0
DTXSID9021710,2101,0.0,0.0
DTXSID9021716,2101,2.6666368753703934e-07,0.0
DTXSID9021718,2101,1.611672967973526e-12,0.0
DTXSID9021762,2101,4.582394898657316e-18,0.0
DTXSID9021764,2101,0.0,0.0
DTXSID9021841,2101,0.0,0.0
DTXSID9021843,2101,0.0,0.0
DTXSID9021847,2101,1.9633383459435546e-13,0.0
DTXSID9021897,2101,0.0,0.0
DTXSID9021899,2101,0.0,0.0
DTXSID9021922,2101,0.0,0.0
DTXSID9021924,2101,0.0,0.0
DTXSID9021928,2101,0.0,0.0
DTXSID9021974,2101,0.0,0.0
DTXSID9021976,2101,0.0,0.0
DTXSID9021978,2101,6.01168843738908e-08,0.0
DTXSID9022027,2101,1.562926553883215e-05,0.0
DTXSID9022079,2101,2.510410532021015e-08,0.0
DTXSID9022100,2101,6.666904647791222e-14,0.0
DTXSID9022104,2101,0.0,0.0
DTXSID9022310,2101,0.0,0.0
DTXSID9022312,2101,0.6234440863496253,0.0
DTXSID9022360,2101,0.9999211588526131,1.0
DTXSID9022364,2101,0.00046049169626541196,0.0
DTXSID9022366,2101,0.0,0.0
DTXSID9022445,2101,0.0,0.0
DTXSID9022520,2101,0.0,0.0
DTXSID9022522,2101,0.0,0.0
DTXSID9022524,2101,0.0,0.0
DTXSID9022526,2101,3.631484342372467e-08,0.0
DTXSID9022528,2101,0.0,0.0
DTXSID9022576,2101,0.0,0.0
DTXSID9022601,2101,3.428430076429254e-19,0.0
DTXSID9022603,2101,1.0414851369503198e-07,0.0
DTXSID9022607,2101,0.0,0.0
DTXSID9022609,2101,0.0,0.0
DTXSID9022655,2101,3.7284273255441e-07,0.0
DTXSID9022657,2101,0.0,0.0
DTXSID9022730,2101,0.0,0.0
DTXSID9022734,2101,6.389969121786839e-13,0.0
DTXSID9022736,2101,3.6157789638212174e-07,0.0
DTXSID9022738,2101,0.0,0.0
DTXSID9022780,2101,0.0,0.0
DTXSID9022813,2101,0.0,0.0
DTXSID9022817,2101,0.9359634295108019,1.0
DTXSID9022940,2101,0.0,0.0
DTXSID9022944,2101,0.0,0.0
DTXSID9022948,2101,0.0,0.0
DTXSID9022994,2101,0.0,0.0
DTXSID9023041,2101,0.0,0.0
DTXSID9023043,2101,0.0,0.0
DTXSID9023095,2101,0.0,0.0
DTXSID9023122,2101,0.0,0.0
DTXSID9023128,2101,0.9018709170674867,1.0
DTXSID9023170,2101,0.0,0.0
DTXSID9023174,2101,0.0,0.0
DTXSID9023201,2101,2.711732241047898e-05,0.0
DTXSID9023205,2101,0.0,0.0
DTXSID9023255,2101,0.0,0.0
DTXSID9023380,2101,7.505463434412024e-05,0.0
DTXSID9023386,2101,2.9468039029738347e-16,0.0
DTXSID9023388,2101,1.709101180874903e-07,0.0
DTXSID9023411,2101,0.0,0.0
DTXSID9023419,2101,0.0,0.0
DTXSID9023540,2101,,
DTXSID9023542,2101,5.026189968739314e-10,0.0
DTXSID9023546,2101,0.0,0.0
DTXSID9023548,2101,6.220232132735097e-07,0.0
DTXSID9023590,2101,0.0,0.0
DTXSID9023621,2101,0.0,0.0
DTXSID9023677,2101,2.0772365560745974e-07,0.0
DTXSID9023679,2101,0.0,0.0
DTXSID9023702,2101,0.0,0.0
DTXSID9023706,2101,0.0,0.0
DTXSID9023752,2101,0.0,0.0
DTXSID9023756,2101,9.880082032403672e-12,0.0
DTXSID9023833,2101,0.0,0.0
DTXSID9023835,2101,0.9999895133749181,1.0
DTXSID9023837,2101,0.009339917846747198,0.0
DTXSID9023881,2101,0.0,0.0
DTXSID9023883,2101,4.8710253498337806e-09,0.0
DTXSID9023889,2101,0.00027690859145292887,0.0
DTXSID9023914,2101,0.0,0.0
DTXSID9023966,2101,0.0,0.0
DTXSID9024015,2101,8.623752807984244e-09,0.0
DTXSID9024063,2101,0.0,0.0
DTXSID9024065,2101,0.0,0.0
DTXSID9024194,2101,0.0,0.0
DTXSID9024300,2101,0.0,0.0
DTXSID9024304,2101,0.0,0.0
DTXSID9024431,2101,0.0,0.0
DTXSID9024437,2101,1.7142344594625628e-11,0.0
DTXSID9024481,2101,0.0,0.0
DTXSID9024483,2101,0.9999999898372944,1.0
DTXSID9024485,2101,0.0,0.0
DTXSID9024487,2101,0.0,0.0
DTXSID9024489,2101,0.0,0.0
DTXSID9024512,2101,0.0,0.0
DTXSID9024568,2101,0.0,0.0
DTXSID9024641,2101,4.430439812573679e-14,0.0
DTXSID9024691,2101,1.0721169424223403e-15,0.0
DTXSID9024699,2101,1.4007245817378382e-06,0.0
DTXSID9024724,2101,0.0,0.0
DTXSID9024726,2101,0.0,0.0
DTXSID9024770,2101,0.0,0.0
DTXSID9024772,2101,0.0,0.0
DTXSID9024774,2101,0.0,0.0
DTXSID9024809,2101,0.0,0.0
DTXSID9024853,2101,0.0,0.0
DTXSID9024855,2101,0.0,0.0
DTXSID9024930,2101,2.001059597875968e-13,0.0
DTXSID9024934,2101,0.9998460918125003,1.0
DTXSID9024980,2101,0.0,0.0
DTXSID9024986,2101,4.165400194202695e-05,0.0
DTXSID9025035,2101,0.4197945545860693,0.0
DTXSID9025037,2101,0.0,0.0
DTXSID9025085,2101,3.4317168872034556e-09,0.0
DTXSID9025087,2101,0.0,0.0
DTXSID9025110,2101,3.467800919375172e-13,0.0
DTXSID9025112,2101,0.0,0.0
DTXSID9025114,2101,0.9999992873880988,1.0
DTXSID9025164,2101,7.909839612315725e-15,0.0
DTXSID9025166,2101,7.204995142916634e-10,0.0
DTXSID9025243,2101,0.0,0.0
DTXSID9025245,2101,0.0,0.0
DTXSID9025249,2101,0.0,0.0
DTXSID9025291,2101,0.0,0.0
DTXSID9025293,2101,5.886747335220856e-10,0.0
DTXSID9025297,2101,0.0,0.0
DTXSID9025299,2101,0.9495681969390463,1.0
DTXSID9025326,2101,0.0,0.0
DTXSID9025328,2101,0.999944388759499,1.0
DTXSID9025370,2101,0.0,0.0
DTXSID9025401,2101,0.9999999999991795,1.0
DTXSID9025403,2101,0.0,0.0
DTXSID9025409,2101,0.0,0.0
DTXSID9025451,2101,0.0,0.0
DTXSID9025453,2101,0.0,0.0
DTXSID9025455,2101,0.0,0.0
DTXSID9025534,2101,3.530460316559969e-17,0.0
DTXSID9025536,2101,0.0,0.0
DTXSID9025538,2101,0.0,0.0
DTXSID9025580,2101,1.2421096807143182e-18,0.0
DTXSID9025588,2101,9.532594699382687e-10,0.0
DTXSID9025611,2101,0.0,0.0
DTXSID9025617,2101,9.639534209195191e-12,0.0
DTXSID9025661,2101,0.0,0.0
DTXSID9025665,2101,0.0,0.0
DTXSID9025740,2101,0.0,0.0
DTXSID9025742,2101,0.0,0.0
DTXSID9025744,2101,0.0,0.0
DTXSID9025746,2101,6.660827250885497e-12,0.0
DTXSID9025794,2101,0.0,0.0
DTXSID9025796,2101,0.0,0.0
DTXSID9025825,2101,0.9999996223854922,1.0
DTXSID9025873,2101,0.0,0.0
DTXSID9025879,2101,0.0,0.0
DTXSID9026051,2101,0.0,0.0
DTXSID9026059,2101,4.029673891577799e-13,0.0
DTXSID9026130,2101,0.0,0.0
DTXSID9026132,2101,0.0,0.0
DTXSID9026219,2101,9.578511841375772e-14,0.0
DTXSID9026261,2101,0.11105451191370208,0.0
DTXSID9026265,2101,5.1705562943447444e-08,0.0
DTXSID9026267,2101,0.0,0.0
DTXSID9026342,2101,0.0,0.0
DTXSID9026423,2101,0.0,0.0
DTXSID9026500,2101,0.0,0.0
DTXSID9026558,2101,0.0,0.0
DTXSID9026631,2101,0.0,0.0
DTXSID9026633,2101,0.0,0.0
DTXSID9026689,2101,0.00018221673070703505,0.0
DTXSID9026710,2101,0.0,0.0
DTXSID9026712,2101,0.0,0.0
DTXSID9026714,2101,0.0,0.0
DTXSID9026716,2101,3.8781047714615733e-19,0.0
DTXSID9026718,2101,0.0,0.0
DTXSID9026766,2101,0.0,0.0
DTXSID9026841,2101,0.0,0.0
DTXSID9026849,2101,0.0,0.0
DTXSID9026899,2101,0.0,0.0
DTXSID9026922,2101,0.0,0.0
DTXSID9026924,2101,0.0,0.0
DTXSID9026926,2101,0.0,0.0
DTXSID9026974,2101,0.9998313420310649,1.0
DTXSID9027021,2101,1.08994937094985e-08,0.0
DTXSID9027104,2101,0.0,0.0
DTXSID9027158,2101,0.0,0.0
DTXSID9027233,2101,1.2728868850495705e-09,0.0
DTXSID9027239,2101,0.9132420248366196,1.0
DTXSID9027281,2101,0.0,0.0
DTXSID9027310,2101,9.661902607140277e-09,0.0
DTXSID9027312,2101,0.0,0.0
DTXSID9027314,2101,0.0,0.0
DTXSID9027360,2101,0.0,0.0
DTXSID9027364,2101,0.0,0.0
DTXSID9027368,2101,0.0,0.0
DTXSID9027441,2101,0.01347853068159506,0.0
DTXSID9027443,2101,0.8637281208912302,0.0
DTXSID9027449,2101,1.214955138968114e-10,0.0
DTXSID9027520,2101,0.0,0.0
DTXSID9027522,2101,6.007679504858603e-13,0.0
DTXSID9027528,2101,0.0,0.0
DTXSID9027570,2101,0.0,0.0
DTXSID9027603,2101,9.160874940635765e-09,0.0
DTXSID9027653,2101,0.0,0.0
DTXSID9027738,2101,5.750006285742791e-09,0.0
DTXSID9027863,2101,0.0,0.0
DTXSID9027948,2101,0.0,0.0
DTXSID9028120,2101,2.6587118483743017e-08,0.0
DTXSID9029017,2101,0.0,0.0
DTXSID9029061,2101,0.0,0.0
DTXSID9029146,2101,0.0,0.0
DTXSID9029192,2101,0.0,0.0
DTXSID9029194,2101,0.0,0.0
DTXSID9029221,2101,0.0,0.0
DTXSID9029223,2101,3.955235108536215e-08,0.0
DTXSID9029225,2101,0.0810961307994102,0.0
DTXSID9029275,2101,0.0,0.0
DTXSID9029277,2101,0.0,0.0
DTXSID9029279,2101,0.0,0.0
DTXSID9029300,2101,,
DTXSID9029302,2101,4.440661780991123e-20,0.0
DTXSID9029304,2101,0.0,0.0
DTXSID9029649,2101,7.721958731835156e-16,0.0
DTXSID9029691,2101,0.0,0.0
DTXSID9029695,2101,9.467877055667284e-15,0.0
DTXSID9030048,2101,0.0,0.0
DTXSID9030258,2101,0.0,0.0
DTXSID9030707,2101,0.9999999999846432,1.0
DTXSID9031800,2101,0.0074097808024883305,0.0
DTXSID9032113,2101,0.13094414936689538,0.0
DTXSID9032327,2101,0.0,0.0
DTXSID9032329,2101,0.9694006381176032,1.0
DTXSID9032375,2101,0.0,0.0
DTXSID9032379,2101,0.007441102814161226,0.0
DTXSID9032406,2101,0.0,0.0
DTXSID9032531,2101,0.010400101479798916,0.0
DTXSID9032533,2101,0.9945325932131395,1.0
DTXSID9032535,2101,0.0,0.0
DTXSID9032537,2101,0.9999999999637176,1.0
DTXSID9032581,2101,0.9999951054351479,1.0
DTXSID9032589,2101,4.3841212703069717e-10,0.0
DTXSID9032610,2101,0.0,0.0
DTXSID9032614,2101,0.967827758663131,1.0
DTXSID9032878,2101,0.0,0.0
DTXSID9033008,2101,0.0,0.0
DTXSID9033058,2101,0.0,0.0
DTXSID9033187,2101,1.7416575192568548e-06,0.0
DTXSID9033264,2101,5.733815516986504e-10,0.0
DTXSID9033896,2101,0.9961368761851622,1.0
DTXSID9033923,2101,0.0,0.0
DTXSID9033979,2101,1.3472591423015357e-14,0.0
DTXSID9034070,2101,0.0,0.0
DTXSID9034232,2101,0.0,0.0
DTXSID9034282,2101,0.0,0.0
DTXSID9034286,2101,0.0,0.0
DTXSID9034317,2101,0.999999999581541,1.0
DTXSID9034361,2101,0.0,0.0
DTXSID9034365,2101,1.50271479560245e-08,0.0
DTXSID9034490,2101,0.0,0.0
DTXSID9034492,2101,2.849440503950578e-06,0.0
DTXSID9034816,2101,0.0,0.0
DTXSID9034818,2101,1.3287081055270876e-06,0.0
DTXSID9034864,2101,0.0,0.0
DTXSID9034997,2101,0.9999999998847248,1.0
DTXSID9035175,2101,0.0,0.0
DTXSID9035204,2101,1.0,1.0
DTXSID9035206,2101,3.0681471592075213e-16,0.0
DTXSID9035620,2101,2.1159331654153902e-11,0.0
DTXSID9035753,2101,0.0,0.0
DTXSID9036226,2101,,
DTXSID9036438,2101,0.0,0.0
DTXSID9036515,2101,0.9828000509366173,1.0
DTXSID9036646,2101,0.0,0.0
DTXSID9036690,2101,8.754080171974883e-11,0.0
DTXSID9036933,2101,0.0,0.0
DTXSID9037038,2101,1.952164104404312e-05,0.0
DTXSID9037246,2101,0.0,0.0
DTXSID9037248,2101,0.0,0.0
DTXSID9037535,2101,0.0,0.0
DTXSID9037539,2101,0.9982202873971744,1.0
DTXSID9037612,2101,0.08935546324583792,0.0
DTXSID9037616,2101,0.0,0.0
DTXSID9037741,2101,0.00012161665380240987,0.0
DTXSID9037745,2101,5.057552041098387e-09,0.0
DTXSID9037749,2101,0.0005305300823280623,0.0
DTXSID9038686,2101,0.0,0.0
DTXSID9039232,2101,0.0,0.0
DTXSID9039238,2101,0.0,0.0
DTXSID9040001,2101,0.0,0.0
DTXSID9040130,2101,0.0,0.0
DTXSID9040134,2101,0.0,0.0
DTXSID9040215,2101,0.0,0.0
DTXSID9040265,2101,0.99938574447026,1.0
DTXSID9040269,2101,0.9999392026409117,1.0
DTXSID9040342,2101,0.0,0.0
DTXSID9040502,2101,0.260479734114646,0.0
DTXSID9040554,2101,0.0,0.0
DTXSID9040635,2101,0.0,0.0
DTXSID9040683,2101,0.9884301878856899,1.0
DTXSID9040685,2101,0.0,0.0
DTXSID9040687,2101,0.0,0.0
DTXSID9040710,2101,0.0,0.0
DTXSID9040712,2101,0.9999999999998995,1.0
DTXSID9040714,2101,0.0,0.0
DTXSID9040716,2101,0.0,0.0
DTXSID9040718,2101,1.2963042035371513e-07,0.0
DTXSID9040760,2101,0.025997789249995087,0.0
DTXSID9041075,2101,1.5898203820456753e-11,0.0
DTXSID9041152,2101,3.5316925540910693e-09,0.0
DTXSID9041233,2101,0.0,0.0
DTXSID9041237,2101,0.0,0.0
DTXSID9041289,2101,0.9999999982287924,1.0
DTXSID9041362,2101,0.0,0.0
DTXSID9041366,2101,0.5041631549666804,0.0
DTXSID9041368,2101,0.0,0.0
DTXSID9041441,2101,0.0,0.0
DTXSID9041491,2101,0.0,0.0
DTXSID9041520,2101,0.0,0.0
DTXSID9041524,2101,0.06520662923713645,0.0
DTXSID9041528,2101,0.0,0.0
DTXSID9041570,2101,0.0,0.0
DTXSID9041607,2101,0.0,0.0
DTXSID9041653,2101,0.0,0.0
DTXSID9041659,2101,0.0,0.0
DTXSID9041813,2101,0.0,0.0
DTXSID9041815,2101,3.8894532969112513e-13,0.0
DTXSID9041861,2101,0.0,0.0
DTXSID9042097,2101,3.895174781106154e-14,0.0
DTXSID9042124,2101,0.9999999999999993,1.0
DTXSID9042170,2101,0.0,0.0
DTXSID9042203,2101,0.8617995108133937,0.0
DTXSID9042209,2101,2.878772413511014e-10,0.0
DTXSID9042259,2101,2.1718962476367122e-13,0.0
DTXSID9042336,2101,0.0,0.0
DTXSID9042338,2101,0.0,0.0
DTXSID9042382,2101,3.0701129409713336e-05,0.0
DTXSID9042415,2101,0.0,0.0
DTXSID9042592,2101,0.9999688410671935,1.0
DTXSID9042594,2101,0.0053862056711910635,0.0
DTXSID9043853,2101,0.0,0.0
DTXSID9043855,2101,1.571271666047497e-11,0.0
DTXSID9043938,2101,0.0,0.0
DTXSID9044112,2101,4.579336099856732e-12,0.0
DTXSID9044164,2101,0.04039044857021548,0.0
DTXSID9044241,2101,0.0,0.0
DTXSID9044247,2101,0.0,0.0
DTXSID9044299,2101,1.3805686263665003e-07,0.0
DTXSID9044320,2101,0.0,0.0
DTXSID9044322,2101,0.9999999924125502,1.0
DTXSID9044370,2101,4.3273345568118854e-14,0.0
DTXSID9044372,2101,0.0,0.0
DTXSID9044374,2101,0.0,0.0
DTXSID9044378,2101,0.0,0.0
DTXSID9044401,2101,0.0,0.0
DTXSID9044403,2101,6.142691508357937e-14,0.0
DTXSID9044405,2101,0.0,0.0
DTXSID9044407,2101,0.0,0.0
DTXSID9044409,2101,0.0,0.0
DTXSID9044451,2101,0.0,0.0
DTXSID9044455,2101,1.4967978179351518e-10,0.0
DTXSID9044457,2101,0.0,0.0
DTXSID9044459,2101,0.8443761572888366,0.0
DTXSID9044532,2101,2.1544015521214206e-08,0.0
DTXSID9044534,2101,2.145209179789751e-08,0.0
DTXSID9044536,2101,8.27383453208411e-11,0.0
DTXSID9044538,2101,0.9996061118528077,1.0
DTXSID9044580,2101,0.0,0.0
DTXSID9044582,2101,5.066703081485225e-06,0.0
DTXSID9044584,2101,9.912721824086002e-10,0.0
DTXSID9044588,2101,0.0,0.0
DTXSID9044611,2101,0.0,0.0
DTXSID9044613,2101,0.0,0.0
DTXSID9044615,2101,0.9559599637790982,1.0
DTXSID9044617,2101,0.0,0.0
DTXSID9044619,2101,0.0,0.0
DTXSID9044661,2101,0.0,0.0
DTXSID9044663,2101,5.316725356864422e-07,0.0
DTXSID9044667,2101,0.0,0.0
DTXSID9044740,2101,0.0,0.0
DTXSID9044742,2101,0.0,0.0
DTXSID9044744,2101,0.0,0.0
DTXSID9044746,2101,0.0,0.0
DTXSID9044748,2101,0.0,0.0
DTXSID9044790,2101,0.9996100184380664,1.0
DTXSID9044794,2101,6.853453643239027e-09,0.0
DTXSID9044796,2101,1.0,1.0
DTXSID9044798,2101,0.0,0.0
DTXSID9044821,2101,2.5084597104792157e-05,0.0
DTXSID9044823,2101,0.0,0.0
DTXSID9044825,2101,3.416480319488052e-09,0.0
DTXSID9044827,2101,0.0,0.0
DTXSID9044829,2101,0.00808462730418408,0.0
DTXSID9044871,2101,0.0,0.0
DTXSID9044873,2101,3.668940202477928e-08,0.0
DTXSID9044875,2101,0.0,0.0
DTXSID9044877,2101,0.0,0.0
DTXSID9044879,2101,0.0,0.0
DTXSID9044900,2101,0.0,0.0
DTXSID9044902,2101,0.0,0.0
DTXSID9044904,2101,0.0,0.0
DTXSID9044908,2101,0.0,0.0
DTXSID9044950,2101,0.9998238221681622,1.0
DTXSID9044958,2101,0.0,0.0
DTXSID9045003,2101,0.0,0.0
DTXSID9045005,2101,0.0,0.0
DTXSID9045007,2101,0.0,0.0
DTXSID9045053,2101,0.0,0.0
DTXSID9045132,2101,0.0,0.0
DTXSID9045136,2101,0.9993811830768726,1.0
DTXSID9045138,2101,0.0,0.0
DTXSID9045182,2101,2.9848771797472003e-06,0.0
DTXSID9045184,2101,5.472339543422388e-06,0.0
DTXSID9045188,2101,1.774191269124518e-07,0.0
DTXSID9045215,2101,0.0,0.0
DTXSID9045217,2101,1.1729139416030559e-16,0.0
DTXSID9045265,2101,,
DTXSID9045267,2101,0.32225451635018953,0.0
DTXSID9045342,2101,0.0,0.0
DTXSID9045346,2101,0.0,0.0
DTXSID9045348,2101,0.0,0.0
DTXSID9045390,2101,0.0,0.0
DTXSID9045392,2101,0.0,0.0
DTXSID9045394,2101,0.0,0.0
DTXSID9045425,2101,0.0,0.0
DTXSID9045429,2101,0.0,0.0
DTXSID9045500,2101,3.4571874984604537e-09,0.0
DTXSID9045506,2101,6.427379764657002e-11,0.0
DTXSID9045508,2101,,
DTXSID9045556,2101,0.0,0.0
DTXSID9045558,2101,0.35525747084026904,0.0
DTXSID9045631,2101,0.015171137572463474,0.0
DTXSID9045633,2101,0.0,0.0
DTXSID9045635,2101,3.7243463079283346e-06,0.0
DTXSID9045683,2101,0.0,0.0
DTXSID9045685,2101,0.0,0.0
DTXSID9045687,2101,0.0,0.0
DTXSID9045710,2101,,
DTXSID9045762,2101,1.5496431495263102e-07,0.0
DTXSID9045768,2101,0.9998191344987126,1.0
DTXSID9045843,2101,3.5439087305942662e-06,0.0
DTXSID9045845,2101,0.0,0.0
DTXSID9045847,2101,5.62767850347396e-20,0.0
DTXSID9045849,2101,2.300705135774989e-05,0.0
DTXSID9045891,2101,0.0,0.0
DTXSID9045897,2101,1.1404906948995215e-12,0.0
DTXSID9045899,2101,7.669952022806399e-06,0.0
DTXSID9045922,2101,0.9980332921796583,1.0
DTXSID9046023,2101,0.0,0.0
DTXSID9046029,2101,0.9968273993434468,1.0
DTXSID9046071,2101,0.0,0.0
DTXSID9046073,2101,0.0,0.0
DTXSID9046100,2101,0.0,0.0
DTXSID9046104,2101,5.442841712820883e-07,0.0
DTXSID9046108,2101,0.0,0.0
DTXSID9046150,2101,0.0,0.0
DTXSID9046152,2101,3.851333341579168e-12,0.0
DTXSID9046158,2101,0.00013911376487579652,0.0
DTXSID9046233,2101,0.0,0.0
DTXSID9046235,2101,0.0,0.0
DTXSID9046281,2101,0.0,0.0
DTXSID9046283,2101,3.8802780441879686e-05,0.0
DTXSID9046285,2101,0.9989887473231553,1.0
DTXSID9046287,2101,3.64683825688505e-05,0.0
DTXSID9046289,2101,0.0,0.0
DTXSID9046310,2101,0.9999994351514786,1.0
DTXSID9046318,2101,0.9978146375488564,1.0
DTXSID9046360,2101,0.0,0.0
DTXSID9046443,2101,0.9944634542924661,1.0
DTXSID9046445,2101,0.6176673097716104,0.0
DTXSID9046449,2101,0.0,0.0
DTXSID9046491,2101,0.0,0.0
DTXSID9046495,2101,0.0,0.0
DTXSID9046499,2101,0.0,0.0
DTXSID9046526,2101,0.0,0.0
DTXSID9046570,2101,0.0,0.0
DTXSID9046572,2101,0.0,0.0
DTXSID9046576,2101,0.9999999998606918,1.0
DTXSID9046651,2101,0.00016436961733193683,0.0
DTXSID9046734,2101,1.3552676839748408e-10,0.0
DTXSID9046738,2101,,
DTXSID9046780,2101,8.291306208680494e-09,0.0
DTXSID9046786,2101,0.2889561383313452,0.0
DTXSID9046813,2101,0.9999421190445159,1.0
DTXSID9046817,2101,0.0,0.0
DTXSID9046861,2101,1.5025488250544854e-05,0.0
DTXSID9046942,2101,4.298959622654033e-06,0.0
DTXSID9046946,2101,0.0,0.0
DTXSID9046992,2101,0.9999999999578457,1.0
DTXSID9046994,2101,5.746700567852041e-12,0.0
DTXSID9046998,2101,0.0,0.0
DTXSID9047041,2101,0.0,0.0
DTXSID9047043,2101,0.0,0.0
DTXSID9047045,2101,0.0,0.0
DTXSID9047047,2101,0.0,0.0
DTXSID9047049,2101,0.0,0.0
DTXSID9047091,2101,0.0,0.0
DTXSID9047093,2101,0.982944010665571,1.0
DTXSID9047095,2101,0.0,0.0
DTXSID9047099,2101,0.0,0.0
DTXSID9047120,2101,0.00017377636527861893,0.0
DTXSID9047124,2101,0.0,0.0
DTXSID9047126,2101,0.0,0.0
DTXSID9047128,2101,0.0,0.0
DTXSID9047174,2101,3.6896609081629005e-09,0.0
DTXSID9047176,2101,0.0,0.0
DTXSID9047178,2101,0.0,0.0
DTXSID9047201,2101,0.0,0.0
DTXSID9047203,2101,0.0,0.0
DTXSID9047205,2101,0.0,0.0
DTXSID9047251,2101,0.9244645931220794,1.0
DTXSID9047253,2101,0.0,0.0
DTXSID9047255,2101,0.0,0.0
DTXSID9047257,2101,1.4633450221692834e-06,0.0
DTXSID9047259,2101,2.0926593697949542e-08,0.0
DTXSID9047330,2101,0.0003051404859433377,0.0
DTXSID9047334,2101,7.246390160984177e-08,0.0
DTXSID9047338,2101,0.6731126346748423,0.0
DTXSID9047411,2101,0.0,0.0
DTXSID9047413,2101,0.0,0.0
DTXSID9047415,2101,0.0,0.0
DTXSID9047417,2101,0.0,0.0
DTXSID9047419,2101,1.2752151291868193e-08,0.0
DTXSID9047461,2101,0.0,0.0
DTXSID9047463,2101,0.0,0.0
DTXSID9047465,2101,0.0,0.0
DTXSID9047467,2101,0.0,0.0
DTXSID9047469,2101,0.0,0.0
DTXSID9047540,2101,0.994807342713548,1.0
DTXSID9047542,2101,0.9989631910515062,1.0
DTXSID9047546,2101,0.0007408862796682414,0.0
DTXSID9047548,2101,5.903217924606918e-12,0.0
DTXSID9047590,2101,1.1722206506474468e-17,0.0
DTXSID9047592,2101,0.9999999999256719,1.0
DTXSID9047594,2101,3.419270757440664e-06,0.0
DTXSID9047598,2101,0.9993853146566303,1.0
DTXSID9047623,2101,0.0,0.0
DTXSID9047629,2101,0.0,0.0
DTXSID9047673,2101,7.10416439220989e-08,0.0
DTXSID9047675,2101,0.0,0.0
DTXSID9047677,2101,0.0,0.0
DTXSID9047679,2101,0.0,0.0
DTXSID9047700,2101,0.0,0.0
DTXSID9047702,2101,0.0,0.0
DTXSID9047704,2101,0.0,0.0
DTXSID9047706,2101,0.0,0.0
DTXSID9047708,2101,0.0,0.0
DTXSID9047833,2101,0.0002498686877566848,0.0
DTXSID9047835,2101,0.0,0.0
DTXSID9047837,2101,0.0,0.0
DTXSID9047839,2101,0.9885833917702882,1.0
DTXSID9047881,2101,5.522841795126987e-19,0.0
DTXSID9047883,2101,0.0,0.0
DTXSID9047885,2101,0.9994904904091704,1.0
DTXSID9047887,2101,7.731620388741683e-10,0.0
DTXSID9047889,2101,0.9999672378786921,1.0
DTXSID9047910,2101,0.0,0.0
DTXSID9047912,2101,0.0,0.0
DTXSID9047914,2101,0.0,0.0
DTXSID9047916,2101,1.9700914856121413e-06,0.0
DTXSID9047918,2101,0.978844719304317,1.0
DTXSID9047960,2101,2.328138441431276e-14,0.0
DTXSID9047962,2101,2.2853171500251264e-10,0.0
DTXSID9047964,2101,0.0,0.0
DTXSID9047966,2101,0.0,0.0
DTXSID9047968,2101,0.0,0.0
DTXSID9048190,2101,0.0,0.0
DTXSID9048192,2101,0.0,0.0
DTXSID9048194,2101,0.0,0.0
DTXSID9048196,2101,0.0,0.0
DTXSID9048198,2101,0.0,0.0
DTXSID9048510,2101,0.9982473883396625,1.0
DTXSID9048512,2101,0.9999999398091836,1.0
DTXSID9048514,2101,0.0,0.0
DTXSID9048516,2101,2.5248981799358926e-10,0.0
DTXSID9048518,2101,5.006862997638286e-11,0.0
DTXSID9048647,2101,0.0,0.0
DTXSID9048649,2101,0.9997507906642364,1.0
DTXSID9048691,2101,,
DTXSID9048693,2101,0.0,0.0
DTXSID9048695,2101,0.5716921432233784,0.0
DTXSID9048722,2101,0.0,0.0
DTXSID9048728,2101,0.999999999999774,1.0
DTXSID9048774,2101,0.0,0.0
DTXSID9048776,2101,0.013263419977593022,0.0
DTXSID9048778,2101,0.9999106394322936,1.0
DTXSID9048801,2101,0.031589024412135354,0.0
DTXSID9048803,2101,0.0,0.0
DTXSID9048805,2101,0.0,0.0
DTXSID9048807,2101,1.7884738891070152e-07,0.0
DTXSID9048809,2101,0.9462305251970302,1.0
DTXSID9048851,2101,0.0,0.0
DTXSID9048853,2101,0.0,0.0
DTXSID9048855,2101,0.0,0.0
DTXSID9048859,2101,0.0,0.0
DTXSID9048930,2101,0.061271917727278004,0.0
DTXSID9048932,2101,1.3685056687188044e-08,0.0
DTXSID9048934,2101,1.7610304656561864e-08,0.0
DTXSID9048936,2101,0.03716203885103316,0.0
DTXSID9048938,2101,1.4437014548489958e-09,0.0
DTXSID9048988,2101,0.0,0.0
DTXSID9049035,2101,,
DTXSID9049037,2101,0.0,0.0
DTXSID9049039,2101,0.0,0.0
DTXSID9049083,2101,,
DTXSID9049241,2101,0.0,0.0
DTXSID9049243,2101,5.289850786042391e-12,0.0
DTXSID9049245,2101,3.1237251127823086e-12,0.0
DTXSID9049247,2101,5.219496958573104e-18,0.0
DTXSID9049249,2101,0.0,0.0
DTXSID9049291,2101,0.0,0.0
DTXSID9049293,2101,1.5436025284781503e-10,0.0
DTXSID9049295,2101,0.0,0.0
DTXSID9049297,2101,0.9999999987761378,1.0
DTXSID9049299,2101,0.9999666558900896,1.0
DTXSID9049320,2101,0.0,0.0
DTXSID9049322,2101,0.0,0.0
DTXSID9049324,2101,0.0,0.0
DTXSID9049326,2101,0.0,0.0
DTXSID9049328,2101,0.0,0.0
DTXSID9049370,2101,0.0,0.0
DTXSID9049372,2101,0.0,0.0
DTXSID9049374,2101,0.0,0.0
DTXSID9049376,2101,0.0,0.0
DTXSID9049378,2101,0.0,0.0
DTXSID9049401,2101,0.9999990904222998,1.0
DTXSID9049403,2101,0.0,0.0
DTXSID9049405,2101,0.0,0.0
DTXSID9049407,2101,2.3069482650029052e-14,0.0
DTXSID9049409,2101,0.0,0.0
DTXSID9049451,2101,3.585078978115282e-07,0.0
DTXSID9049453,2101,0.0,0.0
DTXSID9049455,2101,3.0204264508430373e-10,0.0
DTXSID9049457,2101,0.0,0.0
DTXSID9049459,2101,0.0,0.0
DTXSID9049530,2101,0.0,0.0
DTXSID9049532,2101,0.0,0.0
DTXSID9049534,2101,0.0,0.0
DTXSID9049536,2101,6.902018480992086e-08,0.0
DTXSID9049538,2101,3.828918508032518e-07,0.0
DTXSID9051454,2101,0.0,0.0
DTXSID9051581,2101,0.0,0.0
DTXSID9051618,2101,0.0,0.0
DTXSID9051662,2101,0.0,0.0
DTXSID9051824,2101,9.483623418527187e-08,0.0
DTXSID9051907,2101,0.0,0.0
DTXSID9052505,2101,0.0,0.0
DTXSID9052509,2101,1.210319701019212e-12,0.0
DTXSID9057630,2101,0.9953183631346677,1.0
DTXSID9057632,2101,6.337602846795984e-05,0.0
DTXSID9057634,2101,0.0,0.0
DTXSID9057636,2101,0.0,0.0
DTXSID9057638,2101,0.9999999999991842,1.0
DTXSID9057680,2101,1.8483319166629542e-07,0.0
DTXSID9057682,2101,1.3026140596297495e-08,0.0
DTXSID9057684,2101,0.9803610391093318,1.0
DTXSID9057686,2101,0.0,0.0
DTXSID9057688,2101,9.5541567537228e-08,0.0
DTXSID9057711,2101,0.08834127403515162,0.0
DTXSID9057713,2101,0.0007176162283852156,0.0
DTXSID9057715,2101,0.00015901299544016879,0.0
DTXSID9057717,2101,0.0,0.0
DTXSID9057719,2101,0.9228828827157329,1.0
DTXSID9057761,2101,0.0,0.0
DTXSID9057763,2101,0.0,0.0
DTXSID9057765,2101,7.527295435661102e-07,0.0
DTXSID9057767,2101,1.1273926548140451e-11,0.0
DTXSID9057769,2101,0.0,0.0
DTXSID9057840,2101,8.481400120504724e-13,0.0
DTXSID9057842,2101,,
DTXSID9057844,2101,0.9994858507207297,1.0
DTXSID9057846,2101,0.0,0.0
DTXSID9057848,2101,7.230156611874543e-05,0.0
DTXSID9057890,2101,0.0,0.0
DTXSID9057898,2101,0.00046359952943487103,0.0
DTXSID9058654,2101,0.9999999961846938,1.0
