dtxsid,aeid,hitc_clean,active
DTXSID0020020,1661,0.0,0.0
DTXSID0020022,1661,2.9158393518320454e-11,0.0
DTXSID0020024,1661,0.0,0.0
DTXSID0020070,1661,0.0,0.0
DTXSID0020072,1661,,
DTXSID0020074,1661,0.0,0.0
DTXSID0020076,1661,0.0,0.0
DTXSID0020101,1661,7.664997489448111e-13,0.0
DTXSID0020105,1661,0.0,0.0
DTXSID0020107,1661,1.9922570539484567e-13,0.0
DTXSID0020151,1661,0.0,0.0
DTXSID0020153,1661,1.0282398791348527e-09,0.0
DTXSID0020155,1661,0.0,0.0
DTXSID0020157,1661,,
DTXSID0020232,1661,0.0005038774712092225,0.0
DTXSID0020236,1661,0.0,0.0
DTXSID0020238,1661,0.0,0.0
DTXSID0020280,1661,0.0,0.0
DTXSID0020282,1661,0.0035466401804841443,0.0
DTXSID0020284,1661,0.00016396399597101968,0.0
DTXSID0020286,1661,1.2318563755284124e-05,0.0
DTXSID0020288,1661,7.283865723755176e-16,0.0
DTXSID0020311,1661,0.0,0.0
DTXSID0020315,1661,0.000841603310510792,0.0
DTXSID0020319,1661,1.0,1.0
DTXSID0020361,1661,2.783894655895323e-13,0.0
DTXSID0020363,1661,0.0,0.0
DTXSID0020365,1661,0.2584437190543185,0.0
DTXSID0020367,1661,3.754095392382472e-10,0.0
DTXSID0020369,1661,0.0,0.0
DTXSID0020440,1661,0.0,0.0
DTXSID0020442,1661,2.9260786442953043e-18,0.0
DTXSID0020444,1661,9.590625957999494e-12,0.0
DTXSID0020446,1661,0.0,0.0
DTXSID0020448,1661,0.0,0.0
DTXSID0020494,1661,5.178237268774738e-16,0.0
DTXSID0020498,1661,1.865381326337419e-16,0.0
DTXSID0020523,1661,0.9974084576883085,1.0
DTXSID0020527,1661,0.0,0.0
DTXSID0020529,1661,9.841514225401724e-15,0.0
DTXSID0020573,1661,0.4926707639189599,0.0
DTXSID0020575,1661,0.0,0.0
DTXSID0020577,1661,0.0,0.0
DTXSID0020602,1661,0.0,0.0
DTXSID0020604,1661,0.0,0.0
DTXSID0020606,1661,0.0,0.0
DTXSID0020650,1661,0.0,0.0
DTXSID0020652,1661,9.330501558085689e-11,0.0
DTXSID0020654,1661,0.0,0.0
DTXSID0020656,1661,3.636751517456436e-19,0.0
DTXSID0020733,1661,0.0003183003842156909,0.0
DTXSID0020737,1661,0.0758077261222765,0.0
DTXSID0020789,1661,0.0,0.0
DTXSID0020810,1661,0.002308740107119155,0.0
DTXSID0020814,1661,2.250852499692377e-07,0.0
DTXSID0020818,1661,2.421142971464532e-14,0.0
DTXSID0020862,1661,,
DTXSID0020868,1661,0.0,0.0
DTXSID0020941,1661,0.0,0.0
DTXSID0020943,1661,0.0,0.0
DTXSID0021040,1661,0.0,0.0
DTXSID0021094,1661,0.0,0.0
DTXSID0021096,1661,,
DTXSID0021121,1661,0.005414233571099191,0.0
DTXSID0021123,1661,0.0,0.0
DTXSID0021125,1661,0.9999700821396268,1.0
DTXSID0021127,1661,0.9936502514727421,1.0
DTXSID0021129,1661,,
DTXSID0021175,1661,0.0,0.0
DTXSID0021179,1661,0.0,0.0
DTXSID0021206,1661,0.0,0.0
DTXSID0021254,1661,0.0,0.0
DTXSID0021256,1661,3.5395089118961823e-12,0.0
DTXSID0021258,1661,0.0,0.0
DTXSID0021331,1661,0.015766351156243887,0.0
DTXSID0021333,1661,1.0,1.0
DTXSID0021335,1661,0.0,0.0
DTXSID0021337,1661,,
DTXSID0021339,1661,0.0,0.0
DTXSID0021381,1661,0.0,0.0
DTXSID0021383,1661,0.0,0.0
DTXSID0021385,1661,0.9999999998039153,1.0
DTXSID0021387,1661,1.1191833835250939e-07,0.0
DTXSID0021389,1661,2.9911421783298044e-11,0.0
DTXSID0021410,1661,7.235055957327421e-10,0.0
DTXSID0021414,1661,2.701556972986045e-13,0.0
DTXSID0021418,1661,0.0,0.0
DTXSID0021460,1661,0.8813259114782726,0.0
DTXSID0021462,1661,0.9999909506296462,1.0
DTXSID0021464,1661,1.0,1.0
DTXSID0021543,1661,0.0,0.0
DTXSID0021545,1661,0.0,0.0
DTXSID0021547,1661,4.311400687841499e-12,0.0
DTXSID0021597,1661,0.0,0.0
DTXSID0021599,1661,0.0,0.0
DTXSID0021620,1661,0.0,0.0
DTXSID0021626,1661,1.2209811758153614e-06,0.0
DTXSID0021628,1661,0.0,0.0
DTXSID0021672,1661,6.762543285277053e-10,0.0
DTXSID0021709,1661,1.3866819844798692e-08,0.0
DTXSID0021751,1661,9.943922704685925e-07,0.0
DTXSID0021757,1661,0.0,0.0
DTXSID0021759,1661,0.0,0.0
DTXSID0021832,1661,0.0,0.0
DTXSID0021834,1661,0.008801456102651671,0.0
DTXSID0021836,1661,0.9842170545831962,1.0
DTXSID0021886,1661,1.3245817388634468e-10,0.0
DTXSID0021888,1661,1.4802734585116725e-11,0.0
DTXSID0021915,1661,0.0,0.0
DTXSID0021917,1661,0.0,0.0
DTXSID0021961,1661,1.3338838904557046e-11,0.0
DTXSID0021963,1661,0.0,0.0
DTXSID0021965,1661,0.0,0.0
DTXSID0021969,1661,0.0,0.0
DTXSID0022010,1661,0.0,0.0
DTXSID0022012,1661,0.0,0.0
DTXSID0022014,1661,8.587997850026614e-09,0.0
DTXSID0022016,1661,0.0,0.0
DTXSID0022018,1661,0.0,0.0
DTXSID0022060,1661,0.0,0.0
DTXSID0022062,1661,1.9106736095494563e-16,0.0
DTXSID0022191,1661,6.068283067731217e-13,0.0
DTXSID0022193,1661,0.0,0.0
DTXSID0022220,1661,0.9999312276410878,1.0
DTXSID0022301,1661,0.0013239324910571484,0.0
DTXSID0022305,1661,0.0,0.0
DTXSID0022307,1661,0.0,0.0
DTXSID0022353,1661,,
DTXSID0022432,1661,,
DTXSID0022436,1661,0.0,0.0
DTXSID0022480,1661,0.0,0.0
DTXSID0022519,1661,0.0,0.0
DTXSID0022563,1661,0.0,0.0
DTXSID0022640,1661,0.0,0.0
DTXSID0022644,1661,8.182108950060585e-11,0.0
DTXSID0022646,1661,0.0,0.0
DTXSID0022690,1661,0.000107404439308209,0.0
DTXSID0022725,1661,2.4338189955657945e-13,0.0
DTXSID0022777,1661,0.9988887870771836,1.0
DTXSID0022800,1661,0.0,0.0
DTXSID0022808,1661,0.01319395437147392,0.0
DTXSID0022850,1661,0.0,0.0
DTXSID0022854,1661,7.746469602473067e-13,0.0
DTXSID0022858,1661,0.0,0.0
DTXSID0022933,1661,0.9997661120097169,1.0
DTXSID0022935,1661,,
DTXSID0022981,1661,0.0,0.0
DTXSID0023030,1661,3.7888371431267117e-10,0.0
DTXSID0023036,1661,4.378647106937908e-05,0.0
DTXSID0023038,1661,0.0,0.0
DTXSID0023113,1661,0.0,0.0
DTXSID0023163,1661,0.0,0.0
DTXSID0023169,1661,3.324384135650262e-13,0.0
DTXSID0023240,1661,0.0,0.0
DTXSID0023244,1661,0.0,0.0
DTXSID0023292,1661,0.0,0.0
DTXSID0023296,1661,,
DTXSID0023298,1661,7.16923282757719e-12,0.0
DTXSID0023323,1661,0.0,0.0
DTXSID0023329,1661,0.0,0.0
DTXSID0023371,1661,0.9993604985396712,1.0
DTXSID0023373,1661,6.063816796902366e-09,0.0
DTXSID0023377,1661,1.288691280099459e-05,0.0
DTXSID0023458,1661,0.32569718207451037,0.0
DTXSID0023581,1661,0.9930555052504735,1.0
DTXSID0023587,1661,0.0,0.0
DTXSID0023612,1661,0.0,0.0
DTXSID0023616,1661,0.0,0.0
DTXSID0023618,1661,0.0,0.0
DTXSID0023660,1661,2.387938466930273e-09,0.0
DTXSID0023745,1661,0.0,0.0
DTXSID0023747,1661,1.2265768899707471e-12,0.0
DTXSID0023749,1661,0.0,0.0
DTXSID0023826,1661,5.345042733941056e-11,0.0
DTXSID0023870,1661,9.247227052958504e-10,0.0
DTXSID0023878,1661,,
DTXSID0023901,1661,4.9966241204239896e-14,0.0
DTXSID0023907,1661,0.6804487889983867,0.0
DTXSID0023909,1661,0.0,0.0
DTXSID0023951,1661,,
DTXSID0023955,1661,0.0,0.0
DTXSID0024000,1661,0.0,0.0
DTXSID0024002,1661,0.8375282892934202,0.0
DTXSID0024052,1661,0.9729194324466716,1.0
DTXSID0024183,1661,3.79075007053963e-05,0.0
DTXSID0024185,1661,1.7981399260008286e-12,0.0
DTXSID0024216,1661,0.0,0.0
DTXSID0024266,1661,1.0300946880102867e-08,0.0
DTXSID0024341,1661,,
DTXSID0024345,1661,5.065928683582658e-08,0.0
DTXSID0024395,1661,0.0,0.0
DTXSID0024397,1661,0.0,0.0
DTXSID0024399,1661,1.0404664924050846e-11,0.0
DTXSID0024470,1661,0.0,0.0
DTXSID0024474,1661,0.0,0.0
DTXSID0024478,1661,,
DTXSID0024501,1661,,
DTXSID0024503,1661,,
DTXSID0024505,1661,0.0,0.0
DTXSID0024507,1661,5.774752930125133e-10,0.0
DTXSID0024509,1661,0.0,0.0
DTXSID0024553,1661,0.0,0.0
DTXSID0024555,1661,,
DTXSID0024559,1661,,
DTXSID0024638,1661,0.0,0.0
DTXSID0024715,1661,0.0,0.0
DTXSID0024761,1661,0.0,0.0
DTXSID0024840,1661,1.3685129804177413e-05,0.0
DTXSID0024890,1661,0.0,0.0
DTXSID0024896,1661,0.0,0.0
DTXSID0024921,1661,2.2618067492448935e-17,0.0
DTXSID0024923,1661,0.0,0.0
DTXSID0024971,1661,0.0,0.0
DTXSID0024977,1661,0.0,0.0
DTXSID0024979,1661,1.0605885180395881e-11,0.0
DTXSID0025070,1661,0.0,0.0
DTXSID0025074,1661,0.0,0.0
DTXSID0025076,1661,0.9999977717621585,1.0
DTXSID0025078,1661,3.3036487603354954e-08,0.0
DTXSID0025101,1661,,
DTXSID0025234,1661,8.912370112811629e-05,0.0
DTXSID0025286,1661,6.735106620082384e-07,0.0
DTXSID0025315,1661,1.6063744826779907e-17,0.0
DTXSID0025361,1661,1.5624395903730095e-14,0.0
DTXSID0025363,1661,0.0,0.0
DTXSID0025367,1661,1.9903444539625612e-05,0.0
DTXSID0025440,1661,4.2456809313111487e-16,0.0
DTXSID0025492,1661,1.7860252568550007e-12,0.0
DTXSID0025494,1661,,
DTXSID0025523,1661,9.632251696006758e-15,0.0
DTXSID0025527,1661,0.9270177858856482,1.0
DTXSID0025571,1661,5.250421563147945e-09,0.0
DTXSID0025577,1661,0.0,0.0
DTXSID0025600,1661,0.0020640840797168675,0.0
DTXSID0025604,1661,0.0,0.0
DTXSID0025654,1661,0.0,0.0
DTXSID0025733,1661,0.0,0.0
DTXSID0025737,1661,1.7452830423998982e-15,0.0
DTXSID0025789,1661,0.9999997862307478,1.0
DTXSID0025812,1661,0.0,0.0
DTXSID0025814,1661,2.64351020493633e-13,0.0
DTXSID0025816,1661,5.776613217131825e-12,0.0
DTXSID0025818,1661,0.8830567506096932,0.0
DTXSID0025862,1661,0.0,0.0
DTXSID0025864,1661,2.285694618468093e-10,0.0
DTXSID0025866,1661,0.0,0.0
DTXSID0025991,1661,0.0,0.0
DTXSID0025997,1661,0.9910652132251762,1.0
DTXSID0026040,1661,0.9999999570063974,1.0
DTXSID0026098,1661,0.0,0.0
DTXSID0026125,1661,,
DTXSID0026171,1661,0.0,0.0
DTXSID0026175,1661,4.7003770402985815e-07,0.0
DTXSID0026202,1661,3.218212722336596e-12,0.0
DTXSID0026204,1661,6.340107408275379e-14,0.0
DTXSID0026208,1661,0.18233558132493943,0.0
DTXSID0026252,1661,3.0129305282061304e-15,0.0
DTXSID0026258,1661,0.0,0.0
DTXSID0026339,1661,0.0,0.0
DTXSID0026418,1661,0.0,0.0
DTXSID0026547,1661,0.0,0.0
DTXSID0026549,1661,0.0,0.0
DTXSID0026676,1661,0.0,0.0
DTXSID0026701,1661,2.983674300016857e-14,0.0
DTXSID0026830,1661,0.0,0.0
DTXSID0026838,1661,0.0,0.0
DTXSID0026880,1661,0.0,0.0
DTXSID0026882,1661,0.0,0.0
DTXSID0026888,1661,0.0,0.0
DTXSID0026913,1661,0.0,0.0
DTXSID0026915,1661,1.1830139064437678e-19,0.0
DTXSID0026961,1661,6.065130734222679e-10,0.0
DTXSID0026967,1661,5.838055421045303e-14,0.0
DTXSID0027014,1661,9.215234886144123e-12,0.0
DTXSID0027066,1661,0.0,0.0
DTXSID0027143,1661,0.0006663924759566176,0.0
DTXSID0027149,1661,1.3977008312376774e-13,0.0
DTXSID0027191,1661,0.0,0.0
DTXSID0027195,1661,0.0,0.0
DTXSID0027197,1661,0.0,0.0
DTXSID0027222,1661,0.0,0.0
DTXSID0027228,1661,0.0,0.0
DTXSID0027270,1661,7.647296220408453e-07,0.0
DTXSID0027301,1661,6.668140939855384e-06,0.0
DTXSID0027309,1661,0.0,0.0
DTXSID0027432,1661,0.0,0.0
DTXSID0027436,1661,0.0,0.0
DTXSID0027438,1661,3.89971423809483e-10,0.0
DTXSID0027486,1661,0.0,0.0
DTXSID0027513,1661,0.0,0.0
DTXSID0027515,1661,,
DTXSID0027561,1661,,
DTXSID0027565,1661,0.0,0.0
DTXSID0027567,1661,,
DTXSID0027640,1661,0.0,0.0
DTXSID0027721,1661,0.08939306234950674,0.0
DTXSID0027729,1661,0.0,0.0
DTXSID0027771,1661,0.0,0.0
DTXSID0027773,1661,0.9999999996761226,1.0
DTXSID0027802,1661,1.9996819339930517e-07,0.0
DTXSID0027804,1661,0.0,0.0
DTXSID0027806,1661,,
DTXSID0027852,1661,7.310562273853296e-14,0.0
DTXSID0027856,1661,0.0,0.0
DTXSID0027858,1661,0.0,0.0
DTXSID0027933,1661,0.0,0.0
DTXSID0027981,1661,0.0,0.0
DTXSID0027983,1661,0.9933589580018806,1.0
DTXSID0028030,1661,0.0,0.0
DTXSID0028038,1661,0.9999146819773437,1.0
DTXSID0028323,1661,1.7359736429234058e-13,0.0
DTXSID0028618,1661,0.0,0.0
DTXSID0028666,1661,0.0,0.0
DTXSID0029133,1661,0.0,0.0
DTXSID0029187,1661,1.4755403368676715e-08,0.0
DTXSID0029189,1661,2.6157087777436624e-12,0.0
DTXSID0029210,1661,0.0,0.0
DTXSID0029214,1661,0.0,0.0
DTXSID0029218,1661,7.747686345588955e-14,0.0
DTXSID0029260,1661,0.0,0.0
DTXSID0029262,1661,0.0,0.0
DTXSID0029474,1661,0.0,0.0
DTXSID0029559,1661,0.0,0.0
DTXSID0029688,1661,1.2493877451867335e-09,0.0
DTXSID0029761,1661,0.0,0.0
DTXSID0029848,1661,0.0,0.0
DTXSID0030162,1661,0.0,0.0
DTXSID0030588,1661,1.3840279858076788e-10,0.0
DTXSID0032029,1661,3.1853198317161307e-09,0.0
DTXSID0032077,1661,0.0,0.0
DTXSID0032314,1661,0.0,0.0
DTXSID0032316,1661,1.1263688009277347e-11,0.0
DTXSID0032493,1661,0.0,0.0
DTXSID0032497,1661,0.0,0.0
DTXSID0032520,1661,0.9999999993549348,1.0
DTXSID0032572,1661,0.09321342447709323,0.0
DTXSID0032578,1661,0.9999168399258868,1.0
DTXSID0032601,1661,0.0,0.0
DTXSID0032605,1661,2.113399212547916e-13,0.0
DTXSID0032651,1661,,
DTXSID0032655,1661,0.0,0.0
DTXSID0032811,1661,1.4559499158088476e-07,0.0
DTXSID0032813,1661,0.0,0.0
DTXSID0032869,1661,0.0,0.0
DTXSID0032998,1661,2.3772011619858073e-15,0.0
DTXSID0033047,1661,0.0,0.0
DTXSID0033332,1661,0.0,0.0
DTXSID0033334,1661,0.532937700609948,0.0
DTXSID0033382,1661,0.9995014321671113,1.0
DTXSID0033469,1661,0.0,0.0
DTXSID0033673,1661,,
DTXSID0033754,1661,0.0,0.0
DTXSID0033960,1661,0.9785695871080068,1.0
DTXSID0034192,1661,0.0849932801052067,0.0
DTXSID0034223,1661,0.9999999936238819,1.0
DTXSID0034227,1661,0.0,0.0
DTXSID0034229,1661,2.3352980444061885e-13,0.0
DTXSID0034300,1661,0.0,0.0
DTXSID0034518,1661,,
DTXSID0034566,1661,0.9999995511149251,1.0
DTXSID0034695,1661,0.000578373158927047,0.0
DTXSID0034722,1661,0.0,0.0
DTXSID0034776,1661,0.0,0.0
DTXSID0034803,1661,0.0,0.0
DTXSID0034851,1661,0.0,0.0
DTXSID0034855,1661,8.24773789684228e-11,0.0
DTXSID0034930,1661,6.185883016974477e-17,0.0
DTXSID0034936,1661,1.0711498317472675e-10,0.0
DTXSID0035160,1661,0.0,0.0
DTXSID0035748,1661,0.0,0.0
DTXSID0035790,1661,0.0,0.0
DTXSID0036508,1661,0.551083562428666,0.0
DTXSID0037023,1661,0.0036468158934096213,0.0
DTXSID0037231,1661,0.0,0.0
DTXSID0037237,1661,4.3657165450528914e-05,0.0
DTXSID0037493,1661,0.0,0.0
DTXSID0037495,1661,0.0,0.0
DTXSID0037522,1661,9.278614707107997e-05,0.0
DTXSID0037570,1661,,
DTXSID0037576,1661,,
DTXSID0037730,1661,0.9995403656392101,1.0
DTXSID0037734,1661,0.0029100856769881858,0.0
DTXSID0038700,1661,0.0,0.0
DTXSID0038756,1661,0.0,0.0
DTXSID0038831,1661,0.0,0.0
DTXSID0038839,1661,3.4366010528157976e-06,0.0
DTXSID0038881,1661,0.03075602840425921,0.0
DTXSID0038887,1661,0.0,0.0
DTXSID0039223,1661,1.7360522323302985e-13,0.0
DTXSID0039227,1661,,
DTXSID0040127,1661,0.0,0.0
DTXSID0040208,1661,0.9967478873468227,1.0
DTXSID0040464,1661,8.6024311642672e-12,0.0
DTXSID0040672,1661,0.18342513237315455,0.0
DTXSID0040674,1661,0.0,0.0
DTXSID0040676,1661,0.0,0.0
DTXSID0040678,1661,0.9898211048565532,1.0
DTXSID0040701,1661,0.0,0.0
DTXSID0040703,1661,2.0023511561720527e-06,0.0
DTXSID0040705,1661,0.0,0.0
DTXSID0040707,1661,0.0,0.0
DTXSID0040751,1661,,
DTXSID0040757,1661,0.0,0.0
DTXSID0041141,1661,0.9833678418673262,1.0
DTXSID0041197,1661,9.277325610424639e-11,0.0
DTXSID0041220,1661,0.006917679694571443,0.0
DTXSID0041224,1661,0.0,0.0
DTXSID0041270,1661,6.27025233528257e-10,0.0
DTXSID0041274,1661,0.9999999354776711,1.0
DTXSID0041357,1661,0.966197960368859,1.0
DTXSID0041359,1661,8.575222390077055e-06,0.0
DTXSID0041436,1661,0.0,0.0
DTXSID0041484,1661,0.0,0.0
DTXSID0041513,1661,0.0,0.0
DTXSID0041517,1661,0.0,0.0
DTXSID0041519,1661,0.0,0.0
DTXSID0041567,1661,0.0,0.0
DTXSID0041646,1661,,
DTXSID0041692,1661,0.0,0.0
DTXSID0041698,1661,0.0,0.0
DTXSID0041721,1661,,
DTXSID0041850,1661,0.9605678469391804,1.0
DTXSID0041852,1661,0.0,0.0
DTXSID0041981,1661,0.0,0.0
DTXSID0041983,1661,0.17627509266487132,0.0
DTXSID0041985,1661,0.9999999999994049,1.0
DTXSID0041987,1661,0.0027070857293518768,0.0
DTXSID0042038,1661,9.631802198393572e-13,0.0
DTXSID0042080,1661,,
DTXSID0042084,1661,0.0,0.0
DTXSID0042086,1661,1.8617653412434643e-11,0.0
DTXSID0042117,1661,0.0,0.0
DTXSID0042167,1661,0.0,0.0
DTXSID0042169,1661,,
DTXSID0042242,1661,0.0,0.0
DTXSID0042248,1661,0.6053595185635143,0.0
DTXSID0042325,1661,0.0,0.0
DTXSID0042327,1661,0.0,0.0
DTXSID0042379,1661,6.484505329145822e-11,0.0
DTXSID0042400,1661,0.0,0.0
DTXSID0042406,1661,8.651377588362898e-09,0.0
DTXSID0042454,1661,0.0,0.0
DTXSID0042583,1661,0.0,0.0
DTXSID0042614,1661,0.0,0.0
DTXSID0043761,1661,0.8403474085398135,0.0
DTXSID0043765,1661,2.62455725556543e-07,0.0
DTXSID0043848,1661,0.0,0.0
DTXSID0043892,1661,4.3474825857642255e-14,0.0
DTXSID0043896,1661,0.0,0.0
DTXSID0044107,1661,3.1661278146638834e-14,0.0
DTXSID0044236,1661,7.5485511326759e-12,0.0
DTXSID0044280,1661,0.0,0.0
DTXSID0044313,1661,0.0,0.0
DTXSID0044315,1661,0.0,0.0
DTXSID0044317,1661,0.0,0.0
DTXSID0044361,1661,0.0,0.0
DTXSID0044363,1661,0.0,0.0
DTXSID0044365,1661,,
DTXSID0044367,1661,0.9985217476703883,1.0
DTXSID0044369,1661,0.0,0.0
DTXSID0044440,1661,1.4267419664815133e-08,0.0
DTXSID0044446,1661,6.725137285056929e-07,0.0
DTXSID0044448,1661,,
DTXSID0044490,1661,0.0,0.0
DTXSID0044494,1661,0.0,0.0
DTXSID0044496,1661,0.0,0.0
DTXSID0044498,1661,0.0,0.0
DTXSID0044521,1661,0.0,0.0
DTXSID0044523,1661,0.0,0.0
DTXSID0044525,1661,0.9999999999989222,1.0
DTXSID0044527,1661,,
DTXSID0044571,1661,0.0,0.0
DTXSID0044573,1661,0.0,0.0
DTXSID0044575,1661,0.0,0.0
DTXSID0044577,1661,0.0,0.0
DTXSID0044600,1661,,
DTXSID0044604,1661,0.0,0.0
DTXSID0044606,1661,0.0,0.0
DTXSID0044650,1661,0.0,0.0
DTXSID0044654,1661,0.0,0.0
DTXSID0044656,1661,0.0,0.0
DTXSID0044658,1661,0.9881443261358321,1.0
DTXSID0044731,1661,,
DTXSID0044733,1661,1.5311105095685133e-09,0.0
DTXSID0044735,1661,0.0,0.0
DTXSID0044737,1661,0.0,0.0
DTXSID0044781,1661,0.9921016757166649,1.0
DTXSID0044783,1661,0.0,0.0
DTXSID0044785,1661,0.0,0.0
DTXSID0044787,1661,0.0,0.0
DTXSID0044810,1661,0.0,0.0
DTXSID0044812,1661,0.0,0.0
DTXSID0044816,1661,0.0,0.0
DTXSID0044818,1661,3.3648311390074123e-15,0.0
DTXSID0044860,1661,0.0,0.0
DTXSID0044862,1661,0.0,0.0
DTXSID0044868,1661,0.0,0.0
DTXSID0044941,1661,0.0,0.0
DTXSID0044943,1661,0.0,0.0
DTXSID0044945,1661,0.0,0.0
DTXSID0044947,1661,0.0,0.0
DTXSID0044949,1661,0.0,0.0
DTXSID0044993,1661,6.241924052821952e-09,0.0
DTXSID0044995,1661,0.0,0.0
DTXSID0044997,1661,1.685368149184557e-07,0.0
DTXSID0044999,1661,0.0,0.0
DTXSID0045090,1661,6.264692574822247e-10,0.0
DTXSID0045125,1661,0.9568271460654564,1.0
DTXSID0045127,1661,8.309133881270578e-05,0.0
DTXSID0045171,1661,0.0,0.0
DTXSID0045173,1661,0.0,0.0
DTXSID0045175,1661,2.52012807922162e-12,0.0
DTXSID0045179,1661,0.0,0.0
DTXSID0045202,1661,0.0,0.0
DTXSID0045204,1661,0.9998945681279447,1.0
DTXSID0045206,1661,1.2964569310684987e-10,0.0
DTXSID0045208,1661,0.0,0.0
DTXSID0045252,1661,0.789413649129749,0.0
DTXSID0045254,1661,0.9676074651903189,1.0
DTXSID0045383,1661,0.0,0.0
DTXSID0045389,1661,0.0,0.0
DTXSID0045410,1661,0.0,0.0
DTXSID0045412,1661,0.0,0.0
DTXSID0045416,1661,0.0,0.0
DTXSID0045462,1661,0.0,0.0
DTXSID0045464,1661,0.9659249431145743,1.0
DTXSID0045466,1661,0.0,0.0
DTXSID0045543,1661,8.504081071413982e-13,0.0
DTXSID0045547,1661,0.0,0.0
DTXSID0045591,1661,,
DTXSID0045595,1661,0.0,0.0
DTXSID0045597,1661,,
DTXSID0045624,1661,0.0,0.0
DTXSID0045626,1661,0.0,0.0
DTXSID0045670,1661,0.0,0.0
DTXSID0045674,1661,0.0,0.0
DTXSID0045676,1661,2.391658188940744e-12,0.0
DTXSID0045701,1661,,
DTXSID0045703,1661,1.5722476226992586e-13,0.0
DTXSID0045705,1661,0.0,0.0
DTXSID0045707,1661,0.0,0.0
DTXSID0045709,1661,0.0,0.0
DTXSID0045753,1661,0.0,0.0
DTXSID0045832,1661,0.0,0.0
DTXSID0045836,1661,0.0,0.0
DTXSID0045838,1661,0.0,0.0
DTXSID0045880,1661,1.4162568216851274e-17,0.0
DTXSID0045886,1661,0.0,0.0
DTXSID0045888,1661,0.0,0.0
DTXSID0045963,1661,0.0,0.0
DTXSID0046016,1661,0.0,0.0
DTXSID0046060,1661,1.0740993165354334e-12,0.0
DTXSID0046066,1661,0.0,0.0
DTXSID0046145,1661,0.0,0.0
DTXSID0046147,1661,2.5576497067927076e-06,0.0
DTXSID0046193,1661,0.0,0.0
DTXSID0046195,1661,0.0,0.0
DTXSID0046222,1661,0.0,0.0
DTXSID0046226,1661,0.0,0.0
DTXSID0046270,1661,0.0,0.0
DTXSID0046272,1661,0.9959102961225408,1.0
DTXSID0046274,1661,0.0,0.0
DTXSID0046276,1661,0.0,0.0
DTXSID0046305,1661,2.540441681019093e-09,0.0
DTXSID0046307,1661,0.7314263722143507,0.0
DTXSID0046309,1661,0.8994828209062403,0.0
DTXSID0046351,1661,5.2885939772591984e-17,0.0
DTXSID0046357,1661,0.0,0.0
DTXSID0046430,1661,0.0,0.0
DTXSID0046432,1661,0.0,0.0
DTXSID0046434,1661,0.0,0.0
DTXSID0046480,1661,0.0,0.0
DTXSID0046482,1661,0.0,0.0
DTXSID0046484,1661,0.0,0.0
DTXSID0046486,1661,2.189089698069597e-12,0.0
DTXSID0046488,1661,0.9988547138541598,1.0
DTXSID0046511,1661,0.0,0.0
DTXSID0046513,1661,0.0,0.0
DTXSID0046561,1661,1.2158457604994881e-14,0.0
DTXSID0046563,1661,0.0,0.0
DTXSID0046565,1661,0.0,0.0
DTXSID0046567,1661,0.0,0.0
DTXSID0046569,1661,0.0,0.0
DTXSID0046640,1661,0.0,0.0
DTXSID0046644,1661,0.0,0.0
DTXSID0046648,1661,0.9999790208064905,1.0
DTXSID0046690,1661,5.757548366801481e-10,0.0
DTXSID0046692,1661,0.0,0.0
DTXSID0046696,1661,0.0,0.0
DTXSID0046698,1661,0.0,0.0
DTXSID0046721,1661,2.0494232327920598e-07,0.0
DTXSID0046725,1661,4.508665530019198e-13,0.0
DTXSID0046727,1661,0.0,0.0
DTXSID0046804,1661,0.0,0.0
DTXSID0046850,1661,0.0,0.0
DTXSID0046989,1661,0.0,0.0
DTXSID0047030,1661,0.0,0.0
DTXSID0047032,1661,,
DTXSID0047034,1661,,
DTXSID0047036,1661,0.0022672735378494436,0.0
DTXSID0047038,1661,6.77309261646268e-12,0.0
DTXSID0047080,1661,0.0,0.0
DTXSID0047082,1661,0.0,0.0
DTXSID0047084,1661,0.0,0.0
DTXSID0047086,1661,1.0091456234561665e-07,0.0
DTXSID0047088,1661,3.5356812863331035e-12,0.0
DTXSID0047111,1661,0.9844502852715651,1.0
DTXSID0047113,1661,0.0,0.0
DTXSID0047115,1661,0.0,0.0
DTXSID0047117,1661,0.0,0.0
DTXSID0047161,1661,0.0,0.0
DTXSID0047163,1661,0.0,0.0
DTXSID0047165,1661,0.0,0.0
DTXSID0047167,1661,0.0,0.0
DTXSID0047169,1661,1.863576493046836e-10,0.0
DTXSID0047242,1661,0.9740912991454967,1.0
DTXSID0047244,1661,0.0,0.0
DTXSID0047246,1661,0.931802974206347,1.0
DTXSID0047248,1661,0.5310700312305315,0.0
DTXSID0047290,1661,0.8115718692380637,0.0
DTXSID0047292,1661,0.0,0.0
DTXSID0047294,1661,7.726812142208873e-12,0.0
DTXSID0047296,1661,1.7753952422758362e-08,0.0
DTXSID0047325,1661,0.9798203582804386,1.0
DTXSID0047327,1661,4.291847760573362e-14,0.0
DTXSID0047371,1661,0.9828909930599962,1.0
DTXSID0047375,1661,0.0,0.0
DTXSID0047377,1661,0.9999825383893723,1.0
DTXSID0047379,1661,0.9999935692046114,1.0
DTXSID0047400,1661,2.899129072806288e-06,0.0
DTXSID0047404,1661,0.0,0.0
DTXSID0047406,1661,7.55427403376377e-17,0.0
DTXSID0047408,1661,0.0,0.0
DTXSID0047450,1661,0.0,0.0
DTXSID0047454,1661,0.0,0.0
DTXSID0047456,1661,0.0,0.0
DTXSID0047533,1661,0.0,0.0
DTXSID0047535,1661,0.0,0.0
DTXSID0047537,1661,0.0,0.0
DTXSID0047539,1661,0.0,0.0
DTXSID0047581,1661,0.0,0.0
DTXSID0047585,1661,0.0,0.0
DTXSID0047587,1661,0.0,0.0
DTXSID0047589,1661,0.0,0.0
DTXSID0047610,1661,0.0,0.0
DTXSID0047614,1661,0.0,0.0
DTXSID0047618,1661,0.0,0.0
DTXSID0047660,1661,0.0,0.0
DTXSID0047662,1661,0.0,0.0
DTXSID0047741,1661,2.868693643412955e-16,0.0
DTXSID0047745,1661,0.0,0.0
DTXSID0047749,1661,0.0,0.0
DTXSID0047797,1661,,
DTXSID0047799,1661,0.0,0.0
DTXSID0047822,1661,0.0,0.0
DTXSID0047828,1661,0.0,0.0
DTXSID0047870,1661,0.0,0.0
DTXSID0047872,1661,1.286333426129971e-18,0.0
DTXSID0047874,1661,0.0,0.0
DTXSID0047876,1661,5.792659830548983e-06,0.0
DTXSID0047878,1661,,
DTXSID0047901,1661,0.0,0.0
DTXSID0047903,1661,0.0,0.0
DTXSID0047905,1661,0.0,0.0
DTXSID0047907,1661,3.850525064366318e-14,0.0
DTXSID0047909,1661,0.0,0.0
DTXSID0047951,1661,0.05745007413478434,0.0
DTXSID0047953,1661,0.9999999848605255,1.0
DTXSID0047955,1661,0.9999486255111706,1.0
DTXSID0047957,1661,0.5328494272243545,0.0
DTXSID0047959,1661,0.9999993464144432,1.0
DTXSID0048181,1661,0.0,0.0
DTXSID0048183,1661,0.0,0.0
DTXSID0048185,1661,0.9999652595595471,1.0
DTXSID0048187,1661,0.0,0.0
DTXSID0048189,1661,0.9999999999756322,1.0
DTXSID0048210,1661,0.0,0.0
DTXSID0048505,1661,0.971840806168511,1.0
DTXSID0048507,1661,1.587819043717072e-05,0.0
DTXSID0048509,1661,0.0,0.0
DTXSID0048632,1661,0.9858848118573734,1.0
DTXSID0048636,1661,0.0,0.0
DTXSID0048638,1661,0.0,0.0
DTXSID0048680,1661,0.0,0.0
DTXSID0048684,1661,0.99996181023025,1.0
DTXSID0048686,1661,0.0,0.0
DTXSID0048713,1661,0.0,0.0
DTXSID0048717,1661,0.0,0.0
DTXSID0048840,1661,0.0,0.0
DTXSID0048842,1661,0.892850248519238,0.0
DTXSID0048844,1661,0.0,0.0
DTXSID0048846,1661,0.9742091109746054,1.0
DTXSID0048848,1661,0.0,0.0
DTXSID0048890,1661,0.0,0.0
DTXSID0048892,1661,1.2942625258062087e-08,0.0
DTXSID0048894,1661,0.0,0.0
DTXSID0048896,1661,0.0,0.0
DTXSID0048898,1661,0.0,0.0
DTXSID0048921,1661,0.0,0.0
DTXSID0048927,1661,0.0,0.0
DTXSID0048929,1661,0.0,0.0
DTXSID0048975,1661,0.0,0.0
DTXSID0049022,1661,0.0,0.0
DTXSID0049076,1661,1.3828758653752082e-12,0.0
DTXSID0049078,1661,0.0,0.0
DTXSID0049230,1661,0.0,0.0
DTXSID0049232,1661,0.0,0.0
DTXSID0049234,1661,1.0910458472402182e-10,0.0
DTXSID0049236,1661,2.092249183186227e-09,0.0
DTXSID0049238,1661,0.999999999987356,1.0
DTXSID0049280,1661,3.054115263555039e-12,0.0
DTXSID0049282,1661,9.906215963987397e-10,0.0
DTXSID0049284,1661,1.8098783110345693e-06,0.0
DTXSID0049286,1661,0.0,0.0
DTXSID0049288,1661,0.0,0.0
DTXSID0049311,1661,0.0,0.0
DTXSID0049313,1661,,
DTXSID0049315,1661,6.594879886758963e-10,0.0
DTXSID0049317,1661,0.0,0.0
DTXSID0049319,1661,0.0,0.0
DTXSID0049361,1661,0.0,0.0
DTXSID0049363,1661,7.403965496942095e-17,0.0
DTXSID0049365,1661,0.0,0.0
DTXSID0049367,1661,1.2300616874699502e-12,0.0
DTXSID0049369,1661,0.0,0.0
DTXSID0049446,1661,0.0,0.0
DTXSID0049448,1661,0.0,0.0
DTXSID0049490,1661,0.0,0.0
DTXSID0049492,1661,0.0,0.0
DTXSID0049494,1661,0.0,0.0
DTXSID0049496,1661,7.050948375050867e-13,0.0
DTXSID0049498,1661,0.0,0.0
DTXSID0049521,1661,0.0,0.0
DTXSID0049523,1661,0.0,0.0
DTXSID0049525,1661,0.0,0.0
DTXSID0049527,1661,0.0,0.0
DTXSID0049529,1661,0.0,0.0
DTXSID0050423,1661,0.0,0.0
DTXSID0051447,1661,6.459182655296596e-16,0.0
DTXSID0051493,1661,0.0,0.0
DTXSID0051497,1661,0.0,0.0
DTXSID0051499,1661,0.0,0.0
DTXSID0051570,1661,,
DTXSID0051574,1661,0.0,0.0
DTXSID0051732,1661,4.313958362697777e-07,0.0
DTXSID0051736,1661,0.0,0.0
DTXSID0051738,1661,0.0,0.0
DTXSID0051782,1661,5.444167198909511e-13,0.0
DTXSID0051863,1661,0.0,0.0
DTXSID0051944,1661,0.0,0.0
DTXSID0051996,1661,0.9949176893023353,1.0
DTXSID0052043,1661,0.0,0.0
DTXSID0052124,1661,0.0,0.0
DTXSID0052463,1661,7.328316450356882e-10,0.0
DTXSID0052542,1661,0.0,0.0
DTXSID0052590,1661,0.0,0.0
DTXSID0052594,1661,,
DTXSID0052596,1661,0.0,0.0
DTXSID0052598,1661,0.0,0.0
DTXSID0052621,1661,3.268297057279597e-15,0.0
DTXSID0052629,1661,0.0,0.0
DTXSID0052833,1661,0.0,0.0
DTXSID0052837,1661,0.0,0.0
DTXSID0052839,1661,0.0007435576074917937,0.0
DTXSID0057621,1661,,
DTXSID0057623,1661,0.0,0.0
DTXSID0057625,1661,0.9750027454172155,1.0
DTXSID0057627,1661,5.466861670515555e-05,0.0
DTXSID0057629,1661,,
DTXSID0057671,1661,1.9014861670224957e-05,0.0
DTXSID0057673,1661,0.0,0.0
DTXSID0057677,1661,9.398461744257548e-14,0.0
DTXSID0057679,1661,0.0,0.0
DTXSID0057700,1661,1.6312201891413627e-12,0.0
DTXSID0057702,1661,0.9999998955534285,1.0
DTXSID0057704,1661,,
DTXSID0057706,1661,1.9013968779094726e-13,0.0
DTXSID0057708,1661,0.0,0.0
DTXSID0057750,1661,0.0,0.0
DTXSID0057752,1661,0.0,0.0
DTXSID0057754,1661,0.0,0.0
DTXSID0057756,1661,0.0,0.0
DTXSID0057758,1661,2.1204540571568794e-06,0.0
DTXSID0057831,1661,3.993887898858324e-16,0.0
DTXSID0057833,1661,1.105970359440236e-14,0.0
DTXSID0057835,1661,0.0,0.0
DTXSID0057837,1661,,
DTXSID0057839,1661,0.0,0.0
DTXSID1020015,1661,1.1680673790092466e-07,0.0
DTXSID1020063,1661,0.0,0.0
DTXSID1020069,1661,,
DTXSID1020140,1661,0.0,0.0
DTXSID1020142,1661,0.0,0.0
DTXSID1020144,1661,8.166603763436647e-13,0.0
DTXSID1020146,1661,0.0,0.0
DTXSID1020148,1661,0.0,0.0
DTXSID1020190,1661,1.1177511212774467e-09,0.0
DTXSID1020194,1661,0.0,0.0
DTXSID1020198,1661,0.0,0.0
DTXSID1020221,1661,1.2767041792018107e-12,0.0
DTXSID1020223,1661,0.0,0.0
DTXSID1020275,1661,0.0,0.0
DTXSID1020279,1661,0.0,0.0
DTXSID1020300,1661,0.0,0.0
DTXSID1020306,1661,0.9489767414372817,1.0
DTXSID1020308,1661,0.0,0.0
DTXSID1020350,1661,1.4673953456371812e-08,0.0
DTXSID1020352,1661,0.0,0.0
DTXSID1020354,1661,1.346610908359052e-13,0.0
DTXSID1020358,1661,0.0,0.0
DTXSID1020431,1661,0.0,0.0
DTXSID1020433,1661,0.0015389459552457281,0.0
DTXSID1020437,1661,0.0,0.0
DTXSID1020439,1661,1.852191146389431e-09,0.0
DTXSID1020483,1661,0.0,0.0
DTXSID1020485,1661,0.45075675103981605,0.0
DTXSID1020510,1661,0.9999027131640382,1.0
DTXSID1020512,1661,0.0,0.0
DTXSID1020516,1661,0.0,0.0
DTXSID1020560,1661,0.9793116861007635,1.0
DTXSID1020562,1661,0.0,0.0
DTXSID1020566,1661,8.104123468814227e-13,0.0
DTXSID1020647,1661,0.0,0.0
DTXSID1020697,1661,0.898062510026547,0.0
DTXSID1020699,1661,3.6555850403202125e-06,0.0
DTXSID1020728,1661,0.0,0.0
DTXSID1020770,1661,0.9999729789305706,1.0
DTXSID1020778,1661,0.0,0.0
DTXSID1020803,1661,0.0,0.0
DTXSID1020805,1661,0.0,0.0
DTXSID1020807,1661,0.682319592176553,0.0
DTXSID1020809,1661,0.0,0.0
DTXSID1020855,1661,2.4094115617169897e-09,0.0
DTXSID1020857,1661,0.0,0.0
DTXSID1020859,1661,0.0,0.0
DTXSID1020930,1661,0.0,0.0
DTXSID1020932,1661,0.0,0.0
DTXSID1020980,1661,1.3658694323749151e-12,0.0
DTXSID1020982,1661,0.015852987509478396,0.0
DTXSID1020984,1661,,
DTXSID1021031,1661,0.9999999987895059,1.0
DTXSID1021039,1661,0.0,0.0
DTXSID1021081,1661,4.2625894943950667e-13,0.0
DTXSID1021087,1661,0.0,0.0
DTXSID1021089,1661,7.522291574235982e-12,0.0
DTXSID1021114,1661,0.9964874611461736,1.0
DTXSID1021116,1661,4.217063689705768e-06,0.0
DTXSID1021118,1661,,
DTXSID1021160,1661,2.4651709687782627e-12,0.0
DTXSID1021162,1661,0.0,0.0
DTXSID1021164,1661,3.797565180421492e-05,0.0
DTXSID1021166,1661,8.848652029639678e-09,0.0
DTXSID1021168,1661,2.5995481121802067e-08,0.0
DTXSID1021241,1661,0.0,0.0
DTXSID1021243,1661,0.9999999979310719,1.0
DTXSID1021247,1661,0.9998456905850617,1.0
DTXSID1021291,1661,0.0,0.0
DTXSID1021299,1661,0.9792126673059233,1.0
DTXSID1021320,1661,0.9766218904525323,1.0
DTXSID1021322,1661,1.0,1.0
DTXSID1021328,1661,4.715328703499785e-13,0.0
DTXSID1021372,1661,,
DTXSID1021374,1661,0.0,0.0
DTXSID1021378,1661,0.0,0.0
DTXSID1021403,1661,0.0,0.0
DTXSID1021405,1661,0.00017316668702565462,0.0
DTXSID1021409,1661,1.0,1.0
DTXSID1021455,1661,0.0,0.0
DTXSID1021530,1661,0.0,0.0
DTXSID1021584,1661,0.0,0.0
DTXSID1021586,1661,0.0,0.0
DTXSID1021615,1661,0.0,0.0
DTXSID1021617,1661,0.8443606143419928,0.0
DTXSID1021619,1661,3.670239753683504e-13,0.0
DTXSID1021665,1661,0.0,0.0
DTXSID1021667,1661,0.9999998703655705,1.0
DTXSID1021740,1661,,
DTXSID1021744,1661,0.0,0.0
DTXSID1021790,1661,0.0,0.0
DTXSID1021792,1661,0.0,0.0
DTXSID1021798,1661,0.0,0.0
DTXSID1021821,1661,0.0,0.0
DTXSID1021823,1661,1.355723708687796e-15,0.0
DTXSID1021827,1661,0.0,0.0
DTXSID1021871,1661,2.082525837803381e-15,0.0
DTXSID1021873,1661,0.0,0.0
DTXSID1021877,1661,0.0,0.0
DTXSID1021879,1661,0.0,0.0
DTXSID1021902,1661,1.1220529285659943e-12,0.0
DTXSID1021904,1661,0.0,0.0
DTXSID1021952,1661,0.006084750338329354,0.0
DTXSID1021956,1661,6.533637411934561e-08,0.0
DTXSID1021958,1661,0.0,0.0
DTXSID1022001,1661,0.0,0.0
DTXSID1022003,1661,0.0,0.0
DTXSID1022007,1661,0.0,0.0
DTXSID1022009,1661,,
DTXSID1022051,1661,0.0,0.0
DTXSID1022053,1661,0.9999644613305029,1.0
DTXSID1022055,1661,0.0,0.0
DTXSID1022057,1661,0.0,0.0
DTXSID1022130,1661,0.0,0.0
DTXSID1022138,1661,2.954964682376219e-14,0.0
DTXSID1022180,1661,0.0,0.0
DTXSID1022186,1661,0.0,0.0
DTXSID1022188,1661,0.0,0.0
DTXSID1022217,1661,0.0,0.0
DTXSID1022265,1661,0.049314972916273514,0.0
DTXSID1022267,1661,7.217706640128756e-08,0.0
DTXSID1022394,1661,,
DTXSID1022396,1661,,
DTXSID1022421,1661,0.0,0.0
DTXSID1022425,1661,,
DTXSID1022479,1661,0.0,0.0
DTXSID1022508,1661,0.9935420227630255,1.0
DTXSID1022556,1661,0.0,0.0
DTXSID1022558,1661,0.0,0.0
DTXSID1022635,1661,0.9999961599391062,1.0
DTXSID1022681,1661,0.0,0.0
DTXSID1022683,1661,0.8941109339104728,0.0
DTXSID1022718,1661,0.0,0.0
DTXSID1022764,1661,0.0,0.0
DTXSID1022843,1661,0.9822164885585405,1.0
DTXSID1022897,1661,1.4185710396074743e-09,0.0
DTXSID1022926,1661,3.3115394229933444e-06,0.0
DTXSID1022974,1661,0.12158715280021348,0.0
DTXSID1022978,1661,0.0,0.0
DTXSID1023021,1661,0.0,0.0
DTXSID1023071,1661,0.0,0.0
DTXSID1023102,1661,1.1025113099492026e-13,0.0
DTXSID1023150,1661,0.0,0.0
DTXSID1023158,1661,0.0,0.0
DTXSID1023231,1661,2.1148442260739674e-10,0.0
DTXSID1023235,1661,0.0,0.0
DTXSID1023239,1661,0.0,0.0
DTXSID1023283,1661,0.0,0.0
DTXSID1023314,1661,0.0,0.0
DTXSID1023362,1661,0.0,0.0
DTXSID1023364,1661,0.0,0.0
DTXSID1023368,1661,0.0,0.0
DTXSID1023441,1661,0.9119574912241378,1.0
DTXSID1023495,1661,0.0,0.0
DTXSID1023497,1661,0.0,0.0
DTXSID1023572,1661,0.0,0.0
DTXSID1023603,1661,0.0,0.0
DTXSID1023605,1661,0.0,0.0
DTXSID1023607,1661,,
DTXSID1023609,1661,0.0,0.0
DTXSID1023730,1661,0.0,0.0
DTXSID1023736,1661,8.340376715104641e-13,0.0
DTXSID1023786,1661,1.1136766012739597e-10,0.0
DTXSID1023815,1661,0.0,0.0
DTXSID1023817,1661,2.68617999135974e-06,0.0
DTXSID1023819,1661,0.0,0.0
DTXSID1023869,1661,4.27133424109158e-07,0.0
DTXSID1023990,1661,1.408923801509873e-07,0.0
DTXSID1023996,1661,0.0,0.0
DTXSID1023998,1661,0.432423265144745,0.0
DTXSID1024045,1661,3.1002289474304694e-10,0.0
DTXSID1024049,1661,,
DTXSID1024091,1661,8.257611135783132e-14,0.0
DTXSID1024097,1661,0.0,0.0
DTXSID1024124,1661,0.0,0.0
DTXSID1024126,1661,0.5889311256951638,0.0
DTXSID1024128,1661,0.0,0.0
DTXSID1024170,1661,0.0,0.0
DTXSID1024174,1661,6.821406403962966e-15,0.0
DTXSID1024176,1661,1.2836113633384432e-14,0.0
DTXSID1024209,1661,0.999695019442228,1.0
DTXSID1024255,1661,,
DTXSID1024259,1661,0.8837728068497737,0.0
DTXSID1024334,1661,0.07519636275551349,0.0
DTXSID1024338,1661,0.0,0.0
DTXSID1024413,1661,0.0,0.0
DTXSID1024463,1661,0.0,0.0
DTXSID1024465,1661,6.110937650835135e-08,0.0
DTXSID1024467,1661,,
DTXSID1024598,1661,,
DTXSID1024621,1661,0.0,0.0
DTXSID1024625,1661,,
DTXSID1024629,1661,,
DTXSID1024702,1661,,
DTXSID1024704,1661,0.0,0.0
DTXSID1024831,1661,,
DTXSID1024835,1661,3.9117598275762926e-09,0.0
DTXSID1024837,1661,0.0,0.0
DTXSID1024881,1661,0.0,0.0
DTXSID1024885,1661,0.0005817050597488791,0.0
DTXSID1024887,1661,0.0,0.0
DTXSID1024912,1661,0.0,0.0
DTXSID1024916,1661,0.0,0.0
DTXSID1024918,1661,0.0,0.0
DTXSID1024966,1661,0.0,0.0
DTXSID1025013,1661,0.0,0.0
DTXSID1025017,1661,7.380485652322996e-13,0.0
DTXSID1025063,1661,0.0,0.0
DTXSID1025065,1661,0.9999999999959375,1.0
DTXSID1025148,1661,0.0030548375570188524,0.0
DTXSID1025221,1661,0.0,0.0
DTXSID1025271,1661,0.0,0.0
DTXSID1025279,1661,0.001071406560129321,0.0
DTXSID1025300,1661,4.910144483350144e-11,0.0
DTXSID1025302,1661,0.0,0.0
DTXSID1025304,1661,0.0,0.0
DTXSID1025306,1661,0.0,0.0
DTXSID1025308,1661,0.0,0.0
DTXSID1025431,1661,0.0,0.0
DTXSID1025433,1661,0.0,0.0
DTXSID1025437,1661,1.781999535966093e-11,0.0
DTXSID1025481,1661,0.0,0.0
DTXSID1025483,1661,0.0,0.0
DTXSID1025485,1661,0.9983478703987577,1.0
DTXSID1025512,1661,0.9999999999846563,1.0
DTXSID1025560,1661,0.0,0.0
DTXSID1025641,1661,0.0,0.0
DTXSID1025649,1661,,
DTXSID1025693,1661,0.0,0.0
DTXSID1025722,1661,,
DTXSID1025724,1661,0.0,0.0
DTXSID1025726,1661,0.0,0.0
DTXSID1025770,1661,0.0,0.0
DTXSID1025774,1661,0.0,0.0
DTXSID1025776,1661,1.486213007426538e-07,0.0
DTXSID1025805,1661,0.9999999035756187,1.0
DTXSID1025807,1661,,
DTXSID1025809,1661,0.0,0.0
DTXSID1025851,1661,0.0,0.0
DTXSID1025857,1661,0.9999999750936414,1.0
DTXSID1025930,1661,0.9999389004871749,1.0
DTXSID1025934,1661,0.0,0.0
DTXSID1026031,1661,1.0723917407325505e-13,0.0
DTXSID1026033,1661,0.0,0.0
DTXSID1026035,1661,0.9547928743940582,1.0
DTXSID1026081,1661,0.9043752001603579,1.0
DTXSID1026083,1661,0.0,0.0
DTXSID1026089,1661,4.408391726652571e-08,0.0
DTXSID1026112,1661,6.368269973565101e-10,0.0
DTXSID1026118,1661,0.0,0.0
DTXSID1026164,1661,0.0,0.0
DTXSID1026241,1661,0.0,0.0
DTXSID1026293,1661,0.0,0.0
DTXSID1026457,1661,0.0,0.0
DTXSID1026536,1661,0.0,0.0
DTXSID1026615,1661,1.546725632913063e-17,0.0
DTXSID1026619,1661,,
DTXSID1026661,1661,0.0,0.0
DTXSID1026665,1661,0.0,0.0
DTXSID1026667,1661,0.0,0.0
DTXSID1026740,1661,0.0,0.0
DTXSID1026792,1661,0.0,0.0
DTXSID1026796,1661,0.0,0.0
DTXSID1026879,1661,0.0,0.0
DTXSID1026900,1661,0.9817901670271189,1.0
DTXSID1026902,1661,0.999968894648549,1.0
DTXSID1026904,1661,0.0,0.0
DTXSID1026906,1661,0.0,0.0
DTXSID1026908,1661,0.0,0.0
DTXSID1026954,1661,,
DTXSID1027007,1661,7.437705076394637e-07,0.0
DTXSID1027134,1661,0.4537694218112584,0.0
DTXSID1027184,1661,0.0,0.0
DTXSID1027186,1661,0.0,0.0
DTXSID1027188,1661,0.0,0.0
DTXSID1027211,1661,0.0,0.0
DTXSID1027219,1661,0.0,0.0
DTXSID1027263,1661,0.007390681190713568,0.0
DTXSID1027265,1661,,
DTXSID1027267,1661,0.0,0.0
DTXSID1027269,1661,0.0,0.0
DTXSID1027342,1661,0.0,0.0
DTXSID1027344,1661,8.80759476582676e-14,0.0
DTXSID1027346,1661,0.0003561358471694968,0.0
DTXSID1027390,1661,4.3134494862050565e-09,0.0
DTXSID1027394,1661,,
DTXSID1027425,1661,3.036049449191857e-10,0.0
DTXSID1027427,1661,0.0,0.0
DTXSID1027429,1661,0.0,0.0
DTXSID1027471,1661,,
DTXSID1027479,1661,,
DTXSID1027500,1661,0.0,0.0
DTXSID1027502,1661,0.0,0.0
DTXSID1027504,1661,0.0,0.0
DTXSID1027506,1661,3.034744440976411e-08,0.0
DTXSID1027550,1661,0.0,0.0
DTXSID1027556,1661,0.0,0.0
DTXSID1027558,1661,3.153768926237531e-09,0.0
DTXSID1027633,1661,0.0,0.0
DTXSID1027635,1661,0.0,0.0
DTXSID1027639,1661,0.0,0.0
DTXSID1027714,1661,0.9997875454095535,1.0
DTXSID1027716,1661,0.0,0.0
DTXSID1027764,1661,,
DTXSID1027768,1661,0.0,0.0
DTXSID1027841,1661,1.34691731150468e-10,0.0
DTXSID1027891,1661,0.0,0.0
DTXSID1027899,1661,,
DTXSID1027920,1661,0.0,0.0
DTXSID1027924,1661,0.0,0.0
DTXSID1027926,1661,0.9996931291628729,1.0
DTXSID1027928,1661,0.0,0.0
DTXSID1027970,1661,,
DTXSID1027974,1661,0.0,0.0
DTXSID1027978,1661,0.0,0.0
DTXSID1029120,1661,,
DTXSID1029122,1661,1.6924841623143007e-10,0.0
DTXSID1029124,1661,0.0,0.0
DTXSID1029128,1661,2.027553075473e-18,0.0
DTXSID1029170,1661,0.0,0.0
DTXSID1029201,1661,0.0,0.0
DTXSID1029203,1661,0.00020990412379681873,0.0
DTXSID1029207,1661,,
DTXSID1029251,1661,,
DTXSID1029255,1661,0.0,0.0
DTXSID1029338,1661,0.0,0.0
DTXSID1029629,1661,0.0,0.0
DTXSID1029671,1661,0.0,0.0
DTXSID1029677,1661,,
DTXSID1029679,1661,6.448917666808028e-12,0.0
DTXSID1029889,1661,6.686650554465725e-07,0.0
DTXSID1029910,1661,0.0,0.0
DTXSID1030317,1661,1.0458734880782773e-10,0.0
DTXSID1030319,1661,0.023275195401321815,0.0
DTXSID1030604,1661,0.0,0.0
DTXSID1030606,1661,1.217275129801406e-13,0.0
DTXSID1031460,1661,0.0,0.0
DTXSID1031462,1661,0.0,0.0
DTXSID1031591,1661,3.1910782407814655e-05,0.0
DTXSID1031626,1661,1.748178210278982e-16,0.0
DTXSID1032278,1661,0.0019640685952170534,0.0
DTXSID1032303,1661,3.6471416276295437e-10,0.0
DTXSID1032305,1661,0.0,0.0
DTXSID1032309,1661,0.0,0.0
DTXSID1032355,1661,0.0,0.0
DTXSID1032359,1661,0.0,0.0
DTXSID1032482,1661,0.0,0.0
DTXSID1032484,1661,0.002071839944244795,0.0
DTXSID1032488,1661,6.415263736758439e-07,0.0
DTXSID1032511,1661,0.0,0.0
DTXSID1032513,1661,0.0,0.0
DTXSID1032519,1661,0.0,0.0
DTXSID1032569,1661,0.0,0.0
DTXSID1032640,1661,0.0,0.0
DTXSID1032642,1661,0.0,0.0
DTXSID1032646,1661,4.2152560408766366e-13,0.0
DTXSID1032648,1661,0.025708601787599997,0.0
DTXSID1032690,1661,0.003371649311899709,0.0
DTXSID1033161,1661,5.109181899781398e-11,0.0
DTXSID1033163,1661,,
DTXSID1033371,1661,0.0,0.0
DTXSID1033402,1661,0.0,0.0
DTXSID1033539,1661,0.0,0.0
DTXSID1033664,1661,0.9241721206732777,1.0
DTXSID1033876,1661,1.3303339051721726e-16,0.0
DTXSID1034181,1661,0.97803796402298,1.0
DTXSID1034187,1661,0.9998116732042055,1.0
DTXSID1034210,1661,0.9996958423028178,1.0
DTXSID1034212,1661,0.0,0.0
DTXSID1034260,1661,4.657773879758748e-10,0.0
DTXSID1034501,1661,0.4981671151782216,0.0
DTXSID1034503,1661,6.087585111471946e-14,0.0
DTXSID1034634,1661,0.07216332739179263,0.0
DTXSID1034769,1661,0.0,0.0
DTXSID1034844,1661,0.0,0.0
DTXSID1034929,1661,0.0,0.0
DTXSID1034973,1661,0.0,0.0
DTXSID1035286,1661,0.0,0.0
DTXSID1035288,1661,6.258175768450725e-07,0.0
DTXSID1035783,1661,3.625295462218138e-05,0.0
DTXSID1036541,1661,0.9328127281158765,1.0
DTXSID1036545,1661,0.9587812017547327,1.0
DTXSID1037197,1661,0.0,0.0
DTXSID1037224,1661,2.885516911931109e-07,0.0
DTXSID1037272,1661,0.0,0.0
DTXSID1037303,1661,4.783200677128598e-14,0.0
DTXSID1037511,1661,3.305332943235453e-10,0.0
DTXSID1037515,1661,0.0007460254512733633,0.0
DTXSID1037565,1661,0.00013780673402274656,0.0
DTXSID1037567,1661,,
DTXSID1037696,1661,0.0,0.0
DTXSID1037806,1661,0.0,0.0
DTXSID1038298,1661,,
DTXSID1038321,1661,3.5892941457502574e-16,0.0
DTXSID1038666,1661,0.8875732295684522,0.0
DTXSID1038743,1661,,
DTXSID1038795,1661,0.0,0.0
DTXSID1038822,1661,6.149666311985539e-12,0.0
DTXSID1038824,1661,,
DTXSID1038876,1661,,
DTXSID1039719,1661,0.0,0.0
DTXSID1040110,1661,,
DTXSID1040112,1661,0.0,0.0
DTXSID1040114,1661,0.0,0.0
DTXSID1040164,1661,0.0,0.0
DTXSID1040243,1661,0.009545053136203876,0.0
DTXSID1040245,1661,0.0,0.0
DTXSID1040295,1661,0.0,0.0
DTXSID1040320,1661,0.8595506746856771,0.0
DTXSID1040324,1661,0.0,0.0
DTXSID1040326,1661,0.9999999874984941,1.0
DTXSID1040372,1661,0.0032805058849002654,0.0
DTXSID1040611,1661,0.978089084121164,1.0
DTXSID1040619,1661,0.9989789453286348,1.0
DTXSID1040661,1661,6.279943730651086e-14,0.0
DTXSID1040740,1661,0.9717083339916419,1.0
DTXSID1040742,1661,0.0,0.0
DTXSID1040792,1661,0.0,0.0
DTXSID1040794,1661,2.382895774703751e-12,0.0
DTXSID1041132,1661,0.0,0.0
DTXSID1041180,1661,0.0,0.0
DTXSID1041184,1661,0.0,0.0
DTXSID1041188,1661,0.9999999871679875,1.0
DTXSID1041217,1661,0.0,0.0
DTXSID1041261,1661,0.0,0.0
DTXSID1041263,1661,0.0,0.0
DTXSID1041265,1661,0.0,0.0
DTXSID1041267,1661,0.0,0.0
DTXSID1041269,1661,1.29253996574428e-10,0.0
DTXSID1041346,1661,0.0,0.0
DTXSID1041396,1661,0.0,0.0
DTXSID1041421,1661,0.0,0.0
DTXSID1041423,1661,0.0,0.0
DTXSID1041425,1661,1.4738619516614577e-12,0.0
DTXSID1041502,1661,0.9770442495725669,1.0
DTXSID1041506,1661,4.1372092202417254e-10,0.0
DTXSID1041508,1661,0.0,0.0
DTXSID1041550,1661,0.0,0.0
DTXSID1041639,1661,1.997112283024311e-17,0.0
DTXSID1041681,1661,0.9995040448114345,1.0
DTXSID1041683,1661,0.2280260018683821,0.0
DTXSID1041847,1661,0.0,0.0
DTXSID1041891,1661,0.0,0.0
DTXSID1041897,1661,1.0,1.0
DTXSID1041920,1661,0.0,0.0
DTXSID1041970,1661,1.0522599944105746e-11,0.0
DTXSID1041978,1661,0.009116525467090662,0.0
DTXSID1042077,1661,,
DTXSID1042154,1661,0.999968141000632,1.0
DTXSID1042281,1661,0.0,0.0
DTXSID1042285,1661,0.0,0.0
DTXSID1042360,1661,,
DTXSID1042364,1661,0.0,0.0
DTXSID1042441,1661,0.0,0.0
DTXSID1042443,1661,4.498814554946674e-10,0.0
DTXSID1042445,1661,0.0,0.0
DTXSID1042491,1661,0.0,0.0
DTXSID1042499,1661,0.9999999999969583,1.0
DTXSID1042570,1661,0.9995595735594456,1.0
DTXSID1042574,1661,3.27479284310159e-15,0.0
DTXSID1043839,1661,0.0,0.0
DTXSID1043881,1661,2.6515448712372836e-09,0.0
DTXSID1043910,1661,0.0,0.0
DTXSID1044196,1661,3.9276833158670417e-07,0.0
DTXSID1044198,1661,0.0,0.0
DTXSID1044221,1661,0.0,0.0
DTXSID1044223,1661,0.6175855163505004,0.0
DTXSID1044227,1661,2.201029640746704e-10,0.0
DTXSID1044352,1661,3.962146149327336e-15,0.0
DTXSID1044354,1661,0.0,0.0
DTXSID1044356,1661,0.0,0.0
DTXSID1044431,1661,0.0,0.0
DTXSID1044433,1661,0.0,0.0
DTXSID1044435,1661,0.0,0.0
DTXSID1044437,1661,0.0,0.0
DTXSID1044439,1661,,
DTXSID1044481,1661,0.9992955634309272,1.0
DTXSID1044485,1661,8.825390243704477e-07,0.0
DTXSID1044487,1661,0.9999997905934536,1.0
DTXSID1044489,1661,0.0008221355812079183,0.0
DTXSID1044514,1661,,
DTXSID1044518,1661,4.86073946167483e-08,0.0
DTXSID1044560,1661,0.9999303632173363,1.0
DTXSID1044564,1661,0.0,0.0
DTXSID1044568,1661,1.6066947386535307e-11,0.0
DTXSID1044643,1661,0.0,0.0
DTXSID1044645,1661,,
DTXSID1044647,1661,0.0,0.0
DTXSID1044691,1661,,
DTXSID1044693,1661,0.0,0.0
DTXSID1044697,1661,0.0,0.0
DTXSID1044720,1661,0.0,0.0
DTXSID1044722,1661,0.0,0.0
DTXSID1044724,1661,0.0,0.0
DTXSID1044728,1661,0.0,0.0
DTXSID1044770,1661,0.0,0.0
DTXSID1044772,1661,1.188571743687349e-17,0.0
DTXSID1044774,1661,0.0,0.0
DTXSID1044776,1661,0.9920903547379546,1.0
DTXSID1044801,1661,0.9999583635573456,1.0
DTXSID1044805,1661,3.873222814269681e-09,0.0
DTXSID1044807,1661,0.0,0.0
DTXSID1044809,1661,0.0,0.0
DTXSID1044851,1661,0.984575244318911,1.0
DTXSID1044853,1661,1.9329100101248335e-09,0.0
DTXSID1044857,1661,0.0,0.0
DTXSID1044859,1661,0.0,0.0
DTXSID1044930,1661,0.0,0.0
DTXSID1044932,1661,0.0,0.0
DTXSID1044934,1661,0.0,0.0
DTXSID1044936,1661,0.9999986727711259,1.0
DTXSID1044938,1661,1.7995924972048982e-12,0.0
DTXSID1044980,1661,6.224676246042012e-14,0.0
DTXSID1044982,1661,0.0,0.0
DTXSID1044986,1661,0.0,0.0
DTXSID1045081,1661,0.0,0.0
DTXSID1045083,1661,4.973473964688866e-06,0.0
DTXSID1045085,1661,0.9685287127788323,1.0
DTXSID1045089,1661,0.0,0.0
DTXSID1045116,1661,0.005067892291622389,0.0
DTXSID1045118,1661,1.9087081975799994e-18,0.0
DTXSID1045162,1661,0.0,0.0
DTXSID1045164,1661,0.0,0.0
DTXSID1045166,1661,0.0,0.0
DTXSID1045245,1661,,
DTXSID1045291,1661,0.9999381961336731,1.0
DTXSID1045293,1661,6.280020298384011e-17,0.0
DTXSID1045297,1661,0.0006421508766405679,0.0
DTXSID1045320,1661,0.0,0.0
DTXSID1045324,1661,0.0,0.0
DTXSID1045326,1661,0.9966605878267197,1.0
DTXSID1045328,1661,0.0,0.0
DTXSID1045370,1661,3.310244256150643e-08,0.0
DTXSID1045372,1661,1.72188736123432e-11,0.0
DTXSID1045376,1661,0.0,0.0
DTXSID1045405,1661,0.9987433195385913,1.0
DTXSID1045407,1661,0.0,0.0
DTXSID1045409,1661,7.310830353523516e-10,0.0
DTXSID1045459,1661,0.0,0.0
DTXSID1045530,1661,0.0,0.0
DTXSID1045534,1661,0.0,0.0
DTXSID1045536,1661,0.0,0.0
DTXSID1045538,1661,2.2478116401959461e-10,0.0
DTXSID1045580,1661,0.0,0.0
DTXSID1045584,1661,1.509191663021642e-05,0.0
DTXSID1045588,1661,0.0,0.0
DTXSID1045611,1661,6.164817971116608e-17,0.0
DTXSID1045615,1661,0.0,0.0
DTXSID1045619,1661,,
DTXSID1045661,1661,2.676550707233725e-05,0.0
DTXSID1045663,1661,0.006105133859539146,0.0
DTXSID1045669,1661,3.3646855608906207e-10,0.0
DTXSID1045742,1661,,
DTXSID1045744,1661,8.253763728360943e-05,0.0
DTXSID1045746,1661,0.0,0.0
DTXSID1045748,1661,0.0,0.0
DTXSID1045790,1661,0.0,0.0
DTXSID1045792,1661,0.017215137837742346,0.0
DTXSID1045794,1661,0.0,0.0
DTXSID1045798,1661,0.00018642734767605382,0.0
DTXSID1045825,1661,0.0,0.0
DTXSID1045871,1661,0.0,0.0
DTXSID1045879,1661,1.085973163845323e-12,0.0
DTXSID1045906,1661,0.0,0.0
DTXSID1045952,1661,0.8889891225190181,0.0
DTXSID1045958,1661,0.0,0.0
DTXSID1046003,1661,0.0,0.0
DTXSID1046007,1661,0.0,0.0
DTXSID1046051,1661,0.0,0.0
DTXSID1046130,1661,0.0,0.0
DTXSID1046132,1661,0.0,0.0
DTXSID1046134,1661,0.15238960737801466,0.0
DTXSID1046136,1661,0.0,0.0
DTXSID1046180,1661,0.011345810309496546,0.0
DTXSID1046188,1661,0.0,0.0
DTXSID1046215,1661,0.0,0.0
DTXSID1046263,1661,0.0,0.0
DTXSID1046267,1661,0.0,0.0
DTXSID1046344,1661,0.0,0.0
DTXSID1046348,1661,2.4005229885993826e-14,0.0
DTXSID1046390,1661,,
DTXSID1046392,1661,,
DTXSID1046394,1661,5.598881598634933e-11,0.0
DTXSID1046396,1661,0.0,0.0
DTXSID1046398,1661,0.10434987205249908,0.0
DTXSID1046421,1661,0.0,0.0
DTXSID1046423,1661,9.352400047075334e-16,0.0
DTXSID1046425,1661,0.0,0.0
DTXSID1046427,1661,0.9671552304491959,1.0
DTXSID1046429,1661,0.9950784443374419,1.0
DTXSID1046475,1661,2.009021390649464e-13,0.0
DTXSID1046502,1661,0.0,0.0
DTXSID1046504,1661,4.3414701306137217e-13,0.0
DTXSID1046506,1661,0.0,0.0
DTXSID1046550,1661,,
DTXSID1046558,1661,0.0,0.0
DTXSID1046631,1661,0.0,0.0
DTXSID1046633,1661,0.9943735932060418,1.0
DTXSID1046639,1661,0.0,0.0
DTXSID1046681,1661,0.0,0.0
DTXSID1046685,1661,2.5157847572009637e-15,0.0
DTXSID1046687,1661,,
DTXSID1046689,1661,0.0,0.0
DTXSID1046714,1661,,
DTXSID1046768,1661,0.005043985127363638,0.0
DTXSID1046847,1661,0.2178509473991324,0.0
DTXSID1046891,1661,0.0,0.0
DTXSID1046922,1661,0.03343165316844103,0.0
DTXSID1046970,1661,0.9993058000518489,1.0
DTXSID1046974,1661,0.003406848979964631,0.0
DTXSID1046976,1661,0.0,0.0
DTXSID1046978,1661,1.3674919862628377e-13,0.0
DTXSID1047027,1661,0.0,0.0
DTXSID1047029,1661,0.0,0.0
DTXSID1047071,1661,0.0,0.0
DTXSID1047075,1661,8.007146831461612e-17,0.0
DTXSID1047102,1661,0.9955163819173569,1.0
DTXSID1047104,1661,0.0,0.0
DTXSID1047106,1661,0.0,0.0
DTXSID1047108,1661,0.0,0.0
DTXSID1047150,1661,,
DTXSID1047152,1661,0.0,0.0
DTXSID1047156,1661,2.4376462444985798e-11,0.0
DTXSID1047158,1661,0.0,0.0
DTXSID1047239,1661,9.69262315592793e-08,0.0
DTXSID1047281,1661,3.577021359362392e-05,0.0
DTXSID1047283,1661,0.2593638557793026,0.0
DTXSID1047285,1661,0.0,0.0
DTXSID1047287,1661,0.0,0.0
DTXSID1047289,1661,0.0,0.0
DTXSID1047310,1661,0.0,0.0
DTXSID1047312,1661,7.563291098001225e-06,0.0
DTXSID1047316,1661,6.734589221734583e-12,0.0
DTXSID1047318,1661,,
DTXSID1047360,1661,6.917137007876127e-18,0.0
DTXSID1047362,1661,7.520427418131678e-17,0.0
DTXSID1047364,1661,0.0,0.0
DTXSID1047366,1661,0.9910684217625876,1.0
DTXSID1047368,1661,0.0,0.0
DTXSID1047443,1661,0.0,0.0
DTXSID1047447,1661,0.0,0.0
DTXSID1047491,1661,0.0,0.0
DTXSID1047493,1661,0.0,0.0
DTXSID1047497,1661,0.0,0.0
DTXSID1047520,1661,0.0,0.0
DTXSID1047524,1661,0.0,0.0
DTXSID1047526,1661,0.0,0.0
DTXSID1047528,1661,,
DTXSID1047570,1661,0.0,0.0
DTXSID1047574,1661,0.0,0.0
DTXSID1047576,1661,0.0,0.0
DTXSID1047578,1661,0.0,0.0
DTXSID1047601,1661,0.0,0.0
DTXSID1047603,1661,0.0,0.0
DTXSID1047605,1661,,
DTXSID1047607,1661,0.0,0.0
DTXSID1047609,1661,0.0,0.0
DTXSID1047651,1661,2.6697354195816367e-13,0.0
DTXSID1047655,1661,1.6072551885997118e-12,0.0
DTXSID1047657,1661,0.0,0.0
DTXSID1047659,1661,0.0,0.0
DTXSID1047730,1661,0.9458735777277679,1.0
DTXSID1047780,1661,0.0,0.0
DTXSID1047782,1661,0.0,0.0
DTXSID1047784,1661,0.0,0.0
DTXSID1047786,1661,0.0,0.0
DTXSID1047788,1661,0.0,0.0
DTXSID1047811,1661,0.0,0.0
DTXSID1047813,1661,0.0,0.0
DTXSID1047815,1661,0.0,0.0
DTXSID1047817,1661,,
DTXSID1047819,1661,0.9910708872949034,1.0
DTXSID1047869,1661,0.0,0.0
DTXSID1047940,1661,1.6535122942556903e-09,0.0
DTXSID1047942,1661,2.771426470942785e-16,0.0
DTXSID1047944,1661,0.9999999713285538,1.0
DTXSID1047946,1661,0.9139879928657925,1.0
DTXSID1047948,1661,0.00026391825193406435,0.0
DTXSID1048122,1661,0.9938792539605701,1.0
DTXSID1048170,1661,0.8389946166107648,0.0
DTXSID1048172,1661,0.00105014986620979,0.0
DTXSID1048174,1661,0.9997834811222125,1.0
DTXSID1048176,1661,2.4382611221277115e-05,0.0
DTXSID1048178,1661,0.0002228717171467004,0.0
DTXSID1048201,1661,1.4140626041219759e-10,0.0
DTXSID1048203,1661,2.5852486893538635e-14,0.0
DTXSID1048207,1661,0.0,0.0
DTXSID1048209,1661,0.0,0.0
DTXSID1048590,1661,0.0,0.0
DTXSID1048592,1661,0.0,0.0
DTXSID1048596,1661,0.5350123970940949,0.0
DTXSID1048598,1661,0.0,0.0
DTXSID1048623,1661,0.0,0.0
DTXSID1048627,1661,0.0,0.0
DTXSID1048671,1661,0.046041945322165614,0.0
DTXSID1048679,1661,0.0,0.0
DTXSID1048704,1661,0.0,0.0
DTXSID1048706,1661,0.0,0.0
DTXSID1048831,1661,0.0,0.0
DTXSID1048833,1661,0.0,0.0
DTXSID1048835,1661,2.924927858260563e-16,0.0
DTXSID1048837,1661,0.0,0.0
DTXSID1048839,1661,0.023943855004460553,0.0
DTXSID1048883,1661,2.03139988572814e-06,0.0
DTXSID1048910,1661,2.7724194247250247e-12,0.0
DTXSID1048912,1661,8.11428487166449e-09,0.0
DTXSID1048914,1661,0.0,0.0
DTXSID1048916,1661,0.0,0.0
DTXSID1048918,1661,0.0,0.0
DTXSID1048960,1661,0.0,0.0
DTXSID1049015,1661,0.18653689843495916,0.0
DTXSID1049065,1661,0.9943553631435581,1.0
DTXSID1049067,1661,0.0,0.0
DTXSID1049069,1661,0.0,0.0
DTXSID1049221,1661,,
DTXSID1049223,1661,,
DTXSID1049225,1661,,
DTXSID1049227,1661,0.0,0.0
DTXSID1049229,1661,0.9999999994834157,1.0
DTXSID1049271,1661,,
DTXSID1049273,1661,0.7963275248619573,0.0
DTXSID1049275,1661,0.0,0.0
DTXSID1049277,1661,0.0,0.0
DTXSID1049279,1661,0.0,0.0
DTXSID1049300,1661,0.0,0.0
DTXSID1049302,1661,1.4519391587491078e-12,0.0
DTXSID1049304,1661,0.9999999638793017,1.0
DTXSID1049306,1661,0.0,0.0
DTXSID1049308,1661,0.0,0.0
DTXSID1049350,1661,0.0,0.0
DTXSID1049352,1661,0.9999999964370414,1.0
DTXSID1049354,1661,,
DTXSID1049356,1661,0.0,0.0
DTXSID1049358,1661,0.0,0.0
DTXSID1049431,1661,,
DTXSID1049433,1661,0.0,0.0
DTXSID1049481,1661,0.0,0.0
DTXSID1049483,1661,0.0,0.0
DTXSID1049485,1661,0.0,0.0
DTXSID1049487,1661,0.0,0.0
DTXSID1049489,1661,3.672674374773289e-18,0.0
DTXSID1049510,1661,0.0,0.0
DTXSID1049512,1661,0.0005030816425475271,0.0
DTXSID1049514,1661,6.906898676117464e-08,0.0
DTXSID1049516,1661,0.0,0.0
DTXSID1049518,1661,0.0,0.0
DTXSID1049560,1661,7.497936313857988e-09,0.0
DTXSID1049562,1661,0.0,0.0
DTXSID1049697,1661,6.782192803609745e-05,0.0
DTXSID1051690,1661,0.0,0.0
DTXSID1051771,1661,0.0,0.0
DTXSID1051779,1661,0.0,0.0
DTXSID1051808,1661,0.9999999992119448,1.0
DTXSID1051850,1661,0.0,0.0
DTXSID1051856,1661,0.0,0.0
DTXSID1051939,1661,0.9981195334897167,1.0
DTXSID1052294,1661,0.0,0.0
DTXSID1052298,1661,0.0,0.0
DTXSID1052539,1661,0.0,0.0
DTXSID1052585,1661,1.470007985340111e-16,0.0
DTXSID1052587,1661,0.0,0.0
DTXSID1052610,1661,0.0,0.0
DTXSID1057610,1661,0.0007633309531158492,0.0
DTXSID1057612,1661,3.932012823022917e-10,0.0
DTXSID1057614,1661,0.0,0.0
DTXSID1057616,1661,0.0,0.0
DTXSID1057618,1661,0.0,0.0
DTXSID1057660,1661,1.3551563912962527e-08,0.0
DTXSID1057662,1661,0.7782708328995173,0.0
DTXSID1057664,1661,0.0,0.0
DTXSID1057666,1661,0.0,0.0
DTXSID1057668,1661,,
DTXSID1057741,1661,,
DTXSID1057743,1661,1.2551353813657162e-14,0.0
DTXSID1057745,1661,,
DTXSID1057747,1661,6.98871074280721e-15,0.0
DTXSID1057749,1661,0.9961744299563172,1.0
DTXSID1057791,1661,0.0,0.0
DTXSID1057793,1661,0.0,0.0
DTXSID1057795,1661,0.0,0.0
DTXSID1057797,1661,,
DTXSID1057799,1661,0.0,0.0
DTXSID1057820,1661,0.0,0.0
DTXSID1057822,1661,0.0,0.0
DTXSID1057824,1661,0.0,0.0
DTXSID1057826,1661,0.0,0.0
DTXSID1057828,1661,0.9996547676564397,1.0
DTXSID2020006,1661,1.7695702382619233e-14,0.0
DTXSID2020054,1661,0.9445039093760457,1.0
DTXSID2020058,1661,0.7832827165631918,0.0
DTXSID2020131,1661,0.0,0.0
DTXSID2020137,1661,0.0,0.0
DTXSID2020139,1661,,
DTXSID2020181,1661,1.104085017274735e-07,0.0
DTXSID2020189,1661,0.858525273099599,0.0
DTXSID2020210,1661,0.0,0.0
DTXSID2020212,1661,1.9181910104758e-10,0.0
DTXSID2020216,1661,3.0387855780356265e-15,0.0
DTXSID2020260,1661,0.0,0.0
DTXSID2020262,1661,0.0,0.0
DTXSID2020266,1661,0.9999849393408755,1.0
DTXSID2020268,1661,0.0,0.0
DTXSID2020341,1661,0.0,0.0
DTXSID2020345,1661,0.9999999999939708,1.0
DTXSID2020347,1661,0.04411918837810958,0.0
DTXSID2020349,1661,0.0,0.0
DTXSID2020391,1661,0.0,0.0
DTXSID2020399,1661,,
DTXSID2020420,1661,1.7632751106802288e-10,0.0
DTXSID2020424,1661,5.022530305448422e-06,0.0
DTXSID2020426,1661,0.8219192061523707,0.0
DTXSID2020428,1661,0.0,0.0
DTXSID2020470,1661,0.9952669114919084,1.0
DTXSID2020474,1661,6.448974496089186e-06,0.0
DTXSID2020478,1661,0.0,0.0
DTXSID2020501,1661,0.043683728920314725,0.0
DTXSID2020505,1661,0.0,0.0
DTXSID2020507,1661,0.0,0.0
DTXSID2020509,1661,0.0,0.0
DTXSID2020557,1661,6.418317761175839e-09,0.0
DTXSID2020634,1661,0.004177558216507423,0.0
DTXSID2020636,1661,0.9999999999229001,1.0
DTXSID2020680,1661,0.0,0.0
DTXSID2020682,1661,0.0,0.0
DTXSID2020684,1661,8.77686156898909e-12,0.0
DTXSID2020686,1661,6.915210443731873e-11,0.0
DTXSID2020688,1661,0.9886700728412555,1.0
DTXSID2020713,1661,1.8645740751693453e-09,0.0
DTXSID2020717,1661,,
DTXSID2020761,1661,,
DTXSID2020767,1661,0.0,0.0
DTXSID2020844,1661,0.0,0.0
DTXSID2020846,1661,0.636587747422685,0.0
DTXSID2020890,1661,0.0,0.0
DTXSID2020892,1661,0.0,0.0
DTXSID2020894,1661,0.031643318992795,0.0
DTXSID2020898,1661,0.016693843438379683,0.0
DTXSID2020921,1661,0.0,0.0
DTXSID2020923,1661,7.132642601539013e-07,0.0
DTXSID2020927,1661,0.0,0.0
DTXSID2020929,1661,4.4600756850428615e-17,0.0
DTXSID2020971,1661,0.0,0.0
DTXSID2020977,1661,0.0,0.0
DTXSID2021022,1661,1.2451573160842353e-07,0.0
DTXSID2021026,1661,0.0,0.0
DTXSID2021028,1661,0.0,0.0
DTXSID2021070,1661,0.0,0.0
DTXSID2021103,1661,0.0,0.0
DTXSID2021105,1661,2.08735550225385e-12,0.0
DTXSID2021151,1661,3.826421891490347e-15,0.0
DTXSID2021159,1661,,
DTXSID2021232,1661,1.1415214538817004e-11,0.0
DTXSID2021234,1661,1.7394755488630862e-14,0.0
DTXSID2021236,1661,2.272232037566738e-06,0.0
DTXSID2021238,1661,6.08734798383871e-14,0.0
DTXSID2021282,1661,5.892847190336327e-17,0.0
DTXSID2021284,1661,0.0,0.0
DTXSID2021286,1661,0.0,0.0
DTXSID2021288,1661,0.0,0.0
DTXSID2021311,1661,1.1127763688775245e-09,0.0
DTXSID2021315,1661,0.0,0.0
DTXSID2021317,1661,0.0,0.0
DTXSID2021319,1661,0.0,0.0
DTXSID2021363,1661,,
DTXSID2021365,1661,,
DTXSID2021367,1661,0.9979858931565576,1.0
DTXSID2021440,1661,0.0,0.0
DTXSID2021442,1661,0.0,0.0
DTXSID2021446,1661,9.91729853495689e-13,0.0
DTXSID2021448,1661,0.0,0.0
DTXSID2021492,1661,0.0,0.0
DTXSID2021496,1661,0.0,0.0
DTXSID2021498,1661,0.0,0.0
DTXSID2021575,1661,0.0,0.0
DTXSID2021577,1661,0.9999999955184535,1.0
DTXSID2021600,1661,0.0,0.0
DTXSID2021602,1661,0.0,0.0
DTXSID2021604,1661,5.287628195163669e-12,0.0
DTXSID2021608,1661,,
DTXSID2021650,1661,0.0,0.0
DTXSID2021652,1661,1.4604744407102967e-07,0.0
DTXSID2021654,1661,4.024935357816947e-14,0.0
DTXSID2021656,1661,0.0,0.0
DTXSID2021658,1661,2.245140278276665e-09,0.0
DTXSID2021731,1661,0.0,0.0
DTXSID2021735,1661,0.0,0.0
DTXSID2021739,1661,0.0,0.0
DTXSID2021781,1661,4.9676698626309375e-11,0.0
DTXSID2021789,1661,0.0,0.0
DTXSID2021810,1661,0.0,0.0
DTXSID2021816,1661,0.0,0.0
DTXSID2021818,1661,0.0,0.0
DTXSID2021860,1661,1.3285950058524521e-11,0.0
DTXSID2021864,1661,0.0,0.0
DTXSID2021866,1661,,
DTXSID2021868,1661,0.0,0.0
DTXSID2021941,1661,8.439305794600171e-14,0.0
DTXSID2021943,1661,0.0,0.0
DTXSID2021947,1661,0.0,0.0
DTXSID2021949,1661,0.0,0.0
DTXSID2021993,1661,1.0695080172154616e-08,0.0
DTXSID2021995,1661,0.0,0.0
DTXSID2021997,1661,0.0,0.0
DTXSID2022048,1661,,
DTXSID2022090,1661,6.116759937929051e-09,0.0
DTXSID2022096,1661,0.0,0.0
DTXSID2022121,1661,3.278778144465249e-08,0.0
DTXSID2022123,1661,3.86390769567601e-08,0.0
DTXSID2022125,1661,0.0,0.0
DTXSID2022127,1661,0.0,0.0
DTXSID2022171,1661,0.0,0.0
DTXSID2022179,1661,0.0,0.0
DTXSID2022254,1661,0.0,0.0
DTXSID2022256,1661,2.5668245768122466e-05,0.0
DTXSID2022331,1661,0.0,0.0
DTXSID2022333,1661,0.01299020690214649,0.0
DTXSID2022381,1661,0.6381546784347889,0.0
DTXSID2022462,1661,,
DTXSID2022541,1661,0.2201507939492071,0.0
DTXSID2022543,1661,0.0,0.0
DTXSID2022549,1661,0.0,0.0
DTXSID2022593,1661,,
DTXSID2022595,1661,,
DTXSID2022628,1661,,
DTXSID2022674,1661,7.324342647822965e-11,0.0
DTXSID2022676,1661,0.0,0.0
DTXSID2022678,1661,0.024845506694489258,0.0
DTXSID2022707,1661,0.6171496630170232,0.0
DTXSID2022753,1661,0.0,0.0
DTXSID2022880,1661,0.9997785138802774,1.0
DTXSID2022886,1661,0.0,0.0
DTXSID2022888,1661,0.0,0.0
DTXSID2022967,1661,6.888667777425795e-13,0.0
DTXSID2023010,1661,0.0,0.0
DTXSID2023016,1661,3.6094860265269598e-06,0.0
DTXSID2023064,1661,0.0,0.0
DTXSID2023068,1661,0.667665262420781,0.0
DTXSID2023143,1661,0.0,0.0
DTXSID2023193,1661,0.0,0.0
DTXSID2023195,1661,0.0,0.0
DTXSID2023222,1661,0.0,0.0
DTXSID2023224,1661,0.9999670430342273,1.0
DTXSID2023270,1661,0.0,0.0
DTXSID2023276,1661,7.014477079150161e-10,0.0
DTXSID2023307,1661,0.0,0.0
DTXSID2023309,1661,1.075945879046325e-18,0.0
DTXSID2023353,1661,2.4946029800467867e-07,0.0
DTXSID2023430,1661,0.0,0.0
DTXSID2023434,1661,5.378076837899734e-06,0.0
DTXSID2023480,1661,0.0,0.0
DTXSID2023488,1661,0.0,0.0
DTXSID2023519,1661,0.0,0.0
DTXSID2023569,1661,0.0,0.0
DTXSID2023640,1661,2.751350191788549e-06,0.0
DTXSID2023642,1661,0.9991416037084925,1.0
DTXSID2023690,1661,0.0,0.0
DTXSID2023723,1661,5.313405154381852e-11,0.0
DTXSID2023725,1661,2.7358213700000345e-11,0.0
DTXSID2023727,1661,0.0,0.0
DTXSID2023771,1661,0.0,0.0
DTXSID2023775,1661,1.0104196184972677e-09,0.0
DTXSID2023937,1661,3.1142469375727003e-10,0.0
DTXSID2024030,1661,2.641595142898196e-12,0.0
DTXSID2024038,1661,0.0,0.0
DTXSID2024086,1661,,
DTXSID2024113,1661,6.771495031818491e-12,0.0
DTXSID2024163,1661,0.0,0.0
DTXSID2024242,1661,2.865165951193979e-12,0.0
DTXSID2024246,1661,1.7715479899676955e-08,0.0
DTXSID2024452,1661,0.0,0.0
DTXSID2024454,1661,0.0,0.0
DTXSID2024458,1661,,
DTXSID2024585,1661,,
DTXSID2024589,1661,0.0,0.0
DTXSID2024616,1661,0.9994357016441691,1.0
DTXSID2024660,1661,0.0,0.0
DTXSID2024662,1661,0.0,0.0
DTXSID2024664,1661,1.304273256392539e-10,0.0
DTXSID2024666,1661,5.658689921200856e-09,0.0
DTXSID2024747,1661,0.0,0.0
DTXSID2024791,1661,0.0,0.0
DTXSID2024793,1661,0.0,0.0
DTXSID2024797,1661,3.865775327191404e-10,0.0
DTXSID2024799,1661,0.0,0.0
DTXSID2024822,1661,0.0,0.0
DTXSID2024824,1661,0.2186973515209048,0.0
DTXSID2024878,1661,0.0,0.0
DTXSID2024953,1661,0.0,0.0
DTXSID2024955,1661,0.0,0.0
DTXSID2025004,1661,0.0,0.0
DTXSID2025006,1661,0.03557067818348289,0.0
DTXSID2025050,1661,0.0,0.0
DTXSID2025058,1661,0.9562371908258114,1.0
DTXSID2025133,1661,0.0005122372122838281,0.0
DTXSID2025135,1661,0.018270575363888687,0.0
DTXSID2025137,1661,0.0,0.0
DTXSID2025139,1661,0.9999945904458821,1.0
DTXSID2025183,1661,,
DTXSID2025185,1661,0.0,0.0
DTXSID2025210,1661,,
DTXSID2025216,1661,0.0,0.0
DTXSID2025264,1661,,
DTXSID2025345,1661,0.0,0.0
DTXSID2025347,1661,9.560277013100948e-07,0.0
DTXSID2025391,1661,0.0,0.0
DTXSID2025395,1661,0.0,0.0
DTXSID2025422,1661,0.0,0.0
DTXSID2025424,1661,0.0,0.0
DTXSID2025474,1661,0.0,0.0
DTXSID2025478,1661,0.0,0.0
DTXSID2025501,1661,0.0,0.0
DTXSID2025503,1661,0.0,0.0
DTXSID2025505,1661,4.887408707041213e-11,0.0
DTXSID2025551,1661,0.0,0.0
DTXSID2025557,1661,0.0,0.0
DTXSID2025632,1661,0.0,0.0
DTXSID2025634,1661,0.0,0.0
DTXSID2025680,1661,0.0,0.0
DTXSID2025688,1661,4.303512544934904e-09,0.0
DTXSID2025715,1661,0.9953990171637876,1.0
DTXSID2025761,1661,0.0,0.0
DTXSID2025763,1661,0.0,0.0
DTXSID2025765,1661,0.00031557261037779255,0.0
DTXSID2025840,1661,0.0,0.0
DTXSID2025842,1661,0.9999999999766239,1.0
DTXSID2025846,1661,0.0,0.0
DTXSID2025892,1661,0.002720364606147234,0.0
DTXSID2025896,1661,0.0,0.0
DTXSID2025925,1661,1.1129024466966644e-13,0.0
DTXSID2025975,1661,,
DTXSID2025977,1661,,
DTXSID2026022,1661,0.0,0.0
DTXSID2026074,1661,7.464677879335334e-11,0.0
DTXSID2026076,1661,0.20308335521986193,0.0
DTXSID2026101,1661,0.9996841459183076,1.0
DTXSID2026107,1661,0.999997453491853,1.0
DTXSID2026151,1661,4.507371972685619e-05,0.0
DTXSID2026157,1661,0.0,0.0
DTXSID2026232,1661,0.8748260127738064,0.0
DTXSID2026238,1661,0.0,0.0
DTXSID2026444,1661,5.7469631974413044e-15,0.0
DTXSID2026446,1661,1.1408071326122166e-05,0.0
DTXSID2026448,1661,0.0,0.0
DTXSID2026494,1661,1.6153210467826468e-07,0.0
DTXSID2026496,1661,0.0,0.0
DTXSID2026523,1661,0.0,0.0
DTXSID2026525,1661,5.846629551182381e-15,0.0
DTXSID2026527,1661,0.0,0.0
DTXSID2026529,1661,7.270064353188187e-10,0.0
DTXSID2026573,1661,0.9999852940209542,1.0
DTXSID2026600,1661,,
DTXSID2026602,1661,0.9876076153464274,1.0
DTXSID2026606,1661,0.0,0.0
DTXSID2026608,1661,1.1356247520898149e-10,0.0
DTXSID2026652,1661,0.0,0.0
DTXSID2026739,1661,0.0,0.0
DTXSID2026781,1661,0.0,0.0
DTXSID2026783,1661,0.0,0.0
DTXSID2026789,1661,0.0,0.0
DTXSID2026864,1661,0.0,0.0
DTXSID2026941,1661,0.0,0.0
DTXSID2026943,1661,0.0,0.0
DTXSID2026991,1661,2.7582939602705444e-15,0.0
DTXSID2026997,1661,0.0,0.0
DTXSID2027044,1661,0.0,0.0
DTXSID2027048,1661,0.0,0.0
DTXSID2027092,1661,0.0,0.0
DTXSID2027094,1661,0.0,0.0
DTXSID2027096,1661,0.0,0.0
DTXSID2027098,1661,0.0,0.0
DTXSID2027175,1661,0.0,0.0
DTXSID2027200,1661,0.0,0.0
DTXSID2027204,1661,0.001732847681036608,0.0
DTXSID2027206,1661,0.0,0.0
DTXSID2027254,1661,0.0,0.0
DTXSID2027258,1661,0.0,0.0
DTXSID2027333,1661,0.0,0.0
DTXSID2027412,1661,6.144435047227579e-11,0.0
DTXSID2027414,1661,0.0,0.0
DTXSID2027416,1661,0.0,0.0
DTXSID2027418,1661,,
DTXSID2027462,1661,0.0,0.0
DTXSID2027466,1661,0.0,0.0
DTXSID2027543,1661,0.0,0.0
DTXSID2027591,1661,3.992451321476991e-15,0.0
DTXSID2027593,1661,0.0,0.0
DTXSID2027595,1661,,
DTXSID2027599,1661,0.9914534053853012,1.0
DTXSID2027620,1661,0.0,0.0
DTXSID2027624,1661,0.0,0.0
DTXSID2027759,1661,0.0,0.0
DTXSID2027830,1661,0.0,0.0
DTXSID2027832,1661,1.0615071326536396e-10,0.0
DTXSID2027834,1661,0.0,0.0
DTXSID2027884,1661,0.0,0.0
DTXSID2027886,1661,0.0,0.0
DTXSID2027963,1661,0.0,0.0
DTXSID2028010,1661,0.0,0.0
DTXSID2028016,1661,0.0,0.0
DTXSID2028723,1661,0.0,0.0
DTXSID2028985,1661,0.0,0.0
DTXSID2029117,1661,,
DTXSID2029167,1661,1.3045192905742806e-07,0.0
DTXSID2029169,1661,0.0,0.0
DTXSID2029240,1661,0.0,0.0
DTXSID2029242,1661,0.0,0.0
DTXSID2029244,1661,0.0,0.0
DTXSID2029246,1661,0.0,0.0
DTXSID2029290,1661,0.0,0.0
DTXSID2029298,1661,0.0,0.0
DTXSID2029325,1661,1.3452066204825015e-14,0.0
DTXSID2029327,1661,0.0,0.0
DTXSID2029329,1661,1.711951734488698e-14,0.0
DTXSID2029612,1661,1.4296666448466895e-17,0.0
DTXSID2029616,1661,0.0,0.0
DTXSID2029662,1661,0.9997560938440238,1.0
DTXSID2029668,1661,0.0,0.0
DTXSID2029874,1661,0.7258353315519978,0.0
DTXSID2030695,1661,,
DTXSID2030857,1661,0.0,0.0
DTXSID2031089,1661,0.0,0.0
DTXSID2031374,1661,0.0,0.0
DTXSID2031532,1661,0.0,0.0
DTXSID2031956,1661,6.244798184089442e-13,0.0
DTXSID2032005,1661,0.9999992349007714,1.0
DTXSID2032180,1661,7.080593471878007e-16,0.0
DTXSID2032342,1661,0.9999851148023221,1.0
DTXSID2032344,1661,1.949562019048541e-11,0.0
DTXSID2032348,1661,0.9983454240084944,1.0
DTXSID2032390,1661,0.9928312676149621,1.0
DTXSID2032392,1661,0.0,0.0
DTXSID2032398,1661,0.7540012285505874,0.0
DTXSID2032421,1661,2.0240051432602192e-12,0.0
DTXSID2032500,1661,0.9717445746241489,1.0
DTXSID2032550,1661,0.9450203605462674,1.0
DTXSID2032552,1661,0.003763858903602141,0.0
DTXSID2032554,1661,0.0,0.0
DTXSID2032556,1661,0.0,0.0
DTXSID2032558,1661,0.9999753295509413,1.0
DTXSID2032631,1661,9.798395220378873e-07,0.0
DTXSID2032637,1661,0.0,0.0
DTXSID2032639,1661,7.444615711404322e-12,0.0
DTXSID2032683,1661,0.0,0.0
DTXSID2032891,1661,9.291246013584059e-13,0.0
DTXSID2033281,1661,0.9999999999999274,1.0
DTXSID2033314,1661,0.9999999763531269,1.0
DTXSID2033445,1661,0.0,0.0
DTXSID2033447,1661,0.0,0.0
DTXSID2033493,1661,0.0,0.0
DTXSID2033736,1661,0.9996619640341271,1.0
DTXSID2033863,1661,0.0,0.0
DTXSID2034091,1661,0.0,0.0
DTXSID2034095,1661,0.30565891322737127,0.0
DTXSID2034255,1661,0.0,0.0
DTXSID2034259,1661,0.9937301541785487,1.0
DTXSID2034338,1661,0.0,0.0
DTXSID2034382,1661,0.0,0.0
DTXSID2034465,1661,6.065605784969425e-16,0.0
DTXSID2034540,1661,0.0,0.0
DTXSID2034542,1661,0.0,0.0
DTXSID2034590,1661,0.9881763063634479,1.0
DTXSID2034598,1661,0.0,0.0
DTXSID2034625,1661,0.9999999972425345,1.0
DTXSID2034627,1661,0.0,0.0
DTXSID2034673,1661,0.0,0.0
DTXSID2034700,1661,0.0,0.0
DTXSID2034833,1661,0.0,0.0
DTXSID2034881,1661,0.0,0.0
DTXSID2034885,1661,0.016210983497488656,0.0
DTXSID2034962,1661,0.0,0.0
DTXSID2034968,1661,0.0,0.0
DTXSID2035013,1661,0.0,0.0
DTXSID2035481,1661,,
DTXSID2036112,1661,0.9965764684313145,1.0
DTXSID2036299,1661,0.0,0.0
DTXSID2036588,1661,0.9871517021146436,1.0
DTXSID2036827,1661,,
DTXSID2037502,1661,0.9927230986930841,1.0
DTXSID2037508,1661,0.0,0.0
DTXSID2037712,1661,0.1913260324183779,0.0
DTXSID2037714,1661,0.0,0.0
DTXSID2038732,1661,2.1661970896902734e-14,0.0
DTXSID2038788,1661,0.0,0.0
DTXSID2038813,1661,0.0,0.0
DTXSID2039336,1661,0.5862113975584198,0.0
DTXSID2040151,1661,0.0,0.0
DTXSID2040234,1661,2.015313818640653e-11,0.0
DTXSID2040236,1661,0.0,0.0
DTXSID2040284,1661,2.9703067175858207e-15,0.0
DTXSID2040361,1661,0.0,0.0
DTXSID2040363,1661,0.9869721042433686,1.0
DTXSID2040608,1661,0.0,0.0
DTXSID2040652,1661,1.35722387930308e-07,0.0
DTXSID2040656,1661,0.0,0.0
DTXSID2040731,1661,0.0,0.0
DTXSID2040733,1661,0.9999999999999999,1.0
DTXSID2040735,1661,0.0,0.0
DTXSID2040739,1661,0.0,0.0
DTXSID2040787,1661,0.9751166679412347,1.0
DTXSID2041125,1661,4.7430244427427086e-08,0.0
DTXSID2041200,1661,0.0,0.0
DTXSID2041206,1661,,
DTXSID2041208,1661,1.1281075015744972e-08,0.0
DTXSID2041250,1661,0.904591625474853,1.0
DTXSID2041252,1661,0.000862157101356212,0.0
DTXSID2041256,1661,0.0,0.0
DTXSID2041389,1661,,
DTXSID2041412,1661,0.0,0.0
DTXSID2041416,1661,0.0,0.0
DTXSID2041418,1661,0.0,0.0
DTXSID2041460,1661,9.456743695643464e-10,0.0
DTXSID2041464,1661,0.0,0.0
DTXSID2041468,1661,1.948223365381089e-10,0.0
DTXSID2041541,1661,0.0,0.0
DTXSID2041545,1661,0.0,0.0
DTXSID2041547,1661,0.0,0.0
DTXSID2041622,1661,0.9593517318930623,1.0
DTXSID2041626,1661,0.0,0.0
DTXSID2041672,1661,0.0,0.0
DTXSID2041674,1661,0.0,0.0
DTXSID2041703,1661,8.221438436381432e-10,0.0
DTXSID2041709,1661,0.0,0.0
DTXSID2041759,1661,0.9999405028524155,1.0
DTXSID2041880,1661,0.0,0.0
DTXSID2041884,1661,,
DTXSID2041886,1661,4.208768021714503e-15,0.0
DTXSID2041913,1661,0.02146539855749935,0.0
DTXSID2041917,1661,4.774909306390221e-12,0.0
DTXSID2042014,1661,0.0,0.0
DTXSID2042060,1661,6.262764881468933e-08,0.0
DTXSID2042062,1661,0.0,0.0
DTXSID2042143,1661,0.0,0.0
DTXSID2042145,1661,0.0,0.0
DTXSID2042149,1661,3.254498550391354e-10,0.0
DTXSID2042191,1661,0.005661822258398614,0.0
DTXSID2042195,1661,0.0,0.0
DTXSID2042199,1661,1.0120694852890156e-07,0.0
DTXSID2042220,1661,6.778167613190951e-05,0.0
DTXSID2042276,1661,0.0,0.0
DTXSID2042436,1661,5.166867151424468e-09,0.0
DTXSID2042517,1661,0.0,0.0
DTXSID2043747,1661,0.0,0.0
DTXSID2043874,1661,0.0,0.0
DTXSID2043903,1661,0.0,0.0
DTXSID2044000,1661,0.5958566434453763,0.0
DTXSID2044002,1661,5.48051331602258e-10,0.0
DTXSID2044131,1661,0.0,0.0
DTXSID2044137,1661,0.0,0.0
DTXSID2044210,1661,0.0,0.0
DTXSID2044218,1661,1.318397166463176e-08,0.0
DTXSID2044266,1661,1.129721465811237e-15,0.0
DTXSID2044268,1661,8.037347394071578e-09,0.0
DTXSID2044347,1661,0.0,0.0
DTXSID2044391,1661,0.0,0.0
DTXSID2044393,1661,9.30856129283409e-05,0.0
DTXSID2044395,1661,1.511713289468503e-05,0.0
DTXSID2044397,1661,0.0,0.0
DTXSID2044399,1661,0.0,0.0
DTXSID2044420,1661,1.2083878087655351e-05,0.0
DTXSID2044422,1661,0.0,0.0
DTXSID2044424,1661,0.0,0.0
DTXSID2044428,1661,0.0,0.0
DTXSID2044470,1661,0.0,0.0
DTXSID2044472,1661,0.0,0.0
DTXSID2044476,1661,0.0,0.0
DTXSID2044503,1661,,
DTXSID2044507,1661,0.9978878310811053,1.0
DTXSID2044509,1661,0.0,0.0
DTXSID2044553,1661,,
DTXSID2044559,1661,5.176012224076632e-13,0.0
DTXSID2044632,1661,0.0,0.0
DTXSID2044638,1661,0.0,0.0
DTXSID2044680,1661,0.0,0.0
DTXSID2044682,1661,0.0,0.0
DTXSID2044684,1661,0.0,0.0
DTXSID2044686,1661,0.0,0.0
DTXSID2044713,1661,1.326073935823452e-10,0.0
DTXSID2044715,1661,0.016265725307875872,0.0
DTXSID2044717,1661,0.9952031547337721,1.0
DTXSID2044719,1661,2.801806137219214e-14,0.0
DTXSID2044763,1661,,
DTXSID2044765,1661,0.0,0.0
DTXSID2044767,1661,0.0,0.0
DTXSID2044769,1661,0.0,0.0
DTXSID2044840,1661,0.0,0.0
DTXSID2044842,1661,0.0016374708105941931,0.0
DTXSID2044844,1661,0.0,0.0
DTXSID2044846,1661,0.10467648647588032,0.0
DTXSID2044848,1661,5.69697379480691e-10,0.0
DTXSID2044890,1661,1.5485647764216762e-11,0.0
DTXSID2044892,1661,0.0,0.0
DTXSID2044894,1661,0.0,0.0
DTXSID2044896,1661,1.2029130213437092e-13,0.0
DTXSID2044898,1661,0.0,0.0
DTXSID2044921,1661,0.0,0.0
DTXSID2044923,1661,1.274501048951919e-05,0.0
DTXSID2044925,1661,0.0,0.0
DTXSID2044927,1661,,
DTXSID2044929,1661,1.5860563054676058e-09,0.0
DTXSID2044971,1661,0.0,0.0
DTXSID2044973,1661,1.0375132646314062e-13,0.0
DTXSID2044975,1661,0.0,0.0
DTXSID2044979,1661,0.0,0.0
DTXSID2045072,1661,0.0,0.0
DTXSID2045076,1661,0.9477367418732523,1.0
DTXSID2045105,1661,1.3017085646690861e-05,0.0
DTXSID2045107,1661,0.0,0.0
DTXSID2045151,1661,0.0,0.0
DTXSID2045153,1661,,
DTXSID2045157,1661,4.1077574661416575e-10,0.0
DTXSID2045232,1661,0.0,0.0
DTXSID2045238,1661,0.0,0.0
DTXSID2045280,1661,0.0,0.0
DTXSID2045315,1661,1.9098222613738753e-06,0.0
DTXSID2045361,1661,0.0,0.0
DTXSID2045365,1661,0.0,0.0
DTXSID2045440,1661,0.0,0.0
DTXSID2045444,1661,0.0,0.0
DTXSID2045448,1661,0.32672605918470415,0.0
DTXSID2045490,1661,0.40007733111783417,0.0
DTXSID2045492,1661,0.0,0.0
DTXSID2045496,1661,4.105161686171729e-12,0.0
DTXSID2045521,1661,0.0,0.0
DTXSID2045523,1661,0.0,0.0
DTXSID2045527,1661,0.0,0.0
DTXSID2045575,1661,0.0,0.0
DTXSID2045600,1661,0.0,0.0
DTXSID2045652,1661,,
DTXSID2045654,1661,0.0,0.0
DTXSID2045656,1661,9.032969154711888e-14,0.0
DTXSID2045735,1661,2.0109693239838341e-10,0.0
DTXSID2045781,1661,0.0,0.0
DTXSID2045783,1661,2.073226409133893e-18,0.0
DTXSID2045810,1661,1.820758846911513e-18,0.0
DTXSID2045812,1661,0.0,0.0
DTXSID2045860,1661,0.9895073484465365,1.0
DTXSID2045862,1661,0.0,0.0
DTXSID2045864,1661,0.0,0.0
DTXSID2045868,1661,0.0,0.0
DTXSID2045941,1661,0.0,0.0
DTXSID2045943,1661,0.9813822418386193,1.0
DTXSID2045945,1661,5.5778654929780615e-05,0.0
DTXSID2045993,1661,0.0,0.0
DTXSID2046042,1661,0.0,0.0
DTXSID2046090,1661,0.0,0.0
DTXSID2046092,1661,0.0,0.0
DTXSID2046094,1661,0.0,0.0
DTXSID2046096,1661,0.0,0.0
DTXSID2046123,1661,0.0,0.0
DTXSID2046127,1661,0.0,0.0
DTXSID2046179,1661,0.0,0.0
DTXSID2046200,1661,0.0,0.0
DTXSID2046383,1661,0.0,0.0
DTXSID2046385,1661,0.0,0.0
DTXSID2046389,1661,0.0,0.0
DTXSID2046410,1661,0.0,0.0
DTXSID2046412,1661,0.0,0.0
DTXSID2046414,1661,0.0,0.0
DTXSID2046418,1661,1.2707969123808116e-10,0.0
DTXSID2046460,1661,0.0,0.0
DTXSID2046464,1661,0.0,0.0
DTXSID2046468,1661,0.4327655217273717,0.0
DTXSID2046541,1661,2.936020276472112e-12,0.0
DTXSID2046543,1661,,
DTXSID2046545,1661,0.9999137305758193,1.0
DTXSID2046591,1661,0.9999856366237042,1.0
DTXSID2046599,1661,0.0,0.0
DTXSID2046628,1661,2.615429305408115e-14,0.0
DTXSID2046670,1661,0.0,0.0
DTXSID2046678,1661,4.8318862296462277e-14,0.0
DTXSID2046705,1661,0.0,0.0
DTXSID2046755,1661,,
DTXSID2046882,1661,0.0,0.0
DTXSID2046888,1661,5.011968248020922e-12,0.0
DTXSID2046911,1661,1.502147178333451e-18,0.0
DTXSID2046919,1661,0.9859961707262992,1.0
DTXSID2047060,1661,0.0,0.0
DTXSID2047062,1661,2.0858759764418694e-11,0.0
DTXSID2047064,1661,0.0,0.0
DTXSID2047066,1661,0.0,0.0
DTXSID2047068,1661,0.0,0.0
DTXSID2047141,1661,2.1122466611854652e-13,0.0
DTXSID2047145,1661,0.0,0.0
DTXSID2047149,1661,0.0,0.0
DTXSID2047191,1661,0.0,0.0
DTXSID2047193,1661,4.365138946925251e-11,0.0
DTXSID2047195,1661,4.760449667845541e-16,0.0
DTXSID2047197,1661,0.0,0.0
DTXSID2047199,1661,0.0,0.0
DTXSID2047222,1661,0.0,0.0
DTXSID2047270,1661,0.3965581077323224,0.0
DTXSID2047272,1661,0.0003456884693584547,0.0
DTXSID2047274,1661,0.0,0.0
DTXSID2047276,1661,0.0,0.0
DTXSID2047278,1661,2.3782998932275724e-08,0.0
DTXSID2047301,1661,0.0,0.0
DTXSID2047303,1661,1.7145875920551675e-11,0.0
DTXSID2047305,1661,0.0,0.0
DTXSID2047307,1661,0.022356215969489203,0.0
DTXSID2047309,1661,,
DTXSID2047351,1661,0.9964593346274947,1.0
DTXSID2047353,1661,0.9988092518466776,1.0
DTXSID2047355,1661,0.05476134766070065,0.0
DTXSID2047357,1661,0.9840316326157942,1.0
DTXSID2047359,1661,0.0,0.0
DTXSID2047434,1661,0.0,0.0
DTXSID2047436,1661,0.0,0.0
DTXSID2047484,1661,0.0,0.0
DTXSID2047486,1661,0.0,0.0
DTXSID2047511,1661,0.0,0.0
DTXSID2047517,1661,0.0,0.0
DTXSID2047519,1661,0.0,0.0
DTXSID2047565,1661,0.0,0.0
DTXSID2047567,1661,0.0,0.0
DTXSID2047569,1661,,
DTXSID2047642,1661,6.51874994588779e-08,0.0
DTXSID2047644,1661,0.0,0.0
DTXSID2047646,1661,0.0,0.0
DTXSID2047648,1661,0.0,0.0
DTXSID2047694,1661,5.750615909921006e-10,0.0
DTXSID2047696,1661,0.0,0.0
DTXSID2047721,1661,0.0,0.0
DTXSID2047723,1661,2.2669602828338056e-13,0.0
DTXSID2047725,1661,0.0,0.0
DTXSID2047727,1661,0.0,0.0
DTXSID2047773,1661,0.0,0.0
DTXSID2047775,1661,0.0,0.0
DTXSID2047777,1661,0.0,0.0
DTXSID2047779,1661,0.9992905028056863,1.0
DTXSID2047804,1661,0.0,0.0
DTXSID2047806,1661,0.0,0.0
DTXSID2047856,1661,0.0,0.0
DTXSID2047858,1661,0.0,0.0
DTXSID2047931,1661,0.0,0.0
DTXSID2047933,1661,0.0,0.0
DTXSID2047935,1661,0.0,0.0
DTXSID2047937,1661,0.0,0.0
DTXSID2047939,1661,0.0,0.0
DTXSID2048161,1661,0.7709430378265604,0.0
DTXSID2048167,1661,0.0,0.0
DTXSID2048379,1661,3.125933195863486e-12,0.0
DTXSID2048581,1661,1.377590034920133e-15,0.0
DTXSID2048616,1661,2.5296868789394227e-15,0.0
DTXSID2048618,1661,0.0,0.0
DTXSID2048660,1661,,
DTXSID2048662,1661,0.0,0.0
DTXSID2048666,1661,2.961660617838859e-11,0.0
DTXSID2048745,1661,0.0,0.0
DTXSID2048791,1661,0.0,0.0
DTXSID2048793,1661,0.0,0.0
DTXSID2048795,1661,,
DTXSID2048797,1661,0.0,0.0
DTXSID2048799,1661,0.0,0.0
DTXSID2048820,1661,0.9938614328269149,1.0
DTXSID2048822,1661,0.0,0.0
DTXSID2048826,1661,7.028181862861447e-14,0.0
DTXSID2048828,1661,,
DTXSID2048870,1661,0.0,0.0
DTXSID2048872,1661,2.9831786235928957e-06,0.0
DTXSID2048901,1661,0.0,0.0
DTXSID2048905,1661,0.9966000064387327,1.0
DTXSID2048907,1661,8.707265913694195e-09,0.0
DTXSID2048957,1661,7.60378097005159e-05,0.0
DTXSID2048959,1661,5.0729676613463417e-14,0.0
DTXSID2049002,1661,0.0,0.0
DTXSID2049006,1661,0.0,0.0
DTXSID2049050,1661,0.11478510663386837,0.0
DTXSID2049052,1661,0.0,0.0
DTXSID2049135,1661,2.276535703648187e-11,0.0
DTXSID2049210,1661,0.9932344199037464,1.0
DTXSID2049212,1661,0.0,0.0
DTXSID2049214,1661,0.0,0.0
DTXSID2049216,1661,0.0,0.0
DTXSID2049218,1661,0.0,0.0
DTXSID2049260,1661,,
DTXSID2049262,1661,0.9888667101038454,1.0
DTXSID2049264,1661,0.0,0.0
DTXSID2049266,1661,0.0,0.0
DTXSID2049268,1661,0.0,0.0
DTXSID2049341,1661,2.5219360416207303e-18,0.0
DTXSID2049343,1661,0.0,0.0
DTXSID2049345,1661,,
DTXSID2049347,1661,0.0,0.0
DTXSID2049349,1661,1.775212474390763e-17,0.0
DTXSID2049391,1661,0.999999999561786,1.0
DTXSID2049393,1661,2.1421990179133707e-07,0.0
DTXSID2049395,1661,0.0,0.0
DTXSID2049397,1661,0.0,0.0
DTXSID2049399,1661,0.0,0.0
DTXSID2049420,1661,0.0,0.0
DTXSID2049422,1661,0.0,0.0
DTXSID2049424,1661,0.0,0.0
DTXSID2049426,1661,0.0,0.0
DTXSID2049428,1661,8.138890056787951e-07,0.0
DTXSID2049470,1661,0.0,0.0
DTXSID2049472,1661,0.0,0.0
DTXSID2049474,1661,0.0,0.0
DTXSID2049476,1661,0.0,0.0
DTXSID2049478,1661,0.0,0.0
DTXSID2049501,1661,0.0,0.0
DTXSID2049503,1661,0.0,0.0
DTXSID2049505,1661,0.0,0.0
DTXSID2049507,1661,0.0,0.0
DTXSID2049509,1661,0.0,0.0
DTXSID2049551,1661,0.00490958659376415,0.0
DTXSID2049553,1661,0.00013585494921650044,0.0
DTXSID2049555,1661,1.7568785849710613e-06,0.0
DTXSID2049557,1661,2.759287467068274e-08,0.0
DTXSID2049559,1661,0.0,0.0
DTXSID2050403,1661,0.0,0.0
DTXSID2051477,1661,0.0,0.0
DTXSID2051631,1661,0.0,0.0
DTXSID2051687,1661,0.9857518242161754,1.0
DTXSID2051716,1661,0.0,0.0
DTXSID2051764,1661,0.0,0.0
DTXSID2051895,1661,0.0,0.0
DTXSID2052281,1661,0.0,0.0
DTXSID2052283,1661,3.7616201857068097e-13,0.0
DTXSID2052289,1661,0.0,0.0
DTXSID2052310,1661,0.0,0.0
DTXSID2052447,1661,0.0,0.0
DTXSID2052574,1661,0.985668648247695,1.0
DTXSID2052603,1661,0.946607319620151,1.0
DTXSID2052607,1661,0.0,0.0
DTXSID2057601,1661,0.0,0.0
DTXSID2057603,1661,0.0,0.0
DTXSID2057607,1661,0.0,0.0
DTXSID2057609,1661,0.0,0.0
DTXSID2057651,1661,0.7004856810557781,0.0
DTXSID2057653,1661,,
DTXSID2057655,1661,,
DTXSID2057657,1661,0.0,0.0
DTXSID2057659,1661,0.0,0.0
DTXSID2057730,1661,9.395211487939735e-09,0.0
DTXSID2057732,1661,4.5084729689913017e-10,0.0
DTXSID2057734,1661,7.506199900537314e-11,0.0
DTXSID2057736,1661,0.0,0.0
DTXSID2057738,1661,0.0,0.0
DTXSID2057780,1661,0.0,0.0
DTXSID2057782,1661,0.0,0.0
DTXSID2057784,1661,0.0,0.0
DTXSID2057786,1661,0.0,0.0
DTXSID2057788,1661,0.0,0.0
DTXSID2057811,1661,,
DTXSID2057813,1661,0.0,0.0
DTXSID2057815,1661,0.998887833768051,1.0
DTXSID2057817,1661,,
DTXSID2057819,1661,0.0,0.0
DTXSID3020043,1661,0.0,0.0
DTXSID3020047,1661,0.0,0.0
DTXSID3020091,1661,0.0,0.0
DTXSID3020093,1661,0.0,0.0
DTXSID3020095,1661,,
DTXSID3020097,1661,2.0778272245121275e-06,0.0
DTXSID3020099,1661,0.9999835891979227,1.0
DTXSID3020120,1661,0.9987551967165955,1.0
DTXSID3020122,1661,0.00296789704406298,0.0
DTXSID3020128,1661,0.0,0.0
DTXSID3020205,1661,0.0,0.0
DTXSID3020207,1661,0.9999944701507655,1.0
DTXSID3020209,1661,,
DTXSID3020257,1661,0.9907606236240212,1.0
DTXSID3020330,1661,,
DTXSID3020332,1661,0.0,0.0
DTXSID3020336,1661,0.0,0.0
DTXSID3020380,1661,0.983763631057335,1.0
DTXSID3020384,1661,0.00024781622470087383,0.0
DTXSID3020413,1661,0.0,0.0
DTXSID3020415,1661,0.0,0.0
DTXSID3020419,1661,0.9999999999999994,1.0
DTXSID3020463,1661,0.0,0.0
DTXSID3020465,1661,0.9919458853237623,1.0
DTXSID3020540,1661,,
DTXSID3020546,1661,0.0,0.0
DTXSID3020548,1661,4.3173047661785415e-05,0.0
DTXSID3020596,1661,0.0,0.0
DTXSID3020598,1661,9.614035272419699e-12,0.0
DTXSID3020621,1661,0.8566549641922008,0.0
DTXSID3020625,1661,3.248226956185254e-06,0.0
DTXSID3020627,1661,4.532300973739531e-17,0.0
DTXSID3020629,1661,,
DTXSID3020671,1661,0.0,0.0
DTXSID3020673,1661,0.7493133794138493,0.0
DTXSID3020679,1661,0.783496451874245,0.0
DTXSID3020704,1661,0.0,0.0
DTXSID3020706,1661,0.9998843138566598,1.0
DTXSID3020708,1661,,
DTXSID3020750,1661,5.359477114729724e-09,0.0
DTXSID3020752,1661,0.0,0.0
DTXSID3020756,1661,,
DTXSID3020833,1661,0.0,0.0
DTXSID3020835,1661,0.0,0.0
DTXSID3020881,1661,0.0,0.0
DTXSID3020887,1661,0.0,0.0
DTXSID3020889,1661,0.0,0.0
DTXSID3020910,1661,0.0,0.0
DTXSID3020912,1661,0.0,0.0
DTXSID3020914,1661,0.0,0.0
DTXSID3020916,1661,0.0,0.0
DTXSID3020918,1661,2.489544841928875e-10,0.0
DTXSID3020960,1661,3.4757855648192075e-16,0.0
DTXSID3020962,1661,0.0,0.0
DTXSID3020964,1661,1.0073253684648356e-15,0.0
DTXSID3020966,1661,1.12732106665595e-15,0.0
DTXSID3021065,1661,0.0,0.0
DTXSID3021140,1661,,
DTXSID3021142,1661,0.0,0.0
DTXSID3021144,1661,,
DTXSID3021148,1661,0.0,0.0
DTXSID3021190,1661,0.0,0.0
DTXSID3021192,1661,0.8543269981823297,0.0
DTXSID3021196,1661,0.0,0.0
DTXSID3021198,1661,0.0003258787431623948,0.0
DTXSID3021221,1661,1.0265346597489987e-06,0.0
DTXSID3021223,1661,2.1424125101106256e-05,0.0
DTXSID3021275,1661,0.9999999678098971,1.0
DTXSID3021277,1661,0.0,0.0
DTXSID3021304,1661,0.0,0.0
DTXSID3021354,1661,0.5306290530964124,0.0
DTXSID3021356,1661,1.0492106285438688e-13,0.0
DTXSID3021358,1661,2.1695541995757383e-11,0.0
DTXSID3021431,1661,0.0,0.0
DTXSID3021437,1661,3.2258266807227415e-09,0.0
DTXSID3021483,1661,0.0,0.0
DTXSID3021485,1661,2.698071406428864e-13,0.0
DTXSID3021487,1661,0.0,0.0
DTXSID3021516,1661,0.0,0.0
DTXSID3021518,1661,0.0,0.0
DTXSID3021562,1661,0.0,0.0
DTXSID3021641,1661,9.745648904245487e-07,0.0
DTXSID3021643,1661,0.0,0.0
DTXSID3021645,1661,0.0,0.0
DTXSID3021647,1661,0.0,0.0
DTXSID3021726,1661,0.0,0.0
DTXSID3021770,1661,0.011916540012708445,0.0
DTXSID3021772,1661,0.0,0.0
DTXSID3021774,1661,1.21426507098568e-09,0.0
DTXSID3021778,1661,0.00022271494774668297,0.0
DTXSID3021801,1661,0.0,0.0
DTXSID3021803,1661,1.1730707597237178e-06,0.0
DTXSID3021805,1661,,
DTXSID3021807,1661,0.0,0.0
DTXSID3021851,1661,0.0,0.0
DTXSID3021853,1661,0.00014578046585327295,0.0
DTXSID3021930,1661,8.007461695805103e-11,0.0
DTXSID3021932,1661,1.5217846313197632e-19,0.0
DTXSID3021936,1661,6.698797739736329e-14,0.0
DTXSID3021938,1661,0.0,0.0
DTXSID3021980,1661,0.0,0.0
DTXSID3021982,1661,1.3847735525687453e-11,0.0
DTXSID3021984,1661,7.086060712369903e-05,0.0
DTXSID3021986,1661,0.00012087649319726291,0.0
DTXSID3021988,1661,0.0,0.0
DTXSID3022035,1661,0.0,0.0
DTXSID3022085,1661,0.0,0.0
DTXSID3022089,1661,0.0,0.0
DTXSID3022160,1661,,
DTXSID3022162,1661,0.9979654154380652,1.0
DTXSID3022164,1661,0.0,0.0
DTXSID3022247,1661,1.450182140250008e-10,0.0
DTXSID3022320,1661,3.592866348614775e-07,0.0
DTXSID3022326,1661,0.0,0.0
DTXSID3022370,1661,0.9998352862273348,1.0
DTXSID3022403,1661,0.0,0.0
DTXSID3022405,1661,0.0,0.0
DTXSID3022409,1661,1.6448045895079525e-05,0.0
DTXSID3022455,1661,1.0219983162697993e-10,0.0
DTXSID3022536,1661,0.861201012216503,0.0
DTXSID3022582,1661,0.0,0.0
DTXSID3022584,1661,0.0,0.0
DTXSID3022586,1661,0.0,0.0
DTXSID3022588,1661,0.0,0.0
DTXSID3022611,1661,,
DTXSID3022617,1661,0.0,0.0
DTXSID3022663,1661,0.9550861496655957,1.0
DTXSID3022667,1661,0.0,0.0
DTXSID3022748,1661,0.0,0.0
DTXSID3022798,1661,1.3782328152247526e-08,0.0
DTXSID3022821,1661,1.0751173868653071e-05,0.0
DTXSID3022825,1661,2.466728940485e-06,0.0
DTXSID3022829,1661,0.0,0.0
DTXSID3022871,1661,0.0,0.0
DTXSID3022877,1661,0.9814589291553482,1.0
DTXSID3022904,1661,0.0,0.0
DTXSID3022906,1661,0.0,0.0
DTXSID3022950,1661,0.0,0.0
DTXSID3022956,1661,0.9999998263588243,1.0
DTXSID3022958,1661,1.6029413383043253e-09,0.0
DTXSID3023007,1661,0.0,0.0
DTXSID3023051,1661,1.1374564040247915e-13,0.0
DTXSID3023057,1661,6.663823677539948e-12,0.0
DTXSID3023059,1661,0.0,0.0
DTXSID3023132,1661,0.0,0.0
DTXSID3023180,1661,0.9999692726664189,1.0
DTXSID3023188,1661,1.8549786506481464e-07,0.0
DTXSID3023261,1661,0.0,0.0
DTXSID3023265,1661,0.826781057013034,0.0
DTXSID3023269,1661,7.291927205081234e-13,0.0
DTXSID3023340,1661,0.9999999999769053,1.0
DTXSID3023342,1661,9.264457157963439e-12,0.0
DTXSID3023425,1661,0.00012575680774217163,0.0
DTXSID3023427,1661,0.0,0.0
DTXSID3023471,1661,0.0,0.0
DTXSID3023479,1661,0.0,0.0
DTXSID3023502,1661,0.0,0.0
DTXSID3023508,1661,0.0,0.0
DTXSID3023550,1661,0.9927830713365471,1.0
DTXSID3023556,1661,1.4021508974058245e-05,0.0
DTXSID3023685,1661,0.9985025762038994,1.0
DTXSID3023687,1661,1.5042394105659305e-09,0.0
DTXSID3023712,1661,0.0,0.0
DTXSID3023716,1661,,
DTXSID3023718,1661,8.62900851079809e-09,0.0
DTXSID3023764,1661,0.0,0.0
DTXSID3023845,1661,5.640786125960921e-13,0.0
DTXSID3023897,1661,0.0,0.0
DTXSID3023899,1661,1.116533112033467e-18,0.0
DTXSID3023974,1661,0.0,0.0
DTXSID3024077,1661,2.4460211029758276e-08,0.0
DTXSID3024100,1661,0.0,0.0
DTXSID3024102,1661,0.0,0.0
DTXSID3024104,1661,0.0,0.0
DTXSID3024108,1661,1.4788346086972182e-12,0.0
DTXSID3024152,1661,0.0,0.0
DTXSID3024154,1661,1.4447528149694736e-08,0.0
DTXSID3024235,1661,0.8013525719098782,0.0
DTXSID3024239,1661,0.6677815539274529,0.0
DTXSID3024287,1661,0.0,0.0
DTXSID3024289,1661,0.0,0.0
DTXSID3024316,1661,0.0,0.0
DTXSID3024318,1661,0.04166741675235033,0.0
DTXSID3024362,1661,0.0,0.0
DTXSID3024366,1661,0.0,0.0
DTXSID3024368,1661,0.0,0.0
DTXSID3024441,1661,1.8484929391280328e-07,0.0
DTXSID3024447,1661,0.0,0.0
DTXSID3024449,1661,8.529394057228173e-17,0.0
DTXSID3024491,1661,0.0,0.0
DTXSID3024497,1661,0.0,0.0
DTXSID3024499,1661,0.9954784695612597,1.0
DTXSID3024522,1661,0.0,0.0
DTXSID3024528,1661,0.0,0.0
DTXSID3024574,1661,0.0,0.0
DTXSID3024603,1661,0.0,0.0
DTXSID3024657,1661,0.0,0.0
DTXSID3024659,1661,3.753190715829792e-06,0.0
DTXSID3024736,1661,0.0,0.0
DTXSID3024738,1661,0.0,0.0
DTXSID3024780,1661,0.0,0.0
DTXSID3024786,1661,0.0,0.0
DTXSID3024815,1661,0.0,0.0
DTXSID3024861,1661,3.908807493836593e-06,0.0
DTXSID3024869,1661,0.5259753219009866,0.0
DTXSID3024940,1661,4.579818524863395e-11,0.0
DTXSID3024942,1661,8.258066204151121e-10,0.0
DTXSID3024944,1661,0.9999077042778669,1.0
DTXSID3024994,1661,0.0013027999005621352,0.0
DTXSID3024998,1661,0.0,0.0
DTXSID3025041,1661,0.0,0.0
DTXSID3025045,1661,0.999999901028567,1.0
DTXSID3025047,1661,0.0,0.0
DTXSID3025049,1661,0.0,0.0
DTXSID3025091,1661,0.0,0.0
DTXSID3025093,1661,,
DTXSID3025122,1661,1.4844093075622314e-13,0.0
DTXSID3025170,1661,0.0,0.0
DTXSID3025178,1661,9.456529485390775e-19,0.0
DTXSID3025203,1661,0.7612743898262166,0.0
DTXSID3025209,1661,,
DTXSID3025253,1661,0.9081091185729427,1.0
DTXSID3025257,1661,0.9952053461145671,1.0
DTXSID3025330,1661,6.30493002173713e-05,0.0
DTXSID3025332,1661,0.0,0.0
DTXSID3025338,1661,4.4633999355459375e-07,0.0
DTXSID3025461,1661,0.9999999929285133,1.0
DTXSID3025465,1661,7.420464844465692e-05,0.0
DTXSID3025469,1661,0.0,0.0
DTXSID3025540,1661,0.999999999998848,1.0
DTXSID3025542,1661,0.0,0.0
DTXSID3025590,1661,0.0,0.0
DTXSID3025629,1661,0.0,0.0
DTXSID3025671,1661,0.0,0.0
DTXSID3025706,1661,0.0,0.0
DTXSID3025758,1661,0.0,0.0
DTXSID3025839,1661,0.0,0.0
DTXSID3025881,1661,,
DTXSID3025889,1661,,
DTXSID3026065,1661,0.9992994665238938,1.0
DTXSID3026067,1661,0.0,0.0
DTXSID3026148,1661,0.0,0.0
DTXSID3026190,1661,0.9999971612991013,1.0
DTXSID3026223,1661,4.755314905793822e-09,0.0
DTXSID3026275,1661,0.0,0.0
DTXSID3026279,1661,0.0,0.0
DTXSID3026302,1661,0.0,0.0
DTXSID3026304,1661,2.2025040894622536e-10,0.0
DTXSID3026306,1661,0.0,0.0
DTXSID3026308,1661,0.0,0.0
DTXSID3026512,1661,0.0,0.0
DTXSID3026514,1661,0.0,0.0
DTXSID3026516,1661,0.0,0.0
DTXSID3026560,1661,0.0,0.0
DTXSID3026562,1661,0.0,0.0
DTXSID3026564,1661,0.0,0.0
DTXSID3026566,1661,0.0,0.0
DTXSID3026641,1661,0.0,0.0
DTXSID3026645,1661,0.0,0.0
DTXSID3026647,1661,0.0,0.0
DTXSID3026691,1661,5.875794043352351e-14,0.0
DTXSID3026697,1661,0.9818217168550867,1.0
DTXSID3026724,1661,3.685765203511925e-07,0.0
DTXSID3026726,1661,0.0,0.0
DTXSID3026728,1661,0.0,0.0
DTXSID3026851,1661,6.339988320517953e-10,0.0
DTXSID3026932,1661,0.0,0.0
DTXSID3026984,1661,0.0,0.0
DTXSID3027037,1661,3.3721821632024e-09,0.0
DTXSID3027039,1661,0.0,0.0
DTXSID3027085,1661,8.718410552183414e-12,0.0
DTXSID3027116,1661,1.371814871972496e-09,0.0
DTXSID3027241,1661,0.0,0.0
DTXSID3027247,1661,0.0,0.0
DTXSID3027249,1661,0.0,0.0
DTXSID3027291,1661,0.0,0.0
DTXSID3027293,1661,4.944438450452076e-18,0.0
DTXSID3027295,1661,0.0,0.0
DTXSID3027297,1661,0.0,0.0
DTXSID3027320,1661,1.3126536553951483e-07,0.0
DTXSID3027322,1661,9.764335741628752e-13,0.0
DTXSID3027328,1661,0.0,0.0
DTXSID3027370,1661,5.579981496969741e-16,0.0
DTXSID3027401,1661,6.131821261360171e-08,0.0
DTXSID3027403,1661,1.0,1.0
DTXSID3027405,1661,0.0,0.0
DTXSID3027407,1661,2.2504861966286124e-14,0.0
DTXSID3027530,1661,8.936904343323353e-11,0.0
DTXSID3027534,1661,0.0,0.0
DTXSID3027536,1661,0.0,0.0
DTXSID3027580,1661,0.0,0.0
DTXSID3027584,1661,0.0,0.0
DTXSID3027586,1661,3.7739154030897875e-09,0.0
DTXSID3027588,1661,5.057167882026768e-05,0.0
DTXSID3027615,1661,2.627551884011599e-07,0.0
DTXSID3027617,1661,0.0,0.0
DTXSID3027740,1661,8.213269184128592e-07,0.0
DTXSID3027790,1661,0.0,0.0
DTXSID3027792,1661,0.0,0.0
DTXSID3027798,1661,0.0,0.0
DTXSID3027823,1661,,
DTXSID3027829,1661,0.0,0.0
DTXSID3027875,1661,0.0,0.0
DTXSID3027877,1661,0.0,0.0
DTXSID3027902,1661,1.527468282872018e-05,0.0
DTXSID3027950,1661,0.999995781600458,1.0
DTXSID3028001,1661,0.0,0.0
DTXSID3028005,1661,0.0,0.0
DTXSID3029108,1661,0.0,0.0
DTXSID3029150,1661,0.0,0.0
DTXSID3029152,1661,1.8601673245157906e-12,0.0
DTXSID3029154,1661,0.0,0.0
DTXSID3029158,1661,0.0,0.0
DTXSID3029231,1661,0.0,0.0
DTXSID3029233,1661,0.0,0.0
DTXSID3029235,1661,0.0,0.0
DTXSID3029237,1661,5.2318000395622e-10,0.0
DTXSID3029281,1661,0.0,0.0
DTXSID3029283,1661,0.0,0.0
DTXSID3029287,1661,0.0,0.0
DTXSID3029289,1661,1.6209396564736935e-14,0.0
DTXSID3029310,1661,0.0,0.0
DTXSID3029312,1661,,
DTXSID3029362,1661,2.475803413238554e-09,0.0
DTXSID3029364,1661,0.0,0.0
DTXSID3029572,1661,0.8388826666134706,0.0
DTXSID3029607,1661,3.7266429439374756e-13,0.0
DTXSID3029651,1661,0.0031445360637418355,0.0
DTXSID3029653,1661,1.8133994252507375e-14,0.0
DTXSID3029655,1661,0.0,0.0
DTXSID3029815,1661,2.967185381767162e-11,0.0
DTXSID3029869,1661,0.0,0.0
DTXSID3030056,1661,,
DTXSID3030189,1661,2.5104525184184477e-12,0.0
DTXSID3030428,1661,0.0,0.0
DTXSID3030636,1661,3.544354362732292e-10,0.0
DTXSID3031444,1661,0.0,0.0
DTXSID3031492,1661,3.978919920980912e-14,0.0
DTXSID3031521,1661,0.0,0.0
DTXSID3031860,1661,3.147478067374571e-13,0.0
DTXSID3031862,1661,0.0,0.0
DTXSID3031864,1661,0.0,0.0
DTXSID3032129,1661,0.0,0.0
DTXSID3032331,1661,0.9999999689077372,1.0
DTXSID3032337,1661,0.0,0.0
DTXSID3032389,1661,1.4294734766960355e-08,0.0
DTXSID3032412,1661,0.0,0.0
DTXSID3032416,1661,0.0020803222538284846,0.0
DTXSID3032464,1661,1.2478391862344019e-07,0.0
DTXSID3032541,1661,0.9999999936956464,1.0
DTXSID3032547,1661,0.0,0.0
DTXSID3032549,1661,1.767696985764232e-10,0.0
DTXSID3032591,1661,0.0,0.0
DTXSID3032620,1661,,
DTXSID3032622,1661,0.0,0.0
DTXSID3032624,1661,1.7433622077096872e-12,0.0
DTXSID3032626,1661,0.0007320060462473663,0.0
DTXSID3032628,1661,0.00012249465174969415,0.0
DTXSID3032670,1661,6.812915154192853e-13,0.0
DTXSID3032751,1661,0.9869348119411491,1.0
DTXSID3032759,1661,4.2418143302469743e-16,0.0
DTXSID3032832,1661,0.0,0.0
DTXSID3033276,1661,0.0,0.0
DTXSID3033307,1661,0.999999983132023,1.0
DTXSID3033511,1661,7.124705379117008e-09,0.0
DTXSID3033519,1661,0.0,0.0
DTXSID3033983,1661,9.468995948699324e-19,0.0
DTXSID3033989,1661,3.3465288557649535e-08,0.0
DTXSID3034113,1661,0.0010019993082525957,0.0
DTXSID3034165,1661,0.8219020430369202,0.0
DTXSID3034402,1661,0.9558779367535549,1.0
DTXSID3034456,1661,2.377390477569059e-11,0.0
DTXSID3034458,1661,0.0,0.0
DTXSID3034531,1661,,
DTXSID3034583,1661,0.0,0.0
DTXSID3034612,1661,0.0,0.0
DTXSID3034614,1661,4.243553668548727e-12,0.0
DTXSID3034618,1661,0.0,0.0
DTXSID3034662,1661,0.06800803371696387,0.0
DTXSID3034664,1661,0.0,0.0
DTXSID3034872,1661,0.0,0.0
DTXSID3034903,1661,9.489408884316757e-08,0.0
DTXSID3034957,1661,0.0,0.0
DTXSID3035214,1661,0.0,0.0
DTXSID3035266,1661,0.0,0.0
DTXSID3035341,1661,0.0,0.0
DTXSID3036105,1661,0.0,0.0
DTXSID3036286,1661,0.0,0.0
DTXSID3036288,1661,6.249687133710345e-14,0.0
DTXSID3036496,1661,7.53982249831339e-09,0.0
DTXSID3036525,1661,0.9993757539081974,1.0
DTXSID3037094,1661,0.993022327353542,1.0
DTXSID3037208,1661,2.276734811630045e-05,0.0
DTXSID3037250,1661,0.22118150250960697,0.0
DTXSID3037541,1661,0.9890408520649582,1.0
DTXSID3037545,1661,0.0,0.0
DTXSID3037626,1661,,
DTXSID3037707,1661,0.0,0.0
DTXSID3037709,1661,8.191050103572312e-13,0.0
DTXSID3037757,1661,0.0,0.0
DTXSID3038694,1661,0.0,0.0
DTXSID3038696,1661,1.7585768495722561e-12,0.0
DTXSID3038725,1661,0.0,0.0
DTXSID3038771,1661,0.0,0.0
DTXSID3038800,1661,7.772434258281719e-15,0.0
DTXSID3038808,1661,1.1626305441988094e-06,0.0
DTXSID3038852,1661,0.0,0.0
DTXSID3038939,1661,0.2786166193337353,0.0
DTXSID3039240,1661,0.9999999999994894,1.0
DTXSID3039242,1661,0.0,0.0
DTXSID3040271,1661,0.0,0.0
DTXSID3040279,1661,0.0005878643088015976,0.0
DTXSID3040300,1661,6.117774270860446e-13,0.0
DTXSID3040352,1661,0.9999999014230204,1.0
DTXSID3040643,1661,0.0,0.0
DTXSID3040647,1661,9.150731033472488e-09,0.0
DTXSID3040691,1661,0.0,0.0
DTXSID3040693,1661,0.0,0.0
DTXSID3040697,1661,0.0,0.0
DTXSID3040699,1661,3.3480190624096735e-08,0.0
DTXSID3040720,1661,0.9863917905246252,1.0
DTXSID3040722,1661,0.0,0.0
DTXSID3040724,1661,6.8316122257884e-14,0.0
DTXSID3040726,1661,0.0,0.0
DTXSID3040728,1661,0.0,0.0
DTXSID3040770,1661,0.01568381031109578,0.0
DTXSID3040774,1661,0.0,0.0
DTXSID3040776,1661,,
DTXSID3040801,1661,0.07267059017137319,0.0
DTXSID3040980,1661,0.9999999999999964,1.0
DTXSID3041085,1661,0.0,0.0
DTXSID3041247,1661,,
DTXSID3041293,1661,,
DTXSID3041299,1661,0.0,0.0
DTXSID3041328,1661,0.0,0.0
DTXSID3041370,1661,0.0,0.0
DTXSID3041372,1661,0.0,0.0
DTXSID3041376,1661,0.0,0.0
DTXSID3041403,1661,1.1512930045408616e-06,0.0
DTXSID3041405,1661,1.4553541799245635e-12,0.0
DTXSID3041409,1661,0.9999831174302429,1.0
DTXSID3041451,1661,1.859033888566025e-07,0.0
DTXSID3041530,1661,4.4997834426284396e-08,0.0
DTXSID3041580,1661,0.0,0.0
DTXSID3041611,1661,0.0,0.0
DTXSID3041613,1661,8.93365315113862e-09,0.0
DTXSID3041615,1661,0.0,0.0
DTXSID3041617,1661,0.9934964602650304,1.0
DTXSID3041619,1661,0.07778669814175797,0.0
DTXSID3041661,1661,,
DTXSID3041663,1661,,
DTXSID3041665,1661,0.9992398765840306,1.0
DTXSID3041744,1661,9.667997797352245e-11,0.0
DTXSID3041790,1661,0.0,0.0
DTXSID3041794,1661,0.006411480686223183,0.0
DTXSID3041827,1661,4.6489786249541717e-10,0.0
DTXSID3041873,1661,1.2101261294000334e-08,0.0
DTXSID3041877,1661,0.0,0.0
DTXSID3041954,1661,0.0,0.0
DTXSID3042007,1661,0.0,0.0
DTXSID3042051,1661,,
DTXSID3042053,1661,,
DTXSID3042059,1661,0.0,0.0
DTXSID3042130,1661,0.9999774816058945,1.0
DTXSID3042180,1661,0.0,0.0
DTXSID3042188,1661,0.0,0.0
DTXSID3042215,1661,3.0688906041827074e-07,0.0
DTXSID3042219,1661,0.0,0.0
DTXSID3042261,1661,0.9504287266724367,1.0
DTXSID3042263,1661,6.631091091594106e-17,0.0
DTXSID3042269,1661,0.0,0.0
DTXSID3042390,1661,1.0,1.0
DTXSID3042394,1661,0.0,0.0
DTXSID3042423,1661,0.0,0.0
DTXSID3042477,1661,,
DTXSID3042500,1661,0.9999999999999998,1.0
DTXSID3042633,1661,0.0385970410334038,0.0
DTXSID3043782,1661,2.3679199251907415e-05,0.0
DTXSID3044124,1661,1.8442152933771179e-09,0.0
DTXSID3044128,1661,0.8342528495579491,0.0
DTXSID3044201,1661,0.0003061918214643867,0.0
DTXSID3044203,1661,0.004530358356027763,0.0
DTXSID3044205,1661,,
DTXSID3044251,1661,0.0,0.0
DTXSID3044332,1661,0.0,0.0
DTXSID3044334,1661,0.0,0.0
DTXSID3044338,1661,0.027220624949744043,0.0
DTXSID3044380,1661,0.0,0.0
DTXSID3044382,1661,3.859472676396552e-18,0.0
DTXSID3044384,1661,2.490990508533292e-08,0.0
DTXSID3044388,1661,0.0,0.0
DTXSID3044411,1661,0.0,0.0
DTXSID3044413,1661,0.0,0.0
DTXSID3044415,1661,0.9999999997193191,1.0
DTXSID3044461,1661,0.0,0.0
DTXSID3044463,1661,0.0,0.0
DTXSID3044465,1661,0.0,0.0
DTXSID3044469,1661,0.0,0.0
DTXSID3044542,1661,5.092493350279925e-15,0.0
DTXSID3044544,1661,0.9976499818272886,1.0
DTXSID3044590,1661,0.0,0.0
DTXSID3044598,1661,0.0,0.0
DTXSID3044621,1661,0.0,0.0
DTXSID3044623,1661,2.105520404600191e-14,0.0
DTXSID3044625,1661,0.0,0.0
DTXSID3044627,1661,6.556271953809133e-16,0.0
DTXSID3044629,1661,0.0,0.0
DTXSID3044679,1661,0.0,0.0
DTXSID3044700,1661,0.0,0.0
DTXSID3044702,1661,,
DTXSID3044704,1661,0.7139411105561709,0.0
DTXSID3044706,1661,0.0,0.0
DTXSID3044750,1661,,
DTXSID3044752,1661,0.041581377040951883,0.0
DTXSID3044754,1661,0.0,0.0
DTXSID3044756,1661,0.0,0.0
DTXSID3044758,1661,0.991749202107095,1.0
DTXSID3044831,1661,0.0,0.0
DTXSID3044833,1661,9.922006125782956e-09,0.0
DTXSID3044835,1661,4.598547076461206e-07,0.0
DTXSID3044837,1661,0.0,0.0
DTXSID3044839,1661,0.0,0.0
DTXSID3044881,1661,0.16641740279094017,0.0
DTXSID3044883,1661,0.0,0.0
DTXSID3044887,1661,,
DTXSID3044889,1661,0.9917088344405163,1.0
DTXSID3044910,1661,0.9999098649542221,1.0
DTXSID3044914,1661,9.445663677607163e-11,0.0
DTXSID3044916,1661,0.0,0.0
DTXSID3044918,1661,,
DTXSID3044960,1661,,
DTXSID3044962,1661,0.0,0.0
DTXSID3044966,1661,0.13023482089649946,0.0
DTXSID3045140,1661,4.0491272202449374e-08,0.0
DTXSID3045190,1661,6.339902670013662e-13,0.0
DTXSID3045192,1661,,
DTXSID3045194,1661,,
DTXSID3045196,1661,7.910102878902387e-15,0.0
DTXSID3045198,1661,1.7858798827169444e-15,0.0
DTXSID3045221,1661,0.0,0.0
DTXSID3045223,1661,6.469861445307716e-15,0.0
DTXSID3045227,1661,0.0,0.0
DTXSID3045229,1661,0.0,0.0
DTXSID3045271,1661,4.5288060296536e-11,0.0
DTXSID3045300,1661,2.3902716780125e-16,0.0
DTXSID3045304,1661,2.948083099853748e-10,0.0
DTXSID3045306,1661,0.0,0.0
DTXSID3045433,1661,0.0,0.0
DTXSID3045435,1661,0.0002267100369081476,0.0
DTXSID3045437,1661,0.0,0.0
DTXSID3045485,1661,0.0,0.0
DTXSID3045514,1661,0.01622025242522055,0.0
DTXSID3045560,1661,0.5906700704261006,0.0
DTXSID3045562,1661,1.0343264784133176e-05,0.0
DTXSID3045645,1661,0.9999978432934201,1.0
DTXSID3045647,1661,0.005992463674255962,0.0
DTXSID3045649,1661,9.893063810429657e-14,0.0
DTXSID3045695,1661,0.0,0.0
DTXSID3045697,1661,0.0,0.0
DTXSID3045770,1661,0.0,0.0
DTXSID3045776,1661,,
DTXSID3045778,1661,,
DTXSID3045805,1661,0.0,0.0
DTXSID3045807,1661,0.0,0.0
DTXSID3045851,1661,1.4697474303747478e-11,0.0
DTXSID3045857,1661,0.0,0.0
DTXSID3045859,1661,5.9394531566226e-07,0.0
DTXSID3045930,1661,0.01870037462171878,0.0
DTXSID3045934,1661,0.0,0.0
DTXSID3046081,1661,0.0,0.0
DTXSID3046083,1661,0.981113241758192,1.0
DTXSID3046110,1661,0.0,0.0
DTXSID3046114,1661,,
DTXSID3046162,1661,0.0,0.0
DTXSID3046295,1661,6.393419364396818e-10,0.0
DTXSID3046297,1661,3.0354232805847223e-10,0.0
DTXSID3046299,1661,,
DTXSID3046320,1661,2.2457618075185762e-13,0.0
DTXSID3046324,1661,0.0,0.0
DTXSID3046326,1661,0.0,0.0
DTXSID3046401,1661,0.9999974788966223,1.0
DTXSID3046403,1661,0.0,0.0
DTXSID3046405,1661,0.0,0.0
DTXSID3046409,1661,,
DTXSID3046451,1661,5.917704288615917e-11,0.0
DTXSID3046453,1661,0.9165985623827467,1.0
DTXSID3046457,1661,9.217336984891498e-13,0.0
DTXSID3046459,1661,2.1708443823745359e-13,0.0
DTXSID3046534,1661,0.0,0.0
DTXSID3046536,1661,0.0,0.0
DTXSID3046580,1661,,
DTXSID3046584,1661,0.0,0.0
DTXSID3046619,1661,0.8888531145701237,0.0
DTXSID3046663,1661,0.9930003330452043,1.0
DTXSID3046665,1661,0.9982071833687038,1.0
DTXSID3046740,1661,0.46395117283039816,0.0
DTXSID3046742,1661,0.0,0.0
DTXSID3046744,1661,1.3609389909509708e-05,0.0
DTXSID3046748,1661,0.0,0.0
DTXSID3046792,1661,0.9949867893552555,1.0
DTXSID3046798,1661,0.0,0.0
DTXSID3046821,1661,2.3818668524048643e-11,0.0
DTXSID3046823,1661,0.7296922891873371,0.0
DTXSID3046908,1661,0.0,0.0
DTXSID3047001,1661,0.0,0.0
DTXSID3047003,1661,0.0,0.0
DTXSID3047051,1661,,
DTXSID3047053,1661,0.0003297053455405783,0.0
DTXSID3047055,1661,1.181318677252498e-06,0.0
DTXSID3047057,1661,0.0,0.0
DTXSID3047059,1661,3.284243539696653e-11,0.0
DTXSID3047130,1661,1.0185157508018455e-12,0.0
DTXSID3047132,1661,0.0,0.0
DTXSID3047134,1661,0.0,0.0
DTXSID3047136,1661,0.0,0.0
DTXSID3047138,1661,0.0,0.0
DTXSID3047180,1661,0.0,0.0
DTXSID3047182,1661,0.0,0.0
DTXSID3047184,1661,0.0,0.0
DTXSID3047186,1661,0.0,0.0
DTXSID3047188,1661,0.0,0.0
DTXSID3047261,1661,4.730991792981555e-10,0.0
DTXSID3047263,1661,1.9231305028736586e-16,0.0
DTXSID3047265,1661,0.0,0.0
DTXSID3047267,1661,2.6952699954674037e-15,0.0
DTXSID3047342,1661,0.03137557878697314,0.0
DTXSID3047344,1661,0.0,0.0
DTXSID3047346,1661,9.25629412323591e-11,0.0
DTXSID3047348,1661,0.2659153048097109,0.0
DTXSID3047394,1661,0.0,0.0
DTXSID3047423,1661,0.00028057277171996493,0.0
DTXSID3047425,1661,0.0,0.0
DTXSID3047427,1661,0.0,0.0
DTXSID3047429,1661,0.0,0.0
DTXSID3047471,1661,0.0,0.0
DTXSID3047473,1661,0.0,0.0
DTXSID3047477,1661,0.9657406118957884,1.0
DTXSID3047504,1661,1.1253058859592894e-10,0.0
DTXSID3047508,1661,,
DTXSID3047552,1661,0.0,0.0
DTXSID3047554,1661,0.0,0.0
DTXSID3047556,1661,0.0,0.0
DTXSID3047558,1661,0.0,0.0
DTXSID3047631,1661,0.0,0.0
DTXSID3047633,1661,0.0,0.0
DTXSID3047637,1661,0.0,0.0
DTXSID3047639,1661,0.0,0.0
DTXSID3047681,1661,0.0,0.0
DTXSID3047683,1661,,
DTXSID3047687,1661,0.0,0.0
DTXSID3047712,1661,0.0,0.0
DTXSID3047716,1661,0.0,0.0
DTXSID3047760,1661,0.0,0.0
DTXSID3047843,1661,0.5706813312342703,0.0
DTXSID3047849,1661,0.999999999811437,1.0
DTXSID3047891,1661,0.0,0.0
DTXSID3047893,1661,0.9996849638217716,1.0
DTXSID3047895,1661,0.9938013452948076,1.0
DTXSID3047897,1661,0.0,0.0
DTXSID3047899,1661,0.0,0.0
DTXSID3047920,1661,1.3602726735166926e-05,0.0
DTXSID3047922,1661,1.8877724897263173e-05,0.0
DTXSID3047924,1661,0.0,0.0
DTXSID3047926,1661,0.9999999978706162,1.0
DTXSID3047928,1661,0.0,0.0
DTXSID3047970,1661,0.0,0.0
DTXSID3047972,1661,0.0,0.0
DTXSID3047974,1661,0.12587559951136318,0.0
DTXSID3048520,1661,0.0,0.0
DTXSID3048522,1661,0.9941830300934424,1.0
DTXSID3048574,1661,1.5065435231520823e-15,0.0
DTXSID3048576,1661,0.0,0.0
DTXSID3048603,1661,,
DTXSID3048605,1661,0.0,0.0
DTXSID3048607,1661,0.01759760468992168,0.0
DTXSID3048653,1661,0.9995075847634808,1.0
DTXSID3048655,1661,0.0,0.0
DTXSID3048657,1661,0.9985314431852724,1.0
DTXSID3048659,1661,6.968915009760473e-14,0.0
DTXSID3048732,1661,,
DTXSID3048780,1661,2.4776011548609943e-07,0.0
DTXSID3048782,1661,0.0,0.0
DTXSID3048786,1661,,
DTXSID3048788,1661,0.0,0.0
DTXSID3048811,1661,0.970260612658968,1.0
DTXSID3048815,1661,0.0,0.0
DTXSID3048817,1661,0.0,0.0
DTXSID3048819,1661,0.0,0.0
DTXSID3048861,1661,0.0,0.0
DTXSID3048863,1661,0.9960840291382262,1.0
DTXSID3048869,1661,7.579949345849554e-06,0.0
DTXSID3048944,1661,0.3711787269537158,0.0
DTXSID3048948,1661,0.9994200174609291,1.0
DTXSID3048992,1661,0.0,0.0
DTXSID3048998,1661,0.0,0.0
DTXSID3049041,1661,0.0007220347085755743,0.0
DTXSID3049045,1661,0.0,0.0
DTXSID3049047,1661,0.9960210544920141,1.0
DTXSID3049049,1661,,
DTXSID3049201,1661,0.0,0.0
DTXSID3049203,1661,0.0,0.0
DTXSID3049205,1661,0.9934449753762693,1.0
DTXSID3049207,1661,1.8711379000699472e-06,0.0
DTXSID3049209,1661,0.0,0.0
DTXSID3049251,1661,0.0,0.0
DTXSID3049253,1661,0.9999999999946683,1.0
DTXSID3049255,1661,0.0,0.0
DTXSID3049257,1661,7.199926159992671e-12,0.0
DTXSID3049259,1661,0.0,0.0
DTXSID3049330,1661,0.0,0.0
DTXSID3049332,1661,0.05418647984337541,0.0
DTXSID3049334,1661,0.0,0.0
DTXSID3049336,1661,0.0,0.0
DTXSID3049338,1661,,
DTXSID3049380,1661,0.0,0.0
DTXSID3049382,1661,0.0,0.0
DTXSID3049384,1661,0.0,0.0
DTXSID3049386,1661,0.0,0.0
DTXSID3049388,1661,0.0,0.0
DTXSID3049411,1661,0.0,0.0
DTXSID3049413,1661,0.0,0.0
DTXSID3049415,1661,0.0,0.0
DTXSID3049417,1661,0.999999999755288,1.0
DTXSID3049419,1661,0.0,0.0
DTXSID3049461,1661,0.0,0.0
DTXSID3049463,1661,0.0,0.0
DTXSID3049465,1661,0.0,0.0
DTXSID3049467,1661,0.0,0.0
DTXSID3049469,1661,0.0,0.0
DTXSID3049540,1661,0.0,0.0
DTXSID3049542,1661,0.0,0.0
DTXSID3049544,1661,0.0007690516499943214,0.0
DTXSID3049546,1661,0.0,0.0
DTXSID3049548,1661,0.0,0.0
DTXSID3051381,1661,0.01498209305629904,0.0
DTXSID3051707,1661,0.0,0.0
DTXSID3051834,1661,3.3882868536537374e-05,0.0
DTXSID3051836,1661,5.198306992119688e-14,0.0
DTXSID3052010,1661,0.0,0.0
DTXSID3052060,1661,2.3025526971632123e-09,0.0
DTXSID3052228,1661,0.0,0.0
DTXSID3052278,1661,0.0,0.0
DTXSID3052301,1661,0.0,0.0
DTXSID3052307,1661,1.1762444358546543e-12,0.0
DTXSID3052309,1661,0.0,0.0
DTXSID3052511,1661,1.1202790265782977e-09,0.0
DTXSID3052567,1661,1.3476401214428807e-13,0.0
DTXSID3052648,1661,0.0,0.0
DTXSID3057640,1661,0.0,0.0
DTXSID3057642,1661,0.0,0.0
DTXSID3057644,1661,0.9462630624733542,1.0
DTXSID3057646,1661,0.0,0.0
DTXSID3057648,1661,0.0,0.0
DTXSID3057690,1661,0.0,0.0
DTXSID3057692,1661,,
DTXSID3057694,1661,0.0,0.0
DTXSID3057696,1661,0.0,0.0
DTXSID3057698,1661,0.0,0.0
DTXSID3057721,1661,,
DTXSID3057723,1661,7.634258996253159e-11,0.0
DTXSID3057725,1661,0.0,0.0
DTXSID3057727,1661,0.0,0.0
DTXSID3057729,1661,,
DTXSID3057771,1661,0.0004286648850585828,0.0
DTXSID3057773,1661,6.457827612622447e-09,0.0
DTXSID3057775,1661,,
DTXSID3057777,1661,0.0,0.0
DTXSID3057779,1661,,
DTXSID3057800,1661,0.0,0.0
DTXSID3057802,1661,,
DTXSID3057804,1661,0.0,0.0
DTXSID3057806,1661,0.0,0.0
DTXSID3057808,1661,0.0,0.0
DTXSID3057850,1661,0.0,0.0
DTXSID3057852,1661,0.019612984509602735,0.0
DTXSID3057854,1661,,
DTXSID3057856,1661,0.0,0.0
DTXSID3057858,1661,0.0,0.0
DTXSID4020032,1661,0.0,0.0
DTXSID4020086,1661,0.0,0.0
DTXSID4020088,1661,0.0,0.0
DTXSID4020113,1661,0.0,0.0
DTXSID4020117,1661,0.9996075847748905,1.0
DTXSID4020119,1661,0.44460519756856304,0.0
DTXSID4020161,1661,0.0,0.0
DTXSID4020167,1661,0.0,0.0
DTXSID4020240,1661,0.9951335619272539,1.0
DTXSID4020242,1661,0.9999999999998472,1.0
DTXSID4020244,1661,1.458028009568502e-06,0.0
DTXSID4020246,1661,6.774064858192221e-11,0.0
DTXSID4020248,1661,0.0,0.0
DTXSID4020290,1661,1.6133318309089064e-05,0.0
DTXSID4020292,1661,0.0,0.0
DTXSID4020294,1661,0.9999998100634229,1.0
DTXSID4020296,1661,0.0,0.0
DTXSID4020298,1661,0.0,0.0
DTXSID4020321,1661,5.0585706664811225e-08,0.0
DTXSID4020325,1661,0.0,0.0
DTXSID4020327,1661,0.0,0.0
DTXSID4020329,1661,0.0,0.0
DTXSID4020371,1661,0.0,0.0
DTXSID4020373,1661,0.7357441992968823,0.0
DTXSID4020375,1661,0.48286390579184324,0.0
DTXSID4020379,1661,0.9940130521946792,1.0
DTXSID4020400,1661,,
DTXSID4020402,1661,0.0,0.0
DTXSID4020406,1661,0.0,0.0
DTXSID4020450,1661,0.9712352110295757,1.0
DTXSID4020452,1661,0.0,0.0
DTXSID4020458,1661,5.916144691926866e-07,0.0
DTXSID4020533,1661,0.0,0.0
DTXSID4020535,1661,1.0,1.0
DTXSID4020537,1661,1.2174988419003758e-12,0.0
DTXSID4020539,1661,0.0,0.0
DTXSID4020581,1661,8.415455408799202e-08,0.0
DTXSID4020583,1661,0.0,0.0
DTXSID4020587,1661,,
DTXSID4020589,1661,0.00102922333016726,0.0
DTXSID4020612,1661,0.0,0.0
DTXSID4020614,1661,0.9951777839536522,1.0
DTXSID4020616,1661,0.0,0.0
DTXSID4020618,1661,0.0,0.0
DTXSID4020664,1661,0.0,0.0
DTXSID4020666,1661,1.7851213658182925e-12,0.0
DTXSID4020668,1661,0.0,0.0
DTXSID4020743,1661,0.10240399454829595,0.0
DTXSID4020745,1661,,
DTXSID4020749,1661,,
DTXSID4020791,1661,0.0,0.0
DTXSID4020820,1661,0.0,0.0
DTXSID4020822,1661,0.0,0.0
DTXSID4020826,1661,0.950868461418227,1.0
DTXSID4020828,1661,8.196097707225522e-11,0.0
DTXSID4020870,1661,0.999992371825895,1.0
DTXSID4020876,1661,0.9999686318833291,1.0
DTXSID4020878,1661,0.0,0.0
DTXSID4020901,1661,,
DTXSID4020957,1661,0.0,0.0
DTXSID4020959,1661,1.218384035349726e-12,0.0
DTXSID4021002,1661,0.0,0.0
DTXSID4021006,1661,0.0,0.0
DTXSID4021056,1661,0.0,0.0
DTXSID4021131,1661,,
DTXSID4021135,1661,,
DTXSID4021137,1661,0.0,0.0
DTXSID4021139,1661,,
DTXSID4021181,1661,0.013740367713076422,0.0
DTXSID4021185,1661,0.0,0.0
DTXSID4021189,1661,0.0,0.0
DTXSID4021212,1661,0.0,0.0
DTXSID4021214,1661,0.0,0.0
DTXSID4021216,1661,2.7872585022958494e-12,0.0
DTXSID4021218,1661,0.69561621459199,0.0
DTXSID4021264,1661,0.7851580603034265,0.0
DTXSID4021268,1661,0.0017786718505738283,0.0
DTXSID4021341,1661,0.9999999989889947,1.0
DTXSID4021343,1661,0.0,0.0
DTXSID4021347,1661,0.0,0.0
DTXSID4021391,1661,0.10447077584831535,0.0
DTXSID4021393,1661,0.0,0.0
DTXSID4021395,1661,4.231795677532672e-16,0.0
DTXSID4021397,1661,1.1733679530039651e-07,0.0
DTXSID4021424,1661,4.6645603933459294e-08,0.0
DTXSID4021426,1661,0.9999995972604458,1.0
DTXSID4021472,1661,2.9782785367470774e-13,0.0
DTXSID4021478,1661,0.9943286480902095,1.0
DTXSID4021503,1661,0.0,0.0
DTXSID4021553,1661,2.3809950642854826e-10,0.0
DTXSID4021557,1661,1.3040010189597968e-09,0.0
DTXSID4021559,1661,0.9994960925150583,1.0
DTXSID4021632,1661,,
DTXSID4021634,1661,0.0,0.0
DTXSID4021636,1661,0.0,0.0
DTXSID4021638,1661,0.0,0.0
DTXSID4021680,1661,0.9999999999998674,1.0
DTXSID4021684,1661,0.0,0.0
DTXSID4021688,1661,0.0,0.0
DTXSID4021715,1661,0.9997404538894377,1.0
DTXSID4021717,1661,1.5968263886063593e-09,0.0
DTXSID4021761,1661,0.0,0.0
DTXSID4021767,1661,0.0,0.0
DTXSID4021769,1661,3.5149043072075523e-09,0.0
DTXSID4021842,1661,0.0,0.0
DTXSID4021848,1661,0.0,0.0
DTXSID4021890,1661,0.0,0.0
DTXSID4021892,1661,0.0,0.0
DTXSID4021894,1661,1.8704643254906202e-16,0.0
DTXSID4021921,1661,0.9786793778214783,1.0
DTXSID4021923,1661,0.0,0.0
DTXSID4021925,1661,0.0,0.0
DTXSID4021929,1661,0.0,0.0
DTXSID4021971,1661,0.0,0.0
DTXSID4021973,1661,3.7276362026579796e-13,0.0
DTXSID4021975,1661,0.001459855991759071,0.0
DTXSID4021977,1661,0.0,0.0
DTXSID4021979,1661,0.0,0.0
DTXSID4022020,1661,2.677443350619218e-15,0.0
DTXSID4022070,1661,5.720589356237618e-11,0.0
DTXSID4022107,1661,0.0,0.0
DTXSID4022109,1661,5.030026361264885e-17,0.0
DTXSID4022153,1661,0.999999983491043,1.0
DTXSID4022159,1661,0.6647660429667134,0.0
DTXSID4022284,1661,0.0,0.0
DTXSID4022288,1661,,
DTXSID4022311,1661,,
DTXSID4022313,1661,5.0306845716965865e-08,0.0
DTXSID4022315,1661,0.15841020020632918,0.0
DTXSID4022361,1661,0.9808313920310959,1.0
DTXSID4022367,1661,0.7234408699440971,0.0
DTXSID4022369,1661,0.02746177239607804,0.0
DTXSID4022442,1661,0.0026341034605696454,0.0
DTXSID4022446,1661,0.0,0.0
DTXSID4022448,1661,1.0368546092988764e-07,0.0
DTXSID4022521,1661,0.0,0.0
DTXSID4022523,1661,0.0,0.0
DTXSID4022525,1661,0.13144298577066274,0.0
DTXSID4022527,1661,0.0,0.0
DTXSID4022529,1661,0.0,0.0
DTXSID4022573,1661,0.0,0.0
DTXSID4022579,1661,0.0,0.0
DTXSID4022602,1661,7.493025753089968e-09,0.0
DTXSID4022652,1661,0.2833789570973507,0.0
DTXSID4022658,1661,0.0,0.0
DTXSID4022731,1661,3.7156750512163933e-10,0.0
DTXSID4022783,1661,0.0,0.0
DTXSID4022785,1661,0.0,0.0
DTXSID4022810,1661,0.13157093594782568,0.0
DTXSID4022812,1661,0.0,0.0
DTXSID4022816,1661,8.871879083357896e-06,0.0
DTXSID4022866,1661,0.47873635657320096,0.0
DTXSID4022868,1661,0.0,0.0
DTXSID4022947,1661,0.0,0.0
DTXSID4022949,1661,0.0,0.0
DTXSID4022991,1661,0.0,0.0
DTXSID4022999,1661,0.9983958037731664,1.0
DTXSID4023042,1661,0.0,0.0
DTXSID4023094,1661,0.6399974451391726,0.0
DTXSID4023096,1661,2.10900604725842e-09,0.0
DTXSID4023125,1661,0.0,0.0
DTXSID4023175,1661,0.0,0.0
DTXSID4023177,1661,,
DTXSID4023179,1661,1.0822381290939155e-08,0.0
DTXSID4023200,1661,,
DTXSID4023202,1661,0.0,0.0
DTXSID4023252,1661,2.2884469077108196e-12,0.0
DTXSID4023254,1661,0.0,0.0
DTXSID4023333,1661,0.9985551133753551,1.0
DTXSID4023385,1661,7.385796651542244e-11,0.0
DTXSID4023387,1661,0.0,0.0
DTXSID4023412,1661,0.0,0.0
DTXSID4023414,1661,0.0,0.0
DTXSID4023416,1661,0.0,0.0
DTXSID4023460,1661,0.0,0.0
DTXSID4023462,1661,0.0,0.0
DTXSID4023541,1661,6.560667439395102e-15,0.0
DTXSID4023549,1661,1.8043317542289986e-18,0.0
DTXSID4023591,1661,0.0,0.0
DTXSID4023595,1661,0.0,0.0
DTXSID4023620,1661,5.554041741647442e-09,0.0
DTXSID4023622,1661,0.0,0.0
DTXSID4023624,1661,0.0,0.0
DTXSID4023626,1661,0.0,0.0
DTXSID4023628,1661,0.0,0.0
DTXSID4023672,1661,,
DTXSID4023674,1661,8.932037359272991e-10,0.0
DTXSID4023676,1661,0.0,0.0
DTXSID4023678,1661,0.0,0.0
DTXSID4023753,1661,0.7839684510122509,0.0
DTXSID4023917,1661,0.0,0.0
DTXSID4024012,1661,1.9510051834378674e-10,0.0
DTXSID4024014,1661,0.0,0.0
DTXSID4024018,1661,4.090122585298889e-11,0.0
DTXSID4024062,1661,7.083947386525105e-12,0.0
DTXSID4024064,1661,0.999999999907085,1.0
DTXSID4024066,1661,0.8463077593389824,0.0
DTXSID4024143,1661,4.5382775724288106e-14,0.0
DTXSID4024145,1661,0.0,0.0
DTXSID4024193,1661,0.0,0.0
DTXSID4024195,1661,0.0,0.0
DTXSID4024222,1661,4.158050239690909e-09,0.0
DTXSID4024270,1661,0.9232710300431582,1.0
DTXSID4024272,1661,4.6832523427596083e-07,0.0
DTXSID4024274,1661,0.9999976761995654,1.0
DTXSID4024276,1661,0.9999969416001474,1.0
DTXSID4024303,1661,,
DTXSID4024359,1661,0.9660142911804542,1.0
DTXSID4024436,1661,1.2075296698940707e-08,0.0
DTXSID4024484,1661,,
DTXSID4024488,1661,,
DTXSID4024515,1661,0.0,0.0
DTXSID4024640,1661,0.0,0.0
DTXSID4024642,1661,,
DTXSID4024644,1661,0.0,0.0
DTXSID4024646,1661,0.0,0.0
DTXSID4024690,1661,0.0,0.0
DTXSID4024692,1661,0.0,0.0
DTXSID4024696,1661,,
DTXSID4024721,1661,0.0,0.0
DTXSID4024729,1661,0.0,0.0
DTXSID4024771,1661,0.0,0.0
DTXSID4024773,1661,0.0,0.0
DTXSID4024775,1661,0.0,0.0
DTXSID4024800,1661,0.0,0.0
DTXSID4024858,1661,0.0,0.0
DTXSID4024931,1661,0.0,0.0
DTXSID4024937,1661,0.0,0.0
DTXSID4024981,1661,9.213934439123832e-10,0.0
DTXSID4024983,1661,0.0,0.0
DTXSID4024985,1661,0.0,0.0
DTXSID4025080,1661,0.0,0.0
DTXSID4025082,1661,0.0,0.0
DTXSID4025086,1661,0.0,0.0
DTXSID4025111,1661,0.0,0.0
DTXSID4025113,1661,0.0,0.0
DTXSID4025117,1661,5.904469607176104e-06,0.0
DTXSID4025165,1661,0.0,0.0
DTXSID4025167,1661,1.904387187111143e-12,0.0
DTXSID4025240,1661,0.0,0.0
DTXSID4025242,1661,0.0,0.0
DTXSID4025292,1661,4.9367412730397045e-12,0.0
DTXSID4025296,1661,0.0,0.0
DTXSID4025298,1661,0.0,0.0
DTXSID4025329,1661,,
DTXSID4025371,1661,0.0,0.0
DTXSID4025402,1661,0.0,0.0
DTXSID4025404,1661,0.0,0.0
DTXSID4025406,1661,1.7632043721989086e-18,0.0
DTXSID4025454,1661,,
DTXSID4025581,1661,,
DTXSID4025587,1661,0.0,0.0
DTXSID4025610,1661,0.0,0.0
DTXSID4025612,1661,0.0,0.0
DTXSID4025662,1661,3.4721863388442994e-14,0.0
DTXSID4025668,1661,0.0,0.0
DTXSID4025741,1661,0.0,0.0
DTXSID4025743,1661,0.0,0.0
DTXSID4025745,1661,0.0,0.0
DTXSID4025749,1661,0.0,0.0
DTXSID4025791,1661,0.0,0.0
DTXSID4025793,1661,5.830106352910601e-15,0.0
DTXSID4025824,1661,0.0,0.0
DTXSID4025903,1661,,
DTXSID4026000,1661,0.0,0.0
DTXSID4026050,1661,,
DTXSID4026054,1661,5.132670328084231e-16,0.0
DTXSID4026137,1661,0.9998810531295117,1.0
DTXSID4026139,1661,0.0,0.0
DTXSID4026181,1661,0.999999907730609,1.0
DTXSID4026183,1661,0.0,0.0
DTXSID4026212,1661,0.9999267135228082,1.0
DTXSID4026214,1661,0.9793712909092864,1.0
DTXSID4026216,1661,0.0,0.0
DTXSID4026262,1661,0.9637533340573256,1.0
DTXSID4026266,1661,1.2494589732090496e-06,0.0
DTXSID4026422,1661,0.0,0.0
DTXSID4026472,1661,,
DTXSID4026501,1661,0.0,0.0
DTXSID4026505,1661,,
DTXSID4026557,1661,1.7378318442747742e-18,0.0
DTXSID4026684,1661,5.841618831094621e-16,0.0
DTXSID4026711,1661,0.0,0.0
DTXSID4026713,1661,0.0,0.0
DTXSID4026715,1661,0.0,0.0
DTXSID4026765,1661,0.0,0.0
DTXSID4026769,1661,1.3520501157376088e-13,0.0
DTXSID4026842,1661,0.0,0.0
DTXSID4026894,1661,0.0,0.0
DTXSID4026921,1661,0.0,0.0
DTXSID4026927,1661,0.0,0.0
DTXSID4026975,1661,0.0,0.0
DTXSID4026979,1661,0.0,0.0
DTXSID4027026,1661,0.0,0.0
DTXSID4027072,1661,0.0,0.0
DTXSID4027076,1661,2.3003260699481846e-11,0.0
DTXSID4027103,1661,1.1644137204819965e-05,0.0
DTXSID4027109,1661,6.366377989022174e-13,0.0
DTXSID4027153,1661,1.210585444828626e-10,0.0
DTXSID4027159,1661,0.0,0.0
DTXSID4027234,1661,0.0,0.0
DTXSID4027236,1661,0.0,0.0
DTXSID4027280,1661,0.0,0.0
DTXSID4027282,1661,7.161613224404353e-16,0.0
DTXSID4027284,1661,0.0,0.0
DTXSID4027288,1661,0.0,0.0
DTXSID4027319,1661,,
DTXSID4027361,1661,0.0,0.0
DTXSID4027367,1661,0.0,0.0
DTXSID4027490,1661,0.0,0.0
DTXSID4027494,1661,,
DTXSID4027496,1661,5.5983750089539984e-14,0.0
DTXSID4027498,1661,0.0,0.0
DTXSID4027521,1661,0.0,0.0
DTXSID4027525,1661,8.0625395703922e-16,0.0
DTXSID4027527,1661,0.9944761847879277,1.0
DTXSID4027529,1661,1.709858483947273e-08,0.0
DTXSID4027577,1661,0.0,0.0
DTXSID4027579,1661,1.408688476993234e-11,0.0
DTXSID4027600,1661,0.0,0.0
DTXSID4027604,1661,,
DTXSID4027608,1661,6.85195386760921e-10,0.0
DTXSID4027650,1661,0.0,0.0
DTXSID4027652,1661,0.0,0.0
DTXSID4027656,1661,1.3170279711921218e-14,0.0
DTXSID4027658,1661,7.146893011544166e-13,0.0
DTXSID4027781,1661,0.0,0.0
DTXSID4027789,1661,0.0,0.0
DTXSID4027866,1661,0.0,0.0
DTXSID4027868,1661,1.0310570202987164e-16,0.0
DTXSID4027991,1661,1.0602264505153311e-09,0.0
DTXSID4027997,1661,0.0,0.0
DTXSID4028040,1661,0.0,0.0
DTXSID4028460,1661,0.9896281976269499,1.0
DTXSID4028880,1661,0.9594505512135288,1.0
DTXSID4028967,1661,0.0,0.0
DTXSID4029062,1661,0.0,0.0
DTXSID4029143,1661,0.0,0.0
DTXSID4029145,1661,3.917051520039876e-15,0.0
DTXSID4029149,1661,0.0,0.0
DTXSID4029195,1661,0.0,0.0
DTXSID4029220,1661,0.0,0.0
DTXSID4029224,1661,0.0,0.0
DTXSID4029353,1661,3.6782476225331053e-09,0.0
DTXSID4029359,1661,0.0,0.0
DTXSID4029565,1661,0.0,0.0
DTXSID4029690,1661,0.0,0.0
DTXSID4029692,1661,2.3649080060785657e-15,0.0
DTXSID4029698,1661,0.0,0.0
DTXSID4029806,1661,3.668167932520359e-12,0.0
DTXSID4030047,1661,0.0,0.0
DTXSID4030336,1661,8.22581412888435e-13,0.0
DTXSID4030384,1661,2.6346451901776036e-14,0.0
DTXSID4031356,1661,1.4795495821184261e-08,0.0
DTXSID4031980,1661,,
DTXSID4032372,1661,0.9947725341663433,1.0
DTXSID4032374,1661,0.9999568601367487,1.0
DTXSID4032376,1661,0.015884328181224743,0.0
DTXSID4032378,1661,0.02698726916290869,0.0
DTXSID4032405,1661,7.71987962276088e-05,0.0
DTXSID4032459,1661,0.0,0.0
DTXSID4032532,1661,0.0,0.0
DTXSID4032536,1661,0.0,0.0
DTXSID4032580,1661,0.9999999994367381,1.0
DTXSID4032611,1661,0.0,0.0
DTXSID4032613,1661,3.0441358599641203e-10,0.0
DTXSID4032615,1661,4.120105924186015e-16,0.0
DTXSID4032619,1661,4.089917962883984e-17,0.0
DTXSID4032667,1661,0.0023538518870447876,0.0
DTXSID4032954,1661,0.0,0.0
DTXSID4033390,1661,,
DTXSID4034102,1661,,
DTXSID4034150,1661,0.0005763881766961391,0.0
DTXSID4034287,1661,,
DTXSID4034497,1661,0.814726678333839,0.0
DTXSID4034528,1661,5.968715444948381e-07,0.0
DTXSID4034576,1661,0.9864397590211351,1.0
DTXSID4034601,1661,0.0,0.0
DTXSID4034609,1661,0.9783976688258526,1.0
DTXSID4034653,1661,0.9230676583362446,1.0
DTXSID4034788,1661,0.0,0.0
DTXSID4034869,1661,0.027998694986895143,0.0
DTXSID4034948,1661,0.003805473560650544,0.0
DTXSID4035209,1661,0.0,0.0
DTXSID4035592,1661,0.0,0.0
DTXSID4035708,1661,0.967645581605292,1.0
DTXSID4035839,1661,0.0,0.0
DTXSID4036229,1661,0.0,0.0
DTXSID4036435,1661,,
DTXSID4036489,1661,0.0018197874179705826,0.0
DTXSID4036514,1661,0.9766975011442934,1.0
DTXSID4037580,1661,0.0,0.0
DTXSID4037582,1661,,
DTXSID4037584,1661,0.0,0.0
DTXSID4037617,1661,0.29707871495425575,0.0
DTXSID4037748,1661,7.984588671991274e-11,0.0
DTXSID4038346,1661,0.0,0.0
DTXSID4038762,1661,1.182670036117113e-11,0.0
DTXSID4038847,1661,0.0,0.0
DTXSID4038899,1661,0.0,0.0
DTXSID4038922,1661,0.9806130466960047,1.0
DTXSID4038924,1661,2.8506177528919067e-15,0.0
DTXSID4038926,1661,4.391782928946019e-08,0.0
DTXSID4039231,1661,8.919781622113166e-09,0.0
DTXSID4039233,1661,0.0,0.0
DTXSID4039235,1661,0.0,0.0
DTXSID4039657,1661,7.334032189287327e-11,0.0
DTXSID4040002,1661,0.0,0.0
DTXSID4040264,1661,0.9841880056417011,1.0
DTXSID4040268,1661,0.9973495138594265,1.0
DTXSID4040343,1661,0.3361861039130885,0.0
DTXSID4040476,1661,4.3314301605686955e-09,0.0
DTXSID4040682,1661,0.0,0.0
DTXSID4040686,1661,0.0,0.0
DTXSID4040711,1661,2.1505799274090128e-05,0.0
DTXSID4040713,1661,0.999999999924492,1.0
DTXSID4040715,1661,0.0030750119633793003,0.0
DTXSID4040719,1661,0.0,0.0
DTXSID4040765,1661,0.0,0.0
DTXSID4040767,1661,0.9999678890230423,1.0
DTXSID4040979,1661,0.8479324459022902,0.0
DTXSID4041070,1661,0.999999999974772,1.0
DTXSID4041230,1661,0.0,0.0
DTXSID4041232,1661,0.0,0.0
DTXSID4041234,1661,0.0,0.0
DTXSID4041238,1661,0.0,0.0
DTXSID4041280,1661,0.0,0.0
DTXSID4041317,1661,1.2240022613688712e-12,0.0
DTXSID4041361,1661,0.0,0.0
DTXSID4041363,1661,0.0,0.0
DTXSID4041367,1661,0.9999993949003455,1.0
DTXSID4041440,1661,0.0015718208155296907,0.0
DTXSID4041442,1661,0.0,0.0
DTXSID4041444,1661,0.0,0.0
DTXSID4041446,1661,0.0,0.0
DTXSID4041490,1661,0.0,0.0
DTXSID4041492,1661,0.0,0.0
DTXSID4041494,1661,0.0,0.0
DTXSID4041521,1661,1.1323316560446523e-13,0.0
DTXSID4041527,1661,2.862849831833043e-16,0.0
DTXSID4041529,1661,0.0,0.0
DTXSID4041573,1661,0.0,0.0
DTXSID4041575,1661,0.0,0.0
DTXSID4041600,1661,0.020715939048424,0.0
DTXSID4041604,1661,,
DTXSID4041654,1661,0.9796512531249906,1.0
DTXSID4041656,1661,,
DTXSID4041783,1661,0.0,0.0
DTXSID4041812,1661,0.0,0.0
DTXSID4041818,1661,0.0,0.0
DTXSID4041995,1661,,
DTXSID4041997,1661,8.759367326442023e-07,0.0
DTXSID4042090,1661,0.991015107794444,1.0
DTXSID4042094,1661,0.0,0.0
DTXSID4042096,1661,0.0,0.0
DTXSID4042121,1661,0.0,0.0
DTXSID4042123,1661,0.9999999999925371,1.0
DTXSID4042129,1661,1.0,1.0
DTXSID4042171,1661,0.0,0.0
DTXSID4042206,1661,0.0,0.0
DTXSID4042208,1661,4.685051118610818e-14,0.0
DTXSID4042252,1661,1.366643942067545e-05,0.0
DTXSID4042254,1661,0.0,0.0
DTXSID4042256,1661,0.03480154021820473,0.0
DTXSID4042335,1661,0.0,0.0
DTXSID4042337,1661,0.0,0.0
DTXSID4042416,1661,0.0,0.0
DTXSID4042418,1661,0.0,0.0
DTXSID4042462,1661,0.9999999984905587,1.0
DTXSID4042468,1661,1.4480169284103378e-12,0.0
DTXSID4042622,1661,,
DTXSID4043777,1661,,
DTXSID4043850,1661,9.476378732440921e-18,0.0
DTXSID4043937,1661,0.0,0.0
DTXSID4044161,1661,0.9999999963823504,1.0
DTXSID4044371,1661,9.494741615862452e-17,0.0
DTXSID4044373,1661,0.0,0.0
DTXSID4044375,1661,0.0,0.0
DTXSID4044379,1661,0.9999998567131396,1.0
DTXSID4044400,1661,0.0,0.0
DTXSID4044402,1661,0.0,0.0
DTXSID4044404,1661,1.1187199584196767e-10,0.0
DTXSID4044408,1661,0.0,0.0
DTXSID4044450,1661,0.0,0.0
DTXSID4044452,1661,0.0,0.0
DTXSID4044454,1661,0.9078795526465652,1.0
DTXSID4044456,1661,0.0,0.0
DTXSID4044458,1661,0.0,0.0
DTXSID4044533,1661,6.438059157231286e-06,0.0
DTXSID4044535,1661,0.0,0.0
DTXSID4044537,1661,0.0,0.0
DTXSID4044581,1661,0.0,0.0
DTXSID4044585,1661,4.896671878562657e-08,0.0
DTXSID4044587,1661,,
DTXSID4044589,1661,0.0,0.0
DTXSID4044616,1661,0.0,0.0
DTXSID4044618,1661,0.0,0.0
DTXSID4044660,1661,0.0,0.0
DTXSID4044662,1661,0.0,0.0
DTXSID4044664,1661,,
DTXSID4044668,1661,2.7458910420595708e-08,0.0
DTXSID4044743,1661,0.0,0.0
DTXSID4044745,1661,0.0,0.0
DTXSID4044747,1661,0.0,0.0
DTXSID4044791,1661,,
DTXSID4044793,1661,0.0,0.0
DTXSID4044799,1661,0.0,0.0
DTXSID4044820,1661,0.0,0.0
DTXSID4044822,1661,0.0,0.0
DTXSID4044824,1661,0.0,0.0
DTXSID4044826,1661,0.0,0.0
DTXSID4044828,1661,0.0,0.0
DTXSID4044870,1661,0.0,0.0
DTXSID4044872,1661,0.07424840100198044,0.0
DTXSID4044874,1661,0.0,0.0
DTXSID4044876,1661,0.0,0.0
DTXSID4044878,1661,0.0,0.0
DTXSID4044901,1661,9.07585119587249e-09,0.0
DTXSID4044903,1661,0.0,0.0
DTXSID4044905,1661,1.1701225546156354e-11,0.0
DTXSID4044909,1661,,
DTXSID4044951,1661,0.0,0.0
DTXSID4044953,1661,0.0,0.0
DTXSID4044955,1661,,
DTXSID4045002,1661,0.0,0.0
DTXSID4045131,1661,7.3386233387504325e-09,0.0
DTXSID4045133,1661,0.0,0.0
DTXSID4045139,1661,0.0,0.0
DTXSID4045181,1661,0.9200823649619023,1.0
DTXSID4045183,1661,0.0,0.0
DTXSID4045187,1661,2.2272294806813116e-05,0.0
DTXSID4045189,1661,0.0,0.0
DTXSID4045210,1661,6.174739380434361e-12,0.0
DTXSID4045262,1661,0.0,0.0
DTXSID4045341,1661,0.0,0.0
DTXSID4045343,1661,0.7649306115248927,0.0
DTXSID4045345,1661,0.0,0.0
DTXSID4045347,1661,3.5962498108658664e-11,0.0
DTXSID4045391,1661,0.0,0.0
DTXSID4045393,1661,1.2468109728914926e-10,0.0
DTXSID4045420,1661,,
DTXSID4045422,1661,0.0,0.0
DTXSID4045424,1661,0.0,0.0
DTXSID4045472,1661,,
DTXSID4045474,1661,0.9460671263322514,1.0
DTXSID4045478,1661,9.060432509802394e-13,0.0
DTXSID4045551,1661,2.2432554447582577e-11,0.0
DTXSID4045555,1661,0.0,0.0
DTXSID4045632,1661,0.0,0.0
DTXSID4045636,1661,0.008466418901329133,0.0
DTXSID4045638,1661,0.999930636141122,1.0
DTXSID4045680,1661,0.0,0.0
DTXSID4045682,1661,0.0,0.0
DTXSID4045686,1661,0.0,0.0
DTXSID4045688,1661,0.0,0.0
DTXSID4045763,1661,0.0,0.0
DTXSID4045765,1661,0.0,0.0
DTXSID4045767,1661,1.6085636428601948e-11,0.0
DTXSID4045769,1661,0.0,0.0
DTXSID4045848,1661,0.6945072890494145,0.0
DTXSID4045892,1661,0.0,0.0
DTXSID4045896,1661,0.0,0.0
DTXSID4045898,1661,6.535357160937747e-06,0.0
DTXSID4045921,1661,,
DTXSID4045927,1661,4.757943983227083e-13,0.0
DTXSID4045973,1661,0.9999835755231895,1.0
DTXSID4045975,1661,4.80740939279947e-08,0.0
DTXSID4046020,1661,3.64884382097046e-14,0.0
DTXSID4046024,1661,1.811586135966528e-09,0.0
DTXSID4046076,1661,2.186545845496369e-08,0.0
DTXSID4046101,1661,0.9999999999874376,1.0
DTXSID4046107,1661,0.0,0.0
DTXSID4046109,1661,3.1627061185654434e-11,0.0
DTXSID4046151,1661,0.0,0.0
DTXSID4046153,1661,1.1271011071845035e-16,0.0
DTXSID4046157,1661,0.0,0.0
DTXSID4046159,1661,0.0,0.0
DTXSID4046282,1661,0.0,0.0
DTXSID4046284,1661,0.9999922767211867,1.0
DTXSID4046286,1661,0.0,0.0
DTXSID4046288,1661,0.0,0.0
DTXSID4046313,1661,,
DTXSID4046315,1661,0.0,0.0
DTXSID4046440,1661,0.0,0.0
DTXSID4046442,1661,9.331250558449317e-12,0.0
DTXSID4046448,1661,0.9984088864181935,1.0
DTXSID4046490,1661,0.0,0.0
DTXSID4046492,1661,1.5432010106321647e-12,0.0
DTXSID4046523,1661,0.0,0.0
DTXSID4046525,1661,0.0,0.0
DTXSID4046529,1661,0.0029607885549333803,0.0
DTXSID4046579,1661,0.0,0.0
DTXSID4046600,1661,,
DTXSID4046602,1661,0.0,0.0
DTXSID4046604,1661,0.0,0.0
DTXSID4046606,1661,0.46892592409087946,0.0
DTXSID4046652,1661,0.0,0.0
DTXSID4046739,1661,0.0,0.0
DTXSID4046810,1661,1.1169776165908274e-12,0.0
DTXSID4046864,1661,0.0,0.0
DTXSID4046949,1661,3.421842236506724e-07,0.0
DTXSID4046999,1661,0.0,0.0
DTXSID4047040,1661,0.0,0.0
DTXSID4047042,1661,0.0,0.0
DTXSID4047044,1661,0.0,0.0
DTXSID4047046,1661,1.2084720806448137e-07,0.0
DTXSID4047090,1661,0.0,0.0
DTXSID4047092,1661,0.0,0.0
DTXSID4047094,1661,,
DTXSID4047096,1661,0.0,0.0
DTXSID4047098,1661,0.0,0.0
DTXSID4047121,1661,0.0,0.0
DTXSID4047123,1661,0.0,0.0
DTXSID4047125,1661,0.0,0.0
DTXSID4047127,1661,2.5202738775179624e-12,0.0
DTXSID4047129,1661,4.614217900561841e-19,0.0
DTXSID4047173,1661,0.0,0.0
DTXSID4047177,1661,0.0,0.0
DTXSID4047179,1661,0.0,0.0
DTXSID4047200,1661,0.0,0.0
DTXSID4047202,1661,5.333453726429448e-15,0.0
DTXSID4047206,1661,1.5292386743296501e-09,0.0
DTXSID4047252,1661,1.7287761003651217e-15,0.0
DTXSID4047254,1661,0.0,0.0
DTXSID4047258,1661,1.461589402388971e-15,0.0
DTXSID4047331,1661,0.0,0.0
DTXSID4047333,1661,2.3659127824819236e-17,0.0
DTXSID4047335,1661,0.0,0.0
DTXSID4047337,1661,1.5220848085671899e-10,0.0
DTXSID4047339,1661,1.3589956822110246e-10,0.0
DTXSID4047381,1661,0.9982898486001345,1.0
DTXSID4047383,1661,1.8823080393234262e-16,0.0
DTXSID4047385,1661,4.1123532093603005e-14,0.0
DTXSID4047387,1661,0.9917043257688264,1.0
DTXSID4047389,1661,0.0,0.0
DTXSID4047410,1661,0.0,0.0
DTXSID4047412,1661,0.0,0.0
DTXSID4047414,1661,0.2945174169812515,0.0
DTXSID4047416,1661,0.0,0.0
DTXSID4047418,1661,0.0,0.0
DTXSID4047462,1661,1.946102487880923e-11,0.0
DTXSID4047464,1661,0.0,0.0
DTXSID4047466,1661,0.0,0.0
DTXSID4047468,1661,0.0,0.0
DTXSID4047543,1661,0.0,0.0
DTXSID4047545,1661,1.4285925024298944e-08,0.0
DTXSID4047547,1661,0.0,0.0
DTXSID4047549,1661,0.0,0.0
DTXSID4047591,1661,0.0,0.0
DTXSID4047593,1661,1.565168663319546e-11,0.0
DTXSID4047597,1661,0.0,0.0
DTXSID4047599,1661,0.0,0.0
DTXSID4047620,1661,3.1723335872152495e-14,0.0
DTXSID4047622,1661,2.0161491041970307e-17,0.0
DTXSID4047624,1661,0.0,0.0
DTXSID4047628,1661,0.0,0.0
DTXSID4047670,1661,0.0,0.0
DTXSID4047672,1661,0.016719965357462157,0.0
DTXSID4047674,1661,5.076877139139848e-12,0.0
DTXSID4047678,1661,0.0,0.0
DTXSID4047703,1661,0.0,0.0
DTXSID4047705,1661,0.0,0.0
DTXSID4047707,1661,0.0,0.0
DTXSID4047709,1661,0.0,0.0
DTXSID4047838,1661,,
DTXSID4047880,1661,0.0,0.0
DTXSID4047882,1661,,
DTXSID4047884,1661,0.0,0.0
DTXSID4047886,1661,1.8128915368907014e-10,0.0
DTXSID4047888,1661,0.0,0.0
DTXSID4047911,1661,0.0,0.0
DTXSID4047913,1661,0.9999999727219471,1.0
DTXSID4047915,1661,0.9999890235695493,1.0
DTXSID4047917,1661,0.999999999401597,1.0
DTXSID4047919,1661,0.9999999564326015,1.0
DTXSID4047961,1661,,
DTXSID4047963,1661,0.9834221020393492,1.0
DTXSID4047965,1661,0.0,0.0
DTXSID4047967,1661,7.406484689267202e-11,0.0
DTXSID4047969,1661,0.0,0.0
DTXSID4048191,1661,0.960687396655347,1.0
DTXSID4048193,1661,0.0,0.0
DTXSID4048195,1661,0.0,0.0
DTXSID4048199,1661,,
DTXSID4048511,1661,0.987638682744501,1.0
DTXSID4048513,1661,0.982491754230057,1.0
DTXSID4048519,1661,0.9964060902310587,1.0
DTXSID4048644,1661,0.9877596636152133,1.0
DTXSID4048690,1661,0.9999998568335845,1.0
DTXSID4048692,1661,,
DTXSID4048694,1661,0.0,0.0
DTXSID4048696,1661,0.0,0.0
DTXSID4048698,1661,0.034492271266212196,0.0
DTXSID4048721,1661,0.0,0.0
DTXSID4048725,1661,0.0,0.0
DTXSID4048727,1661,0.9999999999990473,1.0
DTXSID4048773,1661,0.0,0.0
DTXSID4048777,1661,0.0,0.0
DTXSID4048800,1661,0.0,0.0
DTXSID4048802,1661,0.0,0.0
DTXSID4048804,1661,0.0,0.0
DTXSID4048806,1661,0.0,0.0
DTXSID4048808,1661,0.0,0.0
DTXSID4048850,1661,0.0,0.0
DTXSID4048852,1661,,
DTXSID4048854,1661,0.0,0.0
DTXSID4048856,1661,9.565297601910526e-10,0.0
DTXSID4048858,1661,3.6169166816790656e-14,0.0
DTXSID4048933,1661,7.425283824973518e-11,0.0
DTXSID4048935,1661,6.93712107041512e-08,0.0
DTXSID4048937,1661,1.5113104410878911e-09,0.0
DTXSID4048983,1661,0.9999999999999982,1.0
DTXSID4049032,1661,0.0,0.0
DTXSID4049034,1661,0.0,0.0
DTXSID4049036,1661,0.0,0.0
DTXSID4049038,1661,0.0,0.0
DTXSID4049080,1661,0.0,0.0
DTXSID4049082,1661,0.008195106622896488,0.0
DTXSID4049240,1661,0.0,0.0
DTXSID4049242,1661,0.0,0.0
DTXSID4049244,1661,0.0,0.0
DTXSID4049246,1661,0.0,0.0
DTXSID4049248,1661,0.0,0.0
DTXSID4049290,1661,0.9147298980238042,1.0
DTXSID4049292,1661,0.0,0.0
DTXSID4049294,1661,0.0,0.0
DTXSID4049296,1661,0.0,0.0
DTXSID4049298,1661,0.9999999928971826,1.0
DTXSID4049321,1661,2.612970574976885e-09,0.0
DTXSID4049323,1661,0.0,0.0
DTXSID4049325,1661,1.8433199185013502e-10,0.0
DTXSID4049327,1661,,
DTXSID4049329,1661,0.0,0.0
DTXSID4049371,1661,0.0,0.0
DTXSID4049373,1661,0.0,0.0
DTXSID4049375,1661,0.0,0.0
DTXSID4049377,1661,1.5805212268469682e-06,0.0
DTXSID4049379,1661,0.0,0.0
DTXSID4049400,1661,0.0,0.0
DTXSID4049402,1661,2.770364863473915e-08,0.0
DTXSID4049404,1661,0.0,0.0
DTXSID4049406,1661,,
DTXSID4049408,1661,0.0,0.0
DTXSID4049450,1661,0.0,0.0
DTXSID4049452,1661,0.0,0.0
DTXSID4049454,1661,0.0,0.0
DTXSID4049456,1661,0.0,0.0
DTXSID4049458,1661,0.0,0.0
DTXSID4049531,1661,0.0,0.0
DTXSID4049533,1661,4.4445278654891176e-13,0.0
DTXSID4049535,1661,0.0,0.0
DTXSID4049537,1661,0.0,0.0
DTXSID4049539,1661,0.0,0.0
DTXSID4051536,1661,0.0,0.0
DTXSID4051580,1661,0.0,0.0
DTXSID4051586,1661,0.0,0.0
DTXSID4051619,1661,0.0,0.0
DTXSID4051900,1661,0.0,0.0
DTXSID4052132,1661,0.0,0.0
DTXSID4052186,1661,4.155095312030656e-08,0.0
DTXSID4052213,1661,0.0,0.0
DTXSID4052267,1661,,
DTXSID4052269,1661,0.7329304973412789,0.0
DTXSID4052342,1661,0.0,0.0
DTXSID4052502,1661,0.9785923327709615,1.0
DTXSID4052506,1661,2.2975859028946707e-18,0.0
DTXSID4052550,1661,0.0,0.0
DTXSID4052554,1661,0.0,0.0
DTXSID4057631,1661,0.0,0.0
DTXSID4057633,1661,0.7528266821962074,0.0
DTXSID4057635,1661,0.0,0.0
DTXSID4057637,1661,0.0,0.0
DTXSID4057639,1661,0.0,0.0
DTXSID4057681,1661,0.9567445113931249,1.0
DTXSID4057683,1661,,
DTXSID4057685,1661,0.0,0.0
DTXSID4057687,1661,0.0,0.0
DTXSID4057689,1661,0.0,0.0
DTXSID4057710,1661,0.0,0.0
DTXSID4057712,1661,2.5863960056965236e-12,0.0
DTXSID4057714,1661,0.09203967071324241,0.0
DTXSID4057716,1661,,
DTXSID4057718,1661,0.0,0.0
DTXSID4057760,1661,0.0,0.0
DTXSID4057762,1661,0.0,0.0
DTXSID4057764,1661,0.0,0.0
DTXSID4057766,1661,0.22888974713201257,0.0
DTXSID4057768,1661,0.0,0.0
DTXSID4057841,1661,0.0,0.0
DTXSID4057843,1661,0.0,0.0
DTXSID4057845,1661,0.0,0.0
DTXSID4057847,1661,,
DTXSID4057849,1661,0.9998928792123926,1.0
DTXSID4058655,1661,0.0458639093783407,0.0
DTXSID5020021,1661,2.114805024736712e-12,0.0
DTXSID5020023,1661,0.0,0.0
DTXSID5020027,1661,0.0,0.0
DTXSID5020029,1661,0.0,0.0
DTXSID5020071,1661,,
DTXSID5020079,1661,0.0,0.0
DTXSID5020106,1661,0.0,0.0
DTXSID5020108,1661,2.0424050141439984e-09,0.0
DTXSID5020152,1661,0.0,0.0
DTXSID5020154,1661,0.9876781171031312,1.0
DTXSID5020156,1661,0.0,0.0
DTXSID5020231,1661,0.0,0.0
DTXSID5020233,1661,0.9908201891488168,1.0
DTXSID5020235,1661,0.0,0.0
DTXSID5020239,1661,0.9948641911807942,1.0
DTXSID5020281,1661,0.0,0.0
DTXSID5020283,1661,,
DTXSID5020287,1661,0.0,0.0
DTXSID5020310,1661,1.3145652217282347e-17,0.0
DTXSID5020312,1661,0.996033307668456,1.0
DTXSID5020314,1661,1.318085647775234e-18,0.0
DTXSID5020360,1661,0.0,0.0
DTXSID5020366,1661,0.8811298047440859,0.0
DTXSID5020368,1661,0.14481123252212535,0.0
DTXSID5020441,1661,0.0,0.0
DTXSID5020443,1661,6.941886788214269e-09,0.0
DTXSID5020445,1661,0.0,0.0
DTXSID5020447,1661,8.346399621650053e-06,0.0
DTXSID5020449,1661,2.044827868748254e-12,0.0
DTXSID5020491,1661,,
DTXSID5020493,1661,8.628111200913447e-17,0.0
DTXSID5020497,1661,0.0,0.0
DTXSID5020499,1661,4.78140642318956e-14,0.0
DTXSID5020520,1661,2.10081339720534e-14,0.0
DTXSID5020528,1661,0.0,0.0
DTXSID5020570,1661,0.0,0.0
DTXSID5020576,1661,0.7316514681676012,0.0
DTXSID5020601,1661,0.0,0.0
DTXSID5020603,1661,0.0,0.0
DTXSID5020605,1661,0.0,0.0
DTXSID5020607,1661,0.0,0.0
DTXSID5020653,1661,0.9999999999968736,1.0
DTXSID5020730,1661,0.9999999999998661,1.0
DTXSID5020732,1661,1.7762152523408335e-18,0.0
DTXSID5020738,1661,5.56611411152694e-13,0.0
DTXSID5020782,1661,3.735707910210209e-12,0.0
DTXSID5020784,1661,0.9999399232188833,1.0
DTXSID5020811,1661,0.9999999999999999,1.0
DTXSID5020813,1661,0.9999999927146878,1.0
DTXSID5020815,1661,0.0,0.0
DTXSID5020819,1661,0.0,0.0
DTXSID5020861,1661,0.9994030839523683,1.0
DTXSID5020863,1661,0.0,0.0
DTXSID5020865,1661,0.00033781404760638794,0.0
DTXSID5020867,1661,0.0,0.0
DTXSID5020869,1661,0.0,0.0
DTXSID5020944,1661,3.2682276452346356e-05,0.0
DTXSID5020946,1661,0.9999800200226638,1.0
DTXSID5020948,1661,0.0,0.0
DTXSID5021093,1661,0.0,0.0
DTXSID5021097,1661,0.00010494090684610442,0.0
DTXSID5021120,1661,,
DTXSID5021122,1661,0.0,0.0
DTXSID5021124,1661,0.0,0.0
DTXSID5021126,1661,0.0,0.0
DTXSID5021128,1661,,
DTXSID5021170,1661,0.0,0.0
DTXSID5021174,1661,6.811866736509965e-05,0.0
DTXSID5021201,1661,0.9912061394919297,1.0
DTXSID5021209,1661,1.6692149096528252e-13,0.0
DTXSID5021251,1661,0.0,0.0
DTXSID5021253,1661,1.7343518761283881e-15,0.0
DTXSID5021255,1661,0.0,0.0
DTXSID5021330,1661,0.0,0.0
DTXSID5021332,1661,1.0,1.0
DTXSID5021334,1661,0.0,0.0
DTXSID5021336,1661,0.0,0.0
DTXSID5021338,1661,1.8080145633031497e-12,0.0
DTXSID5021380,1661,5.917905444220104e-16,0.0
DTXSID5021384,1661,0.0,0.0
DTXSID5021386,1661,9.762631900672481e-05,0.0
DTXSID5021388,1661,1.6389012086206207e-15,0.0
DTXSID5021411,1661,0.0,0.0
DTXSID5021413,1661,0.9373782569816645,1.0
DTXSID5021415,1661,3.48175890735663e-15,0.0
DTXSID5021419,1661,0.0,0.0
DTXSID5021461,1661,0.0,0.0
DTXSID5021463,1661,0.9999999999999909,1.0
DTXSID5021544,1661,0.0,0.0
DTXSID5021546,1661,,
DTXSID5021590,1661,0.0,0.0
DTXSID5021598,1661,0.0,0.0
DTXSID5021621,1661,0.0,0.0
DTXSID5021627,1661,1.7684458878353444e-14,0.0
DTXSID5021629,1661,0.0,0.0
DTXSID5021671,1661,0.0,0.0
DTXSID5021679,1661,0.9999998273979297,1.0
DTXSID5021708,1661,4.186366062864762e-10,0.0
DTXSID5021752,1661,0.0,0.0
DTXSID5021754,1661,0.0,0.0
DTXSID5021758,1661,0.00033025691560723615,0.0
DTXSID5021831,1661,0.0,0.0
DTXSID5021835,1661,0.0,0.0
DTXSID5021837,1661,2.2865943253302724e-12,0.0
DTXSID5021839,1661,0.0,0.0
DTXSID5021881,1661,0.0,0.0
DTXSID5021883,1661,9.42391567122839e-08,0.0
DTXSID5021885,1661,0.0,0.0
DTXSID5021889,1661,2.084056860941968e-14,0.0
DTXSID5021910,1661,0.0,0.0
DTXSID5021914,1661,0.0,0.0
DTXSID5021916,1661,4.8047654637416304e-08,0.0
DTXSID5021962,1661,0.0,0.0
DTXSID5021968,1661,0.0,0.0
DTXSID5022061,1661,,
DTXSID5022194,1661,1.5509097765744104e-11,0.0
DTXSID5022198,1661,0.0,0.0
DTXSID5022227,1661,0.0,0.0
DTXSID5022271,1661,7.555607134263498e-12,0.0
DTXSID5022279,1661,0.0,0.0
DTXSID5022306,1661,0.0,0.0
DTXSID5022308,1661,,
DTXSID5022437,1661,0.999998256931117,1.0
DTXSID5022439,1661,0.0,0.0
DTXSID5022485,1661,0.005043766502143247,0.0
DTXSID5022489,1661,,
DTXSID5022510,1661,3.5115257710377368e-06,0.0
DTXSID5022560,1661,0.0,0.0
DTXSID5022641,1661,0.0,0.0
DTXSID5022643,1661,0.0,0.0
DTXSID5022647,1661,0.0,0.0
DTXSID5022649,1661,0.0,0.0
DTXSID5022699,1661,0.0,0.0
DTXSID5022724,1661,0.0,0.0
DTXSID5022774,1661,0.0,0.0
DTXSID5022801,1661,0.9533713680805262,1.0
DTXSID5022851,1661,0.0,0.0
DTXSID5022855,1661,0.007162134599808032,0.0
DTXSID5022857,1661,0.011468510551270234,0.0
DTXSID5022932,1661,1.446871295071434e-10,0.0
DTXSID5022934,1661,0.9999999539329845,1.0
DTXSID5022980,1661,0.9999999999967293,1.0
DTXSID5022982,1661,0.0,0.0
DTXSID5022984,1661,0.0,0.0
DTXSID5022986,1661,0.0,0.0
DTXSID5023031,1661,0.0,0.0
DTXSID5023033,1661,0.0,0.0
DTXSID5023035,1661,0.983952350251945,1.0
DTXSID5023037,1661,0.0,0.0
DTXSID5023039,1661,0.0,0.0
DTXSID5023081,1661,,
DTXSID5023089,1661,0.0,0.0
DTXSID5023110,1661,0.9997758990536302,1.0
DTXSID5023114,1661,0.0,0.0
DTXSID5023243,1661,3.107121619504496e-07,0.0
DTXSID5023247,1661,0.9999685848763648,1.0
DTXSID5023293,1661,0.0,0.0
DTXSID5023295,1661,0.0,0.0
DTXSID5023322,1661,0.9887076515380989,1.0
DTXSID5023324,1661,0.0,0.0
DTXSID5023370,1661,0.0,0.0
DTXSID5023372,1661,0.0,0.0
DTXSID5023376,1661,3.057365098991271e-13,0.0
DTXSID5023378,1661,6.167239487011238e-06,0.0
DTXSID5023453,1661,,
DTXSID5023532,1661,0.9881131294452478,1.0
DTXSID5023536,1661,,
DTXSID5023586,1661,0.15213038811317556,0.0
DTXSID5023588,1661,0.0,0.0
DTXSID5023611,1661,0.0,0.0
DTXSID5023613,1661,0.0,0.0
DTXSID5023615,1661,3.0113237079642075e-11,0.0
DTXSID5023665,1661,,
DTXSID5023667,1661,0.0005929364700978792,0.0
DTXSID5023669,1661,6.814866562564489e-12,0.0
DTXSID5023740,1661,2.5534460567373585e-09,0.0
DTXSID5023742,1661,0.04723098036464379,0.0
DTXSID5023744,1661,,
DTXSID5023746,1661,0.0,0.0
DTXSID5023748,1661,0.0,0.0
DTXSID5023792,1661,0.0,0.0
DTXSID5023794,1661,0.9954099364660576,1.0
DTXSID5023796,1661,0.925050596219969,1.0
DTXSID5023825,1661,0.0,0.0
DTXSID5023871,1661,0.9764531739490288,1.0
DTXSID5023875,1661,0.0,0.0
DTXSID5023877,1661,0.0,0.0
DTXSID5023900,1661,0.0,0.0
DTXSID5023902,1661,,
DTXSID5023908,1661,0.0,0.0
DTXSID5023950,1661,0.9981216097781406,1.0
DTXSID5023954,1661,0.9882875687128301,1.0
DTXSID5024001,1661,0.0,0.0
DTXSID5024051,1661,0.0,0.0
DTXSID5024055,1661,4.946185731790688e-15,0.0
DTXSID5024057,1661,0.0,0.0
DTXSID5024059,1661,0.0,0.0
DTXSID5024134,1661,0.0027539336033170106,0.0
DTXSID5024182,1661,0.0,0.0
DTXSID5024211,1661,8.252675655730797e-11,0.0
DTXSID5024261,1661,0.0,0.0
DTXSID5024263,1661,0.0,0.0
DTXSID5024269,1661,0.9999994792429562,1.0
DTXSID5024344,1661,1.5537451887905917e-14,0.0
DTXSID5024346,1661,0.0,0.0
DTXSID5024392,1661,0.0,0.0
DTXSID5024394,1661,2.0907735504295606e-05,0.0
DTXSID5024471,1661,4.346162363950625e-14,0.0
DTXSID5024473,1661,0.00480257798485196,0.0
DTXSID5024479,1661,0.028864862749326287,0.0
DTXSID5024500,1661,0.0,0.0
DTXSID5024504,1661,4.404633002956421e-12,0.0
DTXSID5024506,1661,5.783484445594502e-10,0.0
DTXSID5024508,1661,0.0,0.0
DTXSID5024554,1661,,
DTXSID5024637,1661,0.0,0.0
DTXSID5024639,1661,0.0,0.0
DTXSID5024681,1661,0.0,0.0
DTXSID5024683,1661,0.0,0.0
DTXSID5024687,1661,0.9999769805763791,1.0
DTXSID5024710,1661,2.0231796347279126e-10,0.0
DTXSID5024764,1661,0.0,0.0
DTXSID5024845,1661,0.9999581635562131,1.0
DTXSID5024891,1661,0.9971681620782697,1.0
DTXSID5024922,1661,0.0,0.0
DTXSID5024926,1661,,
DTXSID5024970,1661,0.8019858702194689,0.0
DTXSID5024976,1661,2.508766421660379e-08,0.0
DTXSID5024978,1661,0.0,0.0
DTXSID5025021,1661,0.9876780276104714,1.0
DTXSID5025023,1661,0.0,0.0
DTXSID5025071,1661,7.033826997767336e-06,0.0
DTXSID5025079,1661,0.0,0.0
DTXSID5025100,1661,0.0,0.0
DTXSID5025102,1661,2.9393348607303873e-15,0.0
DTXSID5025150,1661,0.0,0.0
DTXSID5025152,1661,2.264314560664895e-14,0.0
DTXSID5025156,1661,0.0,0.0
DTXSID5025231,1661,0.9498637401597524,1.0
DTXSID5025237,1661,0.0,0.0
DTXSID5025285,1661,1.3210526178011198e-09,0.0
DTXSID5025310,1661,5.446966022667354e-13,0.0
DTXSID5025312,1661,0.0,0.0
DTXSID5025318,1661,0.0,0.0
DTXSID5025364,1661,0.0,0.0
DTXSID5025447,1661,0.0010587982066856047,0.0
DTXSID5025449,1661,0.0,0.0
DTXSID5025570,1661,0.0,0.0
DTXSID5025572,1661,0.0,0.0
DTXSID5025574,1661,0.0,0.0
DTXSID5025578,1661,0.0,0.0
DTXSID5025603,1661,0.0,0.0
DTXSID5025607,1661,0.0,0.0
DTXSID5025609,1661,0.0,0.0
DTXSID5025653,1661,0.0,0.0
DTXSID5025657,1661,0.0,0.0
DTXSID5025659,1661,0.0,0.0
DTXSID5025730,1661,0.0,0.0
DTXSID5025732,1661,5.211229671974741e-10,0.0
DTXSID5025738,1661,0.0,0.0
DTXSID5025811,1661,0.0,0.0
DTXSID5025815,1661,6.523135648844677e-07,0.0
DTXSID5025819,1661,0.0,0.0
DTXSID5025861,1661,,
DTXSID5025863,1661,0.0,0.0
DTXSID5025948,1661,0.9994490774147856,1.0
DTXSID5025998,1661,0.9999119534777786,1.0
DTXSID5026049,1661,0.0,0.0
DTXSID5026091,1661,0.0,0.0
DTXSID5026097,1661,0.022014239341569087,0.0
DTXSID5026120,1661,1.0435142477652165e-11,0.0
DTXSID5026122,1661,0.0,0.0
DTXSID5026124,1661,,
DTXSID5026174,1661,0.0,0.0
DTXSID5026178,1661,0.0,0.0
DTXSID5026203,1661,0.0,0.0
DTXSID5026205,1661,0.0,0.0
DTXSID5026207,1661,0.1428906620765468,0.0
DTXSID5026209,1661,0.022175498679261843,0.0
DTXSID5026251,1661,0.0,0.0
DTXSID5026259,1661,0.0,0.0
DTXSID5026461,1661,0.0,0.0
DTXSID5026544,1661,0.0,0.0
DTXSID5026548,1661,0.0,0.0
DTXSID5026623,1661,3.37811581480783e-13,0.0
DTXSID5026625,1661,0.0,0.0
DTXSID5026702,1661,0.0,0.0
DTXSID5026706,1661,0.0,0.0
DTXSID5026837,1661,0.0,0.0
DTXSID5026889,1661,0.0,0.0
DTXSID5026912,1661,0.0,0.0
DTXSID5026914,1661,0.0,0.0
DTXSID5026918,1661,1.6139289548523424e-07,0.0
DTXSID5027019,1661,0.0,0.0
DTXSID5027061,1661,0.00680571028826496,0.0
DTXSID5027063,1661,0.0,0.0
DTXSID5027069,1661,0.0,0.0
DTXSID5027142,1661,0.0,0.0
DTXSID5027146,1661,0.7373830489140023,0.0
DTXSID5027148,1661,0.0,0.0
DTXSID5027198,1661,0.0,0.0
DTXSID5027223,1661,0.0,0.0
DTXSID5027227,1661,0.0,0.0
DTXSID5027229,1661,3.045045673720398e-10,0.0
DTXSID5027279,1661,0.0011483606233894403,0.0
DTXSID5027300,1661,0.0,0.0
DTXSID5027302,1661,6.6893780932909715e-16,0.0
DTXSID5027304,1661,0.9999999920342085,1.0
DTXSID5027308,1661,2.2234084627212282e-10,0.0
DTXSID5027352,1661,0.0,0.0
DTXSID5027356,1661,0.0,0.0
DTXSID5027358,1661,8.729642200574439e-12,0.0
DTXSID5027433,1661,0.0,0.0
DTXSID5027487,1661,5.914855336590282e-13,0.0
DTXSID5027489,1661,0.0,0.0
DTXSID5027512,1661,0.0,0.0
DTXSID5027518,1661,2.7959708849444267e-12,0.0
DTXSID5027641,1661,0.0,0.0
DTXSID5027647,1661,2.3369200305261466e-16,0.0
DTXSID5027728,1661,0.0,0.0
DTXSID5027770,1661,1.064378689384749e-14,0.0
DTXSID5027772,1661,0.0,0.0
DTXSID5027774,1661,2.0628070347232292e-14,0.0
DTXSID5027803,1661,3.0958427614301696e-07,0.0
DTXSID5027805,1661,0.0,0.0
DTXSID5027851,1661,2.0259394387346747e-10,0.0
DTXSID5027857,1661,0.0,0.0
DTXSID5027932,1661,0.0,0.0
DTXSID5027936,1661,0.0,0.0
DTXSID5027982,1661,0.0,0.0
DTXSID5028033,1661,0.0,0.0
DTXSID5028114,1661,0.0,0.0
DTXSID5028665,1661,0.0,0.0
DTXSID5029055,1661,0.9831166212657748,1.0
DTXSID5029059,1661,0.0,0.0
DTXSID5029136,1661,0.0,0.0
DTXSID5029182,1661,0.0,0.0
DTXSID5029184,1661,0.0,0.0
DTXSID5029186,1661,0.0,0.0
DTXSID5029211,1661,0.0,0.0
DTXSID5029217,1661,0.0,0.0
DTXSID5029263,1661,0.0,0.0
DTXSID5029265,1661,1.3220811438667252e-10,0.0
DTXSID5029267,1661,0.0,0.0
DTXSID5029683,1661,0.0,0.0
DTXSID5029710,1661,0.0,0.0
DTXSID5029762,1661,0.00011561673170749143,0.0
DTXSID5030955,1661,0.0,0.0
DTXSID5031131,1661,4.0848371082859426e-16,0.0
DTXSID5031133,1661,1.9394517177105895e-08,0.0
DTXSID5032315,1661,0.9999983158909621,1.0
DTXSID5032361,1661,1.036130435822745e-08,0.0
DTXSID5032365,1661,0.0,0.0
DTXSID5032442,1661,0.0,0.0
DTXSID5032498,1661,0.9994541902249783,1.0
DTXSID5032523,1661,0.9994848685498657,1.0
DTXSID5032525,1661,6.683165135855076e-14,0.0
DTXSID5032573,1661,0.9999462170106682,1.0
DTXSID5032577,1661,0.0,0.0
DTXSID5032579,1661,,
DTXSID5032600,1661,,
DTXSID5032654,1661,0.0,0.0
DTXSID5033096,1661,0.0,0.0
DTXSID5033098,1661,0.0,0.0
DTXSID5033179,1661,0.0,0.0
DTXSID5033389,1661,0.918415046931166,1.0
DTXSID5033468,1661,0.9963537811463598,1.0
DTXSID5033595,1661,0.0,0.0
DTXSID5033674,1661,1.8700012330901427e-09,0.0
DTXSID5033701,1661,0.0,0.0
DTXSID5033757,1661,0.9983951003054411,1.0
DTXSID5033836,1661,0.958136672842707,1.0
DTXSID5034270,1661,0.0,0.0
DTXSID5034303,1661,0.05242095004340769,0.0
DTXSID5034355,1661,0.0,0.0
DTXSID5034357,1661,0.0,0.0
DTXSID5034698,1661,0.02963935278419989,0.0
DTXSID5034723,1661,0.0,0.0
DTXSID5034729,1661,3.063189785196965e-13,0.0
DTXSID5034773,1661,1.3714031127271815e-08,0.0
DTXSID5034981,1661,1.0,1.0
DTXSID5035163,1661,0.0,0.0
DTXSID5035589,1661,0.9991678688754646,1.0
DTXSID5035616,1661,5.8640543750742854e-12,0.0
DTXSID5035957,1661,0.000598691831671919,0.0
DTXSID5036684,1661,,
DTXSID5037028,1661,0.9998980189000578,1.0
DTXSID5037072,1661,,
DTXSID5037236,1661,0.0,0.0
DTXSID5037494,1661,0.0,0.0
DTXSID5037498,1661,0.05897196452267666,0.0
DTXSID5037523,1661,0.0,0.0
DTXSID5037527,1661,0.0,0.0
DTXSID5037571,1661,0.0,0.0
DTXSID5037579,1661,0.0,0.0
DTXSID5037731,1661,0.9839577050515862,1.0
DTXSID5037739,1661,0.12375267555584012,0.0
DTXSID5038830,1661,0.0,0.0
DTXSID5038888,1661,0.9999999941266631,1.0
DTXSID5038919,1661,1.2542446626134637e-12,0.0
DTXSID5039224,1661,0.9999999983854329,1.0
DTXSID5039721,1661,0.9985893011552947,1.0
DTXSID5040540,1661,0.0,0.0
DTXSID5040675,1661,0.0,0.0
DTXSID5040679,1661,,
DTXSID5040700,1661,0.0,0.0
DTXSID5040702,1661,3.5207987009928956e-12,0.0
DTXSID5040704,1661,1.0,1.0
DTXSID5040706,1661,0.0,0.0
DTXSID5040708,1661,3.733770589136341e-15,0.0
DTXSID5040750,1661,4.652893286162829e-06,0.0
DTXSID5040758,1661,0.9792580597476285,1.0
DTXSID5041148,1661,0.0,0.0
DTXSID5041190,1661,0.0,0.0
DTXSID5041273,1661,4.353704423088552e-09,0.0
DTXSID5041275,1661,,
DTXSID5041302,1661,0.0,0.0
DTXSID5041306,1661,0.0,0.0
DTXSID5041308,1661,0.32081350188541724,0.0
DTXSID5041356,1661,,
DTXSID5041431,1661,0.0,0.0
DTXSID5041437,1661,0.0,0.0
DTXSID5041439,1661,,
DTXSID5041487,1661,0.0,0.0
DTXSID5041512,1661,0.0,0.0
DTXSID5041514,1661,0.0,0.0
DTXSID5041516,1661,0.0,0.0
DTXSID5041518,1661,0.0,0.0
DTXSID5041560,1661,0.9836034291273372,1.0
DTXSID5041641,1661,0.0,0.0
DTXSID5041643,1661,0.0,0.0
DTXSID5041691,1661,0.0,0.0
DTXSID5041699,1661,,
DTXSID5041726,1661,1.1437971611577904e-07,0.0
DTXSID5041728,1661,0.0,0.0
DTXSID5041772,1661,0.9507450895678093,1.0
DTXSID5041778,1661,0.9858802002180054,1.0
DTXSID5041803,1661,0.0,0.0
DTXSID5041809,1661,0.0,0.0
DTXSID5041851,1661,0.9999997591843768,1.0
DTXSID5042083,1661,0.5968295284377374,0.0
DTXSID5042089,1661,5.452203716032613e-07,0.0
DTXSID5042243,1661,0.023839075120874225,0.0
DTXSID5042247,1661,0.0,0.0
DTXSID5042249,1661,1.0,1.0
DTXSID5042297,1661,0.0002616609554065327,0.0
DTXSID5042299,1661,0.0,0.0
DTXSID5042320,1661,0.0,0.0
DTXSID5042324,1661,4.447996784990153e-14,0.0
DTXSID5042378,1661,3.934315179263631e-12,0.0
DTXSID5042451,1661,1.1756201942706437e-14,0.0
DTXSID5042459,1661,0.9999498300933873,1.0
DTXSID5042584,1661,1.6659508489930478e-08,0.0
DTXSID5042613,1661,0.0,0.0
DTXSID5043714,1661,0.0,0.0
DTXSID5043895,1661,0.01411889262745515,0.0
DTXSID5044029,1661,0.00019971306979859894,0.0
DTXSID5044154,1661,2.4855622758701203e-16,0.0
DTXSID5044233,1661,2.0820652050562056e-12,0.0
DTXSID5044289,1661,0.0,0.0
DTXSID5044314,1661,0.0,0.0
DTXSID5044316,1661,7.554288986990716e-17,0.0
DTXSID5044318,1661,0.0,0.0
DTXSID5044360,1661,0.0,0.0
DTXSID5044362,1661,0.0,0.0
DTXSID5044364,1661,0.0,0.0
DTXSID5044366,1661,0.9234912162371279,1.0
DTXSID5044368,1661,,
DTXSID5044441,1661,0.0,0.0
DTXSID5044443,1661,,
DTXSID5044445,1661,0.0,0.0
DTXSID5044447,1661,0.0,0.0
DTXSID5044491,1661,0.0,0.0
DTXSID5044493,1661,0.0,0.0
DTXSID5044495,1661,0.0,0.0
DTXSID5044520,1661,0.05047188038355306,0.0
DTXSID5044522,1661,0.0,0.0
DTXSID5044526,1661,0.0,0.0
DTXSID5044528,1661,1.6625897242210236e-08,0.0
DTXSID5044570,1661,2.830028834794337e-08,0.0
DTXSID5044572,1661,,
DTXSID5044574,1661,0.0,0.0
DTXSID5044576,1661,5.7827852027071136e-11,0.0
DTXSID5044578,1661,0.0,0.0
DTXSID5044603,1661,0.0,0.0
DTXSID5044605,1661,0.0,0.0
DTXSID5044607,1661,0.0,0.0
DTXSID5044609,1661,0.0,0.0
DTXSID5044655,1661,0.0,0.0
DTXSID5044732,1661,1.4702231298944418e-10,0.0
DTXSID5044734,1661,0.0,0.0
DTXSID5044738,1661,4.597127257465543e-05,0.0
DTXSID5044780,1661,0.0,0.0
DTXSID5044782,1661,0.0,0.0
DTXSID5044784,1661,0.0,0.0
DTXSID5044786,1661,0.0009060829416804388,0.0
DTXSID5044788,1661,7.982467215231186e-09,0.0
DTXSID5044811,1661,0.0,0.0
DTXSID5044815,1661,0.0,0.0
DTXSID5044817,1661,0.0013889707941838864,0.0
DTXSID5044819,1661,0.0,0.0
DTXSID5044863,1661,,
DTXSID5044865,1661,0.9962625450015588,1.0
DTXSID5044867,1661,0.0,0.0
DTXSID5044869,1661,0.0,0.0
DTXSID5044940,1661,0.7421561281473664,0.0
DTXSID5044948,1661,0.0,0.0
DTXSID5044990,1661,0.0,0.0
DTXSID5044992,1661,0.9991958147383807,1.0
DTXSID5044994,1661,,
DTXSID5044996,1661,5.323072813812019e-13,0.0
DTXSID5044998,1661,0.0,0.0
DTXSID5045093,1661,0.0,0.0
DTXSID5045099,1661,0.0,0.0
DTXSID5045122,1661,0.0,0.0
DTXSID5045124,1661,1.4537839772694673e-14,0.0
DTXSID5045128,1661,0.0,0.0
DTXSID5045170,1661,0.0,0.0
DTXSID5045174,1661,6.319532835286534e-13,0.0
DTXSID5045176,1661,0.20599770200901515,0.0
DTXSID5045201,1661,0.0,0.0
DTXSID5045205,1661,0.024824024656136964,0.0
DTXSID5045209,1661,0.0,0.0
DTXSID5045380,1661,0.012837928274585894,0.0
DTXSID5045382,1661,0.58261944490314,0.0
DTXSID5045386,1661,0.0,0.0
DTXSID5045388,1661,0.0,0.0
DTXSID5045413,1661,0.00026305359117572476,0.0
DTXSID5045417,1661,0.0,0.0
DTXSID5045419,1661,0.0,0.0
DTXSID5045461,1661,2.556533432207942e-13,0.0
DTXSID5045469,1661,,
DTXSID5045540,1661,0.0,0.0
DTXSID5045590,1661,0.0,0.0
DTXSID5045594,1661,,
DTXSID5045598,1661,0.035377358833754764,0.0
DTXSID5045623,1661,5.172440791544369e-12,0.0
DTXSID5045625,1661,4.215509250736397e-11,0.0
DTXSID5045673,1661,0.0,0.0
DTXSID5045677,1661,2.081182537578615e-09,0.0
DTXSID5045700,1661,0.0,0.0
DTXSID5045702,1661,0.0,0.0
DTXSID5045704,1661,0.0,0.0
DTXSID5045750,1661,0.07419411994183939,0.0
DTXSID5045752,1661,3.115393407557668e-08,0.0
DTXSID5045756,1661,,
DTXSID5045833,1661,,
DTXSID5045835,1661,0.0,0.0
DTXSID5045881,1661,0.99999641092607,1.0
DTXSID5045883,1661,0.0,0.0
DTXSID5045887,1661,,
DTXSID5045889,1661,0.9999234061450589,1.0
DTXSID5045914,1661,0.0,0.0
DTXSID5045916,1661,0.5627948302727345,0.0
DTXSID5045960,1661,0.0,0.0
DTXSID5045964,1661,0.0,0.0
DTXSID5046015,1661,0.0,0.0
DTXSID5046017,1661,8.373199796051106e-08,0.0
DTXSID5046019,1661,3.95255193160199e-17,0.0
DTXSID5046067,1661,0.0,0.0
DTXSID5046069,1661,0.9958229420385594,1.0
DTXSID5046140,1661,0.7899714656640526,0.0
DTXSID5046142,1661,0.0,0.0
DTXSID5046148,1661,,
DTXSID5046190,1661,,
DTXSID5046196,1661,0.0,0.0
DTXSID5046221,1661,0.0,0.0
DTXSID5046225,1661,0.00815202815178017,0.0
DTXSID5046227,1661,0.9950066883777597,1.0
DTXSID5046229,1661,0.0,0.0
DTXSID5046271,1661,,
DTXSID5046273,1661,5.368404980574687e-13,0.0
DTXSID5046275,1661,0.0,0.0
DTXSID5046277,1661,,
DTXSID5046279,1661,,
DTXSID5046300,1661,,
DTXSID5046433,1661,0.0,0.0
DTXSID5046437,1661,0.00015638448857741702,0.0
DTXSID5046439,1661,0.8940854015373116,0.0
DTXSID5046481,1661,0.9974454263327681,1.0
DTXSID5046483,1661,0.0,0.0
DTXSID5046485,1661,0.0,0.0
DTXSID5046487,1661,0.9778206290593793,1.0
DTXSID5046510,1661,0.0,0.0
DTXSID5046512,1661,1.0639919343404139e-08,0.0
DTXSID5046560,1661,0.0,0.0
DTXSID5046641,1661,0.0,0.0
DTXSID5046691,1661,7.90344248351579e-08,0.0
DTXSID5046693,1661,1.1199749416600605e-18,0.0
DTXSID5046695,1661,0.0,0.0
DTXSID5046697,1661,,
DTXSID5046699,1661,0.0,0.0
DTXSID5046724,1661,0.0,0.0
DTXSID5046726,1661,8.79456743637148e-05,0.0
DTXSID5046770,1661,,
DTXSID5046772,1661,0.0,0.0
DTXSID5046776,1661,,
DTXSID5046801,1661,1.2035280770914384e-11,0.0
DTXSID5046803,1661,0.0,0.0
DTXSID5046851,1661,,
DTXSID5046853,1661,0.972410012429176,1.0
DTXSID5046938,1661,0.0,0.0
DTXSID5046980,1661,0.9833230242714662,1.0
DTXSID5046986,1661,0.0,0.0
DTXSID5046988,1661,0.0,0.0
DTXSID5047031,1661,0.0,0.0
DTXSID5047033,1661,0.0,0.0
DTXSID5047035,1661,1.678840736061276e-10,0.0
DTXSID5047037,1661,0.0,0.0
DTXSID5047039,1661,0.0,0.0
DTXSID5047081,1661,0.0,0.0
DTXSID5047083,1661,,
DTXSID5047085,1661,0.0,0.0
DTXSID5047087,1661,0.0,0.0
DTXSID5047089,1661,0.0,0.0
DTXSID5047110,1661,0.0,0.0
DTXSID5047112,1661,0.9999930718417687,1.0
DTXSID5047116,1661,0.0,0.0
DTXSID5047118,1661,0.0,0.0
DTXSID5047160,1661,2.0001537102402385e-19,0.0
DTXSID5047162,1661,0.0,0.0
DTXSID5047164,1661,0.0,0.0
DTXSID5047166,1661,0.0,0.0
DTXSID5047168,1661,0.0,0.0
DTXSID5047241,1661,2.980133388504758e-12,0.0
DTXSID5047243,1661,0.0,0.0
DTXSID5047249,1661,4.88528618996306e-07,0.0
DTXSID5047291,1661,0.0,0.0
DTXSID5047295,1661,0.9873093297684095,1.0
DTXSID5047297,1661,0.0,0.0
DTXSID5047299,1661,0.0,0.0
DTXSID5047320,1661,0.9999999999861661,1.0
DTXSID5047322,1661,0.9583187482116245,1.0
DTXSID5047324,1661,0.0,0.0
DTXSID5047328,1661,0.9956455158745068,1.0
DTXSID5047372,1661,0.3865290863809891,0.0
DTXSID5047374,1661,0.0,0.0
DTXSID5047376,1661,0.0,0.0
DTXSID5047405,1661,,
DTXSID5047451,1661,0.0,0.0
DTXSID5047453,1661,0.0,0.0
DTXSID5047459,1661,9.288676111863195e-13,0.0
DTXSID5047530,1661,0.014110692274083113,0.0
DTXSID5047538,1661,0.0,0.0
DTXSID5047582,1661,2.190643360872527e-10,0.0
DTXSID5047584,1661,0.0,0.0
DTXSID5047611,1661,8.781798030669243e-20,0.0
DTXSID5047617,1661,0.0,0.0
DTXSID5047661,1661,0.0,0.0
DTXSID5047663,1661,0.0,0.0
DTXSID5047665,1661,1.880598721095875e-10,0.0
DTXSID5047667,1661,0.0,0.0
DTXSID5047744,1661,0.0,0.0
DTXSID5047790,1661,4.437898416616025e-07,0.0
DTXSID5047796,1661,,
DTXSID5047825,1661,0.10770137496588102,0.0
DTXSID5047871,1661,1.1928768156719226e-06,0.0
DTXSID5047873,1661,0.916073118627273,1.0
DTXSID5047875,1661,0.0,0.0
DTXSID5047877,1661,0.0,0.0
DTXSID5047879,1661,1.1034992309307048e-11,0.0
DTXSID5047900,1661,0.9999999802384701,1.0
DTXSID5047902,1661,,
DTXSID5047904,1661,0.9999999915328498,1.0
DTXSID5047906,1661,0.0,0.0
DTXSID5047908,1661,4.561548567595945e-16,0.0
DTXSID5047950,1661,0.9999999989081263,1.0
DTXSID5047952,1661,0.8227378844498661,0.0
DTXSID5047954,1661,0.0,0.0
DTXSID5047956,1661,,
DTXSID5048180,1661,0.0,0.0
DTXSID5048182,1661,9.490487842563072e-09,0.0
DTXSID5048184,1661,0.28740642099990715,0.0
DTXSID5048186,1661,1.0432029493350244e-17,0.0
DTXSID5048188,1661,7.606492395261802e-17,0.0
DTXSID5048211,1661,0.0,0.0
DTXSID5048421,1661,0.0,0.0
DTXSID5048506,1661,0.5383098097651784,0.0
DTXSID5048635,1661,0.0,0.0
DTXSID5048637,1661,5.6256349958962944e-11,0.0
DTXSID5048685,1661,0.995317012861409,1.0
DTXSID5048710,1661,0.0,0.0
DTXSID5048716,1661,0.0,0.0
DTXSID5048841,1661,0.0,0.0
DTXSID5048843,1661,0.0,0.0
DTXSID5048845,1661,0.0,0.0
DTXSID5048847,1661,0.0,0.0
DTXSID5048849,1661,0.2735593842613698,0.0
DTXSID5048891,1661,0.0,0.0
DTXSID5048893,1661,7.624346748179935e-07,0.0
DTXSID5048895,1661,8.867549454709534e-18,0.0
DTXSID5048897,1661,4.46253687773598e-07,0.0
DTXSID5048899,1661,1.2216964302452353e-05,0.0
DTXSID5048920,1661,0.05248427163781963,0.0
DTXSID5048922,1661,3.8389915156951144e-10,0.0
DTXSID5048924,1661,5.58695527006932e-08,0.0
DTXSID5048928,1661,2.089910076228625e-07,0.0
DTXSID5048974,1661,0.0,0.0
DTXSID5048978,1661,0.0,0.0
DTXSID5049021,1661,0.9999822265980876,1.0
DTXSID5049231,1661,9.911085041654083e-15,0.0
DTXSID5049233,1661,0.0,0.0
DTXSID5049235,1661,0.0,0.0
DTXSID5049237,1661,0.9999670040624322,1.0
DTXSID5049239,1661,0.0,0.0
DTXSID5049281,1661,0.0,0.0
DTXSID5049283,1661,0.999999079779349,1.0
DTXSID5049285,1661,0.0,0.0
DTXSID5049287,1661,4.410142913192635e-12,0.0
DTXSID5049289,1661,8.153224419661955e-09,0.0
DTXSID5049310,1661,0.0,0.0
DTXSID5049312,1661,0.0,0.0
DTXSID5049314,1661,0.0,0.0
DTXSID5049316,1661,9.805982707811907e-10,0.0
DTXSID5049318,1661,0.0,0.0
DTXSID5049360,1661,0.0,0.0
DTXSID5049362,1661,0.0,0.0
DTXSID5049364,1661,4.355920875741546e-12,0.0
DTXSID5049366,1661,0.0,0.0
DTXSID5049368,1661,0.0,0.0
DTXSID5049445,1661,0.0,0.0
DTXSID5049447,1661,0.0,0.0
DTXSID5049449,1661,0.0,0.0
DTXSID5049491,1661,0.0,0.0
DTXSID5049493,1661,0.0,0.0
DTXSID5049495,1661,0.006043649754371635,0.0
DTXSID5049497,1661,0.0,0.0
DTXSID5049499,1661,0.0,0.0
DTXSID5049520,1661,0.0,0.0
DTXSID5049522,1661,0.0,0.0
DTXSID5049524,1661,0.0,0.0
DTXSID5049526,1661,0.0,0.0
DTXSID5049528,1661,0.0,0.0
DTXSID5050426,1661,2.7081404169197272e-11,0.0
DTXSID5051440,1661,0.0,0.0
DTXSID5051444,1661,0.7592183269026759,0.0
DTXSID5051446,1661,0.9999999999999764,1.0
DTXSID5051525,1661,0.0,0.0
DTXSID5051529,1661,0.0,0.0
DTXSID5051575,1661,0.0,0.0
DTXSID5051650,1661,0.9904192899894737,1.0
DTXSID5051999,1661,,
DTXSID5052042,1661,3.183614110594515e-14,0.0
DTXSID5052125,1661,0.0,0.0
DTXSID5052250,1661,0.0,0.0
DTXSID5052254,1661,0.0,0.0
DTXSID5052460,1661,,
DTXSID5052591,1661,0.0,0.0
DTXSID5052593,1661,0.0,0.0
DTXSID5052595,1661,0.0,0.0
DTXSID5052597,1661,0.0,0.0
DTXSID5052620,1661,7.078891283126821e-14,0.0
DTXSID5052672,1661,0.0,0.0
DTXSID5052832,1661,1.098675251394263e-09,0.0
DTXSID5052838,1661,4.864828489707129e-14,0.0
DTXSID5052884,1661,0.0,0.0
DTXSID5057620,1661,0.0,0.0
DTXSID5057622,1661,0.00018604354463860388,0.0
DTXSID5057624,1661,0.0,0.0
DTXSID5057626,1661,2.2098214663301793e-13,0.0
DTXSID5057628,1661,1.4883634774921242e-18,0.0
DTXSID5057670,1661,2.027596907433445e-16,0.0
DTXSID5057672,1661,0.9895423799632432,1.0
DTXSID5057674,1661,,
DTXSID5057676,1661,0.0,0.0
DTXSID5057678,1661,0.0,0.0
DTXSID5057701,1661,0.0,0.0
DTXSID5057703,1661,0.0,0.0
DTXSID5057705,1661,0.0,0.0
DTXSID5057707,1661,,
DTXSID5057709,1661,0.0,0.0
DTXSID5057751,1661,1.205329302600555e-07,0.0
DTXSID5057753,1661,0.006672572293920692,0.0
DTXSID5057755,1661,5.5993104833858995e-08,0.0
DTXSID5057757,1661,0.0,0.0
DTXSID5057759,1661,0.0,0.0
DTXSID5057830,1661,4.72714995797221e-16,0.0
DTXSID5057832,1661,0.0,0.0
DTXSID5057834,1661,0.8902801656427927,0.0
DTXSID5057836,1661,0.9970525812591471,1.0
DTXSID5057838,1661,0.7587132789721416,0.0
DTXSID6020014,1661,2.6433967306141543e-16,0.0
DTXSID6020062,1661,0.0007446236774084353,0.0
DTXSID6020064,1661,0.0,0.0
DTXSID6020066,1661,0.0,0.0
DTXSID6020068,1661,,
DTXSID6020141,1661,0.0,0.0
DTXSID6020143,1661,0.0,0.0
DTXSID6020145,1661,3.1176087323378705e-12,0.0
DTXSID6020147,1661,2.7441833725246367e-06,0.0
DTXSID6020149,1661,,
DTXSID6020193,1661,4.867282841008576e-06,0.0
DTXSID6020197,1661,3.689628320677433e-10,0.0
DTXSID6020199,1661,0.0,0.0
DTXSID6020220,1661,0.9999653466437844,1.0
DTXSID6020222,1661,0.0,0.0
DTXSID6020224,1661,0.0,0.0
DTXSID6020226,1661,0.9999999999999089,1.0
DTXSID6020274,1661,0.9174423952805348,1.0
DTXSID6020276,1661,0.9999999545202269,1.0
DTXSID6020278,1661,0.9999999999596866,1.0
DTXSID6020303,1661,6.62149892224821e-13,0.0
DTXSID6020307,1661,0.0,0.0
DTXSID6020309,1661,0.0,0.0
DTXSID6020355,1661,0.0,0.0
DTXSID6020357,1661,5.092461031340791e-16,0.0
DTXSID6020359,1661,0.0,0.0
DTXSID6020430,1661,0.0,0.0
DTXSID6020432,1661,0.458111783654236,0.0
DTXSID6020434,1661,0.0,0.0
DTXSID6020438,1661,0.0,0.0
DTXSID6020480,1661,1.5003063667368953e-08,0.0
DTXSID6020484,1661,2.5408859158775754e-17,0.0
DTXSID6020511,1661,0.0,0.0
DTXSID6020513,1661,0.9999999999884271,1.0
DTXSID6020515,1661,8.223653219753833e-18,0.0
DTXSID6020517,1661,0.0,0.0
DTXSID6020561,1661,0.9261810715647029,1.0
DTXSID6020569,1661,0.0,0.0
DTXSID6020646,1661,3.227353288593481e-10,0.0
DTXSID6020648,1661,0.0,0.0
DTXSID6020690,1661,0.9999999999999966,1.0
DTXSID6020692,1661,0.0,0.0
DTXSID6020694,1661,2.739045246139104e-17,0.0
DTXSID6020696,1661,0.00014746119564669504,0.0
DTXSID6020721,1661,0.0,0.0
DTXSID6020771,1661,0.0,0.0
DTXSID6020777,1661,0.0,0.0
DTXSID6020779,1661,0.9043548487915515,1.0
DTXSID6020802,1661,1.7369941948485129e-12,0.0
DTXSID6020804,1661,0.9998879522303763,1.0
DTXSID6020856,1661,0.0,0.0
DTXSID6020933,1661,,
DTXSID6020937,1661,0.0,0.0
DTXSID6020939,1661,0.0,0.0
DTXSID6020981,1661,0.0,0.0
DTXSID6020983,1661,0.0,0.0
DTXSID6020985,1661,0.0,0.0
DTXSID6021030,1661,0.0,0.0
DTXSID6021032,1661,0.0,0.0
DTXSID6021036,1661,0.0,0.0
DTXSID6021080,1661,3.6024260009725317e-11,0.0
DTXSID6021082,1661,0.0,0.0
DTXSID6021084,1661,9.133156347760885e-13,0.0
DTXSID6021086,1661,0.0,0.0
DTXSID6021113,1661,0.0,0.0
DTXSID6021117,1661,1.7885146082602704e-19,0.0
DTXSID6021165,1661,0.0,0.0
DTXSID6021240,1661,0.00034560914772615756,0.0
DTXSID6021244,1661,0.007725507976151695,0.0
DTXSID6021246,1661,3.036607823250753e-11,0.0
DTXSID6021248,1661,0.9999999995962,1.0
DTXSID6021290,1661,1.5387456829683565e-13,0.0
DTXSID6021292,1661,1.7660025434653912e-13,0.0
DTXSID6021294,1661,6.31406763649173e-13,0.0
DTXSID6021296,1661,2.8185545817601327e-18,0.0
DTXSID6021321,1661,0.6180486766478217,0.0
DTXSID6021371,1661,0.0,0.0
DTXSID6021373,1661,0.016581168617650334,0.0
DTXSID6021375,1661,0.0,0.0
DTXSID6021377,1661,3.7001290686952674e-10,0.0
DTXSID6021379,1661,0.0,0.0
DTXSID6021402,1661,0.0,0.0
DTXSID6021404,1661,0.0,0.0
DTXSID6021408,1661,1.0,1.0
DTXSID6021450,1661,,
DTXSID6021456,1661,0.0,0.0
DTXSID6021458,1661,0.0,0.0
DTXSID6021581,1661,2.5383746212306297e-11,0.0
DTXSID6021583,1661,0.0,0.0
DTXSID6021585,1661,0.9984988454106787,1.0
DTXSID6021610,1661,0.0,0.0
DTXSID6021618,1661,0.0,0.0
DTXSID6021660,1661,0.0,0.0
DTXSID6021666,1661,1.5604244412544466e-11,0.0
DTXSID6021668,1661,0.0,0.0
DTXSID6021741,1661,0.0,0.0
DTXSID6021749,1661,0.0,0.0
DTXSID6021793,1661,6.998521468460604e-18,0.0
DTXSID6021795,1661,,
DTXSID6021799,1661,0.0,0.0
DTXSID6021820,1661,0.0,0.0
DTXSID6021822,1661,0.0,0.0
DTXSID6021824,1661,0.9999998658605534,1.0
DTXSID6021828,1661,2.6655669973244036e-07,0.0
DTXSID6021872,1661,0.0,0.0
DTXSID6021874,1661,0.0,0.0
DTXSID6021901,1661,0.0,0.0
DTXSID6021907,1661,0.9999893357926177,1.0
DTXSID6021909,1661,0.0,0.0
DTXSID6021953,1661,0.0,0.0
DTXSID6021957,1661,7.977545134464378e-13,0.0
DTXSID6021959,1661,0.260612467188488,0.0
DTXSID6022000,1661,0.0,0.0
DTXSID6022002,1661,0.0,0.0
DTXSID6022004,1661,1.6169222759909943e-11,0.0
DTXSID6022006,1661,6.21287046544456e-06,0.0
DTXSID6022008,1661,0.0,0.0
DTXSID6022050,1661,4.618007540680621e-11,0.0
DTXSID6022056,1661,0.9997958747832725,1.0
DTXSID6022058,1661,0.0,0.0
DTXSID6022131,1661,0.19242284021122275,0.0
DTXSID6022133,1661,,
DTXSID6022137,1661,1.2269660777794333e-15,0.0
DTXSID6022187,1661,0.0,0.0
DTXSID6022218,1661,0.0,0.0
DTXSID6022341,1661,1.1021226115863627e-11,0.0
DTXSID6022345,1661,0.2951135007219743,0.0
DTXSID6022391,1661,,
DTXSID6022393,1661,0.4401591825081711,0.0
DTXSID6022399,1661,,
DTXSID6022420,1661,0.0,0.0
DTXSID6022422,1661,0.0,0.0
DTXSID6022472,1661,0.0,0.0
DTXSID6022474,1661,0.6128774086922966,0.0
DTXSID6022557,1661,7.42426109522031e-09,0.0
DTXSID6022636,1661,0.0,0.0
DTXSID6022684,1661,6.758728229792131e-09,0.0
DTXSID6022688,1661,1.1302240583192608e-10,0.0
DTXSID6022715,1661,0.0053531838613508995,0.0
DTXSID6022719,1661,3.099798574515139e-07,0.0
DTXSID6022842,1661,,
DTXSID6022844,1661,4.657953647155492e-05,0.0
DTXSID6022846,1661,0.0,0.0
DTXSID6022892,1661,0.024257163131694466,0.0
DTXSID6022894,1661,0.00029253308059281794,0.0
DTXSID6022927,1661,0.0,0.0
DTXSID6022973,1661,0.0,0.0
DTXSID6022975,1661,0.0,0.0
DTXSID6022977,1661,0.0,0.0
DTXSID6023024,1661,3.0962077149558213e-10,0.0
DTXSID6023028,1661,5.573406317965496e-09,0.0
DTXSID6023078,1661,0.0,0.0
DTXSID6023101,1661,3.233760356643936e-17,0.0
DTXSID6023103,1661,2.9907910091996127e-15,0.0
DTXSID6023109,1661,5.7857313907874014e-11,0.0
DTXSID6023153,1661,0.0,0.0
DTXSID6023155,1661,0.8938045889473958,0.0
DTXSID6023157,1661,0.0,0.0
DTXSID6023159,1661,3.0449052282547008e-05,0.0
DTXSID6023286,1661,0.0,0.0
DTXSID6023313,1661,2.491234517368114e-10,0.0
DTXSID6023315,1661,0.0,0.0
DTXSID6023317,1661,0.0,0.0
DTXSID6023363,1661,0.9879467898917433,1.0
DTXSID6023367,1661,0.0,0.0
DTXSID6023369,1661,0.0,0.0
DTXSID6023440,1661,,
DTXSID6023442,1661,0.0,0.0
DTXSID6023490,1661,2.7949703313856023e-05,0.0
DTXSID6023496,1661,0.0,0.0
DTXSID6023523,1661,2.6824059187327743e-09,0.0
DTXSID6023529,1661,0.0,0.0
DTXSID6023602,1661,0.0,0.0
DTXSID6023606,1661,0.0,0.0
DTXSID6023608,1661,0.0,0.0
DTXSID6023652,1661,0.3474739565930982,0.0
DTXSID6023656,1661,0.07095936645010457,0.0
DTXSID6023733,1661,0.0,0.0
DTXSID6023737,1661,0.0,0.0
DTXSID6023810,1661,0.9980680927173355,1.0
DTXSID6023862,1661,0.0,0.0
DTXSID6023864,1661,0.0,0.0
DTXSID6023868,1661,0.9999999730098635,1.0
DTXSID6023947,1661,0.0,0.0
DTXSID6023997,1661,0.9583678538952645,1.0
DTXSID6023999,1661,8.780274695617031e-09,0.0
DTXSID6024046,1661,9.614776153389838e-12,0.0
DTXSID6024048,1661,0.0,0.0
DTXSID6024123,1661,3.306499325917023e-15,0.0
DTXSID6024127,1661,0.0,0.0
DTXSID6024175,1661,1.6694209474786882e-15,0.0
DTXSID6024177,1661,9.6611790738716e-12,0.0
DTXSID6024200,1661,0.0,0.0
DTXSID6024204,1661,0.0,0.0
DTXSID6024206,1661,6.970897073981381e-07,0.0
DTXSID6024254,1661,0.0,0.0
DTXSID6024331,1661,0.5221895005318485,0.0
DTXSID6024337,1661,0.0,0.0
DTXSID6024412,1661,0.0,0.0
DTXSID6024414,1661,0.0,0.0
DTXSID6024460,1661,,
DTXSID6024462,1661,0.0,0.0
DTXSID6024466,1661,1.9556875728879613e-11,0.0
DTXSID6024591,1661,0.0,0.0
DTXSID6024597,1661,0.0,0.0
DTXSID6024599,1661,,
DTXSID6024624,1661,0.08610170255287328,0.0
DTXSID6024628,1661,0.0,0.0
DTXSID6024670,1661,3.6627403888869743e-13,0.0
DTXSID6024674,1661,0.0,0.0
DTXSID6024676,1661,0.0,0.0
DTXSID6024701,1661,0.31679320729529825,0.0
DTXSID6024832,1661,0.0,0.0
DTXSID6024834,1661,0.0,0.0
DTXSID6024836,1661,0.0,0.0
DTXSID6024838,1661,,
DTXSID6024880,1661,8.901708812063766e-16,0.0
DTXSID6024882,1661,1.0,1.0
DTXSID6024886,1661,0.0,0.0
DTXSID6024888,1661,2.344705166871312e-09,0.0
DTXSID6024911,1661,0.9830747102988044,1.0
DTXSID6024913,1661,0.0,0.0
DTXSID6024915,1661,9.467456700509001e-07,0.0
DTXSID6024917,1661,0.0,0.0
DTXSID6024961,1661,0.9942692164712507,1.0
DTXSID6024965,1661,0.0,0.0
DTXSID6024967,1661,0.0,0.0
DTXSID6025010,1661,0.0,0.0
DTXSID6025012,1661,7.471666418785125e-11,0.0
DTXSID6025014,1661,1.910851579749119e-12,0.0
DTXSID6025018,1661,0.0,0.0
DTXSID6025064,1661,0.0,0.0
DTXSID6025068,1661,2.687527335234831e-10,0.0
DTXSID6025141,1661,0.0,0.0
DTXSID6025143,1661,0.0,0.0
DTXSID6025145,1661,0.0,0.0
DTXSID6025149,1661,,
DTXSID6025220,1661,1.6351927937266036e-19,0.0
DTXSID6025226,1661,0.9993279398337108,1.0
DTXSID6025272,1661,0.0,0.0
DTXSID6025276,1661,0.0,0.0
DTXSID6025278,1661,0.0,0.0
DTXSID6025301,1661,0.0,0.0
DTXSID6025303,1661,0.0,0.0
DTXSID6025305,1661,0.0,0.0
DTXSID6025307,1661,1.3817935877929428e-11,0.0
DTXSID6025309,1661,2.30458816323134e-11,0.0
DTXSID6025355,1661,0.06976773648184009,0.0
DTXSID6025432,1661,0.0,0.0
DTXSID6025436,1661,0.7533569421881419,0.0
DTXSID6025438,1661,0.0,0.0
DTXSID6025480,1661,0.033305324156390224,0.0
DTXSID6025486,1661,0.0,0.0
DTXSID6025513,1661,0.9999999999966512,1.0
DTXSID6025565,1661,0.9999999998282785,1.0
DTXSID6025567,1661,0.0,0.0
DTXSID6025569,1661,0.0,0.0
DTXSID6025640,1661,0.0,0.0
DTXSID6025642,1661,0.0,0.0
DTXSID6025648,1661,0.0,0.0
DTXSID6025690,1661,0.0,0.0
DTXSID6025692,1661,0.0,0.0
DTXSID6025696,1661,,
DTXSID6025723,1661,0.0,0.0
DTXSID6025725,1661,0.0,0.0
DTXSID6025775,1661,0.0,0.0
DTXSID6025804,1661,0.0004084615787520943,0.0
DTXSID6025850,1661,0.0,0.0
DTXSID6025854,1661,0.0,0.0
DTXSID6025939,1661,0.0,0.0
DTXSID6025983,1661,4.3660414176955063e-10,0.0
DTXSID6026080,1661,0.0,0.0
DTXSID6026082,1661,0.0,0.0
DTXSID6026084,1661,4.925213938668642e-13,0.0
DTXSID6026088,1661,0.0,0.0
DTXSID6026115,1661,0.0,0.0
DTXSID6026119,1661,1.4172957244225445e-09,0.0
DTXSID6026161,1661,0.0,0.0
DTXSID6026167,1661,0.0,0.0
DTXSID6026169,1661,3.1897224981292294e-12,0.0
DTXSID6026240,1661,0.0,0.0
DTXSID6026292,1661,0.0,0.0
DTXSID6026294,1661,0.9934168948552417,1.0
DTXSID6026298,1661,0.0,0.0
DTXSID6026325,1661,0.0,0.0
DTXSID6026373,1661,0.0,0.0
DTXSID6026450,1661,0.0,0.0
DTXSID6026535,1661,0.0,0.0
DTXSID6026537,1661,2.4310337674003504e-18,0.0
DTXSID6026612,1661,1.750924463093671e-05,0.0
DTXSID6026664,1661,0.0,0.0
DTXSID6026797,1661,2.3094516170203148e-12,0.0
DTXSID6026799,1661,0.0,0.0
DTXSID6026824,1661,0.0,0.0
DTXSID6026872,1661,0.0,0.0
DTXSID6026878,1661,0.0,0.0
DTXSID6026901,1661,0.9983478760427251,1.0
DTXSID6026905,1661,0.0,0.0
DTXSID6026955,1661,0.0,0.0
DTXSID6027050,1661,0.9999999995999267,1.0
DTXSID6027052,1661,3.8644052627501735e-15,0.0
DTXSID6027131,1661,0.0,0.0
DTXSID6027133,1661,0.0,0.0
DTXSID6027137,1661,0.0,0.0
DTXSID6027181,1661,0.0,0.0
DTXSID6027185,1661,0.0,0.0
DTXSID6027214,1661,1.1104048576954284e-12,0.0
DTXSID6027218,1661,0.0,0.0
DTXSID6027262,1661,0.0,0.0
DTXSID6027266,1661,5.444141942925496e-17,0.0
DTXSID6027268,1661,0.0,0.0
DTXSID6027341,1661,0.8289293350010082,0.0
DTXSID6027343,1661,2.4796548400909885e-11,0.0
DTXSID6027345,1661,,
DTXSID6027397,1661,0.0,0.0
DTXSID6027503,1661,0.0,0.0
DTXSID6027507,1661,0.0,0.0
DTXSID6027509,1661,0.0,0.0
DTXSID6027551,1661,0.0,0.0
DTXSID6027634,1661,0.0,0.0
DTXSID6027636,1661,0.0,0.0
DTXSID6027713,1661,0.0,0.0
DTXSID6027844,1661,,
DTXSID6027921,1661,2.3095714961883156e-19,0.0
DTXSID6027923,1661,0.0,0.0
DTXSID6027925,1661,0.9806754880046149,1.0
DTXSID6027975,1661,0.0,0.0
DTXSID6028022,1661,0.0,0.0
DTXSID6028028,1661,0.0,0.0
DTXSID6028492,1661,0.9924226384026112,1.0
DTXSID6029121,1661,,
DTXSID6029127,1661,0.19092383283947598,0.0
DTXSID6029171,1661,0.0,0.0
DTXSID6029202,1661,0.0,0.0
DTXSID6029250,1661,0.0,0.0
DTXSID6029254,1661,0.0,0.0
DTXSID6029331,1661,1.1697827691141224e-10,0.0
DTXSID6029626,1661,0.0,0.0
DTXSID6029670,1661,0.0,0.0
DTXSID6029703,1661,0.0,0.0
DTXSID6029707,1661,0.0,0.0
DTXSID6029755,1661,,
DTXSID6030607,1661,0.0,0.0
DTXSID6031209,1661,0.0,0.0
DTXSID6031380,1661,2.000111948080209e-11,0.0
DTXSID6031461,1661,0.0,0.0
DTXSID6032061,1661,0.999994302686417,1.0
DTXSID6032192,1661,0.5569303051637007,0.0
DTXSID6032352,1661,3.5633855884685704e-05,0.0
DTXSID6032354,1661,0.0,0.0
DTXSID6032356,1661,0.0,0.0
DTXSID6032358,1661,0.0,0.0
DTXSID6032431,1661,0.02579238815913506,0.0
DTXSID6032437,1661,0.0,0.0
DTXSID6032514,1661,0.9999994891669421,1.0
DTXSID6032516,1661,,
DTXSID6032518,1661,0.9999993234401118,1.0
DTXSID6032562,1661,4.838955934798596e-06,0.0
DTXSID6032641,1661,0.0,0.0
DTXSID6032645,1661,5.672443625797874e-13,0.0
DTXSID6032647,1661,0.9998302116676168,1.0
DTXSID6032649,1661,0.04136275788122045,0.0
DTXSID6032722,1661,0.0,0.0
DTXSID6033241,1661,0.0,0.0
DTXSID6033247,1661,0.9999999781289107,1.0
DTXSID6033326,1661,,
DTXSID6033401,1661,0.0,0.0
DTXSID6033538,1661,0.9951442923770977,1.0
DTXSID6033825,1661,0.0,0.0
DTXSID6034005,1661,5.255073233767119e-05,0.0
DTXSID6034186,1661,0.09798142564275858,0.0
DTXSID6034265,1661,3.1432607700740117e-18,0.0
DTXSID6034392,1661,0.0,0.0
DTXSID6034762,1661,0.0,0.0
DTXSID6034764,1661,0.0,0.0
DTXSID6034849,1661,0.0,0.0
DTXSID6034924,1661,7.331393892821384e-13,0.0
DTXSID6034928,1661,1.006590350778108e-15,0.0
DTXSID6034972,1661,6.427003115858931e-13,0.0
DTXSID6035152,1661,0.0,0.0
DTXSID6035156,1661,3.7959572226364856e-07,0.0
DTXSID6035285,1661,1.5567557251376306e-08,0.0
DTXSID6035784,1661,0.0,0.0
DTXSID6036467,1661,0.0,0.0
DTXSID6037015,1661,6.876085886685981e-06,0.0
DTXSID6037483,1661,0.0,0.0
DTXSID6037564,1661,0.12278786912402,0.0
DTXSID6037568,1661,0.0,0.0
DTXSID6037649,1661,0.0,0.0
DTXSID6037697,1661,3.983538166065892e-11,0.0
DTXSID6037728,1661,9.47330876832665e-13,0.0
DTXSID6038326,1661,0.0,0.0
DTXSID6038798,1661,2.2537819654621584e-13,0.0
DTXSID6038827,1661,7.405478377503087e-07,0.0
DTXSID6038875,1661,,
DTXSID6038877,1661,0.903288064543696,1.0
DTXSID6040111,1661,0.0,0.0
DTXSID6040115,1661,0.0,0.0
DTXSID6040246,1661,0.0,0.0
DTXSID6040290,1661,0.0,0.0
DTXSID6040296,1661,0.0,0.0
DTXSID6040371,1661,0.0,0.0
DTXSID6040373,1661,2.3525316001180918e-08,0.0
DTXSID6040375,1661,2.877244467329581e-13,0.0
DTXSID6040404,1661,,
DTXSID6040583,1661,2.505639304559995e-05,0.0
DTXSID6040614,1661,3.9104954309212666e-11,0.0
DTXSID6040662,1661,0.9853100566648701,1.0
DTXSID6040664,1661,0.0,0.0
DTXSID6040668,1661,0.04340262956224489,0.0
DTXSID6040743,1661,0.0,0.0
DTXSID6040745,1661,1.53487979602684e-05,0.0
DTXSID6040747,1661,2.6124305679480852e-17,0.0
DTXSID6040795,1661,3.025834526937658e-11,0.0
DTXSID6041056,1661,1.5314169990018624e-16,0.0
DTXSID6041133,1661,,
DTXSID6041137,1661,0.0,0.0
DTXSID6041185,1661,0.0,0.0
DTXSID6041210,1661,0.0,0.0
DTXSID6041268,1661,0.9997393120994035,1.0
DTXSID6041347,1661,0.0,0.0
DTXSID6041349,1661,0.0,0.0
DTXSID6041397,1661,0.0,0.0
DTXSID6041420,1661,0.0,0.0
DTXSID6041422,1661,,
DTXSID6041424,1661,1.160410411247364e-13,0.0
DTXSID6041426,1661,0.0,0.0
DTXSID6041472,1661,0.0,0.0
DTXSID6041503,1661,1.0,1.0
DTXSID6041507,1661,0.0,0.0
DTXSID6041551,1661,1.5000057594788297e-09,0.0
DTXSID6041557,1661,2.392640025995358e-07,0.0
DTXSID6041636,1661,0.0,0.0
DTXSID6041638,1661,0.0,0.0
DTXSID6041680,1661,0.0005319637879717751,0.0
DTXSID6041682,1661,0.012548786145127472,0.0
DTXSID6041684,1661,0.0,0.0
DTXSID6041688,1661,0.03290626308517485,0.0
DTXSID6041715,1661,0.23386567206400807,0.0
DTXSID6041719,1661,0.0,0.0
DTXSID6041761,1661,0.999997852836445,1.0
DTXSID6041844,1661,0.0,0.0
DTXSID6041892,1661,0.0,0.0
DTXSID6041925,1661,0.0,0.0
DTXSID6041927,1661,0.0,0.0
DTXSID6041973,1661,0.0,0.0
DTXSID6041977,1661,0.01360110880557811,0.0
DTXSID6042072,1661,9.27387495926143e-08,0.0
DTXSID6042074,1661,0.0,0.0
DTXSID6042151,1661,0.0,0.0
DTXSID6042157,1661,,
DTXSID6042232,1661,8.55919073855231e-19,0.0
DTXSID6042234,1661,1.4369853232554082e-15,0.0
DTXSID6042280,1661,5.415131656501478e-10,0.0
DTXSID6042282,1661,0.0,0.0
DTXSID6042315,1661,0.9996166796919586,1.0
DTXSID6042365,1661,0.0,0.0
DTXSID6042369,1661,0.0,0.0
DTXSID6042440,1661,0.0,0.0
DTXSID6042448,1661,0.0,0.0
DTXSID6042490,1661,0.0,0.0
DTXSID6042494,1661,0.0,0.0
DTXSID6042498,1661,0.9960628733740573,1.0
DTXSID6042521,1661,9.673527589302832e-14,0.0
DTXSID6042579,1661,0.011368728734233257,0.0
DTXSID6042602,1661,0.0,0.0
DTXSID6043709,1661,0.0044189099162381925,0.0
DTXSID6043913,1661,0.0,0.0
DTXSID6043915,1661,0.9994263774246402,1.0
DTXSID6043917,1661,0.0,0.0
DTXSID6043919,1661,0.0,0.0
DTXSID6044199,1661,0.9945055241466577,1.0
DTXSID6044226,1661,1.0317727966490835e-08,0.0
DTXSID6044303,1661,0.9979402974152147,1.0
DTXSID6044307,1661,0.0,0.0
DTXSID6044309,1661,0.9983471179609783,1.0
DTXSID6044353,1661,0.0,0.0
DTXSID6044355,1661,3.4036833920327807e-13,0.0
DTXSID6044357,1661,0.0,0.0
DTXSID6044359,1661,0.0,0.0
DTXSID6044430,1661,,
DTXSID6044436,1661,0.0,0.0
DTXSID6044438,1661,9.239070752655643e-12,0.0
DTXSID6044480,1661,0.9954106243615596,1.0
DTXSID6044484,1661,,
DTXSID6044486,1661,0.0,0.0
DTXSID6044488,1661,0.0,0.0
DTXSID6044511,1661,0.0,0.0
DTXSID6044513,1661,0.0,0.0
DTXSID6044515,1661,0.0,0.0
DTXSID6044517,1661,,
DTXSID6044519,1661,2.098294722820138e-12,0.0
DTXSID6044561,1661,0.008289255526867217,0.0
DTXSID6044563,1661,0.0,0.0
DTXSID6044565,1661,2.176268798407056e-08,0.0
DTXSID6044642,1661,,
DTXSID6044644,1661,0.0,0.0
DTXSID6044646,1661,6.472908539798459e-14,0.0
DTXSID6044648,1661,0.0,0.0
DTXSID6044690,1661,,
DTXSID6044692,1661,0.0,0.0
DTXSID6044696,1661,0.0,0.0
DTXSID6044698,1661,,
DTXSID6044721,1661,0.0,0.0
DTXSID6044723,1661,0.0,0.0
DTXSID6044725,1661,0.0,0.0
DTXSID6044727,1661,8.229607556853981e-12,0.0
DTXSID6044771,1661,0.0,0.0
DTXSID6044773,1661,0.0,0.0
DTXSID6044777,1661,,
DTXSID6044779,1661,0.9990027894119778,1.0
DTXSID6044800,1661,1.4341028534312646e-10,0.0
DTXSID6044802,1661,0.0,0.0
DTXSID6044804,1661,0.0,0.0
DTXSID6044808,1661,1.951478726824563e-09,0.0
DTXSID6044852,1661,1.1418628221120172e-06,0.0
DTXSID6044854,1661,0.0,0.0
DTXSID6044856,1661,3.670503197735228e-10,0.0
DTXSID6044858,1661,1.3432106222023252e-09,0.0
DTXSID6044931,1661,0.0,0.0
DTXSID6044933,1661,0.0,0.0
DTXSID6044935,1661,0.0,0.0
DTXSID6044939,1661,0.0,0.0
DTXSID6044981,1661,0.0,0.0
DTXSID6044983,1661,,
DTXSID6044985,1661,0.0,0.0
DTXSID6044989,1661,0.0,0.0
DTXSID6045084,1661,4.374903982526425e-05,0.0
DTXSID6045088,1661,0.0,0.0
DTXSID6045111,1661,0.0,0.0
DTXSID6045117,1661,,
DTXSID6045119,1661,0.0,0.0
DTXSID6045161,1661,0.9866517526168158,1.0
DTXSID6045163,1661,0.0,0.0
DTXSID6045165,1661,0.0008837916629143185,0.0
DTXSID6045167,1661,4.808475652976835e-17,0.0
DTXSID6045169,1661,2.1078557183272228e-16,0.0
DTXSID6045248,1661,0.0,0.0
DTXSID6045292,1661,0.0,0.0
DTXSID6045296,1661,,
DTXSID6045321,1661,5.310897058171375e-10,0.0
DTXSID6045323,1661,0.8318007345453762,0.0
DTXSID6045371,1661,0.42477868670337576,0.0
DTXSID6045373,1661,0.0,0.0
DTXSID6045375,1661,0.8437928874321879,0.0
DTXSID6045377,1661,0.9647926284009253,1.0
DTXSID6045400,1661,5.712073078501413e-16,0.0
DTXSID6045452,1661,0.9844754091526347,1.0
DTXSID6045531,1661,0.0,0.0
DTXSID6045533,1661,0.00018466055108430578,0.0
DTXSID6045583,1661,0.9992993714766226,1.0
DTXSID6045587,1661,3.7414017401241037e-10,0.0
DTXSID6045614,1661,2.607059491768469e-14,0.0
DTXSID6045616,1661,0.7924147814019104,0.0
DTXSID6045618,1661,9.1229644406953e-13,0.0
DTXSID6045660,1661,0.0,0.0
DTXSID6045662,1661,0.0007078069646436985,0.0
DTXSID6045666,1661,3.731393855269227e-10,0.0
DTXSID6045668,1661,0.0,0.0
DTXSID6045741,1661,3.912558664564484e-14,0.0
DTXSID6045743,1661,1.0,1.0
DTXSID6045745,1661,2.0633727918615436e-14,0.0
DTXSID6045791,1661,0.8269752066749906,0.0
DTXSID6045820,1661,,
DTXSID6045828,1661,0.0,0.0
DTXSID6045870,1661,0.0,0.0
DTXSID6045874,1661,0.0,0.0
DTXSID6045878,1661,0.0,0.0
DTXSID6045901,1661,1.1026438997875408e-11,0.0
DTXSID6045907,1661,0.017691656109936647,0.0
DTXSID6045909,1661,0.0,0.0
DTXSID6045953,1661,0.000779444441357319,0.0
DTXSID6045955,1661,0.9947500813289399,1.0
DTXSID6045957,1661,0.1714776537480633,0.0
DTXSID6046000,1661,0.0,0.0
DTXSID6046131,1661,0.0,0.0
DTXSID6046137,1661,0.0019817914727114513,0.0
DTXSID6046181,1661,7.899531277343832e-15,0.0
DTXSID6046216,1661,0.0,0.0
DTXSID6046260,1661,0.0,0.0
DTXSID6046264,1661,0.0,0.0
DTXSID6046266,1661,5.014060665395099e-14,0.0
DTXSID6046341,1661,3.373701893051501e-11,0.0
DTXSID6046343,1661,0.0,0.0
DTXSID6046345,1661,0.0,0.0
DTXSID6046347,1661,0.0,0.0
DTXSID6046349,1661,0.0,0.0
DTXSID6046391,1661,,
DTXSID6046395,1661,0.0,0.0
DTXSID6046399,1661,0.7540887197399228,0.0
DTXSID6046420,1661,0.0,0.0
DTXSID6046422,1661,0.0,0.0
DTXSID6046424,1661,1.8765148255055298e-19,0.0
DTXSID6046426,1661,0.0,0.0
DTXSID6046428,1661,0.0005455775961685263,0.0
DTXSID6046470,1661,1.9014340858579007e-05,0.0
DTXSID6046472,1661,0.9999949348868709,1.0
DTXSID6046474,1661,0.0,0.0
DTXSID6046478,1661,0.02961962245416547,0.0
DTXSID6046501,1661,4.701544744233352e-14,0.0
DTXSID6046503,1661,4.2258820864286016e-14,0.0
DTXSID6046505,1661,0.0,0.0
DTXSID6046507,1661,0.9817318200558022,1.0
DTXSID6046553,1661,0.9877674792471142,1.0
DTXSID6046555,1661,0.15594638389605017,0.0
DTXSID6046557,1661,0.0,0.0
DTXSID6046634,1661,1.5438096346536086e-15,0.0
DTXSID6046638,1661,0.0,0.0
DTXSID6046688,1661,0.0,0.0
DTXSID6046715,1661,0.0,0.0
DTXSID6046767,1661,0.0,0.0
DTXSID6046842,1661,3.3151940452714126e-13,0.0
DTXSID6046890,1661,0.0,0.0
DTXSID6046892,1661,1.5658340273079717e-05,0.0
DTXSID6046896,1661,,
DTXSID6046925,1661,0.0,0.0
DTXSID6046977,1661,2.3469629304874353e-13,0.0
DTXSID6046979,1661,0.00476641182933653,0.0
DTXSID6047028,1661,2.99097925447878e-10,0.0
DTXSID6047070,1661,0.0,0.0
DTXSID6047072,1661,0.0,0.0
DTXSID6047074,1661,0.0,0.0
DTXSID6047078,1661,0.0,0.0
DTXSID6047101,1661,,
DTXSID6047103,1661,6.918924168234522e-05,0.0
DTXSID6047105,1661,0.0,0.0
DTXSID6047107,1661,0.0,0.0
DTXSID6047109,1661,0.0,0.0
DTXSID6047155,1661,0.0,0.0
DTXSID6047157,1661,3.53907140678838e-13,0.0
DTXSID6047159,1661,0.0,0.0
DTXSID6047236,1661,0.0,0.0
DTXSID6047280,1661,0.4893025715295967,0.0
DTXSID6047282,1661,0.0,0.0
DTXSID6047284,1661,5.886796411218762e-10,0.0
DTXSID6047286,1661,0.0,0.0
DTXSID6047288,1661,0.9760269232980645,1.0
DTXSID6047311,1661,0.9646656650902056,1.0
DTXSID6047313,1661,0.0,0.0
DTXSID6047315,1661,0.9993567713307395,1.0
DTXSID6047319,1661,0.0,0.0
DTXSID6047363,1661,6.636726525960122e-08,0.0
DTXSID6047369,1661,0.9999685311653129,1.0
DTXSID6047440,1661,1.0358127165039846e-18,0.0
DTXSID6047444,1661,2.932588385028631e-13,0.0
DTXSID6047446,1661,0.6776704452733517,0.0
DTXSID6047448,1661,0.0,0.0
DTXSID6047490,1661,1.0412283215294292e-14,0.0
DTXSID6047498,1661,1.0,1.0
DTXSID6047523,1661,0.0,0.0
DTXSID6047525,1661,1.9035319099565876e-07,0.0
DTXSID6047527,1661,0.0,0.0
DTXSID6047529,1661,0.0,0.0
DTXSID6047579,1661,3.0921220293266574e-11,0.0
DTXSID6047602,1661,0.0,0.0
DTXSID6047604,1661,0.0,0.0
DTXSID6047606,1661,0.0,0.0
DTXSID6047608,1661,3.2799091515376774e-13,0.0
DTXSID6047654,1661,0.0,0.0
DTXSID6047656,1661,2.336564821785046e-14,0.0
DTXSID6047781,1661,,
DTXSID6047783,1661,4.5231305692024526e-08,0.0
DTXSID6047785,1661,5.1239844328023386e-05,0.0
DTXSID6047787,1661,0.0,0.0
DTXSID6047789,1661,0.0,0.0
DTXSID6047818,1661,0.0,0.0
DTXSID6047941,1661,3.4658546301675945e-12,0.0
DTXSID6047943,1661,0.2684210575797715,0.0
DTXSID6047945,1661,0.0,0.0
DTXSID6047947,1661,0.0,0.0
DTXSID6047949,1661,5.408069908914562e-05,0.0
DTXSID6048171,1661,0.0022414119605494408,0.0
DTXSID6048175,1661,6.463881703656033e-10,0.0
DTXSID6048200,1661,0.0,0.0
DTXSID6048202,1661,0.0,0.0
DTXSID6048204,1661,0.0,0.0
DTXSID6048206,1661,3.4844752147504386e-13,0.0
DTXSID6048208,1661,0.0,0.0
DTXSID6048383,1661,,
DTXSID6048591,1661,0.0,0.0
DTXSID6048597,1661,4.4929670026229863e-10,0.0
DTXSID6048620,1661,0.0,0.0
DTXSID6048672,1661,0.0,0.0
DTXSID6048674,1661,0.0,0.0
DTXSID6048676,1661,5.098298511299331e-16,0.0
DTXSID6048830,1661,0.0,0.0
DTXSID6048834,1661,1.331795280440419e-14,0.0
DTXSID6048836,1661,5.918238318325918e-13,0.0
DTXSID6048838,1661,0.0,0.0
DTXSID6048880,1661,0.0,0.0
DTXSID6048882,1661,3.1766077402241054e-07,0.0
DTXSID6048884,1661,1.1885111764033967e-11,0.0
DTXSID6048886,1661,4.819432144880652e-13,0.0
DTXSID6048888,1661,7.704119591322171e-10,0.0
DTXSID6048915,1661,0.0,0.0
DTXSID6048919,1661,0.0007940185475850506,0.0
DTXSID6048961,1661,0.9999999999999899,1.0
DTXSID6048965,1661,0.0,0.0
DTXSID6048967,1661,0.9948724619573575,1.0
DTXSID6049018,1661,,
DTXSID6049060,1661,3.963059261142113e-06,0.0
DTXSID6049064,1661,0.0,0.0
DTXSID6049066,1661,0.9999991330640817,1.0
DTXSID6049068,1661,,
DTXSID6049220,1661,0.002931403899879244,0.0
DTXSID6049222,1661,0.0016666676036269955,0.0
DTXSID6049224,1661,,
DTXSID6049226,1661,0.0,0.0
DTXSID6049228,1661,0.9993341451482699,1.0
DTXSID6049270,1661,0.0,0.0
DTXSID6049272,1661,9.535141012209567e-08,0.0
DTXSID6049274,1661,0.0,0.0
DTXSID6049276,1661,0.0,0.0
DTXSID6049278,1661,0.0,0.0
DTXSID6049301,1661,3.83642225210088e-12,0.0
DTXSID6049303,1661,,
DTXSID6049305,1661,0.0,0.0
DTXSID6049307,1661,0.0,0.0
DTXSID6049309,1661,0.0,0.0
DTXSID6049351,1661,0.9999999815252041,1.0
DTXSID6049353,1661,0.0,0.0
DTXSID6049355,1661,0.0,0.0
DTXSID6049357,1661,,
DTXSID6049359,1661,0.9999980115222984,1.0
DTXSID6049430,1661,0.9930484887357918,1.0
DTXSID6049432,1661,0.0,0.0
DTXSID6049480,1661,0.0,0.0
DTXSID6049482,1661,0.0,0.0
DTXSID6049484,1661,0.0,0.0
DTXSID6049486,1661,0.0,0.0
DTXSID6049488,1661,0.0,0.0
DTXSID6049511,1661,2.907873969273268e-06,0.0
DTXSID6049513,1661,0.0,0.0
DTXSID6049515,1661,0.0,0.0
DTXSID6049517,1661,0.0,0.0
DTXSID6049519,1661,0.0,0.0
DTXSID6049561,1661,2.0589944404086508e-07,0.0
DTXSID6050386,1661,0.0,0.0
DTXSID6051306,1661,0.9999982906779638,1.0
DTXSID6051560,1661,6.554163192688774e-14,0.0
DTXSID6051564,1661,0.0,0.0
DTXSID6051566,1661,0.9726252819337101,1.0
DTXSID6051695,1661,0.0,0.0
DTXSID6051724,1661,1.0352650830663054e-10,0.0
DTXSID6051778,1661,2.045713140038855e-15,0.0
DTXSID6052112,1661,0.0,0.0
DTXSID6052291,1661,0.0,0.0
DTXSID6052295,1661,0.0,0.0
DTXSID6052299,1661,0.0,0.0
DTXSID6052328,1661,1.1792064514086908e-11,0.0
DTXSID6052536,1661,0.0,0.0
DTXSID6052538,1661,0.0,0.0
DTXSID6052619,1661,0.0,0.0
DTXSID6052740,1661,0.0,0.0
DTXSID6057611,1661,0.0,0.0
DTXSID6057613,1661,1.8933712421446697e-07,0.0
DTXSID6057615,1661,0.0,0.0
DTXSID6057617,1661,0.0,0.0
DTXSID6057619,1661,0.9999999999999022,1.0
DTXSID6057661,1661,,
DTXSID6057663,1661,7.560750986838864e-08,0.0
DTXSID6057665,1661,0.0,0.0
DTXSID6057667,1661,0.0,0.0
DTXSID6057669,1661,,
DTXSID6057740,1661,0.0,0.0
DTXSID6057742,1661,3.4069380209573074e-11,0.0
DTXSID6057744,1661,4.1797528867400104e-10,0.0
DTXSID6057746,1661,0.0,0.0
DTXSID6057748,1661,5.875366058358472e-10,0.0
DTXSID6057790,1661,0.0,0.0
DTXSID6057794,1661,0.0,0.0
DTXSID6057796,1661,2.8295777698432044e-08,0.0
DTXSID6057798,1661,0.0,0.0
DTXSID6057821,1661,0.003756189831838088,0.0
DTXSID6057823,1661,0.5137185943879417,0.0
DTXSID6057825,1661,0.9763732529992042,1.0
DTXSID6057827,1661,0.0,0.0
DTXSID6057829,1661,,
DTXSID7020005,1661,0.0,0.0
DTXSID7020007,1661,0.0,0.0
DTXSID7020009,1661,0.0,0.0
DTXSID7020053,1661,0.0,0.0
DTXSID7020057,1661,,
DTXSID7020138,1661,0.0,0.0
DTXSID7020182,1661,0.27629937770106927,0.0
DTXSID7020184,1661,,
DTXSID7020211,1661,4.8433868124804524e-06,0.0
DTXSID7020213,1661,0.9078261402810907,1.0
DTXSID7020215,1661,0.0,0.0
DTXSID7020261,1661,0.0,0.0
DTXSID7020263,1661,0.9903214504078601,1.0
DTXSID7020265,1661,0.0,0.0
DTXSID7020267,1661,0.990280296883906,1.0
DTXSID7020340,1661,7.29613106249198e-18,0.0
DTXSID7020344,1661,1.3937212266393463e-07,0.0
DTXSID7020348,1661,0.0,0.0
DTXSID7020390,1661,1.3223635732401258e-11,0.0
DTXSID7020392,1661,7.629932561588307e-14,0.0
DTXSID7020398,1661,0.9999996225421102,1.0
DTXSID7020421,1661,0.0,0.0
DTXSID7020423,1661,0.9999905516557788,1.0
DTXSID7020425,1661,0.9999999999419259,1.0
DTXSID7020427,1661,0.053033290425753485,0.0
DTXSID7020479,1661,0.0,0.0
DTXSID7020504,1661,0.00016299487022292399,0.0
DTXSID7020508,1661,0.0,0.0
DTXSID7020550,1661,2.3937674820399986e-08,0.0
DTXSID7020552,1661,1.30149352308139e-17,0.0
DTXSID7020558,1661,0.9999999999999994,1.0
DTXSID7020631,1661,,
DTXSID7020635,1661,0.9579538562303718,1.0
DTXSID7020681,1661,1.9493061883031936e-16,0.0
DTXSID7020683,1661,0.0,0.0
DTXSID7020685,1661,0.0,0.0
DTXSID7020687,1661,1.8947525290277846e-08,0.0
DTXSID7020689,1661,0.0,0.0
DTXSID7020710,1661,0.0,0.0
DTXSID7020714,1661,0.0,0.0
DTXSID7020716,1661,0.9999510717282359,1.0
DTXSID7020760,1661,0.0,0.0
DTXSID7020762,1661,0.9207222242389522,1.0
DTXSID7020764,1661,,
DTXSID7020766,1661,,
DTXSID7020768,1661,0.0,0.0
DTXSID7020841,1661,1.6808129783259877e-12,0.0
DTXSID7020843,1661,0.0012620871947036448,0.0
DTXSID7020845,1661,0.0,0.0
DTXSID7020847,1661,,
DTXSID7020893,1661,0.0,0.0
DTXSID7020895,1661,0.0,0.0
DTXSID7020899,1661,0.0,0.0
DTXSID7020920,1661,0.0,0.0
DTXSID7020922,1661,,
DTXSID7020928,1661,0.0,0.0
DTXSID7020970,1661,6.729880495110417e-06,0.0
DTXSID7020972,1661,0.6538825576432447,0.0
DTXSID7020976,1661,0.0,0.0
DTXSID7020978,1661,1.2833313745548322e-15,0.0
DTXSID7021027,1661,9.203199256350466e-11,0.0
DTXSID7021029,1661,0.0,0.0
DTXSID7021100,1661,5.459195778850623e-15,0.0
DTXSID7021102,1661,0.0,0.0
DTXSID7021104,1661,,
DTXSID7021106,1661,0.954038223172273,1.0
DTXSID7021150,1661,1.0,1.0
DTXSID7021152,1661,0.0,0.0
DTXSID7021156,1661,3.9251936325100174e-07,0.0
DTXSID7021158,1661,0.0,0.0
DTXSID7021231,1661,0.0,0.0
DTXSID7021233,1661,0.24934495997136544,0.0
DTXSID7021235,1661,0.007387031108814502,0.0
DTXSID7021237,1661,0.9990705738812111,1.0
DTXSID7021239,1661,,
DTXSID7021283,1661,0.9966955810264453,1.0
DTXSID7021287,1661,0.0,0.0
DTXSID7021289,1661,0.0021316526639677496,0.0
DTXSID7021312,1661,0.999875264793261,1.0
DTXSID7021314,1661,0.9999082764659993,1.0
DTXSID7021316,1661,0.054106903721177824,0.0
DTXSID7021318,1661,0.0,0.0
DTXSID7021360,1661,0.00024420120542983616,0.0
DTXSID7021362,1661,0.0,0.0
DTXSID7021364,1661,0.0,0.0
DTXSID7021366,1661,0.0,0.0
DTXSID7021368,1661,0.9976035323153759,1.0
DTXSID7021491,1661,0.0,0.0
DTXSID7021493,1661,9.386715819978307e-16,0.0
DTXSID7021495,1661,0.0,0.0
DTXSID7021499,1661,0.0,0.0
DTXSID7021520,1661,0.010312613763225375,0.0
DTXSID7021524,1661,4.040743248871229e-11,0.0
DTXSID7021526,1661,,
DTXSID7021576,1661,0.0,0.0
DTXSID7021601,1661,0.0,0.0
DTXSID7021603,1661,0.0,0.0
DTXSID7021605,1661,7.189290062320988e-11,0.0
DTXSID7021607,1661,0.0,0.0
DTXSID7021653,1661,0.0,0.0
DTXSID7021655,1661,0.0,0.0
DTXSID7021657,1661,0.0,0.0
DTXSID7021659,1661,,
DTXSID7021780,1661,0.0,0.0
DTXSID7021782,1661,0.0,0.0
DTXSID7021784,1661,0.2677359738179476,0.0
DTXSID7021788,1661,0.9999622312726979,1.0
DTXSID7021815,1661,6.59043351904602e-12,0.0
DTXSID7021817,1661,0.0,0.0
DTXSID7021861,1661,7.487921061192677e-14,0.0
DTXSID7021863,1661,0.0,0.0
DTXSID7021867,1661,0.0,0.0
DTXSID7021869,1661,0.0,0.0
DTXSID7021940,1661,0.0,0.0
DTXSID7021946,1661,0.0,0.0
DTXSID7021948,1661,0.0,0.0
DTXSID7021992,1661,0.0,0.0
DTXSID7021994,1661,,
DTXSID7021996,1661,3.0024627120116332e-18,0.0
DTXSID7021998,1661,0.0,0.0
DTXSID7022043,1661,0.0,0.0
DTXSID7022049,1661,0.0,0.0
DTXSID7022093,1661,0.0,0.0
DTXSID7022120,1661,0.0,0.0
DTXSID7022124,1661,0.0,0.0
DTXSID7022128,1661,0.0,0.0
DTXSID7022170,1661,1.9360694303486374e-10,0.0
DTXSID7022172,1661,0.0,0.0
DTXSID7022174,1661,0.0,0.0
DTXSID7022253,1661,0.89815064913121,0.0
DTXSID7022332,1661,3.9288511492702984e-07,0.0
DTXSID7022382,1661,2.0333253908984307e-10,0.0
DTXSID7022384,1661,0.9985885832621214,1.0
DTXSID7022411,1661,0.0,0.0
DTXSID7022413,1661,6.54709925992489e-14,0.0
DTXSID7022415,1661,8.115619520486417e-13,0.0
DTXSID7022417,1661,,
DTXSID7022540,1661,0.0,0.0
DTXSID7022544,1661,0.0,0.0
DTXSID7022546,1661,0.0,0.0
DTXSID7022590,1661,0.0,0.0
DTXSID7022592,1661,0.9807991631682469,1.0
DTXSID7022598,1661,1.7898013598324558e-05,0.0
DTXSID7022629,1661,0.9992673235431218,1.0
DTXSID7022673,1661,0.39028289852431014,0.0
DTXSID7022679,1661,0.0,0.0
DTXSID7022704,1661,0.0,0.0
DTXSID7022833,1661,0.0,0.0
DTXSID7022835,1661,0.0,0.0
DTXSID7022837,1661,0.9999414302301398,1.0
DTXSID7022883,1661,0.9700664172470636,1.0
DTXSID7022910,1661,,
DTXSID7022912,1661,0.0,0.0
DTXSID7022914,1661,0.0,0.0
DTXSID7022918,1661,0.0,0.0
DTXSID7022968,1661,1.0132569696545432e-10,0.0
DTXSID7023011,1661,0.0,0.0
DTXSID7023019,1661,0.0,0.0
DTXSID7023061,1661,0.0,0.0
DTXSID7023063,1661,4.6668906960336954e-07,0.0
DTXSID7023067,1661,0.10157359914386697,0.0
DTXSID7023140,1661,0.0,0.0
DTXSID7023146,1661,0.0,0.0
DTXSID7023148,1661,0.0,0.0
DTXSID7023190,1661,7.625740893703051e-11,0.0
DTXSID7023192,1661,0.0,0.0
DTXSID7023194,1661,9.038145088116197e-12,0.0
DTXSID7023221,1661,0.0,0.0
DTXSID7023227,1661,7.089219872393387e-15,0.0
DTXSID7023271,1661,0.0,0.0
DTXSID7023277,1661,0.0,0.0
DTXSID7023300,1661,0.0,0.0
DTXSID7023350,1661,4.430226064098182e-06,0.0
DTXSID7023352,1661,0.0,0.0
DTXSID7023356,1661,0.0,0.0
DTXSID7023437,1661,9.465217287336051e-12,0.0
DTXSID7023481,1661,0.01908423051539374,0.0
DTXSID7023485,1661,0.0,0.0
DTXSID7023487,1661,0.0,0.0
DTXSID7023510,1661,0.0,0.0
DTXSID7023512,1661,0.0,0.0
DTXSID7023516,1661,0.0,0.0
DTXSID7023518,1661,0.041339425294943284,0.0
DTXSID7023568,1661,6.187912619189157e-16,0.0
DTXSID7023645,1661,0.0,0.0
DTXSID7023691,1661,0.0,0.0
DTXSID7023697,1661,0.6628511589411356,0.0
DTXSID7023699,1661,0.0,0.0
DTXSID7023722,1661,0.0,0.0
DTXSID7023724,1661,0.0,0.0
DTXSID7023853,1661,2.9029017889697637e-12,0.0
DTXSID7023930,1661,0.0,0.0
DTXSID7023932,1661,0.9925819711057632,1.0
DTXSID7023936,1661,0.0,0.0
DTXSID7023938,1661,0.0,0.0
DTXSID7023980,1661,0.0,0.0
DTXSID7023986,1661,1.6024047457558082e-14,0.0
DTXSID7024031,1661,2.1503104977291098e-10,0.0
DTXSID7024035,1661,0.0,0.0
DTXSID7024081,1661,0.9999943697670914,1.0
DTXSID7024085,1661,0.0,0.0
DTXSID7024087,1661,0.0,0.0
DTXSID7024110,1661,0.0,0.0
DTXSID7024112,1661,1.9871037653126734e-10,0.0
DTXSID7024160,1661,0.5812708905950261,0.0
DTXSID7024164,1661,0.0,0.0
DTXSID7024166,1661,0.0,0.0
DTXSID7024241,1661,0.004299172637232941,0.0
DTXSID7024245,1661,0.0,0.0
DTXSID7024247,1661,0.0,0.0
DTXSID7024291,1661,2.5003556676593498e-15,0.0
DTXSID7024299,1661,0.8402343040363845,0.0
DTXSID7024320,1661,0.0,0.0
DTXSID7024328,1661,0.0,0.0
DTXSID7024370,1661,,
DTXSID7024376,1661,0.0,0.0
DTXSID7024409,1661,1.3013318033041451e-15,0.0
DTXSID7024455,1661,0.0,0.0
DTXSID7024457,1661,0.9880486345621676,1.0
DTXSID7024532,1661,0.0,0.0
DTXSID7024534,1661,0.0,0.0
DTXSID7024538,1661,0.0,0.0
DTXSID7024580,1661,6.471638062579301e-16,0.0
DTXSID7024586,1661,0.0,0.0
DTXSID7024615,1661,0.0,0.0
DTXSID7024661,1661,0.0,0.0
DTXSID7024667,1661,0.0,0.0
DTXSID7024740,1661,0.0,0.0
DTXSID7024742,1661,3.215061584609192e-11,0.0
DTXSID7024798,1661,0.0,0.0
DTXSID7024821,1661,0.0,0.0
DTXSID7024827,1661,0.9442471897789123,1.0
DTXSID7024873,1661,0.0,0.0
DTXSID7024875,1661,0.8441539886112905,0.0
DTXSID7024902,1661,0.9999999999998043,1.0
DTXSID7024904,1661,7.538736145168703e-13,0.0
DTXSID7024906,1661,,
DTXSID7024950,1661,1.5990066379195614e-08,0.0
DTXSID7024952,1661,0.0,0.0
DTXSID7024956,1661,0.9999818568682344,1.0
DTXSID7025001,1661,9.167937665271913e-06,0.0
DTXSID7025003,1661,0.0,0.0
DTXSID7025005,1661,0.45881702431753124,0.0
DTXSID7025051,1661,1.2902096502738515e-17,0.0
DTXSID7025053,1661,0.0,0.0
DTXSID7025055,1661,0.0,0.0
DTXSID7025130,1661,6.820314408607397e-10,0.0
DTXSID7025132,1661,0.0,0.0
DTXSID7025134,1661,0.0,0.0
DTXSID7025136,1661,,
DTXSID7025138,1661,0.9999999992557307,1.0
DTXSID7025180,1661,2.0259455182321092e-07,0.0
DTXSID7025215,1661,0.0,0.0
DTXSID7025217,1661,0.18038896673536906,0.0
DTXSID7025219,1661,0.0,0.0
DTXSID7025269,1661,0.0,0.0
DTXSID7025342,1661,0.9996553345807278,1.0
DTXSID7025346,1661,2.2648594085003218e-05,0.0
DTXSID7025390,1661,0.0,0.0
DTXSID7025394,1661,,
DTXSID7025421,1661,0.0,0.0
DTXSID7025423,1661,0.0,0.0
DTXSID7025425,1661,7.108412932695097e-17,0.0
DTXSID7025427,1661,0.0,0.0
DTXSID7025429,1661,0.9988787023530943,1.0
DTXSID7025479,1661,0.0,0.0
DTXSID7025502,1661,0.0,0.0
DTXSID7025506,1661,6.315515231937506e-16,0.0
DTXSID7025508,1661,0.008037965783390642,0.0
DTXSID7025558,1661,,
DTXSID7025633,1661,0.0,0.0
DTXSID7025635,1661,,
DTXSID7025637,1661,0.0,0.0
DTXSID7025639,1661,0.0,0.0
DTXSID7025689,1661,0.0,0.0
DTXSID7025716,1661,0.9992277655498477,1.0
DTXSID7025764,1661,0.0,0.0
DTXSID7025768,1661,0.0,0.0
DTXSID7025849,1661,4.11150332232313e-17,0.0
DTXSID7025895,1661,0.9850480225025438,1.0
DTXSID7025922,1661,0.0,0.0
DTXSID7025924,1661,1.408555463748081e-15,0.0
DTXSID7025926,1661,0.0,0.0
DTXSID7025972,1661,0.0,0.0
DTXSID7026025,1661,0.0,0.0
DTXSID7026029,1661,0.0,0.0
DTXSID7026102,1661,1.6763135759009057e-15,0.0
DTXSID7026108,1661,0.0,0.0
DTXSID7026156,1661,1.142010170634867e-14,0.0
DTXSID7026231,1661,0.0,0.0
DTXSID7026235,1661,1.3858330768520994e-11,0.0
DTXSID7026285,1661,0.00012303546324574297,0.0
DTXSID7026314,1661,1.0,1.0
DTXSID7026318,1661,2.2074145818998974e-10,0.0
DTXSID7026366,1661,0.0,0.0
DTXSID7026368,1661,0.0,0.0
DTXSID7026441,1661,0.0,0.0
DTXSID7026499,1661,0.0,0.0
DTXSID7026520,1661,0.9999867014748133,1.0
DTXSID7026526,1661,0.0,0.0
DTXSID7026528,1661,0.0,0.0
DTXSID7026572,1661,,
DTXSID7026605,1661,0.0,0.0
DTXSID7026609,1661,0.0,0.0
DTXSID7026653,1661,0.8899114450905026,0.0
DTXSID7026655,1661,0.054204082653329044,0.0
DTXSID7026811,1661,1.643231315110177e-15,0.0
DTXSID7026863,1661,0.0,0.0
DTXSID7026867,1661,1.7370655953984153e-16,0.0
DTXSID7026946,1661,1.1677336802725949e-11,0.0
DTXSID7026994,1661,0.0,0.0
DTXSID7026998,1661,0.0,0.0
DTXSID7027041,1661,0.00022444456734258637,0.0
DTXSID7027043,1661,0.0,0.0
DTXSID7027047,1661,1.4560282218599385e-09,0.0
DTXSID7027049,1661,0.0,0.0
DTXSID7027097,1661,0.0,0.0
DTXSID7027099,1661,0.0,0.0
DTXSID7027120,1661,0.0,0.0
DTXSID7027122,1661,9.412440139970536e-13,0.0
DTXSID7027174,1661,0.0,0.0
DTXSID7027178,1661,0.0,0.0
DTXSID7027201,1661,0.0,0.0
DTXSID7027205,1661,0.0,0.0
DTXSID7027253,1661,0.0,0.0
DTXSID7027259,1661,0.0,0.0
DTXSID7027334,1661,0.0,0.0
DTXSID7027338,1661,0.0,0.0
DTXSID7027386,1661,0.0,0.0
DTXSID7027388,1661,,
DTXSID7027413,1661,0.0,0.0
DTXSID7027461,1661,0.9740305442046813,1.0
DTXSID7027467,1661,0.0,0.0
DTXSID7027540,1661,2.2539242135196784e-07,0.0
DTXSID7027542,1661,0.0,0.0
DTXSID7027544,1661,0.0,0.0
DTXSID7027546,1661,0.0,0.0
DTXSID7027594,1661,0.0,0.0
DTXSID7027596,1661,0.0,0.0
DTXSID7027598,1661,2.920605596528775e-15,0.0
DTXSID7027625,1661,7.710813543722549e-11,0.0
DTXSID7027756,1661,0.0,0.0
DTXSID7027833,1661,0.0,0.0
DTXSID7027835,1661,0.0,0.0
DTXSID7027837,1661,0.0,0.0
DTXSID7027887,1661,,
DTXSID7027916,1661,0.0,0.0
DTXSID7027966,1661,3.662698852629528e-14,0.0
DTXSID7028011,1661,0.0,0.0
DTXSID7028013,1661,0.0,0.0
DTXSID7028015,1661,0.9997220355446184,1.0
DTXSID7028300,1661,,
DTXSID7028306,1661,0.0,0.0
DTXSID7028774,1661,0.0,0.0
DTXSID7028776,1661,0.0,0.0
DTXSID7029110,1661,0.0,0.0
DTXSID7029160,1661,0.0,0.0
DTXSID7029162,1661,8.495173647593255e-05,0.0
DTXSID7029164,1661,,
DTXSID7029166,1661,0.0,0.0
DTXSID7029241,1661,0.9999870297299942,1.0
DTXSID7029247,1661,,
DTXSID7029249,1661,3.3940427185950528e-12,0.0
DTXSID7029299,1661,0.0,0.0
DTXSID7029320,1661,0.0,0.0
DTXSID7029534,1661,2.181402073532521e-09,0.0
DTXSID7029611,1661,0.0,0.0
DTXSID7029617,1661,0.0,0.0
DTXSID7029619,1661,0.0,0.0
DTXSID7029661,1661,0.0,0.0
DTXSID7029665,1661,0.0,0.0
DTXSID7029871,1661,0.999933784326412,1.0
DTXSID7029879,1661,0.9999888512076947,1.0
DTXSID7029904,1661,0.0,0.0
DTXSID7030060,1661,4.2545841303737636e-14,0.0
DTXSID7030197,1661,0.0,0.0
DTXSID7030307,1661,0.0,0.0
DTXSID7030432,1661,8.11713006818975e-12,0.0
DTXSID7030698,1661,2.4872815411741204e-09,0.0
DTXSID7031248,1661,0.0003133769673735394,0.0
DTXSID7031290,1661,0.0,0.0
DTXSID7031294,1661,0.0,0.0
DTXSID7031458,1661,0.0,0.0
DTXSID7031531,1661,0.005432825285850582,0.0
DTXSID7031797,1661,9.64528090351652e-13,0.0
DTXSID7031903,1661,0.0,0.0
DTXSID7032004,1661,0.9982544266906664,1.0
DTXSID7032345,1661,0.9964011258871345,1.0
DTXSID7032393,1661,0.9238677291819846,1.0
DTXSID7032424,1661,0.0,0.0
DTXSID7032470,1661,0.0,0.0
DTXSID7032474,1661,,
DTXSID7032551,1661,0.9999999999967243,1.0
DTXSID7032553,1661,0.00014300731066557612,0.0
DTXSID7032555,1661,0.00713912448472512,0.0
DTXSID7032559,1661,0.03152402084486005,0.0
DTXSID7032630,1661,0.0,0.0
DTXSID7032638,1661,0.9999999999747726,1.0
DTXSID7032688,1661,1.806170307719185e-07,0.0
DTXSID7033105,1661,0.0,0.0
DTXSID7034042,1661,0.9999999993204439,1.0
DTXSID7034250,1661,0.18178906490832203,0.0
DTXSID7034252,1661,0.0,0.0
DTXSID7034383,1661,0.0,0.0
DTXSID7034460,1661,0.0,0.0
DTXSID7034545,1661,5.128552393788972e-10,0.0
DTXSID7034549,1661,0.0,0.0
DTXSID7034624,1661,0.9942446308157548,1.0
DTXSID7034672,1661,1.5497998103861192e-06,0.0
DTXSID7034674,1661,0.9993285225505004,1.0
DTXSID7034676,1661,0.0,0.0
DTXSID7034836,1661,3.075607152167195e-08,0.0
DTXSID7034961,1661,0.0,0.0
DTXSID7035010,1661,3.0656751572125054e-14,0.0
DTXSID7035272,1661,,
DTXSID7035305,1661,0.0,0.0
DTXSID7037131,1661,0.0,0.0
DTXSID7037185,1661,0.9986387859265425,1.0
DTXSID7037262,1661,0.0,0.0
DTXSID7037478,1661,0.0,0.0
DTXSID7037551,1661,0.0,0.0
DTXSID7037553,1661,9.94697272300329e-11,0.0
DTXSID7037555,1661,5.759950362699175e-05,0.0
DTXSID7037680,1661,,
DTXSID7037715,1661,1.278804455248317e-08,0.0
DTXSID7037717,1661,0.9643920429943529,1.0
DTXSID7038317,1661,0.0008722452738033242,0.0
DTXSID7038810,1661,0.0,0.0
DTXSID7038814,1661,0.0,0.0
DTXSID7038818,1661,4.0986997585810416e-07,0.0
DTXSID7038864,1661,0.9999983386020734,1.0
DTXSID7040152,1661,0.0,0.0
DTXSID7040154,1661,0.0,0.0
DTXSID7040283,1661,0.012557960366059195,0.0
DTXSID7040285,1661,0.0,0.0
DTXSID7040287,1661,0.0019915001574882622,0.0
DTXSID7040289,1661,5.8153048563223004e-11,0.0
DTXSID7040316,1661,2.1184319167583634e-07,0.0
DTXSID7040360,1661,0.0,0.0
DTXSID7040362,1661,0.9999999895439078,1.0
DTXSID7040449,1661,0.8111157990955141,0.0
DTXSID7040526,1661,0.0,0.0
DTXSID7040653,1661,0.0,0.0
DTXSID7040657,1661,9.221465483001558e-07,0.0
DTXSID7040732,1661,,
DTXSID7040734,1661,0.0,0.0
DTXSID7040736,1661,1.5484859937915614e-05,0.0
DTXSID7040738,1661,0.0007285095068195481,0.0
DTXSID7040784,1661,0.0,0.0
DTXSID7040788,1661,0.0,0.0
DTXSID7040948,1661,0.0,0.0
DTXSID7040990,1661,0.9999999999999845,1.0
DTXSID7041047,1661,2.3600978016088604e-15,0.0
DTXSID7041097,1661,0.0003413243531253997,0.0
DTXSID7041126,1661,1.6939486365217104e-15,0.0
DTXSID7041178,1661,,
DTXSID7041201,1661,0.4154912910815326,0.0
DTXSID7041209,1661,0.0,0.0
DTXSID7041253,1661,0.0,0.0
DTXSID7041336,1661,0.004397855231494043,0.0
DTXSID7041388,1661,0.0,0.0
DTXSID7041411,1661,0.999985634519264,1.0
DTXSID7041413,1661,2.3213012797226154e-14,0.0
DTXSID7041417,1661,0.0,0.0
DTXSID7041461,1661,0.9999996187989287,1.0
DTXSID7041467,1661,0.0,0.0
DTXSID7041540,1661,0.0,0.0
DTXSID7041544,1661,7.52447486778612e-08,0.0
DTXSID7041621,1661,1.8412796897888857e-09,0.0
DTXSID7041623,1661,0.0,0.0
DTXSID7041625,1661,,
DTXSID7041627,1661,1.477684264686422e-09,0.0
DTXSID7041629,1661,0.9999997858397617,1.0
DTXSID7041671,1661,0.0,0.0
DTXSID7041675,1661,2.8039285860852786e-10,0.0
DTXSID7041708,1661,,
DTXSID7041752,1661,0.9999999961765784,1.0
DTXSID7041756,1661,0.0,0.0
DTXSID7041883,1661,0.9999997885074834,1.0
DTXSID7041887,1661,0.9999999993767436,1.0
DTXSID7041889,1661,,
DTXSID7041910,1661,7.653193056814728e-10,0.0
DTXSID7041914,1661,0.0,0.0
DTXSID7041916,1661,0.0,0.0
DTXSID7041918,1661,0.0,0.0
DTXSID7041962,1661,,
DTXSID7041964,1661,0.0,0.0
DTXSID7041966,1661,0.0,0.0
DTXSID7042011,1661,0.0,0.0
DTXSID7042019,1661,0.9965289202183004,1.0
DTXSID7042061,1661,0.0,0.0
DTXSID7042063,1661,0.0,0.0
DTXSID7042065,1661,0.08603780744586753,0.0
DTXSID7042140,1661,0.0,0.0
DTXSID7042146,1661,0.0,0.0
DTXSID7042190,1661,0.0,0.0
DTXSID7042196,1661,6.596514028923759e-13,0.0
DTXSID7042198,1661,0.0,0.0
DTXSID7042273,1661,1.6632595066836917e-07,0.0
DTXSID7042279,1661,3.3816439328007246e-14,0.0
DTXSID7042352,1661,0.0,0.0
DTXSID7042356,1661,,
DTXSID7042437,1661,6.690249736179554e-11,0.0
DTXSID7042514,1661,0.0,0.0
DTXSID7043829,1661,3.946369853019867e-14,0.0
DTXSID7043873,1661,0.0,0.0
DTXSID7043902,1661,,
DTXSID7043908,1661,0.0,0.0
DTXSID7043950,1661,0.0,0.0
DTXSID7044132,1661,9.705252125153413e-14,0.0
DTXSID7044215,1661,1.8612588995755145e-07,0.0
DTXSID7044217,1661,0.0,0.0
DTXSID7044267,1661,0.0,0.0
DTXSID7044340,1661,0.0,0.0
DTXSID7044342,1661,0.0,0.0
DTXSID7044346,1661,0.0,0.0
DTXSID7044390,1661,0.9860591516749581,1.0
DTXSID7044392,1661,0.0,0.0
DTXSID7044394,1661,8.167260402768252e-07,0.0
DTXSID7044396,1661,2.5547050367754065e-13,0.0
DTXSID7044398,1661,1.2183032745341514e-14,0.0
DTXSID7044421,1661,6.312641760034243e-06,0.0
DTXSID7044423,1661,9.043042428565827e-12,0.0
DTXSID7044425,1661,0.0,0.0
DTXSID7044427,1661,0.0,0.0
DTXSID7044429,1661,0.9901423392718683,1.0
DTXSID7044471,1661,0.0,0.0
DTXSID7044473,1661,0.0,0.0
DTXSID7044475,1661,4.715218758082422e-09,0.0
DTXSID7044479,1661,0.0,0.0
DTXSID7044500,1661,0.0,0.0
DTXSID7044502,1661,0.0,0.0
DTXSID7044504,1661,0.9999999999866112,1.0
DTXSID7044506,1661,0.0,0.0
DTXSID7044508,1661,0.0,0.0
DTXSID7044552,1661,0.0,0.0
DTXSID7044554,1661,0.0,0.0
DTXSID7044558,1661,0.9999999906540978,1.0
DTXSID7044631,1661,0.0,0.0
DTXSID7044633,1661,0.0,0.0
DTXSID7044635,1661,0.01125421059993175,0.0
DTXSID7044639,1661,0.9999999988340612,1.0
DTXSID7044681,1661,9.798451036027082e-18,0.0
DTXSID7044685,1661,0.0,0.0
DTXSID7044689,1661,,
DTXSID7044710,1661,0.027534558074136007,0.0
DTXSID7044712,1661,0.0,0.0
DTXSID7044714,1661,0.0,0.0
DTXSID7044716,1661,1.105830811192855e-12,0.0
DTXSID7044718,1661,0.00044316610524615266,0.0
DTXSID7044760,1661,0.0,0.0
DTXSID7044762,1661,0.0,0.0
DTXSID7044764,1661,0.0,0.0
DTXSID7044768,1661,0.0,0.0
DTXSID7044841,1661,0.996732925740181,1.0
DTXSID7044843,1661,5.854930867255921e-08,0.0
DTXSID7044845,1661,0.00013540395787073936,0.0
DTXSID7044847,1661,0.0,0.0
DTXSID7044849,1661,8.309352557717191e-11,0.0
DTXSID7044893,1661,0.0,0.0
DTXSID7044895,1661,,
DTXSID7044897,1661,0.0,0.0
DTXSID7044899,1661,,
DTXSID7044922,1661,8.299090254454449e-05,0.0
DTXSID7044926,1661,0.0,0.0
DTXSID7044928,1661,0.0,0.0
DTXSID7044970,1661,0.0,0.0
DTXSID7044972,1661,,
DTXSID7044974,1661,0.0,0.0
DTXSID7044976,1661,0.0,0.0
DTXSID7044978,1661,0.9743106966063738,1.0
DTXSID7045029,1661,0.010102752348011671,0.0
DTXSID7045152,1661,0.978229076792737,1.0
DTXSID7045158,1661,0.0,0.0
DTXSID7045281,1661,0.0,0.0
DTXSID7045287,1661,0.0,0.0
DTXSID7045310,1661,0.0,0.0
DTXSID7045312,1661,0.0,0.0
DTXSID7045316,1661,0.0,0.0
DTXSID7045364,1661,7.617345140058231e-14,0.0
DTXSID7045366,1661,0.0,0.0
DTXSID7045368,1661,0.0,0.0
DTXSID7045441,1661,0.0,0.0
DTXSID7045447,1661,0.7866115502010004,0.0
DTXSID7045493,1661,,
DTXSID7045497,1661,0.00020828567729627216,0.0
DTXSID7045522,1661,3.5556252205672012e-12,0.0
DTXSID7045526,1661,0.0,0.0
DTXSID7045570,1661,0.0,0.0
DTXSID7045572,1661,,
DTXSID7045574,1661,,
DTXSID7045576,1661,0.0,0.0
DTXSID7045578,1661,,
DTXSID7045601,1661,0.0,0.0
DTXSID7045607,1661,1.7656177492448589e-10,0.0
DTXSID7045651,1661,0.0,0.0
DTXSID7045653,1661,0.0,0.0
DTXSID7045655,1661,0.0,0.0
DTXSID7045659,1661,0.0,0.0
DTXSID7045788,1661,0.0,0.0
DTXSID7045811,1661,0.8543866893076021,0.0
DTXSID7045813,1661,0.0,0.0
DTXSID7045815,1661,0.0,0.0
DTXSID7045863,1661,0.2634756635258675,0.0
DTXSID7045867,1661,0.00010507576635331606,0.0
DTXSID7045940,1661,0.0,0.0
DTXSID7045942,1661,1.835003355283918e-13,0.0
DTXSID7045946,1661,,
DTXSID7045948,1661,0.0,0.0
DTXSID7045996,1661,0.0,0.0
DTXSID7046041,1661,0.0,0.0
DTXSID7046045,1661,0.0,0.0
DTXSID7046047,1661,0.0,0.0
DTXSID7046091,1661,0.00036377977902062617,0.0
DTXSID7046093,1661,3.064032443090562e-12,0.0
DTXSID7046095,1661,0.0,0.0
DTXSID7046126,1661,0.0,0.0
DTXSID7046128,1661,0.0,0.0
DTXSID7046174,1661,,
DTXSID7046176,1661,1.123918983881872e-12,0.0
DTXSID7046201,1661,0.0,0.0
DTXSID7046207,1661,0.0,0.0
DTXSID7046332,1661,9.840314250517738e-15,0.0
DTXSID7046384,1661,0.0,0.0
DTXSID7046386,1661,0.9937886120592159,1.0
DTXSID7046388,1661,0.0,0.0
DTXSID7046415,1661,1.0236093682208726e-12,0.0
DTXSID7046417,1661,,
DTXSID7046419,1661,0.0,0.0
DTXSID7046461,1661,0.0,0.0
DTXSID7046463,1661,0.0,0.0
DTXSID7046465,1661,0.06760839184683956,0.0
DTXSID7046467,1661,0.0,0.0
DTXSID7046594,1661,0.0,0.0
DTXSID7046623,1661,0.0,0.0
DTXSID7046627,1661,0.8583374090679108,0.0
DTXSID7046673,1661,1.6206434323660824e-11,0.0
DTXSID7046675,1661,0.9890944997713521,1.0
DTXSID7046677,1661,0.0,0.0
DTXSID7046706,1661,0.0,0.0
DTXSID7046756,1661,0.0,0.0
DTXSID7046831,1661,0.0,0.0
DTXSID7046887,1661,0.0,0.0
DTXSID7046889,1661,0.9999928357221964,1.0
DTXSID7046910,1661,0.0,0.0
DTXSID7046912,1661,0.0,0.0
DTXSID7046914,1661,7.873240509699579e-15,0.0
DTXSID7046966,1661,,
DTXSID7047061,1661,0.0,0.0
DTXSID7047065,1661,0.0,0.0
DTXSID7047067,1661,0.0,0.0
DTXSID7047140,1661,1.37907960632469e-12,0.0
DTXSID7047142,1661,0.0,0.0
DTXSID7047144,1661,0.9999877778359751,1.0
DTXSID7047146,1661,0.001957542288349724,0.0
DTXSID7047190,1661,,
DTXSID7047192,1661,0.0,0.0
DTXSID7047196,1661,0.0,0.0
DTXSID7047198,1661,8.909849603460502e-14,0.0
DTXSID7047271,1661,0.9999920822718074,1.0
DTXSID7047277,1661,0.9996006930459761,1.0
DTXSID7047279,1661,1.8702021521768524e-10,0.0
DTXSID7047304,1661,0.9727472465361123,1.0
DTXSID7047306,1661,3.6848453489150495e-16,0.0
DTXSID7047308,1661,0.12993272056710276,0.0
DTXSID7047356,1661,1.5150311807423849e-12,0.0
DTXSID7047358,1661,0.016623217424098873,0.0
DTXSID7047433,1661,0.00038756610436958307,0.0
DTXSID7047435,1661,0.9781369559095373,1.0
DTXSID7047437,1661,0.0,0.0
DTXSID7047439,1661,0.0,0.0
DTXSID7047487,1661,0.0,0.0
DTXSID7047510,1661,0.0,0.0
DTXSID7047512,1661,1.0346317902185598e-05,0.0
DTXSID7047518,1661,0.0,0.0
DTXSID7047560,1661,0.0,0.0
DTXSID7047562,1661,0.0,0.0
DTXSID7047568,1661,0.0,0.0
DTXSID7047641,1661,5.176535033771794e-13,0.0
DTXSID7047643,1661,0.0,0.0
DTXSID7047645,1661,0.0,0.0
DTXSID7047647,1661,0.0,0.0
DTXSID7047649,1661,0.0,0.0
DTXSID7047691,1661,0.0,0.0
DTXSID7047693,1661,0.0,0.0
DTXSID7047697,1661,,
DTXSID7047726,1661,0.0,0.0
DTXSID7047772,1661,2.0041004712378398e-12,0.0
DTXSID7047774,1661,,
DTXSID7047776,1661,0.2344185684957711,0.0
DTXSID7047801,1661,0.0,0.0
DTXSID7047803,1661,0.0,0.0
DTXSID7047807,1661,7.437663494832631e-10,0.0
DTXSID7047853,1661,0.9952353892940569,1.0
DTXSID7047930,1661,6.054968957362496e-08,0.0
DTXSID7047932,1661,4.769206619152688e-16,0.0
DTXSID7047934,1661,0.0,0.0
DTXSID7047936,1661,2.1857130559151703e-14,0.0
DTXSID7047938,1661,1.7092392590237418e-17,0.0
DTXSID7048166,1661,0.000510465166109022,0.0
DTXSID7048168,1661,0.9551047047426857,1.0
DTXSID7048580,1661,,
DTXSID7048582,1661,5.885868008964488e-12,0.0
DTXSID7048619,1661,0.9904563593991605,1.0
DTXSID7048661,1661,0.0,0.0
DTXSID7048669,1661,0.0,0.0
DTXSID7048740,1661,0.0,0.0
DTXSID7048744,1661,0.7212299081650096,0.0
DTXSID7048746,1661,0.09816177769638368,0.0
DTXSID7048790,1661,2.078025747576455e-09,0.0
DTXSID7048792,1661,0.0,0.0
DTXSID7048794,1661,0.0,0.0
DTXSID7048796,1661,0.0,0.0
DTXSID7048798,1661,0.981604849190853,1.0
DTXSID7048821,1661,,
DTXSID7048823,1661,2.1804466459866313e-11,0.0
DTXSID7048825,1661,3.362989454421105e-13,0.0
DTXSID7048827,1661,0.0,0.0
DTXSID7048829,1661,,
DTXSID7048871,1661,0.1366690032482683,0.0
DTXSID7048873,1661,8.846675392102809e-11,0.0
DTXSID7048875,1661,0.00011871091962237184,0.0
DTXSID7048877,1661,0.19091414454076638,0.0
DTXSID7048879,1661,0.0,0.0
DTXSID7048900,1661,9.768688098892372e-07,0.0
DTXSID7048902,1661,0.0,0.0
DTXSID7048904,1661,0.9605013143844443,1.0
DTXSID7048908,1661,4.161759159887328e-11,0.0
DTXSID7048954,1661,0.0,0.0
DTXSID7049003,1661,1.3563183983928898e-11,0.0
DTXSID7049007,1661,0.0,0.0
DTXSID7049051,1661,1.8105625930840904e-05,0.0
DTXSID7049055,1661,0.0,0.0
DTXSID7049059,1661,0.0,0.0
DTXSID7049211,1661,0.0,0.0
DTXSID7049213,1661,,
DTXSID7049215,1661,0.0,0.0
DTXSID7049217,1661,1.5395267308664185e-08,0.0
DTXSID7049219,1661,0.0,0.0
DTXSID7049261,1661,8.370793197040664e-07,0.0
DTXSID7049263,1661,0.0,0.0
DTXSID7049265,1661,0.0,0.0
DTXSID7049267,1661,5.502242790555576e-05,0.0
DTXSID7049269,1661,0.0,0.0
DTXSID7049340,1661,,
DTXSID7049342,1661,4.969234071992796e-11,0.0
DTXSID7049344,1661,0.0,0.0
DTXSID7049346,1661,0.0,0.0
DTXSID7049348,1661,0.0,0.0
DTXSID7049390,1661,0.0,0.0
DTXSID7049392,1661,0.0,0.0
DTXSID7049394,1661,0.0,0.0
DTXSID7049396,1661,0.0,0.0
DTXSID7049398,1661,2.4254431839016307e-17,0.0
DTXSID7049421,1661,0.0,0.0
DTXSID7049423,1661,0.0,0.0
DTXSID7049425,1661,0.0,0.0
DTXSID7049427,1661,1.6206972032726743e-09,0.0
DTXSID7049429,1661,0.0580363028842426,0.0
DTXSID7049471,1661,0.0,0.0
DTXSID7049473,1661,0.0,0.0
DTXSID7049475,1661,0.0,0.0
DTXSID7049477,1661,0.0,0.0
DTXSID7049479,1661,0.0,0.0
DTXSID7049500,1661,0.0,0.0
DTXSID7049502,1661,3.5796226581403946e-12,0.0
DTXSID7049504,1661,0.00022588059576175674,0.0
DTXSID7049506,1661,0.0,0.0
DTXSID7049508,1661,0.0,0.0
DTXSID7049550,1661,0.0,0.0
DTXSID7049552,1661,1.800311007921192e-06,0.0
DTXSID7049554,1661,0.0046779728520919914,0.0
DTXSID7049556,1661,0.008271440533348037,0.0
DTXSID7049558,1661,0.0,0.0
DTXSID7051474,1661,0.0,0.0
DTXSID7051557,1661,0.0,0.0
DTXSID7051715,1661,0.0,0.0
DTXSID7051890,1661,1.4729770631077865e-06,0.0
DTXSID7052101,1661,0.0,0.0
DTXSID7052109,1661,5.683348632041863e-06,0.0
DTXSID7052284,1661,0.10675476546470987,0.0
DTXSID7052288,1661,0.0,0.0
DTXSID7052311,1661,0.0,0.0
DTXSID7052319,1661,9.1676097807498e-07,0.0
DTXSID7052446,1661,2.7882376671679067e-15,0.0
DTXSID7052529,1661,6.238653512489491e-13,0.0
DTXSID7052571,1661,,
DTXSID7052573,1661,0.00011515014201511764,0.0
DTXSID7052577,1661,,
DTXSID7052602,1661,0.0,0.0
DTXSID7052652,1661,0.0,0.0
DTXSID7052654,1661,3.5079814323257803e-12,0.0
DTXSID7052735,1661,0.0,0.0
DTXSID7052860,1661,0.0,0.0
DTXSID7052866,1661,0.0,0.0
DTXSID7057602,1661,0.0,0.0
DTXSID7057604,1661,0.0,0.0
DTXSID7057606,1661,0.0,0.0
DTXSID7057608,1661,0.0,0.0
DTXSID7057650,1661,0.0,0.0
DTXSID7057652,1661,6.509227618378348e-05,0.0
DTXSID7057654,1661,0.0,0.0
DTXSID7057656,1661,0.0,0.0
DTXSID7057658,1661,0.0,0.0
DTXSID7057731,1661,2.504133609991429e-05,0.0
DTXSID7057733,1661,0.0,0.0
DTXSID7057735,1661,0.0,0.0
DTXSID7057737,1661,0.0,0.0
DTXSID7057739,1661,3.77650802294451e-14,0.0
DTXSID7057781,1661,0.0,0.0
DTXSID7057783,1661,0.0,0.0
DTXSID7057785,1661,0.0,0.0
DTXSID7057787,1661,0.0,0.0
DTXSID7057789,1661,,
DTXSID7057810,1661,0.0,0.0
DTXSID7057812,1661,2.1555147193663708e-08,0.0
DTXSID7057814,1661,0.0,0.0
DTXSID7057816,1661,,
DTXSID7057818,1661,4.4839987045087586e-05,0.0
DTXSID8020040,1661,0.9694102536708036,1.0
DTXSID8020044,1661,0.0,0.0
DTXSID8020090,1661,0.0,0.0
DTXSID8020092,1661,0.0,0.0
DTXSID8020094,1661,0.0,0.0
DTXSID8020121,1661,1.4955630393803907e-08,0.0
DTXSID8020123,1661,0.0,0.0
DTXSID8020127,1661,2.2219108443392474e-11,0.0
DTXSID8020129,1661,0.0,0.0
DTXSID8020173,1661,0.0,0.0
DTXSID8020175,1661,0.0,0.0
DTXSID8020179,1661,0.0,0.0
DTXSID8020200,1661,0.0,0.0
DTXSID8020202,1661,0.601554080084507,0.0
DTXSID8020206,1661,7.34600564116688e-12,0.0
DTXSID8020250,1661,0.0,0.0
DTXSID8020252,1661,0.0,0.0
DTXSID8020256,1661,0.0,0.0
DTXSID8020331,1661,6.231509899708208e-12,0.0
DTXSID8020337,1661,0.9888060414295282,1.0
DTXSID8020381,1661,0.4279376276893296,0.0
DTXSID8020410,1661,0.0,0.0
DTXSID8020462,1661,1.1210807177573013e-09,0.0
DTXSID8020464,1661,0.0,0.0
DTXSID8020466,1661,0.0,0.0
DTXSID8020468,1661,0.0,0.0
DTXSID8020541,1661,0.0,0.0
DTXSID8020543,1661,4.6501146145402204e-14,0.0
DTXSID8020545,1661,0.0,0.0
DTXSID8020591,1661,0.0,0.0
DTXSID8020593,1661,1.6214764554659917e-15,0.0
DTXSID8020597,1661,0.0,0.0
DTXSID8020620,1661,0.0,0.0
DTXSID8020622,1661,0.0,0.0
DTXSID8020624,1661,1.0,1.0
DTXSID8020626,1661,0.0,0.0
DTXSID8020628,1661,3.667951467144755e-15,0.0
DTXSID8020674,1661,0.7593079048465909,0.0
DTXSID8020678,1661,0.9999308741116335,1.0
DTXSID8020703,1661,0.0,0.0
DTXSID8020707,1661,0.0,0.0
DTXSID8020709,1661,,
DTXSID8020753,1661,5.025330919620495e-10,0.0
DTXSID8020755,1661,0.0,0.0
DTXSID8020757,1661,0.0,0.0
DTXSID8020759,1661,0.0011514533572223298,0.0
DTXSID8020830,1661,0.0,0.0
DTXSID8020834,1661,0.0009330854120123688,0.0
DTXSID8020838,1661,,
DTXSID8020880,1661,0.0,0.0
DTXSID8020886,1661,0.0,0.0
DTXSID8020888,1661,0.0,0.0
DTXSID8020913,1661,0.0,0.0
DTXSID8020915,1661,0.0,0.0
DTXSID8020917,1661,0.06237110207334588,0.0
DTXSID8020919,1661,0.0,0.0
DTXSID8020961,1661,0.0,0.0
DTXSID8020963,1661,0.0,0.0
DTXSID8020965,1661,0.0,0.0
DTXSID8020967,1661,0.0,0.0
DTXSID8020969,1661,0.0,0.0
DTXSID8021060,1661,1.005470361598796e-08,0.0
DTXSID8021062,1661,1.8927189803086004e-14,0.0
DTXSID8021141,1661,0.0,0.0
DTXSID8021145,1661,7.313449051646261e-10,0.0
DTXSID8021147,1661,0.0,0.0
DTXSID8021191,1661,0.9973823912734496,1.0
DTXSID8021193,1661,0.0,0.0
DTXSID8021195,1661,0.0,0.0
DTXSID8021199,1661,0.0,0.0
DTXSID8021222,1661,0.9892564839659522,1.0
DTXSID8021224,1661,0.9742644526513772,1.0
DTXSID8021270,1661,0.9998017395211662,1.0
DTXSID8021272,1661,0.0,0.0
DTXSID8021278,1661,5.3568982734588286e-12,0.0
DTXSID8021301,1661,0.9997966710472244,1.0
DTXSID8021305,1661,0.0,0.0
DTXSID8021309,1661,0.0,0.0
DTXSID8021351,1661,0.0,0.0
DTXSID8021359,1661,5.56720903396268e-09,0.0
DTXSID8021438,1661,0.0,0.0
DTXSID8021482,1661,0.0,0.0
DTXSID8021484,1661,,
DTXSID8021486,1661,0.0,0.0
DTXSID8021488,1661,0.0,0.0
DTXSID8021513,1661,0.0,0.0
DTXSID8021515,1661,0.0,0.0
DTXSID8021517,1661,0.0,0.0
DTXSID8021519,1661,0.0,0.0
DTXSID8021561,1661,0.0,0.0
DTXSID8021563,1661,0.0008807688090333971,0.0
DTXSID8021565,1661,2.2005880585556754e-13,0.0
DTXSID8021640,1661,0.0,0.0
DTXSID8021642,1661,7.369229561915884e-13,0.0
DTXSID8021644,1661,1.3930120224611902e-10,0.0
DTXSID8021646,1661,0.0,0.0
DTXSID8021648,1661,0.0,0.0
DTXSID8021690,1661,,
DTXSID8021721,1661,4.5133619040268657e-11,0.0
DTXSID8021725,1661,0.0,0.0
DTXSID8021729,1661,0.9993869714609964,1.0
DTXSID8021771,1661,8.100883775778869e-13,0.0
DTXSID8021775,1661,0.0,0.0
DTXSID8021777,1661,0.0,0.0
DTXSID8021800,1661,0.0,0.0
DTXSID8021802,1661,0.10378752930435922,0.0
DTXSID8021804,1661,,
DTXSID8021808,1661,0.0,0.0
DTXSID8021854,1661,1.4587732293228074e-11,0.0
DTXSID8021856,1661,0.0,0.0
DTXSID8021931,1661,0.0,0.0
DTXSID8021937,1661,0.0,0.0
DTXSID8021939,1661,,
DTXSID8022036,1661,0.0,0.0
DTXSID8022080,1661,0.7029082572806894,0.0
DTXSID8022082,1661,0.0,0.0
DTXSID8022084,1661,0.0,0.0
DTXSID8022086,1661,3.2268405221928098e-15,0.0
DTXSID8022111,1661,1.9624398615286772e-05,0.0
DTXSID8022113,1661,0.0,0.0
DTXSID8022117,1661,0.0,0.0
DTXSID8022161,1661,0.9990617689124508,1.0
DTXSID8022246,1661,0.0008721899144930504,0.0
DTXSID8022292,1661,0.0006829978630161255,0.0
DTXSID8022325,1661,0.9790461755046166,1.0
DTXSID8022371,1661,0.354597079777986,0.0
DTXSID8022377,1661,0.8720955515281679,0.0
DTXSID8022404,1661,8.083710494031354e-07,0.0
DTXSID8022406,1661,0.0006373277499165521,0.0
DTXSID8022408,1661,8.704950609931441e-07,0.0
DTXSID8022585,1661,0.0,0.0
DTXSID8022589,1661,0.0,0.0
DTXSID8022610,1661,2.1796125918041993e-11,0.0
DTXSID8022614,1661,0.06251400039354967,0.0
DTXSID8022666,1661,0.0,0.0
DTXSID8022741,1661,2.7758898821066396e-08,0.0
DTXSID8022743,1661,0.0,0.0
DTXSID8022749,1661,0.0,0.0
DTXSID8022822,1661,0.0,0.0
DTXSID8022828,1661,0.0,0.0
DTXSID8022870,1661,,
DTXSID8022872,1661,1.8403545474991122e-06,0.0
DTXSID8022901,1661,0.0,0.0
DTXSID8022959,1661,0.0,0.0
DTXSID8023050,1661,5.833986023311438e-11,0.0
DTXSID8023054,1661,2.8915865049284768e-11,0.0
DTXSID8023137,1661,0.0,0.0
DTXSID8023214,1661,4.350633208504544e-11,0.0
DTXSID8023216,1661,0.0,0.0
DTXSID8023260,1661,,
DTXSID8023262,1661,0.72557121495901,0.0
DTXSID8023347,1661,0.0,0.0
DTXSID8023349,1661,0.0,0.0
DTXSID8023393,1661,0.0,0.0
DTXSID8023395,1661,0.9130518206540649,1.0
DTXSID8023426,1661,0.0,0.0
DTXSID8023470,1661,0.0,0.0
DTXSID8023472,1661,,
DTXSID8023474,1661,0.9997588837908731,1.0
DTXSID8023476,1661,1.3717637448631506e-08,0.0
DTXSID8023505,1661,0.7103134679998555,0.0
DTXSID8023551,1661,0.0,0.0
DTXSID8023557,1661,0.8940703316641123,0.0
DTXSID8023630,1661,0.0,0.0
DTXSID8023632,1661,,
DTXSID8023636,1661,4.5041162027539447e-07,0.0
DTXSID8023688,1661,0.0,0.0
DTXSID8023713,1661,0.0,0.0
DTXSID8023719,1661,0.9988319988427953,1.0
DTXSID8023846,1661,0.0,0.0
DTXSID8023848,1661,0.8025307180147434,0.0
DTXSID8023890,1661,0.0,0.0
DTXSID8023892,1661,0.9999165213541923,1.0
DTXSID8023927,1661,0.9966319251702676,1.0
DTXSID8023971,1661,,
DTXSID8023973,1661,0.0,0.0
DTXSID8023977,1661,0.0,0.0
DTXSID8024072,1661,2.2067333389587662e-10,0.0
DTXSID8024101,1661,0.0,0.0
DTXSID8024105,1661,0.0,0.0
DTXSID8024107,1661,1.0924010252885925e-06,0.0
DTXSID8024109,1661,0.0,0.0
DTXSID8024151,1661,0.9848093356440025,1.0
DTXSID8024153,1661,0.0,0.0
DTXSID8024157,1661,2.120314370755251e-11,0.0
DTXSID8024159,1661,0.9514872376592043,1.0
DTXSID8024234,1661,,
DTXSID8024236,1661,0.06473558449434054,0.0
DTXSID8024238,1661,0.9975140974789842,1.0
DTXSID8024280,1661,0.6115768692772681,0.0
DTXSID8024284,1661,0.0,0.0
DTXSID8024286,1661,0.0,0.0
DTXSID8024311,1661,0.0,0.0
DTXSID8024315,1661,0.000240941181373664,0.0
DTXSID8024317,1661,0.0,0.0
DTXSID8024442,1661,0.0,0.0
DTXSID8024448,1661,0.0,0.0
DTXSID8024498,1661,0.25878033808523715,0.0
DTXSID8024521,1661,0.0,0.0
DTXSID8024523,1661,0.7944299152306247,0.0
DTXSID8024529,1661,,
DTXSID8024573,1661,0.0,0.0
DTXSID8024600,1661,0.0,0.0
DTXSID8024602,1661,2.8300245697073757e-17,0.0
DTXSID8024608,1661,0.0,0.0
DTXSID8024652,1661,0.999848543935686,1.0
DTXSID8024658,1661,,
DTXSID8024733,1661,0.0,0.0
DTXSID8024739,1661,0.0,0.0
DTXSID8024781,1661,0.0,0.0
DTXSID8024783,1661,0.0,0.0
DTXSID8024787,1661,0.0,0.0
DTXSID8024810,1661,0.0,0.0
DTXSID8024814,1661,0.0,0.0
DTXSID8024862,1661,1.2663557865872011e-06,0.0
DTXSID8024864,1661,1.9267943869377163e-08,0.0
DTXSID8024866,1661,1.2993982291643036e-07,0.0
DTXSID8024941,1661,1.204230950062866e-11,0.0
DTXSID8024947,1661,2.4947089641118295e-09,0.0
DTXSID8024991,1661,0.0,0.0
DTXSID8024993,1661,0.0,0.0
DTXSID8024997,1661,0.0,0.0
DTXSID8024999,1661,0.0,0.0
DTXSID8025040,1661,2.6596320516883858e-11,0.0
DTXSID8025046,1661,0.0,0.0
DTXSID8025094,1661,0.0,0.0
DTXSID8025096,1661,0.0,0.0
DTXSID8025258,1661,6.5975886361730395e-12,0.0
DTXSID8025331,1661,0.9984147485233059,1.0
DTXSID8025337,1661,0.0,0.0
DTXSID8025464,1661,,
DTXSID8025466,1661,0.0,0.0
DTXSID8025591,1661,0.0,0.0
DTXSID8025593,1661,6.422137732313371e-07,0.0
DTXSID8025595,1661,0.0,0.0
DTXSID8025599,1661,0.9999989927165565,1.0
DTXSID8025628,1661,0.0,0.0
DTXSID8025670,1661,0.0,0.0
DTXSID8025703,1661,6.112729474058624e-11,0.0
DTXSID8025707,1661,1.7670440033788485e-05,0.0
DTXSID8025709,1661,0.0,0.0
DTXSID8025751,1661,1.026779019788487e-11,0.0
DTXSID8025757,1661,0.9999964264170186,1.0
DTXSID8025759,1661,,
DTXSID8025830,1661,0.7055854055358591,0.0
DTXSID8025886,1661,0.0,0.0
DTXSID8025888,1661,,
DTXSID8025961,1661,0.0,0.0
DTXSID8025963,1661,0.0,0.0
DTXSID8025967,1661,7.080413911003029e-12,0.0
DTXSID8025969,1661,0.0,0.0
DTXSID8026018,1661,0.9969083520068032,1.0
DTXSID8026060,1661,1.947507114910772e-12,0.0
DTXSID8026064,1661,0.0,0.0
DTXSID8026068,1661,0.0,0.0
DTXSID8026141,1661,0.0,0.0
DTXSID8026145,1661,0.0,0.0
DTXSID8026147,1661,0.0,0.0
DTXSID8026193,1661,0.0,0.0
DTXSID8026195,1661,0.0,0.0
DTXSID8026220,1661,3.492349254658007e-07,0.0
DTXSID8026224,1661,0.0,0.0
DTXSID8026228,1661,0.0,0.0
DTXSID8026303,1661,1.5386857691033054e-07,0.0
DTXSID8026305,1661,0.0,0.0
DTXSID8026307,1661,0.0,0.0
DTXSID8026309,1661,4.267534822792823e-11,0.0
DTXSID8026432,1661,1.5816769105944494e-11,0.0
DTXSID8026436,1661,0.0,0.0
DTXSID8026488,1661,0.0,0.0
DTXSID8026513,1661,0.0,0.0
DTXSID8026515,1661,0.0,0.0
DTXSID8026519,1661,1.0743533544755161e-15,0.0
DTXSID8026563,1661,0.9966965716393774,1.0
DTXSID8026640,1661,0.0,0.0
DTXSID8026694,1661,0.0,0.0
DTXSID8026698,1661,0.9998720212429948,1.0
DTXSID8026725,1661,0.02231947328008928,0.0
DTXSID8026727,1661,5.844792927328502e-18,0.0
DTXSID8026729,1661,,
DTXSID8026773,1661,0.0,0.0
DTXSID8026775,1661,0.0,0.0
DTXSID8026802,1661,0.0,0.0
DTXSID8026931,1661,0.0,0.0
DTXSID8026933,1661,5.750639757224689e-10,0.0
DTXSID8026935,1661,0.0,0.0
DTXSID8026981,1661,0.0,0.0
DTXSID8027032,1661,2.8103559291315755e-18,0.0
DTXSID8027034,1661,0.0,0.0
DTXSID8027036,1661,0.0,0.0
DTXSID8027084,1661,0.9999757062979616,1.0
DTXSID8027086,1661,0.0,0.0
DTXSID8027113,1661,0.0,0.0
DTXSID8027163,1661,0.0,0.0
DTXSID8027167,1661,8.669673363213904e-11,0.0
DTXSID8027169,1661,0.0,0.0
DTXSID8027240,1661,0.9946470206336889,1.0
DTXSID8027244,1661,0.0,0.0
DTXSID8027246,1661,6.239151569780973e-13,0.0
DTXSID8027292,1661,1.0,1.0
DTXSID8027294,1661,0.0,0.0
DTXSID8027321,1661,0.0,0.0
DTXSID8027323,1661,0.001937172477416454,0.0
DTXSID8027329,1661,0.0,0.0
DTXSID8027377,1661,0.0,0.0
DTXSID8027400,1661,6.091630995544069e-12,0.0
DTXSID8027402,1661,6.242862051249861e-16,0.0
DTXSID8027452,1661,0.0,0.0
DTXSID8027454,1661,2.8685920516092454e-11,0.0
DTXSID8027537,1661,,
DTXSID8027581,1661,0.0,0.0
DTXSID8027585,1661,0.9844669053587607,1.0
DTXSID8027589,1661,0.0,0.0
DTXSID8027747,1661,0.0,0.0
DTXSID8027749,1661,1.0115134357875226e-05,0.0
DTXSID8027793,1661,0.9998192196982253,1.0
DTXSID8027795,1661,0.9999999986375157,1.0
DTXSID8027797,1661,2.6656839659457524e-06,0.0
DTXSID8027822,1661,0.0,0.0
DTXSID8027826,1661,0.0,0.0
DTXSID8027870,1661,0.10602903866272714,0.0
DTXSID8027878,1661,4.792988190040598e-05,0.0
DTXSID8027905,1661,1.2087647247945815e-05,0.0
DTXSID8027955,1661,0.0,0.0
DTXSID8027959,1661,0.0,0.0
DTXSID8028008,1661,0.06070205488764938,0.0
DTXSID8028842,1661,2.1521261631118666e-15,0.0
DTXSID8029072,1661,0.0,0.0
DTXSID8029105,1661,0.0,0.0
DTXSID8029153,1661,,
DTXSID8029157,1661,0.0,0.0
DTXSID8029159,1661,0.0,0.0
DTXSID8029230,1661,,
DTXSID8029232,1661,9.403142045344838e-13,0.0
DTXSID8029234,1661,0.0,0.0
DTXSID8029236,1661,0.0,0.0
DTXSID8029280,1661,0.0,0.0
DTXSID8029282,1661,0.9642286847027869,1.0
DTXSID8029286,1661,0.0,0.0
DTXSID8029315,1661,0.0,0.0
DTXSID8029317,1661,0.0,0.0
DTXSID8029369,1661,0.0,0.0
DTXSID8029575,1661,0.0,0.0
DTXSID8029600,1661,4.7280411901833085e-12,0.0
DTXSID8029602,1661,0.9999998130990563,1.0
DTXSID8029604,1661,0.0,0.0
DTXSID8029606,1661,1.7802947576684173e-06,0.0
DTXSID8029608,1661,0.9998108993210247,1.0
DTXSID8029650,1661,0.0,0.0
DTXSID8029652,1661,4.566038401584026e-13,0.0
DTXSID8029733,1661,0.0,0.0
DTXSID8029739,1661,0.0,0.0
DTXSID8029868,1661,0.9952306814543959,1.0
DTXSID8030138,1661,0.0,0.0
DTXSID8030423,1661,,
DTXSID8030760,1661,0.0,0.0
DTXSID8031077,1661,0.9704350904361265,1.0
DTXSID8031366,1661,0.0,0.0
DTXSID8031497,1661,0.0,0.0
DTXSID8031863,1661,1.0704782757646725e-18,0.0
DTXSID8031865,1661,0.0,0.0
DTXSID8032386,1661,0.0,0.0
DTXSID8032417,1661,0.998360086959642,1.0
DTXSID8032544,1661,0.0,0.0
DTXSID8032548,1661,0.22004892464046882,0.0
DTXSID8032623,1661,0.0,0.0
DTXSID8032627,1661,7.090960966873077e-13,0.0
DTXSID8032671,1661,0.0,0.0
DTXSID8032673,1661,0.0,0.0
DTXSID8032675,1661,0.0,0.0
DTXSID8033433,1661,0.0,0.0
DTXSID8033512,1661,5.701553651881527e-13,0.0
DTXSID8033562,1661,0.8498661453057347,0.0
DTXSID8033564,1661,9.399487775573568e-07,0.0
DTXSID8033566,1661,0.0,0.0
DTXSID8033649,1661,1.2033773909437342e-05,0.0
DTXSID8033803,1661,0.0,0.0
DTXSID8034085,1661,0.997629217274092,1.0
DTXSID8034087,1661,0.0,0.0
DTXSID8034089,1661,0.8678233659627724,0.0
DTXSID8034241,1661,0.0,0.0
DTXSID8034324,1661,6.116522238579209e-08,0.0
DTXSID8034372,1661,1.7541388022751137e-15,0.0
DTXSID8034376,1661,0.0,0.0
DTXSID8034401,1661,0.910751645428726,1.0
DTXSID8034538,1661,0.0,0.0
DTXSID8034580,1661,0.0,0.0
DTXSID8034586,1661,0.878288085907625,0.0
DTXSID8034588,1661,0.9997730296644983,1.0
DTXSID8034665,1661,0.0,0.0
DTXSID8034742,1661,0.9991453721062784,1.0
DTXSID8034792,1661,0.9842021580908861,1.0
DTXSID8034823,1661,0.0,0.0
DTXSID8034871,1661,1.1646951338947e-15,0.0
DTXSID8034877,1661,,
DTXSID8034956,1661,0.8676903089244643,0.0
DTXSID8035001,1661,0.0,0.0
DTXSID8035138,1661,0.0,0.0
DTXSID8035180,1661,0.8364920046884424,0.0
DTXSID8035186,1661,1.2809531833427662e-09,0.0
DTXSID8035217,1661,0.0,0.0
DTXSID8035423,1661,0.0,0.0
DTXSID8037207,1661,0.0,0.0
DTXSID8037594,1661,8.116055927043453e-06,0.0
DTXSID8037596,1661,0.0,0.0
DTXSID8037706,1661,0.0,0.0
DTXSID8037708,1661,8.23749195797505e-17,0.0
DTXSID8037750,1661,0.0,0.0
DTXSID8037752,1661,,
DTXSID8037754,1661,0.0,0.0
DTXSID8037756,1661,0.0,0.0
DTXSID8038770,1661,0.0,0.0
DTXSID8038801,1661,,
DTXSID8038855,1661,0.0,0.0
DTXSID8038857,1661,0.002217158302171024,0.0
DTXSID8039241,1661,0.0,0.0
DTXSID8040222,1661,4.428227656920596e-14,0.0
DTXSID8040270,1661,0.9999360906328416,1.0
DTXSID8040274,1661,0.0,0.0
DTXSID8040278,1661,0.07159644207080121,0.0
DTXSID8040436,1661,0.0,0.0
DTXSID8040484,1661,0.8659741303933658,0.0
DTXSID8040694,1661,0.0,0.0
DTXSID8040698,1661,7.436560052741449e-07,0.0
DTXSID8040721,1661,0.0,0.0
DTXSID8040723,1661,0.00018221401104580589,0.0
DTXSID8040725,1661,0.9999998836195155,1.0
DTXSID8040727,1661,9.185394532741971e-10,0.0
DTXSID8040775,1661,0.0,0.0
DTXSID8040779,1661,0.0,0.0
DTXSID8040800,1661,0.0,0.0
DTXSID8041032,1661,0.0,0.0
DTXSID8041034,1661,0.942483637983893,1.0
DTXSID8041080,1661,0.0,0.0
DTXSID8041117,1661,0.0,0.0
DTXSID8041242,1661,2.546684438883778e-07,0.0
DTXSID8041246,1661,2.328164071861474e-16,0.0
DTXSID8041248,1661,0.9998273528743004,1.0
DTXSID8041298,1661,0.0,0.0
DTXSID8041321,1661,0.0,0.0
DTXSID8041327,1661,0.0,0.0
DTXSID8041329,1661,0.0,0.0
DTXSID8041371,1661,0.0,0.0
DTXSID8041373,1661,0.0,0.0
DTXSID8041379,1661,0.0,0.0
DTXSID8041400,1661,0.0,0.0
DTXSID8041404,1661,0.0,0.0
DTXSID8041452,1661,,
DTXSID8041610,1661,0.0,0.0
DTXSID8041668,1661,0.0,0.0
DTXSID8041743,1661,,
DTXSID8041745,1661,,
DTXSID8041793,1661,0.0,0.0
DTXSID8041797,1661,1.2221863462720033e-11,0.0
DTXSID8041799,1661,0.13526390318790688,0.0
DTXSID8041828,1661,0.0,0.0
DTXSID8041901,1661,0.0,0.0
DTXSID8041909,1661,0.0,0.0
DTXSID8041951,1661,3.134822006415704e-10,0.0
DTXSID8041955,1661,0.0,0.0
DTXSID8041957,1661,0.0,0.0
DTXSID8041959,1661,0.0,0.0
DTXSID8042002,1661,,
DTXSID8042006,1661,0.0,0.0
DTXSID8042052,1661,6.080053677977168e-15,0.0
DTXSID8042137,1661,0.0,0.0
DTXSID8042181,1661,7.21101558031522e-05,0.0
DTXSID8042187,1661,0.0,0.0
DTXSID8042189,1661,0.0,0.0
DTXSID8042210,1661,0.0,0.0
DTXSID8042218,1661,0.0,0.0
DTXSID8042260,1661,0.06274473306473147,0.0
DTXSID8042264,1661,0.9999999924989496,1.0
DTXSID8042266,1661,0.0,0.0
DTXSID8042343,1661,0.0,0.0
DTXSID8042349,1661,3.5496233304212204e-12,0.0
DTXSID8042399,1661,0.0,0.0
DTXSID8042422,1661,0.0,0.0
DTXSID8042424,1661,0.0,0.0
DTXSID8042426,1661,0.0,0.0
DTXSID8042478,1661,0.9999998682911282,1.0
DTXSID8042503,1661,8.2802004070947e-12,0.0
DTXSID8042507,1661,0.0,0.0
DTXSID8042509,1661,0.9766999522175888,1.0
DTXSID8042559,1661,0.0,0.0
DTXSID8042632,1661,1.9532765180908327e-09,0.0
DTXSID8043814,1661,0.0020029431090503795,0.0
DTXSID8043941,1661,0.0,0.0
DTXSID8044175,1661,9.306041520414117e-17,0.0
DTXSID8044177,1661,0.0,0.0
DTXSID8044200,1661,2.2411119576415803e-19,0.0
DTXSID8044202,1661,2.6858246404052125e-14,0.0
DTXSID8044204,1661,0.9890822125732938,1.0
DTXSID8044206,1661,0.0,0.0
DTXSID8044208,1661,2.444037561893011e-12,0.0
DTXSID8044252,1661,7.788954759337167e-11,0.0
DTXSID8044381,1661,0.9999999500757393,1.0
DTXSID8044383,1661,,
DTXSID8044385,1661,0.0,0.0
DTXSID8044389,1661,0.0,0.0
DTXSID8044410,1661,0.0,0.0
DTXSID8044412,1661,,
DTXSID8044414,1661,0.0,0.0
DTXSID8044416,1661,0.0,0.0
DTXSID8044462,1661,0.0,0.0
DTXSID8044464,1661,,
DTXSID8044466,1661,0.0,0.0
DTXSID8044541,1661,0.0,0.0
DTXSID8044543,1661,0.0,0.0
DTXSID8044545,1661,0.9585339353821176,1.0
DTXSID8044547,1661,0.0,0.0
DTXSID8044549,1661,0.9999999999999492,1.0
DTXSID8044591,1661,0.0,0.0
DTXSID8044593,1661,0.0,0.0
DTXSID8044595,1661,0.0,0.0
DTXSID8044597,1661,0.0,0.0
DTXSID8044599,1661,2.1763883323979186e-17,0.0
DTXSID8044620,1661,0.0,0.0
DTXSID8044622,1661,0.0,0.0
DTXSID8044624,1661,0.0,0.0
DTXSID8044626,1661,2.616614919883107e-13,0.0
DTXSID8044670,1661,0.0,0.0
DTXSID8044676,1661,0.0,0.0
DTXSID8044678,1661,9.754777237213072e-07,0.0
DTXSID8044701,1661,,
DTXSID8044703,1661,,
DTXSID8044709,1661,0.0,0.0
DTXSID8044751,1661,,
DTXSID8044753,1661,9.333818265017393e-14,0.0
DTXSID8044755,1661,0.0,0.0
DTXSID8044757,1661,0.0,0.0
DTXSID8044759,1661,0.0,0.0
DTXSID8044830,1661,0.0,0.0
DTXSID8044832,1661,0.0,0.0
DTXSID8044834,1661,0.0,0.0
DTXSID8044836,1661,3.168033954709627e-05,0.0
DTXSID8044880,1661,0.0,0.0
DTXSID8044882,1661,0.0,0.0
DTXSID8044884,1661,0.0,0.0
DTXSID8044886,1661,1.976247331608249e-06,0.0
DTXSID8044888,1661,0.0,0.0
DTXSID8044911,1661,0.0,0.0
DTXSID8044913,1661,0.9742421242543385,1.0
DTXSID8044915,1661,,
DTXSID8044919,1661,0.0,0.0
DTXSID8044961,1661,0.0,0.0
DTXSID8044963,1661,,
DTXSID8044967,1661,0.0,0.0
DTXSID8045141,1661,0.0,0.0
DTXSID8045145,1661,3.49534993066353e-14,0.0
DTXSID8045147,1661,,
DTXSID8045149,1661,0.0,0.0
DTXSID8045191,1661,5.005610150280189e-07,0.0
DTXSID8045193,1661,3.2754433469234046e-12,0.0
DTXSID8045195,1661,0.0,0.0
DTXSID8045220,1661,,
DTXSID8045224,1661,0.0,0.0
DTXSID8045228,1661,0.0,0.0
DTXSID8045307,1661,0.5227359927448827,0.0
DTXSID8045351,1661,0.0,0.0
DTXSID8045357,1661,0.0,0.0
DTXSID8045359,1661,0.7477570342960674,0.0
DTXSID8045434,1661,0.0,0.0
DTXSID8045480,1661,0.0,0.0
DTXSID8045484,1661,,
DTXSID8045486,1661,0.0,0.0
DTXSID8045488,1661,0.0,0.0
DTXSID8045511,1661,0.0,0.0
DTXSID8045513,1661,0.0,0.0
DTXSID8045515,1661,0.0,0.0
DTXSID8045519,1661,0.0,0.0
DTXSID8045565,1661,,
DTXSID8045567,1661,0.0,0.0
DTXSID8045640,1661,0.0,0.0
DTXSID8045642,1661,1.9543333538860192e-16,0.0
DTXSID8045646,1661,0.0,0.0
DTXSID8045648,1661,,
DTXSID8045690,1661,0.0,0.0
DTXSID8045692,1661,,
DTXSID8045698,1661,,
DTXSID8045771,1661,5.0502132419352624e-11,0.0
DTXSID8045777,1661,1.974744275049278e-16,0.0
DTXSID8045779,1661,0.0,0.0
DTXSID8045802,1661,5.902743253993175e-08,0.0
DTXSID8045804,1661,0.05651578544856162,0.0
DTXSID8045806,1661,0.1130071774761622,0.0
DTXSID8045850,1661,0.0,0.0
DTXSID8045852,1661,0.0,0.0
DTXSID8045854,1661,4.4002799731506415e-06,0.0
DTXSID8045933,1661,,
DTXSID8045935,1661,0.0,0.0
DTXSID8045937,1661,0.0,0.0
DTXSID8045939,1661,0.0,0.0
DTXSID8045983,1661,0.0,0.0
DTXSID8045985,1661,0.0,0.0
DTXSID8045987,1661,0.0,0.0
DTXSID8045989,1661,0.0,0.0
DTXSID8046030,1661,0.0,0.0
DTXSID8046034,1661,0.0,0.0
DTXSID8046038,1661,0.0,0.0
DTXSID8046086,1661,0.0,0.0
DTXSID8046088,1661,0.9779161329664301,1.0
DTXSID8046113,1661,1.2310893937880315e-09,0.0
DTXSID8046117,1661,0.0,0.0
DTXSID8046119,1661,0.0,0.0
DTXSID8046161,1661,0.0,0.0
DTXSID8046163,1661,0.0,0.0
DTXSID8046242,1661,,
DTXSID8046244,1661,,
DTXSID8046294,1661,4.984667399065666e-06,0.0
DTXSID8046296,1661,5.932134853646893e-07,0.0
DTXSID8046321,1661,0.0,0.0
DTXSID8046400,1661,0.67604317077259,0.0
DTXSID8046402,1661,1.2618191462946873e-12,0.0
DTXSID8046404,1661,0.0,0.0
DTXSID8046406,1661,,
DTXSID8046450,1661,,
DTXSID8046454,1661,0.0002526860890067123,0.0
DTXSID8046456,1661,0.9548451982296269,1.0
DTXSID8046458,1661,2.2636727893160498e-05,0.0
DTXSID8046531,1661,0.0,0.0
DTXSID8046535,1661,0.0,0.0
DTXSID8046539,1661,0.0,0.0
DTXSID8046585,1661,0.0,0.0
DTXSID8046589,1661,0.21685306768033347,0.0
DTXSID8046610,1661,0.0,0.0
DTXSID8046662,1661,0.07407990798093948,0.0
DTXSID8046664,1661,0.0,0.0
DTXSID8046743,1661,8.36064679497183e-09,0.0
DTXSID8046799,1661,0.0,0.0
DTXSID8046820,1661,0.00016742652946355447,0.0
DTXSID8046828,1661,0.0,0.0
DTXSID8046903,1661,0.9999981418456834,1.0
DTXSID8046951,1661,0.29947906515321265,0.0
DTXSID8047000,1661,0.0,0.0
DTXSID8047006,1661,3.111338276022222e-14,0.0
DTXSID8047050,1661,8.125408108039228e-08,0.0
DTXSID8047052,1661,7.616361016766391e-05,0.0
DTXSID8047056,1661,0.0,0.0
DTXSID8047058,1661,2.847194445214875e-07,0.0
DTXSID8047131,1661,0.0,0.0
DTXSID8047133,1661,0.0,0.0
DTXSID8047135,1661,0.0,0.0
DTXSID8047137,1661,0.0,0.0
DTXSID8047139,1661,6.262424341674094e-15,0.0
DTXSID8047183,1661,,
DTXSID8047185,1661,0.0,0.0
DTXSID8047187,1661,0.0,0.0
DTXSID8047189,1661,0.0,0.0
DTXSID8047218,1661,0.0,0.0
DTXSID8047262,1661,1.141736190858793e-13,0.0
DTXSID8047264,1661,,
DTXSID8047266,1661,4.188123429730296e-09,0.0
DTXSID8047268,1661,0.9983749792820726,1.0
DTXSID8047341,1661,9.52797544375689e-14,0.0
DTXSID8047347,1661,0.001721599544207827,0.0
DTXSID8047349,1661,0.612924726742708,0.0
DTXSID8047391,1661,3.7846899266697634e-06,0.0
DTXSID8047395,1661,0.0,0.0
DTXSID8047397,1661,0.0,0.0
DTXSID8047399,1661,0.0,0.0
DTXSID8047420,1661,0.0,0.0
DTXSID8047422,1661,4.538326461929031e-16,0.0
DTXSID8047424,1661,0.0,0.0
DTXSID8047426,1661,0.0,0.0
DTXSID8047428,1661,3.9274535684185304e-09,0.0
DTXSID8047470,1661,0.0,0.0
DTXSID8047472,1661,0.0,0.0
DTXSID8047474,1661,0.0,0.0
DTXSID8047476,1661,0.9999835995844366,1.0
DTXSID8047501,1661,0.0,0.0
DTXSID8047505,1661,8.760025522490138e-05,0.0
DTXSID8047551,1661,0.0,0.0
DTXSID8047553,1661,2.1658788124682383e-13,0.0
DTXSID8047559,1661,0.0,0.0
DTXSID8047630,1661,5.869777734728026e-16,0.0
DTXSID8047636,1661,0.0,0.0
DTXSID8047680,1661,0.0,0.0
DTXSID8047682,1661,0.0,0.0
DTXSID8047684,1661,0.0,0.0
DTXSID8047686,1661,1.6563292458380932e-06,0.0
DTXSID8047711,1661,7.796553669471779e-06,0.0
DTXSID8047713,1661,0.0,0.0
DTXSID8047717,1661,0.0,0.0
DTXSID8047769,1661,8.521829464469466e-14,0.0
DTXSID8047840,1661,0.0,0.0
DTXSID8047842,1661,0.0,0.0
DTXSID8047844,1661,0.0,0.0
DTXSID8047846,1661,0.0,0.0
DTXSID8047848,1661,0.0,0.0
DTXSID8047890,1661,0.9896721167093371,1.0
DTXSID8047892,1661,0.0,0.0
DTXSID8047894,1661,0.0,0.0
DTXSID8047896,1661,0.0,0.0
DTXSID8047898,1661,0.0,0.0
DTXSID8047921,1661,0.0,0.0
DTXSID8047923,1661,0.9999997216928482,1.0
DTXSID8047925,1661,7.842046635643396e-06,0.0
DTXSID8047927,1661,8.466172026697869e-11,0.0
DTXSID8047929,1661,0.0,0.0
DTXSID8047971,1661,6.902949854103249e-09,0.0
DTXSID8047973,1661,0.9985391031785971,1.0
DTXSID8048494,1661,0.0,0.0
DTXSID8048521,1661,0.0,0.0
DTXSID8048600,1661,0.0,0.0
DTXSID8048606,1661,4.671308038314146e-10,0.0
DTXSID8048608,1661,0.0,0.0
DTXSID8048650,1661,,
DTXSID8048656,1661,6.077375748475609e-08,0.0
DTXSID8048733,1661,0.03246475692815745,0.0
DTXSID8048735,1661,0.0,0.0
DTXSID8048737,1661,6.896799928344558e-14,0.0
DTXSID8048739,1661,0.0,0.0
DTXSID8048781,1661,0.0,0.0
DTXSID8048783,1661,0.0,0.0
DTXSID8048785,1661,0.0,0.0
DTXSID8048787,1661,0.0,0.0
DTXSID8048789,1661,4.41181529486207e-13,0.0
DTXSID8048810,1661,0.0,0.0
DTXSID8048812,1661,0.32738705495448045,0.0
DTXSID8048814,1661,1.0197188192170745e-07,0.0
DTXSID8048818,1661,0.0,0.0
DTXSID8048860,1661,0.0,0.0
DTXSID8048866,1661,0.0,0.0
DTXSID8048868,1661,5.799441222234442e-09,0.0
DTXSID8048941,1661,0.0,0.0
DTXSID8048943,1661,0.9964819686874643,1.0
DTXSID8048945,1661,0.9999233328576634,1.0
DTXSID8048947,1661,0.0534543987005556,0.0
DTXSID8048999,1661,0.0,0.0
DTXSID8049040,1661,0.0,0.0
DTXSID8049042,1661,0.0,0.0
DTXSID8049044,1661,0.0,0.0
DTXSID8049046,1661,2.3529321751840893e-11,0.0
DTXSID8049048,1661,3.169503094942079e-05,0.0
DTXSID8049200,1661,0.0,0.0
DTXSID8049202,1661,7.90698576505777e-10,0.0
DTXSID8049204,1661,0.0,0.0
DTXSID8049206,1661,0.0,0.0
DTXSID8049208,1661,1.4539705574782978e-15,0.0
DTXSID8049250,1661,0.999999999903804,1.0
DTXSID8049252,1661,3.6066686029356974e-10,0.0
DTXSID8049254,1661,0.9999999999996618,1.0
DTXSID8049256,1661,0.0,0.0
DTXSID8049258,1661,0.0,0.0
DTXSID8049331,1661,0.0,0.0
DTXSID8049333,1661,1.9992481734337562e-08,0.0
DTXSID8049335,1661,1.1814144522487959e-11,0.0
DTXSID8049337,1661,0.0,0.0
DTXSID8049339,1661,0.0,0.0
DTXSID8049381,1661,7.019587598278783e-18,0.0
DTXSID8049383,1661,0.0,0.0
DTXSID8049385,1661,0.0,0.0
DTXSID8049387,1661,0.0,0.0
DTXSID8049389,1661,1.1713133975410532e-06,0.0
DTXSID8049410,1661,0.0,0.0
DTXSID8049412,1661,0.9999483756630287,1.0
DTXSID8049414,1661,0.0,0.0
DTXSID8049416,1661,0.9968146651377189,1.0
DTXSID8049418,1661,,
DTXSID8049460,1661,0.0,0.0
DTXSID8049462,1661,0.0,0.0
DTXSID8049464,1661,5.2481109334821215e-08,0.0
DTXSID8049466,1661,0.0,0.0
DTXSID8049468,1661,0.0,0.0
DTXSID8049541,1661,0.0,0.0
DTXSID8049543,1661,0.0,0.0
DTXSID8049545,1661,0.007755106121159111,0.0
DTXSID8049547,1661,0.0,0.0
DTXSID8049549,1661,0.0017061772389486028,0.0
DTXSID8051540,1661,0.0,0.0
DTXSID8051542,1661,0.0,0.0
DTXSID8051544,1661,0.0,0.0
DTXSID8051629,1661,0.0,0.0
DTXSID8051704,1661,0.0,0.0
DTXSID8051708,1661,0.0,0.0
DTXSID8051754,1661,0.0,0.0
DTXSID8051914,1661,1.5813660250576302e-11,0.0
DTXSID8052198,1661,0.0,0.0
DTXSID8052300,1661,0.0,0.0
DTXSID8052308,1661,0.0,0.0
DTXSID8052641,1661,0.0,0.0
DTXSID8052724,1661,0.0,0.0
DTXSID8057641,1661,0.14087627741306166,0.0
DTXSID8057643,1661,0.07402549197341174,0.0
DTXSID8057645,1661,0.9999999245628525,1.0
DTXSID8057647,1661,0.0,0.0
DTXSID8057649,1661,0.0,0.0
DTXSID8057691,1661,0.0,0.0
DTXSID8057693,1661,,
DTXSID8057695,1661,2.8123884586129745e-14,0.0
DTXSID8057697,1661,0.0,0.0
DTXSID8057699,1661,1.985422574945327e-06,0.0
DTXSID8057720,1661,0.0,0.0
DTXSID8057722,1661,0.0,0.0
DTXSID8057724,1661,1.0684973170857024e-17,0.0
DTXSID8057726,1661,0.0,0.0
DTXSID8057728,1661,0.0,0.0
DTXSID8057770,1661,0.0,0.0
DTXSID8057772,1661,,
DTXSID8057774,1661,0.0,0.0
DTXSID8057776,1661,0.0,0.0
DTXSID8057778,1661,,
DTXSID8057801,1661,0.0,0.0
DTXSID8057803,1661,0.0,0.0
DTXSID8057805,1661,0.20071520417635266,0.0
DTXSID8057807,1661,0.0,0.0
DTXSID8057809,1661,0.9729544366307215,1.0
DTXSID8057851,1661,1.4527281451362887e-10,0.0
DTXSID8057853,1661,0.0,0.0
DTXSID8057855,1661,0.0,0.0
DTXSID8057857,1661,0.49884620356622156,0.0
DTXSID9020031,1661,1.0,1.0
DTXSID9020081,1661,1.375560586538886e-10,0.0
DTXSID9020083,1661,4.524725528862748e-13,0.0
DTXSID9020087,1661,0.0,0.0
DTXSID9020089,1661,0.0,0.0
DTXSID9020110,1661,0.9999996785403683,1.0
DTXSID9020112,1661,0.0,0.0
DTXSID9020114,1661,0.9887074061251162,1.0
DTXSID9020116,1661,0.999999999999923,1.0
DTXSID9020118,1661,0.0,0.0
DTXSID9020160,1661,0.8831544284891162,0.0
DTXSID9020164,1661,0.0,0.0
DTXSID9020166,1661,0.9999999998973255,1.0
DTXSID9020168,1661,1.5861304599770053e-12,0.0
DTXSID9020241,1661,0.005422458311184476,0.0
DTXSID9020243,1661,0.999999999294615,1.0
DTXSID9020245,1661,0.0,0.0
DTXSID9020247,1661,0.059153881338490054,0.0
DTXSID9020249,1661,7.211189410724681e-17,0.0
DTXSID9020293,1661,0.9881402468647025,1.0
DTXSID9020295,1661,0.0,0.0
DTXSID9020299,1661,0.8508181831802017,0.0
DTXSID9020322,1661,8.275374709441378e-17,0.0
DTXSID9020326,1661,0.0,0.0
DTXSID9020328,1661,,
DTXSID9020370,1661,0.0,0.0
DTXSID9020372,1661,0.8719780933191301,0.0
DTXSID9020374,1661,0.7872789898812412,0.0
DTXSID9020376,1661,0.0,0.0
DTXSID9020378,1661,0.0,0.0
DTXSID9020401,1661,0.0,0.0
DTXSID9020407,1661,3.415714650523671e-13,0.0
DTXSID9020409,1661,,
DTXSID9020451,1661,0.9906286664868721,1.0
DTXSID9020453,1661,0.8265075935805145,0.0
DTXSID9020459,1661,0.0,0.0
DTXSID9020538,1661,,
DTXSID9020580,1661,0.0,0.0
DTXSID9020582,1661,0.0,0.0
DTXSID9020584,1661,0.0,0.0
DTXSID9020615,1661,1.2766727176459253e-14,0.0
DTXSID9020617,1661,0.0,0.0
DTXSID9020663,1661,0.0,0.0
DTXSID9020667,1661,0.0,0.0
DTXSID9020669,1661,0.0,0.0
DTXSID9020740,1661,0.0010509164611155468,0.0
DTXSID9020742,1661,8.223370628625664e-06,0.0
DTXSID9020790,1661,6.468080906498477e-12,0.0
DTXSID9020792,1661,0.0,0.0
DTXSID9020794,1661,0.0012201183482472716,0.0
DTXSID9020796,1661,0.9502475788797001,1.0
DTXSID9020825,1661,,
DTXSID9020827,1661,0.0008537012489107928,0.0
DTXSID9020829,1661,0.0,0.0
DTXSID9020875,1661,0.0,0.0
DTXSID9020877,1661,0.0,0.0
DTXSID9020902,1661,5.630678161822291e-13,0.0
DTXSID9020956,1661,0.0,0.0
DTXSID9020958,1661,0.9757113799614545,1.0
DTXSID9021053,1661,0.0,0.0
DTXSID9021059,1661,0.005230209706655618,0.0
DTXSID9021130,1661,0.00015526054766130774,0.0
DTXSID9021132,1661,0.0005990951775633,0.0
DTXSID9021134,1661,0.0,0.0
DTXSID9021136,1661,1.9181194471184215e-15,0.0
DTXSID9021138,1661,,
DTXSID9021182,1661,0.0,0.0
DTXSID9021184,1661,0.0,0.0
DTXSID9021188,1661,9.49012748797908e-15,0.0
DTXSID9021215,1661,0.0,0.0
DTXSID9021217,1661,5.538545595271743e-09,0.0
DTXSID9021219,1661,0.014433783145961065,0.0
DTXSID9021267,1661,1.6658172164134164e-06,0.0
DTXSID9021340,1661,0.0,0.0
DTXSID9021342,1661,0.9999999989398769,1.0
DTXSID9021344,1661,0.0,0.0
DTXSID9021346,1661,0.9942255152960605,1.0
DTXSID9021348,1661,0.0,0.0
DTXSID9021390,1661,0.0,0.0
DTXSID9021392,1661,0.0,0.0
DTXSID9021396,1661,,
DTXSID9021398,1661,0.0,0.0
DTXSID9021427,1661,1.8292052401486943e-13,0.0
DTXSID9021477,1661,1.7648361499254816e-13,0.0
DTXSID9021479,1661,0.0036282548444403627,0.0
DTXSID9021550,1661,0.0,0.0
DTXSID9021552,1661,0.0,0.0
DTXSID9021554,1661,4.991350223754969e-09,0.0
DTXSID9021631,1661,5.1074990493340796e-15,0.0
DTXSID9021633,1661,4.783608918130964e-08,0.0
DTXSID9021635,1661,0.0,0.0
DTXSID9021637,1661,0.4546568021994361,0.0
DTXSID9021639,1661,0.0,0.0
DTXSID9021683,1661,,
DTXSID9021685,1661,0.0,0.0
DTXSID9021689,1661,0.0,0.0
DTXSID9021710,1661,0.0,0.0
DTXSID9021716,1661,0.9870033721319693,1.0
DTXSID9021718,1661,0.0,0.0
DTXSID9021762,1661,0.0,0.0
DTXSID9021764,1661,0.0,0.0
DTXSID9021841,1661,0.0,0.0
DTXSID9021843,1661,0.0,0.0
DTXSID9021847,1661,0.0,0.0
DTXSID9021897,1661,0.0,0.0
DTXSID9021899,1661,0.0,0.0
DTXSID9021922,1661,0.0,0.0
DTXSID9021924,1661,1.2210379341270305e-07,0.0
DTXSID9021928,1661,0.0,0.0
DTXSID9021974,1661,0.0,0.0
DTXSID9021976,1661,0.0,0.0
DTXSID9021978,1661,0.0,0.0
DTXSID9022027,1661,0.0,0.0
DTXSID9022079,1661,0.9907165950054214,1.0
DTXSID9022100,1661,0.0,0.0
DTXSID9022104,1661,0.0,0.0
DTXSID9022310,1661,,
DTXSID9022312,1661,0.0,0.0
DTXSID9022360,1661,0.9765259513183776,1.0
DTXSID9022364,1661,0.9857519585003547,1.0
DTXSID9022366,1661,2.0649596382712774e-10,0.0
DTXSID9022445,1661,,
DTXSID9022520,1661,0.0,0.0
DTXSID9022522,1661,1.3122948602405849e-12,0.0
DTXSID9022524,1661,0.0,0.0
DTXSID9022526,1661,,
DTXSID9022528,1661,0.0,0.0
DTXSID9022576,1661,0.00039759239777148827,0.0
DTXSID9022601,1661,4.983646442487115e-06,0.0
DTXSID9022603,1661,,
DTXSID9022607,1661,0.0,0.0
DTXSID9022609,1661,0.0,0.0
DTXSID9022655,1661,4.7581644432702026e-07,0.0
DTXSID9022657,1661,0.0,0.0
DTXSID9022730,1661,0.0,0.0
DTXSID9022734,1661,2.417810471322744e-09,0.0
DTXSID9022736,1661,0.0,0.0
DTXSID9022738,1661,0.0,0.0
DTXSID9022780,1661,0.0,0.0
DTXSID9022813,1661,0.0,0.0
DTXSID9022817,1661,0.04738074526893743,0.0
DTXSID9022940,1661,5.149155690461487e-11,0.0
DTXSID9022944,1661,1.1210444498138956e-17,0.0
DTXSID9022948,1661,0.0,0.0
DTXSID9022994,1661,0.0,0.0
DTXSID9023041,1661,3.4210736857361263e-15,0.0
DTXSID9023043,1661,,
DTXSID9023095,1661,0.0,0.0
DTXSID9023122,1661,1.1543980617345948e-09,0.0
DTXSID9023128,1661,0.0,0.0
DTXSID9023170,1661,,
DTXSID9023174,1661,0.0,0.0
DTXSID9023201,1661,,
DTXSID9023205,1661,2.0484081287872933e-16,0.0
DTXSID9023255,1661,0.0,0.0
DTXSID9023380,1661,0.8611863838882694,0.0
DTXSID9023386,1661,0.0,0.0
DTXSID9023388,1661,8.155752416164439e-17,0.0
DTXSID9023411,1661,0.0,0.0
DTXSID9023419,1661,0.0,0.0
DTXSID9023540,1661,0.0,0.0
DTXSID9023542,1661,1.094176653219751e-06,0.0
DTXSID9023546,1661,0.0,0.0
DTXSID9023548,1661,0.0,0.0
DTXSID9023590,1661,0.0,0.0
DTXSID9023621,1661,1.0300483979681523e-10,0.0
DTXSID9023677,1661,0.0,0.0
DTXSID9023679,1661,0.0,0.0
DTXSID9023702,1661,0.0,0.0
DTXSID9023706,1661,0.0010232378130637526,0.0
DTXSID9023752,1661,0.0,0.0
DTXSID9023756,1661,0.3218913348984839,0.0
DTXSID9023833,1661,2.4503228870190812e-17,0.0
DTXSID9023835,1661,0.9959690067196583,1.0
DTXSID9023837,1661,0.0,0.0
DTXSID9023881,1661,,
DTXSID9023883,1661,0.0,0.0
DTXSID9023889,1661,8.985275554533484e-09,0.0
DTXSID9023914,1661,0.0,0.0
DTXSID9023966,1661,0.0,0.0
DTXSID9024015,1661,5.294300278742496e-13,0.0
DTXSID9024063,1661,0.0,0.0
DTXSID9024065,1661,0.0,0.0
DTXSID9024194,1661,0.0,0.0
DTXSID9024300,1661,0.9977308676990524,1.0
DTXSID9024304,1661,4.666078015600505e-13,0.0
DTXSID9024431,1661,0.0,0.0
DTXSID9024437,1661,2.50930809640517e-11,0.0
DTXSID9024481,1661,,
DTXSID9024483,1661,0.9993311568888456,1.0
DTXSID9024485,1661,,
DTXSID9024487,1661,0.0,0.0
DTXSID9024489,1661,0.0,0.0
DTXSID9024512,1661,1.3909583454090555e-12,0.0
DTXSID9024568,1661,0.0,0.0
DTXSID9024641,1661,0.0,0.0
DTXSID9024691,1661,0.0,0.0
DTXSID9024699,1661,4.814155820902633e-10,0.0
DTXSID9024724,1661,0.0,0.0
DTXSID9024726,1661,2.2258207508909335e-11,0.0
DTXSID9024770,1661,0.0,0.0
DTXSID9024772,1661,0.0,0.0
DTXSID9024774,1661,0.0,0.0
DTXSID9024809,1661,0.0,0.0
DTXSID9024853,1661,0.0,0.0
DTXSID9024855,1661,0.0,0.0
DTXSID9024930,1661,,
DTXSID9024934,1661,0.0,0.0
DTXSID9024980,1661,3.1433185537846055e-09,0.0
DTXSID9024986,1661,0.0,0.0
DTXSID9025035,1661,0.0,0.0
DTXSID9025037,1661,0.0,0.0
DTXSID9025085,1661,2.293637696073177e-11,0.0
DTXSID9025087,1661,6.090785715553074e-07,0.0
DTXSID9025110,1661,0.0,0.0
DTXSID9025112,1661,0.0,0.0
DTXSID9025114,1661,0.9848955465610786,1.0
DTXSID9025164,1661,0.0,0.0
DTXSID9025166,1661,0.0,0.0
DTXSID9025243,1661,0.0,0.0
DTXSID9025245,1661,0.0,0.0
DTXSID9025249,1661,0.0,0.0
DTXSID9025291,1661,0.0,0.0
DTXSID9025293,1661,0.0,0.0
DTXSID9025297,1661,3.0889998335083964e-18,0.0
DTXSID9025299,1661,0.6453900206204937,0.0
DTXSID9025326,1661,1.272625297225292e-12,0.0
DTXSID9025328,1661,0.0,0.0
DTXSID9025370,1661,0.0,0.0
DTXSID9025401,1661,0.9999906476994023,1.0
DTXSID9025403,1661,3.4288229332993737e-12,0.0
DTXSID9025409,1661,4.172320067419114e-13,0.0
DTXSID9025451,1661,2.8244090100139692e-14,0.0
DTXSID9025453,1661,2.322925875678481e-16,0.0
DTXSID9025455,1661,0.0,0.0
DTXSID9025534,1661,0.0,0.0
DTXSID9025536,1661,1.1384601418217645e-13,0.0
DTXSID9025538,1661,0.10698688065618013,0.0
DTXSID9025580,1661,0.0,0.0
DTXSID9025588,1661,0.0,0.0
DTXSID9025611,1661,0.0,0.0
DTXSID9025617,1661,0.0,0.0
DTXSID9025661,1661,1.6517642358277342e-08,0.0
DTXSID9025665,1661,0.0,0.0
DTXSID9025740,1661,0.0,0.0
DTXSID9025742,1661,0.0,0.0
DTXSID9025744,1661,0.9999999994788266,1.0
DTXSID9025746,1661,0.0,0.0
DTXSID9025794,1661,0.0,0.0
DTXSID9025796,1661,0.0,0.0
DTXSID9025825,1661,0.9822761382282627,1.0
DTXSID9025873,1661,0.0,0.0
DTXSID9025879,1661,0.0,0.0
DTXSID9026051,1661,0.0,0.0
DTXSID9026059,1661,,
DTXSID9026130,1661,0.0,0.0
DTXSID9026132,1661,0.0,0.0
DTXSID9026219,1661,,
DTXSID9026261,1661,0.6239924150131086,0.0
DTXSID9026265,1661,0.0,0.0
DTXSID9026267,1661,7.834748991951862e-07,0.0
DTXSID9026342,1661,0.0,0.0
DTXSID9026423,1661,0.0,0.0
DTXSID9026500,1661,0.0,0.0
DTXSID9026558,1661,5.086470174085651e-16,0.0
DTXSID9026631,1661,0.0,0.0
DTXSID9026633,1661,0.0,0.0
DTXSID9026689,1661,0.0,0.0
DTXSID9026710,1661,0.0,0.0
DTXSID9026712,1661,0.0,0.0
DTXSID9026714,1661,,
DTXSID9026716,1661,0.0,0.0
DTXSID9026718,1661,1.093051067727009e-13,0.0
DTXSID9026766,1661,3.515153337062399e-13,0.0
DTXSID9026841,1661,,
DTXSID9026849,1661,0.0,0.0
DTXSID9026899,1661,3.0772757205369464e-19,0.0
DTXSID9026922,1661,6.629796405853296e-11,0.0
DTXSID9026924,1661,0.0,0.0
DTXSID9026926,1661,0.0,0.0
DTXSID9026974,1661,0.9709088914880252,1.0
DTXSID9027021,1661,4.0006520155192445e-15,0.0
DTXSID9027104,1661,0.0,0.0
DTXSID9027158,1661,0.0,0.0
DTXSID9027233,1661,0.0,0.0
DTXSID9027239,1661,0.03740140590114164,0.0
DTXSID9027281,1661,0.0,0.0
DTXSID9027310,1661,,
DTXSID9027312,1661,6.935999864599141e-13,0.0
DTXSID9027314,1661,0.0,0.0
DTXSID9027360,1661,0.0,0.0
DTXSID9027364,1661,0.0,0.0
DTXSID9027368,1661,,
DTXSID9027441,1661,5.0735795756676073e-11,0.0
DTXSID9027443,1661,0.0,0.0
DTXSID9027449,1661,0.0,0.0
DTXSID9027520,1661,1.3444783546330138e-14,0.0
DTXSID9027522,1661,0.9896341078414813,1.0
DTXSID9027528,1661,6.38037641225213e-08,0.0
DTXSID9027570,1661,,
DTXSID9027603,1661,5.515867025877683e-16,0.0
DTXSID9027653,1661,0.9999999894660594,1.0
DTXSID9027738,1661,0.0,0.0
DTXSID9027863,1661,0.0,0.0
DTXSID9027948,1661,9.522735070106648e-12,0.0
DTXSID9028120,1661,0.0,0.0
DTXSID9029017,1661,0.0,0.0
DTXSID9029061,1661,0.0,0.0
DTXSID9029146,1661,0.0,0.0
DTXSID9029192,1661,0.0,0.0
DTXSID9029194,1661,0.0,0.0
DTXSID9029221,1661,0.0,0.0
DTXSID9029223,1661,3.946012103226707e-12,0.0
DTXSID9029225,1661,1.0214832619532651e-11,0.0
DTXSID9029275,1661,0.0,0.0
DTXSID9029277,1661,0.005101580687651961,0.0
DTXSID9029279,1661,0.0,0.0
DTXSID9029300,1661,1.002777903459886e-13,0.0
DTXSID9029302,1661,0.0,0.0
DTXSID9029304,1661,0.0,0.0
DTXSID9029649,1661,0.0,0.0
DTXSID9029691,1661,,
DTXSID9029695,1661,2.0690917407680488e-07,0.0
DTXSID9030048,1661,0.02811114678581871,0.0
DTXSID9030258,1661,0.0,0.0
DTXSID9030707,1661,0.9999996777185931,1.0
DTXSID9031800,1661,2.9002774441676567e-05,0.0
DTXSID9032113,1661,0.04823956398675016,0.0
DTXSID9032327,1661,2.9883038684162223e-09,0.0
DTXSID9032329,1661,0.9675367792823945,1.0
DTXSID9032375,1661,0.0,0.0
DTXSID9032379,1661,0.8726526103542145,0.0
DTXSID9032406,1661,0.0,0.0
DTXSID9032531,1661,0.00015222939321740296,0.0
DTXSID9032533,1661,0.9999999999999755,1.0
DTXSID9032535,1661,0.0,0.0
DTXSID9032537,1661,0.999943913008031,1.0
DTXSID9032581,1661,0.9999998293765594,1.0
DTXSID9032589,1661,0.7732817247891838,0.0
DTXSID9032610,1661,1.6727805222636632e-13,0.0
DTXSID9032614,1661,5.2778089319553325e-09,0.0
DTXSID9032878,1661,0.0,0.0
DTXSID9033008,1661,0.0,0.0
DTXSID9033058,1661,0.0,0.0
DTXSID9033187,1661,0.9858965563889869,1.0
DTXSID9033264,1661,2.628620295967761e-15,0.0
DTXSID9033896,1661,0.9883450389783602,1.0
DTXSID9033923,1661,0.000357853558930565,0.0
DTXSID9033979,1661,2.5089257498073193e-14,0.0
DTXSID9034070,1661,0.0,0.0
DTXSID9034232,1661,0.0,0.0
DTXSID9034282,1661,8.671083885503386e-17,0.0
DTXSID9034286,1661,0.9774492113699929,1.0
DTXSID9034317,1661,0.9983903484754071,1.0
DTXSID9034361,1661,0.0,0.0
DTXSID9034365,1661,0.0,0.0
DTXSID9034490,1661,,
DTXSID9034492,1661,0.9971242358242459,1.0
DTXSID9034816,1661,0.0,0.0
DTXSID9034818,1661,0.0,0.0
DTXSID9034864,1661,0.0,0.0
DTXSID9034997,1661,0.9999999999990649,1.0
DTXSID9035175,1661,0.0,0.0
DTXSID9035204,1661,0.9999999999999892,1.0
DTXSID9035206,1661,0.0,0.0
DTXSID9035620,1661,0.0,0.0
DTXSID9035753,1661,0.0,0.0
DTXSID9036226,1661,0.0,0.0
DTXSID9036438,1661,0.0,0.0
DTXSID9036515,1661,0.8385339746883956,0.0
DTXSID9036646,1661,0.0,0.0
DTXSID9036690,1661,0.0,0.0
DTXSID9036933,1661,0.0,0.0
DTXSID9037038,1661,0.9879435242222231,1.0
DTXSID9037246,1661,0.0,0.0
DTXSID9037248,1661,,
DTXSID9037535,1661,0.0,0.0
DTXSID9037539,1661,0.03963538635146421,0.0
DTXSID9037612,1661,,
DTXSID9037616,1661,0.0,0.0
DTXSID9037741,1661,0.0,0.0
DTXSID9037745,1661,,
DTXSID9037749,1661,0.999182808284334,1.0
DTXSID9038686,1661,0.0,0.0
DTXSID9039232,1661,0.0,0.0
DTXSID9039238,1661,,
DTXSID9040001,1661,0.0,0.0
DTXSID9040130,1661,2.2623087221531777e-11,0.0
DTXSID9040134,1661,2.5424327501793245e-10,0.0
DTXSID9040215,1661,0.0,0.0
DTXSID9040265,1661,5.4617021374756964e-08,0.0
DTXSID9040269,1661,0.9999903699977566,1.0
DTXSID9040342,1661,0.0,0.0
DTXSID9040502,1661,2.0609372707378993e-12,0.0
DTXSID9040554,1661,,
DTXSID9040635,1661,0.0072318116855228706,0.0
DTXSID9040683,1661,0.9752971235818639,1.0
DTXSID9040685,1661,0.0,0.0
DTXSID9040687,1661,0.0,0.0
DTXSID9040710,1661,0.0,0.0
DTXSID9040712,1661,1.0,1.0
DTXSID9040714,1661,0.0,0.0
DTXSID9040716,1661,0.0,0.0
DTXSID9040718,1661,0.0,0.0
DTXSID9040760,1661,0.0001140151165807259,0.0
DTXSID9041075,1661,0.0,0.0
DTXSID9041152,1661,1.2644860184190454e-07,0.0
DTXSID9041233,1661,0.0,0.0
DTXSID9041237,1661,0.0,0.0
DTXSID9041289,1661,0.9911059802285974,1.0
DTXSID9041362,1661,2.4873328024531302e-14,0.0
DTXSID9041366,1661,0.0,0.0
DTXSID9041368,1661,,
DTXSID9041441,1661,0.0,0.0
DTXSID9041491,1661,0.0,0.0
DTXSID9041520,1661,0.0,0.0
DTXSID9041524,1661,0.989971936724508,1.0
DTXSID9041528,1661,0.0,0.0
DTXSID9041570,1661,0.0,0.0
DTXSID9041607,1661,0.0,0.0
DTXSID9041653,1661,0.0,0.0
DTXSID9041659,1661,5.806668423210268e-10,0.0
DTXSID9041813,1661,4.436767455893437e-10,0.0
DTXSID9041815,1661,0.0,0.0
DTXSID9041861,1661,0.0,0.0
DTXSID9042097,1661,0.0,0.0
DTXSID9042124,1661,0.9999999999999611,1.0
DTXSID9042170,1661,0.0,0.0
DTXSID9042203,1661,0.00024102504272729654,0.0
DTXSID9042209,1661,0.0,0.0
DTXSID9042259,1661,3.35225962824879e-09,0.0
DTXSID9042336,1661,0.0,0.0
DTXSID9042338,1661,3.4472796249735504e-12,0.0
DTXSID9042382,1661,5.280226661343088e-12,0.0
DTXSID9042415,1661,0.0,0.0
DTXSID9042592,1661,0.05044521048850152,0.0
DTXSID9042594,1661,3.2081090571751346e-06,0.0
DTXSID9043853,1661,0.0,0.0
DTXSID9043855,1661,0.0,0.0
DTXSID9043938,1661,,
DTXSID9044112,1661,0.001235631501183812,0.0
DTXSID9044164,1661,3.2173515558623596e-06,0.0
DTXSID9044241,1661,0.0,0.0
DTXSID9044247,1661,4.660619794741612e-11,0.0
DTXSID9044299,1661,0.0,0.0
DTXSID9044320,1661,0.0,0.0
DTXSID9044322,1661,0.39734298602924767,0.0
DTXSID9044370,1661,1.987499761570566e-12,0.0
DTXSID9044372,1661,0.0,0.0
DTXSID9044374,1661,0.0,0.0
DTXSID9044378,1661,0.0,0.0
DTXSID9044401,1661,0.0,0.0
DTXSID9044403,1661,0.0,0.0
DTXSID9044405,1661,2.7287238396911392e-09,0.0
DTXSID9044407,1661,0.0,0.0
DTXSID9044409,1661,3.253251840212698e-08,0.0
DTXSID9044451,1661,0.0,0.0
DTXSID9044455,1661,0.0,0.0
DTXSID9044457,1661,0.0,0.0
DTXSID9044459,1661,0.9999862673843453,1.0
DTXSID9044532,1661,0.0,0.0
DTXSID9044534,1661,0.0,0.0
DTXSID9044536,1661,,
DTXSID9044538,1661,0.016556948239430005,0.0
DTXSID9044580,1661,0.0,0.0
DTXSID9044582,1661,0.0,0.0
DTXSID9044584,1661,0.0,0.0
DTXSID9044588,1661,0.0,0.0
DTXSID9044611,1661,0.0,0.0
DTXSID9044613,1661,0.0,0.0
DTXSID9044615,1661,0.9996714692682022,1.0
DTXSID9044617,1661,0.0,0.0
DTXSID9044619,1661,0.0,0.0
DTXSID9044661,1661,0.0,0.0
DTXSID9044663,1661,2.5784444815484075e-11,0.0
DTXSID9044667,1661,0.0,0.0
DTXSID9044740,1661,1.188598897175297e-10,0.0
DTXSID9044742,1661,0.00027108172137789774,0.0
DTXSID9044744,1661,8.739377389160555e-15,0.0
DTXSID9044746,1661,0.0,0.0
DTXSID9044748,1661,0.0,0.0
DTXSID9044790,1661,0.0,0.0
DTXSID9044794,1661,,
DTXSID9044796,1661,1.0,1.0
DTXSID9044798,1661,0.9864798495572138,1.0
DTXSID9044821,1661,0.7116786487602372,0.0
DTXSID9044823,1661,0.0,0.0
DTXSID9044825,1661,0.0,0.0
DTXSID9044827,1661,0.0,0.0
DTXSID9044829,1661,0.0,0.0
DTXSID9044871,1661,0.0,0.0
DTXSID9044873,1661,0.0,0.0
DTXSID9044875,1661,0.0,0.0
DTXSID9044877,1661,0.0,0.0
DTXSID9044879,1661,,
DTXSID9044900,1661,1.005049278066071e-09,0.0
DTXSID9044902,1661,8.598971588401765e-08,0.0
DTXSID9044904,1661,0.0,0.0
DTXSID9044908,1661,0.0,0.0
DTXSID9044950,1661,0.979791938067846,1.0
DTXSID9044958,1661,0.0,0.0
DTXSID9045003,1661,0.0,0.0
DTXSID9045005,1661,7.387094624687155e-12,0.0
DTXSID9045007,1661,3.8293324254138036e-08,0.0
DTXSID9045053,1661,0.0,0.0
DTXSID9045132,1661,1.5750454704826486e-08,0.0
DTXSID9045136,1661,0.0027666637942125203,0.0
DTXSID9045138,1661,1.2268352303544617e-10,0.0
DTXSID9045182,1661,7.339403988152624e-11,0.0
DTXSID9045184,1661,0.020007262962634623,0.0
DTXSID9045188,1661,0.0,0.0
DTXSID9045215,1661,5.695989333704455e-06,0.0
DTXSID9045217,1661,0.0,0.0
DTXSID9045265,1661,0.0,0.0
DTXSID9045267,1661,0.0,0.0
DTXSID9045342,1661,0.0,0.0
DTXSID9045346,1661,0.0,0.0
DTXSID9045348,1661,1.0089643636111732e-05,0.0
DTXSID9045390,1661,0.0,0.0
DTXSID9045392,1661,0.0,0.0
DTXSID9045394,1661,0.0,0.0
DTXSID9045425,1661,4.847998355301743e-10,0.0
DTXSID9045429,1661,0.0,0.0
DTXSID9045500,1661,8.24948917327726e-11,0.0
DTXSID9045506,1661,0.0,0.0
DTXSID9045508,1661,7.909883353885926e-14,0.0
DTXSID9045556,1661,0.0,0.0
DTXSID9045558,1661,0.01145536355561218,0.0
DTXSID9045631,1661,0.9907360834495005,1.0
DTXSID9045633,1661,0.0,0.0
DTXSID9045635,1661,0.05211991281083134,0.0
DTXSID9045683,1661,0.0,0.0
DTXSID9045685,1661,0.0,0.0
DTXSID9045687,1661,0.0,0.0
DTXSID9045710,1661,0.0,0.0
DTXSID9045762,1661,6.876160378736772e-05,0.0
DTXSID9045768,1661,3.2223922759402664e-13,0.0
DTXSID9045843,1661,0.0,0.0
DTXSID9045845,1661,0.0,0.0
DTXSID9045847,1661,0.0,0.0
DTXSID9045849,1661,0.9815733445068417,1.0
DTXSID9045891,1661,,
DTXSID9045897,1661,1.3125051816381358e-06,0.0
DTXSID9045899,1661,0.0,0.0
DTXSID9045922,1661,1.7192230410275114e-07,0.0
DTXSID9046023,1661,0.0,0.0
DTXSID9046029,1661,0.5263617523588766,0.0
DTXSID9046071,1661,0.0,0.0
DTXSID9046073,1661,,
DTXSID9046100,1661,0.0,0.0
DTXSID9046104,1661,0.9999769193641648,1.0
DTXSID9046108,1661,0.0,0.0
DTXSID9046150,1661,0.0,0.0
DTXSID9046152,1661,3.5710392291689767e-10,0.0
DTXSID9046158,1661,5.809461842096302e-14,0.0
DTXSID9046233,1661,0.0,0.0
DTXSID9046235,1661,0.9975691238333801,1.0
DTXSID9046281,1661,0.0,0.0
DTXSID9046283,1661,3.944086729643835e-07,0.0
DTXSID9046285,1661,0.9816233823704154,1.0
DTXSID9046287,1661,0.0,0.0
DTXSID9046289,1661,0.0,0.0
DTXSID9046310,1661,0.9948243367121902,1.0
DTXSID9046318,1661,0.9987684234521951,1.0
DTXSID9046360,1661,0.0,0.0
DTXSID9046443,1661,0.2675362103009222,0.0
DTXSID9046445,1661,0.9999999949185495,1.0
DTXSID9046449,1661,0.003935293260724055,0.0
DTXSID9046491,1661,7.786155751074146e-17,0.0
DTXSID9046495,1661,0.0,0.0
DTXSID9046499,1661,2.92122682589707e-13,0.0
DTXSID9046526,1661,,
DTXSID9046570,1661,0.0,0.0
DTXSID9046572,1661,0.0,0.0
DTXSID9046576,1661,0.9999993943456739,1.0
DTXSID9046651,1661,,
DTXSID9046734,1661,,
DTXSID9046738,1661,,
DTXSID9046780,1661,1.5030080718236618e-06,0.0
DTXSID9046786,1661,0.0,0.0
DTXSID9046813,1661,0.0025132658974238724,0.0
DTXSID9046817,1661,0.0,0.0
DTXSID9046861,1661,1.7049237782987174e-11,0.0
DTXSID9046942,1661,0.00036206217286104543,0.0
DTXSID9046946,1661,0.0,0.0
DTXSID9046992,1661,0.9851675980255377,1.0
DTXSID9046994,1661,1.2605681703214638e-07,0.0
DTXSID9046998,1661,5.163024207585928e-08,0.0
DTXSID9047041,1661,0.0,0.0
DTXSID9047043,1661,0.0,0.0
DTXSID9047045,1661,0.0,0.0
DTXSID9047047,1661,,
DTXSID9047049,1661,0.0,0.0
DTXSID9047091,1661,,
DTXSID9047093,1661,0.0,0.0
DTXSID9047095,1661,0.0,0.0
DTXSID9047099,1661,2.43631999689771e-14,0.0
DTXSID9047120,1661,0.0,0.0
DTXSID9047124,1661,0.0,0.0
DTXSID9047126,1661,0.0,0.0
DTXSID9047128,1661,0.0,0.0
DTXSID9047174,1661,2.8833727090997314e-05,0.0
DTXSID9047176,1661,0.0,0.0
DTXSID9047178,1661,0.0,0.0
DTXSID9047201,1661,0.0,0.0
DTXSID9047203,1661,0.0,0.0
DTXSID9047205,1661,0.0,0.0
DTXSID9047251,1661,0.5440419380787599,0.0
DTXSID9047253,1661,0.8863254515954149,0.0
DTXSID9047255,1661,3.166546672028438e-14,0.0
DTXSID9047257,1661,0.9653365845617908,1.0
DTXSID9047259,1661,0.0,0.0
DTXSID9047330,1661,0.6547490760458382,0.0
DTXSID9047334,1661,0.719609224667995,0.0
DTXSID9047338,1661,,
DTXSID9047411,1661,,
DTXSID9047413,1661,0.0,0.0
DTXSID9047415,1661,0.0,0.0
DTXSID9047417,1661,0.0,0.0
DTXSID9047419,1661,1.3098596108350186e-17,0.0
DTXSID9047461,1661,5.600125424712021e-12,0.0
DTXSID9047463,1661,0.0,0.0
DTXSID9047465,1661,2.836181093338416e-13,0.0
DTXSID9047467,1661,0.0,0.0
DTXSID9047469,1661,6.868330970907973e-13,0.0
DTXSID9047540,1661,,
DTXSID9047542,1661,0.9999999979254048,1.0
DTXSID9047546,1661,0.0,0.0
DTXSID9047548,1661,0.0,0.0
DTXSID9047590,1661,,
DTXSID9047592,1661,0.9999975000229819,1.0
DTXSID9047594,1661,0.0,0.0
DTXSID9047598,1661,0.7748325815074254,0.0
DTXSID9047623,1661,0.0,0.0
DTXSID9047629,1661,,
DTXSID9047673,1661,0.0,0.0
DTXSID9047675,1661,0.0,0.0
DTXSID9047677,1661,0.0,0.0
DTXSID9047679,1661,0.0,0.0
DTXSID9047700,1661,0.0,0.0
DTXSID9047702,1661,6.155811685502864e-15,0.0
DTXSID9047704,1661,0.0,0.0
DTXSID9047706,1661,1.6915098076907672e-13,0.0
DTXSID9047708,1661,3.263308288519696e-14,0.0
DTXSID9047833,1661,0.0,0.0
DTXSID9047835,1661,2.549616532013293e-13,0.0
DTXSID9047837,1661,2.5791769793473627e-09,0.0
DTXSID9047839,1661,0.9987550731321349,1.0
DTXSID9047881,1661,0.0,0.0
DTXSID9047883,1661,0.9879056176367098,1.0
DTXSID9047885,1661,0.9297661799464557,1.0
DTXSID9047887,1661,,
DTXSID9047889,1661,0.9999999995097733,1.0
DTXSID9047910,1661,0.0,0.0
DTXSID9047912,1661,,
DTXSID9047914,1661,2.587319977042862e-10,0.0
DTXSID9047916,1661,0.9999374349637838,1.0
DTXSID9047918,1661,0.9999999698813247,1.0
DTXSID9047960,1661,0.0,0.0
DTXSID9047962,1661,0.0,0.0
DTXSID9047964,1661,2.129508821932168e-09,0.0
DTXSID9047966,1661,0.0,0.0
DTXSID9047968,1661,0.0,0.0
DTXSID9048190,1661,0.001697245918131566,0.0
DTXSID9048192,1661,0.0,0.0
DTXSID9048194,1661,,
DTXSID9048196,1661,1.963412385395797e-12,0.0
DTXSID9048198,1661,1.3112024896884312e-10,0.0
DTXSID9048510,1661,0.8092532229257388,0.0
DTXSID9048512,1661,0.996959014566014,1.0
DTXSID9048514,1661,0.0,0.0
DTXSID9048516,1661,0.0,0.0
DTXSID9048518,1661,1.3829923363270454e-09,0.0
DTXSID9048647,1661,0.0,0.0
DTXSID9048649,1661,0.0,0.0
DTXSID9048691,1661,0.0,0.0
DTXSID9048693,1661,0.0,0.0
DTXSID9048695,1661,,
DTXSID9048722,1661,3.0173685710470364e-12,0.0
DTXSID9048728,1661,2.8329773731044975e-07,0.0
DTXSID9048774,1661,0.0,0.0
DTXSID9048776,1661,0.022991738383098537,0.0
DTXSID9048778,1661,2.264642978753455e-07,0.0
DTXSID9048801,1661,0.28729768790364957,0.0
DTXSID9048803,1661,0.0,0.0
DTXSID9048805,1661,,
DTXSID9048807,1661,0.0,0.0
DTXSID9048809,1661,1.0555497154111668e-11,0.0
DTXSID9048851,1661,,
DTXSID9048853,1661,9.411716521785277e-15,0.0
DTXSID9048855,1661,0.0,0.0
DTXSID9048859,1661,8.413590244339068e-08,0.0
DTXSID9048930,1661,1.402366544297785e-10,0.0
DTXSID9048932,1661,0.0,0.0
DTXSID9048934,1661,7.71485333145441e-14,0.0
DTXSID9048936,1661,4.430318366444096e-07,0.0
DTXSID9048938,1661,0.0,0.0
DTXSID9048988,1661,0.0,0.0
DTXSID9049035,1661,4.177691279971416e-12,0.0
DTXSID9049037,1661,0.00450774400629113,0.0
DTXSID9049039,1661,0.0,0.0
DTXSID9049083,1661,0.0,0.0
DTXSID9049241,1661,0.0,0.0
DTXSID9049243,1661,,
DTXSID9049245,1661,0.0,0.0
DTXSID9049247,1661,1.3143176800004631e-06,0.0
DTXSID9049249,1661,0.0,0.0
DTXSID9049291,1661,0.0,0.0
DTXSID9049293,1661,0.0,0.0
DTXSID9049295,1661,0.0,0.0
DTXSID9049297,1661,0.9999999999649478,1.0
DTXSID9049299,1661,0.9999999921577998,1.0
DTXSID9049320,1661,3.0867980446969814e-09,0.0
DTXSID9049322,1661,0.0,0.0
DTXSID9049324,1661,0.0,0.0
DTXSID9049326,1661,0.0,0.0
DTXSID9049328,1661,9.750625236303572e-12,0.0
DTXSID9049370,1661,0.0,0.0
DTXSID9049372,1661,0.0,0.0
DTXSID9049374,1661,0.0,0.0
DTXSID9049376,1661,0.0,0.0
DTXSID9049378,1661,0.0,0.0
DTXSID9049401,1661,0.9999947568025296,1.0
DTXSID9049403,1661,3.072274161414164e-05,0.0
DTXSID9049405,1661,0.0,0.0
DTXSID9049407,1661,0.0,0.0
DTXSID9049409,1661,0.0,0.0
DTXSID9049451,1661,0.0,0.0
DTXSID9049453,1661,0.0,0.0
DTXSID9049455,1661,0.0,0.0
DTXSID9049457,1661,0.0,0.0
DTXSID9049459,1661,0.0,0.0
DTXSID9049530,1661,0.0,0.0
DTXSID9049532,1661,0.0,0.0
DTXSID9049534,1661,0.0,0.0
DTXSID9049536,1661,0.0,0.0
DTXSID9049538,1661,0.0,0.0
DTXSID9051454,1661,0.0,0.0
DTXSID9051581,1661,0.0,0.0
DTXSID9051618,1661,0.0,0.0
DTXSID9051662,1661,0.0,0.0
DTXSID9051824,1661,0.0,0.0
DTXSID9051907,1661,0.0,0.0
DTXSID9052505,1661,0.0,0.0
DTXSID9052509,1661,9.584839183160222e-12,0.0
DTXSID9057630,1661,,
DTXSID9057632,1661,0.0,0.0
DTXSID9057634,1661,0.0,0.0
DTXSID9057636,1661,,
DTXSID9057638,1661,0.9999999999999992,1.0
DTXSID9057680,1661,,
DTXSID9057682,1661,2.3535902992811327e-10,0.0
DTXSID9057684,1661,1.393295748849478e-14,0.0
DTXSID9057686,1661,0.0,0.0
DTXSID9057688,1661,1.14907055175946e-12,0.0
DTXSID9057711,1661,1.5470178951169847e-11,0.0
DTXSID9057713,1661,0.0,0.0
DTXSID9057715,1661,8.860895317655256e-07,0.0
DTXSID9057717,1661,0.0,0.0
DTXSID9057719,1661,0.0,0.0
DTXSID9057761,1661,1.847529379705835e-12,0.0
DTXSID9057763,1661,0.0,0.0
DTXSID9057765,1661,8.506371555034468e-13,0.0
DTXSID9057767,1661,0.0,0.0
DTXSID9057769,1661,0.0,0.0
DTXSID9057840,1661,7.01487267626757e-08,0.0
DTXSID9057842,1661,0.0,0.0
DTXSID9057844,1661,,
DTXSID9057846,1661,,
DTXSID9057848,1661,3.008949161523877e-07,0.0
DTXSID9057890,1661,0.0,0.0
DTXSID9057898,1661,0.8308475389652206,0.0
DTXSID9058654,1661,0.9999895418840521,1.0
